"Commodity-wise, Market-wise Daily Report (Weighted Average) on: 03-Sep-2026"

Market Center,Arrivals,Unit of Arrivals,Variety,Minimum Price,Maximum Price,Modal Price,Unit of Price,Grade
Commodity Group Name : Cereals
Maize (MSP: Rs. 2410.00/Quintal)
State/UT Name : Andhra Pradesh
Addanki APMC,0.1,Metric Tonnes,Local,2400.0,2420.0,2410.0,Rs./Quintal,FAQ
Allagadda APMC,1.0,Metric Tonnes,Local,2020.0,2190.0,2100.0,Rs./Quintal,FAQ
Banaganapalli APMC,0.1,Metric Tonnes,Local,2000.0,2400.0,2200.0,Rs./Quintal,FAQ
Bapatla APMC,0.1,Metric Tonnes,Local,2200.0,2400.0,2300.0,Rs./Quintal,Local
Bobbili APMC,1.0,Metric Tonnes,Local,4800.0,4800.0,4800.0,Rs./Quintal,FAQ
Chipurupalli APMC,0.05,Metric Tonnes,Local,4800.0,4800.0,4800.0,Rs./Quintal,FAQ
Durgi APMC,1.0,Metric Tonnes,Hybrid/Local,1800.0,2500.0,2200.0,Rs./Quintal,FAQ
Etcherla APMC,0.1,Metric Tonnes,Deshi White,2400.0,2400.0,2400.0,Rs./Quintal,Local
Gajapathinagaram APMC,0.1,Metric Tonnes,Local,2400.0,2400.0,2400.0,Rs./Quintal,Local
Gopalapuram APMC,1.0,Metric Tonnes,Local,2415.0,2415.0,2415.0,Rs./Quintal,Local
Gorantla  APMC,0.2,Metric Tonnes,Hybrid/Local,2100.0,2400.0,2300.0,Rs./Quintal,FAQ
Hiramandalam APMC,0.1,Metric Tonnes,Medium,2200.0,2200.0,2200.0,Rs./Quintal,Local
Jaggayyapeta APMC,0.1,Metric Tonnes,Local,2410.0,2410.0,2410.0,Rs./Quintal,Grade Range-1
Kanchekacherla APMC,0.1,Metric Tonnes,Hybrid,2400.0,2400.0,2400.0,Rs./Quintal,FAQ
Kuchinapudi APMC,1.0,Metric Tonnes,Local,2800.0,3000.0,2900.0,Rs./Quintal,Local
Kurnool APMC,1.2,Metric Tonnes,Local,2520.0,2520.0,2520.0,Rs./Quintal,FAQ
Kurupam APMC,0.02,Metric Tonnes,Local,2400.0,2400.0,2400.0,Rs./Quintal,Local
Mangalagiri APMC,0.1,Metric Tonnes,Fine,2480.0,2480.0,2480.0,Rs./Quintal,FAQ
Merakamudidam APMC,0.1,Metric Tonnes,Local,1800.0,2000.0,1950.0,Rs./Quintal,Local
Mylavaram APMC,0.1,Metric Tonnes,Hybrid,2450.0,2450.0,2450.0,Rs./Quintal,Local
Nandigama APMC,0.1,Metric Tonnes,Hybrid,2350.0,2350.0,2350.0,Rs./Quintal,Grade Range-1
Nandikotkur APMC,0.1,Metric Tonnes,Hybrid,2250.0,2450.0,2350.0,Rs./Quintal,FAQ
Nidadavolu APMC,1.0,Metric Tonnes,Local,2410.0,2410.0,2410.0,Rs./Quintal,Local
Nuzvid APMC,15.0,Metric Tonnes,Local,2500.0,2500.0,2500.0,Rs./Quintal,FAQ
Palakonda APMC,0.1,Metric Tonnes,Medium,1900.0,1900.0,1900.0,Rs./Quintal,FAQ
Panyam APMC,0.1,Metric Tonnes,Hybrid/Local,2400.0,2400.0,2400.0,Rs./Quintal,FAQ
Parchur APMC,0.1,Metric Tonnes,Local,2300.0,2500.0,2400.0,Rs./Quintal,Local
Parvathipuram APMC,0.04,Metric Tonnes,Local,2400.0,2400.0,2400.0,Rs./Quintal,Local
Penukonda APMC,0.1,Metric Tonnes,Hybrid/Local,2500.0,2600.0,2550.0,Rs./Quintal,FAQ
Polavaram APMC,1.0,Metric Tonnes,Local,2415.0,2415.0,2415.0,Rs./Quintal,Local
Ponduru APMC,0.1,Metric Tonnes,Local,2400.0,2400.0,2400.0,Rs./Quintal,FAQ
Pusapatirega APMC,1.0,Metric Tonnes,Local,4800.0,4800.0,4800.0,Rs./Quintal,FAQ
Puttaparthi  APMC,1.0,Metric Tonnes,Local,2400.0,2500.0,2450.0,Rs./Quintal,FAQ
RAYADURG APMC,0.1,Metric Tonnes,Local,2200.0,2500.0,2400.0,Rs./Quintal,Grade Range-1
Rajam APMC,0.05,Metric Tonnes,Local,4800.0,4800.0,4800.0,Rs./Quintal,FAQ
Rajanagaram APMC,1.0,Metric Tonnes,Fine,2405.0,2405.0,2405.0,Rs./Quintal,Local
Rompicherla APMC,0.1,Metric Tonnes,Hybrid/Local,2300.0,2500.0,2500.0,Rs./Quintal,FAQ
Saluru APMC,0.1,Metric Tonnes,Hybrid/Local,2600.0,2600.0,2600.0,Rs./Quintal,FAQ
Santhamaguluru APMC,0.1,Metric Tonnes,Hybrid,2400.0,2480.0,2450.0,Rs./Quintal,FAQ
Simhadhripuram APMC,0.1,Metric Tonnes,Hybrid/Local,2150.0,2400.0,2300.0,Rs./Quintal,FAQ
Tiruvuru APMC,30.0,Metric Tonnes,Hybrid,2400.0,2400.0,2400.0,Rs./Quintal,Local
Vijayanagaram APMC,1.0,Metric Tonnes,Local,2400.0,2400.0,2400.0,Rs./Quintal,Local
Total,59.86,Metric Tonnes,,,,2511.24,Rs./Quintal,
State/UT Name : Chattisgarh
Bhanupratappur APMC,2.8,Metric Tonnes,Hybrid,2250.0,2250.0,2250.0,Rs./Quintal,Non-FAQ
Jagdalpur APMC,79.7,Metric Tonnes,Local,2200.0,2300.0,2260.0,Rs./Quintal,FAQ
Katghora APMC,111.5,Metric Tonnes,Medium,2205.0,2245.0,2225.0,Rs./Quintal,FAQ
Korar APMC,3.2,Metric Tonnes,Hybrid,2250.0,2250.0,2250.0,Rs./Quintal,Non-FAQ
Pakhanjur APMC,205.0,Metric Tonnes,Local,2000.0,2000.0,2000.0,Rs./Quintal,Non-FAQ
Sambalpur APMC,4.5,Metric Tonnes,Hybrid,2250.0,2250.0,2250.0,Rs./Quintal,Non-FAQ
Total,406.7,Metric Tonnes,,,,2119.09,Rs./Quintal,
State/UT Name : Gujarat
Dahod APMC,78.10000000000001,Metric Tonnes,White (SAFED),2350.0,2550.0,2400.0,Rs./Quintal,Local
Garudeshwal APMC,58.0,Metric Tonnes,Deshi Red,2380.0,2380.0,2380.0,Rs./Quintal,Local
Idar APMC,4.0,Metric Tonnes,Other,2505.0,2600.0,2550.0,Rs./Quintal,Local
Talod APMC,0.6000000000000001,Metric Tonnes,Other,2500.0,2660.0,2580.0,Rs./Quintal,FAQ
Total,140.7,Metric Tonnes,,,,2396.79,Rs./Quintal,
State/UT Name : Karnataka
APMC Hubballi,12.5,Metric Tonnes,Local,2700.0,2700.0,2700.0,Rs./Quintal,Local
APMC THIRTHAHALLI,1.0,Metric Tonnes,Hybrid/Local,2500.0,2500.0,2500.0,Rs./Quintal,Local
Athani APMC,69.3,Metric Tonnes,Hybrid/Local,2200.0,2200.0,2200.0,Rs./Quintal,Local
Bagalkot APMC,80.5,Metric Tonnes,Hybrid/Local,2529.0,2601.0,2583.0,Rs./Quintal,Local
Bengaluru APMC,4.0,Metric Tonnes,Popcorn,5000.0,6000.0,5500.0,Rs./Quintal,FAQ
Davangere APMC,39.400000000000006,Metric Tonnes,Local,2450.0,2450.0,2450.0,Rs./Quintal,Local
Gadag APMC,129.4,Metric Tonnes,Local,2489.0,2489.0,2489.0,Rs./Quintal,FAQ
Gangavathi APMC,235.9,Metric Tonnes,Local,2480.0,2580.0,2510.0,Rs./Quintal,Non-FAQ
Hanagal APMC,82.5,Metric Tonnes,Local,2500.0,2700.0,2700.0,Rs./Quintal,FAQ
Hanuru APMC,50.0,Metric Tonnes,Local,2400.0,2400.0,2400.0,Rs./Quintal,Non-FAQ
HarappanaHalli APMC,188.0,Metric Tonnes,Hybrid/Local,2650.0,2680.0,2670.0,Rs./Quintal,FAQ
Hassan APMC,200.0,Metric Tonnes,Local,1900.0,1900.0,1900.0,Rs./Quintal,Local
Hirekerur APMC,120.0,Metric Tonnes,Local,2650.0,2650.0,2650.0,Rs./Quintal,Local
Honnali APMC,280.6,Metric Tonnes,Local,2300.0,2750.0,2534.0,Rs./Quintal,FAQ
K.R.Nagar APMC,21.0,Metric Tonnes,Local,2200.0,2200.0,2200.0,Rs./Quintal,FAQ
Kollegal APMC,15.0,Metric Tonnes,Local,2200.0,2200.0,2200.0,Rs./Quintal,Non-FAQ
Koppal APMC,13.3,Metric Tonnes,Yellow,2500.0,2585.0,2520.0,Rs./Quintal,Non-FAQ
Kottur APMC,70.4,Metric Tonnes,Hybrid/Local,1830.0,1910.0,1868.0,Rs./Quintal,Local
Kudligi APMC,5.0,Metric Tonnes,Local,2500.0,2500.0,2500.0,Rs./Quintal,FAQ
Mundaragi APMC,2.5,Metric Tonnes,Yellow,2254.0,2254.0,2254.0,Rs./Quintal,Non-FAQ
Mysuru APMC,0.5,Metric Tonnes,Local,2090.0,2095.0,2093.0,Rs./Quintal,Local
Nargunda APMC,83.2,Metric Tonnes,Local,2400.0,2600.0,2500.0,Rs./Quintal,FAQ
Ramdurga APMC,51.1,Metric Tonnes,Local,2251.0,2510.0,2500.0,Rs./Quintal,FAQ
Ranebennur APMC,503.6,Metric Tonnes,Local,2571.0,2571.0,2571.0,Rs./Quintal,FAQ
Rona APMC,3.9000000000000004,Metric Tonnes,Hybrid/Local,2370.0,2565.0,2509.0,Rs./Quintal,Non-FAQ
SIRGUPPA APMC,369.1,Metric Tonnes,Hybrid/Local,2600.0,2690.0,2630.0,Rs./Quintal,Local
Shikaripura APMC,114.80000000000001,Metric Tonnes,Local,2400.0,2827.0,2531.0,Rs./Quintal,FAQ
Talikot APMC,2.4000000000000004,Metric Tonnes,Local,2300.0,2300.0,2300.0,Rs./Quintal,FAQ
Vijayapura APMC,48.6,Metric Tonnes,Hybrid/Local,2659.0,2659.0,2659.0,Rs./Quintal,Local
Total,2797.5,Metric Tonnes,,,,2496.1,Rs./Quintal,
State/UT Name : Madhya Pradesh
Anjad APMC,33.015,Metric Tonnes,Local,1550.0,2250.0,2000.0,Rs./Quintal,FAQ
Ashoknagar APMC,4.54,Metric Tonnes,Local,2200.0,2200.0,2200.0,Rs./Quintal,FAQ
Ashta APMC,0.17700000000000002,Metric Tonnes,Local,2011.0,2011.0,2011.0,Rs./Quintal,FAQ
Badwaha APMC,99.352,Metric Tonnes,Local,1475.0,2410.0,1625.0,Rs./Quintal,FAQ
Banapura APMC,0.375,Metric Tonnes,Yellow,1926.0,1926.0,1926.0,Rs./Quintal,FAQ
Betul APMC,59.6,Metric Tonnes,Deshi Red,2290.0,2496.0,2440.0,Rs./Quintal,FAQ
Bherunda (Nasrullaganj) APMC,1.002,Metric Tonnes,Local,1761.0,1761.0,1761.0,Rs./Quintal,FAQ
Bhikangaon APMC,10.15,Metric Tonnes,Local,2151.0,2170.0,2170.0,Rs./Quintal,Non-FAQ
Bhikangaon APMC,64.29700000000001,Metric Tonnes,Local,1588.0,2465.0,1600.0,Rs./Quintal,FAQ
Burhanpur APMC,3.0,Metric Tonnes,Local,1700.0,1700.0,1700.0,Rs./Quintal,FAQ
Chaurai APMC,0.8,Metric Tonnes,Yellow,2520.0,2521.0,2521.0,Rs./Quintal,FAQ
Chhindwara APMC,316.174,Metric Tonnes,Local,2400.0,2650.0,2640.0,Rs./Quintal,FAQ
Daloda APMC,0.264,Metric Tonnes,Local,2400.0,2460.0,2460.0,Rs./Quintal,FAQ
Dewas APMC,0.503,Metric Tonnes,Local,1899.0,2389.0,2389.0,Rs./Quintal,FAQ
Dhamnod APMC,1253.929,Metric Tonnes,Local,1501.0,2679.0,1700.0,Rs./Quintal,FAQ
Dhar APMC,0.282,Metric Tonnes,Local,1500.0,2502.0,2502.0,Rs./Quintal,FAQ
Gadarwada (F&V) APMC,2.0,Metric Tonnes,Local,1600.0,1600.0,1600.0,Rs./Quintal,Local
Gorakhpur APMC,7.0,Metric Tonnes,Local,2000.0,2005.0,2005.0,Rs./Quintal,FAQ
Guna APMC,3.4670000000000005,Metric Tonnes,Local,1950.0,2290.0,2290.0,Rs./Quintal,FAQ
Harda APMC,51.777,Metric Tonnes,Yellow,1981.0,2498.0,2478.0,Rs./Quintal,FAQ
Itarsi APMC,8.665000000000001,Metric Tonnes,Local,2125.0,2125.0,2125.0,Rs./Quintal,FAQ
Jabalpur APMC,1.727,Metric Tonnes,Local,2400.0,2600.0,2570.0,Rs./Quintal,FAQ
Jeerapur APMC,0.10900000000000001,Metric Tonnes,Local,2330.0,2330.0,2330.0,Rs./Quintal,FAQ
Kannod APMC,0.08000000000000002,Metric Tonnes,Local,2001.0,2001.0,2001.0,Rs./Quintal,FAQ
Karhi APMC,81.59500000000001,Metric Tonnes,Local,1500.0,1800.0,1700.0,Rs./Quintal,FAQ
Kasrawad APMC,314.625,Metric Tonnes,Local,1400.0,2050.0,1900.0,Rs./Quintal,FAQ
Khandwa APMC,18.658,Metric Tonnes,Local,1650.0,2220.0,2200.0,Rs./Quintal,FAQ
Khargone APMC,865.457,Metric Tonnes,Local,1501.0,2470.0,1685.0,Rs./Quintal,FAQ
Khategaon APMC,25.581000000000003,Metric Tonnes,Local,1800.0,2401.0,2401.0,Rs./Quintal,FAQ
Khilchipur APMC,0.101,Metric Tonnes,Local,2366.0,2366.0,2366.0,Rs./Quintal,FAQ
Khirkiya APMC,6.913,Metric Tonnes,Local,1700.0,2301.0,2301.0,Rs./Quintal,Non-FAQ
Kukshi APMC,13.765,Metric Tonnes,Local,1815.0,1900.0,1900.0,Rs./Quintal,FAQ
Loharda APMC,63.23,Metric Tonnes,Local,1381.0,1611.0,1425.0,Rs./Quintal,FAQ
Manawar APMC,154.774,Metric Tonnes,Local,1445.0,2421.0,1550.0,Rs./Quintal,FAQ
Mandla APMC,1.2000000000000002,Metric Tonnes,Local,2300.0,2300.0,2300.0,Rs./Quintal,Non-FAQ
Mandsaur APMC,3.2950000000000004,Metric Tonnes,Local,1021.0,2551.0,2551.0,Rs./Quintal,Non-FAQ
Nainpur APMC,16.680000000000003,Metric Tonnes,Yellow,2030.0,2200.0,2180.0,Rs./Quintal,FAQ
Nainpur APMC,6.04,Metric Tonnes,Local,2000.0,2000.0,2000.0,Rs./Quintal,Non-FAQ
Neemuch APMC,38.293,Metric Tonnes,Local,1500.0,2461.0,2451.0,Rs./Quintal,FAQ
Palari APMC,11.82,Metric Tonnes,Local,2200.0,2200.0,2200.0,Rs./Quintal,Non-FAQ
Petlawad APMC,36.330000000000005,Metric Tonnes,Local,2100.0,2301.0,2300.0,Rs./Quintal,FAQ
Piplya APMC,0.043000000000000003,Metric Tonnes,Local,2151.0,2151.0,2151.0,Rs./Quintal,FAQ
Sanawad APMC,14.167,Metric Tonnes,Local,1350.0,2370.0,2370.0,Rs./Quintal,FAQ
Sanwer APMC,25.0,Metric Tonnes,Local,1855.0,1855.0,1855.0,Rs./Quintal,Non-FAQ
Saunsar APMC,502.53999999999996,Metric Tonnes,Yellow,2250.0,2250.0,2250.0,Rs./Quintal,FAQ
Sehore APMC,2.0100000000000002,Metric Tonnes,Local,1455.0,1455.0,1455.0,Rs./Quintal,FAQ
Shamgarh APMC,0.11100000000000002,Metric Tonnes,Local,2290.0,2290.0,2290.0,Rs./Quintal,Non-FAQ
Sironj APMC,2.904,Metric Tonnes,Local,2160.0,2160.0,2160.0,Rs./Quintal,FAQ
Sitamau APMC,0.08700000000000001,Metric Tonnes,Local,2361.0,2361.0,2361.0,Rs./Quintal,FAQ
Taal APMC,2.0100000000000002,Metric Tonnes,Local,2515.0,2515.0,2515.0,Rs./Quintal,FAQ
Total,4129.51,Metric Tonnes,,,,1894.05,Rs./Quintal,
State/UT Name : Maharashtra
APMC Akola ,0.4,Metric Tonnes,Yellow,2000.0,2300.0,2150.0,Rs./Quintal,Non-FAQ
APMC Amarawati ,0.1,Metric Tonnes,Deshi Red,1700.0,1800.0,1750.0,Rs./Quintal,Non-FAQ
APMC Baramati ,7.6,Metric Tonnes,Deshi Red,2400.0,2715.0,2651.0,Rs./Quintal,FAQ
APMC Chalisgaon ,10.0,Metric Tonnes,Yellow,2113.0,2376.0,2302.0,Rs./Quintal,Non-FAQ
APMC Chopda ,0.2,Metric Tonnes,Yellow,2400.0,2400.0,2400.0,Rs./Quintal,FAQ
APMC Deoulgaon Raja ,0.1,Metric Tonnes,Yellow,2100.0,2100.0,2100.0,Rs./Quintal,Non-FAQ
APMC Devala ,0.5,Metric Tonnes,Yellow,2430.0,2510.0,2475.0,Rs./Quintal,FAQ
APMC Dhule ,0.3,Metric Tonnes,Yellow,2270.0,2399.0,2350.0,Rs./Quintal,Non-FAQ
APMC Jalana ,9.5,Metric Tonnes,Deshi Red,2600.0,2600.0,2600.0,Rs./Quintal,FAQ
APMC Karjat ,0.1,Metric Tonnes,Other,2100.0,2100.0,2100.0,Rs./Quintal,Non-FAQ
APMC Karmala ,0.2,Metric Tonnes,Other,2350.0,2350.0,2350.0,Rs./Quintal,Non-FAQ
APMC Khamgaon ,0.5,Metric Tonnes,Deshi Red,2250.0,2350.0,2300.0,Rs./Quintal,Non-FAQ
APMC Lasalgaon ,3.5,Metric Tonnes,Other,2531.0,2651.0,2551.0,Rs./Quintal,FAQ
APMC Lonar ,0.6,Metric Tonnes,Yellow,2351.0,2356.0,2353.0,Rs./Quintal,Non-FAQ
APMC Malegaon ,1.1,Metric Tonnes,Yellow,2525.0,2576.0,2525.0,Rs./Quintal,FAQ
APMC Malkapur ,14.0,Metric Tonnes,Yellow,2500.0,2535.0,2510.0,Rs./Quintal,FAQ
APMC Malkapur ,1.3,Metric Tonnes,Yellow,2000.0,2000.0,2000.0,Rs./Quintal,Non-FAQ
APMC Mangal Wedha ,0.3,Metric Tonnes,Deshi Red,2670.0,2670.0,2670.0,Rs./Quintal,FAQ
APMC Manmad ,1.2,Metric Tonnes,Other,2400.0,2510.0,2496.0,Rs./Quintal,FAQ
APMC Morshi ,5.0,Metric Tonnes,Other,2200.0,2300.0,2250.0,Rs./Quintal,Non-FAQ
APMC Mumbai ,35.7,Metric Tonnes,Other,2800.0,3400.0,3200.0,Rs./Quintal,FAQ
APMC Nandgaon ,7.6,Metric Tonnes,Yellow,2400.0,2566.0,2550.0,Rs./Quintal,FAQ
APMC Nandgaon ,0.3,Metric Tonnes,Yellow,2040.0,2040.0,2040.0,Rs./Quintal,Non-FAQ
APMC Nandurbar ,0.1,Metric Tonnes,Deshi Red,2100.0,2100.0,2100.0,Rs./Quintal,Non-FAQ
APMC Pachora ,1.0,Metric Tonnes,Other,2400.0,2471.0,2441.0,Rs./Quintal,FAQ
APMC Pachora ,1.5,Metric Tonnes,Other,2150.0,2395.0,2311.0,Rs./Quintal,Non-FAQ
APMC Pune ,0.3,Metric Tonnes,Deshi Red,2700.0,2900.0,2800.0,Rs./Quintal,FAQ
APMC Satana ,2.5,Metric Tonnes,Other,2025.0,2025.0,2025.0,Rs./Quintal,Non-FAQ
APMC Shegaon ,0.3,Metric Tonnes,Other,1800.0,1800.0,1800.0,Rs./Quintal,Non-FAQ
APMC Sillod ,8.7,Metric Tonnes,Yellow,2450.0,2500.0,2500.0,Rs./Quintal,FAQ
APMC Vaijpur ,0.6,Metric Tonnes,Yellow,2200.0,2395.0,2350.0,Rs./Quintal,Non-FAQ
Buldhana(Dhad) ,50.4,Metric Tonnes,Yellow,2100.0,2390.0,2200.0,Rs./Quintal,Non-FAQ
Kurdwadi(Modnimb) ,1.8,Metric Tonnes,Deshi Red,2789.0,2900.0,2820.0,Rs./Quintal,FAQ
Lasalgaon(Niphad) ,0.1,Metric Tonnes,Deshi Red,2475.0,2475.0,2475.0,Rs./Quintal,FAQ
Sangli(Miraj) ,9.0,Metric Tonnes,Deshi Red,2450.0,2650.0,2550.0,Rs./Quintal,FAQ
"Yashika Agro Marketing, Tal Bhusawal, Jalgaon",288.64,Metric Tonnes,Other,2340.0,2400.0,2370.0,Rs./Quintal,Local
Total,465.04,Metric Tonnes,,,,2435.17,Rs./Quintal,
State/UT Name : NCT of Delhi
APMC Najafgarh,20.0,Metric Tonnes,Other,2490.0,2490.0,2490.0,Rs./Quintal,FAQ
APMC Najafgarh,17.5,Metric Tonnes,Other,2400.0,2400.0,2400.0,Rs./Quintal,Non-FAQ
Total,37.5,Metric Tonnes,,,,2448.0,Rs./Quintal,
State/UT Name : Punjab
Jalandhar City APMC,30.5,Metric Tonnes,Other,2300.0,2300.0,2300.0,Rs./Quintal,FAQ
Nawanshahar APMC,42.13,Metric Tonnes,Local,2431.0,2449.0,2449.0,Rs./Quintal,FAQ
Total,72.63,Metric Tonnes,,,,2386.43,Rs./Quintal,
State/UT Name : Rajasthan
Baran APMC,1.3,Metric Tonnes,Other,2050.0,2500.0,2251.0,Rs./Quintal,Local
Beawar APMC,2.0,Metric Tonnes,Local,2450.0,2450.0,2450.0,Rs./Quintal,Local
Bundi APMC,6.0,Metric Tonnes,Other,2551.0,2551.0,2551.0,Rs./Quintal,FAQ
Chhotisadri APMC,0.9,Metric Tonnes,Local,1676.0,1676.0,1676.0,Rs./Quintal,Local
Fatehnagar APMC,1.1,Metric Tonnes,Hybrid,2150.0,2275.0,2150.0,Rs./Quintal,FAQ
Galla Chhipabarod - Chhabra APMC,0.2,Metric Tonnes,Other,2042.0,2234.0,2138.0,Rs./Quintal,Local
Jhalarapatan APMC,0.4,Metric Tonnes,Other,2257.0,2257.0,2257.0,Rs./Quintal,Local
Kawai Salpura - Atru APMC,0.1,Metric Tonnes,Other,1950.0,1950.0,1950.0,Rs./Quintal,Local
Khanpur APMC,0.45,Metric Tonnes,Other,2250.0,2250.0,2250.0,Rs./Quintal,FAQ
Kota APMC,2.5,Metric Tonnes,Local,2250.0,2250.0,2250.0,Rs./Quintal,Local
Pratapgarh APMC,9.200000000000001,Metric Tonnes,Other,2200.0,2695.0,2447.0,Rs./Quintal,FAQ
Ramganjmandi APMC,0.8,Metric Tonnes,Other,1901.0,3060.0,2322.0,Rs./Quintal,Local
Total,24.95,Metric Tonnes,,,,2386.32,Rs./Quintal,
State/UT Name : Tamil Nadu
Alangeyam APMC,0.5,Metric Tonnes,Other,2750.0,2830.0,2790.0,Rs./Quintal,Local
Ettayapuram APMC,32.17,Metric Tonnes,Other,2500.0,2800.0,2650.0,Rs./Quintal,Local
Kallakurichi APMC,6.07,Metric Tonnes,Other,2529.0,2729.0,2629.0,Rs./Quintal,Local
Kilpennathur APMC,28.71,Metric Tonnes,Other,2489.0,2696.0,2592.5,Rs./Quintal,Local
Kovilpatti APMC,29.64,Metric Tonnes,Other,2500.0,2700.0,2600.0,Rs./Quintal,Local
Manalurpet APMC,4.95,Metric Tonnes,Other,2310.0,2646.0,2478.0,Rs./Quintal,Local
Pethappampatti APMC,0.05,Metric Tonnes,Other,2450.0,2600.0,2525.0,Rs./Quintal,Local
Sangarapuram APMC,12.62,Metric Tonnes,Other,2611.0,2666.0,2638.5,Rs./Quintal,Local
Shrimushnam APMC,7.11,Metric Tonnes,Other,2622.0,2657.0,2639.5,Rs./Quintal,Local
Thirukovilur APMC,81.03,Metric Tonnes,Other,2590.0,2858.0,2724.0,Rs./Quintal,Local
Thiruppur APMC,0.05,Metric Tonnes,Other,2050.0,2200.0,2125.0,Rs./Quintal,Local
Vandavasi APMC,0.41,Metric Tonnes,Other,3050.0,3050.0,3050.0,Rs./Quintal,Local
Vikkiravandi APMC,4.64,Metric Tonnes,Other,2354.0,2560.0,2457.0,Rs./Quintal,Local
Villupuram APMC,0.92,Metric Tonnes,Other,2499.0,2679.0,2589.0,Rs./Quintal,Local
Total,208.87,Metric Tonnes,,,,2654.38,Rs./Quintal,
State/UT Name : Telangana
Bejjenki APMC,1.1,Metric Tonnes,Local,2250.0,2250.0,2250.0,Rs./Quintal,FAQ
Bhainsa APMC,0.05,Metric Tonnes,Hybrid,2222.0,2222.0,2222.0,Rs./Quintal,FAQ
Choppadandi APMC,0.2,Metric Tonnes,Hybrid,2326.0,2350.0,2350.0,Rs./Quintal,Non-FAQ
Husnabad APMC,38.0,Metric Tonnes,Local,2400.0,2400.0,2400.0,Rs./Quintal,Local
Mahabubabad APMC,0.78,Metric Tonnes,Local,2507.0,2507.0,2507.0,Rs./Quintal,Local
Nizamabad APMC,59.0,Metric Tonnes,Hybrid,1400.0,1400.0,1400.0,Rs./Quintal,Local
Suryapeta APMC,0.2,Metric Tonnes,Local,2337.0,2337.0,2337.0,Rs./Quintal,Local
Vikarabad APMC,0.4,Metric Tonnes,Local,2356.0,2356.0,2356.0,Rs./Quintal,FAQ
Warangal APMC,16.27,Metric Tonnes,Local,2100.0,2485.0,2485.0,Rs./Quintal,FAQ
Yellandu APMC,134.3,Metric Tonnes,Local,2200.0,2400.0,2300.0,Rs./Quintal,Local
Total,250.3,Metric Tonnes,,,,2115.63,Rs./Quintal,
State/UT Name : Uttar Pradesh
Achalda APMC,67.66,Metric Tonnes,Other,2000.0,2000.0,2000.0,Rs./Quintal,FAQ
Agra APMC,0.6,Metric Tonnes,Other,4380.28,4380.28,4380.28,Rs./Quintal,FAQ
Aliganj APMC,420.875,Metric Tonnes,Other,1800.0,2300.0,1915.27,Rs./Quintal,FAQ
Aligarh APMC,87.025,Metric Tonnes,Other,1900.0,1900.0,1900.0,Rs./Quintal,FAQ
Anwala APMC,89.88,Metric Tonnes,Other,2000.0,2100.0,2044.06,Rs./Quintal,FAQ
Atrauli APMC,15.0,Metric Tonnes,Other,2100.0,2250.0,2165.0,Rs./Quintal,FAQ
Babrala APMC,270.0,Metric Tonnes,Local,2080.0,2100.0,2090.0,Rs./Quintal,Local
Babrala APMC,9.4,Metric Tonnes,Other,1850.0,1850.0,1850.0,Rs./Quintal,FAQ
Badayoun APMC,245.585,Metric Tonnes,Other,2000.0,2200.0,2111.83,Rs./Quintal,FAQ
Bangarmau APMC,87.143,Metric Tonnes,Other,1950.0,2300.0,2156.84,Rs./Quintal,FAQ
Banthara APMC,3.45,Metric Tonnes,Other,2000.0,8757.0,2235.03,Rs./Quintal,FAQ
Barabanki APMC,20.59,Metric Tonnes,Other,2130.0,8736.0,2158.88,Rs./Quintal,FAQ
Bareilly APMC,0.06,Metric Tonnes,Other,8787.0,8787.0,8787.0,Rs./Quintal,FAQ
Bewar APMC,132.84,Metric Tonnes,Other,1900.0,2300.0,2052.37,Rs./Quintal,FAQ
Bharthna APMC,34.0,Metric Tonnes,Other,2000.0,2000.0,2000.0,Rs./Quintal,FAQ
Bhehjoi APMC,225.5,Metric Tonnes,Local,1800.0,2200.0,2000.0,Rs./Quintal,Local
Bhehjoi APMC,69.3,Metric Tonnes,Other,2300.0,2310.0,2303.49,Rs./Quintal,FAQ
Bilsi APMC,1392.704,Metric Tonnes,Other,2000.0,2200.0,2018.74,Rs./Quintal,FAQ
Bisoli APMC,693.069,Metric Tonnes,Other,2000.0,2160.0,2056.81,Rs./Quintal,FAQ
Buland Shahr APMC,236.813,Metric Tonnes,Other,2000.0,2400.0,2112.41,Rs./Quintal,FAQ
Chandausi APMC,1.987,Metric Tonnes,Other,2200.0,2200.0,2200.0,Rs./Quintal,FAQ
Charra APMC,216.302,Metric Tonnes,Other,2100.0,2400.0,2162.83,Rs./Quintal,FAQ
Chhibramau APMC,1011.922,Metric Tonnes,Other,2250.0,2500.0,2288.56,Rs./Quintal,FAQ
Choubepur APMC,51.4,Metric Tonnes,Other,2350.0,2350.0,2350.0,Rs./Quintal,FAQ
DADRI APMC,0.21,Metric Tonnes,Other,8703.0,8703.0,8703.0,Rs./Quintal,FAQ
Dataganj APMC,70.322,Metric Tonnes,Other,2199.96,2200.0,2199.99,Rs./Quintal,FAQ
Divai APMC,688.24,Metric Tonnes,Other,2000.0,2300.0,2018.28,Rs./Quintal,FAQ
Dudhi APMC,0.4,Metric Tonnes,Other,700.0,700.0,700.0,Rs./Quintal,FAQ
Etah APMC,158.892,Metric Tonnes,Other,2000.0,2000.0,2000.0,Rs./Quintal,FAQ
Farukhabad APMC,474.905,Metric Tonnes,Other,2300.0,2300.0,2300.0,Rs./Quintal,FAQ
Fatehabad APMC,56.3,Metric Tonnes,Other,2100.0,2150.0,2115.28,Rs./Quintal,FAQ
Ganj Dundwara APMC,40.0,Metric Tonnes,Other,1800.0,1800.0,1800.0,Rs./Quintal,FAQ
Ghaziabad APMC,1.2,Metric Tonnes,Other,8733.0,10500.0,8865.53,Rs./Quintal,FAQ
Golagokarnath APMC,132.32,Metric Tonnes,Other,3000.0,3000.0,3000.0,Rs./Quintal,FAQ
Gulavati APMC,19.764,Metric Tonnes,Other,2150.0,2254.62,2216.5,Rs./Quintal,FAQ
Haathras APMC,100.443,Metric Tonnes,Other,1800.0,2500.01,2255.47,Rs./Quintal,FAQ
Hardoi APMC,34.3,Metric Tonnes,Other,2000.0,2000.0,2000.0,Rs./Quintal,FAQ
Jafarganj APMC,166.53,Metric Tonnes,Other,2610.0,2630.0,2620.9,Rs./Quintal,FAQ
Jahangirabad APMC,102.436,Metric Tonnes,Other,2200.0,2330.0,2298.93,Rs./Quintal,FAQ
Jalalabad APMC,164.767,Metric Tonnes,Other,2150.0,2410.0,2235.43,Rs./Quintal,FAQ
Jangipura APMC,35.26,Metric Tonnes,Other,2470.0,2470.0,2470.0,Rs./Quintal,FAQ
Jasvantnagar APMC,124.3,Metric Tonnes,Other,2000.0,2005.0,2001.69,Rs./Quintal,FAQ
Kamlaganj APMC,238.78,Metric Tonnes,Other,2300.0,2350.0,2310.68,Rs./Quintal,FAQ
Kannauj APMC,454.235,Metric Tonnes,Other,2000.0,2400.0,2151.24,Rs./Quintal,FAQ
Kanpur(Grain) APMC,1.2,Metric Tonnes,Other,8199.99,8199.99,8199.99,Rs./Quintal,FAQ
Kasganj APMC,131.421,Metric Tonnes,Other,1850.0,2250.0,1962.98,Rs./Quintal,FAQ
Kayamganj APMC,399.58,Metric Tonnes,Other,2100.0,2300.0,2150.16,Rs./Quintal,FAQ
Khair APMC,106.51,Metric Tonnes,Other,2200.0,2250.0,2207.33,Rs./Quintal,FAQ
Lakhimpur APMC,13.0,Metric Tonnes,Other,2040.0,2050.0,2045.77,Rs./Quintal,FAQ
Madhoganj APMC,80.57,Metric Tonnes,Other,2200.0,2400.0,2313.94,Rs./Quintal,FAQ
Mainpuri APMC,347.0,Metric Tonnes,Other,1950.0,2200.0,2036.46,Rs./Quintal,FAQ
Mohamadabad APMC,267.21,Metric Tonnes,Other,2250.0,2365.0,2293.21,Rs./Quintal,FAQ
Noida APMC,0.51,Metric Tonnes,Other,8734.0,8734.0,8734.0,Rs./Quintal,FAQ
Risia APMC,39.6,Metric Tonnes,Other,1765.0,1770.0,1768.76,Rs./Quintal,FAQ
Sambhal APMC,477.38,Metric Tonnes,Other,1600.0,2350.0,2221.78,Rs./Quintal,FAQ
Shahaswan APMC,66.73,Metric Tonnes,Other,1900.0,2000.0,1947.25,Rs./Quintal,FAQ
Shikohabad APMC,108.635,Metric Tonnes,Other,2140.0,2300.0,2203.31,Rs./Quintal,FAQ
Sirsaganj APMC,454.855,Metric Tonnes,Other,2100.0,2425.0,2309.13,Rs./Quintal,FAQ
Siyana APMC,322.455,Metric Tonnes,Other,2050.0,2250.0,2128.06,Rs./Quintal,FAQ
Ujhani APMC,827.302,Metric Tonnes,Other,2100.0,2400.0,2193.77,Rs./Quintal,FAQ
Uttaripura APMC,326.49,Metric Tonnes,Other,1900.0,1900.0,1900.0,Rs./Quintal,FAQ
Wazirganj APMC,1177.396,Metric Tonnes,Other,2000.0,2152.04,2004.4,Rs./Quintal,FAQ
Total,13594.55,Metric Tonnes,,,,2132.71,Rs./Quintal,
State/UT Name : West Bengal
Jangipur APMC,12.35,Metric Tonnes,Other,2500.0,2600.0,2550.0,Rs./Quintal,FAQ
Total,12.35,Metric Tonnes,,,,2550.0,Rs./Quintal,
Grand Total,22200.46,Metric Tonnes,,,,2149.48,Rs./Quintal,
Paddy(Common) (MSP: Rs. 2441.00/Quintal)
State/UT Name : Andhra Pradesh
Achanta APMC,0.1,Metric Tonnes,1121,2359.0,2375.0,2369.0,Rs./Quintal,Local
Addanki APMC,0.1,Metric Tonnes,Paddy,2390.0,2420.0,2400.0,Rs./Quintal,FAQ
Akiveedu APMC,0.1,Metric Tonnes,Paddy,2300.0,2500.0,2369.0,Rs./Quintal,Local
Alamuru APMC,0.1,Metric Tonnes,Paddy,2369.0,2389.0,2369.0,Rs./Quintal,FAQ
Amadalavalasa APMC,0.1,Metric Tonnes,Paddy,2369.0,2369.0,2369.0,Rs./Quintal,FAQ
Amalapuram APMC,0.1,Metric Tonnes,1001,2369.0,2468.0,2369.0,Rs./Quintal,FAQ
Anaparthy APMC,0.1,Metric Tonnes,Paddy,2369.0,2550.0,2369.0,Rs./Quintal,FAQ
Atmakur (Nandyal District) APMC,0.1,Metric Tonnes,Sona,2600.0,2600.0,2600.0,Rs./Quintal,FAQ
Atmakur (SPSR Nellore District) APMC,197.8,Metric Tonnes,Nellore Sanna,2300.0,2400.0,2369.0,Rs./Quintal,FAQ
Attili APMC,0.1,Metric Tonnes,Paddy,2369.0,2389.0,2369.0,Rs./Quintal,Local
B.N.Kandriga APMC,0.1,Metric Tonnes,Paddy,2200.0,2200.0,2200.0,Rs./Quintal,Local
Badvel APMC,0.1,Metric Tonnes,Masuri,2380.0,2440.0,2400.0,Rs./Quintal,Local
Banaganapalli APMC,0.1,Metric Tonnes,Sona Mahsuri,2200.0,2400.0,2300.0,Rs./Quintal,FAQ
Bapatla APMC,0.1,Metric Tonnes,B P T,3300.0,3500.0,3400.0,Rs./Quintal,Local
Bhimadole APMC,1.0,Metric Tonnes,1001,2380.0,2380.0,2380.0,Rs./Quintal,FAQ
Bhimavaram APMC,0.1,Metric Tonnes,1001,2360.0,2360.0,2360.0,Rs./Quintal,Grade Range-1
Chirala APMC,1.0,Metric Tonnes,B P T,2400.0,2500.0,2450.0,Rs./Quintal,Local
Chodavaram APMC,1.0,Metric Tonnes,Paddy,2200.0,2400.0,2300.0,Rs./Quintal,Local
Darsi APMC,0.1,Metric Tonnes,B P T,2500.0,2600.0,2600.0,Rs./Quintal,Local
Dharmavaram APMC,0.1,Metric Tonnes,B P T,2000.0,2200.0,2100.0,Rs./Quintal,FAQ
Divi (HQ-Avanigadda) APMC,1.0,Metric Tonnes,B P T,3100.0,3500.0,3200.0,Rs./Quintal,FAQ
Durgi APMC,1.0,Metric Tonnes,Paddy,1900.0,2400.0,2100.0,Rs./Quintal,FAQ
Etcherla APMC,0.1,Metric Tonnes,1121,2369.0,2369.0,2369.0,Rs./Quintal,FAQ
Gannavaram APMC,0.1,Metric Tonnes,1001,2400.0,2400.0,2400.0,Rs./Quintal,Local
Ghantsala (HQ-Kodali) APMC,1.0,Metric Tonnes,1001,2200.0,2400.0,2300.0,Rs./Quintal,Local
Gudur APMC,0.1,Metric Tonnes,MTU-1010,2389.0,2460.0,2425.0,Rs./Quintal,Local
Hiramandalam APMC,0.1,Metric Tonnes,Masuri,2400.0,2400.0,2400.0,Rs./Quintal,Local
Ichapuram APMC,0.1,Metric Tonnes,Sannalu,2369.0,2369.0,2369.0,Rs./Quintal,Local
Ipur APMC,1.0,Metric Tonnes,Paddy,2500.0,2700.0,2650.0,Rs./Quintal,FAQ
Jaggampet APMC,0.1,Metric Tonnes,Common,2369.0,2380.0,2369.0,Rs./Quintal,FAQ
Jalumuru APMC,0.1,Metric Tonnes,1121,2369.0,2369.0,2369.0,Rs./Quintal,FAQ
Kakinada (Urban) APMC,0.075,Metric Tonnes,Common,2369.0,2390.0,2375.0,Rs./Quintal,FAQ
Kalidindi APMC,1.0,Metric Tonnes,MTU-1001,2440.0,2440.0,2440.0,Rs./Quintal,Local
Kamalapuram APMC,0.1,Metric Tonnes,B P T,2550.0,2550.0,2550.0,Rs./Quintal,Local
Kanchili APMC,0.1,Metric Tonnes,1001,2400.0,2400.0,2400.0,Rs./Quintal,FAQ
Kandukur APMC,0.1,Metric Tonnes,Other,2380.0,2450.0,2400.0,Rs./Quintal,Local
Karapa APMC,1.0,Metric Tonnes,1001,2362.0,2369.0,2365.0,Rs./Quintal,FAQ
Kavali APMC,0.1,Metric Tonnes,Other,2380.0,2450.0,2410.0,Rs./Quintal,Local
Kothabommali APMC,0.1,Metric Tonnes,Paddy,3200.0,3200.0,3200.0,Rs./Quintal,Local
Kothavalasa APMC,1.0,Metric Tonnes,1001,2369.0,2369.0,2369.0,Rs./Quintal,Local
Kovur APMC,20.5,Metric Tonnes,Paddy,2360.0,2441.0,2369.0,Rs./Quintal,Local
Kovvur APMC,1.0,Metric Tonnes,MTU-1010,2441.0,2441.0,2441.0,Rs./Quintal,Grade Range-2
Krosuru APMC,0.1,Metric Tonnes,B P T,2200.0,2600.0,2400.0,Rs./Quintal,FAQ
Kuchinapudi APMC,1.0,Metric Tonnes,B P T,3300.0,3500.0,3400.0,Rs./Quintal,Local
Macharla APMC,0.1,Metric Tonnes,B P T,3000.0,3000.0,3000.0,Rs./Quintal,Grade Range-1
Machilipatnam APMC,0.075,Metric Tonnes,B P T,2843.9992890000003,3025.332577,2987.9992530000004,Rs./Quintal,Local
Maddipadu APMC,0.1,Metric Tonnes,B P T,2800.0,2800.0,2800.0,Rs./Quintal,FAQ
Madugula APMC,0.1,Metric Tonnes,Paddy,2200.0,2400.0,2300.0,Rs./Quintal,Local
Malleswaram (HQ-Bantumili) APMC,0.1,Metric Tonnes,NO. 2716,2700.0,2800.0,2750.0,Rs./Quintal,Grade Range-1
Mandapeta APMC,1.0,Metric Tonnes,1001,2369.0,2400.0,2389.0,Rs./Quintal,FAQ
Mangalagiri APMC,0.1,Metric Tonnes,B P T,2500.0,2500.0,2500.0,Rs./Quintal,FAQ
Mydukur APMC,1.0,Metric Tonnes,Masuri,2800.0,3200.0,3000.0,Rs./Quintal,Local
Mylavaram APMC,0.1,Metric Tonnes,1001,2369.0,2369.0,2369.0,Rs./Quintal,FAQ
Nagalapuram APMC,0.08,Metric Tonnes,Paddy,2312.5,2337.5,2325.0,Rs./Quintal,Local
Nagari APMC,0.1,Metric Tonnes,Paddy,1800.0,1900.0,1850.0,Rs./Quintal,Grade Range-2
Naidupet APMC,0.1,Metric Tonnes,MTU-1010,2350.0,2450.0,2400.0,Rs./Quintal,Local
Nandigama APMC,0.1,Metric Tonnes,B P T,2360.0,2360.0,2360.0,Rs./Quintal,Grade Range-1
Nandyal APMC,0.1,Metric Tonnes,Paddy,2380.0,2380.0,2380.0,Rs./Quintal,Local
Narasannapet APMC,0.1,Metric Tonnes,Paddy,2369.0,2369.0,2369.0,Rs./Quintal,FAQ
Narasaraopet APMC,0.1,Metric Tonnes,Paddy,3000.0,3000.0,3000.0,Rs./Quintal,FAQ
Narsapuram APMC,1.0,Metric Tonnes,MTU-1001,2445.0,2445.0,2445.0,Rs./Quintal,Local
Narsipatnam APMC,0.1,Metric Tonnes,Other,2390.0,2450.0,2400.0,Rs./Quintal,FAQ
Nellore APMC,0.1,Metric Tonnes,B P T,2445.0,2470.0,2460.0,Rs./Quintal,FAQ
Nidadavolu APMC,1.0,Metric Tonnes,Common,2445.0,2445.0,2445.0,Rs./Quintal,Local
Ongole APMC,0.1,Metric Tonnes,B P T,2400.0,2400.0,2400.0,Rs./Quintal,Local
Palakole APMC,0.1,Metric Tonnes,Paddy,2375.0,2375.0,2375.0,Rs./Quintal,Local
Palakonda APMC,0.1,Metric Tonnes,1001,2329.0,2329.0,2329.0,Rs./Quintal,FAQ
Palasa APMC,0.1,Metric Tonnes,Common,2369.0,2369.0,2369.0,Rs./Quintal,FAQ
Pamarru APMC,1.0,Metric Tonnes,B P T,2441.0,2491.0,2481.0,Rs./Quintal,Local
Parchur APMC,0.1,Metric Tonnes,B P T,2700.0,2900.0,2800.0,Rs./Quintal,Local
Pathapatnam APMC,0.1,Metric Tonnes,Paddy,2369.0,2500.0,2369.0,Rs./Quintal,FAQ
Payakaraopeta APMC,0.1,Metric Tonnes,1001,2349.0,2369.0,2359.0,Rs./Quintal,Local
Pedana APMC,0.1,Metric Tonnes,NO. 2716,2369.0,2600.0,2450.0,Rs./Quintal,Local
Peddapuram APMC,1.0,Metric Tonnes,1001,2369.0,2390.0,2369.0,Rs./Quintal,FAQ
Pendurthi APMC,0.1,Metric Tonnes,Paddy,2300.0,2300.0,2300.0,Rs./Quintal,Local
Penugonda APMC,0.1,Metric Tonnes,1001,2369.0,2380.0,2370.0,Rs./Quintal,Local
Pidugurala APMC,0.1,Metric Tonnes,Paddy,2380.0,2380.0,2380.0,Rs./Quintal,FAQ
Pithapuram APMC,0.1,Metric Tonnes,B P T,2369.0,2389.0,2379.0,Rs./Quintal,FAQ
Polavaram APMC,1.0,Metric Tonnes,1001,2445.0,2445.0,2445.0,Rs./Quintal,Local
Prathipadu APMC,0.1,Metric Tonnes,1001,2200.0,2425.0,2300.0,Rs./Quintal,Grade Range-1
Prattipadu APMC,0.1,Metric Tonnes,1001,2369.0,2380.0,2379.0,Rs./Quintal,FAQ
Proddatur APMC,0.1,Metric Tonnes,Paddy,2350.0,2350.0,2350.0,Rs./Quintal,Local
RAYADURG APMC,0.1,Metric Tonnes,I.R. 64,3200.0,3800.0,3400.0,Rs./Quintal,Grade Range-1
Rajahmundry APMC,1.0,Metric Tonnes,Paddy,2369.0,2369.0,2369.0,Rs./Quintal,Local
Rajupalem APMC,0.1,Metric Tonnes,Common,2100.0,2100.0,2100.0,Rs./Quintal,Non-FAQ
Ramachandrapuram APMC,0.1,Metric Tonnes,Paddy,2369.0,2380.0,2369.0,Rs./Quintal,FAQ
Rampachodvaram APMC,0.1,Metric Tonnes,1001,2369.0,2389.0,2379.0,Rs./Quintal,Grade Range-2
Rapur APMC,35.9,Metric Tonnes,Common,2390.0,2490.0,2430.0,Rs./Quintal,Local
Repalli APMC,1.0,Metric Tonnes,B P T,3200.0,3400.0,3400.0,Rs./Quintal,Local
Rompicherla APMC,0.1,Metric Tonnes,Paddy,2300.0,2500.0,2500.0,Rs./Quintal,FAQ
Samalkot APMC,0.1,Metric Tonnes,Paddy,2365.0,2380.0,2369.0,Rs./Quintal,FAQ
Sampara (Kakinada Rural) APMC,0.1,Metric Tonnes,1001,2369.0,2389.0,2379.0,Rs./Quintal,FAQ
Santhamaguluru APMC,0.1,Metric Tonnes,B P T,2500.0,2580.0,2550.0,Rs./Quintal,FAQ
Sattenapalli APMC,0.1,Metric Tonnes,B P T,2350.0,2450.0,2400.0,Rs./Quintal,FAQ
Srikakulam APMC,0.1,Metric Tonnes,1001,2400.0,2400.0,2400.0,Rs./Quintal,FAQ
Srikalahasti APMC,0.1,Metric Tonnes,Paddy Medium,2300.0,2600.0,2450.0,Rs./Quintal,Local
Sullurpet APMC,0.1,Metric Tonnes,MTU-1010,2420.0,2460.0,2440.0,Rs./Quintal,Local
Tadepalligudem APMC,1.0,Metric Tonnes,1001,2450.0,2450.0,2450.0,Rs./Quintal,FAQ
Tanuku APMC,0.1,Metric Tonnes,1001,2445.0,2445.0,2445.0,Rs./Quintal,Local
Tiruvuru APMC,40.0,Metric Tonnes,Sona,2800.0,2800.0,2800.0,Rs./Quintal,Local
Udayagiri APMC,1.0,Metric Tonnes,Paddy,2444.0,2464.0,2454.0,Rs./Quintal,Local
Undi APMC,0.1,Metric Tonnes,MTU-1001,2369.0,2369.0,2369.0,Rs./Quintal,Local
Ungatur APMC,1.0,Metric Tonnes,1001,2445.0,2445.0,2445.0,Rs./Quintal,Local
Vakadu APMC,0.1,Metric Tonnes,B P T,2389.0,2410.0,2400.0,Rs./Quintal,Local
Venkatagiri APMC,0.075,Metric Tonnes,MTU-1010,2350.0,2400.0,2370.0,Rs./Quintal,FAQ
Vijayawada APMC,0.1,Metric Tonnes,1001,2369.0,2369.0,2369.0,Rs./Quintal,Local
Vinukonda APMC,1.0,Metric Tonnes,Paddy,2300.0,2500.0,2400.0,Rs./Quintal,FAQ
Yellamanchili APMC,0.1,Metric Tonnes,1001,2390.0,2450.0,2400.0,Rs./Quintal,Local
Total,327.0,Metric Tonnes,,,,2443.39,Rs./Quintal,
State/UT Name : Chattisgarh
Amoda APMC,18.5,Metric Tonnes,I.R. 64,1800.0,1800.0,1800.0,Rs./Quintal,Non-FAQ
Arang APMC,4.7,Metric Tonnes,D.B.,1800.0,1800.0,1800.0,Rs./Quintal,FAQ
Bagbahra APMC,84.0,Metric Tonnes,MTU-1001,1720.0,1720.0,1720.0,Rs./Quintal,Non-FAQ
Balod APMC,2.0,Metric Tonnes,I.R. 36,1910.0,1950.0,1930.0,Rs./Quintal,Non-FAQ
Balodabazar APMC,1.0,Metric Tonnes,Mahamaya,1700.0,1700.0,1700.0,Rs./Quintal,Non-FAQ
Baramkela APMC,32.0,Metric Tonnes,1001,1800.0,1800.0,1800.0,Rs./Quintal,Non-FAQ
Bardewri APMC,16.6,Metric Tonnes,I.R. 64,1800.0,1800.0,1800.0,Rs./Quintal,Non-FAQ
Bhakhara APMC,263.3,Metric Tonnes,Swarna Masuri (New),2170.0,2210.0,2170.0,Rs./Quintal,FAQ
Bhakhara APMC,129.2,Metric Tonnes,I.R. 64,2350.0,2380.0,2368.0,Rs./Quintal,FAQ
Bhakhara APMC,99.3,Metric Tonnes,Om 3,3104.0,3200.0,3173.0,Rs./Quintal,FAQ
Bhatapara APMC,1.0,Metric Tonnes,Shriram,3537.0,3537.0,3537.0,Rs./Quintal,FAQ
Bhatapara APMC,161.9,Metric Tonnes,Paddy Coarse,2188.0,2374.0,2275.0,Rs./Quintal,Non-FAQ
Bhatapara APMC,6.4,Metric Tonnes,HMT,3111.0,3111.0,3111.0,Rs./Quintal,FAQ
Bhatapara APMC,962.3,Metric Tonnes,Mahamaya,2482.0,2690.0,2563.0,Rs./Quintal,FAQ
Bhavarpur APMC,20.0,Metric Tonnes,1001,2100.0,2100.0,2100.0,Rs./Quintal,Non-FAQ
Bhoring APMC,355.0,Metric Tonnes,MTU-1010,2000.0,2000.0,2000.0,Rs./Quintal,Non-FAQ
Bilha APMC,11.7,Metric Tonnes,D.B.,2225.0,2225.0,2225.0,Rs./Quintal,FAQ
Bilha APMC,30.0,Metric Tonnes,Mahamaya,2150.0,2150.0,2150.0,Rs./Quintal,FAQ
Chhuria APMC,224.8,Metric Tonnes,MTU-1010,2200.0,2200.0,2200.0,Rs./Quintal,Non-FAQ
Dhamtari APMC,230.2,Metric Tonnes,Om 3,2400.0,3300.0,3200.0,Rs./Quintal,FAQ
Dhamtari APMC,52.4,Metric Tonnes,I.R. 64,2200.0,2240.0,2210.0,Rs./Quintal,FAQ
Dondi APMC,1.0,Metric Tonnes,I.R.-64,1820.0,1876.0,1850.0,Rs./Quintal,Non-FAQ
Dondilohara APMC,1.0,Metric Tonnes,I.R. 64,1830.0,1850.0,1840.0,Rs./Quintal,Non-FAQ
Dongargaon APMC,217.2,Metric Tonnes,1001,2200.0,2200.0,2200.0,Rs./Quintal,Non-FAQ
Dudhawa APMC,29.4,Metric Tonnes,I.R. 64,1800.0,1800.0,1800.0,Rs./Quintal,Non-FAQ
Gharghoda APMC,5.0,Metric Tonnes,1001,1600.0,1600.0,1600.0,Rs./Quintal,Non-FAQ
Gidam APMC,2.0,Metric Tonnes,1001,1900.0,2100.0,2000.0,Rs./Quintal,Non-FAQ
Gurur APMC,58.5,Metric Tonnes,I.R.-64,1820.0,2050.0,2000.0,Rs./Quintal,Non-FAQ
KRISHI UPAJ MANDI SAMITI (APMC) KANKER,85.9,Metric Tonnes,I.R. 64,1800.0,1800.0,1800.0,Rs./Quintal,Non-FAQ
Kasdol APMC,2.5,Metric Tonnes,D.B.,1800.0,1800.0,1800.0,Rs./Quintal,Non-FAQ
Katghora APMC,3.0,Metric Tonnes,MTU-1010,1702.0,1702.0,1702.0,Rs./Quintal,Non-FAQ
Kharora APMC,2.0,Metric Tonnes,Mahamaya,2120.0,2120.0,2120.0,Rs./Quintal,Non-FAQ
Komakhan APMC,50.0,Metric Tonnes,MTU-1001,2050.0,2050.0,2050.0,Rs./Quintal,Non-FAQ
Kurud APMC,284.3,Metric Tonnes,Mahamaya,2200.0,2706.0,2600.0,Rs./Quintal,FAQ
Kurud APMC,15.6,Metric Tonnes,RB Gold,2761.0,3000.0,2985.0,Rs./Quintal,FAQ
Kurud APMC,85.7,Metric Tonnes,MTU-1010,2252.0,2358.0,2350.0,Rs./Quintal,FAQ
Kurud APMC,5.3,Metric Tonnes,Om 3,3140.0,3216.0,3161.0,Rs./Quintal,FAQ
Kurud APMC,10.4,Metric Tonnes,Samba Masuri,2900.0,3251.0,3000.0,Rs./Quintal,FAQ
Kurud APMC,11.3,Metric Tonnes,Swarna Masuri (New),2100.0,2348.0,2200.0,Rs./Quintal,FAQ
Mungeli APMC,0.5,Metric Tonnes,Mahamaya,2181.0,2395.0,2288.0,Rs./Quintal,FAQ
Nagari APMC,552.6,Metric Tonnes,I.R. 36,2100.0,2300.0,2100.0,Rs./Quintal,Non-FAQ
Narayanpur APMC,1.0,Metric Tonnes,Basmati 1509,1800.0,2000.0,1900.0,Rs./Quintal,Non-FAQ
Navapara APMC,1.5,Metric Tonnes,Mahamaya,2002.0,2318.0,2280.0,Rs./Quintal,Non-FAQ
Navapara APMC,83.8,Metric Tonnes,MTU-1010,2330.0,2358.0,2344.0,Rs./Quintal,Non-FAQ
Navapara APMC,7.8,Metric Tonnes,D.B.,2190.0,2318.0,2282.0,Rs./Quintal,Non-FAQ
Navapara APMC,27.8,Metric Tonnes,RB Gold,2734.0,3138.0,2982.0,Rs./Quintal,FAQ
Navapara APMC,22.3,Metric Tonnes,Om 3,2798.0,3150.0,3072.0,Rs./Quintal,FAQ
Neora APMC,2.8,Metric Tonnes,Mahamaya,1840.0,1840.0,1840.0,Rs./Quintal,Non-FAQ
Pirda APMC,282.3,Metric Tonnes,1001,1800.0,1800.0,1800.0,Rs./Quintal,Non-FAQ
Pithoura APMC,50.0,Metric Tonnes,MTU-1010,2000.0,2000.0,2000.0,Rs./Quintal,Non-FAQ
Pithoura APMC,335.6,Metric Tonnes,1001,1800.0,1800.0,1800.0,Rs./Quintal,Non-FAQ
Raipur APMC,50.0,Metric Tonnes,MTU-1010,2200.0,2200.0,2200.0,Rs./Quintal,Non-FAQ
Rajim APMC,160.0,Metric Tonnes,I.R. 64,2080.0,2090.0,2086.0,Rs./Quintal,Non-FAQ
Sakti APMC,120.0,Metric Tonnes,D.B.,1650.0,2000.0,1650.0,Rs./Quintal,Non-FAQ
Saraypali APMC,50.2,Metric Tonnes,MTU-1001,1865.0,1900.0,1885.0,Rs./Quintal,Non-FAQ
Sariya APMC,8.0,Metric Tonnes,1001,2100.0,2100.0,2100.0,Rs./Quintal,Non-FAQ
Sarona APMC,21.4,Metric Tonnes,I.R. 64,1800.0,1800.0,1800.0,Rs./Quintal,Non-FAQ
Total,5354.0,Metric Tonnes,,,,2251.65,Rs./Quintal,
State/UT Name : Gujarat
Dahod APMC,2.1,Metric Tonnes,Paddy fine,2750.0,2800.0,2775.0,Rs./Quintal,Local
Dehgam APMC,0.7000000000000001,Metric Tonnes,Other,2250.0,2700.0,2475.0,Rs./Quintal,FAQ
Dehgam(Rekhiyal) APMC,0.2,Metric Tonnes,Other,2150.0,2550.0,2350.0,Rs./Quintal,FAQ
Khambhat(Grain Market) APMC,0.010000000000000002,Metric Tonnes,Paddy,2750.0,3710.0,3250.0,Rs./Quintal,Local
Mandvi APMC,0.36000000000000004,Metric Tonnes,Other,1900.0,2000.0,1950.0,Rs./Quintal,Non-FAQ
Total,3.37,Metric Tonnes,,,,2600.74,Rs./Quintal,
State/UT Name : Karnataka
Belur APMC,12.0,Metric Tonnes,Paddy,4600.0,4600.0,4600.0,Rs./Quintal,FAQ
Bhadravathi APMC,10.0,Metric Tonnes,Paddy Medium,2700.0,2700.0,2700.0,Rs./Quintal,Local
Channagiri APMC,22.5,Metric Tonnes,Paddy,2600.0,2600.0,2600.0,Rs./Quintal,Grade Range-1
Davangere APMC,22.5,Metric Tonnes,Paddy Medium,2000.0,2000.0,2000.0,Rs./Quintal,Local
Dharwar APMC,17.0,Metric Tonnes,Paddy,2950.0,2950.0,2950.0,Rs./Quintal,FAQ
Gangavathi APMC,202.4,Metric Tonnes,Sona Masuri (OLD),3467.0,3886.0,3760.0,Rs./Quintal,Non-FAQ
Gangavathi APMC,7.5,Metric Tonnes,Kaveri Sona,2400.0,2400.0,2400.0,Rs./Quintal,Non-FAQ
Gangavathi APMC,108.60000000000001,Metric Tonnes,Paddy RNR new,2900.0,3013.0,2967.0,Rs./Quintal,Non-FAQ
Gangavathi APMC,151.20000000000002,Metric Tonnes,Paddy RNR Old,4133.0,4267.0,4267.0,Rs./Quintal,Non-FAQ
Haliyala APMC,21.400000000000002,Metric Tonnes,Paddy Medium,2700.0,2800.0,2700.0,Rs./Quintal,Local
Hanagal APMC,62.1,Metric Tonnes,Paddy,2400.0,2800.0,2800.0,Rs./Quintal,FAQ
Harihara APMC,323.70000000000005,Metric Tonnes,Paddy RNR new,2300.0,3200.0,2750.0,Rs./Quintal,Non-FAQ
K.R. Pet APMC,30.0,Metric Tonnes,Paddy Coarse,2000.0,2000.0,2000.0,Rs./Quintal,Local
K.R.Nagar APMC,30.0,Metric Tonnes,Paddy Dappa,2600.0,2600.0,2600.0,Rs./Quintal,FAQ
Kampli APMC,30.700000000000003,Metric Tonnes,Paddy,4010.0,4010.0,4010.0,Rs./Quintal,Local
Karatagi APMC,37.9,Metric Tonnes,Paddy RNR Old,3900.0,4000.0,3950.0,Rs./Quintal,FAQ
Karatagi APMC,441.1,Metric Tonnes,Sona Masuri New,2720.0,3300.0,3015.0,Rs./Quintal,Non-FAQ
Karatagi APMC,74.2,Metric Tonnes,Kaveri Sona,2560.0,2650.0,2611.0,Rs./Quintal,Non-FAQ
Karatagi APMC,28.6,Metric Tonnes,Paddy RNR new,3500.0,3500.0,3500.0,Rs./Quintal,Non-FAQ
Karwar APMC,47.5,Metric Tonnes,Paddy Medium,2000.0,2200.0,2100.0,Rs./Quintal,Local
Maddur APMC,105.0,Metric Tonnes,Paddy,2370.0,2400.0,2370.0,Rs./Quintal,Local
Malavalli APMC,300.0,Metric Tonnes,Paddy,2000.0,2200.0,2200.0,Rs./Quintal,FAQ
Mandya APMC,922.0,Metric Tonnes,Paddy,2000.0,2800.0,2300.0,Rs./Quintal,Local
Manvi APMC,177.3,Metric Tonnes,Sona Masuri (OLD),3330.0,3900.0,3688.0,Rs./Quintal,Non-FAQ
Mundgod APMC,43.400000000000006,Metric Tonnes,Paddy Malnad gidda,3050.0,3500.0,3500.0,Rs./Quintal,Non-FAQ
Mysuru APMC,10.0,Metric Tonnes,Paddy,2100.0,2100.0,2100.0,Rs./Quintal,Local
Nandagada APMC,81.5,Metric Tonnes,Paddy,2500.0,3000.0,2800.0,Rs./Quintal,FAQ
Pandavapura APMC,300.0,Metric Tonnes,Paddy Dappa,1800.0,1800.0,1800.0,Rs./Quintal,Local
Raichur APMC,0.6000000000000001,Metric Tonnes,Sona Mahsuri,3271.0,3271.0,3271.0,Rs./Quintal,FAQ
SIRGUPPA APMC,951.0,Metric Tonnes,Paddy RNR Old,3400.0,4120.0,3500.0,Rs./Quintal,Local
SIRGUPPA APMC,139.0,Metric Tonnes,Kaveri Sona,1650.0,1920.0,1880.0,Rs./Quintal,Local
SIRGUPPA APMC,80.80000000000001,Metric Tonnes,Paddy RNR new,2746.0,2800.0,2750.0,Rs./Quintal,Local
Shikaripura APMC,200.20000000000002,Metric Tonnes,Paddy,3500.0,4000.0,3563.0,Rs./Quintal,FAQ
Sindhanur APMC,99.4,Metric Tonnes,Paddy RNR new,2150.0,2730.0,2730.0,Rs./Quintal,FAQ
Sindhanur APMC,508.20000000000005,Metric Tonnes,Paddy RNR Old,3100.0,3820.0,3100.0,Rs./Quintal,FAQ
Sorabha APMC,15.0,Metric Tonnes,Paddy,2400.0,2400.0,2400.0,Rs./Quintal,Local
Srirangapattana APMC,347.70000000000005,Metric Tonnes,Jaya,2000.0,2500.0,2500.0,Rs./Quintal,Local
T. Narasipura APMC,40.0,Metric Tonnes,Paddy,1500.0,1500.0,1500.0,Rs./Quintal,Non-FAQ
Tumakuru APMC,925.9000000000001,Metric Tonnes,Sona,2100.0,3200.0,2600.0,Rs./Quintal,Local
Total,6927.9,Metric Tonnes,,,,2830.51,Rs./Quintal,
State/UT Name : Keralam
Kasargod Market,1.0,Metric Tonnes,Other,2400.0,2600.0,2500.0,Rs./Quintal,Local
Pulpally Market,3.0,Metric Tonnes,Other,3120.0,3140.0,3130.0,Rs./Quintal,Local
Total,4.0,Metric Tonnes,,,,2972.5,Rs./Quintal,
State/UT Name : Madhya Pradesh
Ashoknagar APMC,0.76,Metric Tonnes,Dhan,1760.0,3610.0,3610.0,Rs./Quintal,FAQ
Babai (Makhan Nagar) APMC,3.95,Metric Tonnes,Basmati,3450.0,3450.0,3450.0,Rs./Quintal,FAQ
Baktara APMC,158.55,Metric Tonnes,Puspa (MR 301),4600.0,4700.0,4650.0,Rs./Quintal,FAQ
Balaghat APMC,3.5,Metric Tonnes,Paddy,1815.0,1815.0,1815.0,Rs./Quintal,FAQ
Barghat APMC,5.0,Metric Tonnes,Paddy,2375.0,2380.0,2380.0,Rs./Quintal,FAQ
Beohari APMC,7.0200000000000005,Metric Tonnes,Common,1840.0,1840.0,1840.0,Rs./Quintal,Non-FAQ
Beohari APMC,21.03,Metric Tonnes,Common,1855.0,1870.0,1855.0,Rs./Quintal,FAQ
Bhitarwar APMC,17.989,Metric Tonnes,Dhan,3265.0,3325.0,3325.0,Rs./Quintal,Non-FAQ
Bina APMC,2.0,Metric Tonnes,Dhan,1500.0,1500.0,1500.0,Rs./Quintal,FAQ
Budhar APMC,30.0,Metric Tonnes,Paddy,2000.0,2000.0,2000.0,Rs./Quintal,Non-FAQ
Chhindwara APMC,281.195,Metric Tonnes,Dhan,2105.0,2205.0,2205.0,Rs./Quintal,FAQ
Datia APMC,10.0,Metric Tonnes,Dhan,2510.0,2520.0,2520.0,Rs./Quintal,FAQ
Dindori APMC,9.245000000000001,Metric Tonnes,Dhan,2000.0,2000.0,2000.0,Rs./Quintal,Non-FAQ
Dindori APMC,139.54500000000002,Metric Tonnes,Other,2000.0,2100.0,2025.0,Rs./Quintal,Non-FAQ
Gadarwada APMC,1.0,Metric Tonnes,Puspa (MR 301),3800.0,3800.0,3800.0,Rs./Quintal,FAQ
Ganjbasoda APMC,0.054000000000000006,Metric Tonnes,Paddy,2800.0,2800.0,2800.0,Rs./Quintal,FAQ
Gorakhpur APMC,145.5,Metric Tonnes,Paddy,1915.0,2100.0,2100.0,Rs./Quintal,FAQ
Jabalpur APMC,57.59,Metric Tonnes,Dhan,4555.0,4555.0,4555.0,Rs./Quintal,FAQ
Katni APMC,51.556,Metric Tonnes,Dhan,1700.0,2426.0,2275.0,Rs./Quintal,Non-FAQ
Katni APMC,7.308,Metric Tonnes,Paddy,2235.0,2235.0,2235.0,Rs./Quintal,FAQ
Khairlangi APMC,2.0,Metric Tonnes,Paddy,2100.0,2400.0,2400.0,Rs./Quintal,Non-FAQ
Kotma APMC,18.98,Metric Tonnes,Paddy,2140.0,2150.0,2145.0,Rs./Quintal,FAQ
Krishi Upaj Mandi Samiti Bichhiya,62.90800000000001,Metric Tonnes,Dhan,2290.0,2325.0,2325.0,Rs./Quintal,Non-FAQ
Krishi Upaj Mandi Samiti Bichhiya,120.0,Metric Tonnes,Common,2100.0,2200.0,2200.0,Rs./Quintal,Non-FAQ
Mandla APMC,21.5,Metric Tonnes,Common,1940.0,2200.0,2200.0,Rs./Quintal,Non-FAQ
Narmadapuram APMC,116.435,Metric Tonnes,Dhan,2235.0,2405.0,2285.0,Rs./Quintal,Non-FAQ
Paraswada APMC,3.0,Metric Tonnes,Dhan,2369.0,2369.0,2369.0,Rs./Quintal,FAQ
Pipariya APMC,56.49,Metric Tonnes,Kranti,1780.0,1862.0,1862.0,Rs./Quintal,FAQ
Pipariya APMC,201.91,Metric Tonnes,Puspa (MR 301),3500.0,4350.0,4200.0,Rs./Quintal,FAQ
Raisen APMC,0.8150000000000001,Metric Tonnes,Basmati,2000.0,3000.0,3000.0,Rs./Quintal,FAQ
Shahdol APMC,18.5,Metric Tonnes,Dhan,1850.0,1850.0,1850.0,Rs./Quintal,Non-FAQ
Shahpura Bhitoni (F&V) APMC,23.900000000000002,Metric Tonnes,Paddy,1875.0,1905.0,1905.0,Rs./Quintal,FAQ
Shamshabad APMC,8.5,Metric Tonnes,Paddy,1800.0,1920.0,1920.0,Rs./Quintal,Non-FAQ
Udaipura APMC,11.957,Metric Tonnes,Paddy,4190.0,4220.0,4220.0,Rs./Quintal,FAQ
Varaseoni APMC,14.580000000000002,Metric Tonnes,Paddy,2175.0,3705.0,3650.0,Rs./Quintal,Non-FAQ
Varaseoni APMC,10.765,Metric Tonnes,Paddy,2140.0,3730.0,3700.0,Rs./Quintal,FAQ
Vidisha APMC,11.666,Metric Tonnes,Paddy,3100.0,4500.0,4500.0,Rs./Quintal,FAQ
Total,1656.7,Metric Tonnes,,,,2790.09,Rs./Quintal,
State/UT Name : Maharashtra
APMC Armori ,21.5,Metric Tonnes,Other,3080.0,3520.0,3140.0,Rs./Quintal,FAQ
APMC Chamorshi ,4.2,Metric Tonnes,Other,3402.0,3860.0,3635.0,Rs./Quintal,FAQ
APMC Gadchiroli ,8.6,Metric Tonnes,Other,2600.0,3640.0,2960.0,Rs./Quintal,FAQ
APMC Karjat(Raigad) ,7.5,Metric Tonnes,Other,2369.0,2450.0,2400.0,Rs./Quintal,FAQ
APMC Mul ,69.5,Metric Tonnes,Other,3600.0,3902.0,3750.0,Rs./Quintal,FAQ
APMC Pombhurna,9.5,Metric Tonnes,Other,3320.0,3500.0,3460.0,Rs./Quintal,FAQ
APMC Roha ,0.2,Metric Tonnes,Other,2370.0,2450.0,2410.0,Rs./Quintal,FAQ
APMC Savali ,18.4,Metric Tonnes,Other,3510.0,3890.0,3680.0,Rs./Quintal,FAQ
APMC Tumsar ,7.6,Metric Tonnes,Other,2150.0,2150.0,2150.0,Rs./Quintal,Non-FAQ
APMC Tumsar ,20.0,Metric Tonnes,Other,2800.0,2951.0,2875.0,Rs./Quintal,FAQ
Armori(Desaiganj) ,24.8,Metric Tonnes,Other,2600.0,3650.0,2978.0,Rs./Quintal,FAQ
Armori(Desaiganj) ,6.0,Metric Tonnes,Other,2050.0,2120.0,2097.0,Rs./Quintal,Non-FAQ
Total,197.8,Metric Tonnes,,,,3277.04,Rs./Quintal,
State/UT Name : Manipur
Bishenpur APMC,1.0,Metric Tonnes,Other,3000.0,3000.0,3000.0,Rs./Quintal,Local
Imphal APMC,0.8,Metric Tonnes,Other,3000.0,3000.0,3000.0,Rs./Quintal,Local
Kakching Market APMC,1.2,Metric Tonnes,Other,3000.0,3000.0,3000.0,Rs./Quintal,Local
Lamlong Bazaar APMC,1.0,Metric Tonnes,Other,3000.0,3000.0,3000.0,Rs./Quintal,Local
Thoubal APMC,0.8,Metric Tonnes,Other,3000.0,3000.0,3000.0,Rs./Quintal,Local
Total,4.8,Metric Tonnes,,,,3000.0,Rs./Quintal,
State/UT Name : NCT of Delhi
APMC Najafgarh,1.5,Metric Tonnes,Paddy,3991.0,3991.0,3991.0,Rs./Quintal,FAQ
APMC Narela,417.0,Metric Tonnes,Paddy,2900.0,4700.0,3800.0,Rs./Quintal,FAQ
Total,418.5,Metric Tonnes,,,,3800.68,Rs./Quintal,
State/UT Name : Odisha
Karanjia APMC,0.4,Metric Tonnes,Other,2369.0,2369.0,2369.0,Rs./Quintal,FAQ
Total,0.4,Metric Tonnes,,,,2369.0,Rs./Quintal,
State/UT Name : Rajasthan
Baran APMC,0.4,Metric Tonnes,Other,3500.0,3500.0,3500.0,Rs./Quintal,Local
Bundi APMC,20.0,Metric Tonnes,Other,2500.0,3400.0,2950.0,Rs./Quintal,FAQ
Total,20.4,Metric Tonnes,,,,2960.78,Rs./Quintal,
State/UT Name : Tamil Nadu
Ammoor APMC,354.09,Metric Tonnes,Other,1774.0,3480.0,2627.0,Rs./Quintal,Local
Arani APMC,51.68,Metric Tonnes,Other,2519.0,3319.0,2919.0,Rs./Quintal,Local
Avalurpet APMC,130.17,Metric Tonnes,Other,2192.0,3555.0,2873.5,Rs./Quintal,Local
Chetpet APMC,3.95,Metric Tonnes,ADT 37,1493.0,2439.0,1966.0,Rs./Quintal,Local
Cheyyar APMC,114.8,Metric Tonnes,Other,2010.0,2920.0,2465.0,Rs./Quintal,Local
Cuddalore APMC,9.31,Metric Tonnes,Other,2216.0,2244.0,2230.0,Rs./Quintal,Local
Kuthalam APMC,19.46,Metric Tonnes,Other,2100.0,2280.0,2190.0,Rs./Quintal,Local
Madathukulam APMC,5.7,Metric Tonnes,Other,2000.0,2400.0,2200.0,Rs./Quintal,Local
Madurai APMC,35.17,Metric Tonnes,Other,3600.0,4000.0,3800.0,Rs./Quintal,Local
Polur(Thiruvannamalai) APMC,1.88,Metric Tonnes,ADT 37,1772.0,1981.0,1876.5,Rs./Quintal,Local
Pongalur APMC,3.0,Metric Tonnes,Other,2000.0,2500.0,2250.0,Rs./Quintal,Local
Sangarapuram APMC,2.92,Metric Tonnes,Other,2211.0,3106.0,2658.5,Rs./Quintal,Local
Shrimushnam APMC,2.21,Metric Tonnes,Other,2145.0,2479.0,2312.0,Rs./Quintal,Local
Thanjavur APMC,34.98,Metric Tonnes,B P T,2800.0,3000.0,2900.0,Rs./Quintal,Local
Thirukovilur APMC,154.08,Metric Tonnes,ADT 37,2119.0,2360.0,2239.5,Rs./Quintal,Local
Thirunavalur APMC,0.62,Metric Tonnes,Other,2056.0,2450.0,2253.0,Rs./Quintal,Local
Tiruttani APMC,11.25,Metric Tonnes,Other,1800.0,2000.0,1900.0,Rs./Quintal,Local
Vandavasi APMC,191.28,Metric Tonnes,Other,1827.0,3347.0,2587.0,Rs./Quintal,Local
Vellore APMC,59.85,Metric Tonnes,Other,2195.0,3293.0,2744.0,Rs./Quintal,Local
Villupuram APMC,25.09,Metric Tonnes,Other,2001.0,2937.0,2469.0,Rs./Quintal,Local
Total,1211.49,Metric Tonnes,,,,2615.66,Rs./Quintal,
State/UT Name : Telangana
Alampur APMC,57.0,Metric Tonnes,Common,1800.0,2400.0,2000.0,Rs./Quintal,Local
Bhadrachalam APMC,0.001,Metric Tonnes,Samba Masuri,2389.0,2389.0,2389.0,Rs./Quintal,FAQ
Choppadandi APMC,0.1,Metric Tonnes,I.R.-64,2100.0,2100.0,2100.0,Rs./Quintal,Non-FAQ
Gajwel APMC,5.0,Metric Tonnes,1001,2400.0,2400.0,2400.0,Rs./Quintal,Local
Gambhiraopet APMC,90.0,Metric Tonnes,1001,2390.0,2390.0,2390.0,Rs./Quintal,Local
Gangadhara APMC,0.001,Metric Tonnes,I.R. 64,2369.0,2369.0,2369.0,Rs./Quintal,FAQ
Huzurnagar APMC,0.001,Metric Tonnes,B P T,2461.0,2461.0,2461.0,Rs./Quintal,Local
Huzzurabad APMC,0.001,Metric Tonnes,MTU-1010,2369.0,2389.0,2369.0,Rs./Quintal,FAQ
Jangaon APMC,3.64,Metric Tonnes,I.R. 64,2211.0,2211.0,2211.0,Rs./Quintal,Local
Kagaznagar APMC,892.535,Metric Tonnes,Paddy,2127.28,2127.28,2127.28,Rs./Quintal,Grade Range-3
Kamalapur APMC,0.001,Metric Tonnes,Common,2369.0,2389.0,2369.0,Rs./Quintal,FAQ
Kesamudram APMC,25.200000000000003,Metric Tonnes,Samba Masuri,1709.0,4009.0,3171.0,Rs./Quintal,Local
Mahabubabad APMC,10.44,Metric Tonnes,Common,2836.0,4352.0,3226.0,Rs./Quintal,Local
Mahbubnagar APMC,0.30000000000000004,Metric Tonnes,Hansa,2550.0,2550.0,2550.0,Rs./Quintal,FAQ
Nelakondapally APMC,50.0,Metric Tonnes,HMT,2360.0,2400.0,2389.0,Rs./Quintal,Local
Neredcherla APMC,130.0,Metric Tonnes,B P T,2400.0,2400.0,2400.0,Rs./Quintal,Local
Sattupally APMC,115.0,Metric Tonnes,Samba Masuri,2300.0,2369.0,2350.0,Rs./Quintal,Non-FAQ
Suryapeta APMC,10.100000000000001,Metric Tonnes,B P T,2996.0,3809.0,3015.0,Rs./Quintal,Local
Suryapeta APMC,23.400000000000002,Metric Tonnes,Other,2119.0,4239.0,3666.0,Rs./Quintal,Local
Suryapeta APMC,2.4000000000000004,Metric Tonnes,HMT,2500.0,3582.0,3582.0,Rs./Quintal,Local
Suryapeta APMC,2.9000000000000004,Metric Tonnes,I.R.-64,1836.0,2153.0,1856.0,Rs./Quintal,Local
Tirumalagiri APMC,8.4,Metric Tonnes,I.R. 64,2242.0,2262.0,2259.0,Rs./Quintal,FAQ
Tirumalagiri APMC,2.9000000000000004,Metric Tonnes,B P T,3209.0,3209.0,3209.0,Rs./Quintal,FAQ
V.Saidapur APMC,0.1,Metric Tonnes,MTU-1010,2389.0,2389.0,2389.0,Rs./Quintal,FAQ
V.Saidapur APMC,0.1,Metric Tonnes,1001,2369.0,2369.0,2369.0,Rs./Quintal,Non-FAQ
Total,1429.52,Metric Tonnes,,,,2254.65,Rs./Quintal,
State/UT Name : Tripura
Kadamtala,0.5,Metric Tonnes,Masuri,3500.0,4000.0,4000.0,Rs./Quintal,FAQ
Total,0.5,Metric Tonnes,,,,4000.0,Rs./Quintal,
State/UT Name : Uttar Pradesh
Ahirora APMC,68.0,Metric Tonnes,Other,2400.0,2450.0,2411.03,Rs./Quintal,FAQ
Aligarh APMC,8.0,Metric Tonnes,Basmati,3000.0,3000.0,3000.0,Rs./Quintal,FAQ
Bahraich APMC,9.3,Metric Tonnes,Other,2000.0,2000.0,2000.0,Rs./Quintal,FAQ
Banthara APMC,86.03,Metric Tonnes,Common,2100.0,3100.0,2996.57,Rs./Quintal,FAQ
Barabanki APMC,23.875,Metric Tonnes,Common,2200.0,2200.0,2200.0,Rs./Quintal,FAQ
Bareilly APMC,16.615,Metric Tonnes,Other,2355.0,2400.0,2364.47,Rs./Quintal,FAQ
Basti APMC,37.2,Metric Tonnes,Common,2500.0,2500.0,2500.0,Rs./Quintal,FAQ
Bhehjoi APMC,216.0,Metric Tonnes,Other,2480.0,2540.0,2507.95,Rs./Quintal,FAQ
Buland Shahr APMC,36.56,Metric Tonnes,Basmati,3201.0,3770.0,3653.57,Rs./Quintal,FAQ
Buland Shahr APMC,19.042,Metric Tonnes,Other,3692.5,3925.0,3803.25,Rs./Quintal,FAQ
Chandausi APMC,3.0,Metric Tonnes,Other,2600.0,2600.0,2600.0,Rs./Quintal,FAQ
Charra APMC,4.0,Metric Tonnes,Basmati,3500.0,3500.0,3500.0,Rs./Quintal,FAQ
Chorichora APMC,17.14,Metric Tonnes,Common,2200.0,2200.0,2200.0,Rs./Quintal,FAQ
Devariya APMC,20.0,Metric Tonnes,Other,2200.0,2200.0,2200.0,Rs./Quintal,FAQ
Devariya APMC,28.8,Metric Tonnes,Common,2499.95,2500.0,2499.99,Rs./Quintal,FAQ
Etah APMC,28.863,Metric Tonnes,Basmati,2700.0,2700.0,2700.0,Rs./Quintal,FAQ
Gangoh APMC,56.43,Metric Tonnes,Other,3250.0,4050.0,3847.43,Rs./Quintal,FAQ
Gangoh APMC,186.175,Metric Tonnes,Basmati,3000.0,3870.0,3581.61,Rs./Quintal,FAQ
Golagokarnath APMC,129.7904,Metric Tonnes,Common,1700.0,3000.0,2245.38,Rs./Quintal,FAQ
Gonda APMC,9.5,Metric Tonnes,Common,1850.0,1850.0,1850.0,Rs./Quintal,FAQ
Hapur APMC,38.28,Metric Tonnes,Basmati,3500.0,3701.0,3584.93,Rs./Quintal,FAQ
Hardoi APMC,232.2,Metric Tonnes,Common,3500.0,3500.0,3500.0,Rs./Quintal,FAQ
Jafarganj APMC,11.8,Metric Tonnes,Common,2450.0,2455.0,2452.46,Rs./Quintal,FAQ
Jahangirabad APMC,2.327,Metric Tonnes,Common,3501.0,3501.0,3501.0,Rs./Quintal,FAQ
Jahangirabad APMC,13.507,Metric Tonnes,Basmati,3501.0,3731.0,3550.4,Rs./Quintal,FAQ
Jahangirabad APMC,23.072,Metric Tonnes,Other,3500.0,3801.0,3620.55,Rs./Quintal,FAQ
Jayas APMC,15.17,Metric Tonnes,Common,2600.0,2600.0,2600.0,Rs./Quintal,FAQ
Jhijhank APMC,4.0,Metric Tonnes,Common,1800.0,1800.0,1800.0,Rs./Quintal,FAQ
Kayamganj APMC,10.0,Metric Tonnes,Basmati,2000.0,2000.0,2000.0,Rs./Quintal,FAQ
Kayamganj APMC,4.0,Metric Tonnes,SuperFine(Basmati),2000.0,2000.0,2000.0,Rs./Quintal,FAQ
Kosikalan APMC,0.6527,Metric Tonnes,Common,3000.0,3000.0,3000.0,Rs./Quintal,FAQ
Kosikalan APMC,27.5,Metric Tonnes,Other,3051.0,3787.0,3423.08,Rs./Quintal,FAQ
Kosikalan APMC,63.479,Metric Tonnes,Basmati,3000.0,3829.0,3665.27,Rs./Quintal,FAQ
Lakhimpur APMC,97.87,Metric Tonnes,Common,1850.0,2130.0,2058.45,Rs./Quintal,FAQ
Mohamadabad APMC,5.5,Metric Tonnes,Basmati,2015.0,2015.0,2015.0,Rs./Quintal,FAQ
Mohammdi APMC,62.7,Metric Tonnes,Other,1800.0,1800.0,1800.0,Rs./Quintal,FAQ
Mugrabaadshahpur APMC,193.37,Metric Tonnes,Common,2150.0,2600.0,2233.24,Rs./Quintal,FAQ
Nawabganj APMC,19.0,Metric Tonnes,Common,2500.0,2500.0,2500.0,Rs./Quintal,FAQ
Partaval APMC,6.0,Metric Tonnes,Common,2400.0,2650.0,2533.33,Rs./Quintal,FAQ
Payagpur APMC,10.0,Metric Tonnes,Common,2500.0,2500.0,2500.0,Rs./Quintal,FAQ
Pilibhit APMC,5.135,Metric Tonnes,Common,1800.0,1800.0,1800.0,Rs./Quintal,FAQ
Powayan APMC,28.94,Metric Tonnes,Other,1850.0,1860.0,1853.63,Rs./Quintal,FAQ
Powayan APMC,143.024,Metric Tonnes,Common,1850.0,1900.0,1856.13,Rs./Quintal,FAQ
Pratapgarh APMC,23.31,Metric Tonnes,Common,2200.0,3000.0,2745.69,Rs./Quintal,FAQ
Puranpur APMC,213.635,Metric Tonnes,Common,1900.0,4200.0,2004.63,Rs./Quintal,FAQ
Puranpur APMC,35.714,Metric Tonnes,Other,2800.0,2800.0,2800.0,Rs./Quintal,FAQ
Puranpur APMC,41.495,Metric Tonnes,Basmati,4200.0,4200.0,4200.0,Rs./Quintal,FAQ
Raibareilly APMC,30.0,Metric Tonnes,Common,3000.0,3100.0,3033.33,Rs./Quintal,FAQ
Safdarganj APMC,28.4,Metric Tonnes,Common,3000.0,3000.0,3000.0,Rs./Quintal,FAQ
Saharanpur APMC,2.18,Metric Tonnes,Basmati,3400.0,3400.0,3400.0,Rs./Quintal,FAQ
Salon APMC,17.6,Metric Tonnes,Common,2025.0,2025.0,2025.0,Rs./Quintal,FAQ
Sambhal APMC,29.714,Metric Tonnes,Other,2870.0,2870.0,2870.0,Rs./Quintal,FAQ
Shahjahanpur APMC,18.0,Metric Tonnes,Other,1800.0,1800.0,1800.0,Rs./Quintal,FAQ
Sitapur APMC,3.28,Metric Tonnes,Samba Masuri,2850.0,2850.0,2850.0,Rs./Quintal,FAQ
Sultanpur APMC,33.55,Metric Tonnes,Common,2940.0,2980.0,2959.05,Rs./Quintal,FAQ
Unnao APMC,7.0,Metric Tonnes,Other,2600.0,2600.0,2600.0,Rs./Quintal,FAQ
Utraula APMC,22.0,Metric Tonnes,Common,2300.0,2300.0,2300.0,Rs./Quintal,FAQ
Uttaripura APMC,281.0,Metric Tonnes,Common,2499.98,2500.0,2500.0,Rs./Quintal,FAQ
Yusufpur APMC,77.96,Metric Tonnes,Common,2900.0,2900.0,2900.0,Rs./Quintal,FAQ
Total,2886.69,Metric Tonnes,,,,2684.02,Rs./Quintal,
State/UT Name : West Bengal
Bankura Sadar APMC,3.5500000000000003,Metric Tonnes,Common,1980.0,2400.0,2369.0,Rs./Quintal,FAQ
Birbhum APMC,67.0,Metric Tonnes,Common,2371.0,2373.0,2372.0,Rs./Quintal,FAQ
Bolpur APMC,61.0,Metric Tonnes,Common,2371.0,2373.0,2372.0,Rs./Quintal,FAQ
Ghatal APMC,13.100000000000001,Metric Tonnes,Common,2440.0,2460.0,2455.0,Rs./Quintal,FAQ
Indus(Bankura Sadar) APMC,3.0,Metric Tonnes,Common,1950.0,2400.0,2369.0,Rs./Quintal,FAQ
Jangipur APMC,32.25,Metric Tonnes,I.R. 36,2450.0,2550.0,2500.0,Rs./Quintal,FAQ
Khatra APMC,0.8,Metric Tonnes,Swarna Masuri (New),2300.0,2389.0,2369.0,Rs./Quintal,FAQ
Rampurhat APMC,40.0,Metric Tonnes,Common,2390.0,2410.0,2400.0,Rs./Quintal,FAQ
Sainthia APMC,62.0,Metric Tonnes,Common,2371.0,2373.0,2372.0,Rs./Quintal,FAQ
Total,282.7,Metric Tonnes,,,,2394.33,Rs./Quintal,
Grand Total,20725.77,Metric Tonnes,,,,2617.03,Rs./Quintal,
Rice
State/UT Name : Andhra Pradesh
Narasaraopet APMC,0.1,Metric Tonnes,B P T,6000.0,6000.0,6000.0,Rs./Quintal,FAQ
Tiruvuru APMC,70.0,Metric Tonnes,Sona,4900.0,4900.0,4900.0,Rs./Quintal,Local
Visakhapatnam APMC,0.1,Metric Tonnes,B P T,6300.0,6300.0,6300.0,Rs./Quintal,Grade Range-1
Total,70.2,Metric Tonnes,,,,4903.56,Rs./Quintal,
State/UT Name : Assam
Fancy Bazaar APMC,80.0,Metric Tonnes,Common,3100.0,3500.0,3300.0,Rs./Quintal,FAQ
Fancy Bazaar APMC,60.0,Metric Tonnes,Fine,3200.0,11000.0,7500.0,Rs./Quintal,FAQ
Fancy Bazaar APMC,70.0,Metric Tonnes,Super Fine,7500.0,12000.0,9500.0,Rs./Quintal,FAQ
Total,210.0,Metric Tonnes,,,,6566.67,Rs./Quintal,
State/UT Name : Gujarat
Dahod APMC,0.6000000000000001,Metric Tonnes,Lashkari,5000.0,6500.0,6045.0,Rs./Quintal,FAQ
Total,0.6,Metric Tonnes,,,,6045.0,Rs./Quintal,
State/UT Name : Karnataka
Bangarpet APMC,8.0,Metric Tonnes,IR 20,3600.0,4500.0,4000.0,Rs./Quintal,Local
Bengaluru APMC,2551.6000000000004,Metric Tonnes,Dappa,3000.0,3100.0,3050.0,Rs./Quintal,Medium
Bengaluru APMC,2551.6000000000004,Metric Tonnes,Medium,5000.0,6000.0,5500.0,Rs./Quintal,Medium
Bengaluru APMC,3402.0,Metric Tonnes,Fine,6000.0,7000.0,6500.0,Rs./Quintal,Medium
Bhadravathi APMC,25.0,Metric Tonnes,Medium,2500.0,2500.0,2500.0,Rs./Quintal,Local
Bidar APMC,10.0,Metric Tonnes,CR 1009 (Coarse) Boiled,4500.0,5500.0,5100.0,Rs./Quintal,Small
Challakere APMC,25.400000000000002,Metric Tonnes,Medium,2600.0,2600.0,2600.0,Rs./Quintal,Local
Chikkamagaluru APMC,4.1000000000000005,Metric Tonnes,Sona Masuri New,8000.0,8000.0,8000.0,Rs./Quintal,Local
Davangere APMC,20.0,Metric Tonnes,Medium,2400.0,2400.0,2400.0,Rs./Quintal,Local
Doddaballapur APMC,14.5,Metric Tonnes,Broken Rice,2600.0,2600.0,2600.0,Rs./Quintal,Medium
Gangavathi APMC,150.0,Metric Tonnes,Other,2080.0,2700.0,2610.0,Rs./Quintal,Small
Haveri APMC,20.1,Metric Tonnes,Coarse,2500.0,2500.0,2500.0,Rs./Quintal,Large
Kalaburagi APMC,3.0,Metric Tonnes,Broken Rice,2300.0,3550.0,2650.0,Rs./Quintal,Local
Kalaburagi APMC,1.5,Metric Tonnes,Fine,4200.0,5500.0,4400.0,Rs./Quintal,Local
Kalaburagi APMC,2.0,Metric Tonnes,Coarse,3400.0,4200.0,3900.0,Rs./Quintal,Local
Kampli APMC,45.1,Metric Tonnes,Medium,5400.0,5650.0,5525.0,Rs./Quintal,Local
Malavalli APMC,150.0,Metric Tonnes,Coarse,2600.0,2600.0,2600.0,Rs./Quintal,Medium
Mandya APMC,30.8,Metric Tonnes,Broken Rice,2600.0,2600.0,2600.0,Rs./Quintal,Local
Mandya APMC,1300.0,Metric Tonnes,Other,2826.0,2860.0,2831.0,Rs./Quintal,Local
Manvi APMC,98.10000000000001,Metric Tonnes,Other,2600.0,4250.0,3135.0,Rs./Quintal,Small
Mundgod APMC,2.5,Metric Tonnes,Boiled Rice,2400.0,2400.0,2400.0,Rs./Quintal,Small
Mysuru APMC,202.60000000000002,Metric Tonnes,Fine,2400.0,4300.0,2400.0,Rs./Quintal,Local
Sakaleshpura APMC,5.5,Metric Tonnes,Boiled Rice,2750.0,2750.0,2750.0,Rs./Quintal,Small
Shimoga APMC,47.900000000000006,Metric Tonnes,Dappa,2500.0,2500.0,2500.0,Rs./Quintal,Local
Sindhanur APMC,83.2,Metric Tonnes,Medium,2790.0,5335.0,5335.0,Rs./Quintal,FAQ
Sorabha APMC,50.0,Metric Tonnes,Fine,2500.0,2500.0,2500.0,Rs./Quintal,Local
T. Narasipura APMC,14.0,Metric Tonnes,Broken Rice,2700.0,2700.0,2700.0,Rs./Quintal,Small
Tumakuru APMC,817.3000000000001,Metric Tonnes,Other,3800.0,6500.0,5100.0,Rs./Quintal,Local
Vijayapura APMC,10.4,Metric Tonnes,Other,6450.0,6450.0,6450.0,Rs./Quintal,Local
Total,11646.2,Metric Tonnes,,,,4713.94,Rs./Quintal,
State/UT Name : Keralam
Kottayam Market,6.0,Metric Tonnes,Other,4400.0,5400.0,4900.0,Rs./Quintal,FAQ
Pulpally Market,1.0,Metric Tonnes,Other,6100.0,6300.0,6200.0,Rs./Quintal,Local
Total,7.0,Metric Tonnes,,,,5085.71,Rs./Quintal,
State/UT Name : Maharashtra
APMC Alibagh ,1.0,Metric Tonnes,Other,4000.0,4500.0,4250.0,Rs./Quintal,Local
APMC Karjat(Raigad) ,13.9,Metric Tonnes,Other,3700.0,5600.0,5000.0,Rs./Quintal,Local
APMC Mangaon ,14.4,Metric Tonnes,Other,1900.0,4800.0,3800.0,Rs./Quintal,Local
APMC Mumbai ,338.4,Metric Tonnes,Other,8000.0,11000.0,10000.0,Rs./Quintal,Local
APMC Murud ,1.0,Metric Tonnes,Other,4000.0,4500.0,4250.0,Rs./Quintal,Local
APMC Nagpur ,5.7,Metric Tonnes,Other,6200.0,6500.0,6425.0,Rs./Quintal,Local
APMC Palghar ,19.0,Metric Tonnes,1009 Kar,4600.0,4600.0,4600.0,Rs./Quintal,Local
APMC Pune ,56.4,Metric Tonnes,Other,4500.0,7600.0,6050.0,Rs./Quintal,Local
APMC Solapur ,78.8,Metric Tonnes,Other,3575.0,7345.0,4180.0,Rs./Quintal,Local
APMC Ulhasnagar ,57.0,Metric Tonnes,Other,4000.0,6000.0,5000.0,Rs./Quintal,Local
APMC Umared ,1.6,Metric Tonnes,Other,4000.0,6000.0,5000.0,Rs./Quintal,Local
Kolhapur(Laxmipuri) ,18.4,Metric Tonnes,1009 Kar,3200.0,9600.0,6400.0,Rs./Quintal,Local
Total,605.6,Metric Tonnes,,,,7797.4,Rs./Quintal,
State/UT Name : Manipur
Bishenpur APMC,1.5,Metric Tonnes,Other,5100.0,5100.0,5100.0,Rs./Quintal,Local
Imphal APMC,1.7,Metric Tonnes,Other,5100.0,5100.0,5100.0,Rs./Quintal,Local
Kakching Market APMC,1.3,Metric Tonnes,Other,5100.0,5100.0,5100.0,Rs./Quintal,Local
Lamlong Bazaar APMC,1.3,Metric Tonnes,Other,5100.0,5100.0,5100.0,Rs./Quintal,Local
Thoubal APMC,1.5,Metric Tonnes,Other,5100.0,5100.0,5100.0,Rs./Quintal,Local
Total,7.3,Metric Tonnes,,,,5100.0,Rs./Quintal,
State/UT Name : Meghalaya
Shillong APMC,1.2,Metric Tonnes,Khaw Khasi,5600.0,5800.0,5700.0,Rs./Quintal,FAQ
Total,1.2,Metric Tonnes,,,,5700.0,Rs./Quintal,
State/UT Name : NCT of Delhi
APMC Najafgarh,403.90000000000003,Metric Tonnes,Other,2695.0,9850.0,4570.0,Rs./Quintal,FAQ
Total,403.9,Metric Tonnes,,,,4570.0,Rs./Quintal,
State/UT Name : Odisha
Bolangir APMC,6.0,Metric Tonnes,Suvarna Best,3600.0,4000.0,3800.0,Rs./Quintal,Local
Karanjia APMC,0.4,Metric Tonnes,Common,3500.0,3600.0,3600.0,Rs./Quintal,FAQ
Karanjia APMC,0.5,Metric Tonnes,Other,3600.0,3700.0,3700.0,Rs./Quintal,FAQ
Tusura APMC,5.2,Metric Tonnes,Boiled Rice,3600.0,4000.0,3800.0,Rs./Quintal,Local
Total,12.1,Metric Tonnes,,,,3789.26,Rs./Quintal,
State/UT Name : Tripura
Bishalgarh APMC,0.4,Metric Tonnes,Fine,4300.0,4500.0,4400.0,Rs./Quintal,Local
Bishalgarh APMC,0.4,Metric Tonnes,Masuri,3700.0,3900.0,3800.0,Rs./Quintal,Local
Boxonagar,0.15000000000000002,Metric Tonnes,Coarse,3500.0,3700.0,3600.0,Rs./Quintal,Local
Boxonagar,0.09000000000000001,Metric Tonnes,Fine,4800.0,5000.0,4900.0,Rs./Quintal,Local
Dasda APMC,3.0,Metric Tonnes,Other,3250.0,3350.0,3300.0,Rs./Quintal,FAQ
Jampuijala APMC,0.4,Metric Tonnes,Fine,4000.0,4400.0,4200.0,Rs./Quintal,FAQ
Jampuijala APMC,0.4,Metric Tonnes,Fine,4000.0,4400.0,4200.0,Rs./Quintal,Grade Range-1
Kalyanpur APMC,7.0,Metric Tonnes,Masuri,4200.0,4300.0,4250.0,Rs./Quintal,FAQ
Masli,0.30000000000000004,Metric Tonnes,1009 Kar,3200.0,4000.0,3500.0,Rs./Quintal,Local
Santir Bazar APMC,10.5,Metric Tonnes,Masuri,4200.0,4400.0,4300.0,Rs./Quintal,Local
Total,22.64,Metric Tonnes,,,,4128.58,Rs./Quintal,
State/UT Name : Uttar Pradesh
Agra APMC,18.782,Metric Tonnes,Other,6769.0,8089.0,6977.03,Rs./Quintal,FAQ
Ahirora APMC,27.315,Metric Tonnes,Common,3400.0,4600.0,4088.63,Rs./Quintal,FAQ
Ayodhya APMC,26.5,Metric Tonnes,Common,2000.0,2000.0,2000.0,Rs./Quintal,FAQ
Azamgarh APMC,122.305,Metric Tonnes,Common,2400.0,2700.0,2469.7,Rs./Quintal,FAQ
Baberu APMC,6.3,Metric Tonnes,Other,2700.0,2700.0,2700.0,Rs./Quintal,FAQ
Bachranwa APMC,16.77,Metric Tonnes,Common,2700.0,2700.0,2700.0,Rs./Quintal,FAQ
Bahraich APMC,61.5,Metric Tonnes,Common,2300.0,2300.0,2300.0,Rs./Quintal,FAQ
Bangarmau APMC,1.56,Metric Tonnes,Common,2600.0,2600.0,2600.0,Rs./Quintal,FAQ
Banthara APMC,2.36,Metric Tonnes,Other,6385.0,12160.0,6433.94,Rs./Quintal,FAQ
Banthara APMC,23.423,Metric Tonnes,Basmati Dawat,7292.76,9545.48,8280.19,Rs./Quintal,FAQ
Banthara APMC,15.38,Metric Tonnes,Broken Rice,2602.14,2602.14,2602.14,Rs./Quintal,FAQ
Banthara APMC,48.4,Metric Tonnes,Common,2200.0,2600.0,2394.21,Rs./Quintal,FAQ
Banthara APMC,20.09,Metric Tonnes,AP Raw Rice SilkyRaw,4062.02,4062.02,4062.02,Rs./Quintal,FAQ
Banthara APMC,93.176,Metric Tonnes,Sona St.,5238.86,6177.74,5343.76,Rs./Quintal,FAQ
Banthara APMC,70.197,Metric Tonnes,Sona Raw Old,3262.38,4108.07,3883.27,Rs./Quintal,FAQ
Banthara APMC,5.2,Metric Tonnes,Jeera Samba,5317.73,5317.73,5317.73,Rs./Quintal,FAQ
Barabanki APMC,2.54,Metric Tonnes,Other,6480.0,12999.0,7469.24,Rs./Quintal,FAQ
Bareilly APMC,10.49,Metric Tonnes,Other,5897.0,8944.0,6088.71,Rs./Quintal,FAQ
Basti APMC,24.5,Metric Tonnes,Common,2525.0,2525.0,2525.0,Rs./Quintal,FAQ
Bharthna APMC,3.36,Metric Tonnes,Other,2680.0,2680.0,2680.0,Rs./Quintal,FAQ
Bindki APMC,5.74,Metric Tonnes,Other,2510.0,2560.0,2536.13,Rs./Quintal,FAQ
Charkhari APMC,18.0,Metric Tonnes,Other,2650.0,2650.0,2650.0,Rs./Quintal,FAQ
Charkhari APMC,3.0,Metric Tonnes,Common,2500.0,2500.0,2500.0,Rs./Quintal,FAQ
DADRI APMC,10.05,Metric Tonnes,Basmati Car,9450.0,9450.0,9450.0,Rs./Quintal,FAQ
DADRI APMC,24.45,Metric Tonnes,Other,5867.0,9219.0,6438.69,Rs./Quintal,FAQ
Devariya APMC,26.0,Metric Tonnes,Common,2500.0,2500.0,2500.0,Rs./Quintal,FAQ
Devariya APMC,10.5,Metric Tonnes,Other,2400.0,2400.0,2400.0,Rs./Quintal,FAQ
Doharighat APMC,37.6,Metric Tonnes,Common,2500.0,2500.0,2500.0,Rs./Quintal,FAQ
Dudhi APMC,20.0,Metric Tonnes,Common,2600.0,2600.0,2600.0,Rs./Quintal,FAQ
Ganj Dundwara APMC,12.72,Metric Tonnes,Common,2700.0,2700.0,2700.0,Rs./Quintal,FAQ
Ghaziabad APMC,119.949,Metric Tonnes,Other,5976.15,8341.4,6373.0,Rs./Quintal,FAQ
Gorakhpur APMC,4.9,Metric Tonnes,Kalanamak,12500.0,12500.0,12500.0,Rs./Quintal,FAQ
Jafarganj APMC,3.9,Metric Tonnes,Common,2675.0,2675.0,2675.0,Rs./Quintal,FAQ
Jangipura APMC,30.0,Metric Tonnes,Common,2400.0,2400.0,2400.0,Rs./Quintal,FAQ
Jaunpur APMC,48.0,Metric Tonnes,Common,3243.0,6891.67,4856.5,Rs./Quintal,FAQ
Jayas APMC,58.8,Metric Tonnes,Common,2200.0,2500.0,2314.8,Rs./Quintal,FAQ
Jhijhank APMC,9.8,Metric Tonnes,Common,2750.0,2750.0,2750.0,Rs./Quintal,FAQ
Kanpur(Grain) APMC,14.976,Metric Tonnes,Common,3190.0,3190.0,3190.0,Rs./Quintal,FAQ
Khalilabad APMC,30.5,Metric Tonnes,Common,2700.0,2700.0,2700.0,Rs./Quintal,FAQ
Nagina APMC,25.5,Metric Tonnes,Common,3050.0,3050.0,3050.0,Rs./Quintal,FAQ
Naugarh APMC,209.2,Metric Tonnes,Common,2000.0,2645.0,2027.66,Rs./Quintal,FAQ
Noida APMC,69.824,Metric Tonnes,Other,6135.0,8904.0,6546.55,Rs./Quintal,FAQ
Panchpedwa APMC,25.3,Metric Tonnes,Other,2200.0,2200.0,2200.0,Rs./Quintal,FAQ
Pratapgarh APMC,22.8,Metric Tonnes,Common,2400.0,2400.0,2400.0,Rs./Quintal,FAQ
Prayagraj APMC,23.5,Metric Tonnes,Other,2300.0,11000.0,8580.79,Rs./Quintal,FAQ
Raibareilly APMC,8.56,Metric Tonnes,Common,2500.0,2500.0,2500.0,Rs./Quintal,FAQ
Saharanpur APMC,63.46,Metric Tonnes,Common,3320.12,3680.0,3504.77,Rs./Quintal,FAQ
Sahiyapur APMC,25.0,Metric Tonnes,Other,2550.0,2550.0,2550.0,Rs./Quintal,FAQ
Sehjanwa APMC,44.0,Metric Tonnes,Common,2200.0,2600.0,2218.18,Rs./Quintal,FAQ
Shahganj APMC,26.0,Metric Tonnes,Common,2600.0,2600.0,2600.0,Rs./Quintal,FAQ
Sultanpur APMC,67.42,Metric Tonnes,Common,2500.0,3700.0,2839.8,Rs./Quintal,FAQ
Tanda Akbarpur APMC,62.64,Metric Tonnes,Common,2400.0,2500.0,2449.71,Rs./Quintal,FAQ
Tanda(Rampur) APMC,34.02,Metric Tonnes,Other,8500.0,8500.0,8500.0,Rs./Quintal,FAQ
Unnao APMC,16.1,Metric Tonnes,Common,2480.0,2480.0,2480.0,Rs./Quintal,FAQ
Yusufpur APMC,110.3,Metric Tonnes,Common,2500.0,2500.0,2500.0,Rs./Quintal,FAQ
Total,1922.66,Metric Tonnes,,,,3601.69,Rs./Quintal,
State/UT Name : Uttarakhand
Gadarpur APMC,229.6,Metric Tonnes,Other,3451.0,3451.0,3451.0,Rs./Quintal,Local
Total,229.6,Metric Tonnes,,,,3451.0,Rs./Quintal,
State/UT Name : West Bengal
Asansol APMC,50.5,Metric Tonnes,Fine,4675.0,4850.0,4750.0,Rs./Quintal,FAQ
Balarampur APMC,3.4,Metric Tonnes,Other,3500.0,3700.0,3600.0,Rs./Quintal,FAQ
Bankura Sadar APMC,25.0,Metric Tonnes,Common,3150.0,3250.0,3200.0,Rs./Quintal,FAQ
Baruipur(Canning) APMC,5.5,Metric Tonnes,Fine,5100.0,5300.0,5200.0,Rs./Quintal,FAQ
Baruipur(Canning) APMC,6.5,Metric Tonnes,Common,3100.0,3300.0,3200.0,Rs./Quintal,FAQ
Baxirhat APMC,15.0,Metric Tonnes,Common,4000.0,4200.0,4100.0,Rs./Quintal,FAQ
Beldanga APMC,2.0,Metric Tonnes,Other,3500.0,3600.0,3550.0,Rs./Quintal,FAQ
Bethuadahari APMC,9.0,Metric Tonnes,Fine,4800.0,5000.0,4900.0,Rs./Quintal,Grade Range-1
Birbhum APMC,39.0,Metric Tonnes,Common,3650.0,3800.0,3700.0,Rs./Quintal,FAQ
Bishnupur(Bankura) APMC,0.27,Metric Tonnes,Common,3600.0,3750.0,3700.0,Rs./Quintal,FAQ
Bishnupur(Bankura) APMC,0.15000000000000002,Metric Tonnes,Fine,4600.0,4750.0,4700.0,Rs./Quintal,FAQ
Bolpur APMC,37.0,Metric Tonnes,Common,3650.0,3800.0,3700.0,Rs./Quintal,FAQ
Champadanga APMC,3.0,Metric Tonnes,Fine,4650.0,4750.0,4700.0,Rs./Quintal,FAQ
Champadanga APMC,2.2,Metric Tonnes,Sona Mansoori Non Basmati,3300.0,3350.0,3300.0,Rs./Quintal,FAQ
Diamond Harbour(South 24-pgs) APMC,8.5,Metric Tonnes,Common,3300.0,3500.0,3400.0,Rs./Quintal,FAQ
Diamond Harbour(South 24-pgs) APMC,7.5,Metric Tonnes,Super Fine,5000.0,5200.0,5100.0,Rs./Quintal,FAQ
Dinhata APMC,15.0,Metric Tonnes,Common,4000.0,4200.0,4100.0,Rs./Quintal,FAQ
Durgapur APMC,52.0,Metric Tonnes,Fine,4675.0,4850.0,4750.0,Rs./Quintal,FAQ
Egra/contai APMC,45.0,Metric Tonnes,Fine,3200.0,3400.0,3300.0,Rs./Quintal,FAQ
Ghatal APMC,13.0,Metric Tonnes,Masuri,3600.0,3640.0,3620.0,Rs./Quintal,FAQ
Guskara APMC,12.0,Metric Tonnes,Common,3250.0,3300.0,3300.0,Rs./Quintal,FAQ
Guskara APMC,35.5,Metric Tonnes,Fine,3800.0,3850.0,3850.0,Rs./Quintal,FAQ
Haldibari APMC,15.0,Metric Tonnes,Common,4000.0,4200.0,4100.0,Rs./Quintal,FAQ
Indus(Bankura Sadar) APMC,6.0,Metric Tonnes,Fine,4550.0,4650.0,4600.0,Rs./Quintal,FAQ
Jangipur APMC,26.35,Metric Tonnes,Common,5100.0,5250.0,5200.0,Rs./Quintal,FAQ
Kaliaganj APMC,14.0,Metric Tonnes,Fine,5400.0,5600.0,5500.0,Rs./Quintal,FAQ
Kalipur APMC,12.6,Metric Tonnes,Common,3260.0,3300.0,3280.0,Rs./Quintal,FAQ
Kalipur APMC,14.4,Metric Tonnes,Fine,4600.0,4700.0,4650.0,Rs./Quintal,FAQ
Kalna APMC,36.5,Metric Tonnes,Fine,3850.0,3900.0,3850.0,Rs./Quintal,FAQ
Kalna APMC,10.5,Metric Tonnes,Other,3250.0,3300.0,3300.0,Rs./Quintal,FAQ
Kalyani APMC,6.0,Metric Tonnes,Fine,4800.0,5000.0,4900.0,Rs./Quintal,Local
Kalyani APMC,3.0,Metric Tonnes,Sona,4600.0,4800.0,4700.0,Rs./Quintal,Local
Kalyani APMC,3.0,Metric Tonnes,Masuri,3300.0,3500.0,3400.0,Rs./Quintal,Local
Karimpur APMC,11.0,Metric Tonnes,Fine,4750.0,4820.0,4800.0,Rs./Quintal,Grade Range-1
Khatra APMC,0.32000000000000006,Metric Tonnes,Common,3600.0,3750.0,3700.0,Rs./Quintal,FAQ
Kolaghat APMC,5.0,Metric Tonnes,Common,3200.0,3400.0,3300.0,Rs./Quintal,FAQ
Kolaghat APMC,5.0,Metric Tonnes,Fine,4200.0,4400.0,4300.0,Rs./Quintal,FAQ
Lalbagh APMC,10.0,Metric Tonnes,Other,3500.0,3700.0,3600.0,Rs./Quintal,FAQ
Mathabhanga APMC,16.0,Metric Tonnes,Common,4000.0,4200.0,4100.0,Rs./Quintal,FAQ
Mekhliganj APMC,15.0,Metric Tonnes,Common,4000.0,4200.0,4100.0,Rs./Quintal,FAQ
Nadia APMC,6.5,Metric Tonnes,Common,3200.0,3300.0,3250.0,Rs./Quintal,Local
Nadia APMC,10.1,Metric Tonnes,Fine,4600.0,4800.0,4700.0,Rs./Quintal,Local
Pandua APMC,7.5,Metric Tonnes,Fine,4400.0,4650.0,4500.0,Rs./Quintal,FAQ
Purulia APMC,11.0,Metric Tonnes,Other,3400.0,3600.0,3500.0,Rs./Quintal,FAQ
Ramkrishanpur(Howrah) APMC,0.25,Metric Tonnes,Other,3500.0,3700.0,3600.0,Rs./Quintal,FAQ
Ramkrishanpur(Howrah) APMC,0.35000000000000003,Metric Tonnes,Sona Mansoori Non Basmati,3300.0,3500.0,3400.0,Rs./Quintal,FAQ
Rampurhat APMC,26.0,Metric Tonnes,Common,3450.0,3520.0,3500.0,Rs./Quintal,FAQ
Ranaghat APMC,10.1,Metric Tonnes,Fine,4600.0,4800.0,4700.0,Rs./Quintal,Local
Sainthia APMC,31.0,Metric Tonnes,Common,3650.0,3800.0,3700.0,Rs./Quintal,FAQ
Samsi APMC,12.0,Metric Tonnes,Fine,5250.0,5400.0,5350.0,Rs./Quintal,FAQ
Sheoraphuly APMC,6.6,Metric Tonnes,Masuri,3175.0,3275.0,3225.0,Rs./Quintal,FAQ
Siliguri APMC,270.0,Metric Tonnes,Fine(Basmati),5100.0,5300.0,5200.0,Rs./Quintal,FAQ
Tamluk (Medinipur E) APMC,8.0,Metric Tonnes,Fine,4200.0,4400.0,4300.0,Rs./Quintal,FAQ
Tamluk (Medinipur E) APMC,8.0,Metric Tonnes,Common,3200.0,3400.0,3300.0,Rs./Quintal,FAQ
Toofanganj APMC,16.0,Metric Tonnes,Common,4000.0,4200.0,4100.0,Rs./Quintal,FAQ
Uluberia APMC,0.30000000000000004,Metric Tonnes,Sona Mansoori Non Basmati,3300.0,3500.0,3400.0,Rs./Quintal,FAQ
Uluberia APMC,0.2,Metric Tonnes,Other,3500.0,3700.0,3600.0,Rs./Quintal,FAQ
Total,1020.59,Metric Tonnes,,,,4365.18,Rs./Quintal,
Grand Total,16159.59,Metric Tonnes,,,,4677.44,Rs./Quintal,
Wheat (MSP: Rs. 2585.00/Quintal)
State/UT Name : Bihar
Barbigha APMC,12.0,Metric Tonnes,147 Average,2500.0,2660.0,2580.0,Rs./Quintal,FAQ
Shekhpura APMC,14.0,Metric Tonnes,147 Average,2500.0,2660.0,2600.0,Rs./Quintal,FAQ
Total,26.0,Metric Tonnes,,,,2590.77,Rs./Quintal,
State/UT Name : Chattisgarh
Baikunthpur APMC,2.0,Metric Tonnes,Deshi,2600.0,2600.0,2600.0,Rs./Quintal,FAQ
Bhatapara APMC,4.4,Metric Tonnes,Local,2600.0,2642.0,2606.0,Rs./Quintal,Non-FAQ
Kharsiya APMC,0.9,Metric Tonnes,Deshi,2200.0,2200.0,2200.0,Rs./Quintal,Non-FAQ
Mungeli APMC,1.6,Metric Tonnes,Local,2520.0,2620.0,2590.0,Rs./Quintal,FAQ
Total,8.9,Metric Tonnes,,,,2560.72,Rs./Quintal,
State/UT Name : Gujarat
Dahod APMC,126.5,Metric Tonnes,147 Average,2850.0,2900.0,2890.0,Rs./Quintal,Local
Dehgam APMC,5.300000000000001,Metric Tonnes,Other,2700.0,2740.0,2720.0,Rs./Quintal,FAQ
Dehgam(Rekhiyal) APMC,0.5,Metric Tonnes,Other,2600.0,2650.0,2625.0,Rs./Quintal,FAQ
Himatnagar APMC,29.3,Metric Tonnes,Sonalika,2650.0,2930.0,2750.0,Rs./Quintal,Local
Idar APMC,6.5,Metric Tonnes,Other,2705.0,2815.0,2750.0,Rs./Quintal,Local
Kadi APMC,11.4,Metric Tonnes,Other,2645.0,2865.0,2750.0,Rs./Quintal,FAQ
Kalol APMC,3.0,Metric Tonnes,Other,2775.0,2850.0,2800.0,Rs./Quintal,Local
Kapadvanj APMC,12.0,Metric Tonnes,Other,2500.0,2550.0,2525.0,Rs./Quintal,Local
Khambhat(Grain Market) APMC,3.5,Metric Tonnes,Other,2000.0,2625.0,2250.0,Rs./Quintal,Local
Mansa APMC,0.6000000000000001,Metric Tonnes,Local,2730.0,2955.0,2850.0,Rs./Quintal,Local
Meghraj APMC,7.5,Metric Tonnes,Other,2400.0,2500.0,2500.0,Rs./Quintal,Local
Mehsana(Jornang) APMC,0.1,Metric Tonnes,Other,2675.0,2675.0,2675.0,Rs./Quintal,Local
Patan APMC,18.335,Metric Tonnes,Other,2600.0,2710.0,2675.0,Rs./Quintal,FAQ
Radhanpur APMC,8.3,Metric Tonnes,Other,2510.0,2725.0,2625.0,Rs./Quintal,Local
Siddhpur APMC,22.705000000000002,Metric Tonnes,Hybrid,2675.0,2825.0,2750.0,Rs./Quintal,FAQ
Talod APMC,6.1000000000000005,Metric Tonnes,Other,2600.0,2755.0,2677.0,Rs./Quintal,FAQ
Visnagar APMC,10.8,Metric Tonnes,Other,2500.0,2735.0,2617.0,Rs./Quintal,Local
Total,272.44,Metric Tonnes,,,,2775.96,Rs./Quintal,
State/UT Name : Karnataka
APMC Hubballi,1.2000000000000002,Metric Tonnes,Jawari,2010.0,2710.0,2351.0,Rs./Quintal,Local
Basava Kalayana APMC,1.0,Metric Tonnes,Mexican,2521.0,2710.0,2550.0,Rs./Quintal,FAQ
Basava Kalayana APMC,0.1,Metric Tonnes,Mill Quality,3600.0,4100.0,3600.0,Rs./Quintal,Non-FAQ
Bengaluru APMC,73.60000000000001,Metric Tonnes,Local,3200.0,4500.0,3850.0,Rs./Quintal,FAQ
Dharwar APMC,0.5,Metric Tonnes,H.D.,5500.0,5500.0,5500.0,Rs./Quintal,FAQ
Gadag APMC,14.200000000000001,Metric Tonnes,White,1817.0,2469.0,2263.0,Rs./Quintal,FAQ
Jamakhandi APMC,3.2,Metric Tonnes,Other,4300.0,4300.0,4300.0,Rs./Quintal,Non-FAQ
Jevargi APMC,25.0,Metric Tonnes,Sharbati,2600.0,2650.0,2616.0,Rs./Quintal,FAQ
Kalaburagi APMC,2.5,Metric Tonnes,Sharbati,2500.0,3150.0,2800.0,Rs./Quintal,Local
Kudchi APMC,3.0,Metric Tonnes,H.D.,4200.0,4590.0,4500.0,Rs./Quintal,Local
Nargunda APMC,23.0,Metric Tonnes,H.D.,2750.0,2750.0,2750.0,Rs./Quintal,FAQ
Shimoga APMC,23.700000000000003,Metric Tonnes,Medium,3180.0,3751.0,3180.0,Rs./Quintal,Local
Sindagi APMC,5.9,Metric Tonnes,Bansi,2800.0,2800.0,2800.0,Rs./Quintal,Local
Talikot APMC,3.8000000000000003,Metric Tonnes,Local,2528.0,2600.0,2579.0,Rs./Quintal,FAQ
Vijayapura APMC,63.900000000000006,Metric Tonnes,Sona,2600.0,2800.0,2790.0,Rs./Quintal,Local
Total,244.6,Metric Tonnes,,,,3135.13,Rs./Quintal,
State/UT Name : Madhya Pradesh
A lot APMC,137.655,Metric Tonnes,Wheat,2200.0,2670.0,2643.0,Rs./Quintal,FAQ
Agar APMC,204.26600000000002,Metric Tonnes,Wheat,2276.0,2740.0,2670.0,Rs./Quintal,FAQ
Agar APMC,24.963,Metric Tonnes,Wheat,2306.0,2313.0,2313.0,Rs./Quintal,Non-FAQ
Ajaygarh APMC,29.400000000000002,Metric Tonnes,Mill Quality,2560.0,2590.0,2580.0,Rs./Quintal,FAQ
Akodiya APMC,0.527,Metric Tonnes,Wheat,2530.0,2801.0,2801.0,Rs./Quintal,FAQ
Amarpatan APMC,47.652,Metric Tonnes,Mill Quality,2545.0,2558.0,2548.0,Rs./Quintal,FAQ
Ambaha APMC,26.6,Metric Tonnes,Wheat,2550.0,2590.0,2590.0,Rs./Quintal,FAQ
Anjad APMC,9.090000000000002,Metric Tonnes,Wheat,2550.0,2600.0,2600.0,Rs./Quintal,FAQ
Aron APMC,133.831,Metric Tonnes,Wheat,2550.0,5780.0,2691.0,Rs./Quintal,FAQ
Ashoknagar APMC,68.961,Metric Tonnes,Sharbati,2625.0,5790.0,3050.0,Rs./Quintal,FAQ
Ashoknagar APMC,254.506,Metric Tonnes,Wheat,2550.0,4985.0,2630.0,Rs./Quintal,FAQ
Ashta APMC,279.076,Metric Tonnes,Wheat,2570.0,6800.0,2626.0,Rs./Quintal,FAQ
Babai (Makhan Nagar) APMC,51.1,Metric Tonnes,Mill Quality,2450.0,2520.0,2500.0,Rs./Quintal,FAQ
Badarwas APMC,0.414,Metric Tonnes,Sharbati,4185.0,4185.0,4185.0,Rs./Quintal,Non-FAQ
Badarwas APMC,45.375,Metric Tonnes,Wheat,2345.0,4245.0,2620.0,Rs./Quintal,Non-FAQ
Badnagar APMC,77.709,Metric Tonnes,Wheat,2565.0,3025.0,2735.0,Rs./Quintal,FAQ
Badnawar APMC,111.197,Metric Tonnes,Wheat,2571.0,3000.0,2755.0,Rs./Quintal,FAQ
Badod APMC,21.745,Metric Tonnes,Wheat,2550.0,2723.0,2723.0,Rs./Quintal,Non-FAQ
Badwaha APMC,25.473,Metric Tonnes,Wheat,2548.0,2697.0,2690.0,Rs./Quintal,FAQ
Bagli APMC,1.4000000000000001,Metric Tonnes,Mill Quality,2680.0,2680.0,2680.0,Rs./Quintal,Non-FAQ
Baikunthpur APMC,40.895,Metric Tonnes,Wheat,2585.0,2610.0,2610.0,Rs./Quintal,FAQ
Baikunthpur APMC,66.277,Metric Tonnes,Mill Quality,2490.0,2540.0,2530.0,Rs./Quintal,Non-FAQ
Baikunthpur APMC,192.61,Metric Tonnes,Wheat,2500.0,2600.0,2600.0,Rs./Quintal,Non-FAQ
Bakswaha APMC,69.0,Metric Tonnes,Mill Quality,2500.0,2545.0,2540.0,Rs./Quintal,FAQ
Banapura APMC,183.69000000000003,Metric Tonnes,Local,2580.0,2757.0,2728.0,Rs./Quintal,FAQ
Banda APMC,7.0,Metric Tonnes,Wheat,2540.0,2540.0,2540.0,Rs./Quintal,Non-FAQ
Bankhedi APMC,12.65,Metric Tonnes,Mill Quality,2761.0,2761.0,2761.0,Rs./Quintal,FAQ
Barad APMC,19.965000000000003,Metric Tonnes,Wheat,2520.0,2560.0,2520.0,Rs./Quintal,FAQ
Bareli APMC,48.365,Metric Tonnes,Mill Quality,2499.0,2750.0,2750.0,Rs./Quintal,FAQ
Begamganj APMC,17.05,Metric Tonnes,Wheat,2600.0,2785.0,2600.0,Rs./Quintal,Non-FAQ
Beohari APMC,95.39,Metric Tonnes,Mill Quality,2465.0,2560.0,2475.0,Rs./Quintal,FAQ
Berasia APMC,147.237,Metric Tonnes,Wheat,2100.0,2861.0,2624.0,Rs./Quintal,FAQ
Berasia APMC,40.587,Metric Tonnes,Mill Quality,2600.0,2789.0,2616.0,Rs./Quintal,FAQ
Betul APMC,390.485,Metric Tonnes,Mill Quality,2645.0,2766.0,2707.0,Rs./Quintal,FAQ
Bhander APMC,61.685,Metric Tonnes,Mill Quality,2615.0,2644.0,2644.0,Rs./Quintal,FAQ
Bhanpura APMC,10.620000000000001,Metric Tonnes,Mill Quality,2500.0,2600.0,2600.0,Rs./Quintal,FAQ
Bherunda (Nasrullaganj) APMC,37.777,Metric Tonnes,Wheat,2550.0,2827.0,2827.0,Rs./Quintal,Non-FAQ
Bherunda (Nasrullaganj) APMC,38.412000000000006,Metric Tonnes,Wheat,2650.0,2792.0,2773.0,Rs./Quintal,FAQ
Bhikangaon APMC,167.31,Metric Tonnes,Wheat,2556.0,2771.0,2650.0,Rs./Quintal,FAQ
Bhikangaon APMC,14.105000000000002,Metric Tonnes,Wheat,2420.0,2425.0,2425.0,Rs./Quintal,Non-FAQ
Bhind APMC,232.70000000000002,Metric Tonnes,Wheat,2605.0,2658.0,2625.0,Rs./Quintal,Non-FAQ
Bhind APMC,4.0,Metric Tonnes,Wheat,2632.0,2632.0,2632.0,Rs./Quintal,FAQ
Bhitarwar APMC,37.055,Metric Tonnes,Mill Quality,2590.0,2620.0,2620.0,Rs./Quintal,Non-FAQ
Bhopal APMC,76.537,Metric Tonnes,Wheat,2574.0,3050.0,2757.0,Rs./Quintal,FAQ
Biaora APMC,379.43600000000004,Metric Tonnes,Wheat,2255.0,2780.0,2630.0,Rs./Quintal,FAQ
Bijawar APMC,222.974,Metric Tonnes,Mill Quality,2600.0,2660.0,2650.0,Rs./Quintal,Non-FAQ
Bina APMC,84.36000000000001,Metric Tonnes,Wheat,1600.0,4600.0,2662.0,Rs./Quintal,FAQ
Binaganj APMC,2.9370000000000003,Metric Tonnes,Wheat,2655.0,2670.0,2670.0,Rs./Quintal,FAQ
Budhar APMC,35.0,Metric Tonnes,Mill Quality,2400.0,2550.0,2550.0,Rs./Quintal,Non-FAQ
Burhanpur APMC,85.029,Metric Tonnes,Wheat,2265.0,2680.0,2265.0,Rs./Quintal,FAQ
Burhanpur APMC,4.94,Metric Tonnes,Wheat,2599.0,2742.0,2742.0,Rs./Quintal,Non-FAQ
Chaakghat APMC,18.23,Metric Tonnes,Wheat,2500.0,2550.0,2520.0,Rs./Quintal,FAQ
Chaakghat APMC,19.1,Metric Tonnes,Mill Quality,2540.0,2550.0,2550.0,Rs./Quintal,FAQ
Chanderi APMC,10.25,Metric Tonnes,Wheat,2640.0,2700.0,2700.0,Rs./Quintal,Non-FAQ
Chaurai APMC,182.8,Metric Tonnes,Wheat,2500.0,2700.0,2700.0,Rs./Quintal,Non-FAQ
Chaurai APMC,23.900000000000002,Metric Tonnes,Mill Quality,2727.0,2750.0,2733.0,Rs./Quintal,FAQ
Chhapiheda APMC,45.932,Metric Tonnes,Wheat,2625.0,2760.0,2640.0,Rs./Quintal,FAQ
Chhatarpur APMC,427.60900000000004,Metric Tonnes,Mill Quality,2601.0,2655.0,2630.0,Rs./Quintal,Non-FAQ
Chhindwara APMC,7.581,Metric Tonnes,Mill Quality,2689.0,2689.0,2689.0,Rs./Quintal,Non-FAQ
Chhindwara APMC,507.999,Metric Tonnes,Wheat,2650.0,3118.0,2732.0,Rs./Quintal,FAQ
Chhpara APMC,19.35,Metric Tonnes,Wheat,2590.0,2620.0,2620.0,Rs./Quintal,Non-FAQ
Dabra APMC,48.52,Metric Tonnes,Other,2760.0,2770.0,2760.0,Rs./Quintal,FAQ
Dabra APMC,43.795,Metric Tonnes,Wheat,2650.0,2787.0,2755.0,Rs./Quintal,FAQ
Daloda APMC,163.64600000000002,Metric Tonnes,Wheat,1901.0,3100.0,2740.0,Rs./Quintal,FAQ
Daloda APMC,7.894,Metric Tonnes,Lokwan,2602.0,3020.0,2721.0,Rs./Quintal,FAQ
Damoh APMC,147.055,Metric Tonnes,Wheat,2460.0,2595.0,2500.0,Rs./Quintal,Non-FAQ
Datia APMC,426.19399999999996,Metric Tonnes,Mill Quality,2602.0,2699.0,2671.0,Rs./Quintal,FAQ
Deori APMC,58.86000000000001,Metric Tonnes,Wheat,2500.0,2580.0,2580.0,Rs./Quintal,FAQ
Deori APMC,20.55,Metric Tonnes,Mill Quality,2505.0,2530.0,2530.0,Rs./Quintal,Non-FAQ
Dewas APMC,557.238,Metric Tonnes,Wheat,1580.0,3056.0,2600.0,Rs./Quintal,FAQ
Dhamnod APMC,82.12400000000001,Metric Tonnes,Wheat,2475.0,2743.0,2702.0,Rs./Quintal,FAQ
Dhar APMC,340.71900000000005,Metric Tonnes,Wheat,2102.0,3070.0,2766.0,Rs./Quintal,FAQ
Dhar APMC,26.0,Metric Tonnes,Lokwan,2550.0,2550.0,2550.0,Rs./Quintal,FAQ
Dindori APMC,31.8,Metric Tonnes,Local,2500.0,2550.0,2500.0,Rs./Quintal,Non-FAQ
Gadakota APMC,20.965000000000003,Metric Tonnes,Wheat,2635.0,2655.0,2650.0,Rs./Quintal,FAQ
Gadarwada APMC,22.27,Metric Tonnes,Mill Quality,2617.0,2656.0,2631.0,Rs./Quintal,Non-FAQ
Gadarwada APMC,71.81,Metric Tonnes,Mill Quality,2400.0,2637.0,2525.0,Rs./Quintal,FAQ
Gairatganj APMC,51.768,Metric Tonnes,Wheat,2525.0,2640.0,2550.0,Rs./Quintal,Non-FAQ
Gandhwani APMC,4.970000000000001,Metric Tonnes,Wheat,2700.0,2725.0,2725.0,Rs./Quintal,FAQ
Ganjbasoda APMC,4.34,Metric Tonnes,Wheat,2636.0,2675.0,2675.0,Rs./Quintal,FAQ
Ganjbasoda APMC,0.58,Metric Tonnes,Sharbati,3705.0,3705.0,3705.0,Rs./Quintal,FAQ
Ganjbasoda APMC,48.125,Metric Tonnes,Sujatha,2581.0,2941.0,2600.0,Rs./Quintal,FAQ
Ganjbasoda APMC,0.382,Metric Tonnes,PISSI,2616.0,2620.0,2620.0,Rs./Quintal,FAQ
Garoth APMC,10.518,Metric Tonnes,Wheat,2540.0,2551.0,2551.0,Rs./Quintal,Non-FAQ
Gautampura APMC,86.23400000000001,Metric Tonnes,Wheat,2415.0,2825.0,2715.0,Rs./Quintal,FAQ
Ghansour APMC,124.0,Metric Tonnes,Mill Quality,2300.0,2600.0,2300.0,Rs./Quintal,FAQ
Gohad APMC,49.49,Metric Tonnes,Wheat,2475.0,2615.0,2605.0,Rs./Quintal,FAQ
Gotegaon APMC,44.300000000000004,Metric Tonnes,Wheat,2505.0,2651.0,2651.0,Rs./Quintal,FAQ
Gotegaon APMC,0.4,Metric Tonnes,Wheat,2200.0,2200.0,2200.0,Rs./Quintal,Non-FAQ
Guna APMC,705.3910000000001,Metric Tonnes,Wheat,2550.0,6010.0,2635.0,Rs./Quintal,FAQ
Haatpipliya APMC,19.018,Metric Tonnes,Wheat,2551.0,2900.0,2796.0,Rs./Quintal,Non-FAQ
Harda APMC,285.21500000000003,Metric Tonnes,Mill Quality,2300.0,2740.0,2698.0,Rs./Quintal,FAQ
Harpalpur APMC,95.792,Metric Tonnes,Wheat,2600.0,2640.0,2600.0,Rs./Quintal,FAQ
Harsood APMC,39.85,Metric Tonnes,Mill Quality,2555.0,2700.0,2700.0,Rs./Quintal,Non-FAQ
Harsood APMC,35.906,Metric Tonnes,Wheat,2600.0,2700.0,2700.0,Rs./Quintal,FAQ
Hata APMC,28.53,Metric Tonnes,Wheat,2300.0,2500.0,2500.0,Rs./Quintal,Non-FAQ
Ichhawar APMC,14.475000000000001,Metric Tonnes,Wheat,2565.0,2880.0,2880.0,Rs./Quintal,FAQ
Indore APMC,298.377,Metric Tonnes,Wheat,1130.0,3265.0,2701.0,Rs./Quintal,FAQ
Indore APMC,18.537000000000003,Metric Tonnes,Mill Quality,2771.0,2771.0,2771.0,Rs./Quintal,FAQ
Isagarh APMC,19.465000000000003,Metric Tonnes,Wheat,2250.0,2560.0,2560.0,Rs./Quintal,FAQ
Itarsi APMC,181.96,Metric Tonnes,Wheat,2550.0,2715.0,2708.0,Rs./Quintal,FAQ
Jabalpur APMC,14.4,Metric Tonnes,Wheat,2500.0,2500.0,2500.0,Rs./Quintal,Non-FAQ
Jabalpur APMC,352.04,Metric Tonnes,Wheat,2450.0,2750.0,2668.0,Rs./Quintal,FAQ
Jaora APMC,815.3040000000001,Metric Tonnes,Wheat,2301.0,3240.0,2800.0,Rs./Quintal,FAQ
Jatara APMC,87.37400000000001,Metric Tonnes,Mill Quality,2570.0,2601.0,2596.0,Rs./Quintal,Non-FAQ
Jatara APMC,301.91700000000003,Metric Tonnes,Wheat,2550.0,2615.0,2605.0,Rs./Quintal,Non-FAQ
Javera APMC,55.65700000000001,Metric Tonnes,Wheat,2535.0,2580.0,2550.0,Rs./Quintal,Non-FAQ
Javera APMC,23.823,Metric Tonnes,Mill Quality,2575.0,2600.0,2600.0,Rs./Quintal,Non-FAQ
Jawar APMC,22.749000000000002,Metric Tonnes,Wheat,2358.0,2890.0,2621.0,Rs./Quintal,FAQ
Jeerapur APMC,184.256,Metric Tonnes,Wheat,1410.0,2670.0,2655.0,Rs./Quintal,FAQ
Jhabua APMC,19.357,Metric Tonnes,Wheat,2585.0,3025.0,3025.0,Rs./Quintal,FAQ
Jhabua(F&V) APMC,19.357,Metric Tonnes,Wheat,2585.0,3025.0,2805.0,Rs./Quintal,Local
Jobat APMC,9.98,Metric Tonnes,Wheat,2530.0,2550.0,2550.0,Rs./Quintal,FAQ
Jobat APMC,1.1,Metric Tonnes,Wheat,2450.0,2480.0,2480.0,Rs./Quintal,Non-FAQ
Jora APMC,12.0,Metric Tonnes,Mill Quality,2500.0,2510.0,2510.0,Rs./Quintal,Non-FAQ
Kailaras APMC,10.953000000000001,Metric Tonnes,Wheat,2618.0,2631.0,2629.0,Rs./Quintal,FAQ
Kalapipal APMC,14.163,Metric Tonnes,Wheat,2370.0,2737.0,2650.0,Rs./Quintal,FAQ
Kannod APMC,37.495,Metric Tonnes,Wheat,2650.0,2670.0,2670.0,Rs./Quintal,FAQ
Kareli APMC,12.21,Metric Tonnes,Wheat,2666.0,2750.0,2681.0,Rs./Quintal,FAQ
Karera APMC,279.96999999999997,Metric Tonnes,Wheat,2500.0,2610.0,2560.0,Rs./Quintal,FAQ
Karera APMC,156.39100000000002,Metric Tonnes,Mill Quality,2300.0,2509.0,2503.0,Rs./Quintal,FAQ
Karhi APMC,19.425,Metric Tonnes,Wheat,2300.0,2300.0,2300.0,Rs./Quintal,FAQ
Kasrawad APMC,424.21000000000004,Metric Tonnes,Wheat,2575.0,2855.0,2780.0,Rs./Quintal,FAQ
Katangi APMC,9.0,Metric Tonnes,Wheat,2300.0,2350.0,2300.0,Rs./Quintal,Non-FAQ
Katni APMC,352.60300000000007,Metric Tonnes,Wheat,2400.0,2690.0,2670.0,Rs./Quintal,Non-FAQ
Katni APMC,424.71400000000006,Metric Tonnes,Mill Quality,2400.0,2650.0,2650.0,Rs./Quintal,FAQ
Kesli APMC,44.771,Metric Tonnes,Wheat,2550.0,2575.0,2570.0,Rs./Quintal,FAQ
Khachrod APMC,10.659,Metric Tonnes,Wheat,2161.0,2690.0,2575.0,Rs./Quintal,FAQ
Khandwa APMC,46.52,Metric Tonnes,Wheat,2650.0,2800.0,2780.0,Rs./Quintal,FAQ
Khandwa APMC,280.54699999999997,Metric Tonnes,Mill Quality,2540.0,2960.0,2782.0,Rs./Quintal,FAQ
Khaniadhana APMC,126.80000000000001,Metric Tonnes,Mill Quality,2465.0,2575.0,2572.0,Rs./Quintal,Non-FAQ
Khaniadhana APMC,275.7,Metric Tonnes,Mill Quality,2400.0,2522.0,2455.0,Rs./Quintal,FAQ
Khargapur APMC,36.477,Metric Tonnes,Mill Quality,2580.0,2605.0,2605.0,Rs./Quintal,FAQ
Khargone APMC,275.038,Metric Tonnes,Wheat,2500.0,2828.0,2781.0,Rs./Quintal,FAQ
Khategaon APMC,68.397,Metric Tonnes,Wheat,2450.0,2762.0,2695.0,Rs./Quintal,FAQ
Khatora APMC,1.6,Metric Tonnes,Wheat,2405.0,2405.0,2405.0,Rs./Quintal,Non-FAQ
Khatora APMC,1.3,Metric Tonnes,Wheat,2525.0,2525.0,2525.0,Rs./Quintal,FAQ
Khilchipur APMC,167.853,Metric Tonnes,Mill Quality,2548.0,2674.0,2668.0,Rs./Quintal,FAQ
Khirkiya APMC,10.199,Metric Tonnes,Wheat,2665.0,2694.0,2694.0,Rs./Quintal,Non-FAQ
Khirkiya APMC,155.41,Metric Tonnes,Mill Quality,2148.0,2694.0,2670.0,Rs./Quintal,Non-FAQ
Khujner APMC,19.0,Metric Tonnes,Mill Quality,2605.0,2615.0,2615.0,Rs./Quintal,FAQ
Khujner APMC,212.468,Metric Tonnes,Wheat,2471.0,2678.0,2644.0,Rs./Quintal,FAQ
Khurai APMC,29.638,Metric Tonnes,Wheat,2540.0,2800.0,2648.0,Rs./Quintal,FAQ
Kolaras APMC,17.079,Metric Tonnes,Wheat,2600.0,2685.0,2660.0,Rs./Quintal,Non-FAQ
Kukshi APMC,211.083,Metric Tonnes,Wheat,2490.0,2705.0,2650.0,Rs./Quintal,FAQ
Kumbhraj APMC,14.079,Metric Tonnes,Wheat,2660.0,2695.0,2690.0,Rs./Quintal,FAQ
Lahar APMC,69.60000000000001,Metric Tonnes,Wheat,2610.0,2641.0,2640.0,Rs./Quintal,FAQ
Lakhnadon APMC,13.200000000000001,Metric Tonnes,Local,2232.0,2243.0,2243.0,Rs./Quintal,FAQ
Lakhnadon APMC,35.0,Metric Tonnes,Local,2350.0,2395.0,2395.0,Rs./Quintal,Non-FAQ
Lalbarra APMC,10.0,Metric Tonnes,Wheat,2400.0,2400.0,2400.0,Rs./Quintal,FAQ
Lashkar APMC,39.760000000000005,Metric Tonnes,Wheat,2610.0,2660.0,2660.0,Rs./Quintal,FAQ
Lashkar APMC,65.7,Metric Tonnes,Mill Quality,2310.0,2400.0,2400.0,Rs./Quintal,FAQ
Lateri APMC,2.77,Metric Tonnes,Mill Quality,2545.0,2575.0,2575.0,Rs./Quintal,Non-FAQ
LavKush Nagar(Laundi) APMC,131.9,Metric Tonnes,Mill Quality,2400.0,2515.0,2450.0,Rs./Quintal,Non-FAQ
LavKush Nagar(Laundi) APMC,17.186000000000003,Metric Tonnes,Mill Quality,2420.0,2525.0,2420.0,Rs./Quintal,FAQ
Magroni APMC,31.8,Metric Tonnes,Wheat,2550.0,2580.0,2580.0,Rs./Quintal,FAQ
Mahidpur APMC,51.55700000000001,Metric Tonnes,Wheat,2465.0,2795.0,2638.0,Rs./Quintal,FAQ
Mahidpur APMC,8.68,Metric Tonnes,Mill Quality,2591.0,2593.0,2593.0,Rs./Quintal,FAQ
Maihar APMC,65.13,Metric Tonnes,Local,2510.0,2530.0,2530.0,Rs./Quintal,Non-FAQ
Maihar APMC,1.613,Metric Tonnes,Local,2500.0,2500.0,2500.0,Rs./Quintal,FAQ
Maksudangarh APMC,73.654,Metric Tonnes,Wheat,2465.0,2769.0,2769.0,Rs./Quintal,FAQ
Maksudangarh APMC,2.37,Metric Tonnes,Wheat,2624.0,2624.0,2624.0,Rs./Quintal,Non-FAQ
Manasa APMC,128.204,Metric Tonnes,Wheat,2001.0,2881.0,2680.0,Rs./Quintal,FAQ
Manawar APMC,254.56799999999998,Metric Tonnes,Wheat,2610.0,2730.0,2700.0,Rs./Quintal,FAQ
Mandla APMC,100.2,Metric Tonnes,Mill Quality,2440.0,2600.0,2550.0,Rs./Quintal,Non-FAQ
Mandsaur APMC,6.501000000000001,Metric Tonnes,Wheat,2763.0,2920.0,2920.0,Rs./Quintal,FAQ
Mandsaur APMC,36.99700000000001,Metric Tonnes,Lokwan,2652.0,2810.0,2771.0,Rs./Quintal,Non-FAQ
Mandsaur APMC,404.36,Metric Tonnes,Wheat,2262.0,3061.0,2800.0,Rs./Quintal,Non-FAQ
Mandsaur APMC,1.665,Metric Tonnes,Lokwan,2671.0,2756.0,2756.0,Rs./Quintal,FAQ
Mhow (Ambedkar Nagar) APMC,56.536,Metric Tonnes,Wheat,2500.0,2911.0,2600.0,Rs./Quintal,FAQ
Mohgaon APMC,3.6,Metric Tonnes,Mill Quality,2626.0,2626.0,2626.0,Rs./Quintal,FAQ
Momanbadodiya APMC,1.075,Metric Tonnes,Wheat,2550.0,2550.0,2550.0,Rs./Quintal,FAQ
Morena APMC,31.345,Metric Tonnes,Wheat,2620.0,2650.0,2640.0,Rs./Quintal,Non-FAQ
Mundi APMC,37.542,Metric Tonnes,Wheat,2515.0,2670.0,2650.0,Rs./Quintal,FAQ
Mungawali APMC,72.78,Metric Tonnes,Wheat,2475.0,2600.0,2575.0,Rs./Quintal,Non-FAQ
Nagda APMC,0.048,Metric Tonnes,Local,2650.0,2650.0,2650.0,Rs./Quintal,FAQ
Nagda APMC,7.525,Metric Tonnes,Wheat,2575.0,2690.0,2690.0,Rs./Quintal,Non-FAQ
Nagda APMC,10.442,Metric Tonnes,Wheat,2600.0,2695.0,2695.0,Rs./Quintal,FAQ
Nagod APMC,44.295,Metric Tonnes,Mill Quality,2530.0,2600.0,2570.0,Rs./Quintal,FAQ
Nagod APMC,72.355,Metric Tonnes,Wheat,2500.0,2620.0,2600.0,Rs./Quintal,FAQ
Nalkheda APMC,116.485,Metric Tonnes,Wheat,2450.0,2700.0,2684.0,Rs./Quintal,FAQ
Narmadapuram APMC,50.907000000000004,Metric Tonnes,Mill Quality,2600.0,2650.0,2650.0,Rs./Quintal,Non-FAQ
Narmadapuram APMC,25.0,Metric Tonnes,Wheat,2550.0,2610.0,2610.0,Rs./Quintal,Non-FAQ
Narsinghgarh APMC,135.4,Metric Tonnes,Wheat,2360.0,2900.0,2700.0,Rs./Quintal,FAQ
Narsinghpur APMC,7.2,Metric Tonnes,Mill Quality,2595.0,2595.0,2595.0,Rs./Quintal,Non-FAQ
Naugaon APMC,248.74099999999999,Metric Tonnes,Wheat,2590.0,2650.0,2630.0,Rs./Quintal,Non-FAQ
Neemuch APMC,425.44100000000003,Metric Tonnes,Wheat,1011.0,3276.0,2900.0,Rs./Quintal,FAQ
Niwadi APMC,215.15,Metric Tonnes,Mill Quality,2250.0,2661.0,2620.0,Rs./Quintal,FAQ
Niwadi APMC,18.240000000000002,Metric Tonnes,Mill Quality,2620.0,2651.0,2651.0,Rs./Quintal,Non-FAQ
Obedullaganj APMC,89.7,Metric Tonnes,Wheat,2550.0,2830.0,2650.0,Rs./Quintal,FAQ
Obedullaganj APMC,28.743000000000002,Metric Tonnes,Local,2626.0,2785.0,2700.0,Rs./Quintal,FAQ
Obedullaganj APMC,6.093,Metric Tonnes,Malwa Shakti,2660.0,2671.0,2671.0,Rs./Quintal,FAQ
Paatan APMC,75.117,Metric Tonnes,Wheat,2535.0,2690.0,2660.0,Rs./Quintal,FAQ
Paatan APMC,6.684000000000001,Metric Tonnes,Mill Quality,2655.0,2655.0,2655.0,Rs./Quintal,Non-FAQ
Paatan APMC,68.204,Metric Tonnes,Wheat,2565.0,2750.0,2670.0,Rs./Quintal,Non-FAQ
Pachaur APMC,38.051,Metric Tonnes,Wheat,2540.0,2650.0,2630.0,Rs./Quintal,FAQ
Palera APMC,74.9,Metric Tonnes,Mill Quality,2530.0,2555.0,2548.0,Rs./Quintal,Non-FAQ
Pandhana APMC,22.57,Metric Tonnes,Wheat,2560.0,2650.0,2650.0,Rs./Quintal,FAQ
Pandhurna APMC,25.1,Metric Tonnes,Wheat,2600.0,2650.0,2650.0,Rs./Quintal,Non-FAQ
Panna APMC,143.36300000000003,Metric Tonnes,Mill Quality,2400.0,2575.0,2480.0,Rs./Quintal,Non-FAQ
Panna APMC,15.913,Metric Tonnes,Mill Quality,2567.0,2570.0,2567.0,Rs./Quintal,FAQ
Paraswada APMC,3.0,Metric Tonnes,Wheat,2590.0,2590.0,2590.0,Rs./Quintal,FAQ
Patharia APMC,139.56300000000002,Metric Tonnes,Wheat,2600.0,2667.0,2620.0,Rs./Quintal,FAQ
Pawai APMC,9.01,Metric Tonnes,Wheat,2550.0,2550.0,2550.0,Rs./Quintal,Non-FAQ
Petlawad APMC,47.842000000000006,Metric Tonnes,Wheat,2400.0,2500.0,2500.0,Rs./Quintal,FAQ
Pichhour APMC,812.8000000000001,Metric Tonnes,Mill Quality,2525.0,2598.0,2575.0,Rs./Quintal,Non-FAQ
Pichhour APMC,54.900000000000006,Metric Tonnes,Wheat,2450.0,2475.0,2465.0,Rs./Quintal,Non-FAQ
Pipariya APMC,328.23,Metric Tonnes,Wheat,2306.0,2733.0,2700.0,Rs./Quintal,FAQ
Piplya APMC,19.212000000000003,Metric Tonnes,Lokwan,2600.0,2922.0,2700.0,Rs./Quintal,FAQ
Piplya APMC,71.089,Metric Tonnes,Wheat,2000.0,2924.0,2620.0,Rs./Quintal,FAQ
Piprai APMC,5.620000000000001,Metric Tonnes,Wheat,2515.0,2545.0,2545.0,Rs./Quintal,FAQ
Pohari APMC,9.226,Metric Tonnes,Wheat,2450.0,2600.0,2600.0,Rs./Quintal,Non-FAQ
Porsa APMC,33.31,Metric Tonnes,Wheat,2595.0,2610.0,2610.0,Rs./Quintal,FAQ
Prithvipur APMC,484.70000000000005,Metric Tonnes,Mill Quality,2500.0,2597.0,2509.0,Rs./Quintal,Non-FAQ
Prithvipur APMC,3.2,Metric Tonnes,Other,2513.0,2513.0,2513.0,Rs./Quintal,Non-FAQ
Raghogarh APMC,13.5,Metric Tonnes,Wheat,2530.0,2582.0,2582.0,Rs./Quintal,FAQ
Raisen APMC,0.31800000000000006,Metric Tonnes,Wheat,2807.0,2852.0,2852.0,Rs./Quintal,FAQ
Rajgarh APMC,83.108,Metric Tonnes,Wheat,2600.0,2912.0,2600.0,Rs./Quintal,FAQ
Rajnagar APMC,1029.25,Metric Tonnes,Mill Quality,2430.0,2610.0,2510.0,Rs./Quintal,FAQ
Ratlam APMC,0.101,Metric Tonnes,Sharbati,2685.0,2685.0,2685.0,Rs./Quintal,FAQ
Ratlam APMC,4.8870000000000005,Metric Tonnes,Local,2630.0,2827.0,2827.0,Rs./Quintal,FAQ
Ratlam APMC,650.008,Metric Tonnes,Wheat,2300.0,3392.0,2830.0,Rs./Quintal,FAQ
Rehli APMC,64.182,Metric Tonnes,Wheat,2601.0,2663.0,2655.0,Rs./Quintal,Non-FAQ
Rewa APMC,63.300000000000004,Metric Tonnes,Wheat,2540.0,2600.0,2600.0,Rs./Quintal,FAQ
Rewa APMC,132.15,Metric Tonnes,Mill Quality,2530.0,2714.0,2694.0,Rs./Quintal,FAQ
Sabalgarh APMC,5.087,Metric Tonnes,Mill Quality,2440.0,2609.0,2605.0,Rs./Quintal,Non-FAQ
Sabalgarh APMC,2.31,Metric Tonnes,Mohan Mondal,2541.0,2541.0,2541.0,Rs./Quintal,Non-FAQ
Sagar APMC,259.65000000000003,Metric Tonnes,Wheat,2440.0,3820.0,2625.0,Rs./Quintal,FAQ
Sailana APMC,17.265,Metric Tonnes,Wheat,2476.0,3130.0,2900.0,Rs./Quintal,FAQ
Sanawad APMC,122.171,Metric Tonnes,Wheat,2550.0,2730.0,2600.0,Rs./Quintal,FAQ
Sanwer APMC,49.044000000000004,Metric Tonnes,Wheat,2500.0,2785.0,2700.0,Rs./Quintal,FAQ
Sanwer APMC,15.386000000000003,Metric Tonnes,Wheat,2500.0,2805.0,2805.0,Rs./Quintal,Non-FAQ
Sarangpur APMC,30.689,Metric Tonnes,Wheat,2511.0,2797.0,2666.0,Rs./Quintal,Non-FAQ
Sarangpur APMC,12.576,Metric Tonnes,Mill Quality,2520.0,2610.0,2600.0,Rs./Quintal,FAQ
Satna APMC,3.7200000000000006,Metric Tonnes,Wheat,2500.0,2500.0,2500.0,Rs./Quintal,Non-FAQ
Satna APMC,169.635,Metric Tonnes,Wheat,2200.0,7700.0,2640.0,Rs./Quintal,FAQ
Saunsar (F&V) APMC,30.0,Metric Tonnes,Local,2200.0,2380.0,2290.0,Rs./Quintal,Local
Saunsar APMC,13.5,Metric Tonnes,Local,2250.0,2380.0,2380.0,Rs./Quintal,FAQ
Saunsar APMC,16.5,Metric Tonnes,Wheat,2200.0,2300.0,2300.0,Rs./Quintal,FAQ
Segaon APMC,3.215,Metric Tonnes,Wheat,2625.0,2625.0,2625.0,Rs./Quintal,FAQ
Sehora APMC,397.833,Metric Tonnes,Mill Quality,2000.0,2734.0,2683.0,Rs./Quintal,FAQ
Sehore APMC,135.286,Metric Tonnes,Wheat,2491.0,3500.0,2850.0,Rs./Quintal,FAQ
Sehore APMC,9.695,Metric Tonnes,Malwa Shakti,2706.0,2780.0,2780.0,Rs./Quintal,FAQ
Sehore APMC,0.18100000000000002,Metric Tonnes,Sharbati,3001.0,3001.0,3001.0,Rs./Quintal,FAQ
Sehore APMC,35.308,Metric Tonnes,Lokwan,2620.0,3080.0,3080.0,Rs./Quintal,FAQ
Sehore APMC,3.4280000000000004,Metric Tonnes,Mill Quality,2646.0,2649.0,2649.0,Rs./Quintal,FAQ
Semriharchand APMC,1.9500000000000002,Metric Tonnes,Mill Quality,2625.0,2656.0,2625.0,Rs./Quintal,FAQ
Sendhwa APMC,0.63,Metric Tonnes,Wheat,2600.0,2600.0,2600.0,Rs./Quintal,FAQ
Seoni APMC,5.1000000000000005,Metric Tonnes,Wheat,2585.0,2585.0,2585.0,Rs./Quintal,FAQ
Sevda APMC,185.3,Metric Tonnes,Mill Quality,2550.0,2616.0,2610.0,Rs./Quintal,Non-FAQ
Shahagarh APMC,27.0,Metric Tonnes,Mill Quality,2550.0,2600.0,2600.0,Rs./Quintal,Non-FAQ
Shahpura Bhitoni (F&V) APMC,45.321,Metric Tonnes,Mill Quality,2445.0,2646.0,2640.0,Rs./Quintal,FAQ
Shahpura Niwas APMC,23.153000000000002,Metric Tonnes,Mill Quality,2328.0,2331.0,2331.0,Rs./Quintal,Non-FAQ
Shajapur APMC,106.928,Metric Tonnes,Wheat,2429.0,2917.0,2728.0,Rs./Quintal,FAQ
Shamgarh APMC,15.152000000000001,Metric Tonnes,Wheat,2503.0,2670.0,2600.0,Rs./Quintal,Non-FAQ
Shamgarh APMC,1.9370000000000003,Metric Tonnes,Lokwan,2600.0,2635.0,2635.0,Rs./Quintal,Non-FAQ
Shamgarh APMC,0.049,Metric Tonnes,Wheat,2600.0,2600.0,2600.0,Rs./Quintal,FAQ
Shamshabad APMC,24.956000000000003,Metric Tonnes,Wheat,2460.0,2580.0,2580.0,Rs./Quintal,FAQ
Sheopurbadod APMC,12.375,Metric Tonnes,Wheat,2637.0,2728.0,2728.0,Rs./Quintal,FAQ
Sheopurkalan APMC,12.030000000000001,Metric Tonnes,Wheat,2627.0,2643.0,2643.0,Rs./Quintal,Non-FAQ
Sheopurkalan APMC,81.855,Metric Tonnes,Wheat,2400.0,2680.0,2680.0,Rs./Quintal,FAQ
Shivpuri APMC,3.822,Metric Tonnes,Wheat,2550.0,2625.0,2550.0,Rs./Quintal,FAQ
Shujalpur APMC,72.368,Metric Tonnes,Wheat,1901.0,2761.0,2750.0,Rs./Quintal,FAQ
Shyampur APMC,4.287,Metric Tonnes,Mill Quality,2800.0,2800.0,2800.0,Rs./Quintal,FAQ
Sidhi APMC,31.215,Metric Tonnes,Mill Quality,2400.0,2415.0,2400.0,Rs./Quintal,Non-FAQ
Silvani APMC,13.4,Metric Tonnes,Wheat,2195.0,2647.0,2646.0,Rs./Quintal,FAQ
Sirali APMC,48.99700000000001,Metric Tonnes,Mill Quality,2680.0,2760.0,2700.0,Rs./Quintal,FAQ
Sironj APMC,32.1,Metric Tonnes,Sharbati,3200.0,5045.0,4950.0,Rs./Quintal,FAQ
Sironj APMC,29.431,Metric Tonnes,Wheat,2480.0,3500.0,3500.0,Rs./Quintal,FAQ
Sitamau APMC,10.266,Metric Tonnes,Lokwan,2500.0,2762.0,2762.0,Rs./Quintal,FAQ
Sitamau APMC,65.277,Metric Tonnes,Wheat,2390.0,2831.0,2640.0,Rs./Quintal,FAQ
Sonkatch APMC,37.637,Metric Tonnes,Wheat,2000.0,2765.0,2600.0,Rs./Quintal,FAQ
Sonkatch APMC,2.5850000000000004,Metric Tonnes,Wheat,2741.0,2741.0,2741.0,Rs./Quintal,Non-FAQ
Soyatkalan APMC,4.025,Metric Tonnes,Wheat,2505.0,2545.0,2545.0,Rs./Quintal,FAQ
Susner APMC,34.946,Metric Tonnes,Wheat,2255.0,2742.0,2635.0,Rs./Quintal,Non-FAQ
Susner APMC,2.345,Metric Tonnes,Wheat,2756.0,2756.0,2756.0,Rs./Quintal,FAQ
Suvasra APMC,36.862,Metric Tonnes,Mill Quality,2460.0,2535.0,2535.0,Rs./Quintal,FAQ
Taal APMC,76.79400000000001,Metric Tonnes,Wheat,2591.0,2870.0,2645.0,Rs./Quintal,FAQ
Tarana APMC,54.74700000000001,Metric Tonnes,Wheat,2350.0,2655.0,2400.0,Rs./Quintal,FAQ
Thandla APMC,8.22,Metric Tonnes,Mill Quality,2545.0,2555.0,2555.0,Rs./Quintal,FAQ
Thandla APMC,4.46,Metric Tonnes,Lokwan,2500.0,2600.0,2600.0,Rs./Quintal,FAQ
Tikamgarh APMC,430.52600000000007,Metric Tonnes,Wheat,2550.0,2680.0,2650.0,Rs./Quintal,FAQ
Timarni APMC,2.12,Metric Tonnes,Mill Quality,2639.0,2639.0,2639.0,Rs./Quintal,Non-FAQ
Timarni APMC,84.443,Metric Tonnes,Wheat,2190.0,2698.0,2683.0,Rs./Quintal,FAQ
Udaipura APMC,17.71,Metric Tonnes,Mill Quality,2385.0,2630.0,2595.0,Rs./Quintal,FAQ
Ujjain APMC,281.95,Metric Tonnes,Wheat,1000.0,3027.0,2609.0,Rs./Quintal,FAQ
Umariya APMC,311.47,Metric Tonnes,Wheat,2361.0,2550.0,2410.0,Rs./Quintal,Non-FAQ
Umariya APMC,4.0,Metric Tonnes,Other,2500.0,2500.0,2500.0,Rs./Quintal,Non-FAQ
Umariya APMC,24.380000000000003,Metric Tonnes,Mill Quality,2300.0,2302.0,2300.0,Rs./Quintal,Non-FAQ
Unhel APMC,11.211,Metric Tonnes,Wheat,2585.0,2750.0,2626.0,Rs./Quintal,FAQ
Vidisha APMC,103.31400000000002,Metric Tonnes,Wheat,2530.0,3880.0,2620.0,Rs./Quintal,FAQ
Vijaypur APMC,54.04500000000001,Metric Tonnes,Wheat,2500.0,2580.0,2580.0,Rs./Quintal,FAQ
Total,27106.53,Metric Tonnes,,,,2651.22,Rs./Quintal,
State/UT Name : Maharashtra
APMC Aarni ,42.0,Metric Tonnes,Maharashtra 2189,2590.0,2789.0,2600.0,Rs./Quintal,FAQ
APMC Achalpur ,35.0,Metric Tonnes,Other,2585.0,2650.0,2615.0,Rs./Quintal,FAQ
APMC Akola ,22.5,Metric Tonnes,Other,2585.0,2720.0,2665.0,Rs./Quintal,FAQ
APMC Amalner ,15.0,Metric Tonnes,Other,2450.0,2580.0,2580.0,Rs./Quintal,Non-FAQ
APMC Amarawati ,25.5,Metric Tonnes,Other,2585.0,2700.0,2642.0,Rs./Quintal,FAQ
APMC Baramati ,34.7,Metric Tonnes,Maharashtra 2189,2585.0,2925.0,2780.0,Rs./Quintal,FAQ
APMC Baramati ,16.0,Metric Tonnes,Maharashtra 2189,2500.0,2580.0,2550.0,Rs./Quintal,Non-FAQ
APMC Baramati ,26.1,Metric Tonnes,Kalyan,2590.0,2796.0,2730.0,Rs./Quintal,FAQ
APMC Baramati ,50.0,Metric Tonnes,Kalyan,2350.0,2580.0,2540.0,Rs./Quintal,Non-FAQ
APMC Barshi ,1.0,Metric Tonnes,Other,2550.0,2550.0,2550.0,Rs./Quintal,Non-FAQ
APMC Bhokar ,0.2,Metric Tonnes,Other,2350.0,2350.0,2350.0,Rs./Quintal,Non-FAQ
APMC Chalisgaon ,20.0,Metric Tonnes,Other,2600.0,2751.0,2660.0,Rs./Quintal,FAQ
APMC Chandur Bazar ,5.2,Metric Tonnes,Other,2590.0,2700.0,2650.0,Rs./Quintal,FAQ
APMC Chandur Bazar ,5.3,Metric Tonnes,Other,2300.0,2580.0,2400.0,Rs./Quintal,Non-FAQ
APMC Chandur Railway ,0.6,Metric Tonnes,Other,2625.0,2625.0,2625.0,Rs./Quintal,FAQ
APMC Chattrapati Sambhajinagar ,12.8,Metric Tonnes,Other,2650.0,3002.0,2826.0,Rs./Quintal,FAQ
APMC Chopda ,3.0,Metric Tonnes,Other,2600.0,2727.0,2600.0,Rs./Quintal,FAQ
APMC Chopda ,1.0,Metric Tonnes,Other,2501.0,2501.0,2501.0,Rs./Quintal,Non-FAQ
APMC Deoulgaon Raja ,5.0,Metric Tonnes,Other,2650.0,2711.0,2650.0,Rs./Quintal,FAQ
APMC Deoulgaon Raja ,2.0,Metric Tonnes,Other,1500.0,1500.0,1500.0,Rs./Quintal,Non-FAQ
APMC Devala ,0.3,Metric Tonnes,Maharashtra 2189,2625.0,2950.0,2800.0,Rs./Quintal,FAQ
APMC Dhamngaon-Railway ,12.0,Metric Tonnes,Other,2400.0,2500.0,2450.0,Rs./Quintal,Non-FAQ
APMC Dhule ,21.3,Metric Tonnes,Other,2600.0,2801.0,2750.0,Rs./Quintal,FAQ
APMC Digras ,7.0,Metric Tonnes,Other,2775.0,2785.0,2775.0,Rs./Quintal,FAQ
APMC Dondaicha ,19.2,Metric Tonnes,Other,2650.0,2790.0,2766.0,Rs./Quintal,FAQ
APMC Dondaicha ,6.3,Metric Tonnes,Other,2300.0,2550.0,2550.0,Rs./Quintal,Non-FAQ
APMC Dound ,4.5,Metric Tonnes,Maharashtra 2189,2600.0,2751.0,2600.0,Rs./Quintal,FAQ
APMC Dound ,1.0,Metric Tonnes,Maharashtra 2189,2400.0,2400.0,2400.0,Rs./Quintal,Non-FAQ
APMC Dudhani ,0.9,Metric Tonnes,Maharashtra 2189,2550.0,2550.0,2550.0,Rs./Quintal,Non-FAQ
APMC Gangapur ,2.9,Metric Tonnes,Other,2641.0,2767.0,2736.0,Rs./Quintal,FAQ
APMC Ghansawangi ,9.2,Metric Tonnes,Maharashtra 2189,2600.0,2800.0,2700.0,Rs./Quintal,FAQ
APMC Hinganghat ,4.7,Metric Tonnes,Other,2585.0,2695.0,2600.0,Rs./Quintal,FAQ
APMC Hinganghat ,21.4,Metric Tonnes,Other,2535.0,2580.0,2560.0,Rs./Quintal,Non-FAQ
APMC Jalana ,3.1,Metric Tonnes,Other,2660.0,2800.0,2725.0,Rs./Quintal,FAQ
APMC Jamkhed ,1.4,Metric Tonnes,Other,2400.0,2550.0,2475.0,Rs./Quintal,Non-FAQ
APMC Kalyan ,0.3,Metric Tonnes,Sharbati,3200.0,3400.0,3300.0,Rs./Quintal,FAQ
APMC Kandhar ,1.6,Metric Tonnes,Other,2020.0,2470.0,2450.0,Rs./Quintal,Non-FAQ
APMC Kannad ,8.3,Metric Tonnes,Other,2650.0,2750.0,2700.0,Rs./Quintal,FAQ
APMC Karanja ,30.0,Metric Tonnes,Other,2680.0,2840.0,2760.0,Rs./Quintal,FAQ
APMC Karjat ,0.2,Metric Tonnes,Other,2500.0,2500.0,2500.0,Rs./Quintal,Non-FAQ
APMC Karmala ,4.1,Metric Tonnes,Other,2600.0,2727.0,2651.0,Rs./Quintal,FAQ
APMC Katol ,1.7,Metric Tonnes,Other,2650.0,2650.0,2650.0,Rs./Quintal,FAQ
APMC Khamgaon ,10.1,Metric Tonnes,Other,2600.0,2600.0,2600.0,Rs./Quintal,FAQ
APMC Khamgaon ,17.8,Metric Tonnes,Other,2525.0,2575.0,2550.0,Rs./Quintal,Non-FAQ
APMC Kopargaon ,11.5,Metric Tonnes,Other,2670.0,2741.0,2704.0,Rs./Quintal,FAQ
APMC Lasalgaon ,19.9,Metric Tonnes,Maharashtra 2189,2701.0,2869.0,2780.0,Rs./Quintal,FAQ
APMC Lasur Station ,30.1,Metric Tonnes,Other,2675.0,2860.0,2750.0,Rs./Quintal,FAQ
APMC Lonar ,12.0,Metric Tonnes,Other,2650.0,2792.0,2721.0,Rs./Quintal,FAQ
APMC Malegaon ,15.3,Metric Tonnes,Other,2585.0,3030.0,2751.0,Rs./Quintal,FAQ
APMC Malegaon(Washim) ,3.0,Metric Tonnes,Other,2100.0,2500.0,2450.0,Rs./Quintal,Non-FAQ
APMC Malkapur ,26.0,Metric Tonnes,Other,2655.0,2770.0,2700.0,Rs./Quintal,FAQ
APMC Malkapur ,0.5,Metric Tonnes,Other,2300.0,2300.0,2300.0,Rs./Quintal,Non-FAQ
APMC Mangrulpeer ,14.5,Metric Tonnes,Other,2695.0,2750.0,2700.0,Rs./Quintal,FAQ
APMC Manmad ,1.4,Metric Tonnes,Other,2606.0,2761.0,2686.0,Rs./Quintal,FAQ
APMC Manora ,1.0,Metric Tonnes,Other,2646.0,2646.0,2646.0,Rs./Quintal,FAQ
APMC Mehekar ,4.0,Metric Tonnes,Other,2000.0,2580.0,2300.0,Rs./Quintal,Non-FAQ
APMC Morshi ,20.0,Metric Tonnes,Other,2475.0,2580.0,2537.0,Rs./Quintal,Non-FAQ
APMC Mumbai ,302.6,Metric Tonnes,Other,2900.0,5500.0,4200.0,Rs./Quintal,FAQ
APMC Murtizapur ,3.5,Metric Tonnes,Other,2590.0,2745.0,2670.0,Rs./Quintal,FAQ
APMC Nagpur ,51.4,Metric Tonnes,Other,2600.0,2736.0,2702.0,Rs./Quintal,FAQ
APMC Nagpur ,50.0,Metric Tonnes,Sharbati,3200.0,3500.0,3425.0,Rs./Quintal,FAQ
APMC Nandgaon ,13.2,Metric Tonnes,Maharashtra 2189,2690.0,2810.0,2750.0,Rs./Quintal,FAQ
APMC Nandgaon Khandeshwar ,0.9,Metric Tonnes,Other,2585.0,2600.0,2590.0,Rs./Quintal,FAQ
APMC Pachora ,10.0,Metric Tonnes,Other,2451.0,2580.0,2511.0,Rs./Quintal,Non-FAQ
APMC Pachora ,15.5,Metric Tonnes,Other,2585.0,2700.0,2631.0,Rs./Quintal,FAQ
APMC Paithan ,7.0,Metric Tonnes,Bansi,2590.0,2740.0,2600.0,Rs./Quintal,FAQ
APMC Parola ,3.0,Metric Tonnes,Kalyan,2550.0,2550.0,2550.0,Rs./Quintal,Non-FAQ
APMC Rahata ,4.9,Metric Tonnes,Other,2705.0,2705.0,2705.0,Rs./Quintal,FAQ
APMC Rahuri ,1.5,Metric Tonnes,Other,2600.0,2650.0,2625.0,Rs./Quintal,FAQ
APMC Sangli ,32.9,Metric Tonnes,Other,3000.0,4200.0,3600.0,Rs./Quintal,FAQ
APMC Satana ,0.9,Metric Tonnes,Other,2600.0,3000.0,2810.0,Rs./Quintal,FAQ
APMC Savner ,3.0,Metric Tonnes,Other,2510.0,2530.0,2520.0,Rs./Quintal,Non-FAQ
APMC Shahada ,1.0,Metric Tonnes,Other,2590.0,2918.0,2900.0,Rs./Quintal,FAQ
APMC Shegaon ,1.4,Metric Tonnes,Other,2200.0,2500.0,2430.0,Rs./Quintal,Non-FAQ
APMC Shirpur ,7.0,Metric Tonnes,Other,2750.0,2780.0,2780.0,Rs./Quintal,FAQ
APMC Shirpur ,2.4,Metric Tonnes,Other,2561.0,2561.0,2561.0,Rs./Quintal,Non-FAQ
APMC Shrirampur ,1.5,Metric Tonnes,Other,2600.0,2650.0,2625.0,Rs./Quintal,FAQ
APMC Sillod ,14.3,Metric Tonnes,Other,2585.0,2650.0,2600.0,Rs./Quintal,FAQ
APMC Sinner ,2.3,Metric Tonnes,Other,2700.0,2700.0,2700.0,Rs./Quintal,FAQ
APMC Solapur ,80.9,Metric Tonnes,Sharbati,2645.0,4190.0,3665.0,Rs./Quintal,FAQ
APMC Telhara ,5.0,Metric Tonnes,Other,2585.0,2650.0,2596.0,Rs./Quintal,FAQ
APMC Tuljapur ,1.6,Metric Tonnes,Other,2400.0,2550.0,2500.0,Rs./Quintal,Non-FAQ
APMC Tumsar ,0.6,Metric Tonnes,Other,2612.0,2612.0,2612.0,Rs./Quintal,FAQ
APMC Ulhasnagar ,64.0,Metric Tonnes,Other,2800.0,3200.0,3000.0,Rs./Quintal,FAQ
APMC Umared ,5.7,Metric Tonnes,Other,2450.0,2550.0,2500.0,Rs./Quintal,Non-FAQ
APMC Vaijpur ,19.0,Metric Tonnes,Other,2590.0,2850.0,2720.0,Rs./Quintal,FAQ
APMC Vani ,0.6,Metric Tonnes,Other,2445.0,2445.0,2445.0,Rs./Quintal,Non-FAQ
APMC Wardha ,9.7,Metric Tonnes,Other,2650.0,2715.0,2690.0,Rs./Quintal,FAQ
APMC Washim ,15.0,Metric Tonnes,Maharashtra 2189,2585.0,2650.0,2600.0,Rs./Quintal,FAQ
APMC Washim ,30.0,Metric Tonnes,Maharashtra 2189,2340.0,2580.0,2450.0,Rs./Quintal,Non-FAQ
APMC Yavatmal ,9.4,Metric Tonnes,Other,2600.0,2745.0,2672.0,Rs./Quintal,FAQ
APMC Yeola ,5.2,Metric Tonnes,Maharashtra 2189,2726.0,2828.0,2751.0,Rs./Quintal,FAQ
Barshi(Vairag) ,0.2,Metric Tonnes,Other,2600.0,2600.0,2600.0,Rs./Quintal,FAQ
"Bsk Krishi Bazar Private Limited, Mehkar, Dist Buldhana",4.7,Metric Tonnes,Other,2400.0,2670.0,2660.0,Rs./Quintal,Local
Dondaicha (Sindhkheda) ,0.6,Metric Tonnes,Other,2586.0,2650.0,2600.0,Rs./Quintal,FAQ
Karjat(Rashin) ,0.2,Metric Tonnes,Other,2600.0,2600.0,2600.0,Rs./Quintal,FAQ
Kolhapur(Laxmipuri) ,11.5,Metric Tonnes,Other,3000.0,4150.0,3575.0,Rs./Quintal,FAQ
"Krushna Krishi Bazar, Washim",1.15,Metric Tonnes,Other,2500.0,2700.0,2642.0,Rs./Quintal,Local
Kurdwadi(Modnimb) ,1.8,Metric Tonnes,Other,2600.0,2900.0,2800.0,Rs./Quintal,FAQ
Lasalgaon(Niphad) ,7.4,Metric Tonnes,Maharashtra 2189,2711.0,2768.0,2740.0,Rs./Quintal,FAQ
Lasalgaon(Niphad) ,0.1,Metric Tonnes,Maharashtra 2189,2475.0,2475.0,2475.0,Rs./Quintal,Non-FAQ
"Mahesh Krushi Utpanna Bazar, Digras, Dist Yeotmal",1.23,Metric Tonnes,Other,2200.0,2700.0,2589.0,Rs./Quintal,Local
"Shekari Krushi Khajgi Bazar, Arni, Dist Yavatmal",0.69,Metric Tonnes,Other,2551.0,2551.0,2551.0,Rs./Quintal,Local
Shevgaon(Bodhegaon) ,1.2,Metric Tonnes,Maharashtra 2189,2600.0,2725.0,2725.0,Rs./Quintal,FAQ
Shrirampur(Belapur) ,5.3,Metric Tonnes,Other,2300.0,2500.0,2400.0,Rs./Quintal,Non-FAQ
Sindi (Selu),3.0,Metric Tonnes,Other,2400.0,2580.0,2500.0,Rs./Quintal,Non-FAQ
Umarked(Danki) ,12.0,Metric Tonnes,Other,2200.0,2350.0,2300.0,Rs./Quintal,Non-FAQ
Washim(Ansing) ,1.5,Metric Tonnes,Maharashtra 2189,2350.0,2450.0,2400.0,Rs./Quintal,Non-FAQ
Total,1500.87,Metric Tonnes,,,,3080.35,Rs./Quintal,
State/UT Name : NCT of Delhi
APMC Najafgarh,60.0,Metric Tonnes,Farmi,2800.0,3000.0,3000.0,Rs./Quintal,FAQ
APMC Najafgarh,28.0,Metric Tonnes,Dara,2700.0,2762.0,2725.0,Rs./Quintal,FAQ
APMC Narela,25.5,Metric Tonnes,Mexican,2714.0,2850.0,2782.0,Rs./Quintal,FAQ
Total,113.5,Metric Tonnes,,,,2883.18,Rs./Quintal,
State/UT Name : Rajasthan
Anta APMC,0.4,Metric Tonnes,Other,2592.0,2592.0,2592.0,Rs./Quintal,Local
Anupgarh APMC,47.0,Metric Tonnes,Dara,2600.0,2600.0,2600.0,Rs./Quintal,Grade Range-1
Atru APMC,7.0,Metric Tonnes,Other,2628.0,2740.0,2684.0,Rs./Quintal,Local
Baran APMC,100.0,Metric Tonnes,Other,2515.0,2861.0,2691.0,Rs./Quintal,Local
Barodamev APMC,4.7,Metric Tonnes,Other,2660.0,2674.0,2670.0,Rs./Quintal,Non-FAQ
Bassi APMC,10.100000000000001,Metric Tonnes,Other,2276.0,2725.0,2500.0,Rs./Quintal,Local
Bhusawar Bair APMC,10.200000000000001,Metric Tonnes,147 Average,2500.0,2620.0,2570.0,Rs./Quintal,Local
Bijaynagar APMC,10.0,Metric Tonnes,Other,2623.0,2623.0,2623.0,Rs./Quintal,Local
Bikaner (Grain) APMC,3.0,Metric Tonnes,Other,2826.0,2826.0,2826.0,Rs./Quintal,Local
Bundi APMC,540.0,Metric Tonnes,Other,2650.0,2680.0,2665.0,Rs./Quintal,FAQ
Chhotisadri APMC,28.8,Metric Tonnes,Local,2650.0,2956.0,2680.0,Rs./Quintal,Local
Choumahla APMC,50.0,Metric Tonnes,Other,2550.0,2750.0,2650.0,Rs./Quintal,Non-FAQ
Dablirathan APMC,1.5,Metric Tonnes,Wheat,2500.0,2500.0,2500.0,Rs./Quintal,Local
Dausa APMC,29.3,Metric Tonnes,Other,2570.0,2649.0,2609.0,Rs./Quintal,Local
Dei APMC,1.3,Metric Tonnes,Other,2659.0,2659.0,2659.0,Rs./Quintal,Local
Deoli APMC,3.8000000000000003,Metric Tonnes,147 Average,2600.0,2640.0,2620.0,Rs./Quintal,FAQ
Dholpur APMC,7.5,Metric Tonnes,Other,2500.0,2500.0,2500.0,Rs./Quintal,Local
Dooni APMC,1.6,Metric Tonnes,147 Average,2550.0,2599.0,2575.0,Rs./Quintal,Local
Fatehnagar APMC,36.2,Metric Tonnes,Local,2691.0,2796.0,2751.0,Rs./Quintal,FAQ
Gajsinghpur APMC,2.4000000000000004,Metric Tonnes,Other,2480.0,2626.0,2500.0,Rs./Quintal,Local
Galla Chhipabarod - Chhabra APMC,29.700000000000003,Metric Tonnes,Other,2591.0,2870.0,2730.0,Rs./Quintal,Local
Gangapur City APMC,17.95,Metric Tonnes,Other,2540.0,2585.0,2575.0,Rs./Quintal,Non-FAQ
Gharsana APMC,5.4,Metric Tonnes,Other,2620.0,2635.0,2625.0,Rs./Quintal,FAQ
Goluwala APMC,6.2,Metric Tonnes,Other,2612.0,2636.0,2631.0,Rs./Quintal,Non-FAQ
HanumangarhTown APMC,10.0,Metric Tonnes,Other,2680.0,2700.0,2700.0,Rs./Quintal,Non-FAQ
Iklera APMC,50.0,Metric Tonnes,Other,2450.0,2700.0,2575.0,Rs./Quintal,Local
Itawa APMC,25.0,Metric Tonnes,Other,2630.0,2789.0,2709.0,Rs./Quintal,Local
Jaitsar APMC,7.0,Metric Tonnes,Other,2640.0,2701.0,2685.0,Rs./Quintal,FAQ
Jayal APMC,3.8000000000000003,Metric Tonnes,Local,1900.0,2100.0,2000.0,Rs./Quintal,Grade Range-2
Jhalarapatan APMC,59.5,Metric Tonnes,Other,2400.0,2600.0,2500.0,Rs./Quintal,Local
Kapasan APMC,5.1000000000000005,Metric Tonnes,Lokwan,2400.0,2600.0,2500.0,Rs./Quintal,FAQ
Kawai Salpura - Atru APMC,3.6,Metric Tonnes,Other,2680.0,2790.0,2735.0,Rs./Quintal,Local
Kesarisinghpur APMC,9.600000000000001,Metric Tonnes,Other,2600.0,2640.0,2640.0,Rs./Quintal,FAQ
Khajuwala APMC,2.0,Metric Tonnes,Other,2605.0,2605.0,2605.0,Rs./Quintal,Grade Range-1
Khanpur APMC,18.5,Metric Tonnes,Other,2500.0,2801.0,2645.0,Rs./Quintal,FAQ
Kherli APMC,33.1,Metric Tonnes,Other,2590.0,2645.0,2620.0,Rs./Quintal,Non-FAQ
Kota APMC,481.0,Metric Tonnes,Local,2650.0,2650.0,2650.0,Rs./Quintal,Local
Lalsot APMC,30.3,Metric Tonnes,Other,2425.0,2695.0,2540.0,Rs./Quintal,Local
Laxmangarh - Barodamev  APMC,4.9,Metric Tonnes,Other,2600.0,2623.0,2613.0,Rs./Quintal,Non-FAQ
Malpura APMC,112.0,Metric Tonnes,Other,2500.0,2565.0,2545.0,Rs./Quintal,FAQ
Mandawar APMC,15.100000000000001,Metric Tonnes,Other,2530.0,2573.0,2563.0,Rs./Quintal,FAQ
Manohararthana APMC,5.0,Metric Tonnes,Wheat,2500.0,2650.0,2575.0,Rs./Quintal,Non-FAQ
Nahargarh APMC,1.5,Metric Tonnes,Other,2550.0,2750.0,2650.0,Rs./Quintal,Local
Nimbahera APMC,750.0,Metric Tonnes,Other,2630.0,2850.0,2740.0,Rs./Quintal,FAQ
Niwai APMC,21.8,Metric Tonnes,Other,2572.0,2645.0,2608.0,Rs./Quintal,Local
Nokha APMC,3.0,Metric Tonnes,Other,2650.0,2650.0,2650.0,Rs./Quintal,Local
Osiyan Mathania APMC,2.85,Metric Tonnes,Local,2400.0,2600.0,2500.0,Rs./Quintal,Local
Padampur APMC,16.0,Metric Tonnes,Other,2660.0,2952.0,2800.0,Rs./Quintal,FAQ
Pilibanga APMC,9.3,Metric Tonnes,Other,2680.0,2685.0,2682.0,Rs./Quintal,FAQ
Pratapgarh APMC,26.240000000000002,Metric Tonnes,Other,2500.0,2880.0,2690.0,Rs./Quintal,FAQ
Raisingh Nagar APMC,11.700000000000001,Metric Tonnes,Other,2500.0,2676.0,2611.0,Rs./Quintal,Non-FAQ
Ramganjmandi APMC,54.5,Metric Tonnes,Other,2450.0,2770.0,2660.0,Rs./Quintal,Local
Rawatsar APMC,15.0,Metric Tonnes,Other,2742.0,2742.0,2742.0,Rs./Quintal,FAQ
Rawla APMC,49.0,Metric Tonnes,Other,2560.0,2565.0,2563.0,Rs./Quintal,FAQ
Sadulshahar APMC,3.0,Metric Tonnes,Other,2650.0,2691.0,2675.0,Rs./Quintal,FAQ
Sangriya APMC,1.6,Metric Tonnes,Other,2476.0,2700.0,2534.0,Rs./Quintal,Local
Sri Karanpur APMC,7.4,Metric Tonnes,Other,2500.0,2571.0,2550.0,Rs./Quintal,FAQ
Sumerganj APMC,0.6,Metric Tonnes,147 Average,2700.0,2700.0,2700.0,Rs./Quintal,Local
Suratgarh APMC,5.5,Metric Tonnes,Other,2650.0,2661.0,2652.0,Rs./Quintal,FAQ
Todaraisingh APMC,118.0,Metric Tonnes,Other,2550.0,2600.0,2575.0,Rs./Quintal,FAQ
Tonk APMC,11.9,Metric Tonnes,Deshi,2600.0,2600.0,2600.0,Rs./Quintal,FAQ
Total,2938.44,Metric Tonnes,,,,2662.08,Rs./Quintal,
State/UT Name : Uttar Pradesh
Achalda APMC,25.095,Metric Tonnes,Other,2400.0,2400.0,2400.0,Rs./Quintal,FAQ
Achalda APMC,68.835,Metric Tonnes,Dara,2400.0,2550.0,2467.5,Rs./Quintal,FAQ
Achnera APMC,15.0,Metric Tonnes,Dara,2650.0,2650.0,2650.0,Rs./Quintal,FAQ
Ait APMC,15.0,Metric Tonnes,Other,2540.0,2560.0,2550.27,Rs./Quintal,FAQ
Ajuha APMC,34.5,Metric Tonnes,Dara,2400.0,2400.0,2400.0,Rs./Quintal,FAQ
Akbarpur APMC,122.9,Metric Tonnes,Dara,2450.0,2450.0,2450.0,Rs./Quintal,FAQ
Akbarpur APMC,19.24,Metric Tonnes,Other,2450.0,2500.0,2461.69,Rs./Quintal,FAQ
Aliganj APMC,63.205,Metric Tonnes,Dara,2500.0,2500.0,2500.0,Rs./Quintal,FAQ
Aligarh APMC,7.167,Metric Tonnes,Medium,2500.0,2500.0,2500.0,Rs./Quintal,FAQ
Aligarh APMC,92.833,Metric Tonnes,Dara,2500.0,2500.0,2500.0,Rs./Quintal,FAQ
Aligarh APMC,20.58,Metric Tonnes,Other,2600.0,2600.0,2600.0,Rs./Quintal,FAQ
Anandnagar APMC,64.6,Metric Tonnes,Dara,2400.0,2630.0,2430.78,Rs./Quintal,FAQ
Atarra APMC,20.22,Metric Tonnes,Dara,2450.0,2450.0,2450.0,Rs./Quintal,FAQ
Atrauli APMC,16.558,Metric Tonnes,Dara,2600.0,2600.0,2600.0,Rs./Quintal,FAQ
Auraiya APMC,35.11,Metric Tonnes,Medium,2640.0,2640.0,2640.0,Rs./Quintal,FAQ
Auraiya APMC,190.965,Metric Tonnes,Other,2620.0,2620.0,2620.0,Rs./Quintal,FAQ
Ayodhya APMC,54.0,Metric Tonnes,Hybrid,2500.0,2500.0,2500.0,Rs./Quintal,FAQ
Ayodhya APMC,88.19,Metric Tonnes,Dara,2500.0,2531.0,2506.87,Rs./Quintal,FAQ
Ayodhya APMC,24.5,Metric Tonnes,Dara Mill Quality,2600.0,2600.0,2600.0,Rs./Quintal,FAQ
Azamgarh APMC,246.8,Metric Tonnes,Dara,2585.0,2610.0,2598.38,Rs./Quintal,FAQ
Bachranwa APMC,49.355,Metric Tonnes,Dara,2500.0,2600.0,2539.22,Rs./Quintal,FAQ
Badayoun APMC,31.5,Metric Tonnes,Dara,2550.0,2600.0,2576.73,Rs./Quintal,FAQ
Badayoun APMC,71.295,Metric Tonnes,Other,2500.0,2500.0,2500.0,Rs./Quintal,FAQ
Bahraich APMC,256.57,Metric Tonnes,Dara,2500.0,2500.0,2500.0,Rs./Quintal,FAQ
Bahraich APMC,44.6,Metric Tonnes,Hybrid,2530.0,2560.0,2547.33,Rs./Quintal,FAQ
Bahraich APMC,361.205,Metric Tonnes,Other,2500.0,2500.0,2500.0,Rs./Quintal,FAQ
Ballia APMC,3.3,Metric Tonnes,Dara,2650.0,2650.0,2650.0,Rs./Quintal,FAQ
Balrampur APMC,31.09,Metric Tonnes,Dara,2300.0,2700.0,2660.24,Rs./Quintal,FAQ
Balrampur APMC,34.865,Metric Tonnes,Deshi,2750.0,2750.0,2750.0,Rs./Quintal,FAQ
Banda APMC,64.235,Metric Tonnes,Other,2425.0,2600.0,2485.41,Rs./Quintal,FAQ
Bangarmau APMC,98.16,Metric Tonnes,Dara,2500.0,2600.0,2527.81,Rs./Quintal,FAQ
Bansi APMC,40.6,Metric Tonnes,Other,2500.0,2500.0,2500.0,Rs./Quintal,FAQ
Bansi APMC,54.8,Metric Tonnes,Dara,2500.0,2500.0,2500.0,Rs./Quintal,FAQ
Banthara APMC,158.83,Metric Tonnes,Other,2625.0,2650.0,2631.86,Rs./Quintal,FAQ
Banthara APMC,244.46,Metric Tonnes,Dara,2500.0,2830.0,2668.04,Rs./Quintal,FAQ
Barabanki APMC,42.355,Metric Tonnes,Other,2450.0,2450.0,2450.0,Rs./Quintal,FAQ
Barabanki APMC,31.155,Metric Tonnes,Medium,2500.0,2600.0,2563.23,Rs./Quintal,FAQ
Barabanki APMC,133.605,Metric Tonnes,Dara,2450.0,2700.0,2597.88,Rs./Quintal,FAQ
Bareilly APMC,21.6,Metric Tonnes,Dara Mill Quality,2600.0,2600.0,2600.0,Rs./Quintal,FAQ
Bareilly APMC,26.34,Metric Tonnes,Other,2600.0,2600.0,2600.0,Rs./Quintal,FAQ
Bareilly APMC,104.25,Metric Tonnes,Dara,2600.0,2800.0,2625.97,Rs./Quintal,FAQ
Baripaal APMC,1.5,Metric Tonnes,Local,2550.0,2550.0,2550.0,Rs./Quintal,FAQ
Basti APMC,37.8,Metric Tonnes,Medium,2450.0,2450.0,2450.0,Rs./Quintal,FAQ
Basti APMC,41.6,Metric Tonnes,Other,2450.0,2450.0,2450.0,Rs./Quintal,FAQ
Basti APMC,77.08,Metric Tonnes,Dara Mill Quality,2500.0,2500.0,2500.0,Rs./Quintal,FAQ
Basti APMC,119.99,Metric Tonnes,Dara,2450.0,2650.0,2540.22,Rs./Quintal,FAQ
Bewar APMC,20.0,Metric Tonnes,Dara,2500.0,2500.0,2500.0,Rs./Quintal,FAQ
Bharthna APMC,130.105,Metric Tonnes,Dara,2550.0,2590.0,2554.92,Rs./Quintal,FAQ
Bharthna APMC,16.62,Metric Tonnes,Other,2550.0,2550.0,2550.0,Rs./Quintal,FAQ
Bharuasumerpur APMC,51.0,Metric Tonnes,Medium,2500.0,2500.0,2500.0,Rs./Quintal,FAQ
Bharwari APMC,94.8,Metric Tonnes,Other,2500.0,2500.0,2500.0,Rs./Quintal,FAQ
Bhehjoi APMC,65.8,Metric Tonnes,Dara,2500.0,2510.0,2505.0,Rs./Quintal,Local
Bhehjoi APMC,113.89,Metric Tonnes,Mill Quality,2542.0,2620.0,2560.99,Rs./Quintal,FAQ
Bijnaur APMC,4.5,Metric Tonnes,Other,2590.0,2590.0,2590.0,Rs./Quintal,FAQ
Bijnaur APMC,11.5,Metric Tonnes,Dara,2585.0,2585.0,2585.0,Rs./Quintal,FAQ
Bindki APMC,13.5,Metric Tonnes,Medium,2450.0,2475.0,2462.96,Rs./Quintal,FAQ
Bindki APMC,268.308,Metric Tonnes,Dara,2400.0,2610.0,2453.34,Rs./Quintal,FAQ
Bindki APMC,209.635,Metric Tonnes,Other,2400.0,2640.0,2487.04,Rs./Quintal,FAQ
Bishalpur APMC,39.6,Metric Tonnes,Other,2500.0,2500.0,2500.0,Rs./Quintal,FAQ
Buland Shahr APMC,12.033,Metric Tonnes,Dara Mill Quality,2753.0,2753.0,2753.0,Rs./Quintal,FAQ
Charkhari APMC,18.605,Metric Tonnes,Deshi,2400.0,2400.0,2400.0,Rs./Quintal,FAQ
Charkhari APMC,15.1,Metric Tonnes,Dara,2400.0,2400.0,2400.0,Rs./Quintal,FAQ
Charkhari APMC,31.9,Metric Tonnes,Other,2400.0,2400.0,2400.0,Rs./Quintal,FAQ
Charra APMC,30.0,Metric Tonnes,Medium,2500.0,2500.0,2500.0,Rs./Quintal,FAQ
Chhibramau APMC,19.5,Metric Tonnes,Hybrid,2500.0,2500.0,2500.0,Rs./Quintal,FAQ
Chhibramau APMC,32.87,Metric Tonnes,Dara,2500.0,2500.0,2500.0,Rs./Quintal,FAQ
Chirgaon APMC,75.2,Metric Tonnes,Dara Mill Quality,2570.0,2620.0,2599.3,Rs./Quintal,FAQ
Choubepur APMC,39.21,Metric Tonnes,Dara,2400.0,2500.0,2480.34,Rs./Quintal,FAQ
DADRI APMC,12.0,Metric Tonnes,Medium Fine,3171.0,3171.0,3171.0,Rs./Quintal,FAQ
Dataganj APMC,15.0,Metric Tonnes,Dara,2500.0,2600.0,2550.0,Rs./Quintal,FAQ
Dataganj APMC,30.28,Metric Tonnes,Other,2500.0,2500.0,2500.0,Rs./Quintal,FAQ
Dataganj APMC,4.9,Metric Tonnes,PBW-343,2500.0,2500.0,2500.0,Rs./Quintal,FAQ
Devariya APMC,2.435,Metric Tonnes,Hybrid,2753.18,2753.18,2753.18,Rs./Quintal,FAQ
Devariya APMC,6.865,Metric Tonnes,Sonalika,2756.74,2756.74,2756.74,Rs./Quintal,FAQ
Devariya APMC,1.735,Metric Tonnes,Sharbati,2733.72,2733.72,2733.72,Rs./Quintal,FAQ
Devariya APMC,13.74,Metric Tonnes,White,2750.0,2760.0,2752.47,Rs./Quintal,FAQ
Devariya APMC,27.0,Metric Tonnes,Other,2750.0,2750.0,2750.0,Rs./Quintal,FAQ
Devariya APMC,15.345,Metric Tonnes,Dara,2450.0,2754.61,2524.34,Rs./Quintal,FAQ
Dhanaura APMC,78.0,Metric Tonnes,Dara,2500.0,2600.0,2545.83,Rs./Quintal,FAQ
Dibiapur APMC,24.765,Metric Tonnes,Hybrid,2500.0,2500.0,2500.0,Rs./Quintal,FAQ
Dibiapur APMC,154.47,Metric Tonnes,Dara,2400.0,2680.0,2502.54,Rs./Quintal,FAQ
Etah APMC,340.0,Metric Tonnes,Dara,2500.0,2800.0,2516.76,Rs./Quintal,FAQ
Etah APMC,9.5,Metric Tonnes,Mill Quality,2500.0,2500.0,2500.0,Rs./Quintal,FAQ
Etawah APMC,8.129,Metric Tonnes,Other,2425.0,2425.0,2425.0,Rs./Quintal,FAQ
Fatehpur APMC,80.7,Metric Tonnes,Medium,2500.0,2500.0,2500.0,Rs./Quintal,FAQ
Fatehpur APMC,66.2,Metric Tonnes,Dara,2500.0,2530.0,2521.69,Rs./Quintal,FAQ
Fatehpur APMC,103.434,Metric Tonnes,Other,2500.0,2550.0,2528.92,Rs./Quintal,FAQ
Fatehpur Sikri APMC,39.83,Metric Tonnes,Dara,2550.0,2620.0,2603.71,Rs./Quintal,FAQ
Firozabad APMC,3.5,Metric Tonnes,Dara,2700.0,2700.0,2700.0,Rs./Quintal,FAQ
Gangoh APMC,1.0,Metric Tonnes,Other,2800.0,2800.0,2800.0,Rs./Quintal,FAQ
Ganj Dundwara APMC,11.45,Metric Tonnes,Other,2500.0,2550.0,2532.97,Rs./Quintal,FAQ
Ganj Dundwara APMC,31.0,Metric Tonnes,Dara,2500.0,2500.0,2500.0,Rs./Quintal,FAQ
Ghiraur APMC,56.0,Metric Tonnes,Dara,2400.0,2400.0,2400.0,Rs./Quintal,FAQ
Ghiraur APMC,8.0,Metric Tonnes,Sharbati,2400.0,2400.0,2400.0,Rs./Quintal,FAQ
Golagokarnath APMC,138.7,Metric Tonnes,Dara,2400.0,2610.0,2522.3,Rs./Quintal,FAQ
Gonda APMC,8.57,Metric Tonnes,Dara Mill Quality,2800.0,2800.0,2800.0,Rs./Quintal,FAQ
Gorakhpur APMC,206.42,Metric Tonnes,Dara,2500.0,2720.0,2616.8,Rs./Quintal,FAQ
Gurusarai APMC,35.4,Metric Tonnes,Medium,2570.0,2580.0,2573.95,Rs./Quintal,FAQ
Haathras APMC,42.918,Metric Tonnes,Medium,2500.0,2500.0,2500.0,Rs./Quintal,FAQ
Haathras APMC,36.585,Metric Tonnes,Dara,2500.0,2505.0,2501.24,Rs./Quintal,FAQ
Hapur APMC,6.0,Metric Tonnes,Other,2610.0,2610.0,2610.0,Rs./Quintal,FAQ
Hardoi APMC,78.65,Metric Tonnes,Dara Mill Quality,2650.0,2650.0,2650.0,Rs./Quintal,FAQ
Hardoi APMC,408.86,Metric Tonnes,Dara,2550.0,2560.0,2554.07,Rs./Quintal,FAQ
Hardoi APMC,204.8,Metric Tonnes,Other,2550.0,2550.0,2550.0,Rs./Quintal,FAQ
Hasanpur APMC,378.7,Metric Tonnes,Dara Mill Quality,2590.0,2590.0,2590.0,Rs./Quintal,FAQ
Islam Nagar APMC,35.67,Metric Tonnes,Deshi,2610.0,2610.0,2610.0,Rs./Quintal,FAQ
Islam Nagar APMC,81.95,Metric Tonnes,Other,2600.0,2600.0,2600.0,Rs./Quintal,FAQ
Jafarganj APMC,55.885,Metric Tonnes,Dara,2300.0,2575.0,2336.5,Rs./Quintal,FAQ
Jahanabad APMC,11.8,Metric Tonnes,Dara Mill Quality,2490.0,2490.0,2490.0,Rs./Quintal,FAQ
Jahanabad APMC,34.3,Metric Tonnes,Dara,2450.0,2590.0,2540.23,Rs./Quintal,FAQ
Jahangirabad APMC,0.55,Metric Tonnes,Other,2650.0,2650.0,2650.0,Rs./Quintal,FAQ
Jahangirabad APMC,3.135,Metric Tonnes,Dara,2670.0,2670.0,2670.0,Rs./Quintal,FAQ
Jalalabad APMC,69.48,Metric Tonnes,Deshi,2650.0,2650.0,2650.0,Rs./Quintal,FAQ
Jalalabad APMC,111.8,Metric Tonnes,Other,2430.0,2900.0,2606.78,Rs./Quintal,FAQ
Jalaun APMC,39.5,Metric Tonnes,Other,2390.0,2400.0,2395.19,Rs./Quintal,FAQ
Jangipura APMC,30.25,Metric Tonnes,Dara,2450.0,2500.0,2475.21,Rs./Quintal,FAQ
Jarar APMC,8.1,Metric Tonnes,Dara,2400.0,2400.0,2400.0,Rs./Quintal,FAQ
Jasra APMC,13.0,Metric Tonnes,Dara,2600.0,2600.0,2600.0,Rs./Quintal,FAQ
Jaunpur APMC,0.5,Metric Tonnes,Deshi,2600.0,2600.0,2600.0,Rs./Quintal,FAQ
Jaunpur APMC,19.58,Metric Tonnes,Dara Mill Quality,2694.0,2708.0,2704.16,Rs./Quintal,FAQ
Jayas APMC,326.467,Metric Tonnes,Dara,2400.0,2690.0,2552.46,Rs./Quintal,FAQ
Jhansi APMC,35.2,Metric Tonnes,Dara Mill Quality,2400.0,2400.0,2400.0,Rs./Quintal,FAQ
Jhansi APMC,29.2,Metric Tonnes,Other,2351.0,2352.0,2351.75,Rs./Quintal,FAQ
Jhijhank APMC,9.18,Metric Tonnes,Medium,2400.0,2400.0,2400.0,Rs./Quintal,FAQ
Jhijhank APMC,32.0,Metric Tonnes,Hybrid,2640.0,2640.0,2640.0,Rs./Quintal,FAQ
Jhijhank APMC,224.8,Metric Tonnes,Dara,2500.0,2650.0,2585.32,Rs./Quintal,FAQ
Kadaura APMC,25.0,Metric Tonnes,Dara,2600.0,2600.0,2600.0,Rs./Quintal,FAQ
Kalpi APMC,10.2,Metric Tonnes,Dara,2500.0,2500.0,2500.0,Rs./Quintal,FAQ
Kannauj APMC,18.3,Metric Tonnes,Dara,2500.0,2600.0,2577.05,Rs./Quintal,FAQ
Kanpur(Grain) APMC,18.1,Metric Tonnes,Medium,2360.0,2360.0,2360.0,Rs./Quintal,FAQ
Kanpur(Grain) APMC,9.7,Metric Tonnes,Dara Mill Quality,2360.0,2360.0,2360.0,Rs./Quintal,FAQ
Kanpur(Grain) APMC,8.2,Metric Tonnes,Hybrid,2680.0,2680.0,2680.0,Rs./Quintal,FAQ
Kanpur(Grain) APMC,58.23,Metric Tonnes,Other,2580.0,2650.0,2591.56,Rs./Quintal,FAQ
Kanpur(Grain) APMC,20.0,Metric Tonnes,Wheat-Organic,2360.0,2360.0,2360.0,Rs./Quintal,FAQ
Kanpur(Grain) APMC,239.595,Metric Tonnes,Dara,2600.0,2750.0,2704.55,Rs./Quintal,FAQ
Karvi APMC,45.4,Metric Tonnes,Other,2250.0,2400.0,2327.64,Rs./Quintal,FAQ
Karvi APMC,50.84,Metric Tonnes,Dara Mill Quality,2540.0,2550.0,2545.08,Rs./Quintal,FAQ
Kasganj APMC,4.0,Metric Tonnes,Medium Fine,2630.0,2630.0,2630.0,Rs./Quintal,FAQ
Kasganj APMC,6.0,Metric Tonnes,Super Fine,2640.0,2670.0,2655.0,Rs./Quintal,FAQ
Kasganj APMC,25.53,Metric Tonnes,Medium,2500.0,2660.0,2550.53,Rs./Quintal,FAQ
Kasganj APMC,13.43,Metric Tonnes,Hybrid,2500.0,2500.0,2500.0,Rs./Quintal,FAQ
Kasganj APMC,13.53,Metric Tonnes,Deshi,2500.0,2500.0,2500.0,Rs./Quintal,FAQ
Kasganj APMC,160.915,Metric Tonnes,Dara,2500.0,2650.0,2561.72,Rs./Quintal,FAQ
Kasganj APMC,20.885,Metric Tonnes,Other,2500.0,2700.0,2643.64,Rs./Quintal,FAQ
Khair APMC,8.9,Metric Tonnes,Dara,2680.0,2680.0,2680.0,Rs./Quintal,FAQ
Khairagarh APMC,2.5,Metric Tonnes,Dara,2550.0,2570.0,2560.0,Rs./Quintal,FAQ
Khairagarh APMC,1.1,Metric Tonnes,Other,2550.0,2550.0,2550.0,Rs./Quintal,FAQ
Khalilabad APMC,33.1,Metric Tonnes,Other,2530.0,2530.0,2530.0,Rs./Quintal,FAQ
Khalilabad APMC,110.79,Metric Tonnes,Dara,2530.0,2750.0,2573.85,Rs./Quintal,FAQ
Khekda APMC,5.596,Metric Tonnes,Mill Quality,2600.0,2600.0,2600.0,Rs./Quintal,FAQ
Khekda APMC,3.46,Metric Tonnes,Dara,2660.0,2700.0,2685.9,Rs./Quintal,FAQ
Khurja APMC,3.0,Metric Tonnes,Other,2600.0,2600.0,2600.0,Rs./Quintal,FAQ
Khurja APMC,15.0,Metric Tonnes,PBW-343,2600.0,2600.0,2600.0,Rs./Quintal,FAQ
Konch APMC,2.0,Metric Tonnes,Dara Mill Quality,2330.0,2330.0,2330.0,Rs./Quintal,FAQ
Konch APMC,17.0,Metric Tonnes,Other,2550.0,2550.0,2550.0,Rs./Quintal,FAQ
Konch APMC,20.1,Metric Tonnes,Dara,2280.0,2280.0,2280.0,Rs./Quintal,FAQ
Kosikalan APMC,15.0,Metric Tonnes,Dara,2500.0,2600.0,2560.0,Rs./Quintal,Grade Range-1
Kosikalan APMC,75.3,Metric Tonnes,Dara,2505.0,2650.0,2558.27,Rs./Quintal,FAQ
Kurara APMC,15.5,Metric Tonnes,Dara,2400.0,2400.0,2400.0,Rs./Quintal,FAQ
Lakhimpur APMC,148.006,Metric Tonnes,Dara,2400.0,2660.0,2457.38,Rs./Quintal,FAQ
Lalganj APMC,198.595,Metric Tonnes,Dara,2460.0,2686.0,2579.47,Rs./Quintal,FAQ
Lalitpur APMC,24.5,Metric Tonnes,Dara,2350.0,2350.0,2350.0,Rs./Quintal,FAQ
Lalitpur APMC,59.6,Metric Tonnes,Deshi,2350.0,2360.0,2353.7,Rs./Quintal,FAQ
Lalitpur APMC,199.86,Metric Tonnes,Mill Quality,2350.0,2358.0,2350.3,Rs./Quintal,FAQ
Lalitpur APMC,90.1,Metric Tonnes,Medium,2350.0,2600.0,2461.27,Rs./Quintal,FAQ
Lalitpur APMC,103.5,Metric Tonnes,Dara Mill Quality,2350.0,2350.0,2350.0,Rs./Quintal,FAQ
Lalitpur APMC,175.4,Metric Tonnes,Other,2350.0,2710.0,2428.24,Rs./Quintal,FAQ
Lediyari APMC,12.0,Metric Tonnes,Other,2400.0,2600.0,2585.0,Rs./Quintal,FAQ
Lucknow APMC,9.5,Metric Tonnes,Medium Fine,2690.0,2690.0,2690.0,Rs./Quintal,FAQ
Lucknow APMC,237.3,Metric Tonnes,Medium,2690.0,2690.0,2690.0,Rs./Quintal,FAQ
Lucknow APMC,15.01,Metric Tonnes,Other,2500.0,2500.0,2500.0,Rs./Quintal,FAQ
Madhoganj APMC,46.2,Metric Tonnes,Dara,2500.0,2500.0,2500.0,Rs./Quintal,FAQ
Madhogarh APMC,36.373,Metric Tonnes,Dara,2450.0,2550.0,2519.76,Rs./Quintal,FAQ
Mahoba APMC,75.6,Metric Tonnes,Dara,2300.0,2380.0,2312.51,Rs./Quintal,FAQ
Maholi APMC,39.78,Metric Tonnes,Dara,2400.0,2805.0,2550.25,Rs./Quintal,FAQ
Maigalganj APMC,19.2,Metric Tonnes,Dara,2550.0,2550.0,2550.0,Rs./Quintal,FAQ
Mainpuri APMC,13.0,Metric Tonnes,Other,2551.0,2551.0,2551.0,Rs./Quintal,FAQ
Mainpuri APMC,7.7,Metric Tonnes,Dara,2770.0,2770.0,2770.0,Rs./Quintal,FAQ
Mainpuri APMC,27.35,Metric Tonnes,Medium,2591.0,2591.0,2591.0,Rs./Quintal,FAQ
Mainpuri APMC,15.0,Metric Tonnes,Medium Fine,2591.0,2591.0,2591.0,Rs./Quintal,FAQ
Mainpuri APMC,20.0,Metric Tonnes,Super Fine,2600.0,2600.0,2600.0,Rs./Quintal,FAQ
Manjhanpur APMC,25.13,Metric Tonnes,Other,2400.0,2400.0,2400.0,Rs./Quintal,FAQ
Mathura APMC,20.5,Metric Tonnes,Medium,2450.28,2450.28,2450.28,Rs./Quintal,FAQ
Mathura APMC,19.625,Metric Tonnes,Dara,2562.0,2630.0,2599.19,Rs./Quintal,FAQ
Mathura APMC,30.65,Metric Tonnes,Other,2451.0,2635.0,2498.48,Rs./Quintal,FAQ
Mau(Chitrakut) APMC,73.495,Metric Tonnes,Other,2400.0,2590.0,2447.57,Rs./Quintal,FAQ
Maudaha APMC,41.0,Metric Tonnes,Dara,2330.0,2330.0,2330.0,Rs./Quintal,FAQ
Mauranipur APMC,8.137,Metric Tonnes,Other,2400.0,2400.0,2400.0,Rs./Quintal,FAQ
Mauranipur APMC,5.1,Metric Tonnes,Farmi,2400.0,2400.0,2400.0,Rs./Quintal,FAQ
Mauranipur APMC,25.0,Metric Tonnes,Medium,2400.0,2400.0,2400.0,Rs./Quintal,FAQ
Meeranpur Katra APMC,3.65,Metric Tonnes,Other,2490.0,2490.0,2490.0,Rs./Quintal,FAQ
Mehmoodabad APMC,266.55,Metric Tonnes,Other,2600.0,2690.0,2648.86,Rs./Quintal,FAQ
Mehrauni APMC,120.1,Metric Tonnes,Deshi,2300.0,2400.0,2342.86,Rs./Quintal,FAQ
Mehrauni APMC,91.1,Metric Tonnes,Dara,2301.0,2615.0,2503.01,Rs./Quintal,FAQ
Mehrauni APMC,102.0,Metric Tonnes,Other,2300.0,2700.0,2512.73,Rs./Quintal,FAQ
Mihipurwa APMC,36.0,Metric Tonnes,Dara,2400.0,2400.0,2400.0,Rs./Quintal,FAQ
Mirzapur APMC,31.53,Metric Tonnes,Dara,2650.0,2660.0,2653.5,Rs./Quintal,FAQ
Mohammdi APMC,9.8,Metric Tonnes,Other,2570.0,2570.0,2570.0,Rs./Quintal,FAQ
Moth APMC,28.9,Metric Tonnes,Deshi,2600.0,2610.0,2605.03,Rs./Quintal,FAQ
Mugrabaadshahpur APMC,10.3,Metric Tonnes,Medium,2425.0,2425.0,2425.0,Rs./Quintal,FAQ
Muradabad APMC,0.88,Metric Tonnes,Other,2520.0,2520.0,2520.0,Rs./Quintal,FAQ
Muradnagar APMC,2.19,Metric Tonnes,Other,2620.0,2620.0,2620.0,Rs./Quintal,FAQ
Muskara APMC,34.5,Metric Tonnes,Other,2350.0,2350.0,2350.0,Rs./Quintal,FAQ
Naanpara APMC,20.0,Metric Tonnes,Medium Fine,2400.0,2400.0,2400.0,Rs./Quintal,FAQ
Naanpara APMC,147.12,Metric Tonnes,Dara,2400.0,2600.0,2448.15,Rs./Quintal,FAQ
Naugarh APMC,35.0,Metric Tonnes,Other,2500.0,2500.0,2500.0,Rs./Quintal,FAQ
Naugarh APMC,61.62,Metric Tonnes,Dara,2500.0,2580.0,2531.31,Rs./Quintal,FAQ
Nautnava APMC,1.795,Metric Tonnes,Wheat-Organic,2400.0,2400.0,2400.0,Rs./Quintal,FAQ
Nautnava APMC,10.0,Metric Tonnes,Dara,2400.0,2400.0,2400.0,Rs./Quintal,FAQ
Nawabganj APMC,34.9,Metric Tonnes,Dara,2550.0,2600.0,2560.89,Rs./Quintal,FAQ
Orai APMC,49.5,Metric Tonnes,Dara,2450.0,2500.0,2467.68,Rs./Quintal,FAQ
Paliakala APMC,65.6,Metric Tonnes,Dara,2400.0,2400.0,2400.0,Rs./Quintal,FAQ
Partaval APMC,8.0,Metric Tonnes,Dara,2400.0,2400.0,2400.0,Rs./Quintal,FAQ
Partaval APMC,13.8,Metric Tonnes,Other,2400.0,2400.0,2400.0,Rs./Quintal,FAQ
Payagpur APMC,31.8,Metric Tonnes,Dara,2425.0,2425.0,2425.0,Rs./Quintal,FAQ
Payagpur APMC,110.5,Metric Tonnes,Medium,2425.0,2500.0,2439.98,Rs./Quintal,FAQ
Powayan APMC,46.754,Metric Tonnes,Dara,2500.0,2600.0,2582.89,Rs./Quintal,FAQ
Pratapgarh APMC,33.6,Metric Tonnes,Other,2400.0,2400.0,2400.0,Rs./Quintal,FAQ
Pratapgarh APMC,234.08,Metric Tonnes,Dara,2400.0,2730.0,2456.26,Rs./Quintal,FAQ
Prayagraj APMC,20.0,Metric Tonnes,Medium,2250.0,2250.0,2250.0,Rs./Quintal,FAQ
Prayagraj APMC,38.2,Metric Tonnes,Other,2250.0,2600.0,2326.05,Rs./Quintal,FAQ
Prayagraj APMC,45.6,Metric Tonnes,Wheat-Organic,2250.0,2250.0,2250.0,Rs./Quintal,FAQ
Prayagraj APMC,19.9,Metric Tonnes,Deshi,2250.0,2250.0,2250.0,Rs./Quintal,FAQ
Prayagraj APMC,67.9,Metric Tonnes,Dara,2250.0,2500.0,2367.82,Rs./Quintal,FAQ
Pukharayan APMC,114.49,Metric Tonnes,Dara,2450.0,2600.0,2588.2,Rs./Quintal,FAQ
Purwa APMC,116.195,Metric Tonnes,Dara,2450.0,2550.0,2495.69,Rs./Quintal,FAQ
Raath APMC,5.0,Metric Tonnes,Deshi,2450.0,2450.0,2450.0,Rs./Quintal,FAQ
Raath APMC,7.8,Metric Tonnes,Medium,2500.0,2500.0,2500.0,Rs./Quintal,FAQ
Raath APMC,60.85,Metric Tonnes,Other,2400.0,2400.0,2400.0,Rs./Quintal,FAQ
Raibareilly APMC,0.3,Metric Tonnes,White,2400.0,2400.0,2400.0,Rs./Quintal,FAQ
Raibareilly APMC,10.2,Metric Tonnes,Other,2500.0,2500.0,2500.0,Rs./Quintal,FAQ
Raibareilly APMC,39.26,Metric Tonnes,Dara Mill Quality,2580.0,2580.0,2580.0,Rs./Quintal,FAQ
Raibareilly APMC,245.775,Metric Tonnes,Dara,2400.0,2615.0,2495.27,Rs./Quintal,FAQ
Raibareilly APMC,20.0,Metric Tonnes,PBW-343,2500.0,2500.0,2500.0,Rs./Quintal,FAQ
Robertsganj APMC,44.58,Metric Tonnes,Other,2500.0,2500.53,2500.1,Rs./Quintal,FAQ
Rudauli APMC,4.09,Metric Tonnes,PBW-343,2475.0,2475.0,2475.0,Rs./Quintal,FAQ
Rudauli APMC,9.4,Metric Tonnes,Wheat-Organic,2475.0,2475.0,2475.0,Rs./Quintal,FAQ
Rudauli APMC,141.608,Metric Tonnes,Dara,2475.0,2740.0,2615.46,Rs./Quintal,FAQ
Rura APMC,8.7,Metric Tonnes,Sharbati,2500.0,2500.0,2500.0,Rs./Quintal,FAQ
Rura APMC,2.0,Metric Tonnes,Deshi,2500.0,2500.0,2500.0,Rs./Quintal,FAQ
Rura APMC,60.7,Metric Tonnes,Other,2500.0,2650.0,2533.36,Rs./Quintal,FAQ
Rura APMC,10.86,Metric Tonnes,Dara,2500.0,2505.0,2502.14,Rs./Quintal,FAQ
Rura APMC,44.15,Metric Tonnes,Medium,2500.0,2600.0,2519.25,Rs./Quintal,FAQ
Rura APMC,17.8,Metric Tonnes,Sonalika,2500.0,2500.0,2500.0,Rs./Quintal,FAQ
Safdarganj APMC,172.14,Metric Tonnes,Dara,2450.0,2950.0,2478.17,Rs./Quintal,FAQ
Sahiyapur APMC,15.35,Metric Tonnes,Sharbati,2430.0,2430.0,2430.0,Rs./Quintal,FAQ
Sahiyapur APMC,41.8,Metric Tonnes,Medium,2430.0,2430.0,2430.0,Rs./Quintal,FAQ
Sahiyapur APMC,116.48,Metric Tonnes,Other,2430.0,2700.0,2528.21,Rs./Quintal,FAQ
Sahiyapur APMC,86.72,Metric Tonnes,Dara,2430.0,2430.0,2430.0,Rs./Quintal,FAQ
Salon APMC,126.105,Metric Tonnes,Dara,2400.0,2500.0,2425.23,Rs./Quintal,FAQ
Sandila APMC,388.239,Metric Tonnes,Dara,2450.0,2750.0,2463.51,Rs./Quintal,FAQ
Sandila APMC,4.8,Metric Tonnes,Dara Mill Quality,2450.0,2450.0,2450.0,Rs./Quintal,FAQ
Sehjanwa APMC,136.612,Metric Tonnes,Dara,2575.0,2808.0,2759.57,Rs./Quintal,FAQ
Shahganj APMC,82.0,Metric Tonnes,Red,2400.0,2400.0,2400.0,Rs./Quintal,FAQ
Shahganj APMC,111.04,Metric Tonnes,Dara,2450.0,2590.0,2542.72,Rs./Quintal,FAQ
Shahjahanpur APMC,13.2,Metric Tonnes,Other,2475.0,2475.0,2475.0,Rs./Quintal,FAQ
Shahjahanpur APMC,216.11,Metric Tonnes,Dara,2475.0,2600.0,2537.3,Rs./Quintal,FAQ
Shohratgarh APMC,32.1,Metric Tonnes,Medium,2650.0,2650.0,2650.0,Rs./Quintal,FAQ
Shohratgarh APMC,181.0,Metric Tonnes,Dara,2450.0,2450.0,2450.0,Rs./Quintal,FAQ
Sidhauli APMC,28.8,Metric Tonnes,Dara,2425.0,2445.0,2437.53,Rs./Quintal,FAQ
Sikanderabad APMC,32.0,Metric Tonnes,Local,2650.0,2650.0,2650.0,Rs./Quintal,FAQ
Sikanderabad APMC,8.5,Metric Tonnes,Medium,2647.0,2647.0,2647.0,Rs./Quintal,FAQ
Sikarpur APMC,25.39,Metric Tonnes,PBW-343,2600.0,2600.0,2600.0,Rs./Quintal,FAQ
Sikarpur APMC,5.634,Metric Tonnes,Dara,2455.0,2455.0,2455.0,Rs./Quintal,FAQ
Sirsaganj APMC,2.1,Metric Tonnes,Other,2450.0,2450.0,2450.0,Rs./Quintal,FAQ
Sirsaganj APMC,11.2,Metric Tonnes,Deshi,2650.0,2680.0,2665.45,Rs./Quintal,FAQ
Sitapur APMC,95.95,Metric Tonnes,Medium,2450.0,2550.0,2498.67,Rs./Quintal,FAQ
Sitapur APMC,136.905,Metric Tonnes,Dara,2450.0,2650.0,2494.83,Rs./Quintal,FAQ
Sitapur APMC,43.065,Metric Tonnes,Dara Mill Quality,2450.0,2450.0,2450.0,Rs./Quintal,FAQ
Sultanpur APMC,101.45,Metric Tonnes,Dara,2450.0,2450.05,2450.0,Rs./Quintal,FAQ
Sultanpur APMC,41.2,Metric Tonnes,Deshi,2452.0,2453.0,2452.58,Rs./Quintal,FAQ
Sultanpur APMC,29.2,Metric Tonnes,Other,2450.0,2450.0,2450.0,Rs./Quintal,FAQ
Tanda Akbarpur APMC,40.92,Metric Tonnes,Dara,2450.0,2600.0,2522.04,Rs./Quintal,FAQ
Tulsipur APMC,30.0,Metric Tonnes,Other,2500.0,2500.0,2500.0,Rs./Quintal,FAQ
Tulsipur APMC,56.5,Metric Tonnes,Medium,2500.0,2630.0,2572.48,Rs./Quintal,FAQ
Tundla APMC,5.41,Metric Tonnes,Medium,2750.0,2750.0,2750.0,Rs./Quintal,FAQ
Tundla APMC,4.28,Metric Tonnes,Local,2800.0,2800.0,2800.0,Rs./Quintal,FAQ
Unnao APMC,17.2,Metric Tonnes,Dara,2560.0,2560.0,2560.0,Rs./Quintal,FAQ
Unnao APMC,52.575,Metric Tonnes,Dara Mill Quality,2550.0,2550.0,2550.0,Rs./Quintal,FAQ
Unnao APMC,148.5,Metric Tonnes,Other,2585.0,2585.0,2585.0,Rs./Quintal,FAQ
Utraula APMC,25.2,Metric Tonnes,Hybrid,2405.0,2405.0,2405.0,Rs./Quintal,FAQ
Utraula APMC,24.0,Metric Tonnes,Medium,2405.0,2405.0,2405.0,Rs./Quintal,FAQ
Viswan APMC,19.35,Metric Tonnes,Mill Quality,2400.0,2400.0,2400.0,Rs./Quintal,FAQ
Total,16988.71,Metric Tonnes,,,,2523.37,Rs./Quintal,
State/UT Name : Uttarakhand
Lakshar APMC,2.0,Metric Tonnes,Other,2585.0,2600.0,2600.0,Rs./Quintal,Local
Total,2.0,Metric Tonnes,,,,2600.0,Rs./Quintal,
State/UT Name : West Bengal
Asansol APMC,4.6,Metric Tonnes,Kalyan,2650.0,2850.0,2700.0,Rs./Quintal,FAQ
Beldanga APMC,2.0,Metric Tonnes,Other,2450.0,2600.0,2500.0,Rs./Quintal,FAQ
Bishnupur(Bankura) APMC,0.22000000000000003,Metric Tonnes,Sonalika,2600.0,2750.0,2700.0,Rs./Quintal,FAQ
Durgapur APMC,5.0,Metric Tonnes,Kalyan,2600.0,2850.0,2765.0,Rs./Quintal,FAQ
Jangipur APMC,13.25,Metric Tonnes,Deshi,2550.0,2650.0,2600.0,Rs./Quintal,FAQ
Karimpur APMC,7.6,Metric Tonnes,Other,2600.0,2800.0,2700.0,Rs./Quintal,Grade Range-1
Khatra APMC,0.18000000000000002,Metric Tonnes,Sonalika,2600.0,2800.0,2700.0,Rs./Quintal,FAQ
Rampurhat APMC,18.0,Metric Tonnes,Other,2550.0,2620.0,2600.0,Rs./Quintal,FAQ
Total,50.85,Metric Tonnes,,,,2637.07,Rs./Quintal,
Grand Total,49252.84,Metric Tonnes,,,,2624.41,Rs./Quintal,
Commodity Group Name : Pulses
Bengal Gram Dal(Chana Dal)
State/UT Name : Karnataka
Bengaluru APMC,60.400000000000006,Metric Tonnes,Bengal Gram Dal,7000.0,8500.0,7750.0,Rs./Quintal,Medium
Gadag APMC,1.5,Metric Tonnes,Bengal Gram Dal,7900.0,7900.0,7900.0,Rs./Quintal,Medium
Mysuru APMC,20.0,Metric Tonnes,Bengal Gram Dal,7400.0,7400.0,7400.0,Rs./Quintal,Local
Total,81.9,Metric Tonnes,,,,7667.28,Rs./Quintal,
State/UT Name : Maharashtra
APMC Mumbai ,66.4,Metric Tonnes,Other,7100.0,8500.0,7900.0,Rs./Quintal,Local
Total,66.4,Metric Tonnes,,,,7900.0,Rs./Quintal,
State/UT Name : Manipur
Bishenpur APMC,0.3,Metric Tonnes,Bengal Gram Dal,11500.0,12000.0,11750.0,Rs./Quintal,FAQ
Imphal APMC,2.4,Metric Tonnes,Bengal Gram Dal,11000.0,12000.0,11500.0,Rs./Quintal,FAQ
Kakching Market APMC,0.4,Metric Tonnes,Bengal Gram Dal,10500.0,11000.0,10750.0,Rs./Quintal,FAQ
Thoubal APMC,0.3,Metric Tonnes,Bengal Gram Dal,11500.0,12000.0,11750.0,Rs./Quintal,FAQ
Total,3.4,Metric Tonnes,,,,11455.88,Rs./Quintal,
State/UT Name : Uttar Pradesh
Chandausi APMC,7.5,Metric Tonnes,Other,7150.0,7150.0,7150.0,Rs./Quintal,FAQ
Ghaziabad APMC,0.7496,Metric Tonnes,Other,8500.0,8500.0,8500.0,Rs./Quintal,FAQ
Saharanpur APMC,5.5,Metric Tonnes,Other,7125.0,7150.0,7138.64,Rs./Quintal,FAQ
Total,13.75,Metric Tonnes,,,,7219.06,Rs./Quintal,
Grand Total,165.45,Metric Tonnes,,,,7801.28,Rs./Quintal,
Red gram/Arhar/Tur(whole) (MSP: Rs. 8450.00/Quintal)
State/UT Name : Andhra Pradesh
Gooti APMC,0.1,Metric Tonnes,Local,5400.0,6790.0,5950.0,Rs./Quintal,Grade Range-1
Guntakal APMC,0.01,Metric Tonnes,Local,7000.0,8000.0,7500.0,Rs./Quintal,Local
Ipur APMC,1.0,Metric Tonnes,Local,7500.0,8000.0,7600.0,Rs./Quintal,FAQ
Kanigiri APMC,0.1,Metric Tonnes,(Whole),8600.0,8800.0,8700.0,Rs./Quintal,Local
Macharla APMC,0.1,Metric Tonnes,Local,8200.0,8200.0,8200.0,Rs./Quintal,Grade Range-1
Narasaraopet APMC,0.1,Metric Tonnes,Local,8500.0,8500.0,8500.0,Rs./Quintal,FAQ
Podili APMC,0.1,Metric Tonnes,Arhar (Whole),8000.0,8200.0,8100.0,Rs./Quintal,FAQ
Tadipatri APMC,0.1,Metric Tonnes,Local,5700.0,5950.0,5850.0,Rs./Quintal,Grade Range-1
Total,1.61,Metric Tonnes,,,,7580.75,Rs./Quintal,
State/UT Name : Gujarat
Dahod APMC,1.2000000000000002,Metric Tonnes,Arhar (Whole),6000.0,6500.0,6350.0,Rs./Quintal,Non-FAQ
Total,1.2,Metric Tonnes,,,,6350.0,Rs./Quintal,
State/UT Name : Karnataka
Basava Kalayana APMC,2.2,Metric Tonnes,Arhar (Whole),6010.0,8200.0,8000.0,Rs./Quintal,FAQ
Bhalki APMC,29.200000000000003,Metric Tonnes,Arhar (Whole),7000.0,8711.0,8492.0,Rs./Quintal,Non-FAQ
Bidar APMC,53.900000000000006,Metric Tonnes,Arhar (Whole),3188.0,8888.0,8495.0,Rs./Quintal,Non-FAQ
Chincholi APMC,57.6,Metric Tonnes,Arhar (Whole),8100.0,8300.0,8200.0,Rs./Quintal,Non-FAQ
Chittapur APMC,22.900000000000002,Metric Tonnes,Arhar Dal(Tur),8100.0,8900.0,8600.0,Rs./Quintal,Non-FAQ
Gadag APMC,0.4,Metric Tonnes,Arhar (Whole),3677.0,4412.0,3948.0,Rs./Quintal,FAQ
Humanabad APMC,2.3000000000000003,Metric Tonnes,Arhar (Whole),6000.0,8400.0,7500.0,Rs./Quintal,FAQ
Hungund APMC,30.3,Metric Tonnes,Arhar (Whole),8200.0,8200.0,8200.0,Rs./Quintal,FAQ
Kalaburagi APMC,90.0,Metric Tonnes,Arhar (Whole),7500.0,9211.0,8800.0,Rs./Quintal,Local
Kustagi APMC,23.400000000000002,Metric Tonnes,Red,7900.0,7900.0,7900.0,Rs./Quintal,FAQ
Lingasugur APMC,61.0,Metric Tonnes,Arhar (Whole),7800.0,8000.0,7800.0,Rs./Quintal,Non-FAQ
Sindhanur APMC,21.0,Metric Tonnes,Arhar (Whole),7500.0,7700.0,7600.0,Rs./Quintal,FAQ
Talikot APMC,26.1,Metric Tonnes,Arhar (Whole),6509.0,8511.0,7887.0,Rs./Quintal,FAQ
Vijayapura APMC,135.5,Metric Tonnes,Arhar (Whole),7000.0,8200.0,7600.0,Rs./Quintal,Local
Yadgir APMC,12.4,Metric Tonnes,Red,7200.0,8409.0,7892.0,Rs./Quintal,FAQ
sedam,69.7,Metric Tonnes,Arhar (Whole),7000.0,8200.0,7491.0,Rs./Quintal,Non-FAQ
Total,637.9,Metric Tonnes,,,,8038.71,Rs./Quintal,
State/UT Name : Keralam
Neeleswaram Market,2.0,Metric Tonnes,Other,14300.0,14500.0,14400.0,Rs./Quintal,FAQ
Palakkad Market,1.0,Metric Tonnes,Arhar Dal(Tur),12000.0,13500.0,12800.0,Rs./Quintal,FAQ
Total,3.0,Metric Tonnes,,,,13866.67,Rs./Quintal,
State/UT Name : Madhya Pradesh
Amarwda APMC,8.5,Metric Tonnes,Arhar Dal(Tur),5000.0,6000.0,6000.0,Rs./Quintal,FAQ
Bareli APMC,1.6500000000000001,Metric Tonnes,Arhar Dal(Tur),6999.0,6999.0,6999.0,Rs./Quintal,FAQ
Betul APMC,0.51,Metric Tonnes,Arhar Dal(Tur),6301.0,7450.0,6901.0,Rs./Quintal,FAQ
Bhikangaon APMC,0.202,Metric Tonnes,Arhar Dal(Tur),6495.0,6495.0,6495.0,Rs./Quintal,FAQ
Burhanpur APMC,0.36800000000000005,Metric Tonnes,Arhar Dal(Tur),6767.0,6800.0,6800.0,Rs./Quintal,Non-FAQ
Damoh APMC,26.882,Metric Tonnes,Arhar Dal(Tur),5165.0,8310.0,8310.0,Rs./Quintal,FAQ
Gadarwada APMC,0.5650000000000001,Metric Tonnes,Arhar Dal(Tur),6900.0,7851.0,7851.0,Rs./Quintal,Non-FAQ
Guna APMC,0.15200000000000002,Metric Tonnes,Arhar Dal(Tur),6295.0,6295.0,6295.0,Rs./Quintal,FAQ
Indore APMC,130.366,Metric Tonnes,Arhar Dal(Tur),2095.0,6350.0,6350.0,Rs./Quintal,FAQ
Jabalpur APMC,51.013000000000005,Metric Tonnes,Arhar Dal(Tur),3990.0,8220.0,7700.0,Rs./Quintal,FAQ
Kareli APMC,13.969999999999999,Metric Tonnes,Arhar Dal(Tur),7000.0,7840.0,7840.0,Rs./Quintal,FAQ
Katni APMC,298.196,Metric Tonnes,Arhar Dal(Tur),8050.0,8520.29,8475.0,Rs./Quintal,FAQ
Katni APMC,1.152,Metric Tonnes,Arhar Dal(Tur),4001.0,6315.0,6315.0,Rs./Quintal,Non-FAQ
Khandwa APMC,3.5500000000000003,Metric Tonnes,Arhar Dal(Tur),6950.0,6950.0,6950.0,Rs./Quintal,FAQ
Khategaon APMC,0.167,Metric Tonnes,Arhar Dal(Tur),5600.0,5602.0,5602.0,Rs./Quintal,FAQ
Lakhnadon APMC,7.300000000000001,Metric Tonnes,Arhar Dal(Tur),6177.0,6214.0,6214.0,Rs./Quintal,FAQ
Patharia APMC,0.48200000000000004,Metric Tonnes,Arhar Dal(Tur),3220.0,6955.0,6955.0,Rs./Quintal,FAQ
Pipariya APMC,11.100000000000001,Metric Tonnes,Arhar Dal(Tur),6200.0,7800.0,7800.0,Rs./Quintal,FAQ
Ratlam APMC,0.11000000000000001,Metric Tonnes,Arhar Dal(Tur),4876.0,4876.0,4876.0,Rs./Quintal,FAQ
Satna APMC,2.664,Metric Tonnes,Arhar Dal(Tur),7975.0,8095.0,8095.0,Rs./Quintal,FAQ
Shahpura Niwas APMC,0.851,Metric Tonnes,Arhar Dal(Tur),5000.0,5000.0,5000.0,Rs./Quintal,Non-FAQ
Silvani APMC,0.05,Metric Tonnes,Arhar Dal(Tur),7395.0,7395.0,7395.0,Rs./Quintal,FAQ
Umariya APMC,9.600000000000001,Metric Tonnes,Arhar Dal(Tur),4400.0,6800.0,6800.0,Rs./Quintal,Non-FAQ
Total,569.4,Metric Tonnes,,,,7755.9,Rs./Quintal,
State/UT Name : Maharashtra
APMC Achalpur ,18.0,Metric Tonnes,Other,8000.0,8500.0,8250.0,Rs./Quintal,FAQ
APMC Akola ,134.6,Metric Tonnes,Other,8000.0,8575.0,8255.0,Rs./Quintal,FAQ
APMC Amarawati ,284.1,Metric Tonnes,Other,8000.0,8625.0,8325.0,Rs./Quintal,FAQ
APMC Baramati ,0.1,Metric Tonnes,Other,7700.0,7700.0,7700.0,Rs./Quintal,Non-FAQ
APMC Bhokar ,0.3,Metric Tonnes,Other,7400.0,7700.0,7550.0,Rs./Quintal,Non-FAQ
APMC Chandur Bazar ,9.3,Metric Tonnes,Other,8000.0,8600.0,8350.0,Rs./Quintal,FAQ
APMC Chandur Bazar ,12.8,Metric Tonnes,Other,7600.0,7900.0,7800.0,Rs./Quintal,Non-FAQ
APMC Chandur Railway ,7.8,Metric Tonnes,Other,8000.0,8200.0,8100.0,Rs./Quintal,FAQ
APMC Dhamngaon-Railway ,93.5,Metric Tonnes,Other,5300.0,6000.0,5500.0,Rs./Quintal,Non-FAQ
APMC Digras ,8.0,Metric Tonnes,Other,8050.0,8450.0,8395.0,Rs./Quintal,FAQ
APMC Dudhani ,46.4,Metric Tonnes,Other,8075.0,8825.0,8420.0,Rs./Quintal,FAQ
APMC Dudhani ,4.6,Metric Tonnes,Other,7000.0,7840.0,7616.0,Rs./Quintal,Non-FAQ
APMC Gangapur ,0.3,Metric Tonnes,Other,7250.0,7250.0,7250.0,Rs./Quintal,Non-FAQ
APMC Hinganghat ,18.0,Metric Tonnes,Other,8000.0,8700.0,8300.0,Rs./Quintal,FAQ
APMC Hinganghat ,115.8,Metric Tonnes,Other,7350.0,7900.0,7600.0,Rs./Quintal,Non-FAQ
APMC Hingoli ,7.9,Metric Tonnes,Other,7635.0,7995.0,7815.0,Rs./Quintal,Non-FAQ
APMC Jalana ,9.9,Metric Tonnes,Other,8000.0,8392.0,8150.0,Rs./Quintal,FAQ
APMC Karanja ,192.5,Metric Tonnes,Other,8250.0,8520.0,8250.0,Rs./Quintal,FAQ
APMC Katol ,7.5,Metric Tonnes,Other,7170.0,7990.0,7850.0,Rs./Quintal,Non-FAQ
APMC Khamgaon ,179.0,Metric Tonnes,Other,8000.0,8650.0,8325.0,Rs./Quintal,FAQ
APMC Khamgaon ,10.1,Metric Tonnes,Other,7400.0,7950.0,7675.0,Rs./Quintal,Non-FAQ
APMC Lasur Station ,0.6,Metric Tonnes,Other,8190.0,8200.0,8195.0,Rs./Quintal,FAQ
APMC Lasur Station ,0.2,Metric Tonnes,Other,2000.0,2000.0,2000.0,Rs./Quintal,Non-FAQ
APMC Lonar ,0.6,Metric Tonnes,Other,8000.0,8100.0,8050.0,Rs./Quintal,FAQ
APMC Malegaon ,0.2,Metric Tonnes,Other,3100.0,6940.0,6940.0,Rs./Quintal,Non-FAQ
APMC Malegaon(Washim) ,1.0,Metric Tonnes,Other,7300.0,7900.0,7700.0,Rs./Quintal,Non-FAQ
APMC Malkapur ,135.0,Metric Tonnes,Other,8675.0,8840.0,8700.0,Rs./Quintal,FAQ
APMC Malkapur ,7.0,Metric Tonnes,Other,7250.0,7250.0,7250.0,Rs./Quintal,Non-FAQ
APMC Mangal Wedha ,2.0,Metric Tonnes,Other,5000.0,5740.0,5600.0,Rs./Quintal,Non-FAQ
APMC Mangrulpeer ,28.4,Metric Tonnes,Other,8000.0,8515.0,8100.0,Rs./Quintal,FAQ
APMC Manmad ,0.5,Metric Tonnes,Other,5400.0,6230.0,5470.0,Rs./Quintal,Non-FAQ
APMC Manora ,20.0,Metric Tonnes,Other,8000.0,8300.0,8150.0,Rs./Quintal,FAQ
APMC Manora ,15.2,Metric Tonnes,Other,7500.0,7999.0,7749.0,Rs./Quintal,Non-FAQ
APMC Mehekar ,4.0,Metric Tonnes,Other,8010.0,8200.0,8100.0,Rs./Quintal,FAQ
APMC Morshi ,50.0,Metric Tonnes,Other,8000.0,8460.0,8130.0,Rs./Quintal,FAQ
APMC Murtizapur ,45.0,Metric Tonnes,Other,8005.0,8400.0,8205.0,Rs./Quintal,FAQ
APMC Nagpur ,16.0,Metric Tonnes,Other,8000.0,8200.0,8150.0,Rs./Quintal,FAQ
APMC Nagpur ,10.0,Metric Tonnes,Other,7500.0,7999.0,7874.0,Rs./Quintal,Non-FAQ
APMC Nandgaon Khandeshwar ,4.3,Metric Tonnes,Other,8000.0,8500.0,8300.0,Rs./Quintal,FAQ
APMC Ner Parasopant ,17.8,Metric Tonnes,Other,8000.0,8145.0,8050.0,Rs./Quintal,FAQ
APMC Pachora ,0.3,Metric Tonnes,Other,7800.0,7800.0,7800.0,Rs./Quintal,Non-FAQ
APMC Parali Vaijyanath ,0.3,Metric Tonnes,Other,7750.0,7750.0,7750.0,Rs./Quintal,Non-FAQ
APMC Pusad ,14.0,Metric Tonnes,Other,8000.0,8195.0,8050.0,Rs./Quintal,FAQ
APMC Samudrapur ,0.1,Metric Tonnes,Other,7300.0,7300.0,7300.0,Rs./Quintal,Non-FAQ
APMC Savner ,6.0,Metric Tonnes,Other,8290.0,8465.0,8400.0,Rs./Quintal,FAQ
APMC Shegaon ,0.4,Metric Tonnes,Other,8000.0,8225.0,8125.0,Rs./Quintal,FAQ
APMC Shegaon ,0.3,Metric Tonnes,Other,7600.0,7950.0,7815.0,Rs./Quintal,Non-FAQ
APMC Udgir ,31.5,Metric Tonnes,Other,8300.0,9001.0,8650.0,Rs./Quintal,FAQ
APMC Umared ,0.7,Metric Tonnes,Other,7000.0,7950.0,7500.0,Rs./Quintal,Non-FAQ
APMC Vani ,3.0,Metric Tonnes,Other,6495.0,7845.0,7500.0,Rs./Quintal,Non-FAQ
APMC Wardha ,1.0,Metric Tonnes,Other,8000.0,8025.0,8010.0,Rs./Quintal,FAQ
APMC Wardha ,1.7,Metric Tonnes,Other,7800.0,7995.0,7900.0,Rs./Quintal,Non-FAQ
APMC Washim ,30.0,Metric Tonnes,Other,8000.0,8425.0,8200.0,Rs./Quintal,FAQ
APMC Washim ,30.0,Metric Tonnes,Other,7600.0,7950.0,7600.0,Rs./Quintal,Non-FAQ
APMC Yavatmal ,2.9,Metric Tonnes,Other,8155.0,8425.0,8290.0,Rs./Quintal,FAQ
"Bsk Krishi Bazar Private Limited, Mehkar, Dist Buldhana",6.6,Metric Tonnes,Other,7600.0,8140.0,7851.0,Rs./Quintal,Local
"Jaykissan Krushi Uttpan Khajgi Bazar, Khamgaon, Dist Buldhana",6.16,Metric Tonnes,Other,6500.0,8500.0,8267.0,Rs./Quintal,Local
"Krushna Krishi Bazar, Washim",4.94,Metric Tonnes,Other,8000.0,8700.0,8200.0,Rs./Quintal,Local
"Mahesh Krushi Utpanna Bazar, Digras, Dist Yeotmal",1.83,Metric Tonnes,Other,6000.0,8250.0,8056.0,Rs./Quintal,Local
"Ramdev Krushi Bazaar, Digras road, Manora, Dist Washim",7.85,Metric Tonnes,Other,7500.0,7700.0,7619.0,Rs./Quintal,Local
"Shekari Krushi Khajgi Bazar, Arni, Dist Yavatmal",0.95,Metric Tonnes,Other,7700.0,7900.0,7850.0,Rs./Quintal,Local
Shetkari Krushi Utapanna Bazar Roshankheda Tal Varud Dist Amravati,1.84,Metric Tonnes,Other,8200.0,8200.0,8200.0,Rs./Quintal,Local
Sindi (Selu),1.6,Metric Tonnes,Other,7250.0,7995.0,7550.0,Rs./Quintal,Non-FAQ
Washim(Ansing) ,3.0,Metric Tonnes,Other,8000.0,8150.0,8050.0,Rs./Quintal,FAQ
Washim(Ansing) ,3.0,Metric Tonnes,Other,7850.0,7980.0,7920.0,Rs./Quintal,Non-FAQ
Total,1678.27,Metric Tonnes,,,,8058.29,Rs./Quintal,
State/UT Name : Tamil Nadu
Gandarvakottai(Uzhavar Sandhai ),0.28,Metric Tonnes,Arhar (Whole),5000.0,6000.0,5500.0,Rs./Quintal,Local
Total,0.28,Metric Tonnes,,,,5500.0,Rs./Quintal,
State/UT Name : Telangana
Bhainsa APMC,3.5,Metric Tonnes,Arhar (Whole),7999.0,8089.0,8089.0,Rs./Quintal,FAQ
Choppadandi APMC,0.1,Metric Tonnes,Hybrid,7325.0,7325.0,7325.0,Rs./Quintal,Non-FAQ
Kesamudram APMC,0.9,Metric Tonnes,Local,7489.0,9866.0,9866.0,Rs./Quintal,Local
Suryapeta APMC,3.0,Metric Tonnes,Local,7066.0,8042.0,7998.0,Rs./Quintal,Local
Tanduru APMC,1.8,Metric Tonnes,(Whole),16722.0,16938.0,16938.0,Rs./Quintal,Grade Range-1
Vikarabad APMC,0.25,Metric Tonnes,(Whole),7499.0,7499.0,7499.0,Rs./Quintal,FAQ
Warangal APMC,0.677,Metric Tonnes,(Whole),6222.0,7882.0,7222.0,Rs./Quintal,FAQ
Zaheerabad APMC,0.1,Metric Tonnes,Arhar (Whole),8356.0,8456.0,8456.0,Rs./Quintal,Local
Total,10.33,Metric Tonnes,,,,9684.85,Rs./Quintal,
State/UT Name : Uttar Pradesh
Auraiya APMC,8.4,Metric Tonnes,Other,7300.0,7500.0,7380.57,Rs./Quintal,FAQ
Jasvantnagar APMC,5.61,Metric Tonnes,Other,7000.0,7000.0,7000.0,Rs./Quintal,FAQ
Robertsganj APMC,22.02,Metric Tonnes,Other,6800.0,7000.0,6938.06,Rs./Quintal,FAQ
Total,36.03,Metric Tonnes,,,,7050.87,Rs./Quintal,
Grand Total,2938.02,Metric Tonnes,,,,7993.53,Rs./Quintal,
Commodity Group Name : Vegetables
Cabbage
State/UT Name : Andhra Pradesh
Palamaner APMC,9.0,Metric Tonnes,Cabbage,600.0,1000.0,800.0,Rs./Quintal,FAQ
Total,9.0,Metric Tonnes,,,,800.0,Rs./Quintal,
State/UT Name : Assam
Balugaon APMC,2.0,Metric Tonnes,Cabbage,1800.0,2000.0,1900.0,Rs./Quintal,Local
Besimari APMC,1.8,Metric Tonnes,Cabbage,1700.0,1900.0,1800.0,Rs./Quintal,Local
Harbartganj Daily Market APMC,90.0,Metric Tonnes,Cabbage,2200.0,2600.0,2300.0,Rs./Quintal,FAQ
Pamohi(Garchuk) APMC,12.0,Metric Tonnes,Cabbage,1700.0,2500.0,2000.0,Rs./Quintal,FAQ
Santar Bazaar APMC,8.0,Metric Tonnes,Cabbage,2000.0,2200.0,2100.0,Rs./Quintal,FAQ
Tinsukia Market,1.0,Metric Tonnes,Cabbage,3000.0,4000.0,3500.0,Rs./Quintal,FAQ
Total,114.8,Metric Tonnes,,,,2250.35,Rs./Quintal,
State/UT Name : Bihar
Bhagwanpur Mandi APMC,6.8,Metric Tonnes,Cabbage,2500.0,2600.0,2566.18,Rs./Quintal,Grade A
Bhagwanpur Mandi APMC,3.1,Metric Tonnes,Cabbage,2400.0,2400.0,2400.0,Rs./Quintal,Grade C
Bhagwanpur Mandi APMC,3.4,Metric Tonnes,Cabbage,2500.0,2500.0,2500.0,Rs./Quintal,Grade B
Total,13.3,Metric Tonnes,,,,2510.53,Rs./Quintal,
State/UT Name : Chandigarh
Chandigarh (Grain/F&V) APMC,36.24,Metric Tonnes,Cabbage,300.0,1500.0,1200.0,Rs./Quintal,FAQ
Total,36.24,Metric Tonnes,,,,1200.0,Rs./Quintal,
State/UT Name : Chattisgarh
Durg APMC,23.4,Metric Tonnes,Cabbage,1000.0,1200.0,1000.0,Rs./Quintal,Medium
Raigarh APMC,6.0,Metric Tonnes,Cabbage,2000.0,2500.0,2250.0,Rs./Quintal,Grade B
Tiphra APMC,11.0,Metric Tonnes,Cabbage,2000.0,2200.0,2100.0,Rs./Quintal,Grade B
Total,40.4,Metric Tonnes,,,,1485.15,Rs./Quintal,
State/UT Name : Gujarat
"Anand(Veg,Yard,Anand) APMC",4.9,Metric Tonnes,Cabbage,1000.0,1500.0,1250.0,Rs./Quintal,Grade B
Ankleshwar APMC,2.0,Metric Tonnes,Cabbage,1000.0,1700.0,1500.0,Rs./Quintal,Grade A
Bharuch APMC,8.2,Metric Tonnes,Other,1000.0,1600.0,1200.0,Rs./Quintal,Local
Bilimora APMC,7.0,Metric Tonnes,Other,1250.0,1600.0,1400.0,Rs./Quintal,FAQ
Dahod(Veg. Market) APMC,2.5500000000000003,Metric Tonnes,Cabbage,500.0,2000.0,1500.0,Rs./Quintal,Local
Damnagar APMC,0.05,Metric Tonnes,Cabbage,3500.0,3500.0,3500.0,Rs./Quintal,Local
Kapadvanj APMC,6.0,Metric Tonnes,Cabbage,1000.0,1500.0,1250.0,Rs./Quintal,Medium
Khambhat(Veg Yard Khambhat) APMC,0.30000000000000004,Metric Tonnes,Other,1500.0,2500.0,2000.0,Rs./Quintal,Local
Mehsana(Mehsana Veg) APMC,0.9,Metric Tonnes,Cabbage,1250.0,2500.0,1900.0,Rs./Quintal,Local
Nadiyad(Piplag) APMC,10.0,Metric Tonnes,Cabbage,1000.0,1500.0,1400.0,Rs./Quintal,FAQ
Navsari APMC,3.04,Metric Tonnes,Cabbage,1000.0,1500.0,1250.0,Rs./Quintal,Local
Padra APMC,1.7000000000000002,Metric Tonnes,Other,1500.0,1800.0,1650.0,Rs./Quintal,FAQ
Surat APMC,158.0,Metric Tonnes,Cabbage,800.0,1750.0,1275.0,Rs./Quintal,FAQ
Total,204.64,Metric Tonnes,,,,1293.15,Rs./Quintal,
State/UT Name : Haryana
Bahadurgarh APMC,0.5,Metric Tonnes,Other,1800.0,2000.0,1900.0,Rs./Quintal,Medium
Ballabhgarh APMC,1.0,Metric Tonnes,Other,1700.0,2000.0,1800.0,Rs./Quintal,FAQ
Barwala(Hisar) APMC,0.4,Metric Tonnes,Cabbage,2000.0,2500.0,2250.0,Rs./Quintal,Local
Ganaur APMC,0.4,Metric Tonnes,Cabbage,2500.0,3000.0,2800.0,Rs./Quintal,Medium
Gurgaon APMC,18.0,Metric Tonnes,Other,1000.0,2000.0,1500.0,Rs./Quintal,Grade B
Hansi APMC,1.7,Metric Tonnes,Other,2500.0,3000.0,2750.0,Rs./Quintal,FAQ
Jagadhri APMC,0.275,Metric Tonnes,Cabbage,2200.0,2500.0,2400.0,Rs./Quintal,Medium
Kosli APMC,0.1,Metric Tonnes,Other,2000.0,2000.0,2000.0,Rs./Quintal,FAQ
Ladwa APMC,0.2,Metric Tonnes,Cabbage,3500.0,4500.0,4000.0,Rs./Quintal,Medium
Meham,0.1,Metric Tonnes,Cabbage,3000.0,3000.0,3000.0,Rs./Quintal,Medium
Naraingarh APMC,0.31000000000000005,Metric Tonnes,Cabbage,1000.0,2000.0,1200.0,Rs./Quintal,Medium
Narnaul APMC,1.0,Metric Tonnes,Cabbage,2000.0,3000.0,2500.0,Rs./Quintal,Medium
Panipat APMC,5.5,Metric Tonnes,Other,1000.0,2000.0,1500.0,Rs./Quintal,Local
Punhana APMC,0.9,Metric Tonnes,Other,2000.0,2000.0,2000.0,Rs./Quintal,Medium
Radaur APMC,0.4,Metric Tonnes,Other,1200.0,1600.0,1400.0,Rs./Quintal,Medium
Samalkha APMC,0.6000000000000001,Metric Tonnes,Cabbage,1500.0,1500.0,1500.0,Rs./Quintal,FAQ
Shahabad APMC,0.9,Metric Tonnes,Cabbage,1800.0,2200.0,2000.0,Rs./Quintal,Medium
Shahzadpur APMC,0.1,Metric Tonnes,Cabbage,2100.0,2100.0,2100.0,Rs./Quintal,Local
Siwan APMC,0.2,Metric Tonnes,Other,1600.0,1800.0,1700.0,Rs./Quintal,FAQ
Sonepat APMC,2.0,Metric Tonnes,Other,1500.0,2000.0,2000.0,Rs./Quintal,FAQ
Thanesar APMC,3.4000000000000004,Metric Tonnes,Cabbage,1500.0,3500.0,2500.0,Rs./Quintal,Local
Total,37.98,Metric Tonnes,,,,1780.62,Rs./Quintal,
State/UT Name : Himachal Pradesh
PMY Hamirpur,0.7400000000000001,Metric Tonnes,Cabbage,2800.0,3000.0,2900.0,Rs./Quintal,Grade B
PMY Kangra,1.6,Metric Tonnes,Cabbage,3000.0,3200.0,3100.0,Rs./Quintal,FAQ
PMY Kather Solan,2.7,Metric Tonnes,Other,1600.0,2500.0,2000.0,Rs./Quintal,Medium
PMY Kullu,1.0,Metric Tonnes,Other,1500.0,2000.0,1800.0,Rs./Quintal,FAQ
PMY Una,1.1,Metric Tonnes,Cabbage,2000.0,3000.0,2500.0,Rs./Quintal,FAQ
SMY Baijnath,0.4,Metric Tonnes,Cabbage,2500.0,3000.0,2800.0,Rs./Quintal,Grade B
SMY Bandrol,800.0,Metric Tonnes,Other,800.0,1200.0,1000.0,Rs./Quintal,FAQ
SMY Bhuntar,1.2,Metric Tonnes,Other,1200.0,1500.0,1300.0,Rs./Quintal,FAQ
SMY Chauri Bihal,0.1,Metric Tonnes,Other,2000.0,2300.0,2200.0,Rs./Quintal,Grade Range-1
SMY Dhanotu,0.6000000000000001,Metric Tonnes,Cabbage,1500.0,2000.0,1750.0,Rs./Quintal,FAQ
SMY Dharamshala,0.4,Metric Tonnes,Cabbage,2800.0,3500.0,3150.0,Rs./Quintal,FAQ
SMY Jaisinghpur,0.1,Metric Tonnes,Cabbage,3000.0,3200.0,3100.0,Rs./Quintal,FAQ
SMY Jogindernagar,0.15000000000000002,Metric Tonnes,Cabbage,2600.0,3000.0,2800.0,Rs./Quintal,Grade B
SMY Nadaun,0.35000000000000003,Metric Tonnes,Other,2800.0,3000.0,2900.0,Rs./Quintal,Grade B
SMY Nalagarh,0.05,Metric Tonnes,Other,2000.0,2500.0,2300.0,Rs./Quintal,Medium
SMY Palampur,1.6,Metric Tonnes,Cabbage,2800.0,3000.0,2900.0,Rs./Quintal,FAQ
SMY Rohroo,0.30000000000000004,Metric Tonnes,Other,2300.0,2600.0,2450.0,Rs./Quintal,Grade B
SMY Santoshgarh,0.2,Metric Tonnes,Cabbage,2200.0,2200.0,2200.0,Rs./Quintal,FAQ
SMY Takoli,1.6,Metric Tonnes,Other,1000.0,2000.0,1500.0,Rs./Quintal,Medium
SMY Wakhnaghat,0.2,Metric Tonnes,Cabbage,1500.0,1500.0,1500.0,Rs./Quintal,Medium
Total,814.39,Metric Tonnes,,,,1022.41,Rs./Quintal,
State/UT Name : Jammu and Kashmir
Kathua (F&V),2.0,Metric Tonnes,Cabbage,2500.0,3000.0,2750.0,Rs./Quintal,FAQ
Parimpore Srinagar (F&V),13.5,Metric Tonnes,Other,1700.0,1800.0,1750.0,Rs./Quintal,Grade A
Total,15.5,Metric Tonnes,,,,1879.03,Rs./Quintal,
State/UT Name : Karnataka
Bagepalli APMC,2.1,Metric Tonnes,Cabbage,1000.0,1500.0,1200.0,Rs./Quintal,Small
Bangarpet APMC,0.4,Metric Tonnes,Cabbage,500.0,1000.0,700.0,Rs./Quintal,Local
Belgaum APMC,3.0,Metric Tonnes,Cabbage,400.0,500.0,400.0,Rs./Quintal,Large
Binny Mill (FF&V) Bengaluru APMC,21.8,Metric Tonnes,Cabbage,1700.0,1900.0,1800.0,Rs./Quintal,Local
Chamarajanagar APMC,1.0,Metric Tonnes,Cabbage,500.0,800.0,650.0,Rs./Quintal,Local
Davangere APMC,1.5,Metric Tonnes,Cabbage,800.0,2400.0,1500.0,Rs./Quintal,Local
Gauribidanur APMC,1.2000000000000002,Metric Tonnes,Cabbage,1000.0,1400.0,1200.0,Rs./Quintal,Local
Hassan APMC,1.7000000000000002,Metric Tonnes,Cabbage,3000.0,3000.0,3000.0,Rs./Quintal,Local
Honnali APMC,2.5,Metric Tonnes,Cabbage,400.0,500.0,450.0,Rs./Quintal,Medium
Kolar APMC,12.0,Metric Tonnes,Cabbage,600.0,800.0,700.0,Rs./Quintal,Local
Mysuru APMC,9.5,Metric Tonnes,Cabbage,800.0,900.0,900.0,Rs./Quintal,Medium
Ramanagara APMC,1.5,Metric Tonnes,Cabbage,1000.0,1600.0,1200.0,Rs./Quintal,Local
Ranebennur APMC,0.4,Metric Tonnes,Cabbage,500.0,2500.0,1800.0,Rs./Quintal,Medium
Shimoga APMC,2.5,Metric Tonnes,Cabbage,600.0,800.0,700.0,Rs./Quintal,Local
Total,61.1,Metric Tonnes,,,,1227.91,Rs./Quintal,
State/UT Name : Keralam
Aluva Market,8.0,Metric Tonnes,Cabbage,2500.0,4000.0,3300.0,Rs./Quintal,FAQ
Anchal Market,0.43,Metric Tonnes,Cabbage,6500.0,6500.0,6500.0,Rs./Quintal,Local
Angamaly Market,1.0,Metric Tonnes,Cabbage,3800.0,6000.0,4900.0,Rs./Quintal,FAQ
Aralamoodu Market,1.0,Metric Tonnes,Cabbage,3500.0,4000.0,4000.0,Rs./Quintal,FAQ
Aroor Market,0.2,Metric Tonnes,Other,4000.0,4200.0,4100.0,Rs./Quintal,FAQ
Athirampuzha Market,0.5,Metric Tonnes,Cabbage,3000.0,3200.0,3100.0,Rs./Quintal,FAQ
Attingal Market,850.0,Metric Tonnes,Other,3500.0,4200.0,4000.0,Rs./Quintal,Local
Balarampuram Market,0.4,Metric Tonnes,Cabbage,4000.0,4000.0,4000.0,Rs./Quintal,FAQ
Chala Market,3.0,Metric Tonnes,Other,2300.0,2500.0,2300.0,Rs./Quintal,FAQ
Chavakkad Market,0.1,Metric Tonnes,Cabbage,2400.0,3400.0,3400.0,Rs./Quintal,FAQ
Chelakkara Market,0.18,Metric Tonnes,Cabbage,3500.0,3800.0,3600.0,Rs./Quintal,FAQ
Chengannur Market,0.6,Metric Tonnes,Other,3900.0,4200.0,4000.0,Rs./Quintal,FAQ
Cherthala Market,0.3,Metric Tonnes,Cabbage,4000.0,4300.0,4200.0,Rs./Quintal,FAQ
Ettumanoor Market,1.0,Metric Tonnes,Cabbage,3000.0,3600.0,3400.0,Rs./Quintal,FAQ
Harippad Market,0.8,Metric Tonnes,Cabbage,5000.0,5500.0,5000.0,Rs./Quintal,FAQ
Irinjalakkuda Market,0.1,Metric Tonnes,Cabbage,3000.0,3200.0,3200.0,Rs./Quintal,FAQ
Kallachi Market,0.1,Metric Tonnes,Cabbage,2300.0,2700.0,2500.0,Rs./Quintal,FAQ
Kanjangadu Market,0.5,Metric Tonnes,Cabbage,3500.0,4200.0,3800.0,Rs./Quintal,FAQ
Kanjirappally Market,0.5,Metric Tonnes,Cabbage,5500.0,6000.0,5800.0,Rs./Quintal,FAQ
Kattakada Market,4.0,Metric Tonnes,Other,3000.0,3000.0,3000.0,Rs./Quintal,Grade B
Kayamkulam Market,1.0,Metric Tonnes,Other,2700.0,2900.0,2800.0,Rs./Quintal,FAQ
Koduvayoor Market,0.9,Metric Tonnes,Cabbage,1500.0,1900.0,1700.0,Rs./Quintal,Medium
Kollengode Market,0.9,Metric Tonnes,Cabbage,2000.0,2400.0,2200.0,Rs./Quintal,FAQ
Kondotty Market,0.25,Metric Tonnes,Other,1900.0,2200.0,2000.0,Rs./Quintal,FAQ
Kothamangalam Market,1.5,Metric Tonnes,Cabbage,3000.0,4000.0,3500.0,Rs./Quintal,FAQ
Kottarakkara Market,0.01,Metric Tonnes,Other,2100.0,2100.0,2100.0,Rs./Quintal,Local
Kuruppanthura Market,1.0,Metric Tonnes,Other,4500.0,5000.0,4800.0,Rs./Quintal,FAQ
Madhavapuram Market,0.8,Metric Tonnes,Other,5600.0,6000.0,5800.0,Rs./Quintal,FAQ
Manjeswaram Market,10.0,Metric Tonnes,Cabbage,2200.0,3000.0,2600.0,Rs./Quintal,FAQ
Mukkom Market,0.5,Metric Tonnes,Cabbage,2600.0,2900.0,2800.0,Rs./Quintal,FAQ
Munnar Market,1.6,Metric Tonnes,Other,4000.0,5000.0,4500.0,Rs./Quintal,Medium
Neeleswaram Market,0.8,Metric Tonnes,Other,3600.0,4000.0,3800.0,Rs./Quintal,FAQ
Neyyatinkara Market,0.02,Metric Tonnes,Other,3400.0,4000.0,3600.0,Rs./Quintal,FAQ
North Paravur Market,1.0,Metric Tonnes,Cabbage,2500.0,3000.0,2800.0,Rs./Quintal,FAQ
Pala Market,1.0,Metric Tonnes,Cabbage,3600.0,4600.0,4000.0,Rs./Quintal,FAQ
Palakkad Market,2.0,Metric Tonnes,Cabbage,2000.0,3000.0,2600.0,Rs./Quintal,FAQ
Parappanangadi Market,1.5,Metric Tonnes,Other,1500.0,1700.0,1600.0,Rs./Quintal,FAQ
Parassala Market,0.2,Metric Tonnes,Cabbage,2000.0,2400.0,2200.0,Rs./Quintal,Local
Pattambi Market,0.5,Metric Tonnes,Cabbage,2000.0,2500.0,2200.0,Rs./Quintal,FAQ
Perambra Market,0.24,Metric Tonnes,Other,3000.0,3500.0,3200.0,Rs./Quintal,FAQ
Perumbavoor Market,2.5,Metric Tonnes,Cabbage,4500.0,5500.0,4900.0,Rs./Quintal,Medium
Piravam Market,5.0,Metric Tonnes,Cabbage,6000.0,7000.0,6500.0,Rs./Quintal,Local
Quilandy Market,0.34,Metric Tonnes,Other,3200.0,3300.0,3300.0,Rs./Quintal,FAQ
Thalayolaparambu Market,0.5,Metric Tonnes,Cabbage,3000.0,3300.0,3100.0,Rs./Quintal,FAQ
Thamarassery Market,0.2,Metric Tonnes,Other,2800.0,3000.0,2800.0,Rs./Quintal,FAQ
Thrippunithura Market,1.0,Metric Tonnes,Cabbage,5000.0,6000.0,5200.0,Rs./Quintal,Medium
Thrissur Market,7.0,Metric Tonnes,Cabbage,3500.0,4000.0,3800.0,Rs./Quintal,FAQ
Vamanapuram Market,0.13,Metric Tonnes,Cabbage,3000.0,3500.0,3500.0,Rs./Quintal,FAQ
Vandiperiyar Market,0.03,Metric Tonnes,Other,4000.0,4000.0,4000.0,Rs./Quintal,Grade Range-1
Wadakkanchery Market,0.2,Metric Tonnes,Cabbage,3500.0,4000.0,3700.0,Rs./Quintal,FAQ
vadakarapathy Market,0.3,Metric Tonnes,Cabbage,1500.0,2000.0,1700.0,Rs./Quintal,FAQ
Total,915.63,Metric Tonnes,,,,3970.96,Rs./Quintal,
State/UT Name : Madhya Pradesh
Badwaha (F&V) APMC,0.2,Metric Tonnes,Cabbage,1500.0,2100.0,1800.0,Rs./Quintal,Grade A
Badwani(F&V) APMC,0.652,Metric Tonnes,Cabbage,800.0,800.0,800.0,Rs./Quintal,Local
Bareli(F&V) APMC,0.56,Metric Tonnes,Cabbage,1200.0,1200.0,1200.0,Rs./Quintal,Grade A
Betul(F&V) APMC,2.0,Metric Tonnes,Cabbage,1000.0,1500.0,1300.0,Rs./Quintal,FAQ
Chhatarpur (F&V) APMC,0.7,Metric Tonnes,Other,1500.0,1500.0,1500.0,Rs./Quintal,Grade C
Chhindwara(F&V) APMC,2.1,Metric Tonnes,Cabbage,200.0,400.0,300.0,Rs./Quintal,Local
Dewas(F&V) APMC,1.5,Metric Tonnes,Other,600.0,1500.0,800.0,Rs./Quintal,FAQ
Guna(F&V) APMC,1.0,Metric Tonnes,Cabbage,1000.0,1300.0,1200.0,Rs./Quintal,Grade B
Haatpipliya (F&V) APMC,0.04000000000000001,Metric Tonnes,Cabbage,1200.0,3000.0,2500.0,Rs./Quintal,Local
Indore(F&V) APMC,90.0,Metric Tonnes,Cabbage,400.0,1200.0,800.0,Rs./Quintal,Local
Itarsi(F&V) APMC,0.4,Metric Tonnes,Cabbage,1500.0,1500.0,1500.0,Rs./Quintal,FAQ
Jaora (F&V) APMC,0.15000000000000002,Metric Tonnes,Cabbage,1200.0,1800.0,1300.0,Rs./Quintal,FAQ
Kailaras APMC,0.7400000000000001,Metric Tonnes,Cabbage,1400.0,2200.0,2200.0,Rs./Quintal,FAQ
Khargone(F&V) APMC,0.05,Metric Tonnes,Cabbage,900.0,1300.0,1100.0,Rs./Quintal,Medium
Kukshi(F&V) APMC,1.5,Metric Tonnes,Cabbage,300.0,800.0,500.0,Rs./Quintal,Grade A
Manawar(F&V) APMC,0.4,Metric Tonnes,Cabbage,1200.0,1500.0,1300.0,Rs./Quintal,Grade B
Mandsaur(F&V) APMC,2.2,Metric Tonnes,Cabbage,750.0,2250.0,1800.0,Rs./Quintal,Grade A
Narmadapuram (F&V) APMC,0.5,Metric Tonnes,Cabbage,810.0,1330.0,900.0,Rs./Quintal,FAQ
Petlawad(F&V) APMC,0.2,Metric Tonnes,Cabbage,1000.0,1000.0,1000.0,Rs./Quintal,Grade A
Porsa APMC,3.0,Metric Tonnes,Cabbage,800.0,800.0,800.0,Rs./Quintal,FAQ
Rewa(F&V) APMC,2.6,Metric Tonnes,Cabbage,1000.0,1100.0,1100.0,Rs./Quintal,Small
Sabalgarh(F&V) APMC,1.5,Metric Tonnes,Cabbage,500.0,1000.0,700.0,Rs./Quintal,FAQ
Sanawad(F&V) APMC,0.7,Metric Tonnes,Cabbage,800.0,1000.0,900.0,Rs./Quintal,Medium
Sehore(F&V) APMC,2.5,Metric Tonnes,Cabbage,1500.0,2500.0,2000.0,Rs./Quintal,Grade Range-1
Sendhwa(F&V) APMC,0.6000000000000001,Metric Tonnes,Cabbage,800.0,1100.0,900.0,Rs./Quintal,Medium
Thandla APMC,0.41,Metric Tonnes,Cabbage,900.0,1250.0,1100.0,Rs./Quintal,FAQ
Ujjain(F&V) APMC,0.5,Metric Tonnes,Cabbage,640.0,2100.0,1218.0,Rs./Quintal,Medium
Total,116.7,Metric Tonnes,,,,876.01,Rs./Quintal,
State/UT Name : Maharashtra
APMC Ahilyanagar ,17.8,Metric Tonnes,Other,500.0,1000.0,750.0,Rs./Quintal,Local
APMC Akluj ,2.5,Metric Tonnes,Other,700.0,1000.0,800.0,Rs./Quintal,Local
APMC Bhusaval ,1.9,Metric Tonnes,Other,1000.0,1600.0,1500.0,Rs./Quintal,Local
APMC Chattrapati Sambhajinagar ,13.0,Metric Tonnes,Other,600.0,800.0,700.0,Rs./Quintal,Local
APMC Dharashiv ,2.4,Metric Tonnes,Other,600.0,2000.0,1300.0,Rs./Quintal,Local
APMC Hingna,0.3,Metric Tonnes,Other,1300.0,1500.0,1400.0,Rs./Quintal,Local
APMC Jalgaon ,6.0,Metric Tonnes,Other,1000.0,1500.0,1200.0,Rs./Quintal,Local
APMC Kalmeshwar ,0.1,Metric Tonnes,Other,1015.0,1500.0,1305.0,Rs./Quintal,Local
APMC Kamthi ,0.4,Metric Tonnes,Other,2000.0,2500.0,2350.0,Rs./Quintal,Local
APMC Karad ,1.5,Metric Tonnes,Other,1000.0,1200.0,1200.0,Rs./Quintal,Local
APMC Khed ,3.4,Metric Tonnes,Other,500.0,1000.0,800.0,Rs./Quintal,Local
APMC Kolhapur ,13.5,Metric Tonnes,Other,600.0,1000.0,800.0,Rs./Quintal,Local
APMC Manchar ,41.8,Metric Tonnes,Other,200.0,900.0,555.0,Rs./Quintal,Local
APMC Mumbai ,176.5,Metric Tonnes,Other,600.0,1000.0,800.0,Rs./Quintal,Local
APMC Nasik ,69.8,Metric Tonnes,Other,585.0,1250.0,835.0,Rs./Quintal,Local
APMC Pune ,56.2,Metric Tonnes,Other,700.0,1200.0,950.0,Rs./Quintal,Local
APMC Ratnagiri (Nachane) ,1.5,Metric Tonnes,Other,1000.0,1300.0,1100.0,Rs./Quintal,Local
APMC Satara ,3.3,Metric Tonnes,Other,1000.0,1500.0,1250.0,Rs./Quintal,Local
APMC Shrirampur ,2.6,Metric Tonnes,Other,600.0,1000.0,800.0,Rs./Quintal,Local
APMC Solapur ,10.4,Metric Tonnes,Other,400.0,800.0,600.0,Rs./Quintal,Local
Chandrapur(Ganjwad) ,7.4,Metric Tonnes,Other,1000.0,1500.0,1200.0,Rs./Quintal,Local
Khed(Chakan) ,21.0,Metric Tonnes,Other,600.0,1000.0,800.0,Rs./Quintal,Local
Pune(Khadiki) ,1.1,Metric Tonnes,Other,800.0,1200.0,1000.0,Rs./Quintal,Local
Pune(Manjri) ,8.8,Metric Tonnes,Other,600.0,1100.0,900.0,Rs./Quintal,Local
Pune(Moshi) ,23.2,Metric Tonnes,Other,1000.0,1000.0,1000.0,Rs./Quintal,Local
Pune(Pimpri) ,0.2,Metric Tonnes,Other,1300.0,1300.0,1300.0,Rs./Quintal,Local
Total,486.6,Metric Tonnes,,,,827.7,Rs./Quintal,
State/UT Name : Manipur
Imphal APMC,0.4,Metric Tonnes,Other,5000.0,6000.0,5500.0,Rs./Quintal,Medium
Total,0.4,Metric Tonnes,,,,5500.0,Rs./Quintal,
State/UT Name : Meghalaya
Jowai APMC,0.9,Metric Tonnes,MH-139,2000.0,3000.0,2500.0,Rs./Quintal,Local
Shillong APMC,7.0,Metric Tonnes,MH-139,1800.0,2000.0,1900.0,Rs./Quintal,FAQ
Total,7.9,Metric Tonnes,,,,1968.35,Rs./Quintal,
State/UT Name : NCT of Delhi
APMC Azadpur,213.7,Metric Tonnes,Cabbage,1200.0,2000.0,1550.0,Rs./Quintal,FAQ
APMC Keshopur,46.910000000000004,Metric Tonnes,Cabbage,1500.0,2600.0,2200.0,Rs./Quintal,FAQ
"Fruit&Vegetable Market,Gazipur APMC",165.8,Metric Tonnes,Cabbage,1600.0,2000.0,1800.0,Rs./Quintal,FAQ
Total,426.41,Metric Tonnes,,,,1718.71,Rs./Quintal,
State/UT Name : Odisha
Attabira APMC,1.04,Metric Tonnes,Cabbage,1350.0,1650.0,1500.0,Rs./Quintal,Local
Bahadajholla APMC,3.1,Metric Tonnes,Cabbage,1750.0,1800.0,1750.0,Rs./Quintal,Grade B
Bargarh APMC,244.0,Metric Tonnes,Cabbage,2500.0,3500.0,3000.0,Rs./Quintal,Local
Baripada APMC,2.0,Metric Tonnes,Cabbage,3500.0,4000.0,3800.0,Rs./Quintal,Medium
Bhanjanagar APMC,2.45,Metric Tonnes,Cabbage,2400.0,2600.0,2500.0,Rs./Quintal,Medium
Bhawanipatna APMC,1.625,Metric Tonnes,Cabbage,2600.0,2600.0,2600.0,Rs./Quintal,Local
Bolangir APMC,2.7,Metric Tonnes,Other,2200.0,2600.0,2400.0,Rs./Quintal,Medium
Boudh APMC,1.0,Metric Tonnes,Other,4000.0,5000.0,4500.0,Rs./Quintal,Local
Champua APMC,0.2,Metric Tonnes,Other,5000.0,5000.0,5000.0,Rs./Quintal,Local
Champua(Jhumpura) APMC,0.05,Metric Tonnes,Other,3000.0,3000.0,3000.0,Rs./Quintal,Local
Deogarh APMC,10.0,Metric Tonnes,Cabbage,5000.0,5400.0,5200.0,Rs./Quintal,FAQ
Dhenkanal APMC,0.2,Metric Tonnes,Cabbage,3800.0,4200.0,3900.0,Rs./Quintal,Grade B
Dungurapalli APMC,0.25,Metric Tonnes,Cabbage,4500.0,5000.0,4800.0,Rs./Quintal,Local
Gunpur APMC,3.0,Metric Tonnes,Cabbage,3340.0,3850.0,3610.0,Rs./Quintal,Grade B
Hinjilicut APMC,4.14,Metric Tonnes,Other,1600.0,1700.0,1700.0,Rs./Quintal,FAQ
Junagarh APMC,1.3,Metric Tonnes,Other,2500.0,3300.0,2900.0,Rs./Quintal,Grade B
Kalahandi(Dharamagarh) APMC,1.4000000000000001,Metric Tonnes,Other,2600.0,3000.0,2800.0,Rs./Quintal,Grade B
Kamakhyanagar APMC,0.2,Metric Tonnes,Cabbage,4000.0,4000.0,4000.0,Rs./Quintal,Grade A
Kesinga APMC,0.6000000000000001,Metric Tonnes,Other,3100.0,3500.0,3300.0,Rs./Quintal,Grade B
Khariar Road APMC,0.3,Metric Tonnes,Cabbage,6000.0,6000.0,6000.0,Rs./Quintal,Grade A
Khunthabandha APMC,1.0,Metric Tonnes,Cabbage,4000.0,5000.0,4500.0,Rs./Quintal,Local
Koraput APMC,4.0,Metric Tonnes,Cabbage,2500.0,3500.0,3000.0,Rs./Quintal,Grade B
Koraput(Semilguda) APMC,3.0,Metric Tonnes,Cabbage,2500.0,3500.0,3000.0,Rs./Quintal,Grade B
Nawarangpur APMC,8.700000000000001,Metric Tonnes,Cabbage,2000.0,2000.0,2000.0,Rs./Quintal,Grade B
Panposh APMC,1.0,Metric Tonnes,Cabbage,2500.0,3200.0,3000.0,Rs./Quintal,FAQ
Rayagada APMC,10.0,Metric Tonnes,Cabbage,1500.0,1600.0,1600.0,Rs./Quintal,Local
Rayagada(Muniguda) APMC,3.0,Metric Tonnes,Cabbage,3340.0,3850.0,3610.0,Rs./Quintal,Grade B
Saraskana APMC,0.05,Metric Tonnes,Cabbage,3500.0,4000.0,3800.0,Rs./Quintal,Medium
Talcher APMC,0.2,Metric Tonnes,Other,3400.0,4100.0,3850.0,Rs./Quintal,Grade Range-3
Tusura APMC,1.8,Metric Tonnes,Other,2200.0,2600.0,2400.0,Rs./Quintal,Medium
Total,312.3,Metric Tonnes,,,,2981.68,Rs./Quintal,
State/UT Name : Punjab
Adampur APMC,0.2,Metric Tonnes,Cabbage,1800.0,2000.0,2000.0,Rs./Quintal,FAQ
Baghapurana APMC,0.2,Metric Tonnes,Cabbage,3000.0,3500.0,3200.0,Rs./Quintal,Grade B
Balachaur APMC,0.1,Metric Tonnes,Other,1500.0,2500.0,2000.0,Rs./Quintal,Medium
Bassi Pathana APMC,0.2,Metric Tonnes,Cabbage,2200.0,2500.0,2300.0,Rs./Quintal,Medium
Bhawanigarh APMC,0.1,Metric Tonnes,Other,3000.0,3500.0,3250.0,Rs./Quintal,Local
Dasuya APMC,0.2,Metric Tonnes,Cabbage,2000.0,2000.0,2000.0,Rs./Quintal,Grade A
Faridkot APMC,0.7,Metric Tonnes,Cabbage,2700.0,2700.0,2700.0,Rs./Quintal,Grade A
Garh Shankar APMC,0.2,Metric Tonnes,Cabbage,1800.0,1800.0,1800.0,Rs./Quintal,FAQ
Giddarbaha APMC,0.2,Metric Tonnes,Cabbage,3200.0,3200.0,3200.0,Rs./Quintal,FAQ
Jagraon APMC,0.4,Metric Tonnes,Other,300.0,300.0,300.0,Rs./Quintal,FAQ
Jalalabad APMC,0.6000000000000001,Metric Tonnes,Other,3000.0,3200.0,3100.0,Rs./Quintal,Medium
Jalandhar City(Jalandhar) APMC,5.300000000000001,Metric Tonnes,Cabbage,800.0,1400.0,1100.0,Rs./Quintal,FAQ
Khanna APMC,0.8,Metric Tonnes,Other,800.0,800.0,800.0,Rs./Quintal,Grade A
Kurali APMC,0.8,Metric Tonnes,Other,2100.0,2250.0,2200.0,Rs./Quintal,Medium
Ludhiana APMC,7.0,Metric Tonnes,Other,900.0,1600.0,1200.0,Rs./Quintal,FAQ
Malerkotla APMC,3.0,Metric Tonnes,Other,1200.0,2000.0,1500.0,Rs./Quintal,Local
Mukerian APMC,0.22999999999999998,Metric Tonnes,Cabbage,1500.0,2500.0,2000.0,Rs./Quintal,Grade B
Nawan Shahar(Subzi Mandi) APMC,0.8900000000000001,Metric Tonnes,Cabbage,2000.0,2500.0,2200.0,Rs./Quintal,FAQ
Pathankot APMC,2.2,Metric Tonnes,Cabbage,2300.0,2300.0,2300.0,Rs./Quintal,Medium
Patiala APMC,3.2,Metric Tonnes,Other,2500.0,3000.0,2800.0,Rs./Quintal,Grade A
Patran APMC,2.0,Metric Tonnes,Other,2250.0,2250.0,2250.0,Rs./Quintal,Grade A
Quadian APMC,0.1,Metric Tonnes,Other,1400.0,1600.0,1500.0,Rs./Quintal,Grade A
Rampuraphul(Nabha Mandi) APMC,1.0,Metric Tonnes,Other,1500.0,2500.0,2000.0,Rs./Quintal,Grade A
Sahnewal APMC,0.1,Metric Tonnes,Cabbage,1800.0,1800.0,1800.0,Rs./Quintal,FAQ
Samana APMC,42.0,Metric Tonnes,Other,2300.0,5000.0,2500.0,Rs./Quintal,Grade Range-2
Sangrur APMC,1.5,Metric Tonnes,Cabbage,1500.0,2200.0,1800.0,Rs./Quintal,Grade B
Sirhind APMC,0.30000000000000004,Metric Tonnes,Other,2000.0,2500.0,2300.0,Rs./Quintal,FAQ
Tanda Urmur APMC,0.30000000000000004,Metric Tonnes,Cabbage,2000.0,3000.0,2500.0,Rs./Quintal,Grade A
Total,73.82,Metric Tonnes,,,,2178.72,Rs./Quintal,
State/UT Name : Rajasthan
Ajmer(F&V) APMC,9.1,Metric Tonnes,Other,1000.0,2000.0,1500.0,Rs./Quintal,Medium
Jaipur (F&V) APMC,289.1,Metric Tonnes,Cabbage,2000.0,2200.0,2100.0,Rs./Quintal,FAQ
Jalore APMC,0.4,Metric Tonnes,Cabbage,1200.0,1500.0,1300.0,Rs./Quintal,Local
Jodhpur (F&V) APMC,8.700000000000001,Metric Tonnes,Other,1000.0,1800.0,1500.0,Rs./Quintal,Medium
Sriganganagar (F&V) APMC,4.0,Metric Tonnes,Cabbage,2300.0,2700.0,2500.0,Rs./Quintal,Grade B
Udaipur (F&V) APMC,12.0,Metric Tonnes,Other,1500.0,2000.0,1750.0,Rs./Quintal,Medium
Total,323.3,Metric Tonnes,,,,2057.93,Rs./Quintal,
State/UT Name : Tamil Nadu
AJattihalli(Uzhavar Sandhai ),0.14,Metric Tonnes,Cabbage,3000.0,3400.0,3200.0,Rs./Quintal,Local
Ammapet(Uzhavar Sandhai ),0.2,Metric Tonnes,Cabbage,2500.0,3000.0,2750.0,Rs./Quintal,Local
Anaiyur(Uzhavar Sandhai ),0.25,Metric Tonnes,Cabbage,2400.0,2600.0,2500.0,Rs./Quintal,Local
Andipatti(Uzhavar Sandhai ),0.45,Metric Tonnes,Cabbage,2600.0,2800.0,2700.0,Rs./Quintal,Local
Anna nagar(Uzhavar Sandhai ),0.89,Metric Tonnes,Cabbage,3000.0,3000.0,3000.0,Rs./Quintal,Local
Arani(Uzhavar Sandhai ),0.25,Metric Tonnes,Cabbage,2500.0,3000.0,2750.0,Rs./Quintal,Local
Arcot(Uzhavar Sandhai ),0.28,Metric Tonnes,Cabbage,3000.0,3000.0,3000.0,Rs./Quintal,Local
Ariyalur(Uzhavar Sandhai),0.04,Metric Tonnes,Cabbage,2500.0,3000.0,2750.0,Rs./Quintal,Local
Aruppukottai(Uzhavar Sandhai ),0.16,Metric Tonnes,Cabbage,3000.0,4000.0,3500.0,Rs./Quintal,Local
Athur(Uzhavar Sandhai ),0.59,Metric Tonnes,Cabbage,2500.0,3000.0,2750.0,Rs./Quintal,Local
Avallapalli(Uzhavar Sandhai ),0.27,Metric Tonnes,Cabbage,1000.0,1500.0,1250.0,Rs./Quintal,Local
Bodinayakanur(Uzhavar Sandhai ),0.24,Metric Tonnes,Cabbage,2800.0,2800.0,2800.0,Rs./Quintal,Local
Chengalpet(Uzhavar Sandhai ),0.08,Metric Tonnes,Cabbage,3500.0,4000.0,3750.0,Rs./Quintal,Local
Chengam(Uzhavar Sandhai ),0.14,Metric Tonnes,Cabbage,3000.0,3600.0,3300.0,Rs./Quintal,Local
Cheyyar(Uzhavar Sandhai ),0.1,Metric Tonnes,Cabbage,2500.0,3000.0,2750.0,Rs./Quintal,Local
Chinnalapatti(Uzhavar Sandhai ),0.08,Metric Tonnes,Cabbage,3600.0,4000.0,3800.0,Rs./Quintal,Local
Chinnamanur(Uzhavar Sandhai ),0.75,Metric Tonnes,Cabbage,2800.0,2800.0,2800.0,Rs./Quintal,Local
Chokkikulam(Uzhavar Sandhai ),0.44,Metric Tonnes,Cabbage,2400.0,2600.0,2500.0,Rs./Quintal,Local
Coonoor(Uzhavar Sandhai ),0.32,Metric Tonnes,Cabbage,2200.0,2500.0,2350.0,Rs./Quintal,Local
Cuddalore(Uzhavar Sandhai ),0.22,Metric Tonnes,Cabbage,3000.0,3000.0,3000.0,Rs./Quintal,Local
Denkanikottai(Uzhavar Sandhai ),0.32,Metric Tonnes,Cabbage,1000.0,1500.0,1250.0,Rs./Quintal,Local
Devakottai (Uzhavar Sandhai ),0.13,Metric Tonnes,Cabbage,2800.0,3000.0,2900.0,Rs./Quintal,Local
Devaram(Uzhavar Sandhai ),0.18,Metric Tonnes,Cabbage,3000.0,3000.0,3000.0,Rs./Quintal,Local
Dharapuram(Uzhavar Sandhai ),1.2,Metric Tonnes,Cabbage,3000.0,3500.0,3250.0,Rs./Quintal,Local
Dharmapuri(Uzhavar Sandhai ),0.25,Metric Tonnes,Cabbage,3200.0,3400.0,3300.0,Rs./Quintal,Local
Dindigul(Uzhavar Sandhai ),0.32,Metric Tonnes,Cabbage,3000.0,4000.0,3500.0,Rs./Quintal,Local
Edapadi (Uzhavar Sandhai ),0.3,Metric Tonnes,Cabbage,2500.0,3000.0,2750.0,Rs./Quintal,Local
Elampillai(Uzhavar Sandhai ),0.3,Metric Tonnes,Cabbage,2500.0,3000.0,2750.0,Rs./Quintal,Local
Gandhigramam(Uzhavar Sandhai),0.15,Metric Tonnes,Cabbage,4500.0,5000.0,4750.0,Rs./Quintal,Local
Gingee(Uzhavar Sandhai ),0.08,Metric Tonnes,Cabbage,4000.0,4000.0,4000.0,Rs./Quintal,Local
Gobichettipalayam(Uzhavar Sandhai ),0.26,Metric Tonnes,Cabbage,2000.0,2500.0,2250.0,Rs./Quintal,Local
Gudalur(Uzhavar Sandhai ),0.02,Metric Tonnes,Cabbage,2000.0,2500.0,2250.0,Rs./Quintal,Local
Gudiyatham(Uzhavar Sandhai ),0.05,Metric Tonnes,Cabbage,3000.0,3000.0,3000.0,Rs./Quintal,Local
Harur(Uzhavar Sandhai ),0.22,Metric Tonnes,Cabbage,3000.0,3500.0,3250.0,Rs./Quintal,Local
Hasthampatti(Uzhavar Sandhai ),0.22,Metric Tonnes,Cabbage,3000.0,3500.0,3250.0,Rs./Quintal,Local
Hosur(Uzhavar Sandhai ),3.2,Metric Tonnes,Cabbage,1200.0,1500.0,1350.0,Rs./Quintal,Local
Jalagandapuram(Uzhavar Sandhai ),0.04,Metric Tonnes,Cabbage,2600.0,3000.0,2800.0,Rs./Quintal,Local
Jameenrayapettai(Uzhavar Sandhai ),0.27,Metric Tonnes,Cabbage,2000.0,2500.0,2250.0,Rs./Quintal,Local
KKNagar(Uzhavar Sandhai ),0.65,Metric Tonnes,Cabbage,3200.0,3200.0,3200.0,Rs./Quintal,Local
Kahithapattarai(Uzhavar Sandhai ),0.16,Metric Tonnes,Cabbage,2500.0,2500.0,2500.0,Rs./Quintal,Local
Kallakurichi(Uzhavar Sandhai ),0.05,Metric Tonnes,Cabbage,4000.0,4000.0,4000.0,Rs./Quintal,Local
Kambam(Uzhavar Sandhai ),2.0,Metric Tonnes,Cabbage,2500.0,2800.0,2650.0,Rs./Quintal,Local
Karaikudi(Uzhavar Sandhai ),0.19,Metric Tonnes,Cabbage,2800.0,3200.0,3000.0,Rs./Quintal,Local
Karimangalam(Uzhavar Sandhai),0.15,Metric Tonnes,Cabbage,3300.0,3500.0,3400.0,Rs./Quintal,Local
Kariyapatti(Uzhavar Sandhai ),0.08,Metric Tonnes,Cabbage,3500.0,4000.0,3750.0,Rs./Quintal,Local
Karur(Uzhavar Sandhai ),0.37,Metric Tonnes,Cabbage,4500.0,5000.0,4750.0,Rs./Quintal,Local
Katpadi (Uzhavar Sandhai ),0.25,Metric Tonnes,Cabbage,2500.0,2500.0,2500.0,Rs./Quintal,Local
Kovilpatti(Uzhavar Sandhai ),0.13,Metric Tonnes,Cabbage,3000.0,3500.0,3250.0,Rs./Quintal,Local
Krishnagiri(Uzhavar Sandhai ),0.15,Metric Tonnes,Cabbage,2500.0,3000.0,2750.0,Rs./Quintal,Local
Kulithalai(Uzhavar Sandhai ),0.36,Metric Tonnes,Cabbage,3000.0,3200.0,3100.0,Rs./Quintal,Local
Kumarapalayam(Uzhavar Sandhai ),0.06,Metric Tonnes,Cabbage,3600.0,4000.0,3800.0,Rs./Quintal,Local
Kumbakonam (Uzhavar Sandhai ),0.5,Metric Tonnes,Cabbage,3600.0,3600.0,3600.0,Rs./Quintal,Local
Kundrathur(Uzhavar Sandhai ),0.15,Metric Tonnes,Cabbage,3000.0,3000.0,3000.0,Rs./Quintal,Local
Lalgudi(Uzhavar Sandhai ),0.14,Metric Tonnes,Cabbage,3500.0,3500.0,3500.0,Rs./Quintal,Local
Manachanallur(Uzhavar Sandhai ),0.13,Metric Tonnes,Cabbage,3000.0,3000.0,3000.0,Rs./Quintal,Local
Manapparai(Uzhavar Sandhai ),0.08,Metric Tonnes,Cabbage,3000.0,3000.0,3000.0,Rs./Quintal,Local
Mannargudi I(Uzhavar Sandhai ),0.65,Metric Tonnes,Cabbage,3400.0,3400.0,3400.0,Rs./Quintal,Local
Mannargudi II(Uzhavar Sandhai ),0.16,Metric Tonnes,Cabbage,3400.0,3400.0,3400.0,Rs./Quintal,Local
Mayiladuthurai(Uzhavar Sandhai ),0.03,Metric Tonnes,Cabbage,3600.0,4000.0,3800.0,Rs./Quintal,Local
Melapalayam(Uzhavar Sandhai ),0.25,Metric Tonnes,Cabbage,3000.0,3200.0,3100.0,Rs./Quintal,Local
Mettupalayam(Uzhavar Sandhai ),0.68,Metric Tonnes,Cabbage,3000.0,3500.0,3250.0,Rs./Quintal,Local
Mettur(Uzhavar Sandhai ),0.3,Metric Tonnes,Cabbage,2500.0,3000.0,2750.0,Rs./Quintal,Local
Mohanur(Uzhavar Sandhai ),0.2,Metric Tonnes,Cabbage,3000.0,3500.0,3250.0,Rs./Quintal,Local
Musiri(Uzhavar Sandhai ),0.56,Metric Tonnes,Cabbage,2500.0,3000.0,2750.0,Rs./Quintal,Local
Muthupettai(Uzhavar Sandhai ),0.04,Metric Tonnes,Cabbage,3400.0,3400.0,3400.0,Rs./Quintal,Local
Myladi(Uzhavar Sandhai ),0.02,Metric Tonnes,Cabbage,4500.0,5000.0,4750.0,Rs./Quintal,Local
NGO Colony(Uzhavar Sandhai ),0.45,Metric Tonnes,Cabbage,3000.0,3200.0,3100.0,Rs./Quintal,Local
Nagapattinam(Uzhavar Sandhai ),0.1,Metric Tonnes,Cabbage,4000.0,4500.0,4250.0,Rs./Quintal,Local
Namakkal(Uzhavar Sandhai ),0.55,Metric Tonnes,Cabbage,2500.0,2800.0,2650.0,Rs./Quintal,Local
Nanganallur(Uzhavar Sandhai ),0.04,Metric Tonnes,Cabbage,3500.0,4000.0,3750.0,Rs./Quintal,Local
Natrampalli(Uzhavar Sandhai ),0.35,Metric Tonnes,Cabbage,2500.0,3000.0,2750.0,Rs./Quintal,Local
Padappai(Uzhavar Sandhai ),0.12,Metric Tonnes,Cabbage,2000.0,2500.0,2250.0,Rs./Quintal,Local
Palacode(Uzhavar Sandhai ),0.24,Metric Tonnes,Cabbage,2600.0,3000.0,2800.0,Rs./Quintal,Local
Palanganatham(Uzhavar Sandhai ),0.2,Metric Tonnes,Cabbage,2400.0,2600.0,2500.0,Rs./Quintal,Local
Palani(Uzhavar Sandhai ),0.49,Metric Tonnes,Cabbage,3000.0,3500.0,3250.0,Rs./Quintal,Local
Palayamkottai(Uzhavar Sandhai ),2.3,Metric Tonnes,Cabbage,3000.0,3200.0,3100.0,Rs./Quintal,Local
Palladam(Uzhavar Sandhai ),0.15,Metric Tonnes,Cabbage,2500.0,3000.0,2750.0,Rs./Quintal,Local
Pallavaram(Uzhavar Sandhai ),0.55,Metric Tonnes,Cabbage,2000.0,2500.0,2250.0,Rs./Quintal,Local
Pallikonda(Uzhavar Sandhai),0.03,Metric Tonnes,Cabbage,2500.0,2500.0,2500.0,Rs./Quintal,Local
Papanasam(Uzhavar Sandhai ),0.05,Metric Tonnes,Cabbage,3600.0,3900.0,3750.0,Rs./Quintal,Local
Paramakudi(Uzhavar Sandhai ),0.18,Metric Tonnes,Cabbage,4500.0,4800.0,4650.0,Rs./Quintal,Local
Paramathivelur(Uzhavar Sandhai ),0.18,Metric Tonnes,Cabbage,2500.0,3000.0,2750.0,Rs./Quintal,Local
Paruthipattu(Uzhavar Sandhai ),0.07,Metric Tonnes,Cabbage,4000.0,4000.0,4000.0,Rs./Quintal,Local
Pattukottai(Uzhavar Sandhai ),0.25,Metric Tonnes,Cabbage,3400.0,3400.0,3400.0,Rs./Quintal,Local
Pennagaram(Uzhavar Sandhai ),0.08,Metric Tonnes,Cabbage,3600.0,4000.0,3800.0,Rs./Quintal,Local
Perambalur(Uzhavar Sandhai ),0.33,Metric Tonnes,Cabbage,3000.0,3000.0,3000.0,Rs./Quintal,Local
Perampet(Uzhavar Sandhai),0.03,Metric Tonnes,Cabbage,3000.0,3000.0,3000.0,Rs./Quintal,Local
Periyakulam(Uzhavar Sandhai ),0.32,Metric Tonnes,Cabbage,2800.0,2800.0,2800.0,Rs./Quintal,Local
Perundurai(Uzhavar Sandhai ),0.09,Metric Tonnes,Cabbage,2200.0,2500.0,2350.0,Rs./Quintal,Local
Pollachi(Uzhavar Sandhai ),0.12,Metric Tonnes,Cabbage,3000.0,3500.0,3250.0,Rs./Quintal,Local
Polur(Uzhavar Sandhai ),0.18,Metric Tonnes,Cabbage,2500.0,3000.0,2750.0,Rs./Quintal,Local
Pudukottai(Uzhavar Sandhai ),0.15,Metric Tonnes,Cabbage,3000.0,3500.0,3250.0,Rs./Quintal,Local
RSPuram(Uzhavar Sandhai ),0.76,Metric Tonnes,Cabbage,2000.0,2400.0,2200.0,Rs./Quintal,Local
Rajapalayam(Uzhavar Sandhai ),0.24,Metric Tonnes,Cabbage,2700.0,3200.0,2950.0,Rs./Quintal,Local
Ramanathapuram(Uzhavar Sandhai ),0.08,Metric Tonnes,Cabbage,4000.0,4200.0,4100.0,Rs./Quintal,Local
Ranipettai(Uzhavar Sandhai ),0.12,Metric Tonnes,Cabbage,2500.0,2500.0,2500.0,Rs./Quintal,Local
Rasipuram(Uzhavar Sandhai ),0.74,Metric Tonnes,Cabbage,3500.0,3800.0,3650.0,Rs./Quintal,Local
Sampath Nagar(Uzhavar Sandhai ),0.25,Metric Tonnes,Cabbage,2000.0,2200.0,2100.0,Rs./Quintal,Local
Sathiyamagalam(Uzhavar Sandhai ),0.26,Metric Tonnes,Cabbage,3000.0,3500.0,3250.0,Rs./Quintal,Local
Sathur(Uzhavar Sandhai ),0.02,Metric Tonnes,Cabbage,4500.0,5000.0,4750.0,Rs./Quintal,Local
Singampunari(Uzhavar Sandhai ),0.17,Metric Tonnes,Cabbage,2600.0,2800.0,2700.0,Rs./Quintal,Local
Singanallur(Uzhavar Sandhai ),1.2,Metric Tonnes,Cabbage,2500.0,3000.0,2750.0,Rs./Quintal,Local
Sirkali(Uzhavar Sandhai ),0.18,Metric Tonnes,Cabbage,2500.0,3000.0,2750.0,Rs./Quintal,Local
Sivagangai (Uzhavar Sandhai ),0.35,Metric Tonnes,Cabbage,2600.0,2800.0,2700.0,Rs./Quintal,Local
Sivakasi(Uzhavar Sandhai ),0.03,Metric Tonnes,Cabbage,3500.0,4000.0,3750.0,Rs./Quintal,Local
Sooramangalam(Uzhavar Sandhai ),0.4,Metric Tonnes,Cabbage,2500.0,3000.0,2750.0,Rs./Quintal,Local
Srivilliputhur(Uzhavar Sandhai ),0.13,Metric Tonnes,Cabbage,3000.0,3500.0,3250.0,Rs./Quintal,Local
Sulur(Uzhavar Sandhai ),0.28,Metric Tonnes,Cabbage,2500.0,3000.0,2750.0,Rs./Quintal,Local
Sundarapuram(Uzhavar Sandhai ),0.29,Metric Tonnes,Cabbage,2500.0,3000.0,2750.0,Rs./Quintal,Local
Sunguvarchatram(Uzhavar Sandhai ),0.15,Metric Tonnes,Cabbage,3000.0,3000.0,3000.0,Rs./Quintal,Local
Tenkasi(Uzhavar Sandhai ),0.12,Metric Tonnes,Cabbage,3000.0,3000.0,3000.0,Rs./Quintal,Local
Thalavadi(Uzhavar Sandhai ),0.24,Metric Tonnes,Cabbage,1400.0,1800.0,1600.0,Rs./Quintal,Local
Thalavaipuram(Uzhavar Sandhai ),0.03,Metric Tonnes,Cabbage,2500.0,3200.0,2850.0,Rs./Quintal,Local
Thammampatti (Uzhavar Sandhai ),0.31,Metric Tonnes,Cabbage,3500.0,4000.0,3750.0,Rs./Quintal,Local
Thanjavur(Uzhavar Sandhai ),0.24,Metric Tonnes,Cabbage,3400.0,3400.0,3400.0,Rs./Quintal,Local
Thathakapatti(Uzhavar Sandhai ),0.31,Metric Tonnes,Cabbage,3000.0,3600.0,3300.0,Rs./Quintal,Local
Theni(Uzhavar Sandhai ),1.73,Metric Tonnes,Cabbage,2800.0,2800.0,2800.0,Rs./Quintal,Local
Thirupathur APMC,0.3,Metric Tonnes,Cabbage,3400.0,3400.0,3400.0,Rs./Quintal,Local
Thiruverumbur(Uzhavar Sandhai ),0.26,Metric Tonnes,Cabbage,3200.0,3200.0,3200.0,Rs./Quintal,Local
Thuraiyur APMC,0.32,Metric Tonnes,Cabbage,2500.0,3000.0,2750.0,Rs./Quintal,Local
Tindivanam APMC,0.14,Metric Tonnes,Cabbage,3500.0,3500.0,3500.0,Rs./Quintal,Local
Tiruchengode APMC,0.17,Metric Tonnes,Cabbage,2500.0,3000.0,2750.0,Rs./Quintal,Local
Tirupatthur(Uzhavar Sandhai ),0.16,Metric Tonnes,Cabbage,2800.0,3000.0,2900.0,Rs./Quintal,Local
Tiruppur (South) (Uzhavar Sandhai ),0.42,Metric Tonnes,Cabbage,1200.0,2000.0,1600.0,Rs./Quintal,Local
Tiruthani(Uzhavar Sandhai ),0.05,Metric Tonnes,Cabbage,4000.0,4000.0,4000.0,Rs./Quintal,Local
Tiruvannamalai(Uzhavar Sandhai ),0.43,Metric Tonnes,Cabbage,2500.0,3000.0,2750.0,Rs./Quintal,Local
Tuticorin(Uzhavar Sandhai ),0.11,Metric Tonnes,Cabbage,3000.0,3500.0,3250.0,Rs./Quintal,Local
Udhagamandalam(Uzhavar Sandhai ),1.12,Metric Tonnes,Cabbage,2000.0,2500.0,2250.0,Rs./Quintal,Local
Udumalpet APMC,0.26,Metric Tonnes,Cabbage,3000.0,3500.0,3250.0,Rs./Quintal,Local
Vadalur(Uzhavar Sandhai ),0.04,Metric Tonnes,Cabbage,3000.0,3000.0,3000.0,Rs./Quintal,Local
Vadaseri APMC,0.2,Metric Tonnes,Cabbage,5000.0,5500.0,5250.0,Rs./Quintal,Local
Vadavalli(Uzhavar Sandhai ),0.38,Metric Tonnes,Cabbage,2000.0,2400.0,2200.0,Rs./Quintal,Local
Vazhapadi(Uzhavar Sandhai),0.02,Metric Tonnes,Cabbage,3400.0,3400.0,3400.0,Rs./Quintal,Local
Vedaranyam(Uzhavar Sandhai),0.07,Metric Tonnes,Cabbage,3500.0,3500.0,3500.0,Rs./Quintal,Local
Vellore APMC,0.1,Metric Tonnes,Cabbage,2500.0,2500.0,2500.0,Rs./Quintal,Local
Villupuram(Uzhavar Sandhai ),0.04,Metric Tonnes,Cabbage,4000.0,4000.0,4000.0,Rs./Quintal,Local
Virudhunagar(Uzhavar Sandhai ),0.02,Metric Tonnes,Cabbage,3500.0,4000.0,3750.0,Rs./Quintal,Local
Viruthachalam(Uzhavar Sandhai ),0.03,Metric Tonnes,Cabbage,3000.0,3000.0,3000.0,Rs./Quintal,Local
Total,42.76,Metric Tonnes,,,,2808.54,Rs./Quintal,
State/UT Name : Telangana
Adilabad (Rythu Bazar) ,2.1,Metric Tonnes,Cabbage,4000.0,4200.0,4000.0,Rs./Quintal,Local
"Alwal,RBZ",1.2000000000000002,Metric Tonnes,Other,1300.0,1300.0,1300.0,Rs./Quintal,FAQ
Bowenpally APMC,175.70000000000002,Metric Tonnes,Cabbage,600.0,1000.0,900.0,Rs./Quintal,FAQ
Gudimalkapur APMC,41.900000000000006,Metric Tonnes,Cabbage,700.0,1100.0,900.0,Rs./Quintal,Grade B
Kalwakurthy APMC,0.1,Metric Tonnes,Cabbage,2000.0,2000.0,2000.0,Rs./Quintal,Local
"Kukatpally,RBZ",10.6,Metric Tonnes,Cabbage,1300.0,1300.0,1300.0,Rs./Quintal,Local
L B Nagar APMC,5.5,Metric Tonnes,Cabbage,800.0,1200.0,1000.0,Rs./Quintal,Medium
Mahabubnagar(Rythu Bazar),1.38,Metric Tonnes,Cabbage,3000.0,3000.0,3000.0,Rs./Quintal,Local
Mahboob Manison APMC,2.5,Metric Tonnes,Cabbage,1000.0,1200.0,1100.0,Rs./Quintal,Medium
Miryalguda(Rythu Bazar) ,0.3,Metric Tonnes,Cabbage,2500.0,2500.0,2500.0,Rs./Quintal,Grade A
RYTHU BAZAR ERRAGADDA,2.9,Metric Tonnes,Cabbage,1300.0,1300.0,1300.0,Rs./Quintal,Grade A
RYTHU BAZAR MEHDIPATNAM,1.9,Metric Tonnes,Cabbage,1300.0,1300.0,1300.0,Rs./Quintal,Grade A
Sangareddy APMC,0.3,Metric Tonnes,Cabbage,1800.0,1800.0,1800.0,Rs./Quintal,Grade B
"Saroornagar,RBZ",1.8,Metric Tonnes,Other,1300.0,1300.0,1300.0,Rs./Quintal,Medium
Shadnagar APMC,5.0,Metric Tonnes,Cabbage,1600.0,1800.0,1700.0,Rs./Quintal,Local
Siddipet(Rythu Bazar) ,0.8,Metric Tonnes,Cabbage,2000.0,2800.0,2400.0,Rs./Quintal,Grade A
"Vanasthalipuram,RBZ ",1.9,Metric Tonnes,Cabbage,1300.0,1300.0,1300.0,Rs./Quintal,Grade A
Vantamamidi APMC,3.4000000000000004,Metric Tonnes,Cabbage,600.0,800.0,700.0,Rs./Quintal,Local
Venkateswarnagar APMC,0.2,Metric Tonnes,Cabbage,1000.0,1400.0,1200.0,Rs./Quintal,Grade A
Warangal APMC,2.1,Metric Tonnes,Cabbage,1600.0,2000.0,1800.0,Rs./Quintal,FAQ
Total,261.58,Metric Tonnes,,,,999.04,Rs./Quintal,
State/UT Name : Tripura
Boxonagar,0.08000000000000002,Metric Tonnes,Cabbage,3000.0,3200.0,3100.0,Rs./Quintal,Medium
Total,0.08,Metric Tonnes,,,,3100.0,Rs./Quintal,
State/UT Name : Uttar Pradesh
Dudhi APMC,0.9,Metric Tonnes,Cabbage,800.0,1000.0,900.0,Rs./Quintal,Local
Hasanpur APMC,0.5,Metric Tonnes,Cabbage,1450.0,1520.0,1500.0,Rs./Quintal,FAQ
Jalaun APMC,0.4,Metric Tonnes,Cabbage,1800.0,1800.0,1800.0,Rs./Quintal,FAQ
Jasvantnagar APMC,4.4,Metric Tonnes,Cabbage,2160.0,2260.0,2210.0,Rs./Quintal,Medium
Kairana APMC,0.4,Metric Tonnes,Cabbage,1500.0,1600.0,1550.0,Rs./Quintal,FAQ
Khandhla APMC,0.9,Metric Tonnes,Cabbage,400.0,410.0,405.0,Rs./Quintal,FAQ
Kosikalan APMC,4.0,Metric Tonnes,Cabbage,2050.0,2140.0,2090.0,Rs./Quintal,FAQ
Maigalganj APMC,0.4,Metric Tonnes,Cabbage,880.0,920.0,900.0,Rs./Quintal,FAQ
Total,11.9,Metric Tonnes,,,,1824.24,Rs./Quintal,
State/UT Name : Uttarakhand
Dehradoon APMC,1.1,Metric Tonnes,Cabbage,800.0,1250.0,1000.0,Rs./Quintal,Grade B
Kotadwara APMC,0.5,Metric Tonnes,Cabbage,1100.0,1100.0,1100.0,Rs./Quintal,FAQ
Rudrapur APMC,5.0,Metric Tonnes,Other,4000.0,5500.0,5000.0,Rs./Quintal,Medium
Vikasnagar APMC,4.4,Metric Tonnes,Cabbage,600.0,2000.0,1500.0,Rs./Quintal,Medium
Total,11.0,Metric Tonnes,,,,3022.73,Rs./Quintal,
State/UT Name : West Bengal
Darjeeling APMC,1.6,Metric Tonnes,Other,2800.0,3000.0,2900.0,Rs./Quintal,FAQ
Dhupguri APMC,8.0,Metric Tonnes,Other,2300.0,2500.0,2400.0,Rs./Quintal,FAQ
Durgapur APMC,5.7,Metric Tonnes,Other,1900.0,2050.0,2000.0,Rs./Quintal,FAQ
Karsiyang(Matigara) APMC,1.5,Metric Tonnes,Other,2700.0,2900.0,2800.0,Rs./Quintal,FAQ
Medinipur(West) APMC,1.1,Metric Tonnes,Cabbage,3100.0,3300.0,3200.0,Rs./Quintal,FAQ
Sealdah Koley Market APMC,8.6,Metric Tonnes,Other,3000.0,3200.0,3200.0,Rs./Quintal,FAQ
Total,26.5,Metric Tonnes,,,,2659.62,Rs./Quintal,
Grand Total,4364.23,Metric Tonnes,,,,2022.68,Rs./Quintal,
Carrot
State/UT Name : Assam
Pamohi(Garchuk) APMC,10.0,Metric Tonnes,Carrot,7000.0,8000.0,7500.0,Rs./Quintal,FAQ
Santar Bazaar APMC,4.0,Metric Tonnes,Carrot,8500.0,8700.0,8600.0,Rs./Quintal,FAQ
Tinsukia Market,0.9,Metric Tonnes,Carrot,7000.0,9000.0,8000.0,Rs./Quintal,FAQ
Total,14.9,Metric Tonnes,,,,7825.5,Rs./Quintal,
State/UT Name : Chandigarh
Chandigarh (Grain/F&V) APMC,15.8,Metric Tonnes,Carrot,1500.0,2000.0,1800.0,Rs./Quintal,FAQ
Total,15.8,Metric Tonnes,,,,1800.0,Rs./Quintal,
State/UT Name : Chattisgarh
Durg APMC,1.2,Metric Tonnes,Carrot,1200.0,1400.0,1400.0,Rs./Quintal,Medium
Tiphra APMC,10.0,Metric Tonnes,Carrot,3000.0,3200.0,3100.0,Rs./Quintal,Grade B
Total,11.2,Metric Tonnes,,,,2917.86,Rs./Quintal,
State/UT Name : Gujarat
Bharuch APMC,1.22,Metric Tonnes,Other,1500.0,2000.0,1700.0,Rs./Quintal,Local
Dahod(Veg. Market) APMC,0.18,Metric Tonnes,Carrot,2500.0,3000.0,2700.0,Rs./Quintal,Local
Navsari APMC,0.96,Metric Tonnes,Carrot,2500.0,3000.0,2750.0,Rs./Quintal,Local
Surat APMC,32.0,Metric Tonnes,Carrot,1000.0,2500.0,1750.0,Rs./Quintal,FAQ
Total,34.36,Metric Tonnes,,,,1781.14,Rs./Quintal,
State/UT Name : Haryana
Bahadurgarh APMC,0.2,Metric Tonnes,Other,5500.0,6000.0,5800.0,Rs./Quintal,Medium
Ganaur APMC,0.1,Metric Tonnes,Carrot,4000.0,5000.0,4500.0,Rs./Quintal,Medium
Jagadhri APMC,0.199,Metric Tonnes,Other,1500.0,2200.0,1800.0,Rs./Quintal,Medium
Ladwa APMC,0.1,Metric Tonnes,Carrot,4500.0,5000.0,5000.0,Rs./Quintal,Medium
Naraingarh APMC,0.1,Metric Tonnes,Carrot,1800.0,2000.0,1880.0,Rs./Quintal,Medium
Samalkha APMC,0.15000000000000002,Metric Tonnes,Carrot,4000.0,4000.0,4000.0,Rs./Quintal,FAQ
Shahabad APMC,0.2,Metric Tonnes,Carrot,3000.0,3000.0,3000.0,Rs./Quintal,Medium
Thanesar APMC,0.7000000000000001,Metric Tonnes,Carrot,2000.0,3000.0,2500.0,Rs./Quintal,Medium
Total,1.75,Metric Tonnes,,,,3205.37,Rs./Quintal,
State/UT Name : Himachal Pradesh
PMY Chamba,0.45,Metric Tonnes,Carrot,2500.0,3000.0,2750.0,Rs./Quintal,Medium
PMY Hamirpur,0.15000000000000002,Metric Tonnes,Other,4500.0,5000.0,4750.0,Rs./Quintal,Grade B
PMY Kangra,0.1,Metric Tonnes,Carrot,2500.0,3000.0,2700.0,Rs./Quintal,FAQ
PMY Kather Solan,0.2,Metric Tonnes,Other,1200.0,3000.0,2500.0,Rs./Quintal,Medium
PMY Kullu,0.9,Metric Tonnes,Other,3000.0,3500.0,3200.0,Rs./Quintal,FAQ
PMY Una,0.2,Metric Tonnes,Carrot,3300.0,3500.0,3400.0,Rs./Quintal,FAQ
SMY Baijnath,0.08,Metric Tonnes,Carrot,3000.0,3200.0,3100.0,Rs./Quintal,Grade B
SMY Bhuntar,0.5,Metric Tonnes,Other,3000.0,5000.0,4000.0,Rs./Quintal,FAQ
SMY Dhanotu,0.2,Metric Tonnes,Carrot,2500.0,3500.0,3000.0,Rs./Quintal,FAQ
SMY Dharamshala,0.25,Metric Tonnes,Carrot,2800.0,3500.0,3150.0,Rs./Quintal,FAQ
SMY Jaisinghpur,0.03,Metric Tonnes,Carrot,3500.0,3600.0,3550.0,Rs./Quintal,FAQ
SMY Jogindernagar,0.03,Metric Tonnes,Carrot,3000.0,3200.0,3100.0,Rs./Quintal,Grade B
SMY Jwalaji,0.020000000000000004,Metric Tonnes,Carrot,2500.0,3000.0,2750.0,Rs./Quintal,FAQ
SMY Palampur,0.2,Metric Tonnes,Carrot,3400.0,3500.0,3450.0,Rs./Quintal,FAQ
Total,3.31,Metric Tonnes,,,,3280.97,Rs./Quintal,
State/UT Name : Jammu and Kashmir
Parimpore Srinagar (F&V),54.0,Metric Tonnes,Other,5000.0,5500.0,5250.0,Rs./Quintal,Local
Total,54.0,Metric Tonnes,,,,5250.0,Rs./Quintal,
State/UT Name : Karnataka
Bagepalli APMC,1.4000000000000001,Metric Tonnes,Carrot,2000.0,3000.0,2500.0,Rs./Quintal,Small
Bangarpet APMC,0.7000000000000001,Metric Tonnes,Carrot,2000.0,3000.0,2500.0,Rs./Quintal,Local
Binny Mill (FF&V) Bengaluru APMC,36.300000000000004,Metric Tonnes,Carrot,4000.0,5000.0,4500.0,Rs./Quintal,Local
Chamarajanagar APMC,3.0,Metric Tonnes,Carrot,1500.0,3000.0,2300.0,Rs./Quintal,Local
Chikkamagaluru APMC,0.30000000000000004,Metric Tonnes,Other,4000.0,4000.0,4000.0,Rs./Quintal,Local
Chintamani APMC,1.2000000000000002,Metric Tonnes,Carrot,2000.0,4000.0,3000.0,Rs./Quintal,Local
Davangere APMC,3.0,Metric Tonnes,Carrot,1000.0,3400.0,2400.0,Rs./Quintal,Local
Doddaballapur APMC,1.4000000000000001,Metric Tonnes,Other,4000.0,4800.0,4400.0,Rs./Quintal,Medium
Gauribidanur APMC,0.4,Metric Tonnes,Carrot,2000.0,3000.0,2500.0,Rs./Quintal,Local
Hassan APMC,2.0,Metric Tonnes,Carrot,2500.0,2500.0,2500.0,Rs./Quintal,Local
Kadur APMC,0.2,Metric Tonnes,Pusakesar,4165.0,4165.0,4165.0,Rs./Quintal,Medium
Kolar APMC,5.0,Metric Tonnes,Carrot,2000.0,4000.0,3500.0,Rs./Quintal,Local
Malur APMC,7.4,Metric Tonnes,Carrot,4000.0,5000.0,4500.0,Rs./Quintal,Local
Mysuru APMC,8.1,Metric Tonnes,Carrot,2800.0,3000.0,3000.0,Rs./Quintal,Medium
Nanjangud APMC,5.0,Metric Tonnes,Carrot,2380.0,2564.0,2380.0,Rs./Quintal,Local
Ramanagara APMC,0.7000000000000001,Metric Tonnes,Carrot,3000.0,5000.0,4400.0,Rs./Quintal,Local
Shimoga APMC,1.6,Metric Tonnes,Carrot,3000.0,4000.0,3500.0,Rs./Quintal,Local
T. Narasipura APMC,0.8,Metric Tonnes,Carrot,1500.0,2000.0,2000.0,Rs./Quintal,Small
Total,78.5,Metric Tonnes,,,,3793.29,Rs./Quintal,
State/UT Name : Keralam
Aluva Market,5.0,Metric Tonnes,Carrot,5000.0,6000.0,5500.0,Rs./Quintal,FAQ
Anchal Market,0.5,Metric Tonnes,Carrot,4700.0,4700.0,4700.0,Rs./Quintal,Local
Angamaly Market,1.0,Metric Tonnes,Carrot,6000.0,8000.0,7000.0,Rs./Quintal,FAQ
Aralamoodu Market,2.0,Metric Tonnes,Carrot,4000.0,6000.0,6000.0,Rs./Quintal,FAQ
Aroor Market,0.2,Metric Tonnes,Other,7000.0,7200.0,7100.0,Rs./Quintal,FAQ
Athirampuzha Market,0.5,Metric Tonnes,Carrot,6400.0,6600.0,6500.0,Rs./Quintal,FAQ
Attingal Market,850.0,Metric Tonnes,Other,7500.0,8500.0,8000.0,Rs./Quintal,Local
Balarampuram Market,0.4,Metric Tonnes,Carrot,7000.0,7000.0,7000.0,Rs./Quintal,FAQ
Chala Market,0.5,Metric Tonnes,Other,5300.0,6000.0,5500.0,Rs./Quintal,FAQ
Chavakkad Market,0.1,Metric Tonnes,Carrot,6000.0,8000.0,8000.0,Rs./Quintal,FAQ
Chelakkara Market,0.15,Metric Tonnes,Carrot,8000.0,8500.0,8200.0,Rs./Quintal,FAQ
Chengannur Market,0.6,Metric Tonnes,Other,6800.0,7100.0,7000.0,Rs./Quintal,FAQ
Cherthala Market,0.3,Metric Tonnes,Carrot,8800.0,9000.0,8900.0,Rs./Quintal,FAQ
Ettumanoor Market,1.0,Metric Tonnes,Carrot,7000.0,7400.0,7200.0,Rs./Quintal,FAQ
Harippad Market,0.78,Metric Tonnes,Other,8000.0,8500.0,8000.0,Rs./Quintal,FAQ
Irinjalakkuda Market,0.1,Metric Tonnes,Carrot,4500.0,5500.0,5000.0,Rs./Quintal,FAQ
Kallachi Market,0.1,Metric Tonnes,Carrot,5800.0,6200.0,6000.0,Rs./Quintal,FAQ
Kanjirappally Market,0.5,Metric Tonnes,Carrot,7500.0,8000.0,7800.0,Rs./Quintal,FAQ
Kayamkulam Market,1.0,Metric Tonnes,Other,6200.0,6400.0,6300.0,Rs./Quintal,FAQ
Koduvayoor Market,0.7,Metric Tonnes,Carrot,5200.0,5600.0,5400.0,Rs./Quintal,Medium
Kollengode Market,0.7,Metric Tonnes,Carrot,6000.0,6400.0,6200.0,Rs./Quintal,FAQ
Kothamangalam Market,1.0,Metric Tonnes,Carrot,6000.0,7000.0,6500.0,Rs./Quintal,FAQ
Kottarakkara Market,0.01,Metric Tonnes,Other,3700.0,3700.0,3700.0,Rs./Quintal,Local
Kuruppanthura Market,1.0,Metric Tonnes,Other,6000.0,6500.0,6500.0,Rs./Quintal,FAQ
Madhavapuram Market,0.9,Metric Tonnes,Other,8800.0,9200.0,9000.0,Rs./Quintal,FAQ
Manjeri Market,6.0,Metric Tonnes,Other,6950.0,7050.0,7000.0,Rs./Quintal,Local
Manjeswaram Market,3.0,Metric Tonnes,Carrot,6000.0,8000.0,7000.0,Rs./Quintal,FAQ
Mukkom Market,0.4,Metric Tonnes,Carrot,8000.0,8400.0,8200.0,Rs./Quintal,FAQ
Munnar Market,0.8,Metric Tonnes,Other,7000.0,7000.0,7000.0,Rs./Quintal,Medium
Neeleswaram Market,0.8,Metric Tonnes,Other,7400.0,7800.0,7600.0,Rs./Quintal,FAQ
Neyyatinkara Market,0.02,Metric Tonnes,Other,5400.0,6000.0,5600.0,Rs./Quintal,FAQ
North Paravur Market,1.0,Metric Tonnes,Carrot,5000.0,6000.0,5500.0,Rs./Quintal,FAQ
Pala Market,1.0,Metric Tonnes,Carrot,8800.0,9400.0,9200.0,Rs./Quintal,FAQ
Palakkad Market,2.0,Metric Tonnes,Carrot,4500.0,5500.0,5100.0,Rs./Quintal,FAQ
Parappanangadi Market,1.0,Metric Tonnes,Other,5400.0,5600.0,5500.0,Rs./Quintal,Grade A
Parassala Market,0.2,Metric Tonnes,Carrot,2800.0,3200.0,3000.0,Rs./Quintal,Local
Pattambi Market,0.5,Metric Tonnes,Carrot,6000.0,7000.0,6500.0,Rs./Quintal,FAQ
Perambra Market,0.23,Metric Tonnes,Other,6000.0,7000.0,6500.0,Rs./Quintal,FAQ
Perumbavoor Market,3.0,Metric Tonnes,Carrot,4500.0,5500.0,5000.0,Rs./Quintal,Medium
Piravam Market,5.0,Metric Tonnes,Carrot,7000.0,8500.0,8000.0,Rs./Quintal,Local
Quilandy Market,0.25,Metric Tonnes,Other,5800.0,6200.0,6000.0,Rs./Quintal,FAQ
Thalasserry Market,0.2,Metric Tonnes,Carrot,7000.0,8000.0,7500.0,Rs./Quintal,FAQ
Thalayolaparambu Market,0.45,Metric Tonnes,Carrot,5400.0,5700.0,5500.0,Rs./Quintal,FAQ
Thamarassery Market,0.3,Metric Tonnes,Other,7000.0,7500.0,7300.0,Rs./Quintal,FAQ
Thrippunithura Market,1.0,Metric Tonnes,Carrot,7500.0,8000.0,7700.0,Rs./Quintal,Medium
Thrissur Market,6.0,Metric Tonnes,Carrot,4500.0,5000.0,4800.0,Rs./Quintal,FAQ
Vamanapuram Market,0.13,Metric Tonnes,Other,5500.0,6000.0,5500.0,Rs./Quintal,FAQ
Vandiperiyar Market,0.03,Metric Tonnes,Other,6000.0,6500.0,6500.0,Rs./Quintal,Grade Range-1
Vengeri(Kozhikode) Market,44.7,Metric Tonnes,Carrot,4900.0,5200.0,5200.0,Rs./Quintal,FAQ
Wadakkanchery Market,0.1,Metric Tonnes,Carrot,6000.0,6500.0,6200.0,Rs./Quintal,FAQ
vadakarapathy Market,0.06,Metric Tonnes,Carrot,2000.0,3000.0,2500.0,Rs./Quintal,FAQ
Total,947.21,Metric Tonnes,,,,7779.76,Rs./Quintal,
State/UT Name : Madhya Pradesh
Sagar(F&V) APMC,0.2,Metric Tonnes,Carrot,1200.0,2400.0,1800.0,Rs./Quintal,Local
Sehore(F&V) APMC,0.5,Metric Tonnes,Carrot,2500.0,3500.0,3000.0,Rs./Quintal,Grade Range-1
Seoni(F&V) APMC,0.32,Metric Tonnes,Carrot,850.0,850.0,850.0,Rs./Quintal,Grade C
Total,1.02,Metric Tonnes,,,,2090.2,Rs./Quintal,
State/UT Name : Maharashtra
APMC Ahilyanagar ,2.1,Metric Tonnes,Other,1500.0,2500.0,2000.0,Rs./Quintal,Local
APMC Akluj ,1.5,Metric Tonnes,Other,3000.0,4000.0,3500.0,Rs./Quintal,Local
APMC Bhusaval ,0.6,Metric Tonnes,Other,2000.0,2500.0,2200.0,Rs./Quintal,Local
APMC Chattrapati Sambhajinagar ,4.3,Metric Tonnes,Other,1700.0,2200.0,1950.0,Rs./Quintal,Local
APMC Dharashiv ,0.3,Metric Tonnes,Other,3500.0,6000.0,4750.0,Rs./Quintal,Local
APMC Hingna,0.1,Metric Tonnes,Other,3000.0,3000.0,3000.0,Rs./Quintal,Local
APMC Jalgaon ,0.3,Metric Tonnes,Other,2500.0,2500.0,2500.0,Rs./Quintal,Local
APMC Kamthi ,0.3,Metric Tonnes,Other,2500.0,3000.0,2750.0,Rs./Quintal,Local
APMC Manchar ,0.4,Metric Tonnes,Other,1000.0,2500.0,1860.0,Rs./Quintal,Local
APMC Mumbai ,167.6,Metric Tonnes,Other,2000.0,3000.0,2500.0,Rs./Quintal,Local
APMC Nasik ,8.0,Metric Tonnes,Other,1500.0,2500.0,2000.0,Rs./Quintal,Local
APMC Panvel ,4.5,Metric Tonnes,Other,4000.0,5000.0,4500.0,Rs./Quintal,Local
APMC Pune ,76.8,Metric Tonnes,Other,1000.0,3000.0,2000.0,Rs./Quintal,Local
APMC Satara ,1.5,Metric Tonnes,Other,2000.0,3000.0,2500.0,Rs./Quintal,Local
APMC Solapur ,3.0,Metric Tonnes,Other,1000.0,4000.0,2100.0,Rs./Quintal,Local
Chandrapur(Ganjwad) ,1.9,Metric Tonnes,Other,1500.0,2500.0,2000.0,Rs./Quintal,Local
Khed(Chakan) ,14.0,Metric Tonnes,Other,1500.0,2500.0,2000.0,Rs./Quintal,Local
Pune(Khadiki) ,0.4,Metric Tonnes,Other,1300.0,1600.0,1450.0,Rs./Quintal,Local
Pune(Manjri) ,0.4,Metric Tonnes,Other,2000.0,4000.0,3000.0,Rs./Quintal,Local
Pune(Moshi) ,7.6,Metric Tonnes,Other,2000.0,2000.0,2000.0,Rs./Quintal,Local
Total,295.6,Metric Tonnes,,,,2337.21,Rs./Quintal,
State/UT Name : Meghalaya
Jowai APMC,0.5,Metric Tonnes,New Kuroda,10000.0,12000.0,11000.0,Rs./Quintal,Local
Shillong APMC,2.4,Metric Tonnes,New Kuroda,6500.0,7500.0,7000.0,Rs./Quintal,FAQ
Total,2.9,Metric Tonnes,,,,7689.66,Rs./Quintal,
State/UT Name : NCT of Delhi
APMC Azadpur,109.9,Metric Tonnes,Carrot,2000.0,3500.0,2800.0,Rs./Quintal,FAQ
APMC Keshopur,7.5,Metric Tonnes,Other,3000.0,4000.0,3500.0,Rs./Quintal,FAQ
"Fruit&Vegetable Market,Gazipur APMC",4.22,Metric Tonnes,Carrot,2400.0,2800.0,2600.0,Rs./Quintal,FAQ
Total,121.62,Metric Tonnes,,,,2836.23,Rs./Quintal,
State/UT Name : Odisha
Dhenkanal APMC,0.1,Metric Tonnes,Carrot,3700.0,4200.0,4000.0,Rs./Quintal,Grade B
Keonjhar APMC,0.3,Metric Tonnes,Other,3200.0,3500.0,3500.0,Rs./Quintal,Local
Kuchinda APMC,0.13,Metric Tonnes,Carrot,5000.0,5500.0,5200.0,Rs./Quintal,Medium
Rayagada APMC,12.0,Metric Tonnes,Other,2900.0,3000.0,3000.0,Rs./Quintal,Local
Rayagada(Muniguda) APMC,2.0,Metric Tonnes,Carrot,3520.0,3900.0,3620.0,Rs./Quintal,Grade A
Total,14.53,Metric Tonnes,,,,3122.23,Rs./Quintal,
State/UT Name : Punjab
Adampur APMC,0.1,Metric Tonnes,Carrot,1800.0,2000.0,2000.0,Rs./Quintal,FAQ
Bhawanigarh APMC,0.1,Metric Tonnes,Other,2500.0,2700.0,2600.0,Rs./Quintal,Medium
Dasuya APMC,0.2,Metric Tonnes,Carrot,3000.0,3000.0,3000.0,Rs./Quintal,FAQ
Doraha APMC,0.012,Metric Tonnes,Carrot,2000.0,2000.0,2000.0,Rs./Quintal,Local
F.G.Churian APMC,0.09,Metric Tonnes,Carrot,2500.0,2500.0,2500.0,Rs./Quintal,Grade A
Jagraon APMC,0.2,Metric Tonnes,Other,900.0,900.0,900.0,Rs./Quintal,FAQ
Jalandhar City(Jalandhar) APMC,7.800000000000001,Metric Tonnes,Other,1200.0,2400.0,1800.0,Rs./Quintal,FAQ
Ludhiana APMC,4.800000000000001,Metric Tonnes,Other,800.0,1400.0,1100.0,Rs./Quintal,FAQ
Machhiwara APMC,0.03,Metric Tonnes,Other,1000.0,1500.0,1200.0,Rs./Quintal,FAQ
Malerkotla APMC,2.8000000000000003,Metric Tonnes,Other,1800.0,2500.0,2000.0,Rs./Quintal,Local
Naushera Pannuan APMC,0.085,Metric Tonnes,Other,2000.0,2000.0,2000.0,Rs./Quintal,Local
Nawan Shahar(Subzi Mandi) APMC,0.08000000000000002,Metric Tonnes,Carrot,3000.0,3500.0,3300.0,Rs./Quintal,FAQ
Patiala APMC,2.0,Metric Tonnes,Carrot,1500.0,2000.0,1700.0,Rs./Quintal,Grade A
Patran APMC,2.0,Metric Tonnes,Other,2140.0,2140.0,2140.0,Rs./Quintal,Grade A
Rampuraphul(Nabha Mandi) APMC,0.5,Metric Tonnes,Other,1500.0,2300.0,2000.0,Rs./Quintal,Grade A
Samana APMC,20.0,Metric Tonnes,Other,1800.0,2500.0,2100.0,Rs./Quintal,Grade Range-2
Sangrur APMC,0.5,Metric Tonnes,Carrot,1200.0,2000.0,1600.0,Rs./Quintal,Grade B
Sirhind APMC,0.1,Metric Tonnes,Other,2200.0,2700.0,2500.0,Rs./Quintal,FAQ
Total,41.4,Metric Tonnes,,,,1898.91,Rs./Quintal,
State/UT Name : Rajasthan
Ajmer(F&V) APMC,0.5,Metric Tonnes,Other,1500.0,2500.0,2000.0,Rs./Quintal,Medium
Jaipur (F&V) APMC,3.4000000000000004,Metric Tonnes,Carrot,2500.0,2700.0,2600.0,Rs./Quintal,FAQ
Jodhpur (F&V) APMC,0.4,Metric Tonnes,Other,2000.0,3000.0,2200.0,Rs./Quintal,Medium
Sriganganagar (F&V) APMC,1.3,Metric Tonnes,Carrot,2800.0,3200.0,3000.0,Rs./Quintal,Grade A
Udaipur (F&V) APMC,0.4,Metric Tonnes,Other,2000.0,2500.0,2250.0,Rs./Quintal,Medium
Total,6.0,Metric Tonnes,,,,2586.67,Rs./Quintal,
State/UT Name : Tamil Nadu
AJattihalli(Uzhavar Sandhai ),0.15,Metric Tonnes,Pusakesar,6200.0,6200.0,6200.0,Rs./Quintal,Local
Ammapet(Uzhavar Sandhai ),0.15,Metric Tonnes,Pusakesar,6500.0,7000.0,6750.0,Rs./Quintal,Local
Anaiyur(Uzhavar Sandhai ),0.18,Metric Tonnes,Pusakesar,4000.0,6000.0,5000.0,Rs./Quintal,Local
Andipatti(Uzhavar Sandhai ),0.18,Metric Tonnes,Pusakesar,5000.0,5400.0,5200.0,Rs./Quintal,Local
Anna nagar(Uzhavar Sandhai ),0.55,Metric Tonnes,Pusakesar,6800.0,6800.0,6800.0,Rs./Quintal,Local
Arani(Uzhavar Sandhai ),0.2,Metric Tonnes,Pusakesar,4000.0,4800.0,4400.0,Rs./Quintal,Local
Arcot(Uzhavar Sandhai ),0.24,Metric Tonnes,Pusakesar,6000.0,6000.0,6000.0,Rs./Quintal,Local
Ariyalur(Uzhavar Sandhai),0.03,Metric Tonnes,Pusakesar,7000.0,8000.0,7500.0,Rs./Quintal,Local
Aruppukottai(Uzhavar Sandhai ),0.14,Metric Tonnes,Pusakesar,6000.0,7000.0,6500.0,Rs./Quintal,Local
Athur(Uzhavar Sandhai ),0.25,Metric Tonnes,Pusakesar,6500.0,7000.0,6750.0,Rs./Quintal,Local
Avallapalli(Uzhavar Sandhai ),0.26,Metric Tonnes,Pusakesar,4000.0,4500.0,4250.0,Rs./Quintal,Local
Chengalpet(Uzhavar Sandhai ),0.08,Metric Tonnes,Pusakesar,7000.0,8000.0,7500.0,Rs./Quintal,Local
Chengam(Uzhavar Sandhai ),0.16,Metric Tonnes,Pusakesar,6000.0,7200.0,6600.0,Rs./Quintal,Local
Cheyyar(Uzhavar Sandhai ),0.1,Metric Tonnes,Pusakesar,4000.0,4800.0,4400.0,Rs./Quintal,Local
Chinnalapatti(Uzhavar Sandhai ),0.03,Metric Tonnes,Pusakesar,7600.0,8000.0,7800.0,Rs./Quintal,Local
Chinnamanur(Uzhavar Sandhai ),0.25,Metric Tonnes,Pusakesar,5600.0,5600.0,5600.0,Rs./Quintal,Local
Chokkikulam(Uzhavar Sandhai ),0.85,Metric Tonnes,Pusakesar,4000.0,6000.0,5000.0,Rs./Quintal,Local
Coonoor(Uzhavar Sandhai ),0.23,Metric Tonnes,Pusakesar,4500.0,5000.0,4750.0,Rs./Quintal,Local
Cuddalore(Uzhavar Sandhai ),0.21,Metric Tonnes,Pusakesar,5000.0,5000.0,5000.0,Rs./Quintal,Local
Denkanikottai(Uzhavar Sandhai ),0.3,Metric Tonnes,Pusakesar,4000.0,4500.0,4250.0,Rs./Quintal,Local
Devakottai (Uzhavar Sandhai ),0.13,Metric Tonnes,Pusakesar,4200.0,6200.0,5200.0,Rs./Quintal,Local
Dharapuram(Uzhavar Sandhai ),0.6,Metric Tonnes,Pusakesar,6500.0,7000.0,6750.0,Rs./Quintal,Local
Dharmapuri(Uzhavar Sandhai ),0.26,Metric Tonnes,Pusakesar,5800.0,6200.0,6000.0,Rs./Quintal,Local
Dindigul(Uzhavar Sandhai ),0.4,Metric Tonnes,Pusakesar,7000.0,8000.0,7500.0,Rs./Quintal,Local
Edapadi (Uzhavar Sandhai ),0.15,Metric Tonnes,Pusakesar,6000.0,7000.0,6500.0,Rs./Quintal,Local
Elampillai(Uzhavar Sandhai ),0.15,Metric Tonnes,Pusakesar,6000.0,7000.0,6500.0,Rs./Quintal,Local
Gandhigramam(Uzhavar Sandhai),0.17,Metric Tonnes,Pusakesar,6000.0,7000.0,6500.0,Rs./Quintal,Local
Gingee(Uzhavar Sandhai ),0.02,Metric Tonnes,Pusakesar,5500.0,5500.0,5500.0,Rs./Quintal,Local
Gobichettipalayam(Uzhavar Sandhai ),0.14,Metric Tonnes,Pusakesar,6000.0,6600.0,6300.0,Rs./Quintal,Local
Gudalur(Uzhavar Sandhai ),0.04,Metric Tonnes,Pusakesar,3000.0,3500.0,3250.0,Rs./Quintal,Local
Gudiyatham(Uzhavar Sandhai ),0.04,Metric Tonnes,Pusakesar,5600.0,5600.0,5600.0,Rs./Quintal,Local
Harur(Uzhavar Sandhai ),0.09,Metric Tonnes,Pusakesar,6000.0,7000.0,6500.0,Rs./Quintal,Local
Hasthampatti(Uzhavar Sandhai ),0.18,Metric Tonnes,Pusakesar,6000.0,7000.0,6500.0,Rs./Quintal,Local
Hosur(Uzhavar Sandhai ),4.24,Metric Tonnes,Pusakesar,4000.0,4500.0,4250.0,Rs./Quintal,Local
Jalagandapuram(Uzhavar Sandhai ),0.04,Metric Tonnes,Pusakesar,6500.0,7000.0,6750.0,Rs./Quintal,Local
Jameenrayapettai(Uzhavar Sandhai ),0.11,Metric Tonnes,Pusakesar,7000.0,8000.0,7500.0,Rs./Quintal,Local
KKNagar(Uzhavar Sandhai ),0.55,Metric Tonnes,Pusakesar,6600.0,6600.0,6600.0,Rs./Quintal,Local
Kahithapattarai(Uzhavar Sandhai ),0.07,Metric Tonnes,Pusakesar,4400.0,4400.0,4400.0,Rs./Quintal,Local
Kallakurichi(Uzhavar Sandhai ),0.06,Metric Tonnes,Pusakesar,7000.0,7000.0,7000.0,Rs./Quintal,Local
Kambam(Uzhavar Sandhai ),0.8,Metric Tonnes,Pusakesar,5200.0,5600.0,5400.0,Rs./Quintal,Local
Karaikudi(Uzhavar Sandhai ),0.09,Metric Tonnes,Pusakesar,6000.0,6500.0,6250.0,Rs./Quintal,Local
Karimangalam(Uzhavar Sandhai),0.09,Metric Tonnes,Pusakesar,6000.0,6500.0,6250.0,Rs./Quintal,Local
Kariyapatti(Uzhavar Sandhai ),0.07,Metric Tonnes,Pusakesar,6500.0,7000.0,6750.0,Rs./Quintal,Local
Karur(Uzhavar Sandhai ),0.31,Metric Tonnes,Pusakesar,6500.0,7000.0,6750.0,Rs./Quintal,Local
Katpadi (Uzhavar Sandhai ),0.3,Metric Tonnes,Pusakesar,5000.0,5000.0,5000.0,Rs./Quintal,Local
Kaveripattinam(Uzhavar Sandhai ),0.03,Metric Tonnes,Pusakesar,6000.0,6000.0,6000.0,Rs./Quintal,Local
Kodaikkanal(Uzhavar Sandhai),0.01,Metric Tonnes,Pusakesar,5000.0,7000.0,6000.0,Rs./Quintal,Local
Kovilpatti(Uzhavar Sandhai ),0.12,Metric Tonnes,Pusakesar,6500.0,7000.0,6750.0,Rs./Quintal,Local
Krishnagiri(Uzhavar Sandhai ),0.3,Metric Tonnes,Pusakesar,7000.0,8000.0,7500.0,Rs./Quintal,Local
Kulithalai(Uzhavar Sandhai ),0.16,Metric Tonnes,Pusakesar,6000.0,7000.0,6500.0,Rs./Quintal,Local
Kumarapalayam(Uzhavar Sandhai ),0.02,Metric Tonnes,Pusakesar,7500.0,8000.0,7750.0,Rs./Quintal,Local
Kumbakonam (Uzhavar Sandhai ),0.18,Metric Tonnes,Pusakesar,6000.0,7200.0,6600.0,Rs./Quintal,Local
Kundrathur(Uzhavar Sandhai ),0.05,Metric Tonnes,Pusakesar,5000.0,5000.0,5000.0,Rs./Quintal,Local
Lalgudi(Uzhavar Sandhai ),0.12,Metric Tonnes,Pusakesar,6600.0,6600.0,6600.0,Rs./Quintal,Local
Manachanallur(Uzhavar Sandhai ),0.05,Metric Tonnes,Pusakesar,7000.0,7000.0,7000.0,Rs./Quintal,Local
Manapparai(Uzhavar Sandhai ),0.06,Metric Tonnes,Pusakesar,7000.0,7000.0,7000.0,Rs./Quintal,Local
Mannargudi I(Uzhavar Sandhai ),0.48,Metric Tonnes,Pusakesar,6400.0,6400.0,6400.0,Rs./Quintal,Local
Mannargudi II(Uzhavar Sandhai ),0.12,Metric Tonnes,Pusakesar,6400.0,6400.0,6400.0,Rs./Quintal,Local
Mayiladuthurai(Uzhavar Sandhai ),0.01,Metric Tonnes,Pusakesar,8000.0,9000.0,8500.0,Rs./Quintal,Local
Melapalayam(Uzhavar Sandhai ),0.36,Metric Tonnes,Pusakesar,3200.0,5600.0,4400.0,Rs./Quintal,Local
Mettupalayam(Uzhavar Sandhai ),0.46,Metric Tonnes,Pusakesar,6000.0,6500.0,6250.0,Rs./Quintal,Local
Mettur(Uzhavar Sandhai ),0.15,Metric Tonnes,Pusakesar,6500.0,7000.0,6750.0,Rs./Quintal,Local
Mohanur(Uzhavar Sandhai ),0.05,Metric Tonnes,Pusakesar,7200.0,8000.0,7600.0,Rs./Quintal,Local
Musiri(Uzhavar Sandhai ),0.33,Metric Tonnes,Pusakesar,6500.0,7000.0,6750.0,Rs./Quintal,Local
Myladi(Uzhavar Sandhai ),0.02,Metric Tonnes,Pusakesar,6500.0,7000.0,6750.0,Rs./Quintal,Local
NGO Colony(Uzhavar Sandhai ),0.35,Metric Tonnes,Pusakesar,3200.0,5600.0,4400.0,Rs./Quintal,Local
Nagapattinam(Uzhavar Sandhai ),0.06,Metric Tonnes,Pusakesar,7500.0,8000.0,7750.0,Rs./Quintal,Local
Namakkal(Uzhavar Sandhai ),0.46,Metric Tonnes,Pusakesar,6500.0,7000.0,6750.0,Rs./Quintal,Local
Nanganallur(Uzhavar Sandhai ),0.08,Metric Tonnes,Pusakesar,6500.0,7000.0,6750.0,Rs./Quintal,Local
Natrampalli(Uzhavar Sandhai ),0.35,Metric Tonnes,Pusakesar,5000.0,6000.0,5500.0,Rs./Quintal,Local
Palacode(Uzhavar Sandhai ),0.18,Metric Tonnes,Pusakesar,6000.0,6200.0,6100.0,Rs./Quintal,Local
Palanganatham(Uzhavar Sandhai ),0.4,Metric Tonnes,Pusakesar,4000.0,6000.0,5000.0,Rs./Quintal,Local
Palani(Uzhavar Sandhai ),0.58,Metric Tonnes,Pusakesar,6000.0,7500.0,6750.0,Rs./Quintal,Local
Palayamkottai(Uzhavar Sandhai ),0.85,Metric Tonnes,Pusakesar,3200.0,5600.0,4400.0,Rs./Quintal,Local
Palladam(Uzhavar Sandhai ),0.08,Metric Tonnes,Pusakesar,5000.0,5500.0,5250.0,Rs./Quintal,Local
Pallavaram(Uzhavar Sandhai ),0.14,Metric Tonnes,Pusakesar,7000.0,8000.0,7500.0,Rs./Quintal,Local
Pallikonda(Uzhavar Sandhai),0.02,Metric Tonnes,Pusakesar,4500.0,4500.0,4500.0,Rs./Quintal,Local
Papanasam(Uzhavar Sandhai ),0.04,Metric Tonnes,Pusakesar,6000.0,7200.0,6600.0,Rs./Quintal,Local
Paramakudi(Uzhavar Sandhai ),0.16,Metric Tonnes,Pusakesar,6500.0,7000.0,6750.0,Rs./Quintal,Local
Paramathivelur(Uzhavar Sandhai ),0.08,Metric Tonnes,Pusakesar,8000.0,9000.0,8500.0,Rs./Quintal,Local
Paruthipattu(Uzhavar Sandhai ),0.08,Metric Tonnes,Pusakesar,6000.0,6000.0,6000.0,Rs./Quintal,Local
Pattukottai(Uzhavar Sandhai ),0.1,Metric Tonnes,Pusakesar,7400.0,7400.0,7400.0,Rs./Quintal,Local
Pennagaram(Uzhavar Sandhai ),0.1,Metric Tonnes,Pusakesar,7500.0,8000.0,7750.0,Rs./Quintal,Local
Perambalur(Uzhavar Sandhai ),0.11,Metric Tonnes,Pusakesar,6800.0,6800.0,6800.0,Rs./Quintal,Local
Perampet(Uzhavar Sandhai),0.02,Metric Tonnes,Pusakesar,5000.0,5600.0,5300.0,Rs./Quintal,Local
Peravurani(Uzhavar Sandhai),0.01,Metric Tonnes,Pusakesar,7400.0,7400.0,7400.0,Rs./Quintal,Local
Periyakulam(Uzhavar Sandhai ),0.19,Metric Tonnes,Pusakesar,5400.0,5400.0,5400.0,Rs./Quintal,Local
Perundurai(Uzhavar Sandhai ),0.02,Metric Tonnes,Pusakesar,6500.0,7000.0,6750.0,Rs./Quintal,Local
Pollachi(Uzhavar Sandhai ),0.12,Metric Tonnes,Pusakesar,6000.0,6500.0,6250.0,Rs./Quintal,Local
Polur(Uzhavar Sandhai ),0.18,Metric Tonnes,Pusakesar,5000.0,6000.0,5500.0,Rs./Quintal,Local
Pudukottai(Uzhavar Sandhai ),0.15,Metric Tonnes,Pusakesar,6000.0,7000.0,6500.0,Rs./Quintal,Local
RSPuram(Uzhavar Sandhai ),2.25,Metric Tonnes,Pusakesar,5200.0,5600.0,5400.0,Rs./Quintal,Local
Rajapalayam(Uzhavar Sandhai ),0.22,Metric Tonnes,Pusakesar,4000.0,4500.0,4250.0,Rs./Quintal,Local
Ramanathapuram(Uzhavar Sandhai ),0.08,Metric Tonnes,Pusakesar,7000.0,7500.0,7250.0,Rs./Quintal,Local
Ranipettai(Uzhavar Sandhai ),0.06,Metric Tonnes,Pusakesar,5000.0,5000.0,5000.0,Rs./Quintal,Local
Rasipuram(Uzhavar Sandhai ),0.07,Metric Tonnes,Pusakesar,7500.0,8000.0,7750.0,Rs./Quintal,Local
Sampath Nagar(Uzhavar Sandhai ),0.15,Metric Tonnes,Pusakesar,6000.0,6200.0,6100.0,Rs./Quintal,Local
Sankarapuram(Uzhavar Sandhai ),0.14,Metric Tonnes,Pusakesar,8000.0,8000.0,8000.0,Rs./Quintal,Local
Sathiyamagalam(Uzhavar Sandhai ),0.25,Metric Tonnes,Pusakesar,6000.0,6400.0,6200.0,Rs./Quintal,Local
Sathur(Uzhavar Sandhai ),0.02,Metric Tonnes,Pusakesar,4500.0,5000.0,4750.0,Rs./Quintal,Local
Singampunari(Uzhavar Sandhai ),0.04,Metric Tonnes,Pusakesar,4400.0,6200.0,5300.0,Rs./Quintal,Local
Singanallur(Uzhavar Sandhai ),0.99,Metric Tonnes,Pusakesar,5500.0,5800.0,5650.0,Rs./Quintal,Local
Sirkali(Uzhavar Sandhai ),0.04,Metric Tonnes,Pusakesar,8000.0,8000.0,8000.0,Rs./Quintal,Local
Sivagangai (Uzhavar Sandhai ),0.22,Metric Tonnes,Pusakesar,4200.0,6200.0,5200.0,Rs./Quintal,Local
Sivakasi(Uzhavar Sandhai ),0.03,Metric Tonnes,Pusakesar,2500.0,3000.0,2750.0,Rs./Quintal,Local
Sooramangalam(Uzhavar Sandhai ),0.42,Metric Tonnes,Pusakesar,6600.0,7000.0,6800.0,Rs./Quintal,Local
Srivilliputhur(Uzhavar Sandhai ),0.06,Metric Tonnes,Pusakesar,3800.0,4500.0,4150.0,Rs./Quintal,Local
Sulur(Uzhavar Sandhai ),0.24,Metric Tonnes,Pusakesar,5500.0,5800.0,5650.0,Rs./Quintal,Local
Sundarapuram(Uzhavar Sandhai ),0.23,Metric Tonnes,Pusakesar,6000.0,6500.0,6250.0,Rs./Quintal,Local
Sunguvarchatram(Uzhavar Sandhai ),0.05,Metric Tonnes,Pusakesar,5000.0,5000.0,5000.0,Rs./Quintal,Local
Thalavadi(Uzhavar Sandhai ),0.08,Metric Tonnes,Pusakesar,6000.0,6500.0,6250.0,Rs./Quintal,Local
Thalavaipuram(Uzhavar Sandhai ),0.04,Metric Tonnes,Pusakesar,3600.0,4500.0,4050.0,Rs./Quintal,Local
Thammampatti (Uzhavar Sandhai ),0.14,Metric Tonnes,Pusakesar,6500.0,7000.0,6750.0,Rs./Quintal,Local
Thanjavur(Uzhavar Sandhai ),0.21,Metric Tonnes,Pusakesar,6400.0,6400.0,6400.0,Rs./Quintal,Local
Thathakapatti(Uzhavar Sandhai ),0.31,Metric Tonnes,Pusakesar,6000.0,7400.0,6700.0,Rs./Quintal,Local
Theni(Uzhavar Sandhai ),0.92,Metric Tonnes,Pusakesar,4000.0,5400.0,4700.0,Rs./Quintal,Local
Thirupathur APMC,0.25,Metric Tonnes,Pusakesar,7000.0,7000.0,7000.0,Rs./Quintal,Local
Thiruverumbur(Uzhavar Sandhai ),0.12,Metric Tonnes,Pusakesar,6600.0,6600.0,6600.0,Rs./Quintal,Local
Thuraiyur APMC,0.12,Metric Tonnes,Pusakesar,6000.0,7000.0,6500.0,Rs./Quintal,Local
Tindivanam APMC,0.09,Metric Tonnes,Pusakesar,5800.0,5800.0,5800.0,Rs./Quintal,Local
Tiruchengode APMC,0.12,Metric Tonnes,Pusakesar,6000.0,7000.0,6500.0,Rs./Quintal,Local
Tirukattupalli(Uzhavar Sandhai ),0.12,Metric Tonnes,Pusakesar,6400.0,6400.0,6400.0,Rs./Quintal,Local
Tirupatthur(Uzhavar Sandhai ),0.13,Metric Tonnes,Pusakesar,4400.0,6500.0,5450.0,Rs./Quintal,Local
Tiruppur (North) (Uzhavar Sandhai ),0.14,Metric Tonnes,Pusakesar,6000.0,7000.0,6500.0,Rs./Quintal,Local
Tiruppur (South) (Uzhavar Sandhai ),0.48,Metric Tonnes,Pusakesar,5000.0,6000.0,5500.0,Rs./Quintal,Local
Tiruthani(Uzhavar Sandhai ),0.06,Metric Tonnes,Pusakesar,6000.0,6000.0,6000.0,Rs./Quintal,Local
Tiruvannamalai(Uzhavar Sandhai ),0.28,Metric Tonnes,Pusakesar,5000.0,6000.0,5500.0,Rs./Quintal,Local
Tuticorin(Uzhavar Sandhai ),0.23,Metric Tonnes,Pusakesar,7500.0,8000.0,7750.0,Rs./Quintal,Local
Udhagamandalam(Uzhavar Sandhai ),0.4,Metric Tonnes,Pusakesar,3500.0,4000.0,3750.0,Rs./Quintal,Local
Udumalpet APMC,0.23,Metric Tonnes,Pusakesar,7000.0,7500.0,7250.0,Rs./Quintal,Local
Vadalur(Uzhavar Sandhai ),0.06,Metric Tonnes,Pusakesar,6000.0,6000.0,6000.0,Rs./Quintal,Local
Vadaseri APMC,0.16,Metric Tonnes,Pusakesar,6500.0,7000.0,6750.0,Rs./Quintal,Local
Vadavalli(Uzhavar Sandhai ),0.65,Metric Tonnes,Pusakesar,5000.0,5600.0,5300.0,Rs./Quintal,Local
Vandavasi(Uzhavar Sandhai ),0.03,Metric Tonnes,Pusakesar,4000.0,4800.0,4400.0,Rs./Quintal,Local
Vazhapadi(Uzhavar Sandhai),0.01,Metric Tonnes,Pusakesar,6500.0,7000.0,6750.0,Rs./Quintal,Local
Vellore APMC,0.28,Metric Tonnes,Pusakesar,3500.0,4000.0,3750.0,Rs./Quintal,Local
Villupuram(Uzhavar Sandhai ),0.03,Metric Tonnes,Pusakesar,7500.0,7500.0,7500.0,Rs./Quintal,Local
Virudhunagar(Uzhavar Sandhai ),0.02,Metric Tonnes,Pusakesar,6500.0,7000.0,6750.0,Rs./Quintal,Local
Viruthachalam(Uzhavar Sandhai ),0.03,Metric Tonnes,Pusakesar,8000.0,8000.0,8000.0,Rs./Quintal,Local
Total,32.93,Metric Tonnes,,,,5654.68,Rs./Quintal,
State/UT Name : Telangana
"Alwal,RBZ",1.2000000000000002,Metric Tonnes,Other,4500.0,4500.0,4500.0,Rs./Quintal,FAQ
Bowenpally APMC,638.3000000000001,Metric Tonnes,Carrot,1000.0,4000.0,3000.0,Rs./Quintal,FAQ
"Excise Colony,RBZ ",0.16,Metric Tonnes,Other,6000.0,6000.0,6000.0,Rs./Quintal,Grade A
Gudimalkapur APMC,18.0,Metric Tonnes,Carrot,1500.0,3500.0,2400.0,Rs./Quintal,Grade B
Karimnagar APMC,0.38,Metric Tonnes,Carrot,1500.0,1500.0,1500.0,Rs./Quintal,Medium
"Kukatpally,RBZ",5.9,Metric Tonnes,Carrot,4500.0,4500.0,4500.0,Rs./Quintal,Local
L B Nagar APMC,3.6,Metric Tonnes,Carrot,3000.0,4000.0,3500.0,Rs./Quintal,Medium
Mahboob Manison APMC,1.1,Metric Tonnes,Carrot,4000.0,6000.0,5000.0,Rs./Quintal,Medium
Miryalguda(Rythu Bazar) ,0.2,Metric Tonnes,Carrot,5000.0,5000.0,5000.0,Rs./Quintal,Grade A
RYTHU BAZAR ERRAGADDA,2.5,Metric Tonnes,Carrot,4500.0,4500.0,4500.0,Rs./Quintal,Grade A
RYTHU BAZAR MEHDIPATNAM,6.2,Metric Tonnes,Carrot,4500.0,4500.0,4500.0,Rs./Quintal,Grade A
Sangareddy APMC,0.3,Metric Tonnes,Other,3000.0,3000.0,3000.0,Rs./Quintal,Grade B
"Saroornagar,RBZ",2.9000000000000004,Metric Tonnes,Other,4500.0,4500.0,4500.0,Rs./Quintal,Medium
Shadnagar APMC,4.0,Metric Tonnes,Carrot,1600.0,2000.0,1800.0,Rs./Quintal,Local
Siddipet(Rythu Bazar) ,1.0,Metric Tonnes,Carrot,4000.0,5000.0,4400.0,Rs./Quintal,Grade A
"Vanasthalipuram,RBZ ",1.2,Metric Tonnes,Carrot,4500.0,4500.0,4500.0,Rs./Quintal,Grade A
Venkateswarnagar APMC,0.1,Metric Tonnes,Carrot,2000.0,2200.0,2100.0,Rs./Quintal,Grade A
Warangal APMC,3.5,Metric Tonnes,Carrot,3500.0,4000.0,3750.0,Rs./Quintal,FAQ
Total,690.54,Metric Tonnes,,,,3032.58,Rs./Quintal,
State/UT Name : Tripura
Biokhora,0.25,Metric Tonnes,Carrot,7400.0,7500.0,7450.0,Rs./Quintal,FAQ
Total,0.25,Metric Tonnes,,,,7450.0,Rs./Quintal,
State/UT Name : Uttar Pradesh
Hasanpur APMC,0.5,Metric Tonnes,Carrot,1850.0,2020.0,2000.0,Rs./Quintal,FAQ
Maigalganj APMC,0.4,Metric Tonnes,Carrot,1260.0,1300.0,1280.0,Rs./Quintal,FAQ
Total,0.9,Metric Tonnes,,,,1680.0,Rs./Quintal,
State/UT Name : Uttarakhand
Dehradoon APMC,1.4000000000000001,Metric Tonnes,Other,1900.0,2600.0,2500.0,Rs./Quintal,Grade B
Kashipur APMC,0.9,Metric Tonnes,Other,2400.0,2500.0,2450.0,Rs./Quintal,Local
Total,2.3,Metric Tonnes,,,,2480.43,Rs./Quintal,
State/UT Name : West Bengal
Gangarampur(Dakshin Dinajpur) APMC,0.1,Metric Tonnes,Other,3500.0,4000.0,3800.0,Rs./Quintal,FAQ
Ghatal APMC,2.1,Metric Tonnes,Carrot,3400.0,3600.0,3500.0,Rs./Quintal,FAQ
Jhargram APMC,0.37000000000000005,Metric Tonnes,Other,2800.0,3200.0,3000.0,Rs./Quintal,FAQ
Karsiyang(Matigara) APMC,0.2,Metric Tonnes,Other,3100.0,3300.0,3200.0,Rs./Quintal,FAQ
Sealdah Koley Market APMC,11.600000000000001,Metric Tonnes,Other,3500.0,4500.0,4000.0,Rs./Quintal,FAQ
Total,14.37,Metric Tonnes,,,,3888.66,Rs./Quintal,
Grand Total,2385.39,Metric Tonnes,,,,4926.14,Rs./Quintal,
Onion
State/UT Name : Andhra Pradesh
Kurnool APMC,118.2,Metric Tonnes,Local,2569.0,4340.0,4191.0,Rs./Quintal,FAQ
Yerraguntla APMC,0.1,Metric Tonnes,Local,2600.0,3000.0,2800.0,Rs./Quintal,FAQ
Total,118.3,Metric Tonnes,,,,4189.82,Rs./Quintal,
State/UT Name : Assam
Dhing APMC,20.0,Metric Tonnes,Onion,3300.0,3600.0,3400.0,Rs./Quintal,FAQ
Doomdumia APMC,14.0,Metric Tonnes,Onion,3300.0,3700.0,3500.0,Rs./Quintal,FAQ
Harbartganj Daily Market APMC,180.0,Metric Tonnes,Onion,4000.0,4700.0,4500.0,Rs./Quintal,FAQ
Pamohi(Garchuk) APMC,24.0,Metric Tonnes,Onion,5400.0,6000.0,5500.0,Rs./Quintal,FAQ
Pamohi(Garchuk) APMC,15.0,Metric Tonnes,Local,5200.0,5800.0,5300.0,Rs./Quintal,FAQ
Tinsukia Market,8.0,Metric Tonnes,Onion,4000.0,5000.0,4500.0,Rs./Quintal,FAQ
Total,261.0,Metric Tonnes,,,,4500.0,Rs./Quintal,
State/UT Name : Bihar
Balliah APMC,2.5,Metric Tonnes,1st Sort,4600.0,4800.0,4700.0,Rs./Quintal,Grade B
Balliah APMC,2.5,Metric Tonnes,1st Sort,4600.0,4800.0,4700.0,Rs./Quintal,Grade A
Balliah APMC,2.5,Metric Tonnes,1st Sort,4600.0,4800.0,4700.0,Rs./Quintal,Grade C
Benipatti APMC,5.0,Metric Tonnes,Bombay (U.P.),4700.0,5000.0,4700.0,Rs./Quintal,FAQ
Bhagwanpur Mandi APMC,6.5,Metric Tonnes,1st Sort,4100.0,4100.0,4100.0,Rs./Quintal,Grade B
Bhagwanpur Mandi APMC,6.0,Metric Tonnes,Medium,4100.0,4100.0,4100.0,Rs./Quintal,Grade A
Bhagwanpur Mandi APMC,4.3,Metric Tonnes,1st Sort,4200.0,4200.0,4200.0,Rs./Quintal,Grade A
Buxur APMC,2.0,Metric Tonnes,1st Sort,4352.0,4362.0,4359.0,Rs./Quintal,Local
Chhapra APMC,110.0,Metric Tonnes,Other,3800.0,4500.0,4200.0,Rs./Quintal,Grade A
Madhubani APMC,30.0,Metric Tonnes,Nasik,4500.0,4700.0,4600.0,Rs./Quintal,FAQ
Motihari APMC,50.0,Metric Tonnes,Other,4000.0,4200.0,4100.0,Rs./Quintal,Grade A
Triveniganj APMC,100.0,Metric Tonnes,1st Sort,4000.0,4000.0,4000.0,Rs./Quintal,Grade A
Total,321.3,Metric Tonnes,,,,4176.09,Rs./Quintal,
State/UT Name : Chandigarh
Chandigarh (Grain/F&V) APMC,165.88,Metric Tonnes,Onion,2500.0,4800.0,4500.0,Rs./Quintal,FAQ
Total,165.88,Metric Tonnes,,,,4500.0,Rs./Quintal,
State/UT Name : Chattisgarh
Durg APMC,6.9,Metric Tonnes,Onion,2600.0,2800.0,2800.0,Rs./Quintal,Medium
Raigarh APMC,60.0,Metric Tonnes,Local,4000.0,4500.0,4250.0,Rs./Quintal,Grade B
Tiphra APMC,68.0,Metric Tonnes,Local,2800.0,3000.0,2900.0,Rs./Quintal,Grade B
Total,134.9,Metric Tonnes,,,,3495.33,Rs./Quintal,
State/UT Name : Goa
Mapusa APMC,5.14,Metric Tonnes,Onion,2400.0,3000.0,2600.0,Rs./Quintal,FAQ
Total,5.14,Metric Tonnes,,,,2600.0,Rs./Quintal,
State/UT Name : Gujarat
Ahmedabad(Chimanbhai Patal Market Vasana) APMC,600.4,Metric Tonnes,Nasik,4000.0,5000.0,4800.0,Rs./Quintal,FAQ
Ahmedabad(Chimanbhai Patal Market Vasana) APMC,0.1,Metric Tonnes,Local,2500.0,4000.0,3750.0,Rs./Quintal,FAQ
Ahmedabad(Chimanbhai Patal Market Vasana) APMC,80.0,Metric Tonnes,Other,3500.0,4500.0,4300.0,Rs./Quintal,FAQ
"Anand(Veg,Yard,Anand) APMC",56.400000000000006,Metric Tonnes,Onion,3000.0,4000.0,3500.0,Rs./Quintal,Grade B
Ankleshwar APMC,15.0,Metric Tonnes,Onion,3000.0,4500.0,4000.0,Rs./Quintal,Grade A
Bharuch APMC,27.5,Metric Tonnes,Other,1500.0,3300.0,2000.0,Rs./Quintal,Local
Bilimora APMC,1.2000000000000002,Metric Tonnes,Nasik,3000.0,5000.0,4500.0,Rs./Quintal,FAQ
Dahod(Veg. Market) APMC,1.8,Metric Tonnes,Onion,3500.0,5000.0,4500.0,Rs./Quintal,Local
Kapadvanj APMC,10.0,Metric Tonnes,Onion,2500.0,4000.0,3250.0,Rs./Quintal,Medium
Khambhat(Veg Yard Khambhat) APMC,0.30000000000000004,Metric Tonnes,Other,4000.0,4500.0,4000.0,Rs./Quintal,Local
Mehsana(Mehsana Veg) APMC,12.8,Metric Tonnes,Onion,1500.0,4400.0,3000.0,Rs./Quintal,Local
Nadiyad(Piplag) APMC,14.200000000000001,Metric Tonnes,Onion,2200.0,2500.0,2300.0,Rs./Quintal,FAQ
Navsari APMC,17.1,Metric Tonnes,Onion,3000.0,5000.0,4000.0,Rs./Quintal,Grade A
Padra APMC,9.3,Metric Tonnes,Other,3000.0,4500.0,3750.0,Rs./Quintal,FAQ
Surat APMC,241.0,Metric Tonnes,Other,1800.0,5000.0,3400.0,Rs./Quintal,FAQ
Total,1087.1,Metric Tonnes,,,,4212.7,Rs./Quintal,
State/UT Name : Haryana
Ambala City(Subji Mandi) APMC,450.0,Metric Tonnes,Other,3000.0,3000.0,3000.0,Rs./Quintal,Non-FAQ
Ballabhgarh APMC,38.800000000000004,Metric Tonnes,Onion,2500.0,4000.0,3500.0,Rs./Quintal,FAQ
Barwala APMC,0.7000000000000001,Metric Tonnes,Onion,4000.0,4000.0,4000.0,Rs./Quintal,FAQ
Barwala(Hisar) APMC,1.0,Metric Tonnes,Onion,4000.0,4500.0,4250.0,Rs./Quintal,Local
Chhachrauli APMC,0.15,Metric Tonnes,Onion,3600.0,4500.0,3600.0,Rs./Quintal,Local
Dhand APMC,0.6000000000000001,Metric Tonnes,Other,3500.0,4500.0,4200.0,Rs./Quintal,Medium
Farukh Nagar APMC,1.7000000000000002,Metric Tonnes,Other,3500.0,4000.0,3800.0,Rs./Quintal,Medium
Ganaur APMC,2.0,Metric Tonnes,Onion,3500.0,4000.0,3800.0,Rs./Quintal,FAQ
Gharaunda APMC,2.0,Metric Tonnes,Other,3800.0,4200.0,4200.0,Rs./Quintal,Local
Gohana APMC,4.0,Metric Tonnes,Other,3000.0,4500.0,4000.0,Rs./Quintal,Medium
Gurgaon APMC,81.0,Metric Tonnes,Other,3500.0,4500.0,4000.0,Rs./Quintal,Grade B
Hansi APMC,5.0,Metric Tonnes,Other,4000.0,5000.0,4500.0,Rs./Quintal,FAQ
Hissar APMC,11.2,Metric Tonnes,Other,3800.0,4100.0,4000.0,Rs./Quintal,Medium
Indri APMC,0.6000000000000001,Metric Tonnes,Other,3800.0,3800.0,3800.0,Rs./Quintal,FAQ
Jagadhri APMC,5.45,Metric Tonnes,Other,3600.0,4300.0,4000.0,Rs./Quintal,FAQ
Jakhal APMC,0.1,Metric Tonnes,Other,4500.0,4500.0,4500.0,Rs./Quintal,Non-FAQ
Kharkhoda APMC,2.6,Metric Tonnes,Other,3200.0,4000.0,3800.0,Rs./Quintal,FAQ
Kosli APMC,0.1,Metric Tonnes,Other,3000.0,3000.0,3000.0,Rs./Quintal,FAQ
Ladwa APMC,1.4000000000000001,Metric Tonnes,Other,5500.0,6000.0,6000.0,Rs./Quintal,Non-FAQ
Madlauda APMC,0.25,Metric Tonnes,Onion,2900.0,2900.0,2900.0,Rs./Quintal,FAQ
Meham,0.2,Metric Tonnes,Medium,4000.0,4500.0,4200.0,Rs./Quintal,Medium
Mohindergarh APMC,1.2000000000000002,Metric Tonnes,Onion,2500.0,2500.0,2500.0,Rs./Quintal,Medium
Mustafabad APMC,0.15000000000000002,Metric Tonnes,Other,4000.0,4200.0,4200.0,Rs./Quintal,FAQ
Naraingarh APMC,2.104,Metric Tonnes,Onion,2200.0,4867.0,3600.0,Rs./Quintal,Medium
Narnaul APMC,2.2,Metric Tonnes,Onion,3500.0,4000.0,3800.0,Rs./Quintal,Medium
Narwana APMC,4.800000000000001,Metric Tonnes,Onion,3000.0,4500.0,4000.0,Rs./Quintal,Non-FAQ
"New Grain Market , Faridabad APMC",65.60000000000001,Metric Tonnes,Onion,2500.0,4000.0,3250.0,Rs./Quintal,Non-FAQ
"New Grain Market , Panchkula APMC",0.1,Metric Tonnes,Other,3500.0,3700.0,3600.0,Rs./Quintal,Grade A
Panchkul(Kalka) APMC,0.1,Metric Tonnes,Other,3600.0,3800.0,3700.0,Rs./Quintal,Grade A
Panipat APMC,32.0,Metric Tonnes,Onion,1000.0,4000.0,2500.0,Rs./Quintal,Local
Pataudi APMC,1.9,Metric Tonnes,Onion,4000.0,4500.0,4200.0,Rs./Quintal,Grade B
Punhana APMC,1.6,Metric Tonnes,Other,3500.0,4000.0,3800.0,Rs./Quintal,Medium
Radaur APMC,0.8,Metric Tonnes,Nasik,4200.0,5000.0,4500.0,Rs./Quintal,Medium
Raipur Rani APMC,0.25,Metric Tonnes,Onion,1900.0,2000.0,1900.0,Rs./Quintal,Local
Rania(Jiwan nagar) APMC,0.1,Metric Tonnes,Other,250.0,400.0,350.0,Rs./Quintal,Non-FAQ
Rewari APMC,4.3,Metric Tonnes,Medium,2500.0,5000.0,3500.0,Rs./Quintal,Medium
Rohtak APMC,3.0,Metric Tonnes,Other,1500.0,3500.0,2000.0,Rs./Quintal,Medium
Sadhaura APMC,3.0,Metric Tonnes,Onion,2500.0,2700.0,2600.0,Rs./Quintal,Local
Safidon APMC,11.5,Metric Tonnes,Other,3000.0,3000.0,3000.0,Rs./Quintal,Medium
Samalkha APMC,6.0,Metric Tonnes,Other,4000.0,4000.0,4000.0,Rs./Quintal,FAQ
Shahabad APMC,7.3,Metric Tonnes,Onion,3500.0,4405.0,4225.0,Rs./Quintal,Medium
Sirsa APMC,17.7,Metric Tonnes,Other,2200.0,4400.0,4000.0,Rs./Quintal,FAQ
Siwan APMC,1.4000000000000001,Metric Tonnes,Other,3300.0,3500.0,3400.0,Rs./Quintal,FAQ
Sohna APMC,2.5,Metric Tonnes,Onion,3000.0,3200.0,3200.0,Rs./Quintal,Local
Sonepat APMC,10.0,Metric Tonnes,Onion,4000.0,5000.0,5000.0,Rs./Quintal,FAQ
Tarori APMC,1.0,Metric Tonnes,Nasik,3000.0,4000.0,3500.0,Rs./Quintal,Medium
Thanesar APMC,23.1,Metric Tonnes,Onion,4000.0,5000.0,4500.0,Rs./Quintal,Medium
Uklana APMC,0.2,Metric Tonnes,Onion,3000.0,3000.0,3000.0,Rs./Quintal,Medium
Total,812.75,Metric Tonnes,,,,3298.68,Rs./Quintal,
State/UT Name : Himachal Pradesh
PMY Bilaspur,23.0,Metric Tonnes,Nasik,4300.0,4800.0,4500.0,Rs./Quintal,Grade B
PMY Hamirpur,1.8,Metric Tonnes,Other,4600.0,4800.0,4700.0,Rs./Quintal,Grade B
PMY Kangra,1.7000000000000002,Metric Tonnes,Onion,5200.0,5500.0,5300.0,Rs./Quintal,FAQ
PMY Kather Solan,4.7,Metric Tonnes,Other,4500.0,4800.0,4500.0,Rs./Quintal,Medium
PMY Kullu,1.5,Metric Tonnes,Other,5000.0,5200.0,5100.0,Rs./Quintal,FAQ
PMY Una,4.2299999999999995,Metric Tonnes,Onion,4500.0,5000.0,4750.0,Rs./Quintal,FAQ
SMY Baijnath,0.4,Metric Tonnes,Onion,4800.0,5000.0,4900.0,Rs./Quintal,Grade B
SMY Bhuntar,1.5,Metric Tonnes,Other,4800.0,5800.0,5300.0,Rs./Quintal,FAQ
SMY Dhanotu,1.4000000000000001,Metric Tonnes,Onion,4000.0,4500.0,4250.0,Rs./Quintal,FAQ
SMY Jaisinghpur,0.1,Metric Tonnes,Other,5400.0,5600.0,5500.0,Rs./Quintal,FAQ
SMY Jogindernagar,0.1,Metric Tonnes,Local,5000.0,5400.0,5200.0,Rs./Quintal,Grade B
SMY Nadaun,2.2,Metric Tonnes,Other,3800.0,4000.0,3900.0,Rs./Quintal,Grade B
SMY Nagrota Bagwan,0.8,Metric Tonnes,Onion,5200.0,5400.0,5300.0,Rs./Quintal,FAQ
SMY Nalagarh,0.2,Metric Tonnes,Other,4000.0,4500.0,4300.0,Rs./Quintal,Medium
SMY Palampur,2.0,Metric Tonnes,Onion,5300.0,5400.0,5350.0,Rs./Quintal,FAQ
SMY Santoshgarh,1.0,Metric Tonnes,Onion,4400.0,5000.0,4700.0,Rs./Quintal,FAQ
SMY Takoli,0.2,Metric Tonnes,Other,4000.0,4500.0,4300.0,Rs./Quintal,Medium
Total,46.83,Metric Tonnes,,,,4628.07,Rs./Quintal,
State/UT Name : Jammu and Kashmir
Fruit and Vegetable Market Udhampur,6.0,Metric Tonnes,Other,5250.0,5250.0,5250.0,Rs./Quintal,Grade B
Kathua (F&V),25.0,Metric Tonnes,Nasik,4000.0,4500.0,4250.0,Rs./Quintal,FAQ
Parimpore Srinagar (F&V),171.0,Metric Tonnes,Nasik,5500.0,6600.0,6000.0,Rs./Quintal,Grade A
Total,202.0,Metric Tonnes,,,,5761.14,Rs./Quintal,
State/UT Name : Karnataka
APMC Hubballi,135.0,Metric Tonnes,Local,2400.0,3800.0,3100.0,Rs./Quintal,Local
APMC Hubballi,142.0,Metric Tonnes,Puna,2800.0,4300.0,3500.0,Rs./Quintal,Local
Bangarpet APMC,0.4,Metric Tonnes,Onion,3000.0,4000.0,3500.0,Rs./Quintal,Local
Bengaluru APMC,1549.3000000000002,Metric Tonnes,Puna,4000.0,5400.0,4500.0,Rs./Quintal,Local
Bengaluru APMC,258.2,Metric Tonnes,Onion,4000.0,5000.0,4200.0,Rs./Quintal,Large
Bengaluru APMC,258.2,Metric Tonnes,Bangalore-Samall,2000.0,3000.0,2500.0,Rs./Quintal,Small
Bengaluru APMC,516.5,Metric Tonnes,Local,3000.0,4000.0,3500.0,Rs./Quintal,Medium
Chikkamagaluru APMC,0.7000000000000001,Metric Tonnes,Other,4800.0,4800.0,4800.0,Rs./Quintal,Local
Davangere APMC,95.0,Metric Tonnes,Onion,4300.0,5100.0,4800.0,Rs./Quintal,Local
Doddaballapur APMC,2.9000000000000004,Metric Tonnes,Onion,3500.0,4500.0,4000.0,Rs./Quintal,Medium
Gauribidanur APMC,0.5,Metric Tonnes,Onion,3500.0,4500.0,4000.0,Rs./Quintal,Local
Hassan APMC,25.1,Metric Tonnes,Other,3000.0,3010.0,3010.0,Rs./Quintal,Local
Hoskote APMC,5.0,Metric Tonnes,Onion,2000.0,2100.0,2050.0,Rs./Quintal,Medium
Hunsur APMC,4.0,Metric Tonnes,Bombay (U.P.),4165.0,4165.0,4165.0,Rs./Quintal,Local
Kadur APMC,1.1,Metric Tonnes,Onion,2775.0,3330.0,2775.0,Rs./Quintal,Medium
Shimoga APMC,5.0,Metric Tonnes,Onion,5000.0,6000.0,5500.0,Rs./Quintal,Local
T. Narasipura APMC,1.0,Metric Tonnes,Onion,4000.0,5000.0,5000.0,Rs./Quintal,Small
Udupi APMC,10.600000000000001,Metric Tonnes,Onion,4400.0,4500.0,4500.0,Rs./Quintal,Local
Vijayapura APMC,99.80000000000001,Metric Tonnes,Onion,1000.0,4500.0,2500.0,Rs./Quintal,Local
Total,3110.3,Metric Tonnes,,,,3965.73,Rs./Quintal,
State/UT Name : Keralam
Aluva Market,25.0,Metric Tonnes,Big,5300.0,6000.0,5700.0,Rs./Quintal,FAQ
Anchal Market,0.4,Metric Tonnes,Big,3200.0,3200.0,3200.0,Rs./Quintal,Local
Anchal Market,0.45,Metric Tonnes,Small,4800.0,4800.0,4800.0,Rs./Quintal,Local
Angamaly Market,1.0,Metric Tonnes,Big,5600.0,6400.0,6000.0,Rs./Quintal,FAQ
Aralamoodu Market,3.0,Metric Tonnes,Big,5000.0,5500.0,5500.0,Rs./Quintal,FAQ
Aralamoodu Market,2.0,Metric Tonnes,Onion,8000.0,8000.0,8000.0,Rs./Quintal,FAQ
Aroor Market,0.2,Metric Tonnes,Big,5500.0,5700.0,5600.0,Rs./Quintal,FAQ
Aroor Market,0.2,Metric Tonnes,Small,8000.0,8200.0,8100.0,Rs./Quintal,FAQ
Athirampuzha Market,0.8,Metric Tonnes,Small,7800.0,8000.0,7900.0,Rs./Quintal,FAQ
Athirampuzha Market,2.0,Metric Tonnes,Big,5800.0,6000.0,5900.0,Rs./Quintal,FAQ
Balarampuram Market,3.0,Metric Tonnes,1st Sort,6000.0,6000.0,6000.0,Rs./Quintal,FAQ
Chala Market,18.0,Metric Tonnes,Big,5800.0,6000.0,5800.0,Rs./Quintal,FAQ
Chala Market,4.0,Metric Tonnes,Onion,9500.0,10000.0,9500.0,Rs./Quintal,Small
Chathanoor Market,0.4,Metric Tonnes,Other,3300.0,3700.0,3500.0,Rs./Quintal,FAQ
Chavakkad Market,0.2,Metric Tonnes,Big,5400.0,6000.0,6000.0,Rs./Quintal,FAQ
Chelakkara Market,0.2,Metric Tonnes,Big,5800.0,6000.0,5900.0,Rs./Quintal,FAQ
Chengannur Market,0.5,Metric Tonnes,Onion,5300.0,5600.0,5400.0,Rs./Quintal,FAQ
Chengannur Market,0.5,Metric Tonnes,Small,7800.0,8100.0,8000.0,Rs./Quintal,FAQ
Cherthala Market,0.3,Metric Tonnes,Onion,3500.0,3900.0,3700.0,Rs./Quintal,FAQ
Ettumanoor Market,2.0,Metric Tonnes,Big,4800.0,5200.0,5000.0,Rs./Quintal,FAQ
Ettumanoor Market,2.0,Metric Tonnes,Onion,7000.0,7400.0,7200.0,Rs./Quintal,FAQ
Irinjalakkuda Market,0.1,Metric Tonnes,Big,4500.0,4600.0,4600.0,Rs./Quintal,FAQ
Kallachi Market,0.1,Metric Tonnes,Big,5300.0,5700.0,5500.0,Rs./Quintal,FAQ
Kanjangadu Market,1.0,Metric Tonnes,Big,5400.0,6000.0,5600.0,Rs./Quintal,FAQ
Kanjirappally Market,0.5,Metric Tonnes,Big,5000.0,5500.0,5200.0,Rs./Quintal,FAQ
Kannur Market,18.0,Metric Tonnes,Onion,5600.0,5800.0,5700.0,Rs./Quintal,Grade A
Kayamkulam Market,5.0,Metric Tonnes,Big,5000.0,5200.0,5100.0,Rs./Quintal,FAQ
Kayamkulam Market,3.0,Metric Tonnes,Small,6900.0,7100.0,7000.0,Rs./Quintal,FAQ
Kodungalloor Market,50.0,Metric Tonnes,Big,5200.0,5200.0,5200.0,Rs./Quintal,Grade A
Koduvayoor Market,80.0,Metric Tonnes,Big,5200.0,5600.0,5400.0,Rs./Quintal,Medium
Koduvayoor Market,80.0,Metric Tonnes,Small,8300.0,8700.0,8500.0,Rs./Quintal,Medium
Kollengode Market,80.0,Metric Tonnes,Big,3600.0,4000.0,3800.0,Rs./Quintal,FAQ
Kollengode Market,80.0,Metric Tonnes,Small,5600.0,6000.0,5800.0,Rs./Quintal,FAQ
Kondotty Market,0.25,Metric Tonnes,Small,7400.0,7600.0,7500.0,Rs./Quintal,FAQ
Kondotty Market,0.25,Metric Tonnes,Other,2900.0,3500.0,3000.0,Rs./Quintal,FAQ
Kothamangalam Market,2.0,Metric Tonnes,Big,5400.0,6000.0,5800.0,Rs./Quintal,FAQ
Kottarakkara Market,0.01,Metric Tonnes,Other,3000.0,3000.0,3000.0,Rs./Quintal,Local
Madhavapuram Market,1.1,Metric Tonnes,Small,6700.0,7100.0,6900.0,Rs./Quintal,FAQ
Madhavapuram Market,1.0,Metric Tonnes,Big,3300.0,3700.0,3500.0,Rs./Quintal,FAQ
Manjeri Market,8.0,Metric Tonnes,Other,4950.0,5050.0,5000.0,Rs./Quintal,Local
Mukkom Market,0.6,Metric Tonnes,Onion,4800.0,5200.0,5000.0,Rs./Quintal,FAQ
Neeleswaram Market,1.0,Metric Tonnes,Big,5400.0,5800.0,5600.0,Rs./Quintal,FAQ
North Paravur Market,1.0,Metric Tonnes,1st Sort,7200.0,8000.0,7800.0,Rs./Quintal,Small
Pala Market,6.0,Metric Tonnes,Big,5300.0,6000.0,5600.0,Rs./Quintal,FAQ
Pala Market,2.0,Metric Tonnes,Onion,8400.0,9000.0,8800.0,Rs./Quintal,Grade A
Palakkad Market,3.0,Metric Tonnes,Small,9000.0,10000.0,9600.0,Rs./Quintal,FAQ
Palakkad Market,10.0,Metric Tonnes,Big,6000.0,7000.0,6600.0,Rs./Quintal,FAQ
Parappanangadi Market,10.0,Metric Tonnes,Other,5200.0,5400.0,5300.0,Rs./Quintal,FAQ
Parappanangadi Market,0.8,Metric Tonnes,Small,7800.0,8000.0,7900.0,Rs./Quintal,Grade A
Parassala Market,0.3,Metric Tonnes,Onion,5800.0,6200.0,6000.0,Rs./Quintal,Local
Pattambi Market,1.0,Metric Tonnes,Big,5400.0,5600.0,5500.0,Rs./Quintal,FAQ
Pattambi Market,0.8,Metric Tonnes,Onion,8000.0,8500.0,8200.0,Rs./Quintal,FAQ
Perambra Market,0.9,Metric Tonnes,Other,5000.0,5400.0,5200.0,Rs./Quintal,FAQ
Perumbavoor Market,8.0,Metric Tonnes,Onion,4500.0,5500.0,5000.0,Rs./Quintal,Medium
Piravam Market,5.0,Metric Tonnes,Onion,3000.0,5000.0,4000.0,Rs./Quintal,Local
Punalur Market,0.001,Metric Tonnes,Onion,4300.0,4900.0,4600.0,Rs./Quintal,Medium
Quilandy Market,1.4,Metric Tonnes,Other,5000.0,5200.0,5000.0,Rs./Quintal,FAQ
Taliparamba Market,0.04,Metric Tonnes,Onion,5400.0,5600.0,5500.0,Rs./Quintal,FAQ
Thalasserry Market,0.3,Metric Tonnes,1st Sort,4800.0,5800.0,5200.0,Rs./Quintal,FAQ
Thalayolaparambu Market,0.5,Metric Tonnes,Big,5400.0,5700.0,5500.0,Rs./Quintal,FAQ
Thalayolaparambu Market,0.5,Metric Tonnes,Onion,6800.0,7200.0,7000.0,Rs./Quintal,FAQ
Thamarassery Market,0.6,Metric Tonnes,Other,5500.0,5700.0,5700.0,Rs./Quintal,FAQ
Thrippunithura Market,1.0,Metric Tonnes,Big,6000.0,6200.0,6000.0,Rs./Quintal,Medium
Thrissur Market,12.0,Metric Tonnes,Onion,5800.0,6800.0,5800.0,Rs./Quintal,FAQ
Vamanapuram Market,0.14,Metric Tonnes,Big,3500.0,4000.0,3500.0,Rs./Quintal,FAQ
Vandiperiyar Market,0.05,Metric Tonnes,Big,4500.0,4800.0,4800.0,Rs./Quintal,Grade Range-1
Wadakkanchery Market,0.64,Metric Tonnes,Big,5800.0,6300.0,6000.0,Rs./Quintal,FAQ
vadakarapathy Market,0.6,Metric Tonnes,Big,3000.0,4000.0,3500.0,Rs./Quintal,FAQ
vadakarapathy Market,0.3,Metric Tonnes,Small,5000.0,6000.0,5500.0,Rs./Quintal,FAQ
Total,544.93,Metric Tonnes,,,,5813.54,Rs./Quintal,
State/UT Name : Madhya Pradesh
A lot APMC,2.6500000000000004,Metric Tonnes,Onion,800.0,3580.0,3580.0,Rs./Quintal,FAQ
Agar(F&V) APMC,4.0,Metric Tonnes,Bellary,5600.0,5600.0,5600.0,Rs./Quintal,Local
Akodiya APMC,12.600000000000001,Metric Tonnes,Onion,1700.0,4100.0,1900.0,Rs./Quintal,FAQ
Akodiya APMC,799.0210000000001,Metric Tonnes,Big,500.0,4656.0,4000.0,Rs./Quintal,FAQ
Akodiya(F&V) APMC,760.0,Metric Tonnes,Big,1000.0,4551.0,3000.0,Rs./Quintal,Grade B
Ashta APMC,23.693,Metric Tonnes,Onion,1021.0,4390.0,4000.0,Rs./Quintal,FAQ
Badnagar APMC,9.852,Metric Tonnes,Local,1230.0,4301.0,4301.0,Rs./Quintal,FAQ
Badnagar APMC,83.5,Metric Tonnes,Onion,1400.0,4011.0,1600.0,Rs./Quintal,FAQ
Badnagar APMC,23.55,Metric Tonnes,Local,1800.0,4300.0,4300.0,Rs./Quintal,Non-FAQ
Badnagar APMC,46.421,Metric Tonnes,Onion,800.0,1315.0,1315.0,Rs./Quintal,Non-FAQ
Badnawar APMC,1074.862,Metric Tonnes,Onion,500.0,4000.0,1000.0,Rs./Quintal,FAQ
Badnawar APMC,84.63,Metric Tonnes,Medium,600.0,750.0,750.0,Rs./Quintal,FAQ
Badnawar APMC,15.594000000000001,Metric Tonnes,Local,1611.0,2651.0,2651.0,Rs./Quintal,Non-FAQ
Badnawar APMC,56.422000000000004,Metric Tonnes,Onion-Organic,1000.0,3000.0,3000.0,Rs./Quintal,FAQ
Badnawar APMC,560.572,Metric Tonnes,Onion,500.0,3800.0,1600.0,Rs./Quintal,Non-FAQ
Badnawar(F&V) APMC,1778.9,Metric Tonnes,Onion,1000.0,1000.0,1000.0,Rs./Quintal,Local
Badwaha (F&V) APMC,0.2,Metric Tonnes,1st Sort,2900.0,3800.0,3200.0,Rs./Quintal,Grade A
Badwani(F&V) APMC,0.624,Metric Tonnes,Onion,1800.0,1800.0,1800.0,Rs./Quintal,Local
Bareli(F&V) APMC,1.6,Metric Tonnes,Local,2350.0,2350.0,2350.0,Rs./Quintal,Grade A
Betul(F&V) APMC,7.8,Metric Tonnes,Onion,2400.0,3600.0,3100.0,Rs./Quintal,FAQ
Bhopal APMC,2.2,Metric Tonnes,Small No. II,3500.0,3500.0,3500.0,Rs./Quintal,FAQ
Bhopal APMC,175.99800000000002,Metric Tonnes,Onion,500.0,4600.0,4000.0,Rs./Quintal,FAQ
Bhopal APMC,1.2000000000000002,Metric Tonnes,Red,3800.0,3800.0,3800.0,Rs./Quintal,FAQ
Bhopal APMC,12.145000000000001,Metric Tonnes,Local,2830.0,3900.0,3900.0,Rs./Quintal,FAQ
Chhindwara(F&V) APMC,6.6000000000000005,Metric Tonnes,Red,2800.0,3500.0,2900.0,Rs./Quintal,Local
Dewas(F&V) APMC,2.2,Metric Tonnes,Other,800.0,4200.0,1600.0,Rs./Quintal,FAQ
Gadarwada (F&V) APMC,1.4,Metric Tonnes,Other,4500.0,4500.0,4500.0,Rs./Quintal,Local
Gautampura APMC,79.13,Metric Tonnes,Onion,500.0,2800.0,1400.0,Rs./Quintal,Non-FAQ
Gautampura APMC,406.567,Metric Tonnes,Onion,800.0,4100.0,1800.0,Rs./Quintal,FAQ
Gautampura(F&V) APMC,196.2,Metric Tonnes,Onion,500.0,4100.0,2100.0,Rs./Quintal,FAQ
Guna(F&V) APMC,1.0,Metric Tonnes,Other,2800.0,3500.0,3000.0,Rs./Quintal,Grade B
Ichhawar APMC,16.088,Metric Tonnes,Onion,2305.0,3800.0,3800.0,Rs./Quintal,FAQ
Indore APMC,952.2700000000001,Metric Tonnes,Other,2547.0,4689.0,4013.0,Rs./Quintal,FAQ
Indore APMC,1342.2120000000002,Metric Tonnes,Onion,395.0,4191.0,3492.0,Rs./Quintal,Non-FAQ
Indore APMC,2253.405,Metric Tonnes,Onion,1416.0,4295.0,3676.0,Rs./Quintal,FAQ
Itarsi(F&V) APMC,1.35,Metric Tonnes,Onion,2600.0,2900.0,2800.0,Rs./Quintal,FAQ
Jaora APMC,82.106,Metric Tonnes,Onion,802.0,4400.0,3001.0,Rs./Quintal,FAQ
Kailaras APMC,1.4000000000000001,Metric Tonnes,Other,2000.0,4000.0,4000.0,Rs./Quintal,FAQ
Kalapipal APMC,102.027,Metric Tonnes,Onion,295.0,4252.0,3650.0,Rs./Quintal,FAQ
Kalapipal(F&V) APMC,101.69,Metric Tonnes,Onion,295.0,4252.0,3650.0,Rs./Quintal,FAQ
Karera(F&V) APMC,0.09,Metric Tonnes,Onion,2300.0,3000.0,2600.0,Rs./Quintal,Local
Khandwa APMC,109.0,Metric Tonnes,Local,1500.0,4250.0,3350.0,Rs./Quintal,FAQ
Kukshi(F&V) APMC,1.0,Metric Tonnes,Onion,1500.0,3200.0,2308.0,Rs./Quintal,Grade A
Manawar(F&V) APMC,1.0,Metric Tonnes,Onion,2800.0,3500.0,2900.0,Rs./Quintal,Grade B
Mandsaur APMC,193.02100000000002,Metric Tonnes,Onion,1101.0,4418.0,3700.0,Rs./Quintal,Non-FAQ
Narmadapuram (F&V) APMC,4.3,Metric Tonnes,Onion,1930.0,3750.0,2080.0,Rs./Quintal,FAQ
Narsinghgarh APMC,317.13200000000006,Metric Tonnes,Onion,100.0,4500.0,1600.0,Rs./Quintal,FAQ
Neemuch APMC,43.150000000000006,Metric Tonnes,Red,911.0,4560.0,4500.0,Rs./Quintal,FAQ
Petlawad APMC,0.028000000000000004,Metric Tonnes,Small - I,1505.0,1505.0,1505.0,Rs./Quintal,Non-FAQ
Petlawad APMC,0.10300000000000001,Metric Tonnes,Bellary,3960.0,3960.0,3960.0,Rs./Quintal,FAQ
Petlawad APMC,0.341,Metric Tonnes,Red,2100.0,4100.0,4100.0,Rs./Quintal,FAQ
Petlawad(F&V) APMC,0.682,Metric Tonnes,Other,1505.0,4100.0,2916.0,Rs./Quintal,Grade A
Ratlam APMC,1838.6040000000003,Metric Tonnes,Onion,800.0,4581.0,3800.0,Rs./Quintal,FAQ
Rehli(F&V) APMC,0.5,Metric Tonnes,Onion,1500.0,1700.0,1600.0,Rs./Quintal,Grade C
Sailana APMC,162.857,Metric Tonnes,Onion,501.0,4203.0,3800.0,Rs./Quintal,FAQ
Sailana(F&V) APMC,99.30000000000001,Metric Tonnes,Local,1002.0,8406.0,6400.0,Rs./Quintal,Local
Sanawad(F&V) APMC,0.3,Metric Tonnes,Onion,3500.0,4000.0,3800.0,Rs./Quintal,Medium
Sanwer(F&V) APMC,0.08000000000000002,Metric Tonnes,Onion,1500.0,3500.0,2500.0,Rs./Quintal,FAQ
Sehore APMC,83.88300000000001,Metric Tonnes,Onion,500.0,4564.0,3850.0,Rs./Quintal,FAQ
Sendhwa(F&V) APMC,0.6000000000000001,Metric Tonnes,Red,900.0,1100.0,1000.0,Rs./Quintal,Medium
Seoni(F&V) APMC,2.85,Metric Tonnes,Medium,2486.0,2486.0,2486.0,Rs./Quintal,Grade C
Shajapur APMC,163.059,Metric Tonnes,Onion,2106.0,4240.69,3366.99,Rs./Quintal,FAQ
Shajapur APMC,1617.605,Metric Tonnes,Medium,268.27,4263.0,3597.0,Rs./Quintal,FAQ
Shajapur APMC,227.197,Metric Tonnes,Medium,750.12,1625.0,1612.29,Rs./Quintal,Non-FAQ
Shajapur(F&V) APMC,1431.4,Metric Tonnes,Onion,200.0,4200.0,2600.0,Rs./Quintal,Grade A
Shamgarh APMC,9.596,Metric Tonnes,Onion,2161.0,4126.0,3500.0,Rs./Quintal,FAQ
Shamgarh APMC,3.115,Metric Tonnes,Onion,1500.0,4100.0,2300.0,Rs./Quintal,Non-FAQ
Shivpuri APMC,60.800000000000004,Metric Tonnes,Onion,550.0,3850.0,800.0,Rs./Quintal,FAQ
Shujalpur APMC,516.98,Metric Tonnes,Red,100.0,4511.0,3800.0,Rs./Quintal,FAQ
Shujalpur(F&V) APMC,384.5,Metric Tonnes,Onion,1000.0,4601.0,3200.0,Rs./Quintal,FAQ
Soyatkalan APMC,141.895,Metric Tonnes,Onion,100.0,4511.0,4000.0,Rs./Quintal,FAQ
Soyatkalan APMC,1.2970000000000002,Metric Tonnes,Onion,500.0,2000.0,2000.0,Rs./Quintal,Non-FAQ
Thandla APMC,1.07,Metric Tonnes,Onion,900.0,1300.0,1100.0,Rs./Quintal,FAQ
Ujjain APMC,331.92100000000005,Metric Tonnes,Onion,300.0,4351.0,3200.0,Rs./Quintal,Non-FAQ
Ujjain APMC,302.752,Metric Tonnes,Onion,502.89,4352.6,1500.0,Rs./Quintal,FAQ
Total,19135.69,Metric Tonnes,,,,2932.87,Rs./Quintal,
State/UT Name : Maharashtra
APMC Ahilyanagar ,3839.3,Metric Tonnes,Unhali,1000.0,5200.0,3100.0,Rs./Quintal,Local
APMC Akola ,28.2,Metric Tonnes,Other,2000.0,4700.0,3500.0,Rs./Quintal,Local
APMC Akole ,126.2,Metric Tonnes,Unhali,1000.0,5701.0,4901.0,Rs./Quintal,Local
APMC Bhusaval ,0.1,Metric Tonnes,Unhali,3500.0,3500.0,3500.0,Rs./Quintal,Local
APMC Chandwad ,458.7,Metric Tonnes,Unhali,910.0,4950.0,4370.0,Rs./Quintal,Local
APMC Chattrapati Sambhajinagar ,525.3,Metric Tonnes,Other,1700.0,4750.0,3225.0,Rs./Quintal,Local
APMC Devala ,526.0,Metric Tonnes,Unhali,1000.0,5000.0,4430.0,Rs./Quintal,Local
APMC Dharashiv ,3.6,Metric Tonnes,Red,1200.0,5000.0,3100.0,Rs./Quintal,Local
APMC Dhule ,63.4,Metric Tonnes,Red,1800.0,5000.0,2800.0,Rs./Quintal,Local
APMC Dindori ,10.7,Metric Tonnes,Unhali,4101.0,5411.0,4801.0,Rs./Quintal,Local
APMC Gangapur ,335.0,Metric Tonnes,Unhali,1260.0,5150.0,3655.0,Rs./Quintal,Local
APMC Hingna,0.9,Metric Tonnes,Red,2600.0,5000.0,4033.0,Rs./Quintal,Local
APMC Indapur ,5.7,Metric Tonnes,Red,1900.0,5200.0,2000.0,Rs./Quintal,Local
APMC Jalgaon ,33.9,Metric Tonnes,Red,1387.0,4500.0,2875.0,Rs./Quintal,Local
APMC Jamkhed ,3.6,Metric Tonnes,Local,1500.0,4300.0,2900.0,Rs./Quintal,Local
APMC Junnar ,732.4,Metric Tonnes,Chinchwad,2000.0,5510.0,4400.0,Rs./Quintal,Local
APMC Kalvan ,1200.0,Metric Tonnes,Unhali,2000.0,5500.0,4501.0,Rs./Quintal,Local
APMC Kalyan ,0.3,Metric Tonnes,1st Sort,3700.0,4000.0,3850.0,Rs./Quintal,Local
APMC Kamthi ,0.3,Metric Tonnes,Local,4000.0,4500.0,4350.0,Rs./Quintal,Local
APMC Karad ,4.8,Metric Tonnes,Halva,3000.0,3500.0,3500.0,Rs./Quintal,Local
APMC Karjat ,0.4,Metric Tonnes,Local,2000.0,2000.0,2000.0,Rs./Quintal,Local
APMC Khed ,2.9,Metric Tonnes,Fursungi,2000.0,4500.0,3500.0,Rs./Quintal,Local
APMC Kolhapur ,413.3,Metric Tonnes,Other,1200.0,5200.0,3000.0,Rs./Quintal,Local
APMC Kopargaon ,730.0,Metric Tonnes,Unhali,1000.0,4900.0,4275.0,Rs./Quintal,Local
APMC Lasalgaon ,729.8,Metric Tonnes,Unhali,1200.0,4930.0,4525.0,Rs./Quintal,Local
APMC Lasur Station ,950.0,Metric Tonnes,Other,1055.0,4800.0,3200.0,Rs./Quintal,Local
APMC Lonand ,49.0,Metric Tonnes,Unhali,2000.0,4500.0,3400.0,Rs./Quintal,Local
APMC Malkapur ,5.7,Metric Tonnes,Local,1600.0,4150.0,3200.0,Rs./Quintal,Local
APMC Manchar ,1539.2,Metric Tonnes,Other,3800.0,6110.0,4980.0,Rs./Quintal,Local
APMC Mangal Wedha ,0.4,Metric Tonnes,Local,3500.0,4600.0,4200.0,Rs./Quintal,Local
APMC Manmad ,248.1,Metric Tonnes,Unhali,2000.0,4701.0,4450.0,Rs./Quintal,Local
APMC Nagpur ,182.0,Metric Tonnes,White,4500.0,5000.0,4875.0,Rs./Quintal,Local
APMC Nampur,600.5,Metric Tonnes,Unhali,505.0,4780.0,4300.0,Rs./Quintal,Local
APMC Nandgaon ,542.4,Metric Tonnes,Unhali,1000.0,5001.0,4350.0,Rs./Quintal,Local
APMC Nasik ,243.3,Metric Tonnes,Unhali,2100.0,4700.0,4100.0,Rs./Quintal,Local
APMC Newasa ,108.2,Metric Tonnes,Unhali,1500.0,4900.0,4000.0,Rs./Quintal,Local
APMC Paithan ,50.0,Metric Tonnes,Unhali,2005.0,4700.0,4100.0,Rs./Quintal,Local
APMC Pimpalgaon Baswant ,1361.5,Metric Tonnes,Unhali,2000.0,5501.0,4650.0,Rs./Quintal,Local
APMC Pune ,1070.6,Metric Tonnes,Local,1000.0,4800.0,2900.0,Rs./Quintal,Local
APMC Ramtek ,0.8,Metric Tonnes,Unhali,3000.0,4000.0,3500.0,Rs./Quintal,Local
APMC Sakri ,596.0,Metric Tonnes,Unhali,3800.0,4710.0,4400.0,Rs./Quintal,Local
APMC Sangamner ,286.0,Metric Tonnes,Unhali,1500.0,5200.0,3350.0,Rs./Quintal,Local
APMC Satana ,805.0,Metric Tonnes,Unhali,1000.0,5480.0,4420.0,Rs./Quintal,Local
APMC Satara ,34.7,Metric Tonnes,Other,2000.0,4500.0,3250.0,Rs./Quintal,Local
APMC Shevgaon ,146.0,Metric Tonnes,2nd Sort,3100.0,4400.0,3800.0,Rs./Quintal,Local
APMC Shevgaon ,104.0,Metric Tonnes,Other,1800.0,3000.0,2700.0,Rs./Quintal,Local
APMC Shevgaon ,106.0,Metric Tonnes,1st Sort,4500.0,6000.0,5000.0,Rs./Quintal,Local
APMC Sinner ,54.5,Metric Tonnes,Unhali,1500.0,4713.0,4500.0,Rs./Quintal,Local
APMC Solapur ,1458.7,Metric Tonnes,Red,500.0,6400.0,3400.0,Rs./Quintal,Local
APMC Umrane,1150.0,Metric Tonnes,Unhali,1500.0,5350.0,4500.0,Rs./Quintal,Local
APMC Vadgaonpeth ,25.0,Metric Tonnes,Local,2800.0,3500.0,3000.0,Rs./Quintal,Local
APMC Vaduj ,5.0,Metric Tonnes,Local,4000.0,5500.0,5000.0,Rs./Quintal,Local
APMC Vaijpur ,457.0,Metric Tonnes,Unhali,1000.0,4710.0,4000.0,Rs./Quintal,Local
APMC Vita ,5.0,Metric Tonnes,Other,3500.0,5000.0,4500.0,Rs./Quintal,Local
APMC Yeola ,403.4,Metric Tonnes,Unhali,990.0,4726.0,4200.0,Rs./Quintal,Local
Chandrapur(Ganjwad) ,22.0,Metric Tonnes,Other,4500.0,5500.0,5000.0,Rs./Quintal,Local
Dindori(Vani) ,283.8,Metric Tonnes,Unhali,4101.0,5411.0,4801.0,Rs./Quintal,Local
Junnar(Otur) ,1338.4,Metric Tonnes,Chinchwad,1500.0,5250.0,4200.0,Rs./Quintal,Local
Khed(Chakan) ,22.5,Metric Tonnes,Other,2300.0,4500.0,3500.0,Rs./Quintal,Local
Lasalgaon(Niphad) ,388.5,Metric Tonnes,Unhali,1301.0,4850.0,4500.0,Rs./Quintal,Local
Lasalgaon(Vinchur) ,556.8,Metric Tonnes,Unhali,1300.0,5101.0,4500.0,Rs./Quintal,Local
"Laxmi-Sopan Agriculture Produce Marketing Co Ltd, Barshi, Dist Solapur",3.3,Metric Tonnes,Other,700.0,4500.0,3800.0,Rs./Quintal,Local
"Malharshree Khajgi Krushi Utpann Bajar, Chandanpuri Tal Malegaon, Nashik",27.8,Metric Tonnes,Other,2023.0,4551.0,3631.0,Rs./Quintal,Local
Mumbai-Onion & Potato Market ,888.0,Metric Tonnes,Other,3300.0,4500.0,3900.0,Rs./Quintal,Local
Pimpalgaon Baswant(Saykheda) ,119.4,Metric Tonnes,Unhali,1500.0,5114.0,4350.0,Rs./Quintal,Local
"Pratap Nana Mahale Khajgi Krushi Uttpana Bazar, Samati-Dhule",135.81,Metric Tonnes,Other,1090.0,4700.0,3815.17,Rs./Quintal,Local
Pune(Khadiki) ,0.7,Metric Tonnes,Local,1000.0,1600.0,1300.0,Rs./Quintal,Local
Pune(Manjri) ,10.0,Metric Tonnes,Local,2500.0,4500.0,3500.0,Rs./Quintal,Local
Pune(Moshi) ,83.6,Metric Tonnes,Local,2000.0,4500.0,3250.0,Rs./Quintal,Local
Pune(Pimpri) ,4.9,Metric Tonnes,Local,2500.0,4200.0,3350.0,Rs./Quintal,Local
Rahuri(Vambori) ,434.8,Metric Tonnes,Unhali,500.0,5100.0,4000.0,Rs./Quintal,Local
"Sangli(Phale, Bhajipala Market) ",1356.0,Metric Tonnes,Local,1800.0,5500.0,3650.0,Rs./Quintal,Local
Shivsiddha Govind Producer Company Ltd Sanchalit Khajgi Krushi Utpann Bajar Samati-Abhona-Kalwan,896.05,Metric Tonnes,Other,500.0,5555.0,4550.0,Rs./Quintal,Local
"Shri Rameshwar Krushi Market, M.Nagar, Tal Deola, Dist Nashik",650.51,Metric Tonnes,Other,1000.0,5601.0,4133.81,Rs./Quintal,Local
Total,29585.67,Metric Tonnes,,,,3985.44,Rs./Quintal,
State/UT Name : Manipur
Bishenpur APMC,1.6,Metric Tonnes,Onion,6500.0,7000.0,6750.0,Rs./Quintal,FAQ
Imphal APMC,4.4,Metric Tonnes,Other,5300.0,6000.0,5700.0,Rs./Quintal,FAQ
Kakching Market APMC,0.7,Metric Tonnes,Red,6000.0,6500.0,6250.0,Rs./Quintal,FAQ
Lamlong Bazaar APMC,1.8,Metric Tonnes,Onion,5500.0,6000.0,5750.0,Rs./Quintal,FAQ
Thoubal APMC,1.6,Metric Tonnes,Other,6500.0,7000.0,6750.0,Rs./Quintal,FAQ
Total,10.1,Metric Tonnes,,,,6079.7,Rs./Quintal,
State/UT Name : Meghalaya
Jowai APMC,1.0,Metric Tonnes,Local,5500.0,6000.0,5750.0,Rs./Quintal,Local
Total,1.0,Metric Tonnes,,,,5750.0,Rs./Quintal,
State/UT Name : NCT of Delhi
APMC Azadpur,1034.6,Metric Tonnes,Onion,2250.0,4750.0,3563.0,Rs./Quintal,FAQ
APMC Keshopur,110.4,Metric Tonnes,Onion,2800.0,4900.0,4400.0,Rs./Quintal,FAQ
"Fruit&Vegetable Market,Gazipur APMC",310.4,Metric Tonnes,Onion,4200.0,4600.0,4400.0,Rs./Quintal,FAQ
Total,1455.4,Metric Tonnes,,,,3805.0,Rs./Quintal,
State/UT Name : Odisha
Angul APMC,5.45,Metric Tonnes,Other,3500.0,3500.0,3500.0,Rs./Quintal,Grade B
Balugaon APMC,2.0,Metric Tonnes,Bangalore-Samall,2200.0,2200.0,2200.0,Rs./Quintal,Grade A
Bargarh(Barapalli) APMC,111.0,Metric Tonnes,Onion,2500.0,3500.0,3000.0,Rs./Quintal,Medium
Birmaharajpur APMC,1.5,Metric Tonnes,Onion,4300.0,4800.0,4500.0,Rs./Quintal,Local
Bolangir APMC,4.0,Metric Tonnes,Other,4600.0,5500.0,5000.0,Rs./Quintal,Medium
Boudh APMC,2.0,Metric Tonnes,Other,4500.0,6000.0,5500.0,Rs./Quintal,Local
Chandabali APMC,26.0,Metric Tonnes,Other,4000.0,4550.0,4260.0,Rs./Quintal,Grade Range-2
Dungurapalli APMC,0.4,Metric Tonnes,Other,5000.0,5000.0,5000.0,Rs./Quintal,Local
Hindol APMC,1.1,Metric Tonnes,Other,4500.0,5000.0,4800.0,Rs./Quintal,Grade B
Jharsuguda APMC,0.8,Metric Tonnes,Other,4000.0,5000.0,4000.0,Rs./Quintal,Grade A
Kamakhyanagar APMC,1.0,Metric Tonnes,Onion,10000.0,10000.0,10000.0,Rs./Quintal,Grade A
Khariar APMC,0.5,Metric Tonnes,Dry F.A.Q.,5000.0,5000.0,5000.0,Rs./Quintal,Grade A
Khunthabandha APMC,2.0,Metric Tonnes,Other,4000.0,5000.0,4500.0,Rs./Quintal,Local
Pandkital APMC,0.30000000000000004,Metric Tonnes,Other,5000.0,5000.0,5000.0,Rs./Quintal,Local
Rairakhol APMC,1.0,Metric Tonnes,Onion,4000.0,4800.0,4500.0,Rs./Quintal,Grade C
Sargipali APMC,2.2,Metric Tonnes,Other,4400.0,5000.0,4500.0,Rs./Quintal,FAQ
Talcher APMC,0.9,Metric Tonnes,Other,3800.0,4500.0,4000.0,Rs./Quintal,Grade Range-3
Tusura APMC,3.0,Metric Tonnes,Other,4600.0,5500.0,5000.0,Rs./Quintal,Medium
Udala APMC,1.5,Metric Tonnes,Onion,4500.0,5500.0,5000.0,Rs./Quintal,FAQ
Total,166.65,Metric Tonnes,,,,3474.14,Rs./Quintal,
State/UT Name : Punjab
Adampur APMC,1.6,Metric Tonnes,Onion,4000.0,4500.0,4500.0,Rs./Quintal,FAQ
Baghapurana APMC,0.8,Metric Tonnes,Onion,4000.0,4800.0,4500.0,Rs./Quintal,Grade B
Balachaur APMC,2.891,Metric Tonnes,Other,3000.0,4000.0,3500.0,Rs./Quintal,Medium
Bassi Pathana APMC,1.5,Metric Tonnes,Onion,3700.0,4000.0,3800.0,Rs./Quintal,Medium
Bathinda APMC,280.0,Metric Tonnes,Other,4000.0,4600.0,4200.0,Rs./Quintal,Grade B
Bhagta Bhai Ka APMC,0.3,Metric Tonnes,Other,4800.0,4800.0,4800.0,Rs./Quintal,Medium
Bhawanigarh APMC,0.5,Metric Tonnes,Other,3500.0,3700.0,3600.0,Rs./Quintal,Medium
Bhucho APMC,0.3,Metric Tonnes,Onion,3600.0,3600.0,3600.0,Rs./Quintal,Local
Dasuya APMC,2.0,Metric Tonnes,Onion,5000.0,5000.0,5000.0,Rs./Quintal,FAQ
Dharamkot APMC,0.44,Metric Tonnes,Other,4500.0,4500.0,4500.0,Rs./Quintal,Grade A
Dhuri APMC,0.9,Metric Tonnes,Other,4200.0,4500.0,4300.0,Rs./Quintal,Medium
Dinanagar APMC,1.65,Metric Tonnes,Other,4700.0,4900.0,4800.0,Rs./Quintal,Medium
Doraha APMC,1.586,Metric Tonnes,Medium,3500.0,4000.0,3800.0,Rs./Quintal,Local
Dudhansadhan APMC,0.3,Metric Tonnes,Other,5000.0,5000.0,5000.0,Rs./Quintal,Grade B
F.G.Churian APMC,0.35,Metric Tonnes,Onion,5200.0,5200.0,5200.0,Rs./Quintal,Grade A
Fazilka APMC,6.354,Metric Tonnes,Onion,4800.0,4800.0,4800.0,Rs./Quintal,FAQ
Garh Shankar APMC,4.9,Metric Tonnes,Onion,3800.0,3800.0,3800.0,Rs./Quintal,FAQ
Garh Shankar(Mahalpur) APMC,7.4,Metric Tonnes,Onion,3800.0,3800.0,3800.0,Rs./Quintal,FAQ
GarhShankar (Kotfatuhi) APMC,0.5,Metric Tonnes,Other,4000.0,4000.0,4000.0,Rs./Quintal,FAQ
Ghanaur APMC,0.2,Metric Tonnes,Other,3000.0,4000.0,3500.0,Rs./Quintal,FAQ
Giddarbaha APMC,1.6,Metric Tonnes,Onion,4600.0,4600.0,4600.0,Rs./Quintal,FAQ
Gurdaspur APMC,11.0,Metric Tonnes,Other,3500.0,3500.0,3500.0,Rs./Quintal,Grade A
Jagraon APMC,4.0,Metric Tonnes,Other,2100.0,2100.0,2100.0,Rs./Quintal,FAQ
Jalalabad APMC,3.4000000000000004,Metric Tonnes,Other,4500.0,4800.0,4600.0,Rs./Quintal,Medium
Jalandhar City(Jalandhar) APMC,80.10000000000001,Metric Tonnes,Other,1200.0,3800.0,2300.0,Rs./Quintal,FAQ
Kapurthala APMC,10.0,Metric Tonnes,Onion,2100.0,2300.0,2200.0,Rs./Quintal,Medium
Khanna APMC,30.0,Metric Tonnes,Onion,3000.0,3000.0,3000.0,Rs./Quintal,Grade A
Kharar APMC,9.200000000000001,Metric Tonnes,Other,4000.0,4800.0,4500.0,Rs./Quintal,Non-FAQ
Kurali APMC,3.0,Metric Tonnes,Other,3500.0,3700.0,3600.0,Rs./Quintal,Medium
Lalru APMC,3.4,Metric Tonnes,Other,4200.0,4200.0,4200.0,Rs./Quintal,Local
Machhiwara APMC,9.04,Metric Tonnes,Other,4000.0,4500.0,4200.0,Rs./Quintal,FAQ
Malerkotla APMC,22.0,Metric Tonnes,Other,2700.0,3800.0,3500.0,Rs./Quintal,Local
Malout APMC,2.051,Metric Tonnes,Onion,4200.0,4200.0,4200.0,Rs./Quintal,Grade A
Mamdot APMC,1.5,Metric Tonnes,Other,2700.0,2700.0,2700.0,Rs./Quintal,Local
Mansa APMC,10.0,Metric Tonnes,Nasik,4900.0,4900.0,4900.0,Rs./Quintal,FAQ
Maur APMC,0.5,Metric Tonnes,Other,4000.0,4500.0,4300.0,Rs./Quintal,Grade B
Mukerian APMC,2.9850000000000003,Metric Tonnes,Onion,3500.0,4200.0,3800.0,Rs./Quintal,Grade B
Mukerian(Talwara) APMC,0.7000000000000001,Metric Tonnes,Onion,3500.0,4500.0,4000.0,Rs./Quintal,FAQ
Muktsar APMC,13.0,Metric Tonnes,Onion,2500.0,4500.0,3500.0,Rs./Quintal,Medium
Nabha APMC,20.3,Metric Tonnes,Other,3500.0,4600.0,4100.0,Rs./Quintal,Grade C
Nawan Shahar(Subzi Mandi) APMC,4.5,Metric Tonnes,Onion,3800.0,4000.0,3900.0,Rs./Quintal,FAQ
Nihal Singh Wala APMC,0.45,Metric Tonnes,Onion,4800.0,4800.0,4800.0,Rs./Quintal,FAQ
Noor Mehal APMC,0.12,Metric Tonnes,Other,3200.0,3200.0,3200.0,Rs./Quintal,Local
Pathankot APMC,15.0,Metric Tonnes,Onion,3900.0,3900.0,3900.0,Rs./Quintal,Medium
Patiala APMC,49.5,Metric Tonnes,Onion,1900.0,3000.0,2500.0,Rs./Quintal,Grade A
Patran APMC,110.0,Metric Tonnes,Other,3260.0,3530.0,3395.0,Rs./Quintal,Grade A
Patti APMC,0.83,Metric Tonnes,Other,0.15,0.15,0.15,Rs./Quintal,Non-FAQ
Phagwara APMC,18.2,Metric Tonnes,Other,3240.0,4730.0,4187.0,Rs./Quintal,FAQ
Phillaur(Apra Mandi) APMC,0.2,Metric Tonnes,Other,5000.0,5000.0,5000.0,Rs./Quintal,FAQ
Quadian APMC,1.5,Metric Tonnes,Other,3300.0,3500.0,3400.0,Rs./Quintal,Grade A
Raikot APMC,3.0,Metric Tonnes,Nasik,3695.0,3695.0,3695.0,Rs./Quintal,Grade A
Rajpura APMC,4.2,Metric Tonnes,Local,3250.0,3600.0,3300.0,Rs./Quintal,Grade A
Rajpura APMC,7.7,Metric Tonnes,Local,2500.0,2750.0,2600.0,Rs./Quintal,Grade B
Raman APMC,0.4,Metric Tonnes,Other,4335.0,4515.0,4415.0,Rs./Quintal,Medium
Rampuraphul(Nabha Mandi) APMC,4.0,Metric Tonnes,Other,3000.0,4000.0,3500.0,Rs./Quintal,Grade A
Rayya APMC,0.048,Metric Tonnes,Other,1413.0,1413.0,1413.0,Rs./Quintal,FAQ
Ropar APMC,95.0,Metric Tonnes,Nasik,4000.0,4500.0,4200.0,Rs./Quintal,Non-FAQ
Sahnewal APMC,0.1,Metric Tonnes,Onion,4400.0,4400.0,4400.0,Rs./Quintal,FAQ
Samana APMC,70.0,Metric Tonnes,Other,3000.0,5300.0,3600.0,Rs./Quintal,Grade Range-2
Samrala APMC,1.5,Metric Tonnes,Other,4000.0,5000.0,4700.0,Rs./Quintal,Local
Sangrur APMC,11.200000000000001,Metric Tonnes,Nasik,2000.0,3000.0,2500.0,Rs./Quintal,Grade B
Sirhind APMC,6.800000000000001,Metric Tonnes,Other,3500.0,4400.0,4000.0,Rs./Quintal,FAQ
Sunam APMC,2.5,Metric Tonnes,Onion,4500.0,4500.0,4500.0,Rs./Quintal,Grade A
Talwandi Sabo APMC,0.30000000000000004,Metric Tonnes,Other,4200.0,4800.0,4500.0,Rs./Quintal,Grade A
Tanda Urmur APMC,3.3000000000000003,Metric Tonnes,Nasik,4800.0,5500.0,5000.0,Rs./Quintal,Grade A
Tarantaran APMC,0.5,Metric Tonnes,Other,2500.0,2500.0,2500.0,Rs./Quintal,Local
Zira APMC,0.554,Metric Tonnes,Other,4600.0,4600.0,4600.0,Rs./Quintal,Local
Total,963.65,Metric Tonnes,,,,3673.27,Rs./Quintal,
State/UT Name : Rajasthan
Ajmer(F&V) APMC,68.4,Metric Tonnes,Other,2000.0,5000.0,3600.0,Rs./Quintal,Medium
Bassi APMC,0.4,Metric Tonnes,Other,3800.0,4200.0,4000.0,Rs./Quintal,Local
Bayana APMC,1.0,Metric Tonnes,Onion,2500.0,2500.0,2500.0,Rs./Quintal,Local
Bhadara APMC,0.6,Metric Tonnes,1st Sort,3800.0,4500.0,4267.0,Rs./Quintal,FAQ
Bhilwara APMC,7.0,Metric Tonnes,Other,2500.0,4500.0,3500.0,Rs./Quintal,FAQ
Churu APMC,1.5,Metric Tonnes,1st Sort,2500.0,2900.0,2700.0,Rs./Quintal,FAQ
Dablirathan APMC,0.22000000000000003,Metric Tonnes,1st Sort,2600.0,2800.0,2700.0,Rs./Quintal,Local
Goluwala APMC,0.18100000000000002,Metric Tonnes,1st Sort,3500.0,3800.0,3800.0,Rs./Quintal,Non-FAQ
HanumangarhTown APMC,80.5,Metric Tonnes,1st Sort,2500.0,2500.0,2500.0,Rs./Quintal,Non-FAQ
Jaipur (F&V) APMC,528.9,Metric Tonnes,Other,2250.0,5000.0,3625.0,Rs./Quintal,FAQ
Jaisalmer APMC,1.4000000000000001,Metric Tonnes,Onion,3000.0,4000.0,3500.0,Rs./Quintal,Grade A
Jhunjhunu APMC,0.2,Metric Tonnes,Local,2000.0,2000.0,2000.0,Rs./Quintal,FAQ
Jodhpur (F&V) APMC,163.5,Metric Tonnes,Medium,1500.0,4000.0,2750.0,Rs./Quintal,Medium
Kota (F&V) APMC,74.2,Metric Tonnes,Other,3600.0,3600.0,3600.0,Rs./Quintal,Medium
Nawalgarh APMC,0.4,Metric Tonnes,Red,2260.0,2260.0,2260.0,Rs./Quintal,Local
Pratapgarh APMC,45.2,Metric Tonnes,Other,2110.0,4530.0,3890.0,Rs./Quintal,FAQ
Rajsamand APMC,7.1000000000000005,Metric Tonnes,Onion,2000.0,3000.0,2500.0,Rs./Quintal,FAQ
Rawatsar APMC,0.6000000000000001,Metric Tonnes,1st Sort,1200.0,1800.0,1500.0,Rs./Quintal,FAQ
Sangriya APMC,0.5,Metric Tonnes,Onion,2400.0,3800.0,3100.0,Rs./Quintal,Local
Sikar APMC,90.80000000000001,Metric Tonnes,Onion,1900.0,3600.0,2750.0,Rs./Quintal,FAQ
Sriganganagar (F&V) APMC,16.0,Metric Tonnes,Onion,4100.0,4500.0,4300.0,Rs./Quintal,Grade A
Sujangarh APMC,0.9,Metric Tonnes,Other,900.0,1100.0,1000.0,Rs./Quintal,Local
Udaipur (F&V) APMC,21.400000000000002,Metric Tonnes,Other,1500.0,4500.0,3000.0,Rs./Quintal,Medium
Total,1110.9,Metric Tonnes,,,,3334.07,Rs./Quintal,
State/UT Name : Tamil Nadu
AJattihalli(Uzhavar Sandhai ),0.58,Metric Tonnes,Bellary,5000.0,5800.0,5400.0,Rs./Quintal,Local
Alangudi(Uzhavar Sandhai ),0.12,Metric Tonnes,Bellary,6000.0,7000.0,6500.0,Rs./Quintal,Local
Ambattur(Uzhavar Sandhai ),0.03,Metric Tonnes,Bellary,5000.0,5000.0,5000.0,Rs./Quintal,Local
Ammapet(Uzhavar Sandhai ),0.28,Metric Tonnes,Bellary,5500.0,6000.0,5750.0,Rs./Quintal,Local
Anaiyur(Uzhavar Sandhai ),0.6,Metric Tonnes,Bellary,6000.0,6500.0,6250.0,Rs./Quintal,Local
Andipatti(Uzhavar Sandhai ),0.72,Metric Tonnes,Bellary,5600.0,5800.0,5700.0,Rs./Quintal,Local
Anna nagar(Uzhavar Sandhai ),1.62,Metric Tonnes,Bellary,6000.0,6400.0,6200.0,Rs./Quintal,Local
Arani(Uzhavar Sandhai ),1.05,Metric Tonnes,Bellary,5000.0,6000.0,5500.0,Rs./Quintal,Local
Aranthangi(Uzhavar Sandhai ),0.12,Metric Tonnes,Bellary,6000.0,7000.0,6500.0,Rs./Quintal,Local
Arcot(Uzhavar Sandhai ),0.73,Metric Tonnes,Bellary,5000.0,5600.0,5300.0,Rs./Quintal,Local
Ariyalur(Uzhavar Sandhai),0.14,Metric Tonnes,Bellary,4500.0,5000.0,4750.0,Rs./Quintal,Local
Aruppukottai(Uzhavar Sandhai ),0.64,Metric Tonnes,Bellary,5000.0,6000.0,5500.0,Rs./Quintal,Local
Athur(Uzhavar Sandhai ),0.88,Metric Tonnes,Bellary,5500.0,6000.0,5750.0,Rs./Quintal,Local
Avallapalli(Uzhavar Sandhai ),0.3,Metric Tonnes,Bellary,5500.0,6000.0,5750.0,Rs./Quintal,Local
Bodinayakanur(Uzhavar Sandhai ),0.24,Metric Tonnes,Bellary,6000.0,6000.0,6000.0,Rs./Quintal,Local
Chengalpet(Uzhavar Sandhai ),0.52,Metric Tonnes,Bellary,5000.0,6000.0,5500.0,Rs./Quintal,Local
Chengam(Uzhavar Sandhai ),0.25,Metric Tonnes,Bellary,4000.0,5000.0,4500.0,Rs./Quintal,Local
Cheyyar(Uzhavar Sandhai ),0.1,Metric Tonnes,Bellary,4800.0,6000.0,5400.0,Rs./Quintal,Local
Chidambaram(Uzhavar Sandhai ),0.03,Metric Tonnes,Bellary,5000.0,5000.0,5000.0,Rs./Quintal,Local
Chinnalapatti(Uzhavar Sandhai ),0.57,Metric Tonnes,Bellary,5000.0,6000.0,5500.0,Rs./Quintal,Local
Chinnamanur(Uzhavar Sandhai ),1.12,Metric Tonnes,Bellary,6000.0,6000.0,6000.0,Rs./Quintal,Local
Chokkikulam(Uzhavar Sandhai ),1.45,Metric Tonnes,Bellary,4000.0,6500.0,5250.0,Rs./Quintal,Local
Coonoor(Uzhavar Sandhai ),1.34,Metric Tonnes,Bellary,5500.0,6000.0,5750.0,Rs./Quintal,Local
Cuddalore(Uzhavar Sandhai ),0.45,Metric Tonnes,Bellary,5000.0,6000.0,5500.0,Rs./Quintal,Local
Denkanikottai(Uzhavar Sandhai ),0.29,Metric Tonnes,Bellary,5000.0,6000.0,5500.0,Rs./Quintal,Local
Devakottai (Uzhavar Sandhai ),0.22,Metric Tonnes,Bellary,6200.0,6800.0,6500.0,Rs./Quintal,Local
Devaram(Uzhavar Sandhai ),0.19,Metric Tonnes,Bellary,5500.0,5500.0,5500.0,Rs./Quintal,Local
Dharapuram(Uzhavar Sandhai ),1.1,Metric Tonnes,Bellary,5500.0,6000.0,5750.0,Rs./Quintal,Local
Dindigul(Uzhavar Sandhai ),1.1,Metric Tonnes,Bellary,5000.0,6000.0,5500.0,Rs./Quintal,Local
Edapadi (Uzhavar Sandhai ),0.4,Metric Tonnes,Bellary,6000.0,6500.0,6250.0,Rs./Quintal,Local
Elampillai(Uzhavar Sandhai ),0.56,Metric Tonnes,Bellary,6000.0,6500.0,6250.0,Rs./Quintal,Local
Gandarvakottai(Uzhavar Sandhai ),0.32,Metric Tonnes,Bellary,5500.0,6000.0,5750.0,Rs./Quintal,Local
Gandhigramam(Uzhavar Sandhai),0.29,Metric Tonnes,Bellary,5500.0,6000.0,5750.0,Rs./Quintal,Local
Gingee(Uzhavar Sandhai ),0.2,Metric Tonnes,Bellary,5000.0,6000.0,5500.0,Rs./Quintal,Local
Gobichettipalayam(Uzhavar Sandhai ),0.55,Metric Tonnes,Bellary,5500.0,6000.0,5750.0,Rs./Quintal,Local
Gudalur(Uzhavar Sandhai ),0.02,Metric Tonnes,Bellary,5800.0,6000.0,5900.0,Rs./Quintal,Local
Gudiyatham(Uzhavar Sandhai ),0.2,Metric Tonnes,Bellary,5600.0,5600.0,5600.0,Rs./Quintal,Local
Guduvancheri(Uzhavar Sandhai ),0.16,Metric Tonnes,Bellary,5000.0,6000.0,5500.0,Rs./Quintal,Local
Harur(Uzhavar Sandhai ),0.24,Metric Tonnes,Bellary,4500.0,5500.0,5000.0,Rs./Quintal,Local
Hasthampatti(Uzhavar Sandhai ),0.43,Metric Tonnes,Bellary,5600.0,6000.0,5800.0,Rs./Quintal,Local
Hosur(Uzhavar Sandhai ),2.15,Metric Tonnes,Bellary,5000.0,6000.0,5500.0,Rs./Quintal,Local
Jalagandapuram(Uzhavar Sandhai ),0.12,Metric Tonnes,Bellary,6000.0,6400.0,6200.0,Rs./Quintal,Local
Jameenrayapettai(Uzhavar Sandhai ),0.61,Metric Tonnes,Bellary,5000.0,6000.0,5500.0,Rs./Quintal,Local
Jeyankondam (Uzhavar Sandhai ),0.01,Metric Tonnes,Bellary,5000.0,5600.0,5300.0,Rs./Quintal,Local
KKNagar(Uzhavar Sandhai ),1.7,Metric Tonnes,Bellary,5000.0,6400.0,5700.0,Rs./Quintal,Local
Kahithapattarai(Uzhavar Sandhai ),0.9,Metric Tonnes,Bellary,6000.0,6000.0,6000.0,Rs./Quintal,Local
Kallakurichi(Uzhavar Sandhai ),0.21,Metric Tonnes,Bellary,6000.0,6000.0,6000.0,Rs./Quintal,Local
Kambam(Uzhavar Sandhai ),1.5,Metric Tonnes,Bellary,5200.0,5600.0,5400.0,Rs./Quintal,Local
Kancheepuram(Uzhavar Sandhai ),0.6,Metric Tonnes,Bellary,4800.0,5500.0,5150.0,Rs./Quintal,Local
Kangayam(Uzhavar Sandhai ),0.51,Metric Tonnes,Bellary,4500.0,5000.0,4750.0,Rs./Quintal,Local
Karaikudi(Uzhavar Sandhai ),0.33,Metric Tonnes,Bellary,5500.0,6500.0,6000.0,Rs./Quintal,Local
Karambakkudi(Uzhavar Sandhai ),0.12,Metric Tonnes,Bellary,5000.0,6000.0,5500.0,Rs./Quintal,Local
Karimangalam(Uzhavar Sandhai),0.16,Metric Tonnes,Bellary,5000.0,5500.0,5250.0,Rs./Quintal,Local
Kariyapatti(Uzhavar Sandhai ),0.25,Metric Tonnes,Bellary,5500.0,6000.0,5750.0,Rs./Quintal,Local
Karur(Uzhavar Sandhai ),0.35,Metric Tonnes,Bellary,5500.0,6000.0,5750.0,Rs./Quintal,Local
Katpadi (Uzhavar Sandhai ),1.0,Metric Tonnes,Bellary,5800.0,5800.0,5800.0,Rs./Quintal,Local
Kaveripattinam(Uzhavar Sandhai ),0.28,Metric Tonnes,Bellary,5000.0,5000.0,5000.0,Rs./Quintal,Local
Keelpennathur(Uzhavar Sandhai ),0.03,Metric Tonnes,Bellary,5500.0,6000.0,5750.0,Rs./Quintal,Local
Kodaikkanal(Uzhavar Sandhai),0.01,Metric Tonnes,Bellary,4000.0,5000.0,4500.0,Rs./Quintal,Local
Kovilpatti(Uzhavar Sandhai ),0.32,Metric Tonnes,Bellary,5500.0,6000.0,5750.0,Rs./Quintal,Local
Krishnagiri(Uzhavar Sandhai ),1.85,Metric Tonnes,Bellary,5000.0,5500.0,5250.0,Rs./Quintal,Local
Kulithalai(Uzhavar Sandhai ),0.66,Metric Tonnes,Bellary,5600.0,6000.0,5800.0,Rs./Quintal,Local
Kumarapalayam(Uzhavar Sandhai ),0.07,Metric Tonnes,Bellary,2800.0,3000.0,2900.0,Rs./Quintal,Local
Kumbakonam (Uzhavar Sandhai ),1.06,Metric Tonnes,Bellary,4800.0,7200.0,6000.0,Rs./Quintal,Local
Kundrathur(Uzhavar Sandhai ),0.85,Metric Tonnes,Bellary,4000.0,5000.0,4500.0,Rs./Quintal,Local
Kurichi(Uzhavar Sandhai ),0.08,Metric Tonnes,Bellary,5000.0,5500.0,5250.0,Rs./Quintal,Local
Lalgudi(Uzhavar Sandhai ),0.33,Metric Tonnes,Bellary,6000.0,6000.0,6000.0,Rs./Quintal,Local
Madhuranthagam(Uzhavar Sandhai ),0.08,Metric Tonnes,Bellary,6000.0,6000.0,6000.0,Rs./Quintal,Local
Manachanallur(Uzhavar Sandhai ),0.12,Metric Tonnes,Bellary,6000.0,6000.0,6000.0,Rs./Quintal,Local
Manapparai(Uzhavar Sandhai ),0.25,Metric Tonnes,Bellary,5500.0,5500.0,5500.0,Rs./Quintal,Local
Mannargudi I(Uzhavar Sandhai ),1.27,Metric Tonnes,Bellary,5600.0,7000.0,6300.0,Rs./Quintal,Local
Mannargudi II(Uzhavar Sandhai ),0.28,Metric Tonnes,Bellary,7000.0,7000.0,7000.0,Rs./Quintal,Local
Mayiladuthurai(Uzhavar Sandhai ),0.18,Metric Tonnes,Bellary,3500.0,4000.0,3750.0,Rs./Quintal,Local
Medavakkam(Uzhavar Sandhai ),0.2,Metric Tonnes,Bellary,6000.0,6000.0,6000.0,Rs./Quintal,Local
Melapalayam(Uzhavar Sandhai ),1.2,Metric Tonnes,Bellary,5000.0,6000.0,5500.0,Rs./Quintal,Local
Melur(Uzhavar Sandhai ),0.56,Metric Tonnes,Bellary,3000.0,4000.0,3500.0,Rs./Quintal,Local
Mettupalayam(Uzhavar Sandhai ),0.85,Metric Tonnes,Bellary,5500.0,6000.0,5750.0,Rs./Quintal,Local
Mettur(Uzhavar Sandhai ),0.45,Metric Tonnes,Bellary,6000.0,6500.0,6250.0,Rs./Quintal,Local
Mohanur(Uzhavar Sandhai ),0.41,Metric Tonnes,Bellary,5500.0,6000.0,5750.0,Rs./Quintal,Local
Musiri(Uzhavar Sandhai ),0.65,Metric Tonnes,Bellary,5000.0,6500.0,5750.0,Rs./Quintal,Local
Muthupettai(Uzhavar Sandhai ),0.07,Metric Tonnes,Bellary,5000.0,5000.0,5000.0,Rs./Quintal,Local
Myladi(Uzhavar Sandhai ),0.05,Metric Tonnes,Bellary,6000.0,6500.0,6250.0,Rs./Quintal,Local
NGO Colony(Uzhavar Sandhai ),0.29,Metric Tonnes,Bellary,5400.0,6000.0,5700.0,Rs./Quintal,Local
Nagapattinam(Uzhavar Sandhai ),0.25,Metric Tonnes,Bellary,3300.0,3800.0,3550.0,Rs./Quintal,Local
Namakkal(Uzhavar Sandhai ),1.2,Metric Tonnes,Bellary,5000.0,5600.0,5300.0,Rs./Quintal,Local
Nanganallur(Uzhavar Sandhai ),0.15,Metric Tonnes,Bellary,5500.0,6000.0,5750.0,Rs./Quintal,Local
Natrampalli(Uzhavar Sandhai ),0.56,Metric Tonnes,Bellary,5000.0,6000.0,5500.0,Rs./Quintal,Local
Needamangalam(Uzhavar Sandhai ),0.04,Metric Tonnes,Bellary,5400.0,5400.0,5400.0,Rs./Quintal,Local
Padappai(Uzhavar Sandhai ),0.7,Metric Tonnes,Bellary,4800.0,5500.0,5150.0,Rs./Quintal,Local
Palacode(Uzhavar Sandhai ),0.22,Metric Tonnes,Bellary,5500.0,5800.0,5650.0,Rs./Quintal,Local
Palanganatham(Uzhavar Sandhai ),0.9,Metric Tonnes,Bellary,4000.0,6500.0,5250.0,Rs./Quintal,Local
Palani(Uzhavar Sandhai ),0.88,Metric Tonnes,Bellary,5000.0,6000.0,5500.0,Rs./Quintal,Local
Palayamkottai(Uzhavar Sandhai ),2.3,Metric Tonnes,Bellary,5400.0,6000.0,5700.0,Rs./Quintal,Local
Pallavaram(Uzhavar Sandhai ),1.04,Metric Tonnes,Bellary,5000.0,6000.0,5500.0,Rs./Quintal,Local
Pallikonda(Uzhavar Sandhai),0.12,Metric Tonnes,Bellary,5000.0,5500.0,5250.0,Rs./Quintal,Local
Panruti(Uzhavar Sandhai ),0.08,Metric Tonnes,Bellary,5000.0,5000.0,5000.0,Rs./Quintal,Local
Papanasam(Uzhavar Sandhai ),0.2,Metric Tonnes,Bellary,4800.0,7200.0,6000.0,Rs./Quintal,Local
Paramakudi(Uzhavar Sandhai ),0.38,Metric Tonnes,Bellary,5800.0,6000.0,5900.0,Rs./Quintal,Local
Paramathivelur(Uzhavar Sandhai ),0.17,Metric Tonnes,Bellary,5400.0,6000.0,5700.0,Rs./Quintal,Local
Paruthipattu(Uzhavar Sandhai ),0.26,Metric Tonnes,Bellary,5000.0,5000.0,5000.0,Rs./Quintal,Local
Pattukottai(Uzhavar Sandhai ),0.7,Metric Tonnes,Bellary,4600.0,6000.0,5300.0,Rs./Quintal,Local
Pennagaram(Uzhavar Sandhai ),0.19,Metric Tonnes,Bellary,5500.0,5800.0,5650.0,Rs./Quintal,Local
Perambakkam(Uzhavar Sandhai ),0.02,Metric Tonnes,Bellary,5000.0,5000.0,5000.0,Rs./Quintal,Local
Perambalur(Uzhavar Sandhai ),0.6,Metric Tonnes,Bellary,6000.0,6500.0,6250.0,Rs./Quintal,Local
Perampet(Uzhavar Sandhai),0.05,Metric Tonnes,Bellary,4500.0,5000.0,4750.0,Rs./Quintal,Local
Peravurani(Uzhavar Sandhai),0.08,Metric Tonnes,Bellary,6000.0,6000.0,6000.0,Rs./Quintal,Local
Perundurai(Uzhavar Sandhai ),0.26,Metric Tonnes,Bellary,5500.0,6000.0,5750.0,Rs./Quintal,Local
Pollachi(Uzhavar Sandhai ),0.35,Metric Tonnes,Bellary,5000.0,6000.0,5500.0,Rs./Quintal,Local
Polur(Uzhavar Sandhai ),0.22,Metric Tonnes,Bellary,5000.0,6000.0,5500.0,Rs./Quintal,Local
Ponnamaravathi(Uzhavar Sandhai),0.14,Metric Tonnes,Bellary,5500.0,6000.0,5750.0,Rs./Quintal,Local
Pudukottai(Uzhavar Sandhai ),0.78,Metric Tonnes,Bellary,6000.0,7000.0,6500.0,Rs./Quintal,Local
RSPuram(Uzhavar Sandhai ),4.23,Metric Tonnes,Bellary,5200.0,5500.0,5350.0,Rs./Quintal,Local
Rajapalayam(Uzhavar Sandhai ),0.21,Metric Tonnes,Bellary,6000.0,6500.0,6250.0,Rs./Quintal,Local
Ramanathapuram(Uzhavar Sandhai ),0.1,Metric Tonnes,Bellary,6000.0,6500.0,6250.0,Rs./Quintal,Local
Ranipettai(Uzhavar Sandhai ),0.45,Metric Tonnes,Bellary,5500.0,5500.0,5500.0,Rs./Quintal,Local
Rasipuram(Uzhavar Sandhai ),0.68,Metric Tonnes,Bellary,5500.0,6000.0,5750.0,Rs./Quintal,Local
Sampath Nagar(Uzhavar Sandhai ),0.59,Metric Tonnes,Bellary,6000.0,6400.0,6200.0,Rs./Quintal,Local
Sankarankoil(Uzhavar Sandhai ),0.42,Metric Tonnes,Bellary,6000.0,6500.0,6250.0,Rs./Quintal,Local
Sankarapuram(Uzhavar Sandhai ),0.22,Metric Tonnes,Bellary,6000.0,6000.0,6000.0,Rs./Quintal,Local
Sathiyamagalam(Uzhavar Sandhai ),0.28,Metric Tonnes,Bellary,5400.0,5800.0,5600.0,Rs./Quintal,Local
Sathur(Uzhavar Sandhai ),0.06,Metric Tonnes,Bellary,3500.0,4000.0,3750.0,Rs./Quintal,Local
Singampunari(Uzhavar Sandhai ),0.14,Metric Tonnes,Bellary,4200.0,6000.0,5100.0,Rs./Quintal,Local
Singanallur(Uzhavar Sandhai ),1.16,Metric Tonnes,Bellary,5000.0,5500.0,5250.0,Rs./Quintal,Local
Sirkali(Uzhavar Sandhai ),0.34,Metric Tonnes,Bellary,4500.0,5000.0,4750.0,Rs./Quintal,Local
Sivagangai (Uzhavar Sandhai ),0.36,Metric Tonnes,Bellary,6200.0,6600.0,6400.0,Rs./Quintal,Local
Sivakasi(Uzhavar Sandhai ),0.06,Metric Tonnes,Bellary,5000.0,6000.0,5500.0,Rs./Quintal,Local
Sooramangalam(Uzhavar Sandhai ),0.55,Metric Tonnes,Bellary,5500.0,6000.0,5750.0,Rs./Quintal,Local
Srivilliputhur(Uzhavar Sandhai ),0.11,Metric Tonnes,Bellary,5000.0,6000.0,5500.0,Rs./Quintal,Local
Sulur(Uzhavar Sandhai ),0.23,Metric Tonnes,Bellary,5000.0,5500.0,5250.0,Rs./Quintal,Local
Sundarapuram(Uzhavar Sandhai ),0.85,Metric Tonnes,Bellary,5200.0,5800.0,5500.0,Rs./Quintal,Local
Sunguvarchatram(Uzhavar Sandhai ),0.8,Metric Tonnes,Bellary,4000.0,5000.0,4500.0,Rs./Quintal,Local
Tenkasi(Uzhavar Sandhai ),0.48,Metric Tonnes,Bellary,4000.0,5000.0,4500.0,Rs./Quintal,Local
Thalavadi(Uzhavar Sandhai ),0.23,Metric Tonnes,Bellary,5400.0,5800.0,5600.0,Rs./Quintal,Local
Thalavaipuram(Uzhavar Sandhai ),0.05,Metric Tonnes,Bellary,5500.0,6500.0,6000.0,Rs./Quintal,Local
Thammampatti (Uzhavar Sandhai ),0.46,Metric Tonnes,Bellary,5500.0,6200.0,5850.0,Rs./Quintal,Local
Thanjavur(Uzhavar Sandhai ),1.31,Metric Tonnes,Bellary,6000.0,6000.0,6000.0,Rs./Quintal,Local
Thathakapatti(Uzhavar Sandhai ),0.46,Metric Tonnes,Bellary,5000.0,6200.0,5600.0,Rs./Quintal,Local
Theni(Uzhavar Sandhai ),1.36,Metric Tonnes,Bellary,5800.0,5800.0,5800.0,Rs./Quintal,Local
Thirumangalam(Uzhavar Sandhai ),0.68,Metric Tonnes,Bellary,6000.0,6500.0,6250.0,Rs./Quintal,Local
Thirupathur APMC,0.9,Metric Tonnes,Bellary,5500.0,5500.0,5500.0,Rs./Quintal,Local
Thiruverumbur(Uzhavar Sandhai ),0.8,Metric Tonnes,Bellary,6000.0,6000.0,6000.0,Rs./Quintal,Local
Thuraiyur APMC,0.35,Metric Tonnes,Bellary,5000.0,6500.0,5750.0,Rs./Quintal,Local
Tindivanam APMC,0.92,Metric Tonnes,Bellary,5800.0,5800.0,5800.0,Rs./Quintal,Local
Tiruchengode APMC,0.23,Metric Tonnes,Bellary,5000.0,6000.0,5500.0,Rs./Quintal,Local
Tirukattupalli(Uzhavar Sandhai ),0.24,Metric Tonnes,Bellary,6000.0,6000.0,6000.0,Rs./Quintal,Local
Tirupatthur(Uzhavar Sandhai ),0.37,Metric Tonnes,Bellary,6500.0,7000.0,6750.0,Rs./Quintal,Local
Tiruppur (North) (Uzhavar Sandhai ),0.39,Metric Tonnes,Bellary,5000.0,5500.0,5250.0,Rs./Quintal,Local
Tiruppur (South) (Uzhavar Sandhai ),0.32,Metric Tonnes,Bellary,4000.0,5000.0,4500.0,Rs./Quintal,Local
Tiruthani(Uzhavar Sandhai ),1.0,Metric Tonnes,Bellary,5000.0,5000.0,5000.0,Rs./Quintal,Local
Tiruvallur(Uzhavar Sandhai ),0.24,Metric Tonnes,Bellary,5000.0,5000.0,5000.0,Rs./Quintal,Local
Tiruvannamalai(Uzhavar Sandhai ),1.05,Metric Tonnes,Bellary,5000.0,6000.0,5500.0,Rs./Quintal,Local
Tuticorin(Uzhavar Sandhai ),1.16,Metric Tonnes,Bellary,5000.0,5500.0,5250.0,Rs./Quintal,Local
Udhagamandalam(Uzhavar Sandhai ),2.4,Metric Tonnes,Bellary,5500.0,6000.0,5750.0,Rs./Quintal,Local
Udumalpet APMC,0.77,Metric Tonnes,Bellary,5000.0,6500.0,5750.0,Rs./Quintal,Local
Ulundurpettai APMC,0.48,Metric Tonnes,Bellary,6000.0,6000.0,6000.0,Rs./Quintal,Local
Usilampatti(Uzhavar Sandhai ),0.52,Metric Tonnes,Bellary,6000.0,6500.0,6250.0,Rs./Quintal,Local
Vadalur(Uzhavar Sandhai ),0.17,Metric Tonnes,Bellary,5000.0,6000.0,5500.0,Rs./Quintal,Local
Vadaseri APMC,0.37,Metric Tonnes,Bellary,6500.0,7000.0,6750.0,Rs./Quintal,Local
Vadavalli(Uzhavar Sandhai ),1.1,Metric Tonnes,Bellary,5200.0,5500.0,5350.0,Rs./Quintal,Local
Vandavasi(Uzhavar Sandhai ),0.04,Metric Tonnes,Bellary,5000.0,6000.0,5500.0,Rs./Quintal,Local
Vazhapadi(Uzhavar Sandhai),0.08,Metric Tonnes,Bellary,6000.0,6500.0,6250.0,Rs./Quintal,Local
Vedaranyam(Uzhavar Sandhai),0.06,Metric Tonnes,Bellary,3500.0,4000.0,3750.0,Rs./Quintal,Local
Vedasanthur(Uzhavar Sandhai ),0.01,Metric Tonnes,Bellary,5000.0,6000.0,5500.0,Rs./Quintal,Local
Vellore APMC,1.3,Metric Tonnes,Bellary,5600.0,5800.0,5700.0,Rs./Quintal,Local
Villupuram(Uzhavar Sandhai ),0.4,Metric Tonnes,Bellary,6000.0,6000.0,6000.0,Rs./Quintal,Local
Viralimalai(Uzhavar Sandhai ),0.1,Metric Tonnes,Bellary,6500.0,7000.0,6750.0,Rs./Quintal,Local
Virudhunagar(Uzhavar Sandhai ),0.08,Metric Tonnes,Bellary,5500.0,6000.0,5750.0,Rs./Quintal,Local
Viruthachalam(Uzhavar Sandhai ),0.16,Metric Tonnes,Bellary,5000.0,7000.0,6000.0,Rs./Quintal,Local
Total,88.84,Metric Tonnes,,,,5601.47,Rs./Quintal,
State/UT Name : Telangana
"Alwal,RBZ",0.2,Metric Tonnes,Onion,4000.0,4000.0,4000.0,Rs./Quintal,FAQ
Bowenpally APMC,44.1,Metric Tonnes,Onion,2000.0,4500.0,3600.0,Rs./Quintal,FAQ
"Excise Colony,RBZ ",0.2,Metric Tonnes,Other,5000.0,5000.0,5000.0,Rs./Quintal,Grade A
Gudimalkapur APMC,149.5,Metric Tonnes,Onion,1200.0,5000.0,2600.0,Rs./Quintal,Grade B
"Kukatpally,RBZ",5.2,Metric Tonnes,1st Sort,4000.0,4000.0,4000.0,Rs./Quintal,Local
L B Nagar APMC,9.0,Metric Tonnes,Onion,3000.0,5000.0,4000.0,Rs./Quintal,Medium
Mahboob Manison APMC,616.6,Metric Tonnes,Onion,2400.0,3700.0,3200.0,Rs./Quintal,Small
Mahboob Manison APMC,411.0,Metric Tonnes,Onion,4100.0,5000.0,4500.0,Rs./Quintal,Large
Miryalguda(Rythu Bazar) ,5.5,Metric Tonnes,Red,5500.0,5500.0,5500.0,Rs./Quintal,Grade A
RYTHU BAZAR ERRAGADDA,5.4,Metric Tonnes,1st Sort,4000.0,4000.0,4000.0,Rs./Quintal,Grade A
RYTHU BAZAR MEHDIPATNAM,3.8,Metric Tonnes,1st Sort,4000.0,4000.0,4000.0,Rs./Quintal,Grade A
Sadasivpet APMC,10.3,Metric Tonnes,Local,1580.0,5329.0,4509.0,Rs./Quintal,Local
Sangareddy APMC,3.3,Metric Tonnes,Other,5000.0,5000.0,5000.0,Rs./Quintal,Grade B
"Saroornagar,RBZ",1.5,Metric Tonnes,Other,4400.0,4400.0,4400.0,Rs./Quintal,Medium
Siddipet(Rythu Bazar) ,3.0,Metric Tonnes,Onion,4000.0,5000.0,4500.0,Rs./Quintal,Grade A
"Vanasthalipuram,RBZ ",1.5,Metric Tonnes,Onion,4000.0,4000.0,4000.0,Rs./Quintal,Grade A
Total,1270.1,Metric Tonnes,,,,3609.77,Rs./Quintal,
State/UT Name : Tripura
Dasda APMC,0.30000000000000004,Metric Tonnes,Onion,4500.0,4700.0,4600.0,Rs./Quintal,FAQ
Gondatwisa APMC,0.2,Metric Tonnes,Onion,5000.0,5500.0,5300.0,Rs./Quintal,FAQ
Halahali,2.8,Metric Tonnes,1st Sort,5200.0,5400.0,5300.0,Rs./Quintal,FAQ
Jampuijala APMC,0.30000000000000004,Metric Tonnes,Other,4800.0,5000.0,4900.0,Rs./Quintal,Medium
Kalyanpur APMC,4.0,Metric Tonnes,Nasik,4800.0,5000.0,4900.0,Rs./Quintal,FAQ
Machmara,0.7000000000000001,Metric Tonnes,Nasik,4600.0,4800.0,4700.0,Rs./Quintal,FAQ
Manubazar,0.7000000000000001,Metric Tonnes,1st Sort,4600.0,5000.0,4800.0,Rs./Quintal,Grade A
Melaghar APMC,0.4,Metric Tonnes,Small,5200.0,5400.0,5300.0,Rs./Quintal,Local
Pabiacherra APMC,1.0,Metric Tonnes,Nasik,5000.0,5200.0,5100.0,Rs./Quintal,FAQ
Total,10.4,Metric Tonnes,,,,5021.15,Rs./Quintal,
State/UT Name : Uttar Pradesh
Agra APMC,30.1,Metric Tonnes,Other,2500.0,2500.0,2500.0,Rs./Quintal,FAQ
Akbarpur APMC,7.0,Metric Tonnes,Other,3800.0,3800.0,3800.0,Rs./Quintal,FAQ
Aligarh APMC,73.5,Metric Tonnes,Other,3000.0,4000.0,3148.98,Rs./Quintal,FAQ
Amroha APMC,30.0,Metric Tonnes,Other,2500.0,2500.0,2500.0,Rs./Quintal,FAQ
Auraiya APMC,3.5,Metric Tonnes,Other,3500.0,3500.0,3500.0,Rs./Quintal,FAQ
Ayodhya APMC,30.0,Metric Tonnes,Other,2500.0,2500.0,2500.0,Rs./Quintal,FAQ
Barabanki APMC,57.2,Metric Tonnes,Other,2500.0,2500.0,2500.0,Rs./Quintal,FAQ
Baraut APMC,35.0,Metric Tonnes,Other,3400.0,3400.0,3400.0,Rs./Quintal,FAQ
Buland Shahr APMC,0.3,Metric Tonnes,Other,2800.0,2800.0,2800.0,Rs./Quintal,FAQ
Chandausi APMC,54.0,Metric Tonnes,Other,1802.0,1840.0,1817.19,Rs./Quintal,FAQ
Dudhi APMC,0.9,Metric Tonnes,Local,3400.0,3600.0,3500.0,Rs./Quintal,Medium
Dudhi APMC,0.2,Metric Tonnes,Other,3500.0,3500.0,3500.0,Rs./Quintal,FAQ
Gangoh APMC,0.4,Metric Tonnes,Other,3200.0,3200.0,3200.0,Rs./Quintal,FAQ
Hardoi APMC,30.0,Metric Tonnes,Other,2500.0,2500.0,2500.0,Rs./Quintal,FAQ
Jagnair APMC,1.5,Metric Tonnes,Other,1400.0,1400.0,1400.0,Rs./Quintal,FAQ
Jaunpur APMC,12.0,Metric Tonnes,Other,3600.0,3600.0,3600.0,Rs./Quintal,FAQ
Jhansi APMC,13.0,Metric Tonnes,Other,2800.0,3000.0,2876.92,Rs./Quintal,FAQ
Kairana APMC,1.0,Metric Tonnes,Other,3200.0,3200.0,3200.0,Rs./Quintal,FAQ
Kannauj APMC,2.7,Metric Tonnes,Other,3500.0,3500.0,3500.0,Rs./Quintal,FAQ
Kanpur(Grain) APMC,721.65,Metric Tonnes,Other,3500.0,3500.0,3500.0,Rs./Quintal,FAQ
Kasganj APMC,6.0,Metric Tonnes,Other,1900.0,1900.0,1900.0,Rs./Quintal,FAQ
Khairagarh APMC,0.6000000000000001,Metric Tonnes,Red,4500.0,4600.0,4550.0,Rs./Quintal,FAQ
Khandhla APMC,4.0,Metric Tonnes,Other,4200.0,4200.0,4200.0,Rs./Quintal,FAQ
Khekda APMC,0.2,Metric Tonnes,Other,2800.0,2800.0,2800.0,Rs./Quintal,FAQ
Kosikalan APMC,3.0,Metric Tonnes,Other,1900.0,1900.0,1900.0,Rs./Quintal,FAQ
Mathura APMC,15.75,Metric Tonnes,Other,3500.0,3800.0,3514.29,Rs./Quintal,FAQ
Mugrabaadshahpur APMC,2.5,Metric Tonnes,Other,2500.0,2500.0,2500.0,Rs./Quintal,FAQ
Muradabad APMC,80.5,Metric Tonnes,Other,2500.0,2500.0,2500.0,Rs./Quintal,FAQ
Naanpara APMC,135.8,Metric Tonnes,Other,2000.0,2000.0,2000.0,Rs./Quintal,FAQ
Nawabganj APMC,1.0,Metric Tonnes,Other,2000.0,2000.0,2000.0,Rs./Quintal,FAQ
Noida APMC,60.0,Metric Tonnes,Other,4000.0,4000.0,4000.0,Rs./Quintal,FAQ
Parikshitgarh APMC,0.2,Metric Tonnes,Other,3000.0,3000.0,3000.0,Rs./Quintal,FAQ
Pilibhit APMC,30.0,Metric Tonnes,Other,2050.0,2050.0,2050.0,Rs./Quintal,FAQ
Prayagraj APMC,73.0,Metric Tonnes,Other,3000.0,3200.0,3020.55,Rs./Quintal,FAQ
Rampurmaniharan APMC,1.0,Metric Tonnes,Other,2100.0,2100.0,2100.0,Rs./Quintal,FAQ
Saharanpur APMC,149.3,Metric Tonnes,Other,2300.0,3500.0,2825.62,Rs./Quintal,FAQ
Samsabad APMC,0.5,Metric Tonnes,Onion,2200.0,2400.0,2300.0,Rs./Quintal,Local
Shahabad(New Mandi) APMC,14.4,Metric Tonnes,Other,2500.0,2500.0,2500.0,Rs./Quintal,FAQ
Shahaswan APMC,165.0,Metric Tonnes,Other,1800.0,3000.0,1901.82,Rs./Quintal,FAQ
Shamli APMC,4.5,Metric Tonnes,Other,4500.0,5000.0,4555.56,Rs./Quintal,FAQ
Shikohabad APMC,13.0,Metric Tonnes,Other,2500.0,2500.0,2500.0,Rs./Quintal,FAQ
Sikanderabad APMC,0.5,Metric Tonnes,Other,4000.0,4000.0,4000.0,Rs./Quintal,FAQ
Sikarpur APMC,13.1,Metric Tonnes,Other,2500.0,2500.0,2500.0,Rs./Quintal,FAQ
Varanasi APMC,69.48,Metric Tonnes,Other,3500.0,3500.0,3500.0,Rs./Quintal,FAQ
Total,1947.28,Metric Tonnes,,,,2957.9,Rs./Quintal,
State/UT Name : Uttarakhand
Bhagwanpur(Naveen Mandi Sthal) APMC,3.0,Metric Tonnes,Other,2500.0,2700.0,2600.0,Rs./Quintal,Grade B
Dehradoon APMC,3.2,Metric Tonnes,Nasik,950.0,1300.0,1100.0,Rs./Quintal,FAQ
Haldwani APMC,31.200000000000003,Metric Tonnes,Other,2500.0,4000.0,3500.0,Rs./Quintal,FAQ
Haridwar Union APMC,14.0,Metric Tonnes,Onion,2000.0,3500.0,2500.0,Rs./Quintal,FAQ
Kicchha APMC,5.0,Metric Tonnes,Nasik,500.0,600.0,550.0,Rs./Quintal,Non-FAQ
Kotadwara APMC,2.0,Metric Tonnes,Onion,2500.0,2500.0,2500.0,Rs./Quintal,FAQ
Ramnagar APMC,1.5,Metric Tonnes,Other,2500.0,3000.0,2600.0,Rs./Quintal,Local
Rishikesh APMC,8.200000000000001,Metric Tonnes,Other,3000.0,4500.0,3850.0,Rs./Quintal,Medium
Roorkee APMC,2.0,Metric Tonnes,Other,2500.0,4500.0,3500.0,Rs./Quintal,Medium
Rudrapur APMC,20.0,Metric Tonnes,Other,3000.0,4000.0,3500.0,Rs./Quintal,Medium
Total,90.1,Metric Tonnes,,,,3060.38,Rs./Quintal,
State/UT Name : West Bengal
Alipurduar APMC,8.0,Metric Tonnes,Onion,2500.0,3500.0,3000.0,Rs./Quintal,FAQ
Asansol APMC,16.0,Metric Tonnes,Nasik,4250.0,4400.0,4300.0,Rs./Quintal,FAQ
Balarampur APMC,1.5,Metric Tonnes,Other,3600.0,4500.0,4000.0,Rs./Quintal,FAQ
Balurghat APMC,2.5,Metric Tonnes,1st Sort,4000.0,4300.0,4200.0,Rs./Quintal,FAQ
Bankura Sadar APMC,16.5,Metric Tonnes,Nasik,4700.0,5000.0,4850.0,Rs./Quintal,FAQ
Bara Bazar (Posta Bazar) APMC,26.0,Metric Tonnes,Nasik,4600.0,4800.0,4720.0,Rs./Quintal,FAQ
Bara Bazar (Posta Bazar) APMC,26.0,Metric Tonnes,Other,4500.0,5000.0,4750.0,Rs./Quintal,FAQ
Barasat APMC,37.0,Metric Tonnes,Other,4500.0,4500.0,4500.0,Rs./Quintal,FAQ
Baruipur(Canning) APMC,3.5,Metric Tonnes,Red,4700.0,4900.0,4800.0,Rs./Quintal,FAQ
Bethuadahari APMC,9.7,Metric Tonnes,Nasik,3400.0,3600.0,3500.0,Rs./Quintal,Grade A
Birbhum APMC,26.0,Metric Tonnes,Other,4100.0,4300.0,4200.0,Rs./Quintal,FAQ
Bishnupur(Bankura) APMC,0.6000000000000001,Metric Tonnes,Nasik,4200.0,4800.0,4650.0,Rs./Quintal,FAQ
Bolpur APMC,29.0,Metric Tonnes,Onion,4100.0,4300.0,4200.0,Rs./Quintal,FAQ
Chakdah APMC,6.0,Metric Tonnes,Onion,4050.0,4400.0,4200.0,Rs./Quintal,FAQ
Champadanga APMC,3.2,Metric Tonnes,Nasik,4500.0,4800.0,4500.0,Rs./Quintal,FAQ
Dhupguri APMC,18.0,Metric Tonnes,Nasik,4500.0,4900.0,4700.0,Rs./Quintal,FAQ
Diamond Harbour(South 24-pgs) APMC,4.800000000000001,Metric Tonnes,Red,4700.0,4900.0,4800.0,Rs./Quintal,FAQ
Durgapur APMC,15.5,Metric Tonnes,Nasik,4200.0,4400.0,4300.0,Rs./Quintal,FAQ
English Bazar APMC,15.0,Metric Tonnes,Nasik,3700.0,4000.0,3800.0,Rs./Quintal,FAQ
Falakata APMC,9.0,Metric Tonnes,Other,2500.0,3500.0,3000.0,Rs./Quintal,FAQ
Gangarampur(Dakshin Dinajpur) APMC,2.4,Metric Tonnes,1st Sort,4000.0,4200.0,4100.0,Rs./Quintal,FAQ
Garbeta(Medinipur) APMC,0.8,Metric Tonnes,Onion,4000.0,4500.0,4200.0,Rs./Quintal,FAQ
Ghatal APMC,2.7,Metric Tonnes,Onion,5000.0,5200.0,5100.0,Rs./Quintal,Medium
Habra APMC,42.0,Metric Tonnes,Onion,4200.0,4200.0,4200.0,Rs./Quintal,FAQ
Islampur APMC,6.0,Metric Tonnes,Dry F.A.Q.,3800.0,4500.0,4000.0,Rs./Quintal,FAQ
Jalpaiguri Sadar APMC,0.4,Metric Tonnes,Nasik,4600.0,4800.0,4700.0,Rs./Quintal,FAQ
Jangipur APMC,33.45,Metric Tonnes,Bellary,3500.0,3600.0,3550.0,Rs./Quintal,FAQ
Kalipur APMC,4.7,Metric Tonnes,Nasik,4400.0,4600.0,4500.0,Rs./Quintal,FAQ
Kalna APMC,2.35,Metric Tonnes,Nasik,4500.0,4600.0,4600.0,Rs./Quintal,FAQ
Kalna APMC,2.55,Metric Tonnes,Local,4400.0,4500.0,4500.0,Rs./Quintal,FAQ
Kalyani APMC,2.4000000000000004,Metric Tonnes,Other,4600.0,5000.0,4800.0,Rs./Quintal,Medium
Karimpur APMC,9.0,Metric Tonnes,Nasik,3600.0,4000.0,3800.0,Rs./Quintal,Grade A
Karsiyang(Matigara) APMC,0.35,Metric Tonnes,Nasik,6000.0,6500.0,6200.0,Rs./Quintal,FAQ
Medinipur(West) APMC,25.0,Metric Tonnes,Nasik,4400.0,4600.0,4500.0,Rs./Quintal,FAQ
Nadia APMC,6.0,Metric Tonnes,Nasik,4200.0,4400.0,4300.0,Rs./Quintal,FAQ
Pandua APMC,3.6,Metric Tonnes,Dry F.A.Q.,4000.0,4425.0,4200.0,Rs./Quintal,FAQ
Purulia APMC,8.5,Metric Tonnes,Other,3600.0,4500.0,4000.0,Rs./Quintal,FAQ
Raiganj APMC,6.0,Metric Tonnes,Nasik,4000.0,4500.0,4200.0,Rs./Quintal,FAQ
Ramkrishanpur(Howrah) APMC,0.48,Metric Tonnes,Nasik,5000.0,5500.0,5200.0,Rs./Quintal,FAQ
Rampurhat APMC,16.0,Metric Tonnes,Other,4300.0,4500.0,4400.0,Rs./Quintal,FAQ
Ranaghat APMC,5.7,Metric Tonnes,Other,4100.0,4500.0,4300.0,Rs./Quintal,FAQ
Sainthia APMC,29.0,Metric Tonnes,Onion,4100.0,4300.0,4200.0,Rs./Quintal,FAQ
Samsi APMC,11.0,Metric Tonnes,Nasik,3800.0,3900.0,3850.0,Rs./Quintal,FAQ
Sheoraphuly APMC,105.0,Metric Tonnes,Nasik,4200.0,4425.0,4275.0,Rs./Quintal,FAQ
Siliguri APMC,47.0,Metric Tonnes,Onion,4400.0,4800.0,4600.0,Rs./Quintal,FAQ
Tamluk (Medinipur E) APMC,2.0,Metric Tonnes,Onion,3000.0,3400.0,3200.0,Rs./Quintal,FAQ
Uluberia APMC,0.28,Metric Tonnes,Nasik,5000.0,5500.0,5200.0,Rs./Quintal,FAQ
Total,648.46,Metric Tonnes,,,,4273.05,Rs./Quintal,
Grand Total,63294.67,Metric Tonnes,,,,3630.48,Rs./Quintal,
Potato
State/UT Name : Andhra Pradesh
Palamaner APMC,5.300000000000001,Metric Tonnes,Potato,1200.0,1800.0,1500.0,Rs./Quintal,FAQ
Total,5.3,Metric Tonnes,,,,1500.0,Rs./Quintal,
State/UT Name : Assam
Ambagan APMC,14.0,Metric Tonnes,Potato,1400.0,1600.0,1500.0,Rs./Quintal,FAQ
Dhing APMC,25.0,Metric Tonnes,Potato,1600.0,1800.0,1700.0,Rs./Quintal,FAQ
Haibargaon APMC,14.0,Metric Tonnes,Potato,1300.0,1500.0,1400.0,Rs./Quintal,FAQ
Harbartganj Daily Market APMC,200.0,Metric Tonnes,Potato,1800.0,2000.0,1900.0,Rs./Quintal,FAQ
Pamohi(Garchuk) APMC,65.0,Metric Tonnes,Potato,900.0,1500.0,1000.0,Rs./Quintal,FAQ
Pamohi(Garchuk) APMC,40.0,Metric Tonnes,Other,1500.0,2200.0,1600.0,Rs./Quintal,FAQ
Tinsukia Market,12.0,Metric Tonnes,Potato,900.0,1100.0,1000.0,Rs./Quintal,FAQ
Total,370.0,Metric Tonnes,,,,1632.7,Rs./Quintal,
State/UT Name : Bihar
Balliah APMC,3.0,Metric Tonnes,Local,1100.0,1300.0,1200.0,Rs./Quintal,Grade C
Balliah APMC,4.0,Metric Tonnes,Local,1100.0,1300.0,1200.0,Rs./Quintal,Grade A
Balliah APMC,4.0,Metric Tonnes,Local,1100.0,1300.0,1200.0,Rs./Quintal,Grade B
Benipatti APMC,12.0,Metric Tonnes,Potato,1150.0,1200.0,1150.0,Rs./Quintal,FAQ
Bhagwanpur Mandi APMC,9.9,Metric Tonnes,Red Nanital,1050.0,1150.0,1117.68,Rs./Quintal,Grade A
Bhagwanpur Mandi APMC,13.4,Metric Tonnes,Jyoti,1100.0,1100.0,1100.0,Rs./Quintal,Grade A
Buxur APMC,5.0,Metric Tonnes,Jyoti,1162.0,1168.0,1164.0,Rs./Quintal,Local
Chhapra APMC,90.0,Metric Tonnes,Other,1100.0,1300.0,1200.0,Rs./Quintal,Grade A
Jamui APMC,17.0,Metric Tonnes,Jyoti,1100.0,1100.0,1100.0,Rs./Quintal,Grade A
Madhubani APMC,30.0,Metric Tonnes,Red,1050.0,1200.0,1100.0,Rs./Quintal,FAQ
Motihari APMC,50.0,Metric Tonnes,Other,1100.0,1300.0,1200.0,Rs./Quintal,Grade A
Triveniganj APMC,20.0,Metric Tonnes,Red Nanital,1500.0,1500.0,1500.0,Rs./Quintal,Grade A
Total,258.3,Metric Tonnes,,,,1193.67,Rs./Quintal,
State/UT Name : Chandigarh
Chandigarh (Grain/F&V) APMC,267.5,Metric Tonnes,Potato,400.0,1300.0,1100.0,Rs./Quintal,FAQ
Total,267.5,Metric Tonnes,,,,1100.0,Rs./Quintal,
State/UT Name : Chattisgarh
Durg APMC,3.1,Metric Tonnes,Local,1400.0,1600.0,1600.0,Rs./Quintal,Medium
Raigarh APMC,70.0,Metric Tonnes,Potato,1100.0,1300.0,1200.0,Rs./Quintal,Grade B
Tiphra APMC,65.0,Metric Tonnes,Local,1400.0,1600.0,1500.0,Rs./Quintal,Grade B
Total,138.1,Metric Tonnes,,,,1350.18,Rs./Quintal,
State/UT Name : Goa
Mapusa APMC,8.945,Metric Tonnes,Potato,1200.0,1600.0,1500.0,Rs./Quintal,FAQ
Total,8.95,Metric Tonnes,,,,1500.0,Rs./Quintal,
State/UT Name : Gujarat
Ahmedabad(Chimanbhai Patal Market Vasana) APMC,32.4,Metric Tonnes,Chips,700.0,1400.0,1250.0,Rs./Quintal,FAQ
Ahmedabad(Chimanbhai Patal Market Vasana) APMC,70.8,Metric Tonnes,Desi,500.0,800.0,725.0,Rs./Quintal,FAQ
"Anand(Veg,Yard,Anand) APMC",84.7,Metric Tonnes,Potato,1000.0,1100.0,1050.0,Rs./Quintal,Grade B
Ankleshwar APMC,16.0,Metric Tonnes,Potato,500.0,1200.0,900.0,Rs./Quintal,Grade A
Bharuch APMC,29.5,Metric Tonnes,Other,1000.0,1700.0,1300.0,Rs./Quintal,Local
Bilimora APMC,4.2,Metric Tonnes,Other,1400.0,1800.0,1600.0,Rs./Quintal,FAQ
Dahod(Veg. Market) APMC,30.0,Metric Tonnes,Potato,700.0,1100.0,1000.0,Rs./Quintal,Local
Kapadvanj APMC,55.0,Metric Tonnes,Potato,500.0,1200.0,850.0,Rs./Quintal,Medium
Khambhat(Veg Yard Khambhat) APMC,0.30000000000000004,Metric Tonnes,Desi,1000.0,1900.0,1500.0,Rs./Quintal,Local
Mehsana(Mehsana Veg) APMC,56.5,Metric Tonnes,Potato,500.0,1500.0,950.0,Rs./Quintal,Local
Nadiad APMC,2.2800000000000002,Metric Tonnes,Potato,1600.0,1800.0,1700.0,Rs./Quintal,FAQ
Nadiyad(Chaklasi) APMC,1.214,Metric Tonnes,Potato,1300.0,1500.0,1400.0,Rs./Quintal,FAQ
Nadiyad(Piplag) APMC,19.6,Metric Tonnes,Potato,1500.0,1600.0,1550.0,Rs./Quintal,FAQ
Navsari APMC,13.8,Metric Tonnes,Potato,700.0,1800.0,1250.0,Rs./Quintal,Grade A
Padra APMC,17.2,Metric Tonnes,Other,1500.0,2000.0,1750.0,Rs./Quintal,FAQ
Surat APMC,718.0,Metric Tonnes,Other,400.0,1650.0,1025.0,Rs./Quintal,FAQ
Total,1151.49,Metric Tonnes,,,,1033.76,Rs./Quintal,
State/UT Name : Haryana
Bahadurgarh APMC,51.5,Metric Tonnes,Other,700.0,1100.0,800.0,Rs./Quintal,FAQ
Ballabhgarh APMC,67.0,Metric Tonnes,Potato,700.0,1000.0,900.0,Rs./Quintal,FAQ
Barwala APMC,3.6,Metric Tonnes,Local,700.0,800.0,750.0,Rs./Quintal,FAQ
Barwala(Hisar) APMC,17.0,Metric Tonnes,Potato,900.0,1000.0,950.0,Rs./Quintal,Local
Cheeka APMC,3.75,Metric Tonnes,Other,700.0,900.0,800.0,Rs./Quintal,FAQ
Chhachrauli APMC,0.3,Metric Tonnes,Potato,800.0,900.0,800.0,Rs./Quintal,Local
Dhand APMC,1.1,Metric Tonnes,Other,1000.0,1100.0,1080.0,Rs./Quintal,Medium
Farukh Nagar APMC,3.0,Metric Tonnes,Other,800.0,1100.0,1000.0,Rs./Quintal,Medium
Ganaur APMC,5.1000000000000005,Metric Tonnes,Potato,1000.0,1500.0,1200.0,Rs./Quintal,FAQ
Gharaunda APMC,2.7,Metric Tonnes,Other,1000.0,1200.0,1200.0,Rs./Quintal,Local
Gohana APMC,23.0,Metric Tonnes,Other,1000.0,1600.0,1200.0,Rs./Quintal,Medium
Gurgaon APMC,210.0,Metric Tonnes,Other,600.0,1000.0,800.0,Rs./Quintal,Grade B
Hansi APMC,39.8,Metric Tonnes,Other,1000.0,4000.0,1000.0,Rs./Quintal,FAQ
Hissar APMC,40.4,Metric Tonnes,Local,600.0,1000.0,800.0,Rs./Quintal,Local
Indri APMC,1.05,Metric Tonnes,Potato,800.0,800.0,800.0,Rs./Quintal,FAQ
Jagadhri APMC,5.3500000000000005,Metric Tonnes,Potato,550.0,700.0,600.0,Rs./Quintal,FAQ
Jhajjar APMC,7.5,Metric Tonnes,Other,1100.0,1100.0,1100.0,Rs./Quintal,Medium
Jind APMC,33.0,Metric Tonnes,Other,700.0,1200.0,1000.0,Rs./Quintal,FAQ
Kharkhoda APMC,6.6000000000000005,Metric Tonnes,Other,1000.0,1200.0,1100.0,Rs./Quintal,FAQ
Kosli APMC,0.30000000000000004,Metric Tonnes,Other,1000.0,1000.0,1000.0,Rs./Quintal,FAQ
Ladwa APMC,2.6,Metric Tonnes,Red Nanital,1800.0,2500.0,2500.0,Rs./Quintal,Non-FAQ
Madlauda APMC,0.5,Metric Tonnes,Potato,1000.0,1000.0,1000.0,Rs./Quintal,FAQ
Meham,1.0,Metric Tonnes,Potato,800.0,1000.0,900.0,Rs./Quintal,Medium
Mohindergarh APMC,4.5,Metric Tonnes,Potato,700.0,800.0,800.0,Rs./Quintal,Medium
Mustafabad APMC,0.41,Metric Tonnes,Potato,1000.0,1200.0,1000.0,Rs./Quintal,FAQ
Naraingarh APMC,8.0,Metric Tonnes,Potato,400.0,700.0,500.0,Rs./Quintal,Medium
Narnaul APMC,3.2,Metric Tonnes,Potato,800.0,1000.0,900.0,Rs./Quintal,Medium
Narwana APMC,3.5,Metric Tonnes,Potato,500.0,700.0,600.0,Rs./Quintal,Non-FAQ
"New Grain Market , Faridabad APMC",63.1,Metric Tonnes,Other,500.0,1400.0,950.0,Rs./Quintal,Non-FAQ
Panipat APMC,86.0,Metric Tonnes,Potato,500.0,1300.0,900.0,Rs./Quintal,Local
Pataudi APMC,2.0,Metric Tonnes,Potato,700.0,800.0,750.0,Rs./Quintal,Grade B
Pundri APMC,1.0,Metric Tonnes,Other,600.0,700.0,650.0,Rs./Quintal,FAQ
Punhana APMC,8.5,Metric Tonnes,Other,1000.0,1000.0,1000.0,Rs./Quintal,Medium
Radaur APMC,1.7000000000000002,Metric Tonnes,Other,1100.0,1300.0,1200.0,Rs./Quintal,Medium
Raipur Rani APMC,0.5,Metric Tonnes,Potato,800.0,1000.0,850.0,Rs./Quintal,Local
Rania(Jiwan nagar) APMC,0.1,Metric Tonnes,Other,70.0,95.0,85.0,Rs./Quintal,Non-FAQ
Rewari APMC,36.7,Metric Tonnes,Other,600.0,1500.0,1000.0,Rs./Quintal,Medium
Rohtak APMC,100.0,Metric Tonnes,Other,600.0,1000.0,800.0,Rs./Quintal,Medium
Sadhaura APMC,4.5,Metric Tonnes,Potato,700.0,900.0,800.0,Rs./Quintal,Local
Safidon APMC,16.5,Metric Tonnes,Other,900.0,900.0,900.0,Rs./Quintal,Medium
Samalkha APMC,14.5,Metric Tonnes,Other,900.0,1000.0,950.0,Rs./Quintal,FAQ
Sampla APMC,1.0,Metric Tonnes,Other,1200.0,1200.0,1200.0,Rs./Quintal,Local
Shahabad APMC,4.6,Metric Tonnes,Potato,600.0,700.0,600.0,Rs./Quintal,Medium
Shahzadpur APMC,2.5,Metric Tonnes,Local,600.0,1100.0,600.0,Rs./Quintal,Local
Sirsa APMC,21.700000000000003,Metric Tonnes,Other,350.0,800.0,500.0,Rs./Quintal,FAQ
Siwan APMC,1.9000000000000001,Metric Tonnes,Other,1300.0,1500.0,1400.0,Rs./Quintal,FAQ
Sohna APMC,6.9,Metric Tonnes,Potato,1000.0,2500.0,2200.0,Rs./Quintal,Local
Sonepat APMC,16.0,Metric Tonnes,Desi,1000.0,1200.0,1200.0,Rs./Quintal,FAQ
Tarori APMC,1.5,Metric Tonnes,Desi,1200.0,1500.0,1400.0,Rs./Quintal,Medium
Thanesar APMC,16.0,Metric Tonnes,Potato,700.0,3000.0,1850.0,Rs./Quintal,Medium
Tohana(New Veg Market) APMC,9.0,Metric Tonnes,Potato,700.0,800.0,800.0,Rs./Quintal,FAQ
Uklana APMC,0.30000000000000004,Metric Tonnes,Potato,800.0,800.0,800.0,Rs./Quintal,Medium
Total,962.26,Metric Tonnes,,,,904.63,Rs./Quintal,
State/UT Name : Himachal Pradesh
PMY Bilaspur,2.3000000000000003,Metric Tonnes,Local,1200.0,2000.0,1500.0,Rs./Quintal,Grade B
PMY Chamba,2.0,Metric Tonnes,Potato,1000.0,1200.0,1100.0,Rs./Quintal,Medium
PMY Hamirpur,4.3,Metric Tonnes,Other,1000.0,2400.0,1700.0,Rs./Quintal,Grade B
PMY Kangra,2.3000000000000003,Metric Tonnes,Potato,1000.0,2000.0,1500.0,Rs./Quintal,FAQ
PMY Kather Solan,6.3,Metric Tonnes,Other,700.0,2400.0,2000.0,Rs./Quintal,Medium
PMY Kullu,2.0,Metric Tonnes,Other,800.0,2500.0,1600.0,Rs./Quintal,FAQ
PMY Una,8.92,Metric Tonnes,Potato,800.0,1000.0,900.0,Rs./Quintal,FAQ
SMY Baijnath,0.5,Metric Tonnes,Potato,1200.0,2200.0,2000.0,Rs./Quintal,Grade B
SMY Bhuntar,1.9,Metric Tonnes,Other,1000.0,2400.0,1700.0,Rs./Quintal,FAQ
SMY Dhanotu,1.2000000000000002,Metric Tonnes,Potato,700.0,1500.0,1050.0,Rs./Quintal,FAQ
SMY Dharamshala,1.1,Metric Tonnes,Potato,1200.0,2200.0,1600.0,Rs./Quintal,FAQ
SMY Jaisinghpur,0.30000000000000004,Metric Tonnes,Potato,2200.0,2500.0,2400.0,Rs./Quintal,FAQ
SMY Jwalaji,0.020000000000000004,Metric Tonnes,Other,1000.0,2000.0,1500.0,Rs./Quintal,FAQ
SMY Nadaun,1.32,Metric Tonnes,Other,1400.0,1600.0,1500.0,Rs./Quintal,Grade B
SMY Nagrota Bagwan,1.0,Metric Tonnes,Potato,1000.0,1800.0,1300.0,Rs./Quintal,FAQ
SMY Nalagarh,2.0,Metric Tonnes,Other,400.0,1000.0,700.0,Rs./Quintal,Medium
SMY Palampur,2.4000000000000004,Metric Tonnes,Potato,2000.0,2200.0,2100.0,Rs./Quintal,FAQ
SMY Rohroo,0.5,Metric Tonnes,Other,1700.0,1900.0,1800.0,Rs./Quintal,Grade B
SMY Santoshgarh,1.85,Metric Tonnes,Jyoti,700.0,1000.0,850.0,Rs./Quintal,FAQ
SMY Takoli,0.1,Metric Tonnes,Other,800.0,1000.0,1000.0,Rs./Quintal,Medium
Total,42.31,Metric Tonnes,,,,1430.64,Rs./Quintal,
State/UT Name : Jammu and Kashmir
Kathua (F&V),30.0,Metric Tonnes,Potato,1000.0,1500.0,1250.0,Rs./Quintal,FAQ
Parimpore Srinagar (F&V),45.0,Metric Tonnes,Other,600.0,700.0,650.0,Rs./Quintal,Grade B
Parimpore Srinagar (F&V),99.0,Metric Tonnes,Red,1000.0,1100.0,1050.0,Rs./Quintal,Grade A
Total,174.0,Metric Tonnes,,,,981.03,Rs./Quintal,
State/UT Name : Karnataka
APMC Hubballi,136.0,Metric Tonnes,Potato,1200.0,1800.0,1700.0,Rs./Quintal,Local
Bangarpet APMC,0.8,Metric Tonnes,Local,1000.0,2300.0,1500.0,Rs./Quintal,Local
Belgaum APMC,114.5,Metric Tonnes,Local,900.0,1700.0,1200.0,Rs./Quintal,Large
Belur APMC,7.6000000000000005,Metric Tonnes,Local,1100.0,1100.0,1100.0,Rs./Quintal,Medium
Bengaluru APMC,643.0,Metric Tonnes,Local,1000.0,2400.0,2000.0,Rs./Quintal,Medium
Bengaluru APMC,964.6,Metric Tonnes,Potato,1200.0,2200.0,1800.0,Rs./Quintal,Medium
Chikkamagaluru APMC,1.8,Metric Tonnes,Other,1900.0,1900.0,1900.0,Rs./Quintal,Local
Davangere APMC,4.0,Metric Tonnes,Potato,1000.0,2500.0,2000.0,Rs./Quintal,Local
Doddaballapur APMC,2.6,Metric Tonnes,Local,1800.0,2400.0,2000.0,Rs./Quintal,Medium
Gauribidanur APMC,0.4,Metric Tonnes,Potato,1000.0,2000.0,1500.0,Rs./Quintal,Local
Hassan APMC,12.0,Metric Tonnes,Potato,1200.0,1200.0,1200.0,Rs./Quintal,Local
Kolar APMC,3.0,Metric Tonnes,Local,1500.0,2000.0,1700.0,Rs./Quintal,Local
Nanjangud APMC,3.5,Metric Tonnes,Potato,3030.0,4666.0,3333.0,Rs./Quintal,Local
Shimoga APMC,2.0,Metric Tonnes,Potato,1600.0,2600.0,2000.0,Rs./Quintal,Local
T. Narasipura APMC,0.8,Metric Tonnes,Other,1500.0,2000.0,2000.0,Rs./Quintal,Small
Udupi APMC,11.4,Metric Tonnes,Potato,1400.0,1500.0,1500.0,Rs./Quintal,Local
Total,1908.0,Metric Tonnes,,,,1819.46,Rs./Quintal,
State/UT Name : Keralam
Aluva Market,10.0,Metric Tonnes,Potato,3200.0,4000.0,3600.0,Rs./Quintal,FAQ
Anchal Market,0.42,Metric Tonnes,Potato,4400.0,4400.0,4400.0,Rs./Quintal,Local
Angamaly Market,1.0,Metric Tonnes,Potato,3800.0,5000.0,4400.0,Rs./Quintal,FAQ
Aralamoodu Market,2.0,Metric Tonnes,Potato,5000.0,5500.0,5500.0,Rs./Quintal,FAQ
Aroor Market,0.2,Metric Tonnes,Other,3600.0,3800.0,3700.0,Rs./Quintal,FAQ
Athirampuzha Market,1.0,Metric Tonnes,Potato,3300.0,3500.0,3400.0,Rs./Quintal,FAQ
Balarampuram Market,0.4,Metric Tonnes,Red Nanital,4000.0,4000.0,4000.0,Rs./Quintal,FAQ
Chala Market,4.0,Metric Tonnes,Other,3500.0,3800.0,3600.0,Rs./Quintal,FAQ
Chathanoor Market,0.4,Metric Tonnes,Other,2800.0,3200.0,3000.0,Rs./Quintal,FAQ
Chavakkad Market,0.15,Metric Tonnes,Potato,3400.0,4400.0,4400.0,Rs./Quintal,FAQ
Chelakkara Market,0.2,Metric Tonnes,Potato,3800.0,4000.0,3900.0,Rs./Quintal,FAQ
Chengannur Market,0.5,Metric Tonnes,Potato,2900.0,3200.0,3000.0,Rs./Quintal,Grade A
Cherthala Market,0.3,Metric Tonnes,Potato,3000.0,3200.0,3100.0,Rs./Quintal,FAQ
Ettumanoor Market,1.0,Metric Tonnes,Potato,3000.0,3400.0,3200.0,Rs./Quintal,FAQ
Irinjalakkuda Market,0.1,Metric Tonnes,Other,3500.0,3600.0,3600.0,Rs./Quintal,FAQ
Kallachi Market,0.1,Metric Tonnes,Other,2200.0,2600.0,2400.0,Rs./Quintal,FAQ
Kanjangadu Market,0.8,Metric Tonnes,Other,2700.0,3400.0,3000.0,Rs./Quintal,FAQ
Kanjirappally Market,0.5,Metric Tonnes,Potato,3500.0,4000.0,3800.0,Rs./Quintal,FAQ
Kayamkulam Market,2.0,Metric Tonnes,Other,1900.0,2100.0,2000.0,Rs./Quintal,FAQ
Koduvayoor Market,40.0,Metric Tonnes,Potato,2600.0,3000.0,2800.0,Rs./Quintal,Medium
Kollengode Market,40.0,Metric Tonnes,Potato,3000.0,3400.0,3200.0,Rs./Quintal,FAQ
Kondotty Market,0.25,Metric Tonnes,Other,2300.0,2500.0,2400.0,Rs./Quintal,FAQ
Kothamangalam Market,1.5,Metric Tonnes,Potato,3000.0,4000.0,3500.0,Rs./Quintal,FAQ
Kottarakkara Market,0.01,Metric Tonnes,Other,2300.0,2300.0,2300.0,Rs./Quintal,Local
Madhavapuram Market,0.9,Metric Tonnes,Other,3100.0,3500.0,3300.0,Rs./Quintal,FAQ
Manjeri Market,7.0,Metric Tonnes,Other,2250.0,2350.0,2300.0,Rs./Quintal,Local
Manjeswaram Market,12.0,Metric Tonnes,Other,2200.0,3000.0,2600.0,Rs./Quintal,FAQ
Mukkom Market,0.6,Metric Tonnes,Potato,2400.0,2800.0,2600.0,Rs./Quintal,FAQ
Neeleswaram Market,1.0,Metric Tonnes,Other,2600.0,3000.0,2800.0,Rs./Quintal,FAQ
North Paravur Market,1.0,Metric Tonnes,Red Nanital,3500.0,4500.0,4000.0,Rs./Quintal,FAQ
Pala Market,3.0,Metric Tonnes,Other,3600.0,4400.0,4000.0,Rs./Quintal,FAQ
Palakkad Market,5.0,Metric Tonnes,Potato,3600.0,4500.0,4100.0,Rs./Quintal,FAQ
Parappanangadi Market,1.5,Metric Tonnes,Other,2260.0,2460.0,2360.0,Rs./Quintal,FAQ
Pattambi Market,0.5,Metric Tonnes,Potato,2000.0,2600.0,2200.0,Rs./Quintal,FAQ
Perambra Market,0.8,Metric Tonnes,Other,2300.0,2500.0,2400.0,Rs./Quintal,FAQ
Perumbavoor Market,4.0,Metric Tonnes,Potato,2500.0,3500.0,2800.0,Rs./Quintal,Medium
Piravam Market,5.0,Metric Tonnes,Potato,3000.0,4000.0,3500.0,Rs./Quintal,Local
Punalur Market,0.001,Metric Tonnes,Potato,4500.0,4800.0,4700.0,Rs./Quintal,Medium
Quilandy Market,0.6,Metric Tonnes,Other,2300.0,2400.0,2400.0,Rs./Quintal,FAQ
Taliparamba Market,0.04,Metric Tonnes,Potato,2300.0,2500.0,2400.0,Rs./Quintal,FAQ
Thalasserry Market,0.2,Metric Tonnes,Other,1800.0,2800.0,2200.0,Rs./Quintal,FAQ
Thalayolaparambu Market,0.5,Metric Tonnes,Potato,1500.0,1800.0,1600.0,Rs./Quintal,FAQ
Thamarassery Market,0.35,Metric Tonnes,Other,2400.0,2500.0,2400.0,Rs./Quintal,FAQ
Thrippunithura Market,1.0,Metric Tonnes,Potato,4500.0,5000.0,4700.0,Rs./Quintal,Medium
Thrissur Market,10.0,Metric Tonnes,Potato,2500.0,3000.0,2800.0,Rs./Quintal,FAQ
Vamanapuram Market,0.13,Metric Tonnes,Other,4000.0,4500.0,4000.0,Rs./Quintal,FAQ
Vandiperiyar Market,0.05,Metric Tonnes,Other,3000.0,3200.0,3000.0,Rs./Quintal,Grade Range-1
Wadakkanchery Market,0.45,Metric Tonnes,Potato,2800.0,3300.0,3000.0,Rs./Quintal,FAQ
Total,162.45,Metric Tonnes,,,,3085.0,Rs./Quintal,
State/UT Name : Madhya Pradesh
Aron (F&V) APMC,0.1,Metric Tonnes,Local,940.0,980.0,960.0,Rs./Quintal,Local
Badwani(F&V) APMC,0.336,Metric Tonnes,Potato,1200.0,1200.0,1200.0,Rs./Quintal,Local
Bareli(F&V) APMC,2.68,Metric Tonnes,Desi,1100.0,1100.0,1100.0,Rs./Quintal,Grade A
Betul(F&V) APMC,30.5,Metric Tonnes,Desi,900.0,1400.0,1100.0,Rs./Quintal,FAQ
Chhatarpur (F&V) APMC,6.7,Metric Tonnes,Other,800.0,800.0,800.0,Rs./Quintal,Grade C
Chhindwara(F&V) APMC,1.8,Metric Tonnes,Desi,900.0,1200.0,1000.0,Rs./Quintal,Local
Damoh(F&V) APMC,1.0,Metric Tonnes,Local,800.0,800.0,800.0,Rs./Quintal,Local
Deori (F&V) APMC,1.5,Metric Tonnes,Potato,680.0,680.0,680.0,Rs./Quintal,Grade B
Dewas(F&V) APMC,2.6,Metric Tonnes,Other,500.0,1500.0,700.0,Rs./Quintal,FAQ
Gadarwada (F&V) APMC,4.2,Metric Tonnes,Other,700.0,700.0,700.0,Rs./Quintal,Grade B
Guna(F&V) APMC,1.2,Metric Tonnes,Other,800.0,900.0,850.0,Rs./Quintal,Grade B
Haatpipliya (F&V) APMC,0.4,Metric Tonnes,Potato,700.0,1300.0,1000.0,Rs./Quintal,Local
Indore APMC,2.395,Metric Tonnes,Local,650.0,650.0,650.0,Rs./Quintal,FAQ
Itarsi(F&V) APMC,2.16,Metric Tonnes,Potato,800.0,900.0,800.0,Rs./Quintal,FAQ
Kailaras APMC,10.25,Metric Tonnes,Other,400.0,1100.0,700.0,Rs./Quintal,FAQ
Karera(F&V) APMC,1.1,Metric Tonnes,Potato,500.0,1400.0,800.0,Rs./Quintal,Local
Khargone(F&V) APMC,0.25,Metric Tonnes,Potato,600.0,1000.0,800.0,Rs./Quintal,Medium
Khurai(F&V) APMC,3.2,Metric Tonnes,Potato,500.0,700.0,600.0,Rs./Quintal,Local
Kukshi(F&V) APMC,0.8,Metric Tonnes,Potato,700.0,1100.0,900.0,Rs./Quintal,Grade A
Maihar(F&V) APMC,3.6,Metric Tonnes,Potato,600.0,600.0,600.0,Rs./Quintal,Local
Manawar(F&V) APMC,1.5,Metric Tonnes,Potato,1150.0,1200.0,1167.0,Rs./Quintal,Grade B
Mandsaur(F&V) APMC,5.0,Metric Tonnes,Other,1000.0,1400.0,1300.0,Rs./Quintal,Grade B
Morena APMC,45.0,Metric Tonnes,Desi,200.0,200.0,200.0,Rs./Quintal,Non-FAQ
Morena(F&V) APMC,45.0,Metric Tonnes,Potato,200.0,200.0,200.0,Rs./Quintal,Non-FAQ
Narmadapuram (F&V) APMC,7.5,Metric Tonnes,Potato,530.0,880.0,610.0,Rs./Quintal,FAQ
Petlawad(F&V) APMC,0.6,Metric Tonnes,Desi,1000.0,1000.0,1000.0,Rs./Quintal,Grade A
Porsa APMC,10.0,Metric Tonnes,Potato,600.0,620.0,620.0,Rs./Quintal,FAQ
Rehli(F&V) APMC,0.6000000000000001,Metric Tonnes,Potato,800.0,1000.0,900.0,Rs./Quintal,Grade C
Sabalgarh(F&V) APMC,7.0,Metric Tonnes,Desi,300.0,600.0,500.0,Rs./Quintal,FAQ
Sagar(F&V) APMC,40.5,Metric Tonnes,Local,700.0,900.0,800.0,Rs./Quintal,Local
Sanawad(F&V) APMC,3.0,Metric Tonnes,Desi,800.0,1000.0,900.0,Rs./Quintal,Medium
Sanwer(F&V) APMC,0.1,Metric Tonnes,Potato,1000.0,1500.0,1200.0,Rs./Quintal,FAQ
Seoni(F&V) APMC,5.75,Metric Tonnes,Desi,1000.0,1000.0,1000.0,Rs./Quintal,Grade C
Sheopurkalan (F&V) APMC,3.0,Metric Tonnes,Potato,600.0,700.0,650.0,Rs./Quintal,Medium
Thandla APMC,1.23,Metric Tonnes,Other,900.0,1290.0,1100.0,Rs./Quintal,FAQ
Ujjain APMC,11.740000000000002,Metric Tonnes,Potato,160.0,750.94,750.94,Rs./Quintal,Non-FAQ
Ujjain APMC,12.208,Metric Tonnes,Potato,369.34,625.05,600.0,Rs./Quintal,FAQ
Total,276.5,Metric Tonnes,,,,616.91,Rs./Quintal,
State/UT Name : Maharashtra
APMC Ahilyanagar ,49.3,Metric Tonnes,Other,700.0,1800.0,1250.0,Rs./Quintal,Local
APMC Akluj ,11.0,Metric Tonnes,Other,1000.0,1300.0,1200.0,Rs./Quintal,Local
APMC Akola ,107.0,Metric Tonnes,Other,500.0,1200.0,1000.0,Rs./Quintal,Local
APMC Bhusaval ,4.7,Metric Tonnes,Other,1500.0,2000.0,1800.0,Rs./Quintal,Local
APMC Chattrapati Sambhajinagar ,105.0,Metric Tonnes,Other,700.0,1200.0,950.0,Rs./Quintal,Local
APMC Hingna,1.2,Metric Tonnes,Local,1300.0,1500.0,1400.0,Rs./Quintal,Local
APMC Jalgaon ,65.0,Metric Tonnes,Other,500.0,900.0,700.0,Rs./Quintal,Local
APMC Kalyan ,0.3,Metric Tonnes,Other,1000.0,1200.0,1100.0,Rs./Quintal,Local
APMC Kamthi ,4.5,Metric Tonnes,Local,2000.0,2500.0,2350.0,Rs./Quintal,Local
APMC Khed ,8.3,Metric Tonnes,Other,1000.0,1500.0,1200.0,Rs./Quintal,Local
APMC Nagpur ,210.0,Metric Tonnes,Local,800.0,1100.0,1025.0,Rs./Quintal,Local
APMC Nasik ,127.5,Metric Tonnes,Other,600.0,1250.0,800.0,Rs./Quintal,Local
APMC Pune ,734.9,Metric Tonnes,Local,600.0,1500.0,1050.0,Rs./Quintal,Local
APMC Rahata ,44.6,Metric Tonnes,Other,800.0,1200.0,1000.0,Rs./Quintal,Local
APMC Ramtek ,1.1,Metric Tonnes,Local,1500.0,2500.0,2000.0,Rs./Quintal,Local
APMC Satara ,12.2,Metric Tonnes,Other,1000.0,1400.0,1200.0,Rs./Quintal,Local
APMC Shrirampur ,11.0,Metric Tonnes,Other,800.0,1000.0,900.0,Rs./Quintal,Local
APMC Solapur ,61.4,Metric Tonnes,Local,900.0,1200.0,1000.0,Rs./Quintal,Local
APMC Vaduj ,3.0,Metric Tonnes,Local,1400.0,1500.0,1450.0,Rs./Quintal,Local
APMC Vita ,10.0,Metric Tonnes,Other,1500.0,1800.0,1600.0,Rs./Quintal,Local
Chandrapur(Ganjwad) ,69.0,Metric Tonnes,Other,1100.0,1300.0,1250.0,Rs./Quintal,Local
Khed(Chakan) ,100.0,Metric Tonnes,Other,800.0,1500.0,1200.0,Rs./Quintal,Local
Mumbai-Onion & Potato Market ,1363.8,Metric Tonnes,Other,700.0,1300.0,1000.0,Rs./Quintal,Local
Pune(Khadiki) ,0.5,Metric Tonnes,Local,1000.0,1200.0,1100.0,Rs./Quintal,Local
Pune(Manjri) ,5.4,Metric Tonnes,Other,1500.0,1800.0,1600.0,Rs./Quintal,Local
Pune(Moshi) ,203.8,Metric Tonnes,Local,1000.0,1400.0,1200.0,Rs./Quintal,Local
"Sangli(Phale, Bhajipala Market) ",43.0,Metric Tonnes,Local,800.0,1600.0,1200.0,Rs./Quintal,Local
Total,3357.5,Metric Tonnes,,,,1035.13,Rs./Quintal,
State/UT Name : Manipur
Bishenpur APMC,1.7,Metric Tonnes,Other,2500.0,3000.0,2750.0,Rs./Quintal,FAQ
Imphal APMC,4.6,Metric Tonnes,Other,2200.0,3000.0,2600.0,Rs./Quintal,FAQ
Kakching Market APMC,0.8,Metric Tonnes,Other,3000.0,3500.0,3250.0,Rs./Quintal,FAQ
Lamlong Bazaar APMC,2.0,Metric Tonnes,Other,2500.0,3000.0,2750.0,Rs./Quintal,FAQ
Thoubal APMC,1.8,Metric Tonnes,Other,2500.0,3000.0,2750.0,Rs./Quintal,FAQ
Total,10.9,Metric Tonnes,,,,2723.39,Rs./Quintal,
State/UT Name : Meghalaya
Shillong APMC,12.0,Metric Tonnes,Local,1600.0,1800.0,1700.0,Rs./Quintal,FAQ
Total,12.0,Metric Tonnes,,,,1700.0,Rs./Quintal,
State/UT Name : NCT of Delhi
APMC Azadpur,1720.1,Metric Tonnes,Potato,200.0,1840.0,1070.0,Rs./Quintal,FAQ
APMC Keshopur,96.05000000000001,Metric Tonnes,Potato,700.0,1300.0,1050.0,Rs./Quintal,FAQ
"Fruit&Vegetable Market,Gazipur APMC",489.12,Metric Tonnes,Potato,1000.0,1400.0,1200.0,Rs./Quintal,FAQ
Total,2305.27,Metric Tonnes,,,,1096.75,Rs./Quintal,
State/UT Name : Odisha
Angul(Atthamallick) APMC,2.0,Metric Tonnes,Potato,1500.0,2500.0,2000.0,Rs./Quintal,Grade B
Balugaon APMC,2.5,Metric Tonnes,Kufri Giriraj,2000.0,2000.0,2000.0,Rs./Quintal,Grade A
Birmaharajpur APMC,1.8,Metric Tonnes,Other,1700.0,1900.0,1800.0,Rs./Quintal,Local
Bolangir APMC,5.0,Metric Tonnes,Other,1400.0,1800.0,1600.0,Rs./Quintal,Large
Boudh APMC,1.5,Metric Tonnes,Other,1800.0,2200.0,2000.0,Rs./Quintal,Local
Chandabali APMC,65.0,Metric Tonnes,Other,1250.0,1500.0,1330.0,Rs./Quintal,Grade Range-2
Chatta Krushak Bazar APMC,0.6,Metric Tonnes,Potato,1300.0,1300.0,1300.0,Rs./Quintal,Grade B
Dungurapalli APMC,0.38,Metric Tonnes,Other,2100.0,2300.0,2200.0,Rs./Quintal,Medium
Hindol APMC,2.0,Metric Tonnes,Potato,1300.0,1500.0,1400.0,Rs./Quintal,Grade B
Jagatsinghpur APMC,250.0,Metric Tonnes,Potato,1400.0,1500.0,1450.0,Rs./Quintal,FAQ
Jharsuguda APMC,1.6,Metric Tonnes,Other,1700.0,2000.0,1700.0,Rs./Quintal,Grade A
Kamakhyanagar APMC,12.0,Metric Tonnes,Potato,1500.0,1500.0,1500.0,Rs./Quintal,Grade A
Kendrapara(Marshaghai) APMC,0.75,Metric Tonnes,Potato,1300.0,1300.0,1300.0,Rs./Quintal,Grade B
Khariar Road APMC,0.5,Metric Tonnes,Other,2000.0,2000.0,2000.0,Rs./Quintal,Grade A
Khunthabandha APMC,1.5,Metric Tonnes,Potato,1800.0,2200.0,2000.0,Rs./Quintal,Local
Pandkital APMC,0.30000000000000004,Metric Tonnes,Other,2000.0,2100.0,2050.0,Rs./Quintal,Medium
Pattamundai APMC,0.8,Metric Tonnes,Potato,1300.0,1300.0,1300.0,Rs./Quintal,Grade B
Rairakhol APMC,1.2000000000000002,Metric Tonnes,Potato,1200.0,1700.0,1500.0,Rs./Quintal,Grade B
Sargipali APMC,2.6,Metric Tonnes,Other,1100.0,1500.0,1200.0,Rs./Quintal,FAQ
Talcher APMC,2.2,Metric Tonnes,Other,1700.0,2100.0,1900.0,Rs./Quintal,Large
Tusura APMC,4.5,Metric Tonnes,Other,1400.0,1800.0,1600.0,Rs./Quintal,Medium
Udala APMC,1.5,Metric Tonnes,Potato,900.0,1100.0,1000.0,Rs./Quintal,FAQ
Total,360.23,Metric Tonnes,,,,1448.4,Rs./Quintal,
State/UT Name : Punjab
Adampur APMC,4.0,Metric Tonnes,Local,500.0,600.0,600.0,Rs./Quintal,FAQ
Baghapurana APMC,0.75,Metric Tonnes,Potato,700.0,900.0,800.0,Rs./Quintal,Grade B
Balachaur APMC,5.1000000000000005,Metric Tonnes,Other,700.0,1000.0,900.0,Rs./Quintal,Medium
Bassi Pathana APMC,1.5,Metric Tonnes,Potato,1000.0,12000.0,1100.0,Rs./Quintal,Medium
Bathinda APMC,410.0,Metric Tonnes,Other,700.0,850.0,800.0,Rs./Quintal,Grade B
Bhagta Bhai Ka APMC,0.7,Metric Tonnes,Other,1100.0,1100.0,1100.0,Rs./Quintal,Medium
Bhawanigarh APMC,5.0,Metric Tonnes,Other,500.0,600.0,550.0,Rs./Quintal,Medium
Bhucho APMC,0.4,Metric Tonnes,Potato,900.0,900.0,900.0,Rs./Quintal,Local
Dasuya APMC,1.5,Metric Tonnes,Potato,1100.0,1100.0,1100.0,Rs./Quintal,FAQ
Dharamkot APMC,2.3,Metric Tonnes,Other,1000.0,1000.0,1000.0,Rs./Quintal,Grade A
Dhuri APMC,1.0,Metric Tonnes,Other,600.0,650.0,630.0,Rs./Quintal,Medium
Dinanagar APMC,1.65,Metric Tonnes,Potato,1000.0,1200.0,1100.0,Rs./Quintal,Medium
Doraha APMC,4.3,Metric Tonnes,Desi,250.0,700.0,600.0,Rs./Quintal,Local
Dudhansadhan APMC,0.6,Metric Tonnes,Other,800.0,800.0,800.0,Rs./Quintal,Grade B
F.G.Churian APMC,0.5,Metric Tonnes,Potato,900.0,900.0,900.0,Rs./Quintal,Grade A
Fazilka APMC,12.95,Metric Tonnes,Potato,900.0,900.0,900.0,Rs./Quintal,FAQ
Ferozepur Cantt. APMC,0.25,Metric Tonnes,Desi,400.0,600.0,500.0,Rs./Quintal,Grade A
Garh Shankar APMC,8.6,Metric Tonnes,Other,900.0,900.0,900.0,Rs./Quintal,FAQ
Garh Shankar(Mahalpur) APMC,6.4,Metric Tonnes,Potato,700.0,700.0,700.0,Rs./Quintal,FAQ
GarhShankar (Kotfatuhi) APMC,0.6,Metric Tonnes,Other,900.0,900.0,900.0,Rs./Quintal,FAQ
Ghanaur APMC,0.2,Metric Tonnes,Other,800.0,1000.0,900.0,Rs./Quintal,FAQ
Giddarbaha APMC,2.6,Metric Tonnes,Potato,900.0,900.0,900.0,Rs./Quintal,FAQ
Goraya APMC,0.3,Metric Tonnes,Other,900.0,900.0,900.0,Rs./Quintal,Local
Gurdaspur APMC,6.0,Metric Tonnes,Other,700.0,700.0,700.0,Rs./Quintal,Grade A
Jagraon APMC,4.0,Metric Tonnes,Other,230.0,230.0,230.0,Rs./Quintal,FAQ
Jalalabad APMC,5.300000000000001,Metric Tonnes,Potato,1000.0,1200.0,1100.0,Rs./Quintal,Medium
Jalandhar City(Jalandhar) APMC,192.9,Metric Tonnes,Other,100.0,600.0,320.0,Rs./Quintal,FAQ
Khamano APMC,0.5,Metric Tonnes,Potato,1000.0,1000.0,1000.0,Rs./Quintal,FAQ
Khanna APMC,59.5,Metric Tonnes,Local,500.0,500.0,500.0,Rs./Quintal,Grade A
Kharar APMC,9.8,Metric Tonnes,Potato,700.0,900.0,800.0,Rs./Quintal,Non-FAQ
Kotkapura APMC,20.0,Metric Tonnes,Local,800.0,900.0,875.0,Rs./Quintal,FAQ
Kurali APMC,3.8000000000000003,Metric Tonnes,Other,800.0,900.0,850.0,Rs./Quintal,Medium
Lalru APMC,6.0,Metric Tonnes,Other,800.0,800.0,800.0,Rs./Quintal,Local
Lehra Gaga APMC,2.5,Metric Tonnes,Other,700.0,700.0,700.0,Rs./Quintal,Grade A
Lohian Khas APMC,1.0,Metric Tonnes,Other,300.0,500.0,400.0,Rs./Quintal,Local
Machhiwara APMC,1.1039999999999999,Metric Tonnes,Local,600.0,800.0,700.0,Rs./Quintal,FAQ
Malerkotla APMC,15.0,Metric Tonnes,Other,300.0,600.0,500.0,Rs./Quintal,Local
Malout APMC,14.02,Metric Tonnes,Potato,600.0,600.0,600.0,Rs./Quintal,Grade A
Mamdot APMC,1.6,Metric Tonnes,Other,800.0,800.0,800.0,Rs./Quintal,Local
Mansa APMC,10.0,Metric Tonnes,Other,845.0,845.0,845.0,Rs./Quintal,FAQ
Maur APMC,0.4,Metric Tonnes,Other,600.0,700.0,650.0,Rs./Quintal,Grade B
Mukerian APMC,2.9850000000000003,Metric Tonnes,Potato,1000.0,1200.0,1100.0,Rs./Quintal,Local
Mukerian(Talwara) APMC,1.0,Metric Tonnes,Potato,800.0,1600.0,1200.0,Rs./Quintal,FAQ
Muktsar APMC,0.27999999999999997,Metric Tonnes,Potato,600.0,1000.0,800.0,Rs./Quintal,Medium
Nabha APMC,15.8,Metric Tonnes,Other,300.0,700.0,440.0,Rs./Quintal,Grade C
Nakodar APMC,1.0,Metric Tonnes,Potato,400.0,400.0,400.0,Rs./Quintal,Local
Nawan Shahar(Subzi Mandi) APMC,4.0,Metric Tonnes,Potato,700.0,800.0,750.0,Rs./Quintal,FAQ
Nihal Singh Wala APMC,1.0,Metric Tonnes,Potato,700.0,700.0,700.0,Rs./Quintal,FAQ
Pathankot APMC,55.0,Metric Tonnes,Potato,600.0,600.0,600.0,Rs./Quintal,Medium
Patiala APMC,51.0,Metric Tonnes,Potato,500.0,700.0,600.0,Rs./Quintal,Grade B
Patran APMC,75.0,Metric Tonnes,Other,430.0,430.0,430.0,Rs./Quintal,Grade A
Patti APMC,0.86,Metric Tonnes,Potato,0.1,0.1,0.1,Rs./Quintal,Local
Phagwara APMC,26.400000000000002,Metric Tonnes,Other,328.0,690.0,659.0,Rs./Quintal,FAQ
Raikot APMC,4.0,Metric Tonnes,Badshah,650.0,650.0,650.0,Rs./Quintal,Grade A
Rajpura APMC,8.0,Metric Tonnes,Local,650.0,790.0,750.0,Rs./Quintal,Grade B
Rajpura APMC,6.5,Metric Tonnes,Local,700.0,900.0,850.0,Rs./Quintal,Grade A
Raman APMC,2.7,Metric Tonnes,Other,505.0,615.0,565.0,Rs./Quintal,Medium
Rampuraphul(Nabha Mandi) APMC,3.0,Metric Tonnes,Other,600.0,800.0,700.0,Rs./Quintal,Grade A
Rayya APMC,0.035,Metric Tonnes,Potato,752.0,752.0,752.0,Rs./Quintal,FAQ
Ropar APMC,150.0,Metric Tonnes,Local,700.0,900.0,800.0,Rs./Quintal,Non-FAQ
Samana APMC,50.0,Metric Tonnes,Other,500.0,1500.0,600.0,Rs./Quintal,Local
Samrala APMC,3.5,Metric Tonnes,Other,400.0,550.0,500.0,Rs./Quintal,Local
Sangrur APMC,9.0,Metric Tonnes,Local,700.0,780.0,750.0,Rs./Quintal,Local
Sirhind APMC,10.5,Metric Tonnes,Other,607.0,900.0,800.0,Rs./Quintal,FAQ
Sunam APMC,8.0,Metric Tonnes,Potato,600.0,600.0,600.0,Rs./Quintal,Grade A
Talwandi Sabo APMC,0.5,Metric Tonnes,Other,800.0,1200.0,1000.0,Rs./Quintal,Grade A
Tanda Urmur APMC,3.2,Metric Tonnes,Local,1000.0,1200.0,1100.0,Rs./Quintal,Grade A
Tarantaran APMC,1.3,Metric Tonnes,Other,900.0,900.0,900.0,Rs./Quintal,Local
Zira APMC,1.83,Metric Tonnes,Other,700.0,700.0,700.0,Rs./Quintal,Local
Total,1321.01,Metric Tonnes,,,,657.4,Rs./Quintal,
State/UT Name : Rajasthan
Ajmer(F&V) APMC,22.5,Metric Tonnes,Other,700.0,1300.0,1000.0,Rs./Quintal,Medium
Baran APMC,3.0,Metric Tonnes,Other,600.0,700.0,650.0,Rs./Quintal,Local
Bassi APMC,0.30000000000000004,Metric Tonnes,Other,1800.0,2100.0,1950.0,Rs./Quintal,Local
Bayana APMC,4.0,Metric Tonnes,Other,1100.0,1100.0,1100.0,Rs./Quintal,Local
Bhadara APMC,1.4,Metric Tonnes,Other,800.0,900.0,843.0,Rs./Quintal,FAQ
Bhilwara APMC,53.800000000000004,Metric Tonnes,Other,900.0,1100.0,1000.0,Rs./Quintal,FAQ
Churu APMC,4.5,Metric Tonnes,Red Nanital,900.0,1100.0,1000.0,Rs./Quintal,FAQ
Dablirathan APMC,0.25,Metric Tonnes,Red Nanital,900.0,950.0,925.0,Rs./Quintal,Local
Goluwala APMC,0.375,Metric Tonnes,Red Nanital,500.0,600.0,600.0,Rs./Quintal,Non-FAQ
HanumangarhTown APMC,274.90000000000003,Metric Tonnes,Red Nanital,600.0,600.0,600.0,Rs./Quintal,Non-FAQ
Jaipur (F&V) APMC,182.5,Metric Tonnes,Other,400.0,900.0,650.0,Rs./Quintal,FAQ
Jhunjhunu APMC,7.2,Metric Tonnes,Other,600.0,800.0,600.0,Rs./Quintal,FAQ
Jodhpur (F&V) APMC,278.5,Metric Tonnes,Potato,400.0,800.0,600.0,Rs./Quintal,Medium
Kota (F&V) APMC,216.9,Metric Tonnes,Other,700.0,700.0,700.0,Rs./Quintal,Medium
Rajsamand APMC,8.8,Metric Tonnes,Potato,1000.0,1200.0,1100.0,Rs./Quintal,FAQ
Rawatsar APMC,1.8,Metric Tonnes,Red Nanital,500.0,800.0,600.0,Rs./Quintal,FAQ
Sangriya APMC,0.6000000000000001,Metric Tonnes,Potato,600.0,1600.0,1200.0,Rs./Quintal,Local
Sikar APMC,91.60000000000001,Metric Tonnes,Other,700.0,700.0,700.0,Rs./Quintal,FAQ
Sriganganagar (F&V) APMC,34.0,Metric Tonnes,Desi,800.0,1200.0,1000.0,Rs./Quintal,Grade B
Sujangarh APMC,2.0,Metric Tonnes,Other,700.0,900.0,800.0,Rs./Quintal,Local
Udaipur (F&V) APMC,31.6,Metric Tonnes,Other,500.0,1000.0,750.0,Rs./Quintal,Medium
Total,1220.52,Metric Tonnes,,,,680.93,Rs./Quintal,
State/UT Name : Tamil Nadu
AJattihalli(Uzhavar Sandhai ),0.56,Metric Tonnes,Other,2400.0,2800.0,2600.0,Rs./Quintal,Local
Alangudi(Uzhavar Sandhai ),0.1,Metric Tonnes,Other,6000.0,7000.0,6500.0,Rs./Quintal,Local
Ambattur(Uzhavar Sandhai ),0.02,Metric Tonnes,Red Nanital,4000.0,4000.0,4000.0,Rs./Quintal,Local
Ammapet(Uzhavar Sandhai ),0.1,Metric Tonnes,Other,4500.0,5000.0,4750.0,Rs./Quintal,Local
Anaiyur(Uzhavar Sandhai ),0.4,Metric Tonnes,Red Nanital,4500.0,5500.0,5000.0,Rs./Quintal,Local
Andipatti(Uzhavar Sandhai ),0.28,Metric Tonnes,Other,2400.0,2600.0,2500.0,Rs./Quintal,Local
Anna nagar(Uzhavar Sandhai ),0.92,Metric Tonnes,Red Nanital,5000.0,5500.0,5250.0,Rs./Quintal,Local
Anna nagar(Uzhavar Sandhai ),0.37,Metric Tonnes,Other,6200.0,6200.0,6200.0,Rs./Quintal,Local
Arani(Uzhavar Sandhai ),0.5,Metric Tonnes,Red Nanital,3500.0,4200.0,3850.0,Rs./Quintal,Local
Arcot(Uzhavar Sandhai ),0.27,Metric Tonnes,Red Nanital,3000.0,3000.0,3000.0,Rs./Quintal,Local
Ariyalur(Uzhavar Sandhai),0.04,Metric Tonnes,Red Nanital,3500.0,4000.0,3750.0,Rs./Quintal,Local
Aruppukottai(Uzhavar Sandhai ),0.24,Metric Tonnes,Red Nanital,3000.0,3500.0,3250.0,Rs./Quintal,Local
Athur(Uzhavar Sandhai ),0.05,Metric Tonnes,Other,5000.0,5500.0,5250.0,Rs./Quintal,Local
Avallapalli(Uzhavar Sandhai ),0.22,Metric Tonnes,Red Nanital,2000.0,2500.0,2250.0,Rs./Quintal,Local
Bodinayakanur(Uzhavar Sandhai ),0.24,Metric Tonnes,Red Nanital,2600.0,2600.0,2600.0,Rs./Quintal,Local
Chengalpet(Uzhavar Sandhai ),0.08,Metric Tonnes,Red Nanital,2500.0,3000.0,2750.0,Rs./Quintal,Local
Chengam(Uzhavar Sandhai ),0.14,Metric Tonnes,Red Nanital,2500.0,3000.0,2750.0,Rs./Quintal,Local
Cheyyar(Uzhavar Sandhai ),0.05,Metric Tonnes,Other,3500.0,4200.0,3850.0,Rs./Quintal,Local
Chidambaram(Uzhavar Sandhai ),0.01,Metric Tonnes,Red Nanital,4000.0,4000.0,4000.0,Rs./Quintal,Local
Chinnalapatti(Uzhavar Sandhai ),0.08,Metric Tonnes,Red Nanital,4000.0,6000.0,5000.0,Rs./Quintal,Local
Chinnamanur(Uzhavar Sandhai ),0.3,Metric Tonnes,Other,5200.0,5200.0,5200.0,Rs./Quintal,Local
Chokkikulam(Uzhavar Sandhai ),1.5,Metric Tonnes,Red Nanital,2800.0,5500.0,4150.0,Rs./Quintal,Local
Coonoor(Uzhavar Sandhai ),0.72,Metric Tonnes,Other,5000.0,5500.0,5250.0,Rs./Quintal,Local
Cuddalore(Uzhavar Sandhai ),0.4,Metric Tonnes,Red Nanital,4000.0,4000.0,4000.0,Rs./Quintal,Local
Denkanikottai(Uzhavar Sandhai ),0.16,Metric Tonnes,Red Nanital,2000.0,2500.0,2250.0,Rs./Quintal,Local
Devakottai (Uzhavar Sandhai ),0.14,Metric Tonnes,Other,3000.0,3400.0,3200.0,Rs./Quintal,Local
Devaram(Uzhavar Sandhai ),0.27,Metric Tonnes,Red Nanital,2600.0,2600.0,2600.0,Rs./Quintal,Local
Dharapuram(Uzhavar Sandhai ),0.65,Metric Tonnes,Other,6000.0,6500.0,6250.0,Rs./Quintal,Local
Dharmapuri(Uzhavar Sandhai ),0.44,Metric Tonnes,Red Nanital,2600.0,2800.0,2700.0,Rs./Quintal,Local
Dindigul(Uzhavar Sandhai ),0.55,Metric Tonnes,Other,5000.0,6000.0,5500.0,Rs./Quintal,Local
Edapadi (Uzhavar Sandhai ),0.36,Metric Tonnes,Other,2500.0,3000.0,2750.0,Rs./Quintal,Local
Elampillai(Uzhavar Sandhai ),0.36,Metric Tonnes,Other,2500.0,3000.0,2750.0,Rs./Quintal,Local
Gandarvakottai(Uzhavar Sandhai ),0.27,Metric Tonnes,Other,5500.0,6000.0,5750.0,Rs./Quintal,Local
Gandhigramam(Uzhavar Sandhai),0.29,Metric Tonnes,Other,3500.0,6000.0,4750.0,Rs./Quintal,Local
Gingee(Uzhavar Sandhai ),0.12,Metric Tonnes,Red Nanital,4000.0,4000.0,4000.0,Rs./Quintal,Local
Gobichettipalayam(Uzhavar Sandhai ),0.24,Metric Tonnes,Red Nanital,3800.0,4200.0,4000.0,Rs./Quintal,Local
Gudalur(Uzhavar Sandhai ),0.04,Metric Tonnes,Red Nanital,5000.0,5500.0,5250.0,Rs./Quintal,Local
Gudiyatham(Uzhavar Sandhai ),0.06,Metric Tonnes,Red Nanital,3000.0,3000.0,3000.0,Rs./Quintal,Local
Guduvancheri(Uzhavar Sandhai ),0.06,Metric Tonnes,Other,2500.0,3000.0,2750.0,Rs./Quintal,Local
Harur(Uzhavar Sandhai ),0.18,Metric Tonnes,Red Nanital,2500.0,3000.0,2750.0,Rs./Quintal,Local
Hasthampatti(Uzhavar Sandhai ),0.36,Metric Tonnes,Other,4600.0,5000.0,4800.0,Rs./Quintal,Local
Hosur(Uzhavar Sandhai ),1.18,Metric Tonnes,Red Nanital,2000.0,2500.0,2250.0,Rs./Quintal,Local
Jalagandapuram(Uzhavar Sandhai ),0.1,Metric Tonnes,Other,2600.0,2800.0,2700.0,Rs./Quintal,Local
Jameenrayapettai(Uzhavar Sandhai ),0.18,Metric Tonnes,Other,2500.0,3000.0,2750.0,Rs./Quintal,Local
Kahithapattarai(Uzhavar Sandhai ),0.11,Metric Tonnes,Other,3000.0,3000.0,3000.0,Rs./Quintal,Local
Kallakurichi(Uzhavar Sandhai ),0.15,Metric Tonnes,Red Nanital,3000.0,3000.0,3000.0,Rs./Quintal,Local
Kambam(Uzhavar Sandhai ),1.65,Metric Tonnes,Red Nanital,2200.0,2600.0,2400.0,Rs./Quintal,Local
Kancheepuram(Uzhavar Sandhai ),0.05,Metric Tonnes,Other,2200.0,3000.0,2600.0,Rs./Quintal,Local
Karaikudi(Uzhavar Sandhai ),0.28,Metric Tonnes,Red Nanital,4500.0,5500.0,5000.0,Rs./Quintal,Local
Karambakkudi(Uzhavar Sandhai ),0.09,Metric Tonnes,Other,3000.0,3500.0,3250.0,Rs./Quintal,Local
Karimangalam(Uzhavar Sandhai),0.12,Metric Tonnes,Other,2600.0,2800.0,2700.0,Rs./Quintal,Local
Kariyapatti(Uzhavar Sandhai ),0.11,Metric Tonnes,Red Nanital,3000.0,3500.0,3250.0,Rs./Quintal,Local
Karur(Uzhavar Sandhai ),0.21,Metric Tonnes,Other,5500.0,6000.0,5750.0,Rs./Quintal,Local
Katpadi (Uzhavar Sandhai ),1.0,Metric Tonnes,Red Nanital,3800.0,3800.0,3800.0,Rs./Quintal,Local
Kaveripattinam(Uzhavar Sandhai ),0.07,Metric Tonnes,Red Nanital,4000.0,4000.0,4000.0,Rs./Quintal,Local
Kovilpatti(Uzhavar Sandhai ),0.17,Metric Tonnes,Other,3000.0,3500.0,3250.0,Rs./Quintal,Local
Krishnagiri(Uzhavar Sandhai ),0.75,Metric Tonnes,Red Nanital,2200.0,2600.0,2400.0,Rs./Quintal,Local
Kulithalai(Uzhavar Sandhai ),0.36,Metric Tonnes,Other,5000.0,5500.0,5250.0,Rs./Quintal,Local
Kumarapalayam(Uzhavar Sandhai ),0.04,Metric Tonnes,Other,2800.0,3000.0,2900.0,Rs./Quintal,Local
Kumbakonam (Uzhavar Sandhai ),0.72,Metric Tonnes,Red Nanital,3000.0,3600.0,3300.0,Rs./Quintal,Local
Kundrathur(Uzhavar Sandhai ),0.25,Metric Tonnes,Other,2600.0,2600.0,2600.0,Rs./Quintal,Local
Lalgudi(Uzhavar Sandhai ),0.25,Metric Tonnes,Red Nanital,3000.0,3000.0,3000.0,Rs./Quintal,Local
Madhuranthagam(Uzhavar Sandhai ),0.06,Metric Tonnes,Red Nanital,4000.0,4000.0,4000.0,Rs./Quintal,Local
Manachanallur(Uzhavar Sandhai ),0.1,Metric Tonnes,Red Nanital,3000.0,3000.0,3000.0,Rs./Quintal,Local
Manapparai(Uzhavar Sandhai ),0.24,Metric Tonnes,Other,3000.0,3000.0,3000.0,Rs./Quintal,Local
Mannargudi I(Uzhavar Sandhai ),1.25,Metric Tonnes,Red Nanital,3000.0,3000.0,3000.0,Rs./Quintal,Local
Mannargudi II(Uzhavar Sandhai ),0.45,Metric Tonnes,Red Nanital,3000.0,3000.0,3000.0,Rs./Quintal,Local
Mayiladuthurai(Uzhavar Sandhai ),0.07,Metric Tonnes,Red Nanital,3000.0,3000.0,3000.0,Rs./Quintal,Local
Medavakkam(Uzhavar Sandhai ),0.05,Metric Tonnes,Other,3000.0,3000.0,3000.0,Rs./Quintal,Local
Melapalayam(Uzhavar Sandhai ),0.75,Metric Tonnes,Other,2400.0,2600.0,2500.0,Rs./Quintal,Local
Mettupalayam(Uzhavar Sandhai ),0.52,Metric Tonnes,Red Nanital,3500.0,6000.0,4750.0,Rs./Quintal,Local
Mettur(Uzhavar Sandhai ),0.16,Metric Tonnes,Other,4000.0,4500.0,4250.0,Rs./Quintal,Local
Mohanur(Uzhavar Sandhai ),0.2,Metric Tonnes,Other,3000.0,3500.0,3250.0,Rs./Quintal,Local
Musiri(Uzhavar Sandhai ),0.46,Metric Tonnes,Red Nanital,2500.0,3000.0,2750.0,Rs./Quintal,Local
Muthupettai(Uzhavar Sandhai ),0.05,Metric Tonnes,Red Nanital,3000.0,3000.0,3000.0,Rs./Quintal,Local
Myladi(Uzhavar Sandhai ),0.04,Metric Tonnes,Red Nanital,2500.0,3000.0,2750.0,Rs./Quintal,Local
NGO Colony(Uzhavar Sandhai ),0.52,Metric Tonnes,Red Nanital,2400.0,2600.0,2500.0,Rs./Quintal,Local
Nagapattinam(Uzhavar Sandhai ),0.11,Metric Tonnes,Red Nanital,3800.0,3800.0,3800.0,Rs./Quintal,Local
Namakkal(Uzhavar Sandhai ),0.9,Metric Tonnes,Other,2500.0,3000.0,2750.0,Rs./Quintal,Local
Nanganallur(Uzhavar Sandhai ),0.08,Metric Tonnes,Red Nanital,3500.0,4000.0,3750.0,Rs./Quintal,Local
Naravarikuppam(Uzhavar Sandhai ),0.08,Metric Tonnes,Red Nanital,4000.0,4000.0,4000.0,Rs./Quintal,Local
Natrampalli(Uzhavar Sandhai ),0.36,Metric Tonnes,Red Nanital,3000.0,3500.0,3250.0,Rs./Quintal,Local
Padappai(Uzhavar Sandhai ),0.15,Metric Tonnes,Other,2500.0,3500.0,3000.0,Rs./Quintal,Local
Palacode(Uzhavar Sandhai ),0.24,Metric Tonnes,Other,2600.0,2800.0,2700.0,Rs./Quintal,Local
Palanganatham(Uzhavar Sandhai ),0.45,Metric Tonnes,Other,5000.0,5500.0,5250.0,Rs./Quintal,Local
Palani(Uzhavar Sandhai ),0.69,Metric Tonnes,Red Nanital,4000.0,4500.0,4250.0,Rs./Quintal,Local
Palayamkottai(Uzhavar Sandhai ),2.35,Metric Tonnes,Red Nanital,2400.0,2600.0,2500.0,Rs./Quintal,Local
Palladam(Uzhavar Sandhai ),0.09,Metric Tonnes,Other,2500.0,3000.0,2750.0,Rs./Quintal,Local
Pallavaram(Uzhavar Sandhai ),0.45,Metric Tonnes,Other,2500.0,3000.0,2750.0,Rs./Quintal,Local
Pallikonda(Uzhavar Sandhai),0.04,Metric Tonnes,Red Nanital,2500.0,3000.0,2750.0,Rs./Quintal,Local
Panruti(Uzhavar Sandhai ),0.06,Metric Tonnes,Red Nanital,4000.0,4000.0,4000.0,Rs./Quintal,Local
Papanasam(Uzhavar Sandhai ),0.22,Metric Tonnes,Red Nanital,3000.0,3600.0,3300.0,Rs./Quintal,Local
Paramakudi(Uzhavar Sandhai ),0.52,Metric Tonnes,Red Nanital,4500.0,5000.0,4750.0,Rs./Quintal,Local
Paramathivelur(Uzhavar Sandhai ),0.13,Metric Tonnes,Other,3500.0,4000.0,3750.0,Rs./Quintal,Local
Paruthipattu(Uzhavar Sandhai ),0.17,Metric Tonnes,Red Nanital,4000.0,4000.0,4000.0,Rs./Quintal,Local
Pattukottai(Uzhavar Sandhai ),0.25,Metric Tonnes,Red Nanital,3000.0,3000.0,3000.0,Rs./Quintal,Local
Pennagaram(Uzhavar Sandhai ),0.17,Metric Tonnes,Red Nanital,3300.0,3500.0,3400.0,Rs./Quintal,Local
Perambalur(Uzhavar Sandhai ),0.45,Metric Tonnes,Other,2800.0,3000.0,2900.0,Rs./Quintal,Local
Perampet(Uzhavar Sandhai),0.04,Metric Tonnes,Red Nanital,3000.0,3000.0,3000.0,Rs./Quintal,Local
Peravurani(Uzhavar Sandhai),0.08,Metric Tonnes,Red Nanital,3000.0,3000.0,3000.0,Rs./Quintal,Local
Periyakulam(Uzhavar Sandhai ),0.25,Metric Tonnes,Other,2600.0,2600.0,2600.0,Rs./Quintal,Local
Perundurai(Uzhavar Sandhai ),0.13,Metric Tonnes,Other,3200.0,3500.0,3350.0,Rs./Quintal,Local
Pollachi(Uzhavar Sandhai ),0.2,Metric Tonnes,Red Nanital,4000.0,6500.0,5250.0,Rs./Quintal,Local
Polur(Uzhavar Sandhai ),0.25,Metric Tonnes,Red Nanital,3300.0,4000.0,3650.0,Rs./Quintal,Local
Pudukottai(Uzhavar Sandhai ),0.76,Metric Tonnes,Other,6000.0,7000.0,6500.0,Rs./Quintal,Local
RSPuram(Uzhavar Sandhai ),3.28,Metric Tonnes,Other,5000.0,6000.0,5500.0,Rs./Quintal,Local
Rajapalayam(Uzhavar Sandhai ),0.26,Metric Tonnes,Red Nanital,2500.0,3000.0,2750.0,Rs./Quintal,Local
Ramanathapuram(Uzhavar Sandhai ),0.13,Metric Tonnes,Red Nanital,5000.0,5200.0,5100.0,Rs./Quintal,Local
Ranipettai(Uzhavar Sandhai ),0.1,Metric Tonnes,Other,3000.0,3000.0,3000.0,Rs./Quintal,Local
Rasipuram(Uzhavar Sandhai ),0.74,Metric Tonnes,Other,3000.0,3500.0,3250.0,Rs./Quintal,Local
Sampath Nagar(Uzhavar Sandhai ),0.16,Metric Tonnes,Other,4600.0,5000.0,4800.0,Rs./Quintal,Local
Sankarapuram(Uzhavar Sandhai ),0.17,Metric Tonnes,Red Nanital,3500.0,3500.0,3500.0,Rs./Quintal,Local
Sathiyamagalam(Uzhavar Sandhai ),0.26,Metric Tonnes,Other,4000.0,4300.0,4150.0,Rs./Quintal,Local
Sathur(Uzhavar Sandhai ),0.02,Metric Tonnes,Red Nanital,3500.0,4000.0,3750.0,Rs./Quintal,Local
Singampunari(Uzhavar Sandhai ),0.08,Metric Tonnes,Other,5200.0,5600.0,5400.0,Rs./Quintal,Local
Singanallur(Uzhavar Sandhai ),1.24,Metric Tonnes,Other,5500.0,6000.0,5750.0,Rs./Quintal,Local
Sirkali(Uzhavar Sandhai ),0.37,Metric Tonnes,Red Nanital,3600.0,4000.0,3800.0,Rs./Quintal,Local
Sivagangai (Uzhavar Sandhai ),0.35,Metric Tonnes,Red Nanital,4500.0,4800.0,4650.0,Rs./Quintal,Local
Sivakasi(Uzhavar Sandhai ),0.04,Metric Tonnes,Red Nanital,3500.0,4000.0,3750.0,Rs./Quintal,Local
Sooramangalam(Uzhavar Sandhai ),0.34,Metric Tonnes,Other,5000.0,5600.0,5300.0,Rs./Quintal,Local
Srivilliputhur(Uzhavar Sandhai ),0.14,Metric Tonnes,Red Nanital,2500.0,3000.0,2750.0,Rs./Quintal,Local
Sulur(Uzhavar Sandhai ),0.24,Metric Tonnes,Other,5500.0,6000.0,5750.0,Rs./Quintal,Local
Sundarapuram(Uzhavar Sandhai ),0.27,Metric Tonnes,Other,5500.0,6000.0,5750.0,Rs./Quintal,Local
Sunguvarchatram(Uzhavar Sandhai ),0.25,Metric Tonnes,Other,2600.0,2600.0,2600.0,Rs./Quintal,Local
Thalavadi(Uzhavar Sandhai ),0.1,Metric Tonnes,Red Nanital,3400.0,3800.0,3600.0,Rs./Quintal,Local
Thalavaipuram(Uzhavar Sandhai ),0.05,Metric Tonnes,Red Nanital,2500.0,3000.0,2750.0,Rs./Quintal,Local
Thammampatti (Uzhavar Sandhai ),0.37,Metric Tonnes,Other,2800.0,3000.0,2900.0,Rs./Quintal,Local
Thanjavur(Uzhavar Sandhai ),0.45,Metric Tonnes,Other,4000.0,4000.0,4000.0,Rs./Quintal,Local
Thathakapatti(Uzhavar Sandhai ),0.66,Metric Tonnes,Red Nanital,2800.0,6500.0,4650.0,Rs./Quintal,Local
Theni(Uzhavar Sandhai ),1.29,Metric Tonnes,Other,2600.0,2600.0,2600.0,Rs./Quintal,Local
Thirupathur APMC,0.3,Metric Tonnes,Red Nanital,3000.0,3000.0,3000.0,Rs./Quintal,Local
Thiruverumbur(Uzhavar Sandhai ),0.6,Metric Tonnes,Other,3000.0,3000.0,3000.0,Rs./Quintal,Local
Thuraiyur APMC,0.43,Metric Tonnes,Other,3000.0,3500.0,3250.0,Rs./Quintal,Local
Tindivanam APMC,0.15,Metric Tonnes,Red Nanital,3800.0,3800.0,3800.0,Rs./Quintal,Local
Tiruchengode APMC,0.14,Metric Tonnes,Red Nanital,3000.0,3200.0,3100.0,Rs./Quintal,Local
Tirukattupalli(Uzhavar Sandhai ),0.26,Metric Tonnes,Red Nanital,3000.0,3000.0,3000.0,Rs./Quintal,Local
Tirupatthur(Uzhavar Sandhai ),0.23,Metric Tonnes,Red Nanital,3500.0,5000.0,4250.0,Rs./Quintal,Local
Tiruppur (North) (Uzhavar Sandhai ),0.09,Metric Tonnes,Other,5000.0,6000.0,5500.0,Rs./Quintal,Local
Tiruppur (South) (Uzhavar Sandhai ),0.49,Metric Tonnes,Other,4000.0,5000.0,4500.0,Rs./Quintal,Local
Tiruthani(Uzhavar Sandhai ),0.05,Metric Tonnes,Red Nanital,4000.0,4000.0,4000.0,Rs./Quintal,Local
Tiruvannamalai(Uzhavar Sandhai ),0.95,Metric Tonnes,Red Nanital,3000.0,3600.0,3300.0,Rs./Quintal,Local
Tuticorin(Uzhavar Sandhai ),0.54,Metric Tonnes,Other,3000.0,3500.0,3250.0,Rs./Quintal,Local
Udhagamandalam(Uzhavar Sandhai ),2.15,Metric Tonnes,Other,4500.0,5500.0,5000.0,Rs./Quintal,Local
Udumalpet APMC,0.11,Metric Tonnes,Red Nanital,3500.0,4000.0,3750.0,Rs./Quintal,Local
Ulundurpettai APMC,0.26,Metric Tonnes,Red Nanital,4000.0,4000.0,4000.0,Rs./Quintal,Local
Vadalur(Uzhavar Sandhai ),0.17,Metric Tonnes,Other,3500.0,4000.0,3750.0,Rs./Quintal,Local
Vadaseri APMC,0.22,Metric Tonnes,Red Nanital,3000.0,3500.0,3250.0,Rs./Quintal,Local
Vadavalli(Uzhavar Sandhai ),0.98,Metric Tonnes,Other,5000.0,6000.0,5500.0,Rs./Quintal,Local
Vandavasi(Uzhavar Sandhai ),0.02,Metric Tonnes,Other,3600.0,4200.0,3900.0,Rs./Quintal,Local
Vazhapadi(Uzhavar Sandhai),0.04,Metric Tonnes,Red Nanital,3000.0,3400.0,3200.0,Rs./Quintal,Local
Vedaranyam(Uzhavar Sandhai),0.05,Metric Tonnes,Red Nanital,4000.0,4000.0,4000.0,Rs./Quintal,Local
Vellore APMC,0.8,Metric Tonnes,Red Nanital,2400.0,3400.0,2900.0,Rs./Quintal,Local
Villupuram(Uzhavar Sandhai ),0.13,Metric Tonnes,Red Nanital,3500.0,3500.0,3500.0,Rs./Quintal,Local
Virudhunagar(Uzhavar Sandhai ),0.02,Metric Tonnes,Red Nanital,2500.0,3000.0,2750.0,Rs./Quintal,Local
Viruthachalam(Uzhavar Sandhai ),0.09,Metric Tonnes,Red Nanital,4000.0,4000.0,4000.0,Rs./Quintal,Local
Total,55.2,Metric Tonnes,,,,3848.23,Rs./Quintal,
State/UT Name : Telangana
"Alwal,RBZ",1.4000000000000001,Metric Tonnes,Other,1700.0,1700.0,1700.0,Rs./Quintal,FAQ
Bowenpally APMC,458.0,Metric Tonnes,Potato,600.0,1400.0,1200.0,Rs./Quintal,FAQ
"Excise Colony,RBZ ",0.26,Metric Tonnes,Other,3000.0,3000.0,3000.0,Rs./Quintal,Grade A
Gudimalkapur APMC,192.60000000000002,Metric Tonnes,Potato,1000.0,1600.0,1200.0,Rs./Quintal,Grade B
"Kukatpally,RBZ",15.6,Metric Tonnes,Other,1700.0,1700.0,1700.0,Rs./Quintal,Local
L B Nagar APMC,33.2,Metric Tonnes,Potato,1000.0,1500.0,1200.0,Rs./Quintal,Medium
Mahabubnagar(Rythu Bazar),2.54,Metric Tonnes,Red Nanital,2400.0,2400.0,2400.0,Rs./Quintal,Local
Mahboob Manison APMC,32.0,Metric Tonnes,Potato,1900.0,1900.0,1900.0,Rs./Quintal,Medium
Miryalguda(Rythu Bazar) ,1.5,Metric Tonnes,Potato,3000.0,3000.0,3000.0,Rs./Quintal,Grade A
RYTHU BAZAR ERRAGADDA,11.8,Metric Tonnes,Potato,1700.0,1700.0,1700.0,Rs./Quintal,Grade A
RYTHU BAZAR MEHDIPATNAM,6.1,Metric Tonnes,Potato,1700.0,1700.0,1700.0,Rs./Quintal,Grade A
Sangareddy APMC,3.3,Metric Tonnes,Other,1500.0,1500.0,1500.0,Rs./Quintal,Grade B
"Saroornagar,RBZ",1.8,Metric Tonnes,Other,1700.0,1700.0,1700.0,Rs./Quintal,Medium
Shankarapally APMC,0.5,Metric Tonnes,Potato,2000.0,2000.0,2000.0,Rs./Quintal,Local
Siddipet(Rythu Bazar) ,3.3000000000000003,Metric Tonnes,Red Nanital,1500.0,2400.0,2000.0,Rs./Quintal,Grade A
"Vanasthalipuram,RBZ ",3.8,Metric Tonnes,Potato,1700.0,1700.0,1700.0,Rs./Quintal,Grade A
Venkateswarnagar APMC,0.30000000000000004,Metric Tonnes,Local,1600.0,2000.0,1800.0,Rs./Quintal,Grade A
Warangal APMC,2.4000000000000004,Metric Tonnes,Potato,1500.0,2000.0,1750.0,Rs./Quintal,FAQ
Total,770.4,Metric Tonnes,,,,1270.61,Rs./Quintal,
State/UT Name : Tripura
Bachaibari APMC,0.2,Metric Tonnes,Other,1300.0,1400.0,1350.0,Rs./Quintal,Medium
Bishalgarh APMC,3.0,Metric Tonnes,Potato,1200.0,1400.0,1300.0,Rs./Quintal,Medium
Boxonagar,0.25,Metric Tonnes,Other,1400.0,1600.0,1500.0,Rs./Quintal,Medium
Champaknagar APMC,0.4,Metric Tonnes,F.A.Q.,1800.0,2000.0,1900.0,Rs./Quintal,FAQ
Chowmanu APMC,1.6,Metric Tonnes,Jyoti,1800.0,2000.0,1900.0,Rs./Quintal,Local
Dasda APMC,0.30000000000000004,Metric Tonnes,Other,1400.0,1500.0,1450.0,Rs./Quintal,FAQ
Garjee APMC,2.0,Metric Tonnes,Jalander,1200.0,1300.0,1250.0,Rs./Quintal,FAQ
Gondatwisa APMC,1.0,Metric Tonnes,F.A.Q.,2000.0,2200.0,2100.0,Rs./Quintal,FAQ
Halahali,3.8,Metric Tonnes,Red Nanital,1500.0,1700.0,1600.0,Rs./Quintal,FAQ
Jampuijala APMC,0.4,Metric Tonnes,Jalander,3800.0,4000.0,3900.0,Rs./Quintal,Medium
Kadamtala,0.5,Metric Tonnes,Jyoti,1500.0,2500.0,2000.0,Rs./Quintal,FAQ
Kalyanpur APMC,7.0,Metric Tonnes,Jalander,1700.0,1800.0,1750.0,Rs./Quintal,FAQ
Kanchanpur,0.7000000000000001,Metric Tonnes,Potato,1100.0,13000.0,1200.0,Rs./Quintal,FAQ
Machmara,0.6000000000000001,Metric Tonnes,Local,1100.0,1300.0,1200.0,Rs./Quintal,FAQ
Manubazar,0.8,Metric Tonnes,Jyoti,1800.0,2000.0,1900.0,Rs./Quintal,Grade A
Masli,0.30000000000000004,Metric Tonnes,Desi,1800.0,2000.0,1900.0,Rs./Quintal,Local
Melaghar APMC,1.0,Metric Tonnes,Jalander,1200.0,1400.0,1300.0,Rs./Quintal,Local
Pabiacherra APMC,1.1,Metric Tonnes,Local,1100.0,1300.0,1200.0,Rs./Quintal,FAQ
Santir Bazar APMC,25.5,Metric Tonnes,Jyoti,1800.0,2000.0,1900.0,Rs./Quintal,Local
Silachhari APMC,0.1,Metric Tonnes,Other,1600.0,2000.0,1800.0,Rs./Quintal,FAQ
Sonamura APMC,0.12,Metric Tonnes,Other,1400.0,1600.0,1500.0,Rs./Quintal,Medium
Total,50.67,Metric Tonnes,,,,1763.37,Rs./Quintal,
State/UT Name : Uttar Pradesh
Agra APMC,1167.5,Metric Tonnes,Other,500.0,600.0,501.76,Rs./Quintal,FAQ
Aligarh APMC,105.0,Metric Tonnes,Other,500.0,500.0,500.0,Rs./Quintal,FAQ
Atrauli APMC,4.5,Metric Tonnes,Other,700.0,700.0,700.0,Rs./Quintal,FAQ
Auraiya APMC,130.2,Metric Tonnes,Other,500.0,600.0,540.09,Rs./Quintal,FAQ
Awagarh APMC,55.0,Metric Tonnes,Other,500.0,500.0,500.0,Rs./Quintal,FAQ
Babrala APMC,110.0,Metric Tonnes,Desi,580.0,600.0,590.0,Rs./Quintal,Medium
Babrala APMC,11.0,Metric Tonnes,Other,600.0,600.0,600.0,Rs./Quintal,FAQ
Badayoun APMC,276.1,Metric Tonnes,Other,550.0,550.0,550.0,Rs./Quintal,FAQ
Bangarmau APMC,51.0,Metric Tonnes,Other,700.0,700.0,700.0,Rs./Quintal,FAQ
Barabanki APMC,2410.6,Metric Tonnes,Other,600.0,745.0,603.09,Rs./Quintal,FAQ
Bareilly APMC,184.0,Metric Tonnes,Other,500.0,500.0,500.0,Rs./Quintal,FAQ
Bewar APMC,30.0,Metric Tonnes,Other,500.0,500.0,500.0,Rs./Quintal,FAQ
Bharthna APMC,160.0,Metric Tonnes,Other,500.0,500.0,500.0,Rs./Quintal,FAQ
Bhehjoi APMC,53.4,Metric Tonnes,Other,600.0,600.0,600.0,Rs./Quintal,FAQ
Bilsi APMC,173.1,Metric Tonnes,Other,550.0,700.0,568.63,Rs./Quintal,FAQ
Bisoli APMC,2579.0,Metric Tonnes,Other,500.0,600.0,500.47,Rs./Quintal,FAQ
Buland Shahr APMC,28.4,Metric Tonnes,Other,800.0,800.0,800.0,Rs./Quintal,FAQ
Chandausi APMC,195.75,Metric Tonnes,Other,600.0,630.0,600.63,Rs./Quintal,FAQ
Chhibramau APMC,1559.6,Metric Tonnes,Other,550.0,550.0,550.0,Rs./Quintal,FAQ
Choubepur APMC,243.0,Metric Tonnes,Other,550.0,550.0,550.0,Rs./Quintal,FAQ
Dhampur APMC,45.0,Metric Tonnes,Other,612.0,612.0,612.0,Rs./Quintal,FAQ
Dhanaura APMC,62.185,Metric Tonnes,Other,800.0,800.0,800.0,Rs./Quintal,FAQ
Dibiapur APMC,40.0,Metric Tonnes,Other,600.0,600.0,600.0,Rs./Quintal,FAQ
Divai APMC,223.0,Metric Tonnes,Other,500.0,500.0,500.0,Rs./Quintal,FAQ
Etah APMC,43.0,Metric Tonnes,Other,600.0,600.0,600.0,Rs./Quintal,FAQ
Etawah APMC,388.5,Metric Tonnes,Other,500.0,500.0,500.0,Rs./Quintal,FAQ
Farukhabad APMC,831.5,Metric Tonnes,Other,550.0,550.0,550.0,Rs./Quintal,FAQ
Fatehabad APMC,771.0,Metric Tonnes,Other,400.0,500.0,429.05,Rs./Quintal,FAQ
Fatehpur APMC,35.58,Metric Tonnes,Other,700.0,720.0,707.61,Rs./Quintal,FAQ
Firozabad APMC,318.0,Metric Tonnes,Other,500.0,500.0,500.0,Rs./Quintal,FAQ
Ghiraur APMC,1223.0,Metric Tonnes,Other,350.0,500.0,357.73,Rs./Quintal,FAQ
Golagokarnath APMC,3.5,Metric Tonnes,Other,700.0,700.0,700.0,Rs./Quintal,FAQ
Haathras APMC,1194.19,Metric Tonnes,Other,500.0,501.0,500.03,Rs./Quintal,FAQ
Islam Nagar APMC,107.4,Metric Tonnes,Other,550.0,555.0,551.4,Rs./Quintal,FAQ
Jahangirabad APMC,4.8,Metric Tonnes,Other,700.0,725.0,704.17,Rs./Quintal,FAQ
Jalalabad APMC,21.5,Metric Tonnes,Other,500.0,500.0,500.0,Rs./Quintal,FAQ
Jarar APMC,18.0,Metric Tonnes,Other,500.0,500.0,500.0,Rs./Quintal,FAQ
Jasvantnagar APMC,236.0,Metric Tonnes,Other,500.0,500.0,500.0,Rs./Quintal,FAQ
Jhijhank APMC,28.3,Metric Tonnes,Other,500.0,500.0,500.0,Rs./Quintal,FAQ
Kairana APMC,3.0,Metric Tonnes,Other,800.0,800.0,800.0,Rs./Quintal,FAQ
Kamlaganj APMC,755.0,Metric Tonnes,Other,550.0,560.0,550.33,Rs./Quintal,FAQ
Kannauj APMC,1862.3,Metric Tonnes,Other,550.0,1300.0,558.39,Rs./Quintal,FAQ
Kanpur(Grain) APMC,250.1,Metric Tonnes,Other,550.0,550.0,550.0,Rs./Quintal,FAQ
Kasganj APMC,576.5,Metric Tonnes,Other,600.0,605.0,600.66,Rs./Quintal,FAQ
Kayamganj APMC,25.5,Metric Tonnes,Other,550.0,550.0,550.0,Rs./Quintal,FAQ
Khair APMC,136.0,Metric Tonnes,Other,500.0,500.0,500.0,Rs./Quintal,FAQ
Khairagarh APMC,60.0,Metric Tonnes,Desi,500.0,600.0,550.0,Rs./Quintal,FAQ
Khairagarh APMC,80.0,Metric Tonnes,Other,500.0,500.0,500.0,Rs./Quintal,FAQ
Khalilabad APMC,100.0,Metric Tonnes,Potato,1500.0,1600.0,1550.0,Rs./Quintal,Medium
Khandhla APMC,12.0,Metric Tonnes,Other,850.0,850.0,850.0,Rs./Quintal,FAQ
Khekda APMC,2.3,Metric Tonnes,Other,800.0,1000.0,895.65,Rs./Quintal,FAQ
Khurja APMC,9.8,Metric Tonnes,Other,550.0,700.0,687.76,Rs./Quintal,FAQ
Kiratpur APMC,2.5,Metric Tonnes,Other,800.0,800.0,800.0,Rs./Quintal,FAQ
Kosikalan APMC,12.0,Metric Tonnes,Desi,750.0,810.0,760.0,Rs./Quintal,FAQ
Kosikalan APMC,9.0,Metric Tonnes,Other,600.0,800.0,733.33,Rs./Quintal,FAQ
Lakhimpur APMC,59.215,Metric Tonnes,Other,1200.0,1300.0,1234.23,Rs./Quintal,FAQ
Lalganj APMC,75.0,Metric Tonnes,Other,600.0,750.0,630.0,Rs./Quintal,FAQ
Lediyari APMC,3.0,Metric Tonnes,Other,700.0,750.0,725.0,Rs./Quintal,FAQ
Lucknow APMC,34.0,Metric Tonnes,Other,700.0,700.0,700.0,Rs./Quintal,FAQ
Madhoganj APMC,265.0,Metric Tonnes,Other,600.0,600.0,600.0,Rs./Quintal,FAQ
Mainpuri APMC,337.1,Metric Tonnes,Other,500.0,500.0,500.0,Rs./Quintal,FAQ
Mathura APMC,117.25,Metric Tonnes,Other,600.0,800.0,668.66,Rs./Quintal,FAQ
Meeranpur Katra APMC,12.0,Metric Tonnes,Other,550.0,550.0,550.0,Rs./Quintal,FAQ
Meerut APMC,78.8,Metric Tonnes,Other,700.0,1000.0,775.38,Rs./Quintal,FAQ
Mehmoodabad APMC,388.5,Metric Tonnes,Other,600.0,600.0,600.0,Rs./Quintal,FAQ
Mohamadabad APMC,1399.0,Metric Tonnes,Other,450.0,550.0,455.65,Rs./Quintal,FAQ
Mohammdi APMC,17.6,Metric Tonnes,Other,805.0,805.0,805.0,Rs./Quintal,FAQ
Muradabad APMC,25.28,Metric Tonnes,Other,1100.0,1100.0,1100.0,Rs./Quintal,FAQ
Paliakala APMC,47.5,Metric Tonnes,Other,700.0,700.0,700.0,Rs./Quintal,FAQ
Pilibhit APMC,8.35,Metric Tonnes,Other,550.0,950.0,696.11,Rs./Quintal,FAQ
Powayan APMC,189.58,Metric Tonnes,Other,600.0,1100.0,766.37,Rs./Quintal,FAQ
Prayagraj APMC,318.5,Metric Tonnes,Other,700.0,700.0,700.0,Rs./Quintal,FAQ
Rampurmaniharan APMC,2.0,Metric Tonnes,Other,1000.0,1000.0,1000.0,Rs./Quintal,FAQ
Rura APMC,60.0,Metric Tonnes,Other,650.0,650.0,650.0,Rs./Quintal,FAQ
Safdarganj APMC,195.5,Metric Tonnes,Other,580.0,580.0,580.0,Rs./Quintal,FAQ
Saharanpur APMC,105.3,Metric Tonnes,Other,520.0,820.0,667.55,Rs./Quintal,FAQ
Salon APMC,1069.0,Metric Tonnes,Other,300.0,600.0,302.53,Rs./Quintal,FAQ
Sambhal APMC,672.575,Metric Tonnes,Other,600.0,600.0,600.0,Rs./Quintal,FAQ
Samsabad APMC,410.0,Metric Tonnes,Local,400.0,600.0,500.0,Rs./Quintal,Local
Samsabad APMC,1170.0,Metric Tonnes,Other,450.0,500.0,454.7,Rs./Quintal,FAQ
Sandi APMC,64.0,Metric Tonnes,Other,600.0,600.0,600.0,Rs./Quintal,FAQ
Shadabad APMC,1000.2,Metric Tonnes,Other,500.0,500.0,500.0,Rs./Quintal,FAQ
Shahabad(New Mandi) APMC,200.0,Metric Tonnes,Other,550.0,550.0,550.0,Rs./Quintal,FAQ
Shahaswan APMC,14.0,Metric Tonnes,Other,600.0,600.0,600.0,Rs./Quintal,FAQ
Shamli APMC,12.4,Metric Tonnes,Other,1000.0,1200.0,1083.87,Rs./Quintal,FAQ
Shikohabad APMC,570.0,Metric Tonnes,Other,500.0,500.0,500.0,Rs./Quintal,FAQ
Sikanderabad APMC,47.0,Metric Tonnes,Other,800.0,800.0,800.0,Rs./Quintal,FAQ
Sikandraraau APMC,32.0,Metric Tonnes,Other,500.0,500.0,500.0,Rs./Quintal,FAQ
Sirsaganj APMC,1007.1,Metric Tonnes,Other,500.0,500.0,500.0,Rs./Quintal,FAQ
Sitapur APMC,30.0,Metric Tonnes,Other,500.0,500.0,500.0,Rs./Quintal,FAQ
Thanabhawan APMC,9.0,Metric Tonnes,Other,1000.0,1000.0,1000.0,Rs./Quintal,FAQ
Tilhar APMC,10.0,Metric Tonnes,Other,500.0,500.0,500.0,Rs./Quintal,FAQ
Tundla APMC,1191.5,Metric Tonnes,Other,500.0,507.0,500.14,Rs./Quintal,FAQ
Ujhani APMC,203.0,Metric Tonnes,Other,550.0,600.0,557.39,Rs./Quintal,FAQ
Uttaripura APMC,1120.0,Metric Tonnes,Other,550.0,550.0,550.0,Rs./Quintal,FAQ
Varanasi APMC,43.06,Metric Tonnes,Other,800.0,800.0,800.0,Rs./Quintal,FAQ
Viswan APMC,33.0,Metric Tonnes,Other,550.0,550.0,550.0,Rs./Quintal,FAQ
Wazirganj APMC,481.7,Metric Tonnes,Other,600.0,600.0,600.0,Rs./Quintal,FAQ
Total,32145.61,Metric Tonnes,,,,528.03,Rs./Quintal,
State/UT Name : Uttarakhand
Bhagwanpur(Naveen Mandi Sthal) APMC,39.0,Metric Tonnes,Other,400.0,600.0,500.0,Rs./Quintal,Grade B
Dehradoon APMC,2.5,Metric Tonnes,Local,500.0,800.0,600.0,Rs./Quintal,FAQ
Haldwani APMC,23.900000000000002,Metric Tonnes,Other,600.0,1500.0,1200.0,Rs./Quintal,FAQ
Haridwar Union APMC,28.0,Metric Tonnes,Desi,600.0,800.0,700.0,Rs./Quintal,FAQ
Khateema APMC,22.5,Metric Tonnes,Other,600.0,800.0,700.0,Rs./Quintal,Grade B
Kicchha APMC,6.0,Metric Tonnes,Desi,300.0,400.0,350.0,Rs./Quintal,Non-FAQ
Manglaur APMC,1.0,Metric Tonnes,Other,500.0,700.0,600.0,Rs./Quintal,Large
Ramnagar APMC,1.6,Metric Tonnes,Other,800.0,1000.0,900.0,Rs./Quintal,Local
Rishikesh APMC,10.200000000000001,Metric Tonnes,Other,700.0,975.0,850.0,Rs./Quintal,Medium
Roorkee APMC,2.5,Metric Tonnes,Other,800.0,1200.0,1000.0,Rs./Quintal,Medium
Rudrapur APMC,21.0,Metric Tonnes,Other,500.0,800.0,700.0,Rs./Quintal,Medium
Sitarganj APMC,3.6,Metric Tonnes,Kufri Giriraj,800.0,1200.0,1000.0,Rs./Quintal,Grade B
Vikasnagar APMC,8.0,Metric Tonnes,Other,800.0,800.0,800.0,Rs./Quintal,Medium
Total,169.8,Metric Tonnes,,,,736.4,Rs./Quintal,
State/UT Name : West Bengal
Alipurduar APMC,11.0,Metric Tonnes,Jyoti,590.0,640.0,620.0,Rs./Quintal,FAQ
Asansol APMC,52.0,Metric Tonnes,Jyoti,740.0,820.0,780.0,Rs./Quintal,FAQ
Balarampur APMC,8.0,Metric Tonnes,Other,700.0,800.0,750.0,Rs./Quintal,FAQ
Balurghat APMC,15.0,Metric Tonnes,Local,580.0,600.0,590.0,Rs./Quintal,FAQ
Bankura Sadar APMC,24.0,Metric Tonnes,Jyoti,640.0,680.0,660.0,Rs./Quintal,FAQ
Bara Bazar (Posta Bazar) APMC,6.6000000000000005,Metric Tonnes,Jyoti,900.0,960.0,940.0,Rs./Quintal,FAQ
Barasat APMC,49.0,Metric Tonnes,Jyoti,900.0,900.0,900.0,Rs./Quintal,FAQ
Baxirhat APMC,20.0,Metric Tonnes,Jyoti,560.0,580.0,570.0,Rs./Quintal,FAQ
Belacoba APMC,8.0,Metric Tonnes,Jyoti,560.0,580.0,570.0,Rs./Quintal,FAQ
Beldanga APMC,2.0,Metric Tonnes,Jyoti,680.0,760.0,730.0,Rs./Quintal,FAQ
Bethuadahari APMC,10.0,Metric Tonnes,Desi,760.0,780.0,770.0,Rs./Quintal,Grade A
Birbhum APMC,53.0,Metric Tonnes,Potato,1000.0,11000.0,1050.0,Rs./Quintal,FAQ
Bishnupur(Bankura) APMC,6.9,Metric Tonnes,Jyoti,680.0,760.0,720.0,Rs./Quintal,FAQ
Bolpur APMC,55.0,Metric Tonnes,Potato,1000.0,1100.0,1050.0,Rs./Quintal,FAQ
Chakdah APMC,10.4,Metric Tonnes,Jyoti,750.0,780.0,760.0,Rs./Quintal,FAQ
Champadanga APMC,14.4,Metric Tonnes,Jyoti,720.0,760.0,740.0,Rs./Quintal,FAQ
Coochbehar APMC,14.0,Metric Tonnes,Jyoti,640.0,660.0,650.0,Rs./Quintal,FAQ
Darjeeling APMC,1.7,Metric Tonnes,Red,1400.0,1600.0,1500.0,Rs./Quintal,FAQ
Dhupguri APMC,20.0,Metric Tonnes,Jyoti,580.0,600.0,590.0,Rs./Quintal,FAQ
Diamond Harbour(South 24-pgs) APMC,13.200000000000001,Metric Tonnes,Jyoti,800.0,840.0,820.0,Rs./Quintal,FAQ
Dinhata APMC,20.0,Metric Tonnes,Jyoti,560.0,580.0,570.0,Rs./Quintal,FAQ
Durgapur APMC,55.0,Metric Tonnes,Jyoti,740.0,820.0,780.0,Rs./Quintal,FAQ
Egra/contai APMC,1025.0,Metric Tonnes,Jyoti,820.0,850.0,835.0,Rs./Quintal,FAQ
English Bazar APMC,20.0,Metric Tonnes,Local,600.0,620.0,610.0,Rs./Quintal,FAQ
Falakata APMC,14.0,Metric Tonnes,Jyoti,590.0,640.0,620.0,Rs./Quintal,FAQ
Gangarampur(Dakshin Dinajpur) APMC,9.0,Metric Tonnes,Local,580.0,600.0,590.0,Rs./Quintal,FAQ
Garbeta(Medinipur) APMC,2.8000000000000003,Metric Tonnes,Jyoti,640.0,680.0,660.0,Rs./Quintal,FAQ
Ghatal APMC,3.3000000000000003,Metric Tonnes,Jyoti,800.0,820.0,810.0,Rs./Quintal,FAQ
Guskara APMC,17.5,Metric Tonnes,Jyoti,740.0,750.0,740.0,Rs./Quintal,FAQ
Habra APMC,45.0,Metric Tonnes,Jyoti,960.0,1000.0,960.0,Rs./Quintal,FAQ
Haldibari APMC,20.0,Metric Tonnes,Jyoti,560.0,580.0,570.0,Rs./Quintal,FAQ
Indus(Bankura Sadar) APMC,5.050000000000001,Metric Tonnes,Jyoti,635.0,675.0,655.0,Rs./Quintal,FAQ
Islampur APMC,18.5,Metric Tonnes,Other,550.0,600.0,580.0,Rs./Quintal,FAQ
Jalpaiguri Sadar APMC,1.5,Metric Tonnes,Jyoti,590.0,610.0,600.0,Rs./Quintal,FAQ
Jangipur APMC,42.25,Metric Tonnes,Jyoti,1350.0,1450.0,1400.0,Rs./Quintal,FAQ
Jhargram APMC,4.800000000000001,Metric Tonnes,Jyoti,700.0,740.0,720.0,Rs./Quintal,FAQ
Kaliaganj APMC,12.0,Metric Tonnes,Other,600.0,640.0,620.0,Rs./Quintal,FAQ
Kalipur APMC,7.2,Metric Tonnes,Jyoti,680.0,720.0,700.0,Rs./Quintal,FAQ
Kalna APMC,18.5,Metric Tonnes,Jyoti,740.0,750.0,740.0,Rs./Quintal,FAQ
Kalyani APMC,3.5,Metric Tonnes,Jyoti,760.0,800.0,780.0,Rs./Quintal,Local
Karimpur APMC,9.8,Metric Tonnes,Jyoti,790.0,810.0,800.0,Rs./Quintal,Grade A
Karsiyang(Matigara) APMC,1.8,Metric Tonnes,Red,1400.0,1600.0,1500.0,Rs./Quintal,FAQ
Khatra APMC,6.5,Metric Tonnes,Jyoti,680.0,760.0,720.0,Rs./Quintal,FAQ
Kolaghat APMC,10.0,Metric Tonnes,Jyoti,760.0,800.0,780.0,Rs./Quintal,FAQ
Mathabhanga APMC,24.0,Metric Tonnes,Jyoti,560.0,580.0,570.0,Rs./Quintal,FAQ
Medinipur(West) APMC,40.0,Metric Tonnes,Jyoti,640.0,660.0,650.0,Rs./Quintal,FAQ
Mekhliganj APMC,22.0,Metric Tonnes,Jyoti,560.0,580.0,570.0,Rs./Quintal,FAQ
Moynaguri APMC,10.0,Metric Tonnes,Jyoti,560.0,580.0,570.0,Rs./Quintal,FAQ
Nadia APMC,10.8,Metric Tonnes,Jyoti,740.0,800.0,770.0,Rs./Quintal,FAQ
Pandua APMC,7.5,Metric Tonnes,Jyoti,660.0,720.0,680.0,Rs./Quintal,FAQ
Pundibari APMC,7.5,Metric Tonnes,Jyoti,640.0,660.0,650.0,Rs./Quintal,FAQ
Purulia APMC,22.0,Metric Tonnes,Jyoti,680.0,800.0,720.0,Rs./Quintal,FAQ
Raiganj APMC,19.0,Metric Tonnes,Other,550.0,600.0,580.0,Rs./Quintal,FAQ
Ramkrishanpur(Howrah) APMC,8.5,Metric Tonnes,Jyoti,820.0,860.0,840.0,Rs./Quintal,FAQ
Rampurhat APMC,35.0,Metric Tonnes,Other,660.0,680.0,670.0,Rs./Quintal,FAQ
Ranaghat APMC,10.0,Metric Tonnes,Jyoti,760.0,800.0,780.0,Rs./Quintal,FAQ
Sainthia APMC,51.0,Metric Tonnes,Potato,1000.0,1100.0,1050.0,Rs./Quintal,FAQ
Samsi APMC,45.0,Metric Tonnes,Local,580.0,610.0,600.0,Rs./Quintal,FAQ
Sheoraphuly APMC,27.0,Metric Tonnes,Jyoti,640.0,720.0,680.0,Rs./Quintal,FAQ
Siliguri APMC,195.0,Metric Tonnes,Jyoti,620.0,650.0,640.0,Rs./Quintal,FAQ
Tamluk (Medinipur E) APMC,20.0,Metric Tonnes,Jyoti,780.0,820.0,800.0,Rs./Quintal,FAQ
Toofanganj APMC,24.0,Metric Tonnes,Jyoti,560.0,580.0,570.0,Rs./Quintal,FAQ
Uluberia APMC,4.25,Metric Tonnes,Jyoti,830.0,860.0,840.0,Rs./Quintal,FAQ
Total,2349.75,Metric Tonnes,,,,792.01,Rs./Quintal,
Grand Total,49854.02,Metric Tonnes,,,,729.44,Rs./Quintal,
Tomato
State/UT Name : Andhra Pradesh
B.Kothakota H/Q Angallu,52.0,Metric Tonnes,Local,1400.0,2100.0,1800.0,Rs./Quintal,FAQ
Kalikiri APMC,27.5,Metric Tonnes,Hybrid,1500.0,2100.0,1800.0,Rs./Quintal,FAQ
Madanapalli APMC,93.0,Metric Tonnes,Local,1800.0,2300.0,2100.0,Rs./Quintal,FAQ
Mulakalacheruvu APMC,712.0,Metric Tonnes,Local,1200.0,2200.0,1800.0,Rs./Quintal,FAQ
Palamaner APMC,55.0,Metric Tonnes,Tomato,1500.0,2000.0,1800.0,Rs./Quintal,FAQ
Pattikonda APMC,510.0,Metric Tonnes,Local,1200.0,2000.0,1600.0,Rs./Quintal,FAQ
Punganur APMC,35.5,Metric Tonnes,Hybrid,1200.0,1800.0,1500.0,Rs./Quintal,FAQ
Somala APMC,9.0,Metric Tonnes,Tomato,1200.0,1800.0,1500.0,Rs./Quintal,FAQ
V. Kota Sub-yard of AMC Palamaneru,6.0,Metric Tonnes,Other,1400.0,1933.0,1600.0,Rs./Quintal,FAQ
Total,1500.0,Metric Tonnes,,,,1740.9,Rs./Quintal,
State/UT Name : Assam
Ambagan APMC,6.0,Metric Tonnes,Tomato,3100.0,3350.0,3200.0,Rs./Quintal,FAQ
Balugaon APMC,3.0,Metric Tonnes,Tomato,2200.0,2600.0,2400.0,Rs./Quintal,Local
Besimari APMC,2.6,Metric Tonnes,Tomato,2000.0,2500.0,2300.0,Rs./Quintal,Local
Dhing APMC,8.0,Metric Tonnes,Tomato,3100.0,3500.0,3200.0,Rs./Quintal,FAQ
Doomdumia APMC,7.0,Metric Tonnes,Tomato,3300.0,3500.0,3400.0,Rs./Quintal,FAQ
Haibargaon APMC,7.0,Metric Tonnes,Tomato,3000.0,3200.0,3100.0,Rs./Quintal,FAQ
Harbartganj Daily Market APMC,60.0,Metric Tonnes,Tomato,2500.0,2900.0,2700.0,Rs./Quintal,FAQ
Pamohi(Garchuk) APMC,80.0,Metric Tonnes,Local,3000.0,3500.0,3200.0,Rs./Quintal,FAQ
Santar Bazaar APMC,3.0,Metric Tonnes,Hybrid,3000.0,3200.0,3100.0,Rs./Quintal,FAQ
Total,176.6,Metric Tonnes,,,,3005.55,Rs./Quintal,
State/UT Name : Bihar
Buxur APMC,2.0,Metric Tonnes,Deshi,2769.0,2774.0,2772.0,Rs./Quintal,Local
Jamui APMC,0.5,Metric Tonnes,Deshi,3200.0,3200.0,3200.0,Rs./Quintal,Grade A
Madhubani APMC,3.2,Metric Tonnes,Tomato,3800.0,4000.0,3900.0,Rs./Quintal,FAQ
Total,5.7,Metric Tonnes,,,,3442.81,Rs./Quintal,
State/UT Name : Chandigarh
Chandigarh (Grain/F&V) APMC,78.575,Metric Tonnes,Tomato,600.0,2400.0,2000.0,Rs./Quintal,FAQ
Total,78.58,Metric Tonnes,,,,2000.0,Rs./Quintal,
State/UT Name : Chattisgarh
Durg APMC,183.3,Metric Tonnes,Local,1600.0,2000.0,1600.0,Rs./Quintal,Medium
Raigarh APMC,40.0,Metric Tonnes,Local,2200.0,2800.0,2500.0,Rs./Quintal,Grade B
Tiphra APMC,320.0,Metric Tonnes,Local,1000.0,1200.0,1100.0,Rs./Quintal,Grade B
Total,543.3,Metric Tonnes,,,,1371.77,Rs./Quintal,
State/UT Name : Gujarat
Ahmedabad APMC,82.9,Metric Tonnes,Other,1500.0,2500.0,2200.0,Rs./Quintal,FAQ
"Anand(Veg,Yard,Anand) APMC",8.6,Metric Tonnes,Tomato,1000.0,2000.0,1500.0,Rs./Quintal,Grade B
Ankleshwar APMC,10.0,Metric Tonnes,Tomato,1500.0,2000.0,1800.0,Rs./Quintal,Grade A
Bharuch APMC,8.4,Metric Tonnes,Other,1000.0,1900.0,1300.0,Rs./Quintal,Local
Bilimora APMC,5.6000000000000005,Metric Tonnes,Other,2000.0,2500.0,2200.0,Rs./Quintal,FAQ
Dahod(Veg. Market) APMC,21.0,Metric Tonnes,Tomato,1000.0,3500.0,2000.0,Rs./Quintal,Local
Damnagar APMC,0.04,Metric Tonnes,Local,3500.0,3500.0,3500.0,Rs./Quintal,Local
"Kalol(Veg,Market,Kalol) APMC",12.0,Metric Tonnes,Other,1500.0,2500.0,2000.0,Rs./Quintal,Local
Kapadvanj APMC,4.2,Metric Tonnes,Tomato,2000.0,2200.0,2100.0,Rs./Quintal,Medium
Khambhat(Veg Yard Khambhat) APMC,0.5,Metric Tonnes,Other,2000.0,2500.0,2200.0,Rs./Quintal,Local
Mehsana(Mehsana Veg) APMC,15.8,Metric Tonnes,Tomato,40.0,60.0,50.0,Rs./Quintal,Local
Nadiad APMC,1.84,Metric Tonnes,Tomato,2000.0,2200.0,2100.0,Rs./Quintal,FAQ
Nadiyad(Chaklasi) APMC,0.885,Metric Tonnes,Tomato,1800.0,2200.0,1900.0,Rs./Quintal,FAQ
Nadiyad(Piplag) APMC,14.5,Metric Tonnes,Tomato,1800.0,2000.0,1900.0,Rs./Quintal,FAQ
Navsari APMC,12.9,Metric Tonnes,Tomato,1000.0,2750.0,1875.0,Rs./Quintal,Grade A
Padra APMC,6.2,Metric Tonnes,Other,1500.0,2500.0,2000.0,Rs./Quintal,FAQ
Surat APMC,335.0,Metric Tonnes,Other,800.0,2600.0,1700.0,Rs./Quintal,FAQ
Total,540.37,Metric Tonnes,,,,1762.8,Rs./Quintal,
State/UT Name : Haryana
Bahadurgarh APMC,7.2,Metric Tonnes,Other,3000.0,4000.0,3500.0,Rs./Quintal,FAQ
Ballabhgarh APMC,6.300000000000001,Metric Tonnes,Tomato,2000.0,3800.0,2800.0,Rs./Quintal,FAQ
Barwala APMC,2.2,Metric Tonnes,Local,2000.0,2000.0,2000.0,Rs./Quintal,FAQ
Barwala(Hisar) APMC,3.5,Metric Tonnes,Tomato,2500.0,3000.0,2800.0,Rs./Quintal,Local
Chhachrauli APMC,0.05,Metric Tonnes,Tomato,4500.0,5000.0,4500.0,Rs./Quintal,Local
Dhand APMC,0.5,Metric Tonnes,Other,1700.0,3000.0,2600.0,Rs./Quintal,Medium
Farukh Nagar APMC,3.3000000000000003,Metric Tonnes,Other,2200.0,2700.0,2400.0,Rs./Quintal,Medium
FerozpurZirkha(Nagina) APMC,2.8000000000000003,Metric Tonnes,Other,2400.0,2800.0,2600.0,Rs./Quintal,Local
Ganaur APMC,1.6,Metric Tonnes,Tomato,3500.0,4000.0,3800.0,Rs./Quintal,FAQ
Gharaunda APMC,1.2,Metric Tonnes,Other,2600.0,4000.0,4000.0,Rs./Quintal,Local
Gohana APMC,5.5,Metric Tonnes,Other,3000.0,4000.0,3500.0,Rs./Quintal,Medium
Hansi APMC,15.8,Metric Tonnes,Other,2500.0,3000.0,2750.0,Rs./Quintal,FAQ
Hissar APMC,8.7,Metric Tonnes,Local,1600.0,3500.0,3000.0,Rs./Quintal,Local
Indri APMC,0.7000000000000001,Metric Tonnes,Tomato,2400.0,2400.0,2400.0,Rs./Quintal,FAQ
Jagadhri APMC,1.22,Metric Tonnes,Tomato,2244.0,3200.0,3000.0,Rs./Quintal,FAQ
Jakhal APMC,0.2,Metric Tonnes,Tomato,2400.0,2400.0,2400.0,Rs./Quintal,Non-FAQ
Jhajjar APMC,2.5,Metric Tonnes,Other,4000.0,4000.0,4000.0,Rs./Quintal,Medium
Kharkhoda APMC,1.6,Metric Tonnes,Other,2500.0,3000.0,2750.0,Rs./Quintal,FAQ
Kosli APMC,0.1,Metric Tonnes,Other,2500.0,2500.0,2500.0,Rs./Quintal,FAQ
Ladwa APMC,2.2,Metric Tonnes,Other,3500.0,4500.0,4000.0,Rs./Quintal,Medium
Madlauda APMC,0.5,Metric Tonnes,Tomato,1500.0,1800.0,1650.0,Rs./Quintal,FAQ
Meham,0.6000000000000001,Metric Tonnes,Tomato,3000.0,3500.0,3200.0,Rs./Quintal,Medium
Mohindergarh APMC,5.2,Metric Tonnes,Tomato,2000.0,3000.0,2500.0,Rs./Quintal,Medium
Mustafabad APMC,0.05,Metric Tonnes,Other,3800.0,4000.0,3800.0,Rs./Quintal,FAQ
Naraingarh APMC,1.9500000000000002,Metric Tonnes,Tomato,1500.0,3000.0,2000.0,Rs./Quintal,Medium
Narnaul APMC,4.5,Metric Tonnes,Tomato,2500.0,3500.0,3000.0,Rs./Quintal,Medium
Narwana APMC,2.0,Metric Tonnes,Tomato,2000.0,2800.0,2500.0,Rs./Quintal,Non-FAQ
"New Grain Market , Faridabad APMC",43.1,Metric Tonnes,Tomato,2600.0,3200.0,2900.0,Rs./Quintal,Non-FAQ
Panipat APMC,28.5,Metric Tonnes,Other,700.0,2100.0,1400.0,Rs./Quintal,Local
Pataudi APMC,4.3,Metric Tonnes,Tomato,3500.0,4500.0,4000.0,Rs./Quintal,Grade B
Pundri APMC,0.2,Metric Tonnes,Other,1800.0,1900.0,1850.0,Rs./Quintal,FAQ
Punhana APMC,5.1000000000000005,Metric Tonnes,Other,3000.0,3000.0,3000.0,Rs./Quintal,Medium
Radaur APMC,0.4,Metric Tonnes,Other,3000.0,3500.0,3200.0,Rs./Quintal,Medium
Rania APMC,0.15000000000000002,Metric Tonnes,Tomato,1.2,1.9,1.5,Rs./Quintal,Non-FAQ
Rania(Jiwan nagar) APMC,0.1,Metric Tonnes,Deshi,40.0,80.0,50.0,Rs./Quintal,Non-FAQ
Rewari APMC,16.8,Metric Tonnes,Other,600.0,2500.0,1000.0,Rs./Quintal,Medium
Rohtak APMC,16.900000000000002,Metric Tonnes,Other,1500.0,3500.0,2500.0,Rs./Quintal,Medium
Sadhaura APMC,1.8,Metric Tonnes,Tomato,1700.0,1900.0,1800.0,Rs./Quintal,Local
Safidon APMC,4.9,Metric Tonnes,Other,2500.0,2500.0,2500.0,Rs./Quintal,Medium
Samalkha APMC,1.7000000000000002,Metric Tonnes,Other,2500.0,3000.0,2800.0,Rs./Quintal,FAQ
Shahabad APMC,2.0,Metric Tonnes,Tomato,3000.0,4000.0,3500.0,Rs./Quintal,Medium
Shahzadpur APMC,0.4,Metric Tonnes,Local,2000.0,2200.0,2000.0,Rs./Quintal,Local
Sirsa APMC,1.8,Metric Tonnes,Other,2200.0,3500.0,3300.0,Rs./Quintal,FAQ
Siwan APMC,0.7000000000000001,Metric Tonnes,Other,2400.0,2600.0,2500.0,Rs./Quintal,FAQ
Sohna APMC,4.8,Metric Tonnes,Tomato,2500.0,3000.0,2800.0,Rs./Quintal,Local
Sonepat APMC,10.0,Metric Tonnes,Local,2000.0,3000.0,3000.0,Rs./Quintal,FAQ
Tarori APMC,0.7000000000000001,Metric Tonnes,Other,3000.0,4000.0,3500.0,Rs./Quintal,Non-FAQ
Thanesar APMC,8.0,Metric Tonnes,Tomato,3000.0,5000.0,4000.0,Rs./Quintal,Medium
Tohana(New Veg Market) APMC,8.0,Metric Tonnes,Tomato,3000.0,3600.0,3400.0,Rs./Quintal,FAQ
Uklana APMC,0.2,Metric Tonnes,Tomato,2500.0,2800.0,2800.0,Rs./Quintal,Medium
Total,242.52,Metric Tonnes,,,,2641.16,Rs./Quintal,
State/UT Name : Himachal Pradesh
PMY Chamba,1.34,Metric Tonnes,Tomato,3500.0,4000.0,3750.0,Rs./Quintal,Medium
PMY Hamirpur,1.5,Metric Tonnes,Tomato,4000.0,4500.0,4250.0,Rs./Quintal,Grade B
PMY Kangra,3.0,Metric Tonnes,Tomato,3800.0,4000.0,3900.0,Rs./Quintal,FAQ
PMY Kather Solan,53.8,Metric Tonnes,Other,400.0,3500.0,3300.0,Rs./Quintal,Local
PMY Kullu,2.0,Metric Tonnes,Other,3000.0,3500.0,3200.0,Rs./Quintal,FAQ
PMY Una,3.5,Metric Tonnes,Tomato,3000.0,4000.0,3500.0,Rs./Quintal,Local
SMY Baijnath,0.4,Metric Tonnes,Local,2400.0,2600.0,2500.0,Rs./Quintal,Grade B
SMY Bandrol,2.2,Metric Tonnes,Other,1000.0,2000.0,1500.0,Rs./Quintal,FAQ
SMY Bhuntar,7.9,Metric Tonnes,Other,1000.0,3600.0,2200.0,Rs./Quintal,FAQ
SMY Chauri Bihal,0.2,Metric Tonnes,Other,2800.0,3000.0,2900.0,Rs./Quintal,Grade Range-1
SMY Dhanotu,1.3,Metric Tonnes,Tomato,1500.0,2500.0,2000.0,Rs./Quintal,FAQ
SMY Dharamshala,0.7000000000000001,Metric Tonnes,Tomato,3500.0,4000.0,3750.0,Rs./Quintal,FAQ
SMY Jaisinghpur,0.2,Metric Tonnes,Tomato,4400.0,4600.0,4500.0,Rs./Quintal,FAQ
SMY Jogindernagar,0.6000000000000001,Metric Tonnes,Local,3600.0,4000.0,3800.0,Rs./Quintal,Grade B
SMY Jwalaji,0.020000000000000004,Metric Tonnes,Other,3800.0,4000.0,3900.0,Rs./Quintal,FAQ
SMY Nadaun,1.2000000000000002,Metric Tonnes,Other,3800.0,4000.0,3900.0,Rs./Quintal,Grade B
SMY Nagrota Bagwan,1.0,Metric Tonnes,Tomato,3800.0,4000.0,3900.0,Rs./Quintal,FAQ
SMY Nalagarh,0.5,Metric Tonnes,Other,2000.0,3000.0,2500.0,Rs./Quintal,Medium
SMY Palampur,2.2,Metric Tonnes,Tomato,4000.0,4200.0,4100.0,Rs./Quintal,FAQ
SMY Rohroo,0.4,Metric Tonnes,Deshi,3000.0,3400.0,3200.0,Rs./Quintal,Grade B
SMY Santoshgarh,1.1500000000000001,Metric Tonnes,Tomato,3200.0,5000.0,4100.0,Rs./Quintal,FAQ
SMY Shatt,0.3,Metric Tonnes,Tomato,1500.0,2500.0,2000.0,Rs./Quintal,FAQ
SMY Takoli,1.8,Metric Tonnes,Other,500.0,3000.0,2000.0,Rs./Quintal,Medium
SMY Wakhnaghat,3.4,Metric Tonnes,Deshi,300.0,1800.0,1800.0,Rs./Quintal,Medium
Total,90.61,Metric Tonnes,,,,3147.53,Rs./Quintal,
State/UT Name : Jammu and Kashmir
Kathua (F&V),20.0,Metric Tonnes,Hybrid,2000.0,2500.0,2250.0,Rs./Quintal,FAQ
Parimpore Srinagar (F&V),54.0,Metric Tonnes,Other,4000.0,4800.0,4400.0,Rs./Quintal,Grade A
Rajouri (Phaliana) (F&V),2.0,Metric Tonnes,Tomato,4000.0,4000.0,4000.0,Rs./Quintal,Grade B
Total,76.0,Metric Tonnes,,,,3823.68,Rs./Quintal,
State/UT Name : Karnataka
Bagepalli APMC,170.0,Metric Tonnes,Tomato,150.0,2070.0,1230.0,Rs./Quintal,Small
Bangarpet APMC,2.5,Metric Tonnes,Tomato,400.0,1500.0,1000.0,Rs./Quintal,Local
Binny Mill (FF&V) Bengaluru APMC,43.2,Metric Tonnes,Tomato,1300.0,1500.0,1400.0,Rs./Quintal,Local
Chamarajanagar APMC,2.5,Metric Tonnes,Tomato,1400.0,2200.0,1800.0,Rs./Quintal,Local
Channapatna APMC,4.0,Metric Tonnes,Tomato,750.0,1500.0,1250.0,Rs./Quintal,Local
Chikkamagaluru APMC,137.8,Metric Tonnes,Tomato,400.0,1700.0,1050.0,Rs./Quintal,Local
Chintamani APMC,517.7,Metric Tonnes,Tomato,300.0,1733.0,1000.0,Rs./Quintal,Local
Davangere APMC,4.0,Metric Tonnes,Tomato,200.0,1000.0,500.0,Rs./Quintal,Local
Doddaballapur APMC,3.7,Metric Tonnes,Tomato,800.0,1200.0,1000.0,Rs./Quintal,Medium
Gauribidanur APMC,1.2000000000000002,Metric Tonnes,Tomato,600.0,1500.0,1200.0,Rs./Quintal,Local
Gundlupet APMC,6.300000000000001,Metric Tonnes,Tomato,1700.0,1900.0,1800.0,Rs./Quintal,Local
Hassan APMC,4.4,Metric Tonnes,Tomato,1500.0,1500.0,1500.0,Rs./Quintal,Local
Kadur APMC,10.8,Metric Tonnes,Tomato,1040.0,1189.0,1110.0,Rs./Quintal,Medium
Kalaburagi APMC,8.700000000000001,Metric Tonnes,Tomato,300.0,1000.0,650.0,Rs./Quintal,Local
Kanakapura APMC,0.8,Metric Tonnes,Hybrid,800.0,1500.0,1200.0,Rs./Quintal,Medium
Kolar APMC,2070.0,Metric Tonnes,Tomato,330.0,2000.0,1060.0,Rs./Quintal,Local
Mulbagal APMC,261.5,Metric Tonnes,Tomato,333.0,1666.0,800.0,Rs./Quintal,Local
Mysuru APMC,9.600000000000001,Metric Tonnes,Tomato,1500.0,1600.0,1600.0,Rs./Quintal,Medium
Nagamangala APMC,1.5,Metric Tonnes,Tomato,1600.0,1600.0,1600.0,Rs./Quintal,Medium
Ramanagara APMC,8.4,Metric Tonnes,Tomato,800.0,1500.0,1200.0,Rs./Quintal,Local
Ranebennur APMC,0.5,Metric Tonnes,Tomato,200.0,900.0,700.0,Rs./Quintal,Medium
Shimoga APMC,42.5,Metric Tonnes,Tomato,400.0,1200.0,800.0,Rs./Quintal,Local
T. Narasipura APMC,0.8,Metric Tonnes,Tomato,1500.0,2000.0,2000.0,Rs./Quintal,Small
Total,3312.4,Metric Tonnes,,,,1043.0,Rs./Quintal,
State/UT Name : Keralam
Aluva Market,12.0,Metric Tonnes,Tomato,2500.0,4000.0,3300.0,Rs./Quintal,FAQ
Anchal Market,0.4,Metric Tonnes,Tomato,4500.0,4500.0,4500.0,Rs./Quintal,Local
Angamaly Market,1.0,Metric Tonnes,Tomato,3400.0,4000.0,3700.0,Rs./Quintal,FAQ
Aralamoodu Market,2.0,Metric Tonnes,Tomato,4000.0,4500.0,4500.0,Rs./Quintal,FAQ
Aroor Market,0.2,Metric Tonnes,Other,3400.0,3600.0,3500.0,Rs./Quintal,FAQ
Athirampuzha Market,0.5,Metric Tonnes,Tomato,3000.0,3200.0,3100.0,Rs./Quintal,FAQ
Balarampuram Market,0.4,Metric Tonnes,Deshi,4000.0,4000.0,4000.0,Rs./Quintal,FAQ
Chala Market,1.0,Metric Tonnes,Other,2800.0,3600.0,3200.0,Rs./Quintal,FAQ
Chathanoor Market,0.4,Metric Tonnes,Other,4300.0,4700.0,4500.0,Rs./Quintal,FAQ
Chavakkad Market,0.15,Metric Tonnes,Tomato,2500.0,3000.0,3000.0,Rs./Quintal,FAQ
Chelakkara Market,0.18,Metric Tonnes,Tomato,4000.0,4500.0,4200.0,Rs./Quintal,FAQ
Chengannur Market,0.5,Metric Tonnes,Tomato,1900.0,2200.0,2000.0,Rs./Quintal,FAQ
Ettumanoor Market,1.0,Metric Tonnes,Tomato,3000.0,3400.0,3200.0,Rs./Quintal,FAQ
Kanjangadu Market,1.0,Metric Tonnes,Other,1600.0,2000.0,1800.0,Rs./Quintal,FAQ
Kayamkulam Market,2.0,Metric Tonnes,Other,2100.0,2300.0,2200.0,Rs./Quintal,FAQ
Koduvayoor Market,0.8,Metric Tonnes,Tomato,3000.0,3400.0,3200.0,Rs./Quintal,Medium
Kollam Market,0.5,Metric Tonnes,Tomato,3500.0,4000.0,3700.0,Rs./Quintal,Local
Kollengode Market,0.9,Metric Tonnes,Tomato,2000.0,2400.0,2200.0,Rs./Quintal,FAQ
Kondotty Market,0.25,Metric Tonnes,Other,1600.0,2000.0,1800.0,Rs./Quintal,FAQ
Kothamangalam Market,1.5,Metric Tonnes,Tomato,3000.0,4000.0,3500.0,Rs./Quintal,FAQ
Kottarakkara Market,0.01,Metric Tonnes,Other,3000.0,3000.0,3000.0,Rs./Quintal,Local
Kuthuparambu Market,0.1,Metric Tonnes,Tomato,2000.0,2400.0,2200.0,Rs./Quintal,FAQ
Madhavapuram Market,0.8,Metric Tonnes,Other,3700.0,4100.0,3900.0,Rs./Quintal,FAQ
Manjeri Market,8.0,Metric Tonnes,Other,1750.0,1850.0,1800.0,Rs./Quintal,Local
Manjeswaram Market,13.0,Metric Tonnes,Tomato,2000.0,2400.0,2200.0,Rs./Quintal,FAQ
Mukkom Market,0.6,Metric Tonnes,Tomato,2000.0,2300.0,2100.0,Rs./Quintal,FAQ
Neyyatinkara Market,0.02,Metric Tonnes,Tomato,3400.0,4000.0,3700.0,Rs./Quintal,FAQ
North Paravur Market,1.0,Metric Tonnes,Deshi,2500.0,3000.0,2800.0,Rs./Quintal,FAQ
Pala Market,1.0,Metric Tonnes,Other,4500.0,5400.0,5000.0,Rs./Quintal,FAQ
Palakkad Market,5.0,Metric Tonnes,Tomato,2000.0,3000.0,2600.0,Rs./Quintal,FAQ
Parappanangadi Market,6.5,Metric Tonnes,Other,2440.0,2490.0,2490.0,Rs./Quintal,FAQ
Pattambi Market,1.0,Metric Tonnes,Tomato,2800.0,3000.0,2900.0,Rs./Quintal,FAQ
Perambra Market,2.0,Metric Tonnes,Tomato,2900.0,3100.0,3000.0,Rs./Quintal,FAQ
Perumbavoor Market,6.0,Metric Tonnes,Tomato,5000.0,6000.0,5500.0,Rs./Quintal,Medium
Punalur Market,0.001,Metric Tonnes,Other,4000.0,4700.0,4400.0,Rs./Quintal,Medium
Quilandy Market,0.5,Metric Tonnes,Other,2500.0,2700.0,2700.0,Rs./Quintal,FAQ
Sasthamkotta Market,0.4,Metric Tonnes,Tomato,3000.0,3000.0,3000.0,Rs./Quintal,Local
Taliparamba Market,0.04,Metric Tonnes,Tomato,1900.0,2100.0,2000.0,Rs./Quintal,FAQ
Thalasserry Market,0.2,Metric Tonnes,Other,2000.0,2800.0,2400.0,Rs./Quintal,FAQ
Thalayolaparambu Market,0.5,Metric Tonnes,Tomato,2800.0,3200.0,3000.0,Rs./Quintal,FAQ
Thamarassery Market,0.3,Metric Tonnes,Other,2200.0,2300.0,2200.0,Rs./Quintal,FAQ
Thrippunithura Market,1.0,Metric Tonnes,Tomato,3800.0,4500.0,4000.0,Rs./Quintal,Medium
Thrissur Market,10.0,Metric Tonnes,Tomato,4000.0,4200.0,4100.0,Rs./Quintal,FAQ
Vadakarapathy VFPCK Market,0.5,Metric Tonnes,Deshi,2200.0,2200.0,2200.0,Rs./Quintal,Grade A
Vamanapuram Market,0.12,Metric Tonnes,Other,3500.0,4000.0,4000.0,Rs./Quintal,FAQ
Vandiperiyar Market,0.04,Metric Tonnes,Other,3000.0,3200.0,3000.0,Rs./Quintal,Grade Range-1
Vengeri(Kozhikode) Market,135.0,Metric Tonnes,Tomato,2600.0,2900.0,2900.0,Rs./Quintal,FAQ
Wadakkanchery Market,0.25,Metric Tonnes,Tomato,2600.0,3100.0,2800.0,Rs./Quintal,FAQ
vadakarapathy Market,3.5,Metric Tonnes,Tomato,1420.0,1920.0,1600.0,Rs./Quintal,FAQ
Total,224.06,Metric Tonnes,,,,2959.06,Rs./Quintal,
State/UT Name : Madhya Pradesh
Aron (F&V) APMC,0.04000000000000001,Metric Tonnes,Deshi,1400.0,1800.0,1600.0,Rs./Quintal,Local
Badwaha (F&V) APMC,0.5,Metric Tonnes,Deshi,980.0,1600.0,1200.0,Rs./Quintal,Grade A
Badwani(F&V) APMC,0.713,Metric Tonnes,Tomato,1000.0,1000.0,1000.0,Rs./Quintal,Local
Bareli(F&V) APMC,1.42,Metric Tonnes,Deshi,2250.0,2250.0,2250.0,Rs./Quintal,Grade A
Betul(F&V) APMC,1.0,Metric Tonnes,Local,1600.0,2500.0,2000.0,Rs./Quintal,FAQ
Chhatarpur (F&V) APMC,2.7,Metric Tonnes,Other,1700.0,1700.0,1700.0,Rs./Quintal,Grade C
Chhindwara(F&V) APMC,2.4000000000000004,Metric Tonnes,Deshi,500.0,800.0,600.0,Rs./Quintal,Local
Damoh(F&V) APMC,0.5,Metric Tonnes,Local,2000.0,2000.0,2000.0,Rs./Quintal,Local
Deori (F&V) APMC,0.6,Metric Tonnes,Tomato,1350.0,1350.0,1350.0,Rs./Quintal,Grade B
Dewas(F&V) APMC,1.6,Metric Tonnes,Other,600.0,2400.0,800.0,Rs./Quintal,FAQ
Gadarwada (F&V) APMC,3.5,Metric Tonnes,Tomato,2500.0,2500.0,2500.0,Rs./Quintal,Grade B
Haatpipliya (F&V) APMC,0.25,Metric Tonnes,Tomato,1100.0,1900.0,1600.0,Rs./Quintal,Local
Indore(F&V) APMC,105.0,Metric Tonnes,Tomato,600.0,2000.0,1400.0,Rs./Quintal,Local
Itarsi(F&V) APMC,3.75,Metric Tonnes,Tomato,2300.0,2300.0,2300.0,Rs./Quintal,FAQ
Jaora (F&V) APMC,0.5,Metric Tonnes,Tomato,1000.0,2000.0,1350.0,Rs./Quintal,FAQ
Kailaras APMC,0.45,Metric Tonnes,Tomato,2200.0,2200.0,2200.0,Rs./Quintal,FAQ
Kailaras APMC,1.625,Metric Tonnes,Other,2000.0,2000.0,2000.0,Rs./Quintal,FAQ
Karera(F&V) APMC,0.1,Metric Tonnes,Tomato,2000.0,2700.0,2300.0,Rs./Quintal,Local
Khargone(F&V) APMC,0.16,Metric Tonnes,Tomato,1200.0,1600.0,1400.0,Rs./Quintal,Medium
Khurai(F&V) APMC,4.2,Metric Tonnes,Tomato,1800.0,2200.0,2000.0,Rs./Quintal,Local
Maihar(F&V) APMC,3.0,Metric Tonnes,Tomato,1000.0,1000.0,1000.0,Rs./Quintal,Local
Manawar(F&V) APMC,0.6000000000000001,Metric Tonnes,Tomato,1500.0,1800.0,1550.0,Rs./Quintal,Grade B
Mandsaur(F&V) APMC,3.0,Metric Tonnes,Other,1500.0,2500.0,2200.0,Rs./Quintal,Grade A
Multai(F&V) APMC,4.045000000000001,Metric Tonnes,Deshi,200.0,800.0,500.0,Rs./Quintal,FAQ
Narmadapuram (F&V) APMC,7.3,Metric Tonnes,Tomato,750.0,2030.0,1561.0,Rs./Quintal,FAQ
Paatan (F&V) APMC,0.3,Metric Tonnes,Deshi,1200.0,1200.0,1200.0,Rs./Quintal,Medium
Petlawad(F&V) APMC,0.2,Metric Tonnes,Hybrid,1500.0,1500.0,1500.0,Rs./Quintal,Grade A
Rehli(F&V) APMC,0.7000000000000001,Metric Tonnes,Tomato,1300.0,1500.0,1400.0,Rs./Quintal,Grade C
Rewa(F&V) APMC,18.9,Metric Tonnes,Hybrid,800.0,900.0,800.0,Rs./Quintal,Non-FAQ
Sabalgarh(F&V) APMC,1.7000000000000002,Metric Tonnes,Deshi,1000.0,1200.0,1000.0,Rs./Quintal,FAQ
Sagar(F&V) APMC,0.6000000000000001,Metric Tonnes,Local,1500.0,1800.0,1600.0,Rs./Quintal,Local
Sanwer(F&V) APMC,0.07500000000000001,Metric Tonnes,Tomato,700.0,1000.0,800.0,Rs./Quintal,FAQ
Sehore(F&V) APMC,2.5,Metric Tonnes,Tomato,1000.0,2000.0,1500.0,Rs./Quintal,Grade Range-1
Seoni(F&V) APMC,4.025,Metric Tonnes,Deshi,960.0,960.0,960.0,Rs./Quintal,Grade C
Thandla APMC,1.43,Metric Tonnes,Hybrid,1600.0,1860.0,1700.0,Rs./Quintal,FAQ
Ujjain(F&V) APMC,1.1,Metric Tonnes,Deshi,630.0,2050.0,1352.0,Rs./Quintal,Medium
Total,180.48,Metric Tonnes,,,,1380.72,Rs./Quintal,
State/UT Name : Maharashtra
APMC Ahilyanagar ,32.8,Metric Tonnes,Other,500.0,1500.0,1000.0,Rs./Quintal,Local
APMC Akluj ,3.5,Metric Tonnes,Local,700.0,1000.0,900.0,Rs./Quintal,Local
APMC Bhusaval ,3.9,Metric Tonnes,Other,1000.0,1500.0,1200.0,Rs./Quintal,Local
APMC Chattrapati Sambhajinagar ,15.5,Metric Tonnes,Other,300.0,1500.0,900.0,Rs./Quintal,Local
APMC Dharashiv ,4.7,Metric Tonnes,Other,500.0,1500.0,1000.0,Rs./Quintal,Local
APMC Hingna,4.2,Metric Tonnes,Local,2000.0,2500.0,2166.0,Rs./Quintal,Local
APMC Jalgaon ,10.0,Metric Tonnes,Other,500.0,1200.0,800.0,Rs./Quintal,Local
APMC Kalmeshwar ,0.8,Metric Tonnes,Other,2025.0,2500.0,2315.0,Rs./Quintal,Local
APMC Kamthi ,9.0,Metric Tonnes,Local,2000.0,2500.0,2350.0,Rs./Quintal,Local
APMC Karad ,12.0,Metric Tonnes,Other,800.0,1200.0,1200.0,Rs./Quintal,Local
APMC Khed ,12.8,Metric Tonnes,Local,400.0,1500.0,1000.0,Rs./Quintal,Local
APMC Kolhapur ,18.9,Metric Tonnes,Other,600.0,1400.0,1000.0,Rs./Quintal,Local
APMC Mangal Wedha ,5.8,Metric Tonnes,Local,200.0,1500.0,1000.0,Rs./Quintal,Local
APMC Mumbai ,168.1,Metric Tonnes,Other,1600.0,2000.0,1800.0,Rs./Quintal,Local
APMC Nasik ,130.5,Metric Tonnes,Other,250.0,2055.0,1375.0,Rs./Quintal,Local
APMC Pandharpur ,4.0,Metric Tonnes,Other,800.0,2100.0,1500.0,Rs./Quintal,Local
APMC Panvel ,99.7,Metric Tonnes,Other,3000.0,4000.0,3500.0,Rs./Quintal,Local
APMC Phaltan ,5.0,Metric Tonnes,Other,500.0,1250.0,800.0,Rs./Quintal,Local
APMC Pimpalgaon Baswant ,3556.3,Metric Tonnes,Other,350.0,2805.0,2105.0,Rs./Quintal,Local
APMC Pune ,209.8,Metric Tonnes,Local,600.0,1600.0,1100.0,Rs./Quintal,Local
APMC Rahata ,6.4,Metric Tonnes,Other,300.0,1500.0,900.0,Rs./Quintal,Local
APMC Rahuri ,1.1,Metric Tonnes,Other,500.0,1000.0,750.0,Rs./Quintal,Local
APMC Ramtek ,1.1,Metric Tonnes,Other,1500.0,2500.0,2000.0,Rs./Quintal,Local
APMC Ratnagiri (Nachane) ,1.5,Metric Tonnes,Other,1000.0,1400.0,1200.0,Rs./Quintal,Local
APMC Sangamner ,330.0,Metric Tonnes,Other,500.0,2000.0,1250.0,Rs./Quintal,Local
APMC Satara ,8.3,Metric Tonnes,Other,1000.0,1500.0,1250.0,Rs./Quintal,Local
APMC Shrirampur ,2.4,Metric Tonnes,Other,1000.0,1200.0,1100.0,Rs./Quintal,Local
APMC Solapur ,38.1,Metric Tonnes,Other,200.0,1800.0,1100.0,Rs./Quintal,Local
APMC Vadgaonpeth ,6.5,Metric Tonnes,Local,800.0,1400.0,1000.0,Rs./Quintal,Local
APMC Vita ,5.0,Metric Tonnes,Other,1000.0,2000.0,1500.0,Rs./Quintal,Local
Chandrapur(Ganjwad) ,55.1,Metric Tonnes,Other,800.0,1600.0,1200.0,Rs./Quintal,Local
Junnar(Narayangaon) ,662.5,Metric Tonnes,Local,1000.0,2000.0,1500.0,Rs./Quintal,Local
Khed(Chakan) ,34.7,Metric Tonnes,Other,1000.0,1800.0,1400.0,Rs./Quintal,Local
Pune(Khadiki) ,1.0,Metric Tonnes,Local,800.0,1400.0,1100.0,Rs./Quintal,Local
Pune(Manjri) ,58.7,Metric Tonnes,Other,1000.0,2000.0,1500.0,Rs./Quintal,Local
Pune(Moshi) ,74.0,Metric Tonnes,Local,1000.0,1000.0,1000.0,Rs./Quintal,Local
Pune(Pimpri) ,0.5,Metric Tonnes,Local,1200.0,1600.0,1400.0,Rs./Quintal,Local
Total,5594.2,Metric Tonnes,,,,1872.18,Rs./Quintal,
State/UT Name : Meghalaya
Jowai APMC,1.0,Metric Tonnes,017,3000.0,4000.0,3500.0,Rs./Quintal,Local
Shillong APMC,6.0,Metric Tonnes,017,2000.0,2800.0,2400.0,Rs./Quintal,FAQ
Total,7.0,Metric Tonnes,,,,2557.14,Rs./Quintal,
State/UT Name : NCT of Delhi
APMC Azadpur,661.3,Metric Tonnes,Tomato,1000.0,3400.0,2449.0,Rs./Quintal,FAQ
APMC Keshopur,193.625,Metric Tonnes,Tomato,1600.0,3200.0,3000.0,Rs./Quintal,FAQ
"Fruit&Vegetable Market,Gazipur APMC",265.32,Metric Tonnes,Tomato,2000.0,2400.0,2200.0,Rs./Quintal,FAQ
Total,1120.24,Metric Tonnes,,,,2485.26,Rs./Quintal,
State/UT Name : Nagaland
Kohima APMC,0.05,Metric Tonnes,Tomato,6000.0,6000.0,6000.0,Rs./Quintal,Grade A
Total,0.05,Metric Tonnes,,,,6000.0,Rs./Quintal,
State/UT Name : Odisha
Angul(Atthamallick) APMC,1.2000000000000002,Metric Tonnes,Tomato,4000.0,6000.0,5000.0,Rs./Quintal,Grade B
Balugaon APMC,1.05,Metric Tonnes,Hybrid,3600.0,3600.0,3600.0,Rs./Quintal,Grade A
Bargarh APMC,286.0,Metric Tonnes,Tomato,3000.0,4000.0,3500.0,Rs./Quintal,Local
Bargarh(Barapalli) APMC,154.0,Metric Tonnes,Tomato,3000.0,4000.0,3500.0,Rs./Quintal,Local
Baripada APMC,2.5,Metric Tonnes,Tomato,3000.0,3500.0,3200.0,Rs./Quintal,Medium
Betnoti APMC,2.2,Metric Tonnes,Tomato,3300.0,3700.0,3500.0,Rs./Quintal,FAQ
Bhawanipatna APMC,1.5,Metric Tonnes,Tomato,3300.0,3300.0,3300.0,Rs./Quintal,Local
Birmaharajpur APMC,2.2,Metric Tonnes,Local,2550.0,2750.0,2600.0,Rs./Quintal,Local
Bolangir APMC,3.0,Metric Tonnes,Other,2000.0,2400.0,2200.0,Rs./Quintal,Medium
Boudh APMC,1.0,Metric Tonnes,Other,3500.0,4200.0,4000.0,Rs./Quintal,Local
Champua APMC,1.4,Metric Tonnes,Other,3000.0,3000.0,3000.0,Rs./Quintal,Local
Champua(Jhumpura) APMC,0.6,Metric Tonnes,Other,3000.0,3000.0,3000.0,Rs./Quintal,Local
Chandabali APMC,8.5,Metric Tonnes,Other,3500.0,4050.0,3750.0,Rs./Quintal,Grade Range-2
Chatta Krushak Bazar APMC,0.175,Metric Tonnes,Tomato,4000.0,4000.0,4000.0,Rs./Quintal,Grade B
Deogarh APMC,10.0,Metric Tonnes,Other,3000.0,3400.0,3200.0,Rs./Quintal,FAQ
Dungurapalli APMC,0.39,Metric Tonnes,Hybrid,2500.0,2680.0,2650.0,Rs./Quintal,Local
Godbhaga APMC,1.7800000000000002,Metric Tonnes,Other,1700.0,2000.0,1800.0,Rs./Quintal,Local
Gopa APMC,0.2,Metric Tonnes,Tomato,3500.0,3500.0,3500.0,Rs./Quintal,Grade B
Gunpur APMC,5.0,Metric Tonnes,Local,1650.0,2150.0,1730.0,Rs./Quintal,Grade A
Hindol APMC,0.8,Metric Tonnes,Tomato,3000.0,3500.0,3200.0,Rs./Quintal,Grade B
Jatni APMC,1.1,Metric Tonnes,Other,2000.0,2100.0,2000.0,Rs./Quintal,Grade B
Jharsuguda APMC,0.5,Metric Tonnes,Other,3500.0,4000.0,3500.0,Rs./Quintal,Grade A
Junagarh APMC,2.3000000000000003,Metric Tonnes,Other,2700.0,3100.0,2900.0,Rs./Quintal,Grade B
Kalahandi(Dharamagarh) APMC,2.2,Metric Tonnes,Other,2600.0,3400.0,3000.0,Rs./Quintal,Grade B
Kamakhyanagar APMC,0.4,Metric Tonnes,Tomato,3000.0,3000.0,3000.0,Rs./Quintal,Grade A
Kantabaji APMC,1.85,Metric Tonnes,Other,2500.0,3500.0,3000.0,Rs./Quintal,Grade B
Karanjia APMC,0.15000000000000002,Metric Tonnes,Local,3000.0,3500.0,3200.0,Rs./Quintal,Local
Kasinagar APMC,6.9,Metric Tonnes,Local,1300.0,1500.0,1400.0,Rs./Quintal,Grade Range-1
Kendrapara APMC,0.24,Metric Tonnes,Tomato,4000.0,4000.0,4000.0,Rs./Quintal,Grade B
Keonjhar APMC,0.5,Metric Tonnes,Other,5000.0,5500.0,5200.0,Rs./Quintal,Non-FAQ
Kesinga APMC,0.9500000000000001,Metric Tonnes,Local,2500.0,3200.0,3000.0,Rs./Quintal,Grade B
Khariar APMC,1.0,Metric Tonnes,Tomato,3000.0,3000.0,3000.0,Rs./Quintal,Grade A
Khariar Road APMC,0.8,Metric Tonnes,Tomato,3500.0,3500.0,3500.0,Rs./Quintal,Grade A
Khunthabandha APMC,1.0,Metric Tonnes,Tomato,3000.0,4000.0,3500.0,Rs./Quintal,Local
Koraput APMC,5.0,Metric Tonnes,Local,2500.0,3500.0,3000.0,Rs./Quintal,Grade B
Koraput(Semilguda) APMC,5.0,Metric Tonnes,Local,2500.0,3500.0,3000.0,Rs./Quintal,Grade B
Mukhiguda APMC,2.9000000000000004,Metric Tonnes,Tomato,2400.0,3400.0,2900.0,Rs./Quintal,Grade B
Nabarangpur(Umerkote) APMC,3.35,Metric Tonnes,Tomato,2200.0,2200.0,2200.0,Rs./Quintal,Grade B
Nilagiri APMC,4.0,Metric Tonnes,Other,3750.0,3800.0,3800.0,Rs./Quintal,Local
Padampur APMC,3.4000000000000004,Metric Tonnes,Tomato,2300.0,2800.0,2600.0,Rs./Quintal,Local
Pandkital APMC,0.30000000000000004,Metric Tonnes,Other,2000.0,2560.0,2450.0,Rs./Quintal,Local
Panposh APMC,1.0,Metric Tonnes,Hybrid,3500.0,4200.0,4000.0,Rs./Quintal,FAQ
Pattamundai APMC,0.175,Metric Tonnes,Tomato,4000.0,4000.0,4000.0,Rs./Quintal,Grade A
Rairakhol APMC,0.6000000000000001,Metric Tonnes,Hybrid,3000.0,3600.0,3200.0,Rs./Quintal,Grade B
Rayagada APMC,11.0,Metric Tonnes,Other,2900.0,3000.0,3000.0,Rs./Quintal,Local
Sambalpur APMC,5.0,Metric Tonnes,Other,2100.0,2300.0,2200.0,Rs./Quintal,Local
Saraskana APMC,0.045,Metric Tonnes,Tomato,3000.0,3500.0,3200.0,Rs./Quintal,Medium
Sargipali APMC,0.6000000000000001,Metric Tonnes,Other,2500.0,3000.0,2800.0,Rs./Quintal,FAQ
Sohela APMC,3.0,Metric Tonnes,Tomato,2300.0,2800.0,2600.0,Rs./Quintal,Local
Tusura APMC,2.6,Metric Tonnes,Other,2000.0,2400.0,2200.0,Rs./Quintal,Local
Udala APMC,5.0,Metric Tonnes,Other,3200.0,3600.0,3400.0,Rs./Quintal,FAQ
Total,556.35,Metric Tonnes,,,,3373.41,Rs./Quintal,
State/UT Name : Punjab
Adampur APMC,2.2,Metric Tonnes,Tomato,3000.0,4000.0,4000.0,Rs./Quintal,FAQ
Ahmedgarh APMC,0.2,Metric Tonnes,Local,3800.0,4000.0,4000.0,Rs./Quintal,Local
Baghapurana APMC,0.1,Metric Tonnes,Tomato,3200.0,3700.0,3500.0,Rs./Quintal,Grade B
Balachaur APMC,1.36,Metric Tonnes,Other,2000.0,2500.0,2200.0,Rs./Quintal,Medium
Bassi Pathana APMC,0.8,Metric Tonnes,Tomato,3000.0,3500.0,3200.0,Rs./Quintal,Medium
Bhagta Bhai Ka APMC,0.6,Metric Tonnes,Other,2800.0,2800.0,2800.0,Rs./Quintal,Medium
Bhawanigarh APMC,0.2,Metric Tonnes,Other,2500.0,2500.0,2500.0,Rs./Quintal,Medium
Dasuya APMC,0.5,Metric Tonnes,Tomato,4000.0,4000.0,4000.0,Rs./Quintal,FAQ
Dharamkot APMC,0.09,Metric Tonnes,Tomato,3000.0,3000.0,3000.0,Rs./Quintal,Grade A
Dhuri APMC,0.2,Metric Tonnes,Other,2000.0,2200.0,2100.0,Rs./Quintal,Medium
Dinanagar APMC,2.55,Metric Tonnes,Tomato,2000.0,2400.0,2200.0,Rs./Quintal,Medium
Doraha APMC,0.8029999999999999,Metric Tonnes,Deshi,2000.0,2800.0,2550.0,Rs./Quintal,Local
Dudhansadhan APMC,0.3,Metric Tonnes,Other,2500.0,2500.0,2500.0,Rs./Quintal,Grade B
F.G.Churian APMC,0.1,Metric Tonnes,Tomato,2800.0,2800.0,2800.0,Rs./Quintal,Grade A
Faridkot APMC,1.888,Metric Tonnes,Other,3000.0,3000.0,3000.0,Rs./Quintal,Grade A
Fazilka APMC,0.466,Metric Tonnes,Tomato,3000.0,3000.0,3000.0,Rs./Quintal,FAQ
Garh Shankar APMC,1.7,Metric Tonnes,Tomato,2500.0,2500.0,2500.0,Rs./Quintal,FAQ
Garh Shankar(Mahalpur) APMC,0.8,Metric Tonnes,Tomato,2200.0,2200.0,2200.0,Rs./Quintal,FAQ
GarhShankar (Kotfatuhi) APMC,0.2,Metric Tonnes,Other,2200.0,2200.0,2200.0,Rs./Quintal,FAQ
Ghanaur APMC,0.2,Metric Tonnes,Other,1800.0,2000.0,1900.0,Rs./Quintal,FAQ
Giddarbaha APMC,0.5,Metric Tonnes,Tomato,2600.0,2600.0,2600.0,Rs./Quintal,FAQ
Gurdaspur APMC,1.4,Metric Tonnes,Other,2000.0,2000.0,2000.0,Rs./Quintal,Grade A
Jagraon APMC,0.7,Metric Tonnes,Other,1800.0,1800.0,1800.0,Rs./Quintal,FAQ
Jalalabad APMC,1.4000000000000001,Metric Tonnes,Tomato,3000.0,3200.0,3100.0,Rs./Quintal,Medium
Jalandhar City(Jalandhar) APMC,46.400000000000006,Metric Tonnes,Tomato,800.0,2400.0,1600.0,Rs./Quintal,FAQ
Khamano APMC,0.1,Metric Tonnes,Tomato,2000.0,2000.0,2000.0,Rs./Quintal,FAQ
Khanna APMC,4.5,Metric Tonnes,Tomato,1500.0,1500.0,1500.0,Rs./Quintal,Grade A
Kharar APMC,4.0,Metric Tonnes,Tomato,2000.0,4000.0,3000.0,Rs./Quintal,Non-FAQ
Kurali APMC,1.4000000000000001,Metric Tonnes,Other,2800.0,3000.0,2900.0,Rs./Quintal,Medium
Lehra Gaga APMC,1.725,Metric Tonnes,Other,2000.0,2000.0,2000.0,Rs./Quintal,Grade A
Ludhiana APMC,60.2,Metric Tonnes,Other,800.0,2300.0,1700.0,Rs./Quintal,FAQ
Machhiwara APMC,0.5750000000000001,Metric Tonnes,Local,3000.0,4000.0,3500.0,Rs./Quintal,FAQ
Malerkotla APMC,5.5,Metric Tonnes,Tomato,1200.0,2700.0,2500.0,Rs./Quintal,Local
Malout APMC,4.3,Metric Tonnes,Tomato,3000.0,3000.0,3000.0,Rs./Quintal,Grade A
Mamdot APMC,0.09,Metric Tonnes,Other,2450.0,2450.0,2450.0,Rs./Quintal,Local
Mansa APMC,0.6,Metric Tonnes,Tomato,4200.0,4200.0,4200.0,Rs./Quintal,FAQ
Maur APMC,0.2,Metric Tonnes,Other,2300.0,3000.0,2500.0,Rs./Quintal,Grade B
Mukerian APMC,2.9850000000000003,Metric Tonnes,Tomato,1500.0,2500.0,2000.0,Rs./Quintal,Grade B
Mukerian(Talwara) APMC,0.5,Metric Tonnes,Tomato,2400.0,3200.0,2800.0,Rs./Quintal,FAQ
Muktsar APMC,1.2000000000000002,Metric Tonnes,Tomato,1000.0,2000.0,1500.0,Rs./Quintal,Medium
Nabha APMC,5.1000000000000005,Metric Tonnes,Other,2400.0,3300.0,2800.0,Rs./Quintal,Grade C
Nawan Shahar(Subzi Mandi) APMC,1.79,Metric Tonnes,Tomato,2000.0,2200.0,2100.0,Rs./Quintal,FAQ
Nihal Singh Wala APMC,0.225,Metric Tonnes,Other,3500.0,3500.0,3500.0,Rs./Quintal,FAQ
Patiala APMC,22.900000000000002,Metric Tonnes,Local,1300.0,1500.0,1400.0,Rs./Quintal,Grade A
Patran APMC,20.0,Metric Tonnes,Other,1500.0,1500.0,1500.0,Rs./Quintal,Grade A
Patti APMC,0.12,Metric Tonnes,Other,0.1,0.1,0.1,Rs./Quintal,Local
Phagwara APMC,14.200000000000001,Metric Tonnes,Other,900.0,1478.0,1000.0,Rs./Quintal,FAQ
Phillaur(Apra Mandi) APMC,0.1,Metric Tonnes,Other,4000.0,4000.0,4000.0,Rs./Quintal,FAQ
Quadian APMC,0.2,Metric Tonnes,Other,2800.0,3000.0,2900.0,Rs./Quintal,Grade A
Raikot APMC,0.8,Metric Tonnes,Other,2872.0,2872.0,2872.0,Rs./Quintal,Grade A
Rajpura APMC,1.8,Metric Tonnes,Local,1800.0,2000.0,1900.0,Rs./Quintal,Grade A
Raman APMC,0.5,Metric Tonnes,Other,2405.0,3005.0,2715.0,Rs./Quintal,Medium
Rampuraphul(Nabha Mandi) APMC,2.0,Metric Tonnes,Other,1500.0,2500.0,2000.0,Rs./Quintal,Grade A
Rayya APMC,0.038,Metric Tonnes,Other,715.0,715.0,715.0,Rs./Quintal,FAQ
Ropar APMC,5.0,Metric Tonnes,Other,2800.0,3200.0,3000.0,Rs./Quintal,Non-FAQ
Samana APMC,40.0,Metric Tonnes,Tomato,1800.0,2700.0,2000.0,Rs./Quintal,Local
Sangrur APMC,3.0,Metric Tonnes,Tomato,1800.0,2500.0,2000.0,Rs./Quintal,Grade B
Shahkot APMC,0.1,Metric Tonnes,Other,1500.0,1500.0,1500.0,Rs./Quintal,Local
Sirhind APMC,3.1,Metric Tonnes,Other,2000.0,2700.0,2500.0,Rs./Quintal,FAQ
Sunam APMC,1.0,Metric Tonnes,Tomato,1600.0,1600.0,1600.0,Rs./Quintal,Grade A
Talwandi Sabo APMC,0.5,Metric Tonnes,Other,2000.0,2600.0,2300.0,Rs./Quintal,Grade A
Tanda Urmur APMC,1.1,Metric Tonnes,Local,2500.0,3000.0,2800.0,Rs./Quintal,Grade A
Tarantaran APMC,0.15,Metric Tonnes,Other,2600.0,2600.0,2600.0,Rs./Quintal,Local
Zira APMC,0.416,Metric Tonnes,Other,2200.0,2200.0,2200.0,Rs./Quintal,Local
Total,277.67,Metric Tonnes,,,,1872.61,Rs./Quintal,
State/UT Name : Rajasthan
Ajmer(F&V) APMC,68.4,Metric Tonnes,Other,1000.0,2000.0,1600.0,Rs./Quintal,Medium
Baran APMC,1.4000000000000001,Metric Tonnes,Other,1300.0,1700.0,1500.0,Rs./Quintal,Local
Bassi APMC,0.4,Metric Tonnes,Other,3600.0,4000.0,3800.0,Rs./Quintal,Local
Bayana APMC,0.9,Metric Tonnes,Other,2800.0,2800.0,2800.0,Rs./Quintal,Local
Bhadara APMC,0.7,Metric Tonnes,Deshi,2000.0,2500.0,2143.0,Rs./Quintal,FAQ
Bhilwara APMC,13.600000000000001,Metric Tonnes,Other,2000.0,3000.0,2500.0,Rs./Quintal,FAQ
Bhinmal APMC,1.3,Metric Tonnes,Other,2200.0,2300.0,2250.0,Rs./Quintal,Non-FAQ
Churu APMC,2.5,Metric Tonnes,Hybrid,2000.0,2200.0,2100.0,Rs./Quintal,FAQ
Dablirathan APMC,0.08000000000000002,Metric Tonnes,Deshi,1850.0,1850.0,1850.0,Rs./Quintal,Local
Goluwala APMC,0.16000000000000003,Metric Tonnes,Deshi,2800.0,3000.0,3000.0,Rs./Quintal,Non-FAQ
HanumangarhTown APMC,90.10000000000001,Metric Tonnes,Deshi,2700.0,2700.0,2700.0,Rs./Quintal,Non-FAQ
Jaipur (F&V) APMC,643.1,Metric Tonnes,Other,2600.0,3200.0,2900.0,Rs./Quintal,FAQ
Jhunjhunu APMC,1.9000000000000001,Metric Tonnes,Deshi,1000.0,2500.0,1500.0,Rs./Quintal,FAQ
Jodhpur (F&V) APMC,112.60000000000001,Metric Tonnes,Other,1000.0,3200.0,2500.0,Rs./Quintal,Medium
Kota (F&V) APMC,61.5,Metric Tonnes,Other,2800.0,2800.0,2800.0,Rs./Quintal,Medium
Rajsamand APMC,1.8,Metric Tonnes,Tomato,2000.0,2500.0,2250.0,Rs./Quintal,FAQ
Rawatsar APMC,0.7000000000000001,Metric Tonnes,Deshi,1000.0,2100.0,1500.0,Rs./Quintal,FAQ
Sikar APMC,32.6,Metric Tonnes,Deshi,1800.0,2500.0,2150.0,Rs./Quintal,FAQ
Sriganganagar (F&V) APMC,23.0,Metric Tonnes,Tomato,2300.0,2700.0,2500.0,Rs./Quintal,Grade C
Sujangarh APMC,0.7000000000000001,Metric Tonnes,Other,1500.0,1700.0,1600.0,Rs./Quintal,Local
Udaipur (F&V) APMC,56.800000000000004,Metric Tonnes,Other,1000.0,2200.0,1600.0,Rs./Quintal,Medium
Total,1114.24,Metric Tonnes,,,,2646.99,Rs./Quintal,
State/UT Name : Tamil Nadu
AJattihalli(Uzhavar Sandhai ),3.66,Metric Tonnes,Deshi,2000.0,2700.0,2350.0,Rs./Quintal,Local
Alangudi(Uzhavar Sandhai ),0.54,Metric Tonnes,Other,2500.0,3000.0,2750.0,Rs./Quintal,Local
Ambasamudram(Uzhavar Sandhai ),0.04,Metric Tonnes,Local,2400.0,2800.0,2600.0,Rs./Quintal,Local
Ambattur(Uzhavar Sandhai ),0.04,Metric Tonnes,Deshi,2500.0,2500.0,2500.0,Rs./Quintal,Local
Ammapet(Uzhavar Sandhai ),1.99,Metric Tonnes,Local,2000.0,2400.0,2200.0,Rs./Quintal,Local
Anaiyur(Uzhavar Sandhai ),0.76,Metric Tonnes,Deshi,2000.0,2200.0,2100.0,Rs./Quintal,Local
Andipatti(Uzhavar Sandhai ),0.85,Metric Tonnes,Other,2300.0,2500.0,2400.0,Rs./Quintal,Local
Anna nagar(Uzhavar Sandhai ),0.93,Metric Tonnes,Deshi,2000.0,2200.0,2100.0,Rs./Quintal,Local
Anna nagar(Uzhavar Sandhai ),1.77,Metric Tonnes,Other,2600.0,2600.0,2600.0,Rs./Quintal,Local
Arani(Uzhavar Sandhai ),1.2,Metric Tonnes,Deshi,2000.0,2400.0,2200.0,Rs./Quintal,Local
Aranthangi(Uzhavar Sandhai ),0.56,Metric Tonnes,Other,2500.0,3000.0,2750.0,Rs./Quintal,Local
Arcot(Uzhavar Sandhai ),0.77,Metric Tonnes,Deshi,2400.0,2400.0,2400.0,Rs./Quintal,Local
Ariyalur(Uzhavar Sandhai),0.16,Metric Tonnes,Deshi,3000.0,3500.0,3250.0,Rs./Quintal,Local
Aruppukottai(Uzhavar Sandhai ),0.66,Metric Tonnes,Deshi,3000.0,3500.0,3250.0,Rs./Quintal,Local
Athur(Uzhavar Sandhai ),2.96,Metric Tonnes,Local,2000.0,2500.0,2250.0,Rs./Quintal,Local
Attayampatti(Uzhavar Sandhai ),0.4,Metric Tonnes,Deshi,2400.0,2500.0,2450.0,Rs./Quintal,Local
Avallapalli(Uzhavar Sandhai ),1.3,Metric Tonnes,Deshi,2400.0,2800.0,2600.0,Rs./Quintal,Local
Bodinayakanur(Uzhavar Sandhai ),0.43,Metric Tonnes,Deshi,2500.0,2500.0,2500.0,Rs./Quintal,Local
Chengalpet(Uzhavar Sandhai ),0.72,Metric Tonnes,Deshi,3000.0,3500.0,3250.0,Rs./Quintal,Local
Chengam(Uzhavar Sandhai ),0.48,Metric Tonnes,Deshi,2000.0,2500.0,2250.0,Rs./Quintal,Local
Cheyyar(Uzhavar Sandhai ),0.3,Metric Tonnes,Local,2000.0,2400.0,2200.0,Rs./Quintal,Local
Chidambaram(Uzhavar Sandhai ),0.02,Metric Tonnes,Local,3000.0,3000.0,3000.0,Rs./Quintal,Local
Chinnalapatti(Uzhavar Sandhai ),0.67,Metric Tonnes,Deshi,2000.0,2800.0,2400.0,Rs./Quintal,Local
Chinnamanur(Uzhavar Sandhai ),1.41,Metric Tonnes,Deshi,2400.0,2400.0,2400.0,Rs./Quintal,Local
Chokkikulam(Uzhavar Sandhai ),2.4,Metric Tonnes,Deshi,2000.0,2200.0,2100.0,Rs./Quintal,Local
Coonoor(Uzhavar Sandhai ),1.68,Metric Tonnes,Local,3200.0,3500.0,3350.0,Rs./Quintal,Local
Cuddalore(Uzhavar Sandhai ),0.45,Metric Tonnes,Deshi,3000.0,3000.0,3000.0,Rs./Quintal,Local
Denkanikottai(Uzhavar Sandhai ),2.36,Metric Tonnes,Deshi,2500.0,2800.0,2650.0,Rs./Quintal,Local
Devakottai (Uzhavar Sandhai ),0.23,Metric Tonnes,Deshi,2200.0,2500.0,2350.0,Rs./Quintal,Local
Devaram(Uzhavar Sandhai ),0.31,Metric Tonnes,Deshi,2500.0,2500.0,2500.0,Rs./Quintal,Local
Dharapuram(Uzhavar Sandhai ),4.4,Metric Tonnes,Local,1500.0,2000.0,1750.0,Rs./Quintal,Local
Dharmapuri(Uzhavar Sandhai ),9.41,Metric Tonnes,Local,2500.0,2700.0,2600.0,Rs./Quintal,Local
Dindigul(Uzhavar Sandhai ),2.25,Metric Tonnes,Deshi,2000.0,2600.0,2300.0,Rs./Quintal,Local
Edapadi (Uzhavar Sandhai ),1.7,Metric Tonnes,Local,2500.0,2800.0,2650.0,Rs./Quintal,Local
Elampillai(Uzhavar Sandhai ),1.7,Metric Tonnes,Other,2000.0,2500.0,2250.0,Rs./Quintal,Local
Gandarvakottai(Uzhavar Sandhai ),0.48,Metric Tonnes,Other,2500.0,3000.0,2750.0,Rs./Quintal,Local
Gandhigramam(Uzhavar Sandhai),0.34,Metric Tonnes,Other,2800.0,3000.0,2900.0,Rs./Quintal,Local
Gingee(Uzhavar Sandhai ),0.24,Metric Tonnes,Deshi,2500.0,2500.0,2500.0,Rs./Quintal,Local
Gobichettipalayam(Uzhavar Sandhai ),0.76,Metric Tonnes,Deshi,2400.0,3000.0,2700.0,Rs./Quintal,Local
Gudalur(Uzhavar Sandhai ),0.04,Metric Tonnes,Deshi,2500.0,3000.0,2750.0,Rs./Quintal,Local
Gudiyatham(Uzhavar Sandhai ),1.2,Metric Tonnes,Deshi,2600.0,2600.0,2600.0,Rs./Quintal,Local
Guduvancheri(Uzhavar Sandhai ),0.14,Metric Tonnes,Other,2000.0,2500.0,2250.0,Rs./Quintal,Local
Harur(Uzhavar Sandhai ),1.5,Metric Tonnes,Deshi,2000.0,2500.0,2250.0,Rs./Quintal,Local
Hasthampatti(Uzhavar Sandhai ),0.05,Metric Tonnes,Deshi,1800.0,2000.0,1900.0,Rs./Quintal,Local
Hosur(Uzhavar Sandhai ),10.13,Metric Tonnes,Deshi,2000.0,2500.0,2250.0,Rs./Quintal,Local
Jalagandapuram(Uzhavar Sandhai ),3.13,Metric Tonnes,Other,2000.0,2500.0,2250.0,Rs./Quintal,Local
Jameenrayapettai(Uzhavar Sandhai ),0.63,Metric Tonnes,Other,2000.0,2500.0,2250.0,Rs./Quintal,Local
Jeyankondam (Uzhavar Sandhai ),0.01,Metric Tonnes,Deshi,3000.0,3500.0,3250.0,Rs./Quintal,Local
KKNagar(Uzhavar Sandhai ),3.3,Metric Tonnes,Deshi,2600.0,2600.0,2600.0,Rs./Quintal,Local
Kahithapattarai(Uzhavar Sandhai ),1.1,Metric Tonnes,Deshi,2600.0,2800.0,2700.0,Rs./Quintal,Local
Kallakurichi(Uzhavar Sandhai ),1.11,Metric Tonnes,Deshi,3000.0,3000.0,3000.0,Rs./Quintal,Local
Kambam(Uzhavar Sandhai ),6.0,Metric Tonnes,Deshi,2000.0,2200.0,2100.0,Rs./Quintal,Local
Kamuthi(Uzhavar Sandhai ),0.02,Metric Tonnes,Deshi,2500.0,3000.0,2750.0,Rs./Quintal,Local
Kancheepuram(Uzhavar Sandhai ),0.6,Metric Tonnes,Local,2000.0,2800.0,2400.0,Rs./Quintal,Local
Kandiyaperi(Uzhavar Sandhai ),0.03,Metric Tonnes,Other,2600.0,3800.0,3200.0,Rs./Quintal,Local
Kangayam(Uzhavar Sandhai ),1.09,Metric Tonnes,Local,1500.0,2000.0,1750.0,Rs./Quintal,Local
Karaikudi(Uzhavar Sandhai ),0.34,Metric Tonnes,Deshi,2200.0,2600.0,2400.0,Rs./Quintal,Local
Karambakkudi(Uzhavar Sandhai ),0.54,Metric Tonnes,Deshi,3000.0,3500.0,3250.0,Rs./Quintal,Local
Karimangalam(Uzhavar Sandhai),0.57,Metric Tonnes,Local,2300.0,2500.0,2400.0,Rs./Quintal,Local
Kariyapatti(Uzhavar Sandhai ),0.26,Metric Tonnes,Deshi,3000.0,3500.0,3250.0,Rs./Quintal,Local
Karur(Uzhavar Sandhai ),1.15,Metric Tonnes,Deshi,2900.0,3400.0,3150.0,Rs./Quintal,Local
Katpadi (Uzhavar Sandhai ),1.25,Metric Tonnes,Deshi,3000.0,3000.0,3000.0,Rs./Quintal,Local
Kaveripattinam(Uzhavar Sandhai ),0.26,Metric Tonnes,Local,3000.0,3000.0,3000.0,Rs./Quintal,Local
Keelpennathur(Uzhavar Sandhai ),0.03,Metric Tonnes,Deshi,2000.0,2500.0,2250.0,Rs./Quintal,Local
Kovilpatti(Uzhavar Sandhai ),0.32,Metric Tonnes,Local,3000.0,3500.0,3250.0,Rs./Quintal,Local
Krishnagiri(Uzhavar Sandhai ),3.64,Metric Tonnes,Deshi,1400.0,1800.0,1600.0,Rs./Quintal,Local
Kulithalai(Uzhavar Sandhai ),1.54,Metric Tonnes,Deshi,2800.0,3000.0,2900.0,Rs./Quintal,Local
Kumarapalayam(Uzhavar Sandhai ),0.14,Metric Tonnes,Other,2200.0,3000.0,2600.0,Rs./Quintal,Local
Kumbakonam (Uzhavar Sandhai ),1.27,Metric Tonnes,Deshi,2600.0,3200.0,2900.0,Rs./Quintal,Local
Kundrathur(Uzhavar Sandhai ),0.45,Metric Tonnes,Other,2500.0,2500.0,2500.0,Rs./Quintal,Local
Kurichi(Uzhavar Sandhai ),0.16,Metric Tonnes,Local,3000.0,3400.0,3200.0,Rs./Quintal,Local
Lalgudi(Uzhavar Sandhai ),0.52,Metric Tonnes,Deshi,2600.0,2600.0,2600.0,Rs./Quintal,Local
Madhuranthagam(Uzhavar Sandhai ),0.11,Metric Tonnes,Deshi,3000.0,3000.0,3000.0,Rs./Quintal,Local
Manachanallur(Uzhavar Sandhai ),0.15,Metric Tonnes,Deshi,2800.0,2800.0,2800.0,Rs./Quintal,Local
Manapparai(Uzhavar Sandhai ),0.65,Metric Tonnes,Other,3000.0,3000.0,3000.0,Rs./Quintal,Local
Mannargudi I(Uzhavar Sandhai ),1.3,Metric Tonnes,Deshi,2600.0,2600.0,2600.0,Rs./Quintal,Local
Mannargudi II(Uzhavar Sandhai ),0.46,Metric Tonnes,Deshi,2600.0,2600.0,2600.0,Rs./Quintal,Local
Mayiladuthurai(Uzhavar Sandhai ),0.16,Metric Tonnes,Deshi,2500.0,3000.0,2750.0,Rs./Quintal,Local
Mecheri(Uzhavar Sandhai),0.24,Metric Tonnes,Deshi,2000.0,2500.0,2250.0,Rs./Quintal,Local
Medavakkam(Uzhavar Sandhai ),0.35,Metric Tonnes,Other,2000.0,2500.0,2250.0,Rs./Quintal,Local
Melapalayam(Uzhavar Sandhai ),0.85,Metric Tonnes,Other,2600.0,2800.0,2700.0,Rs./Quintal,Local
Melur(Uzhavar Sandhai ),0.55,Metric Tonnes,Local,2000.0,2200.0,2100.0,Rs./Quintal,Local
Mettupalayam(Uzhavar Sandhai ),2.68,Metric Tonnes,Deshi,2500.0,3200.0,2850.0,Rs./Quintal,Local
Mettur(Uzhavar Sandhai ),1.2,Metric Tonnes,Local,2000.0,2500.0,2250.0,Rs./Quintal,Local
Mohanur(Uzhavar Sandhai ),0.51,Metric Tonnes,Deshi,2400.0,3000.0,2700.0,Rs./Quintal,Local
Musiri(Uzhavar Sandhai ),1.9,Metric Tonnes,Deshi,2500.0,3000.0,2750.0,Rs./Quintal,Local
Muthupettai(Uzhavar Sandhai ),0.05,Metric Tonnes,Deshi,2600.0,2600.0,2600.0,Rs./Quintal,Local
Myladi(Uzhavar Sandhai ),0.04,Metric Tonnes,Deshi,2500.0,3000.0,2750.0,Rs./Quintal,Local
NGO Colony(Uzhavar Sandhai ),0.6,Metric Tonnes,Deshi,2800.0,3200.0,3000.0,Rs./Quintal,Local
Nagapattinam(Uzhavar Sandhai ),0.2,Metric Tonnes,Deshi,3800.0,3800.0,3800.0,Rs./Quintal,Local
Nanganallur(Uzhavar Sandhai ),0.13,Metric Tonnes,Deshi,3000.0,3500.0,3250.0,Rs./Quintal,Local
Naravarikuppam(Uzhavar Sandhai ),0.1,Metric Tonnes,Deshi,2500.0,2500.0,2500.0,Rs./Quintal,Local
Natrampalli(Uzhavar Sandhai ),6.1,Metric Tonnes,Deshi,2000.0,2500.0,2250.0,Rs./Quintal,Local
Needamangalam(Uzhavar Sandhai ),0.06,Metric Tonnes,Deshi,2400.0,2400.0,2400.0,Rs./Quintal,Local
Padappai(Uzhavar Sandhai ),0.75,Metric Tonnes,Local,2000.0,2800.0,2400.0,Rs./Quintal,Local
Palacode(Uzhavar Sandhai ),0.94,Metric Tonnes,Local,2500.0,2700.0,2600.0,Rs./Quintal,Local
Palanganatham(Uzhavar Sandhai ),1.5,Metric Tonnes,Deshi,2000.0,2200.0,2100.0,Rs./Quintal,Local
Palani(Uzhavar Sandhai ),2.86,Metric Tonnes,Deshi,1200.0,2000.0,1600.0,Rs./Quintal,Local
Palayamkottai(Uzhavar Sandhai ),0.85,Metric Tonnes,Local,2600.0,2800.0,2700.0,Rs./Quintal,Local
Palladam(Uzhavar Sandhai ),2.65,Metric Tonnes,Local,2000.0,2400.0,2200.0,Rs./Quintal,Local
Pallapatti (Uzhavar Sandhai ),1.1,Metric Tonnes,Other,3000.0,3200.0,3100.0,Rs./Quintal,Local
Pallavaram(Uzhavar Sandhai ),1.05,Metric Tonnes,Other,2000.0,2500.0,2250.0,Rs./Quintal,Local
Pallikonda(Uzhavar Sandhai),0.08,Metric Tonnes,Deshi,2400.0,2600.0,2500.0,Rs./Quintal,Local
Panruti(Uzhavar Sandhai ),0.06,Metric Tonnes,Deshi,2500.0,2500.0,2500.0,Rs./Quintal,Local
Papanasam(Uzhavar Sandhai ),0.18,Metric Tonnes,Deshi,2600.0,3200.0,2900.0,Rs./Quintal,Local
Paramakudi(Uzhavar Sandhai ),1.6,Metric Tonnes,Deshi,2500.0,2800.0,2650.0,Rs./Quintal,Local
Paramathivelur(Uzhavar Sandhai ),0.22,Metric Tonnes,Local,2500.0,3000.0,2750.0,Rs./Quintal,Local
Paruthipattu(Uzhavar Sandhai ),0.23,Metric Tonnes,Deshi,2500.0,2500.0,2500.0,Rs./Quintal,Local
Pattukottai(Uzhavar Sandhai ),0.99,Metric Tonnes,Deshi,3000.0,3000.0,3000.0,Rs./Quintal,Local
Pennagaram(Uzhavar Sandhai ),2.2,Metric Tonnes,Local,2400.0,2500.0,2450.0,Rs./Quintal,Local
Perambakkam(Uzhavar Sandhai ),0.02,Metric Tonnes,Deshi,2000.0,2000.0,2000.0,Rs./Quintal,Local
Perambalur(Uzhavar Sandhai ),0.84,Metric Tonnes,Deshi,2500.0,3000.0,2750.0,Rs./Quintal,Local
Perampet(Uzhavar Sandhai),0.13,Metric Tonnes,Deshi,2000.0,2500.0,2250.0,Rs./Quintal,Local
Peravurani(Uzhavar Sandhai),0.09,Metric Tonnes,Deshi,3000.0,3000.0,3000.0,Rs./Quintal,Local
Periyakulam(Uzhavar Sandhai ),0.63,Metric Tonnes,Other,2200.0,2500.0,2350.0,Rs./Quintal,Local
Periyar Nagar(Uzhavar Sandhai ),0.39,Metric Tonnes,Other,2000.0,2400.0,2200.0,Rs./Quintal,Local
Perundurai(Uzhavar Sandhai ),0.46,Metric Tonnes,Deshi,2600.0,3000.0,2800.0,Rs./Quintal,Local
Pollachi(Uzhavar Sandhai ),1.4,Metric Tonnes,Deshi,2500.0,3000.0,2750.0,Rs./Quintal,Local
Polur(Uzhavar Sandhai ),0.4,Metric Tonnes,Local,2000.0,2500.0,2250.0,Rs./Quintal,Local
Ponnamaravathi(Uzhavar Sandhai),0.19,Metric Tonnes,Deshi,2500.0,3000.0,2750.0,Rs./Quintal,Local
Pudukottai(Uzhavar Sandhai ),1.41,Metric Tonnes,Deshi,2500.0,3000.0,2750.0,Rs./Quintal,Local
RSPuram(Uzhavar Sandhai ),3.28,Metric Tonnes,Local,2600.0,2800.0,2700.0,Rs./Quintal,Local
Rajapalayam(Uzhavar Sandhai ),0.8,Metric Tonnes,Deshi,2500.0,3000.0,2750.0,Rs./Quintal,Local
Ramanathapuram(Uzhavar Sandhai ),0.23,Metric Tonnes,Local,2500.0,3000.0,2750.0,Rs./Quintal,Local
Ranipettai(Uzhavar Sandhai ),1.1,Metric Tonnes,Other,2000.0,2500.0,2250.0,Rs./Quintal,Local
Rasipuram(Uzhavar Sandhai ),1.67,Metric Tonnes,Other,3200.0,3600.0,3400.0,Rs./Quintal,Local
Sampath Nagar(Uzhavar Sandhai ),1.62,Metric Tonnes,Other,2000.0,2400.0,2200.0,Rs./Quintal,Local
Sankarankoil(Uzhavar Sandhai ),0.71,Metric Tonnes,Deshi,1800.0,2000.0,1900.0,Rs./Quintal,Local
Sankarapuram(Uzhavar Sandhai ),0.16,Metric Tonnes,Deshi,2500.0,2500.0,2500.0,Rs./Quintal,Local
Sathiyamagalam(Uzhavar Sandhai ),0.82,Metric Tonnes,Local,2500.0,3000.0,2750.0,Rs./Quintal,Local
Sathur(Uzhavar Sandhai ),0.08,Metric Tonnes,Deshi,2000.0,2500.0,2250.0,Rs./Quintal,Local
Singampunari(Uzhavar Sandhai ),0.33,Metric Tonnes,Other,2200.0,2400.0,2300.0,Rs./Quintal,Local
Singanallur(Uzhavar Sandhai ),11.2,Metric Tonnes,Local,3000.0,3500.0,3250.0,Rs./Quintal,Local
Sivagangai (Uzhavar Sandhai ),1.15,Metric Tonnes,Deshi,2500.0,2800.0,2650.0,Rs./Quintal,Local
Sivakasi(Uzhavar Sandhai ),0.06,Metric Tonnes,Deshi,3500.0,4000.0,3750.0,Rs./Quintal,Local
Sooramangalam(Uzhavar Sandhai ),6.58,Metric Tonnes,Local,2400.0,2600.0,2500.0,Rs./Quintal,Local
Srivilliputhur(Uzhavar Sandhai ),0.16,Metric Tonnes,Deshi,2500.0,3000.0,2750.0,Rs./Quintal,Local
Sulur(Uzhavar Sandhai ),0.75,Metric Tonnes,Local,3000.0,3500.0,3250.0,Rs./Quintal,Local
Sundarapuram(Uzhavar Sandhai ),1.9,Metric Tonnes,Local,3000.0,3400.0,3200.0,Rs./Quintal,Local
Sunguvarchatram(Uzhavar Sandhai ),0.4,Metric Tonnes,Other,2500.0,2500.0,2500.0,Rs./Quintal,Local
Tamarainagar(Uzhavar Sandhai ),0.65,Metric Tonnes,Deshi,2500.0,2800.0,2650.0,Rs./Quintal,Local
Tenkasi(Uzhavar Sandhai ),0.4,Metric Tonnes,Local,1500.0,2000.0,1750.0,Rs./Quintal,Local
Thalavadi(Uzhavar Sandhai ),0.49,Metric Tonnes,Other,2200.0,2600.0,2400.0,Rs./Quintal,Local
Thalavaipuram(Uzhavar Sandhai ),0.14,Metric Tonnes,Deshi,2500.0,3000.0,2750.0,Rs./Quintal,Local
Thammampatti (Uzhavar Sandhai ),1.22,Metric Tonnes,Deshi,2000.0,2800.0,2400.0,Rs./Quintal,Local
Thanjavur(Uzhavar Sandhai ),1.16,Metric Tonnes,Deshi,2800.0,2800.0,2800.0,Rs./Quintal,Local
Thathakapatti(Uzhavar Sandhai ),3.97,Metric Tonnes,Deshi,2000.0,2500.0,2250.0,Rs./Quintal,Local
Theni(Uzhavar Sandhai ),4.92,Metric Tonnes,Other,2500.0,2500.0,2500.0,Rs./Quintal,Local
Thirukalukundram(Uzhavar Sandhai ),0.14,Metric Tonnes,Deshi,3500.0,3500.0,3500.0,Rs./Quintal,Local
Thirumangalam(Uzhavar Sandhai ),1.06,Metric Tonnes,Deshi,2000.0,2200.0,2100.0,Rs./Quintal,Local
Thirupathur APMC,5.0,Metric Tonnes,Deshi,2800.0,2800.0,2800.0,Rs./Quintal,Local
Thiruverumbur(Uzhavar Sandhai ),1.0,Metric Tonnes,Deshi,2800.0,2800.0,2800.0,Rs./Quintal,Local
Thuraiyur APMC,0.9,Metric Tonnes,Other,2600.0,3000.0,2800.0,Rs./Quintal,Local
Tindivanam APMC,0.97,Metric Tonnes,Other,2400.0,2400.0,2400.0,Rs./Quintal,Local
Tiruchengode APMC,0.03,Metric Tonnes,Deshi,2600.0,3000.0,2800.0,Rs./Quintal,Local
Tirukattupalli(Uzhavar Sandhai ),0.26,Metric Tonnes,Deshi,2800.0,2800.0,2800.0,Rs./Quintal,Local
Tirupatthur(Uzhavar Sandhai ),0.42,Metric Tonnes,Deshi,2200.0,2500.0,2350.0,Rs./Quintal,Local
Tiruppur (North) (Uzhavar Sandhai ),1.1,Metric Tonnes,Local,2500.0,2800.0,2650.0,Rs./Quintal,Local
Tiruppur (South) (Uzhavar Sandhai ),17.55,Metric Tonnes,Local,1000.0,1400.0,1200.0,Rs./Quintal,Local
Tiruthani(Uzhavar Sandhai ),0.3,Metric Tonnes,Deshi,2500.0,2500.0,2500.0,Rs./Quintal,Local
Tiruvallur(Uzhavar Sandhai ),0.21,Metric Tonnes,Deshi,3000.0,3000.0,3000.0,Rs./Quintal,Local
Tiruvannamalai(Uzhavar Sandhai ),1.12,Metric Tonnes,Deshi,2000.0,2200.0,2100.0,Rs./Quintal,Local
Tiruvarur(Uzhavar Sandhai ),0.18,Metric Tonnes,Deshi,3000.0,3000.0,3000.0,Rs./Quintal,Local
Tuticorin(Uzhavar Sandhai ),1.19,Metric Tonnes,Local,3000.0,3500.0,3250.0,Rs./Quintal,Local
Udhagamandalam(Uzhavar Sandhai ),2.35,Metric Tonnes,Deshi,2500.0,3000.0,2750.0,Rs./Quintal,Local
Udumalpet APMC,0.97,Metric Tonnes,Deshi,1500.0,2200.0,1850.0,Rs./Quintal,Local
Ulundurpettai APMC,0.39,Metric Tonnes,Deshi,2500.0,2500.0,2500.0,Rs./Quintal,Local
Usilampatti(Uzhavar Sandhai ),0.83,Metric Tonnes,Deshi,2000.0,2200.0,2100.0,Rs./Quintal,Local
Vadalur(Uzhavar Sandhai ),0.17,Metric Tonnes,Local,2500.0,2500.0,2500.0,Rs./Quintal,Local
Vadaseri APMC,0.3,Metric Tonnes,Deshi,3000.0,3500.0,3250.0,Rs./Quintal,Local
Vadavalli(Uzhavar Sandhai ),1.62,Metric Tonnes,Local,2800.0,3200.0,3000.0,Rs./Quintal,Local
Valangaiman APMC,0.05,Metric Tonnes,Deshi,3000.0,3000.0,3000.0,Rs./Quintal,Local
Vandavasi(Uzhavar Sandhai ),0.02,Metric Tonnes,Local,2000.0,2400.0,2200.0,Rs./Quintal,Local
Vazhapadi(Uzhavar Sandhai),0.64,Metric Tonnes,Deshi,2500.0,3000.0,2750.0,Rs./Quintal,Local
Vedaranyam(Uzhavar Sandhai),0.09,Metric Tonnes,Deshi,3500.0,4000.0,3750.0,Rs./Quintal,Local
Vedasanthur(Uzhavar Sandhai ),0.01,Metric Tonnes,Deshi,1500.0,2000.0,1750.0,Rs./Quintal,Local
Velayuthampalayam(Uzhavar Sandhai ),0.27,Metric Tonnes,Other,2400.0,3000.0,2700.0,Rs./Quintal,Local
Vellore APMC,3.2,Metric Tonnes,Deshi,2600.0,3000.0,2800.0,Rs./Quintal,Local
Vengamedu(Uzhavar Sandhai ),0.08,Metric Tonnes,Deshi,2500.0,3000.0,2750.0,Rs./Quintal,Local
Villupuram(Uzhavar Sandhai ),0.5,Metric Tonnes,Deshi,2500.0,3000.0,2750.0,Rs./Quintal,Local
Viralimalai(Uzhavar Sandhai ),0.3,Metric Tonnes,Deshi,3000.0,3500.0,3250.0,Rs./Quintal,Local
Virudhunagar(Uzhavar Sandhai ),0.15,Metric Tonnes,Deshi,2500.0,3000.0,2750.0,Rs./Quintal,Local
Viruthachalam(Uzhavar Sandhai ),0.09,Metric Tonnes,Deshi,4000.0,4000.0,4000.0,Rs./Quintal,Local
Total,224.87,Metric Tonnes,,,,2424.96,Rs./Quintal,
State/UT Name : Telangana
Adilabad (Rythu Bazar) ,4.1000000000000005,Metric Tonnes,Local,2500.0,2500.0,2500.0,Rs./Quintal,Local
"Alwal,RBZ",3.6,Metric Tonnes,Other,1700.0,1700.0,1700.0,Rs./Quintal,FAQ
Bowenpally APMC,84.7,Metric Tonnes,Deshi,400.0,1400.0,1200.0,Rs./Quintal,FAQ
Bowenpally APMC,389.20000000000005,Metric Tonnes,Other,400.0,1400.0,1200.0,Rs./Quintal,FAQ
Chevella APMC,6.5,Metric Tonnes,Local,1000.0,1000.0,1000.0,Rs./Quintal,Local
"Excise Colony,RBZ ",0.85,Metric Tonnes,Other,2800.0,2800.0,2800.0,Rs./Quintal,Grade A
Gudimalkapur APMC,304.6,Metric Tonnes,Tomato,400.0,1600.0,800.0,Rs./Quintal,Grade B
Ibrahimpatnam APMC,3.5,Metric Tonnes,Local,800.0,800.0,800.0,Rs./Quintal,Local
Kalwakurthy APMC,5.4,Metric Tonnes,Tomato,600.0,600.0,600.0,Rs./Quintal,Local
Karimnagar APMC,2.2800000000000002,Metric Tonnes,Hybrid,1500.0,2000.0,1750.0,Rs./Quintal,Medium
"Kukatpally,RBZ",14.9,Metric Tonnes,Deshi,1700.0,1700.0,1700.0,Rs./Quintal,Local
L B Nagar APMC,55.6,Metric Tonnes,Tomato,600.0,1200.0,800.0,Rs./Quintal,Medium
Mahabubnagar(Rythu Bazar),3.18,Metric Tonnes,Deshi,2000.0,2000.0,2000.0,Rs./Quintal,Local
Mahboob Manison APMC,28.700000000000003,Metric Tonnes,Tomato,600.0,800.0,700.0,Rs./Quintal,Local
Miryalguda(Rythu Bazar) ,1.4,Metric Tonnes,Deshi,2500.0,2500.0,2500.0,Rs./Quintal,Grade A
"Pavilion Ground,Khammam,RBZ",0.362,Metric Tonnes,Deshi,2400.0,2400.0,2400.0,Rs./Quintal,FAQ
RYTHU BAZAR ERRAGADDA,12.9,Metric Tonnes,Deshi,1700.0,1700.0,1700.0,Rs./Quintal,Grade A
RYTHU BAZAR MEHDIPATNAM,9.3,Metric Tonnes,Deshi,1700.0,1700.0,1700.0,Rs./Quintal,Grade A
Sangareddy APMC,4.4,Metric Tonnes,Other,1000.0,1000.0,1000.0,Rs./Quintal,Grade B
"Saroornagar,RBZ",8.0,Metric Tonnes,Other,1700.0,1700.0,1700.0,Rs./Quintal,Medium
"Sattupalli (Ramalayam),RBZ",0.632,Metric Tonnes,Tomato,2000.0,3000.0,2800.0,Rs./Quintal,FAQ
Shadnagar APMC,6.0,Metric Tonnes,Local,1000.0,1300.0,1200.0,Rs./Quintal,Local
Shankarapally APMC,0.7000000000000001,Metric Tonnes,Deshi,1000.0,1500.0,1250.0,Rs./Quintal,Local
Siddipet(Rythu Bazar) ,9.4,Metric Tonnes,Local,1200.0,2000.0,1600.0,Rs./Quintal,Grade A
"Vanasthalipuram,RBZ ",8.9,Metric Tonnes,Other,1700.0,1700.0,1700.0,Rs./Quintal,Grade A
Vantamamidi APMC,0.4,Metric Tonnes,Tomato,1000.0,1000.0,1000.0,Rs./Quintal,Local
Venkateswarnagar APMC,4.1000000000000005,Metric Tonnes,Local,600.0,1000.0,800.0,Rs./Quintal,Local
Warangal APMC,20.0,Metric Tonnes,Tomato,1500.0,2000.0,1750.0,Rs./Quintal,FAQ
Total,993.6,Metric Tonnes,,,,1089.67,Rs./Quintal,
State/UT Name : Tripura
Bishalgarh APMC,0.5,Metric Tonnes,Hybrid,3800.0,4500.0,4000.0,Rs./Quintal,Medium
Boxonagar,0.06,Metric Tonnes,Hybrid,4500.0,4700.0,4600.0,Rs./Quintal,Medium
Gondatwisa APMC,0.2,Metric Tonnes,Hybrid,5500.0,6000.0,5800.0,Rs./Quintal,FAQ
Halahali,3.0,Metric Tonnes,Deshi,5200.0,5400.0,5300.0,Rs./Quintal,FAQ
Kadamtala,0.2,Metric Tonnes,Tomato,5000.0,6000.0,6000.0,Rs./Quintal,FAQ
Kanchanpur,0.2,Metric Tonnes,Hybrid,4800.0,5000.0,4900.0,Rs./Quintal,FAQ
Machmara,0.4,Metric Tonnes,Local,2000.0,2200.0,2100.0,Rs./Quintal,FAQ
Manubazar,0.4,Metric Tonnes,Hybrid,4800.0,5000.0,4900.0,Rs./Quintal,Grade A
Pabiacherra APMC,0.5,Metric Tonnes,Other,3800.0,4000.0,3900.0,Rs./Quintal,FAQ
Total,5.46,Metric Tonnes,,,,4810.62,Rs./Quintal,
State/UT Name : Uttar Pradesh
Agra APMC,39.7,Metric Tonnes,Other,1400.0,1600.0,1433.75,Rs./Quintal,FAQ
Aligarh APMC,180.0,Metric Tonnes,Other,2000.0,2300.0,2037.5,Rs./Quintal,FAQ
Amroha APMC,292.96,Metric Tonnes,Other,1500.0,1500.0,1500.0,Rs./Quintal,FAQ
Auraiya APMC,16.0,Metric Tonnes,Other,2000.0,2000.0,2000.0,Rs./Quintal,FAQ
Barabanki APMC,137.7,Metric Tonnes,Other,1400.0,1400.0,1400.0,Rs./Quintal,FAQ
Baraut APMC,14.0,Metric Tonnes,Other,2000.0,2000.0,2000.0,Rs./Quintal,FAQ
Baripaal APMC,4.4,Metric Tonnes,Other,2000.0,2000.0,2000.0,Rs./Quintal,FAQ
Buland Shahr APMC,2.7,Metric Tonnes,Other,2000.0,2000.0,2000.0,Rs./Quintal,FAQ
CHHUTMALPUR APMC,1.4,Metric Tonnes,Other,2250.0,2400.0,2285.71,Rs./Quintal,FAQ
Chandausi APMC,1.4,Metric Tonnes,Other,2050.0,2050.0,2050.0,Rs./Quintal,FAQ
Dudhi APMC,2.0,Metric Tonnes,Other,2400.0,2600.0,2500.0,Rs./Quintal,Medium
Dudhi APMC,3.6,Metric Tonnes,Other,3000.0,3000.0,3000.0,Rs./Quintal,FAQ
Etah APMC,4.0,Metric Tonnes,Other,2000.0,2000.0,2000.0,Rs./Quintal,FAQ
Fatehpur APMC,1.8,Metric Tonnes,Other,2400.0,2400.0,2400.0,Rs./Quintal,FAQ
Fatehpur Sikri APMC,0.4,Metric Tonnes,Other,1800.0,1800.0,1800.0,Rs./Quintal,FAQ
Firozabad APMC,33.0,Metric Tonnes,Other,1000.0,1000.0,1000.0,Rs./Quintal,FAQ
Gangoh APMC,0.9,Metric Tonnes,Other,2400.0,2500.0,2422.22,Rs./Quintal,FAQ
Jagnair APMC,0.7,Metric Tonnes,Other,1600.0,1600.0,1600.0,Rs./Quintal,FAQ
Jalaun APMC,28.0,Metric Tonnes,Other,1500.0,1500.0,1500.0,Rs./Quintal,FAQ
Jangipura APMC,25.0,Metric Tonnes,Other,1600.0,1600.0,1600.0,Rs./Quintal,FAQ
Jaunpur APMC,79.7,Metric Tonnes,Other,1800.0,2100.0,1875.78,Rs./Quintal,FAQ
Jhansi APMC,12.0,Metric Tonnes,Other,1700.0,2000.0,1766.67,Rs./Quintal,FAQ
Kairana APMC,0.8,Metric Tonnes,Other,2000.0,2000.0,2000.0,Rs./Quintal,FAQ
Kannauj APMC,10.0,Metric Tonnes,Other,2100.0,2100.0,2100.0,Rs./Quintal,FAQ
Kanpur(Grain) APMC,291.657,Metric Tonnes,Other,2100.0,2100.0,2100.0,Rs./Quintal,FAQ
Khairagarh APMC,0.4,Metric Tonnes,Tomato,2500.0,2600.0,2550.0,Rs./Quintal,FAQ
Khairagarh APMC,0.9,Metric Tonnes,Other,2000.0,2000.0,2000.0,Rs./Quintal,FAQ
Khalilabad APMC,11.5,Metric Tonnes,Tomato,1700.0,1800.0,1750.0,Rs./Quintal,Medium
Khandhla APMC,2.6,Metric Tonnes,Other,2200.0,2200.0,2200.0,Rs./Quintal,FAQ
Khekda APMC,0.8,Metric Tonnes,Other,1800.0,2000.0,1875.0,Rs./Quintal,FAQ
Kiratpur APMC,1.2,Metric Tonnes,Other,2100.0,2100.0,2100.0,Rs./Quintal,FAQ
Kosikalan APMC,6.0,Metric Tonnes,Deshi,1870.0,1960.0,1900.0,Rs./Quintal,FAQ
Kosikalan APMC,0.3,Metric Tonnes,Other,2500.0,2500.0,2500.0,Rs./Quintal,FAQ
Lakhimpur APMC,44.05,Metric Tonnes,Other,1260.0,1310.0,1293.65,Rs./Quintal,FAQ
Mathura APMC,4.85,Metric Tonnes,Other,1800.0,3000.0,2358.76,Rs./Quintal,FAQ
Meerut APMC,7.5,Metric Tonnes,Other,3000.0,3000.0,3000.0,Rs./Quintal,FAQ
Nawabganj APMC,2.5,Metric Tonnes,Other,2000.0,2000.0,2000.0,Rs./Quintal,FAQ
Orai APMC,18.0,Metric Tonnes,Other,1500.0,1500.0,1500.0,Rs./Quintal,FAQ
Parikshitgarh APMC,0.2,Metric Tonnes,Other,2500.0,2500.0,2500.0,Rs./Quintal,FAQ
Prayagraj APMC,21.0,Metric Tonnes,Other,2000.0,2000.0,2000.0,Rs./Quintal,FAQ
Rampurmaniharan APMC,1.6,Metric Tonnes,Other,2400.0,2600.0,2425.0,Rs./Quintal,FAQ
Robertsganj APMC,15.0,Metric Tonnes,Other,2000.0,2000.0,2000.0,Rs./Quintal,FAQ
Rudauli APMC,12.0,Metric Tonnes,Other,1600.0,1600.0,1600.0,Rs./Quintal,FAQ
Safdarganj APMC,0.6,Metric Tonnes,Other,1000.0,1000.0,1000.0,Rs./Quintal,FAQ
Saharanpur APMC,64.0,Metric Tonnes,Other,1500.0,1600.0,1529.06,Rs./Quintal,FAQ
Samsabad APMC,2.0,Metric Tonnes,Hybrid,1400.0,1600.0,1500.0,Rs./Quintal,Local
Shamli APMC,2.5,Metric Tonnes,Other,2500.0,3000.0,2600.0,Rs./Quintal,FAQ
Sikanderabad APMC,9.0,Metric Tonnes,Other,2400.0,2800.0,2688.89,Rs./Quintal,FAQ
Sirsa APMC,4.0,Metric Tonnes,Other,1500.0,2100.0,2060.0,Rs./Quintal,FAQ
Sitapur APMC,66.5,Metric Tonnes,Other,1500.0,1500.0,1500.0,Rs./Quintal,FAQ
Thanabhawan APMC,0.8,Metric Tonnes,Other,2400.0,2400.0,2400.0,Rs./Quintal,FAQ
Varanasi APMC,39.5,Metric Tonnes,Other,1500.0,1500.0,1500.0,Rs./Quintal,FAQ
Total,1523.12,Metric Tonnes,,,,1742.31,Rs./Quintal,
State/UT Name : Uttarakhand
Bhagwanpur(Naveen Mandi Sthal) APMC,3.0,Metric Tonnes,Other,1200.0,1400.0,1300.0,Rs./Quintal,Grade B
Chakrata APMC,2.0,Metric Tonnes,Local,1000.0,1200.0,1200.0,Rs./Quintal,FAQ
Haldwani APMC,2.2,Metric Tonnes,Other,1200.0,2500.0,2000.0,Rs./Quintal,FAQ
Haridwar Union APMC,9.0,Metric Tonnes,Hybrid,1500.0,2200.0,1800.0,Rs./Quintal,FAQ
Jaspur(UC) APMC,1.0,Metric Tonnes,Tomato,2800.0,2800.0,2800.0,Rs./Quintal,FAQ
Kashipur APMC,1.8,Metric Tonnes,Other,2000.0,2400.0,2200.0,Rs./Quintal,Local
Kicchha APMC,1.5,Metric Tonnes,Hybrid,1700.0,1800.0,1750.0,Rs./Quintal,Non-FAQ
Manglaur APMC,1.4000000000000001,Metric Tonnes,Other,1000.0,1500.0,1200.0,Rs./Quintal,Large
Rishikesh APMC,6.0,Metric Tonnes,Other,1550.0,2000.0,1800.0,Rs./Quintal,Medium
Rudrapur APMC,8.0,Metric Tonnes,Other,2000.0,3500.0,2500.0,Rs./Quintal,Medium
Vikasnagar APMC,2.1,Metric Tonnes,Other,900.0,1100.0,1100.0,Rs./Quintal,Medium
Total,38.0,Metric Tonnes,,,,1870.39,Rs./Quintal,
State/UT Name : West Bengal
Alipurduar APMC,4.0,Metric Tonnes,Tomato,3000.0,3700.0,3500.0,Rs./Quintal,FAQ
Asansol APMC,5.4,Metric Tonnes,Hybrid,2500.0,2700.0,2600.0,Rs./Quintal,FAQ
Balarampur APMC,3.0,Metric Tonnes,Other,3000.0,3300.0,3200.0,Rs./Quintal,FAQ
Balurghat APMC,0.5,Metric Tonnes,Other,3000.0,3400.0,3200.0,Rs./Quintal,FAQ
Barasat APMC,8.0,Metric Tonnes,Other,3600.0,3600.0,3600.0,Rs./Quintal,FAQ
Baruipur(Canning) APMC,5.300000000000001,Metric Tonnes,Tomato,2800.0,3200.0,3000.0,Rs./Quintal,FAQ
Bolpur APMC,25.0,Metric Tonnes,Hybrid,4700.0,4900.0,4800.0,Rs./Quintal,FAQ
Chakdah APMC,3.2,Metric Tonnes,Other,3650.0,3850.0,3800.0,Rs./Quintal,FAQ
Champadanga APMC,2.4,Metric Tonnes,Hybrid,3200.0,3400.0,3200.0,Rs./Quintal,FAQ
Coochbehar APMC,1.2000000000000002,Metric Tonnes,Tomato,2500.0,3000.0,2800.0,Rs./Quintal,FAQ
Darjeeling APMC,0.4,Metric Tonnes,Other,3700.0,4000.0,3800.0,Rs./Quintal,FAQ
Dhupguri APMC,12.0,Metric Tonnes,Other,3100.0,3300.0,3200.0,Rs./Quintal,FAQ
Diamond Harbour(South 24-pgs) APMC,1.1800000000000002,Metric Tonnes,Tomato,2700.0,2900.0,2800.0,Rs./Quintal,FAQ
Durgapur APMC,5.3,Metric Tonnes,Hybrid,2450.0,2650.0,2500.0,Rs./Quintal,FAQ
Egra/contai APMC,18.0,Metric Tonnes,Tomato,1800.0,2000.0,1900.0,Rs./Quintal,FAQ
Falakata APMC,6.0,Metric Tonnes,Other,2500.0,3500.0,3000.0,Rs./Quintal,FAQ
Gangarampur(Dakshin Dinajpur) APMC,0.5,Metric Tonnes,Other,3000.0,3300.0,3200.0,Rs./Quintal,FAQ
Garbeta(Medinipur) APMC,0.18000000000000002,Metric Tonnes,Tomato,3000.0,3400.0,3200.0,Rs./Quintal,FAQ
Ghatal APMC,2.0,Metric Tonnes,Hybrid,3300.0,3500.0,3400.0,Rs./Quintal,FAQ
Habra APMC,4.0,Metric Tonnes,Other,3300.0,3300.0,3300.0,Rs./Quintal,FAQ
Kalipur APMC,2.8,Metric Tonnes,Hybrid,3000.0,3400.0,3200.0,Rs./Quintal,FAQ
Kalna APMC,1.45,Metric Tonnes,Tomato,1900.0,2100.0,2000.0,Rs./Quintal,FAQ
Karsiyang(Matigara) APMC,0.4,Metric Tonnes,Other,3600.0,3800.0,3700.0,Rs./Quintal,FAQ
Khatra APMC,0.21000000000000002,Metric Tonnes,Tomato,3000.0,3800.0,3500.0,Rs./Quintal,FAQ
Medinipur(West) APMC,1.8,Metric Tonnes,Tomato,3100.0,3300.0,3200.0,Rs./Quintal,FAQ
Pandua APMC,0.54,Metric Tonnes,Hybrid,2750.0,3000.0,2925.0,Rs./Quintal,FAQ
Pundibari APMC,0.7000000000000001,Metric Tonnes,Tomato,2500.0,3000.0,2800.0,Rs./Quintal,FAQ
Purulia APMC,3.5,Metric Tonnes,Other,3000.0,3500.0,3200.0,Rs./Quintal,FAQ
Ramkrishanpur(Howrah) APMC,0.14,Metric Tonnes,Tomato,2200.0,3000.0,2500.0,Rs./Quintal,FAQ
Ranaghat APMC,3.0,Metric Tonnes,Other,3700.0,3900.0,3850.0,Rs./Quintal,FAQ
Sainthia APMC,25.0,Metric Tonnes,Hybrid,4800.0,5000.0,4900.0,Rs./Quintal,FAQ
Sealdah Koley Market APMC,12.4,Metric Tonnes,Other,2700.0,3000.0,2800.0,Rs./Quintal,FAQ
Sheoraphuly APMC,24.0,Metric Tonnes,Hybrid,3000.0,3175.0,3100.0,Rs./Quintal,FAQ
Siliguri APMC,25.0,Metric Tonnes,Tomato,3000.0,3400.0,3200.0,Rs./Quintal,FAQ
Uluberia APMC,0.1,Metric Tonnes,Other,2200.0,3000.0,2500.0,Rs./Quintal,FAQ
Total,208.6,Metric Tonnes,,,,3434.01,Rs./Quintal,
Grand Total,18634.02,Metric Tonnes,,,,1841.65,Rs./Quintal,

Note:
Weighted Average Price = ∑(arrival quantity * modal price) / ∑arrival quantity
