"Commodity-wise, Market-wise Daily Report (Weighted Average) on: 10-Sep-2026"

Market Center,Arrivals,Unit of Arrivals,Variety,Minimum Price,Maximum Price,Modal Price,Unit of Price,Grade
Commodity Group Name : Cereals
Maize (MSP: Rs. 2410.00/Quintal)
State/UT Name : Andhra Pradesh
Addanki APMC,0.1,Metric Tonnes,Local,2400.0,2425.0,2410.0,Rs./Quintal,FAQ
Allagadda APMC,1.0,Metric Tonnes,Local,2000.0,2100.0,2050.0,Rs./Quintal,FAQ
Banaganapalli APMC,0.1,Metric Tonnes,Local,2000.0,2400.0,2200.0,Rs./Quintal,FAQ
Bapatla APMC,0.1,Metric Tonnes,Local,2200.0,2400.0,2300.0,Rs./Quintal,Local
Bobbili APMC,1.0,Metric Tonnes,Local,4800.0,4800.0,4800.0,Rs./Quintal,FAQ
Chintapally APMC,1.0,Metric Tonnes,Local,1500.0,2500.0,2000.0,Rs./Quintal,FAQ
Chipurupalli APMC,0.05,Metric Tonnes,Local,4800.0,4800.0,4800.0,Rs./Quintal,FAQ
Durgi APMC,1.0,Metric Tonnes,Hybrid/Local,1800.0,2400.0,2100.0,Rs./Quintal,FAQ
Etcherla APMC,0.1,Metric Tonnes,Deshi White,2400.0,2400.0,2400.0,Rs./Quintal,Local
Gajapathinagaram APMC,0.1,Metric Tonnes,Local,2400.0,2400.0,2400.0,Rs./Quintal,Local
Gopalapuram APMC,1.0,Metric Tonnes,Local,2415.0,2415.0,2415.0,Rs./Quintal,Local
Gorantla  APMC,0.4,Metric Tonnes,Hybrid/Local,2100.0,2400.0,2200.0,Rs./Quintal,FAQ
Hiramandalam APMC,0.1,Metric Tonnes,Medium,2200.0,2200.0,2200.0,Rs./Quintal,Local
Jaggayyapeta APMC,0.1,Metric Tonnes,Local,2410.0,2410.0,2410.0,Rs./Quintal,Grade Range-1
Kanchekacherla APMC,0.1,Metric Tonnes,Hybrid,2400.0,2400.0,2400.0,Rs./Quintal,FAQ
Kuchinapudi APMC,1.0,Metric Tonnes,Local,2800.0,3000.0,2900.0,Rs./Quintal,Local
Kurupam APMC,0.02,Metric Tonnes,Local,2400.0,2400.0,2400.0,Rs./Quintal,Local
Mangalagiri APMC,0.1,Metric Tonnes,Fine,2480.0,2480.0,2480.0,Rs./Quintal,FAQ
Merakamudidam APMC,0.1,Metric Tonnes,Local,1800.0,2000.0,1950.0,Rs./Quintal,Local
Mylavaram APMC,0.1,Metric Tonnes,Hybrid,2450.0,2450.0,2450.0,Rs./Quintal,Local
Nandigama APMC,0.1,Metric Tonnes,Hybrid,2340.0,2340.0,2340.0,Rs./Quintal,Grade Range-1
Nandikotkur APMC,0.1,Metric Tonnes,Hybrid,2200.0,2400.0,2300.0,Rs./Quintal,FAQ
Nandyal APMC,0.1,Metric Tonnes,Other,2400.0,2400.0,2400.0,Rs./Quintal,Local
Nidadavolu APMC,1.0,Metric Tonnes,Local,2410.0,2410.0,2410.0,Rs./Quintal,Local
Nuzvid APMC,30.0,Metric Tonnes,Local,2500.0,2500.0,2500.0,Rs./Quintal,FAQ
Palakonda APMC,0.1,Metric Tonnes,Medium,1800.0,1800.0,1800.0,Rs./Quintal,FAQ
Panyam APMC,0.2,Metric Tonnes,Hybrid/Local,2400.0,2400.0,2400.0,Rs./Quintal,FAQ
Parvathipuram APMC,0.04,Metric Tonnes,Local,2400.0,2400.0,2400.0,Rs./Quintal,Local
Penamaluru (HQ-Kankipadu) APMC,0.1,Metric Tonnes,Hybrid/Local,2600.0,2600.0,2600.0,Rs./Quintal,Local
Penukonda APMC,0.1,Metric Tonnes,Hybrid/Local,2500.0,2600.0,2550.0,Rs./Quintal,FAQ
Polavaram APMC,1.0,Metric Tonnes,Local,2410.0,2410.0,2410.0,Rs./Quintal,Local
Ponduru APMC,0.1,Metric Tonnes,Local,2400.0,2400.0,2400.0,Rs./Quintal,FAQ
Pusapatirega APMC,1.0,Metric Tonnes,Local,4800.0,4800.0,4800.0,Rs./Quintal,FAQ
Puttaparthi  APMC,1.0,Metric Tonnes,Local,2400.0,2500.0,2450.0,Rs./Quintal,FAQ
RAYADURG APMC,0.1,Metric Tonnes,Local,2200.0,2550.0,2400.0,Rs./Quintal,Grade Range-1
Rajam APMC,0.05,Metric Tonnes,Local,4800.0,4800.0,4800.0,Rs./Quintal,FAQ
Rajanagaram APMC,1.0,Metric Tonnes,Fine,2405.0,2405.0,2405.0,Rs./Quintal,Local
Rompicherla APMC,0.1,Metric Tonnes,Hybrid/Local,2300.0,2500.0,2500.0,Rs./Quintal,FAQ
Saluru APMC,0.1,Metric Tonnes,Hybrid/Local,2600.0,2600.0,2600.0,Rs./Quintal,FAQ
Santhamaguluru APMC,0.1,Metric Tonnes,Hybrid,2400.0,2480.0,2450.0,Rs./Quintal,FAQ
Simhadhripuram APMC,0.1,Metric Tonnes,Hybrid/Local,2200.0,2600.0,2400.0,Rs./Quintal,FAQ
Tiruvuru APMC,15.0,Metric Tonnes,Hybrid,2400.0,2400.0,2400.0,Rs./Quintal,Local
Vijayanagaram APMC,1.0,Metric Tonnes,Local,2400.0,2400.0,2400.0,Rs./Quintal,Local
Total,60.06,Metric Tonnes,,,,2523.44,Rs./Quintal,
State/UT Name : Chattisgarh
Antagarh APMC,222.0,Metric Tonnes,Hybrid/Local,2000.0,2000.0,2000.0,Rs./Quintal,Non-FAQ
Bededonger APMC,24.0,Metric Tonnes,Hybrid,1800.0,1800.0,1800.0,Rs./Quintal,Non-FAQ
Bhanupratappur APMC,4.5,Metric Tonnes,Hybrid,2000.0,2000.0,2000.0,Rs./Quintal,Non-FAQ
Dhanora APMC,7.6,Metric Tonnes,Hybrid/Local,2390.0,2400.0,2400.0,Rs./Quintal,FAQ
Gamhari APMC,5.6,Metric Tonnes,Hybrid/Local,2390.0,2400.0,2400.0,Rs./Quintal,FAQ
Keshkal APMC,31.6,Metric Tonnes,Hybrid/Local,2390.0,2400.0,2400.0,Rs./Quintal,FAQ
Kondagoan APMC,30.0,Metric Tonnes,Hybrid,1900.0,1900.0,1900.0,Rs./Quintal,Non-FAQ
Korar APMC,3.6,Metric Tonnes,Hybrid,2000.0,2000.0,2000.0,Rs./Quintal,Non-FAQ
Ramanujganj APMC,25.0,Metric Tonnes,Local,2410.0,2410.0,2410.0,Rs./Quintal,FAQ
Sambalpur APMC,20.5,Metric Tonnes,Hybrid,2000.0,2000.0,2000.0,Rs./Quintal,Non-FAQ
Vishrampur APMC,14.0,Metric Tonnes,Hybrid/Local,2390.0,2400.0,2400.0,Rs./Quintal,FAQ
Total,388.4,Metric Tonnes,,,,2066.86,Rs./Quintal,
State/UT Name : Gujarat
Bhiloda APMC,0.2,Metric Tonnes,Other,2350.0,2625.0,2475.0,Rs./Quintal,FAQ
Dahod APMC,54.800000000000004,Metric Tonnes,White (SAFED),2350.0,2550.0,2450.0,Rs./Quintal,Local
Garudeshwal APMC,5.3,Metric Tonnes,Deshi Red,2350.0,2350.0,2350.0,Rs./Quintal,Local
Himatnagar APMC,0.2,Metric Tonnes,Yellow,2500.0,2685.0,2600.0,Rs./Quintal,Local
Modasa APMC,3.5,Metric Tonnes,Hybrid Red (Cattle Feed),2525.0,2605.0,2605.0,Rs./Quintal,Non-FAQ
Modasa(Tintoi) APMC,2.2,Metric Tonnes,Hybrid Red (Cattle Feed),2425.0,2500.0,2500.0,Rs./Quintal,Non-FAQ
Morva Hafad APMC,0.5,Metric Tonnes,Deshi White,2000.0,2400.0,2200.0,Rs./Quintal,Local
Talod APMC,1.2000000000000002,Metric Tonnes,Other,2400.0,2545.0,2472.0,Rs./Quintal,FAQ
Zalod(Sanjeli) APMC,0.9,Metric Tonnes,Other,2400.0,2400.0,2400.0,Rs./Quintal,Grade Range-2
Total,68.8,Metric Tonnes,,,,2450.2,Rs./Quintal,
State/UT Name : Haryana
Naraingarh APMC,10.0,Metric Tonnes,Hybrid/Local,1900.0,1900.0,1900.0,Rs./Quintal,Local
Total,10.0,Metric Tonnes,,,,1900.0,Rs./Quintal,
State/UT Name : Karnataka
Bagalkot APMC,119.30000000000001,Metric Tonnes,Hybrid/Local,2450.0,2551.0,2452.0,Rs./Quintal,Local
Bengaluru APMC,41.7,Metric Tonnes,Hybrid/Local,3000.0,3200.0,3100.0,Rs./Quintal,FAQ
Davangere APMC,99.5,Metric Tonnes,Local,2258.0,2700.0,2499.0,Rs./Quintal,Local
Doddaballapur APMC,1.3,Metric Tonnes,Local,2680.0,2750.0,2750.0,Rs./Quintal,FAQ
Gadag APMC,14.200000000000001,Metric Tonnes,Local,1807.0,1807.0,1807.0,Rs./Quintal,FAQ
Gangavathi APMC,154.5,Metric Tonnes,Local,2510.0,2607.0,2570.0,Rs./Quintal,Non-FAQ
Gokak APMC,37.800000000000004,Metric Tonnes,Local,2640.0,2640.0,2640.0,Rs./Quintal,Local
H.B. Halli APMC,62.300000000000004,Metric Tonnes,Hybrid/Local,2100.0,2100.0,2100.0,Rs./Quintal,FAQ
Hanuru APMC,8.0,Metric Tonnes,Local,2300.0,2300.0,2300.0,Rs./Quintal,Non-FAQ
HarappanaHalli APMC,37.0,Metric Tonnes,Hybrid/Local,2630.0,2630.0,2630.0,Rs./Quintal,FAQ
Holenarsipura APMC,9.0,Metric Tonnes,Local,2500.0,2800.0,2500.0,Rs./Quintal,FAQ
Honnali APMC,345.70000000000005,Metric Tonnes,Local,2000.0,2800.0,2230.0,Rs./Quintal,FAQ
K.R.Nagar APMC,100.0,Metric Tonnes,Local,1900.0,1900.0,1900.0,Rs./Quintal,FAQ
Kollegal APMC,15.0,Metric Tonnes,Local,2600.0,2600.0,2600.0,Rs./Quintal,Non-FAQ
Koppal APMC,49.0,Metric Tonnes,Yellow,2600.0,2600.0,2600.0,Rs./Quintal,Non-FAQ
Kottur APMC,5.2,Metric Tonnes,Hybrid/Local,2111.0,2690.0,2546.0,Rs./Quintal,Local
Malavalli APMC,18.0,Metric Tonnes,Local,2200.0,2200.0,2200.0,Rs./Quintal,FAQ
Mudhol APMC,143.0,Metric Tonnes,Hybrid/Local,2700.0,2700.0,2700.0,Rs./Quintal,Non-FAQ
Mysuru APMC,20.5,Metric Tonnes,Local,1250.0,2772.0,2339.0,Rs./Quintal,Local
Nargunda APMC,46.400000000000006,Metric Tonnes,Local,2550.0,2550.0,2550.0,Rs./Quintal,FAQ
Periyapatna APMC,23.0,Metric Tonnes,Hybrid/Local,1950.0,2000.0,2000.0,Rs./Quintal,FAQ
Ramdurga APMC,19.8,Metric Tonnes,Local,2700.0,2700.0,2700.0,Rs./Quintal,FAQ
Ranebennur APMC,645.9000000000001,Metric Tonnes,Local,1900.0,2200.0,2050.0,Rs./Quintal,FAQ
Rona APMC,5.9,Metric Tonnes,Hybrid/Local,2450.0,2665.0,2628.0,Rs./Quintal,Non-FAQ
SIRGUPPA APMC,95.0,Metric Tonnes,Hybrid/Local,2800.0,2800.0,2800.0,Rs./Quintal,Local
Shikaripura APMC,302.7,Metric Tonnes,Local,2250.0,2600.0,2335.0,Rs./Quintal,FAQ
Shimoga APMC,193.9,Metric Tonnes,Local,2500.0,2800.0,2800.0,Rs./Quintal,Local
Soundati APMC,50.0,Metric Tonnes,Local,2790.0,2790.0,2790.0,Rs./Quintal,Non-FAQ
Vijayapura APMC,1.1,Metric Tonnes,Hybrid/Local,2450.0,2450.0,2450.0,Rs./Quintal,Local
Total,2664.7,Metric Tonnes,,,,2362.4,Rs./Quintal,
State/UT Name : Madhya Pradesh
Agar APMC,0.059,Metric Tonnes,Local,1800.0,1800.0,1800.0,Rs./Quintal,FAQ
Amarwda APMC,24.0,Metric Tonnes,Local,2250.0,2310.0,2310.0,Rs./Quintal,FAQ
Anjad APMC,154.54500000000002,Metric Tonnes,Local,1300.0,2000.0,1700.0,Rs./Quintal,FAQ
Ashta APMC,5.6930000000000005,Metric Tonnes,Local,2201.0,2531.0,2531.0,Rs./Quintal,FAQ
Badwaha APMC,191.55700000000002,Metric Tonnes,Local,1650.0,2485.0,1715.0,Rs./Quintal,FAQ
Bagli APMC,7.800000000000001,Metric Tonnes,Yellow,1350.0,1410.0,1410.0,Rs./Quintal,Non-FAQ
Bagli APMC,2.5,Metric Tonnes,Yellow,1400.0,1400.0,1400.0,Rs./Quintal,FAQ
Banapura APMC,5.16,Metric Tonnes,Yellow,2061.0,2134.0,2134.0,Rs./Quintal,FAQ
Betul APMC,6.2700000000000005,Metric Tonnes,Deshi Red,2251.0,2448.0,2430.0,Rs./Quintal,FAQ
Bhikangaon APMC,144.054,Metric Tonnes,Local,1604.0,2490.0,2490.0,Rs./Quintal,FAQ
Chaurai APMC,4.0,Metric Tonnes,Yellow,2600.0,2600.0,2600.0,Rs./Quintal,FAQ
Chhindwara APMC,89.78,Metric Tonnes,Local,2411.0,2634.0,2601.0,Rs./Quintal,FAQ
Dewas APMC,1.027,Metric Tonnes,Local,2250.0,2520.0,2520.0,Rs./Quintal,FAQ
Dhamnod APMC,3.3450000000000006,Metric Tonnes,Yellow,1896.0,1896.0,1896.0,Rs./Quintal,FAQ
Dhamnod APMC,1764.2520000000002,Metric Tonnes,Local,1625.0,2558.0,1750.0,Rs./Quintal,FAQ
Gadarwada (F&V) APMC,0.2,Metric Tonnes,Local,2000.0,2000.0,2000.0,Rs./Quintal,Local
Gandhwani APMC,38.087,Metric Tonnes,Local,1700.0,2350.0,1750.0,Rs./Quintal,FAQ
Ganjbasoda APMC,0.08700000000000001,Metric Tonnes,Local,2235.0,2235.0,2235.0,Rs./Quintal,FAQ
Guna APMC,11.371,Metric Tonnes,Local,1950.0,2200.0,2200.0,Rs./Quintal,FAQ
Haatpipliya APMC,0.15000000000000002,Metric Tonnes,Local,2341.0,2341.0,2341.0,Rs./Quintal,Non-FAQ
Harda APMC,53.631,Metric Tonnes,Yellow,1650.0,2462.0,2462.0,Rs./Quintal,FAQ
Harsood APMC,15.56,Metric Tonnes,Local,2275.0,2305.0,2305.0,Rs./Quintal,Non-FAQ
Indore APMC,95.69500000000001,Metric Tonnes,Local,2460.0,2460.0,2460.0,Rs./Quintal,FAQ
Itarsi APMC,7.390000000000001,Metric Tonnes,Local,2125.0,2125.0,2125.0,Rs./Quintal,FAQ
Jabalpur APMC,31.377,Metric Tonnes,Local,2320.0,2545.0,2450.0,Rs./Quintal,FAQ
Jeerapur APMC,0.07800000000000001,Metric Tonnes,Local,2105.0,2105.0,2105.0,Rs./Quintal,FAQ
Kannod APMC,23.01,Metric Tonnes,Local,1769.0,2351.0,1771.0,Rs./Quintal,FAQ
Karhi APMC,98.343,Metric Tonnes,Local,1600.0,2400.0,1700.0,Rs./Quintal,FAQ
Kasrawad APMC,61.970000000000006,Metric Tonnes,Local,1475.0,1575.0,1490.0,Rs./Quintal,FAQ
Khachrod APMC,0.05,Metric Tonnes,Local,1500.0,1500.0,1500.0,Rs./Quintal,FAQ
Khargone APMC,1495.4530000000002,Metric Tonnes,Local,1550.0,2430.0,1725.0,Rs./Quintal,FAQ
Khategaon APMC,25.782,Metric Tonnes,Local,1400.0,2267.0,2267.0,Rs./Quintal,FAQ
Khetia APMC,4.925000000000001,Metric Tonnes,Yellow,1680.0,1680.0,1680.0,Rs./Quintal,FAQ
Khilchipur APMC,0.42100000000000004,Metric Tonnes,Local,2100.0,2343.0,2340.0,Rs./Quintal,FAQ
Khirkiya APMC,9.799,Metric Tonnes,Local,1525.0,2325.0,2325.0,Rs./Quintal,Non-FAQ
Kukshi APMC,65.17999999999999,Metric Tonnes,Local,1350.0,1955.0,1955.0,Rs./Quintal,FAQ
Loharda APMC,137.68,Metric Tonnes,Local,1405.0,2050.0,2050.0,Rs./Quintal,FAQ
Maksudangarh APMC,0.262,Metric Tonnes,Local,2200.0,2200.0,2200.0,Rs./Quintal,FAQ
Manasa APMC,1.2080000000000002,Metric Tonnes,Local,1500.0,2076.0,2076.0,Rs./Quintal,FAQ
Manawar APMC,115.674,Metric Tonnes,Local,1550.0,2436.0,1700.0,Rs./Quintal,FAQ
Mandsaur APMC,4.4590000000000005,Metric Tonnes,Local,1750.0,2581.0,2361.0,Rs./Quintal,Non-FAQ
Mhow (Ambedkar Nagar) APMC,0.05500000000000001,Metric Tonnes,Local,2521.0,2521.0,2521.0,Rs./Quintal,FAQ
Neemuch APMC,45.413000000000004,Metric Tonnes,Local,1500.0,2690.0,2400.0,Rs./Quintal,FAQ
Palari APMC,22.5,Metric Tonnes,Local,2250.0,2250.0,2250.0,Rs./Quintal,Non-FAQ
Pandhurna APMC,20.053,Metric Tonnes,Local,2180.0,2200.0,2200.0,Rs./Quintal,Non-FAQ
Petlawad APMC,8.83,Metric Tonnes,Local,2040.0,2040.0,2040.0,Rs./Quintal,FAQ
Piplya APMC,158.394,Metric Tonnes,Local,2000.0,2565.0,2565.0,Rs./Quintal,FAQ
Rahatgarh APMC,22.040000000000003,Metric Tonnes,Local,1785.0,1935.0,1935.0,Rs./Quintal,Non-FAQ
Sagar APMC,0.8380000000000001,Metric Tonnes,Local,1655.0,1900.0,1900.0,Rs./Quintal,FAQ
Sanawad APMC,3.9990000000000006,Metric Tonnes,Local,2000.0,2517.0,2517.0,Rs./Quintal,FAQ
Segaon APMC,2.42,Metric Tonnes,Local,1700.0,1700.0,1700.0,Rs./Quintal,FAQ
Sehore APMC,0.286,Metric Tonnes,Deshi Red,2513.0,2513.0,2513.0,Rs./Quintal,FAQ
Sehore APMC,1.5050000000000001,Metric Tonnes,Local,1510.0,1510.0,1510.0,Rs./Quintal,FAQ
Shamgarh APMC,0.385,Metric Tonnes,Local,2316.0,2740.0,2740.0,Rs./Quintal,Non-FAQ
Sitamau APMC,0.07600000000000001,Metric Tonnes,Local,2400.0,2400.0,2400.0,Rs./Quintal,FAQ
Susner APMC,0.1,Metric Tonnes,Local,1926.0,1926.0,1926.0,Rs./Quintal,Non-FAQ
Thandla APMC,4.99,Metric Tonnes,Local,2200.0,2300.0,2300.0,Rs./Quintal,FAQ
Timarni APMC,0.209,Metric Tonnes,Local,2351.0,2351.0,2351.0,Rs./Quintal,FAQ
Total,4993.98,Metric Tonnes,,,,1858.84,Rs./Quintal,
State/UT Name : Maharashtra
APMC Ahilyanagar ,0.5,Metric Tonnes,Other,2300.0,2300.0,2300.0,Rs./Quintal,Non-FAQ
APMC Baramati ,0.1,Metric Tonnes,Other,2550.0,2550.0,2550.0,Rs./Quintal,FAQ
APMC Baramati ,6.5,Metric Tonnes,Deshi Red,2400.0,2725.0,2700.0,Rs./Quintal,FAQ
APMC Baramati ,7.0,Metric Tonnes,Deshi Red,2250.0,2390.0,2350.0,Rs./Quintal,Non-FAQ
APMC Barshi ,0.8,Metric Tonnes,Other,2600.0,2600.0,2600.0,Rs./Quintal,FAQ
APMC Karjat ,0.1,Metric Tonnes,Other,1600.0,2200.0,2000.0,Rs./Quintal,Non-FAQ
APMC Mumbai ,8.4,Metric Tonnes,Other,2800.0,3400.0,3200.0,Rs./Quintal,FAQ
APMC Pune ,0.3,Metric Tonnes,Deshi Red,2650.0,2950.0,2800.0,Rs./Quintal,FAQ
APMC Shirur ,0.3,Metric Tonnes,Other,2400.0,2400.0,2400.0,Rs./Quintal,FAQ
APMC Shirur ,0.9,Metric Tonnes,Other,2300.0,2300.0,2300.0,Rs./Quintal,Non-FAQ
APMC Sillod ,8.7,Metric Tonnes,Yellow,2450.0,2500.0,2500.0,Rs./Quintal,FAQ
APMC Vaijpur ,1.4,Metric Tonnes,Yellow,2200.0,2395.0,2350.0,Rs./Quintal,Non-FAQ
Buldhana(Dhad) ,13.2,Metric Tonnes,Yellow,2400.0,2600.0,2500.0,Rs./Quintal,FAQ
Karjat(Rashin) ,0.2,Metric Tonnes,Yellow,1600.0,2200.0,2000.0,Rs./Quintal,Non-FAQ
"Keshranand Cottex Pvt Agro, Dondicha, Dist Dhule",10.81,Metric Tonnes,Other,2500.0,2550.0,2509.0,Rs./Quintal,Local
Kurdwadi(Modnimb) ,5.7,Metric Tonnes,Deshi Red,2740.0,2862.0,2820.0,Rs./Quintal,FAQ
"Yashika Agro Marketing, Tal Bhusawal, Jalgaon",51.18,Metric Tonnes,Other,2400.0,2450.0,2430.0,Rs./Quintal,Local
Total,116.09,Metric Tonnes,,,,2534.23,Rs./Quintal,
State/UT Name : Odisha
Parlakhemundi APMC,1.9000000000000001,Metric Tonnes,Hybrid/Local,2100.0,2300.0,2200.0,Rs./Quintal,Grade Range-1
Total,1.9,Metric Tonnes,,,,2200.0,Rs./Quintal,
State/UT Name : Rajasthan
Bundi APMC,30.0,Metric Tonnes,Other,2091.0,2351.0,2221.0,Rs./Quintal,FAQ
Chhotisadri APMC,3.5,Metric Tonnes,Local,1499.0,1607.0,1552.0,Rs./Quintal,Local
Deoli APMC,0.2,Metric Tonnes,Local,2000.0,2200.0,2100.0,Rs./Quintal,FAQ
Pratapgarh APMC,12.0,Metric Tonnes,Other,2200.0,2535.0,2367.0,Rs./Quintal,FAQ
Ramganjmandi APMC,1.4000000000000001,Metric Tonnes,Other,2181.0,2301.0,2236.0,Rs./Quintal,Local
Total,47.1,Metric Tonnes,,,,2208.42,Rs./Quintal,
State/UT Name : Tamil Nadu
Alangeyam APMC,3.57,Metric Tonnes,Other,2771.0,2803.0,2787.0,Rs./Quintal,Local
Andimadom APMC,4.26,Metric Tonnes,Other,2651.0,2671.0,2661.0,Rs./Quintal,Local
Cuddalore APMC,1.07,Metric Tonnes,Other,2222.0,2222.0,2222.0,Rs./Quintal,Local
Kallakurichi APMC,2.18,Metric Tonnes,Other,2614.0,2769.0,2691.5,Rs./Quintal,Local
Kilpennathur APMC,14.79,Metric Tonnes,Other,2489.0,2724.0,2606.5,Rs./Quintal,Local
Panruti APMC,0.41,Metric Tonnes,Other,2559.0,2559.0,2559.0,Rs./Quintal,Local
Sangarapuram APMC,2.09,Metric Tonnes,Other,2650.0,2695.0,2672.5,Rs./Quintal,Local
Sankarankovil APMC,94.4,Metric Tonnes,Other,1600.0,1800.0,1700.0,Rs./Quintal,Local
Shrimushnam APMC,1.75,Metric Tonnes,Other,2656.0,2656.0,2656.0,Rs./Quintal,Local
Thirukovilur APMC,91.75,Metric Tonnes,Other,2640.0,2769.0,2704.5,Rs./Quintal,Local
Thirumangalam APMC,1.12,Metric Tonnes,Other,2700.0,2800.0,2750.0,Rs./Quintal,Local
Ulundurpettai APMC,39.54,Metric Tonnes,Other,2519.0,2727.0,2623.0,Rs./Quintal,Local
Vikkiravandi APMC,0.05,Metric Tonnes,Other,2189.0,2555.0,2372.0,Rs./Quintal,Local
Total,256.98,Metric Tonnes,,,,2314.94,Rs./Quintal,
State/UT Name : Telangana
Badepally APMC,5.7,Metric Tonnes,Local,1801.0,2237.0,1801.0,Rs./Quintal,Local
Choppadandi APMC,7.2,Metric Tonnes,Hybrid,2388.0,2637.0,2637.0,Rs./Quintal,Non-FAQ
Husnabad APMC,1.2,Metric Tonnes,Local,2400.0,2400.0,2400.0,Rs./Quintal,Local
Kesamudram APMC,3.6,Metric Tonnes,Local,1811.0,2359.0,2259.0,Rs./Quintal,Local
Siddipet APMC,4.2,Metric Tonnes,Other,2521.0,2521.0,2521.0,Rs./Quintal,FAQ
Siddipet APMC,4.1,Metric Tonnes,Local,2521.0,2521.0,2521.0,Rs./Quintal,FAQ
Warangal APMC,17.400000000000002,Metric Tonnes,Local,2585.0,2628.0,2628.0,Rs./Quintal,FAQ
Yellandu APMC,375.40000000000003,Metric Tonnes,Local,2200.0,2400.0,2300.0,Rs./Quintal,Local
Total,418.8,Metric Tonnes,,,,2316.94,Rs./Quintal,
State/UT Name : Uttar Pradesh
Aliganj APMC,287.89,Metric Tonnes,Other,1800.0,2300.0,2023.14,Rs./Quintal,FAQ
Aligarh APMC,31.5,Metric Tonnes,Other,1900.0,1905.0,1901.67,Rs./Quintal,FAQ
Anwala APMC,130.03,Metric Tonnes,Other,2000.0,2110.0,2043.04,Rs./Quintal,FAQ
Ayodhya APMC,176.7,Metric Tonnes,Other,2175.0,2175.0,2175.0,Rs./Quintal,FAQ
Babrala APMC,120.0,Metric Tonnes,Local,2080.0,2100.0,2090.0,Rs./Quintal,Local
Babrala APMC,29.385,Metric Tonnes,Other,2200.0,2200.0,2200.0,Rs./Quintal,FAQ
Badayoun APMC,216.485,Metric Tonnes,Other,2000.0,2200.0,2056.07,Rs./Quintal,FAQ
Bangarmau APMC,92.4,Metric Tonnes,Other,2250.0,2300.0,2265.37,Rs./Quintal,FAQ
Bhehjoi APMC,52.5,Metric Tonnes,Local,1800.0,2200.0,2000.0,Rs./Quintal,Local
Bhehjoi APMC,562.12,Metric Tonnes,Other,2200.0,2350.0,2245.02,Rs./Quintal,FAQ
Bilsi APMC,1606.09,Metric Tonnes,Other,2000.0,2300.0,2035.42,Rs./Quintal,FAQ
Bisoli APMC,1897.82,Metric Tonnes,Other,2000.0,2205.0,2073.59,Rs./Quintal,FAQ
Buland Shahr APMC,140.12,Metric Tonnes,Other,2000.0,2510.0,2175.48,Rs./Quintal,FAQ
Chandausi APMC,311.98,Metric Tonnes,Other,1555.0,2250.0,1971.16,Rs./Quintal,FAQ
Charra APMC,501.097,Metric Tonnes,Other,2100.0,2370.0,2129.66,Rs./Quintal,FAQ
Chhibramau APMC,851.066,Metric Tonnes,Other,2200.0,2400.0,2233.99,Rs./Quintal,FAQ
Choubepur APMC,51.775,Metric Tonnes,Other,1900.0,2000.0,1956.11,Rs./Quintal,FAQ
Dataganj APMC,20.515,Metric Tonnes,Other,2250.0,2250.0,2250.0,Rs./Quintal,FAQ
Divai APMC,386.8,Metric Tonnes,Other,2000.0,2450.0,2123.84,Rs./Quintal,FAQ
Etah APMC,157.1,Metric Tonnes,Other,2000.0,2000.0,2000.0,Rs./Quintal,FAQ
Farukhabad APMC,142.2,Metric Tonnes,Other,2300.0,2300.0,2300.0,Rs./Quintal,FAQ
Ganj Dundwara APMC,85.05,Metric Tonnes,Other,1881.0,2500.0,2192.2,Rs./Quintal,FAQ
Ghaziabad APMC,15.0,Metric Tonnes,Other,6400.0,6400.0,6400.0,Rs./Quintal,FAQ
Golagokarnath APMC,38.28,Metric Tonnes,Other,3000.0,3000.0,3000.0,Rs./Quintal,FAQ
Gulavati APMC,66.399,Metric Tonnes,Other,2150.0,2200.0,2166.02,Rs./Quintal,FAQ
Haathras APMC,95.8375,Metric Tonnes,Other,1800.0,2311.0,2075.23,Rs./Quintal,FAQ
Hardoi APMC,86.8,Metric Tonnes,Other,1700.0,2300.0,2109.91,Rs./Quintal,FAQ
Islam Nagar APMC,11.0,Metric Tonnes,Other,1960.0,1960.0,1960.0,Rs./Quintal,FAQ
Jahangirabad APMC,298.031,Metric Tonnes,Other,2200.0,3201.0,2292.07,Rs./Quintal,FAQ
Jalalabad APMC,32.115,Metric Tonnes,Other,1950.0,2100.0,2041.07,Rs./Quintal,FAQ
Kamlaganj APMC,220.98,Metric Tonnes,Other,2300.0,2460.0,2352.39,Rs./Quintal,FAQ
Kannauj APMC,518.38,Metric Tonnes,Other,2100.0,2700.0,2158.74,Rs./Quintal,FAQ
Kanpur(Grain) APMC,6.5,Metric Tonnes,Other,1700.02,1700.02,1700.02,Rs./Quintal,FAQ
Kasganj APMC,216.625,Metric Tonnes,Other,1850.0,2340.0,2087.38,Rs./Quintal,FAQ
Kayamganj APMC,270.02,Metric Tonnes,Other,2200.0,2300.0,2239.74,Rs./Quintal,FAQ
Khair APMC,55.665,Metric Tonnes,Other,2200.0,2200.0,2200.0,Rs./Quintal,FAQ
Lakhimpur APMC,11.95,Metric Tonnes,Other,2000.0,2000.0,2000.0,Rs./Quintal,FAQ
Madhoganj APMC,116.029,Metric Tonnes,Other,2350.0,2500.0,2412.6,Rs./Quintal,FAQ
Mainpuri APMC,51.84,Metric Tonnes,Other,1950.0,2300.0,2184.28,Rs./Quintal,FAQ
Mohamadabad APMC,599.915,Metric Tonnes,Other,2200.0,2350.0,2228.88,Rs./Quintal,FAQ
Risia APMC,279.245,Metric Tonnes,Other,1770.0,2500.0,2142.0,Rs./Quintal,FAQ
Rura APMC,5.28,Metric Tonnes,Other,2050.0,2050.0,2050.0,Rs./Quintal,FAQ
Sambhal APMC,93.84,Metric Tonnes,Other,1900.0,2281.0,2069.19,Rs./Quintal,FAQ
Sandila APMC,82.83,Metric Tonnes,Other,2200.0,2200.0,2200.0,Rs./Quintal,FAQ
Shahaswan APMC,30.76,Metric Tonnes,Other,1900.0,1900.0,1900.0,Rs./Quintal,FAQ
Shahjahanpur APMC,9.915,Metric Tonnes,Other,2010.0,2010.0,2010.0,Rs./Quintal,FAQ
Shikohabad APMC,124.7,Metric Tonnes,Other,2250.0,2370.0,2267.77,Rs./Quintal,FAQ
Sikanderabad APMC,2.672,Metric Tonnes,Other,2200.0,2220.0,2209.52,Rs./Quintal,FAQ
Sikarpur APMC,70.1,Metric Tonnes,Other,2000.0,2000.0,2000.0,Rs./Quintal,FAQ
Sirsaganj APMC,671.36,Metric Tonnes,Other,2100.0,2425.0,2296.3,Rs./Quintal,FAQ
Siyana APMC,155.99,Metric Tonnes,Other,2050.0,2200.0,2113.21,Rs./Quintal,FAQ
Ujhani APMC,658.9579,Metric Tonnes,Other,2100.0,2400.0,2222.11,Rs./Quintal,FAQ
Uttaripura APMC,133.45,Metric Tonnes,Other,1900.0,1900.0,1900.0,Rs./Quintal,FAQ
Wazirganj APMC,861.349,Metric Tonnes,Other,2000.0,2200.0,2009.88,Rs./Quintal,FAQ
Total,13742.44,Metric Tonnes,,,,2140.95,Rs./Quintal,
State/UT Name : Uttarakhand
Kotadwara APMC,0.1,Metric Tonnes,Other,1400.0,1400.0,1400.0,Rs./Quintal,FAQ
Total,0.1,Metric Tonnes,,,,1400.0,Rs./Quintal,
State/UT Name : West Bengal
Jangipur APMC,13.75,Metric Tonnes,Other,2500.0,2600.0,2550.0,Rs./Quintal,FAQ
Total,13.75,Metric Tonnes,,,,2550.0,Rs./Quintal,
Grand Total,22783.1,Metric Tonnes,,,,2113.18,Rs./Quintal,
Paddy(Common) (MSP: Rs. 2441.00/Quintal)
State/UT Name : Andhra Pradesh
Achanta APMC,0.1,Metric Tonnes,1121,2359.0,2375.0,2369.0,Rs./Quintal,Local
Addanki APMC,0.1,Metric Tonnes,Paddy,2390.0,2420.0,2400.0,Rs./Quintal,FAQ
Akiveedu APMC,0.1,Metric Tonnes,Paddy,2300.0,2500.0,2369.0,Rs./Quintal,Local
Alamuru APMC,0.1,Metric Tonnes,Paddy,2369.0,2389.0,2369.0,Rs./Quintal,FAQ
Amadalavalasa APMC,0.1,Metric Tonnes,Paddy,2369.0,2369.0,2369.0,Rs./Quintal,FAQ
Amalapuram APMC,0.1,Metric Tonnes,1001,2369.0,2468.0,2369.0,Rs./Quintal,FAQ
Anaparthy APMC,0.1,Metric Tonnes,Paddy,2369.0,2520.0,2369.0,Rs./Quintal,FAQ
Atmakur (Nandyal District) APMC,0.1,Metric Tonnes,Paddy,2600.0,2600.0,2600.0,Rs./Quintal,FAQ
Atmakur (SPSR Nellore District) APMC,90.10000000000001,Metric Tonnes,Nellore Sanna,2300.0,2400.0,2369.0,Rs./Quintal,FAQ
Attili APMC,0.1,Metric Tonnes,Paddy,2369.0,2389.0,2369.0,Rs./Quintal,Local
B.N.Kandriga APMC,0.1,Metric Tonnes,Paddy,2000.0,2000.0,2000.0,Rs./Quintal,Local
Badvel APMC,0.1,Metric Tonnes,Masuri,2380.0,2440.0,2420.0,Rs./Quintal,Local
Banaganapalli APMC,0.1,Metric Tonnes,Sona Mahsuri,2200.0,2400.0,2300.0,Rs./Quintal,FAQ
Bapatla APMC,0.1,Metric Tonnes,B P T,3300.0,3500.0,3400.0,Rs./Quintal,Local
Bhimadole APMC,1.0,Metric Tonnes,1001,2380.0,2380.0,2380.0,Rs./Quintal,FAQ
Bhimavaram APMC,0.1,Metric Tonnes,1001,2360.0,2360.0,2360.0,Rs./Quintal,Grade Range-1
Chirala APMC,1.0,Metric Tonnes,B P T,2400.0,2500.0,2450.0,Rs./Quintal,Local
Chodavaram APMC,0.1,Metric Tonnes,Paddy,2200.0,2400.0,2300.0,Rs./Quintal,Local
Darsi APMC,0.1,Metric Tonnes,B P T,2500.0,2600.0,2600.0,Rs./Quintal,Local
Dharmavaram APMC,0.1,Metric Tonnes,B P T,2000.0,2200.0,2100.0,Rs./Quintal,FAQ
Divi (HQ-Avanigadda) APMC,1.0,Metric Tonnes,B P T,3100.0,3400.0,3200.0,Rs./Quintal,FAQ
Durgi APMC,1.0,Metric Tonnes,Paddy,1700.0,2400.0,2000.0,Rs./Quintal,FAQ
Etcherla APMC,0.1,Metric Tonnes,1121,2369.0,2369.0,2369.0,Rs./Quintal,FAQ
Gannavaram APMC,0.1,Metric Tonnes,1001,2400.0,2400.0,2400.0,Rs./Quintal,Local
Ghantsala (HQ-Kodali) APMC,1.0,Metric Tonnes,1001,2200.0,2400.0,2300.0,Rs./Quintal,Local
Gudur APMC,0.1,Metric Tonnes,MTU-1010,2389.0,2475.0,2430.0,Rs./Quintal,Local
Hiramandalam APMC,0.1,Metric Tonnes,Masuri,2400.0,2400.0,2400.0,Rs./Quintal,Local
Ichapuram APMC,0.1,Metric Tonnes,Sannalu,2369.0,2369.0,2369.0,Rs./Quintal,Local
Ipur APMC,1.0,Metric Tonnes,Paddy,2300.0,2500.0,2450.0,Rs./Quintal,FAQ
Jaggampet APMC,0.1,Metric Tonnes,Common,2369.0,2390.0,2369.0,Rs./Quintal,FAQ
Jalumuru APMC,0.1,Metric Tonnes,1121,2369.0,2369.0,2369.0,Rs./Quintal,FAQ
Kaikaluru APMC,1.0,Metric Tonnes,MTU-1001,2440.0,2440.0,2440.0,Rs./Quintal,Local
Kakinada (Urban) APMC,0.075,Metric Tonnes,Common,2369.0,2390.0,2375.0,Rs./Quintal,FAQ
Kalidindi APMC,1.0,Metric Tonnes,MTU-1001,2440.0,2440.0,2440.0,Rs./Quintal,Local
Kamalapuram APMC,0.1,Metric Tonnes,B P T,2550.0,2550.0,2550.0,Rs./Quintal,Local
Kanchili APMC,0.1,Metric Tonnes,1001,2400.0,2400.0,2400.0,Rs./Quintal,FAQ
Kandukur APMC,0.1,Metric Tonnes,Other,2380.0,2450.0,2400.0,Rs./Quintal,Local
Karapa APMC,1.0,Metric Tonnes,1001,2363.0,2369.0,2367.0,Rs./Quintal,FAQ
Kavali APMC,0.1,Metric Tonnes,Other,2380.0,2450.0,2410.0,Rs./Quintal,Local
Kothabommali APMC,0.1,Metric Tonnes,Paddy,3200.0,3200.0,3200.0,Rs./Quintal,Local
Kothavalasa APMC,1.0,Metric Tonnes,1001,2369.0,2369.0,2369.0,Rs./Quintal,Local
Kovur APMC,0.1,Metric Tonnes,Paddy,2300.0,2500.0,2369.0,Rs./Quintal,Local
Kovvur APMC,1.0,Metric Tonnes,MTU-1010,2441.0,2441.0,2441.0,Rs./Quintal,Grade Range-2
Krosuru APMC,0.1,Metric Tonnes,B P T,2200.0,2600.0,2400.0,Rs./Quintal,FAQ
Kuchinapudi APMC,1.0,Metric Tonnes,B P T,3400.0,3600.0,3500.0,Rs./Quintal,Local
Macharla APMC,0.1,Metric Tonnes,B P T,3150.0,3150.0,3150.0,Rs./Quintal,Grade Range-1
Machilipatnam APMC,0.075,Metric Tonnes,B P T,2839.99929,3009.332581,2953.3325950000003,Rs./Quintal,Local
Maddipadu APMC,0.1,Metric Tonnes,B P T,2800.0,2800.0,2800.0,Rs./Quintal,FAQ
Madugula APMC,0.1,Metric Tonnes,Paddy,2200.0,2400.0,2300.0,Rs./Quintal,Local
Malleswaram (HQ-Bantumili) APMC,0.1,Metric Tonnes,MTU-2077,2500.0,2600.0,2550.0,Rs./Quintal,Grade Range-1
Mandapeta APMC,1.0,Metric Tonnes,1001,2369.0,2400.0,2389.0,Rs./Quintal,FAQ
Mangalagiri APMC,0.1,Metric Tonnes,B P T,2580.0,2580.0,2580.0,Rs./Quintal,FAQ
Mydukur APMC,1.0,Metric Tonnes,Masuri,2800.0,3200.0,3000.0,Rs./Quintal,Local
Nagalapuram APMC,0.1,Metric Tonnes,Paddy,2000.0,2000.0,2000.0,Rs./Quintal,Local
Nagari APMC,0.1,Metric Tonnes,Paddy,1700.0,1800.0,1750.0,Rs./Quintal,Grade Range-2
Naidupet APMC,0.1,Metric Tonnes,MTU-1010,2350.0,2450.0,2400.0,Rs./Quintal,Local
Nandigama APMC,0.1,Metric Tonnes,B P T,2360.0,2360.0,2360.0,Rs./Quintal,Grade Range-1
Nandyal APMC,0.1,Metric Tonnes,Paddy,2400.0,2400.0,2400.0,Rs./Quintal,Local
Narasannapet APMC,0.1,Metric Tonnes,Paddy,2369.0,2369.0,2369.0,Rs./Quintal,FAQ
Narasaraopet APMC,0.1,Metric Tonnes,Paddy,3000.0,3000.0,3000.0,Rs./Quintal,FAQ
Narsipatnam APMC,0.1,Metric Tonnes,Paddy,2390.0,2450.0,2400.0,Rs./Quintal,FAQ
Nidadavolu APMC,1.0,Metric Tonnes,Common,2445.0,2445.0,2445.0,Rs./Quintal,Local
Ongole APMC,0.1,Metric Tonnes,B P T,2500.0,2500.0,2500.0,Rs./Quintal,Local
Palakole APMC,0.1,Metric Tonnes,Paddy,2370.0,2370.0,2370.0,Rs./Quintal,Local
Palakonda APMC,0.1,Metric Tonnes,1001,2150.0,2150.0,2150.0,Rs./Quintal,FAQ
Palasa APMC,0.1,Metric Tonnes,Common,2369.0,2369.0,2369.0,Rs./Quintal,FAQ
Pamarru APMC,1.0,Metric Tonnes,B P T,2441.0,2481.0,2471.0,Rs./Quintal,Local
Pathapatnam APMC,0.1,Metric Tonnes,Paddy,2369.0,2500.0,2369.0,Rs./Quintal,FAQ
Payakaraopeta APMC,0.1,Metric Tonnes,1001,2349.0,2369.0,2359.0,Rs./Quintal,Local
Pedana APMC,0.1,Metric Tonnes,NO. 2716,2369.0,2600.0,2500.0,Rs./Quintal,Local
Peddapuram APMC,1.0,Metric Tonnes,1001,2369.0,2390.0,2369.0,Rs./Quintal,FAQ
Penamaluru (HQ-Kankipadu) APMC,0.1,Metric Tonnes,MTU-1001,2441.0,2441.0,2441.0,Rs./Quintal,Local
Pendurthi APMC,0.1,Metric Tonnes,Paddy,2300.0,2300.0,2300.0,Rs./Quintal,Local
Penugonda APMC,0.1,Metric Tonnes,1001,2369.0,2380.0,2370.0,Rs./Quintal,Local
Pidugurala APMC,0.2,Metric Tonnes,Paddy,2390.0,2390.0,2390.0,Rs./Quintal,FAQ
Pithapuram APMC,0.1,Metric Tonnes,B P T,2369.0,2389.0,2379.0,Rs./Quintal,FAQ
Polavaram APMC,1.0,Metric Tonnes,1001,2445.0,2445.0,2445.0,Rs./Quintal,Local
Prattipadu APMC,0.1,Metric Tonnes,1001,2369.0,2389.0,2379.0,Rs./Quintal,FAQ
Proddatur APMC,0.1,Metric Tonnes,Paddy,2400.0,2400.0,2400.0,Rs./Quintal,Local
RAYADURG APMC,0.1,Metric Tonnes,Paddy,3200.0,3800.0,3400.0,Rs./Quintal,Grade Range-1
Rajahmundry APMC,1.0,Metric Tonnes,Paddy,2369.0,2369.0,2369.0,Rs./Quintal,Local
Rajupalem APMC,0.1,Metric Tonnes,Common,2100.0,2100.0,2100.0,Rs./Quintal,Non-FAQ
Ramachandrapuram APMC,0.1,Metric Tonnes,Paddy,2369.0,2385.0,2369.0,Rs./Quintal,FAQ
Rampachodvaram APMC,0.1,Metric Tonnes,1001,2369.0,2389.0,2379.0,Rs./Quintal,Grade Range-2
Rapur APMC,250.0,Metric Tonnes,Common,2390.0,2490.0,2440.0,Rs./Quintal,Local
Repalli APMC,1.0,Metric Tonnes,B P T,3200.0,3600.0,3400.0,Rs./Quintal,Local
Rompicherla APMC,7.5,Metric Tonnes,B P T,1950.0,1950.0,1950.0,Rs./Quintal,Local
Rompicherla APMC,0.1,Metric Tonnes,Paddy,2300.0,2500.0,2500.0,Rs./Quintal,FAQ
Samalkot APMC,0.1,Metric Tonnes,Paddy,2365.0,2380.0,2369.0,Rs./Quintal,FAQ
Sampara (Kakinada Rural) APMC,0.1,Metric Tonnes,1001,2369.0,2389.0,2379.0,Rs./Quintal,FAQ
Santhamaguluru APMC,0.1,Metric Tonnes,B P T,2500.0,2580.0,2550.0,Rs./Quintal,FAQ
Sattenapalli APMC,0.1,Metric Tonnes,B P T,2350.0,2450.0,2400.0,Rs./Quintal,FAQ
Srikakulam APMC,0.1,Metric Tonnes,1001,2400.0,2400.0,2400.0,Rs./Quintal,FAQ
Srikalahasti APMC,0.1,Metric Tonnes,Paddy Medium,2300.0,2600.0,2450.0,Rs./Quintal,Local
Sullurpet APMC,0.1,Metric Tonnes,MTU-1010,2420.0,2460.0,2440.0,Rs./Quintal,Local
Tadepalligudem APMC,1.0,Metric Tonnes,1001,2450.0,2450.0,2450.0,Rs./Quintal,FAQ
Tanuku APMC,0.1,Metric Tonnes,MTU-1010,2445.0,2445.0,2445.0,Rs./Quintal,Local
Tiruvuru APMC,76.0,Metric Tonnes,Sona,2900.0,2900.0,2900.0,Rs./Quintal,Local
Udayagiri APMC,1.0,Metric Tonnes,Paddy,2444.0,2464.0,2454.0,Rs./Quintal,Local
Undi APMC,1.0,Metric Tonnes,MTU-1001,2369.0,2369.0,2369.0,Rs./Quintal,Local
Ungatur APMC,1.0,Metric Tonnes,1001,2445.0,2445.0,2445.0,Rs./Quintal,Local
Vakadu APMC,0.1,Metric Tonnes,B P T,2389.0,2410.0,2400.0,Rs./Quintal,Local
Venkatagiri APMC,0.075,Metric Tonnes,MTU-1010,2350.0,2450.0,2400.0,Rs./Quintal,FAQ
Vijayawada APMC,0.1,Metric Tonnes,1001,2369.0,2369.0,2369.0,Rs./Quintal,Local
Vinukonda APMC,1.0,Metric Tonnes,Paddy,2300.0,2500.0,2400.0,Rs./Quintal,FAQ
Yellamanchili APMC,0.1,Metric Tonnes,1001,2390.0,2450.0,2400.0,Rs./Quintal,Local
Total,456.32,Metric Tonnes,,,,2499.65,Rs./Quintal,
State/UT Name : Chattisgarh
Abhanpur APMC,5.0,Metric Tonnes,D.B.,2305.0,2315.0,2310.0,Rs./Quintal,Non-FAQ
Ambikapur APMC,10.0,Metric Tonnes,I.R. 64,2371.0,2371.0,2371.0,Rs./Quintal,FAQ
Amoda APMC,0.8,Metric Tonnes,1001,2000.0,2000.0,2000.0,Rs./Quintal,Non-FAQ
Baikunthpur APMC,20.0,Metric Tonnes,I.R. 36,1900.0,1900.0,1900.0,Rs./Quintal,FAQ
Balod APMC,1.0,Metric Tonnes,I.R. 36,2000.0,2020.0,2010.0,Rs./Quintal,Non-FAQ
Balodabazar APMC,5.0,Metric Tonnes,Mahamaya,1900.0,1900.0,1900.0,Rs./Quintal,Non-FAQ
Balodabazar APMC,20.5,Metric Tonnes,D.B.,2000.0,2000.0,2000.0,Rs./Quintal,Non-FAQ
Baramkela APMC,4.0,Metric Tonnes,1001,1800.0,1800.0,1800.0,Rs./Quintal,Non-FAQ
Bardewri APMC,0.6,Metric Tonnes,1001,2000.0,2000.0,2000.0,Rs./Quintal,Non-FAQ
Basana APMC,4.0,Metric Tonnes,1001,2000.0,2000.0,2000.0,Rs./Quintal,Non-FAQ
Bhatgaon APMC,5.6,Metric Tonnes,D.B.,2000.0,2000.0,2000.0,Rs./Quintal,Non-FAQ
Bhatgaon APMC,6.2,Metric Tonnes,MTU-1010,2000.0,2000.0,2000.0,Rs./Quintal,Non-FAQ
Bhavarpur APMC,30.0,Metric Tonnes,1001,2000.0,2010.0,2005.0,Rs./Quintal,Non-FAQ
Bilaspur APMC,52.8,Metric Tonnes,MTU-1010,1825.0,1825.0,1825.0,Rs./Quintal,Non-FAQ
Bilha APMC,10.0,Metric Tonnes,Mahamaya,2200.0,2200.0,2200.0,Rs./Quintal,FAQ
Chhinari APMC,16.5,Metric Tonnes,I.R. 64,1700.0,1700.0,1700.0,Rs./Quintal,Non-FAQ
Dondi APMC,1.0,Metric Tonnes,I.R.-64,2000.0,2000.0,2000.0,Rs./Quintal,Non-FAQ
Dondilohara APMC,1.0,Metric Tonnes,I.R. 64,2000.0,2000.0,2000.0,Rs./Quintal,Non-FAQ
Dongargaon APMC,1.0,Metric Tonnes,1001,2000.0,2000.0,2000.0,Rs./Quintal,Non-FAQ
Dudhawa APMC,2.2,Metric Tonnes,1001,2000.0,2000.0,2000.0,Rs./Quintal,Non-FAQ
Durg APMC,23.0,Metric Tonnes,Sugandha,2032.0,2105.0,2068.0,Rs./Quintal,Non-FAQ
Gidam APMC,2.0,Metric Tonnes,1001,1900.0,2100.0,2000.0,Rs./Quintal,Non-FAQ
Gurur APMC,32.0,Metric Tonnes,I.R. 64,2150.0,2200.0,2170.0,Rs./Quintal,Non-FAQ
Hirapur APMC,27.6,Metric Tonnes,I.R. 64,1700.0,1700.0,1700.0,Rs./Quintal,Non-FAQ
KRISHI UPAJ MANDI SAMITI (APMC) KANKER,1.5,Metric Tonnes,1001,2000.0,2000.0,2000.0,Rs./Quintal,Non-FAQ
Karpawand APMC,40.6,Metric Tonnes,Paddy Coarse,1980.0,2000.0,2000.0,Rs./Quintal,FAQ
Kasdol APMC,2.6,Metric Tonnes,D.B.,1600.0,1600.0,1600.0,Rs./Quintal,Non-FAQ
Kedar APMC,39.8,Metric Tonnes,MTU-1010,1940.0,1940.0,1940.0,Rs./Quintal,Non-FAQ
Kharora APMC,5.7,Metric Tonnes,Mahamaya,1815.0,1815.0,1815.0,Rs./Quintal,Non-FAQ
Kharsiya APMC,20.6,Metric Tonnes,Mahamaya,1800.0,1805.0,1800.0,Rs./Quintal,FAQ
Kondagoan APMC,24.0,Metric Tonnes,I.R. 64,1700.0,1700.0,1700.0,Rs./Quintal,Non-FAQ
Kurud APMC,507.7,Metric Tonnes,I.R. 64,2170.0,2415.0,2320.0,Rs./Quintal,FAQ
Kurud APMC,21.1,Metric Tonnes,Swarna Masuri (New),1440.0,2340.0,2199.0,Rs./Quintal,FAQ
Kurud APMC,15.1,Metric Tonnes,Samba Masuri,2800.0,3260.0,3150.0,Rs./Quintal,FAQ
Kurud APMC,125.2,Metric Tonnes,MTU-1010,1700.0,2358.0,2347.0,Rs./Quintal,FAQ
Kurud APMC,308.5,Metric Tonnes,Mahamaya,2300.0,2748.0,2580.0,Rs./Quintal,FAQ
Kurud APMC,32.3,Metric Tonnes,RB Gold,2601.0,3160.0,3100.0,Rs./Quintal,FAQ
Kurud APMC,32.7,Metric Tonnes,Om 3,2550.0,3300.0,3160.0,Rs./Quintal,FAQ
Mahasamund APMC,307.3,Metric Tonnes,MTU-1010,1940.0,2220.0,2025.0,Rs./Quintal,Non-FAQ
Makdi APMC,12.0,Metric Tonnes,I.R. 64,1700.0,1700.0,1700.0,Rs./Quintal,Non-FAQ
Manendragarh APMC,4.0,Metric Tonnes,MTU-1010,1950.0,1950.0,1950.0,Rs./Quintal,Non-FAQ
Mardapal APMC,16.3,Metric Tonnes,I.R. 64,1700.0,1700.0,1700.0,Rs./Quintal,Non-FAQ
Mungeli APMC,0.1,Metric Tonnes,Sugandha,2259.0,2259.0,2259.0,Rs./Quintal,Non-FAQ
Mungeli APMC,3.8,Metric Tonnes,Mahamaya,2101.0,2526.0,2285.0,Rs./Quintal,FAQ
Mungeli APMC,4.2,Metric Tonnes,Basmati 1509,2106.0,2326.0,2210.0,Rs./Quintal,FAQ
Narayanpur APMC,2.0,Metric Tonnes,Basmati 1509,1800.0,1900.0,1850.0,Rs./Quintal,Non-FAQ
Neora APMC,2.4,Metric Tonnes,Mahamaya,1980.0,1980.0,1980.0,Rs./Quintal,Non-FAQ
Pakhanjur APMC,22.0,Metric Tonnes,Paddy Coarse,2000.0,2000.0,2000.0,Rs./Quintal,Non-FAQ
Pendraroad APMC,163.0,Metric Tonnes,Khadwan,1700.0,1750.0,1700.0,Rs./Quintal,FAQ
Pharasgaon APMC,23.6,Metric Tonnes,I.R. 64,1700.0,1700.0,1700.0,Rs./Quintal,Non-FAQ
Pithoura APMC,50.8,Metric Tonnes,1001,1800.0,1800.0,1800.0,Rs./Quintal,Non-FAQ
Pithoura APMC,103.8,Metric Tonnes,MTU-1010,2000.0,2000.0,2000.0,Rs./Quintal,Non-FAQ
Pratappur APMC,5.0,Metric Tonnes,I.R. 64,2369.0,2369.0,2369.0,Rs./Quintal,FAQ
Raipur APMC,0.4,Metric Tonnes,B P T,2600.0,2600.0,2600.0,Rs./Quintal,Non-FAQ
Raipur APMC,4.3,Metric Tonnes,MTU-1010,2211.0,2213.0,2213.0,Rs./Quintal,Non-FAQ
Raipur APMC,5.0,Metric Tonnes,D.B.,2230.0,2230.0,2230.0,Rs./Quintal,Non-FAQ
Raipur APMC,0.2,Metric Tonnes,Mahamaya,2150.0,2150.0,2150.0,Rs./Quintal,Non-FAQ
Rajpur APMC,7.0,Metric Tonnes,I.R. 36,1950.0,1950.0,1950.0,Rs./Quintal,Non-FAQ
Sakri APMC,40.2,Metric Tonnes,Mahamaya,1995.0,2000.0,2000.0,Rs./Quintal,Non-FAQ
Sarangarh APMC,41.8,Metric Tonnes,MTU-1010,1930.0,1930.0,1930.0,Rs./Quintal,Non-FAQ
Saraypali APMC,15.6,Metric Tonnes,MTU-1001,1860.0,2030.0,2025.0,Rs./Quintal,Non-FAQ
Saraypali APMC,28.0,Metric Tonnes,MTU-1010,2200.0,2200.0,2200.0,Rs./Quintal,Non-FAQ
Sarona APMC,2.0,Metric Tonnes,1001,2000.0,2000.0,2000.0,Rs./Quintal,Non-FAQ
Total,2324.0,Metric Tonnes,,,,2169.58,Rs./Quintal,
State/UT Name : Gujarat
Dahod APMC,4.0,Metric Tonnes,Paddy fine,2760.0,2800.0,2785.0,Rs./Quintal,Local
Davgadbaria(Piplod) APMC,0.2,Metric Tonnes,Common,1320.0,1440.0,1410.0,Rs./Quintal,Non-FAQ
Dehgam APMC,0.7000000000000001,Metric Tonnes,Other,2250.0,2690.0,2470.0,Rs./Quintal,FAQ
Dehgam(Rekhiyal) APMC,0.2,Metric Tonnes,Other,2200.0,2550.0,2375.0,Rs./Quintal,FAQ
Devgadhbaria APMC,0.4,Metric Tonnes,Common,1320.0,1440.0,1420.0,Rs./Quintal,Non-FAQ
Khambhat(Grain Market) APMC,0.010000000000000002,Metric Tonnes,Paddy,2750.0,3750.0,3250.0,Rs./Quintal,Local
Mandvi APMC,0.48,Metric Tonnes,Other,1900.0,2000.0,1950.0,Rs./Quintal,Non-FAQ
Morva Hafad APMC,1.0,Metric Tonnes,Paddy,1600.0,2500.0,2050.0,Rs./Quintal,Local
Prantij APMC,0.975,Metric Tonnes,Other,2450.0,2750.0,2640.0,Rs./Quintal,Local
Sanad APMC,6.0,Metric Tonnes,Other,2410.0,2410.0,2410.0,Rs./Quintal,FAQ
Zalod(Sanjeli) APMC,1.875,Metric Tonnes,Other,2900.0,2900.0,2900.0,Rs./Quintal,Grade Range-2
Total,15.84,Metric Tonnes,,,,2505.3,Rs./Quintal,
State/UT Name : Haryana
Bhuna APMC,5.0,Metric Tonnes,Basmati 1509,3900.0,3900.0,3900.0,Rs./Quintal,Local
Iamailabad APMC,117.0,Metric Tonnes,Paddy fine,3500.0,3850.0,3750.0,Rs./Quintal,Local
Indri APMC,49.0,Metric Tonnes,Paddy,2080.0,2190.0,2100.0,Rs./Quintal,Non-FAQ
Panipat APMC,26.5,Metric Tonnes,Basmati 1509,3700.0,3800.0,3750.0,Rs./Quintal,Local
Total,197.5,Metric Tonnes,,,,3344.43,Rs./Quintal,
State/UT Name : Karnataka
Belur APMC,12.0,Metric Tonnes,Paddy,5110.0,5110.0,5110.0,Rs./Quintal,FAQ
Bhadravathi APMC,88.10000000000001,Metric Tonnes,Paddy Medium,2600.0,4154.0,2600.0,Rs./Quintal,Local
Channagiri APMC,24.200000000000003,Metric Tonnes,Paddy,4088.0,4088.0,4088.0,Rs./Quintal,Grade Range-1
Chintamani APMC,69.5,Metric Tonnes,Sona,4000.0,4200.0,4105.0,Rs./Quintal,Local
Davangere APMC,115.0,Metric Tonnes,Paddy Medium,2285.0,3000.0,2683.0,Rs./Quintal,Local
Gangavathi APMC,294.0,Metric Tonnes,Sona Masuri (OLD),3580.0,3855.0,3620.0,Rs./Quintal,Non-FAQ
Gangavathi APMC,209.5,Metric Tonnes,Paddy RNR new,2900.0,3133.0,3067.0,Rs./Quintal,Non-FAQ
Gangavathi APMC,235.9,Metric Tonnes,Paddy RNR Old,4000.0,4384.0,4200.0,Rs./Quintal,Non-FAQ
Haliyala APMC,84.80000000000001,Metric Tonnes,Paddy Medium,2000.0,2800.0,2700.0,Rs./Quintal,Local
Harihara APMC,164.4,Metric Tonnes,Paddy RNR new,2400.0,4166.0,3283.0,Rs./Quintal,Non-FAQ
Honnali APMC,24.0,Metric Tonnes,Paddy fine,4133.0,4133.0,4133.0,Rs./Quintal,FAQ
K.R. Pet APMC,30.0,Metric Tonnes,Paddy Coarse,2000.0,2000.0,2000.0,Rs./Quintal,Local
Kalaghatagi APMC,15.600000000000001,Metric Tonnes,Paddy,2750.0,2750.0,2750.0,Rs./Quintal,Local
Kampli APMC,60.2,Metric Tonnes,Paddy,2400.0,2600.0,2500.0,Rs./Quintal,Local
Karatagi APMC,134.9,Metric Tonnes,Paddy RNR Old,3922.0,4140.0,4094.0,Rs./Quintal,FAQ
Karatagi APMC,300.0,Metric Tonnes,Sona Masuri New,2980.0,3300.0,3050.0,Rs./Quintal,Non-FAQ
Karatagi APMC,245.10000000000002,Metric Tonnes,Paddy RNR new,3465.0,3800.0,3600.0,Rs./Quintal,Non-FAQ
Karatagi APMC,86.5,Metric Tonnes,Kaveri Sona,2100.0,2100.0,2100.0,Rs./Quintal,Local
Kollegal APMC,55.0,Metric Tonnes,Paddy Medium,3900.0,3900.0,3900.0,Rs./Quintal,Non-FAQ
Koppal APMC,48.7,Metric Tonnes,Paddy,3550.0,3550.0,3550.0,Rs./Quintal,Non-FAQ
Malavalli APMC,63.800000000000004,Metric Tonnes,Paddy,2200.0,2900.0,2900.0,Rs./Quintal,FAQ
Mandya APMC,751.4000000000001,Metric Tonnes,Jaya,2000.0,2800.0,2200.0,Rs./Quintal,Local
Mundgod APMC,30.8,Metric Tonnes,Paddy,2500.0,2600.0,2600.0,Rs./Quintal,Non-FAQ
Mundgod APMC,45.0,Metric Tonnes,Paddy Malnad gidda,2900.0,2900.0,2900.0,Rs./Quintal,Non-FAQ
Nandagada APMC,59.0,Metric Tonnes,Paddy,2500.0,2800.0,2700.0,Rs./Quintal,FAQ
Raichur APMC,5.1000000000000005,Metric Tonnes,Sona Mahsuri,1801.0,3349.0,3349.0,Rs./Quintal,FAQ
SIRGUPPA APMC,361.20000000000005,Metric Tonnes,Kaveri Sona,2200.0,2200.0,2200.0,Rs./Quintal,Local
SIRGUPPA APMC,33.9,Metric Tonnes,Paddy RNR new,2900.0,2900.0,2900.0,Rs./Quintal,Local
SIRGUPPA APMC,424.3,Metric Tonnes,Paddy RNR Old,4470.0,4520.0,4500.0,Rs./Quintal,Local
Shikaripura APMC,145.5,Metric Tonnes,Paddy,2060.0,2500.0,2160.0,Rs./Quintal,FAQ
Sindhanur APMC,511.70000000000005,Metric Tonnes,Paddy RNR Old,2890.0,3900.0,3764.0,Rs./Quintal,Local
Sorabha APMC,20.0,Metric Tonnes,Paddy,2200.0,2200.0,2200.0,Rs./Quintal,Local
Srirangapattana APMC,565.0,Metric Tonnes,Jaya,1800.0,2500.0,2400.0,Rs./Quintal,Local
T. Narasipura APMC,36.6,Metric Tonnes,Paddy,2000.0,4000.0,2000.0,Rs./Quintal,Non-FAQ
Tumakuru APMC,1049.0,Metric Tonnes,Sona,2100.0,2900.0,2450.0,Rs./Quintal,Local
Total,6399.7,Metric Tonnes,,,,2973.83,Rs./Quintal,
State/UT Name : Keralam
Kasargod Market,1.0,Metric Tonnes,Other,2400.0,2600.0,2500.0,Rs./Quintal,Local
Pulpally Market,3.0,Metric Tonnes,Other,3120.0,3140.0,3130.0,Rs./Quintal,Local
Total,4.0,Metric Tonnes,,,,2972.5,Rs./Quintal,
State/UT Name : Madhya Pradesh
Anuppur APMC,6.0,Metric Tonnes,Dhan,2050.0,2050.0,2050.0,Rs./Quintal,FAQ
Beohari APMC,40.010000000000005,Metric Tonnes,Common,1880.0,2100.0,2100.0,Rs./Quintal,FAQ
Budhar APMC,80.7,Metric Tonnes,Paddy,2040.0,2170.0,2045.0,Rs./Quintal,Non-FAQ
Chhindwara APMC,33.52,Metric Tonnes,Dhan,2200.0,2200.0,2200.0,Rs./Quintal,FAQ
Dindori APMC,8.5,Metric Tonnes,Dhan,2300.0,2300.0,2300.0,Rs./Quintal,Non-FAQ
Dindori APMC,51.275000000000006,Metric Tonnes,Other,2000.0,2375.0,2100.0,Rs./Quintal,Non-FAQ
Gadarwada APMC,4.5,Metric Tonnes,Puspa (MR 301),4200.0,4200.0,4200.0,Rs./Quintal,FAQ
Gorakhpur APMC,35.4,Metric Tonnes,Common,2300.0,2330.0,2300.0,Rs./Quintal,FAQ
Jabalpur APMC,121.974,Metric Tonnes,Dhan,1975.0,4555.0,4550.0,Rs./Quintal,FAQ
Jaithari APMC,2.8100000000000005,Metric Tonnes,Dhan,2023.0,2023.0,2023.0,Rs./Quintal,FAQ
Jaithari APMC,3.38,Metric Tonnes,Common,2010.0,2010.0,2010.0,Rs./Quintal,FAQ
Javera APMC,10.100000000000001,Metric Tonnes,Dhan,1951.0,1951.0,1951.0,Rs./Quintal,Non-FAQ
Katni APMC,95.06400000000001,Metric Tonnes,Dhan,1700.0,2417.0,2100.0,Rs./Quintal,Non-FAQ
Khairlangi APMC,1.2000000000000002,Metric Tonnes,Paddy,2100.0,2210.0,2150.0,Rs./Quintal,Non-FAQ
Khairlangi APMC,0.30000000000000004,Metric Tonnes,Paddy,2200.0,2200.0,2200.0,Rs./Quintal,FAQ
Kotma APMC,10.450000000000001,Metric Tonnes,Paddy,1800.0,1800.0,1800.0,Rs./Quintal,Non-FAQ
Krishi Upaj Mandi Samiti Bichhiya,72.0,Metric Tonnes,Common,2150.0,2170.0,2150.0,Rs./Quintal,Non-FAQ
Krishi Upaj Mandi Samiti Bichhiya,105.783,Metric Tonnes,Dhan,2300.0,2350.0,2340.0,Rs./Quintal,Non-FAQ
Mandla APMC,7.5,Metric Tonnes,Common,1950.0,1950.0,1950.0,Rs./Quintal,Non-FAQ
Nainpur APMC,21.218000000000004,Metric Tonnes,Common,2025.0,2075.0,2050.0,Rs./Quintal,FAQ
Pipariya APMC,52.29,Metric Tonnes,Kranti,1780.0,2005.0,2005.0,Rs./Quintal,FAQ
Sevda APMC,214.0,Metric Tonnes,Paddy,3005.0,3600.0,3250.0,Rs./Quintal,FAQ
Shahdol APMC,35.0,Metric Tonnes,Dhan,1850.0,1950.0,1950.0,Rs./Quintal,Non-FAQ
Sheopurkalan APMC,0.54,Metric Tonnes,Dhan,1900.0,1900.0,1900.0,Rs./Quintal,Non-FAQ
Udaipura APMC,3.314,Metric Tonnes,Paddy,700.0,4000.0,4000.0,Rs./Quintal,FAQ
Ujjain APMC,24.97,Metric Tonnes,Paddy,3500.0,3500.0,3500.0,Rs./Quintal,FAQ
Vidisha APMC,9.387,Metric Tonnes,Paddy,2801.0,4351.0,4351.0,Rs./Quintal,FAQ
Total,1051.18,Metric Tonnes,,,,2704.62,Rs./Quintal,
State/UT Name : Maharashtra
APMC Gadchiroli ,7.9,Metric Tonnes,Other,2820.0,3550.0,2960.0,Rs./Quintal,FAQ
APMC Karjat(Raigad) ,8.5,Metric Tonnes,Other,2369.0,2450.0,2400.0,Rs./Quintal,FAQ
APMC Nagbhid ,8.9,Metric Tonnes,Other,3200.0,3200.0,3200.0,Rs./Quintal,FAQ
APMC Sindevahi ,9.5,Metric Tonnes,Other,2600.0,2650.0,2600.0,Rs./Quintal,FAQ
Total,34.8,Metric Tonnes,,,,2786.32,Rs./Quintal,
State/UT Name : Manipur
Bishenpur APMC,1.0,Metric Tonnes,Other,3000.0,3000.0,3000.0,Rs./Quintal,Local
Imphal APMC,0.8,Metric Tonnes,Other,3000.0,3000.0,3000.0,Rs./Quintal,Local
Kakching Market APMC,1.2,Metric Tonnes,Other,3000.0,3000.0,3000.0,Rs./Quintal,Local
Lamlong Bazaar APMC,1.0,Metric Tonnes,Other,3000.0,3000.0,3000.0,Rs./Quintal,Local
Thoubal APMC,1.0,Metric Tonnes,Other,3000.0,3000.0,3000.0,Rs./Quintal,Local
Total,5.0,Metric Tonnes,,,,3000.0,Rs./Quintal,
State/UT Name : Odisha
Karanjia APMC,0.30000000000000004,Metric Tonnes,Other,2369.0,2369.0,2369.0,Rs./Quintal,FAQ
Total,0.3,Metric Tonnes,,,,2369.0,Rs./Quintal,
State/UT Name : Pondicherry
Thattanchavady APMC,0.825,Metric Tonnes,ADT 39,2334.666083,2334.666083,2334.666083,Rs./Quintal,Grade Range-1
Total,0.82,Metric Tonnes,,,,2334.67,Rs./Quintal,
State/UT Name : Punjab
Samana APMC,105.0,Metric Tonnes,Basmati 1509,2369.0,3850.0,3690.0,Rs./Quintal,Local
Total,105.0,Metric Tonnes,,,,3690.0,Rs./Quintal,
State/UT Name : Rajasthan
Bundi APMC,1.0,Metric Tonnes,Other,2900.0,2900.0,2900.0,Rs./Quintal,FAQ
Hanumangarh APMC,32.0,Metric Tonnes,Paddy,2200.0,2387.0,2360.0,Rs./Quintal,Non-FAQ
Total,33.0,Metric Tonnes,,,,2376.36,Rs./Quintal,
State/UT Name : Tamil Nadu
Ammoor APMC,316.61,Metric Tonnes,Other,2181.0,3514.0,2847.5,Rs./Quintal,Local
Arani APMC,34.26,Metric Tonnes,Other,2745.0,3412.0,3078.5,Rs./Quintal,Local
Avalurpet APMC,72.79,Metric Tonnes,Other,2233.0,3467.0,2850.0,Rs./Quintal,Local
Budalur APMC,63801.52,Metric Tonnes,B P T,2300.0,2500.0,2400.0,Rs./Quintal,Local
Chetpet APMC,5.67,Metric Tonnes,ADT 37,2119.0,2239.0,2179.0,Rs./Quintal,Local
Kallupatti RM APMC,35.25,Metric Tonnes,Other,1600.0,1700.0,1650.0,Rs./Quintal,Local
Kilpennathur APMC,4.61,Metric Tonnes,ADT 37,1760.0,2220.0,1990.0,Rs./Quintal,Local
Madurai APMC,26.78,Metric Tonnes,Other,3600.0,4000.0,3800.0,Rs./Quintal,Local
Pavoorchatram APMC,64.35,Metric Tonnes,Ponni,2400.0,2600.0,2500.0,Rs./Quintal,Local
Sangarapuram APMC,13.52,Metric Tonnes,Other,2299.0,2364.0,2331.5,Rs./Quintal,Local
Sathankulam APMC,24.5,Metric Tonnes,Other,1900.0,2300.0,2100.0,Rs./Quintal,Local
Shrimushnam APMC,5.88,Metric Tonnes,Other,2168.0,2252.0,2210.0,Rs./Quintal,Local
Thirumangalam APMC,2.74,Metric Tonnes,Other,2700.0,2800.0,2750.0,Rs./Quintal,Local
Tiruvellore APMC,1500000.0,Metric Tonnes,Other,1800.0,2200.0,2000.0,Rs./Quintal,Local
Ulundurpettai APMC,13.18,Metric Tonnes,ADT 37,2065.0,3661.0,2863.0,Rs./Quintal,Local
Vadaseri APMC,9.9,Metric Tonnes,Other,2000.0,2500.0,2250.0,Rs./Quintal,Local
Vandavasi APMC,113.48,Metric Tonnes,Other,2092.0,3288.0,2690.0,Rs./Quintal,Local
Vellore APMC,41.7,Metric Tonnes,Other,2013.0,3501.0,2757.0,Rs./Quintal,Local
Villupuram APMC,2.32,Metric Tonnes,Other,1825.0,2401.0,2113.0,Rs./Quintal,Local
Total,1564589.06,Metric Tonnes,,,,2016.68,Rs./Quintal,
State/UT Name : Telangana
Alampur APMC,200.0,Metric Tonnes,Common,1800.0,2500.0,2000.0,Rs./Quintal,Local
Bejjenki APMC,1.5,Metric Tonnes,Common,2250.0,2250.0,2250.0,Rs./Quintal,FAQ
Bhadrachalam APMC,2.5,Metric Tonnes,Samba Masuri,2389.0,2389.0,2389.0,Rs./Quintal,FAQ
Choppadandi APMC,8.5,Metric Tonnes,I.R.-64,2222.0,2229.0,2222.0,Rs./Quintal,Non-FAQ
Choppadandi APMC,0.5,Metric Tonnes,B P T,2452.0,2866.0,2866.0,Rs./Quintal,Non-FAQ
Dammapet APMC,7.0,Metric Tonnes,1001,2400.0,2500.0,2500.0,Rs./Quintal,FAQ
Gajwel APMC,8.0,Metric Tonnes,Paddy,2400.0,2400.0,2400.0,Rs./Quintal,Local
Gangadhara APMC,0.001,Metric Tonnes,I.R. 64,2369.0,2369.0,2369.0,Rs./Quintal,FAQ
Huzurnagar APMC,0.001,Metric Tonnes,B P T,2461.0,2461.0,2461.0,Rs./Quintal,Local
Jagtial APMC,0.1,Metric Tonnes,MTU-1010,1800.0,1800.0,1800.0,Rs./Quintal,Non-FAQ
Jagtial APMC,0.1,Metric Tonnes,Other,2000.0,2000.0,2000.0,Rs./Quintal,Non-FAQ
Jangaon APMC,18.85,Metric Tonnes,I.R. 64,2201.13,2341.13,2341.13,Rs./Quintal,Local
Kagaznagar APMC,8.0,Metric Tonnes,Paddy,2500.0,2500.0,2500.0,Rs./Quintal,Grade Range-1
Kesamudram APMC,26.900000000000002,Metric Tonnes,Samba Masuri,2858.0,4323.0,4111.0,Rs./Quintal,Local
Mahabubabad APMC,9.4,Metric Tonnes,Common,3752.0,3752.0,3752.0,Rs./Quintal,Grade Range-1
Mahabubabad APMC,3.2,Metric Tonnes,B P T,3750.0,3750.0,3750.0,Rs./Quintal,Grade Range-1
Narsapur APMC,0.331,Metric Tonnes,MTU-1010,2389.0,2389.0,2389.0,Rs./Quintal,Grade Range-1
Nelakondapally APMC,50.0,Metric Tonnes,HMT,2360.0,2400.0,2389.0,Rs./Quintal,Local
Neredcherla APMC,145.0,Metric Tonnes,B P T,2450.0,2450.0,2450.0,Rs./Quintal,Local
Sattupally APMC,25.0,Metric Tonnes,Samba Masuri,2300.0,2369.0,2350.0,Rs./Quintal,Non-FAQ
Suryapeta APMC,5.9,Metric Tonnes,B P T,3089.0,3958.0,3779.0,Rs./Quintal,Local
Suryapeta APMC,4.7,Metric Tonnes,I.R.-64,1836.0,2226.0,2186.0,Rs./Quintal,Local
Suryapeta APMC,28.1,Metric Tonnes,Other,2419.0,4211.0,3911.0,Rs./Quintal,Local
Suryapeta APMC,0.9,Metric Tonnes,HMT,3466.0,3466.0,3466.0,Rs./Quintal,Local
Suryapeta APMC,0.2,Metric Tonnes,Paddy,3436.0,3436.0,3436.0,Rs./Quintal,Local
Tirumalagiri APMC,2.0,Metric Tonnes,B P T,1809.0,3350.0,2509.0,Rs./Quintal,FAQ
V.Saidapur APMC,0.1,Metric Tonnes,MTU-1010,2389.0,2389.0,2389.0,Rs./Quintal,FAQ
V.Saidapur APMC,0.1,Metric Tonnes,1001,2369.0,2369.0,2369.0,Rs./Quintal,Non-FAQ
Total,556.88,Metric Tonnes,,,,2468.65,Rs./Quintal,
State/UT Name : Tripura
Kadamtala,0.4,Metric Tonnes,Masuri,3500.0,4000.0,4000.0,Rs./Quintal,FAQ
Total,0.4,Metric Tonnes,,,,4000.0,Rs./Quintal,
State/UT Name : Uttar Pradesh
Ahirora APMC,19.71,Metric Tonnes,Common,2500.0,2500.0,2500.0,Rs./Quintal,FAQ
Aligarh APMC,137.58,Metric Tonnes,Other,3600.0,3650.0,3606.89,Rs./Quintal,FAQ
Aligarh APMC,39.176,Metric Tonnes,Basmati,3500.0,3660.0,3583.54,Rs./Quintal,FAQ
Bachranwa APMC,62.0,Metric Tonnes,Common,3100.0,3100.0,3100.0,Rs./Quintal,FAQ
Bahraich APMC,5.0,Metric Tonnes,Other,2000.0,2000.0,2000.0,Rs./Quintal,FAQ
Bahraich APMC,61.4,Metric Tonnes,Common,2000.0,2000.0,2000.0,Rs./Quintal,FAQ
Bangarmau APMC,70.02,Metric Tonnes,Common,2800.0,2800.0,2800.0,Rs./Quintal,FAQ
Banthara APMC,56.08,Metric Tonnes,Common,2100.0,3200.0,3188.23,Rs./Quintal,FAQ
Basti APMC,48.0,Metric Tonnes,Common,2500.0,2500.0,2500.0,Rs./Quintal,FAQ
Bhehjoi APMC,83.0,Metric Tonnes,Other,2450.0,2860.0,2659.76,Rs./Quintal,FAQ
Bilaspur APMC,49.67,Metric Tonnes,Other,2850.0,2850.0,2850.0,Rs./Quintal,FAQ
Bindki APMC,81.455,Metric Tonnes,Masuri,2620.0,2651.0,2637.94,Rs./Quintal,FAQ
Buland Shahr APMC,360.411,Metric Tonnes,Basmati,2751.0,3911.0,3485.53,Rs./Quintal,FAQ
Buland Shahr APMC,252.123,Metric Tonnes,Other,3201.0,3781.0,3668.51,Rs./Quintal,FAQ
Charra APMC,67.61,Metric Tonnes,Basmati,3200.0,3600.0,3288.14,Rs./Quintal,FAQ
Charra APMC,27.9,Metric Tonnes,Other,3560.0,3560.0,3560.0,Rs./Quintal,FAQ
DADRI APMC,5.0,Metric Tonnes,Common,3301.0,3301.0,3301.0,Rs./Quintal,FAQ
DADRI APMC,25.0,Metric Tonnes,Basmati,3301.0,3400.0,3331.1,Rs./Quintal,FAQ
Dankaur APMC,9.7,Metric Tonnes,SuperFine(Basmati),4010.0,4020.0,4014.95,Rs./Quintal,FAQ
Devariya APMC,25.6,Metric Tonnes,Other,2200.0,2200.0,2200.0,Rs./Quintal,FAQ
Divai APMC,59.832,Metric Tonnes,Basmati,3000.0,3500.0,3207.51,Rs./Quintal,FAQ
Divai APMC,78.0,Metric Tonnes,Other,3200.0,3200.0,3200.0,Rs./Quintal,FAQ
Dudhi APMC,29.4,Metric Tonnes,Common,1800.0,1800.0,1800.0,Rs./Quintal,FAQ
Gangoh APMC,358.6,Metric Tonnes,Basmati,3000.0,3740.0,3549.34,Rs./Quintal,FAQ
Gangoh APMC,118.91,Metric Tonnes,Other,3096.2,3711.0,3570.97,Rs./Quintal,FAQ
Golagokarnath APMC,94.54,Metric Tonnes,Common,2205.0,2240.0,2217.07,Rs./Quintal,FAQ
Gonda APMC,4.8,Metric Tonnes,Common,1860.0,1860.0,1860.0,Rs./Quintal,FAQ
Gulavati APMC,1.7,Metric Tonnes,Basmati,3600.0,3600.0,3600.0,Rs./Quintal,FAQ
Gulavati APMC,120.215,Metric Tonnes,Other,2700.0,3751.0,3324.74,Rs./Quintal,FAQ
Hapur APMC,28.38,Metric Tonnes,Other,3680.0,3700.0,3687.82,Rs./Quintal,FAQ
Hapur APMC,687.6517,Metric Tonnes,Basmati,3000.0,3701.0,3367.71,Rs./Quintal,FAQ
Hardoi APMC,98.8,Metric Tonnes,Other,1850.0,1850.0,1850.0,Rs./Quintal,FAQ
Hardoi APMC,156.7,Metric Tonnes,Common,1850.0,2900.0,2012.54,Rs./Quintal,FAQ
Hargaon (Laharpur) APMC,14.52,Metric Tonnes,Common,1950.0,1950.0,1950.0,Rs./Quintal,FAQ
Hasanpur APMC,443.88,Metric Tonnes,Common,2109.99,2300.0,2163.93,Rs./Quintal,FAQ
Jahangirabad APMC,442.339,Metric Tonnes,Other,3200.0,3731.0,3462.14,Rs./Quintal,FAQ
Jahangirabad APMC,144.168,Metric Tonnes,Basmati,3200.0,3721.0,3424.04,Rs./Quintal,FAQ
Jahangirabad APMC,39.018,Metric Tonnes,Common,3201.0,3711.0,3410.86,Rs./Quintal,FAQ
Jaunpur APMC,17.0,Metric Tonnes,Common,2750.0,2750.0,2750.0,Rs./Quintal,FAQ
Jayas APMC,30.0,Metric Tonnes,Common,2200.0,2200.0,2200.0,Rs./Quintal,FAQ
Kanpur(Grain) APMC,49.53,Metric Tonnes,Common,2050.0,2050.0,2050.0,Rs./Quintal,FAQ
Kasganj APMC,25.0,Metric Tonnes,Other,3350.0,3500.0,3455.4,Rs./Quintal,FAQ
Khair APMC,63.988,Metric Tonnes,Basmati,3321.0,3711.0,3623.6,Rs./Quintal,FAQ
Khair APMC,142.064,Metric Tonnes,Other,3300.0,3721.0,3464.13,Rs./Quintal,FAQ
Khurja APMC,0.517,Metric Tonnes,Other,3400.0,3400.0,3400.0,Rs./Quintal,FAQ
Khurja APMC,13.08,Metric Tonnes,Basmati,3500.0,3530.0,3515.96,Rs./Quintal,FAQ
Kosikalan APMC,425.458,Metric Tonnes,Other,3000.0,3701.0,3421.48,Rs./Quintal,FAQ
Kosikalan APMC,244.09,Metric Tonnes,Common,3000.0,3654.25,3422.1,Rs./Quintal,FAQ
Kosikalan APMC,721.359,Metric Tonnes,Basmati,3000.0,3701.0,3462.08,Rs./Quintal,FAQ
Kosikalan APMC,14.75,Metric Tonnes,SuperFine(Basmati),3050.0,3500.0,3384.41,Rs./Quintal,FAQ
Lucknow APMC,14.5,Metric Tonnes,Common,2000.0,2000.0,2000.0,Rs./Quintal,FAQ
Madhoganj APMC,8.5,Metric Tonnes,Common,2000.0,2000.0,2000.0,Rs./Quintal,FAQ
Mathura APMC,10.693,Metric Tonnes,Other,3301.0,3650.53,3486.94,Rs./Quintal,FAQ
Mathura APMC,71.26,Metric Tonnes,Basmati,3351.0,3900.0,3610.5,Rs./Quintal,FAQ
Meeranpur Katra APMC,36.0,Metric Tonnes,Common,1750.0,1765.0,1755.04,Rs./Quintal,FAQ
Mehmoodabad APMC,13.89,Metric Tonnes,Other,2200.0,2200.0,2200.0,Rs./Quintal,FAQ
Mehmoodabad APMC,37.9,Metric Tonnes,Common,2000.0,2000.0,2000.0,Rs./Quintal,FAQ
Milak APMC,67.5,Metric Tonnes,Basmati,2900.0,3020.0,2943.13,Rs./Quintal,FAQ
Mohammdi APMC,189.96,Metric Tonnes,Common,1800.0,1815.0,1805.71,Rs./Quintal,FAQ
Mugrabaadshahpur APMC,209.595,Metric Tonnes,Common,2150.0,2600.0,2308.45,Rs./Quintal,FAQ
Naugarh APMC,22.0,Metric Tonnes,Other,2600.0,2600.0,2600.0,Rs./Quintal,FAQ
Partaval APMC,56.565,Metric Tonnes,Common,2205.0,2205.0,2205.0,Rs./Quintal,FAQ
Payagpur APMC,6.45,Metric Tonnes,Common,1850.0,1850.0,1850.0,Rs./Quintal,FAQ
Pilibhit APMC,3.235,Metric Tonnes,Common,1800.0,1800.0,1800.0,Rs./Quintal,FAQ
Powayan APMC,29.5,Metric Tonnes,Basmati,3450.0,3450.0,3450.0,Rs./Quintal,FAQ
Powayan APMC,161.38,Metric Tonnes,Common,1850.0,2002.0,1917.65,Rs./Quintal,FAQ
Pratapgarh APMC,15.9,Metric Tonnes,Common,2300.0,2300.0,2300.0,Rs./Quintal,FAQ
Prayagraj APMC,14.8,Metric Tonnes,Common,1850.0,1850.0,1850.0,Rs./Quintal,FAQ
Prayagraj APMC,17.2,Metric Tonnes,Other,1850.0,1865.0,1859.74,Rs./Quintal,FAQ
Puranpur APMC,20.734,Metric Tonnes,Other,2500.0,2800.0,2642.56,Rs./Quintal,FAQ
Puranpur APMC,292.504,Metric Tonnes,Common,1900.0,2500.0,2020.97,Rs./Quintal,FAQ
Raibareilly APMC,60.42,Metric Tonnes,Common,2400.0,3240.0,2760.36,Rs./Quintal,FAQ
Robertsganj APMC,85.609,Metric Tonnes,Common,2600.0,2600.0,2600.0,Rs./Quintal,FAQ
Rupaidiha APMC,13.45,Metric Tonnes,Common,2300.0,2300.0,2300.0,Rs./Quintal,FAQ
Salon APMC,28.6,Metric Tonnes,Common,3000.0,3000.0,3000.0,Rs./Quintal,FAQ
Sambhal APMC,385.491,Metric Tonnes,Common,2696.0,2954.5,2844.08,Rs./Quintal,FAQ
Sambhal APMC,543.344,Metric Tonnes,Other,2580.0,3100.0,2852.55,Rs./Quintal,FAQ
Sambhal APMC,12.8,Metric Tonnes,Basmati,3020.0,3020.0,3020.0,Rs./Quintal,FAQ
Sandila APMC,48.66,Metric Tonnes,Common,2408.81,2408.81,2408.81,Rs./Quintal,FAQ
Shahjahanpur APMC,69.72,Metric Tonnes,Other,1800.0,1950.0,1884.8,Rs./Quintal,FAQ
Sikanderabad APMC,5.794,Metric Tonnes,Other,3291.0,3291.0,3291.0,Rs./Quintal,FAQ
Sitapur APMC,33.384,Metric Tonnes,Common,2021.0,2095.0,2049.25,Rs./Quintal,FAQ
Sultanpur APMC,30.0,Metric Tonnes,Common,2050.0,2050.0,2050.0,Rs./Quintal,FAQ
Unnao APMC,18.0,Metric Tonnes,Other,2600.0,2600.0,2600.0,Rs./Quintal,FAQ
Uttaripura APMC,224.1,Metric Tonnes,Common,2500.0,2500.0,2500.0,Rs./Quintal,FAQ
Viswan APMC,13.095,Metric Tonnes,Common,1750.0,1750.0,1750.0,Rs./Quintal,FAQ
Yusufpur APMC,57.62,Metric Tonnes,Common,2900.0,2900.0,2900.0,Rs./Quintal,FAQ
Total,9084.88,Metric Tonnes,,,,2955.18,Rs./Quintal,
State/UT Name : Uttarakhand
Gadarpur APMC,10.0,Metric Tonnes,Other,1900.0,1900.0,1900.0,Rs./Quintal,Local
Total,10.0,Metric Tonnes,,,,1900.0,Rs./Quintal,
State/UT Name : West Bengal
Bankura Sadar APMC,4.05,Metric Tonnes,Common,2000.0,2400.0,2369.0,Rs./Quintal,FAQ
Birbhum APMC,63.0,Metric Tonnes,Common,2371.0,2373.0,2372.0,Rs./Quintal,FAQ
Bolpur APMC,65.0,Metric Tonnes,Common,2371.0,2373.0,2372.0,Rs./Quintal,FAQ
Ghatal APMC,13.0,Metric Tonnes,Common,2445.0,2460.0,2450.0,Rs./Quintal,FAQ
Indus(Bankura Sadar) APMC,3.0500000000000003,Metric Tonnes,Common,2000.0,2400.0,2369.0,Rs./Quintal,FAQ
Jangipur APMC,32.25,Metric Tonnes,I.R. 36,2450.0,2550.0,2500.0,Rs./Quintal,FAQ
Jiaganj APMC,6.0,Metric Tonnes,I.R. 36,2380.0,2450.0,2400.0,Rs./Quintal,FAQ
Khatra APMC,0.6000000000000001,Metric Tonnes,Swarna Masuri (New),2300.0,2389.0,2369.0,Rs./Quintal,FAQ
Sainthia APMC,60.0,Metric Tonnes,Common,2371.0,2373.0,2372.0,Rs./Quintal,FAQ
Total,246.95,Metric Tonnes,,,,2393.41,Rs./Quintal,
Grand Total,1585115.63,Metric Tonnes,,,,2027.27,Rs./Quintal,
Rice
State/UT Name : Andhra Pradesh
Mummidivaram APMC,10.4,Metric Tonnes,Boiled Rice,3500.0,4000.0,3600.0,Rs./Quintal,FAQ
Narasaraopet APMC,0.1,Metric Tonnes,B P T,6000.0,6000.0,6000.0,Rs./Quintal,FAQ
Tiruvuru APMC,96.0,Metric Tonnes,Sona,4900.0,4900.0,4900.0,Rs./Quintal,Local
Total,106.5,Metric Tonnes,,,,4774.08,Rs./Quintal,
State/UT Name : Assam
Fancy Bazaar APMC,80.0,Metric Tonnes,Super Fine,7050.0,18580.0,13200.0,Rs./Quintal,FAQ
Fancy Bazaar APMC,90.0,Metric Tonnes,Fine,3450.0,10100.0,7560.0,Rs./Quintal,FAQ
Fancy Bazaar APMC,60.0,Metric Tonnes,Common,3350.0,3580.0,3360.0,Rs./Quintal,FAQ
Total,230.0,Metric Tonnes,,,,8426.09,Rs./Quintal,
State/UT Name : Karnataka
APMC THIRTHAHALLI,3.0,Metric Tonnes,Broken Rice,2600.0,2600.0,2600.0,Rs./Quintal,Local
Bailahongal APMC,12.0,Metric Tonnes,Coarse,2300.0,2800.0,2500.0,Rs./Quintal,Local
Bengaluru APMC,640.3000000000001,Metric Tonnes,Dappa,3000.0,3100.0,3050.0,Rs./Quintal,Medium
Bengaluru APMC,853.8000000000001,Metric Tonnes,Fine,6000.0,7000.0,6500.0,Rs./Quintal,Medium
Bengaluru APMC,640.3000000000001,Metric Tonnes,Medium,5500.0,6000.0,5750.0,Rs./Quintal,Medium
Bhadravathi APMC,30.200000000000003,Metric Tonnes,Medium,2500.0,2750.0,2750.0,Rs./Quintal,Local
Bidar APMC,20.0,Metric Tonnes,CR 1009 (Coarse) Boiled,4500.0,5500.0,5100.0,Rs./Quintal,Small
Chintamani APMC,10.8,Metric Tonnes,Sona,6200.0,6736.0,6536.0,Rs./Quintal,Local
Davangere APMC,118.30000000000001,Metric Tonnes,Medium,5700.0,7680.0,6706.0,Rs./Quintal,Local
Davangere APMC,2.0,Metric Tonnes,Broken Rice,3400.0,3400.0,3400.0,Rs./Quintal,Local
Gangavathi APMC,127.5,Metric Tonnes,Broken Rice,2510.0,2840.0,2600.0,Rs./Quintal,Small
Gangavathi APMC,388.90000000000003,Metric Tonnes,Other,2300.0,2800.0,2600.0,Rs./Quintal,Small
Kalaburagi APMC,2.0,Metric Tonnes,Broken Rice,2300.0,3500.0,2550.0,Rs./Quintal,Local
Kalaburagi APMC,3.0,Metric Tonnes,Fine,4100.0,5500.0,4350.0,Rs./Quintal,Local
Kalaburagi APMC,2.5,Metric Tonnes,Coarse,3400.0,4200.0,3800.0,Rs./Quintal,Local
Kampli APMC,16.0,Metric Tonnes,Medium,5000.0,5000.0,5000.0,Rs./Quintal,Local
Koppa APMC,5.5,Metric Tonnes,Other,1800.0,1800.0,1800.0,Rs./Quintal,Local
Maddur APMC,18.0,Metric Tonnes,Broken Rice,1600.0,1600.0,1600.0,Rs./Quintal,Local
Malur APMC,5.2,Metric Tonnes,Sona,5000.0,8000.0,7737.0,Rs./Quintal,Local
Mandya APMC,297.5,Metric Tonnes,Jaya,2210.0,2800.0,2400.0,Rs./Quintal,Local
Mysuru APMC,19.400000000000002,Metric Tonnes,Fine,2490.0,8415.0,2490.0,Rs./Quintal,Local
Shimoga APMC,7.9,Metric Tonnes,Fine,6705.0,6705.0,6705.0,Rs./Quintal,Small
Shimoga APMC,6.5,Metric Tonnes,Dappa,2600.0,2600.0,2600.0,Rs./Quintal,Large
Sindhanur APMC,6.0,Metric Tonnes,Broken Rice,2600.0,2600.0,2600.0,Rs./Quintal,Local
Sorabha APMC,40.0,Metric Tonnes,Fine,2500.0,2500.0,2500.0,Rs./Quintal,Local
Tumakuru APMC,23.0,Metric Tonnes,Other,4600.0,6200.0,5500.0,Rs./Quintal,Local
Total,3299.6,Metric Tonnes,,,,4510.06,Rs./Quintal,
State/UT Name : Keralam
Kottayam Market,6.0,Metric Tonnes,Other,4400.0,5400.0,4900.0,Rs./Quintal,FAQ
Total,6.0,Metric Tonnes,,,,4900.0,Rs./Quintal,
State/UT Name : Maharashtra
APMC  VASAI,23.0,Metric Tonnes,1009 Kar,3450.0,4760.0,4250.0,Rs./Quintal,Local
APMC Alibagh ,1.0,Metric Tonnes,Other,4000.0,4500.0,4250.0,Rs./Quintal,Local
APMC Karjat(Raigad) ,18.7,Metric Tonnes,Other,3800.0,5600.0,5000.0,Rs./Quintal,Local
APMC Mangaon ,5.8,Metric Tonnes,Other,1900.0,4800.0,3800.0,Rs./Quintal,Local
APMC Mumbai ,427.0,Metric Tonnes,Other,8000.0,11000.0,10000.0,Rs./Quintal,Local
APMC Murud ,1.0,Metric Tonnes,Other,4000.0,4500.0,4250.0,Rs./Quintal,Local
APMC Nagpur ,1.2,Metric Tonnes,Other,3000.0,3200.0,3150.0,Rs./Quintal,Local
APMC Palghar ,35.0,Metric Tonnes,1009 Kar,4601.0,4601.0,4601.0,Rs./Quintal,Local
APMC Pune ,56.2,Metric Tonnes,Other,4700.0,7200.0,5950.0,Rs./Quintal,Local
APMC Sangli ,58.0,Metric Tonnes,Other,5000.0,9000.0,7000.0,Rs./Quintal,Local
APMC Solapur ,81.4,Metric Tonnes,Other,3590.0,7370.0,4160.0,Rs./Quintal,Local
APMC Ulhasnagar ,59.0,Metric Tonnes,Other,5000.0,6000.0,5500.0,Rs./Quintal,Local
Kolhapur(Laxmipuri) ,3.0,Metric Tonnes,1009 Kar,3300.0,9600.0,6450.0,Rs./Quintal,Local
Total,770.3,Metric Tonnes,,,,7892.34,Rs./Quintal,
State/UT Name : Manipur
Bishenpur APMC,1.5,Metric Tonnes,Other,5100.0,5100.0,5100.0,Rs./Quintal,Local
Imphal APMC,1.8,Metric Tonnes,Other,5100.0,5100.0,5100.0,Rs./Quintal,Local
Kakching Market APMC,1.4,Metric Tonnes,Other,5100.0,5100.0,5100.0,Rs./Quintal,Local
Lamlong Bazaar APMC,1.3,Metric Tonnes,Other,5100.0,5100.0,5100.0,Rs./Quintal,Local
Thoubal APMC,1.6,Metric Tonnes,Other,5100.0,5100.0,5100.0,Rs./Quintal,Local
Total,7.6,Metric Tonnes,,,,5100.0,Rs./Quintal,
State/UT Name : Meghalaya
Shillong APMC,1.2,Metric Tonnes,Khaw Khasi,5600.0,5800.0,5700.0,Rs./Quintal,FAQ
Total,1.2,Metric Tonnes,,,,5700.0,Rs./Quintal,
State/UT Name : Odisha
Bolangir APMC,6.5,Metric Tonnes,Suvarna Best,3600.0,4000.0,3800.0,Rs./Quintal,Local
Karanjia APMC,0.30000000000000004,Metric Tonnes,Common,3500.0,3600.0,3600.0,Rs./Quintal,FAQ
Karanjia APMC,0.30000000000000004,Metric Tonnes,Other,3600.0,3700.0,3700.0,Rs./Quintal,FAQ
Tusura APMC,5.2,Metric Tonnes,Boiled Rice,3600.0,4000.0,3800.0,Rs./Quintal,Local
Total,12.3,Metric Tonnes,,,,3792.68,Rs./Quintal,
State/UT Name : Tripura
Bishalgarh APMC,0.4,Metric Tonnes,Fine,4300.0,4500.0,4400.0,Rs./Quintal,Local
Bishalgarh APMC,0.4,Metric Tonnes,Masuri,3700.0,3900.0,3800.0,Rs./Quintal,Local
Boxonagar,0.13999999999999999,Metric Tonnes,Coarse,3500.0,3700.0,3600.0,Rs./Quintal,Local
Boxonagar,0.09000000000000001,Metric Tonnes,Fine,4800.0,5000.0,4900.0,Rs./Quintal,Local
Dasda APMC,0.4,Metric Tonnes,Other,3250.0,3350.0,3300.0,Rs./Quintal,FAQ
Jampuijala APMC,0.4,Metric Tonnes,Fine,4000.0,4400.0,4200.0,Rs./Quintal,Grade Range-1
Kalyanpur APMC,6.0,Metric Tonnes,Masuri,4200.0,4300.0,4250.0,Rs./Quintal,FAQ
Masli,0.30000000000000004,Metric Tonnes,1009 Kar,3200.0,4000.0,3500.0,Rs./Quintal,Local
Santir Bazar APMC,8.5,Metric Tonnes,Masuri,4200.0,4400.0,4300.0,Rs./Quintal,Local
Total,16.63,Metric Tonnes,,,,4228.8,Rs./Quintal,
State/UT Name : Uttar Pradesh
Ahirora APMC,46.854,Metric Tonnes,Common,2700.0,5000.0,4287.43,Rs./Quintal,FAQ
Akbarpur APMC,24.7,Metric Tonnes,Common,2700.0,2700.0,2700.0,Rs./Quintal,FAQ
Anandnagar APMC,19.8,Metric Tonnes,Common,2200.0,2700.0,2389.39,Rs./Quintal,FAQ
Ayodhya APMC,12.0,Metric Tonnes,Other,2500.0,2500.0,2500.0,Rs./Quintal,FAQ
Azamgarh APMC,79.72,Metric Tonnes,Common,2400.0,4800.0,3478.83,Rs./Quintal,FAQ
Baberu APMC,9.9,Metric Tonnes,Other,2700.0,2700.0,2700.0,Rs./Quintal,FAQ
Bahraich APMC,16.56,Metric Tonnes,Common,2250.0,2250.0,2250.0,Rs./Quintal,FAQ
Bansi APMC,36.0,Metric Tonnes,Common,2600.0,2600.0,2600.0,Rs./Quintal,FAQ
Banthara APMC,25.605,Metric Tonnes,Common,2540.0,2630.0,2588.86,Rs./Quintal,FAQ
Bareilly APMC,41.25,Metric Tonnes,Other,3787.13,3787.13,3787.13,Rs./Quintal,FAQ
Basti APMC,32.0,Metric Tonnes,Common,2500.0,2500.0,2500.0,Rs./Quintal,FAQ
Bharwari APMC,17.2,Metric Tonnes,Other,2500.0,2500.0,2500.0,Rs./Quintal,FAQ
Chandausi APMC,36.0,Metric Tonnes,Common,3021.0,3021.0,3021.0,Rs./Quintal,FAQ
Charkhari APMC,20.6,Metric Tonnes,Common,2700.0,2700.0,2700.0,Rs./Quintal,FAQ
Chhibramau APMC,51.305,Metric Tonnes,Common,2150.0,2150.0,2150.0,Rs./Quintal,FAQ
DADRI APMC,70.751,Metric Tonnes,Common,6826.29,8470.1,7277.63,Rs./Quintal,FAQ
Dankaur APMC,48.0,Metric Tonnes,Common,4700.0,4700.0,4700.0,Rs./Quintal,FAQ
Deoband APMC,17.25,Metric Tonnes,Other,3931.0,3931.0,3931.0,Rs./Quintal,FAQ
Jangipura APMC,49.79,Metric Tonnes,Common,2700.0,2740.0,2719.92,Rs./Quintal,FAQ
Jaunpur APMC,13.3,Metric Tonnes,Other,3200.0,3200.0,3200.0,Rs./Quintal,FAQ
Jayas APMC,32.7,Metric Tonnes,Common,2200.0,2600.0,2224.46,Rs./Quintal,FAQ
Kannauj APMC,5.99,Metric Tonnes,Common,2500.0,2510.0,2505.74,Rs./Quintal,FAQ
Kanpur(Grain) APMC,34.98,Metric Tonnes,Other,4630.0,4630.0,4630.0,Rs./Quintal,FAQ
Karvi APMC,18.0,Metric Tonnes,Common,2600.0,2600.0,2600.0,Rs./Quintal,FAQ
Khalilabad APMC,31.7,Metric Tonnes,Common,2700.0,2700.0,2700.0,Rs./Quintal,FAQ
Kishunpur APMC,1.26,Metric Tonnes,Other,2400.0,2400.0,2400.0,Rs./Quintal,FAQ
Kopaganj APMC,42.0,Metric Tonnes,Other,5000.0,6229.35,5058.54,Rs./Quintal,FAQ
Madhoganj APMC,45.0,Metric Tonnes,Common,2600.0,2600.0,2600.0,Rs./Quintal,FAQ
Naugarh APMC,52.0,Metric Tonnes,Common,2600.0,2600.0,2600.0,Rs./Quintal,FAQ
Nautnava APMC,16.1,Metric Tonnes,Common,2000.0,2000.0,2000.0,Rs./Quintal,FAQ
Nawabganj APMC,14.0,Metric Tonnes,Other,2755.0,2760.0,2757.5,Rs./Quintal,FAQ
Nawabganj APMC,30.355,Metric Tonnes,Common,2600.0,2600.0,2600.0,Rs./Quintal,FAQ
Panchpedwa APMC,18.0,Metric Tonnes,Other,2200.0,2200.0,2200.0,Rs./Quintal,FAQ
Payagpur APMC,0.768,Metric Tonnes,Other,2500.0,2500.0,2500.0,Rs./Quintal,FAQ
Safdarganj APMC,26.0,Metric Tonnes,Common,2400.0,2400.0,2400.0,Rs./Quintal,FAQ
Saharanpur APMC,21.0,Metric Tonnes,Other,3550.0,3550.0,3550.0,Rs./Quintal,FAQ
Sahiyapur APMC,12.48,Metric Tonnes,Common,2550.0,2550.0,2550.0,Rs./Quintal,FAQ
Shohratgarh APMC,24.8,Metric Tonnes,Common,2550.0,2550.0,2550.0,Rs./Quintal,FAQ
Sikandraraau APMC,1.45,Metric Tonnes,Other,2210.0,2210.0,2210.0,Rs./Quintal,FAQ
Sitapur APMC,35.16,Metric Tonnes,Common,6646.93,6646.93,6646.93,Rs./Quintal,FAQ
Sultanpur APMC,82.2,Metric Tonnes,Common,2500.0,2500.0,2500.0,Rs./Quintal,FAQ
Tulsipur APMC,11.0,Metric Tonnes,Other,2500.0,2500.0,2500.0,Rs./Quintal,FAQ
Total,1225.53,Metric Tonnes,,,,3369.36,Rs./Quintal,
State/UT Name : Uttarakhand
Bazpur APMC,22.0,Metric Tonnes,Common,6278.0,6278.0,6278.0,Rs./Quintal,FAQ
Gadarpur APMC,220.0,Metric Tonnes,Other,3200.0,3200.0,3200.0,Rs./Quintal,Local
Tanakpur APMC,3.0,Metric Tonnes,Other,2300.0,2300.0,2300.0,Rs./Quintal,Local
Total,245.0,Metric Tonnes,,,,3465.37,Rs./Quintal,
State/UT Name : West Bengal
Asansol APMC,54.0,Metric Tonnes,Fine,4675.0,4850.0,4750.0,Rs./Quintal,FAQ
Balarampur APMC,6.0,Metric Tonnes,Other,3500.0,3700.0,3600.0,Rs./Quintal,FAQ
Bankura Sadar APMC,26.0,Metric Tonnes,Common,3250.0,3350.0,3300.0,Rs./Quintal,FAQ
Baruipur(Canning) APMC,6.5,Metric Tonnes,Common,3200.0,3400.0,3300.0,Rs./Quintal,FAQ
Baruipur(Canning) APMC,6.0,Metric Tonnes,Fine,5000.0,5200.0,5100.0,Rs./Quintal,FAQ
Baxirhat APMC,15.0,Metric Tonnes,Common,4000.0,4200.0,4100.0,Rs./Quintal,FAQ
Beldanga APMC,3.0,Metric Tonnes,Other,3500.0,3700.0,3600.0,Rs./Quintal,FAQ
Bethuadahari APMC,9.0,Metric Tonnes,Fine,4800.0,5000.0,4900.0,Rs./Quintal,Grade Range-1
Birbhum APMC,36.0,Metric Tonnes,Common,3650.0,3750.0,3700.0,Rs./Quintal,FAQ
Bishnupur(Bankura) APMC,0.24,Metric Tonnes,Common,3600.0,3700.0,3650.0,Rs./Quintal,FAQ
Bishnupur(Bankura) APMC,0.21000000000000002,Metric Tonnes,Fine,4600.0,4750.0,4700.0,Rs./Quintal,FAQ
Bolpur APMC,37.0,Metric Tonnes,Common,3650.0,3750.0,3700.0,Rs./Quintal,FAQ
Burdwan APMC,18.0,Metric Tonnes,Common,3300.0,3450.0,3350.0,Rs./Quintal,FAQ
Burdwan APMC,22.0,Metric Tonnes,Fine,3650.0,3800.0,3700.0,Rs./Quintal,FAQ
Champadanga APMC,2.2,Metric Tonnes,Sona Mansoori Non Basmati,3350.0,3400.0,3360.0,Rs./Quintal,FAQ
Champadanga APMC,3.0,Metric Tonnes,Fine,4750.0,4850.0,4800.0,Rs./Quintal,FAQ
Diamond Harbour(South 24-pgs) APMC,6.0,Metric Tonnes,Super Fine,5000.0,5200.0,5100.0,Rs./Quintal,FAQ
Diamond Harbour(South 24-pgs) APMC,7.5,Metric Tonnes,Common,3300.0,3500.0,3400.0,Rs./Quintal,FAQ
Dinhata APMC,15.0,Metric Tonnes,Common,4000.0,4200.0,4100.0,Rs./Quintal,FAQ
Durgapur APMC,55.0,Metric Tonnes,Fine,4675.0,4865.0,4750.0,Rs./Quintal,FAQ
Egra/contai APMC,45.0,Metric Tonnes,Fine,3400.0,3600.0,3500.0,Rs./Quintal,FAQ
Gajol APMC,20.0,Metric Tonnes,Common,4200.0,4400.0,4300.0,Rs./Quintal,FAQ
Ghatal APMC,12.8,Metric Tonnes,Masuri,3600.0,3630.0,3620.0,Rs./Quintal,FAQ
Guskara APMC,11.0,Metric Tonnes,Common,3250.0,3300.0,3300.0,Rs./Quintal,FAQ
Guskara APMC,35.5,Metric Tonnes,Fine,3800.0,3850.0,3850.0,Rs./Quintal,FAQ
Haldibari APMC,15.0,Metric Tonnes,Common,4000.0,4200.0,4100.0,Rs./Quintal,FAQ
Indus(Bankura Sadar) APMC,7.0,Metric Tonnes,Fine,4600.0,4700.0,4650.0,Rs./Quintal,FAQ
Jangipur APMC,26.25,Metric Tonnes,Common,5100.0,5300.0,5200.0,Rs./Quintal,FAQ
Jiaganj APMC,14.0,Metric Tonnes,Fine,3550.0,3650.0,3600.0,Rs./Quintal,FAQ
Kaliaganj APMC,13.0,Metric Tonnes,Fine,5400.0,5600.0,5500.0,Rs./Quintal,FAQ
Kalipur APMC,10.8,Metric Tonnes,Common,3340.0,3380.0,3360.0,Rs./Quintal,FAQ
Kalipur APMC,13.2,Metric Tonnes,Fine,4700.0,4800.0,4800.0,Rs./Quintal,FAQ
Kalna APMC,10.5,Metric Tonnes,Other,3250.0,3300.0,3300.0,Rs./Quintal,FAQ
Kalna APMC,36.0,Metric Tonnes,Fine,3850.0,3900.0,3850.0,Rs./Quintal,FAQ
Kalyani APMC,3.0,Metric Tonnes,Masuri,3300.0,3500.0,3400.0,Rs./Quintal,Local
Kalyani APMC,6.0,Metric Tonnes,Fine,4800.0,5000.0,4900.0,Rs./Quintal,Local
Kalyani APMC,3.0,Metric Tonnes,Sona,4600.0,4800.0,4700.0,Rs./Quintal,Local
Kandi APMC,12.0,Metric Tonnes,Common,3500.0,3700.0,3600.0,Rs./Quintal,FAQ
Karimpur APMC,11.5,Metric Tonnes,Fine,4600.0,4800.0,4700.0,Rs./Quintal,Grade Range-1
Kasimbazar APMC,12.0,Metric Tonnes,Common,3500.0,3700.0,3600.0,Rs./Quintal,FAQ
Khatra APMC,0.35000000000000003,Metric Tonnes,Common,3600.0,3700.0,3650.0,Rs./Quintal,FAQ
Kolaghat APMC,5.0,Metric Tonnes,Common,3200.0,3400.0,3300.0,Rs./Quintal,FAQ
Kolaghat APMC,5.0,Metric Tonnes,Fine,4200.0,4400.0,4300.0,Rs./Quintal,FAQ
Lalbagh APMC,11.0,Metric Tonnes,Other,3550.0,3700.0,3600.0,Rs./Quintal,FAQ
Mathabhanga APMC,16.0,Metric Tonnes,Common,4000.0,4200.0,4100.0,Rs./Quintal,FAQ
Mekhliganj APMC,15.0,Metric Tonnes,Common,4000.0,4200.0,4100.0,Rs./Quintal,FAQ
Memari APMC,15.0,Metric Tonnes,Common,3300.0,3500.0,3350.0,Rs./Quintal,FAQ
Memari APMC,22.0,Metric Tonnes,Fine,3650.0,3800.0,3700.0,Rs./Quintal,FAQ
Nadia APMC,6.8,Metric Tonnes,Common,3300.0,3400.0,3350.0,Rs./Quintal,Local
Nadia APMC,10.4,Metric Tonnes,Fine,4700.0,4800.0,4750.0,Rs./Quintal,Local
Pandua APMC,6.57,Metric Tonnes,Fine,4400.0,4725.0,4500.0,Rs./Quintal,FAQ
Purulia APMC,12.0,Metric Tonnes,Other,3400.0,3600.0,3500.0,Rs./Quintal,FAQ
Ramkrishanpur(Howrah) APMC,0.525,Metric Tonnes,Sona Mansoori Non Basmati,3300.0,3500.0,3400.0,Rs./Quintal,FAQ
Ramkrishanpur(Howrah) APMC,0.42500000000000004,Metric Tonnes,Other,3500.0,3700.0,3600.0,Rs./Quintal,FAQ
Rampurhat APMC,37.0,Metric Tonnes,Common,3450.0,3520.0,3500.0,Rs./Quintal,FAQ
Ranaghat APMC,9.9,Metric Tonnes,Fine,4600.0,4800.0,4700.0,Rs./Quintal,Local
Sainthia APMC,31.0,Metric Tonnes,Common,3550.0,3650.0,3600.0,Rs./Quintal,FAQ
Samsi APMC,9.0,Metric Tonnes,Fine,5200.0,5400.0,5300.0,Rs./Quintal,FAQ
Sheoraphuly APMC,6.0,Metric Tonnes,Masuri,3250.0,3375.0,3300.0,Rs./Quintal,FAQ
Siliguri APMC,280.0,Metric Tonnes,Fine(Basmati),5100.0,5300.0,5200.0,Rs./Quintal,FAQ
Tamluk (Medinipur E) APMC,8.0,Metric Tonnes,Fine,4200.0,4400.0,4300.0,Rs./Quintal,FAQ
Tamluk (Medinipur E) APMC,8.0,Metric Tonnes,Common,3200.0,3400.0,3300.0,Rs./Quintal,FAQ
Toofanganj APMC,16.0,Metric Tonnes,Common,4000.0,4200.0,4100.0,Rs./Quintal,FAQ
Uluberia APMC,0.375,Metric Tonnes,Other,3500.0,3700.0,3600.0,Rs./Quintal,FAQ
Uluberia APMC,0.47500000000000003,Metric Tonnes,Sona Mansoori Non Basmati,3300.0,3500.0,3400.0,Rs./Quintal,FAQ
Total,1177.02,Metric Tonnes,,,,4294.02,Rs./Quintal,
Grand Total,7097.68,Metric Tonnes,,,,4738.41,Rs./Quintal,
Wheat (MSP: Rs. 2585.00/Quintal)
State/UT Name : Bihar
Barbigha APMC,14.0,Metric Tonnes,147 Average,2500.0,2680.0,2580.0,Rs./Quintal,FAQ
Shekhpura APMC,17.0,Metric Tonnes,147 Average,2500.0,2680.0,2580.0,Rs./Quintal,FAQ
Total,31.0,Metric Tonnes,,,,2580.0,Rs./Quintal,
State/UT Name : Chattisgarh
Jashpur APMC,6.0,Metric Tonnes,Chandausi,2000.0,2000.0,2000.0,Rs./Quintal,Non-FAQ
Kota APMC,10.0,Metric Tonnes,Local,2600.0,2600.0,2600.0,Rs./Quintal,Non-FAQ
Kurud APMC,0.2,Metric Tonnes,Deshi,1500.0,1500.0,1500.0,Rs./Quintal,Non-FAQ
Mungeli APMC,2.8,Metric Tonnes,Local,2440.0,2650.0,2570.0,Rs./Quintal,FAQ
Pathalgaon APMC,1.0,Metric Tonnes,Hybrid,2100.0,2100.0,2100.0,Rs./Quintal,Non-FAQ
Total,20.0,Metric Tonnes,,,,2379.8,Rs./Quintal,
State/UT Name : Gujarat
APMC Bagasara,1.5,Metric Tonnes,Lokwan Gujrat,2540.0,2730.0,2635.0,Rs./Quintal,Local
APMC HALVAD,15.200000000000001,Metric Tonnes,Other,2660.0,3000.0,2800.0,Rs./Quintal,Local
Babra APMC,4.0,Metric Tonnes,Medium,2625.0,2750.0,2685.0,Rs./Quintal,FAQ
Bhavnagar APMC,9.55,Metric Tonnes,Local,2595.0,2595.0,2595.0,Rs./Quintal,FAQ
Bhesan APMC,2.5,Metric Tonnes,Other,2000.0,2850.0,2500.0,Rs./Quintal,FAQ
Bhiloda APMC,14.5,Metric Tonnes,Other,2700.0,2900.0,2800.0,Rs./Quintal,FAQ
Botad APMC,62.6,Metric Tonnes,Local,2600.0,3045.0,2875.0,Rs./Quintal,Local
Chotila APMC,3.2,Metric Tonnes,Local,2500.0,2800.0,2650.0,Rs./Quintal,FAQ
Dahod APMC,94.10000000000001,Metric Tonnes,147 Average,2850.0,2900.0,2880.0,Rs./Quintal,Local
Deesa APMC,6.0,Metric Tonnes,Other,2625.0,2760.0,2725.0,Rs./Quintal,FAQ
Dehgam APMC,3.0,Metric Tonnes,Other,2650.0,2750.0,2700.0,Rs./Quintal,FAQ
Dehgam(Rekhiyal) APMC,0.6000000000000001,Metric Tonnes,Other,2600.0,2700.0,2650.0,Rs./Quintal,FAQ
Dhanera APMC,2.0,Metric Tonnes,Other,2520.0,2710.0,2600.0,Rs./Quintal,Local
Dhansura APMC,6.0,Metric Tonnes,Milbar,2500.0,2700.0,2650.0,Rs./Quintal,Local
Dhari APMC,0.7480000000000001,Metric Tonnes,Lokwan,2700.0,2700.0,2700.0,Rs./Quintal,FAQ
Dhoraji APMC,4.4,Metric Tonnes,Milbar,2555.0,2815.0,2785.0,Rs./Quintal,Non-FAQ
Dhrol APMC,4.4,Metric Tonnes,Other,2500.0,2815.0,2660.0,Rs./Quintal,Local
Diyodar APMC,1.0,Metric Tonnes,Other,2475.0,2535.0,2505.0,Rs./Quintal,Local
Harij APMC,90.0,Metric Tonnes,Other,2490.0,2810.0,2630.0,Rs./Quintal,Local
Himatnagar APMC,42.0,Metric Tonnes,Sonalika,2615.0,2955.0,2800.0,Rs./Quintal,Local
JASDAN APMC,26.5,Metric Tonnes,2189 No. 2,2625.0,2925.0,2725.0,Rs./Quintal,FAQ
Jam Jodhpur APMC,12.5,Metric Tonnes,Lokwan,2400.0,2755.0,2675.0,Rs./Quintal,Local
Jamnagar APMC,26.400000000000002,Metric Tonnes,Other,2525.0,2845.0,2745.0,Rs./Quintal,Local
Jetpur(Dist.Rajkot) APMC,15.0,Metric Tonnes,Lokwan,2575.0,2915.0,2800.0,Rs./Quintal,FAQ
Jetpur(Dist.Rajkot) APMC,13.600000000000001,Metric Tonnes,Other,2605.0,2970.0,2825.0,Rs./Quintal,FAQ
Kadi APMC,43.0,Metric Tonnes,Other,2650.0,3120.0,2850.0,Rs./Quintal,FAQ
Kalawad APMC,31.200000000000003,Metric Tonnes,Other,2600.0,2685.0,2650.0,Rs./Quintal,Local
Kalol APMC,7.0,Metric Tonnes,Other,2600.0,2815.0,2700.0,Rs./Quintal,Local
Kapadvanj APMC,12.0,Metric Tonnes,Other,2500.0,2575.0,2537.0,Rs./Quintal,Local
Khambhat(Grain Market) APMC,5.0,Metric Tonnes,Other,2000.0,2675.0,2250.0,Rs./Quintal,Local
Mahuva(Station Road) APMC,18.35,Metric Tonnes,Kalyan,1950.0,3175.0,2563.0,Rs./Quintal,FAQ
Malpur APMC,0.30000000000000004,Metric Tonnes,Other,2375.0,2425.0,2400.0,Rs./Quintal,FAQ
Mansa APMC,10.0,Metric Tonnes,Local,2640.0,2955.0,2800.0,Rs./Quintal,Local
Meghraj APMC,7.5,Metric Tonnes,Other,2400.0,2600.0,2600.0,Rs./Quintal,Local
Mehsana APMC,7.6000000000000005,Metric Tonnes,Local,2350.0,2800.0,2675.0,Rs./Quintal,Local
Mehsana(Jornang) APMC,0.4,Metric Tonnes,Other,2500.0,2545.0,2525.0,Rs./Quintal,Local
Modasa APMC,9.9,Metric Tonnes,Lokwan Gujrat,2650.0,2825.0,2825.0,Rs./Quintal,FAQ
Modasa(Tintoi) APMC,5.0,Metric Tonnes,Lokwan,2550.0,2725.0,2725.0,Rs./Quintal,FAQ
Morva Hafad APMC,0.5,Metric Tonnes,Deshi,2250.0,2400.0,2325.0,Rs./Quintal,Local
Palanpur APMC,1.16,Metric Tonnes,Deshi,2800.0,2800.0,2800.0,Rs./Quintal,Local
Palitana APMC,3.8000000000000003,Metric Tonnes,Other,2350.0,2760.0,2555.0,Rs./Quintal,Local
Panthawada APMC,14.0,Metric Tonnes,Local,2700.0,2700.0,2700.0,Rs./Quintal,Local
Porbandar APMC,0.4,Metric Tonnes,Deshi,2770.0,2770.0,2770.0,Rs./Quintal,FAQ
Radhanpur APMC,10.9,Metric Tonnes,Other,2555.0,2825.0,2675.0,Rs./Quintal,Local
Rajkot APMC,20.0,Metric Tonnes,Lokwan,2765.0,3105.0,2850.0,Rs./Quintal,FAQ
Rajkot APMC,200.0,Metric Tonnes,Sharbati,2780.0,3305.0,2890.0,Rs./Quintal,FAQ
Rajula APMC,7.1000000000000005,Metric Tonnes,PISSI,2680.0,3050.0,2865.0,Rs./Quintal,Local
Sami APMC,0.1,Metric Tonnes,Deshi,2500.0,2650.0,2625.0,Rs./Quintal,Local
Sanad APMC,24.0,Metric Tonnes,Sharbati,2610.0,2610.0,2610.0,Rs./Quintal,FAQ
Savarkundla APMC,19.8,Metric Tonnes,Lokwan,2250.0,2800.0,2500.0,Rs./Quintal,Local
Siddhpur APMC,39.045,Metric Tonnes,Hybrid,2675.0,2835.0,2755.0,Rs./Quintal,FAQ
Taleja APMC,19.14,Metric Tonnes,Kalyan,1930.0,2970.0,2450.0,Rs./Quintal,FAQ
Talod APMC,27.400000000000002,Metric Tonnes,Other,2750.0,2885.0,2817.0,Rs./Quintal,FAQ
Thara APMC,10.4,Metric Tonnes,Other,2525.0,2660.0,2592.5,Rs./Quintal,FAQ
Thara(Shihori) APMC,0.15000000000000002,Metric Tonnes,Other,2375.0,2400.0,2387.5,Rs./Quintal,FAQ
Tharad APMC,1.8,Metric Tonnes,Other,2665.0,2705.0,2685.0,Rs./Quintal,Local
The Agricultural Produce Market Committee-Amreli,43.0,Metric Tonnes,Rajasthan Tukdi,2550.0,3200.0,2875.0,Rs./Quintal,FAQ
The Agricultural Produce Market Committee-Amreli,7.800000000000001,Metric Tonnes,Lokwan,2750.0,3150.0,2900.0,Rs./Quintal,FAQ
Vadali APMC,5.0,Metric Tonnes,Other,2700.0,2810.0,2755.0,Rs./Quintal,FAQ
Vadgam APMC,0.2,Metric Tonnes,Other,2555.0,2555.0,2555.0,Rs./Quintal,FAQ
Vankaner APMC,54.0,Metric Tonnes,Lokwan,2400.0,2840.0,2800.0,Rs./Quintal,FAQ
Veraval APMC,1.6,Metric Tonnes,Medium Fine,2475.0,2775.0,2625.0,Rs./Quintal,FAQ
Vijapur APMC,16.3,Metric Tonnes,Other,2660.0,2785.0,2710.0,Rs./Quintal,Grade Range-1
Viramgam APMC,3.2,Metric Tonnes,Other,2555.0,2880.0,2715.0,Rs./Quintal,Local
Visavadar APMC,19.3,Metric Tonnes,Lokwan Gujrat,2600.0,2810.0,2705.0,Rs./Quintal,FAQ
Visnagar APMC,36.5,Metric Tonnes,Other,2550.0,2865.0,2707.0,Rs./Quintal,Local
Zalod(Sanjeli) APMC,0.75,Metric Tonnes,Other,2600.0,2600.0,2600.0,Rs./Quintal,Grade Range-2
Total,1205.89,Metric Tonnes,,,,2766.66,Rs./Quintal,
State/UT Name : Karnataka
Bagalkot APMC,1.5,Metric Tonnes,Sona,2000.0,2000.0,2000.0,Rs./Quintal,Local
Bengaluru APMC,183.20000000000002,Metric Tonnes,Local,3500.0,4500.0,4000.0,Rs./Quintal,FAQ
Bidar APMC,10.0,Metric Tonnes,Red,2700.0,3475.0,3100.0,Rs./Quintal,Non-FAQ
Davangere APMC,17.7,Metric Tonnes,Medium,2725.0,3301.0,2978.0,Rs./Quintal,Local
Gadag APMC,3.6,Metric Tonnes,White,1859.0,2619.0,2263.0,Rs./Quintal,FAQ
Kalaburagi APMC,3.0,Metric Tonnes,Sharbati,2000.0,3200.0,2850.0,Rs./Quintal,Local
Kalaghatagi APMC,6.2,Metric Tonnes,Local,2400.0,2400.0,2400.0,Rs./Quintal,Local
Laxmeshwar APMC,0.2,Metric Tonnes,White,2325.0,2325.0,2325.0,Rs./Quintal,Non-FAQ
Mysuru APMC,20.1,Metric Tonnes,Local,3305.0,3775.0,3775.0,Rs./Quintal,Local
Vijayapura APMC,26.900000000000002,Metric Tonnes,Sona,2900.0,2900.0,2900.0,Rs./Quintal,Local
Total,272.4,Metric Tonnes,,,,3691.04,Rs./Quintal,
State/UT Name : Madhya Pradesh
A lot APMC,115.859,Metric Tonnes,Wheat,2350.0,2695.0,2661.0,Rs./Quintal,FAQ
Agar APMC,240.79000000000002,Metric Tonnes,Wheat,2200.0,2782.0,2600.0,Rs./Quintal,FAQ
Agar APMC,2.008,Metric Tonnes,Wheat,2657.0,2657.0,2657.0,Rs./Quintal,Non-FAQ
Ajaygarh APMC,53.265,Metric Tonnes,Mill Quality,2570.0,2620.0,2580.0,Rs./Quintal,FAQ
Akodiya APMC,3.583,Metric Tonnes,Wheat,2600.0,2776.0,2620.0,Rs./Quintal,FAQ
Alampur APMC,13.0,Metric Tonnes,Mill Quality,2620.0,2640.0,2620.0,Rs./Quintal,Non-FAQ
Alirajpur APMC,21.8,Metric Tonnes,Wheat,2440.0,2500.0,2500.0,Rs./Quintal,FAQ
Amarpatan APMC,99.93900000000001,Metric Tonnes,Mill Quality,2556.0,2590.0,2585.0,Rs./Quintal,FAQ
Amarwda APMC,71.10000000000001,Metric Tonnes,Wheat,2500.0,2710.0,2700.0,Rs./Quintal,FAQ
Ambaha APMC,36.2,Metric Tonnes,Wheat,2555.0,2610.0,2600.0,Rs./Quintal,Non-FAQ
Anjad APMC,8.035,Metric Tonnes,Wheat,2660.0,2660.0,2660.0,Rs./Quintal,FAQ
Anuppur APMC,6.0,Metric Tonnes,Wheat,2500.0,2500.0,2500.0,Rs./Quintal,FAQ
Aron APMC,3.99,Metric Tonnes,Sharbati,3500.0,4700.0,4700.0,Rs./Quintal,FAQ
Aron APMC,160.46,Metric Tonnes,Wheat,2469.0,4120.0,2669.0,Rs./Quintal,FAQ
Ashoknagar APMC,621.403,Metric Tonnes,Wheat,2500.0,5900.0,2600.0,Rs./Quintal,FAQ
Ashoknagar APMC,178.077,Metric Tonnes,Sharbati,2740.0,6000.0,3950.0,Rs./Quintal,FAQ
Ashta APMC,472.257,Metric Tonnes,Wheat,2515.0,6610.0,2700.0,Rs./Quintal,FAQ
Babai (Makhan Nagar) APMC,21.85,Metric Tonnes,Mill Quality,2510.0,2600.0,2600.0,Rs./Quintal,FAQ
Badamalhera APMC,121.68,Metric Tonnes,Mill Quality,2505.0,2580.0,2570.0,Rs./Quintal,Non-FAQ
Badarwas APMC,81.873,Metric Tonnes,Wheat,2505.0,4700.0,2655.0,Rs./Quintal,Non-FAQ
Badnagar APMC,153.37800000000001,Metric Tonnes,Wheat,2290.0,3037.0,2731.0,Rs./Quintal,FAQ
Badnawar APMC,135.103,Metric Tonnes,Wheat,2400.0,2845.0,2745.0,Rs./Quintal,FAQ
Badod APMC,4.576,Metric Tonnes,Wheat,2630.0,2655.0,2655.0,Rs./Quintal,FAQ
Badod APMC,11.485,Metric Tonnes,Wheat,2621.0,2679.0,2679.0,Rs./Quintal,Non-FAQ
Badwaha APMC,32.268,Metric Tonnes,Wheat,2575.0,2720.0,2710.0,Rs./Quintal,FAQ
Bagli APMC,18.62,Metric Tonnes,Mill Quality,2325.0,2457.0,2400.0,Rs./Quintal,Non-FAQ
Baikunthpur APMC,103.80000000000001,Metric Tonnes,Wheat,2460.0,2580.0,2550.0,Rs./Quintal,Non-FAQ
Baikunthpur APMC,89.93,Metric Tonnes,Mill Quality,2525.0,2565.0,2535.0,Rs./Quintal,Non-FAQ
Baikunthpur APMC,45.435,Metric Tonnes,Wheat,2570.0,2605.0,2590.0,Rs./Quintal,FAQ
Bakswaha APMC,70.7,Metric Tonnes,Mill Quality,2530.0,2550.0,2545.0,Rs./Quintal,FAQ
Baktara APMC,42.353,Metric Tonnes,Wheat,2600.0,2600.0,2600.0,Rs./Quintal,FAQ
Bamora APMC,35.410000000000004,Metric Tonnes,Mill Quality,2650.0,2721.0,2680.0,Rs./Quintal,FAQ
Banapura APMC,211.525,Metric Tonnes,Local,2223.0,2735.0,2709.0,Rs./Quintal,FAQ
Banda APMC,4.83,Metric Tonnes,Wheat,2612.0,2615.0,2612.0,Rs./Quintal,FAQ
Bankhedi APMC,4.920000000000001,Metric Tonnes,Mill Quality,2600.0,2665.0,2665.0,Rs./Quintal,FAQ
Barad APMC,17.712,Metric Tonnes,Wheat,2500.0,2600.0,2600.0,Rs./Quintal,FAQ
Bareli APMC,65.655,Metric Tonnes,Mill Quality,2450.0,2653.0,2631.0,Rs./Quintal,FAQ
Begamganj APMC,45.053,Metric Tonnes,Wheat,2550.0,2885.0,2630.0,Rs./Quintal,Non-FAQ
Begamganj APMC,14.922,Metric Tonnes,Wheat,2575.0,2690.0,2600.0,Rs./Quintal,FAQ
Beohari APMC,138.398,Metric Tonnes,Mill Quality,2510.0,2640.0,2530.0,Rs./Quintal,FAQ
Beohari APMC,8.004000000000001,Metric Tonnes,Mill Quality,2450.0,2450.0,2450.0,Rs./Quintal,Non-FAQ
Berasia APMC,221.441,Metric Tonnes,Wheat,2500.0,3111.0,2625.0,Rs./Quintal,FAQ
Berasia APMC,40.213,Metric Tonnes,Mill Quality,2400.0,3131.0,2625.0,Rs./Quintal,FAQ
Betul APMC,123.61,Metric Tonnes,Mill Quality,2555.0,2777.0,2691.0,Rs./Quintal,FAQ
Bhander APMC,120.205,Metric Tonnes,Mill Quality,2540.0,2677.0,2668.0,Rs./Quintal,FAQ
Bhanpura APMC,15.32,Metric Tonnes,Mill Quality,2500.0,2600.0,2600.0,Rs./Quintal,FAQ
Bhensdehi APMC,9.995000000000001,Metric Tonnes,Wheat,2450.0,2512.0,2512.0,Rs./Quintal,FAQ
Bherunda (Nasrullaganj) APMC,25.67,Metric Tonnes,Wheat,2600.0,2849.0,2600.0,Rs./Quintal,Non-FAQ
Bherunda (Nasrullaganj) APMC,140.446,Metric Tonnes,Wheat,2631.0,2899.0,2685.0,Rs./Quintal,FAQ
Bhikangaon APMC,39.6,Metric Tonnes,Wheat,2500.0,2560.0,2560.0,Rs./Quintal,Non-FAQ
Bhikangaon APMC,149.204,Metric Tonnes,Wheat,2550.0,2933.0,2788.0,Rs./Quintal,FAQ
Bhind APMC,217.89499999999998,Metric Tonnes,Wheat,2570.0,2639.0,2600.0,Rs./Quintal,Non-FAQ
Bhind APMC,12.9,Metric Tonnes,Wheat,2610.0,2633.0,2620.0,Rs./Quintal,FAQ
Bhitarwar APMC,110.34500000000001,Metric Tonnes,Mill Quality,2570.0,2640.0,2630.0,Rs./Quintal,Non-FAQ
Bhopal APMC,71.113,Metric Tonnes,Wheat,2550.0,3049.0,2690.0,Rs./Quintal,FAQ
Biaora APMC,434.466,Metric Tonnes,Wheat,2500.0,2775.0,2645.0,Rs./Quintal,FAQ
Bijawar APMC,99.53800000000001,Metric Tonnes,Mill Quality,2600.0,2631.0,2612.0,Rs./Quintal,Non-FAQ
Binaganj APMC,72.978,Metric Tonnes,Wheat,2570.0,2695.0,2630.0,Rs./Quintal,FAQ
Budhar APMC,15.0,Metric Tonnes,Mill Quality,2500.0,2510.0,2510.0,Rs./Quintal,Non-FAQ
Chaakghat APMC,0.43200000000000005,Metric Tonnes,Mill Quality,2550.0,2550.0,2550.0,Rs./Quintal,FAQ
Chaakghat APMC,5.760000000000001,Metric Tonnes,Wheat,2544.0,2555.0,2555.0,Rs./Quintal,FAQ
Chanderi APMC,177.04700000000003,Metric Tonnes,Wheat,2580.0,2651.0,2600.0,Rs./Quintal,Non-FAQ
Chaurai APMC,46.550000000000004,Metric Tonnes,Mill Quality,2718.0,2747.0,2732.0,Rs./Quintal,FAQ
Chhapiheda APMC,119.952,Metric Tonnes,Wheat,2582.0,2687.0,2685.0,Rs./Quintal,FAQ
Chhatarpur APMC,286.73,Metric Tonnes,Mill Quality,2595.0,2645.0,2632.0,Rs./Quintal,Non-FAQ
Chhindwara APMC,207.12300000000002,Metric Tonnes,Wheat,2623.0,3065.0,2727.0,Rs./Quintal,FAQ
Dabra APMC,69.06,Metric Tonnes,Other,2600.0,2740.0,2650.0,Rs./Quintal,FAQ
Dabra APMC,122.69000000000001,Metric Tonnes,Wheat,2650.0,2750.0,2750.0,Rs./Quintal,FAQ
Daloda APMC,187.918,Metric Tonnes,Wheat,2450.0,3081.0,2700.0,Rs./Quintal,FAQ
Damoh APMC,99.803,Metric Tonnes,Wheat,2490.0,2595.0,2510.0,Rs./Quintal,Non-FAQ
Datia APMC,172.611,Metric Tonnes,Mill Quality,2563.0,2667.0,2655.0,Rs./Quintal,FAQ
Datia APMC,4.468,Metric Tonnes,Wheat,2630.0,2630.0,2630.0,Rs./Quintal,Non-FAQ
Deori APMC,13.344999999999999,Metric Tonnes,Wheat,2560.0,2590.0,2590.0,Rs./Quintal,FAQ
Devandranagar APMC,37.06,Metric Tonnes,Wheat,2510.0,2550.0,2520.0,Rs./Quintal,Non-FAQ
Dewas APMC,812.317,Metric Tonnes,Wheat,1310.0,3035.0,2700.0,Rs./Quintal,FAQ
Dhamnod APMC,40.053,Metric Tonnes,Wheat,2701.0,2855.0,2790.0,Rs./Quintal,FAQ
Dhar APMC,11.86,Metric Tonnes,Lokwan,2725.0,2725.0,2725.0,Rs./Quintal,FAQ
Dhar APMC,393.384,Metric Tonnes,Wheat,1300.0,2962.0,2720.0,Rs./Quintal,FAQ
Dindori APMC,67.10000000000001,Metric Tonnes,Local,2400.0,2550.0,2500.0,Rs./Quintal,Non-FAQ
Gadakota APMC,41.38,Metric Tonnes,Wheat,2560.0,2655.0,2630.0,Rs./Quintal,FAQ
Gadarwada APMC,80.74000000000001,Metric Tonnes,Mill Quality,2536.0,2641.0,2619.0,Rs./Quintal,FAQ
Gadarwada APMC,16.955000000000002,Metric Tonnes,Mill Quality,2450.0,2640.0,2500.0,Rs./Quintal,Non-FAQ
Gairatganj APMC,30.8,Metric Tonnes,Wheat,2515.0,2601.0,2515.0,Rs./Quintal,Non-FAQ
Gandhwani APMC,17.543000000000003,Metric Tonnes,Wheat,2650.0,2750.0,2750.0,Rs./Quintal,FAQ
Ganjbasoda APMC,39.55500000000001,Metric Tonnes,PISSI,2200.0,3090.0,2949.0,Rs./Quintal,FAQ
Ganjbasoda APMC,17.756,Metric Tonnes,Wheat,2550.0,2650.0,2650.0,Rs./Quintal,FAQ
Ganjbasoda APMC,1.2970000000000002,Metric Tonnes,Malwa Shakti,2600.0,2608.0,2608.0,Rs./Quintal,FAQ
Ganjbasoda APMC,0.126,Metric Tonnes,Sharbati,3135.0,3135.0,3135.0,Rs./Quintal,Non-FAQ
Ganjbasoda APMC,219.467,Metric Tonnes,Sujatha,2000.0,5282.0,2660.0,Rs./Quintal,FAQ
Ganjbasoda APMC,3.4299999999999997,Metric Tonnes,Lokwan,3080.0,3080.0,3080.0,Rs./Quintal,FAQ
Ganjbasoda APMC,11.674,Metric Tonnes,Local,2600.0,2644.0,2600.0,Rs./Quintal,FAQ
Gautampura APMC,32.44,Metric Tonnes,Wheat,2427.0,2630.0,2431.0,Rs./Quintal,FAQ
Gohad APMC,36.9,Metric Tonnes,Wheat,2580.0,2630.0,2610.0,Rs./Quintal,FAQ
Gorakhpur APMC,5.5,Metric Tonnes,Mill Quality,2300.0,2400.0,2400.0,Rs./Quintal,FAQ
Gotegaon APMC,98.4,Metric Tonnes,Wheat,2600.0,2685.0,2680.0,Rs./Quintal,FAQ
Guna APMC,1194.5910000000001,Metric Tonnes,Wheat,1500.0,6000.0,2600.0,Rs./Quintal,FAQ
Haatpipliya APMC,50.026,Metric Tonnes,Wheat,2200.0,2955.0,2661.0,Rs./Quintal,Non-FAQ
Harda APMC,445.832,Metric Tonnes,Mill Quality,2525.0,2726.0,2698.0,Rs./Quintal,FAQ
Harpalpur APMC,101.31400000000001,Metric Tonnes,Wheat,2650.0,2691.0,2683.0,Rs./Quintal,FAQ
Harsood APMC,31.060000000000002,Metric Tonnes,Wheat,2627.0,2679.0,2675.0,Rs./Quintal,FAQ
Harsood APMC,83.59500000000001,Metric Tonnes,Mill Quality,2025.0,2625.0,2611.0,Rs./Quintal,Non-FAQ
Hata APMC,30.595,Metric Tonnes,Wheat,2570.0,2600.0,2600.0,Rs./Quintal,Non-FAQ
Ichhawar APMC,21.034000000000002,Metric Tonnes,Wheat,2570.0,2997.0,2770.0,Rs./Quintal,FAQ
Ichhawar APMC,0.727,Metric Tonnes,Wheat Mix,2689.0,2689.0,2689.0,Rs./Quintal,FAQ
Indore APMC,3.0500000000000003,Metric Tonnes,Malwa Shakti,2700.0,2700.0,2700.0,Rs./Quintal,Non-FAQ
Indore APMC,257.402,Metric Tonnes,Wheat,1605.0,3171.0,2726.0,Rs./Quintal,FAQ
Isagarh APMC,19.985,Metric Tonnes,Wheat,2525.0,3700.0,3700.0,Rs./Quintal,FAQ
Itarsi APMC,324.04,Metric Tonnes,Wheat,1500.0,2715.0,2600.0,Rs./Quintal,FAQ
Jabalpur APMC,426.605,Metric Tonnes,Wheat,2474.0,2712.0,2640.0,Rs./Quintal,FAQ
Jaora APMC,711.4490000000001,Metric Tonnes,Wheat,2461.0,3260.0,2750.0,Rs./Quintal,FAQ
Jatara APMC,48.836000000000006,Metric Tonnes,Mill Quality,2510.0,2550.0,2540.0,Rs./Quintal,Non-FAQ
Jatara APMC,135.729,Metric Tonnes,Wheat,2510.0,2550.0,2550.0,Rs./Quintal,Non-FAQ
Javad APMC,35.643,Metric Tonnes,Wheat,2491.0,2521.0,2519.0,Rs./Quintal,FAQ
Javera APMC,45.304,Metric Tonnes,Wheat,2550.0,2600.0,2600.0,Rs./Quintal,Non-FAQ
Jawar APMC,29.675,Metric Tonnes,Wheat,2290.0,2971.0,2607.0,Rs./Quintal,FAQ
Jeerapur APMC,343.21900000000005,Metric Tonnes,Wheat,2235.0,2695.0,2635.0,Rs./Quintal,FAQ
Jhabua APMC,24.816000000000003,Metric Tonnes,Wheat,2969.0,3084.0,3084.0,Rs./Quintal,FAQ
Jhabua(F&V) APMC,24.816000000000003,Metric Tonnes,Wheat,2969.0,3084.0,3027.0,Rs./Quintal,Local
Jobat APMC,46.84,Metric Tonnes,Wheat,2545.0,2600.0,2575.0,Rs./Quintal,FAQ
Kailaras APMC,10.095,Metric Tonnes,Wheat,2570.0,2626.0,2616.0,Rs./Quintal,FAQ
Kalapipal APMC,26.879000000000005,Metric Tonnes,Wheat,2200.0,2860.0,2720.0,Rs./Quintal,FAQ
Kannod APMC,52.98,Metric Tonnes,Wheat,2680.0,2710.0,2705.0,Rs./Quintal,FAQ
Kareli APMC,45.965,Metric Tonnes,Wheat,2521.0,2750.0,2660.0,Rs./Quintal,FAQ
Karera APMC,97.23500000000001,Metric Tonnes,Wheat,2500.0,2640.0,2640.0,Rs./Quintal,FAQ
Karera APMC,187.68200000000002,Metric Tonnes,Mill Quality,2405.0,2610.0,2532.0,Rs./Quintal,FAQ
Karhi APMC,28.665,Metric Tonnes,Wheat,2700.0,2800.0,2750.0,Rs./Quintal,FAQ
Kasrawad APMC,334.46500000000003,Metric Tonnes,Wheat,2600.0,2855.0,2820.0,Rs./Quintal,FAQ
Katni APMC,394.596,Metric Tonnes,Mill Quality,2415.0,2652.0,2550.0,Rs./Quintal,FAQ
Katni APMC,648.519,Metric Tonnes,Wheat,2511.0,2681.0,2645.0,Rs./Quintal,Non-FAQ
Katni APMC,2.8000000000000003,Metric Tonnes,Wheat,2500.0,2500.0,2500.0,Rs./Quintal,FAQ
Kesli APMC,66.327,Metric Tonnes,Wheat,2600.0,2630.0,2615.0,Rs./Quintal,FAQ
Khachrod APMC,18.76,Metric Tonnes,Wheat,2300.0,2846.0,2699.0,Rs./Quintal,FAQ
Khaniadhana APMC,98.4,Metric Tonnes,Mill Quality,2515.0,2569.0,2530.0,Rs./Quintal,Non-FAQ
Khaniadhana APMC,199.4,Metric Tonnes,Mill Quality,2401.0,2545.0,2500.0,Rs./Quintal,FAQ
Khargapur APMC,740.421,Metric Tonnes,Mill Quality,2530.0,2609.0,2600.0,Rs./Quintal,FAQ
Khargone APMC,317.41100000000006,Metric Tonnes,Wheat,2530.0,2825.0,2700.0,Rs./Quintal,FAQ
Khategaon APMC,167.387,Metric Tonnes,Wheat,2640.0,2790.0,2670.0,Rs./Quintal,FAQ
Khatora APMC,26.760000000000005,Metric Tonnes,Wheat,2505.0,2695.0,2605.0,Rs./Quintal,FAQ
Khatora APMC,1.0,Metric Tonnes,Wheat,2545.0,2545.0,2545.0,Rs./Quintal,Non-FAQ
Khilchipur APMC,215.92700000000002,Metric Tonnes,Mill Quality,2525.0,2665.0,2648.0,Rs./Quintal,FAQ
Khirkiya APMC,171.662,Metric Tonnes,Mill Quality,2450.0,2708.0,2675.0,Rs./Quintal,Non-FAQ
Khirkiya APMC,14.745,Metric Tonnes,Wheat,2643.0,2697.0,2675.0,Rs./Quintal,Non-FAQ
Khujner APMC,206.797,Metric Tonnes,Wheat,1805.0,2910.0,2629.0,Rs./Quintal,FAQ
Khurai APMC,116.11700000000002,Metric Tonnes,Wheat,2500.0,4600.0,2635.0,Rs./Quintal,FAQ
Kolaras APMC,23.446,Metric Tonnes,Wheat,2480.0,2635.0,2635.0,Rs./Quintal,Non-FAQ
Krishi Upaj Mandi Samiti Bichhiya,4.0200000000000005,Metric Tonnes,Wheat,2525.0,2525.0,2525.0,Rs./Quintal,Non-FAQ
Krishi Upaj Mandi Samiti Bichhiya,7.95,Metric Tonnes,Mill Quality,2460.0,2460.0,2460.0,Rs./Quintal,FAQ
Krishi Upaj Mandi Samiti Bichhiya,8.0,Metric Tonnes,Mill Quality,2400.0,2400.0,2400.0,Rs./Quintal,Non-FAQ
Kukshi APMC,109.674,Metric Tonnes,Wheat,2500.0,2700.0,2650.0,Rs./Quintal,FAQ
Kukshi APMC,21.754,Metric Tonnes,Wheat,2560.0,2600.0,2600.0,Rs./Quintal,Non-FAQ
Kumbhraj APMC,71.79299999999999,Metric Tonnes,Wheat,2360.0,5690.0,2660.0,Rs./Quintal,FAQ
Lahar APMC,128.70000000000002,Metric Tonnes,Wheat,2586.0,2630.0,2608.0,Rs./Quintal,FAQ
Lahar APMC,1.9000000000000001,Metric Tonnes,Wheat Mix,2610.0,2610.0,2610.0,Rs./Quintal,FAQ
Lalbarra APMC,10.0,Metric Tonnes,Wheat,2400.0,2400.0,2400.0,Rs./Quintal,FAQ
Lashkar APMC,39.855000000000004,Metric Tonnes,Wheat,2305.0,2725.0,2655.0,Rs./Quintal,FAQ
Lateri APMC,13.32,Metric Tonnes,Wheat,2575.0,2715.0,2715.0,Rs./Quintal,Non-FAQ
LavKush Nagar(Laundi) APMC,11.089,Metric Tonnes,Mill Quality,2435.0,2500.0,2500.0,Rs./Quintal,FAQ
LavKush Nagar(Laundi) APMC,81.2,Metric Tonnes,Mill Quality,2425.0,2500.0,2500.0,Rs./Quintal,Non-FAQ
Loharda APMC,11.953000000000001,Metric Tonnes,Wheat,2611.0,2700.0,2700.0,Rs./Quintal,FAQ
Machalpur APMC,4.682,Metric Tonnes,Wheat,2540.0,2550.0,2550.0,Rs./Quintal,FAQ
Machalpur APMC,1.6079999999999999,Metric Tonnes,Wheat,2600.0,2600.0,2600.0,Rs./Quintal,Non-FAQ
Magroni APMC,57.0,Metric Tonnes,Wheat,2560.0,2600.0,2580.0,Rs./Quintal,FAQ
Mahidpur APMC,108.11600000000001,Metric Tonnes,Wheat,2220.0,2940.0,2615.0,Rs./Quintal,FAQ
Maihar APMC,57.435,Metric Tonnes,Local,2618.0,2640.0,2630.0,Rs./Quintal,Non-FAQ
Maksudangarh APMC,5.231000000000001,Metric Tonnes,Wheat,2649.0,2664.0,2664.0,Rs./Quintal,Non-FAQ
Maksudangarh APMC,137.649,Metric Tonnes,Wheat,2538.0,3069.0,2681.0,Rs./Quintal,FAQ
Manasa APMC,136.799,Metric Tonnes,Wheat,2551.0,3012.0,2660.0,Rs./Quintal,FAQ
Manawar APMC,253.877,Metric Tonnes,Wheat,2300.0,2733.0,2710.0,Rs./Quintal,FAQ
Manawar APMC,22.221000000000004,Metric Tonnes,Wheat,2500.0,2700.0,2500.0,Rs./Quintal,Non-FAQ
Mandla APMC,166.9,Metric Tonnes,Mill Quality,2430.0,2610.0,2450.0,Rs./Quintal,Non-FAQ
Mandsaur APMC,14.41,Metric Tonnes,Malwa Shakti,2537.0,2650.0,2610.0,Rs./Quintal,Non-FAQ
Mandsaur APMC,62.61900000000001,Metric Tonnes,Lokwan,2650.0,3031.0,2780.0,Rs./Quintal,Non-FAQ
Mandsaur APMC,0.8170000000000001,Metric Tonnes,Lokwan,2671.0,2730.0,2730.0,Rs./Quintal,FAQ
Mandsaur APMC,444.432,Metric Tonnes,Wheat,2000.0,3101.0,2740.0,Rs./Quintal,Non-FAQ
Mandsaur APMC,19.875,Metric Tonnes,Wheat,2600.0,2861.0,2711.0,Rs./Quintal,FAQ
Mehgaon APMC,22.64,Metric Tonnes,Wheat,2400.0,2505.0,2400.0,Rs./Quintal,FAQ
Mhow (Ambedkar Nagar) APMC,81.153,Metric Tonnes,Wheat,2450.0,2926.0,2771.0,Rs./Quintal,FAQ
Mohgaon APMC,10.5,Metric Tonnes,Wheat,2626.0,2627.0,2627.0,Rs./Quintal,FAQ
Mohgaon APMC,7.2,Metric Tonnes,Mill Quality,2627.0,2627.0,2627.0,Rs./Quintal,FAQ
Morena APMC,60.879,Metric Tonnes,Wheat,2613.0,2660.0,2640.0,Rs./Quintal,Non-FAQ
Mow APMC,21.781000000000002,Metric Tonnes,Wheat,2400.0,2565.0,2565.0,Rs./Quintal,Non-FAQ
Multai APMC,24.085,Metric Tonnes,Mill Quality,2635.0,2655.0,2655.0,Rs./Quintal,FAQ
Mundi APMC,94.04,Metric Tonnes,Wheat,2575.0,2700.0,2650.0,Rs./Quintal,FAQ
Mungawali APMC,3.8100000000000005,Metric Tonnes,Wheat,2600.0,2645.0,2645.0,Rs./Quintal,FAQ
Mungawali APMC,67.97000000000001,Metric Tonnes,Wheat,2470.0,2650.0,2640.0,Rs./Quintal,Non-FAQ
Nagda APMC,5.716,Metric Tonnes,Wheat,2615.0,2720.0,2640.0,Rs./Quintal,FAQ
Nagda APMC,8.200000000000001,Metric Tonnes,Wheat,2470.0,2685.0,2685.0,Rs./Quintal,Non-FAQ
Nagod APMC,79.89,Metric Tonnes,Mill Quality,2560.0,2600.0,2590.0,Rs./Quintal,FAQ
Nagod APMC,327.665,Metric Tonnes,Wheat,2525.0,2610.0,2580.0,Rs./Quintal,FAQ
Nainpur APMC,8.742,Metric Tonnes,Mill Quality,2470.0,2510.0,2510.0,Rs./Quintal,FAQ
Nalkheda APMC,197.28,Metric Tonnes,Wheat,2375.0,2677.0,2600.0,Rs./Quintal,FAQ
Narmadapuram APMC,2.5,Metric Tonnes,Wheat,2510.0,2610.0,2610.0,Rs./Quintal,Non-FAQ
Narsinghgarh APMC,30.560000000000002,Metric Tonnes,Mill Quality,2567.0,2605.0,2605.0,Rs./Quintal,FAQ
Narsinghgarh APMC,142.933,Metric Tonnes,Wheat,2500.0,2860.0,2730.0,Rs./Quintal,FAQ
Naugaon APMC,132.293,Metric Tonnes,Wheat,2600.0,2640.0,2634.0,Rs./Quintal,Non-FAQ
Neemuch APMC,529.504,Metric Tonnes,Wheat,2425.0,3170.0,2850.0,Rs./Quintal,FAQ
Niwadi APMC,206.633,Metric Tonnes,Mill Quality,2595.0,2628.0,2615.0,Rs./Quintal,FAQ
Niwadi APMC,648.3510000000001,Metric Tonnes,Mill Quality,2421.0,2635.0,2615.0,Rs./Quintal,Non-FAQ
Niwadi APMC,6.870000000000001,Metric Tonnes,Mohan Mondal,2603.0,2603.0,2603.0,Rs./Quintal,FAQ
Obedullaganj APMC,20.195,Metric Tonnes,Wheat,2550.0,2769.0,2550.0,Rs./Quintal,FAQ
Obedullaganj APMC,4.631,Metric Tonnes,Malwa Shakti,2596.0,2690.0,2690.0,Rs./Quintal,FAQ
Obedullaganj APMC,59.309000000000005,Metric Tonnes,Local,2005.0,2801.0,2750.0,Rs./Quintal,FAQ
Paatan APMC,41.730000000000004,Metric Tonnes,Wheat,2550.0,2700.0,2635.0,Rs./Quintal,FAQ
Paatan APMC,2.302,Metric Tonnes,Mill Quality,2630.0,2700.0,2700.0,Rs./Quintal,Non-FAQ
Paatan APMC,83.96900000000001,Metric Tonnes,Wheat,2420.0,2695.0,2600.0,Rs./Quintal,Non-FAQ
Pachaur APMC,330.568,Metric Tonnes,Wheat,1300.0,2725.0,2580.0,Rs./Quintal,FAQ
Pachaur(F&V) APMC,366.1,Metric Tonnes,Wheat,2200.0,2725.0,2580.0,Rs./Quintal,Grade Range-1
Palari APMC,7.5,Metric Tonnes,Wheat,2600.0,2600.0,2600.0,Rs./Quintal,Non-FAQ
Palera APMC,32.1,Metric Tonnes,Mill Quality,2560.0,2574.0,2574.0,Rs./Quintal,Non-FAQ
Pandhana APMC,35.089999999999996,Metric Tonnes,Wheat,2650.0,2685.0,2680.0,Rs./Quintal,FAQ
Panna APMC,63.358000000000004,Metric Tonnes,Mill Quality,2560.0,2582.0,2580.0,Rs./Quintal,FAQ
Panna APMC,121.74700000000001,Metric Tonnes,Mill Quality,2480.0,2584.0,2515.0,Rs./Quintal,Non-FAQ
Paraswada APMC,3.0,Metric Tonnes,Wheat,2590.0,2590.0,2590.0,Rs./Quintal,FAQ
Patharia APMC,77.568,Metric Tonnes,Wheat,2526.0,2625.0,2612.0,Rs./Quintal,FAQ
Pawai APMC,11.240000000000002,Metric Tonnes,Wheat,2600.0,2610.0,2610.0,Rs./Quintal,Non-FAQ
Petlawad APMC,44.145,Metric Tonnes,Wheat,2350.0,2550.0,2500.0,Rs./Quintal,FAQ
Pichhour APMC,613.6,Metric Tonnes,Mill Quality,2550.0,2589.0,2580.0,Rs./Quintal,Non-FAQ
Pichhour APMC,21.6,Metric Tonnes,Wheat,2511.0,2541.0,2541.0,Rs./Quintal,Non-FAQ
Pipariya APMC,986.765,Metric Tonnes,Wheat,2500.0,2720.0,2700.0,Rs./Quintal,FAQ
Piplya APMC,17.288,Metric Tonnes,Lokwan,2600.0,2762.0,2700.0,Rs./Quintal,FAQ
Piplya APMC,46.881,Metric Tonnes,Wheat,2040.0,2824.0,2624.0,Rs./Quintal,FAQ
Piprai APMC,25.5,Metric Tonnes,Wheat,2520.0,2550.0,2550.0,Rs./Quintal,FAQ
Pohari APMC,30.473000000000003,Metric Tonnes,Wheat,2465.0,2585.0,2585.0,Rs./Quintal,Non-FAQ
Porsa APMC,15.01,Metric Tonnes,Wheat,2620.0,2625.0,2625.0,Rs./Quintal,FAQ
Prithvipur APMC,433.40000000000003,Metric Tonnes,Mill Quality,2530.0,2598.0,2572.0,Rs./Quintal,Non-FAQ
Raghogarh APMC,16.065,Metric Tonnes,Wheat,2528.0,2600.0,2600.0,Rs./Quintal,FAQ
Rahatgarh APMC,16.626,Metric Tonnes,Mill Quality,2590.0,2615.0,2615.0,Rs./Quintal,Non-FAQ
Raisen APMC,22.92,Metric Tonnes,Mill Quality,2220.0,2305.0,2305.0,Rs./Quintal,Non-FAQ
Raisen APMC,7.317,Metric Tonnes,Wheat,2561.0,2750.0,2750.0,Rs./Quintal,FAQ
Rajgarh APMC,97.87700000000001,Metric Tonnes,Wheat,2600.0,2860.0,2730.0,Rs./Quintal,FAQ
Rajnagar APMC,542.95,Metric Tonnes,Mill Quality,2460.0,2600.0,2510.0,Rs./Quintal,FAQ
Ramnagar APMC,166.73000000000002,Metric Tonnes,Mill Quality,2595.0,2655.0,2651.0,Rs./Quintal,Non-FAQ
Ratlam APMC,2.708,Metric Tonnes,Lokwan,2715.0,2850.0,2850.0,Rs./Quintal,FAQ
Ratlam APMC,473.26400000000007,Metric Tonnes,Wheat,2400.0,3080.0,2700.0,Rs./Quintal,FAQ
Rehati APMC,5.010000000000001,Metric Tonnes,Wheat,2560.0,2560.0,2560.0,Rs./Quintal,FAQ
Rehli APMC,200.101,Metric Tonnes,Wheat,2585.0,2667.0,2610.0,Rs./Quintal,Non-FAQ
Rewa APMC,53.58,Metric Tonnes,Mill Quality,2300.0,2623.0,2610.0,Rs./Quintal,Non-FAQ
Rewa APMC,210.865,Metric Tonnes,Mill Quality,2500.0,2662.0,2625.0,Rs./Quintal,FAQ
Sabalgarh APMC,60.754999999999995,Metric Tonnes,Mill Quality,2560.0,2609.0,2580.0,Rs./Quintal,Non-FAQ
Sagar APMC,441.346,Metric Tonnes,Wheat,2400.0,3870.0,2590.0,Rs./Quintal,FAQ
Sailana APMC,59.175000000000004,Metric Tonnes,Wheat,2351.0,2982.0,2700.0,Rs./Quintal,FAQ
Sanawad APMC,84.32900000000001,Metric Tonnes,Wheat,2590.0,2864.0,2725.0,Rs./Quintal,FAQ
Sanwer APMC,29.345,Metric Tonnes,Wheat,1900.0,2741.0,2741.0,Rs./Quintal,Non-FAQ
Sanwer APMC,81.947,Metric Tonnes,Wheat,2650.0,2792.0,2650.0,Rs./Quintal,FAQ
Sarangpur APMC,77.52000000000001,Metric Tonnes,Mill Quality,2598.0,2650.0,2630.0,Rs./Quintal,FAQ
Sarangpur APMC,12.385,Metric Tonnes,Wheat,2525.0,2800.0,2800.0,Rs./Quintal,Non-FAQ
Sarangpur APMC,20.5,Metric Tonnes,Wheat,2600.0,2600.0,2600.0,Rs./Quintal,FAQ
Satna APMC,41.935,Metric Tonnes,Wheat,1900.0,2500.0,2500.0,Rs./Quintal,Non-FAQ
Satna APMC,23.0,Metric Tonnes,Mill Quality,2491.0,2526.0,2500.0,Rs./Quintal,Non-FAQ
Satna APMC,304.97600000000006,Metric Tonnes,Wheat,2200.0,2740.0,2580.0,Rs./Quintal,FAQ
Segaon APMC,15.66,Metric Tonnes,Wheat,2611.0,2650.0,2650.0,Rs./Quintal,FAQ
Sehora APMC,149.49800000000002,Metric Tonnes,Wheat,2600.0,2701.0,2650.0,Rs./Quintal,FAQ
Sehora APMC,288.614,Metric Tonnes,Mill Quality,1805.0,2699.0,2658.0,Rs./Quintal,FAQ
Sehora APMC,33.549,Metric Tonnes,Mill Quality,2675.0,2675.0,2675.0,Rs./Quintal,Non-FAQ
Sehore APMC,2.843,Metric Tonnes,Mill Quality,2628.0,2628.0,2628.0,Rs./Quintal,FAQ
Sehore APMC,49.268,Metric Tonnes,Lokwan,2500.0,3241.0,2900.0,Rs./Quintal,FAQ
Sehore APMC,262.82,Metric Tonnes,Wheat,2390.0,4701.0,2900.0,Rs./Quintal,FAQ
Sehore APMC,30.616000000000003,Metric Tonnes,Malwa Shakti,2593.0,2775.0,2775.0,Rs./Quintal,FAQ
Semriharchand APMC,28.210000000000004,Metric Tonnes,Mill Quality,2345.0,2650.0,2650.0,Rs./Quintal,FAQ
Sevda APMC,25.1,Metric Tonnes,Mill Quality,2572.0,2615.0,2615.0,Rs./Quintal,Non-FAQ
Sevda APMC,79.60000000000001,Metric Tonnes,Mill Quality,2500.0,2656.0,2653.0,Rs./Quintal,FAQ
Shadora APMC,0.772,Metric Tonnes,Wheat,2625.0,2660.0,2660.0,Rs./Quintal,FAQ
Shahagarh APMC,217.67100000000002,Metric Tonnes,Mill Quality,2525.0,2610.0,2580.0,Rs./Quintal,Non-FAQ
Shahdol APMC,3.4000000000000004,Metric Tonnes,Wheat,2500.0,2500.0,2500.0,Rs./Quintal,FAQ
Shahdol APMC,56.676,Metric Tonnes,Wheat,2400.0,2550.0,2500.0,Rs./Quintal,Non-FAQ
Shahpura Bhitoni (F&V) APMC,60.339,Metric Tonnes,Mill Quality,2614.0,2740.0,2645.0,Rs./Quintal,FAQ
Shahpura Niwas APMC,26.848000000000003,Metric Tonnes,Mill Quality,2410.0,2500.0,2500.0,Rs./Quintal,Non-FAQ
Shahpura Niwas APMC,22.514,Metric Tonnes,Wheat,2482.0,2492.0,2492.0,Rs./Quintal,Non-FAQ
Shamgarh APMC,48.103,Metric Tonnes,Wheat,2500.0,2676.0,2640.0,Rs./Quintal,Non-FAQ
Shamshabad APMC,51.926,Metric Tonnes,Wheat,2561.0,2690.0,2573.0,Rs./Quintal,FAQ
Sheopurbadod APMC,27.988,Metric Tonnes,Wheat,2605.0,2700.0,2660.0,Rs./Quintal,FAQ
Sheopurkalan APMC,214.68600000000004,Metric Tonnes,Wheat,2500.0,2716.0,2619.0,Rs./Quintal,FAQ
Sheopurkalan APMC,2.442,Metric Tonnes,Local,2617.0,2617.0,2617.0,Rs./Quintal,FAQ
Shivpuri APMC,8.468000000000002,Metric Tonnes,Wheat,2550.0,2600.0,2550.0,Rs./Quintal,FAQ
Shujalpur APMC,38.564,Metric Tonnes,Wheat,2585.0,3091.0,2671.0,Rs./Quintal,FAQ
Shyampur APMC,9.8,Metric Tonnes,Mill Quality,2596.0,2622.0,2622.0,Rs./Quintal,FAQ
Sidhi APMC,98.808,Metric Tonnes,Mill Quality,2305.0,2450.0,2400.0,Rs./Quintal,Non-FAQ
Silvani APMC,51.800000000000004,Metric Tonnes,Wheat,2390.0,2675.0,2636.0,Rs./Quintal,FAQ
Simariya APMC,39.300000000000004,Metric Tonnes,Wheat,2525.0,2580.0,2580.0,Rs./Quintal,Non-FAQ
Sirali APMC,66.998,Metric Tonnes,Mill Quality,2670.0,2740.0,2740.0,Rs./Quintal,FAQ
Sironj APMC,131.33800000000002,Metric Tonnes,Wheat,2500.0,3175.0,2911.0,Rs./Quintal,FAQ
Sitamau APMC,50.511,Metric Tonnes,Wheat,2500.0,2829.0,2650.0,Rs./Quintal,FAQ
Sitamau APMC,12.543000000000001,Metric Tonnes,Lokwan,2525.0,2699.0,2699.0,Rs./Quintal,FAQ
Sonkatch APMC,103.01800000000001,Metric Tonnes,Wheat,2400.0,2812.0,2600.0,Rs./Quintal,FAQ
Soyatkalan APMC,18.621000000000002,Metric Tonnes,Wheat,2630.0,2680.0,2680.0,Rs./Quintal,FAQ
Susner APMC,94.992,Metric Tonnes,Wheat,2550.0,2850.0,2580.0,Rs./Quintal,Non-FAQ
Suvasra APMC,18.175,Metric Tonnes,Mill Quality,2480.0,2585.0,2585.0,Rs./Quintal,FAQ
Suvasra APMC,12.799,Metric Tonnes,Wheat,2610.0,2611.0,2611.0,Rs./Quintal,FAQ
Taal APMC,46.377,Metric Tonnes,Wheat,2505.0,2779.0,2660.0,Rs./Quintal,FAQ
Tarana APMC,82.183,Metric Tonnes,Wheat,2380.0,2872.0,2590.0,Rs./Quintal,FAQ
Tendukheda APMC,19.900000000000002,Metric Tonnes,Wheat,2500.0,2546.0,2546.0,Rs./Quintal,FAQ
Thandla APMC,6.78,Metric Tonnes,Mill Quality,2565.0,2600.0,2600.0,Rs./Quintal,FAQ
Thandla APMC,8.31,Metric Tonnes,Lokwan,2500.0,2600.0,2500.0,Rs./Quintal,FAQ
Tikamgarh APMC,660.854,Metric Tonnes,Wheat,2520.0,2665.0,2630.0,Rs./Quintal,FAQ
Timarni APMC,102.89200000000001,Metric Tonnes,Wheat,2200.0,2701.0,2685.0,Rs./Quintal,FAQ
Udaipura APMC,82.73500000000001,Metric Tonnes,Mill Quality,2430.0,2705.0,2630.0,Rs./Quintal,FAQ
Ujjain APMC,402.85,Metric Tonnes,Wheat,2071.0,3150.0,2600.0,Rs./Quintal,FAQ
Umariya APMC,386.40500000000003,Metric Tonnes,Wheat,2420.0,2595.0,2450.0,Rs./Quintal,Non-FAQ
Unhel APMC,39.371,Metric Tonnes,Wheat,2475.0,2701.0,2701.0,Rs./Quintal,FAQ
Vidisha APMC,435.74399999999997,Metric Tonnes,Wheat,2400.0,3624.0,2610.0,Rs./Quintal,FAQ
Vijaypur APMC,123.04000000000002,Metric Tonnes,Wheat,2500.0,2555.0,2520.0,Rs./Quintal,FAQ
Total,33823.72,Metric Tonnes,,,,2648.01,Rs./Quintal,
State/UT Name : Maharashtra
APMC Ahilyanagar ,15.2,Metric Tonnes,Other,2750.0,2800.0,2775.0,Rs./Quintal,FAQ
APMC Baramati ,34.1,Metric Tonnes,Kalyan,2585.0,2800.0,2700.0,Rs./Quintal,FAQ
APMC Baramati ,30.0,Metric Tonnes,Kalyan,2100.0,2580.0,2500.0,Rs./Quintal,Non-FAQ
APMC Baramati ,42.7,Metric Tonnes,Maharashtra 2189,2590.0,3151.0,2900.0,Rs./Quintal,FAQ
APMC Dound ,7.2,Metric Tonnes,Maharashtra 2189,2600.0,2751.0,2600.0,Rs./Quintal,FAQ
APMC Dound ,0.6,Metric Tonnes,Maharashtra 2189,2500.0,2500.0,2500.0,Rs./Quintal,Non-FAQ
APMC Dudhani ,1.3,Metric Tonnes,Maharashtra 2189,2600.0,2700.0,2671.0,Rs./Quintal,FAQ
APMC Kada ,1.7,Metric Tonnes,Other,2650.0,3000.0,2750.0,Rs./Quintal,FAQ
APMC Karjat ,0.8,Metric Tonnes,Other,2800.0,2800.0,2800.0,Rs./Quintal,FAQ
APMC Karjat ,1.1,Metric Tonnes,Other,2200.0,2500.0,2400.0,Rs./Quintal,Non-FAQ
APMC Mangal Wedha ,0.2,Metric Tonnes,Other,3280.0,3280.0,3280.0,Rs./Quintal,FAQ
APMC Mumbai ,657.1,Metric Tonnes,Other,2900.0,5500.0,4200.0,Rs./Quintal,FAQ
APMC Murum ,0.2,Metric Tonnes,Bansi,2801.0,2801.0,2801.0,Rs./Quintal,FAQ
APMC Nagpur ,50.0,Metric Tonnes,Sharbati,3200.0,3500.0,3425.0,Rs./Quintal,FAQ
APMC Nagpur ,36.6,Metric Tonnes,Other,2625.0,2750.0,2718.0,Rs./Quintal,FAQ
APMC Paithan ,0.2,Metric Tonnes,Bansi,2736.0,2736.0,2736.0,Rs./Quintal,FAQ
APMC Palghar ,7.0,Metric Tonnes,Other,3300.0,3300.0,3300.0,Rs./Quintal,FAQ
APMC Rahuri ,0.8,Metric Tonnes,Other,2600.0,2700.0,2650.0,Rs./Quintal,FAQ
APMC Sangli ,63.8,Metric Tonnes,Other,3000.0,4500.0,3750.0,Rs./Quintal,FAQ
APMC Shirur ,1.0,Metric Tonnes,Other,2600.0,2700.0,2650.0,Rs./Quintal,FAQ
APMC Shirur ,0.6,Metric Tonnes,Other,2550.0,2550.0,2550.0,Rs./Quintal,Non-FAQ
APMC Shrirampur ,3.9,Metric Tonnes,Other,2600.0,2700.0,2650.0,Rs./Quintal,FAQ
APMC Sillod ,12.3,Metric Tonnes,Other,2600.0,2650.0,2650.0,Rs./Quintal,FAQ
APMC Solapur ,80.6,Metric Tonnes,Sharbati,2670.0,4160.0,3650.0,Rs./Quintal,FAQ
APMC Ulhasnagar ,56.0,Metric Tonnes,Other,2800.0,3200.0,3000.0,Rs./Quintal,FAQ
APMC Umarkhed ,10.0,Metric Tonnes,Other,2250.0,2350.0,2300.0,Rs./Quintal,Non-FAQ
APMC Vaijpur ,4.8,Metric Tonnes,Other,2700.0,2825.0,2775.0,Rs./Quintal,FAQ
Kolhapur(Laxmipuri) ,6.0,Metric Tonnes,Other,3050.0,4200.0,3625.0,Rs./Quintal,FAQ
Kurdwadi(Modnimb) ,0.4,Metric Tonnes,Other,2625.0,2801.0,2700.0,Rs./Quintal,FAQ
"Maharaja Agresen Pvt Krushi Utappan Bazar Samati, Dist Buldhana",1.4,Metric Tonnes,Other,2500.0,2700.0,2620.0,Rs./Quintal,Local
Rahuri(Vambori) ,1.9,Metric Tonnes,Other,2650.0,2811.0,2750.0,Rs./Quintal,FAQ
Shevgaon(Bodhegaon) ,1.1,Metric Tonnes,Maharashtra 2189,2600.0,2700.0,2600.0,Rs./Quintal,FAQ
Total,1130.6,Metric Tonnes,,,,3753.15,Rs./Quintal,
State/UT Name : NCT of Delhi
APMC Najafgarh,73.0,Metric Tonnes,Farmi,2965.0,3211.0,3000.0,Rs./Quintal,FAQ
APMC Najafgarh,38.900000000000006,Metric Tonnes,Dara,2681.0,2764.0,2700.0,Rs./Quintal,FAQ
Total,111.9,Metric Tonnes,,,,2895.71,Rs./Quintal,
State/UT Name : Punjab
Abohar APMC,30.0,Metric Tonnes,Other,2620.0,2730.0,2700.0,Rs./Quintal,FAQ
Total,30.0,Metric Tonnes,,,,2700.0,Rs./Quintal,
State/UT Name : Rajasthan
Alwar APMC,7.2,Metric Tonnes,Other,2675.0,2680.0,2677.0,Rs./Quintal,Local
Anta APMC,8.1,Metric Tonnes,Other,2522.0,2626.0,2574.0,Rs./Quintal,Local
Anupgarh APMC,27.5,Metric Tonnes,Dara,2630.0,2630.0,2630.0,Rs./Quintal,Grade Range-1
Atru APMC,8.8,Metric Tonnes,Other,2550.0,2694.0,2622.0,Rs./Quintal,Local
Bandikui APMC,11.9,Metric Tonnes,Other,2550.0,2652.0,2601.0,Rs./Quintal,Local
Bassi APMC,7.0,Metric Tonnes,Other,2550.0,2643.0,2596.0,Rs./Quintal,Local
Begu APMC,3.0,Metric Tonnes,Other,2715.0,2715.0,2715.0,Rs./Quintal,Local
Bhadara APMC,13.6,Metric Tonnes,147 Average,2710.0,2810.0,2760.0,Rs./Quintal,Non-FAQ
Bharatpur APMC,15.0,Metric Tonnes,Other,2441.0,2679.0,2560.0,Rs./Quintal,FAQ
Bhawani Mandi APMC,24.0,Metric Tonnes,Other,2500.0,2650.0,2575.0,Rs./Quintal,Local
Bhilwara APMC,0.5,Metric Tonnes,Other,2625.0,2625.0,2625.0,Rs./Quintal,FAQ
Bhusawar Bair APMC,29.700000000000003,Metric Tonnes,147 Average,2500.0,2600.0,2570.0,Rs./Quintal,Local
Bikaner (Grain) APMC,0.5,Metric Tonnes,Other,2541.0,2541.0,2541.0,Rs./Quintal,Local
Bundi APMC,620.0,Metric Tonnes,Other,2650.0,2731.0,2691.0,Rs./Quintal,FAQ
Chaksu APMC,13.100000000000001,Metric Tonnes,Other,2600.0,2650.0,2625.0,Rs./Quintal,Local
Chhabra APMC,88.10000000000001,Metric Tonnes,Other,2715.0,2900.0,2807.0,Rs./Quintal,Local
Chhotisadri APMC,22.400000000000002,Metric Tonnes,Local,2500.0,2900.0,2685.0,Rs./Quintal,Local
Chomu Grain APMC,6.1,Metric Tonnes,Other,2550.0,2550.0,2550.0,Rs./Quintal,Local
Choumahla APMC,40.0,Metric Tonnes,Other,2500.0,2720.0,2610.0,Rs./Quintal,Non-FAQ
Dablirathan APMC,1.2000000000000002,Metric Tonnes,Wheat,2710.0,2710.0,2710.0,Rs./Quintal,Local
Deeg APMC,0.30000000000000004,Metric Tonnes,Other,2600.0,2600.0,2600.0,Rs./Quintal,Non-FAQ
Dei APMC,35.4,Metric Tonnes,Other,2628.0,2691.0,2650.0,Rs./Quintal,Local
Deoli APMC,30.3,Metric Tonnes,Deshi,2570.0,2621.0,2596.0,Rs./Quintal,FAQ
Dholpur APMC,20.0,Metric Tonnes,Other,2450.0,2450.0,2450.0,Rs./Quintal,Local
Fatehnagar APMC,21.6,Metric Tonnes,Local,2660.0,2838.0,2780.0,Rs./Quintal,FAQ
Gajsinghpur APMC,3.9000000000000004,Metric Tonnes,Other,2560.0,2585.0,2580.0,Rs./Quintal,Local
Gangapur City APMC,32.9,Metric Tonnes,Other,2560.0,2630.0,2585.0,Rs./Quintal,Non-FAQ
Iklera APMC,80.0,Metric Tonnes,Other,2450.0,2680.0,2565.0,Rs./Quintal,Local
Itawa APMC,105.0,Metric Tonnes,Other,2610.0,2764.0,2687.0,Rs./Quintal,Local
Jaitsar APMC,4.0,Metric Tonnes,Other,2581.0,2720.0,2700.0,Rs./Quintal,FAQ
Jhalarapatan APMC,71.5,Metric Tonnes,Other,2450.0,2620.0,2550.0,Rs./Quintal,Local
Kama APMC,5.0,Metric Tonnes,Other,2540.0,2560.0,2555.0,Rs./Quintal,Local
Kapasan APMC,4.4,Metric Tonnes,Lokwan,2400.0,2600.0,2500.0,Rs./Quintal,FAQ
Kawai Salpura - Atru APMC,12.200000000000001,Metric Tonnes,Other,2601.0,2785.0,2693.0,Rs./Quintal,Local
Kekri APMC,7.7,Metric Tonnes,Other,2301.0,2680.0,2501.0,Rs./Quintal,Local
Khairthal APMC,5.4,Metric Tonnes,Other,2560.0,2650.0,2610.0,Rs./Quintal,Local
Khatauli APMC,1.0,Metric Tonnes,Wheat,2621.0,2621.0,2621.0,Rs./Quintal,Local
Kherli APMC,174.0,Metric Tonnes,Other,2600.0,2655.0,2634.0,Rs./Quintal,Non-FAQ
Kishangarh Renwal APMC,3.8000000000000003,Metric Tonnes,Other,2550.0,2650.0,2600.0,Rs./Quintal,Local
Laxmangarh - Barodamev  APMC,9.0,Metric Tonnes,Other,2649.0,2660.0,2655.0,Rs./Quintal,Non-FAQ
Mahuwa APMC,56.5,Metric Tonnes,Other,2552.0,2591.0,2576.0,Rs./Quintal,Local
Malpura APMC,216.0,Metric Tonnes,Other,2500.0,2574.0,2560.0,Rs./Quintal,FAQ
Mandawar APMC,20.400000000000002,Metric Tonnes,Other,2531.0,2621.0,2594.0,Rs./Quintal,FAQ
Manohararthana APMC,11.0,Metric Tonnes,Wheat,2500.0,2678.0,2589.0,Rs./Quintal,Non-FAQ
Nahargarh APMC,1.0,Metric Tonnes,Other,2475.0,2700.0,2587.0,Rs./Quintal,Local
Niwai APMC,27.700000000000003,Metric Tonnes,Other,2625.0,2670.0,2647.0,Rs./Quintal,Local
Osiyan Mathania APMC,2.0500000000000003,Metric Tonnes,Local,2400.0,2600.0,2500.0,Rs./Quintal,Local
Padampur APMC,8.0,Metric Tonnes,Other,2663.0,2674.0,2674.0,Rs./Quintal,FAQ
Pratapgarh APMC,27.04,Metric Tonnes,Other,2592.0,2930.0,2760.0,Rs./Quintal,FAQ
Raisingh Nagar APMC,4.2,Metric Tonnes,Other,2627.0,2790.0,2645.0,Rs./Quintal,Non-FAQ
Ramganjmandi APMC,50.300000000000004,Metric Tonnes,Other,2572.0,2794.0,2658.0,Rs./Quintal,Local
Rawatsar APMC,15.8,Metric Tonnes,Other,2708.0,2729.0,2721.0,Rs./Quintal,FAQ
Samraniyan APMC,2.0,Metric Tonnes,Other,2631.0,2631.0,2631.0,Rs./Quintal,Local
Sangriya APMC,5.300000000000001,Metric Tonnes,Other,2600.0,2681.0,2660.0,Rs./Quintal,Local
Sri Vijayanagar APMC,28.700000000000003,Metric Tonnes,Other,2160.0,2760.0,2645.0,Rs./Quintal,Local
Sriganganagar (Grain) APMC,16.8,Metric Tonnes,Other,2720.0,2734.0,2726.0,Rs./Quintal,Local
Sumerganj APMC,1.6,Metric Tonnes,147 Average,2734.0,2734.0,2734.0,Rs./Quintal,Local
Sumerpur APMC,17.2,Metric Tonnes,Other,2700.0,2826.0,2765.0,Rs./Quintal,Non-FAQ
Tonk APMC,24.4,Metric Tonnes,Deshi,2614.0,2614.0,2614.0,Rs./Quintal,FAQ
Uniyara APMC,8.0,Metric Tonnes,Other,2550.0,2550.0,2550.0,Rs./Quintal,FAQ
Total,2119.09,Metric Tonnes,,,,2646.13,Rs./Quintal,
State/UT Name : Telangana
Zaheerabad APMC,0.30000000000000004,Metric Tonnes,Local,2388.0,2388.0,2388.0,Rs./Quintal,Local
Total,0.3,Metric Tonnes,,,,2388.0,Rs./Quintal,
State/UT Name : Uttar Pradesh
Achalda APMC,38.1,Metric Tonnes,Super Fine,2400.0,2400.0,2400.0,Rs./Quintal,FAQ
Achalda APMC,56.82,Metric Tonnes,Dara,2400.0,2400.0,2400.0,Rs./Quintal,FAQ
Achnera APMC,4.0,Metric Tonnes,Other,2710.0,2710.0,2710.0,Rs./Quintal,FAQ
Ait APMC,34.0,Metric Tonnes,Other,2600.0,2610.0,2601.18,Rs./Quintal,FAQ
Ajuha APMC,106.15,Metric Tonnes,Dara,2400.0,2500.0,2420.73,Rs./Quintal,FAQ
Ajuha APMC,9.3,Metric Tonnes,Other,2500.0,2500.0,2500.0,Rs./Quintal,FAQ
Akbarpur APMC,26.9,Metric Tonnes,Other,2500.0,2500.0,2500.0,Rs./Quintal,FAQ
Akbarpur APMC,314.82,Metric Tonnes,Dara,2450.0,2605.0,2470.32,Rs./Quintal,FAQ
Akbarpur APMC,4.42,Metric Tonnes,Medium Fine,2450.0,2450.0,2450.0,Rs./Quintal,FAQ
Aliganj APMC,15.0,Metric Tonnes,Dara,2500.0,2500.0,2500.0,Rs./Quintal,FAQ
Aliganj APMC,30.0,Metric Tonnes,Other,2510.0,2510.0,2510.0,Rs./Quintal,FAQ
Aligarh APMC,31.154,Metric Tonnes,Dara,2500.0,2720.0,2636.51,Rs./Quintal,FAQ
Aligarh APMC,25.7,Metric Tonnes,Other,2500.0,2600.0,2576.65,Rs./Quintal,FAQ
Anandnagar APMC,67.9,Metric Tonnes,Dara,2400.0,2500.0,2433.31,Rs./Quintal,FAQ
Anoop Shahar APMC,26.48,Metric Tonnes,Dara,2500.0,2500.0,2500.0,Rs./Quintal,FAQ
Anwala APMC,68.73,Metric Tonnes,Dara,2590.0,2610.0,2601.72,Rs./Quintal,FAQ
Atarra APMC,52.1,Metric Tonnes,Deshi,2450.0,2650.0,2553.65,Rs./Quintal,FAQ
Auraiya APMC,142.1,Metric Tonnes,Other,2620.0,2620.0,2620.0,Rs./Quintal,FAQ
Auraiya APMC,109.515,Metric Tonnes,Dara,2620.0,2620.0,2620.0,Rs./Quintal,FAQ
Auraiya APMC,7.589,Metric Tonnes,Super Fine,2620.0,2620.0,2620.0,Rs./Quintal,FAQ
Auraiya APMC,29.41,Metric Tonnes,Medium,2620.0,2625.0,2623.77,Rs./Quintal,FAQ
Ayodhya APMC,40.1,Metric Tonnes,Dara Mill Quality,2500.0,2600.0,2591.02,Rs./Quintal,FAQ
Ayodhya APMC,43.88,Metric Tonnes,Dara,2500.0,2500.0,2500.0,Rs./Quintal,FAQ
Ayodhya APMC,11.1,Metric Tonnes,Medium,2500.0,2500.0,2500.0,Rs./Quintal,FAQ
Ayodhya APMC,7.2,Metric Tonnes,Other,2500.0,2500.0,2500.0,Rs./Quintal,FAQ
Azamgarh APMC,30.78,Metric Tonnes,Other,2600.0,2600.0,2600.0,Rs./Quintal,FAQ
Azamgarh APMC,116.4,Metric Tonnes,Dara,2585.0,2700.0,2599.3,Rs./Quintal,FAQ
Baberu APMC,32.1,Metric Tonnes,Other,2600.0,2600.0,2600.0,Rs./Quintal,FAQ
Baberu APMC,33.0,Metric Tonnes,Dara,2600.0,2600.0,2600.0,Rs./Quintal,FAQ
Babrala APMC,29.3,Metric Tonnes,Other,2500.0,2500.0,2500.0,Rs./Quintal,FAQ
Bachranwa APMC,49.27,Metric Tonnes,Dara,2499.98,2500.0,2500.0,Rs./Quintal,FAQ
Badayoun APMC,2.56,Metric Tonnes,Hybrid,2500.0,2500.0,2500.0,Rs./Quintal,FAQ
Badayoun APMC,110.085,Metric Tonnes,Other,2500.0,2500.0,2500.0,Rs./Quintal,FAQ
Badayoun APMC,38.7,Metric Tonnes,Dara,2599.98,2600.0,2599.99,Rs./Quintal,FAQ
Bahraich APMC,130.9,Metric Tonnes,Other,2500.0,2500.0,2500.0,Rs./Quintal,FAQ
Bahraich APMC,95.8,Metric Tonnes,Hybrid,2550.0,2590.0,2566.77,Rs./Quintal,FAQ
Balrampur APMC,61.77,Metric Tonnes,Dara,2300.0,2800.0,2740.34,Rs./Quintal,FAQ
Bangarmau APMC,62.72,Metric Tonnes,Dara,2600.0,2600.0,2600.0,Rs./Quintal,FAQ
Bansi APMC,8.4,Metric Tonnes,Dara,2500.0,2500.0,2500.0,Rs./Quintal,FAQ
Bansi APMC,2.0,Metric Tonnes,Other,2500.0,2500.0,2500.0,Rs./Quintal,FAQ
Banthara APMC,63.06,Metric Tonnes,Other,2645.0,2660.0,2651.09,Rs./Quintal,FAQ
Banthara APMC,440.04,Metric Tonnes,Dara,2550.0,2800.0,2590.1,Rs./Quintal,FAQ
Barabanki APMC,32.6,Metric Tonnes,Other,2450.0,2700.0,2537.42,Rs./Quintal,FAQ
Barabanki APMC,6.5,Metric Tonnes,Hybrid,2450.0,2450.0,2450.0,Rs./Quintal,FAQ
Barabanki APMC,161.83,Metric Tonnes,Dara,2450.0,2650.0,2506.19,Rs./Quintal,FAQ
Bareilly APMC,16.0,Metric Tonnes,Dara,2600.0,2600.0,2600.0,Rs./Quintal,FAQ
Bareilly APMC,85.5,Metric Tonnes,Dara Mill Quality,2600.0,2610.0,2600.94,Rs./Quintal,FAQ
Baripaal APMC,1.8,Metric Tonnes,Local,2550.0,2550.0,2550.0,Rs./Quintal,FAQ
Baripaal APMC,20.25,Metric Tonnes,Dara,2560.0,2600.0,2581.23,Rs./Quintal,FAQ
Basti APMC,7.5,Metric Tonnes,Dara Mill Quality,2500.0,2500.0,2500.0,Rs./Quintal,FAQ
Basti APMC,53.8,Metric Tonnes,Other,2450.0,2450.0,2450.0,Rs./Quintal,FAQ
Basti APMC,244.33,Metric Tonnes,Dara,2450.0,2570.0,2471.18,Rs./Quintal,FAQ
Bewar APMC,44.0,Metric Tonnes,Dara,2450.0,2500.0,2495.32,Rs./Quintal,FAQ
Bharthna APMC,88.12,Metric Tonnes,Other,2550.0,2635.0,2552.43,Rs./Quintal,FAQ
Bharthna APMC,59.716,Metric Tonnes,Dara,2550.0,2550.0,2550.0,Rs./Quintal,FAQ
Bharthna APMC,7.8,Metric Tonnes,Hybrid,2550.0,2550.0,2550.0,Rs./Quintal,FAQ
Bharuasumerpur APMC,30.07,Metric Tonnes,Dara,2580.0,2610.0,2598.98,Rs./Quintal,FAQ
Bharwari APMC,89.82,Metric Tonnes,Other,2500.0,2500.0,2500.0,Rs./Quintal,FAQ
Bhehjoi APMC,114.84,Metric Tonnes,Mill Quality,2500.0,2585.0,2563.33,Rs./Quintal,FAQ
Bhinga APMC,17.5,Metric Tonnes,Medium,2505.0,2505.0,2505.0,Rs./Quintal,FAQ
Bhinga APMC,33.7,Metric Tonnes,Other,2500.0,2500.0,2500.0,Rs./Quintal,FAQ
Bijnaur APMC,3.0,Metric Tonnes,Other,2590.0,2590.0,2590.0,Rs./Quintal,FAQ
Bindki APMC,30.0,Metric Tonnes,Medium Fine,2400.0,2400.0,2400.0,Rs./Quintal,FAQ
Bindki APMC,43.02,Metric Tonnes,Medium,2500.0,2584.97,2546.87,Rs./Quintal,FAQ
Bindki APMC,110.7,Metric Tonnes,Other,2400.0,2630.0,2551.67,Rs./Quintal,FAQ
Bindki APMC,269.108,Metric Tonnes,Dara,2400.0,2650.0,2477.24,Rs./Quintal,FAQ
Buland Shahr APMC,22.657,Metric Tonnes,Dara Mill Quality,2721.0,2722.0,2721.5,Rs./Quintal,FAQ
Buland Shahr APMC,72.0,Metric Tonnes,Dara,2600.0,2660.0,2639.75,Rs./Quintal,FAQ
Charkhari APMC,37.12,Metric Tonnes,Dara,2400.0,2400.0,2400.0,Rs./Quintal,FAQ
Charkhari APMC,80.1,Metric Tonnes,Other,2400.0,2600.0,2510.49,Rs./Quintal,FAQ
Charra APMC,86.025,Metric Tonnes,Dara,2500.0,2500.0,2500.0,Rs./Quintal,FAQ
Charra APMC,33.5,Metric Tonnes,Local,2500.0,2500.0,2500.0,Rs./Quintal,FAQ
Chhibramau APMC,33.5,Metric Tonnes,Deshi,2420.0,2430.0,2420.75,Rs./Quintal,FAQ
Chirgaon APMC,18.6,Metric Tonnes,Dara Mill Quality,2600.0,2620.0,2609.84,Rs./Quintal,FAQ
Chirgaon APMC,45.9,Metric Tonnes,Other,2400.0,2450.0,2415.38,Rs./Quintal,FAQ
Choubepur APMC,3.9,Metric Tonnes,Other,2500.0,2500.0,2500.0,Rs./Quintal,FAQ
Choubepur APMC,11.62,Metric Tonnes,Dara Mill Quality,2400.0,2400.0,2400.0,Rs./Quintal,FAQ
Dankaur APMC,1.193,Metric Tonnes,Other,2600.0,2600.0,2600.0,Rs./Quintal,FAQ
Dankaur APMC,271.58,Metric Tonnes,Dara,2450.0,2701.0,2637.57,Rs./Quintal,FAQ
Dataganj APMC,8.5,Metric Tonnes,Dara,2500.0,2600.0,2550.0,Rs./Quintal,FAQ
Dataganj APMC,59.37,Metric Tonnes,Other,2500.0,2500.0,2500.0,Rs./Quintal,FAQ
Dataganj APMC,4.9,Metric Tonnes,PBW-343,2500.0,2500.0,2500.0,Rs./Quintal,FAQ
Devariya APMC,4.56,Metric Tonnes,Sharbati,2754.61,2754.61,2754.61,Rs./Quintal,FAQ
Devariya APMC,37.89,Metric Tonnes,Dara,2450.0,2755.14,2467.23,Rs./Quintal,FAQ
Devariya APMC,3.92,Metric Tonnes,Hybrid,2752.3,2752.3,2752.3,Rs./Quintal,FAQ
Devariya APMC,23.629,Metric Tonnes,White,2730.0,2770.0,2754.25,Rs./Quintal,FAQ
Dhanaura APMC,29.0,Metric Tonnes,Dara,2600.0,2620.0,2605.0,Rs./Quintal,FAQ
Dibiapur APMC,134.165,Metric Tonnes,Dara,2400.0,2650.0,2545.73,Rs./Quintal,FAQ
Dibiapur APMC,6.28,Metric Tonnes,Other,2600.0,2600.0,2600.0,Rs./Quintal,FAQ
Dibiapur APMC,35.13,Metric Tonnes,Hybrid,2550.0,2625.0,2573.06,Rs./Quintal,FAQ
Etah APMC,50.2,Metric Tonnes,Other,2500.0,2502.0,2500.15,Rs./Quintal,FAQ
Etah APMC,260.0,Metric Tonnes,Dara,2500.0,2660.0,2650.52,Rs./Quintal,FAQ
Etah APMC,31.3,Metric Tonnes,Mill Quality,2500.0,2500.0,2500.0,Rs./Quintal,FAQ
Farukhabad APMC,2.7,Metric Tonnes,Dara,2585.0,2585.0,2585.0,Rs./Quintal,FAQ
Fatehpur APMC,10.757,Metric Tonnes,Other,2550.0,2550.0,2550.0,Rs./Quintal,FAQ
Fatehpur APMC,9.5,Metric Tonnes,Dara,2560.0,2560.0,2560.0,Rs./Quintal,FAQ
Fatehpur APMC,130.7,Metric Tonnes,Medium,2520.0,2520.0,2520.0,Rs./Quintal,FAQ
Fatehpur Sikri APMC,3.6,Metric Tonnes,Dara,2550.0,2550.0,2550.0,Rs./Quintal,FAQ
Firozabad APMC,3.5,Metric Tonnes,Dara,2720.0,2720.0,2720.0,Rs./Quintal,FAQ
Gangoh APMC,15.925,Metric Tonnes,Other,2600.0,2700.0,2619.0,Rs./Quintal,FAQ
Ganj Dundwara APMC,53.5,Metric Tonnes,Dara,2500.0,2500.0,2500.0,Rs./Quintal,FAQ
Ghaziabad APMC,6.95,Metric Tonnes,Dara,2810.0,2810.0,2810.0,Rs./Quintal,FAQ
Ghiraur APMC,56.0,Metric Tonnes,Dara,2400.0,2400.0,2400.0,Rs./Quintal,FAQ
Golagokarnath APMC,51.3,Metric Tonnes,Dara,2650.0,2675.0,2657.22,Rs./Quintal,FAQ
Golagokarnath APMC,41.5,Metric Tonnes,Other,2600.0,2600.0,2600.0,Rs./Quintal,FAQ
Gonda APMC,21.92,Metric Tonnes,Dara Mill Quality,2800.0,2800.0,2800.0,Rs./Quintal,FAQ
Gorakhpur APMC,5.1,Metric Tonnes,Medium,2500.0,2500.0,2500.0,Rs./Quintal,FAQ
Gorakhpur APMC,15.0,Metric Tonnes,Dara Mill Quality,2500.0,2500.0,2500.0,Rs./Quintal,FAQ
Gorakhpur APMC,168.24,Metric Tonnes,Dara,2500.0,2770.0,2621.61,Rs./Quintal,FAQ
Gurusarai APMC,6.0,Metric Tonnes,Other,2585.0,2585.0,2585.0,Rs./Quintal,FAQ
Gurusarai APMC,42.4,Metric Tonnes,Medium,2570.0,2570.0,2570.0,Rs./Quintal,FAQ
Haathras APMC,48.21,Metric Tonnes,Other,2511.0,2635.0,2537.4,Rs./Quintal,FAQ
Hapur APMC,5.0,Metric Tonnes,Other,2600.0,2600.0,2600.0,Rs./Quintal,FAQ
Hardoi APMC,77.0,Metric Tonnes,Dara Mill Quality,2600.0,2600.0,2600.0,Rs./Quintal,FAQ
Hardoi APMC,580.09,Metric Tonnes,Dara,2550.0,2653.0,2565.86,Rs./Quintal,FAQ
Hasanpur APMC,266.5,Metric Tonnes,Dara Mill Quality,2590.0,2590.0,2590.0,Rs./Quintal,FAQ
Jafarganj APMC,29.7,Metric Tonnes,Dara,2400.0,2580.0,2508.48,Rs./Quintal,FAQ
Jagnair APMC,30.6,Metric Tonnes,Other,2425.0,2425.0,2425.0,Rs./Quintal,FAQ
Jagnair APMC,63.8,Metric Tonnes,Medium,2425.0,2600.0,2532.92,Rs./Quintal,FAQ
Jahanabad APMC,59.6,Metric Tonnes,Dara Mill Quality,2500.0,2550.0,2503.94,Rs./Quintal,FAQ
Jahangirabad APMC,1.54,Metric Tonnes,Medium,2680.0,2680.0,2680.0,Rs./Quintal,FAQ
Jahangirabad APMC,7.5,Metric Tonnes,Other,2690.0,2690.0,2690.0,Rs./Quintal,FAQ
Jalalabad APMC,34.92,Metric Tonnes,Deshi,2650.0,2650.0,2650.0,Rs./Quintal,FAQ
Jalalabad APMC,72.72,Metric Tonnes,Other,2430.0,2660.0,2524.88,Rs./Quintal,FAQ
Jalaun APMC,61.1,Metric Tonnes,Mill Quality,2560.0,2580.0,2569.98,Rs./Quintal,FAQ
Jalaun APMC,15.4,Metric Tonnes,Dara,2561.0,2561.0,2561.0,Rs./Quintal,FAQ
Jalaun APMC,10.3,Metric Tonnes,Other,2560.0,2560.0,2560.0,Rs./Quintal,FAQ
Jangipura APMC,10.0,Metric Tonnes,Dara,2450.0,2450.0,2450.0,Rs./Quintal,FAQ
Jarar APMC,17.453,Metric Tonnes,Dara,2520.0,2520.0,2520.0,Rs./Quintal,FAQ
Jasra APMC,13.6,Metric Tonnes,Dara,2500.0,2600.0,2570.59,Rs./Quintal,FAQ
Jaunpur APMC,10.13,Metric Tonnes,Dara Mill Quality,2689.0,2717.0,2711.91,Rs./Quintal,FAQ
Jayas APMC,308.665,Metric Tonnes,Dara,2400.0,2680.0,2521.67,Rs./Quintal,FAQ
Jhansi APMC,161.5,Metric Tonnes,Mill Quality,2351.0,2380.0,2355.76,Rs./Quintal,FAQ
Jhansi APMC,124.6,Metric Tonnes,Other,2351.0,2652.0,2370.18,Rs./Quintal,FAQ
Jhijhank APMC,5.645,Metric Tonnes,Dara Mill Quality,2600.0,2600.0,2600.0,Rs./Quintal,FAQ
Jhijhank APMC,39.0,Metric Tonnes,Hybrid,2625.0,2625.0,2625.0,Rs./Quintal,FAQ
Jhijhank APMC,284.01,Metric Tonnes,Dara,2350.0,2800.0,2598.91,Rs./Quintal,FAQ
Kadaura APMC,18.41,Metric Tonnes,Other,2400.0,2400.0,2400.0,Rs./Quintal,FAQ
Kadaura APMC,5.0,Metric Tonnes,Dara,2350.0,2350.0,2350.0,Rs./Quintal,FAQ
Kadaura APMC,14.3,Metric Tonnes,Medium Fine,2350.0,2350.0,2350.0,Rs./Quintal,FAQ
Kadaura APMC,13.2,Metric Tonnes,Super Fine,2350.0,2350.0,2350.0,Rs./Quintal,FAQ
Kalpi APMC,32.0,Metric Tonnes,Dara Mill Quality,2300.0,2300.0,2300.0,Rs./Quintal,FAQ
Kalpi APMC,29.1,Metric Tonnes,Dara,2500.0,2575.0,2523.2,Rs./Quintal,FAQ
Kannauj APMC,86.03,Metric Tonnes,Dara,2500.0,2560.0,2514.41,Rs./Quintal,FAQ
Kanpur(Grain) APMC,10.2,Metric Tonnes,Dara Mill Quality,2360.0,2360.0,2360.0,Rs./Quintal,FAQ
Kanpur(Grain) APMC,22.1,Metric Tonnes,Medium,2360.0,2600.0,2458.82,Rs./Quintal,FAQ
Kanpur(Grain) APMC,23.05,Metric Tonnes,Hybrid,2680.0,2680.0,2680.0,Rs./Quintal,FAQ
Kanpur(Grain) APMC,12.0,Metric Tonnes,Other,2650.0,2650.0,2650.0,Rs./Quintal,FAQ
Kanpur(Grain) APMC,355.063,Metric Tonnes,Dara,2550.0,2750.0,2728.8,Rs./Quintal,FAQ
Karvi APMC,20.1,Metric Tonnes,Other,2400.0,2400.0,2400.0,Rs./Quintal,FAQ
Karvi APMC,71.59,Metric Tonnes,Dara,2500.0,2580.0,2565.12,Rs./Quintal,FAQ
Kasganj APMC,2.9,Metric Tonnes,Deshi,2680.0,2680.0,2680.0,Rs./Quintal,FAQ
Kasganj APMC,6.1,Metric Tonnes,C-83,2670.0,2675.0,2672.87,Rs./Quintal,FAQ
Kasganj APMC,3.8,Metric Tonnes,Medium,2675.0,2675.0,2675.0,Rs./Quintal,FAQ
Kasganj APMC,45.0,Metric Tonnes,Other,2710.0,2710.0,2710.0,Rs./Quintal,FAQ
Kasganj APMC,111.125,Metric Tonnes,Dara,2500.0,2650.0,2552.14,Rs./Quintal,FAQ
Kayamganj APMC,19.7,Metric Tonnes,Dara,2380.0,2400.0,2393.71,Rs./Quintal,FAQ
Khaga APMC,2.0,Metric Tonnes,Dara,2450.0,2450.0,2450.0,Rs./Quintal,FAQ
Khair APMC,38.932,Metric Tonnes,Other,2600.0,2600.0,2600.0,Rs./Quintal,FAQ
Khair APMC,40.545,Metric Tonnes,Dara,2600.0,2700.0,2695.86,Rs./Quintal,FAQ
Khairagarh APMC,5.0,Metric Tonnes,Other,2550.0,2550.0,2550.0,Rs./Quintal,FAQ
Khairagarh APMC,5.0,Metric Tonnes,Dara,2500.0,2600.0,2550.0,Rs./Quintal,FAQ
Khalilabad APMC,57.31,Metric Tonnes,Dara,2530.0,2530.0,2530.0,Rs./Quintal,FAQ
Khalilabad APMC,37.9,Metric Tonnes,Other,2530.0,2530.0,2530.0,Rs./Quintal,FAQ
Khekda APMC,6.94,Metric Tonnes,Dara,2700.0,2700.0,2700.0,Rs./Quintal,FAQ
Khekda APMC,0.65,Metric Tonnes,Other,2650.0,2650.0,2650.0,Rs./Quintal,FAQ
Khurja APMC,7.66,Metric Tonnes,2329,2600.0,2600.0,2600.0,Rs./Quintal,FAQ
Khurja APMC,15.15,Metric Tonnes,PBW-343,2600.0,2600.0,2600.0,Rs./Quintal,FAQ
Khurja APMC,12.6,Metric Tonnes,Other,2600.0,2600.0,2600.0,Rs./Quintal,FAQ
Kishunpur APMC,41.66,Metric Tonnes,Other,2500.0,2500.0,2500.0,Rs./Quintal,FAQ
Konch APMC,36.2,Metric Tonnes,Other,2550.0,2550.0,2550.0,Rs./Quintal,FAQ
Konch APMC,14.9,Metric Tonnes,Dara Mill Quality,2350.0,2400.0,2364.77,Rs./Quintal,FAQ
Kopaganj APMC,4.8,Metric Tonnes,Dara,2585.0,2600.0,2596.25,Rs./Quintal,FAQ
Kosikalan APMC,20.0,Metric Tonnes,Dara,2600.0,2680.0,2640.0,Rs./Quintal,Grade Range-1
Kosikalan APMC,15.0,Metric Tonnes,Dara,2600.0,2700.0,2660.0,Rs./Quintal,FAQ
Kosikalan APMC,2.9,Metric Tonnes,Sharbati,2634.0,2634.0,2634.0,Rs./Quintal,FAQ
Kurara APMC,20.5,Metric Tonnes,Dara,2500.0,2500.0,2500.0,Rs./Quintal,FAQ
Kurara APMC,28.7,Metric Tonnes,Other,2400.0,2400.0,2400.0,Rs./Quintal,FAQ
Lakhimpur APMC,125.614,Metric Tonnes,Dara,2350.0,2670.0,2431.16,Rs./Quintal,FAQ
Lalganj APMC,97.39,Metric Tonnes,Dara,2570.0,2630.0,2612.46,Rs./Quintal,FAQ
Lalganj APMC,30.0,Metric Tonnes,Medium Fine,2400.0,2400.0,2400.0,Rs./Quintal,FAQ
Lalganj APMC,4.0,Metric Tonnes,Other,2400.0,2400.0,2400.0,Rs./Quintal,FAQ
Lalitpur APMC,5.0,Metric Tonnes,Lokwan,2998.0,2998.0,2998.0,Rs./Quintal,FAQ
Lalitpur APMC,70.6,Metric Tonnes,Dara,2496.0,2998.0,2740.64,Rs./Quintal,FAQ
Lalitpur APMC,7.0,Metric Tonnes,Medium Fine,2758.0,2758.0,2758.0,Rs./Quintal,FAQ
Lalitpur APMC,328.7,Metric Tonnes,Mill Quality,2350.0,2355.0,2353.46,Rs./Quintal,FAQ
Lalitpur APMC,112.0,Metric Tonnes,Medium,2750.0,2769.0,2758.56,Rs./Quintal,FAQ
Lalitpur APMC,32.2,Metric Tonnes,Other,2425.0,2425.0,2425.0,Rs./Quintal,FAQ
Lalitpur APMC,14.8,Metric Tonnes,Sharbati,3725.0,4285.0,4026.45,Rs./Quintal,FAQ
Lalitpur APMC,12.0,Metric Tonnes,Super Fine,2350.0,2350.0,2350.0,Rs./Quintal,FAQ
Lucknow APMC,24.0,Metric Tonnes,Medium Fine,2690.0,2690.0,2690.0,Rs./Quintal,FAQ
Lucknow APMC,23.0,Metric Tonnes,Deshi,2690.0,2690.0,2690.0,Rs./Quintal,FAQ
Lucknow APMC,12.2,Metric Tonnes,Kalawal,2690.0,2690.0,2690.0,Rs./Quintal,FAQ
Lucknow APMC,3.9,Metric Tonnes,Coarse,2690.0,2690.0,2690.0,Rs./Quintal,FAQ
Lucknow APMC,3.7,Metric Tonnes,Dara Mill Quality,2690.0,2690.0,2690.0,Rs./Quintal,FAQ
Lucknow APMC,20.23,Metric Tonnes,Dara,2400.0,2425.0,2417.66,Rs./Quintal,FAQ
Lucknow APMC,309.4,Metric Tonnes,Medium,2690.0,2690.0,2690.0,Rs./Quintal,FAQ
Madhoganj APMC,44.0,Metric Tonnes,Dara Mill Quality,2600.0,2600.0,2600.0,Rs./Quintal,FAQ
Madhoganj APMC,74.1,Metric Tonnes,Dara,2500.0,2500.0,2500.0,Rs./Quintal,FAQ
Madhogarh APMC,71.6,Metric Tonnes,Local,2550.0,2550.0,2550.0,Rs./Quintal,FAQ
Madhogarh APMC,89.18,Metric Tonnes,Dara,2550.0,2550.0,2550.0,Rs./Quintal,FAQ
Mahoba APMC,40.148,Metric Tonnes,Dara,2300.0,2520.0,2385.88,Rs./Quintal,FAQ
Maholi APMC,9.9,Metric Tonnes,Dara,2400.0,2400.0,2400.0,Rs./Quintal,FAQ
Mainpuri APMC,239.9553,Metric Tonnes,Other,2551.0,2610.0,2571.26,Rs./Quintal,FAQ
Mainpuri APMC,16.5,Metric Tonnes,Dara Mill Quality,2575.0,2575.0,2575.0,Rs./Quintal,FAQ
Manjhanpur APMC,30.17,Metric Tonnes,Dara Mill Quality,2400.0,2400.0,2400.0,Rs./Quintal,FAQ
Manjhanpur APMC,49.41,Metric Tonnes,Other,2400.0,2500.0,2437.91,Rs./Quintal,FAQ
Mathura APMC,36.2,Metric Tonnes,Medium,2501.0,2600.0,2517.96,Rs./Quintal,FAQ
Mathura APMC,31.405,Metric Tonnes,Other,2500.0,2650.0,2623.7,Rs./Quintal,FAQ
Mathura APMC,142.64,Metric Tonnes,Dara,2500.0,2660.0,2546.86,Rs./Quintal,FAQ
Mathura APMC,3.3,Metric Tonnes,PBW-343,2575.0,2661.0,2628.03,Rs./Quintal,FAQ
Mau(Chitrakut) APMC,16.7,Metric Tonnes,Deshi,2350.0,2350.0,2350.0,Rs./Quintal,FAQ
Mau(Chitrakut) APMC,30.84,Metric Tonnes,Dara,2400.0,2400.0,2400.0,Rs./Quintal,FAQ
Maudaha APMC,10.8,Metric Tonnes,Deshi,2500.0,2500.0,2500.0,Rs./Quintal,FAQ
Maudaha APMC,15.775,Metric Tonnes,Other,2500.0,2500.0,2500.0,Rs./Quintal,FAQ
Maudaha APMC,54.2,Metric Tonnes,Medium,2500.0,2500.0,2500.0,Rs./Quintal,FAQ
Mauranipur APMC,154.105,Metric Tonnes,Other,2400.0,2725.0,2497.92,Rs./Quintal,FAQ
Mawana APMC,19.7,Metric Tonnes,Dara,2600.0,2600.0,2600.0,Rs./Quintal,FAQ
Meeranpur Katra APMC,14.47,Metric Tonnes,Medium,2495.0,2495.0,2495.0,Rs./Quintal,FAQ
Mehmoodabad APMC,28.3,Metric Tonnes,Dara,2600.0,2610.0,2601.94,Rs./Quintal,FAQ
Mehmoodabad APMC,177.11,Metric Tonnes,Other,2600.0,2670.0,2637.44,Rs./Quintal,FAQ
Mehrauni APMC,75.45,Metric Tonnes,Dara,2300.0,2305.0,2301.11,Rs./Quintal,FAQ
Mihipurwa APMC,3.5,Metric Tonnes,Hybrid,2500.0,2500.0,2500.0,Rs./Quintal,FAQ
Mihipurwa APMC,69.2,Metric Tonnes,Dara,2500.0,2500.0,2500.0,Rs./Quintal,FAQ
Mohamadabad APMC,33.0,Metric Tonnes,Dara,2411.0,2411.0,2411.0,Rs./Quintal,FAQ
Mohammdi APMC,27.5,Metric Tonnes,Other,2510.0,2520.0,2514.73,Rs./Quintal,FAQ
Moth APMC,31.53,Metric Tonnes,Other,2600.0,2620.0,2606.03,Rs./Quintal,FAQ
Moth APMC,18.0,Metric Tonnes,Dara,2600.0,2605.0,2601.67,Rs./Quintal,FAQ
Muradabad APMC,1.46,Metric Tonnes,Other,2500.0,2510.0,2505.21,Rs./Quintal,FAQ
Muskara APMC,83.5,Metric Tonnes,Other,2600.0,2600.0,2600.0,Rs./Quintal,FAQ
Naanpara APMC,96.8,Metric Tonnes,Dara,2420.0,2600.0,2460.14,Rs./Quintal,FAQ
Naanpara APMC,19.51,Metric Tonnes,Other,2400.0,2400.0,2400.0,Rs./Quintal,FAQ
Naugarh APMC,164.98,Metric Tonnes,Dara,2500.0,2625.0,2535.47,Rs./Quintal,FAQ
Nautnava APMC,32.69,Metric Tonnes,Dara,2400.0,2400.0,2400.0,Rs./Quintal,FAQ
Nawabganj APMC,20.0,Metric Tonnes,Super Fine,2500.0,2500.0,2500.0,Rs./Quintal,FAQ
Nawabganj APMC,6.5,Metric Tonnes,Medium,2500.0,2500.0,2500.0,Rs./Quintal,FAQ
Nawabganj APMC,33.24,Metric Tonnes,Dara,2600.0,2600.0,2600.0,Rs./Quintal,FAQ
Orai APMC,5.073,Metric Tonnes,Mill Quality,2600.0,2600.0,2600.0,Rs./Quintal,FAQ
Orai APMC,8.0,Metric Tonnes,Other,2620.0,2620.0,2620.0,Rs./Quintal,FAQ
Orai APMC,53.05,Metric Tonnes,Dara,2400.0,2500.0,2424.6,Rs./Quintal,FAQ
Paliakala APMC,31.0,Metric Tonnes,Dara,2400.0,2400.0,2400.0,Rs./Quintal,FAQ
Panchpedwa APMC,98.803,Metric Tonnes,Other,2380.0,2380.0,2380.0,Rs./Quintal,FAQ
Partaval APMC,81.32,Metric Tonnes,Dara,2400.0,2400.01,2400.0,Rs./Quintal,FAQ
Payagpur APMC,48.3,Metric Tonnes,Other,2425.0,2500.0,2452.17,Rs./Quintal,FAQ
Powayan APMC,7.53,Metric Tonnes,Dara,2656.0,2656.0,2656.0,Rs./Quintal,FAQ
Pratapgarh APMC,30.5,Metric Tonnes,Other,2500.0,2500.0,2500.0,Rs./Quintal,FAQ
Pratapgarh APMC,117.9,Metric Tonnes,Dara,2400.0,2680.0,2467.37,Rs./Quintal,FAQ
Pratapgarh APMC,31.5,Metric Tonnes,Medium,2400.0,2400.0,2400.0,Rs./Quintal,FAQ
Prayagraj APMC,102.87,Metric Tonnes,Dara,2250.0,2890.0,2432.07,Rs./Quintal,FAQ
Prayagraj APMC,50.0,Metric Tonnes,Deshi,2250.0,2250.0,2250.0,Rs./Quintal,FAQ
Pukharayan APMC,47.35,Metric Tonnes,Dara,2450.0,2700.0,2546.21,Rs./Quintal,FAQ
Puranpur APMC,80.59,Metric Tonnes,Dara,2600.0,2600.0,2600.0,Rs./Quintal,FAQ
Purwa APMC,112.36,Metric Tonnes,Dara,2450.0,2550.0,2495.42,Rs./Quintal,FAQ
Raath APMC,76.588,Metric Tonnes,Deshi,2400.0,2400.0,2400.0,Rs./Quintal,FAQ
Raath APMC,138.9,Metric Tonnes,Other,2400.0,2600.0,2409.94,Rs./Quintal,FAQ
Raibareilly APMC,11.0,Metric Tonnes,Other,2600.0,2600.0,2600.0,Rs./Quintal,FAQ
Raibareilly APMC,17.7,Metric Tonnes,Dara Mill Quality,2610.0,2610.0,2610.0,Rs./Quintal,FAQ
Raibareilly APMC,0.3,Metric Tonnes,White,2400.0,2400.0,2400.0,Rs./Quintal,FAQ
Raibareilly APMC,163.7,Metric Tonnes,Dara,2400.0,2660.0,2566.23,Rs./Quintal,FAQ
Risia APMC,16.0,Metric Tonnes,Dara,2250.0,2250.0,2250.0,Rs./Quintal,FAQ
Rudauli APMC,112.83,Metric Tonnes,Dara,2475.0,2706.0,2559.0,Rs./Quintal,FAQ
Rupaidiha APMC,27.7,Metric Tonnes,Dara,2500.0,2500.0,2500.0,Rs./Quintal,FAQ
Rura APMC,57.74,Metric Tonnes,Dara,2500.0,2550.0,2512.28,Rs./Quintal,FAQ
Rura APMC,51.106,Metric Tonnes,Medium,2500.0,2630.0,2599.99,Rs./Quintal,FAQ
Rura APMC,4.6,Metric Tonnes,Hybrid,2500.0,2500.0,2500.0,Rs./Quintal,FAQ
Rura APMC,116.348,Metric Tonnes,Other,2500.0,2700.0,2542.83,Rs./Quintal,FAQ
Safdarganj APMC,1.3,Metric Tonnes,Medium Fine,2550.0,2550.0,2550.0,Rs./Quintal,FAQ
Safdarganj APMC,209.8,Metric Tonnes,Dara,2450.0,2700.0,2480.04,Rs./Quintal,FAQ
Safdarganj APMC,132.2,Metric Tonnes,Other,2450.0,2450.0,2450.0,Rs./Quintal,FAQ
Safdarganj APMC,12.995,Metric Tonnes,Hybrid,2450.0,2450.0,2450.0,Rs./Quintal,FAQ
Saharanpur APMC,41.2,Metric Tonnes,Dara,2625.0,2625.0,2625.0,Rs./Quintal,FAQ
Saharanpur APMC,23.94,Metric Tonnes,Dara Mill Quality,2869.87,2870.0,2869.97,Rs./Quintal,FAQ
Sahiyapur APMC,35.3,Metric Tonnes,Medium,2430.0,2430.0,2430.0,Rs./Quintal,FAQ
Sahiyapur APMC,5.8,Metric Tonnes,Sharbati,2430.0,2430.0,2430.0,Rs./Quintal,FAQ
Sahiyapur APMC,246.52,Metric Tonnes,Other,2430.0,2600.0,2461.47,Rs./Quintal,FAQ
Sahiyapur APMC,226.955,Metric Tonnes,Dara,2430.0,2600.0,2494.57,Rs./Quintal,FAQ
Salon APMC,17.665,Metric Tonnes,Medium,2400.0,2500.0,2466.03,Rs./Quintal,FAQ
Salon APMC,28.73,Metric Tonnes,Dara,2500.0,2500.0,2500.0,Rs./Quintal,FAQ
Sandi APMC,36.42,Metric Tonnes,Dara,2580.0,2580.0,2580.0,Rs./Quintal,FAQ
Sandila APMC,231.514,Metric Tonnes,Dara,2500.0,2680.0,2525.54,Rs./Quintal,FAQ
Sehjanwa APMC,131.214,Metric Tonnes,Dara,2420.0,2806.0,2682.22,Rs./Quintal,FAQ
Sehjanwa APMC,263.51,Metric Tonnes,Deshi,2470.0,2560.0,2499.72,Rs./Quintal,FAQ
Shadabad APMC,12.455,Metric Tonnes,Other,2425.0,2425.0,2425.0,Rs./Quintal,FAQ
Shahganj APMC,107.23,Metric Tonnes,Dara,2400.0,2580.0,2507.99,Rs./Quintal,FAQ
Shahganj APMC,48.2,Metric Tonnes,Other,2600.0,2600.0,2600.0,Rs./Quintal,FAQ
Shahjahanpur APMC,68.26,Metric Tonnes,Other,2525.0,2525.0,2525.0,Rs./Quintal,FAQ
Shahjahanpur APMC,210.0,Metric Tonnes,Dara,2525.0,2530.0,2526.83,Rs./Quintal,FAQ
Shahpur APMC,0.573,Metric Tonnes,Other,2618.0,2618.0,2618.0,Rs./Quintal,FAQ
Shamli APMC,41.52,Metric Tonnes,Other,3150.0,3150.0,3150.0,Rs./Quintal,FAQ
Shohratgarh APMC,76.69,Metric Tonnes,Dara,2450.0,2600.0,2498.9,Rs./Quintal,FAQ
Shohratgarh APMC,30.0,Metric Tonnes,Medium,2650.0,2650.0,2650.0,Rs./Quintal,FAQ
Sidhauli APMC,21.2,Metric Tonnes,Dara,2410.0,2430.0,2415.61,Rs./Quintal,FAQ
Sikanderabad APMC,29.0,Metric Tonnes,Dara,2500.0,2710.0,2645.95,Rs./Quintal,FAQ
Sikandraraau APMC,29.156,Metric Tonnes,PBW-343,2500.0,2500.0,2500.0,Rs./Quintal,FAQ
Sikarpur APMC,6.924,Metric Tonnes,Dara,2600.0,2600.0,2600.0,Rs./Quintal,FAQ
Sirsaganj APMC,9.3,Metric Tonnes,Deshi,2650.0,2680.0,2667.31,Rs./Quintal,FAQ
Sitapur APMC,17.985,Metric Tonnes,Dara,2600.0,2600.0,2600.0,Rs./Quintal,FAQ
Sitapur APMC,48.0,Metric Tonnes,Medium,2480.0,2500.0,2485.83,Rs./Quintal,FAQ
Sitapur APMC,15.4,Metric Tonnes,Dara Mill Quality,2470.0,2470.0,2470.0,Rs./Quintal,FAQ
Siyana APMC,5.0,Metric Tonnes,Other,2550.0,2550.0,2550.0,Rs./Quintal,FAQ
Sultanpur APMC,3.4,Metric Tonnes,Kalawal,2453.0,2453.0,2453.0,Rs./Quintal,FAQ
Sultanpur APMC,13.5,Metric Tonnes,Deshi,2452.0,2453.0,2452.49,Rs./Quintal,FAQ
Sultanpur APMC,46.45,Metric Tonnes,Dara,2450.0,2450.0,2450.0,Rs./Quintal,FAQ
Tanda Akbarpur APMC,50.78,Metric Tonnes,Dara,2450.0,2450.0,2450.0,Rs./Quintal,FAQ
Tikonia APMC,188.25,Metric Tonnes,Dara,2400.0,2500.0,2445.52,Rs./Quintal,FAQ
Tilhar APMC,13.5,Metric Tonnes,Other,2600.0,2600.0,2600.0,Rs./Quintal,FAQ
Tulsipur APMC,26.5,Metric Tonnes,Medium,2500.0,2500.0,2500.0,Rs./Quintal,FAQ
Tundla APMC,2.4,Metric Tonnes,Deshi,2720.0,2750.0,2737.92,Rs./Quintal,FAQ
Tundla APMC,20.023,Metric Tonnes,Local,2730.0,2800.0,2776.71,Rs./Quintal,FAQ
Tundla APMC,15.48,Metric Tonnes,Medium,2720.0,2760.0,2739.35,Rs./Quintal,FAQ
Ujhani APMC,40.362,Metric Tonnes,Other,2600.0,2600.0,2600.0,Rs./Quintal,FAQ
Ujhani APMC,53.2,Metric Tonnes,Medium,2500.0,2500.0,2500.0,Rs./Quintal,FAQ
Unnao APMC,54.375,Metric Tonnes,Dara Mill Quality,2550.0,2550.0,2550.0,Rs./Quintal,FAQ
Unnao APMC,159.3,Metric Tonnes,Other,2585.0,2585.0,2585.0,Rs./Quintal,FAQ
Unnao APMC,69.44,Metric Tonnes,Dara,2560.0,2560.0,2560.0,Rs./Quintal,FAQ
Utraula APMC,27.0,Metric Tonnes,Dara,2650.0,2650.0,2650.0,Rs./Quintal,FAQ
Utraula APMC,57.6,Metric Tonnes,Other,2405.0,2405.0,2405.0,Rs./Quintal,FAQ
Utraula APMC,32.0,Metric Tonnes,Deshi,2405.0,2405.0,2405.0,Rs./Quintal,FAQ
Uttaripura APMC,9.25,Metric Tonnes,Other,2400.0,2400.0,2400.0,Rs./Quintal,FAQ
Viswan APMC,21.43,Metric Tonnes,Mill Quality,2400.0,2400.0,2400.0,Rs./Quintal,FAQ
Viswan APMC,36.9,Metric Tonnes,Dara,2500.0,2650.0,2566.12,Rs./Quintal,FAQ
Total,18302.54,Metric Tonnes,,,,2537.81,Rs./Quintal,
State/UT Name : Uttarakhand
Lakshar APMC,4.5,Metric Tonnes,Other,2585.0,2590.0,2590.0,Rs./Quintal,Local
Total,4.5,Metric Tonnes,,,,2590.0,Rs./Quintal,
State/UT Name : West Bengal
Asansol APMC,26.0,Metric Tonnes,Kalyan,2625.0,2800.0,2700.0,Rs./Quintal,FAQ
Beldanga APMC,2.0,Metric Tonnes,Other,2500.0,2700.0,2600.0,Rs./Quintal,FAQ
Bishnupur(Bankura) APMC,0.2,Metric Tonnes,Sonalika,2600.0,2750.0,2700.0,Rs./Quintal,FAQ
Durgapur APMC,4.8,Metric Tonnes,Kalyan,2600.0,2850.0,2765.0,Rs./Quintal,FAQ
Gajol APMC,50.0,Metric Tonnes,Other,2700.0,2900.0,2800.0,Rs./Quintal,FAQ
Jangipur APMC,14.25,Metric Tonnes,Deshi,2550.0,2650.0,2600.0,Rs./Quintal,FAQ
Jiaganj APMC,6.0,Metric Tonnes,Sonalika,2700.0,2800.0,2750.0,Rs./Quintal,FAQ
Kandi APMC,2.0,Metric Tonnes,Sonalika,2700.0,2800.0,2750.0,Rs./Quintal,FAQ
Karimpur APMC,8.7,Metric Tonnes,Local,2900.0,3000.0,3000.0,Rs./Quintal,Grade Range-1
Kasimbazar APMC,2.0,Metric Tonnes,Sonalika,2700.0,2800.0,2750.0,Rs./Quintal,FAQ
Khatra APMC,0.21000000000000002,Metric Tonnes,Sonalika,2600.0,2800.0,2700.0,Rs./Quintal,FAQ
Rampurhat APMC,14.0,Metric Tonnes,Other,2600.0,2650.0,2630.0,Rs./Quintal,FAQ
Total,130.16,Metric Tonnes,,,,2744.69,Rs./Quintal,
Grand Total,57182.1,Metric Tonnes,,,,2642.59,Rs./Quintal,
Commodity Group Name : Pulses
Bengal Gram Dal(Chana Dal)
State/UT Name : Karnataka
Bengaluru APMC,82.80000000000001,Metric Tonnes,Bengal Gram Dal,7000.0,8500.0,7750.0,Rs./Quintal,Medium
Davangere APMC,1.5,Metric Tonnes,Bengal Gram Dal,7000.0,7000.0,7000.0,Rs./Quintal,Local
Mysuru APMC,15.5,Metric Tonnes,Bengal Gram Dal,7500.0,8650.0,7500.0,Rs./Quintal,Local
Shimoga APMC,21.0,Metric Tonnes,Bengal Gram Dal,7600.0,7600.0,7600.0,Rs./Quintal,Local
Total,120.8,Metric Tonnes,,,,7682.53,Rs./Quintal,
State/UT Name : Maharashtra
APMC Mumbai ,94.9,Metric Tonnes,Other,7100.0,8500.0,7900.0,Rs./Quintal,Local
Total,94.9,Metric Tonnes,,,,7900.0,Rs./Quintal,
State/UT Name : Manipur
Bishenpur APMC,0.3,Metric Tonnes,Bengal Gram Dal,11500.0,12000.0,11750.0,Rs./Quintal,FAQ
Imphal APMC,2.2,Metric Tonnes,Bengal Gram Dal,11000.0,12000.0,11500.0,Rs./Quintal,FAQ
Kakching Market APMC,0.4,Metric Tonnes,Bengal Gram Dal,10500.0,11000.0,10750.0,Rs./Quintal,FAQ
Thoubal APMC,0.3,Metric Tonnes,Bengal Gram Dal,11500.0,12000.0,11750.0,Rs./Quintal,FAQ
Total,3.2,Metric Tonnes,,,,11453.13,Rs./Quintal,
State/UT Name : Uttar Pradesh
Azamgarh APMC,6.9,Metric Tonnes,Other,7777.0,7777.0,7777.0,Rs./Quintal,FAQ
DADRI APMC,10.274,Metric Tonnes,Other,7746.48,7746.48,7746.48,Rs./Quintal,FAQ
Gorakhpur APMC,15.0,Metric Tonnes,Other,7525.0,7525.0,7525.0,Rs./Quintal,FAQ
Jaunpur APMC,6.6,Metric Tonnes,Other,7828.0,7828.0,7828.0,Rs./Quintal,FAQ
Lakhimpur APMC,30.0,Metric Tonnes,Other,7164.0,7164.0,7164.0,Rs./Quintal,FAQ
Mahoba APMC,5.01,Metric Tonnes,Other,6500.0,6520.0,6508.02,Rs./Quintal,FAQ
Total,73.78,Metric Tonnes,,,,7390.68,Rs./Quintal,
Grand Total,292.68,Metric Tonnes,,,,7720.7,Rs./Quintal,
Red gram/Arhar/Tur(whole) (MSP: Rs. 8450.00/Quintal)
State/UT Name : Andhra Pradesh
Gooti APMC,0.1,Metric Tonnes,Local,5700.0,7540.0,6800.0,Rs./Quintal,Grade Range-1
Guntakal APMC,0.1,Metric Tonnes,Local,7000.0,8000.0,7500.0,Rs./Quintal,Local
Kanigiri APMC,0.1,Metric Tonnes,(Whole),8600.0,8800.0,8700.0,Rs./Quintal,Local
Macharla APMC,0.1,Metric Tonnes,Local,8200.0,8200.0,8200.0,Rs./Quintal,Grade Range-1
Narasaraopet APMC,0.1,Metric Tonnes,Local,8500.0,8500.0,8500.0,Rs./Quintal,FAQ
Podili APMC,0.1,Metric Tonnes,Arhar (Whole),8000.0,8200.0,8100.0,Rs./Quintal,FAQ
Tadipatri APMC,0.1,Metric Tonnes,Local,5700.0,5850.0,5800.0,Rs./Quintal,Grade Range-1
Total,0.7,Metric Tonnes,,,,7657.14,Rs./Quintal,
State/UT Name : Gujarat
APMC Bagasara,0.1,Metric Tonnes,777 New Ind,5300.0,6550.0,5925.0,Rs./Quintal,Local
Botad APMC,0.6000000000000001,Metric Tonnes,Other,7600.0,8075.0,7890.0,Rs./Quintal,Local
Dahod APMC,2.1,Metric Tonnes,Arhar (Whole),6000.0,6550.0,6475.0,Rs./Quintal,Non-FAQ
JASDAN APMC,0.5,Metric Tonnes,Arhar (Whole),5000.0,7050.0,6650.0,Rs./Quintal,FAQ
Palitana APMC,0.1,Metric Tonnes,Other,4675.0,7200.0,5935.0,Rs./Quintal,Local
Rajkot APMC,28.0,Metric Tonnes,Arhar (Whole),5900.0,8655.0,7750.0,Rs./Quintal,FAQ
The Agricultural Produce Market Committee-Amreli,0.4,Metric Tonnes,Other,6750.0,7750.0,7750.0,Rs./Quintal,FAQ
Visavadar APMC,1.1,Metric Tonnes,Other,6225.0,7705.0,6965.0,Rs./Quintal,FAQ
Total,32.9,Metric Tonnes,,,,7617.14,Rs./Quintal,
State/UT Name : Karnataka
Bidar APMC,37.0,Metric Tonnes,Arhar (Whole),5111.0,9000.0,8302.0,Rs./Quintal,Non-FAQ
Chincholi APMC,0.1,Metric Tonnes,Arhar (Whole),8000.0,8500.0,8200.0,Rs./Quintal,Non-FAQ
Chittapur APMC,3.4000000000000004,Metric Tonnes,Arhar Dal(Tur),7000.0,8200.0,7694.0,Rs./Quintal,Non-FAQ
Gadag APMC,0.1,Metric Tonnes,Arhar (Whole),3589.0,3589.0,3589.0,Rs./Quintal,FAQ
Kalaburagi APMC,80.0,Metric Tonnes,Arhar (Whole),7150.0,9400.0,8550.0,Rs./Quintal,Local
Kustagi APMC,19.0,Metric Tonnes,Red,7800.0,7800.0,7800.0,Rs./Quintal,FAQ
Laxmeshwar APMC,0.4,Metric Tonnes,Arhar (Whole),5068.0,6368.0,5945.0,Rs./Quintal,Non-FAQ
Lingasugur APMC,153.1,Metric Tonnes,Arhar (Whole),8200.0,8600.0,8400.0,Rs./Quintal,Non-FAQ
Raichur APMC,0.30000000000000004,Metric Tonnes,Red,7151.0,7151.0,7151.0,Rs./Quintal,Grade Range-1
Talikot APMC,0.8,Metric Tonnes,Arhar (Whole),8300.0,8300.0,8300.0,Rs./Quintal,FAQ
Vijayapura APMC,12.3,Metric Tonnes,Arhar (Whole),7965.0,8029.0,7997.0,Rs./Quintal,Local
Yadgir APMC,24.1,Metric Tonnes,Red,7171.0,8901.0,8320.0,Rs./Quintal,FAQ
sedam,141.20000000000002,Metric Tonnes,Arhar (Whole),8150.0,8651.0,8419.0,Rs./Quintal,Non-FAQ
Total,471.8,Metric Tonnes,,,,8375.48,Rs./Quintal,
State/UT Name : Keralam
Palakkad Market,1.0,Metric Tonnes,Arhar Dal(Tur),11500.0,13500.0,12600.0,Rs./Quintal,FAQ
Total,1.0,Metric Tonnes,,,,12600.0,Rs./Quintal,
State/UT Name : Madhya Pradesh
Alirajpur APMC,1.3,Metric Tonnes,Arhar Dal(Tur),5200.0,5200.0,5200.0,Rs./Quintal,FAQ
Bareli APMC,0.55,Metric Tonnes,Arhar Dal(Tur),6905.0,8300.0,8300.0,Rs./Quintal,FAQ
Bhikangaon APMC,15.471000000000002,Metric Tonnes,Arhar Dal(Tur),6610.0,7000.0,7000.0,Rs./Quintal,FAQ
Chhindwara APMC,0.8,Metric Tonnes,Arhar Dal(Tur),5701.0,7801.0,7801.0,Rs./Quintal,FAQ
Damoh APMC,25.964,Metric Tonnes,Arhar Dal(Tur),3800.0,8505.0,7795.0,Rs./Quintal,FAQ
Damoh APMC,1.25,Metric Tonnes,Arhar Dal(Tur),7150.0,7150.0,7150.0,Rs./Quintal,Non-FAQ
Dhamnod APMC,0.81,Metric Tonnes,Arhar Dal(Tur),6000.0,6000.0,6000.0,Rs./Quintal,FAQ
Gadarwada APMC,8.74,Metric Tonnes,Arhar Dal(Tur),6551.0,8100.0,7550.0,Rs./Quintal,FAQ
Hanumana APMC,12.5,Metric Tonnes,Arhar Dal(Tur),6000.0,6000.0,6000.0,Rs./Quintal,FAQ
Harda APMC,0.056999999999999995,Metric Tonnes,Arhar Dal(Tur),5601.0,5601.0,5601.0,Rs./Quintal,FAQ
Indore APMC,69.74600000000001,Metric Tonnes,Arhar Dal(Tur),6005.0,6625.0,6625.0,Rs./Quintal,FAQ
Itarsi APMC,0.05,Metric Tonnes,Arhar Dal(Tur),7112.0,7112.0,7112.0,Rs./Quintal,FAQ
Jabalpur APMC,59.952,Metric Tonnes,Arhar Dal(Tur),4005.0,8842.65,7005.0,Rs./Quintal,FAQ
Jaora APMC,30.310000000000002,Metric Tonnes,Arhar Dal(Tur),2500.0,6850.0,6850.0,Rs./Quintal,FAQ
Kannod APMC,7.71,Metric Tonnes,Arhar Dal(Tur),8420.0,8505.0,8505.0,Rs./Quintal,FAQ
Kareli APMC,17.930000000000003,Metric Tonnes,Arhar Dal(Tur),6800.0,8300.0,7360.0,Rs./Quintal,FAQ
Kareli APMC,3.0,Metric Tonnes,Tur/Arhar-Organic,7360.0,7360.0,7360.0,Rs./Quintal,FAQ
Katni APMC,474.60699999999997,Metric Tonnes,Arhar Dal(Tur),6200.0,9270.0,8500.0,Rs./Quintal,FAQ
Katni APMC,5.4670000000000005,Metric Tonnes,Arhar Dal(Tur),3000.0,6651.0,6651.0,Rs./Quintal,Non-FAQ
Paatan APMC,3.1,Metric Tonnes,Arhar Dal(Tur),5700.0,6000.0,6000.0,Rs./Quintal,Non-FAQ
Pipariya APMC,17.650000000000002,Metric Tonnes,Arhar Dal(Tur),3500.0,7950.0,7751.0,Rs./Quintal,FAQ
Sagar APMC,0.279,Metric Tonnes,Arhar Dal(Tur),6700.0,6700.0,6700.0,Rs./Quintal,FAQ
Sanawad APMC,0.126,Metric Tonnes,Arhar Dal(Tur),5705.0,5705.0,5705.0,Rs./Quintal,FAQ
Satna APMC,5.252000000000001,Metric Tonnes,Arhar Dal(Tur),5505.0,8150.0,8150.0,Rs./Quintal,FAQ
Silvani APMC,0.2,Metric Tonnes,Arhar Dal(Tur),7365.0,7365.0,7365.0,Rs./Quintal,FAQ
Tendukheda APMC,0.7000000000000001,Metric Tonnes,Arhar Dal(Tur),7200.0,7200.0,7200.0,Rs./Quintal,FAQ
Udaipura APMC,4.3,Metric Tonnes,Arhar Dal(Tur),4600.0,4600.0,4600.0,Rs./Quintal,FAQ
Ujjain APMC,0.053000000000000005,Metric Tonnes,Arhar Dal(Tur),4300.0,4300.0,4300.0,Rs./Quintal,FAQ
Vidisha APMC,0.118,Metric Tonnes,Arhar Dal(Tur),4510.0,6700.0,6700.0,Rs./Quintal,FAQ
Total,767.99,Metric Tonnes,,,,7931.87,Rs./Quintal,
State/UT Name : Maharashtra
APMC Baramati ,0.1,Metric Tonnes,Other,7701.0,7701.0,7701.0,Rs./Quintal,Non-FAQ
APMC Barshi ,1.2,Metric Tonnes,Other,8300.0,8300.0,8300.0,Rs./Quintal,FAQ
APMC Dudhani ,19.0,Metric Tonnes,Other,8050.0,9285.0,8766.0,Rs./Quintal,FAQ
APMC Dudhani ,1.7,Metric Tonnes,Other,6500.0,7820.0,7320.0,Rs./Quintal,Non-FAQ
APMC Manora ,3.0,Metric Tonnes,Other,8399.0,8591.0,8481.0,Rs./Quintal,FAQ
APMC Manora ,4.2,Metric Tonnes,Other,3900.0,6000.0,4950.0,Rs./Quintal,Non-FAQ
APMC Murum ,3.9,Metric Tonnes,Other,8000.0,8631.0,8446.0,Rs./Quintal,FAQ
APMC Nagpur ,24.9,Metric Tonnes,Other,8400.0,9000.0,8850.0,Rs./Quintal,FAQ
APMC Samudrapur ,0.3,Metric Tonnes,Other,7300.0,7300.0,7300.0,Rs./Quintal,Non-FAQ
"Ramdev Krushi Bazaar, Digras road, Manora, Dist Washim",0.34,Metric Tonnes,Other,8100.0,8300.0,8251.0,Rs./Quintal,Local
Total,58.64,Metric Tonnes,,,,8428.73,Rs./Quintal,
State/UT Name : Rajasthan
Laxmangarh - Barodamev  APMC,0.30000000000000004,Metric Tonnes,Other,5822.0,5822.0,5822.0,Rs./Quintal,Non-FAQ
Total,0.3,Metric Tonnes,,,,5822.0,Rs./Quintal,
State/UT Name : Telangana
Kesamudram APMC,0.1,Metric Tonnes,Local,7939.0,7939.0,7939.0,Rs./Quintal,Local
Suryapeta APMC,2.1,Metric Tonnes,Local,6044.0,8532.0,8419.0,Rs./Quintal,Local
Tanduru APMC,8.4,Metric Tonnes,(Whole),12942.0,18000.0,14850.0,Rs./Quintal,Grade Range-1
Tirumalagiri APMC,1.7000000000000002,Metric Tonnes,Local,5100.0,7890.0,6600.0,Rs./Quintal,FAQ
Vikarabad APMC,0.75,Metric Tonnes,(Whole),7600.0,7799.0,7600.0,Rs./Quintal,FAQ
Warangal APMC,0.58,Metric Tonnes,(Whole),7052.0,8002.0,7822.0,Rs./Quintal,FAQ
Zaheerabad APMC,0.30000000000000004,Metric Tonnes,Arhar (Whole),8516.0,8716.0,8612.0,Rs./Quintal,Local
Total,13.93,Metric Tonnes,,,,12006.76,Rs./Quintal,
State/UT Name : Uttar Pradesh
Auraiya APMC,3.42,Metric Tonnes,Other,7300.0,7300.0,7300.0,Rs./Quintal,FAQ
Robertsganj APMC,12.03,Metric Tonnes,Other,6200.0,6200.0,6200.0,Rs./Quintal,FAQ
Total,15.45,Metric Tonnes,,,,6443.5,Rs./Quintal,
Grand Total,1362.71,Metric Tonnes,,,,8126.84,Rs./Quintal,
Commodity Group Name : Vegetables
Cabbage
State/UT Name : Andhra Pradesh
Palamaner APMC,6.0,Metric Tonnes,Cabbage,600.0,1000.0,800.0,Rs./Quintal,FAQ
Total,6.0,Metric Tonnes,,,,800.0,Rs./Quintal,
State/UT Name : Assam
Balugaon APMC,2.5,Metric Tonnes,Cabbage,1600.0,2000.0,1800.0,Rs./Quintal,Local
Besimari APMC,2.4000000000000004,Metric Tonnes,Cabbage,1600.0,2000.0,1800.0,Rs./Quintal,Local
Dhekiajuli APMC,1.4000000000000001,Metric Tonnes,Cabbage,2600.0,2700.0,2700.0,Rs./Quintal,FAQ
Fatakbazar APMC,4.5,Metric Tonnes,Cabbage,2000.0,2400.0,2200.0,Rs./Quintal,FAQ
Pamohi(Garchuk) APMC,15.0,Metric Tonnes,Cabbage,2000.0,3000.0,2500.0,Rs./Quintal,FAQ
Santar Bazaar APMC,7.0,Metric Tonnes,Cabbage,1800.0,2000.0,1900.0,Rs./Quintal,FAQ
Tinsukia Market,3.0,Metric Tonnes,Cabbage,2500.0,3500.0,3000.0,Rs./Quintal,FAQ
Total,35.8,Metric Tonnes,,,,2298.88,Rs./Quintal,
State/UT Name : Bihar
Bhagwanpur Mandi APMC,6.0,Metric Tonnes,Cabbage,2200.0,2200.0,2200.0,Rs./Quintal,Grade B
Khagaria APMC,4.0,Metric Tonnes,Cabbage,2199.99978,2416.666425,2266.66644,Rs./Quintal,Grade A
Total,10.0,Metric Tonnes,,,,2226.67,Rs./Quintal,
State/UT Name : Chandigarh
Chandigarh (Grain/F&V) APMC,28.53,Metric Tonnes,Cabbage,500.0,1000.0,800.0,Rs./Quintal,FAQ
Total,28.53,Metric Tonnes,,,,800.0,Rs./Quintal,
State/UT Name : Chattisgarh
Durg APMC,33.4,Metric Tonnes,Cabbage,1200.0,1300.0,1300.0,Rs./Quintal,Medium
Rajnandgaon APMC,30.4,Metric Tonnes,Cabbage,1000.0,1200.0,1100.0,Rs./Quintal,Grade B
Tiphra APMC,11.0,Metric Tonnes,Cabbage,1600.0,1800.0,1700.0,Rs./Quintal,Grade B
Total,74.8,Metric Tonnes,,,,1277.54,Rs./Quintal,
State/UT Name : Gujarat
Ahmedabad APMC,174.8,Metric Tonnes,Other,700.0,1500.0,850.0,Rs./Quintal,FAQ
"Anand(Veg,Yard,Anand) APMC",13.8,Metric Tonnes,Cabbage,1000.0,1250.0,1125.0,Rs./Quintal,Grade B
Ankleshwar APMC,2.0,Metric Tonnes,Cabbage,600.0,1400.0,800.0,Rs./Quintal,Grade A
Bharuch APMC,12.2,Metric Tonnes,Other,800.0,1250.0,1000.0,Rs./Quintal,Local
Bilimora APMC,6.800000000000001,Metric Tonnes,Other,1000.0,1500.0,1200.0,Rs./Quintal,FAQ
Dahod(Veg. Market) APMC,2.2,Metric Tonnes,Cabbage,800.0,1500.0,1400.0,Rs./Quintal,Local
Damnagar APMC,0.04,Metric Tonnes,Cabbage,2500.0,2500.0,2500.0,Rs./Quintal,Local
Deesa(Deesa Veg Yard) APMC,28.8,Metric Tonnes,Other,1000.0,2000.0,1500.0,Rs./Quintal,FAQ
Gondal(Veg.market Gondal) APMC,2.72,Metric Tonnes,Cabbage,500.0,2000.0,1250.0,Rs./Quintal,Local
Himatnagar(Veg.Market Himatnagar) APMC,2.2,Metric Tonnes,Cabbage,1500.0,2000.0,2000.0,Rs./Quintal,Local
Kapadvanj APMC,5.0,Metric Tonnes,Cabbage,1200.0,1300.0,1250.0,Rs./Quintal,Medium
Khambhat(Veg Yard Khambhat) APMC,0.30000000000000004,Metric Tonnes,Other,1500.0,2500.0,2000.0,Rs./Quintal,Local
Mansa(Manas Veg Yard) APMC,1.0,Metric Tonnes,Other,1500.0,1500.0,1500.0,Rs./Quintal,Local
Mehsana(Mehsana Veg) APMC,11.700000000000001,Metric Tonnes,Cabbage,1000.0,3000.0,2000.0,Rs./Quintal,Local
Nadiyad(Piplag) APMC,11.0,Metric Tonnes,Cabbage,1100.0,1500.0,1300.0,Rs./Quintal,FAQ
Navsari APMC,6.08,Metric Tonnes,Cabbage,1000.0,2000.0,1500.0,Rs./Quintal,Local
Padra APMC,2.6,Metric Tonnes,Other,1500.0,2000.0,1750.0,Rs./Quintal,FAQ
Porbandar APMC,1.4000000000000001,Metric Tonnes,Cabbage,2000.0,2500.0,2250.0,Rs./Quintal,Local
Surat APMC,138.0,Metric Tonnes,Cabbage,600.0,2500.0,1550.0,Rs./Quintal,FAQ
Talalagir APMC,5.4,Metric Tonnes,Cabbage,270.0,480.0,350.0,Rs./Quintal,FAQ
Vadhvan APMC,2.6,Metric Tonnes,Cabbage,1000.0,2000.0,1500.0,Rs./Quintal,Medium
Vadodara(Sayajipura) APMC,9.990000000000002,Metric Tonnes,Other,1000.0,1500.0,1300.0,Rs./Quintal,FAQ
Total,440.63,Metric Tonnes,,,,1215.97,Rs./Quintal,
State/UT Name : Haryana
Bahadurgarh APMC,0.30000000000000004,Metric Tonnes,Other,1700.0,1800.0,1750.0,Rs./Quintal,Medium
Barwala(Hisar) APMC,0.1,Metric Tonnes,Cabbage,2000.0,2500.0,2250.0,Rs./Quintal,Local
Faridabad APMC,5.0,Metric Tonnes,Cabbage,2200.0,2200.0,2200.0,Rs./Quintal,Local
Ganaur APMC,0.4,Metric Tonnes,Cabbage,2500.0,3000.0,2800.0,Rs./Quintal,Medium
Hansi APMC,3.2,Metric Tonnes,Other,2500.0,3000.0,2750.0,Rs./Quintal,FAQ
Jagadhri APMC,0.18000000000000002,Metric Tonnes,Cabbage,1300.0,1500.0,1400.0,Rs./Quintal,Medium
Kosli APMC,0.1,Metric Tonnes,Other,2000.0,2000.0,2000.0,Rs./Quintal,FAQ
Ladwa APMC,0.2,Metric Tonnes,Cabbage,3500.0,4000.0,4000.0,Rs./Quintal,Medium
Mohindergarh APMC,0.6000000000000001,Metric Tonnes,Cabbage,1200.0,2000.0,1600.0,Rs./Quintal,Medium
Naraingarh APMC,0.5700000000000001,Metric Tonnes,Cabbage,700.0,2000.0,1200.0,Rs./Quintal,Medium
Narnaul APMC,1.1,Metric Tonnes,Cabbage,2000.0,2800.0,2500.0,Rs./Quintal,Medium
Panipat APMC,3.8000000000000003,Metric Tonnes,Other,1000.0,2000.0,1500.0,Rs./Quintal,Local
Pundri APMC,0.1,Metric Tonnes,Other,1900.0,2100.0,2000.0,Rs./Quintal,FAQ
Radaur APMC,0.30000000000000004,Metric Tonnes,Other,1400.0,1600.0,1500.0,Rs./Quintal,Medium
Shahabad APMC,0.4,Metric Tonnes,Cabbage,1600.0,2200.0,2000.0,Rs./Quintal,Medium
Shahzadpur APMC,0.1,Metric Tonnes,Cabbage,2000.0,2000.0,2000.0,Rs./Quintal,FAQ
Sirsa APMC,1.3,Metric Tonnes,Other,1800.0,2600.0,2400.0,Rs./Quintal,FAQ
Siwan APMC,0.2,Metric Tonnes,Other,1900.0,2100.0,2000.0,Rs./Quintal,FAQ
Sohna APMC,1.1,Metric Tonnes,Cabbage,1800.0,2500.0,2000.0,Rs./Quintal,Local
Thanesar APMC,1.5,Metric Tonnes,Cabbage,2000.0,3000.0,2500.0,Rs./Quintal,Local
Total,20.55,Metric Tonnes,,,,2147.74,Rs./Quintal,
State/UT Name : Himachal Pradesh
PMY Dhalli Shimla,2.8000000000000003,Metric Tonnes,Cabbage,2000.0,2600.0,2000.0,Rs./Quintal,Grade A
PMY Hamirpur,0.79,Metric Tonnes,Cabbage,3000.0,3000.0,3000.0,Rs./Quintal,Grade B
PMY Kangni Mandi,0.26,Metric Tonnes,Cabbage,1500.0,2200.0,1800.0,Rs./Quintal,FAQ
PMY Kangra,0.8,Metric Tonnes,Cabbage,2200.0,2500.0,2350.0,Rs./Quintal,FAQ
PMY Kather Solan,2.745,Metric Tonnes,Cabbage,2000.0,2500.0,2200.0,Rs./Quintal,Medium
PMY Kullu,1.0,Metric Tonnes,Other,1800.0,2200.0,2000.0,Rs./Quintal,FAQ
PMY Paonta Sahib,0.30000000000000004,Metric Tonnes,Other,3000.0,3200.0,3100.0,Rs./Quintal,FAQ
PMY Una,1.08,Metric Tonnes,Cabbage,2500.0,2800.0,2600.0,Rs./Quintal,Local
SMY Baijnath,0.4,Metric Tonnes,Cabbage,2400.0,2600.0,2500.0,Rs./Quintal,Grade A
SMY Bandrol,0.4,Metric Tonnes,Other,800.0,1200.0,1000.0,Rs./Quintal,FAQ
SMY Bhuntar,1.0,Metric Tonnes,Other,2000.0,2500.0,2200.0,Rs./Quintal,FAQ
SMY Chail Chowk,0.2,Metric Tonnes,Cabbage,1200.0,1400.0,1300.0,Rs./Quintal,Local
SMY Dhanotu,0.4,Metric Tonnes,Cabbage,1500.0,1800.0,1650.0,Rs./Quintal,FAQ
SMY Dharamshala,0.35000000000000003,Metric Tonnes,Cabbage,2800.0,3000.0,2900.0,Rs./Quintal,FAQ
SMY Jaisinghpur,0.1,Metric Tonnes,Cabbage,2800.0,3200.0,3000.0,Rs./Quintal,FAQ
SMY Jogindernagar,0.15000000000000002,Metric Tonnes,Cabbage,2200.0,2500.0,2350.0,Rs./Quintal,Grade B
SMY Nagrota Bagwan,0.2,Metric Tonnes,Cabbage,2200.0,2500.0,2400.0,Rs./Quintal,FAQ
SMY Nahan,0.35000000000000003,Metric Tonnes,Cabbage,2000.0,2500.0,2200.0,Rs./Quintal,FAQ
SMY Nalagarh,0.25,Metric Tonnes,Other,2000.0,2500.0,2300.0,Rs./Quintal,Medium
SMY Palampur,1.5,Metric Tonnes,Cabbage,2500.0,3000.0,2800.0,Rs./Quintal,FAQ
SMY Rohroo,0.2,Metric Tonnes,Other,2200.0,2400.0,2300.0,Rs./Quintal,Grade B
SMY Santoshgarh,0.15000000000000002,Metric Tonnes,Cabbage,2200.0,2200.0,2200.0,Rs./Quintal,FAQ
SMY Takoli,0.7000000000000001,Metric Tonnes,Other,1000.0,1600.0,1300.0,Rs./Quintal,Medium
Total,16.12,Metric Tonnes,,,,2233.02,Rs./Quintal,
State/UT Name : Jammu and Kashmir
Kathua (F&V),2.0,Metric Tonnes,Cabbage,2500.0,3000.0,2750.0,Rs./Quintal,FAQ
MAC F&V Market Narwal Jammu,9.0,Metric Tonnes,Cabbage,2000.0,2500.0,2250.0,Rs./Quintal,FAQ
Parimpore Srinagar (F&V),9.0,Metric Tonnes,Other,1700.0,1800.0,1750.0,Rs./Quintal,Grade A
Total,20.0,Metric Tonnes,,,,2075.0,Rs./Quintal,
State/UT Name : Karnataka
Bagepalli APMC,2.9000000000000004,Metric Tonnes,Cabbage,800.0,1000.0,900.0,Rs./Quintal,Small
Bangarpet APMC,0.5,Metric Tonnes,Cabbage,600.0,800.0,700.0,Rs./Quintal,Local
Belgaum APMC,2.5,Metric Tonnes,Cabbage,2500.0,3000.0,2200.0,Rs./Quintal,Large
Binny Mill (FF&V) Bengaluru APMC,27.900000000000002,Metric Tonnes,Cabbage,1600.0,1800.0,1700.0,Rs./Quintal,Local
Chamarajanagar APMC,1.0,Metric Tonnes,Cabbage,900.0,1200.0,1050.0,Rs./Quintal,Local
Chikkamagaluru APMC,4.5,Metric Tonnes,Cabbage,1900.0,1900.0,1900.0,Rs./Quintal,Local
Davangere APMC,1.5,Metric Tonnes,Cabbage,800.0,2300.0,1400.0,Rs./Quintal,Local
Doddaballapur APMC,0.5,Metric Tonnes,Cabbage,1000.0,1500.0,1200.0,Rs./Quintal,Medium
Hassan APMC,4.5,Metric Tonnes,Cabbage,2600.0,2600.0,2600.0,Rs./Quintal,Local
Honnali APMC,2.5,Metric Tonnes,Cabbage,500.0,600.0,550.0,Rs./Quintal,Medium
Hoskote APMC,20.0,Metric Tonnes,Cabbage,2300.0,2800.0,2550.0,Rs./Quintal,Large
Kolar APMC,10.0,Metric Tonnes,Cabbage,600.0,800.0,700.0,Rs./Quintal,Local
Mysuru APMC,6.4,Metric Tonnes,Cabbage,700.0,800.0,800.0,Rs./Quintal,Medium
Ramanagara APMC,1.6,Metric Tonnes,Cabbage,1000.0,1600.0,1200.0,Rs./Quintal,Local
Shimoga APMC,2.5,Metric Tonnes,Cabbage,500.0,600.0,550.0,Rs./Quintal,Local
Total,88.8,Metric Tonnes,,,,1663.06,Rs./Quintal,
State/UT Name : Keralam
Adimali Market,0.05,Metric Tonnes,Cabbage,4000.0,5000.0,4500.0,Rs./Quintal,Medium
Anchal Market,0.53,Metric Tonnes,Cabbage,6800.0,6800.0,6800.0,Rs./Quintal,Medium
Angamaly Market,1.0,Metric Tonnes,Cabbage,3800.0,5800.0,4800.0,Rs./Quintal,FAQ
Aralamoodu Market,1.0,Metric Tonnes,Cabbage,3500.0,4500.0,4500.0,Rs./Quintal,FAQ
Aroor Market,0.2,Metric Tonnes,Other,4000.0,4200.0,4100.0,Rs./Quintal,FAQ
Athirampuzha Market,0.5,Metric Tonnes,Cabbage,2800.0,3000.0,2900.0,Rs./Quintal,FAQ
Attingal Market,850.0,Metric Tonnes,Other,3800.0,4200.0,4000.0,Rs./Quintal,Local
Balarampuram Market,0.4,Metric Tonnes,Cabbage,4000.0,4500.0,4000.0,Rs./Quintal,FAQ
Chalakudy Market,0.02,Metric Tonnes,Cabbage,4000.0,4500.0,4500.0,Rs./Quintal,FAQ
Chavakkad Market,0.15,Metric Tonnes,Cabbage,2800.0,3600.0,3600.0,Rs./Quintal,FAQ
Chelakkara Market,0.2,Metric Tonnes,Cabbage,3000.0,3500.0,3200.0,Rs./Quintal,FAQ
Cherthala Market,0.3,Metric Tonnes,Cabbage,4000.0,4200.0,4100.0,Rs./Quintal,FAQ
Ettumanoor Market,1.0,Metric Tonnes,Cabbage,2600.0,2900.0,2700.0,Rs./Quintal,FAQ
Harippad Market,0.7,Metric Tonnes,Cabbage,5000.0,5500.0,5000.0,Rs./Quintal,FAQ
Kallachi Market,0.1,Metric Tonnes,Cabbage,2300.0,2700.0,2500.0,Rs./Quintal,FAQ
Kanjangadu Market,0.5,Metric Tonnes,Cabbage,3300.0,3900.0,3500.0,Rs./Quintal,FAQ
Kanjirappally Market,0.5,Metric Tonnes,Cabbage,3500.0,4000.0,3800.0,Rs./Quintal,FAQ
Kayamkulam Market,1.0,Metric Tonnes,Other,2700.0,2900.0,2800.0,Rs./Quintal,FAQ
Kodungalloor Market,6.0,Metric Tonnes,Cabbage,2000.0,2000.0,2000.0,Rs./Quintal,Grade A
Koduvayoor Market,0.9,Metric Tonnes,Cabbage,1300.0,1700.0,1500.0,Rs./Quintal,Medium
Kollengode Market,0.9,Metric Tonnes,Cabbage,2000.0,2400.0,2200.0,Rs./Quintal,FAQ
Kondotty Market,0.25,Metric Tonnes,Other,1900.0,2200.0,2000.0,Rs./Quintal,FAQ
Kothamangalam Market,1.0,Metric Tonnes,Cabbage,3000.0,5000.0,4000.0,Rs./Quintal,FAQ
Kottakkal Market,3.0,Metric Tonnes,Other,1600.0,1800.0,1700.0,Rs./Quintal,Local
Kottayam Market,0.5,Metric Tonnes,Cabbage,3600.0,4000.0,3800.0,Rs./Quintal,FAQ
Manjeri Market,6.0,Metric Tonnes,Other,1950.0,2050.0,2000.0,Rs./Quintal,Local
Manjeswaram Market,6.0,Metric Tonnes,Cabbage,2000.0,3000.0,2500.0,Rs./Quintal,FAQ
Mannar Market,0.5,Metric Tonnes,Other,3000.0,3200.0,3100.0,Rs./Quintal,FAQ
Mukkom Market,0.4,Metric Tonnes,Cabbage,2800.0,3200.0,3000.0,Rs./Quintal,FAQ
Munnar Market,0.8,Metric Tonnes,Other,4500.0,4500.0,4500.0,Rs./Quintal,Medium
Neyyatinkara Market,0.01,Metric Tonnes,Other,3400.0,4000.0,3700.0,Rs./Quintal,FAQ
North Paravur Market,1.0,Metric Tonnes,Cabbage,2000.0,3000.0,2500.0,Rs./Quintal,FAQ
Pala Market,1.0,Metric Tonnes,Cabbage,3600.0,4400.0,4000.0,Rs./Quintal,FAQ
Palakkad Market,2.0,Metric Tonnes,Cabbage,1500.0,2500.0,2100.0,Rs./Quintal,FAQ
Pattambi Market,0.5,Metric Tonnes,Cabbage,2500.0,3000.0,2800.0,Rs./Quintal,FAQ
Perambra Market,0.24,Metric Tonnes,Other,2500.0,3000.0,2700.0,Rs./Quintal,FAQ
Perinthalmanna Market,4.0,Metric Tonnes,Cabbage,1500.0,2200.0,2000.0,Rs./Quintal,Large
Perumbavoor Market,3.0,Metric Tonnes,Cabbage,3000.0,4000.0,3500.0,Rs./Quintal,Medium
Piravam Market,5.0,Metric Tonnes,Cabbage,5000.0,6000.0,5500.0,Rs./Quintal,Local
Pothencode Market,600.0,Metric Tonnes,Cabbage,4500.0,4600.0,4500.0,Rs./Quintal,Local
Quilandy Market,0.32,Metric Tonnes,Other,3200.0,3500.0,3300.0,Rs./Quintal,FAQ
Thalayolaparambu Market,0.5,Metric Tonnes,Cabbage,2400.0,2700.0,2500.0,Rs./Quintal,FAQ
Thirurrangadi Market,6.0,Metric Tonnes,Other,2500.0,2600.0,2600.0,Rs./Quintal,FAQ
Thodupuzha Market,0.2,Metric Tonnes,Other,3600.0,3800.0,3800.0,Rs./Quintal,Large
Thrippunithura Market,1.0,Metric Tonnes,Cabbage,5000.0,6000.0,5200.0,Rs./Quintal,Medium
Thrissur Market,6.0,Metric Tonnes,Cabbage,4000.0,4000.0,4000.0,Rs./Quintal,FAQ
Vadakkenchery Market,0.22,Metric Tonnes,Cabbage,3500.0,4000.0,4000.0,Rs./Quintal,FAQ
Vamanapuram Market,0.13,Metric Tonnes,Cabbage,3000.0,3500.0,3500.0,Rs./Quintal,FAQ
Vandiperiyar Market,0.03,Metric Tonnes,Other,4000.0,4000.0,4000.0,Rs./Quintal,Grade Range-1
Wadakkanchery Market,0.2,Metric Tonnes,Cabbage,3500.0,4000.0,3700.0,Rs./Quintal,FAQ
Total,1515.75,Metric Tonnes,,,,4157.3,Rs./Quintal,
State/UT Name : Madhya Pradesh
Badwaha (F&V) APMC,0.30000000000000004,Metric Tonnes,Cabbage,1500.0,2400.0,1800.0,Rs./Quintal,Grade A
Bareli(F&V) APMC,0.69,Metric Tonnes,Cabbage,1200.0,1200.0,1200.0,Rs./Quintal,Grade A
Betul(F&V) APMC,1.5,Metric Tonnes,Cabbage,1000.0,1500.0,1200.0,Rs./Quintal,FAQ
Bhopal(F&V) APMC,30.0,Metric Tonnes,Other,700.0,1500.0,1000.0,Rs./Quintal,Local
Burhanpur(F&V) APMC,2.0,Metric Tonnes,Cabbage,1000.0,1500.0,1200.0,Rs./Quintal,Local
Dewas(F&V) APMC,1.6,Metric Tonnes,Other,600.0,1500.0,700.0,Rs./Quintal,FAQ
Dhamnod(F&V) APMC,3.0,Metric Tonnes,Cabbage,1000.0,1200.0,1100.0,Rs./Quintal,Local
Gadarwada (F&V) APMC,0.1,Metric Tonnes,Cabbage,2000.0,2000.0,2000.0,Rs./Quintal,Grade B
Guna(F&V) APMC,1.0,Metric Tonnes,Cabbage,1500.0,1700.0,1600.0,Rs./Quintal,Grade B
Haatpipliya (F&V) APMC,0.045000000000000005,Metric Tonnes,Cabbage,1000.0,2500.0,2200.0,Rs./Quintal,Local
Harda(F&V) APMC,1.1,Metric Tonnes,Other,1000.0,1500.0,1200.0,Rs./Quintal,Medium
Indore(F&V) APMC,75.0,Metric Tonnes,Cabbage,400.0,800.0,600.0,Rs./Quintal,Local
Itarsi(F&V) APMC,0.3,Metric Tonnes,Cabbage,1500.0,1500.0,1500.0,Rs./Quintal,FAQ
Kailaras APMC,0.47000000000000003,Metric Tonnes,Cabbage,1000.0,2000.0,2000.0,Rs./Quintal,FAQ
Katni(F&V) APMC,0.1,Metric Tonnes,Other,1200.0,1200.0,1200.0,Rs./Quintal,Grade C
Khandwa(F&V) APMC,1.5,Metric Tonnes,Cabbage,300.0,600.0,500.0,Rs./Quintal,FAQ
Kukshi(F&V) APMC,1.5,Metric Tonnes,Cabbage,500.0,1000.0,700.0,Rs./Quintal,Grade A
Lashkar(F&V) APMC,22.0,Metric Tonnes,Cabbage,1000.0,1400.0,1200.0,Rs./Quintal,Grade B
Manawar(F&V) APMC,0.4,Metric Tonnes,Cabbage,1100.0,1500.0,1200.0,Rs./Quintal,Grade B
Mandsaur(F&V) APMC,2.2,Metric Tonnes,Cabbage,750.0,1975.0,1400.0,Rs./Quintal,Grade B
Narmadapuram (F&V) APMC,0.7,Metric Tonnes,Cabbage,890.0,1530.0,1020.0,Rs./Quintal,FAQ
Petlawad(F&V) APMC,1.0,Metric Tonnes,Cabbage,800.0,1300.0,960.0,Rs./Quintal,Grade A
Pipariya(F&V) APMC,1.6,Metric Tonnes,Cabbage,700.0,2100.0,1500.0,Rs./Quintal,Local
Ratlam(F&V) APMC,1.4000000000000001,Metric Tonnes,Other,1300.0,2200.0,2000.0,Rs./Quintal,FAQ
Rewa(F&V) APMC,5.0,Metric Tonnes,Cabbage,1000.0,1100.0,1100.0,Rs./Quintal,Medium
Sarangpur(F&V) APMC,1.3,Metric Tonnes,Cabbage,1000.0,1000.0,1000.0,Rs./Quintal,Grade B
Sehore(F&V) APMC,2.0,Metric Tonnes,Cabbage,1000.0,1500.0,1200.0,Rs./Quintal,Grade Range-1
Sendhwa(F&V) APMC,0.8,Metric Tonnes,Cabbage,800.0,1100.0,900.0,Rs./Quintal,Medium
Thandla APMC,0.48,Metric Tonnes,Cabbage,1000.0,1200.0,1100.0,Rs./Quintal,FAQ
Ujjain(F&V) APMC,0.45,Metric Tonnes,Cabbage,450.0,2000.0,1258.0,Rs./Quintal,Medium
Total,159.53,Metric Tonnes,,,,873.57,Rs./Quintal,
State/UT Name : Maharashtra
APMC Akluj ,2.0,Metric Tonnes,Other,500.0,1100.0,800.0,Rs./Quintal,Local
APMC Bhusaval ,0.8,Metric Tonnes,Other,1000.0,1500.0,1200.0,Rs./Quintal,Local
APMC Chattrapati Sambhajinagar ,14.7,Metric Tonnes,Other,500.0,1000.0,750.0,Rs./Quintal,Local
APMC Dharashiv ,1.0,Metric Tonnes,Other,600.0,1300.0,950.0,Rs./Quintal,Local
APMC Hingna,0.2,Metric Tonnes,Other,1500.0,2000.0,1750.0,Rs./Quintal,Local
APMC Islampur ,3.3,Metric Tonnes,Other,500.0,1000.0,800.0,Rs./Quintal,Local
APMC Jalgaon ,4.5,Metric Tonnes,Other,500.0,1000.0,700.0,Rs./Quintal,Local
APMC Kalmeshwar ,0.2,Metric Tonnes,Other,1010.0,1500.0,1330.0,Rs./Quintal,Local
APMC Kamthi ,0.3,Metric Tonnes,Other,2000.0,2500.0,2250.0,Rs./Quintal,Local
APMC Karad ,3.0,Metric Tonnes,Other,500.0,1000.0,1000.0,Rs./Quintal,Local
APMC Khed ,4.5,Metric Tonnes,Other,600.0,1000.0,800.0,Rs./Quintal,Local
APMC Kolhapur ,9.3,Metric Tonnes,Other,600.0,900.0,750.0,Rs./Quintal,Local
APMC Manchar ,47.3,Metric Tonnes,Other,300.0,900.0,625.0,Rs./Quintal,Local
APMC Mumbai ,128.7,Metric Tonnes,Other,800.0,1000.0,900.0,Rs./Quintal,Local
APMC Nagpur ,50.0,Metric Tonnes,Other,1000.0,1200.0,1150.0,Rs./Quintal,Local
APMC Nasik ,112.7,Metric Tonnes,Other,335.0,835.0,583.0,Rs./Quintal,Local
APMC Navapur ,2.5,Metric Tonnes,Other,700.0,1000.0,808.0,Rs./Quintal,Local
APMC Pune ,58.4,Metric Tonnes,Other,800.0,1200.0,1000.0,Rs./Quintal,Local
APMC Rahata ,3.3,Metric Tonnes,Other,500.0,1250.0,800.0,Rs./Quintal,Local
APMC Rahuri ,4.4,Metric Tonnes,Other,800.0,1800.0,1300.0,Rs./Quintal,Local
APMC Ratnagiri (Nachane) ,1.8,Metric Tonnes,Other,1000.0,1400.0,1200.0,Rs./Quintal,Local
APMC Satara ,2.0,Metric Tonnes,Other,800.0,1000.0,900.0,Rs./Quintal,Local
APMC Shrirampur ,3.0,Metric Tonnes,Other,500.0,700.0,600.0,Rs./Quintal,Local
APMC Solapur ,9.6,Metric Tonnes,Other,700.0,1000.0,800.0,Rs./Quintal,Local
APMC Vai ,1.5,Metric Tonnes,Other,800.0,1200.0,1000.0,Rs./Quintal,Local
Junnar(Narayangaon) ,31.2,Metric Tonnes,Other,200.0,800.0,500.0,Rs./Quintal,Local
Pune(Khadiki) ,0.9,Metric Tonnes,Other,700.0,1300.0,1000.0,Rs./Quintal,Local
Pune(Manjri) ,11.6,Metric Tonnes,Other,600.0,1200.0,900.0,Rs./Quintal,Local
Pune(Moshi) ,32.1,Metric Tonnes,Other,700.0,1000.0,850.0,Rs./Quintal,Local
Pune(Pimpri) ,1.3,Metric Tonnes,Other,1000.0,1300.0,1150.0,Rs./Quintal,Local
Total,546.1,Metric Tonnes,,,,811.62,Rs./Quintal,
State/UT Name : Manipur
Imphal APMC,0.6,Metric Tonnes,Other,4000.0,5000.0,4500.0,Rs./Quintal,Medium
Total,0.6,Metric Tonnes,,,,4500.0,Rs./Quintal,
State/UT Name : Meghalaya
Jowai APMC,1.0,Metric Tonnes,MH-139,2500.0,4000.0,3250.0,Rs./Quintal,Local
Shillong APMC,4.0,Metric Tonnes,MH-139,2200.0,2400.0,2300.0,Rs./Quintal,FAQ
Sohra APMC,0.6,Metric Tonnes,Cabbage,1000.0,3000.0,2000.0,Rs./Quintal,Medium
Total,5.6,Metric Tonnes,,,,2437.5,Rs./Quintal,
State/UT Name : NCT of Delhi
APMC Azadpur,158.6,Metric Tonnes,Cabbage,1200.0,2000.0,1550.0,Rs./Quintal,FAQ
APMC Keshopur,30.8,Metric Tonnes,Cabbage,1300.0,2400.0,1950.0,Rs./Quintal,FAQ
"Fruit&Vegetable Market,Gazipur APMC",156.75,Metric Tonnes,Cabbage,1400.0,1800.0,1600.0,Rs./Quintal,FAQ
Total,346.15,Metric Tonnes,,,,1608.23,Rs./Quintal,
State/UT Name : Odisha
Attabira APMC,0.68,Metric Tonnes,Cabbage,1450.0,1750.0,1600.0,Rs./Quintal,Local
Bargarh APMC,244.0,Metric Tonnes,Cabbage,2000.0,3000.0,2500.0,Rs./Quintal,Local
Bargarh(Barapalli) APMC,155.0,Metric Tonnes,Cabbage,1500.0,2500.0,2000.0,Rs./Quintal,Local
Baripada APMC,2.0,Metric Tonnes,Cabbage,3500.0,4000.0,3800.0,Rs./Quintal,Medium
Bhawanipatna APMC,1.375,Metric Tonnes,Cabbage,2600.0,2600.0,2600.0,Rs./Quintal,Local
Bolangir APMC,2.7,Metric Tonnes,Other,2200.0,2600.0,2400.0,Rs./Quintal,Large
Boudh APMC,1.0,Metric Tonnes,Other,3500.0,4500.0,4000.0,Rs./Quintal,Local
Champua APMC,0.2,Metric Tonnes,Other,6000.0,6000.0,6000.0,Rs./Quintal,Local
Champua(Jhumpura) APMC,0.02,Metric Tonnes,Other,6000.0,6000.0,6000.0,Rs./Quintal,Local
Deogarh APMC,10.0,Metric Tonnes,Cabbage,5800.0,6200.0,6000.0,Rs./Quintal,FAQ
Dhenkanal APMC,0.1,Metric Tonnes,Cabbage,3800.0,4100.0,4000.0,Rs./Quintal,Grade B
Dungurapalli APMC,0.19,Metric Tonnes,Cabbage,5500.0,5800.0,5600.0,Rs./Quintal,Local
Gunpur APMC,4.0,Metric Tonnes,Cabbage,6840.0,7900.0,7440.0,Rs./Quintal,Local
Hinjilicut APMC,4.2299999999999995,Metric Tonnes,Other,1700.0,1800.0,1800.0,Rs./Quintal,FAQ
Kamakhyanagar APMC,0.2,Metric Tonnes,Cabbage,4000.0,4000.0,4000.0,Rs./Quintal,Grade A
Kantabaji APMC,4.95,Metric Tonnes,Cabbage,2000.0,3000.0,2500.0,Rs./Quintal,Grade B
Kesinga APMC,0.35000000000000003,Metric Tonnes,Other,3000.0,3400.0,3200.0,Rs./Quintal,Grade B
Khariar Road APMC,0.5,Metric Tonnes,Cabbage,4000.0,4000.0,4000.0,Rs./Quintal,Grade A
Khunthabandha APMC,1.0,Metric Tonnes,Cabbage,3500.0,4500.0,4000.0,Rs./Quintal,Local
Koraput APMC,4.0,Metric Tonnes,Cabbage,2500.0,3500.0,3000.0,Rs./Quintal,Grade B
Koraput(Semilguda) APMC,4.0,Metric Tonnes,Cabbage,2600.0,3600.0,3200.0,Rs./Quintal,Grade B
Mukhiguda APMC,0.6000000000000001,Metric Tonnes,Cabbage,2400.0,2700.0,2550.0,Rs./Quintal,Grade B
Pallahara APMC,1.6,Metric Tonnes,Other,2500.0,3500.0,3000.0,Rs./Quintal,FAQ
Panposh APMC,1.0,Metric Tonnes,Cabbage,2500.0,3200.0,3000.0,Rs./Quintal,FAQ
Rayagada APMC,14.0,Metric Tonnes,Cabbage,1500.0,1600.0,1600.0,Rs./Quintal,Local
Saraskana APMC,0.05,Metric Tonnes,Cabbage,3500.0,4000.0,3800.0,Rs./Quintal,Medium
Talcher APMC,2.4000000000000004,Metric Tonnes,Other,4000.0,4900.0,4400.0,Rs./Quintal,Large
Tusura APMC,2.3000000000000003,Metric Tonnes,Other,2200.0,2600.0,2400.0,Rs./Quintal,Local
Udala APMC,0.6,Metric Tonnes,Cabbage,3000.0,3500.0,3200.0,Rs./Quintal,FAQ
Total,463.05,Metric Tonnes,,,,2457.46,Rs./Quintal,
State/UT Name : Punjab
Adampur APMC,0.2,Metric Tonnes,Cabbage,2000.0,2500.0,2500.0,Rs./Quintal,FAQ
Baghapurana APMC,0.1,Metric Tonnes,Cabbage,2200.0,2700.0,2500.0,Rs./Quintal,Grade B
Balachaur APMC,0.27999999999999997,Metric Tonnes,Other,2000.0,3000.0,2500.0,Rs./Quintal,Medium
Banur APMC,0.1,Metric Tonnes,Other,2000.0,2000.0,2000.0,Rs./Quintal,Grade A
Bassi Pathana APMC,0.2,Metric Tonnes,Cabbage,1500.0,2000.0,1800.0,Rs./Quintal,Medium
Bathinda APMC,20.0,Metric Tonnes,Cabbage,1500.0,2000.0,1700.0,Rs./Quintal,Grade B
Bhawanigarh APMC,0.2,Metric Tonnes,Other,2800.0,3000.0,2900.0,Rs./Quintal,Local
Dasuya APMC,0.2,Metric Tonnes,Cabbage,2000.0,2000.0,2000.0,Rs./Quintal,FAQ
Dudhansadhan APMC,0.1,Metric Tonnes,Other,2500.0,2500.0,2500.0,Rs./Quintal,Grade B
Garh Shankar APMC,0.3,Metric Tonnes,Cabbage,1800.0,1800.0,1800.0,Rs./Quintal,FAQ
GarhShankar (Kotfatuhi) APMC,0.1,Metric Tonnes,Cabbage,1800.0,1800.0,1800.0,Rs./Quintal,FAQ
Jagraon APMC,0.5,Metric Tonnes,Other,300.0,300.0,300.0,Rs./Quintal,FAQ
Jalalabad APMC,0.55,Metric Tonnes,Other,3000.0,3250.0,3200.0,Rs./Quintal,Medium
Jalandhar City(Jalandhar) APMC,7.4,Metric Tonnes,Cabbage,500.0,1400.0,900.0,Rs./Quintal,FAQ
Khanna APMC,0.9,Metric Tonnes,Other,800.0,800.0,800.0,Rs./Quintal,Grade A
Kurali APMC,0.6000000000000001,Metric Tonnes,Other,2100.0,2300.0,2200.0,Rs./Quintal,Medium
Lehra Gaga APMC,0.1,Metric Tonnes,Other,2400.0,2400.0,2400.0,Rs./Quintal,Grade A
Ludhiana APMC,11.100000000000001,Metric Tonnes,Other,1000.0,1700.0,1300.0,Rs./Quintal,FAQ
Malerkotla APMC,3.1,Metric Tonnes,Cabbage,1500.0,2300.0,1800.0,Rs./Quintal,Local
Mukerian APMC,0.26,Metric Tonnes,Cabbage,1500.0,2500.0,2000.0,Rs./Quintal,Grade B
Pathankot APMC,4.0,Metric Tonnes,Cabbage,1900.0,1900.0,1900.0,Rs./Quintal,Medium
Patiala APMC,3.2,Metric Tonnes,Cabbage,1100.0,2200.0,1700.0,Rs./Quintal,Grade B
Patran APMC,2.0,Metric Tonnes,Other,2000.0,2000.0,2000.0,Rs./Quintal,Grade A
Phagwara APMC,1.5,Metric Tonnes,Other,1915.0,2234.0,2000.0,Rs./Quintal,FAQ
Quadian APMC,0.1,Metric Tonnes,Other,1200.0,1400.0,1300.0,Rs./Quintal,Grade A
Rampuraphul(Nabha Mandi) APMC,1.0,Metric Tonnes,Other,2000.0,2700.0,2500.0,Rs./Quintal,Grade A
Samana APMC,20.0,Metric Tonnes,Other,2000.0,3500.0,2500.0,Rs./Quintal,Grade Range-2
Sirhind APMC,0.2,Metric Tonnes,Other,2000.0,2500.0,2200.0,Rs./Quintal,FAQ
Tanda Urmur APMC,0.2,Metric Tonnes,Cabbage,2000.0,3000.0,2500.0,Rs./Quintal,Grade A
Total,78.49,Metric Tonnes,,,,1821.25,Rs./Quintal,
State/UT Name : Rajasthan
Alwar APMC,1.8,Metric Tonnes,Other,1800.0,2600.0,2300.0,Rs./Quintal,Medium
Chomu FV APMC,2.9000000000000004,Metric Tonnes,Other,2000.0,2600.0,2300.0,Rs./Quintal,Local
Jalore APMC,1.1,Metric Tonnes,Cabbage,1400.0,1800.0,1600.0,Rs./Quintal,Local
Jodhpur (F&V) APMC,8.9,Metric Tonnes,Other,700.0,2000.0,1500.0,Rs./Quintal,Medium
Sriganganagar (F&V) APMC,3.0,Metric Tonnes,Cabbage,2100.0,2500.0,2300.0,Rs./Quintal,Grade A
Udaipur (F&V) APMC,12.3,Metric Tonnes,Other,1500.0,2000.0,1750.0,Rs./Quintal,Medium
Total,30.0,Metric Tonnes,,,,1811.5,Rs./Quintal,
State/UT Name : Tamil Nadu
AJattihalli(Uzhavar Sandhai ),0.13,Metric Tonnes,Cabbage,3000.0,3400.0,3200.0,Rs./Quintal,Local
Ammapet(Uzhavar Sandhai ),0.16,Metric Tonnes,Cabbage,2600.0,3000.0,2800.0,Rs./Quintal,Local
Anaiyur(Uzhavar Sandhai ),0.25,Metric Tonnes,Cabbage,2400.0,2600.0,2500.0,Rs./Quintal,Local
Andipatti(Uzhavar Sandhai ),0.46,Metric Tonnes,Cabbage,2200.0,2400.0,2300.0,Rs./Quintal,Local
Anna nagar(Uzhavar Sandhai ),0.88,Metric Tonnes,Cabbage,2800.0,2800.0,2800.0,Rs./Quintal,Local
Arani(Uzhavar Sandhai ),0.23,Metric Tonnes,Cabbage,2500.0,3000.0,2750.0,Rs./Quintal,Local
Arcot(Uzhavar Sandhai ),0.28,Metric Tonnes,Cabbage,3000.0,3000.0,3000.0,Rs./Quintal,Local
Ariyalur(Uzhavar Sandhai),0.04,Metric Tonnes,Cabbage,3000.0,3500.0,3250.0,Rs./Quintal,Local
Aruppukottai(Uzhavar Sandhai ),0.16,Metric Tonnes,Cabbage,3000.0,3500.0,3250.0,Rs./Quintal,Local
Athur(Uzhavar Sandhai ),0.81,Metric Tonnes,Cabbage,2500.0,3000.0,2750.0,Rs./Quintal,Local
Avallapalli(Uzhavar Sandhai ),0.22,Metric Tonnes,Cabbage,1000.0,1500.0,1250.0,Rs./Quintal,Local
Bodinayakanur(Uzhavar Sandhai ),0.24,Metric Tonnes,Cabbage,2400.0,2400.0,2400.0,Rs./Quintal,Local
Chengalpet(Uzhavar Sandhai ),0.1,Metric Tonnes,Cabbage,2200.0,2500.0,2350.0,Rs./Quintal,Local
Chengam(Uzhavar Sandhai ),0.13,Metric Tonnes,Cabbage,2500.0,3000.0,2750.0,Rs./Quintal,Local
Cheyyar(Uzhavar Sandhai ),0.15,Metric Tonnes,Cabbage,2500.0,3000.0,2750.0,Rs./Quintal,Local
Chinnalapatti(Uzhavar Sandhai ),0.06,Metric Tonnes,Cabbage,3600.0,4000.0,3800.0,Rs./Quintal,Local
Chinnamanur(Uzhavar Sandhai ),0.96,Metric Tonnes,Cabbage,2500.0,2500.0,2500.0,Rs./Quintal,Local
Chokkikulam(Uzhavar Sandhai ),0.45,Metric Tonnes,Cabbage,2400.0,2600.0,2500.0,Rs./Quintal,Local
Coonoor(Uzhavar Sandhai ),0.55,Metric Tonnes,Cabbage,2200.0,2500.0,2350.0,Rs./Quintal,Local
Cuddalore(Uzhavar Sandhai ),0.2,Metric Tonnes,Cabbage,3000.0,3000.0,3000.0,Rs./Quintal,Local
Denkanikottai(Uzhavar Sandhai ),0.27,Metric Tonnes,Cabbage,1000.0,1500.0,1250.0,Rs./Quintal,Local
Devakottai (Uzhavar Sandhai ),0.13,Metric Tonnes,Cabbage,3000.0,3500.0,3250.0,Rs./Quintal,Local
Devaram(Uzhavar Sandhai ),0.21,Metric Tonnes,Cabbage,2500.0,2500.0,2500.0,Rs./Quintal,Local
Dharapuram(Uzhavar Sandhai ),1.1,Metric Tonnes,Cabbage,3000.0,3500.0,3250.0,Rs./Quintal,Local
Dharmapuri(Uzhavar Sandhai ),0.27,Metric Tonnes,Cabbage,3200.0,3400.0,3300.0,Rs./Quintal,Local
Dindigul(Uzhavar Sandhai ),0.3,Metric Tonnes,Cabbage,3000.0,4000.0,3500.0,Rs./Quintal,Local
Edapadi (Uzhavar Sandhai ),0.38,Metric Tonnes,Cabbage,2500.0,3000.0,2750.0,Rs./Quintal,Local
Elampillai(Uzhavar Sandhai ),0.2,Metric Tonnes,Cabbage,2500.0,3000.0,2750.0,Rs./Quintal,Local
Gandhigramam(Uzhavar Sandhai),0.17,Metric Tonnes,Cabbage,3500.0,4000.0,3750.0,Rs./Quintal,Local
Gingee(Uzhavar Sandhai ),0.08,Metric Tonnes,Cabbage,4000.0,4000.0,4000.0,Rs./Quintal,Local
Gobichettipalayam(Uzhavar Sandhai ),0.18,Metric Tonnes,Cabbage,2000.0,2500.0,2250.0,Rs./Quintal,Local
Gudalur(Uzhavar Sandhai ),0.04,Metric Tonnes,Cabbage,2000.0,2500.0,2250.0,Rs./Quintal,Local
Gudiyatham(Uzhavar Sandhai ),0.04,Metric Tonnes,Cabbage,3000.0,3000.0,3000.0,Rs./Quintal,Local
Harur(Uzhavar Sandhai ),0.21,Metric Tonnes,Cabbage,3000.0,3500.0,3250.0,Rs./Quintal,Local
Hasthampatti(Uzhavar Sandhai ),0.26,Metric Tonnes,Cabbage,3000.0,3500.0,3250.0,Rs./Quintal,Local
Hosur(Uzhavar Sandhai ),2.95,Metric Tonnes,Cabbage,1000.0,1500.0,1250.0,Rs./Quintal,Local
Jalagandapuram(Uzhavar Sandhai ),0.06,Metric Tonnes,Cabbage,3000.0,3400.0,3200.0,Rs./Quintal,Local
Jameenrayapettai(Uzhavar Sandhai ),0.23,Metric Tonnes,Cabbage,2000.0,2500.0,2250.0,Rs./Quintal,Local
KKNagar(Uzhavar Sandhai ),0.7,Metric Tonnes,Cabbage,3200.0,3200.0,3200.0,Rs./Quintal,Local
Kahithapattarai(Uzhavar Sandhai ),0.13,Metric Tonnes,Cabbage,2000.0,2000.0,2000.0,Rs./Quintal,Local
Kallakurichi(Uzhavar Sandhai ),0.06,Metric Tonnes,Cabbage,4000.0,4000.0,4000.0,Rs./Quintal,Local
Kambam(Uzhavar Sandhai ),2.5,Metric Tonnes,Cabbage,2200.0,2200.0,2200.0,Rs./Quintal,Local
Karaikudi(Uzhavar Sandhai ),0.19,Metric Tonnes,Cabbage,2800.0,3000.0,2900.0,Rs./Quintal,Local
Karimangalam(Uzhavar Sandhai),0.14,Metric Tonnes,Cabbage,3300.0,3500.0,3400.0,Rs./Quintal,Local
Kariyapatti(Uzhavar Sandhai ),0.08,Metric Tonnes,Cabbage,3000.0,3500.0,3250.0,Rs./Quintal,Local
Karur(Uzhavar Sandhai ),0.36,Metric Tonnes,Cabbage,3500.0,4000.0,3750.0,Rs./Quintal,Local
Katpadi (Uzhavar Sandhai ),0.25,Metric Tonnes,Cabbage,2500.0,2500.0,2500.0,Rs./Quintal,Local
Kovilpatti(Uzhavar Sandhai ),0.13,Metric Tonnes,Cabbage,3000.0,3500.0,3250.0,Rs./Quintal,Local
Krishnagiri(Uzhavar Sandhai ),0.14,Metric Tonnes,Cabbage,2500.0,3000.0,2750.0,Rs./Quintal,Local
Kulithalai(Uzhavar Sandhai ),0.42,Metric Tonnes,Cabbage,3000.0,3200.0,3100.0,Rs./Quintal,Local
Kumarapalayam(Uzhavar Sandhai ),0.04,Metric Tonnes,Cabbage,3600.0,4000.0,3800.0,Rs./Quintal,Local
Kumbakonam (Uzhavar Sandhai ),0.46,Metric Tonnes,Cabbage,3000.0,3000.0,3000.0,Rs./Quintal,Local
Kundrathur(Uzhavar Sandhai ),0.15,Metric Tonnes,Cabbage,3000.0,3000.0,3000.0,Rs./Quintal,Local
Lalgudi(Uzhavar Sandhai ),0.14,Metric Tonnes,Cabbage,3000.0,3000.0,3000.0,Rs./Quintal,Local
Manachanallur(Uzhavar Sandhai ),0.1,Metric Tonnes,Cabbage,3000.0,3000.0,3000.0,Rs./Quintal,Local
Manapparai(Uzhavar Sandhai ),0.08,Metric Tonnes,Cabbage,3000.0,3000.0,3000.0,Rs./Quintal,Local
Mannargudi I(Uzhavar Sandhai ),0.65,Metric Tonnes,Cabbage,3400.0,3400.0,3400.0,Rs./Quintal,Local
Mannargudi II(Uzhavar Sandhai ),0.2,Metric Tonnes,Cabbage,3400.0,3400.0,3400.0,Rs./Quintal,Local
Mayiladuthurai(Uzhavar Sandhai ),0.03,Metric Tonnes,Cabbage,4000.0,4000.0,4000.0,Rs./Quintal,Local
Melapalayam(Uzhavar Sandhai ),0.25,Metric Tonnes,Cabbage,2600.0,2800.0,2700.0,Rs./Quintal,Local
Mettupalayam(Uzhavar Sandhai ),0.72,Metric Tonnes,Cabbage,2500.0,3000.0,2750.0,Rs./Quintal,Local
Mettur(Uzhavar Sandhai ),0.32,Metric Tonnes,Cabbage,2500.0,3000.0,2750.0,Rs./Quintal,Local
Mohanur(Uzhavar Sandhai ),0.21,Metric Tonnes,Cabbage,3000.0,3500.0,3250.0,Rs./Quintal,Local
Musiri(Uzhavar Sandhai ),0.48,Metric Tonnes,Cabbage,2500.0,3000.0,2750.0,Rs./Quintal,Local
Muthupettai(Uzhavar Sandhai ),0.04,Metric Tonnes,Cabbage,3400.0,3400.0,3400.0,Rs./Quintal,Local
Myladi(Uzhavar Sandhai ),0.02,Metric Tonnes,Cabbage,5000.0,5500.0,5250.0,Rs./Quintal,Local
Nagapattinam(Uzhavar Sandhai ),0.12,Metric Tonnes,Cabbage,4000.0,4500.0,4250.0,Rs./Quintal,Local
Namakkal(Uzhavar Sandhai ),0.47,Metric Tonnes,Cabbage,2000.0,2500.0,2250.0,Rs./Quintal,Local
Nanganallur(Uzhavar Sandhai ),0.05,Metric Tonnes,Cabbage,3500.0,4000.0,3750.0,Rs./Quintal,Local
Natrampalli(Uzhavar Sandhai ),0.35,Metric Tonnes,Cabbage,2500.0,3000.0,2750.0,Rs./Quintal,Local
Padappai(Uzhavar Sandhai ),0.12,Metric Tonnes,Cabbage,2000.0,2500.0,2250.0,Rs./Quintal,Local
Palacode(Uzhavar Sandhai ),0.24,Metric Tonnes,Cabbage,2800.0,3000.0,2900.0,Rs./Quintal,Local
Palanganatham(Uzhavar Sandhai ),0.2,Metric Tonnes,Cabbage,2400.0,2600.0,2500.0,Rs./Quintal,Local
Palani(Uzhavar Sandhai ),0.51,Metric Tonnes,Cabbage,3000.0,3400.0,3200.0,Rs./Quintal,Local
Palayamkottai(Uzhavar Sandhai ),2.3,Metric Tonnes,Cabbage,2600.0,2600.0,2600.0,Rs./Quintal,Local
Palladam(Uzhavar Sandhai ),0.12,Metric Tonnes,Cabbage,2500.0,3000.0,2750.0,Rs./Quintal,Local
Pallavaram(Uzhavar Sandhai ),0.55,Metric Tonnes,Cabbage,2000.0,2500.0,2250.0,Rs./Quintal,Local
Pallikonda(Uzhavar Sandhai),0.02,Metric Tonnes,Cabbage,3000.0,3000.0,3000.0,Rs./Quintal,Local
Paramakudi(Uzhavar Sandhai ),0.18,Metric Tonnes,Cabbage,4500.0,5000.0,4750.0,Rs./Quintal,Local
Paramathivelur(Uzhavar Sandhai ),0.18,Metric Tonnes,Cabbage,2400.0,2800.0,2600.0,Rs./Quintal,Local
Paruthipattu(Uzhavar Sandhai ),0.06,Metric Tonnes,Cabbage,4000.0,4000.0,4000.0,Rs./Quintal,Local
Pattukottai(Uzhavar Sandhai ),0.25,Metric Tonnes,Cabbage,3400.0,3400.0,3400.0,Rs./Quintal,Local
Pennagaram(Uzhavar Sandhai ),0.1,Metric Tonnes,Cabbage,3600.0,4000.0,3800.0,Rs./Quintal,Local
Perambalur(Uzhavar Sandhai ),0.42,Metric Tonnes,Cabbage,3000.0,3000.0,3000.0,Rs./Quintal,Local
Perampet(Uzhavar Sandhai),0.03,Metric Tonnes,Cabbage,3600.0,3600.0,3600.0,Rs./Quintal,Local
Periyakulam(Uzhavar Sandhai ),0.32,Metric Tonnes,Cabbage,2400.0,2400.0,2400.0,Rs./Quintal,Local
Perundurai(Uzhavar Sandhai ),0.08,Metric Tonnes,Cabbage,2200.0,2500.0,2350.0,Rs./Quintal,Local
Pollachi(Uzhavar Sandhai ),0.14,Metric Tonnes,Cabbage,3000.0,3500.0,3250.0,Rs./Quintal,Local
Polur(Uzhavar Sandhai ),0.12,Metric Tonnes,Cabbage,2500.0,3000.0,2750.0,Rs./Quintal,Local
Pudukottai(Uzhavar Sandhai ),0.27,Metric Tonnes,Cabbage,3000.0,3500.0,3250.0,Rs./Quintal,Local
RSPuram(Uzhavar Sandhai ),0.92,Metric Tonnes,Cabbage,2000.0,2200.0,2100.0,Rs./Quintal,Local
Rajapalayam(Uzhavar Sandhai ),0.26,Metric Tonnes,Cabbage,2500.0,3000.0,2750.0,Rs./Quintal,Local
Ramanathapuram(Uzhavar Sandhai ),0.09,Metric Tonnes,Cabbage,3000.0,3200.0,3100.0,Rs./Quintal,Local
Ranipettai(Uzhavar Sandhai ),0.1,Metric Tonnes,Cabbage,2500.0,2500.0,2500.0,Rs./Quintal,Local
Rasipuram(Uzhavar Sandhai ),0.82,Metric Tonnes,Cabbage,3400.0,3600.0,3500.0,Rs./Quintal,Local
Sampath Nagar(Uzhavar Sandhai ),0.28,Metric Tonnes,Cabbage,1800.0,2000.0,1900.0,Rs./Quintal,Local
Sathiyamagalam(Uzhavar Sandhai ),0.25,Metric Tonnes,Cabbage,3000.0,3400.0,3200.0,Rs./Quintal,Local
Sathur(Uzhavar Sandhai ),0.03,Metric Tonnes,Cabbage,3500.0,4000.0,3750.0,Rs./Quintal,Local
Singampunari(Uzhavar Sandhai ),0.16,Metric Tonnes,Cabbage,2600.0,2800.0,2700.0,Rs./Quintal,Local
Singanallur(Uzhavar Sandhai ),1.06,Metric Tonnes,Cabbage,2500.0,2800.0,2650.0,Rs./Quintal,Local
Sirkali(Uzhavar Sandhai ),0.2,Metric Tonnes,Cabbage,2500.0,3000.0,2750.0,Rs./Quintal,Local
Sivagangai (Uzhavar Sandhai ),0.32,Metric Tonnes,Cabbage,2600.0,2800.0,2700.0,Rs./Quintal,Local
Sivakasi(Uzhavar Sandhai ),0.03,Metric Tonnes,Cabbage,3000.0,3500.0,3250.0,Rs./Quintal,Local
Sooramangalam(Uzhavar Sandhai ),0.34,Metric Tonnes,Cabbage,2500.0,3000.0,2750.0,Rs./Quintal,Local
Srivilliputhur(Uzhavar Sandhai ),0.1,Metric Tonnes,Cabbage,3000.0,3500.0,3250.0,Rs./Quintal,Local
Sulur(Uzhavar Sandhai ),0.23,Metric Tonnes,Cabbage,2500.0,2800.0,2650.0,Rs./Quintal,Local
Sundarapuram(Uzhavar Sandhai ),0.28,Metric Tonnes,Cabbage,2200.0,2600.0,2400.0,Rs./Quintal,Local
Sunguvarchatram(Uzhavar Sandhai ),0.15,Metric Tonnes,Cabbage,3000.0,3000.0,3000.0,Rs./Quintal,Local
Tenkasi(Uzhavar Sandhai ),0.1,Metric Tonnes,Cabbage,3000.0,3000.0,3000.0,Rs./Quintal,Local
Thalavadi(Uzhavar Sandhai ),0.24,Metric Tonnes,Cabbage,1400.0,1700.0,1550.0,Rs./Quintal,Local
Thalavaipuram(Uzhavar Sandhai ),0.05,Metric Tonnes,Cabbage,2500.0,3000.0,2750.0,Rs./Quintal,Local
Thammampatti (Uzhavar Sandhai ),0.36,Metric Tonnes,Cabbage,3500.0,4000.0,3750.0,Rs./Quintal,Local
Thanjavur(Uzhavar Sandhai ),0.25,Metric Tonnes,Cabbage,3600.0,3600.0,3600.0,Rs./Quintal,Local
Thathakapatti(Uzhavar Sandhai ),0.31,Metric Tonnes,Cabbage,2500.0,3000.0,2750.0,Rs./Quintal,Local
Theni(Uzhavar Sandhai ),1.6,Metric Tonnes,Cabbage,2400.0,2400.0,2400.0,Rs./Quintal,Local
Thirupathur APMC,0.34,Metric Tonnes,Cabbage,3400.0,3400.0,3400.0,Rs./Quintal,Local
Thiruverumbur(Uzhavar Sandhai ),0.25,Metric Tonnes,Cabbage,3000.0,3000.0,3000.0,Rs./Quintal,Local
Thuraiyur APMC,0.25,Metric Tonnes,Cabbage,3000.0,3000.0,3000.0,Rs./Quintal,Local
Tindivanam APMC,0.1,Metric Tonnes,Cabbage,3500.0,3500.0,3500.0,Rs./Quintal,Local
Tiruchengode APMC,0.17,Metric Tonnes,Cabbage,2500.0,3000.0,2750.0,Rs./Quintal,Local
Tirupatthur(Uzhavar Sandhai ),0.16,Metric Tonnes,Cabbage,2800.0,3000.0,2900.0,Rs./Quintal,Local
Tiruppur (North) (Uzhavar Sandhai ),0.3,Metric Tonnes,Cabbage,2500.0,3000.0,2750.0,Rs./Quintal,Local
Tiruppur (South) (Uzhavar Sandhai ),0.43,Metric Tonnes,Cabbage,1500.0,2000.0,1750.0,Rs./Quintal,Local
Tiruthani(Uzhavar Sandhai ),0.05,Metric Tonnes,Cabbage,4000.0,4000.0,4000.0,Rs./Quintal,Local
Tiruvannamalai(Uzhavar Sandhai ),0.43,Metric Tonnes,Cabbage,2000.0,2500.0,2250.0,Rs./Quintal,Local
Tuticorin(Uzhavar Sandhai ),0.12,Metric Tonnes,Cabbage,3000.0,3500.0,3250.0,Rs./Quintal,Local
Udhagamandalam(Uzhavar Sandhai ),1.11,Metric Tonnes,Cabbage,2000.0,2500.0,2250.0,Rs./Quintal,Local
Udumalpet APMC,0.24,Metric Tonnes,Cabbage,3000.0,3500.0,3250.0,Rs./Quintal,Local
Vadalur(Uzhavar Sandhai ),0.06,Metric Tonnes,Cabbage,3000.0,3000.0,3000.0,Rs./Quintal,Local
Vadaseri APMC,0.2,Metric Tonnes,Cabbage,5500.0,6000.0,5750.0,Rs./Quintal,Local
Vadavalli(Uzhavar Sandhai ),0.34,Metric Tonnes,Cabbage,2000.0,2200.0,2100.0,Rs./Quintal,Local
Vaniyampadi(Uzhavar Sandhai ),0.21,Metric Tonnes,Cabbage,4000.0,4000.0,4000.0,Rs./Quintal,Local
Vazhapadi(Uzhavar Sandhai),0.04,Metric Tonnes,Cabbage,3000.0,3000.0,3000.0,Rs./Quintal,Local
Vedaranyam(Uzhavar Sandhai),0.06,Metric Tonnes,Cabbage,3000.0,3500.0,3250.0,Rs./Quintal,Local
Vellore APMC,0.15,Metric Tonnes,Cabbage,2000.0,2500.0,2250.0,Rs./Quintal,Local
Villupuram(Uzhavar Sandhai ),0.04,Metric Tonnes,Cabbage,4000.0,4000.0,4000.0,Rs./Quintal,Local
Virudhunagar(Uzhavar Sandhai ),0.02,Metric Tonnes,Cabbage,3500.0,4000.0,3750.0,Rs./Quintal,Local
Viruthachalam(Uzhavar Sandhai ),0.03,Metric Tonnes,Cabbage,3000.0,3000.0,3000.0,Rs./Quintal,Local
Total,43.36,Metric Tonnes,,,,2663.7,Rs./Quintal,
State/UT Name : Telangana
Adilabad (Rythu Bazar) ,2.1,Metric Tonnes,Cabbage,4000.0,4200.0,4000.0,Rs./Quintal,Local
"Alwal,RBZ",1.2000000000000002,Metric Tonnes,Other,1600.0,1600.0,1600.0,Rs./Quintal,FAQ
Bowenpally APMC,4.4,Metric Tonnes,Other,400.0,800.0,700.0,Rs./Quintal,FAQ
Bowenpally APMC,182.20000000000002,Metric Tonnes,Cabbage,600.0,1300.0,1000.0,Rs./Quintal,FAQ
Gudimalkapur APMC,46.0,Metric Tonnes,Cabbage,600.0,1200.0,800.0,Rs./Quintal,Grade B
"Kukatpally,RBZ",5.8,Metric Tonnes,Cabbage,1600.0,1600.0,1600.0,Rs./Quintal,Local
L B Nagar APMC,9.5,Metric Tonnes,Cabbage,800.0,1200.0,1000.0,Rs./Quintal,Medium
Mahabubnagar(Rythu Bazar),1.5,Metric Tonnes,Cabbage,3000.0,3000.0,3000.0,Rs./Quintal,Local
Mahboob Manison APMC,3.0,Metric Tonnes,Cabbage,1000.0,1200.0,1100.0,Rs./Quintal,Medium
Miryalguda(Rythu Bazar) ,0.3,Metric Tonnes,Cabbage,2500.0,2500.0,2500.0,Rs./Quintal,Grade A
RYTHU BAZAR FALAKNUMA,2.0,Metric Tonnes,Cabbage,1600.0,1600.0,1600.0,Rs./Quintal,Grade A
RYTHU BAZAR MEHDIPATNAM,1.2,Metric Tonnes,Cabbage,1600.0,1600.0,1600.0,Rs./Quintal,Grade A
Sangareddy APMC,0.4,Metric Tonnes,Cabbage,1800.0,1800.0,1800.0,Rs./Quintal,Grade B
"Saroornagar,RBZ",2.1,Metric Tonnes,Other,1600.0,1600.0,1600.0,Rs./Quintal,Medium
Shadnagar APMC,3.1,Metric Tonnes,Cabbage,1400.0,1600.0,1500.0,Rs./Quintal,Local
Siddipet(Rythu Bazar) ,0.7000000000000001,Metric Tonnes,Cabbage,2000.0,2800.0,2400.0,Rs./Quintal,Grade A
"Vanasthalipuram,RBZ ",1.9,Metric Tonnes,Cabbage,1600.0,1600.0,1600.0,Rs./Quintal,Grade A
Venkateswarnagar APMC,0.2,Metric Tonnes,Cabbage,1000.0,1400.0,1200.0,Rs./Quintal,Grade A
Warangal APMC,2.0,Metric Tonnes,Cabbage,1500.0,1800.0,1650.0,Rs./Quintal,FAQ
Total,269.6,Metric Tonnes,,,,1045.4,Rs./Quintal,
State/UT Name : Tripura
Biokhora,0.30000000000000004,Metric Tonnes,Cabbage,2800.0,2950.0,2850.0,Rs./Quintal,FAQ
Boxonagar,0.05,Metric Tonnes,Cabbage,3000.0,3500.0,3200.0,Rs./Quintal,Medium
Total,0.35,Metric Tonnes,,,,2900.0,Rs./Quintal,
State/UT Name : Uttar Pradesh
Ahirora APMC,0.4,Metric Tonnes,Cabbage,800.0,900.0,900.0,Rs./Quintal,Medium
Baripaal APMC,0.1,Metric Tonnes,Cabbage,2200.0,2500.0,2400.0,Rs./Quintal,Medium
CHHUTMALPUR APMC,0.3,Metric Tonnes,Cabbage,1200.0,1500.0,1300.0,Rs./Quintal,Local
Hasanpur APMC,0.1,Metric Tonnes,Cabbage,1450.0,1520.0,1500.0,Rs./Quintal,FAQ
Jasvantnagar APMC,4.5,Metric Tonnes,Cabbage,2260.0,2360.0,2310.0,Rs./Quintal,Medium
Kairana APMC,0.5,Metric Tonnes,Cabbage,1500.0,1600.0,1550.0,Rs./Quintal,FAQ
Khandhla APMC,0.5,Metric Tonnes,Cabbage,300.0,380.0,340.0,Rs./Quintal,FAQ
Konch APMC,0.5,Metric Tonnes,Cabbage,2000.0,2200.0,2100.0,Rs./Quintal,FAQ
Kosikalan APMC,4.0,Metric Tonnes,Cabbage,2000.0,2160.0,2100.0,Rs./Quintal,FAQ
Maigalganj APMC,0.4,Metric Tonnes,Cabbage,850.0,890.0,870.0,Rs./Quintal,FAQ
Total,11.3,Metric Tonnes,,,,1971.5,Rs./Quintal,
State/UT Name : Uttarakhand
Haridwar Union APMC,4.6000000000000005,Metric Tonnes,Other,2000.0,4500.0,3000.0,Rs./Quintal,FAQ
Kotadwara APMC,0.4,Metric Tonnes,Cabbage,1100.0,1100.0,1100.0,Rs./Quintal,FAQ
Rudrapur APMC,6.5,Metric Tonnes,Other,3000.0,4000.0,3500.0,Rs./Quintal,Medium
Vikasnagar APMC,0.8,Metric Tonnes,Cabbage,600.0,1000.0,900.0,Rs./Quintal,FAQ
Total,12.3,Metric Tonnes,,,,3065.85,Rs./Quintal,
State/UT Name : West Bengal
Darjeeling APMC,1.3,Metric Tonnes,Other,2700.0,2900.0,2800.0,Rs./Quintal,FAQ
Durgapur APMC,4.5,Metric Tonnes,Other,1950.0,2100.0,2050.0,Rs./Quintal,FAQ
Karsiyang(Matigara) APMC,1.2,Metric Tonnes,Other,2700.0,2900.0,2800.0,Rs./Quintal,FAQ
Sealdah Koley Market APMC,8.6,Metric Tonnes,Other,3000.0,3500.0,3200.0,Rs./Quintal,FAQ
Total,15.6,Metric Tonnes,,,,2804.17,Rs./Quintal,
Grand Total,4239.01,Metric Tonnes,,,,2436.23,Rs./Quintal,
Carrot
State/UT Name : Assam
Pamohi(Garchuk) APMC,18.0,Metric Tonnes,Carrot,7000.0,8000.0,7500.0,Rs./Quintal,FAQ
Santar Bazaar APMC,3.0,Metric Tonnes,Carrot,8500.0,9000.0,8800.0,Rs./Quintal,FAQ
Tinsukia Market,2.0,Metric Tonnes,Carrot,7000.0,12000.0,10000.0,Rs./Quintal,FAQ
Total,23.0,Metric Tonnes,,,,7886.96,Rs./Quintal,
State/UT Name : Bihar
Khagaria APMC,3.0,Metric Tonnes,Carrot,3999.9996,4266.6662400000005,4166.66625,Rs./Quintal,Grade A
Total,3.0,Metric Tonnes,,,,4166.67,Rs./Quintal,
State/UT Name : Chandigarh
Chandigarh (Grain/F&V) APMC,13.8,Metric Tonnes,Carrot,1200.0,1400.0,1400.0,Rs./Quintal,FAQ
Total,13.8,Metric Tonnes,,,,1400.0,Rs./Quintal,
State/UT Name : Chattisgarh
Durg APMC,2.2,Metric Tonnes,Carrot,1600.0,1800.0,1600.0,Rs./Quintal,Medium
Rajnandgaon APMC,6.7,Metric Tonnes,Carrot,2000.0,2500.0,2300.0,Rs./Quintal,Grade B
Tiphra APMC,8.5,Metric Tonnes,Carrot,2800.0,3000.0,2900.0,Rs./Quintal,Grade B
Total,17.4,Metric Tonnes,,,,2504.6,Rs./Quintal,
State/UT Name : Gujarat
Ahmedabad APMC,25.6,Metric Tonnes,Other,1500.0,2750.0,2350.0,Rs./Quintal,FAQ
"Anand(Veg,Yard,Anand) APMC",0.9,Metric Tonnes,Carrot,1500.0,2000.0,1750.0,Rs./Quintal,Grade C
Bharuch APMC,1.4,Metric Tonnes,Other,1200.0,1700.0,1500.0,Rs./Quintal,Local
Dahod(Veg. Market) APMC,0.3,Metric Tonnes,Carrot,2000.0,3000.0,2500.0,Rs./Quintal,Local
Gondal(Veg.market Gondal) APMC,1.42,Metric Tonnes,Carrot,1000.0,3000.0,2000.0,Rs./Quintal,Local
Navsari APMC,0.8400000000000001,Metric Tonnes,Carrot,2500.0,3000.0,2750.0,Rs./Quintal,Local
Surat APMC,34.0,Metric Tonnes,Carrot,1000.0,2500.0,1750.0,Rs./Quintal,FAQ
Vadhvan APMC,0.2,Metric Tonnes,Carrot,2500.0,3000.0,2750.0,Rs./Quintal,Medium
Vadodara(Sayajipura) APMC,2.99,Metric Tonnes,Other,1800.0,2000.0,1900.0,Rs./Quintal,FAQ
Total,67.65,Metric Tonnes,,,,2002.45,Rs./Quintal,
State/UT Name : Haryana
Ganaur APMC,0.1,Metric Tonnes,Carrot,4000.0,5000.0,4500.0,Rs./Quintal,Medium
Gohana APMC,0.1,Metric Tonnes,Other,5000.0,7000.0,6000.0,Rs./Quintal,Medium
Jagadhri APMC,0.209,Metric Tonnes,Other,2000.0,2600.0,2300.0,Rs./Quintal,Medium
Ladwa APMC,0.1,Metric Tonnes,Carrot,4500.0,5000.0,5000.0,Rs./Quintal,Medium
Naraingarh APMC,0.1,Metric Tonnes,Carrot,1800.0,2000.0,1950.0,Rs./Quintal,Medium
Shahabad APMC,0.2,Metric Tonnes,Carrot,3000.0,3000.0,3000.0,Rs./Quintal,Medium
Thanesar APMC,1.2000000000000002,Metric Tonnes,Carrot,2500.0,3500.0,3000.0,Rs./Quintal,Medium
Total,2.01,Metric Tonnes,,,,3198.46,Rs./Quintal,
State/UT Name : Himachal Pradesh
PMY Bilaspur,0.4,Metric Tonnes,Other,3000.0,3000.0,3000.0,Rs./Quintal,Grade B
PMY Hamirpur,0.1,Metric Tonnes,Other,5000.0,5000.0,5000.0,Rs./Quintal,Grade B
PMY Kangni Mandi,0.04,Metric Tonnes,Carrot,2500.0,3000.0,2800.0,Rs./Quintal,FAQ
PMY Kangra,0.5,Metric Tonnes,Carrot,3000.0,3200.0,3100.0,Rs./Quintal,FAQ
PMY Kather Solan,0.415,Metric Tonnes,Other,2500.0,3000.0,2800.0,Rs./Quintal,Medium
PMY Kullu,0.6,Metric Tonnes,Other,3000.0,3500.0,3200.0,Rs./Quintal,FAQ
PMY Una,0.12,Metric Tonnes,Carrot,3200.0,4500.0,3800.0,Rs./Quintal,FAQ
SMY Baijnath,0.3,Metric Tonnes,Carrot,3500.0,3700.0,3600.0,Rs./Quintal,Grade A
SMY Bhuntar,0.4,Metric Tonnes,Other,3200.0,3600.0,3400.0,Rs./Quintal,FAQ
SMY Dhanotu,0.30000000000000004,Metric Tonnes,Carrot,2500.0,3000.0,2750.0,Rs./Quintal,FAQ
SMY Dharamshala,0.22000000000000003,Metric Tonnes,Carrot,3000.0,3200.0,3100.0,Rs./Quintal,FAQ
SMY Jogindernagar,0.03,Metric Tonnes,Other,2800.0,3000.0,2900.0,Rs./Quintal,Grade B
SMY Nahan,0.1,Metric Tonnes,Other,3500.0,4000.0,3800.0,Rs./Quintal,FAQ
SMY Palampur,0.2,Metric Tonnes,Carrot,3400.0,3500.0,3450.0,Rs./Quintal,FAQ
Total,3.73,Metric Tonnes,,,,3222.55,Rs./Quintal,
State/UT Name : Jammu and Kashmir
MAC F&V Market Narwal Jammu,2.0,Metric Tonnes,Carrot,3000.0,3500.0,3250.0,Rs./Quintal,FAQ
Parimpore Srinagar (F&V),54.0,Metric Tonnes,Other,5500.0,6000.0,5750.0,Rs./Quintal,Local
Total,56.0,Metric Tonnes,,,,5660.71,Rs./Quintal,
State/UT Name : Karnataka
Bagepalli APMC,1.3,Metric Tonnes,Carrot,3000.0,3500.0,3200.0,Rs./Quintal,Small
Bangarpet APMC,1.0,Metric Tonnes,Carrot,2000.0,3200.0,2700.0,Rs./Quintal,Local
Binny Mill (FF&V) Bengaluru APMC,31.5,Metric Tonnes,Carrot,4000.0,5000.0,4500.0,Rs./Quintal,Local
Chamarajanagar APMC,2.5,Metric Tonnes,Carrot,1500.0,3000.0,2300.0,Rs./Quintal,Local
Chintamani APMC,1.2000000000000002,Metric Tonnes,Carrot,2000.0,4000.0,3000.0,Rs./Quintal,Local
Davangere APMC,3.0,Metric Tonnes,Carrot,1000.0,3400.0,2500.0,Rs./Quintal,Local
Doddaballapur APMC,1.2000000000000002,Metric Tonnes,Other,3000.0,4000.0,3400.0,Rs./Quintal,Medium
Gauribidanur APMC,0.4,Metric Tonnes,Carrot,2000.0,3000.0,2500.0,Rs./Quintal,Local
Hassan APMC,1.2000000000000002,Metric Tonnes,Carrot,4000.0,4000.0,4000.0,Rs./Quintal,Local
Hoskote APMC,16.0,Metric Tonnes,Carrot,2900.0,3100.0,3000.0,Rs./Quintal,Large
Kolar APMC,9.0,Metric Tonnes,Carrot,1500.0,3500.0,3000.0,Rs./Quintal,Local
Malur APMC,5.2,Metric Tonnes,Carrot,5000.0,8000.0,7737.0,Rs./Quintal,Local
Mysuru APMC,3.5,Metric Tonnes,Carrot,3300.0,3500.0,3500.0,Rs./Quintal,Medium
Nanjangud APMC,6.1000000000000005,Metric Tonnes,Carrot,2380.0,2777.0,2564.0,Rs./Quintal,Local
Ramanagara APMC,0.7000000000000001,Metric Tonnes,Carrot,4000.0,5000.0,4400.0,Rs./Quintal,Local
Shimoga APMC,1.2000000000000002,Metric Tonnes,Carrot,2500.0,3000.0,2750.0,Rs./Quintal,Local
T. Narasipura APMC,0.8,Metric Tonnes,Carrot,1500.0,2000.0,2000.0,Rs./Quintal,Small
Total,85.8,Metric Tonnes,,,,3804.69,Rs./Quintal,
State/UT Name : Keralam
Adimali Market,0.05,Metric Tonnes,Carrot,6000.0,7000.0,6500.0,Rs./Quintal,Medium
Anchal Market,0.5,Metric Tonnes,Carrot,5300.0,5300.0,5300.0,Rs./Quintal,Local
Angamaly Market,1.0,Metric Tonnes,Carrot,5200.0,8200.0,6700.0,Rs./Quintal,FAQ
Aralamoodu Market,2.0,Metric Tonnes,Carrot,4000.0,8000.0,6000.0,Rs./Quintal,FAQ
Aroor Market,0.2,Metric Tonnes,Other,6500.0,6700.0,6600.0,Rs./Quintal,FAQ
Athirampuzha Market,0.5,Metric Tonnes,Carrot,4800.0,5000.0,4900.0,Rs./Quintal,FAQ
Attingal Market,850.0,Metric Tonnes,Other,7800.0,8200.0,8000.0,Rs./Quintal,Local
Balarampuram Market,0.4,Metric Tonnes,Carrot,7000.0,7000.0,7000.0,Rs./Quintal,FAQ
Chala Market,0.5,Metric Tonnes,Other,4800.0,5000.0,4800.0,Rs./Quintal,FAQ
Chalakudy Market,0.03,Metric Tonnes,Carrot,7000.0,7800.0,7800.0,Rs./Quintal,FAQ
Chavakkad Market,0.15,Metric Tonnes,Carrot,5500.0,6600.0,6600.0,Rs./Quintal,FAQ
Chelakkara Market,0.18,Metric Tonnes,Carrot,7800.0,8000.0,7900.0,Rs./Quintal,FAQ
Chengannur Market,0.5,Metric Tonnes,Other,6500.0,7200.0,7000.0,Rs./Quintal,FAQ
Cherthala Market,0.3,Metric Tonnes,Carrot,8000.0,8500.0,8300.0,Rs./Quintal,FAQ
Ettumanoor Market,1.0,Metric Tonnes,Carrot,5000.0,6000.0,5500.0,Rs./Quintal,FAQ
Harippad Market,0.89,Metric Tonnes,Other,6000.0,6500.0,6000.0,Rs./Quintal,FAQ
Kallachi Market,0.1,Metric Tonnes,Carrot,5300.0,5700.0,5500.0,Rs./Quintal,FAQ
Kanjirappally Market,0.5,Metric Tonnes,Carrot,8500.0,9000.0,8800.0,Rs./Quintal,FAQ
Kayamkulam Market,1.0,Metric Tonnes,Other,6300.0,6500.0,6400.0,Rs./Quintal,FAQ
Kodungalloor Market,6.0,Metric Tonnes,Carrot,5000.0,5000.0,5000.0,Rs./Quintal,Grade A
Koduvayoor Market,0.8,Metric Tonnes,Carrot,4500.0,4900.0,4700.0,Rs./Quintal,Medium
Kollengode Market,0.7,Metric Tonnes,Carrot,5600.0,6000.0,5800.0,Rs./Quintal,FAQ
Kondotty Market,0.25,Metric Tonnes,Other,4900.0,5200.0,5000.0,Rs./Quintal,FAQ
Kothamangalam Market,1.0,Metric Tonnes,Carrot,6500.0,7500.0,7000.0,Rs./Quintal,FAQ
Kottakkal Market,5.0,Metric Tonnes,Other,4800.0,5000.0,4900.0,Rs./Quintal,Local
Kottayam Market,3.0,Metric Tonnes,Carrot,5200.0,5600.0,5400.0,Rs./Quintal,FAQ
Manjeri Market,6.0,Metric Tonnes,Other,5450.0,5550.0,5500.0,Rs./Quintal,Local
Manjeswaram Market,4.0,Metric Tonnes,Carrot,7000.0,8000.0,7500.0,Rs./Quintal,FAQ
Mannar Market,0.5,Metric Tonnes,Other,4000.0,4200.0,4100.0,Rs./Quintal,FAQ
Mukkom Market,0.4,Metric Tonnes,Carrot,7500.0,8000.0,7700.0,Rs./Quintal,FAQ
Munnar Market,0.8,Metric Tonnes,Other,7000.0,7000.0,7000.0,Rs./Quintal,Medium
Neyyatinkara Market,0.02,Metric Tonnes,Other,5400.0,6000.0,5600.0,Rs./Quintal,FAQ
North Paravur Market,1.0,Metric Tonnes,Carrot,5500.0,6000.0,5800.0,Rs./Quintal,FAQ
Pala Market,1.0,Metric Tonnes,Carrot,8800.0,9400.0,9200.0,Rs./Quintal,FAQ
Palakkad Market,2.0,Metric Tonnes,Carrot,3000.0,4000.0,3600.0,Rs./Quintal,FAQ
Parassala Market,0.3,Metric Tonnes,Carrot,3800.0,4200.0,4000.0,Rs./Quintal,Local
Pattambi Market,0.5,Metric Tonnes,Carrot,3600.0,4000.0,3800.0,Rs./Quintal,FAQ
Perinthalmanna Market,4.0,Metric Tonnes,Carrot,4500.0,5000.0,4800.0,Rs./Quintal,Large
Perumbavoor Market,2.0,Metric Tonnes,Carrot,5000.0,6400.0,5800.0,Rs./Quintal,Medium
Piravam Market,5.0,Metric Tonnes,Carrot,7000.0,8000.0,7500.0,Rs./Quintal,Local
Pothencode Market,600.0,Metric Tonnes,Carrot,5000.0,5200.0,5000.0,Rs./Quintal,Local
Quilandy Market,0.24,Metric Tonnes,Other,5800.0,6000.0,6000.0,Rs./Quintal,FAQ
Thalasserry Market,0.2,Metric Tonnes,Carrot,5500.0,6500.0,6000.0,Rs./Quintal,FAQ
Thalayolaparambu Market,0.5,Metric Tonnes,Carrot,4500.0,5000.0,4700.0,Rs./Quintal,FAQ
Thirurrangadi Market,6.0,Metric Tonnes,Other,4000.0,4200.0,4200.0,Rs./Quintal,FAQ
Thodupuzha Market,0.5,Metric Tonnes,Other,6700.0,6900.0,6900.0,Rs./Quintal,Large
Thrippunithura Market,1.0,Metric Tonnes,Carrot,6000.0,8000.0,6400.0,Rs./Quintal,Medium
Thrissur Market,7.0,Metric Tonnes,Carrot,4500.0,4500.0,4500.0,Rs./Quintal,FAQ
Vadakkenchery Market,0.2,Metric Tonnes,Carrot,9000.0,9500.0,9500.0,Rs./Quintal,FAQ
Vamanapuram Market,0.12,Metric Tonnes,Other,5000.0,5500.0,5500.0,Rs./Quintal,FAQ
Vandiperiyar Market,0.03,Metric Tonnes,Other,6000.0,6000.0,6000.0,Rs./Quintal,Grade Range-1
Vengeri(Kozhikode) Market,43.7,Metric Tonnes,Carrot,4200.0,4500.0,4500.0,Rs./Quintal,FAQ
Wadakkanchery Market,0.1,Metric Tonnes,Carrot,6000.0,6500.0,6200.0,Rs./Quintal,FAQ
Total,1563.66,Metric Tonnes,,,,6642.9,Rs./Quintal,
State/UT Name : Madhya Pradesh
Dhamnod(F&V) APMC,0.9,Metric Tonnes,Carrot,800.0,1000.0,900.0,Rs./Quintal,Local
Gadarwada (F&V) APMC,0.1,Metric Tonnes,Carrot,2000.0,2000.0,2000.0,Rs./Quintal,Grade B
Indore(F&V) APMC,7.5,Metric Tonnes,Carrot,400.0,1000.0,600.0,Rs./Quintal,Local
Rewa(F&V) APMC,0.3,Metric Tonnes,Carrot,2000.0,2000.0,2000.0,Rs./Quintal,Medium
Sehore(F&V) APMC,0.4,Metric Tonnes,Carrot,2500.0,3500.0,3000.0,Rs./Quintal,Grade Range-1
Seoni(F&V) APMC,0.6,Metric Tonnes,Carrot,930.0,930.0,930.0,Rs./Quintal,Grade C
Total,9.8,Metric Tonnes,,,,802.86,Rs./Quintal,
State/UT Name : Maharashtra
APMC Akluj ,0.9,Metric Tonnes,Other,3000.0,3900.0,3500.0,Rs./Quintal,Local
APMC Chattrapati Sambhajinagar ,7.0,Metric Tonnes,Other,1600.0,2200.0,1900.0,Rs./Quintal,Local
APMC Hingna,0.1,Metric Tonnes,Other,2500.0,3000.0,2750.0,Rs./Quintal,Local
APMC Kamthi ,0.2,Metric Tonnes,Other,2500.0,3000.0,2750.0,Rs./Quintal,Local
APMC Manchar ,0.3,Metric Tonnes,Other,1000.0,2500.0,1760.0,Rs./Quintal,Local
APMC Mumbai ,176.6,Metric Tonnes,Other,2000.0,2600.0,2300.0,Rs./Quintal,Local
APMC Nagpur ,50.0,Metric Tonnes,Other,1500.0,2000.0,1875.0,Rs./Quintal,Local
APMC Nasik ,8.5,Metric Tonnes,Other,2000.0,2500.0,2300.0,Rs./Quintal,Local
APMC Palus ,0.1,Metric Tonnes,Other,2500.0,3500.0,3000.0,Rs./Quintal,Local
APMC Panvel ,7.5,Metric Tonnes,Other,4000.0,5000.0,4500.0,Rs./Quintal,Local
APMC Pune ,62.3,Metric Tonnes,Other,1000.0,2500.0,1750.0,Rs./Quintal,Local
APMC Rahata ,0.5,Metric Tonnes,Other,1500.0,2000.0,1750.0,Rs./Quintal,Local
APMC Satara ,2.2,Metric Tonnes,Other,2000.0,3000.0,2500.0,Rs./Quintal,Local
APMC Solapur ,2.6,Metric Tonnes,Other,1000.0,4200.0,2000.0,Rs./Quintal,Local
APMC Vadgaonpeth ,1.0,Metric Tonnes,Other,2000.0,3000.0,2600.0,Rs./Quintal,Local
Junnar(Narayangaon) ,2.4,Metric Tonnes,Other,500.0,2500.0,1500.0,Rs./Quintal,Local
Pune(Khadiki) ,0.2,Metric Tonnes,Other,1300.0,1600.0,1450.0,Rs./Quintal,Local
Pune(Manjri) ,0.3,Metric Tonnes,Other,2000.0,4000.0,3000.0,Rs./Quintal,Local
Pune(Moshi) ,7.0,Metric Tonnes,Other,2000.0,3000.0,2500.0,Rs./Quintal,Local
Total,329.7,Metric Tonnes,,,,2174.17,Rs./Quintal,
State/UT Name : Meghalaya
Jowai APMC,0.5,Metric Tonnes,New Kuroda,12000.0,14000.0,13000.0,Rs./Quintal,Local
Shillong APMC,1.8,Metric Tonnes,New Kuroda,6000.0,8000.0,7000.0,Rs./Quintal,FAQ
Sohra APMC,0.6,Metric Tonnes,Carrot,2600.0,4600.0,3600.0,Rs./Quintal,Medium
Total,2.9,Metric Tonnes,,,,7331.03,Rs./Quintal,
State/UT Name : NCT of Delhi
APMC Azadpur,118.8,Metric Tonnes,Carrot,1500.0,3000.0,2200.0,Rs./Quintal,FAQ
APMC Keshopur,6.75,Metric Tonnes,Other,2500.0,3500.0,3000.0,Rs./Quintal,FAQ
"Fruit&Vegetable Market,Gazipur APMC",6.0,Metric Tonnes,Carrot,2400.0,2800.0,2600.0,Rs./Quintal,FAQ
Total,131.55,Metric Tonnes,,,,2259.29,Rs./Quintal,
State/UT Name : Odisha
Gunpur APMC,2.0,Metric Tonnes,Carrot,7300.0,8000.0,7500.0,Rs./Quintal,Local
Rayagada APMC,12.0,Metric Tonnes,Other,2900.0,3000.0,3000.0,Rs./Quintal,Local
Total,14.0,Metric Tonnes,,,,3642.86,Rs./Quintal,
State/UT Name : Punjab
Adampur APMC,0.2,Metric Tonnes,Carrot,1800.0,2000.0,2000.0,Rs./Quintal,FAQ
Bathinda APMC,25.0,Metric Tonnes,Other,2000.0,2500.0,2200.0,Rs./Quintal,Grade B
Bhawanigarh APMC,0.1,Metric Tonnes,Other,2800.0,3000.0,2900.0,Rs./Quintal,Local
Dasuya APMC,0.2,Metric Tonnes,Carrot,3000.0,3000.0,3000.0,Rs./Quintal,FAQ
Dinanagar APMC,2.65,Metric Tonnes,Other,2800.0,3000.0,2900.0,Rs./Quintal,Medium
Doraha APMC,0.010000000000000002,Metric Tonnes,Carrot,2000.0,2000.0,2000.0,Rs./Quintal,Local
Jagraon APMC,0.2,Metric Tonnes,Other,850.0,850.0,850.0,Rs./Quintal,FAQ
Jalandhar City(Jalandhar) APMC,5.1000000000000005,Metric Tonnes,Other,1000.0,2000.0,1500.0,Rs./Quintal,FAQ
Ludhiana APMC,5.0,Metric Tonnes,Other,800.0,1300.0,1200.0,Rs./Quintal,FAQ
Malerkotla APMC,3.2,Metric Tonnes,Other,1500.0,2000.0,1800.0,Rs./Quintal,Local
Naushera Pannuan APMC,0.065,Metric Tonnes,Other,2000.0,2000.0,2000.0,Rs./Quintal,Local
Patiala APMC,1.7000000000000002,Metric Tonnes,Carrot,1000.0,2000.0,1400.0,Rs./Quintal,Grade A
Patran APMC,2.0,Metric Tonnes,Other,1860.0,1860.0,1860.0,Rs./Quintal,Grade A
Patti APMC,0.21,Metric Tonnes,Other,380.0,380.0,380.0,Rs./Quintal,Local
Phagwara APMC,0.2,Metric Tonnes,Other,1875.0,1875.0,1875.0,Rs./Quintal,FAQ
Rampuraphul(Nabha Mandi) APMC,0.8,Metric Tonnes,Other,1000.0,2000.0,1500.0,Rs./Quintal,Grade A
Samana APMC,30.0,Metric Tonnes,Other,1900.0,2600.0,2100.0,Rs./Quintal,Grade Range-2
Sirhind APMC,0.2,Metric Tonnes,Other,2300.0,2500.0,2400.0,Rs./Quintal,FAQ
Total,76.84,Metric Tonnes,,,,2016.53,Rs./Quintal,
State/UT Name : Rajasthan
Jodhpur (F&V) APMC,0.8,Metric Tonnes,Other,1000.0,2000.0,1500.0,Rs./Quintal,Medium
Sriganganagar (F&V) APMC,1.3,Metric Tonnes,Carrot,2800.0,3200.0,3000.0,Rs./Quintal,Grade B
Udaipur (F&V) APMC,0.4,Metric Tonnes,Other,2000.0,2500.0,2250.0,Rs./Quintal,Medium
Total,2.5,Metric Tonnes,,,,2400.0,Rs./Quintal,
State/UT Name : Tamil Nadu
AJattihalli(Uzhavar Sandhai ),0.13,Metric Tonnes,Pusakesar,6000.0,6400.0,6200.0,Rs./Quintal,Local
Ammapet(Uzhavar Sandhai ),0.12,Metric Tonnes,Pusakesar,5600.0,6000.0,5800.0,Rs./Quintal,Local
Anaiyur(Uzhavar Sandhai ),0.12,Metric Tonnes,Pusakesar,3200.0,4500.0,3850.0,Rs./Quintal,Local
Andipatti(Uzhavar Sandhai ),0.21,Metric Tonnes,Pusakesar,4000.0,4400.0,4200.0,Rs./Quintal,Local
Anna nagar(Uzhavar Sandhai ),0.54,Metric Tonnes,Pusakesar,6800.0,6800.0,6800.0,Rs./Quintal,Local
Arani(Uzhavar Sandhai ),0.2,Metric Tonnes,Pusakesar,4000.0,4800.0,4400.0,Rs./Quintal,Local
Arcot(Uzhavar Sandhai ),0.26,Metric Tonnes,Pusakesar,5000.0,5000.0,5000.0,Rs./Quintal,Local
Ariyalur(Uzhavar Sandhai),0.02,Metric Tonnes,Pusakesar,7000.0,8000.0,7500.0,Rs./Quintal,Local
Aruppukottai(Uzhavar Sandhai ),0.12,Metric Tonnes,Pusakesar,5000.0,6000.0,5500.0,Rs./Quintal,Local
Athur(Uzhavar Sandhai ),0.31,Metric Tonnes,Pusakesar,5000.0,6000.0,5500.0,Rs./Quintal,Local
Avallapalli(Uzhavar Sandhai ),0.28,Metric Tonnes,Pusakesar,3500.0,4000.0,3750.0,Rs./Quintal,Local
Chengalpet(Uzhavar Sandhai ),0.07,Metric Tonnes,Pusakesar,9000.0,10000.0,9500.0,Rs./Quintal,Local
Chengam(Uzhavar Sandhai ),0.12,Metric Tonnes,Pusakesar,6000.0,8000.0,7000.0,Rs./Quintal,Local
Cheyyar(Uzhavar Sandhai ),0.1,Metric Tonnes,Pusakesar,4000.0,5000.0,4500.0,Rs./Quintal,Local
Chinnalapatti(Uzhavar Sandhai ),0.04,Metric Tonnes,Pusakesar,5600.0,6000.0,5800.0,Rs./Quintal,Local
Chinnamanur(Uzhavar Sandhai ),0.2,Metric Tonnes,Pusakesar,4800.0,4800.0,4800.0,Rs./Quintal,Local
Chokkikulam(Uzhavar Sandhai ),0.86,Metric Tonnes,Pusakesar,2800.0,4500.0,3650.0,Rs./Quintal,Local
Coonoor(Uzhavar Sandhai ),0.25,Metric Tonnes,Pusakesar,3500.0,4000.0,3750.0,Rs./Quintal,Local
Cuddalore(Uzhavar Sandhai ),0.18,Metric Tonnes,Pusakesar,5000.0,5000.0,5000.0,Rs./Quintal,Local
Denkanikottai(Uzhavar Sandhai ),0.28,Metric Tonnes,Pusakesar,3000.0,4000.0,3500.0,Rs./Quintal,Local
Devakottai (Uzhavar Sandhai ),0.13,Metric Tonnes,Pusakesar,3500.0,5000.0,4250.0,Rs./Quintal,Local
Dharapuram(Uzhavar Sandhai ),0.55,Metric Tonnes,Pusakesar,5500.0,6000.0,5750.0,Rs./Quintal,Local
Dharmapuri(Uzhavar Sandhai ),0.24,Metric Tonnes,Pusakesar,6200.0,6400.0,6300.0,Rs./Quintal,Local
Dindigul(Uzhavar Sandhai ),0.4,Metric Tonnes,Pusakesar,5000.0,6000.0,5500.0,Rs./Quintal,Local
Edapadi (Uzhavar Sandhai ),0.16,Metric Tonnes,Pusakesar,5500.0,6000.0,5750.0,Rs./Quintal,Local
Elampillai(Uzhavar Sandhai ),0.2,Metric Tonnes,Pusakesar,5000.0,6000.0,5500.0,Rs./Quintal,Local
Gandhigramam(Uzhavar Sandhai),0.14,Metric Tonnes,Pusakesar,5500.0,6000.0,5750.0,Rs./Quintal,Local
Gingee(Uzhavar Sandhai ),0.02,Metric Tonnes,Pusakesar,5500.0,5500.0,5500.0,Rs./Quintal,Local
Gobichettipalayam(Uzhavar Sandhai ),0.14,Metric Tonnes,Pusakesar,5400.0,5800.0,5600.0,Rs./Quintal,Local
Gudalur(Uzhavar Sandhai ),0.03,Metric Tonnes,Pusakesar,3500.0,4000.0,3750.0,Rs./Quintal,Local
Gudiyatham(Uzhavar Sandhai ),0.05,Metric Tonnes,Pusakesar,5000.0,5000.0,5000.0,Rs./Quintal,Local
Harur(Uzhavar Sandhai ),0.11,Metric Tonnes,Pusakesar,5000.0,6000.0,5500.0,Rs./Quintal,Local
Hasthampatti(Uzhavar Sandhai ),0.18,Metric Tonnes,Pusakesar,5000.0,6000.0,5500.0,Rs./Quintal,Local
Hosur(Uzhavar Sandhai ),5.08,Metric Tonnes,Pusakesar,3500.0,4000.0,3750.0,Rs./Quintal,Local
Jalagandapuram(Uzhavar Sandhai ),0.06,Metric Tonnes,Pusakesar,5500.0,6000.0,5750.0,Rs./Quintal,Local
Jameenrayapettai(Uzhavar Sandhai ),0.06,Metric Tonnes,Pusakesar,6000.0,7000.0,6500.0,Rs./Quintal,Local
KKNagar(Uzhavar Sandhai ),0.65,Metric Tonnes,Pusakesar,6600.0,6600.0,6600.0,Rs./Quintal,Local
Kahithapattarai(Uzhavar Sandhai ),0.13,Metric Tonnes,Pusakesar,4600.0,4600.0,4600.0,Rs./Quintal,Local
Kallakurichi(Uzhavar Sandhai ),0.06,Metric Tonnes,Pusakesar,7000.0,7000.0,7000.0,Rs./Quintal,Local
Kambam(Uzhavar Sandhai ),0.75,Metric Tonnes,Pusakesar,4400.0,4400.0,4400.0,Rs./Quintal,Local
Karaikudi(Uzhavar Sandhai ),0.08,Metric Tonnes,Pusakesar,3600.0,5000.0,4300.0,Rs./Quintal,Local
Karimangalam(Uzhavar Sandhai),0.11,Metric Tonnes,Pusakesar,6000.0,6500.0,6250.0,Rs./Quintal,Local
Kariyapatti(Uzhavar Sandhai ),0.07,Metric Tonnes,Pusakesar,5500.0,6000.0,5750.0,Rs./Quintal,Local
Karur(Uzhavar Sandhai ),0.31,Metric Tonnes,Pusakesar,5500.0,6000.0,5750.0,Rs./Quintal,Local
Katpadi (Uzhavar Sandhai ),0.3,Metric Tonnes,Pusakesar,4500.0,4500.0,4500.0,Rs./Quintal,Local
Kaveripattinam(Uzhavar Sandhai ),0.03,Metric Tonnes,Pusakesar,5000.0,5000.0,5000.0,Rs./Quintal,Local
Kovilpatti(Uzhavar Sandhai ),0.09,Metric Tonnes,Pusakesar,6000.0,6500.0,6250.0,Rs./Quintal,Local
Krishnagiri(Uzhavar Sandhai ),0.34,Metric Tonnes,Pusakesar,6500.0,7000.0,6750.0,Rs./Quintal,Local
Kulithalai(Uzhavar Sandhai ),0.22,Metric Tonnes,Pusakesar,5600.0,6000.0,5800.0,Rs./Quintal,Local
Kumarapalayam(Uzhavar Sandhai ),0.03,Metric Tonnes,Pusakesar,7500.0,8000.0,7750.0,Rs./Quintal,Local
Kumbakonam (Uzhavar Sandhai ),0.19,Metric Tonnes,Pusakesar,6000.0,7200.0,6600.0,Rs./Quintal,Local
Kundrathur(Uzhavar Sandhai ),0.03,Metric Tonnes,Pusakesar,4500.0,4500.0,4500.0,Rs./Quintal,Local
Lalgudi(Uzhavar Sandhai ),0.14,Metric Tonnes,Pusakesar,6600.0,6600.0,6600.0,Rs./Quintal,Local
Manachanallur(Uzhavar Sandhai ),0.11,Metric Tonnes,Pusakesar,6600.0,6600.0,6600.0,Rs./Quintal,Local
Manapparai(Uzhavar Sandhai ),0.05,Metric Tonnes,Pusakesar,7000.0,7000.0,7000.0,Rs./Quintal,Local
Mannargudi I(Uzhavar Sandhai ),0.53,Metric Tonnes,Pusakesar,5400.0,5400.0,5400.0,Rs./Quintal,Local
Mannargudi II(Uzhavar Sandhai ),0.14,Metric Tonnes,Pusakesar,5400.0,5400.0,5400.0,Rs./Quintal,Local
Mayiladuthurai(Uzhavar Sandhai ),0.01,Metric Tonnes,Pusakesar,7000.0,8000.0,7500.0,Rs./Quintal,Local
Melapalayam(Uzhavar Sandhai ),0.36,Metric Tonnes,Pusakesar,3000.0,5400.0,4200.0,Rs./Quintal,Local
Mettupalayam(Uzhavar Sandhai ),0.48,Metric Tonnes,Pusakesar,4500.0,5000.0,4750.0,Rs./Quintal,Local
Mettur(Uzhavar Sandhai ),0.15,Metric Tonnes,Pusakesar,5000.0,6000.0,5500.0,Rs./Quintal,Local
Mohanur(Uzhavar Sandhai ),0.05,Metric Tonnes,Pusakesar,7200.0,8000.0,7600.0,Rs./Quintal,Local
Musiri(Uzhavar Sandhai ),0.37,Metric Tonnes,Pusakesar,6000.0,7000.0,6500.0,Rs./Quintal,Local
Myladi(Uzhavar Sandhai ),0.02,Metric Tonnes,Pusakesar,6500.0,7000.0,6750.0,Rs./Quintal,Local
Nagapattinam(Uzhavar Sandhai ),0.07,Metric Tonnes,Pusakesar,7800.0,7800.0,7800.0,Rs./Quintal,Local
Namakkal(Uzhavar Sandhai ),0.39,Metric Tonnes,Pusakesar,5500.0,6000.0,5750.0,Rs./Quintal,Local
Nanganallur(Uzhavar Sandhai ),0.12,Metric Tonnes,Pusakesar,7500.0,8000.0,7750.0,Rs./Quintal,Local
Natrampalli(Uzhavar Sandhai ),0.35,Metric Tonnes,Pusakesar,5000.0,6000.0,5500.0,Rs./Quintal,Local
Palacode(Uzhavar Sandhai ),0.17,Metric Tonnes,Pusakesar,5600.0,6000.0,5800.0,Rs./Quintal,Local
Palanganatham(Uzhavar Sandhai ),0.5,Metric Tonnes,Pusakesar,3200.0,4500.0,3850.0,Rs./Quintal,Local
Palani(Uzhavar Sandhai ),0.6,Metric Tonnes,Pusakesar,5000.0,6200.0,5600.0,Rs./Quintal,Local
Palayamkottai(Uzhavar Sandhai ),0.9,Metric Tonnes,Pusakesar,3000.0,5400.0,4200.0,Rs./Quintal,Local
Palladam(Uzhavar Sandhai ),0.07,Metric Tonnes,Pusakesar,5500.0,6000.0,5750.0,Rs./Quintal,Local
Pallavaram(Uzhavar Sandhai ),0.11,Metric Tonnes,Pusakesar,6000.0,7000.0,6500.0,Rs./Quintal,Local
Pallikonda(Uzhavar Sandhai),0.02,Metric Tonnes,Pusakesar,4000.0,4500.0,4250.0,Rs./Quintal,Local
Paramakudi(Uzhavar Sandhai ),0.18,Metric Tonnes,Pusakesar,7000.0,7500.0,7250.0,Rs./Quintal,Local
Paramathivelur(Uzhavar Sandhai ),0.07,Metric Tonnes,Pusakesar,5700.0,6500.0,6100.0,Rs./Quintal,Local
Paruthipattu(Uzhavar Sandhai ),0.08,Metric Tonnes,Pusakesar,5000.0,5000.0,5000.0,Rs./Quintal,Local
Pattukottai(Uzhavar Sandhai ),0.1,Metric Tonnes,Pusakesar,7000.0,7000.0,7000.0,Rs./Quintal,Local
Pennagaram(Uzhavar Sandhai ),0.11,Metric Tonnes,Pusakesar,7500.0,8000.0,7750.0,Rs./Quintal,Local
Perambalur(Uzhavar Sandhai ),0.18,Metric Tonnes,Pusakesar,7200.0,7200.0,7200.0,Rs./Quintal,Local
Perampet(Uzhavar Sandhai),0.02,Metric Tonnes,Pusakesar,5600.0,5600.0,5600.0,Rs./Quintal,Local
Peravurani(Uzhavar Sandhai),0.01,Metric Tonnes,Pusakesar,7000.0,7000.0,7000.0,Rs./Quintal,Local
Periyakulam(Uzhavar Sandhai ),0.16,Metric Tonnes,Pusakesar,4400.0,4400.0,4400.0,Rs./Quintal,Local
Perundurai(Uzhavar Sandhai ),0.01,Metric Tonnes,Pusakesar,6000.0,6500.0,6250.0,Rs./Quintal,Local
Pollachi(Uzhavar Sandhai ),0.14,Metric Tonnes,Pusakesar,5000.0,5500.0,5250.0,Rs./Quintal,Local
Polur(Uzhavar Sandhai ),0.15,Metric Tonnes,Pusakesar,4000.0,4800.0,4400.0,Rs./Quintal,Local
Pudukottai(Uzhavar Sandhai ),0.21,Metric Tonnes,Pusakesar,6000.0,6500.0,6250.0,Rs./Quintal,Local
RSPuram(Uzhavar Sandhai ),2.29,Metric Tonnes,Pusakesar,4400.0,4800.0,4600.0,Rs./Quintal,Local
Rajapalayam(Uzhavar Sandhai ),0.22,Metric Tonnes,Pusakesar,4000.0,4500.0,4250.0,Rs./Quintal,Local
Ramanathapuram(Uzhavar Sandhai ),0.08,Metric Tonnes,Pusakesar,7000.0,7500.0,7250.0,Rs./Quintal,Local
Ranipettai(Uzhavar Sandhai ),0.05,Metric Tonnes,Pusakesar,5600.0,6000.0,5800.0,Rs./Quintal,Local
Rasipuram(Uzhavar Sandhai ),0.13,Metric Tonnes,Pusakesar,6500.0,7000.0,6750.0,Rs./Quintal,Local
Sampath Nagar(Uzhavar Sandhai ),0.15,Metric Tonnes,Pusakesar,4600.0,5000.0,4800.0,Rs./Quintal,Local
Sankarapuram(Uzhavar Sandhai ),0.17,Metric Tonnes,Pusakesar,7000.0,7000.0,7000.0,Rs./Quintal,Local
Sathiyamagalam(Uzhavar Sandhai ),0.16,Metric Tonnes,Pusakesar,5500.0,6000.0,5750.0,Rs./Quintal,Local
Sathur(Uzhavar Sandhai ),0.02,Metric Tonnes,Pusakesar,3500.0,4000.0,3750.0,Rs./Quintal,Local
Singampunari(Uzhavar Sandhai ),0.05,Metric Tonnes,Pusakesar,3400.0,4600.0,4000.0,Rs./Quintal,Local
Singanallur(Uzhavar Sandhai ),1.16,Metric Tonnes,Pusakesar,4500.0,5000.0,4750.0,Rs./Quintal,Local
Sirkali(Uzhavar Sandhai ),0.05,Metric Tonnes,Pusakesar,8000.0,8000.0,8000.0,Rs./Quintal,Local
Sivagangai (Uzhavar Sandhai ),0.21,Metric Tonnes,Pusakesar,3400.0,4600.0,4000.0,Rs./Quintal,Local
Sivakasi(Uzhavar Sandhai ),0.02,Metric Tonnes,Pusakesar,2500.0,3000.0,2750.0,Rs./Quintal,Local
Sooramangalam(Uzhavar Sandhai ),0.44,Metric Tonnes,Pusakesar,5000.0,6000.0,5500.0,Rs./Quintal,Local
Srivilliputhur(Uzhavar Sandhai ),0.08,Metric Tonnes,Pusakesar,3800.0,4500.0,4150.0,Rs./Quintal,Local
Sulur(Uzhavar Sandhai ),0.26,Metric Tonnes,Pusakesar,4500.0,5000.0,4750.0,Rs./Quintal,Local
Sundarapuram(Uzhavar Sandhai ),0.24,Metric Tonnes,Pusakesar,4500.0,5000.0,4750.0,Rs./Quintal,Local
Sunguvarchatram(Uzhavar Sandhai ),0.03,Metric Tonnes,Pusakesar,4500.0,4500.0,4500.0,Rs./Quintal,Local
Thalavadi(Uzhavar Sandhai ),0.08,Metric Tonnes,Pusakesar,6000.0,6500.0,6250.0,Rs./Quintal,Local
Thalavaipuram(Uzhavar Sandhai ),0.04,Metric Tonnes,Pusakesar,3600.0,4500.0,4050.0,Rs./Quintal,Local
Thammampatti (Uzhavar Sandhai ),0.14,Metric Tonnes,Pusakesar,5200.0,6200.0,5700.0,Rs./Quintal,Local
Thanjavur(Uzhavar Sandhai ),0.26,Metric Tonnes,Pusakesar,5400.0,5400.0,5400.0,Rs./Quintal,Local
Thathakapatti(Uzhavar Sandhai ),0.32,Metric Tonnes,Pusakesar,5000.0,6000.0,5500.0,Rs./Quintal,Local
Theni(Uzhavar Sandhai ),1.11,Metric Tonnes,Pusakesar,3000.0,4400.0,3700.0,Rs./Quintal,Local
Thirupathur APMC,0.4,Metric Tonnes,Pusakesar,6400.0,6400.0,6400.0,Rs./Quintal,Local
Thiruverumbur(Uzhavar Sandhai ),0.15,Metric Tonnes,Pusakesar,6600.0,6600.0,6600.0,Rs./Quintal,Local
Thuraiyur APMC,0.14,Metric Tonnes,Pusakesar,7000.0,7000.0,7000.0,Rs./Quintal,Local
Tindivanam APMC,0.07,Metric Tonnes,Pusakesar,5800.0,5800.0,5800.0,Rs./Quintal,Local
Tiruchengode APMC,0.14,Metric Tonnes,Pusakesar,5000.0,6000.0,5500.0,Rs./Quintal,Local
Tirukattupalli(Uzhavar Sandhai ),0.13,Metric Tonnes,Pusakesar,5400.0,5400.0,5400.0,Rs./Quintal,Local
Tirupatthur(Uzhavar Sandhai ),0.13,Metric Tonnes,Pusakesar,3500.0,4000.0,3750.0,Rs./Quintal,Local
Tiruppur (North) (Uzhavar Sandhai ),0.12,Metric Tonnes,Pusakesar,5000.0,6000.0,5500.0,Rs./Quintal,Local
Tiruppur (South) (Uzhavar Sandhai ),0.45,Metric Tonnes,Pusakesar,3000.0,4000.0,3500.0,Rs./Quintal,Local
Tiruthani(Uzhavar Sandhai ),0.06,Metric Tonnes,Pusakesar,6000.0,6000.0,6000.0,Rs./Quintal,Local
Tiruvannamalai(Uzhavar Sandhai ),0.28,Metric Tonnes,Pusakesar,4000.0,5000.0,4500.0,Rs./Quintal,Local
Tuticorin(Uzhavar Sandhai ),0.24,Metric Tonnes,Pusakesar,5000.0,6000.0,5500.0,Rs./Quintal,Local
Udhagamandalam(Uzhavar Sandhai ),0.45,Metric Tonnes,Pusakesar,3500.0,4000.0,3750.0,Rs./Quintal,Local
Udumalpet APMC,0.24,Metric Tonnes,Pusakesar,6000.0,6800.0,6400.0,Rs./Quintal,Local
Vadalur(Uzhavar Sandhai ),0.05,Metric Tonnes,Pusakesar,6000.0,6000.0,6000.0,Rs./Quintal,Local
Vadaseri APMC,0.2,Metric Tonnes,Pusakesar,7000.0,7500.0,7250.0,Rs./Quintal,Local
Vadavalli(Uzhavar Sandhai ),0.58,Metric Tonnes,Pusakesar,4500.0,4800.0,4650.0,Rs./Quintal,Local
Vandavasi(Uzhavar Sandhai ),0.03,Metric Tonnes,Pusakesar,4000.0,5000.0,4500.0,Rs./Quintal,Local
Vaniyampadi(Uzhavar Sandhai ),0.74,Metric Tonnes,Pusakesar,6000.0,6000.0,6000.0,Rs./Quintal,Local
Vazhapadi(Uzhavar Sandhai),0.02,Metric Tonnes,Pusakesar,5000.0,6000.0,5500.0,Rs./Quintal,Local
Vellore APMC,0.3,Metric Tonnes,Pusakesar,3500.0,3800.0,3650.0,Rs./Quintal,Local
Villupuram(Uzhavar Sandhai ),0.04,Metric Tonnes,Pusakesar,7000.0,7000.0,7000.0,Rs./Quintal,Local
Virudhunagar(Uzhavar Sandhai ),0.02,Metric Tonnes,Pusakesar,6500.0,7000.0,6750.0,Rs./Quintal,Local
Viruthachalam(Uzhavar Sandhai ),0.03,Metric Tonnes,Pusakesar,5000.0,5000.0,5000.0,Rs./Quintal,Local
Total,35.25,Metric Tonnes,,,,4973.15,Rs./Quintal,
State/UT Name : Telangana
"Alwal,RBZ",1.2000000000000002,Metric Tonnes,Other,4700.0,4700.0,4700.0,Rs./Quintal,FAQ
Bowenpally APMC,723.8000000000001,Metric Tonnes,Carrot,500.0,4200.0,3000.0,Rs./Quintal,FAQ
"Excise Colony,RBZ ",0.17,Metric Tonnes,Other,6000.0,6000.0,6000.0,Rs./Quintal,Grade A
Gudimalkapur APMC,31.3,Metric Tonnes,Carrot,1600.0,3000.0,2400.0,Rs./Quintal,Grade B
Karimnagar APMC,0.285,Metric Tonnes,Carrot,2000.0001000000002,2000.0001000000002,2000.0001000000002,Rs./Quintal,Medium
"Kukatpally,RBZ",10.4,Metric Tonnes,Carrot,4700.0,4700.0,4700.0,Rs./Quintal,Local
L B Nagar APMC,7.2,Metric Tonnes,Carrot,3000.0,4000.0,3500.0,Rs./Quintal,Medium
Mahboob Manison APMC,1.7000000000000002,Metric Tonnes,Carrot,3000.0,4000.0,3500.0,Rs./Quintal,Medium
Miryalguda(Rythu Bazar) ,0.1,Metric Tonnes,Carrot,5000.0,5000.0,5000.0,Rs./Quintal,Grade A
RYTHU BAZAR FALAKNUMA,1.4,Metric Tonnes,Carrot,4700.0,4700.0,4700.0,Rs./Quintal,Grade A
RYTHU BAZAR MEHDIPATNAM,3.2,Metric Tonnes,Carrot,4700.0,4700.0,4700.0,Rs./Quintal,Grade A
Sangareddy APMC,0.2,Metric Tonnes,Other,3000.0,3000.0,3000.0,Rs./Quintal,Grade B
"Saroornagar,RBZ",2.6,Metric Tonnes,Other,4700.0,4700.0,4700.0,Rs./Quintal,Medium
Shadnagar APMC,2.1,Metric Tonnes,Carrot,1600.0,2200.0,1800.0,Rs./Quintal,Local
Siddipet(Rythu Bazar) ,1.0,Metric Tonnes,Carrot,4400.0,5200.0,4800.0,Rs./Quintal,Grade A
"Vanasthalipuram,RBZ ",2.4,Metric Tonnes,Carrot,4700.0,4700.0,4700.0,Rs./Quintal,Grade A
Warangal APMC,2.6,Metric Tonnes,Carrot,4000.0,4500.0,4250.0,Rs./Quintal,FAQ
Total,791.66,Metric Tonnes,,,,3031.16,Rs./Quintal,
State/UT Name : Tripura
Kadamtala,0.1,Metric Tonnes,Carrot,7000.0,12000.0,9000.0,Rs./Quintal,FAQ
Total,0.1,Metric Tonnes,,,,9000.0,Rs./Quintal,
State/UT Name : Uttar Pradesh
Hasanpur APMC,0.4,Metric Tonnes,Other,1850.0,2020.0,2000.0,Rs./Quintal,FAQ
Maigalganj APMC,0.4,Metric Tonnes,Carrot,1225.0,1275.0,1250.0,Rs./Quintal,FAQ
Siyana APMC,1.2000000000000002,Metric Tonnes,Carrot,1100.0,1140.0,1120.0,Rs./Quintal,Medium
Total,2.0,Metric Tonnes,,,,1322.0,Rs./Quintal,
State/UT Name : Uttarakhand
Kashipur APMC,1.1,Metric Tonnes,Other,2400.0,2500.0,2450.0,Rs./Quintal,Local
Total,1.1,Metric Tonnes,,,,2450.0,Rs./Quintal,
State/UT Name : West Bengal
Gangarampur(Dakshin Dinajpur) APMC,0.1,Metric Tonnes,Other,4000.0,4500.0,4200.0,Rs./Quintal,FAQ
Ghatal APMC,1.9000000000000001,Metric Tonnes,Carrot,3400.0,3600.0,3500.0,Rs./Quintal,FAQ
Jhargram APMC,0.35000000000000003,Metric Tonnes,Other,2900.0,3300.0,3100.0,Rs./Quintal,FAQ
Karsiyang(Matigara) APMC,0.2,Metric Tonnes,Other,3100.0,3300.0,3200.0,Rs./Quintal,FAQ
Sealdah Koley Market APMC,11.600000000000001,Metric Tonnes,Other,3500.0,4500.0,4000.0,Rs./Quintal,FAQ
Total,14.15,Metric Tonnes,,,,3900.71,Rs./Quintal,
Grand Total,3247.6,Metric Tonnes,,,,4721.3,Rs./Quintal,
Onion
State/UT Name : Andhra Pradesh
Kurnool APMC,405.5,Metric Tonnes,Local,1500.0,4555.0,3689.0,Rs./Quintal,FAQ
Yerraguntla APMC,0.1,Metric Tonnes,Local,2600.0,3000.0,2800.0,Rs./Quintal,FAQ
Total,405.6,Metric Tonnes,,,,3688.78,Rs./Quintal,
State/UT Name : Assam
Dhekiajuli APMC,3.5,Metric Tonnes,Onion,5200.0,5400.0,5300.0,Rs./Quintal,FAQ
Pamohi(Garchuk) APMC,30.0,Metric Tonnes,Onion,5400.0,6000.0,5600.0,Rs./Quintal,FAQ
Pamohi(Garchuk) APMC,45.0,Metric Tonnes,Other,5200.0,5800.0,5400.0,Rs./Quintal,FAQ
Tinsukia Market,8.0,Metric Tonnes,Onion,4700.0,5200.0,5000.0,Rs./Quintal,FAQ
Total,86.5,Metric Tonnes,,,,5428.32,Rs./Quintal,
State/UT Name : Bihar
Balliah APMC,2.5,Metric Tonnes,1st Sort,4800.0,5000.0,4900.0,Rs./Quintal,Grade A
Balliah APMC,3.0,Metric Tonnes,1st Sort,4800.0,5000.0,4900.0,Rs./Quintal,Grade B
Balliah APMC,2.5,Metric Tonnes,1st Sort,4800.0,5000.0,4900.0,Rs./Quintal,Grade C
Bhagwanpur Mandi APMC,12.3,Metric Tonnes,Medium,4200.0,4200.0,4200.0,Rs./Quintal,Grade C
Chhapra APMC,120.0,Metric Tonnes,Other,4200.0,4800.0,4400.0,Rs./Quintal,Grade A
Daunagar APMC,25.0,Metric Tonnes,1st Sort,2800.0,3200.0,2900.0,Rs./Quintal,Local
Khagaria APMC,25.0,Metric Tonnes,Red,4500.0,4960.0,4600.0,Rs./Quintal,Grade A
Madhuban APMC,100.0,Metric Tonnes,1st Sort,4000.0,4400.0,4200.0,Rs./Quintal,Local
Madhubani APMC,30.0,Metric Tonnes,Nasik,4500.0,4800.0,4600.0,Rs./Quintal,FAQ
Motihari APMC,100.0,Metric Tonnes,Other,4500.0,4800.0,4600.0,Rs./Quintal,Grade A
Raxaul APMC,3.0,Metric Tonnes,1st Sort,4200.0,4400.0,4300.0,Rs./Quintal,Grade A
Saharsa APMC,21.0,Metric Tonnes,Onion,2500.0,2900.0,2800.0,Rs./Quintal,FAQ
Total,444.3,Metric Tonnes,,,,4267.52,Rs./Quintal,
State/UT Name : Chandigarh
Chandigarh (Grain/F&V) APMC,131.28,Metric Tonnes,Onion,2500.0,4800.0,4400.0,Rs./Quintal,FAQ
Total,131.28,Metric Tonnes,,,,4400.0,Rs./Quintal,
State/UT Name : Chattisgarh
Durg APMC,7.4,Metric Tonnes,Onion,3000.0,3200.0,3000.0,Rs./Quintal,Medium
Rajnandgaon APMC,29.0,Metric Tonnes,Onion,4600.0,5000.0,4800.0,Rs./Quintal,Grade B
Tiphra APMC,35.0,Metric Tonnes,Local,5000.0,5500.0,5200.0,Rs./Quintal,Grade B
Total,71.4,Metric Tonnes,,,,4809.52,Rs./Quintal,
State/UT Name : Goa
Mapusa APMC,4.4,Metric Tonnes,Onion,2500.0,3200.0,2850.0,Rs./Quintal,FAQ
Total,4.4,Metric Tonnes,,,,2850.0,Rs./Quintal,
State/UT Name : Gujarat
Ahmedabad(Chimanbhai Patal Market Vasana) APMC,443.90000000000003,Metric Tonnes,Nasik,3000.0,5200.0,4850.0,Rs./Quintal,FAQ
Ahmedabad(Chimanbhai Patal Market Vasana) APMC,145.1,Metric Tonnes,Other,2500.0,4800.0,4550.0,Rs./Quintal,FAQ
"Anand(Veg,Yard,Anand) APMC",57.7,Metric Tonnes,Onion,4000.0,5000.0,4500.0,Rs./Quintal,Grade B
Ankleshwar APMC,15.0,Metric Tonnes,Onion,2500.0,4000.0,3500.0,Rs./Quintal,Grade A
Bharuch APMC,22.5,Metric Tonnes,Other,1500.0,3000.0,2000.0,Rs./Quintal,Local
Bhuj APMC,71.7,Metric Tonnes,Other,4700.0,5300.0,5000.0,Rs./Quintal,FAQ
Bilimora APMC,1.2000000000000002,Metric Tonnes,Nasik,3500.0,5500.0,5000.0,Rs./Quintal,FAQ
Dahod(Veg. Market) APMC,1.8,Metric Tonnes,Onion,4000.0,5500.0,5000.0,Rs./Quintal,Local
Deesa(Deesa Veg Yard) APMC,65.8,Metric Tonnes,Other,3500.0,4700.0,4100.0,Rs./Quintal,FAQ
Himatnagar(Veg.Market Himatnagar) APMC,1.5,Metric Tonnes,Onion,4000.0,4500.0,4320.0,Rs./Quintal,Local
Jamnagar APMC,73.10000000000001,Metric Tonnes,Other,2500.0,4500.0,3925.0,Rs./Quintal,Local
Jetpur(Dist.Rajkot) APMC,17.6,Metric Tonnes,Onion,755.0,4005.0,3505.0,Rs./Quintal,FAQ
Kapadvanj APMC,8.0,Metric Tonnes,Onion,3000.0,4000.0,3500.0,Rs./Quintal,Medium
Khambhat(Veg Yard Khambhat) APMC,0.30000000000000004,Metric Tonnes,Other,5000.0,5500.0,5200.0,Rs./Quintal,Local
Mahuva(Station Road) APMC,31.9,Metric Tonnes,White,1125.0,4305.0,2715.0,Rs./Quintal,FAQ
Mahuva(Station Road) APMC,132.6,Metric Tonnes,Red,505.0,4590.0,2548.0,Rs./Quintal,FAQ
Mehsana(Mehsana Veg) APMC,24.200000000000003,Metric Tonnes,Onion,2000.0,4700.0,4000.0,Rs./Quintal,Local
Nadiyad(Piplag) APMC,16.8,Metric Tonnes,Onion,2000.0,2200.0,2100.0,Rs./Quintal,FAQ
Navsari APMC,10.200000000000001,Metric Tonnes,Onion,4000.0,5500.0,4750.0,Rs./Quintal,Grade A
Padra APMC,10.4,Metric Tonnes,Other,4000.0,5500.0,4750.0,Rs./Quintal,FAQ
Porbandar APMC,7.5,Metric Tonnes,Other,4000.0,5000.0,4500.0,Rs./Quintal,FAQ
Rajkot(Veg.Sub Yard) APMC,188.9,Metric Tonnes,Onion,1955.0,4455.0,3655.0,Rs./Quintal,FAQ
Surat APMC,210.0,Metric Tonnes,Other,2350.0,5500.0,3925.0,Rs./Quintal,FAQ
Vadodara(Sayajipura) APMC,24.1,Metric Tonnes,Onion,3000.0,5200.0,4150.0,Rs./Quintal,FAQ
Visavadar APMC,0.05,Metric Tonnes,Onion,2750.0,4750.0,3750.0,Rs./Quintal,FAQ
Total,1581.85,Metric Tonnes,,,,4109.89,Rs./Quintal,
State/UT Name : Haryana
Ambala City(Subji Mandi) APMC,54.0,Metric Tonnes,Other,3250.0,3250.0,3250.0,Rs./Quintal,Non-FAQ
Bahadurgarh APMC,31.8,Metric Tonnes,Other,4000.0,5500.0,4500.0,Rs./Quintal,FAQ
Ballabhgarh APMC,9.5,Metric Tonnes,Onion,3000.0,4500.0,3600.0,Rs./Quintal,FAQ
Barwala APMC,0.6000000000000001,Metric Tonnes,Onion,4000.0,4500.0,4250.0,Rs./Quintal,FAQ
Barwala(Hisar) APMC,1.0,Metric Tonnes,Onion,5000.0,5400.0,5200.0,Rs./Quintal,Local
Ch. Dadri APMC,3.5,Metric Tonnes,Onion,3000.0,4500.0,3750.0,Rs./Quintal,Medium
Chhachrauli APMC,0.1,Metric Tonnes,Onion,4200.0,4500.0,4200.0,Rs./Quintal,Local
Dhand APMC,0.6000000000000001,Metric Tonnes,Other,4000.0,5000.0,4800.0,Rs./Quintal,Medium
Farukh Nagar APMC,1.5,Metric Tonnes,Other,4200.0,4800.0,4300.0,Rs./Quintal,Medium
Fatehabad APMC,14.0,Metric Tonnes,Other,4500.0,4500.0,4500.0,Rs./Quintal,Local
Ganaur APMC,1.9000000000000001,Metric Tonnes,Onion,4000.0,4500.0,4200.0,Rs./Quintal,FAQ
Gharaunda APMC,2.0,Metric Tonnes,Other,4200.0,4400.0,4400.0,Rs./Quintal,Local
Gohana APMC,5.0,Metric Tonnes,Other,3000.0,5000.0,4000.0,Rs./Quintal,Medium
Gurgaon APMC,79.0,Metric Tonnes,Other,4000.0,4400.0,4200.0,Rs./Quintal,Grade B
Hansi APMC,31.5,Metric Tonnes,Other,3000.0,3500.0,3250.0,Rs./Quintal,FAQ
Hissar APMC,6.7,Metric Tonnes,Other,3200.0,5000.0,4200.0,Rs./Quintal,Medium
Hodal APMC,1.5,Metric Tonnes,Onion,1800.0,2000.0,1900.0,Rs./Quintal,FAQ
Indri APMC,0.75,Metric Tonnes,Other,3800.0,3800.0,3800.0,Rs./Quintal,FAQ
Jagadhri APMC,22.501,Metric Tonnes,Other,3500.0,4100.0,4100.0,Rs./Quintal,FAQ
Jhajjar APMC,0.3,Metric Tonnes,Other,5000.0,5000.0,5000.0,Rs./Quintal,Medium
Kharkhoda APMC,3.0,Metric Tonnes,Other,3000.0,4000.0,3600.0,Rs./Quintal,FAQ
Kosli APMC,0.2,Metric Tonnes,Other,2500.0,2500.0,2500.0,Rs./Quintal,FAQ
Ladwa APMC,1.4000000000000001,Metric Tonnes,Other,5000.0,6000.0,5500.0,Rs./Quintal,Medium
Madlauda APMC,0.30000000000000004,Metric Tonnes,Onion,3500.0,3500.0,3500.0,Rs./Quintal,FAQ
Meham,0.2,Metric Tonnes,Medium,4500.0,4500.0,4500.0,Rs./Quintal,Medium
Mohindergarh APMC,2.6850000000000005,Metric Tonnes,Onion,2500.0,2500.0,2500.0,Rs./Quintal,Medium
Mustafabad APMC,0.06,Metric Tonnes,Onion,3000.0,3500.0,3500.0,Rs./Quintal,FAQ
Naraingarh APMC,1.6500000000000001,Metric Tonnes,Onion,2200.0,4000.0,3400.0,Rs./Quintal,Medium
Narnaul APMC,2.2,Metric Tonnes,Onion,4000.0,5500.0,4500.0,Rs./Quintal,Medium
Narwana APMC,5.6000000000000005,Metric Tonnes,Onion,4000.0,4500.0,4250.0,Rs./Quintal,Non-FAQ
Nuh APMC,1.0,Metric Tonnes,Other,2500.0,2500.0,2500.0,Rs./Quintal,Local
Panipat APMC,24.0,Metric Tonnes,Onion,2000.0,4000.0,3000.0,Rs./Quintal,Local
Pataudi APMC,1.9,Metric Tonnes,Onion,3000.0,4500.0,3500.0,Rs./Quintal,Grade B
Pundri APMC,0.4,Metric Tonnes,Other,4100.0,4200.0,4150.0,Rs./Quintal,FAQ
Radaur APMC,0.8,Metric Tonnes,Nasik,4000.0,4500.0,4200.0,Rs./Quintal,Medium
Raipur Rani APMC,0.25,Metric Tonnes,Onion,2300.0,2500.0,2300.0,Rs./Quintal,Local
Rania APMC,0.1,Metric Tonnes,Other,0.11,0.15,0.12,Rs./Quintal,Non-FAQ
Rania(Jiwan nagar) APMC,0.15000000000000002,Metric Tonnes,Other,250.0,400.0,300.0,Rs./Quintal,Non-FAQ
Ratia APMC,23.0,Metric Tonnes,Other,4000.0,4500.0,4200.0,Rs./Quintal,Grade A
Rewari APMC,2.7,Metric Tonnes,Medium,4000.0,6000.0,5000.0,Rs./Quintal,Medium
Rohtak APMC,20.5,Metric Tonnes,Other,1000.0,2500.0,1500.0,Rs./Quintal,Medium
Sadhaura APMC,2.2,Metric Tonnes,Onion,2700.0,2900.0,2800.0,Rs./Quintal,Local
Sampla APMC,1.5,Metric Tonnes,Other,4000.0,4500.0,4000.0,Rs./Quintal,Local
Shahabad APMC,6.7,Metric Tonnes,Onion,3900.0,4700.0,4205.0,Rs./Quintal,Medium
Sirsa APMC,14.4,Metric Tonnes,Other,3400.0,4500.0,4000.0,Rs./Quintal,FAQ
Siwan APMC,2.5,Metric Tonnes,Other,4600.0,4800.0,4700.0,Rs./Quintal,FAQ
Sohna APMC,2.7,Metric Tonnes,Onion,4000.0,4500.0,4500.0,Rs./Quintal,Local
Sonepat APMC,10.5,Metric Tonnes,Onion,4000.0,4800.0,4500.0,Rs./Quintal,FAQ
Tarori APMC,1.1,Metric Tonnes,Other,2000.0,3000.0,2500.0,Rs./Quintal,Medium
Tauru APMC,3.7,Metric Tonnes,Nasik,4800.0,4800.0,4800.0,Rs./Quintal,FAQ
Thanesar APMC,19.200000000000003,Metric Tonnes,Onion,4500.0,5300.0,4900.0,Rs./Quintal,Medium
Tohana(New Veg Market) APMC,4.5,Metric Tonnes,Onion,4000.0,5000.0,4800.0,Rs./Quintal,FAQ
Uklana APMC,0.30000000000000004,Metric Tonnes,Onion,4000.0,4000.0,4000.0,Rs./Quintal,Medium
Total,429.15,Metric Tonnes,,,,3836.15,Rs./Quintal,
State/UT Name : Himachal Pradesh
PMY Bilaspur,2.9000000000000004,Metric Tonnes,Other,4600.0,5000.0,4800.0,Rs./Quintal,Grade B
PMY Chamba,1.592,Metric Tonnes,Onion,5500.0,5700.0,5600.0,Rs./Quintal,Medium
PMY Dhalli Shimla,4.0,Metric Tonnes,1st Sort,5000.0,5500.0,5000.0,Rs./Quintal,Grade A
PMY Hamirpur,1.3,Metric Tonnes,Other,5000.0,5200.0,5100.0,Rs./Quintal,Grade B
PMY Kangni Mandi,0.532,Metric Tonnes,Onion,4000.0,5600.0,5000.0,Rs./Quintal,FAQ
PMY Kangra,2.1,Metric Tonnes,Onion,5400.0,5500.0,5450.0,Rs./Quintal,FAQ
PMY Kather Solan,5.0,Metric Tonnes,Other,4000.0,5200.0,4800.0,Rs./Quintal,Medium
PMY Kullu,1.5,Metric Tonnes,Other,5000.0,5200.0,5100.0,Rs./Quintal,FAQ
PMY Paonta Sahib,0.6000000000000001,Metric Tonnes,Nasik,4800.0,5200.0,5000.0,Rs./Quintal,FAQ
PMY Una,3.85,Metric Tonnes,Onion,4800.0,5200.0,5000.0,Rs./Quintal,FAQ
SMY Baijnath,0.5,Metric Tonnes,Onion,5000.0,5300.0,5200.0,Rs./Quintal,Grade A
SMY Bhuntar,1.4,Metric Tonnes,Other,5200.0,6000.0,5600.0,Rs./Quintal,FAQ
SMY Chauri Bihal,0.1,Metric Tonnes,Other,4000.0,5000.0,4500.0,Rs./Quintal,Grade Range-1
SMY Dhanotu,1.0,Metric Tonnes,Onion,4500.0,5000.0,4750.0,Rs./Quintal,FAQ
SMY Dharamshala,1.0,Metric Tonnes,Onion,5000.0,5800.0,5400.0,Rs./Quintal,FAQ
SMY Jaisinghpur,0.2,Metric Tonnes,Other,5200.0,5600.0,5400.0,Rs./Quintal,FAQ
SMY Jogindernagar,0.1,Metric Tonnes,Local,4800.0,5500.0,5150.0,Rs./Quintal,Grade B
SMY Nadaun,2.32,Metric Tonnes,Other,4000.0,4200.0,4100.0,Rs./Quintal,Grade B
SMY Nagrota Bagwan,0.8,Metric Tonnes,Onion,5300.0,5500.0,5400.0,Rs./Quintal,FAQ
SMY Nahan,0.30000000000000004,Metric Tonnes,Other,4600.0,5200.0,4800.0,Rs./Quintal,FAQ
SMY Nalagarh,0.15,Metric Tonnes,Other,4000.0,4500.0,4300.0,Rs./Quintal,Medium
SMY Palampur,2.0,Metric Tonnes,Onion,5000.0,5500.0,5200.0,Rs./Quintal,FAQ
SMY Rohroo,0.30000000000000004,Metric Tonnes,1st Sort,5000.0,5400.0,5200.0,Rs./Quintal,Grade B
SMY Santoshgarh,1.0,Metric Tonnes,Onion,4700.0,5000.0,4850.0,Rs./Quintal,FAQ
SMY Takoli,0.1,Metric Tonnes,Other,4000.0,4800.0,4500.0,Rs./Quintal,Medium
Total,34.64,Metric Tonnes,,,,5001.8,Rs./Quintal,
State/UT Name : Jammu and Kashmir
Fruit and Vegetable Market Udhampur,7.0,Metric Tonnes,Other,5000.0,5000.0,5000.0,Rs./Quintal,Grade B
Kathua (F&V),22.0,Metric Tonnes,Nasik,4000.0,4500.0,4250.0,Rs./Quintal,FAQ
MAC F&V Market Narwal Jammu,130.0,Metric Tonnes,Medium,5000.0,5500.0,5250.0,Rs./Quintal,FAQ
Parimpore Srinagar (F&V),171.0,Metric Tonnes,Nasik,5500.0,5600.0,5550.0,Rs./Quintal,Grade A
Rajouri (Phaliana) (F&V),2.0,Metric Tonnes,Onion,5000.0,5000.0,5000.0,Rs./Quintal,Grade B
Total,332.0,Metric Tonnes,,,,5331.48,Rs./Quintal,
State/UT Name : Karnataka
APMC Hubballi,120.0,Metric Tonnes,Local,2600.0,4100.0,3600.0,Rs./Quintal,Local
APMC Hubballi,184.0,Metric Tonnes,Puna,2700.0,4700.0,3800.0,Rs./Quintal,Local
Arasikere APMC,4.9,Metric Tonnes,Onion,2000.0,2000.0,2000.0,Rs./Quintal,Medium
Bangarpet APMC,31.3,Metric Tonnes,Onion,3200.0,4500.0,4000.0,Rs./Quintal,Local
Belgaum APMC,12.0,Metric Tonnes,Pusa-Red,1000.0,5000.0,4500.0,Rs./Quintal,Large
Bengaluru APMC,282.0,Metric Tonnes,Onion,4000.0,5000.0,4200.0,Rs./Quintal,Large
Bengaluru APMC,563.8000000000001,Metric Tonnes,Local,3000.0,4000.0,3500.0,Rs./Quintal,Medium
Bengaluru APMC,1691.5,Metric Tonnes,Puna,4000.0,5500.0,4800.0,Rs./Quintal,Local
Bengaluru APMC,282.0,Metric Tonnes,Bangalore-Samall,2000.0,3000.0,2500.0,Rs./Quintal,Small
Chikkamagaluru APMC,0.7000000000000001,Metric Tonnes,Other,4500.0,4500.0,4500.0,Rs./Quintal,Local
Davangere APMC,98.0,Metric Tonnes,Onion,3500.0,5100.0,4600.0,Rs./Quintal,Local
Doddaballapur APMC,2.9000000000000004,Metric Tonnes,Onion,3500.0,4500.0,4000.0,Rs./Quintal,Medium
Gauribidanur APMC,0.30000000000000004,Metric Tonnes,Onion,3000.0,4000.0,3500.0,Rs./Quintal,Local
Hassan APMC,196.4,Metric Tonnes,Other,1000.0,4636.0,4507.0,Rs./Quintal,Local
Kadur APMC,1.1,Metric Tonnes,Onion,2775.0,3330.0,2775.0,Rs./Quintal,Medium
Mysuru APMC,73.9,Metric Tonnes,Other,4500.0,5000.0,4700.0,Rs./Quintal,Medium
Shimoga APMC,7.5,Metric Tonnes,Onion,5000.0,6000.0,5500.0,Rs./Quintal,Local
T. Narasipura APMC,2.0,Metric Tonnes,Onion,5000.0,6000.0,5000.0,Rs./Quintal,Small
Udupi APMC,12.100000000000001,Metric Tonnes,Onion,4400.0,4500.0,4500.0,Rs./Quintal,Local
Vijayapura APMC,89.80000000000001,Metric Tonnes,Onion,1500.0,5000.0,3000.0,Rs./Quintal,Local
Total,3656.2,Metric Tonnes,,,,4206.38,Rs./Quintal,
State/UT Name : Keralam
Anchal Market,0.4,Metric Tonnes,Big,4200.0,4200.0,4200.0,Rs./Quintal,Local
Anchal Market,0.5,Metric Tonnes,Small,5100.0,5100.0,5100.0,Rs./Quintal,Local
Angamaly Market,1.0,Metric Tonnes,Big,5800.0,6500.0,6100.0,Rs./Quintal,FAQ
Angamaly Market,1.0,Metric Tonnes,Small,8500.0,9100.0,8800.0,Rs./Quintal,FAQ
Aralamoodu Market,3.0,Metric Tonnes,Big,6000.0,6500.0,6500.0,Rs./Quintal,FAQ
Aralamoodu Market,2.0,Metric Tonnes,Onion,8000.0,9000.0,9000.0,Rs./Quintal,FAQ
Aroor Market,0.2,Metric Tonnes,Small,7800.0,8000.0,7900.0,Rs./Quintal,FAQ
Aroor Market,0.2,Metric Tonnes,Big,5800.0,6000.0,5900.0,Rs./Quintal,FAQ
Athirampuzha Market,2.0,Metric Tonnes,Big,5600.0,5800.0,5700.0,Rs./Quintal,FAQ
Athirampuzha Market,0.8,Metric Tonnes,Small,8000.0,9000.0,8500.0,Rs./Quintal,FAQ
Balarampuram Market,3.0,Metric Tonnes,1st Sort,6000.0,7000.0,7000.0,Rs./Quintal,FAQ
Chalakudy Market,0.02,Metric Tonnes,Big,5800.0,6300.0,6300.0,Rs./Quintal,FAQ
Chathanoor Market,0.4,Metric Tonnes,Other,3300.0,3700.0,3500.0,Rs./Quintal,FAQ
Chavakkad Market,0.2,Metric Tonnes,Big,5700.0,6400.0,6400.0,Rs./Quintal,FAQ
Chelakkara Market,0.2,Metric Tonnes,Big,5500.0,6000.0,5800.0,Rs./Quintal,FAQ
Chengannur Market,1.0,Metric Tonnes,Big,5300.0,5600.0,5400.0,Rs./Quintal,FAQ
Chengannur Market,0.5,Metric Tonnes,Small,7500.0,8000.0,7800.0,Rs./Quintal,FAQ
Cherthala Market,0.3,Metric Tonnes,Onion,3200.0,3400.0,3300.0,Rs./Quintal,FAQ
Ettumanoor Market,2.0,Metric Tonnes,Big,5500.0,6000.0,5900.0,Rs./Quintal,FAQ
Ettumanoor Market,2.0,Metric Tonnes,Onion,8600.0,9000.0,8800.0,Rs./Quintal,FAQ
Kallachi Market,0.1,Metric Tonnes,Big,5400.0,6800.0,5600.0,Rs./Quintal,FAQ
Kanjangadu Market,1.0,Metric Tonnes,Big,5700.0,6400.0,6000.0,Rs./Quintal,FAQ
Kanjirappally Market,0.5,Metric Tonnes,Big,4500.0,5000.0,4800.0,Rs./Quintal,FAQ
Kannur Market,16.0,Metric Tonnes,Onion,6000.0,6200.0,6100.0,Rs./Quintal,Grade A
Kayamkulam Market,5.0,Metric Tonnes,Big,5400.0,5600.0,5500.0,Rs./Quintal,FAQ
Kayamkulam Market,3.0,Metric Tonnes,Small,7100.0,7300.0,7200.0,Rs./Quintal,FAQ
Kodungalloor Market,60.0,Metric Tonnes,Big,6000.0,6000.0,6000.0,Rs./Quintal,Grade A
Koduvayoor Market,80.0,Metric Tonnes,Big,5000.0,5400.0,5200.0,Rs./Quintal,Medium
Koduvayoor Market,80.0,Metric Tonnes,Small,8200.0,8600.0,8400.0,Rs./Quintal,Medium
Kollengode Market,80.0,Metric Tonnes,Big,5600.0,6000.0,5800.0,Rs./Quintal,FAQ
Kollengode Market,80.0,Metric Tonnes,Small,8000.0,8400.0,8200.0,Rs./Quintal,FAQ
Kondotty Market,0.25,Metric Tonnes,Small,8900.0,10000.0,9200.0,Rs./Quintal,FAQ
Kondotty Market,0.25,Metric Tonnes,Other,4800.0,5200.0,5000.0,Rs./Quintal,FAQ
Kothamangalam Market,1.0,Metric Tonnes,Big,5600.0,5800.0,5700.0,Rs./Quintal,FAQ
Kottayam Market,2.0,Metric Tonnes,Big,6000.0,6400.0,6200.0,Rs./Quintal,FAQ
Kottayam Market,1.0,Metric Tonnes,Onion,8000.0,8400.0,8200.0,Rs./Quintal,Medium
Manjeri Market,8.0,Metric Tonnes,Other,5650.0,5750.0,5700.0,Rs./Quintal,Local
Mukkom Market,0.4,Metric Tonnes,Onion,5200.0,5600.0,5400.0,Rs./Quintal,FAQ
North Paravur Market,1.0,Metric Tonnes,1st Sort,5700.0,6600.0,6400.0,Rs./Quintal,Large
North Paravur Market,1.0,Metric Tonnes,1st Sort,8200.0,10000.0,8800.0,Rs./Quintal,Small
Pala Market,6.0,Metric Tonnes,Big,5300.0,6000.0,5600.0,Rs./Quintal,FAQ
Pala Market,2.0,Metric Tonnes,Onion,8400.0,9000.0,8800.0,Rs./Quintal,FAQ
Palakkad Market,10.0,Metric Tonnes,Big,6000.0,7000.0,6600.0,Rs./Quintal,FAQ
Palakkad Market,2.0,Metric Tonnes,Small,9000.0,10000.0,9600.0,Rs./Quintal,FAQ
Pattambi Market,1.0,Metric Tonnes,Big,5700.0,6000.0,5800.0,Rs./Quintal,FAQ
Pattambi Market,0.8,Metric Tonnes,Onion,8000.0,9000.0,8500.0,Rs./Quintal,FAQ
Perinthalmanna Market,4.0,Metric Tonnes,Onion,4000.0,4500.0,4300.0,Rs./Quintal,Large
Perumbavoor Market,8.0,Metric Tonnes,Onion,5000.0,6000.0,5500.0,Rs./Quintal,Medium
Piravam Market,5.0,Metric Tonnes,Onion,5000.0,7000.0,6000.0,Rs./Quintal,Local
Pothencode Market,600.0,Metric Tonnes,Other,6000.0,6500.0,6000.0,Rs./Quintal,Local
Quilandy Market,1.2,Metric Tonnes,Other,5800.0,6000.0,6000.0,Rs./Quintal,FAQ
Taliparamba Market,0.04,Metric Tonnes,Onion,5400.0,5600.0,5500.0,Rs./Quintal,FAQ
Thalasserry Market,0.3,Metric Tonnes,1st Sort,5000.0,5800.0,5400.0,Rs./Quintal,FAQ
Thalayolaparambu Market,0.5,Metric Tonnes,Big,5400.0,5800.0,5600.0,Rs./Quintal,FAQ
Thalayolaparambu Market,0.5,Metric Tonnes,Onion,7700.0,8000.0,7800.0,Rs./Quintal,FAQ
Thamarassery Market,0.3,Metric Tonnes,Other,6000.0,6300.0,6000.0,Rs./Quintal,FAQ
Thirurrangadi Market,6.0,Metric Tonnes,Other,3000.0,3300.0,3200.0,Rs./Quintal,FAQ
Thrippunithura Market,1.0,Metric Tonnes,Big,6200.0,6600.0,6200.0,Rs./Quintal,Medium
Vadakkenchery Market,0.16,Metric Tonnes,Small,10000.0,11000.0,11000.0,Rs./Quintal,FAQ
Vadakkenchery Market,0.2,Metric Tonnes,Big,6500.0,7000.0,7000.0,Rs./Quintal,FAQ
Vamanapuram Market,0.13,Metric Tonnes,Big,7500.0,8000.0,8000.0,Rs./Quintal,FAQ
Vandiperiyar Market,0.05,Metric Tonnes,Big,6200.0,6500.0,6500.0,Rs./Quintal,Grade Range-1
Vandiperiyar Market,0.05,Metric Tonnes,Small,8000.0,8500.0,8000.0,Rs./Quintal,Grade Range-1
Wadakkanchery Market,0.6,Metric Tonnes,Big,5500.0,6000.0,5700.0,Rs./Quintal,FAQ
Total,1091.05,Metric Tonnes,,,,6278.54,Rs./Quintal,
State/UT Name : Madhya Pradesh
A lot APMC,2.5050000000000003,Metric Tonnes,Onion,552.0,3556.0,3556.0,Rs./Quintal,FAQ
Agar(F&V) APMC,6.25,Metric Tonnes,Bellary,6600.0,6600.0,6600.0,Rs./Quintal,Local
Akodiya APMC,720.9760000000001,Metric Tonnes,Big,500.0,4300.0,3400.0,Rs./Quintal,FAQ
Akodiya APMC,103.524,Metric Tonnes,Onion,450.0,4100.0,3300.0,Rs./Quintal,FAQ
Ashta (F&V) APMC,128.5,Metric Tonnes,1st Sort,400.0,4160.0,2430.0,Rs./Quintal,Local
Ashta APMC,30.442000000000004,Metric Tonnes,Onion,816.0,3900.0,3570.0,Rs./Quintal,FAQ
Badnagar APMC,12.23,Metric Tonnes,Onion-Organic,1800.0,3700.0,3700.0,Rs./Quintal,FAQ
Badnagar APMC,21.949,Metric Tonnes,Onion,1300.0,2400.0,2400.0,Rs./Quintal,Non-FAQ
Badnagar APMC,82.798,Metric Tonnes,Onion,1100.0,4000.0,3000.0,Rs./Quintal,FAQ
Badnawar APMC,470.02700000000004,Metric Tonnes,Onion,550.0,3800.0,1100.0,Rs./Quintal,FAQ
Badnawar APMC,653.8430000000001,Metric Tonnes,Onion,451.0,3500.0,600.0,Rs./Quintal,Non-FAQ
Badnawar APMC,12.280000000000001,Metric Tonnes,Onion-Organic,1500.0,1510.0,1510.0,Rs./Quintal,FAQ
Badnawar(F&V) APMC,1176.2,Metric Tonnes,Onion,1200.0,1200.0,1200.0,Rs./Quintal,Local
Badwaha (F&V) APMC,0.30000000000000004,Metric Tonnes,1st Sort,1400.0,3900.0,3200.0,Rs./Quintal,Grade A
Badwani(F&V) APMC,0.517,Metric Tonnes,Onion,2700.0,2700.0,2700.0,Rs./Quintal,Local
Bareli(F&V) APMC,1.54,Metric Tonnes,Local,2400.0,2400.0,2400.0,Rs./Quintal,Grade A
Betul(F&V) APMC,9.5,Metric Tonnes,Onion,2500.0,3500.0,3000.0,Rs./Quintal,FAQ
Bhopal APMC,234.849,Metric Tonnes,Onion,800.0,4700.0,3000.0,Rs./Quintal,FAQ
Bhopal(F&V) APMC,256.35,Metric Tonnes,Other,800.0,4700.0,2700.0,Rs./Quintal,Local
Burhanpur(F&V) APMC,3.2,Metric Tonnes,Local,1000.0,4000.0,3600.0,Rs./Quintal,Local
Dabra(F&V) APMC,1.7000000000000002,Metric Tonnes,Onion,1500.0,3000.0,2000.0,Rs./Quintal,Grade C
Damoh(F&V) APMC,0.2,Metric Tonnes,Local,4000.0,4000.0,4000.0,Rs./Quintal,Small
Dewas(F&V) APMC,2.4000000000000004,Metric Tonnes,Other,800.0,3700.0,1400.0,Rs./Quintal,FAQ
Dhamnod(F&V) APMC,2.0,Metric Tonnes,Onion,1500.0,3000.0,2500.0,Rs./Quintal,Local
Dhar(F&V) APMC,0.5,Metric Tonnes,Other,2500.0,3200.0,2800.0,Rs./Quintal,Local
Gadarwada (F&V) APMC,1.4,Metric Tonnes,Other,5200.0,5200.0,5200.0,Rs./Quintal,Local
Gautampura APMC,75.589,Metric Tonnes,Onion,595.0,1300.0,1300.0,Rs./Quintal,Non-FAQ
Gautampura APMC,241.24699999999999,Metric Tonnes,Onion,921.0,4000.0,1300.0,Rs./Quintal,FAQ
Gautampura(F&V) APMC,198.8,Metric Tonnes,Onion,600.0,3500.0,2100.0,Rs./Quintal,FAQ
Harda(F&V) APMC,1.0,Metric Tonnes,Medium,2500.0,3500.0,3000.0,Rs./Quintal,Medium
Indore APMC,1270.7290000000003,Metric Tonnes,Onion,950.0,3962.0,3656.0,Rs./Quintal,FAQ
Indore APMC,28.0,Metric Tonnes,Other,3110.0,3110.0,3110.0,Rs./Quintal,Non-FAQ
Indore APMC,1773.7020000000002,Metric Tonnes,Onion,388.0,4042.0,3434.0,Rs./Quintal,Non-FAQ
Indore APMC,1571.0910000000001,Metric Tonnes,Other,967.0,3985.0,3137.0,Rs./Quintal,FAQ
Itarsi(F&V) APMC,1.12,Metric Tonnes,Onion,2800.0,3500.0,3300.0,Rs./Quintal,FAQ
Jabalpur(F&V) APMC,111.7,Metric Tonnes,Onion,1100.0,1700.0,1200.0,Rs./Quintal,Medium
Jaora APMC,64.83200000000001,Metric Tonnes,Onion,790.0,4343.0,2400.0,Rs./Quintal,FAQ
Kailaras APMC,0.35000000000000003,Metric Tonnes,Other,3000.0,3500.0,3500.0,Rs./Quintal,FAQ
Kalapipal APMC,173.14200000000002,Metric Tonnes,Onion,300.0,4290.0,3400.0,Rs./Quintal,FAQ
Kalapipal(F&V) APMC,173.14,Metric Tonnes,Onion,300.0,4290.0,3400.0,Rs./Quintal,FAQ
Karera(F&V) APMC,0.1,Metric Tonnes,Onion,2300.0,3000.0,2600.0,Rs./Quintal,Local
Katni(F&V) APMC,5.8,Metric Tonnes,Onion,1500.0,2000.0,1560.34,Rs./Quintal,Grade C
Khurai(F&V) APMC,1.4000000000000001,Metric Tonnes,1st Sort,3700.0,4200.0,3900.0,Rs./Quintal,Local
Kukshi(F&V) APMC,0.8,Metric Tonnes,Onion,1700.0,2800.0,2200.0,Rs./Quintal,Grade A
Lashkar(F&V) APMC,24.0,Metric Tonnes,Local,2500.0,3100.0,2800.0,Rs./Quintal,Grade C
Manawar(F&V) APMC,0.9,Metric Tonnes,Onion,3000.0,3500.0,3222.0,Rs./Quintal,Grade B
Mandsaur APMC,54.173,Metric Tonnes,Onion,700.0,3921.0,2100.0,Rs./Quintal,FAQ
Mandsaur APMC,0.925,Metric Tonnes,Local,2860.0,2860.0,2860.0,Rs./Quintal,Non-FAQ
Mhow (Ambedkar Nagar) (F&V) APMC,1.0,Metric Tonnes,Onion,2000.0,4500.0,2350.0,Rs./Quintal,Grade B
Narmadapuram (F&V) APMC,3.1,Metric Tonnes,Onion,2100.0,3940.0,2400.0,Rs./Quintal,FAQ
Narsinghgarh APMC,347.72600000000006,Metric Tonnes,Onion,100.0,4030.0,3200.0,Rs./Quintal,FAQ
Neemuch APMC,1.548,Metric Tonnes,Onion,1531.0,4199.0,4199.0,Rs./Quintal,FAQ
Neemuch APMC,26.083,Metric Tonnes,Red,500.0,4230.0,3500.0,Rs./Quintal,FAQ
Petlawad APMC,0.10600000000000001,Metric Tonnes,Red,2705.0,4000.0,4000.0,Rs./Quintal,FAQ
Petlawad APMC,0.326,Metric Tonnes,Bellary,1000.0,3770.0,3770.0,Rs./Quintal,FAQ
Petlawad(F&V) APMC,0.432,Metric Tonnes,Other,1000.0,4000.0,2972.0,Rs./Quintal,Grade A
Pipariya(F&V) APMC,2.0,Metric Tonnes,Onion,2400.0,5000.0,4000.0,Rs./Quintal,Local
Porsa APMC,2.0,Metric Tonnes,Onion,1500.0,1500.0,1500.0,Rs./Quintal,FAQ
Ratlam APMC,1866.525,Metric Tonnes,Onion,350.0,4361.0,3500.0,Rs./Quintal,FAQ
Ratlam(F&V) APMC,2028.6000000000001,Metric Tonnes,Other,912.0,4361.0,3025.0,Rs./Quintal,FAQ
Rehli(F&V) APMC,0.30000000000000004,Metric Tonnes,Onion,2500.0,2700.0,2600.0,Rs./Quintal,Grade C
Sagar(F&V) APMC,24.900000000000002,Metric Tonnes,Onion,1500.0,3000.0,2400.0,Rs./Quintal,Local
Sailana APMC,221.304,Metric Tonnes,Onion,600.0,4150.0,3400.0,Rs./Quintal,FAQ
Sailana(F&V) APMC,138.05,Metric Tonnes,Local,1200.0,8300.0,5900.0,Rs./Quintal,Local
Sanawad(F&V) APMC,0.4,Metric Tonnes,Onion,4500.0,5000.0,5000.0,Rs./Quintal,Medium
Sanwer(F&V) APMC,0.12,Metric Tonnes,Onion,3000.0,4500.0,4000.0,Rs./Quintal,FAQ
Sehore APMC,35.592000000000006,Metric Tonnes,Onion,200.0,3801.0,3451.0,Rs./Quintal,Non-FAQ
Sehore APMC,134.34300000000002,Metric Tonnes,Onion,311.0,4200.0,3200.0,Rs./Quintal,FAQ
Sendhwa(F&V) APMC,0.2,Metric Tonnes,Red,1100.0,1600.0,1300.0,Rs./Quintal,Medium
Seoni(F&V) APMC,4.2,Metric Tonnes,Local,2116.0,2116.0,2116.0,Rs./Quintal,Grade C
Shajapur APMC,201.918,Metric Tonnes,Onion,1522.84,4004.0,3085.19,Rs./Quintal,FAQ
Shajapur APMC,1276.6100000000001,Metric Tonnes,Medium,306.0,3865.0,3132.0,Rs./Quintal,FAQ
Shajapur APMC,152.505,Metric Tonnes,Medium,1068.0,1900.0,1900.0,Rs./Quintal,Non-FAQ
Shajapur(F&V) APMC,2052.6,Metric Tonnes,Onion,150.0,3800.0,2300.0,Rs./Quintal,Grade A
Shamgarh APMC,6.293,Metric Tonnes,Onion,1280.0,3541.0,3541.0,Rs./Quintal,FAQ
Shamgarh APMC,0.07800000000000001,Metric Tonnes,Puna,2582.0,2582.0,2582.0,Rs./Quintal,Non-FAQ
Shamgarh APMC,9.229000000000001,Metric Tonnes,Onion,1291.0,3600.0,3600.0,Rs./Quintal,Non-FAQ
Shivpuri APMC,101.2,Metric Tonnes,Onion,600.0,4250.0,800.0,Rs./Quintal,FAQ
Shujalpur APMC,426.10900000000004,Metric Tonnes,Red,100.0,4380.0,3400.0,Rs./Quintal,FAQ
Shujalpur APMC,19.248,Metric Tonnes,Onion,1901.0,3812.0,3812.0,Rs./Quintal,FAQ
Shujalpur(F&V) APMC,495.8,Metric Tonnes,Onion,1000.0,4380.0,3600.0,Rs./Quintal,FAQ
Soyatkalan APMC,122.599,Metric Tonnes,Onion,200.0,4175.0,1600.0,Rs./Quintal,FAQ
Thandla APMC,0.95,Metric Tonnes,Onion,930.0,1340.0,1135.0,Rs./Quintal,FAQ
Ujjain APMC,467.46400000000006,Metric Tonnes,Onion,100.0,4001.0,3500.0,Rs./Quintal,FAQ
Ujjain APMC,9.017000000000001,Metric Tonnes,Onion-Organic,2929.0,2929.0,2929.0,Rs./Quintal,FAQ
Total,19889.0,Metric Tonnes,,,,2851.03,Rs./Quintal,
State/UT Name : Maharashtra
APMC Ahilyanagar ,3536.6,Metric Tonnes,Unhali,700.0,4700.0,2700.0,Rs./Quintal,Local
APMC Akole ,87.9,Metric Tonnes,Unhali,801.0,4901.0,3911.0,Rs./Quintal,Local
APMC Bhusaval ,0.2,Metric Tonnes,Unhali,4000.0,4000.0,4000.0,Rs./Quintal,Local
APMC Chattrapati Sambhajinagar ,419.2,Metric Tonnes,Other,2400.0,4900.0,3650.0,Rs./Quintal,Local
APMC Dharashiv ,0.8,Metric Tonnes,Red,3000.0,5000.0,4000.0,Rs./Quintal,Local
APMC Dindori ,13.7,Metric Tonnes,Unhali,4100.0,4900.0,4650.0,Rs./Quintal,Local
APMC Gangapur ,210.3,Metric Tonnes,Unhali,1625.0,5501.0,3952.0,Rs./Quintal,Local
APMC Hingna,0.1,Metric Tonnes,Red,5000.0,5000.0,5000.0,Rs./Quintal,Local
APMC Indapur ,5.2,Metric Tonnes,Red,1500.0,5000.0,2500.0,Rs./Quintal,Local
APMC Islampur ,2.0,Metric Tonnes,Local,2500.0,5300.0,3700.0,Rs./Quintal,Local
APMC Jalgaon ,11.2,Metric Tonnes,Red,1687.0,4500.0,3000.0,Rs./Quintal,Local
APMC Junnar ,847.4,Metric Tonnes,Chinchwad,2000.0,5110.0,4700.0,Rs./Quintal,Local
APMC Karad ,9.9,Metric Tonnes,Halva,3000.0,4500.0,4500.0,Rs./Quintal,Local
APMC Khed ,1.8,Metric Tonnes,Fursungi,3000.0,4700.0,4000.0,Rs./Quintal,Local
APMC Kolhapur ,378.4,Metric Tonnes,Other,1200.0,5000.0,2900.0,Rs./Quintal,Local
APMC Lasur Station ,400.0,Metric Tonnes,Other,1900.0,4800.0,3200.0,Rs./Quintal,Local
APMC Lonand ,21.5,Metric Tonnes,Unhali,700.0,4310.0,3500.0,Rs./Quintal,Local
APMC Manchar ,1520.2,Metric Tonnes,Other,3700.0,5610.0,4660.0,Rs./Quintal,Local
APMC Mangal Wedha ,1.4,Metric Tonnes,Local,4900.0,6000.0,5510.0,Rs./Quintal,Local
APMC Nagpur ,60.0,Metric Tonnes,Red,4000.0,5000.0,4750.0,Rs./Quintal,Local
APMC Nagpur ,52.0,Metric Tonnes,White,4500.0,5500.0,5250.0,Rs./Quintal,Local
APMC Nasik ,183.5,Metric Tonnes,Unhali,2050.0,4601.0,4100.0,Rs./Quintal,Local
APMC Navapur ,2.8,Metric Tonnes,Other,2000.0,3000.0,2464.0,Rs./Quintal,Local
APMC Pune ,871.4,Metric Tonnes,Local,1000.0,5000.0,3000.0,Rs./Quintal,Local
APMC Sangamner ,260.1,Metric Tonnes,Unhali,1500.0,5000.0,3250.0,Rs./Quintal,Local
APMC Satara ,10.1,Metric Tonnes,Other,2000.0,4500.0,3250.0,Rs./Quintal,Local
APMC Solapur ,1162.9,Metric Tonnes,Red,500.0,6000.0,3100.0,Rs./Quintal,Local
APMC Vadgaonpeth ,16.5,Metric Tonnes,Local,2000.0,4000.0,3000.0,Rs./Quintal,Local
APMC Vaduj ,11.0,Metric Tonnes,Local,3000.0,4800.0,4200.0,Rs./Quintal,Local
APMC Vaijpur ,109.8,Metric Tonnes,Unhali,1500.0,4510.0,4000.0,Rs./Quintal,Local
APMC Vita ,5.0,Metric Tonnes,Other,5000.0,6000.0,5400.0,Rs./Quintal,Local
Chandrapur(Ganjwad) ,33.0,Metric Tonnes,Other,4500.0,475750.0,5250.0,Rs./Quintal,Local
Dindori(Vani) ,643.3,Metric Tonnes,Unhali,4101.0,5252.0,4601.0,Rs./Quintal,Local
Junnar(Narayangaon) ,5.8,Metric Tonnes,Chinchwad,1000.0,4700.0,2900.0,Rs./Quintal,Local
Junnar(Otur) ,1192.5,Metric Tonnes,Unhali,2000.0,5250.0,4400.0,Rs./Quintal,Local
Kurdwadi(Modnimb) ,0.5,Metric Tonnes,Red,2100.0,3000.0,2600.0,Rs./Quintal,Local
"Laxmi-Sopan Agriculture Produce Marketing Co Ltd, Barshi, Dist Solapur",1.2,Metric Tonnes,Other,800.0,4700.0,4100.0,Rs./Quintal,Local
Mumbai-Onion & Potato Market ,785.1,Metric Tonnes,Other,3300.0,4500.0,3900.0,Rs./Quintal,Local
Pune(Khadiki) ,0.8,Metric Tonnes,Local,1000.0,1700.0,1350.0,Rs./Quintal,Local
Pune(Manjri) ,12.0,Metric Tonnes,Local,2000.0,5000.0,3000.0,Rs./Quintal,Local
Pune(Moshi) ,95.7,Metric Tonnes,Local,2500.0,4500.0,3500.0,Rs./Quintal,Local
Pune(Pimpri) ,2.1,Metric Tonnes,Local,3000.0,5000.0,4000.0,Rs./Quintal,Local
Rahuri(Vambori) ,357.1,Metric Tonnes,Unhali,500.0,5000.0,3800.0,Rs./Quintal,Local
"Sangli(Phale, Bhajipala Market) ",140.3,Metric Tonnes,Local,2000.0,5500.0,3750.0,Rs./Quintal,Local
Total,13482.3,Metric Tonnes,,,,3609.18,Rs./Quintal,
State/UT Name : Manipur
Bishenpur APMC,1.8,Metric Tonnes,Onion,6500.0,7000.0,6750.0,Rs./Quintal,FAQ
Imphal APMC,4.6,Metric Tonnes,Other,5300.0,6000.0,5700.0,Rs./Quintal,FAQ
Kakching Market APMC,0.7,Metric Tonnes,Red,6000.0,6500.0,6250.0,Rs./Quintal,FAQ
Lamlong Bazaar APMC,1.6,Metric Tonnes,Onion,5500.0,6000.0,5750.0,Rs./Quintal,FAQ
Thoubal APMC,1.8,Metric Tonnes,Other,6500.0,7000.0,6750.0,Rs./Quintal,FAQ
Total,10.5,Metric Tonnes,,,,6104.29,Rs./Quintal,
State/UT Name : Meghalaya
Jowai APMC,1.2,Metric Tonnes,Local,6000.0,7000.0,6500.0,Rs./Quintal,Local
Total,1.2,Metric Tonnes,,,,6500.0,Rs./Quintal,
State/UT Name : NCT of Delhi
APMC Azadpur,918.5,Metric Tonnes,Onion,2000.0,4500.0,3281.0,Rs./Quintal,FAQ
APMC Keshopur,68.816,Metric Tonnes,Onion,2600.0,4600.0,4200.0,Rs./Quintal,FAQ
"Fruit&Vegetable Market,Gazipur APMC",309.2,Metric Tonnes,Onion,4200.0,4600.0,4400.0,Rs./Quintal,FAQ
Total,1296.52,Metric Tonnes,,,,3596.64,Rs./Quintal,
State/UT Name : Odisha
Angul APMC,5.2,Metric Tonnes,Other,3500.0,3500.0,3500.0,Rs./Quintal,Grade B
Balugaon APMC,1.6,Metric Tonnes,Other,2400.0,2400.0,2400.0,Rs./Quintal,Grade A
Bargarh APMC,211.0,Metric Tonnes,Onion,2000.0,3000.0,2500.0,Rs./Quintal,Medium
Birmaharajpur APMC,1.3,Metric Tonnes,Onion,5200.0,5700.0,5500.0,Rs./Quintal,Local
Bolangir APMC,4.0,Metric Tonnes,Other,4600.0,5500.0,5000.0,Rs./Quintal,Medium
Boudh APMC,1.0,Metric Tonnes,Other,5500.0,6500.0,6000.0,Rs./Quintal,Local
Dungurapalli APMC,0.38,Metric Tonnes,Other,5000.0,5000.0,5000.0,Rs./Quintal,Local
Hindol APMC,0.6000000000000001,Metric Tonnes,Other,4800.0,5500.0,5000.0,Rs./Quintal,Grade B
Jharsuguda APMC,12.0,Metric Tonnes,Other,4000.0,5000.0,5000.0,Rs./Quintal,Grade A
Kamakhyanagar APMC,1.0,Metric Tonnes,Onion,12000.0,12000.0,12000.0,Rs./Quintal,Grade A
Khariar Road APMC,0.4,Metric Tonnes,Onion,5000.0,5000.0,5000.0,Rs./Quintal,Grade A
Khunthabandha APMC,2.0,Metric Tonnes,Local,5000.0,6000.0,5500.0,Rs./Quintal,Local
Pandkital APMC,0.25,Metric Tonnes,Other,5000.0,5000.0,5000.0,Rs./Quintal,Local
Rairakhol APMC,1.0,Metric Tonnes,Onion,4500.0,5000.0,4800.0,Rs./Quintal,Grade C
Sargipali APMC,2.2,Metric Tonnes,Other,5000.0,6000.0,5500.0,Rs./Quintal,FAQ
Tusura APMC,3.2,Metric Tonnes,Other,4600.0,5500.0,5000.0,Rs./Quintal,Medium
Total,247.13,Metric Tonnes,,,,2859.79,Rs./Quintal,
State/UT Name : Punjab
Adampur APMC,1.4000000000000001,Metric Tonnes,Onion,4200.0,4500.0,4500.0,Rs./Quintal,FAQ
Ahmedgarh APMC,0.1,Metric Tonnes,Other,5000.0,5200.0,5200.0,Rs./Quintal,Medium
Baghapurana APMC,0.65,Metric Tonnes,Onion,4000.0,5000.0,4500.0,Rs./Quintal,Grade B
Balachaur APMC,4.491,Metric Tonnes,Other,3500.0,5000.0,4500.0,Rs./Quintal,Medium
Banur APMC,0.4,Metric Tonnes,Other,3000.0,3000.0,3000.0,Rs./Quintal,Grade B
Bassi Pathana APMC,1.5,Metric Tonnes,Onion,4200.0,4500.0,4300.0,Rs./Quintal,Medium
Bathinda APMC,270.0,Metric Tonnes,Other,4000.0,4800.0,4400.0,Rs./Quintal,Grade B
Bhagta Bhai Ka APMC,0.5,Metric Tonnes,Other,4500.0,4500.0,4500.0,Rs./Quintal,Medium
Bhawanigarh APMC,5.0,Metric Tonnes,Other,3500.0,4000.0,3750.0,Rs./Quintal,Medium
Bhucho APMC,0.4,Metric Tonnes,Local,2500.0,2500.0,2500.0,Rs./Quintal,Local
Budalada APMC,3.0,Metric Tonnes,Onion,4800.0,4800.0,4800.0,Rs./Quintal,Medium
Dasuya APMC,1.9,Metric Tonnes,Onion,5000.0,5000.0,5000.0,Rs./Quintal,FAQ
Dera Baba Nanak APMC,0.108,Metric Tonnes,Other,3633.0,3633.0,3633.0,Rs./Quintal,Grade A
Dera Bassi APMC,1.1,Metric Tonnes,Onion,2900.0,2900.0,2900.0,Rs./Quintal,Local
Dhariwal APMC,1.0,Metric Tonnes,Onion,1650.0,1650.0,1650.0,Rs./Quintal,Grade A
Dhuri APMC,0.9,Metric Tonnes,Other,4200.0,4500.0,4400.0,Rs./Quintal,Medium
Dinanagar APMC,1.55,Metric Tonnes,Other,4600.0,4800.0,4700.0,Rs./Quintal,Medium
Doraha APMC,1.536,Metric Tonnes,Medium,4000.0,4300.0,4250.0,Rs./Quintal,Local
Dudhansadhan APMC,0.3,Metric Tonnes,Other,5000.0,5000.0,5000.0,Rs./Quintal,Grade B
F.G.Churian APMC,0.3,Metric Tonnes,Onion,5000.0,5000.0,5000.0,Rs./Quintal,Grade A
Fazilka APMC,6.798,Metric Tonnes,Onion,4800.0,4800.0,4800.0,Rs./Quintal,FAQ
Ferozepur Cantt. APMC,0.25,Metric Tonnes,Onion,3100.0,3300.0,3200.0,Rs./Quintal,Grade A
Garh Shankar APMC,7.7,Metric Tonnes,Onion,4000.0,4000.0,4000.0,Rs./Quintal,FAQ
Garh Shankar(Mahalpur) APMC,6.9,Metric Tonnes,Onion,3800.0,3800.0,3800.0,Rs./Quintal,FAQ
GarhShankar (Kotfatuhi) APMC,0.6,Metric Tonnes,Other,4100.0,4100.0,4100.0,Rs./Quintal,FAQ
Ghanaur APMC,0.2,Metric Tonnes,Other,3000.0,3500.0,3250.0,Rs./Quintal,FAQ
Goraya APMC,0.1,Metric Tonnes,Other,5000.0,5000.0,5000.0,Rs./Quintal,Local
Gurdaspur APMC,15.2,Metric Tonnes,Other,4000.0,4000.0,4000.0,Rs./Quintal,Grade A
Jagraon APMC,3.0,Metric Tonnes,Other,2300.0,2300.0,2300.0,Rs./Quintal,FAQ
Jalalabad APMC,3.4000000000000004,Metric Tonnes,Other,4300.0,4600.0,4500.0,Rs./Quintal,Medium
Jalandhar City(Jalandhar) APMC,47.800000000000004,Metric Tonnes,Other,2200.0,5200.0,3500.0,Rs./Quintal,FAQ
Khanna APMC,39.6,Metric Tonnes,Onion,3000.0,3000.0,3000.0,Rs./Quintal,Grade A
Kharar APMC,8.9,Metric Tonnes,Other,4500.0,6000.0,5000.0,Rs./Quintal,Non-FAQ
Kurali APMC,2.8000000000000003,Metric Tonnes,Other,3500.0,3700.0,3600.0,Rs./Quintal,Medium
Lalru APMC,2.6,Metric Tonnes,Other,4200.0,4200.0,4200.0,Rs./Quintal,Local
Lehra Gaga APMC,0.6,Metric Tonnes,Other,4000.0,4000.0,4000.0,Rs./Quintal,Grade A
Ludhiana APMC,133.8,Metric Tonnes,Other,1100.0,5000.0,3200.0,Rs./Quintal,FAQ
Machhiwara APMC,0.618,Metric Tonnes,Other,4000.0,4200.0,4100.0,Rs./Quintal,FAQ
Malerkotla APMC,15.0,Metric Tonnes,Other,3000.0,3800.0,3500.0,Rs./Quintal,Local
Malout APMC,1.872,Metric Tonnes,Onion,4000.0,4000.0,4000.0,Rs./Quintal,Grade A
Mamdot APMC,1.4,Metric Tonnes,Other,2600.0,2600.0,2600.0,Rs./Quintal,Local
Mansa APMC,10.0,Metric Tonnes,Nasik,5120.0,5120.0,5120.0,Rs./Quintal,FAQ
Maur APMC,0.7000000000000001,Metric Tonnes,Other,3800.0,4200.0,4000.0,Rs./Quintal,Grade B
Mukerian APMC,2.9850000000000003,Metric Tonnes,Onion,4000.0,5000.0,4500.0,Rs./Quintal,Grade B
Mukerian(Talwara) APMC,0.5,Metric Tonnes,Onion,4000.0,5000.0,4500.0,Rs./Quintal,FAQ
Muktsar APMC,13.5,Metric Tonnes,Onion,2500.0,4500.0,3600.0,Rs./Quintal,Medium
Nabha APMC,21.3,Metric Tonnes,Other,3000.0,4300.0,3800.0,Rs./Quintal,Grade C
Nihal Singh Wala APMC,0.45,Metric Tonnes,Onion,4200.0,4200.0,4200.0,Rs./Quintal,FAQ
Pathankot APMC,30.0,Metric Tonnes,Onion,5100.0,5100.0,5100.0,Rs./Quintal,Medium
Patiala APMC,48.900000000000006,Metric Tonnes,Onion,2900.0,3500.0,3200.0,Rs./Quintal,Grade A
Patran APMC,80.0,Metric Tonnes,Other,2260.0,2260.0,2260.0,Rs./Quintal,Grade A
Phagwara APMC,22.5,Metric Tonnes,Other,4324.0,4880.0,4592.0,Rs./Quintal,FAQ
Phillaur APMC,0.5,Metric Tonnes,Other,4800.0,4800.0,4800.0,Rs./Quintal,FAQ
Phillaur(Apra Mandi) APMC,0.1,Metric Tonnes,Other,5000.0,5000.0,5000.0,Rs./Quintal,FAQ
Quadian APMC,1.2000000000000002,Metric Tonnes,Other,3300.0,3500.0,3400.0,Rs./Quintal,Grade A
Raikot APMC,2.0,Metric Tonnes,Nasik,3810.0,3810.0,3810.0,Rs./Quintal,Grade A
Rajpura APMC,6.5,Metric Tonnes,Local,3500.0,3850.0,3800.0,Rs./Quintal,Grade A
Rajpura APMC,5.5,Metric Tonnes,Local,2500.0,2650.0,2600.0,Rs./Quintal,Grade B
Raman APMC,0.6000000000000001,Metric Tonnes,Other,4210.0,4450.0,4335.0,Rs./Quintal,Medium
Rampuraphul(Nabha Mandi) APMC,4.0,Metric Tonnes,Other,3000.0,4000.0,3500.0,Rs./Quintal,Grade A
Rayya APMC,0.045,Metric Tonnes,Other,1410.0,1410.0,1410.0,Rs./Quintal,FAQ
Ropar APMC,95.0,Metric Tonnes,Nasik,4000.0,4500.0,4200.0,Rs./Quintal,Non-FAQ
Samana APMC,65.0,Metric Tonnes,Other,3400.0,5700.0,3500.0,Rs./Quintal,Grade Range-2
Samrala APMC,2.0,Metric Tonnes,Other,4500.0,5500.0,5000.0,Rs./Quintal,Local
Sirhind APMC,6.0,Metric Tonnes,Other,3500.0,5000.0,4200.0,Rs./Quintal,Medium
Talwandi Sabo APMC,0.2,Metric Tonnes,Other,5200.0,5500.0,5400.0,Rs./Quintal,Grade A
Tanda Urmur APMC,2.6,Metric Tonnes,Nasik,5000.0,5500.0,5200.0,Rs./Quintal,Grade A
Tarantaran APMC,0.5,Metric Tonnes,Other,2600.0,2600.0,2600.0,Rs./Quintal,Local
Zira APMC,0.378,Metric Tonnes,Other,4900.0,4900.0,4900.0,Rs./Quintal,Local
Total,1018.23,Metric Tonnes,,,,3798.08,Rs./Quintal,
State/UT Name : Rajasthan
Alwar APMC,33.6,Metric Tonnes,Other,3500.0,5000.0,4300.0,Rs./Quintal,Medium
Baran APMC,1.0,Metric Tonnes,Other,1000.0,2000.0,1600.0,Rs./Quintal,Local
Bassi APMC,0.30000000000000004,Metric Tonnes,Other,4800.0,5000.0,4900.0,Rs./Quintal,Local
Bayana APMC,2.0,Metric Tonnes,Onion,2000.0,2000.0,2000.0,Rs./Quintal,Local
Bhadara APMC,1.0,Metric Tonnes,1st Sort,3000.0,4500.0,3890.0,Rs./Quintal,FAQ
Bhilwara APMC,28.200000000000003,Metric Tonnes,Other,2500.0,4500.0,3500.0,Rs./Quintal,FAQ
Chomu FV APMC,8.4,Metric Tonnes,Other,4000.0,5000.0,4500.0,Rs./Quintal,Local
Churu APMC,2.0,Metric Tonnes,1st Sort,2600.0,3000.0,2800.0,Rs./Quintal,FAQ
Dablirathan APMC,0.1,Metric Tonnes,1st Sort,3000.0,3300.0,3150.0,Rs./Quintal,Local
Goluwala APMC,0.10500000000000001,Metric Tonnes,1st Sort,4500.0,4500.0,4500.0,Rs./Quintal,Non-FAQ
Jaisalmer APMC,1.5,Metric Tonnes,Onion,3000.0,4000.0,3500.0,Rs./Quintal,Grade A
Jhunjhunu APMC,0.6000000000000001,Metric Tonnes,Local,2000.0,2500.0,2500.0,Rs./Quintal,FAQ
Jodhpur (F&V) APMC,191.0,Metric Tonnes,Medium,1000.0,3500.0,2250.0,Rs./Quintal,Medium
Kota (F&V) APMC,121.6,Metric Tonnes,Other,4500.0,4500.0,4500.0,Rs./Quintal,Medium
Nawalgarh APMC,0.4,Metric Tonnes,Red,2280.0,2280.0,2280.0,Rs./Quintal,Local
Pratapgarh APMC,42.5,Metric Tonnes,Other,1110.0,4140.0,3800.0,Rs./Quintal,FAQ
Rajsamand APMC,6.6000000000000005,Metric Tonnes,Onion,2400.0,3000.0,2700.0,Rs./Quintal,FAQ
Rawatsar APMC,1.0,Metric Tonnes,1st Sort,1000.0,2000.0,1500.0,Rs./Quintal,FAQ
Sangriya APMC,0.4,Metric Tonnes,Onion,2600.0,4000.0,3200.0,Rs./Quintal,Local
Sikar APMC,82.2,Metric Tonnes,Onion,2200.0,3600.0,2900.0,Rs./Quintal,FAQ
Sriganganagar (F&V) APMC,20.0,Metric Tonnes,Onion,4600.0,5000.0,4800.0,Rs./Quintal,Grade B
Sujangarh APMC,0.8,Metric Tonnes,Other,900.0,1100.0,1000.0,Rs./Quintal,Local
Udaipur (F&V) APMC,16.5,Metric Tonnes,Other,1500.0,4000.0,2750.0,Rs./Quintal,Medium
Total,561.8,Metric Tonnes,,,,3285.12,Rs./Quintal,
State/UT Name : Tamil Nadu
AJattihalli(Uzhavar Sandhai ),0.57,Metric Tonnes,Bellary,5500.0,6400.0,5950.0,Rs./Quintal,Local
Alangudi(Uzhavar Sandhai ),0.12,Metric Tonnes,Bellary,5500.0,6000.0,5750.0,Rs./Quintal,Local
Ambattur(Uzhavar Sandhai ),0.05,Metric Tonnes,Bellary,5000.0,5000.0,5000.0,Rs./Quintal,Local
Ammapet(Uzhavar Sandhai ),0.23,Metric Tonnes,Bellary,6000.0,6500.0,6250.0,Rs./Quintal,Local
Anaiyur(Uzhavar Sandhai ),0.62,Metric Tonnes,Bellary,6500.0,7000.0,6750.0,Rs./Quintal,Local
Andipatti(Uzhavar Sandhai ),0.8,Metric Tonnes,Bellary,5800.0,6000.0,5900.0,Rs./Quintal,Local
Anna nagar(Uzhavar Sandhai ),1.65,Metric Tonnes,Bellary,6000.0,6800.0,6400.0,Rs./Quintal,Local
Arani(Uzhavar Sandhai ),0.95,Metric Tonnes,Bellary,5000.0,6000.0,5500.0,Rs./Quintal,Local
Aranthangi(Uzhavar Sandhai ),0.13,Metric Tonnes,Bellary,7000.0,8000.0,7500.0,Rs./Quintal,Local
Arcot(Uzhavar Sandhai ),0.76,Metric Tonnes,Bellary,6000.0,6000.0,6000.0,Rs./Quintal,Local
Ariyalur(Uzhavar Sandhai),0.14,Metric Tonnes,Bellary,5000.0,5500.0,5250.0,Rs./Quintal,Local
Aruppukottai(Uzhavar Sandhai ),0.64,Metric Tonnes,Bellary,5000.0,6000.0,5500.0,Rs./Quintal,Local
Athur(Uzhavar Sandhai ),1.01,Metric Tonnes,Bellary,5500.0,6500.0,6000.0,Rs./Quintal,Local
Avallapalli(Uzhavar Sandhai ),0.27,Metric Tonnes,Bellary,5500.0,6000.0,5750.0,Rs./Quintal,Local
Bodinayakanur(Uzhavar Sandhai ),0.26,Metric Tonnes,Bellary,6000.0,6000.0,6000.0,Rs./Quintal,Local
Chengalpet(Uzhavar Sandhai ),0.52,Metric Tonnes,Bellary,3500.0,4000.0,3750.0,Rs./Quintal,Local
Chengam(Uzhavar Sandhai ),0.25,Metric Tonnes,Bellary,5000.0,6000.0,5500.0,Rs./Quintal,Local
Cheyyar(Uzhavar Sandhai ),0.2,Metric Tonnes,Bellary,5000.0,6000.0,5500.0,Rs./Quintal,Local
Chidambaram(Uzhavar Sandhai ),0.02,Metric Tonnes,Bellary,5000.0,5000.0,5000.0,Rs./Quintal,Local
Chinnalapatti(Uzhavar Sandhai ),0.55,Metric Tonnes,Bellary,5500.0,6000.0,5750.0,Rs./Quintal,Local
Chinnamanur(Uzhavar Sandhai ),0.84,Metric Tonnes,Bellary,6400.0,6400.0,6400.0,Rs./Quintal,Local
Chokkikulam(Uzhavar Sandhai ),1.55,Metric Tonnes,Bellary,4000.0,7000.0,5500.0,Rs./Quintal,Local
Coonoor(Uzhavar Sandhai ),0.85,Metric Tonnes,Bellary,6000.0,6400.0,6200.0,Rs./Quintal,Local
Cuddalore(Uzhavar Sandhai ),0.45,Metric Tonnes,Bellary,6000.0,7000.0,6500.0,Rs./Quintal,Local
Denkanikottai(Uzhavar Sandhai ),0.24,Metric Tonnes,Bellary,5000.0,6000.0,5500.0,Rs./Quintal,Local
Devakottai (Uzhavar Sandhai ),0.22,Metric Tonnes,Bellary,7000.0,7400.0,7200.0,Rs./Quintal,Local
Devaram(Uzhavar Sandhai ),0.17,Metric Tonnes,Bellary,6000.0,6000.0,6000.0,Rs./Quintal,Local
Dharapuram(Uzhavar Sandhai ),0.9,Metric Tonnes,Bellary,5500.0,6200.0,5850.0,Rs./Quintal,Local
Dharmapuri(Uzhavar Sandhai ),1.03,Metric Tonnes,Bellary,6200.0,6400.0,6300.0,Rs./Quintal,Local
Dindigul(Uzhavar Sandhai ),1.2,Metric Tonnes,Bellary,5000.0,6000.0,5500.0,Rs./Quintal,Local
Edapadi (Uzhavar Sandhai ),0.46,Metric Tonnes,Bellary,6000.0,6500.0,6250.0,Rs./Quintal,Local
Elampillai(Uzhavar Sandhai ),0.6,Metric Tonnes,Bellary,6000.0,6500.0,6250.0,Rs./Quintal,Local
Gandarvakottai(Uzhavar Sandhai ),0.24,Metric Tonnes,Bellary,6000.0,7000.0,6500.0,Rs./Quintal,Local
Gandhigramam(Uzhavar Sandhai),0.32,Metric Tonnes,Bellary,6000.0,6500.0,6250.0,Rs./Quintal,Local
Gingee(Uzhavar Sandhai ),0.17,Metric Tonnes,Bellary,5000.0,6000.0,5500.0,Rs./Quintal,Local
Gobichettipalayam(Uzhavar Sandhai ),0.48,Metric Tonnes,Bellary,6000.0,6800.0,6400.0,Rs./Quintal,Local
Gudalur(Uzhavar Sandhai ),0.03,Metric Tonnes,Bellary,6000.0,6500.0,6250.0,Rs./Quintal,Local
Gudiyatham(Uzhavar Sandhai ),0.2,Metric Tonnes,Bellary,6000.0,6000.0,6000.0,Rs./Quintal,Local
Guduvancheri(Uzhavar Sandhai ),0.14,Metric Tonnes,Bellary,5000.0,6000.0,5500.0,Rs./Quintal,Local
Harur(Uzhavar Sandhai ),0.23,Metric Tonnes,Bellary,5000.0,6000.0,5500.0,Rs./Quintal,Local
Hasthampatti(Uzhavar Sandhai ),0.45,Metric Tonnes,Bellary,5000.0,6000.0,5500.0,Rs./Quintal,Local
Hosur(Uzhavar Sandhai ),2.24,Metric Tonnes,Bellary,5500.0,6000.0,5750.0,Rs./Quintal,Local
Jalagandapuram(Uzhavar Sandhai ),0.12,Metric Tonnes,Bellary,6000.0,6500.0,6250.0,Rs./Quintal,Local
Jameenrayapettai(Uzhavar Sandhai ),0.61,Metric Tonnes,Bellary,5000.0,6000.0,5500.0,Rs./Quintal,Local
Jeyankondam (Uzhavar Sandhai ),0.01,Metric Tonnes,Bellary,5600.0,6000.0,5800.0,Rs./Quintal,Local
KKNagar(Uzhavar Sandhai ),1.6,Metric Tonnes,Bellary,6000.0,6800.0,6400.0,Rs./Quintal,Local
Kahithapattarai(Uzhavar Sandhai ),0.9,Metric Tonnes,Bellary,6000.0,6000.0,6000.0,Rs./Quintal,Local
Kallakurichi(Uzhavar Sandhai ),0.25,Metric Tonnes,Bellary,6000.0,6000.0,6000.0,Rs./Quintal,Local
Kambam(Uzhavar Sandhai ),1.5,Metric Tonnes,Bellary,5800.0,6000.0,5900.0,Rs./Quintal,Local
Kancheepuram(Uzhavar Sandhai ),0.65,Metric Tonnes,Bellary,5500.0,6000.0,5750.0,Rs./Quintal,Local
Kangayam(Uzhavar Sandhai ),0.31,Metric Tonnes,Bellary,4400.0,4800.0,4600.0,Rs./Quintal,Local
Karaikudi(Uzhavar Sandhai ),0.33,Metric Tonnes,Bellary,4500.0,7000.0,5750.0,Rs./Quintal,Local
Karambakkudi(Uzhavar Sandhai ),0.16,Metric Tonnes,Bellary,5000.0,6000.0,5500.0,Rs./Quintal,Local
Karimangalam(Uzhavar Sandhai),0.16,Metric Tonnes,Bellary,5500.0,6000.0,5750.0,Rs./Quintal,Local
Kariyapatti(Uzhavar Sandhai ),0.25,Metric Tonnes,Bellary,5500.0,6000.0,5750.0,Rs./Quintal,Local
Karur(Uzhavar Sandhai ),0.36,Metric Tonnes,Bellary,6000.0,6500.0,6250.0,Rs./Quintal,Local
Katpadi (Uzhavar Sandhai ),1.2,Metric Tonnes,Bellary,6200.0,6200.0,6200.0,Rs./Quintal,Local
Kaveripattinam(Uzhavar Sandhai ),0.28,Metric Tonnes,Bellary,5000.0,5000.0,5000.0,Rs./Quintal,Local
Keelpennathur(Uzhavar Sandhai ),0.04,Metric Tonnes,Bellary,5500.0,6000.0,5750.0,Rs./Quintal,Local
Kovilpatti(Uzhavar Sandhai ),0.32,Metric Tonnes,Bellary,5500.0,6000.0,5750.0,Rs./Quintal,Local
Krishnagiri(Uzhavar Sandhai ),1.66,Metric Tonnes,Bellary,5500.0,6000.0,5750.0,Rs./Quintal,Local
Kulithalai(Uzhavar Sandhai ),0.7,Metric Tonnes,Bellary,5600.0,6000.0,5800.0,Rs./Quintal,Local
Kumarapalayam(Uzhavar Sandhai ),0.12,Metric Tonnes,Bellary,2800.0,3000.0,2900.0,Rs./Quintal,Local
Kumbakonam (Uzhavar Sandhai ),0.54,Metric Tonnes,Bellary,8400.0,8400.0,8400.0,Rs./Quintal,Local
Kundrathur(Uzhavar Sandhai ),0.8,Metric Tonnes,Bellary,5000.0,5000.0,5000.0,Rs./Quintal,Local
Kurichi(Uzhavar Sandhai ),0.07,Metric Tonnes,Bellary,5500.0,5800.0,5650.0,Rs./Quintal,Local
Lalgudi(Uzhavar Sandhai ),0.32,Metric Tonnes,Bellary,6000.0,6800.0,6400.0,Rs./Quintal,Local
Madhuranthagam(Uzhavar Sandhai ),0.11,Metric Tonnes,Bellary,3000.0,4000.0,3500.0,Rs./Quintal,Local
Manachanallur(Uzhavar Sandhai ),0.14,Metric Tonnes,Bellary,6000.0,6000.0,6000.0,Rs./Quintal,Local
Manapparai(Uzhavar Sandhai ),0.22,Metric Tonnes,Bellary,5000.0,6000.0,5500.0,Rs./Quintal,Local
Mannargudi I(Uzhavar Sandhai ),1.3,Metric Tonnes,Bellary,6000.0,6000.0,6000.0,Rs./Quintal,Local
Mannargudi II(Uzhavar Sandhai ),0.29,Metric Tonnes,Bellary,6000.0,6000.0,6000.0,Rs./Quintal,Local
Mayiladuthurai(Uzhavar Sandhai ),0.18,Metric Tonnes,Bellary,4500.0,5000.0,4750.0,Rs./Quintal,Local
Medavakkam(Uzhavar Sandhai ),0.2,Metric Tonnes,Bellary,5000.0,6000.0,5500.0,Rs./Quintal,Local
Melapalayam(Uzhavar Sandhai ),1.2,Metric Tonnes,Bellary,5000.0,6200.0,5600.0,Rs./Quintal,Local
Melur(Uzhavar Sandhai ),0.45,Metric Tonnes,Bellary,6500.0,7000.0,6750.0,Rs./Quintal,Local
Mettupalayam(Uzhavar Sandhai ),0.82,Metric Tonnes,Bellary,6000.0,6400.0,6200.0,Rs./Quintal,Local
Mettur(Uzhavar Sandhai ),0.55,Metric Tonnes,Bellary,5000.0,6500.0,5750.0,Rs./Quintal,Local
Mohanur(Uzhavar Sandhai ),0.41,Metric Tonnes,Bellary,5600.0,6500.0,6050.0,Rs./Quintal,Local
Musiri(Uzhavar Sandhai ),0.68,Metric Tonnes,Bellary,6000.0,6500.0,6250.0,Rs./Quintal,Local
Muthupettai(Uzhavar Sandhai ),0.06,Metric Tonnes,Bellary,6000.0,6000.0,6000.0,Rs./Quintal,Local
Myladi(Uzhavar Sandhai ),0.05,Metric Tonnes,Bellary,6500.0,7000.0,6750.0,Rs./Quintal,Local
Nagapattinam(Uzhavar Sandhai ),0.27,Metric Tonnes,Bellary,3700.0,4500.0,4100.0,Rs./Quintal,Local
Namakkal(Uzhavar Sandhai ),1.2,Metric Tonnes,Bellary,5800.0,6400.0,6100.0,Rs./Quintal,Local
Nanganallur(Uzhavar Sandhai ),0.17,Metric Tonnes,Bellary,5500.0,6000.0,5750.0,Rs./Quintal,Local
Naravarikuppam(Uzhavar Sandhai ),0.18,Metric Tonnes,Bellary,5000.0,5000.0,5000.0,Rs./Quintal,Local
Natrampalli(Uzhavar Sandhai ),0.56,Metric Tonnes,Bellary,5000.0,6000.0,5500.0,Rs./Quintal,Local
Needamangalam(Uzhavar Sandhai ),0.05,Metric Tonnes,Bellary,5400.0,5400.0,5400.0,Rs./Quintal,Local
Padappai(Uzhavar Sandhai ),0.75,Metric Tonnes,Bellary,5500.0,6000.0,5750.0,Rs./Quintal,Local
Palacode(Uzhavar Sandhai ),0.24,Metric Tonnes,Bellary,6000.0,6400.0,6200.0,Rs./Quintal,Local
Palanganatham(Uzhavar Sandhai ),0.9,Metric Tonnes,Bellary,4000.0,7000.0,5500.0,Rs./Quintal,Local
Palani(Uzhavar Sandhai ),0.96,Metric Tonnes,Bellary,5000.0,6500.0,5750.0,Rs./Quintal,Local
Palayamkottai(Uzhavar Sandhai ),2.35,Metric Tonnes,Bellary,5600.0,6200.0,5900.0,Rs./Quintal,Local
Pallavaram(Uzhavar Sandhai ),1.06,Metric Tonnes,Bellary,5000.0,6000.0,5500.0,Rs./Quintal,Local
Pallikonda(Uzhavar Sandhai),0.1,Metric Tonnes,Bellary,5000.0,5500.0,5250.0,Rs./Quintal,Local
Panruti(Uzhavar Sandhai ),0.07,Metric Tonnes,Bellary,5000.0,5000.0,5000.0,Rs./Quintal,Local
Papanasam(Uzhavar Sandhai ),0.17,Metric Tonnes,Bellary,6000.0,7200.0,6600.0,Rs./Quintal,Local
Paramakudi(Uzhavar Sandhai ),0.48,Metric Tonnes,Bellary,6000.0,6400.0,6200.0,Rs./Quintal,Local
Paramathivelur(Uzhavar Sandhai ),0.2,Metric Tonnes,Bellary,6000.0,6800.0,6400.0,Rs./Quintal,Local
Paruthipattu(Uzhavar Sandhai ),0.22,Metric Tonnes,Bellary,5000.0,5000.0,5000.0,Rs./Quintal,Local
Pattukottai(Uzhavar Sandhai ),0.75,Metric Tonnes,Bellary,4600.0,6000.0,5300.0,Rs./Quintal,Local
Pennagaram(Uzhavar Sandhai ),0.18,Metric Tonnes,Bellary,6200.0,6500.0,6350.0,Rs./Quintal,Local
Perambakkam(Uzhavar Sandhai ),0.02,Metric Tonnes,Bellary,5000.0,5000.0,5000.0,Rs./Quintal,Local
Perambalur(Uzhavar Sandhai ),0.9,Metric Tonnes,Bellary,6600.0,7000.0,6800.0,Rs./Quintal,Local
Perampet(Uzhavar Sandhai),0.05,Metric Tonnes,Bellary,5600.0,5600.0,5600.0,Rs./Quintal,Local
Peravurani(Uzhavar Sandhai),0.08,Metric Tonnes,Bellary,4600.0,6000.0,5300.0,Rs./Quintal,Local
Periyakulam(Uzhavar Sandhai ),0.34,Metric Tonnes,Bellary,5800.0,6200.0,6000.0,Rs./Quintal,Local
Perundurai(Uzhavar Sandhai ),0.24,Metric Tonnes,Bellary,6000.0,6500.0,6250.0,Rs./Quintal,Local
Pollachi(Uzhavar Sandhai ),0.36,Metric Tonnes,Bellary,5500.0,6000.0,5750.0,Rs./Quintal,Local
Polur(Uzhavar Sandhai ),0.28,Metric Tonnes,Bellary,5000.0,6000.0,5500.0,Rs./Quintal,Local
Ponnamaravathi(Uzhavar Sandhai),0.17,Metric Tonnes,Bellary,5500.0,6000.0,5750.0,Rs./Quintal,Local
Pudukottai(Uzhavar Sandhai ),0.78,Metric Tonnes,Bellary,5000.0,6000.0,5500.0,Rs./Quintal,Local
RSPuram(Uzhavar Sandhai ),3.92,Metric Tonnes,Bellary,5400.0,5700.0,5550.0,Rs./Quintal,Local
Rajapalayam(Uzhavar Sandhai ),0.21,Metric Tonnes,Bellary,6000.0,6500.0,6250.0,Rs./Quintal,Local
Ramanathapuram(Uzhavar Sandhai ),0.13,Metric Tonnes,Bellary,6000.0,6500.0,6250.0,Rs./Quintal,Local
Ranipettai(Uzhavar Sandhai ),0.35,Metric Tonnes,Bellary,5800.0,6000.0,5900.0,Rs./Quintal,Local
Rasipuram(Uzhavar Sandhai ),0.68,Metric Tonnes,Bellary,6000.0,6500.0,6250.0,Rs./Quintal,Local
Sampath Nagar(Uzhavar Sandhai ),0.62,Metric Tonnes,Bellary,6600.0,7000.0,6800.0,Rs./Quintal,Local
Sankarankoil(Uzhavar Sandhai ),0.45,Metric Tonnes,Bellary,5000.0,6000.0,5500.0,Rs./Quintal,Local
Sankarapuram(Uzhavar Sandhai ),0.25,Metric Tonnes,Bellary,6000.0,6000.0,6000.0,Rs./Quintal,Local
Sathiyamagalam(Uzhavar Sandhai ),0.28,Metric Tonnes,Bellary,5500.0,6000.0,5750.0,Rs./Quintal,Local
Sathur(Uzhavar Sandhai ),0.05,Metric Tonnes,Bellary,5000.0,6000.0,5500.0,Rs./Quintal,Local
Singampunari(Uzhavar Sandhai ),0.1,Metric Tonnes,Bellary,4200.0,6600.0,5400.0,Rs./Quintal,Local
Singanallur(Uzhavar Sandhai ),1.05,Metric Tonnes,Bellary,5500.0,6000.0,5750.0,Rs./Quintal,Local
Sirkali(Uzhavar Sandhai ),0.27,Metric Tonnes,Bellary,5500.0,6000.0,5750.0,Rs./Quintal,Local
Sivagangai (Uzhavar Sandhai ),0.38,Metric Tonnes,Bellary,6600.0,7000.0,6800.0,Rs./Quintal,Local
Sivakasi(Uzhavar Sandhai ),0.05,Metric Tonnes,Bellary,5000.0,6000.0,5500.0,Rs./Quintal,Local
Sooramangalam(Uzhavar Sandhai ),0.6,Metric Tonnes,Bellary,6000.0,6500.0,6250.0,Rs./Quintal,Local
Srivilliputhur(Uzhavar Sandhai ),0.1,Metric Tonnes,Bellary,5000.0,6000.0,5500.0,Rs./Quintal,Local
Sulur(Uzhavar Sandhai ),0.21,Metric Tonnes,Bellary,5500.0,6000.0,5750.0,Rs./Quintal,Local
Sundarapuram(Uzhavar Sandhai ),0.9,Metric Tonnes,Bellary,5500.0,5800.0,5650.0,Rs./Quintal,Local
Sunguvarchatram(Uzhavar Sandhai ),0.8,Metric Tonnes,Bellary,5000.0,5000.0,5000.0,Rs./Quintal,Local
Tenkasi(Uzhavar Sandhai ),0.48,Metric Tonnes,Bellary,5000.0,6000.0,5500.0,Rs./Quintal,Local
Thalavadi(Uzhavar Sandhai ),0.24,Metric Tonnes,Bellary,5500.0,6000.0,5750.0,Rs./Quintal,Local
Thalavaipuram(Uzhavar Sandhai ),0.04,Metric Tonnes,Bellary,5500.0,6500.0,6000.0,Rs./Quintal,Local
Thammampatti (Uzhavar Sandhai ),0.52,Metric Tonnes,Bellary,5500.0,6500.0,6000.0,Rs./Quintal,Local
Thanjavur(Uzhavar Sandhai ),1.28,Metric Tonnes,Bellary,6000.0,6800.0,6400.0,Rs./Quintal,Local
Thathakapatti(Uzhavar Sandhai ),0.44,Metric Tonnes,Bellary,6000.0,6400.0,6200.0,Rs./Quintal,Local
Theni(Uzhavar Sandhai ),1.24,Metric Tonnes,Bellary,5000.0,6200.0,5600.0,Rs./Quintal,Local
Thirumangalam(Uzhavar Sandhai ),0.67,Metric Tonnes,Bellary,6000.0,7000.0,6500.0,Rs./Quintal,Local
Thirupathur APMC,0.75,Metric Tonnes,Bellary,6000.0,6000.0,6000.0,Rs./Quintal,Local
Thiruverumbur(Uzhavar Sandhai ),0.8,Metric Tonnes,Bellary,6000.0,6000.0,6000.0,Rs./Quintal,Local
Thuraiyur APMC,0.4,Metric Tonnes,Bellary,5500.0,6500.0,6000.0,Rs./Quintal,Local
Tindivanam APMC,0.68,Metric Tonnes,Bellary,5800.0,5800.0,5800.0,Rs./Quintal,Local
Tiruchengode APMC,0.21,Metric Tonnes,Bellary,6000.0,6500.0,6250.0,Rs./Quintal,Local
Tirukattupalli(Uzhavar Sandhai ),0.26,Metric Tonnes,Bellary,6400.0,6800.0,6600.0,Rs./Quintal,Local
Tirupatthur(Uzhavar Sandhai ),0.36,Metric Tonnes,Bellary,7000.0,7500.0,7250.0,Rs./Quintal,Local
Tiruppur (North) (Uzhavar Sandhai ),0.43,Metric Tonnes,Bellary,5500.0,5800.0,5650.0,Rs./Quintal,Local
Tiruppur (South) (Uzhavar Sandhai ),0.35,Metric Tonnes,Bellary,4000.0,5000.0,4500.0,Rs./Quintal,Local
Tiruthani(Uzhavar Sandhai ),0.8,Metric Tonnes,Bellary,5000.0,5000.0,5000.0,Rs./Quintal,Local
Tiruvallur(Uzhavar Sandhai ),0.21,Metric Tonnes,Bellary,6000.0,6000.0,6000.0,Rs./Quintal,Local
Tiruvannamalai(Uzhavar Sandhai ),1.05,Metric Tonnes,Bellary,5000.0,6000.0,5500.0,Rs./Quintal,Local
Tuticorin(Uzhavar Sandhai ),1.17,Metric Tonnes,Bellary,5000.0,6000.0,5500.0,Rs./Quintal,Local
Udhagamandalam(Uzhavar Sandhai ),2.25,Metric Tonnes,Bellary,5800.0,6200.0,6000.0,Rs./Quintal,Local
Udumalpet APMC,0.81,Metric Tonnes,Bellary,6000.0,6500.0,6250.0,Rs./Quintal,Local
Ulundurpettai APMC,0.41,Metric Tonnes,Bellary,6000.0,6000.0,6000.0,Rs./Quintal,Local
Usilampatti(Uzhavar Sandhai ),0.51,Metric Tonnes,Bellary,6500.0,7000.0,6750.0,Rs./Quintal,Local
Vadalur(Uzhavar Sandhai ),0.17,Metric Tonnes,Bellary,5000.0,6000.0,5500.0,Rs./Quintal,Local
Vadaseri APMC,0.39,Metric Tonnes,Bellary,6000.0,6500.0,6250.0,Rs./Quintal,Local
Vadavalli(Uzhavar Sandhai ),0.75,Metric Tonnes,Bellary,5200.0,5700.0,5450.0,Rs./Quintal,Local
Vandavasi(Uzhavar Sandhai ),0.04,Metric Tonnes,Bellary,5000.0,6000.0,5500.0,Rs./Quintal,Local
Vaniyampadi(Uzhavar Sandhai ),0.7,Metric Tonnes,Bellary,7000.0,7000.0,7000.0,Rs./Quintal,Local
Vazhapadi(Uzhavar Sandhai),0.12,Metric Tonnes,Bellary,5000.0,6000.0,5500.0,Rs./Quintal,Local
Vedaranyam(Uzhavar Sandhai),0.11,Metric Tonnes,Bellary,3500.0,4500.0,4000.0,Rs./Quintal,Local
Vedasanthur(Uzhavar Sandhai ),0.01,Metric Tonnes,Bellary,6000.0,6500.0,6250.0,Rs./Quintal,Local
Vellore APMC,1.25,Metric Tonnes,Bellary,5000.0,5800.0,5400.0,Rs./Quintal,Local
Villupuram(Uzhavar Sandhai ),0.44,Metric Tonnes,Bellary,6000.0,6000.0,6000.0,Rs./Quintal,Local
Viralimalai(Uzhavar Sandhai ),0.12,Metric Tonnes,Bellary,6500.0,7000.0,6750.0,Rs./Quintal,Local
Virudhunagar(Uzhavar Sandhai ),0.08,Metric Tonnes,Bellary,5500.0,6000.0,5750.0,Rs./Quintal,Local
Viruthachalam(Uzhavar Sandhai ),0.15,Metric Tonnes,Bellary,5500.0,5500.0,5500.0,Rs./Quintal,Local
Total,88.84,Metric Tonnes,,,,5872.28,Rs./Quintal,
State/UT Name : Telangana
APMC PATANCHERU,37.0,Metric Tonnes,Onion,3500.0,4800.0,4000.0,Rs./Quintal,Local
"Alwal,RBZ",0.2,Metric Tonnes,Onion,4000.0,4000.0,4000.0,Rs./Quintal,FAQ
Bowenpally APMC,35.9,Metric Tonnes,Onion,1000.0,5500.0,3500.0,Rs./Quintal,FAQ
"Excise Colony,RBZ ",0.16,Metric Tonnes,Other,6000.0,6000.0,6000.0,Rs./Quintal,Grade A
Gudimalkapur APMC,157.4,Metric Tonnes,Onion,1800.0,6000.0,3600.0,Rs./Quintal,Grade B
"Kukatpally,RBZ",4.2,Metric Tonnes,1st Sort,4000.0,4000.0,4000.0,Rs./Quintal,Local
Mahboob Manison APMC,253.20000000000002,Metric Tonnes,Onion,4200.0,5200.0,4500.0,Rs./Quintal,Large
Mahboob Manison APMC,379.8,Metric Tonnes,Onion,1800.0,4300.0,3600.0,Rs./Quintal,Small
Miryalguda(Rythu Bazar) ,1.0,Metric Tonnes,Red,6000.0,6000.0,6000.0,Rs./Quintal,Grade A
RYTHU BAZAR FALAKNUMA,0.5,Metric Tonnes,Onion,4000.0,4000.0,4000.0,Rs./Quintal,Grade A
RYTHU BAZAR MEHDIPATNAM,2.5,Metric Tonnes,1st Sort,4000.0,4000.0,4000.0,Rs./Quintal,Grade A
Sadasivpet APMC,8.1,Metric Tonnes,Local,1369.0,4622.0,4422.0,Rs./Quintal,Local
Sangareddy APMC,3.0,Metric Tonnes,Other,5500.0,5500.0,5500.0,Rs./Quintal,Grade B
"Saroornagar,RBZ",0.5,Metric Tonnes,Other,4000.0,4000.0,4000.0,Rs./Quintal,Medium
Siddipet(Rythu Bazar) ,2.8000000000000003,Metric Tonnes,Onion,4500.0,5500.0,5000.0,Rs./Quintal,Grade A
"Vanasthalipuram,RBZ ",1.4,Metric Tonnes,Onion,4000.0,4000.0,4000.0,Rs./Quintal,Grade A
Total,887.66,Metric Tonnes,,,,3895.01,Rs./Quintal,
State/UT Name : Tripura
Dasda APMC,0.30000000000000004,Metric Tonnes,Onion,4800.0,4900.0,4850.0,Rs./Quintal,FAQ
Gondatwisa APMC,0.30000000000000004,Metric Tonnes,Onion,5000.0,5500.0,5300.0,Rs./Quintal,FAQ
Halahali,3.0,Metric Tonnes,1st Sort,5400.0,5600.0,5500.0,Rs./Quintal,FAQ
Jampuijala APMC,0.30000000000000004,Metric Tonnes,Other,4800.0,5000.0,4900.0,Rs./Quintal,Medium
Kalyanpur APMC,5.0,Metric Tonnes,Nasik,4900.0,5100.0,5000.0,Rs./Quintal,FAQ
Machmara,0.9,Metric Tonnes,Nasik,4100.0,4300.0,4200.0,Rs./Quintal,FAQ
Manubazar,0.6000000000000001,Metric Tonnes,1st Sort,5000.0,6000.0,5500.0,Rs./Quintal,Grade A
Melaghar APMC,0.8,Metric Tonnes,Small,6000.0,6200.0,6100.0,Rs./Quintal,Local
Pabiacherra APMC,1.2000000000000002,Metric Tonnes,Nasik,5300.0,5500.0,5400.0,Rs./Quintal,FAQ
Total,12.4,Metric Tonnes,,,,5197.98,Rs./Quintal,
State/UT Name : Uttar Pradesh
Ahirora APMC,10.0,Metric Tonnes,Other,1000.0,1000.0,1000.0,Rs./Quintal,FAQ
Akbarpur APMC,0.225,Metric Tonnes,Other,5052.21,5052.21,5052.21,Rs./Quintal,FAQ
Atarra APMC,10.3,Metric Tonnes,Other,2500.0,2500.0,2500.0,Rs./Quintal,FAQ
Auraiya APMC,6.0,Metric Tonnes,Other,4000.0,4000.0,4000.0,Rs./Quintal,FAQ
Azamgarh APMC,1.66,Metric Tonnes,Other,5673.96,5673.96,5673.96,Rs./Quintal,FAQ
Badayoun APMC,30.0,Metric Tonnes,Other,3500.0,3500.0,3500.0,Rs./Quintal,FAQ
Bahraich APMC,14.355,Metric Tonnes,Other,2500.0,4877.17,2525.67,Rs./Quintal,FAQ
Bangarmau APMC,30.0,Metric Tonnes,Other,3200.0,3200.0,3200.0,Rs./Quintal,FAQ
Barabanki APMC,61.5,Metric Tonnes,Other,2500.0,2500.0,2500.0,Rs./Quintal,FAQ
Baraut APMC,25.0,Metric Tonnes,Other,3600.0,3600.0,3600.0,Rs./Quintal,FAQ
Bareilly APMC,0.4916,Metric Tonnes,Other,4987.3,4987.3,4987.3,Rs./Quintal,FAQ
Chandoli APMC,30.0,Metric Tonnes,Other,2000.0,2000.0,2000.0,Rs./Quintal,FAQ
Fatehpur APMC,15.0,Metric Tonnes,Other,3500.0,3600.0,3580.0,Rs./Quintal,FAQ
Gadaura APMC,30.0,Metric Tonnes,Other,2000.0,2000.0,2000.0,Rs./Quintal,FAQ
Gangoh APMC,18.8,Metric Tonnes,Other,3300.0,4000.0,3470.74,Rs./Quintal,FAQ
Ghaziabad APMC,182.0,Metric Tonnes,Other,4000.0,4050.0,4027.69,Rs./Quintal,FAQ
Gorakhpur APMC,294.3,Metric Tonnes,Other,2500.0,2500.0,2500.0,Rs./Quintal,FAQ
Hardoi APMC,30.0,Metric Tonnes,Other,2300.0,2300.0,2300.0,Rs./Quintal,FAQ
Jahangirabad APMC,1.1,Metric Tonnes,Other,3000.0,3000.0,3000.0,Rs./Quintal,FAQ
Jalaun APMC,0.1,Metric Tonnes,Other,4700.0,4700.0,4700.0,Rs./Quintal,FAQ
Jaunpur APMC,84.0,Metric Tonnes,Other,3500.0,4000.0,3721.43,Rs./Quintal,FAQ
Jayas APMC,30.3,Metric Tonnes,Other,2500.0,2500.0,2500.0,Rs./Quintal,FAQ
Jhansi APMC,15.0,Metric Tonnes,Other,1800.0,2700.0,2400.0,Rs./Quintal,FAQ
Kairana APMC,1.2,Metric Tonnes,Other,3000.0,3000.0,3000.0,Rs./Quintal,FAQ
Kanpur(Grain) APMC,426.1,Metric Tonnes,Other,3500.0,3500.0,3500.0,Rs./Quintal,FAQ
Kasganj APMC,35.0,Metric Tonnes,Other,1850.0,1900.0,1868.57,Rs./Quintal,FAQ
Kayamganj APMC,15.5,Metric Tonnes,Other,3500.0,3500.0,3500.0,Rs./Quintal,FAQ
Khairagarh APMC,0.30000000000000004,Metric Tonnes,Red,4000.0,4100.0,4050.0,Rs./Quintal,FAQ
Khalilabad APMC,60.0,Metric Tonnes,Other,2500.0,2500.0,2500.0,Rs./Quintal,FAQ
Khandhla APMC,6.5,Metric Tonnes,Other,4800.0,4800.0,4800.0,Rs./Quintal,FAQ
Khekda APMC,0.4,Metric Tonnes,Other,2800.0,4000.0,3200.0,Rs./Quintal,FAQ
Konch APMC,6.5,Metric Tonnes,Other,1700.0,1700.0,1700.0,Rs./Quintal,FAQ
Lakhimpur APMC,15.8,Metric Tonnes,Other,2950.0,2950.0,2950.0,Rs./Quintal,FAQ
Lediyari APMC,4.0,Metric Tonnes,Other,2000.0,3050.0,3018.0,Rs./Quintal,FAQ
Lucknow APMC,20.0,Metric Tonnes,Other,3500.0,3500.0,3500.0,Rs./Quintal,FAQ
Mathura APMC,70.5,Metric Tonnes,Other,3000.0,4000.0,3773.05,Rs./Quintal,FAQ
Muradabad APMC,49.0,Metric Tonnes,Other,2515.0,2520.0,2518.06,Rs./Quintal,FAQ
Najibabad APMC,166.6,Metric Tonnes,Other,2500.0,2500.0,2500.0,Rs./Quintal,FAQ
Nawabganj APMC,188.7,Metric Tonnes,Other,1000.0,2500.0,1389.77,Rs./Quintal,FAQ
Noida APMC,108.3,Metric Tonnes,Other,4000.0,4000.0,4000.0,Rs./Quintal,FAQ
Paliakala APMC,60.0,Metric Tonnes,Other,2900.0,2900.0,2900.0,Rs./Quintal,FAQ
Partaval APMC,28.0,Metric Tonnes,Other,2500.0,2500.0,2500.0,Rs./Quintal,FAQ
Prayagraj APMC,4.0,Metric Tonnes,Other,4000.0,4000.0,4000.0,Rs./Quintal,FAQ
Rampurmaniharan APMC,1.4,Metric Tonnes,Other,2100.0,2500.0,2314.29,Rs./Quintal,FAQ
Robertsganj APMC,0.45,Metric Tonnes,Other,2000.0,2000.0,2000.0,Rs./Quintal,FAQ
Saharanpur APMC,98.0,Metric Tonnes,Other,2850.0,4500.0,3488.32,Rs./Quintal,FAQ
Samsabad APMC,0.5,Metric Tonnes,Onion,2400.0,2600.0,2500.0,Rs./Quintal,Local
Samsabad APMC,0.9,Metric Tonnes,Other,2000.0,2500.0,2222.22,Rs./Quintal,FAQ
Shahaswan APMC,45.2,Metric Tonnes,Other,2800.0,3000.0,2920.35,Rs./Quintal,FAQ
Shamli APMC,1.0,Metric Tonnes,Other,4500.0,4500.0,4500.0,Rs./Quintal,FAQ
Shikohabad APMC,27.0,Metric Tonnes,Other,2500.0,2500.0,2500.0,Rs./Quintal,FAQ
Sikanderabad APMC,12.0,Metric Tonnes,Other,3800.0,3800.0,3800.0,Rs./Quintal,FAQ
Sirsa APMC,4.0,Metric Tonnes,Other,2000.0,3050.0,3018.0,Rs./Quintal,FAQ
Sitapur APMC,15.0,Metric Tonnes,Other,2800.0,2800.0,2800.0,Rs./Quintal,FAQ
Thanabhawan APMC,16.0,Metric Tonnes,Other,2300.0,2300.0,2300.0,Rs./Quintal,FAQ
Varanasi APMC,99.83,Metric Tonnes,Other,3500.0,3500.0,3500.0,Rs./Quintal,FAQ
Total,2507.81,Metric Tonnes,,,,2989.5,Rs./Quintal,
State/UT Name : Uttarakhand
Bhagwanpur(Naveen Mandi Sthal) APMC,0.2,Metric Tonnes,Other,2000.0,3000.0,2100.0,Rs./Quintal,Grade A
Dehradoon APMC,17.6,Metric Tonnes,Nasik,1050.0,1600.0,1250.0,Rs./Quintal,FAQ
Haldwani APMC,27.0,Metric Tonnes,Other,3000.0,3800.0,3500.0,Rs./Quintal,FAQ
Haridwar Union APMC,14.0,Metric Tonnes,Onion,2000.0,3000.0,2500.0,Rs./Quintal,FAQ
Khateema APMC,71.4,Metric Tonnes,Other,1200.0,2500.0,1500.0,Rs./Quintal,Grade B
Kotadwara APMC,1.6,Metric Tonnes,Onion,2300.0,2300.0,2300.0,Rs./Quintal,FAQ
Manglaur APMC,1.0,Metric Tonnes,Other,1500.0,2000.0,1800.0,Rs./Quintal,Large
Rishikesh APMC,8.0,Metric Tonnes,Other,3400.0,4800.0,4200.0,Rs./Quintal,Medium
Roorkee APMC,1.5,Metric Tonnes,Other,2500.0,4500.0,3500.0,Rs./Quintal,Medium
Rudrapur APMC,14.0,Metric Tonnes,Other,3000.0,5000.0,4000.0,Rs./Quintal,Medium
Total,156.3,Metric Tonnes,,,,2299.1,Rs./Quintal,
State/UT Name : West Bengal
Asansol APMC,15.0,Metric Tonnes,Nasik,4550.0,4800.0,4700.0,Rs./Quintal,FAQ
Balarampur APMC,1.5,Metric Tonnes,Other,4000.0,4500.0,4200.0,Rs./Quintal,FAQ
Balurghat APMC,2.5,Metric Tonnes,1st Sort,4500.0,5000.0,4800.0,Rs./Quintal,FAQ
Bankura Sadar APMC,15.25,Metric Tonnes,Nasik,4850.0,5250.0,5100.0,Rs./Quintal,FAQ
Bara Bazar (Posta Bazar) APMC,24.0,Metric Tonnes,Nasik,4500.0,5075.0,4850.0,Rs./Quintal,FAQ
Bara Bazar (Posta Bazar) APMC,52.0,Metric Tonnes,Other,4400.0,5000.0,4700.0,Rs./Quintal,FAQ
Barasat APMC,39.0,Metric Tonnes,Other,5000.0,5000.0,5000.0,Rs./Quintal,FAQ
Baruipur(Canning) APMC,4.0,Metric Tonnes,Red,4800.0,5000.0,4900.0,Rs./Quintal,FAQ
Bethuadahari APMC,8.4,Metric Tonnes,Nasik,3600.0,3800.0,3700.0,Rs./Quintal,Grade A
Birbhum APMC,27.0,Metric Tonnes,Other,4500.0,4700.0,4600.0,Rs./Quintal,FAQ
Bishnupur(Bankura) APMC,0.6000000000000001,Metric Tonnes,Nasik,4600.0,5200.0,4800.0,Rs./Quintal,FAQ
Bolpur APMC,25.0,Metric Tonnes,Onion,4400.0,4600.0,4500.0,Rs./Quintal,FAQ
Burdwan APMC,22.0,Metric Tonnes,Nasik,4400.0,4700.0,4600.0,Rs./Quintal,FAQ
Chakdah APMC,5.3,Metric Tonnes,Onion,5000.0,5400.0,5200.0,Rs./Quintal,FAQ
Champadanga APMC,3.0,Metric Tonnes,Nasik,5000.0,5200.0,5000.0,Rs./Quintal,FAQ
Diamond Harbour(South 24-pgs) APMC,4.5,Metric Tonnes,Red,4800.0,5000.0,4900.0,Rs./Quintal,FAQ
Durgapur APMC,15.5,Metric Tonnes,Nasik,4550.0,4800.0,4700.0,Rs./Quintal,FAQ
English Bazar APMC,14.0,Metric Tonnes,Nasik,3900.0,4200.0,4000.0,Rs./Quintal,FAQ
Gangarampur(Dakshin Dinajpur) APMC,2.2,Metric Tonnes,1st Sort,4500.0,5000.0,4800.0,Rs./Quintal,FAQ
Garbeta(Medinipur) APMC,0.8,Metric Tonnes,Onion,4200.0,4600.0,4400.0,Rs./Quintal,FAQ
Ghatal APMC,2.9000000000000004,Metric Tonnes,Onion,5000.0,5200.0,5100.0,Rs./Quintal,FAQ
Habra APMC,30.0,Metric Tonnes,Onion,4500.0,4500.0,4500.0,Rs./Quintal,FAQ
Islampur APMC,7.5,Metric Tonnes,Dry F.A.Q.,4000.0,4500.0,4200.0,Rs./Quintal,FAQ
Jalpaiguri Sadar APMC,0.5,Metric Tonnes,Nasik,4800.0,5200.0,5000.0,Rs./Quintal,FAQ
Jangipur APMC,27.25,Metric Tonnes,Bellary,3650.0,3750.0,3700.0,Rs./Quintal,FAQ
Kalipur APMC,4.8,Metric Tonnes,Nasik,4800.0,5200.0,5000.0,Rs./Quintal,FAQ
Kalna APMC,1.85,Metric Tonnes,Nasik,4900.0,5000.0,5000.0,Rs./Quintal,FAQ
Kalna APMC,1.95,Metric Tonnes,Local,4400.0,4500.0,4500.0,Rs./Quintal,FAQ
Kalyani APMC,2.4000000000000004,Metric Tonnes,Other,4800.0,5200.0,5000.0,Rs./Quintal,Local
Karimpur APMC,11.0,Metric Tonnes,Nasik,3600.0,4000.0,3800.0,Rs./Quintal,Grade A
Karsiyang(Matigara) APMC,0.4,Metric Tonnes,Nasik,5900.0,6100.0,6000.0,Rs./Quintal,FAQ
Medinipur(West) APMC,26.0,Metric Tonnes,Onion,4300.0,4500.0,4400.0,Rs./Quintal,FAQ
Nadia APMC,6.2,Metric Tonnes,Nasik,4450.0,4650.0,4550.0,Rs./Quintal,FAQ
Pandua APMC,2.5,Metric Tonnes,Dry F.A.Q.,4500.0,4850.0,4725.0,Rs./Quintal,FAQ
Purulia APMC,5.0,Metric Tonnes,Other,4200.0,5000.0,4600.0,Rs./Quintal,FAQ
Raiganj APMC,7.0,Metric Tonnes,Nasik,420.0,4800.0,4500.0,Rs./Quintal,FAQ
Ramkrishanpur(Howrah) APMC,0.48,Metric Tonnes,Nasik,5000.0,5500.0,5200.0,Rs./Quintal,FAQ
Rampurhat APMC,16.0,Metric Tonnes,Other,4300.0,4500.0,4400.0,Rs./Quintal,FAQ
Ranaghat APMC,4.0,Metric Tonnes,Other,5200.0,5600.0,5400.0,Rs./Quintal,FAQ
Sainthia APMC,29.0,Metric Tonnes,Onion,4400.0,4600.0,4500.0,Rs./Quintal,FAQ
Samsi APMC,11.0,Metric Tonnes,Nasik,4100.0,4300.0,4200.0,Rs./Quintal,FAQ
Sheoraphuly APMC,100.0,Metric Tonnes,Nasik,4775.0,4975.0,4850.0,Rs./Quintal,FAQ
Siliguri APMC,48.0,Metric Tonnes,Onion,5000.0,5200.0,5100.0,Rs./Quintal,FAQ
Tamluk (Medinipur E) APMC,2.0,Metric Tonnes,Onion,4000.0,4400.0,4200.0,Rs./Quintal,FAQ
Uluberia APMC,0.28,Metric Tonnes,Nasik,5000.0,5500.0,5200.0,Rs./Quintal,FAQ
Total,629.56,Metric Tonnes,,,,4644.5,Rs./Quintal,
Grand Total,49057.62,Metric Tonnes,,,,3433.89,Rs./Quintal,
Potato
State/UT Name : Andhra Pradesh
Palamaner APMC,5.5,Metric Tonnes,Potato,1200.0,1600.0,1400.0,Rs./Quintal,FAQ
Total,5.5,Metric Tonnes,,,,1400.0,Rs./Quintal,
State/UT Name : Assam
Ambagan APMC,12.0,Metric Tonnes,Potato,1400.0,1600.0,1500.0,Rs./Quintal,FAQ
Dhekiajuli APMC,6.0,Metric Tonnes,Potato,1000.0,1100.0,1100.0,Rs./Quintal,FAQ
Dhing APMC,15.0,Metric Tonnes,Potato,1400.0,1600.0,1500.0,Rs./Quintal,FAQ
Doomdumia APMC,16.0,Metric Tonnes,Potato,1400.0,1600.0,1500.0,Rs./Quintal,FAQ
Haibargaon APMC,15.0,Metric Tonnes,Potato,1350.0,1450.0,1400.0,Rs./Quintal,FAQ
Pamohi(Garchuk) APMC,50.0,Metric Tonnes,Potato,900.0,1800.0,1300.0,Rs./Quintal,FAQ
Pamohi(Garchuk) APMC,60.0,Metric Tonnes,Other,1600.0,2500.0,1800.0,Rs./Quintal,FAQ
Tinsukia Market,12.0,Metric Tonnes,Potato,850.0,950.0,900.0,Rs./Quintal,FAQ
Total,186.0,Metric Tonnes,,,,1483.33,Rs./Quintal,
State/UT Name : Bihar
Balliah APMC,4.0,Metric Tonnes,Local,900.0,1100.0,1000.0,Rs./Quintal,Grade B
Balliah APMC,4.5,Metric Tonnes,Local,900.0,1100.0,1000.0,Rs./Quintal,Grade C
Balliah APMC,3.0,Metric Tonnes,Local,900.0,1100.0,1000.0,Rs./Quintal,Grade A
Bhagwanpur Mandi APMC,25.6,Metric Tonnes,Red Nanital,1300.0,1300.0,1300.0,Rs./Quintal,Grade B
Chhapra APMC,110.0,Metric Tonnes,Other,1100.0,1300.0,1200.0,Rs./Quintal,Grade A
Daunagar APMC,50.0,Metric Tonnes,Red Nanital,1400.0,1600.0,1500.0,Rs./Quintal,Local
Jamui APMC,18.0,Metric Tonnes,Jyoti,1000.0,1000.0,1000.0,Rs./Quintal,Grade A
Khagaria APMC,30.0,Metric Tonnes,Red,1040.0,1130.0,1100.0,Rs./Quintal,Grade A
Madhuban APMC,150.0,Metric Tonnes,Other,1100.0,1300.0,1200.0,Rs./Quintal,FAQ
Madhubani APMC,60.0,Metric Tonnes,Red,1100.0,1300.0,1200.0,Rs./Quintal,FAQ
Motihari APMC,75.0,Metric Tonnes,Other,1100.0,1300.0,1200.0,Rs./Quintal,Grade A
Raxaul APMC,4.0,Metric Tonnes,Red Nanital,1300.0,1500.0,1400.0,Rs./Quintal,Grade A
Saharsa APMC,24.0,Metric Tonnes,Local,1000.0,1200.0,1100.0,Rs./Quintal,FAQ
Total,558.1,Metric Tonnes,,,,1212.65,Rs./Quintal,
State/UT Name : Chandigarh
Chandigarh (Grain/F&V) APMC,315.5,Metric Tonnes,Potato,400.0,1400.0,1200.0,Rs./Quintal,FAQ
Total,315.5,Metric Tonnes,,,,1200.0,Rs./Quintal,
State/UT Name : Chattisgarh
Durg APMC,2.9,Metric Tonnes,Local,1500.0,1600.0,1600.0,Rs./Quintal,Medium
Rajnandgaon APMC,30.2,Metric Tonnes,Potato,900.0,1100.0,1000.0,Rs./Quintal,Grade B
Tiphra APMC,45.0,Metric Tonnes,Local,2000.0,2200.0,2100.0,Rs./Quintal,Grade B
Total,78.1,Metric Tonnes,,,,1656.08,Rs./Quintal,
State/UT Name : Goa
Mapusa APMC,8.688,Metric Tonnes,Potato,1200.0,1800.0,1500.0,Rs./Quintal,FAQ
Total,8.69,Metric Tonnes,,,,1500.0,Rs./Quintal,
State/UT Name : Gujarat
Ahmedabad(Chimanbhai Patal Market Vasana) APMC,31.6,Metric Tonnes,Chips,500.0,1400.0,1250.0,Rs./Quintal,FAQ
Ahmedabad(Chimanbhai Patal Market Vasana) APMC,164.10000000000002,Metric Tonnes,Desi,300.0,800.0,675.0,Rs./Quintal,FAQ
"Anand(Veg,Yard,Anand) APMC",116.9,Metric Tonnes,Potato,1000.0,1100.0,1050.0,Rs./Quintal,Grade B
Ankleshwar APMC,22.0,Metric Tonnes,Potato,800.0,1200.0,1000.0,Rs./Quintal,Grade A
Bharuch APMC,26.5,Metric Tonnes,Other,1000.0,1700.0,1300.0,Rs./Quintal,Local
Bhuj APMC,48.6,Metric Tonnes,Desi,1000.0,1800.0,1400.0,Rs./Quintal,FAQ
Bilimora APMC,5.0,Metric Tonnes,Other,1400.0,1800.0,1600.0,Rs./Quintal,FAQ
Dahod(Veg. Market) APMC,20.0,Metric Tonnes,Potato,800.0,1100.0,1000.0,Rs./Quintal,Local
Deesa(Deesa Veg Yard) APMC,118.0,Metric Tonnes,Other,700.0,1000.0,850.0,Rs./Quintal,FAQ
Gondal(Veg.market Gondal) APMC,76.05,Metric Tonnes,Potato,700.0,1300.0,1000.0,Rs./Quintal,Local
Himatnagar(Veg.Market Himatnagar) APMC,2.4000000000000004,Metric Tonnes,Potato,1000.0,1500.0,1400.0,Rs./Quintal,Local
Kapadvanj APMC,45.0,Metric Tonnes,Potato,600.0,1300.0,950.0,Rs./Quintal,Medium
Khambhat(Veg Yard Khambhat) APMC,0.30000000000000004,Metric Tonnes,Desi,1000.0,2000.0,1500.0,Rs./Quintal,Local
Mehsana(Mehsana Veg) APMC,73.3,Metric Tonnes,Potato,500.0,1400.0,1000.0,Rs./Quintal,Local
Nadiad APMC,2.24,Metric Tonnes,Potato,1800.0,1900.0,1850.0,Rs./Quintal,FAQ
Nadiyad(Chaklasi) APMC,1.325,Metric Tonnes,Potato,1300.0,1500.0,1400.0,Rs./Quintal,FAQ
Nadiyad(Piplag) APMC,18.0,Metric Tonnes,Potato,1400.0,1500.0,1450.0,Rs./Quintal,FAQ
Navsari APMC,54.7,Metric Tonnes,Potato,600.0,1700.0,1150.0,Rs./Quintal,Grade A
Padra APMC,19.6,Metric Tonnes,Other,1000.0,2000.0,1500.0,Rs./Quintal,FAQ
Palitana APMC,4.0,Metric Tonnes,Potato,1600.0,2900.0,2250.0,Rs./Quintal,Medium
Porbandar APMC,37.4,Metric Tonnes,Red Nanital,1000.0,1500.0,1250.0,Rs./Quintal,Non-FAQ
Rajkot(Veg.Sub Yard) APMC,552.0,Metric Tonnes,Potato,450.0,1445.0,945.0,Rs./Quintal,FAQ
Surat APMC,885.0,Metric Tonnes,Other,600.0,1650.0,1125.0,Rs./Quintal,FAQ
Vadhvan APMC,45.800000000000004,Metric Tonnes,Potato,1500.0,2000.0,1750.0,Rs./Quintal,Medium
Vadodara(Sayajipura) APMC,19.37,Metric Tonnes,Other,800.0,1600.0,1250.0,Rs./Quintal,FAQ
Vijapur(Vegetable) APMC,0.5,Metric Tonnes,Other,750.0,750.0,750.0,Rs./Quintal,Grade A
Total,2389.68,Metric Tonnes,,,,1056.15,Rs./Quintal,
State/UT Name : Haryana
Bahadurgarh APMC,52.0,Metric Tonnes,Other,800.0,1100.0,900.0,Rs./Quintal,FAQ
Ballabhgarh APMC,46.0,Metric Tonnes,Potato,600.0,1000.0,900.0,Rs./Quintal,FAQ
Barwala APMC,3.8000000000000003,Metric Tonnes,Local,800.0,1200.0,1000.0,Rs./Quintal,FAQ
Barwala(Hisar) APMC,5.0,Metric Tonnes,Potato,800.0,1000.0,900.0,Rs./Quintal,Local
Ch. Dadri APMC,7.800000000000001,Metric Tonnes,Potato,800.0,1200.0,1000.0,Rs./Quintal,Medium
Cheeka APMC,4.0,Metric Tonnes,Other,700.0,800.0,750.0,Rs./Quintal,FAQ
Chhachrauli APMC,0.3,Metric Tonnes,Potato,800.0,850.0,850.0,Rs./Quintal,Local
Dhand APMC,1.4000000000000001,Metric Tonnes,Other,1000.0,1100.0,1090.0,Rs./Quintal,Medium
Farukh Nagar APMC,3.6,Metric Tonnes,Other,800.0,1100.0,1000.0,Rs./Quintal,Medium
Fatehabad APMC,17.400000000000002,Metric Tonnes,Potato,800.0,800.0,800.0,Rs./Quintal,Local
Ganaur APMC,4.4,Metric Tonnes,Potato,1000.0,1500.0,1200.0,Rs./Quintal,FAQ
Gharaunda APMC,2.4,Metric Tonnes,Other,1000.0,1200.0,1200.0,Rs./Quintal,Local
Gohana APMC,21.400000000000002,Metric Tonnes,Other,1000.0,1500.0,1200.0,Rs./Quintal,Medium
Gurgaon APMC,212.0,Metric Tonnes,Other,600.0,1000.0,800.0,Rs./Quintal,Grade B
Hansi APMC,45.6,Metric Tonnes,Other,1000.0,4000.0,1000.0,Rs./Quintal,FAQ
Hissar APMC,30.7,Metric Tonnes,Local,600.0,1000.0,800.0,Rs./Quintal,Local
Hodal APMC,6.0,Metric Tonnes,Potato,600.0,800.0,700.0,Rs./Quintal,FAQ
Indri APMC,1.5,Metric Tonnes,Potato,700.0,700.0,700.0,Rs./Quintal,FAQ
Jagadhri APMC,5.25,Metric Tonnes,Potato,500.0,800.0,650.0,Rs./Quintal,FAQ
Jakhal APMC,0.5,Metric Tonnes,Other,600.0,600.0,600.0,Rs./Quintal,Non-FAQ
Jhajjar APMC,14.0,Metric Tonnes,Other,1100.0,1100.0,1100.0,Rs./Quintal,Medium
Kharkhoda APMC,5.7,Metric Tonnes,Other,1000.0,1200.0,1100.0,Rs./Quintal,FAQ
Kosli APMC,0.30000000000000004,Metric Tonnes,Other,1000.0,1000.0,1000.0,Rs./Quintal,FAQ
Ladwa APMC,2.0,Metric Tonnes,Red Nanital,1800.0,2500.0,2500.0,Rs./Quintal,Non-FAQ
Madlauda APMC,0.7000000000000001,Metric Tonnes,Potato,1000.0,1000.0,1000.0,Rs./Quintal,FAQ
Meham,2.0,Metric Tonnes,Potato,800.0,800.0,800.0,Rs./Quintal,Medium
Mohindergarh APMC,7.2,Metric Tonnes,Potato,700.0,700.0,700.0,Rs./Quintal,Medium
Mustafabad APMC,0.41,Metric Tonnes,Potato,800.0,900.0,900.0,Rs./Quintal,FAQ
Naraingarh APMC,8.25,Metric Tonnes,Potato,400.0,700.0,650.0,Rs./Quintal,Medium
Narnaul APMC,3.5,Metric Tonnes,Potato,800.0,1000.0,900.0,Rs./Quintal,Medium
Narwana APMC,6.0,Metric Tonnes,Potato,500.0,700.0,600.0,Rs./Quintal,Non-FAQ
Nuh APMC,5.0,Metric Tonnes,Other,800.0,1000.0,1000.0,Rs./Quintal,Local
Panipat APMC,121.0,Metric Tonnes,Potato,600.0,1200.0,900.0,Rs./Quintal,Local
Pataudi APMC,6.5,Metric Tonnes,Potato,800.0,1000.0,900.0,Rs./Quintal,Grade B
Pundri APMC,0.6000000000000001,Metric Tonnes,Other,600.0,700.0,650.0,Rs./Quintal,FAQ
Radaur APMC,2.0,Metric Tonnes,Other,1000.0,1200.0,1100.0,Rs./Quintal,Medium
Raipur Rani APMC,0.45,Metric Tonnes,Potato,800.0,900.0,800.0,Rs./Quintal,Local
Rania APMC,0.2,Metric Tonnes,Potato,0.11,0.15,0.12,Rs./Quintal,Non-FAQ
Rania(Jiwan nagar) APMC,0.1,Metric Tonnes,Other,70.0,90.0,80.0,Rs./Quintal,Non-FAQ
Ratia APMC,75.0,Metric Tonnes,Other,600.0,625.0,610.0,Rs./Quintal,Grade A
Rewari APMC,43.800000000000004,Metric Tonnes,Other,800.0,1600.0,1200.0,Rs./Quintal,Medium
Rohtak APMC,120.0,Metric Tonnes,Other,600.0,1200.0,800.0,Rs./Quintal,Medium
Sadhaura APMC,5.0,Metric Tonnes,Potato,700.0,800.0,750.0,Rs./Quintal,Local
Sampla APMC,3.2,Metric Tonnes,Other,1200.0,1200.0,1200.0,Rs./Quintal,Local
Shahabad APMC,4.6,Metric Tonnes,Potato,500.0,700.0,600.0,Rs./Quintal,Medium
Shahzadpur APMC,2.9000000000000004,Metric Tonnes,Potato,600.0,1300.0,600.0,Rs./Quintal,FAQ
Sirsa APMC,14.600000000000001,Metric Tonnes,Other,500.0,650.0,600.0,Rs./Quintal,FAQ
Siwan APMC,2.1,Metric Tonnes,Other,1500.0,1700.0,1600.0,Rs./Quintal,FAQ
Sohna APMC,10.6,Metric Tonnes,Potato,1000.0,1200.0,1200.0,Rs./Quintal,Local
Sonepat APMC,20.5,Metric Tonnes,Desi,1000.0,1400.0,1200.0,Rs./Quintal,FAQ
Tarori APMC,0.9,Metric Tonnes,Desi,1000.0,1500.0,1200.0,Rs./Quintal,Medium
Thanesar APMC,18.5,Metric Tonnes,Potato,700.0,3000.0,1850.0,Rs./Quintal,Medium
Tohana(New Veg Market) APMC,13.0,Metric Tonnes,Potato,800.0,1000.0,900.0,Rs./Quintal,FAQ
Uklana APMC,0.30000000000000004,Metric Tonnes,Potato,800.0,800.0,800.0,Rs./Quintal,Medium
Yamuna Nagar APMC,25.5,Metric Tonnes,Other,350.0,1000.0,600.0,Rs./Quintal,Medium
Total,1017.46,Metric Tonnes,,,,881.65,Rs./Quintal,
State/UT Name : Himachal Pradesh
PMY Bilaspur,2.9000000000000004,Metric Tonnes,Local,800.0,2400.0,1500.0,Rs./Quintal,Grade B
PMY Chamba,5.2,Metric Tonnes,Potato,1000.0,1200.0,1100.0,Rs./Quintal,Medium
PMY Dhalli Shimla,4.5,Metric Tonnes,Potato,1000.0,2500.0,1600.0,Rs./Quintal,Grade A
PMY Hamirpur,1.2000000000000002,Metric Tonnes,Other,1000.0,2500.0,1700.0,Rs./Quintal,Grade B
PMY Kangni Mandi,0.632,Metric Tonnes,Potato,800.0,2300.0,1500.0,Rs./Quintal,FAQ
PMY Kangra,2.3000000000000003,Metric Tonnes,Potato,1000.0,2000.0,1500.0,Rs./Quintal,FAQ
PMY Kather Solan,5.94,Metric Tonnes,Other,600.0,2200.0,2000.0,Rs./Quintal,Medium
PMY Kullu,2.0,Metric Tonnes,Other,800.0,2500.0,1600.0,Rs./Quintal,FAQ
PMY Paonta Sahib,2.5,Metric Tonnes,Other,800.0,3000.0,2200.0,Rs./Quintal,FAQ
PMY Una,9.200000000000001,Metric Tonnes,Potato,800.0,1000.0,900.0,Rs./Quintal,Local
SMY Bhuntar,2.0,Metric Tonnes,Other,900.0,2400.0,1600.0,Rs./Quintal,FAQ
SMY Dhanotu,1.3,Metric Tonnes,Potato,700.0,1500.0,1150.0,Rs./Quintal,FAQ
SMY Dharamshala,1.4000000000000001,Metric Tonnes,Potato,1000.0,2000.0,1600.0,Rs./Quintal,FAQ
SMY Jaisinghpur,0.30000000000000004,Metric Tonnes,Potato,1400.0,2600.0,2000.0,Rs./Quintal,FAQ
SMY Jogindernagar,0.2,Metric Tonnes,Desi,1300.0,2300.0,1800.0,Rs./Quintal,Grade B
SMY Nadaun,0.32000000000000006,Metric Tonnes,Other,1300.0,1500.0,1400.0,Rs./Quintal,Grade B
SMY Nagrota Bagwan,1.1,Metric Tonnes,Potato,1000.0,1800.0,1300.0,Rs./Quintal,FAQ
SMY Nahan,0.4,Metric Tonnes,Other,1500.0,2200.0,1800.0,Rs./Quintal,FAQ
SMY Nalagarh,2.0,Metric Tonnes,Other,400.0,800.0,600.0,Rs./Quintal,Medium
SMY Palampur,2.5,Metric Tonnes,Potato,1200.0,2400.0,1800.0,Rs./Quintal,FAQ
SMY Rohroo,0.5,Metric Tonnes,Local,1500.0,1900.0,1700.0,Rs./Quintal,Grade B
SMY Santoshgarh,1.6500000000000001,Metric Tonnes,Jyoti,700.0,900.0,800.0,Rs./Quintal,FAQ
SMY Takoli,0.2,Metric Tonnes,Other,800.0,1000.0,1000.0,Rs./Quintal,Medium
Total,50.24,Metric Tonnes,,,,1415.77,Rs./Quintal,
State/UT Name : Jammu and Kashmir
Kathua (F&V),30.0,Metric Tonnes,Potato,1000.0,1500.0,1250.0,Rs./Quintal,FAQ
MAC F&V Market Narwal Jammu,120.0,Metric Tonnes,Potato,800.0,1200.0,1000.0,Rs./Quintal,FAQ
Parimpore Srinagar (F&V),45.0,Metric Tonnes,Other,600.0,700.0,650.0,Rs./Quintal,Grade B
Parimpore Srinagar (F&V),108.0,Metric Tonnes,Red,900.0,1000.0,950.0,Rs./Quintal,Grade A
Rajouri (Phaliana) (F&V),2.0,Metric Tonnes,Local,2000.0,2000.0,2000.0,Rs./Quintal,Grade B
Total,305.0,Metric Tonnes,,,,961.8,Rs./Quintal,
State/UT Name : Karnataka
APMC Hubballi,202.0,Metric Tonnes,Potato,1300.0,1800.0,1600.0,Rs./Quintal,Local
Belgaum APMC,224.5,Metric Tonnes,Local,1000.0,1800.0,1400.0,Rs./Quintal,Large
Bengaluru APMC,438.5,Metric Tonnes,Local,1000.0,2400.0,2000.0,Rs./Quintal,Medium
Bengaluru APMC,1023.0,Metric Tonnes,Potato,1000.0,2200.0,1800.0,Rs./Quintal,Medium
Davangere APMC,4.0,Metric Tonnes,Potato,900.0,2200.0,1500.0,Rs./Quintal,Local
Doddaballapur APMC,2.5,Metric Tonnes,Local,1800.0,2200.0,2000.0,Rs./Quintal,Medium
Gauribidanur APMC,0.5,Metric Tonnes,Potato,1000.0,2000.0,1500.0,Rs./Quintal,Local
Hassan APMC,196.0,Metric Tonnes,Potato,1000.0,1284.0,1063.0,Rs./Quintal,Local
Kalaburagi APMC,20.0,Metric Tonnes,Potato,1000.0,1200.0,1100.0,Rs./Quintal,Local
Kolar APMC,2.0,Metric Tonnes,Local,1000.0,2000.0,1600.0,Rs./Quintal,Local
Mysuru APMC,24.5,Metric Tonnes,Potato,1000.0,1500.0,1300.0,Rs./Quintal,Medium
Nanjangud APMC,3.0,Metric Tonnes,Potato,3700.0,4666.0,4166.0,Rs./Quintal,Local
Shimoga APMC,4.0,Metric Tonnes,Potato,1600.0,2600.0,2000.0,Rs./Quintal,Local
T. Narasipura APMC,1.1,Metric Tonnes,Other,1500.0,2000.0,2000.0,Rs./Quintal,Small
Udupi APMC,17.7,Metric Tonnes,Potato,1400.0,1500.0,1500.0,Rs./Quintal,Local
Total,2163.3,Metric Tonnes,,,,1702.17,Rs./Quintal,
State/UT Name : Keralam
Anchal Market,0.48,Metric Tonnes,Potato,4400.0,4400.0,4400.0,Rs./Quintal,Local
Angamaly Market,1.0,Metric Tonnes,Potato,3800.0,5000.0,4400.0,Rs./Quintal,FAQ
Aralamoodu Market,1.0,Metric Tonnes,Potato,5000.0,5500.0,5500.0,Rs./Quintal,FAQ
Aroor Market,0.2,Metric Tonnes,Other,3800.0,4000.0,3900.0,Rs./Quintal,FAQ
Athirampuzha Market,1.0,Metric Tonnes,Potato,3400.0,3600.0,3500.0,Rs./Quintal,FAQ
Balarampuram Market,0.4,Metric Tonnes,Red Nanital,4000.0,5000.0,4000.0,Rs./Quintal,FAQ
Chathanoor Market,0.4,Metric Tonnes,Other,3800.0,4200.0,4000.0,Rs./Quintal,FAQ
Chavakkad Market,0.15,Metric Tonnes,Potato,3800.0,4800.0,4800.0,Rs./Quintal,FAQ
Chelakkara Market,0.2,Metric Tonnes,Potato,3800.0,4000.0,3900.0,Rs./Quintal,FAQ
Chengannur Market,0.5,Metric Tonnes,Potato,2700.0,3000.0,2800.0,Rs./Quintal,FAQ
Cherthala Market,0.3,Metric Tonnes,Potato,2900.0,3100.0,3000.0,Rs./Quintal,FAQ
Ettumanoor Market,1.0,Metric Tonnes,Potato,2800.0,3000.0,2900.0,Rs./Quintal,FAQ
Kallachi Market,0.1,Metric Tonnes,Other,2200.0,2600.0,2400.0,Rs./Quintal,FAQ
Kanjangadu Market,0.8,Metric Tonnes,Other,2700.0,3400.0,3000.0,Rs./Quintal,FAQ
Kanjirappally Market,0.5,Metric Tonnes,Potato,3500.0,4000.0,3800.0,Rs./Quintal,FAQ
Kayamkulam Market,3.0,Metric Tonnes,Other,1800.0,2000.0,1900.0,Rs./Quintal,FAQ
Kodungalloor Market,6.0,Metric Tonnes,Potato,4500.0,4500.0,4500.0,Rs./Quintal,Grade A
Koduvayoor Market,40.0,Metric Tonnes,Potato,3600.0,4000.0,3800.0,Rs./Quintal,Medium
Kollengode Market,40.0,Metric Tonnes,Potato,3600.0,4000.0,3800.0,Rs./Quintal,FAQ
Kondotty Market,0.25,Metric Tonnes,Other,2200.0,2500.0,2400.0,Rs./Quintal,FAQ
Kothamangalam Market,1.0,Metric Tonnes,Potato,3500.0,4500.0,4000.0,Rs./Quintal,FAQ
Kottakkal Market,5.0,Metric Tonnes,Other,2300.0,2500.0,2400.0,Rs./Quintal,Local
Kottayam Market,3.0,Metric Tonnes,Potato,3200.0,3600.0,3400.0,Rs./Quintal,FAQ
Manjeri Market,7.0,Metric Tonnes,Other,2350.0,2450.0,2400.0,Rs./Quintal,Local
Manjeswaram Market,15.0,Metric Tonnes,Other,2000.0,3000.0,2500.0,Rs./Quintal,FAQ
Mukkom Market,0.5,Metric Tonnes,Potato,2400.0,2600.0,2500.0,Rs./Quintal,FAQ
North Paravur Market,1.0,Metric Tonnes,Red Nanital,3500.0,4500.0,4000.0,Rs./Quintal,FAQ
Pala Market,3.0,Metric Tonnes,Other,3600.0,4400.0,4000.0,Rs./Quintal,FAQ
Palakkad Market,5.0,Metric Tonnes,Potato,3800.0,5000.0,4500.0,Rs./Quintal,FAQ
Pattambi Market,0.4,Metric Tonnes,Potato,2600.0,3000.0,2800.0,Rs./Quintal,FAQ
Perinthalmanna Market,4.0,Metric Tonnes,Potato,1800.0,2200.0,2000.0,Rs./Quintal,Large
Perumbavoor Market,4.0,Metric Tonnes,Potato,3000.0,3600.0,3200.0,Rs./Quintal,Medium
Pothencode Market,600.0,Metric Tonnes,Potato,4500.0,4700.0,4500.0,Rs./Quintal,Local
Quilandy Market,0.55,Metric Tonnes,Other,2300.0,2400.0,2400.0,Rs./Quintal,FAQ
Taliparamba Market,0.04,Metric Tonnes,Potato,2300.0,2500.0,2400.0,Rs./Quintal,FAQ
Thalasserry Market,0.2,Metric Tonnes,Other,1800.0,2800.0,2300.0,Rs./Quintal,FAQ
Thalayolaparambu Market,0.5,Metric Tonnes,Potato,2800.0,3200.0,3000.0,Rs./Quintal,FAQ
Thamarassery Market,0.3,Metric Tonnes,Other,2700.0,2700.0,2700.0,Rs./Quintal,FAQ
Thrippunithura Market,1.0,Metric Tonnes,Potato,4500.0,5000.0,4700.0,Rs./Quintal,Medium
Vadakkenchery Market,0.28,Metric Tonnes,Potato,5500.0,6000.0,5500.0,Rs./Quintal,FAQ
Vamanapuram Market,0.12,Metric Tonnes,Other,4000.0,4500.0,4500.0,Rs./Quintal,FAQ
Vandiperiyar Market,0.05,Metric Tonnes,Other,3000.0,3200.0,3200.0,Rs./Quintal,Grade Range-1
Wadakkanchery Market,0.45,Metric Tonnes,Potato,2800.0,3500.0,3000.0,Rs./Quintal,FAQ
Total,749.67,Metric Tonnes,,,,4298.8,Rs./Quintal,
State/UT Name : Madhya Pradesh
Aron (F&V) APMC,1.0,Metric Tonnes,Local,920.0,980.0,950.0,Rs./Quintal,Local
Badwani(F&V) APMC,1.215,Metric Tonnes,Potato,1000.0,1000.0,1000.0,Rs./Quintal,Local
Bareli(F&V) APMC,3.45,Metric Tonnes,Desi,1000.0,1000.0,1000.0,Rs./Quintal,Grade A
Betul(F&V) APMC,25.0,Metric Tonnes,Desi,800.0,1400.0,1200.0,Rs./Quintal,FAQ
Bhopal(F&V) APMC,147.0,Metric Tonnes,Other,400.0,1000.0,700.0,Rs./Quintal,Local
Burhanpur(F&V) APMC,8.6,Metric Tonnes,Local,500.0,1000.0,850.0,Rs./Quintal,Local
Chhatarpur (F&V) APMC,7.4,Metric Tonnes,Other,800.0,800.0,800.0,Rs./Quintal,Grade C
Dabra(F&V) APMC,16.0,Metric Tonnes,Potato,500.0,1000.0,700.0,Rs./Quintal,Grade C
Damoh(F&V) APMC,1.0,Metric Tonnes,Local,800.0,800.0,800.0,Rs./Quintal,Local
Deori (F&V) APMC,1.5,Metric Tonnes,Potato,720.0,720.0,720.0,Rs./Quintal,Grade B
Dewas(F&V) APMC,2.4000000000000004,Metric Tonnes,Other,400.0,1400.0,700.0,Rs./Quintal,FAQ
Dhamnod(F&V) APMC,2.8,Metric Tonnes,Potato,700.0,1000.0,800.0,Rs./Quintal,Local
Gadarwada (F&V) APMC,18.6,Metric Tonnes,Other,600.0,600.0,600.0,Rs./Quintal,Grade B
Haatpipliya (F&V) APMC,0.384,Metric Tonnes,Potato,800.0,1500.0,1300.0,Rs./Quintal,Local
Harda(F&V) APMC,1.8,Metric Tonnes,Desi,1200.0,1600.0,1500.0,Rs./Quintal,Medium
Indore APMC,3.5700000000000003,Metric Tonnes,Local,750.0,750.0,750.0,Rs./Quintal,Non-FAQ
Itarsi(F&V) APMC,3.46,Metric Tonnes,Potato,800.0,1000.0,800.0,Rs./Quintal,FAQ
Jabalpur(F&V) APMC,60.0,Metric Tonnes,Potato,1000.0,1500.0,1200.0,Rs./Quintal,Medium
Kailaras APMC,5.6000000000000005,Metric Tonnes,Other,650.0,1100.0,1100.0,Rs./Quintal,FAQ
Karera(F&V) APMC,1.05,Metric Tonnes,Potato,500.0,1500.0,800.0,Rs./Quintal,Local
Katni(F&V) APMC,67.05,Metric Tonnes,Other,400.0,450.0,418.61,Rs./Quintal,Grade C
Khandwa(F&V) APMC,15.0,Metric Tonnes,Potato,350.0,800.0,500.0,Rs./Quintal,FAQ
Khargone(F&V) APMC,0.3,Metric Tonnes,Potato,600.0,1000.0,800.0,Rs./Quintal,Medium
Khurai(F&V) APMC,11.600000000000001,Metric Tonnes,Potato,500.0,700.0,600.0,Rs./Quintal,Local
Kukshi(F&V) APMC,0.7000000000000001,Metric Tonnes,Potato,700.0,1100.0,900.0,Rs./Quintal,Grade A
Lashkar(F&V) APMC,50.5,Metric Tonnes,Desi,600.0,800.0,700.0,Rs./Quintal,Grade B
Maihar(F&V) APMC,11.5,Metric Tonnes,Potato,600.0,600.0,600.0,Rs./Quintal,Local
Manawar(F&V) APMC,1.5,Metric Tonnes,Potato,1100.0,1200.0,1133.0,Rs./Quintal,Grade B
Mandsaur(F&V) APMC,1.7000000000000002,Metric Tonnes,Other,590.0,950.0,770.0,Rs./Quintal,Grade B
Mhow (Ambedkar Nagar) (F&V) APMC,0.6000000000000001,Metric Tonnes,Potato,1000.0,2000.0,1300.0,Rs./Quintal,Grade B
Morena APMC,10.0,Metric Tonnes,Desi,300.0,400.0,400.0,Rs./Quintal,Non-FAQ
Morena(F&V) APMC,10.0,Metric Tonnes,Potato,300.0,400.0,400.0,Rs./Quintal,Non-FAQ
Narmadapuram (F&V) APMC,7.4,Metric Tonnes,Potato,450.0,930.0,580.0,Rs./Quintal,FAQ
Petlawad(F&V) APMC,0.3,Metric Tonnes,Desi,1000.0,1000.0,1000.0,Rs./Quintal,Grade A
Pipariya(F&V) APMC,8.0,Metric Tonnes,Potato,600.0,1500.0,1000.0,Rs./Quintal,Local
Porsa APMC,18.0,Metric Tonnes,Potato,500.0,650.0,600.0,Rs./Quintal,FAQ
Ratlam(F&V) APMC,1.6,Metric Tonnes,Other,800.0,1200.0,1100.0,Rs./Quintal,FAQ
Rehli(F&V) APMC,0.4,Metric Tonnes,Potato,800.0,1000.0,900.0,Rs./Quintal,Grade C
Sabalgarh(F&V) APMC,5.0,Metric Tonnes,Jyoti,500.0,1000.0,1000.0,Rs./Quintal,FAQ
Sagar(F&V) APMC,19.0,Metric Tonnes,Local,700.0,800.0,750.0,Rs./Quintal,Local
Sanawad(F&V) APMC,3.2,Metric Tonnes,Desi,800.0,1000.0,900.0,Rs./Quintal,Medium
Sanwer(F&V) APMC,0.1,Metric Tonnes,Potato,1000.0,1500.0,1200.0,Rs./Quintal,FAQ
Seoni(F&V) APMC,7.1,Metric Tonnes,Desi,1230.0,1230.0,1230.0,Rs./Quintal,Grade C
Shivpuri(F&V) APMC,7.0,Metric Tonnes,Other,700.0,700.0,700.0,Rs./Quintal,Grade B
Thandla APMC,1.48,Metric Tonnes,Other,900.0,1400.0,1150.0,Rs./Quintal,FAQ
Ujjain APMC,4.0520000000000005,Metric Tonnes,Potato,437.64,901.04,901.04,Rs./Quintal,Non-FAQ
Ujjain APMC,15.193000000000001,Metric Tonnes,Potato,297.7,801.0,801.0,Rs./Quintal,FAQ
Total,590.1,Metric Tonnes,,,,752.25,Rs./Quintal,
State/UT Name : Maharashtra
APMC Akluj ,10.5,Metric Tonnes,Other,1200.0,1400.0,1300.0,Rs./Quintal,Local
APMC Chattrapati Sambhajinagar ,138.0,Metric Tonnes,Other,700.0,1100.0,900.0,Rs./Quintal,Local
APMC Hingna,0.3,Metric Tonnes,Local,1500.0,1500.0,1500.0,Rs./Quintal,Local
APMC Jalgaon ,24.0,Metric Tonnes,Other,700.0,1000.0,850.0,Rs./Quintal,Local
APMC Khed ,8.2,Metric Tonnes,Other,1000.0,1500.0,1250.0,Rs./Quintal,Local
APMC Nagpur ,350.0,Metric Tonnes,Local,800.0,1100.0,1025.0,Rs./Quintal,Local
APMC Nasik ,118.0,Metric Tonnes,Other,600.0,1250.0,800.0,Rs./Quintal,Local
APMC Pune ,688.3,Metric Tonnes,Local,700.0,1500.0,1100.0,Rs./Quintal,Local
APMC Rahata ,44.1,Metric Tonnes,Other,700.0,1300.0,1000.0,Rs./Quintal,Local
APMC Rahuri ,5.0,Metric Tonnes,Other,1000.0,1600.0,1300.0,Rs./Quintal,Local
APMC Shrirampur ,9.5,Metric Tonnes,Other,700.0,1000.0,850.0,Rs./Quintal,Local
APMC Solapur ,44.6,Metric Tonnes,Local,900.0,1200.0,1000.0,Rs./Quintal,Local
APMC Vaduj ,2.5,Metric Tonnes,Local,1400.0,1500.0,1450.0,Rs./Quintal,Local
APMC Vita ,10.0,Metric Tonnes,Other,1400.0,1600.0,1500.0,Rs./Quintal,Local
Chandrapur(Ganjwad) ,42.0,Metric Tonnes,Other,1000.0,1350.0,1200.0,Rs./Quintal,Local
Junnar(Narayangaon) ,0.6,Metric Tonnes,Other,1000.0,1200.0,1100.0,Rs./Quintal,Local
Mumbai-Onion & Potato Market ,1094.7,Metric Tonnes,Other,600.0,1200.0,900.0,Rs./Quintal,Local
Pune(Khadiki) ,0.6,Metric Tonnes,Local,800.0,1200.0,1000.0,Rs./Quintal,Local
Pune(Manjri) ,4.5,Metric Tonnes,Other,1500.0,1800.0,1600.0,Rs./Quintal,Local
Pune(Moshi) ,172.0,Metric Tonnes,Local,1000.0,1300.0,1150.0,Rs./Quintal,Local
"Sangli(Phale, Bhajipala Market) ",18.0,Metric Tonnes,Local,800.0,1800.0,1300.0,Rs./Quintal,Local
Total,2785.4,Metric Tonnes,,,,993.19,Rs./Quintal,
State/UT Name : Manipur
Bishenpur APMC,1.8,Metric Tonnes,Other,2500.0,3000.0,2750.0,Rs./Quintal,FAQ
Imphal APMC,4.8,Metric Tonnes,Other,1800.0,2500.0,2150.0,Rs./Quintal,FAQ
Kakching Market APMC,0.9,Metric Tonnes,Other,3000.0,3500.0,3250.0,Rs./Quintal,FAQ
Lamlong Bazaar APMC,1.9,Metric Tonnes,Other,2500.0,3000.0,2750.0,Rs./Quintal,FAQ
Thoubal APMC,1.8,Metric Tonnes,Other,2500.0,3000.0,2750.0,Rs./Quintal,FAQ
Total,11.2,Metric Tonnes,,,,2533.04,Rs./Quintal,
State/UT Name : Meghalaya
Jowai APMC,1.5,Metric Tonnes,Jyoti,2000.0,3000.0,2500.0,Rs./Quintal,Local
Shillong APMC,11.0,Metric Tonnes,Local,1700.0,1800.0,1750.0,Rs./Quintal,FAQ
Sohra APMC,1.4,Metric Tonnes,Jyoti,1800.0,2500.0,2200.0,Rs./Quintal,Medium
Total,13.9,Metric Tonnes,,,,1876.26,Rs./Quintal,
State/UT Name : NCT of Delhi
APMC Azadpur,1684.4,Metric Tonnes,Potato,200.0,1900.0,1087.0,Rs./Quintal,FAQ
APMC Keshopur,120.05000000000001,Metric Tonnes,Potato,800.0,1300.0,1050.0,Rs./Quintal,FAQ
"Fruit&Vegetable Market,Gazipur APMC",767.1,Metric Tonnes,Potato,900.0,1100.0,1000.0,Rs./Quintal,FAQ
Total,2571.55,Metric Tonnes,,,,1059.32,Rs./Quintal,
State/UT Name : Nagaland
Kohima APMC,0.1,Metric Tonnes,Potato,3000.0,3000.0,3000.0,Rs./Quintal,Local
Total,0.1,Metric Tonnes,,,,3000.0,Rs./Quintal,
State/UT Name : Odisha
Balugaon APMC,2.5,Metric Tonnes,Kufri Giriraj,2200.0,2200.0,2200.0,Rs./Quintal,Grade A
Bargarh APMC,251.0,Metric Tonnes,Potato,2500.0,3500.0,3000.0,Rs./Quintal,Medium
Bargarh(Barapalli) APMC,111.0,Metric Tonnes,Potato,2000.0,3000.0,2500.0,Rs./Quintal,Medium
Birmaharajpur APMC,1.6,Metric Tonnes,Other,1750.0,1850.0,1800.0,Rs./Quintal,Local
Bolangir APMC,6.2,Metric Tonnes,Other,1200.0,1600.0,1400.0,Rs./Quintal,Medium
Boudh APMC,1.5,Metric Tonnes,Other,1800.0,2200.0,2000.0,Rs./Quintal,Local
Dungurapalli APMC,0.4,Metric Tonnes,Other,1850.0,2000.0,1900.0,Rs./Quintal,Local
Hindol APMC,1.7000000000000002,Metric Tonnes,Potato,1400.0,1600.0,1500.0,Rs./Quintal,Grade B
Jagatsinghpur APMC,350.0,Metric Tonnes,Potato,1350.0,1550.0,1450.0,Rs./Quintal,FAQ
Jharsuguda APMC,12.0,Metric Tonnes,Other,1700.0,2000.0,2000.0,Rs./Quintal,Grade A
Kamakhyanagar APMC,18.0,Metric Tonnes,Potato,1500.0,1500.0,1500.0,Rs./Quintal,Grade A
Khariar Road APMC,0.5,Metric Tonnes,Other,2000.0,2000.0,2000.0,Rs./Quintal,Grade A
Khunthabandha APMC,2.0,Metric Tonnes,Potato,1800.0,2200.0,2000.0,Rs./Quintal,Local
Pandkital APMC,0.30000000000000004,Metric Tonnes,Other,1800.0,1900.0,1850.0,Rs./Quintal,Local
Rairakhol APMC,1.5,Metric Tonnes,Potato,1200.0,1600.0,1500.0,Rs./Quintal,Grade B
Sargipali APMC,2.6,Metric Tonnes,Other,1000.0,1200.0,1100.0,Rs./Quintal,FAQ
Talcher APMC,5.1000000000000005,Metric Tonnes,Other,1550.0,1950.0,1700.0,Rs./Quintal,Medium
Tusura APMC,6.0,Metric Tonnes,Other,1200.0,1600.0,1400.0,Rs./Quintal,Medium
Total,773.9,Metric Tonnes,,,,2119.27,Rs./Quintal,
State/UT Name : Punjab
Adampur APMC,5.0,Metric Tonnes,Local,500.0,600.0,600.0,Rs./Quintal,FAQ
Ahmedgarh APMC,0.30000000000000004,Metric Tonnes,Local,350.0,380.0,380.0,Rs./Quintal,Medium
Baghapurana APMC,0.75,Metric Tonnes,Potato,600.0,800.0,700.0,Rs./Quintal,Grade B
Balachaur APMC,5.4,Metric Tonnes,Other,500.0,1000.0,800.0,Rs./Quintal,Medium
Banur APMC,0.6,Metric Tonnes,Other,1060.0,1060.0,1060.0,Rs./Quintal,Grade B
Bassi Pathana APMC,1.5,Metric Tonnes,Potato,600.0,600.0,600.0,Rs./Quintal,Medium
Bathinda APMC,370.0,Metric Tonnes,Other,600.0,650.0,600.0,Rs./Quintal,Grade B
Bhagta Bhai Ka APMC,0.6,Metric Tonnes,Other,1000.0,1000.0,1000.0,Rs./Quintal,Medium
Bhawanigarh APMC,4.0,Metric Tonnes,Other,500.0,500.0,500.0,Rs./Quintal,Medium
Bhogpur APMC,0.30000000000000004,Metric Tonnes,Local,600.0,600.0,600.0,Rs./Quintal,Local
Bhucho APMC,0.3,Metric Tonnes,Local,700.0,700.0,700.0,Rs./Quintal,Local
Budalada APMC,2.5,Metric Tonnes,Other,700.0,700.0,700.0,Rs./Quintal,Medium
Dasuya APMC,2.0,Metric Tonnes,Potato,1000.0,1000.0,1000.0,Rs./Quintal,FAQ
Dera Baba Nanak APMC,0.126,Metric Tonnes,Other,696.0,696.0,696.0,Rs./Quintal,Grade A
Dera Bassi APMC,2.1,Metric Tonnes,Potato,1500.0,1500.0,1500.0,Rs./Quintal,Local
Dhariwal APMC,0.7,Metric Tonnes,Potato,680.0,680.0,680.0,Rs./Quintal,Grade A
Dhuri APMC,1.2000000000000002,Metric Tonnes,Other,580.0,600.0,590.0,Rs./Quintal,Medium
Dinanagar APMC,1.25,Metric Tonnes,Potato,1000.0,1200.0,1100.0,Rs./Quintal,Medium
Doraha APMC,2.75,Metric Tonnes,Desi,250.0,700.0,600.0,Rs./Quintal,Local
Dudhansadhan APMC,0.6,Metric Tonnes,Other,800.0,800.0,800.0,Rs./Quintal,Grade B
F.G.Churian APMC,0.4,Metric Tonnes,Potato,1000.0,1000.0,1000.0,Rs./Quintal,Grade A
Fazilka APMC,16.6,Metric Tonnes,Potato,900.0,900.0,900.0,Rs./Quintal,FAQ
Ferozepur Cantt. APMC,0.48,Metric Tonnes,Local,300.0,500.0,400.0,Rs./Quintal,Grade A
Garh Shankar APMC,8.9,Metric Tonnes,Potato,1000.0,1000.0,1000.0,Rs./Quintal,FAQ
Garh Shankar(Mahalpur) APMC,5.8,Metric Tonnes,Potato,600.0,600.0,600.0,Rs./Quintal,FAQ
GarhShankar (Kotfatuhi) APMC,0.6,Metric Tonnes,Other,1000.0,1000.0,1000.0,Rs./Quintal,FAQ
Ghanaur APMC,0.2,Metric Tonnes,Other,700.0,900.0,800.0,Rs./Quintal,FAQ
Gurdaspur APMC,12.8,Metric Tonnes,Other,800.0,800.0,800.0,Rs./Quintal,Grade A
Jagraon APMC,4.0,Metric Tonnes,Other,230.0,230.0,230.0,Rs./Quintal,FAQ
Jalalabad APMC,5.2,Metric Tonnes,Potato,1000.0,1200.0,1100.0,Rs./Quintal,Medium
Jalandhar City(Jalandhar) APMC,208.10000000000002,Metric Tonnes,Other,100.0,600.0,280.0,Rs./Quintal,FAQ
Kapurthala APMC,10.0,Metric Tonnes,Potato,200.0,400.0,300.0,Rs./Quintal,Local
Khanna APMC,38.5,Metric Tonnes,Local,500.0,500.0,500.0,Rs./Quintal,Grade A
Kharar APMC,9.3,Metric Tonnes,Potato,700.0,900.0,800.0,Rs./Quintal,Non-FAQ
Kotkapura APMC,10.0,Metric Tonnes,Local,750.0,850.0,800.0,Rs./Quintal,FAQ
Kurali APMC,3.2,Metric Tonnes,Other,800.0,825.0,810.0,Rs./Quintal,Medium
Lalru APMC,4.8,Metric Tonnes,Other,970.0,970.0,970.0,Rs./Quintal,Local
Lehra Gaga APMC,1.25,Metric Tonnes,Other,700.0,700.0,700.0,Rs./Quintal,Grade A
Lohian Khas APMC,1.0,Metric Tonnes,Other,300.0,500.0,400.0,Rs./Quintal,Local
Ludhiana APMC,97.80000000000001,Metric Tonnes,Other,100.0,600.0,300.0,Rs./Quintal,FAQ
Machhiwara APMC,1.0550000000000002,Metric Tonnes,Local,600.0,800.0,700.0,Rs./Quintal,FAQ
Malerkotla APMC,10.0,Metric Tonnes,Other,300.0,500.0,400.0,Rs./Quintal,Local
Malout APMC,9.01,Metric Tonnes,Potato,500.0,500.0,500.0,Rs./Quintal,Grade A
Mansa APMC,10.0,Metric Tonnes,Potato,900.0,900.0,900.0,Rs./Quintal,FAQ
Maur APMC,0.6000000000000001,Metric Tonnes,Other,600.0,700.0,650.0,Rs./Quintal,Grade B
Mukerian APMC,2.85,Metric Tonnes,Potato,1100.0,1300.0,1200.0,Rs./Quintal,Local
Mukerian(Talwara) APMC,1.1,Metric Tonnes,Potato,800.0,1600.0,1200.0,Rs./Quintal,FAQ
Muktsar APMC,11.5,Metric Tonnes,Potato,650.0,1100.0,850.0,Rs./Quintal,Medium
Nabha APMC,12.200000000000001,Metric Tonnes,Other,300.0,600.0,420.0,Rs./Quintal,Grade C
Nakodar APMC,0.9,Metric Tonnes,Potato,500.0,500.0,500.0,Rs./Quintal,Local
Nihal Singh Wala APMC,0.5,Metric Tonnes,Potato,750.0,750.0,750.0,Rs./Quintal,FAQ
Patiala APMC,49.5,Metric Tonnes,Potato,400.0,600.0,500.0,Rs./Quintal,Grade A
Patran APMC,110.0,Metric Tonnes,Other,440.0,440.0,440.0,Rs./Quintal,Grade A
Phagwara APMC,11.5,Metric Tonnes,Other,624.0,800.0,676.0,Rs./Quintal,FAQ
Phillaur(Apra Mandi) APMC,0.30000000000000004,Metric Tonnes,Other,900.0,900.0,900.0,Rs./Quintal,FAQ
Quadian APMC,1.5,Metric Tonnes,Other,400.0,600.0,500.0,Rs./Quintal,Grade A
Raikot APMC,2.0,Metric Tonnes,Badshah,670.0,670.0,670.0,Rs./Quintal,Grade A
Rajpura APMC,7.0,Metric Tonnes,Local,700.0,810.0,750.0,Rs./Quintal,Grade A
Raman APMC,2.8000000000000003,Metric Tonnes,Other,515.0,615.0,560.0,Rs./Quintal,Medium
Rampuraphul(Nabha Mandi) APMC,2.5,Metric Tonnes,Other,600.0,800.0,700.0,Rs./Quintal,Grade A
Rayya APMC,0.04,Metric Tonnes,Potato,748.0,748.0,748.0,Rs./Quintal,FAQ
Ropar APMC,150.0,Metric Tonnes,Local,700.0,900.0,800.0,Rs./Quintal,Non-FAQ
Samana APMC,45.0,Metric Tonnes,Other,500.0,1500.0,600.0,Rs./Quintal,Grade Range-2
Samrala APMC,2.5,Metric Tonnes,Other,450.0,550.0,500.0,Rs./Quintal,Local
Sirhind APMC,9.5,Metric Tonnes,Other,650.0,900.0,800.0,Rs./Quintal,Local
Talwandi Sabo APMC,0.4,Metric Tonnes,Other,900.0,1200.0,1100.0,Rs./Quintal,Grade A
Tanda Urmur APMC,3.3000000000000003,Metric Tonnes,Local,1000.0,1200.0,1100.0,Rs./Quintal,Grade A
Tarantaran APMC,1.2,Metric Tonnes,Other,860.0,860.0,860.0,Rs./Quintal,Local
Zira APMC,3.85,Metric Tonnes,Other,700.0,700.0,700.0,Rs./Quintal,Local
Total,1303.51,Metric Tonnes,,,,552.48,Rs./Quintal,
State/UT Name : Rajasthan
Alwar APMC,68.2,Metric Tonnes,Other,700.0,1200.0,900.0,Rs./Quintal,Medium
Baran APMC,3.0,Metric Tonnes,Other,500.0,700.0,600.0,Rs./Quintal,Local
Bassi APMC,0.2,Metric Tonnes,Other,2000.0,2200.0,2100.0,Rs./Quintal,Local
Bayana APMC,4.5,Metric Tonnes,Other,1000.0,1000.0,1000.0,Rs./Quintal,Local
Bhadara APMC,1.8,Metric Tonnes,Other,800.0,900.0,855.0,Rs./Quintal,FAQ
Bhilwara APMC,26.6,Metric Tonnes,Other,900.0,1100.0,1000.0,Rs./Quintal,FAQ
Chomu FV APMC,25.0,Metric Tonnes,Other,700.0,1100.0,900.0,Rs./Quintal,Local
Churu APMC,4.0,Metric Tonnes,Red Nanital,900.0,1100.0,1000.0,Rs./Quintal,FAQ
Dablirathan APMC,0.2,Metric Tonnes,Red Nanital,700.0,900.0,800.0,Rs./Quintal,Local
Goluwala APMC,0.11000000000000001,Metric Tonnes,Red Nanital,500.0,500.0,500.0,Rs./Quintal,Non-FAQ
Jalore APMC,1.0,Metric Tonnes,Potato,1200.0,1500.0,1300.0,Rs./Quintal,Local
Jhunjhunu APMC,2.6,Metric Tonnes,Other,600.0,700.0,600.0,Rs./Quintal,FAQ
Jodhpur (F&V) APMC,297.0,Metric Tonnes,Potato,400.0,700.0,550.0,Rs./Quintal,Medium
Kota (F&V) APMC,220.0,Metric Tonnes,Other,700.0,700.0,700.0,Rs./Quintal,Medium
Rajsamand APMC,6.2,Metric Tonnes,Potato,800.0,1200.0,1000.0,Rs./Quintal,FAQ
Rawatsar APMC,1.2000000000000002,Metric Tonnes,Red Nanital,600.0,1000.0,800.0,Rs./Quintal,FAQ
Sangriya APMC,0.8,Metric Tonnes,Potato,600.0,1200.0,800.0,Rs./Quintal,Local
Sikar APMC,78.30000000000001,Metric Tonnes,Other,700.0,700.0,700.0,Rs./Quintal,FAQ
Sriganganagar (F&V) APMC,25.0,Metric Tonnes,Desi,600.0,1000.0,800.0,Rs./Quintal,Grade B
Sujangarh APMC,2.0,Metric Tonnes,Other,800.0,1000.0,900.0,Rs./Quintal,Local
Udaipur (F&V) APMC,30.1,Metric Tonnes,Other,400.0,900.0,650.0,Rs./Quintal,Medium
Total,797.81,Metric Tonnes,,,,685.8,Rs./Quintal,
State/UT Name : Tamil Nadu
AJattihalli(Uzhavar Sandhai ),0.51,Metric Tonnes,Other,2400.0,2800.0,2600.0,Rs./Quintal,Local
Alangudi(Uzhavar Sandhai ),0.11,Metric Tonnes,Other,5000.0,6000.0,5500.0,Rs./Quintal,Local
Ambattur(Uzhavar Sandhai ),0.05,Metric Tonnes,Red Nanital,4000.0,4000.0,4000.0,Rs./Quintal,Local
Ammapet(Uzhavar Sandhai ),0.1,Metric Tonnes,Other,4500.0,5000.0,4750.0,Rs./Quintal,Local
Anaiyur(Uzhavar Sandhai ),0.24,Metric Tonnes,Red Nanital,4500.0,5000.0,4750.0,Rs./Quintal,Local
Andipatti(Uzhavar Sandhai ),0.36,Metric Tonnes,Other,2600.0,2800.0,2700.0,Rs./Quintal,Local
Anna nagar(Uzhavar Sandhai ),0.38,Metric Tonnes,Other,6000.0,6000.0,6000.0,Rs./Quintal,Local
Arani(Uzhavar Sandhai ),0.58,Metric Tonnes,Red Nanital,3500.0,4200.0,3850.0,Rs./Quintal,Local
Arcot(Uzhavar Sandhai ),0.27,Metric Tonnes,Red Nanital,3000.0,3000.0,3000.0,Rs./Quintal,Local
Ariyalur(Uzhavar Sandhai),0.03,Metric Tonnes,Red Nanital,3500.0,4000.0,3750.0,Rs./Quintal,Local
Aruppukottai(Uzhavar Sandhai ),0.25,Metric Tonnes,Red Nanital,3000.0,3500.0,3250.0,Rs./Quintal,Local
Athur(Uzhavar Sandhai ),0.19,Metric Tonnes,Other,5000.0,5500.0,5250.0,Rs./Quintal,Local
Avallapalli(Uzhavar Sandhai ),0.2,Metric Tonnes,Red Nanital,2000.0,2500.0,2250.0,Rs./Quintal,Local
Bodinayakanur(Uzhavar Sandhai ),0.26,Metric Tonnes,Red Nanital,2600.0,2600.0,2600.0,Rs./Quintal,Local
Chengalpet(Uzhavar Sandhai ),0.08,Metric Tonnes,Red Nanital,2500.0,3000.0,2750.0,Rs./Quintal,Local
Chengam(Uzhavar Sandhai ),0.12,Metric Tonnes,Red Nanital,2500.0,3000.0,2750.0,Rs./Quintal,Local
Cheyyar(Uzhavar Sandhai ),0.05,Metric Tonnes,Other,3500.0,4000.0,3750.0,Rs./Quintal,Local
Chidambaram(Uzhavar Sandhai ),0.01,Metric Tonnes,Red Nanital,4000.0,4000.0,4000.0,Rs./Quintal,Local
Chinnalapatti(Uzhavar Sandhai ),0.07,Metric Tonnes,Red Nanital,4000.0,5000.0,4500.0,Rs./Quintal,Local
Chinnamanur(Uzhavar Sandhai ),0.15,Metric Tonnes,Other,5000.0,5000.0,5000.0,Rs./Quintal,Local
Chokkikulam(Uzhavar Sandhai ),1.95,Metric Tonnes,Red Nanital,2400.0,5000.0,3700.0,Rs./Quintal,Local
Coonoor(Uzhavar Sandhai ),0.7,Metric Tonnes,Other,4500.0,5000.0,4750.0,Rs./Quintal,Local
Cuddalore(Uzhavar Sandhai ),0.45,Metric Tonnes,Red Nanital,4000.0,4000.0,4000.0,Rs./Quintal,Local
Denkanikottai(Uzhavar Sandhai ),0.19,Metric Tonnes,Red Nanital,2000.0,2500.0,2250.0,Rs./Quintal,Local
Devakottai (Uzhavar Sandhai ),0.14,Metric Tonnes,Red Nanital,3200.0,3400.0,3300.0,Rs./Quintal,Local
Devaram(Uzhavar Sandhai ),0.26,Metric Tonnes,Red Nanital,2700.0,2700.0,2700.0,Rs./Quintal,Local
Dharapuram(Uzhavar Sandhai ),0.6,Metric Tonnes,Other,5500.0,6000.0,5750.0,Rs./Quintal,Local
Dharmapuri(Uzhavar Sandhai ),0.59,Metric Tonnes,Red Nanital,2600.0,2800.0,2700.0,Rs./Quintal,Local
Dindigul(Uzhavar Sandhai ),0.6,Metric Tonnes,Other,4000.0,5000.0,4500.0,Rs./Quintal,Local
Edapadi (Uzhavar Sandhai ),0.42,Metric Tonnes,Other,2500.0,3000.0,2750.0,Rs./Quintal,Local
Elampillai(Uzhavar Sandhai ),0.45,Metric Tonnes,Other,2500.0,3000.0,2750.0,Rs./Quintal,Local
Gandarvakottai(Uzhavar Sandhai ),0.34,Metric Tonnes,Other,5000.0,6000.0,5500.0,Rs./Quintal,Local
Gandhigramam(Uzhavar Sandhai),0.35,Metric Tonnes,Other,3500.0,5000.0,4250.0,Rs./Quintal,Local
Gingee(Uzhavar Sandhai ),0.1,Metric Tonnes,Red Nanital,4000.0,4000.0,4000.0,Rs./Quintal,Local
Gobichettipalayam(Uzhavar Sandhai ),0.18,Metric Tonnes,Red Nanital,3400.0,3800.0,3600.0,Rs./Quintal,Local
Gudalur(Uzhavar Sandhai ),0.04,Metric Tonnes,Red Nanital,4500.0,5000.0,4750.0,Rs./Quintal,Local
Gudiyatham(Uzhavar Sandhai ),0.06,Metric Tonnes,Red Nanital,3000.0,3000.0,3000.0,Rs./Quintal,Local
Guduvancheri(Uzhavar Sandhai ),0.07,Metric Tonnes,Other,2500.0,3000.0,2750.0,Rs./Quintal,Local
Harur(Uzhavar Sandhai ),0.2,Metric Tonnes,Red Nanital,2500.0,3000.0,2750.0,Rs./Quintal,Local
Hasthampatti(Uzhavar Sandhai ),0.36,Metric Tonnes,Other,4600.0,5000.0,4800.0,Rs./Quintal,Local
Hosur(Uzhavar Sandhai ),2.17,Metric Tonnes,Red Nanital,2000.0,2500.0,2250.0,Rs./Quintal,Local
Jalagandapuram(Uzhavar Sandhai ),0.12,Metric Tonnes,Other,2800.0,3000.0,2900.0,Rs./Quintal,Local
Jameenrayapettai(Uzhavar Sandhai ),0.16,Metric Tonnes,Other,2500.0,3000.0,2750.0,Rs./Quintal,Local
KKNagar(Uzhavar Sandhai ),0.6,Metric Tonnes,Other,6000.0,6000.0,6000.0,Rs./Quintal,Local
Kahithapattarai(Uzhavar Sandhai ),0.11,Metric Tonnes,Other,2400.0,2400.0,2400.0,Rs./Quintal,Local
Kallakurichi(Uzhavar Sandhai ),0.19,Metric Tonnes,Red Nanital,4000.0,4000.0,4000.0,Rs./Quintal,Local
Kambam(Uzhavar Sandhai ),1.65,Metric Tonnes,Red Nanital,2600.0,2600.0,2600.0,Rs./Quintal,Local
Kancheepuram(Uzhavar Sandhai ),0.05,Metric Tonnes,Other,3000.0,4000.0,3500.0,Rs./Quintal,Local
Karaikudi(Uzhavar Sandhai ),0.36,Metric Tonnes,Red Nanital,3500.0,5500.0,4500.0,Rs./Quintal,Local
Karambakkudi(Uzhavar Sandhai ),0.12,Metric Tonnes,Other,5000.0,6000.0,5500.0,Rs./Quintal,Local
Karimangalam(Uzhavar Sandhai),0.12,Metric Tonnes,Other,2600.0,2800.0,2700.0,Rs./Quintal,Local
Kariyapatti(Uzhavar Sandhai ),0.11,Metric Tonnes,Red Nanital,3000.0,3500.0,3250.0,Rs./Quintal,Local
Karur(Uzhavar Sandhai ),0.22,Metric Tonnes,Other,4500.0,5000.0,4750.0,Rs./Quintal,Local
Katpadi (Uzhavar Sandhai ),1.0,Metric Tonnes,Red Nanital,3500.0,3500.0,3500.0,Rs./Quintal,Local
Kaveripattinam(Uzhavar Sandhai ),0.08,Metric Tonnes,Red Nanital,4000.0,4000.0,4000.0,Rs./Quintal,Local
Kovilpatti(Uzhavar Sandhai ),0.16,Metric Tonnes,Other,3000.0,3500.0,3250.0,Rs./Quintal,Local
Krishnagiri(Uzhavar Sandhai ),0.88,Metric Tonnes,Red Nanital,2200.0,2600.0,2400.0,Rs./Quintal,Local
Kulithalai(Uzhavar Sandhai ),0.42,Metric Tonnes,Other,5000.0,5500.0,5250.0,Rs./Quintal,Local
Kumarapalayam(Uzhavar Sandhai ),0.02,Metric Tonnes,Other,2800.0,3000.0,2900.0,Rs./Quintal,Local
Kumbakonam (Uzhavar Sandhai ),0.82,Metric Tonnes,Red Nanital,3000.0,3600.0,3300.0,Rs./Quintal,Local
Kundrathur(Uzhavar Sandhai ),0.2,Metric Tonnes,Other,3000.0,3000.0,3000.0,Rs./Quintal,Local
Lalgudi(Uzhavar Sandhai ),0.25,Metric Tonnes,Red Nanital,3000.0,3000.0,3000.0,Rs./Quintal,Local
Madhuranthagam(Uzhavar Sandhai ),0.06,Metric Tonnes,Red Nanital,4000.0,4000.0,4000.0,Rs./Quintal,Local
Manachanallur(Uzhavar Sandhai ),0.13,Metric Tonnes,Red Nanital,3000.0,3000.0,3000.0,Rs./Quintal,Local
Manapparai(Uzhavar Sandhai ),0.22,Metric Tonnes,Other,3000.0,3000.0,3000.0,Rs./Quintal,Local
Mannargudi I(Uzhavar Sandhai ),1.3,Metric Tonnes,Red Nanital,3000.0,3000.0,3000.0,Rs./Quintal,Local
Mannargudi II(Uzhavar Sandhai ),0.42,Metric Tonnes,Red Nanital,3000.0,3000.0,3000.0,Rs./Quintal,Local
Mayiladuthurai(Uzhavar Sandhai ),0.08,Metric Tonnes,Red Nanital,3000.0,3000.0,3000.0,Rs./Quintal,Local
Medavakkam(Uzhavar Sandhai ),0.06,Metric Tonnes,Other,3000.0,3000.0,3000.0,Rs./Quintal,Local
Melapalayam(Uzhavar Sandhai ),0.75,Metric Tonnes,Other,2300.0,2500.0,2400.0,Rs./Quintal,Local
Mettupalayam(Uzhavar Sandhai ),0.54,Metric Tonnes,Red Nanital,4000.0,5500.0,4750.0,Rs./Quintal,Local
Mettur(Uzhavar Sandhai ),0.17,Metric Tonnes,Other,4500.0,4500.0,4500.0,Rs./Quintal,Local
Mohanur(Uzhavar Sandhai ),0.21,Metric Tonnes,Other,3000.0,3500.0,3250.0,Rs./Quintal,Local
Musiri(Uzhavar Sandhai ),0.38,Metric Tonnes,Red Nanital,2500.0,3000.0,2750.0,Rs./Quintal,Local
Muthupettai(Uzhavar Sandhai ),0.05,Metric Tonnes,Red Nanital,3000.0,3000.0,3000.0,Rs./Quintal,Local
Myladi(Uzhavar Sandhai ),0.04,Metric Tonnes,Red Nanital,3000.0,3500.0,3250.0,Rs./Quintal,Local
Nagapattinam(Uzhavar Sandhai ),0.1,Metric Tonnes,Red Nanital,3500.0,4000.0,3750.0,Rs./Quintal,Local
Namakkal(Uzhavar Sandhai ),0.72,Metric Tonnes,Other,2500.0,3000.0,2750.0,Rs./Quintal,Local
Nanganallur(Uzhavar Sandhai ),0.1,Metric Tonnes,Red Nanital,3500.0,4000.0,3750.0,Rs./Quintal,Local
Naravarikuppam(Uzhavar Sandhai ),0.07,Metric Tonnes,Red Nanital,4000.0,4000.0,4000.0,Rs./Quintal,Local
Natrampalli(Uzhavar Sandhai ),0.36,Metric Tonnes,Red Nanital,3000.0,3500.0,3250.0,Rs./Quintal,Local
Padappai(Uzhavar Sandhai ),0.15,Metric Tonnes,Other,2500.0,3500.0,3000.0,Rs./Quintal,Local
Palacode(Uzhavar Sandhai ),0.26,Metric Tonnes,Other,2800.0,3000.0,2900.0,Rs./Quintal,Local
Palanganatham(Uzhavar Sandhai ),0.45,Metric Tonnes,Other,4500.0,5000.0,4750.0,Rs./Quintal,Local
Palani(Uzhavar Sandhai ),0.84,Metric Tonnes,Other,3600.0,4000.0,3800.0,Rs./Quintal,Local
Palayamkottai(Uzhavar Sandhai ),2.35,Metric Tonnes,Other,2300.0,2500.0,2400.0,Rs./Quintal,Local
Palladam(Uzhavar Sandhai ),0.13,Metric Tonnes,Other,2500.0,3000.0,2750.0,Rs./Quintal,Local
Pallavaram(Uzhavar Sandhai ),0.44,Metric Tonnes,Other,2500.0,3000.0,2750.0,Rs./Quintal,Local
Pallikonda(Uzhavar Sandhai),0.04,Metric Tonnes,Red Nanital,3000.0,3500.0,3250.0,Rs./Quintal,Local
Panruti(Uzhavar Sandhai ),0.07,Metric Tonnes,Red Nanital,4000.0,4000.0,4000.0,Rs./Quintal,Local
Papanasam(Uzhavar Sandhai ),0.22,Metric Tonnes,Red Nanital,3000.0,3600.0,3300.0,Rs./Quintal,Local
Paramakudi(Uzhavar Sandhai ),0.62,Metric Tonnes,Red Nanital,5000.0,5400.0,5200.0,Rs./Quintal,Local
Paramathivelur(Uzhavar Sandhai ),0.14,Metric Tonnes,Other,2500.0,3000.0,2750.0,Rs./Quintal,Local
Paruthipattu(Uzhavar Sandhai ),0.16,Metric Tonnes,Red Nanital,4000.0,4000.0,4000.0,Rs./Quintal,Local
Pattukottai(Uzhavar Sandhai ),0.25,Metric Tonnes,Red Nanital,3000.0,3000.0,3000.0,Rs./Quintal,Local
Pennagaram(Uzhavar Sandhai ),0.17,Metric Tonnes,Red Nanital,3300.0,3500.0,3400.0,Rs./Quintal,Local
Perambalur(Uzhavar Sandhai ),0.67,Metric Tonnes,Other,2800.0,3000.0,2900.0,Rs./Quintal,Local
Perampet(Uzhavar Sandhai),0.03,Metric Tonnes,Red Nanital,2700.0,2700.0,2700.0,Rs./Quintal,Local
Peravurani(Uzhavar Sandhai),0.08,Metric Tonnes,Red Nanital,3000.0,3000.0,3000.0,Rs./Quintal,Local
Periyakulam(Uzhavar Sandhai ),0.25,Metric Tonnes,Other,2800.0,2800.0,2800.0,Rs./Quintal,Local
Perundurai(Uzhavar Sandhai ),0.13,Metric Tonnes,Other,3200.0,3500.0,3350.0,Rs./Quintal,Local
Pollachi(Uzhavar Sandhai ),0.18,Metric Tonnes,Red Nanital,4000.0,6500.0,5250.0,Rs./Quintal,Local
Polur(Uzhavar Sandhai ),0.25,Metric Tonnes,Red Nanital,3300.0,4000.0,3650.0,Rs./Quintal,Local
Pudukottai(Uzhavar Sandhai ),0.76,Metric Tonnes,Other,5000.0,6000.0,5500.0,Rs./Quintal,Local
RSPuram(Uzhavar Sandhai ),2.84,Metric Tonnes,Other,5000.0,5400.0,5200.0,Rs./Quintal,Local
Rajapalayam(Uzhavar Sandhai ),0.26,Metric Tonnes,Red Nanital,2500.0,3000.0,2750.0,Rs./Quintal,Local
Ramanathapuram(Uzhavar Sandhai ),0.1,Metric Tonnes,Red Nanital,5000.0,5200.0,5100.0,Rs./Quintal,Local
Ranipettai(Uzhavar Sandhai ),0.09,Metric Tonnes,Other,2800.0,3000.0,2900.0,Rs./Quintal,Local
Rasipuram(Uzhavar Sandhai ),0.64,Metric Tonnes,Other,3000.0,3500.0,3250.0,Rs./Quintal,Local
Sampath Nagar(Uzhavar Sandhai ),0.17,Metric Tonnes,Other,4500.0,5000.0,4750.0,Rs./Quintal,Local
Sankarapuram(Uzhavar Sandhai ),0.17,Metric Tonnes,Red Nanital,3500.0,3500.0,3500.0,Rs./Quintal,Local
Sathiyamagalam(Uzhavar Sandhai ),0.25,Metric Tonnes,Red Nanital,3500.0,4000.0,3750.0,Rs./Quintal,Local
Sathur(Uzhavar Sandhai ),0.04,Metric Tonnes,Red Nanital,2500.0,3000.0,2750.0,Rs./Quintal,Local
Singampunari(Uzhavar Sandhai ),0.08,Metric Tonnes,Other,4600.0,5200.0,4900.0,Rs./Quintal,Local
Singanallur(Uzhavar Sandhai ),1.23,Metric Tonnes,Other,5000.0,5800.0,5400.0,Rs./Quintal,Local
Sirkali(Uzhavar Sandhai ),0.39,Metric Tonnes,Red Nanital,3600.0,4000.0,3800.0,Rs./Quintal,Local
Sivagangai (Uzhavar Sandhai ),0.32,Metric Tonnes,Red Nanital,4600.0,5200.0,4900.0,Rs./Quintal,Local
Sivakasi(Uzhavar Sandhai ),0.03,Metric Tonnes,Red Nanital,2500.0,3000.0,2750.0,Rs./Quintal,Local
Sooramangalam(Uzhavar Sandhai ),0.42,Metric Tonnes,Other,5000.0,6000.0,5500.0,Rs./Quintal,Local
Srivilliputhur(Uzhavar Sandhai ),0.16,Metric Tonnes,Red Nanital,2500.0,3000.0,2750.0,Rs./Quintal,Local
Sulur(Uzhavar Sandhai ),0.27,Metric Tonnes,Other,5000.0,5800.0,5400.0,Rs./Quintal,Local
Sundarapuram(Uzhavar Sandhai ),0.26,Metric Tonnes,Other,5000.0,5600.0,5300.0,Rs./Quintal,Local
Sunguvarchatram(Uzhavar Sandhai ),0.25,Metric Tonnes,Other,3000.0,3000.0,3000.0,Rs./Quintal,Local
Thalavadi(Uzhavar Sandhai ),0.11,Metric Tonnes,Red Nanital,3400.0,3800.0,3600.0,Rs./Quintal,Local
Thalavaipuram(Uzhavar Sandhai ),0.06,Metric Tonnes,Red Nanital,2500.0,3000.0,2750.0,Rs./Quintal,Local
Thammampatti (Uzhavar Sandhai ),0.4,Metric Tonnes,Other,2800.0,3000.0,2900.0,Rs./Quintal,Local
Thanjavur(Uzhavar Sandhai ),0.65,Metric Tonnes,Other,3800.0,3800.0,3800.0,Rs./Quintal,Local
Thathakapatti(Uzhavar Sandhai ),0.65,Metric Tonnes,Red Nanital,2800.0,6000.0,4400.0,Rs./Quintal,Local
Theni(Uzhavar Sandhai ),1.19,Metric Tonnes,Other,2800.0,2800.0,2800.0,Rs./Quintal,Local
Thirupathur APMC,0.23,Metric Tonnes,Red Nanital,3000.0,3000.0,3000.0,Rs./Quintal,Local
Thiruverumbur(Uzhavar Sandhai ),0.65,Metric Tonnes,Other,3000.0,3000.0,3000.0,Rs./Quintal,Local
Thuraiyur APMC,0.42,Metric Tonnes,Red Nanital,3000.0,5500.0,4250.0,Rs./Quintal,Local
Tindivanam APMC,0.17,Metric Tonnes,Red Nanital,3800.0,3800.0,3800.0,Rs./Quintal,Local
Tiruchengode APMC,0.14,Metric Tonnes,Red Nanital,2500.0,3000.0,2750.0,Rs./Quintal,Local
Tirukattupalli(Uzhavar Sandhai ),0.24,Metric Tonnes,Red Nanital,2800.0,3800.0,3300.0,Rs./Quintal,Local
Tirupatthur(Uzhavar Sandhai ),0.23,Metric Tonnes,Red Nanital,3200.0,3500.0,3350.0,Rs./Quintal,Local
Tiruppur (North) (Uzhavar Sandhai ),0.12,Metric Tonnes,Other,5000.0,6000.0,5500.0,Rs./Quintal,Local
Tiruppur (South) (Uzhavar Sandhai ),0.5,Metric Tonnes,Other,4000.0,5000.0,4500.0,Rs./Quintal,Local
Tiruthani(Uzhavar Sandhai ),0.05,Metric Tonnes,Red Nanital,4000.0,4000.0,4000.0,Rs./Quintal,Local
Tiruvannamalai(Uzhavar Sandhai ),0.95,Metric Tonnes,Red Nanital,3500.0,4000.0,3750.0,Rs./Quintal,Local
Tuticorin(Uzhavar Sandhai ),0.54,Metric Tonnes,Other,3000.0,3500.0,3250.0,Rs./Quintal,Local
Udhagamandalam(Uzhavar Sandhai ),2.25,Metric Tonnes,Other,4500.0,5000.0,4750.0,Rs./Quintal,Local
Udumalpet APMC,0.18,Metric Tonnes,Red Nanital,4000.0,5000.0,4500.0,Rs./Quintal,Local
Ulundurpettai APMC,0.24,Metric Tonnes,Red Nanital,4000.0,4000.0,4000.0,Rs./Quintal,Local
Vadalur(Uzhavar Sandhai ),0.16,Metric Tonnes,Other,3500.0,4000.0,3750.0,Rs./Quintal,Local
Vadaseri APMC,0.23,Metric Tonnes,Red Nanital,3500.0,4000.0,3750.0,Rs./Quintal,Local
Vadavalli(Uzhavar Sandhai ),0.86,Metric Tonnes,Other,5000.0,5400.0,5200.0,Rs./Quintal,Local
Vandavasi(Uzhavar Sandhai ),0.04,Metric Tonnes,Other,3500.0,4000.0,3750.0,Rs./Quintal,Local
Vaniyampadi(Uzhavar Sandhai ),0.7,Metric Tonnes,Red Nanital,3000.0,3000.0,3000.0,Rs./Quintal,Local
Vazhapadi(Uzhavar Sandhai),0.06,Metric Tonnes,Red Nanital,3000.0,3600.0,3300.0,Rs./Quintal,Local
Vedaranyam(Uzhavar Sandhai),0.09,Metric Tonnes,Red Nanital,3500.0,4200.0,3850.0,Rs./Quintal,Local
Vellore APMC,0.75,Metric Tonnes,Red Nanital,2400.0,2600.0,2500.0,Rs./Quintal,Local
Villupuram(Uzhavar Sandhai ),0.14,Metric Tonnes,Red Nanital,3500.0,3500.0,3500.0,Rs./Quintal,Local
Virudhunagar(Uzhavar Sandhai ),0.02,Metric Tonnes,Red Nanital,3000.0,3500.0,3250.0,Rs./Quintal,Local
Viruthachalam(Uzhavar Sandhai ),0.09,Metric Tonnes,Red Nanital,4000.0,4000.0,4000.0,Rs./Quintal,Local
Total,57.35,Metric Tonnes,,,,3713.21,Rs./Quintal,
State/UT Name : Telangana
APMC PATANCHERU,55.6,Metric Tonnes,Potato,1100.0,1300.0,1200.0,Rs./Quintal,Local
"Alwal,RBZ",1.4000000000000001,Metric Tonnes,Other,1700.0,1700.0,1700.0,Rs./Quintal,FAQ
Bowenpally APMC,528.5,Metric Tonnes,Potato,600.0,1400.0,1200.0,Rs./Quintal,FAQ
"Excise Colony,RBZ ",0.26,Metric Tonnes,Other,3000.0,3000.0,3000.0,Rs./Quintal,Grade A
Gudimalkapur APMC,227.3,Metric Tonnes,Potato,1000.0,1600.0,1300.0,Rs./Quintal,Grade B
"Kukatpally,RBZ",15.1,Metric Tonnes,Other,1700.0,1700.0,1700.0,Rs./Quintal,Local
L B Nagar APMC,22.200000000000003,Metric Tonnes,Potato,1000.0,1500.0,1200.0,Rs./Quintal,Medium
Mahabubnagar(Rythu Bazar),4.9,Metric Tonnes,Red Nanital,3000.0,3000.0,3000.0,Rs./Quintal,Local
Mahboob Manison APMC,44.800000000000004,Metric Tonnes,Potato,2000.0,2000.0,2000.0,Rs./Quintal,Medium
Miryalguda(Rythu Bazar) ,1.6,Metric Tonnes,Potato,3000.0,3000.0,3000.0,Rs./Quintal,Grade A
RYTHU BAZAR FALAKNUMA,2.6,Metric Tonnes,Potato,1700.0,1700.0,1700.0,Rs./Quintal,Grade A
RYTHU BAZAR MEHDIPATNAM,5.9,Metric Tonnes,Potato,1700.0,1700.0,1700.0,Rs./Quintal,Grade A
"Saroornagar,RBZ",2.6,Metric Tonnes,Other,1700.0,1700.0,1700.0,Rs./Quintal,Medium
Shankarapally APMC,6.0,Metric Tonnes,Local,1800.0,1800.0,1800.0,Rs./Quintal,Local
Siddipet(Rythu Bazar) ,3.4000000000000004,Metric Tonnes,Red Nanital,1500.0,2400.0,2000.0,Rs./Quintal,Grade A
"Vanasthalipuram,RBZ ",3.6,Metric Tonnes,Potato,1700.0,1700.0,1700.0,Rs./Quintal,Grade A
Venkateswarnagar APMC,0.30000000000000004,Metric Tonnes,Local,1600.0,2000.0,1800.0,Rs./Quintal,Grade A
Warangal APMC,2.8000000000000003,Metric Tonnes,Potato,1500.0,2000.0,1750.0,Rs./Quintal,FAQ
Total,928.86,Metric Tonnes,,,,1301.61,Rs./Quintal,
State/UT Name : Tripura
Bachaibari APMC,0.2,Metric Tonnes,Other,1300.0,1400.0,1350.0,Rs./Quintal,Medium
Bishalgarh APMC,2.5,Metric Tonnes,Other,1400.0,1600.0,1500.0,Rs./Quintal,Medium
Boxonagar,0.24,Metric Tonnes,Other,1500.0,1700.0,1600.0,Rs./Quintal,Medium
Champaknagar APMC,0.3,Metric Tonnes,F.A.Q.,1800.0,2000.0,1900.0,Rs./Quintal,FAQ
Chowmanu APMC,1.6,Metric Tonnes,Jyoti,1800.0,2000.0,1900.0,Rs./Quintal,Local
Dasda APMC,0.4,Metric Tonnes,Other,1400.0,1500.0,1450.0,Rs./Quintal,FAQ
Garjee APMC,2.0,Metric Tonnes,Jalander,1300.0,1400.0,1350.0,Rs./Quintal,FAQ
Gondatwisa APMC,1.0,Metric Tonnes,F.A.Q.,2000.0,2200.0,2100.0,Rs./Quintal,FAQ
Halahali,4.0,Metric Tonnes,Red Nanital,1500.0,1700.0,1600.0,Rs./Quintal,FAQ
Jampuijala APMC,0.4,Metric Tonnes,Jalander,3800.0,4000.0,3900.0,Rs./Quintal,Medium
Kadamtala,0.3,Metric Tonnes,Jalander,1500.0,2500.0,2000.0,Rs./Quintal,FAQ
Kalyanpur APMC,7.0,Metric Tonnes,Jalander,1700.0,1800.0,1750.0,Rs./Quintal,FAQ
Kanchanpur,0.7000000000000001,Metric Tonnes,Potato,1200.0,1400.0,1300.0,Rs./Quintal,FAQ
Machmara,1.0,Metric Tonnes,Local,900.0,1100.0,1000.0,Rs./Quintal,FAQ
Manubazar,0.6000000000000001,Metric Tonnes,Jyoti,1800.0,2000.0,1900.0,Rs./Quintal,Grade A
Masli,0.30000000000000004,Metric Tonnes,Desi,1800.0,2000.0,1900.0,Rs./Quintal,Local
Melaghar APMC,1.5,Metric Tonnes,Jalander,1100.0,1300.0,1200.0,Rs./Quintal,Local
Pabiacherra APMC,1.5,Metric Tonnes,Jyoti,900.0,1100.0,1000.0,Rs./Quintal,FAQ
Panichowki,0.1,Metric Tonnes,Other,1200.0,1200.0,1200.0,Rs./Quintal,Medium
Santir Bazar APMC,35.5,Metric Tonnes,Jyoti,1800.0,2000.0,1900.0,Rs./Quintal,Local
Silachhari APMC,0.1,Metric Tonnes,Other,1600.0,1800.0,1700.0,Rs./Quintal,FAQ
Sonamura APMC,0.09000000000000001,Metric Tonnes,Other,1500.0,1700.0,1600.0,Rs./Quintal,Medium
Total,61.33,Metric Tonnes,,,,1777.4,Rs./Quintal,
State/UT Name : Uttar Pradesh
Agra APMC,2323.8,Metric Tonnes,Other,500.0,1100.0,558.35,Rs./Quintal,FAQ
Ajuha APMC,40.0,Metric Tonnes,Other,400.0,400.0,400.0,Rs./Quintal,FAQ
Akbarpur APMC,0.094,Metric Tonnes,Other,1789.23,1789.23,1789.23,Rs./Quintal,FAQ
Aligarh APMC,67.5,Metric Tonnes,Other,500.0,500.0,500.0,Rs./Quintal,FAQ
Anwala APMC,36.0,Metric Tonnes,Other,600.0,600.0,600.0,Rs./Quintal,FAQ
Auraiya APMC,46.0,Metric Tonnes,Other,500.0,600.0,582.61,Rs./Quintal,FAQ
Awagarh APMC,65.0,Metric Tonnes,Other,500.0,500.0,500.0,Rs./Quintal,FAQ
Ayodhya APMC,18.0,Metric Tonnes,Other,1000.0,1000.0,1000.0,Rs./Quintal,FAQ
Azamgarh APMC,0.236,Metric Tonnes,Other,1204.99,1204.99,1204.99,Rs./Quintal,FAQ
Babrala APMC,23.0,Metric Tonnes,Other,600.0,600.0,600.0,Rs./Quintal,FAQ
Badayoun APMC,203.6,Metric Tonnes,Other,550.0,550.0,550.0,Rs./Quintal,FAQ
Bahraich APMC,0.101,Metric Tonnes,Other,1534.0,1534.0,1534.0,Rs./Quintal,FAQ
Bangarmau APMC,175.0,Metric Tonnes,Other,700.0,700.0,700.0,Rs./Quintal,FAQ
Barabanki APMC,1411.7,Metric Tonnes,Other,600.0,750.0,608.3,Rs./Quintal,FAQ
Bareilly APMC,172.7283,Metric Tonnes,Other,500.0,1446.91,503.99,Rs./Quintal,FAQ
Basti APMC,0.051,Metric Tonnes,Other,1790.43,1790.43,1790.43,Rs./Quintal,FAQ
Bewar APMC,747.0,Metric Tonnes,Other,200.0,500.0,275.1,Rs./Quintal,FAQ
Bharthna APMC,87.23,Metric Tonnes,Other,500.0,500.0,500.0,Rs./Quintal,FAQ
Bhehjoi APMC,22.5,Metric Tonnes,Desi,600.0,610.0,605.0,Rs./Quintal,Local
Bhehjoi APMC,32.0,Metric Tonnes,Other,600.0,600.0,600.0,Rs./Quintal,FAQ
Bilsi APMC,215.5,Metric Tonnes,Other,550.0,550.0,550.0,Rs./Quintal,FAQ
Bisoli APMC,504.1,Metric Tonnes,Other,600.0,609.0,600.09,Rs./Quintal,FAQ
Buland Shahr APMC,8.6,Metric Tonnes,Other,800.0,800.0,800.0,Rs./Quintal,FAQ
Chandausi APMC,241.4,Metric Tonnes,Other,600.0,600.0,600.0,Rs./Quintal,FAQ
Charra APMC,20.0,Metric Tonnes,Other,600.0,600.0,600.0,Rs./Quintal,FAQ
Chhibramau APMC,1166.5,Metric Tonnes,Other,550.0,600.0,553.33,Rs./Quintal,FAQ
Choubepur APMC,230.0,Metric Tonnes,Other,550.0,550.0,550.0,Rs./Quintal,FAQ
Dataganj APMC,3.0,Metric Tonnes,Other,500.0,500.0,500.0,Rs./Quintal,FAQ
Dhanaura APMC,49.94,Metric Tonnes,Other,800.0,800.0,800.0,Rs./Quintal,FAQ
Dibiapur APMC,34.0,Metric Tonnes,Other,500.0,600.0,541.18,Rs./Quintal,FAQ
Divai APMC,60.0,Metric Tonnes,Other,500.0,500.0,500.0,Rs./Quintal,FAQ
Dudhi APMC,150.0,Metric Tonnes,Potato,1100.0,1300.0,1200.0,Rs./Quintal,Medium
Etah APMC,64.0,Metric Tonnes,Other,600.0,600.0,600.0,Rs./Quintal,FAQ
Etawah APMC,569.0,Metric Tonnes,Other,500.0,500.0,500.0,Rs./Quintal,FAQ
Farukhabad APMC,941.0,Metric Tonnes,Other,550.0,550.0,550.0,Rs./Quintal,FAQ
Fatehabad APMC,234.0,Metric Tonnes,Other,500.0,500.0,500.0,Rs./Quintal,FAQ
Fatehpur APMC,15.34,Metric Tonnes,Other,700.0,750.0,715.78,Rs./Quintal,FAQ
Firozabad APMC,1148.0,Metric Tonnes,Other,400.0,500.0,422.13,Rs./Quintal,FAQ
Gangoh APMC,4.1,Metric Tonnes,Other,600.0,600.0,600.0,Rs./Quintal,FAQ
Ghaziabad APMC,14.0,Metric Tonnes,Other,1000.0,1000.0,1000.0,Rs./Quintal,FAQ
Ghiraur APMC,133.0,Metric Tonnes,Other,500.0,500.0,500.0,Rs./Quintal,FAQ
Golagokarnath APMC,3.5,Metric Tonnes,Other,710.0,710.0,710.0,Rs./Quintal,FAQ
Haathras APMC,1241.05,Metric Tonnes,Other,500.0,1100.0,529.78,Rs./Quintal,FAQ
Hargaon (Laharpur) APMC,6.0,Metric Tonnes,Other,550.0,550.0,550.0,Rs./Quintal,FAQ
Islam Nagar APMC,483.5,Metric Tonnes,Other,500.0,500.0,500.0,Rs./Quintal,FAQ
Jahangirabad APMC,11.7,Metric Tonnes,Other,700.0,701.0,700.93,Rs./Quintal,FAQ
Jalaun APMC,0.2,Metric Tonnes,Other,1100.0,1100.0,1100.0,Rs./Quintal,FAQ
Jasvantnagar APMC,423.3,Metric Tonnes,Other,500.0,500.0,500.0,Rs./Quintal,FAQ
Jhansi APMC,4.5,Metric Tonnes,Other,1000.0,1000.0,1000.0,Rs./Quintal,FAQ
Kairana APMC,3.0,Metric Tonnes,Other,700.0,700.0,700.0,Rs./Quintal,FAQ
Kamlaganj APMC,557.0,Metric Tonnes,Other,550.0,550.0,550.0,Rs./Quintal,FAQ
Kannauj APMC,1198.3,Metric Tonnes,Other,550.0,1100.0,561.52,Rs./Quintal,FAQ
Kanpur(Grain) APMC,288.6,Metric Tonnes,Other,550.0,550.0,550.0,Rs./Quintal,FAQ
Kasganj APMC,317.5,Metric Tonnes,Other,600.0,600.0,600.0,Rs./Quintal,FAQ
Kayamganj APMC,70.0,Metric Tonnes,Other,550.0,550.0,550.0,Rs./Quintal,FAQ
Khaga APMC,109.3,Metric Tonnes,Other,500.0,500.0,500.0,Rs./Quintal,FAQ
Khair APMC,251.5,Metric Tonnes,Other,500.0,500.0,500.0,Rs./Quintal,FAQ
Khairagarh APMC,61.0,Metric Tonnes,Other,500.0,500.0,500.0,Rs./Quintal,FAQ
Khairagarh APMC,40.0,Metric Tonnes,Desi,500.0,600.0,550.0,Rs./Quintal,FAQ
Khandhla APMC,22.5,Metric Tonnes,Other,850.0,850.0,850.0,Rs./Quintal,FAQ
Khatauli APMC,18.0,Metric Tonnes,Other,800.0,850.0,818.33,Rs./Quintal,FAQ
Khekda APMC,0.8,Metric Tonnes,Other,800.0,1000.0,875.0,Rs./Quintal,FAQ
Khurja APMC,1.4,Metric Tonnes,Other,700.0,700.0,700.0,Rs./Quintal,FAQ
Kosikalan APMC,2.0,Metric Tonnes,Other,600.0,600.0,600.0,Rs./Quintal,FAQ
Kosikalan APMC,9.0,Metric Tonnes,Desi,700.0,800.0,760.0,Rs./Quintal,FAQ
Lakhimpur APMC,9.0,Metric Tonnes,Other,920.0,1100.0,1022.22,Rs./Quintal,FAQ
Lalganj APMC,55.0,Metric Tonnes,Other,600.0,700.0,654.55,Rs./Quintal,FAQ
Lediyari APMC,3.0,Metric Tonnes,Other,700.0,750.0,730.0,Rs./Quintal,FAQ
Lucknow APMC,123.0,Metric Tonnes,Other,800.0,800.0,800.0,Rs./Quintal,FAQ
Madhoganj APMC,276.4,Metric Tonnes,Other,600.0,600.0,600.0,Rs./Quintal,FAQ
Mainpuri APMC,443.5,Metric Tonnes,Other,500.0,520.0,500.56,Rs./Quintal,FAQ
Mathura APMC,129.5,Metric Tonnes,Other,500.0,700.0,640.54,Rs./Quintal,FAQ
Meerut APMC,14.5,Metric Tonnes,Other,700.0,700.0,700.0,Rs./Quintal,FAQ
Mehmoodabad APMC,181.5,Metric Tonnes,Other,600.0,600.0,600.0,Rs./Quintal,FAQ
Mohamadabad APMC,170.0,Metric Tonnes,Other,550.0,550.0,550.0,Rs./Quintal,FAQ
Mohammdi APMC,4.0,Metric Tonnes,Other,806.0,806.0,806.0,Rs./Quintal,FAQ
Muradabad APMC,53.05,Metric Tonnes,Other,700.0,700.0,700.0,Rs./Quintal,FAQ
Muradnagar APMC,126.0,Metric Tonnes,Other,800.0,800.0,800.0,Rs./Quintal,FAQ
Muzzafarnagar APMC,3.5,Metric Tonnes,Other,1000.0,1000.0,1000.0,Rs./Quintal,FAQ
Najibabad APMC,160.5,Metric Tonnes,Other,800.0,800.0,800.0,Rs./Quintal,FAQ
Nawabganj APMC,83.0,Metric Tonnes,Other,600.0,700.0,660.24,Rs./Quintal,FAQ
Paliakala APMC,12.5,Metric Tonnes,Other,700.0,700.0,700.0,Rs./Quintal,FAQ
Powayan APMC,289.69,Metric Tonnes,Other,600.0,1100.0,695.08,Rs./Quintal,FAQ
Pratapgarh APMC,29.0,Metric Tonnes,Other,600.0,600.0,600.0,Rs./Quintal,FAQ
Prayagraj APMC,300.0,Metric Tonnes,Other,700.0,700.0,700.0,Rs./Quintal,FAQ
Raibareilly APMC,29.0,Metric Tonnes,Other,700.0,700.0,700.0,Rs./Quintal,FAQ
Rampur APMC,54.0,Metric Tonnes,Other,500.0,500.0,500.0,Rs./Quintal,FAQ
Rampurmaniharan APMC,1.0,Metric Tonnes,Other,1000.0,1000.0,1000.0,Rs./Quintal,FAQ
Rupaidiha APMC,30.0,Metric Tonnes,Other,1015.0,1015.0,1015.0,Rs./Quintal,FAQ
Rura APMC,65.0,Metric Tonnes,Other,650.0,650.0,650.0,Rs./Quintal,FAQ
Safdarganj APMC,67.0,Metric Tonnes,Other,580.0,580.0,580.0,Rs./Quintal,FAQ
Saharanpur APMC,37.4,Metric Tonnes,Other,610.0,800.0,703.58,Rs./Quintal,FAQ
Salon APMC,77.0,Metric Tonnes,Other,600.0,600.0,600.0,Rs./Quintal,FAQ
Sambhal APMC,577.19,Metric Tonnes,Other,600.0,600.0,600.0,Rs./Quintal,FAQ
Samsabad APMC,360.0,Metric Tonnes,Local,400.0,700.0,500.0,Rs./Quintal,Local
Samsabad APMC,620.5,Metric Tonnes,Other,450.0,500.0,467.77,Rs./Quintal,FAQ
Sandi APMC,42.0,Metric Tonnes,Other,600.0,600.0,600.0,Rs./Quintal,FAQ
Sandila APMC,30.2,Metric Tonnes,Other,1100.0,1100.0,1100.0,Rs./Quintal,FAQ
Shadabad APMC,1139.2,Metric Tonnes,Other,500.0,500.0,500.0,Rs./Quintal,FAQ
Shahabad(New Mandi) APMC,128.9,Metric Tonnes,Other,550.0,550.0,550.0,Rs./Quintal,FAQ
Shahaswan APMC,80.5,Metric Tonnes,Other,600.0,600.0,600.0,Rs./Quintal,FAQ
Shahjahanpur APMC,0.1,Metric Tonnes,Other,600.0,600.0,600.0,Rs./Quintal,FAQ
Shamli APMC,13.5,Metric Tonnes,Other,800.0,1200.0,988.15,Rs./Quintal,FAQ
Shikohabad APMC,799.0,Metric Tonnes,Other,500.0,500.0,500.0,Rs./Quintal,FAQ
Sidhauli APMC,6.0,Metric Tonnes,Other,500.0,500.0,500.0,Rs./Quintal,FAQ
Sikanderabad APMC,26.5,Metric Tonnes,Other,700.0,800.0,784.91,Rs./Quintal,FAQ
Sikandraraau APMC,34.0,Metric Tonnes,Other,500.0,500.0,500.0,Rs./Quintal,FAQ
Sirsaganj APMC,1468.6,Metric Tonnes,Other,500.0,500.0,500.0,Rs./Quintal,FAQ
Sitapur APMC,45.0,Metric Tonnes,Other,500.0,500.0,500.0,Rs./Quintal,FAQ
Tilhar APMC,80.0,Metric Tonnes,Other,500.0,500.0,500.0,Rs./Quintal,FAQ
Tundla APMC,1160.8,Metric Tonnes,Other,500.0,500.0,500.0,Rs./Quintal,FAQ
Ujhani APMC,180.5,Metric Tonnes,Other,550.0,550.0,550.0,Rs./Quintal,FAQ
Uttaripura APMC,829.0,Metric Tonnes,Other,550.0,550.0,550.0,Rs./Quintal,FAQ
Varanasi APMC,33.35,Metric Tonnes,Other,800.0,800.0,800.0,Rs./Quintal,FAQ
Wazirganj APMC,203.0,Metric Tonnes,Other,600.0,600.0,600.0,Rs./Quintal,FAQ
Yusufpur APMC,14.0,Metric Tonnes,Other,600.0,600.0,600.0,Rs./Quintal,FAQ
Total,27099.55,Metric Tonnes,,,,545.92,Rs./Quintal,
State/UT Name : Uttarakhand
Bhagwanpur(Naveen Mandi Sthal) APMC,1.7000000000000002,Metric Tonnes,Other,500.0,600.0,550.0,Rs./Quintal,Grade A
Haldwani APMC,62.0,Metric Tonnes,Other,700.0,1500.0,1300.0,Rs./Quintal,FAQ
Haridwar Union APMC,24.8,Metric Tonnes,Potato,700.0,950.0,800.0,Rs./Quintal,FAQ
Khateema APMC,32.0,Metric Tonnes,Other,500.0,700.0,600.0,Rs./Quintal,Grade B
Kicchha APMC,5.0,Metric Tonnes,Desi,400.0,600.0,500.0,Rs./Quintal,Non-FAQ
Kotadwara APMC,2.8,Metric Tonnes,Potato,1300.0,1300.0,1300.0,Rs./Quintal,FAQ
Manglaur APMC,2.5,Metric Tonnes,Other,500.0,700.0,600.0,Rs./Quintal,Large
Rishikesh APMC,12.100000000000001,Metric Tonnes,Other,735.0,950.0,850.0,Rs./Quintal,Medium
Roorkee APMC,2.8000000000000003,Metric Tonnes,Other,800.0,1200.0,1000.0,Rs./Quintal,Medium
Rudrapur APMC,18.0,Metric Tonnes,Other,500.0,800.0,700.0,Rs./Quintal,Medium
Sitarganj APMC,4.5,Metric Tonnes,Potato,800.0,1500.0,1000.0,Rs./Quintal,Local
Vikasnagar APMC,12.5,Metric Tonnes,Other,500.0,1100.0,1000.0,Rs./Quintal,FAQ
Total,180.7,Metric Tonnes,,,,945.77,Rs./Quintal,
State/UT Name : West Bengal
Asansol APMC,55.0,Metric Tonnes,Jyoti,740.0,820.0,780.0,Rs./Quintal,FAQ
Balarampur APMC,10.0,Metric Tonnes,Other,700.0,820.0,780.0,Rs./Quintal,FAQ
Balurghat APMC,14.0,Metric Tonnes,Local,580.0,600.0,590.0,Rs./Quintal,FAQ
Bankura Sadar APMC,25.05,Metric Tonnes,Jyoti,640.0,680.0,660.0,Rs./Quintal,FAQ
Bara Bazar (Posta Bazar) APMC,7.6000000000000005,Metric Tonnes,Jyoti,880.0,920.0,900.0,Rs./Quintal,FAQ
Barasat APMC,49.0,Metric Tonnes,Jyoti,800.0,800.0,800.0,Rs./Quintal,FAQ
Baxirhat APMC,20.0,Metric Tonnes,Jyoti,550.0,570.0,560.0,Rs./Quintal,FAQ
Belacoba APMC,8.5,Metric Tonnes,Jyoti,570.0,590.0,580.0,Rs./Quintal,FAQ
Bethuadahari APMC,10.5,Metric Tonnes,Desi,790.0,810.0,800.0,Rs./Quintal,Grade A
Birbhum APMC,55.0,Metric Tonnes,Potato,1000.0,1100.0,1050.0,Rs./Quintal,FAQ
Bishnupur(Bankura) APMC,6.6000000000000005,Metric Tonnes,Jyoti,580.0,660.0,640.0,Rs./Quintal,FAQ
Bolpur APMC,54.0,Metric Tonnes,Potato,1000.0,1100.0,1050.0,Rs./Quintal,FAQ
Burdwan APMC,26.0,Metric Tonnes,Jyoti,720.0,780.0,740.0,Rs./Quintal,FAQ
Chakdah APMC,10.2,Metric Tonnes,Jyoti,760.0,800.0,780.0,Rs./Quintal,FAQ
Champadanga APMC,15.2,Metric Tonnes,Jyoti,740.0,760.0,760.0,Rs./Quintal,FAQ
Coochbehar APMC,15.0,Metric Tonnes,Jyoti,640.0,660.0,650.0,Rs./Quintal,FAQ
Darjeeling APMC,1.5,Metric Tonnes,Red,1400.0,1600.0,1500.0,Rs./Quintal,FAQ
Dhupguri APMC,20.0,Metric Tonnes,Jyoti,580.0,600.0,590.0,Rs./Quintal,FAQ
Diamond Harbour(South 24-pgs) APMC,13.8,Metric Tonnes,Jyoti,820.0,860.0,840.0,Rs./Quintal,FAQ
Dinhata APMC,20.0,Metric Tonnes,Jyoti,550.0,570.0,560.0,Rs./Quintal,FAQ
Durgapur APMC,55.0,Metric Tonnes,Jyoti,740.0,820.0,780.0,Rs./Quintal,FAQ
Egra/contai APMC,1025.0,Metric Tonnes,Jyoti,820.0,850.0,835.0,Rs./Quintal,FAQ
English Bazar APMC,18.0,Metric Tonnes,Local,600.0,630.0,620.0,Rs./Quintal,FAQ
Gajol APMC,55.0,Metric Tonnes,Local,640.0,660.0,650.0,Rs./Quintal,FAQ
Gangarampur(Dakshin Dinajpur) APMC,9.0,Metric Tonnes,Local,580.0,600.0,590.0,Rs./Quintal,FAQ
Garbeta(Medinipur) APMC,3.0,Metric Tonnes,Jyoti,630.0,660.0,640.0,Rs./Quintal,FAQ
Ghatal APMC,3.6,Metric Tonnes,Jyoti,800.0,840.0,830.0,Rs./Quintal,FAQ
Guskara APMC,17.5,Metric Tonnes,Jyoti,740.0,750.0,740.0,Rs./Quintal,FAQ
Habra APMC,35.0,Metric Tonnes,Jyoti,900.0,900.0,900.0,Rs./Quintal,FAQ
Haldibari APMC,20.0,Metric Tonnes,Jyoti,550.0,570.0,560.0,Rs./Quintal,FAQ
Indus(Bankura Sadar) APMC,5.75,Metric Tonnes,Jyoti,635.0,675.0,655.0,Rs./Quintal,FAQ
Islampur APMC,25.0,Metric Tonnes,Other,540.0,580.0,550.0,Rs./Quintal,FAQ
Jalpaiguri Sadar APMC,0.5,Metric Tonnes,Jyoti,600.0,615.0,610.0,Rs./Quintal,FAQ
Jangipur APMC,42.25,Metric Tonnes,Jyoti,1350.0,1450.0,1400.0,Rs./Quintal,FAQ
Jhargram APMC,5.7,Metric Tonnes,Jyoti,700.0,800.0,750.0,Rs./Quintal,FAQ
Jiaganj APMC,5.0,Metric Tonnes,Local,500.0,600.0,550.0,Rs./Quintal,FAQ
Kaliaganj APMC,10.0,Metric Tonnes,Other,600.0,650.0,630.0,Rs./Quintal,FAQ
Kalipur APMC,7.4,Metric Tonnes,Jyoti,700.0,720.0,700.0,Rs./Quintal,FAQ
Kalna APMC,18.5,Metric Tonnes,Jyoti,740.0,750.0,740.0,Rs./Quintal,FAQ
Kalyani APMC,3.4000000000000004,Metric Tonnes,Jyoti,760.0,800.0,780.0,Rs./Quintal,Local
Kandi APMC,10.0,Metric Tonnes,Jyoti,680.0,760.0,720.0,Rs./Quintal,FAQ
Karimpur APMC,12.5,Metric Tonnes,Jyoti,790.0,810.0,800.0,Rs./Quintal,Grade A
Karsiyang(Matigara) APMC,1.6,Metric Tonnes,Red,1400.0,1600.0,1500.0,Rs./Quintal,FAQ
Khatra APMC,6.4,Metric Tonnes,Jyoti,660.0,760.0,700.0,Rs./Quintal,FAQ
Kolaghat APMC,10.0,Metric Tonnes,Jyoti,760.0,800.0,780.0,Rs./Quintal,FAQ
Mathabhanga APMC,23.0,Metric Tonnes,Jyoti,550.0,570.0,560.0,Rs./Quintal,FAQ
Medinipur(West) APMC,40.0,Metric Tonnes,Jyoti,640.0,670.0,655.0,Rs./Quintal,FAQ
Mekhliganj APMC,22.0,Metric Tonnes,Jyoti,550.0,570.0,560.0,Rs./Quintal,FAQ
Memari APMC,24.0,Metric Tonnes,Jyoti,720.0,760.0,740.0,Rs./Quintal,FAQ
Moynaguri APMC,10.0,Metric Tonnes,Jyoti,560.0,580.0,570.0,Rs./Quintal,FAQ
Nadia APMC,9.8,Metric Tonnes,Jyoti,740.0,800.0,770.0,Rs./Quintal,FAQ
Pandua APMC,6.3,Metric Tonnes,Jyoti,660.0,730.0,680.0,Rs./Quintal,FAQ
Pundibari APMC,7.5,Metric Tonnes,Jyoti,640.0,660.0,650.0,Rs./Quintal,FAQ
Purulia APMC,25.0,Metric Tonnes,Jyoti,700.0,800.0,750.0,Rs./Quintal,FAQ
Raiganj APMC,20.0,Metric Tonnes,Other,540.0,580.0,570.0,Rs./Quintal,FAQ
Ramkrishanpur(Howrah) APMC,8.25,Metric Tonnes,Jyoti,820.0,860.0,840.0,Rs./Quintal,FAQ
Rampurhat APMC,28.0,Metric Tonnes,Other,670.0,690.0,680.0,Rs./Quintal,FAQ
Ranaghat APMC,10.0,Metric Tonnes,Jyoti,770.0,800.0,790.0,Rs./Quintal,FAQ
Sainthia APMC,52.0,Metric Tonnes,Potato,1000.0,1100.0,1050.0,Rs./Quintal,FAQ
Samsi APMC,25.0,Metric Tonnes,Local,630.0,650.0,640.0,Rs./Quintal,FAQ
Sheoraphuly APMC,30.0,Metric Tonnes,Jyoti,640.0,720.0,680.0,Rs./Quintal,FAQ
Siliguri APMC,180.0,Metric Tonnes,Jyoti,600.0,630.0,620.0,Rs./Quintal,FAQ
Tamluk (Medinipur E) APMC,20.0,Metric Tonnes,Jyoti,780.0,820.0,800.0,Rs./Quintal,FAQ
Toofanganj APMC,24.0,Metric Tonnes,Jyoti,550.0,570.0,560.0,Rs./Quintal,FAQ
Uluberia APMC,4.25,Metric Tonnes,Jyoti,830.0,860.0,840.0,Rs./Quintal,FAQ
Total,2411.15,Metric Tonnes,,,,786.56,Rs./Quintal,
Grand Total,47413.65,Metric Tonnes,,,,832.27,Rs./Quintal,
Tomato
State/UT Name : Andhra Pradesh
B.Kothakota H/Q Angallu,46.0,Metric Tonnes,Local,1200.0,2000.0,1500.0,Rs./Quintal,FAQ
Guramkonda Sub-yard of AMC Valmikipuram,118.30000000000001,Metric Tonnes,Hybrid,1200.0,1680.0,1400.0,Rs./Quintal,FAQ
Kalikiri APMC,13.4,Metric Tonnes,Hybrid,1400.0,2200.0,1800.0,Rs./Quintal,FAQ
Kuppam APMC,1.0,Metric Tonnes,Tomato,900.0,1212.0,1212.0,Rs./Quintal,Grade C
Madanapalli APMC,97.0,Metric Tonnes,Local,1600.0,2000.0,1800.0,Rs./Quintal,FAQ
Mulakalacheruvu APMC,710.0,Metric Tonnes,Local,1100.0,1900.0,1500.0,Rs./Quintal,FAQ
Palamaner APMC,32.0,Metric Tonnes,Tomato,1500.0,2100.0,1800.0,Rs./Quintal,FAQ
Pattikonda APMC,624.0,Metric Tonnes,Local,1100.0,1800.0,1500.0,Rs./Quintal,FAQ
Punganur APMC,18.900000000000002,Metric Tonnes,Hybrid,1340.0,2000.0,1670.0,Rs./Quintal,FAQ
Somala APMC,1.0,Metric Tonnes,Tomato,1000.0,1400.0,1200.0,Rs./Quintal,FAQ
V. Kota Sub-yard of AMC Palamaneru,6.0,Metric Tonnes,Other,1400.0,2000.0,1700.0,Rs./Quintal,FAQ
Valmikipuram APMC,118.30000000000001,Metric Tonnes,Hybrid,1200.0,1680.0,1400.0,Rs./Quintal,FAQ
Total,1785.9,Metric Tonnes,,,,1512.81,Rs./Quintal,
State/UT Name : Assam
Ambagan APMC,7.0,Metric Tonnes,Tomato,3200.0,3400.0,3300.0,Rs./Quintal,FAQ
Balugaon APMC,3.5,Metric Tonnes,Tomato,2000.0,2400.0,2200.0,Rs./Quintal,Local
Besimari APMC,3.0,Metric Tonnes,Tomato,2000.0,2400.0,2200.0,Rs./Quintal,Local
Dhing APMC,6.0,Metric Tonnes,Tomato,3000.0,3200.0,3100.0,Rs./Quintal,FAQ
Doomdumia APMC,6.0,Metric Tonnes,Tomato,3100.0,3300.0,3200.0,Rs./Quintal,FAQ
Fatakbazar APMC,4.0,Metric Tonnes,Tomato,3000.0,3400.0,3200.0,Rs./Quintal,FAQ
Haibargaon APMC,8.0,Metric Tonnes,Tomato,3100.0,3300.0,3200.0,Rs./Quintal,FAQ
Pamohi(Garchuk) APMC,35.0,Metric Tonnes,Tomato,3500.0,4500.0,4000.0,Rs./Quintal,FAQ
Santar Bazaar APMC,3.0,Metric Tonnes,Hybrid,3300.0,3500.0,3400.0,Rs./Quintal,FAQ
Tinsukia Market,3.0,Metric Tonnes,Tomato,3000.0,4000.0,3500.0,Rs./Quintal,FAQ
Total,78.5,Metric Tonnes,,,,3494.27,Rs./Quintal,
State/UT Name : Bihar
Chhapra APMC,6.0,Metric Tonnes,Other,2100.0,3000.0,2500.0,Rs./Quintal,Grade A
Jamui APMC,1.1,Metric Tonnes,Deshi,3400.0,3500.0,3445.45,Rs./Quintal,Grade A
Madhubani APMC,3.6,Metric Tonnes,Tomato,3700.0,3900.0,3800.0,Rs./Quintal,FAQ
Supaul APMC,1.0,Metric Tonnes,Tomato,4000.0,5000.0,4500.0,Rs./Quintal,Grade A
Total,11.7,Metric Tonnes,,,,3159.83,Rs./Quintal,
State/UT Name : Chandigarh
Chandigarh (Grain/F&V) APMC,117.45,Metric Tonnes,Tomato,400.0,2000.0,1600.0,Rs./Quintal,FAQ
Total,117.45,Metric Tonnes,,,,1600.0,Rs./Quintal,
State/UT Name : Chattisgarh
Durg APMC,192.4,Metric Tonnes,Local,1300.0,1500.0,1500.0,Rs./Quintal,Medium
Rajnandgaon APMC,132.0,Metric Tonnes,Deshi,1600.0,2000.0,1800.0,Rs./Quintal,Grade B
Tiphra APMC,220.0,Metric Tonnes,Local,800.0,1100.0,1000.0,Rs./Quintal,Grade B
Total,544.4,Metric Tonnes,,,,1370.68,Rs./Quintal,
State/UT Name : Gujarat
Ahmedabad APMC,322.5,Metric Tonnes,Other,1500.0,2700.0,2300.0,Rs./Quintal,FAQ
"Anand(Veg,Yard,Anand) APMC",26.900000000000002,Metric Tonnes,Tomato,1000.0,1500.0,1250.0,Rs./Quintal,Grade B
Ankleshwar APMC,11.0,Metric Tonnes,Tomato,1000.0,2300.0,1800.0,Rs./Quintal,Grade A
Bharuch APMC,9.2,Metric Tonnes,Other,1000.0,2000.0,1500.0,Rs./Quintal,Local
Bilimora APMC,5.6000000000000005,Metric Tonnes,Other,2000.0,2500.0,2200.0,Rs./Quintal,FAQ
Dahod(Veg. Market) APMC,15.0,Metric Tonnes,Tomato,800.0,2200.0,1500.0,Rs./Quintal,Local
Damnagar APMC,0.06,Metric Tonnes,Local,3000.0,3000.0,3000.0,Rs./Quintal,Local
Deesa(Deesa Veg Yard) APMC,40.400000000000006,Metric Tonnes,Other,1500.0,3000.0,2250.0,Rs./Quintal,FAQ
Gondal(Veg.market Gondal) APMC,22.080000000000002,Metric Tonnes,Tomato,1000.0,3000.0,2000.0,Rs./Quintal,Local
Himatnagar(Veg.Market Himatnagar) APMC,2.8000000000000003,Metric Tonnes,Tomato,1500.0,2000.0,1800.0,Rs./Quintal,Local
Kapadvanj APMC,3.0,Metric Tonnes,Tomato,2200.0,2500.0,2350.0,Rs./Quintal,Medium
Khambhat(Veg Yard Khambhat) APMC,0.5,Metric Tonnes,Other,2500.0,3000.0,2800.0,Rs./Quintal,Local
Mansa(Manas Veg Yard) APMC,2.0500000000000003,Metric Tonnes,Tomato,1800.0,2500.0,2000.0,Rs./Quintal,Local
Mehsana(Mehsana Veg) APMC,19.0,Metric Tonnes,Tomato,50.0,70.0,60.0,Rs./Quintal,Local
Nadiad APMC,1.6,Metric Tonnes,Tomato,2000.0,2300.0,2200.0,Rs./Quintal,FAQ
Nadiyad(Chaklasi) APMC,1.0,Metric Tonnes,Tomato,1800.0,2000.0,1900.0,Rs./Quintal,FAQ
Nadiyad(Piplag) APMC,16.5,Metric Tonnes,Tomato,2000.0,2200.0,2100.0,Rs./Quintal,FAQ
Navsari APMC,22.3,Metric Tonnes,Tomato,1000.0,2500.0,1750.0,Rs./Quintal,Grade A
Padra APMC,6.300000000000001,Metric Tonnes,Other,2000.0,2500.0,2250.0,Rs./Quintal,FAQ
Palitana APMC,2.04,Metric Tonnes,Hybrid,3000.0,4500.0,3750.0,Rs./Quintal,Medium
Porbandar APMC,15.100000000000001,Metric Tonnes,Deshi,2500.0,3000.0,2750.0,Rs./Quintal,Local
Rajkot(Veg.Sub Yard) APMC,308.8,Metric Tonnes,Tomato,1570.0,2760.0,2215.0,Rs./Quintal,FAQ
Surat APMC,340.0,Metric Tonnes,Other,800.0,2800.0,1800.0,Rs./Quintal,FAQ
Talalagir APMC,8.775,Metric Tonnes,Hybrid,900.0,1350.0,1100.0,Rs./Quintal,FAQ
Vadhvan APMC,11.5,Metric Tonnes,Tomato,2000.0,3000.0,2500.0,Rs./Quintal,Medium
Vadodara(Sayajipura) APMC,19.69,Metric Tonnes,Other,1500.0,2500.0,2050.0,Rs./Quintal,FAQ
Vankaner(Sub yard) APMC,1.8,Metric Tonnes,Tomato,1500.0,2500.0,2000.0,Rs./Quintal,FAQ
Vijapur(Vegetable) APMC,0.7000000000000001,Metric Tonnes,Other,2500.0,2500.0,2500.0,Rs./Quintal,Grade A
Total,1236.2,Metric Tonnes,,,,2038.77,Rs./Quintal,
State/UT Name : Haryana
Bahadurgarh APMC,9.0,Metric Tonnes,Other,1500.0,3000.0,2500.0,Rs./Quintal,FAQ
Ballabhgarh APMC,7.300000000000001,Metric Tonnes,Tomato,1300.0,2500.0,2000.0,Rs./Quintal,FAQ
Barwala APMC,1.6,Metric Tonnes,Local,2000.0,2000.0,2000.0,Rs./Quintal,FAQ
Barwala(Hisar) APMC,4.800000000000001,Metric Tonnes,Tomato,2000.0,2500.0,2250.0,Rs./Quintal,Local
Ch. Dadri APMC,5.0,Metric Tonnes,Tomato,2500.0,2800.0,2650.0,Rs./Quintal,Medium
Chhachrauli APMC,0.125,Metric Tonnes,Tomato,3000.0,4000.0,3000.0,Rs./Quintal,Local
Dhand APMC,0.8,Metric Tonnes,Other,2000.0,3000.0,2800.0,Rs./Quintal,Medium
Farukh Nagar APMC,4.9,Metric Tonnes,Other,1900.0,2600.0,2200.0,Rs./Quintal,Medium
Fatehabad APMC,4.0,Metric Tonnes,Other,2500.0,2500.0,2500.0,Rs./Quintal,Local
FerozpurZirkha(Nagina) APMC,2.6,Metric Tonnes,Other,2400.0,2800.0,2600.0,Rs./Quintal,Local
Ganaur APMC,1.6,Metric Tonnes,Tomato,2500.0,4000.0,3200.0,Rs./Quintal,FAQ
Gharaunda APMC,1.6,Metric Tonnes,Other,2800.0,3000.0,3000.0,Rs./Quintal,Local
Gohana APMC,7.1000000000000005,Metric Tonnes,Other,2500.0,3500.0,3000.0,Rs./Quintal,Medium
Hansi APMC,17.3,Metric Tonnes,Other,2500.0,3000.0,2750.0,Rs./Quintal,FAQ
Hissar APMC,17.3,Metric Tonnes,Local,1500.0,2500.0,2000.0,Rs./Quintal,Local
Hodal APMC,2.0,Metric Tonnes,Hybrid,3500.0,4000.0,3800.0,Rs./Quintal,FAQ
Indri APMC,0.9,Metric Tonnes,Tomato,2400.0,2400.0,2400.0,Rs./Quintal,FAQ
Jagadhri APMC,2.77,Metric Tonnes,Tomato,1500.0,2200.0,1800.0,Rs./Quintal,FAQ
Jakhal APMC,0.2,Metric Tonnes,Tomato,2500.0,2500.0,2500.0,Rs./Quintal,Non-FAQ
Jhajjar APMC,8.0,Metric Tonnes,Other,3000.0,3000.0,3000.0,Rs./Quintal,Medium
Kharkhoda APMC,1.2000000000000002,Metric Tonnes,Other,2500.0,3200.0,2700.0,Rs./Quintal,FAQ
Ladwa APMC,1.2000000000000002,Metric Tonnes,Tomato,4500.0,5000.0,5000.0,Rs./Quintal,Non-FAQ
Madlauda APMC,0.7000000000000001,Metric Tonnes,Tomato,1500.0,2200.0,1850.0,Rs./Quintal,FAQ
Meham,0.2,Metric Tonnes,Tomato,2500.0,2500.0,2500.0,Rs./Quintal,Medium
Mohindergarh APMC,7.300000000000001,Metric Tonnes,Tomato,2000.0,2500.0,2200.0,Rs./Quintal,Medium
Mustafabad APMC,0.06999999999999999,Metric Tonnes,Other,3000.0,3600.0,3500.0,Rs./Quintal,FAQ
Naraingarh APMC,3.69,Metric Tonnes,Tomato,1200.0,2500.0,1800.0,Rs./Quintal,Medium
Narnaul APMC,4.6000000000000005,Metric Tonnes,Tomato,2000.0,3000.0,2500.0,Rs./Quintal,Medium
Nuh APMC,2.4,Metric Tonnes,Other,1500.0,2000.0,1500.0,Rs./Quintal,Local
Panipat APMC,44.1,Metric Tonnes,Other,700.0,2100.0,1400.0,Rs./Quintal,Local
Pataudi APMC,4.1,Metric Tonnes,Tomato,3000.0,3500.0,3200.0,Rs./Quintal,Grade B
Pundri APMC,0.7000000000000001,Metric Tonnes,Other,1700.0,1800.0,1750.0,Rs./Quintal,FAQ
Radaur APMC,0.5,Metric Tonnes,Other,2000.0,2500.0,2200.0,Rs./Quintal,Medium
Raipur Rani APMC,0.16000000000000003,Metric Tonnes,Tomato,2000.0,2400.0,2200.0,Rs./Quintal,Local
Rania APMC,0.1,Metric Tonnes,Tomato,1.45,2.0,1.52,Rs./Quintal,Non-FAQ
Rania(Jiwan nagar) APMC,0.1,Metric Tonnes,Deshi,40.0,55.0,45.0,Rs./Quintal,Non-FAQ
Ratia APMC,14.0,Metric Tonnes,Other,2000.0,2500.0,2200.0,Rs./Quintal,Grade A
Rewari APMC,23.400000000000002,Metric Tonnes,Other,600.0,2500.0,1500.0,Rs./Quintal,Medium
Rohtak APMC,17.900000000000002,Metric Tonnes,Other,1500.0,3000.0,2000.0,Rs./Quintal,Medium
Sadhaura APMC,1.5,Metric Tonnes,Tomato,1800.0,2000.0,1900.0,Rs./Quintal,Local
Shahabad APMC,2.9,Metric Tonnes,Tomato,1600.0,2700.0,2500.0,Rs./Quintal,Medium
Shahzadpur APMC,0.601,Metric Tonnes,Tomato,1500.0,2500.0,2000.0,Rs./Quintal,FAQ
Sirsa APMC,6.1000000000000005,Metric Tonnes,Other,2000.0,3000.0,2500.0,Rs./Quintal,FAQ
Siwan APMC,0.7000000000000001,Metric Tonnes,Other,2800.0,3000.0,2900.0,Rs./Quintal,FAQ
Sohna APMC,4.1,Metric Tonnes,Tomato,2500.0,3000.0,3000.0,Rs./Quintal,Local
Sonepat APMC,11.5,Metric Tonnes,Tomato,2000.0,3200.0,2500.0,Rs./Quintal,FAQ
Tarori APMC,0.8,Metric Tonnes,Other,3000.0,4000.0,3500.0,Rs./Quintal,Medium
Tauru APMC,0.4,Metric Tonnes,Hybrid,3000.0,3000.0,3000.0,Rs./Quintal,FAQ
Thanesar APMC,12.4,Metric Tonnes,Tomato,2000.0,3500.0,2750.0,Rs./Quintal,Local
Tohana(New Veg Market) APMC,5.2,Metric Tonnes,Tomato,3000.0,3500.0,3500.0,Rs./Quintal,FAQ
Uklana APMC,0.2,Metric Tonnes,Tomato,2500.0,2800.0,2800.0,Rs./Quintal,Medium
Total,271.72,Metric Tonnes,,,,2215.41,Rs./Quintal,
State/UT Name : Himachal Pradesh
PMY Chamba,1.75,Metric Tonnes,Tomato,4000.0,4200.0,4100.0,Rs./Quintal,Medium
PMY Dhalli Shimla,4.5,Metric Tonnes,Tomato,2000.0,3500.0,2500.0,Rs./Quintal,Grade A
PMY Hamirpur,2.0,Metric Tonnes,Tomato,3500.0,4000.0,3750.0,Rs./Quintal,Grade B
PMY Kangni Mandi,0.464,Metric Tonnes,Tomato,700.0,3000.0,2500.0,Rs./Quintal,FAQ
PMY Kangra,2.5,Metric Tonnes,Tomato,2500.0,3000.0,2750.0,Rs./Quintal,FAQ
PMY Kather Solan,39.384,Metric Tonnes,Other,600.0,2700.0,2100.0,Rs./Quintal,Medium
PMY Kullu,2.0,Metric Tonnes,Other,2400.0,2600.0,2500.0,Rs./Quintal,FAQ
PMY Paonta Sahib,1.2000000000000002,Metric Tonnes,Other,2500.0,3000.0,2800.0,Rs./Quintal,FAQ
PMY Una,3.8700000000000006,Metric Tonnes,Tomato,2500.0,3500.0,3000.0,Rs./Quintal,Local
SMY Baijnath,0.14,Metric Tonnes,Hybrid,2400.0,2600.0,2500.0,Rs./Quintal,Grade A
SMY Bandrol,4.0,Metric Tonnes,Other,1200.0,2500.0,1800.0,Rs./Quintal,FAQ
SMY Bhuntar,9.6,Metric Tonnes,Other,2000.0,3300.0,2600.0,Rs./Quintal,FAQ
SMY Chauri Bihal,0.7000000000000001,Metric Tonnes,Other,1000.0,2500.0,2000.0,Rs./Quintal,Grade Range-1
SMY Dhanotu,1.2000000000000002,Metric Tonnes,Tomato,3000.0,3500.0,3250.0,Rs./Quintal,FAQ
SMY Dharampur,2.0,Metric Tonnes,Local,1000.0,2000.0,2000.0,Rs./Quintal,Local
SMY Dharamshala,0.7000000000000001,Metric Tonnes,Tomato,3000.0,3400.0,3200.0,Rs./Quintal,FAQ
SMY Jaisinghpur,0.30000000000000004,Metric Tonnes,Tomato,2500.0,3200.0,2900.0,Rs./Quintal,FAQ
SMY Jogindernagar,0.6000000000000001,Metric Tonnes,Deshi,2500.0,3200.0,2850.0,Rs./Quintal,Grade B
SMY Jwalaji,0.020000000000000004,Metric Tonnes,Other,2500.0,3000.0,2750.0,Rs./Quintal,FAQ
SMY Nadaun,1.2000000000000002,Metric Tonnes,Other,3900.0,4500.0,4200.0,Rs./Quintal,Grade B
SMY Nagrota Bagwan,1.0,Metric Tonnes,Tomato,2400.0,2800.0,2600.0,Rs./Quintal,FAQ
SMY Nalagarh,0.6,Metric Tonnes,Other,1500.0,3000.0,2300.0,Rs./Quintal,Medium
SMY Palampur,2.4000000000000004,Metric Tonnes,Tomato,2400.0,3000.0,2800.0,Rs./Quintal,FAQ
SMY Rohroo,0.4,Metric Tonnes,Deshi,3000.0,3200.0,3100.0,Rs./Quintal,Grade B
SMY Santoshgarh,0.9500000000000001,Metric Tonnes,Tomato,3500.0,4000.0,3750.0,Rs./Quintal,FAQ
SMY Shatt,1.0,Metric Tonnes,Tomato,1500.0,2000.0,1800.0,Rs./Quintal,FAQ
SMY Takoli,0.8,Metric Tonnes,Other,500.0,2400.0,1600.0,Rs./Quintal,Medium
SMY Wakhnaghat,2.8,Metric Tonnes,Deshi,500.0,1500.0,1500.0,Rs./Quintal,Local
Total,88.08,Metric Tonnes,,,,2397.24,Rs./Quintal,
State/UT Name : Jammu and Kashmir
Kathua (F&V),18.0,Metric Tonnes,Hybrid,2000.0,2500.0,2250.0,Rs./Quintal,FAQ
MAC F&V Market Narwal Jammu,130.0,Metric Tonnes,Tomato,2400.0,2600.0,2500.0,Rs./Quintal,FAQ
Parimpore Srinagar (F&V),45.0,Metric Tonnes,Other,2600.0,2800.0,2700.0,Rs./Quintal,Grade A
Total,193.0,Metric Tonnes,,,,2523.32,Rs./Quintal,
State/UT Name : Karnataka
Bagepalli APMC,140.0,Metric Tonnes,Tomato,350.0,2150.0,1460.0,Rs./Quintal,Small
Bangarpet APMC,2.7,Metric Tonnes,Tomato,300.0,1000.0,700.0,Rs./Quintal,Local
Belgaum APMC,2.0,Metric Tonnes,Tomato,2000.0,3000.0,2200.0,Rs./Quintal,Large
Binny Mill (FF&V) Bengaluru APMC,43.2,Metric Tonnes,Tomato,1400.0,1600.0,1500.0,Rs./Quintal,Local
Chamarajanagar APMC,2.0,Metric Tonnes,Tomato,1300.0,3200.0,2300.0,Rs./Quintal,Local
Channapatna APMC,3.8000000000000003,Metric Tonnes,Tomato,850.0,1750.0,1250.0,Rs./Quintal,Local
Chikkamagaluru APMC,72.3,Metric Tonnes,Tomato,400.0,2000.0,1200.0,Rs./Quintal,Local
Chintamani APMC,392.20000000000005,Metric Tonnes,Tomato,300.0,1800.0,1000.0,Rs./Quintal,Local
Davangere APMC,4.0,Metric Tonnes,Tomato,100.0,500.0,300.0,Rs./Quintal,Local
Doddaballapur APMC,3.0,Metric Tonnes,Tomato,1000.0,1400.0,1200.0,Rs./Quintal,Medium
Gauribidanur APMC,1.5,Metric Tonnes,Tomato,600.0,1200.0,1000.0,Rs./Quintal,Local
Gundlupet APMC,7.9,Metric Tonnes,Tomato,1900.0,1900.0,1900.0,Rs./Quintal,Local
Kadur APMC,13.8,Metric Tonnes,Tomato,925.0,1041.0,925.0,Rs./Quintal,Medium
Kalaburagi APMC,6.0,Metric Tonnes,Tomato,300.0,1200.0,750.0,Rs./Quintal,Local
Kolar APMC,1831.1000000000001,Metric Tonnes,Tomato,300.0,1660.0,800.0,Rs./Quintal,Local
Mulbagal APMC,296.3,Metric Tonnes,Tomato,333.0,1666.0,1000.0,Rs./Quintal,Local
Mysuru APMC,8.200000000000001,Metric Tonnes,Tomato,1500.0,1700.0,1700.0,Rs./Quintal,Medium
Nanjangud APMC,3.2,Metric Tonnes,Tomato,3703.0,6666.0,5550.0,Rs./Quintal,Local
Ramanagara APMC,8.0,Metric Tonnes,Tomato,1000.0,2000.0,1500.0,Rs./Quintal,Local
Ranebennur APMC,0.4,Metric Tonnes,Tomato,300.0,1500.0,1200.0,Rs./Quintal,Medium
Shimoga APMC,31.200000000000003,Metric Tonnes,Tomato,400.0,1000.0,700.0,Rs./Quintal,Local
T. Narasipura APMC,0.8,Metric Tonnes,Tomato,1500.0,2000.0,2000.0,Rs./Quintal,Small
Total,2873.6,Metric Tonnes,,,,915.64,Rs./Quintal,
State/UT Name : Keralam
Adimali Market,0.05,Metric Tonnes,Other,4000.0,5500.0,5000.0,Rs./Quintal,Medium
Anchal Market,0.3,Metric Tonnes,Tomato,4000.0,4000.0,4000.0,Rs./Quintal,Local
Angamaly Market,1.0,Metric Tonnes,Tomato,3700.0,4500.0,4100.0,Rs./Quintal,FAQ
Aralamoodu Market,3.0,Metric Tonnes,Tomato,4000.0,4500.0,4500.0,Rs./Quintal,FAQ
Aroor Market,0.2,Metric Tonnes,Other,3600.0,3800.0,3700.0,Rs./Quintal,FAQ
Athirampuzha Market,0.5,Metric Tonnes,Tomato,3600.0,3800.0,3700.0,Rs./Quintal,FAQ
Attingal Market,850.0,Metric Tonnes,Other,2800.0,3500.0,3000.0,Rs./Quintal,Local
Balarampuram Market,0.4,Metric Tonnes,Deshi,4000.0,4000.0,4000.0,Rs./Quintal,FAQ
Chalakudy Market,0.03,Metric Tonnes,Tomato,2600.0,3000.0,3000.0,Rs./Quintal,FAQ
Chathanoor Market,0.4,Metric Tonnes,Other,4300.0,4700.0,4500.0,Rs./Quintal,FAQ
Chavakkad Market,0.15,Metric Tonnes,Tomato,2600.0,3400.0,3400.0,Rs./Quintal,FAQ
Chelakkara Market,0.15,Metric Tonnes,Tomato,3200.0,3500.0,3500.0,Rs./Quintal,FAQ
Chengannur Market,0.5,Metric Tonnes,Tomato,3800.0,4100.0,4000.0,Rs./Quintal,FAQ
Ernakulam Market,7.5,Metric Tonnes,Tomato,3300.0,4000.0,3600.0,Rs./Quintal,FAQ
Ettumanoor Market,1.0,Metric Tonnes,Tomato,3500.0,4000.0,3700.0,Rs./Quintal,FAQ
Kallachi Market,0.1,Metric Tonnes,Tomato,2500.0,2900.0,2700.0,Rs./Quintal,FAQ
Kanjangadu Market,1.0,Metric Tonnes,Other,2200.0,2700.0,2400.0,Rs./Quintal,FAQ
Kanjirappally Market,0.5,Metric Tonnes,Tomato,4500.0,5000.0,4800.0,Rs./Quintal,FAQ
Kayamkulam Market,2.0,Metric Tonnes,Other,2100.0,2300.0,2200.0,Rs./Quintal,FAQ
Kodungalloor Market,6.0,Metric Tonnes,Other,3000.0,3000.0,3000.0,Rs./Quintal,Grade A
Koduvayoor Market,0.8,Metric Tonnes,Tomato,3000.0,3400.0,3200.0,Rs./Quintal,Medium
Kollam Market,0.5,Metric Tonnes,Tomato,2700.0,3000.0,2900.0,Rs./Quintal,Local
Kollengode Market,0.8,Metric Tonnes,Tomato,2600.0,3000.0,2800.0,Rs./Quintal,FAQ
Kondotty Market,0.25,Metric Tonnes,Other,2000.0,2600.0,2500.0,Rs./Quintal,FAQ
Kothamangalam Market,1.0,Metric Tonnes,Tomato,3500.0,4500.0,4000.0,Rs./Quintal,FAQ
Kottakkal Market,8.0,Metric Tonnes,Other,2200.0,2400.0,2300.0,Rs./Quintal,Local
Kottayam Market,2.0,Metric Tonnes,Tomato,3600.0,4000.0,3800.0,Rs./Quintal,FAQ
Kottayam Market,1.0,Metric Tonnes,Other,2600.0,3000.0,2800.0,Rs./Quintal,FAQ
Kuthuparambu Market,0.1,Metric Tonnes,Tomato,2400.0,2800.0,2600.0,Rs./Quintal,FAQ
Manjeri Market,8.0,Metric Tonnes,Other,2550.0,2650.0,2600.0,Rs./Quintal,Local
Mukkom Market,0.6,Metric Tonnes,Tomato,2100.0,2400.0,2200.0,Rs./Quintal,FAQ
Neyyatinkara Market,0.02,Metric Tonnes,Tomato,3400.0,4000.0,3700.0,Rs./Quintal,FAQ
North Paravur Market,1.0,Metric Tonnes,Deshi,3000.0,4000.0,3500.0,Rs./Quintal,FAQ
Pala Market,1.0,Metric Tonnes,Other,4500.0,5400.0,5000.0,Rs./Quintal,FAQ
Palakkad Market,3.0,Metric Tonnes,Tomato,2500.0,3500.0,3100.0,Rs./Quintal,FAQ
Parassala Market,0.4,Metric Tonnes,Tomato,2800.0,3200.0,3000.0,Rs./Quintal,Local
Pattambi Market,1.0,Metric Tonnes,Tomato,3000.0,3200.0,3100.0,Rs./Quintal,FAQ
Perambra Market,3.0,Metric Tonnes,Tomato,2700.0,2900.0,2800.0,Rs./Quintal,FAQ
Perinthalmanna Market,5.0,Metric Tonnes,Tomato,2000.0,2400.0,2200.0,Rs./Quintal,Large
Perumbavoor Market,8.0,Metric Tonnes,Tomato,4000.0,5000.0,4500.0,Rs./Quintal,Medium
Pothencode Market,650.0,Metric Tonnes,Tomato,4500.0,4600.0,4500.0,Rs./Quintal,Local
Quilandy Market,0.5,Metric Tonnes,Other,2600.0,2700.0,2600.0,Rs./Quintal,FAQ
Taliparamba Market,0.04,Metric Tonnes,Tomato,1900.0,2100.0,2000.0,Rs./Quintal,FAQ
Thalasserry Market,0.2,Metric Tonnes,Other,2000.0,2800.0,2300.0,Rs./Quintal,FAQ
Thalayolaparambu Market,0.5,Metric Tonnes,Tomato,2800.0,3200.0,3000.0,Rs./Quintal,FAQ
Thamarassery Market,0.4,Metric Tonnes,Other,2500.0,2700.0,2500.0,Rs./Quintal,FAQ
Thrippunithura Market,1.0,Metric Tonnes,Tomato,4500.0,5000.0,4700.0,Rs./Quintal,Medium
Vadakkenchery Market,0.22,Metric Tonnes,Tomato,4000.0,4500.0,4500.0,Rs./Quintal,FAQ
Vamanapuram Market,0.12,Metric Tonnes,Other,3500.0,4000.0,4000.0,Rs./Quintal,FAQ
Vandiperiyar Market,0.04,Metric Tonnes,Other,3500.0,3800.0,3800.0,Rs./Quintal,Grade Range-1
Vengeri(Kozhikode) Market,135.0,Metric Tonnes,Tomato,2500.0,2800.0,2800.0,Rs./Quintal,FAQ
Wadakkanchery Market,0.25,Metric Tonnes,Tomato,3000.0,3500.0,3200.0,Rs./Quintal,FAQ
vadakarapathy Market,4.9,Metric Tonnes,Tomato,1785.0,2142.0,1950.0,Rs./Quintal,FAQ
Total,1713.42,Metric Tonnes,,,,3560.12,Rs./Quintal,
State/UT Name : Madhya Pradesh
Badwaha (F&V) APMC,0.9,Metric Tonnes,Deshi,1000.0,1750.0,1300.0,Rs./Quintal,Grade A
Badwani(F&V) APMC,0.814,Metric Tonnes,Tomato,1000.0,1000.0,1000.0,Rs./Quintal,Local
Bareli(F&V) APMC,1.87,Metric Tonnes,Deshi,2000.0,2000.0,2000.0,Rs./Quintal,Grade A
Betul(F&V) APMC,3.9,Metric Tonnes,Local,400.0,1000.0,800.0,Rs./Quintal,FAQ
Bhopal(F&V) APMC,56.300000000000004,Metric Tonnes,Other,700.0,2000.0,1500.0,Rs./Quintal,Local
Burhanpur(F&V) APMC,3.0,Metric Tonnes,Other,500.0,1500.0,1300.0,Rs./Quintal,Local
Chhatarpur (F&V) APMC,2.7,Metric Tonnes,Other,1700.0,1700.0,1700.0,Rs./Quintal,Grade C
Damoh(F&V) APMC,0.8,Metric Tonnes,Local,1000.0,1000.0,1000.0,Rs./Quintal,Local
Deori (F&V) APMC,1.1,Metric Tonnes,Tomato,1490.0,1490.0,1490.0,Rs./Quintal,Grade B
Dewas(F&V) APMC,2.0,Metric Tonnes,Other,600.0,2400.0,800.0,Rs./Quintal,FAQ
Dhamnod(F&V) APMC,1.8,Metric Tonnes,Tomato,800.0,1200.0,1000.0,Rs./Quintal,Local
Gadarwada (F&V) APMC,4.0,Metric Tonnes,Tomato,1800.0,1800.0,1800.0,Rs./Quintal,Grade B
Guna(F&V) APMC,3.7,Metric Tonnes,Other,1800.0,2000.0,1900.0,Rs./Quintal,Grade B
Haatpipliya (F&V) APMC,0.136,Metric Tonnes,Tomato,800.0,2400.0,2200.0,Rs./Quintal,Local
Harda(F&V) APMC,1.6,Metric Tonnes,Deshi,1000.0,1800.0,1500.0,Rs./Quintal,Medium
Indore(F&V) APMC,126.0,Metric Tonnes,Tomato,400.0,2400.0,1600.0,Rs./Quintal,Local
Itarsi(F&V) APMC,4.5,Metric Tonnes,Tomato,2000.0,2000.0,2000.0,Rs./Quintal,FAQ
Jabalpur(F&V) APMC,36.0,Metric Tonnes,Tomato,1000.0,1500.0,1200.0,Rs./Quintal,Medium
Kailaras APMC,0.6900000000000001,Metric Tonnes,Other,1200.0,2700.0,1200.0,Rs./Quintal,FAQ
Karera(F&V) APMC,0.2,Metric Tonnes,Tomato,2000.0,2600.0,2300.0,Rs./Quintal,Local
Khandwa(F&V) APMC,3.0,Metric Tonnes,Tomato,800.0,1800.0,1320.0,Rs./Quintal,FAQ
Khargone(F&V) APMC,0.12,Metric Tonnes,Tomato,800.0,1200.0,1000.0,Rs./Quintal,Medium
Khurai(F&V) APMC,1.8,Metric Tonnes,Tomato,1800.0,2200.0,2000.0,Rs./Quintal,Local
Kukshi(F&V) APMC,1.5,Metric Tonnes,Tomato,700.0,1500.0,1100.0,Rs./Quintal,Grade A
Lashkar(F&V) APMC,18.8,Metric Tonnes,Local,1600.0,2000.0,1800.0,Rs./Quintal,Grade B
Lashkar(F&V) APMC,18.8,Metric Tonnes,Deshi,1600.0,2000.0,1800.0,Rs./Quintal,Grade B
Maihar(F&V) APMC,2.5,Metric Tonnes,Tomato,1000.0,1000.0,1000.0,Rs./Quintal,Local
Manawar(F&V) APMC,0.6000000000000001,Metric Tonnes,Tomato,1500.0,1800.0,1550.0,Rs./Quintal,Grade B
Mandsaur(F&V) APMC,1.2000000000000002,Metric Tonnes,Other,1600.0,3150.0,2550.0,Rs./Quintal,Grade B
Morena APMC,2.0,Metric Tonnes,Deshi,1800.0,1800.0,1800.0,Rs./Quintal,Non-FAQ
Morena(F&V) APMC,2.0,Metric Tonnes,Tomato,1800.0,1800.0,1800.0,Rs./Quintal,Non-FAQ
Multai(F&V) APMC,4.010000000000001,Metric Tonnes,Deshi,500.0,1500.0,1000.0,Rs./Quintal,FAQ
Narmadapuram (F&V) APMC,7.9,Metric Tonnes,Tomato,740.0,1980.0,1518.0,Rs./Quintal,FAQ
Paatan (F&V) APMC,0.6,Metric Tonnes,Deshi,1300.0,1300.0,1300.0,Rs./Quintal,Medium
Petlawad(F&V) APMC,0.85,Metric Tonnes,Hybrid,1000.0,1000.0,1000.0,Rs./Quintal,Grade A
Pipariya(F&V) APMC,3.5,Metric Tonnes,Tomato,1200.0,2500.0,1800.0,Rs./Quintal,Local
Ratlam(F&V) APMC,2.5,Metric Tonnes,Other,1000.0,1800.0,1600.0,Rs./Quintal,FAQ
Rehli(F&V) APMC,0.30000000000000004,Metric Tonnes,Tomato,1700.0,1900.0,1800.0,Rs./Quintal,Grade C
Sabalgarh(F&V) APMC,1.0,Metric Tonnes,Deshi,1000.0,1200.0,1000.0,Rs./Quintal,FAQ
Sagar(F&V) APMC,11.0,Metric Tonnes,Local,1500.0,2400.0,1800.0,Rs./Quintal,Local
Sanawad(F&V) APMC,1.5,Metric Tonnes,Deshi,1200.0,1400.0,1300.0,Rs./Quintal,Medium
Sanwer(F&V) APMC,0.1,Metric Tonnes,Tomato,1500.0,3000.0,2500.0,Rs./Quintal,FAQ
Sarangpur(F&V) APMC,1.2,Metric Tonnes,Tomato,800.0,800.0,800.0,Rs./Quintal,Grade B
Sehore(F&V) APMC,2.5,Metric Tonnes,Tomato,1200.0,1500.0,1400.0,Rs./Quintal,Grade Range-1
Sendhwa(F&V) APMC,0.30000000000000004,Metric Tonnes,Hybrid,1400.0,1800.0,1600.0,Rs./Quintal,Medium
Seoni(F&V) APMC,4.1,Metric Tonnes,Deshi,750.0,750.0,750.0,Rs./Quintal,Grade C
Thandla APMC,1.29,Metric Tonnes,Hybrid,1300.0,2100.0,1700.0,Rs./Quintal,FAQ
Ujjain(F&V) APMC,0.9300000000000002,Metric Tonnes,Deshi,640.0,2155.0,1349.0,Rs./Quintal,Medium
Total,347.91,Metric Tonnes,,,,1532.8,Rs./Quintal,
State/UT Name : Maharashtra
APMC Akluj ,2.3,Metric Tonnes,Local,1000.0,1600.0,1300.0,Rs./Quintal,Local
APMC Bhusaval ,3.1,Metric Tonnes,Other,1500.0,2000.0,1800.0,Rs./Quintal,Local
APMC Chandwad ,2.0,Metric Tonnes,Local,500.0,2255.0,1250.0,Rs./Quintal,Local
APMC Chattrapati Sambhajinagar ,14.0,Metric Tonnes,Other,500.0,1400.0,950.0,Rs./Quintal,Local
APMC Dharashiv ,5.8,Metric Tonnes,Other,250.0,1000.0,625.0,Rs./Quintal,Local
APMC Hingna,4.1,Metric Tonnes,Local,2000.0,2650.0,2275.0,Rs./Quintal,Local
APMC Islampur ,2.4,Metric Tonnes,Other,1000.0,1500.0,1150.0,Rs./Quintal,Local
APMC Jalgaon ,6.8,Metric Tonnes,Other,500.0,1300.0,900.0,Rs./Quintal,Local
APMC Kalmeshwar ,0.9,Metric Tonnes,Other,1560.0,2000.0,1840.0,Rs./Quintal,Local
APMC Kamthi ,4.0,Metric Tonnes,Local,2000.0,2500.0,2250.0,Rs./Quintal,Local
APMC Karad ,3.9,Metric Tonnes,Other,1000.0,1500.0,1500.0,Rs./Quintal,Local
APMC Khed ,11.4,Metric Tonnes,Local,500.0,1500.0,1000.0,Rs./Quintal,Local
APMC Kolhapur ,9.9,Metric Tonnes,Other,500.0,1500.0,1000.0,Rs./Quintal,Local
APMC Mangal Wedha ,6.8,Metric Tonnes,Local,200.0,1500.0,1000.0,Rs./Quintal,Local
APMC Mumbai ,234.1,Metric Tonnes,Other,1200.0,2500.0,1850.0,Rs./Quintal,Local
APMC Nagpur ,80.0,Metric Tonnes,Other,2000.0,2500.0,2375.0,Rs./Quintal,Local
APMC Nagpur ,130.0,Metric Tonnes,Local,1300.0,2000.0,1825.0,Rs./Quintal,Local
APMC Nasik ,160.7,Metric Tonnes,Other,250.0,1875.0,1100.0,Rs./Quintal,Local
APMC Navapur ,51.0,Metric Tonnes,Other,750.0,2000.0,1273.0,Rs./Quintal,Local
APMC Palus ,0.5,Metric Tonnes,Other,700.0,1200.0,1000.0,Rs./Quintal,Local
APMC Pandharpur ,3.4,Metric Tonnes,Other,500.0,1300.0,1000.0,Rs./Quintal,Local
APMC Panvel ,74.5,Metric Tonnes,Other,3000.0,3500.0,3250.0,Rs./Quintal,Local
APMC Phaltan ,6.3,Metric Tonnes,Other,500.0,1250.0,793.0,Rs./Quintal,Local
APMC Pimpalgaon Baswant ,2906.5,Metric Tonnes,Other,250.0,2105.0,1505.0,Rs./Quintal,Local
APMC Pune ,241.8,Metric Tonnes,Local,600.0,1600.0,1100.0,Rs./Quintal,Local
APMC Rahata ,5.2,Metric Tonnes,Other,300.0,1750.0,1000.0,Rs./Quintal,Local
APMC Rahuri ,10.1,Metric Tonnes,Other,500.0,1500.0,1000.0,Rs./Quintal,Local
APMC Ratnagiri (Nachane) ,1.8,Metric Tonnes,Other,1000.0,1400.0,1100.0,Rs./Quintal,Local
APMC Sangamner ,270.0,Metric Tonnes,Other,500.0,2000.0,1250.0,Rs./Quintal,Local
APMC Satara ,13.5,Metric Tonnes,Other,1000.0,1500.0,1250.0,Rs./Quintal,Local
APMC Shrirampur ,2.7,Metric Tonnes,Other,1000.0,1500.0,1250.0,Rs./Quintal,Local
APMC Solapur ,50.3,Metric Tonnes,Other,200.0,1400.0,900.0,Rs./Quintal,Local
APMC Vita ,2.0,Metric Tonnes,Other,1500.0,2000.0,1600.0,Rs./Quintal,Local
Chandrapur(Ganjwad) ,52.5,Metric Tonnes,Other,800.0,1200.0,1000.0,Rs./Quintal,Local
Junnar(Narayangaon) ,709.5,Metric Tonnes,Local,750.0,1750.0,1250.0,Rs./Quintal,Local
Pune(Khadiki) ,1.2,Metric Tonnes,Local,700.0,1300.0,1000.0,Rs./Quintal,Local
Pune(Manjri) ,54.3,Metric Tonnes,Other,500.0,1500.0,1000.0,Rs./Quintal,Local
Pune(Moshi) ,94.1,Metric Tonnes,Local,700.0,1500.0,1100.0,Rs./Quintal,Local
Pune(Pimpri) ,0.1,Metric Tonnes,Local,1500.0,1500.0,1500.0,Rs./Quintal,Local
Total,5233.5,Metric Tonnes,,,,1453.36,Rs./Quintal,
State/UT Name : Meghalaya
Jowai APMC,1.2,Metric Tonnes,017,3500.0,5000.0,4250.0,Rs./Quintal,Local
Shillong APMC,7.0,Metric Tonnes,017,2000.0,2800.0,2400.0,Rs./Quintal,FAQ
Sohra APMC,0.6,Metric Tonnes,Tomato,2000.0,5000.0,3000.0,Rs./Quintal,Medium
Total,8.8,Metric Tonnes,,,,2693.18,Rs./Quintal,
State/UT Name : NCT of Delhi
APMC Azadpur,645.5,Metric Tonnes,Tomato,1000.0,3200.0,2367.0,Rs./Quintal,FAQ
APMC Keshopur,271.40000000000003,Metric Tonnes,Tomato,1600.0,2800.0,2200.0,Rs./Quintal,FAQ
"Fruit&Vegetable Market,Gazipur APMC",215.2,Metric Tonnes,Tomato,1800.0,2200.0,2000.0,Rs./Quintal,FAQ
Total,1132.1,Metric Tonnes,,,,2257.2,Rs./Quintal,
State/UT Name : Nagaland
Kohima APMC,0.05,Metric Tonnes,Tomato,6000.0,6000.0,6000.0,Rs./Quintal,Local
Total,0.05,Metric Tonnes,,,,6000.0,Rs./Quintal,
State/UT Name : Odisha
Attabira APMC,0.18500000000000003,Metric Tonnes,Other,1650.0,1950.0,1800.0,Rs./Quintal,Local
Balugaon APMC,1.2,Metric Tonnes,Hybrid,4000.0,4000.0,4000.0,Rs./Quintal,Grade A
Bargarh(Barapalli) APMC,194.0,Metric Tonnes,Tomato,3000.0,4000.0,3500.0,Rs./Quintal,Medium
Baripada APMC,2.0,Metric Tonnes,Tomato,4000.0,4500.0,4200.0,Rs./Quintal,Medium
Betnoti APMC,2.5,Metric Tonnes,Tomato,3300.0,3700.0,3500.0,Rs./Quintal,FAQ
Bhanjanagar APMC,1.32,Metric Tonnes,Tomato,2800.0,3000.0,2900.0,Rs./Quintal,Medium
Bhawanipatna APMC,1.75,Metric Tonnes,Tomato,3300.0,3300.0,3300.0,Rs./Quintal,Local
Birmaharajpur APMC,2.2,Metric Tonnes,Local,2500.0,2650.0,2600.0,Rs./Quintal,Local
Bolangir APMC,3.2,Metric Tonnes,Other,2500.0,3000.0,2700.0,Rs./Quintal,Medium
Bonai APMC,1.5,Metric Tonnes,Other,1650.0,1860.0,1748.0,Rs./Quintal,FAQ
Boudh APMC,1.0,Metric Tonnes,Other,3000.0,4000.0,3500.0,Rs./Quintal,Local
Champua APMC,1.1,Metric Tonnes,Other,3500.0,3500.0,3500.0,Rs./Quintal,Local
Champua(Jhumpura) APMC,0.8,Metric Tonnes,Other,3500.0,3500.0,3500.0,Rs./Quintal,Local
Deogarh APMC,10.0,Metric Tonnes,Other,3200.0,3600.0,3400.0,Rs./Quintal,FAQ
Dhenkanal APMC,0.2,Metric Tonnes,Tomato,3400.0,3800.0,3500.0,Rs./Quintal,Grade B
Digapahandi APMC,0.45999999999999996,Metric Tonnes,Other,1800.0,2000.0,1900.0,Rs./Quintal,FAQ
Dungurapalli APMC,0.37000000000000005,Metric Tonnes,Hybrid,2200.0,2350.0,2300.0,Rs./Quintal,Local
Godbhaga APMC,1.4800000000000002,Metric Tonnes,Other,1650.0,1950.0,1800.0,Rs./Quintal,Local
Gopa APMC,0.15,Metric Tonnes,Tomato,3000.0,3000.0,3000.0,Rs./Quintal,Grade B
Gunpur APMC,5.0,Metric Tonnes,Other,1720.0,2350.0,1780.0,Rs./Quintal,Grade Range-2
Hindol APMC,0.6000000000000001,Metric Tonnes,Tomato,3000.0,3500.0,3200.0,Rs./Quintal,Grade B
Jharsuguda APMC,15.0,Metric Tonnes,Other,3200.0,4000.0,3500.0,Rs./Quintal,Grade A
Junagarh APMC,2.3000000000000003,Metric Tonnes,Other,2600.0,3200.0,2900.0,Rs./Quintal,Grade B
Kalahandi(Dharamagarh) APMC,2.0,Metric Tonnes,Other,2500.0,3100.0,2800.0,Rs./Quintal,Grade B
Kamakhyanagar APMC,0.4,Metric Tonnes,Tomato,4000.0,4000.0,4000.0,Rs./Quintal,Grade A
Kantabaji APMC,1.85,Metric Tonnes,Other,2000.0,2800.0,2400.0,Rs./Quintal,Grade B
Karanjia APMC,0.1,Metric Tonnes,Local,3000.0,3500.0,3200.0,Rs./Quintal,Local
Kendrapara APMC,0.175,Metric Tonnes,Tomato,4000.0,4000.0,4000.0,Rs./Quintal,Grade B
Kendrapara(Marshaghai) APMC,0.15,Metric Tonnes,Tomato,3000.0,3000.0,3000.0,Rs./Quintal,Grade B
Keonjhar APMC,0.4,Metric Tonnes,Other,4500.0,5000.0,5000.0,Rs./Quintal,Non-FAQ
Kesinga APMC,0.42500000000000004,Metric Tonnes,Local,2500.0,3200.0,3000.0,Rs./Quintal,Grade B
Khariar Road APMC,1.0,Metric Tonnes,Tomato,3000.0,3000.0,3000.0,Rs./Quintal,Grade A
Khunthabandha APMC,1.0,Metric Tonnes,Tomato,2500.0,3500.0,3000.0,Rs./Quintal,Local
Koraput APMC,4.0,Metric Tonnes,Local,2500.0,3500.0,3000.0,Rs./Quintal,Grade B
Koraput(Semilguda) APMC,5.0,Metric Tonnes,Local,2800.0,3500.0,3000.0,Rs./Quintal,Grade B
Mukhiguda APMC,2.2,Metric Tonnes,Tomato,2400.0,3400.0,2900.0,Rs./Quintal,Grade B
Nimapara APMC,0.3,Metric Tonnes,Tomato,3500.0,3500.0,3500.0,Rs./Quintal,Grade A
Padampur APMC,3.0,Metric Tonnes,Tomato,2300.0,2600.0,2400.0,Rs./Quintal,Local
Pandkital APMC,0.35000000000000003,Metric Tonnes,Other,2500.0,2760.0,2650.0,Rs./Quintal,Local
Panposh APMC,1.0,Metric Tonnes,Hybrid,3000.0,4000.0,3500.0,Rs./Quintal,FAQ
Pattamundai APMC,0.28,Metric Tonnes,Tomato,4000.0,4000.0,4000.0,Rs./Quintal,Grade B
Rairakhol APMC,0.9,Metric Tonnes,Hybrid,3000.0,3800.0,3500.0,Rs./Quintal,Medium
Rayagada APMC,15.0,Metric Tonnes,Other,2900.0,3000.0,3000.0,Rs./Quintal,Local
Sarankul APMC,1.0,Metric Tonnes,Other,2400.0,2600.0,2500.0,Rs./Quintal,Grade Range-2
Saraskana APMC,0.04,Metric Tonnes,Tomato,3500.0,4000.0,3800.0,Rs./Quintal,Medium
Sargipali APMC,0.6000000000000001,Metric Tonnes,Other,2500.0,3000.0,2800.0,Rs./Quintal,FAQ
Sohela APMC,3.2,Metric Tonnes,Tomato,2300.0,2600.0,2500.0,Rs./Quintal,Local
Talcher APMC,2.5,Metric Tonnes,Other,3000.0,3700.0,3500.0,Rs./Quintal,Grade C
Tusura APMC,2.8000000000000003,Metric Tonnes,Other,2500.0,3000.0,2700.0,Rs./Quintal,Medium
Udala APMC,5.0,Metric Tonnes,Other,3200.0,3600.0,3400.0,Rs./Quintal,FAQ
Total,302.99,Metric Tonnes,,,,3336.47,Rs./Quintal,
State/UT Name : Punjab
Adampur APMC,2.4000000000000004,Metric Tonnes,Tomato,2000.0,2500.0,2500.0,Rs./Quintal,FAQ
Ahmedgarh APMC,0.1,Metric Tonnes,Local,3300.0,3500.0,3500.0,Rs./Quintal,Medium
Baghapurana APMC,0.2,Metric Tonnes,Tomato,3000.0,4000.0,3500.0,Rs./Quintal,Grade B
Balachaur APMC,2.181,Metric Tonnes,Other,2000.0,3000.0,2500.0,Rs./Quintal,Medium
Banur APMC,0.3,Metric Tonnes,Other,1800.0,1800.0,1800.0,Rs./Quintal,Grade B
Bassi Pathana APMC,0.5,Metric Tonnes,Tomato,2000.0,2200.0,2100.0,Rs./Quintal,Medium
Batala APMC,1.0,Metric Tonnes,Other,2800.0,3200.0,3000.0,Rs./Quintal,Grade C
Bathinda APMC,75.0,Metric Tonnes,Other,2000.0,2500.0,2200.0,Rs./Quintal,Grade B
Bhagta Bhai Ka APMC,0.4,Metric Tonnes,Other,3000.0,3000.0,3000.0,Rs./Quintal,Medium
Bhawanigarh APMC,0.2,Metric Tonnes,Other,2500.0,2700.0,2600.0,Rs./Quintal,Medium
Budalada APMC,0.75,Metric Tonnes,Tomato,2300.0,2300.0,2300.0,Rs./Quintal,Medium
Dasuya APMC,0.5,Metric Tonnes,Tomato,4000.0,4000.0,4000.0,Rs./Quintal,Grade A
Dera Baba Nanak APMC,0.113,Metric Tonnes,Tomato,1862.0,1862.0,1862.0,Rs./Quintal,Grade A
Dera Bassi APMC,0.2,Metric Tonnes,Other,2600.0,2600.0,2600.0,Rs./Quintal,Local
Dhuri APMC,0.2,Metric Tonnes,Other,2400.0,2500.0,2450.0,Rs./Quintal,Medium
Dinanagar APMC,2.5,Metric Tonnes,Tomato,2500.0,3000.0,2800.0,Rs./Quintal,Medium
Doraha APMC,0.861,Metric Tonnes,Deshi,1800.0,2500.0,2250.0,Rs./Quintal,Local
Dudhansadhan APMC,0.2,Metric Tonnes,Other,3000.0,3000.0,3000.0,Rs./Quintal,Grade B
F.G.Churian APMC,0.1,Metric Tonnes,Tomato,2200.0,2200.0,2200.0,Rs./Quintal,Grade A
Fazilka APMC,3.239,Metric Tonnes,Tomato,2500.0,2500.0,2500.0,Rs./Quintal,FAQ
Garh Shankar APMC,1.4,Metric Tonnes,Other,2400.0,2400.0,2400.0,Rs./Quintal,FAQ
Garh Shankar(Mahalpur) APMC,0.7,Metric Tonnes,Tomato,2800.0,2800.0,2800.0,Rs./Quintal,FAQ
GarhShankar (Kotfatuhi) APMC,0.2,Metric Tonnes,Other,2200.0,2200.0,2200.0,Rs./Quintal,FAQ
Ghanaur APMC,0.2,Metric Tonnes,Other,1700.0,1900.0,1800.0,Rs./Quintal,FAQ
Gurdaspur APMC,2.6,Metric Tonnes,Other,2200.0,2200.0,2200.0,Rs./Quintal,Grade A
Jagraon APMC,0.8,Metric Tonnes,Other,1700.0,1700.0,1700.0,Rs./Quintal,FAQ
Jalalabad APMC,1.35,Metric Tonnes,Tomato,3000.0,3200.0,3100.0,Rs./Quintal,Medium
Jalandhar City(Jalandhar) APMC,47.800000000000004,Metric Tonnes,Tomato,600.0,1800.0,1200.0,Rs./Quintal,FAQ
Khamano APMC,0.1,Metric Tonnes,Tomato,3700.0,3700.0,3700.0,Rs./Quintal,FAQ
Khanna APMC,22.3,Metric Tonnes,Tomato,2500.0,2500.0,2500.0,Rs./Quintal,Grade A
Kharar APMC,4.0,Metric Tonnes,Tomato,2000.0,4000.0,3000.0,Rs./Quintal,Non-FAQ
Kurali APMC,1.1,Metric Tonnes,Other,3000.0,3150.0,3100.0,Rs./Quintal,Medium
Lalru APMC,1.8,Metric Tonnes,Deshi,2500.0,2500.0,2500.0,Rs./Quintal,Local
Lehra Gaga APMC,0.5,Metric Tonnes,Other,2000.0,2000.0,2000.0,Rs./Quintal,Grade A
Ludhiana APMC,60.6,Metric Tonnes,Other,800.0,2000.0,1700.0,Rs./Quintal,FAQ
Machhiwara APMC,1.1580000000000001,Metric Tonnes,Other,2000.0,2600.0,2200.0,Rs./Quintal,FAQ
Malerkotla APMC,5.5,Metric Tonnes,Other,1200.0,2800.0,2200.0,Rs./Quintal,Local
Malout APMC,1.504,Metric Tonnes,Tomato,2500.0,2500.0,2500.0,Rs./Quintal,Grade A
Mansa APMC,1.5,Metric Tonnes,Tomato,3900.0,4000.0,3953.33,Rs./Quintal,FAQ
Maur APMC,0.4,Metric Tonnes,Other,2600.0,3000.0,2800.0,Rs./Quintal,Grade B
Mukerian APMC,2.9600000000000004,Metric Tonnes,Tomato,1500.0,2500.0,2000.0,Rs./Quintal,Grade B
Mukerian(Talwara) APMC,0.4,Metric Tonnes,Tomato,3000.0,4000.0,3500.0,Rs./Quintal,FAQ
Muktsar APMC,0.8,Metric Tonnes,Tomato,1400.0,2000.0,1700.0,Rs./Quintal,Medium
Nabha APMC,5.0,Metric Tonnes,Other,1800.0,2700.0,2200.0,Rs./Quintal,Grade C
Nihal Singh Wala APMC,0.15,Metric Tonnes,Other,2800.0,2800.0,2800.0,Rs./Quintal,FAQ
Patiala APMC,23.0,Metric Tonnes,Tomato,2500.0,3000.0,2700.0,Rs./Quintal,Grade A
Patran APMC,20.0,Metric Tonnes,Other,3580.0,3580.0,3580.0,Rs./Quintal,Grade A
Patti APMC,0.1,Metric Tonnes,Other,0.06,0.06,0.06,Rs./Quintal,Local
Phagwara APMC,11.8,Metric Tonnes,Other,2128.0,2301.0,2172.0,Rs./Quintal,FAQ
Quadian APMC,0.2,Metric Tonnes,Other,2800.0,3000.0,2900.0,Rs./Quintal,Grade A
Raikot APMC,0.9,Metric Tonnes,Other,2920.0,2920.0,2920.0,Rs./Quintal,Grade A
Rajpura APMC,2.5,Metric Tonnes,Local,2000.0,2150.0,2100.0,Rs./Quintal,Grade A
Raman APMC,0.5,Metric Tonnes,Other,2600.0,2715.0,2655.0,Rs./Quintal,Medium
Rampuraphul(Nabha Mandi) APMC,1.5,Metric Tonnes,Other,1500.0,2500.0,2000.0,Rs./Quintal,Grade A
Rayya APMC,0.03,Metric Tonnes,Other,715.0,715.0,715.0,Rs./Quintal,FAQ
Ropar APMC,5.0,Metric Tonnes,Other,2800.0,3200.0,3000.0,Rs./Quintal,Non-FAQ
Sahnewal APMC,0.2,Metric Tonnes,Tomato,3750.0,3750.0,3750.0,Rs./Quintal,FAQ
Samana APMC,70.0,Metric Tonnes,Other,1800.0,2700.0,2000.0,Rs./Quintal,Grade Range-2
Samrala APMC,0.8,Metric Tonnes,Other,2500.0,3300.0,3000.0,Rs./Quintal,Local
Sirhind APMC,2.4000000000000004,Metric Tonnes,Other,2000.0,3000.0,2500.0,Rs./Quintal,FAQ
Talwandi Sabo APMC,0.4,Metric Tonnes,Other,1800.0,2300.0,2000.0,Rs./Quintal,Grade A
Tanda Urmur APMC,1.2000000000000002,Metric Tonnes,Tomato,2500.0,3000.0,2800.0,Rs./Quintal,Grade A
Tarantaran APMC,0.14,Metric Tonnes,Other,2800.0,2800.0,2800.0,Rs./Quintal,Local
Zira APMC,0.00096,Metric Tonnes,Other,3000.0,3000.0,3000.0,Rs./Quintal,Local
Total,396.44,Metric Tonnes,,,,2138.57,Rs./Quintal,
State/UT Name : Rajasthan
Abu Road APMC,7.987000000000001,Metric Tonnes,Other,775.0,825.0,800.0,Rs./Quintal,Local
Alwar APMC,35.1,Metric Tonnes,Other,1800.0,2300.0,2100.0,Rs./Quintal,Medium
Baran APMC,1.4000000000000001,Metric Tonnes,Other,1200.0,1700.0,1400.0,Rs./Quintal,Local
Bassi APMC,0.4,Metric Tonnes,Other,4600.0,4800.0,4700.0,Rs./Quintal,Local
Bayana APMC,1.3,Metric Tonnes,Other,2500.0,2500.0,2500.0,Rs./Quintal,Local
Bhadara APMC,1.1,Metric Tonnes,Deshi,2500.0,3000.0,2636.0,Rs./Quintal,FAQ
Bhilwara APMC,18.0,Metric Tonnes,Other,2000.0,3000.0,2500.0,Rs./Quintal,FAQ
Bhinmal APMC,1.1,Metric Tonnes,Other,2450.0,2500.0,2475.0,Rs./Quintal,Non-FAQ
Churu APMC,2.5,Metric Tonnes,Hybrid,2000.0,2400.0,2200.0,Rs./Quintal,FAQ
Dablirathan APMC,0.1,Metric Tonnes,Deshi,2800.0,2800.0,2800.0,Rs./Quintal,Local
Goluwala APMC,0.10200000000000001,Metric Tonnes,Deshi,2500.0,2500.0,2500.0,Rs./Quintal,Non-FAQ
Jalore APMC,5.2,Metric Tonnes,Tomato,1800.0,2200.0,2000.0,Rs./Quintal,Local
Jhunjhunu APMC,1.6,Metric Tonnes,Deshi,1000.0,2000.0,1500.0,Rs./Quintal,FAQ
Jodhpur (F&V) APMC,120.7,Metric Tonnes,Other,1000.0,3500.0,2500.0,Rs./Quintal,Medium
Kota (F&V) APMC,95.8,Metric Tonnes,Other,2000.0,2000.0,2000.0,Rs./Quintal,Medium
Rajsamand APMC,1.6,Metric Tonnes,Tomato,2000.0,3000.0,2500.0,Rs./Quintal,FAQ
Rawatsar APMC,0.7000000000000001,Metric Tonnes,Deshi,1000.0,2300.0,1700.0,Rs./Quintal,FAQ
Sikar APMC,20.6,Metric Tonnes,Deshi,1400.0,1800.0,1600.0,Rs./Quintal,FAQ
Sriganganagar (F&V) APMC,23.0,Metric Tonnes,Tomato,2500.0,2900.0,2700.0,Rs./Quintal,Grade A
Sujangarh APMC,0.4,Metric Tonnes,Other,1600.0,1800.0,1700.0,Rs./Quintal,Local
Udaipur (F&V) APMC,66.4,Metric Tonnes,Other,1000.0,2500.0,1750.0,Rs./Quintal,Medium
Total,405.09,Metric Tonnes,,,,2140.58,Rs./Quintal,
State/UT Name : Tamil Nadu
AJattihalli(Uzhavar Sandhai ),2.82,Metric Tonnes,Deshi,2000.0,2600.0,2300.0,Rs./Quintal,Local
Alangudi(Uzhavar Sandhai ),0.55,Metric Tonnes,Other,2500.0,3000.0,2750.0,Rs./Quintal,Local
Ambasamudram(Uzhavar Sandhai ),0.04,Metric Tonnes,Local,2400.0,2800.0,2600.0,Rs./Quintal,Local
Ambattur(Uzhavar Sandhai ),0.06,Metric Tonnes,Deshi,3000.0,3000.0,3000.0,Rs./Quintal,Local
Ammapet(Uzhavar Sandhai ),2.18,Metric Tonnes,Local,2000.0,2500.0,2250.0,Rs./Quintal,Local
Anaiyur(Uzhavar Sandhai ),0.76,Metric Tonnes,Deshi,2400.0,2600.0,2500.0,Rs./Quintal,Local
Andipatti(Uzhavar Sandhai ),0.9,Metric Tonnes,Other,2300.0,2500.0,2400.0,Rs./Quintal,Local
Anna nagar(Uzhavar Sandhai ),1.79,Metric Tonnes,Other,2800.0,2800.0,2800.0,Rs./Quintal,Local
Arani(Uzhavar Sandhai ),1.15,Metric Tonnes,Deshi,2000.0,2500.0,2250.0,Rs./Quintal,Local
Aranthangi(Uzhavar Sandhai ),0.62,Metric Tonnes,Other,3000.0,3500.0,3250.0,Rs./Quintal,Local
Arcot(Uzhavar Sandhai ),0.78,Metric Tonnes,Deshi,2400.0,2400.0,2400.0,Rs./Quintal,Local
Ariyalur(Uzhavar Sandhai),0.13,Metric Tonnes,Deshi,3000.0,3500.0,3250.0,Rs./Quintal,Local
Aruppukottai(Uzhavar Sandhai ),0.64,Metric Tonnes,Deshi,2500.0,3000.0,2750.0,Rs./Quintal,Local
Athur(Uzhavar Sandhai ),3.36,Metric Tonnes,Local,2500.0,3000.0,2750.0,Rs./Quintal,Local
Attayampatti(Uzhavar Sandhai ),0.45,Metric Tonnes,Deshi,2500.0,3000.0,2750.0,Rs./Quintal,Local
Avallapalli(Uzhavar Sandhai ),1.34,Metric Tonnes,Deshi,2000.0,2500.0,2250.0,Rs./Quintal,Local
Bodinayakanur(Uzhavar Sandhai ),0.34,Metric Tonnes,Deshi,2500.0,2500.0,2500.0,Rs./Quintal,Local
Chengalpet(Uzhavar Sandhai ),0.7,Metric Tonnes,Deshi,3000.0,3500.0,3250.0,Rs./Quintal,Local
Chengam(Uzhavar Sandhai ),0.52,Metric Tonnes,Deshi,2000.0,2500.0,2250.0,Rs./Quintal,Local
Cheyyar(Uzhavar Sandhai ),0.3,Metric Tonnes,Local,2000.0,2500.0,2250.0,Rs./Quintal,Local
Chidambaram(Uzhavar Sandhai ),0.02,Metric Tonnes,Local,3000.0,3000.0,3000.0,Rs./Quintal,Local
Chinnalapatti(Uzhavar Sandhai ),0.7,Metric Tonnes,Deshi,2000.0,2500.0,2250.0,Rs./Quintal,Local
Chinnamanur(Uzhavar Sandhai ),1.35,Metric Tonnes,Local,2500.0,2500.0,2500.0,Rs./Quintal,Local
Chokkikulam(Uzhavar Sandhai ),1.85,Metric Tonnes,Deshi,2400.0,2600.0,2500.0,Rs./Quintal,Local
Coonoor(Uzhavar Sandhai ),1.55,Metric Tonnes,Local,2600.0,3000.0,2800.0,Rs./Quintal,Local
Cuddalore(Uzhavar Sandhai ),0.45,Metric Tonnes,Deshi,2800.0,2800.0,2800.0,Rs./Quintal,Local
Denkanikottai(Uzhavar Sandhai ),2.28,Metric Tonnes,Deshi,2000.0,2500.0,2250.0,Rs./Quintal,Local
Devakottai (Uzhavar Sandhai ),0.23,Metric Tonnes,Deshi,2600.0,3000.0,2800.0,Rs./Quintal,Local
Devaram(Uzhavar Sandhai ),0.31,Metric Tonnes,Deshi,2400.0,2400.0,2400.0,Rs./Quintal,Local
Dharapuram(Uzhavar Sandhai ),4.0,Metric Tonnes,Local,1500.0,2000.0,1750.0,Rs./Quintal,Local
Dharmapuri(Uzhavar Sandhai ),12.17,Metric Tonnes,Local,2400.0,2600.0,2500.0,Rs./Quintal,Local
Dindigul(Uzhavar Sandhai ),2.3,Metric Tonnes,Other,2000.0,2500.0,2250.0,Rs./Quintal,Local
Edapadi (Uzhavar Sandhai ),1.8,Metric Tonnes,Other,2400.0,2800.0,2600.0,Rs./Quintal,Local
Elampillai(Uzhavar Sandhai ),1.85,Metric Tonnes,Other,2400.0,2800.0,2600.0,Rs./Quintal,Local
Gandarvakottai(Uzhavar Sandhai ),0.46,Metric Tonnes,Other,3000.0,3400.0,3200.0,Rs./Quintal,Local
Gandhigramam(Uzhavar Sandhai),0.36,Metric Tonnes,Other,2800.0,3000.0,2900.0,Rs./Quintal,Local
Gingee(Uzhavar Sandhai ),0.2,Metric Tonnes,Deshi,2000.0,2000.0,2000.0,Rs./Quintal,Local
Gobichettipalayam(Uzhavar Sandhai ),0.77,Metric Tonnes,Deshi,2000.0,2500.0,2250.0,Rs./Quintal,Local
Gudalur(Uzhavar Sandhai ),0.03,Metric Tonnes,Deshi,2500.0,3000.0,2750.0,Rs./Quintal,Local
Gudiyatham(Uzhavar Sandhai ),1.3,Metric Tonnes,Deshi,2400.0,2400.0,2400.0,Rs./Quintal,Local
Guduvancheri(Uzhavar Sandhai ),0.17,Metric Tonnes,Other,2500.0,3000.0,2750.0,Rs./Quintal,Local
Harur(Uzhavar Sandhai ),1.4,Metric Tonnes,Deshi,2000.0,2500.0,2250.0,Rs./Quintal,Local
Hasthampatti(Uzhavar Sandhai ),0.05,Metric Tonnes,Deshi,2000.0,2400.0,2200.0,Rs./Quintal,Local
Hosur(Uzhavar Sandhai ),9.85,Metric Tonnes,Deshi,2000.0,2500.0,2250.0,Rs./Quintal,Local
Jalagandapuram(Uzhavar Sandhai ),3.2,Metric Tonnes,Other,2000.0,2400.0,2200.0,Rs./Quintal,Local
Jameenrayapettai(Uzhavar Sandhai ),0.59,Metric Tonnes,Other,2500.0,3000.0,2750.0,Rs./Quintal,Local
Jeyankondam (Uzhavar Sandhai ),0.01,Metric Tonnes,Deshi,2600.0,3000.0,2800.0,Rs./Quintal,Local
KKNagar(Uzhavar Sandhai ),3.4,Metric Tonnes,Deshi,2800.0,2800.0,2800.0,Rs./Quintal,Local
Kahithapattarai(Uzhavar Sandhai ),1.05,Metric Tonnes,Deshi,2400.0,2400.0,2400.0,Rs./Quintal,Local
Kallakurichi(Uzhavar Sandhai ),1.12,Metric Tonnes,Deshi,3000.0,3000.0,3000.0,Rs./Quintal,Local
Kambam(Uzhavar Sandhai ),6.0,Metric Tonnes,Deshi,2400.0,2500.0,2450.0,Rs./Quintal,Local
Kamuthi(Uzhavar Sandhai ),0.02,Metric Tonnes,Deshi,2500.0,3000.0,2750.0,Rs./Quintal,Local
Kancheepuram(Uzhavar Sandhai ),0.6,Metric Tonnes,Local,2200.0,3000.0,2600.0,Rs./Quintal,Local
Kandiyaperi(Uzhavar Sandhai ),0.03,Metric Tonnes,Other,2600.0,2800.0,2700.0,Rs./Quintal,Local
Kangayam(Uzhavar Sandhai ),1.24,Metric Tonnes,Local,2000.0,2200.0,2100.0,Rs./Quintal,Local
Karaikudi(Uzhavar Sandhai ),0.48,Metric Tonnes,Local,2800.0,3000.0,2900.0,Rs./Quintal,Local
Karambakkudi(Uzhavar Sandhai ),0.55,Metric Tonnes,Other,3000.0,3500.0,3250.0,Rs./Quintal,Local
Karimangalam(Uzhavar Sandhai),0.6,Metric Tonnes,Local,2300.0,2500.0,2400.0,Rs./Quintal,Local
Kariyapatti(Uzhavar Sandhai ),0.26,Metric Tonnes,Deshi,2500.0,3000.0,2750.0,Rs./Quintal,Local
Karur(Uzhavar Sandhai ),1.05,Metric Tonnes,Deshi,2500.0,3000.0,2750.0,Rs./Quintal,Local
Katpadi (Uzhavar Sandhai ),1.2,Metric Tonnes,Deshi,3000.0,3000.0,3000.0,Rs./Quintal,Local
Kaveripattinam(Uzhavar Sandhai ),0.28,Metric Tonnes,Local,3000.0,3000.0,3000.0,Rs./Quintal,Local
Keelpennathur(Uzhavar Sandhai ),0.02,Metric Tonnes,Deshi,3000.0,3500.0,3250.0,Rs./Quintal,Local
Kodaikkanal(Uzhavar Sandhai),0.01,Metric Tonnes,Deshi,1600.0,2000.0,1800.0,Rs./Quintal,Local
Kovilpatti(Uzhavar Sandhai ),0.35,Metric Tonnes,Local,2500.0,3000.0,2750.0,Rs./Quintal,Local
Krishnagiri(Uzhavar Sandhai ),3.82,Metric Tonnes,Deshi,1600.0,2000.0,1800.0,Rs./Quintal,Local
Kulithalai(Uzhavar Sandhai ),1.75,Metric Tonnes,Deshi,2800.0,3000.0,2900.0,Rs./Quintal,Local
Kumarapalayam(Uzhavar Sandhai ),0.1,Metric Tonnes,Other,2400.0,3200.0,2800.0,Rs./Quintal,Local
Kumbakonam (Uzhavar Sandhai ),1.26,Metric Tonnes,Deshi,2800.0,3200.0,3000.0,Rs./Quintal,Local
Kundrathur(Uzhavar Sandhai ),0.4,Metric Tonnes,Other,2500.0,2500.0,2500.0,Rs./Quintal,Local
Kurichi(Uzhavar Sandhai ),0.17,Metric Tonnes,Local,2500.0,3000.0,2750.0,Rs./Quintal,Local
Lalgudi(Uzhavar Sandhai ),0.52,Metric Tonnes,Deshi,2800.0,2800.0,2800.0,Rs./Quintal,Local
Madhuranthagam(Uzhavar Sandhai ),0.09,Metric Tonnes,Deshi,3000.0,3000.0,3000.0,Rs./Quintal,Local
Manachanallur(Uzhavar Sandhai ),0.15,Metric Tonnes,Deshi,2800.0,2800.0,2800.0,Rs./Quintal,Local
Manapparai(Uzhavar Sandhai ),0.64,Metric Tonnes,Other,2600.0,2600.0,2600.0,Rs./Quintal,Local
Mannargudi I(Uzhavar Sandhai ),1.32,Metric Tonnes,Deshi,2600.0,2600.0,2600.0,Rs./Quintal,Local
Mannargudi II(Uzhavar Sandhai ),0.55,Metric Tonnes,Deshi,2600.0,2600.0,2600.0,Rs./Quintal,Local
Mayiladuthurai(Uzhavar Sandhai ),0.18,Metric Tonnes,Deshi,2500.0,3000.0,2750.0,Rs./Quintal,Local
Mecheri(Uzhavar Sandhai),0.24,Metric Tonnes,Deshi,2500.0,2800.0,2650.0,Rs./Quintal,Local
Medavakkam(Uzhavar Sandhai ),0.35,Metric Tonnes,Other,2000.0,2500.0,2250.0,Rs./Quintal,Local
Melapalayam(Uzhavar Sandhai ),0.85,Metric Tonnes,Other,2600.0,2800.0,2700.0,Rs./Quintal,Local
Melur(Uzhavar Sandhai ),0.41,Metric Tonnes,Deshi,2400.0,2600.0,2500.0,Rs./Quintal,Local
Mettupalayam(Uzhavar Sandhai ),2.78,Metric Tonnes,Deshi,2800.0,3200.0,3000.0,Rs./Quintal,Local
Mettur(Uzhavar Sandhai ),3.3,Metric Tonnes,Local,2000.0,2800.0,2400.0,Rs./Quintal,Local
Mohanur(Uzhavar Sandhai ),0.52,Metric Tonnes,Deshi,2000.0,3000.0,2500.0,Rs./Quintal,Local
Musiri(Uzhavar Sandhai ),1.83,Metric Tonnes,Deshi,2400.0,2800.0,2600.0,Rs./Quintal,Local
Muthupettai(Uzhavar Sandhai ),0.05,Metric Tonnes,Deshi,2600.0,2600.0,2600.0,Rs./Quintal,Local
Myladi(Uzhavar Sandhai ),0.04,Metric Tonnes,Deshi,3000.0,3500.0,3250.0,Rs./Quintal,Local
NGO Colony(Uzhavar Sandhai ),0.5,Metric Tonnes,Deshi,2600.0,2800.0,2700.0,Rs./Quintal,Local
Nagapattinam(Uzhavar Sandhai ),0.28,Metric Tonnes,Deshi,3500.0,3500.0,3500.0,Rs./Quintal,Local
Nanganallur(Uzhavar Sandhai ),0.13,Metric Tonnes,Deshi,3000.0,3500.0,3250.0,Rs./Quintal,Local
Naravarikuppam(Uzhavar Sandhai ),0.14,Metric Tonnes,Deshi,2500.0,2500.0,2500.0,Rs./Quintal,Local
Natrampalli(Uzhavar Sandhai ),6.15,Metric Tonnes,Deshi,2000.0,2500.0,2250.0,Rs./Quintal,Local
Needamangalam(Uzhavar Sandhai ),0.06,Metric Tonnes,Deshi,2400.0,2400.0,2400.0,Rs./Quintal,Local
Padappai(Uzhavar Sandhai ),0.75,Metric Tonnes,Local,2200.0,3000.0,2600.0,Rs./Quintal,Local
Palacode(Uzhavar Sandhai ),1.14,Metric Tonnes,Local,2400.0,2600.0,2500.0,Rs./Quintal,Local
Palanganatham(Uzhavar Sandhai ),1.45,Metric Tonnes,Deshi,2400.0,2600.0,2500.0,Rs./Quintal,Local
Palani(Uzhavar Sandhai ),2.63,Metric Tonnes,Deshi,1000.0,2000.0,1500.0,Rs./Quintal,Local
Palayamkottai(Uzhavar Sandhai ),3.1,Metric Tonnes,Deshi,2600.0,2800.0,2700.0,Rs./Quintal,Local
Palladam(Uzhavar Sandhai ),2.37,Metric Tonnes,Local,2000.0,2400.0,2200.0,Rs./Quintal,Local
Pallapatti (Uzhavar Sandhai ),1.02,Metric Tonnes,Other,2500.0,3000.0,2750.0,Rs./Quintal,Local
Pallavaram(Uzhavar Sandhai ),1.05,Metric Tonnes,Other,2500.0,3000.0,2750.0,Rs./Quintal,Local
Pallikonda(Uzhavar Sandhai),0.12,Metric Tonnes,Deshi,2200.0,2500.0,2350.0,Rs./Quintal,Local
Panruti(Uzhavar Sandhai ),0.06,Metric Tonnes,Deshi,2500.0,2500.0,2500.0,Rs./Quintal,Local
Papanasam(Uzhavar Sandhai ),0.18,Metric Tonnes,Deshi,2800.0,3200.0,3000.0,Rs./Quintal,Local
Paramakudi(Uzhavar Sandhai ),1.55,Metric Tonnes,Deshi,3000.0,3500.0,3250.0,Rs./Quintal,Local
Paramathivelur(Uzhavar Sandhai ),0.2,Metric Tonnes,Local,2800.0,3300.0,3050.0,Rs./Quintal,Local
Paruthipattu(Uzhavar Sandhai ),0.24,Metric Tonnes,Deshi,2500.0,2500.0,2500.0,Rs./Quintal,Local
Pattukottai(Uzhavar Sandhai ),0.99,Metric Tonnes,Deshi,3200.0,3200.0,3200.0,Rs./Quintal,Local
Pennagaram(Uzhavar Sandhai ),2.15,Metric Tonnes,Local,2800.0,3000.0,2900.0,Rs./Quintal,Local
Perambakkam(Uzhavar Sandhai ),0.02,Metric Tonnes,Deshi,2500.0,2500.0,2500.0,Rs./Quintal,Local
Perambalur(Uzhavar Sandhai ),1.32,Metric Tonnes,Deshi,3000.0,3600.0,3300.0,Rs./Quintal,Local
Perampet(Uzhavar Sandhai),0.1,Metric Tonnes,Deshi,1500.0,1800.0,1650.0,Rs./Quintal,Local
Peravurani(Uzhavar Sandhai),0.09,Metric Tonnes,Deshi,3200.0,3200.0,3200.0,Rs./Quintal,Local
Periyakulam(Uzhavar Sandhai ),0.62,Metric Tonnes,Local,2000.0,2500.0,2250.0,Rs./Quintal,Local
Periyar Nagar(Uzhavar Sandhai ),0.58,Metric Tonnes,Deshi,2000.0,2600.0,2300.0,Rs./Quintal,Local
Perundurai(Uzhavar Sandhai ),0.46,Metric Tonnes,Deshi,2200.0,2500.0,2350.0,Rs./Quintal,Local
Pollachi(Uzhavar Sandhai ),1.46,Metric Tonnes,Deshi,2000.0,2500.0,2250.0,Rs./Quintal,Local
Polur(Uzhavar Sandhai ),0.48,Metric Tonnes,Local,2000.0,2500.0,2250.0,Rs./Quintal,Local
Ponnamaravathi(Uzhavar Sandhai),0.23,Metric Tonnes,Deshi,2500.0,3000.0,2750.0,Rs./Quintal,Local
Pudukottai(Uzhavar Sandhai ),1.4,Metric Tonnes,Deshi,2500.0,3000.0,2750.0,Rs./Quintal,Local
RSPuram(Uzhavar Sandhai ),3.62,Metric Tonnes,Local,2500.0,2700.0,2600.0,Rs./Quintal,Local
Rajapalayam(Uzhavar Sandhai ),0.79,Metric Tonnes,Deshi,2500.0,3000.0,2750.0,Rs./Quintal,Local
Ramanathapuram(Uzhavar Sandhai ),0.25,Metric Tonnes,Local,3000.0,3500.0,3250.0,Rs./Quintal,Local
Ranipettai(Uzhavar Sandhai ),0.98,Metric Tonnes,Other,2500.0,2500.0,2500.0,Rs./Quintal,Local
Rasipuram(Uzhavar Sandhai ),2.28,Metric Tonnes,Other,3200.0,3400.0,3300.0,Rs./Quintal,Local
Sampath Nagar(Uzhavar Sandhai ),1.96,Metric Tonnes,Other,2200.0,2600.0,2400.0,Rs./Quintal,Local
Sankarankoil(Uzhavar Sandhai ),0.74,Metric Tonnes,Deshi,2500.0,2500.0,2500.0,Rs./Quintal,Local
Sankarapuram(Uzhavar Sandhai ),0.18,Metric Tonnes,Deshi,2500.0,2500.0,2500.0,Rs./Quintal,Local
Sathiyamagalam(Uzhavar Sandhai ),0.86,Metric Tonnes,Local,2000.0,2600.0,2300.0,Rs./Quintal,Local
Sathur(Uzhavar Sandhai ),0.06,Metric Tonnes,Deshi,2500.0,3000.0,2750.0,Rs./Quintal,Local
Singampunari(Uzhavar Sandhai ),0.32,Metric Tonnes,Other,2600.0,2800.0,2700.0,Rs./Quintal,Local
Singanallur(Uzhavar Sandhai ),9.65,Metric Tonnes,Deshi,2500.0,3000.0,2750.0,Rs./Quintal,Local
Sirkali(Uzhavar Sandhai ),0.38,Metric Tonnes,Deshi,2500.0,3000.0,2750.0,Rs./Quintal,Local
Sivagangai (Uzhavar Sandhai ),1.18,Metric Tonnes,Deshi,2600.0,2800.0,2700.0,Rs./Quintal,Local
Sivakasi(Uzhavar Sandhai ),0.06,Metric Tonnes,Deshi,2500.0,3000.0,2750.0,Rs./Quintal,Local
Sooramangalam(Uzhavar Sandhai ),6.78,Metric Tonnes,Local,2600.0,2800.0,2700.0,Rs./Quintal,Local
Srivilliputhur(Uzhavar Sandhai ),0.18,Metric Tonnes,Deshi,2000.0,2500.0,2250.0,Rs./Quintal,Local
Sulur(Uzhavar Sandhai ),0.87,Metric Tonnes,Deshi,2500.0,3000.0,2750.0,Rs./Quintal,Local
Sundarapuram(Uzhavar Sandhai ),1.9,Metric Tonnes,Local,2500.0,2800.0,2650.0,Rs./Quintal,Local
Sunguvarchatram(Uzhavar Sandhai ),0.45,Metric Tonnes,Other,2500.0,2500.0,2500.0,Rs./Quintal,Local
Tamarainagar(Uzhavar Sandhai ),0.69,Metric Tonnes,Deshi,2000.0,2500.0,2250.0,Rs./Quintal,Local
Tenkasi(Uzhavar Sandhai ),0.42,Metric Tonnes,Local,1500.0,2000.0,1750.0,Rs./Quintal,Local
Thalavadi(Uzhavar Sandhai ),0.5,Metric Tonnes,Other,2200.0,2500.0,2350.0,Rs./Quintal,Local
Thalavaipuram(Uzhavar Sandhai ),0.13,Metric Tonnes,Deshi,2500.0,3000.0,2750.0,Rs./Quintal,Local
Thammampatti (Uzhavar Sandhai ),1.32,Metric Tonnes,Deshi,2000.0,2800.0,2400.0,Rs./Quintal,Local
Thanjavur(Uzhavar Sandhai ),1.23,Metric Tonnes,Deshi,2800.0,2800.0,2800.0,Rs./Quintal,Local
Thathakapatti(Uzhavar Sandhai ),4.2,Metric Tonnes,Deshi,2400.0,2800.0,2600.0,Rs./Quintal,Local
Theni(Uzhavar Sandhai ),5.07,Metric Tonnes,Other,2000.0,2500.0,2250.0,Rs./Quintal,Local
Thirukalukundram(Uzhavar Sandhai ),0.14,Metric Tonnes,Deshi,2500.0,3000.0,2750.0,Rs./Quintal,Local
Thirumangalam(Uzhavar Sandhai ),1.1,Metric Tonnes,Deshi,2000.0,2600.0,2300.0,Rs./Quintal,Local
Thirupathur APMC,5.5,Metric Tonnes,Deshi,3500.0,3500.0,3500.0,Rs./Quintal,Local
Thiruverumbur(Uzhavar Sandhai ),0.9,Metric Tonnes,Deshi,2800.0,2800.0,2800.0,Rs./Quintal,Local
Thuraiyur APMC,0.88,Metric Tonnes,Local,3000.0,3000.0,3000.0,Rs./Quintal,Local
Tindivanam APMC,0.85,Metric Tonnes,Deshi,2000.0,2000.0,2000.0,Rs./Quintal,Local
Tiruchengode APMC,0.03,Metric Tonnes,Deshi,2600.0,3000.0,2800.0,Rs./Quintal,Local
Tirukattupalli(Uzhavar Sandhai ),0.26,Metric Tonnes,Deshi,2800.0,2800.0,2800.0,Rs./Quintal,Local
Tirupatthur(Uzhavar Sandhai ),0.42,Metric Tonnes,Other,2800.0,3000.0,2900.0,Rs./Quintal,Local
Tiruppur (North) (Uzhavar Sandhai ),1.15,Metric Tonnes,Local,2200.0,2500.0,2350.0,Rs./Quintal,Local
Tiruppur (South) (Uzhavar Sandhai ),17.68,Metric Tonnes,Local,1500.0,2000.0,1750.0,Rs./Quintal,Local
Tiruthani(Uzhavar Sandhai ),0.3,Metric Tonnes,Deshi,3000.0,3000.0,3000.0,Rs./Quintal,Local
Tiruvallur(Uzhavar Sandhai ),0.21,Metric Tonnes,Deshi,3000.0,3000.0,3000.0,Rs./Quintal,Local
Tiruvannamalai(Uzhavar Sandhai ),1.2,Metric Tonnes,Deshi,2000.0,2500.0,2250.0,Rs./Quintal,Local
Tiruvarur(Uzhavar Sandhai ),0.21,Metric Tonnes,Deshi,2600.0,2600.0,2600.0,Rs./Quintal,Local
Tuticorin(Uzhavar Sandhai ),1.13,Metric Tonnes,Local,2500.0,3000.0,2750.0,Rs./Quintal,Local
Udhagamandalam(Uzhavar Sandhai ),2.38,Metric Tonnes,Deshi,2500.0,2800.0,2650.0,Rs./Quintal,Local
Udumalpet APMC,0.92,Metric Tonnes,Deshi,1800.0,2400.0,2100.0,Rs./Quintal,Local
Ulundurpettai APMC,0.36,Metric Tonnes,Deshi,2500.0,2500.0,2500.0,Rs./Quintal,Local
Usilampatti(Uzhavar Sandhai ),0.87,Metric Tonnes,Deshi,2400.0,2600.0,2500.0,Rs./Quintal,Local
Vadalur(Uzhavar Sandhai ),0.17,Metric Tonnes,Local,2500.0,2500.0,2500.0,Rs./Quintal,Local
Vadaseri APMC,0.34,Metric Tonnes,Deshi,3500.0,4000.0,3750.0,Rs./Quintal,Local
Vadavalli(Uzhavar Sandhai ),1.49,Metric Tonnes,Local,2500.0,2800.0,2650.0,Rs./Quintal,Local
Valangaiman APMC,0.05,Metric Tonnes,Deshi,2600.0,3000.0,2800.0,Rs./Quintal,Local
Vandavasi(Uzhavar Sandhai ),0.04,Metric Tonnes,Other,2000.0,2500.0,2250.0,Rs./Quintal,Local
Vaniyampadi(Uzhavar Sandhai ),10.1,Metric Tonnes,Deshi,3000.0,3000.0,3000.0,Rs./Quintal,Local
Vazhapadi(Uzhavar Sandhai),0.84,Metric Tonnes,Deshi,2400.0,2800.0,2600.0,Rs./Quintal,Local
Vedaranyam(Uzhavar Sandhai),0.08,Metric Tonnes,Deshi,3000.0,3500.0,3250.0,Rs./Quintal,Local
Vedasanthur(Uzhavar Sandhai ),0.01,Metric Tonnes,Deshi,1500.0,2000.0,1750.0,Rs./Quintal,Local
Velayuthampalayam(Uzhavar Sandhai ),0.29,Metric Tonnes,Other,2400.0,3000.0,2700.0,Rs./Quintal,Local
Vellore APMC,3.5,Metric Tonnes,Deshi,2400.0,2600.0,2500.0,Rs./Quintal,Local
Vengamedu(Uzhavar Sandhai ),0.08,Metric Tonnes,Deshi,2500.0,3000.0,2750.0,Rs./Quintal,Local
Villupuram(Uzhavar Sandhai ),0.52,Metric Tonnes,Deshi,2000.0,2500.0,2250.0,Rs./Quintal,Local
Viralimalai(Uzhavar Sandhai ),0.32,Metric Tonnes,Deshi,2500.0,3000.0,2750.0,Rs./Quintal,Local
Virudhunagar(Uzhavar Sandhai ),0.13,Metric Tonnes,Deshi,2500.0,3000.0,2750.0,Rs./Quintal,Local
Viruthachalam(Uzhavar Sandhai ),0.16,Metric Tonnes,Deshi,3000.0,3000.0,3000.0,Rs./Quintal,Local
Total,242.94,Metric Tonnes,,,,2507.25,Rs./Quintal,
State/UT Name : Telangana
APMC PATANCHERU,57.0,Metric Tonnes,Tomato,800.0,1200.0,1000.0,Rs./Quintal,Local
Adilabad (Rythu Bazar) ,3.85,Metric Tonnes,Local,2500.0,2500.0,2500.0,Rs./Quintal,Local
"Alwal,RBZ",4.0,Metric Tonnes,Other,1500.0,1500.0,1500.0,Rs./Quintal,FAQ
Bowenpally APMC,531.3000000000001,Metric Tonnes,Deshi,400.0,1200.0,1000.0,Rs./Quintal,FAQ
Chevella APMC,8.5,Metric Tonnes,Local,1000.0,1000.0,1000.0,Rs./Quintal,Local
"Excise Colony,RBZ ",1.025,Metric Tonnes,Other,2400.0,2400.0,2400.0,Rs./Quintal,Grade A
Gudimalkapur APMC,364.6,Metric Tonnes,Tomato,600.0,1600.0,900.0,Rs./Quintal,Grade B
Ibrahimpatnam APMC,4.0,Metric Tonnes,Local,800.0,800.0,800.0,Rs./Quintal,Local
Karimnagar APMC,1.92,Metric Tonnes,Hybrid,1500.0,2000.0,1750.0,Rs./Quintal,Medium
"Kukatpally,RBZ",13.8,Metric Tonnes,Deshi,1500.0,1500.0,1500.0,Rs./Quintal,Local
L B Nagar APMC,88.0,Metric Tonnes,Tomato,600.0,1400.0,800.0,Rs./Quintal,Medium
Mahabubnagar(Rythu Bazar),3.26,Metric Tonnes,Deshi,2000.0,2000.0,2000.0,Rs./Quintal,Local
Mahboob Manison APMC,33.2,Metric Tonnes,Tomato,800.0,1600.0,1200.0,Rs./Quintal,Medium
Miryalguda(Rythu Bazar) ,1.6,Metric Tonnes,Deshi,2500.0,2500.0,2500.0,Rs./Quintal,Grade A
"Pavilion Ground,Khammam,RBZ",0.254,Metric Tonnes,Deshi,3000.0,3000.0,3000.0,Rs./Quintal,FAQ
RYTHU BAZAR FALAKNUMA,7.4,Metric Tonnes,Tomato,1500.0,1500.0,1500.0,Rs./Quintal,Local
RYTHU BAZAR MEHDIPATNAM,9.6,Metric Tonnes,Deshi,1500.0,1500.0,1500.0,Rs./Quintal,Grade A
Sangareddy APMC,4.3,Metric Tonnes,Other,1200.0,1200.0,1200.0,Rs./Quintal,Grade B
"Saroornagar,RBZ",7.6000000000000005,Metric Tonnes,Other,1500.0,1500.0,1500.0,Rs./Quintal,Medium
"Sattupalli (Ramalayam),RBZ",0.123,Metric Tonnes,Deshi,2900.0,3500.0,3000.0,Rs./Quintal,FAQ
Shadnagar APMC,4.0,Metric Tonnes,Local,1000.0,1200.0,1100.0,Rs./Quintal,Local
Shankarapally APMC,6.0,Metric Tonnes,Deshi,1200.0,1500.0,1250.0,Rs./Quintal,Local
Siddipet(Rythu Bazar) ,9.8,Metric Tonnes,Local,1200.0,2000.0,1600.0,Rs./Quintal,Grade A
"Vanasthalipuram,RBZ ",8.8,Metric Tonnes,Other,1500.0,1500.0,1500.0,Rs./Quintal,Grade A
Venkateswarnagar APMC,3.9000000000000004,Metric Tonnes,Local,500.0,800.0,600.0,Rs./Quintal,Local
Warangal APMC,16.0,Metric Tonnes,Tomato,1000.0,1200.0,1100.0,Rs./Quintal,FAQ
Total,1193.83,Metric Tonnes,,,,1000.94,Rs./Quintal,
State/UT Name : Tripura
Bishalgarh APMC,0.5,Metric Tonnes,Hybrid,4500.0,5500.0,5000.0,Rs./Quintal,Medium
Boxonagar,0.06,Metric Tonnes,Hybrid,5200.0,5500.0,5300.0,Rs./Quintal,Medium
Gondatwisa APMC,0.2,Metric Tonnes,Hybrid,5500.0,6000.0,5800.0,Rs./Quintal,FAQ
Halahali,3.0,Metric Tonnes,Deshi,5000.0,5200.0,5100.0,Rs./Quintal,FAQ
Kadamtala,0.2,Metric Tonnes,Tomato,6000.0,8000.0,7000.0,Rs./Quintal,FAQ
Kalsi APMC,0.15000000000000002,Metric Tonnes,Other,3500.0,3670.0,3580.0,Rs./Quintal,FAQ
Kanchanpur,0.2,Metric Tonnes,Hybrid,5200.0,5600.0,5400.0,Rs./Quintal,FAQ
Machmara,0.4,Metric Tonnes,Local,1500.0,1700.0,1600.0,Rs./Quintal,FAQ
Manubazar,0.5,Metric Tonnes,Hybrid,5000.0,6000.0,5500.0,Rs./Quintal,Grade A
Pabiacherra APMC,0.5,Metric Tonnes,Other,5500.0,5700.0,5600.0,Rs./Quintal,FAQ
Santir Bazar APMC,2.5,Metric Tonnes,Tomato,5000.0,5400.0,5200.0,Rs./Quintal,Local
Total,8.21,Metric Tonnes,,,,5052.98,Rs./Quintal,
State/UT Name : Uttar Pradesh
Agra APMC,29.1,Metric Tonnes,Other,1400.0,1500.0,1420.27,Rs./Quintal,FAQ
Akbarpur APMC,0.055,Metric Tonnes,Other,3183.49,3183.49,3183.49,Rs./Quintal,FAQ
Amroha APMC,296.55,Metric Tonnes,Other,1500.0,1500.0,1500.0,Rs./Quintal,FAQ
Atarra APMC,37.7,Metric Tonnes,Other,1000.0,1000.0,1000.0,Rs./Quintal,FAQ
Auraiya APMC,20.0,Metric Tonnes,Other,2000.0,2000.0,2000.0,Rs./Quintal,FAQ
Ayodhya APMC,21.753,Metric Tonnes,Other,2000.0,3521.56,2017.7,Rs./Quintal,FAQ
Azamgarh APMC,0.112,Metric Tonnes,Other,3753.04,3753.04,3753.04,Rs./Quintal,FAQ
Badayoun APMC,0.7,Metric Tonnes,Other,2500.0,2500.0,2500.0,Rs./Quintal,FAQ
Bahraich APMC,21.136,Metric Tonnes,Other,1200.0,3159.38,1212.61,Rs./Quintal,FAQ
Balrampur APMC,238.0,Metric Tonnes,Other,800.0,800.0,800.0,Rs./Quintal,FAQ
Barabanki APMC,76.1,Metric Tonnes,Other,1400.0,1400.0,1400.0,Rs./Quintal,FAQ
Baraut APMC,12.0,Metric Tonnes,Other,1800.0,1800.0,1800.0,Rs./Quintal,FAQ
Bareilly APMC,2.03,Metric Tonnes,Other,1700.0,2916.4,2017.58,Rs./Quintal,FAQ
Baripaal APMC,1.4,Metric Tonnes,Other,2000.0,2000.0,2000.0,Rs./Quintal,FAQ
Buland Shahr APMC,1.5,Metric Tonnes,Other,2000.0,2000.0,2000.0,Rs./Quintal,FAQ
CHHUTMALPUR APMC,1.2,Metric Tonnes,Other,2350.0,2450.0,2366.67,Rs./Quintal,FAQ
DADRI APMC,0.747,Metric Tonnes,Other,3757.66,3757.66,3757.66,Rs./Quintal,FAQ
Dudhi APMC,2.8000000000000003,Metric Tonnes,Other,2400.0,2600.0,2500.0,Rs./Quintal,Medium
Etah APMC,4.0,Metric Tonnes,Other,2000.0,2000.0,2000.0,Rs./Quintal,FAQ
Fatehpur Sikri APMC,0.4,Metric Tonnes,Other,1600.0,1600.0,1600.0,Rs./Quintal,FAQ
Firozabad APMC,28.0,Metric Tonnes,Other,1000.0,1000.0,1000.0,Rs./Quintal,FAQ
Gangoh APMC,0.7,Metric Tonnes,Other,1800.0,1800.0,1800.0,Rs./Quintal,FAQ
Ghaziabad APMC,107.0,Metric Tonnes,Other,2510.0,2520.0,2511.65,Rs./Quintal,FAQ
Hardoi APMC,60.0,Metric Tonnes,Other,1500.0,1500.0,1500.0,Rs./Quintal,FAQ
Hargaon (Laharpur) APMC,2.2,Metric Tonnes,Other,1500.0,1550.0,1522.73,Rs./Quintal,FAQ
Jahangirabad APMC,1.0,Metric Tonnes,Other,3000.0,3000.0,3000.0,Rs./Quintal,FAQ
Jalaun APMC,22.1,Metric Tonnes,Other,1500.0,3000.0,1593.67,Rs./Quintal,FAQ
Jhansi APMC,5.0,Metric Tonnes,Other,1800.0,1800.0,1800.0,Rs./Quintal,FAQ
Kairana APMC,1.0,Metric Tonnes,Other,1800.0,1800.0,1800.0,Rs./Quintal,FAQ
Kanpur(Grain) APMC,215.0,Metric Tonnes,Other,2100.0,2100.0,2100.0,Rs./Quintal,FAQ
Khairagarh APMC,0.5,Metric Tonnes,Deshi,2500.0,2600.0,2550.0,Rs./Quintal,FAQ
Khandhla APMC,6.0,Metric Tonnes,Other,3000.0,3000.0,3000.0,Rs./Quintal,FAQ
Khekda APMC,0.7,Metric Tonnes,Other,1600.0,1800.0,1657.14,Rs./Quintal,FAQ
Kiratpur APMC,1.2,Metric Tonnes,Other,2000.0,2000.0,2000.0,Rs./Quintal,FAQ
Kosikalan APMC,7.0,Metric Tonnes,Deshi,2000.0,2200.0,2100.0,Rs./Quintal,FAQ
Lakhimpur APMC,12.0,Metric Tonnes,Other,1220.0,1220.0,1220.0,Rs./Quintal,FAQ
Mathura APMC,45.3,Metric Tonnes,Other,1800.0,2800.0,1837.97,Rs./Quintal,FAQ
Muradabad APMC,3.22,Metric Tonnes,Other,2050.0,2050.0,2050.0,Rs./Quintal,FAQ
Nawabganj APMC,1.0,Metric Tonnes,Other,1500.0,1500.0,1500.0,Rs./Quintal,FAQ
Orai APMC,58.0,Metric Tonnes,Other,1500.0,1500.0,1500.0,Rs./Quintal,FAQ
Paliakala APMC,1.0,Metric Tonnes,Other,3000.0,3000.0,3000.0,Rs./Quintal,FAQ
Parikshitgarh APMC,0.1,Metric Tonnes,Other,3000.0,3000.0,3000.0,Rs./Quintal,FAQ
Prayagraj APMC,17.0,Metric Tonnes,Other,2000.0,2000.0,2000.0,Rs./Quintal,FAQ
Pukharayan APMC,80.0,Metric Tonnes,Other,1200.0,1200.0,1200.0,Rs./Quintal,FAQ
Rampurmaniharan APMC,1.0,Metric Tonnes,Other,2400.0,2400.0,2400.0,Rs./Quintal,FAQ
Rudauli APMC,12.0,Metric Tonnes,Other,1600.0,1600.0,1600.0,Rs./Quintal,FAQ
Safdarganj APMC,0.4,Metric Tonnes,Other,1000.0,1000.0,1000.0,Rs./Quintal,FAQ
Samsabad APMC,0.3,Metric Tonnes,Hybrid,1400.0,1600.0,1500.0,Rs./Quintal,Local
Samsabad APMC,1.4,Metric Tonnes,Other,1400.0,1400.0,1400.0,Rs./Quintal,FAQ
Shahaswan APMC,0.6,Metric Tonnes,Other,2100.0,2100.0,2100.0,Rs./Quintal,FAQ
Shamli APMC,1.0,Metric Tonnes,Other,2500.0,2500.0,2500.0,Rs./Quintal,FAQ
Sikanderabad APMC,24.5,Metric Tonnes,Other,1800.0,2200.0,1938.78,Rs./Quintal,FAQ
Sitapur APMC,55.0,Metric Tonnes,Other,1500.0,1500.0,1500.0,Rs./Quintal,FAQ
Thanabhawan APMC,0.8,Metric Tonnes,Other,2400.0,2400.0,2400.0,Rs./Quintal,FAQ
Varanasi APMC,10.0,Metric Tonnes,Other,1500.0,1500.0,1500.0,Rs./Quintal,FAQ
Total,1549.3,Metric Tonnes,,,,1559.57,Rs./Quintal,
State/UT Name : Uttarakhand
Haldwani APMC,7.2,Metric Tonnes,Other,1500.0,2400.0,2000.0,Rs./Quintal,FAQ
Haridwar Union APMC,12.0,Metric Tonnes,Hybrid,1500.0,2500.0,2000.0,Rs./Quintal,FAQ
Kashipur APMC,2.8000000000000003,Metric Tonnes,Other,1800.0,2200.0,2000.0,Rs./Quintal,Local
Khateema APMC,0.2,Metric Tonnes,Other,1600.0,1800.0,1700.0,Rs./Quintal,Grade B
Kicchha APMC,2.0,Metric Tonnes,Hybrid,1700.0,1900.0,1800.0,Rs./Quintal,Non-FAQ
Kotadwara APMC,0.5,Metric Tonnes,Tomato,1200.0,1200.0,1200.0,Rs./Quintal,FAQ
Manglaur APMC,1.8,Metric Tonnes,Other,1000.0,1500.0,1200.0,Rs./Quintal,Large
Rishikesh APMC,5.5,Metric Tonnes,Other,1600.0,2400.0,2050.0,Rs./Quintal,Medium
Roorkee APMC,1.1,Metric Tonnes,Other,1200.0,2200.0,1600.0,Rs./Quintal,Medium
Rudrapur APMC,7.0,Metric Tonnes,Other,2000.0,3000.0,2500.0,Rs./Quintal,Medium
Sitarganj APMC,2.0,Metric Tonnes,Tomato,2000.0,2800.0,2200.0,Rs./Quintal,Local
Vikasnagar APMC,7.0,Metric Tonnes,Local,1000.0,1100.0,1000.0,Rs./Quintal,FAQ
Total,49.1,Metric Tonnes,,,,1886.66,Rs./Quintal,
State/UT Name : West Bengal
Asansol APMC,5.5,Metric Tonnes,Hybrid,2450.0,2700.0,2600.0,Rs./Quintal,FAQ
Balarampur APMC,3.5,Metric Tonnes,Other,2400.0,3000.0,2600.0,Rs./Quintal,FAQ
Balurghat APMC,0.6,Metric Tonnes,Other,2800.0,3200.0,3000.0,Rs./Quintal,FAQ
Barasat APMC,8.0,Metric Tonnes,Other,3000.0,3000.0,3000.0,Rs./Quintal,FAQ
Baruipur(Canning) APMC,0.51,Metric Tonnes,Tomato,2800.0,3000.0,2900.0,Rs./Quintal,FAQ
Birbhum APMC,26.0,Metric Tonnes,Hybrid,4800.0,5000.0,4900.0,Rs./Quintal,FAQ
Bolpur APMC,27.0,Metric Tonnes,Hybrid,4800.0,5000.0,4900.0,Rs./Quintal,FAQ
Burdwan APMC,5.0,Metric Tonnes,Tomato,2400.0,2550.0,2500.0,Rs./Quintal,FAQ
Chakdah APMC,3.4,Metric Tonnes,Other,2900.0,3100.0,3000.0,Rs./Quintal,FAQ
Champadanga APMC,2.7,Metric Tonnes,Hybrid,3000.0,3400.0,3200.0,Rs./Quintal,FAQ
Coochbehar APMC,1.2000000000000002,Metric Tonnes,Tomato,2500.0,3000.0,2800.0,Rs./Quintal,FAQ
Darjeeling APMC,0.4,Metric Tonnes,Other,3800.0,4000.0,3900.0,Rs./Quintal,FAQ
Dhupguri APMC,10.0,Metric Tonnes,Other,3100.0,3300.0,3200.0,Rs./Quintal,FAQ
Diamond Harbour(South 24-pgs) APMC,1.25,Metric Tonnes,Tomato,2600.0,2800.0,2700.0,Rs./Quintal,FAQ
Durgapur APMC,5.5,Metric Tonnes,Hybrid,2450.0,2700.0,2550.0,Rs./Quintal,FAQ
Egra/contai APMC,18.0,Metric Tonnes,Tomato,1800.0,2000.0,1900.0,Rs./Quintal,FAQ
Gangarampur(Dakshin Dinajpur) APMC,0.6,Metric Tonnes,Other,2800.0,3200.0,3000.0,Rs./Quintal,FAQ
Garbeta(Medinipur) APMC,0.17,Metric Tonnes,Tomato,3000.0,3400.0,3200.0,Rs./Quintal,FAQ
Ghatal APMC,2.1,Metric Tonnes,Hybrid,2600.0,2800.0,2700.0,Rs./Quintal,FAQ
Habra APMC,3.5,Metric Tonnes,Other,2700.0,2800.0,2700.0,Rs./Quintal,FAQ
Jalpaiguri Sadar APMC,0.4,Metric Tonnes,Other,3100.0,3300.0,3200.0,Rs./Quintal,FAQ
Kalipur APMC,3.4,Metric Tonnes,Hybrid,3000.0,3400.0,3200.0,Rs./Quintal,FAQ
Kalna APMC,1.4,Metric Tonnes,Tomato,2000.0,2200.0,2100.0,Rs./Quintal,FAQ
Karsiyang(Matigara) APMC,0.3,Metric Tonnes,Other,3700.0,3900.0,3800.0,Rs./Quintal,FAQ
Khatra APMC,0.22000000000000003,Metric Tonnes,Tomato,3000.0,3600.0,3500.0,Rs./Quintal,FAQ
Medinipur(West) APMC,1.5,Metric Tonnes,Tomato,3100.0,3300.0,3200.0,Rs./Quintal,FAQ
Memari APMC,4.6,Metric Tonnes,Tomato,2400.0,2550.0,2500.0,Rs./Quintal,FAQ
Pandua APMC,0.55,Metric Tonnes,Hybrid,2800.0,3125.0,2950.0,Rs./Quintal,FAQ
Pundibari APMC,0.7000000000000001,Metric Tonnes,Tomato,2500.0,3000.0,2800.0,Rs./Quintal,FAQ
Purulia APMC,3.0,Metric Tonnes,Other,2400.0,3000.0,2700.0,Rs./Quintal,FAQ
Ramkrishanpur(Howrah) APMC,0.14,Metric Tonnes,Tomato,2200.0,3000.0,2500.0,Rs./Quintal,FAQ
Ranaghat APMC,3.2,Metric Tonnes,Other,3000.0,3150.0,3100.0,Rs./Quintal,FAQ
Sainthia APMC,25.0,Metric Tonnes,Hybrid,4800.0,5000.0,4900.0,Rs./Quintal,FAQ
Sealdah Koley Market APMC,12.200000000000001,Metric Tonnes,Other,2800.0,3200.0,3000.0,Rs./Quintal,FAQ
Sheoraphuly APMC,23.0,Metric Tonnes,Hybrid,2825.0,3000.0,2950.0,Rs./Quintal,FAQ
Siliguri APMC,26.0,Metric Tonnes,Tomato,3000.0,3200.0,3100.0,Rs./Quintal,FAQ
Uluberia APMC,0.08,Metric Tonnes,Other,2200.0,3000.0,2500.0,Rs./Quintal,FAQ
Total,230.62,Metric Tonnes,,,,3515.37,Rs./Quintal,
Grand Total,20014.85,Metric Tonnes,,,,1754.12,Rs./Quintal,

Note:
Weighted Average Price = ∑(arrival quantity * modal price) / ∑arrival quantity
