"Commodity-wise, Market-wise Daily Report (Weighted Average) on: 13-Sep-2026"

Market Center,Arrivals,Unit of Arrivals,Variety,Minimum Price,Maximum Price,Modal Price,Unit of Price,Grade
Commodity Group Name : Cereals
Maize (MSP: Rs. 2410.00/Quintal)
State/UT Name : Andhra Pradesh
Addanki APMC,0.1,Metric Tonnes,Local,2400.0,2425.0,2410.0,Rs./Quintal,FAQ
Allagadda APMC,1.0,Metric Tonnes,Local,1950.0,2100.0,2050.0,Rs./Quintal,FAQ
Banaganapalli APMC,0.1,Metric Tonnes,Local,2000.0,2200.0,2100.0,Rs./Quintal,FAQ
Etcherla APMC,0.1,Metric Tonnes,Deshi White,2400.0,2400.0,2400.0,Rs./Quintal,Local
Nandigama APMC,0.1,Metric Tonnes,Hybrid,2380.0,2380.0,2380.0,Rs./Quintal,Grade Range-1
RAYADURG APMC,0.1,Metric Tonnes,Local,2200.0,2600.0,2400.0,Rs./Quintal,Grade Range-1
Saluru APMC,0.1,Metric Tonnes,Hybrid/Local,2600.0,2600.0,2600.0,Rs./Quintal,FAQ
Santhamaguluru APMC,0.1,Metric Tonnes,Hybrid,2400.0,2480.0,2450.0,Rs./Quintal,FAQ
Tiruvuru APMC,65.0,Metric Tonnes,Hybrid,2400.0,2400.0,2400.0,Rs./Quintal,Local
Total,66.7,Metric Tonnes,,,,2394.66,Rs./Quintal,
State/UT Name : Chattisgarh
Bhanupratappur APMC,1.8,Metric Tonnes,Hybrid,2000.0,2000.0,2000.0,Rs./Quintal,Non-FAQ
Korar APMC,1.5,Metric Tonnes,Hybrid,2000.0,2000.0,2000.0,Rs./Quintal,Non-FAQ
Pakhanjur APMC,160.0,Metric Tonnes,Hybrid/Local,2000.0,2000.0,2000.0,Rs./Quintal,Non-FAQ
Sambalpur APMC,2.0,Metric Tonnes,Hybrid,2000.0,2000.0,2000.0,Rs./Quintal,Non-FAQ
Total,165.3,Metric Tonnes,,,,2000.0,Rs./Quintal,
State/UT Name : Karnataka
Challakere APMC,2.6,Metric Tonnes,Yellow,1800.0,1800.0,1800.0,Rs./Quintal,Local
H.B. Halli APMC,24.0,Metric Tonnes,Hybrid/Local,2698.0,2698.0,2698.0,Rs./Quintal,FAQ
Hirekerur APMC,123.30000000000001,Metric Tonnes,Local,2600.0,2700.0,2650.0,Rs./Quintal,Local
Holenarsipura APMC,400.0,Metric Tonnes,Local,2500.0,2500.0,2500.0,Rs./Quintal,FAQ
Hospet APMC,10.3,Metric Tonnes,Hybrid/Local,2500.0,2500.0,2500.0,Rs./Quintal,Local
Hunsur APMC,35.0,Metric Tonnes,Other,1800.0,2000.0,2000.0,Rs./Quintal,Local
Mysuru APMC,24.400000000000002,Metric Tonnes,Local,1250.0,1250.0,1250.0,Rs./Quintal,Local
Periyapatna APMC,100.0,Metric Tonnes,Hybrid/Local,1900.0,2650.0,2650.0,Rs./Quintal,FAQ
Ranebennur APMC,938.2,Metric Tonnes,Local,2600.0,2750.0,2708.0,Rs./Quintal,FAQ
Soundati APMC,104.0,Metric Tonnes,Local,2830.0,2830.0,2830.0,Rs./Quintal,Non-FAQ
T. Narasipura APMC,40.0,Metric Tonnes,White (SAFED),1900.0,1900.0,1900.0,Rs./Quintal,Non-FAQ
Vijayapura APMC,14.0,Metric Tonnes,Hybrid/Local,2696.0,2696.0,2696.0,Rs./Quintal,Local
Total,1815.8,Metric Tonnes,,,,2608.29,Rs./Quintal,
State/UT Name : Madhya Pradesh
Anjad APMC,8.01,Metric Tonnes,Yellow,1800.0,1800.0,1800.0,Rs./Quintal,FAQ
Bhikangaon APMC,29.55,Metric Tonnes,Local,1590.0,2449.0,2449.0,Rs./Quintal,FAQ
Chhindwara APMC,1.451,Metric Tonnes,Yellow,2550.0,2550.0,2550.0,Rs./Quintal,Non-FAQ
Dhamnod APMC,10.58,Metric Tonnes,Local,1650.0,1650.0,1650.0,Rs./Quintal,FAQ
Gadarwada (F&V) APMC,0.1,Metric Tonnes,Local,2000.0,2000.0,2000.0,Rs./Quintal,Local
Javera APMC,11.5,Metric Tonnes,Local,1900.0,1900.0,1900.0,Rs./Quintal,FAQ
Karhi APMC,30.55,Metric Tonnes,Local,1750.0,1750.0,1750.0,Rs./Quintal,FAQ
Kasrawad APMC,9.825000000000001,Metric Tonnes,Deshi Red,1500.0,1680.0,1680.0,Rs./Quintal,FAQ
Kasrawad APMC,5.0,Metric Tonnes,Deshi Red,1500.0,1500.0,1500.0,Rs./Quintal,Non-FAQ
Kasrawad APMC,30.064999999999998,Metric Tonnes,Local,1500.0,1500.0,1500.0,Rs./Quintal,FAQ
Sehore APMC,2.0100000000000002,Metric Tonnes,Local,1690.0,1690.0,1690.0,Rs./Quintal,FAQ
Total,138.64,Metric Tonnes,,,,1846.18,Rs./Quintal,
State/UT Name : Maharashtra
APMC Buldhana ,1.0,Metric Tonnes,Yellow,2000.0,2200.0,2100.0,Rs./Quintal,Non-FAQ
APMC Sillod ,13.2,Metric Tonnes,Yellow,2480.0,2600.0,2600.0,Rs./Quintal,FAQ
Karjat(Rashin) ,0.5,Metric Tonnes,Yellow,1800.0,2200.0,2000.0,Rs./Quintal,Non-FAQ
Total,14.7,Metric Tonnes,,,,2545.58,Rs./Quintal,
State/UT Name : Punjab
Nawanshahar APMC,65.05,Metric Tonnes,Local,1650.0,2331.0,2000.0,Rs./Quintal,FAQ
Total,65.05,Metric Tonnes,,,,2000.0,Rs./Quintal,
State/UT Name : Rajasthan
Malpura APMC,0.4,Metric Tonnes,Other,2200.0,2300.0,2250.0,Rs./Quintal,FAQ
Total,0.4,Metric Tonnes,,,,2250.0,Rs./Quintal,
State/UT Name : Telangana
Bejjenki APMC,1.0,Metric Tonnes,Local,2250.0,2250.0,2250.0,Rs./Quintal,FAQ
Yellandu APMC,213.8,Metric Tonnes,Local,2200.0,2400.0,2300.0,Rs./Quintal,Local
Total,214.8,Metric Tonnes,,,,2299.77,Rs./Quintal,
State/UT Name : Uttar Pradesh
Achalda APMC,71.605,Metric Tonnes,Other,2000.0,2000.0,2000.0,Rs./Quintal,FAQ
Aliganj APMC,317.295,Metric Tonnes,Other,1800.0,2000.0,1852.27,Rs./Quintal,FAQ
Atrauli APMC,98.403,Metric Tonnes,Other,2100.0,2100.0,2100.0,Rs./Quintal,FAQ
Babrala APMC,120.0,Metric Tonnes,Local,2130.0,2150.0,2140.0,Rs./Quintal,Local
Babrala APMC,1.8,Metric Tonnes,Other,2250.0,2250.0,2250.0,Rs./Quintal,FAQ
Badayoun APMC,210.1189,Metric Tonnes,Other,2000.0,2200.0,2023.52,Rs./Quintal,FAQ
Baheri APMC,27.1,Metric Tonnes,Other,2400.0,2400.0,2400.0,Rs./Quintal,FAQ
Bahraich APMC,12.275,Metric Tonnes,Other,2200.0,2200.0,2200.0,Rs./Quintal,FAQ
Bangarmau APMC,168.07,Metric Tonnes,Other,1950.0,2250.0,2045.2,Rs./Quintal,FAQ
Barabanki APMC,87.75,Metric Tonnes,Other,2000.0,2300.0,2028.32,Rs./Quintal,FAQ
Bewar APMC,30.91,Metric Tonnes,Other,2000.0,2000.0,2000.0,Rs./Quintal,FAQ
Bhehjoi APMC,655.59,Metric Tonnes,Other,1550.0,2300.0,2014.88,Rs./Quintal,FAQ
Bilsi APMC,1394.747,Metric Tonnes,Other,2000.0,2200.02,2106.88,Rs./Quintal,FAQ
Bisoli APMC,1191.09,Metric Tonnes,Other,2000.0,2205.0,2057.54,Rs./Quintal,FAQ
Buland Shahr APMC,44.6,Metric Tonnes,Other,2000.0,2360.0,2265.2,Rs./Quintal,FAQ
Chandausi APMC,153.3,Metric Tonnes,Other,1550.0,2225.0,2100.43,Rs./Quintal,FAQ
Charra APMC,407.0695,Metric Tonnes,Other,2100.0,2150.0,2116.73,Rs./Quintal,FAQ
Chhibramau APMC,465.635,Metric Tonnes,Other,2200.0,2350.0,2218.94,Rs./Quintal,FAQ
Dataganj APMC,20.8,Metric Tonnes,Other,2300.0,2300.0,2300.0,Rs./Quintal,FAQ
Dibiapur APMC,31.275,Metric Tonnes,Other,2000.0,2000.0,2000.0,Rs./Quintal,FAQ
Divai APMC,125.76,Metric Tonnes,Other,2100.0,2350.0,2181.45,Rs./Quintal,FAQ
Dudhi APMC,5.0,Metric Tonnes,Other,1800.0,1800.0,1800.0,Rs./Quintal,FAQ
Etah APMC,114.4,Metric Tonnes,Other,2000.0,2240.0,2130.03,Rs./Quintal,FAQ
Farukhabad APMC,84.58,Metric Tonnes,Other,2300.0,2320.0,2307.57,Rs./Quintal,FAQ
Ganj Dundwara APMC,5.31,Metric Tonnes,Other,1800.0,1800.0,1800.0,Rs./Quintal,FAQ
Golagokarnath APMC,18.42,Metric Tonnes,Other,3000.0,3000.0,3000.0,Rs./Quintal,FAQ
Gulavati APMC,52.609,Metric Tonnes,Other,2150.0,2300.0,2227.95,Rs./Quintal,FAQ
Hardoi APMC,51.91,Metric Tonnes,Other,2200.0,2200.0,2200.0,Rs./Quintal,FAQ
Islam Nagar APMC,84.695,Metric Tonnes,Other,1950.0,1980.0,1957.74,Rs./Quintal,FAQ
Jahangirabad APMC,164.042,Metric Tonnes,Other,2200.0,2334.34,2234.48,Rs./Quintal,FAQ
Jalalabad APMC,95.758,Metric Tonnes,Other,1800.0,2200.0,2015.53,Rs./Quintal,FAQ
Kamlaganj APMC,719.135,Metric Tonnes,Other,2300.0,2425.0,2321.33,Rs./Quintal,FAQ
Kannauj APMC,546.148,Metric Tonnes,Other,2100.0,2530.0,2215.66,Rs./Quintal,FAQ
Kasganj APMC,428.311,Metric Tonnes,Other,1850.0,2400.0,2115.04,Rs./Quintal,FAQ
Kayamganj APMC,336.175,Metric Tonnes,Other,2200.0,2300.0,2233.08,Rs./Quintal,FAQ
Khair APMC,27.75,Metric Tonnes,Other,2200.0,2200.0,2200.0,Rs./Quintal,FAQ
Khurja APMC,57.5,Metric Tonnes,Other,2000.0,2000.0,2000.0,Rs./Quintal,FAQ
Madhoganj APMC,136.2,Metric Tonnes,Other,2200.0,2500.0,2270.93,Rs./Quintal,FAQ
Mainpuri APMC,249.31,Metric Tonnes,Other,1950.0,2100.0,1989.95,Rs./Quintal,FAQ
Mohamadabad APMC,524.52,Metric Tonnes,Other,2200.0,2550.0,2260.46,Rs./Quintal,FAQ
Naanpara APMC,53.5,Metric Tonnes,Other,2250.0,2250.0,2250.0,Rs./Quintal,FAQ
Powayan APMC,41.53,Metric Tonnes,Other,1800.0,1800.0,1800.0,Rs./Quintal,FAQ
Robertsganj APMC,1.0,Metric Tonnes,Other,2230.0,2230.0,2230.0,Rs./Quintal,FAQ
Rupaidiha APMC,72.18,Metric Tonnes,Other,2100.0,2150.0,2110.82,Rs./Quintal,FAQ
Sambhal APMC,156.838,Metric Tonnes,Other,1900.0,2385.0,2137.47,Rs./Quintal,FAQ
Sandila APMC,108.82,Metric Tonnes,Other,2200.0,2200.0,2200.0,Rs./Quintal,FAQ
Shahaswan APMC,133.33,Metric Tonnes,Other,2050.0,2200.0,2073.63,Rs./Quintal,FAQ
Shikohabad APMC,313.85,Metric Tonnes,Other,2250.0,2350.0,2282.67,Rs./Quintal,FAQ
Sikanderabad APMC,0.947,Metric Tonnes,Other,2250.0,2250.0,2250.0,Rs./Quintal,FAQ
Sikarpur APMC,40.6,Metric Tonnes,Other,2000.0,2010.0,2002.89,Rs./Quintal,FAQ
Sirsaganj APMC,560.746,Metric Tonnes,Other,2100.0,2400.0,2222.78,Rs./Quintal,FAQ
Siyana APMC,171.635,Metric Tonnes,Other,2120.0,2400.0,2192.1,Rs./Quintal,FAQ
Tilhar APMC,66.375,Metric Tonnes,Other,1700.0,1700.0,1700.0,Rs./Quintal,FAQ
Ujhani APMC,788.112,Metric Tonnes,Other,2100.0,2450.0,2180.56,Rs./Quintal,FAQ
Uttaripura APMC,368.275,Metric Tonnes,Other,1900.0,2000.0,1902.72,Rs./Quintal,FAQ
Wazirganj APMC,446.36,Metric Tonnes,Other,2050.0,2200.0,2063.5,Rs./Quintal,FAQ
Total,12661.06,Metric Tonnes,,,,2129.45,Rs./Quintal,
State/UT Name : Uttarakhand
Kotadwara APMC,0.2,Metric Tonnes,Other,1500.0,1500.0,1500.0,Rs./Quintal,FAQ
Total,0.2,Metric Tonnes,,,,1500.0,Rs./Quintal,
State/UT Name : West Bengal
Jangipur APMC,12.75,Metric Tonnes,Other,2500.0,2600.0,2550.0,Rs./Quintal,FAQ
Total,12.75,Metric Tonnes,,,,2550.0,Rs./Quintal,
Grand Total,15155.4,Metric Tonnes,,,,2186.6,Rs./Quintal,
Paddy(Common) (MSP: Rs. 2441.00/Quintal)
State/UT Name : Andhra Pradesh
Addanki APMC,0.1,Metric Tonnes,Paddy,2400.0,2430.0,2410.0,Rs./Quintal,FAQ
Alamuru APMC,0.1,Metric Tonnes,Paddy,2369.0,2389.0,2369.0,Rs./Quintal,FAQ
Anaparthy APMC,0.1,Metric Tonnes,Paddy,2369.0,2520.0,2369.0,Rs./Quintal,FAQ
Atmakur (Nandyal District) APMC,1.0,Metric Tonnes,Sona,2320.0,2441.0,2380.0,Rs./Quintal,FAQ
Banaganapalli APMC,0.1,Metric Tonnes,Sona Mahsuri,2200.0,2400.0,2300.0,Rs./Quintal,FAQ
Chirala APMC,1.0,Metric Tonnes,B P T,2400.0,2500.0,2450.0,Rs./Quintal,Local
Darsi APMC,0.1,Metric Tonnes,B P T,2500.0,2600.0,2600.0,Rs./Quintal,Local
Etcherla APMC,0.1,Metric Tonnes,1121,2369.0,2369.0,2369.0,Rs./Quintal,FAQ
Gannavaram APMC,0.1,Metric Tonnes,1001,2400.0,2400.0,2400.0,Rs./Quintal,Local
Gudur APMC,0.1,Metric Tonnes,MTU-1010,2389.0,2470.0,2430.0,Rs./Quintal,Local
Ichapuram APMC,0.2,Metric Tonnes,Sannalu,2369.0,2369.0,2369.0,Rs./Quintal,Local
Jaggampet APMC,0.1,Metric Tonnes,Common,2369.0,2380.0,2369.0,Rs./Quintal,FAQ
Jalumuru APMC,0.1,Metric Tonnes,1121,2369.0,2369.0,2369.0,Rs./Quintal,FAQ
Kaikaluru APMC,1.0,Metric Tonnes,MTU-1001,2440.0,2440.0,2440.0,Rs./Quintal,Local
Kakinada (Urban) APMC,0.075,Metric Tonnes,Common,2369.0,2390.0,2375.0,Rs./Quintal,FAQ
Karapa APMC,1.0,Metric Tonnes,1001,2364.0,2369.0,2366.0,Rs./Quintal,FAQ
Kothabommali APMC,0.1,Metric Tonnes,Paddy,3200.0,3200.0,3200.0,Rs./Quintal,Local
Kovur APMC,0.1,Metric Tonnes,Paddy,2300.0,2400.0,2369.0,Rs./Quintal,Local
Maddipadu APMC,0.1,Metric Tonnes,B P T,2800.0,2800.0,2800.0,Rs./Quintal,FAQ
Mandapeta APMC,1.0,Metric Tonnes,1001,2369.0,2400.0,2389.0,Rs./Quintal,FAQ
Nandigama APMC,0.1,Metric Tonnes,B P T,2360.0,2360.0,2360.0,Rs./Quintal,Grade Range-1
Narasannapet APMC,0.1,Metric Tonnes,Paddy,2369.0,2369.0,2369.0,Rs./Quintal,FAQ
Ongole APMC,0.1,Metric Tonnes,B P T,2500.0,2500.0,2500.0,Rs./Quintal,Local
Peddapuram APMC,1.0,Metric Tonnes,1001,2369.0,2400.0,2390.0,Rs./Quintal,FAQ
Penugonda APMC,0.1,Metric Tonnes,1001,2369.0,2380.0,2370.0,Rs./Quintal,Local
Pithapuram APMC,0.1,Metric Tonnes,B P T,2369.0,2389.0,2379.0,Rs./Quintal,FAQ
Prattipadu APMC,0.1,Metric Tonnes,1001,2369.0,2389.0,2379.0,Rs./Quintal,FAQ
Rajupalem APMC,0.1,Metric Tonnes,Common,2100.0,2100.0,2100.0,Rs./Quintal,Non-FAQ
Ramachandrapuram APMC,0.1,Metric Tonnes,Paddy,2441.0,2448.0,2441.0,Rs./Quintal,FAQ
Samalkot APMC,1.0,Metric Tonnes,Paddy,2365.0,2375.0,2369.0,Rs./Quintal,FAQ
Sampara (Kakinada Rural) APMC,0.1,Metric Tonnes,1001,2369.0,2389.0,2379.0,Rs./Quintal,FAQ
Santhamaguluru APMC,0.1,Metric Tonnes,B P T,2500.0,2580.0,2550.0,Rs./Quintal,FAQ
Sullurpet APMC,0.1,Metric Tonnes,MTU-1010,2420.0,2460.0,2440.0,Rs./Quintal,Local
Tanuku APMC,0.1,Metric Tonnes,MTU-1001,2445.0,2445.0,2445.0,Rs./Quintal,Local
Tiruvuru APMC,90.0,Metric Tonnes,Sona,2900.0,2900.0,2900.0,Rs./Quintal,Local
Vakadu APMC,0.1,Metric Tonnes,B P T,2389.0,2410.0,2400.0,Rs./Quintal,Local
Venkatagiri APMC,0.075,Metric Tonnes,MTU-1010,2350.0,2450.0,2400.0,Rs./Quintal,FAQ
Vijayawada APMC,0.1,Metric Tonnes,1001,2369.0,2369.0,2369.0,Rs./Quintal,Local
Yellamanchili APMC,0.1,Metric Tonnes,1001,2390.0,2450.0,2400.0,Rs./Quintal,Local
Total,100.15,Metric Tonnes,,,,2850.12,Rs./Quintal,
State/UT Name : Chattisgarh
Abhanpur APMC,1.6,Metric Tonnes,I.R. 64,2305.0,2305.0,2305.0,Rs./Quintal,Non-FAQ
Baramkela APMC,30.0,Metric Tonnes,1001,1800.0,1800.0,1800.0,Rs./Quintal,Non-FAQ
Charama APMC,50.0,Metric Tonnes,I.R. 64,1970.0,1970.0,1970.0,Rs./Quintal,Non-FAQ
Gidam APMC,1.0,Metric Tonnes,1001,1900.0,2100.0,2000.0,Rs./Quintal,Non-FAQ
Jaitgiri APMC,5.0,Metric Tonnes,Paddy Coarse,2000.0,2000.0,2000.0,Rs./Quintal,FAQ
Kharora APMC,8.6,Metric Tonnes,Mahamaya,1825.0,1825.0,1825.0,Rs./Quintal,Non-FAQ
Konta APMC,0.2,Metric Tonnes,Paddy Coarse,1700.0,1800.0,1800.0,Rs./Quintal,Non-FAQ
Lakhanpuri APMC,25.0,Metric Tonnes,I.R. 64,1950.0,1950.0,1950.0,Rs./Quintal,Non-FAQ
Mardapal APMC,10.0,Metric Tonnes,Khadwan,1800.0,1800.0,1800.0,Rs./Quintal,Non-FAQ
Narayanpur APMC,2.0,Metric Tonnes,Basmati 1509,2000.0,2200.0,2050.0,Rs./Quintal,Non-FAQ
Narharpur APMC,25.0,Metric Tonnes,I.R. 64,1900.0,1900.0,1900.0,Rs./Quintal,Non-FAQ
Neora APMC,3.2,Metric Tonnes,Mahamaya,2000.0,2000.0,2000.0,Rs./Quintal,Non-FAQ
Pakhanjur APMC,8.0,Metric Tonnes,Paddy Coarse,2000.0,2000.0,2000.0,Rs./Quintal,Non-FAQ
Total,169.6,Metric Tonnes,,,,1916.23,Rs./Quintal,
State/UT Name : Haryana
Indri APMC,62.0,Metric Tonnes,Paddy,1900.0,2150.0,2050.0,Rs./Quintal,Non-FAQ
Panipat APMC,101.0,Metric Tonnes,Basmati 1509,3611.0,3811.0,3711.0,Rs./Quintal,Local
Total,163.0,Metric Tonnes,,,,3079.21,Rs./Quintal,
State/UT Name : Karnataka
Hospet APMC,96.5,Metric Tonnes,Paddy,2800.0,3100.0,3000.0,Rs./Quintal,Local
K.R. Pet APMC,50.0,Metric Tonnes,Paddy Coarse,2000.0,2000.0,2000.0,Rs./Quintal,Local
Malavalli APMC,422.6,Metric Tonnes,Paddy,2000.0,2900.0,2900.0,Rs./Quintal,FAQ
Srirangapattana APMC,150.0,Metric Tonnes,Jaya,1799.0,1800.0,1800.0,Rs./Quintal,Local
T. Narasipura APMC,59.800000000000004,Metric Tonnes,Paddy,2200.0,2900.0,2200.0,Rs./Quintal,Non-FAQ
Total,778.9,Metric Tonnes,,,,2589.04,Rs./Quintal,
State/UT Name : Madhya Pradesh
Chhindwara APMC,64.125,Metric Tonnes,Dhan,2210.0,2210.0,2210.0,Rs./Quintal,FAQ
Krishi Upaj Mandi Samiti Bichhiya,54.0,Metric Tonnes,Common,2000.0,2200.0,2000.0,Rs./Quintal,Non-FAQ
Mandla APMC,17.1,Metric Tonnes,Common,2200.0,2200.0,2200.0,Rs./Quintal,FAQ
Mandla APMC,14.3,Metric Tonnes,Common,1950.0,2175.0,2175.0,Rs./Quintal,Non-FAQ
Total,149.53,Metric Tonnes,,,,2129.67,Rs./Quintal,
State/UT Name : Maharashtra
APMC Savali ,27.4,Metric Tonnes,Other,3710.0,4020.0,3880.0,Rs./Quintal,FAQ
APMC Tumsar ,8.6,Metric Tonnes,Other,2100.0,2205.0,2200.0,Rs./Quintal,Non-FAQ
APMC Tumsar ,14.1,Metric Tonnes,Other,2851.0,2931.0,2861.0,Rs./Quintal,FAQ
Total,50.1,Metric Tonnes,,,,3304.83,Rs./Quintal,
State/UT Name : NCT of Delhi
APMC Narela,783.5,Metric Tonnes,Paddy,2900.0,4200.0,3550.0,Rs./Quintal,FAQ
Total,783.5,Metric Tonnes,,,,3550.0,Rs./Quintal,
State/UT Name : Punjab
Rayya APMC,55.0,Metric Tonnes,Paddy,2200.0,2200.0,2200.0,Rs./Quintal,FAQ
Rayya(Sathiala) APMC,4.9,Metric Tonnes,Other,2100.0,2100.0,2100.0,Rs./Quintal,FAQ
Samana APMC,157.0,Metric Tonnes,Basmati 1509,2441.0,3960.0,3700.0,Rs./Quintal,Local
Total,216.9,Metric Tonnes,,,,3283.49,Rs./Quintal,
State/UT Name : Telangana
Alampur APMC,210.0,Metric Tonnes,Common,2000.0,2400.0,2300.0,Rs./Quintal,Local
Bhadrachalam APMC,10.0,Metric Tonnes,Samba Masuri,2389.0,2389.0,2389.0,Rs./Quintal,FAQ
Dammapet APMC,19.0,Metric Tonnes,1001,2400.0,2500.0,2499.0,Rs./Quintal,FAQ
Gangadhara APMC,0.001,Metric Tonnes,I.R.-64,2441.0,2441.0,2441.0,Rs./Quintal,FAQ
Kallur APMC,30.0,Metric Tonnes,Paddy,2300.0,2500.0,2400.0,Rs./Quintal,FAQ
Total,269.0,Metric Tonnes,,,,2328.52,Rs./Quintal,
State/UT Name : Uttar Pradesh
Anoop Shahar APMC,40.0,Metric Tonnes,Basmati,3050.0,3150.0,3100.0,Rs./Quintal,FAQ
Anoop Shahar APMC,30.0,Metric Tonnes,Other,3150.0,3150.0,3150.0,Rs./Quintal,FAQ
Atrauli APMC,64.3,Metric Tonnes,Basmati,3000.0,3000.0,3000.0,Rs./Quintal,FAQ
Bachranwa APMC,24.1,Metric Tonnes,Common,3100.0,3100.0,3100.0,Rs./Quintal,FAQ
Bahraich APMC,406.0,Metric Tonnes,Common,2000.0,3310.0,2321.08,Rs./Quintal,FAQ
Bahraich APMC,18.205,Metric Tonnes,Other,2000.0,2000.0,2000.0,Rs./Quintal,FAQ
Balrampur APMC,12.5,Metric Tonnes,Common,2000.0,2000.0,2000.0,Rs./Quintal,FAQ
Bangarmau APMC,98.75,Metric Tonnes,Common,2800.0,2800.0,2800.0,Rs./Quintal,FAQ
Banthara APMC,20.7,Metric Tonnes,Common,2100.0,3200.0,3162.8,Rs./Quintal,FAQ
Barabanki APMC,7.5,Metric Tonnes,Basmati,2500.0,2500.0,2500.0,Rs./Quintal,FAQ
Barabanki APMC,52.36,Metric Tonnes,Common,2000.0,2500.0,2196.91,Rs./Quintal,FAQ
Basti APMC,15.8,Metric Tonnes,Common,2500.0,2500.0,2500.0,Rs./Quintal,FAQ
Bhehjoi APMC,285.246,Metric Tonnes,Other,2650.0,3500.0,2813.05,Rs./Quintal,FAQ
Bilaspur APMC,65.0,Metric Tonnes,Paddy Medium,2200.0,2200.0,2200.0,Rs./Quintal,FAQ
Bilaspur APMC,26.2,Metric Tonnes,Basmati,3577.0,3577.0,3577.0,Rs./Quintal,FAQ
Bilaspur APMC,114.42,Metric Tonnes,Other,2000.0,2810.0,2197.33,Rs./Quintal,FAQ
Bindki APMC,2.05,Metric Tonnes,Common,2470.0,2470.0,2470.0,Rs./Quintal,FAQ
Buland Shahr APMC,92.2,Metric Tonnes,Basmati,3401.0,3700.0,3518.25,Rs./Quintal,FAQ
Chandausi APMC,10.1,Metric Tonnes,SuperFine(Basmati),2600.0,2600.0,2600.0,Rs./Quintal,FAQ
DADRI APMC,186.55,Metric Tonnes,Basmati,2699.8,3701.0,3292.72,Rs./Quintal,FAQ
Dankaur APMC,6.0,Metric Tonnes,Other,3651.0,3651.0,3651.0,Rs./Quintal,FAQ
Dankaur APMC,4.55,Metric Tonnes,Common,3651.0,3651.0,3651.0,Rs./Quintal,FAQ
Dankaur APMC,34.15,Metric Tonnes,Basmati,3650.99,3651.0,3651.0,Rs./Quintal,FAQ
Divai APMC,6.0,Metric Tonnes,Erra Mallelu,3000.0,3000.0,3000.0,Rs./Quintal,FAQ
Divai APMC,204.5,Metric Tonnes,Other,3000.0,3000.0,3000.0,Rs./Quintal,FAQ
Divai APMC,399.415,Metric Tonnes,Basmati,3000.0,3630.0,3301.7,Rs./Quintal,FAQ
Gangoh APMC,130.105,Metric Tonnes,Other,3400.0,3730.0,3633.45,Rs./Quintal,FAQ
Gangoh APMC,409.405,Metric Tonnes,Basmati,3000.0,3750.01,3573.85,Rs./Quintal,FAQ
Golagokarnath APMC,92.18,Metric Tonnes,Common,2200.0,2230.0,2213.85,Rs./Quintal,FAQ
Gulavati APMC,26.05,Metric Tonnes,Basmati,2701.0,3601.0,3387.37,Rs./Quintal,FAQ
Gulavati APMC,169.7,Metric Tonnes,Other,2800.0,3779.0,3479.22,Rs./Quintal,FAQ
Hapur APMC,141.997,Metric Tonnes,Other,3000.0,3760.0,3220.48,Rs./Quintal,FAQ
Hapur APMC,1167.448,Metric Tonnes,Basmati,3000.0,4000.0,3408.66,Rs./Quintal,FAQ
Hasanpur APMC,2.964,Metric Tonnes,Basmati,3200.0,3200.0,3200.0,Rs./Quintal,FAQ
Hasanpur APMC,137.0,Metric Tonnes,Common,2300.0,2300.0,2300.0,Rs./Quintal,FAQ
Hasanpur APMC,70.2,Metric Tonnes,Other,2300.0,3000.0,2774.53,Rs./Quintal,FAQ
Jahangirabad APMC,55.21,Metric Tonnes,Common,3251.0,3781.0,3576.25,Rs./Quintal,FAQ
Jahangirabad APMC,237.031,Metric Tonnes,Basmati,3200.0,3868.55,3509.12,Rs./Quintal,FAQ
Jahangirabad APMC,651.988,Metric Tonnes,Other,3200.0,3871.0,3518.93,Rs./Quintal,FAQ
Jewar APMC,6.5,Metric Tonnes,Common,3651.0,3661.0,3656.38,Rs./Quintal,FAQ
Jewar APMC,3.0,Metric Tonnes,Basmati,3581.0,3581.0,3581.0,Rs./Quintal,FAQ
Jewar APMC,73.41,Metric Tonnes,Other,3431.0,3650.0,3607.61,Rs./Quintal,FAQ
Kasganj APMC,111.621,Metric Tonnes,Other,2625.0,3600.0,3515.67,Rs./Quintal,FAQ
Kasganj APMC,135.136,Metric Tonnes,Common,3650.0,3650.0,3650.0,Rs./Quintal,FAQ
Khair APMC,385.536,Metric Tonnes,Basmati,3201.0,3731.0,3506.61,Rs./Quintal,FAQ
Khair APMC,484.386,Metric Tonnes,Other,3300.0,3731.0,3516.27,Rs./Quintal,FAQ
Khair APMC,0.9,Metric Tonnes,Common,3611.0,3611.0,3611.0,Rs./Quintal,FAQ
Kosikalan APMC,355.2,Metric Tonnes,Other,2400.0,3631.0,3430.68,Rs./Quintal,FAQ
Kosikalan APMC,865.2006,Metric Tonnes,Basmati,2700.0,3661.0,3413.25,Rs./Quintal,FAQ
Kosikalan APMC,520.035,Metric Tonnes,Common,2400.0,3661.0,3309.55,Rs./Quintal,FAQ
Lalganj APMC,73.3,Metric Tonnes,Common,2700.0,3100.0,2915.83,Rs./Quintal,FAQ
Lucknow APMC,9.75,Metric Tonnes,Common,2100.0,2100.0,2100.0,Rs./Quintal,FAQ
Manjhanpur APMC,109.0,Metric Tonnes,Basmati,2800.0,2800.0,2800.0,Rs./Quintal,FAQ
Manjhanpur APMC,48.0,Metric Tonnes,Paddy Coarse,2200.0,2200.0,2200.0,Rs./Quintal,FAQ
Mathura APMC,59.58,Metric Tonnes,Basmati,3000.0,3500.0,3160.54,Rs./Quintal,FAQ
Mathura APMC,24.7,Metric Tonnes,Common,3150.0,3425.0,3242.81,Rs./Quintal,FAQ
Mathura APMC,4.742,Metric Tonnes,Other,3251.0,3401.0,3358.55,Rs./Quintal,FAQ
Mihipurwa APMC,4.1,Metric Tonnes,Common,2000.0,2000.0,2000.0,Rs./Quintal,FAQ
Milak APMC,170.2,Metric Tonnes,Basmati,3090.0,3400.0,3248.88,Rs./Quintal,FAQ
Mohammdi APMC,50.05,Metric Tonnes,Common,1804.0,1814.0,1808.09,Rs./Quintal,FAQ
Mugrabaadshahpur APMC,158.048,Metric Tonnes,Common,2150.0,2600.0,2219.21,Rs./Quintal,FAQ
Nautnava APMC,245.065,Metric Tonnes,Common,2200.0,2200.0,2200.0,Rs./Quintal,FAQ
Partaval APMC,10.0,Metric Tonnes,Common,2200.0,2200.0,2200.0,Rs./Quintal,FAQ
Pilibhit APMC,30.5,Metric Tonnes,Common,2015.0,2030.0,2023.02,Rs./Quintal,FAQ
Powayan APMC,30.0,Metric Tonnes,Other,1850.0,1850.0,1850.0,Rs./Quintal,FAQ
Powayan APMC,66.455,Metric Tonnes,Basmati,3000.0,3450.0,3303.97,Rs./Quintal,FAQ
Powayan APMC,185.1,Metric Tonnes,Common,1950.0,2000.0,1962.28,Rs./Quintal,FAQ
Pratapgarh APMC,298.5,Metric Tonnes,Common,2200.0,3000.0,2224.52,Rs./Quintal,FAQ
Prayagraj APMC,38.7,Metric Tonnes,Common,2500.0,2700.0,2629.2,Rs./Quintal,FAQ
Prayagraj APMC,14.0,Metric Tonnes,Other,1850.0,1850.0,1850.0,Rs./Quintal,FAQ
Puranpur APMC,22.0,Metric Tonnes,Common,1900.0,1900.0,1900.0,Rs./Quintal,FAQ
Puranpur APMC,60.338,Metric Tonnes,Other,2500.0,2800.0,2622.52,Rs./Quintal,FAQ
Purwa APMC,9.25,Metric Tonnes,Basmati,2650.0,2650.0,2650.0,Rs./Quintal,FAQ
Raibareilly APMC,8.6,Metric Tonnes,Other,2400.0,2400.0,2400.0,Rs./Quintal,FAQ
Robertsganj APMC,20.777,Metric Tonnes,Common,2600.0,2600.0,2600.0,Rs./Quintal,FAQ
Rupaidiha APMC,20.54,Metric Tonnes,Kandhagiri,2000.0,2000.0,2000.0,Rs./Quintal,FAQ
Sahiyapur APMC,27.5,Metric Tonnes,Common,2530.0,2530.0,2530.0,Rs./Quintal,FAQ
Sambhal APMC,889.823,Metric Tonnes,Other,2600.0,3090.0,2923.09,Rs./Quintal,FAQ
Sambhal APMC,398.593,Metric Tonnes,Common,3012.0,3100.0,3083.86,Rs./Quintal,FAQ
Shahabad(New Mandi) APMC,38.2,Metric Tonnes,Common,1821.0,1850.0,1830.84,Rs./Quintal,FAQ
Shahjahanpur APMC,150.36,Metric Tonnes,Common,1800.0,1800.0,1800.0,Rs./Quintal,FAQ
Shahjahanpur APMC,109.08,Metric Tonnes,Other,1800.0,1900.0,1814.8,Rs./Quintal,FAQ
Sidhauli APMC,11.4,Metric Tonnes,Common,1955.0,1960.0,1956.58,Rs./Quintal,FAQ
Sikanderabad APMC,5.25,Metric Tonnes,Other,3240.0,3240.0,3240.0,Rs./Quintal,FAQ
Sikanderabad APMC,37.4,Metric Tonnes,Basmati,3400.0,3651.0,3599.37,Rs./Quintal,FAQ
Sitapur APMC,14.235,Metric Tonnes,Common,1790.0,1790.0,1790.0,Rs./Quintal,FAQ
Tulsipur APMC,15.8,Metric Tonnes,Common,2000.0,2000.0,2000.0,Rs./Quintal,FAQ
Unnao APMC,5.0,Metric Tonnes,Other,2600.0,2600.0,2600.0,Rs./Quintal,FAQ
Uttaripura APMC,37.4,Metric Tonnes,Common,2050.0,2050.0,2050.0,Rs./Quintal,FAQ
Yusufpur APMC,59.68,Metric Tonnes,Common,2900.0,2900.0,2900.0,Rs./Quintal,FAQ
Total,12029.81,Metric Tonnes,,,,3064.92,Rs./Quintal,
State/UT Name : West Bengal
Bankura Sadar APMC,3.25,Metric Tonnes,Common,2025.0,2400.0,2369.0,Rs./Quintal,FAQ
Birbhum APMC,61.0,Metric Tonnes,Common,2371.0,2373.0,2372.0,Rs./Quintal,FAQ
Bolpur APMC,60.0,Metric Tonnes,Common,2371.0,2373.0,2372.0,Rs./Quintal,FAQ
Ghatal APMC,13.0,Metric Tonnes,Common,2445.0,2460.0,2450.0,Rs./Quintal,FAQ
Indus(Bankura Sadar) APMC,2.5,Metric Tonnes,Common,2000.0,2400.0,2369.0,Rs./Quintal,FAQ
Jangipur APMC,28.45,Metric Tonnes,I.R. 36,2450.0,2550.0,2500.0,Rs./Quintal,FAQ
Sainthia APMC,61.0,Metric Tonnes,Common,2371.0,2373.0,2372.0,Rs./Quintal,FAQ
Total,229.2,Metric Tonnes,,,,2392.24,Rs./Quintal,
Grand Total,14939.69,Metric Tonnes,,,,3022.26,Rs./Quintal,
Rice
State/UT Name : Andhra Pradesh
Tiruvuru APMC,80.0,Metric Tonnes,Sona,4900.0,4900.0,4900.0,Rs./Quintal,Local
Total,80.0,Metric Tonnes,,,,4900.0,Rs./Quintal,
State/UT Name : Karnataka
Chintamani APMC,3.9000000000000004,Metric Tonnes,Broken Rice,3000.0,3200.0,3150.0,Rs./Quintal,Local
Chintamani APMC,22.1,Metric Tonnes,Sona,5230.0,5520.0,5300.0,Rs./Quintal,Local
Total,26.0,Metric Tonnes,,,,4977.5,Rs./Quintal,
State/UT Name : Maharashtra
APMC Alibagh ,1.0,Metric Tonnes,Other,4000.0,4500.0,4250.0,Rs./Quintal,Local
APMC Murud ,1.0,Metric Tonnes,Other,4000.0,4500.0,4250.0,Rs./Quintal,Local
Total,2.0,Metric Tonnes,,,,4250.0,Rs./Quintal,
State/UT Name : Tripura
Dasda APMC,0.4,Metric Tonnes,Other,3250.0,3350.0,3300.0,Rs./Quintal,FAQ
Jampuijala APMC,0.4,Metric Tonnes,Fine,4000.0,4400.0,4200.0,Rs./Quintal,Grade Range-1
Kalyanpur APMC,6.0,Metric Tonnes,Masuri,4200.0,4300.0,4250.0,Rs./Quintal,FAQ
Kanchanpur,1.3,Metric Tonnes,Sona Mansoori Non Basmati,3200.0,3400.0,3300.0,Rs./Quintal,FAQ
Masli,0.30000000000000004,Metric Tonnes,1009 Kar,3200.0,4000.0,3500.0,Rs./Quintal,Local
Total,8.4,Metric Tonnes,,,,4028.57,Rs./Quintal,
State/UT Name : Uttar Pradesh
Agra APMC,7.535,Metric Tonnes,Common,6578.1,6578.1,6578.1,Rs./Quintal,FAQ
Ahirora APMC,9.22,Metric Tonnes,Common,3400.0,3400.0,3400.0,Rs./Quintal,FAQ
Anandnagar APMC,24.1,Metric Tonnes,Common,2200.0,2200.0,2200.0,Rs./Quintal,FAQ
Atarra APMC,29.7,Metric Tonnes,Common,2500.0,2700.0,2689.9,Rs./Quintal,FAQ
Ayodhya APMC,37.49,Metric Tonnes,Common,2000.0,2700.0,2332.73,Rs./Quintal,FAQ
Azamgarh APMC,110.1,Metric Tonnes,Common,2400.0,2800.0,2503.27,Rs./Quintal,FAQ
Bachranwa APMC,18.83,Metric Tonnes,Common,2750.0,2750.0,2750.0,Rs./Quintal,FAQ
Ballia APMC,15.0,Metric Tonnes,Broken Rice,2400.0,2400.0,2400.0,Rs./Quintal,FAQ
Banda APMC,30.085,Metric Tonnes,Other,2400.0,2420.0,2405.98,Rs./Quintal,FAQ
Bansi APMC,43.0,Metric Tonnes,Common,2600.0,2600.0,2600.0,Rs./Quintal,FAQ
Banthara APMC,103.648,Metric Tonnes,Common,2200.0,2600.0,2273.24,Rs./Quintal,FAQ
Basti APMC,30.3,Metric Tonnes,Common,2505.0,2505.0,2505.0,Rs./Quintal,FAQ
Bharwari APMC,8.3,Metric Tonnes,Other,2500.0,2500.0,2500.0,Rs./Quintal,FAQ
Bindki APMC,30.28,Metric Tonnes,Common,2520.0,2530.0,2523.04,Rs./Quintal,FAQ
Bindki APMC,33.21,Metric Tonnes,Sarbati Raw,2710.0,2800.0,2775.65,Rs./Quintal,FAQ
Chhibramau APMC,33.8,Metric Tonnes,Common,2420.0,2420.0,2420.0,Rs./Quintal,FAQ
Choubepur APMC,18.5,Metric Tonnes,Common,2200.0,2200.0,2200.0,Rs./Quintal,FAQ
Etawah APMC,18.0,Metric Tonnes,Other,6033.34,6033.34,6033.34,Rs./Quintal,FAQ
Gadaura APMC,31.5,Metric Tonnes,Other,2300.0,2300.0,2300.0,Rs./Quintal,FAQ
Hapur APMC,37.0,Metric Tonnes,Common,3500.0,3500.0,3500.0,Rs./Quintal,FAQ
Jafarganj APMC,11.1,Metric Tonnes,Common,2675.0,2680.0,2676.76,Rs./Quintal,FAQ
Jangipura APMC,52.71,Metric Tonnes,Common,2640.0,2700.0,2671.3,Rs./Quintal,FAQ
Jayas APMC,3.5,Metric Tonnes,Common,2600.0,2600.0,2600.0,Rs./Quintal,FAQ
Jhansi APMC,9.33,Metric Tonnes,Other,7020.0,7020.0,7020.0,Rs./Quintal,FAQ
Kannauj APMC,8.0,Metric Tonnes,Common,2600.0,2600.0,2600.0,Rs./Quintal,FAQ
Kanpur(Grain) APMC,66.7,Metric Tonnes,Common,2300.0,2300.0,2300.0,Rs./Quintal,FAQ
Khalilabad APMC,74.0,Metric Tonnes,Common,2700.0,2700.0,2700.0,Rs./Quintal,FAQ
Kopaganj APMC,42.075,Metric Tonnes,Common,2460.0,2560.0,2488.83,Rs./Quintal,FAQ
Madhoganj APMC,82.5,Metric Tonnes,Common,2600.0,2600.0,2600.0,Rs./Quintal,FAQ
Maudaha APMC,5.3,Metric Tonnes,Other,2700.0,2700.0,2700.0,Rs./Quintal,FAQ
Mirzapur APMC,30.06,Metric Tonnes,Common,2150.0,2150.0,2150.0,Rs./Quintal,FAQ
Mugrabaadshahpur APMC,20.5,Metric Tonnes,Other,2200.0,2200.0,2200.0,Rs./Quintal,FAQ
Najibabad APMC,24.546,Metric Tonnes,Broken Rice(Kanki),3300.0,3300.0,3300.0,Rs./Quintal,FAQ
Naugarh APMC,8.2,Metric Tonnes,Common,2600.0,2600.0,2600.0,Rs./Quintal,FAQ
Nawabganj APMC,8.5,Metric Tonnes,Common,2900.0,2900.0,2900.0,Rs./Quintal,FAQ
Payagpur APMC,0.4,Metric Tonnes,Other,2600.0,2600.0,2600.0,Rs./Quintal,FAQ
Pratapgarh APMC,55.85,Metric Tonnes,Common,2400.0,2650.0,2455.51,Rs./Quintal,FAQ
Prayagraj APMC,29.586,Metric Tonnes,Basmati Haryana Sela(New),6400.0,8551.0,7490.55,Rs./Quintal,FAQ
Pukharayan APMC,31.57,Metric Tonnes,Common,2600.0,2600.0,2600.0,Rs./Quintal,FAQ
Raibareilly APMC,26.516,Metric Tonnes,Common,2250.0,2550.0,2399.75,Rs./Quintal,FAQ
Rudauli APMC,98.7,Metric Tonnes,Common,2650.0,2650.0,2650.0,Rs./Quintal,FAQ
Saharanpur APMC,9.15,Metric Tonnes,Other,3000.0,3000.0,3000.0,Rs./Quintal,FAQ
Sahiyapur APMC,30.74,Metric Tonnes,Common,2550.0,2550.0,2550.0,Rs./Quintal,FAQ
Shahganj APMC,42.0,Metric Tonnes,Common,2600.0,2600.0,2600.0,Rs./Quintal,FAQ
Sikandraraau APMC,25.35,Metric Tonnes,Other,2210.0,2215.0,2212.64,Rs./Quintal,FAQ
Sitapur APMC,84.69,Metric Tonnes,Common,1800.0,1805.0,1801.24,Rs./Quintal,FAQ
Sultanpur APMC,40.11,Metric Tonnes,Common,2500.0,2500.0,2500.0,Rs./Quintal,FAQ
Tulsipur APMC,17.0,Metric Tonnes,Common,2500.0,2500.0,2500.0,Rs./Quintal,FAQ
Utraula APMC,21.4,Metric Tonnes,Common,2400.0,2400.0,2400.0,Rs./Quintal,FAQ
Uttaripura APMC,81.78,Metric Tonnes,Common,2150.0,2150.0,2150.0,Rs./Quintal,FAQ
Total,1711.46,Metric Tonnes,,,,2648.5,Rs./Quintal,
State/UT Name : Uttarakhand
Gadarpur APMC,29.2,Metric Tonnes,Other,3450.0,3450.0,3450.0,Rs./Quintal,Local
Total,29.2,Metric Tonnes,,,,3450.0,Rs./Quintal,
State/UT Name : West Bengal
Balarampur APMC,3.5,Metric Tonnes,Other,3500.0,3700.0,3600.0,Rs./Quintal,FAQ
Bankura Sadar APMC,22.5,Metric Tonnes,Common,3250.0,3350.0,3300.0,Rs./Quintal,FAQ
Baruipur(Canning) APMC,5.0,Metric Tonnes,Common,3200.0,3400.0,3300.0,Rs./Quintal,FAQ
Baruipur(Canning) APMC,4.0,Metric Tonnes,Fine,5000.0,5200.0,5100.0,Rs./Quintal,FAQ
Beldanga APMC,3.0,Metric Tonnes,Other,3500.0,3700.0,3600.0,Rs./Quintal,FAQ
Bethuadahari APMC,11.5,Metric Tonnes,Fine,4900.0,5100.0,5000.0,Rs./Quintal,Grade Range-1
Birbhum APMC,34.0,Metric Tonnes,Common,3650.0,3800.0,3700.0,Rs./Quintal,FAQ
Bishnupur(Bankura) APMC,0.31000000000000005,Metric Tonnes,Common,3600.0,3700.0,3650.0,Rs./Quintal,FAQ
Bishnupur(Bankura) APMC,0.25,Metric Tonnes,Fine,4600.0,4800.0,4700.0,Rs./Quintal,FAQ
Bolpur APMC,39.0,Metric Tonnes,Common,3700.0,3800.0,3750.0,Rs./Quintal,FAQ
Burdwan APMC,17.0,Metric Tonnes,Common,3300.0,3450.0,3350.0,Rs./Quintal,FAQ
Burdwan APMC,20.0,Metric Tonnes,Fine,3650.0,3800.0,3700.0,Rs./Quintal,FAQ
Champadanga APMC,2.8,Metric Tonnes,Fine,4800.0,4900.0,4850.0,Rs./Quintal,FAQ
Champadanga APMC,2.0,Metric Tonnes,Sona Mansoori Non Basmati,3360.0,3400.0,3380.0,Rs./Quintal,FAQ
Diamond Harbour(South 24-pgs) APMC,8.5,Metric Tonnes,Common,3300.0,3500.0,3400.0,Rs./Quintal,FAQ
Diamond Harbour(South 24-pgs) APMC,7.0,Metric Tonnes,Super Fine,5000.0,5200.0,5100.0,Rs./Quintal,FAQ
Egra/contai APMC,45.0,Metric Tonnes,Fine,3400.0,3600.0,3500.0,Rs./Quintal,FAQ
Gajol APMC,19.0,Metric Tonnes,Common,4300.0,4500.0,4400.0,Rs./Quintal,FAQ
Ghatal APMC,12.8,Metric Tonnes,Masuri,3600.0,3640.0,3620.0,Rs./Quintal,FAQ
Guskara APMC,11.0,Metric Tonnes,Common,3250.0,3300.0,3300.0,Rs./Quintal,FAQ
Guskara APMC,35.5,Metric Tonnes,Fine,3800.0,3850.0,3850.0,Rs./Quintal,FAQ
Indus(Bankura Sadar) APMC,5.5,Metric Tonnes,Fine,4600.0,4700.0,4650.0,Rs./Quintal,FAQ
Jangipur APMC,26.35,Metric Tonnes,Common,5100.0,5300.0,5200.0,Rs./Quintal,FAQ
Kaliaganj APMC,12.0,Metric Tonnes,Fine,5400.0,5600.0,5500.0,Rs./Quintal,FAQ
Kalipur APMC,10.2,Metric Tonnes,Common,3360.0,3400.0,3380.0,Rs./Quintal,FAQ
Kalipur APMC,12.4,Metric Tonnes,Fine,4750.0,4850.0,4800.0,Rs./Quintal,FAQ
Kalna APMC,38.0,Metric Tonnes,Fine,3850.0,3900.0,3900.0,Rs./Quintal,FAQ
Kalna APMC,10.5,Metric Tonnes,Other,3250.0,3300.0,3300.0,Rs./Quintal,FAQ
Kalyani APMC,6.0,Metric Tonnes,Fine,4800.0,5000.0,4900.0,Rs./Quintal,Local
Kalyani APMC,3.0,Metric Tonnes,Masuri,3300.0,3500.0,3400.0,Rs./Quintal,Local
Kalyani APMC,3.0,Metric Tonnes,Sona,4600.0,4800.0,4700.0,Rs./Quintal,Local
Kandi APMC,12.0,Metric Tonnes,Common,3500.0,3700.0,3600.0,Rs./Quintal,FAQ
Karimpur APMC,12.5,Metric Tonnes,Fine,4900.0,5100.0,5000.0,Rs./Quintal,Grade Range-1
Kasimbazar APMC,10.0,Metric Tonnes,Common,3500.0,3700.0,3600.0,Rs./Quintal,FAQ
Lalbagh APMC,11.0,Metric Tonnes,Other,3500.0,3700.0,3600.0,Rs./Quintal,FAQ
Memari APMC,15.0,Metric Tonnes,Common,3300.0,3450.0,3350.0,Rs./Quintal,FAQ
Memari APMC,24.0,Metric Tonnes,Fine,3650.0,3800.0,3700.0,Rs./Quintal,FAQ
Nadia APMC,7.0,Metric Tonnes,Common,3300.0,3400.0,3350.0,Rs./Quintal,Local
Nadia APMC,10.4,Metric Tonnes,Fine,4700.0,4800.0,4750.0,Rs./Quintal,Local
Pandua APMC,6.75,Metric Tonnes,Fine,4400.0,4725.0,4500.0,Rs./Quintal,FAQ
Purulia APMC,10.0,Metric Tonnes,Other,3400.0,3600.0,3500.0,Rs./Quintal,FAQ
Ramkrishanpur(Howrah) APMC,0.5,Metric Tonnes,Other,3500.0,3700.0,3600.0,Rs./Quintal,FAQ
Ramkrishanpur(Howrah) APMC,0.6000000000000001,Metric Tonnes,Sona Mansoori Non Basmati,3300.0,3500.0,3400.0,Rs./Quintal,FAQ
Ranaghat APMC,9.9,Metric Tonnes,Fine,4600.0,4800.0,4700.0,Rs./Quintal,Local
Sainthia APMC,38.0,Metric Tonnes,Common,3650.0,3750.0,3700.0,Rs./Quintal,FAQ
Samsi APMC,9.5,Metric Tonnes,Fine,5250.0,5400.0,5350.0,Rs./Quintal,FAQ
Sheoraphuly APMC,6.1,Metric Tonnes,Masuri,3250.0,3400.0,3325.0,Rs./Quintal,FAQ
Siliguri APMC,80.0,Metric Tonnes,Fine(Basmati),5100.0,5300.0,5200.0,Rs./Quintal,FAQ
Uluberia APMC,0.45,Metric Tonnes,Other,3500.0,3700.0,3600.0,Rs./Quintal,FAQ
Uluberia APMC,0.55,Metric Tonnes,Sona Mansoori Non Basmati,3300.0,3500.0,3400.0,Rs./Quintal,FAQ
Total,694.86,Metric Tonnes,,,,4090.02,Rs./Quintal,
Grand Total,2551.92,Metric Tonnes,,,,3150.29,Rs./Quintal,
Wheat (MSP: Rs. 2585.00/Quintal)
State/UT Name : Bihar
Barbigha APMC,14.0,Metric Tonnes,147 Average,2585.0,2700.0,2640.0,Rs./Quintal,FAQ
Shekhpura APMC,14.0,Metric Tonnes,147 Average,2585.0,2700.0,2640.0,Rs./Quintal,FAQ
Total,28.0,Metric Tonnes,,,,2640.0,Rs./Quintal,
State/UT Name : Karnataka
Challakere APMC,22.0,Metric Tonnes,Other,2200.0,2200.0,2200.0,Rs./Quintal,Local
Total,22.0,Metric Tonnes,,,,2200.0,Rs./Quintal,
State/UT Name : Madhya Pradesh
Alampur APMC,72.10000000000001,Metric Tonnes,Wheat,2565.0,2580.0,2570.0,Rs./Quintal,FAQ
Alampur APMC,33.1,Metric Tonnes,Wheat,2550.0,2640.0,2620.0,Rs./Quintal,Non-FAQ
Badnagar APMC,8.0,Metric Tonnes,Wheat,2580.0,2580.0,2580.0,Rs./Quintal,FAQ
Badwaha APMC,3.2,Metric Tonnes,Wheat,2500.0,2500.0,2500.0,Rs./Quintal,FAQ
Badwani APMC,22.590000000000003,Metric Tonnes,Wheat,2610.0,2620.0,2620.0,Rs./Quintal,FAQ
Badwani APMC,6.8950000000000005,Metric Tonnes,Lokwan,2600.0,2600.0,2600.0,Rs./Quintal,FAQ
Baktara APMC,22.0,Metric Tonnes,Mill Quality,2625.0,2625.0,2625.0,Rs./Quintal,FAQ
Beohari APMC,332.97,Metric Tonnes,Mill Quality,2700.0,2700.0,2700.0,Rs./Quintal,FAQ
Bhikangaon APMC,46.19,Metric Tonnes,Wheat,2576.0,2815.0,2734.0,Rs./Quintal,FAQ
Bhind APMC,30.810000000000002,Metric Tonnes,Wheat,2500.0,2610.0,2500.0,Rs./Quintal,Non-FAQ
Chaakghat APMC,112.53,Metric Tonnes,Mill Quality,2510.0,2586.0,2580.0,Rs./Quintal,FAQ
Dhar APMC,3.63,Metric Tonnes,Wheat,2400.0,2400.0,2400.0,Rs./Quintal,FAQ
Dhar APMC,11.0,Metric Tonnes,Lokwan,2600.0,2630.0,2630.0,Rs./Quintal,FAQ
Javera APMC,1.725,Metric Tonnes,Mill Quality,2575.0,2575.0,2575.0,Rs./Quintal,Non-FAQ
Khargapur APMC,50.594,Metric Tonnes,Mill Quality,2520.0,2560.0,2560.0,Rs./Quintal,FAQ
Krishi Upaj Mandi Samiti Bichhiya,15.0,Metric Tonnes,Local,2400.0,2400.0,2400.0,Rs./Quintal,Non-FAQ
Kukshi APMC,0.376,Metric Tonnes,Wheat,2600.0,2600.0,2600.0,Rs./Quintal,FAQ
Lahar APMC,141.20000000000002,Metric Tonnes,Wheat,2560.0,2613.0,2610.0,Rs./Quintal,FAQ
Lashkar APMC,25.0,Metric Tonnes,Mill Quality,2310.0,2310.0,2310.0,Rs./Quintal,FAQ
Lashkar APMC,14.200000000000001,Metric Tonnes,Wheat,2600.0,2730.0,2680.0,Rs./Quintal,FAQ
Mandla APMC,49.6,Metric Tonnes,Mill Quality,2460.0,2575.0,2560.0,Rs./Quintal,FAQ
Mandla APMC,165.4,Metric Tonnes,Mill Quality,2430.0,2600.0,2450.0,Rs./Quintal,Non-FAQ
Mandla APMC,2.6,Metric Tonnes,Local,2475.0,2475.0,2475.0,Rs./Quintal,Non-FAQ
Mow APMC,24.636000000000003,Metric Tonnes,Wheat,2490.0,2565.0,2490.0,Rs./Quintal,Non-FAQ
Neemuch APMC,55.7,Metric Tonnes,Wheat,2950.0,2950.0,2950.0,Rs./Quintal,FAQ
Sailana APMC,9.0,Metric Tonnes,Wheat,2200.0,2210.0,2210.0,Rs./Quintal,FAQ
Satna APMC,3.543,Metric Tonnes,Wheat,2500.0,2500.0,2500.0,Rs./Quintal,Non-FAQ
Satna APMC,34.257,Metric Tonnes,Wheat,2430.0,2500.0,2450.0,Rs./Quintal,FAQ
Sidhi APMC,16.5,Metric Tonnes,Mill Quality,2400.0,2410.0,2400.0,Rs./Quintal,Non-FAQ
Suthalia APMC,13.5,Metric Tonnes,Wheat,2500.0,2515.0,2515.0,Rs./Quintal,FAQ
Umariya APMC,16.900000000000002,Metric Tonnes,Wheat,2305.0,2311.0,2311.0,Rs./Quintal,Non-FAQ
Umariya APMC,16.400000000000002,Metric Tonnes,Mill Quality,2301.0,2303.0,2303.0,Rs./Quintal,Non-FAQ
Total,1361.15,Metric Tonnes,,,,2592.27,Rs./Quintal,
State/UT Name : Maharashtra
APMC Ausa ,0.3,Metric Tonnes,Maharashtra 2189,2675.0,2675.0,2675.0,Rs./Quintal,FAQ
APMC Ausa ,1.2,Metric Tonnes,Maharashtra 2189,2400.0,2551.0,2501.0,Rs./Quintal,Non-FAQ
APMC Balapur ,10.7,Metric Tonnes,Other,2600.0,2800.0,2670.0,Rs./Quintal,FAQ
APMC Buldhana ,5.0,Metric Tonnes,Other,2000.0,2400.0,2200.0,Rs./Quintal,Non-FAQ
APMC Kada ,6.0,Metric Tonnes,Other,2600.0,2950.0,2800.0,Rs./Quintal,FAQ
APMC Kandhar ,1.3,Metric Tonnes,Other,1900.0,2480.0,2350.0,Rs./Quintal,Non-FAQ
APMC Paithan ,0.3,Metric Tonnes,Bansi,2720.0,2720.0,2720.0,Rs./Quintal,FAQ
APMC Shevgaon ,2.0,Metric Tonnes,Maharashtra 2189,2600.0,2700.0,2700.0,Rs./Quintal,FAQ
APMC Sillod ,33.0,Metric Tonnes,Other,2600.0,2700.0,2650.0,Rs./Quintal,FAQ
APMC Tumsar ,0.4,Metric Tonnes,Other,2651.0,2651.0,2651.0,Rs./Quintal,FAQ
Karjat(Rashin) ,1.5,Metric Tonnes,Other,2000.0,2500.0,2300.0,Rs./Quintal,Non-FAQ
"Omchatinya Multi State Agro Purpose Co-Op Society, Dist Ahilyanagar",0.25,Metric Tonnes,Other,2500.0,2700.0,2600.0,Rs./Quintal,Local
Total,61.95,Metric Tonnes,,,,2615.89,Rs./Quintal,
State/UT Name : NCT of Delhi
APMC Najafgarh,8.3,Metric Tonnes,Dara,2715.0,2751.0,2730.0,Rs./Quintal,FAQ
APMC Narela,22.5,Metric Tonnes,Mexican,2681.0,2805.0,2743.0,Rs./Quintal,FAQ
Total,30.8,Metric Tonnes,,,,2739.5,Rs./Quintal,
State/UT Name : Rajasthan
Bandikui APMC,8.6,Metric Tonnes,Other,2580.0,2650.0,2615.0,Rs./Quintal,Local
Kapasan APMC,4.4,Metric Tonnes,Lokwan,2400.0,2600.0,2500.0,Rs./Quintal,FAQ
Kishangarh Renwal APMC,10.0,Metric Tonnes,Other,2550.0,2650.0,2600.0,Rs./Quintal,Local
Lalsot APMC,33.5,Metric Tonnes,Other,2550.0,2690.0,2620.0,Rs./Quintal,Local
Malpura APMC,113.0,Metric Tonnes,Other,2500.0,2576.0,2550.0,Rs./Quintal,FAQ
Mandawari APMC,31.5,Metric Tonnes,Other,2500.0,2636.0,2585.0,Rs./Quintal,Local
Todaraisingh APMC,47.0,Metric Tonnes,Other,2600.0,2641.0,2620.0,Rs./Quintal,FAQ
Total,248.0,Metric Tonnes,,,,2580.55,Rs./Quintal,
State/UT Name : Uttar Pradesh
Achalda APMC,50.0,Metric Tonnes,Dara,2400.0,2400.0,2400.0,Rs./Quintal,FAQ
Achalda APMC,68.025,Metric Tonnes,Other,2400.0,2500.0,2444.83,Rs./Quintal,FAQ
Achalda APMC,28.0,Metric Tonnes,Medium Fine,2400.0,2400.0,2400.0,Rs./Quintal,FAQ
Achnera APMC,30.38,Metric Tonnes,Dara,2700.0,2725.0,2711.69,Rs./Quintal,FAQ
Achnera APMC,31.54,Metric Tonnes,Dara Mill Quality,2700.0,3100.0,3089.47,Rs./Quintal,FAQ
Ait APMC,30.191,Metric Tonnes,Other,2600.0,2610.0,2602.65,Rs./Quintal,FAQ
Ajuha APMC,101.88,Metric Tonnes,Dara,2400.0,2600.0,2494.65,Rs./Quintal,FAQ
Akbarpur APMC,16.4,Metric Tonnes,Medium,2450.0,2450.0,2450.0,Rs./Quintal,FAQ
Aliganj APMC,10.5,Metric Tonnes,Wheat-Organic,2550.0,2550.0,2550.0,Rs./Quintal,FAQ
Aliganj APMC,27.935,Metric Tonnes,Dara,2540.0,2545.0,2542.86,Rs./Quintal,FAQ
Aligarh APMC,30.0,Metric Tonnes,Other,2650.0,2650.0,2650.0,Rs./Quintal,FAQ
Aligarh APMC,30.155,Metric Tonnes,Dara,2525.0,2525.0,2525.0,Rs./Quintal,FAQ
Anandnagar APMC,18.5,Metric Tonnes,Dara,2400.0,2650.0,2599.49,Rs./Quintal,FAQ
Atarra APMC,116.53,Metric Tonnes,Deshi,2450.0,2650.0,2532.34,Rs./Quintal,FAQ
Atarra APMC,25.24,Metric Tonnes,Other,2600.0,2600.0,2600.0,Rs./Quintal,FAQ
Atarra APMC,12.6,Metric Tonnes,Dara,2450.0,2450.0,2450.0,Rs./Quintal,FAQ
Atarra APMC,40.0,Metric Tonnes,Wheat-Organic,2500.0,2500.0,2500.0,Rs./Quintal,FAQ
Atrauli APMC,17.98,Metric Tonnes,Dara,2600.0,2600.0,2600.0,Rs./Quintal,FAQ
Auraiya APMC,14.9,Metric Tonnes,Other,2620.0,2620.0,2620.0,Rs./Quintal,FAQ
Ayodhya APMC,4.1,Metric Tonnes,Dara,2500.0,2500.0,2500.0,Rs./Quintal,FAQ
Ayodhya APMC,12.6,Metric Tonnes,Local,2500.0,2500.0,2500.0,Rs./Quintal,FAQ
Ayodhya APMC,13.7,Metric Tonnes,Dara Mill Quality,2600.0,2600.0,2600.0,Rs./Quintal,FAQ
Azamgarh APMC,13.1,Metric Tonnes,Local,2585.0,2585.0,2585.0,Rs./Quintal,FAQ
Azamgarh APMC,175.23,Metric Tonnes,Dara,2585.0,2600.0,2591.9,Rs./Quintal,FAQ
Bachranwa APMC,42.905,Metric Tonnes,Dara,2400.0,2600.0,2514.77,Rs./Quintal,FAQ
Badayoun APMC,37.96,Metric Tonnes,Dara,2660.0,2675.0,2666.66,Rs./Quintal,FAQ
Bahraich APMC,100.0,Metric Tonnes,Dara,2500.0,2500.0,2500.0,Rs./Quintal,FAQ
Balrampur APMC,30.6,Metric Tonnes,Dara,2560.0,2650.0,2635.59,Rs./Quintal,FAQ
Banda APMC,38.6,Metric Tonnes,Other,2425.0,2426.0,2425.26,Rs./Quintal,FAQ
Banda APMC,17.1,Metric Tonnes,Dara,2450.0,2450.0,2450.0,Rs./Quintal,FAQ
Bangarmau APMC,31.05,Metric Tonnes,Dara Mill Quality,2600.0,2600.0,2600.0,Rs./Quintal,FAQ
Bangarmau APMC,150.45,Metric Tonnes,Dara,2600.0,2600.0,2600.0,Rs./Quintal,FAQ
Bansi APMC,8.4,Metric Tonnes,Dara,2500.0,2500.0,2500.0,Rs./Quintal,FAQ
Banthara APMC,20.64,Metric Tonnes,Dara Mill Quality,2550.0,2560.0,2558.24,Rs./Quintal,FAQ
Banthara APMC,279.22,Metric Tonnes,Dara,2550.0,2800.0,2624.8,Rs./Quintal,FAQ
Barabanki APMC,11.0,Metric Tonnes,Other,2450.0,2450.0,2450.0,Rs./Quintal,FAQ
Barabanki APMC,186.535,Metric Tonnes,Dara,2450.0,2600.0,2468.96,Rs./Quintal,FAQ
Bareilly APMC,10.9,Metric Tonnes,Dara Mill Quality,2609.0,2610.0,2609.65,Rs./Quintal,FAQ
Bareilly APMC,51.2,Metric Tonnes,Deshi,2600.0,2610.0,2601.84,Rs./Quintal,FAQ
Bareilly APMC,64.11,Metric Tonnes,Dara,2600.0,2600.0,2600.0,Rs./Quintal,FAQ
Baripaal APMC,1.8,Metric Tonnes,Local,2550.0,2550.0,2550.0,Rs./Quintal,FAQ
Baripaal APMC,14.35,Metric Tonnes,Dara,2560.0,2580.0,2573.03,Rs./Quintal,FAQ
Basti APMC,54.1,Metric Tonnes,Other,2450.0,2450.0,2450.0,Rs./Quintal,FAQ
Basti APMC,29.6,Metric Tonnes,Medium,2450.0,2450.0,2450.0,Rs./Quintal,FAQ
Basti APMC,64.1,Metric Tonnes,Dara,2450.0,2500.0,2473.85,Rs./Quintal,FAQ
Basti APMC,7.4,Metric Tonnes,Dara Mill Quality,2480.0,2480.0,2480.0,Rs./Quintal,FAQ
Bewar APMC,35.155,Metric Tonnes,Dara,2400.0,2500.0,2463.9,Rs./Quintal,FAQ
Bharthna APMC,140.382,Metric Tonnes,Dara,2550.0,2550.0,2550.0,Rs./Quintal,FAQ
Bharthna APMC,22.5,Metric Tonnes,Other,2550.0,2560.0,2553.56,Rs./Quintal,FAQ
Bharuasumerpur APMC,8.3,Metric Tonnes,Other,2580.0,2580.0,2580.0,Rs./Quintal,FAQ
Bharuasumerpur APMC,153.26,Metric Tonnes,Medium,2580.0,2630.0,2582.45,Rs./Quintal,FAQ
Bharwari APMC,10.3,Metric Tonnes,Other,2500.0,2500.0,2500.0,Rs./Quintal,FAQ
Bhehjoi APMC,88.0,Metric Tonnes,Mill Quality,2500.0,2551.0,2546.35,Rs./Quintal,FAQ
Bhehjoi APMC,41.4,Metric Tonnes,Dara,2500.0,2500.0,2500.0,Rs./Quintal,FAQ
Bindki APMC,148.488,Metric Tonnes,Dara,2550.0,2625.0,2562.57,Rs./Quintal,FAQ
Bindki APMC,281.575,Metric Tonnes,Other,2550.0,2630.0,2565.8,Rs./Quintal,FAQ
Charkhari APMC,81.8,Metric Tonnes,Deshi,2400.0,2400.0,2400.0,Rs./Quintal,FAQ
Charkhari APMC,64.07,Metric Tonnes,Other,2550.0,2600.0,2558.34,Rs./Quintal,FAQ
Charkhari APMC,60.2,Metric Tonnes,Dara,2400.0,2400.0,2400.0,Rs./Quintal,FAQ
Charra APMC,21.02,Metric Tonnes,Other,2500.0,2500.0,2500.0,Rs./Quintal,FAQ
Charra APMC,30.0,Metric Tonnes,Hybrid,2520.0,2520.0,2520.0,Rs./Quintal,FAQ
Charra APMC,26.596,Metric Tonnes,Dara,2500.0,2600.0,2571.8,Rs./Quintal,FAQ
Chhibramau APMC,12.6,Metric Tonnes,Medium,2450.0,2500.0,2472.42,Rs./Quintal,FAQ
Choubepur APMC,25.4,Metric Tonnes,Other,2400.0,2400.0,2400.0,Rs./Quintal,FAQ
Dankaur APMC,75.0,Metric Tonnes,Dara,2701.0,2701.0,2701.0,Rs./Quintal,FAQ
Dataganj APMC,23.72,Metric Tonnes,Dara,2600.0,2600.0,2600.0,Rs./Quintal,FAQ
Dataganj APMC,4.9,Metric Tonnes,PBW-343,2500.0,2500.0,2500.0,Rs./Quintal,FAQ
Devariya APMC,3.265,Metric Tonnes,Hybrid,2745.18,2745.18,2745.18,Rs./Quintal,FAQ
Devariya APMC,2.54,Metric Tonnes,Sharbati,2743.31,2743.31,2743.31,Rs./Quintal,FAQ
Devariya APMC,5.18,Metric Tonnes,Dara,2745.18,2745.18,2745.18,Rs./Quintal,FAQ
Devariya APMC,2.405,Metric Tonnes,Sonalika,2745.11,2745.11,2745.11,Rs./Quintal,FAQ
Devariya APMC,29.39,Metric Tonnes,White,2740.0,2760.0,2751.11,Rs./Quintal,FAQ
Dhanaura APMC,20.5,Metric Tonnes,Dara,2600.0,2602.0,2600.61,Rs./Quintal,FAQ
Dibiapur APMC,7.5,Metric Tonnes,Other,2600.0,2600.0,2600.0,Rs./Quintal,FAQ
Dibiapur APMC,44.5,Metric Tonnes,Dara,2550.0,2650.0,2572.25,Rs./Quintal,FAQ
Dudhi APMC,12.2,Metric Tonnes,Dara,2400.0,2400.0,2400.0,Rs./Quintal,FAQ
Etah APMC,31.6,Metric Tonnes,Mill Quality,2500.0,2500.0,2500.0,Rs./Quintal,FAQ
Etah APMC,91.4,Metric Tonnes,Dara,2500.0,2500.0,2500.0,Rs./Quintal,FAQ
Etah APMC,24.9,Metric Tonnes,Other,2500.0,2501.0,2500.05,Rs./Quintal,FAQ
Fatehpur APMC,4.1,Metric Tonnes,Dara,2580.0,2580.0,2580.0,Rs./Quintal,FAQ
Firozabad APMC,4.1,Metric Tonnes,Dara,2735.0,2735.0,2735.0,Rs./Quintal,FAQ
Gadaura APMC,50.375,Metric Tonnes,Dara,2500.0,2500.0,2500.0,Rs./Quintal,FAQ
Ghiraur APMC,30.0,Metric Tonnes,Dara,2500.0,2500.0,2500.0,Rs./Quintal,FAQ
Golagokarnath APMC,90.8,Metric Tonnes,Dara,2400.0,2580.0,2485.3,Rs./Quintal,FAQ
Gonda APMC,16.91,Metric Tonnes,Dara Mill Quality,2800.0,2800.0,2800.0,Rs./Quintal,FAQ
Gorakhpur APMC,4.9,Metric Tonnes,Medium,2500.0,2500.0,2500.0,Rs./Quintal,FAQ
Gorakhpur APMC,4.0,Metric Tonnes,PBW-343,2650.0,2650.0,2650.0,Rs./Quintal,FAQ
Gorakhpur APMC,14.0,Metric Tonnes,Dara Mill Quality,2500.0,2500.0,2500.0,Rs./Quintal,FAQ
Gorakhpur APMC,98.49,Metric Tonnes,Dara,2500.0,2780.0,2641.43,Rs./Quintal,FAQ
Gulavati APMC,0.275,Metric Tonnes,Other,2670.0,2670.0,2670.0,Rs./Quintal,FAQ
Haathras APMC,12.4,Metric Tonnes,Other,2511.0,2511.0,2511.0,Rs./Quintal,FAQ
Hargaon (Laharpur) APMC,30.63,Metric Tonnes,Dara Mill Quality,2500.0,2500.0,2500.0,Rs./Quintal,FAQ
Hasanpur APMC,20.14,Metric Tonnes,Other,2540.0,2540.0,2540.0,Rs./Quintal,FAQ
Hasanpur APMC,13.5,Metric Tonnes,Dara,2535.0,2555.0,2546.48,Rs./Quintal,FAQ
Jafarganj APMC,66.24,Metric Tonnes,Dara,2300.0,2580.0,2478.72,Rs./Quintal,FAQ
Jahanabad APMC,30.5,Metric Tonnes,Dara,2500.0,2550.0,2542.46,Rs./Quintal,FAQ
Jahanabad APMC,21.0,Metric Tonnes,Dara Mill Quality,2500.0,2500.0,2500.0,Rs./Quintal,FAQ
Jahangirabad APMC,4.455,Metric Tonnes,Dara Mill Quality,2671.0,2671.0,2671.0,Rs./Quintal,FAQ
Jalalabad APMC,13.32,Metric Tonnes,Deshi,2650.0,2650.0,2650.0,Rs./Quintal,FAQ
Jalalabad APMC,31.26,Metric Tonnes,Other,2430.0,2430.0,2430.0,Rs./Quintal,FAQ
Jalaun APMC,7.7,Metric Tonnes,Milbar,2550.0,2550.0,2550.0,Rs./Quintal,FAQ
Jalaun APMC,15.6,Metric Tonnes,Dara,2564.0,2564.0,2564.0,Rs./Quintal,FAQ
Jalaun APMC,7.8,Metric Tonnes,Mill Quality,2550.0,2550.0,2550.0,Rs./Quintal,FAQ
Jaunpur APMC,8.9,Metric Tonnes,Other,2525.0,2525.0,2525.0,Rs./Quintal,FAQ
Jaunpur APMC,14.12,Metric Tonnes,Dara Mill Quality,2680.0,2699.0,2691.77,Rs./Quintal,FAQ
Jayas APMC,279.995,Metric Tonnes,Dara,2400.0,2680.0,2530.34,Rs./Quintal,FAQ
Jhansi APMC,57.825,Metric Tonnes,Mill Quality,2360.0,2425.0,2386.04,Rs./Quintal,FAQ
Jhansi APMC,38.585,Metric Tonnes,Other,2355.0,2360.0,2358.04,Rs./Quintal,FAQ
Jhijhank APMC,8.62,Metric Tonnes,2189 No. 2,2400.0,2400.0,2400.0,Rs./Quintal,FAQ
Jhijhank APMC,107.85,Metric Tonnes,Dara,2350.0,2675.0,2581.62,Rs./Quintal,FAQ
Kadaura APMC,25.1,Metric Tonnes,Other,2500.0,2500.0,2500.0,Rs./Quintal,FAQ
Kadaura APMC,21.277,Metric Tonnes,Super Fine,2350.0,2350.0,2350.0,Rs./Quintal,FAQ
Kalpi APMC,40.05,Metric Tonnes,Other,2600.0,2600.0,2600.0,Rs./Quintal,FAQ
Kalpi APMC,9.15,Metric Tonnes,Dara,2500.0,2500.0,2500.0,Rs./Quintal,FAQ
Kannauj APMC,1.52,Metric Tonnes,Super Fine,2500.0,2500.0,2500.0,Rs./Quintal,FAQ
Kannauj APMC,38.535,Metric Tonnes,Dara,2500.0,2600.0,2547.54,Rs./Quintal,FAQ
Kanpur(Grain) APMC,24.1,Metric Tonnes,Medium,2360.0,2580.0,2426.64,Rs./Quintal,FAQ
Kanpur(Grain) APMC,10.1,Metric Tonnes,Dara Mill Quality,2360.0,2360.0,2360.0,Rs./Quintal,FAQ
Kanpur(Grain) APMC,15.15,Metric Tonnes,Hybrid,2670.0,2670.0,2670.0,Rs./Quintal,FAQ
Kanpur(Grain) APMC,38.0,Metric Tonnes,Other,2625.0,2680.0,2653.95,Rs./Quintal,FAQ
Kanpur(Grain) APMC,130.57,Metric Tonnes,Dara,2700.0,2750.0,2713.4,Rs./Quintal,FAQ
Karvi APMC,11.278,Metric Tonnes,Other,2500.0,2500.0,2500.0,Rs./Quintal,FAQ
Karvi APMC,72.035,Metric Tonnes,Dara,2520.0,2550.0,2530.62,Rs./Quintal,FAQ
Karvi APMC,74.16,Metric Tonnes,Deshi,2520.0,2520.0,2520.0,Rs./Quintal,FAQ
Karvi APMC,76.865,Metric Tonnes,Dara Mill Quality,2450.0,2530.0,2477.11,Rs./Quintal,FAQ
Kasganj APMC,60.0,Metric Tonnes,Dara Mill Quality,2666.0,2666.0,2666.0,Rs./Quintal,FAQ
Kasganj APMC,10.5,Metric Tonnes,Medium,2550.0,2600.0,2570.0,Rs./Quintal,FAQ
Kasganj APMC,67.43,Metric Tonnes,Dara,2500.0,2650.0,2533.21,Rs./Quintal,FAQ
Kasganj APMC,30.0,Metric Tonnes,Other,2710.0,2710.0,2710.0,Rs./Quintal,FAQ
Khaga APMC,26.82,Metric Tonnes,Dara,2580.0,2580.0,2580.0,Rs./Quintal,FAQ
Khair APMC,29.641,Metric Tonnes,Other,2600.0,2600.0,2600.0,Rs./Quintal,FAQ
Khair APMC,23.485,Metric Tonnes,Dara,2640.0,2640.0,2640.0,Rs./Quintal,FAQ
Khairagarh APMC,13.7,Metric Tonnes,Other,2550.0,2550.0,2550.0,Rs./Quintal,FAQ
Khairagarh APMC,5.0,Metric Tonnes,Dara,2550.0,2550.0,2550.0,Rs./Quintal,FAQ
Khalilabad APMC,109.6,Metric Tonnes,Dara,2530.0,2740.0,2573.69,Rs./Quintal,FAQ
Khalilabad APMC,27.0,Metric Tonnes,Other,2530.0,2530.0,2530.0,Rs./Quintal,FAQ
Khekda APMC,1.14,Metric Tonnes,Dara,2700.0,2700.0,2700.0,Rs./Quintal,FAQ
Khurja APMC,3.5,Metric Tonnes,Other,2600.0,2600.0,2600.0,Rs./Quintal,FAQ
Kishunpur APMC,19.74,Metric Tonnes,Other,2500.0,2500.0,2500.0,Rs./Quintal,FAQ
Konch APMC,5.0,Metric Tonnes,Dara Mill Quality,2335.0,2335.0,2335.0,Rs./Quintal,FAQ
Konch APMC,38.5,Metric Tonnes,Other,2490.0,2490.0,2490.0,Rs./Quintal,FAQ
Konch APMC,28.8,Metric Tonnes,Dara,2700.0,2700.0,2700.0,Rs./Quintal,FAQ
Kosikalan APMC,5.15,Metric Tonnes,Other,2613.0,2613.0,2613.0,Rs./Quintal,FAQ
Kurara APMC,53.0,Metric Tonnes,Dara,2500.0,2500.0,2500.0,Rs./Quintal,FAQ
Kurara APMC,27.5,Metric Tonnes,Other,2500.0,2500.0,2500.0,Rs./Quintal,FAQ
Kushinagar APMC,3.0,Metric Tonnes,Dara,2500.0,2500.0,2500.0,Rs./Quintal,FAQ
Lalganj APMC,165.895,Metric Tonnes,Dara,2600.0,2686.0,2630.07,Rs./Quintal,FAQ
Lalitpur APMC,192.2,Metric Tonnes,Mill Quality,2350.0,2370.0,2357.45,Rs./Quintal,FAQ
Lalitpur APMC,21.2,Metric Tonnes,Other,2500.0,2500.0,2500.0,Rs./Quintal,FAQ
Lalitpur APMC,28.7,Metric Tonnes,Dara,2351.0,2351.0,2351.0,Rs./Quintal,FAQ
Lalitpur APMC,23.8,Metric Tonnes,Medium,2575.0,2575.0,2575.0,Rs./Quintal,FAQ
Lucknow APMC,12.7,Metric Tonnes,Deshi,2690.0,2690.0,2690.0,Rs./Quintal,FAQ
Lucknow APMC,12.7,Metric Tonnes,Kalawal,2690.0,2690.0,2690.0,Rs./Quintal,FAQ
Lucknow APMC,6.9,Metric Tonnes,Coarse,2690.0,2690.0,2690.0,Rs./Quintal,FAQ
Lucknow APMC,26.5,Metric Tonnes,Medium Fine,2690.0,2690.0,2690.0,Rs./Quintal,FAQ
Lucknow APMC,221.4,Metric Tonnes,Medium,2690.0,2690.0,2690.0,Rs./Quintal,FAQ
Madhoganj APMC,80.365,Metric Tonnes,Dara,2500.0,2500.0,2500.0,Rs./Quintal,FAQ
Madhoganj APMC,44.0,Metric Tonnes,Dara Mill Quality,2580.0,2580.0,2580.0,Rs./Quintal,FAQ
Madhogarh APMC,57.8,Metric Tonnes,Dara,2550.0,2550.0,2550.0,Rs./Quintal,FAQ
Madhogarh APMC,61.15,Metric Tonnes,Local,2550.0,2550.0,2550.0,Rs./Quintal,FAQ
Mahoba APMC,7.2,Metric Tonnes,Dara,2500.0,2500.0,2500.0,Rs./Quintal,FAQ
Maholi APMC,9.9,Metric Tonnes,Dara,2500.0,2500.0,2500.0,Rs./Quintal,FAQ
Maigalganj APMC,1.5,Metric Tonnes,Dara,2640.0,2640.0,2640.0,Rs./Quintal,FAQ
Mainpuri APMC,36.1,Metric Tonnes,Dara,2600.0,2600.0,2600.0,Rs./Quintal,FAQ
Mathura APMC,49.855,Metric Tonnes,Dara,2500.0,2571.0,2505.36,Rs./Quintal,FAQ
Mathura APMC,20.0,Metric Tonnes,Medium,2510.0,2515.0,2512.5,Rs./Quintal,FAQ
Mau(Chitrakut) APMC,116.0,Metric Tonnes,Deshi,2400.0,2500.0,2477.59,Rs./Quintal,FAQ
Mau(Chitrakut) APMC,26.03,Metric Tonnes,Medium,2500.0,2500.0,2500.0,Rs./Quintal,FAQ
Mau(Chitrakut) APMC,63.865,Metric Tonnes,Other,2400.0,2600.0,2527.14,Rs./Quintal,FAQ
Maudaha APMC,63.3,Metric Tonnes,Deshi,2500.0,2500.0,2500.0,Rs./Quintal,FAQ
Maudaha APMC,8.46,Metric Tonnes,Other,2500.0,2500.0,2500.0,Rs./Quintal,FAQ
Maudaha APMC,29.8,Metric Tonnes,Medium,2500.0,2500.0,2500.0,Rs./Quintal,FAQ
Mauranipur APMC,25.437,Metric Tonnes,Other,2400.0,2400.0,2400.0,Rs./Quintal,FAQ
Meeranpur Katra APMC,70.0,Metric Tonnes,Other,2490.0,2490.0,2490.0,Rs./Quintal,FAQ
Meeranpur Katra APMC,14.0,Metric Tonnes,Dara,2590.0,2590.0,2590.0,Rs./Quintal,FAQ
Meeranpur Katra APMC,18.2,Metric Tonnes,Medium,2490.0,2490.0,2490.0,Rs./Quintal,FAQ
Meerut APMC,6.0,Metric Tonnes,Dara,2610.0,2610.0,2610.0,Rs./Quintal,FAQ
Mehmoodabad APMC,25.5,Metric Tonnes,Dara,2600.0,2600.02,2600.01,Rs./Quintal,FAQ
Mehmoodabad APMC,5.8,Metric Tonnes,Kalyan,2600.0,2600.0,2600.0,Rs./Quintal,FAQ
Mehmoodabad APMC,198.385,Metric Tonnes,Other,2600.0,2650.0,2613.51,Rs./Quintal,FAQ
Mehrauni APMC,23.8,Metric Tonnes,Dara,2300.0,2315.0,2306.2,Rs./Quintal,FAQ
Mihipurwa APMC,52.69,Metric Tonnes,Other,2400.0,2600.0,2440.68,Rs./Quintal,FAQ
Mihipurwa APMC,26.0,Metric Tonnes,Hybrid,2550.0,2600.0,2557.12,Rs./Quintal,FAQ
Milak APMC,29.04,Metric Tonnes,Dara,2500.0,2500.0,2500.0,Rs./Quintal,FAQ
Mirzapur APMC,1.8,Metric Tonnes,Deshi,2500.0,2500.0,2500.0,Rs./Quintal,FAQ
Mirzapur APMC,20.06,Metric Tonnes,Dara,2500.0,2500.0,2500.0,Rs./Quintal,FAQ
Mohamadabad APMC,19.1,Metric Tonnes,Other,2405.0,2405.0,2405.0,Rs./Quintal,FAQ
Mohammdi APMC,10.0,Metric Tonnes,Dara,2510.0,2600.0,2546.0,Rs./Quintal,FAQ
Mohammdi APMC,6.8,Metric Tonnes,Other,2650.0,2650.0,2650.0,Rs./Quintal,FAQ
Moth APMC,11.9,Metric Tonnes,Other,2630.0,2685.0,2666.43,Rs./Quintal,FAQ
Moth APMC,76.5,Metric Tonnes,Deshi,2600.0,2620.0,2607.84,Rs./Quintal,FAQ
Moth APMC,15.3,Metric Tonnes,Dara,2675.0,2695.0,2684.64,Rs./Quintal,FAQ
Mugrabaadshahpur APMC,10.2,Metric Tonnes,Medium,2425.0,2425.0,2425.0,Rs./Quintal,FAQ
Mugrabaadshahpur APMC,26.95,Metric Tonnes,Other,2500.0,2550.0,2536.46,Rs./Quintal,FAQ
Muradnagar APMC,2.305,Metric Tonnes,Other,2620.0,2640.0,2630.93,Rs./Quintal,FAQ
Muskara APMC,56.801,Metric Tonnes,Other,2350.0,2350.0,2350.0,Rs./Quintal,FAQ
Naugarh APMC,116.44,Metric Tonnes,Dara,2500.0,2600.0,2527.67,Rs./Quintal,FAQ
Nawabganj APMC,14.6,Metric Tonnes,Medium,2500.0,2500.0,2500.0,Rs./Quintal,FAQ
Nawabganj APMC,33.89,Metric Tonnes,Dara,2600.0,2600.0,2600.0,Rs./Quintal,FAQ
Orai APMC,45.9,Metric Tonnes,Dara,2450.0,2500.0,2461.33,Rs./Quintal,FAQ
Orai APMC,38.2,Metric Tonnes,Other,2402.0,2630.0,2468.32,Rs./Quintal,FAQ
Paliakala APMC,30.86,Metric Tonnes,Dara,2500.0,2500.0,2500.0,Rs./Quintal,FAQ
Partaval APMC,57.42,Metric Tonnes,Dara,2400.0,2400.0,2400.0,Rs./Quintal,FAQ
Payagpur APMC,41.7,Metric Tonnes,Other,2425.0,2500.0,2443.35,Rs./Quintal,FAQ
Powayan APMC,14.4,Metric Tonnes,Other,2450.0,2450.0,2450.0,Rs./Quintal,FAQ
Powayan APMC,39.94,Metric Tonnes,Dara,2450.0,2450.0,2450.0,Rs./Quintal,FAQ
Pratapgarh APMC,291.145,Metric Tonnes,Dara,2400.0,2640.0,2475.51,Rs./Quintal,FAQ
Prayagraj APMC,30.0,Metric Tonnes,Deshi,2250.0,2250.0,2250.0,Rs./Quintal,FAQ
Prayagraj APMC,17.5,Metric Tonnes,Other,2400.0,2600.0,2525.71,Rs./Quintal,FAQ
Prayagraj APMC,78.5,Metric Tonnes,Dara,2400.0,2500.0,2435.67,Rs./Quintal,FAQ
Prayagraj APMC,29.0,Metric Tonnes,Wheat-Organic,2250.0,2250.0,2250.0,Rs./Quintal,FAQ
Pukharayan APMC,7.5,Metric Tonnes,Dara Mill Quality,2500.0,2500.0,2500.0,Rs./Quintal,FAQ
Pukharayan APMC,126.125,Metric Tonnes,Dara,2450.0,2600.0,2539.76,Rs./Quintal,FAQ
Puranpur APMC,4.0,Metric Tonnes,Dara,2600.0,2600.0,2600.0,Rs./Quintal,FAQ
Purwa APMC,97.335,Metric Tonnes,Other,2540.0,2550.0,2545.65,Rs./Quintal,FAQ
Purwa APMC,171.255,Metric Tonnes,Dara,2450.0,2525.65,2486.32,Rs./Quintal,FAQ
Raath APMC,63.408,Metric Tonnes,Deshi,2400.0,2410.0,2402.45,Rs./Quintal,FAQ
Raath APMC,30.0,Metric Tonnes,Dara,2400.0,2400.0,2400.0,Rs./Quintal,FAQ
Raath APMC,70.8,Metric Tonnes,Other,2400.0,2600.0,2419.21,Rs./Quintal,FAQ
Raibareilly APMC,0.7,Metric Tonnes,White,2400.0,2400.0,2400.0,Rs./Quintal,FAQ
Raibareilly APMC,202.648,Metric Tonnes,Dara,2500.0,2615.01,2595.88,Rs./Quintal,FAQ
Risia APMC,15.5,Metric Tonnes,Dara,2250.0,2250.0,2250.0,Rs./Quintal,FAQ
Robertsganj APMC,25.0,Metric Tonnes,Dara Mill Quality,2500.0,2525.0,2516.5,Rs./Quintal,FAQ
Rudauli APMC,65.067,Metric Tonnes,Dara,2475.0,2500.0,2481.21,Rs./Quintal,FAQ
Rura APMC,7.5,Metric Tonnes,Hybrid,2500.0,2500.0,2500.0,Rs./Quintal,FAQ
Rura APMC,69.3,Metric Tonnes,Dara,2500.0,2500.0,2500.0,Rs./Quintal,FAQ
Rura APMC,8.1,Metric Tonnes,Other,2630.0,2640.0,2634.57,Rs./Quintal,FAQ
Rura APMC,12.3,Metric Tonnes,Medium,2500.0,2500.0,2500.0,Rs./Quintal,FAQ
Safdarganj APMC,6.0,Metric Tonnes,Sharbati,2450.0,2450.0,2450.0,Rs./Quintal,FAQ
Safdarganj APMC,271.163,Metric Tonnes,Dara,2450.0,2575.0,2460.93,Rs./Quintal,FAQ
Safdarganj APMC,14.0,Metric Tonnes,Other,2450.0,2700.0,2583.93,Rs./Quintal,FAQ
Saharanpur APMC,19.5,Metric Tonnes,Dara,2625.0,2625.0,2625.0,Rs./Quintal,FAQ
Sahiyapur APMC,40.0,Metric Tonnes,Other,2450.0,2450.0,2450.0,Rs./Quintal,FAQ
Sahiyapur APMC,115.8,Metric Tonnes,Dara,2430.0,2600.0,2444.39,Rs./Quintal,FAQ
Salon APMC,4.0,Metric Tonnes,Medium,2400.0,2400.0,2400.0,Rs./Quintal,FAQ
Salon APMC,51.0,Metric Tonnes,Dara,2450.0,2560.0,2536.42,Rs./Quintal,FAQ
Sandi APMC,15.3,Metric Tonnes,Dara,2580.0,2580.0,2580.0,Rs./Quintal,FAQ
Sandila APMC,121.08,Metric Tonnes,Dara,2500.0,2500.0,2500.0,Rs./Quintal,FAQ
Sehjanwa APMC,71.572,Metric Tonnes,Dara,2750.0,2782.0,2766.02,Rs./Quintal,FAQ
Shahabad(New Mandi) APMC,48.7,Metric Tonnes,Dara,2450.0,2455.0,2451.64,Rs./Quintal,FAQ
Shahganj APMC,51.6,Metric Tonnes,Other,2600.0,2600.0,2600.0,Rs./Quintal,FAQ
Shahganj APMC,141.02,Metric Tonnes,Dara,2400.0,2690.0,2600.56,Rs./Quintal,FAQ
Shahjahanpur APMC,151.5,Metric Tonnes,Dara,2525.0,2525.0,2525.0,Rs./Quintal,FAQ
Shohratgarh APMC,92.0,Metric Tonnes,Dara,2450.0,2450.0,2450.0,Rs./Quintal,FAQ
Sikanderabad APMC,3.5,Metric Tonnes,Other,2710.0,2710.0,2710.0,Rs./Quintal,FAQ
Sikandraraau APMC,32.145,Metric Tonnes,Other,2500.0,2510.0,2502.55,Rs./Quintal,FAQ
Sikandraraau APMC,29.965,Metric Tonnes,Dara,2500.0,2500.0,2500.0,Rs./Quintal,FAQ
Sultanpur APMC,34.8,Metric Tonnes,Dara,2450.0,2450.0,2450.0,Rs./Quintal,FAQ
Tanda Akbarpur APMC,11.9,Metric Tonnes,Hybrid,2450.0,2450.0,2450.0,Rs./Quintal,FAQ
Tanda Akbarpur APMC,8.9,Metric Tonnes,Dara,2600.0,2600.0,2600.0,Rs./Quintal,FAQ
Tilhar APMC,4.3,Metric Tonnes,Other,2460.0,2460.0,2460.0,Rs./Quintal,FAQ
Tulsipur APMC,55.0,Metric Tonnes,Other,2500.0,2500.0,2500.0,Rs./Quintal,FAQ
Tulsipur APMC,63.0,Metric Tonnes,Medium,2500.0,2630.0,2607.3,Rs./Quintal,FAQ
Ujhani APMC,92.5,Metric Tonnes,Dara,2510.0,2700.0,2602.04,Rs./Quintal,FAQ
Unnao APMC,54.02,Metric Tonnes,Dara Mill Quality,2550.0,2550.0,2550.0,Rs./Quintal,FAQ
Unnao APMC,151.0,Metric Tonnes,Other,2585.0,2585.0,2585.0,Rs./Quintal,FAQ
Utraula APMC,12.9,Metric Tonnes,Sharbati,2405.0,2405.0,2405.0,Rs./Quintal,FAQ
Utraula APMC,30.5,Metric Tonnes,Other,2405.0,2405.0,2405.0,Rs./Quintal,FAQ
Utraula APMC,56.8,Metric Tonnes,Dara,2405.0,2500.0,2431.76,Rs./Quintal,FAQ
Uttaripura APMC,21.0,Metric Tonnes,Other,2400.0,2400.0,2400.0,Rs./Quintal,FAQ
Varanasi APMC,3.0,Metric Tonnes,Deshi,2450.0,2450.0,2450.0,Rs./Quintal,FAQ
Viswan APMC,13.3,Metric Tonnes,Dara,2500.0,2500.0,2500.0,Rs./Quintal,FAQ
Wazirganj APMC,7.7,Metric Tonnes,Other,2550.0,2550.0,2550.0,Rs./Quintal,FAQ
Total,11982.72,Metric Tonnes,,,,2533.32,Rs./Quintal,
State/UT Name : Uttarakhand
Lakshar APMC,0.75,Metric Tonnes,Other,2585.0,2600.0,2590.0,Rs./Quintal,Local
Total,0.75,Metric Tonnes,,,,2590.0,Rs./Quintal,
State/UT Name : West Bengal
Beldanga APMC,2.0,Metric Tonnes,Other,2550.0,2700.0,2600.0,Rs./Quintal,FAQ
Bishnupur(Bankura) APMC,0.22999999999999998,Metric Tonnes,Sonalika,2600.0,2800.0,2700.0,Rs./Quintal,FAQ
Jangipur APMC,13.75,Metric Tonnes,Deshi,2650.0,2750.0,2700.0,Rs./Quintal,FAQ
Kandi APMC,2.0,Metric Tonnes,Sonalika,2700.0,2800.0,2750.0,Rs./Quintal,FAQ
Karimpur APMC,9.5,Metric Tonnes,Other,2600.0,2800.0,2700.0,Rs./Quintal,Grade Range-1
Kasimbazar APMC,2.0,Metric Tonnes,Sonalika,2700.0,2800.0,2750.0,Rs./Quintal,FAQ
Total,29.48,Metric Tonnes,,,,2700.0,Rs./Quintal,
Grand Total,13764.85,Metric Tonnes,,,,2540.88,Rs./Quintal,
Commodity Group Name : Pulses
Bengal Gram Dal(Chana Dal)
State/UT Name : Uttar Pradesh
Agra APMC,0.413,Metric Tonnes,Other,8525.69,8525.69,8525.69,Rs./Quintal,FAQ
Bijnaur APMC,1.5,Metric Tonnes,Other,7875.0,7875.0,7875.0,Rs./Quintal,FAQ
Lucknow APMC,18.0,Metric Tonnes,Other,7450.0,7450.0,7450.0,Rs./Quintal,FAQ
Varanasi APMC,15.0,Metric Tonnes,Other,7450.0,7450.0,7450.0,Rs./Quintal,FAQ
Total,34.91,Metric Tonnes,,,,7480.98,Rs./Quintal,
Grand Total,34.91,Metric Tonnes,,,,7480.98,Rs./Quintal,
Red gram/Arhar/Tur(whole) (MSP: Rs. 8450.00/Quintal)
State/UT Name : Andhra Pradesh
Kanigiri APMC,0.1,Metric Tonnes,(Whole),8600.0,8800.0,8700.0,Rs./Quintal,Local
Podili APMC,0.1,Metric Tonnes,(Whole),8100.0,8300.0,8200.0,Rs./Quintal,FAQ
Tadipatri APMC,0.1,Metric Tonnes,Local,5700.0,5900.0,5800.0,Rs./Quintal,Grade Range-1
Total,0.3,Metric Tonnes,,,,7566.67,Rs./Quintal,
State/UT Name : Karnataka
Vijayapura APMC,0.30000000000000004,Metric Tonnes,Arhar (Whole),8125.0,8125.0,8125.0,Rs./Quintal,Local
Total,0.3,Metric Tonnes,,,,8125.0,Rs./Quintal,
State/UT Name : Madhya Pradesh
Katni APMC,210.38800000000003,Metric Tonnes,Arhar Dal(Tur),8425.73,9000.0,9000.0,Rs./Quintal,FAQ
Mandla APMC,6.6000000000000005,Metric Tonnes,Arhar Dal(Tur),6000.0,6005.0,6005.0,Rs./Quintal,Non-FAQ
Total,216.99,Metric Tonnes,,,,8908.9,Rs./Quintal,
State/UT Name : Maharashtra
APMC Balapur ,8.4,Metric Tonnes,Other,8000.0,8500.0,8000.0,Rs./Quintal,FAQ
APMC Buldhana ,1.5,Metric Tonnes,Other,7000.0,7500.0,7250.0,Rs./Quintal,Non-FAQ
APMC Katol ,2.4,Metric Tonnes,Other,8150.0,8250.0,8200.0,Rs./Quintal,FAQ
APMC Paithan ,0.1,Metric Tonnes,Other,7500.0,7500.0,7500.0,Rs./Quintal,Non-FAQ
APMC Udgir ,20.0,Metric Tonnes,Other,8500.0,9060.0,8780.0,Rs./Quintal,FAQ
Total,32.4,Metric Tonnes,,,,8460.03,Rs./Quintal,
State/UT Name : Uttar Pradesh
Pukharayan APMC,4.92,Metric Tonnes,Other,7300.0,7300.0,7300.0,Rs./Quintal,FAQ
Total,4.92,Metric Tonnes,,,,7300.0,Rs./Quintal,
Grand Total,254.91,Metric Tonnes,,,,8818.29,Rs./Quintal,
Commodity Group Name : Vegetables
Cabbage
State/UT Name : Assam
Pamohi(Garchuk) APMC,15.0,Metric Tonnes,Cabbage,2200.0,3000.0,2500.0,Rs./Quintal,FAQ
Tinsukia Market,3.0,Metric Tonnes,Cabbage,2500.0,3500.0,3000.0,Rs./Quintal,FAQ
Total,18.0,Metric Tonnes,,,,2583.33,Rs./Quintal,
State/UT Name : Bihar
Khagaria APMC,5.0,Metric Tonnes,Cabbage,2999.9997000000003,3266.66634,3166.66635,Rs./Quintal,Grade A
Saharsa APMC,1.0,Metric Tonnes,Cabbage,2500.0,2800.0,2600.0,Rs./Quintal,FAQ
Total,6.0,Metric Tonnes,,,,3072.22,Rs./Quintal,
State/UT Name : Chandigarh
Chandigarh (Grain/F&V) APMC,17.94,Metric Tonnes,Cabbage,500.0,1200.0,1000.0,Rs./Quintal,FAQ
Total,17.94,Metric Tonnes,,,,1000.0,Rs./Quintal,
State/UT Name : Chattisgarh
Durg APMC,26.6,Metric Tonnes,Cabbage,2000.0,2200.0,2000.0,Rs./Quintal,Medium
Raigarh APMC,5.7,Metric Tonnes,Cabbage,1200.0,1400.0,1300.0,Rs./Quintal,Grade B
Tiphra APMC,21.0,Metric Tonnes,Cabbage,1200.0,1500.0,1300.0,Rs./Quintal,Grade B
Total,53.3,Metric Tonnes,,,,1649.34,Rs./Quintal,
State/UT Name : Gujarat
Ankleshwar APMC,2.0,Metric Tonnes,Cabbage,800.0,1800.0,1500.0,Rs./Quintal,Grade A
Bharuch APMC,10.5,Metric Tonnes,Other,800.0,1400.0,1000.0,Rs./Quintal,Local
Bilimora APMC,7.0,Metric Tonnes,Other,1100.0,1500.0,1300.0,Rs./Quintal,FAQ
Dahod(Veg. Market) APMC,2.7,Metric Tonnes,Cabbage,1000.0,1800.0,1400.0,Rs./Quintal,Local
Damnagar APMC,0.06,Metric Tonnes,Cabbage,2500.0,2500.0,2500.0,Rs./Quintal,Local
Gondal(Veg.market Gondal) APMC,2.61,Metric Tonnes,Cabbage,500.0,1500.0,1000.0,Rs./Quintal,Local
Kapadvanj APMC,4.0,Metric Tonnes,Cabbage,1000.0,1500.0,1250.0,Rs./Quintal,Medium
Nadiyad(Piplag) APMC,6.0,Metric Tonnes,Cabbage,1100.0,1300.0,1200.0,Rs./Quintal,FAQ
Navsari APMC,7.16,Metric Tonnes,Cabbage,1500.0,3000.0,2250.0,Rs./Quintal,Local
Vadodara(Sayajipura) APMC,15.130000000000003,Metric Tonnes,Other,1000.0,1500.0,1300.0,Rs./Quintal,FAQ
Total,57.16,Metric Tonnes,,,,1349.18,Rs./Quintal,
State/UT Name : Haryana
Bahadurgarh APMC,0.4,Metric Tonnes,Other,1700.0,1800.0,1750.0,Rs./Quintal,Medium
Ballabhgarh APMC,3.5,Metric Tonnes,Other,1000.0,1700.0,1300.0,Rs./Quintal,FAQ
Barwala(Hisar) APMC,0.1,Metric Tonnes,Cabbage,2000.0,2000.0,2000.0,Rs./Quintal,Local
Faridabad APMC,5.2,Metric Tonnes,Cabbage,1200.0,1200.0,1200.0,Rs./Quintal,Local
Ganaur APMC,0.55,Metric Tonnes,Cabbage,3000.0,3500.0,3200.0,Rs./Quintal,Medium
Hansi APMC,1.7,Metric Tonnes,Other,2500.0,3000.0,2750.0,Rs./Quintal,FAQ
Jakhal APMC,0.30000000000000004,Metric Tonnes,Other,2000.0,2000.0,2000.0,Rs./Quintal,Local
Kosli APMC,0.1,Metric Tonnes,Other,2000.0,2000.0,2000.0,Rs./Quintal,FAQ
Mohindergarh APMC,0.4,Metric Tonnes,Cabbage,1000.0,3000.0,1500.0,Rs./Quintal,Medium
Sirsa APMC,1.0,Metric Tonnes,Other,1800.0,2000.0,1900.0,Rs./Quintal,FAQ
Siwan APMC,0.1,Metric Tonnes,Other,1800.0,2000.0,1900.0,Rs./Quintal,FAQ
Sohna APMC,1.3,Metric Tonnes,Cabbage,1500.0,2200.0,2000.0,Rs./Quintal,Local
Sonepat APMC,4.800000000000001,Metric Tonnes,Other,1500.0,2100.0,2000.0,Rs./Quintal,FAQ
Tauru APMC,0.2,Metric Tonnes,Other,2500.0,2500.0,2500.0,Rs./Quintal,Medium
Total,19.65,Metric Tonnes,,,,1746.31,Rs./Quintal,
State/UT Name : Himachal Pradesh
PMY Kullu,1.0,Metric Tonnes,Other,2000.0,2500.0,2200.0,Rs./Quintal,FAQ
SMY Bandrol,0.4,Metric Tonnes,Other,1000.0,1600.0,1200.0,Rs./Quintal,FAQ
SMY Bhuntar,1.4,Metric Tonnes,Other,1500.0,2000.0,1800.0,Rs./Quintal,FAQ
SMY Chauri Bihal,0.30000000000000004,Metric Tonnes,Other,2000.0,2200.0,2100.0,Rs./Quintal,Grade Range-1
SMY Nalagarh,0.27,Metric Tonnes,Other,2000.0,2500.0,2300.0,Rs./Quintal,Medium
Total,3.37,Metric Tonnes,,,,1914.24,Rs./Quintal,
State/UT Name : Karnataka
Bagepalli APMC,2.0,Metric Tonnes,Cabbage,800.0,1000.0,900.0,Rs./Quintal,Small
Chikkamagaluru APMC,1.8,Metric Tonnes,Cabbage,1900.0,1900.0,1900.0,Rs./Quintal,Local
Gauribidanur APMC,1.0,Metric Tonnes,Cabbage,800.0,1200.0,1000.0,Rs./Quintal,Local
Hospet APMC,6.5,Metric Tonnes,Cabbage,1200.0,1400.0,1200.0,Rs./Quintal,Local
Kolar APMC,7.300000000000001,Metric Tonnes,Cabbage,600.0,800.0,700.0,Rs./Quintal,Local
Mysuru APMC,9.600000000000001,Metric Tonnes,Cabbage,900.0,1000.0,1000.0,Rs./Quintal,Medium
Ramanagara APMC,2.4000000000000004,Metric Tonnes,Cabbage,1000.0,2000.0,1600.0,Rs./Quintal,Local
Total,30.6,Metric Tonnes,,,,1064.38,Rs./Quintal,
State/UT Name : Keralam
Adimali Market,0.05,Metric Tonnes,Cabbage,4000.0,5000.0,4500.0,Rs./Quintal,Medium
Anchal Market,0.5,Metric Tonnes,Cabbage,6700.0,6700.0,6700.0,Rs./Quintal,Medium
Angamaly Market,1.0,Metric Tonnes,Cabbage,3800.0,6000.0,4900.0,Rs./Quintal,FAQ
Aroor Market,0.2,Metric Tonnes,Other,4000.0,4200.0,4100.0,Rs./Quintal,FAQ
Attingal Market,900.0,Metric Tonnes,Other,3700.0,4200.0,4000.0,Rs./Quintal,Local
Balarampuram Market,0.4,Metric Tonnes,Cabbage,4000.0,4000.0,4000.0,Rs./Quintal,FAQ
Broadway market Market,0.3,Metric Tonnes,Cabbage,4000.0,5000.0,4200.0,Rs./Quintal,Medium
Irinjalakkuda Market,0.1,Metric Tonnes,Cabbage,3300.0,3500.0,3400.0,Rs./Quintal,FAQ
Kallachi Market,0.1,Metric Tonnes,Cabbage,2300.0,2700.0,2500.0,Rs./Quintal,FAQ
Kanjirappally Market,0.5,Metric Tonnes,Cabbage,3500.0,4000.0,3800.0,Rs./Quintal,FAQ
Kattakada Market,3.9,Metric Tonnes,Other,3000.0,3000.0,3000.0,Rs./Quintal,Grade B
Kayamkulam Market,1.0,Metric Tonnes,Other,2600.0,2800.0,2700.0,Rs./Quintal,FAQ
Koduvayoor Market,0.9,Metric Tonnes,Cabbage,1400.0,1800.0,1600.0,Rs./Quintal,Medium
Kondotty Market,0.25,Metric Tonnes,Other,2000.0,2600.0,2500.0,Rs./Quintal,FAQ
Kottakkal Market,3.0,Metric Tonnes,Other,1600.0,1800.0,1700.0,Rs./Quintal,Local
Kottarakkara Market,0.01,Metric Tonnes,Other,2100.0,2100.0,2100.0,Rs./Quintal,Local
Kuruppanthura Market,1.0,Metric Tonnes,Other,4800.0,5000.0,5000.0,Rs./Quintal,FAQ
Manjeri Market,6.0,Metric Tonnes,Other,1950.0,2050.0,2000.0,Rs./Quintal,Local
Mukkom Market,0.4,Metric Tonnes,Cabbage,2600.0,3000.0,2800.0,Rs./Quintal,FAQ
Nedumkandam Market,0.5,Metric Tonnes,Other,3500.0,3500.0,3500.0,Rs./Quintal,FAQ
Pala Market,1.0,Metric Tonnes,Cabbage,3600.0,4400.0,4000.0,Rs./Quintal,FAQ
Pampady Market,1.0,Metric Tonnes,Cabbage,5500.0,6500.0,6000.0,Rs./Quintal,FAQ
Pattambi Market,0.3,Metric Tonnes,Cabbage,2500.0,3000.0,2800.0,Rs./Quintal,FAQ
Perinthalmanna Market,5.0,Metric Tonnes,Cabbage,1800.0,2000.0,1900.0,Rs./Quintal,Large
Piravam Market,5.0,Metric Tonnes,Cabbage,5000.0,6000.0,5500.0,Rs./Quintal,Local
Pothencode Market,600.0,Metric Tonnes,Cabbage,4500.0,4600.0,4500.0,Rs./Quintal,Local
Thirurrangadi Market,6.0,Metric Tonnes,Other,2000.0,2000.0,2000.0,Rs./Quintal,FAQ
Vandiperiyar Market,0.03,Metric Tonnes,Other,4000.0,4000.0,4000.0,Rs./Quintal,Grade Range-1
Wadakkanchery Market,0.2,Metric Tonnes,Cabbage,3000.0,3500.0,3200.0,Rs./Quintal,FAQ
vadakarapathy Market,0.3,Metric Tonnes,Cabbage,1500.0,2000.0,1700.0,Rs./Quintal,FAQ
Total,1538.94,Metric Tonnes,,,,4169.89,Rs./Quintal,
State/UT Name : Madhya Pradesh
Betul(F&V) APMC,1.5,Metric Tonnes,Cabbage,600.0,1000.0,800.0,Rs./Quintal,FAQ
Dewas(F&V) APMC,1.4000000000000001,Metric Tonnes,Other,600.0,1500.0,700.0,Rs./Quintal,FAQ
Haatpipliya (F&V) APMC,0.05500000000000001,Metric Tonnes,Cabbage,1400.0,2200.0,1800.0,Rs./Quintal,Local
Indore(F&V) APMC,30.0,Metric Tonnes,Cabbage,300.0,1000.0,600.0,Rs./Quintal,Local
Kailaras APMC,0.275,Metric Tonnes,Cabbage,1400.0,1800.0,1800.0,Rs./Quintal,FAQ
Manawar(F&V) APMC,0.4,Metric Tonnes,Cabbage,1200.0,1350.0,1250.0,Rs./Quintal,Grade B
Rewa(F&V) APMC,5.4,Metric Tonnes,Cabbage,1100.0,1100.0,1100.0,Rs./Quintal,Medium
Sabalgarh(F&V) APMC,1.0,Metric Tonnes,Cabbage,700.0,700.0,700.0,Rs./Quintal,FAQ
Sarangpur(F&V) APMC,0.9,Metric Tonnes,Cabbage,900.0,900.0,900.0,Rs./Quintal,Grade B
Sehore(F&V) APMC,2.0,Metric Tonnes,Cabbage,1000.0,1500.0,1200.0,Rs./Quintal,Grade Range-1
Sendhwa(F&V) APMC,0.8,Metric Tonnes,Cabbage,800.0,1100.0,900.0,Rs./Quintal,Medium
Ujjain(F&V) APMC,0.38,Metric Tonnes,Cabbage,425.0,2025.0,1249.0,Rs./Quintal,Medium
Total,44.11,Metric Tonnes,,,,732.68,Rs./Quintal,
State/UT Name : Maharashtra
APMC Akluj ,1.5,Metric Tonnes,Other,550.0,800.0,700.0,Rs./Quintal,Local
APMC Bhusaval ,0.5,Metric Tonnes,Other,800.0,1000.0,1000.0,Rs./Quintal,Local
APMC Chattrapati Sambhajinagar ,14.5,Metric Tonnes,Other,500.0,800.0,650.0,Rs./Quintal,Local
APMC Hingna,0.3,Metric Tonnes,Other,1300.0,2000.0,1700.0,Rs./Quintal,Local
APMC Khed ,5.7,Metric Tonnes,Other,400.0,900.0,700.0,Rs./Quintal,Local
APMC Kolhapur ,9.6,Metric Tonnes,Other,600.0,1200.0,800.0,Rs./Quintal,Local
APMC Pune ,126.8,Metric Tonnes,Other,700.0,1400.0,1050.0,Rs./Quintal,Local
APMC Rahata ,5.1,Metric Tonnes,Other,500.0,1250.0,875.0,Rs./Quintal,Local
APMC Ramtek ,0.3,Metric Tonnes,Other,1000.0,2000.0,1500.0,Rs./Quintal,Local
APMC Satara ,4.8,Metric Tonnes,Other,1000.0,1500.0,1250.0,Rs./Quintal,Local
APMC Vai ,1.5,Metric Tonnes,Other,800.0,1200.0,1000.0,Rs./Quintal,Local
Amrawati(Frui & Veg. Market) ,10.8,Metric Tonnes,Other,1200.0,1600.0,1400.0,Rs./Quintal,Local
Junnar(Narayangaon) ,37.1,Metric Tonnes,Other,500.0,800.0,650.0,Rs./Quintal,Local
Junnar(Otur) ,68.4,Metric Tonnes,Other,300.0,800.0,600.0,Rs./Quintal,Local
Pune(Khadiki) ,1.1,Metric Tonnes,Other,800.0,1300.0,1050.0,Rs./Quintal,Local
Pune(Manjri) ,9.6,Metric Tonnes,Other,900.0,1100.0,1000.0,Rs./Quintal,Local
Pune(Moshi) ,16.2,Metric Tonnes,Other,800.0,1000.0,900.0,Rs./Quintal,Local
Pune(Pimpri) ,1.2,Metric Tonnes,Other,1000.0,1200.0,1100.0,Rs./Quintal,Local
Total,315.0,Metric Tonnes,,,,875.04,Rs./Quintal,
State/UT Name : NCT of Delhi
APMC Keshopur,40.71000000000001,Metric Tonnes,Cabbage,1500.0,2500.0,2000.0,Rs./Quintal,FAQ
"Fruit&Vegetable Market,Gazipur APMC",110.5,Metric Tonnes,Cabbage,1300.0,1700.0,1500.0,Rs./Quintal,FAQ
Total,151.21,Metric Tonnes,,,,1634.61,Rs./Quintal,
State/UT Name : Odisha
Angaura APMC,2.8000000000000003,Metric Tonnes,Other,4100.0,4800.0,4500.0,Rs./Quintal,Grade C
Bargarh APMC,255.0,Metric Tonnes,Cabbage,3000.0,4000.0,3500.0,Rs./Quintal,Local
Baripada APMC,1.5,Metric Tonnes,Cabbage,3500.0,4000.0,3800.0,Rs./Quintal,Medium
Bhawanipatna APMC,1.875,Metric Tonnes,Cabbage,2700.0,2700.0,2700.0,Rs./Quintal,Local
Dhenkanal APMC,0.2,Metric Tonnes,Cabbage,3700.0,4300.0,4000.0,Rs./Quintal,Grade B
Junagarh APMC,1.1,Metric Tonnes,Other,2600.0,3200.0,2900.0,Rs./Quintal,Grade B
Mukhiguda APMC,1.0,Metric Tonnes,Cabbage,2400.0,2700.0,2550.0,Rs./Quintal,Grade B
Nawarangpur APMC,6.300000000000001,Metric Tonnes,Cabbage,2600.0,2600.0,2600.0,Rs./Quintal,Grade B
Saraskana APMC,0.05,Metric Tonnes,Cabbage,3500.0,4000.0,3800.0,Rs./Quintal,Medium
Total,269.83,Metric Tonnes,,,,3479.93,Rs./Quintal,
State/UT Name : Punjab
Banur APMC,0.1,Metric Tonnes,Other,2000.0,2000.0,2000.0,Rs./Quintal,Grade A
Bhawanigarh APMC,0.2,Metric Tonnes,Other,2800.0,3000.0,2900.0,Rs./Quintal,Medium
Dasuya APMC,0.1,Metric Tonnes,Cabbage,2000.0,2000.0,2000.0,Rs./Quintal,FAQ
Mukerian APMC,0.25,Metric Tonnes,Cabbage,1500.0,1900.0,1700.0,Rs./Quintal,Grade B
Rampuraphul(Nabha Mandi) APMC,0.5,Metric Tonnes,Other,1000.0,2000.0,1500.0,Rs./Quintal,Grade A
Tanda Urmur APMC,3.0,Metric Tonnes,Cabbage,2500.0,3000.0,2800.0,Rs./Quintal,Grade A
Total,4.15,Metric Tonnes,,,,2543.37,Rs./Quintal,
State/UT Name : Rajasthan
Ajmer(F&V) APMC,10.0,Metric Tonnes,Other,700.0,1800.0,1400.0,Rs./Quintal,Medium
Alwar APMC,2.0,Metric Tonnes,Other,1800.0,2400.0,2000.0,Rs./Quintal,Medium
Chomu FV APMC,2.7,Metric Tonnes,Other,2000.0,2200.0,2100.0,Rs./Quintal,Local
Jalore APMC,0.5,Metric Tonnes,Cabbage,1500.0,2000.0,1800.0,Rs./Quintal,Local
Udaipur (F&V) APMC,12.4,Metric Tonnes,Other,1500.0,2000.0,1750.0,Rs./Quintal,Medium
Total,27.6,Metric Tonnes,,,,1676.45,Rs./Quintal,
State/UT Name : Tamil Nadu
AJattihalli(Uzhavar Sandhai ),0.14,Metric Tonnes,Cabbage,3000.0,3000.0,3000.0,Rs./Quintal,Local
Ammapet(Uzhavar Sandhai ),0.1,Metric Tonnes,Cabbage,2600.0,3000.0,2800.0,Rs./Quintal,Local
Anaiyur(Uzhavar Sandhai ),0.4,Metric Tonnes,Cabbage,2600.0,3000.0,2800.0,Rs./Quintal,Local
Andipatti(Uzhavar Sandhai ),0.45,Metric Tonnes,Cabbage,2000.0,2500.0,2250.0,Rs./Quintal,Local
Anna nagar(Uzhavar Sandhai ),0.92,Metric Tonnes,Cabbage,2800.0,3000.0,2900.0,Rs./Quintal,Local
Arani(Uzhavar Sandhai ),0.2,Metric Tonnes,Cabbage,2500.0,3000.0,2750.0,Rs./Quintal,Local
Arcot(Uzhavar Sandhai ),0.28,Metric Tonnes,Cabbage,3000.0,3000.0,3000.0,Rs./Quintal,Local
Ariyalur(Uzhavar Sandhai),0.04,Metric Tonnes,Cabbage,2500.0,3000.0,2750.0,Rs./Quintal,Local
Aruppukottai(Uzhavar Sandhai ),0.18,Metric Tonnes,Cabbage,3000.0,3500.0,3250.0,Rs./Quintal,Local
Athur(Uzhavar Sandhai ),0.55,Metric Tonnes,Cabbage,2500.0,3000.0,2750.0,Rs./Quintal,Local
Avallapalli(Uzhavar Sandhai ),0.27,Metric Tonnes,Cabbage,1000.0,1500.0,1250.0,Rs./Quintal,Local
Bodinayakanur(Uzhavar Sandhai ),0.2,Metric Tonnes,Cabbage,2400.0,2400.0,2400.0,Rs./Quintal,Local
Chengalpet(Uzhavar Sandhai ),0.08,Metric Tonnes,Cabbage,2500.0,3000.0,2750.0,Rs./Quintal,Local
Chengam(Uzhavar Sandhai ),0.13,Metric Tonnes,Cabbage,2500.0,3000.0,2750.0,Rs./Quintal,Local
Cheyyar(Uzhavar Sandhai ),0.15,Metric Tonnes,Cabbage,2500.0,3000.0,2750.0,Rs./Quintal,Local
Chinnalapatti(Uzhavar Sandhai ),0.06,Metric Tonnes,Cabbage,3600.0,4000.0,3800.0,Rs./Quintal,Local
Chinnamanur(Uzhavar Sandhai ),0.86,Metric Tonnes,Cabbage,3600.0,3600.0,3600.0,Rs./Quintal,Local
Chokkikulam(Uzhavar Sandhai ),0.43,Metric Tonnes,Cabbage,2600.0,3000.0,2800.0,Rs./Quintal,Local
Coonoor(Uzhavar Sandhai ),0.36,Metric Tonnes,Cabbage,2600.0,3000.0,2800.0,Rs./Quintal,Local
Cuddalore(Uzhavar Sandhai ),0.28,Metric Tonnes,Cabbage,3000.0,3000.0,3000.0,Rs./Quintal,Local
Denkanikottai(Uzhavar Sandhai ),0.28,Metric Tonnes,Cabbage,1000.0,1500.0,1250.0,Rs./Quintal,Local
Devakottai (Uzhavar Sandhai ),0.13,Metric Tonnes,Cabbage,3000.0,3200.0,3100.0,Rs./Quintal,Local
Devaram(Uzhavar Sandhai ),0.25,Metric Tonnes,Cabbage,2500.0,2500.0,2500.0,Rs./Quintal,Local
Dharapuram(Uzhavar Sandhai ),1.1,Metric Tonnes,Cabbage,3000.0,3500.0,3250.0,Rs./Quintal,Local
Dharmapuri(Uzhavar Sandhai ),0.3,Metric Tonnes,Cabbage,2800.0,3000.0,2900.0,Rs./Quintal,Local
Dindigul(Uzhavar Sandhai ),0.4,Metric Tonnes,Cabbage,3000.0,4000.0,3500.0,Rs./Quintal,Local
Edapadi (Uzhavar Sandhai ),0.25,Metric Tonnes,Cabbage,3000.0,3500.0,3250.0,Rs./Quintal,Local
Elampillai(Uzhavar Sandhai ),0.2,Metric Tonnes,Cabbage,3000.0,3400.0,3200.0,Rs./Quintal,Local
Gandhigramam(Uzhavar Sandhai),0.14,Metric Tonnes,Cabbage,3500.0,4000.0,3750.0,Rs./Quintal,Local
Gingee(Uzhavar Sandhai ),0.09,Metric Tonnes,Cabbage,4000.0,4000.0,4000.0,Rs./Quintal,Local
Gobichettipalayam(Uzhavar Sandhai ),0.19,Metric Tonnes,Cabbage,1800.0,2000.0,1900.0,Rs./Quintal,Local
Gudalur(Uzhavar Sandhai ),0.03,Metric Tonnes,Cabbage,1500.0,2000.0,1750.0,Rs./Quintal,Local
Gudiyatham(Uzhavar Sandhai ),0.08,Metric Tonnes,Cabbage,3000.0,3000.0,3000.0,Rs./Quintal,Local
Harur(Uzhavar Sandhai ),0.22,Metric Tonnes,Cabbage,2000.0,3000.0,2500.0,Rs./Quintal,Local
Hasthampatti(Uzhavar Sandhai ),0.18,Metric Tonnes,Cabbage,3000.0,3400.0,3200.0,Rs./Quintal,Local
Hosur(Uzhavar Sandhai ),4.71,Metric Tonnes,Cabbage,1000.0,1500.0,1250.0,Rs./Quintal,Local
Jalagandapuram(Uzhavar Sandhai ),0.06,Metric Tonnes,Cabbage,2600.0,3000.0,2800.0,Rs./Quintal,Local
Jameenrayapettai(Uzhavar Sandhai ),0.26,Metric Tonnes,Cabbage,2200.0,2500.0,2350.0,Rs./Quintal,Local
KKNagar(Uzhavar Sandhai ),0.7,Metric Tonnes,Cabbage,3200.0,3200.0,3200.0,Rs./Quintal,Local
Kahithapattarai(Uzhavar Sandhai ),0.12,Metric Tonnes,Cabbage,2500.0,2500.0,2500.0,Rs./Quintal,Local
Kallakurichi(Uzhavar Sandhai ),0.08,Metric Tonnes,Cabbage,4000.0,4000.0,4000.0,Rs./Quintal,Local
Kambam(Uzhavar Sandhai ),2.2,Metric Tonnes,Cabbage,2500.0,2500.0,2500.0,Rs./Quintal,Local
Kancheepuram(Uzhavar Sandhai ),0.12,Metric Tonnes,Cabbage,2000.0,2500.0,2250.0,Rs./Quintal,Local
Karaikudi(Uzhavar Sandhai ),0.19,Metric Tonnes,Cabbage,2800.0,3200.0,3000.0,Rs./Quintal,Local
Karimangalam(Uzhavar Sandhai),0.12,Metric Tonnes,Cabbage,2800.0,3000.0,2900.0,Rs./Quintal,Local
Kariyapatti(Uzhavar Sandhai ),0.08,Metric Tonnes,Cabbage,3000.0,3500.0,3250.0,Rs./Quintal,Local
Karur(Uzhavar Sandhai ),0.36,Metric Tonnes,Cabbage,3500.0,4000.0,3750.0,Rs./Quintal,Local
Katpadi (Uzhavar Sandhai ),0.22,Metric Tonnes,Cabbage,2500.0,2500.0,2500.0,Rs./Quintal,Local
Kovilpatti(Uzhavar Sandhai ),0.14,Metric Tonnes,Cabbage,3500.0,4000.0,3750.0,Rs./Quintal,Local
Krishnagiri(Uzhavar Sandhai ),0.16,Metric Tonnes,Cabbage,2500.0,3000.0,2750.0,Rs./Quintal,Local
Kulithalai(Uzhavar Sandhai ),0.44,Metric Tonnes,Cabbage,3000.0,3200.0,3100.0,Rs./Quintal,Local
Kumarapalayam(Uzhavar Sandhai ),0.04,Metric Tonnes,Cabbage,2600.0,3000.0,2800.0,Rs./Quintal,Local
Kumbakonam (Uzhavar Sandhai ),0.46,Metric Tonnes,Cabbage,3000.0,3000.0,3000.0,Rs./Quintal,Local
Kundrathur(Uzhavar Sandhai ),0.15,Metric Tonnes,Cabbage,3000.0,3000.0,3000.0,Rs./Quintal,Local
Lalgudi(Uzhavar Sandhai ),0.14,Metric Tonnes,Cabbage,3000.0,3000.0,3000.0,Rs./Quintal,Local
Manachanallur(Uzhavar Sandhai ),0.14,Metric Tonnes,Cabbage,2500.0,3000.0,2750.0,Rs./Quintal,Local
Manapparai(Uzhavar Sandhai ),0.1,Metric Tonnes,Cabbage,3000.0,3000.0,3000.0,Rs./Quintal,Local
Mannargudi I(Uzhavar Sandhai ),0.65,Metric Tonnes,Cabbage,3400.0,3400.0,3400.0,Rs./Quintal,Local
Mannargudi II(Uzhavar Sandhai ),0.22,Metric Tonnes,Cabbage,3400.0,3400.0,3400.0,Rs./Quintal,Local
Mayiladuthurai(Uzhavar Sandhai ),0.04,Metric Tonnes,Cabbage,3000.0,3000.0,3000.0,Rs./Quintal,Local
Melapalayam(Uzhavar Sandhai ),0.25,Metric Tonnes,Cabbage,2400.0,2600.0,2500.0,Rs./Quintal,Local
Mettupalayam(Uzhavar Sandhai ),0.65,Metric Tonnes,Cabbage,2500.0,3000.0,2750.0,Rs./Quintal,Local
Mettur(Uzhavar Sandhai ),0.35,Metric Tonnes,Cabbage,2500.0,3000.0,2750.0,Rs./Quintal,Local
Mohanur(Uzhavar Sandhai ),0.17,Metric Tonnes,Cabbage,3000.0,3500.0,3250.0,Rs./Quintal,Local
Musiri(Uzhavar Sandhai ),0.54,Metric Tonnes,Cabbage,2500.0,3000.0,2750.0,Rs./Quintal,Local
Muthupettai(Uzhavar Sandhai ),0.04,Metric Tonnes,Cabbage,3400.0,3400.0,3400.0,Rs./Quintal,Local
Myladi(Uzhavar Sandhai ),0.03,Metric Tonnes,Cabbage,5000.0,5500.0,5250.0,Rs./Quintal,Local
NGO Colony(Uzhavar Sandhai ),0.27,Metric Tonnes,Cabbage,2200.0,2600.0,2400.0,Rs./Quintal,Local
Nagapattinam(Uzhavar Sandhai ),0.14,Metric Tonnes,Cabbage,4000.0,4500.0,4250.0,Rs./Quintal,Local
Namakkal(Uzhavar Sandhai ),0.56,Metric Tonnes,Cabbage,2000.0,2500.0,2250.0,Rs./Quintal,Local
Nanganallur(Uzhavar Sandhai ),0.04,Metric Tonnes,Cabbage,3500.0,4000.0,3750.0,Rs./Quintal,Local
Natrampalli(Uzhavar Sandhai ),0.35,Metric Tonnes,Cabbage,2500.0,3000.0,2750.0,Rs./Quintal,Local
Padappai(Uzhavar Sandhai ),0.13,Metric Tonnes,Cabbage,2000.0,2500.0,2250.0,Rs./Quintal,Local
Palacode(Uzhavar Sandhai ),0.27,Metric Tonnes,Cabbage,2600.0,3000.0,2800.0,Rs./Quintal,Local
Palanganatham(Uzhavar Sandhai ),0.2,Metric Tonnes,Cabbage,2500.0,3000.0,2750.0,Rs./Quintal,Local
Palani(Uzhavar Sandhai ),0.56,Metric Tonnes,Cabbage,2500.0,3000.0,2750.0,Rs./Quintal,Local
Palayamkottai(Uzhavar Sandhai ),2.4,Metric Tonnes,Cabbage,2200.0,2400.0,2300.0,Rs./Quintal,Local
Palladam(Uzhavar Sandhai ),0.12,Metric Tonnes,Cabbage,2500.0,3000.0,2750.0,Rs./Quintal,Local
Pallavaram(Uzhavar Sandhai ),0.52,Metric Tonnes,Cabbage,2000.0,2500.0,2250.0,Rs./Quintal,Local
Pallikonda(Uzhavar Sandhai),0.02,Metric Tonnes,Cabbage,3000.0,3000.0,3000.0,Rs./Quintal,Local
Papanasam(Uzhavar Sandhai ),0.24,Metric Tonnes,Cabbage,3600.0,3600.0,3600.0,Rs./Quintal,Local
Paramakudi(Uzhavar Sandhai ),0.18,Metric Tonnes,Cabbage,4500.0,4800.0,4650.0,Rs./Quintal,Local
Paramathivelur(Uzhavar Sandhai ),0.16,Metric Tonnes,Cabbage,2400.0,2800.0,2600.0,Rs./Quintal,Local
Pattukottai(Uzhavar Sandhai ),0.2,Metric Tonnes,Cabbage,3400.0,3400.0,3400.0,Rs./Quintal,Local
Pennagaram(Uzhavar Sandhai ),0.1,Metric Tonnes,Cabbage,3000.0,3500.0,3250.0,Rs./Quintal,Local
Perambalur(Uzhavar Sandhai ),0.36,Metric Tonnes,Cabbage,3200.0,3200.0,3200.0,Rs./Quintal,Local
Perampet(Uzhavar Sandhai),0.03,Metric Tonnes,Cabbage,3000.0,3000.0,3000.0,Rs./Quintal,Local
Periyakulam(Uzhavar Sandhai ),0.28,Metric Tonnes,Cabbage,2300.0,2500.0,2400.0,Rs./Quintal,Local
Perundurai(Uzhavar Sandhai ),0.09,Metric Tonnes,Cabbage,2000.0,2500.0,2250.0,Rs./Quintal,Local
Pollachi(Uzhavar Sandhai ),0.22,Metric Tonnes,Cabbage,3000.0,3500.0,3250.0,Rs./Quintal,Local
Polur(Uzhavar Sandhai ),0.16,Metric Tonnes,Cabbage,2500.0,3000.0,2750.0,Rs./Quintal,Local
Pudukottai(Uzhavar Sandhai ),0.33,Metric Tonnes,Cabbage,3000.0,3500.0,3250.0,Rs./Quintal,Local
RSPuram(Uzhavar Sandhai ),1.05,Metric Tonnes,Cabbage,2000.0,2200.0,2100.0,Rs./Quintal,Local
Rajapalayam(Uzhavar Sandhai ),0.25,Metric Tonnes,Cabbage,2500.0,3000.0,2750.0,Rs./Quintal,Local
Ramanathapuram(Uzhavar Sandhai ),0.08,Metric Tonnes,Cabbage,4000.0,4500.0,4250.0,Rs./Quintal,Local
Ranipettai(Uzhavar Sandhai ),0.1,Metric Tonnes,Cabbage,2500.0,2500.0,2500.0,Rs./Quintal,Local
Rasipuram(Uzhavar Sandhai ),0.62,Metric Tonnes,Cabbage,3600.0,3800.0,3700.0,Rs./Quintal,Local
Sampath Nagar(Uzhavar Sandhai ),0.48,Metric Tonnes,Cabbage,1800.0,2000.0,1900.0,Rs./Quintal,Local
Sathiyamagalam(Uzhavar Sandhai ),0.25,Metric Tonnes,Cabbage,3000.0,3500.0,3250.0,Rs./Quintal,Local
Sathur(Uzhavar Sandhai ),0.02,Metric Tonnes,Cabbage,3500.0,4000.0,3750.0,Rs./Quintal,Local
Singampunari(Uzhavar Sandhai ),0.16,Metric Tonnes,Cabbage,2800.0,3200.0,3000.0,Rs./Quintal,Local
Singanallur(Uzhavar Sandhai ),1.5,Metric Tonnes,Cabbage,2000.0,2500.0,2250.0,Rs./Quintal,Local
Sirkali(Uzhavar Sandhai ),0.18,Metric Tonnes,Cabbage,3000.0,3000.0,3000.0,Rs./Quintal,Local
Sivagangai (Uzhavar Sandhai ),0.36,Metric Tonnes,Cabbage,2800.0,3200.0,3000.0,Rs./Quintal,Local
Sivakasi(Uzhavar Sandhai ),0.03,Metric Tonnes,Cabbage,3500.0,4000.0,3750.0,Rs./Quintal,Local
Sooramangalam(Uzhavar Sandhai ),0.43,Metric Tonnes,Cabbage,2600.0,3000.0,2800.0,Rs./Quintal,Local
Srivilliputhur(Uzhavar Sandhai ),0.11,Metric Tonnes,Cabbage,3000.0,3500.0,3250.0,Rs./Quintal,Local
Sulur(Uzhavar Sandhai ),0.28,Metric Tonnes,Cabbage,2400.0,2800.0,2600.0,Rs./Quintal,Local
Sundarapuram(Uzhavar Sandhai ),0.3,Metric Tonnes,Cabbage,2000.0,2500.0,2250.0,Rs./Quintal,Local
Sunguvarchatram(Uzhavar Sandhai ),0.15,Metric Tonnes,Cabbage,3000.0,3000.0,3000.0,Rs./Quintal,Local
Tenkasi(Uzhavar Sandhai ),0.1,Metric Tonnes,Cabbage,3000.0,3000.0,3000.0,Rs./Quintal,Local
Thalavadi(Uzhavar Sandhai ),0.25,Metric Tonnes,Cabbage,1400.0,1800.0,1600.0,Rs./Quintal,Local
Thalavaipuram(Uzhavar Sandhai ),0.04,Metric Tonnes,Cabbage,2500.0,3000.0,2750.0,Rs./Quintal,Local
Thammampatti (Uzhavar Sandhai ),0.36,Metric Tonnes,Cabbage,3500.0,4000.0,3750.0,Rs./Quintal,Local
Thathakapatti(Uzhavar Sandhai ),0.27,Metric Tonnes,Cabbage,2500.0,3000.0,2750.0,Rs./Quintal,Local
Theni(Uzhavar Sandhai ),1.75,Metric Tonnes,Cabbage,2500.0,2500.0,2500.0,Rs./Quintal,Local
Thirupathur APMC,0.34,Metric Tonnes,Cabbage,3400.0,3400.0,3400.0,Rs./Quintal,Local
Thiruverumbur(Uzhavar Sandhai ),0.25,Metric Tonnes,Cabbage,3000.0,3000.0,3000.0,Rs./Quintal,Local
Thuraiyur APMC,0.28,Metric Tonnes,Cabbage,2500.0,3000.0,2750.0,Rs./Quintal,Local
Tindivanam APMC,0.14,Metric Tonnes,Cabbage,3500.0,3500.0,3500.0,Rs./Quintal,Local
Tiruchengode APMC,0.17,Metric Tonnes,Cabbage,2600.0,3000.0,2800.0,Rs./Quintal,Local
Tirupatthur(Uzhavar Sandhai ),0.16,Metric Tonnes,Cabbage,3000.0,3500.0,3250.0,Rs./Quintal,Local
Tiruppur (North) (Uzhavar Sandhai ),0.2,Metric Tonnes,Cabbage,2500.0,3000.0,2750.0,Rs./Quintal,Local
Tiruppur (South) (Uzhavar Sandhai ),0.54,Metric Tonnes,Cabbage,1500.0,2000.0,1750.0,Rs./Quintal,Local
Tiruthani(Uzhavar Sandhai ),0.05,Metric Tonnes,Cabbage,6000.0,6000.0,6000.0,Rs./Quintal,Local
Tiruvannamalai(Uzhavar Sandhai ),0.39,Metric Tonnes,Cabbage,2000.0,2500.0,2250.0,Rs./Quintal,Local
Tuticorin(Uzhavar Sandhai ),0.13,Metric Tonnes,Cabbage,3000.0,3500.0,3250.0,Rs./Quintal,Local
Udhagamandalam(Uzhavar Sandhai ),1.1,Metric Tonnes,Cabbage,1500.0,2000.0,1750.0,Rs./Quintal,Local
Udumalpet APMC,0.16,Metric Tonnes,Cabbage,3000.0,3500.0,3250.0,Rs./Quintal,Local
Vadalur(Uzhavar Sandhai ),0.06,Metric Tonnes,Cabbage,3000.0,3000.0,3000.0,Rs./Quintal,Local
Vadaseri APMC,0.2,Metric Tonnes,Cabbage,5000.0,5500.0,5250.0,Rs./Quintal,Local
Vadavalli(Uzhavar Sandhai ),0.41,Metric Tonnes,Cabbage,2000.0,2200.0,2100.0,Rs./Quintal,Local
Vaniyampadi(Uzhavar Sandhai ),0.23,Metric Tonnes,Cabbage,4000.0,4000.0,4000.0,Rs./Quintal,Local
Vazhapadi(Uzhavar Sandhai),0.04,Metric Tonnes,Cabbage,3400.0,3400.0,3400.0,Rs./Quintal,Local
Vedaranyam(Uzhavar Sandhai),0.06,Metric Tonnes,Cabbage,3600.0,3600.0,3600.0,Rs./Quintal,Local
Vellore APMC,0.2,Metric Tonnes,Cabbage,2500.0,2500.0,2500.0,Rs./Quintal,Local
Villupuram(Uzhavar Sandhai ),0.05,Metric Tonnes,Cabbage,4000.0,4000.0,4000.0,Rs./Quintal,Local
Virudhunagar(Uzhavar Sandhai ),0.04,Metric Tonnes,Cabbage,3300.0,3400.0,3350.0,Rs./Quintal,Local
Viruthachalam(Uzhavar Sandhai ),0.02,Metric Tonnes,Cabbage,3000.0,3000.0,3000.0,Rs./Quintal,Local
Total,46.12,Metric Tonnes,,,,2607.77,Rs./Quintal,
State/UT Name : Telangana
Bowenpally APMC,169.0,Metric Tonnes,Cabbage,800.0,1000.0,950.0,Rs./Quintal,FAQ
Bowenpally APMC,4.9,Metric Tonnes,Other,300.0,600.0,500.0,Rs./Quintal,FAQ
Gudimalkapur APMC,54.7,Metric Tonnes,Cabbage,800.0,1200.0,900.0,Rs./Quintal,Grade B
Kalwakurthy APMC,0.2,Metric Tonnes,Cabbage,1750.0,1750.0,1750.0,Rs./Quintal,Local
"Kukatpally,RBZ",5.9,Metric Tonnes,Cabbage,1300.0,1300.0,1300.0,Rs./Quintal,Local
L B Nagar APMC,9.5,Metric Tonnes,Cabbage,800.0,1200.0,1000.0,Rs./Quintal,Medium
Miryalguda(Rythu Bazar) ,0.3,Metric Tonnes,Cabbage,2500.0,2500.0,2500.0,Rs./Quintal,Grade A
RYTHU BAZAR ERRAGADDA,4.1,Metric Tonnes,Cabbage,1300.0,1300.0,1300.0,Rs./Quintal,Grade A
RYTHU BAZAR FALAKNUMA,1.4,Metric Tonnes,Cabbage,1300.0,1300.0,1300.0,Rs./Quintal,Grade A
RYTHU BAZAR MEHDIPATNAM,1.3,Metric Tonnes,Cabbage,1300.0,1300.0,1300.0,Rs./Quintal,Grade A
"Saroornagar,RBZ",2.6,Metric Tonnes,Other,1300.0,1300.0,1300.0,Rs./Quintal,Medium
Shadnagar APMC,4.0,Metric Tonnes,Cabbage,1200.0,1400.0,1300.0,Rs./Quintal,Local
Siddipet(Rythu Bazar) ,1.0,Metric Tonnes,Cabbage,2000.0,2800.0,2400.0,Rs./Quintal,Grade A
"Vanasthalipuram,RBZ ",2.1,Metric Tonnes,Cabbage,1300.0,1300.0,1300.0,Rs./Quintal,Grade A
Vantamamidi APMC,4.800000000000001,Metric Tonnes,Cabbage,600.0,1000.0,800.0,Rs./Quintal,Local
Warangal APMC,2.0,Metric Tonnes,Cabbage,1600.0,2000.0,1800.0,Rs./Quintal,FAQ
Total,267.8,Metric Tonnes,,,,972.7,Rs./Quintal,
State/UT Name : Tripura
Boxonagar,0.05,Metric Tonnes,Cabbage,3200.0,3400.0,3300.0,Rs./Quintal,Medium
Total,0.05,Metric Tonnes,,,,3300.0,Rs./Quintal,
State/UT Name : Uttar Pradesh
Ahirora APMC,0.30000000000000004,Metric Tonnes,Cabbage,800.0,1000.0,900.0,Rs./Quintal,Medium
Dudhi APMC,0.6000000000000001,Metric Tonnes,Cabbage,800.0,1000.0,900.0,Rs./Quintal,Local
Jalalabad APMC,1.2000000000000002,Metric Tonnes,Cabbage,1400.0,1500.0,1460.0,Rs./Quintal,FAQ
Jalaun APMC,0.2,Metric Tonnes,Cabbage,1500.0,1500.0,1500.0,Rs./Quintal,FAQ
Kairana APMC,0.4,Metric Tonnes,Cabbage,1500.0,1600.0,1550.0,Rs./Quintal,FAQ
Khandhla APMC,0.4,Metric Tonnes,Cabbage,300.0,350.0,325.0,Rs./Quintal,FAQ
Konch APMC,0.30000000000000004,Metric Tonnes,Cabbage,2000.0,2200.0,2100.0,Rs./Quintal,FAQ
Maigalganj APMC,0.4,Metric Tonnes,Cabbage,840.0,880.0,860.0,Rs./Quintal,FAQ
Total,3.8,Metric Tonnes,,,,1206.84,Rs./Quintal,
State/UT Name : Uttarakhand
Kotadwara APMC,0.3,Metric Tonnes,Cabbage,1100.0,1100.0,1100.0,Rs./Quintal,FAQ
Rudrapur APMC,7.0,Metric Tonnes,Other,2000.0,3000.0,2500.0,Rs./Quintal,Medium
Vikasnagar APMC,2.8000000000000003,Metric Tonnes,Cabbage,800.0,1200.0,1200.0,Rs./Quintal,Medium
Total,10.1,Metric Tonnes,,,,2098.02,Rs./Quintal,
State/UT Name : West Bengal
Darjeeling APMC,1.4,Metric Tonnes,Other,2700.0,2900.0,2800.0,Rs./Quintal,FAQ
Kalimpong APMC,0.30000000000000004,Metric Tonnes,Cabbage,3000.0,3200.0,3100.0,Rs./Quintal,Medium
Karsiyang(Matigara) APMC,1.3,Metric Tonnes,Other,2700.0,2900.0,2800.0,Rs./Quintal,FAQ
Medinipur(West) APMC,0.8,Metric Tonnes,Cabbage,3400.0,3600.0,3500.0,Rs./Quintal,FAQ
Sealdah Koley Market APMC,8.8,Metric Tonnes,Other,3000.0,3500.0,3200.0,Rs./Quintal,FAQ
Total,12.6,Metric Tonnes,,,,3130.95,Rs./Quintal,
Grand Total,2897.33,Metric Tonnes,,,,3015.03,Rs./Quintal,
Carrot
State/UT Name : Assam
Pamohi(Garchuk) APMC,18.0,Metric Tonnes,Carrot,8000.0,8500.0,8300.0,Rs./Quintal,FAQ
Tinsukia Market,2.0,Metric Tonnes,Carrot,7000.0,12000.0,9000.0,Rs./Quintal,FAQ
Total,20.0,Metric Tonnes,,,,8370.0,Rs./Quintal,
State/UT Name : Bihar
Khagaria APMC,2.0,Metric Tonnes,Carrot,4499.99955,4833.33285,4733.33286,Rs./Quintal,Grade A
Total,2.0,Metric Tonnes,,,,4733.33,Rs./Quintal,
State/UT Name : Chandigarh
Chandigarh (Grain/F&V) APMC,19.400000000000002,Metric Tonnes,Carrot,1200.0,1500.0,1400.0,Rs./Quintal,FAQ
Total,19.4,Metric Tonnes,,,,1400.0,Rs./Quintal,
State/UT Name : Chattisgarh
Durg APMC,1.8,Metric Tonnes,Carrot,2000.0,2200.0,2000.0,Rs./Quintal,Medium
Raigarh APMC,1.5,Metric Tonnes,Carrot,3000.0,3500.0,3250.0,Rs./Quintal,Grade B
Tiphra APMC,11.0,Metric Tonnes,Carrot,2000.0,2800.0,2400.0,Rs./Quintal,Grade B
Total,14.3,Metric Tonnes,,,,2438.81,Rs./Quintal,
State/UT Name : Gujarat
Bharuch APMC,1.6,Metric Tonnes,Other,1200.0,1800.0,1500.0,Rs./Quintal,Local
Dahod(Veg. Market) APMC,0.2,Metric Tonnes,Carrot,2500.0,3000.0,2700.0,Rs./Quintal,Local
Gondal(Veg.market Gondal) APMC,1.12,Metric Tonnes,Carrot,1000.0,3000.0,2000.0,Rs./Quintal,Local
Navsari APMC,1.04,Metric Tonnes,Carrot,2500.0,2750.0,2625.0,Rs./Quintal,Local
Vadodara(Sayajipura) APMC,3.0500000000000003,Metric Tonnes,Other,1800.0,2000.0,1900.0,Rs./Quintal,FAQ
Total,7.01,Metric Tonnes,,,,1955.06,Rs./Quintal,
State/UT Name : Haryana
Bahadurgarh APMC,0.1,Metric Tonnes,Other,5500.0,6000.0,5800.0,Rs./Quintal,Medium
Ch. Dadri APMC,0.1,Metric Tonnes,Carrot,3900.0,4000.0,3950.0,Rs./Quintal,Medium
Ganaur APMC,0.15000000000000002,Metric Tonnes,Carrot,4000.0,5000.0,4500.0,Rs./Quintal,Medium
Jakhal APMC,0.1,Metric Tonnes,Other,3000.0,3000.0,3000.0,Rs./Quintal,Local
Total,0.45,Metric Tonnes,,,,4333.33,Rs./Quintal,
State/UT Name : Himachal Pradesh
PMY Kullu,0.6,Metric Tonnes,Other,3000.0,3500.0,3200.0,Rs./Quintal,FAQ
SMY Bhuntar,0.4,Metric Tonnes,Other,3000.0,3200.0,3100.0,Rs./Quintal,FAQ
Total,1.0,Metric Tonnes,,,,3160.0,Rs./Quintal,
State/UT Name : Karnataka
Chintamani APMC,0.30000000000000004,Metric Tonnes,Carrot,2000.0,4000.0,3000.0,Rs./Quintal,Local
Gauribidanur APMC,0.4,Metric Tonnes,Carrot,3000.0,4000.0,3500.0,Rs./Quintal,Local
Kolar APMC,6.9,Metric Tonnes,Carrot,2500.0,3500.0,3000.0,Rs./Quintal,Local
Mysuru APMC,2.7,Metric Tonnes,Carrot,4300.0,4500.0,4500.0,Rs./Quintal,Medium
Ramanagara APMC,0.8,Metric Tonnes,Carrot,4000.0,6000.0,5200.0,Rs./Quintal,Local
Total,11.1,Metric Tonnes,,,,3541.44,Rs./Quintal,
State/UT Name : Keralam
Adimali Market,0.05,Metric Tonnes,Carrot,7000.0,8000.0,7500.0,Rs./Quintal,Medium
Anchal Market,0.43,Metric Tonnes,Carrot,5300.0,5300.0,5300.0,Rs./Quintal,Local
Angamaly Market,1.0,Metric Tonnes,Carrot,5500.0,7500.0,6500.0,Rs./Quintal,FAQ
Aroor Market,0.2,Metric Tonnes,Other,7000.0,7200.0,7100.0,Rs./Quintal,FAQ
Attingal Market,900.0,Metric Tonnes,Other,9000.0,11000.0,10000.0,Rs./Quintal,Local
Balarampuram Market,0.4,Metric Tonnes,Carrot,7000.0,8000.0,7000.0,Rs./Quintal,FAQ
Broadway market Market,0.5,Metric Tonnes,Carrot,6000.0,6500.0,6200.0,Rs./Quintal,Medium
Irinjalakkuda Market,0.1,Metric Tonnes,Carrot,4600.0,4800.0,4700.0,Rs./Quintal,FAQ
Kallachi Market,0.1,Metric Tonnes,Carrot,5300.0,5700.0,5500.0,Rs./Quintal,FAQ
Kanjirappally Market,0.5,Metric Tonnes,Carrot,7500.0,8000.0,7800.0,Rs./Quintal,FAQ
Kayamkulam Market,1.0,Metric Tonnes,Other,6600.0,6800.0,6700.0,Rs./Quintal,FAQ
Koduvayoor Market,0.8,Metric Tonnes,Carrot,4600.0,5000.0,4800.0,Rs./Quintal,Medium
Kondotty Market,0.25,Metric Tonnes,Other,4900.0,5200.0,5000.0,Rs./Quintal,FAQ
Kottarakkara Market,0.01,Metric Tonnes,Other,3600.0,3600.0,3600.0,Rs./Quintal,Local
Kuruppanthura Market,1.0,Metric Tonnes,Other,6000.0,6200.0,6200.0,Rs./Quintal,FAQ
Manjeri Market,6.0,Metric Tonnes,Other,5450.0,5550.0,5500.0,Rs./Quintal,Local
Mukkom Market,0.4,Metric Tonnes,Carrot,7200.0,7600.0,7400.0,Rs./Quintal,FAQ
Munnar Market,0.9,Metric Tonnes,Other,7000.0,7000.0,7000.0,Rs./Quintal,Medium
Pala Market,1.0,Metric Tonnes,Carrot,8800.0,9400.0,9200.0,Rs./Quintal,FAQ
Parassala Market,0.3,Metric Tonnes,Carrot,3800.0,4200.0,4000.0,Rs./Quintal,Local
Pattambi Market,0.3,Metric Tonnes,Carrot,3600.0,4000.0,3800.0,Rs./Quintal,FAQ
Perinthalmanna Market,5.0,Metric Tonnes,Carrot,4000.0,5000.0,4500.0,Rs./Quintal,Large
Piravam Market,6.0,Metric Tonnes,Carrot,7000.0,8000.0,7500.0,Rs./Quintal,Local
Pothencode Market,600.0,Metric Tonnes,Carrot,5000.0,5200.0,5000.0,Rs./Quintal,Local
Thalasserry Market,0.2,Metric Tonnes,Carrot,4500.0,5500.0,5000.0,Rs./Quintal,FAQ
Vandiperiyar Market,0.03,Metric Tonnes,Other,6000.0,6500.0,6000.0,Rs./Quintal,Grade Range-1
Wadakkanchery Market,0.1,Metric Tonnes,Carrot,6500.0,7000.0,6700.0,Rs./Quintal,FAQ
vadakarapathy Market,0.12,Metric Tonnes,Carrot,2000.0,2500.0,2200.0,Rs./Quintal,FAQ
Total,1526.69,Metric Tonnes,,,,7966.8,Rs./Quintal,
State/UT Name : Madhya Pradesh
Indore(F&V) APMC,8.0,Metric Tonnes,Carrot,600.0,1000.0,800.0,Rs./Quintal,Local
Katni(F&V) APMC,0.2,Metric Tonnes,Other,1650.0,1650.0,1650.0,Rs./Quintal,Grade C
Rewa(F&V) APMC,0.8,Metric Tonnes,Carrot,2500.0,2500.0,2500.0,Rs./Quintal,Medium
Sehore(F&V) APMC,0.4,Metric Tonnes,Carrot,2500.0,3500.0,3000.0,Rs./Quintal,Grade Range-1
Total,9.4,Metric Tonnes,,,,1056.38,Rs./Quintal,
State/UT Name : Maharashtra
APMC Akluj ,1.0,Metric Tonnes,Other,2500.0,4000.0,3500.0,Rs./Quintal,Local
APMC Bhusaval ,0.5,Metric Tonnes,Other,2000.0,2500.0,2500.0,Rs./Quintal,Local
APMC Chattrapati Sambhajinagar ,2.5,Metric Tonnes,Other,1500.0,2500.0,2000.0,Rs./Quintal,Local
APMC Hingna,0.1,Metric Tonnes,Other,2500.0,2500.0,2500.0,Rs./Quintal,Local
APMC Panvel ,4.0,Metric Tonnes,Other,5000.0,6000.0,5500.0,Rs./Quintal,Local
APMC Pune ,88.6,Metric Tonnes,Other,1000.0,2500.0,1750.0,Rs./Quintal,Local
APMC Rahata ,0.4,Metric Tonnes,Other,1500.0,2000.0,1700.0,Rs./Quintal,Local
APMC Satara ,1.2,Metric Tonnes,Other,2000.0,3000.0,2500.0,Rs./Quintal,Local
Amrawati(Frui & Veg. Market) ,5.8,Metric Tonnes,Other,2000.0,2600.0,2300.0,Rs./Quintal,Local
Junnar(Narayangaon) ,1.2,Metric Tonnes,Other,2200.0,2600.0,2500.0,Rs./Quintal,Local
Pune(Khadiki) ,0.2,Metric Tonnes,Other,1300.0,1600.0,1450.0,Rs./Quintal,Local
Pune(Manjri) ,0.6,Metric Tonnes,Other,2500.0,4000.0,3000.0,Rs./Quintal,Local
Pune(Moshi) ,7.5,Metric Tonnes,Other,2000.0,3000.0,2500.0,Rs./Quintal,Local
Total,113.6,Metric Tonnes,,,,2006.25,Rs./Quintal,
State/UT Name : NCT of Delhi
APMC Keshopur,1.25,Metric Tonnes,Other,2500.0,4000.0,3300.0,Rs./Quintal,FAQ
"Fruit&Vegetable Market,Gazipur APMC",7.0,Metric Tonnes,Carrot,2000.0,2400.0,2200.0,Rs./Quintal,FAQ
Total,8.25,Metric Tonnes,,,,2366.67,Rs./Quintal,
State/UT Name : Odisha
Dhenkanal APMC,0.1,Metric Tonnes,Carrot,3700.0,4200.0,4000.0,Rs./Quintal,Grade B
Kuchinda APMC,0.25,Metric Tonnes,Carrot,6000.0,7000.0,6400.0,Rs./Quintal,Medium
Narasinghpur APMC,0.11000000000000001,Metric Tonnes,Carrot,4000.0,5000.0,4500.0,Rs./Quintal,Local
Total,0.46,Metric Tonnes,,,,5423.91,Rs./Quintal,
State/UT Name : Punjab
Bhawanigarh APMC,0.2,Metric Tonnes,Other,2800.0,3000.0,2900.0,Rs./Quintal,Local
Dinanagar APMC,1.55,Metric Tonnes,Other,2800.0,3000.0,2900.0,Rs./Quintal,Medium
Naushera Pannuan APMC,0.07,Metric Tonnes,Other,1900.0,1900.0,1900.0,Rs./Quintal,Local
Patti APMC,0.1,Metric Tonnes,Other,350.0,350.0,350.0,Rs./Quintal,Local
Rampuraphul(Nabha Mandi) APMC,0.5,Metric Tonnes,Other,1000.0,2000.0,1500.0,Rs./Quintal,Grade A
Sangrur APMC,0.30000000000000004,Metric Tonnes,Carrot,1600.0,2000.0,1800.0,Rs./Quintal,Grade B
Total,2.72,Metric Tonnes,,,,2401.84,Rs./Quintal,
State/UT Name : Rajasthan
Ajmer(F&V) APMC,1.4000000000000001,Metric Tonnes,Other,1400.0,2000.0,1800.0,Rs./Quintal,Medium
Udaipur (F&V) APMC,0.4,Metric Tonnes,Other,2000.0,2000.0,2000.0,Rs./Quintal,Medium
Total,1.8,Metric Tonnes,,,,1844.44,Rs./Quintal,
State/UT Name : Tamil Nadu
AJattihalli(Uzhavar Sandhai ),0.14,Metric Tonnes,Pusakesar,6400.0,7000.0,6700.0,Rs./Quintal,Local
Ammapet(Uzhavar Sandhai ),0.14,Metric Tonnes,Pusakesar,6200.0,6500.0,6350.0,Rs./Quintal,Local
Anaiyur(Uzhavar Sandhai ),0.11,Metric Tonnes,Pusakesar,5000.0,6000.0,5500.0,Rs./Quintal,Local
Andipatti(Uzhavar Sandhai ),0.2,Metric Tonnes,Pusakesar,5500.0,6000.0,5750.0,Rs./Quintal,Local
Anna nagar(Uzhavar Sandhai ),0.66,Metric Tonnes,Pusakesar,6600.0,6600.0,6600.0,Rs./Quintal,Local
Arani(Uzhavar Sandhai ),0.2,Metric Tonnes,Pusakesar,5000.0,6000.0,5500.0,Rs./Quintal,Local
Arcot(Uzhavar Sandhai ),0.27,Metric Tonnes,Pusakesar,6000.0,6000.0,6000.0,Rs./Quintal,Local
Ariyalur(Uzhavar Sandhai),0.03,Metric Tonnes,Pusakesar,7000.0,8000.0,7500.0,Rs./Quintal,Local
Aruppukottai(Uzhavar Sandhai ),0.12,Metric Tonnes,Pusakesar,6500.0,7000.0,6750.0,Rs./Quintal,Local
Athur(Uzhavar Sandhai ),0.34,Metric Tonnes,Pusakesar,5500.0,6000.0,5750.0,Rs./Quintal,Local
Avallapalli(Uzhavar Sandhai ),0.24,Metric Tonnes,Pusakesar,4000.0,4500.0,4250.0,Rs./Quintal,Local
Chengalpet(Uzhavar Sandhai ),0.1,Metric Tonnes,Pusakesar,6000.0,7000.0,6500.0,Rs./Quintal,Local
Chengam(Uzhavar Sandhai ),0.12,Metric Tonnes,Pusakesar,7000.0,8000.0,7500.0,Rs./Quintal,Local
Cheyyar(Uzhavar Sandhai ),0.1,Metric Tonnes,Pusakesar,4800.0,6000.0,5400.0,Rs./Quintal,Local
Chinnalapatti(Uzhavar Sandhai ),0.03,Metric Tonnes,Pusakesar,6600.0,7000.0,6800.0,Rs./Quintal,Local
Chinnamanur(Uzhavar Sandhai ),0.28,Metric Tonnes,Pusakesar,4000.0,6000.0,5000.0,Rs./Quintal,Local
Chokkikulam(Uzhavar Sandhai ),0.8,Metric Tonnes,Pusakesar,3200.0,6000.0,4600.0,Rs./Quintal,Local
Coonoor(Uzhavar Sandhai ),0.27,Metric Tonnes,Pusakesar,4000.0,4500.0,4250.0,Rs./Quintal,Local
Cuddalore(Uzhavar Sandhai ),0.28,Metric Tonnes,Pusakesar,5000.0,5000.0,5000.0,Rs./Quintal,Local
Denkanikottai(Uzhavar Sandhai ),0.28,Metric Tonnes,Pusakesar,4000.0,4500.0,4250.0,Rs./Quintal,Local
Devakottai (Uzhavar Sandhai ),0.13,Metric Tonnes,Pusakesar,4000.0,6200.0,5100.0,Rs./Quintal,Local
Dharapuram(Uzhavar Sandhai ),0.56,Metric Tonnes,Pusakesar,5500.0,6000.0,5750.0,Rs./Quintal,Local
Dharmapuri(Uzhavar Sandhai ),0.3,Metric Tonnes,Pusakesar,6200.0,6400.0,6300.0,Rs./Quintal,Local
Dindigul(Uzhavar Sandhai ),0.65,Metric Tonnes,Pusakesar,6000.0,7000.0,6500.0,Rs./Quintal,Local
Edapadi (Uzhavar Sandhai ),0.18,Metric Tonnes,Pusakesar,6000.0,6500.0,6250.0,Rs./Quintal,Local
Elampillai(Uzhavar Sandhai ),0.2,Metric Tonnes,Pusakesar,6000.0,6500.0,6250.0,Rs./Quintal,Local
Gandhigramam(Uzhavar Sandhai),0.13,Metric Tonnes,Pusakesar,5500.0,6000.0,5750.0,Rs./Quintal,Local
Gingee(Uzhavar Sandhai ),0.04,Metric Tonnes,Pusakesar,5500.0,5500.0,5500.0,Rs./Quintal,Local
Gobichettipalayam(Uzhavar Sandhai ),0.15,Metric Tonnes,Pusakesar,5500.0,5800.0,5650.0,Rs./Quintal,Local
Gudalur(Uzhavar Sandhai ),0.03,Metric Tonnes,Pusakesar,3500.0,4000.0,3750.0,Rs./Quintal,Local
Gudiyatham(Uzhavar Sandhai ),0.08,Metric Tonnes,Pusakesar,6000.0,6000.0,6000.0,Rs./Quintal,Local
Harur(Uzhavar Sandhai ),0.12,Metric Tonnes,Pusakesar,5000.0,6000.0,5500.0,Rs./Quintal,Local
Hasthampatti(Uzhavar Sandhai ),0.18,Metric Tonnes,Pusakesar,6000.0,6500.0,6250.0,Rs./Quintal,Local
Hosur(Uzhavar Sandhai ),2.28,Metric Tonnes,Pusakesar,4000.0,4500.0,4250.0,Rs./Quintal,Local
Jalagandapuram(Uzhavar Sandhai ),0.06,Metric Tonnes,Pusakesar,5000.0,6000.0,5500.0,Rs./Quintal,Local
Jameenrayapettai(Uzhavar Sandhai ),0.09,Metric Tonnes,Pusakesar,6000.0,7000.0,6500.0,Rs./Quintal,Local
KKNagar(Uzhavar Sandhai ),0.6,Metric Tonnes,Pusakesar,6600.0,6600.0,6600.0,Rs./Quintal,Local
Kahithapattarai(Uzhavar Sandhai ),0.08,Metric Tonnes,Pusakesar,5000.0,5000.0,5000.0,Rs./Quintal,Local
Kallakurichi(Uzhavar Sandhai ),0.06,Metric Tonnes,Pusakesar,7000.0,7000.0,7000.0,Rs./Quintal,Local
Kambam(Uzhavar Sandhai ),0.8,Metric Tonnes,Pusakesar,6000.0,6000.0,6000.0,Rs./Quintal,Local
Karaikudi(Uzhavar Sandhai ),0.1,Metric Tonnes,Pusakesar,5500.0,6500.0,6000.0,Rs./Quintal,Local
Karimangalam(Uzhavar Sandhai),0.08,Metric Tonnes,Pusakesar,6000.0,6500.0,6250.0,Rs./Quintal,Local
Kariyapatti(Uzhavar Sandhai ),0.08,Metric Tonnes,Pusakesar,6500.0,7000.0,6750.0,Rs./Quintal,Local
Karur(Uzhavar Sandhai ),0.28,Metric Tonnes,Pusakesar,5500.0,6000.0,5750.0,Rs./Quintal,Local
Katpadi (Uzhavar Sandhai ),0.3,Metric Tonnes,Pusakesar,5000.0,5000.0,5000.0,Rs./Quintal,Local
Kaveripattinam(Uzhavar Sandhai ),0.04,Metric Tonnes,Pusakesar,6000.0,6000.0,6000.0,Rs./Quintal,Local
Kovilpatti(Uzhavar Sandhai ),0.11,Metric Tonnes,Pusakesar,5500.0,6000.0,5750.0,Rs./Quintal,Local
Krishnagiri(Uzhavar Sandhai ),0.38,Metric Tonnes,Pusakesar,7000.0,7500.0,7250.0,Rs./Quintal,Local
Kulithalai(Uzhavar Sandhai ),0.22,Metric Tonnes,Pusakesar,6000.0,6600.0,6300.0,Rs./Quintal,Local
Kumarapalayam(Uzhavar Sandhai ),0.02,Metric Tonnes,Pusakesar,7500.0,8000.0,7750.0,Rs./Quintal,Local
Kumbakonam (Uzhavar Sandhai ),0.18,Metric Tonnes,Pusakesar,6000.0,8400.0,7200.0,Rs./Quintal,Local
Kundrathur(Uzhavar Sandhai ),0.03,Metric Tonnes,Pusakesar,5000.0,5000.0,5000.0,Rs./Quintal,Local
Lalgudi(Uzhavar Sandhai ),0.14,Metric Tonnes,Pusakesar,6600.0,6600.0,6600.0,Rs./Quintal,Local
Manachanallur(Uzhavar Sandhai ),0.06,Metric Tonnes,Pusakesar,6000.0,6500.0,6250.0,Rs./Quintal,Local
Manapparai(Uzhavar Sandhai ),0.06,Metric Tonnes,Pusakesar,7000.0,7000.0,7000.0,Rs./Quintal,Local
Mannargudi I(Uzhavar Sandhai ),0.52,Metric Tonnes,Pusakesar,6400.0,6400.0,6400.0,Rs./Quintal,Local
Mannargudi II(Uzhavar Sandhai ),0.14,Metric Tonnes,Pusakesar,6400.0,6400.0,6400.0,Rs./Quintal,Local
Mayiladuthurai(Uzhavar Sandhai ),0.01,Metric Tonnes,Pusakesar,7000.0,8000.0,7500.0,Rs./Quintal,Local
Melapalayam(Uzhavar Sandhai ),0.36,Metric Tonnes,Pusakesar,3200.0,5600.0,4400.0,Rs./Quintal,Local
Mettupalayam(Uzhavar Sandhai ),0.48,Metric Tonnes,Pusakesar,4800.0,5400.0,5100.0,Rs./Quintal,Local
Mettur(Uzhavar Sandhai ),0.17,Metric Tonnes,Pusakesar,5500.0,6000.0,5750.0,Rs./Quintal,Local
Mohanur(Uzhavar Sandhai ),0.06,Metric Tonnes,Pusakesar,7000.0,8000.0,7500.0,Rs./Quintal,Local
Musiri(Uzhavar Sandhai ),0.38,Metric Tonnes,Pusakesar,6000.0,6500.0,6250.0,Rs./Quintal,Local
Myladi(Uzhavar Sandhai ),0.03,Metric Tonnes,Pusakesar,7000.0,7500.0,7250.0,Rs./Quintal,Local
NGO Colony(Uzhavar Sandhai ),0.29,Metric Tonnes,Pusakesar,4500.0,5600.0,5050.0,Rs./Quintal,Local
Nagapattinam(Uzhavar Sandhai ),0.08,Metric Tonnes,Pusakesar,6600.0,7500.0,7050.0,Rs./Quintal,Local
Namakkal(Uzhavar Sandhai ),0.47,Metric Tonnes,Pusakesar,5400.0,6000.0,5700.0,Rs./Quintal,Local
Nanganallur(Uzhavar Sandhai ),0.08,Metric Tonnes,Pusakesar,6500.0,7000.0,6750.0,Rs./Quintal,Local
Natrampalli(Uzhavar Sandhai ),0.35,Metric Tonnes,Pusakesar,5000.0,6000.0,5500.0,Rs./Quintal,Local
Palacode(Uzhavar Sandhai ),0.18,Metric Tonnes,Pusakesar,5800.0,6000.0,5900.0,Rs./Quintal,Local
Palanganatham(Uzhavar Sandhai ),0.45,Metric Tonnes,Pusakesar,5000.0,6000.0,5500.0,Rs./Quintal,Local
Palani(Uzhavar Sandhai ),0.63,Metric Tonnes,Pusakesar,5000.0,5600.0,5300.0,Rs./Quintal,Local
Palayamkottai(Uzhavar Sandhai ),0.95,Metric Tonnes,Pusakesar,5400.0,5600.0,5500.0,Rs./Quintal,Local
Palladam(Uzhavar Sandhai ),0.11,Metric Tonnes,Pusakesar,5000.0,6000.0,5500.0,Rs./Quintal,Local
Pallavaram(Uzhavar Sandhai ),0.12,Metric Tonnes,Pusakesar,6000.0,7000.0,6500.0,Rs./Quintal,Local
Pallikonda(Uzhavar Sandhai),0.02,Metric Tonnes,Pusakesar,4500.0,4500.0,4500.0,Rs./Quintal,Local
Papanasam(Uzhavar Sandhai ),0.27,Metric Tonnes,Pusakesar,6400.0,6400.0,6400.0,Rs./Quintal,Local
Paramakudi(Uzhavar Sandhai ),0.16,Metric Tonnes,Pusakesar,6000.0,7000.0,6500.0,Rs./Quintal,Local
Paramathivelur(Uzhavar Sandhai ),0.06,Metric Tonnes,Pusakesar,6500.0,7000.0,6750.0,Rs./Quintal,Local
Pattukottai(Uzhavar Sandhai ),0.08,Metric Tonnes,Pusakesar,7400.0,7400.0,7400.0,Rs./Quintal,Local
Pennagaram(Uzhavar Sandhai ),0.1,Metric Tonnes,Pusakesar,7000.0,8000.0,7500.0,Rs./Quintal,Local
Perambalur(Uzhavar Sandhai ),0.16,Metric Tonnes,Pusakesar,7200.0,7200.0,7200.0,Rs./Quintal,Local
Perampet(Uzhavar Sandhai),0.02,Metric Tonnes,Pusakesar,6000.0,6000.0,6000.0,Rs./Quintal,Local
Peravurani(Uzhavar Sandhai),0.03,Metric Tonnes,Pusakesar,7400.0,7400.0,7400.0,Rs./Quintal,Local
Periyakulam(Uzhavar Sandhai ),0.18,Metric Tonnes,Pusakesar,5500.0,6000.0,5750.0,Rs./Quintal,Local
Perundurai(Uzhavar Sandhai ),0.02,Metric Tonnes,Pusakesar,5500.0,5800.0,5650.0,Rs./Quintal,Local
Pollachi(Uzhavar Sandhai ),0.14,Metric Tonnes,Pusakesar,5500.0,6000.0,5750.0,Rs./Quintal,Local
Polur(Uzhavar Sandhai ),0.18,Metric Tonnes,Pusakesar,5000.0,6000.0,5500.0,Rs./Quintal,Local
Pudukottai(Uzhavar Sandhai ),0.17,Metric Tonnes,Pusakesar,6000.0,6500.0,6250.0,Rs./Quintal,Local
RSPuram(Uzhavar Sandhai ),2.42,Metric Tonnes,Pusakesar,5000.0,5400.0,5200.0,Rs./Quintal,Local
Rajapalayam(Uzhavar Sandhai ),0.25,Metric Tonnes,Pusakesar,3500.0,4000.0,3750.0,Rs./Quintal,Local
Ramanathapuram(Uzhavar Sandhai ),0.09,Metric Tonnes,Pusakesar,6500.0,7000.0,6750.0,Rs./Quintal,Local
Ranipettai(Uzhavar Sandhai ),0.05,Metric Tonnes,Pusakesar,5500.0,5500.0,5500.0,Rs./Quintal,Local
Rasipuram(Uzhavar Sandhai ),0.09,Metric Tonnes,Pusakesar,5500.0,6500.0,6000.0,Rs./Quintal,Local
Sampath Nagar(Uzhavar Sandhai ),0.16,Metric Tonnes,Pusakesar,5000.0,5400.0,5200.0,Rs./Quintal,Local
Sankarapuram(Uzhavar Sandhai ),0.11,Metric Tonnes,Pusakesar,7000.0,7000.0,7000.0,Rs./Quintal,Local
Sathiyamagalam(Uzhavar Sandhai ),0.18,Metric Tonnes,Pusakesar,5000.0,5500.0,5250.0,Rs./Quintal,Local
Sathur(Uzhavar Sandhai ),0.01,Metric Tonnes,Pusakesar,4500.0,5000.0,4750.0,Rs./Quintal,Local
Singampunari(Uzhavar Sandhai ),0.04,Metric Tonnes,Pusakesar,3800.0,6200.0,5000.0,Rs./Quintal,Local
Singanallur(Uzhavar Sandhai ),0.89,Metric Tonnes,Pusakesar,5000.0,5600.0,5300.0,Rs./Quintal,Local
Sirkali(Uzhavar Sandhai ),0.04,Metric Tonnes,Pusakesar,8000.0,8000.0,8000.0,Rs./Quintal,Local
Sivagangai (Uzhavar Sandhai ),0.24,Metric Tonnes,Pusakesar,3800.0,6200.0,5000.0,Rs./Quintal,Local
Sivakasi(Uzhavar Sandhai ),0.02,Metric Tonnes,Pusakesar,3500.0,4000.0,3750.0,Rs./Quintal,Local
Sooramangalam(Uzhavar Sandhai ),0.5,Metric Tonnes,Pusakesar,4600.0,5000.0,4800.0,Rs./Quintal,Local
Srivilliputhur(Uzhavar Sandhai ),0.08,Metric Tonnes,Pusakesar,4000.0,4500.0,4250.0,Rs./Quintal,Local
Sulur(Uzhavar Sandhai ),0.25,Metric Tonnes,Pusakesar,5000.0,5600.0,5300.0,Rs./Quintal,Local
Sundarapuram(Uzhavar Sandhai ),0.23,Metric Tonnes,Pusakesar,5500.0,6000.0,5750.0,Rs./Quintal,Local
Sunguvarchatram(Uzhavar Sandhai ),0.04,Metric Tonnes,Pusakesar,5000.0,5000.0,5000.0,Rs./Quintal,Local
Thalavadi(Uzhavar Sandhai ),0.08,Metric Tonnes,Pusakesar,5000.0,6000.0,5500.0,Rs./Quintal,Local
Thalavaipuram(Uzhavar Sandhai ),0.04,Metric Tonnes,Pusakesar,3600.0,4500.0,4050.0,Rs./Quintal,Local
Thammampatti (Uzhavar Sandhai ),0.14,Metric Tonnes,Pusakesar,5500.0,6000.0,5750.0,Rs./Quintal,Local
Thathakapatti(Uzhavar Sandhai ),0.33,Metric Tonnes,Pusakesar,5000.0,6000.0,5500.0,Rs./Quintal,Local
Theni(Uzhavar Sandhai ),0.93,Metric Tonnes,Pusakesar,6000.0,6000.0,6000.0,Rs./Quintal,Local
Thirupathur APMC,0.4,Metric Tonnes,Pusakesar,6400.0,6400.0,6400.0,Rs./Quintal,Local
Thiruverumbur(Uzhavar Sandhai ),0.12,Metric Tonnes,Pusakesar,6600.0,6600.0,6600.0,Rs./Quintal,Local
Thuraiyur APMC,0.12,Metric Tonnes,Pusakesar,5400.0,6600.0,6000.0,Rs./Quintal,Local
Tindivanam APMC,0.14,Metric Tonnes,Pusakesar,5800.0,5800.0,5800.0,Rs./Quintal,Local
Tiruchengode APMC,0.16,Metric Tonnes,Pusakesar,5400.0,6000.0,5700.0,Rs./Quintal,Local
Tirukattupalli(Uzhavar Sandhai ),0.12,Metric Tonnes,Pusakesar,6400.0,6400.0,6400.0,Rs./Quintal,Local
Tirupatthur(Uzhavar Sandhai ),0.13,Metric Tonnes,Pusakesar,4000.0,6500.0,5250.0,Rs./Quintal,Local
Tiruppur (North) (Uzhavar Sandhai ),0.13,Metric Tonnes,Pusakesar,5000.0,6000.0,5500.0,Rs./Quintal,Local
Tiruppur (South) (Uzhavar Sandhai ),0.52,Metric Tonnes,Pusakesar,4000.0,5000.0,4500.0,Rs./Quintal,Local
Tiruthani(Uzhavar Sandhai ),0.06,Metric Tonnes,Pusakesar,6000.0,6000.0,6000.0,Rs./Quintal,Local
Tiruvannamalai(Uzhavar Sandhai ),0.26,Metric Tonnes,Pusakesar,6400.0,7200.0,6800.0,Rs./Quintal,Local
Tuticorin(Uzhavar Sandhai ),0.3,Metric Tonnes,Pusakesar,7500.0,8000.0,7750.0,Rs./Quintal,Local
Udhagamandalam(Uzhavar Sandhai ),0.5,Metric Tonnes,Pusakesar,3000.0,3500.0,3250.0,Rs./Quintal,Local
Udumalpet APMC,0.24,Metric Tonnes,Pusakesar,6000.0,6800.0,6400.0,Rs./Quintal,Local
Vadalur(Uzhavar Sandhai ),0.05,Metric Tonnes,Pusakesar,6000.0,6000.0,6000.0,Rs./Quintal,Local
Vadaseri APMC,0.2,Metric Tonnes,Pusakesar,7000.0,7500.0,7250.0,Rs./Quintal,Local
Vadavalli(Uzhavar Sandhai ),0.72,Metric Tonnes,Pusakesar,5000.0,5400.0,5200.0,Rs./Quintal,Local
Vandavasi(Uzhavar Sandhai ),0.03,Metric Tonnes,Pusakesar,5000.0,6000.0,5500.0,Rs./Quintal,Local
Vaniyampadi(Uzhavar Sandhai ),0.78,Metric Tonnes,Pusakesar,6000.0,6000.0,6000.0,Rs./Quintal,Local
Vazhapadi(Uzhavar Sandhai),0.02,Metric Tonnes,Pusakesar,5000.0,5500.0,5250.0,Rs./Quintal,Local
Vellore APMC,0.2,Metric Tonnes,Pusakesar,4500.0,4500.0,4500.0,Rs./Quintal,Local
Villupuram(Uzhavar Sandhai ),0.05,Metric Tonnes,Pusakesar,7000.0,7000.0,7000.0,Rs./Quintal,Local
Virudhunagar(Uzhavar Sandhai ),0.06,Metric Tonnes,Pusakesar,6800.0,6900.0,6850.0,Rs./Quintal,Local
Viruthachalam(Uzhavar Sandhai ),0.03,Metric Tonnes,Pusakesar,6000.0,6000.0,6000.0,Rs./Quintal,Local
Total,33.51,Metric Tonnes,,,,5591.41,Rs./Quintal,
State/UT Name : Telangana
Bowenpally APMC,638.6,Metric Tonnes,Carrot,1000.0,4000.0,3000.0,Rs./Quintal,FAQ
"Excise Colony,RBZ ",0.25,Metric Tonnes,Other,6000.0,6000.0,6000.0,Rs./Quintal,Grade A
Gudimalkapur APMC,26.8,Metric Tonnes,Carrot,1800.0,4000.0,2400.0,Rs./Quintal,Grade B
"Kukatpally,RBZ",5.2,Metric Tonnes,Carrot,4500.0,4500.0,4500.0,Rs./Quintal,Local
L B Nagar APMC,3.9000000000000004,Metric Tonnes,Carrot,3000.0,4000.0,3500.0,Rs./Quintal,Medium
Miryalguda(Rythu Bazar) ,0.1,Metric Tonnes,Carrot,5000.0,5000.0,5000.0,Rs./Quintal,Grade A
RYTHU BAZAR FALAKNUMA,1.3,Metric Tonnes,Carrot,4500.0,4500.0,4500.0,Rs./Quintal,Grade A
RYTHU BAZAR MEHDIPATNAM,2.9,Metric Tonnes,Carrot,4500.0,4500.0,4500.0,Rs./Quintal,Grade A
"Saroornagar,RBZ",2.9000000000000004,Metric Tonnes,Other,4500.0,4500.0,4500.0,Rs./Quintal,Medium
Shadnagar APMC,3.0,Metric Tonnes,Carrot,1500.0,1800.0,1600.0,Rs./Quintal,Local
Siddipet(Rythu Bazar) ,1.3,Metric Tonnes,Carrot,4400.0,5200.0,4800.0,Rs./Quintal,Grade A
"Vanasthalipuram,RBZ ",1.3,Metric Tonnes,Carrot,4500.0,4500.0,4500.0,Rs./Quintal,Grade A
Warangal APMC,2.4000000000000004,Metric Tonnes,Carrot,4000.0,4500.0,4250.0,Rs./Quintal,FAQ
Total,689.95,Metric Tonnes,,,,3012.12,Rs./Quintal,
State/UT Name : Tripura
Biokhora,0.15000000000000002,Metric Tonnes,Carrot,7300.0,7400.0,7350.0,Rs./Quintal,FAQ
Total,0.15,Metric Tonnes,,,,7350.0,Rs./Quintal,
State/UT Name : Uttar Pradesh
Hasanpur APMC,5.0,Metric Tonnes,Carrot,1450.0,1520.0,1500.0,Rs./Quintal,FAQ
Maigalganj APMC,0.2,Metric Tonnes,Carrot,1220.0,1260.0,1240.0,Rs./Quintal,FAQ
Siyana APMC,1.2000000000000002,Metric Tonnes,Carrot,1100.0,1120.0,1110.0,Rs./Quintal,Medium
Total,6.4,Metric Tonnes,,,,1418.75,Rs./Quintal,
State/UT Name : West Bengal
Gangarampur(Dakshin Dinajpur) APMC,0.1,Metric Tonnes,Other,4000.0,4500.0,4300.0,Rs./Quintal,FAQ
Ghatal APMC,1.9000000000000001,Metric Tonnes,Carrot,3500.0,3600.0,3550.0,Rs./Quintal,FAQ
Jhargram APMC,0.45999999999999996,Metric Tonnes,Other,3200.0,3600.0,3400.0,Rs./Quintal,FAQ
Kalimpong APMC,0.2,Metric Tonnes,Other,6500.0,6700.0,6600.0,Rs./Quintal,Medium
Karsiyang(Matigara) APMC,0.3,Metric Tonnes,Other,3100.0,3300.0,3200.0,Rs./Quintal,FAQ
Sealdah Koley Market APMC,11.4,Metric Tonnes,Other,4000.0,5000.0,4500.0,Rs./Quintal,FAQ
Total,14.36,Metric Tonnes,,,,4339.76,Rs./Quintal,
Grand Total,2482.55,Metric Tonnes,,,,6069.43,Rs./Quintal,
Onion
State/UT Name : Assam
Pamohi(Garchuk) APMC,35.0,Metric Tonnes,Other,5300.0,5900.0,5500.0,Rs./Quintal,FAQ
Pamohi(Garchuk) APMC,45.0,Metric Tonnes,Onion,5500.0,6000.0,5700.0,Rs./Quintal,FAQ
Tinsukia Market,8.0,Metric Tonnes,Onion,4700.0,5400.0,5000.0,Rs./Quintal,FAQ
Total,88.0,Metric Tonnes,,,,5556.82,Rs./Quintal,
State/UT Name : Bihar
Chhapra APMC,100.0,Metric Tonnes,Other,4200.0,4800.0,4400.0,Rs./Quintal,Grade A
Khagaria APMC,28.0,Metric Tonnes,Red,4100.0,4330.0,4290.0,Rs./Quintal,Grade A
Madhuban APMC,100.0,Metric Tonnes,1st Sort,4000.0,4400.0,4200.0,Rs./Quintal,FAQ
Madhubani APMC,4500.0,Metric Tonnes,Nasik,4500.0,4700.0,4600.0,Rs./Quintal,FAQ
Maharjganj APMC,4.0,Metric Tonnes,1st Sort,5200.0,5200.0,5200.0,Rs./Quintal,FAQ
Total,4732.0,Metric Tonnes,,,,4585.99,Rs./Quintal,
State/UT Name : Chandigarh
Chandigarh (Grain/F&V) APMC,217.12,Metric Tonnes,Onion,2500.0,4800.0,4500.0,Rs./Quintal,FAQ
Total,217.12,Metric Tonnes,,,,4500.0,Rs./Quintal,
State/UT Name : Chattisgarh
Durg APMC,6.6,Metric Tonnes,Onion,3200.0,3400.0,3400.0,Rs./Quintal,Medium
Raigarh APMC,30.0,Metric Tonnes,Local,3000.0,4000.0,3500.0,Rs./Quintal,Grade B
Tiphra APMC,85.0,Metric Tonnes,Local,4000.0,4200.0,4100.0,Rs./Quintal,Grade B
Total,121.6,Metric Tonnes,,,,3913.98,Rs./Quintal,
State/UT Name : Gujarat
Ankleshwar APMC,19.0,Metric Tonnes,Onion,2000.0,4500.0,3000.0,Rs./Quintal,Grade A
Bharuch APMC,21.5,Metric Tonnes,Other,1500.0,3000.0,2000.0,Rs./Quintal,Local
Bilimora APMC,1.4000000000000001,Metric Tonnes,Nasik,3500.0,5500.0,5000.0,Rs./Quintal,FAQ
Dahod(Veg. Market) APMC,1.8,Metric Tonnes,Onion,3000.0,5000.0,4000.0,Rs./Quintal,Local
Kapadvanj APMC,8.0,Metric Tonnes,Onion,3000.0,4000.0,3500.0,Rs./Quintal,Medium
Nadiyad(Piplag) APMC,11.9,Metric Tonnes,Onion,2100.0,2500.0,2300.0,Rs./Quintal,FAQ
Navsari APMC,5.91,Metric Tonnes,Onion,3800.0,5500.0,4650.0,Rs./Quintal,Grade A
Vadodara(Sayajipura) APMC,16.5,Metric Tonnes,Onion,3000.0,5200.0,4150.0,Rs./Quintal,FAQ
Total,86.01,Metric Tonnes,,,,3087.16,Rs./Quintal,
State/UT Name : Haryana
Bahadurgarh APMC,3.2,Metric Tonnes,Other,4500.0,5000.0,4800.0,Rs./Quintal,FAQ
Ballabhgarh APMC,6.5,Metric Tonnes,Onion,2000.0,3500.0,3000.0,Rs./Quintal,FAQ
Barwala APMC,2.4000000000000004,Metric Tonnes,Onion,3500.0,4000.0,3750.0,Rs./Quintal,FAQ
Barwala(Hisar) APMC,1.5,Metric Tonnes,Onion,4500.0,5000.0,4800.0,Rs./Quintal,Local
Ch. Dadri APMC,2.3000000000000003,Metric Tonnes,Onion,3100.0,4500.0,3800.0,Rs./Quintal,Medium
Chhachrauli APMC,0.125,Metric Tonnes,Onion,4400.0,5500.0,4500.0,Rs./Quintal,Local
Dhand APMC,0.2,Metric Tonnes,Other,4000.0,5000.0,4800.0,Rs./Quintal,Medium
Farukh Nagar APMC,1.6,Metric Tonnes,Other,3500.0,4800.0,4100.0,Rs./Quintal,Medium
Fatehabad APMC,11.100000000000001,Metric Tonnes,Other,4800.0,4800.0,4800.0,Rs./Quintal,Local
Ganaur APMC,1.0,Metric Tonnes,Onion,4000.0,5000.0,4500.0,Rs./Quintal,FAQ
Gurgaon APMC,98.0,Metric Tonnes,Other,3000.0,4000.0,3500.0,Rs./Quintal,Grade A
Hansi APMC,22.3,Metric Tonnes,Other,4500.0,5500.0,5000.0,Rs./Quintal,FAQ
Hissar APMC,12.8,Metric Tonnes,Other,2500.0,5000.0,4200.0,Rs./Quintal,Medium
Hodal APMC,2.8000000000000003,Metric Tonnes,Onion,2500.0,3500.0,3000.0,Rs./Quintal,FAQ
Jakhal APMC,0.2,Metric Tonnes,Other,4500.0,4800.0,4800.0,Rs./Quintal,Non-FAQ
Jhajjar APMC,6.0,Metric Tonnes,Other,4800.0,4800.0,4800.0,Rs./Quintal,Medium
Jind APMC,7.5,Metric Tonnes,Local,2000.0,4000.0,3400.0,Rs./Quintal,FAQ
Kharkhoda APMC,2.8000000000000003,Metric Tonnes,Other,3000.0,4000.0,3550.0,Rs./Quintal,FAQ
Madlauda APMC,0.15000000000000002,Metric Tonnes,Onion,4200.0,4200.0,4200.0,Rs./Quintal,FAQ
Mohindergarh APMC,1.9000000000000001,Metric Tonnes,Onion,2400.0,2500.0,2500.0,Rs./Quintal,Medium
Mustafabad APMC,0.08000000000000002,Metric Tonnes,Onion,3400.0,3600.0,3600.0,Rs./Quintal,FAQ
Narwana APMC,6.5,Metric Tonnes,Onion,4500.0,4500.0,4500.0,Rs./Quintal,Non-FAQ
Nuh APMC,0.8,Metric Tonnes,Other,2500.0,2500.0,2500.0,Rs./Quintal,Local
Pataudi APMC,1.6,Metric Tonnes,Onion,4000.0,4500.0,4200.0,Rs./Quintal,Grade B
Raipur Rani APMC,0.25,Metric Tonnes,Onion,2500.0,2700.0,2500.0,Rs./Quintal,Local
Rania APMC,0.1,Metric Tonnes,Other,0.11,0.15,0.12,Rs./Quintal,Non-FAQ
Ratia APMC,34.0,Metric Tonnes,Other,3500.0,3800.0,3600.0,Rs./Quintal,Grade A
Rewari APMC,6.0,Metric Tonnes,Medium,4000.0,6200.0,5000.0,Rs./Quintal,Medium
Sirsa APMC,5.1000000000000005,Metric Tonnes,Other,3000.0,4500.0,3200.0,Rs./Quintal,FAQ
Siwan APMC,1.9000000000000001,Metric Tonnes,Other,4800.0,5000.0,4900.0,Rs./Quintal,FAQ
Sohna APMC,2.4,Metric Tonnes,Onion,4000.0,4500.0,4200.0,Rs./Quintal,Local
Sonepat APMC,18.5,Metric Tonnes,Onion,4000.0,4500.0,4500.0,Rs./Quintal,FAQ
Tarori APMC,0.6000000000000001,Metric Tonnes,Other,3000.0,4000.0,3500.0,Rs./Quintal,Medium
Tohana(New Veg Market) APMC,3.5,Metric Tonnes,Onion,4000.0,4500.0,4500.0,Rs./Quintal,FAQ
Uklana APMC,0.30000000000000004,Metric Tonnes,Onion,4000.0,4500.0,4500.0,Rs./Quintal,Medium
Total,266.01,Metric Tonnes,,,,3918.52,Rs./Quintal,
State/UT Name : Himachal Pradesh
PMY Kather Solan,4.7,Metric Tonnes,Other,3000.0,5200.0,4800.0,Rs./Quintal,Medium
PMY Kullu,1.5,Metric Tonnes,Other,4800.0,5000.0,4900.0,Rs./Quintal,FAQ
SMY Bhuntar,1.5,Metric Tonnes,Other,5200.0,5500.0,5300.0,Rs./Quintal,FAQ
SMY Nalagarh,0.2,Metric Tonnes,Other,4000.0,4500.0,4300.0,Rs./Quintal,Medium
SMY Takoli,0.1,Metric Tonnes,Other,4000.0,4500.0,4300.0,Rs./Quintal,Medium
Total,8.0,Metric Tonnes,,,,4893.75,Rs./Quintal,
State/UT Name : Karnataka
Chikkamagaluru APMC,1.4000000000000001,Metric Tonnes,Other,4800.0,4800.0,4800.0,Rs./Quintal,Local
Gauribidanur APMC,0.30000000000000004,Metric Tonnes,Onion,3500.0,4500.0,4000.0,Rs./Quintal,Local
Hospet APMC,3.2,Metric Tonnes,Local,3500.0,4500.0,4000.0,Rs./Quintal,Local
Mysuru APMC,50.400000000000006,Metric Tonnes,Other,4500.0,5000.0,4600.0,Rs./Quintal,Medium
Total,55.3,Metric Tonnes,,,,4567.09,Rs./Quintal,
State/UT Name : Keralam
Anchal Market,0.43,Metric Tonnes,Big,4300.0,4300.0,4300.0,Rs./Quintal,Local
Anchal Market,0.5,Metric Tonnes,Small,5200.0,5200.0,5200.0,Rs./Quintal,Local
Angamaly Market,1.0,Metric Tonnes,Small,9000.0,9400.0,9200.0,Rs./Quintal,FAQ
Angamaly Market,1.0,Metric Tonnes,Big,5800.0,6200.0,6000.0,Rs./Quintal,FAQ
Aroor Market,0.2,Metric Tonnes,Big,4800.0,5000.0,4900.0,Rs./Quintal,FAQ
Aroor Market,0.2,Metric Tonnes,Small,8800.0,9000.0,8900.0,Rs./Quintal,FAQ
Balarampuram Market,3.0,Metric Tonnes,1st Sort,7000.0,7000.0,7000.0,Rs./Quintal,FAQ
Broadway market Market,0.4,Metric Tonnes,1st Sort,5500.0,7000.0,5700.0,Rs./Quintal,Medium
Kallachi Market,0.1,Metric Tonnes,Other,5300.0,5700.0,5500.0,Rs./Quintal,FAQ
Kanjirappally Market,0.5,Metric Tonnes,Big,4500.0,5000.0,4800.0,Rs./Quintal,FAQ
Kayamkulam Market,3.0,Metric Tonnes,Small,6900.0,7100.0,7000.0,Rs./Quintal,FAQ
Kayamkulam Market,5.0,Metric Tonnes,Big,5400.0,5600.0,5500.0,Rs./Quintal,FAQ
Koduvayoor Market,80.0,Metric Tonnes,Small,8500.0,8900.0,8700.0,Rs./Quintal,Medium
Koduvayoor Market,80.0,Metric Tonnes,Big,5500.0,5900.0,5700.0,Rs./Quintal,Medium
Kondotty Market,0.25,Metric Tonnes,Small,9900.0,10200.0,10000.0,Rs./Quintal,FAQ
Kondotty Market,0.25,Metric Tonnes,Other,4800.0,5200.0,5000.0,Rs./Quintal,FAQ
Kottarakkara Market,0.01,Metric Tonnes,Other,3100.0,3100.0,3100.0,Rs./Quintal,Local
Kuruppanthura Market,1.0,Metric Tonnes,Big,5500.0,6000.0,6000.0,Rs./Quintal,FAQ
Manjeri Market,8.0,Metric Tonnes,Other,5650.0,5750.0,5700.0,Rs./Quintal,Local
Mukkom Market,0.5,Metric Tonnes,Onion,5000.0,5400.0,5200.0,Rs./Quintal,FAQ
Pala Market,6.0,Metric Tonnes,Big,5300.0,6000.0,5600.0,Rs./Quintal,FAQ
Pala Market,2.0,Metric Tonnes,Onion,8400.0,9000.0,8800.0,Rs./Quintal,FAQ
Pampady Market,2.0,Metric Tonnes,Big,4500.0,5500.0,5000.0,Rs./Quintal,Grade A
Pattambi Market,0.5,Metric Tonnes,Onion,8000.0,9000.0,8500.0,Rs./Quintal,FAQ
Perinthalmanna Market,4.0,Metric Tonnes,Onion,4000.0,4500.0,4400.0,Rs./Quintal,Large
Pothencode Market,600.0,Metric Tonnes,Other,6200.0,7000.0,6200.0,Rs./Quintal,Local
Punalur Market,0.001,Metric Tonnes,Onion,4600.0,4800.0,4700.0,Rs./Quintal,Medium
Taliparamba Market,0.04,Metric Tonnes,Onion,5700.0,5900.0,5800.0,Rs./Quintal,FAQ
Thalasserry Market,0.3,Metric Tonnes,1st Sort,5000.0,5800.0,5400.0,Rs./Quintal,FAQ
Thirurrangadi Market,6.0,Metric Tonnes,Other,5000.0,5000.0,5000.0,Rs./Quintal,FAQ
Vandiperiyar Market,0.05,Metric Tonnes,Big,6400.0,6500.0,6500.0,Rs./Quintal,Grade Range-1
Wadakkanchery Market,0.6,Metric Tonnes,Big,6000.0,6500.0,6200.0,Rs./Quintal,FAQ
Total,806.83,Metric Tonnes,,,,6378.13,Rs./Quintal,
State/UT Name : Madhya Pradesh
Aron (F&V) APMC,0.05,Metric Tonnes,Local,2540.0,2760.0,2680.0,Rs./Quintal,Medium
Badnagar APMC,2.5260000000000002,Metric Tonnes,Onion,2000.0,2000.0,2000.0,Rs./Quintal,FAQ
Badnawar(F&V) APMC,0.1,Metric Tonnes,Onion,1200.0,1200.0,1200.0,Rs./Quintal,Local
Dewas(F&V) APMC,2.6,Metric Tonnes,Other,700.0,3100.0,1300.0,Rs./Quintal,FAQ
Gadarwada (F&V) APMC,1.4,Metric Tonnes,Other,4800.0,4800.0,4800.0,Rs./Quintal,Local
Guna(F&V) APMC,5.5,Metric Tonnes,Other,2700.0,3300.0,3000.0,Rs./Quintal,Grade B
Jabalpur(F&V) APMC,17.2,Metric Tonnes,Onion,1000.0,1800.0,1200.0,Rs./Quintal,Medium
Karera(F&V) APMC,0.12,Metric Tonnes,Onion,2300.0,3000.0,2600.0,Rs./Quintal,Local
Katni(F&V) APMC,10.35,Metric Tonnes,Other,1000.0,2000.0,1514.01,Rs./Quintal,Grade C
Khurai(F&V) APMC,2.0,Metric Tonnes,1st Sort,3600.0,3800.0,3700.0,Rs./Quintal,Local
Lashkar(F&V) APMC,31.5,Metric Tonnes,Local,2500.0,3100.0,2800.0,Rs./Quintal,Grade B
Manawar(F&V) APMC,0.9,Metric Tonnes,Onion,3000.0,3800.0,3335.0,Rs./Quintal,Grade B
Rajgarh APMC,12.0,Metric Tonnes,Onion,500.0,1800.0,1800.0,Rs./Quintal,FAQ
Rajgarh APMC,18.0,Metric Tonnes,Onion,800.0,3000.0,1000.0,Rs./Quintal,Non-FAQ
Rewa(F&V) APMC,8.8,Metric Tonnes,1st Sort,2500.0,2500.0,2500.0,Rs./Quintal,Non-FAQ
Sabalgarh(F&V) APMC,0.5,Metric Tonnes,Onion,2000.0,2000.0,2000.0,Rs./Quintal,FAQ
Sagar(F&V) APMC,3.5,Metric Tonnes,Onion,1500.0,2400.0,1800.0,Rs./Quintal,Local
Sanwer(F&V) APMC,0.2,Metric Tonnes,Onion,1500.0,4000.0,3000.0,Rs./Quintal,FAQ
Sendhwa(F&V) APMC,0.2,Metric Tonnes,Red,1100.0,1600.0,1300.0,Rs./Quintal,Medium
Total,117.45,Metric Tonnes,,,,2017.01,Rs./Quintal,
State/UT Name : Maharashtra
APMC Akluj ,25.8,Metric Tonnes,Other,1000.0,5000.0,3500.0,Rs./Quintal,Local
APMC Bhusaval ,0.2,Metric Tonnes,Unhali,4000.0,4000.0,4000.0,Rs./Quintal,Local
APMC Chattrapati Sambhajinagar ,614.7,Metric Tonnes,Other,2300.0,4900.0,3600.0,Rs./Quintal,Local
APMC Hingna,0.3,Metric Tonnes,Red,4000.0,5000.0,4750.0,Rs./Quintal,Local
APMC Junnar ,655.6,Metric Tonnes,Chinchwad,2000.0,5110.0,4700.0,Rs./Quintal,Local
APMC Khed ,2.3,Metric Tonnes,Fursungi,2300.0,4500.0,3200.0,Rs./Quintal,Local
APMC Newasa ,110.6,Metric Tonnes,Unhali,1500.0,4600.0,4000.0,Rs./Quintal,Local
APMC Paithan ,85.0,Metric Tonnes,Unhali,1100.0,5300.0,3900.0,Rs./Quintal,Local
APMC Parner ,795.8,Metric Tonnes,Unhali,1000.0,5500.0,4000.0,Rs./Quintal,Local
APMC Pathardi ,24.9,Metric Tonnes,Red,1200.0,4900.0,3100.0,Rs./Quintal,Local
APMC Pune ,882.2,Metric Tonnes,Local,1000.0,5000.0,3000.0,Rs./Quintal,Local
APMC Rahata ,141.9,Metric Tonnes,Unhali,700.0,5800.0,4350.0,Rs./Quintal,Local
APMC Ramtek ,1.0,Metric Tonnes,Unhali,3000.0,5000.0,4000.0,Rs./Quintal,Local
APMC Satara ,16.7,Metric Tonnes,Other,2000.0,4800.0,3400.0,Rs./Quintal,Local
APMC Vadgaonpeth ,33.0,Metric Tonnes,Local,2700.0,3500.0,3000.0,Rs./Quintal,Local
APMC Vaduj ,9.0,Metric Tonnes,Local,4000.0,5000.0,4500.0,Rs./Quintal,Local
Amrawati(Frui & Veg. Market) ,37.8,Metric Tonnes,Local,2000.0,4000.0,3000.0,Rs./Quintal,Local
Junnar(Alephata) ,444.1,Metric Tonnes,Chinchwad,3000.0,5000.0,4000.0,Rs./Quintal,Local
Junnar(Narayangaon) ,2.8,Metric Tonnes,Chinchwad,700.0,4800.0,2800.0,Rs./Quintal,Local
Junnar(Otur) ,1021.9,Metric Tonnes,Unhali,2000.0,5510.0,4700.0,Rs./Quintal,Local
"Omchatinya Multi State Agro Purpose Co-Op Society, Dist Ahilyanagar",220.22,Metric Tonnes,Other,1000.0,5500.0,4200.0,Rs./Quintal,Local
Pune(Khadiki) ,1.0,Metric Tonnes,Local,1000.0,1700.0,1350.0,Rs./Quintal,Local
Pune(Manjri) ,10.4,Metric Tonnes,Local,2000.0,4000.0,3000.0,Rs./Quintal,Local
Pune(Moshi) ,65.5,Metric Tonnes,Local,2500.0,4200.0,3350.0,Rs./Quintal,Local
Pune(Pimpri) ,3.3,Metric Tonnes,Local,2500.0,4700.0,3600.0,Rs./Quintal,Local
Total,5206.02,Metric Tonnes,,,,3991.9,Rs./Quintal,
State/UT Name : NCT of Delhi
APMC Keshopur,83.80000000000001,Metric Tonnes,Onion,2500.0,4500.0,4000.0,Rs./Quintal,FAQ
"Fruit&Vegetable Market,Gazipur APMC",326.8,Metric Tonnes,Onion,4000.0,4400.0,4200.0,Rs./Quintal,FAQ
Total,410.6,Metric Tonnes,,,,4159.18,Rs./Quintal,
State/UT Name : Odisha
Angaura APMC,2.1,Metric Tonnes,Other,4000.0,4800.0,4500.0,Rs./Quintal,Large
Angul APMC,5.3,Metric Tonnes,Other,7000.0,7000.0,7000.0,Rs./Quintal,Grade B
Balugaon APMC,2.0,Metric Tonnes,Other,2400.0,2400.0,2400.0,Rs./Quintal,Grade A
Bargarh APMC,222.0,Metric Tonnes,Onion,4000.0,5000.0,4500.0,Rs./Quintal,Medium
Bargarh(Barapalli) APMC,133.0,Metric Tonnes,Onion,3500.0,4500.0,4000.0,Rs./Quintal,Small
Birmaharajpur APMC,1.5,Metric Tonnes,Onion,5400.0,5800.0,5600.0,Rs./Quintal,Local
Hindol APMC,1.2000000000000002,Metric Tonnes,Other,4700.0,5000.0,4800.0,Rs./Quintal,Grade B
Rairakhol APMC,1.0,Metric Tonnes,Onion,3500.0,4500.0,4000.0,Rs./Quintal,Grade C
Sargipali APMC,2.5,Metric Tonnes,Red,4800.0,5200.0,5000.0,Rs./Quintal,FAQ
Total,370.6,Metric Tonnes,,,,4352.43,Rs./Quintal,
State/UT Name : Punjab
Bhagta Bhai Ka APMC,0.3,Metric Tonnes,Other,4300.0,4300.0,4300.0,Rs./Quintal,Medium
Bhawanigarh APMC,0.5,Metric Tonnes,Other,3000.0,3500.0,3250.0,Rs./Quintal,Medium
Bhucho APMC,0.7,Metric Tonnes,Local,2500.0,2500.0,2500.0,Rs./Quintal,Local
Dasuya APMC,0.9,Metric Tonnes,Onion,5000.0,5000.0,5000.0,Rs./Quintal,FAQ
Dera Bassi APMC,1.2,Metric Tonnes,Onion,3000.0,3000.0,3000.0,Rs./Quintal,Local
Dhuri APMC,1.7000000000000002,Metric Tonnes,Other,4100.0,4500.0,4250.0,Rs./Quintal,Medium
Dudhansadhan APMC,0.4,Metric Tonnes,Other,5000.0,5000.0,5000.0,Rs./Quintal,Grade B
Kharar APMC,10.100000000000001,Metric Tonnes,Other,4500.0,6000.0,5000.0,Rs./Quintal,Non-FAQ
Mukerian APMC,2.9800000000000004,Metric Tonnes,Onion,3900.0,4300.0,4100.0,Rs./Quintal,Grade B
Patti APMC,0.75,Metric Tonnes,Other,0.08,0.08,0.08,Rs./Quintal,Non-FAQ
Phillaur APMC,1.4000000000000001,Metric Tonnes,Other,4800.0,4800.0,4800.0,Rs./Quintal,FAQ
Phillaur(Apra Mandi) APMC,0.2,Metric Tonnes,Other,5000.0,5000.0,5000.0,Rs./Quintal,FAQ
Quadian APMC,1.0,Metric Tonnes,Other,3200.0,3400.0,3300.0,Rs./Quintal,Grade A
Raikot APMC,1.0,Metric Tonnes,Nasik,3890.0,3890.0,3890.0,Rs./Quintal,Grade A
Rajpura APMC,7.0,Metric Tonnes,Local,3600.0,3850.0,3750.0,Rs./Quintal,Grade A
Rajpura APMC,8.0,Metric Tonnes,Local,3000.0,3500.0,3300.0,Rs./Quintal,Grade B
Rampuraphul(Nabha Mandi) APMC,2.5,Metric Tonnes,Other,3000.0,4000.0,3500.0,Rs./Quintal,Grade A
Sangrur APMC,7.0,Metric Tonnes,Nasik,3000.0,4300.0,4000.0,Rs./Quintal,Grade B
Tanda Urmur APMC,2.4000000000000004,Metric Tonnes,Nasik,5000.0,5500.0,5200.0,Rs./Quintal,Grade A
Total,50.03,Metric Tonnes,,,,4027.54,Rs./Quintal,
State/UT Name : Rajasthan
Ajmer(F&V) APMC,156.60000000000002,Metric Tonnes,Other,2500.0,5500.0,4800.0,Rs./Quintal,Medium
Alwar APMC,32.5,Metric Tonnes,Other,3800.0,4800.0,4250.0,Rs./Quintal,Medium
Bayana APMC,2.0,Metric Tonnes,Onion,2400.0,2400.0,2400.0,Rs./Quintal,Local
Bhadara APMC,0.9,Metric Tonnes,1st Sort,3700.0,5000.0,4378.0,Rs./Quintal,Grade B
Bhilwara APMC,15.200000000000001,Metric Tonnes,Other,2500.0,4500.0,3500.0,Rs./Quintal,FAQ
Chomu FV APMC,9.0,Metric Tonnes,Other,4000.0,4800.0,4400.0,Rs./Quintal,Local
Dablirathan APMC,0.1,Metric Tonnes,1st Sort,2800.0,3000.0,2900.0,Rs./Quintal,Local
Goluwala APMC,0.10200000000000001,Metric Tonnes,1st Sort,4600.0,4600.0,4600.0,Rs./Quintal,Non-FAQ
Nawalgarh APMC,0.3,Metric Tonnes,Red,2280.0,2280.0,2280.0,Rs./Quintal,Local
Rajsamand APMC,5.5,Metric Tonnes,Onion,2400.0,2600.0,2500.0,Rs./Quintal,FAQ
Sikar APMC,95.0,Metric Tonnes,Onion,2300.0,3800.0,3050.0,Rs./Quintal,FAQ
Sujangarh APMC,0.4,Metric Tonnes,Other,800.0,1000.0,900.0,Rs./Quintal,Local
Udaipur (F&V) APMC,7.0,Metric Tonnes,Other,1500.0,4500.0,3000.0,Rs./Quintal,Medium
Total,324.6,Metric Tonnes,,,,4059.27,Rs./Quintal,
State/UT Name : Tamil Nadu
AJattihalli(Uzhavar Sandhai ),0.64,Metric Tonnes,Bellary,5500.0,6400.0,5950.0,Rs./Quintal,Local
Alangudi(Uzhavar Sandhai ),0.13,Metric Tonnes,Bellary,6000.0,7000.0,6500.0,Rs./Quintal,Local
Ambattur(Uzhavar Sandhai ),0.06,Metric Tonnes,Bellary,5500.0,5500.0,5500.0,Rs./Quintal,Local
Ammapet(Uzhavar Sandhai ),0.15,Metric Tonnes,Bellary,6000.0,6500.0,6250.0,Rs./Quintal,Local
Anaiyur(Uzhavar Sandhai ),0.58,Metric Tonnes,Bellary,6500.0,7000.0,6750.0,Rs./Quintal,Local
Andipatti(Uzhavar Sandhai ),0.75,Metric Tonnes,Bellary,6200.0,6400.0,6300.0,Rs./Quintal,Local
Anna nagar(Uzhavar Sandhai ),1.78,Metric Tonnes,Bellary,6600.0,7200.0,6900.0,Rs./Quintal,Local
Arani(Uzhavar Sandhai ),0.95,Metric Tonnes,Bellary,5500.0,6000.0,5750.0,Rs./Quintal,Local
Aranthangi(Uzhavar Sandhai ),0.12,Metric Tonnes,Bellary,5000.0,6000.0,5500.0,Rs./Quintal,Local
Arcot(Uzhavar Sandhai ),0.78,Metric Tonnes,Bellary,5500.0,6000.0,5750.0,Rs./Quintal,Local
Ariyalur(Uzhavar Sandhai),0.15,Metric Tonnes,Bellary,4500.0,5000.0,4750.0,Rs./Quintal,Local
Aruppukottai(Uzhavar Sandhai ),0.66,Metric Tonnes,Bellary,6500.0,7000.0,6750.0,Rs./Quintal,Local
Athur(Uzhavar Sandhai ),1.06,Metric Tonnes,Bellary,5500.0,6500.0,6000.0,Rs./Quintal,Local
Avallapalli(Uzhavar Sandhai ),0.25,Metric Tonnes,Bellary,5500.0,6000.0,5750.0,Rs./Quintal,Local
Bodinayakanur(Uzhavar Sandhai ),0.32,Metric Tonnes,Bellary,6400.0,6400.0,6400.0,Rs./Quintal,Local
Chengalpet(Uzhavar Sandhai ),0.51,Metric Tonnes,Bellary,5000.0,6000.0,5500.0,Rs./Quintal,Local
Chengam(Uzhavar Sandhai ),0.23,Metric Tonnes,Bellary,5000.0,6000.0,5500.0,Rs./Quintal,Local
Cheyyar(Uzhavar Sandhai ),0.2,Metric Tonnes,Bellary,4800.0,6000.0,5400.0,Rs./Quintal,Local
Chidambaram(Uzhavar Sandhai ),0.03,Metric Tonnes,Bellary,5000.0,5000.0,5000.0,Rs./Quintal,Local
Chinnalapatti(Uzhavar Sandhai ),0.57,Metric Tonnes,Bellary,6000.0,7000.0,6500.0,Rs./Quintal,Local
Chinnamanur(Uzhavar Sandhai ),1.02,Metric Tonnes,Bellary,6500.0,6600.0,6550.0,Rs./Quintal,Local
Chokkikulam(Uzhavar Sandhai ),1.45,Metric Tonnes,Bellary,6500.0,7000.0,6750.0,Rs./Quintal,Local
Coonoor(Uzhavar Sandhai ),1.66,Metric Tonnes,Bellary,6400.0,6800.0,6600.0,Rs./Quintal,Local
Cuddalore(Uzhavar Sandhai ),0.45,Metric Tonnes,Bellary,6000.0,7000.0,6500.0,Rs./Quintal,Local
Denkanikottai(Uzhavar Sandhai ),0.26,Metric Tonnes,Bellary,5000.0,5500.0,5250.0,Rs./Quintal,Local
Devakottai (Uzhavar Sandhai ),0.22,Metric Tonnes,Bellary,7000.0,7200.0,7100.0,Rs./Quintal,Local
Devaram(Uzhavar Sandhai ),0.17,Metric Tonnes,Bellary,6500.0,6500.0,6500.0,Rs./Quintal,Local
Dharapuram(Uzhavar Sandhai ),1.1,Metric Tonnes,Bellary,6000.0,6500.0,6250.0,Rs./Quintal,Local
Dharmapuri(Uzhavar Sandhai ),1.49,Metric Tonnes,Bellary,6200.0,6400.0,6300.0,Rs./Quintal,Local
Dindigul(Uzhavar Sandhai ),1.2,Metric Tonnes,Bellary,6000.0,7000.0,6500.0,Rs./Quintal,Local
Edapadi (Uzhavar Sandhai ),0.45,Metric Tonnes,Bellary,6000.0,6500.0,6250.0,Rs./Quintal,Local
Elampillai(Uzhavar Sandhai ),0.55,Metric Tonnes,Bellary,6000.0,6500.0,6250.0,Rs./Quintal,Local
Gandarvakottai(Uzhavar Sandhai ),0.27,Metric Tonnes,Bellary,6000.0,7000.0,6500.0,Rs./Quintal,Local
Gandhigramam(Uzhavar Sandhai),0.34,Metric Tonnes,Bellary,6000.0,6500.0,6250.0,Rs./Quintal,Local
Gingee(Uzhavar Sandhai ),0.18,Metric Tonnes,Bellary,5000.0,6000.0,5500.0,Rs./Quintal,Local
Gobichettipalayam(Uzhavar Sandhai ),0.51,Metric Tonnes,Bellary,6500.0,7000.0,6750.0,Rs./Quintal,Local
Gudalur(Uzhavar Sandhai ),0.03,Metric Tonnes,Bellary,6000.0,6500.0,6250.0,Rs./Quintal,Local
Gudiyatham(Uzhavar Sandhai ),0.25,Metric Tonnes,Bellary,5600.0,5600.0,5600.0,Rs./Quintal,Local
Guduvancheri(Uzhavar Sandhai ),0.32,Metric Tonnes,Bellary,5000.0,6000.0,5500.0,Rs./Quintal,Local
Harur(Uzhavar Sandhai ),0.23,Metric Tonnes,Bellary,5000.0,6000.0,5500.0,Rs./Quintal,Local
Hasthampatti(Uzhavar Sandhai ),0.46,Metric Tonnes,Bellary,6000.0,6500.0,6250.0,Rs./Quintal,Local
Hosur(Uzhavar Sandhai ),2.06,Metric Tonnes,Bellary,5500.0,6000.0,5750.0,Rs./Quintal,Local
Jalagandapuram(Uzhavar Sandhai ),0.12,Metric Tonnes,Bellary,6000.0,6500.0,6250.0,Rs./Quintal,Local
Jameenrayapettai(Uzhavar Sandhai ),0.58,Metric Tonnes,Bellary,5000.0,6000.0,5500.0,Rs./Quintal,Local
Jeyankondam (Uzhavar Sandhai ),0.01,Metric Tonnes,Bellary,5000.0,5400.0,5200.0,Rs./Quintal,Local
KKNagar(Uzhavar Sandhai ),1.8,Metric Tonnes,Bellary,6000.0,7000.0,6500.0,Rs./Quintal,Local
Kahithapattarai(Uzhavar Sandhai ),0.9,Metric Tonnes,Bellary,6800.0,6800.0,6800.0,Rs./Quintal,Local
Kallakurichi(Uzhavar Sandhai ),0.21,Metric Tonnes,Bellary,6000.0,6000.0,6000.0,Rs./Quintal,Local
Kambam(Uzhavar Sandhai ),1.6,Metric Tonnes,Bellary,6400.0,6400.0,6400.0,Rs./Quintal,Local
Kancheepuram(Uzhavar Sandhai ),0.65,Metric Tonnes,Bellary,5500.0,6000.0,5750.0,Rs./Quintal,Local
Kangayam(Uzhavar Sandhai ),0.52,Metric Tonnes,Bellary,4700.0,5000.0,4850.0,Rs./Quintal,Local
Karaikudi(Uzhavar Sandhai ),0.32,Metric Tonnes,Bellary,5000.0,7000.0,6000.0,Rs./Quintal,Local
Karambakkudi(Uzhavar Sandhai ),0.14,Metric Tonnes,Bellary,5000.0,6000.0,5500.0,Rs./Quintal,Local
Karimangalam(Uzhavar Sandhai),0.12,Metric Tonnes,Bellary,6000.0,6500.0,6250.0,Rs./Quintal,Local
Kariyapatti(Uzhavar Sandhai ),0.23,Metric Tonnes,Bellary,6500.0,7000.0,6750.0,Rs./Quintal,Local
Karur(Uzhavar Sandhai ),0.6,Metric Tonnes,Bellary,6000.0,6500.0,6250.0,Rs./Quintal,Local
Katpadi (Uzhavar Sandhai ),1.5,Metric Tonnes,Bellary,6500.0,6500.0,6500.0,Rs./Quintal,Local
Kaveripattinam(Uzhavar Sandhai ),0.35,Metric Tonnes,Bellary,5000.0,5000.0,5000.0,Rs./Quintal,Local
Keelpennathur(Uzhavar Sandhai ),0.03,Metric Tonnes,Bellary,5500.0,6000.0,5750.0,Rs./Quintal,Local
Kodaikkanal(Uzhavar Sandhai),0.01,Metric Tonnes,Bellary,6000.0,6500.0,6250.0,Rs./Quintal,Local
Kovilpatti(Uzhavar Sandhai ),0.32,Metric Tonnes,Bellary,6000.0,6500.0,6250.0,Rs./Quintal,Local
Krishnagiri(Uzhavar Sandhai ),1.7,Metric Tonnes,Bellary,5500.0,6000.0,5750.0,Rs./Quintal,Local
Kulithalai(Uzhavar Sandhai ),0.7,Metric Tonnes,Bellary,6000.0,7000.0,6500.0,Rs./Quintal,Local
Kumarapalayam(Uzhavar Sandhai ),0.11,Metric Tonnes,Bellary,2800.0,3000.0,2900.0,Rs./Quintal,Local
Kumbakonam (Uzhavar Sandhai ),1.32,Metric Tonnes,Bellary,6000.0,7200.0,6600.0,Rs./Quintal,Local
Kundrathur(Uzhavar Sandhai ),0.85,Metric Tonnes,Bellary,5000.0,5000.0,5000.0,Rs./Quintal,Local
Kurichi(Uzhavar Sandhai ),0.07,Metric Tonnes,Bellary,5200.0,5800.0,5500.0,Rs./Quintal,Local
Lalgudi(Uzhavar Sandhai ),0.32,Metric Tonnes,Bellary,6000.0,6000.0,6000.0,Rs./Quintal,Local
Manachanallur(Uzhavar Sandhai ),0.15,Metric Tonnes,Bellary,5000.0,6500.0,5750.0,Rs./Quintal,Local
Manapparai(Uzhavar Sandhai ),0.23,Metric Tonnes,Bellary,5000.0,6000.0,5500.0,Rs./Quintal,Local
Mannargudi I(Uzhavar Sandhai ),1.33,Metric Tonnes,Bellary,6000.0,6000.0,6000.0,Rs./Quintal,Local
Mannargudi II(Uzhavar Sandhai ),0.28,Metric Tonnes,Bellary,6000.0,6000.0,6000.0,Rs./Quintal,Local
Mayiladuthurai(Uzhavar Sandhai ),0.17,Metric Tonnes,Bellary,5500.0,6000.0,5750.0,Rs./Quintal,Local
Medavakkam(Uzhavar Sandhai ),0.2,Metric Tonnes,Bellary,6500.0,6500.0,6500.0,Rs./Quintal,Local
Melapalayam(Uzhavar Sandhai ),1.2,Metric Tonnes,Bellary,5000.0,6200.0,5600.0,Rs./Quintal,Local
Melur(Uzhavar Sandhai ),0.45,Metric Tonnes,Bellary,6500.0,7000.0,6750.0,Rs./Quintal,Local
Mettupalayam(Uzhavar Sandhai ),0.92,Metric Tonnes,Bellary,5800.0,6400.0,6100.0,Rs./Quintal,Local
Mettur(Uzhavar Sandhai ),0.55,Metric Tonnes,Bellary,5500.0,6500.0,6000.0,Rs./Quintal,Local
Mohanur(Uzhavar Sandhai ),0.35,Metric Tonnes,Bellary,5500.0,6500.0,6000.0,Rs./Quintal,Local
Musiri(Uzhavar Sandhai ),0.73,Metric Tonnes,Bellary,5500.0,7000.0,6250.0,Rs./Quintal,Local
Muthupettai(Uzhavar Sandhai ),0.07,Metric Tonnes,Bellary,6000.0,6000.0,6000.0,Rs./Quintal,Local
Myladi(Uzhavar Sandhai ),0.05,Metric Tonnes,Bellary,6500.0,7000.0,6750.0,Rs./Quintal,Local
NGO Colony(Uzhavar Sandhai ),0.48,Metric Tonnes,Bellary,5500.0,6200.0,5850.0,Rs./Quintal,Local
Nagapattinam(Uzhavar Sandhai ),0.29,Metric Tonnes,Bellary,3700.0,4400.0,4050.0,Rs./Quintal,Local
Namakkal(Uzhavar Sandhai ),2.65,Metric Tonnes,Bellary,5800.0,6400.0,6100.0,Rs./Quintal,Local
Nanganallur(Uzhavar Sandhai ),0.15,Metric Tonnes,Bellary,5500.0,6000.0,5750.0,Rs./Quintal,Local
Naravarikuppam(Uzhavar Sandhai ),0.15,Metric Tonnes,Bellary,5500.0,5500.0,5500.0,Rs./Quintal,Local
Natrampalli(Uzhavar Sandhai ),0.56,Metric Tonnes,Bellary,5500.0,6000.0,5750.0,Rs./Quintal,Local
Needamangalam(Uzhavar Sandhai ),0.04,Metric Tonnes,Bellary,5400.0,5400.0,5400.0,Rs./Quintal,Local
Padappai(Uzhavar Sandhai ),0.85,Metric Tonnes,Bellary,5500.0,6000.0,5750.0,Rs./Quintal,Local
Palacode(Uzhavar Sandhai ),0.2,Metric Tonnes,Bellary,6000.0,6400.0,6200.0,Rs./Quintal,Local
Palanganatham(Uzhavar Sandhai ),1.0,Metric Tonnes,Bellary,6000.0,7000.0,6500.0,Rs./Quintal,Local
Palani(Uzhavar Sandhai ),1.05,Metric Tonnes,Bellary,6000.0,6800.0,6400.0,Rs./Quintal,Local
Palayamkottai(Uzhavar Sandhai ),2.4,Metric Tonnes,Bellary,5800.0,6200.0,6000.0,Rs./Quintal,Local
Pallavaram(Uzhavar Sandhai ),0.95,Metric Tonnes,Bellary,5000.0,6000.0,5500.0,Rs./Quintal,Local
Pallikonda(Uzhavar Sandhai),0.1,Metric Tonnes,Bellary,5000.0,5500.0,5250.0,Rs./Quintal,Local
Panruti(Uzhavar Sandhai ),0.08,Metric Tonnes,Bellary,5000.0,5000.0,5000.0,Rs./Quintal,Local
Papanasam(Uzhavar Sandhai ),1.17,Metric Tonnes,Bellary,6800.0,6800.0,6800.0,Rs./Quintal,Local
Paramakudi(Uzhavar Sandhai ),0.48,Metric Tonnes,Bellary,5500.0,6000.0,5750.0,Rs./Quintal,Local
Paramathivelur(Uzhavar Sandhai ),0.25,Metric Tonnes,Bellary,6400.0,6800.0,6600.0,Rs./Quintal,Local
Pattukottai(Uzhavar Sandhai ),0.7,Metric Tonnes,Bellary,4600.0,6000.0,5300.0,Rs./Quintal,Local
Pennagaram(Uzhavar Sandhai ),0.2,Metric Tonnes,Bellary,6000.0,6400.0,6200.0,Rs./Quintal,Local
Perambakkam(Uzhavar Sandhai ),0.02,Metric Tonnes,Bellary,6000.0,6000.0,6000.0,Rs./Quintal,Local
Perambalur(Uzhavar Sandhai ),0.8,Metric Tonnes,Bellary,6800.0,7200.0,7000.0,Rs./Quintal,Local
Perampet(Uzhavar Sandhai),0.05,Metric Tonnes,Bellary,5000.0,6000.0,5500.0,Rs./Quintal,Local
Peravurani(Uzhavar Sandhai),0.05,Metric Tonnes,Bellary,6000.0,6000.0,6000.0,Rs./Quintal,Local
Periyakulam(Uzhavar Sandhai ),0.3,Metric Tonnes,Bellary,6200.0,6400.0,6300.0,Rs./Quintal,Local
Perundurai(Uzhavar Sandhai ),0.22,Metric Tonnes,Bellary,6000.0,6500.0,6250.0,Rs./Quintal,Local
Pollachi(Uzhavar Sandhai ),0.38,Metric Tonnes,Bellary,5500.0,6400.0,5950.0,Rs./Quintal,Local
Polur(Uzhavar Sandhai ),0.26,Metric Tonnes,Bellary,5000.0,6000.0,5500.0,Rs./Quintal,Local
Ponnamaravathi(Uzhavar Sandhai),0.16,Metric Tonnes,Bellary,5500.0,6000.0,5750.0,Rs./Quintal,Local
Pudukottai(Uzhavar Sandhai ),0.83,Metric Tonnes,Bellary,6000.0,7000.0,6500.0,Rs./Quintal,Local
RSPuram(Uzhavar Sandhai ),4.36,Metric Tonnes,Bellary,5400.0,5700.0,5550.0,Rs./Quintal,Local
Rajapalayam(Uzhavar Sandhai ),0.25,Metric Tonnes,Bellary,6500.0,7500.0,7000.0,Rs./Quintal,Local
Ramanathapuram(Uzhavar Sandhai ),0.18,Metric Tonnes,Bellary,5000.0,6000.0,5500.0,Rs./Quintal,Local
Ranipettai(Uzhavar Sandhai ),0.15,Metric Tonnes,Bellary,6400.0,6400.0,6400.0,Rs./Quintal,Local
Rasipuram(Uzhavar Sandhai ),0.61,Metric Tonnes,Bellary,6000.0,6500.0,6250.0,Rs./Quintal,Local
Sampath Nagar(Uzhavar Sandhai ),0.64,Metric Tonnes,Bellary,6500.0,7000.0,6750.0,Rs./Quintal,Local
Sankarankoil(Uzhavar Sandhai ),0.47,Metric Tonnes,Bellary,4000.0,6000.0,5000.0,Rs./Quintal,Local
Sankarapuram(Uzhavar Sandhai ),0.22,Metric Tonnes,Bellary,6000.0,6000.0,6000.0,Rs./Quintal,Local
Sathiyamagalam(Uzhavar Sandhai ),0.27,Metric Tonnes,Bellary,5500.0,6000.0,5750.0,Rs./Quintal,Local
Sathur(Uzhavar Sandhai ),0.06,Metric Tonnes,Bellary,4500.0,5000.0,4750.0,Rs./Quintal,Local
Singampunari(Uzhavar Sandhai ),0.1,Metric Tonnes,Bellary,4200.0,6600.0,5400.0,Rs./Quintal,Local
Singanallur(Uzhavar Sandhai ),1.13,Metric Tonnes,Bellary,5500.0,5900.0,5700.0,Rs./Quintal,Local
Sirkali(Uzhavar Sandhai ),0.28,Metric Tonnes,Bellary,5500.0,6000.0,5750.0,Rs./Quintal,Local
Sivagangai (Uzhavar Sandhai ),0.38,Metric Tonnes,Bellary,5200.0,7000.0,6100.0,Rs./Quintal,Local
Sivakasi(Uzhavar Sandhai ),0.05,Metric Tonnes,Bellary,5000.0,6000.0,5500.0,Rs./Quintal,Local
Sooramangalam(Uzhavar Sandhai ),0.62,Metric Tonnes,Bellary,6000.0,6500.0,6250.0,Rs./Quintal,Local
Srivilliputhur(Uzhavar Sandhai ),0.1,Metric Tonnes,Bellary,5000.0,6000.0,5500.0,Rs./Quintal,Local
Sulur(Uzhavar Sandhai ),0.24,Metric Tonnes,Bellary,5600.0,6000.0,5800.0,Rs./Quintal,Local
Sundarapuram(Uzhavar Sandhai ),0.85,Metric Tonnes,Bellary,5400.0,5900.0,5650.0,Rs./Quintal,Local
Sunguvarchatram(Uzhavar Sandhai ),0.85,Metric Tonnes,Bellary,5000.0,5000.0,5000.0,Rs./Quintal,Local
Tenkasi(Uzhavar Sandhai ),0.48,Metric Tonnes,Bellary,5000.0,6000.0,5500.0,Rs./Quintal,Local
Thalavadi(Uzhavar Sandhai ),0.24,Metric Tonnes,Bellary,5500.0,6000.0,5750.0,Rs./Quintal,Local
Thalavaipuram(Uzhavar Sandhai ),0.05,Metric Tonnes,Bellary,5500.0,7000.0,6250.0,Rs./Quintal,Local
Thammampatti (Uzhavar Sandhai ),0.48,Metric Tonnes,Bellary,6000.0,6500.0,6250.0,Rs./Quintal,Local
Thathakapatti(Uzhavar Sandhai ),0.43,Metric Tonnes,Bellary,6000.0,6500.0,6250.0,Rs./Quintal,Local
Theni(Uzhavar Sandhai ),1.1,Metric Tonnes,Bellary,5000.0,6400.0,5700.0,Rs./Quintal,Local
Thirumangalam(Uzhavar Sandhai ),0.66,Metric Tonnes,Bellary,6000.0,7000.0,6500.0,Rs./Quintal,Local
Thirupathur APMC,0.75,Metric Tonnes,Bellary,6000.0,6000.0,6000.0,Rs./Quintal,Local
Thiruverumbur(Uzhavar Sandhai ),0.75,Metric Tonnes,Bellary,5000.0,6000.0,5500.0,Rs./Quintal,Local
Thuraiyur APMC,0.45,Metric Tonnes,Bellary,5000.0,6500.0,5750.0,Rs./Quintal,Local
Tindivanam APMC,0.8,Metric Tonnes,Bellary,4800.0,4800.0,4800.0,Rs./Quintal,Local
Tiruchengode APMC,0.19,Metric Tonnes,Bellary,5800.0,6500.0,6150.0,Rs./Quintal,Local
Tirukattupalli(Uzhavar Sandhai ),0.25,Metric Tonnes,Bellary,6800.0,6800.0,6800.0,Rs./Quintal,Local
Tirupatthur(Uzhavar Sandhai ),0.36,Metric Tonnes,Bellary,7000.0,7500.0,7250.0,Rs./Quintal,Local
Tiruppur (North) (Uzhavar Sandhai ),0.68,Metric Tonnes,Bellary,5000.0,6000.0,5500.0,Rs./Quintal,Local
Tiruthani(Uzhavar Sandhai ),1.0,Metric Tonnes,Bellary,5500.0,5500.0,5500.0,Rs./Quintal,Local
Tiruvallur(Uzhavar Sandhai ),0.23,Metric Tonnes,Bellary,6000.0,6000.0,6000.0,Rs./Quintal,Local
Tiruvannamalai(Uzhavar Sandhai ),1.08,Metric Tonnes,Bellary,6000.0,6500.0,6250.0,Rs./Quintal,Local
Tuticorin(Uzhavar Sandhai ),1.22,Metric Tonnes,Bellary,5000.0,6000.0,5500.0,Rs./Quintal,Local
Udhagamandalam(Uzhavar Sandhai ),2.33,Metric Tonnes,Bellary,6000.0,6500.0,6250.0,Rs./Quintal,Local
Udumalpet APMC,0.72,Metric Tonnes,Bellary,6000.0,6500.0,6250.0,Rs./Quintal,Local
Ulundurpettai APMC,0.45,Metric Tonnes,Bellary,6000.0,6000.0,6000.0,Rs./Quintal,Local
Usilampatti(Uzhavar Sandhai ),0.49,Metric Tonnes,Bellary,6500.0,7000.0,6750.0,Rs./Quintal,Local
Vadalur(Uzhavar Sandhai ),0.17,Metric Tonnes,Bellary,5000.0,6000.0,5500.0,Rs./Quintal,Local
Vadaseri APMC,0.39,Metric Tonnes,Bellary,5500.0,6000.0,5750.0,Rs./Quintal,Local
Vadavalli(Uzhavar Sandhai ),1.29,Metric Tonnes,Bellary,5400.0,5700.0,5550.0,Rs./Quintal,Local
Vandavasi(Uzhavar Sandhai ),0.05,Metric Tonnes,Bellary,5000.0,6000.0,5500.0,Rs./Quintal,Local
Vaniyampadi(Uzhavar Sandhai ),0.7,Metric Tonnes,Bellary,7000.0,7000.0,7000.0,Rs./Quintal,Local
Vazhapadi(Uzhavar Sandhai),0.1,Metric Tonnes,Bellary,5000.0,6000.0,5500.0,Rs./Quintal,Local
Vedaranyam(Uzhavar Sandhai),0.07,Metric Tonnes,Bellary,3500.0,4000.0,3750.0,Rs./Quintal,Local
Vedasanthur(Uzhavar Sandhai ),0.01,Metric Tonnes,Bellary,6000.0,6800.0,6400.0,Rs./Quintal,Local
Vellore APMC,1.3,Metric Tonnes,Bellary,5800.0,6000.0,5900.0,Rs./Quintal,Local
Villupuram(Uzhavar Sandhai ),0.62,Metric Tonnes,Bellary,6000.0,6000.0,6000.0,Rs./Quintal,Local
Viralimalai(Uzhavar Sandhai ),0.12,Metric Tonnes,Bellary,5500.0,6000.0,5750.0,Rs./Quintal,Local
Virudhunagar(Uzhavar Sandhai ),0.13,Metric Tonnes,Bellary,5500.0,5600.0,5550.0,Rs./Quintal,Local
Viruthachalam(Uzhavar Sandhai ),0.16,Metric Tonnes,Bellary,5500.0,5500.0,5500.0,Rs./Quintal,Local
Total,95.28,Metric Tonnes,,,,6044.23,Rs./Quintal,
State/UT Name : Telangana
Bowenpally APMC,48.300000000000004,Metric Tonnes,Onion,1000.0,3000.0,2500.0,Rs./Quintal,FAQ
"Excise Colony,RBZ ",0.2,Metric Tonnes,Other,6400.0,6400.0,6400.0,Rs./Quintal,Grade A
Gudimalkapur APMC,175.8,Metric Tonnes,Onion,1800.0,5500.0,3000.0,Rs./Quintal,Grade B
"Kukatpally,RBZ",5.3,Metric Tonnes,1st Sort,4000.0,4000.0,4000.0,Rs./Quintal,Local
Miryalguda(Rythu Bazar) ,1.0,Metric Tonnes,Red,6000.0,6000.0,6000.0,Rs./Quintal,Grade A
RYTHU BAZAR ERRAGADDA,6.7,Metric Tonnes,1st Sort,4000.0,4000.0,4000.0,Rs./Quintal,Grade A
RYTHU BAZAR FALAKNUMA,0.8,Metric Tonnes,Onion,4000.0,4000.0,4000.0,Rs./Quintal,Grade A
RYTHU BAZAR MEHDIPATNAM,4.5,Metric Tonnes,1st Sort,4000.0,4000.0,4000.0,Rs./Quintal,Grade A
"Saroornagar,RBZ",1.2000000000000002,Metric Tonnes,Other,4000.0,4000.0,4000.0,Rs./Quintal,Medium
Siddipet(Rythu Bazar) ,2.0,Metric Tonnes,Onion,4500.0,5500.0,5000.0,Rs./Quintal,Grade A
"Vanasthalipuram,RBZ ",1.1,Metric Tonnes,Onion,4000.0,4000.0,4000.0,Rs./Quintal,Grade A
Total,246.9,Metric Tonnes,,,,3012.68,Rs./Quintal,
State/UT Name : Tripura
Dasda APMC,0.30000000000000004,Metric Tonnes,Onion,4900.0,5100.0,5000.0,Rs./Quintal,FAQ
Gondatwisa APMC,0.2,Metric Tonnes,Onion,5500.0,6000.0,5800.0,Rs./Quintal,FAQ
Halahali,2.9,Metric Tonnes,1st Sort,6000.0,6200.0,6100.0,Rs./Quintal,FAQ
Jampuijala APMC,0.30000000000000004,Metric Tonnes,Other,4800.0,5000.0,4900.0,Rs./Quintal,Medium
Kalsi APMC,0.35000000000000003,Metric Tonnes,Other,1800.0,1950.0,1880.0,Rs./Quintal,FAQ
Kalyanpur APMC,4.5,Metric Tonnes,Nasik,4800.0,5000.0,4900.0,Rs./Quintal,FAQ
Kanchanpur,1.2000000000000002,Metric Tonnes,Nasik,4500.0,5000.0,4750.0,Rs./Quintal,FAQ
Manubazar,0.7000000000000001,Metric Tonnes,1st Sort,5400.0,6000.0,5800.0,Rs./Quintal,Grade A
Melaghar APMC,0.7,Metric Tonnes,Small,5000.0,5300.0,5200.0,Rs./Quintal,Local
Total,11.15,Metric Tonnes,,,,5195.34,Rs./Quintal,
State/UT Name : Uttar Pradesh
Anwala APMC,90.0,Metric Tonnes,Other,2800.0,2800.0,2800.0,Rs./Quintal,FAQ
Atarra APMC,3.0,Metric Tonnes,Other,2500.0,2500.0,2500.0,Rs./Quintal,FAQ
Ayodhya APMC,170.0,Metric Tonnes,Other,2500.0,2500.0,2500.0,Rs./Quintal,FAQ
Barabanki APMC,125.5,Metric Tonnes,Other,2500.0,2500.0,2500.0,Rs./Quintal,FAQ
Baraut APMC,25.0,Metric Tonnes,Other,3600.0,3600.0,3600.0,Rs./Quintal,FAQ
Bishalpur APMC,30.3,Metric Tonnes,Other,2215.0,2215.0,2215.0,Rs./Quintal,FAQ
Dudhi APMC,0.2,Metric Tonnes,Local,2300.0,2500.0,2400.0,Rs./Quintal,Medium
Fatehpur APMC,12.0,Metric Tonnes,Other,3600.0,3600.0,3600.0,Rs./Quintal,FAQ
Ghiraur APMC,18.5,Metric Tonnes,Other,1500.0,1500.0,1500.0,Rs./Quintal,FAQ
Haathras APMC,32.0,Metric Tonnes,Other,3000.0,3000.0,3000.0,Rs./Quintal,FAQ
Jalaun APMC,4.0,Metric Tonnes,Other,3200.0,3200.0,3200.0,Rs./Quintal,FAQ
Jaunpur APMC,35.0,Metric Tonnes,Other,3800.0,3800.0,3800.0,Rs./Quintal,FAQ
Jayas APMC,31.0,Metric Tonnes,Other,2500.0,2500.0,2500.0,Rs./Quintal,FAQ
Jhansi APMC,2.5,Metric Tonnes,Other,2800.0,2800.0,2800.0,Rs./Quintal,FAQ
Kanpur(Grain) APMC,1.8,Metric Tonnes,Other,3500.0,3500.0,3500.0,Rs./Quintal,FAQ
Kasganj APMC,37.0,Metric Tonnes,Other,1900.0,2000.0,1981.08,Rs./Quintal,FAQ
Khairagarh APMC,1.0,Metric Tonnes,Red,4000.0,4100.0,4050.0,Rs./Quintal,FAQ
Konch APMC,3.0,Metric Tonnes,Other,1700.0,1700.0,1700.0,Rs./Quintal,FAQ
Lakhimpur APMC,45.7,Metric Tonnes,Other,2850.0,3000.0,2899.23,Rs./Quintal,FAQ
Mathura APMC,1.2,Metric Tonnes,Other,3000.0,4000.0,3333.33,Rs./Quintal,FAQ
Muradabad APMC,102.5,Metric Tonnes,Other,2500.0,2500.0,2500.0,Rs./Quintal,FAQ
Prayagraj APMC,5.0,Metric Tonnes,Other,4000.0,4000.0,4000.0,Rs./Quintal,FAQ
Saharanpur APMC,43.0,Metric Tonnes,Other,3500.0,3700.0,3597.67,Rs./Quintal,FAQ
Sambhal APMC,87.0,Metric Tonnes,Other,2500.0,2500.0,2500.0,Rs./Quintal,FAQ
Samsabad APMC,1.0,Metric Tonnes,Onion,2800.0,3000.0,2900.0,Rs./Quintal,Local
Shamli APMC,1.0,Metric Tonnes,Other,4500.0,4500.0,4500.0,Rs./Quintal,FAQ
Sikanderabad APMC,31.0,Metric Tonnes,Other,3800.0,4000.0,3806.45,Rs./Quintal,FAQ
Sitapur APMC,60.0,Metric Tonnes,Other,2800.0,2800.0,2800.0,Rs./Quintal,FAQ
Varanasi APMC,203.221,Metric Tonnes,Other,3500.0,5342.14,3560.48,Rs./Quintal,FAQ
Total,1202.42,Metric Tonnes,,,,2864.02,Rs./Quintal,
State/UT Name : Uttarakhand
Bhagwanpur(Naveen Mandi Sthal) APMC,6.0,Metric Tonnes,Other,4000.0,4500.0,4200.0,Rs./Quintal,Grade B
Chamoli APMC,0.2,Metric Tonnes,Other,3000.0,3000.0,3000.0,Rs./Quintal,FAQ
Haldwani APMC,37.5,Metric Tonnes,Other,3200.0,3800.0,3600.0,Rs./Quintal,FAQ
Haridwar Union APMC,15.5,Metric Tonnes,Onion,4000.0,4800.0,4200.0,Rs./Quintal,FAQ
Khateema APMC,0.5,Metric Tonnes,Other,4000.0,5000.0,4000.0,Rs./Quintal,Grade B
Ramnagar APMC,3.5,Metric Tonnes,Other,3000.0,3500.0,3200.0,Rs./Quintal,Local
Rishikesh APMC,8.5,Metric Tonnes,Other,3500.0,4900.0,4550.0,Rs./Quintal,Medium
Roorkee APMC,1.9000000000000001,Metric Tonnes,Other,3000.0,4500.0,3800.0,Rs./Quintal,Medium
Rudrapur APMC,18.0,Metric Tonnes,Other,2500.0,4500.0,4000.0,Rs./Quintal,Medium
Vikasnagar APMC,29.3,Metric Tonnes,Other,1200.0,1900.0,1900.0,Rs./Quintal,Medium
Total,120.9,Metric Tonnes,,,,3413.28,Rs./Quintal,
State/UT Name : West Bengal
Alipurduar APMC,5.0,Metric Tonnes,Onion,3500.0,4200.0,4000.0,Rs./Quintal,FAQ
Balarampur APMC,1.5,Metric Tonnes,Other,4900.0,5500.0,5200.0,Rs./Quintal,FAQ
Balurghat APMC,2.5,Metric Tonnes,1st Sort,4500.0,5000.0,4800.0,Rs./Quintal,FAQ
Bankura Sadar APMC,14.0,Metric Tonnes,Nasik,4950.0,5250.0,5150.0,Rs./Quintal,FAQ
Barasat APMC,38.0,Metric Tonnes,Other,5000.0,5000.0,5000.0,Rs./Quintal,FAQ
Baruipur(Canning) APMC,3.5,Metric Tonnes,Red,4800.0,5000.0,4900.0,Rs./Quintal,FAQ
Bethuadahari APMC,8.8,Metric Tonnes,Nasik,4200.0,4400.0,4300.0,Rs./Quintal,Grade A
Bishnupur(Bankura) APMC,0.75,Metric Tonnes,Nasik,4600.0,5200.0,4800.0,Rs./Quintal,FAQ
Bolpur APMC,29.0,Metric Tonnes,Onion,5100.0,5300.0,5200.0,Rs./Quintal,FAQ
Burdwan APMC,24.0,Metric Tonnes,Nasik,4500.0,4800.0,4700.0,Rs./Quintal,FAQ
Chakdah APMC,5.4,Metric Tonnes,Onion,4800.0,5000.0,4900.0,Rs./Quintal,FAQ
Champadanga APMC,3.2,Metric Tonnes,Nasik,5000.0,5200.0,5200.0,Rs./Quintal,FAQ
Diamond Harbour(South 24-pgs) APMC,4.800000000000001,Metric Tonnes,Red,4700.0,5000.0,4800.0,Rs./Quintal,FAQ
English Bazar APMC,13.0,Metric Tonnes,Nasik,4000.0,4300.0,4100.0,Rs./Quintal,FAQ
Falakata APMC,8.0,Metric Tonnes,Other,3500.0,4200.0,3800.0,Rs./Quintal,FAQ
Gangarampur(Dakshin Dinajpur) APMC,2.4,Metric Tonnes,1st Sort,4500.0,5000.0,4800.0,Rs./Quintal,FAQ
Garbeta(Medinipur) APMC,0.8,Metric Tonnes,Onion,4400.0,4600.0,4500.0,Rs./Quintal,FAQ
Ghatal APMC,2.9000000000000004,Metric Tonnes,Onion,5000.0,5200.0,5100.0,Rs./Quintal,Medium
Habra APMC,42.0,Metric Tonnes,Onion,4500.0,4500.0,4500.0,Rs./Quintal,FAQ
Islampur APMC,5.0,Metric Tonnes,Dry F.A.Q.,4200.0,4800.0,4500.0,Rs./Quintal,FAQ
Jangipur APMC,27.35,Metric Tonnes,Bellary,3800.0,4000.0,3900.0,Rs./Quintal,FAQ
Kalipur APMC,4.6,Metric Tonnes,Nasik,5000.0,5200.0,5000.0,Rs./Quintal,FAQ
Kalna APMC,2.25,Metric Tonnes,Local,4400.0,4500.0,4400.0,Rs./Quintal,FAQ
Kalna APMC,2.45,Metric Tonnes,Nasik,5000.0,5200.0,5100.0,Rs./Quintal,FAQ
Kalyani APMC,2.3000000000000003,Metric Tonnes,Other,4800.0,5200.0,5000.0,Rs./Quintal,Medium
Karimpur APMC,12.5,Metric Tonnes,Nasik,4200.0,4500.0,4400.0,Rs./Quintal,Grade A
Karsiyang(Matigara) APMC,0.4,Metric Tonnes,Nasik,5900.0,6100.0,6000.0,Rs./Quintal,FAQ
Medinipur(West) APMC,16.0,Metric Tonnes,Onion,4400.0,4600.0,4500.0,Rs./Quintal,FAQ
Moynaguri APMC,1.0,Metric Tonnes,Nasik,4500.0,4800.0,4700.0,Rs./Quintal,FAQ
Nadia APMC,6.0,Metric Tonnes,Nasik,4600.0,4800.0,4700.0,Rs./Quintal,FAQ
Pandua APMC,3.15,Metric Tonnes,Dry F.A.Q.,4500.0,4775.0,4650.0,Rs./Quintal,FAQ
Purulia APMC,10.0,Metric Tonnes,Other,4900.0,5400.0,5000.0,Rs./Quintal,FAQ
Raiganj APMC,5.5,Metric Tonnes,Nasik,4200.0,4800.0,4500.0,Rs./Quintal,FAQ
Ramkrishanpur(Howrah) APMC,0.8,Metric Tonnes,Nasik,5000.0,5500.0,5200.0,Rs./Quintal,FAQ
Ranaghat APMC,4.2,Metric Tonnes,Other,5000.0,5200.0,5100.0,Rs./Quintal,FAQ
Samsi APMC,10.0,Metric Tonnes,Nasik,4150.0,4300.0,4250.0,Rs./Quintal,FAQ
Sheoraphuly APMC,100.0,Metric Tonnes,Nasik,4525.0,4725.0,4650.0,Rs./Quintal,FAQ
Uluberia APMC,0.4,Metric Tonnes,Nasik,5000.0,5500.0,5200.0,Rs./Quintal,FAQ
Total,423.45,Metric Tonnes,,,,4642.24,Rs./Quintal,
Grand Total,14960.27,Metric Tonnes,,,,4241.04,Rs./Quintal,
Potato
State/UT Name : Assam
Pamohi(Garchuk) APMC,60.0,Metric Tonnes,Potato,900.0,1800.0,1300.0,Rs./Quintal,FAQ
Pamohi(Garchuk) APMC,50.0,Metric Tonnes,Other,1500.0,2500.0,1800.0,Rs./Quintal,FAQ
Tinsukia Market,12.0,Metric Tonnes,Potato,900.0,1000.0,950.0,Rs./Quintal,FAQ
Total,122.0,Metric Tonnes,,,,1470.49,Rs./Quintal,
State/UT Name : Bihar
Chhapra APMC,110.0,Metric Tonnes,Other,1100.0,1300.0,1200.0,Rs./Quintal,Grade A
Khagaria APMC,35.0,Metric Tonnes,Red,1749.999825,1916.666475,1816.666485,Rs./Quintal,Grade A
Madhuban APMC,150.0,Metric Tonnes,Other,1100.0,1300.0,1200.0,Rs./Quintal,FAQ
Madhubani APMC,60.0,Metric Tonnes,Potato,1100.0,1300.0,1200.0,Rs./Quintal,FAQ
Maharjganj APMC,4.0,Metric Tonnes,Red Nanital,1600.0,1600.0,1600.0,Rs./Quintal,FAQ
Saharsa APMC,23.0,Metric Tonnes,Local,1000.0,1100.0,1100.0,Rs./Quintal,FAQ
Total,382.0,Metric Tonnes,,,,1254.67,Rs./Quintal,
State/UT Name : Chandigarh
Chandigarh (Grain/F&V) APMC,319.35,Metric Tonnes,Potato,400.0,1400.0,1200.0,Rs./Quintal,FAQ
Total,319.35,Metric Tonnes,,,,1200.0,Rs./Quintal,
State/UT Name : Chattisgarh
Durg APMC,3.4,Metric Tonnes,Local,1600.0,1700.0,1600.0,Rs./Quintal,Medium
Raigarh APMC,80.0,Metric Tonnes,Potato,1000.0,1200.0,1100.0,Rs./Quintal,Grade B
Tiphra APMC,85.0,Metric Tonnes,Local,1400.0,1800.0,1600.0,Rs./Quintal,Grade B
Total,168.4,Metric Tonnes,,,,1362.47,Rs./Quintal,
State/UT Name : Gujarat
Ankleshwar APMC,22.0,Metric Tonnes,Potato,800.0,1500.0,1100.0,Rs./Quintal,Grade A
Bharuch APMC,26.5,Metric Tonnes,Other,1000.0,1800.0,1200.0,Rs./Quintal,Local
Bilimora APMC,4.0,Metric Tonnes,Other,1400.0,1800.0,1600.0,Rs./Quintal,FAQ
Dahod(Veg. Market) APMC,20.0,Metric Tonnes,Potato,800.0,1100.0,1000.0,Rs./Quintal,Local
Gondal(Veg.market Gondal) APMC,53.7,Metric Tonnes,Potato,700.0,1300.0,1000.0,Rs./Quintal,Local
Kapadvanj APMC,50.0,Metric Tonnes,Potato,600.0,1300.0,950.0,Rs./Quintal,Medium
Nadiad APMC,1.6400000000000001,Metric Tonnes,Potato,1300.0,1900.0,1700.0,Rs./Quintal,FAQ
Nadiyad(Chaklasi) APMC,0.72,Metric Tonnes,Potato,1100.0,1500.0,1300.0,Rs./Quintal,FAQ
Nadiyad(Piplag) APMC,13.5,Metric Tonnes,Potato,1200.0,1600.0,1400.0,Rs./Quintal,FAQ
Navsari APMC,27.3,Metric Tonnes,Potato,700.0,2000.0,1350.0,Rs./Quintal,Grade A
Vadodara(Sayajipura) APMC,27.450000000000003,Metric Tonnes,Other,800.0,1600.0,1250.0,Rs./Quintal,FAQ
Total,246.81,Metric Tonnes,,,,1123.91,Rs./Quintal,
State/UT Name : Haryana
Bahadurgarh APMC,41.6,Metric Tonnes,Other,800.0,1100.0,900.0,Rs./Quintal,FAQ
Ballabhgarh APMC,26.5,Metric Tonnes,Potato,600.0,900.0,700.0,Rs./Quintal,FAQ
Barwala APMC,4.2,Metric Tonnes,Local,600.0,800.0,700.0,Rs./Quintal,FAQ
Barwala(Hisar) APMC,4.0,Metric Tonnes,Potato,900.0,1000.0,1000.0,Rs./Quintal,Local
Ch. Dadri APMC,6.0,Metric Tonnes,Potato,800.0,900.0,850.0,Rs./Quintal,Medium
Cheeka APMC,3.25,Metric Tonnes,Other,1600.0,1600.0,1600.0,Rs./Quintal,FAQ
Chhachrauli APMC,0.35,Metric Tonnes,Potato,850.0,1400.0,900.0,Rs./Quintal,Local
Dhand APMC,0.8,Metric Tonnes,Other,750.0,800.0,790.0,Rs./Quintal,Medium
Farukh Nagar APMC,4.3,Metric Tonnes,Other,800.0,1000.0,900.0,Rs./Quintal,Medium
Fatehabad APMC,17.8,Metric Tonnes,Potato,800.0,800.0,800.0,Rs./Quintal,Local
Ganaur APMC,2.3000000000000003,Metric Tonnes,Potato,1000.0,1200.0,1000.0,Rs./Quintal,FAQ
Gurgaon APMC,212.0,Metric Tonnes,Other,600.0,1000.0,800.0,Rs./Quintal,Grade A
Hansi APMC,48.7,Metric Tonnes,Other,1000.0,4000.0,1000.0,Rs./Quintal,FAQ
Hissar APMC,35.9,Metric Tonnes,Local,700.0,1200.0,900.0,Rs./Quintal,Local
Hodal APMC,6.0,Metric Tonnes,Potato,600.0,800.0,700.0,Rs./Quintal,FAQ
Jhajjar APMC,11.0,Metric Tonnes,Other,1100.0,1100.0,1100.0,Rs./Quintal,Medium
Kharkhoda APMC,5.800000000000001,Metric Tonnes,Other,1000.0,1200.0,1100.0,Rs./Quintal,FAQ
Madlauda APMC,0.30000000000000004,Metric Tonnes,Potato,1000.0,1000.0,1000.0,Rs./Quintal,FAQ
Mohindergarh APMC,4.65,Metric Tonnes,Potato,700.0,700.0,700.0,Rs./Quintal,Medium
Mustafabad APMC,0.48,Metric Tonnes,Potato,700.0,900.0,800.0,Rs./Quintal,FAQ
Narwana APMC,7.0,Metric Tonnes,Potato,500.0,600.0,550.0,Rs./Quintal,Non-FAQ
Nuh APMC,1.6,Metric Tonnes,Other,800.0,1000.0,900.0,Rs./Quintal,Local
Pataudi APMC,3.0,Metric Tonnes,Potato,800.0,1000.0,900.0,Rs./Quintal,Grade B
Rania APMC,0.1,Metric Tonnes,Potato,0.11,0.15,0.12,Rs./Quintal,Non-FAQ
Ratia APMC,60.0,Metric Tonnes,Other,550.0,610.0,600.0,Rs./Quintal,Grade A
Rewari APMC,46.1,Metric Tonnes,Other,800.0,1600.0,1200.0,Rs./Quintal,Medium
Sampla APMC,3.3000000000000003,Metric Tonnes,Other,1200.0,1200.0,1200.0,Rs./Quintal,Local
Sirsa APMC,28.3,Metric Tonnes,Other,300.0,3000.0,700.0,Rs./Quintal,FAQ
Siwan APMC,2.5,Metric Tonnes,Other,1400.0,1600.0,1500.0,Rs./Quintal,FAQ
Sohna APMC,8.1,Metric Tonnes,Potato,1000.0,1200.0,1100.0,Rs./Quintal,Local
Sonepat APMC,30.0,Metric Tonnes,Desi,900.0,1100.0,1100.0,Rs./Quintal,FAQ
Tarori APMC,1.5,Metric Tonnes,Desi,1000.0,1500.0,1200.0,Rs./Quintal,Medium
Tauru APMC,4.5,Metric Tonnes,Potato,1000.0,1000.0,1000.0,Rs./Quintal,FAQ
Tohana(New Veg Market) APMC,8.5,Metric Tonnes,Potato,600.0,700.0,700.0,Rs./Quintal,FAQ
Uklana APMC,0.30000000000000004,Metric Tonnes,Potato,700.0,800.0,800.0,Rs./Quintal,Medium
Total,640.73,Metric Tonnes,,,,863.15,Rs./Quintal,
State/UT Name : Himachal Pradesh
PMY Kather Solan,7.2,Metric Tonnes,Other,600.0,2400.0,2000.0,Rs./Quintal,Medium
PMY Kullu,1.8,Metric Tonnes,Other,800.0,2500.0,1600.0,Rs./Quintal,FAQ
SMY Bhuntar,2.1,Metric Tonnes,Other,900.0,2200.0,1600.0,Rs./Quintal,FAQ
SMY Nalagarh,2.6,Metric Tonnes,Other,400.0,800.0,600.0,Rs./Quintal,Medium
SMY Takoli,0.2,Metric Tonnes,Other,600.0,1000.0,800.0,Rs./Quintal,Medium
Total,13.9,Metric Tonnes,,,,1608.63,Rs./Quintal,
State/UT Name : Karnataka
Chikkamagaluru APMC,1.8,Metric Tonnes,Other,1900.0,1900.0,1900.0,Rs./Quintal,Local
Gauribidanur APMC,0.2,Metric Tonnes,Potato,1000.0,2000.0,1500.0,Rs./Quintal,Local
Hospet APMC,3.0,Metric Tonnes,Potato,1400.0,1600.0,1400.0,Rs./Quintal,Local
Kolar APMC,3.6,Metric Tonnes,Local,1000.0,2000.0,1600.0,Rs./Quintal,Local
Total,8.6,Metric Tonnes,,,,1590.7,Rs./Quintal,
State/UT Name : Keralam
Anchal Market,0.43,Metric Tonnes,Potato,4400.0,4400.0,4400.0,Rs./Quintal,Local
Angamaly Market,1.0,Metric Tonnes,Potato,3800.0,4500.0,4200.0,Rs./Quintal,FAQ
Aroor Market,0.2,Metric Tonnes,Other,3000.0,3200.0,3100.0,Rs./Quintal,FAQ
Balarampuram Market,0.4,Metric Tonnes,Red Nanital,4000.0,4000.0,4000.0,Rs./Quintal,FAQ
Broadway market Market,0.2,Metric Tonnes,Red Nanital,4500.0,5000.0,4700.0,Rs./Quintal,Medium
Kallachi Market,0.1,Metric Tonnes,Other,2200.0,2600.0,2400.0,Rs./Quintal,FAQ
Kanjirappally Market,0.5,Metric Tonnes,Potato,3500.0,4000.0,3800.0,Rs./Quintal,FAQ
Kayamkulam Market,2.0,Metric Tonnes,Other,1800.0,2000.0,1900.0,Rs./Quintal,FAQ
Koduvayoor Market,40.0,Metric Tonnes,Potato,2600.0,3000.0,2800.0,Rs./Quintal,Medium
Kottarakkara Market,0.01,Metric Tonnes,Other,2300.0,2300.0,2300.0,Rs./Quintal,Local
Manjeri Market,7.0,Metric Tonnes,Other,2350.0,2450.0,2400.0,Rs./Quintal,Local
Mukkom Market,0.5,Metric Tonnes,Potato,2400.0,2700.0,2600.0,Rs./Quintal,FAQ
Pala Market,3.0,Metric Tonnes,Other,3600.0,4400.0,4000.0,Rs./Quintal,FAQ
Pattambi Market,0.3,Metric Tonnes,Potato,2600.0,3000.0,2800.0,Rs./Quintal,FAQ
Perinthalmanna Market,4.0,Metric Tonnes,Potato,1600.0,2200.0,2000.0,Rs./Quintal,Large
Piravam Market,5.0,Metric Tonnes,Potato,4000.0,5500.0,4500.0,Rs./Quintal,Local
Pothencode Market,600.0,Metric Tonnes,Potato,4500.0,4600.0,4500.0,Rs./Quintal,Local
Punalur Market,0.001,Metric Tonnes,Potato,4000.0,4500.0,4300.0,Rs./Quintal,Medium
Taliparamba Market,0.04,Metric Tonnes,Potato,2300.0,2500.0,2400.0,Rs./Quintal,FAQ
Thalasserry Market,0.2,Metric Tonnes,Other,2000.0,2800.0,2300.0,Rs./Quintal,FAQ
Thirurrangadi Market,6.0,Metric Tonnes,Other,2500.0,2700.0,2600.0,Rs./Quintal,FAQ
Vandiperiyar Market,0.05,Metric Tonnes,Other,3000.0,3200.0,3000.0,Rs./Quintal,Grade Range-1
Wadakkanchery Market,0.45,Metric Tonnes,Potato,2800.0,3300.0,3000.0,Rs./Quintal,FAQ
Total,671.38,Metric Tonnes,,,,4328.86,Rs./Quintal,
State/UT Name : Madhya Pradesh
Aron (F&V) APMC,0.1,Metric Tonnes,Local,890.0,960.0,925.0,Rs./Quintal,Local
Betul(F&V) APMC,15.0,Metric Tonnes,Desi,800.0,1200.0,1000.0,Rs./Quintal,FAQ
Deori (F&V) APMC,1.5,Metric Tonnes,Potato,750.0,750.0,750.0,Rs./Quintal,Grade B
Dewas(F&V) APMC,2.2,Metric Tonnes,Other,400.0,1400.0,700.0,Rs./Quintal,FAQ
Gadarwada (F&V) APMC,5.0,Metric Tonnes,Other,1000.0,1000.0,1000.0,Rs./Quintal,Grade B
Haatpipliya (F&V) APMC,0.333,Metric Tonnes,Potato,800.0,1000.0,900.0,Rs./Quintal,Local
Kailaras APMC,3.0,Metric Tonnes,Haldwani,1050.0,1050.0,1050.0,Rs./Quintal,FAQ
Kailaras APMC,1.5,Metric Tonnes,Other,600.0,600.0,600.0,Rs./Quintal,FAQ
Karera(F&V) APMC,1.2,Metric Tonnes,Potato,500.0,1400.0,800.0,Rs./Quintal,Local
Katni(F&V) APMC,150.05,Metric Tonnes,Other,400.0,450.0,420.76,Rs./Quintal,Grade C
Khurai(F&V) APMC,5.5,Metric Tonnes,Potato,500.0,700.0,600.0,Rs./Quintal,Local
Lashkar(F&V) APMC,48.5,Metric Tonnes,Desi,600.0,800.0,700.0,Rs./Quintal,Grade B
Manawar(F&V) APMC,1.3,Metric Tonnes,Potato,1150.0,1250.0,1215.0,Rs./Quintal,Grade B
Morena APMC,84.0,Metric Tonnes,Desi,200.0,1000.0,200.0,Rs./Quintal,Non-FAQ
Morena(F&V) APMC,84.0,Metric Tonnes,Potato,200.0,1000.0,200.0,Rs./Quintal,Non-FAQ
Sabalgarh(F&V) APMC,4.0,Metric Tonnes,Desi,400.0,500.0,400.0,Rs./Quintal,FAQ
Sagar(F&V) APMC,38.5,Metric Tonnes,Local,600.0,700.0,650.0,Rs./Quintal,Local
Sanwer(F&V) APMC,0.13999999999999999,Metric Tonnes,Potato,800.0,1500.0,1300.0,Rs./Quintal,FAQ
Total,445.82,Metric Tonnes,,,,427.16,Rs./Quintal,
State/UT Name : Maharashtra
APMC Akluj ,11.5,Metric Tonnes,Other,1000.0,1300.0,1200.0,Rs./Quintal,Local
APMC Bhusaval ,0.5,Metric Tonnes,Other,1500.0,2000.0,2000.0,Rs./Quintal,Local
APMC Chattrapati Sambhajinagar ,95.0,Metric Tonnes,Other,800.0,1200.0,1000.0,Rs./Quintal,Local
APMC Hingna,2.6,Metric Tonnes,Local,1300.0,1500.0,1340.0,Rs./Quintal,Local
APMC Khed ,8.0,Metric Tonnes,Other,1000.0,1500.0,1250.0,Rs./Quintal,Local
APMC Pune ,899.3,Metric Tonnes,Local,600.0,1500.0,1050.0,Rs./Quintal,Local
APMC Rahata ,33.5,Metric Tonnes,Other,700.0,1300.0,1000.0,Rs./Quintal,Local
APMC Ramtek ,1.4,Metric Tonnes,Local,1000.0,1500.0,1300.0,Rs./Quintal,Local
APMC Satara ,24.4,Metric Tonnes,Other,1000.0,1400.0,1200.0,Rs./Quintal,Local
APMC Vadgaonpeth ,9.0,Metric Tonnes,Local,1700.0,1800.0,1750.0,Rs./Quintal,Local
APMC Vaduj ,3.0,Metric Tonnes,Local,1400.0,1500.0,1450.0,Rs./Quintal,Local
APMC Vai ,1.4,Metric Tonnes,Local,1700.0,1900.0,1850.0,Rs./Quintal,Local
Amrawati(Frui & Veg. Market) ,51.8,Metric Tonnes,Local,700.0,1400.0,1050.0,Rs./Quintal,Local
Junnar(Narayangaon) ,2.0,Metric Tonnes,Other,1000.0,1300.0,1200.0,Rs./Quintal,Local
Pune(Khadiki) ,0.6,Metric Tonnes,Local,700.0,1100.0,900.0,Rs./Quintal,Local
Pune(Manjri) ,4.6,Metric Tonnes,Other,1400.0,1700.0,1600.0,Rs./Quintal,Local
Pune(Moshi) ,67.7,Metric Tonnes,Local,1000.0,1200.0,1100.0,Rs./Quintal,Local
Total,1216.3,Metric Tonnes,,,,1063.88,Rs./Quintal,
State/UT Name : NCT of Delhi
APMC Keshopur,266.75,Metric Tonnes,Other,800.0,1200.0,1000.0,Rs./Quintal,FAQ
"Fruit&Vegetable Market,Gazipur APMC",374.05,Metric Tonnes,Potato,800.0,1200.0,1000.0,Rs./Quintal,FAQ
Total,640.8,Metric Tonnes,,,,1000.0,Rs./Quintal,
State/UT Name : Odisha
Angaura APMC,3.2,Metric Tonnes,Other,1550.0,1850.0,1700.0,Rs./Quintal,Large
Balugaon APMC,2.5,Metric Tonnes,Kufri Giriraj,2200.0,2200.0,2200.0,Rs./Quintal,Grade A
Bargarh APMC,276.0,Metric Tonnes,Potato,3500.0,4500.0,4000.0,Rs./Quintal,Local
Bargarh(Barapalli) APMC,155.0,Metric Tonnes,Potato,5000.0,6000.0,5500.0,Rs./Quintal,Medium
Birmaharajpur APMC,1.6,Metric Tonnes,Other,1700.0,1800.0,1750.0,Rs./Quintal,Local
Chatta Krushak Bazar APMC,0.7,Metric Tonnes,Potato,1300.0,1300.0,1300.0,Rs./Quintal,Grade B
Hindol APMC,3.2,Metric Tonnes,Potato,1300.0,1500.0,1400.0,Rs./Quintal,Grade B
Jagatsinghpur APMC,350.0,Metric Tonnes,Potato,1350.0,1500.0,1450.0,Rs./Quintal,FAQ
Rairakhol APMC,1.2000000000000002,Metric Tonnes,Potato,1000.0,1500.0,1200.0,Rs./Quintal,Grade B
Sargipali APMC,3.0,Metric Tonnes,Other,1000.0,1500.0,1200.0,Rs./Quintal,FAQ
Total,796.4,Metric Tonnes,,,,3124.27,Rs./Quintal,
State/UT Name : Punjab
Bhagta Bhai Ka APMC,0.8,Metric Tonnes,Other,1100.0,1100.0,1100.0,Rs./Quintal,Medium
Bhawanigarh APMC,0.5,Metric Tonnes,Other,500.0,500.0,500.0,Rs./Quintal,Medium
Bhucho APMC,0.3,Metric Tonnes,Local,700.0,700.0,700.0,Rs./Quintal,Local
Dasuya APMC,0.9,Metric Tonnes,Potato,1100.0,1100.0,1100.0,Rs./Quintal,FAQ
Dera Bassi APMC,2.2,Metric Tonnes,Potato,1500.0,1500.0,1500.0,Rs./Quintal,Local
Dhuri APMC,1.9000000000000001,Metric Tonnes,Other,600.0,640.0,620.0,Rs./Quintal,Medium
Dudhansadhan APMC,0.4,Metric Tonnes,Other,800.0,800.0,800.0,Rs./Quintal,Grade B
Ghanaur APMC,0.1,Metric Tonnes,Other,700.0,900.0,800.0,Rs./Quintal,FAQ
Goraya APMC,0.4,Metric Tonnes,Other,800.0,800.0,800.0,Rs./Quintal,Local
Kharar APMC,9.700000000000001,Metric Tonnes,Potato,700.0,900.0,800.0,Rs./Quintal,Non-FAQ
Kotkapura APMC,20.0,Metric Tonnes,Potato,800.0,880.0,850.0,Rs./Quintal,FAQ
Mukerian APMC,2.93,Metric Tonnes,Potato,800.0,1000.0,900.0,Rs./Quintal,Local
Patti APMC,0.81,Metric Tonnes,Potato,0.04,0.04,0.04,Rs./Quintal,Local
Phillaur(Apra Mandi) APMC,0.4,Metric Tonnes,Other,900.0,900.0,900.0,Rs./Quintal,FAQ
Quadian APMC,1.5,Metric Tonnes,Other,400.0,600.0,500.0,Rs./Quintal,Grade A
Raikot APMC,1.0,Metric Tonnes,Badshah,670.0,670.0,670.0,Rs./Quintal,Grade A
Rajpura APMC,6.800000000000001,Metric Tonnes,Local,750.0,850.0,800.0,Rs./Quintal,Grade A
Rampuraphul(Nabha Mandi) APMC,2.0,Metric Tonnes,Other,500.0,650.0,600.0,Rs./Quintal,Grade A
Sangrur APMC,5.0,Metric Tonnes,Potato,660.0,750.0,700.0,Rs./Quintal,Local
Tanda Urmur APMC,2.8000000000000003,Metric Tonnes,Local,1000.0,1200.0,1100.0,Rs./Quintal,Grade A
Total,60.44,Metric Tonnes,,,,826.03,Rs./Quintal,
State/UT Name : Rajasthan
Ajmer(F&V) APMC,137.0,Metric Tonnes,Other,700.0,1300.0,950.0,Rs./Quintal,Medium
Alwar APMC,41.1,Metric Tonnes,Other,700.0,1200.0,900.0,Rs./Quintal,Medium
Bayana APMC,5.0,Metric Tonnes,Other,1100.0,1100.0,1100.0,Rs./Quintal,Local
Bhadara APMC,1.7,Metric Tonnes,Other,800.0,900.0,847.0,Rs./Quintal,FAQ
Bhilwara APMC,81.60000000000001,Metric Tonnes,Other,900.0,1100.0,1000.0,Rs./Quintal,FAQ
Chomu FV APMC,96.0,Metric Tonnes,Other,800.0,1200.0,1000.0,Rs./Quintal,Local
Dablirathan APMC,0.1,Metric Tonnes,Red Nanital,900.0,1000.0,950.0,Rs./Quintal,Local
Goluwala APMC,0.12,Metric Tonnes,Red Nanital,600.0,600.0,600.0,Rs./Quintal,Non-FAQ
Jalore APMC,2.5,Metric Tonnes,Potato,1200.0,1600.0,1400.0,Rs./Quintal,Local
Kota (F&V) APMC,204.3,Metric Tonnes,Other,650.0,650.0,650.0,Rs./Quintal,Medium
Rajsamand APMC,6.300000000000001,Metric Tonnes,Potato,800.0,1200.0,1000.0,Rs./Quintal,FAQ
Sikar APMC,63.400000000000006,Metric Tonnes,Other,700.0,700.0,700.0,Rs./Quintal,FAQ
Sujangarh APMC,1.5,Metric Tonnes,Other,700.0,900.0,800.0,Rs./Quintal,Local
Udaipur (F&V) APMC,25.400000000000002,Metric Tonnes,Other,400.0,900.0,650.0,Rs./Quintal,Medium
Total,666.02,Metric Tonnes,,,,835.61,Rs./Quintal,
State/UT Name : Tamil Nadu
AJattihalli(Uzhavar Sandhai ),0.54,Metric Tonnes,Other,2400.0,2800.0,2600.0,Rs./Quintal,Local
Alangudi(Uzhavar Sandhai ),0.11,Metric Tonnes,Other,5500.0,6000.0,5750.0,Rs./Quintal,Local
Ambattur(Uzhavar Sandhai ),0.04,Metric Tonnes,Red Nanital,4000.0,4000.0,4000.0,Rs./Quintal,Local
Ammapet(Uzhavar Sandhai ),0.07,Metric Tonnes,Other,4200.0,4500.0,4350.0,Rs./Quintal,Local
Anaiyur(Uzhavar Sandhai ),0.35,Metric Tonnes,Red Nanital,4500.0,5000.0,4750.0,Rs./Quintal,Local
Andipatti(Uzhavar Sandhai ),0.28,Metric Tonnes,Other,2600.0,2800.0,2700.0,Rs./Quintal,Local
Anna nagar(Uzhavar Sandhai ),0.4,Metric Tonnes,Other,5800.0,5800.0,5800.0,Rs./Quintal,Local
Arani(Uzhavar Sandhai ),0.58,Metric Tonnes,Red Nanital,3000.0,4000.0,3500.0,Rs./Quintal,Local
Arcot(Uzhavar Sandhai ),0.26,Metric Tonnes,Red Nanital,3000.0,3000.0,3000.0,Rs./Quintal,Local
Ariyalur(Uzhavar Sandhai),0.04,Metric Tonnes,Red Nanital,3500.0,4000.0,3750.0,Rs./Quintal,Local
Aruppukottai(Uzhavar Sandhai ),0.25,Metric Tonnes,Red Nanital,3000.0,3500.0,3250.0,Rs./Quintal,Local
Athur(Uzhavar Sandhai ),0.09,Metric Tonnes,Other,5000.0,5500.0,5250.0,Rs./Quintal,Local
Avallapalli(Uzhavar Sandhai ),0.13,Metric Tonnes,Red Nanital,2000.0,2500.0,2250.0,Rs./Quintal,Local
Bodinayakanur(Uzhavar Sandhai ),0.28,Metric Tonnes,Red Nanital,2800.0,2800.0,2800.0,Rs./Quintal,Local
Chengalpet(Uzhavar Sandhai ),0.08,Metric Tonnes,Red Nanital,2500.0,3000.0,2750.0,Rs./Quintal,Local
Chengam(Uzhavar Sandhai ),0.12,Metric Tonnes,Red Nanital,2500.0,3000.0,2750.0,Rs./Quintal,Local
Cheyyar(Uzhavar Sandhai ),0.05,Metric Tonnes,Other,3200.0,4000.0,3600.0,Rs./Quintal,Local
Chidambaram(Uzhavar Sandhai ),0.01,Metric Tonnes,Red Nanital,4000.0,4000.0,4000.0,Rs./Quintal,Local
Chinnalapatti(Uzhavar Sandhai ),0.08,Metric Tonnes,Red Nanital,4000.0,5000.0,4500.0,Rs./Quintal,Local
Chinnamanur(Uzhavar Sandhai ),0.32,Metric Tonnes,Other,5000.0,5000.0,5000.0,Rs./Quintal,Local
Chokkikulam(Uzhavar Sandhai ),1.6,Metric Tonnes,Red Nanital,3000.0,5000.0,4000.0,Rs./Quintal,Local
Coonoor(Uzhavar Sandhai ),0.76,Metric Tonnes,Other,4000.0,5500.0,4750.0,Rs./Quintal,Local
Cuddalore(Uzhavar Sandhai ),0.35,Metric Tonnes,Red Nanital,4000.0,4000.0,4000.0,Rs./Quintal,Local
Denkanikottai(Uzhavar Sandhai ),0.15,Metric Tonnes,Red Nanital,2000.0,2500.0,2250.0,Rs./Quintal,Local
Devakottai (Uzhavar Sandhai ),0.14,Metric Tonnes,Other,3000.0,3400.0,3200.0,Rs./Quintal,Local
Devaram(Uzhavar Sandhai ),0.27,Metric Tonnes,Red Nanital,2800.0,2800.0,2800.0,Rs./Quintal,Local
Dharapuram(Uzhavar Sandhai ),0.56,Metric Tonnes,Other,5500.0,6000.0,5750.0,Rs./Quintal,Local
Dharmapuri(Uzhavar Sandhai ),0.64,Metric Tonnes,Red Nanital,2600.0,2800.0,2700.0,Rs./Quintal,Local
Dindigul(Uzhavar Sandhai ),0.7,Metric Tonnes,Other,4000.0,5000.0,4500.0,Rs./Quintal,Local
Edapadi (Uzhavar Sandhai ),0.15,Metric Tonnes,Other,4600.0,5000.0,4800.0,Rs./Quintal,Local
Elampillai(Uzhavar Sandhai ),0.55,Metric Tonnes,Other,2500.0,3000.0,2750.0,Rs./Quintal,Local
Gandarvakottai(Uzhavar Sandhai ),0.25,Metric Tonnes,Red Nanital,5000.0,6000.0,5500.0,Rs./Quintal,Local
Gandhigramam(Uzhavar Sandhai),0.34,Metric Tonnes,Other,4000.0,5000.0,4500.0,Rs./Quintal,Local
Gingee(Uzhavar Sandhai ),0.12,Metric Tonnes,Red Nanital,4000.0,4000.0,4000.0,Rs./Quintal,Local
Gobichettipalayam(Uzhavar Sandhai ),0.2,Metric Tonnes,Red Nanital,3600.0,3800.0,3700.0,Rs./Quintal,Local
Gudalur(Uzhavar Sandhai ),0.04,Metric Tonnes,Red Nanital,4000.0,4500.0,4250.0,Rs./Quintal,Local
Gudiyatham(Uzhavar Sandhai ),0.08,Metric Tonnes,Red Nanital,3000.0,3000.0,3000.0,Rs./Quintal,Local
Guduvancheri(Uzhavar Sandhai ),0.11,Metric Tonnes,Other,2500.0,3000.0,2750.0,Rs./Quintal,Local
Harur(Uzhavar Sandhai ),0.18,Metric Tonnes,Red Nanital,2500.0,3000.0,2750.0,Rs./Quintal,Local
Hasthampatti(Uzhavar Sandhai ),0.33,Metric Tonnes,Other,4500.0,5000.0,4750.0,Rs./Quintal,Local
Hosur(Uzhavar Sandhai ),1.15,Metric Tonnes,Red Nanital,2000.0,2500.0,2250.0,Rs./Quintal,Local
Jalagandapuram(Uzhavar Sandhai ),0.14,Metric Tonnes,Other,2600.0,2800.0,2700.0,Rs./Quintal,Local
Jameenrayapettai(Uzhavar Sandhai ),0.12,Metric Tonnes,Other,2500.0,3000.0,2750.0,Rs./Quintal,Local
KKNagar(Uzhavar Sandhai ),0.7,Metric Tonnes,Other,6000.0,6000.0,6000.0,Rs./Quintal,Local
Kahithapattarai(Uzhavar Sandhai ),0.11,Metric Tonnes,Other,2400.0,2400.0,2400.0,Rs./Quintal,Local
Kallakurichi(Uzhavar Sandhai ),0.17,Metric Tonnes,Red Nanital,4000.0,4000.0,4000.0,Rs./Quintal,Local
Kambam(Uzhavar Sandhai ),1.8,Metric Tonnes,Other,2800.0,2800.0,2800.0,Rs./Quintal,Local
Kancheepuram(Uzhavar Sandhai ),0.08,Metric Tonnes,Other,2800.0,3500.0,3150.0,Rs./Quintal,Local
Karaikudi(Uzhavar Sandhai ),0.33,Metric Tonnes,Red Nanital,4500.0,5500.0,5000.0,Rs./Quintal,Local
Karimangalam(Uzhavar Sandhai),0.1,Metric Tonnes,Other,2600.0,2800.0,2700.0,Rs./Quintal,Local
Kariyapatti(Uzhavar Sandhai ),0.13,Metric Tonnes,Red Nanital,3000.0,3500.0,3250.0,Rs./Quintal,Local
Karur(Uzhavar Sandhai ),0.26,Metric Tonnes,Other,4500.0,5000.0,4750.0,Rs./Quintal,Local
Katpadi (Uzhavar Sandhai ),1.0,Metric Tonnes,Red Nanital,2500.0,3500.0,3000.0,Rs./Quintal,Local
Kaveripattinam(Uzhavar Sandhai ),0.11,Metric Tonnes,Red Nanital,4000.0,4000.0,4000.0,Rs./Quintal,Local
Kodaikkanal(Uzhavar Sandhai),0.01,Metric Tonnes,Red Nanital,5000.0,6000.0,5500.0,Rs./Quintal,Local
Kovilpatti(Uzhavar Sandhai ),0.17,Metric Tonnes,Other,3500.0,4000.0,3750.0,Rs./Quintal,Local
Krishnagiri(Uzhavar Sandhai ),0.9,Metric Tonnes,Red Nanital,2200.0,2600.0,2400.0,Rs./Quintal,Local
Kulithalai(Uzhavar Sandhai ),0.42,Metric Tonnes,Other,4500.0,5000.0,4750.0,Rs./Quintal,Local
Kumarapalayam(Uzhavar Sandhai ),0.05,Metric Tonnes,Other,2800.0,3000.0,2900.0,Rs./Quintal,Local
Kumbakonam (Uzhavar Sandhai ),0.78,Metric Tonnes,Red Nanital,3000.0,3600.0,3300.0,Rs./Quintal,Local
Kundrathur(Uzhavar Sandhai ),0.25,Metric Tonnes,Other,3000.0,3000.0,3000.0,Rs./Quintal,Local
Lalgudi(Uzhavar Sandhai ),0.25,Metric Tonnes,Other,6000.0,6000.0,6000.0,Rs./Quintal,Local
Manachanallur(Uzhavar Sandhai ),0.14,Metric Tonnes,Other,3000.0,3500.0,3250.0,Rs./Quintal,Local
Manapparai(Uzhavar Sandhai ),0.23,Metric Tonnes,Other,3000.0,3000.0,3000.0,Rs./Quintal,Local
Mannargudi I(Uzhavar Sandhai ),1.32,Metric Tonnes,Red Nanital,3000.0,3000.0,3000.0,Rs./Quintal,Local
Mannargudi II(Uzhavar Sandhai ),0.45,Metric Tonnes,Red Nanital,3000.0,3000.0,3000.0,Rs./Quintal,Local
Mayiladuthurai(Uzhavar Sandhai ),0.08,Metric Tonnes,Red Nanital,3000.0,3000.0,3000.0,Rs./Quintal,Local
Medavakkam(Uzhavar Sandhai ),0.05,Metric Tonnes,Other,3000.0,3500.0,3250.0,Rs./Quintal,Local
Melapalayam(Uzhavar Sandhai ),0.75,Metric Tonnes,Other,2300.0,2500.0,2400.0,Rs./Quintal,Local
Mettupalayam(Uzhavar Sandhai ),0.65,Metric Tonnes,Red Nanital,4000.0,5800.0,4900.0,Rs./Quintal,Local
Mettur(Uzhavar Sandhai ),0.2,Metric Tonnes,Other,4000.0,4500.0,4250.0,Rs./Quintal,Local
Mohanur(Uzhavar Sandhai ),0.18,Metric Tonnes,Other,3000.0,3500.0,3250.0,Rs./Quintal,Local
Musiri(Uzhavar Sandhai ),0.39,Metric Tonnes,Other,2600.0,3000.0,2800.0,Rs./Quintal,Local
Muthupettai(Uzhavar Sandhai ),0.05,Metric Tonnes,Red Nanital,3000.0,3000.0,3000.0,Rs./Quintal,Local
Myladi(Uzhavar Sandhai ),0.04,Metric Tonnes,Red Nanital,3000.0,3500.0,3250.0,Rs./Quintal,Local
NGO Colony(Uzhavar Sandhai ),0.46,Metric Tonnes,Red Nanital,2000.0,2500.0,2250.0,Rs./Quintal,Local
Nagapattinam(Uzhavar Sandhai ),0.11,Metric Tonnes,Other,3700.0,4200.0,3950.0,Rs./Quintal,Local
Namakkal(Uzhavar Sandhai ),1.05,Metric Tonnes,Other,2500.0,3000.0,2750.0,Rs./Quintal,Local
Nanganallur(Uzhavar Sandhai ),0.08,Metric Tonnes,Red Nanital,3500.0,4000.0,3750.0,Rs./Quintal,Local
Naravarikuppam(Uzhavar Sandhai ),0.05,Metric Tonnes,Red Nanital,4000.0,4000.0,4000.0,Rs./Quintal,Local
Natrampalli(Uzhavar Sandhai ),0.38,Metric Tonnes,Red Nanital,3000.0,3500.0,3250.0,Rs./Quintal,Local
Padappai(Uzhavar Sandhai ),0.15,Metric Tonnes,Other,2600.0,3500.0,3050.0,Rs./Quintal,Local
Palacode(Uzhavar Sandhai ),0.24,Metric Tonnes,Other,2500.0,2800.0,2650.0,Rs./Quintal,Local
Palanganatham(Uzhavar Sandhai ),0.4,Metric Tonnes,Other,4500.0,5000.0,4750.0,Rs./Quintal,Local
Palani(Uzhavar Sandhai ),0.8,Metric Tonnes,Other,3400.0,4000.0,3700.0,Rs./Quintal,Local
Palayamkottai(Uzhavar Sandhai ),2.45,Metric Tonnes,Red Nanital,2200.0,2500.0,2350.0,Rs./Quintal,Local
Palladam(Uzhavar Sandhai ),0.24,Metric Tonnes,Red Nanital,2500.0,3000.0,2750.0,Rs./Quintal,Local
Pallavaram(Uzhavar Sandhai ),0.46,Metric Tonnes,Red Nanital,2500.0,3000.0,2750.0,Rs./Quintal,Local
Pallikonda(Uzhavar Sandhai),0.04,Metric Tonnes,Red Nanital,2500.0,3000.0,2750.0,Rs./Quintal,Local
Panruti(Uzhavar Sandhai ),0.07,Metric Tonnes,Red Nanital,4000.0,4000.0,4000.0,Rs./Quintal,Local
Papanasam(Uzhavar Sandhai ),1.26,Metric Tonnes,Red Nanital,2800.0,3800.0,3300.0,Rs./Quintal,Local
Paramakudi(Uzhavar Sandhai ),0.48,Metric Tonnes,Red Nanital,5000.0,5500.0,5250.0,Rs./Quintal,Local
Paramathivelur(Uzhavar Sandhai ),0.15,Metric Tonnes,Red Nanital,2600.0,3000.0,2800.0,Rs./Quintal,Local
Pattukottai(Uzhavar Sandhai ),0.25,Metric Tonnes,Red Nanital,3000.0,3000.0,3000.0,Rs./Quintal,Local
Pennagaram(Uzhavar Sandhai ),0.18,Metric Tonnes,Red Nanital,3000.0,3500.0,3250.0,Rs./Quintal,Local
Perambalur(Uzhavar Sandhai ),0.64,Metric Tonnes,Other,2600.0,3000.0,2800.0,Rs./Quintal,Local
Perampet(Uzhavar Sandhai),0.03,Metric Tonnes,Red Nanital,3000.0,3000.0,3000.0,Rs./Quintal,Local
Peravurani(Uzhavar Sandhai),0.05,Metric Tonnes,Red Nanital,3000.0,3000.0,3000.0,Rs./Quintal,Local
Periyakulam(Uzhavar Sandhai ),0.27,Metric Tonnes,Other,2600.0,2800.0,2700.0,Rs./Quintal,Local
Perundurai(Uzhavar Sandhai ),0.13,Metric Tonnes,Other,3200.0,3500.0,3350.0,Rs./Quintal,Local
Pollachi(Uzhavar Sandhai ),0.19,Metric Tonnes,Red Nanital,4000.0,6500.0,5250.0,Rs./Quintal,Local
Polur(Uzhavar Sandhai ),0.22,Metric Tonnes,Red Nanital,3300.0,4000.0,3650.0,Rs./Quintal,Local
Pudukottai(Uzhavar Sandhai ),0.79,Metric Tonnes,Other,5000.0,6000.0,5500.0,Rs./Quintal,Local
RSPuram(Uzhavar Sandhai ),3.49,Metric Tonnes,Other,5000.0,6000.0,5500.0,Rs./Quintal,Local
Rajapalayam(Uzhavar Sandhai ),0.26,Metric Tonnes,Red Nanital,2500.0,3000.0,2750.0,Rs./Quintal,Local
Ramanathapuram(Uzhavar Sandhai ),0.12,Metric Tonnes,Red Nanital,4500.0,5000.0,4750.0,Rs./Quintal,Local
Ranipettai(Uzhavar Sandhai ),0.09,Metric Tonnes,Other,2500.0,3000.0,2750.0,Rs./Quintal,Local
Rasipuram(Uzhavar Sandhai ),0.58,Metric Tonnes,Other,3000.0,3500.0,3250.0,Rs./Quintal,Local
Sampath Nagar(Uzhavar Sandhai ),0.36,Metric Tonnes,Other,4600.0,5000.0,4800.0,Rs./Quintal,Local
Sankarapuram(Uzhavar Sandhai ),0.16,Metric Tonnes,Red Nanital,3500.0,3500.0,3500.0,Rs./Quintal,Local
Sathiyamagalam(Uzhavar Sandhai ),0.26,Metric Tonnes,Other,3500.0,4000.0,3750.0,Rs./Quintal,Local
Sathur(Uzhavar Sandhai ),0.02,Metric Tonnes,Red Nanital,3500.0,4000.0,3750.0,Rs./Quintal,Local
Singampunari(Uzhavar Sandhai ),0.08,Metric Tonnes,Other,4600.0,5200.0,4900.0,Rs./Quintal,Local
Singanallur(Uzhavar Sandhai ),1.27,Metric Tonnes,Other,4500.0,6200.0,5350.0,Rs./Quintal,Local
Sirkali(Uzhavar Sandhai ),0.36,Metric Tonnes,Red Nanital,3600.0,4000.0,3800.0,Rs./Quintal,Local
Sivagangai (Uzhavar Sandhai ),0.4,Metric Tonnes,Red Nanital,4600.0,5200.0,4900.0,Rs./Quintal,Local
Sivakasi(Uzhavar Sandhai ),0.04,Metric Tonnes,Red Nanital,2500.0,3000.0,2750.0,Rs./Quintal,Local
Sooramangalam(Uzhavar Sandhai ),0.3,Metric Tonnes,Other,5000.0,6000.0,5500.0,Rs./Quintal,Local
Srivilliputhur(Uzhavar Sandhai ),0.15,Metric Tonnes,Red Nanital,2500.0,3000.0,2750.0,Rs./Quintal,Local
Sulur(Uzhavar Sandhai ),0.23,Metric Tonnes,Red Nanital,5400.0,6200.0,5800.0,Rs./Quintal,Local
Sundarapuram(Uzhavar Sandhai ),0.29,Metric Tonnes,Other,6000.0,6400.0,6200.0,Rs./Quintal,Local
Sunguvarchatram(Uzhavar Sandhai ),0.2,Metric Tonnes,Other,3000.0,3000.0,3000.0,Rs./Quintal,Local
Thalavadi(Uzhavar Sandhai ),0.12,Metric Tonnes,Red Nanital,3400.0,3800.0,3600.0,Rs./Quintal,Local
Thalavaipuram(Uzhavar Sandhai ),0.06,Metric Tonnes,Red Nanital,2500.0,3000.0,2750.0,Rs./Quintal,Local
Thammampatti (Uzhavar Sandhai ),0.39,Metric Tonnes,Other,2800.0,3000.0,2900.0,Rs./Quintal,Local
Thathakapatti(Uzhavar Sandhai ),0.64,Metric Tonnes,Red Nanital,2800.0,6000.0,4400.0,Rs./Quintal,Local
Theni(Uzhavar Sandhai ),1.1,Metric Tonnes,Other,2800.0,2800.0,2800.0,Rs./Quintal,Local
Thirupathur APMC,0.34,Metric Tonnes,Red Nanital,3000.0,3000.0,3000.0,Rs./Quintal,Local
Thiruverumbur(Uzhavar Sandhai ),0.63,Metric Tonnes,Other,3000.0,4000.0,3500.0,Rs./Quintal,Local
Thuraiyur APMC,0.42,Metric Tonnes,Other,2500.0,3000.0,2750.0,Rs./Quintal,Local
Tindivanam APMC,0.2,Metric Tonnes,Red Nanital,3800.0,3800.0,3800.0,Rs./Quintal,Local
Tiruchengode APMC,0.14,Metric Tonnes,Other,2600.0,3000.0,2800.0,Rs./Quintal,Local
Tirukattupalli(Uzhavar Sandhai ),0.25,Metric Tonnes,Red Nanital,2800.0,3000.0,2900.0,Rs./Quintal,Local
Tirupatthur(Uzhavar Sandhai ),0.23,Metric Tonnes,Red Nanital,3200.0,3500.0,3350.0,Rs./Quintal,Local
Tiruppur (North) (Uzhavar Sandhai ),0.06,Metric Tonnes,Other,5000.0,6000.0,5500.0,Rs./Quintal,Local
Tiruppur (South) (Uzhavar Sandhai ),0.52,Metric Tonnes,Other,5000.0,6000.0,5500.0,Rs./Quintal,Local
Tiruthani(Uzhavar Sandhai ),0.1,Metric Tonnes,Red Nanital,4000.0,4000.0,4000.0,Rs./Quintal,Local
Tiruvannamalai(Uzhavar Sandhai ),1.05,Metric Tonnes,Red Nanital,3600.0,4000.0,3800.0,Rs./Quintal,Local
Tuticorin(Uzhavar Sandhai ),0.6,Metric Tonnes,Other,3000.0,3500.0,3250.0,Rs./Quintal,Local
Udhagamandalam(Uzhavar Sandhai ),2.2,Metric Tonnes,Red Nanital,4000.0,4500.0,4250.0,Rs./Quintal,Local
Udumalpet APMC,0.2,Metric Tonnes,Red Nanital,3500.0,4000.0,3750.0,Rs./Quintal,Local
Ulundurpettai APMC,0.24,Metric Tonnes,Red Nanital,4000.0,4000.0,4000.0,Rs./Quintal,Local
Vadalur(Uzhavar Sandhai ),0.16,Metric Tonnes,Other,3000.0,4000.0,3500.0,Rs./Quintal,Local
Vadaseri APMC,0.23,Metric Tonnes,Red Nanital,3000.0,3500.0,3250.0,Rs./Quintal,Local
Vadavalli(Uzhavar Sandhai ),0.99,Metric Tonnes,Other,5000.0,6000.0,5500.0,Rs./Quintal,Local
Vandavasi(Uzhavar Sandhai ),0.04,Metric Tonnes,Other,3500.0,4000.0,3750.0,Rs./Quintal,Local
Vaniyampadi(Uzhavar Sandhai ),0.7,Metric Tonnes,Red Nanital,3000.0,3000.0,3000.0,Rs./Quintal,Local
Vazhapadi(Uzhavar Sandhai),0.05,Metric Tonnes,Red Nanital,3000.0,3600.0,3300.0,Rs./Quintal,Local
Vedaranyam(Uzhavar Sandhai),0.06,Metric Tonnes,Red Nanital,4000.0,4000.0,4000.0,Rs./Quintal,Local
Vellore APMC,0.7,Metric Tonnes,Red Nanital,2200.0,2600.0,2400.0,Rs./Quintal,Local
Villupuram(Uzhavar Sandhai ),0.2,Metric Tonnes,Red Nanital,4000.0,4000.0,4000.0,Rs./Quintal,Local
Viruthachalam(Uzhavar Sandhai ),0.09,Metric Tonnes,Red Nanital,4000.0,4000.0,4000.0,Rs./Quintal,Local
Total,58.15,Metric Tonnes,,,,3756.48,Rs./Quintal,
State/UT Name : Telangana
Bowenpally APMC,379.5,Metric Tonnes,Potato,1000.0,1300.0,1200.0,Rs./Quintal,FAQ
"Excise Colony,RBZ ",0.28,Metric Tonnes,Other,3000.0,3000.0,3000.0,Rs./Quintal,Grade A
Gudimalkapur APMC,149.0,Metric Tonnes,Potato,1000.0,1400.0,1200.0,Rs./Quintal,Grade B
Kalwakurthy APMC,0.5,Metric Tonnes,Potato,1650.0,1650.0,1650.0,Rs./Quintal,Local
"Kukatpally,RBZ",16.9,Metric Tonnes,Other,1600.0,1600.0,1600.0,Rs./Quintal,Local
L B Nagar APMC,32.2,Metric Tonnes,Potato,1000.0,1500.0,1200.0,Rs./Quintal,Medium
Miryalguda(Rythu Bazar) ,1.4,Metric Tonnes,Potato,3000.0,3000.0,3000.0,Rs./Quintal,Grade A
RYTHU BAZAR ERRAGADDA,12.7,Metric Tonnes,Potato,1600.0,1600.0,1600.0,Rs./Quintal,Grade A
RYTHU BAZAR FALAKNUMA,2.8,Metric Tonnes,Potato,1600.0,1600.0,1600.0,Rs./Quintal,Grade A
RYTHU BAZAR MEHDIPATNAM,6.4,Metric Tonnes,Potato,1700.0,1700.0,1700.0,Rs./Quintal,Grade A
"Saroornagar,RBZ",2.2,Metric Tonnes,Other,1600.0,1600.0,1600.0,Rs./Quintal,Medium
Siddipet(Rythu Bazar) ,2.5,Metric Tonnes,Red Nanital,1500.0,2400.0,2000.0,Rs./Quintal,Grade A
"Vanasthalipuram,RBZ ",3.8,Metric Tonnes,Potato,1600.0,1600.0,1600.0,Rs./Quintal,Grade A
Warangal APMC,2.6,Metric Tonnes,Potato,1600.0,2000.0,1800.0,Rs./Quintal,FAQ
Total,612.78,Metric Tonnes,,,,1241.4,Rs./Quintal,
State/UT Name : Tripura
Bachaibari APMC,0.2,Metric Tonnes,Other,1150.0,1300.0,1200.0,Rs./Quintal,Medium
Bishalgarh APMC,2.5,Metric Tonnes,Other,1400.0,1600.0,1500.0,Rs./Quintal,Medium
Boxonagar,0.24,Metric Tonnes,Other,1500.0,1700.0,1600.0,Rs./Quintal,Medium
Dasda APMC,0.30000000000000004,Metric Tonnes,Other,1400.0,1600.0,1500.0,Rs./Quintal,FAQ
Gondatwisa APMC,0.2,Metric Tonnes,F.A.Q.,2300.0,2500.0,2400.0,Rs./Quintal,FAQ
Halahali,4.0,Metric Tonnes,Red Nanital,1200.0,1400.0,1300.0,Rs./Quintal,FAQ
Jampuijala APMC,0.4,Metric Tonnes,Jalander,3800.0,4000.0,3900.0,Rs./Quintal,Medium
Kalyanpur APMC,7.0,Metric Tonnes,Jalander,1700.0,1800.0,1750.0,Rs./Quintal,FAQ
Kanchanpur,1.4000000000000001,Metric Tonnes,Potato,1100.0,1300.0,1200.0,Rs./Quintal,FAQ
Manubazar,0.7000000000000001,Metric Tonnes,Jyoti,1900.0,2200.0,2000.0,Rs./Quintal,Grade A
Masli,0.30000000000000004,Metric Tonnes,Desi,1800.0,2000.0,1900.0,Rs./Quintal,Local
Melaghar APMC,1.0,Metric Tonnes,Jalander,1200.0,1400.0,1300.0,Rs./Quintal,Local
Panichowki,1.72,Metric Tonnes,Other,1200.0,1200.0,1200.0,Rs./Quintal,Medium
Santir Bazar APMC,28.5,Metric Tonnes,Jyoti,1800.0,2000.0,1900.0,Rs./Quintal,Local
Silachhari APMC,0.1,Metric Tonnes,Other,1600.0,1800.0,1700.0,Rs./Quintal,FAQ
Sonamura APMC,0.08000000000000002,Metric Tonnes,Other,1500.0,1700.0,1600.0,Rs./Quintal,Medium
Total,48.64,Metric Tonnes,,,,1763.49,Rs./Quintal,
State/UT Name : Uttar Pradesh
Achalda APMC,25.0,Metric Tonnes,Other,500.0,500.0,500.0,Rs./Quintal,FAQ
Agra APMC,1297.178,Metric Tonnes,Other,500.0,1660.63,601.5,Rs./Quintal,FAQ
Aliganj APMC,2.5,Metric Tonnes,Other,500.0,500.0,500.0,Rs./Quintal,FAQ
Aligarh APMC,110.6,Metric Tonnes,Other,500.0,500.0,500.0,Rs./Quintal,FAQ
Anwala APMC,24.0,Metric Tonnes,Other,600.0,600.0,600.0,Rs./Quintal,FAQ
Auraiya APMC,42.5,Metric Tonnes,Other,500.0,600.0,505.88,Rs./Quintal,FAQ
Awagarh APMC,46.0,Metric Tonnes,Other,500.0,500.0,500.0,Rs./Quintal,FAQ
Babrala APMC,125.0,Metric Tonnes,Potato,580.0,600.0,590.0,Rs./Quintal,Medium
Badayoun APMC,211.0,Metric Tonnes,Other,550.0,550.0,550.0,Rs./Quintal,FAQ
Bangarmau APMC,32.0,Metric Tonnes,Other,700.0,700.0,700.0,Rs./Quintal,FAQ
Barabanki APMC,1958.3,Metric Tonnes,Other,600.0,740.0,609.71,Rs./Quintal,FAQ
Baraut APMC,8.0,Metric Tonnes,Other,1000.0,1000.0,1000.0,Rs./Quintal,FAQ
Bareilly APMC,107.5,Metric Tonnes,Other,500.0,500.0,500.0,Rs./Quintal,FAQ
Bewar APMC,895.0,Metric Tonnes,Other,200.0,1000.0,267.96,Rs./Quintal,FAQ
Bharthna APMC,70.0,Metric Tonnes,Other,500.0,500.0,500.0,Rs./Quintal,FAQ
Bhehjoi APMC,32.5,Metric Tonnes,Desi,600.0,610.0,605.0,Rs./Quintal,Local
Bhehjoi APMC,71.0,Metric Tonnes,Other,600.0,600.0,600.0,Rs./Quintal,FAQ
Bilsi APMC,240.5,Metric Tonnes,Other,550.0,550.0,550.0,Rs./Quintal,FAQ
Bisoli APMC,308.5,Metric Tonnes,Other,600.0,610.0,600.49,Rs./Quintal,FAQ
Buland Shahr APMC,31.6,Metric Tonnes,Other,800.0,800.0,800.0,Rs./Quintal,FAQ
Chandausi APMC,189.0,Metric Tonnes,Other,600.0,600.0,600.0,Rs./Quintal,FAQ
Chhibramau APMC,923.62,Metric Tonnes,Other,550.0,600.0,552.77,Rs./Quintal,FAQ
Choubepur APMC,408.0,Metric Tonnes,Other,500.0,550.0,531.62,Rs./Quintal,FAQ
Dataganj APMC,17.0,Metric Tonnes,Other,500.0,500.0,500.0,Rs./Quintal,FAQ
Dibiapur APMC,32.0,Metric Tonnes,Other,500.0,600.0,537.5,Rs./Quintal,FAQ
Divai APMC,63.0,Metric Tonnes,Other,500.0,500.0,500.0,Rs./Quintal,FAQ
Etah APMC,85.0,Metric Tonnes,Other,600.0,600.0,600.0,Rs./Quintal,FAQ
Etawah APMC,490.0,Metric Tonnes,Other,500.0,550.0,503.06,Rs./Quintal,FAQ
Farukhabad APMC,951.1,Metric Tonnes,Other,550.0,550.0,550.0,Rs./Quintal,FAQ
Fatehabad APMC,162.0,Metric Tonnes,Other,500.0,500.0,500.0,Rs./Quintal,FAQ
Fatehpur APMC,30.0,Metric Tonnes,Other,700.0,710.0,701.0,Rs./Quintal,FAQ
Fatehpur Sikri APMC,52.0,Metric Tonnes,Other,500.0,500.0,500.0,Rs./Quintal,FAQ
Firozabad APMC,276.0,Metric Tonnes,Other,400.0,500.0,489.13,Rs./Quintal,FAQ
Ghiraur APMC,425.0,Metric Tonnes,Other,350.0,500.0,358.82,Rs./Quintal,FAQ
Haathras APMC,856.355,Metric Tonnes,Other,500.0,1100.0,544.42,Rs./Quintal,FAQ
Hapur APMC,1.0,Metric Tonnes,Other,450.0,450.0,450.0,Rs./Quintal,FAQ
Hasanpur APMC,13.0,Metric Tonnes,Other,600.0,600.0,600.0,Rs./Quintal,FAQ
Islam Nagar APMC,367.75,Metric Tonnes,Other,550.0,550.0,550.0,Rs./Quintal,FAQ
Jagnair APMC,64.055,Metric Tonnes,Other,800.0,800.0,800.0,Rs./Quintal,FAQ
Jahangirabad APMC,0.7,Metric Tonnes,Other,700.0,700.0,700.0,Rs./Quintal,FAQ
Jalalabad APMC,19.0,Metric Tonnes,Other,500.0,500.0,500.0,Rs./Quintal,FAQ
Jarar APMC,23.0,Metric Tonnes,Other,500.0,500.0,500.0,Rs./Quintal,FAQ
Jasvantnagar APMC,354.4,Metric Tonnes,Other,500.0,584.0,507.11,Rs./Quintal,FAQ
Jhansi APMC,5.0,Metric Tonnes,Other,1000.0,1000.0,1000.0,Rs./Quintal,FAQ
Kamlaganj APMC,230.0,Metric Tonnes,Other,550.0,556.0,550.65,Rs./Quintal,FAQ
Kannauj APMC,1339.434,Metric Tonnes,Other,550.0,550.0,550.0,Rs./Quintal,FAQ
Kanpur(Grain) APMC,26.0,Metric Tonnes,Other,550.0,550.0,550.0,Rs./Quintal,FAQ
Kasganj APMC,257.0,Metric Tonnes,Other,600.0,600.0,600.0,Rs./Quintal,FAQ
Kayamganj APMC,32.0,Metric Tonnes,Other,600.0,600.0,600.0,Rs./Quintal,FAQ
Khaga APMC,30.0,Metric Tonnes,Other,500.0,500.0,500.0,Rs./Quintal,FAQ
Khair APMC,220.0,Metric Tonnes,Other,500.0,500.0,500.0,Rs./Quintal,FAQ
Khairagarh APMC,60.0,Metric Tonnes,Other,500.0,500.0,500.0,Rs./Quintal,FAQ
Khairagarh APMC,50.0,Metric Tonnes,Desi,500.0,600.0,550.0,Rs./Quintal,FAQ
Khatauli APMC,19.0,Metric Tonnes,Other,850.0,860.0,855.26,Rs./Quintal,FAQ
Khekda APMC,0.6,Metric Tonnes,Other,1000.0,1000.0,1000.0,Rs./Quintal,FAQ
Khurja APMC,0.9,Metric Tonnes,Other,700.0,700.0,700.0,Rs./Quintal,FAQ
Kiratpur APMC,2.1,Metric Tonnes,Other,800.0,800.0,800.0,Rs./Quintal,FAQ
Kosikalan APMC,2.0,Metric Tonnes,Other,600.0,600.0,600.0,Rs./Quintal,FAQ
Lakhimpur APMC,22.0,Metric Tonnes,Other,1000.0,1100.0,1031.82,Rs./Quintal,FAQ
Lucknow APMC,60.0,Metric Tonnes,Other,800.0,800.0,800.0,Rs./Quintal,FAQ
Madhoganj APMC,206.0,Metric Tonnes,Other,600.0,600.0,600.0,Rs./Quintal,FAQ
Mainpuri APMC,367.0,Metric Tonnes,Other,500.0,500.0,500.0,Rs./Quintal,FAQ
Mathura APMC,19.75,Metric Tonnes,Other,500.0,600.0,573.42,Rs./Quintal,FAQ
Meerut APMC,50.0,Metric Tonnes,Other,800.0,1000.0,824.0,Rs./Quintal,FAQ
Mehmoodabad APMC,120.8,Metric Tonnes,Other,600.0,600.0,600.0,Rs./Quintal,FAQ
Mohamadabad APMC,75.0,Metric Tonnes,Other,550.0,550.0,550.0,Rs./Quintal,FAQ
Mohammdi APMC,7.5,Metric Tonnes,Other,805.0,810.0,807.33,Rs./Quintal,FAQ
Muradabad APMC,20.8,Metric Tonnes,Other,700.0,700.0,700.0,Rs./Quintal,FAQ
Paliakala APMC,3.5,Metric Tonnes,Other,700.0,700.0,700.0,Rs./Quintal,FAQ
Powayan APMC,115.74,Metric Tonnes,Other,600.0,1100.0,860.24,Rs./Quintal,FAQ
Pratapgarh APMC,56.0,Metric Tonnes,Other,600.0,600.0,600.0,Rs./Quintal,FAQ
Prayagraj APMC,324.0,Metric Tonnes,Other,700.0,700.0,700.0,Rs./Quintal,FAQ
Robertsganj APMC,0.121,Metric Tonnes,Other,1677.69,1677.69,1677.69,Rs./Quintal,FAQ
Rura APMC,60.0,Metric Tonnes,Other,650.0,650.0,650.0,Rs./Quintal,FAQ
Safdarganj APMC,335.4,Metric Tonnes,Other,580.0,590.0,582.32,Rs./Quintal,FAQ
Saharanpur APMC,72.5,Metric Tonnes,Other,500.0,800.0,648.97,Rs./Quintal,FAQ
Salon APMC,215.0,Metric Tonnes,Other,600.0,600.0,600.0,Rs./Quintal,FAQ
Sambhal APMC,691.46,Metric Tonnes,Other,600.0,600.0,600.0,Rs./Quintal,FAQ
Samsabad APMC,109.5,Metric Tonnes,Other,500.0,500.0,500.0,Rs./Quintal,FAQ
Samsabad APMC,380.0,Metric Tonnes,Local,400.0,600.0,500.0,Rs./Quintal,Local
Sandi APMC,32.0,Metric Tonnes,Other,600.0,600.0,600.0,Rs./Quintal,FAQ
Sandila APMC,50.0,Metric Tonnes,Other,1100.0,1100.0,1100.0,Rs./Quintal,FAQ
Shadabad APMC,891.8,Metric Tonnes,Other,500.0,500.0,500.0,Rs./Quintal,FAQ
Shahabad(New Mandi) APMC,190.0,Metric Tonnes,Other,550.0,550.0,550.0,Rs./Quintal,FAQ
Shahaswan APMC,25.0,Metric Tonnes,Other,600.0,600.0,600.0,Rs./Quintal,FAQ
Shamli APMC,12.0,Metric Tonnes,Other,1000.0,1100.0,1051.67,Rs./Quintal,FAQ
Shikohabad APMC,948.5,Metric Tonnes,Other,500.0,500.0,500.0,Rs./Quintal,FAQ
Sidhauli APMC,30.0,Metric Tonnes,Other,400.0,400.0,400.0,Rs./Quintal,FAQ
Sikanderabad APMC,38.5,Metric Tonnes,Other,800.0,900.0,815.58,Rs./Quintal,FAQ
Sikandraraau APMC,20.0,Metric Tonnes,Other,500.0,500.0,500.0,Rs./Quintal,FAQ
Sikarpur APMC,35.5,Metric Tonnes,Other,650.0,650.0,650.0,Rs./Quintal,FAQ
Sirsaganj APMC,1281.2,Metric Tonnes,Other,500.0,500.0,500.0,Rs./Quintal,FAQ
Sitapur APMC,30.0,Metric Tonnes,Other,500.0,500.0,500.0,Rs./Quintal,FAQ
Siyana APMC,33.07,Metric Tonnes,Other,900.0,900.0,900.0,Rs./Quintal,FAQ
Tilhar APMC,30.0,Metric Tonnes,Other,500.0,500.0,500.0,Rs./Quintal,FAQ
Tundla APMC,1049.0,Metric Tonnes,Other,500.0,500.0,500.0,Rs./Quintal,FAQ
Ujhani APMC,102.0,Metric Tonnes,Other,550.0,550.0,550.0,Rs./Quintal,FAQ
Unnao APMC,3.658,Metric Tonnes,Other,1353.61,1353.61,1353.61,Rs./Quintal,FAQ
Uttaripura APMC,426.5,Metric Tonnes,Other,550.0,550.0,550.0,Rs./Quintal,FAQ
Varanasi APMC,9.0764,Metric Tonnes,Other,800.0,1057.19,855.15,Rs./Quintal,FAQ
Viswan APMC,59.4,Metric Tonnes,Other,550.0,550.0,550.0,Rs./Quintal,FAQ
Wazirganj APMC,461.4,Metric Tonnes,Other,600.0,610.0,600.42,Rs./Quintal,FAQ
Yusufpur APMC,3.0,Metric Tonnes,Other,600.0,600.0,600.0,Rs./Quintal,FAQ
Total,22789.37,Metric Tonnes,,,,544.92,Rs./Quintal,
State/UT Name : Uttarakhand
Bhagwanpur(Naveen Mandi Sthal) APMC,21.0,Metric Tonnes,Other,600.0,800.0,700.0,Rs./Quintal,Grade B
Chamoli APMC,0.5,Metric Tonnes,Other,1600.0,1600.0,1600.0,Rs./Quintal,FAQ
Haldwani APMC,65.0,Metric Tonnes,Other,700.0,1400.0,1000.0,Rs./Quintal,FAQ
Haridwar Union APMC,28.0,Metric Tonnes,Potato,700.0,950.0,800.0,Rs./Quintal,FAQ
Kotadwara APMC,3.5,Metric Tonnes,Potato,1000.0,1000.0,1000.0,Rs./Quintal,FAQ
Ramnagar APMC,3.9000000000000004,Metric Tonnes,Other,800.0,1000.0,900.0,Rs./Quintal,Local
Rishikesh APMC,15.0,Metric Tonnes,Other,740.0,975.0,845.0,Rs./Quintal,Medium
Roorkee APMC,2.5,Metric Tonnes,Other,800.0,1200.0,1000.0,Rs./Quintal,Medium
Rudrapur APMC,20.0,Metric Tonnes,Other,500.0,800.0,700.0,Rs./Quintal,Medium
Sitarganj APMC,8.0,Metric Tonnes,Potato,800.0,1200.0,1000.0,Rs./Quintal,Local
Vikasnagar APMC,50.0,Metric Tonnes,Other,600.0,2000.0,1500.0,Rs./Quintal,Medium
Total,217.4,Metric Tonnes,,,,1021.55,Rs./Quintal,
State/UT Name : West Bengal
Alipurduar APMC,10.0,Metric Tonnes,Jyoti,520.0,580.0,550.0,Rs./Quintal,FAQ
Balarampur APMC,12.0,Metric Tonnes,Other,680.0,800.0,700.0,Rs./Quintal,FAQ
Balurghat APMC,14.0,Metric Tonnes,Local,580.0,600.0,590.0,Rs./Quintal,FAQ
Bankura Sadar APMC,20.5,Metric Tonnes,Jyoti,645.0,685.0,665.0,Rs./Quintal,FAQ
Barasat APMC,48.0,Metric Tonnes,Jyoti,800.0,800.0,800.0,Rs./Quintal,FAQ
Belacoba APMC,9.0,Metric Tonnes,Jyoti,570.0,590.0,580.0,Rs./Quintal,FAQ
Beldanga APMC,2.0,Metric Tonnes,Jyoti,680.0,780.0,730.0,Rs./Quintal,FAQ
Bethuadahari APMC,12.5,Metric Tonnes,Desi,800.0,815.0,810.0,Rs./Quintal,Grade A
Bishnupur(Bankura) APMC,4.4,Metric Tonnes,Jyoti,580.0,660.0,640.0,Rs./Quintal,FAQ
Bolpur APMC,53.0,Metric Tonnes,Potato,1000.0,1100.0,1050.0,Rs./Quintal,FAQ
Burdwan APMC,24.0,Metric Tonnes,Jyoti,720.0,760.0,740.0,Rs./Quintal,FAQ
Chakdah APMC,10.2,Metric Tonnes,Jyoti,750.0,780.0,760.0,Rs./Quintal,FAQ
Champadanga APMC,12.6,Metric Tonnes,Jyoti,740.0,760.0,760.0,Rs./Quintal,FAQ
Coochbehar APMC,14.0,Metric Tonnes,Jyoti,640.0,660.0,650.0,Rs./Quintal,FAQ
Darjeeling APMC,1.8,Metric Tonnes,Red,1400.0,1600.0,1500.0,Rs./Quintal,FAQ
Diamond Harbour(South 24-pgs) APMC,14.0,Metric Tonnes,Jyoti,820.0,860.0,840.0,Rs./Quintal,FAQ
Egra/contai APMC,1025.0,Metric Tonnes,Jyoti,820.0,850.0,835.0,Rs./Quintal,FAQ
English Bazar APMC,20.0,Metric Tonnes,Local,600.0,630.0,620.0,Rs./Quintal,FAQ
Falakata APMC,11.0,Metric Tonnes,Jyoti,530.0,580.0,550.0,Rs./Quintal,FAQ
Gajol APMC,550.0,Metric Tonnes,Local,600.0,650.0,630.0,Rs./Quintal,FAQ
Gangarampur(Dakshin Dinajpur) APMC,10.0,Metric Tonnes,Local,580.0,600.0,590.0,Rs./Quintal,FAQ
Garbeta(Medinipur) APMC,3.0,Metric Tonnes,Jyoti,640.0,670.0,660.0,Rs./Quintal,FAQ
Ghatal APMC,3.6,Metric Tonnes,Jyoti,800.0,840.0,830.0,Rs./Quintal,FAQ
Guskara APMC,17.5,Metric Tonnes,Jyoti,740.0,750.0,740.0,Rs./Quintal,FAQ
Habra APMC,45.0,Metric Tonnes,Jyoti,900.0,900.0,900.0,Rs./Quintal,FAQ
Indus(Bankura Sadar) APMC,4.0,Metric Tonnes,Jyoti,640.0,680.0,660.0,Rs./Quintal,FAQ
Islampur APMC,0.6000000000000001,Metric Tonnes,Other,530.0,580.0,560.0,Rs./Quintal,FAQ
Jangipur APMC,38.75,Metric Tonnes,Jyoti,1250.0,1400.0,1350.0,Rs./Quintal,FAQ
Jhargram APMC,6.5,Metric Tonnes,Jyoti,700.0,800.0,750.0,Rs./Quintal,FAQ
Kaliaganj APMC,14.0,Metric Tonnes,Other,600.0,640.0,630.0,Rs./Quintal,FAQ
Kalimpong APMC,0.5,Metric Tonnes,Red,2000.0,2200.0,2100.0,Rs./Quintal,Medium
Kalipur APMC,6.8,Metric Tonnes,Jyoti,700.0,720.0,700.0,Rs./Quintal,FAQ
Kalna APMC,18.5,Metric Tonnes,Jyoti,740.0,750.0,740.0,Rs./Quintal,FAQ
Kalyani APMC,3.4000000000000004,Metric Tonnes,Jyoti,760.0,800.0,780.0,Rs./Quintal,Local
Kandi APMC,10.0,Metric Tonnes,Jyoti,680.0,760.0,720.0,Rs./Quintal,FAQ
Karimpur APMC,1.6,Metric Tonnes,Jyoti,800.0,820.0,810.0,Rs./Quintal,Grade A
Karsiyang(Matigara) APMC,1.8,Metric Tonnes,Red,1400.0,1600.0,1500.0,Rs./Quintal,FAQ
Khatra APMC,4.2,Metric Tonnes,Jyoti,600.0,700.0,660.0,Rs./Quintal,FAQ
Medinipur(West) APMC,18.0,Metric Tonnes,Jyoti,640.0,660.0,650.0,Rs./Quintal,FAQ
Memari APMC,23.0,Metric Tonnes,Jyoti,720.0,760.0,740.0,Rs./Quintal,FAQ
Moynaguri APMC,21.0,Metric Tonnes,Jyoti,560.0,580.0,570.0,Rs./Quintal,FAQ
Nadia APMC,9.6,Metric Tonnes,Jyoti,740.0,800.0,770.0,Rs./Quintal,FAQ
Pandua APMC,7.2,Metric Tonnes,Jyoti,660.0,730.0,700.0,Rs./Quintal,FAQ
Pundibari APMC,7.5,Metric Tonnes,Jyoti,640.0,660.0,650.0,Rs./Quintal,FAQ
Purulia APMC,25.0,Metric Tonnes,Jyoti,640.0,760.0,700.0,Rs./Quintal,FAQ
Raiganj APMC,25.0,Metric Tonnes,Other,540.0,580.0,550.0,Rs./Quintal,FAQ
Ramkrishanpur(Howrah) APMC,9.0,Metric Tonnes,Jyoti,820.0,860.0,840.0,Rs./Quintal,FAQ
Ranaghat APMC,10.1,Metric Tonnes,Jyoti,760.0,800.0,780.0,Rs./Quintal,FAQ
Samsi APMC,25.0,Metric Tonnes,Local,620.0,650.0,630.0,Rs./Quintal,FAQ
Sheoraphuly APMC,27.0,Metric Tonnes,Jyoti,680.0,720.0,700.0,Rs./Quintal,FAQ
Siliguri APMC,70.0,Metric Tonnes,Jyoti,600.0,630.0,620.0,Rs./Quintal,FAQ
Uluberia APMC,4.3,Metric Tonnes,Jyoti,830.0,860.0,840.0,Rs./Quintal,FAQ
Total,2339.45,Metric Tonnes,,,,762.87,Rs./Quintal,
Grand Total,32464.74,Metric Tonnes,,,,793.29,Rs./Quintal,
Tomato
State/UT Name : Andhra Pradesh
B.Kothakota H/Q Angallu,43.0,Metric Tonnes,Local,1000.0,1800.0,1300.0,Rs./Quintal,FAQ
Guramkonda Sub-yard of AMC Valmikipuram,49.625,Metric Tonnes,Hybrid,1000.0,1520.0,1200.0,Rs./Quintal,FAQ
Kalikiri APMC,30.0,Metric Tonnes,Hybrid,1100.0,1700.0,1400.0,Rs./Quintal,FAQ
Madanapalli APMC,119.0,Metric Tonnes,Local,1500.0,1900.0,1700.0,Rs./Quintal,FAQ
Mulakalacheruvu APMC,698.0,Metric Tonnes,Local,1000.0,1800.0,1400.0,Rs./Quintal,FAQ
Pattikonda APMC,707.0,Metric Tonnes,Local,800.0,1500.0,1200.0,Rs./Quintal,FAQ
Punganur APMC,20.0,Metric Tonnes,Hybrid,1140.0,1670.0,1400.0,Rs./Quintal,FAQ
Somala APMC,0.5,Metric Tonnes,Tomato,1000.0,1400.0,1200.0,Rs./Quintal,FAQ
Valmikipuram APMC,49.625,Metric Tonnes,Hybrid,1000.0,1520.0,1200.0,Rs./Quintal,FAQ
Total,1716.75,Metric Tonnes,,,,1324.3,Rs./Quintal,
State/UT Name : Assam
Pamohi(Garchuk) APMC,13.0,Metric Tonnes,Tomato,3300.0,4000.0,3500.0,Rs./Quintal,FAQ
Tinsukia Market,2.5,Metric Tonnes,Tomato,3000.0,4000.0,3500.0,Rs./Quintal,FAQ
Total,15.5,Metric Tonnes,,,,3500.0,Rs./Quintal,
State/UT Name : Bihar
Khagaria APMC,10.0,Metric Tonnes,Deshi,2833.33305,3166.66635,2916.6663750000002,Rs./Quintal,Grade A
Madhubani APMC,2.8,Metric Tonnes,Tomato,3800.0,4000.0,3900.0,Rs./Quintal,FAQ
Maharjganj APMC,3.0,Metric Tonnes,Deshi,3000.0,3000.0,3000.0,Rs./Quintal,FAQ
Saharsa APMC,1.5,Metric Tonnes,Hybrid,3600.0,4000.0,3800.0,Rs./Quintal,FAQ
Total,17.3,Metric Tonnes,,,,3166.86,Rs./Quintal,
State/UT Name : Chandigarh
Chandigarh (Grain/F&V) APMC,95.75,Metric Tonnes,Tomato,800.0,2400.0,2200.0,Rs./Quintal,FAQ
Total,95.75,Metric Tonnes,,,,2200.0,Rs./Quintal,
State/UT Name : Chattisgarh
Durg APMC,186.6,Metric Tonnes,Local,1000.0,1500.0,1500.0,Rs./Quintal,Medium
Raigarh APMC,38.0,Metric Tonnes,Local,2200.0,2600.0,2400.0,Rs./Quintal,Grade B
Tiphra APMC,250.0,Metric Tonnes,Local,1100.0,1300.0,1200.0,Rs./Quintal,Grade B
Total,474.6,Metric Tonnes,,,,1414.03,Rs./Quintal,
State/UT Name : Gujarat
Ankleshwar APMC,5.0,Metric Tonnes,Tomato,1500.0,2200.0,2000.0,Rs./Quintal,Grade A
Bharuch APMC,10.4,Metric Tonnes,Other,1000.0,2000.0,1500.0,Rs./Quintal,Local
Bilimora APMC,7.0,Metric Tonnes,Other,1500.0,2000.0,1800.0,Rs./Quintal,FAQ
Dahod(Veg. Market) APMC,15.5,Metric Tonnes,Tomato,500.0,1800.0,1200.0,Rs./Quintal,Local
Damnagar APMC,0.05,Metric Tonnes,Local,4000.0,4000.0,4000.0,Rs./Quintal,Local
Gondal(Veg.market Gondal) APMC,26.86,Metric Tonnes,Tomato,1000.0,2500.0,1750.0,Rs./Quintal,Local
Kapadvanj APMC,4.0,Metric Tonnes,Tomato,1500.0,1750.0,1625.0,Rs./Quintal,Medium
Nadiad APMC,1.28,Metric Tonnes,Tomato,1800.0,2200.0,2000.0,Rs./Quintal,FAQ
Nadiyad(Chaklasi) APMC,0.458,Metric Tonnes,Tomato,1600.0,1850.0,1700.0,Rs./Quintal,FAQ
Nadiyad(Piplag) APMC,13.0,Metric Tonnes,Tomato,1400.0,2000.0,1800.0,Rs./Quintal,FAQ
Navsari APMC,9.920000000000002,Metric Tonnes,Tomato,1500.0,3000.0,2250.0,Rs./Quintal,Grade A
Vadodara(Sayajipura) APMC,20.94,Metric Tonnes,Other,1500.0,2500.0,2050.0,Rs./Quintal,FAQ
Total,114.41,Metric Tonnes,,,,1769.9,Rs./Quintal,
State/UT Name : Haryana
Bahadurgarh APMC,7.0,Metric Tonnes,Other,1600.0,2800.0,2000.0,Rs./Quintal,FAQ
Ballabhgarh APMC,4.800000000000001,Metric Tonnes,Tomato,2000.0,2500.0,2200.0,Rs./Quintal,FAQ
Barwala APMC,3.2,Metric Tonnes,Local,1500.0,2000.0,1750.0,Rs./Quintal,FAQ
Barwala(Hisar) APMC,3.9000000000000004,Metric Tonnes,Tomato,2000.0,3000.0,2500.0,Rs./Quintal,Local
Ch. Dadri APMC,5.0,Metric Tonnes,Tomato,2000.0,2500.0,2250.0,Rs./Quintal,Medium
Dhand APMC,0.4,Metric Tonnes,Other,1500.0,2500.0,2300.0,Rs./Quintal,Medium
Farukh Nagar APMC,4.7,Metric Tonnes,Other,1800.0,2500.0,2200.0,Rs./Quintal,Medium
Fatehabad APMC,4.9,Metric Tonnes,Other,2500.0,2500.0,2500.0,Rs./Quintal,Local
FerozpurZirkha(Nagina) APMC,2.2,Metric Tonnes,Other,2000.0,2400.0,2200.0,Rs./Quintal,Local
Ganaur APMC,1.9000000000000001,Metric Tonnes,Tomato,2500.0,3000.0,2800.0,Rs./Quintal,FAQ
Gurgaon APMC,91.0,Metric Tonnes,Other,1000.0,1500.0,1250.0,Rs./Quintal,Grade A
Hansi APMC,19.7,Metric Tonnes,Other,2500.0,3000.0,2750.0,Rs./Quintal,FAQ
Hissar APMC,7.2,Metric Tonnes,Local,1500.0,3000.0,2500.0,Rs./Quintal,Local
Hodal APMC,1.8,Metric Tonnes,Hybrid,2000.0,3000.0,2500.0,Rs./Quintal,FAQ
Jhajjar APMC,3.0,Metric Tonnes,Other,2000.0,2000.0,2000.0,Rs./Quintal,Medium
Kharkhoda APMC,1.6,Metric Tonnes,Other,2500.0,3200.0,2750.0,Rs./Quintal,FAQ
Kosli APMC,0.1,Metric Tonnes,Other,2500.0,2500.0,2500.0,Rs./Quintal,FAQ
Madlauda APMC,0.45,Metric Tonnes,Tomato,1400.0,1500.0,1450.0,Rs./Quintal,FAQ
Mohindergarh APMC,7.2,Metric Tonnes,Tomato,1800.0,2200.0,2200.0,Rs./Quintal,Medium
Mustafabad APMC,0.06,Metric Tonnes,Other,3500.0,3600.0,3500.0,Rs./Quintal,FAQ
Narwana APMC,3.0,Metric Tonnes,Tomato,2000.0,2500.0,2250.0,Rs./Quintal,Non-FAQ
Nuh APMC,2.2,Metric Tonnes,Other,1200.0,1800.0,1500.0,Rs./Quintal,Local
Pataudi APMC,4.2,Metric Tonnes,Tomato,2000.0,2500.0,2200.0,Rs./Quintal,Grade B
Raipur Rani APMC,0.16000000000000003,Metric Tonnes,Tomato,2200.0,2400.0,2200.0,Rs./Quintal,Local
Rania APMC,0.1,Metric Tonnes,Tomato,1.42,2.0,1.49,Rs./Quintal,Non-FAQ
Ratia APMC,11.0,Metric Tonnes,Other,2200.0,3000.0,2500.0,Rs./Quintal,Grade A
Rewari APMC,15.5,Metric Tonnes,Other,600.0,2500.0,1500.0,Rs./Quintal,Medium
Sampla APMC,1.3,Metric Tonnes,Other,3000.0,3500.0,3500.0,Rs./Quintal,Local
Sirsa APMC,5.6000000000000005,Metric Tonnes,Other,2000.0,3000.0,2500.0,Rs./Quintal,FAQ
Siwan APMC,0.6,Metric Tonnes,Other,3000.0,3200.0,3100.0,Rs./Quintal,FAQ
Sohna APMC,3.7,Metric Tonnes,Tomato,2000.0,3000.0,2500.0,Rs./Quintal,Local
Sonepat APMC,23.900000000000002,Metric Tonnes,Other,2000.0,3000.0,2500.0,Rs./Quintal,FAQ
Tarori APMC,0.7000000000000001,Metric Tonnes,Other,2000.0,3000.0,2500.0,Rs./Quintal,Non-FAQ
Tauru APMC,0.9,Metric Tonnes,Hybrid,3000.0,3000.0,3000.0,Rs./Quintal,FAQ
Tohana(New Veg Market) APMC,4.5,Metric Tonnes,Tomato,2500.0,3000.0,3000.0,Rs./Quintal,FAQ
Uklana APMC,0.2,Metric Tonnes,Tomato,2500.0,2800.0,2800.0,Rs./Quintal,Medium
Total,247.67,Metric Tonnes,,,,1941.78,Rs./Quintal,
State/UT Name : Himachal Pradesh
PMY Kather Solan,26.0,Metric Tonnes,Other,600.0,2900.0,2300.0,Rs./Quintal,Medium
PMY Kullu,2.0,Metric Tonnes,Other,2000.0,2500.0,2200.0,Rs./Quintal,FAQ
SMY Bandrol,4.2,Metric Tonnes,Other,1000.0,2500.0,1600.0,Rs./Quintal,FAQ
SMY Bhuntar,7.8,Metric Tonnes,Other,800.0,2200.0,1500.0,Rs./Quintal,FAQ
SMY Chauri Bihal,1.2000000000000002,Metric Tonnes,Other,1200.0,2800.0,2000.0,Rs./Quintal,Grade Range-1
SMY Dharampur,2.0,Metric Tonnes,Local,500.0,1500.0,1500.0,Rs./Quintal,Local
SMY Nalagarh,0.55,Metric Tonnes,Other,2000.0,2500.0,2300.0,Rs./Quintal,Medium
SMY Wakhnaghat,1.8,Metric Tonnes,Deshi,300.0,1500.0,1500.0,Rs./Quintal,Local
Total,45.55,Metric Tonnes,,,,2019.43,Rs./Quintal,
State/UT Name : Karnataka
Bagepalli APMC,81.0,Metric Tonnes,Tomato,350.0,1800.0,1200.0,Rs./Quintal,Small
Belur APMC,1.7000000000000002,Metric Tonnes,Hybrid,1000.0,1000.0,1000.0,Rs./Quintal,Medium
Chickkaballapura APMC,30.5,Metric Tonnes,Tomato,360.0,1643.0,1000.0,Rs./Quintal,Local
Chikkamagaluru APMC,45.7,Metric Tonnes,Tomato,400.0,1600.0,1000.0,Rs./Quintal,Local
Chintamani APMC,232.5,Metric Tonnes,Tomato,300.0,2000.0,1200.0,Rs./Quintal,Local
Gauribidanur APMC,1.2000000000000002,Metric Tonnes,Tomato,800.0,1800.0,1300.0,Rs./Quintal,Local
Hospet APMC,15.200000000000001,Metric Tonnes,Tomato,800.0,1000.0,800.0,Rs./Quintal,Local
Kolar APMC,1693.1000000000001,Metric Tonnes,Tomato,330.0,2000.0,1060.0,Rs./Quintal,Local
Mulbagal APMC,324.70000000000005,Metric Tonnes,Tomato,333.0,1666.0,800.0,Rs./Quintal,Local
Mysuru APMC,7.9,Metric Tonnes,Tomato,1600.0,1800.0,1800.0,Rs./Quintal,Medium
Ramanagara APMC,11.0,Metric Tonnes,Tomato,1500.0,2500.0,2000.0,Rs./Quintal,Local
Ranebennur APMC,0.5,Metric Tonnes,Tomato,300.0,1000.0,800.0,Rs./Quintal,Medium
Total,2445.0,Metric Tonnes,,,,1046.58,Rs./Quintal,
State/UT Name : Keralam
Adimali Market,0.05,Metric Tonnes,Other,5000.0,6000.0,5500.0,Rs./Quintal,Medium
Anchal Market,0.45,Metric Tonnes,Tomato,4300.0,4300.0,4300.0,Rs./Quintal,Local
Angamaly Market,1.0,Metric Tonnes,Tomato,3700.0,4500.0,4100.0,Rs./Quintal,FAQ
Aroor Market,0.2,Metric Tonnes,Other,4000.0,4200.0,4100.0,Rs./Quintal,FAQ
Balarampuram Market,0.4,Metric Tonnes,Deshi,4000.0,5000.0,4000.0,Rs./Quintal,FAQ
Broadway market Market,0.3,Metric Tonnes,Deshi,3500.0,4000.0,3700.0,Rs./Quintal,Medium
Kallachi Market,0.1,Metric Tonnes,Tomato,2400.0,2800.0,2600.0,Rs./Quintal,FAQ
Kanjirappally Market,0.5,Metric Tonnes,Tomato,4500.0,5000.0,4800.0,Rs./Quintal,FAQ
Kayamkulam Market,1.0,Metric Tonnes,Other,2100.0,2300.0,2200.0,Rs./Quintal,FAQ
Koduvayoor Market,0.8,Metric Tonnes,Tomato,2800.0,3200.0,3000.0,Rs./Quintal,Medium
Kondotty Market,0.25,Metric Tonnes,Other,2200.0,2600.0,2400.0,Rs./Quintal,FAQ
Kottarakkara Market,0.01,Metric Tonnes,Other,3000.0,3000.0,3000.0,Rs./Quintal,Local
Kuruppanthura Market,1.0,Metric Tonnes,Other,4800.0,5000.0,5000.0,Rs./Quintal,FAQ
Manjeri Market,8.0,Metric Tonnes,Other,2550.0,2650.0,2600.0,Rs./Quintal,Local
Mukkom Market,0.6,Metric Tonnes,Tomato,2100.0,2400.0,2200.0,Rs./Quintal,FAQ
Pala Market,1.0,Metric Tonnes,Other,4500.0,5400.0,5000.0,Rs./Quintal,FAQ
Parassala Market,0.4,Metric Tonnes,Tomato,2800.0,3200.0,3000.0,Rs./Quintal,Local
Pattambi Market,1.0,Metric Tonnes,Tomato,3000.0,3200.0,3100.0,Rs./Quintal,FAQ
Pothencode Market,600.0,Metric Tonnes,Tomato,4500.0,4600.0,4500.0,Rs./Quintal,Local
Punalur Market,0.001,Metric Tonnes,Other,3000.0,3500.0,3200.0,Rs./Quintal,Medium
Taliparamba Market,0.04,Metric Tonnes,Tomato,2300.0,2500.0,2400.0,Rs./Quintal,FAQ
Thalasserry Market,0.2,Metric Tonnes,Other,1800.0,2800.0,2300.0,Rs./Quintal,FAQ
Vandiperiyar Market,0.04,Metric Tonnes,Other,3600.0,4000.0,4000.0,Rs./Quintal,Grade Range-1
Vengeri(Kozhikode) Market,135.0,Metric Tonnes,Tomato,2600.0,2900.0,2900.0,Rs./Quintal,FAQ
Wadakkanchery Market,0.25,Metric Tonnes,Tomato,3200.0,3700.0,3400.0,Rs./Quintal,FAQ
vadakarapathy Market,5.6,Metric Tonnes,Tomato,2142.0,2857.0,2400.0,Rs./Quintal,FAQ
Total,758.19,Metric Tonnes,,,,4168.68,Rs./Quintal,
State/UT Name : Madhya Pradesh
Betul(F&V) APMC,5.0,Metric Tonnes,Local,600.0,1400.0,800.0,Rs./Quintal,FAQ
Deori (F&V) APMC,1.2,Metric Tonnes,Tomato,1650.0,1650.0,1650.0,Rs./Quintal,Grade B
Dewas(F&V) APMC,2.3000000000000003,Metric Tonnes,Other,600.0,2200.0,800.0,Rs./Quintal,FAQ
Gadarwada (F&V) APMC,3.7,Metric Tonnes,Tomato,1500.0,1500.0,1500.0,Rs./Quintal,Grade B
Haatpipliya (F&V) APMC,0.25,Metric Tonnes,Tomato,1200.0,2000.0,1600.0,Rs./Quintal,Local
Indore(F&V) APMC,45.0,Metric Tonnes,Tomato,800.0,2000.0,1400.0,Rs./Quintal,Local
Kailaras APMC,0.25,Metric Tonnes,Other,1500.0,1500.0,1500.0,Rs./Quintal,FAQ
Karera(F&V) APMC,0.2,Metric Tonnes,Tomato,2000.0,2500.0,2300.0,Rs./Quintal,Local
Khurai(F&V) APMC,2.2,Metric Tonnes,Tomato,1900.0,2200.0,2100.0,Rs./Quintal,Local
Lashkar(F&V) APMC,18.8,Metric Tonnes,Local,1600.0,2000.0,1800.0,Rs./Quintal,Grade B
Manawar(F&V) APMC,0.4,Metric Tonnes,Tomato,1200.0,1350.0,1250.0,Rs./Quintal,Grade B
Morena APMC,4.0,Metric Tonnes,Tomato,2000.0,2000.0,2000.0,Rs./Quintal,Non-FAQ
Morena(F&V) APMC,4.0,Metric Tonnes,Tomato,2000.0,2000.0,2000.0,Rs./Quintal,Non-FAQ
Multai(F&V) APMC,6.07,Metric Tonnes,Deshi,700.0,1000.0,800.0,Rs./Quintal,FAQ
Paatan (F&V) APMC,0.8,Metric Tonnes,Deshi,1400.0,1400.0,1400.0,Rs./Quintal,Medium
Rewa(F&V) APMC,237.0,Metric Tonnes,Hybrid,900.0,900.0,900.0,Rs./Quintal,Non-FAQ
Sabalgarh(F&V) APMC,1.5,Metric Tonnes,Deshi,1000.0,1500.0,1500.0,Rs./Quintal,FAQ
Sagar(F&V) APMC,5.0,Metric Tonnes,Local,1500.0,1700.0,1600.0,Rs./Quintal,Local
Sanwer(F&V) APMC,0.08000000000000002,Metric Tonnes,Tomato,1500.0,2500.0,2000.0,Rs./Quintal,FAQ
Sarangpur(F&V) APMC,1.4,Metric Tonnes,Tomato,800.0,800.0,800.0,Rs./Quintal,Grade B
Sehore(F&V) APMC,2.2,Metric Tonnes,Tomato,1200.0,16000.0,1500.0,Rs./Quintal,Grade Range-1
Sendhwa(F&V) APMC,0.2,Metric Tonnes,Hybrid,1400.0,1800.0,1500.0,Rs./Quintal,Medium
Ujjain(F&V) APMC,0.9500000000000001,Metric Tonnes,Deshi,640.0,2135.0,1369.0,Rs./Quintal,Medium
Total,342.5,Metric Tonnes,,,,1075.25,Rs./Quintal,
State/UT Name : Maharashtra
APMC Akluj ,2.5,Metric Tonnes,Local,1000.0,1500.0,1300.0,Rs./Quintal,Local
APMC Bhusaval ,8.6,Metric Tonnes,Other,1000.0,1500.0,1200.0,Rs./Quintal,Local
APMC Chattrapati Sambhajinagar ,13.0,Metric Tonnes,Other,600.0,1000.0,800.0,Rs./Quintal,Local
APMC Hingna,5.2,Metric Tonnes,Local,800.0,2500.0,1638.0,Rs./Quintal,Local
APMC Khed ,15.2,Metric Tonnes,Local,400.0,1600.0,1000.0,Rs./Quintal,Local
APMC Kolhapur ,11.7,Metric Tonnes,Other,500.0,1500.0,1000.0,Rs./Quintal,Local
APMC Mangal Wedha ,5.3,Metric Tonnes,Local,500.0,1300.0,1100.0,Rs./Quintal,Local
APMC Phaltan ,10.0,Metric Tonnes,Other,500.0,1500.0,930.0,Rs./Quintal,Local
APMC Pimpalgaon Baswant ,1909.2,Metric Tonnes,Other,250.0,2105.0,1455.0,Rs./Quintal,Local
APMC Pune ,336.8,Metric Tonnes,Local,600.0,1600.0,1100.0,Rs./Quintal,Local
APMC Rahata ,8.1,Metric Tonnes,Other,300.0,1500.0,900.0,Rs./Quintal,Local
APMC Ramtek ,2.7,Metric Tonnes,Other,1000.0,1500.0,1300.0,Rs./Quintal,Local
APMC Sangamner ,240.0,Metric Tonnes,Other,500.0,1000.0,750.0,Rs./Quintal,Local
APMC Satara ,10.3,Metric Tonnes,Other,700.0,1500.0,1100.0,Rs./Quintal,Local
APMC Vadgaonpeth ,6.0,Metric Tonnes,Local,900.0,1600.0,1300.0,Rs./Quintal,Local
APMC Vita ,3.0,Metric Tonnes,Other,1500.0,2000.0,1500.0,Rs./Quintal,Local
Amrawati(Frui & Veg. Market) ,18.8,Metric Tonnes,Local,1000.0,2000.0,1500.0,Rs./Quintal,Local
Junnar(Narayangaon) ,753.5,Metric Tonnes,Local,750.0,1750.0,1501.0,Rs./Quintal,Local
Pune(Khadiki) ,1.1,Metric Tonnes,Local,700.0,1300.0,1000.0,Rs./Quintal,Local
Pune(Manjri) ,57.9,Metric Tonnes,Other,1000.0,2000.0,1500.0,Rs./Quintal,Local
Pune(Moshi) ,70.3,Metric Tonnes,Local,800.0,1000.0,900.0,Rs./Quintal,Local
Pune(Pimpri) ,1.9,Metric Tonnes,Local,1200.0,1800.0,1500.0,Rs./Quintal,Local
Total,3491.1,Metric Tonnes,,,,1360.77,Rs./Quintal,
State/UT Name : NCT of Delhi
APMC Keshopur,213.375,Metric Tonnes,Other,1400.0,2800.0,2400.0,Rs./Quintal,FAQ
"Fruit&Vegetable Market,Gazipur APMC",235.67,Metric Tonnes,Tomato,1800.0,2200.0,2000.0,Rs./Quintal,FAQ
Total,449.04,Metric Tonnes,,,,2190.07,Rs./Quintal,
State/UT Name : Odisha
Angaura APMC,2.9000000000000004,Metric Tonnes,Other,3150.0,3700.0,3400.0,Rs./Quintal,Large
Balugaon APMC,1.125,Metric Tonnes,Hybrid,4000.0,4000.0,4000.0,Rs./Quintal,Grade A
Banki APMC,0.1,Metric Tonnes,Tomato,2500.0,3500.0,3000.0,Rs./Quintal,FAQ
Bargarh(Barapalli) APMC,144.0,Metric Tonnes,Tomato,4000.0,5000.0,4500.0,Rs./Quintal,Local
Baripada APMC,2.0,Metric Tonnes,Tomato,3500.0,4000.0,3800.0,Rs./Quintal,Medium
Betnoti APMC,2.3,Metric Tonnes,Tomato,3300.0,3700.0,3500.0,Rs./Quintal,FAQ
Birmaharajpur APMC,1.9000000000000001,Metric Tonnes,Local,2600.0,2700.0,2650.0,Rs./Quintal,Local
Dhenkanal APMC,0.2,Metric Tonnes,Tomato,3300.0,3800.0,3500.0,Rs./Quintal,Grade B
Digapahandi APMC,0.55,Metric Tonnes,Other,1800.0,2000.0,1900.0,Rs./Quintal,FAQ
Hindol APMC,1.1,Metric Tonnes,Tomato,2800.0,3500.0,3000.0,Rs./Quintal,Grade B
Junagarh APMC,2.2,Metric Tonnes,Other,2500.0,3100.0,2800.0,Rs./Quintal,Grade B
Kalahandi(Dharamagarh) APMC,2.0,Metric Tonnes,Other,2500.0,2900.0,2700.0,Rs./Quintal,Grade B
Kantabaji APMC,3.0,Metric Tonnes,Other,2000.0,3000.0,2500.0,Rs./Quintal,Grade B
Kendrapara(Marshaghai) APMC,0.24,Metric Tonnes,Tomato,3500.0,3500.0,3500.0,Rs./Quintal,Grade B
Mukhiguda APMC,2.9000000000000004,Metric Tonnes,Tomato,2400.0,3400.0,2900.0,Rs./Quintal,Grade B
Nilagiri APMC,4.0,Metric Tonnes,Other,3850.0,3900.0,3900.0,Rs./Quintal,Local
Nimapara APMC,0.4,Metric Tonnes,Tomato,3500.0,3500.0,3500.0,Rs./Quintal,Grade A
Panposh APMC,1.0,Metric Tonnes,Hybrid,3200.0,3700.0,3500.0,Rs./Quintal,FAQ
Pattamundai APMC,0.24,Metric Tonnes,Tomato,4000.0,4000.0,4000.0,Rs./Quintal,Grade B
Rairakhol APMC,0.6000000000000001,Metric Tonnes,Hybrid,2500.0,3500.0,3000.0,Rs./Quintal,Grade B
Sambalpur APMC,50.0,Metric Tonnes,Other,2000.0,2300.0,2150.0,Rs./Quintal,Local
Saraskana APMC,0.03,Metric Tonnes,Tomato,3500.0,4000.0,3800.0,Rs./Quintal,Medium
Sargipali APMC,0.7000000000000001,Metric Tonnes,Local,2200.0,2800.0,2500.0,Rs./Quintal,FAQ
Total,223.49,Metric Tonnes,,,,3800.36,Rs./Quintal,
State/UT Name : Punjab
Ahmedgarh APMC,0.1,Metric Tonnes,Local,3000.0,3500.0,3500.0,Rs./Quintal,Medium
Bhagta Bhai Ka APMC,0.3,Metric Tonnes,Other,3000.0,3000.0,3000.0,Rs./Quintal,Medium
Bhawanigarh APMC,0.2,Metric Tonnes,Other,2500.0,2700.0,2600.0,Rs./Quintal,Medium
Dasuya APMC,0.3,Metric Tonnes,Tomato,4000.0,4000.0,4000.0,Rs./Quintal,FAQ
Dera Bassi APMC,0.2,Metric Tonnes,Other,2600.0,2600.0,2600.0,Rs./Quintal,Local
Dhuri APMC,0.4,Metric Tonnes,Other,2250.0,2500.0,2400.0,Rs./Quintal,Medium
Dinanagar APMC,1.85,Metric Tonnes,Tomato,2500.0,3000.0,2800.0,Rs./Quintal,Medium
Dudhansadhan APMC,0.1,Metric Tonnes,Other,3000.0,3000.0,3000.0,Rs./Quintal,Grade B
Goraya APMC,0.1,Metric Tonnes,Other,2000.0,2000.0,2000.0,Rs./Quintal,Local
Kharar APMC,4.2,Metric Tonnes,Tomato,2000.0,4000.0,3000.0,Rs./Quintal,Non-FAQ
Mukerian APMC,2.95,Metric Tonnes,Tomato,1300.0,1800.0,1500.0,Rs./Quintal,Grade B
Patti APMC,0.16,Metric Tonnes,Other,0.04,0.04,0.04,Rs./Quintal,Local
Phillaur(Apra Mandi) APMC,0.2,Metric Tonnes,Other,4000.0,4000.0,4000.0,Rs./Quintal,FAQ
Quadian APMC,0.2,Metric Tonnes,Other,2800.0,3000.0,2900.0,Rs./Quintal,Grade A
Rajpura APMC,1.0,Metric Tonnes,Local,2100.0,2250.0,2200.0,Rs./Quintal,Grade A
Rampuraphul(Nabha Mandi) APMC,1.0,Metric Tonnes,Other,2000.0,3000.0,2500.0,Rs./Quintal,Grade A
Sangrur APMC,2.5,Metric Tonnes,Tomato,1800.0,2500.0,2000.0,Rs./Quintal,Grade B
Tanda Urmur APMC,1.1,Metric Tonnes,Tomato,2500.0,3500.0,3000.0,Rs./Quintal,Grade A
Total,16.86,Metric Tonnes,,,,2463.52,Rs./Quintal,
State/UT Name : Rajasthan
Ajmer(F&V) APMC,33.5,Metric Tonnes,Other,800.0,1600.0,1200.0,Rs./Quintal,Medium
Alwar APMC,29.0,Metric Tonnes,Other,1900.0,2400.0,2150.0,Rs./Quintal,Medium
Bayana APMC,1.5,Metric Tonnes,Other,2200.0,2200.0,2200.0,Rs./Quintal,Local
Bhadara APMC,1.3,Metric Tonnes,Deshi,2000.0,2500.0,2385.0,Rs./Quintal,FAQ
Bhilwara APMC,18.3,Metric Tonnes,Other,2000.0,3000.0,2500.0,Rs./Quintal,FAQ
Chomu FV APMC,26.6,Metric Tonnes,Other,3000.0,3600.0,3300.0,Rs./Quintal,Local
Dablirathan APMC,0.1,Metric Tonnes,Deshi,3000.0,3000.0,3000.0,Rs./Quintal,Local
Goluwala APMC,0.085,Metric Tonnes,Deshi,2500.0,2500.0,2500.0,Rs./Quintal,Non-FAQ
Jalore APMC,3.0,Metric Tonnes,Tomato,1800.0,2000.0,1900.0,Rs./Quintal,Local
Kota (F&V) APMC,183.1,Metric Tonnes,Other,1800.0,1800.0,1800.0,Rs./Quintal,Medium
Rajsamand APMC,1.6,Metric Tonnes,Tomato,2400.0,2600.0,2500.0,Rs./Quintal,FAQ
Sikar APMC,41.1,Metric Tonnes,Deshi,1600.0,2000.0,1800.0,Rs./Quintal,FAQ
Sujangarh APMC,0.9,Metric Tonnes,Other,1500.0,1700.0,1600.0,Rs./Quintal,Local
Udaipur (F&V) APMC,94.80000000000001,Metric Tonnes,Other,1000.0,1800.0,1400.0,Rs./Quintal,Medium
Total,434.88,Metric Tonnes,,,,1817.52,Rs./Quintal,
State/UT Name : Tamil Nadu
AJattihalli(Uzhavar Sandhai ),3.78,Metric Tonnes,Deshi,2000.0,2400.0,2200.0,Rs./Quintal,Local
Alangudi(Uzhavar Sandhai ),0.53,Metric Tonnes,Other,2500.0,3000.0,2750.0,Rs./Quintal,Local
Ambattur(Uzhavar Sandhai ),0.05,Metric Tonnes,Deshi,3000.0,3000.0,3000.0,Rs./Quintal,Local
Ammapet(Uzhavar Sandhai ),2.05,Metric Tonnes,Local,2200.0,2500.0,2350.0,Rs./Quintal,Local
Anaiyur(Uzhavar Sandhai ),0.8,Metric Tonnes,Deshi,2400.0,2800.0,2600.0,Rs./Quintal,Local
Andipatti(Uzhavar Sandhai ),0.9,Metric Tonnes,Other,2300.0,2500.0,2400.0,Rs./Quintal,Local
Anna nagar(Uzhavar Sandhai ),1.86,Metric Tonnes,Other,2400.0,2400.0,2400.0,Rs./Quintal,Local
Arani(Uzhavar Sandhai ),1.2,Metric Tonnes,Deshi,2500.0,3000.0,2750.0,Rs./Quintal,Local
Aranthangi(Uzhavar Sandhai ),0.54,Metric Tonnes,Other,2500.0,3000.0,2750.0,Rs./Quintal,Local
Arcot(Uzhavar Sandhai ),0.77,Metric Tonnes,Deshi,2400.0,2400.0,2400.0,Rs./Quintal,Local
Ariyalur(Uzhavar Sandhai),0.13,Metric Tonnes,Deshi,3000.0,3500.0,3250.0,Rs./Quintal,Local
Aruppukottai(Uzhavar Sandhai ),0.68,Metric Tonnes,Deshi,2500.0,3000.0,2750.0,Rs./Quintal,Local
Athur(Uzhavar Sandhai ),2.28,Metric Tonnes,Local,2000.0,2800.0,2400.0,Rs./Quintal,Local
Attayampatti(Uzhavar Sandhai ),0.43,Metric Tonnes,Deshi,2000.0,2500.0,2250.0,Rs./Quintal,Local
Avallapalli(Uzhavar Sandhai ),1.31,Metric Tonnes,Deshi,2000.0,2500.0,2250.0,Rs./Quintal,Local
Bodinayakanur(Uzhavar Sandhai ),0.32,Metric Tonnes,Deshi,2500.0,2500.0,2500.0,Rs./Quintal,Local
Chengalpet(Uzhavar Sandhai ),0.72,Metric Tonnes,Deshi,3500.0,4000.0,3750.0,Rs./Quintal,Local
Chengam(Uzhavar Sandhai ),0.5,Metric Tonnes,Deshi,2000.0,2500.0,2250.0,Rs./Quintal,Local
Cheyyar(Uzhavar Sandhai ),0.3,Metric Tonnes,Local,2500.0,3000.0,2750.0,Rs./Quintal,Local
Chidambaram(Uzhavar Sandhai ),0.02,Metric Tonnes,Local,3000.0,3000.0,3000.0,Rs./Quintal,Local
Chinnalapatti(Uzhavar Sandhai ),0.67,Metric Tonnes,Deshi,2500.0,3000.0,2750.0,Rs./Quintal,Local
Chinnamanur(Uzhavar Sandhai ),1.55,Metric Tonnes,Local,2500.0,2500.0,2500.0,Rs./Quintal,Local
Chokkikulam(Uzhavar Sandhai ),2.3,Metric Tonnes,Deshi,2400.0,2800.0,2600.0,Rs./Quintal,Local
Coonoor(Uzhavar Sandhai ),1.7,Metric Tonnes,Deshi,3000.0,3400.0,3200.0,Rs./Quintal,Local
Cuddalore(Uzhavar Sandhai ),0.45,Metric Tonnes,Deshi,2500.0,2500.0,2500.0,Rs./Quintal,Local
Denkanikottai(Uzhavar Sandhai ),2.31,Metric Tonnes,Deshi,2000.0,2500.0,2250.0,Rs./Quintal,Local
Devakottai (Uzhavar Sandhai ),0.23,Metric Tonnes,Deshi,2800.0,3000.0,2900.0,Rs./Quintal,Local
Devaram(Uzhavar Sandhai ),0.32,Metric Tonnes,Deshi,2500.0,2500.0,2500.0,Rs./Quintal,Local
Dharapuram(Uzhavar Sandhai ),4.2,Metric Tonnes,Local,2000.0,2200.0,2100.0,Rs./Quintal,Local
Dharmapuri(Uzhavar Sandhai ),10.78,Metric Tonnes,Local,2200.0,2400.0,2300.0,Rs./Quintal,Local
Dindigul(Uzhavar Sandhai ),2.5,Metric Tonnes,Other,2500.0,3000.0,2750.0,Rs./Quintal,Local
Edapadi (Uzhavar Sandhai ),1.8,Metric Tonnes,Other,2400.0,2800.0,2600.0,Rs./Quintal,Local
Elampillai(Uzhavar Sandhai ),1.85,Metric Tonnes,Other,2200.0,2600.0,2400.0,Rs./Quintal,Local
Gandarvakottai(Uzhavar Sandhai ),0.6,Metric Tonnes,Deshi,2500.0,3000.0,2750.0,Rs./Quintal,Local
Gandhigramam(Uzhavar Sandhai),0.36,Metric Tonnes,Other,2800.0,3000.0,2900.0,Rs./Quintal,Local
Gingee(Uzhavar Sandhai ),0.24,Metric Tonnes,Deshi,2000.0,2000.0,2000.0,Rs./Quintal,Local
Gobichettipalayam(Uzhavar Sandhai ),0.88,Metric Tonnes,Deshi,2500.0,2800.0,2650.0,Rs./Quintal,Local
Gudalur(Uzhavar Sandhai ),0.03,Metric Tonnes,Deshi,2500.0,3000.0,2750.0,Rs./Quintal,Local
Gudiyatham(Uzhavar Sandhai ),0.4,Metric Tonnes,Local,2400.0,2400.0,2400.0,Rs./Quintal,Local
Guduvancheri(Uzhavar Sandhai ),0.26,Metric Tonnes,Other,2500.0,3000.0,2750.0,Rs./Quintal,Local
Harur(Uzhavar Sandhai ),1.5,Metric Tonnes,Deshi,2000.0,2500.0,2250.0,Rs./Quintal,Local
Hasthampatti(Uzhavar Sandhai ),2.05,Metric Tonnes,Local,2200.0,2600.0,2400.0,Rs./Quintal,Local
Hosur(Uzhavar Sandhai ),8.0,Metric Tonnes,Local,2200.0,2500.0,2350.0,Rs./Quintal,Local
Jalagandapuram(Uzhavar Sandhai ),2.9,Metric Tonnes,Other,2200.0,2600.0,2400.0,Rs./Quintal,Local
Jameenrayapettai(Uzhavar Sandhai ),0.61,Metric Tonnes,Other,2500.0,3000.0,2750.0,Rs./Quintal,Local
Jeyankondam (Uzhavar Sandhai ),0.01,Metric Tonnes,Deshi,2600.0,3000.0,2800.0,Rs./Quintal,Local
KKNagar(Uzhavar Sandhai ),3.5,Metric Tonnes,Deshi,2600.0,2600.0,2600.0,Rs./Quintal,Local
Kahithapattarai(Uzhavar Sandhai ),1.1,Metric Tonnes,Deshi,2400.0,2400.0,2400.0,Rs./Quintal,Local
Kallakurichi(Uzhavar Sandhai ),1.12,Metric Tonnes,Deshi,3000.0,3000.0,3000.0,Rs./Quintal,Local
Kambam(Uzhavar Sandhai ),5.9,Metric Tonnes,Local,2500.0,2500.0,2500.0,Rs./Quintal,Local
Kamuthi(Uzhavar Sandhai ),0.02,Metric Tonnes,Deshi,3000.0,3500.0,3250.0,Rs./Quintal,Local
Kancheepuram(Uzhavar Sandhai ),0.65,Metric Tonnes,Local,2200.0,3000.0,2600.0,Rs./Quintal,Local
Kandiyaperi(Uzhavar Sandhai ),0.03,Metric Tonnes,Other,2600.0,2800.0,2700.0,Rs./Quintal,Local
Kangayam(Uzhavar Sandhai ),1.1,Metric Tonnes,Deshi,1900.0,2200.0,2050.0,Rs./Quintal,Local
Karaikudi(Uzhavar Sandhai ),0.38,Metric Tonnes,Deshi,2800.0,3200.0,3000.0,Rs./Quintal,Local
Karambakkudi(Uzhavar Sandhai ),0.62,Metric Tonnes,Other,3000.0,3500.0,3250.0,Rs./Quintal,Local
Karimangalam(Uzhavar Sandhai),0.56,Metric Tonnes,Local,2300.0,2500.0,2400.0,Rs./Quintal,Local
Kariyapatti(Uzhavar Sandhai ),0.21,Metric Tonnes,Deshi,2500.0,3000.0,2750.0,Rs./Quintal,Local
Karur(Uzhavar Sandhai ),1.35,Metric Tonnes,Deshi,2500.0,3000.0,2750.0,Rs./Quintal,Local
Katpadi (Uzhavar Sandhai ),1.0,Metric Tonnes,Deshi,3000.0,3000.0,3000.0,Rs./Quintal,Local
Kaveripattinam(Uzhavar Sandhai ),0.28,Metric Tonnes,Local,3000.0,3000.0,3000.0,Rs./Quintal,Local
Keelpennathur(Uzhavar Sandhai ),0.02,Metric Tonnes,Deshi,2000.0,2500.0,2250.0,Rs./Quintal,Local
Kodaikkanal(Uzhavar Sandhai),0.02,Metric Tonnes,Deshi,2500.0,3000.0,2750.0,Rs./Quintal,Local
Kovilpatti(Uzhavar Sandhai ),0.36,Metric Tonnes,Local,3000.0,3500.0,3250.0,Rs./Quintal,Local
Krishnagiri(Uzhavar Sandhai ),4.16,Metric Tonnes,Deshi,1400.0,1800.0,1600.0,Rs./Quintal,Local
Kulithalai(Uzhavar Sandhai ),1.81,Metric Tonnes,Deshi,2800.0,3000.0,2900.0,Rs./Quintal,Local
Kumarapalayam(Uzhavar Sandhai ),0.11,Metric Tonnes,Other,2200.0,3000.0,2600.0,Rs./Quintal,Local
Kumbakonam (Uzhavar Sandhai ),1.31,Metric Tonnes,Deshi,2800.0,3200.0,3000.0,Rs./Quintal,Local
Kundrathur(Uzhavar Sandhai ),0.45,Metric Tonnes,Other,2500.0,3000.0,2750.0,Rs./Quintal,Local
Kurichi(Uzhavar Sandhai ),0.16,Metric Tonnes,Local,2500.0,2800.0,2650.0,Rs./Quintal,Local
Lalgudi(Uzhavar Sandhai ),0.52,Metric Tonnes,Local,2800.0,2800.0,2800.0,Rs./Quintal,Local
Manachanallur(Uzhavar Sandhai ),0.15,Metric Tonnes,Other,2200.0,2600.0,2400.0,Rs./Quintal,Local
Manapparai(Uzhavar Sandhai ),0.67,Metric Tonnes,Other,2500.0,2500.0,2500.0,Rs./Quintal,Local
Mannargudi I(Uzhavar Sandhai ),1.38,Metric Tonnes,Deshi,2600.0,2600.0,2600.0,Rs./Quintal,Local
Mannargudi II(Uzhavar Sandhai ),0.48,Metric Tonnes,Deshi,2600.0,2600.0,2600.0,Rs./Quintal,Local
Mayiladuthurai(Uzhavar Sandhai ),0.18,Metric Tonnes,Deshi,2500.0,3000.0,2750.0,Rs./Quintal,Local
Mecheri(Uzhavar Sandhai),0.3,Metric Tonnes,Deshi,2200.0,2600.0,2400.0,Rs./Quintal,Local
Medavakkam(Uzhavar Sandhai ),0.35,Metric Tonnes,Other,2000.0,2500.0,2250.0,Rs./Quintal,Local
Melapalayam(Uzhavar Sandhai ),0.85,Metric Tonnes,Other,2600.0,2800.0,2700.0,Rs./Quintal,Local
Melur(Uzhavar Sandhai ),0.49,Metric Tonnes,Deshi,2400.0,2800.0,2600.0,Rs./Quintal,Local
Mettupalayam(Uzhavar Sandhai ),3.28,Metric Tonnes,Deshi,2400.0,2800.0,2600.0,Rs./Quintal,Local
Mettur(Uzhavar Sandhai ),3.5,Metric Tonnes,Local,2000.0,2700.0,2350.0,Rs./Quintal,Local
Mohanur(Uzhavar Sandhai ),0.37,Metric Tonnes,Deshi,2500.0,3000.0,2750.0,Rs./Quintal,Local
Musiri(Uzhavar Sandhai ),1.9,Metric Tonnes,Local,2000.0,2600.0,2300.0,Rs./Quintal,Local
Muthupettai(Uzhavar Sandhai ),0.05,Metric Tonnes,Deshi,2600.0,2600.0,2600.0,Rs./Quintal,Local
Myladi(Uzhavar Sandhai ),0.04,Metric Tonnes,Deshi,3000.0,3500.0,3250.0,Rs./Quintal,Local
NGO Colony(Uzhavar Sandhai ),0.55,Metric Tonnes,Deshi,2500.0,3200.0,2850.0,Rs./Quintal,Local
Nagapattinam(Uzhavar Sandhai ),0.37,Metric Tonnes,Deshi,3000.0,3500.0,3250.0,Rs./Quintal,Local
Nanganallur(Uzhavar Sandhai ),0.13,Metric Tonnes,Deshi,3000.0,3500.0,3250.0,Rs./Quintal,Local
Naravarikuppam(Uzhavar Sandhai ),0.12,Metric Tonnes,Deshi,3000.0,3000.0,3000.0,Rs./Quintal,Local
Needamangalam(Uzhavar Sandhai ),0.06,Metric Tonnes,Deshi,2400.0,2400.0,2400.0,Rs./Quintal,Local
Padappai(Uzhavar Sandhai ),0.75,Metric Tonnes,Local,2200.0,3000.0,2600.0,Rs./Quintal,Local
Palacode(Uzhavar Sandhai ),1.16,Metric Tonnes,Local,2200.0,2500.0,2350.0,Rs./Quintal,Local
Palanganatham(Uzhavar Sandhai ),1.5,Metric Tonnes,Other,2400.0,2800.0,2600.0,Rs./Quintal,Local
Palani(Uzhavar Sandhai ),3.15,Metric Tonnes,Deshi,1000.0,2000.0,1500.0,Rs./Quintal,Local
Palayamkottai(Uzhavar Sandhai ),3.3,Metric Tonnes,Other,2800.0,3200.0,3000.0,Rs./Quintal,Local
Palladam(Uzhavar Sandhai ),1.87,Metric Tonnes,Local,2000.0,2500.0,2250.0,Rs./Quintal,Local
Pallapatti (Uzhavar Sandhai ),1.07,Metric Tonnes,Other,2500.0,3000.0,2750.0,Rs./Quintal,Local
Pallavaram(Uzhavar Sandhai ),1.06,Metric Tonnes,Deshi,2500.0,3000.0,2750.0,Rs./Quintal,Local
Pallikonda(Uzhavar Sandhai),0.09,Metric Tonnes,Deshi,2200.0,2500.0,2350.0,Rs./Quintal,Local
Panruti(Uzhavar Sandhai ),0.06,Metric Tonnes,Deshi,2500.0,2500.0,2500.0,Rs./Quintal,Local
Papanasam(Uzhavar Sandhai ),1.19,Metric Tonnes,Deshi,2600.0,2600.0,2600.0,Rs./Quintal,Local
Paramakudi(Uzhavar Sandhai ),1.65,Metric Tonnes,Deshi,3000.0,3200.0,3100.0,Rs./Quintal,Local
Paramathivelur(Uzhavar Sandhai ),0.13,Metric Tonnes,Deshi,2800.0,3200.0,3000.0,Rs./Quintal,Local
Pattukottai(Uzhavar Sandhai ),0.99,Metric Tonnes,Deshi,3000.0,3000.0,3000.0,Rs./Quintal,Local
Pennagaram(Uzhavar Sandhai ),2.4,Metric Tonnes,Deshi,2200.0,2500.0,2350.0,Rs./Quintal,Local
Perambakkam(Uzhavar Sandhai ),0.02,Metric Tonnes,Deshi,3000.0,3000.0,3000.0,Rs./Quintal,Local
Perambalur(Uzhavar Sandhai ),1.26,Metric Tonnes,Deshi,3000.0,3500.0,3250.0,Rs./Quintal,Local
Perampet(Uzhavar Sandhai),0.12,Metric Tonnes,Deshi,2000.0,2400.0,2200.0,Rs./Quintal,Local
Peravurani(Uzhavar Sandhai),0.09,Metric Tonnes,Deshi,3000.0,3000.0,3000.0,Rs./Quintal,Local
Periyakulam(Uzhavar Sandhai ),0.63,Metric Tonnes,Other,2300.0,2500.0,2400.0,Rs./Quintal,Local
Periyar Nagar(Uzhavar Sandhai ),0.34,Metric Tonnes,Deshi,2200.0,2400.0,2300.0,Rs./Quintal,Local
Perundurai(Uzhavar Sandhai ),0.46,Metric Tonnes,Deshi,2200.0,2500.0,2350.0,Rs./Quintal,Local
Pollachi(Uzhavar Sandhai ),1.55,Metric Tonnes,Deshi,2000.0,2500.0,2250.0,Rs./Quintal,Local
Polur(Uzhavar Sandhai ),0.45,Metric Tonnes,Deshi,2500.0,3000.0,2750.0,Rs./Quintal,Local
Ponnamaravathi(Uzhavar Sandhai),0.19,Metric Tonnes,Deshi,2500.0,3000.0,2750.0,Rs./Quintal,Local
Pudukottai(Uzhavar Sandhai ),1.41,Metric Tonnes,Deshi,2500.0,3000.0,2750.0,Rs./Quintal,Local
RSPuram(Uzhavar Sandhai ),3.57,Metric Tonnes,Local,2200.0,2600.0,2400.0,Rs./Quintal,Local
Rajapalayam(Uzhavar Sandhai ),1.1,Metric Tonnes,Deshi,2500.0,3000.0,2750.0,Rs./Quintal,Local
Ramanathapuram(Uzhavar Sandhai ),0.24,Metric Tonnes,Local,2500.0,3000.0,2750.0,Rs./Quintal,Local
Ranipettai(Uzhavar Sandhai ),1.2,Metric Tonnes,Other,2000.0,2300.0,2150.0,Rs./Quintal,Local
Rasipuram(Uzhavar Sandhai ),1.92,Metric Tonnes,Other,2800.0,3200.0,3000.0,Rs./Quintal,Local
Sampath Nagar(Uzhavar Sandhai ),1.92,Metric Tonnes,Other,2000.0,2400.0,2200.0,Rs./Quintal,Local
Sankarankoil(Uzhavar Sandhai ),0.81,Metric Tonnes,Deshi,2000.0,2000.0,2000.0,Rs./Quintal,Local
Sankarapuram(Uzhavar Sandhai ),0.16,Metric Tonnes,Deshi,2500.0,2500.0,2500.0,Rs./Quintal,Local
Sathiyamagalam(Uzhavar Sandhai ),0.87,Metric Tonnes,Local,2000.0,2500.0,2250.0,Rs./Quintal,Local
Sathur(Uzhavar Sandhai ),0.05,Metric Tonnes,Deshi,2000.0,2500.0,2250.0,Rs./Quintal,Local
Singampunari(Uzhavar Sandhai ),0.32,Metric Tonnes,Other,2600.0,3000.0,2800.0,Rs./Quintal,Local
Singanallur(Uzhavar Sandhai ),10.4,Metric Tonnes,Deshi,2500.0,2700.0,2600.0,Rs./Quintal,Local
Sirkali(Uzhavar Sandhai ),0.38,Metric Tonnes,Deshi,2500.0,3000.0,2750.0,Rs./Quintal,Local
Sivagangai (Uzhavar Sandhai ),1.26,Metric Tonnes,Deshi,2600.0,3000.0,2800.0,Rs./Quintal,Local
Sivakasi(Uzhavar Sandhai ),0.06,Metric Tonnes,Deshi,3500.0,4000.0,3750.0,Rs./Quintal,Local
Sooramangalam(Uzhavar Sandhai ),6.75,Metric Tonnes,Local,2200.0,2500.0,2350.0,Rs./Quintal,Local
Srivilliputhur(Uzhavar Sandhai ),0.19,Metric Tonnes,Deshi,2500.0,3000.0,2750.0,Rs./Quintal,Local
Sulur(Uzhavar Sandhai ),0.76,Metric Tonnes,Deshi,2400.0,2700.0,2550.0,Rs./Quintal,Local
Sundarapuram(Uzhavar Sandhai ),1.95,Metric Tonnes,Local,2400.0,2800.0,2600.0,Rs./Quintal,Local
Sunguvarchatram(Uzhavar Sandhai ),0.45,Metric Tonnes,Other,2500.0,3000.0,2750.0,Rs./Quintal,Local
Tamarainagar(Uzhavar Sandhai ),0.79,Metric Tonnes,Deshi,2200.0,2700.0,2450.0,Rs./Quintal,Local
Tenkasi(Uzhavar Sandhai ),0.45,Metric Tonnes,Local,1500.0,2000.0,1750.0,Rs./Quintal,Local
Thalavadi(Uzhavar Sandhai ),0.53,Metric Tonnes,Other,2000.0,2300.0,2150.0,Rs./Quintal,Local
Thalavaipuram(Uzhavar Sandhai ),0.12,Metric Tonnes,Deshi,2500.0,3000.0,2750.0,Rs./Quintal,Local
Thammampatti (Uzhavar Sandhai ),1.28,Metric Tonnes,Deshi,1500.0,2600.0,2050.0,Rs./Quintal,Local
Thathakapatti(Uzhavar Sandhai ),4.35,Metric Tonnes,Deshi,2000.0,2500.0,2250.0,Rs./Quintal,Local
Theni(Uzhavar Sandhai ),3.8,Metric Tonnes,Other,2000.0,2500.0,2250.0,Rs./Quintal,Local
Thirumangalam(Uzhavar Sandhai ),1.12,Metric Tonnes,Deshi,2500.0,2800.0,2650.0,Rs./Quintal,Local
Thirupathur APMC,5.6,Metric Tonnes,Deshi,3400.0,3400.0,3400.0,Rs./Quintal,Local
Thiruverumbur(Uzhavar Sandhai ),1.0,Metric Tonnes,Other,2500.0,2500.0,2500.0,Rs./Quintal,Local
Thuraiyur APMC,0.88,Metric Tonnes,Other,2200.0,2600.0,2400.0,Rs./Quintal,Local
Tindivanam APMC,0.98,Metric Tonnes,Deshi,2000.0,2000.0,2000.0,Rs./Quintal,Local
Tiruchengode APMC,0.04,Metric Tonnes,Other,2600.0,3000.0,2800.0,Rs./Quintal,Local
Tirukattupalli(Uzhavar Sandhai ),0.27,Metric Tonnes,Deshi,2600.0,2600.0,2600.0,Rs./Quintal,Local
Tirupatthur(Uzhavar Sandhai ),0.43,Metric Tonnes,Other,2800.0,3000.0,2900.0,Rs./Quintal,Local
Tiruppur (North) (Uzhavar Sandhai ),1.15,Metric Tonnes,Local,2200.0,2400.0,2300.0,Rs./Quintal,Local
Tiruppur (South) (Uzhavar Sandhai ),23.56,Metric Tonnes,Local,1200.0,1800.0,1500.0,Rs./Quintal,Local
Tiruthani(Uzhavar Sandhai ),0.3,Metric Tonnes,Deshi,3000.0,3000.0,3000.0,Rs./Quintal,Local
Tiruvallur(Uzhavar Sandhai ),0.23,Metric Tonnes,Deshi,3000.0,3000.0,3000.0,Rs./Quintal,Local
Tiruvannamalai(Uzhavar Sandhai ),1.1,Metric Tonnes,Deshi,2000.0,2500.0,2250.0,Rs./Quintal,Local
Tiruvarur(Uzhavar Sandhai ),0.25,Metric Tonnes,Deshi,2800.0,2800.0,2800.0,Rs./Quintal,Local
Tuticorin(Uzhavar Sandhai ),1.2,Metric Tonnes,Local,2500.0,3000.0,2750.0,Rs./Quintal,Local
Udhagamandalam(Uzhavar Sandhai ),2.38,Metric Tonnes,Deshi,2500.0,3000.0,2750.0,Rs./Quintal,Local
Udumalpet APMC,0.92,Metric Tonnes,Deshi,1500.0,2400.0,1950.0,Rs./Quintal,Local
Ulundurpettai APMC,0.42,Metric Tonnes,Deshi,2000.0,2000.0,2000.0,Rs./Quintal,Local
Usilampatti(Uzhavar Sandhai ),0.89,Metric Tonnes,Deshi,2600.0,2800.0,2700.0,Rs./Quintal,Local
Vadalur(Uzhavar Sandhai ),0.17,Metric Tonnes,Local,2500.0,2500.0,2500.0,Rs./Quintal,Local
Vadaseri APMC,0.37,Metric Tonnes,Local,3300.0,3800.0,3550.0,Rs./Quintal,Local
Vadavalli(Uzhavar Sandhai ),1.45,Metric Tonnes,Local,2200.0,2600.0,2400.0,Rs./Quintal,Local
Valangaiman APMC,0.05,Metric Tonnes,Deshi,2800.0,3200.0,3000.0,Rs./Quintal,Local
Vandavasi(Uzhavar Sandhai ),0.02,Metric Tonnes,Local,2500.0,3000.0,2750.0,Rs./Quintal,Local
Vaniyampadi(Uzhavar Sandhai ),10.1,Metric Tonnes,Deshi,3000.0,3000.0,3000.0,Rs./Quintal,Local
Vazhapadi(Uzhavar Sandhai),0.82,Metric Tonnes,Deshi,2000.0,2500.0,2250.0,Rs./Quintal,Local
Vedaranyam(Uzhavar Sandhai),0.1,Metric Tonnes,Deshi,3000.0,3500.0,3250.0,Rs./Quintal,Local
Vedasanthur(Uzhavar Sandhai ),0.01,Metric Tonnes,Deshi,1500.0,2000.0,1750.0,Rs./Quintal,Local
Velayuthampalayam(Uzhavar Sandhai ),0.28,Metric Tonnes,Other,2400.0,3000.0,2700.0,Rs./Quintal,Local
Vellore APMC,3.5,Metric Tonnes,Deshi,2500.0,2500.0,2500.0,Rs./Quintal,Local
Vengamedu(Uzhavar Sandhai ),0.1,Metric Tonnes,Deshi,2500.0,3000.0,2750.0,Rs./Quintal,Local
Villupuram(Uzhavar Sandhai ),0.52,Metric Tonnes,Deshi,3000.0,3000.0,3000.0,Rs./Quintal,Local
Virudhunagar(Uzhavar Sandhai ),0.08,Metric Tonnes,Deshi,2500.0,2600.0,2550.0,Rs./Quintal,Local
Viruthachalam(Uzhavar Sandhai ),0.16,Metric Tonnes,Deshi,2500.0,2500.0,2500.0,Rs./Quintal,Local
Total,242.65,Metric Tonnes,,,,2423.35,Rs./Quintal,
State/UT Name : Telangana
Bowenpally APMC,388.3,Metric Tonnes,Deshi,400.0,1200.0,1000.0,Rs./Quintal,FAQ
Chevella APMC,7.5,Metric Tonnes,Local,1000.0,1000.0,1000.0,Rs./Quintal,Local
"Excise Colony,RBZ ",1.35,Metric Tonnes,Other,2000.0,2000.0,2000.0,Rs./Quintal,Grade A
Gudimalkapur APMC,366.90000000000003,Metric Tonnes,Tomato,300.0,1000.0,500.0,Rs./Quintal,Grade B
Ibrahimpatnam APMC,4.0,Metric Tonnes,Local,800.0,800.0,800.0,Rs./Quintal,Local
Kalwakurthy APMC,6.0,Metric Tonnes,Tomato,500.0,500.0,500.0,Rs./Quintal,Local
"Kukatpally,RBZ",17.2,Metric Tonnes,Deshi,1500.0,1500.0,1500.0,Rs./Quintal,Local
L B Nagar APMC,70.5,Metric Tonnes,Tomato,600.0,1200.0,800.0,Rs./Quintal,Medium
Miryalguda(Rythu Bazar) ,1.4,Metric Tonnes,Deshi,2500.0,2500.0,2500.0,Rs./Quintal,Grade A
"Pavilion Ground,Khammam,RBZ",0.098,Metric Tonnes,Deshi,2600.0,2600.0,2600.0,Rs./Quintal,FAQ
RYTHU BAZAR ERRAGADDA,15.7,Metric Tonnes,Deshi,1500.0,1500.0,1500.0,Rs./Quintal,Grade A
RYTHU BAZAR FALAKNUMA,8.3,Metric Tonnes,Tomato,1500.0,1500.0,1500.0,Rs./Quintal,Local
RYTHU BAZAR MEHDIPATNAM,9.2,Metric Tonnes,Deshi,1500.0,1500.0,1500.0,Rs./Quintal,Grade A
"Saroornagar,RBZ",8.8,Metric Tonnes,Other,1500.0,1500.0,1500.0,Rs./Quintal,Medium
"Sattupalli (Ramalayam),RBZ",0.321,Metric Tonnes,Tomato,2400.0,2900.0,2600.0,Rs./Quintal,FAQ
Shadnagar APMC,3.0,Metric Tonnes,Local,1000.0,1200.0,1100.0,Rs./Quintal,Local
Siddipet(Rythu Bazar) ,11.5,Metric Tonnes,Local,1200.0,2000.0,1600.0,Rs./Quintal,Grade A
"Vanasthalipuram,RBZ ",9.1,Metric Tonnes,Other,1500.0,1500.0,1500.0,Rs./Quintal,Grade A
Vantamamidi APMC,0.4,Metric Tonnes,Tomato,500.0,500.0,500.0,Rs./Quintal,Local
Warangal APMC,16.0,Metric Tonnes,Tomato,1000.0,1200.0,1100.0,Rs./Quintal,FAQ
Total,945.57,Metric Tonnes,,,,836.63,Rs./Quintal,
State/UT Name : Tripura
Bishalgarh APMC,0.5,Metric Tonnes,Hybrid,4500.0,5300.0,5000.0,Rs./Quintal,Medium
Bishramganj,0.2,Metric Tonnes,Hybrid,4500.0,5300.0,5000.0,Rs./Quintal,Medium
Boxonagar,0.04000000000000001,Metric Tonnes,Hybrid,4000.0,4500.0,4200.0,Rs./Quintal,Medium
Gondatwisa APMC,0.1,Metric Tonnes,Hybrid,5500.0,6000.0,5800.0,Rs./Quintal,FAQ
Halahali,3.0,Metric Tonnes,Deshi,5000.0,5200.0,5100.0,Rs./Quintal,FAQ
Kalyanpur APMC,4.0,Metric Tonnes,Hybrid,4000.0,4100.0,4050.0,Rs./Quintal,FAQ
Kanchanpur,0.6000000000000001,Metric Tonnes,Hybrid,5000.0,5200.0,5100.0,Rs./Quintal,FAQ
Teliamura APMC,0.1,Metric Tonnes,Hybrid,3700.0,3900.0,3800.0,Rs./Quintal,Medium
Total,8.54,Metric Tonnes,,,,4588.76,Rs./Quintal,
State/UT Name : Uttar Pradesh
Agra APMC,4.835,Metric Tonnes,Other,1500.0,3538.16,1599.06,Rs./Quintal,FAQ
Amroha APMC,301.9,Metric Tonnes,Other,1500.0,1500.0,1500.0,Rs./Quintal,FAQ
Atarra APMC,27.4,Metric Tonnes,Other,1000.0,1000.0,1000.0,Rs./Quintal,FAQ
Barabanki APMC,211.9,Metric Tonnes,Other,1400.0,1400.0,1400.0,Rs./Quintal,FAQ
Baraut APMC,2.5,Metric Tonnes,Other,1800.0,1800.0,1800.0,Rs./Quintal,FAQ
Bareilly APMC,3.5,Metric Tonnes,Other,1700.0,1700.0,1700.0,Rs./Quintal,FAQ
Buland Shahr APMC,1.6,Metric Tonnes,Other,2000.0,2000.0,2000.0,Rs./Quintal,FAQ
Dudhi APMC,0.4,Metric Tonnes,Other,3000.0,3000.0,3000.0,Rs./Quintal,FAQ
Dudhi APMC,3.1,Metric Tonnes,Other,2500.0,2700.0,2600.0,Rs./Quintal,Medium
Etah APMC,1.0,Metric Tonnes,Other,2000.0,2000.0,2000.0,Rs./Quintal,FAQ
Fatehpur APMC,12.5,Metric Tonnes,Other,2500.0,2500.0,2500.0,Rs./Quintal,FAQ
Firozabad APMC,13.0,Metric Tonnes,Other,1000.0,1000.0,1000.0,Rs./Quintal,FAQ
Haathras APMC,1.3,Metric Tonnes,Other,2500.0,2500.0,2500.0,Rs./Quintal,FAQ
Hardoi APMC,45.6,Metric Tonnes,Other,1500.0,1500.0,1500.0,Rs./Quintal,FAQ
Jalaun APMC,18.0,Metric Tonnes,Other,1500.0,1500.0,1500.0,Rs./Quintal,FAQ
Jaunpur APMC,27.5,Metric Tonnes,Other,1800.0,2000.0,1818.18,Rs./Quintal,FAQ
Jhansi APMC,10.0,Metric Tonnes,Other,1600.0,1700.0,1675.0,Rs./Quintal,FAQ
Kanpur(Grain) APMC,270.0,Metric Tonnes,Other,2100.0,2100.0,2100.0,Rs./Quintal,FAQ
Khairagarh APMC,0.6000000000000001,Metric Tonnes,Tomato,2600.0,2700.0,2650.0,Rs./Quintal,FAQ
Khekda APMC,0.5,Metric Tonnes,Other,1800.0,1800.0,1800.0,Rs./Quintal,FAQ
Kiratpur APMC,1.3,Metric Tonnes,Other,2000.0,2000.0,2000.0,Rs./Quintal,FAQ
Lakhimpur APMC,19.05,Metric Tonnes,Other,1230.0,1290.0,1267.95,Rs./Quintal,FAQ
Mathura APMC,2.65,Metric Tonnes,Other,1800.0,2000.0,1962.26,Rs./Quintal,FAQ
Meerut APMC,10.5,Metric Tonnes,Other,2000.0,4000.0,2285.71,Rs./Quintal,FAQ
Muradabad APMC,12.275,Metric Tonnes,Other,2000.0,2000.0,2000.0,Rs./Quintal,FAQ
Orai APMC,18.0,Metric Tonnes,Other,1500.0,1500.0,1500.0,Rs./Quintal,FAQ
Paliakala APMC,1.2,Metric Tonnes,Other,3000.0,3000.0,3000.0,Rs./Quintal,FAQ
Prayagraj APMC,77.5,Metric Tonnes,Other,2000.0,2000.0,2000.0,Rs./Quintal,FAQ
Robertsganj APMC,0.017,Metric Tonnes,Other,3363.35,3363.35,3363.35,Rs./Quintal,FAQ
Safdarganj APMC,13.0,Metric Tonnes,Other,1000.0,1000.0,1000.0,Rs./Quintal,FAQ
Samsabad APMC,0.4,Metric Tonnes,Hybrid,1900.0,2100.0,2000.0,Rs./Quintal,Local
Shahaswan APMC,1.0,Metric Tonnes,Other,2100.0,2100.0,2100.0,Rs./Quintal,FAQ
Shamli APMC,2.5,Metric Tonnes,Other,2500.0,2600.0,2540.0,Rs./Quintal,FAQ
Sikanderabad APMC,41.0,Metric Tonnes,Other,1600.0,2000.0,1834.15,Rs./Quintal,FAQ
Sitapur APMC,22.0,Metric Tonnes,Other,1500.0,1500.0,1500.0,Rs./Quintal,FAQ
Varanasi APMC,75.2951,Metric Tonnes,Other,2000.0,3953.7,2020.63,Rs./Quintal,FAQ
Total,1254.82,Metric Tonnes,,,,1703.39,Rs./Quintal,
State/UT Name : Uttarakhand
Chamoli APMC,0.1,Metric Tonnes,Other,3000.0,3000.0,3000.0,Rs./Quintal,FAQ
Haldwani APMC,11.0,Metric Tonnes,Other,1500.0,2000.0,1800.0,Rs./Quintal,FAQ
Haridwar Union APMC,11.0,Metric Tonnes,Hybrid,1800.0,2500.0,2200.0,Rs./Quintal,FAQ
Jaspur(UC) APMC,1.0,Metric Tonnes,Tomato,2800.0,2800.0,2800.0,Rs./Quintal,FAQ
Kashipur APMC,2.0,Metric Tonnes,Other,1800.0,1800.0,1800.0,Rs./Quintal,Local
Kicchha APMC,2.0,Metric Tonnes,Hybrid,1700.0,1900.0,1800.0,Rs./Quintal,Non-FAQ
Ramnagar APMC,3.0,Metric Tonnes,Other,2500.0,3000.0,2750.0,Rs./Quintal,Local
Rishikesh APMC,5.1000000000000005,Metric Tonnes,Other,1650.0,2200.0,2050.0,Rs./Quintal,Medium
Roorkee APMC,1.4000000000000001,Metric Tonnes,Other,1200.0,2200.0,1600.0,Rs./Quintal,Medium
Rudrapur APMC,8.0,Metric Tonnes,Other,2000.0,2500.0,2200.0,Rs./Quintal,Medium
Vikasnagar APMC,25.8,Metric Tonnes,Local,1000.0,1600.0,1600.0,Rs./Quintal,Medium
Total,70.4,Metric Tonnes,,,,1905.18,Rs./Quintal,
State/UT Name : West Bengal
Alipurduar APMC,7.0,Metric Tonnes,Tomato,3000.0,3500.0,3200.0,Rs./Quintal,FAQ
Balarampur APMC,3.5,Metric Tonnes,Other,2600.0,3500.0,3000.0,Rs./Quintal,FAQ
Balurghat APMC,0.7,Metric Tonnes,Other,2800.0,3100.0,3000.0,Rs./Quintal,FAQ
Barasat APMC,8.0,Metric Tonnes,Other,3000.0,3000.0,3000.0,Rs./Quintal,FAQ
Baruipur(Canning) APMC,0.55,Metric Tonnes,Tomato,3000.0,3200.0,3100.0,Rs./Quintal,FAQ
Bolpur APMC,24.0,Metric Tonnes,Hybrid,4800.0,5000.0,4900.0,Rs./Quintal,FAQ
Burdwan APMC,4.7,Metric Tonnes,Tomato,2400.0,2600.0,2500.0,Rs./Quintal,FAQ
Chakdah APMC,3.5,Metric Tonnes,Other,2800.0,2900.0,2850.0,Rs./Quintal,FAQ
Champadanga APMC,2.6,Metric Tonnes,Hybrid,3000.0,3200.0,3200.0,Rs./Quintal,FAQ
Coochbehar APMC,1.2000000000000002,Metric Tonnes,Tomato,2500.0,3000.0,2800.0,Rs./Quintal,FAQ
Darjeeling APMC,0.3,Metric Tonnes,Other,3700.0,3900.0,3800.0,Rs./Quintal,FAQ
Diamond Harbour(South 24-pgs) APMC,1.2800000000000002,Metric Tonnes,Tomato,2800.0,3000.0,2900.0,Rs./Quintal,FAQ
Egra/contai APMC,15.0,Metric Tonnes,Tomato,1800.0,2000.0,1900.0,Rs./Quintal,FAQ
Falakata APMC,5.0,Metric Tonnes,Other,3000.0,3800.0,3500.0,Rs./Quintal,FAQ
Gangarampur(Dakshin Dinajpur) APMC,0.6,Metric Tonnes,Other,2800.0,3100.0,3000.0,Rs./Quintal,FAQ
Garbeta(Medinipur) APMC,0.2,Metric Tonnes,Tomato,3000.0,3400.0,3200.0,Rs./Quintal,FAQ
Ghatal APMC,2.1,Metric Tonnes,Hybrid,3500.0,3600.0,3550.0,Rs./Quintal,FAQ
Habra APMC,4.0,Metric Tonnes,Other,3000.0,3000.0,3000.0,Rs./Quintal,FAQ
Kalipur APMC,3.0,Metric Tonnes,Hybrid,3000.0,3400.0,3200.0,Rs./Quintal,FAQ
Kalna APMC,1.45,Metric Tonnes,Tomato,2000.0,2200.0,2100.0,Rs./Quintal,FAQ
Karsiyang(Matigara) APMC,0.4,Metric Tonnes,Other,3700.0,3900.0,3800.0,Rs./Quintal,FAQ
Khatra APMC,0.21000000000000002,Metric Tonnes,Tomato,2800.0,3500.0,3200.0,Rs./Quintal,FAQ
Medinipur(West) APMC,1.4,Metric Tonnes,Tomato,3100.0,3300.0,3200.0,Rs./Quintal,FAQ
Memari APMC,5.0,Metric Tonnes,Tomato,2400.0,2550.0,2500.0,Rs./Quintal,FAQ
Pandua APMC,0.57,Metric Tonnes,Hybrid,2825.0,3125.0,2975.0,Rs./Quintal,FAQ
Pundibari APMC,0.7000000000000001,Metric Tonnes,Tomato,2500.0,3000.0,2800.0,Rs./Quintal,FAQ
Purulia APMC,3.5,Metric Tonnes,Other,2600.0,3200.0,3000.0,Rs./Quintal,FAQ
Ramkrishanpur(Howrah) APMC,0.16,Metric Tonnes,Tomato,2200.0,3000.0,2600.0,Rs./Quintal,FAQ
Ranaghat APMC,3.3,Metric Tonnes,Other,2900.0,3000.0,2950.0,Rs./Quintal,FAQ
Sealdah Koley Market APMC,12.200000000000001,Metric Tonnes,Other,2800.0,3200.0,3000.0,Rs./Quintal,FAQ
Sheoraphuly APMC,21.0,Metric Tonnes,Hybrid,2825.0,3000.0,2975.0,Rs./Quintal,FAQ
Siliguri APMC,14.0,Metric Tonnes,Tomato,2800.0,3000.0,2900.0,Rs./Quintal,FAQ
Uluberia APMC,0.1,Metric Tonnes,Other,2200.0,3000.0,2500.0,Rs./Quintal,FAQ
Total,151.22,Metric Tonnes,,,,3177.53,Rs./Quintal,
Grand Total,13561.79,Metric Tonnes,,,,1601.05,Rs./Quintal,

Note:
Weighted Average Price = ∑(arrival quantity * modal price) / ∑arrival quantity
