"Commodity-wise, Market-wise Daily Report (Weighted Average) on: 07-Sep-2026"

Market Center,Arrivals,Unit of Arrivals,Variety,Minimum Price,Maximum Price,Modal Price,Unit of Price,Grade
Commodity Group Name : Cereals
Maize (MSP: Rs. 2410.00/Quintal)
State/UT Name : Andhra Pradesh
Addanki APMC,0.1,Metric Tonnes,Local,2400.0,2425.0,2410.0,Rs./Quintal,FAQ
Allagadda APMC,1.0,Metric Tonnes,Local,2050.0,2200.0,2150.0,Rs./Quintal,FAQ
Banaganapalli APMC,0.1,Metric Tonnes,Local,2000.0,2400.0,2200.0,Rs./Quintal,FAQ
Bapatla APMC,0.1,Metric Tonnes,Local,2200.0,2400.0,2300.0,Rs./Quintal,Local
Bobbili APMC,1.0,Metric Tonnes,Local,4800.0,4800.0,4800.0,Rs./Quintal,FAQ
Chipurupalli APMC,0.05,Metric Tonnes,Local,4800.0,4800.0,4800.0,Rs./Quintal,FAQ
Durgi APMC,1.0,Metric Tonnes,Hybrid/Local,2000.0,2500.0,2300.0,Rs./Quintal,FAQ
Etcherla APMC,0.1,Metric Tonnes,Deshi White,2400.0,2400.0,2400.0,Rs./Quintal,Local
Gajapathinagaram APMC,0.1,Metric Tonnes,Local,2400.0,2400.0,2400.0,Rs./Quintal,Local
Gopalapuram APMC,1.0,Metric Tonnes,Local,2410.0,2410.0,2410.0,Rs./Quintal,Local
Gorantla  APMC,0.4,Metric Tonnes,Hybrid/Local,2000.0,2400.0,2200.0,Rs./Quintal,FAQ
Hiramandalam APMC,0.1,Metric Tonnes,Medium,2200.0,2200.0,2200.0,Rs./Quintal,Local
Ipur APMC,1.0,Metric Tonnes,Local,2000.0,2250.0,2100.0,Rs./Quintal,FAQ
Jaggayyapeta APMC,0.1,Metric Tonnes,Local,2410.0,2410.0,2410.0,Rs./Quintal,Grade Range-1
Kanchekacherla APMC,0.1,Metric Tonnes,Hybrid,2400.0,2400.0,2400.0,Rs./Quintal,FAQ
Kuchinapudi APMC,1.0,Metric Tonnes,Local,2800.0,3000.0,2900.0,Rs./Quintal,Local
Kurupam APMC,0.02,Metric Tonnes,Local,2400.0,2400.0,2400.0,Rs./Quintal,Local
Mangalagiri APMC,0.1,Metric Tonnes,Fine,2480.0,2480.0,2480.0,Rs./Quintal,FAQ
Mylavaram APMC,0.1,Metric Tonnes,Hybrid,2350.0,2350.0,2350.0,Rs./Quintal,Non-FAQ
Nandigama APMC,0.1,Metric Tonnes,Hybrid,2340.0,2340.0,2340.0,Rs./Quintal,Grade Range-1
Nandikotkur APMC,0.1,Metric Tonnes,Hybrid,2200.0,2400.0,2300.0,Rs./Quintal,FAQ
Nandyal APMC,0.1,Metric Tonnes,Other,2400.0,2400.0,2400.0,Rs./Quintal,Local
Nidadavolu APMC,1.0,Metric Tonnes,Local,2410.0,2410.0,2410.0,Rs./Quintal,Local
Nuzvid APMC,10.0,Metric Tonnes,Local,2500.0,2500.0,2500.0,Rs./Quintal,FAQ
Palakonda APMC,0.1,Metric Tonnes,Medium,1800.0,1800.0,1800.0,Rs./Quintal,FAQ
Panyam APMC,0.1,Metric Tonnes,Hybrid/Local,2400.0,2400.0,2400.0,Rs./Quintal,FAQ
Parchur APMC,0.1,Metric Tonnes,Local,2400.0,2500.0,2450.0,Rs./Quintal,Local
Parvathipuram APMC,0.04,Metric Tonnes,Local,2400.0,2400.0,2400.0,Rs./Quintal,Local
Penamaluru (HQ-Kankipadu) APMC,0.1,Metric Tonnes,Hybrid/Local,2500.0,2500.0,2500.0,Rs./Quintal,Local
Penukonda APMC,0.1,Metric Tonnes,Hybrid/Local,2400.0,2500.0,2450.0,Rs./Quintal,FAQ
Polavaram APMC,1.0,Metric Tonnes,Local,2410.0,2410.0,2410.0,Rs./Quintal,Local
Ponduru APMC,0.1,Metric Tonnes,Local,2400.0,2400.0,2400.0,Rs./Quintal,FAQ
Pusapatirega APMC,1.0,Metric Tonnes,Local,4800.0,4800.0,4800.0,Rs./Quintal,FAQ
Puttaparthi  APMC,1.0,Metric Tonnes,Local,2400.0,2500.0,2450.0,Rs./Quintal,FAQ
RAYADURG APMC,0.1,Metric Tonnes,Local,2200.0,2500.0,2400.0,Rs./Quintal,Grade Range-1
Rajam APMC,1.0,Metric Tonnes,Local,4800.0,4800.0,4800.0,Rs./Quintal,FAQ
Rajanagaram APMC,1.0,Metric Tonnes,Fine,2415.0,2415.0,2415.0,Rs./Quintal,Local
Rompicherla APMC,0.1,Metric Tonnes,Hybrid/Local,2300.0,2500.0,2500.0,Rs./Quintal,FAQ
Saluru APMC,0.1,Metric Tonnes,Hybrid/Local,2600.0,2600.0,2600.0,Rs./Quintal,FAQ
Santhamaguluru APMC,0.1,Metric Tonnes,Hybrid,2400.0,2480.0,2450.0,Rs./Quintal,FAQ
Simhadhripuram APMC,0.1,Metric Tonnes,Hybrid/Local,2150.0,2450.0,2300.0,Rs./Quintal,FAQ
Tiruvuru APMC,76.0,Metric Tonnes,Hybrid,2400.0,2400.0,2400.0,Rs./Quintal,Local
Vemuru APMC,0.1,Metric Tonnes,Hybrid,2400.0,2500.0,2450.0,Rs./Quintal,Grade Range-2
Vijayanagaram APMC,1.0,Metric Tonnes,Local,2400.0,2400.0,2400.0,Rs./Quintal,Local
Total,102.01,Metric Tonnes,,,,2479.54,Rs./Quintal,
State/UT Name : Chattisgarh
Baikunthpur APMC,3.0,Metric Tonnes,Local,2400.0,2400.0,2400.0,Rs./Quintal,FAQ
Bhanupratappur APMC,9.6,Metric Tonnes,Hybrid,2200.0,2200.0,2200.0,Rs./Quintal,Non-FAQ
Korar APMC,12.0,Metric Tonnes,Hybrid,2200.0,2200.0,2200.0,Rs./Quintal,Non-FAQ
Pakhanjur APMC,190.9,Metric Tonnes,Hybrid/Local,2000.0,2300.0,2100.0,Rs./Quintal,Non-FAQ
Rajnandgaon APMC,0.1,Metric Tonnes,Deshi Red,2001.0,2001.0,2001.0,Rs./Quintal,Non-FAQ
Sambalpur APMC,4.5,Metric Tonnes,Hybrid,2200.0,2200.0,2200.0,Rs./Quintal,Non-FAQ
Total,220.1,Metric Tonnes,,,,2115.9,Rs./Quintal,
State/UT Name : Gujarat
Bhiloda APMC,0.30000000000000004,Metric Tonnes,Other,2400.0,2600.0,2500.0,Rs./Quintal,FAQ
Dahod APMC,62.7,Metric Tonnes,White (SAFED),2350.0,2550.0,2465.0,Rs./Quintal,Local
Himatnagar APMC,3.5,Metric Tonnes,Yellow,2450.0,2650.0,2500.0,Rs./Quintal,Local
Idar APMC,9.0,Metric Tonnes,Other,2500.0,2625.0,2550.0,Rs./Quintal,Local
Modasa APMC,2.8000000000000003,Metric Tonnes,Hybrid Red (Cattle Feed),2400.0,2560.0,2560.0,Rs./Quintal,Non-FAQ
Modasa(Tintoi) APMC,1.5,Metric Tonnes,Hybrid Red (Cattle Feed),2300.0,2460.0,2460.0,Rs./Quintal,Non-FAQ
Morva Hafad APMC,4.5,Metric Tonnes,Deshi White,2000.0,2400.0,2200.0,Rs./Quintal,Local
Zalod(Sanjeli) APMC,1.0,Metric Tonnes,Other,2400.0,2400.0,2400.0,Rs./Quintal,Grade Range-2
Total,85.3,Metric Tonnes,,,,2463.82,Rs./Quintal,
State/UT Name : Haryana
Naraingarh APMC,5.0,Metric Tonnes,Hybrid/Local,2500.0,2500.0,2500.0,Rs./Quintal,Local
Total,5.0,Metric Tonnes,,,,2500.0,Rs./Quintal,
State/UT Name : Karnataka
Arasikere APMC,2.0,Metric Tonnes,Local,2700.0,2700.0,2700.0,Rs./Quintal,FAQ
Ballari APMC,16.8,Metric Tonnes,Local,2351.0,2750.0,2730.0,Rs./Quintal,Non-FAQ
Challakere APMC,333.70000000000005,Metric Tonnes,Yellow,2500.0,2500.0,2500.0,Rs./Quintal,Local
Chitradurga APMC,52.400000000000006,Metric Tonnes,Local,1629.0,2769.0,2643.0,Rs./Quintal,Local
Chitradurga APMC,0.4,Metric Tonnes,Popcorn,4170.0,4270.0,4236.0,Rs./Quintal,Local
Davangere APMC,89.4,Metric Tonnes,Local,2200.0,2700.0,2477.0,Rs./Quintal,Local
Gangavathi APMC,244.20000000000002,Metric Tonnes,Local,2570.0,2725.0,2604.0,Rs./Quintal,Non-FAQ
Gokak APMC,19.400000000000002,Metric Tonnes,Local,2800.0,2800.0,2800.0,Rs./Quintal,Local
Gundlupet APMC,3.1,Metric Tonnes,Local,2500.0,2500.0,2500.0,Rs./Quintal,Local
H.B. Halli APMC,12.0,Metric Tonnes,Hybrid/Local,2400.0,2400.0,2400.0,Rs./Quintal,FAQ
Hanagal APMC,0.4,Metric Tonnes,Local,2650.0,2650.0,2650.0,Rs./Quintal,FAQ
Hanuru APMC,16.0,Metric Tonnes,Local,2300.0,2300.0,2300.0,Rs./Quintal,Non-FAQ
HarappanaHalli APMC,106.60000000000001,Metric Tonnes,Hybrid/Local,2655.0,2680.0,2655.0,Rs./Quintal,FAQ
Hirekerur APMC,22.0,Metric Tonnes,Local,2500.0,2500.0,2500.0,Rs./Quintal,Local
Holenarsipura APMC,5.0,Metric Tonnes,Local,1900.0,1900.0,1900.0,Rs./Quintal,FAQ
Honnali APMC,181.60000000000002,Metric Tonnes,Local,2500.0,2750.0,2650.0,Rs./Quintal,FAQ
Hoovinahadagali APMC,540.0,Metric Tonnes,Local,1900.0,1900.0,1900.0,Rs./Quintal,Non-FAQ
Hunsur APMC,50.0,Metric Tonnes,Other,1600.0,2000.0,2000.0,Rs./Quintal,Local
Kalaghatagi APMC,12.0,Metric Tonnes,Local,2650.0,2650.0,2650.0,Rs./Quintal,Local
Koppal APMC,264.0,Metric Tonnes,Yellow,2583.0,2610.0,2609.0,Rs./Quintal,Non-FAQ
Kottur APMC,8.200000000000001,Metric Tonnes,Hybrid/Local,2369.0,2650.0,2628.0,Rs./Quintal,Local
Kudchi APMC,12.700000000000001,Metric Tonnes,Hybrid/Local,2700.0,2800.0,2750.0,Rs./Quintal,Local
Kustagi APMC,5.0,Metric Tonnes,Hybrid/Local,2400.0,2400.0,2400.0,Rs./Quintal,FAQ
Mysuru APMC,0.5,Metric Tonnes,Local,1866.0,2160.0,2013.0,Rs./Quintal,Local
Nargunda APMC,100.0,Metric Tonnes,Local,2600.0,2600.0,2600.0,Rs./Quintal,FAQ
Ramdurga APMC,30.1,Metric Tonnes,Local,2500.0,2520.0,2510.0,Rs./Quintal,FAQ
Ranebennur APMC,363.20000000000005,Metric Tonnes,Local,2680.0,2759.0,2697.0,Rs./Quintal,FAQ
Rona APMC,12.0,Metric Tonnes,Hybrid/Local,2400.0,2400.0,2400.0,Rs./Quintal,Non-FAQ
Santhesargur APMC,206.0,Metric Tonnes,Local,1800.0,2700.0,2200.0,Rs./Quintal,Non-FAQ
Shikaripura APMC,384.8,Metric Tonnes,Local,2280.0,2590.0,2376.0,Rs./Quintal,FAQ
Shimoga APMC,65.10000000000001,Metric Tonnes,Local,2800.0,2800.0,2800.0,Rs./Quintal,Local
Sira APMC,5527.1,Metric Tonnes,Local,2684.0,2743.0,2609.0,Rs./Quintal,Local
Somvarpet APMC,6.4,Metric Tonnes,Local,2500.0,2500.0,2500.0,Rs./Quintal,Grade Range-1
Total,8692.1,Metric Tonnes,,,,2540.98,Rs./Quintal,
State/UT Name : Madhya Pradesh
Agar APMC,0.44500000000000006,Metric Tonnes,Local,2112.0,2112.0,2112.0,Rs./Quintal,FAQ
Alirajpur APMC,10.4,Metric Tonnes,Local,2080.0,2100.0,2100.0,Rs./Quintal,FAQ
Amarwda APMC,54.6,Metric Tonnes,Local,2100.0,2200.0,2100.0,Rs./Quintal,FAQ
Anjad APMC,3.505,Metric Tonnes,Local,1575.0,1575.0,1575.0,Rs./Quintal,FAQ
Badarwas APMC,1.75,Metric Tonnes,Local,1685.0,1685.0,1685.0,Rs./Quintal,Non-FAQ
Badwaha APMC,99.01400000000001,Metric Tonnes,Local,1580.0,2540.0,1845.0,Rs./Quintal,FAQ
Badwaha APMC,11.420000000000002,Metric Tonnes,Local,1550.0,1550.0,1550.0,Rs./Quintal,Non-FAQ
Badwani APMC,26.110000000000003,Metric Tonnes,Yellow,1900.0,2200.0,2200.0,Rs./Quintal,FAQ
Barghat APMC,26.5,Metric Tonnes,Local,2300.0,2340.0,2340.0,Rs./Quintal,FAQ
Betul APMC,24.525000000000002,Metric Tonnes,Local,1900.0,1900.0,1900.0,Rs./Quintal,Non-FAQ
Betul APMC,43.400000000000006,Metric Tonnes,Deshi Red,2341.0,2471.0,2430.0,Rs./Quintal,FAQ
Bhensdehi APMC,25.0,Metric Tonnes,Local,2100.0,2200.0,2200.0,Rs./Quintal,FAQ
Bhikangaon APMC,1.8800000000000001,Metric Tonnes,Deshi Red,1611.0,1611.0,1611.0,Rs./Quintal,FAQ
Bhikangaon APMC,97.772,Metric Tonnes,Local,1611.0,2473.0,2401.0,Rs./Quintal,FAQ
Bhikangaon APMC,8.65,Metric Tonnes,Local,2051.0,2151.0,2151.0,Rs./Quintal,Non-FAQ
Burhanpur APMC,0.446,Metric Tonnes,Local,1700.0,1700.0,1700.0,Rs./Quintal,Non-FAQ
Chaurai APMC,50.1,Metric Tonnes,Local,2480.0,2505.0,2505.0,Rs./Quintal,Non-FAQ
Chaurai APMC,3.2,Metric Tonnes,Yellow,2425.0,2519.0,2512.0,Rs./Quintal,FAQ
Chhindwara APMC,217.75300000000004,Metric Tonnes,Local,2340.0,2671.0,2570.0,Rs./Quintal,FAQ
Daloda APMC,2.574,Metric Tonnes,Local,1980.0,2365.0,2365.0,Rs./Quintal,FAQ
Dhamnod APMC,1206.2530000000002,Metric Tonnes,Local,1650.0,2574.0,1723.0,Rs./Quintal,FAQ
Dhar APMC,0.085,Metric Tonnes,Local,2225.0,2400.0,2400.0,Rs./Quintal,FAQ
Gadarwada (F&V) APMC,0.2,Metric Tonnes,Local,2000.0,2000.0,2000.0,Rs./Quintal,Local
Gandhwani APMC,48.647000000000006,Metric Tonnes,Local,1900.0,2400.0,2360.0,Rs./Quintal,FAQ
Guna APMC,2.8670000000000004,Metric Tonnes,Local,2055.0,2395.0,2160.0,Rs./Quintal,FAQ
Harda APMC,101.96100000000001,Metric Tonnes,Yellow,1501.0,2484.0,2483.0,Rs./Quintal,FAQ
Harsood APMC,0.44500000000000006,Metric Tonnes,Yellow,2121.0,2121.0,2121.0,Rs./Quintal,FAQ
Ichhawar APMC,0.11000000000000001,Metric Tonnes,Local,2412.0,2412.0,2412.0,Rs./Quintal,FAQ
Indore APMC,54.550000000000004,Metric Tonnes,Local,2375.0,2460.0,2460.0,Rs./Quintal,FAQ
Itarsi APMC,0.06,Metric Tonnes,Local,1950.0,1950.0,1950.0,Rs./Quintal,FAQ
Jabalpur APMC,4.684,Metric Tonnes,Local,2475.0,2595.0,2525.0,Rs./Quintal,FAQ
Jaora APMC,0.022000000000000002,Metric Tonnes,Local,2500.0,2500.0,2500.0,Rs./Quintal,FAQ
Kannod APMC,0.281,Metric Tonnes,Local,1766.0,1766.0,1766.0,Rs./Quintal,FAQ
Karhi APMC,64.83,Metric Tonnes,Local,1670.0,2345.0,1800.0,Rs./Quintal,FAQ
Kasrawad APMC,18.62,Metric Tonnes,Local,1470.0,1600.0,1600.0,Rs./Quintal,FAQ
Khandwa APMC,19.753,Metric Tonnes,Local,1700.0,2350.0,2250.0,Rs./Quintal,FAQ
Khargone APMC,992.875,Metric Tonnes,Local,1600.0,2480.0,1742.0,Rs./Quintal,FAQ
Khategaon APMC,10.120000000000001,Metric Tonnes,Local,1491.0,2292.0,2292.0,Rs./Quintal,FAQ
Khirkiya APMC,7.305,Metric Tonnes,Local,1650.0,2320.0,2320.0,Rs./Quintal,Non-FAQ
Kolaras APMC,0.065,Metric Tonnes,Local,2005.0,2005.0,2005.0,Rs./Quintal,Non-FAQ
Kukshi APMC,23.32,Metric Tonnes,Local,1725.0,2050.0,2050.0,Rs./Quintal,FAQ
Kumbhraj APMC,0.09100000000000001,Metric Tonnes,Local,2051.0,2051.0,2051.0,Rs./Quintal,FAQ
Loharda APMC,138.965,Metric Tonnes,Local,1330.0,2040.0,2025.0,Rs./Quintal,FAQ
Manasa APMC,2.0980000000000003,Metric Tonnes,Local,1300.0,2150.0,2150.0,Rs./Quintal,FAQ
Manawar APMC,114.08,Metric Tonnes,Local,1650.0,2511.0,2100.0,Rs./Quintal,FAQ
Mandsaur APMC,4.029,Metric Tonnes,Local,2000.0,2700.0,2380.0,Rs./Quintal,Non-FAQ
Mhow (Ambedkar Nagar) APMC,2.2260000000000004,Metric Tonnes,Local,2254.0,2601.0,2601.0,Rs./Quintal,FAQ
Multai APMC,11.030000000000001,Metric Tonnes,Local,2150.0,2261.0,2261.0,Rs./Quintal,FAQ
Nainpur APMC,7.5,Metric Tonnes,Hybrid Yellow (Cattle Feed),2200.0,2200.0,2200.0,Rs./Quintal,Non-FAQ
Neemuch APMC,26.905,Metric Tonnes,Local,1400.0,2500.0,2500.0,Rs./Quintal,FAQ
Palari APMC,42.0,Metric Tonnes,Local,2200.0,2500.0,2500.0,Rs./Quintal,Non-FAQ
Sagar APMC,0.333,Metric Tonnes,Local,1875.0,1875.0,1875.0,Rs./Quintal,FAQ
Sailana APMC,9.4,Metric Tonnes,Local,2000.0,2005.0,2005.0,Rs./Quintal,FAQ
Sanawad APMC,0.46799999999999997,Metric Tonnes,Local,2305.0,2465.0,2465.0,Rs./Quintal,FAQ
Sehore APMC,1.578,Metric Tonnes,Local,1550.0,2426.0,2426.0,Rs./Quintal,FAQ
Seoni APMC,3.69,Metric Tonnes,Local,2580.0,2580.0,2580.0,Rs./Quintal,FAQ
Shamgarh APMC,0.44000000000000006,Metric Tonnes,Local,2272.0,2290.0,2290.0,Rs./Quintal,Non-FAQ
Sitamau APMC,0.052000000000000005,Metric Tonnes,Deshi Red,2211.0,2211.0,2211.0,Rs./Quintal,FAQ
Sitamau APMC,0.315,Metric Tonnes,Local,2276.0,2511.0,2511.0,Rs./Quintal,FAQ
Total,3631.3,Metric Tonnes,,,,1935.8,Rs./Quintal,
State/UT Name : Maharashtra
APMC  Yawal,27.0,Metric Tonnes,Yellow,1550.0,1700.0,1600.0,Rs./Quintal,Non-FAQ
APMC Achalpur ,3.0,Metric Tonnes,Other,1550.0,1650.0,1600.0,Rs./Quintal,Non-FAQ
APMC Amalner ,10.0,Metric Tonnes,Deshi Red,2400.0,2400.0,2400.0,Rs./Quintal,FAQ
APMC Baramati ,3.4,Metric Tonnes,Deshi Red,2451.0,2751.0,2651.0,Rs./Quintal,FAQ
APMC Chopda ,20.0,Metric Tonnes,Yellow,1500.0,1991.0,1795.0,Rs./Quintal,Non-FAQ
APMC Devala ,0.3,Metric Tonnes,Yellow,2455.0,2495.0,2475.0,Rs./Quintal,FAQ
APMC Dhadgaon ,2.3,Metric Tonnes,Other,1770.0,1820.0,1800.0,Rs./Quintal,Non-FAQ
APMC Dudhani ,9.0,Metric Tonnes,Other,2645.0,2645.0,2645.0,Rs./Quintal,FAQ
APMC Gangapur ,0.2,Metric Tonnes,Yellow,2275.0,2381.0,2328.0,Rs./Quintal,Non-FAQ
APMC Indapur ,3.8,Metric Tonnes,Deshi Red,2400.0,2561.0,2500.0,Rs./Quintal,FAQ
APMC Jalana ,14.6,Metric Tonnes,Deshi Red,2450.0,2700.0,2600.0,Rs./Quintal,FAQ
APMC Karjat ,0.1,Metric Tonnes,Other,1600.0,2000.0,1800.0,Rs./Quintal,Non-FAQ
APMC Karmala ,0.1,Metric Tonnes,Other,2300.0,2300.0,2300.0,Rs./Quintal,Non-FAQ
APMC Kille Dharur ,0.2,Metric Tonnes,Deshi Red,2501.0,2800.0,2501.0,Rs./Quintal,FAQ
APMC Kopargaon ,0.3,Metric Tonnes,Other,2612.0,2612.0,2612.0,Rs./Quintal,FAQ
APMC Kurdwadi ,0.9,Metric Tonnes,Other,2500.0,2725.0,2600.0,Rs./Quintal,FAQ
APMC Lasalgaon ,0.5,Metric Tonnes,Other,2400.0,2600.0,2500.0,Rs./Quintal,FAQ
APMC Lonar ,1.2,Metric Tonnes,Yellow,2260.0,2350.0,2275.0,Rs./Quintal,Non-FAQ
APMC Malegaon ,15.6,Metric Tonnes,Yellow,1990.0,2398.0,2282.0,Rs./Quintal,Non-FAQ
APMC Malkapur ,5.0,Metric Tonnes,Yellow,2485.0,2525.0,2500.0,Rs./Quintal,FAQ
APMC Malkapur ,0.3,Metric Tonnes,Yellow,2200.0,2200.0,2200.0,Rs./Quintal,Non-FAQ
APMC Manmad ,1.4,Metric Tonnes,Other,2400.0,2600.0,2481.0,Rs./Quintal,FAQ
APMC Mohol ,5.0,Metric Tonnes,Deshi Red,2100.0,2300.0,2200.0,Rs./Quintal,Non-FAQ
APMC Morshi ,20.4,Metric Tonnes,Other,2100.0,2380.0,2240.0,Rs./Quintal,Non-FAQ
APMC Mumbai ,19.4,Metric Tonnes,Other,2800.0,3400.0,3200.0,Rs./Quintal,FAQ
APMC Nandurbar ,0.3,Metric Tonnes,Deshi Red,2230.0,2230.0,2230.0,Rs./Quintal,Non-FAQ
APMC Pachora ,1.0,Metric Tonnes,Other,2400.0,2471.0,2431.0,Rs./Quintal,FAQ
APMC Pachora ,1.0,Metric Tonnes,Other,2300.0,2399.0,2351.0,Rs./Quintal,Non-FAQ
APMC Pune ,0.3,Metric Tonnes,Deshi Red,2700.0,2900.0,2800.0,Rs./Quintal,FAQ
APMC Satana ,2.9,Metric Tonnes,Other,2500.0,2500.0,2500.0,Rs./Quintal,FAQ
APMC Satana ,8.3,Metric Tonnes,Other,1600.0,2250.0,2150.0,Rs./Quintal,Non-FAQ
APMC Shahada ,0.4,Metric Tonnes,Deshi Red,2301.0,2301.0,2301.0,Rs./Quintal,Non-FAQ
APMC Shegaon ,0.1,Metric Tonnes,Other,1750.0,1750.0,1750.0,Rs./Quintal,Non-FAQ
APMC Shirpur ,1.1,Metric Tonnes,Yellow,2100.0,2280.0,2190.0,Rs./Quintal,Non-FAQ
APMC Shirur ,0.4,Metric Tonnes,Other,2300.0,2300.0,2300.0,Rs./Quintal,Non-FAQ
APMC Sillod ,9.7,Metric Tonnes,Yellow,2460.0,2560.0,2500.0,Rs./Quintal,FAQ
APMC Yeola ,0.2,Metric Tonnes,Yellow,2200.0,2200.0,2200.0,Rs./Quintal,Non-FAQ
Buldhana(Dhad) ,27.6,Metric Tonnes,Yellow,2450.0,2600.0,2500.0,Rs./Quintal,FAQ
Lasalgaon(Niphad) ,0.1,Metric Tonnes,Deshi Red,2751.0,3000.0,2751.0,Rs./Quintal,FAQ
"Maharaja Agresen Pvt Krushi Utappan Bazar Samati, Dist Buldhana",0.9,Metric Tonnes,Other,2300.0,2450.0,2372.0,Rs./Quintal,Local
"Yashika Agro Marketing, Tal Bhusawal, Jalgaon",192.66,Metric Tonnes,Other,2350.0,2400.0,2375.0,Rs./Quintal,Local
Total,410.96,Metric Tonnes,,,,2340.93,Rs./Quintal,
State/UT Name : NCT of Delhi
APMC Najafgarh,1.0,Metric Tonnes,Other,2100.0,2100.0,2100.0,Rs./Quintal,Non-FAQ
Total,1.0,Metric Tonnes,,,,2100.0,Rs./Quintal,
State/UT Name : Odisha
Nabarangpur(Umerkote) APMC,266.95,Metric Tonnes,Hybrid/Local,2100.0,2500.0,2500.0,Rs./Quintal,Local
Nawarangpur APMC,89.5,Metric Tonnes,Hybrid/Local,2185.0,2185.0,2185.0,Rs./Quintal,Local
Total,356.45,Metric Tonnes,,,,2420.91,Rs./Quintal,
State/UT Name : Punjab
Jalandhar City APMC,34.75,Metric Tonnes,Other,2300.0,2300.0,2300.0,Rs./Quintal,FAQ
Nawanshahar APMC,42.31,Metric Tonnes,Local,2449.0,2449.0,2449.0,Rs./Quintal,FAQ
Total,77.06,Metric Tonnes,,,,2381.81,Rs./Quintal,
State/UT Name : Rajasthan
Baran APMC,0.8,Metric Tonnes,Other,2000.0,2500.0,2200.0,Rs./Quintal,Local
Bundi APMC,35.0,Metric Tonnes,Other,1825.0,2370.0,2098.0,Rs./Quintal,FAQ
Chhotisadri APMC,1.6,Metric Tonnes,Local,1601.0,1601.0,1601.0,Rs./Quintal,Local
Chomu Grain APMC,1.4,Metric Tonnes,Other,2001.0,2001.0,2001.0,Rs./Quintal,Local
Fatehnagar APMC,1.0,Metric Tonnes,Hybrid,2300.0,2350.0,2300.0,Rs./Quintal,FAQ
Galla Chhipabarod - Chhabra APMC,0.7000000000000001,Metric Tonnes,Other,2182.0,2200.0,2191.0,Rs./Quintal,Local
Kota APMC,2.5,Metric Tonnes,Local,2250.0,2250.0,2250.0,Rs./Quintal,Local
Madanganj Kishangarh APMC,1.7000000000000002,Metric Tonnes,Other,2019.0,2019.0,2019.0,Rs./Quintal,Local
Pratapgarh APMC,10.8,Metric Tonnes,Other,2061.0,2570.0,2475.0,Rs./Quintal,FAQ
Ramganjmandi APMC,0.30000000000000004,Metric Tonnes,Other,2295.0,2350.0,2350.0,Rs./Quintal,Local
Total,55.8,Metric Tonnes,,,,2166.29,Rs./Quintal,
State/UT Name : Tamil Nadu
Alangeyam APMC,0.5,Metric Tonnes,Other,2790.0,2830.0,2810.0,Rs./Quintal,Local
Andimadom APMC,15.94,Metric Tonnes,Other,2637.0,2659.0,2648.0,Rs./Quintal,Local
Ariyalur Market APMC,0.73,Metric Tonnes,Other,2350.0,2525.0,2437.5,Rs./Quintal,Local
Kallakurichi APMC,4.08,Metric Tonnes,Other,2659.0,2709.0,2684.0,Rs./Quintal,Local
Kamuthi APMC,1.25,Metric Tonnes,Other,2500.0,2800.0,2650.0,Rs./Quintal,Local
Kilpennathur APMC,34.67,Metric Tonnes,Other,2471.0,2720.0,2595.5,Rs./Quintal,Local
Manalurpet APMC,0.39,Metric Tonnes,Other,2487.0,2653.0,2570.0,Rs./Quintal,Local
Pethappampatti APMC,42.05,Metric Tonnes,Other,2500.0,2700.0,2600.0,Rs./Quintal,Local
Sangarapuram APMC,1.41,Metric Tonnes,Other,2589.0,2629.0,2609.0,Rs./Quintal,Local
Shrimushnam APMC,13.33,Metric Tonnes,Other,2647.0,2655.0,2651.0,Rs./Quintal,Local
Thirukovilur APMC,124.35,Metric Tonnes,Other,2569.0,2718.0,2643.5,Rs./Quintal,Local
Ulundurpettai APMC,33.42,Metric Tonnes,Other,2359.0,2711.0,2535.0,Rs./Quintal,Local
Vikkiravandi APMC,2.91,Metric Tonnes,Other,2365.0,2580.0,2472.5,Rs./Quintal,Local
Villupuram APMC,0.67,Metric Tonnes,Other,2499.0,2639.0,2569.0,Rs./Quintal,Local
Total,275.7,Metric Tonnes,,,,2616.42,Rs./Quintal,
State/UT Name : Telangana
Bejjenki APMC,1.1,Metric Tonnes,Local,2250.0,2250.0,2250.0,Rs./Quintal,FAQ
Bhainsa APMC,0.7,Metric Tonnes,Hybrid,2319.0,2481.0,2481.0,Rs./Quintal,FAQ
Choppadandi APMC,0.1,Metric Tonnes,Hybrid,2311.0,2311.0,2311.0,Rs./Quintal,Non-FAQ
Husnabad APMC,41.0,Metric Tonnes,Local,2400.0,2400.0,2400.0,Rs./Quintal,Local
Kesamudram APMC,4.1000000000000005,Metric Tonnes,Local,2281.0,2568.0,2568.0,Rs./Quintal,Local
Siddipet APMC,0.8,Metric Tonnes,Other,2503.0,2503.0,2503.0,Rs./Quintal,FAQ
Suryapeta APMC,0.6000000000000001,Metric Tonnes,Local,1796.0,2386.0,2386.0,Rs./Quintal,Local
Warangal APMC,6.9879999999999995,Metric Tonnes,Local,2359.0,2510.0,2450.0,Rs./Quintal,FAQ
Zaheerabad APMC,0.30000000000000004,Metric Tonnes,Local,2412.0,2412.0,2412.0,Rs./Quintal,Local
Total,55.69,Metric Tonnes,,,,2417.93,Rs./Quintal,
State/UT Name : Uttar Pradesh
Aliganj APMC,435.71,Metric Tonnes,Other,1800.0,2000.0,1852.24,Rs./Quintal,FAQ
Aligarh APMC,137.828,Metric Tonnes,Other,1900.0,2500.0,2137.56,Rs./Quintal,FAQ
Anoop Shahar APMC,28.11,Metric Tonnes,Other,2100.0,2100.0,2100.0,Rs./Quintal,FAQ
Atrauli APMC,103.87,Metric Tonnes,Other,2100.0,2100.0,2100.0,Rs./Quintal,FAQ
Babrala APMC,120.0,Metric Tonnes,Local,2080.0,2100.0,2090.0,Rs./Quintal,Local
Badayoun APMC,85.405,Metric Tonnes,Other,2190.0,2210.0,2199.94,Rs./Quintal,FAQ
Bangarmau APMC,123.515,Metric Tonnes,Other,1950.0,2250.0,2087.23,Rs./Quintal,FAQ
Bewar APMC,85.207,Metric Tonnes,Other,1900.0,2000.0,1935.33,Rs./Quintal,FAQ
Bhehjoi APMC,25.5,Metric Tonnes,Local,1600.0,2000.0,1700.0,Rs./Quintal,Local
Bhehjoi APMC,11.075,Metric Tonnes,Other,2120.0,2120.0,2120.0,Rs./Quintal,FAQ
Bilsi APMC,273.895,Metric Tonnes,Other,2000.0,2200.0,2038.95,Rs./Quintal,FAQ
Bisoli APMC,207.24,Metric Tonnes,Other,2000.0,2000.0,2000.0,Rs./Quintal,FAQ
Buland Shahr APMC,92.71,Metric Tonnes,Other,2000.0,2400.0,2116.33,Rs./Quintal,FAQ
Chandausi APMC,125.3,Metric Tonnes,Other,2225.0,2225.0,2225.0,Rs./Quintal,FAQ
Chhibramau APMC,436.131,Metric Tonnes,Other,2250.0,2515.0,2303.59,Rs./Quintal,FAQ
Choubepur APMC,151.54,Metric Tonnes,Other,2000.0,2000.0,2000.0,Rs./Quintal,FAQ
Dataganj APMC,98.245,Metric Tonnes,Other,2250.0,2300.0,2270.72,Rs./Quintal,FAQ
Dibiapur APMC,38.7,Metric Tonnes,Other,2200.0,2200.0,2200.0,Rs./Quintal,FAQ
Divai APMC,483.17,Metric Tonnes,Other,2000.0,2450.0,2061.67,Rs./Quintal,FAQ
Dudhi APMC,0.4,Metric Tonnes,Other,700.0,700.0,700.0,Rs./Quintal,FAQ
Etah APMC,71.07,Metric Tonnes,Other,2000.0,2000.0,2000.0,Rs./Quintal,FAQ
Farukhabad APMC,67.085,Metric Tonnes,Other,2300.0,2300.0,2300.0,Rs./Quintal,FAQ
Ganj Dundwara APMC,197.48,Metric Tonnes,Other,1800.0,2500.0,2252.56,Rs./Quintal,FAQ
Gulavati APMC,30.834,Metric Tonnes,Other,2150.0,2339.0,2269.9,Rs./Quintal,FAQ
Haathras APMC,112.962,Metric Tonnes,Other,2001.0,2425.0,2268.86,Rs./Quintal,FAQ
Hardoi APMC,78.565,Metric Tonnes,Other,1800.0,2200.0,2029.78,Rs./Quintal,FAQ
Islam Nagar APMC,22.67,Metric Tonnes,Other,1950.0,1950.0,1950.0,Rs./Quintal,FAQ
Jafarganj APMC,30.96,Metric Tonnes,Other,2650.0,2650.0,2650.0,Rs./Quintal,FAQ
Jahangirabad APMC,6.38,Metric Tonnes,Other,2200.0,2200.0,2200.0,Rs./Quintal,FAQ
Jalalabad APMC,155.585,Metric Tonnes,Other,1800.0,2450.0,2095.12,Rs./Quintal,FAQ
Jasvantnagar APMC,0.14,Metric Tonnes,Other,2250.0,2250.0,2250.0,Rs./Quintal,FAQ
Kamlaganj APMC,327.27,Metric Tonnes,Other,2300.0,2480.0,2361.12,Rs./Quintal,FAQ
Kannauj APMC,698.05,Metric Tonnes,Other,2000.0,2400.0,2204.27,Rs./Quintal,FAQ
Kasganj APMC,194.905,Metric Tonnes,Other,1860.0,2201.0,1984.02,Rs./Quintal,FAQ
Kayamganj APMC,547.08,Metric Tonnes,Other,2100.0,2250.0,2137.9,Rs./Quintal,FAQ
Khair APMC,142.45,Metric Tonnes,Other,2200.0,2300.0,2222.43,Rs./Quintal,FAQ
Khurja APMC,31.0,Metric Tonnes,Other,2000.0,2000.0,2000.0,Rs./Quintal,FAQ
Madhoganj APMC,142.225,Metric Tonnes,Other,2200.0,2450.0,2360.13,Rs./Quintal,FAQ
Mohamadabad APMC,368.725,Metric Tonnes,Other,2250.0,2350.0,2263.89,Rs./Quintal,FAQ
Mohammdi APMC,85.03,Metric Tonnes,Other,2000.0,2000.0,2000.0,Rs./Quintal,FAQ
Powayan APMC,174.903,Metric Tonnes,Other,1950.0,2200.0,2116.01,Rs./Quintal,FAQ
Risia APMC,44.6,Metric Tonnes,Other,1770.0,2550.0,2371.61,Rs./Quintal,FAQ
Sambhal APMC,55.69,Metric Tonnes,Other,2100.0,2445.0,2361.74,Rs./Quintal,FAQ
Sandi APMC,87.63,Metric Tonnes,Other,1850.0,1850.0,1850.0,Rs./Quintal,FAQ
Sandila APMC,31.99,Metric Tonnes,Other,2200.0,2200.0,2200.0,Rs./Quintal,FAQ
Sehjanwa APMC,0.56,Metric Tonnes,Other,2000.0,2000.0,2000.0,Rs./Quintal,FAQ
Shahaswan APMC,37.1,Metric Tonnes,Other,1900.0,1900.0,1900.0,Rs./Quintal,FAQ
Shamli APMC,3.0,Metric Tonnes,Other,6150.0,6150.0,6150.0,Rs./Quintal,FAQ
Shikohabad APMC,214.0,Metric Tonnes,Other,2140.0,2350.0,2214.15,Rs./Quintal,FAQ
Sirsaganj APMC,317.575,Metric Tonnes,Other,2100.0,2425.0,2338.1,Rs./Quintal,FAQ
Siyana APMC,108.225,Metric Tonnes,Other,2050.0,2200.0,2115.33,Rs./Quintal,FAQ
Ujhani APMC,279.435,Metric Tonnes,Other,2100.0,2500.0,2300.03,Rs./Quintal,FAQ
Uttaripura APMC,168.04,Metric Tonnes,Other,1900.0,2000.0,1936.84,Rs./Quintal,FAQ
Wazirganj APMC,50.42,Metric Tonnes,Other,2000.0,2002.0,2000.52,Rs./Quintal,FAQ
Total,7947.19,Metric Tonnes,,,,2150.7,Rs./Quintal,
State/UT Name : Uttarakhand
Kotadwara APMC,0.1,Metric Tonnes,Other,1400.0,1400.0,1400.0,Rs./Quintal,FAQ
Total,0.1,Metric Tonnes,,,,1400.0,Rs./Quintal,
State/UT Name : West Bengal
Jangipur APMC,13.25,Metric Tonnes,Other,2500.0,2600.0,2550.0,Rs./Quintal,FAQ
Total,13.25,Metric Tonnes,,,,2550.0,Rs./Quintal,
Grand Total,21929.01,Metric Tonnes,,,,2287.87,Rs./Quintal,
Paddy(Common) (MSP: Rs. 2441.00/Quintal)
State/UT Name : Andhra Pradesh
Achanta APMC,0.1,Metric Tonnes,1121,2359.0,2375.0,2369.0,Rs./Quintal,Local
Addanki APMC,0.1,Metric Tonnes,Paddy,2400.0,2430.0,2420.0,Rs./Quintal,FAQ
Akiveedu APMC,0.1,Metric Tonnes,Paddy,2300.0,2500.0,2369.0,Rs./Quintal,Local
Alamuru APMC,0.1,Metric Tonnes,Paddy,2369.0,2389.0,2369.0,Rs./Quintal,FAQ
Amadalavalasa APMC,0.1,Metric Tonnes,Paddy,2369.0,2369.0,2369.0,Rs./Quintal,FAQ
Amalapuram APMC,0.1,Metric Tonnes,1001,2360.0,2468.0,2360.0,Rs./Quintal,FAQ
Anaparthy APMC,0.1,Metric Tonnes,Paddy,2369.0,2540.0,2369.0,Rs./Quintal,FAQ
Atmakur (Nandyal District) APMC,0.1,Metric Tonnes,Sona,2600.0,2600.0,2600.0,Rs./Quintal,FAQ
Atmakur (SPSR Nellore District) APMC,166.0,Metric Tonnes,Nellore Sanna,2300.0,2400.0,2369.0,Rs./Quintal,FAQ
Attili APMC,0.1,Metric Tonnes,Paddy,2369.0,2389.0,2369.0,Rs./Quintal,Local
B.N.Kandriga APMC,0.1,Metric Tonnes,Paddy,2000.0,2000.0,2000.0,Rs./Quintal,Local
Badvel APMC,0.1,Metric Tonnes,Masuri,2380.0,2440.0,2400.0,Rs./Quintal,Local
Banaganapalli APMC,0.1,Metric Tonnes,Sona Mahsuri,2200.0,2400.0,2300.0,Rs./Quintal,FAQ
Bapatla APMC,0.1,Metric Tonnes,B P T,3400.0,3600.0,3500.0,Rs./Quintal,Local
Bhimadole APMC,1.0,Metric Tonnes,1001,2380.0,2380.0,2380.0,Rs./Quintal,FAQ
Bhimavaram APMC,0.1,Metric Tonnes,1001,2360.0,2360.0,2360.0,Rs./Quintal,Grade Range-1
Chirala APMC,1.0,Metric Tonnes,B P T,2400.0,2500.0,2450.0,Rs./Quintal,Local
Chodavaram APMC,0.1,Metric Tonnes,Paddy,2200.0,2400.0,2300.0,Rs./Quintal,Local
Darsi APMC,0.1,Metric Tonnes,B P T,2500.0,2600.0,2600.0,Rs./Quintal,Local
Dharmavaram APMC,0.1,Metric Tonnes,B P T,2000.0,2200.0,2100.0,Rs./Quintal,FAQ
Divi (HQ-Avanigadda) APMC,1.0,Metric Tonnes,B P T,3100.0,3500.0,3200.0,Rs./Quintal,FAQ
Durgi APMC,1.0,Metric Tonnes,Paddy,1900.0,2400.0,2200.0,Rs./Quintal,FAQ
Etcherla APMC,0.1,Metric Tonnes,1121,2369.0,2369.0,2369.0,Rs./Quintal,FAQ
Gannavaram APMC,0.1,Metric Tonnes,1001,2400.0,2400.0,2400.0,Rs./Quintal,Local
Ghantsala (HQ-Kodali) APMC,1.0,Metric Tonnes,1001,2200.0,2400.0,2300.0,Rs./Quintal,Local
Gudur APMC,0.1,Metric Tonnes,MTU-1010,2389.0,2460.0,2430.0,Rs./Quintal,Local
Hiramandalam APMC,0.1,Metric Tonnes,Masuri,2400.0,2400.0,2400.0,Rs./Quintal,Local
Ichapuram APMC,0.1,Metric Tonnes,Sannalu,2369.0,2369.0,2369.0,Rs./Quintal,Local
Ipur APMC,1.0,Metric Tonnes,Paddy,2500.0,2700.0,2650.0,Rs./Quintal,FAQ
Jaggampet APMC,0.1,Metric Tonnes,Common,2369.0,2380.0,2369.0,Rs./Quintal,FAQ
Jalumuru APMC,0.1,Metric Tonnes,1121,2369.0,2369.0,2369.0,Rs./Quintal,FAQ
Kaikaluru APMC,1.0,Metric Tonnes,MTU-1001,2440.0,2440.0,2440.0,Rs./Quintal,Local
Kakinada (Urban) APMC,0.075,Metric Tonnes,Common,2369.0,2390.0,2375.0,Rs./Quintal,FAQ
Kalidindi APMC,1.0,Metric Tonnes,MTU-1001,2440.0,2440.0,2440.0,Rs./Quintal,Local
Kamalapuram APMC,0.1,Metric Tonnes,B P T,2550.0,2550.0,2550.0,Rs./Quintal,Local
Kanchili APMC,0.1,Metric Tonnes,1001,2400.0,2400.0,2400.0,Rs./Quintal,FAQ
Kandukur APMC,0.1,Metric Tonnes,Other,2380.0,2450.0,2400.0,Rs./Quintal,Local
Karapa APMC,1.0,Metric Tonnes,1001,2363.0,2369.0,2366.0,Rs./Quintal,FAQ
Kavali APMC,0.1,Metric Tonnes,Other,2380.0,2450.0,2410.0,Rs./Quintal,Local
Kothabommali APMC,0.1,Metric Tonnes,Paddy,3500.0,3500.0,3500.0,Rs./Quintal,Local
Kothavalasa APMC,1.0,Metric Tonnes,1001,2369.0,2369.0,2369.0,Rs./Quintal,Local
Kovur APMC,20.5,Metric Tonnes,Paddy,2300.0,2441.0,2369.0,Rs./Quintal,Local
Kovvur APMC,1.0,Metric Tonnes,MTU-1010,2441.0,2441.0,2441.0,Rs./Quintal,Grade Range-2
Krosuru APMC,0.1,Metric Tonnes,B P T,2200.0,2600.0,2400.0,Rs./Quintal,FAQ
Kuchinapudi APMC,1.0,Metric Tonnes,B P T,3300.0,3500.0,3400.0,Rs./Quintal,Local
Macharla APMC,0.1,Metric Tonnes,B P T,3100.0,3100.0,3100.0,Rs./Quintal,Grade Range-1
Machilipatnam APMC,0.075,Metric Tonnes,B P T,2713.332655,2883.999279,2819.999295,Rs./Quintal,Local
Maddipadu APMC,0.1,Metric Tonnes,B P T,2800.0,2800.0,2800.0,Rs./Quintal,FAQ
Madugula APMC,0.1,Metric Tonnes,Paddy,2200.0,2400.0,2300.0,Rs./Quintal,Local
Malleswaram (HQ-Bantumili) APMC,0.1,Metric Tonnes,NO. 2716,2650.0,2725.0,2700.0,Rs./Quintal,Grade Range-1
Mandapeta APMC,1.0,Metric Tonnes,1001,2369.0,2400.0,2389.0,Rs./Quintal,FAQ
Mangalagiri APMC,0.1,Metric Tonnes,B P T,2550.0,2550.0,2550.0,Rs./Quintal,FAQ
Mydukur APMC,1.0,Metric Tonnes,Masuri,2800.0,3200.0,3000.0,Rs./Quintal,Local
Mylavaram APMC,0.1,Metric Tonnes,1001,2369.0,2369.0,2369.0,Rs./Quintal,FAQ
Nagalapuram APMC,1.0,Metric Tonnes,Paddy,2312.5,2337.5,2325.0,Rs./Quintal,Local
Nagalapuram APMC,0.08,Metric Tonnes,Paddy Coarse,2312.5,2337.5,2325.0,Rs./Quintal,Local
Nagalapuram APMC,0.08,Metric Tonnes,1001,2312.5,2337.5,2325.0,Rs./Quintal,Local
Nagari APMC,0.1,Metric Tonnes,Paddy,1700.0,1800.0,1750.0,Rs./Quintal,Grade Range-2
Naidupet APMC,1.0,Metric Tonnes,MTU-1010,2350.0,2450.0,2400.0,Rs./Quintal,Local
Nandigama APMC,0.1,Metric Tonnes,B P T,2350.0,2350.0,2350.0,Rs./Quintal,Grade Range-1
Nandyal APMC,0.1,Metric Tonnes,Paddy,2400.0,2400.0,2400.0,Rs./Quintal,Local
Narasannapet APMC,0.1,Metric Tonnes,Paddy,2369.0,2369.0,2369.0,Rs./Quintal,FAQ
Narasaraopet APMC,0.1,Metric Tonnes,Paddy,3000.0,3000.0,3000.0,Rs./Quintal,FAQ
Narsapuram APMC,1.0,Metric Tonnes,MTU-1001,2445.0,2445.0,2445.0,Rs./Quintal,Local
Nellore APMC,0.1,Metric Tonnes,B P T,2445.0,2470.0,2460.0,Rs./Quintal,FAQ
Nidadavolu APMC,1.0,Metric Tonnes,Common,2445.0,2445.0,2445.0,Rs./Quintal,Local
Palakole APMC,0.1,Metric Tonnes,Paddy,2375.0,2375.0,2375.0,Rs./Quintal,Local
Palakonda APMC,0.1,Metric Tonnes,1001,2150.0,2150.0,2150.0,Rs./Quintal,FAQ
Palasa APMC,0.1,Metric Tonnes,Common,2369.0,2369.0,2369.0,Rs./Quintal,FAQ
Pamarru APMC,1.0,Metric Tonnes,B P T,2441.0,2481.0,2471.0,Rs./Quintal,Local
Parchur APMC,0.1,Metric Tonnes,B P T,2700.0,2900.0,2800.0,Rs./Quintal,Local
Pathapatnam APMC,0.1,Metric Tonnes,Paddy,2369.0,2500.0,2369.0,Rs./Quintal,FAQ
Payakaraopeta APMC,0.1,Metric Tonnes,1001,2349.0,2369.0,2359.0,Rs./Quintal,Local
Pedana APMC,0.1,Metric Tonnes,NO. 2716,2369.0,2600.0,2500.0,Rs./Quintal,Local
Peddapuram APMC,1.0,Metric Tonnes,1001,2369.0,2390.0,2369.0,Rs./Quintal,FAQ
Penamaluru (HQ-Kankipadu) APMC,0.1,Metric Tonnes,MTU-1001,2441.0,2441.0,2441.0,Rs./Quintal,Local
Pendurthi APMC,0.1,Metric Tonnes,Paddy,2300.0,2300.0,2300.0,Rs./Quintal,Local
Penugonda APMC,0.1,Metric Tonnes,1001,2369.0,2380.0,2370.0,Rs./Quintal,Local
Pidugurala APMC,0.1,Metric Tonnes,Paddy,2380.0,2380.0,2380.0,Rs./Quintal,FAQ
Pithapuram APMC,0.1,Metric Tonnes,1001,2369.0,2389.0,2379.0,Rs./Quintal,FAQ
Polavaram APMC,1.0,Metric Tonnes,1001,2445.0,2445.0,2445.0,Rs./Quintal,Local
Prathipadu APMC,0.1,Metric Tonnes,1001,2200.0,2425.0,2300.0,Rs./Quintal,Grade Range-1
Prattipadu APMC,0.1,Metric Tonnes,1001,2369.0,2380.0,2379.0,Rs./Quintal,FAQ
Proddatur APMC,0.1,Metric Tonnes,Paddy,2300.0,2300.0,2300.0,Rs./Quintal,Local
RAYADURG APMC,0.1,Metric Tonnes,I.R. 64,3200.0,3800.0,3500.0,Rs./Quintal,Grade Range-1
Rajahmundry APMC,1.0,Metric Tonnes,Paddy,2369.0,2369.0,2369.0,Rs./Quintal,Local
Rajupalem APMC,0.1,Metric Tonnes,Common,2000.0,2000.0,2000.0,Rs./Quintal,Non-FAQ
Ramachandrapuram APMC,0.1,Metric Tonnes,Paddy,2369.0,2379.0,2369.0,Rs./Quintal,FAQ
Rampachodvaram APMC,0.1,Metric Tonnes,1001,2369.0,2389.0,2379.0,Rs./Quintal,Grade Range-2
Rapur APMC,40.2,Metric Tonnes,Common,2430.0,2530.0,2460.0,Rs./Quintal,Local
Repalli APMC,1.0,Metric Tonnes,B P T,3200.0,3600.0,3400.0,Rs./Quintal,Local
Rompicherla APMC,7.5,Metric Tonnes,B P T,1950.0,1950.0,1950.0,Rs./Quintal,Local
Rompicherla APMC,0.1,Metric Tonnes,Paddy,2300.0,2500.0,2500.0,Rs./Quintal,FAQ
Samalkot APMC,0.1,Metric Tonnes,Paddy,2365.0,2380.0,2369.0,Rs./Quintal,FAQ
Sampara (Kakinada Rural) APMC,0.1,Metric Tonnes,1001,2369.0,2389.0,2379.0,Rs./Quintal,FAQ
Santhamaguluru APMC,0.1,Metric Tonnes,B P T,2500.0,2580.0,2550.0,Rs./Quintal,FAQ
Sattenapalli APMC,0.1,Metric Tonnes,B P T,2350.0,2500.0,2400.0,Rs./Quintal,FAQ
Srikakulam APMC,0.1,Metric Tonnes,1001,2400.0,2400.0,2400.0,Rs./Quintal,FAQ
Srikalahasti APMC,0.1,Metric Tonnes,Paddy Medium,2300.0,2600.0,2450.0,Rs./Quintal,Local
Sullurpet APMC,0.1,Metric Tonnes,MTU-1010,2420.0,2460.0,2440.0,Rs./Quintal,Local
Tadepalligudem APMC,1.0,Metric Tonnes,1001,2450.0,2450.0,2450.0,Rs./Quintal,FAQ
Tanuku APMC,0.1,Metric Tonnes,1001,2445.0,2445.0,2445.0,Rs./Quintal,Local
Tiruvuru APMC,110.0,Metric Tonnes,Sona,2800.0,2800.0,2800.0,Rs./Quintal,Local
Udayagiri APMC,1.0,Metric Tonnes,Paddy,2444.0,2464.0,2454.0,Rs./Quintal,Local
Undi APMC,1.0,Metric Tonnes,MTU-1001,2369.0,2369.0,2369.0,Rs./Quintal,Local
Ungatur APMC,1.0,Metric Tonnes,1001,2445.0,2445.0,2445.0,Rs./Quintal,Local
Vakadu APMC,0.1,Metric Tonnes,B P T,2389.0,2410.0,2400.0,Rs./Quintal,Local
Venkatagiri APMC,0.075,Metric Tonnes,MTU-1010,2350.0,2450.0,2400.0,Rs./Quintal,FAQ
Vijayawada APMC,0.1,Metric Tonnes,1001,2369.0,2369.0,2369.0,Rs./Quintal,Local
Vinukonda APMC,1.0,Metric Tonnes,Paddy,2300.0,2500.0,2400.0,Rs./Quintal,FAQ
Yellamanchili APMC,0.1,Metric Tonnes,1001,2390.0,2450.0,2400.0,Rs./Quintal,Local
Total,379.88,Metric Tonnes,,,,2508.57,Rs./Quintal,
State/UT Name : Chattisgarh
Abhanpur APMC,1.5,Metric Tonnes,D.B.,2310.0,2310.0,2310.0,Rs./Quintal,Non-FAQ
Amandula APMC,40.0,Metric Tonnes,Mahamaya,1600.0,1600.0,1600.0,Rs./Quintal,FAQ
Amoda APMC,8.5,Metric Tonnes,MTU-1010,1800.0,1800.0,1800.0,Rs./Quintal,Non-FAQ
Arang APMC,9.5,Metric Tonnes,MTU-1010,1800.0,1800.0,1800.0,Rs./Quintal,FAQ
Bagbahra APMC,100.0,Metric Tonnes,MTU-1001,1720.0,1750.0,1730.0,Rs./Quintal,Non-FAQ
Balod APMC,5.0,Metric Tonnes,I.R. 64,2000.0,2050.0,2030.0,Rs./Quintal,Non-FAQ
Balodabazar APMC,30.0,Metric Tonnes,Mahamaya,1900.0,2000.0,1900.0,Rs./Quintal,Non-FAQ
Baramkela APMC,7.5,Metric Tonnes,Mahamaya,1900.0,1900.0,1900.0,Rs./Quintal,Non-FAQ
Bardewri APMC,3.5,Metric Tonnes,MTU-1010,1800.0,1800.0,1800.0,Rs./Quintal,Non-FAQ
Basana APMC,16.0,Metric Tonnes,1001,1960.0,2000.0,1980.0,Rs./Quintal,Non-FAQ
Bededonger APMC,28.0,Metric Tonnes,Khadwan,1800.0,1800.0,1800.0,Rs./Quintal,Non-FAQ
Bhakhara APMC,41.9,Metric Tonnes,1001,2021.0,2080.0,2021.0,Rs./Quintal,FAQ
Bhakhara APMC,138.7,Metric Tonnes,Om 3,3200.0,3250.0,3230.0,Rs./Quintal,FAQ
Bhatapara APMC,166.0,Metric Tonnes,Paddy Coarse,2182.0,2387.0,2244.0,Rs./Quintal,Non-FAQ
Bhatapara APMC,1.3,Metric Tonnes,HMT,2900.0,2900.0,2900.0,Rs./Quintal,FAQ
Bhatapara APMC,1238.8,Metric Tonnes,Mahamaya,2484.0,2681.0,2556.0,Rs./Quintal,FAQ
Bhatapara APMC,10.6,Metric Tonnes,Shriram,3286.0,3835.0,3426.0,Rs./Quintal,FAQ
Bilha APMC,5.8,Metric Tonnes,Mahamaya,2175.0,2175.0,2175.0,Rs./Quintal,FAQ
Chhuria APMC,203.0,Metric Tonnes,MTU-1010,2200.0,2200.0,2200.0,Rs./Quintal,Non-FAQ
Dhamtari APMC,542.1,Metric Tonnes,I.R. 64,2200.0,2280.0,2230.0,Rs./Quintal,FAQ
Dhamtari APMC,51.6,Metric Tonnes,B P T,2910.0,3000.0,2950.0,Rs./Quintal,FAQ
Dondi APMC,1.0,Metric Tonnes,I.R.-64,1900.0,1930.0,1910.0,Rs./Quintal,Non-FAQ
Dondilohara APMC,1.0,Metric Tonnes,I.R. 64,1900.0,1920.0,1910.0,Rs./Quintal,Non-FAQ
Dongargaon APMC,205.2,Metric Tonnes,MTU-1001,2200.0,2200.0,2200.0,Rs./Quintal,Non-FAQ
Dongargarh APMC,15.4,Metric Tonnes,D.B.,2000.0,2000.0,2000.0,Rs./Quintal,Non-FAQ
Doranpal APMC,0.3,Metric Tonnes,Paddy Coarse,1800.0,1800.0,1800.0,Rs./Quintal,Non-FAQ
Dudhawa APMC,8.0,Metric Tonnes,MTU-1010,1800.0,1800.0,1800.0,Rs./Quintal,Non-FAQ
Durg APMC,44.4,Metric Tonnes,Sugandha,2028.0,2100.0,2064.0,Rs./Quintal,Non-FAQ
Gidam APMC,1.0,Metric Tonnes,1001,1900.0,2100.0,2000.0,Rs./Quintal,Non-FAQ
Gurur APMC,79.6,Metric Tonnes,Om 3,3250.0,3250.0,3250.0,Rs./Quintal,Non-FAQ
KRISHI UPAJ MANDI SAMITI (APMC) KANKER,65.0,Metric Tonnes,MTU-1010,2000.0,2000.0,2000.0,Rs./Quintal,Non-FAQ
Kasdol APMC,3.5,Metric Tonnes,D.B.,1800.0,1800.0,1800.0,Rs./Quintal,Non-FAQ
Katghora APMC,2.0,Metric Tonnes,MTU-1010,1702.0,1702.0,1702.0,Rs./Quintal,Non-FAQ
Kedar APMC,30.0,Metric Tonnes,MTU-1010,1900.0,1900.0,1900.0,Rs./Quintal,Non-FAQ
Kharora APMC,2.0,Metric Tonnes,Mahamaya,1860.0,1860.0,1860.0,Rs./Quintal,Non-FAQ
Komakhan APMC,97.0,Metric Tonnes,MTU-1001,1775.0,2050.0,1900.0,Rs./Quintal,Non-FAQ
Kondagoan APMC,17.0,Metric Tonnes,Khadwan,1800.0,1800.0,1800.0,Rs./Quintal,Non-FAQ
Konta APMC,0.2,Metric Tonnes,Paddy Coarse,1800.0,1900.0,1850.0,Rs./Quintal,Non-FAQ
Kukanar APMC,0.2,Metric Tonnes,Paddy Coarse,1700.0,1900.0,1800.0,Rs./Quintal,Non-FAQ
Kurud APMC,711.9,Metric Tonnes,I.R. 64,2160.0,2410.0,2290.0,Rs./Quintal,FAQ
Kurud APMC,11.0,Metric Tonnes,Samba Masuri,3000.0,3300.0,3260.0,Rs./Quintal,FAQ
Kurud APMC,73.5,Metric Tonnes,MTU-1010,2000.0,2360.0,2355.0,Rs./Quintal,FAQ
Kurud APMC,33.3,Metric Tonnes,Swarna Masuri (New),2000.0,2385.0,2201.0,Rs./Quintal,FAQ
Kurud APMC,148.2,Metric Tonnes,Mahamaya,2200.0,2719.0,2700.0,Rs./Quintal,FAQ
Kurud APMC,35.8,Metric Tonnes,RB Gold,2850.0,3280.0,3150.0,Rs./Quintal,FAQ
Kurud APMC,20.9,Metric Tonnes,Om 3,2825.0,3300.0,3250.0,Rs./Quintal,FAQ
Kusmee APMC,10.0,Metric Tonnes,I.R. 36,2000.0,2000.0,2000.0,Rs./Quintal,Non-FAQ
Makdi APMC,30.0,Metric Tonnes,Khadwan,1800.0,1800.0,1800.0,Rs./Quintal,Non-FAQ
Muli APMC,173.9,Metric Tonnes,Paddy Coarse,2000.0,2250.0,2230.0,Rs./Quintal,FAQ
Mungeli APMC,0.1,Metric Tonnes,Basmati 1509,2114.0,2114.0,2114.0,Rs./Quintal,FAQ
Mungeli APMC,0.4,Metric Tonnes,Sugandha,2126.0,2241.0,2190.0,Rs./Quintal,Non-FAQ
Mungeli APMC,12.1,Metric Tonnes,Mahamaya,1900.0,2551.0,2279.0,Rs./Quintal,FAQ
Nagari APMC,8.0,Metric Tonnes,I.R. 36,1800.0,1800.0,1800.0,Rs./Quintal,Non-FAQ
Naila APMC,28.0,Metric Tonnes,MTU-1010,1950.0,1950.0,1950.0,Rs./Quintal,Non-FAQ
Navapara APMC,11.5,Metric Tonnes,D.B.,2252.0,2292.0,2274.0,Rs./Quintal,Non-FAQ
Navapara APMC,2.3,Metric Tonnes,Samba Masuri,2982.0,3106.0,3090.0,Rs./Quintal,FAQ
Navapara APMC,73.1,Metric Tonnes,MTU-1010,2328.0,2362.0,2352.0,Rs./Quintal,Non-FAQ
Navapara APMC,2.1,Metric Tonnes,Mahamaya,2330.0,2348.0,2330.0,Rs./Quintal,Non-FAQ
Navapara APMC,19.5,Metric Tonnes,RB Gold,2950.0,3154.0,3088.0,Rs./Quintal,FAQ
Navapara APMC,8.2,Metric Tonnes,Om 3,2700.0,3138.0,3082.0,Rs./Quintal,FAQ
Neora APMC,3.6,Metric Tonnes,Mahamaya,1950.0,1950.0,1950.0,Rs./Quintal,Non-FAQ
Pharasgaon APMC,32.0,Metric Tonnes,Khadwan,1800.0,1800.0,1800.0,Rs./Quintal,Non-FAQ
Pithoura APMC,173.6,Metric Tonnes,MTU-1010,2000.0,2000.0,2000.0,Rs./Quintal,Non-FAQ
Pithoura APMC,50.0,Metric Tonnes,1001,1800.0,1800.0,1800.0,Rs./Quintal,Non-FAQ
Raipur APMC,91.2,Metric Tonnes,MTU-1010,2200.0,2200.0,2200.0,Rs./Quintal,Non-FAQ
Rajim APMC,780.8,Metric Tonnes,I.R. 64,1850.0,2352.0,2147.0,Rs./Quintal,Non-FAQ
Rajim APMC,18.2,Metric Tonnes,Samba Masuri,1000.0,3182.0,2788.0,Rs./Quintal,Non-FAQ
Rajim APMC,57.1,Metric Tonnes,MTU-1008,1500.0,3018.0,2236.0,Rs./Quintal,Non-FAQ
Rajim APMC,6.1,Metric Tonnes,Sugandha,2200.0,2310.0,2283.0,Rs./Quintal,Non-FAQ
Rajnandgaon APMC,4.2,Metric Tonnes,B P T,2851.0,2851.0,2851.0,Rs./Quintal,Non-FAQ
Rajnandgaon APMC,22.7,Metric Tonnes,MTU-1010,2311.0,2330.0,2321.0,Rs./Quintal,Non-FAQ
Rajnandgaon APMC,2.0,Metric Tonnes,HMT,2660.0,2660.0,2660.0,Rs./Quintal,Non-FAQ
Rajnandgaon APMC,3.0,Metric Tonnes,D.B.,2325.0,2341.0,2333.0,Rs./Quintal,Non-FAQ
Rajnandgaon APMC,59.2,Metric Tonnes,Mahamaya,2601.0,2675.0,2638.0,Rs./Quintal,Non-FAQ
Ratanpur APMC,11.1,Metric Tonnes,D.B.,1900.0,1900.0,1900.0,Rs./Quintal,Non-FAQ
Sakra APMC,20.0,Metric Tonnes,1001,1900.0,1900.0,1900.0,Rs./Quintal,Non-FAQ
Sarangarh APMC,30.0,Metric Tonnes,MTU-1010,1900.0,1900.0,1900.0,Rs./Quintal,Non-FAQ
Saraypali APMC,110.9,Metric Tonnes,MTU-1001,1850.0,2010.0,1990.0,Rs./Quintal,Non-FAQ
Sarona APMC,10.0,Metric Tonnes,MTU-1010,1800.0,1800.0,1800.0,Rs./Quintal,Non-FAQ
Sukma APMC,0.5,Metric Tonnes,Paddy Coarse,1700.0,1900.0,1850.0,Rs./Quintal,Non-FAQ
Surajpur APMC,1.0,Metric Tonnes,Mahamaya,2390.0,2390.0,2390.0,Rs./Quintal,Non-FAQ
Tokapal APMC,147.5,Metric Tonnes,Paddy Coarse,2200.0,2250.0,2220.0,Rs./Quintal,FAQ
Total,6270.6,Metric Tonnes,,,,2309.55,Rs./Quintal,
State/UT Name : Gujarat
Dahod APMC,6.1000000000000005,Metric Tonnes,Paddy fine,2755.0,2800.0,2775.0,Rs./Quintal,Local
Davgadbaria(Piplod) APMC,0.4,Metric Tonnes,Common,1320.0,1440.0,1410.0,Rs./Quintal,Non-FAQ
Dehgam APMC,0.7000000000000001,Metric Tonnes,Other,2250.0,2675.0,2462.0,Rs./Quintal,FAQ
Dehgam(Rekhiyal) APMC,0.2,Metric Tonnes,Other,2150.0,2500.0,2325.0,Rs./Quintal,FAQ
Devgadhbaria APMC,0.6000000000000001,Metric Tonnes,Common,1320.0,1440.0,1420.0,Rs./Quintal,Non-FAQ
Khambhat(Grain Market) APMC,0.010000000000000002,Metric Tonnes,Paddy,2750.0,3750.0,3250.0,Rs./Quintal,Local
Mandvi APMC,0.8500000000000001,Metric Tonnes,Other,1950.0,2000.0,1975.0,Rs./Quintal,Non-FAQ
Morva Hafad APMC,1.0,Metric Tonnes,Paddy,1600.0,2500.0,2050.0,Rs./Quintal,Local
Prantij APMC,1.5,Metric Tonnes,Other,2450.0,2710.0,2600.0,Rs./Quintal,Local
Sanad APMC,6.0,Metric Tonnes,Other,2445.0,2445.0,2445.0,Rs./Quintal,FAQ
Zalod(Sanjeli) APMC,1.5,Metric Tonnes,Other,3866.67,3866.67,3866.67,Rs./Quintal,Grade Range-2
Total,18.86,Metric Tonnes,,,,2580.23,Rs./Quintal,
State/UT Name : Haryana
Kunjpura APMC,7.0,Metric Tonnes,Paddy,2050.0,2050.0,2050.0,Rs./Quintal,FAQ
Total,7.0,Metric Tonnes,,,,2050.0,Rs./Quintal,
State/UT Name : Karnataka
Belthangdi APMC,235.10000000000002,Metric Tonnes,Paddy,2600.0,2900.0,2800.0,Rs./Quintal,Local
Belur APMC,12.0,Metric Tonnes,Paddy,2600.0,2600.0,2600.0,Rs./Quintal,FAQ
Bhadravathi APMC,259.5,Metric Tonnes,Paddy Medium,2500.0,4544.0,3091.0,Rs./Quintal,Local
Chamarajanagar APMC,50.0,Metric Tonnes,Paddy Medium,2000.0,2000.0,2000.0,Rs./Quintal,Local
Channagiri APMC,25.700000000000003,Metric Tonnes,Paddy,4528.0,4528.0,4528.0,Rs./Quintal,Grade Range-1
Davangere APMC,50.0,Metric Tonnes,Paddy Medium,3400.0,3400.0,3400.0,Rs./Quintal,Local
Gangavathi APMC,61.1,Metric Tonnes,Sona Masuri (OLD),3500.0,3580.0,3580.0,Rs./Quintal,Non-FAQ
Gangavathi APMC,56.300000000000004,Metric Tonnes,Paddy RNR new,2700.0,3367.0,3367.0,Rs./Quintal,Non-FAQ
Gangavathi APMC,257.6,Metric Tonnes,Paddy RNR Old,3866.0,4000.0,3987.0,Rs./Quintal,Non-FAQ
Haliyala APMC,62.900000000000006,Metric Tonnes,Paddy Medium,2200.0,2800.0,2800.0,Rs./Quintal,Local
Hanagal APMC,71.0,Metric Tonnes,Paddy,2400.0,2850.0,2400.0,Rs./Quintal,FAQ
Harihara APMC,615.9000000000001,Metric Tonnes,Paddy RNR new,2570.0,3250.0,2910.0,Rs./Quintal,Non-FAQ
K.R.Nagar APMC,210.0,Metric Tonnes,Paddy Dappa,2245.0,2245.0,2245.0,Rs./Quintal,FAQ
Kalaghatagi APMC,201.4,Metric Tonnes,Paddy,2500.0,2500.0,2500.0,Rs./Quintal,Local
Kampli APMC,45.0,Metric Tonnes,Paddy,2850.0,2850.0,2850.0,Rs./Quintal,Local
Karatagi APMC,210.70000000000002,Metric Tonnes,Paddy RNR Old,3867.0,4210.0,3940.0,Rs./Quintal,FAQ
Karatagi APMC,308.90000000000003,Metric Tonnes,Sona Masuri New,2834.0,3200.0,3006.0,Rs./Quintal,Non-FAQ
Karatagi APMC,275.2,Metric Tonnes,Paddy RNR new,3390.0,3800.0,3580.0,Rs./Quintal,Non-FAQ
Lingasugur APMC,24.0,Metric Tonnes,Paddy,3000.0,3000.0,3000.0,Rs./Quintal,Non-FAQ
Maddur APMC,100.0,Metric Tonnes,Paddy,2300.0,2300.0,2300.0,Rs./Quintal,Local
Malavalli APMC,56.800000000000004,Metric Tonnes,Paddy,2250.0,2850.0,2850.0,Rs./Quintal,FAQ
Mandya APMC,523.0,Metric Tonnes,Jaya,2000.0,2100.0,2000.0,Rs./Quintal,Local
Manvi APMC,21.0,Metric Tonnes,Sona Masuri (OLD),3500.0,3500.0,3500.0,Rs./Quintal,Non-FAQ
Mundgod APMC,3.5,Metric Tonnes,Paddy Malnad gidda,2800.0,2800.0,2800.0,Rs./Quintal,Non-FAQ
Nandagada APMC,115.10000000000001,Metric Tonnes,Paddy,2500.0,2800.0,2800.0,Rs./Quintal,FAQ
Raichur APMC,3.2,Metric Tonnes,Sona Mahsuri,3155.0,3269.0,3269.0,Rs./Quintal,FAQ
SIRGUPPA APMC,79.5,Metric Tonnes,Paddy RNR new,2600.0,2600.0,2600.0,Rs./Quintal,Local
SIRGUPPA APMC,1447.0,Metric Tonnes,Paddy RNR Old,3060.0,4490.0,3900.0,Rs./Quintal,Local
SIRGUPPA APMC,505.5,Metric Tonnes,Kaveri Sona,1600.0,1900.0,1700.0,Rs./Quintal,Local
Shikaripura APMC,22.8,Metric Tonnes,Paddy,3500.0,3500.0,3500.0,Rs./Quintal,FAQ
Sindhanur APMC,106.80000000000001,Metric Tonnes,Paddy RNR new,2200.0,2560.0,2560.0,Rs./Quintal,Local
Sindhanur APMC,937.7,Metric Tonnes,Paddy RNR Old,2960.0,4170.0,4120.0,Rs./Quintal,Local
Somvarpet APMC,51.300000000000004,Metric Tonnes,Paddy Dappa,2300.0,2300.0,2300.0,Rs./Quintal,Grade Range-1
Sorabha APMC,118.60000000000001,Metric Tonnes,Paddy,2000.0,2500.0,2394.0,Rs./Quintal,Local
T. Narasipura APMC,204.0,Metric Tonnes,Paddy,2900.0,3000.0,3000.0,Rs./Quintal,Non-FAQ
Tumakuru APMC,1647.3000000000002,Metric Tonnes,Sona,1900.0,2800.0,2500.0,Rs./Quintal,Local
Yellapur APMC,6.9,Metric Tonnes,Padma,2640.0,2660.0,2650.0,Rs./Quintal,FAQ
Total,8982.3,Metric Tonnes,,,,3039.48,Rs./Quintal,
State/UT Name : Keralam
Kasargod Market,1.5,Metric Tonnes,Other,2400.0,2600.0,2500.0,Rs./Quintal,Local
Pulpally Market,5.0,Metric Tonnes,Other,3120.0,3140.0,3130.0,Rs./Quintal,Local
Total,6.5,Metric Tonnes,,,,2984.62,Rs./Quintal,
State/UT Name : Madhya Pradesh
Anuppur APMC,5.0,Metric Tonnes,Dhan,2050.0,2050.0,2050.0,Rs./Quintal,FAQ
Balaghat APMC,9.1,Metric Tonnes,Dhan,1800.0,1805.0,1805.0,Rs./Quintal,Non-FAQ
Bankhedi APMC,268.745,Metric Tonnes,Kranti,2354.0,2425.0,2400.0,Rs./Quintal,FAQ
Bhitarwar APMC,12.294,Metric Tonnes,Dhan,3200.0,3225.0,3225.0,Rs./Quintal,Non-FAQ
Budhar APMC,22.0,Metric Tonnes,Paddy,2000.0,2010.0,2010.0,Rs./Quintal,Non-FAQ
Chhindwara APMC,90.66900000000001,Metric Tonnes,Dhan,2200.0,2200.0,2200.0,Rs./Quintal,FAQ
Datia APMC,30.0,Metric Tonnes,Dhan,2505.0,2540.0,2520.0,Rs./Quintal,FAQ
Dindori APMC,8.5,Metric Tonnes,Dhan,2300.0,2300.0,2300.0,Rs./Quintal,Non-FAQ
Dindori APMC,157.88,Metric Tonnes,Other,2000.0,2250.0,2100.0,Rs./Quintal,Non-FAQ
Gadarwada APMC,4.800000000000001,Metric Tonnes,Puspa (MR 301),3900.0,4275.0,4275.0,Rs./Quintal,FAQ
Ganjbasoda APMC,0.438,Metric Tonnes,Paddy,1800.0,3600.0,3600.0,Rs./Quintal,FAQ
Gorakhpur APMC,26.0,Metric Tonnes,Common,2200.0,2420.0,2420.0,Rs./Quintal,FAQ
Gorakhpur APMC,124.4,Metric Tonnes,Paddy,2145.0,2215.0,2200.0,Rs./Quintal,FAQ
Gulabganj APMC,0.76,Metric Tonnes,Dhan,2900.0,3000.0,3000.0,Rs./Quintal,FAQ
Guna APMC,0.40700000000000003,Metric Tonnes,Dhan,3400.0,3400.0,3400.0,Rs./Quintal,FAQ
Jabalpur APMC,1.254,Metric Tonnes,Dhan,1800.0,2070.0,2070.0,Rs./Quintal,FAQ
Jabalpur APMC,0.229,Metric Tonnes,Paddy,2115.0,2115.0,2115.0,Rs./Quintal,FAQ
Katangi APMC,15.100000000000001,Metric Tonnes,Common,1893.0,1905.0,1896.0,Rs./Quintal,Non-FAQ
Katni APMC,46.381,Metric Tonnes,Paddy,1950.0,2280.0,2280.0,Rs./Quintal,FAQ
Katni APMC,84.39,Metric Tonnes,Dhan,1500.0,2401.0,2300.0,Rs./Quintal,Non-FAQ
Kotma APMC,20.810000000000002,Metric Tonnes,Paddy,1790.0,1800.0,1800.0,Rs./Quintal,Non-FAQ
Krishi Upaj Mandi Samiti Bichhiya,15.130000000000003,Metric Tonnes,Common,2180.0,2182.0,2182.0,Rs./Quintal,FAQ
Krishi Upaj Mandi Samiti Bichhiya,27.0,Metric Tonnes,Common,2200.0,2200.0,2200.0,Rs./Quintal,Non-FAQ
Krishi Upaj Mandi Samiti Bichhiya,76.73,Metric Tonnes,Dhan,2300.0,2350.0,2325.0,Rs./Quintal,FAQ
Mandla APMC,90.57000000000001,Metric Tonnes,Common,1940.0,2230.0,2200.0,Rs./Quintal,Non-FAQ
Mohgaon APMC,46.800000000000004,Metric Tonnes,Common,2369.0,2378.0,2370.0,Rs./Quintal,FAQ
Nainpur APMC,13.445,Metric Tonnes,Common,2120.0,2170.0,2130.0,Rs./Quintal,FAQ
Nainpur APMC,10.121,Metric Tonnes,Common,2050.0,2135.0,2135.0,Rs./Quintal,Non-FAQ
Obedullaganj APMC,73.159,Metric Tonnes,Basmati,4700.0,4825.0,4800.0,Rs./Quintal,FAQ
Obedullaganj APMC,61.800000000000004,Metric Tonnes,Dhan,2600.0,3800.0,2600.0,Rs./Quintal,FAQ
Obedullaganj APMC,0.405,Metric Tonnes,1718,2000.0,2000.0,2000.0,Rs./Quintal,FAQ
Obedullaganj APMC,0.7530000000000001,Metric Tonnes,Paddy,4050.0,4050.0,4050.0,Rs./Quintal,FAQ
Sidhi APMC,38.615,Metric Tonnes,Dhan,1890.0,1925.0,1925.0,Rs./Quintal,Non-FAQ
Simariya APMC,16.769000000000002,Metric Tonnes,Dhan,2095.0,2125.0,2125.0,Rs./Quintal,Non-FAQ
Umariya APMC,9.0,Metric Tonnes,Paddy,1850.0,1850.0,1850.0,Rs./Quintal,Non-FAQ
Varaseoni APMC,18.753,Metric Tonnes,Paddy,2150.0,3705.0,3035.0,Rs./Quintal,FAQ
Varaseoni APMC,21.593000000000004,Metric Tonnes,Paddy,2180.0,3730.0,3500.0,Rs./Quintal,Non-FAQ
Vidisha APMC,1.189,Metric Tonnes,Dhan,4181.0,4201.0,4201.0,Rs./Quintal,FAQ
Vidisha APMC,0.29500000000000004,Metric Tonnes,Paddy,4030.0,4261.0,4261.0,Rs./Quintal,FAQ
Total,1451.28,Metric Tonnes,,,,2429.14,Rs./Quintal,
State/UT Name : Maharashtra
APMC  Chimur,7.5,Metric Tonnes,Other,3100.0,3500.0,3200.0,Rs./Quintal,FAQ
APMC Armori ,25.1,Metric Tonnes,Other,2820.0,3380.0,2940.0,Rs./Quintal,FAQ
APMC Brahmpuri ,19.3,Metric Tonnes,Other,3000.0,3200.0,3100.0,Rs./Quintal,FAQ
APMC Chamorshi ,10.8,Metric Tonnes,Other,3000.0,3125.0,3046.0,Rs./Quintal,FAQ
APMC Gadchiroli ,8.3,Metric Tonnes,Other,2800.0,3360.0,2920.0,Rs./Quintal,FAQ
APMC Gondiya ,0.4,Metric Tonnes,Other,2090.0,2211.0,2150.0,Rs./Quintal,Non-FAQ
APMC Gondiya ,11.0,Metric Tonnes,Other,3000.0,3525.0,3262.0,Rs./Quintal,FAQ
APMC Gondpimpri ,21.5,Metric Tonnes,Other,3650.0,3750.0,3700.0,Rs./Quintal,FAQ
APMC Karjat(Raigad) ,5.5,Metric Tonnes,Other,2369.0,2450.0,2400.0,Rs./Quintal,FAQ
APMC Mul ,61.0,Metric Tonnes,Other,3600.0,3899.0,3750.0,Rs./Quintal,FAQ
APMC Nagbhid ,23.2,Metric Tonnes,Other,3200.0,3200.0,3200.0,Rs./Quintal,FAQ
APMC Pombhurna,37.6,Metric Tonnes,Other,3300.0,3510.0,3400.0,Rs./Quintal,FAQ
APMC Roha ,0.1,Metric Tonnes,Other,2370.0,2450.0,2410.0,Rs./Quintal,FAQ
APMC Savali ,29.5,Metric Tonnes,Other,3680.0,4000.0,3860.0,Rs./Quintal,FAQ
APMC Sindevahi ,9.5,Metric Tonnes,Other,2600.0,2650.0,2600.0,Rs./Quintal,FAQ
APMC Tiroda ,4.6,Metric Tonnes,Other,3735.0,3898.0,3817.0,Rs./Quintal,FAQ
APMC Tumsar ,30.1,Metric Tonnes,Other,2600.0,2891.0,2700.0,Rs./Quintal,FAQ
APMC Tumsar ,16.5,Metric Tonnes,Other,1921.0,2181.0,2151.0,Rs./Quintal,Non-FAQ
Armori(Desaiganj) ,58.4,Metric Tonnes,Other,2600.0,3680.0,3176.0,Rs./Quintal,FAQ
Armori(Desaiganj) ,12.9,Metric Tonnes,Other,2000.0,2300.0,2128.0,Rs./Quintal,Non-FAQ
Total,392.8,Metric Tonnes,,,,3210.64,Rs./Quintal,
State/UT Name : Manipur
Bishenpur APMC,1.1,Metric Tonnes,Other,3000.0,3000.0,3000.0,Rs./Quintal,Local
Imphal APMC,0.9,Metric Tonnes,Other,3000.0,3000.0,3000.0,Rs./Quintal,Local
Kakching Market APMC,1.2,Metric Tonnes,Other,3000.0,3000.0,3000.0,Rs./Quintal,Local
Lamlong Bazaar APMC,1.0,Metric Tonnes,Other,3000.0,3000.0,3000.0,Rs./Quintal,Local
Thoubal APMC,0.9,Metric Tonnes,Other,3000.0,3000.0,3000.0,Rs./Quintal,Local
Total,5.1,Metric Tonnes,,,,3000.0,Rs./Quintal,
State/UT Name : NCT of Delhi
APMC Narela,28.900000000000002,Metric Tonnes,Paddy,2411.0,2485.0,2448.0,Rs./Quintal,FAQ
Total,28.9,Metric Tonnes,,,,2448.0,Rs./Quintal,
State/UT Name : Odisha
Karanjia APMC,0.4,Metric Tonnes,Other,2369.0,2369.0,2369.0,Rs./Quintal,FAQ
Total,0.4,Metric Tonnes,,,,2369.0,Rs./Quintal,
State/UT Name : Pondicherry
Thattanchavady APMC,1.575,Metric Tonnes,White Ponni,2834.665958,2834.665958,2834.665958,Rs./Quintal,Grade Range-1
Thattanchavady APMC,2.1,Metric Tonnes,Other,2430.666059,2430.666059,2430.666059,Rs./Quintal,Grade Range-1
Total,3.67,Metric Tonnes,,,,2603.81,Rs./Quintal,
State/UT Name : Rajasthan
Baran APMC,1.0,Metric Tonnes,Other,3100.0,3799.0,3450.0,Rs./Quintal,Local
Bundi APMC,20.0,Metric Tonnes,Other,2801.0,2900.0,2851.0,Rs./Quintal,FAQ
Hanumangarh APMC,26.0,Metric Tonnes,Paddy,2370.0,2406.0,2395.0,Rs./Quintal,Non-FAQ
HanumangarhTown APMC,23.0,Metric Tonnes,I.R. 50,2280.0,2280.0,2280.0,Rs./Quintal,Non-FAQ
Total,70.0,Metric Tonnes,,,,2502.57,Rs./Quintal,
State/UT Name : Tamil Nadu
Alangulam APMC,15.82,Metric Tonnes,Other,2500.0,2600.0,2550.0,Rs./Quintal,Local
Ambur APMC,0.38,Metric Tonnes,Other,1900.0,2100.0,2000.0,Rs./Quintal,Local
Ammoor APMC,335.75,Metric Tonnes,Other,2154.0,3510.0,2832.0,Rs./Quintal,Local
Arani APMC,6.11,Metric Tonnes,Other,2783.0,3329.0,3056.0,Rs./Quintal,Local
Arcot APMC,0.38,Metric Tonnes,Other,1200.0,1600.0,1400.0,Rs./Quintal,Local
Avalurpet APMC,137.09,Metric Tonnes,Other,2145.0,3413.0,2779.0,Rs./Quintal,Local
Budalur APMC,7.31,Metric Tonnes,B P T,2300.0,2500.0,2400.0,Rs./Quintal,Local
Chetpet APMC,5.86,Metric Tonnes,ADT 37,1753.0,2425.0,2089.0,Rs./Quintal,Local
Cheyyar APMC,77.31,Metric Tonnes,Other,1890.0,3020.0,2455.0,Rs./Quintal,Local
Cuddalore APMC,19.34,Metric Tonnes,Other,2020.0,2140.0,2080.0,Rs./Quintal,Local
Kilpennathur APMC,6.19,Metric Tonnes,ADT 37,1815.0,2240.0,2027.5,Rs./Quintal,Local
Madurai APMC,15.02,Metric Tonnes,Other,3400.0,4000.0,3700.0,Rs./Quintal,Local
Pavoorchatram APMC,22.95,Metric Tonnes,Ponni,2400.0,2600.0,2500.0,Rs./Quintal,Local
Pongalur APMC,35.0,Metric Tonnes,Other,2000.0,2500.0,2250.0,Rs./Quintal,Local
Sangarapuram APMC,1.36,Metric Tonnes,Other,2180.0,2280.0,2230.0,Rs./Quintal,Local
Sembanarkoil APMC,81.8,Metric Tonnes,Other,2150.0,2570.0,2360.0,Rs./Quintal,Local
Shrimushnam APMC,1.54,Metric Tonnes,Other,2189.0,2225.0,2207.0,Rs./Quintal,Local
Thirunavalur APMC,0.42,Metric Tonnes,Other,2140.0,2520.0,2330.0,Rs./Quintal,Local
Thiruvennainallur APMC,14.02,Metric Tonnes,ADT 37,2512.0,2552.0,2532.0,Rs./Quintal,Local
Tiruttani APMC,11.1,Metric Tonnes,Other,1800.0,2000.0,1900.0,Rs./Quintal,Local
Ulundurpettai APMC,20.59,Metric Tonnes,ADT 37,2039.0,2527.0,2283.0,Rs./Quintal,Local
Uthiramerur APMC,5.97,Metric Tonnes,ADT 37,1800.0,2000.0,1900.0,Rs./Quintal,Local
Vandavasi APMC,277.08,Metric Tonnes,Other,2307.0,2799.0,2553.0,Rs./Quintal,Local
Vellore APMC,61.72,Metric Tonnes,Other,1919.0,3553.0,2736.0,Rs./Quintal,Local
Vikkiravandi APMC,0.46,Metric Tonnes,ADT 37,1559.0,1997.0,1778.0,Rs./Quintal,Local
Villupuram APMC,27.21,Metric Tonnes,Other,1867.0,2460.0,2163.5,Rs./Quintal,Local
Total,1187.78,Metric Tonnes,,,,2616.24,Rs./Quintal,
State/UT Name : Telangana
Choppadandi APMC,0.2,Metric Tonnes,Shriram,3201.0,3201.0,3201.0,Rs./Quintal,Non-FAQ
Choppadandi APMC,1.0,Metric Tonnes,B P T,2552.0,2552.0,2552.0,Rs./Quintal,Non-FAQ
Choppadandi APMC,5.800000000000001,Metric Tonnes,I.R.-64,2132.0,2221.0,2221.0,Rs./Quintal,Non-FAQ
Dammapet APMC,68.3,Metric Tonnes,1001,2400.0,2400.0,2400.0,Rs./Quintal,FAQ
Dubbak APMC,68.0,Metric Tonnes,Paddy,2400.0,2400.0,2400.0,Rs./Quintal,FAQ
Gajwel APMC,3.0,Metric Tonnes,1001,2400.0,2400.0,2400.0,Rs./Quintal,Local
Gangadhara APMC,0.001,Metric Tonnes,I.R.-64,2369.0,2369.0,2369.0,Rs./Quintal,FAQ
Huzurnagar APMC,0.001,Metric Tonnes,B P T,2461.0,2461.0,2461.0,Rs./Quintal,Local
Huzzurabad APMC,0.001,Metric Tonnes,MTU-1010,2369.0,2389.0,2369.0,Rs./Quintal,FAQ
Jangaon APMC,5.8500000000000005,Metric Tonnes,I.R. 64,2321.13,2321.13,2321.13,Rs./Quintal,Local
Kagaznagar APMC,428.686,Metric Tonnes,Paddy,2357.56,2357.56,2357.56,Rs./Quintal,Grade Range-3
Karimnagar APMC,52.0,Metric Tonnes,Paddy,2500.0,2500.0,2500.0,Rs./Quintal,Non-FAQ
Kesamudram APMC,29.1,Metric Tonnes,Samba Masuri,2122.0,3556.0,3200.0,Rs./Quintal,Local
Mahabubabad APMC,15.24,Metric Tonnes,Common,2650.0,4510.0,3292.0,Rs./Quintal,Local
Neredcherla APMC,156.0,Metric Tonnes,B P T,2450.0,2450.0,2450.0,Rs./Quintal,Local
Sattupally APMC,30.0,Metric Tonnes,Samba Masuri,2300.0,2369.0,2350.0,Rs./Quintal,Non-FAQ
Suryapeta APMC,1.8,Metric Tonnes,I.R.-64,1506.0,2116.0,2116.0,Rs./Quintal,Local
Suryapeta APMC,11.700000000000001,Metric Tonnes,B P T,2019.0,3809.0,3768.0,Rs./Quintal,Local
Suryapeta APMC,39.0,Metric Tonnes,Other,2469.0,4211.0,3808.0,Rs./Quintal,Local
Tirumalagiri APMC,18.5,Metric Tonnes,I.R. 64,1919.0,2319.0,2279.0,Rs./Quintal,FAQ
V.Saidapur APMC,0.1,Metric Tonnes,1001,2369.0,2369.0,2369.0,Rs./Quintal,Non-FAQ
V.Saidapur APMC,0.1,Metric Tonnes,MTU-1010,2389.0,2389.0,2389.0,Rs./Quintal,FAQ
Total,934.38,Metric Tonnes,,,,2503.98,Rs./Quintal,
State/UT Name : Tripura
Kadamtala,0.3,Metric Tonnes,Masuri,3500.0,4000.0,4000.0,Rs./Quintal,FAQ
Total,0.3,Metric Tonnes,,,,4000.0,Rs./Quintal,
State/UT Name : Uttar Pradesh
Aligarh APMC,11.0,Metric Tonnes,Other,3000.0,3000.0,3000.0,Rs./Quintal,FAQ
Azamgarh APMC,20.0,Metric Tonnes,Common,2200.0,2200.0,2200.0,Rs./Quintal,FAQ
Bachranwa APMC,68.6,Metric Tonnes,Common,2400.0,3025.0,2569.46,Rs./Quintal,FAQ
Balrampur APMC,10.0,Metric Tonnes,Common,3000.0,3000.0,3000.0,Rs./Quintal,FAQ
Bangarmau APMC,69.65,Metric Tonnes,Common,2800.0,2800.0,2800.0,Rs./Quintal,FAQ
Banthara APMC,83.33,Metric Tonnes,Common,3000.0,3150.0,3131.23,Rs./Quintal,FAQ
Barabanki APMC,19.35,Metric Tonnes,Common,2000.0,2000.0,2000.0,Rs./Quintal,FAQ
Bareilly APMC,34.69,Metric Tonnes,Other,3300.0,3300.0,3300.0,Rs./Quintal,FAQ
Bharthna APMC,49.12,Metric Tonnes,Common,1800.0,1800.0,1800.0,Rs./Quintal,FAQ
Buland Shahr APMC,34.58,Metric Tonnes,Other,3331.0,3481.0,3396.21,Rs./Quintal,FAQ
Chandausi APMC,8.0,Metric Tonnes,Other,2600.0,2600.0,2600.0,Rs./Quintal,FAQ
Choubepur APMC,59.77,Metric Tonnes,Common,2050.0,2050.0,2050.0,Rs./Quintal,FAQ
Dudhi APMC,6.5,Metric Tonnes,Common,2000.0,2000.0,2000.0,Rs./Quintal,FAQ
Dudhi APMC,15.0,Metric Tonnes,Other,2000.0,2000.0,2000.0,Rs./Quintal,FAQ
Golagokarnath APMC,38.35,Metric Tonnes,Common,2210.0,3000.0,2355.02,Rs./Quintal,FAQ
Gulavati APMC,6.23,Metric Tonnes,Basmati,3400.0,3400.0,3400.0,Rs./Quintal,FAQ
Gulavati APMC,23.29,Metric Tonnes,Other,3285.0,3321.0,3287.16,Rs./Quintal,FAQ
Haathras APMC,3.2,Metric Tonnes,Basmati,3520.0,3520.0,3520.0,Rs./Quintal,FAQ
Hapur APMC,5.0,Metric Tonnes,Other,3700.0,3700.0,3700.0,Rs./Quintal,FAQ
Hapur APMC,4.0,Metric Tonnes,Kalanamak,3700.0,3700.0,3700.0,Rs./Quintal,FAQ
Hardoi APMC,52.9,Metric Tonnes,Common,1850.0,2850.0,1904.82,Rs./Quintal,FAQ
Hargaon (Laharpur) APMC,14.015,Metric Tonnes,Common,1900.0,2000.0,1950.05,Rs./Quintal,FAQ
Jahangirabad APMC,4.062,Metric Tonnes,Common,3500.0,3500.0,3500.0,Rs./Quintal,FAQ
Jahangirabad APMC,2.52,Metric Tonnes,Basmati,3581.0,3581.0,3581.0,Rs./Quintal,FAQ
Jahangirabad APMC,15.576,Metric Tonnes,Other,3500.0,3533.0,3514.96,Rs./Quintal,FAQ
Jangipura APMC,16.7,Metric Tonnes,Common,2700.0,2700.0,2700.0,Rs./Quintal,FAQ
Jaunpur APMC,16.0,Metric Tonnes,Common,2700.0,2800.0,2734.38,Rs./Quintal,FAQ
Khair APMC,20.0,Metric Tonnes,Other,3300.0,3300.0,3300.0,Rs./Quintal,FAQ
Kosikalan APMC,25.55,Metric Tonnes,Common,3225.0,3732.0,3592.91,Rs./Quintal,FAQ
Kosikalan APMC,128.85,Metric Tonnes,Other,3000.0,3772.0,3606.24,Rs./Quintal,FAQ
Kosikalan APMC,128.2,Metric Tonnes,Basmati,3151.0,3810.0,3604.37,Rs./Quintal,FAQ
Kosikalan APMC,3.6,Metric Tonnes,Kalanamak,3360.0,3360.0,3360.0,Rs./Quintal,FAQ
Lakhimpur APMC,38.3,Metric Tonnes,Common,2120.0,2120.0,2120.0,Rs./Quintal,FAQ
Lalganj APMC,11.67,Metric Tonnes,Common,3000.0,3050.0,3021.42,Rs./Quintal,FAQ
Mihipurwa APMC,7.1,Metric Tonnes,Common,1900.0,1900.0,1900.0,Rs./Quintal,FAQ
Mirzapur APMC,30.01,Metric Tonnes,Common,2205.0,2205.0,2205.0,Rs./Quintal,FAQ
Mohamadabad APMC,104.1,Metric Tonnes,Other,2000.0,2000.0,2000.0,Rs./Quintal,FAQ
Mohammdi APMC,3.92,Metric Tonnes,Basmati,3200.0,3200.0,3200.0,Rs./Quintal,FAQ
Mugrabaadshahpur APMC,8.467,Metric Tonnes,Common,2150.0,2150.0,2150.0,Rs./Quintal,FAQ
Naanpara APMC,4.5,Metric Tonnes,Common,1750.0,1750.0,1750.0,Rs./Quintal,FAQ
Partaval APMC,8.5,Metric Tonnes,Common,2205.0,2205.0,2205.0,Rs./Quintal,FAQ
Powayan APMC,47.0,Metric Tonnes,Other,1860.0,2000.0,1997.02,Rs./Quintal,FAQ
Pratapgarh APMC,81.0,Metric Tonnes,Paddy-Organic,2800.0,3200.0,3005.56,Rs./Quintal,FAQ
Pratapgarh APMC,171.5,Metric Tonnes,Common,2200.0,3000.0,2257.84,Rs./Quintal,FAQ
Puranpur APMC,9.89,Metric Tonnes,Common,2320.0,2500.0,2398.08,Rs./Quintal,FAQ
Raibareilly APMC,5.27,Metric Tonnes,Common,2600.0,2600.0,2600.0,Rs./Quintal,FAQ
Raibareilly APMC,9.1,Metric Tonnes,Other,2400.0,2400.0,2400.0,Rs./Quintal,FAQ
Shahjahanpur APMC,24.28,Metric Tonnes,Other,1900.0,1900.0,1900.0,Rs./Quintal,FAQ
Sitapur APMC,3.385,Metric Tonnes,Samba Masuri,2850.0,2850.0,2850.0,Rs./Quintal,FAQ
Sitapur APMC,63.872,Metric Tonnes,Common,2025.0,2115.0,2065.63,Rs./Quintal,FAQ
Sultanpur APMC,46.635,Metric Tonnes,Common,2900.0,2980.0,2937.72,Rs./Quintal,FAQ
Unnao APMC,19.2,Metric Tonnes,Other,2600.0,2600.0,2600.0,Rs./Quintal,FAQ
Yusufpur APMC,57.66,Metric Tonnes,Common,2900.0,2900.0,2900.0,Rs./Quintal,FAQ
Total,1752.99,Metric Tonnes,,,,2678.89,Rs./Quintal,
State/UT Name : West Bengal
Bankura Sadar APMC,3.5,Metric Tonnes,Common,2000.0,2400.0,2369.0,Rs./Quintal,FAQ
Birbhum APMC,59.0,Metric Tonnes,Common,2371.0,2373.0,2372.0,Rs./Quintal,FAQ
Bolpur APMC,57.0,Metric Tonnes,Common,2371.0,2373.0,2372.0,Rs./Quintal,FAQ
Ghatal APMC,13.100000000000001,Metric Tonnes,Common,2445.0,2460.0,2450.0,Rs./Quintal,FAQ
Indus(Bankura Sadar) APMC,3.0,Metric Tonnes,Common,2000.0,2400.0,2369.0,Rs./Quintal,FAQ
Jangipur APMC,32.25,Metric Tonnes,I.R. 36,2400.0,2500.0,2450.0,Rs./Quintal,FAQ
Jiaganj APMC,6.0,Metric Tonnes,I.R. 36,2380.0,2450.0,2400.0,Rs./Quintal,FAQ
Khatra APMC,1.6,Metric Tonnes,Swarna Masuri (New),2300.0,2389.0,2369.0,Rs./Quintal,FAQ
Rampurhat APMC,30.0,Metric Tonnes,Common,2380.0,2400.0,2390.0,Rs./Quintal,FAQ
Sainthia APMC,60.0,Metric Tonnes,Common,2371.0,2373.0,2372.0,Rs./Quintal,FAQ
Total,265.45,Metric Tonnes,,,,2387.9,Rs./Quintal,
Grand Total,21758.19,Metric Tonnes,,,,2695.8,Rs./Quintal,
Rice
State/UT Name : Andhra Pradesh
Narasaraopet APMC,0.1,Metric Tonnes,B P T,6000.0,6000.0,6000.0,Rs./Quintal,FAQ
Tiruvuru APMC,120.0,Metric Tonnes,Sona,4800.0,4800.0,4800.0,Rs./Quintal,Local
Visakhapatnam APMC,0.1,Metric Tonnes,B P T,6300.0,6300.0,6300.0,Rs./Quintal,Grade Range-1
Total,120.2,Metric Tonnes,,,,4802.25,Rs./Quintal,
State/UT Name : Assam
Fancy Bazaar APMC,70.0,Metric Tonnes,Common,3100.0,3500.0,3300.0,Rs./Quintal,FAQ
Fancy Bazaar APMC,60.0,Metric Tonnes,Super Fine,7500.0,12000.0,9500.0,Rs./Quintal,FAQ
Fancy Bazaar APMC,50.0,Metric Tonnes,Fine,3200.0,11000.0,7500.0,Rs./Quintal,FAQ
Total,180.0,Metric Tonnes,,,,6533.33,Rs./Quintal,
State/UT Name : Gujarat
Dahod APMC,9.0,Metric Tonnes,Lashkari,5000.0,6500.0,6050.0,Rs./Quintal,FAQ
Total,9.0,Metric Tonnes,,,,6050.0,Rs./Quintal,
State/UT Name : Karnataka
APMC THIRTHAHALLI,8.0,Metric Tonnes,Broken Rice,2600.0,2600.0,2600.0,Rs./Quintal,Local
Bantwala APMC,24.0,Metric Tonnes,Other,2000.0,3000.0,2800.0,Rs./Quintal,Local
Bengaluru APMC,754.3000000000001,Metric Tonnes,Dappa,3000.0,3100.0,3050.0,Rs./Quintal,Medium
Bengaluru APMC,754.3000000000001,Metric Tonnes,Medium,5500.0,6000.0,5750.0,Rs./Quintal,Medium
Bengaluru APMC,1005.8000000000001,Metric Tonnes,Fine,6000.0,7000.0,6500.0,Rs./Quintal,Medium
Bhadravathi APMC,47.0,Metric Tonnes,Medium,2500.0,2500.0,2500.0,Rs./Quintal,Local
Bidar APMC,10.0,Metric Tonnes,CR 1009 (Coarse) Boiled,4500.0,5550.0,4500.0,Rs./Quintal,Small
Davangere APMC,443.6,Metric Tonnes,Medium,2400.0,2800.0,2665.0,Rs./Quintal,Local
Gangavathi APMC,163.3,Metric Tonnes,Broken Rice,2550.0,2590.0,2570.0,Rs./Quintal,Small
Gangavathi APMC,368.40000000000003,Metric Tonnes,Other,2300.0,2810.0,2600.0,Rs./Quintal,Small
Hanagal APMC,109.0,Metric Tonnes,Broken Rice,2140.0,2190.0,2180.0,Rs./Quintal,Medium
Hanagal APMC,98.2,Metric Tonnes,CR 1009 (Coarse) Boiled,2390.0,2430.0,2410.0,Rs./Quintal,Medium
Haveri APMC,21.1,Metric Tonnes,IR 20 Fine Raw,2450.0,2450.0,2450.0,Rs./Quintal,Large
Honnali APMC,15.0,Metric Tonnes,Broken Rice,2600.0,2600.0,2600.0,Rs./Quintal,Medium
Honnali APMC,75.0,Metric Tonnes,I.R.-64,2600.0,2600.0,2600.0,Rs./Quintal,Medium
Kalaburagi APMC,1.5,Metric Tonnes,Broken Rice,2300.0,3600.0,2550.0,Rs./Quintal,Local
Kalaburagi APMC,2.0,Metric Tonnes,Fine,4150.0,5500.0,4350.0,Rs./Quintal,Local
Kalaburagi APMC,2.5,Metric Tonnes,Coarse,3400.0,4200.0,3850.0,Rs./Quintal,Local
Kampli APMC,62.6,Metric Tonnes,Medium,5600.0,5800.0,5700.0,Rs./Quintal,Local
Karatagi APMC,20.8,Metric Tonnes,Sona Masuri (OLD),5965.0,5965.0,5965.0,Rs./Quintal,Small
Koppal APMC,147.0,Metric Tonnes,Broken Rice,2700.0,2710.0,2705.0,Rs./Quintal,Small
Maddur APMC,50.0,Metric Tonnes,Medium,2700.0,2700.0,2700.0,Rs./Quintal,Local
Mandya APMC,154.0,Metric Tonnes,Broken Rice,2200.0,2200.0,2200.0,Rs./Quintal,Local
Mundgod APMC,62.1,Metric Tonnes,Boiled Rice,2410.0,3050.0,3050.0,Rs./Quintal,Small
Ramanagara APMC,71.4,Metric Tonnes,Fine,6000.0,7000.0,6600.0,Rs./Quintal,Local
Ranebennur APMC,233.0,Metric Tonnes,Other,2320.0,2320.0,2320.0,Rs./Quintal,Medium
Sakaleshpura APMC,23.6,Metric Tonnes,Other,2500.0,2505.0,2500.0,Rs./Quintal,Small
Santhesargur APMC,5.0,Metric Tonnes,IR 20,3060.0,3060.0,3060.0,Rs./Quintal,Small
Shimoga APMC,36.0,Metric Tonnes,Broken Rice,2700.0,2700.0,2700.0,Rs./Quintal,Local
Shimoga APMC,92.0,Metric Tonnes,Dappa,2600.0,2600.0,2600.0,Rs./Quintal,Large
Sindhanur APMC,65.0,Metric Tonnes,Medium,2800.0,2810.0,2800.0,Rs./Quintal,Local
Sira APMC,10.4,Metric Tonnes,Sona,7572.0,7572.0,7572.0,Rs./Quintal,Local
Sira APMC,134.5,Metric Tonnes,Broken Rice,2600.0,2625.0,2606.0,Rs./Quintal,Local
Somvarpet APMC,16.3,Metric Tonnes,Coarse (I.R.20),2700.0,2700.0,2700.0,Rs./Quintal,Grade Range-1
Sorabha APMC,148.0,Metric Tonnes,Fine,2150.0,2500.0,2329.0,Rs./Quintal,Local
Tumakuru APMC,842.0,Metric Tonnes,Other,3600.0,6400.0,5000.0,Rs./Quintal,Local
Total,6076.7,Metric Tonnes,,,,4104.54,Rs./Quintal,
State/UT Name : Keralam
Kottayam Market,6.0,Metric Tonnes,Other,4400.0,5200.0,4900.0,Rs./Quintal,FAQ
Total,6.0,Metric Tonnes,,,,4900.0,Rs./Quintal,
State/UT Name : Maharashtra
APMC  VASAI,23.0,Metric Tonnes,1009 Kar,3450.0,4690.0,4250.0,Rs./Quintal,Local
APMC Alibagh ,1.0,Metric Tonnes,Other,4000.0,4500.0,4250.0,Rs./Quintal,Local
APMC Kalyan ,0.3,Metric Tonnes,Other,8200.0,10200.0,9200.0,Rs./Quintal,Local
APMC Karjat(Raigad) ,19.8,Metric Tonnes,Other,3800.0,5700.0,4800.0,Rs./Quintal,Local
APMC Mangaon ,1.8,Metric Tonnes,Other,1900.0,4800.0,3800.0,Rs./Quintal,Local
APMC Mumbai ,3455.4,Metric Tonnes,Other,3000.0,7500.0,5250.0,Rs./Quintal,Local
APMC Murud ,1.0,Metric Tonnes,Other,4000.0,4500.0,4250.0,Rs./Quintal,Local
APMC Palghar ,26.0,Metric Tonnes,1009 Kar,4950.0,4950.0,4950.0,Rs./Quintal,Local
APMC Pune ,57.2,Metric Tonnes,Other,4600.0,7400.0,6000.0,Rs./Quintal,Local
APMC Sangli ,49.0,Metric Tonnes,Other,4500.0,9500.0,7000.0,Rs./Quintal,Local
APMC Solapur ,80.5,Metric Tonnes,Other,3580.0,7355.0,4165.0,Rs./Quintal,Local
APMC Tumsar ,0.1,Metric Tonnes,Other,4051.0,4051.0,4051.0,Rs./Quintal,Local
Kolhapur(Laxmipuri) ,10.5,Metric Tonnes,1009 Kar,3100.0,9500.0,6300.0,Rs./Quintal,Local
Total,3725.6,Metric Tonnes,,,,5252.44,Rs./Quintal,
State/UT Name : Manipur
Bishenpur APMC,1.6,Metric Tonnes,Other,5100.0,5100.0,5100.0,Rs./Quintal,Local
Imphal APMC,1.8,Metric Tonnes,Other,5100.0,5100.0,5100.0,Rs./Quintal,Local
Kakching Market APMC,1.3,Metric Tonnes,Other,5100.0,5100.0,5100.0,Rs./Quintal,Local
Lamlong Bazaar APMC,1.3,Metric Tonnes,Other,5100.0,5100.0,5100.0,Rs./Quintal,Local
Thoubal APMC,1.5,Metric Tonnes,Other,5100.0,5100.0,5100.0,Rs./Quintal,FAQ
Total,7.5,Metric Tonnes,,,,5100.0,Rs./Quintal,
State/UT Name : Meghalaya
Shillong APMC,0.8,Metric Tonnes,Khaw Khasi,5600.0,5800.0,5700.0,Rs./Quintal,FAQ
Total,0.8,Metric Tonnes,,,,5700.0,Rs./Quintal,
State/UT Name : Odisha
Bolangir APMC,6.5,Metric Tonnes,Suvarna Best,3600.0,4000.0,3800.0,Rs./Quintal,Local
Karanjia APMC,0.4,Metric Tonnes,Other,3600.0,3700.0,3700.0,Rs./Quintal,FAQ
Karanjia APMC,0.4,Metric Tonnes,Common,3500.0,3600.0,3600.0,Rs./Quintal,FAQ
Tusura APMC,5.2,Metric Tonnes,Boiled Rice,3600.0,4000.0,3800.0,Rs./Quintal,Local
Total,12.5,Metric Tonnes,,,,3790.4,Rs./Quintal,
State/UT Name : Tripura
Barpathari APMC,0.7,Metric Tonnes,Masuri,5200.0,5400.0,5300.0,Rs./Quintal,Local
Bishalgarh APMC,0.4,Metric Tonnes,Masuri,3700.0,3900.0,3800.0,Rs./Quintal,Local
Bishalgarh APMC,0.4,Metric Tonnes,Fine,4300.0,4500.0,4400.0,Rs./Quintal,Local
Dasda APMC,0.4,Metric Tonnes,Other,3250.0,3250.0,3250.0,Rs./Quintal,FAQ
Jampuijala APMC,0.1,Metric Tonnes,Fine,4000.0,4400.0,4200.0,Rs./Quintal,Grade Range-1
Masli,0.2,Metric Tonnes,1009 Kar,3200.0,4000.0,3500.0,Rs./Quintal,Local
Total,2.2,Metric Tonnes,,,,4277.27,Rs./Quintal,
State/UT Name : Uttar Pradesh
Agra APMC,56.4,Metric Tonnes,Common,3451.0,4354.89,4110.37,Rs./Quintal,FAQ
Agra APMC,33.0,Metric Tonnes,Broken Rice(Kanki),4961.37,4961.37,4961.37,Rs./Quintal,FAQ
Agra APMC,10.05,Metric Tonnes,Other,3590.0,3590.0,3590.0,Rs./Quintal,FAQ
Ahirora APMC,9.8,Metric Tonnes,Common,3400.0,3400.0,3400.0,Rs./Quintal,FAQ
Atarra APMC,30.6,Metric Tonnes,Other,2400.0,2400.0,2400.0,Rs./Quintal,FAQ
Auraiya APMC,27.763,Metric Tonnes,Common,2700.0,2700.0,2700.0,Rs./Quintal,FAQ
Ayodhya APMC,22.01,Metric Tonnes,Common,2600.0,2600.0,2600.0,Rs./Quintal,FAQ
Azamgarh APMC,77.25,Metric Tonnes,Common,2400.0,2400.0,2400.0,Rs./Quintal,FAQ
Baheri APMC,33.42,Metric Tonnes,Broken Rice(Kanki),3600.0,5275.0,4381.42,Rs./Quintal,FAQ
Bangarmau APMC,40.0,Metric Tonnes,Common,2300.0,2300.0,2300.0,Rs./Quintal,FAQ
Banthara APMC,0.06,Metric Tonnes,Common,11100.0,11100.0,11100.0,Rs./Quintal,FAQ
Banthara APMC,44.96,Metric Tonnes,Other,5574.85,9653.0,6075.6,Rs./Quintal,FAQ
Barabanki APMC,25.031,Metric Tonnes,Common,5374.94,5374.94,5374.94,Rs./Quintal,FAQ
Bareilly APMC,41.75,Metric Tonnes,Basmati Car,3936.1,3936.1,3936.1,Rs./Quintal,FAQ
Baripaal APMC,7.6,Metric Tonnes,Common,2480.0,2500.0,2493.55,Rs./Quintal,FAQ
Basti APMC,27.15,Metric Tonnes,Common,2550.0,2550.0,2550.0,Rs./Quintal,FAQ
Bharthna APMC,11.34,Metric Tonnes,Other,2680.0,2710.0,2696.61,Rs./Quintal,FAQ
Chandausi APMC,38.4,Metric Tonnes,Common,3250.0,3250.0,3250.0,Rs./Quintal,FAQ
Charkhari APMC,3.0,Metric Tonnes,Common,2500.0,2500.0,2500.0,Rs./Quintal,FAQ
Colonelganj APMC,21.6,Metric Tonnes,Common,2650.0,2650.0,2650.0,Rs./Quintal,FAQ
Dhampur APMC,28.02,Metric Tonnes,Common,3000.0,3000.0,3000.0,Rs./Quintal,FAQ
Dudhi APMC,10.0,Metric Tonnes,Common,2000.0,2000.0,2000.0,Rs./Quintal,FAQ
Ganj Dundwara APMC,1.25,Metric Tonnes,Common,2700.0,2700.0,2700.0,Rs./Quintal,FAQ
Hapur APMC,3.5,Metric Tonnes,Other,3500.0,3500.0,3500.0,Rs./Quintal,FAQ
Hasanpur APMC,21.17,Metric Tonnes,Other,5539.02,5539.02,5539.02,Rs./Quintal,FAQ
Jangipura APMC,25.015,Metric Tonnes,Common,2700.0,2700.0,2700.0,Rs./Quintal,FAQ
Jayas APMC,73.45,Metric Tonnes,Common,2200.0,2500.0,2322.53,Rs./Quintal,FAQ
Kanpur(Grain) APMC,25.0,Metric Tonnes,Other,3515.96,3515.96,3515.96,Rs./Quintal,FAQ
Karvi APMC,30.24,Metric Tonnes,Other,2650.0,2650.0,2650.0,Rs./Quintal,FAQ
Kayamganj APMC,22.0,Metric Tonnes,Common,2700.0,2700.0,2700.0,Rs./Quintal,FAQ
Kishunpur APMC,8.486,Metric Tonnes,Common,2400.0,2400.0,2400.0,Rs./Quintal,FAQ
Lucknow APMC,6.04,Metric Tonnes,Other,6801.0,8001.0,7794.38,Rs./Quintal,FAQ
Muradabad APMC,2.512,Metric Tonnes,Broken Rice(Kanki),6545.0,6545.0,6545.0,Rs./Quintal,FAQ
Muzzafarnagar APMC,24.0,Metric Tonnes,Common,4000.0,4000.0,4000.0,Rs./Quintal,FAQ
Naugarh APMC,31.555,Metric Tonnes,Common,2600.0,2600.0,2600.0,Rs./Quintal,FAQ
Pilibhit APMC,35.205,Metric Tonnes,Other,6000.0,6000.0,6000.0,Rs./Quintal,FAQ
Pratapgarh APMC,36.0,Metric Tonnes,Common,2650.0,2650.0,2650.0,Rs./Quintal,FAQ
Prayagraj APMC,4.5,Metric Tonnes,Other,3200.0,3200.0,3200.0,Rs./Quintal,FAQ
Raibareilly APMC,16.225,Metric Tonnes,Common,2300.0,2500.0,2393.37,Rs./Quintal,FAQ
Rudauli APMC,63.26,Metric Tonnes,Common,2850.0,2850.0,2850.0,Rs./Quintal,FAQ
Sahiyapur APMC,25.0,Metric Tonnes,Other,2550.0,2550.0,2550.0,Rs./Quintal,FAQ
Saidpur APMC,29.34,Metric Tonnes,Common,4750.0,4750.0,4750.0,Rs./Quintal,FAQ
Sehjanwa APMC,1.3,Metric Tonnes,Common,2500.0,2500.0,2500.0,Rs./Quintal,FAQ
Shahganj APMC,31.0,Metric Tonnes,Common,2600.0,2600.0,2600.0,Rs./Quintal,FAQ
Shohratgarh APMC,29.415,Metric Tonnes,Common,2550.0,2550.0,2550.0,Rs./Quintal,FAQ
Sultanpur APMC,70.475,Metric Tonnes,Common,2500.0,3700.0,2833.83,Rs./Quintal,FAQ
Utraula APMC,21.0,Metric Tonnes,Common,2400.0,2400.0,2400.0,Rs./Quintal,FAQ
Uttaripura APMC,9.0,Metric Tonnes,Common,2150.0,2150.0,2150.0,Rs./Quintal,FAQ
Total,1245.14,Metric Tonnes,,,,3301.98,Rs./Quintal,
State/UT Name : Uttarakhand
Gadarpur APMC,178.0,Metric Tonnes,Other,3500.0,3500.0,3500.0,Rs./Quintal,Local
Tanakpur APMC,30.0,Metric Tonnes,Other,5000.0,5000.0,5000.0,Rs./Quintal,Grade Range-1
Total,208.0,Metric Tonnes,,,,3716.35,Rs./Quintal,
State/UT Name : West Bengal
Asansol APMC,52.0,Metric Tonnes,Fine,4685.0,4850.0,4750.0,Rs./Quintal,FAQ
Balarampur APMC,8.5,Metric Tonnes,Other,3600.0,3700.0,3650.0,Rs./Quintal,FAQ
Bankura Sadar APMC,24.5,Metric Tonnes,Common,3200.0,3300.0,3250.0,Rs./Quintal,FAQ
Baruipur(Canning) APMC,7.5,Metric Tonnes,Fine,5100.0,5300.0,5200.0,Rs./Quintal,FAQ
Baruipur(Canning) APMC,8.0,Metric Tonnes,Common,3100.0,3300.0,3200.0,Rs./Quintal,FAQ
Baxirhat APMC,15.0,Metric Tonnes,Common,4000.0,4200.0,4100.0,Rs./Quintal,FAQ
Beldanga APMC,3.0,Metric Tonnes,Other,3450.0,3600.0,3550.0,Rs./Quintal,FAQ
Bethuadahari APMC,8.7,Metric Tonnes,Fine,5000.0,5200.0,5100.0,Rs./Quintal,Grade Range-1
Birbhum APMC,31.0,Metric Tonnes,Common,3650.0,3750.0,3700.0,Rs./Quintal,FAQ
Bishnupur(Bankura) APMC,0.32000000000000006,Metric Tonnes,Common,3600.0,3750.0,3650.0,Rs./Quintal,FAQ
Bishnupur(Bankura) APMC,0.24,Metric Tonnes,Fine,4600.0,4750.0,4700.0,Rs./Quintal,FAQ
Bolpur APMC,33.0,Metric Tonnes,Common,3650.0,3750.0,3700.0,Rs./Quintal,FAQ
Burdwan APMC,20.0,Metric Tonnes,Common,3300.0,3450.0,3350.0,Rs./Quintal,FAQ
Burdwan APMC,22.0,Metric Tonnes,Fine,3650.0,3800.0,3700.0,Rs./Quintal,FAQ
Champadanga APMC,3.4,Metric Tonnes,Fine,4650.0,4750.0,4700.0,Rs./Quintal,FAQ
Champadanga APMC,2.2,Metric Tonnes,Sona Mansoori Non Basmati,3300.0,3350.0,3300.0,Rs./Quintal,FAQ
Diamond Harbour(South 24-pgs) APMC,6.5,Metric Tonnes,Super Fine,5000.0,5200.0,5100.0,Rs./Quintal,FAQ
Diamond Harbour(South 24-pgs) APMC,7.0,Metric Tonnes,Common,3300.0,3500.0,3400.0,Rs./Quintal,FAQ
Dinhata APMC,15.0,Metric Tonnes,Common,4000.0,4200.0,4100.0,Rs./Quintal,FAQ
Durgapur APMC,54.0,Metric Tonnes,Fine,4675.0,4860.0,4750.0,Rs./Quintal,FAQ
Egra/contai APMC,45.0,Metric Tonnes,Fine,3200.0,3400.0,3300.0,Rs./Quintal,FAQ
Ghatal APMC,13.0,Metric Tonnes,Masuri,3600.0,3650.0,3640.0,Rs./Quintal,FAQ
Haldibari APMC,15.0,Metric Tonnes,Common,4000.0,4200.0,4100.0,Rs./Quintal,FAQ
Indus(Bankura Sadar) APMC,5.5,Metric Tonnes,Fine,4500.0,4650.0,4600.0,Rs./Quintal,FAQ
Jangipur APMC,25.25,Metric Tonnes,Common,5100.0,5300.0,5200.0,Rs./Quintal,FAQ
Jiaganj APMC,12.0,Metric Tonnes,Fine,3500.0,3600.0,3550.0,Rs./Quintal,FAQ
Kaliaganj APMC,15.0,Metric Tonnes,Fine,5400.0,5600.0,5500.0,Rs./Quintal,FAQ
Kalipur APMC,11.6,Metric Tonnes,Common,3260.0,3300.0,3280.0,Rs./Quintal,FAQ
Kalipur APMC,12.8,Metric Tonnes,Fine,4600.0,4700.0,4650.0,Rs./Quintal,FAQ
Kalyani APMC,6.0,Metric Tonnes,Fine,4800.0,5000.0,4900.0,Rs./Quintal,Local
Kalyani APMC,3.0,Metric Tonnes,Sona,4600.0,4800.0,4700.0,Rs./Quintal,Local
Kalyani APMC,3.0,Metric Tonnes,Masuri,3300.0,3500.0,3400.0,Rs./Quintal,Local
Kandi APMC,12.0,Metric Tonnes,Common,3500.0,3700.0,3600.0,Rs./Quintal,FAQ
Karimpur APMC,10.5,Metric Tonnes,Fine,5000.0,5200.0,5100.0,Rs./Quintal,Grade Range-1
Kasimbazar APMC,12.0,Metric Tonnes,Common,3500.0,3700.0,3600.0,Rs./Quintal,FAQ
Khatra APMC,0.42000000000000004,Metric Tonnes,Common,3600.0,3700.0,3650.0,Rs./Quintal,FAQ
Kolaghat APMC,5.0,Metric Tonnes,Common,3200.0,3400.0,3300.0,Rs./Quintal,FAQ
Kolaghat APMC,5.0,Metric Tonnes,Fine,4200.0,4400.0,4300.0,Rs./Quintal,FAQ
Lalbagh APMC,11.5,Metric Tonnes,Other,3500.0,3700.0,3600.0,Rs./Quintal,FAQ
Mathabhanga APMC,16.0,Metric Tonnes,Common,4000.0,4200.0,4100.0,Rs./Quintal,FAQ
Mekhliganj APMC,15.0,Metric Tonnes,Common,4000.0,4200.0,4100.0,Rs./Quintal,FAQ
Memari APMC,17.0,Metric Tonnes,Common,3300.0,3450.0,3350.0,Rs./Quintal,FAQ
Memari APMC,15.0,Metric Tonnes,Fine,3650.0,3800.0,3700.0,Rs./Quintal,FAQ
Nadia APMC,10.6,Metric Tonnes,Fine,4750.0,4800.0,4800.0,Rs./Quintal,Local
Nadia APMC,6.1,Metric Tonnes,Common,3300.0,3400.0,3300.0,Rs./Quintal,Local
Pandua APMC,5.2,Metric Tonnes,Fine,4400.0,4650.0,4500.0,Rs./Quintal,FAQ
Purulia APMC,18.0,Metric Tonnes,Other,3400.0,3600.0,3500.0,Rs./Quintal,FAQ
Ramkrishanpur(Howrah) APMC,0.45,Metric Tonnes,Sona Mansoori Non Basmati,3300.0,3500.0,3400.0,Rs./Quintal,FAQ
Ramkrishanpur(Howrah) APMC,0.35000000000000003,Metric Tonnes,Other,3500.0,3700.0,3600.0,Rs./Quintal,FAQ
Rampurhat APMC,25.0,Metric Tonnes,Common,3450.0,3520.0,3500.0,Rs./Quintal,FAQ
Ranaghat APMC,10.0,Metric Tonnes,Fine,4600.0,4800.0,4700.0,Rs./Quintal,Local
Sainthia APMC,38.0,Metric Tonnes,Common,3600.0,3750.0,3700.0,Rs./Quintal,FAQ
Samsi APMC,9.5,Metric Tonnes,Fine,5200.0,5400.0,5300.0,Rs./Quintal,FAQ
Sheoraphuly APMC,6.1,Metric Tonnes,Masuri,3175.0,3300.0,3250.0,Rs./Quintal,FAQ
Siliguri APMC,280.0,Metric Tonnes,Fine(Basmati),5100.0,5300.0,5200.0,Rs./Quintal,FAQ
Tamluk (Medinipur E) APMC,8.0,Metric Tonnes,Fine,4200.0,4400.0,4300.0,Rs./Quintal,FAQ
Tamluk (Medinipur E) APMC,8.0,Metric Tonnes,Common,3200.0,3400.0,3300.0,Rs./Quintal,FAQ
Toofanganj APMC,16.0,Metric Tonnes,Common,4000.0,4200.0,4100.0,Rs./Quintal,FAQ
Uluberia APMC,0.4,Metric Tonnes,Sona Mansoori Non Basmati,3300.0,3500.0,3400.0,Rs./Quintal,FAQ
Uluberia APMC,0.30000000000000004,Metric Tonnes,Other,3500.0,3700.0,3600.0,Rs./Quintal,FAQ
Total,1050.43,Metric Tonnes,,,,4346.31,Rs./Quintal,
Grand Total,12644.07,Metric Tonnes,,,,4420.82,Rs./Quintal,
Wheat (MSP: Rs. 2585.00/Quintal)
State/UT Name : Bihar
Barbigha APMC,15.0,Metric Tonnes,147 Average,2500.0,2690.0,2580.0,Rs./Quintal,FAQ
Shekhpura APMC,15.0,Metric Tonnes,147 Average,2500.0,2690.0,2580.0,Rs./Quintal,FAQ
Total,30.0,Metric Tonnes,,,,2580.0,Rs./Quintal,
State/UT Name : Chattisgarh
Bhatapara APMC,0.8,Metric Tonnes,Local,2656.0,2670.0,2670.0,Rs./Quintal,Non-FAQ
Bilaspur APMC,3.6,Metric Tonnes,Local,2635.0,2635.0,2635.0,Rs./Quintal,FAQ
Gandai APMC,2.0,Metric Tonnes,147 Average,2500.0,2500.0,2500.0,Rs./Quintal,Non-FAQ
Kawardha APMC,2.6,Metric Tonnes,Deshi,2670.0,2700.0,2700.0,Rs./Quintal,FAQ
Mungeli APMC,6.4,Metric Tonnes,Local,2490.0,2641.0,2604.0,Rs./Quintal,FAQ
Pathalgaon APMC,1.0,Metric Tonnes,Hybrid,2100.0,2100.0,2100.0,Rs./Quintal,Non-FAQ
Rajnandgaon APMC,12.5,Metric Tonnes,Deshi,2700.0,2761.0,2731.0,Rs./Quintal,Non-FAQ
Total,28.9,Metric Tonnes,,,,2648.62,Rs./Quintal,
State/UT Name : Gujarat
APMC Bagasara,1.5,Metric Tonnes,Lokwan Gujrat,2500.0,2750.0,2625.0,Rs./Quintal,Local
Babra APMC,3.0,Metric Tonnes,Medium,2400.0,2610.0,2505.0,Rs./Quintal,FAQ
Bhesan APMC,1.5,Metric Tonnes,Other,1500.0,2500.0,2000.0,Rs./Quintal,FAQ
Bhiloda APMC,3.0,Metric Tonnes,Other,2750.0,2900.0,2825.0,Rs./Quintal,FAQ
Botad APMC,34.5,Metric Tonnes,Local,2500.0,3000.0,2750.0,Rs./Quintal,Local
Chotila APMC,5.300000000000001,Metric Tonnes,Local,2500.0,2800.0,2675.0,Rs./Quintal,FAQ
Dahod APMC,203.0,Metric Tonnes,147 Average,2800.0,2900.0,2870.0,Rs./Quintal,Local
Dehgam APMC,6.5,Metric Tonnes,Other,2760.0,2770.0,2765.0,Rs./Quintal,FAQ
Dehgam(Rekhiyal) APMC,0.5,Metric Tonnes,Other,2650.0,2725.0,2687.0,Rs./Quintal,FAQ
Dhansura APMC,2.2,Metric Tonnes,Milbar,2500.0,2700.0,2650.0,Rs./Quintal,Local
Dhari APMC,0.135,Metric Tonnes,Lokwan,2750.0,2750.0,2750.0,Rs./Quintal,FAQ
Harij APMC,9.0,Metric Tonnes,Other,1900.0,3205.0,2550.0,Rs./Quintal,Local
Himatnagar APMC,25.8,Metric Tonnes,Sonalika,2650.0,2995.0,2800.0,Rs./Quintal,Local
Idar APMC,21.0,Metric Tonnes,Other,2600.0,2950.0,2700.0,Rs./Quintal,Local
JASDAN APMC,17.0,Metric Tonnes,2189 No. 2,2555.0,2825.0,2655.0,Rs./Quintal,FAQ
Jamnagar APMC,27.900000000000002,Metric Tonnes,Other,2500.0,2825.0,2725.0,Rs./Quintal,Local
Kadi APMC,32.5,Metric Tonnes,Other,2710.0,3075.0,2850.0,Rs./Quintal,FAQ
Kalol APMC,5.0,Metric Tonnes,Other,2700.0,2850.0,2750.0,Rs./Quintal,Local
Kapadvanj APMC,12.0,Metric Tonnes,Other,2500.0,2550.0,2525.0,Rs./Quintal,Local
Khambhat(Grain Market) APMC,5.0,Metric Tonnes,Other,2000.0,2650.0,2250.0,Rs./Quintal,Local
Mahuva(Station Road) APMC,14.65,Metric Tonnes,Kalyan,2255.0,3160.0,2708.0,Rs./Quintal,FAQ
Mansa APMC,6.0,Metric Tonnes,Local,2575.0,2875.0,2720.0,Rs./Quintal,Local
Meghraj APMC,8.0,Metric Tonnes,Other,2400.0,2600.0,2600.0,Rs./Quintal,Local
Mehsana APMC,8.0,Metric Tonnes,Local,2400.0,2710.0,2650.0,Rs./Quintal,Local
Mehsana(Jornang) APMC,2.4000000000000004,Metric Tonnes,Other,2405.0,2675.0,2500.0,Rs./Quintal,Local
Modasa APMC,7.0,Metric Tonnes,Lokwan Gujrat,2680.0,2725.0,2725.0,Rs./Quintal,FAQ
Modasa(Tintoi) APMC,4.5,Metric Tonnes,Lokwan,2580.0,2625.0,2625.0,Rs./Quintal,FAQ
Morbi APMC,48.400000000000006,Metric Tonnes,Other,2500.0,2840.0,2670.0,Rs./Quintal,FAQ
Morva Hafad APMC,0.4,Metric Tonnes,Deshi,2250.0,2400.0,2325.0,Rs./Quintal,Local
Palitana APMC,8.32,Metric Tonnes,Other,2495.0,2850.0,2670.0,Rs./Quintal,Local
Patan APMC,35.625,Metric Tonnes,Other,2525.0,2850.0,2700.0,Rs./Quintal,FAQ
Radhanpur APMC,19.2,Metric Tonnes,Other,2575.0,2880.0,2750.0,Rs./Quintal,Local
Rajkot APMC,80.0,Metric Tonnes,Sharbati,2750.0,2900.0,2825.0,Rs./Quintal,FAQ
Rajkot APMC,30.0,Metric Tonnes,Lokwan,2245.0,2870.0,2800.0,Rs./Quintal,FAQ
Rajula APMC,4.2,Metric Tonnes,PISSI,2505.0,2860.0,2682.0,Rs./Quintal,Local
Sanad APMC,21.0,Metric Tonnes,Sharbati,2665.0,2665.0,2665.0,Rs./Quintal,FAQ
Savarkundla APMC,7.2,Metric Tonnes,Lokwan,2400.0,2675.0,2600.0,Rs./Quintal,Local
Savarkundla APMC,10.0,Metric Tonnes,Bansi,2500.0,2750.0,2650.0,Rs./Quintal,Local
Siddhpur APMC,44.27,Metric Tonnes,Hybrid,2650.0,2860.0,2755.0,Rs./Quintal,FAQ
Taleja APMC,24.6,Metric Tonnes,Kalyan,1505.0,2835.0,2170.0,Rs./Quintal,FAQ
Talod APMC,20.5,Metric Tonnes,Other,2650.0,2895.0,2772.0,Rs./Quintal,FAQ
Thara APMC,15.4,Metric Tonnes,Other,2030.0,2770.0,2400.0,Rs./Quintal,FAQ
The Agricultural Produce Market Committee-Amreli,35.5,Metric Tonnes,Rajasthan Tukdi,2425.0,2950.0,2850.0,Rs./Quintal,FAQ
The Agricultural Produce Market Committee-Amreli,6.2,Metric Tonnes,Lokwan,2650.0,2950.0,2875.0,Rs./Quintal,FAQ
Vankaner APMC,30.0,Metric Tonnes,Lokwan,2250.0,2805.0,2690.0,Rs./Quintal,FAQ
Visnagar APMC,425.0,Metric Tonnes,Other,2500.0,2815.0,2657.0,Rs./Quintal,Local
Zalod(Sanjeli) APMC,0.75,Metric Tonnes,Other,2600.0,2600.0,2600.0,Rs./Quintal,Grade Range-2
Total,1333.45,Metric Tonnes,,,,2714.6,Rs./Quintal,
State/UT Name : Karnataka
APMC Hubballi,0.30000000000000004,Metric Tonnes,Jawari,2769.0,2769.0,2769.0,Rs./Quintal,Local
Bengaluru APMC,144.5,Metric Tonnes,Local,3500.0,4500.0,4000.0,Rs./Quintal,FAQ
Bidar APMC,10.0,Metric Tonnes,Red,2600.0,3475.0,3100.0,Rs./Quintal,Non-FAQ
Davangere APMC,34.300000000000004,Metric Tonnes,Medium,2861.0,3261.0,3091.0,Rs./Quintal,Local
Haveri APMC,8.5,Metric Tonnes,Local,2750.0,2750.0,2750.0,Rs./Quintal,Local
Kalaburagi APMC,1.5,Metric Tonnes,Sharbati,1850.0,3400.0,2750.0,Rs./Quintal,Local
Kalaghatagi APMC,3.8000000000000003,Metric Tonnes,Local,2500.0,2500.0,2500.0,Rs./Quintal,Local
Nargunda APMC,33.5,Metric Tonnes,H.D.,2850.0,2850.0,2850.0,Rs./Quintal,FAQ
Vijayapura APMC,19.0,Metric Tonnes,Sona,2800.0,2800.0,2800.0,Rs./Quintal,Local
Total,255.4,Metric Tonnes,,,,3529.86,Rs./Quintal,
State/UT Name : Madhya Pradesh
Agar APMC,165.86900000000003,Metric Tonnes,Wheat,1919.0,2827.0,2694.0,Rs./Quintal,FAQ
Ajaygarh APMC,56.87200000000001,Metric Tonnes,Mill Quality,2550.0,2650.0,2590.0,Rs./Quintal,FAQ
Akodiya APMC,3.233,Metric Tonnes,Wheat,2370.0,2650.0,2650.0,Rs./Quintal,FAQ
Amarpatan APMC,156.90300000000002,Metric Tonnes,Mill Quality,2540.0,2600.0,2565.0,Rs./Quintal,FAQ
Amarwda APMC,102.0,Metric Tonnes,Wheat,2700.0,2750.0,2700.0,Rs./Quintal,FAQ
Ambaha APMC,81.30000000000001,Metric Tonnes,Wheat,2520.0,2600.0,2580.0,Rs./Quintal,Non-FAQ
Anuppur APMC,28.0,Metric Tonnes,Wheat,2300.0,2505.0,2300.0,Rs./Quintal,FAQ
Aron APMC,76.421,Metric Tonnes,Wheat,2480.0,5695.0,2790.0,Rs./Quintal,FAQ
Ashoknagar APMC,75.24600000000001,Metric Tonnes,Sharbati,2640.0,5700.0,3085.0,Rs./Quintal,FAQ
Ashoknagar APMC,169.34500000000003,Metric Tonnes,Wheat,2490.0,2960.0,2705.0,Rs./Quintal,FAQ
Ashta APMC,274.103,Metric Tonnes,Wheat,2500.0,5602.0,2950.0,Rs./Quintal,FAQ
Babai (Makhan Nagar) APMC,30.765,Metric Tonnes,Mill Quality,2500.0,2520.0,2520.0,Rs./Quintal,FAQ
Badamalhera APMC,843.4700000000001,Metric Tonnes,Mill Quality,2490.0,2660.0,2650.0,Rs./Quintal,Non-FAQ
Badarwas APMC,0.30000000000000004,Metric Tonnes,Wheat,2300.0,2300.0,2300.0,Rs./Quintal,FAQ
Badarwas APMC,37.139,Metric Tonnes,Wheat,2505.0,3800.0,2650.0,Rs./Quintal,Non-FAQ
Badnagar APMC,108.37100000000001,Metric Tonnes,Wheat,2130.0,3019.0,2754.0,Rs./Quintal,FAQ
Badnawar APMC,93.629,Metric Tonnes,Wheat,2000.0,2825.0,2620.0,Rs./Quintal,FAQ
Badod APMC,2.5120000000000005,Metric Tonnes,Wheat,2645.0,2645.0,2645.0,Rs./Quintal,FAQ
Badod APMC,26.686000000000003,Metric Tonnes,Wheat,2632.0,2691.0,2660.0,Rs./Quintal,Non-FAQ
Badwaha APMC,22.737000000000002,Metric Tonnes,Wheat,2564.0,2739.0,2739.0,Rs./Quintal,FAQ
Badwani APMC,21.580000000000002,Metric Tonnes,Lokwan,2600.0,2610.0,2600.0,Rs./Quintal,FAQ
Baikunthpur APMC,10.0,Metric Tonnes,Mill Quality,2500.0,2500.0,2500.0,Rs./Quintal,FAQ
Baikunthpur APMC,72.82100000000001,Metric Tonnes,Mill Quality,2500.0,2550.0,2500.0,Rs./Quintal,Non-FAQ
Baikunthpur APMC,244.05500000000004,Metric Tonnes,Wheat,2550.0,2600.0,2550.0,Rs./Quintal,Non-FAQ
Bakswaha APMC,130.448,Metric Tonnes,Mill Quality,2505.0,2530.0,2525.0,Rs./Quintal,FAQ
Baktara APMC,22.0,Metric Tonnes,Mill Quality,2610.0,2610.0,2610.0,Rs./Quintal,FAQ
Bamora APMC,3.6799999999999997,Metric Tonnes,Mill Quality,2300.0,2640.0,2640.0,Rs./Quintal,FAQ
Banapura APMC,180.45000000000002,Metric Tonnes,Local,2717.0,2769.0,2750.0,Rs./Quintal,FAQ
Banda APMC,150.27,Metric Tonnes,Wheat,2530.0,2565.0,2550.0,Rs./Quintal,FAQ
Bankhedi APMC,7.845000000000001,Metric Tonnes,Mill Quality,2651.0,2705.0,2705.0,Rs./Quintal,FAQ
Barad APMC,8.825000000000001,Metric Tonnes,Wheat,2550.0,2590.0,2590.0,Rs./Quintal,FAQ
Bareli APMC,32.35,Metric Tonnes,Wheat,2609.0,2700.0,2700.0,Rs./Quintal,FAQ
Bareli APMC,48.035000000000004,Metric Tonnes,Mill Quality,2592.0,2684.0,2669.0,Rs./Quintal,FAQ
Begamganj APMC,66.788,Metric Tonnes,Wheat,2250.0,2750.0,2680.0,Rs./Quintal,FAQ
Begamganj APMC,76.29299999999999,Metric Tonnes,Wheat,2505.0,2730.0,2650.0,Rs./Quintal,Non-FAQ
Beohari APMC,190.54000000000002,Metric Tonnes,Mill Quality,2460.0,2520.0,2480.0,Rs./Quintal,FAQ
Beohari APMC,7.720000000000001,Metric Tonnes,Mill Quality,2450.0,2450.0,2450.0,Rs./Quintal,Non-FAQ
Berasia APMC,52.43200000000001,Metric Tonnes,Mill Quality,2626.0,2843.0,2633.0,Rs./Quintal,FAQ
Berasia APMC,166.585,Metric Tonnes,Wheat,2355.0,2875.0,2670.0,Rs./Quintal,FAQ
Betul APMC,3.975,Metric Tonnes,Local,2703.0,2703.0,2703.0,Rs./Quintal,FAQ
Betul APMC,468.80500000000006,Metric Tonnes,Mill Quality,2642.0,2780.0,2711.0,Rs./Quintal,FAQ
Bhander APMC,12.125,Metric Tonnes,Other,2674.0,2698.0,2698.0,Rs./Quintal,FAQ
Bhander APMC,371.83000000000004,Metric Tonnes,Mill Quality,2553.0,2707.0,2668.0,Rs./Quintal,FAQ
Bhanpura APMC,13.12,Metric Tonnes,Mill Quality,2400.0,2650.0,2650.0,Rs./Quintal,FAQ
Bherunda (Nasrullaganj) APMC,22.806,Metric Tonnes,Wheat,2650.0,2930.0,2930.0,Rs./Quintal,Non-FAQ
Bherunda (Nasrullaganj) APMC,45.854000000000006,Metric Tonnes,Wheat,2607.0,2946.0,2748.0,Rs./Quintal,FAQ
Bhikangaon APMC,164.71500000000003,Metric Tonnes,Wheat,2351.0,2847.0,2771.0,Rs./Quintal,FAQ
Bhind APMC,29.200000000000003,Metric Tonnes,Wheat,2635.0,2652.0,2652.0,Rs./Quintal,FAQ
Bhind APMC,213.8,Metric Tonnes,Wheat,2620.0,2660.0,2648.0,Rs./Quintal,Non-FAQ
Bhitarwar APMC,67.94,Metric Tonnes,Mill Quality,2590.0,2630.0,2605.0,Rs./Quintal,Non-FAQ
Bijawar APMC,490.903,Metric Tonnes,Mill Quality,2600.0,2662.0,2655.0,Rs./Quintal,Non-FAQ
Bina APMC,94.2,Metric Tonnes,Wheat,2600.0,4820.0,2675.0,Rs./Quintal,FAQ
Bina APMC,2.275,Metric Tonnes,Mohan Mondal,2800.0,2800.0,2800.0,Rs./Quintal,FAQ
Binaganj APMC,37.223000000000006,Metric Tonnes,Wheat,2605.0,2680.0,2675.0,Rs./Quintal,FAQ
Budhar APMC,26.5,Metric Tonnes,Mill Quality,2335.0,2520.0,2335.0,Rs./Quintal,Non-FAQ
Burhanpur APMC,80.58500000000001,Metric Tonnes,Wheat,2401.0,2650.0,2650.0,Rs./Quintal,FAQ
Burhanpur APMC,37.411,Metric Tonnes,Wheat,2550.0,2740.0,2740.0,Rs./Quintal,Non-FAQ
Chaakghat APMC,40.69,Metric Tonnes,Mill Quality,2550.0,2601.0,2600.0,Rs./Quintal,FAQ
Chaakghat APMC,11.4,Metric Tonnes,Wheat,2560.0,2576.0,2576.0,Rs./Quintal,FAQ
Chanderi APMC,32.008,Metric Tonnes,Wheat,2570.0,2670.0,2650.0,Rs./Quintal,Non-FAQ
Chaurai APMC,6.0,Metric Tonnes,Wheat,2625.0,2641.0,2641.0,Rs./Quintal,Non-FAQ
Chaurai APMC,66.673,Metric Tonnes,Mill Quality,2700.0,2755.0,2726.0,Rs./Quintal,FAQ
Chhatarpur APMC,718.4200000000001,Metric Tonnes,Mill Quality,2535.0,2665.0,2635.0,Rs./Quintal,Non-FAQ
Chhindwara APMC,947.667,Metric Tonnes,Wheat,2650.0,3170.0,2751.0,Rs./Quintal,FAQ
Dabra APMC,19.35,Metric Tonnes,Other,2690.0,2720.0,2720.0,Rs./Quintal,FAQ
Dabra APMC,34.730000000000004,Metric Tonnes,Wheat,2750.0,2800.0,2790.0,Rs./Quintal,FAQ
Daloda APMC,45.727000000000004,Metric Tonnes,Lokwan,2621.0,2858.0,2721.0,Rs./Quintal,FAQ
Daloda APMC,200.832,Metric Tonnes,Wheat,1601.0,3055.0,2700.0,Rs./Quintal,FAQ
Damoh APMC,6.3500000000000005,Metric Tonnes,Wheat,2530.0,2530.0,2530.0,Rs./Quintal,FAQ
Damoh APMC,17.065,Metric Tonnes,Wheat,2530.0,2560.0,2560.0,Rs./Quintal,Non-FAQ
Damoh APMC,35.65,Metric Tonnes,Mill Quality,2625.0,2625.0,2625.0,Rs./Quintal,Non-FAQ
Datia APMC,412.06000000000006,Metric Tonnes,Mill Quality,2619.0,2706.0,2681.0,Rs./Quintal,FAQ
Devandranagar APMC,38.300000000000004,Metric Tonnes,Wheat,2500.0,2550.0,2550.0,Rs./Quintal,Non-FAQ
Dewas APMC,0.466,Metric Tonnes,Lokwan,2901.0,2901.0,2901.0,Rs./Quintal,FAQ
Dewas APMC,0.319,Metric Tonnes,Mill Quality,2390.0,2390.0,2390.0,Rs./Quintal,FAQ
Dewas APMC,644.461,Metric Tonnes,Wheat,2150.0,3340.0,2650.0,Rs./Quintal,FAQ
Dewas APMC,0.9500000000000001,Metric Tonnes,Malwa Shakti,2660.0,2760.0,2760.0,Rs./Quintal,FAQ
Dhamnod APMC,25.396,Metric Tonnes,Wheat,2718.0,2760.0,2742.0,Rs./Quintal,FAQ
Dhar APMC,30.400000000000002,Metric Tonnes,Lokwan,2560.0,2702.0,2702.0,Rs./Quintal,FAQ
Dhar APMC,337.461,Metric Tonnes,Wheat,2400.0,3044.0,2764.0,Rs./Quintal,FAQ
Dindori APMC,32.185,Metric Tonnes,Local,2400.0,2560.0,2550.0,Rs./Quintal,Non-FAQ
Gadakota APMC,21.506,Metric Tonnes,Wheat,2615.0,2755.0,2655.0,Rs./Quintal,FAQ
Gadarwada APMC,37.02,Metric Tonnes,Mill Quality,2489.0,2697.0,2675.0,Rs./Quintal,Non-FAQ
Gadarwada APMC,108.70100000000001,Metric Tonnes,Mill Quality,2450.0,2701.0,2695.0,Rs./Quintal,FAQ
Gandhwani APMC,78.57300000000001,Metric Tonnes,Wheat,2650.0,2750.0,2710.0,Rs./Quintal,FAQ
Ganjbasoda APMC,20.888,Metric Tonnes,PISSI,2597.0,2986.0,2614.0,Rs./Quintal,FAQ
Ganjbasoda APMC,4.994,Metric Tonnes,Sharbati,3105.0,3550.0,3550.0,Rs./Quintal,FAQ
Ganjbasoda APMC,14.297,Metric Tonnes,Wheat,2600.0,2693.0,2693.0,Rs./Quintal,FAQ
Ganjbasoda APMC,6.18,Metric Tonnes,Malwa Shakti,2101.0,2616.0,2616.0,Rs./Quintal,FAQ
Ganjbasoda APMC,160.01300000000003,Metric Tonnes,Sujatha,2590.0,3113.0,2780.0,Rs./Quintal,FAQ
Ganjbasoda APMC,9.675,Metric Tonnes,Local,2610.0,2633.0,2610.0,Rs./Quintal,FAQ
Garoth APMC,10.344000000000001,Metric Tonnes,Wheat,2530.0,2531.0,2531.0,Rs./Quintal,Non-FAQ
Gautampura APMC,67.399,Metric Tonnes,Wheat,2410.0,2650.0,2500.0,Rs./Quintal,FAQ
Ghansour APMC,96.4,Metric Tonnes,Mill Quality,2300.0,2400.0,2350.0,Rs./Quintal,FAQ
Gohad APMC,13.0,Metric Tonnes,Mill Quality,2490.0,2490.0,2490.0,Rs./Quintal,Non-FAQ
Gohad APMC,34.115,Metric Tonnes,Wheat,2550.0,2710.0,2710.0,Rs./Quintal,FAQ
Gorakhpur APMC,42.900000000000006,Metric Tonnes,Mill Quality,2350.0,2505.0,2400.0,Rs./Quintal,FAQ
Gotegaon APMC,198.20000000000002,Metric Tonnes,Wheat,2350.0,2680.0,2671.0,Rs./Quintal,FAQ
Guna APMC,509.716,Metric Tonnes,Wheat,2550.0,6490.0,2905.0,Rs./Quintal,FAQ
Haatpipliya APMC,31.977999999999998,Metric Tonnes,Wheat,2641.0,3005.0,2835.0,Rs./Quintal,Non-FAQ
Hanumana APMC,8.0,Metric Tonnes,Mill Quality,2500.0,2500.0,2500.0,Rs./Quintal,FAQ
Harda APMC,382.92,Metric Tonnes,Mill Quality,2400.0,2744.0,2711.0,Rs./Quintal,FAQ
Harpalpur APMC,179.929,Metric Tonnes,Wheat,2602.0,2710.0,2700.0,Rs./Quintal,FAQ
Harsood APMC,41.46600000000001,Metric Tonnes,Wheat,2626.0,2723.0,2705.0,Rs./Quintal,FAQ
Harsood APMC,17.22,Metric Tonnes,Mill Quality,2600.0,2620.0,2600.0,Rs./Quintal,Non-FAQ
Hata APMC,8.05,Metric Tonnes,Wheat,2300.0,2300.0,2300.0,Rs./Quintal,FAQ
Ichhawar APMC,15.494,Metric Tonnes,Wheat,2566.0,2920.0,2871.0,Rs./Quintal,FAQ
Indore APMC,1.6,Metric Tonnes,Malwa Shakti,2705.0,2705.0,2705.0,Rs./Quintal,Non-FAQ
Indore APMC,15.89,Metric Tonnes,Mill Quality,2750.0,2800.0,2800.0,Rs./Quintal,FAQ
Indore APMC,377.81500000000005,Metric Tonnes,Wheat,2599.0,3155.0,2741.0,Rs./Quintal,FAQ
Isagarh APMC,32.484,Metric Tonnes,Wheat,2510.0,2695.0,2695.0,Rs./Quintal,FAQ
Itarsi APMC,234.81500000000003,Metric Tonnes,Wheat,2570.0,2730.0,2716.0,Rs./Quintal,FAQ
Jabalpur APMC,469.97,Metric Tonnes,Wheat,2525.0,2800.0,2670.0,Rs./Quintal,FAQ
Jaisinagar APMC,47.5,Metric Tonnes,Mill Quality,2490.0,2510.0,2510.0,Rs./Quintal,FAQ
Jaora APMC,802.1610000000001,Metric Tonnes,Wheat,1100.0,3140.0,2800.0,Rs./Quintal,FAQ
Jaora APMC,0.266,Metric Tonnes,Local,2690.0,2690.0,2690.0,Rs./Quintal,FAQ
Jatara APMC,119.06,Metric Tonnes,Mill Quality,2530.0,2570.0,2570.0,Rs./Quintal,Non-FAQ
Jatara APMC,123.49900000000001,Metric Tonnes,Wheat,2528.0,2560.0,2550.0,Rs./Quintal,Non-FAQ
Javera APMC,70.465,Metric Tonnes,Mill Quality,2570.0,2695.0,2580.0,Rs./Quintal,Non-FAQ
Javera APMC,58.18200000000001,Metric Tonnes,Wheat,2540.0,2600.0,2580.0,Rs./Quintal,Non-FAQ
Javera APMC,5.187,Metric Tonnes,Lokwan,2600.0,2600.0,2600.0,Rs./Quintal,Non-FAQ
Jawar APMC,30.386000000000003,Metric Tonnes,Wheat,2580.0,2839.0,2628.0,Rs./Quintal,FAQ
Jeerapur APMC,139.198,Metric Tonnes,Wheat,2555.0,2680.0,2670.0,Rs./Quintal,FAQ
Jeerapur APMC,0.41900000000000004,Metric Tonnes,Wheat Mix,2670.0,2670.0,2670.0,Rs./Quintal,FAQ
Jhabua APMC,40.34700000000001,Metric Tonnes,Wheat,2655.0,2999.0,2689.0,Rs./Quintal,FAQ
Jhabua(F&V) APMC,40.34700000000001,Metric Tonnes,Wheat,2655.0,2999.0,2827.0,Rs./Quintal,Local
Jobat APMC,25.945,Metric Tonnes,Wheat,2500.0,2575.0,2550.0,Rs./Quintal,FAQ
Jora APMC,39.800000000000004,Metric Tonnes,Mill Quality,2350.0,2450.0,2350.0,Rs./Quintal,Non-FAQ
Kailaras APMC,2.7460000000000004,Metric Tonnes,Wheat,2567.0,2641.0,2641.0,Rs./Quintal,FAQ
Kalapipal APMC,10.454,Metric Tonnes,Wheat,2450.0,2826.0,2561.0,Rs./Quintal,FAQ
Kannod APMC,48.599000000000004,Metric Tonnes,Wheat,2650.0,2756.0,2710.0,Rs./Quintal,FAQ
Kareli APMC,36.015,Metric Tonnes,Wheat,2611.0,2766.0,2680.0,Rs./Quintal,FAQ
Karera APMC,131.6,Metric Tonnes,Mill Quality,2401.0,2525.0,2455.0,Rs./Quintal,FAQ
Karera APMC,79.28,Metric Tonnes,Wheat,2500.0,2610.0,2520.0,Rs./Quintal,FAQ
Karhi APMC,13.015,Metric Tonnes,Wheat,2750.0,2800.0,2750.0,Rs./Quintal,FAQ
Kasrawad APMC,516.407,Metric Tonnes,Wheat,2600.0,2850.0,2775.0,Rs./Quintal,FAQ
Katni APMC,6.208,Metric Tonnes,Wheat,2650.0,2650.0,2650.0,Rs./Quintal,FAQ
Katni APMC,736.3510000000001,Metric Tonnes,Wheat,2223.0,2715.0,2660.0,Rs./Quintal,Non-FAQ
Katni APMC,758.087,Metric Tonnes,Mill Quality,2400.0,2740.0,2600.0,Rs./Quintal,FAQ
Kesli APMC,58.53,Metric Tonnes,Wheat,2550.0,2575.0,2565.0,Rs./Quintal,FAQ
Khachrod APMC,12.436,Metric Tonnes,Wheat,2500.0,2690.0,2571.0,Rs./Quintal,FAQ
Khandwa APMC,558.549,Metric Tonnes,Mill Quality,2540.0,2900.0,2730.0,Rs./Quintal,FAQ
Khandwa APMC,29.32,Metric Tonnes,Wheat,2750.0,2811.0,2811.0,Rs./Quintal,FAQ
Khaniadhana APMC,184.20000000000002,Metric Tonnes,Mill Quality,2459.0,2510.0,2478.0,Rs./Quintal,Non-FAQ
Khaniadhana APMC,112.10000000000001,Metric Tonnes,Mill Quality,2400.0,2520.0,2455.0,Rs./Quintal,FAQ
Khargapur APMC,365.069,Metric Tonnes,Mill Quality,2509.0,2621.0,2600.0,Rs./Quintal,FAQ
Khargone APMC,334.62600000000003,Metric Tonnes,Wheat,2580.0,2856.0,2775.0,Rs./Quintal,FAQ
Khategaon APMC,131.722,Metric Tonnes,Wheat,2470.0,2778.0,2650.0,Rs./Quintal,FAQ
Khategaon APMC,1.2880000000000003,Metric Tonnes,Mill Quality,2680.0,2680.0,2680.0,Rs./Quintal,FAQ
Khatora APMC,1.9000000000000001,Metric Tonnes,Wheat,2520.0,2525.0,2525.0,Rs./Quintal,Non-FAQ
Khatora APMC,16.1,Metric Tonnes,Wheat,2630.0,2660.0,2645.0,Rs./Quintal,FAQ
Khirkiya APMC,195.17100000000002,Metric Tonnes,Mill Quality,2570.0,2734.0,2718.0,Rs./Quintal,Non-FAQ
Khirkiya APMC,26.861000000000004,Metric Tonnes,Wheat,2681.0,2730.0,2715.0,Rs./Quintal,Non-FAQ
Khujner APMC,69.935,Metric Tonnes,Wheat,2582.0,2695.0,2694.0,Rs./Quintal,FAQ
Khujner APMC,14.469999999999999,Metric Tonnes,Mill Quality,2660.0,2675.0,2675.0,Rs./Quintal,FAQ
Khurai APMC,104.346,Metric Tonnes,Wheat,2565.0,5175.0,2600.0,Rs./Quintal,FAQ
Kolaras APMC,1.554,Metric Tonnes,Wheat,2605.0,2605.0,2605.0,Rs./Quintal,FAQ
Kolaras APMC,21.986000000000004,Metric Tonnes,Wheat,2550.0,2680.0,2640.0,Rs./Quintal,Non-FAQ
Krishi Upaj Mandi Samiti Bichhiya,16.0,Metric Tonnes,Mill Quality,2400.0,2400.0,2400.0,Rs./Quintal,Non-FAQ
Krishi Upaj Mandi Samiti Bichhiya,24.0,Metric Tonnes,Wheat,2500.0,2510.0,2510.0,Rs./Quintal,FAQ
Kukshi APMC,4.0,Metric Tonnes,Mill Quality,2500.0,2500.0,2500.0,Rs./Quintal,FAQ
Kukshi APMC,15.51,Metric Tonnes,Lokwan,2520.0,2570.0,2570.0,Rs./Quintal,FAQ
Kukshi APMC,22.57,Metric Tonnes,Wheat,2470.0,2560.0,2500.0,Rs./Quintal,Non-FAQ
Kukshi APMC,143.51500000000001,Metric Tonnes,Wheat,2500.0,2710.0,2650.0,Rs./Quintal,FAQ
Kumbhraj APMC,55.480999999999995,Metric Tonnes,Wheat,2600.0,2895.0,2710.0,Rs./Quintal,FAQ
Kurawar APMC,102.56800000000001,Metric Tonnes,Wheat,1745.0,2900.0,2640.0,Rs./Quintal,FAQ
Lakhnadon APMC,27.3,Metric Tonnes,Local,2231.0,2264.0,2231.0,Rs./Quintal,FAQ
Lalbarra APMC,2.5,Metric Tonnes,Wheat,2400.0,2400.0,2400.0,Rs./Quintal,Non-FAQ
Lalbarra APMC,2.8000000000000003,Metric Tonnes,Wheat,2400.0,2400.0,2400.0,Rs./Quintal,FAQ
Lashkar APMC,27.560000000000002,Metric Tonnes,Wheat,2670.0,2720.0,2700.0,Rs./Quintal,FAQ
Lateri APMC,1.51,Metric Tonnes,Mill Quality,2595.0,2595.0,2595.0,Rs./Quintal,Non-FAQ
LavKush Nagar(Laundi) APMC,52.400000000000006,Metric Tonnes,Mill Quality,2400.0,2500.0,2500.0,Rs./Quintal,Non-FAQ
LavKush Nagar(Laundi) APMC,22.71,Metric Tonnes,Mill Quality,2425.0,2525.0,2442.0,Rs./Quintal,FAQ
Loharda APMC,15.64,Metric Tonnes,Wheat,2689.0,2695.0,2695.0,Rs./Quintal,FAQ
Magroni APMC,57.5,Metric Tonnes,Wheat,2529.0,2640.0,2640.0,Rs./Quintal,FAQ
Maihar APMC,257.6,Metric Tonnes,Local,2500.0,2540.0,2530.0,Rs./Quintal,Non-FAQ
Maksudangarh APMC,59.528,Metric Tonnes,Wheat,2502.0,2760.0,2741.0,Rs./Quintal,FAQ
Maksudangarh APMC,16.805000000000003,Metric Tonnes,Wheat,2501.0,2684.0,2684.0,Rs./Quintal,Non-FAQ
Manasa APMC,119.681,Metric Tonnes,Wheat,1600.0,2960.0,2651.0,Rs./Quintal,FAQ
Manawar APMC,205.20500000000004,Metric Tonnes,Wheat,2640.0,2750.0,2710.0,Rs./Quintal,FAQ
Mandla APMC,54.625,Metric Tonnes,Mill Quality,2390.0,2500.0,2400.0,Rs./Quintal,Non-FAQ
Mandsaur APMC,2.886,Metric Tonnes,Lokwan,2661.0,2771.0,2720.0,Rs./Quintal,FAQ
Mandsaur APMC,373.473,Metric Tonnes,Wheat,2080.0,3110.0,2900.0,Rs./Quintal,Non-FAQ
Mandsaur APMC,83.793,Metric Tonnes,Lokwan,2695.0,2991.0,2801.0,Rs./Quintal,Non-FAQ
Mandsaur APMC,2.607,Metric Tonnes,Wheat,2560.0,2800.0,2800.0,Rs./Quintal,FAQ
Mehgaon APMC,2.69,Metric Tonnes,Wheat,2500.0,2500.0,2500.0,Rs./Quintal,FAQ
Mhow (Ambedkar Nagar) APMC,87.099,Metric Tonnes,Wheat,2400.0,2886.0,2728.0,Rs./Quintal,FAQ
Morena APMC,20.590000000000003,Metric Tonnes,Wheat,2578.0,2665.0,2665.0,Rs./Quintal,Non-FAQ
Mow APMC,6.723000000000001,Metric Tonnes,Wheat,2450.0,2500.0,2500.0,Rs./Quintal,Non-FAQ
Multai APMC,69.57000000000001,Metric Tonnes,Mill Quality,2625.0,2665.0,2638.0,Rs./Quintal,FAQ
Mundi APMC,63.376000000000005,Metric Tonnes,Wheat,2600.0,2700.0,2700.0,Rs./Quintal,FAQ
Mungawali APMC,11.43,Metric Tonnes,Wheat,2600.0,2650.0,2650.0,Rs./Quintal,Non-FAQ
Nagda APMC,10.799,Metric Tonnes,Wheat,2590.0,2680.0,2600.0,Rs./Quintal,Non-FAQ
Nagda APMC,12.56,Metric Tonnes,Wheat,2600.0,2700.0,2610.0,Rs./Quintal,FAQ
Nagod APMC,644.1600000000001,Metric Tonnes,Wheat,2400.0,2640.0,2615.0,Rs./Quintal,FAQ
Nagod APMC,34.89,Metric Tonnes,Mill Quality,2545.0,2570.0,2560.0,Rs./Quintal,FAQ
Nainpur APMC,27.281000000000002,Metric Tonnes,Mill Quality,2465.0,2575.0,2575.0,Rs./Quintal,FAQ
Nalkheda APMC,57.647000000000006,Metric Tonnes,Wheat,2561.0,2692.0,2671.0,Rs./Quintal,FAQ
Narmadapuram APMC,20.180000000000003,Metric Tonnes,Wheat,2550.0,2610.0,2610.0,Rs./Quintal,Non-FAQ
Narsinghgarh APMC,61.862,Metric Tonnes,Wheat,2350.0,2875.0,2740.0,Rs./Quintal,FAQ
Narsinghpur APMC,33.78,Metric Tonnes,Mill Quality,2643.0,2680.0,2670.0,Rs./Quintal,Non-FAQ
Narsinghpur APMC,66.905,Metric Tonnes,Mill Quality,2625.0,2701.0,2670.0,Rs./Quintal,FAQ
Naugaon APMC,837.896,Metric Tonnes,Wheat,2600.0,2715.0,2640.0,Rs./Quintal,Non-FAQ
Neemuch APMC,507.37600000000003,Metric Tonnes,Wheat,2302.0,3180.0,2750.0,Rs./Quintal,FAQ
Niwadi APMC,378.12300000000005,Metric Tonnes,Mill Quality,2602.0,2670.0,2660.0,Rs./Quintal,FAQ
Niwadi APMC,185.18,Metric Tonnes,Mill Quality,2610.0,2663.0,2640.0,Rs./Quintal,Non-FAQ
Obedullaganj APMC,29.269000000000002,Metric Tonnes,Wheat,2570.0,2775.0,2650.0,Rs./Quintal,FAQ
Obedullaganj APMC,36.756,Metric Tonnes,Local,2550.0,2823.0,2600.0,Rs./Quintal,FAQ
Obedullaganj APMC,2.4920000000000004,Metric Tonnes,Malwa Shakti,2600.0,2651.0,2651.0,Rs./Quintal,FAQ
Paatan APMC,53.27000000000001,Metric Tonnes,Mill Quality,2590.0,2815.0,2700.0,Rs./Quintal,Non-FAQ
Paatan APMC,96.606,Metric Tonnes,Wheat,2490.0,2830.0,2680.0,Rs./Quintal,FAQ
Paatan APMC,51.355999999999995,Metric Tonnes,Wheat,2650.0,2730.0,2705.0,Rs./Quintal,Non-FAQ
Pachaur APMC,158.741,Metric Tonnes,Wheat,2000.0,2700.0,2630.0,Rs./Quintal,FAQ
Pachaur(F&V) APMC,156.7,Metric Tonnes,Wheat,2000.0,2700.0,2630.0,Rs./Quintal,Grade Range-1
Palera APMC,217.8,Metric Tonnes,Mill Quality,2550.0,2580.0,2560.0,Rs./Quintal,Non-FAQ
Pandhana APMC,40.52,Metric Tonnes,Wheat,2550.0,2726.0,2600.0,Rs./Quintal,FAQ
Pandhurna APMC,20.095,Metric Tonnes,Wheat,2400.0,2550.0,2500.0,Rs./Quintal,Non-FAQ
Panna APMC,111.89100000000002,Metric Tonnes,Mill Quality,2558.0,2599.0,2599.0,Rs./Quintal,FAQ
Panna APMC,309.096,Metric Tonnes,Mill Quality,2474.0,2580.0,2500.0,Rs./Quintal,Non-FAQ
Patharia APMC,137.86800000000002,Metric Tonnes,Wheat,2550.0,2655.0,2644.0,Rs./Quintal,FAQ
Pawai APMC,14.090000000000002,Metric Tonnes,Wheat,2550.0,2570.0,2550.0,Rs./Quintal,Non-FAQ
Petlawad APMC,70.227,Metric Tonnes,Wheat,2385.0,2700.0,2700.0,Rs./Quintal,FAQ
Pichhour APMC,236.10000000000002,Metric Tonnes,Mill Quality,2560.0,2598.0,2598.0,Rs./Quintal,Non-FAQ
Pichhour APMC,283.2,Metric Tonnes,Wheat,2508.0,2590.0,2531.0,Rs./Quintal,Non-FAQ
Pipariya APMC,387.91,Metric Tonnes,Wheat,2481.0,2730.0,2708.0,Rs./Quintal,FAQ
Piplya APMC,26.302999999999997,Metric Tonnes,Lokwan,2600.0,2830.0,2725.0,Rs./Quintal,FAQ
Piplya APMC,58.425000000000004,Metric Tonnes,Wheat,1400.0,2971.0,2621.0,Rs./Quintal,FAQ
Piprai APMC,1.55,Metric Tonnes,Wheat,2450.0,2450.0,2450.0,Rs./Quintal,FAQ
Pohari APMC,14.446000000000002,Metric Tonnes,Wheat,2465.0,2640.0,2640.0,Rs./Quintal,Non-FAQ
Porsa APMC,67.16000000000001,Metric Tonnes,Wheat,2560.0,2600.0,2580.0,Rs./Quintal,FAQ
Prithvipur APMC,251.0,Metric Tonnes,Mill Quality,2580.0,2630.0,2580.0,Rs./Quintal,Non-FAQ
Raghogarh APMC,3.486,Metric Tonnes,Wheat,2545.0,2550.0,2550.0,Rs./Quintal,FAQ
Rahatgarh APMC,3.177,Metric Tonnes,Mill Quality,2615.0,2660.0,2660.0,Rs./Quintal,Non-FAQ
Raisen APMC,6.532,Metric Tonnes,Wheat,2601.0,2674.0,2657.0,Rs./Quintal,FAQ
Raisen APMC,5.619,Metric Tonnes,Mill Quality,2658.0,2707.0,2707.0,Rs./Quintal,FAQ
Rajgarh APMC,191.935,Metric Tonnes,Wheat,2550.0,2890.0,2650.0,Rs./Quintal,FAQ
Rajnagar APMC,220.05,Metric Tonnes,Mill Quality,2470.0,2600.0,2530.0,Rs./Quintal,FAQ
Ramnagar APMC,46.09,Metric Tonnes,Mill Quality,2595.0,2605.0,2605.0,Rs./Quintal,Non-FAQ
Ratlam APMC,641.124,Metric Tonnes,Wheat,2527.0,3080.0,2700.0,Rs./Quintal,FAQ
Rehati APMC,4.05,Metric Tonnes,Wheat,2600.0,2600.0,2600.0,Rs./Quintal,FAQ
Rehli APMC,82.06700000000001,Metric Tonnes,Wheat,2600.0,2684.0,2658.0,Rs./Quintal,Non-FAQ
Rehli APMC,10.0,Metric Tonnes,Wheat,2500.0,2500.0,2500.0,Rs./Quintal,FAQ
Rewa APMC,532.7600000000001,Metric Tonnes,Mill Quality,2550.0,2701.0,2669.0,Rs./Quintal,FAQ
Sabalgarh APMC,7.31,Metric Tonnes,Mill Quality,2605.0,2622.0,2622.0,Rs./Quintal,Non-FAQ
Sagar APMC,451.01400000000007,Metric Tonnes,Wheat,2400.0,2990.0,2635.0,Rs./Quintal,FAQ
Sanawad APMC,148.028,Metric Tonnes,Wheat,2540.0,2861.0,2774.0,Rs./Quintal,FAQ
Sanwer APMC,22.751,Metric Tonnes,Wheat,2691.0,2781.0,2781.0,Rs./Quintal,Non-FAQ
Sanwer APMC,67.717,Metric Tonnes,Wheat,2600.0,2798.0,2716.0,Rs./Quintal,FAQ
Sarangpur APMC,34.525,Metric Tonnes,Mill Quality,2598.0,2610.0,2600.0,Rs./Quintal,FAQ
Sarangpur APMC,6.446,Metric Tonnes,Wheat,2525.0,2741.0,2741.0,Rs./Quintal,Non-FAQ
Satna APMC,7.4,Metric Tonnes,Mill Quality,2500.0,2500.0,2500.0,Rs./Quintal,Non-FAQ
Satna APMC,445.95500000000004,Metric Tonnes,Wheat,2200.0,2946.0,2626.0,Rs./Quintal,FAQ
Satna APMC,23.065,Metric Tonnes,Wheat,2175.0,2525.0,2500.0,Rs./Quintal,Non-FAQ
Satna APMC,12.700000000000001,Metric Tonnes,Mill Quality,2500.0,2563.0,2563.0,Rs./Quintal,FAQ
Sehora APMC,623.345,Metric Tonnes,Mill Quality,2610.0,2745.0,2688.0,Rs./Quintal,FAQ
Sehora APMC,40.392,Metric Tonnes,Mill Quality,2550.0,2550.0,2550.0,Rs./Quintal,Non-FAQ
Sehora APMC,36.94,Metric Tonnes,Wheat,2649.0,2689.0,2682.0,Rs./Quintal,FAQ
Sehore APMC,17.494,Metric Tonnes,Malwa Shakti,2668.0,2872.0,2872.0,Rs./Quintal,FAQ
Sehore APMC,17.155,Metric Tonnes,Mill Quality,2584.0,2804.0,2640.0,Rs./Quintal,FAQ
Sehore APMC,128.182,Metric Tonnes,Wheat,2490.0,3455.0,2900.0,Rs./Quintal,FAQ
Sehore APMC,48.900000000000006,Metric Tonnes,Lokwan,2630.0,3076.0,3076.0,Rs./Quintal,FAQ
Sehore APMC,6.174,Metric Tonnes,Sharbati,2660.0,3151.0,3151.0,Rs./Quintal,FAQ
Semriharchand APMC,2.2800000000000002,Metric Tonnes,Mill Quality,2305.0,2708.0,2708.0,Rs./Quintal,FAQ
Sendhwa APMC,3.12,Metric Tonnes,Wheat,2720.0,2720.0,2720.0,Rs./Quintal,FAQ
Seoni APMC,21.200000000000003,Metric Tonnes,Wheat,2590.0,2605.0,2605.0,Rs./Quintal,Non-FAQ
Seoni APMC,26.1,Metric Tonnes,Wheat,2590.0,2605.0,2605.0,Rs./Quintal,FAQ
Sevda APMC,21.3,Metric Tonnes,Mill Quality,2601.0,2667.0,2660.0,Rs./Quintal,FAQ
Sevda APMC,258.40000000000003,Metric Tonnes,Wheat,2575.0,2611.0,2600.0,Rs./Quintal,Non-FAQ
Sevda APMC,132.6,Metric Tonnes,Mill Quality,2540.0,2616.0,2578.0,Rs./Quintal,Non-FAQ
Shahagarh APMC,244.65700000000004,Metric Tonnes,Mill Quality,2525.0,2605.0,2560.0,Rs./Quintal,Non-FAQ
Shahdol APMC,33.9,Metric Tonnes,Wheat,2350.0,2500.0,2500.0,Rs./Quintal,Non-FAQ
Shahpura Bhitoni (F&V) APMC,48.910000000000004,Metric Tonnes,Mill Quality,2586.0,2680.0,2672.0,Rs./Quintal,FAQ
Shajapur APMC,96.85000000000001,Metric Tonnes,Wheat,2395.0,2821.0,2565.0,Rs./Quintal,FAQ
Shamgarh APMC,6.027000000000001,Metric Tonnes,Wheat,2520.0,2691.0,2631.0,Rs./Quintal,Non-FAQ
Shamshabad APMC,32.263,Metric Tonnes,Wheat,2550.0,2676.0,2586.0,Rs./Quintal,FAQ
Sheopurbadod APMC,13.004,Metric Tonnes,Wheat,2550.0,2677.0,2677.0,Rs./Quintal,FAQ
Sheopurkalan APMC,26.074,Metric Tonnes,Wheat,2620.0,2720.0,2624.0,Rs./Quintal,FAQ
Shivpuri APMC,4.939,Metric Tonnes,Wheat,2535.0,2640.0,2640.0,Rs./Quintal,FAQ
Shujalpur APMC,83.614,Metric Tonnes,Wheat,2500.0,2920.0,2570.0,Rs./Quintal,FAQ
Shyampur APMC,19.36,Metric Tonnes,Mill Quality,2610.0,3005.0,3005.0,Rs./Quintal,FAQ
Sidhi APMC,111.005,Metric Tonnes,Mill Quality,2400.0,2460.0,2400.0,Rs./Quintal,Non-FAQ
Sidhi APMC,12.5,Metric Tonnes,Wheat,2400.0,2400.0,2400.0,Rs./Quintal,Non-FAQ
Silvani APMC,22.5,Metric Tonnes,Mill Quality,2600.0,2620.0,2620.0,Rs./Quintal,FAQ
Silvani APMC,45.1,Metric Tonnes,Wheat,2611.0,2660.0,2650.0,Rs./Quintal,FAQ
Simariya APMC,49.300000000000004,Metric Tonnes,Wheat,2350.0,2410.0,2410.0,Rs./Quintal,Non-FAQ
Singroli APMC,2.0,Metric Tonnes,Wheat,2300.0,2300.0,2300.0,Rs./Quintal,Non-FAQ
Sirali APMC,72.037,Metric Tonnes,Mill Quality,2700.0,2779.0,2770.0,Rs./Quintal,FAQ
Sironj APMC,57.18300000000001,Metric Tonnes,Sharbati,2815.0,4655.0,4010.0,Rs./Quintal,FAQ
Sironj APMC,130.739,Metric Tonnes,Wheat,2450.0,4435.0,2911.0,Rs./Quintal,FAQ
Sitamau APMC,13.133000000000003,Metric Tonnes,Lokwan,2500.0,2746.0,2670.0,Rs./Quintal,FAQ
Sitamau APMC,44.794000000000004,Metric Tonnes,Wheat,2570.0,2851.0,2650.0,Rs./Quintal,FAQ
Sonkatch APMC,67.266,Metric Tonnes,Wheat,2563.0,2775.0,2600.0,Rs./Quintal,FAQ
Soyatkalan APMC,12.358,Metric Tonnes,Wheat,2530.0,2605.0,2605.0,Rs./Quintal,FAQ
Susner APMC,10.667000000000002,Metric Tonnes,Wheat,2571.0,2747.0,2585.0,Rs./Quintal,Non-FAQ
Suvasra APMC,4.431,Metric Tonnes,Mill Quality,2505.0,2505.0,2505.0,Rs./Quintal,FAQ
Taal APMC,46.38,Metric Tonnes,Wheat,2599.0,2800.0,2680.0,Rs./Quintal,FAQ
Thandla APMC,12.55,Metric Tonnes,Lokwan,2500.0,2600.0,2550.0,Rs./Quintal,FAQ
Thandla APMC,25.25,Metric Tonnes,Mill Quality,2535.0,2555.0,2550.0,Rs./Quintal,FAQ
Tikamgarh APMC,1254.39,Metric Tonnes,Wheat,2520.0,2675.0,2650.0,Rs./Quintal,FAQ
Timarni APMC,8.120000000000001,Metric Tonnes,Mill Quality,2600.0,2629.0,2629.0,Rs./Quintal,Non-FAQ
Timarni APMC,74.392,Metric Tonnes,Wheat,2001.0,2722.0,2721.0,Rs./Quintal,FAQ
Udaipura APMC,37.285000000000004,Metric Tonnes,Mill Quality,2355.0,2715.0,2660.0,Rs./Quintal,FAQ
Umariya APMC,2.34,Metric Tonnes,Other,2500.0,2500.0,2500.0,Rs./Quintal,Non-FAQ
Umariya APMC,711.2520000000001,Metric Tonnes,Wheat,2350.0,2600.0,2400.0,Rs./Quintal,Non-FAQ
Umariya APMC,8.5,Metric Tonnes,Mill Quality,2301.0,2301.0,2301.0,Rs./Quintal,Non-FAQ
Umariya APMC,6.902,Metric Tonnes,Wheat,2500.0,2500.0,2500.0,Rs./Quintal,FAQ
Unhel APMC,24.671000000000003,Metric Tonnes,Wheat,2550.0,2727.0,2727.0,Rs./Quintal,FAQ
Vidisha APMC,335.37600000000003,Metric Tonnes,Wheat,2531.0,3561.0,2680.0,Rs./Quintal,FAQ
Vidisha APMC,9.831000000000001,Metric Tonnes,Sharbati,3710.0,5400.0,4810.0,Rs./Quintal,FAQ
Vijaypur APMC,76.97000000000001,Metric Tonnes,Wheat,2450.0,2570.0,2500.0,Rs./Quintal,FAQ
Total,35107.64,Metric Tonnes,,,,2664.0,Rs./Quintal,
State/UT Name : Maharashtra
APMC Aarni ,31.0,Metric Tonnes,Maharashtra 2189,2590.0,2793.0,2600.0,Rs./Quintal,FAQ
APMC Achalpur ,6.0,Metric Tonnes,Other,2585.0,2650.0,2600.0,Rs./Quintal,FAQ
APMC Akluj ,12.5,Metric Tonnes,Other,2650.0,2700.0,2700.0,Rs./Quintal,FAQ
APMC Akot ,6.0,Metric Tonnes,147 Average,2600.0,2620.0,2600.0,Rs./Quintal,FAQ
APMC Amalner ,30.0,Metric Tonnes,Other,2700.0,2700.0,2700.0,Rs./Quintal,FAQ
APMC Amarawati ,26.5,Metric Tonnes,Other,2585.0,2700.0,2642.0,Rs./Quintal,FAQ
APMC Aurad Shahajani ,1.0,Metric Tonnes,Maharashtra 2189,2585.0,2650.0,2600.0,Rs./Quintal,FAQ
APMC Aurad Shahajani ,0.5,Metric Tonnes,Maharashtra 2189,2510.0,2584.0,2550.0,Rs./Quintal,Non-FAQ
APMC Ausa ,0.3,Metric Tonnes,Maharashtra 2189,2451.0,2451.0,2451.0,Rs./Quintal,Non-FAQ
APMC Baramati ,24.0,Metric Tonnes,Maharashtra 2189,2600.0,2850.0,2740.0,Rs./Quintal,FAQ
APMC Baramati ,7.5,Metric Tonnes,Maharashtra 2189,2500.0,2580.0,2550.0,Rs./Quintal,Non-FAQ
APMC Baramati ,19.4,Metric Tonnes,Kalyan,2585.0,2700.0,2650.0,Rs./Quintal,FAQ
APMC Baramati ,28.0,Metric Tonnes,Kalyan,2100.0,2580.0,2500.0,Rs./Quintal,Non-FAQ
APMC Beed ,4.0,Metric Tonnes,Other,2300.0,2500.0,2406.0,Rs./Quintal,Non-FAQ
APMC Bhandara ,0.2,Metric Tonnes,Maharashtra 2189,2500.0,2500.0,2500.0,Rs./Quintal,Non-FAQ
APMC Bhokar ,0.5,Metric Tonnes,Other,2300.0,2455.0,2378.0,Rs./Quintal,Non-FAQ
APMC Chalisgaon ,9.0,Metric Tonnes,Other,2597.0,2671.0,2612.0,Rs./Quintal,FAQ
APMC Chandur Bazar ,3.4,Metric Tonnes,Other,2700.0,2700.0,2700.0,Rs./Quintal,FAQ
APMC Chandur Bazar ,4.9,Metric Tonnes,Other,2300.0,2500.0,2400.0,Rs./Quintal,Non-FAQ
APMC Chattrapati Sambhajinagar ,7.3,Metric Tonnes,Other,2600.0,3125.0,2862.0,Rs./Quintal,FAQ
APMC Chopda ,1.0,Metric Tonnes,Other,2592.0,2682.0,2592.0,Rs./Quintal,FAQ
APMC Chopda ,0.5,Metric Tonnes,Other,2501.0,2501.0,2501.0,Rs./Quintal,Non-FAQ
APMC Deoulgaon Raja ,1.7,Metric Tonnes,Other,2635.0,2826.0,2635.0,Rs./Quintal,FAQ
APMC Deoulgaon Raja ,0.5,Metric Tonnes,Other,2400.0,2400.0,2400.0,Rs./Quintal,Non-FAQ
APMC Devala ,0.3,Metric Tonnes,Maharashtra 2189,2635.0,2690.0,2660.0,Rs./Quintal,FAQ
APMC Dhamngaon-Railway ,6.0,Metric Tonnes,Other,2400.0,2500.0,2450.0,Rs./Quintal,Non-FAQ
APMC Dharangaon ,1.5,Metric Tonnes,Other,2550.0,2550.0,2550.0,Rs./Quintal,Non-FAQ
APMC Digras ,7.5,Metric Tonnes,Other,2740.0,2820.0,2785.0,Rs./Quintal,FAQ
APMC Dondaicha ,22.4,Metric Tonnes,Other,2652.0,2845.0,2800.0,Rs./Quintal,FAQ
APMC Dondaicha ,1.9,Metric Tonnes,Other,2500.0,2550.0,2550.0,Rs./Quintal,Non-FAQ
APMC Dudhani ,0.7,Metric Tonnes,Maharashtra 2189,2655.0,2655.0,2655.0,Rs./Quintal,FAQ
APMC Gangapur ,0.5,Metric Tonnes,Other,2700.0,2766.0,2738.0,Rs./Quintal,FAQ
APMC Gevrai ,10.6,Metric Tonnes,Other,2670.0,2890.0,2700.0,Rs./Quintal,FAQ
APMC Gevrai ,1.4,Metric Tonnes,Other,2450.0,2500.0,2460.0,Rs./Quintal,Non-FAQ
APMC Hinganghat ,13.2,Metric Tonnes,Other,2585.0,2730.0,2640.0,Rs./Quintal,FAQ
APMC Hinganghat ,28.4,Metric Tonnes,Other,2560.0,2580.0,2570.0,Rs./Quintal,Non-FAQ
APMC Hingoli ,57.5,Metric Tonnes,Sharbati,2590.0,3000.0,2795.0,Rs./Quintal,FAQ
APMC Indapur ,0.2,Metric Tonnes,Other,2621.0,2621.0,2621.0,Rs./Quintal,FAQ
APMC Indapur ,6.0,Metric Tonnes,Maharashtra 2189,2375.0,2511.0,2511.0,Rs./Quintal,Non-FAQ
APMC Jalana ,225.8,Metric Tonnes,Other,2600.0,2875.0,2790.0,Rs./Quintal,FAQ
APMC Jalgaon ,3.2,Metric Tonnes,147 Average,2825.0,2900.0,2825.0,Rs./Quintal,FAQ
APMC Jalgaon ,1.8,Metric Tonnes,147 Average,2575.0,2575.0,2575.0,Rs./Quintal,Non-FAQ
APMC Jamkhed ,1.0,Metric Tonnes,Other,2400.0,2550.0,2475.0,Rs./Quintal,Non-FAQ
APMC Kaij ,2.0,Metric Tonnes,Other,2450.0,2580.0,2575.0,Rs./Quintal,Non-FAQ
APMC Kalamb (Dharashiv) ,0.2,Metric Tonnes,Bansi,4451.0,4451.0,4451.0,Rs./Quintal,FAQ
APMC Kalamb (Dharashiv) ,1.5,Metric Tonnes,Maharashtra 2189,2851.0,2851.0,2851.0,Rs./Quintal,FAQ
APMC Kalamb (Dharashiv) ,3.5,Metric Tonnes,Maharashtra 2189,2350.0,2500.0,2500.0,Rs./Quintal,Non-FAQ
APMC Kalyan ,0.3,Metric Tonnes,Sharbati,3200.0,3400.0,3300.0,Rs./Quintal,FAQ
APMC Karanja ,60.0,Metric Tonnes,Other,2650.0,2835.0,2755.0,Rs./Quintal,FAQ
APMC Karjat ,0.3,Metric Tonnes,Other,2200.0,2500.0,2350.0,Rs./Quintal,Non-FAQ
APMC Karmala ,2.1,Metric Tonnes,Other,2600.0,2800.0,2661.0,Rs./Quintal,FAQ
APMC Karmala ,0.1,Metric Tonnes,Other,2500.0,2500.0,2500.0,Rs./Quintal,Non-FAQ
APMC Katol ,8.0,Metric Tonnes,Other,2650.0,2740.0,2700.0,Rs./Quintal,FAQ
APMC Khamgaon ,14.7,Metric Tonnes,Other,2600.0,2600.0,2600.0,Rs./Quintal,FAQ
APMC Khamgaon ,10.3,Metric Tonnes,Other,2525.0,2575.0,2550.0,Rs./Quintal,Non-FAQ
APMC Kille Dharur ,0.6,Metric Tonnes,Other,2800.0,2800.0,2800.0,Rs./Quintal,FAQ
APMC Kille Dharur ,0.8,Metric Tonnes,Other,2300.0,2575.0,2550.0,Rs./Quintal,Non-FAQ
APMC Kopargaon ,8.0,Metric Tonnes,Other,2612.0,2815.0,2700.0,Rs./Quintal,FAQ
APMC Lasalgaon ,23.6,Metric Tonnes,Maharashtra 2189,2700.0,3001.0,2811.0,Rs./Quintal,FAQ
APMC Lasur Station ,32.4,Metric Tonnes,Other,2650.0,2890.0,2800.0,Rs./Quintal,FAQ
APMC Loha ,0.8,Metric Tonnes,Other,2620.0,2670.0,2620.0,Rs./Quintal,FAQ
APMC Loha ,2.1,Metric Tonnes,Other,2275.0,2567.0,2511.0,Rs./Quintal,Non-FAQ
APMC Lonar ,24.2,Metric Tonnes,Other,2590.0,2787.0,2688.0,Rs./Quintal,FAQ
APMC Majalgaon ,7.3,Metric Tonnes,Other,2600.0,2725.0,2700.0,Rs./Quintal,FAQ
APMC Malegaon ,16.8,Metric Tonnes,Other,2586.0,3025.0,2691.0,Rs./Quintal,FAQ
APMC Malkapur ,25.8,Metric Tonnes,Other,2660.0,2780.0,2700.0,Rs./Quintal,FAQ
APMC Malkapur ,1.2,Metric Tonnes,Other,2550.0,2550.0,2550.0,Rs./Quintal,Non-FAQ
APMC Mangal Wedha ,3.6,Metric Tonnes,Other,2700.0,3200.0,2920.0,Rs./Quintal,FAQ
APMC Mangrulpeer ,9.4,Metric Tonnes,Other,2585.0,2745.0,2595.0,Rs./Quintal,FAQ
APMC Manmad ,1.0,Metric Tonnes,Other,2650.0,3002.0,2677.0,Rs./Quintal,FAQ
APMC Manwat ,13.9,Metric Tonnes,Other,2600.0,2900.0,2650.0,Rs./Quintal,FAQ
APMC Mehekar ,2.0,Metric Tonnes,Other,2400.0,2580.0,2500.0,Rs./Quintal,Non-FAQ
APMC Morshi ,15.2,Metric Tonnes,Other,2585.0,2740.0,2663.0,Rs./Quintal,FAQ
APMC Mumbai ,843.3,Metric Tonnes,Other,2900.0,5500.0,4200.0,Rs./Quintal,FAQ
APMC Nanded ,18.0,Metric Tonnes,Sharbati,2590.0,2750.0,2670.0,Rs./Quintal,FAQ
APMC Nandgaon ,4.2,Metric Tonnes,Maharashtra 2189,2700.0,2865.0,2750.0,Rs./Quintal,FAQ
APMC Nandgaon Khandeshwar ,4.5,Metric Tonnes,Other,2585.0,2650.0,2617.0,Rs./Quintal,FAQ
APMC Nandurbar ,6.1,Metric Tonnes,Other,2585.0,2651.0,2600.0,Rs./Quintal,FAQ
APMC Nilanga ,1.9,Metric Tonnes,Maharashtra 2189,2600.0,2900.0,2700.0,Rs./Quintal,FAQ
APMC Pachora ,35.0,Metric Tonnes,Other,2605.0,2722.0,2651.0,Rs./Quintal,FAQ
APMC Palghar ,4.5,Metric Tonnes,Other,3425.0,3425.0,3425.0,Rs./Quintal,FAQ
APMC Parbhani ,22.5,Metric Tonnes,Other,2350.0,2550.0,2400.0,Rs./Quintal,Non-FAQ
APMC Rahuri ,0.6,Metric Tonnes,Other,2500.0,2500.0,2500.0,Rs./Quintal,Non-FAQ
APMC Sangli ,28.0,Metric Tonnes,Other,3000.0,4200.0,3600.0,Rs./Quintal,FAQ
APMC Satana ,0.9,Metric Tonnes,Other,2885.0,3000.0,2915.0,Rs./Quintal,FAQ
APMC Satana ,0.4,Metric Tonnes,Other,2400.0,2400.0,2400.0,Rs./Quintal,Non-FAQ
APMC Savner ,2.0,Metric Tonnes,Other,2548.0,2584.0,2575.0,Rs./Quintal,Non-FAQ
APMC Shahada ,0.1,Metric Tonnes,Other,2850.0,2850.0,2850.0,Rs./Quintal,FAQ
APMC Shegaon ,0.5,Metric Tonnes,Other,2525.0,2550.0,2540.0,Rs./Quintal,Non-FAQ
APMC Shevgaon ,2.7,Metric Tonnes,Maharashtra 2189,2600.0,2750.0,2750.0,Rs./Quintal,FAQ
APMC Shirpur ,4.9,Metric Tonnes,Other,2700.0,2890.0,2890.0,Rs./Quintal,FAQ
APMC Shirpur ,2.1,Metric Tonnes,Other,2550.0,2550.0,2550.0,Rs./Quintal,Non-FAQ
APMC Shirur ,0.7,Metric Tonnes,Other,2400.0,2500.0,2500.0,Rs./Quintal,Non-FAQ
APMC Shrirampur ,1.5,Metric Tonnes,Other,2600.0,2650.0,2625.0,Rs./Quintal,FAQ
APMC Sillod ,25.0,Metric Tonnes,Other,2590.0,2700.0,2650.0,Rs./Quintal,FAQ
APMC Sinner ,4.0,Metric Tonnes,Other,2670.0,2800.0,2720.0,Rs./Quintal,FAQ
APMC Solapur ,80.6,Metric Tonnes,Sharbati,2655.0,4190.0,3655.0,Rs./Quintal,FAQ
APMC Tuljapur ,2.9,Metric Tonnes,Other,2590.0,2700.0,2600.0,Rs./Quintal,FAQ
APMC Tumsar ,7.2,Metric Tonnes,Other,2610.0,2631.0,2629.0,Rs./Quintal,FAQ
APMC Wardha ,18.3,Metric Tonnes,Other,2720.0,2790.0,2750.0,Rs./Quintal,FAQ
APMC Washim ,30.0,Metric Tonnes,Maharashtra 2189,2340.0,2550.0,2450.0,Rs./Quintal,Non-FAQ
APMC Yavatmal ,8.3,Metric Tonnes,Other,2720.0,2780.0,2750.0,Rs./Quintal,FAQ
APMC Yeola ,3.3,Metric Tonnes,Maharashtra 2189,2700.0,2900.0,2751.0,Rs./Quintal,FAQ
Barshi(Vairag) ,0.6,Metric Tonnes,Other,2651.0,2651.0,2651.0,Rs./Quintal,FAQ
"Bsk Krishi Bazar Private Limited, Mehkar, Dist Buldhana",7.9,Metric Tonnes,Other,2500.0,2700.0,2650.0,Rs./Quintal,Local
KISAN MARKET YARD,4.54,Metric Tonnes,Other,2650.0,2710.0,2698.0,Rs./Quintal,Local
Karjat(Rashin) ,0.1,Metric Tonnes,Other,2500.0,2500.0,2500.0,Rs./Quintal,Non-FAQ
Kolhapur(Laxmipuri) ,53.2,Metric Tonnes,Other,3000.0,4100.0,3550.0,Rs./Quintal,FAQ
"Krushna Krishi Bazar, Washim",1.7,Metric Tonnes,Other,2100.0,2800.0,2720.0,Rs./Quintal,Local
Lasalgaon(Niphad) ,11.1,Metric Tonnes,Maharashtra 2189,2729.0,2841.0,2740.0,Rs./Quintal,FAQ
Latur(Murud) ,8.0,Metric Tonnes,Maharashtra 2189,2300.0,2500.0,2400.0,Rs./Quintal,Non-FAQ
"Maharaja Agresen Pvt Krushi Utappan Bazar Samati, Dist Buldhana",2.1,Metric Tonnes,Other,2400.0,2600.0,2502.0,Rs./Quintal,Local
"Mahesh Krushi Utpanna Bazar, Digras, Dist Yeotmal",1.1,Metric Tonnes,Other,2675.0,2700.0,2689.0,Rs./Quintal,Local
"Omchatinya Multi State Agro Purpose Co-Op Society, Dist Ahilyanagar",1.37,Metric Tonnes,Other,2500.0,2600.0,2500.0,Rs./Quintal,Local
Sangrampur(Varvatbakal) ,6.1,Metric Tonnes,Other,2300.0,2450.0,2400.0,Rs./Quintal,Non-FAQ
"Shekari Krushi Khajgi Bazar, Arni, Dist Yavatmal",1.67,Metric Tonnes,Other,2300.0,2581.0,2471.0,Rs./Quintal,Local
Shevgaon(Bodhegaon) ,3.0,Metric Tonnes,Maharashtra 2189,2600.0,2700.0,2600.0,Rs./Quintal,FAQ
Shrirampur(Belapur) ,2.3,Metric Tonnes,Other,2300.0,2400.0,2350.0,Rs./Quintal,Non-FAQ
Sindi (Selu),1.7,Metric Tonnes,Other,2400.0,2580.0,2500.0,Rs./Quintal,Non-FAQ
Washim(Ansing) ,6.0,Metric Tonnes,Maharashtra 2189,2450.0,2580.0,2550.0,Rs./Quintal,Non-FAQ
Total,2183.78,Metric Tonnes,,,,3340.15,Rs./Quintal,
State/UT Name : NCT of Delhi
APMC Najafgarh,7.1000000000000005,Metric Tonnes,Dara,2700.0,2800.0,2745.0,Rs./Quintal,FAQ
APMC Narela,18.3,Metric Tonnes,Mexican,2670.0,2875.0,2772.0,Rs./Quintal,FAQ
Total,25.4,Metric Tonnes,,,,2764.45,Rs./Quintal,
State/UT Name : Rajasthan
Alwar APMC,38.6,Metric Tonnes,Other,2680.0,2810.0,2745.0,Rs./Quintal,Local
Anta APMC,1.3,Metric Tonnes,Other,2555.0,2636.0,2595.0,Rs./Quintal,Local
Anupgarh APMC,36.6,Metric Tonnes,Dara,2636.0,2636.0,2636.0,Rs./Quintal,Grade Range-1
Atru APMC,1.7000000000000002,Metric Tonnes,Other,2425.0,2665.0,2545.0,Rs./Quintal,Local
Bagru APMC,5.6000000000000005,Metric Tonnes,Other,2500.0,2600.0,2550.0,Rs./Quintal,Local
Bandikui APMC,6.0,Metric Tonnes,Other,2450.0,2639.0,2544.0,Rs./Quintal,Local
Baran APMC,75.0,Metric Tonnes,Other,2551.0,2891.0,2711.0,Rs./Quintal,Local
Barodamev APMC,8.4,Metric Tonnes,Other,2705.0,2707.0,2706.0,Rs./Quintal,Non-FAQ
Bayana APMC,6.7,Metric Tonnes,Other,2610.0,2640.0,2625.0,Rs./Quintal,Local
Beawar APMC,0.4,Metric Tonnes,Local,2700.0,2700.0,2700.0,Rs./Quintal,Local
Begu APMC,2.0,Metric Tonnes,Other,2680.0,2680.0,2680.0,Rs./Quintal,Local
Bhadara APMC,13.8,Metric Tonnes,1482,2775.0,2780.0,2778.0,Rs./Quintal,Non-FAQ
Bharatpur APMC,5.5,Metric Tonnes,Other,2446.0,2691.0,2568.0,Rs./Quintal,FAQ
Bhawani Mandi APMC,5.5,Metric Tonnes,Other,2540.0,2655.0,2598.0,Rs./Quintal,Local
Bhilwara APMC,1.8,Metric Tonnes,Other,2631.0,2650.0,2650.0,Rs./Quintal,FAQ
Bhusawar Bair APMC,19.3,Metric Tonnes,147 Average,2500.0,2630.0,2565.0,Rs./Quintal,Local
Bundi APMC,510.0,Metric Tonnes,Other,2580.0,2700.0,2640.0,Rs./Quintal,FAQ
Chaksu APMC,6.0,Metric Tonnes,Other,2575.0,2640.0,2611.0,Rs./Quintal,Local
Chhabra APMC,34.6,Metric Tonnes,Other,2671.0,2899.0,2785.0,Rs./Quintal,Local
Chhotisadri APMC,15.600000000000001,Metric Tonnes,Local,2612.0,2890.0,2690.0,Rs./Quintal,Local
Chomu Grain APMC,2.5,Metric Tonnes,Other,2690.0,2690.0,2690.0,Rs./Quintal,Local
Choumahla APMC,40.0,Metric Tonnes,Other,2550.0,2760.0,2655.0,Rs./Quintal,Non-FAQ
Dausa APMC,28.700000000000003,Metric Tonnes,Other,2620.0,2660.0,2640.0,Rs./Quintal,Local
Deeg APMC,0.5,Metric Tonnes,Other,2630.0,2630.0,2630.0,Rs./Quintal,Non-FAQ
Dei APMC,19.0,Metric Tonnes,Other,2611.0,2689.0,2650.0,Rs./Quintal,Local
Deoli APMC,24.0,Metric Tonnes,Deshi,2585.0,2650.0,2618.0,Rs./Quintal,FAQ
Dholpur APMC,17.0,Metric Tonnes,Other,2450.0,2450.0,2450.0,Rs./Quintal,Local
Dooni APMC,10.600000000000001,Metric Tonnes,147 Average,2525.0,2609.0,2567.0,Rs./Quintal,Local
Fatehnagar APMC,46.5,Metric Tonnes,Local,2674.0,2834.0,2786.0,Rs./Quintal,FAQ
Gajsinghpur APMC,0.8,Metric Tonnes,Other,2560.0,2560.0,2560.0,Rs./Quintal,Local
Galla Chhipabarod - Chhabra APMC,35.4,Metric Tonnes,Other,2647.0,2885.0,2766.0,Rs./Quintal,Local
Gangapur City APMC,12.450000000000001,Metric Tonnes,Other,2541.0,2597.0,2590.0,Rs./Quintal,Non-FAQ
Gharsana APMC,15.5,Metric Tonnes,Other,2620.0,2695.0,2650.0,Rs./Quintal,FAQ
Goluwala APMC,10.0,Metric Tonnes,Other,2612.0,2662.0,2645.0,Rs./Quintal,Non-FAQ
HanumangarhTown APMC,31.0,Metric Tonnes,Other,2681.0,2793.0,2700.0,Rs./Quintal,Non-FAQ
Hindoun APMC,39.300000000000004,Metric Tonnes,Other,2521.0,2601.0,2561.0,Rs./Quintal,Local
Iklera APMC,35.0,Metric Tonnes,Other,2450.0,2700.0,2575.0,Rs./Quintal,Local
Itawa APMC,25.0,Metric Tonnes,Other,2581.0,2815.0,2698.0,Rs./Quintal,Local
Jaitsar APMC,10.0,Metric Tonnes,Other,2670.0,2701.0,2689.0,Rs./Quintal,FAQ
Jayal APMC,1.0,Metric Tonnes,Local,1900.0,2100.0,2000.0,Rs./Quintal,Grade Range-2
Jhalarapatan APMC,33.1,Metric Tonnes,Other,2620.0,2696.0,2650.0,Rs./Quintal,Local
Kapasan APMC,6.1000000000000005,Metric Tonnes,Lokwan,2400.0,2600.0,2500.0,Rs./Quintal,FAQ
Kawai Salpura - Atru APMC,13.600000000000001,Metric Tonnes,Other,2625.0,2828.0,2727.0,Rs./Quintal,Local
Kesarisinghpur APMC,3.9000000000000004,Metric Tonnes,Other,2450.0,2599.0,2586.0,Rs./Quintal,FAQ
Khairthal APMC,13.4,Metric Tonnes,Other,2550.0,2660.0,2610.0,Rs./Quintal,Non-FAQ
Khandar APMC,7.4,Metric Tonnes,Other,2560.0,2560.0,2560.0,Rs./Quintal,Local
Khanpur APMC,35.550000000000004,Metric Tonnes,Other,2772.0,2821.0,2799.0,Rs./Quintal,FAQ
Kherli APMC,21.400000000000002,Metric Tonnes,Other,2580.0,2640.0,2615.0,Rs./Quintal,Non-FAQ
Kota APMC,481.0,Metric Tonnes,Local,2650.0,2650.0,2650.0,Rs./Quintal,Local
Lalsot APMC,44.6,Metric Tonnes,Other,2500.0,2700.0,2670.0,Rs./Quintal,Local
Laxmangarh - Barodamev  APMC,19.200000000000003,Metric Tonnes,Other,2635.0,2664.0,2650.0,Rs./Quintal,Non-FAQ
Lunkaransar APMC,1.2400000000000002,Metric Tonnes,Other,2500.0,2620.0,2560.0,Rs./Quintal,Local
Madanganj Kishangarh APMC,8.700000000000001,Metric Tonnes,Other,2509.0,2600.0,2545.0,Rs./Quintal,Local
Malpura APMC,92.0,Metric Tonnes,Other,2500.0,2581.0,2550.0,Rs./Quintal,FAQ
Mandawar APMC,16.900000000000002,Metric Tonnes,Other,2551.0,2583.0,2577.0,Rs./Quintal,FAQ
Nadwai APMC,8.8,Metric Tonnes,Other,2530.0,2585.0,2560.0,Rs./Quintal,Local
Nahargarh APMC,2.0,Metric Tonnes,Other,2730.0,2730.0,2730.0,Rs./Quintal,Local
Nimbahera APMC,580.0,Metric Tonnes,Other,2640.0,2885.0,2740.0,Rs./Quintal,FAQ
Niwai APMC,18.3,Metric Tonnes,Other,2581.0,2660.0,2620.0,Rs./Quintal,Local
Nokha APMC,5.8,Metric Tonnes,Other,2652.0,2735.0,2694.0,Rs./Quintal,Local
Osiyan Mathania APMC,0.5,Metric Tonnes,Local,2400.0,2600.0,2500.0,Rs./Quintal,Local
Palsana APMC,3.85,Metric Tonnes,147 Average,2450.0,2525.0,2500.0,Rs./Quintal,FAQ
Pilibanga APMC,79.4,Metric Tonnes,Other,2435.0,2707.0,2696.0,Rs./Quintal,FAQ
Pratapgarh APMC,22.16,Metric Tonnes,Other,2541.0,2861.0,2640.0,Rs./Quintal,FAQ
Raisingh Nagar APMC,12.700000000000001,Metric Tonnes,Other,2550.0,2730.0,2625.0,Rs./Quintal,Non-FAQ
Ramganjmandi APMC,36.0,Metric Tonnes,Other,2590.0,2860.0,2684.0,Rs./Quintal,Local
Rawla APMC,8.0,Metric Tonnes,Other,2575.0,2575.0,2575.0,Rs./Quintal,FAQ
Sadulshahar APMC,8.200000000000001,Metric Tonnes,Other,2671.0,2695.0,2675.0,Rs./Quintal,FAQ
Sangriya APMC,3.0,Metric Tonnes,Other,2701.0,2701.0,2701.0,Rs./Quintal,Local
Sawai Madhopur APMC,236.0,Metric Tonnes,Other,2400.0,2605.0,2502.0,Rs./Quintal,FAQ
Sri Karanpur APMC,7.4,Metric Tonnes,Other,2500.0,2571.0,2550.0,Rs./Quintal,FAQ
Sri Vijayanagar APMC,30.900000000000002,Metric Tonnes,Other,2625.0,3070.0,2660.0,Rs./Quintal,Local
Sridungargarh APMC,15.0,Metric Tonnes,Other,2311.0,2311.0,2311.0,Rs./Quintal,Local
Sriganganagar (Grain) APMC,23.5,Metric Tonnes,Other,2700.0,2850.0,2717.0,Rs./Quintal,Local
Sumerganj APMC,1.6,Metric Tonnes,147 Average,2750.0,2750.0,2750.0,Rs./Quintal,Local
Sumerpur APMC,21.700000000000003,Metric Tonnes,Other,2675.0,2880.0,2778.0,Rs./Quintal,Non-FAQ
Suratgarh APMC,3.0,Metric Tonnes,Other,2666.0,2667.0,2667.0,Rs./Quintal,FAQ
Todaraisingh APMC,28.0,Metric Tonnes,Other,2500.0,2600.0,2550.0,Rs./Quintal,FAQ
Tonk APMC,11.3,Metric Tonnes,Deshi,2595.0,2595.0,2595.0,Rs./Quintal,FAQ
Total,3163.85,Metric Tonnes,,,,2654.73,Rs./Quintal,
State/UT Name : Telangana
Bhainsa APMC,0.65,Metric Tonnes,Hybrid,2261.0,2700.0,2539.0,Rs./Quintal,FAQ
Total,0.65,Metric Tonnes,,,,2539.0,Rs./Quintal,
State/UT Name : Uttar Pradesh
Achalda APMC,15.0,Metric Tonnes,Dara,2400.0,2400.0,2400.0,Rs./Quintal,FAQ
Achalda APMC,19.965,Metric Tonnes,Wheat-Organic,2401.0,2401.0,2401.0,Rs./Quintal,FAQ
Achalda APMC,31.3,Metric Tonnes,Super Fine,2400.0,2400.0,2400.0,Rs./Quintal,FAQ
Achnera APMC,4.98,Metric Tonnes,Dara,2710.0,2710.0,2710.0,Rs./Quintal,FAQ
Ajuha APMC,40.1,Metric Tonnes,Dara,2400.0,2500.0,2474.81,Rs./Quintal,FAQ
Akbarpur APMC,121.937,Metric Tonnes,Dara,2450.0,2450.0,2450.0,Rs./Quintal,FAQ
Aliganj APMC,3.99,Metric Tonnes,Medium,2500.0,2500.0,2500.0,Rs./Quintal,FAQ
Aliganj APMC,30.0,Metric Tonnes,Dara,2500.0,2500.0,2500.0,Rs./Quintal,FAQ
Aliganj APMC,11.97,Metric Tonnes,Deshi,2500.0,2500.0,2500.0,Rs./Quintal,FAQ
Aligarh APMC,47.77,Metric Tonnes,Other,2600.0,2650.0,2628.78,Rs./Quintal,FAQ
Aligarh APMC,50.0,Metric Tonnes,Dara,2500.0,2500.0,2500.0,Rs./Quintal,FAQ
Anandnagar APMC,26.2,Metric Tonnes,Dara,2400.0,2400.0,2400.0,Rs./Quintal,FAQ
Anwala APMC,32.2,Metric Tonnes,2329,2450.0,2450.0,2450.0,Rs./Quintal,FAQ
Atarra APMC,35.926,Metric Tonnes,Dara,2450.0,2450.0,2450.0,Rs./Quintal,FAQ
Atarra APMC,30.4,Metric Tonnes,Medium,2600.0,2600.0,2600.0,Rs./Quintal,FAQ
Atrauli APMC,17.05,Metric Tonnes,Dara,2600.0,2600.0,2600.0,Rs./Quintal,FAQ
Auraiya APMC,7.425,Metric Tonnes,Sonalika,2620.0,2620.0,2620.0,Rs./Quintal,FAQ
Auraiya APMC,35.035,Metric Tonnes,Medium,2640.0,2640.0,2640.0,Rs./Quintal,FAQ
Auraiya APMC,43.925,Metric Tonnes,Dara,2620.0,2620.0,2620.0,Rs./Quintal,FAQ
Auraiya APMC,161.77,Metric Tonnes,Other,2620.0,2620.0,2620.0,Rs./Quintal,FAQ
Ayodhya APMC,30.0,Metric Tonnes,Hybrid,2500.0,2500.0,2500.0,Rs./Quintal,FAQ
Ayodhya APMC,20.0,Metric Tonnes,Other,2500.0,2500.0,2500.0,Rs./Quintal,FAQ
Ayodhya APMC,1.7,Metric Tonnes,Dara,2500.0,2500.0,2500.0,Rs./Quintal,FAQ
Ayodhya APMC,98.3,Metric Tonnes,PBW-343,2500.0,2500.0,2500.0,Rs./Quintal,FAQ
Ayodhya APMC,19.0,Metric Tonnes,Dara Mill Quality,2600.0,2600.0,2600.0,Rs./Quintal,FAQ
Azamgarh APMC,8.0,Metric Tonnes,Medium,2600.0,2600.0,2600.0,Rs./Quintal,FAQ
Azamgarh APMC,15.0,Metric Tonnes,Other,2700.0,2700.0,2700.0,Rs./Quintal,FAQ
Azamgarh APMC,14.5,Metric Tonnes,Local,2585.0,2585.0,2585.0,Rs./Quintal,FAQ
Azamgarh APMC,72.975,Metric Tonnes,Dara,2585.0,2610.0,2588.53,Rs./Quintal,FAQ
Bachranwa APMC,93.52,Metric Tonnes,Dara,2420.0,2600.0,2528.55,Rs./Quintal,FAQ
Badayoun APMC,33.8,Metric Tonnes,Dara,2600.0,2650.0,2618.79,Rs./Quintal,FAQ
Badayoun APMC,69.947,Metric Tonnes,Other,2500.0,2550.0,2524.54,Rs./Quintal,FAQ
Bahraich APMC,28.42,Metric Tonnes,Mill Quality,2500.0,2500.0,2500.0,Rs./Quintal,FAQ
Bahraich APMC,255.8,Metric Tonnes,Other,2500.0,2510.0,2500.99,Rs./Quintal,FAQ
Ballia APMC,5.0,Metric Tonnes,Medium,2600.0,2600.0,2600.0,Rs./Quintal,FAQ
Balrampur APMC,67.57,Metric Tonnes,Dara,2300.0,2650.0,2460.06,Rs./Quintal,FAQ
Banda APMC,88.9,Metric Tonnes,Other,2600.0,2650.0,2623.01,Rs./Quintal,FAQ
Bangarmau APMC,33.14,Metric Tonnes,Dara Mill Quality,2620.0,2620.0,2620.0,Rs./Quintal,FAQ
Bangarmau APMC,26.03,Metric Tonnes,Other,2600.0,2600.0,2600.0,Rs./Quintal,FAQ
Bangarmau APMC,257.86,Metric Tonnes,Dara,2500.0,2620.0,2567.01,Rs./Quintal,FAQ
Bansi APMC,41.1,Metric Tonnes,Dara,2500.0,2500.0,2500.0,Rs./Quintal,FAQ
Banthara APMC,115.83,Metric Tonnes,Other,2615.0,2635.0,2628.08,Rs./Quintal,FAQ
Banthara APMC,461.82,Metric Tonnes,Dara,2550.0,2840.0,2721.45,Rs./Quintal,FAQ
Barabanki APMC,5.7,Metric Tonnes,Kalyan,2450.0,2450.0,2450.0,Rs./Quintal,FAQ
Barabanki APMC,35.7,Metric Tonnes,Other,2450.0,2450.0,2450.0,Rs./Quintal,FAQ
Barabanki APMC,15.0,Metric Tonnes,Hybrid,2450.0,2450.0,2450.0,Rs./Quintal,FAQ
Barabanki APMC,134.14,Metric Tonnes,Dara,2450.0,2700.0,2523.5,Rs./Quintal,FAQ
Bareilly APMC,21.6,Metric Tonnes,Dara,2600.0,2600.0,2600.0,Rs./Quintal,FAQ
Bareilly APMC,15.01,Metric Tonnes,Other,2600.0,2604.0,2604.0,Rs./Quintal,FAQ
Bareilly APMC,50.3,Metric Tonnes,Dara Mill Quality,2600.0,2610.0,2601.65,Rs./Quintal,FAQ
Baripaal APMC,1.9,Metric Tonnes,Local,2550.0,2550.0,2550.0,Rs./Quintal,FAQ
Baripaal APMC,8.935,Metric Tonnes,Dara Mill Quality,2550.0,2550.0,2550.0,Rs./Quintal,FAQ
Baripaal APMC,31.15,Metric Tonnes,Dara,2550.0,2600.0,2579.61,Rs./Quintal,FAQ
Basti APMC,33.71,Metric Tonnes,Dara Mill Quality,2450.0,2500.0,2483.47,Rs./Quintal,FAQ
Basti APMC,10.0,Metric Tonnes,Sharbati,2450.0,2450.0,2450.0,Rs./Quintal,FAQ
Basti APMC,58.8,Metric Tonnes,Other,2450.0,2450.0,2450.0,Rs./Quintal,FAQ
Basti APMC,144.0,Metric Tonnes,Dara,2450.0,2650.0,2506.74,Rs./Quintal,FAQ
Bewar APMC,16.0,Metric Tonnes,Dara,2500.0,2500.0,2500.0,Rs./Quintal,FAQ
Bharthna APMC,27.51,Metric Tonnes,Other,2630.0,2635.0,2632.44,Rs./Quintal,FAQ
Bharthna APMC,70.565,Metric Tonnes,Dara,2550.0,2550.0,2550.0,Rs./Quintal,FAQ
Bharuasumerpur APMC,10.0,Metric Tonnes,Other,2580.0,2580.0,2580.0,Rs./Quintal,FAQ
Bharuasumerpur APMC,54.04,Metric Tonnes,Medium,2580.0,2600.0,2581.67,Rs./Quintal,FAQ
Bharwari APMC,19.9,Metric Tonnes,Other,2500.0,2500.0,2500.0,Rs./Quintal,FAQ
Bharwari APMC,24.0,Metric Tonnes,Dara,2500.0,2500.0,2500.0,Rs./Quintal,FAQ
Bijnaur APMC,5.5,Metric Tonnes,Other,2590.0,2650.0,2617.27,Rs./Quintal,FAQ
Bindki APMC,107.81,Metric Tonnes,Dara,2450.0,2655.0,2484.84,Rs./Quintal,FAQ
Bindki APMC,5.1,Metric Tonnes,Dara Mill Quality,2650.0,2650.0,2650.0,Rs./Quintal,FAQ
Bindki APMC,26.51,Metric Tonnes,Medium,2445.0,2500.0,2465.01,Rs./Quintal,FAQ
Bindki APMC,208.63,Metric Tonnes,Other,2400.0,2650.0,2591.94,Rs./Quintal,FAQ
Buland Shahr APMC,2.4,Metric Tonnes,PBW-343,2615.0,2615.0,2615.0,Rs./Quintal,FAQ
Buland Shahr APMC,56.88,Metric Tonnes,Dara,2600.0,2680.0,2654.85,Rs./Quintal,FAQ
Chandausi APMC,16.707,Metric Tonnes,Medium,2700.0,2700.0,2700.0,Rs./Quintal,FAQ
Charkhari APMC,34.3,Metric Tonnes,Dara,2500.0,2500.0,2500.0,Rs./Quintal,FAQ
Charra APMC,29.845,Metric Tonnes,Local,2500.0,2500.0,2500.0,Rs./Quintal,FAQ
Charra APMC,26.87,Metric Tonnes,Dara,2600.0,2600.0,2600.0,Rs./Quintal,FAQ
Charra APMC,85.272,Metric Tonnes,Medium,2500.0,2500.0,2500.0,Rs./Quintal,FAQ
Chhibramau APMC,8.0,Metric Tonnes,Mill Quality,2420.0,2420.0,2420.0,Rs./Quintal,FAQ
Chhibramau APMC,18.0,Metric Tonnes,Dara,2420.0,2420.0,2420.0,Rs./Quintal,FAQ
Choubepur APMC,24.405,Metric Tonnes,Dara Mill Quality,2400.0,2400.0,2400.0,Rs./Quintal,FAQ
Colonelganj APMC,55.41,Metric Tonnes,Dara,2580.0,2600.0,2589.89,Rs./Quintal,FAQ
Dataganj APMC,14.0,Metric Tonnes,Dara,2500.0,2600.0,2550.0,Rs./Quintal,FAQ
Devariya APMC,2.695,Metric Tonnes,Hybrid,2697.22,2697.22,2697.22,Rs./Quintal,FAQ
Devariya APMC,45.01,Metric Tonnes,Dara,2450.0,2713.57,2465.11,Rs./Quintal,FAQ
Devariya APMC,5.87,Metric Tonnes,Sharbati,2702.03,2717.18,2709.54,Rs./Quintal,FAQ
Devariya APMC,11.52,Metric Tonnes,White,2750.0,2760.0,2753.92,Rs./Quintal,FAQ
Dhanaura APMC,23.5,Metric Tonnes,Dara,2500.0,2504.0,2501.28,Rs./Quintal,FAQ
Dibiapur APMC,35.135,Metric Tonnes,Hybrid,2500.0,2650.0,2546.83,Rs./Quintal,FAQ
Dibiapur APMC,180.09,Metric Tonnes,Dara,2400.0,2655.0,2467.96,Rs./Quintal,FAQ
Etah APMC,50.3,Metric Tonnes,Other,2500.0,2501.0,2500.15,Rs./Quintal,FAQ
Etah APMC,108.985,Metric Tonnes,Dara,2500.0,2500.0,2500.0,Rs./Quintal,FAQ
Fatehpur APMC,10.1,Metric Tonnes,Medium,2500.0,2500.0,2500.0,Rs./Quintal,FAQ
Fatehpur APMC,55.704,Metric Tonnes,Other,2550.0,2550.0,2550.0,Rs./Quintal,FAQ
Fatehpur APMC,9.0,Metric Tonnes,Dara,2500.0,2500.0,2500.0,Rs./Quintal,FAQ
Fatehpur Sikri APMC,3.1,Metric Tonnes,Dara,2550.0,2550.0,2550.0,Rs./Quintal,FAQ
Firozabad APMC,4.5,Metric Tonnes,Dara,2710.0,2710.0,2710.0,Rs./Quintal,FAQ
Gadaura APMC,10.0,Metric Tonnes,Dara,2500.0,2500.0,2500.0,Rs./Quintal,FAQ
Ganj Dundwara APMC,6.84,Metric Tonnes,Dara,2650.0,2650.0,2650.0,Rs./Quintal,FAQ
Ganj Dundwara APMC,11.2,Metric Tonnes,Other,2550.0,2550.0,2550.0,Rs./Quintal,FAQ
Ghaziabad APMC,7.05,Metric Tonnes,Dara,2750.0,2750.0,2750.0,Rs./Quintal,FAQ
Ghiraur APMC,52.0,Metric Tonnes,Dara,2500.0,2500.0,2500.0,Rs./Quintal,FAQ
Gonda APMC,25.66,Metric Tonnes,Dara Mill Quality,2800.0,2800.0,2800.0,Rs./Quintal,FAQ
Gorakhpur APMC,34.31,Metric Tonnes,Dara,2500.0,2550.0,2525.16,Rs./Quintal,FAQ
Gorakhpur APMC,10.0,Metric Tonnes,Dara Mill Quality,2500.0,2500.0,2500.0,Rs./Quintal,FAQ
Gorakhpur APMC,8.8,Metric Tonnes,Medium,2500.0,2500.0,2500.0,Rs./Quintal,FAQ
Gurusarai APMC,7.0,Metric Tonnes,Medium Fine,2500.0,2500.0,2500.0,Rs./Quintal,FAQ
Gurusarai APMC,7.0,Metric Tonnes,Sharbati,2500.0,2500.0,2500.0,Rs./Quintal,FAQ
Gurusarai APMC,39.8,Metric Tonnes,Medium,2500.0,2580.0,2564.72,Rs./Quintal,FAQ
Gurusarai APMC,22.0,Metric Tonnes,Other,2585.0,2585.0,2585.0,Rs./Quintal,FAQ
Gurusarai APMC,7.0,Metric Tonnes,Super Fine,2500.0,2500.0,2500.0,Rs./Quintal,FAQ
Haathras APMC,28.628,Metric Tonnes,Other,2515.0,2681.0,2533.85,Rs./Quintal,FAQ
Haathras APMC,1.669,Metric Tonnes,Dara,2661.0,2661.0,2661.0,Rs./Quintal,FAQ
Hardoi APMC,140.38,Metric Tonnes,Other,2550.0,2550.0,2550.0,Rs./Quintal,FAQ
Hardoi APMC,92.4,Metric Tonnes,Dara Mill Quality,2600.0,2600.0,2600.0,Rs./Quintal,FAQ
Hardoi APMC,358.39,Metric Tonnes,Dara,2550.0,2655.0,2567.34,Rs./Quintal,FAQ
Islam Nagar APMC,4.86,Metric Tonnes,Medium,2600.0,2600.0,2600.0,Rs./Quintal,FAQ
Jafarganj APMC,99.42,Metric Tonnes,Dara,2300.0,2580.0,2404.96,Rs./Quintal,FAQ
Jagnair APMC,38.0,Metric Tonnes,Medium,2500.0,2500.0,2500.0,Rs./Quintal,FAQ
Jahanabad APMC,76.8,Metric Tonnes,Dara,2530.0,2620.0,2554.82,Rs./Quintal,FAQ
Jalalabad APMC,35.04,Metric Tonnes,Deshi,2650.0,2650.0,2650.0,Rs./Quintal,FAQ
Jalalabad APMC,17.2,Metric Tonnes,Other,2430.0,2430.0,2430.0,Rs./Quintal,FAQ
Jarar APMC,7.815,Metric Tonnes,Dara,2450.0,2550.0,2482.09,Rs./Quintal,FAQ
Jaunpur APMC,14.825,Metric Tonnes,Dara Mill Quality,2702.0,2732.0,2719.43,Rs./Quintal,FAQ
Jaunpur APMC,5.16,Metric Tonnes,Deshi,2500.0,2500.0,2500.0,Rs./Quintal,FAQ
Jayas APMC,396.605,Metric Tonnes,Dara,2400.0,2680.0,2497.69,Rs./Quintal,FAQ
Jhansi APMC,12.2,Metric Tonnes,Mill Quality,2355.0,2360.0,2358.28,Rs./Quintal,FAQ
Jhansi APMC,30.4,Metric Tonnes,White,2380.0,2400.0,2392.5,Rs./Quintal,FAQ
Jhansi APMC,71.6,Metric Tonnes,Other,2351.0,2355.0,2352.2,Rs./Quintal,FAQ
Jhijhank APMC,15.0,Metric Tonnes,Hybrid,2650.0,2650.0,2650.0,Rs./Quintal,FAQ
Jhijhank APMC,21.82,Metric Tonnes,Other,2600.0,2600.0,2600.0,Rs./Quintal,FAQ
Jhijhank APMC,368.519,Metric Tonnes,Dara,2350.0,2650.0,2435.25,Rs./Quintal,FAQ
Kadaura APMC,10.1,Metric Tonnes,Deshi,2350.0,2350.0,2350.0,Rs./Quintal,FAQ
Kadaura APMC,17.0,Metric Tonnes,Super Fine,2350.0,2370.0,2355.29,Rs./Quintal,FAQ
Kalpi APMC,30.375,Metric Tonnes,Other,2635.0,2635.0,2635.0,Rs./Quintal,FAQ
Kalpi APMC,30.2,Metric Tonnes,Dara,2500.0,2575.0,2524.83,Rs./Quintal,FAQ
Kannauj APMC,48.685,Metric Tonnes,Dara,2500.0,2500.0,2500.0,Rs./Quintal,FAQ
Kanpur(Grain) APMC,5.59,Metric Tonnes,Deshi,2500.0,2500.0,2500.0,Rs./Quintal,FAQ
Kanpur(Grain) APMC,17.54,Metric Tonnes,Hybrid,2680.0,2685.0,2682.43,Rs./Quintal,FAQ
Kanpur(Grain) APMC,8.8,Metric Tonnes,Medium,2360.0,2360.0,2360.0,Rs./Quintal,FAQ
Kanpur(Grain) APMC,10.4,Metric Tonnes,Dara Mill Quality,2360.0,2360.0,2360.0,Rs./Quintal,FAQ
Kanpur(Grain) APMC,65.6,Metric Tonnes,Other,2360.0,2650.0,2459.7,Rs./Quintal,FAQ
Kanpur(Grain) APMC,434.507,Metric Tonnes,Dara,2360.0,2750.0,2712.26,Rs./Quintal,FAQ
Karvi APMC,7.0,Metric Tonnes,Wheat-Organic,2300.0,2300.0,2300.0,Rs./Quintal,FAQ
Karvi APMC,40.205,Metric Tonnes,Medium,2300.0,2600.0,2476.88,Rs./Quintal,FAQ
Karvi APMC,102.73,Metric Tonnes,Dara,2250.0,2580.0,2558.16,Rs./Quintal,FAQ
Karvi APMC,49.92,Metric Tonnes,Dara Mill Quality,2550.0,2580.0,2565.36,Rs./Quintal,FAQ
Karvi APMC,28.08,Metric Tonnes,Deshi,2580.0,2580.0,2580.0,Rs./Quintal,FAQ
Karvi APMC,34.9,Metric Tonnes,Other,2250.0,2250.0,2250.0,Rs./Quintal,FAQ
Kasganj APMC,13.0,Metric Tonnes,Medium,2550.0,2600.0,2563.85,Rs./Quintal,FAQ
Kasganj APMC,71.717,Metric Tonnes,Dara,2500.0,2650.0,2606.29,Rs./Quintal,FAQ
Kayamganj APMC,27.8,Metric Tonnes,Dara,2380.0,2400.0,2396.55,Rs./Quintal,FAQ
Khaga APMC,36.7,Metric Tonnes,Dara,2550.0,2550.0,2550.0,Rs./Quintal,FAQ
Khair APMC,22.5,Metric Tonnes,Dara,2600.0,2600.0,2600.0,Rs./Quintal,FAQ
Khairagarh APMC,5.0,Metric Tonnes,Dara,2500.0,2580.0,2540.0,Rs./Quintal,FAQ
Khairagarh APMC,5.3,Metric Tonnes,Other,2550.0,2550.0,2550.0,Rs./Quintal,FAQ
Khalilabad APMC,8.2,Metric Tonnes,Medium,2530.0,2530.0,2530.0,Rs./Quintal,FAQ
Khalilabad APMC,37.0,Metric Tonnes,Other,2530.0,2530.0,2530.0,Rs./Quintal,FAQ
Khalilabad APMC,81.76,Metric Tonnes,Dara,2530.0,2750.0,2670.73,Rs./Quintal,FAQ
Khurja APMC,7.65,Metric Tonnes,PBW-343,2600.0,2600.0,2600.0,Rs./Quintal,FAQ
Khurja APMC,16.5,Metric Tonnes,Other,2600.0,2610.0,2605.48,Rs./Quintal,FAQ
Kishunpur APMC,7.516,Metric Tonnes,Dara,2500.0,2500.0,2500.0,Rs./Quintal,FAQ
Konch APMC,14.7,Metric Tonnes,Dara Mill Quality,2300.0,2350.0,2333.67,Rs./Quintal,FAQ
Kopaganj APMC,19.7,Metric Tonnes,Dara,2600.0,2652.0,2638.72,Rs./Quintal,FAQ
Kosikalan APMC,3.85,Metric Tonnes,Other,2651.0,2651.0,2651.0,Rs./Quintal,FAQ
Kosikalan APMC,13.0,Metric Tonnes,Dara,2500.0,2700.0,2600.0,Rs./Quintal,FAQ
Lakhimpur APMC,8.345,Metric Tonnes,Dara,2450.0,2455.0,2452.0,Rs./Quintal,FAQ
Lalganj APMC,30.0,Metric Tonnes,Medium Fine,2400.0,2400.0,2400.0,Rs./Quintal,FAQ
Lalganj APMC,128.405,Metric Tonnes,Dara,2400.0,2625.0,2566.12,Rs./Quintal,FAQ
Lalitpur APMC,7.5,Metric Tonnes,Medium Fine,2660.0,2660.0,2660.0,Rs./Quintal,FAQ
Lalitpur APMC,38.7,Metric Tonnes,Dara,2350.0,2575.0,2434.99,Rs./Quintal,FAQ
Lalitpur APMC,36.0,Metric Tonnes,Dara Mill Quality,2350.0,2350.0,2350.0,Rs./Quintal,FAQ
Lalitpur APMC,30.0,Metric Tonnes,Medium,2650.0,2655.0,2652.0,Rs./Quintal,FAQ
Lalitpur APMC,150.8,Metric Tonnes,Mill Quality,2350.0,2365.0,2351.86,Rs./Quintal,FAQ
Lalitpur APMC,40.0,Metric Tonnes,Super Fine,2350.0,2358.0,2350.8,Rs./Quintal,FAQ
Lediyari APMC,11.0,Metric Tonnes,Other,2400.0,2600.0,2585.0,Rs./Quintal,FAQ
Lucknow APMC,3.1,Metric Tonnes,Deshi,2690.0,2690.0,2690.0,Rs./Quintal,FAQ
Lucknow APMC,7.1,Metric Tonnes,Medium Fine,2690.0,2690.0,2690.0,Rs./Quintal,FAQ
Lucknow APMC,302.5,Metric Tonnes,Medium,2640.0,2690.0,2688.41,Rs./Quintal,FAQ
Madhoganj APMC,3.465,Metric Tonnes,Dara Mill Quality,2723.0,2723.0,2723.0,Rs./Quintal,FAQ
Madhoganj APMC,193.5,Metric Tonnes,Dara,2500.0,2500.0,2500.0,Rs./Quintal,FAQ
Maigalganj APMC,25.81,Metric Tonnes,Dara,2600.0,2600.0,2600.0,Rs./Quintal,FAQ
Mainpuri APMC,22.0,Metric Tonnes,Deshi,2595.0,2595.0,2595.0,Rs./Quintal,FAQ
Mainpuri APMC,32.855,Metric Tonnes,Other,2551.0,2551.0,2551.0,Rs./Quintal,FAQ
Mainpuri APMC,85.0,Metric Tonnes,Dara,2551.0,2551.0,2551.0,Rs./Quintal,FAQ
Mainpuri APMC,38.5,Metric Tonnes,Medium,2595.0,2595.0,2595.0,Rs./Quintal,FAQ
Mathura APMC,21.395,Metric Tonnes,Dara,2542.99,2676.0,2568.14,Rs./Quintal,FAQ
Mathura APMC,20.165,Metric Tonnes,Other,2451.0,2666.0,2573.74,Rs./Quintal,FAQ
Mathura APMC,14.0,Metric Tonnes,Medium,2630.0,2660.0,2647.14,Rs./Quintal,FAQ
Mau(Chitrakut) APMC,27.9,Metric Tonnes,Dara,2400.0,2400.0,2400.0,Rs./Quintal,FAQ
Mau(Chitrakut) APMC,54.95,Metric Tonnes,Other,2400.0,2600.0,2475.34,Rs./Quintal,FAQ
Maudaha APMC,48.33,Metric Tonnes,Other,2500.0,2500.0,2500.0,Rs./Quintal,FAQ
Maudaha APMC,14.0,Metric Tonnes,Dara Mill Quality,2500.0,2500.0,2500.0,Rs./Quintal,FAQ
Maudaha APMC,36.2,Metric Tonnes,Deshi,2500.0,2500.0,2500.0,Rs./Quintal,FAQ
Maudaha APMC,42.28,Metric Tonnes,Dara,2500.0,2500.0,2500.0,Rs./Quintal,FAQ
Mehmoodabad APMC,116.14,Metric Tonnes,Other,2610.0,2675.0,2649.33,Rs./Quintal,FAQ
Mehrauni APMC,29.4,Metric Tonnes,Other,2500.0,2600.0,2558.27,Rs./Quintal,FAQ
Mehrauni APMC,70.6,Metric Tonnes,Deshi,2400.0,2510.0,2457.89,Rs./Quintal,FAQ
Mihipurwa APMC,30.0,Metric Tonnes,Dara,2450.0,2450.0,2450.0,Rs./Quintal,FAQ
Mihipurwa APMC,26.5,Metric Tonnes,Hybrid,2500.0,2520.0,2510.19,Rs./Quintal,FAQ
Mirzapur APMC,15.02,Metric Tonnes,Dara,2650.0,2650.0,2650.0,Rs./Quintal,FAQ
Mishrit APMC,27.425,Metric Tonnes,Dara,2500.0,2500.0,2500.0,Rs./Quintal,FAQ
Mohammdi APMC,21.999,Metric Tonnes,Other,2500.0,2550.0,2534.11,Rs./Quintal,FAQ
Moth APMC,67.6,Metric Tonnes,Deshi,2600.0,2620.0,2604.35,Rs./Quintal,FAQ
Muradabad APMC,0.68,Metric Tonnes,Other,2500.0,2500.0,2500.0,Rs./Quintal,FAQ
Muradabad APMC,14.0,Metric Tonnes,Dara,2750.0,2750.0,2750.0,Rs./Quintal,FAQ
Naanpara APMC,31.525,Metric Tonnes,Dara,2575.0,2600.0,2580.84,Rs./Quintal,FAQ
Naugarh APMC,92.76,Metric Tonnes,Dara,2500.0,2625.0,2558.83,Rs./Quintal,FAQ
Nautnava APMC,43.802,Metric Tonnes,Dara,2400.0,2400.0,2400.0,Rs./Quintal,FAQ
Nawabganj APMC,58.95,Metric Tonnes,Dara,2600.0,2700.0,2634.14,Rs./Quintal,FAQ
Orai APMC,14.84,Metric Tonnes,Dara,2520.0,2550.0,2534.8,Rs./Quintal,FAQ
Orai APMC,29.8,Metric Tonnes,Other,2600.0,2650.0,2616.44,Rs./Quintal,FAQ
Paliakala APMC,38.2,Metric Tonnes,Dara,2400.0,2400.0,2400.0,Rs./Quintal,FAQ
Panchpedwa APMC,32.705,Metric Tonnes,Other,2380.0,2380.0,2380.0,Rs./Quintal,FAQ
Payagpur APMC,15.8,Metric Tonnes,Super Fine,2500.0,2500.0,2500.0,Rs./Quintal,FAQ
Payagpur APMC,62.0,Metric Tonnes,Medium,2450.0,2600.0,2522.58,Rs./Quintal,FAQ
Payagpur APMC,61.6,Metric Tonnes,Other,2425.0,2600.0,2510.23,Rs./Quintal,FAQ
Pratapgarh APMC,88.525,Metric Tonnes,Dara,2400.0,2400.0,2400.0,Rs./Quintal,FAQ
Prayagraj APMC,15.12,Metric Tonnes,Dara,2250.0,2600.0,2528.36,Rs./Quintal,FAQ
Prayagraj APMC,24.0,Metric Tonnes,Deshi,2250.0,2250.0,2250.0,Rs./Quintal,FAQ
Prayagraj APMC,42.23,Metric Tonnes,Other,2600.0,2600.0,2600.0,Rs./Quintal,FAQ
Prayagraj APMC,34.8,Metric Tonnes,Wheat-Organic,2250.0,2250.0,2250.0,Rs./Quintal,FAQ
Pukharayan APMC,33.75,Metric Tonnes,Other,2650.0,2650.0,2650.0,Rs./Quintal,FAQ
Pukharayan APMC,104.545,Metric Tonnes,Dara,2450.0,2600.0,2541.93,Rs./Quintal,FAQ
Purwa APMC,34.155,Metric Tonnes,Dara,2450.0,2450.0,2450.0,Rs./Quintal,FAQ
Raath APMC,40.0,Metric Tonnes,Deshi,2400.0,2400.0,2400.0,Rs./Quintal,FAQ
Raath APMC,40.0,Metric Tonnes,Medium,2400.0,2400.0,2400.0,Rs./Quintal,FAQ
Raath APMC,40.0,Metric Tonnes,Other,2400.0,2400.0,2400.0,Rs./Quintal,FAQ
Raibareilly APMC,59.815,Metric Tonnes,Dara,2400.0,2600.0,2484.63,Rs./Quintal,FAQ
Risia APMC,35.0,Metric Tonnes,Dara,2500.0,2500.0,2500.0,Rs./Quintal,FAQ
Rudauli APMC,5.68,Metric Tonnes,PBW-343,2475.0,2475.0,2475.0,Rs./Quintal,FAQ
Rudauli APMC,212.651,Metric Tonnes,Dara,2475.0,2690.0,2510.55,Rs./Quintal,FAQ
Rupaidiha APMC,288.3,Metric Tonnes,Dara,2500.0,2500.0,2500.0,Rs./Quintal,FAQ
Rura APMC,11.1,Metric Tonnes,Hybrid,2500.0,2500.0,2500.0,Rs./Quintal,FAQ
Rura APMC,152.327,Metric Tonnes,Other,2500.0,2700.0,2531.73,Rs./Quintal,FAQ
Rura APMC,15.1,Metric Tonnes,Dara Mill Quality,2525.0,2650.0,2582.12,Rs./Quintal,FAQ
Rura APMC,43.765,Metric Tonnes,Medium,2500.0,2650.0,2549.49,Rs./Quintal,FAQ
Rura APMC,95.895,Metric Tonnes,Dara,2500.0,2680.0,2569.08,Rs./Quintal,FAQ
Safdarganj APMC,14.035,Metric Tonnes,Other,2450.0,2450.0,2450.0,Rs./Quintal,FAQ
Safdarganj APMC,8.41,Metric Tonnes,Dara Mill Quality,2450.0,2450.0,2450.0,Rs./Quintal,FAQ
Safdarganj APMC,9.5,Metric Tonnes,Wheat-Organic,2450.0,2450.0,2450.0,Rs./Quintal,FAQ
Safdarganj APMC,12.7,Metric Tonnes,Hybrid,2450.0,2450.0,2450.0,Rs./Quintal,FAQ
Safdarganj APMC,290.16,Metric Tonnes,Dara,2450.0,2500.0,2469.63,Rs./Quintal,FAQ
Saharanpur APMC,47.6,Metric Tonnes,Dara Mill Quality,2849.92,2870.0,2859.83,Rs./Quintal,FAQ
Sahiyapur APMC,29.0,Metric Tonnes,Medium,2430.0,2430.0,2430.0,Rs./Quintal,FAQ
Sahiyapur APMC,6.0,Metric Tonnes,Super Fine,2600.0,2600.0,2600.0,Rs./Quintal,FAQ
Sahiyapur APMC,97.2,Metric Tonnes,Dara,2430.0,2600.0,2495.06,Rs./Quintal,FAQ
Sahiyapur APMC,53.2,Metric Tonnes,Other,2430.0,2600.0,2476.02,Rs./Quintal,FAQ
Salon APMC,5.77,Metric Tonnes,Dara,2600.0,2600.0,2600.0,Rs./Quintal,FAQ
Sandila APMC,6.6,Metric Tonnes,Dara Mill Quality,2450.0,2450.0,2450.0,Rs./Quintal,FAQ
Sandila APMC,247.003,Metric Tonnes,Dara,2450.0,2750.0,2498.33,Rs./Quintal,FAQ
Sehjanwa APMC,143.5,Metric Tonnes,Deshi,2470.0,2560.0,2504.08,Rs./Quintal,FAQ
Sehjanwa APMC,144.479,Metric Tonnes,Dara,2514.98,2805.0,2748.82,Rs./Quintal,FAQ
Shadabad APMC,11.62,Metric Tonnes,Other,2425.0,2425.0,2425.0,Rs./Quintal,FAQ
Shahabad(New Mandi) APMC,10.0,Metric Tonnes,Dara,2450.0,2450.0,2450.0,Rs./Quintal,FAQ
Shahganj APMC,64.2,Metric Tonnes,Other,2600.0,2600.0,2600.0,Rs./Quintal,FAQ
Shahganj APMC,160.14,Metric Tonnes,Dara,2400.0,2580.0,2533.92,Rs./Quintal,FAQ
Shahjahanpur APMC,4.682,Metric Tonnes,Dara,2600.0,2600.0,2600.0,Rs./Quintal,FAQ
Shahjahanpur APMC,58.0,Metric Tonnes,Other,2475.0,2525.0,2490.52,Rs./Quintal,FAQ
Shahjahanpur APMC,38.7,Metric Tonnes,Medium Fine,2475.0,2475.0,2475.0,Rs./Quintal,FAQ
Shohratgarh APMC,66.3,Metric Tonnes,Dara,2450.0,2450.0,2450.0,Rs./Quintal,FAQ
Sidhauli APMC,58.0,Metric Tonnes,Dara,2425.0,2445.0,2436.38,Rs./Quintal,FAQ
Sikanderabad APMC,2.5,Metric Tonnes,Hybrid,2630.0,2630.0,2630.0,Rs./Quintal,FAQ
Sikandraraau APMC,29.751,Metric Tonnes,PBW-343,2500.0,2500.0,2500.0,Rs./Quintal,FAQ
Sirsa APMC,16.8,Metric Tonnes,Medium,2500.0,2500.0,2500.0,Rs./Quintal,FAQ
Sitapur APMC,3.5,Metric Tonnes,Other,3000.0,3000.0,3000.0,Rs./Quintal,FAQ
Sitapur APMC,14.575,Metric Tonnes,Dara Mill Quality,2450.0,2450.0,2450.0,Rs./Quintal,FAQ
Sitapur APMC,34.1,Metric Tonnes,Dara,2640.0,2640.0,2640.0,Rs./Quintal,FAQ
Sitapur APMC,39.3,Metric Tonnes,Medium,2480.0,2510.0,2499.82,Rs./Quintal,FAQ
Sultanpur APMC,32.9,Metric Tonnes,Dara,2450.0,2450.0,2450.0,Rs./Quintal,FAQ
Sultanpur APMC,100.0,Metric Tonnes,Other,2450.0,2450.0,2450.0,Rs./Quintal,FAQ
Tanda Akbarpur APMC,89.68,Metric Tonnes,Dara,2450.0,2450.0,2450.0,Rs./Quintal,FAQ
Tundla APMC,5.8,Metric Tonnes,Medium,2755.0,2760.0,2758.03,Rs./Quintal,FAQ
Tundla APMC,8.25,Metric Tonnes,Local,2800.0,2800.0,2800.0,Rs./Quintal,FAQ
Ujhani APMC,149.882,Metric Tonnes,Other,2600.0,2600.0,2600.0,Rs./Quintal,FAQ
Ujhani APMC,73.152,Metric Tonnes,Dara,2500.0,2500.0,2500.0,Rs./Quintal,FAQ
Unnao APMC,26.82,Metric Tonnes,Dara,2560.0,2560.0,2560.0,Rs./Quintal,FAQ
Unnao APMC,49.505,Metric Tonnes,Dara Mill Quality,2550.0,2550.0,2550.0,Rs./Quintal,FAQ
Unnao APMC,153.6,Metric Tonnes,Other,2585.0,2585.0,2585.0,Rs./Quintal,FAQ
Utraula APMC,30.0,Metric Tonnes,Dara,2450.0,2450.0,2450.0,Rs./Quintal,FAQ
Uttaripura APMC,9.25,Metric Tonnes,Other,2400.0,2400.0,2400.0,Rs./Quintal,FAQ
Viswan APMC,30.89,Metric Tonnes,Deshi,2700.0,2700.0,2700.0,Rs./Quintal,FAQ
Viswan APMC,15.0,Metric Tonnes,Dara,2650.0,2650.0,2650.0,Rs./Quintal,FAQ
Wazirganj APMC,30.0,Metric Tonnes,Other,2550.0,2550.0,2550.0,Rs./Quintal,FAQ
Total,14427.14,Metric Tonnes,,,,2538.89,Rs./Quintal,
State/UT Name : Uttarakhand
Lakshar APMC,2.2,Metric Tonnes,Other,2585.0,2600.0,2600.0,Rs./Quintal,Local
Total,2.2,Metric Tonnes,,,,2600.0,Rs./Quintal,
State/UT Name : West Bengal
Asansol APMC,4.7,Metric Tonnes,Kalyan,2600.0,2800.0,2750.0,Rs./Quintal,FAQ
Beldanga APMC,2.0,Metric Tonnes,Other,2450.0,2650.0,2550.0,Rs./Quintal,FAQ
Bishnupur(Bankura) APMC,0.24,Metric Tonnes,Sonalika,2600.0,2800.0,2700.0,Rs./Quintal,FAQ
Durgapur APMC,4.5,Metric Tonnes,Kalyan,2600.0,2850.0,2765.0,Rs./Quintal,FAQ
Jangipur APMC,13.75,Metric Tonnes,Deshi,2550.0,2650.0,2600.0,Rs./Quintal,FAQ
Jiaganj APMC,6.0,Metric Tonnes,Sonalika,2700.0,2800.0,2750.0,Rs./Quintal,FAQ
Kandi APMC,2.0,Metric Tonnes,Sonalika,2700.0,2800.0,2750.0,Rs./Quintal,FAQ
Karimpur APMC,7.9,Metric Tonnes,Local,2700.0,2900.0,2800.0,Rs./Quintal,Grade Range-1
Kasimbazar APMC,2.0,Metric Tonnes,Sonalika,2700.0,2800.0,2750.0,Rs./Quintal,FAQ
Khatra APMC,0.22000000000000003,Metric Tonnes,Sonalika,2600.0,2800.0,2700.0,Rs./Quintal,FAQ
Rampurhat APMC,20.0,Metric Tonnes,Other,2500.0,2600.0,2550.0,Rs./Quintal,FAQ
Total,63.31,Metric Tonnes,,,,2654.86,Rs./Quintal,
Grand Total,56621.72,Metric Tonnes,,,,2662.76,Rs./Quintal,
Commodity Group Name : Pulses
Bengal Gram Dal(Chana Dal)
State/UT Name : Karnataka
Bengaluru APMC,170.3,Metric Tonnes,Bengal Gram Dal,7000.0,8500.0,7750.0,Rs./Quintal,Medium
Davangere APMC,1.8,Metric Tonnes,Bengal Gram Dal,7550.0,7550.0,7550.0,Rs./Quintal,Local
Hassan APMC,2.4000000000000004,Metric Tonnes,Bengal Gram Dal,7650.0,7650.0,7650.0,Rs./Quintal,Local
Total,174.5,Metric Tonnes,,,,7746.56,Rs./Quintal,
State/UT Name : Maharashtra
APMC Mumbai ,11.1,Metric Tonnes,Other,7100.0,8500.0,7900.0,Rs./Quintal,Local
Total,11.1,Metric Tonnes,,,,7900.0,Rs./Quintal,
State/UT Name : Manipur
Bishenpur APMC,0.3,Metric Tonnes,Bengal Gram Dal,11500.0,12000.0,11750.0,Rs./Quintal,FAQ
Imphal APMC,2.4,Metric Tonnes,Bengal Gram Dal,11000.0,12000.0,11500.0,Rs./Quintal,FAQ
Kakching Market APMC,0.4,Metric Tonnes,Bengal Gram Dal,10500.0,11000.0,10750.0,Rs./Quintal,FAQ
Thoubal APMC,0.3,Metric Tonnes,Bengal Gram Dal,11500.0,12000.0,11750.0,Rs./Quintal,FAQ
Total,3.4,Metric Tonnes,,,,11455.88,Rs./Quintal,
State/UT Name : Uttar Pradesh
Banthara APMC,7.9185,Metric Tonnes,Other,7410.0,19214.25,8016.68,Rs./Quintal,FAQ
Barabanki APMC,27.03,Metric Tonnes,Other,7228.0,7228.0,7228.0,Rs./Quintal,FAQ
Devariya APMC,5.01,Metric Tonnes,Other,7450.0,7450.0,7450.0,Rs./Quintal,FAQ
Gorakhpur APMC,38.04,Metric Tonnes,Other,7250.0,7550.0,7494.64,Rs./Quintal,FAQ
Hapur APMC,3.0,Metric Tonnes,Other,7000.0,7000.0,7000.0,Rs./Quintal,FAQ
Prayagraj APMC,1.5,Metric Tonnes,Other,6000.0,6000.0,6000.0,Rs./Quintal,FAQ
Shahjahanpur APMC,7.793,Metric Tonnes,Other,7358.0,7358.0,7358.0,Rs./Quintal,FAQ
Total,90.29,Metric Tonnes,,,,7405.06,Rs./Quintal,
Grand Total,279.29,Metric Tonnes,,,,7687.41,Rs./Quintal,
Red gram/Arhar/Tur(whole) (MSP: Rs. 8450.00/Quintal)
State/UT Name : Andhra Pradesh
Gooti APMC,0.1,Metric Tonnes,Local,5400.0,6600.0,5980.0,Rs./Quintal,Grade Range-1
Guntakal APMC,0.1,Metric Tonnes,Local,7000.0,8000.0,7500.0,Rs./Quintal,Local
Kanigiri APMC,0.1,Metric Tonnes,(Whole),8600.0,8800.0,8700.0,Rs./Quintal,Local
Macharla APMC,0.1,Metric Tonnes,Local,8200.0,8200.0,8200.0,Rs./Quintal,Grade Range-1
Narasaraopet APMC,0.1,Metric Tonnes,Local,8500.0,8500.0,8500.0,Rs./Quintal,FAQ
Podili APMC,0.1,Metric Tonnes,Arhar (Whole),8000.0,8200.0,8100.0,Rs./Quintal,FAQ
Total,0.6,Metric Tonnes,,,,7830.0,Rs./Quintal,
State/UT Name : Gujarat
Dahod APMC,9.9,Metric Tonnes,Arhar (Whole),6000.0,6500.0,6385.0,Rs./Quintal,Non-FAQ
Dhari APMC,0.049,Metric Tonnes,777 New Ind,7250.0,7250.0,7250.0,Rs./Quintal,Non-FAQ
JASDAN APMC,0.5,Metric Tonnes,Arhar (Whole),5500.0,7250.0,6500.0,Rs./Quintal,FAQ
Mahuva(Station Road) APMC,0.05,Metric Tonnes,Local,5500.0,5500.0,5500.0,Rs./Quintal,FAQ
Rajkot APMC,18.0,Metric Tonnes,Arhar (Whole),6000.0,8420.0,7460.0,Rs./Quintal,FAQ
The Agricultural Produce Market Committee-Amreli,1.3,Metric Tonnes,Other,6600.0,7775.0,7450.0,Rs./Quintal,FAQ
Total,29.8,Metric Tonnes,,,,7082.68,Rs./Quintal,
State/UT Name : Karnataka
APMC Hubballi,0.7000000000000001,Metric Tonnes,Arhar (Whole),4510.0,4829.0,4539.0,Rs./Quintal,Local
Bidar APMC,26.6,Metric Tonnes,Arhar (Whole),3111.0,9118.0,8250.0,Rs./Quintal,Non-FAQ
Chincholi APMC,49.5,Metric Tonnes,Arhar (Whole),8200.0,8700.0,8500.0,Rs./Quintal,Non-FAQ
Chittapur APMC,40.0,Metric Tonnes,Arhar Dal(Tur),8100.0,8700.0,8500.0,Rs./Quintal,Non-FAQ
Hungund APMC,29.200000000000003,Metric Tonnes,Arhar (Whole),8200.0,8200.0,8200.0,Rs./Quintal,FAQ
Kalaburagi APMC,60.0,Metric Tonnes,Arhar (Whole),7400.0,9200.0,8500.0,Rs./Quintal,Local
Kustagi APMC,30.400000000000002,Metric Tonnes,Red,7100.0,7100.0,7100.0,Rs./Quintal,FAQ
Mysuru APMC,4.800000000000001,Metric Tonnes,Red,7300.0,7850.0,7300.0,Rs./Quintal,Local
Raichur APMC,0.5,Metric Tonnes,Red,7209.0,7569.0,7569.0,Rs./Quintal,Grade Range-1
Sindhanur APMC,26.6,Metric Tonnes,Arhar (Whole),7900.0,8500.0,8200.0,Rs./Quintal,Local
Talikot APMC,44.7,Metric Tonnes,Arhar (Whole),7009.0,8656.0,8067.0,Rs./Quintal,FAQ
Vijayapura APMC,2.6,Metric Tonnes,Arhar (Whole),7787.0,7787.0,7787.0,Rs./Quintal,Local
sedam,116.30000000000001,Metric Tonnes,Arhar (Whole),7400.0,8500.0,7868.0,Rs./Quintal,FAQ
Total,431.9,Metric Tonnes,,,,8107.18,Rs./Quintal,
State/UT Name : Keralam
Neeleswaram Market,2.0,Metric Tonnes,Other,14200.0,14400.0,14300.0,Rs./Quintal,FAQ
Palakkad Market,1.0,Metric Tonnes,Arhar Dal(Tur),12000.0,13500.0,12800.0,Rs./Quintal,FAQ
Total,3.0,Metric Tonnes,,,,13800.0,Rs./Quintal,
State/UT Name : Madhya Pradesh
Alirajpur APMC,9.200000000000001,Metric Tonnes,Arhar Dal(Tur),4000.0,4000.0,4000.0,Rs./Quintal,Non-FAQ
Bareli APMC,0.22000000000000003,Metric Tonnes,Arhar Dal(Tur),7700.0,7700.0,7700.0,Rs./Quintal,FAQ
Bhopal APMC,0.192,Metric Tonnes,Arhar Dal(Tur),6850.0,6850.0,6850.0,Rs./Quintal,FAQ
Chhindwara APMC,0.35000000000000003,Metric Tonnes,Arhar Dal(Tur),6000.0,7601.0,7601.0,Rs./Quintal,FAQ
Damoh APMC,51.29600000000001,Metric Tonnes,Arhar Dal(Tur),5760.0,8600.0,6890.0,Rs./Quintal,FAQ
Gadarwada APMC,0.75,Metric Tonnes,Arhar Dal(Tur),6600.0,8100.0,8100.0,Rs./Quintal,FAQ
Gadarwada APMC,1.7000000000000002,Metric Tonnes,Arhar Dal(Tur),7250.0,8200.0,8200.0,Rs./Quintal,Non-FAQ
Harda APMC,0.551,Metric Tonnes,Arhar Dal(Tur),6600.0,7060.0,7060.0,Rs./Quintal,FAQ
Indore APMC,129.875,Metric Tonnes,Arhar Dal(Tur),5570.0,6750.0,6400.0,Rs./Quintal,FAQ
Itarsi APMC,35.895,Metric Tonnes,Arhar Dal(Tur),3500.0,8350.0,8350.0,Rs./Quintal,FAQ
Jabalpur APMC,7.833,Metric Tonnes,Arhar Dal(Tur),5050.0,7705.0,7255.0,Rs./Quintal,FAQ
Kareli APMC,30.795,Metric Tonnes,Arhar Dal(Tur),5600.0,7879.0,7530.0,Rs./Quintal,FAQ
Kareli APMC,0.19,Metric Tonnes,Arhar Dal(Tur),5902.0,5902.0,5902.0,Rs./Quintal,Non-FAQ
Kasrawad APMC,24.882,Metric Tonnes,Arhar Dal(Tur),9132.43,9132.43,9132.43,Rs./Quintal,FAQ
Katni APMC,472.395,Metric Tonnes,Arhar Dal(Tur),5925.0,8900.0,8710.91,Rs./Quintal,FAQ
Katni APMC,3.1500000000000004,Metric Tonnes,Arhar Dal(Tur),4650.0,7300.0,7300.0,Rs./Quintal,Non-FAQ
Khandwa APMC,5.425000000000001,Metric Tonnes,Arhar Dal(Tur),7125.0,7290.0,7125.0,Rs./Quintal,FAQ
Khargone APMC,0.731,Metric Tonnes,Arhar Dal(Tur),4960.0,6000.0,6000.0,Rs./Quintal,FAQ
Khategaon APMC,0.024,Metric Tonnes,Arhar Dal(Tur),5801.0,5801.0,5801.0,Rs./Quintal,FAQ
Khirkiya APMC,0.10200000000000001,Metric Tonnes,Arhar Dal(Tur),4801.0,4801.0,4801.0,Rs./Quintal,Non-FAQ
Kukshi APMC,1.07,Metric Tonnes,Other,5200.0,5200.0,5200.0,Rs./Quintal,FAQ
Lakhnadon APMC,3.1,Metric Tonnes,Arhar Dal(Tur),6087.0,6087.0,6087.0,Rs./Quintal,FAQ
Narsinghpur APMC,0.38,Metric Tonnes,Arhar Dal(Tur),8000.0,8300.0,8300.0,Rs./Quintal,FAQ
Narsinghpur APMC,0.225,Metric Tonnes,Arhar Dal(Tur),7373.0,7373.0,7373.0,Rs./Quintal,Non-FAQ
Patharia APMC,0.7200000000000001,Metric Tonnes,Arhar Dal(Tur),3105.0,7290.0,7290.0,Rs./Quintal,FAQ
Pipariya APMC,16.0,Metric Tonnes,Arhar Dal(Tur),3950.0,8005.0,7550.0,Rs./Quintal,FAQ
Sagar APMC,0.12,Metric Tonnes,Arhar Dal(Tur),5800.0,5800.0,5800.0,Rs./Quintal,FAQ
Satna APMC,6.188000000000001,Metric Tonnes,Arhar Dal(Tur),5805.0,7705.0,7705.0,Rs./Quintal,FAQ
Saunsar (F&V) APMC,2.5700000000000003,Metric Tonnes,Arhar (Whole),7700.0,7700.0,7700.0,Rs./Quintal,Local
Saunsar APMC,2.5700000000000003,Metric Tonnes,Arhar Dal(Tur),7700.0,7700.0,7700.0,Rs./Quintal,FAQ
Silvani APMC,0.9500000000000001,Metric Tonnes,Arhar Dal(Tur),6885.0,7805.0,7805.0,Rs./Quintal,FAQ
Udaipura APMC,0.215,Metric Tonnes,Arhar Dal(Tur),7005.0,7005.0,7005.0,Rs./Quintal,FAQ
Total,809.66,Metric Tonnes,,,,8030.02,Rs./Quintal,
State/UT Name : Maharashtra
APMC  Latur,121.0,Metric Tonnes,Other,8482.0,9211.0,9050.0,Rs./Quintal,FAQ
APMC Achalpur ,8.0,Metric Tonnes,Other,8050.0,8500.0,8275.0,Rs./Quintal,FAQ
APMC Amarawati ,252.5,Metric Tonnes,Other,8300.0,8950.0,8625.0,Rs./Quintal,FAQ
APMC Arvi ,12.8,Metric Tonnes,Other,8000.0,8700.0,8100.0,Rs./Quintal,FAQ
APMC Aurad Shahajani ,9.3,Metric Tonnes,Other,8650.0,9051.0,8850.0,Rs./Quintal,FAQ
APMC Aurad Shahajani ,0.2,Metric Tonnes,Other,7501.0,7999.0,7800.0,Rs./Quintal,Non-FAQ
APMC Ausa ,0.2,Metric Tonnes,Other,8851.0,8851.0,8851.0,Rs./Quintal,FAQ
APMC Babhulgaon ,20.0,Metric Tonnes,Other,8101.0,8695.0,8401.0,Rs./Quintal,FAQ
APMC Baramati ,0.4,Metric Tonnes,Other,4000.0,4000.0,4000.0,Rs./Quintal,Non-FAQ
APMC Bhokar ,0.2,Metric Tonnes,Other,7500.0,7900.0,7700.0,Rs./Quintal,Non-FAQ
APMC Chakur ,0.7,Metric Tonnes,Other,8251.0,8301.0,8267.0,Rs./Quintal,FAQ
APMC Chandur Bazar ,7.2,Metric Tonnes,Other,8000.0,8700.0,8450.0,Rs./Quintal,FAQ
APMC Chandur Bazar ,6.3,Metric Tonnes,Other,7600.0,7900.0,7760.0,Rs./Quintal,Non-FAQ
APMC Chandur Railway ,7.5,Metric Tonnes,Other,8000.0,8505.0,8150.0,Rs./Quintal,FAQ
APMC Dhamngaon-Railway ,64.1,Metric Tonnes,Other,5050.0,6000.0,5090.0,Rs./Quintal,Non-FAQ
APMC Digras ,2.8,Metric Tonnes,Other,8450.0,8655.0,8575.0,Rs./Quintal,FAQ
APMC Dudhani ,39.6,Metric Tonnes,Other,8000.0,9300.0,8767.0,Rs./Quintal,FAQ
APMC Dudhani ,0.6,Metric Tonnes,Other,6640.0,6640.0,6640.0,Rs./Quintal,Non-FAQ
APMC Gangapur ,0.1,Metric Tonnes,Other,7580.0,7580.0,7580.0,Rs./Quintal,Non-FAQ
APMC Gevrai ,1.5,Metric Tonnes,Other,8500.0,8760.0,8630.0,Rs./Quintal,FAQ
APMC Hinganghat ,14.9,Metric Tonnes,Other,8000.0,8940.0,8400.0,Rs./Quintal,FAQ
APMC Hinganghat ,118.9,Metric Tonnes,Other,7700.0,7900.0,7800.0,Rs./Quintal,Non-FAQ
APMC Indapur ,0.1,Metric Tonnes,Other,8100.0,8100.0,8100.0,Rs./Quintal,FAQ
APMC Jalana ,23.2,Metric Tonnes,Other,5800.0,7901.0,7900.0,Rs./Quintal,Non-FAQ
APMC Kalamb (Dharashiv) ,0.4,Metric Tonnes,Other,8200.0,8200.0,8200.0,Rs./Quintal,FAQ
APMC Kalamb (Dharashiv) ,1.1,Metric Tonnes,Other,7900.0,7980.0,7980.0,Rs./Quintal,Non-FAQ
APMC Karanja ,77.5,Metric Tonnes,Other,8440.0,8740.0,8440.0,Rs./Quintal,FAQ
APMC Katol ,2.5,Metric Tonnes,Other,8000.0,8400.0,8250.0,Rs./Quintal,FAQ
APMC Khamgaon ,43.4,Metric Tonnes,Other,8000.0,9000.0,8500.0,Rs./Quintal,FAQ
APMC Khamgaon ,4.2,Metric Tonnes,Other,4200.0,7950.0,6075.0,Rs./Quintal,Non-FAQ
APMC Lasur Station ,0.1,Metric Tonnes,Other,8000.0,8000.0,8000.0,Rs./Quintal,FAQ
APMC Lasur Station ,0.5,Metric Tonnes,Other,3500.0,3500.0,3500.0,Rs./Quintal,Non-FAQ
APMC Loha ,1.4,Metric Tonnes,Other,8000.0,8826.0,8751.0,Rs./Quintal,FAQ
APMC Loha ,0.4,Metric Tonnes,Other,6050.0,6500.0,6050.0,Rs./Quintal,Non-FAQ
APMC Lonar ,3.2,Metric Tonnes,Other,8000.0,8500.0,8250.0,Rs./Quintal,FAQ
APMC Majalgaon ,1.7,Metric Tonnes,Other,8011.0,8500.0,8326.0,Rs./Quintal,FAQ
APMC Malegaon ,0.6,Metric Tonnes,Other,5000.0,7301.0,7099.0,Rs./Quintal,Non-FAQ
APMC Malkapur ,42.1,Metric Tonnes,Other,8025.0,9000.0,8850.0,Rs./Quintal,FAQ
APMC Mangal Wedha ,2.4,Metric Tonnes,Other,6000.0,7100.0,7100.0,Rs./Quintal,Non-FAQ
APMC Mangrulpeer ,10.0,Metric Tonnes,Other,8000.0,8595.0,8150.0,Rs./Quintal,FAQ
APMC Mehekar ,2.0,Metric Tonnes,Other,8010.0,8295.0,8100.0,Rs./Quintal,FAQ
APMC Morshi ,50.3,Metric Tonnes,Other,8200.0,8700.0,8450.0,Rs./Quintal,FAQ
APMC Murum ,0.6,Metric Tonnes,Other,8300.0,8400.0,8350.0,Rs./Quintal,FAQ
APMC Nanded ,0.3,Metric Tonnes,Other,7770.0,7805.0,7790.0,Rs./Quintal,Non-FAQ
APMC Nandgaon Khandeshwar ,7.1,Metric Tonnes,Other,8350.0,8700.0,8525.0,Rs./Quintal,FAQ
APMC Ner Parasopant ,9.7,Metric Tonnes,Other,8000.0,8380.0,8250.0,Rs./Quintal,FAQ
APMC Nilanga ,1.8,Metric Tonnes,Other,8000.0,8500.0,8200.0,Rs./Quintal,FAQ
APMC Parbhani ,1.1,Metric Tonnes,Other,8000.0,8100.0,8050.0,Rs./Quintal,FAQ
APMC Pathari ,0.2,Metric Tonnes,Other,7200.0,7500.0,7500.0,Rs./Quintal,Non-FAQ
APMC Pusad ,6.5,Metric Tonnes,Other,8000.0,8545.0,8250.0,Rs./Quintal,FAQ
APMC Savner ,4.5,Metric Tonnes,Other,8525.0,8640.0,8600.0,Rs./Quintal,FAQ
APMC Sengoan ,4.5,Metric Tonnes,Other,7400.0,7700.0,7500.0,Rs./Quintal,Non-FAQ
APMC Shegaon ,0.8,Metric Tonnes,Other,8000.0,8500.0,8400.0,Rs./Quintal,FAQ
APMC Shirpur ,0.2,Metric Tonnes,Other,6301.0,6700.0,6700.0,Rs./Quintal,Non-FAQ
APMC Vani ,4.5,Metric Tonnes,Other,8055.0,8255.0,8100.0,Rs./Quintal,FAQ
APMC Wardha ,2.7,Metric Tonnes,Other,8285.0,8380.0,8300.0,Rs./Quintal,FAQ
APMC Washim ,60.0,Metric Tonnes,Other,8000.0,8550.0,8100.0,Rs./Quintal,FAQ
APMC Yavatmal ,6.3,Metric Tonnes,Other,8250.0,8550.0,8375.0,Rs./Quintal,FAQ
Barshi(Vairag) ,0.3,Metric Tonnes,Other,7600.0,7600.0,7600.0,Rs./Quintal,Non-FAQ
"Bsk Krishi Bazar Private Limited, Mehkar, Dist Buldhana",7.0,Metric Tonnes,Other,7700.0,8200.0,7888.0,Rs./Quintal,Local
"Cottoncity Agro Foods Pvt Ltd, Dist Yavatmal",59.46,Metric Tonnes,Other,7905.0,8930.0,8446.0,Rs./Quintal,Local
"Jaykissan Krushi Uttpan Khajgi Bazar, Khamgaon, Dist Buldhana",5.43,Metric Tonnes,Other,7500.0,8700.0,8586.0,Rs./Quintal,Local
"Krushna Krishi Bazar, Washim",0.76,Metric Tonnes,Other,7300.0,8000.0,7317.0,Rs./Quintal,Local
"M/S Kalpana Agri Commodities Marketing, Nagpur",2.3,Metric Tonnes,Other,8151.0,8151.0,8151.0,Rs./Quintal,Local
"Maharaja Agresen Pvt Krushi Utappan Bazar Samati, Dist Buldhana",2.3,Metric Tonnes,Other,7200.0,7600.0,7457.0,Rs./Quintal,Local
"Mahesh Krushi Utpanna Bazar, Digras, Dist Yeotmal",0.6,Metric Tonnes,Other,8100.0,8100.0,8100.0,Rs./Quintal,Local
"N.N.Mundhada Agriculture Market Produce, Dist Washim",1.18,Metric Tonnes,Other,8000.0,8300.0,8247.0,Rs./Quintal,Local
Sangrampur(Varvatbakal) ,0.6,Metric Tonnes,Other,8200.0,8400.0,8300.0,Rs./Quintal,FAQ
"Shekari Krushi Khajgi Bazar, Arni, Dist Yavatmal",1.48,Metric Tonnes,Other,8251.0,8251.0,8251.0,Rs./Quintal,Local
Shetkari Krushi Utapanna Bazar Roshankheda Tal Varud Dist Amravati,0.09,Metric Tonnes,Other,8500.0,8500.0,8500.0,Rs./Quintal,Local
Sindi (Selu),3.1,Metric Tonnes,Other,8005.0,8400.0,8200.0,Rs./Quintal,FAQ
Washim(Ansing) ,6.0,Metric Tonnes,Other,8150.0,8450.0,8200.0,Rs./Quintal,FAQ
Total,1157.3,Metric Tonnes,,,,8246.17,Rs./Quintal,
State/UT Name : Telangana
Bhainsa APMC,1.4,Metric Tonnes,Arhar (Whole),8000.0,8000.0,8000.0,Rs./Quintal,FAQ
Suryapeta APMC,1.7000000000000002,Metric Tonnes,Local,7878.0,8456.0,7878.0,Rs./Quintal,Local
Tanduru APMC,0.35000000000000003,Metric Tonnes,(Whole),17442.0,17442.0,17442.0,Rs./Quintal,Grade Range-1
Tirumalagiri APMC,0.4,Metric Tonnes,Local,7809.0,8080.0,8080.0,Rs./Quintal,FAQ
Vikarabad APMC,0.55,Metric Tonnes,(Whole),7795.0,7912.0,7795.0,Rs./Quintal,FAQ
Warangal APMC,1.193,Metric Tonnes,(Whole),4500.0,7500.0,6500.0,Rs./Quintal,FAQ
Zaheerabad APMC,0.8500000000000001,Metric Tonnes,Arhar (Whole),7362.0,8659.0,8659.0,Rs./Quintal,Local
Total,6.44,Metric Tonnes,,,,8277.39,Rs./Quintal,
State/UT Name : Uttar Pradesh
Banthara APMC,0.558,Metric Tonnes,Other,17700.0,19200.0,18667.74,Rs./Quintal,FAQ
Total,0.56,Metric Tonnes,,,,18667.74,Rs./Quintal,
Grand Total,2439.26,Metric Tonnes,,,,8144.8,Rs./Quintal,
Commodity Group Name : Vegetables
Cabbage
State/UT Name : Andhra Pradesh
Palamaner APMC,5.4,Metric Tonnes,Cabbage,600.0,1000.0,800.0,Rs./Quintal,FAQ
Total,5.4,Metric Tonnes,,,,800.0,Rs./Quintal,
State/UT Name : Assam
Balugaon APMC,2.0,Metric Tonnes,Cabbage,1600.0,1800.0,1700.0,Rs./Quintal,Local
Besimari APMC,2.0,Metric Tonnes,Cabbage,1500.0,1700.0,1600.0,Rs./Quintal,Local
Dhekiajuli APMC,1.6,Metric Tonnes,Cabbage,2600.0,2700.0,2700.0,Rs./Quintal,FAQ
Harbartganj Daily Market APMC,120.0,Metric Tonnes,Cabbage,2200.0,2500.0,2350.0,Rs./Quintal,FAQ
Pamohi(Garchuk) APMC,10.0,Metric Tonnes,Cabbage,2400.0,3000.0,2600.0,Rs./Quintal,FAQ
Tinsukia Market,3.0,Metric Tonnes,Cabbage,2500.0,3500.0,3000.0,Rs./Quintal,FAQ
Total,138.6,Metric Tonnes,,,,2365.95,Rs./Quintal,
State/UT Name : Bihar
Benipatti APMC,0.5,Metric Tonnes,Cabbage,2300.0,2600.0,2400.0,Rs./Quintal,FAQ
Bhagwanpur Mandi APMC,5.4,Metric Tonnes,Cabbage,2700.0,2700.0,2700.0,Rs./Quintal,Grade A
Gaya APMC,2.6,Metric Tonnes,Cabbage,2600.0,3000.0,2800.0,Rs./Quintal,FAQ
Khagaria APMC,4.0,Metric Tonnes,Cabbage,2499.99975,2866.66638,2666.6664,Rs./Quintal,Grade A
Total,12.5,Metric Tonnes,,,,2698.13,Rs./Quintal,
State/UT Name : Chattisgarh
Rajnandgaon APMC,30.9,Metric Tonnes,Cabbage,1300.0,1400.0,1300.0,Rs./Quintal,Grade B
Tiphra APMC,15.0,Metric Tonnes,Cabbage,1500.0,1700.0,1600.0,Rs./Quintal,Grade B
Total,45.9,Metric Tonnes,,,,1398.04,Rs./Quintal,
State/UT Name : Gujarat
Ahmedabad APMC,383.3,Metric Tonnes,Other,800.0,2000.0,1100.0,Rs./Quintal,FAQ
"Anand(Veg,Yard,Anand) APMC",5.1000000000000005,Metric Tonnes,Cabbage,1000.0,1500.0,1250.0,Rs./Quintal,Grade B
Bharuch APMC,12.5,Metric Tonnes,Other,1000.0,1500.0,1200.0,Rs./Quintal,Local
Bilimora APMC,6.0,Metric Tonnes,Other,1250.0,1750.0,1500.0,Rs./Quintal,FAQ
Dahod(Veg. Market) APMC,6.2,Metric Tonnes,Cabbage,1000.0,2000.0,1500.0,Rs./Quintal,Local
Damnagar APMC,0.04,Metric Tonnes,Cabbage,2000.0,2000.0,2000.0,Rs./Quintal,Local
Gondal(Veg.market Gondal) APMC,7.49,Metric Tonnes,Cabbage,1000.0,2500.0,1750.0,Rs./Quintal,Local
Himatnagar(Veg.Market Himatnagar) APMC,1.8,Metric Tonnes,Cabbage,2000.0,2500.0,2360.0,Rs./Quintal,Local
Kapadvanj APMC,5.0,Metric Tonnes,Cabbage,1200.0,1500.0,1350.0,Rs./Quintal,Medium
Khambhat(Veg Yard Khambhat) APMC,0.30000000000000004,Metric Tonnes,Other,1500.0,2500.0,2000.0,Rs./Quintal,Local
Mehsana(Mehsana Veg) APMC,8.4,Metric Tonnes,Cabbage,1600.0,3200.0,2150.0,Rs./Quintal,Local
Morbi APMC,4.5,Metric Tonnes,Cabbage,1500.0,2000.0,1750.0,Rs./Quintal,FAQ
Nadiyad(Piplag) APMC,11.0,Metric Tonnes,Cabbage,1500.0,1800.0,1600.0,Rs./Quintal,FAQ
Navsari APMC,13.12,Metric Tonnes,Cabbage,1500.0,2000.0,1750.0,Rs./Quintal,Local
Padra APMC,1.7000000000000002,Metric Tonnes,Other,1000.0,2000.0,1500.0,Rs./Quintal,FAQ
Porbandar APMC,2.0,Metric Tonnes,Cabbage,2000.0,2500.0,2250.0,Rs./Quintal,Local
Surat APMC,140.0,Metric Tonnes,Cabbage,800.0,2200.0,1500.0,Rs./Quintal,FAQ
Talalagir APMC,5.4,Metric Tonnes,Cabbage,300.0,580.0,450.0,Rs./Quintal,FAQ
Vadhvan APMC,2.7,Metric Tonnes,Cabbage,1000.0,1500.0,1250.0,Rs./Quintal,Medium
Vadodara(Sayajipura) APMC,1.1400000000000001,Metric Tonnes,Other,1000.0,1400.0,1400.0,Rs./Quintal,FAQ
Total,617.69,Metric Tonnes,,,,1257.97,Rs./Quintal,
State/UT Name : Haryana
Bahadurgarh APMC,0.4,Metric Tonnes,Other,1500.0,2000.0,1800.0,Rs./Quintal,Medium
Ballabhgarh APMC,5.0,Metric Tonnes,Other,1500.0,2000.0,1700.0,Rs./Quintal,FAQ
Barwala(Hisar) APMC,0.30000000000000004,Metric Tonnes,Cabbage,2500.0,3000.0,2800.0,Rs./Quintal,Local
Ganaur APMC,0.4,Metric Tonnes,Cabbage,2000.0,3000.0,2500.0,Rs./Quintal,Medium
Gurgaon APMC,19.0,Metric Tonnes,Other,600.0,1000.0,800.0,Rs./Quintal,Grade A
Hansi APMC,1.8,Metric Tonnes,Other,2500.0,3000.0,2750.0,Rs./Quintal,FAQ
Jagadhri APMC,1.133,Metric Tonnes,Cabbage,1600.0,2000.0,1800.0,Rs./Quintal,Medium
Kosli APMC,0.1,Metric Tonnes,Other,2000.0,2000.0,2000.0,Rs./Quintal,FAQ
Ladwa APMC,0.7000000000000001,Metric Tonnes,Cabbage,3000.0,4000.0,4000.0,Rs./Quintal,Medium
Mohindergarh APMC,0.15000000000000002,Metric Tonnes,Cabbage,1800.0,1800.0,1800.0,Rs./Quintal,Medium
Naraingarh APMC,0.54,Metric Tonnes,Cabbage,1000.0,1500.0,1400.0,Rs./Quintal,Medium
Narnaul APMC,0.8,Metric Tonnes,Cabbage,2000.0,3000.0,2500.0,Rs./Quintal,Medium
Panipat APMC,10.200000000000001,Metric Tonnes,Other,900.0,1500.0,1200.0,Rs./Quintal,Local
Pataudi APMC,0.8,Metric Tonnes,Other,2000.0,2500.0,2200.0,Rs./Quintal,Grade B
Pundri APMC,0.15000000000000002,Metric Tonnes,Other,2400.0,2500.0,2450.0,Rs./Quintal,FAQ
Radaur APMC,0.30000000000000004,Metric Tonnes,Other,1400.0,1600.0,1500.0,Rs./Quintal,Medium
Safidon APMC,1.1,Metric Tonnes,Cabbage,2000.0,3500.0,2500.0,Rs./Quintal,Medium
Shahabad APMC,1.1,Metric Tonnes,Cabbage,1600.0,2000.0,1800.0,Rs./Quintal,Medium
Shahzadpur APMC,0.1,Metric Tonnes,Cabbage,2500.0,2500.0,2500.0,Rs./Quintal,Local
Sirsa APMC,1.8,Metric Tonnes,Other,1900.0,2500.0,2000.0,Rs./Quintal,FAQ
Siwan APMC,0.2,Metric Tonnes,Other,1400.0,1600.0,1500.0,Rs./Quintal,FAQ
Sonepat APMC,3.9000000000000004,Metric Tonnes,Other,1600.0,2000.0,1800.0,Rs./Quintal,FAQ
Thanesar APMC,4.5,Metric Tonnes,Cabbage,1500.0,2500.0,2000.0,Rs./Quintal,Local
Total,54.47,Metric Tonnes,,,,1450.13,Rs./Quintal,
State/UT Name : Himachal Pradesh
PMY Bilaspur,1.2000000000000002,Metric Tonnes,Cabbage,2000.0,2500.0,2300.0,Rs./Quintal,Grade B
PMY Dhalli Shimla,4.0,Metric Tonnes,Cabbage,2000.0,2200.0,2000.0,Rs./Quintal,Grade A
PMY Hamirpur,0.8,Metric Tonnes,Cabbage,3000.0,3000.0,3000.0,Rs./Quintal,Grade B
PMY Kangra,1.3,Metric Tonnes,Cabbage,3000.0,3200.0,3100.0,Rs./Quintal,FAQ
PMY Kather Solan,7.3,Metric Tonnes,Cabbage,1100.0,1700.0,1500.0,Rs./Quintal,Medium
PMY Kullu,1.0,Metric Tonnes,Other,2000.0,2200.0,2100.0,Rs./Quintal,FAQ
PMY Paonta Sahib,0.30000000000000004,Metric Tonnes,Other,2800.0,3200.0,3000.0,Rs./Quintal,Medium
PMY Una,0.9500000000000001,Metric Tonnes,Cabbage,2000.0,2800.0,2400.0,Rs./Quintal,Local
SMY Baijnath,0.3,Metric Tonnes,Cabbage,2500.0,3000.0,2800.0,Rs./Quintal,Grade B
SMY Bandrol,0.2,Metric Tonnes,Other,800.0,1200.0,1000.0,Rs./Quintal,FAQ
SMY Bhuntar,1.3,Metric Tonnes,Other,1500.0,2000.0,1800.0,Rs./Quintal,FAQ
SMY Dhanotu,0.5,Metric Tonnes,Cabbage,1500.0,2000.0,1750.0,Rs./Quintal,FAQ
SMY Dharamshala,0.4,Metric Tonnes,Cabbage,2600.0,2800.0,2700.0,Rs./Quintal,FAQ
SMY Jaisinghpur,0.1,Metric Tonnes,Cabbage,2800.0,3200.0,3000.0,Rs./Quintal,FAQ
SMY Jassur,1.4000000000000001,Metric Tonnes,Other,2500.0,3000.0,2700.0,Rs./Quintal,FAQ
SMY Nadaun,0.32000000000000006,Metric Tonnes,Other,2800.0,3000.0,2900.0,Rs./Quintal,Grade B
SMY Nagrota Bagwan,0.2,Metric Tonnes,Cabbage,2800.0,3000.0,2900.0,Rs./Quintal,FAQ
SMY Nalagarh,0.18,Metric Tonnes,Other,2000.0,4300.0,2500.0,Rs./Quintal,Medium
SMY Nerwa,4.4,Metric Tonnes,Cabbage,1000.0,1500.0,1000.0,Rs./Quintal,Grade A
SMY Palampur,2.0,Metric Tonnes,Cabbage,2500.0,3000.0,2800.0,Rs./Quintal,FAQ
SMY Rampur,0.55,Metric Tonnes,Other,3000.0,3500.0,3200.0,Rs./Quintal,Local
SMY Rohroo,0.5,Metric Tonnes,Other,2000.0,2200.0,2100.0,Rs./Quintal,Grade B
SMY Santoshgarh,0.2,Metric Tonnes,Cabbage,2400.0,2400.0,2400.0,Rs./Quintal,FAQ
SMY Takoli,1.2000000000000002,Metric Tonnes,Other,1000.0,1600.0,1300.0,Rs./Quintal,Medium
Total,30.6,Metric Tonnes,,,,1949.12,Rs./Quintal,
State/UT Name : Jammu and Kashmir
Kathua (F&V),2.0,Metric Tonnes,Cabbage,2000.0,3000.0,2500.0,Rs./Quintal,FAQ
MAC F&V Market Narwal Jammu,8.0,Metric Tonnes,Cabbage,2000.0,2500.0,2250.0,Rs./Quintal,FAQ
Parimpore Srinagar (F&V),13.5,Metric Tonnes,Other,1800.0,2000.0,1900.0,Rs./Quintal,Grade A
Total,23.5,Metric Tonnes,,,,2070.21,Rs./Quintal,
State/UT Name : Karnataka
Arasikere APMC,7.2,Metric Tonnes,Cabbage,1000.0,1000.0,1000.0,Rs./Quintal,Medium
Bagepalli APMC,2.7,Metric Tonnes,Cabbage,1000.0,1500.0,1200.0,Rs./Quintal,Small
Bangarpet APMC,0.5,Metric Tonnes,Cabbage,500.0,800.0,700.0,Rs./Quintal,Local
Belgaum APMC,2.5,Metric Tonnes,Cabbage,1000.0,1500.0,1300.0,Rs./Quintal,Large
Belur APMC,3.9000000000000004,Metric Tonnes,Cabbage,2800.0,2800.0,2800.0,Rs./Quintal,Medium
Binny Mill (FF&V) Bengaluru APMC,22.8,Metric Tonnes,Cabbage,1500.0,1700.0,1600.0,Rs./Quintal,Local
Chamarajanagar APMC,1.0,Metric Tonnes,Cabbage,600.0,1000.0,800.0,Rs./Quintal,Local
Channarayapatna APMC,0.4,Metric Tonnes,Cabbage,3000.0,3000.0,3000.0,Rs./Quintal,Medium
Chickkaballapura APMC,40.0,Metric Tonnes,Cabbage,500.0,600.0,550.0,Rs./Quintal,Local
Doddaballapur APMC,0.5,Metric Tonnes,Cabbage,1000.0,1500.0,1300.0,Rs./Quintal,Medium
Gauribidanur APMC,1.0,Metric Tonnes,Cabbage,800.0,1200.0,1000.0,Rs./Quintal,Local
Honnali APMC,2.0,Metric Tonnes,Cabbage,500.0,600.0,550.0,Rs./Quintal,Medium
Hospet APMC,3.6,Metric Tonnes,Cabbage,1000.0,1200.0,1200.0,Rs./Quintal,Local
Kolar APMC,6.2,Metric Tonnes,Cabbage,600.0,800.0,700.0,Rs./Quintal,Local
Malur APMC,108.80000000000001,Metric Tonnes,Cabbage,600.0,800.0,750.0,Rs./Quintal,Local
Mysuru APMC,9.5,Metric Tonnes,Cabbage,700.0,800.0,800.0,Rs./Quintal,Medium
Ramanagara APMC,1.6,Metric Tonnes,Cabbage,1600.0,2200.0,2000.0,Rs./Quintal,Local
Shimoga APMC,9.5,Metric Tonnes,Cabbage,600.0,800.0,700.0,Rs./Quintal,Local
Total,223.7,Metric Tonnes,,,,875.73,Rs./Quintal,
State/UT Name : Keralam
Adimali Market,0.05,Metric Tonnes,Cabbage,4000.0,6000.0,5000.0,Rs./Quintal,Medium
Aluva Market,12.0,Metric Tonnes,Cabbage,2500.0,4000.0,3300.0,Rs./Quintal,FAQ
Anchal Market,0.54,Metric Tonnes,Cabbage,6500.0,6500.0,6500.0,Rs./Quintal,Medium
Angamaly Market,1.0,Metric Tonnes,Cabbage,3800.0,5000.0,4400.0,Rs./Quintal,FAQ
Aralamoodu Market,1.0,Metric Tonnes,Cabbage,3500.0,4000.0,4000.0,Rs./Quintal,FAQ
Aroor Market,0.2,Metric Tonnes,Other,4000.0,4200.0,4100.0,Rs./Quintal,FAQ
Attingal Market,850.0,Metric Tonnes,Other,3700.0,4200.0,4000.0,Rs./Quintal,Local
Broadway market Market,0.3,Metric Tonnes,Cabbage,4000.0,5000.0,4200.0,Rs./Quintal,Medium
Chala Market,3.0,Metric Tonnes,Other,2100.0,2300.0,2100.0,Rs./Quintal,FAQ
Chavakkad Market,0.2,Metric Tonnes,Cabbage,2000.0,3000.0,3000.0,Rs./Quintal,FAQ
Chelakkara Market,0.2,Metric Tonnes,Cabbage,3200.0,3500.0,3400.0,Rs./Quintal,FAQ
Chengannur Market,0.6,Metric Tonnes,Other,3800.0,4100.0,4000.0,Rs./Quintal,FAQ
Ettumanoor Market,1.0,Metric Tonnes,Cabbage,3000.0,3400.0,3200.0,Rs./Quintal,FAQ
Harippad Market,0.7,Metric Tonnes,Cabbage,4500.0,5000.0,4500.0,Rs./Quintal,FAQ
Kallachi Market,0.1,Metric Tonnes,Cabbage,2200.0,2600.0,2400.0,Rs./Quintal,FAQ
Kanjangadu Market,0.5,Metric Tonnes,Cabbage,3400.0,4200.0,3800.0,Rs./Quintal,FAQ
Kanjirappally Market,0.5,Metric Tonnes,Cabbage,4000.0,4400.0,4200.0,Rs./Quintal,FAQ
Kattappana Market,2.0,Metric Tonnes,Other,3000.0,3400.0,3200.0,Rs./Quintal,Medium
Kayamkulam Market,1.0,Metric Tonnes,Other,2200.0,2400.0,2300.0,Rs./Quintal,FAQ
Koduvayoor Market,0.9,Metric Tonnes,Cabbage,1300.0,1700.0,1500.0,Rs./Quintal,Medium
Kollengode Market,0.9,Metric Tonnes,Cabbage,2000.0,2400.0,2200.0,Rs./Quintal,FAQ
Kondotty Market,0.25,Metric Tonnes,Other,1500.0,2000.0,1800.0,Rs./Quintal,FAQ
Kothamangalam Market,1.0,Metric Tonnes,Cabbage,3500.0,5000.0,4000.0,Rs./Quintal,FAQ
Kottarakkara Market,0.01,Metric Tonnes,Other,2100.0,2100.0,2100.0,Rs./Quintal,Local
Madhavapuram Market,0.7,Metric Tonnes,Other,5700.0,6100.0,5900.0,Rs./Quintal,FAQ
Manjeri Market,6.0,Metric Tonnes,Other,1950.0,2050.0,2000.0,Rs./Quintal,Local
Mannar Market,0.5,Metric Tonnes,Other,3100.0,3200.0,3100.0,Rs./Quintal,FAQ
Mukkom Market,0.4,Metric Tonnes,Cabbage,2800.0,3200.0,3000.0,Rs./Quintal,FAQ
Nedumkandam Market,0.5,Metric Tonnes,Other,3500.0,3500.0,3500.0,Rs./Quintal,FAQ
Neeleswaram Market,0.7,Metric Tonnes,Other,4000.0,4400.0,4200.0,Rs./Quintal,FAQ
Neyyatinkara Market,0.02,Metric Tonnes,Other,3400.0,4000.0,3700.0,Rs./Quintal,FAQ
North Paravur Market,1.0,Metric Tonnes,Cabbage,2000.0,3000.0,2500.0,Rs./Quintal,FAQ
Pala Market,1.0,Metric Tonnes,Cabbage,3600.0,4400.0,4000.0,Rs./Quintal,FAQ
Palakkad Market,3.0,Metric Tonnes,Cabbage,1700.0,2500.0,2200.0,Rs./Quintal,FAQ
Pampady Market,1.0,Metric Tonnes,Cabbage,2500.0,4000.0,3500.0,Rs./Quintal,FAQ
Parappanangadi Market,1.3,Metric Tonnes,Other,1300.0,1500.0,1400.0,Rs./Quintal,FAQ
Pattambi Market,0.5,Metric Tonnes,Cabbage,2000.0,2500.0,2200.0,Rs./Quintal,FAQ
Perinthalmanna Market,4.0,Metric Tonnes,Cabbage,1500.0,2000.0,1600.0,Rs./Quintal,Large
Piravam Market,5.0,Metric Tonnes,Cabbage,5000.0,6000.0,5500.0,Rs./Quintal,Local
Pothencode Market,550.0,Metric Tonnes,Cabbage,4500.0,4600.0,4500.0,Rs./Quintal,Local
Quilandy Market,0.32,Metric Tonnes,Other,3000.0,3500.0,3100.0,Rs./Quintal,FAQ
Thalayolaparambu Market,0.4,Metric Tonnes,Cabbage,2400.0,2700.0,2500.0,Rs./Quintal,FAQ
Thamarassery Market,0.3,Metric Tonnes,Other,2300.0,2700.0,2300.0,Rs./Quintal,FAQ
Thirurrangadi Market,6.0,Metric Tonnes,Other,2400.0,2500.0,2500.0,Rs./Quintal,FAQ
Thodupuzha Market,0.2,Metric Tonnes,Other,3400.0,3600.0,3600.0,Rs./Quintal,Large
Thrippunithura Market,1.0,Metric Tonnes,Cabbage,5000.0,6000.0,5200.0,Rs./Quintal,Medium
Vadakkenchery Market,0.22,Metric Tonnes,Cabbage,3500.0,4000.0,4000.0,Rs./Quintal,FAQ
Vamanapuram Market,0.13,Metric Tonnes,Cabbage,3000.0,3500.0,3000.0,Rs./Quintal,FAQ
Vandiperiyar Market,0.03,Metric Tonnes,Other,4000.0,4000.0,4000.0,Rs./Quintal,Grade Range-1
Total,1462.17,Metric Tonnes,,,,4149.97,Rs./Quintal,
State/UT Name : Madhya Pradesh
Badwaha (F&V) APMC,0.2,Metric Tonnes,Cabbage,1400.0,2300.0,1800.0,Rs./Quintal,Grade A
Badwani(F&V) APMC,0.625,Metric Tonnes,Cabbage,800.0,800.0,800.0,Rs./Quintal,Local
Bareli(F&V) APMC,0.54,Metric Tonnes,Cabbage,1200.0,1200.0,1200.0,Rs./Quintal,Grade A
Bhopal(F&V) APMC,18.0,Metric Tonnes,Other,600.0,1500.0,1000.0,Rs./Quintal,Local
Burhanpur(F&V) APMC,1.6,Metric Tonnes,Cabbage,500.0,1000.0,850.0,Rs./Quintal,Local
Chhatarpur (F&V) APMC,5.0,Metric Tonnes,Other,1500.0,1500.0,1500.0,Rs./Quintal,Grade B
Dewas(F&V) APMC,1.0,Metric Tonnes,Other,600.0,1600.0,800.0,Rs./Quintal,FAQ
Dhamnod(F&V) APMC,1.3,Metric Tonnes,Cabbage,700.0,1500.0,1200.0,Rs./Quintal,Local
Harda(F&V) APMC,1.1,Metric Tonnes,Other,1100.0,1500.0,1200.0,Rs./Quintal,Medium
Indore(F&V) APMC,117.0,Metric Tonnes,Cabbage,200.0,600.0,400.0,Rs./Quintal,Local
Itarsi(F&V) APMC,0.5,Metric Tonnes,Cabbage,1200.0,1200.0,1200.0,Rs./Quintal,FAQ
Kailaras APMC,0.335,Metric Tonnes,Cabbage,1200.0,2000.0,2000.0,Rs./Quintal,FAQ
Khandwa(F&V) APMC,0.7000000000000001,Metric Tonnes,Cabbage,300.0,600.0,500.0,Rs./Quintal,FAQ
Khargone(F&V) APMC,0.09,Metric Tonnes,Cabbage,1600.0,2000.0,1800.0,Rs./Quintal,Medium
Kukshi(F&V) APMC,1.4000000000000001,Metric Tonnes,Cabbage,400.0,600.0,500.0,Rs./Quintal,Grade A
Manawar(F&V) APMC,0.4,Metric Tonnes,Cabbage,1100.0,1500.0,1200.0,Rs./Quintal,Grade B
Mandsaur(F&V) APMC,2.0,Metric Tonnes,Cabbage,750.0,2025.0,1750.0,Rs./Quintal,Grade A
Narmadapuram (F&V) APMC,0.8,Metric Tonnes,Cabbage,860.0,1410.0,950.0,Rs./Quintal,FAQ
Petlawad(F&V) APMC,0.305,Metric Tonnes,Cabbage,1000.0,1000.0,1000.0,Rs./Quintal,Grade A
Pipariya(F&V) APMC,1.5,Metric Tonnes,Cabbage,800.0,2000.0,1400.0,Rs./Quintal,Local
Porsa APMC,2.5,Metric Tonnes,Cabbage,750.0,750.0,750.0,Rs./Quintal,FAQ
Ratlam(F&V) APMC,1.5,Metric Tonnes,Other,1400.0,2400.0,2100.0,Rs./Quintal,FAQ
Sabalgarh(F&V) APMC,1.0,Metric Tonnes,Cabbage,600.0,600.0,600.0,Rs./Quintal,FAQ
Sanawad(F&V) APMC,0.6,Metric Tonnes,Cabbage,1000.0,1500.0,1300.0,Rs./Quintal,Medium
Sehore(F&V) APMC,2.0,Metric Tonnes,Cabbage,1200.0,2000.0,1500.0,Rs./Quintal,Grade Range-1
Shivpuri(F&V) APMC,1.0,Metric Tonnes,Other,1250.0,1250.0,1250.0,Rs./Quintal,Grade B
Singroli(F&V) APMC,4.0,Metric Tonnes,Cabbage,1000.0,1000.0,1000.0,Rs./Quintal,Medium
Thandla APMC,0.49,Metric Tonnes,Cabbage,1000.0,1200.0,1100.0,Rs./Quintal,FAQ
Ujjain(F&V) APMC,0.43,Metric Tonnes,Cabbage,630.0,2040.0,1269.0,Rs./Quintal,Medium
Total,167.92,Metric Tonnes,,,,620.64,Rs./Quintal,
State/UT Name : Maharashtra
APMC Ahilyanagar ,13.5,Metric Tonnes,Other,300.0,1200.0,750.0,Rs./Quintal,Local
APMC Chattrapati Sambhajinagar ,6.6,Metric Tonnes,Other,700.0,800.0,750.0,Rs./Quintal,Local
APMC Ghoti ,2.7,Metric Tonnes,Other,900.0,900.0,900.0,Rs./Quintal,Local
APMC Hingna,0.9,Metric Tonnes,Other,1300.0,2000.0,1630.0,Rs./Quintal,Local
APMC Jalgaon ,4.8,Metric Tonnes,Other,500.0,1200.0,900.0,Rs./Quintal,Local
APMC Kalyan ,0.3,Metric Tonnes,Other,1500.0,2000.0,1750.0,Rs./Quintal,Local
APMC Kamthi ,0.3,Metric Tonnes,Other,2000.0,2500.0,2350.0,Rs./Quintal,Local
APMC Karad ,1.2,Metric Tonnes,Other,700.0,1200.0,1200.0,Rs./Quintal,Local
APMC Khed ,3.1,Metric Tonnes,Other,600.0,1200.0,900.0,Rs./Quintal,Local
APMC Kolhapur ,22.1,Metric Tonnes,Other,600.0,1000.0,800.0,Rs./Quintal,Local
APMC Manchar ,40.8,Metric Tonnes,Other,300.0,900.0,460.0,Rs./Quintal,Local
APMC Mumbai ,194.2,Metric Tonnes,Other,800.0,1200.0,1000.0,Rs./Quintal,Local
APMC Nasik ,88.7,Metric Tonnes,Other,583.0,1660.0,1250.0,Rs./Quintal,Local
APMC Navapur ,1.0,Metric Tonnes,Other,1000.0,1500.0,1358.0,Rs./Quintal,Local
APMC Patan ,0.7,Metric Tonnes,Other,1500.0,2000.0,1750.0,Rs./Quintal,Local
APMC Pune ,66.6,Metric Tonnes,Other,800.0,1400.0,1100.0,Rs./Quintal,Local
APMC Ratnagiri (Nachane) ,1.9,Metric Tonnes,Other,800.0,1200.0,1000.0,Rs./Quintal,Local
APMC Satara ,1.2,Metric Tonnes,Other,1000.0,1500.0,1200.0,Rs./Quintal,Local
APMC Shrirampur ,1.7,Metric Tonnes,Other,700.0,900.0,800.0,Rs./Quintal,Local
APMC Solapur ,5.0,Metric Tonnes,Other,500.0,1000.0,800.0,Rs./Quintal,Local
APMC Vai ,1.5,Metric Tonnes,Other,1200.0,1600.0,1350.0,Rs./Quintal,Local
Amrawati(Frui & Veg. Market) ,10.8,Metric Tonnes,Other,1000.0,1600.0,1300.0,Rs./Quintal,Local
Junnar(Narayangaon) ,42.8,Metric Tonnes,Other,200.0,1000.0,600.0,Rs./Quintal,Local
Pune(Khadiki) ,1.6,Metric Tonnes,Other,700.0,1100.0,900.0,Rs./Quintal,Local
Pune(Manjri) ,9.6,Metric Tonnes,Other,600.0,1100.0,900.0,Rs./Quintal,Local
Pune(Moshi) ,22.8,Metric Tonnes,Other,1000.0,1000.0,1000.0,Rs./Quintal,Local
Pune(Pimpri) ,0.3,Metric Tonnes,Other,1000.0,1200.0,1100.0,Rs./Quintal,Local
Total,546.7,Metric Tonnes,,,,969.04,Rs./Quintal,
State/UT Name : Manipur
Imphal APMC,0.4,Metric Tonnes,Other,4000.0,5000.0,4500.0,Rs./Quintal,Medium
Total,0.4,Metric Tonnes,,,,4500.0,Rs./Quintal,
State/UT Name : Meghalaya
Jowai APMC,1.0,Metric Tonnes,MH-139,3000.0,4000.0,3500.0,Rs./Quintal,Local
Mawkyrwat APMC,0.9,Metric Tonnes,Other,2000.0,2500.0,2250.0,Rs./Quintal,Local
Shillong APMC,7.0,Metric Tonnes,MH-139,1800.0,2000.0,1900.0,Rs./Quintal,FAQ
Total,8.9,Metric Tonnes,,,,2115.17,Rs./Quintal,
State/UT Name : NCT of Delhi
APMC Azadpur,177.4,Metric Tonnes,Cabbage,1200.0,2000.0,1550.0,Rs./Quintal,FAQ
APMC Keshopur,25.74,Metric Tonnes,Cabbage,1600.0,2600.0,2200.0,Rs./Quintal,FAQ
"Fruit&Vegetable Market,Gazipur APMC",150.0,Metric Tonnes,Cabbage,1600.0,2000.0,1800.0,Rs./Quintal,FAQ
Total,353.14,Metric Tonnes,,,,1703.57,Rs./Quintal,
State/UT Name : Nagaland
Baghty APMC,0.76,Metric Tonnes,Other,1400.0,1800.0,1600.0,Rs./Quintal,FAQ
Ghathashi APMC,0.193,Metric Tonnes,Cabbage,2700.0,3000.0,2800.0,Rs./Quintal,FAQ
Tsemenyu APMC,0.147,Metric Tonnes,Cabbage,2500.0,2500.0,2500.0,Rs./Quintal,Local
Total,1.1,Metric Tonnes,,,,1930.82,Rs./Quintal,
State/UT Name : Odisha
Attabira APMC,1.8600000000000003,Metric Tonnes,Cabbage,1450.0,1750.0,1600.0,Rs./Quintal,Local
Bargarh APMC,233.0,Metric Tonnes,Cabbage,2000.0,3000.0,2500.0,Rs./Quintal,Grade C
Baripada APMC,1.5,Metric Tonnes,Cabbage,3000.0,4000.0,3500.0,Rs./Quintal,Medium
Bhanjanagar APMC,2.35,Metric Tonnes,Cabbage,2400.0,2600.0,2500.0,Rs./Quintal,Medium
Birmaharajpur APMC,1.4000000000000001,Metric Tonnes,Cabbage,3500.0,3800.0,3800.0,Rs./Quintal,Local
Bolangir APMC,2.2,Metric Tonnes,Other,2200.0,2600.0,2400.0,Rs./Quintal,Large
Boudh APMC,1.0,Metric Tonnes,Other,4000.0,5000.0,4500.0,Rs./Quintal,Local
Champua APMC,0.4,Metric Tonnes,Other,5000.0,5000.0,5000.0,Rs./Quintal,Local
Champua(Jhumpura) APMC,0.15,Metric Tonnes,Other,5000.0,5000.0,5000.0,Rs./Quintal,Local
Dhenkanal APMC,0.2,Metric Tonnes,Cabbage,3800.0,4200.0,4000.0,Rs./Quintal,Grade B
Dungurapalli APMC,0.18000000000000002,Metric Tonnes,Cabbage,4500.0,5000.0,4800.0,Rs./Quintal,Local
Gunpur APMC,2.0,Metric Tonnes,Cabbage,3420.0,3950.0,3720.0,Rs./Quintal,Grade B
Junagarh APMC,1.4000000000000001,Metric Tonnes,Other,2500.0,3100.0,2800.0,Rs./Quintal,Grade B
Kalahandi(Dharamagarh) APMC,1.4000000000000001,Metric Tonnes,Other,2400.0,3000.0,2700.0,Rs./Quintal,Grade B
Kamakhyanagar APMC,0.6,Metric Tonnes,Cabbage,4000.0,4000.0,4000.0,Rs./Quintal,Grade A
Kantabaji APMC,4.1000000000000005,Metric Tonnes,Cabbage,2000.0,2800.0,2400.0,Rs./Quintal,Grade B
Keonjhar APMC,0.4,Metric Tonnes,Other,4200.0,5000.0,4500.0,Rs./Quintal,Local
Kesinga APMC,0.4,Metric Tonnes,Other,2700.0,3300.0,3000.0,Rs./Quintal,Grade B
Khariar Road APMC,0.4,Metric Tonnes,Cabbage,4000.0,4000.0,4000.0,Rs./Quintal,Grade A
Koraput APMC,5.0,Metric Tonnes,Cabbage,2500.0,3500.0,3000.0,Rs./Quintal,Grade B
Mukhiguda APMC,0.5,Metric Tonnes,Cabbage,2400.0,2700.0,2550.0,Rs./Quintal,Grade B
Nimapara APMC,0.3,Metric Tonnes,Cabbage,3300.0,3300.0,3300.0,Rs./Quintal,Grade A
Panposh APMC,1.0,Metric Tonnes,Cabbage,3000.0,3500.0,3200.0,Rs./Quintal,FAQ
Rayagada APMC,12.0,Metric Tonnes,Cabbage,1500.0,1600.0,1600.0,Rs./Quintal,Local
Rayagada(Muniguda) APMC,2.0,Metric Tonnes,Cabbage,3420.0,3950.0,3720.0,Rs./Quintal,Grade B
Saraskana APMC,0.05,Metric Tonnes,Cabbage,3500.0,4000.0,3800.0,Rs./Quintal,Medium
Talcher APMC,0.5,Metric Tonnes,Other,3800.0,4250.0,4000.0,Rs./Quintal,Grade C
Tusura APMC,2.3000000000000003,Metric Tonnes,Other,2200.0,2600.0,2400.0,Rs./Quintal,Large
Udala APMC,0.67,Metric Tonnes,Cabbage,2000.0,3000.0,2500.0,Rs./Quintal,FAQ
Total,279.26,Metric Tonnes,,,,2523.04,Rs./Quintal,
State/UT Name : Punjab
Adampur APMC,0.2,Metric Tonnes,Cabbage,2000.0,2500.0,2500.0,Rs./Quintal,FAQ
Balachaur APMC,0.2,Metric Tonnes,Other,2000.0,2000.0,2000.0,Rs./Quintal,Medium
Bassi Pathana APMC,0.2,Metric Tonnes,Cabbage,2000.0,2200.0,2100.0,Rs./Quintal,Medium
Dasuya APMC,0.2,Metric Tonnes,Cabbage,2000.0,2000.0,2000.0,Rs./Quintal,FAQ
Dudhansadhan APMC,0.1,Metric Tonnes,Other,2500.0,2500.0,2500.0,Rs./Quintal,Grade B
Faridkot APMC,0.664,Metric Tonnes,Cabbage,2700.0,2700.0,2700.0,Rs./Quintal,Grade A
Giddarbaha APMC,0.3,Metric Tonnes,Cabbage,3500.0,3500.0,3500.0,Rs./Quintal,FAQ
Jagraon APMC,0.6,Metric Tonnes,Other,300.0,300.0,300.0,Rs./Quintal,FAQ
Jalalabad APMC,0.45,Metric Tonnes,Other,3000.0,3100.0,3000.0,Rs./Quintal,Medium
Jalandhar City(Jalandhar) APMC,17.2,Metric Tonnes,Cabbage,1000.0,2000.0,1500.0,Rs./Quintal,FAQ
Khanna APMC,1.3,Metric Tonnes,Other,800.0,800.0,800.0,Rs./Quintal,Grade A
Kurali APMC,0.5,Metric Tonnes,Other,2000.0,2200.0,2100.0,Rs./Quintal,Medium
Ludhiana APMC,8.5,Metric Tonnes,Other,1000.0,1800.0,1500.0,Rs./Quintal,FAQ
Malerkotla APMC,4.5,Metric Tonnes,Other,1500.0,2000.0,1600.0,Rs./Quintal,Local
Nawan Shahar(Subzi Mandi) APMC,0.86,Metric Tonnes,Cabbage,2000.0,2200.0,2070.0,Rs./Quintal,FAQ
Pathankot APMC,4.8,Metric Tonnes,Cabbage,2000.0,2000.0,2000.0,Rs./Quintal,Medium
Patiala APMC,2.8000000000000003,Metric Tonnes,Other,2000.0,2900.0,2500.0,Rs./Quintal,Grade A
Patran APMC,2.0,Metric Tonnes,Other,2480.0,2480.0,2480.0,Rs./Quintal,Grade A
Phagwara APMC,2.7,Metric Tonnes,Other,1500.0,2195.0,1813.0,Rs./Quintal,FAQ
Quadian APMC,0.2,Metric Tonnes,Other,1300.0,1500.0,1400.0,Rs./Quintal,Grade A
Rampuraphul(Nabha Mandi) APMC,1.5,Metric Tonnes,Other,1500.0,2500.0,2000.0,Rs./Quintal,Grade A
Samana APMC,42.0,Metric Tonnes,Other,2300.0,3200.0,2500.0,Rs./Quintal,Grade Range-2
Sangrur APMC,0.8,Metric Tonnes,Cabbage,1500.0,2000.0,1800.0,Rs./Quintal,Grade B
Sirhind APMC,0.8,Metric Tonnes,Other,2000.0,2500.0,2300.0,Rs./Quintal,FAQ
Tanda Urmur APMC,0.2,Metric Tonnes,Cabbage,2000.0,3000.0,2500.0,Rs./Quintal,Grade A
Total,93.57,Metric Tonnes,,,,2078.33,Rs./Quintal,
State/UT Name : Rajasthan
Ajmer(F&V) APMC,12.600000000000001,Metric Tonnes,Other,1000.0,2000.0,1500.0,Rs./Quintal,Medium
Jaipur (F&V) APMC,185.10000000000002,Metric Tonnes,Cabbage,1800.0,2000.0,1900.0,Rs./Quintal,FAQ
Jalore APMC,1.0,Metric Tonnes,Cabbage,1600.0,2000.0,1800.0,Rs./Quintal,Local
Jodhpur (F&V) APMC,8.0,Metric Tonnes,Other,700.0,2000.0,1500.0,Rs./Quintal,Medium
Sriganganagar (F&V) APMC,4.0,Metric Tonnes,Cabbage,2100.0,2500.0,2300.0,Rs./Quintal,Grade A
Udaipur (F&V) APMC,10.5,Metric Tonnes,Other,1500.0,2000.0,1750.0,Rs./Quintal,Medium
Total,221.2,Metric Tonnes,,,,1862.41,Rs./Quintal,
State/UT Name : Tamil Nadu
AJattihalli(Uzhavar Sandhai ),0.11,Metric Tonnes,Cabbage,3000.0,3400.0,3200.0,Rs./Quintal,Local
Ammapet(Uzhavar Sandhai ),0.12,Metric Tonnes,Cabbage,2600.0,3000.0,2800.0,Rs./Quintal,Local
Anaiyur(Uzhavar Sandhai ),0.3,Metric Tonnes,Cabbage,2600.0,3000.0,2800.0,Rs./Quintal,Local
Andipatti(Uzhavar Sandhai ),0.4,Metric Tonnes,Cabbage,2300.0,2500.0,2400.0,Rs./Quintal,Local
Anna nagar(Uzhavar Sandhai ),0.89,Metric Tonnes,Cabbage,3000.0,3000.0,3000.0,Rs./Quintal,Local
Arani(Uzhavar Sandhai ),0.2,Metric Tonnes,Cabbage,2500.0,3000.0,2750.0,Rs./Quintal,Local
Arcot(Uzhavar Sandhai ),0.28,Metric Tonnes,Cabbage,3000.0,3000.0,3000.0,Rs./Quintal,Local
Ariyalur(Uzhavar Sandhai),0.04,Metric Tonnes,Cabbage,2500.0,3000.0,2750.0,Rs./Quintal,Local
Aruppukottai(Uzhavar Sandhai ),0.16,Metric Tonnes,Cabbage,3000.0,4000.0,3500.0,Rs./Quintal,Local
Athur(Uzhavar Sandhai ),0.44,Metric Tonnes,Cabbage,2500.0,3000.0,2750.0,Rs./Quintal,Local
Avallapalli(Uzhavar Sandhai ),0.25,Metric Tonnes,Cabbage,1000.0,1500.0,1250.0,Rs./Quintal,Local
Bodinayakanur(Uzhavar Sandhai ),0.26,Metric Tonnes,Cabbage,2500.0,2500.0,2500.0,Rs./Quintal,Local
Chengalpet(Uzhavar Sandhai ),0.08,Metric Tonnes,Cabbage,2500.0,3000.0,2750.0,Rs./Quintal,Local
Chengam(Uzhavar Sandhai ),0.13,Metric Tonnes,Cabbage,2500.0,3000.0,2750.0,Rs./Quintal,Local
Cheyyar(Uzhavar Sandhai ),0.15,Metric Tonnes,Cabbage,2500.0,3000.0,2750.0,Rs./Quintal,Local
Chinnalapatti(Uzhavar Sandhai ),0.06,Metric Tonnes,Cabbage,2800.0,3000.0,2900.0,Rs./Quintal,Local
Chinnamanur(Uzhavar Sandhai ),0.87,Metric Tonnes,Cabbage,2500.0,2500.0,2500.0,Rs./Quintal,Local
Chokkikulam(Uzhavar Sandhai ),0.42,Metric Tonnes,Cabbage,2600.0,3000.0,2800.0,Rs./Quintal,Local
Coonoor(Uzhavar Sandhai ),0.4,Metric Tonnes,Cabbage,2800.0,3000.0,2900.0,Rs./Quintal,Local
Cuddalore(Uzhavar Sandhai ),0.26,Metric Tonnes,Cabbage,3000.0,3000.0,3000.0,Rs./Quintal,Local
Denkanikottai(Uzhavar Sandhai ),0.29,Metric Tonnes,Cabbage,1200.0,1500.0,1350.0,Rs./Quintal,Local
Devakottai (Uzhavar Sandhai ),0.14,Metric Tonnes,Cabbage,3000.0,3200.0,3100.0,Rs./Quintal,Local
Devaram(Uzhavar Sandhai ),0.23,Metric Tonnes,Cabbage,2500.0,2500.0,2500.0,Rs./Quintal,Local
Dharapuram(Uzhavar Sandhai ),0.9,Metric Tonnes,Cabbage,3000.0,3500.0,3250.0,Rs./Quintal,Local
Dharmapuri(Uzhavar Sandhai ),0.26,Metric Tonnes,Cabbage,3200.0,3400.0,3300.0,Rs./Quintal,Local
Dindigul(Uzhavar Sandhai ),0.34,Metric Tonnes,Cabbage,2000.0,3000.0,2500.0,Rs./Quintal,Local
Edapadi (Uzhavar Sandhai ),0.16,Metric Tonnes,Cabbage,3000.0,3500.0,3250.0,Rs./Quintal,Local
Elampillai(Uzhavar Sandhai ),0.3,Metric Tonnes,Cabbage,3000.0,3400.0,3200.0,Rs./Quintal,Local
Gandhigramam(Uzhavar Sandhai),0.15,Metric Tonnes,Cabbage,4500.0,5000.0,4750.0,Rs./Quintal,Local
Gingee(Uzhavar Sandhai ),0.08,Metric Tonnes,Cabbage,4000.0,4000.0,4000.0,Rs./Quintal,Local
Gobichettipalayam(Uzhavar Sandhai ),0.22,Metric Tonnes,Cabbage,2200.0,2500.0,2350.0,Rs./Quintal,Local
Gudalur(Uzhavar Sandhai ),0.03,Metric Tonnes,Cabbage,2000.0,2500.0,2250.0,Rs./Quintal,Local
Gudiyatham(Uzhavar Sandhai ),0.05,Metric Tonnes,Cabbage,3000.0,3000.0,3000.0,Rs./Quintal,Local
Harur(Uzhavar Sandhai ),0.22,Metric Tonnes,Cabbage,3000.0,3500.0,3250.0,Rs./Quintal,Local
Hasthampatti(Uzhavar Sandhai ),0.25,Metric Tonnes,Cabbage,3000.0,3400.0,3200.0,Rs./Quintal,Local
Hosur(Uzhavar Sandhai ),2.42,Metric Tonnes,Cabbage,1000.0,1500.0,1250.0,Rs./Quintal,Local
Jalagandapuram(Uzhavar Sandhai ),0.04,Metric Tonnes,Cabbage,2500.0,3000.0,2750.0,Rs./Quintal,Local
Jameenrayapettai(Uzhavar Sandhai ),0.27,Metric Tonnes,Cabbage,2000.0,2500.0,2250.0,Rs./Quintal,Local
KKNagar(Uzhavar Sandhai ),0.65,Metric Tonnes,Cabbage,3200.0,3200.0,3200.0,Rs./Quintal,Local
Kahithapattarai(Uzhavar Sandhai ),0.17,Metric Tonnes,Cabbage,2500.0,2500.0,2500.0,Rs./Quintal,Local
Kallakurichi(Uzhavar Sandhai ),0.05,Metric Tonnes,Cabbage,4000.0,4000.0,4000.0,Rs./Quintal,Local
Kambam(Uzhavar Sandhai ),2.0,Metric Tonnes,Cabbage,2600.0,2600.0,2600.0,Rs./Quintal,Local
Karaikudi(Uzhavar Sandhai ),0.2,Metric Tonnes,Cabbage,3000.0,3400.0,3200.0,Rs./Quintal,Local
Karimangalam(Uzhavar Sandhai),0.14,Metric Tonnes,Cabbage,3300.0,3500.0,3400.0,Rs./Quintal,Local
Kariyapatti(Uzhavar Sandhai ),0.1,Metric Tonnes,Cabbage,3500.0,4000.0,3750.0,Rs./Quintal,Local
Karur(Uzhavar Sandhai ),0.31,Metric Tonnes,Cabbage,4500.0,5000.0,4750.0,Rs./Quintal,Local
Katpadi (Uzhavar Sandhai ),0.22,Metric Tonnes,Cabbage,2500.0,2500.0,2500.0,Rs./Quintal,Local
Kovilpatti(Uzhavar Sandhai ),0.14,Metric Tonnes,Cabbage,3000.0,3500.0,3250.0,Rs./Quintal,Local
Krishnagiri(Uzhavar Sandhai ),0.21,Metric Tonnes,Cabbage,2500.0,3000.0,2750.0,Rs./Quintal,Local
Kulithalai(Uzhavar Sandhai ),0.32,Metric Tonnes,Cabbage,3000.0,3500.0,3250.0,Rs./Quintal,Local
Kumarapalayam(Uzhavar Sandhai ),0.02,Metric Tonnes,Cabbage,3600.0,4000.0,3800.0,Rs./Quintal,Local
Kumbakonam (Uzhavar Sandhai ),0.48,Metric Tonnes,Cabbage,3600.0,3600.0,3600.0,Rs./Quintal,Local
Kundrathur(Uzhavar Sandhai ),0.15,Metric Tonnes,Cabbage,3000.0,3000.0,3000.0,Rs./Quintal,Local
Lalgudi(Uzhavar Sandhai ),0.14,Metric Tonnes,Cabbage,3000.0,3000.0,3000.0,Rs./Quintal,Local
Manachanallur(Uzhavar Sandhai ),0.13,Metric Tonnes,Cabbage,3000.0,3000.0,3000.0,Rs./Quintal,Local
Manapparai(Uzhavar Sandhai ),0.08,Metric Tonnes,Cabbage,3000.0,3000.0,3000.0,Rs./Quintal,Local
Mannargudi I(Uzhavar Sandhai ),0.55,Metric Tonnes,Cabbage,3400.0,3400.0,3400.0,Rs./Quintal,Local
Mannargudi II(Uzhavar Sandhai ),0.18,Metric Tonnes,Cabbage,3400.0,3400.0,3400.0,Rs./Quintal,Local
Mayiladuthurai(Uzhavar Sandhai ),0.03,Metric Tonnes,Cabbage,4000.0,4000.0,4000.0,Rs./Quintal,Local
Melapalayam(Uzhavar Sandhai ),0.25,Metric Tonnes,Cabbage,2800.0,3000.0,2900.0,Rs./Quintal,Local
Mettupalayam(Uzhavar Sandhai ),0.58,Metric Tonnes,Cabbage,2500.0,3000.0,2750.0,Rs./Quintal,Local
Mettur(Uzhavar Sandhai ),0.34,Metric Tonnes,Cabbage,2500.0,3000.0,2750.0,Rs./Quintal,Local
Mohanur(Uzhavar Sandhai ),0.2,Metric Tonnes,Cabbage,3000.0,3500.0,3250.0,Rs./Quintal,Local
Musiri(Uzhavar Sandhai ),0.48,Metric Tonnes,Cabbage,2500.0,3000.0,2750.0,Rs./Quintal,Local
Muthupettai(Uzhavar Sandhai ),0.05,Metric Tonnes,Cabbage,3400.0,3400.0,3400.0,Rs./Quintal,Local
Myladi(Uzhavar Sandhai ),0.02,Metric Tonnes,Cabbage,5000.0,5500.0,5250.0,Rs./Quintal,Local
NGO Colony(Uzhavar Sandhai ),0.28,Metric Tonnes,Cabbage,2500.0,3000.0,2750.0,Rs./Quintal,Local
Nagapattinam(Uzhavar Sandhai ),0.11,Metric Tonnes,Cabbage,4000.0,4500.0,4250.0,Rs./Quintal,Local
Namakkal(Uzhavar Sandhai ),0.43,Metric Tonnes,Cabbage,2000.0,2500.0,2250.0,Rs./Quintal,Local
Nanganallur(Uzhavar Sandhai ),0.04,Metric Tonnes,Cabbage,3500.0,4000.0,3750.0,Rs./Quintal,Local
Natrampalli(Uzhavar Sandhai ),0.36,Metric Tonnes,Cabbage,2500.0,3000.0,2750.0,Rs./Quintal,Local
Padappai(Uzhavar Sandhai ),0.11,Metric Tonnes,Cabbage,2000.0,2500.0,2250.0,Rs./Quintal,Local
Palacode(Uzhavar Sandhai ),0.28,Metric Tonnes,Cabbage,2800.0,3000.0,2900.0,Rs./Quintal,Local
Palanganatham(Uzhavar Sandhai ),0.2,Metric Tonnes,Cabbage,2500.0,3000.0,2750.0,Rs./Quintal,Local
Palani(Uzhavar Sandhai ),0.51,Metric Tonnes,Cabbage,3000.0,3400.0,3200.0,Rs./Quintal,Local
Palayamkottai(Uzhavar Sandhai ),2.3,Metric Tonnes,Cabbage,2800.0,3000.0,2900.0,Rs./Quintal,Local
Palladam(Uzhavar Sandhai ),0.12,Metric Tonnes,Cabbage,2500.0,3000.0,2750.0,Rs./Quintal,Local
Pallavaram(Uzhavar Sandhai ),0.58,Metric Tonnes,Cabbage,2000.0,2500.0,2250.0,Rs./Quintal,Local
Pallikonda(Uzhavar Sandhai),0.04,Metric Tonnes,Cabbage,2500.0,2500.0,2500.0,Rs./Quintal,Local
Papanasam(Uzhavar Sandhai ),0.06,Metric Tonnes,Cabbage,3600.0,3600.0,3600.0,Rs./Quintal,Local
Paramakudi(Uzhavar Sandhai ),0.18,Metric Tonnes,Cabbage,4000.0,4500.0,4250.0,Rs./Quintal,Local
Paramathivelur(Uzhavar Sandhai ),0.24,Metric Tonnes,Cabbage,2400.0,2800.0,2600.0,Rs./Quintal,Local
Paruthipattu(Uzhavar Sandhai ),0.08,Metric Tonnes,Cabbage,4000.0,4000.0,4000.0,Rs./Quintal,Local
Pattukottai(Uzhavar Sandhai ),0.25,Metric Tonnes,Cabbage,3400.0,3400.0,3400.0,Rs./Quintal,Local
Pennagaram(Uzhavar Sandhai ),0.08,Metric Tonnes,Cabbage,3700.0,4000.0,3850.0,Rs./Quintal,Local
Perambalur(Uzhavar Sandhai ),0.3,Metric Tonnes,Cabbage,3200.0,3200.0,3200.0,Rs./Quintal,Local
Perampet(Uzhavar Sandhai),0.03,Metric Tonnes,Cabbage,3000.0,3000.0,3000.0,Rs./Quintal,Local
Periyakulam(Uzhavar Sandhai ),0.28,Metric Tonnes,Cabbage,2300.0,2500.0,2400.0,Rs./Quintal,Local
Perundurai(Uzhavar Sandhai ),0.1,Metric Tonnes,Cabbage,2000.0,2500.0,2250.0,Rs./Quintal,Local
Pollachi(Uzhavar Sandhai ),0.14,Metric Tonnes,Cabbage,3000.0,3500.0,3250.0,Rs./Quintal,Local
Polur(Uzhavar Sandhai ),0.17,Metric Tonnes,Cabbage,2500.0,3000.0,2750.0,Rs./Quintal,Local
Pudukottai(Uzhavar Sandhai ),0.27,Metric Tonnes,Cabbage,3000.0,3500.0,3250.0,Rs./Quintal,Local
RSPuram(Uzhavar Sandhai ),0.95,Metric Tonnes,Cabbage,2000.0,2200.0,2100.0,Rs./Quintal,Local
Rajapalayam(Uzhavar Sandhai ),0.25,Metric Tonnes,Cabbage,2500.0,3000.0,2750.0,Rs./Quintal,Local
Ramanathapuram(Uzhavar Sandhai ),0.1,Metric Tonnes,Cabbage,4200.0,4500.0,4350.0,Rs./Quintal,Local
Ranipettai(Uzhavar Sandhai ),0.06,Metric Tonnes,Cabbage,2500.0,2500.0,2500.0,Rs./Quintal,Local
Rasipuram(Uzhavar Sandhai ),0.62,Metric Tonnes,Cabbage,3400.0,3600.0,3500.0,Rs./Quintal,Local
Sampath Nagar(Uzhavar Sandhai ),0.25,Metric Tonnes,Cabbage,1800.0,2000.0,1900.0,Rs./Quintal,Local
Sathiyamagalam(Uzhavar Sandhai ),0.22,Metric Tonnes,Cabbage,3000.0,3500.0,3250.0,Rs./Quintal,Local
Sathur(Uzhavar Sandhai ),0.02,Metric Tonnes,Cabbage,3500.0,4000.0,3750.0,Rs./Quintal,Local
Singampunari(Uzhavar Sandhai ),0.16,Metric Tonnes,Cabbage,2800.0,3200.0,3000.0,Rs./Quintal,Local
Singanallur(Uzhavar Sandhai ),1.2,Metric Tonnes,Cabbage,2200.0,2800.0,2500.0,Rs./Quintal,Local
Sirkali(Uzhavar Sandhai ),0.19,Metric Tonnes,Cabbage,3000.0,3000.0,3000.0,Rs./Quintal,Local
Sivagangai (Uzhavar Sandhai ),0.34,Metric Tonnes,Cabbage,2800.0,3200.0,3000.0,Rs./Quintal,Local
Sivakasi(Uzhavar Sandhai ),0.03,Metric Tonnes,Cabbage,3000.0,3500.0,3250.0,Rs./Quintal,Local
Sooramangalam(Uzhavar Sandhai ),0.32,Metric Tonnes,Cabbage,2500.0,3000.0,2750.0,Rs./Quintal,Local
Srivilliputhur(Uzhavar Sandhai ),0.11,Metric Tonnes,Cabbage,3000.0,3500.0,3250.0,Rs./Quintal,Local
Sulur(Uzhavar Sandhai ),0.27,Metric Tonnes,Cabbage,2400.0,2800.0,2600.0,Rs./Quintal,Local
Sundarapuram(Uzhavar Sandhai ),0.28,Metric Tonnes,Cabbage,2200.0,2600.0,2400.0,Rs./Quintal,Local
Sunguvarchatram(Uzhavar Sandhai ),0.15,Metric Tonnes,Cabbage,3000.0,3000.0,3000.0,Rs./Quintal,Local
Tenkasi(Uzhavar Sandhai ),0.12,Metric Tonnes,Cabbage,3000.0,3000.0,3000.0,Rs./Quintal,Local
Thalavadi(Uzhavar Sandhai ),0.25,Metric Tonnes,Cabbage,1400.0,1800.0,1600.0,Rs./Quintal,Local
Thalavaipuram(Uzhavar Sandhai ),0.04,Metric Tonnes,Cabbage,2500.0,3000.0,2750.0,Rs./Quintal,Local
Thammampatti (Uzhavar Sandhai ),0.3,Metric Tonnes,Cabbage,4000.0,4000.0,4000.0,Rs./Quintal,Local
Thanjavur(Uzhavar Sandhai ),0.21,Metric Tonnes,Cabbage,3400.0,3400.0,3400.0,Rs./Quintal,Local
Thathakapatti(Uzhavar Sandhai ),0.24,Metric Tonnes,Cabbage,2500.0,3000.0,2750.0,Rs./Quintal,Local
Theni(Uzhavar Sandhai ),1.07,Metric Tonnes,Cabbage,2500.0,2500.0,2500.0,Rs./Quintal,Local
Thirupathur APMC,0.3,Metric Tonnes,Cabbage,3000.0,3000.0,3000.0,Rs./Quintal,Local
Thiruverumbur(Uzhavar Sandhai ),0.25,Metric Tonnes,Cabbage,3000.0,3000.0,3000.0,Rs./Quintal,Local
Thuraiyur APMC,0.27,Metric Tonnes,Cabbage,2500.0,3000.0,2750.0,Rs./Quintal,Local
Tindivanam APMC,0.11,Metric Tonnes,Cabbage,3500.0,3500.0,3500.0,Rs./Quintal,Local
Tiruchengode APMC,0.17,Metric Tonnes,Cabbage,2600.0,3000.0,2800.0,Rs./Quintal,Local
Tirupatthur(Uzhavar Sandhai ),0.16,Metric Tonnes,Cabbage,3000.0,3500.0,3250.0,Rs./Quintal,Local
Tiruppur (North) (Uzhavar Sandhai ),0.16,Metric Tonnes,Cabbage,2500.0,3000.0,2750.0,Rs./Quintal,Local
Tiruppur (South) (Uzhavar Sandhai ),0.43,Metric Tonnes,Cabbage,1800.0,2000.0,1900.0,Rs./Quintal,Local
Tiruthani(Uzhavar Sandhai ),0.05,Metric Tonnes,Cabbage,4000.0,4000.0,4000.0,Rs./Quintal,Local
Tiruvannamalai(Uzhavar Sandhai ),0.42,Metric Tonnes,Cabbage,2000.0,2500.0,2250.0,Rs./Quintal,Local
Tuticorin(Uzhavar Sandhai ),0.11,Metric Tonnes,Cabbage,3000.0,3500.0,3250.0,Rs./Quintal,Local
Udhagamandalam(Uzhavar Sandhai ),1.16,Metric Tonnes,Cabbage,2000.0,2500.0,2250.0,Rs./Quintal,Local
Udumalpet APMC,0.13,Metric Tonnes,Cabbage,3000.0,3500.0,3250.0,Rs./Quintal,Local
Vadalur(Uzhavar Sandhai ),0.05,Metric Tonnes,Cabbage,3000.0,3000.0,3000.0,Rs./Quintal,Local
Vadaseri APMC,0.2,Metric Tonnes,Cabbage,5000.0,5500.0,5250.0,Rs./Quintal,Local
Vadavalli(Uzhavar Sandhai ),0.25,Metric Tonnes,Cabbage,2000.0,2400.0,2200.0,Rs./Quintal,Local
Vaniyampadi(Uzhavar Sandhai ),0.43,Metric Tonnes,Cabbage,4000.0,4000.0,4000.0,Rs./Quintal,Local
Vazhapadi(Uzhavar Sandhai),0.03,Metric Tonnes,Cabbage,2500.0,3000.0,2750.0,Rs./Quintal,Local
Vedaranyam(Uzhavar Sandhai),0.06,Metric Tonnes,Cabbage,3400.0,3400.0,3400.0,Rs./Quintal,Local
Vellore APMC,0.2,Metric Tonnes,Cabbage,2000.0,2500.0,2250.0,Rs./Quintal,Local
Villupuram(Uzhavar Sandhai ),0.03,Metric Tonnes,Cabbage,4000.0,4000.0,4000.0,Rs./Quintal,Local
Virudhunagar(Uzhavar Sandhai ),0.02,Metric Tonnes,Cabbage,3500.0,4000.0,3750.0,Rs./Quintal,Local
Viruthachalam(Uzhavar Sandhai ),0.03,Metric Tonnes,Cabbage,3000.0,3000.0,3000.0,Rs./Quintal,Local
Total,40.67,Metric Tonnes,,,,2759.02,Rs./Quintal,
State/UT Name : Telangana
Adilabad (Rythu Bazar) ,2.3000000000000003,Metric Tonnes,Cabbage,4000.0,4200.0,4000.0,Rs./Quintal,Local
"Alwal,RBZ",1.0,Metric Tonnes,Other,1300.0,1300.0,1300.0,Rs./Quintal,FAQ
Bowenpally APMC,180.0,Metric Tonnes,Cabbage,600.0,1000.0,900.0,Rs./Quintal,FAQ
Bowenpally APMC,6.0,Metric Tonnes,Other,400.0,800.0,700.0,Rs./Quintal,FAQ
Gudimalkapur APMC,23.8,Metric Tonnes,Cabbage,900.0,1300.0,1000.0,Rs./Quintal,Grade B
Karimnagar APMC,0.5,Metric Tonnes,Cabbage,700.0,700.0,700.0,Rs./Quintal,Medium
"Kukatpally,RBZ",5.5,Metric Tonnes,Cabbage,1300.0,1300.0,1300.0,Rs./Quintal,Local
L B Nagar APMC,7.300000000000001,Metric Tonnes,Cabbage,800.0,1200.0,1000.0,Rs./Quintal,Medium
Mahabubnagar(Rythu Bazar),1.23,Metric Tonnes,Cabbage,3000.0,3000.0,3000.0,Rs./Quintal,Local
Mahboob Manison APMC,4.0,Metric Tonnes,Cabbage,1000.0,1200.0,1100.0,Rs./Quintal,Medium
Miryalguda(Rythu Bazar) ,0.3,Metric Tonnes,Cabbage,2500.0,2500.0,2500.0,Rs./Quintal,Grade A
RYTHU BAZAR ERRAGADDA,4.1,Metric Tonnes,Cabbage,1300.0,1300.0,1300.0,Rs./Quintal,Grade A
RYTHU BAZAR MEHDIPATNAM,2.0,Metric Tonnes,Cabbage,2300.0,2300.0,2300.0,Rs./Quintal,Grade A
Sangareddy APMC,0.4,Metric Tonnes,Cabbage,1500.0,1500.0,1500.0,Rs./Quintal,Grade B
"Saroornagar,RBZ",2.6,Metric Tonnes,Other,1300.0,1300.0,1300.0,Rs./Quintal,Medium
Shadnagar APMC,5.0,Metric Tonnes,Cabbage,1400.0,1800.0,1500.0,Rs./Quintal,Local
Siddipet(Rythu Bazar) ,0.8,Metric Tonnes,Cabbage,2000.0,2800.0,2400.0,Rs./Quintal,Grade A
"Vanasthalipuram,RBZ ",2.3,Metric Tonnes,Cabbage,1300.0,1300.0,1300.0,Rs./Quintal,Grade A
Vantamamidi APMC,2.6,Metric Tonnes,Cabbage,700.0,1200.0,950.0,Rs./Quintal,Local
Warangal APMC,4.6000000000000005,Metric Tonnes,Cabbage,1600.0,2000.0,1800.0,Rs./Quintal,FAQ
Total,256.33,Metric Tonnes,,,,1019.04,Rs./Quintal,
State/UT Name : Tripura
Kalsi APMC,0.2,Metric Tonnes,Other,1208.0,1350.0,1250.0,Rs./Quintal,FAQ
Sonamura APMC,0.06999999999999999,Metric Tonnes,Cabbage,3000.0,4000.0,3500.0,Rs./Quintal,Medium
Total,0.27,Metric Tonnes,,,,1833.33,Rs./Quintal,
State/UT Name : Uttar Pradesh
Awagarh APMC,0.7000000000000001,Metric Tonnes,Cabbage,1400.0,1800.0,1500.0,Rs./Quintal,FAQ
Baripaal APMC,0.30000000000000004,Metric Tonnes,Cabbage,2000.0,2200.0,2100.0,Rs./Quintal,Medium
CHHUTMALPUR APMC,0.6,Metric Tonnes,Cabbage,1000.0,1200.0,1100.0,Rs./Quintal,Local
Dudhi APMC,1.0,Metric Tonnes,Cabbage,800.0,1000.0,900.0,Rs./Quintal,Medium
Hasanpur APMC,0.6,Metric Tonnes,Cabbage,1450.0,1520.0,1500.0,Rs./Quintal,FAQ
Jasvantnagar APMC,4.0,Metric Tonnes,Cabbage,2270.0,2370.0,2320.0,Rs./Quintal,Medium
Kairana APMC,0.4,Metric Tonnes,Cabbage,1500.0,1600.0,1550.0,Rs./Quintal,FAQ
Khandhla APMC,0.8,Metric Tonnes,Cabbage,300.0,390.0,345.0,Rs./Quintal,FAQ
Kosikalan APMC,5.0,Metric Tonnes,Cabbage,2300.0,2400.0,2360.0,Rs./Quintal,FAQ
Maigalganj APMC,0.5,Metric Tonnes,Cabbage,860.0,900.0,880.0,Rs./Quintal,FAQ
Total,13.9,Metric Tonnes,,,,1910.5,Rs./Quintal,
State/UT Name : Uttarakhand
Kotadwara APMC,0.4,Metric Tonnes,Cabbage,1100.0,1100.0,1100.0,Rs./Quintal,FAQ
Vikasnagar APMC,6.6000000000000005,Metric Tonnes,Cabbage,500.0,2000.0,1200.0,Rs./Quintal,Medium
Total,7.0,Metric Tonnes,,,,1194.29,Rs./Quintal,
State/UT Name : West Bengal
Darjeeling APMC,1.2,Metric Tonnes,Other,2800.0,3000.0,2900.0,Rs./Quintal,FAQ
Durgapur APMC,5.6,Metric Tonnes,Other,1950.0,2100.0,2050.0,Rs./Quintal,FAQ
Karsiyang(Matigara) APMC,1.3,Metric Tonnes,Other,2700.0,2900.0,2800.0,Rs./Quintal,FAQ
Medinipur(West) APMC,0.8,Metric Tonnes,Cabbage,3300.0,3500.0,3400.0,Rs./Quintal,FAQ
Sealdah Koley Market APMC,8.5,Metric Tonnes,Other,3000.0,3500.0,3200.0,Rs./Quintal,FAQ
Total,17.4,Metric Tonnes,,,,2788.51,Rs./Quintal,
Grand Total,4622.29,Metric Tonnes,,,,2311.63,Rs./Quintal,
Carrot
State/UT Name : Assam
Harbartganj Daily Market APMC,10.0,Metric Tonnes,Carrot,7500.0,8000.0,7800.0,Rs./Quintal,FAQ
Pamohi(Garchuk) APMC,7.5,Metric Tonnes,Carrot,8000.0,9000.0,8500.0,Rs./Quintal,FAQ
Tinsukia Market,2.0,Metric Tonnes,Carrot,7000.0,12000.0,10000.0,Rs./Quintal,FAQ
Total,19.5,Metric Tonnes,,,,8294.87,Rs./Quintal,
State/UT Name : Bihar
Khagaria APMC,2.0,Metric Tonnes,Carrot,4166.66625,4749.999525,4599.99954,Rs./Quintal,Grade A
Total,2.0,Metric Tonnes,,,,4600.0,Rs./Quintal,
State/UT Name : Chattisgarh
Rajnandgaon APMC,7.0,Metric Tonnes,Carrot,2600.0,3000.0,2800.0,Rs./Quintal,Grade B
Tiphra APMC,11.0,Metric Tonnes,Carrot,2500.0,3000.0,2800.0,Rs./Quintal,Grade B
Total,18.0,Metric Tonnes,,,,2800.0,Rs./Quintal,
State/UT Name : Gujarat
Ahmedabad APMC,64.10000000000001,Metric Tonnes,Other,1200.0,2500.0,1850.0,Rs./Quintal,FAQ
Bharuch APMC,1.36,Metric Tonnes,Other,1200.0,1800.0,1500.0,Rs./Quintal,Local
Dahod(Veg. Market) APMC,0.2,Metric Tonnes,Carrot,2500.0,3000.0,2700.0,Rs./Quintal,Local
Gondal(Veg.market Gondal) APMC,4.5200000000000005,Metric Tonnes,Carrot,1000.0,3000.0,2000.0,Rs./Quintal,Local
Navsari APMC,1.2800000000000002,Metric Tonnes,Carrot,2500.0,3000.0,2750.0,Rs./Quintal,Local
Surat APMC,35.0,Metric Tonnes,Carrot,1000.0,2500.0,1750.0,Rs./Quintal,FAQ
Vadhvan APMC,0.2,Metric Tonnes,Carrot,2500.0,3000.0,2750.0,Rs./Quintal,Medium
Vadodara(Sayajipura) APMC,2.49,Metric Tonnes,Other,1500.0,2000.0,1800.0,Rs./Quintal,FAQ
Total,109.15,Metric Tonnes,,,,1832.4,Rs./Quintal,
State/UT Name : Haryana
Bahadurgarh APMC,0.1,Metric Tonnes,Other,5500.0,6000.0,5800.0,Rs./Quintal,Medium
Ganaur APMC,0.1,Metric Tonnes,Carrot,4000.0,5000.0,4500.0,Rs./Quintal,Medium
Gohana APMC,0.2,Metric Tonnes,Other,6000.0,8000.0,7000.0,Rs./Quintal,Medium
Jagadhri APMC,0.18300000000000002,Metric Tonnes,Other,1800.0,2300.0,2000.0,Rs./Quintal,Medium
Ladwa APMC,0.1,Metric Tonnes,Carrot,4500.0,5000.0,5000.0,Rs./Quintal,Medium
Naraingarh APMC,0.05,Metric Tonnes,Carrot,2000.0,2000.0,2000.0,Rs./Quintal,Medium
Shahabad APMC,0.2,Metric Tonnes,Carrot,3000.0,3000.0,3000.0,Rs./Quintal,Medium
Thanesar APMC,0.8,Metric Tonnes,Carrot,2000.0,3500.0,2750.0,Rs./Quintal,Medium
Total,1.73,Metric Tonnes,,,,3575.3,Rs./Quintal,
State/UT Name : Himachal Pradesh
PMY Chamba,0.15000000000000002,Metric Tonnes,Carrot,2500.0,3000.0,2750.0,Rs./Quintal,Medium
PMY Dhalli Shimla,0.7000000000000001,Metric Tonnes,Carrot,3000.0,3500.0,3000.0,Rs./Quintal,Grade A
PMY Hamirpur,0.15000000000000002,Metric Tonnes,Other,5000.0,5000.0,5000.0,Rs./Quintal,Grade B
PMY Kangra,0.1,Metric Tonnes,Carrot,3000.0,3200.0,3100.0,Rs./Quintal,FAQ
PMY Kullu,0.9,Metric Tonnes,Other,3000.0,3500.0,3200.0,Rs./Quintal,FAQ
PMY Una,0.1,Metric Tonnes,Carrot,4500.0,4500.0,4500.0,Rs./Quintal,FAQ
SMY Bhuntar,0.7,Metric Tonnes,Other,2500.0,3200.0,2900.0,Rs./Quintal,FAQ
SMY Dhanotu,0.2,Metric Tonnes,Carrot,2500.0,3500.0,3000.0,Rs./Quintal,FAQ
SMY Dharamshala,0.2,Metric Tonnes,Carrot,3800.0,4200.0,4000.0,Rs./Quintal,FAQ
SMY Jaisinghpur,0.020000000000000004,Metric Tonnes,Carrot,3500.0,3600.0,3550.0,Rs./Quintal,FAQ
SMY Palampur,0.2,Metric Tonnes,Carrot,3400.0,3500.0,3450.0,Rs./Quintal,FAQ
Total,3.42,Metric Tonnes,,,,3243.71,Rs./Quintal,
State/UT Name : Jammu and Kashmir
MAC F&V Market Narwal Jammu,2.0,Metric Tonnes,Carrot,3000.0,3500.0,3250.0,Rs./Quintal,FAQ
Parimpore Srinagar (F&V),54.0,Metric Tonnes,Other,5000.0,7000.0,6000.0,Rs./Quintal,Local
Total,56.0,Metric Tonnes,,,,5901.79,Rs./Quintal,
State/UT Name : Karnataka
Arasikere APMC,7.0,Metric Tonnes,Carrot,2000.0,5000.0,3000.0,Rs./Quintal,Medium
Bagepalli APMC,1.4000000000000001,Metric Tonnes,Carrot,1500.0,2500.0,2000.0,Rs./Quintal,Small
Bangarpet APMC,1.5,Metric Tonnes,Carrot,2000.0,3000.0,2500.0,Rs./Quintal,Local
Binny Mill (FF&V) Bengaluru APMC,33.4,Metric Tonnes,Carrot,4000.0,5000.0,4500.0,Rs./Quintal,Local
Chamarajanagar APMC,3.0,Metric Tonnes,Carrot,1200.0,2800.0,2000.0,Rs./Quintal,Local
Channarayapatna APMC,0.5,Metric Tonnes,Pusakesar,5700.0,5700.0,5700.0,Rs./Quintal,Medium
Chickkaballapura APMC,9.0,Metric Tonnes,Carrot,2500.0,3200.0,2800.0,Rs./Quintal,Local
Chintamani APMC,1.4000000000000001,Metric Tonnes,Carrot,2000.0,4000.0,3000.0,Rs./Quintal,Local
Doddaballapur APMC,1.7000000000000002,Metric Tonnes,Other,3000.0,4000.0,3500.0,Rs./Quintal,Medium
Gauribidanur APMC,0.4,Metric Tonnes,Carrot,1500.0,2500.0,2000.0,Rs./Quintal,Local
Hassan APMC,0.9,Metric Tonnes,Carrot,2500.0,2500.0,2500.0,Rs./Quintal,Local
Kadur APMC,0.2,Metric Tonnes,Pusakesar,4165.0,4165.0,4165.0,Rs./Quintal,Medium
Kolar APMC,6.7,Metric Tonnes,Carrot,1500.0,3500.0,3000.0,Rs./Quintal,Local
Malur APMC,52.5,Metric Tonnes,Carrot,3800.0,4500.0,4000.0,Rs./Quintal,Local
Mysuru APMC,1.8,Metric Tonnes,Carrot,4300.0,4500.0,4500.0,Rs./Quintal,Medium
Nanjangud APMC,4.0,Metric Tonnes,Carrot,2380.0,3030.0,2777.0,Rs./Quintal,Local
Ramanagara APMC,0.8,Metric Tonnes,Carrot,4000.0,5600.0,5000.0,Rs./Quintal,Local
Shimoga APMC,3.6,Metric Tonnes,Carrot,4000.0,5000.0,4500.0,Rs./Quintal,Local
T. Narasipura APMC,0.8,Metric Tonnes,Carrot,1500.0,2000.0,2000.0,Rs./Quintal,Small
Total,130.6,Metric Tonnes,,,,3805.83,Rs./Quintal,
State/UT Name : Keralam
Adimali Market,0.05,Metric Tonnes,Carrot,6000.0,8000.0,7000.0,Rs./Quintal,Medium
Aluva Market,5.0,Metric Tonnes,Carrot,5000.0,6000.0,5500.0,Rs./Quintal,FAQ
Anchal Market,0.4,Metric Tonnes,Carrot,4800.0,4800.0,4800.0,Rs./Quintal,Local
Angamaly Market,1.0,Metric Tonnes,Carrot,6400.0,8400.0,7400.0,Rs./Quintal,FAQ
Aralamoodu Market,2.5,Metric Tonnes,Carrot,4000.0,6000.0,6000.0,Rs./Quintal,FAQ
Aroor Market,0.2,Metric Tonnes,Other,6500.0,6700.0,6600.0,Rs./Quintal,FAQ
Athirampuzha Market,0.5,Metric Tonnes,Carrot,6600.0,6800.0,6700.0,Rs./Quintal,FAQ
Attingal Market,850.0,Metric Tonnes,Other,7800.0,8500.0,8000.0,Rs./Quintal,Local
Broadway market Market,0.4,Metric Tonnes,Carrot,6000.0,7000.0,6200.0,Rs./Quintal,Medium
Chala Market,0.5,Metric Tonnes,Other,5000.0,5500.0,5200.0,Rs./Quintal,FAQ
Chavakkad Market,0.2,Metric Tonnes,Carrot,4800.0,6000.0,6000.0,Rs./Quintal,FAQ
Chelakkara Market,0.2,Metric Tonnes,Carrot,8000.0,8200.0,8100.0,Rs./Quintal,FAQ
Chengannur Market,0.8,Metric Tonnes,Other,5800.0,6300.0,6000.0,Rs./Quintal,FAQ
Ettumanoor Market,1.0,Metric Tonnes,Carrot,6400.0,6800.0,6600.0,Rs./Quintal,FAQ
Harippad Market,0.7,Metric Tonnes,Other,5500.0,6000.0,5500.0,Rs./Quintal,FAQ
Kallachi Market,0.1,Metric Tonnes,Carrot,5800.0,6200.0,6000.0,Rs./Quintal,FAQ
Kanjirappally Market,0.5,Metric Tonnes,Carrot,7500.0,8000.0,7800.0,Rs./Quintal,FAQ
Kattappana Market,2.0,Metric Tonnes,Other,6800.0,7400.0,7000.0,Rs./Quintal,Medium
Kayamkulam Market,1.0,Metric Tonnes,Other,5100.0,5300.0,5200.0,Rs./Quintal,FAQ
Koduvayoor Market,0.8,Metric Tonnes,Carrot,4800.0,5200.0,5000.0,Rs./Quintal,Medium
Kollengode Market,0.7,Metric Tonnes,Carrot,5600.0,6000.0,5800.0,Rs./Quintal,FAQ
Kothamangalam Market,1.0,Metric Tonnes,Carrot,6000.0,8000.0,7000.0,Rs./Quintal,FAQ
Kottarakkara Market,0.01,Metric Tonnes,Other,3600.0,3600.0,3600.0,Rs./Quintal,Local
Kottayam Market,3.0,Metric Tonnes,Carrot,5800.0,6200.0,6000.0,Rs./Quintal,FAQ
Madhavapuram Market,0.7,Metric Tonnes,Other,8800.0,9200.0,9000.0,Rs./Quintal,FAQ
Manjeri Market,6.0,Metric Tonnes,Other,5450.0,5550.0,5500.0,Rs./Quintal,Local
Mannar Market,0.5,Metric Tonnes,Other,7000.0,7100.0,7000.0,Rs./Quintal,FAQ
Mukkom Market,0.4,Metric Tonnes,Carrot,8000.0,8600.0,8400.0,Rs./Quintal,FAQ
Neeleswaram Market,0.7,Metric Tonnes,Other,7600.0,8000.0,7800.0,Rs./Quintal,FAQ
Neyyatinkara Market,0.02,Metric Tonnes,Other,5400.0,6000.0,5600.0,Rs./Quintal,FAQ
North Paravur Market,1.0,Metric Tonnes,Carrot,5500.0,6000.0,5800.0,Rs./Quintal,FAQ
Pala Market,1.0,Metric Tonnes,Carrot,8800.0,9400.0,9200.0,Rs./Quintal,FAQ
Palakkad Market,2.0,Metric Tonnes,Carrot,3800.0,5000.0,4500.0,Rs./Quintal,FAQ
Parappanangadi Market,1.0,Metric Tonnes,Other,5200.0,5400.0,5300.0,Rs./Quintal,Grade A
Parassala Market,0.2,Metric Tonnes,Carrot,3800.0,4200.0,4000.0,Rs./Quintal,Local
Pattambi Market,0.5,Metric Tonnes,Carrot,6000.0,7000.0,6500.0,Rs./Quintal,FAQ
Perinthalmanna Market,4.0,Metric Tonnes,Carrot,5000.0,5400.0,5200.0,Rs./Quintal,Large
Piravam Market,5.0,Metric Tonnes,Carrot,7000.0,8000.0,7500.0,Rs./Quintal,Local
Pothencode Market,550.0,Metric Tonnes,Carrot,5000.0,5200.0,5000.0,Rs./Quintal,Local
Quilandy Market,0.26,Metric Tonnes,Other,5900.0,6300.0,6000.0,Rs./Quintal,FAQ
Thalasserry Market,0.2,Metric Tonnes,Carrot,5700.0,6600.0,6000.0,Rs./Quintal,FAQ
Thalayolaparambu Market,0.5,Metric Tonnes,Carrot,5800.0,6200.0,6000.0,Rs./Quintal,FAQ
Thamarassery Market,0.1,Metric Tonnes,Other,6800.0,7000.0,6800.0,Rs./Quintal,FAQ
Thirurrangadi Market,6.0,Metric Tonnes,Other,5500.0,5500.0,5500.0,Rs./Quintal,FAQ
Thodupuzha Market,0.2,Metric Tonnes,Other,6700.0,6900.0,6900.0,Rs./Quintal,Large
Thrippunithura Market,1.0,Metric Tonnes,Carrot,7300.0,8000.0,7500.0,Rs./Quintal,Medium
Vadakkenchery Market,0.23,Metric Tonnes,Carrot,8500.0,9000.0,9000.0,Rs./Quintal,FAQ
Vamanapuram Market,0.14,Metric Tonnes,Other,5000.0,5500.0,5000.0,Rs./Quintal,FAQ
Vandiperiyar Market,0.03,Metric Tonnes,Other,6000.0,6500.0,6000.0,Rs./Quintal,Grade Range-1
Vengeri(Kozhikode) Market,44.5,Metric Tonnes,Carrot,4900.0,5200.0,5200.0,Rs./Quintal,FAQ
Total,1498.74,Metric Tonnes,,,,6747.56,Rs./Quintal,
State/UT Name : Madhya Pradesh
Bhopal(F&V) APMC,26.5,Metric Tonnes,Other,1000.0,2000.0,1500.0,Rs./Quintal,Local
Dhamnod(F&V) APMC,0.5,Metric Tonnes,Carrot,600.0,800.0,700.0,Rs./Quintal,Local
Katni(F&V) APMC,0.8,Metric Tonnes,Other,1000.0,3000.0,2250.0,Rs./Quintal,Grade C
Sehore(F&V) APMC,0.30000000000000004,Metric Tonnes,Carrot,2500.0,3500.0,3000.0,Rs./Quintal,Grade Range-1
Seoni(F&V) APMC,0.74,Metric Tonnes,Carrot,960.0,960.0,960.0,Rs./Quintal,Grade C
Total,28.84,Metric Tonnes,,,,1508.68,Rs./Quintal,
State/UT Name : Maharashtra
APMC Ahilyanagar ,1.9,Metric Tonnes,Other,1500.0,2500.0,2000.0,Rs./Quintal,Local
APMC Chattrapati Sambhajinagar ,2.7,Metric Tonnes,Other,1200.0,2000.0,1600.0,Rs./Quintal,Local
APMC Hingna,0.1,Metric Tonnes,Other,2500.0,4000.0,3166.0,Rs./Quintal,Local
APMC Jalgaon ,0.5,Metric Tonnes,Other,1500.0,2500.0,2000.0,Rs./Quintal,Local
APMC Kalyan ,0.3,Metric Tonnes,Other,2000.0,4000.0,3000.0,Rs./Quintal,Local
APMC Kamthi ,0.1,Metric Tonnes,Other,2500.0,3000.0,2850.0,Rs./Quintal,Local
APMC Mumbai ,158.5,Metric Tonnes,Other,2000.0,2800.0,2400.0,Rs./Quintal,Local
APMC Nasik ,7.0,Metric Tonnes,Other,2000.0,2500.0,2350.0,Rs./Quintal,Local
APMC Panvel ,4.0,Metric Tonnes,Other,5000.0,5500.0,5250.0,Rs./Quintal,Local
APMC Pune ,65.6,Metric Tonnes,Other,1000.0,2500.0,1750.0,Rs./Quintal,Local
APMC Ratnagiri (Nachane) ,1.5,Metric Tonnes,Other,3000.0,4000.0,3500.0,Rs./Quintal,Local
APMC Satara ,1.3,Metric Tonnes,Other,3000.0,4000.0,3500.0,Rs./Quintal,Local
APMC Solapur ,3.5,Metric Tonnes,Other,1000.0,4000.0,2000.0,Rs./Quintal,Local
Amrawati(Frui & Veg. Market) ,5.9,Metric Tonnes,Other,2000.0,2500.0,2250.0,Rs./Quintal,Local
Chandrapur(Ganjwad) ,1.7,Metric Tonnes,Other,2000.0,3000.0,2500.0,Rs./Quintal,Local
Junnar(Narayangaon) ,4.4,Metric Tonnes,Other,500.0,2300.0,1500.0,Rs./Quintal,Local
Pune(Khadiki) ,0.3,Metric Tonnes,Other,1300.0,1600.0,1450.0,Rs./Quintal,Local
Pune(Manjri) ,0.2,Metric Tonnes,Other,2000.0,4000.0,3000.0,Rs./Quintal,Local
Pune(Moshi) ,7.8,Metric Tonnes,Other,2500.0,2500.0,2500.0,Rs./Quintal,Local
Total,267.3,Metric Tonnes,,,,2262.37,Rs./Quintal,
State/UT Name : Meghalaya
Jowai APMC,0.5,Metric Tonnes,New Kuroda,10000.0,11000.0,10500.0,Rs./Quintal,Local
Mawkyrwat APMC,0.5,Metric Tonnes,Other,4000.0,4500.0,4250.0,Rs./Quintal,Local
Shillong APMC,2.0,Metric Tonnes,New Kuroda,6500.0,8500.0,7500.0,Rs./Quintal,FAQ
Total,3.0,Metric Tonnes,,,,7458.33,Rs./Quintal,
State/UT Name : NCT of Delhi
APMC Azadpur,92.0,Metric Tonnes,Carrot,2000.0,4000.0,3000.0,Rs./Quintal,FAQ
APMC Keshopur,3.25,Metric Tonnes,Other,2500.0,3500.0,3000.0,Rs./Quintal,FAQ
"Fruit&Vegetable Market,Gazipur APMC",4.57,Metric Tonnes,Carrot,2400.0,2800.0,2600.0,Rs./Quintal,FAQ
Total,99.82,Metric Tonnes,,,,2981.69,Rs./Quintal,
State/UT Name : Odisha
Gunpur APMC,2.0,Metric Tonnes,Carrot,3650.0,4000.0,3750.0,Rs./Quintal,Grade B
Narasinghpur APMC,0.09000000000000001,Metric Tonnes,Carrot,4500.0,6000.0,5000.0,Rs./Quintal,Local
Nimapara APMC,0.2,Metric Tonnes,Carrot,5200.0,5200.0,5200.0,Rs./Quintal,Grade A
Rayagada APMC,11.0,Metric Tonnes,Other,2900.0,3000.0,3000.0,Rs./Quintal,Local
Total,13.29,Metric Tonnes,,,,3159.52,Rs./Quintal,
State/UT Name : Punjab
Adampur APMC,0.1,Metric Tonnes,Carrot,1800.0,2000.0,2000.0,Rs./Quintal,FAQ
Ajnala APMC,0.5,Metric Tonnes,Carrot,2490.0,2490.0,2490.0,Rs./Quintal,Local
Batala APMC,0.6000000000000001,Metric Tonnes,Other,3000.0,3500.0,3200.0,Rs./Quintal,Grade C
Bathinda APMC,20.0,Metric Tonnes,Other,2000.0,2500.0,2200.0,Rs./Quintal,Grade B
Dasuya APMC,0.2,Metric Tonnes,Carrot,3000.0,3000.0,3000.0,Rs./Quintal,Grade B
Dinanagar APMC,1.35,Metric Tonnes,Other,2600.0,3000.0,2800.0,Rs./Quintal,Medium
Jagraon APMC,0.2,Metric Tonnes,Other,850.0,850.0,850.0,Rs./Quintal,FAQ
Jalandhar City(Jalandhar) APMC,9.4,Metric Tonnes,Other,1200.0,2400.0,1800.0,Rs./Quintal,FAQ
Lehra Gaga APMC,0.08,Metric Tonnes,Other,2500.0,2500.0,2500.0,Rs./Quintal,Grade A
Ludhiana APMC,4.3,Metric Tonnes,Other,800.0,1400.0,1100.0,Rs./Quintal,FAQ
Malerkotla APMC,2.5,Metric Tonnes,Other,1500.0,2500.0,2000.0,Rs./Quintal,Local
Mansa APMC,0.2,Metric Tonnes,Carrot,3500.0,3500.0,3500.0,Rs./Quintal,FAQ
Naushera Pannuan APMC,0.075,Metric Tonnes,Other,1900.0,1900.0,1900.0,Rs./Quintal,Local
Nawan Shahar(Subzi Mandi) APMC,0.2,Metric Tonnes,Carrot,2500.0,3000.0,2800.0,Rs./Quintal,FAQ
Patiala APMC,1.9000000000000001,Metric Tonnes,Carrot,1400.0,1800.0,1600.0,Rs./Quintal,Grade B
Patran APMC,6.0,Metric Tonnes,Other,2000.0,2000.0,2000.0,Rs./Quintal,Grade A
Patti APMC,0.13,Metric Tonnes,Other,420.0,420.0,420.0,Rs./Quintal,Local
Phagwara APMC,0.1,Metric Tonnes,Other,2300.0,2300.0,2300.0,Rs./Quintal,FAQ
Rampuraphul(Nabha Mandi) APMC,0.8,Metric Tonnes,Other,2000.0,2700.0,2500.0,Rs./Quintal,Grade A
Samana APMC,45.0,Metric Tonnes,Other,1800.0,2500.0,2100.0,Rs./Quintal,Grade Range-2
Sangrur APMC,0.5,Metric Tonnes,Carrot,1200.0,2000.0,1600.0,Rs./Quintal,Grade B
Sirhind APMC,0.1,Metric Tonnes,Other,2300.0,2500.0,2400.0,Rs./Quintal,FAQ
Total,94.23,Metric Tonnes,,,,2048.41,Rs./Quintal,
State/UT Name : Rajasthan
Ajmer(F&V) APMC,0.8,Metric Tonnes,Other,1500.0,2500.0,2000.0,Rs./Quintal,Medium
Jaipur (F&V) APMC,11.9,Metric Tonnes,Carrot,2500.0,2600.0,2550.0,Rs./Quintal,FAQ
Sriganganagar (F&V) APMC,1.0,Metric Tonnes,Carrot,2800.0,3200.0,3000.0,Rs./Quintal,Grade A
Udaipur (F&V) APMC,0.4,Metric Tonnes,Other,2000.0,2500.0,2250.0,Rs./Quintal,Medium
Total,14.1,Metric Tonnes,,,,2542.2,Rs./Quintal,
State/UT Name : Tamil Nadu
AJattihalli(Uzhavar Sandhai ),0.12,Metric Tonnes,Pusakesar,6400.0,6400.0,6400.0,Rs./Quintal,Local
Ammapet(Uzhavar Sandhai ),0.16,Metric Tonnes,Pusakesar,6600.0,7000.0,6800.0,Rs./Quintal,Local
Anaiyur(Uzhavar Sandhai ),0.12,Metric Tonnes,Pusakesar,4800.0,5000.0,4900.0,Rs./Quintal,Local
Andipatti(Uzhavar Sandhai ),0.2,Metric Tonnes,Pusakesar,5200.0,5400.0,5300.0,Rs./Quintal,Local
Anna nagar(Uzhavar Sandhai ),0.52,Metric Tonnes,Pusakesar,6800.0,7000.0,6900.0,Rs./Quintal,Local
Arani(Uzhavar Sandhai ),0.2,Metric Tonnes,Pusakesar,5000.0,6000.0,5500.0,Rs./Quintal,Local
Arcot(Uzhavar Sandhai ),0.27,Metric Tonnes,Pusakesar,6000.0,6000.0,6000.0,Rs./Quintal,Local
Ariyalur(Uzhavar Sandhai),0.03,Metric Tonnes,Pusakesar,7000.0,8000.0,7500.0,Rs./Quintal,Local
Aruppukottai(Uzhavar Sandhai ),0.12,Metric Tonnes,Pusakesar,6000.0,7000.0,6500.0,Rs./Quintal,Local
Athur(Uzhavar Sandhai ),0.25,Metric Tonnes,Pusakesar,6500.0,7000.0,6750.0,Rs./Quintal,Local
Avallapalli(Uzhavar Sandhai ),0.25,Metric Tonnes,Pusakesar,4500.0,5000.0,4750.0,Rs./Quintal,Local
Bodinayakanur(Uzhavar Sandhai ),0.1,Metric Tonnes,Pusakesar,5000.0,5000.0,5000.0,Rs./Quintal,Local
Chengalpet(Uzhavar Sandhai ),0.09,Metric Tonnes,Pusakesar,7000.0,8000.0,7500.0,Rs./Quintal,Local
Chengam(Uzhavar Sandhai ),0.15,Metric Tonnes,Pusakesar,6000.0,8000.0,7000.0,Rs./Quintal,Local
Cheyyar(Uzhavar Sandhai ),0.1,Metric Tonnes,Pusakesar,5000.0,6000.0,5500.0,Rs./Quintal,Local
Chinnalapatti(Uzhavar Sandhai ),0.04,Metric Tonnes,Pusakesar,6000.0,8000.0,7000.0,Rs./Quintal,Local
Chinnamanur(Uzhavar Sandhai ),0.25,Metric Tonnes,Pusakesar,5000.0,5400.0,5200.0,Rs./Quintal,Local
Chokkikulam(Uzhavar Sandhai ),0.85,Metric Tonnes,Pusakesar,3200.0,5000.0,4100.0,Rs./Quintal,Local
Coonoor(Uzhavar Sandhai ),0.3,Metric Tonnes,Pusakesar,5000.0,5500.0,5250.0,Rs./Quintal,Local
Cuddalore(Uzhavar Sandhai ),0.18,Metric Tonnes,Pusakesar,5000.0,5000.0,5000.0,Rs./Quintal,Local
Denkanikottai(Uzhavar Sandhai ),0.28,Metric Tonnes,Pusakesar,4500.0,5000.0,4750.0,Rs./Quintal,Local
Devakottai (Uzhavar Sandhai ),0.13,Metric Tonnes,Pusakesar,3200.0,5400.0,4300.0,Rs./Quintal,Local
Dharapuram(Uzhavar Sandhai ),0.6,Metric Tonnes,Pusakesar,6000.0,6500.0,6250.0,Rs./Quintal,Local
Dharmapuri(Uzhavar Sandhai ),0.25,Metric Tonnes,Pusakesar,6200.0,6400.0,6300.0,Rs./Quintal,Local
Dindigul(Uzhavar Sandhai ),0.35,Metric Tonnes,Pusakesar,7000.0,8000.0,7500.0,Rs./Quintal,Local
Edapadi (Uzhavar Sandhai ),0.16,Metric Tonnes,Pusakesar,6500.0,7000.0,6750.0,Rs./Quintal,Local
Elampillai(Uzhavar Sandhai ),0.15,Metric Tonnes,Pusakesar,6000.0,7000.0,6500.0,Rs./Quintal,Local
Gandhigramam(Uzhavar Sandhai),0.14,Metric Tonnes,Pusakesar,6000.0,7000.0,6500.0,Rs./Quintal,Local
Gingee(Uzhavar Sandhai ),0.03,Metric Tonnes,Pusakesar,5500.0,5500.0,5500.0,Rs./Quintal,Local
Gobichettipalayam(Uzhavar Sandhai ),0.14,Metric Tonnes,Pusakesar,6500.0,7000.0,6750.0,Rs./Quintal,Local
Gudalur(Uzhavar Sandhai ),0.05,Metric Tonnes,Pusakesar,4000.0,5000.0,4500.0,Rs./Quintal,Local
Gudiyatham(Uzhavar Sandhai ),0.05,Metric Tonnes,Pusakesar,5600.0,5600.0,5600.0,Rs./Quintal,Local
Harur(Uzhavar Sandhai ),0.1,Metric Tonnes,Pusakesar,5500.0,6000.0,5750.0,Rs./Quintal,Local
Hasthampatti(Uzhavar Sandhai ),0.18,Metric Tonnes,Pusakesar,6500.0,7000.0,6750.0,Rs./Quintal,Local
Hosur(Uzhavar Sandhai ),4.7,Metric Tonnes,Pusakesar,4500.0,5000.0,4750.0,Rs./Quintal,Local
Jalagandapuram(Uzhavar Sandhai ),0.04,Metric Tonnes,Pusakesar,6400.0,6800.0,6600.0,Rs./Quintal,Local
Jameenrayapettai(Uzhavar Sandhai ),0.11,Metric Tonnes,Pusakesar,7000.0,8000.0,7500.0,Rs./Quintal,Local
KKNagar(Uzhavar Sandhai ),0.55,Metric Tonnes,Pusakesar,6600.0,6600.0,6600.0,Rs./Quintal,Local
Kahithapattarai(Uzhavar Sandhai ),0.08,Metric Tonnes,Pusakesar,4000.0,4000.0,4000.0,Rs./Quintal,Local
Kallakurichi(Uzhavar Sandhai ),0.06,Metric Tonnes,Pusakesar,8000.0,8000.0,8000.0,Rs./Quintal,Local
Kambam(Uzhavar Sandhai ),0.7,Metric Tonnes,Pusakesar,5000.0,5000.0,5000.0,Rs./Quintal,Local
Karaikudi(Uzhavar Sandhai ),0.11,Metric Tonnes,Pusakesar,5000.0,5500.0,5250.0,Rs./Quintal,Local
Karimangalam(Uzhavar Sandhai),0.08,Metric Tonnes,Pusakesar,6000.0,6500.0,6250.0,Rs./Quintal,Local
Kariyapatti(Uzhavar Sandhai ),0.08,Metric Tonnes,Pusakesar,6500.0,7000.0,6750.0,Rs./Quintal,Local
Karur(Uzhavar Sandhai ),0.33,Metric Tonnes,Pusakesar,6500.0,7000.0,6750.0,Rs./Quintal,Local
Katpadi (Uzhavar Sandhai ),0.3,Metric Tonnes,Pusakesar,5000.0,5000.0,5000.0,Rs./Quintal,Local
Kaveripattinam(Uzhavar Sandhai ),0.03,Metric Tonnes,Pusakesar,6000.0,6000.0,6000.0,Rs./Quintal,Local
Kodaikkanal(Uzhavar Sandhai),0.01,Metric Tonnes,Pusakesar,5000.0,7000.0,6000.0,Rs./Quintal,Local
Kovilpatti(Uzhavar Sandhai ),0.1,Metric Tonnes,Pusakesar,6000.0,6500.0,6250.0,Rs./Quintal,Local
Krishnagiri(Uzhavar Sandhai ),0.32,Metric Tonnes,Pusakesar,7000.0,8000.0,7500.0,Rs./Quintal,Local
Kulithalai(Uzhavar Sandhai ),0.22,Metric Tonnes,Pusakesar,5500.0,7000.0,6250.0,Rs./Quintal,Local
Kumarapalayam(Uzhavar Sandhai ),0.01,Metric Tonnes,Pusakesar,7500.0,8000.0,7750.0,Rs./Quintal,Local
Kumbakonam (Uzhavar Sandhai ),0.2,Metric Tonnes,Pusakesar,6000.0,7800.0,6900.0,Rs./Quintal,Local
Kundrathur(Uzhavar Sandhai ),0.04,Metric Tonnes,Pusakesar,5500.0,5500.0,5500.0,Rs./Quintal,Local
Lalgudi(Uzhavar Sandhai ),0.14,Metric Tonnes,Pusakesar,7000.0,7000.0,7000.0,Rs./Quintal,Local
Manachanallur(Uzhavar Sandhai ),0.09,Metric Tonnes,Pusakesar,7000.0,7000.0,7000.0,Rs./Quintal,Local
Manapparai(Uzhavar Sandhai ),0.05,Metric Tonnes,Pusakesar,7000.0,7000.0,7000.0,Rs./Quintal,Local
Mannargudi I(Uzhavar Sandhai ),0.55,Metric Tonnes,Pusakesar,6400.0,6400.0,6400.0,Rs./Quintal,Local
Mannargudi II(Uzhavar Sandhai ),0.13,Metric Tonnes,Pusakesar,6400.0,6400.0,6400.0,Rs./Quintal,Local
Mayiladuthurai(Uzhavar Sandhai ),0.01,Metric Tonnes,Pusakesar,7000.0,8000.0,7500.0,Rs./Quintal,Local
Melapalayam(Uzhavar Sandhai ),0.36,Metric Tonnes,Pusakesar,3200.0,5800.0,4500.0,Rs./Quintal,Local
Mettupalayam(Uzhavar Sandhai ),0.51,Metric Tonnes,Pusakesar,5000.0,5800.0,5400.0,Rs./Quintal,Local
Mettur(Uzhavar Sandhai ),0.15,Metric Tonnes,Pusakesar,6500.0,7000.0,6750.0,Rs./Quintal,Local
Mohanur(Uzhavar Sandhai ),0.05,Metric Tonnes,Pusakesar,6200.0,7000.0,6600.0,Rs./Quintal,Local
Musiri(Uzhavar Sandhai ),0.33,Metric Tonnes,Pusakesar,6000.0,6500.0,6250.0,Rs./Quintal,Local
Myladi(Uzhavar Sandhai ),0.02,Metric Tonnes,Pusakesar,7000.0,8000.0,7500.0,Rs./Quintal,Local
NGO Colony(Uzhavar Sandhai ),0.25,Metric Tonnes,Pusakesar,4500.0,5800.0,5150.0,Rs./Quintal,Local
Nagapattinam(Uzhavar Sandhai ),0.06,Metric Tonnes,Pusakesar,7000.0,8200.0,7600.0,Rs./Quintal,Local
Namakkal(Uzhavar Sandhai ),0.38,Metric Tonnes,Pusakesar,6000.0,7000.0,6500.0,Rs./Quintal,Local
Nanganallur(Uzhavar Sandhai ),0.08,Metric Tonnes,Pusakesar,6500.0,7000.0,6750.0,Rs./Quintal,Local
Natrampalli(Uzhavar Sandhai ),0.35,Metric Tonnes,Pusakesar,5000.0,6000.0,5500.0,Rs./Quintal,Local
Padappai(Uzhavar Sandhai ),0.08,Metric Tonnes,Pusakesar,4000.0,6000.0,5000.0,Rs./Quintal,Local
Palacode(Uzhavar Sandhai ),0.16,Metric Tonnes,Pusakesar,6000.0,6400.0,6200.0,Rs./Quintal,Local
Palanganatham(Uzhavar Sandhai ),0.5,Metric Tonnes,Pusakesar,4000.0,5000.0,4500.0,Rs./Quintal,Local
Palani(Uzhavar Sandhai ),0.61,Metric Tonnes,Pusakesar,6000.0,7000.0,6500.0,Rs./Quintal,Local
Palayamkottai(Uzhavar Sandhai ),0.85,Metric Tonnes,Pusakesar,3200.0,5800.0,4500.0,Rs./Quintal,Local
Palladam(Uzhavar Sandhai ),0.09,Metric Tonnes,Pusakesar,5500.0,6000.0,5750.0,Rs./Quintal,Local
Pallavaram(Uzhavar Sandhai ),0.14,Metric Tonnes,Pusakesar,7000.0,8000.0,7500.0,Rs./Quintal,Local
Pallikonda(Uzhavar Sandhai),0.04,Metric Tonnes,Pusakesar,5000.0,5000.0,5000.0,Rs./Quintal,Local
Papanasam(Uzhavar Sandhai ),0.04,Metric Tonnes,Pusakesar,6000.0,7200.0,6600.0,Rs./Quintal,Local
Paramakudi(Uzhavar Sandhai ),0.16,Metric Tonnes,Pusakesar,6500.0,7000.0,6750.0,Rs./Quintal,Local
Paramathivelur(Uzhavar Sandhai ),0.05,Metric Tonnes,Pusakesar,8000.0,9000.0,8500.0,Rs./Quintal,Local
Paruthipattu(Uzhavar Sandhai ),0.07,Metric Tonnes,Pusakesar,4000.0,4000.0,4000.0,Rs./Quintal,Local
Pattukottai(Uzhavar Sandhai ),0.08,Metric Tonnes,Pusakesar,7400.0,7400.0,7400.0,Rs./Quintal,Local
Pennagaram(Uzhavar Sandhai ),0.1,Metric Tonnes,Pusakesar,7500.0,8000.0,7750.0,Rs./Quintal,Local
Perambalur(Uzhavar Sandhai ),0.11,Metric Tonnes,Pusakesar,6800.0,7200.0,7000.0,Rs./Quintal,Local
Perampet(Uzhavar Sandhai),0.02,Metric Tonnes,Pusakesar,5000.0,5600.0,5300.0,Rs./Quintal,Local
Peravurani(Uzhavar Sandhai),0.02,Metric Tonnes,Pusakesar,7400.0,7400.0,7400.0,Rs./Quintal,Local
Periyakulam(Uzhavar Sandhai ),0.18,Metric Tonnes,Pusakesar,5000.0,5400.0,5200.0,Rs./Quintal,Local
Perundurai(Uzhavar Sandhai ),0.01,Metric Tonnes,Pusakesar,6000.0,6500.0,6250.0,Rs./Quintal,Local
Pollachi(Uzhavar Sandhai ),0.14,Metric Tonnes,Pusakesar,6000.0,6500.0,6250.0,Rs./Quintal,Local
Polur(Uzhavar Sandhai ),0.2,Metric Tonnes,Pusakesar,5000.0,6000.0,5500.0,Rs./Quintal,Local
Pudukottai(Uzhavar Sandhai ),0.21,Metric Tonnes,Pusakesar,6000.0,7000.0,6500.0,Rs./Quintal,Local
RSPuram(Uzhavar Sandhai ),2.27,Metric Tonnes,Pusakesar,5500.0,6000.0,5750.0,Rs./Quintal,Local
Rajapalayam(Uzhavar Sandhai ),0.22,Metric Tonnes,Pusakesar,4000.0,4500.0,4250.0,Rs./Quintal,Local
Ramanathapuram(Uzhavar Sandhai ),0.06,Metric Tonnes,Pusakesar,7500.0,8000.0,7750.0,Rs./Quintal,Local
Ranipettai(Uzhavar Sandhai ),0.04,Metric Tonnes,Pusakesar,5000.0,5000.0,5000.0,Rs./Quintal,Local
Rasipuram(Uzhavar Sandhai ),0.08,Metric Tonnes,Pusakesar,6500.0,7500.0,7000.0,Rs./Quintal,Local
Sampath Nagar(Uzhavar Sandhai ),0.13,Metric Tonnes,Pusakesar,6000.0,6400.0,6200.0,Rs./Quintal,Local
Sankarapuram(Uzhavar Sandhai ),0.12,Metric Tonnes,Pusakesar,8000.0,8000.0,8000.0,Rs./Quintal,Local
Sathiyamagalam(Uzhavar Sandhai ),0.19,Metric Tonnes,Pusakesar,5500.0,6000.0,5750.0,Rs./Quintal,Local
Sathur(Uzhavar Sandhai ),0.02,Metric Tonnes,Pusakesar,5500.0,6000.0,5750.0,Rs./Quintal,Local
Singampunari(Uzhavar Sandhai ),0.04,Metric Tonnes,Pusakesar,3400.0,5200.0,4300.0,Rs./Quintal,Local
Singanallur(Uzhavar Sandhai ),0.98,Metric Tonnes,Pusakesar,5500.0,6500.0,6000.0,Rs./Quintal,Local
Sirkali(Uzhavar Sandhai ),0.04,Metric Tonnes,Pusakesar,8000.0,8000.0,8000.0,Rs./Quintal,Local
Sivagangai (Uzhavar Sandhai ),0.22,Metric Tonnes,Pusakesar,3400.0,5200.0,4300.0,Rs./Quintal,Local
Sivakasi(Uzhavar Sandhai ),0.02,Metric Tonnes,Pusakesar,3500.0,4000.0,3750.0,Rs./Quintal,Local
Sooramangalam(Uzhavar Sandhai ),0.37,Metric Tonnes,Pusakesar,6500.0,7000.0,6750.0,Rs./Quintal,Local
Srivilliputhur(Uzhavar Sandhai ),0.08,Metric Tonnes,Pusakesar,4000.0,4500.0,4250.0,Rs./Quintal,Local
Sulur(Uzhavar Sandhai ),0.27,Metric Tonnes,Pusakesar,6000.0,6500.0,6250.0,Rs./Quintal,Local
Sundarapuram(Uzhavar Sandhai ),0.23,Metric Tonnes,Pusakesar,6000.0,6500.0,6250.0,Rs./Quintal,Local
Sunguvarchatram(Uzhavar Sandhai ),0.04,Metric Tonnes,Pusakesar,5500.0,5500.0,5500.0,Rs./Quintal,Local
Thalavadi(Uzhavar Sandhai ),0.09,Metric Tonnes,Pusakesar,6000.0,6500.0,6250.0,Rs./Quintal,Local
Thalavaipuram(Uzhavar Sandhai ),0.04,Metric Tonnes,Pusakesar,4000.0,4500.0,4250.0,Rs./Quintal,Local
Thammampatti (Uzhavar Sandhai ),0.12,Metric Tonnes,Pusakesar,6500.0,7000.0,6750.0,Rs./Quintal,Local
Thanjavur(Uzhavar Sandhai ),0.18,Metric Tonnes,Pusakesar,6600.0,6600.0,6600.0,Rs./Quintal,Local
Thathakapatti(Uzhavar Sandhai ),0.27,Metric Tonnes,Pusakesar,6500.0,7000.0,6750.0,Rs./Quintal,Local
Theni(Uzhavar Sandhai ),1.1,Metric Tonnes,Pusakesar,5400.0,5400.0,5400.0,Rs./Quintal,Local
Thirupathur APMC,0.36,Metric Tonnes,Pusakesar,7000.0,7000.0,7000.0,Rs./Quintal,Local
Thiruverumbur(Uzhavar Sandhai ),0.12,Metric Tonnes,Pusakesar,7000.0,7000.0,7000.0,Rs./Quintal,Local
Thuraiyur APMC,0.11,Metric Tonnes,Pusakesar,5600.0,6600.0,6100.0,Rs./Quintal,Local
Tindivanam APMC,0.09,Metric Tonnes,Pusakesar,6000.0,6000.0,6000.0,Rs./Quintal,Local
Tiruchengode APMC,0.12,Metric Tonnes,Pusakesar,6200.0,7000.0,6600.0,Rs./Quintal,Local
Tirukattupalli(Uzhavar Sandhai ),0.08,Metric Tonnes,Pusakesar,7400.0,7400.0,7400.0,Rs./Quintal,Local
Tirupatthur(Uzhavar Sandhai ),0.13,Metric Tonnes,Pusakesar,3400.0,5500.0,4450.0,Rs./Quintal,Local
Tiruppur (North) (Uzhavar Sandhai ),0.08,Metric Tonnes,Pusakesar,5000.0,6000.0,5500.0,Rs./Quintal,Local
Tiruppur (South) (Uzhavar Sandhai ),0.45,Metric Tonnes,Pusakesar,5000.0,6000.0,5500.0,Rs./Quintal,Local
Tiruthani(Uzhavar Sandhai ),0.06,Metric Tonnes,Pusakesar,6000.0,6000.0,6000.0,Rs./Quintal,Local
Tiruvannamalai(Uzhavar Sandhai ),0.28,Metric Tonnes,Pusakesar,5000.0,6000.0,5500.0,Rs./Quintal,Local
Tuticorin(Uzhavar Sandhai ),0.24,Metric Tonnes,Pusakesar,7500.0,8000.0,7750.0,Rs./Quintal,Local
Udhagamandalam(Uzhavar Sandhai ),0.55,Metric Tonnes,Pusakesar,3000.0,3500.0,3250.0,Rs./Quintal,Local
Udumalpet APMC,0.31,Metric Tonnes,Pusakesar,7000.0,7500.0,7250.0,Rs./Quintal,Local
Vadalur(Uzhavar Sandhai ),0.05,Metric Tonnes,Pusakesar,6000.0,6000.0,6000.0,Rs./Quintal,Local
Vadaseri APMC,0.18,Metric Tonnes,Pusakesar,7500.0,8000.0,7750.0,Rs./Quintal,Local
Vadavalli(Uzhavar Sandhai ),0.48,Metric Tonnes,Pusakesar,5000.0,6000.0,5500.0,Rs./Quintal,Local
Vandavasi(Uzhavar Sandhai ),0.03,Metric Tonnes,Pusakesar,5000.0,6000.0,5500.0,Rs./Quintal,Local
Vaniyampadi(Uzhavar Sandhai ),0.69,Metric Tonnes,Pusakesar,6000.0,6000.0,6000.0,Rs./Quintal,Local
Vazhapadi(Uzhavar Sandhai),0.02,Metric Tonnes,Pusakesar,6000.0,6500.0,6250.0,Rs./Quintal,Local
Vellore APMC,0.25,Metric Tonnes,Pusakesar,3000.0,3500.0,3250.0,Rs./Quintal,Local
Villupuram(Uzhavar Sandhai ),0.02,Metric Tonnes,Pusakesar,7000.0,7000.0,7000.0,Rs./Quintal,Local
Virudhunagar(Uzhavar Sandhai ),0.02,Metric Tonnes,Pusakesar,6500.0,7000.0,6750.0,Rs./Quintal,Local
Viruthachalam(Uzhavar Sandhai ),0.02,Metric Tonnes,Pusakesar,6000.0,6000.0,6000.0,Rs./Quintal,Local
Total,34.31,Metric Tonnes,,,,5702.87,Rs./Quintal,
State/UT Name : Telangana
"Alwal,RBZ",1.0,Metric Tonnes,Other,4700.0,4700.0,4700.0,Rs./Quintal,FAQ
Bowenpally APMC,499.20000000000005,Metric Tonnes,Carrot,1000.0,4200.0,3000.0,Rs./Quintal,FAQ
"Excise Colony,RBZ ",0.13,Metric Tonnes,Other,6000.0,6000.0,6000.0,Rs./Quintal,Grade A
Gudimalkapur APMC,14.5,Metric Tonnes,Carrot,2000.0,3500.0,2400.0,Rs./Quintal,Grade B
Karimnagar APMC,0.34,Metric Tonnes,Carrot,1500.0,1500.0,1500.0,Rs./Quintal,Medium
"Kukatpally,RBZ",5.1,Metric Tonnes,Carrot,4700.0,4700.0,4700.0,Rs./Quintal,Local
L B Nagar APMC,3.0,Metric Tonnes,Carrot,3000.0,4000.0,3500.0,Rs./Quintal,Medium
Mahboob Manison APMC,0.6000000000000001,Metric Tonnes,Carrot,3000.0,3500.0,3250.0,Rs./Quintal,Medium
Miryalguda(Rythu Bazar) ,0.1,Metric Tonnes,Carrot,5000.0,5000.0,5000.0,Rs./Quintal,Grade A
RYTHU BAZAR ERRAGADDA,4.5,Metric Tonnes,Carrot,4700.0,4700.0,4700.0,Rs./Quintal,Grade A
RYTHU BAZAR MEHDIPATNAM,2.9,Metric Tonnes,Carrot,4700.0,4700.0,4700.0,Rs./Quintal,Grade A
"Saroornagar,RBZ",3.2,Metric Tonnes,Other,4700.0,4700.0,4700.0,Rs./Quintal,Medium
Shadnagar APMC,2.0,Metric Tonnes,Carrot,1800.0,2200.0,1900.0,Rs./Quintal,Local
Siddipet(Rythu Bazar) ,1.0,Metric Tonnes,Carrot,4000.0,5000.0,4400.0,Rs./Quintal,Grade A
"Vanasthalipuram,RBZ ",1.5,Metric Tonnes,Carrot,4700.0,4700.0,4700.0,Rs./Quintal,Grade A
Warangal APMC,3.0,Metric Tonnes,Carrot,4000.0,4500.0,4250.0,Rs./Quintal,FAQ
Total,542.07,Metric Tonnes,,,,3049.66,Rs./Quintal,
State/UT Name : Uttar Pradesh
Maigalganj APMC,0.5,Metric Tonnes,Carrot,1250.0,1290.0,1270.0,Rs./Quintal,FAQ
Siyana APMC,0.9,Metric Tonnes,Carrot,1100.0,1140.0,1120.0,Rs./Quintal,Medium
Total,1.4,Metric Tonnes,,,,1173.57,Rs./Quintal,
State/UT Name : Uttarakhand
Kashipur APMC,1.2000000000000002,Metric Tonnes,Other,2400.0,2500.0,2450.0,Rs./Quintal,Local
Total,1.2,Metric Tonnes,,,,2450.0,Rs./Quintal,
State/UT Name : West Bengal
Gangarampur(Dakshin Dinajpur) APMC,0.1,Metric Tonnes,Other,3500.0,4000.0,3800.0,Rs./Quintal,FAQ
Ghatal APMC,2.0,Metric Tonnes,Carrot,4400.0,4600.0,4500.0,Rs./Quintal,FAQ
Jhargram APMC,0.4,Metric Tonnes,Other,3400.0,3800.0,3600.0,Rs./Quintal,FAQ
Karsiyang(Matigara) APMC,0.3,Metric Tonnes,Other,3200.0,3400.0,3300.0,Rs./Quintal,FAQ
Raiganj APMC,3.0,Metric Tonnes,Carrot,3800.0,4500.0,4000.0,Rs./Quintal,FAQ
Sealdah Koley Market APMC,11.600000000000001,Metric Tonnes,Other,3500.0,4500.0,4000.0,Rs./Quintal,FAQ
Total,17.4,Metric Tonnes,,,,4035.06,Rs./Quintal,
Grand Total,2956.1,Metric Tonnes,,,,4919.22,Rs./Quintal,
Onion
State/UT Name : Andhra Pradesh
Kurnool APMC,127.4,Metric Tonnes,Local,1843.0,4739.0,4739.0,Rs./Quintal,FAQ
Yerraguntla APMC,0.1,Metric Tonnes,Local,2600.0,3000.0,2800.0,Rs./Quintal,FAQ
Total,127.5,Metric Tonnes,,,,4737.48,Rs./Quintal,
State/UT Name : Assam
Dhekiajuli APMC,4.0,Metric Tonnes,Onion,5000.0,5300.0,5200.0,Rs./Quintal,FAQ
Dhing APMC,20.0,Metric Tonnes,Onion,3300.0,3500.0,3400.0,Rs./Quintal,FAQ
Doomdumia APMC,20.0,Metric Tonnes,Onion,3300.0,3500.0,3400.0,Rs./Quintal,FAQ
Pamohi(Garchuk) APMC,12.0,Metric Tonnes,Onion,5200.0,5800.0,5400.0,Rs./Quintal,FAQ
Pamohi(Garchuk) APMC,10.0,Metric Tonnes,Local,5400.0,6000.0,5500.0,Rs./Quintal,FAQ
Tinsukia Market,8.0,Metric Tonnes,Onion,4800.0,5400.0,5000.0,Rs./Quintal,FAQ
Total,74.0,Metric Tonnes,,,,4278.38,Rs./Quintal,
State/UT Name : Bihar
Balliah APMC,2.5,Metric Tonnes,1st Sort,5000.0,5200.0,5100.0,Rs./Quintal,Grade C
Balliah APMC,2.5,Metric Tonnes,1st Sort,5000.0,5200.0,5100.0,Rs./Quintal,Grade A
Balliah APMC,3.0,Metric Tonnes,1st Sort,5000.0,5200.0,5100.0,Rs./Quintal,Grade B
Bhagwanpur Mandi APMC,16.0,Metric Tonnes,Medium,4500.0,4500.0,4500.0,Rs./Quintal,Grade A
Birpur APMC,4.0,Metric Tonnes,Hybrid,2500.0,3000.0,2800.0,Rs./Quintal,Grade A
Chhapra APMC,120.0,Metric Tonnes,Other,4200.0,4800.0,4400.0,Rs./Quintal,Grade A
Daunagar APMC,2.0,Metric Tonnes,1st Sort,2800.0,3000.0,2900.0,Rs./Quintal,Local
Khagaria APMC,20.0,Metric Tonnes,Red,3080.0,3300.0,3160.0,Rs./Quintal,Grade A
Madhuban APMC,100.0,Metric Tonnes,1st Sort,4000.0,4400.0,4200.0,Rs./Quintal,FAQ
Madhubani APMC,30.0,Metric Tonnes,Red,4500.0,4700.0,4600.0,Rs./Quintal,FAQ
Maharjganj APMC,4.0,Metric Tonnes,1st Sort,4800.0,4800.0,4800.0,Rs./Quintal,FAQ
Motihari APMC,75.0,Metric Tonnes,Other,4800.0,5000.0,4900.0,Rs./Quintal,Grade A
Raxaul APMC,3.5,Metric Tonnes,1st Sort,4200.0,4400.0,4300.0,Rs./Quintal,Grade A
Saharsa APMC,20.0,Metric Tonnes,Onion,1900.0,2100.0,2000.0,Rs./Quintal,FAQ
Total,402.5,Metric Tonnes,,,,4275.16,Rs./Quintal,
State/UT Name : Chattisgarh
Rajnandgaon APMC,30.0,Metric Tonnes,Onion,4500.0,5000.0,4800.0,Rs./Quintal,Grade B
Tiphra APMC,75.0,Metric Tonnes,Local,2800.0,3200.0,3000.0,Rs./Quintal,Grade B
Total,105.0,Metric Tonnes,,,,3514.29,Rs./Quintal,
State/UT Name : Goa
Mapusa APMC,0.54,Metric Tonnes,Onion,2400.0,2800.0,2600.0,Rs./Quintal,FAQ
Total,0.54,Metric Tonnes,,,,2600.0,Rs./Quintal,
State/UT Name : Gujarat
Ahmedabad(Chimanbhai Patal Market Vasana) APMC,131.70000000000002,Metric Tonnes,Other,2000.0,4800.0,4600.0,Rs./Quintal,FAQ
Ahmedabad(Chimanbhai Patal Market Vasana) APMC,3.9000000000000004,Metric Tonnes,Local,3000.0,4500.0,4350.0,Rs./Quintal,FAQ
Ahmedabad(Chimanbhai Patal Market Vasana) APMC,589.0,Metric Tonnes,Nasik,4000.0,5200.0,4950.0,Rs./Quintal,FAQ
"Anand(Veg,Yard,Anand) APMC",29.8,Metric Tonnes,Onion,3000.0,4500.0,4000.0,Rs./Quintal,Grade B
Ankleshwar APMC,16.0,Metric Tonnes,Onion,3000.0,4600.0,4000.0,Rs./Quintal,Grade A
Bharuch APMC,16.5,Metric Tonnes,Other,1500.0,3200.0,2000.0,Rs./Quintal,Local
Bhuj APMC,20.200000000000003,Metric Tonnes,Other,5000.0,5500.0,5250.0,Rs./Quintal,FAQ
Bilimora APMC,1.4000000000000001,Metric Tonnes,Nasik,3000.0,5000.0,4500.0,Rs./Quintal,FAQ
Dahod(Veg. Market) APMC,2.8000000000000003,Metric Tonnes,Onion,4000.0,5500.0,5000.0,Rs./Quintal,Local
Himatnagar(Veg.Market Himatnagar) APMC,1.5,Metric Tonnes,Onion,4000.0,4500.0,4340.0,Rs./Quintal,Local
Jamnagar APMC,54.7,Metric Tonnes,Other,2250.0,4750.0,3150.0,Rs./Quintal,Local
Kapadvanj APMC,12.0,Metric Tonnes,Onion,3000.0,4000.0,3500.0,Rs./Quintal,Medium
Khambhat(Veg Yard Khambhat) APMC,0.30000000000000004,Metric Tonnes,Other,5000.0,5500.0,5000.0,Rs./Quintal,Local
Mahuva(Station Road) APMC,127.15,Metric Tonnes,Red,460.0,4760.0,2610.0,Rs./Quintal,FAQ
Mahuva(Station Road) APMC,28.0,Metric Tonnes,White,1200.0,2860.0,2030.0,Rs./Quintal,FAQ
Mehsana(Mehsana Veg) APMC,60.6,Metric Tonnes,Onion,1500.0,5300.0,3500.0,Rs./Quintal,Local
Morbi APMC,20.400000000000002,Metric Tonnes,Onion,2000.0,4400.0,3200.0,Rs./Quintal,FAQ
Nadiyad(Piplag) APMC,13.600000000000001,Metric Tonnes,Onion,2200.0,2500.0,2300.0,Rs./Quintal,FAQ
Navsari APMC,5.94,Metric Tonnes,Onion,4000.0,5800.0,4900.0,Rs./Quintal,Grade A
Padra APMC,10.4,Metric Tonnes,Other,4000.0,5500.0,4750.0,Rs./Quintal,FAQ
Porbandar APMC,1.6,Metric Tonnes,Other,2000.0,4000.0,3000.0,Rs./Quintal,FAQ
Rajkot(Veg.Sub Yard) APMC,187.3,Metric Tonnes,Onion,1800.0,4000.0,3000.0,Rs./Quintal,FAQ
Surat APMC,210.0,Metric Tonnes,Other,1800.0,5000.0,3400.0,Rs./Quintal,FAQ
Vadodara(Sayajipura) APMC,16.7,Metric Tonnes,Onion,3500.0,5500.0,4550.0,Rs./Quintal,FAQ
Total,1561.49,Metric Tonnes,,,,3993.46,Rs./Quintal,
State/UT Name : Haryana
Ambala City(Subji Mandi) APMC,45.0,Metric Tonnes,Other,3210.0,3210.0,3210.0,Rs./Quintal,Non-FAQ
Bahadurgarh APMC,3.3000000000000003,Metric Tonnes,Other,3800.0,4000.0,3900.0,Rs./Quintal,FAQ
Ballabhgarh APMC,41.300000000000004,Metric Tonnes,Onion,3000.0,4500.0,3800.0,Rs./Quintal,FAQ
Barwala APMC,1.2000000000000002,Metric Tonnes,Onion,4000.0,4500.0,4250.0,Rs./Quintal,FAQ
Barwala(Hisar) APMC,4.5,Metric Tonnes,Onion,4500.0,5000.0,4800.0,Rs./Quintal,Local
Bhiwani APMC,8.0,Metric Tonnes,Onion,2504.0,3870.0,3102.0,Rs./Quintal,Grade B
Chhachrauli APMC,0.1,Metric Tonnes,Onion,3600.0,6000.0,3600.0,Rs./Quintal,Local
Dhand APMC,0.4,Metric Tonnes,Other,3500.0,4000.0,3800.0,Rs./Quintal,Medium
Farukh Nagar APMC,1.9000000000000001,Metric Tonnes,Other,3600.0,4600.0,4000.0,Rs./Quintal,Medium
Fatehabad APMC,7.800000000000001,Metric Tonnes,Other,4400.0,4400.0,4400.0,Rs./Quintal,Local
Ganaur APMC,1.5,Metric Tonnes,Onion,4000.0,4500.0,4200.0,Rs./Quintal,FAQ
Gharaunda APMC,2.0,Metric Tonnes,Other,4000.0,4200.0,4200.0,Rs./Quintal,Local
Gohana APMC,5.7,Metric Tonnes,Other,2500.0,5000.0,4000.0,Rs./Quintal,Medium
Gurgaon APMC,96.0,Metric Tonnes,Other,3500.0,4500.0,4000.0,Rs./Quintal,Grade B
Hansi APMC,6.0,Metric Tonnes,Other,4000.0,5000.0,4500.0,Rs./Quintal,FAQ
Hissar APMC,25.8,Metric Tonnes,Other,2500.0,5100.0,4200.0,Rs./Quintal,Medium
Hodal APMC,4.0,Metric Tonnes,Onion,3000.0,4500.0,3800.0,Rs./Quintal,FAQ
Indri APMC,0.55,Metric Tonnes,Other,4200.0,4200.0,4200.0,Rs./Quintal,FAQ
Jagadhri APMC,20.39,Metric Tonnes,Other,2610.0,4800.0,3000.0,Rs./Quintal,FAQ
Jakhal APMC,0.2,Metric Tonnes,Other,4000.0,4000.0,4000.0,Rs./Quintal,Non-FAQ
Jhajjar APMC,4.3,Metric Tonnes,Other,4500.0,4500.0,4500.0,Rs./Quintal,Medium
Jind APMC,10.9,Metric Tonnes,Local,2000.0,4000.0,3000.0,Rs./Quintal,FAQ
Kaithal APMC,7.4,Metric Tonnes,Onion,4100.0,4100.0,4100.0,Rs./Quintal,FAQ
Kharkhoda APMC,1.5,Metric Tonnes,Other,3200.0,4200.0,3700.0,Rs./Quintal,FAQ
Ladwa APMC,1.7000000000000002,Metric Tonnes,Other,5500.0,6000.0,6000.0,Rs./Quintal,Non-FAQ
Madlauda APMC,0.30000000000000004,Metric Tonnes,Onion,2800.0,2800.0,2800.0,Rs./Quintal,FAQ
Meham,0.2,Metric Tonnes,Medium,4500.0,4500.0,4500.0,Rs./Quintal,Medium
Mohindergarh APMC,2.4250000000000003,Metric Tonnes,Onion,2500.0,3500.0,3500.0,Rs./Quintal,Medium
Mustafabad APMC,0.06999999999999999,Metric Tonnes,Onion,4500.0,4500.0,4500.0,Rs./Quintal,FAQ
Naraingarh APMC,2.5,Metric Tonnes,Onion,2300.0,4000.0,3000.0,Rs./Quintal,Medium
Narnaul APMC,2.5,Metric Tonnes,Onion,3500.0,4000.0,3800.0,Rs./Quintal,Medium
Narwana APMC,6.1000000000000005,Metric Tonnes,Onion,4000.0,4800.0,4400.0,Rs./Quintal,Non-FAQ
"New Grain Market , Panchkula APMC",0.1,Metric Tonnes,Other,3600.0,3800.0,3700.0,Rs./Quintal,Grade A
Nuh APMC,1.7,Metric Tonnes,Other,2300.0,2500.0,2500.0,Rs./Quintal,Local
Panchkul(Kalka) APMC,0.1,Metric Tonnes,Other,3700.0,3900.0,3800.0,Rs./Quintal,Grade A
Panipat APMC,9.0,Metric Tonnes,Onion,1200.0,3600.0,2400.0,Rs./Quintal,Local
Pataudi APMC,1.3,Metric Tonnes,Onion,3000.0,4000.0,3500.0,Rs./Quintal,Grade B
Radaur APMC,0.8,Metric Tonnes,Nasik,4200.0,5000.0,4500.0,Rs./Quintal,Medium
Raipur Rani APMC,0.25,Metric Tonnes,Onion,2000.0,2200.0,2000.0,Rs./Quintal,Local
Ratia APMC,8.0,Metric Tonnes,Other,4000.0,4000.0,4000.0,Rs./Quintal,Grade A
Rewari APMC,5.2,Metric Tonnes,Medium,2000.0,5000.0,3500.0,Rs./Quintal,Medium
Sadhaura APMC,2.1,Metric Tonnes,Onion,2600.0,3000.0,2800.0,Rs./Quintal,Local
Safidon APMC,8.0,Metric Tonnes,Other,2500.0,3000.0,3000.0,Rs./Quintal,Medium
Shahabad APMC,7.8,Metric Tonnes,Onion,2500.0,4600.0,4000.0,Rs./Quintal,Medium
Shahzadpur APMC,0.5,Metric Tonnes,Local,2500.0,2500.0,2500.0,Rs./Quintal,Local
Sirsa APMC,23.200000000000003,Metric Tonnes,Other,3200.0,4500.0,4200.0,Rs./Quintal,FAQ
Siwan APMC,1.9000000000000001,Metric Tonnes,Other,3800.0,4000.0,3900.0,Rs./Quintal,FAQ
Sohna APMC,3.7,Metric Tonnes,Onion,4000.0,5000.0,4500.0,Rs./Quintal,Local
Sonepat APMC,20.0,Metric Tonnes,Onion,4000.0,4500.0,4500.0,Rs./Quintal,FAQ
Tarori APMC,1.2000000000000002,Metric Tonnes,Nasik,3000.0,4000.0,3500.0,Rs./Quintal,Medium
Thanesar APMC,22.5,Metric Tonnes,Onion,4500.0,5500.0,5000.0,Rs./Quintal,Medium
Tohana(New Veg Market) APMC,2.1,Metric Tonnes,Onion,3000.0,4000.0,3500.0,Rs./Quintal,FAQ
Uklana APMC,0.2,Metric Tonnes,Onion,4000.0,4000.0,4000.0,Rs./Quintal,Medium
Total,435.19,Metric Tonnes,,,,3866.33,Rs./Quintal,
State/UT Name : Himachal Pradesh
PMY Chamba,2.5780000000000003,Metric Tonnes,Onion,4800.0,5200.0,5000.0,Rs./Quintal,Medium
PMY Dhalli Shimla,8.5,Metric Tonnes,1st Sort,5200.0,5500.0,5200.0,Rs./Quintal,Grade A
PMY Hamirpur,3.7,Metric Tonnes,Other,5000.0,5200.0,5100.0,Rs./Quintal,Grade B
PMY Kangra,2.0,Metric Tonnes,Onion,5500.0,5700.0,5600.0,Rs./Quintal,FAQ
PMY Kather Solan,5.7,Metric Tonnes,Other,4800.0,5200.0,4800.0,Rs./Quintal,Medium
PMY Kullu,1.5,Metric Tonnes,Other,5000.0,5500.0,5200.0,Rs./Quintal,FAQ
PMY Paonta Sahib,0.6000000000000001,Metric Tonnes,Nasik,4900.0,5500.0,5200.0,Rs./Quintal,FAQ
PMY Una,4.6000000000000005,Metric Tonnes,Onion,4600.0,5200.0,4900.0,Rs./Quintal,FAQ
SMY Baijnath,0.4,Metric Tonnes,Onion,5200.0,5600.0,5400.0,Rs./Quintal,Grade B
SMY Bhuntar,1.6,Metric Tonnes,Other,5400.0,6200.0,5800.0,Rs./Quintal,FAQ
SMY Dhanotu,2.1,Metric Tonnes,Onion,4000.0,5000.0,4500.0,Rs./Quintal,FAQ
SMY Dharamshala,1.2000000000000002,Metric Tonnes,Onion,4200.0,5200.0,4700.0,Rs./Quintal,FAQ
SMY Jaisinghpur,0.2,Metric Tonnes,Other,5500.0,5700.0,5600.0,Rs./Quintal,FAQ
SMY Jassur,2.0,Metric Tonnes,Other,4500.0,5000.0,4750.0,Rs./Quintal,FAQ
SMY Jwalaji,0.020000000000000004,Metric Tonnes,Other,5500.0,5700.0,5600.0,Rs./Quintal,FAQ
SMY Nadaun,1.2000000000000002,Metric Tonnes,Other,4000.0,4200.0,4100.0,Rs./Quintal,Grade B
SMY Nagrota Bagwan,1.0,Metric Tonnes,Onion,5300.0,5500.0,5400.0,Rs./Quintal,FAQ
SMY Nalagarh,0.2,Metric Tonnes,Other,4000.0,4500.0,4300.0,Rs./Quintal,Medium
SMY Palampur,2.4000000000000004,Metric Tonnes,Onion,5400.0,5600.0,5500.0,Rs./Quintal,FAQ
SMY Rohroo,0.5,Metric Tonnes,1st Sort,5000.0,5200.0,5100.0,Rs./Quintal,Grade B
SMY Santoshgarh,0.8,Metric Tonnes,Onion,4700.0,5000.0,4850.0,Rs./Quintal,FAQ
SMY Takoli,0.1,Metric Tonnes,Other,3500.0,4000.0,3800.0,Rs./Quintal,Medium
Total,42.9,Metric Tonnes,,,,5045.27,Rs./Quintal,
State/UT Name : Jammu and Kashmir
Kathua (F&V),25.0,Metric Tonnes,Nasik,4500.0,5000.0,4750.0,Rs./Quintal,FAQ
MAC F&V Market Narwal Jammu,200.0,Metric Tonnes,Medium,5000.0,5500.0,5250.0,Rs./Quintal,FAQ
Parimpore Srinagar (F&V),171.0,Metric Tonnes,Nasik,5600.0,5800.0,5700.0,Rs./Quintal,Grade A
Total,396.0,Metric Tonnes,,,,5412.75,Rs./Quintal,
State/UT Name : Karnataka
APMC Hubballi,130.0,Metric Tonnes,Local,2200.0,3800.0,3000.0,Rs./Quintal,Local
APMC Hubballi,124.0,Metric Tonnes,Puna,2600.0,4100.0,3200.0,Rs./Quintal,Local
Bangarpet APMC,0.7000000000000001,Metric Tonnes,Onion,3500.0,5000.0,4500.0,Rs./Quintal,Local
Bengaluru APMC,322.3,Metric Tonnes,Onion,4000.0,5000.0,4200.0,Rs./Quintal,Large
Bengaluru APMC,322.3,Metric Tonnes,Bangalore-Samall,2000.0,3000.0,2500.0,Rs./Quintal,Small
Bengaluru APMC,644.6,Metric Tonnes,Local,3000.0,4000.0,3500.0,Rs./Quintal,Medium
Bengaluru APMC,1933.7,Metric Tonnes,Puna,4000.0,5800.0,4800.0,Rs./Quintal,Local
Channarayapatna APMC,6.0,Metric Tonnes,Onion,4000.0,4000.0,4000.0,Rs./Quintal,Medium
Chickkaballapura APMC,12.5,Metric Tonnes,Beelary-Red,5000.0,5500.0,5100.0,Rs./Quintal,Local
Chikkamagaluru APMC,1.8,Metric Tonnes,Other,4600.0,4600.0,4600.0,Rs./Quintal,Local
Davangere APMC,68.0,Metric Tonnes,Onion,4500.0,5500.0,5000.0,Rs./Quintal,Local
Doddaballapur APMC,2.8000000000000003,Metric Tonnes,Onion,3000.0,4000.0,3600.0,Rs./Quintal,Medium
Gauribidanur APMC,0.30000000000000004,Metric Tonnes,Onion,3000.0,4000.0,3500.0,Rs./Quintal,Local
Hassan APMC,9.0,Metric Tonnes,Other,5080.0,5080.0,5080.0,Rs./Quintal,Local
Hospet APMC,3.2,Metric Tonnes,Local,3000.0,3500.0,3500.0,Rs./Quintal,Local
Kadur APMC,7.4,Metric Tonnes,Onion,2775.0,3332.0,3330.0,Rs./Quintal,Medium
Shimoga APMC,10.0,Metric Tonnes,Onion,5000.0,6000.0,5500.0,Rs./Quintal,Local
T. Narasipura APMC,2.5,Metric Tonnes,Onion,5000.0,6000.0,5000.0,Rs./Quintal,Small
Tumakuru APMC,26.0,Metric Tonnes,Other,2500.0,3800.0,3200.0,Rs./Quintal,Local
Udupi APMC,15.3,Metric Tonnes,Onion,4400.0,4500.0,4500.0,Rs./Quintal,Local
Vijayapura APMC,81.4,Metric Tonnes,Onion,1500.0,6000.0,3000.0,Rs./Quintal,Local
Total,3723.8,Metric Tonnes,,,,4156.96,Rs./Quintal,
State/UT Name : Keralam
Aluva Market,60.0,Metric Tonnes,Big,5300.0,6000.0,5700.0,Rs./Quintal,FAQ
Anchal Market,0.43,Metric Tonnes,Big,4000.0,4000.0,4000.0,Rs./Quintal,Local
Anchal Market,0.42,Metric Tonnes,Small,4800.0,4800.0,4800.0,Rs./Quintal,Local
Angamaly Market,1.0,Metric Tonnes,Small,7600.0,9400.0,8500.0,Rs./Quintal,FAQ
Angamaly Market,1.0,Metric Tonnes,Big,5800.0,6200.0,6000.0,Rs./Quintal,FAQ
Aralamoodu Market,2.0,Metric Tonnes,Onion,8000.0,8000.0,8000.0,Rs./Quintal,FAQ
Aralamoodu Market,3.0,Metric Tonnes,Big,5500.0,6000.0,6000.0,Rs./Quintal,FAQ
Athirampuzha Market,2.0,Metric Tonnes,Big,5500.0,5700.0,5600.0,Rs./Quintal,FAQ
Athirampuzha Market,0.8,Metric Tonnes,Small,7800.0,8000.0,7900.0,Rs./Quintal,FAQ
Broadway market Market,0.5,Metric Tonnes,1st Sort,5500.0,6500.0,5700.0,Rs./Quintal,Medium
Chala Market,18.0,Metric Tonnes,Big,5800.0,6200.0,6000.0,Rs./Quintal,FAQ
Chala Market,4.0,Metric Tonnes,Onion,8000.0,9000.0,8000.0,Rs./Quintal,Small
Chathanoor Market,0.4,Metric Tonnes,Other,3300.0,3700.0,3500.0,Rs./Quintal,FAQ
Chavakkad Market,0.3,Metric Tonnes,Big,5500.0,6000.0,6000.0,Rs./Quintal,FAQ
Chelakkara Market,0.2,Metric Tonnes,Big,6500.0,7000.0,6800.0,Rs./Quintal,FAQ
Chengannur Market,0.5,Metric Tonnes,Onion,5500.0,6000.0,5800.0,Rs./Quintal,FAQ
Ettumanoor Market,2.0,Metric Tonnes,Big,5000.0,6000.0,5500.0,Rs./Quintal,FAQ
Ettumanoor Market,2.0,Metric Tonnes,Onion,7000.0,8000.0,7500.0,Rs./Quintal,FAQ
Kallachi Market,0.1,Metric Tonnes,Big,5400.0,5800.0,5600.0,Rs./Quintal,FAQ
Kanjangadu Market,1.0,Metric Tonnes,Big,5400.0,6000.0,5600.0,Rs./Quintal,FAQ
Kanjirappally Market,0.5,Metric Tonnes,Big,4500.0,5000.0,4800.0,Rs./Quintal,FAQ
Kannur Market,18.0,Metric Tonnes,Onion,5800.0,6000.0,5900.0,Rs./Quintal,Grade A
Kayamkulam Market,5.0,Metric Tonnes,Big,5300.0,5500.0,5400.0,Rs./Quintal,FAQ
Kayamkulam Market,3.0,Metric Tonnes,Small,6700.0,6900.0,6800.0,Rs./Quintal,FAQ
Koduvayoor Market,80.0,Metric Tonnes,Big,5500.0,5900.0,5700.0,Rs./Quintal,Medium
Koduvayoor Market,80.0,Metric Tonnes,Small,8700.0,9100.0,8900.0,Rs./Quintal,Medium
Kollengode Market,80.0,Metric Tonnes,Big,4500.0,4900.0,4700.0,Rs./Quintal,FAQ
Kollengode Market,80.0,Metric Tonnes,Small,5600.0,6000.0,5800.0,Rs./Quintal,FAQ
Kondotty Market,0.25,Metric Tonnes,Other,3000.0,3600.0,3500.0,Rs./Quintal,FAQ
Kondotty Market,0.25,Metric Tonnes,Small,7000.0,7500.0,7200.0,Rs./Quintal,FAQ
Kothamangalam Market,1.0,Metric Tonnes,Big,5600.0,6000.0,5800.0,Rs./Quintal,FAQ
Kottarakkara Market,0.01,Metric Tonnes,Other,3000.0,3000.0,3000.0,Rs./Quintal,Local
Kottayam Market,1.0,Metric Tonnes,Onion,8200.0,8600.0,8400.0,Rs./Quintal,FAQ
Kottayam Market,2.0,Metric Tonnes,Big,5200.0,5600.0,5400.0,Rs./Quintal,FAQ
Madhavapuram Market,1.1,Metric Tonnes,Big,3500.0,4000.0,3700.0,Rs./Quintal,FAQ
Madhavapuram Market,0.9,Metric Tonnes,Small,6500.0,7000.0,6750.0,Rs./Quintal,FAQ
Manjeri Market,8.0,Metric Tonnes,Other,5650.0,5750.0,5700.0,Rs./Quintal,Local
Mukkom Market,0.5,Metric Tonnes,Onion,5000.0,5400.0,5200.0,Rs./Quintal,FAQ
Neeleswaram Market,1.0,Metric Tonnes,Big,5400.0,5800.0,5600.0,Rs./Quintal,FAQ
North Paravur Market,1.0,Metric Tonnes,1st Sort,8000.0,9000.0,8500.0,Rs./Quintal,Small
North Paravur Market,1.0,Metric Tonnes,1st Sort,5700.0,6600.0,6400.0,Rs./Quintal,Large
Pala Market,6.0,Metric Tonnes,Big,5300.0,6000.0,5600.0,Rs./Quintal,FAQ
Pala Market,2.0,Metric Tonnes,Onion,8400.0,9000.0,8800.0,Rs./Quintal,FAQ
Palakkad Market,10.0,Metric Tonnes,Big,5500.0,6500.0,6100.0,Rs./Quintal,FAQ
Palakkad Market,3.0,Metric Tonnes,Small,9000.0,10000.0,9600.0,Rs./Quintal,FAQ
Pampady Market,2.0,Metric Tonnes,Big,5300.0,6000.0,5500.0,Rs./Quintal,FAQ
Parappanangadi Market,9.5,Metric Tonnes,Other,5700.0,5900.0,5800.0,Rs./Quintal,Grade A
Parappanangadi Market,0.8,Metric Tonnes,Small,9300.0,9500.0,9400.0,Rs./Quintal,Grade A
Pattambi Market,1.0,Metric Tonnes,Big,5400.0,5600.0,5500.0,Rs./Quintal,FAQ
Pattambi Market,0.5,Metric Tonnes,Onion,8000.0,8500.0,8200.0,Rs./Quintal,FAQ
Perinthalmanna Market,4.0,Metric Tonnes,Onion,4000.0,4700.0,4200.0,Rs./Quintal,Large
Piravam Market,5.0,Metric Tonnes,Big,5500.0,6500.0,6000.0,Rs./Quintal,Local
Pothencode Market,550.0,Metric Tonnes,Other,6000.0,6500.0,6000.0,Rs./Quintal,Local
Punalur Market,0.001,Metric Tonnes,Onion,4500.0,4800.0,4700.0,Rs./Quintal,Medium
Quilandy Market,1.5,Metric Tonnes,Other,5800.0,6000.0,6000.0,Rs./Quintal,FAQ
Taliparamba Market,0.04,Metric Tonnes,Onion,5400.0,5600.0,5500.0,Rs./Quintal,FAQ
Thalasserry Market,0.3,Metric Tonnes,1st Sort,5800.0,6800.0,6200.0,Rs./Quintal,FAQ
Thalayolaparambu Market,0.5,Metric Tonnes,Onion,7600.0,8000.0,7800.0,Rs./Quintal,FAQ
Thalayolaparambu Market,0.5,Metric Tonnes,Big,5300.0,5600.0,5400.0,Rs./Quintal,FAQ
Thamarassery Market,0.2,Metric Tonnes,Other,6000.0,6300.0,6000.0,Rs./Quintal,FAQ
Thirurrangadi Market,6.0,Metric Tonnes,Other,5200.0,5300.0,5200.0,Rs./Quintal,FAQ
Thrippunithura Market,1.0,Metric Tonnes,Big,6200.0,6600.0,6200.0,Rs./Quintal,Medium
Thrissur Market,12.0,Metric Tonnes,Onion,3500.0,5500.0,4500.0,Rs./Quintal,FAQ
Vamanapuram Market,0.12,Metric Tonnes,Big,6000.0,6500.0,6500.0,Rs./Quintal,FAQ
Vandiperiyar Market,0.05,Metric Tonnes,Big,6000.0,6200.0,6200.0,Rs./Quintal,Grade Range-1
vadakarapathy Market,0.5,Metric Tonnes,Big,4000.0,4500.0,4200.0,Rs./Quintal,FAQ
Total,1080.67,Metric Tonnes,,,,6060.37,Rs./Quintal,
State/UT Name : Madhya Pradesh
Agar(F&V) APMC,6.25,Metric Tonnes,Bellary,5600.0,5600.0,5600.0,Rs./Quintal,Local
Akodiya APMC,36.681000000000004,Metric Tonnes,Small,1278.0,4151.0,3860.0,Rs./Quintal,FAQ
Akodiya APMC,53.73,Metric Tonnes,Big,1300.0,4220.0,3860.0,Rs./Quintal,Non-FAQ
Akodiya APMC,7.970000000000001,Metric Tonnes,Onion,3000.0,4302.0,4302.0,Rs./Quintal,FAQ
Akodiya APMC,719.614,Metric Tonnes,Big,500.0,4670.0,4000.0,Rs./Quintal,FAQ
Akodiya(F&V) APMC,1145.0,Metric Tonnes,Big,1000.0,5100.0,3000.0,Rs./Quintal,Grade B
Ashta (F&V) APMC,199.0,Metric Tonnes,1st Sort,400.0,4570.0,2660.0,Rs./Quintal,Local
Ashta APMC,145.4,Metric Tonnes,Onion,1400.0,4460.0,3900.0,Rs./Quintal,FAQ
Badnagar APMC,8.528,Metric Tonnes,Local,1200.0,2100.0,2100.0,Rs./Quintal,FAQ
Badnagar APMC,142.132,Metric Tonnes,Onion,1350.0,4100.0,3500.0,Rs./Quintal,FAQ
Badnagar APMC,12.365000000000002,Metric Tonnes,Onion-Organic,1821.0,3205.0,3205.0,Rs./Quintal,Non-FAQ
Badnawar APMC,1144.2740000000001,Metric Tonnes,Onion,500.0,4500.0,800.0,Rs./Quintal,FAQ
Badnawar(F&V) APMC,2060.9,Metric Tonnes,Onion,800.0,800.0,800.0,Rs./Quintal,Local
Badwaha (F&V) APMC,0.2,Metric Tonnes,1st Sort,2450.0,3750.0,2900.0,Rs./Quintal,Grade A
Bareli(F&V) APMC,1.84,Metric Tonnes,Local,2300.0,2300.0,2300.0,Rs./Quintal,Grade A
Bhopal APMC,297.93800000000005,Metric Tonnes,Onion,500.0,4600.0,3500.0,Rs./Quintal,FAQ
Bhopal(F&V) APMC,278.5,Metric Tonnes,Other,500.0,4600.0,3000.0,Rs./Quintal,Local
Burhanpur(F&V) APMC,2.3000000000000003,Metric Tonnes,Local,1500.0,3600.0,3200.0,Rs./Quintal,Local
Dewas(F&V) APMC,2.2,Metric Tonnes,Other,1000.0,4000.0,1800.0,Rs./Quintal,FAQ
Dhamnod(F&V) APMC,1.9,Metric Tonnes,Onion,2000.0,3500.0,2800.0,Rs./Quintal,Local
Dhar(F&V) APMC,0.2,Metric Tonnes,Other,2500.0,3400.0,3000.0,Rs./Quintal,Local
Gadarwada (F&V) APMC,1.5,Metric Tonnes,Other,5000.0,5000.0,5000.0,Rs./Quintal,Grade C
Harda(F&V) APMC,1.0,Metric Tonnes,Medium,2500.0,3500.0,3000.0,Rs./Quintal,Medium
Indore APMC,1338.2790000000002,Metric Tonnes,Other,1191.0,4254.0,3965.0,Rs./Quintal,FAQ
Indore APMC,2195.581,Metric Tonnes,Onion,1445.0,4231.0,4023.0,Rs./Quintal,FAQ
Indore APMC,1694.5430000000001,Metric Tonnes,Onion,405.0,4612.0,3950.0,Rs./Quintal,Non-FAQ
Itarsi(F&V) APMC,1.09,Metric Tonnes,Onion,3000.0,3400.0,3200.0,Rs./Quintal,FAQ
Jabalpur(F&V) APMC,124.7,Metric Tonnes,Onion,1000.0,1800.0,1200.0,Rs./Quintal,Medium
Jaora APMC,158.433,Metric Tonnes,Onion,600.0,4500.0,1800.0,Rs./Quintal,FAQ
Kailaras APMC,2.45,Metric Tonnes,Other,2000.0,3500.0,3500.0,Rs./Quintal,FAQ
Kalapipal(F&V) APMC,145.69,Metric Tonnes,Onion,300.0,4430.0,4000.0,Rs./Quintal,FAQ
Katni(F&V) APMC,1.1,Metric Tonnes,Other,1600.0,2000.0,1963.64,Rs./Quintal,Grade C
Khandwa APMC,72.0,Metric Tonnes,Local,1600.0,4550.0,3800.0,Rs./Quintal,FAQ
Khurai(F&V) APMC,1.6,Metric Tonnes,1st Sort,3200.0,3800.0,3500.0,Rs./Quintal,Local
Kukshi(F&V) APMC,0.6000000000000001,Metric Tonnes,Onion,1800.0,3200.0,2500.0,Rs./Quintal,Grade A
Manawar(F&V) APMC,1.0,Metric Tonnes,Onion,2500.0,3500.0,2900.0,Rs./Quintal,Grade B
Mandsaur APMC,44.798,Metric Tonnes,Onion,500.0,4102.0,3392.0,Rs./Quintal,FAQ
Mandsaur APMC,300.777,Metric Tonnes,Onion,100.0,4320.0,3900.0,Rs./Quintal,Non-FAQ
Mhow (Ambedkar Nagar) (F&V) APMC,1.0,Metric Tonnes,Onion,2000.0,4500.0,2350.0,Rs./Quintal,Grade B
Morena APMC,4.0,Metric Tonnes,Nasik,4000.0,4000.0,4000.0,Rs./Quintal,Non-FAQ
Morena(F&V) APMC,8.5,Metric Tonnes,Onion,4500.0,4500.0,4500.0,Rs./Quintal,Non-FAQ
Narmadapuram (F&V) APMC,3.0,Metric Tonnes,Onion,1970.0,3840.0,2230.0,Rs./Quintal,FAQ
Narsinghgarh APMC,336.63100000000003,Metric Tonnes,Onion,200.0,4360.0,3800.0,Rs./Quintal,FAQ
Narsinghgarh APMC,32.0,Metric Tonnes,Onion,1300.0,2100.0,1600.0,Rs./Quintal,Non-FAQ
Neemuch APMC,40.308,Metric Tonnes,Red,600.0,4390.0,4200.0,Rs./Quintal,FAQ
Neemuch(F&V) APMC,20.75,Metric Tonnes,Onion,600.0,4390.0,3500.0,Rs./Quintal,Grade B
Petlawad APMC,0.096,Metric Tonnes,Bellary,3850.0,3850.0,3850.0,Rs./Quintal,FAQ
Petlawad(F&V) APMC,0.096,Metric Tonnes,Other,3850.0,3850.0,3850.0,Rs./Quintal,Grade A
Pipariya(F&V) APMC,1.5,Metric Tonnes,Onion,2800.0,5000.0,4000.0,Rs./Quintal,Local
Ratlam APMC,1.8120000000000003,Metric Tonnes,Hybrid,4150.0,4150.0,4150.0,Rs./Quintal,FAQ
Ratlam APMC,2570.657,Metric Tonnes,Onion,700.0,4700.0,3900.0,Rs./Quintal,FAQ
Ratlam(F&V) APMC,2707.5,Metric Tonnes,Other,1301.0,4701.0,3333.0,Rs./Quintal,FAQ
Sailana APMC,166.659,Metric Tonnes,Onion,700.0,4280.0,3900.0,Rs./Quintal,FAQ
Sailana(F&V) APMC,113.25,Metric Tonnes,Local,1380.0,8560.0,5500.0,Rs./Quintal,Local
Sanawad(F&V) APMC,0.2,Metric Tonnes,Onion,4500.0,5000.0,4800.0,Rs./Quintal,Medium
Sanwer(F&V) APMC,0.1,Metric Tonnes,Onion,2000.0,3800.0,3500.0,Rs./Quintal,FAQ
Sehore APMC,222.48800000000003,Metric Tonnes,Onion,1050.0,4500.0,3000.0,Rs./Quintal,FAQ
Seoni(F&V) APMC,4.85,Metric Tonnes,Medium,1700.0,1700.0,1700.0,Rs./Quintal,Grade C
Shajapur APMC,236.993,Metric Tonnes,Medium,500.0,4235.75,3682.69,Rs./Quintal,Non-FAQ
Shajapur APMC,94.757,Metric Tonnes,Onion,1791.85,4165.0,4129.96,Rs./Quintal,FAQ
Shajapur APMC,1417.2700000000002,Metric Tonnes,Medium,388.0,4251.96,3444.0,Rs./Quintal,FAQ
Shajapur(F&V) APMC,1581.1000000000001,Metric Tonnes,Onion,200.0,4100.0,2500.0,Rs./Quintal,Grade A
Shamgarh APMC,2.5570000000000004,Metric Tonnes,Onion,2301.0,4143.0,4143.0,Rs./Quintal,Non-FAQ
Shamgarh APMC,5.151,Metric Tonnes,Onion,1000.0,3700.0,3700.0,Rs./Quintal,FAQ
Shamgarh(F&V) APMC,1.5,Metric Tonnes,Other,2200.0,2200.0,2200.0,Rs./Quintal,Non-FAQ
Shivpuri APMC,60.800000000000004,Metric Tonnes,Onion,550.0,4250.0,800.0,Rs./Quintal,FAQ
Shujalpur APMC,710.25,Metric Tonnes,Red,150.0,4820.0,3800.0,Rs./Quintal,FAQ
Shujalpur(F&V) APMC,562.15,Metric Tonnes,Onion,1000.0,4820.0,4000.0,Rs./Quintal,FAQ
Soyatkalan APMC,4.2909999999999995,Metric Tonnes,Onion,500.0,3000.0,2100.0,Rs./Quintal,Non-FAQ
Soyatkalan APMC,103.31,Metric Tonnes,Onion,210.0,4500.0,3900.0,Rs./Quintal,FAQ
Thandla APMC,0.93,Metric Tonnes,Onion,900.0,1400.0,1100.0,Rs./Quintal,FAQ
Total,23368.52,Metric Tonnes,,,,3188.92,Rs./Quintal,
State/UT Name : Maharashtra
APMC Ahilyanagar ,4169.8,Metric Tonnes,Unhali,1000.0,5000.0,3000.0,Rs./Quintal,Local
APMC Chandwad ,538.0,Metric Tonnes,Unhali,1310.0,5260.0,4470.0,Rs./Quintal,Local
APMC Chattrapati Sambhajinagar ,149.2,Metric Tonnes,Other,2000.0,5100.0,3550.0,Rs./Quintal,Local
APMC Devala ,532.3,Metric Tonnes,Unhali,1000.0,5000.0,4580.0,Rs./Quintal,Local
APMC Dindori ,25.9,Metric Tonnes,Unhali,3900.0,5225.0,4450.0,Rs./Quintal,Local
APMC Gangapur ,396.4,Metric Tonnes,Unhali,905.0,5360.0,3814.0,Rs./Quintal,Local
APMC Hingna,3.7,Metric Tonnes,Red,5000.0,5000.0,5000.0,Rs./Quintal,Local
APMC Jalgaon ,49.0,Metric Tonnes,Red,1375.0,4750.0,3075.0,Rs./Quintal,Local
APMC Kalvan ,1290.0,Metric Tonnes,Unhali,2000.0,5535.0,4600.0,Rs./Quintal,Local
APMC Kalyan ,0.3,Metric Tonnes,1st Sort,3700.0,5000.0,4350.0,Rs./Quintal,Local
APMC Kamthi ,0.3,Metric Tonnes,Local,4500.0,5000.0,4850.0,Rs./Quintal,Local
APMC Karad ,9.9,Metric Tonnes,Halva,3000.0,5200.0,5200.0,Rs./Quintal,Local
APMC Khed ,1.7,Metric Tonnes,Fursungi,2500.0,5000.0,3500.0,Rs./Quintal,Local
APMC Kolhapur ,491.7,Metric Tonnes,Other,1200.0,5200.0,3000.0,Rs./Quintal,Local
APMC Kopargaon ,480.0,Metric Tonnes,Unhali,1500.0,4820.0,4350.0,Rs./Quintal,Local
APMC Lasalgaon ,968.0,Metric Tonnes,Unhali,1500.0,4999.0,4550.0,Rs./Quintal,Local
APMC Lasur Station ,950.0,Metric Tonnes,Other,1505.0,5000.0,3400.0,Rs./Quintal,Local
APMC Lonand ,10.5,Metric Tonnes,Unhali,2000.0,5000.0,3700.0,Rs./Quintal,Local
APMC Mangal Wedha ,10.7,Metric Tonnes,Local,1400.0,5525.0,4350.0,Rs./Quintal,Local
APMC Manmad ,298.1,Metric Tonnes,Unhali,1330.0,4720.0,4400.0,Rs./Quintal,Local
APMC Nagpur ,182.0,Metric Tonnes,Red,4000.0,5000.0,4750.0,Rs./Quintal,Local
APMC Nagpur ,182.0,Metric Tonnes,White,4500.0,5500.0,5250.0,Rs./Quintal,Local
APMC Nampur,487.4,Metric Tonnes,Unhali,715.0,5250.0,4600.0,Rs./Quintal,Local
APMC Nandgaon ,236.6,Metric Tonnes,Unhali,400.0,4771.0,4050.0,Rs./Quintal,Local
APMC Nasik ,240.7,Metric Tonnes,Unhali,2100.0,4800.0,4250.0,Rs./Quintal,Local
APMC Paithan ,57.3,Metric Tonnes,Unhali,2655.0,4685.0,4200.0,Rs./Quintal,Local
APMC Pimpalgaon Baswant ,1711.4,Metric Tonnes,Unhali,1800.0,5959.0,4700.0,Rs./Quintal,Local
APMC Pune ,865.9,Metric Tonnes,Local,1000.0,5000.0,3000.0,Rs./Quintal,Local
APMC Sakri ,781.0,Metric Tonnes,Unhali,3700.0,5000.0,4400.0,Rs./Quintal,Local
APMC Sangamner ,322.8,Metric Tonnes,Unhali,1500.0,5500.0,3500.0,Rs./Quintal,Local
APMC Satana ,905.0,Metric Tonnes,Unhali,1505.0,5480.0,4500.0,Rs./Quintal,Local
APMC Satara ,19.4,Metric Tonnes,Other,1500.0,4500.0,3000.0,Rs./Quintal,Local
APMC Shevgaon ,45.0,Metric Tonnes,Other,1500.0,3100.0,2600.0,Rs./Quintal,Local
APMC Shevgaon ,72.0,Metric Tonnes,2nd Sort,3200.0,4100.0,3800.0,Rs./Quintal,Local
APMC Shevgaon ,53.0,Metric Tonnes,1st Sort,4200.0,5500.0,4600.0,Rs./Quintal,Local
APMC Sinner ,124.6,Metric Tonnes,Unhali,1500.0,4698.0,4300.0,Rs./Quintal,Local
APMC Solapur ,1673.3,Metric Tonnes,Red,500.0,6300.0,3300.0,Rs./Quintal,Local
APMC Umrane,1950.0,Metric Tonnes,Unhali,1500.0,5200.0,4500.0,Rs./Quintal,Local
APMC Vaduj ,13.0,Metric Tonnes,Local,4000.0,5000.0,4500.0,Rs./Quintal,Local
APMC Vaijpur ,380.9,Metric Tonnes,Unhali,1500.0,4805.0,4000.0,Rs./Quintal,Local
APMC Vita ,2.0,Metric Tonnes,Other,4500.0,5500.0,4800.0,Rs./Quintal,Local
APMC Yeola ,635.8,Metric Tonnes,Unhali,801.0,5000.0,4500.0,Rs./Quintal,Local
Amrawati(Frui & Veg. Market) ,14.9,Metric Tonnes,Local,2500.0,5400.0,3950.0,Rs./Quintal,Local
Chandrapur(Ganjwad) ,34.0,Metric Tonnes,Other,4500.0,5600.0,5000.0,Rs./Quintal,Local
Dindori(Vani) ,181.2,Metric Tonnes,Unhali,4301.0,5401.0,4811.0,Rs./Quintal,Local
Junnar(Narayangaon) ,2.5,Metric Tonnes,Chinchwad,1200.0,4800.0,3000.0,Rs./Quintal,Local
Lasalgaon(Niphad) ,619.5,Metric Tonnes,Unhali,1200.0,4891.0,4550.0,Rs./Quintal,Local
Lasalgaon(Vinchur) ,686.8,Metric Tonnes,Unhali,1200.0,5001.0,4450.0,Rs./Quintal,Local
"Laxmi-Sopan Agriculture Produce Marketing Co Ltd, Barshi, Dist Solapur",0.2,Metric Tonnes,Other,900.0,5000.0,4200.0,Rs./Quintal,Local
"Malharshree Khajgi Krushi Utpann Bajar, Chandanpuri Tal Malegaon, Nashik",24.1,Metric Tonnes,Other,1954.0,4514.0,3810.0,Rs./Quintal,Local
Mumbai-Onion & Potato Market ,1683.6,Metric Tonnes,Other,3500.0,4700.0,4100.0,Rs./Quintal,Local
Newasa(Ghodegaon) ,2001.9,Metric Tonnes,Unhali,1500.0,5000.0,4000.0,Rs./Quintal,Local
Pimpalgaon Baswant(Saykheda) ,322.3,Metric Tonnes,Unhali,2000.0,4611.0,4101.0,Rs./Quintal,Local
"Prasanna Krushi Market, Tal Parnet, Dist Ahilyanagar",8.42,Metric Tonnes,Other,600.0,5250.0,2925.0,Rs./Quintal,Local
"Pratap Nana Mahale Khajgi Krushi Uttpana Bazar, Samati-Dhule",1.33,Metric Tonnes,Red,3750.0,3750.0,3750.0,Rs./Quintal,Local
"Pratap Nana Mahale Khajgi Krushi Uttpana Bazar, Samati-Dhule",115.75,Metric Tonnes,Other,1780.0,4640.0,3963.41,Rs./Quintal,Local
Pune(Khadiki) ,1.1,Metric Tonnes,Local,1000.0,1700.0,1350.0,Rs./Quintal,Local
Pune(Manjri) ,14.0,Metric Tonnes,Local,3000.0,5000.0,4000.0,Rs./Quintal,Local
Pune(Moshi) ,49.7,Metric Tonnes,Local,2000.0,4800.0,3400.0,Rs./Quintal,Local
Pune(Pimpri) ,1.7,Metric Tonnes,Local,2400.0,4600.0,3500.0,Rs./Quintal,Local
Rahuri(Vambori) ,502.8,Metric Tonnes,Unhali,500.0,5200.0,3900.0,Rs./Quintal,Local
"Sangli(Phale, Bhajipala Market) ",246.3,Metric Tonnes,Local,1800.0,5100.0,3450.0,Rs./Quintal,Local
Shivsiddha Govind Producer Company Ltd Sanchalit Khajgi Krushi Utpann Bajar Samati-Abhona-Kalwan,1273.9,Metric Tonnes,Other,1300.0,6011.0,4650.0,Rs./Quintal,Local
"Shree Sairaj Krushi Market, Dist Ahilyanagar",55.81,Metric Tonnes,Local,1000.0,5100.0,3100.0,Rs./Quintal,Local
"Shri Rameshwar Krushi Market, M.Nagar, Tal Deola, Dist Nashik",886.92,Metric Tonnes,Other,1111.0,5751.0,4144.07,Rs./Quintal,Local
Total,30045.33,Metric Tonnes,,,,4007.95,Rs./Quintal,
State/UT Name : Manipur
Bishenpur APMC,1.7,Metric Tonnes,Onion,6500.0,7000.0,6750.0,Rs./Quintal,FAQ
Imphal APMC,4.4,Metric Tonnes,Other,5300.0,6000.0,5700.0,Rs./Quintal,FAQ
Kakching Market APMC,0.7,Metric Tonnes,Red,6000.0,6500.0,6250.0,Rs./Quintal,FAQ
Lamlong Bazaar APMC,1.8,Metric Tonnes,Onion,5500.0,6000.0,5750.0,Rs./Quintal,FAQ
Thoubal APMC,1.6,Metric Tonnes,Other,6500.0,7000.0,6750.0,Rs./Quintal,FAQ
Total,10.2,Metric Tonnes,,,,6086.27,Rs./Quintal,
State/UT Name : Meghalaya
Jowai APMC,1.0,Metric Tonnes,Local,6000.0,7000.0,6500.0,Rs./Quintal,Local
Total,1.0,Metric Tonnes,,,,6500.0,Rs./Quintal,
State/UT Name : NCT of Delhi
APMC Azadpur,354.2,Metric Tonnes,Onion,2000.0,4500.0,3297.0,Rs./Quintal,FAQ
APMC Keshopur,95.07400000000001,Metric Tonnes,Onion,2700.0,4700.0,4300.0,Rs./Quintal,FAQ
"Fruit&Vegetable Market,Gazipur APMC",215.5,Metric Tonnes,Onion,4200.0,4600.0,4400.0,Rs./Quintal,FAQ
Total,664.77,Metric Tonnes,,,,3798.01,Rs./Quintal,
State/UT Name : Odisha
Angul APMC,5.2,Metric Tonnes,Other,3500.0,3500.0,3500.0,Rs./Quintal,Grade B
Balugaon APMC,2.0,Metric Tonnes,Other,2400.0,2400.0,2400.0,Rs./Quintal,Grade A
Bargarh APMC,288.0,Metric Tonnes,Onion,2500.0,3500.0,3000.0,Rs./Quintal,Local
Bargarh(Barapalli) APMC,164.0,Metric Tonnes,Onion,2000.0,3000.0,2500.0,Rs./Quintal,Medium
Birmaharajpur APMC,1.7000000000000002,Metric Tonnes,Onion,5200.0,5700.0,5500.0,Rs./Quintal,Local
Bolangir APMC,3.5,Metric Tonnes,Other,4600.0,5500.0,5000.0,Rs./Quintal,Medium
Boudh APMC,2.0,Metric Tonnes,Other,5000.0,6000.0,5500.0,Rs./Quintal,Local
Chandabali APMC,19.0,Metric Tonnes,Other,3800.0,4200.0,4050.0,Rs./Quintal,Grade Range-2
Dungurapalli APMC,0.22999999999999998,Metric Tonnes,Other,5000.0,5000.0,5000.0,Rs./Quintal,Local
Hindol APMC,1.1,Metric Tonnes,Other,4500.0,5000.0,4800.0,Rs./Quintal,Grade B
Jharsuguda APMC,0.7000000000000001,Metric Tonnes,Other,4000.0,5000.0,4000.0,Rs./Quintal,Grade A
Kamakhyanagar APMC,4.0,Metric Tonnes,Onion,11000.0,11000.0,11000.0,Rs./Quintal,Grade A
Keonjhar APMC,0.5,Metric Tonnes,Other,4000.0,4500.0,4500.0,Rs./Quintal,Non-FAQ
Khariar APMC,400.0,Metric Tonnes,Dry F.A.Q.,4000.0,4000.0,4000.0,Rs./Quintal,Grade A
Khariar Road APMC,0.6,Metric Tonnes,Onion,3500.0,3500.0,3500.0,Rs./Quintal,Grade A
Pandkital APMC,0.26,Metric Tonnes,Other,4580.0,5200.0,5000.0,Rs./Quintal,Local
Rairakhol APMC,0.8,Metric Tonnes,Onion,4000.0,4500.0,4500.0,Rs./Quintal,Grade B
Sargipali APMC,2.2,Metric Tonnes,Other,4400.0,5000.0,4500.0,Rs./Quintal,FAQ
Talcher APMC,2.0,Metric Tonnes,Other,3700.0,4250.0,4000.0,Rs./Quintal,Large
Tusura APMC,3.2,Metric Tonnes,Other,4600.0,5500.0,5000.0,Rs./Quintal,Medium
Udala APMC,3.0,Metric Tonnes,Onion,4500.0,5500.0,5000.0,Rs./Quintal,FAQ
Total,903.99,Metric Tonnes,,,,3454.88,Rs./Quintal,
State/UT Name : Punjab
Abohar APMC,11.0,Metric Tonnes,Onion,3000.0,4500.0,4000.0,Rs./Quintal,Medium
Adampur APMC,1.5,Metric Tonnes,Onion,4000.0,4300.0,4300.0,Rs./Quintal,FAQ
Ahmedgarh APMC,0.1,Metric Tonnes,Other,5000.0,5500.0,5500.0,Rs./Quintal,Medium
Ajnala APMC,1.0,Metric Tonnes,Onion,4200.0,4200.0,4200.0,Rs./Quintal,Local
Baghapurana APMC,0.8,Metric Tonnes,Onion,4000.0,5000.0,4500.0,Rs./Quintal,Grade B
Balachaur APMC,3.7479999999999998,Metric Tonnes,Other,3000.0,4000.0,3500.0,Rs./Quintal,Medium
Bassi Pathana APMC,1.0,Metric Tonnes,Onion,5000.0,5500.0,5200.0,Rs./Quintal,Medium
Bathinda APMC,270.0,Metric Tonnes,Other,3000.0,3200.0,3100.0,Rs./Quintal,Grade B
Bhagta Bhai Ka APMC,0.3,Metric Tonnes,Other,4700.0,4700.0,4700.0,Rs./Quintal,Medium
Bhucho APMC,0.4,Metric Tonnes,Onion,4000.0,4000.0,4000.0,Rs./Quintal,Local
Budalada APMC,3.0,Metric Tonnes,Onion,4500.0,4500.0,4500.0,Rs./Quintal,Medium
Dasuya APMC,2.0,Metric Tonnes,Onion,5500.0,5500.0,5500.0,Rs./Quintal,FAQ
Dera Baba Nanak APMC,0.108,Metric Tonnes,Other,3352.0,3352.0,3352.0,Rs./Quintal,Grade B
Dera Bassi APMC,1.2,Metric Tonnes,Onion,2900.0,2900.0,2900.0,Rs./Quintal,Local
Dharamkot APMC,0.4,Metric Tonnes,Other,4500.0,5000.0,5000.0,Rs./Quintal,Grade A
Dhariwal APMC,5.5,Metric Tonnes,Onion,1850.0,1850.0,1850.0,Rs./Quintal,Grade A
Dhuri APMC,1.0,Metric Tonnes,Other,4400.0,4600.0,4500.0,Rs./Quintal,Medium
Dinanagar APMC,1.35,Metric Tonnes,Other,4600.0,4800.0,4700.0,Rs./Quintal,Medium
Doraha APMC,1.875,Metric Tonnes,Medium,3500.0,4000.0,3800.0,Rs./Quintal,Local
Dudhansadhan APMC,0.6,Metric Tonnes,Other,5000.0,5000.0,5000.0,Rs./Quintal,Grade B
F.G.Churian APMC,0.3,Metric Tonnes,Onion,5000.0,5000.0,5000.0,Rs./Quintal,Grade A
Faridkot APMC,7.28,Metric Tonnes,Onion,4400.0,4400.0,4400.0,Rs./Quintal,Grade A
Fazilka APMC,6.031,Metric Tonnes,Onion,4800.0,4800.0,4800.0,Rs./Quintal,FAQ
Ferozepur Cantt. APMC,0.18,Metric Tonnes,Onion,2900.0,3100.0,3000.0,Rs./Quintal,Grade A
Garh Shankar APMC,7.8,Metric Tonnes,Onion,4000.0,4000.0,4000.0,Rs./Quintal,FAQ
Garh Shankar(Mahalpur) APMC,7.2,Metric Tonnes,Onion,3800.0,3800.0,3800.0,Rs./Quintal,FAQ
GarhShankar (Kotfatuhi) APMC,0.4,Metric Tonnes,Other,4000.0,4000.0,4000.0,Rs./Quintal,FAQ
Ghanaur APMC,0.2,Metric Tonnes,Other,3000.0,4000.0,3500.0,Rs./Quintal,FAQ
Giddarbaha APMC,1.8,Metric Tonnes,Onion,4500.0,4500.0,4500.0,Rs./Quintal,FAQ
Goraya APMC,0.1,Metric Tonnes,Other,3000.0,3000.0,3000.0,Rs./Quintal,Local
Jagraon APMC,3.0,Metric Tonnes,Other,2500.0,2500.0,2500.0,Rs./Quintal,FAQ
Jalalabad APMC,3.7,Metric Tonnes,Other,4500.0,4800.0,4700.0,Rs./Quintal,Medium
Jalandhar City(Jalandhar) APMC,151.6,Metric Tonnes,Other,1200.0,3800.0,2500.0,Rs./Quintal,FAQ
Kapurthala APMC,10.0,Metric Tonnes,Onion,2100.0,2300.0,2200.0,Rs./Quintal,Small
Khanna APMC,39.4,Metric Tonnes,Onion,3000.0,3000.0,3000.0,Rs./Quintal,Grade A
Kurali APMC,3.4000000000000004,Metric Tonnes,Other,3500.0,3700.0,3600.0,Rs./Quintal,Medium
Lalru APMC,3.2,Metric Tonnes,Other,4200.0,4200.0,4200.0,Rs./Quintal,Local
Lehra Gaga APMC,2.0,Metric Tonnes,Other,4000.0,4000.0,4000.0,Rs./Quintal,Grade A
Ludhiana APMC,186.9,Metric Tonnes,Other,1300.0,4700.0,3000.0,Rs./Quintal,FAQ
Malerkotla APMC,25.0,Metric Tonnes,Other,3000.0,3800.0,3500.0,Rs./Quintal,Local
Malout APMC,30.21,Metric Tonnes,Onion,3000.0,3000.0,3000.0,Rs./Quintal,Grade A
Mansa APMC,11.0,Metric Tonnes,Nasik,5000.0,5000.0,5000.0,Rs./Quintal,FAQ
Maur APMC,1.0,Metric Tonnes,Other,3800.0,4200.0,4000.0,Rs./Quintal,Grade B
Moga APMC,15.5,Metric Tonnes,Red,3500.0,4800.0,4200.0,Rs./Quintal,Medium
Moga APMC,18.0,Metric Tonnes,Red,3500.0,4500.0,4000.0,Rs./Quintal,Local
Mukerian APMC,2.9800000000000004,Metric Tonnes,Onion,3800.0,4600.0,4200.0,Rs./Quintal,Grade B
Mukerian(Talwara) APMC,0.7000000000000001,Metric Tonnes,Onion,4000.0,5000.0,4500.0,Rs./Quintal,FAQ
Muktsar APMC,13.5,Metric Tonnes,Onion,2500.0,4400.0,3500.0,Rs./Quintal,Medium
Nabha APMC,15.3,Metric Tonnes,Other,3500.0,4600.0,4100.0,Rs./Quintal,Grade C
Nawan Shahar(Subzi Mandi) APMC,2.5500000000000003,Metric Tonnes,Onion,3800.0,4000.0,3900.0,Rs./Quintal,FAQ
Nihal Singh Wala APMC,0.45,Metric Tonnes,Onion,4300.0,4300.0,4300.0,Rs./Quintal,FAQ
Pathankot APMC,30.0,Metric Tonnes,Onion,4800.0,4800.0,4800.0,Rs./Quintal,Medium
Patiala APMC,49.0,Metric Tonnes,Local,3300.0,4000.0,3600.0,Rs./Quintal,Grade A
Patran APMC,80.0,Metric Tonnes,Other,2789.0,2789.0,2789.0,Rs./Quintal,Grade A
Patti APMC,0.86,Metric Tonnes,Other,0.15,0.15,0.15,Rs./Quintal,Local
Phagwara APMC,30.3,Metric Tonnes,Other,3600.0,4660.0,4019.0,Rs./Quintal,FAQ
Phillaur APMC,0.7000000000000001,Metric Tonnes,Other,4800.0,4800.0,4800.0,Rs./Quintal,FAQ
Phillaur(Apra Mandi) APMC,0.1,Metric Tonnes,Other,5000.0,5000.0,5000.0,Rs./Quintal,FAQ
Quadian APMC,1.2000000000000002,Metric Tonnes,Other,3200.0,3500.0,3300.0,Rs./Quintal,Grade A
Raikot APMC,3.0,Metric Tonnes,Nasik,3730.0,3730.0,3730.0,Rs./Quintal,Grade A
Raman APMC,0.5,Metric Tonnes,Other,4215.0,4505.0,4355.0,Rs./Quintal,Medium
Rampuraphul(Nabha Mandi) APMC,3.5,Metric Tonnes,Other,3500.0,4500.0,4000.0,Rs./Quintal,Grade A
Rayya APMC,0.035,Metric Tonnes,Other,1410.0,1410.0,1410.0,Rs./Quintal,FAQ
Ropar APMC,105.0,Metric Tonnes,Nasik,4000.0,4400.0,4200.0,Rs./Quintal,Non-FAQ
Samana APMC,70.0,Metric Tonnes,Other,3000.0,5800.0,3500.0,Rs./Quintal,Grade Range-2
Samrala APMC,2.0,Metric Tonnes,Other,4500.0,6000.0,5000.0,Rs./Quintal,Local
Sangrur APMC,12.0,Metric Tonnes,Nasik,2000.0,3000.0,2500.0,Rs./Quintal,Grade B
Sirhind APMC,7.4,Metric Tonnes,Other,4000.0,4700.0,4300.0,Rs./Quintal,FAQ
Talwandi Sabo APMC,0.2,Metric Tonnes,Other,4800.0,5300.0,5000.0,Rs./Quintal,Grade A
Tanda Urmur APMC,3.3000000000000003,Metric Tonnes,Nasik,4800.0,5500.0,5000.0,Rs./Quintal,Grade A
Tarantaran APMC,0.5,Metric Tonnes,Other,2650.0,2650.0,2650.0,Rs./Quintal,Local
Zira APMC,0.529,Metric Tonnes,Other,4600.0,4600.0,4600.0,Rs./Quintal,Local
Total,1277.69,Metric Tonnes,,,,3319.07,Rs./Quintal,
State/UT Name : Rajasthan
Ajmer(F&V) APMC,56.300000000000004,Metric Tonnes,Other,2500.0,5000.0,4000.0,Rs./Quintal,Medium
Alwar APMC,36.9,Metric Tonnes,Other,3500.0,4500.0,4000.0,Rs./Quintal,Medium
Bassi APMC,0.30000000000000004,Metric Tonnes,Other,4400.0,4800.0,4600.0,Rs./Quintal,Local
Bayana APMC,2.0,Metric Tonnes,Onion,2200.0,2200.0,2200.0,Rs./Quintal,Local
Bhadara APMC,0.7,Metric Tonnes,1st Sort,4000.0,4500.0,4286.0,Rs./Quintal,FAQ
Bhilwara APMC,10.600000000000001,Metric Tonnes,Other,2500.0,4500.0,3500.0,Rs./Quintal,FAQ
Churu APMC,1.5,Metric Tonnes,1st Sort,2700.0,2900.0,2800.0,Rs./Quintal,FAQ
Dablirathan APMC,0.2,Metric Tonnes,1st Sort,3000.0,3500.0,3250.0,Rs./Quintal,Local
Goluwala APMC,0.15800000000000003,Metric Tonnes,1st Sort,4200.0,4700.0,4700.0,Rs./Quintal,Non-FAQ
HanumangarhTown APMC,45.900000000000006,Metric Tonnes,1st Sort,2900.0,2900.0,2900.0,Rs./Quintal,Non-FAQ
Jaipur (F&V) APMC,289.7,Metric Tonnes,Other,2000.0,5000.0,3500.0,Rs./Quintal,FAQ
Jaisalmer APMC,2.0,Metric Tonnes,Onion,3000.0,4000.0,3500.0,Rs./Quintal,Grade A
Jalore APMC,2.4000000000000004,Metric Tonnes,Onion,2800.0,3200.0,3000.0,Rs./Quintal,Local
Jodhpur (F&V) APMC,271.0,Metric Tonnes,Medium,1000.0,3800.0,2400.0,Rs./Quintal,Medium
Kota (F&V) APMC,108.9,Metric Tonnes,Other,4300.0,4300.0,4300.0,Rs./Quintal,Medium
Nawalgarh APMC,0.3,Metric Tonnes,Red,2270.0,2270.0,2270.0,Rs./Quintal,Local
Pratapgarh APMC,46.1,Metric Tonnes,Other,1260.0,4300.0,3400.0,Rs./Quintal,FAQ
Rajsamand APMC,6.1000000000000005,Metric Tonnes,Onion,2000.0,3000.0,2500.0,Rs./Quintal,FAQ
Rawatsar APMC,1.3,Metric Tonnes,1st Sort,1000.0,2000.0,1500.0,Rs./Quintal,FAQ
Sangriya APMC,0.5,Metric Tonnes,Onion,2500.0,4100.0,3200.0,Rs./Quintal,Local
Sikar APMC,111.2,Metric Tonnes,Onion,2000.0,3600.0,2800.0,Rs./Quintal,FAQ
Sriganganagar (F&V) APMC,29.0,Metric Tonnes,Onion,4100.0,4500.0,4300.0,Rs./Quintal,Grade B
Sujangarh APMC,0.6000000000000001,Metric Tonnes,Other,800.0,1000.0,900.0,Rs./Quintal,Local
Udaipur (F&V) APMC,29.3,Metric Tonnes,Other,1500.0,4500.0,3000.0,Rs./Quintal,Medium
Total,1052.96,Metric Tonnes,,,,3233.67,Rs./Quintal,
State/UT Name : Tamil Nadu
AJattihalli(Uzhavar Sandhai ),0.54,Metric Tonnes,Bellary,5500.0,6200.0,5850.0,Rs./Quintal,Local
Alangudi(Uzhavar Sandhai ),0.1,Metric Tonnes,Bellary,6000.0,7000.0,6500.0,Rs./Quintal,Local
Ambattur(Uzhavar Sandhai ),0.05,Metric Tonnes,Bellary,5500.0,5500.0,5500.0,Rs./Quintal,Local
Ammapet(Uzhavar Sandhai ),0.25,Metric Tonnes,Bellary,5600.0,6000.0,5800.0,Rs./Quintal,Local
Anaiyur(Uzhavar Sandhai ),0.65,Metric Tonnes,Bellary,6000.0,6500.0,6250.0,Rs./Quintal,Local
Andipatti(Uzhavar Sandhai ),0.75,Metric Tonnes,Bellary,5800.0,6000.0,5900.0,Rs./Quintal,Local
Anna nagar(Uzhavar Sandhai ),1.69,Metric Tonnes,Bellary,6000.0,6800.0,6400.0,Rs./Quintal,Local
Arani(Uzhavar Sandhai ),0.9,Metric Tonnes,Bellary,5000.0,6000.0,5500.0,Rs./Quintal,Local
Aranthangi(Uzhavar Sandhai ),0.09,Metric Tonnes,Bellary,6000.0,7000.0,6500.0,Rs./Quintal,Local
Arcot(Uzhavar Sandhai ),0.75,Metric Tonnes,Bellary,5000.0,5600.0,5300.0,Rs./Quintal,Local
Ariyalur(Uzhavar Sandhai),0.14,Metric Tonnes,Bellary,4500.0,5000.0,4750.0,Rs./Quintal,Local
Aruppukottai(Uzhavar Sandhai ),0.64,Metric Tonnes,Bellary,5000.0,6000.0,5500.0,Rs./Quintal,Local
Athur(Uzhavar Sandhai ),0.69,Metric Tonnes,Bellary,5500.0,6500.0,6000.0,Rs./Quintal,Local
Avallapalli(Uzhavar Sandhai ),0.25,Metric Tonnes,Bellary,6000.0,6500.0,6250.0,Rs./Quintal,Local
Bodinayakanur(Uzhavar Sandhai ),0.28,Metric Tonnes,Bellary,6000.0,6000.0,6000.0,Rs./Quintal,Local
Chengalpet(Uzhavar Sandhai ),0.53,Metric Tonnes,Bellary,5000.0,6000.0,5500.0,Rs./Quintal,Local
Chengam(Uzhavar Sandhai ),0.22,Metric Tonnes,Bellary,4000.0,5000.0,4500.0,Rs./Quintal,Local
Cheyyar(Uzhavar Sandhai ),0.2,Metric Tonnes,Bellary,5000.0,6000.0,5500.0,Rs./Quintal,Local
Chidambaram(Uzhavar Sandhai ),0.02,Metric Tonnes,Bellary,5000.0,5000.0,5000.0,Rs./Quintal,Local
Chinnalapatti(Uzhavar Sandhai ),0.52,Metric Tonnes,Bellary,6000.0,6500.0,6250.0,Rs./Quintal,Local
Chinnamanur(Uzhavar Sandhai ),1.0,Metric Tonnes,Bellary,6400.0,6400.0,6400.0,Rs./Quintal,Local
Chokkikulam(Uzhavar Sandhai ),1.5,Metric Tonnes,Bellary,4000.0,6500.0,5250.0,Rs./Quintal,Local
Coonoor(Uzhavar Sandhai ),1.65,Metric Tonnes,Bellary,6000.0,6400.0,6200.0,Rs./Quintal,Local
Cuddalore(Uzhavar Sandhai ),0.4,Metric Tonnes,Bellary,5000.0,6000.0,5500.0,Rs./Quintal,Local
Denkanikottai(Uzhavar Sandhai ),0.25,Metric Tonnes,Bellary,6000.0,6500.0,6250.0,Rs./Quintal,Local
Devakottai (Uzhavar Sandhai ),0.22,Metric Tonnes,Bellary,6200.0,6800.0,6500.0,Rs./Quintal,Local
Devaram(Uzhavar Sandhai ),0.16,Metric Tonnes,Bellary,6000.0,6000.0,6000.0,Rs./Quintal,Local
Dharapuram(Uzhavar Sandhai ),0.9,Metric Tonnes,Bellary,6000.0,6500.0,6250.0,Rs./Quintal,Local
Dharmapuri(Uzhavar Sandhai ),1.04,Metric Tonnes,Bellary,5800.0,6200.0,6000.0,Rs./Quintal,Local
Dindigul(Uzhavar Sandhai ),1.1,Metric Tonnes,Bellary,6000.0,6500.0,6250.0,Rs./Quintal,Local
Edapadi (Uzhavar Sandhai ),0.3,Metric Tonnes,Bellary,6000.0,6500.0,6250.0,Rs./Quintal,Local
Elampillai(Uzhavar Sandhai ),0.45,Metric Tonnes,Bellary,6000.0,6500.0,6250.0,Rs./Quintal,Local
Gandarvakottai(Uzhavar Sandhai ),0.24,Metric Tonnes,Bellary,6000.0,7000.0,6500.0,Rs./Quintal,Local
Gandhigramam(Uzhavar Sandhai),0.32,Metric Tonnes,Bellary,5500.0,6000.0,5750.0,Rs./Quintal,Local
Gingee(Uzhavar Sandhai ),0.2,Metric Tonnes,Bellary,5000.0,6000.0,5500.0,Rs./Quintal,Local
Gobichettipalayam(Uzhavar Sandhai ),0.46,Metric Tonnes,Bellary,6500.0,7000.0,6750.0,Rs./Quintal,Local
Gudalur(Uzhavar Sandhai ),0.04,Metric Tonnes,Bellary,5500.0,6000.0,5750.0,Rs./Quintal,Local
Gudiyatham(Uzhavar Sandhai ),0.18,Metric Tonnes,Bellary,5600.0,5600.0,5600.0,Rs./Quintal,Local
Guduvancheri(Uzhavar Sandhai ),0.22,Metric Tonnes,Bellary,5000.0,6000.0,5500.0,Rs./Quintal,Local
Harur(Uzhavar Sandhai ),0.24,Metric Tonnes,Bellary,5000.0,6000.0,5500.0,Rs./Quintal,Local
Hasthampatti(Uzhavar Sandhai ),0.43,Metric Tonnes,Bellary,5500.0,6000.0,5750.0,Rs./Quintal,Local
Hosur(Uzhavar Sandhai ),2.31,Metric Tonnes,Bellary,6000.0,6500.0,6250.0,Rs./Quintal,Local
Jalagandapuram(Uzhavar Sandhai ),0.12,Metric Tonnes,Bellary,6000.0,6500.0,6250.0,Rs./Quintal,Local
Jameenrayapettai(Uzhavar Sandhai ),0.62,Metric Tonnes,Bellary,5000.0,6000.0,5500.0,Rs./Quintal,Local
Jeyankondam (Uzhavar Sandhai ),0.01,Metric Tonnes,Bellary,5500.0,6000.0,5750.0,Rs./Quintal,Local
KKNagar(Uzhavar Sandhai ),1.6,Metric Tonnes,Bellary,6000.0,6800.0,6400.0,Rs./Quintal,Local
Kahithapattarai(Uzhavar Sandhai ),0.9,Metric Tonnes,Bellary,6000.0,6000.0,6000.0,Rs./Quintal,Local
Kallakurichi(Uzhavar Sandhai ),0.21,Metric Tonnes,Bellary,6000.0,6000.0,6000.0,Rs./Quintal,Local
Kambam(Uzhavar Sandhai ),1.5,Metric Tonnes,Bellary,6000.0,6000.0,6000.0,Rs./Quintal,Local
Kancheepuram(Uzhavar Sandhai ),0.6,Metric Tonnes,Bellary,5200.0,6000.0,5600.0,Rs./Quintal,Local
Kangayam(Uzhavar Sandhai ),0.49,Metric Tonnes,Bellary,4700.0,5000.0,4850.0,Rs./Quintal,Local
Karaikudi(Uzhavar Sandhai ),0.33,Metric Tonnes,Bellary,5000.0,6800.0,5900.0,Rs./Quintal,Local
Karambakkudi(Uzhavar Sandhai ),0.17,Metric Tonnes,Bellary,6000.0,7000.0,6500.0,Rs./Quintal,Local
Karimangalam(Uzhavar Sandhai),0.12,Metric Tonnes,Bellary,5500.0,6000.0,5750.0,Rs./Quintal,Local
Kariyapatti(Uzhavar Sandhai ),0.34,Metric Tonnes,Bellary,5500.0,6000.0,5750.0,Rs./Quintal,Local
Karur(Uzhavar Sandhai ),0.35,Metric Tonnes,Bellary,5500.0,6000.0,5750.0,Rs./Quintal,Local
Katpadi (Uzhavar Sandhai ),1.2,Metric Tonnes,Bellary,6200.0,6200.0,6200.0,Rs./Quintal,Local
Kaveripattinam(Uzhavar Sandhai ),0.3,Metric Tonnes,Bellary,5500.0,5500.0,5500.0,Rs./Quintal,Local
Keelpennathur(Uzhavar Sandhai ),0.03,Metric Tonnes,Bellary,5500.0,6000.0,5750.0,Rs./Quintal,Local
Kovilpatti(Uzhavar Sandhai ),0.34,Metric Tonnes,Bellary,5500.0,6000.0,5750.0,Rs./Quintal,Local
Krishnagiri(Uzhavar Sandhai ),1.73,Metric Tonnes,Bellary,5000.0,6000.0,5500.0,Rs./Quintal,Local
Kulithalai(Uzhavar Sandhai ),0.66,Metric Tonnes,Bellary,5000.0,6000.0,5500.0,Rs./Quintal,Local
Kumarapalayam(Uzhavar Sandhai ),0.17,Metric Tonnes,Bellary,2800.0,3000.0,2900.0,Rs./Quintal,Local
Kumbakonam (Uzhavar Sandhai ),1.3,Metric Tonnes,Bellary,4800.0,7200.0,6000.0,Rs./Quintal,Local
Kundrathur(Uzhavar Sandhai ),0.85,Metric Tonnes,Bellary,5000.0,5000.0,5000.0,Rs./Quintal,Local
Kurichi(Uzhavar Sandhai ),0.05,Metric Tonnes,Bellary,5400.0,5800.0,5600.0,Rs./Quintal,Local
Lalgudi(Uzhavar Sandhai ),0.31,Metric Tonnes,Bellary,6000.0,6000.0,6000.0,Rs./Quintal,Local
Madhuranthagam(Uzhavar Sandhai ),0.1,Metric Tonnes,Bellary,8000.0,8000.0,8000.0,Rs./Quintal,Local
Manachanallur(Uzhavar Sandhai ),0.15,Metric Tonnes,Bellary,4600.0,4600.0,4600.0,Rs./Quintal,Local
Manapparai(Uzhavar Sandhai ),0.22,Metric Tonnes,Bellary,5000.0,6000.0,5500.0,Rs./Quintal,Local
Mannargudi II(Uzhavar Sandhai ),0.25,Metric Tonnes,Bellary,5600.0,7000.0,6300.0,Rs./Quintal,Local
Mayiladuthurai(Uzhavar Sandhai ),0.18,Metric Tonnes,Bellary,3000.0,4000.0,3500.0,Rs./Quintal,Local
Medavakkam(Uzhavar Sandhai ),0.22,Metric Tonnes,Bellary,6000.0,6000.0,6000.0,Rs./Quintal,Local
Melapalayam(Uzhavar Sandhai ),1.2,Metric Tonnes,Bellary,5000.0,6200.0,5600.0,Rs./Quintal,Local
Melur(Uzhavar Sandhai ),0.56,Metric Tonnes,Bellary,3000.0,4000.0,3500.0,Rs./Quintal,Local
Mettupalayam(Uzhavar Sandhai ),0.88,Metric Tonnes,Bellary,5800.0,6200.0,6000.0,Rs./Quintal,Local
Mettur(Uzhavar Sandhai ),0.45,Metric Tonnes,Bellary,6000.0,6500.0,6250.0,Rs./Quintal,Local
Mohanur(Uzhavar Sandhai ),0.4,Metric Tonnes,Bellary,6000.0,6500.0,6250.0,Rs./Quintal,Local
Musiri(Uzhavar Sandhai ),0.66,Metric Tonnes,Bellary,5000.0,6500.0,5750.0,Rs./Quintal,Local
Muthupettai(Uzhavar Sandhai ),0.07,Metric Tonnes,Bellary,6000.0,6000.0,6000.0,Rs./Quintal,Local
Myladi(Uzhavar Sandhai ),0.05,Metric Tonnes,Bellary,6000.0,7000.0,6500.0,Rs./Quintal,Local
NGO Colony(Uzhavar Sandhai ),0.47,Metric Tonnes,Bellary,5500.0,6200.0,5850.0,Rs./Quintal,Local
Nagapattinam(Uzhavar Sandhai ),0.28,Metric Tonnes,Bellary,3100.0,3800.0,3450.0,Rs./Quintal,Local
Namakkal(Uzhavar Sandhai ),1.1,Metric Tonnes,Bellary,5800.0,6400.0,6100.0,Rs./Quintal,Local
Nanganallur(Uzhavar Sandhai ),0.15,Metric Tonnes,Bellary,5500.0,6000.0,5750.0,Rs./Quintal,Local
Naravarikuppam(Uzhavar Sandhai ),0.23,Metric Tonnes,Bellary,5500.0,5500.0,5500.0,Rs./Quintal,Local
Natrampalli(Uzhavar Sandhai ),0.55,Metric Tonnes,Bellary,5000.0,6000.0,5500.0,Rs./Quintal,Local
Needamangalam(Uzhavar Sandhai ),0.04,Metric Tonnes,Bellary,5400.0,5400.0,5400.0,Rs./Quintal,Local
Padappai(Uzhavar Sandhai ),0.75,Metric Tonnes,Bellary,5500.0,6000.0,5750.0,Rs./Quintal,Local
Palacode(Uzhavar Sandhai ),0.22,Metric Tonnes,Bellary,6000.0,6200.0,6100.0,Rs./Quintal,Local
Palanganatham(Uzhavar Sandhai ),0.9,Metric Tonnes,Bellary,6000.0,6500.0,6250.0,Rs./Quintal,Local
Palani(Uzhavar Sandhai ),0.94,Metric Tonnes,Bellary,6000.0,7500.0,6750.0,Rs./Quintal,Local
Palayamkottai(Uzhavar Sandhai ),2.35,Metric Tonnes,Bellary,5600.0,6200.0,5900.0,Rs./Quintal,Local
Pallavaram(Uzhavar Sandhai ),1.08,Metric Tonnes,Bellary,5000.0,6000.0,5500.0,Rs./Quintal,Local
Pallikonda(Uzhavar Sandhai),0.1,Metric Tonnes,Bellary,6200.0,6200.0,6200.0,Rs./Quintal,Local
Panruti(Uzhavar Sandhai ),0.07,Metric Tonnes,Bellary,5000.0,5000.0,5000.0,Rs./Quintal,Local
Papanasam(Uzhavar Sandhai ),0.19,Metric Tonnes,Bellary,4800.0,7200.0,6000.0,Rs./Quintal,Local
Paramakudi(Uzhavar Sandhai ),0.48,Metric Tonnes,Bellary,6000.0,6500.0,6250.0,Rs./Quintal,Local
Paramathivelur(Uzhavar Sandhai ),0.24,Metric Tonnes,Bellary,5000.0,6000.0,5500.0,Rs./Quintal,Local
Paruthipattu(Uzhavar Sandhai ),0.22,Metric Tonnes,Bellary,5000.0,5000.0,5000.0,Rs./Quintal,Local
Pattukottai(Uzhavar Sandhai ),0.8,Metric Tonnes,Bellary,4600.0,6000.0,5300.0,Rs./Quintal,Local
Pennagaram(Uzhavar Sandhai ),0.2,Metric Tonnes,Bellary,5500.0,6000.0,5750.0,Rs./Quintal,Local
Perambakkam(Uzhavar Sandhai ),0.02,Metric Tonnes,Bellary,5000.0,5000.0,5000.0,Rs./Quintal,Local
Perambalur(Uzhavar Sandhai ),0.6,Metric Tonnes,Bellary,6000.0,6600.0,6300.0,Rs./Quintal,Local
Perampet(Uzhavar Sandhai),0.05,Metric Tonnes,Bellary,5000.0,5500.0,5250.0,Rs./Quintal,Local
Peravurani(Uzhavar Sandhai),0.05,Metric Tonnes,Bellary,6000.0,6000.0,6000.0,Rs./Quintal,Local
Periyakulam(Uzhavar Sandhai ),0.3,Metric Tonnes,Bellary,5800.0,6000.0,5900.0,Rs./Quintal,Local
Perundurai(Uzhavar Sandhai ),0.27,Metric Tonnes,Bellary,6000.0,6500.0,6250.0,Rs./Quintal,Local
Pollachi(Uzhavar Sandhai ),0.31,Metric Tonnes,Bellary,5500.0,6000.0,5750.0,Rs./Quintal,Local
Polur(Uzhavar Sandhai ),0.2,Metric Tonnes,Bellary,5000.0,6000.0,5500.0,Rs./Quintal,Local
Ponnamaravathi(Uzhavar Sandhai),0.2,Metric Tonnes,Bellary,5500.0,6000.0,5750.0,Rs./Quintal,Local
Pudukottai(Uzhavar Sandhai ),0.78,Metric Tonnes,Bellary,6000.0,7000.0,6500.0,Rs./Quintal,Local
RSPuram(Uzhavar Sandhai ),4.17,Metric Tonnes,Bellary,5200.0,5500.0,5350.0,Rs./Quintal,Local
Rajapalayam(Uzhavar Sandhai ),0.2,Metric Tonnes,Bellary,5500.0,6000.0,5750.0,Rs./Quintal,Local
Ramanathapuram(Uzhavar Sandhai ),0.12,Metric Tonnes,Bellary,6500.0,7000.0,6750.0,Rs./Quintal,Local
Ranipettai(Uzhavar Sandhai ),0.3,Metric Tonnes,Bellary,5600.0,5600.0,5600.0,Rs./Quintal,Local
Rasipuram(Uzhavar Sandhai ),0.53,Metric Tonnes,Bellary,6000.0,6500.0,6250.0,Rs./Quintal,Local
Sampath Nagar(Uzhavar Sandhai ),0.51,Metric Tonnes,Bellary,6000.0,6400.0,6200.0,Rs./Quintal,Local
Sankarankoil(Uzhavar Sandhai ),0.44,Metric Tonnes,Bellary,6000.0,6500.0,6250.0,Rs./Quintal,Local
Sankarapuram(Uzhavar Sandhai ),0.24,Metric Tonnes,Bellary,6000.0,6000.0,6000.0,Rs./Quintal,Local
Sathiyamagalam(Uzhavar Sandhai ),0.28,Metric Tonnes,Bellary,5400.0,5800.0,5600.0,Rs./Quintal,Local
Sathur(Uzhavar Sandhai ),0.06,Metric Tonnes,Bellary,4500.0,5000.0,4750.0,Rs./Quintal,Local
Singampunari(Uzhavar Sandhai ),0.12,Metric Tonnes,Bellary,4200.0,6000.0,5100.0,Rs./Quintal,Local
Singanallur(Uzhavar Sandhai ),1.16,Metric Tonnes,Bellary,5500.0,6000.0,5750.0,Rs./Quintal,Local
Sirkali(Uzhavar Sandhai ),0.24,Metric Tonnes,Bellary,5500.0,6000.0,5750.0,Rs./Quintal,Local
Sivagangai (Uzhavar Sandhai ),0.38,Metric Tonnes,Bellary,6200.0,6600.0,6400.0,Rs./Quintal,Local
Sivakasi(Uzhavar Sandhai ),0.06,Metric Tonnes,Bellary,5000.0,7000.0,6000.0,Rs./Quintal,Local
Sooramangalam(Uzhavar Sandhai ),0.6,Metric Tonnes,Bellary,5800.0,6200.0,6000.0,Rs./Quintal,Local
Srivilliputhur(Uzhavar Sandhai ),0.08,Metric Tonnes,Bellary,5000.0,6000.0,5500.0,Rs./Quintal,Local
Sulur(Uzhavar Sandhai ),0.17,Metric Tonnes,Bellary,5400.0,6000.0,5700.0,Rs./Quintal,Local
Sundarapuram(Uzhavar Sandhai ),0.82,Metric Tonnes,Bellary,5400.0,5800.0,5600.0,Rs./Quintal,Local
Sunguvarchatram(Uzhavar Sandhai ),0.85,Metric Tonnes,Bellary,5000.0,5000.0,5000.0,Rs./Quintal,Local
Tenkasi(Uzhavar Sandhai ),0.45,Metric Tonnes,Bellary,5000.0,6000.0,5500.0,Rs./Quintal,Local
Thalavadi(Uzhavar Sandhai ),0.23,Metric Tonnes,Bellary,5500.0,6000.0,5750.0,Rs./Quintal,Local
Thalavaipuram(Uzhavar Sandhai ),0.06,Metric Tonnes,Bellary,5500.0,6000.0,5750.0,Rs./Quintal,Local
Thammampatti (Uzhavar Sandhai ),0.44,Metric Tonnes,Bellary,5500.0,6500.0,6000.0,Rs./Quintal,Local
Thanjavur(Uzhavar Sandhai ),1.33,Metric Tonnes,Bellary,6000.0,6800.0,6400.0,Rs./Quintal,Local
Thathakapatti(Uzhavar Sandhai ),0.38,Metric Tonnes,Bellary,6000.0,6200.0,6100.0,Rs./Quintal,Local
Theni(Uzhavar Sandhai ),1.15,Metric Tonnes,Bellary,5000.0,6000.0,5500.0,Rs./Quintal,Local
Thirumangalam(Uzhavar Sandhai ),0.68,Metric Tonnes,Bellary,6000.0,6500.0,6250.0,Rs./Quintal,Local
Thirupathur APMC,0.74,Metric Tonnes,Bellary,5500.0,5500.0,5500.0,Rs./Quintal,Local
Thiruverumbur(Uzhavar Sandhai ),0.7,Metric Tonnes,Bellary,4600.0,6000.0,5300.0,Rs./Quintal,Local
Thuraiyur APMC,0.42,Metric Tonnes,Bellary,5500.0,6500.0,6000.0,Rs./Quintal,Local
Tindivanam APMC,0.8,Metric Tonnes,Bellary,5800.0,5800.0,5800.0,Rs./Quintal,Local
Tiruchengode APMC,0.21,Metric Tonnes,Bellary,5400.0,6000.0,5700.0,Rs./Quintal,Local
Tirukattupalli(Uzhavar Sandhai ),0.28,Metric Tonnes,Bellary,6000.0,6900.0,6450.0,Rs./Quintal,Local
Tirupatthur(Uzhavar Sandhai ),0.37,Metric Tonnes,Bellary,6500.0,7000.0,6750.0,Rs./Quintal,Local
Tiruppur (North) (Uzhavar Sandhai ),0.43,Metric Tonnes,Bellary,5500.0,6000.0,5750.0,Rs./Quintal,Local
Tiruppur (South) (Uzhavar Sandhai ),0.35,Metric Tonnes,Bellary,4000.0,5000.0,4500.0,Rs./Quintal,Local
Tiruthani(Uzhavar Sandhai ),1.0,Metric Tonnes,Bellary,5000.0,5000.0,5000.0,Rs./Quintal,Local
Tiruvallur(Uzhavar Sandhai ),0.2,Metric Tonnes,Bellary,5000.0,5000.0,5000.0,Rs./Quintal,Local
Tiruvannamalai(Uzhavar Sandhai ),1.07,Metric Tonnes,Bellary,5000.0,6000.0,5500.0,Rs./Quintal,Local
Tuticorin(Uzhavar Sandhai ),1.1,Metric Tonnes,Bellary,5000.0,6000.0,5500.0,Rs./Quintal,Local
Udhagamandalam(Uzhavar Sandhai ),2.4,Metric Tonnes,Bellary,6000.0,6500.0,6250.0,Rs./Quintal,Local
Udumalpet APMC,0.87,Metric Tonnes,Bellary,5000.0,6500.0,5750.0,Rs./Quintal,Local
Ulundurpettai APMC,0.44,Metric Tonnes,Bellary,6000.0,6000.0,6000.0,Rs./Quintal,Local
Usilampatti(Uzhavar Sandhai ),0.52,Metric Tonnes,Bellary,6000.0,6500.0,6250.0,Rs./Quintal,Local
Vadalur(Uzhavar Sandhai ),0.16,Metric Tonnes,Bellary,5000.0,5000.0,5000.0,Rs./Quintal,Local
Vadaseri APMC,0.39,Metric Tonnes,Bellary,5500.0,6000.0,5750.0,Rs./Quintal,Local
Vadavalli(Uzhavar Sandhai ),0.68,Metric Tonnes,Bellary,5200.0,5600.0,5400.0,Rs./Quintal,Local
Vandavasi(Uzhavar Sandhai ),0.04,Metric Tonnes,Bellary,5000.0,6000.0,5500.0,Rs./Quintal,Local
Vaniyampadi(Uzhavar Sandhai ),0.7,Metric Tonnes,Bellary,6000.0,6000.0,6000.0,Rs./Quintal,Local
Vazhapadi(Uzhavar Sandhai),0.1,Metric Tonnes,Bellary,5500.0,6000.0,5750.0,Rs./Quintal,Local
Vedaranyam(Uzhavar Sandhai),0.07,Metric Tonnes,Bellary,3200.0,3900.0,3550.0,Rs./Quintal,Local
Vedasanthur(Uzhavar Sandhai ),0.01,Metric Tonnes,Bellary,6000.0,7000.0,6500.0,Rs./Quintal,Local
Vellore APMC,1.25,Metric Tonnes,Bellary,5000.0,5800.0,5400.0,Rs./Quintal,Local
Villupuram(Uzhavar Sandhai ),0.43,Metric Tonnes,Bellary,6000.0,6000.0,6000.0,Rs./Quintal,Local
Viralimalai(Uzhavar Sandhai ),0.1,Metric Tonnes,Bellary,5000.0,6000.0,5500.0,Rs./Quintal,Local
Virudhunagar(Uzhavar Sandhai ),0.09,Metric Tonnes,Bellary,5500.0,6000.0,5750.0,Rs./Quintal,Local
Viruthachalam(Uzhavar Sandhai ),0.16,Metric Tonnes,Bellary,5500.0,5500.0,5500.0,Rs./Quintal,Local
Total,88.83,Metric Tonnes,,,,5808.92,Rs./Quintal,
State/UT Name : Telangana
"Alwal,RBZ",0.2,Metric Tonnes,Onion,4000.0,4000.0,4000.0,Rs./Quintal,FAQ
Bowenpally APMC,13.8,Metric Tonnes,Onion,1500.0,3000.0,2500.0,Rs./Quintal,FAQ
"Excise Colony,RBZ ",0.18,Metric Tonnes,Other,6000.0,6000.0,6000.0,Rs./Quintal,Grade A
Gudimalkapur APMC,22.900000000000002,Metric Tonnes,Onion,1400.0,5000.0,2600.0,Rs./Quintal,Grade B
"Kukatpally,RBZ",4.0,Metric Tonnes,1st Sort,4000.0,4000.0,4000.0,Rs./Quintal,Local
Mahboob Manison APMC,298.0,Metric Tonnes,Onion,4200.0,5000.0,4500.0,Rs./Quintal,Large
Mahboob Manison APMC,447.0,Metric Tonnes,Onion,2000.0,3700.0,3500.0,Rs./Quintal,Small
Miryalguda(Rythu Bazar) ,0.7,Metric Tonnes,Red,6000.0,6000.0,6000.0,Rs./Quintal,Grade A
RYTHU BAZAR ERRAGADDA,5.2,Metric Tonnes,1st Sort,4000.0,4000.0,4000.0,Rs./Quintal,Grade A
RYTHU BAZAR MEHDIPATNAM,2.0,Metric Tonnes,1st Sort,4000.0,4000.0,4000.0,Rs./Quintal,Grade A
Sadasivpet APMC,5.0,Metric Tonnes,Local,1639.0,5119.0,4521.0,Rs./Quintal,Local
Sangareddy APMC,1.0,Metric Tonnes,Other,6000.0,6000.0,6000.0,Rs./Quintal,Grade B
"Saroornagar,RBZ",0.9,Metric Tonnes,Other,4000.0,4000.0,4000.0,Rs./Quintal,Medium
Siddipet(Rythu Bazar) ,2.0,Metric Tonnes,Onion,4500.0,5500.0,5000.0,Rs./Quintal,Grade A
"Vanasthalipuram,RBZ ",1.4,Metric Tonnes,Onion,4000.0,4000.0,4000.0,Rs./Quintal,Grade A
Total,804.28,Metric Tonnes,,,,3852.17,Rs./Quintal,
State/UT Name : Tripura
Barpathari APMC,0.8,Metric Tonnes,Other,4400.0,4600.0,4500.0,Rs./Quintal,FAQ
Dasda APMC,0.3,Metric Tonnes,Onion,4900.0,4900.0,4900.0,Rs./Quintal,FAQ
Gondatwisa APMC,0.2,Metric Tonnes,Onion,5000.0,5500.0,5300.0,Rs./Quintal,FAQ
Halahali,0.28,Metric Tonnes,1st Sort,6800.0,7000.0,6900.0,Rs./Quintal,FAQ
Jampuijala APMC,0.1,Metric Tonnes,Other,4800.0,5000.0,4900.0,Rs./Quintal,Medium
Machmara,0.7000000000000001,Metric Tonnes,Nasik,4300.0,4500.0,4400.0,Rs./Quintal,FAQ
Manubazar,0.8,Metric Tonnes,1st Sort,4800.0,5500.0,5200.0,Rs./Quintal,Grade A
Melaghar APMC,0.5,Metric Tonnes,Small,5400.0,5600.0,5500.0,Rs./Quintal,Local
Pabiacherra APMC,1.0,Metric Tonnes,Nasik,4900.0,5100.0,5000.0,Rs./Quintal,FAQ
Panisagar APMC,3.9000000000000004,Metric Tonnes,Nasik,3400.0,3500.0,3450.0,Rs./Quintal,Medium
Teliamura APMC,4.0,Metric Tonnes,Nasik,4500.0,4700.0,4600.0,Rs./Quintal,Medium
Total,12.58,Metric Tonnes,,,,4403.58,Rs./Quintal,
State/UT Name : Uttar Pradesh
Atarra APMC,5.3,Metric Tonnes,Other,2000.0,2000.0,2000.0,Rs./Quintal,FAQ
Awagarh APMC,0.4,Metric Tonnes,Other,1800.0,1800.0,1800.0,Rs./Quintal,FAQ
Bahraich APMC,30.1,Metric Tonnes,Other,2500.0,2500.0,2500.0,Rs./Quintal,FAQ
Bansi APMC,15.0,Metric Tonnes,Other,1800.0,1800.0,1800.0,Rs./Quintal,FAQ
Barabanki APMC,169.0,Metric Tonnes,Other,2500.0,2500.0,2500.0,Rs./Quintal,FAQ
Baraut APMC,50.0,Metric Tonnes,Other,3600.0,3600.0,3600.0,Rs./Quintal,FAQ
Buland Shahr APMC,77.7,Metric Tonnes,Other,3010.0,4000.0,3266.41,Rs./Quintal,FAQ
Chandausi APMC,12.0,Metric Tonnes,Other,2210.0,2210.0,2210.0,Rs./Quintal,FAQ
Charra APMC,12.0,Metric Tonnes,Other,3500.0,3500.0,3500.0,Rs./Quintal,FAQ
Etawah APMC,30.0,Metric Tonnes,Other,3500.0,3500.0,3500.0,Rs./Quintal,FAQ
Fatehpur APMC,27.0,Metric Tonnes,Other,3600.0,3800.0,3711.11,Rs./Quintal,FAQ
Gadaura APMC,30.0,Metric Tonnes,Other,2000.0,2000.0,2000.0,Rs./Quintal,FAQ
Gangoh APMC,5.6,Metric Tonnes,Other,3000.0,4000.0,3107.14,Rs./Quintal,FAQ
Golagokarnath APMC,28.36,Metric Tonnes,Other,1500.0,2200.0,1802.61,Rs./Quintal,FAQ
Gorakhpur APMC,29.5,Metric Tonnes,Other,2500.0,2500.0,2500.0,Rs./Quintal,FAQ
Haathras APMC,43.0,Metric Tonnes,Other,2500.0,2500.0,2500.0,Rs./Quintal,FAQ
Hardoi APMC,30.0,Metric Tonnes,Other,2500.0,2500.0,2500.0,Rs./Quintal,FAQ
Hargaon (Laharpur) APMC,51.0,Metric Tonnes,Other,2000.0,2000.0,2000.0,Rs./Quintal,FAQ
Jaunpur APMC,35.0,Metric Tonnes,Other,3800.0,4000.0,3885.71,Rs./Quintal,FAQ
Jayas APMC,31.6,Metric Tonnes,Other,2500.0,2500.0,2500.0,Rs./Quintal,FAQ
Jhansi APMC,10.0,Metric Tonnes,Other,2800.0,2800.0,2800.0,Rs./Quintal,FAQ
Kairana APMC,1.0,Metric Tonnes,Other,3600.0,3600.0,3600.0,Rs./Quintal,FAQ
Kanpur(Grain) APMC,338.15,Metric Tonnes,Other,3500.0,3500.0,3500.0,Rs./Quintal,FAQ
Kasganj APMC,8.0,Metric Tonnes,Other,1850.0,1850.0,1850.0,Rs./Quintal,FAQ
Khairagarh APMC,0.6000000000000001,Metric Tonnes,Red,4000.0,4100.0,4050.0,Rs./Quintal,FAQ
Khalilabad APMC,30.0,Metric Tonnes,Other,2500.0,2500.0,2500.0,Rs./Quintal,FAQ
Khandhla APMC,4.0,Metric Tonnes,Other,5000.0,5000.0,5000.0,Rs./Quintal,FAQ
Konch APMC,7.0,Metric Tonnes,Other,1700.0,1700.0,1700.0,Rs./Quintal,FAQ
Lakhimpur APMC,46.1,Metric Tonnes,Other,2900.0,2930.0,2919.85,Rs./Quintal,FAQ
Lalganj APMC,3.0,Metric Tonnes,Other,3500.0,3500.0,3500.0,Rs./Quintal,FAQ
Mathura APMC,37.0,Metric Tonnes,Other,2600.0,3500.0,3175.68,Rs./Quintal,FAQ
Meeranpur Katra APMC,83.1,Metric Tonnes,Other,2900.0,3000.0,2941.88,Rs./Quintal,FAQ
Muradabad APMC,76.0,Metric Tonnes,Other,2500.0,2500.0,2500.0,Rs./Quintal,FAQ
Nawabganj APMC,1.0,Metric Tonnes,Other,2500.0,2500.0,2500.0,Rs./Quintal,FAQ
Noida APMC,12.0,Metric Tonnes,Other,4000.0,4000.0,4000.0,Rs./Quintal,FAQ
Parikshitgarh APMC,0.1,Metric Tonnes,Other,3000.0,3000.0,3000.0,Rs./Quintal,FAQ
Pilibhit APMC,27.5,Metric Tonnes,Other,2300.0,2300.0,2300.0,Rs./Quintal,FAQ
Prayagraj APMC,5.0,Metric Tonnes,Other,3000.0,3000.0,3000.0,Rs./Quintal,FAQ
Rampur APMC,414.99,Metric Tonnes,Other,2500.0,2701.0,2524.27,Rs./Quintal,FAQ
Rampurmaniharan APMC,1.2,Metric Tonnes,Other,2400.0,2400.0,2400.0,Rs./Quintal,FAQ
Robertsganj APMC,0.5,Metric Tonnes,Other,2000.0,2000.0,2000.0,Rs./Quintal,FAQ
Saharanpur APMC,28.5,Metric Tonnes,Other,2500.0,3050.0,2693.86,Rs./Quintal,FAQ
Samsabad APMC,0.1,Metric Tonnes,Onion,2400.0,2600.0,2500.0,Rs./Quintal,Local
Samsabad APMC,1.5,Metric Tonnes,Other,2500.0,2500.0,2500.0,Rs./Quintal,FAQ
Shahabad(New Mandi) APMC,25.0,Metric Tonnes,Other,2500.0,2500.0,2500.0,Rs./Quintal,FAQ
Shahjahanpur APMC,94.0,Metric Tonnes,Other,3500.0,3515.0,3508.99,Rs./Quintal,FAQ
Shamli APMC,1.5,Metric Tonnes,Other,4500.0,5000.0,4666.67,Rs./Quintal,FAQ
Sikanderabad APMC,1.0,Metric Tonnes,Other,3600.0,4000.0,3800.0,Rs./Quintal,FAQ
Sirsa APMC,4.0,Metric Tonnes,Other,1800.0,1800.0,1800.0,Rs./Quintal,FAQ
Sitapur APMC,30.0,Metric Tonnes,Other,2800.0,2800.0,2800.0,Rs./Quintal,FAQ
Sultanpur APMC,80.0,Metric Tonnes,Other,2500.0,2500.0,2500.0,Rs./Quintal,FAQ
Uttaripura APMC,6.5,Metric Tonnes,Other,3500.0,3500.0,3500.0,Rs./Quintal,FAQ
Varanasi APMC,125.5,Metric Tonnes,Other,3500.0,3750.0,3556.82,Rs./Quintal,FAQ
Total,2216.4,Metric Tonnes,,,,2890.46,Rs./Quintal,
State/UT Name : Uttarakhand
Bhagwanpur(Naveen Mandi Sthal) APMC,0.4,Metric Tonnes,Other,2200.0,2800.0,2400.0,Rs./Quintal,Grade A
Chamoli APMC,0.2,Metric Tonnes,Other,3000.0,3000.0,3000.0,Rs./Quintal,FAQ
Dehradoon APMC,11.4,Metric Tonnes,Nasik,950.0,1200.0,1050.0,Rs./Quintal,FAQ
Haldwani APMC,37.0,Metric Tonnes,Other,3000.0,3800.0,3400.0,Rs./Quintal,FAQ
Khateema APMC,63.6,Metric Tonnes,Other,1500.0,2500.0,2000.0,Rs./Quintal,Grade A
Kotadwara APMC,0.3,Metric Tonnes,Onion,1800.0,1800.0,1800.0,Rs./Quintal,FAQ
Rishikesh APMC,8.0,Metric Tonnes,Other,3000.0,4900.0,4000.0,Rs./Quintal,Medium
Roorkee APMC,1.9000000000000001,Metric Tonnes,Other,2500.0,4500.0,3500.0,Rs./Quintal,Medium
Vikasnagar APMC,9.0,Metric Tonnes,Other,2000.0,2000.0,2000.0,Rs./Quintal,Medium
Total,131.8,Metric Tonnes,,,,2456.15,Rs./Quintal,
State/UT Name : West Bengal
Alipurduar APMC,6.0,Metric Tonnes,Onion,2500.0,3500.0,3000.0,Rs./Quintal,FAQ
Asansol APMC,15.5,Metric Tonnes,Nasik,4200.0,4400.0,4300.0,Rs./Quintal,FAQ
Balarampur APMC,1.5,Metric Tonnes,Other,4200.0,4800.0,4600.0,Rs./Quintal,FAQ
Balurghat APMC,2.5,Metric Tonnes,1st Sort,4200.0,4600.0,4500.0,Rs./Quintal,FAQ
Bankura Sadar APMC,15.25,Metric Tonnes,Nasik,4850.0,5200.0,5100.0,Rs./Quintal,FAQ
Bara Bazar (Posta Bazar) APMC,78.0,Metric Tonnes,Nasik,4720.0,5200.0,5000.0,Rs./Quintal,FAQ
Bara Bazar (Posta Bazar) APMC,65.0,Metric Tonnes,Other,4625.0,5250.0,5000.0,Rs./Quintal,FAQ
Barasat APMC,38.0,Metric Tonnes,Other,5200.0,5200.0,5200.0,Rs./Quintal,FAQ
Baruipur(Canning) APMC,3.5,Metric Tonnes,Red,4800.0,5000.0,4900.0,Rs./Quintal,FAQ
Bethuadahari APMC,9.6,Metric Tonnes,Nasik,3700.0,3900.0,3800.0,Rs./Quintal,Grade A
Birbhum APMC,27.0,Metric Tonnes,Other,4300.0,4500.0,4400.0,Rs./Quintal,FAQ
Bishnupur(Bankura) APMC,0.7000000000000001,Metric Tonnes,Nasik,4600.0,5200.0,4800.0,Rs./Quintal,FAQ
Bolpur APMC,27.0,Metric Tonnes,Onion,4300.0,4500.0,4400.0,Rs./Quintal,FAQ
Burdwan APMC,18.0,Metric Tonnes,Nasik,4400.0,4700.0,4500.0,Rs./Quintal,FAQ
Chakdah APMC,5.8,Metric Tonnes,Onion,4100.0,4300.0,4200.0,Rs./Quintal,FAQ
Champadanga APMC,3.4,Metric Tonnes,Nasik,4300.0,4600.0,4500.0,Rs./Quintal,FAQ
Dhupguri APMC,12.0,Metric Tonnes,Nasik,4800.0,5200.0,5000.0,Rs./Quintal,FAQ
Diamond Harbour(South 24-pgs) APMC,4.2,Metric Tonnes,Red,4700.0,5000.0,4900.0,Rs./Quintal,FAQ
Durgapur APMC,15.0,Metric Tonnes,Nasik,4200.0,4400.0,4300.0,Rs./Quintal,FAQ
English Bazar APMC,15.0,Metric Tonnes,Nasik,3800.0,4000.0,3900.0,Rs./Quintal,FAQ
Falakata APMC,11.0,Metric Tonnes,Other,3000.0,3800.0,3500.0,Rs./Quintal,FAQ
Gangarampur(Dakshin Dinajpur) APMC,2.4,Metric Tonnes,1st Sort,4400.0,4600.0,4500.0,Rs./Quintal,FAQ
Garbeta(Medinipur) APMC,0.8,Metric Tonnes,Onion,4200.0,4600.0,4400.0,Rs./Quintal,FAQ
Ghatal APMC,2.9000000000000004,Metric Tonnes,Onion,5000.0,5200.0,5100.0,Rs./Quintal,FAQ
Habra APMC,35.0,Metric Tonnes,Onion,4400.0,4500.0,4400.0,Rs./Quintal,FAQ
Islampur APMC,4.0,Metric Tonnes,Dry F.A.Q.,4000.0,4800.0,4500.0,Rs./Quintal,FAQ
Jangipur APMC,27.35,Metric Tonnes,Bellary,3650.0,3750.0,3700.0,Rs./Quintal,FAQ
Kalipur APMC,5.4,Metric Tonnes,Nasik,4400.0,4600.0,4500.0,Rs./Quintal,FAQ
Kalyani APMC,2.4000000000000004,Metric Tonnes,Other,4600.0,5000.0,4800.0,Rs./Quintal,Medium
Karimpur APMC,9.5,Metric Tonnes,Local,3800.0,4200.0,4000.0,Rs./Quintal,Grade A
Karsiyang(Matigara) APMC,0.4,Metric Tonnes,Nasik,5900.0,6100.0,6000.0,Rs./Quintal,FAQ
Medinipur(West) APMC,22.0,Metric Tonnes,Onion,4300.0,4500.0,4400.0,Rs./Quintal,FAQ
Nadia APMC,6.0,Metric Tonnes,Nasik,4200.0,4400.0,4300.0,Rs./Quintal,FAQ
Pandua APMC,2.57,Metric Tonnes,Dry F.A.Q.,4000.0,4350.0,4200.0,Rs./Quintal,FAQ
Purulia APMC,10.0,Metric Tonnes,Other,4200.0,5000.0,4500.0,Rs./Quintal,FAQ
Raiganj APMC,4.0,Metric Tonnes,Nasik,4200.0,4500.0,4400.0,Rs./Quintal,FAQ
Ramkrishanpur(Howrah) APMC,0.6,Metric Tonnes,Nasik,4800.0,5400.0,5200.0,Rs./Quintal,FAQ
Rampurhat APMC,20.0,Metric Tonnes,Other,4400.0,4600.0,4500.0,Rs./Quintal,FAQ
Ranaghat APMC,4.5,Metric Tonnes,Other,4300.0,4500.0,4400.0,Rs./Quintal,FAQ
Sainthia APMC,26.0,Metric Tonnes,Onion,4300.0,4500.0,4400.0,Rs./Quintal,FAQ
Samsi APMC,9.0,Metric Tonnes,Nasik,3850.0,4000.0,3950.0,Rs./Quintal,FAQ
Sheoraphuly APMC,102.0,Metric Tonnes,Nasik,4175.0,4325.0,4225.0,Rs./Quintal,FAQ
Siliguri APMC,45.0,Metric Tonnes,Onion,5000.0,5200.0,5100.0,Rs./Quintal,FAQ
Tamluk (Medinipur E) APMC,2.0,Metric Tonnes,Onion,3400.0,3800.0,3600.0,Rs./Quintal,FAQ
Uluberia APMC,0.28,Metric Tonnes,Nasik,4800.0,5400.0,5200.0,Rs./Quintal,FAQ
Total,718.05,Metric Tonnes,,,,4535.9,Rs./Quintal,
Grand Total,69245.99,Metric Tonnes,,,,3715.43,Rs./Quintal,
Potato
State/UT Name : Andhra Pradesh
Palamaner APMC,4.5,Metric Tonnes,Potato,1200.0,1600.0,1400.0,Rs./Quintal,FAQ
Total,4.5,Metric Tonnes,,,,1400.0,Rs./Quintal,
State/UT Name : Assam
Ambagan APMC,15.0,Metric Tonnes,Potato,1400.0,1600.0,1500.0,Rs./Quintal,FAQ
Dhekiajuli APMC,6.0,Metric Tonnes,Potato,1000.0,1200.0,1200.0,Rs./Quintal,FAQ
Dhing APMC,20.0,Metric Tonnes,Potato,1500.0,1700.0,1600.0,Rs./Quintal,FAQ
Doomdumia APMC,22.0,Metric Tonnes,Potato,1500.0,1700.0,1600.0,Rs./Quintal,FAQ
Haibargaon APMC,16.0,Metric Tonnes,Potato,1300.0,1500.0,1400.0,Rs./Quintal,FAQ
Pamohi(Garchuk) APMC,25.0,Metric Tonnes,Other,1500.0,2200.0,1600.0,Rs./Quintal,FAQ
Pamohi(Garchuk) APMC,18.0,Metric Tonnes,Potato,900.0,1500.0,1000.0,Rs./Quintal,FAQ
Tinsukia Market,12.0,Metric Tonnes,Potato,850.0,950.0,900.0,Rs./Quintal,FAQ
Total,134.0,Metric Tonnes,,,,1403.73,Rs./Quintal,
State/UT Name : Bihar
Balliah APMC,4.0,Metric Tonnes,Local,1100.0,1300.0,1200.0,Rs./Quintal,Grade B
Balliah APMC,4.0,Metric Tonnes,Local,1100.0,1300.0,1200.0,Rs./Quintal,Grade A
Balliah APMC,3.0,Metric Tonnes,Local,1100.0,1300.0,1200.0,Rs./Quintal,Grade C
Benipatti APMC,12.0,Metric Tonnes,Potato,1150.0,1250.0,1200.0,Rs./Quintal,FAQ
Bhagwanpur Mandi APMC,6.5,Metric Tonnes,Red Nanital,1400.0,1400.0,1400.0,Rs./Quintal,Grade A
Buxur APMC,6.0,Metric Tonnes,Jyoti,1168.0,1172.0,1170.0,Rs./Quintal,Local
Chhapra APMC,90.0,Metric Tonnes,Other,1100.0,1400.0,1200.0,Rs./Quintal,Grade A
Daunagar APMC,2.0,Metric Tonnes,Red Nanital,1400.0,1600.0,1500.0,Rs./Quintal,Local
Khagaria APMC,30.0,Metric Tonnes,Red,1050.0,1130.0,1100.0,Rs./Quintal,Grade A
Madhuban APMC,150.0,Metric Tonnes,Other,1100.0,1300.0,1200.0,Rs./Quintal,FAQ
Madhubani APMC,60.0,Metric Tonnes,Potato,1100.0,1300.0,1200.0,Rs./Quintal,FAQ
Maharjganj APMC,8.0,Metric Tonnes,Red Nanital,1500.0,1500.0,1500.0,Rs./Quintal,FAQ
Motihari APMC,75.0,Metric Tonnes,Other,1100.0,1300.0,1200.0,Rs./Quintal,Grade A
Raxaul APMC,4.5,Metric Tonnes,Red Nanital,1400.0,1600.0,1500.0,Rs./Quintal,Grade A
Saharsa APMC,23.0,Metric Tonnes,Local,1000.0,1200.0,1100.0,Rs./Quintal,FAQ
Supaul APMC,4.0,Metric Tonnes,Potato,1400.0,2000.0,1800.0,Rs./Quintal,Grade A
Total,482.0,Metric Tonnes,,,,1205.33,Rs./Quintal,
State/UT Name : Chattisgarh
Rajnandgaon APMC,30.8,Metric Tonnes,Potato,1000.0,1200.0,1100.0,Rs./Quintal,Grade B
Tiphra APMC,81.0,Metric Tonnes,Local,1600.0,1800.0,1700.0,Rs./Quintal,Grade B
Total,111.8,Metric Tonnes,,,,1534.7,Rs./Quintal,
State/UT Name : Goa
Mapusa APMC,0.54,Metric Tonnes,Potato,1200.0,1600.0,1500.0,Rs./Quintal,FAQ
Total,0.54,Metric Tonnes,,,,1500.0,Rs./Quintal,
State/UT Name : Gujarat
Ahmedabad(Chimanbhai Patal Market Vasana) APMC,35.2,Metric Tonnes,Chips,500.0,1400.0,1250.0,Rs./Quintal,FAQ
Ahmedabad(Chimanbhai Patal Market Vasana) APMC,322.20000000000005,Metric Tonnes,Desi,500.0,800.0,700.0,Rs./Quintal,FAQ
"Anand(Veg,Yard,Anand) APMC",132.8,Metric Tonnes,Potato,1000.0,1100.0,1050.0,Rs./Quintal,Grade B
Ankleshwar APMC,16.0,Metric Tonnes,Potato,800.0,1150.0,1000.0,Rs./Quintal,Grade A
Bharuch APMC,24.5,Metric Tonnes,Other,1000.0,1700.0,1200.0,Rs./Quintal,Local
Bhuj APMC,47.6,Metric Tonnes,Desi,1100.0,1600.0,1350.0,Rs./Quintal,FAQ
Bilimora APMC,4.4,Metric Tonnes,Other,1400.0,1800.0,1600.0,Rs./Quintal,FAQ
Dahod(Veg. Market) APMC,30.0,Metric Tonnes,Potato,800.0,1100.0,900.0,Rs./Quintal,Local
Gondal(Veg.market Gondal) APMC,309.5,Metric Tonnes,Potato,800.0,1300.0,1050.0,Rs./Quintal,Local
Himatnagar(Veg.Market Himatnagar) APMC,2.4000000000000004,Metric Tonnes,Potato,1000.0,1500.0,1300.0,Rs./Quintal,Local
Kapadvanj APMC,60.0,Metric Tonnes,Potato,600.0,1300.0,950.0,Rs./Quintal,Medium
Khambhat(Veg Yard Khambhat) APMC,0.30000000000000004,Metric Tonnes,Desi,1000.0,2000.0,1500.0,Rs./Quintal,Local
Mehsana(Mehsana Veg) APMC,111.30000000000001,Metric Tonnes,Potato,400.0,1500.0,1000.0,Rs./Quintal,Local
Nadiad APMC,2.48,Metric Tonnes,Potato,1700.0,1900.0,1800.0,Rs./Quintal,FAQ
Nadiyad(Chaklasi) APMC,1.125,Metric Tonnes,Potato,1400.0,1600.0,1500.0,Rs./Quintal,FAQ
Nadiyad(Piplag) APMC,19.8,Metric Tonnes,Potato,1100.0,1500.0,1300.0,Rs./Quintal,FAQ
Navsari APMC,39.95,Metric Tonnes,Potato,600.0,1800.0,1200.0,Rs./Quintal,Grade A
Padra APMC,19.200000000000003,Metric Tonnes,Other,1500.0,2000.0,1750.0,Rs./Quintal,FAQ
Palitana APMC,6.5,Metric Tonnes,Potato,2100.0,3000.0,2550.0,Rs./Quintal,Medium
Porbandar APMC,22.1,Metric Tonnes,Red Nanital,1000.0,1500.0,1250.0,Rs./Quintal,Non-FAQ
Rajkot(Veg.Sub Yard) APMC,552.0,Metric Tonnes,Potato,470.0,1450.0,975.0,Rs./Quintal,FAQ
Surat APMC,840.0,Metric Tonnes,Other,600.0,1700.0,1150.0,Rs./Quintal,FAQ
Vadhvan APMC,46.0,Metric Tonnes,Potato,1500.0,2000.0,1750.0,Rs./Quintal,Medium
Vadodara(Sayajipura) APMC,41.910000000000004,Metric Tonnes,Other,700.0,1500.0,1150.0,Rs./Quintal,FAQ
Vijapur(Vegetable) APMC,0.5,Metric Tonnes,Other,600.0,800.0,750.0,Rs./Quintal,Grade A
Total,2687.76,Metric Tonnes,,,,1056.8,Rs./Quintal,
State/UT Name : Haryana
Ambala City(Subji Mandi) APMC,67.0,Metric Tonnes,Other,1000.0,1000.0,1000.0,Rs./Quintal,Local
Bahadurgarh APMC,55.900000000000006,Metric Tonnes,Other,800.0,1100.0,900.0,Rs./Quintal,FAQ
Ballabhgarh APMC,34.6,Metric Tonnes,Potato,400.0,800.0,600.0,Rs./Quintal,FAQ
Barwala APMC,3.6,Metric Tonnes,Local,700.0,1200.0,950.0,Rs./Quintal,FAQ
Barwala(Hisar) APMC,3.0,Metric Tonnes,Potato,900.0,1000.0,1000.0,Rs./Quintal,Local
Bhiwani APMC,21.0,Metric Tonnes,Potato,620.0,822.0,710.0,Rs./Quintal,Grade B
Chhachrauli APMC,0.45,Metric Tonnes,Potato,800.0,1400.0,850.0,Rs./Quintal,Local
Dhand APMC,1.1,Metric Tonnes,Other,1000.0,1100.0,1080.0,Rs./Quintal,Medium
Farukh Nagar APMC,4.0,Metric Tonnes,Other,800.0,1000.0,900.0,Rs./Quintal,Medium
Fatehabad APMC,28.700000000000003,Metric Tonnes,Potato,800.0,800.0,800.0,Rs./Quintal,Local
Ganaur APMC,3.3000000000000003,Metric Tonnes,Potato,1000.0,1500.0,1200.0,Rs./Quintal,FAQ
Gharaunda APMC,2.2,Metric Tonnes,Other,1200.0,1200.0,1200.0,Rs./Quintal,Local
Gohana APMC,13.5,Metric Tonnes,Other,1000.0,1600.0,1200.0,Rs./Quintal,Medium
Gurgaon APMC,171.0,Metric Tonnes,Other,600.0,1000.0,800.0,Rs./Quintal,Grade B
Hansi APMC,43.2,Metric Tonnes,Other,1000.0,4000.0,1000.0,Rs./Quintal,FAQ
Hissar APMC,72.1,Metric Tonnes,Local,600.0,1000.0,800.0,Rs./Quintal,Local
Hodal APMC,6.0,Metric Tonnes,Potato,600.0,800.0,700.0,Rs./Quintal,FAQ
Indri APMC,1.1,Metric Tonnes,Potato,900.0,900.0,900.0,Rs./Quintal,FAQ
Jagadhri APMC,5.800000000000001,Metric Tonnes,Potato,550.0,1500.0,1000.0,Rs./Quintal,FAQ
Jhajjar APMC,8.0,Metric Tonnes,Other,1100.0,1100.0,1100.0,Rs./Quintal,Medium
Kaithal APMC,15.5,Metric Tonnes,Other,826.0,826.0,826.0,Rs./Quintal,FAQ
Kharkhoda APMC,5.800000000000001,Metric Tonnes,Other,1000.0,1200.0,1100.0,Rs./Quintal,FAQ
Ladwa APMC,2.6,Metric Tonnes,Red Nanital,1800.0,2500.0,2500.0,Rs./Quintal,Non-FAQ
Madlauda APMC,0.5,Metric Tonnes,Potato,1000.0,1000.0,1000.0,Rs./Quintal,FAQ
Meham,1.5,Metric Tonnes,Potato,800.0,1000.0,900.0,Rs./Quintal,Medium
Mohindergarh APMC,7.0,Metric Tonnes,Potato,700.0,700.0,700.0,Rs./Quintal,Medium
Mustafabad APMC,0.42000000000000004,Metric Tonnes,Potato,800.0,900.0,900.0,Rs./Quintal,FAQ
Naraingarh APMC,8.5,Metric Tonnes,Potato,400.0,700.0,600.0,Rs./Quintal,Medium
Narnaul APMC,4.5,Metric Tonnes,Potato,800.0,1000.0,900.0,Rs./Quintal,Medium
Narwana APMC,3.5,Metric Tonnes,Potato,600.0,700.0,650.0,Rs./Quintal,Non-FAQ
Nuh APMC,5.1,Metric Tonnes,Other,700.0,1000.0,1000.0,Rs./Quintal,Local
Palwal APMC,5.5,Metric Tonnes,Potato,800.0,800.0,800.0,Rs./Quintal,FAQ
Pataudi APMC,2.5,Metric Tonnes,Potato,700.0,800.0,750.0,Rs./Quintal,Grade B
Radaur APMC,1.7000000000000002,Metric Tonnes,Other,1000.0,1200.0,1100.0,Rs./Quintal,Medium
Raipur Rani APMC,0.45,Metric Tonnes,Potato,800.0,900.0,800.0,Rs./Quintal,Local
Ratia APMC,83.0,Metric Tonnes,Other,600.0,620.0,610.0,Rs./Quintal,Grade A
Rewari APMC,20.5,Metric Tonnes,Other,800.0,1600.0,1200.0,Rs./Quintal,Medium
Rohtak APMC,55.0,Metric Tonnes,Other,600.0,1000.0,800.0,Rs./Quintal,Medium
Sadhaura APMC,5.2,Metric Tonnes,Potato,700.0,900.0,800.0,Rs./Quintal,Local
Safidon APMC,6.0,Metric Tonnes,Other,900.0,900.0,900.0,Rs./Quintal,Medium
Sampla APMC,3.0,Metric Tonnes,Other,1200.0,1200.0,1200.0,Rs./Quintal,Local
Shahabad APMC,4.8,Metric Tonnes,Potato,500.0,700.0,600.0,Rs./Quintal,Medium
Shahzadpur APMC,2.9000000000000004,Metric Tonnes,Local,600.0,1000.0,600.0,Rs./Quintal,Medium
Sirsa APMC,13.8,Metric Tonnes,Other,350.0,800.0,600.0,Rs./Quintal,FAQ
Siwan APMC,1.9000000000000001,Metric Tonnes,Other,1400.0,1550.0,1500.0,Rs./Quintal,FAQ
Sohna APMC,6.4,Metric Tonnes,Potato,1000.0,1200.0,1200.0,Rs./Quintal,Local
Sonepat APMC,16.0,Metric Tonnes,Other,1100.0,1300.0,1200.0,Rs./Quintal,FAQ
Tarori APMC,1.5,Metric Tonnes,Desi,1000.0,1500.0,1200.0,Rs./Quintal,Grade A
Thanesar APMC,19.5,Metric Tonnes,Potato,700.0,3000.0,1900.0,Rs./Quintal,Local
Tohana(New Veg Market) APMC,7.800000000000001,Metric Tonnes,Potato,700.0,800.0,800.0,Rs./Quintal,FAQ
Uklana APMC,0.2,Metric Tonnes,Potato,800.0,800.0,800.0,Rs./Quintal,Medium
Yamuna Nagar APMC,30.3,Metric Tonnes,Other,300.0,800.0,600.0,Rs./Quintal,Medium
Total,888.42,Metric Tonnes,,,,860.06,Rs./Quintal,
State/UT Name : Himachal Pradesh
PMY Bilaspur,2.9000000000000004,Metric Tonnes,Local,800.0,2200.0,1500.0,Rs./Quintal,Grade B
PMY Chamba,5.800000000000001,Metric Tonnes,Potato,1000.0,1200.0,1100.0,Rs./Quintal,Medium
PMY Dhalli Shimla,10.0,Metric Tonnes,Potato,1200.0,2200.0,1600.0,Rs./Quintal,Grade A
PMY Hamirpur,5.9,Metric Tonnes,Other,1000.0,2500.0,1700.0,Rs./Quintal,Grade B
PMY Kangra,2.1,Metric Tonnes,Potato,1000.0,2000.0,1500.0,Rs./Quintal,FAQ
PMY Kather Solan,9.8,Metric Tonnes,Other,800.0,2200.0,1100.0,Rs./Quintal,Medium
PMY Kullu,2.0,Metric Tonnes,Other,800.0,2500.0,1600.0,Rs./Quintal,FAQ
PMY Una,9.05,Metric Tonnes,Potato,700.0,1000.0,850.0,Rs./Quintal,FAQ
SMY Baijnath,0.6,Metric Tonnes,Local,1200.0,2400.0,2000.0,Rs./Quintal,Grade B
SMY Bhuntar,1.9,Metric Tonnes,Other,1000.0,2200.0,1700.0,Rs./Quintal,FAQ
SMY Dhanotu,2.0,Metric Tonnes,Potato,1000.0,2000.0,1500.0,Rs./Quintal,FAQ
SMY Dharamshala,1.5,Metric Tonnes,Potato,1000.0,2300.0,1650.0,Rs./Quintal,FAQ
SMY Jaisinghpur,0.30000000000000004,Metric Tonnes,Potato,1400.0,2600.0,2000.0,Rs./Quintal,FAQ
SMY Jassur,2.5,Metric Tonnes,Other,800.0,1200.0,1000.0,Rs./Quintal,FAQ
SMY Nadaun,0.22999999999999998,Metric Tonnes,Other,1200.0,1400.0,1300.0,Rs./Quintal,Grade B
SMY Nagrota Bagwan,1.3,Metric Tonnes,Potato,1000.0,1800.0,1300.0,Rs./Quintal,FAQ
SMY Nalagarh,2.1,Metric Tonnes,Other,400.0,800.0,600.0,Rs./Quintal,Medium
SMY Palampur,2.9000000000000004,Metric Tonnes,Potato,1200.0,2400.0,1800.0,Rs./Quintal,FAQ
SMY Rampur,0.020000000000000004,Metric Tonnes,Local,3000.0,3500.0,3200.0,Rs./Quintal,Local
SMY Santoshgarh,1.6,Metric Tonnes,Jyoti,700.0,900.0,800.0,Rs./Quintal,FAQ
SMY Takoli,0.2,Metric Tonnes,Other,600.0,1000.0,800.0,Rs./Quintal,Medium
Total,64.7,Metric Tonnes,,,,1306.96,Rs./Quintal,
State/UT Name : Jammu and Kashmir
Batengoo Anantnag (F&V),9.0,Metric Tonnes,Potato,1200.0,1200.0,1200.0,Rs./Quintal,FAQ
Kathua (F&V),25.0,Metric Tonnes,Potato,1000.0,1500.0,1250.0,Rs./Quintal,FAQ
MAC F&V Market Narwal Jammu,120.0,Metric Tonnes,Potato,800.0,1000.0,900.0,Rs./Quintal,FAQ
Parimpore Srinagar (F&V),117.0,Metric Tonnes,Red,1000.0,1100.0,1050.0,Rs./Quintal,Grade A
Parimpore Srinagar (F&V),45.0,Metric Tonnes,Other,600.0,700.0,650.0,Rs./Quintal,Grade B
Rajouri (Phaliana) (F&V),2.0,Metric Tonnes,Local,2000.0,2000.0,2000.0,Rs./Quintal,Grade B
Total,318.0,Metric Tonnes,,,,962.74,Rs./Quintal,
State/UT Name : Karnataka
APMC Hubballi,146.0,Metric Tonnes,Potato,1200.0,1600.0,1500.0,Rs./Quintal,Local
Arasikere APMC,6.0,Metric Tonnes,Local,1500.0,5000.0,1500.0,Rs./Quintal,Medium
Bangarpet APMC,1.5,Metric Tonnes,Local,1000.0,2300.0,1500.0,Rs./Quintal,Local
Belgaum APMC,159.3,Metric Tonnes,Local,1000.0,1800.0,1400.0,Rs./Quintal,Large
Bengaluru APMC,835.2,Metric Tonnes,Local,1000.0,2400.0,2000.0,Rs./Quintal,Medium
Bengaluru APMC,1253.0,Metric Tonnes,Potato,1200.0,2200.0,1800.0,Rs./Quintal,Medium
Channarayapatna APMC,0.4,Metric Tonnes,Local,3500.0,3500.0,3500.0,Rs./Quintal,Medium
Chickkaballapura APMC,9.0,Metric Tonnes,Local,1400.0,2200.0,2100.0,Rs./Quintal,Local
Chikkamagaluru APMC,1.8,Metric Tonnes,Other,1900.0,1900.0,1900.0,Rs./Quintal,Local
Doddaballapur APMC,2.6,Metric Tonnes,Local,1800.0,2200.0,2000.0,Rs./Quintal,Medium
Gauribidanur APMC,0.4,Metric Tonnes,Potato,1000.0,2500.0,2000.0,Rs./Quintal,Local
Hassan APMC,194.5,Metric Tonnes,Potato,1000.0,1000.0,1000.0,Rs./Quintal,Local
Hospet APMC,1.5,Metric Tonnes,Potato,1400.0,1800.0,1500.0,Rs./Quintal,Local
Kalaburagi APMC,20.0,Metric Tonnes,Potato,1000.0,1200.0,1100.0,Rs./Quintal,Local
Kolar APMC,3.5,Metric Tonnes,Local,1500.0,2500.0,2000.0,Rs./Quintal,Local
Mangaluru APMC,5.0,Metric Tonnes,Potato,2200.0,2800.0,2500.0,Rs./Quintal,Local
Shimoga APMC,6.0,Metric Tonnes,Potato,1600.0,2600.0,2000.0,Rs./Quintal,Local
T. Narasipura APMC,0.4,Metric Tonnes,Other,1200.0,1500.0,1500.0,Rs./Quintal,Small
Udupi APMC,24.1,Metric Tonnes,Potato,1400.0,1500.0,1500.0,Rs./Quintal,Local
Total,2670.2,Metric Tonnes,,,,1758.59,Rs./Quintal,
State/UT Name : Keralam
Aluva Market,15.0,Metric Tonnes,Potato,3000.0,4000.0,3500.0,Rs./Quintal,FAQ
Anchal Market,0.32,Metric Tonnes,Potato,4500.0,4500.0,4500.0,Rs./Quintal,Local
Angamaly Market,1.0,Metric Tonnes,Potato,3700.0,4500.0,4100.0,Rs./Quintal,FAQ
Aralamoodu Market,2.0,Metric Tonnes,Potato,5500.0,5500.0,5500.0,Rs./Quintal,FAQ
Broadway market Market,0.2,Metric Tonnes,Red Nanital,4000.0,5000.0,4200.0,Rs./Quintal,Medium
Chala Market,4.0,Metric Tonnes,Big,3200.0,3400.0,3300.0,Rs./Quintal,FAQ
Chathanoor Market,0.4,Metric Tonnes,Other,3800.0,4200.0,4000.0,Rs./Quintal,FAQ
Chavakkad Market,3400.0,Metric Tonnes,Potato,4400.0,4400.0,4400.0,Rs./Quintal,FAQ
Chelakkara Market,0.2,Metric Tonnes,Potato,3800.0,4000.0,3900.0,Rs./Quintal,FAQ
Chengannur Market,0.5,Metric Tonnes,Potato,2900.0,3200.0,3000.0,Rs./Quintal,FAQ
Ettumanoor Market,1.0,Metric Tonnes,Potato,3000.0,3400.0,3200.0,Rs./Quintal,FAQ
Kallachi Market,0.1,Metric Tonnes,Other,2200.0,2600.0,2400.0,Rs./Quintal,FAQ
Kanjangadu Market,0.8,Metric Tonnes,Potato,2600.0,3400.0,3000.0,Rs./Quintal,FAQ
Kayamkulam Market,3.0,Metric Tonnes,Other,1800.0,2000.0,1900.0,Rs./Quintal,FAQ
Koduvayoor Market,40.0,Metric Tonnes,Potato,3000.0,3800.0,3400.0,Rs./Quintal,Medium
Kollengode Market,40.0,Metric Tonnes,Potato,3600.0,4000.0,3800.0,Rs./Quintal,FAQ
Kondotty Market,0.25,Metric Tonnes,Other,2400.0,2600.0,2500.0,Rs./Quintal,FAQ
Kothamangalam Market,1.0,Metric Tonnes,Potato,3000.0,4000.0,3500.0,Rs./Quintal,FAQ
Kottarakkara Market,0.01,Metric Tonnes,Other,2300.0,2300.0,2300.0,Rs./Quintal,Local
Kottayam Market,3.0,Metric Tonnes,Potato,3200.0,3600.0,3400.0,Rs./Quintal,FAQ
Madhavapuram Market,1.1,Metric Tonnes,Other,3200.0,3600.0,3400.0,Rs./Quintal,FAQ
Manjeri Market,7.0,Metric Tonnes,Other,2350.0,2450.0,2400.0,Rs./Quintal,Local
Mukkom Market,0.5,Metric Tonnes,Potato,2400.0,2800.0,2600.0,Rs./Quintal,FAQ
Neeleswaram Market,1.0,Metric Tonnes,Other,3400.0,3800.0,3600.0,Rs./Quintal,FAQ
North Paravur Market,1.0,Metric Tonnes,Red Nanital,3500.0,4500.0,4000.0,Rs./Quintal,FAQ
Pala Market,3.0,Metric Tonnes,Other,3600.0,4400.0,4000.0,Rs./Quintal,FAQ
Palakkad Market,5.0,Metric Tonnes,Potato,3600.0,4500.0,4100.0,Rs./Quintal,FAQ
Pampady Market,2.0,Metric Tonnes,Big,3500.0,5000.0,4500.0,Rs./Quintal,FAQ
Parappanangadi Market,1.5,Metric Tonnes,Other,2110.0,2310.0,2210.0,Rs./Quintal,FAQ
Pattambi Market,0.5,Metric Tonnes,Potato,2000.0,2600.0,2400.0,Rs./Quintal,FAQ
Perinthalmanna Market,5.0,Metric Tonnes,Potato,2000.0,2400.0,2200.0,Rs./Quintal,Large
Pothencode Market,550.0,Metric Tonnes,Potato,4500.0,4600.0,4500.0,Rs./Quintal,Local
Punalur Market,0.001,Metric Tonnes,Potato,4400.0,4800.0,4700.0,Rs./Quintal,Medium
Quilandy Market,0.6,Metric Tonnes,Other,2300.0,2400.0,2400.0,Rs./Quintal,FAQ
Taliparamba Market,0.04,Metric Tonnes,Potato,2300.0,2500.0,2400.0,Rs./Quintal,FAQ
Thalasserry Market,0.2,Metric Tonnes,Other,1800.0,2800.0,2300.0,Rs./Quintal,FAQ
Thamarassery Market,0.3,Metric Tonnes,Other,2500.0,2700.0,2500.0,Rs./Quintal,FAQ
Thirurrangadi Market,6.0,Metric Tonnes,Other,2500.0,2600.0,2600.0,Rs./Quintal,FAQ
Thrippunithura Market,1.0,Metric Tonnes,Potato,4500.0,5000.0,4500.0,Rs./Quintal,Medium
Thrissur Market,10.0,Metric Tonnes,Potato,3500.0,4000.0,3800.0,Rs./Quintal,FAQ
Vamanapuram Market,0.12,Metric Tonnes,Other,4000.0,4500.0,4000.0,Rs./Quintal,FAQ
Vandiperiyar Market,0.05,Metric Tonnes,Other,3000.0,3200.0,3000.0,Rs./Quintal,Grade Range-1
Total,4108.69,Metric Tonnes,,,,4377.01,Rs./Quintal,
State/UT Name : Madhya Pradesh
Anuppur(F&V) APMC,3.0,Metric Tonnes,Potato,1000.0,1000.0,1000.0,Rs./Quintal,Grade C
Aron (F&V) APMC,0.1,Metric Tonnes,Local,950.0,980.0,960.0,Rs./Quintal,Medium
Bareli(F&V) APMC,3.98,Metric Tonnes,Desi,1000.0,1000.0,1000.0,Rs./Quintal,Grade A
Bhopal(F&V) APMC,136.0,Metric Tonnes,Other,400.0,1000.0,700.0,Rs./Quintal,Local
Burhanpur(F&V) APMC,8.9,Metric Tonnes,Local,400.0,800.0,650.0,Rs./Quintal,Local
Chhatarpur (F&V) APMC,10.0,Metric Tonnes,Other,850.0,850.0,850.0,Rs./Quintal,Grade C
Damoh(F&V) APMC,5.0,Metric Tonnes,Local,800.0,800.0,800.0,Rs./Quintal,Local
Deori (F&V) APMC,1.3,Metric Tonnes,Potato,710.0,710.0,710.0,Rs./Quintal,Grade B
Dewas(F&V) APMC,2.2,Metric Tonnes,Other,400.0,1500.0,800.0,Rs./Quintal,FAQ
Dhamnod(F&V) APMC,2.6,Metric Tonnes,Potato,700.0,900.0,800.0,Rs./Quintal,Local
Gadarwada (F&V) APMC,4.5,Metric Tonnes,Other,900.0,900.0,900.0,Rs./Quintal,Grade B
Guna(F&V) APMC,1.0,Metric Tonnes,Other,800.0,900.0,850.0,Rs./Quintal,Grade B
Harda(F&V) APMC,1.8,Metric Tonnes,Desi,1200.0,1600.0,1500.0,Rs./Quintal,Medium
Itarsi(F&V) APMC,2.57,Metric Tonnes,Potato,900.0,1000.0,900.0,Rs./Quintal,FAQ
Jabalpur(F&V) APMC,71.0,Metric Tonnes,Potato,1100.0,1500.0,1200.0,Rs./Quintal,Medium
Kailaras APMC,8.0,Metric Tonnes,Other,300.0,1050.0,1050.0,Rs./Quintal,FAQ
Karera(F&V) APMC,1.1,Metric Tonnes,Potato,500.0,1400.0,800.0,Rs./Quintal,Local
Katni APMC,12.0,Metric Tonnes,Potato,700.0,700.0,700.0,Rs./Quintal,FAQ
Katni(F&V) APMC,25.0,Metric Tonnes,Other,460.0,460.0,460.0,Rs./Quintal,Grade C
Khargone(F&V) APMC,0.32,Metric Tonnes,Potato,800.0,1100.0,900.0,Rs./Quintal,Medium
Khurai(F&V) APMC,13.600000000000001,Metric Tonnes,Potato,500.0,700.0,600.0,Rs./Quintal,Local
Kukshi(F&V) APMC,0.7000000000000001,Metric Tonnes,Potato,700.0,1200.0,900.0,Rs./Quintal,Grade A
Maihar(F&V) APMC,7.0,Metric Tonnes,Potato,600.0,600.0,600.0,Rs./Quintal,Local
Manawar(F&V) APMC,1.5,Metric Tonnes,Potato,1100.0,1250.0,1167.0,Rs./Quintal,Grade B
Mandsaur(F&V) APMC,3.6,Metric Tonnes,Other,700.0,1120.0,900.0,Rs./Quintal,Grade B
Mhow (Ambedkar Nagar) (F&V) APMC,0.6000000000000001,Metric Tonnes,Potato,1000.0,2000.0,1300.0,Rs./Quintal,Grade B
Morena APMC,40.0,Metric Tonnes,Desi,200.0,400.0,200.0,Rs./Quintal,Non-FAQ
Morena(F&V) APMC,40.0,Metric Tonnes,Potato,200.0,400.0,200.0,Rs./Quintal,Non-FAQ
Narmadapuram (F&V) APMC,6.6,Metric Tonnes,Potato,450.0,870.0,540.0,Rs./Quintal,FAQ
Petlawad(F&V) APMC,0.3,Metric Tonnes,Desi,1000.0,1000.0,1000.0,Rs./Quintal,Grade A
Pipariya(F&V) APMC,8.0,Metric Tonnes,Potato,600.0,1400.0,1000.0,Rs./Quintal,Local
Porsa APMC,6.0,Metric Tonnes,Potato,600.0,650.0,650.0,Rs./Quintal,FAQ
Ratlam(F&V) APMC,1.6,Metric Tonnes,Other,800.0,1100.0,1000.0,Rs./Quintal,FAQ
Rehli(F&V) APMC,0.2,Metric Tonnes,Potato,800.0,1000.0,900.0,Rs./Quintal,Grade C
Sabalgarh(F&V) APMC,10.0,Metric Tonnes,Desi,400.0,500.0,400.0,Rs./Quintal,FAQ
Sagar(F&V) APMC,5.0,Metric Tonnes,Local,600.0,700.0,650.0,Rs./Quintal,Local
Sanawad(F&V) APMC,3.0,Metric Tonnes,Desi,1000.0,1200.0,1200.0,Rs./Quintal,Medium
Sanwer(F&V) APMC,0.1,Metric Tonnes,Potato,1000.0,1600.0,1300.0,Rs./Quintal,FAQ
Seoni(F&V) APMC,7.4,Metric Tonnes,Desi,1350.0,1350.0,1350.0,Rs./Quintal,Grade C
Shivpuri(F&V) APMC,5.5,Metric Tonnes,Other,800.0,800.0,800.0,Rs./Quintal,Grade B
Thandla APMC,1.59,Metric Tonnes,Other,900.0,1300.0,1100.0,Rs./Quintal,FAQ
Total,462.66,Metric Tonnes,,,,711.82,Rs./Quintal,
State/UT Name : Maharashtra
APMC Ahilyanagar ,41.5,Metric Tonnes,Other,700.0,1800.0,1250.0,Rs./Quintal,Local
APMC Chattrapati Sambhajinagar ,96.0,Metric Tonnes,Other,550.0,1200.0,875.0,Rs./Quintal,Local
APMC Hingna,2.9,Metric Tonnes,Local,1300.0,1500.0,1383.0,Rs./Quintal,Local
APMC Jalgaon ,61.0,Metric Tonnes,Other,500.0,1000.0,700.0,Rs./Quintal,Local
APMC Kalyan ,0.3,Metric Tonnes,Other,1000.0,1200.0,1100.0,Rs./Quintal,Local
APMC Kamthi ,4.0,Metric Tonnes,Local,2000.0,2500.0,2350.0,Rs./Quintal,Local
APMC Khed ,10.8,Metric Tonnes,Other,1000.0,1500.0,1250.0,Rs./Quintal,Local
APMC Nagpur ,402.5,Metric Tonnes,Local,800.0,1100.0,1025.0,Rs./Quintal,Local
APMC Nasik ,130.5,Metric Tonnes,Other,700.0,1300.0,850.0,Rs./Quintal,Local
APMC Pune ,577.6,Metric Tonnes,Local,600.0,1500.0,1050.0,Rs./Quintal,Local
APMC Satara ,52.7,Metric Tonnes,Other,1000.0,1400.0,1200.0,Rs./Quintal,Local
APMC Shrirampur ,11.0,Metric Tonnes,Other,900.0,1000.0,950.0,Rs./Quintal,Local
APMC Solapur ,58.0,Metric Tonnes,Local,900.0,1250.0,1000.0,Rs./Quintal,Local
APMC Vaduj ,3.0,Metric Tonnes,Local,1400.0,1500.0,1450.0,Rs./Quintal,Local
APMC Vai ,2.0,Metric Tonnes,Local,1500.0,1800.0,1650.0,Rs./Quintal,Local
Amrawati(Frui & Veg. Market) ,50.8,Metric Tonnes,Local,800.0,1400.0,1100.0,Rs./Quintal,Local
Chandrapur(Ganjwad) ,73.3,Metric Tonnes,Other,1100.0,1350.0,1250.0,Rs./Quintal,Local
Junnar(Narayangaon) ,1.0,Metric Tonnes,Other,200.0,1200.0,700.0,Rs./Quintal,Local
Mumbai-Onion & Potato Market ,1753.0,Metric Tonnes,Other,700.0,1200.0,950.0,Rs./Quintal,Local
Pune(Khadiki) ,0.7,Metric Tonnes,Local,700.0,1200.0,950.0,Rs./Quintal,Local
Pune(Manjri) ,4.6,Metric Tonnes,Other,1500.0,1800.0,1600.0,Rs./Quintal,Local
Pune(Moshi) ,113.7,Metric Tonnes,Local,1000.0,1200.0,1100.0,Rs./Quintal,Local
"Sangli(Phale, Bhajipala Market) ",127.0,Metric Tonnes,Local,800.0,1700.0,1250.0,Rs./Quintal,Local
Total,3577.9,Metric Tonnes,,,,1000.73,Rs./Quintal,
State/UT Name : Manipur
Bishenpur APMC,1.8,Metric Tonnes,Other,2000.0,2500.0,2250.0,Rs./Quintal,FAQ
Imphal APMC,4.6,Metric Tonnes,Other,2200.0,3000.0,2600.0,Rs./Quintal,FAQ
Kakching Market APMC,0.8,Metric Tonnes,Other,3000.0,3500.0,3250.0,Rs./Quintal,FAQ
Lamlong Bazaar APMC,2.0,Metric Tonnes,Other,2500.0,3000.0,2750.0,Rs./Quintal,FAQ
Thoubal APMC,1.6,Metric Tonnes,Other,2500.0,3000.0,2750.0,Rs./Quintal,FAQ
Total,10.8,Metric Tonnes,,,,2639.81,Rs./Quintal,
State/UT Name : Meghalaya
Jowai APMC,1.7,Metric Tonnes,Jyoti,1300.0,2000.0,1650.0,Rs./Quintal,Local
Shillong APMC,12.0,Metric Tonnes,Local,1600.0,1800.0,1700.0,Rs./Quintal,FAQ
Total,13.7,Metric Tonnes,,,,1693.8,Rs./Quintal,
State/UT Name : NCT of Delhi
APMC Azadpur,161.5,Metric Tonnes,Potato,200.0,1900.0,1087.0,Rs./Quintal,FAQ
APMC Keshopur,131.75,Metric Tonnes,Other,800.0,1200.0,1000.0,Rs./Quintal,FAQ
"Fruit&Vegetable Market,Gazipur APMC",447.8,Metric Tonnes,Potato,900.0,1100.0,1000.0,Rs./Quintal,FAQ
Total,741.05,Metric Tonnes,,,,1018.96,Rs./Quintal,
State/UT Name : Nagaland
Phek APMC,1.0,Metric Tonnes,Potato,2600.0,2800.0,2700.0,Rs./Quintal,FAQ
Total,1.0,Metric Tonnes,,,,2700.0,Rs./Quintal,
State/UT Name : Odisha
Balugaon APMC,3.0,Metric Tonnes,Kufri Giriraj,2200.0,2200.0,2200.0,Rs./Quintal,Grade A
Bargarh APMC,207.0,Metric Tonnes,Potato,3000.0,4000.0,3500.0,Rs./Quintal,Local
Bargarh(Barapalli) APMC,150.0,Metric Tonnes,Potato,3000.0,4000.0,3500.0,Rs./Quintal,Medium
Birmaharajpur APMC,2.0,Metric Tonnes,Other,1700.0,1850.0,1750.0,Rs./Quintal,Local
Bolangir APMC,5.2,Metric Tonnes,Other,1400.0,1800.0,1600.0,Rs./Quintal,Medium
Boudh APMC,1.5,Metric Tonnes,Other,1800.0,2200.0,2000.0,Rs./Quintal,Local
Chandabali APMC,56.0,Metric Tonnes,Other,1280.0,1500.0,1370.0,Rs./Quintal,Grade Range-2
Dungurapalli APMC,0.30000000000000004,Metric Tonnes,Other,2000.0,2150.0,2100.0,Rs./Quintal,Medium
Hindol APMC,2.3000000000000003,Metric Tonnes,Potato,1300.0,1500.0,1400.0,Rs./Quintal,Grade B
Jagatsinghpur APMC,300.0,Metric Tonnes,Potato,1350.0,1500.0,1400.0,Rs./Quintal,FAQ
Jharsuguda APMC,1.5,Metric Tonnes,Other,1700.0,2000.0,1700.0,Rs./Quintal,Grade A
Kamakhyanagar APMC,10.5,Metric Tonnes,Potato,2600.0,2600.0,2600.0,Rs./Quintal,Grade A
Khariar APMC,0.8,Metric Tonnes,Potato,2000.0,2000.0,2000.0,Rs./Quintal,Grade A
Khariar Road APMC,0.8,Metric Tonnes,Other,2000.0,2000.0,2000.0,Rs./Quintal,Grade A
Pandkital APMC,0.24,Metric Tonnes,Other,2100.0,2160.0,2150.0,Rs./Quintal,Local
Rairakhol APMC,1.2000000000000002,Metric Tonnes,Potato,1200.0,1500.0,1400.0,Rs./Quintal,Grade B
Sargipali APMC,2.5,Metric Tonnes,Other,1100.0,1500.0,1200.0,Rs./Quintal,FAQ
Talcher APMC,3.5,Metric Tonnes,Other,1600.0,2250.0,1900.0,Rs./Quintal,Grade C
Tusura APMC,5.2,Metric Tonnes,Other,1400.0,1800.0,1600.0,Rs./Quintal,Medium
Udala APMC,3.0,Metric Tonnes,Potato,900.0,1100.0,1000.0,Rs./Quintal,FAQ
Total,756.54,Metric Tonnes,,,,2415.87,Rs./Quintal,
State/UT Name : Punjab
Abohar APMC,12.0,Metric Tonnes,Potato,300.0,550.0,450.0,Rs./Quintal,Medium
Adampur APMC,5.0,Metric Tonnes,Local,500.0,600.0,600.0,Rs./Quintal,FAQ
Ahmedgarh APMC,0.30000000000000004,Metric Tonnes,Local,380.0,400.0,400.0,Rs./Quintal,Local
Ajnala APMC,0.6,Metric Tonnes,Potato,800.0,800.0,800.0,Rs./Quintal,Local
Baghapurana APMC,0.75,Metric Tonnes,Potato,600.0,800.0,700.0,Rs./Quintal,Grade B
Balachaur APMC,6.0,Metric Tonnes,Other,700.0,900.0,800.0,Rs./Quintal,Medium
Bassi Pathana APMC,1.0,Metric Tonnes,Potato,1000.0,1200.0,1100.0,Rs./Quintal,Medium
Bathinda APMC,380.0,Metric Tonnes,Other,700.0,800.0,750.0,Rs./Quintal,Grade B
Bhagta Bhai Ka APMC,0.7,Metric Tonnes,Other,900.0,900.0,900.0,Rs./Quintal,Medium
Bhucho APMC,0.3,Metric Tonnes,Local,700.0,700.0,700.0,Rs./Quintal,Local
Dasuya APMC,1.8,Metric Tonnes,Potato,1100.0,1100.0,1100.0,Rs./Quintal,Grade B
Dera Bassi APMC,2.2,Metric Tonnes,Potato,1500.0,1500.0,1500.0,Rs./Quintal,Local
Dharamkot APMC,0.0031000000000000003,Metric Tonnes,Other,1000.0,1000.0,1000.0,Rs./Quintal,Grade A
Dhariwal APMC,705.0,Metric Tonnes,Potato,650.0,650.0,650.0,Rs./Quintal,Grade A
Dhuri APMC,1.1,Metric Tonnes,Other,620.0,650.0,630.0,Rs./Quintal,Medium
Doraha APMC,0.048,Metric Tonnes,Desi,250.0,700.0,600.0,Rs./Quintal,Local
Dudhansadhan APMC,0.4,Metric Tonnes,Other,800.0,800.0,800.0,Rs./Quintal,Grade B
F.G.Churian APMC,0.4,Metric Tonnes,Potato,900.0,900.0,900.0,Rs./Quintal,Grade A
Faridkot APMC,7.65,Metric Tonnes,Other,500.0,500.0,500.0,Rs./Quintal,Grade A
Fazilka APMC,13.03,Metric Tonnes,Potato,900.0,900.0,900.0,Rs./Quintal,FAQ
Ferozepur Cantt. APMC,0.32,Metric Tonnes,Local,400.0,600.0,500.0,Rs./Quintal,Grade A
Garh Shankar APMC,9.8,Metric Tonnes,Potato,1000.0,1000.0,1000.0,Rs./Quintal,FAQ
Garh Shankar(Mahalpur) APMC,6.8,Metric Tonnes,Potato,700.0,700.0,700.0,Rs./Quintal,FAQ
GarhShankar (Kotfatuhi) APMC,0.5,Metric Tonnes,Other,1000.0,1000.0,1000.0,Rs./Quintal,FAQ
Ghanaur APMC,0.2,Metric Tonnes,Other,800.0,1000.0,900.0,Rs./Quintal,FAQ
Giddarbaha APMC,2.6,Metric Tonnes,Potato,900.0,900.0,900.0,Rs./Quintal,FAQ
Goraya APMC,2.0,Metric Tonnes,Other,900.0,900.0,900.0,Rs./Quintal,Local
Jagraon APMC,4.0,Metric Tonnes,Other,230.0,230.0,230.0,Rs./Quintal,FAQ
Jalalabad APMC,5.2,Metric Tonnes,Potato,1050.0,1250.0,1150.0,Rs./Quintal,Medium
Jalandhar City(Jalandhar) APMC,213.10000000000002,Metric Tonnes,Other,130.0,600.0,340.0,Rs./Quintal,FAQ
Khamano APMC,0.5,Metric Tonnes,Potato,1000.0,1000.0,1000.0,Rs./Quintal,FAQ
Khanna APMC,43.6,Metric Tonnes,Local,500.0,500.0,500.0,Rs./Quintal,Grade A
Kotkapura APMC,20.0,Metric Tonnes,Potato,750.0,850.0,800.0,Rs./Quintal,FAQ
Kurali APMC,4.1000000000000005,Metric Tonnes,Other,810.0,850.0,825.0,Rs./Quintal,Medium
Lalru APMC,4.5,Metric Tonnes,Other,850.0,850.0,850.0,Rs./Quintal,Local
Lehra Gaga APMC,2.5,Metric Tonnes,Other,700.0,700.0,700.0,Rs./Quintal,Grade A
Lohian Khas APMC,0.5,Metric Tonnes,Other,300.0,500.0,400.0,Rs./Quintal,Local
Ludhiana APMC,138.9,Metric Tonnes,Other,100.0,600.0,300.0,Rs./Quintal,FAQ
Malerkotla APMC,12.0,Metric Tonnes,Other,300.0,600.0,500.0,Rs./Quintal,Local
Malout APMC,16.011,Metric Tonnes,Potato,750.0,750.0,750.0,Rs./Quintal,Grade A
Mansa APMC,10.0,Metric Tonnes,Other,940.0,940.0,940.0,Rs./Quintal,FAQ
Maur APMC,0.6000000000000001,Metric Tonnes,Other,650.0,750.0,700.0,Rs./Quintal,Grade B
Mukerian APMC,2.99,Metric Tonnes,Potato,800.0,1000.0,900.0,Rs./Quintal,Local
Mukerian(Talwara) APMC,1.0,Metric Tonnes,Potato,800.0,1600.0,1200.0,Rs./Quintal,FAQ
Muktsar APMC,10.0,Metric Tonnes,Potato,800.0,1200.0,1000.0,Rs./Quintal,Medium
Nabha APMC,14.200000000000001,Metric Tonnes,Other,350.0,600.0,430.0,Rs./Quintal,Grade C
Nakodar APMC,1.1,Metric Tonnes,Potato,400.0,400.0,400.0,Rs./Quintal,Local
Nawan Shahar(Subzi Mandi) APMC,13.5,Metric Tonnes,Potato,700.0,800.0,750.0,Rs./Quintal,FAQ
Nihal Singh Wala APMC,1.0,Metric Tonnes,Other,650.0,650.0,650.0,Rs./Quintal,FAQ
Pathankot APMC,60.0,Metric Tonnes,Potato,500.0,500.0,500.0,Rs./Quintal,Medium
Patiala APMC,50.0,Metric Tonnes,Potato,400.0,600.0,500.0,Rs./Quintal,Grade B
Patran APMC,138.0,Metric Tonnes,Other,420.0,420.0,420.0,Rs./Quintal,Grade A
Patti APMC,0.72,Metric Tonnes,Potato,0.08,0.08,0.08,Rs./Quintal,Local
Phagwara APMC,20.5,Metric Tonnes,Other,400.0,800.0,565.0,Rs./Quintal,FAQ
Phillaur(Apra Mandi) APMC,0.2,Metric Tonnes,Other,900.0,900.0,900.0,Rs./Quintal,FAQ
Quadian APMC,1.5,Metric Tonnes,Other,400.0,600.0,500.0,Rs./Quintal,Grade A
Raikot APMC,3.0,Metric Tonnes,Badshah,650.0,650.0,650.0,Rs./Quintal,Grade A
Raman APMC,3.1,Metric Tonnes,Other,525.0,625.0,580.0,Rs./Quintal,Medium
Rampuraphul(Nabha Mandi) APMC,2.0,Metric Tonnes,Other,600.0,800.0,700.0,Rs./Quintal,Grade A
Rayya APMC,0.042,Metric Tonnes,Potato,750.0,750.0,750.0,Rs./Quintal,FAQ
Ropar APMC,180.0,Metric Tonnes,Local,700.0,900.0,800.0,Rs./Quintal,Non-FAQ
Samana APMC,65.0,Metric Tonnes,Other,500.0,1600.0,600.0,Rs./Quintal,Local
Samrala APMC,2.5,Metric Tonnes,Other,500.0,600.0,550.0,Rs./Quintal,Local
Sirhind APMC,8.4,Metric Tonnes,Other,500.0,900.0,800.0,Rs./Quintal,FAQ
Talwandi Sabo APMC,0.4,Metric Tonnes,Other,800.0,1000.0,900.0,Rs./Quintal,Grade A
Tanda Urmur APMC,3.2,Metric Tonnes,Local,1000.0,1200.0,1100.0,Rs./Quintal,Grade A
Tarantaran APMC,0.8,Metric Tonnes,Other,900.0,900.0,900.0,Rs./Quintal,Local
Zira APMC,1.53,Metric Tonnes,Other,700.0,700.0,700.0,Rs./Quintal,Local
Total,2220.69,Metric Tonnes,,,,610.72,Rs./Quintal,
State/UT Name : Rajasthan
Abu Road APMC,3.78,Metric Tonnes,Other,775.0,825.0,800.0,Rs./Quintal,Local
Ajmer(F&V) APMC,109.0,Metric Tonnes,Other,700.0,1000.0,850.0,Rs./Quintal,Medium
Alwar APMC,74.9,Metric Tonnes,Other,600.0,1000.0,700.0,Rs./Quintal,Medium
Baran APMC,3.2,Metric Tonnes,Other,500.0,700.0,600.0,Rs./Quintal,Local
Bassi APMC,0.2,Metric Tonnes,Other,1800.0,2200.0,2000.0,Rs./Quintal,Local
Bayana APMC,3.0,Metric Tonnes,Other,1100.0,1100.0,1100.0,Rs./Quintal,Local
Bhadara APMC,2.1,Metric Tonnes,Other,800.0,900.0,843.0,Rs./Quintal,FAQ
Bhilwara APMC,42.6,Metric Tonnes,Other,900.0,1100.0,1000.0,Rs./Quintal,FAQ
Churu APMC,3.0,Metric Tonnes,Red Nanital,900.0,1100.0,1000.0,Rs./Quintal,FAQ
Dablirathan APMC,0.30000000000000004,Metric Tonnes,Red Nanital,900.0,950.0,925.0,Rs./Quintal,Local
Goluwala APMC,0.37000000000000005,Metric Tonnes,Red Nanital,500.0,600.0,600.0,Rs./Quintal,Non-FAQ
HanumangarhTown APMC,180.0,Metric Tonnes,Red Nanital,600.0,600.0,600.0,Rs./Quintal,Non-FAQ
Jaipur (F&V) APMC,11.5,Metric Tonnes,Other,400.0,800.0,600.0,Rs./Quintal,FAQ
Jalore APMC,0.30000000000000004,Metric Tonnes,Potato,1200.0,1500.0,1300.0,Rs./Quintal,Local
Jodhpur (F&V) APMC,410.5,Metric Tonnes,Potato,500.0,800.0,650.0,Rs./Quintal,Medium
Kota (F&V) APMC,218.5,Metric Tonnes,Other,700.0,700.0,700.0,Rs./Quintal,Medium
Rajsamand APMC,6.2,Metric Tonnes,Potato,1000.0,1200.0,1100.0,Rs./Quintal,FAQ
Rawatsar APMC,1.5,Metric Tonnes,Red Nanital,600.0,1500.0,800.0,Rs./Quintal,FAQ
Sangriya APMC,0.6000000000000001,Metric Tonnes,Potato,500.0,1200.0,800.0,Rs./Quintal,Local
Sikar APMC,64.8,Metric Tonnes,Other,700.0,700.0,700.0,Rs./Quintal,FAQ
Sriganganagar (F&V) APMC,29.0,Metric Tonnes,Desi,800.0,1200.0,1000.0,Rs./Quintal,Grade A
Sujangarh APMC,1.5,Metric Tonnes,Other,700.0,900.0,800.0,Rs./Quintal,Local
Udaipur (F&V) APMC,66.3,Metric Tonnes,Other,400.0,900.0,650.0,Rs./Quintal,Medium
Total,1233.15,Metric Tonnes,,,,700.49,Rs./Quintal,
State/UT Name : Tamil Nadu
AJattihalli(Uzhavar Sandhai ),0.46,Metric Tonnes,Other,2400.0,2800.0,2600.0,Rs./Quintal,Local
Alangudi(Uzhavar Sandhai ),0.12,Metric Tonnes,Other,5000.0,6000.0,5500.0,Rs./Quintal,Local
Ambattur(Uzhavar Sandhai ),0.04,Metric Tonnes,Red Nanital,4000.0,4000.0,4000.0,Rs./Quintal,Local
Ammapet(Uzhavar Sandhai ),0.07,Metric Tonnes,Other,4000.0,4500.0,4250.0,Rs./Quintal,Local
Anaiyur(Uzhavar Sandhai ),0.36,Metric Tonnes,Red Nanital,3500.0,4000.0,3750.0,Rs./Quintal,Local
Andipatti(Uzhavar Sandhai ),0.3,Metric Tonnes,Other,2600.0,2800.0,2700.0,Rs./Quintal,Local
Anna nagar(Uzhavar Sandhai ),0.3,Metric Tonnes,Other,6000.0,6000.0,6000.0,Rs./Quintal,Local
Arani(Uzhavar Sandhai ),0.57,Metric Tonnes,Red Nanital,3000.0,3600.0,3300.0,Rs./Quintal,Local
Arcot(Uzhavar Sandhai ),0.29,Metric Tonnes,Other,3000.0,3000.0,3000.0,Rs./Quintal,Local
Ariyalur(Uzhavar Sandhai),0.04,Metric Tonnes,Red Nanital,3500.0,4000.0,3750.0,Rs./Quintal,Local
Aruppukottai(Uzhavar Sandhai ),0.25,Metric Tonnes,Red Nanital,3000.0,3500.0,3250.0,Rs./Quintal,Local
Athur(Uzhavar Sandhai ),0.04,Metric Tonnes,Other,5000.0,5500.0,5250.0,Rs./Quintal,Local
Avallapalli(Uzhavar Sandhai ),0.17,Metric Tonnes,Red Nanital,2000.0,2500.0,2250.0,Rs./Quintal,Local
Bodinayakanur(Uzhavar Sandhai ),0.26,Metric Tonnes,Red Nanital,2800.0,2800.0,2800.0,Rs./Quintal,Local
Chengalpet(Uzhavar Sandhai ),0.08,Metric Tonnes,Red Nanital,2500.0,3000.0,2750.0,Rs./Quintal,Local
Chengam(Uzhavar Sandhai ),0.12,Metric Tonnes,Red Nanital,2500.0,3000.0,2750.0,Rs./Quintal,Local
Cheyyar(Uzhavar Sandhai ),0.05,Metric Tonnes,Other,3500.0,4000.0,3750.0,Rs./Quintal,Local
Chidambaram(Uzhavar Sandhai ),0.01,Metric Tonnes,Red Nanital,4000.0,4000.0,4000.0,Rs./Quintal,Local
Chinnalapatti(Uzhavar Sandhai ),0.07,Metric Tonnes,Red Nanital,4000.0,6000.0,5000.0,Rs./Quintal,Local
Chinnamanur(Uzhavar Sandhai ),0.35,Metric Tonnes,Other,4000.0,4000.0,4000.0,Rs./Quintal,Local
Chokkikulam(Uzhavar Sandhai ),1.5,Metric Tonnes,Red Nanital,3000.0,5000.0,4000.0,Rs./Quintal,Local
Coonoor(Uzhavar Sandhai ),0.8,Metric Tonnes,Other,5000.0,6000.0,5500.0,Rs./Quintal,Local
Cuddalore(Uzhavar Sandhai ),0.35,Metric Tonnes,Red Nanital,4000.0,4000.0,4000.0,Rs./Quintal,Local
Denkanikottai(Uzhavar Sandhai ),0.19,Metric Tonnes,Red Nanital,2000.0,2500.0,2250.0,Rs./Quintal,Local
Devakottai (Uzhavar Sandhai ),0.14,Metric Tonnes,Other,3000.0,3400.0,3200.0,Rs./Quintal,Local
Devaram(Uzhavar Sandhai ),0.26,Metric Tonnes,Red Nanital,2700.0,2700.0,2700.0,Rs./Quintal,Local
Dharapuram(Uzhavar Sandhai ),0.56,Metric Tonnes,Red Nanital,4000.0,6000.0,5000.0,Rs./Quintal,Local
Dharmapuri(Uzhavar Sandhai ),0.49,Metric Tonnes,Red Nanital,2600.0,2800.0,2700.0,Rs./Quintal,Local
Dindigul(Uzhavar Sandhai ),0.55,Metric Tonnes,Other,5000.0,6000.0,5500.0,Rs./Quintal,Local
Edapadi (Uzhavar Sandhai ),0.35,Metric Tonnes,Other,2800.0,3000.0,2900.0,Rs./Quintal,Local
Elampillai(Uzhavar Sandhai ),0.35,Metric Tonnes,Other,2500.0,3000.0,2750.0,Rs./Quintal,Local
Gandarvakottai(Uzhavar Sandhai ),0.29,Metric Tonnes,Other,5500.0,6000.0,5750.0,Rs./Quintal,Local
Gandhigramam(Uzhavar Sandhai),0.32,Metric Tonnes,Other,3500.0,6000.0,4750.0,Rs./Quintal,Local
Gingee(Uzhavar Sandhai ),0.08,Metric Tonnes,Red Nanital,4000.0,4000.0,4000.0,Rs./Quintal,Local
Gobichettipalayam(Uzhavar Sandhai ),0.19,Metric Tonnes,Red Nanital,3400.0,3600.0,3500.0,Rs./Quintal,Local
Gudalur(Uzhavar Sandhai ),0.05,Metric Tonnes,Red Nanital,4000.0,5000.0,4500.0,Rs./Quintal,Local
Gudiyatham(Uzhavar Sandhai ),0.08,Metric Tonnes,Red Nanital,3000.0,3000.0,3000.0,Rs./Quintal,Local
Guduvancheri(Uzhavar Sandhai ),0.06,Metric Tonnes,Other,2500.0,3000.0,2750.0,Rs./Quintal,Local
Harur(Uzhavar Sandhai ),0.2,Metric Tonnes,Red Nanital,2500.0,3000.0,2750.0,Rs./Quintal,Local
Hasthampatti(Uzhavar Sandhai ),0.36,Metric Tonnes,Other,4500.0,5000.0,4750.0,Rs./Quintal,Local
Hosur(Uzhavar Sandhai ),2.02,Metric Tonnes,Red Nanital,2000.0,2500.0,2250.0,Rs./Quintal,Local
Jalagandapuram(Uzhavar Sandhai ),0.1,Metric Tonnes,Other,2600.0,2800.0,2700.0,Rs./Quintal,Local
Jameenrayapettai(Uzhavar Sandhai ),0.17,Metric Tonnes,Other,2500.0,3000.0,2750.0,Rs./Quintal,Local
KKNagar(Uzhavar Sandhai ),0.6,Metric Tonnes,Other,6000.0,6000.0,6000.0,Rs./Quintal,Local
Kahithapattarai(Uzhavar Sandhai ),0.11,Metric Tonnes,Other,2400.0,2400.0,2400.0,Rs./Quintal,Local
Kallakurichi(Uzhavar Sandhai ),0.17,Metric Tonnes,Red Nanital,3500.0,3500.0,3500.0,Rs./Quintal,Local
Kambam(Uzhavar Sandhai ),1.5,Metric Tonnes,Other,2800.0,2800.0,2800.0,Rs./Quintal,Local
Kancheepuram(Uzhavar Sandhai ),0.05,Metric Tonnes,Other,3000.0,4000.0,3500.0,Rs./Quintal,Local
Karaikudi(Uzhavar Sandhai ),0.28,Metric Tonnes,Red Nanital,4400.0,5500.0,4950.0,Rs./Quintal,Local
Karimangalam(Uzhavar Sandhai),0.09,Metric Tonnes,Other,2600.0,2800.0,2700.0,Rs./Quintal,Local
Kariyapatti(Uzhavar Sandhai ),0.19,Metric Tonnes,Red Nanital,3000.0,3500.0,3250.0,Rs./Quintal,Local
Karur(Uzhavar Sandhai ),0.22,Metric Tonnes,Other,5500.0,6000.0,5750.0,Rs./Quintal,Local
Katpadi (Uzhavar Sandhai ),0.8,Metric Tonnes,Red Nanital,2500.0,3500.0,3000.0,Rs./Quintal,Local
Kaveripattinam(Uzhavar Sandhai ),0.08,Metric Tonnes,Red Nanital,4000.0,4000.0,4000.0,Rs./Quintal,Local
Kodaikkanal(Uzhavar Sandhai),0.01,Metric Tonnes,Other,4000.0,4500.0,4250.0,Rs./Quintal,Local
Kovilpatti(Uzhavar Sandhai ),0.16,Metric Tonnes,Other,3500.0,4000.0,3750.0,Rs./Quintal,Local
Krishnagiri(Uzhavar Sandhai ),0.84,Metric Tonnes,Red Nanital,2000.0,2600.0,2300.0,Rs./Quintal,Local
Kulithalai(Uzhavar Sandhai ),0.2,Metric Tonnes,Other,5000.0,5500.0,5250.0,Rs./Quintal,Local
Kumarapalayam(Uzhavar Sandhai ),0.03,Metric Tonnes,Other,2800.0,3000.0,2900.0,Rs./Quintal,Local
Kumbakonam (Uzhavar Sandhai ),0.74,Metric Tonnes,Red Nanital,3000.0,3600.0,3300.0,Rs./Quintal,Local
Kundrathur(Uzhavar Sandhai ),0.25,Metric Tonnes,Other,2800.0,2800.0,2800.0,Rs./Quintal,Local
Lalgudi(Uzhavar Sandhai ),0.24,Metric Tonnes,Other,3000.0,3000.0,3000.0,Rs./Quintal,Local
Madhuranthagam(Uzhavar Sandhai ),0.04,Metric Tonnes,Red Nanital,6000.0,6000.0,6000.0,Rs./Quintal,Local
Manachanallur(Uzhavar Sandhai ),0.12,Metric Tonnes,Other,3000.0,3000.0,3000.0,Rs./Quintal,Local
Manapparai(Uzhavar Sandhai ),0.22,Metric Tonnes,Other,3000.0,3000.0,3000.0,Rs./Quintal,Local
Mannargudi I(Uzhavar Sandhai ),1.27,Metric Tonnes,Red Nanital,3000.0,3000.0,3000.0,Rs./Quintal,Local
Mannargudi II(Uzhavar Sandhai ),0.41,Metric Tonnes,Other,3000.0,3000.0,3000.0,Rs./Quintal,Local
Mayiladuthurai(Uzhavar Sandhai ),0.08,Metric Tonnes,Red Nanital,3000.0,3000.0,3000.0,Rs./Quintal,Local
Medavakkam(Uzhavar Sandhai ),0.06,Metric Tonnes,Other,3500.0,3500.0,3500.0,Rs./Quintal,Local
Melapalayam(Uzhavar Sandhai ),0.75,Metric Tonnes,Other,2400.0,2600.0,2500.0,Rs./Quintal,Local
Mettupalayam(Uzhavar Sandhai ),0.61,Metric Tonnes,Red Nanital,4000.0,5000.0,4500.0,Rs./Quintal,Local
Mettur(Uzhavar Sandhai ),0.16,Metric Tonnes,Other,4000.0,4500.0,4250.0,Rs./Quintal,Local
Mohanur(Uzhavar Sandhai ),0.2,Metric Tonnes,Other,2800.0,3500.0,3150.0,Rs./Quintal,Local
Musiri(Uzhavar Sandhai ),0.37,Metric Tonnes,Other,2600.0,3000.0,2800.0,Rs./Quintal,Local
Muthupettai(Uzhavar Sandhai ),0.05,Metric Tonnes,Red Nanital,3000.0,3000.0,3000.0,Rs./Quintal,Local
Myladi(Uzhavar Sandhai ),0.03,Metric Tonnes,Red Nanital,3000.0,3500.0,3250.0,Rs./Quintal,Local
NGO Colony(Uzhavar Sandhai ),0.36,Metric Tonnes,Red Nanital,2200.0,2600.0,2400.0,Rs./Quintal,Local
Nagapattinam(Uzhavar Sandhai ),0.11,Metric Tonnes,Red Nanital,3700.0,4200.0,3950.0,Rs./Quintal,Local
Namakkal(Uzhavar Sandhai ),0.82,Metric Tonnes,Other,2500.0,3000.0,2750.0,Rs./Quintal,Local
Nanganallur(Uzhavar Sandhai ),0.08,Metric Tonnes,Red Nanital,3500.0,4000.0,3750.0,Rs./Quintal,Local
Naravarikuppam(Uzhavar Sandhai ),0.08,Metric Tonnes,Red Nanital,4000.0,4000.0,4000.0,Rs./Quintal,Local
Natrampalli(Uzhavar Sandhai ),0.4,Metric Tonnes,Red Nanital,3000.0,3500.0,3250.0,Rs./Quintal,Local
Padappai(Uzhavar Sandhai ),0.15,Metric Tonnes,Other,2800.0,4000.0,3400.0,Rs./Quintal,Local
Palacode(Uzhavar Sandhai ),0.24,Metric Tonnes,Other,2600.0,2800.0,2700.0,Rs./Quintal,Local
Palanganatham(Uzhavar Sandhai ),0.5,Metric Tonnes,Other,4000.0,5000.0,4500.0,Rs./Quintal,Local
Palani(Uzhavar Sandhai ),0.86,Metric Tonnes,Other,3600.0,4000.0,3800.0,Rs./Quintal,Local
Palayamkottai(Uzhavar Sandhai ),2.35,Metric Tonnes,Red Nanital,2400.0,2600.0,2500.0,Rs./Quintal,Local
Palladam(Uzhavar Sandhai ),0.18,Metric Tonnes,Other,2500.0,3000.0,2750.0,Rs./Quintal,Local
Pallavaram(Uzhavar Sandhai ),0.46,Metric Tonnes,Red Nanital,2500.0,3000.0,2750.0,Rs./Quintal,Local
Pallikonda(Uzhavar Sandhai),0.1,Metric Tonnes,Red Nanital,2500.0,3000.0,2750.0,Rs./Quintal,Local
Panruti(Uzhavar Sandhai ),0.07,Metric Tonnes,Red Nanital,4000.0,4000.0,4000.0,Rs./Quintal,Local
Papanasam(Uzhavar Sandhai ),0.23,Metric Tonnes,Red Nanital,3000.0,3000.0,3000.0,Rs./Quintal,Local
Paramakudi(Uzhavar Sandhai ),0.48,Metric Tonnes,Red Nanital,4500.0,5000.0,4750.0,Rs./Quintal,Local
Paramathivelur(Uzhavar Sandhai ),0.15,Metric Tonnes,Red Nanital,2600.0,3000.0,2800.0,Rs./Quintal,Local
Paruthipattu(Uzhavar Sandhai ),0.17,Metric Tonnes,Red Nanital,4000.0,4000.0,4000.0,Rs./Quintal,Local
Pattukottai(Uzhavar Sandhai ),0.25,Metric Tonnes,Red Nanital,3000.0,3000.0,3000.0,Rs./Quintal,Local
Pennagaram(Uzhavar Sandhai ),0.18,Metric Tonnes,Red Nanital,3300.0,3500.0,3400.0,Rs./Quintal,Local
Perambalur(Uzhavar Sandhai ),0.45,Metric Tonnes,Other,2800.0,3000.0,2900.0,Rs./Quintal,Local
Perampet(Uzhavar Sandhai),0.03,Metric Tonnes,Red Nanital,3000.0,3000.0,3000.0,Rs./Quintal,Local
Peravurani(Uzhavar Sandhai),0.05,Metric Tonnes,Red Nanital,3000.0,3000.0,3000.0,Rs./Quintal,Local
Periyakulam(Uzhavar Sandhai ),0.27,Metric Tonnes,Other,2600.0,2800.0,2700.0,Rs./Quintal,Local
Perundurai(Uzhavar Sandhai ),0.13,Metric Tonnes,Other,3500.0,3800.0,3650.0,Rs./Quintal,Local
Pollachi(Uzhavar Sandhai ),0.18,Metric Tonnes,Red Nanital,4000.0,6500.0,5250.0,Rs./Quintal,Local
Polur(Uzhavar Sandhai ),0.25,Metric Tonnes,Red Nanital,3300.0,4000.0,3650.0,Rs./Quintal,Local
Pudukottai(Uzhavar Sandhai ),0.76,Metric Tonnes,Red Nanital,5000.0,6000.0,5500.0,Rs./Quintal,Local
RSPuram(Uzhavar Sandhai ),3.17,Metric Tonnes,Other,4000.0,4800.0,4400.0,Rs./Quintal,Local
Rajapalayam(Uzhavar Sandhai ),0.26,Metric Tonnes,Red Nanital,2500.0,3000.0,2750.0,Rs./Quintal,Local
Ramanathapuram(Uzhavar Sandhai ),0.1,Metric Tonnes,Red Nanital,5200.0,5500.0,5350.0,Rs./Quintal,Local
Rasipuram(Uzhavar Sandhai ),0.61,Metric Tonnes,Other,3000.0,3500.0,3250.0,Rs./Quintal,Local
Sampath Nagar(Uzhavar Sandhai ),0.23,Metric Tonnes,Other,4600.0,5000.0,4800.0,Rs./Quintal,Local
Sankarapuram(Uzhavar Sandhai ),0.15,Metric Tonnes,Red Nanital,3500.0,3500.0,3500.0,Rs./Quintal,Local
Sathiyamagalam(Uzhavar Sandhai ),0.23,Metric Tonnes,Other,3400.0,3800.0,3600.0,Rs./Quintal,Local
Sathur(Uzhavar Sandhai ),0.02,Metric Tonnes,Red Nanital,3500.0,4000.0,3750.0,Rs./Quintal,Local
Singampunari(Uzhavar Sandhai ),0.08,Metric Tonnes,Other,4600.0,5200.0,4900.0,Rs./Quintal,Local
Singanallur(Uzhavar Sandhai ),1.27,Metric Tonnes,Other,4000.0,5000.0,4500.0,Rs./Quintal,Local
Sirkali(Uzhavar Sandhai ),0.38,Metric Tonnes,Red Nanital,3600.0,4000.0,3800.0,Rs./Quintal,Local
Sivagangai (Uzhavar Sandhai ),0.36,Metric Tonnes,Red Nanital,4600.0,5200.0,4900.0,Rs./Quintal,Local
Sivakasi(Uzhavar Sandhai ),0.04,Metric Tonnes,Red Nanital,4000.0,5000.0,4500.0,Rs./Quintal,Local
Sooramangalam(Uzhavar Sandhai ),0.32,Metric Tonnes,Other,5500.0,6000.0,5750.0,Rs./Quintal,Local
Srivilliputhur(Uzhavar Sandhai ),0.14,Metric Tonnes,Red Nanital,2500.0,3000.0,2750.0,Rs./Quintal,Local
Sulur(Uzhavar Sandhai ),0.29,Metric Tonnes,Red Nanital,4000.0,5000.0,4500.0,Rs./Quintal,Local
Sundarapuram(Uzhavar Sandhai ),0.28,Metric Tonnes,Other,4500.0,5000.0,4750.0,Rs./Quintal,Local
Sunguvarchatram(Uzhavar Sandhai ),0.25,Metric Tonnes,Other,2800.0,2800.0,2800.0,Rs./Quintal,Local
Thalavadi(Uzhavar Sandhai ),0.11,Metric Tonnes,Red Nanital,3400.0,3800.0,3600.0,Rs./Quintal,Local
Thalavaipuram(Uzhavar Sandhai ),0.05,Metric Tonnes,Red Nanital,2500.0,3000.0,2750.0,Rs./Quintal,Local
Thammampatti (Uzhavar Sandhai ),0.36,Metric Tonnes,Other,2500.0,3000.0,2750.0,Rs./Quintal,Local
Thanjavur(Uzhavar Sandhai ),1.16,Metric Tonnes,Red Nanital,3000.0,4000.0,3500.0,Rs./Quintal,Local
Thathakapatti(Uzhavar Sandhai ),0.58,Metric Tonnes,Red Nanital,2800.0,6000.0,4400.0,Rs./Quintal,Local
Theni(Uzhavar Sandhai ),0.23,Metric Tonnes,Other,4500.0,4500.0,4500.0,Rs./Quintal,Local
Thirupathur APMC,0.32,Metric Tonnes,Red Nanital,3000.0,3000.0,3000.0,Rs./Quintal,Local
Thiruverumbur(Uzhavar Sandhai ),0.62,Metric Tonnes,Other,3000.0,3000.0,3000.0,Rs./Quintal,Local
Thuraiyur APMC,0.45,Metric Tonnes,Other,2500.0,3000.0,2750.0,Rs./Quintal,Local
Tindivanam APMC,0.14,Metric Tonnes,Red Nanital,3800.0,3800.0,3800.0,Rs./Quintal,Local
Tiruchengode APMC,0.14,Metric Tonnes,Other,2600.0,3000.0,2800.0,Rs./Quintal,Local
Tirukattupalli(Uzhavar Sandhai ),0.25,Metric Tonnes,Red Nanital,3000.0,3000.0,3000.0,Rs./Quintal,Local
Tirupatthur(Uzhavar Sandhai ),0.22,Metric Tonnes,Red Nanital,3200.0,3500.0,3350.0,Rs./Quintal,Local
Tiruppur (North) (Uzhavar Sandhai ),0.05,Metric Tonnes,Other,5000.0,6000.0,5500.0,Rs./Quintal,Local
Tiruppur (South) (Uzhavar Sandhai ),0.5,Metric Tonnes,Other,4000.0,5000.0,4500.0,Rs./Quintal,Local
Tiruthani(Uzhavar Sandhai ),0.05,Metric Tonnes,Red Nanital,4000.0,4000.0,4000.0,Rs./Quintal,Local
Tiruvannamalai(Uzhavar Sandhai ),1.05,Metric Tonnes,Red Nanital,3500.0,4000.0,3750.0,Rs./Quintal,Local
Tuticorin(Uzhavar Sandhai ),0.53,Metric Tonnes,Other,3000.0,3500.0,3250.0,Rs./Quintal,Local
Udhagamandalam(Uzhavar Sandhai ),2.17,Metric Tonnes,Other,4500.0,5000.0,4750.0,Rs./Quintal,Local
Udumalpet APMC,0.17,Metric Tonnes,Red Nanital,3500.0,4000.0,3750.0,Rs./Quintal,Local
Ulundurpettai APMC,0.24,Metric Tonnes,Red Nanital,4000.0,4000.0,4000.0,Rs./Quintal,Local
Vadalur(Uzhavar Sandhai ),0.17,Metric Tonnes,Other,3500.0,4000.0,3750.0,Rs./Quintal,Local
Vadaseri APMC,0.22,Metric Tonnes,Red Nanital,3000.0,3500.0,3250.0,Rs./Quintal,Local
Vadavalli(Uzhavar Sandhai ),0.85,Metric Tonnes,Other,4000.0,4600.0,4300.0,Rs./Quintal,Local
Vandavasi(Uzhavar Sandhai ),0.04,Metric Tonnes,Other,3000.0,3500.0,3250.0,Rs./Quintal,Local
Vaniyampadi(Uzhavar Sandhai ),0.7,Metric Tonnes,Red Nanital,3000.0,3000.0,3000.0,Rs./Quintal,Local
Vazhapadi(Uzhavar Sandhai),0.02,Metric Tonnes,Red Nanital,3200.0,3400.0,3300.0,Rs./Quintal,Local
Vedaranyam(Uzhavar Sandhai),0.06,Metric Tonnes,Red Nanital,3500.0,4000.0,3750.0,Rs./Quintal,Local
Vellore APMC,0.8,Metric Tonnes,Red Nanital,2200.0,2800.0,2500.0,Rs./Quintal,Local
Villupuram(Uzhavar Sandhai ),0.14,Metric Tonnes,Red Nanital,4000.0,4000.0,4000.0,Rs./Quintal,Local
Virudhunagar(Uzhavar Sandhai ),0.02,Metric Tonnes,Red Nanital,3000.0,3500.0,3250.0,Rs./Quintal,Local
Viruthachalam(Uzhavar Sandhai ),0.09,Metric Tonnes,Red Nanital,4000.0,4000.0,4000.0,Rs./Quintal,Local
Total,55.36,Metric Tonnes,,,,3631.74,Rs./Quintal,
State/UT Name : Telangana
"Alwal,RBZ",1.2000000000000002,Metric Tonnes,Other,1700.0,1700.0,1700.0,Rs./Quintal,FAQ
Bowenpally APMC,387.6,Metric Tonnes,Potato,800.0,1400.0,1200.0,Rs./Quintal,FAQ
"Excise Colony,RBZ ",0.26,Metric Tonnes,Other,3000.0,3000.0,3000.0,Rs./Quintal,Grade A
Gudimalkapur APMC,243.9,Metric Tonnes,Potato,1000.0,1600.0,1300.0,Rs./Quintal,Grade B
Kalwakurthy APMC,0.1,Metric Tonnes,Potato,2000.0,2000.0,2000.0,Rs./Quintal,Local
"Kukatpally,RBZ",13.6,Metric Tonnes,Other,1700.0,1700.0,1700.0,Rs./Quintal,Local
L B Nagar APMC,37.6,Metric Tonnes,Potato,1000.0,1500.0,1200.0,Rs./Quintal,Medium
Mahabubnagar(Rythu Bazar),1.95,Metric Tonnes,Red Nanital,2400.0,2400.0,2400.0,Rs./Quintal,Local
Mahboob Manison APMC,1.0,Metric Tonnes,Potato,1200.0,1200.0,1200.0,Rs./Quintal,Medium
Miryalguda(Rythu Bazar) ,3.0,Metric Tonnes,Potato,3000.0,3000.0,3000.0,Rs./Quintal,Grade A
RYTHU BAZAR ERRAGADDA,11.9,Metric Tonnes,Potato,1700.0,1700.0,1700.0,Rs./Quintal,Grade A
RYTHU BAZAR MEHDIPATNAM,6.5,Metric Tonnes,Potato,1700.0,1700.0,1700.0,Rs./Quintal,Grade A
Sangareddy APMC,3.0,Metric Tonnes,Other,1600.0,1600.0,1600.0,Rs./Quintal,Grade B
"Saroornagar,RBZ",2.7,Metric Tonnes,Other,1700.0,1700.0,1700.0,Rs./Quintal,Medium
Siddipet(Rythu Bazar) ,2.7,Metric Tonnes,Red Nanital,1500.0,2400.0,2000.0,Rs./Quintal,Grade A
"Vanasthalipuram,RBZ ",4.2,Metric Tonnes,Potato,1700.0,1700.0,1700.0,Rs./Quintal,Grade A
Warangal APMC,2.6,Metric Tonnes,Potato,1500.0,2000.0,1750.0,Rs./Quintal,FAQ
Total,723.81,Metric Tonnes,,,,1279.47,Rs./Quintal,
State/UT Name : Tripura
Bachaibari APMC,0.2,Metric Tonnes,Other,1300.0,1400.0,1350.0,Rs./Quintal,Medium
Barpathari APMC,1.5,Metric Tonnes,Jalander,1100.0,1300.0,1200.0,Rs./Quintal,FAQ
Bishalgarh APMC,3.0,Metric Tonnes,Other,1300.0,1500.0,1400.0,Rs./Quintal,Medium
Boxonagar,0.08000000000000002,Metric Tonnes,Other,1500.0,1700.0,1600.0,Rs./Quintal,Medium
Champaknagar APMC,0.8,Metric Tonnes,F.A.Q.,1800.0,2000.0,1900.0,Rs./Quintal,FAQ
Chowmanu APMC,1.6,Metric Tonnes,Jyoti,1800.0,2000.0,1900.0,Rs./Quintal,Local
Dasda APMC,0.4,Metric Tonnes,Other,1500.0,1500.0,1500.0,Rs./Quintal,FAQ
Garjee APMC,2.0,Metric Tonnes,Jalander,1400.0,1500.0,1450.0,Rs./Quintal,FAQ
Gondatwisa APMC,0.6000000000000001,Metric Tonnes,F.A.Q.,2000.0,2200.0,2100.0,Rs./Quintal,FAQ
Halahali,0.4,Metric Tonnes,Red Nanital,1600.0,1800.0,1700.0,Rs./Quintal,FAQ
Jampuijala APMC,0.1,Metric Tonnes,Jalander,3800.0,4000.0,3900.0,Rs./Quintal,Medium
Kadamtala,0.4,Metric Tonnes,Jyoti,1500.0,2000.0,2000.0,Rs./Quintal,FAQ
Kalyanpur APMC,2.0,Metric Tonnes,Jalander,2000.0,2200.0,2100.0,Rs./Quintal,FAQ
Kanchanpur,0.7000000000000001,Metric Tonnes,Potato,1100.0,1300.0,1200.0,Rs./Quintal,FAQ
Kulai APMC,2.0,Metric Tonnes,Other,1600.0,2000.0,1800.0,Rs./Quintal,Grade B
Machmara,0.6000000000000001,Metric Tonnes,Local,1000.0,1200.0,1100.0,Rs./Quintal,FAQ
Manubazar,0.5,Metric Tonnes,Jyoti,1800.0,2000.0,1900.0,Rs./Quintal,Grade A
Masli,0.2,Metric Tonnes,Desi,1700.0,2000.0,1800.0,Rs./Quintal,Local
Melaghar APMC,1.2,Metric Tonnes,Jalander,1300.0,1500.0,1400.0,Rs./Quintal,Local
Pabiacherra APMC,1.1,Metric Tonnes,Jyoti,1000.0,1200.0,1100.0,Rs./Quintal,FAQ
Panichowki,1.8,Metric Tonnes,Other,1000.0,1000.0,1000.0,Rs./Quintal,Medium
Silachhari APMC,0.1,Metric Tonnes,Other,1600.0,1800.0,1700.0,Rs./Quintal,FAQ
Sonamura APMC,0.38,Metric Tonnes,Other,1400.0,1600.0,1500.0,Rs./Quintal,Medium
Teliamura APMC,5.0,Metric Tonnes,Potato,1200.0,1400.0,1300.0,Rs./Quintal,Medium
Total,26.66,Metric Tonnes,,,,1505.18,Rs./Quintal,
State/UT Name : Uttar Pradesh
Agra APMC,1555.0,Metric Tonnes,Other,500.0,1100.0,564.02,Rs./Quintal,FAQ
Ajuha APMC,9.0,Metric Tonnes,Other,400.0,400.0,400.0,Rs./Quintal,FAQ
Aligarh APMC,121.0,Metric Tonnes,Other,500.0,500.0,500.0,Rs./Quintal,FAQ
Anwala APMC,17.5,Metric Tonnes,Other,600.0,600.0,600.0,Rs./Quintal,FAQ
Atrauli APMC,19.0,Metric Tonnes,Other,700.0,700.0,700.0,Rs./Quintal,FAQ
Auraiya APMC,161.0,Metric Tonnes,Other,500.0,600.0,534.78,Rs./Quintal,FAQ
Awagarh APMC,0.7,Metric Tonnes,Other,500.0,500.0,500.0,Rs./Quintal,FAQ
Babrala APMC,250.0,Metric Tonnes,Desi,580.0,600.0,590.0,Rs./Quintal,Medium
Babrala APMC,8.0,Metric Tonnes,Other,600.0,600.0,600.0,Rs./Quintal,FAQ
Badayoun APMC,114.3,Metric Tonnes,Other,550.0,550.0,550.0,Rs./Quintal,FAQ
Bahraich APMC,24.0,Metric Tonnes,Other,1000.0,1000.0,1000.0,Rs./Quintal,FAQ
Bangarmau APMC,56.0,Metric Tonnes,Other,700.0,700.0,700.0,Rs./Quintal,FAQ
Barabanki APMC,2457.5,Metric Tonnes,Other,600.0,750.0,607.82,Rs./Quintal,FAQ
Bareilly APMC,548.0,Metric Tonnes,Other,500.0,500.0,500.0,Rs./Quintal,FAQ
Bewar APMC,390.0,Metric Tonnes,Other,500.0,500.0,500.0,Rs./Quintal,FAQ
Bharthna APMC,140.0,Metric Tonnes,Other,500.0,500.0,500.0,Rs./Quintal,FAQ
Bhehjoi APMC,96.0,Metric Tonnes,Other,600.0,600.0,600.0,Rs./Quintal,FAQ
Bilsi APMC,185.0,Metric Tonnes,Other,550.0,550.0,550.0,Rs./Quintal,FAQ
Bisoli APMC,352.0,Metric Tonnes,Other,600.0,600.0,600.0,Rs./Quintal,FAQ
Buland Shahr APMC,15.8,Metric Tonnes,Other,800.0,800.0,800.0,Rs./Quintal,FAQ
CHHUTMALPUR APMC,0.5,Metric Tonnes,Other,700.0,700.0,700.0,Rs./Quintal,FAQ
Chandausi APMC,203.7,Metric Tonnes,Other,600.0,630.0,600.74,Rs./Quintal,FAQ
Chhibramau APMC,1789.5,Metric Tonnes,Other,550.0,600.0,552.37,Rs./Quintal,FAQ
Choubepur APMC,205.5,Metric Tonnes,Other,550.0,550.0,550.0,Rs./Quintal,FAQ
Dataganj APMC,18.0,Metric Tonnes,Other,500.0,500.0,500.0,Rs./Quintal,FAQ
Dhanaura APMC,47.195,Metric Tonnes,Other,800.0,800.0,800.0,Rs./Quintal,FAQ
Divai APMC,55.5,Metric Tonnes,Other,500.0,500.0,500.0,Rs./Quintal,FAQ
Etah APMC,40.0,Metric Tonnes,Other,600.0,600.0,600.0,Rs./Quintal,FAQ
Etawah APMC,450.9,Metric Tonnes,Other,500.0,500.0,500.0,Rs./Quintal,FAQ
Farukhabad APMC,873.6,Metric Tonnes,Other,550.0,551.0,550.03,Rs./Quintal,FAQ
Fatehabad APMC,241.0,Metric Tonnes,Other,500.0,500.0,500.0,Rs./Quintal,FAQ
Fatehpur APMC,43.3,Metric Tonnes,Other,700.0,750.0,707.05,Rs./Quintal,FAQ
Fatehpur Sikri APMC,76.0,Metric Tonnes,Other,550.0,550.0,550.0,Rs./Quintal,FAQ
Firozabad APMC,421.5,Metric Tonnes,Other,500.0,500.0,500.0,Rs./Quintal,FAQ
Gangoh APMC,11.3,Metric Tonnes,Other,600.0,600.0,600.0,Rs./Quintal,FAQ
Ghiraur APMC,79.0,Metric Tonnes,Other,500.0,500.0,500.0,Rs./Quintal,FAQ
Golagokarnath APMC,6.0,Metric Tonnes,Other,700.0,700.0,700.0,Rs./Quintal,FAQ
Haathras APMC,1120.7,Metric Tonnes,Other,500.0,1100.0,531.69,Rs./Quintal,FAQ
Hapur APMC,26.0,Metric Tonnes,Other,450.0,450.0,450.0,Rs./Quintal,FAQ
Hardoi APMC,60.0,Metric Tonnes,Other,600.0,600.0,600.0,Rs./Quintal,FAQ
Islam Nagar APMC,393.0,Metric Tonnes,Other,500.0,550.0,502.93,Rs./Quintal,FAQ
Jarar APMC,43.815,Metric Tonnes,Other,500.0,500.0,500.0,Rs./Quintal,FAQ
Jasvantnagar APMC,294.0,Metric Tonnes,Other,500.0,500.0,500.0,Rs./Quintal,FAQ
Jaunpur APMC,1.4,Metric Tonnes,Other,2000.0,2000.0,2000.0,Rs./Quintal,FAQ
Kairana APMC,8.0,Metric Tonnes,Other,700.0,700.0,700.0,Rs./Quintal,FAQ
Kamlaganj APMC,547.0,Metric Tonnes,Other,550.0,556.0,550.27,Rs./Quintal,FAQ
Kannauj APMC,1897.7,Metric Tonnes,Other,550.0,555.0,550.01,Rs./Quintal,FAQ
Kanpur(Grain) APMC,413.5,Metric Tonnes,Other,550.0,550.0,550.0,Rs./Quintal,FAQ
Kasganj APMC,291.5,Metric Tonnes,Other,600.0,600.0,600.0,Rs./Quintal,FAQ
Kayamganj APMC,74.5,Metric Tonnes,Other,550.0,550.0,550.0,Rs./Quintal,FAQ
Khaga APMC,15.0,Metric Tonnes,Other,500.0,500.0,500.0,Rs./Quintal,FAQ
Khair APMC,163.5,Metric Tonnes,Other,500.0,500.0,500.0,Rs./Quintal,FAQ
Khairagarh APMC,60.0,Metric Tonnes,Desi,500.0,600.0,550.0,Rs./Quintal,FAQ
Khairagarh APMC,50.0,Metric Tonnes,Other,500.0,500.0,500.0,Rs./Quintal,FAQ
Khalilabad APMC,98.0,Metric Tonnes,Potato,1400.0,1500.0,1450.0,Rs./Quintal,Medium
Khandhla APMC,12.0,Metric Tonnes,Other,850.0,850.0,850.0,Rs./Quintal,FAQ
Khatauli APMC,11.5,Metric Tonnes,Other,600.0,1060.0,976.09,Rs./Quintal,FAQ
Khekda APMC,0.7,Metric Tonnes,Other,900.0,1000.0,971.43,Rs./Quintal,FAQ
Khurja APMC,29.0,Metric Tonnes,Other,700.0,700.0,700.0,Rs./Quintal,FAQ
Kiratpur APMC,2.5,Metric Tonnes,Other,800.0,800.0,800.0,Rs./Quintal,FAQ
Kosikalan APMC,8.0,Metric Tonnes,Desi,700.0,800.0,750.0,Rs./Quintal,FAQ
Lakhimpur APMC,5.0,Metric Tonnes,Other,920.0,920.0,920.0,Rs./Quintal,FAQ
Lalganj APMC,68.0,Metric Tonnes,Other,600.0,800.0,669.12,Rs./Quintal,FAQ
Lucknow APMC,91.0,Metric Tonnes,Other,700.0,700.0,700.0,Rs./Quintal,FAQ
Madhoganj APMC,233.0,Metric Tonnes,Other,600.0,600.0,600.0,Rs./Quintal,FAQ
Mainpuri APMC,425.0,Metric Tonnes,Other,500.0,500.0,500.0,Rs./Quintal,FAQ
Mathura APMC,136.0,Metric Tonnes,Other,500.0,1000.0,577.21,Rs./Quintal,FAQ
Mawana APMC,15.0,Metric Tonnes,Other,600.0,700.0,673.33,Rs./Quintal,FAQ
Meeranpur Katra APMC,12.0,Metric Tonnes,Other,550.0,550.0,550.0,Rs./Quintal,FAQ
Mehmoodabad APMC,462.6,Metric Tonnes,Other,600.0,600.0,600.0,Rs./Quintal,FAQ
Mohamadabad APMC,140.0,Metric Tonnes,Other,550.0,550.0,550.0,Rs./Quintal,FAQ
Nanuta APMC,5.0,Metric Tonnes,Other,1100.0,1100.0,1100.0,Rs./Quintal,FAQ
Noida APMC,15.0,Metric Tonnes,Other,1000.0,1000.0,1000.0,Rs./Quintal,FAQ
Pilibhit APMC,24.0,Metric Tonnes,Other,1000.0,1000.0,1000.0,Rs./Quintal,FAQ
Powayan APMC,234.96,Metric Tonnes,Other,600.0,1100.0,866.32,Rs./Quintal,FAQ
Pratapgarh APMC,58.0,Metric Tonnes,Other,600.0,600.0,600.0,Rs./Quintal,FAQ
Prayagraj APMC,168.0,Metric Tonnes,Other,700.0,700.0,700.0,Rs./Quintal,FAQ
Raibareilly APMC,30.0,Metric Tonnes,Other,700.0,700.0,700.0,Rs./Quintal,FAQ
Rampur APMC,87.0,Metric Tonnes,Other,500.0,500.0,500.0,Rs./Quintal,FAQ
Rampurmaniharan APMC,2.8,Metric Tonnes,Other,1000.0,1200.0,1135.71,Rs./Quintal,FAQ
Rupaidiha APMC,66.4,Metric Tonnes,Other,955.0,1010.0,981.51,Rs./Quintal,FAQ
Rura APMC,50.0,Metric Tonnes,Other,650.0,650.0,650.0,Rs./Quintal,FAQ
Safdarganj APMC,365.5,Metric Tonnes,Other,580.0,580.0,580.0,Rs./Quintal,FAQ
Saharanpur APMC,96.1,Metric Tonnes,Other,550.0,1000.0,638.92,Rs./Quintal,FAQ
Salon APMC,103.0,Metric Tonnes,Other,600.0,600.0,600.0,Rs./Quintal,FAQ
Sambhal APMC,313.6,Metric Tonnes,Other,600.0,600.0,600.0,Rs./Quintal,FAQ
Samsabad APMC,350.0,Metric Tonnes,Local,400.0,700.0,500.0,Rs./Quintal,Local
Samsabad APMC,212.0,Metric Tonnes,Other,500.0,500.0,500.0,Rs./Quintal,FAQ
Sandi APMC,89.0,Metric Tonnes,Other,600.0,600.0,600.0,Rs./Quintal,FAQ
Sandila APMC,36.1,Metric Tonnes,Other,1100.0,1100.0,1100.0,Rs./Quintal,FAQ
Shadabad APMC,889.5,Metric Tonnes,Other,500.0,500.0,500.0,Rs./Quintal,FAQ
Shahabad(New Mandi) APMC,175.0,Metric Tonnes,Other,550.0,550.0,550.0,Rs./Quintal,FAQ
Shahaswan APMC,55.0,Metric Tonnes,Other,600.0,600.0,600.0,Rs./Quintal,FAQ
Shahjahanpur APMC,3.0,Metric Tonnes,Other,600.0,600.0,600.0,Rs./Quintal,FAQ
Shamli APMC,14.7,Metric Tonnes,Other,800.0,1000.0,959.86,Rs./Quintal,FAQ
Shikohabad APMC,783.0,Metric Tonnes,Other,500.0,500.0,500.0,Rs./Quintal,FAQ
Sidhauli APMC,8.0,Metric Tonnes,Other,500.0,500.0,500.0,Rs./Quintal,FAQ
Sikanderabad APMC,57.5,Metric Tonnes,Other,800.0,900.0,883.48,Rs./Quintal,FAQ
Sikandraraau APMC,51.5,Metric Tonnes,Other,500.0,500.0,500.0,Rs./Quintal,FAQ
Sikarpur APMC,20.0,Metric Tonnes,Other,650.0,650.0,650.0,Rs./Quintal,FAQ
Sirsaganj APMC,1245.1,Metric Tonnes,Other,500.0,500.0,500.0,Rs./Quintal,FAQ
Thanabhawan APMC,18.0,Metric Tonnes,Other,1000.0,1000.0,1000.0,Rs./Quintal,FAQ
Tilhar APMC,550.0,Metric Tonnes,Other,500.0,500.0,500.0,Rs./Quintal,FAQ
Tundla APMC,1377.7,Metric Tonnes,Other,500.0,500.0,500.0,Rs./Quintal,FAQ
Ujhani APMC,121.2,Metric Tonnes,Other,550.0,550.0,550.0,Rs./Quintal,FAQ
Uttaripura APMC,915.5,Metric Tonnes,Other,550.0,550.0,550.0,Rs./Quintal,FAQ
Varanasi APMC,8.02,Metric Tonnes,Other,800.0,800.0,800.0,Rs./Quintal,FAQ
Viswan APMC,33.0,Metric Tonnes,Other,550.0,550.0,550.0,Rs./Quintal,FAQ
Wazirganj APMC,359.3,Metric Tonnes,Other,600.0,600.0,600.0,Rs./Quintal,FAQ
Yusufpur APMC,9.0,Metric Tonnes,Other,600.0,600.0,600.0,Rs./Quintal,FAQ
Total,27291.69,Metric Tonnes,,,,558.74,Rs./Quintal,
State/UT Name : Uttarakhand
Bhagwanpur(Naveen Mandi Sthal) APMC,2.6,Metric Tonnes,Other,500.0,650.0,600.0,Rs./Quintal,Grade A
Chamoli APMC,0.5,Metric Tonnes,Other,2000.0,2000.0,2000.0,Rs./Quintal,FAQ
Dehradoon APMC,21.400000000000002,Metric Tonnes,Desi,600.0,900.0,800.0,Rs./Quintal,FAQ
Haldwani APMC,85.0,Metric Tonnes,Other,800.0,1200.0,1000.0,Rs./Quintal,FAQ
Haridwar Union APMC,28.0,Metric Tonnes,Potato,750.0,950.0,850.0,Rs./Quintal,FAQ
Kashipur APMC,15.0,Metric Tonnes,Other,700.0,740.0,720.0,Rs./Quintal,Local
Khateema APMC,40.0,Metric Tonnes,Other,550.0,800.0,700.0,Rs./Quintal,Grade A
Kicchha APMC,6.0,Metric Tonnes,Desi,400.0,600.0,500.0,Rs./Quintal,Non-FAQ
Kotadwara APMC,0.5,Metric Tonnes,Potato,1200.0,1200.0,1200.0,Rs./Quintal,FAQ
Rishikesh APMC,11.200000000000001,Metric Tonnes,Other,745.0,980.0,840.0,Rs./Quintal,Medium
Roorkee APMC,2.5,Metric Tonnes,Other,800.0,1200.0,1000.0,Rs./Quintal,Medium
Sitarganj APMC,2.0,Metric Tonnes,Kufri Giriraj,800.0,1200.0,1000.0,Rs./Quintal,Grade B
Total,214.7,Metric Tonnes,,,,860.68,Rs./Quintal,
State/UT Name : West Bengal
Alipurduar APMC,13.0,Metric Tonnes,Jyoti,530.0,580.0,550.0,Rs./Quintal,FAQ
Asansol APMC,56.0,Metric Tonnes,Jyoti,740.0,820.0,780.0,Rs./Quintal,FAQ
Balarampur APMC,10.0,Metric Tonnes,Other,720.0,800.0,780.0,Rs./Quintal,FAQ
Balurghat APMC,15.0,Metric Tonnes,Local,580.0,600.0,590.0,Rs./Quintal,FAQ
Bankura Sadar APMC,23.0,Metric Tonnes,Jyoti,640.0,680.0,660.0,Rs./Quintal,FAQ
Bara Bazar (Posta Bazar) APMC,7.5,Metric Tonnes,Jyoti,900.0,940.0,920.0,Rs./Quintal,FAQ
Barasat APMC,48.0,Metric Tonnes,Jyoti,800.0,800.0,800.0,Rs./Quintal,FAQ
Baxirhat APMC,20.0,Metric Tonnes,Jyoti,550.0,570.0,560.0,Rs./Quintal,FAQ
Belacoba APMC,7.5,Metric Tonnes,Jyoti,550.0,570.0,560.0,Rs./Quintal,FAQ
Beldanga APMC,2.0,Metric Tonnes,Jyoti,680.0,760.0,720.0,Rs./Quintal,FAQ
Bethuadahari APMC,10.5,Metric Tonnes,Desi,790.0,810.0,800.0,Rs./Quintal,Grade A
Birbhum APMC,51.0,Metric Tonnes,Potato,1000.0,1100.0,1050.0,Rs./Quintal,FAQ
Bishnupur(Bankura) APMC,6.800000000000001,Metric Tonnes,Jyoti,690.0,760.0,720.0,Rs./Quintal,FAQ
Bolpur APMC,53.0,Metric Tonnes,Potato,1000.0,1100.0,1050.0,Rs./Quintal,FAQ
Burdwan APMC,26.0,Metric Tonnes,Jyoti,760.0,800.0,780.0,Rs./Quintal,FAQ
Chakdah APMC,10.2,Metric Tonnes,Jyoti,760.0,800.0,780.0,Rs./Quintal,FAQ
Champadanga APMC,14.0,Metric Tonnes,Jyoti,740.0,760.0,740.0,Rs./Quintal,FAQ
Coochbehar APMC,15.0,Metric Tonnes,Jyoti,640.0,660.0,650.0,Rs./Quintal,FAQ
Darjeeling APMC,1.8,Metric Tonnes,Red,1400.0,1600.0,1500.0,Rs./Quintal,FAQ
Dhupguri APMC,20.0,Metric Tonnes,Jyoti,580.0,600.0,590.0,Rs./Quintal,FAQ
Diamond Harbour(South 24-pgs) APMC,13.5,Metric Tonnes,Jyoti,820.0,860.0,840.0,Rs./Quintal,FAQ
Dinhata APMC,21.0,Metric Tonnes,Jyoti,550.0,570.0,560.0,Rs./Quintal,FAQ
Durgapur APMC,55.0,Metric Tonnes,Jyoti,740.0,850.0,780.0,Rs./Quintal,FAQ
Egra/contai APMC,1025.0,Metric Tonnes,Jyoti,820.0,850.0,835.0,Rs./Quintal,FAQ
English Bazar APMC,20.0,Metric Tonnes,Local,620.0,650.0,630.0,Rs./Quintal,FAQ
Falakata APMC,16.0,Metric Tonnes,Jyoti,530.0,580.0,550.0,Rs./Quintal,FAQ
Gangarampur(Dakshin Dinajpur) APMC,10.0,Metric Tonnes,Local,580.0,600.0,590.0,Rs./Quintal,FAQ
Garbeta(Medinipur) APMC,3.0,Metric Tonnes,Jyoti,640.0,680.0,660.0,Rs./Quintal,FAQ
Ghatal APMC,3.6,Metric Tonnes,Jyoti,800.0,820.0,810.0,Rs./Quintal,FAQ
Habra APMC,35.0,Metric Tonnes,Other,900.0,900.0,900.0,Rs./Quintal,FAQ
Haldibari APMC,20.0,Metric Tonnes,Jyoti,550.0,570.0,560.0,Rs./Quintal,FAQ
Indus(Bankura Sadar) APMC,5.0,Metric Tonnes,Jyoti,635.0,675.0,655.0,Rs./Quintal,FAQ
Islampur APMC,19.0,Metric Tonnes,Other,520.0,580.0,550.0,Rs./Quintal,FAQ
Jalpaiguri Sadar APMC,0.5,Metric Tonnes,Jyoti,600.0,615.0,610.0,Rs./Quintal,FAQ
Jangipur APMC,38.35,Metric Tonnes,Jyoti,1350.0,1450.0,1400.0,Rs./Quintal,FAQ
Jhargram APMC,5.0,Metric Tonnes,Jyoti,700.0,800.0,750.0,Rs./Quintal,FAQ
Jiaganj APMC,5.0,Metric Tonnes,Local,500.0,600.0,550.0,Rs./Quintal,FAQ
Kaliaganj APMC,12.0,Metric Tonnes,Other,600.0,630.0,620.0,Rs./Quintal,FAQ
Kalipur APMC,6.8,Metric Tonnes,Jyoti,700.0,720.0,700.0,Rs./Quintal,FAQ
Kalyani APMC,3.5,Metric Tonnes,Jyoti,760.0,800.0,780.0,Rs./Quintal,Local
Kandi APMC,10.0,Metric Tonnes,Jyoti,660.0,780.0,700.0,Rs./Quintal,FAQ
Karimpur APMC,11.5,Metric Tonnes,Jyoti,780.0,800.0,790.0,Rs./Quintal,Grade A
Karsiyang(Matigara) APMC,2.0,Metric Tonnes,Red,1400.0,1600.0,1500.0,Rs./Quintal,FAQ
Khatra APMC,6.300000000000001,Metric Tonnes,Jyoti,680.0,760.0,720.0,Rs./Quintal,FAQ
Kolaghat APMC,10.0,Metric Tonnes,Jyoti,760.0,800.0,780.0,Rs./Quintal,FAQ
Mathabhanga APMC,24.0,Metric Tonnes,Jyoti,550.0,570.0,560.0,Rs./Quintal,FAQ
Medinipur(West) APMC,38.0,Metric Tonnes,Jyoti,640.0,680.0,660.0,Rs./Quintal,FAQ
Mekhliganj APMC,20.0,Metric Tonnes,Jyoti,550.0,570.0,560.0,Rs./Quintal,FAQ
Memari APMC,24.0,Metric Tonnes,Jyoti,760.0,800.0,780.0,Rs./Quintal,FAQ
Moynaguri APMC,9.0,Metric Tonnes,Jyoti,550.0,570.0,560.0,Rs./Quintal,FAQ
Nadia APMC,10.8,Metric Tonnes,Jyoti,750.0,790.0,770.0,Rs./Quintal,FAQ
Pandua APMC,6.2,Metric Tonnes,Jyoti,660.0,720.0,680.0,Rs./Quintal,FAQ
Pundibari APMC,7.5,Metric Tonnes,Jyoti,640.0,660.0,650.0,Rs./Quintal,FAQ
Purulia APMC,22.0,Metric Tonnes,Jyoti,700.0,800.0,750.0,Rs./Quintal,FAQ
Raiganj APMC,21.0,Metric Tonnes,Other,520.0,580.0,550.0,Rs./Quintal,FAQ
Ramkrishanpur(Howrah) APMC,8.25,Metric Tonnes,Jyoti,820.0,860.0,840.0,Rs./Quintal,FAQ
Ranaghat APMC,10.0,Metric Tonnes,Jyoti,760.0,800.0,780.0,Rs./Quintal,FAQ
Sainthia APMC,50.0,Metric Tonnes,Potato,1000.0,1100.0,1050.0,Rs./Quintal,FAQ
Samsi APMC,30.0,Metric Tonnes,Local,590.0,610.0,600.0,Rs./Quintal,FAQ
Sheoraphuly APMC,30.0,Metric Tonnes,Jyoti,660.0,710.0,690.0,Rs./Quintal,FAQ
Siliguri APMC,195.0,Metric Tonnes,Jyoti,600.0,640.0,620.0,Rs./Quintal,FAQ
Tamluk (Medinipur E) APMC,20.0,Metric Tonnes,Jyoti,780.0,820.0,800.0,Rs./Quintal,FAQ
Toofanganj APMC,25.0,Metric Tonnes,Jyoti,550.0,570.0,560.0,Rs./Quintal,FAQ
Uluberia APMC,4.800000000000001,Metric Tonnes,Jyoti,830.0,860.0,840.0,Rs./Quintal,FAQ
Total,2322.9,Metric Tonnes,,,,786.64,Rs./Quintal,
Grand Total,51123.22,Metric Tonnes,,,,1072.27,Rs./Quintal,
Tomato
State/UT Name : Andhra Pradesh
B.Kothakota H/Q Angallu,41.0,Metric Tonnes,Local,1200.0,2000.0,1500.0,Rs./Quintal,FAQ
Guramkonda Sub-yard of AMC Valmikipuram,114.72500000000001,Metric Tonnes,Hybrid,1600.0,2000.0,1800.0,Rs./Quintal,FAQ
Kalikiri APMC,30.3,Metric Tonnes,Hybrid,1300.0,1900.0,1600.0,Rs./Quintal,FAQ
Madanapalli APMC,81.0,Metric Tonnes,Local,1700.0,2100.0,1900.0,Rs./Quintal,FAQ
Mulakalacheruvu APMC,688.0,Metric Tonnes,Local,1200.0,2200.0,1900.0,Rs./Quintal,FAQ
Palamaner APMC,63.0,Metric Tonnes,Tomato,1500.0,2000.0,1700.0,Rs./Quintal,FAQ
Pattikonda APMC,493.0,Metric Tonnes,Local,1000.0,1600.0,1400.0,Rs./Quintal,FAQ
Punganur APMC,27.1,Metric Tonnes,Hybrid,1340.0,2070.0,1700.0,Rs./Quintal,FAQ
Somala APMC,8.0,Metric Tonnes,Tomato,1200.0,1800.0,1500.0,Rs./Quintal,FAQ
V. Kota Sub-yard of AMC Palamaneru,7.0,Metric Tonnes,Other,1300.0,1866.0,1500.0,Rs./Quintal,FAQ
Valmikipuram APMC,114.72500000000001,Metric Tonnes,Hybrid,1600.0,2000.0,1800.0,Rs./Quintal,FAQ
Total,1667.85,Metric Tonnes,,,,1708.76,Rs./Quintal,
State/UT Name : Assam
Ambagan APMC,7.0,Metric Tonnes,Tomato,3200.0,3400.0,3300.0,Rs./Quintal,FAQ
Balugaon APMC,3.0,Metric Tonnes,Tomato,2200.0,2600.0,2400.0,Rs./Quintal,Local
Besimari APMC,2.8000000000000003,Metric Tonnes,Tomato,2200.0,2600.0,2400.0,Rs./Quintal,Local
Dhing APMC,13.0,Metric Tonnes,Tomato,3100.0,3300.0,3200.0,Rs./Quintal,FAQ
Haibargaon APMC,8.0,Metric Tonnes,Tomato,3100.0,3300.0,3200.0,Rs./Quintal,FAQ
Harbartganj Daily Market APMC,40.0,Metric Tonnes,Tomato,3000.0,3500.0,3250.0,Rs./Quintal,FAQ
Pamohi(Garchuk) APMC,35.0,Metric Tonnes,Local,3800.0,5000.0,4200.0,Rs./Quintal,FAQ
Tinsukia Market,3.0,Metric Tonnes,Tomato,3000.0,4000.0,3500.0,Rs./Quintal,FAQ
Total,111.8,Metric Tonnes,,,,3503.76,Rs./Quintal,
State/UT Name : Bihar
Jamui APMC,0.6,Metric Tonnes,Deshi,3400.0,3400.0,3400.0,Rs./Quintal,Grade A
Khagaria APMC,10.0,Metric Tonnes,Deshi,2999.9997000000003,3599.99964,3166.66635,Rs./Quintal,Grade A
Madhubani APMC,3.5,Metric Tonnes,Tomato,3800.0,4000.0,3900.0,Rs./Quintal,FAQ
Maharjganj APMC,3.5,Metric Tonnes,Deshi,2800.0,2800.0,2800.0,Rs./Quintal,FAQ
Total,17.6,Metric Tonnes,,,,3247.54,Rs./Quintal,
State/UT Name : Chattisgarh
Rajnandgaon APMC,134.0,Metric Tonnes,Deshi,1700.0,2000.0,1800.0,Rs./Quintal,Grade B
Tiphra APMC,306.0,Metric Tonnes,Deshi,1000.0,1200.0,1100.0,Rs./Quintal,Grade B
Tiphra APMC,50.0,Metric Tonnes,Local,1000.0,1200.0,1100.0,Rs./Quintal,Grade B
Total,490.0,Metric Tonnes,,,,1291.43,Rs./Quintal,
State/UT Name : Gujarat
Ahmedabad APMC,556.6,Metric Tonnes,Other,1500.0,2800.0,2200.0,Rs./Quintal,FAQ
"Anand(Veg,Yard,Anand) APMC",38.5,Metric Tonnes,Tomato,1500.0,2000.0,1750.0,Rs./Quintal,Grade B
Bharuch APMC,12.2,Metric Tonnes,Other,1200.0,1800.0,1500.0,Rs./Quintal,Local
Bilimora APMC,4.800000000000001,Metric Tonnes,Other,2000.0,3000.0,2500.0,Rs./Quintal,FAQ
Dahod(Veg. Market) APMC,20.0,Metric Tonnes,Tomato,1000.0,2500.0,2000.0,Rs./Quintal,Local
Damnagar APMC,0.045,Metric Tonnes,Local,3500.0,3500.0,3500.0,Rs./Quintal,Local
Gondal(Veg.market Gondal) APMC,77.52,Metric Tonnes,Tomato,1000.0,3000.0,2000.0,Rs./Quintal,Local
Himatnagar(Veg.Market Himatnagar) APMC,2.8000000000000003,Metric Tonnes,Tomato,1500.0,2000.0,1880.0,Rs./Quintal,Local
"Kalol(Veg,Market,Kalol) APMC",12.0,Metric Tonnes,Other,1750.0,2750.0,2000.0,Rs./Quintal,Local
Kapadvanj APMC,3.5,Metric Tonnes,Tomato,2000.0,2500.0,2250.0,Rs./Quintal,Medium
Khambhat(Veg Yard Khambhat) APMC,0.30000000000000004,Metric Tonnes,Other,2500.0,3000.0,2500.0,Rs./Quintal,Local
Mansa(Manas Veg Yard) APMC,2.0,Metric Tonnes,Tomato,2500.0,2500.0,2500.0,Rs./Quintal,Local
Mehsana(Mehsana Veg) APMC,32.6,Metric Tonnes,Tomato,40.0,60.0,50.0,Rs./Quintal,Local
Morbi APMC,18.400000000000002,Metric Tonnes,Tomato,2250.0,3250.0,2750.0,Rs./Quintal,FAQ
Nadiad APMC,1.72,Metric Tonnes,Tomato,1800.0,2200.0,2000.0,Rs./Quintal,FAQ
Nadiyad(Chaklasi) APMC,0.9,Metric Tonnes,Tomato,1800.0,2000.0,1900.0,Rs./Quintal,FAQ
Nadiyad(Piplag) APMC,17.0,Metric Tonnes,Tomato,1800.0,2000.0,1900.0,Rs./Quintal,FAQ
Navsari APMC,14.86,Metric Tonnes,Tomato,1000.0,2750.0,1875.0,Rs./Quintal,Grade A
Padra APMC,6.800000000000001,Metric Tonnes,Other,2000.0,2800.0,2400.0,Rs./Quintal,FAQ
Palitana APMC,2.0,Metric Tonnes,Hybrid,3000.0,4500.0,3750.0,Rs./Quintal,Medium
Porbandar APMC,10.3,Metric Tonnes,Deshi,1500.0,2000.0,1750.0,Rs./Quintal,Local
Rajkot(Veg.Sub Yard) APMC,272.1,Metric Tonnes,Tomato,2095.0,3105.0,2600.0,Rs./Quintal,FAQ
Surat APMC,345.0,Metric Tonnes,Other,800.0,2750.0,1775.0,Rs./Quintal,FAQ
Talalagir APMC,9.15,Metric Tonnes,Hybrid,960.0,1480.0,1200.0,Rs./Quintal,FAQ
Vadhvan APMC,12.200000000000001,Metric Tonnes,Tomato,2000.0,2500.0,2250.0,Rs./Quintal,Medium
Vadodara(Sayajipura) APMC,22.880000000000003,Metric Tonnes,Other,1500.0,2500.0,2025.0,Rs./Quintal,FAQ
Vankaner(Sub yard) APMC,1.8,Metric Tonnes,Tomato,1500.0,2500.0,2000.0,Rs./Quintal,FAQ
Total,1497.97,Metric Tonnes,,,,2088.06,Rs./Quintal,
State/UT Name : Haryana
Bahadurgarh APMC,5.7,Metric Tonnes,Other,1500.0,2500.0,2000.0,Rs./Quintal,FAQ
Barwala APMC,1.8,Metric Tonnes,Local,2000.0,2000.0,2000.0,Rs./Quintal,FAQ
Barwala(Hisar) APMC,3.3000000000000003,Metric Tonnes,Tomato,2000.0,3500.0,3000.0,Rs./Quintal,Local
Bhiwani APMC,2.5,Metric Tonnes,Tomato,2014.0,2540.0,2250.0,Rs./Quintal,Grade B
Chhachrauli APMC,0.013,Metric Tonnes,Tomato,2400.0,4000.0,2400.0,Rs./Quintal,Local
Dhand APMC,0.5,Metric Tonnes,Other,3000.0,4000.0,3800.0,Rs./Quintal,Medium
Farukh Nagar APMC,4.6000000000000005,Metric Tonnes,Other,1900.0,2600.0,2200.0,Rs./Quintal,Medium
Fatehabad APMC,8.8,Metric Tonnes,Other,2000.0,2000.0,2000.0,Rs./Quintal,Local
FerozpurZirkha(Nagina) APMC,1.5,Metric Tonnes,Other,2400.0,2800.0,2600.0,Rs./Quintal,Local
Ganaur APMC,1.5,Metric Tonnes,Tomato,3000.0,4000.0,3500.0,Rs./Quintal,FAQ
Gharaunda APMC,1.4,Metric Tonnes,Other,2800.0,3000.0,3000.0,Rs./Quintal,Local
Gohana APMC,6.6000000000000005,Metric Tonnes,Other,2000.0,3000.0,2500.0,Rs./Quintal,Medium
Gurgaon APMC,91.0,Metric Tonnes,Other,800.0,1200.0,1000.0,Rs./Quintal,Grade B
Hansi APMC,18.4,Metric Tonnes,Other,2500.0,3000.0,2750.0,Rs./Quintal,FAQ
Hissar APMC,9.3,Metric Tonnes,Local,1800.0,2500.0,2200.0,Rs./Quintal,Local
Hodal APMC,2.0,Metric Tonnes,Hybrid,1800.0,2000.0,1900.0,Rs./Quintal,FAQ
Indri APMC,0.5,Metric Tonnes,Tomato,2400.0,2400.0,2400.0,Rs./Quintal,FAQ
Jagadhri APMC,3.29,Metric Tonnes,Tomato,1500.0,3000.0,2500.0,Rs./Quintal,FAQ
Jakhal APMC,0.2,Metric Tonnes,Tomato,4000.0,4000.0,4000.0,Rs./Quintal,Non-FAQ
Jhajjar APMC,5.3,Metric Tonnes,Other,2500.0,2500.0,2500.0,Rs./Quintal,Medium
Kaithal APMC,10.1,Metric Tonnes,Other,2300.0,2300.0,2300.0,Rs./Quintal,FAQ
Kharkhoda APMC,1.8,Metric Tonnes,Other,3500.0,4500.0,3900.0,Rs./Quintal,FAQ
Ladwa APMC,2.7,Metric Tonnes,Other,4500.0,5000.0,4500.0,Rs./Quintal,Non-FAQ
Madlauda APMC,0.5,Metric Tonnes,Tomato,1500.0,2000.0,1750.0,Rs./Quintal,FAQ
Meham,0.30000000000000004,Metric Tonnes,Tomato,2000.0,2000.0,2000.0,Rs./Quintal,Medium
Mohindergarh APMC,4.800000000000001,Metric Tonnes,Tomato,2000.0,2200.0,2200.0,Rs./Quintal,Medium
Mustafabad APMC,0.08000000000000002,Metric Tonnes,Other,3000.0,3000.0,3000.0,Rs./Quintal,FAQ
Naraingarh APMC,3.4250000000000003,Metric Tonnes,Tomato,1000.0,2800.0,1700.0,Rs./Quintal,Medium
Narnaul APMC,5.0,Metric Tonnes,Tomato,2000.0,3000.0,2500.0,Rs./Quintal,Medium
Nuh APMC,2.1,Metric Tonnes,Other,1400.0,2000.0,1500.0,Rs./Quintal,Local
Panipat APMC,34.2,Metric Tonnes,Other,1000.0,2000.0,1500.0,Rs./Quintal,Local
Pataudi APMC,3.0,Metric Tonnes,Tomato,2500.0,3200.0,2800.0,Rs./Quintal,Grade B
Pundri APMC,0.8,Metric Tonnes,Other,1800.0,1900.0,1850.0,Rs./Quintal,FAQ
Punhana APMC,2.8000000000000003,Metric Tonnes,Other,3000.0,3000.0,3000.0,Rs./Quintal,Medium
Radaur APMC,0.5,Metric Tonnes,Other,3400.0,3600.0,3500.0,Rs./Quintal,Medium
Raipur Rani APMC,0.15000000000000002,Metric Tonnes,Tomato,2500.0,2600.0,2500.0,Rs./Quintal,Local
Ratia APMC,10.0,Metric Tonnes,Other,2000.0,2500.0,2200.0,Rs./Quintal,Grade A
Rewari APMC,10.700000000000001,Metric Tonnes,Other,600.0,2500.0,1500.0,Rs./Quintal,Medium
Rohtak APMC,13.600000000000001,Metric Tonnes,Other,1500.0,3000.0,2000.0,Rs./Quintal,Medium
Sadhaura APMC,1.5,Metric Tonnes,Tomato,1700.0,2000.0,1900.0,Rs./Quintal,Local
Sampla APMC,1.5,Metric Tonnes,Other,3000.0,3500.0,3000.0,Rs./Quintal,Local
Shahabad APMC,3.5,Metric Tonnes,Tomato,1500.0,3000.0,2800.0,Rs./Quintal,Medium
Shahzadpur APMC,0.7000000000000001,Metric Tonnes,Deshi,1500.0,2500.0,1500.0,Rs./Quintal,Local
Sirsa APMC,9.8,Metric Tonnes,Other,2000.0,3000.0,2800.0,Rs./Quintal,FAQ
Siwan APMC,0.8,Metric Tonnes,Other,2300.0,2500.0,2400.0,Rs./Quintal,FAQ
Sohna APMC,4.2,Metric Tonnes,Tomato,2500.0,3000.0,2600.0,Rs./Quintal,Local
Sonepat APMC,8.5,Metric Tonnes,Other,2100.0,3000.0,2500.0,Rs./Quintal,FAQ
Tarori APMC,0.8,Metric Tonnes,Other,3000.0,4000.0,3500.0,Rs./Quintal,Non-FAQ
Tauru APMC,0.4,Metric Tonnes,Hybrid,3000.0,4000.0,3000.0,Rs./Quintal,FAQ
Thanesar APMC,11.9,Metric Tonnes,Tomato,1500.0,3500.0,2500.0,Rs./Quintal,Local
Tohana(New Veg Market) APMC,2.7,Metric Tonnes,Tomato,2500.0,3000.0,3000.0,Rs./Quintal,FAQ
Uklana APMC,0.2,Metric Tonnes,Tomato,2500.0,2800.0,2800.0,Rs./Quintal,Medium
Total,321.26,Metric Tonnes,,,,1913.12,Rs./Quintal,
State/UT Name : Himachal Pradesh
PMY Bilaspur,1.2000000000000002,Metric Tonnes,Local,3500.0,4500.0,4000.0,Rs./Quintal,Grade B
PMY Chamba,3.6,Metric Tonnes,Tomato,4000.0,4200.0,4100.0,Rs./Quintal,Medium
PMY Dhalli Shimla,5.5,Metric Tonnes,Tomato,3000.0,4000.0,3000.0,Rs./Quintal,Grade A
PMY Hamirpur,2.45,Metric Tonnes,Tomato,4000.0,4500.0,4250.0,Rs./Quintal,Grade B
PMY Kangra,2.8000000000000003,Metric Tonnes,Tomato,3200.0,3600.0,3300.0,Rs./Quintal,FAQ
PMY Kather Solan,45.264,Metric Tonnes,Other,400.0,3300.0,2500.0,Rs./Quintal,Medium
PMY Kullu,2.0,Metric Tonnes,Other,2000.0,2500.0,2200.0,Rs./Quintal,FAQ
PMY Paonta Sahib,1.2000000000000002,Metric Tonnes,Other,2000.0,2700.0,2200.0,Rs./Quintal,FAQ
PMY Una,4.04,Metric Tonnes,Tomato,2200.0,3500.0,2800.0,Rs./Quintal,Local
SMY Baijnath,0.6,Metric Tonnes,Local,3000.0,3400.0,3200.0,Rs./Quintal,Grade B
SMY Bandrol,4.0,Metric Tonnes,Other,1200.0,2500.0,1800.0,Rs./Quintal,FAQ
SMY Bhuntar,13.7,Metric Tonnes,Other,600.0,2500.0,1500.0,Rs./Quintal,FAQ
SMY Chauri Bihal,0.30000000000000004,Metric Tonnes,Other,2400.0,2800.0,2600.0,Rs./Quintal,Grade Range-1
SMY Dhanotu,1.8,Metric Tonnes,Tomato,3000.0,4000.0,3500.0,Rs./Quintal,FAQ
SMY Dharampur,2.0,Metric Tonnes,Local,1000.0,1500.0,1500.0,Rs./Quintal,Local
SMY Dharamshala,0.8,Metric Tonnes,Tomato,3200.0,3600.0,3400.0,Rs./Quintal,FAQ
SMY Jaisinghpur,0.30000000000000004,Metric Tonnes,Tomato,3400.0,3600.0,3500.0,Rs./Quintal,FAQ
SMY Jassur,2.0,Metric Tonnes,Other,3800.0,4200.0,4000.0,Rs./Quintal,FAQ
SMY Nadaun,0.32000000000000006,Metric Tonnes,Other,3800.0,4000.0,3900.0,Rs./Quintal,Grade B
SMY Nagrota Bagwan,1.2000000000000002,Metric Tonnes,Tomato,3200.0,3600.0,3400.0,Rs./Quintal,FAQ
SMY Nalagarh,0.2,Metric Tonnes,Other,2500.0,3000.0,2800.0,Rs./Quintal,Medium
SMY Palampur,2.7,Metric Tonnes,Tomato,3300.0,3500.0,3400.0,Rs./Quintal,FAQ
SMY Rampur,0.36000000000000004,Metric Tonnes,Tomato,4000.0,4500.0,4200.0,Rs./Quintal,Local
SMY Rohroo,0.5,Metric Tonnes,Deshi,3000.0,3500.0,3250.0,Rs./Quintal,Grade B
SMY Santoshgarh,1.0,Metric Tonnes,Tomato,3500.0,3700.0,3600.0,Rs./Quintal,FAQ
SMY Shatt,1.3,Metric Tonnes,Tomato,1500.0,2000.0,1800.0,Rs./Quintal,FAQ
SMY Takoli,1.2000000000000002,Metric Tonnes,Other,500.0,2500.0,1500.0,Rs./Quintal,Medium
SMY Wakhnaghat,1.5,Metric Tonnes,Deshi,300.0,1600.0,1600.0,Rs./Quintal,Medium
Total,103.83,Metric Tonnes,,,,2572.27,Rs./Quintal,
State/UT Name : Jammu and Kashmir
Kathua (F&V),25.0,Metric Tonnes,Hybrid,3500.0,4000.0,3750.0,Rs./Quintal,FAQ
MAC F&V Market Narwal Jammu,150.0,Metric Tonnes,Tomato,2600.0,3000.0,2800.0,Rs./Quintal,FAQ
Parimpore Srinagar (F&V),36.0,Metric Tonnes,Other,3400.0,3600.0,3500.0,Rs./Quintal,Grade A
Total,211.0,Metric Tonnes,,,,3031.99,Rs./Quintal,
State/UT Name : Karnataka
Arasikere APMC,41.800000000000004,Metric Tonnes,Tomato,500.0,1000.0,1000.0,Rs./Quintal,Medium
Bagepalli APMC,140.0,Metric Tonnes,Tomato,250.0,2300.0,1500.0,Rs./Quintal,Small
Bangarpet APMC,2.8000000000000003,Metric Tonnes,Tomato,300.0,1300.0,800.0,Rs./Quintal,Local
Belgaum APMC,2.0,Metric Tonnes,Tomato,100.0,300.0,200.0,Rs./Quintal,Large
Belur APMC,3.3000000000000003,Metric Tonnes,Hybrid,1000.0,1000.0,1000.0,Rs./Quintal,Medium
Binny Mill (FF&V) Bengaluru APMC,46.800000000000004,Metric Tonnes,Tomato,1400.0,1600.0,1500.0,Rs./Quintal,Local
Chamarajanagar APMC,2.5,Metric Tonnes,Tomato,800.0,1200.0,1000.0,Rs./Quintal,Local
Channapatna APMC,3.4000000000000004,Metric Tonnes,Tomato,1000.0,2000.0,1500.0,Rs./Quintal,Local
Channarayapatna APMC,5.2,Metric Tonnes,Tomato,3000.0,3500.0,3000.0,Rs./Quintal,Medium
Chickkaballapura APMC,25.900000000000002,Metric Tonnes,Tomato,360.0,1430.0,890.0,Rs./Quintal,Local
Chikkamagaluru APMC,40.7,Metric Tonnes,Tomato,400.0,2000.0,1200.0,Rs./Quintal,Local
Chintamani APMC,377.20000000000005,Metric Tonnes,Tomato,333.0,2000.0,1333.0,Rs./Quintal,Local
Doddaballapur APMC,3.0,Metric Tonnes,Tomato,800.0,1300.0,1000.0,Rs./Quintal,Medium
Gauribidanur APMC,1.5,Metric Tonnes,Tomato,600.0,1500.0,1200.0,Rs./Quintal,Local
Gundlupet APMC,10.100000000000001,Metric Tonnes,Tomato,1900.0,2000.0,1900.0,Rs./Quintal,Local
Kadur APMC,20.200000000000003,Metric Tonnes,Tomato,980.0,1189.0,1041.0,Rs./Quintal,Medium
Kalaburagi APMC,7.0,Metric Tonnes,Tomato,400.0,1200.0,800.0,Rs./Quintal,Local
Kanakapura APMC,0.7000000000000001,Metric Tonnes,Hybrid,1500.0,2500.0,2000.0,Rs./Quintal,Medium
Kolar APMC,1640.0,Metric Tonnes,Tomato,300.0,1930.0,1000.0,Rs./Quintal,Local
Mulbagal APMC,226.10000000000002,Metric Tonnes,Tomato,333.0,1866.0,1000.0,Rs./Quintal,Local
Mysuru APMC,6.5,Metric Tonnes,Tomato,1800.0,2000.0,2000.0,Rs./Quintal,Medium
Nanjangud APMC,3.5,Metric Tonnes,Tomato,3700.0,6666.0,4166.0,Rs./Quintal,Local
Ramanagara APMC,7.0,Metric Tonnes,Tomato,1500.0,2500.0,2000.0,Rs./Quintal,Local
Ranebennur APMC,0.6000000000000001,Metric Tonnes,Tomato,200.0,1200.0,800.0,Rs./Quintal,Medium
Shimoga APMC,65.0,Metric Tonnes,Tomato,600.0,1600.0,1000.0,Rs./Quintal,Local
T. Narasipura APMC,0.8,Metric Tonnes,Tomato,1500.0,2000.0,2000.0,Rs./Quintal,Small
Tumakuru APMC,19.0,Metric Tonnes,Tomato,600.0,1000.0,850.0,Rs./Quintal,Local
Total,2702.6,Metric Tonnes,,,,1098.49,Rs./Quintal,
State/UT Name : Keralam
Aluva Market,15.0,Metric Tonnes,Tomato,2600.0,4000.0,3300.0,Rs./Quintal,FAQ
Anchal Market,0.4,Metric Tonnes,Tomato,4600.0,4600.0,4600.0,Rs./Quintal,Local
Angamaly Market,1.0,Metric Tonnes,Tomato,3500.0,4500.0,4000.0,Rs./Quintal,FAQ
Aralamoodu Market,3.0,Metric Tonnes,Tomato,4000.0,4000.0,4000.0,Rs./Quintal,FAQ
Athirampuzha Market,0.5,Metric Tonnes,Tomato,3400.0,3600.0,3500.0,Rs./Quintal,FAQ
Attingal Market,800.0,Metric Tonnes,Other,3000.0,4000.0,3500.0,Rs./Quintal,Local
Broadway market Market,0.3,Metric Tonnes,Deshi,3500.0,4000.0,3700.0,Rs./Quintal,Medium
Chala Market,1.0,Metric Tonnes,Other,3000.0,3100.0,3000.0,Rs./Quintal,FAQ
Chathanoor Market,0.4,Metric Tonnes,Other,3800.0,4200.0,4000.0,Rs./Quintal,FAQ
Chavakkad Market,0.2,Metric Tonnes,Tomato,2600.0,3000.0,3000.0,Rs./Quintal,FAQ
Chelakkara Market,0.2,Metric Tonnes,Tomato,4000.0,4500.0,4200.0,Rs./Quintal,FAQ
Chengannur Market,0.5,Metric Tonnes,Tomato,3900.0,4200.0,4000.0,Rs./Quintal,FAQ
Ernakulam Market,7.0,Metric Tonnes,Tomato,3100.0,3800.0,3400.0,Rs./Quintal,FAQ
Ettumanoor Market,1.0,Metric Tonnes,Tomato,3000.0,3400.0,3200.0,Rs./Quintal,FAQ
Kallachi Market,0.1,Metric Tonnes,Tomato,2600.0,3000.0,2800.0,Rs./Quintal,FAQ
Kanjangadu Market,1.0,Metric Tonnes,Other,1600.0,2000.0,1800.0,Rs./Quintal,FAQ
Kayamkulam Market,3.0,Metric Tonnes,Other,2100.0,2300.0,2200.0,Rs./Quintal,FAQ
Koduvayoor Market,0.8,Metric Tonnes,Tomato,2800.0,3200.0,3000.0,Rs./Quintal,Medium
Kollam Market,0.5,Metric Tonnes,Tomato,3100.0,3500.0,3300.0,Rs./Quintal,Local
Kollengode Market,0.9,Metric Tonnes,Tomato,2000.0,2400.0,2200.0,Rs./Quintal,FAQ
Kondotty Market,0.25,Metric Tonnes,Other,1500.0,1800.0,1600.0,Rs./Quintal,FAQ
Kothamangalam Market,1.0,Metric Tonnes,Tomato,3500.0,5000.0,4000.0,Rs./Quintal,FAQ
Kottarakkara Market,0.01,Metric Tonnes,Other,3000.0,3000.0,3000.0,Rs./Quintal,Local
Kottayam Market,1.0,Metric Tonnes,Other,3200.0,3600.0,3400.0,Rs./Quintal,FAQ
Kottayam Market,2.0,Metric Tonnes,Tomato,4200.0,4600.0,4400.0,Rs./Quintal,FAQ
Kuthuparambu Market,0.1,Metric Tonnes,Tomato,2400.0,2800.0,2600.0,Rs./Quintal,FAQ
Madhavapuram Market,0.8,Metric Tonnes,Other,3600.0,4000.0,3800.0,Rs./Quintal,FAQ
Manjeri Market,8.0,Metric Tonnes,Other,2550.0,2650.0,2600.0,Rs./Quintal,Local
Mukkom Market,0.5,Metric Tonnes,Tomato,2000.0,2300.0,2100.0,Rs./Quintal,FAQ
Neyyatinkara Market,0.02,Metric Tonnes,Tomato,3400.0,4000.0,3700.0,Rs./Quintal,FAQ
North Paravur Market,1.0,Metric Tonnes,Deshi,2500.0,3000.0,2800.0,Rs./Quintal,FAQ
Pala Market,1.0,Metric Tonnes,Other,4500.0,5400.0,5000.0,Rs./Quintal,FAQ
Palakkad Market,3.0,Metric Tonnes,Tomato,2000.0,3000.0,2600.0,Rs./Quintal,FAQ
Pampady Market,1.0,Metric Tonnes,Tomato,4000.0,5000.0,4600.0,Rs./Quintal,FAQ
Parappanangadi Market,7.0,Metric Tonnes,Other,2510.0,2560.0,2560.0,Rs./Quintal,FAQ
Parassala Market,0.3,Metric Tonnes,Tomato,3000.0,3400.0,3200.0,Rs./Quintal,Local
Pattambi Market,1.0,Metric Tonnes,Tomato,2800.0,3000.0,2900.0,Rs./Quintal,FAQ
Perinthalmanna Market,5.0,Metric Tonnes,Tomato,2000.0,2500.0,2400.0,Rs./Quintal,Large
Pothencode Market,550.0,Metric Tonnes,Tomato,5000.0,5200.0,5000.0,Rs./Quintal,Local
Punalur Market,0.001,Metric Tonnes,Other,4300.0,4900.0,4600.0,Rs./Quintal,Medium
Quilandy Market,0.5,Metric Tonnes,Other,2700.0,2800.0,2700.0,Rs./Quintal,FAQ
Sasthamkotta Market,0.8,Metric Tonnes,Tomato,3000.0,3000.0,3000.0,Rs./Quintal,Local
Taliparamba Market,0.04,Metric Tonnes,Tomato,1900.0,2100.0,2000.0,Rs./Quintal,FAQ
Thalasserry Market,0.2,Metric Tonnes,Other,2300.0,3200.0,2700.0,Rs./Quintal,FAQ
Thalayolaparambu Market,0.5,Metric Tonnes,Tomato,2800.0,3200.0,3000.0,Rs./Quintal,FAQ
Thamarassery Market,0.2,Metric Tonnes,Other,1700.0,2300.0,2000.0,Rs./Quintal,FAQ
Thirurrangadi Market,6.0,Metric Tonnes,Tomato,2200.0,2200.0,2200.0,Rs./Quintal,FAQ
Thrippunithura Market,1.0,Metric Tonnes,Tomato,4600.0,5000.0,4800.0,Rs./Quintal,Medium
Thrissur Market,10.0,Metric Tonnes,Tomato,2800.0,2800.0,2800.0,Rs./Quintal,FAQ
Vamanapuram Market,0.13,Metric Tonnes,Other,3500.0,4000.0,4000.0,Rs./Quintal,FAQ
Vandiperiyar Market,0.04,Metric Tonnes,Other,3500.0,3600.0,3500.0,Rs./Quintal,Grade Range-1
Vengeri(Kozhikode) Market,140.0,Metric Tonnes,Tomato,2600.0,2900.0,2900.0,Rs./Quintal,FAQ
vadakarapathy Market,2.8,Metric Tonnes,Tomato,2140.0,2850.0,2400.0,Rs./Quintal,FAQ
Total,1581.99,Metric Tonnes,,,,3938.98,Rs./Quintal,
State/UT Name : Madhya Pradesh
Badwaha (F&V) APMC,0.7000000000000001,Metric Tonnes,Deshi,940.0,1550.0,1200.0,Rs./Quintal,Grade A
Badwani(F&V) APMC,0.711,Metric Tonnes,Tomato,1200.0,1200.0,1200.0,Rs./Quintal,Local
Bareli(F&V) APMC,1.81,Metric Tonnes,Deshi,2000.0,2000.0,2000.0,Rs./Quintal,Grade A
Bhopal(F&V) APMC,24.0,Metric Tonnes,Other,700.0,2000.0,1500.0,Rs./Quintal,Local
Burhanpur(F&V) APMC,5.5,Metric Tonnes,Other,400.0,1500.0,800.0,Rs./Quintal,Local
Chhatarpur (F&V) APMC,2.7,Metric Tonnes,Other,1800.0,1800.0,1800.0,Rs./Quintal,Grade C
Damoh(F&V) APMC,0.6,Metric Tonnes,Local,2000.0,2000.0,2000.0,Rs./Quintal,Local
Deori (F&V) APMC,1.2,Metric Tonnes,Tomato,1560.0,1560.0,1560.0,Rs./Quintal,Grade B
Dewas(F&V) APMC,1.6,Metric Tonnes,Other,800.0,2400.0,1000.0,Rs./Quintal,FAQ
Dhamnod(F&V) APMC,2.0,Metric Tonnes,Tomato,600.0,800.0,700.0,Rs./Quintal,Local
Gadarwada (F&V) APMC,3.5,Metric Tonnes,Tomato,1600.0,1600.0,1600.0,Rs./Quintal,Grade B
Garoth(F&V) APMC,0.4,Metric Tonnes,Tomato,1400.0,1600.0,1550.0,Rs./Quintal,Medium
Harda(F&V) APMC,1.6,Metric Tonnes,Deshi,1000.0,1800.0,1500.0,Rs./Quintal,Medium
Indore(F&V) APMC,50.400000000000006,Metric Tonnes,Tomato,600.0,1600.0,1000.0,Rs./Quintal,Local
Itarsi(F&V) APMC,5.0,Metric Tonnes,Tomato,2200.0,2200.0,2200.0,Rs./Quintal,FAQ
Jabalpur(F&V) APMC,60.0,Metric Tonnes,Tomato,1100.0,2000.0,1200.0,Rs./Quintal,Medium
Kailaras APMC,1.468,Metric Tonnes,Other,1100.0,3000.0,3000.0,Rs./Quintal,FAQ
Karera(F&V) APMC,0.15,Metric Tonnes,Tomato,2000.0,2500.0,2300.0,Rs./Quintal,Local
Katni(F&V) APMC,0.4,Metric Tonnes,Other,800.0,800.0,800.0,Rs./Quintal,Grade C
Khandwa(F&V) APMC,2.5,Metric Tonnes,Tomato,800.0,1800.0,1310.0,Rs./Quintal,FAQ
Khargone(F&V) APMC,0.24,Metric Tonnes,Tomato,800.0,1500.0,1200.0,Rs./Quintal,Medium
Khurai(F&V) APMC,3.1,Metric Tonnes,Tomato,1800.0,2200.0,2000.0,Rs./Quintal,Local
Manawar(F&V) APMC,0.30000000000000004,Metric Tonnes,Tomato,1400.0,2000.0,1500.0,Rs./Quintal,Grade B
Mandsaur(F&V) APMC,1.8,Metric Tonnes,Other,1500.0,2800.0,2100.0,Rs./Quintal,Grade A
Mhow (Ambedkar Nagar) (F&V) APMC,0.4,Metric Tonnes,Tomato,1800.0,3000.0,2000.0,Rs./Quintal,Grade B
Multai(F&V) APMC,3.54,Metric Tonnes,Deshi,500.0,1000.0,800.0,Rs./Quintal,FAQ
Narmadapuram (F&V) APMC,7.6,Metric Tonnes,Tomato,730.0,1970.0,1494.0,Rs./Quintal,FAQ
Petlawad(F&V) APMC,1.3,Metric Tonnes,Hybrid,800.0,1000.0,938.0,Rs./Quintal,Grade A
Pipariya(F&V) APMC,3.5,Metric Tonnes,Tomato,1200.0,2500.0,1700.0,Rs./Quintal,Local
Ratlam(F&V) APMC,2.0,Metric Tonnes,Other,900.0,1700.0,1500.0,Rs./Quintal,FAQ
Rehli(F&V) APMC,0.30000000000000004,Metric Tonnes,Tomato,1600.0,1800.0,1700.0,Rs./Quintal,Grade C
Sabalgarh(F&V) APMC,1.0,Metric Tonnes,Deshi,1200.0,1400.0,1200.0,Rs./Quintal,FAQ
Sagar(F&V) APMC,3.0,Metric Tonnes,Local,1500.0,1700.0,1600.0,Rs./Quintal,Local
Sanawad(F&V) APMC,1.0,Metric Tonnes,Deshi,1500.0,1500.0,1500.0,Rs./Quintal,Medium
Sanwer(F&V) APMC,0.06,Metric Tonnes,Tomato,1500.0,3000.0,2000.0,Rs./Quintal,FAQ
Sehore(F&V) APMC,2.2,Metric Tonnes,Tomato,1200.0,2000.0,1800.0,Rs./Quintal,Grade Range-1
Seoni(F&V) APMC,6.125,Metric Tonnes,Deshi,775.0,775.0,775.0,Rs./Quintal,Grade C
Shivpuri(F&V) APMC,0.6,Metric Tonnes,Other,2000.0,2000.0,2000.0,Rs./Quintal,Grade B
Thandla APMC,1.52,Metric Tonnes,Hybrid,1400.0,2000.0,1700.0,Rs./Quintal,FAQ
Ujjain(F&V) APMC,1.04,Metric Tonnes,Deshi,635.0,2125.0,1392.0,Rs./Quintal,Medium
Total,206.86,Metric Tonnes,,,,1280.8,Rs./Quintal,
State/UT Name : Maharashtra
APMC Ahilyanagar ,23.5,Metric Tonnes,Other,200.0,1500.0,850.0,Rs./Quintal,Local
APMC Chattrapati Sambhajinagar ,13.0,Metric Tonnes,Other,500.0,1400.0,950.0,Rs./Quintal,Local
APMC Ghoti ,3.0,Metric Tonnes,Other,2000.0,2200.0,2100.0,Rs./Quintal,Local
APMC Hingna,8.8,Metric Tonnes,Local,1250.0,3000.0,2291.0,Rs./Quintal,Local
APMC Jalgaon ,13.0,Metric Tonnes,Other,500.0,1500.0,1000.0,Rs./Quintal,Local
APMC Kalyan ,0.3,Metric Tonnes,Other,370.0,450.0,400.0,Rs./Quintal,Local
APMC Kamthi ,4.5,Metric Tonnes,Local,2000.0,2500.0,2350.0,Rs./Quintal,Local
APMC Karad ,3.9,Metric Tonnes,Other,500.0,1000.0,1000.0,Rs./Quintal,Local
APMC Khed ,9.9,Metric Tonnes,Local,700.0,1600.0,1000.0,Rs./Quintal,Local
APMC Kolhapur ,18.9,Metric Tonnes,Other,500.0,1500.0,1000.0,Rs./Quintal,Local
APMC Mangal Wedha ,7.0,Metric Tonnes,Local,200.0,1600.0,1200.0,Rs./Quintal,Local
APMC Mumbai ,256.0,Metric Tonnes,Other,2000.0,2500.0,2250.0,Rs./Quintal,Local
APMC Nasik ,130.9,Metric Tonnes,Other,300.0,2105.0,1300.0,Rs./Quintal,Local
APMC Navapur ,33.0,Metric Tonnes,Other,1000.0,2000.0,1379.0,Rs./Quintal,Local
APMC Palus ,1.3,Metric Tonnes,Other,1000.0,1500.0,1200.0,Rs./Quintal,Local
APMC Pandharpur ,3.1,Metric Tonnes,Other,1000.0,1500.0,1200.0,Rs./Quintal,Local
APMC Panvel ,106.0,Metric Tonnes,Other,3000.0,4000.0,3500.0,Rs./Quintal,Local
APMC Pimpalgaon Baswant ,4408.9,Metric Tonnes,Other,250.0,2845.0,2295.0,Rs./Quintal,Local
APMC Pune ,207.3,Metric Tonnes,Local,600.0,1600.0,1100.0,Rs./Quintal,Local
APMC Rahuri ,0.8,Metric Tonnes,Other,500.0,1500.0,1000.0,Rs./Quintal,Local
APMC Ratnagiri (Nachane) ,1.8,Metric Tonnes,Other,500.0,1500.0,1000.0,Rs./Quintal,Local
APMC Sangamner ,355.0,Metric Tonnes,Other,500.0,2000.0,1250.0,Rs./Quintal,Local
APMC Satara ,4.4,Metric Tonnes,Other,1000.0,2000.0,1500.0,Rs./Quintal,Local
APMC Shrirampur ,2.7,Metric Tonnes,Other,500.0,1500.0,1000.0,Rs./Quintal,Local
APMC Solapur ,38.6,Metric Tonnes,Other,200.0,1500.0,1000.0,Rs./Quintal,Local
APMC Vai ,0.7,Metric Tonnes,Local,1000.0,1500.0,1250.0,Rs./Quintal,Local
APMC Vita ,3.0,Metric Tonnes,Other,2000.0,2500.0,2000.0,Rs./Quintal,Local
Amrawati(Frui & Veg. Market) ,18.0,Metric Tonnes,Local,1000.0,2000.0,1500.0,Rs./Quintal,Local
Chandrapur(Ganjwad) ,48.8,Metric Tonnes,Other,800.0,1600.0,1200.0,Rs./Quintal,Local
Junnar(Narayangaon) ,671.0,Metric Tonnes,Local,1000.0,2000.0,1500.0,Rs./Quintal,Local
Pune(Khadiki) ,1.3,Metric Tonnes,Local,800.0,1400.0,1100.0,Rs./Quintal,Local
Pune(Manjri) ,56.0,Metric Tonnes,Other,1000.0,2000.0,1500.0,Rs./Quintal,Local
Pune(Moshi) ,61.4,Metric Tonnes,Local,1000.0,1200.0,1100.0,Rs./Quintal,Local
Pune(Pimpri) ,0.3,Metric Tonnes,Local,1000.0,1400.0,1200.0,Rs./Quintal,Local
Total,6516.1,Metric Tonnes,,,,2054.07,Rs./Quintal,
State/UT Name : Meghalaya
Jowai APMC,1.2,Metric Tonnes,017,4000.0,5000.0,4500.0,Rs./Quintal,Local
Nongstoin APMC,1.5,Metric Tonnes,Local,5000.0,6000.0,5500.0,Rs./Quintal,FAQ
Shillong APMC,6.5,Metric Tonnes,017,2600.0,3400.0,3000.0,Rs./Quintal,FAQ
Total,9.2,Metric Tonnes,,,,3603.26,Rs./Quintal,
State/UT Name : NCT of Delhi
APMC Azadpur,452.8,Metric Tonnes,Tomato,1000.0,3000.0,2367.0,Rs./Quintal,FAQ
APMC Keshopur,289.2,Metric Tonnes,Other,1600.0,2800.0,2600.0,Rs./Quintal,FAQ
"Fruit&Vegetable Market,Gazipur APMC",228.35,Metric Tonnes,Tomato,1600.0,2000.0,1800.0,Rs./Quintal,FAQ
Total,970.35,Metric Tonnes,,,,2303.01,Rs./Quintal,
State/UT Name : Odisha
Angul(Atthamallick) APMC,1.4000000000000001,Metric Tonnes,Tomato,4000.0,6000.0,5000.0,Rs./Quintal,Grade B
Attabira APMC,1.8600000000000003,Metric Tonnes,Other,1650.0,1950.0,1800.0,Rs./Quintal,Local
Bahadajholla APMC,1.14,Metric Tonnes,Tomato,2145.0,2200.0,2145.0,Rs./Quintal,Grade B
Balugaon APMC,1.2,Metric Tonnes,Hybrid,4500.0,4500.0,4500.0,Rs./Quintal,Grade A
Bargarh(Barapalli) APMC,160.0,Metric Tonnes,Tomato,2000.0,3000.0,2500.0,Rs./Quintal,Medium
Baripada APMC,1.8,Metric Tonnes,Tomato,3500.0,4000.0,3800.0,Rs./Quintal,Medium
Betnoti APMC,2.3,Metric Tonnes,Tomato,3300.0,3700.0,3500.0,Rs./Quintal,FAQ
Birmaharajpur APMC,2.6,Metric Tonnes,Local,2600.0,2700.0,2650.0,Rs./Quintal,Local
Bolangir APMC,3.5,Metric Tonnes,Other,2000.0,2400.0,2200.0,Rs./Quintal,Medium
Bonai APMC,1.0,Metric Tonnes,Other,1645.0,1845.0,1750.0,Rs./Quintal,FAQ
Boudh APMC,1.0,Metric Tonnes,Other,3000.0,4000.0,3500.0,Rs./Quintal,Local
Champua APMC,2.0,Metric Tonnes,Other,3000.0,3000.0,3000.0,Rs./Quintal,Local
Champua(Jhumpura) APMC,1.0,Metric Tonnes,Other,3000.0,3000.0,3000.0,Rs./Quintal,Local
Chandabali APMC,7.0,Metric Tonnes,Other,3000.0,3560.0,3280.0,Rs./Quintal,Grade Range-2
Chatta Krushak Bazar APMC,0.2,Metric Tonnes,Tomato,3000.0,3000.0,3000.0,Rs./Quintal,Grade B
Deogarh APMC,10.0,Metric Tonnes,Other,3000.0,3400.0,3200.0,Rs./Quintal,FAQ
Dhenkanal APMC,0.30000000000000004,Metric Tonnes,Tomato,2800.0,3300.0,3000.0,Rs./Quintal,Grade B
Dungurapalli APMC,0.36000000000000004,Metric Tonnes,Hybrid,2500.0,2650.0,2560.0,Rs./Quintal,Local
Godbhaga APMC,0.17,Metric Tonnes,Other,1650.0,1950.0,1800.0,Rs./Quintal,Local
Hindol APMC,0.7000000000000001,Metric Tonnes,Tomato,3500.0,4000.0,3800.0,Rs./Quintal,Grade B
Jatni APMC,0.8,Metric Tonnes,Other,2000.0,2100.0,2000.0,Rs./Quintal,Grade B
Jharsuguda APMC,0.5,Metric Tonnes,Other,4000.0,4000.0,4000.0,Rs./Quintal,Grade A
Junagarh APMC,2.2,Metric Tonnes,Other,2700.0,3300.0,3000.0,Rs./Quintal,Grade B
Kalahandi(Dharamagarh) APMC,1.9000000000000001,Metric Tonnes,Other,2600.0,3200.0,2900.0,Rs./Quintal,Grade B
Kamakhyanagar APMC,2.5,Metric Tonnes,Tomato,3500.0,3500.0,3500.0,Rs./Quintal,Grade A
Kantabaji APMC,3.5,Metric Tonnes,Other,2400.0,3200.0,2800.0,Rs./Quintal,Grade B
Karanjia APMC,0.15000000000000002,Metric Tonnes,Local,3000.0,3500.0,3200.0,Rs./Quintal,Local
Kesinga APMC,0.8500000000000001,Metric Tonnes,Local,2500.0,3200.0,3000.0,Rs./Quintal,Grade B
Khariar APMC,1.0,Metric Tonnes,Tomato,3000.0,3000.0,3000.0,Rs./Quintal,Grade A
Khariar Road APMC,1.2,Metric Tonnes,Tomato,3000.0,3000.0,3000.0,Rs./Quintal,Grade A
Koraput APMC,4.0,Metric Tonnes,Local,2500.0,3500.0,3000.0,Rs./Quintal,Grade B
Koraput(Semilguda) APMC,5.0,Metric Tonnes,Local,2500.0,3500.0,3000.0,Rs./Quintal,Grade B
Mukhiguda APMC,3.3000000000000003,Metric Tonnes,Tomato,2400.0,3400.0,2900.0,Rs./Quintal,Grade B
Padampur APMC,3.2,Metric Tonnes,Tomato,2300.0,2800.0,2500.0,Rs./Quintal,Local
Pandkital APMC,0.21000000000000002,Metric Tonnes,Other,2500.0,2800.0,2800.0,Rs./Quintal,Local
Panposh APMC,1.0,Metric Tonnes,Hybrid,4000.0,4500.0,4200.0,Rs./Quintal,FAQ
Parlakhemundi APMC,5.800000000000001,Metric Tonnes,Local,1300.0,1500.0,1400.0,Rs./Quintal,Grade Range-1
Rairakhol APMC,0.76,Metric Tonnes,Hybrid,3000.0,3500.0,3200.0,Rs./Quintal,Medium
Rayagada APMC,13.0,Metric Tonnes,Other,2900.0,3000.0,3000.0,Rs./Quintal,Local
Rayagada(Muniguda) APMC,3.0,Metric Tonnes,Hybrid,1720.0,2350.0,1780.0,Rs./Quintal,Grade A
Sambalpur APMC,5.0,Metric Tonnes,Other,2020.0,2220.0,2120.0,Rs./Quintal,Local
Sarankul APMC,1.5,Metric Tonnes,Other,2400.0,2600.0,2500.0,Rs./Quintal,Grade Range-2
Saraskana APMC,0.035,Metric Tonnes,Tomato,4000.0,4500.0,4200.0,Rs./Quintal,Medium
Sargipali APMC,0.6000000000000001,Metric Tonnes,Other,2500.0,3000.0,2800.0,Rs./Quintal,FAQ
Sohela APMC,3.2,Metric Tonnes,Tomato,2300.0,2800.0,2500.0,Rs./Quintal,Local
Talcher APMC,0.7000000000000001,Metric Tonnes,Other,3400.0,3800.0,3600.0,Rs./Quintal,Grade C
Tusura APMC,2.7,Metric Tonnes,Other,2000.0,2400.0,2200.0,Rs./Quintal,Medium
Udala APMC,6.0,Metric Tonnes,Other,3000.0,3600.0,3400.0,Rs./Quintal,FAQ
Total,273.13,Metric Tonnes,,,,2648.68,Rs./Quintal,
State/UT Name : Punjab
Adampur APMC,3.5,Metric Tonnes,Tomato,2250.0,3000.0,3000.0,Rs./Quintal,FAQ
Ahmedgarh APMC,0.2,Metric Tonnes,Local,3800.0,4000.0,4000.0,Rs./Quintal,Medium
Baghapurana APMC,0.1,Metric Tonnes,Tomato,3000.0,4000.0,3500.0,Rs./Quintal,Grade B
Balachaur APMC,1.4100000000000001,Metric Tonnes,Other,2000.0,2000.0,2000.0,Rs./Quintal,Medium
Bassi Pathana APMC,1.5,Metric Tonnes,Tomato,2000.0,2200.0,2100.0,Rs./Quintal,Medium
Bathinda APMC,75.0,Metric Tonnes,Other,2000.0,2600.0,2200.0,Rs./Quintal,Grade B
Bhagta Bhai Ka APMC,0.5,Metric Tonnes,Other,2700.0,2700.0,2700.0,Rs./Quintal,Medium
Dasuya APMC,0.6,Metric Tonnes,Tomato,4000.0,4000.0,4000.0,Rs./Quintal,FAQ
Dera Bassi APMC,0.2,Metric Tonnes,Other,2600.0,2600.0,2600.0,Rs./Quintal,Local
Dharamkot APMC,0.1,Metric Tonnes,Tomato,3000.0,3000.0,3000.0,Rs./Quintal,Grade A
Dhuri APMC,0.2,Metric Tonnes,Other,2300.0,2500.0,2400.0,Rs./Quintal,Medium
Dinanagar APMC,1.35,Metric Tonnes,Tomato,2000.0,2500.0,2300.0,Rs./Quintal,Medium
Doraha APMC,1.029,Metric Tonnes,Deshi,2000.0,3000.0,2500.0,Rs./Quintal,Local
Dudhansadhan APMC,0.2,Metric Tonnes,Other,3000.0,3000.0,3000.0,Rs./Quintal,Grade B
F.G.Churian APMC,0.15,Metric Tonnes,Tomato,2100.0,2100.0,2100.0,Rs./Quintal,Grade A
Faridkot APMC,2.408,Metric Tonnes,Other,2700.0,2700.0,2700.0,Rs./Quintal,Grade A
Fazilka APMC,0.36,Metric Tonnes,Tomato,3000.0,3000.0,3000.0,Rs./Quintal,FAQ
Garh Shankar APMC,1.8,Metric Tonnes,Local,2400.0,2400.0,2400.0,Rs./Quintal,FAQ
Garh Shankar(Mahalpur) APMC,0.6,Metric Tonnes,Tomato,2300.0,2300.0,2300.0,Rs./Quintal,FAQ
GarhShankar (Kotfatuhi) APMC,0.3,Metric Tonnes,Other,2400.0,2400.0,2400.0,Rs./Quintal,FAQ
Ghanaur APMC,0.2,Metric Tonnes,Other,1800.0,2000.0,1900.0,Rs./Quintal,FAQ
Giddarbaha APMC,0.5,Metric Tonnes,Tomato,2800.0,2800.0,2800.0,Rs./Quintal,FAQ
Jagraon APMC,0.6,Metric Tonnes,Other,1500.0,1500.0,1500.0,Rs./Quintal,FAQ
Jalalabad APMC,1.55,Metric Tonnes,Tomato,3200.0,3500.0,3300.0,Rs./Quintal,Medium
Jalandhar City(Jalandhar) APMC,70.4,Metric Tonnes,Tomato,600.0,2000.0,1300.0,Rs./Quintal,FAQ
Khamano APMC,0.1,Metric Tonnes,Tomato,2000.0,2000.0,2000.0,Rs./Quintal,FAQ
Khanna APMC,19.5,Metric Tonnes,Tomato,2500.0,2500.0,2500.0,Rs./Quintal,Grade A
Kurali APMC,1.4000000000000001,Metric Tonnes,Other,3000.0,3400.0,3200.0,Rs./Quintal,Medium
Lalru APMC,2.4,Metric Tonnes,Deshi,2400.0,2400.0,2400.0,Rs./Quintal,Local
Lehra Gaga APMC,1.02,Metric Tonnes,Other,2500.0,2500.0,2500.0,Rs./Quintal,Grade A
Ludhiana APMC,60.2,Metric Tonnes,Other,800.0,2300.0,1700.0,Rs./Quintal,FAQ
Malerkotla APMC,6.0,Metric Tonnes,Tomato,1500.0,2800.0,2700.0,Rs./Quintal,Local
Malout APMC,2.043,Metric Tonnes,Tomato,2000.0,2000.0,2000.0,Rs./Quintal,Grade A
Mansa APMC,0.5,Metric Tonnes,Tomato,3900.0,3900.0,3900.0,Rs./Quintal,FAQ
Maur APMC,0.4,Metric Tonnes,Other,2600.0,3000.0,2800.0,Rs./Quintal,Grade B
Moga APMC,0.8,Metric Tonnes,Other,3000.0,3500.0,3200.0,Rs./Quintal,Local
Mukerian APMC,2.995,Metric Tonnes,Tomato,2000.0,3000.0,2500.0,Rs./Quintal,Grade B
Mukerian(Talwara) APMC,0.45,Metric Tonnes,Tomato,3000.0,4000.0,3500.0,Rs./Quintal,FAQ
Muktsar APMC,1.5,Metric Tonnes,Tomato,1200.0,2000.0,1600.0,Rs./Quintal,Medium
Nabha APMC,7.1000000000000005,Metric Tonnes,Other,2300.0,3300.0,2800.0,Rs./Quintal,Grade C
Nawan Shahar(Subzi Mandi) APMC,4.0200000000000005,Metric Tonnes,Tomato,2000.0,2500.0,2200.0,Rs./Quintal,FAQ
Pathankot APMC,50.0,Metric Tonnes,Tomato,2700.0,2700.0,2700.0,Rs./Quintal,Medium
Patiala APMC,22.900000000000002,Metric Tonnes,Tomato,2000.0,3000.0,2500.0,Rs./Quintal,Grade A
Patran APMC,15.0,Metric Tonnes,Other,2630.0,2630.0,2630.0,Rs./Quintal,Grade A
Patti APMC,0.38,Metric Tonnes,Other,0.07,0.1,0.09,Rs./Quintal,Local
Phagwara APMC,21.900000000000002,Metric Tonnes,Other,900.0,3000.0,1800.0,Rs./Quintal,FAQ
Phillaur APMC,0.30000000000000004,Metric Tonnes,Other,2600.0,2600.0,2600.0,Rs./Quintal,FAQ
Phillaur(Apra Mandi) APMC,0.1,Metric Tonnes,Other,4000.0,4000.0,4000.0,Rs./Quintal,FAQ
Quadian APMC,0.4,Metric Tonnes,Other,2800.0,3000.0,2900.0,Rs./Quintal,Grade A
Raman APMC,0.7000000000000001,Metric Tonnes,Other,2705.0,2805.0,2755.0,Rs./Quintal,Medium
Rampuraphul(Nabha Mandi) APMC,2.5,Metric Tonnes,Other,2000.0,2800.0,2500.0,Rs./Quintal,Grade A
Rayya APMC,0.03,Metric Tonnes,Other,721.0,721.0,721.0,Rs./Quintal,FAQ
Ropar APMC,5.0,Metric Tonnes,Other,3000.0,3400.0,3200.0,Rs./Quintal,Non-FAQ
Sahnewal APMC,0.1,Metric Tonnes,Tomato,4000.0,4000.0,4000.0,Rs./Quintal,FAQ
Samana APMC,15.0,Metric Tonnes,Other,1700.0,2500.0,2000.0,Rs./Quintal,Grade Range-2
Sirhind APMC,2.5,Metric Tonnes,Other,1500.0,3700.0,2000.0,Rs./Quintal,FAQ
Talwandi Sabo APMC,0.4,Metric Tonnes,Other,2300.0,2500.0,2400.0,Rs./Quintal,Grade A
Tanda Urmur APMC,1.1,Metric Tonnes,Tomato,2500.0,3000.0,2800.0,Rs./Quintal,Grade A
Tarantaran APMC,0.14,Metric Tonnes,Other,2800.0,2800.0,2800.0,Rs./Quintal,Local
Zira APMC,0.461,Metric Tonnes,Other,2400.0,2400.0,2400.0,Rs./Quintal,Local
Total,414.1,Metric Tonnes,,,,2116.32,Rs./Quintal,
State/UT Name : Rajasthan
Abu Road APMC,3.019,Metric Tonnes,Other,775.0,825.0,800.0,Rs./Quintal,Local
Ajmer(F&V) APMC,36.7,Metric Tonnes,Other,1000.0,2200.0,1600.0,Rs./Quintal,Medium
Alwar APMC,38.400000000000006,Metric Tonnes,Other,1800.0,2500.0,2100.0,Rs./Quintal,Medium
Baran APMC,1.6,Metric Tonnes,Other,1200.0,1700.0,1400.0,Rs./Quintal,Local
Bassi APMC,0.4,Metric Tonnes,Other,4600.0,5000.0,4800.0,Rs./Quintal,Local
Bayana APMC,0.8,Metric Tonnes,Other,2000.0,2000.0,2000.0,Rs./Quintal,Local
Bhadara APMC,1.2,Metric Tonnes,Deshi,3000.0,3500.0,3125.0,Rs./Quintal,FAQ
Bhilwara APMC,9.200000000000001,Metric Tonnes,Other,2000.0,3000.0,2500.0,Rs./Quintal,FAQ
Bhinmal APMC,0.9,Metric Tonnes,Other,2400.0,2450.0,2425.0,Rs./Quintal,Non-FAQ
Churu APMC,2.5,Metric Tonnes,Hybrid,2200.0,2400.0,2300.0,Rs./Quintal,FAQ
Dablirathan APMC,0.1,Metric Tonnes,Deshi,2500.0,2900.0,2700.0,Rs./Quintal,Local
Goluwala APMC,0.165,Metric Tonnes,Deshi,2800.0,3200.0,3200.0,Rs./Quintal,Non-FAQ
HanumangarhTown APMC,80.80000000000001,Metric Tonnes,Deshi,2700.0,2700.0,2700.0,Rs./Quintal,Non-FAQ
Jaipur (F&V) APMC,500.8,Metric Tonnes,Other,2000.0,2300.0,2150.0,Rs./Quintal,FAQ
Jalore APMC,2.8000000000000003,Metric Tonnes,Tomato,1800.0,2000.0,1900.0,Rs./Quintal,Local
Jodhpur (F&V) APMC,115.60000000000001,Metric Tonnes,Other,1000.0,3200.0,2200.0,Rs./Quintal,Medium
Kota (F&V) APMC,53.7,Metric Tonnes,Other,2000.0,2000.0,2000.0,Rs./Quintal,Medium
Rajsamand APMC,1.8,Metric Tonnes,Tomato,2000.0,2600.0,2300.0,Rs./Quintal,FAQ
Rawatsar APMC,1.0,Metric Tonnes,Deshi,2000.0,2800.0,2500.0,Rs./Quintal,FAQ
Sikar APMC,55.300000000000004,Metric Tonnes,Deshi,1400.0,1800.0,1600.0,Rs./Quintal,FAQ
Sriganganagar (F&V) APMC,20.5,Metric Tonnes,Tomato,2300.0,2700.0,2500.0,Rs./Quintal,Grade A
Sujangarh APMC,0.9,Metric Tonnes,Other,1600.0,1800.0,1700.0,Rs./Quintal,Local
Udaipur (F&V) APMC,55.900000000000006,Metric Tonnes,Other,1000.0,2200.0,1600.0,Rs./Quintal,Medium
Total,984.08,Metric Tonnes,,,,2115.95,Rs./Quintal,
State/UT Name : Tamil Nadu
AJattihalli(Uzhavar Sandhai ),3.64,Metric Tonnes,Deshi,2000.0,2500.0,2250.0,Rs./Quintal,Local
Alangudi(Uzhavar Sandhai ),0.52,Metric Tonnes,Other,2500.0,3000.0,2750.0,Rs./Quintal,Local
Ambasamudram(Uzhavar Sandhai ),0.02,Metric Tonnes,Local,2400.0,2800.0,2600.0,Rs./Quintal,Local
Ambattur(Uzhavar Sandhai ),0.03,Metric Tonnes,Deshi,3000.0,3000.0,3000.0,Rs./Quintal,Local
Ammapet(Uzhavar Sandhai ),1.88,Metric Tonnes,Local,2200.0,2600.0,2400.0,Rs./Quintal,Local
Anaiyur(Uzhavar Sandhai ),0.75,Metric Tonnes,Deshi,2000.0,2800.0,2400.0,Rs./Quintal,Local
Andipatti(Uzhavar Sandhai ),0.75,Metric Tonnes,Other,2600.0,2800.0,2700.0,Rs./Quintal,Local
Anna nagar(Uzhavar Sandhai ),1.7,Metric Tonnes,Other,2800.0,2800.0,2800.0,Rs./Quintal,Local
Arani(Uzhavar Sandhai ),1.15,Metric Tonnes,Deshi,2000.0,2500.0,2250.0,Rs./Quintal,Local
Aranthangi(Uzhavar Sandhai ),0.58,Metric Tonnes,Other,3000.0,3500.0,3250.0,Rs./Quintal,Local
Arcot(Uzhavar Sandhai ),0.77,Metric Tonnes,Other,2400.0,2400.0,2400.0,Rs./Quintal,Local
Ariyalur(Uzhavar Sandhai),0.14,Metric Tonnes,Deshi,3000.0,3500.0,3250.0,Rs./Quintal,Local
Aruppukottai(Uzhavar Sandhai ),0.66,Metric Tonnes,Deshi,2500.0,3000.0,2750.0,Rs./Quintal,Local
Athur(Uzhavar Sandhai ),2.17,Metric Tonnes,Local,2000.0,2800.0,2400.0,Rs./Quintal,Local
Attayampatti(Uzhavar Sandhai ),0.45,Metric Tonnes,Deshi,2600.0,2600.0,2600.0,Rs./Quintal,Local
Avallapalli(Uzhavar Sandhai ),1.35,Metric Tonnes,Deshi,2500.0,3000.0,2750.0,Rs./Quintal,Local
Bodinayakanur(Uzhavar Sandhai ),0.43,Metric Tonnes,Deshi,2800.0,2800.0,2800.0,Rs./Quintal,Local
Chengalpet(Uzhavar Sandhai ),0.72,Metric Tonnes,Deshi,3000.0,3500.0,3250.0,Rs./Quintal,Local
Chengam(Uzhavar Sandhai ),0.5,Metric Tonnes,Deshi,2000.0,2500.0,2250.0,Rs./Quintal,Local
Cheyyar(Uzhavar Sandhai ),0.3,Metric Tonnes,Local,2000.0,2500.0,2250.0,Rs./Quintal,Local
Chidambaram(Uzhavar Sandhai ),0.02,Metric Tonnes,Local,3000.0,3000.0,3000.0,Rs./Quintal,Local
Chinnalapatti(Uzhavar Sandhai ),0.67,Metric Tonnes,Deshi,2000.0,3000.0,2500.0,Rs./Quintal,Local
Chinnamanur(Uzhavar Sandhai ),1.48,Metric Tonnes,Local,2800.0,2800.0,2800.0,Rs./Quintal,Local
Chokkikulam(Uzhavar Sandhai ),2.35,Metric Tonnes,Deshi,2000.0,2800.0,2400.0,Rs./Quintal,Local
Coonoor(Uzhavar Sandhai ),1.85,Metric Tonnes,Deshi,2800.0,3000.0,2900.0,Rs./Quintal,Local
Cuddalore(Uzhavar Sandhai ),0.4,Metric Tonnes,Deshi,2600.0,2600.0,2600.0,Rs./Quintal,Local
Denkanikottai(Uzhavar Sandhai ),2.4,Metric Tonnes,Local,2500.0,3000.0,2750.0,Rs./Quintal,Local
Devakottai (Uzhavar Sandhai ),0.23,Metric Tonnes,Deshi,2200.0,3000.0,2600.0,Rs./Quintal,Local
Devaram(Uzhavar Sandhai ),0.33,Metric Tonnes,Deshi,2800.0,2900.0,2850.0,Rs./Quintal,Local
Dharapuram(Uzhavar Sandhai ),4.0,Metric Tonnes,Deshi,1500.0,1800.0,1650.0,Rs./Quintal,Local
Dharmapuri(Uzhavar Sandhai ),9.12,Metric Tonnes,Local,2300.0,2500.0,2400.0,Rs./Quintal,Local
Dindigul(Uzhavar Sandhai ),2.2,Metric Tonnes,Deshi,2000.0,3000.0,2500.0,Rs./Quintal,Local
Edapadi (Uzhavar Sandhai ),1.75,Metric Tonnes,Other,2400.0,2800.0,2600.0,Rs./Quintal,Local
Elampillai(Uzhavar Sandhai ),1.6,Metric Tonnes,Other,2200.0,2800.0,2500.0,Rs./Quintal,Local
Gandarvakottai(Uzhavar Sandhai ),0.68,Metric Tonnes,Other,2500.0,3000.0,2750.0,Rs./Quintal,Local
Gandhigramam(Uzhavar Sandhai),0.34,Metric Tonnes,Other,2800.0,3000.0,2900.0,Rs./Quintal,Local
Gingee(Uzhavar Sandhai ),0.23,Metric Tonnes,Deshi,2000.0,2500.0,2250.0,Rs./Quintal,Local
Gobichettipalayam(Uzhavar Sandhai ),0.8,Metric Tonnes,Deshi,2500.0,3000.0,2750.0,Rs./Quintal,Local
Gudalur(Uzhavar Sandhai ),0.07,Metric Tonnes,Deshi,2000.0,2500.0,2250.0,Rs./Quintal,Local
Gudiyatham(Uzhavar Sandhai ),1.2,Metric Tonnes,Deshi,2000.0,2500.0,2250.0,Rs./Quintal,Local
Guduvancheri(Uzhavar Sandhai ),0.16,Metric Tonnes,Other,3000.0,3500.0,3250.0,Rs./Quintal,Local
Harur(Uzhavar Sandhai ),1.5,Metric Tonnes,Deshi,2000.0,2500.0,2250.0,Rs./Quintal,Local
Hasthampatti(Uzhavar Sandhai ),1.65,Metric Tonnes,Local,2200.0,2800.0,2500.0,Rs./Quintal,Local
Hosur(Uzhavar Sandhai ),9.76,Metric Tonnes,Deshi,2500.0,3000.0,2750.0,Rs./Quintal,Local
Jalagandapuram(Uzhavar Sandhai ),3.05,Metric Tonnes,Other,2200.0,2600.0,2400.0,Rs./Quintal,Local
Jameenrayapettai(Uzhavar Sandhai ),0.61,Metric Tonnes,Other,3000.0,3500.0,3250.0,Rs./Quintal,Local
Jeyankondam (Uzhavar Sandhai ),0.02,Metric Tonnes,Deshi,2500.0,3000.0,2750.0,Rs./Quintal,Local
KKNagar(Uzhavar Sandhai ),3.0,Metric Tonnes,Deshi,3000.0,3000.0,3000.0,Rs./Quintal,Local
Kahithapattarai(Uzhavar Sandhai ),1.1,Metric Tonnes,Deshi,2400.0,2600.0,2500.0,Rs./Quintal,Local
Kallakurichi(Uzhavar Sandhai ),1.08,Metric Tonnes,Deshi,3000.0,3000.0,3000.0,Rs./Quintal,Local
Kambam(Uzhavar Sandhai ),6.0,Metric Tonnes,Deshi,2600.0,2600.0,2600.0,Rs./Quintal,Local
Kamuthi(Uzhavar Sandhai ),0.02,Metric Tonnes,Deshi,2500.0,3000.0,2750.0,Rs./Quintal,Local
Kancheepuram(Uzhavar Sandhai ),0.6,Metric Tonnes,Local,2200.0,3000.0,2600.0,Rs./Quintal,Local
Kandiyaperi(Uzhavar Sandhai ),0.03,Metric Tonnes,Other,2600.0,2800.0,2700.0,Rs./Quintal,Local
Kangayam(Uzhavar Sandhai ),1.09,Metric Tonnes,Deshi,1700.0,2000.0,1850.0,Rs./Quintal,Local
Karaikudi(Uzhavar Sandhai ),0.34,Metric Tonnes,Deshi,2600.0,3000.0,2800.0,Rs./Quintal,Local
Karambakkudi(Uzhavar Sandhai ),0.62,Metric Tonnes,Other,2500.0,3000.0,2750.0,Rs./Quintal,Local
Karimangalam(Uzhavar Sandhai),0.58,Metric Tonnes,Local,2300.0,2500.0,2400.0,Rs./Quintal,Local
Kariyapatti(Uzhavar Sandhai ),0.34,Metric Tonnes,Deshi,2500.0,3000.0,2750.0,Rs./Quintal,Local
Karur(Uzhavar Sandhai ),1.2,Metric Tonnes,Deshi,2500.0,3000.0,2750.0,Rs./Quintal,Local
Katpadi (Uzhavar Sandhai ),0.98,Metric Tonnes,Deshi,3000.0,3000.0,3000.0,Rs./Quintal,Local
Kaveripattinam(Uzhavar Sandhai ),0.27,Metric Tonnes,Local,3000.0,3000.0,3000.0,Rs./Quintal,Local
Keelpennathur(Uzhavar Sandhai ),0.02,Metric Tonnes,Deshi,2000.0,2500.0,2250.0,Rs./Quintal,Local
Kovilpatti(Uzhavar Sandhai ),0.35,Metric Tonnes,Local,3000.0,3500.0,3250.0,Rs./Quintal,Local
Krishnagiri(Uzhavar Sandhai ),4.25,Metric Tonnes,Deshi,1500.0,1800.0,1650.0,Rs./Quintal,Local
Kulithalai(Uzhavar Sandhai ),1.66,Metric Tonnes,Other,2200.0,3000.0,2600.0,Rs./Quintal,Local
Kumarapalayam(Uzhavar Sandhai ),0.27,Metric Tonnes,Other,2200.0,3000.0,2600.0,Rs./Quintal,Local
Kumbakonam (Uzhavar Sandhai ),1.28,Metric Tonnes,Deshi,2400.0,3000.0,2700.0,Rs./Quintal,Local
Kundrathur(Uzhavar Sandhai ),0.45,Metric Tonnes,Other,2500.0,2500.0,2500.0,Rs./Quintal,Local
Kurichi(Uzhavar Sandhai ),0.16,Metric Tonnes,Local,2400.0,2800.0,2600.0,Rs./Quintal,Local
Lalgudi(Uzhavar Sandhai ),0.52,Metric Tonnes,Local,3000.0,3000.0,3000.0,Rs./Quintal,Local
Madhuranthagam(Uzhavar Sandhai ),0.09,Metric Tonnes,Deshi,3000.0,3000.0,3000.0,Rs./Quintal,Local
Manachanallur(Uzhavar Sandhai ),0.21,Metric Tonnes,Other,3000.0,3000.0,3000.0,Rs./Quintal,Local
Manapparai(Uzhavar Sandhai ),0.63,Metric Tonnes,Other,3000.0,3000.0,3000.0,Rs./Quintal,Local
Mannargudi I(Uzhavar Sandhai ),1.25,Metric Tonnes,Deshi,2600.0,2600.0,2600.0,Rs./Quintal,Local
Mannargudi II(Uzhavar Sandhai ),0.47,Metric Tonnes,Deshi,2600.0,2600.0,2600.0,Rs./Quintal,Local
Mayiladuthurai(Uzhavar Sandhai ),0.18,Metric Tonnes,Deshi,2500.0,3000.0,2750.0,Rs./Quintal,Local
Mecheri(Uzhavar Sandhai),0.21,Metric Tonnes,Deshi,2000.0,2500.0,2250.0,Rs./Quintal,Local
Medavakkam(Uzhavar Sandhai ),0.35,Metric Tonnes,Other,2500.0,2500.0,2500.0,Rs./Quintal,Local
Melapalayam(Uzhavar Sandhai ),0.85,Metric Tonnes,Other,2600.0,2800.0,2700.0,Rs./Quintal,Local
Melur(Uzhavar Sandhai ),0.55,Metric Tonnes,Local,2000.0,2800.0,2400.0,Rs./Quintal,Local
Mettupalayam(Uzhavar Sandhai ),3.25,Metric Tonnes,Deshi,2500.0,3000.0,2750.0,Rs./Quintal,Local
Mettur(Uzhavar Sandhai ),2.8,Metric Tonnes,Local,2000.0,2600.0,2300.0,Rs./Quintal,Local
Musiri(Uzhavar Sandhai ),1.77,Metric Tonnes,Local,2600.0,3000.0,2800.0,Rs./Quintal,Local
Muthupettai(Uzhavar Sandhai ),0.05,Metric Tonnes,Deshi,2400.0,2400.0,2400.0,Rs./Quintal,Local
Myladi(Uzhavar Sandhai ),0.04,Metric Tonnes,Deshi,3000.0,3500.0,3250.0,Rs./Quintal,Local
NGO Colony(Uzhavar Sandhai ),0.52,Metric Tonnes,Deshi,2500.0,3200.0,2850.0,Rs./Quintal,Local
Nagapattinam(Uzhavar Sandhai ),0.24,Metric Tonnes,Deshi,3800.0,3800.0,3800.0,Rs./Quintal,Local
Nanganallur(Uzhavar Sandhai ),0.13,Metric Tonnes,Deshi,3000.0,3500.0,3250.0,Rs./Quintal,Local
Naravarikuppam(Uzhavar Sandhai ),0.15,Metric Tonnes,Deshi,3000.0,3000.0,3000.0,Rs./Quintal,Local
Natrampalli(Uzhavar Sandhai ),6.45,Metric Tonnes,Deshi,2000.0,2500.0,2250.0,Rs./Quintal,Local
Needamangalam(Uzhavar Sandhai ),0.06,Metric Tonnes,Deshi,2400.0,2400.0,2400.0,Rs./Quintal,Local
Padappai(Uzhavar Sandhai ),0.75,Metric Tonnes,Local,2200.0,3000.0,2600.0,Rs./Quintal,Local
Palacode(Uzhavar Sandhai ),1.1,Metric Tonnes,Local,2200.0,2500.0,2350.0,Rs./Quintal,Local
Palanganatham(Uzhavar Sandhai ),1.4,Metric Tonnes,Other,2400.0,2800.0,2600.0,Rs./Quintal,Local
Palani(Uzhavar Sandhai ),2.35,Metric Tonnes,Deshi,1000.0,2000.0,1500.0,Rs./Quintal,Local
Palayamkottai(Uzhavar Sandhai ),1.0,Metric Tonnes,Local,2600.0,2800.0,2700.0,Rs./Quintal,Local
Palladam(Uzhavar Sandhai ),1.87,Metric Tonnes,Deshi,1500.0,2000.0,1750.0,Rs./Quintal,Local
Pallapatti (Uzhavar Sandhai ),0.8,Metric Tonnes,Other,2500.0,2800.0,2650.0,Rs./Quintal,Local
Pallavaram(Uzhavar Sandhai ),1.07,Metric Tonnes,Deshi,3000.0,3500.0,3250.0,Rs./Quintal,Local
Pallikonda(Uzhavar Sandhai),0.12,Metric Tonnes,Deshi,3000.0,3000.0,3000.0,Rs./Quintal,Local
Panruti(Uzhavar Sandhai ),0.07,Metric Tonnes,Deshi,2500.0,2500.0,2500.0,Rs./Quintal,Local
Papanasam(Uzhavar Sandhai ),0.18,Metric Tonnes,Deshi,2400.0,3000.0,2700.0,Rs./Quintal,Local
Paramakudi(Uzhavar Sandhai ),1.65,Metric Tonnes,Deshi,3000.0,3500.0,3250.0,Rs./Quintal,Local
Paramathivelur(Uzhavar Sandhai ),0.12,Metric Tonnes,Deshi,2600.0,3000.0,2800.0,Rs./Quintal,Local
Paruthipattu(Uzhavar Sandhai ),0.24,Metric Tonnes,Deshi,2500.0,2500.0,2500.0,Rs./Quintal,Local
Pattukottai(Uzhavar Sandhai ),0.93,Metric Tonnes,Deshi,3000.0,3000.0,3000.0,Rs./Quintal,Local
Pennagaram(Uzhavar Sandhai ),2.35,Metric Tonnes,Local,2400.0,2600.0,2500.0,Rs./Quintal,Local
Perambakkam(Uzhavar Sandhai ),0.02,Metric Tonnes,Deshi,3000.0,3000.0,3000.0,Rs./Quintal,Local
Perambalur(Uzhavar Sandhai ),0.75,Metric Tonnes,Deshi,3000.0,3400.0,3200.0,Rs./Quintal,Local
Perampet(Uzhavar Sandhai),0.12,Metric Tonnes,Deshi,2000.0,2600.0,2300.0,Rs./Quintal,Local
Peravurani(Uzhavar Sandhai),0.09,Metric Tonnes,Deshi,3000.0,3000.0,3000.0,Rs./Quintal,Local
Periyakulam(Uzhavar Sandhai ),0.63,Metric Tonnes,Other,2600.0,2800.0,2700.0,Rs./Quintal,Local
Periyar Nagar(Uzhavar Sandhai ),0.45,Metric Tonnes,Other,2600.0,3000.0,2800.0,Rs./Quintal,Local
Perundurai(Uzhavar Sandhai ),0.46,Metric Tonnes,Deshi,2600.0,3000.0,2800.0,Rs./Quintal,Local
Pollachi(Uzhavar Sandhai ),1.44,Metric Tonnes,Deshi,2500.0,3000.0,2750.0,Rs./Quintal,Local
Polur(Uzhavar Sandhai ),0.44,Metric Tonnes,Local,2000.0,2500.0,2250.0,Rs./Quintal,Local
Ponnamaravathi(Uzhavar Sandhai),0.24,Metric Tonnes,Deshi,2500.0,3000.0,2750.0,Rs./Quintal,Local
Pudukottai(Uzhavar Sandhai ),1.4,Metric Tonnes,Deshi,2500.0,3000.0,2750.0,Rs./Quintal,Local
RSPuram(Uzhavar Sandhai ),3.37,Metric Tonnes,Local,2700.0,3000.0,2850.0,Rs./Quintal,Local
Rajapalayam(Uzhavar Sandhai ),0.8,Metric Tonnes,Deshi,2000.0,2500.0,2250.0,Rs./Quintal,Local
Ramanathapuram(Uzhavar Sandhai ),0.22,Metric Tonnes,Deshi,3000.0,3500.0,3250.0,Rs./Quintal,Local
Ranipettai(Uzhavar Sandhai ),0.8,Metric Tonnes,Other,2000.0,2800.0,2400.0,Rs./Quintal,Local
Rasipuram(Uzhavar Sandhai ),1.48,Metric Tonnes,Other,2800.0,3200.0,3000.0,Rs./Quintal,Local
Sampath Nagar(Uzhavar Sandhai ),1.33,Metric Tonnes,Other,2600.0,3000.0,2800.0,Rs./Quintal,Local
Sankarankoil(Uzhavar Sandhai ),0.77,Metric Tonnes,Deshi,2500.0,2500.0,2500.0,Rs./Quintal,Local
Sankarapuram(Uzhavar Sandhai ),0.19,Metric Tonnes,Deshi,2500.0,2500.0,2500.0,Rs./Quintal,Local
Sathiyamagalam(Uzhavar Sandhai ),0.86,Metric Tonnes,Local,2500.0,2900.0,2700.0,Rs./Quintal,Local
Sathur(Uzhavar Sandhai ),0.07,Metric Tonnes,Deshi,2000.0,2500.0,2250.0,Rs./Quintal,Local
Singampunari(Uzhavar Sandhai ),0.32,Metric Tonnes,Other,2400.0,3000.0,2700.0,Rs./Quintal,Local
Singanallur(Uzhavar Sandhai ),10.01,Metric Tonnes,Deshi,2500.0,3000.0,2750.0,Rs./Quintal,Local
Sirkali(Uzhavar Sandhai ),0.35,Metric Tonnes,Deshi,2500.0,3000.0,2750.0,Rs./Quintal,Local
Sivagangai (Uzhavar Sandhai ),1.14,Metric Tonnes,Deshi,2600.0,2800.0,2700.0,Rs./Quintal,Local
Sivakasi(Uzhavar Sandhai ),0.06,Metric Tonnes,Deshi,1500.0,2000.0,1750.0,Rs./Quintal,Local
Sooramangalam(Uzhavar Sandhai ),7.39,Metric Tonnes,Deshi,2000.0,2500.0,2250.0,Rs./Quintal,Local
Srivilliputhur(Uzhavar Sandhai ),0.18,Metric Tonnes,Deshi,2000.0,2500.0,2250.0,Rs./Quintal,Local
Sulur(Uzhavar Sandhai ),0.7,Metric Tonnes,Deshi,2600.0,3000.0,2800.0,Rs./Quintal,Local
Sundarapuram(Uzhavar Sandhai ),1.87,Metric Tonnes,Local,2400.0,2800.0,2600.0,Rs./Quintal,Local
Sunguvarchatram(Uzhavar Sandhai ),0.45,Metric Tonnes,Other,2500.0,2500.0,2500.0,Rs./Quintal,Local
Tamarainagar(Uzhavar Sandhai ),0.67,Metric Tonnes,Deshi,2000.0,2500.0,2250.0,Rs./Quintal,Local
Tenkasi(Uzhavar Sandhai ),0.4,Metric Tonnes,Local,2000.0,2000.0,2000.0,Rs./Quintal,Local
Thalavadi(Uzhavar Sandhai ),0.5,Metric Tonnes,Other,2200.0,2600.0,2400.0,Rs./Quintal,Local
Thalavaipuram(Uzhavar Sandhai ),0.13,Metric Tonnes,Deshi,2000.0,2500.0,2250.0,Rs./Quintal,Local
Thammampatti (Uzhavar Sandhai ),1.32,Metric Tonnes,Deshi,2000.0,2600.0,2300.0,Rs./Quintal,Local
Thanjavur(Uzhavar Sandhai ),1.19,Metric Tonnes,Deshi,3000.0,3000.0,3000.0,Rs./Quintal,Local
Thathakapatti(Uzhavar Sandhai ),3.95,Metric Tonnes,Deshi,2000.0,2500.0,2250.0,Rs./Quintal,Local
Theni(Uzhavar Sandhai ),3.92,Metric Tonnes,Other,2500.0,2800.0,2650.0,Rs./Quintal,Local
Thirukalukundram(Uzhavar Sandhai ),0.16,Metric Tonnes,Deshi,2500.0,3000.0,2750.0,Rs./Quintal,Local
Thirumangalam(Uzhavar Sandhai ),1.13,Metric Tonnes,Deshi,2000.0,2800.0,2400.0,Rs./Quintal,Local
Thirupathur APMC,5.1,Metric Tonnes,Deshi,2800.0,2800.0,2800.0,Rs./Quintal,Local
Thiruverumbur(Uzhavar Sandhai ),0.95,Metric Tonnes,Other,3000.0,3000.0,3000.0,Rs./Quintal,Local
Thuraiyur APMC,0.86,Metric Tonnes,Other,2600.0,3200.0,2900.0,Rs./Quintal,Local
Tindivanam APMC,0.8,Metric Tonnes,Deshi,2000.0,2300.0,2150.0,Rs./Quintal,Local
Tiruchengode APMC,0.03,Metric Tonnes,Other,2600.0,3000.0,2800.0,Rs./Quintal,Local
Tirukattupalli(Uzhavar Sandhai ),0.26,Metric Tonnes,Deshi,3000.0,3000.0,3000.0,Rs./Quintal,Local
Tirupatthur(Uzhavar Sandhai ),0.43,Metric Tonnes,Other,2500.0,3000.0,2750.0,Rs./Quintal,Local
Tiruppur (North) (Uzhavar Sandhai ),0.9,Metric Tonnes,Local,2200.0,2400.0,2300.0,Rs./Quintal,Local
Tiruppur (South) (Uzhavar Sandhai ),17.68,Metric Tonnes,Local,2000.0,2200.0,2100.0,Rs./Quintal,Local
Tiruthani(Uzhavar Sandhai ),0.3,Metric Tonnes,Deshi,2500.0,2500.0,2500.0,Rs./Quintal,Local
Tiruvallur(Uzhavar Sandhai ),0.2,Metric Tonnes,Deshi,2500.0,3000.0,2750.0,Rs./Quintal,Local
Tiruvannamalai(Uzhavar Sandhai ),1.12,Metric Tonnes,Deshi,2000.0,2500.0,2250.0,Rs./Quintal,Local
Tiruvarur(Uzhavar Sandhai ),0.18,Metric Tonnes,Deshi,2600.0,2600.0,2600.0,Rs./Quintal,Local
Tuticorin(Uzhavar Sandhai ),1.15,Metric Tonnes,Local,2500.0,3000.0,2750.0,Rs./Quintal,Local
Udhagamandalam(Uzhavar Sandhai ),2.35,Metric Tonnes,Deshi,2500.0,2800.0,2650.0,Rs./Quintal,Local
Udumalpet APMC,0.97,Metric Tonnes,Deshi,2000.0,2400.0,2200.0,Rs./Quintal,Local
Ulundurpettai APMC,0.44,Metric Tonnes,Deshi,2000.0,2000.0,2000.0,Rs./Quintal,Local
Usilampatti(Uzhavar Sandhai ),0.86,Metric Tonnes,Deshi,2000.0,2800.0,2400.0,Rs./Quintal,Local
Vadalur(Uzhavar Sandhai ),0.17,Metric Tonnes,Local,3000.0,3000.0,3000.0,Rs./Quintal,Local
Vadaseri APMC,0.34,Metric Tonnes,Local,3000.0,3500.0,3250.0,Rs./Quintal,Local
Vadavalli(Uzhavar Sandhai ),1.67,Metric Tonnes,Local,2800.0,3100.0,2950.0,Rs./Quintal,Local
Valangaiman APMC,0.05,Metric Tonnes,Deshi,2600.0,2600.0,2600.0,Rs./Quintal,Local
Vandavasi(Uzhavar Sandhai ),0.02,Metric Tonnes,Local,2000.0,2500.0,2250.0,Rs./Quintal,Local
Vaniyampadi(Uzhavar Sandhai ),9.05,Metric Tonnes,Deshi,3000.0,3000.0,3000.0,Rs./Quintal,Local
Vazhapadi(Uzhavar Sandhai),0.64,Metric Tonnes,Deshi,2000.0,2500.0,2250.0,Rs./Quintal,Local
Vedaranyam(Uzhavar Sandhai),0.08,Metric Tonnes,Deshi,3600.0,3600.0,3600.0,Rs./Quintal,Local
Vedasanthur(Uzhavar Sandhai ),0.01,Metric Tonnes,Deshi,1500.0,2000.0,1750.0,Rs./Quintal,Local
Velayuthampalayam(Uzhavar Sandhai ),0.27,Metric Tonnes,Other,2400.0,3000.0,2700.0,Rs./Quintal,Local
Vellore APMC,3.2,Metric Tonnes,Deshi,2600.0,2800.0,2700.0,Rs./Quintal,Local
Vengamedu(Uzhavar Sandhai ),0.08,Metric Tonnes,Deshi,2500.0,3000.0,2750.0,Rs./Quintal,Local
Villupuram(Uzhavar Sandhai ),0.48,Metric Tonnes,Deshi,2500.0,3000.0,2750.0,Rs./Quintal,Local
Viralimalai(Uzhavar Sandhai ),0.3,Metric Tonnes,Deshi,2000.0,2500.0,2250.0,Rs./Quintal,Local
Virudhunagar(Uzhavar Sandhai ),0.15,Metric Tonnes,Deshi,2500.0,3000.0,2750.0,Rs./Quintal,Local
Viruthachalam(Uzhavar Sandhai ),0.16,Metric Tonnes,Deshi,3000.0,3000.0,3000.0,Rs./Quintal,Local
Total,232.46,Metric Tonnes,,,,2530.76,Rs./Quintal,
State/UT Name : Telangana
Adilabad (Rythu Bazar) ,3.4000000000000004,Metric Tonnes,Local,2500.0,2500.0,2500.0,Rs./Quintal,Local
"Alwal,RBZ",3.0,Metric Tonnes,Other,1500.0,1500.0,1500.0,Rs./Quintal,FAQ
Bowenpally APMC,262.90000000000003,Metric Tonnes,Deshi,400.0,1200.0,1000.0,Rs./Quintal,FAQ
Chevella APMC,6.5,Metric Tonnes,Local,1000.0,1000.0,1000.0,Rs./Quintal,Local
"Excise Colony,RBZ ",0.85,Metric Tonnes,Other,2400.0,2400.0,2400.0,Rs./Quintal,Grade A
Gudimalkapur APMC,258.8,Metric Tonnes,Tomato,600.0,1200.0,900.0,Rs./Quintal,Grade B
Ibrahimpatnam APMC,4.0,Metric Tonnes,Local,800.0,800.0,800.0,Rs./Quintal,Local
Kalwakurthy APMC,4.5,Metric Tonnes,Tomato,550.0,550.0,550.0,Rs./Quintal,Local
Karimnagar APMC,2.8000000000000003,Metric Tonnes,Hybrid,1750.0,2250.0,2000.0,Rs./Quintal,Medium
"Kukatpally,RBZ",13.2,Metric Tonnes,Deshi,1500.0,1500.0,1500.0,Rs./Quintal,Local
L B Nagar APMC,56.1,Metric Tonnes,Tomato,600.0,1200.0,800.0,Rs./Quintal,Medium
Mahabubnagar(Rythu Bazar),2.68,Metric Tonnes,Deshi,2000.0,2000.0,2000.0,Rs./Quintal,Local
Mahboob Manison APMC,17.0,Metric Tonnes,Tomato,1000.0,1400.0,1200.0,Rs./Quintal,Medium
Miryalguda(Rythu Bazar) ,1.4,Metric Tonnes,Deshi,2500.0,2500.0,2500.0,Rs./Quintal,Grade A
"Pavilion Ground,Khammam,RBZ",0.551,Metric Tonnes,Deshi,3000.0,3000.0,3000.0,Rs./Quintal,FAQ
RYTHU BAZAR ERRAGADDA,11.5,Metric Tonnes,Deshi,1500.0,1500.0,1500.0,Rs./Quintal,Grade A
RYTHU BAZAR MEHDIPATNAM,10.8,Metric Tonnes,Deshi,1500.0,1500.0,1500.0,Rs./Quintal,Grade A
Sangareddy APMC,4.3,Metric Tonnes,Other,1000.0,1000.0,1000.0,Rs./Quintal,Grade B
"Saroornagar,RBZ",8.6,Metric Tonnes,Other,1500.0,1500.0,1500.0,Rs./Quintal,Medium
"Sattupalli (Ramalayam),RBZ",0.23,Metric Tonnes,Deshi,2000.0,3000.0,2800.0,Rs./Quintal,FAQ
Shadnagar APMC,5.0,Metric Tonnes,Local,1000.0,1200.0,1100.0,Rs./Quintal,Local
Siddipet(Rythu Bazar) ,9.5,Metric Tonnes,Local,1400.0,2200.0,1800.0,Rs./Quintal,Grade A
"Vanasthalipuram,RBZ ",10.3,Metric Tonnes,Other,1500.0,1500.0,1500.0,Rs./Quintal,Grade A
Vantamamidi APMC,0.6000000000000001,Metric Tonnes,Tomato,500.0,500.0,500.0,Rs./Quintal,Local
Warangal APMC,16.0,Metric Tonnes,Tomato,1000.0,1200.0,1100.0,Rs./Quintal,FAQ
Total,714.51,Metric Tonnes,,,,1023.74,Rs./Quintal,
State/UT Name : Tripura
Barpathari APMC,0.5,Metric Tonnes,Other,4900.0,5100.0,5000.0,Rs./Quintal,Medium
Biokhora,0.2,Metric Tonnes,Hybrid,4100.0,4250.0,4158.0,Rs./Quintal,FAQ
Bishalgarh APMC,0.5,Metric Tonnes,Hybrid,5000.0,6000.0,5500.0,Rs./Quintal,Medium
Bishramganj,0.1,Metric Tonnes,Hybrid,5000.0,6000.0,5500.0,Rs./Quintal,Medium
Gondatwisa APMC,0.1,Metric Tonnes,Hybrid,5500.0,6000.0,5800.0,Rs./Quintal,FAQ
Halahali,0.32,Metric Tonnes,Deshi,4800.0,5000.0,4900.0,Rs./Quintal,FAQ
Kanchanpur,0.2,Metric Tonnes,Hybrid,4600.0,4800.0,4700.0,Rs./Quintal,FAQ
Machmara,0.4,Metric Tonnes,Local,1700.0,1900.0,1800.0,Rs./Quintal,FAQ
Manubazar,0.5,Metric Tonnes,Hybrid,4800.0,5000.0,4900.0,Rs./Quintal,Grade A
Pabiacherra APMC,0.5,Metric Tonnes,Other,3500.0,3700.0,3600.0,Rs./Quintal,FAQ
Panichowki,0.1,Metric Tonnes,Deshi,4600.0,4600.0,4600.0,Rs./Quintal,Medium
Sonamura APMC,0.06999999999999999,Metric Tonnes,Hybrid,4000.0,4800.0,4500.0,Rs./Quintal,Medium
Total,3.49,Metric Tonnes,,,,4431.12,Rs./Quintal,
State/UT Name : Uttar Pradesh
Agra APMC,26.2,Metric Tonnes,Other,1400.0,1500.0,1403.82,Rs./Quintal,FAQ
Aligarh APMC,38.0,Metric Tonnes,Other,2000.0,2000.0,2000.0,Rs./Quintal,FAQ
Amroha APMC,281.924,Metric Tonnes,Other,1500.0,1600.0,1502.66,Rs./Quintal,FAQ
Atarra APMC,57.1,Metric Tonnes,Other,800.0,800.0,800.0,Rs./Quintal,FAQ
Awagarh APMC,1.2,Metric Tonnes,Other,1200.0,1200.0,1200.0,Rs./Quintal,FAQ
Ayodhya APMC,26.0,Metric Tonnes,Other,2000.0,2000.0,2000.0,Rs./Quintal,FAQ
Badayoun APMC,2.0,Metric Tonnes,Other,2500.0,2500.0,2500.0,Rs./Quintal,FAQ
Bahraich APMC,47.0,Metric Tonnes,Other,1200.0,1200.0,1200.0,Rs./Quintal,FAQ
Balrampur APMC,12.0,Metric Tonnes,Other,1000.0,1000.0,1000.0,Rs./Quintal,FAQ
Bansi APMC,12.5,Metric Tonnes,Other,1500.0,1500.0,1500.0,Rs./Quintal,FAQ
Barabanki APMC,162.2,Metric Tonnes,Other,1400.0,1400.0,1400.0,Rs./Quintal,FAQ
Bareilly APMC,26.0,Metric Tonnes,Other,1700.0,1700.0,1700.0,Rs./Quintal,FAQ
Baripaal APMC,1.5,Metric Tonnes,Other,2000.0,2000.0,2000.0,Rs./Quintal,FAQ
Buland Shahr APMC,2.0,Metric Tonnes,Other,2000.0,2000.0,2000.0,Rs./Quintal,FAQ
CHHUTMALPUR APMC,3.05,Metric Tonnes,Other,2300.0,2450.0,2385.25,Rs./Quintal,FAQ
Chandausi APMC,2.0,Metric Tonnes,Other,2100.0,2100.0,2100.0,Rs./Quintal,FAQ
Dudhi APMC,2.1,Metric Tonnes,Other,2500.0,2700.0,2600.0,Rs./Quintal,Medium
Dudhi APMC,1.0,Metric Tonnes,Other,3000.0,3000.0,3000.0,Rs./Quintal,FAQ
Etah APMC,5.0,Metric Tonnes,Other,2000.0,2000.0,2000.0,Rs./Quintal,FAQ
Etawah APMC,18.0,Metric Tonnes,Other,1800.0,1800.0,1800.0,Rs./Quintal,FAQ
Fatehpur APMC,1.8,Metric Tonnes,Other,2500.0,2500.0,2500.0,Rs./Quintal,FAQ
Fatehpur Sikri APMC,0.4,Metric Tonnes,Other,1600.0,1600.0,1600.0,Rs./Quintal,FAQ
Firozabad APMC,26.0,Metric Tonnes,Other,1000.0,1000.0,1000.0,Rs./Quintal,FAQ
Gangoh APMC,1.2,Metric Tonnes,Other,1800.0,2200.0,1866.67,Rs./Quintal,FAQ
Hardoi APMC,73.0,Metric Tonnes,Other,1500.0,1500.0,1500.0,Rs./Quintal,FAQ
Jagnair APMC,1.5,Metric Tonnes,Other,1600.0,1600.0,1600.0,Rs./Quintal,FAQ
Jalaun APMC,18.0,Metric Tonnes,Other,1500.0,1500.0,1500.0,Rs./Quintal,FAQ
Jaunpur APMC,52.5,Metric Tonnes,Other,1300.0,1500.0,1423.81,Rs./Quintal,FAQ
Jhansi APMC,4.0,Metric Tonnes,Other,1600.0,1600.0,1600.0,Rs./Quintal,FAQ
Kairana APMC,2.8,Metric Tonnes,Other,1900.0,2000.0,1928.57,Rs./Quintal,FAQ
Kanpur(Grain) APMC,80.5,Metric Tonnes,Other,2100.0,2100.0,2100.0,Rs./Quintal,FAQ
Khairagarh APMC,0.8,Metric Tonnes,Deshi,3000.0,3100.0,3050.0,Rs./Quintal,FAQ
Khairagarh APMC,5.5,Metric Tonnes,Other,2400.0,2400.0,2400.0,Rs./Quintal,FAQ
Khandhla APMC,3.0,Metric Tonnes,Other,3000.0,3000.0,3000.0,Rs./Quintal,FAQ
Khatauli APMC,4.0,Metric Tonnes,Other,1520.0,1520.0,1520.0,Rs./Quintal,FAQ
Khekda APMC,0.3,Metric Tonnes,Other,1800.0,2000.0,1866.67,Rs./Quintal,FAQ
Kiratpur APMC,1.1,Metric Tonnes,Other,2000.0,2000.0,2000.0,Rs./Quintal,FAQ
Konch APMC,14.0,Metric Tonnes,Other,1800.0,1800.0,1800.0,Rs./Quintal,FAQ
Kosikalan APMC,6.0,Metric Tonnes,Deshi,2300.0,2400.0,2360.0,Rs./Quintal,FAQ
Kosikalan APMC,0.5,Metric Tonnes,Other,2100.0,2100.0,2100.0,Rs./Quintal,FAQ
Lakhimpur APMC,24.05,Metric Tonnes,Other,1240.0,1270.0,1255.03,Rs./Quintal,FAQ
Mathura APMC,17.8,Metric Tonnes,Other,1400.0,2800.0,1578.65,Rs./Quintal,FAQ
Mawana APMC,1.8,Metric Tonnes,Other,2800.0,2800.0,2800.0,Rs./Quintal,FAQ
Nawabganj APMC,1.2,Metric Tonnes,Other,2000.0,2000.0,2000.0,Rs./Quintal,FAQ
Noida APMC,11.5,Metric Tonnes,Other,2500.0,2500.0,2500.0,Rs./Quintal,FAQ
Orai APMC,36.0,Metric Tonnes,Other,1500.0,1500.0,1500.0,Rs./Quintal,FAQ
Parikshitgarh APMC,0.1,Metric Tonnes,Other,2500.0,2500.0,2500.0,Rs./Quintal,FAQ
Prayagraj APMC,17.0,Metric Tonnes,Other,2000.0,2000.0,2000.0,Rs./Quintal,FAQ
Rampurmaniharan APMC,1.3,Metric Tonnes,Other,2400.0,2700.0,2446.15,Rs./Quintal,FAQ
Robertsganj APMC,15.0,Metric Tonnes,Other,2000.0,2000.0,2000.0,Rs./Quintal,FAQ
Saharanpur APMC,9.7,Metric Tonnes,Other,1500.0,1600.0,1522.16,Rs./Quintal,FAQ
Samsabad APMC,0.5,Metric Tonnes,Hybrid,1400.0,1600.0,1500.0,Rs./Quintal,Local
Samsabad APMC,1.5,Metric Tonnes,Other,1400.0,1800.0,1533.33,Rs./Quintal,FAQ
Shahaswan APMC,1.2,Metric Tonnes,Other,2100.0,2100.0,2100.0,Rs./Quintal,FAQ
Shahjahanpur APMC,36.0,Metric Tonnes,Other,1610.0,1625.0,1618.33,Rs./Quintal,FAQ
Shamli APMC,1.3,Metric Tonnes,Other,2500.0,3000.0,2692.31,Rs./Quintal,FAQ
Sikanderabad APMC,18.6,Metric Tonnes,Other,1600.0,2500.0,2008.6,Rs./Quintal,FAQ
Sirsa APMC,3.0,Metric Tonnes,Other,1500.0,1900.0,1874.0,Rs./Quintal,FAQ
Thanabhawan APMC,1.6,Metric Tonnes,Other,2400.0,2400.0,2400.0,Rs./Quintal,FAQ
Varanasi APMC,57.5,Metric Tonnes,Other,1500.0,1500.0,1500.0,Rs./Quintal,FAQ
Total,1280.32,Metric Tonnes,,,,1563.0,Rs./Quintal,
State/UT Name : Uttarakhand
Chakrata APMC,2.0,Metric Tonnes,Local,1000.0,1300.0,1200.0,Rs./Quintal,FAQ
Dehradoon APMC,11.4,Metric Tonnes,Other,800.0,1250.0,950.0,Rs./Quintal,FAQ
Haridwar Union APMC,12.0,Metric Tonnes,Other,1200.0,2000.0,1500.0,Rs./Quintal,FAQ
Jaspur(UC) APMC,1.1,Metric Tonnes,Tomato,2700.0,2800.0,2727.0,Rs./Quintal,FAQ
Kashipur APMC,1.3,Metric Tonnes,Other,2000.0,2000.0,2000.0,Rs./Quintal,Local
Kicchha APMC,2.0,Metric Tonnes,Hybrid,1700.0,1900.0,1800.0,Rs./Quintal,Non-FAQ
Kotadwara APMC,0.8,Metric Tonnes,Tomato,1400.0,1400.0,1400.0,Rs./Quintal,FAQ
Manglaur APMC,1.6,Metric Tonnes,Other,1000.0,1800.0,1500.0,Rs./Quintal,Large
Rishikesh APMC,5.0,Metric Tonnes,Other,1500.0,2400.0,1800.0,Rs./Quintal,Medium
Roorkee APMC,1.1,Metric Tonnes,Other,1200.0,2200.0,1600.0,Rs./Quintal,Medium
Sitarganj APMC,1.0,Metric Tonnes,Deshi,2000.0,3000.0,2500.0,Rs./Quintal,Grade A
Vikasnagar APMC,9.4,Metric Tonnes,Other,700.0,1000.0,1000.0,Rs./Quintal,Medium
Total,48.7,Metric Tonnes,,,,1367.76,Rs./Quintal,
State/UT Name : West Bengal
Alipurduar APMC,6.0,Metric Tonnes,Other,2800.0,3500.0,3000.0,Rs./Quintal,FAQ
Asansol APMC,5.2,Metric Tonnes,Hybrid,2400.0,2600.0,2550.0,Rs./Quintal,FAQ
Balarampur APMC,2.5,Metric Tonnes,Other,2800.0,3500.0,3000.0,Rs./Quintal,FAQ
Balurghat APMC,0.6,Metric Tonnes,Other,2500.0,3100.0,3000.0,Rs./Quintal,FAQ
Barasat APMC,7.0,Metric Tonnes,Other,3000.0,3000.0,3000.0,Rs./Quintal,FAQ
Baruipur(Canning) APMC,0.54,Metric Tonnes,Tomato,2900.0,3200.0,3000.0,Rs./Quintal,FAQ
Birbhum APMC,23.0,Metric Tonnes,Hybrid,4800.0,5000.0,4900.0,Rs./Quintal,FAQ
Bolpur APMC,24.0,Metric Tonnes,Hybrid,4800.0,5000.0,4900.0,Rs./Quintal,FAQ
Burdwan APMC,4.0,Metric Tonnes,Tomato,2600.0,3000.0,2700.0,Rs./Quintal,FAQ
Chakdah APMC,3.0,Metric Tonnes,Other,3650.0,3750.0,3700.0,Rs./Quintal,FAQ
Champadanga APMC,2.5,Metric Tonnes,Hybrid,3400.0,3600.0,3400.0,Rs./Quintal,FAQ
Coochbehar APMC,1.2000000000000002,Metric Tonnes,Tomato,2500.0,3000.0,2800.0,Rs./Quintal,FAQ
Darjeeling APMC,0.3,Metric Tonnes,Other,3800.0,4000.0,3900.0,Rs./Quintal,FAQ
Dhupguri APMC,12.0,Metric Tonnes,Other,3100.0,3300.0,3200.0,Rs./Quintal,FAQ
Diamond Harbour(South 24-pgs) APMC,1.2000000000000002,Metric Tonnes,Tomato,2900.0,3100.0,3000.0,Rs./Quintal,FAQ
Durgapur APMC,5.5,Metric Tonnes,Hybrid,2400.0,2700.0,2550.0,Rs./Quintal,FAQ
Egra/contai APMC,15.0,Metric Tonnes,Tomato,1800.0,2000.0,1900.0,Rs./Quintal,FAQ
Falakata APMC,9.0,Metric Tonnes,Other,3000.0,3500.0,3200.0,Rs./Quintal,FAQ
Gangarampur(Dakshin Dinajpur) APMC,0.6,Metric Tonnes,Other,2500.0,3000.0,2800.0,Rs./Quintal,FAQ
Garbeta(Medinipur) APMC,0.18000000000000002,Metric Tonnes,Tomato,3000.0,3400.0,3200.0,Rs./Quintal,FAQ
Ghatal APMC,2.1,Metric Tonnes,Hybrid,3500.0,3700.0,3600.0,Rs./Quintal,FAQ
Habra APMC,4.0,Metric Tonnes,Other,2800.0,2900.0,2800.0,Rs./Quintal,FAQ
Jalpaiguri Sadar APMC,0.4,Metric Tonnes,Other,2900.0,3100.0,3000.0,Rs./Quintal,FAQ
Kalipur APMC,3.2,Metric Tonnes,Hybrid,3200.0,3600.0,3400.0,Rs./Quintal,FAQ
Karsiyang(Matigara) APMC,0.3,Metric Tonnes,Other,3900.0,4100.0,4000.0,Rs./Quintal,FAQ
Khatra APMC,0.22000000000000003,Metric Tonnes,Tomato,3000.0,3600.0,3500.0,Rs./Quintal,FAQ
Medinipur(West) APMC,2.2,Metric Tonnes,Tomato,3000.0,3300.0,3200.0,Rs./Quintal,FAQ
Memari APMC,5.0,Metric Tonnes,Tomato,2500.0,2800.0,2600.0,Rs./Quintal,FAQ
Pandua APMC,0.42,Metric Tonnes,Hybrid,2750.0,3000.0,2850.0,Rs./Quintal,FAQ
Pundibari APMC,0.7000000000000001,Metric Tonnes,Tomato,2500.0,3000.0,2800.0,Rs./Quintal,FAQ
Purulia APMC,3.2,Metric Tonnes,Other,3000.0,3500.0,3200.0,Rs./Quintal,FAQ
Ramkrishanpur(Howrah) APMC,0.12,Metric Tonnes,Tomato,2200.0,3000.0,2500.0,Rs./Quintal,FAQ
Ranaghat APMC,3.0,Metric Tonnes,Other,3750.0,3850.0,3800.0,Rs./Quintal,FAQ
Sealdah Koley Market APMC,12.100000000000001,Metric Tonnes,Other,2800.0,3300.0,3000.0,Rs./Quintal,FAQ
Sheoraphuly APMC,23.0,Metric Tonnes,Hybrid,3125.0,3275.0,3175.0,Rs./Quintal,FAQ
Siliguri APMC,30.0,Metric Tonnes,Tomato,3000.0,3200.0,3100.0,Rs./Quintal,FAQ
Uluberia APMC,0.1,Metric Tonnes,Other,2200.0,3000.0,2500.0,Rs./Quintal,FAQ
Total,213.38,Metric Tonnes,,,,3395.41,Rs./Quintal,
Grand Total,20572.58,Metric Tonnes,,,,2017.64,Rs./Quintal,

Note:
Weighted Average Price = ∑(arrival quantity * modal price) / ∑arrival quantity
