"Commodity-wise, Market-wise Daily Report (Weighted Average) on: 04-Sep-2026"

Market Center,Arrivals,Unit of Arrivals,Variety,Minimum Price,Maximum Price,Modal Price,Unit of Price,Grade
Commodity Group Name : Cereals
Maize (MSP: Rs. 2410.00/Quintal)
State/UT Name : Andhra Pradesh
Addanki APMC,0.1,Metric Tonnes,Local,2400.0,2420.0,2410.0,Rs./Quintal,FAQ
Allagadda APMC,1.0,Metric Tonnes,Local,2000.0,2200.0,2100.0,Rs./Quintal,FAQ
Banaganapalli APMC,0.1,Metric Tonnes,Local,2000.0,2400.0,2200.0,Rs./Quintal,FAQ
Etcherla APMC,0.1,Metric Tonnes,Deshi White,2400.0,2400.0,2400.0,Rs./Quintal,Local
Gopalapuram APMC,1.0,Metric Tonnes,Local,2410.0,2410.0,2410.0,Rs./Quintal,Local
Hiramandalam APMC,0.1,Metric Tonnes,Medium,2200.0,2200.0,2200.0,Rs./Quintal,Local
Mylavaram APMC,0.1,Metric Tonnes,Hybrid,2350.0,2350.0,2350.0,Rs./Quintal,Non-FAQ
Nandigama APMC,0.1,Metric Tonnes,Hybrid,2340.0,2340.0,2340.0,Rs./Quintal,Grade Range-1
Nandikotkur APMC,0.1,Metric Tonnes,Hybrid,2250.0,2450.0,2350.0,Rs./Quintal,FAQ
Nandyal APMC,0.1,Metric Tonnes,Other,2450.0,2450.0,2450.0,Rs./Quintal,Local
Ponduru APMC,0.1,Metric Tonnes,Local,2400.0,2400.0,2400.0,Rs./Quintal,FAQ
RAYADURG APMC,0.1,Metric Tonnes,Local,2200.0,2500.0,2400.0,Rs./Quintal,Grade Range-1
Rajam APMC,0.05,Metric Tonnes,Local,4800.0,4800.0,4800.0,Rs./Quintal,FAQ
Rompicherla APMC,0.1,Metric Tonnes,Hybrid/Local,2300.0,2500.0,2500.0,Rs./Quintal,FAQ
Saluru APMC,0.1,Metric Tonnes,Hybrid/Local,2600.0,2600.0,2600.0,Rs./Quintal,FAQ
Santhamaguluru APMC,0.1,Metric Tonnes,Hybrid,2400.0,2480.0,2450.0,Rs./Quintal,FAQ
Simhadhripuram APMC,0.1,Metric Tonnes,Hybrid/Local,2200.0,2400.0,2300.0,Rs./Quintal,FAQ
Tiruvuru APMC,10.0,Metric Tonnes,Hybrid,2400.0,2400.0,2400.0,Rs./Quintal,Local
Total,13.45,Metric Tonnes,,,,2385.5,Rs./Quintal,
State/UT Name : Chattisgarh
Pakhanjur APMC,100.0,Metric Tonnes,Local,2000.0,2000.0,2000.0,Rs./Quintal,Non-FAQ
Total,100.0,Metric Tonnes,,,,2000.0,Rs./Quintal,
State/UT Name : Gujarat
Morva Hafad APMC,0.5,Metric Tonnes,Deshi White,2000.0,2500.0,2250.0,Rs./Quintal,Local
Total,0.5,Metric Tonnes,,,,2250.0,Rs./Quintal,
State/UT Name : Karnataka
Ballari APMC,1.7000000000000002,Metric Tonnes,Local,2339.0,2823.0,2671.0,Rs./Quintal,Non-FAQ
Bengaluru APMC,45.7,Metric Tonnes,Hybrid/Local,3000.0,3200.0,3100.0,Rs./Quintal,FAQ
Bengaluru APMC,30.0,Metric Tonnes,Popcorn,6500.0,7500.0,7000.0,Rs./Quintal,FAQ
Challakere APMC,74.7,Metric Tonnes,Yellow,2300.0,2792.0,2563.0,Rs./Quintal,Local
Chickkaballapura APMC,2.4000000000000004,Metric Tonnes,Sweet Corn (For Biscuits),500.0,800.0,600.0,Rs./Quintal,Local
Chitradurga APMC,66.2,Metric Tonnes,Local,2425.0,2725.0,2692.0,Rs./Quintal,Local
Davangere APMC,30.0,Metric Tonnes,Local,2700.0,2700.0,2700.0,Rs./Quintal,Local
Gadag APMC,18.0,Metric Tonnes,Local,2650.0,2650.0,2650.0,Rs./Quintal,FAQ
Gangavathi APMC,98.0,Metric Tonnes,Local,2548.0,2605.0,2560.0,Rs./Quintal,Non-FAQ
Gokak APMC,61.7,Metric Tonnes,Local,2800.0,2800.0,2800.0,Rs./Quintal,Local
HarappanaHalli APMC,4.5,Metric Tonnes,Hybrid/Local,2675.0,2675.0,2675.0,Rs./Quintal,FAQ
Hirekerur APMC,161.0,Metric Tonnes,Local,2250.0,2650.0,2572.0,Rs./Quintal,Local
Honnali APMC,3.0,Metric Tonnes,Local,2600.0,2600.0,2600.0,Rs./Quintal,FAQ
Hoovinahadagali APMC,13.0,Metric Tonnes,Hybrid/Local,2400.0,2400.0,2400.0,Rs./Quintal,Non-FAQ
Kottur APMC,39.300000000000004,Metric Tonnes,Hybrid/Local,2010.0,2649.0,2081.0,Rs./Quintal,Local
Kudchi APMC,18.400000000000002,Metric Tonnes,Hybrid/Local,2700.0,2800.0,2750.0,Rs./Quintal,Local
Laxmeshwar APMC,0.4,Metric Tonnes,Local,2380.0,2480.0,2447.0,Rs./Quintal,Non-FAQ
Mysuru APMC,0.5,Metric Tonnes,Local,2520.0,2560.0,2540.0,Rs./Quintal,Local
Nargunda APMC,2.1,Metric Tonnes,Local,2600.0,2600.0,2600.0,Rs./Quintal,FAQ
Periyapatna APMC,300.0,Metric Tonnes,Hybrid/Local,2000.0,2000.0,2000.0,Rs./Quintal,FAQ
Ramdurga APMC,19.700000000000003,Metric Tonnes,Local,2700.0,2700.0,2700.0,Rs./Quintal,FAQ
Ranebennur APMC,258.6,Metric Tonnes,Local,2680.0,2680.0,2680.0,Rs./Quintal,FAQ
Rona APMC,6.0,Metric Tonnes,Hybrid/Local,2540.0,2555.0,2550.0,Rs./Quintal,Non-FAQ
Santhesargur APMC,39.7,Metric Tonnes,Local,2250.0,2300.0,2250.0,Rs./Quintal,Non-FAQ
Shiggoan APMC,21.5,Metric Tonnes,Hybrid/Local,2700.0,2700.0,2700.0,Rs./Quintal,Non-FAQ
Shikaripura APMC,145.5,Metric Tonnes,Local,2500.0,2750.0,2607.0,Rs./Quintal,FAQ
Sorabha APMC,20.0,Metric Tonnes,Local,2200.0,2200.0,2200.0,Rs./Quintal,Local
Soundati APMC,50.0,Metric Tonnes,Local,2790.0,2790.0,2790.0,Rs./Quintal,Non-FAQ
Vijayapura APMC,4.4,Metric Tonnes,Hybrid/Local,2478.0,2478.0,2478.0,Rs./Quintal,Local
Total,1536.0,Metric Tonnes,,,,2583.02,Rs./Quintal,
State/UT Name : Madhya Pradesh
Anjad APMC,18.3,Metric Tonnes,Yellow,1500.0,1800.0,1800.0,Rs./Quintal,FAQ
Gadarwada (F&V) APMC,0.2,Metric Tonnes,Local,1500.0,1500.0,1500.0,Rs./Quintal,Local
Indore APMC,71.015,Metric Tonnes,Local,2375.0,2375.0,2375.0,Rs./Quintal,FAQ
Total,89.52,Metric Tonnes,,,,2255.49,Rs./Quintal,
State/UT Name : Maharashtra
APMC Akola ,0.7,Metric Tonnes,Yellow,2250.0,2275.0,2263.0,Rs./Quintal,Non-FAQ
APMC Amalner ,2.0,Metric Tonnes,Deshi Red,2400.0,2400.0,2400.0,Rs./Quintal,FAQ
APMC Amarawati ,0.1,Metric Tonnes,Deshi Red,1700.0,1800.0,1750.0,Rs./Quintal,Non-FAQ
APMC Ambad (Vadigodri) ,1.2,Metric Tonnes,Other,2457.0,2600.0,2457.0,Rs./Quintal,FAQ
APMC Devala ,0.1,Metric Tonnes,Yellow,2475.0,2500.0,2485.0,Rs./Quintal,FAQ
APMC Dhadgaon ,3.3,Metric Tonnes,Other,1800.0,1900.0,1850.0,Rs./Quintal,Non-FAQ
APMC Dhule ,3.5,Metric Tonnes,Yellow,2270.0,2399.0,2350.0,Rs./Quintal,Non-FAQ
APMC Dudhani ,0.3,Metric Tonnes,Other,2550.0,2550.0,2550.0,Rs./Quintal,FAQ
APMC Gangapur ,0.5,Metric Tonnes,Yellow,2185.0,2220.0,2185.0,Rs./Quintal,Non-FAQ
APMC Jalana ,23.8,Metric Tonnes,Deshi Red,2635.0,2700.0,2635.0,Rs./Quintal,FAQ
APMC Jalana ,2.4,Metric Tonnes,Deshi Red,2300.0,2300.0,2300.0,Rs./Quintal,Non-FAQ
APMC Karjat ,1.0,Metric Tonnes,Other,2000.0,2200.0,2000.0,Rs./Quintal,Non-FAQ
APMC Khamgaon ,1.5,Metric Tonnes,Deshi Red,2445.0,2445.0,2445.0,Rs./Quintal,FAQ
APMC Khamgaon ,2.8,Metric Tonnes,Deshi Red,2225.0,2370.0,2298.0,Rs./Quintal,Non-FAQ
APMC Kopargaon ,0.2,Metric Tonnes,Other,2281.0,2281.0,2281.0,Rs./Quintal,Non-FAQ
APMC Lasalgaon ,2.8,Metric Tonnes,Other,2451.0,2641.0,2575.0,Rs./Quintal,FAQ
APMC Lonar ,8.0,Metric Tonnes,Yellow,2600.0,2770.0,2685.0,Rs./Quintal,FAQ
APMC Majalgaon ,0.9,Metric Tonnes,Other,2100.0,2100.0,2100.0,Rs./Quintal,Non-FAQ
APMC Malkapur ,21.8,Metric Tonnes,Yellow,2530.0,2540.0,2540.0,Rs./Quintal,FAQ
APMC Malkapur ,2.0,Metric Tonnes,Yellow,2200.0,2200.0,2200.0,Rs./Quintal,Non-FAQ
APMC Manmad ,3.6,Metric Tonnes,Other,2400.0,2520.0,2500.0,Rs./Quintal,FAQ
APMC Mohol ,3.0,Metric Tonnes,Deshi Red,2100.0,2300.0,2200.0,Rs./Quintal,Non-FAQ
APMC Mumbai ,36.5,Metric Tonnes,Other,2800.0,3400.0,3200.0,Rs./Quintal,FAQ
APMC Nagpur ,4.8,Metric Tonnes,Other,2150.0,2350.0,2300.0,Rs./Quintal,Non-FAQ
APMC Nandgaon ,10.0,Metric Tonnes,Yellow,2400.0,2540.0,2500.0,Rs./Quintal,FAQ
APMC Nandgaon ,0.9,Metric Tonnes,Yellow,2140.0,2140.0,2140.0,Rs./Quintal,Non-FAQ
APMC Nandura ,0.5,Metric Tonnes,Other,2450.0,2450.0,2450.0,Rs./Quintal,FAQ
APMC Pachora ,4.2,Metric Tonnes,Other,2451.0,2488.0,2465.0,Rs./Quintal,FAQ
APMC Paithan ,0.1,Metric Tonnes,Yellow,2531.0,2531.0,2531.0,Rs./Quintal,FAQ
APMC Parola ,3.0,Metric Tonnes,Yellow,2300.0,2351.0,2300.0,Rs./Quintal,Non-FAQ
APMC Pune ,0.4,Metric Tonnes,Deshi Red,2800.0,2900.0,2850.0,Rs./Quintal,FAQ
APMC Shahada ,0.4,Metric Tonnes,Deshi Red,2313.0,2313.0,2313.0,Rs./Quintal,Non-FAQ
APMC Sillod ,11.2,Metric Tonnes,Yellow,2400.0,2500.0,2450.0,Rs./Quintal,FAQ
APMC Vaijpur ,1.0,Metric Tonnes,Yellow,2435.0,2490.0,2450.0,Rs./Quintal,FAQ
Jalgaon Jamod(Aasalgaon) ,2.0,Metric Tonnes,Yellow,2000.0,2300.0,2100.0,Rs./Quintal,Non-FAQ
Karjat(Rashin) ,1.0,Metric Tonnes,Yellow,1600.0,2200.0,2000.0,Rs./Quintal,Non-FAQ
Lasalgaon(Niphad) ,0.1,Metric Tonnes,Deshi Red,2600.0,2676.0,2600.0,Rs./Quintal,FAQ
"Omchatinya Multi State Agro Purpose Co-Op Society, Dist Ahilyanagar",0.1,Metric Tonnes,Other,1500.0,1500.0,1500.0,Rs./Quintal,Local
"Yashika Agro Marketing, Tal Bhusawal, Jalgaon",127.99,Metric Tonnes,Other,2350.0,2400.0,2375.0,Rs./Quintal,Local
Total,289.69,Metric Tonnes,,,,2515.53,Rs./Quintal,
State/UT Name : NCT of Delhi
APMC Najafgarh,8.5,Metric Tonnes,Other,2525.0,2525.0,2525.0,Rs./Quintal,FAQ
Total,8.5,Metric Tonnes,,,,2525.0,Rs./Quintal,
State/UT Name : Rajasthan
Baran APMC,1.0,Metric Tonnes,Other,2100.0,2600.0,2400.0,Rs./Quintal,Local
Barisadri APMC,1.0,Metric Tonnes,Other,2189.0,2431.0,2370.0,Rs./Quintal,FAQ
Kota APMC,2.5,Metric Tonnes,Local,2300.0,2300.0,2300.0,Rs./Quintal,Local
Total,4.5,Metric Tonnes,,,,2337.78,Rs./Quintal,
State/UT Name : Telangana
Alampur APMC,405.0,Metric Tonnes,Local,1800.0,2000.0,2000.0,Rs./Quintal,Local
Yellandu APMC,80.7,Metric Tonnes,Local,2200.0,2400.0,2300.0,Rs./Quintal,Local
Total,485.7,Metric Tonnes,,,,2049.85,Rs./Quintal,
State/UT Name : Uttar Pradesh
Aliganj APMC,300.26,Metric Tonnes,Other,1800.0,2100.0,1831.77,Rs./Quintal,FAQ
Aligarh APMC,32.1,Metric Tonnes,Other,2250.0,2250.0,2250.0,Rs./Quintal,FAQ
Anwala APMC,65.835,Metric Tonnes,Other,2000.0,2100.0,2050.88,Rs./Quintal,FAQ
Atrauli APMC,18.795,Metric Tonnes,Other,2100.0,2100.0,2100.0,Rs./Quintal,FAQ
Babrala APMC,170.0,Metric Tonnes,Local,2080.0,2100.0,2090.0,Rs./Quintal,Local
Babrala APMC,44.7,Metric Tonnes,Other,1850.0,2000.0,1870.13,Rs./Quintal,FAQ
Badayoun APMC,165.6,Metric Tonnes,Other,2000.0,2250.0,2174.82,Rs./Quintal,FAQ
Bahraich APMC,100.0,Metric Tonnes,Other,2250.0,2250.0,2250.0,Rs./Quintal,FAQ
Ballia APMC,30.0,Metric Tonnes,Other,2300.0,2300.0,2300.0,Rs./Quintal,FAQ
Bangarmau APMC,23.5,Metric Tonnes,Other,2200.0,2200.0,2200.0,Rs./Quintal,FAQ
Bewar APMC,77.33,Metric Tonnes,Other,1900.0,1910.0,1904.01,Rs./Quintal,FAQ
Bharthna APMC,36.65,Metric Tonnes,Other,2000.0,2050.0,2013.37,Rs./Quintal,FAQ
Bhehjoi APMC,25.0,Metric Tonnes,Other,1900.0,1930.0,1916.72,Rs./Quintal,FAQ
Bilsi APMC,1337.96,Metric Tonnes,Other,2000.0,2300.0,2046.44,Rs./Quintal,FAQ
Bisoli APMC,321.65,Metric Tonnes,Other,2000.0,2100.0,2014.17,Rs./Quintal,FAQ
Buland Shahr APMC,18.657,Metric Tonnes,Other,2000.0,2005.0,2002.32,Rs./Quintal,FAQ
Charra APMC,257.36,Metric Tonnes,Other,2100.0,2350.0,2151.06,Rs./Quintal,FAQ
Chhibramau APMC,624.479,Metric Tonnes,Other,2250.0,2470.0,2285.6,Rs./Quintal,FAQ
Choubepur APMC,171.945,Metric Tonnes,Other,1900.0,2350.0,2256.57,Rs./Quintal,FAQ
Colonelganj APMC,100.0,Metric Tonnes,Other,1200.0,1200.0,1200.0,Rs./Quintal,FAQ
Divai APMC,148.351,Metric Tonnes,Other,2000.0,2110.0,2024.08,Rs./Quintal,FAQ
Dudhi APMC,0.4,Metric Tonnes,Other,700.0,700.0,700.0,Rs./Quintal,FAQ
Etah APMC,401.973,Metric Tonnes,Other,2000.0,2000.0,2000.0,Rs./Quintal,FAQ
Farukhabad APMC,158.61,Metric Tonnes,Other,2300.0,2300.0,2300.0,Rs./Quintal,FAQ
Fatehabad APMC,5.0,Metric Tonnes,Other,2000.0,2000.0,2000.0,Rs./Quintal,FAQ
Ganj Dundwara APMC,68.025,Metric Tonnes,Other,2000.0,2000.0,2000.0,Rs./Quintal,FAQ
Golagokarnath APMC,36.63,Metric Tonnes,Other,3000.0,3000.0,3000.0,Rs./Quintal,FAQ
Gulavati APMC,26.208,Metric Tonnes,Other,2150.0,2222.0,2161.39,Rs./Quintal,FAQ
Haathras APMC,9.283,Metric Tonnes,Other,2200.0,2300.0,2255.16,Rs./Quintal,FAQ
Hardoi APMC,80.57,Metric Tonnes,Other,1850.0,2050.0,1930.92,Rs./Quintal,FAQ
Islam Nagar APMC,30.545,Metric Tonnes,Other,2100.0,2100.0,2100.0,Rs./Quintal,FAQ
Jafarganj APMC,89.95,Metric Tonnes,Other,2650.0,2650.0,2650.0,Rs./Quintal,FAQ
Jalalabad APMC,69.66,Metric Tonnes,Other,1800.0,2410.0,2157.81,Rs./Quintal,FAQ
Jasvantnagar APMC,114.9,Metric Tonnes,Other,2000.0,2005.0,2002.33,Rs./Quintal,FAQ
Kamlaganj APMC,333.275,Metric Tonnes,Other,2300.0,2480.0,2366.21,Rs./Quintal,FAQ
Kannauj APMC,515.685,Metric Tonnes,Other,2000.0,2400.0,2072.93,Rs./Quintal,FAQ
Kasganj APMC,491.206,Metric Tonnes,Other,1850.0,2300.0,2039.9,Rs./Quintal,FAQ
Kayamganj APMC,340.483,Metric Tonnes,Other,2100.0,2300.0,2158.82,Rs./Quintal,FAQ
Khair APMC,93.715,Metric Tonnes,Other,2200.0,2250.0,2207.08,Rs./Quintal,FAQ
Khurja APMC,18.0,Metric Tonnes,Other,2020.0,2031.0,2025.49,Rs./Quintal,FAQ
Lakhimpur APMC,25.5,Metric Tonnes,Other,2000.0,2000.0,2000.0,Rs./Quintal,FAQ
Madhoganj APMC,160.399,Metric Tonnes,Other,2200.0,2400.0,2320.33,Rs./Quintal,FAQ
Mainpuri APMC,56.85,Metric Tonnes,Other,1990.0,2000.0,1992.64,Rs./Quintal,FAQ
Mohamadabad APMC,679.28,Metric Tonnes,Other,2250.0,2370.0,2263.14,Rs./Quintal,FAQ
Powayan APMC,41.23,Metric Tonnes,Other,1800.0,1800.0,1800.0,Rs./Quintal,FAQ
Puranpur APMC,18.42,Metric Tonnes,Other,2200.0,2200.0,2200.0,Rs./Quintal,FAQ
Risia APMC,115.2,Metric Tonnes,Other,1750.0,2050.0,1805.77,Rs./Quintal,FAQ
Sambhal APMC,439.365,Metric Tonnes,Other,1600.0,2550.0,2245.52,Rs./Quintal,FAQ
Sandi APMC,27.25,Metric Tonnes,Other,1850.0,1850.0,1850.0,Rs./Quintal,FAQ
Sandila APMC,25.92,Metric Tonnes,Other,2150.0,2200.0,2165.81,Rs./Quintal,FAQ
Shahaswan APMC,12.0,Metric Tonnes,Other,2150.0,2160.0,2152.08,Rs./Quintal,FAQ
Shikohabad APMC,186.93,Metric Tonnes,Other,2140.0,2350.0,2216.42,Rs./Quintal,FAQ
Sikarpur APMC,49.452,Metric Tonnes,Other,2000.0,2001.0,2000.2,Rs./Quintal,FAQ
Sirsaganj APMC,342.326,Metric Tonnes,Other,2100.0,2425.0,2292.75,Rs./Quintal,FAQ
Siyana APMC,16.96,Metric Tonnes,Other,2150.0,2200.0,2177.86,Rs./Quintal,FAQ
Tundla APMC,23.35,Metric Tonnes,Other,2350.0,2360.0,2353.27,Rs./Quintal,FAQ
Ujhani APMC,407.426,Metric Tonnes,Other,2100.0,2300.0,2201.98,Rs./Quintal,FAQ
Uttaripura APMC,69.005,Metric Tonnes,Other,1900.0,1900.0,1900.0,Rs./Quintal,FAQ
Wazirganj APMC,887.7381,Metric Tonnes,Other,2000.0,2400.0,2018.01,Rs./Quintal,FAQ
Total,10538.89,Metric Tonnes,,,,2118.54,Rs./Quintal,
State/UT Name : Uttarakhand
Kotadwara APMC,0.1,Metric Tonnes,Other,1500.0,1500.0,1500.0,Rs./Quintal,FAQ
Total,0.1,Metric Tonnes,,,,1500.0,Rs./Quintal,
State/UT Name : West Bengal
Jangipur APMC,13.25,Metric Tonnes,Other,2500.0,2600.0,2550.0,Rs./Quintal,FAQ
Total,13.25,Metric Tonnes,,,,2550.0,Rs./Quintal,
Grand Total,13080.1,Metric Tonnes,,,,2180.41,Rs./Quintal,
Paddy(Common) (MSP: Rs. 2441.00/Quintal)
State/UT Name : Andhra Pradesh
Addanki APMC,0.1,Metric Tonnes,Paddy,2390.0,2420.0,2400.0,Rs./Quintal,FAQ
Alamuru APMC,0.1,Metric Tonnes,Paddy,2369.0,2389.0,2369.0,Rs./Quintal,FAQ
Anaparthy APMC,236.9,Metric Tonnes,Paddy,2369.0,2580.0,2369.0,Rs./Quintal,FAQ
Atmakur (Nandyal District) APMC,1.1,Metric Tonnes,Sona,2600.0,2650.0,2645.45,Rs./Quintal,FAQ
Atmakur (SPSR Nellore District) APMC,83.80000000000001,Metric Tonnes,Nellore Sanna,2300.0,2400.0,2369.0,Rs./Quintal,FAQ
Banaganapalli APMC,0.1,Metric Tonnes,Sona Mahsuri,2200.0,2400.0,2300.0,Rs./Quintal,FAQ
Bhimavaram APMC,0.1,Metric Tonnes,1001,2360.0,2360.0,2360.0,Rs./Quintal,Grade Range-1
Chirala APMC,1.0,Metric Tonnes,B P T,2400.0,2500.0,2450.0,Rs./Quintal,Local
Chodavaram APMC,0.1,Metric Tonnes,Paddy,2200.0,2400.0,2300.0,Rs./Quintal,Local
Darsi APMC,0.1,Metric Tonnes,B P T,2500.0,2600.0,2600.0,Rs./Quintal,Local
Dharmavaram APMC,1.0,Metric Tonnes,B P T,2000.0,2200.0,2100.0,Rs./Quintal,FAQ
Etcherla APMC,0.1,Metric Tonnes,1121,2369.0,2369.0,2369.0,Rs./Quintal,FAQ
Gudur APMC,0.1,Metric Tonnes,MTU-1010,2389.0,2480.0,2435.0,Rs./Quintal,Local
Hiramandalam APMC,0.1,Metric Tonnes,Masuri,2400.0,2400.0,2400.0,Rs./Quintal,Local
Ichapuram APMC,0.1,Metric Tonnes,Sannalu,2369.0,2369.0,2369.0,Rs./Quintal,Local
Ipur APMC,1.0,Metric Tonnes,Paddy,2500.0,2750.0,2680.0,Rs./Quintal,FAQ
Jaggampet APMC,0.1,Metric Tonnes,Common,2369.0,2380.0,2369.0,Rs./Quintal,FAQ
Jalumuru APMC,0.1,Metric Tonnes,1121,2369.0,2369.0,2369.0,Rs./Quintal,FAQ
Kakinada (Urban) APMC,0.075,Metric Tonnes,Common,2369.0,2390.0,2375.0,Rs./Quintal,FAQ
Kalidindi APMC,1.0,Metric Tonnes,MTU-1001,2440.0,2440.0,2440.0,Rs./Quintal,Local
Kandukur APMC,0.1,Metric Tonnes,Other,2380.0,2450.0,2400.0,Rs./Quintal,Local
Karapa APMC,1.0,Metric Tonnes,1001,2362.0,2369.0,2366.0,Rs./Quintal,FAQ
Kothabommali APMC,0.1,Metric Tonnes,Paddy,3800.0,3800.0,3800.0,Rs./Quintal,Local
Kovvur APMC,1.0,Metric Tonnes,MTU-1010,2441.0,2441.0,2441.0,Rs./Quintal,Grade Range-2
Krosuru APMC,0.1,Metric Tonnes,B P T,2200.0,2600.0,2400.0,Rs./Quintal,FAQ
Maddipadu APMC,0.1,Metric Tonnes,B P T,2800.0,2800.0,2800.0,Rs./Quintal,FAQ
Madugula APMC,0.1,Metric Tonnes,Paddy,2200.0,2400.0,2300.0,Rs./Quintal,Local
Mandapeta APMC,1.0,Metric Tonnes,1001,2369.0,2400.0,2389.0,Rs./Quintal,FAQ
Mangalagiri APMC,0.1,Metric Tonnes,B P T,2550.0,2550.0,2550.0,Rs./Quintal,FAQ
Nandigama APMC,0.1,Metric Tonnes,B P T,2350.0,2350.0,2350.0,Rs./Quintal,Grade Range-1
Narasannapet APMC,0.1,Metric Tonnes,Paddy,2369.0,2369.0,2369.0,Rs./Quintal,FAQ
Narsapuram APMC,1.0,Metric Tonnes,MTU-1001,2445.0,2445.0,2445.0,Rs./Quintal,Local
Ongole APMC,0.3,Metric Tonnes,B P T,2400.0,2400.0,2400.0,Rs./Quintal,Local
Palasa APMC,0.1,Metric Tonnes,Common,2369.0,2369.0,2369.0,Rs./Quintal,FAQ
Pamarru APMC,1.0,Metric Tonnes,B P T,2441.0,2481.0,2471.0,Rs./Quintal,Local
Pathapatnam APMC,1.0,Metric Tonnes,Paddy,2369.0,2500.0,2369.0,Rs./Quintal,FAQ
Peddapuram APMC,1.0,Metric Tonnes,1001,2369.0,2390.0,2369.0,Rs./Quintal,FAQ
Pithapuram APMC,0.1,Metric Tonnes,B P T,2369.0,2389.0,2379.0,Rs./Quintal,FAQ
Prattipadu APMC,0.1,Metric Tonnes,1001,2369.0,2380.0,2379.0,Rs./Quintal,FAQ
Rajahmundry APMC,1.0,Metric Tonnes,Paddy,2369.0,2369.0,2369.0,Rs./Quintal,Local
Ramachandrapuram APMC,0.1,Metric Tonnes,Paddy,2369.0,2392.0,2369.0,Rs./Quintal,FAQ
Rampachodvaram APMC,0.1,Metric Tonnes,1001,2369.0,2389.0,2379.0,Rs./Quintal,Grade Range-2
Rampachodvaram APMC,0.1,Metric Tonnes,1001,2369.0,2389.0,2379.0,Rs./Quintal,FAQ
Rompicherla APMC,0.1,Metric Tonnes,Paddy,2300.0,2500.0,2450.0,Rs./Quintal,FAQ
Samalkot APMC,0.1,Metric Tonnes,Paddy,2365.0,2380.0,2369.0,Rs./Quintal,FAQ
Sampara (Kakinada Rural) APMC,0.1,Metric Tonnes,1001,2369.0,2389.0,2379.0,Rs./Quintal,FAQ
Santhamaguluru APMC,0.1,Metric Tonnes,B P T,2500.0,2580.0,2550.0,Rs./Quintal,FAQ
Srikalahasti APMC,0.1,Metric Tonnes,Paddy Medium,2300.0,2600.0,2450.0,Rs./Quintal,Local
Sullurpet APMC,0.1,Metric Tonnes,MTU-1010,2420.0,2460.0,2440.0,Rs./Quintal,Local
Tanuku APMC,0.1,Metric Tonnes,1001,2445.0,2445.0,2445.0,Rs./Quintal,Local
Tiruvuru APMC,60.0,Metric Tonnes,Sona,2850.0,2850.0,2850.0,Rs./Quintal,Local
Udayagiri APMC,1.0,Metric Tonnes,Paddy,2444.0,2464.0,2454.0,Rs./Quintal,Local
Vakadu APMC,0.1,Metric Tonnes,B P T,2389.0,2410.0,2400.0,Rs./Quintal,Local
Vijayawada APMC,0.1,Metric Tonnes,1001,2369.0,2369.0,2369.0,Rs./Quintal,Local
Yellamanchili APMC,0.1,Metric Tonnes,1001,2390.0,2450.0,2400.0,Rs./Quintal,Local
Total,398.78,Metric Tonnes,,,,2444.24,Rs./Quintal,
State/UT Name : Chattisgarh
Balod APMC,1.0,Metric Tonnes,I.R. 64,1830.0,1850.0,1840.0,Rs./Quintal,Non-FAQ
Baramkela APMC,5.0,Metric Tonnes,1001,1800.0,1800.0,1800.0,Rs./Quintal,Non-FAQ
Basana APMC,26.0,Metric Tonnes,1001,1900.0,1910.0,1900.0,Rs./Quintal,Non-FAQ
Charama APMC,50.0,Metric Tonnes,I.R. 64,1900.0,1900.0,1900.0,Rs./Quintal,Non-FAQ
Chhuria APMC,200.4,Metric Tonnes,MTU-1010,2200.0,2200.0,2200.0,Rs./Quintal,Non-FAQ
Dondi APMC,1.0,Metric Tonnes,I.R.-64,1900.0,1950.0,1940.0,Rs./Quintal,Non-FAQ
Dondilohara APMC,1.0,Metric Tonnes,I.R. 64,1900.0,1920.0,1910.0,Rs./Quintal,Non-FAQ
Dongargaon APMC,201.4,Metric Tonnes,MTU-1010,2200.0,2200.0,2200.0,Rs./Quintal,Non-FAQ
Doranpal APMC,0.5,Metric Tonnes,Paddy Coarse,1800.0,1900.0,1850.0,Rs./Quintal,Non-FAQ
Gharghoda APMC,35.0,Metric Tonnes,1001,1700.0,1700.0,1700.0,Rs./Quintal,Non-FAQ
Gidam APMC,2.0,Metric Tonnes,1001,1900.0,2100.0,2000.0,Rs./Quintal,Non-FAQ
Gurur APMC,2.5,Metric Tonnes,I.R.-64,1950.0,2000.0,1980.0,Rs./Quintal,Non-FAQ
Kharora APMC,2.2,Metric Tonnes,Mahamaya,2200.0,2200.0,2200.0,Rs./Quintal,Non-FAQ
Kondagoan APMC,20.0,Metric Tonnes,Khadwan,1800.0,1800.0,1800.0,Rs./Quintal,Non-FAQ
Konta APMC,0.5,Metric Tonnes,Paddy Coarse,1800.0,1800.0,1800.0,Rs./Quintal,Non-FAQ
Kukanar APMC,0.5,Metric Tonnes,Paddy Coarse,1800.0,1900.0,1850.0,Rs./Quintal,Non-FAQ
Kurud APMC,483.4,Metric Tonnes,I.R. 64,2010.0,2310.0,2210.0,Rs./Quintal,FAQ
Lakhanpuri APMC,20.0,Metric Tonnes,I.R. 64,1900.0,1900.0,1900.0,Rs./Quintal,Non-FAQ
Narharpur APMC,20.0,Metric Tonnes,I.R. 64,1900.0,1900.0,1900.0,Rs./Quintal,Non-FAQ
Neora APMC,3.2,Metric Tonnes,Mahamaya,1850.0,1850.0,1850.0,Rs./Quintal,Non-FAQ
Rajim APMC,1.2,Metric Tonnes,Sugandha,1800.0,2252.0,2250.0,Rs./Quintal,Non-FAQ
Rajim APMC,62.4,Metric Tonnes,MTU-1008,1600.0,2326.0,2162.0,Rs./Quintal,Non-FAQ
Rajim APMC,19.1,Metric Tonnes,Samba Masuri,1502.0,3160.0,2813.0,Rs./Quintal,Non-FAQ
Rajnandgaon APMC,8.0,Metric Tonnes,D.B.,2306.0,2331.0,2318.0,Rs./Quintal,Non-FAQ
Rajnandgaon APMC,18.9,Metric Tonnes,Mahamaya,2600.0,2650.0,2625.0,Rs./Quintal,Non-FAQ
Rajnandgaon APMC,4.0,Metric Tonnes,B P T,2701.0,2701.0,2701.0,Rs./Quintal,Non-FAQ
Rajnandgaon APMC,24.7,Metric Tonnes,MTU-1010,2300.0,2327.0,2314.0,Rs./Quintal,Non-FAQ
Sukma APMC,0.7,Metric Tonnes,Paddy Coarse,1800.0,1900.0,1850.0,Rs./Quintal,Non-FAQ
Surajpur APMC,1.0,Metric Tonnes,Mahamaya,2390.0,2390.0,2390.0,Rs./Quintal,Non-FAQ
Total,1215.6,Metric Tonnes,,,,2168.86,Rs./Quintal,
State/UT Name : Gujarat
Mandvi APMC,0.53,Metric Tonnes,Other,1950.0,2000.0,1975.0,Rs./Quintal,Non-FAQ
Morva Hafad APMC,0.8,Metric Tonnes,Paddy,1500.0,2650.0,2075.0,Rs./Quintal,Local
Total,1.33,Metric Tonnes,,,,2035.15,Rs./Quintal,
State/UT Name : Karnataka
Chintamani APMC,4.1000000000000005,Metric Tonnes,Sona,3500.0,3800.0,3700.0,Rs./Quintal,Local
Gangavathi APMC,55.400000000000006,Metric Tonnes,Sona Masuri (OLD),3400.0,3467.0,3440.0,Rs./Quintal,Non-FAQ
Gangavathi APMC,46.7,Metric Tonnes,Paddy RNR new,2900.0,2900.0,2900.0,Rs./Quintal,Non-FAQ
Gangavathi APMC,162.0,Metric Tonnes,Paddy RNR Old,3733.0,3800.0,3800.0,Rs./Quintal,Non-FAQ
Haliyala APMC,28.5,Metric Tonnes,Paddy Medium,2650.0,2700.0,2700.0,Rs./Quintal,Local
Hanagal APMC,179.0,Metric Tonnes,Paddy,2550.0,2800.0,2750.0,Rs./Quintal,FAQ
Harihara APMC,76.0,Metric Tonnes,Paddy RNR new,2570.0,2570.0,2570.0,Rs./Quintal,Non-FAQ
K.R. Pet APMC,50.0,Metric Tonnes,Paddy Coarse,2000.0,2000.0,2000.0,Rs./Quintal,Local
K.R.Nagar APMC,5.0,Metric Tonnes,Paddy Dappa,2500.0,2500.0,2500.0,Rs./Quintal,FAQ
Kampli APMC,92.2,Metric Tonnes,Paddy,3100.0,3600.0,3350.0,Rs./Quintal,Local
Karatagi APMC,80.80000000000001,Metric Tonnes,Paddy RNR Old,3867.0,4036.0,3890.0,Rs./Quintal,FAQ
Karatagi APMC,276.3,Metric Tonnes,Sona Masuri New,2710.0,3030.0,2845.0,Rs./Quintal,Non-FAQ
Karatagi APMC,78.4,Metric Tonnes,Kaveri Sona,2650.0,2700.0,2675.0,Rs./Quintal,Non-FAQ
Karatagi APMC,348.8,Metric Tonnes,Paddy RNR new,3350.0,3750.0,3500.0,Rs./Quintal,Non-FAQ
Koppal APMC,127.60000000000001,Metric Tonnes,Paddy,2500.0,2500.0,2500.0,Rs./Quintal,Non-FAQ
Lingasugur APMC,47.900000000000006,Metric Tonnes,Paddy,3350.0,3350.0,3350.0,Rs./Quintal,Non-FAQ
Mandya APMC,210.0,Metric Tonnes,Paddy,2200.0,2200.0,2200.0,Rs./Quintal,Local
Manvi APMC,283.3,Metric Tonnes,Sona Masuri (OLD),3392.0,4170.0,3806.0,Rs./Quintal,Non-FAQ
Mulbagal APMC,8.4,Metric Tonnes,Paddy,2000.0,2800.0,2500.0,Rs./Quintal,Non-FAQ
Mundgod APMC,23.900000000000002,Metric Tonnes,Paddy Malnad gidda,3050.0,3050.0,3050.0,Rs./Quintal,Non-FAQ
Mysuru APMC,5.2,Metric Tonnes,Paddy,2600.0,2600.0,2600.0,Rs./Quintal,Local
Nandagada APMC,43.0,Metric Tonnes,Paddy,2800.0,3000.0,2800.0,Rs./Quintal,FAQ
Raichur APMC,4.7,Metric Tonnes,Sona Mahsuri,1909.0,3299.0,3299.0,Rs./Quintal,FAQ
SIRGUPPA APMC,350.3,Metric Tonnes,Paddy RNR new,2850.0,3030.0,2930.0,Rs./Quintal,Local
SIRGUPPA APMC,257.40000000000003,Metric Tonnes,Paddy RNR Old,3150.0,4200.0,3500.0,Rs./Quintal,Local
Shiggoan APMC,57.7,Metric Tonnes,Paddy,2850.0,2850.0,2850.0,Rs./Quintal,Non-FAQ
Shikaripura APMC,76.60000000000001,Metric Tonnes,Paddy,3700.0,3900.0,3815.0,Rs./Quintal,FAQ
Shimoga APMC,138.0,Metric Tonnes,Paddy fine,2800.0,2900.0,2800.0,Rs./Quintal,FAQ
Sindhanur APMC,511.5,Metric Tonnes,Paddy RNR Old,3000.0,4250.0,3100.0,Rs./Quintal,FAQ
Somvarpet APMC,56.7,Metric Tonnes,Paddy Dappa,2300.0,2350.0,2350.0,Rs./Quintal,Grade Range-1
Sorabha APMC,80.0,Metric Tonnes,Paddy,2100.0,2100.0,2100.0,Rs./Quintal,Local
Srirangapattana APMC,110.10000000000001,Metric Tonnes,Jaya,1500.0,3100.0,1500.0,Rs./Quintal,Local
T. Narasipura APMC,110.5,Metric Tonnes,Paddy,2300.0,3100.0,2300.0,Rs./Quintal,Non-FAQ
Tumakuru APMC,184.3,Metric Tonnes,Sona,2000.0,3100.0,2500.0,Rs./Quintal,Local
Total,4170.3,Metric Tonnes,,,,2991.13,Rs./Quintal,
State/UT Name : Keralam
Kasargod Market,1.5,Metric Tonnes,Other,2400.0,2600.0,2509.0,Rs./Quintal,Local
Total,1.5,Metric Tonnes,,,,2509.0,Rs./Quintal,
State/UT Name : Madhya Pradesh
Chhindwara APMC,155.07000000000002,Metric Tonnes,Dhan,2200.0,2200.0,2200.0,Rs./Quintal,FAQ
Dindori APMC,27.0,Metric Tonnes,Other,2100.0,2200.0,2200.0,Rs./Quintal,Non-FAQ
Krishi Upaj Mandi Samiti Bichhiya,32.945,Metric Tonnes,Dhan,2275.0,2315.0,2315.0,Rs./Quintal,Non-FAQ
Shahdol APMC,20.0,Metric Tonnes,Dhan,1800.0,1800.0,1800.0,Rs./Quintal,Non-FAQ
Total,235.02,Metric Tonnes,,,,2182.08,Rs./Quintal,
State/UT Name : Maharashtra
APMC Armori ,20.3,Metric Tonnes,Other,2900.0,3420.0,2980.0,Rs./Quintal,FAQ
APMC Brahmpuri ,19.1,Metric Tonnes,Other,2900.0,3100.0,3000.0,Rs./Quintal,FAQ
APMC Chamorshi ,4.9,Metric Tonnes,Other,3718.0,3825.0,3762.0,Rs./Quintal,FAQ
APMC Gondpimpri ,12.5,Metric Tonnes,Other,3625.0,3700.0,3700.0,Rs./Quintal,FAQ
APMC Mul ,9.1,Metric Tonnes,Other,3600.0,3880.0,3750.0,Rs./Quintal,FAQ
APMC Pombhurna,4.3,Metric Tonnes,Other,3320.0,3500.0,3420.0,Rs./Quintal,FAQ
APMC Savali ,22.7,Metric Tonnes,Other,3600.0,4000.0,3810.0,Rs./Quintal,FAQ
APMC Tiroda ,1.4,Metric Tonnes,Other,3701.0,3781.0,3741.0,Rs./Quintal,FAQ
Total,94.3,Metric Tonnes,,,,3425.59,Rs./Quintal,
State/UT Name : NCT of Delhi
APMC Narela,201.9,Metric Tonnes,Paddy,2800.0,4800.0,3800.0,Rs./Quintal,FAQ
Total,201.9,Metric Tonnes,,,,3800.0,Rs./Quintal,
State/UT Name : Odisha
Karanjia APMC,0.30000000000000004,Metric Tonnes,Other,2369.0,2369.0,2369.0,Rs./Quintal,FAQ
Total,0.3,Metric Tonnes,,,,2369.0,Rs./Quintal,
State/UT Name : Rajasthan
Baran APMC,0.5,Metric Tonnes,Other,2651.0,2651.0,2651.0,Rs./Quintal,Local
Total,0.5,Metric Tonnes,,,,2651.0,Rs./Quintal,
State/UT Name : Telangana
Bhadrachalam APMC,0.001,Metric Tonnes,Samba Masuri,2389.0,2389.0,2389.0,Rs./Quintal,FAQ
Gambhiraopet APMC,114.7,Metric Tonnes,1001,2389.0,2389.0,2389.0,Rs./Quintal,Local
Gangadhara APMC,0.001,Metric Tonnes,I.R.-64,2369.0,2369.0,2369.0,Rs./Quintal,FAQ
Kagaznagar APMC,24.0,Metric Tonnes,Paddy,2400.0,2400.0,2400.0,Rs./Quintal,Grade Range-1
Neredcherla APMC,129.0,Metric Tonnes,B P T,2400.0,2400.0,2400.0,Rs./Quintal,Local
Tirumalagiri APMC,0.001,Metric Tonnes,B P T,2389.0,2389.0,2389.0,Rs./Quintal,FAQ
Total,267.7,Metric Tonnes,,,,2395.29,Rs./Quintal,
State/UT Name : Uttar Pradesh
Bachranwa APMC,13.1,Metric Tonnes,Common,3000.0,3000.0,3000.0,Rs./Quintal,FAQ
Bahraich APMC,12.6,Metric Tonnes,Common,2000.0,2000.0,2000.0,Rs./Quintal,FAQ
Bangarmau APMC,64.2,Metric Tonnes,Common,2700.0,2700.0,2700.0,Rs./Quintal,FAQ
Bangarmau APMC,8.7,Metric Tonnes,ES 18,3200.0,3200.0,3200.0,Rs./Quintal,FAQ
Bangarmau APMC,3.245,Metric Tonnes,AST 18,3200.0,3200.0,3200.0,Rs./Quintal,FAQ
Banthara APMC,11.2,Metric Tonnes,Common,3150.0,3150.0,3150.0,Rs./Quintal,FAQ
Bareilly APMC,12.841,Metric Tonnes,Common,2200.0,2250.0,2218.71,Rs./Quintal,FAQ
Bareilly APMC,47.836,Metric Tonnes,Basmati,3400.0,3500.0,3452.06,Rs./Quintal,FAQ
Basti APMC,48.9,Metric Tonnes,Common,2500.0,2500.0,2500.0,Rs./Quintal,FAQ
Bhehjoi APMC,223.5,Metric Tonnes,Other,2490.0,2525.0,2506.61,Rs./Quintal,FAQ
Bilaspur APMC,1049.45,Metric Tonnes,Common,1500.0,1504.0,1500.15,Rs./Quintal,FAQ
Bilaspur APMC,1430.437,Metric Tonnes,Other,1500.0,1505.0,1502.52,Rs./Quintal,FAQ
Bindki APMC,104.965,Metric Tonnes,Masuri,2460.0,2500.0,2475.23,Rs./Quintal,FAQ
Buland Shahr APMC,98.657,Metric Tonnes,Basmati,3200.0,3900.0,3675.1,Rs./Quintal,FAQ
Chorichora APMC,11.2,Metric Tonnes,Common,2700.0,2700.0,2700.0,Rs./Quintal,FAQ
Choubepur APMC,31.085,Metric Tonnes,Samba Masuri,2050.0,2050.0,2050.0,Rs./Quintal,FAQ
Devariya APMC,26.0,Metric Tonnes,Common,2500.0,2500.0,2500.0,Rs./Quintal,FAQ
Divai APMC,1.26,Metric Tonnes,Basmati,3551.0,3551.0,3551.0,Rs./Quintal,FAQ
Fatehpur APMC,146.44,Metric Tonnes,Common,2100.0,2100.0,2100.0,Rs./Quintal,FAQ
Gadaura APMC,2.575,Metric Tonnes,Samba Masuri,2300.0,2300.0,2300.0,Rs./Quintal,FAQ
Gadaura APMC,2.825,Metric Tonnes,Common,2300.0,2300.0,2300.0,Rs./Quintal,FAQ
Gangoh APMC,31.405,Metric Tonnes,Other,3000.0,3880.0,3657.15,Rs./Quintal,FAQ
Gangoh APMC,242.945,Metric Tonnes,Basmati,3000.0,3850.0,3637.42,Rs./Quintal,FAQ
Golagokarnath APMC,78.49,Metric Tonnes,Common,1715.0,1725.0,1722.0,Rs./Quintal,FAQ
Gorakhpur APMC,41.4,Metric Tonnes,Common,2200.0,2205.0,2200.72,Rs./Quintal,FAQ
Gulavati APMC,12.7,Metric Tonnes,Other,3401.0,3650.0,3487.8,Rs./Quintal,FAQ
Hapur APMC,109.02,Metric Tonnes,Basmati,2800.0,3701.0,3423.86,Rs./Quintal,FAQ
Hapur APMC,88.753,Metric Tonnes,Other,2840.0,3860.0,3774.53,Rs./Quintal,FAQ
Hardoi APMC,61.8,Metric Tonnes,Fine,1850.0,1850.0,1850.0,Rs./Quintal,FAQ
Hardoi APMC,7.5,Metric Tonnes,Other,1850.0,1850.0,1850.0,Rs./Quintal,FAQ
Hardoi APMC,114.04,Metric Tonnes,Common,1850.0,3000.0,2558.11,Rs./Quintal,FAQ
Hasanpur APMC,10.0,Metric Tonnes,SuperFine(Basmati),2300.0,2300.0,2300.0,Rs./Quintal,FAQ
Jasvantnagar APMC,53.7,Metric Tonnes,Other,2200.0,2205.0,2201.82,Rs./Quintal,FAQ
Jayas APMC,46.4,Metric Tonnes,Common,2200.0,2900.0,2374.42,Rs./Quintal,FAQ
Kasganj APMC,2.78,Metric Tonnes,Sarvati,2370.0,2370.0,2370.0,Rs./Quintal,FAQ
Kasganj APMC,1.65,Metric Tonnes,Basmati,2400.0,2400.0,2400.0,Rs./Quintal,FAQ
Khurja APMC,18.805,Metric Tonnes,Basmati,3200.0,3225.0,3208.28,Rs./Quintal,FAQ
Kosikalan APMC,10.8,Metric Tonnes,Other,3107.0,3484.91,3354.32,Rs./Quintal,FAQ
Kosikalan APMC,8.85,Metric Tonnes,Basmati,3540.0,3540.0,3540.0,Rs./Quintal,FAQ
Lakhimpur APMC,2.73,Metric Tonnes,Common,1950.0,1950.0,1950.0,Rs./Quintal,FAQ
Lalganj APMC,22.695,Metric Tonnes,Common,3000.0,3000.0,3000.0,Rs./Quintal,FAQ
Lediyari APMC,25.2,Metric Tonnes,Other,2400.0,2450.0,2430.16,Rs./Quintal,FAQ
Mihipurwa APMC,3.55,Metric Tonnes,Common,2000.0,2000.0,2000.0,Rs./Quintal,FAQ
Milak APMC,7.0,Metric Tonnes,Basmati,3300.0,3300.0,3300.0,Rs./Quintal,FAQ
Mohammdi APMC,22.62,Metric Tonnes,Common,1815.0,1849.76,1827.23,Rs./Quintal,FAQ
Mugrabaadshahpur APMC,198.997,Metric Tonnes,Common,2150.0,2200.0,2199.81,Rs./Quintal,FAQ
Powayan APMC,124.74,Metric Tonnes,Common,1850.0,2010.0,1956.54,Rs./Quintal,FAQ
Powayan APMC,106.0,Metric Tonnes,Other,1850.0,1860.0,1854.15,Rs./Quintal,FAQ
Pratapgarh APMC,6.2,Metric Tonnes,Common,2200.0,2200.0,2200.0,Rs./Quintal,FAQ
Puranpur APMC,21.02,Metric Tonnes,Common,1900.0,1905.0,1902.5,Rs./Quintal,FAQ
Raibareilly APMC,39.24,Metric Tonnes,Common,2400.0,3250.0,3029.59,Rs./Quintal,FAQ
Robertsganj APMC,53.76,Metric Tonnes,Common,2500.0,2500.0,2500.0,Rs./Quintal,FAQ
Safdarganj APMC,16.0,Metric Tonnes,Common,2100.0,2100.0,2100.0,Rs./Quintal,FAQ
Sahiyapur APMC,30.0,Metric Tonnes,Other,3000.0,3000.0,3000.0,Rs./Quintal,FAQ
Sahiyapur APMC,29.9,Metric Tonnes,Common,2530.0,2530.0,2530.0,Rs./Quintal,FAQ
Salon APMC,25.04,Metric Tonnes,Common,2200.0,3000.0,2696.49,Rs./Quintal,FAQ
Sambhal APMC,89.612,Metric Tonnes,Other,2800.0,2820.0,2813.31,Rs./Quintal,FAQ
Shahjahanpur APMC,7.5,Metric Tonnes,Common,2600.0,2600.0,2600.0,Rs./Quintal,FAQ
Sidhauli APMC,15.3,Metric Tonnes,Common,1975.0,2015.0,1996.01,Rs./Quintal,FAQ
Sitapur APMC,46.604,Metric Tonnes,Common,2025.0,2125.0,2078.69,Rs./Quintal,FAQ
Sitapur APMC,3.375,Metric Tonnes,Samba Masuri,2800.0,2800.0,2800.0,Rs./Quintal,FAQ
Sitapur APMC,28.8,Metric Tonnes,Other,2040.0,2050.0,2044.98,Rs./Quintal,FAQ
Sultanpur APMC,39.39,Metric Tonnes,Common,2930.0,2970.0,2951.11,Rs./Quintal,FAQ
Unnao APMC,4.1,Metric Tonnes,Other,2600.0,2600.0,2600.0,Rs./Quintal,FAQ
Viswan APMC,11.54,Metric Tonnes,Common,1750.0,1750.0,1750.0,Rs./Quintal,FAQ
Yusufpur APMC,73.91,Metric Tonnes,Common,2900.0,2900.0,2900.0,Rs./Quintal,FAQ
Total,5346.88,Metric Tonnes,,,,2111.7,Rs./Quintal,
State/UT Name : West Bengal
Bankura Sadar APMC,3.6500000000000004,Metric Tonnes,Common,2000.0,2400.0,2369.0,Rs./Quintal,FAQ
Ghatal APMC,13.0,Metric Tonnes,Common,2440.0,2460.0,2450.0,Rs./Quintal,FAQ
Indus(Bankura Sadar) APMC,3.25,Metric Tonnes,Common,1975.0,2400.0,2369.0,Rs./Quintal,FAQ
Jangipur APMC,28.25,Metric Tonnes,I.R. 36,2425.0,2525.0,2475.0,Rs./Quintal,FAQ
Khatra APMC,1.2000000000000002,Metric Tonnes,Swarna Masuri (New),2300.0,2389.0,2369.0,Rs./Quintal,FAQ
Total,49.35,Metric Tonnes,,,,2451.02,Rs./Quintal,
Grand Total,11983.46,Metric Tonnes,,,,2482.58,Rs./Quintal,
Rice
State/UT Name : Andhra Pradesh
Tiruvuru APMC,40.0,Metric Tonnes,Sona,4900.0,4900.0,4900.0,Rs./Quintal,Local
Visakhapatnam APMC,0.1,Metric Tonnes,B P T,6300.0,6300.0,6300.0,Rs./Quintal,Grade Range-1
Total,40.1,Metric Tonnes,,,,4903.49,Rs./Quintal,
State/UT Name : Assam
Fancy Bazaar APMC,75.0,Metric Tonnes,Common,3100.0,3500.0,3300.0,Rs./Quintal,FAQ
Fancy Bazaar APMC,65.0,Metric Tonnes,Fine,3200.0,11000.0,7500.0,Rs./Quintal,FAQ
Fancy Bazaar APMC,72.0,Metric Tonnes,Super Fine,7500.0,12000.0,9500.0,Rs./Quintal,FAQ
Total,212.0,Metric Tonnes,,,,6693.4,Rs./Quintal,
State/UT Name : Karnataka
APMC THIRTHAHALLI,3.0,Metric Tonnes,Broken Rice,2600.0,2600.0,2600.0,Rs./Quintal,Local
Bantwala APMC,19.0,Metric Tonnes,Other,2000.0,3000.0,2800.0,Rs./Quintal,Local
Bengaluru APMC,1647.4,Metric Tonnes,Dappa,3000.0,3100.0,3050.0,Rs./Quintal,Medium
Bengaluru APMC,2196.7000000000003,Metric Tonnes,Fine,6000.0,7000.0,6500.0,Rs./Quintal,Medium
Bengaluru APMC,1647.4,Metric Tonnes,Medium,5500.0,6000.0,5750.0,Rs./Quintal,Medium
Bhadravathi APMC,51.7,Metric Tonnes,Medium,2500.0,2700.0,2500.0,Rs./Quintal,Local
Bidar APMC,10.0,Metric Tonnes,CR 1009 (Coarse) Boiled,4600.0,5600.0,5100.0,Rs./Quintal,Small
Challakere APMC,25.400000000000002,Metric Tonnes,Medium,2600.0,2600.0,2600.0,Rs./Quintal,Local
Davangere APMC,430.3,Metric Tonnes,Medium,2400.0,6810.0,4705.0,Rs./Quintal,Local
Gadag APMC,70.10000000000001,Metric Tonnes,Fine,3311.0,7800.0,5500.0,Rs./Quintal,Medium
Gangavathi APMC,254.10000000000002,Metric Tonnes,Other,2300.0,2800.0,2600.0,Rs./Quintal,Small
Honnali APMC,76.0,Metric Tonnes,I.R.-64,2600.0,2600.0,2600.0,Rs./Quintal,Medium
K.R. Pet APMC,0.5,Metric Tonnes,Broken Rice,2150.0,2150.0,2150.0,Rs./Quintal,Local
Kampli APMC,45.7,Metric Tonnes,Medium,5500.0,5650.0,5575.0,Rs./Quintal,Local
Karatagi APMC,132.0,Metric Tonnes,Sona Masuri (OLD),3690.0,6451.0,4616.0,Rs./Quintal,Small
Koppa APMC,5.5,Metric Tonnes,Jaya,1800.0,1800.0,1800.0,Rs./Quintal,Local
Koppal APMC,133.0,Metric Tonnes,Broken Rice,2700.0,2710.0,2705.0,Rs./Quintal,Small
Mandya APMC,1600.0,Metric Tonnes,Other,2500.0,2860.0,2650.0,Rs./Quintal,Local
Manvi APMC,197.60000000000002,Metric Tonnes,Other,2800.0,2800.0,2800.0,Rs./Quintal,Small
Mysuru APMC,100.0,Metric Tonnes,Fine,2400.0,2400.0,2400.0,Rs./Quintal,Local
Sakaleshpura APMC,15.8,Metric Tonnes,Boiled Rice,2500.0,2500.0,2500.0,Rs./Quintal,Small
Santhesargur APMC,6.0,Metric Tonnes,Broken Rice,2700.0,2700.0,2700.0,Rs./Quintal,Small
Santhesargur APMC,9.0,Metric Tonnes,IR 20,2930.0,2930.0,2930.0,Rs./Quintal,Small
Shimoga APMC,85.4,Metric Tonnes,Dappa,2500.0,2600.0,2600.0,Rs./Quintal,Large
Sindhanur APMC,60.0,Metric Tonnes,Medium,2800.0,2810.0,2800.0,Rs./Quintal,FAQ
Somvarpet APMC,3.6,Metric Tonnes,Coarse (I.R.20),2700.0,2700.0,2700.0,Rs./Quintal,Grade Range-1
Sorabha APMC,40.0,Metric Tonnes,Fine,2500.0,2500.0,2500.0,Rs./Quintal,Local
T. Narasipura APMC,14.0,Metric Tonnes,Broken Rice,2600.0,2600.0,2600.0,Rs./Quintal,Small
Tumakuru APMC,720.0,Metric Tonnes,Other,4100.0,6800.0,5200.0,Rs./Quintal,Local
Total,9599.2,Metric Tonnes,,,,4477.63,Rs./Quintal,
State/UT Name : Maharashtra
APMC  VASAI,23.0,Metric Tonnes,1009 Kar,3505.0,4690.0,4250.0,Rs./Quintal,Local
APMC Alibagh ,1.0,Metric Tonnes,Other,4000.0,4500.0,4250.0,Rs./Quintal,Local
APMC Kalyan ,0.3,Metric Tonnes,Other,8200.0,10200.0,9200.0,Rs./Quintal,Local
APMC Mangaon ,5.8,Metric Tonnes,Other,2000.0,4800.0,3800.0,Rs./Quintal,Local
APMC Mumbai ,261.6,Metric Tonnes,Other,8000.0,11000.0,10000.0,Rs./Quintal,Local
APMC Murud ,1.0,Metric Tonnes,Other,4000.0,4500.0,4250.0,Rs./Quintal,Local
APMC Nagpur ,0.6,Metric Tonnes,Other,3000.0,3200.0,3150.0,Rs./Quintal,Local
APMC Palghar ,41.0,Metric Tonnes,1009 Kar,4700.0,4700.0,4700.0,Rs./Quintal,Local
APMC Pune ,54.0,Metric Tonnes,Other,3400.0,3600.0,3500.0,Rs./Quintal,Local
APMC Solapur ,79.1,Metric Tonnes,Other,3570.0,7350.0,4170.0,Rs./Quintal,Local
APMC Ulhasnagar ,56.0,Metric Tonnes,Other,4500.0,5500.0,5000.0,Rs./Quintal,Local
Kolhapur(Laxmipuri) ,10.2,Metric Tonnes,1009 Kar,3250.0,9300.0,6275.0,Rs./Quintal,Local
Total,533.6,Metric Tonnes,,,,7129.86,Rs./Quintal,
State/UT Name : Odisha
Bolangir APMC,7.5,Metric Tonnes,Suvarna Best,3600.0,4000.0,3800.0,Rs./Quintal,Local
Karanjia APMC,0.30000000000000004,Metric Tonnes,Common,3500.0,3600.0,3600.0,Rs./Quintal,FAQ
Karanjia APMC,0.30000000000000004,Metric Tonnes,Other,3600.0,3700.0,3700.0,Rs./Quintal,FAQ
Tusura APMC,4.5,Metric Tonnes,Boiled Rice,3600.0,4000.0,3800.0,Rs./Quintal,Local
Total,12.6,Metric Tonnes,,,,3792.86,Rs./Quintal,
State/UT Name : Tripura
Barpathari APMC,0.8,Metric Tonnes,Masuri,5200.0,5400.0,5300.0,Rs./Quintal,Local
Bishalgarh APMC,0.4,Metric Tonnes,Fine,4300.0,4500.0,4400.0,Rs./Quintal,Local
Bishalgarh APMC,0.4,Metric Tonnes,Masuri,3700.0,3900.0,3800.0,Rs./Quintal,Local
Dasda APMC,1.5,Metric Tonnes,Other,3250.0,3350.0,3300.0,Rs./Quintal,FAQ
Jampuijala APMC,0.1,Metric Tonnes,Fine,4000.0,4400.0,4200.0,Rs./Quintal,Grade Range-1
Masli,0.2,Metric Tonnes,1009 Kar,3200.0,4000.0,3500.0,Rs./Quintal,Local
Teliamura APMC,45.0,Metric Tonnes,Masuri,3900.0,4100.0,4000.0,Rs./Quintal,Grade Range-2
Total,48.4,Metric Tonnes,,,,3999.79,Rs./Quintal,
State/UT Name : Uttar Pradesh
Agra APMC,30.0,Metric Tonnes,Other,3000.0,4000.0,3600.0,Rs./Quintal,FAQ
Ahirora APMC,24.3,Metric Tonnes,Common,2700.0,2700.0,2700.0,Rs./Quintal,FAQ
Akbarpur APMC,45.35,Metric Tonnes,Common,2550.0,2550.0,2550.0,Rs./Quintal,FAQ
Anandnagar APMC,3.0,Metric Tonnes,Common,3000.0,3000.0,3000.0,Rs./Quintal,FAQ
Atarra APMC,30.2,Metric Tonnes,Common,2400.0,2400.0,2400.0,Rs./Quintal,FAQ
Auraiya APMC,23.242,Metric Tonnes,Common,2700.0,2700.0,2700.0,Rs./Quintal,FAQ
Auraiya APMC,6.958,Metric Tonnes,Rice Bran(Kukuf),2700.0,2700.0,2700.0,Rs./Quintal,FAQ
Ayodhya APMC,40.6,Metric Tonnes,Common,2000.0,2400.0,2085.71,Rs./Quintal,FAQ
Azamgarh APMC,72.5,Metric Tonnes,Common,2400.0,2400.0,2400.0,Rs./Quintal,FAQ
Baberu APMC,5.85,Metric Tonnes,Common,2700.0,2700.0,2700.0,Rs./Quintal,FAQ
Bahraich APMC,41.0,Metric Tonnes,Common,2300.0,2300.0,2300.0,Rs./Quintal,FAQ
Bansi APMC,10.1,Metric Tonnes,Common,3100.0,3100.0,3100.0,Rs./Quintal,FAQ
Banthara APMC,56.0,Metric Tonnes,Common,2200.0,2650.0,2490.89,Rs./Quintal,FAQ
Banthara APMC,9.997,Metric Tonnes,Other,6700.0,6700.0,6700.0,Rs./Quintal,FAQ
Bareilly APMC,16.47,Metric Tonnes,Common,5842.86,5842.86,5842.86,Rs./Quintal,FAQ
Bareilly APMC,34.91,Metric Tonnes,Other,4400.0,4400.0,4400.0,Rs./Quintal,FAQ
Basti APMC,3.0,Metric Tonnes,Other,2500.0,2500.0,2500.0,Rs./Quintal,FAQ
Bindki APMC,1.48,Metric Tonnes,Other,2550.0,2550.0,2550.0,Rs./Quintal,FAQ
Buland Shahr APMC,25.5,Metric Tonnes,Other,4727.28,10158.73,6644.26,Rs./Quintal,FAQ
Charkhari APMC,30.0,Metric Tonnes,Other,2650.0,2650.0,2650.0,Rs./Quintal,FAQ
Chhibramau APMC,19.2,Metric Tonnes,Common,2420.0,2420.0,2420.0,Rs./Quintal,FAQ
Devariya APMC,13.56,Metric Tonnes,Common,2500.0,2500.0,2500.0,Rs./Quintal,FAQ
Farukhabad APMC,5.95,Metric Tonnes,Common,2600.0,2600.0,2600.0,Rs./Quintal,FAQ
Gadaura APMC,34.855,Metric Tonnes,Common,2300.0,2300.0,2300.0,Rs./Quintal,FAQ
Gorakhpur APMC,14.74,Metric Tonnes,Common,8686.01,8686.01,8686.01,Rs./Quintal,FAQ
Hardoi APMC,4.61,Metric Tonnes,Common,2650.0,2650.0,2650.0,Rs./Quintal,FAQ
Jafarganj APMC,23.175,Metric Tonnes,Common,2500.0,2500.0,2500.0,Rs./Quintal,FAQ
Jangipura APMC,67.15,Metric Tonnes,Common,2400.0,2700.0,2561.5,Rs./Quintal,FAQ
Jaunpur APMC,25.0,Metric Tonnes,Common,2400.0,2400.0,2400.0,Rs./Quintal,FAQ
Jayas APMC,20.0,Metric Tonnes,Common,2500.0,2500.0,2500.0,Rs./Quintal,FAQ
Kanpur(Grain) APMC,5.5,Metric Tonnes,Common,2300.0,2300.0,2300.0,Rs./Quintal,FAQ
Karvi APMC,8.77,Metric Tonnes,Common,2650.0,2650.0,2650.0,Rs./Quintal,FAQ
Karvi APMC,25.49,Metric Tonnes,Other,2400.0,2400.0,2400.0,Rs./Quintal,FAQ
Maudaha APMC,36.495,Metric Tonnes,Other,2500.0,2500.0,2500.0,Rs./Quintal,FAQ
Naugarh APMC,8.4,Metric Tonnes,Common,2600.0,2600.0,2600.0,Rs./Quintal,FAQ
Nautnava APMC,29.235,Metric Tonnes,Common,2000.0,2150.0,2015.39,Rs./Quintal,FAQ
Nawabganj APMC,27.5,Metric Tonnes,Common,1900.0,1900.0,1900.0,Rs./Quintal,FAQ
Panchpedwa APMC,5.9,Metric Tonnes,Common,2400.0,2400.0,2400.0,Rs./Quintal,FAQ
Payagpur APMC,2.334,Metric Tonnes,Other,2500.0,2500.0,2500.0,Rs./Quintal,FAQ
Pilibhit APMC,35.18,Metric Tonnes,Other,6000.0,6000.0,6000.0,Rs./Quintal,FAQ
Raibareilly APMC,7.35,Metric Tonnes,Common,2500.0,2500.0,2500.0,Rs./Quintal,FAQ
Rudauli APMC,56.06,Metric Tonnes,Common,2800.0,2800.0,2800.0,Rs./Quintal,FAQ
Safdarganj APMC,1.5,Metric Tonnes,Common,2200.0,2200.0,2200.0,Rs./Quintal,FAQ
Sahiyapur APMC,12.0,Metric Tonnes,Common,2550.0,2550.0,2550.0,Rs./Quintal,FAQ
Sahiyapur APMC,1.0,Metric Tonnes,Other,2550.0,2550.0,2550.0,Rs./Quintal,FAQ
Sehjanwa APMC,47.0,Metric Tonnes,Common,2200.0,2200.0,2200.0,Rs./Quintal,FAQ
Shahganj APMC,30.0,Metric Tonnes,Common,2600.0,2600.0,2600.0,Rs./Quintal,FAQ
Shohratgarh APMC,11.05,Metric Tonnes,Other,2550.0,2550.0,2550.0,Rs./Quintal,FAQ
Sultanpur APMC,38.48,Metric Tonnes,Common,2500.0,3700.0,3116.05,Rs./Quintal,FAQ
Tanda Akbarpur APMC,30.2,Metric Tonnes,Common,2500.0,2500.0,2500.0,Rs./Quintal,FAQ
Tulsipur APMC,25.0,Metric Tonnes,Common,2600.0,2600.0,2600.0,Rs./Quintal,FAQ
Unnao APMC,11.5,Metric Tonnes,Common,2480.0,2480.0,2480.0,Rs./Quintal,FAQ
Utraula APMC,9.1,Metric Tonnes,Common,2410.0,2410.0,2410.0,Rs./Quintal,FAQ
Varanasi APMC,36.0,Metric Tonnes,Common,2500.0,11500.0,3708.33,Rs./Quintal,FAQ
Varanasi APMC,30.0,Metric Tonnes,Other,5731.83,5731.83,5731.83,Rs./Quintal,FAQ
Vilthararoad APMC,6.6,Metric Tonnes,Common,2800.0,2800.0,2800.0,Rs./Quintal,FAQ
Total,1276.34,Metric Tonnes,,,,3003.59,Rs./Quintal,
State/UT Name : Uttarakhand
Bazpur APMC,96.2,Metric Tonnes,Common,2500.0,5868.0,3360.0,Rs./Quintal,FAQ
Gadarpur APMC,178.8,Metric Tonnes,Other,2540.0,2540.0,2540.0,Rs./Quintal,Local
Total,275.0,Metric Tonnes,,,,2826.85,Rs./Quintal,
State/UT Name : West Bengal
Asansol APMC,52.0,Metric Tonnes,Fine,4675.0,4850.0,4765.0,Rs./Quintal,FAQ
Balarampur APMC,2.5,Metric Tonnes,Other,3520.0,3700.0,3600.0,Rs./Quintal,FAQ
Bankura Sadar APMC,27.5,Metric Tonnes,Common,3100.0,3250.0,3200.0,Rs./Quintal,FAQ
Baruipur(Canning) APMC,6.0,Metric Tonnes,Common,3100.0,3300.0,3200.0,Rs./Quintal,FAQ
Baruipur(Canning) APMC,5.0,Metric Tonnes,Fine,5100.0,5300.0,5200.0,Rs./Quintal,FAQ
Baxirhat APMC,16.0,Metric Tonnes,Common,4000.0,4200.0,4100.0,Rs./Quintal,FAQ
Beldanga APMC,2.0,Metric Tonnes,Other,3450.0,3650.0,3550.0,Rs./Quintal,FAQ
Bethuadahari APMC,9.5,Metric Tonnes,Fine,4900.0,5000.0,4950.0,Rs./Quintal,Grade Range-1
Bishnupur(Bankura) APMC,0.30000000000000004,Metric Tonnes,Common,3600.0,3750.0,3700.0,Rs./Quintal,FAQ
Bishnupur(Bankura) APMC,0.25,Metric Tonnes,Fine,4600.0,4800.0,4700.0,Rs./Quintal,FAQ
Champadanga APMC,3.4,Metric Tonnes,Fine,4650.0,4750.0,4700.0,Rs./Quintal,FAQ
Champadanga APMC,2.0,Metric Tonnes,Sona Mansoori Non Basmati,3300.0,3350.0,3300.0,Rs./Quintal,FAQ
Dinhata APMC,15.0,Metric Tonnes,Common,4000.0,4200.0,4100.0,Rs./Quintal,FAQ
Durgapur APMC,55.0,Metric Tonnes,Fine,4685.0,4850.0,4765.0,Rs./Quintal,FAQ
Ghatal APMC,12.8,Metric Tonnes,Masuri,3600.0,3640.0,3630.0,Rs./Quintal,FAQ
Guskara APMC,10.5,Metric Tonnes,Common,3200.0,3300.0,3250.0,Rs./Quintal,FAQ
Guskara APMC,35.5,Metric Tonnes,Fine,3800.0,3900.0,3850.0,Rs./Quintal,FAQ
Haldibari APMC,15.0,Metric Tonnes,Common,4000.0,4200.0,4100.0,Rs./Quintal,FAQ
Indus(Bankura Sadar) APMC,6.25,Metric Tonnes,Fine,4550.0,4650.0,4600.0,Rs./Quintal,FAQ
Jangipur APMC,24.45,Metric Tonnes,Common,5100.0,5300.0,5200.0,Rs./Quintal,FAQ
Kalipur APMC,12.8,Metric Tonnes,Common,3260.0,3300.0,3280.0,Rs./Quintal,FAQ
Kalipur APMC,14.0,Metric Tonnes,Fine,4600.0,4700.0,4650.0,Rs./Quintal,FAQ
Kalna APMC,36.5,Metric Tonnes,Fine,3850.0,3900.0,3900.0,Rs./Quintal,FAQ
Kalna APMC,10.5,Metric Tonnes,Other,3200.0,3300.0,3250.0,Rs./Quintal,FAQ
Karimpur APMC,11.5,Metric Tonnes,Fine,4800.0,5000.0,4900.0,Rs./Quintal,Grade Range-1
Kasimbazar APMC,12.0,Metric Tonnes,Common,3500.0,3700.0,3600.0,Rs./Quintal,FAQ
Khatra APMC,0.4,Metric Tonnes,Common,3600.0,3750.0,3650.0,Rs./Quintal,FAQ
Lalbagh APMC,11.0,Metric Tonnes,Other,3500.0,3700.0,3600.0,Rs./Quintal,FAQ
Mathabhanga APMC,15.0,Metric Tonnes,Common,4000.0,4200.0,4100.0,Rs./Quintal,FAQ
Mekhliganj APMC,15.0,Metric Tonnes,Common,4000.0,4200.0,4100.0,Rs./Quintal,FAQ
Pandua APMC,4.56,Metric Tonnes,Fine,4425.0,4650.0,4500.0,Rs./Quintal,FAQ
Ranaghat APMC,10.2,Metric Tonnes,Fine,4600.0,4800.0,4700.0,Rs./Quintal,Local
Siliguri APMC,290.0,Metric Tonnes,Fine(Basmati),5100.0,5300.0,5200.0,Rs./Quintal,FAQ
Tamluk (Medinipur E) APMC,8.0,Metric Tonnes,Common,3200.0,3400.0,3300.0,Rs./Quintal,FAQ
Tamluk (Medinipur E) APMC,8.0,Metric Tonnes,Fine,4200.0,4400.0,4300.0,Rs./Quintal,FAQ
Toofanganj APMC,15.0,Metric Tonnes,Common,4000.0,4200.0,4100.0,Rs./Quintal,FAQ
Total,775.41,Metric Tonnes,,,,4563.69,Rs./Quintal,
Grand Total,12772.65,Metric Tonnes,,,,4446.45,Rs./Quintal,
Wheat (MSP: Rs. 2585.00/Quintal)
State/UT Name : Bihar
Barbigha APMC,16.0,Metric Tonnes,147 Average,2500.0,2680.0,2575.0,Rs./Quintal,FAQ
Shekhpura APMC,16.0,Metric Tonnes,147 Average,2500.0,2680.0,2575.0,Rs./Quintal,FAQ
Total,32.0,Metric Tonnes,,,,2575.0,Rs./Quintal,
State/UT Name : Chattisgarh
Rajnandgaon APMC,8.2,Metric Tonnes,Deshi,2711.0,2751.0,2731.0,Rs./Quintal,Non-FAQ
Total,8.2,Metric Tonnes,,,,2731.0,Rs./Quintal,
State/UT Name : Gujarat
Morva Hafad APMC,0.30000000000000004,Metric Tonnes,Deshi,2000.0,2500.0,2250.0,Rs./Quintal,Local
Total,0.3,Metric Tonnes,,,,2250.0,Rs./Quintal,
State/UT Name : Karnataka
APMC Hubballi,0.6000000000000001,Metric Tonnes,Jawari,2400.0,2400.0,2400.0,Rs./Quintal,Local
Basava Kalayana APMC,1.1,Metric Tonnes,Mexican,2525.0,2612.0,2550.0,Rs./Quintal,FAQ
Basava Kalayana APMC,0.1,Metric Tonnes,Mill Quality,3800.0,3800.0,3800.0,Rs./Quintal,Non-FAQ
Bengaluru APMC,27.6,Metric Tonnes,Local,3500.0,4500.0,4000.0,Rs./Quintal,FAQ
Bidar APMC,3.0,Metric Tonnes,Red,2500.0,3475.0,3100.0,Rs./Quintal,Non-FAQ
Gadag APMC,27.1,Metric Tonnes,White,1639.0,3800.0,3565.0,Rs./Quintal,FAQ
Hoskote APMC,3.0,Metric Tonnes,Bansi,7620.0,7788.0,7704.0,Rs./Quintal,Non-FAQ
Hospet APMC,4.800000000000001,Metric Tonnes,Other,3225.0,3575.0,3575.0,Rs./Quintal,Local
Hungund APMC,17.0,Metric Tonnes,Local,2450.0,2450.0,2450.0,Rs./Quintal,FAQ
Laxmeshwar APMC,1.1,Metric Tonnes,Red,2260.0,2969.0,2565.0,Rs./Quintal,Non-FAQ
Vijayapura APMC,38.800000000000004,Metric Tonnes,Sona,2125.0,2800.0,2467.0,Rs./Quintal,Local
Total,124.2,Metric Tonnes,,,,3231.88,Rs./Quintal,
State/UT Name : Madhya Pradesh
Alampur APMC,23.900000000000002,Metric Tonnes,Wheat,2570.0,2620.0,2610.0,Rs./Quintal,Non-FAQ
Babai (Makhan Nagar) APMC,5.5,Metric Tonnes,Mill Quality,2605.0,2605.0,2605.0,Rs./Quintal,Non-FAQ
Badnawar APMC,44.896,Metric Tonnes,Wheat,2400.0,2500.0,2500.0,Rs./Quintal,FAQ
Badwaha APMC,3.0500000000000003,Metric Tonnes,Wheat,2600.0,2600.0,2600.0,Rs./Quintal,FAQ
Baikunthpur APMC,2.0,Metric Tonnes,Mill Quality,2500.0,2500.0,2500.0,Rs./Quintal,Non-FAQ
Baikunthpur APMC,43.900000000000006,Metric Tonnes,Wheat,2500.0,2580.0,2550.0,Rs./Quintal,Non-FAQ
Bakswaha APMC,18.6,Metric Tonnes,Mill Quality,2510.0,2535.0,2535.0,Rs./Quintal,FAQ
Bareli APMC,30.0,Metric Tonnes,Mill Quality,2510.0,2510.0,2510.0,Rs./Quintal,FAQ
Bareli APMC,40.218,Metric Tonnes,Wheat,2580.0,2580.0,2580.0,Rs./Quintal,FAQ
Beohari APMC,11.0,Metric Tonnes,Mill Quality,2485.0,2580.0,2580.0,Rs./Quintal,FAQ
Bhind APMC,87.4,Metric Tonnes,Wheat,2617.0,2665.0,2625.0,Rs./Quintal,FAQ
Bijawar APMC,36.5,Metric Tonnes,Wheat,2600.0,2601.0,2601.0,Rs./Quintal,Non-FAQ
Chaakghat APMC,23.200000000000003,Metric Tonnes,Mill Quality,2540.0,2550.0,2550.0,Rs./Quintal,FAQ
Chaakghat APMC,18.303,Metric Tonnes,Wheat,2500.0,2570.0,2500.0,Rs./Quintal,FAQ
Chanderi APMC,43.0,Metric Tonnes,Wheat,2580.0,2600.0,2600.0,Rs./Quintal,FAQ
Dewas APMC,26.319000000000003,Metric Tonnes,Wheat,2480.0,2600.0,2510.0,Rs./Quintal,FAQ
Dhar APMC,2.2,Metric Tonnes,Lokwan,2700.0,2700.0,2700.0,Rs./Quintal,FAQ
Gadarwada APMC,21.35,Metric Tonnes,Mill Quality,2644.0,2655.0,2655.0,Rs./Quintal,Non-FAQ
Gohad APMC,22.5,Metric Tonnes,Wheat,2500.0,2620.0,2620.0,Rs./Quintal,FAQ
Gohad APMC,20.0,Metric Tonnes,Wheat,2500.0,2500.0,2500.0,Rs./Quintal,Non-FAQ
Hanumana APMC,33.800000000000004,Metric Tonnes,Mill Quality,2400.0,2500.0,2400.0,Rs./Quintal,FAQ
Kailaras APMC,70.09500000000001,Metric Tonnes,Wheat,2590.0,2612.0,2605.0,Rs./Quintal,FAQ
Karera APMC,35.74,Metric Tonnes,Wheat,2500.0,2530.0,2500.0,Rs./Quintal,FAQ
Katni APMC,2.8000000000000003,Metric Tonnes,Wheat,2500.0,2500.0,2500.0,Rs./Quintal,FAQ
Kukshi APMC,18.180000000000003,Metric Tonnes,Wheat,2751.0,2751.0,2751.0,Rs./Quintal,FAQ
Lahar APMC,58.550000000000004,Metric Tonnes,Wheat,2580.0,2650.0,2650.0,Rs./Quintal,FAQ
Lashkar APMC,7.5,Metric Tonnes,Wheat,2660.0,2675.0,2675.0,Rs./Quintal,FAQ
Morena APMC,2.658,Metric Tonnes,Wheat,2635.0,2643.0,2643.0,Rs./Quintal,Non-FAQ
Nagod APMC,57.620000000000005,Metric Tonnes,Mill Quality,2545.0,2580.0,2580.0,Rs./Quintal,FAQ
Nagod APMC,14.62,Metric Tonnes,Wheat,2560.0,2565.0,2565.0,Rs./Quintal,FAQ
Narsinghpur APMC,7.9,Metric Tonnes,Mill Quality,2500.0,2500.0,2500.0,Rs./Quintal,FAQ
Niwadi APMC,371.68800000000005,Metric Tonnes,Mill Quality,2600.0,2672.0,2650.0,Rs./Quintal,Non-FAQ
Satna APMC,27.534,Metric Tonnes,Wheat,2300.0,2500.0,2300.0,Rs./Quintal,FAQ
Satna APMC,4.0,Metric Tonnes,Wheat,2500.0,2500.0,2500.0,Rs./Quintal,Non-FAQ
Sevda APMC,16.3,Metric Tonnes,Mill Quality,2600.0,2630.0,2630.0,Rs./Quintal,Non-FAQ
Shahagarh APMC,3.5,Metric Tonnes,Wheat,2550.0,2550.0,2550.0,Rs./Quintal,Non-FAQ
Sidhi APMC,114.7,Metric Tonnes,Mill Quality,2350.0,2420.0,2400.0,Rs./Quintal,Non-FAQ
Singroli APMC,3.0,Metric Tonnes,Wheat,2300.0,2300.0,2300.0,Rs./Quintal,Non-FAQ
Umariya APMC,6.5,Metric Tonnes,Mill Quality,2401.0,2401.0,2401.0,Rs./Quintal,Non-FAQ
Umariya APMC,5.783,Metric Tonnes,Wheat,2400.0,2400.0,2400.0,Rs./Quintal,FAQ
Total,1386.3,Metric Tonnes,,,,2573.12,Rs./Quintal,
State/UT Name : Maharashtra
APMC Achalpur ,25.0,Metric Tonnes,Other,2585.0,2650.0,2600.0,Rs./Quintal,FAQ
APMC Ahmedpur ,7.5,Metric Tonnes,Other,2585.0,2610.0,2597.0,Rs./Quintal,FAQ
APMC Akhadabalapur ,4.5,Metric Tonnes,Maharashtra 2189,2600.0,2700.0,2650.0,Rs./Quintal,FAQ
APMC Akola ,41.4,Metric Tonnes,Other,2595.0,2710.0,2695.0,Rs./Quintal,FAQ
APMC Amalner ,17.0,Metric Tonnes,Other,2650.0,2668.0,2668.0,Rs./Quintal,FAQ
APMC Amarawati ,16.5,Metric Tonnes,Other,2585.0,2700.0,2642.0,Rs./Quintal,FAQ
APMC Ambad (Vadigodri) ,7.3,Metric Tonnes,Other,2585.0,2926.0,2585.0,Rs./Quintal,FAQ
APMC Ausa ,0.5,Metric Tonnes,Maharashtra 2189,2401.0,2500.0,2450.0,Rs./Quintal,Non-FAQ
APMC Beed ,1.8,Metric Tonnes,Other,2451.0,2510.0,2480.0,Rs./Quintal,Non-FAQ
APMC Bhokar ,0.1,Metric Tonnes,Other,2425.0,2425.0,2425.0,Rs./Quintal,Non-FAQ
APMC Chattrapati Sambhajinagar ,19.3,Metric Tonnes,Other,2670.0,3021.0,2846.0,Rs./Quintal,FAQ
APMC Chopda ,0.2,Metric Tonnes,Other,2600.0,2600.0,2600.0,Rs./Quintal,FAQ
APMC Chopda ,0.2,Metric Tonnes,Other,2441.0,2441.0,2441.0,Rs./Quintal,Non-FAQ
APMC Daryapur ,30.0,Metric Tonnes,Other,2585.0,2700.0,2625.0,Rs./Quintal,FAQ
APMC Deoulgaon Raja ,2.0,Metric Tonnes,Other,2651.0,2700.0,2651.0,Rs./Quintal,FAQ
APMC Deoulgaon Raja ,1.2,Metric Tonnes,Other,2100.0,2100.0,2100.0,Rs./Quintal,Non-FAQ
APMC Devala ,0.1,Metric Tonnes,Maharashtra 2189,2650.0,2925.0,2925.0,Rs./Quintal,FAQ
APMC Dhamngaon-Railway ,14.0,Metric Tonnes,Other,2400.0,2500.0,2450.0,Rs./Quintal,Non-FAQ
APMC Dharangaon ,1.5,Metric Tonnes,Other,2600.0,2660.0,2600.0,Rs./Quintal,FAQ
APMC Dhule ,23.3,Metric Tonnes,Other,2600.0,2801.0,2750.0,Rs./Quintal,FAQ
APMC Digras ,7.5,Metric Tonnes,Other,2745.0,2785.0,2765.0,Rs./Quintal,FAQ
APMC Dondaicha ,24.0,Metric Tonnes,Other,2600.0,2818.0,2790.0,Rs./Quintal,FAQ
APMC Dudhani ,0.4,Metric Tonnes,Maharashtra 2189,2675.0,2675.0,2675.0,Rs./Quintal,FAQ
APMC Gangakhed ,2.0,Metric Tonnes,Other,2700.0,2750.0,2700.0,Rs./Quintal,FAQ
APMC Gangapur ,1.3,Metric Tonnes,Other,2743.0,2755.0,2751.0,Rs./Quintal,FAQ
APMC Gevrai ,13.6,Metric Tonnes,Other,2600.0,2890.0,2745.0,Rs./Quintal,FAQ
APMC Hinganghat ,7.7,Metric Tonnes,Other,2585.0,2695.0,2635.0,Rs./Quintal,FAQ
APMC Hinganghat ,23.0,Metric Tonnes,Other,2540.0,2580.0,2560.0,Rs./Quintal,Non-FAQ
APMC Jafrabad,4.5,Metric Tonnes,Other,2200.0,2400.0,2300.0,Rs./Quintal,Non-FAQ
APMC Jalana ,155.4,Metric Tonnes,Other,2770.0,2850.0,2770.0,Rs./Quintal,FAQ
APMC Jalana ,1.6,Metric Tonnes,Other,2500.0,2500.0,2500.0,Rs./Quintal,Non-FAQ
APMC Kalyan ,0.3,Metric Tonnes,Sharbati,3200.0,3400.0,3300.0,Rs./Quintal,FAQ
APMC Kandhar ,0.9,Metric Tonnes,Other,2000.0,2420.0,2350.0,Rs./Quintal,Non-FAQ
APMC Kannad ,3.8,Metric Tonnes,Other,2721.0,2831.0,2776.0,Rs./Quintal,FAQ
APMC Karanja ,35.0,Metric Tonnes,Other,2745.0,2840.0,2800.0,Rs./Quintal,FAQ
APMC Karjat ,0.4,Metric Tonnes,Other,2800.0,2800.0,2800.0,Rs./Quintal,FAQ
APMC Karjat ,1.3,Metric Tonnes,Other,2200.0,2500.0,2300.0,Rs./Quintal,Non-FAQ
APMC Karmala ,1.8,Metric Tonnes,Other,2600.0,2700.0,2641.0,Rs./Quintal,FAQ
APMC Katol ,2.0,Metric Tonnes,Other,2650.0,2650.0,2650.0,Rs./Quintal,FAQ
APMC Khamgaon ,28.2,Metric Tonnes,Other,2585.0,2700.0,2642.0,Rs./Quintal,FAQ
APMC Kille Dharur ,0.6,Metric Tonnes,Other,2699.0,2791.0,2699.0,Rs./Quintal,FAQ
APMC Kille Dharur ,0.2,Metric Tonnes,Other,2300.0,2300.0,2300.0,Rs./Quintal,Non-FAQ
APMC Kopargaon ,10.7,Metric Tonnes,Other,2670.0,2800.0,2700.0,Rs./Quintal,FAQ
APMC Lasalgaon ,16.7,Metric Tonnes,Maharashtra 2189,2751.0,2835.0,2790.0,Rs./Quintal,FAQ
APMC Lonar ,25.0,Metric Tonnes,Other,2650.0,2710.0,2680.0,Rs./Quintal,FAQ
APMC Majalgaon ,17.5,Metric Tonnes,Other,2600.0,2800.0,2665.0,Rs./Quintal,FAQ
APMC Malkapur ,25.0,Metric Tonnes,Other,2665.0,2775.0,2700.0,Rs./Quintal,FAQ
APMC Mangrulpeer ,13.8,Metric Tonnes,Other,2585.0,2755.0,2625.0,Rs./Quintal,FAQ
APMC Manmad ,2.5,Metric Tonnes,Other,2650.0,2917.0,2690.0,Rs./Quintal,FAQ
APMC Manora ,2.8,Metric Tonnes,Other,2660.0,2680.0,2670.0,Rs./Quintal,FAQ
APMC Mantha ,13.7,Metric Tonnes,Other,2400.0,2580.0,2550.0,Rs./Quintal,Non-FAQ
APMC Mehekar ,2.0,Metric Tonnes,Other,2000.0,2580.0,2300.0,Rs./Quintal,Non-FAQ
APMC Mudkhed ,0.2,Metric Tonnes,Other,2320.0,2320.0,2320.0,Rs./Quintal,Non-FAQ
APMC Mumbai ,446.8,Metric Tonnes,Other,2900.0,5500.0,4200.0,Rs./Quintal,FAQ
APMC Murtizapur ,2.5,Metric Tonnes,Other,2590.0,2705.0,2650.0,Rs./Quintal,FAQ
APMC Nagpur ,40.0,Metric Tonnes,Sharbati,3200.0,3500.0,3425.0,Rs./Quintal,FAQ
APMC Nagpur ,27.7,Metric Tonnes,Other,2630.0,2756.0,2724.0,Rs./Quintal,FAQ
APMC Nandgaon ,2.4,Metric Tonnes,Maharashtra 2189,2718.0,2780.0,2718.0,Rs./Quintal,FAQ
APMC Nandgaon Khandeshwar ,0.8,Metric Tonnes,Other,2585.0,2635.0,2600.0,Rs./Quintal,FAQ
APMC Pachora ,4.5,Metric Tonnes,Other,2585.0,2700.0,2651.0,Rs./Quintal,FAQ
APMC Pachora ,5.5,Metric Tonnes,Other,2430.0,2580.0,2511.0,Rs./Quintal,Non-FAQ
APMC Paithan ,7.0,Metric Tonnes,Bansi,2590.0,2821.0,2720.0,Rs./Quintal,FAQ
APMC Parali Vaijyanath ,0.5,Metric Tonnes,Other,2600.0,2600.0,2600.0,Rs./Quintal,FAQ
APMC Parola ,3.1,Metric Tonnes,Kalyan,2100.0,2500.0,2100.0,Rs./Quintal,Non-FAQ
APMC Patur ,7.2,Metric Tonnes,Maharashtra 2189,2500.0,2500.0,2500.0,Rs./Quintal,Non-FAQ
APMC Rahuri ,0.7,Metric Tonnes,Other,2500.0,2550.0,2525.0,Rs./Quintal,Non-FAQ
APMC Savner ,1.1,Metric Tonnes,Other,2550.0,2550.0,2550.0,Rs./Quintal,Non-FAQ
APMC Shegaon ,0.3,Metric Tonnes,Other,2610.0,2650.0,2625.0,Rs./Quintal,FAQ
APMC Shevgaon ,11.5,Metric Tonnes,Maharashtra 2189,2600.0,2700.0,2600.0,Rs./Quintal,FAQ
APMC Sillod ,18.9,Metric Tonnes,Other,2590.0,2670.0,2600.0,Rs./Quintal,FAQ
APMC Sinner ,1.2,Metric Tonnes,Other,2685.0,2750.0,2710.0,Rs./Quintal,FAQ
APMC Solapur ,80.2,Metric Tonnes,Sharbati,2650.0,4195.0,3660.0,Rs./Quintal,FAQ
APMC Tadkalas ,0.3,Metric Tonnes,Other,2500.0,2500.0,2500.0,Rs./Quintal,Non-FAQ
APMC Tuljapur ,2.1,Metric Tonnes,Other,2400.0,2550.0,2530.0,Rs./Quintal,Non-FAQ
APMC Ulhasnagar ,61.0,Metric Tonnes,Other,3000.0,3400.0,3200.0,Rs./Quintal,FAQ
APMC Umarkhed ,12.0,Metric Tonnes,Other,2200.0,2350.0,2300.0,Rs./Quintal,Non-FAQ
APMC Vaijpur ,9.0,Metric Tonnes,Other,2685.0,2845.0,2750.0,Rs./Quintal,FAQ
APMC Vani ,0.6,Metric Tonnes,Other,2505.0,2505.0,2505.0,Rs./Quintal,Non-FAQ
APMC Wardha ,10.4,Metric Tonnes,Other,2675.0,2750.0,2700.0,Rs./Quintal,FAQ
APMC Washim ,30.0,Metric Tonnes,Maharashtra 2189,2590.0,2730.0,2650.0,Rs./Quintal,FAQ
APMC Washim ,30.0,Metric Tonnes,Maharashtra 2189,2420.0,2580.0,2450.0,Rs./Quintal,Non-FAQ
APMC Yavatmal ,7.0,Metric Tonnes,Other,2720.0,2760.0,2740.0,Rs./Quintal,FAQ
APMC Yeola ,2.8,Metric Tonnes,Maharashtra 2189,2751.0,2819.0,2751.0,Rs./Quintal,FAQ
Jalgaon Jamod(Aasalgaon) ,4.0,Metric Tonnes,Maharashtra 2189,2200.0,2400.0,2300.0,Rs./Quintal,Non-FAQ
Lasalgaon(Niphad) ,2.6,Metric Tonnes,Maharashtra 2189,2686.0,2735.0,2725.0,Rs./Quintal,FAQ
"Mahesh Krushi Utpanna Bazar, Digras, Dist Yeotmal",1.27,Metric Tonnes,Other,2675.0,2700.0,2691.0,Rs./Quintal,Local
"Omchatinya Multi State Agro Purpose Co-Op Society, Dist Ahilyanagar",0.13,Metric Tonnes,Other,2600.0,2600.0,2600.0,Rs./Quintal,Local
Rahuri(Vambori) ,2.6,Metric Tonnes,Other,2631.0,2775.0,2709.0,Rs./Quintal,FAQ
"Shekari Krushi Khajgi Bazar, Arni, Dist Yavatmal",0.88,Metric Tonnes,Other,2550.0,2650.0,2600.0,Rs./Quintal,Local
Shevgaon(Bodhegaon) ,0.3,Metric Tonnes,Maharashtra 2189,2600.0,2600.0,2600.0,Rs./Quintal,FAQ
Shrirampur(Belapur) ,2.1,Metric Tonnes,Other,2200.0,2300.0,2250.0,Rs./Quintal,Non-FAQ
Sindi (Selu),4.3,Metric Tonnes,Other,2400.0,2580.0,2500.0,Rs./Quintal,Non-FAQ
Umarked(Danki) ,10.0,Metric Tonnes,Other,2200.0,2350.0,2300.0,Rs./Quintal,Non-FAQ
Varud(Rajura Bazar) ,0.5,Metric Tonnes,Other,2640.0,2690.0,2680.0,Rs./Quintal,FAQ
Washim(Ansing) ,2.5,Metric Tonnes,Maharashtra 2189,2585.0,2600.0,2590.0,Rs./Quintal,FAQ
Washim(Ansing) ,1.5,Metric Tonnes,Maharashtra 2189,2450.0,2580.0,2500.0,Rs./Quintal,Non-FAQ
Total,1518.58,Metric Tonnes,,,,3209.97,Rs./Quintal,
State/UT Name : NCT of Delhi
APMC Najafgarh,23.0,Metric Tonnes,Farmi,2900.0,3030.0,2900.0,Rs./Quintal,FAQ
APMC Najafgarh,3.5,Metric Tonnes,Dara,2700.0,2705.0,2705.0,Rs./Quintal,FAQ
APMC Narela,5.300000000000001,Metric Tonnes,Mexican,2796.0,2819.0,2807.0,Rs./Quintal,FAQ
Total,31.8,Metric Tonnes,,,,2863.04,Rs./Quintal,
State/UT Name : Rajasthan
Anupgarh APMC,19.0,Metric Tonnes,Dara,2648.0,2648.0,2648.0,Rs./Quintal,Grade Range-1
Atru APMC,2.0,Metric Tonnes,Other,2647.0,2647.0,2647.0,Rs./Quintal,Local
Baran APMC,22.5,Metric Tonnes,Other,2560.0,2691.0,2651.0,Rs./Quintal,Local
Barisadri APMC,18.400000000000002,Metric Tonnes,Other,2650.0,2850.0,2730.0,Rs./Quintal,FAQ
Barodamev APMC,3.1,Metric Tonnes,Other,2600.0,2686.0,2673.0,Rs./Quintal,Non-FAQ
Bassi APMC,3.8000000000000003,Metric Tonnes,Other,2590.0,2630.0,2610.0,Rs./Quintal,Local
Begu APMC,34.0,Metric Tonnes,Other,2650.0,2650.0,2650.0,Rs./Quintal,Local
Bhadara APMC,1.5,Metric Tonnes,1482,2305.0,2640.0,2473.0,Rs./Quintal,Non-FAQ
Chomu Grain APMC,0.3,Metric Tonnes,Other,2650.0,2650.0,2650.0,Rs./Quintal,Local
Dholpur APMC,10.0,Metric Tonnes,Other,2450.0,2450.0,2450.0,Rs./Quintal,Local
Dooni APMC,3.5,Metric Tonnes,147 Average,2590.0,2609.0,2600.0,Rs./Quintal,Local
Gajsinghpur APMC,5.9,Metric Tonnes,Other,2400.0,2610.0,2400.0,Rs./Quintal,Local
Gharsana APMC,7.800000000000001,Metric Tonnes,Other,2625.0,2670.0,2665.0,Rs./Quintal,FAQ
Goluwala APMC,7.4,Metric Tonnes,Other,2581.0,2675.0,2674.0,Rs./Quintal,Non-FAQ
HanumangarhTown APMC,36.0,Metric Tonnes,Other,2630.0,2832.0,2730.0,Rs./Quintal,Non-FAQ
Iklera APMC,2.8000000000000003,Metric Tonnes,Other,2645.0,2645.0,2645.0,Rs./Quintal,Local
Itawa APMC,1.5,Metric Tonnes,Other,2725.0,2760.0,2737.0,Rs./Quintal,Local
Jaitsar APMC,8.0,Metric Tonnes,Other,2633.0,2800.0,2740.0,Rs./Quintal,FAQ
Jayal APMC,1.0,Metric Tonnes,Local,1800.0,2100.0,2000.0,Rs./Quintal,Grade Range-2
Kekri APMC,4.6000000000000005,Metric Tonnes,Other,2401.0,2651.0,2501.0,Rs./Quintal,Local
Khairthal APMC,6.1000000000000005,Metric Tonnes,Other,2550.0,2620.0,2600.0,Rs./Quintal,Non-FAQ
Kota APMC,433.5,Metric Tonnes,Local,2650.0,2650.0,2650.0,Rs./Quintal,Local
Laxmangarh - Barodamev  APMC,1.3,Metric Tonnes,Other,2610.0,2621.0,2615.0,Rs./Quintal,Non-FAQ
Nohar APMC,2.2,Metric Tonnes,Other,2663.0,2683.0,2670.0,Rs./Quintal,FAQ
Nokha APMC,3.0,Metric Tonnes,Other,2650.0,2650.0,2650.0,Rs./Quintal,Local
Osiyan Mathania APMC,2.7,Metric Tonnes,Local,2400.0,2600.0,2500.0,Rs./Quintal,Local
Padampur APMC,13.0,Metric Tonnes,Other,2620.0,2891.0,2650.0,Rs./Quintal,FAQ
Rawatsar APMC,37.5,Metric Tonnes,Other,2375.0,2697.0,2424.0,Rs./Quintal,FAQ
Sadulshahar APMC,6.0,Metric Tonnes,Other,2690.0,2700.0,2695.0,Rs./Quintal,FAQ
Sangriya APMC,5.0,Metric Tonnes,Other,2640.0,2658.0,2649.0,Rs./Quintal,Local
Sriganganagar (Grain) APMC,21.0,Metric Tonnes,Other,2705.0,2715.0,2706.0,Rs./Quintal,Local
Suratgarh APMC,4.3,Metric Tonnes,Other,2655.0,2657.0,2656.0,Rs./Quintal,FAQ
Total,728.7,Metric Tonnes,,,,2639.58,Rs./Quintal,
State/UT Name : Uttar Pradesh
Achalda APMC,25.65,Metric Tonnes,Dara,2400.0,2400.0,2400.0,Rs./Quintal,FAQ
Ajuha APMC,73.5,Metric Tonnes,Dara,2500.0,2600.0,2542.86,Rs./Quintal,FAQ
Akbarpur APMC,9.3,Metric Tonnes,Hybrid,2450.0,2450.0,2450.0,Rs./Quintal,FAQ
Akbarpur APMC,32.6,Metric Tonnes,Other,2600.0,2600.0,2600.0,Rs./Quintal,FAQ
Akbarpur APMC,321.85,Metric Tonnes,Dara,2450.0,2600.0,2454.19,Rs./Quintal,FAQ
Aliganj APMC,25.0,Metric Tonnes,Other,2510.0,2510.0,2510.0,Rs./Quintal,FAQ
Aliganj APMC,70.0,Metric Tonnes,Dara,2500.0,2500.0,2500.0,Rs./Quintal,FAQ
Aligarh APMC,25.2,Metric Tonnes,Dara,2500.0,2500.0,2500.0,Rs./Quintal,FAQ
Aligarh APMC,229.698,Metric Tonnes,Other,2560.0,2600.0,2578.23,Rs./Quintal,FAQ
Anandnagar APMC,5.2,Metric Tonnes,Dara,2400.0,2400.0,2400.0,Rs./Quintal,FAQ
Anwala APMC,41.3,Metric Tonnes,2329,2450.0,2450.0,2450.0,Rs./Quintal,FAQ
Anwala APMC,52.35,Metric Tonnes,Other,2500.0,2600.0,2564.76,Rs./Quintal,FAQ
Atarra APMC,25.73,Metric Tonnes,Other,2600.0,2600.0,2600.0,Rs./Quintal,FAQ
Atarra APMC,3.0,Metric Tonnes,Deshi,2450.0,2450.0,2450.0,Rs./Quintal,FAQ
Atarra APMC,11.03,Metric Tonnes,Dara,2450.0,2450.0,2450.0,Rs./Quintal,FAQ
Atrauli APMC,24.185,Metric Tonnes,Dara,2600.0,2600.0,2600.0,Rs./Quintal,FAQ
Auraiya APMC,97.31,Metric Tonnes,Other,2620.0,2620.0,2620.0,Rs./Quintal,FAQ
Auraiya APMC,6.525,Metric Tonnes,Sonalika,2620.0,2620.0,2620.0,Rs./Quintal,FAQ
Auraiya APMC,36.322,Metric Tonnes,Dara,2620.0,2620.0,2620.0,Rs./Quintal,FAQ
Auraiya APMC,70.645,Metric Tonnes,Medium,2625.0,2640.0,2634.61,Rs./Quintal,FAQ
Ayodhya APMC,34.7,Metric Tonnes,Dara Mill Quality,2500.0,2600.0,2596.54,Rs./Quintal,FAQ
Ayodhya APMC,3.0,Metric Tonnes,Other,2600.0,2600.0,2600.0,Rs./Quintal,FAQ
Ayodhya APMC,20.0,Metric Tonnes,Medium,2540.0,2540.0,2540.0,Rs./Quintal,FAQ
Ayodhya APMC,88.16,Metric Tonnes,Dara,2500.0,2532.0,2507.5,Rs./Quintal,FAQ
Azamgarh APMC,127.14,Metric Tonnes,Dara,2585.0,2600.0,2590.31,Rs./Quintal,FAQ
Azamgarh APMC,8.0,Metric Tonnes,Dara Mill Quality,2585.0,2585.0,2585.0,Rs./Quintal,FAQ
Babrala APMC,230.0,Metric Tonnes,Dara,2530.0,2550.0,2540.0,Rs./Quintal,Local
Bachranwa APMC,53.35,Metric Tonnes,Dara,2400.0,2500.0,2458.39,Rs./Quintal,FAQ
Badayoun APMC,138.589,Metric Tonnes,Other,2500.0,2500.0,2500.0,Rs./Quintal,FAQ
Badayoun APMC,28.41,Metric Tonnes,Dara,2500.0,2500.0,2500.0,Rs./Quintal,FAQ
Bahraich APMC,384.852,Metric Tonnes,Dara,2500.0,2500.0,2500.0,Rs./Quintal,FAQ
Bahraich APMC,63.8,Metric Tonnes,Hybrid,2550.0,2580.0,2564.87,Rs./Quintal,FAQ
Bahraich APMC,116.825,Metric Tonnes,Other,2500.0,2500.0,2500.0,Rs./Quintal,FAQ
Balrampur APMC,19.985,Metric Tonnes,Deshi,2750.0,2750.0,2750.0,Rs./Quintal,FAQ
Bangarmau APMC,18.53,Metric Tonnes,Other,2500.0,2500.0,2500.0,Rs./Quintal,FAQ
Bangarmau APMC,40.49,Metric Tonnes,Dara Mill Quality,2600.0,2600.0,2600.0,Rs./Quintal,FAQ
Bangarmau APMC,411.539,Metric Tonnes,Dara,2500.0,2610.0,2528.09,Rs./Quintal,FAQ
Bangarmau APMC,7.03,Metric Tonnes,Sharbati,2500.0,2500.0,2500.0,Rs./Quintal,FAQ
Bansi APMC,33.8,Metric Tonnes,Other,2500.0,2500.0,2500.0,Rs./Quintal,FAQ
Bansi APMC,42.0,Metric Tonnes,Dara,2500.0,2500.0,2500.0,Rs./Quintal,FAQ
Banthara APMC,32.04,Metric Tonnes,Other,2625.0,3400.0,2708.13,Rs./Quintal,FAQ
Banthara APMC,473.56,Metric Tonnes,Dara,2500.0,2830.0,2695.07,Rs./Quintal,FAQ
Barabanki APMC,12.0,Metric Tonnes,Other,2450.0,2450.0,2450.0,Rs./Quintal,FAQ
Barabanki APMC,155.483,Metric Tonnes,Dara,2450.0,2700.0,2639.51,Rs./Quintal,FAQ
Bareilly APMC,21.0,Metric Tonnes,Dara Mill Quality,2605.0,2610.0,2608.25,Rs./Quintal,FAQ
Bareilly APMC,43.3,Metric Tonnes,Dara,2600.0,2615.0,2602.29,Rs./Quintal,FAQ
Bareilly APMC,71.215,Metric Tonnes,Other,2600.0,2604.0,2600.81,Rs./Quintal,FAQ
Basti APMC,122.0,Metric Tonnes,Dara,2450.0,2560.0,2473.62,Rs./Quintal,FAQ
Basti APMC,36.4,Metric Tonnes,Other,2450.0,2450.0,2450.0,Rs./Quintal,FAQ
Basti APMC,26.33,Metric Tonnes,Medium,2450.0,2450.0,2450.0,Rs./Quintal,FAQ
Bewar APMC,21.5,Metric Tonnes,Dara,2500.0,2500.0,2500.0,Rs./Quintal,FAQ
Bharthna APMC,90.23,Metric Tonnes,Dara,2550.0,2590.0,2563.45,Rs./Quintal,FAQ
Bharthna APMC,20.96,Metric Tonnes,Other,2550.0,2555.0,2551.86,Rs./Quintal,FAQ
Bharuasumerpur APMC,101.9,Metric Tonnes,Medium,2580.0,2580.0,2580.0,Rs./Quintal,FAQ
Bharuasumerpur APMC,16.1,Metric Tonnes,Other,2580.0,2590.0,2584.69,Rs./Quintal,FAQ
Bharwari APMC,13.6,Metric Tonnes,Other,2500.0,2500.0,2500.0,Rs./Quintal,FAQ
Bharwari APMC,0.1,Metric Tonnes,Dara,2500.0,2500.0,2500.0,Rs./Quintal,FAQ
Bhehjoi APMC,100.6,Metric Tonnes,Other,2620.0,2660.0,2638.08,Rs./Quintal,FAQ
Bhehjoi APMC,33.4,Metric Tonnes,Mill Quality,2610.0,2625.0,2619.46,Rs./Quintal,FAQ
Bhinga APMC,28.0,Metric Tonnes,Dara,2500.0,2500.0,2500.0,Rs./Quintal,FAQ
Bindki APMC,52.945,Metric Tonnes,Dara Mill Quality,2500.0,2650.0,2546.75,Rs./Quintal,FAQ
Bindki APMC,349.421,Metric Tonnes,Dara,2400.0,2650.0,2456.22,Rs./Quintal,FAQ
Bindki APMC,397.105,Metric Tonnes,Other,2400.0,2640.0,2505.62,Rs./Quintal,FAQ
Buland Shahr APMC,51.995,Metric Tonnes,Dara,2600.0,2680.0,2661.54,Rs./Quintal,FAQ
Buland Shahr APMC,59.6,Metric Tonnes,Other,2600.0,2700.0,2659.4,Rs./Quintal,FAQ
Charkhari APMC,35.0,Metric Tonnes,Other,2600.0,2600.0,2600.0,Rs./Quintal,FAQ
Charra APMC,55.573,Metric Tonnes,Dara,2500.0,2650.0,2573.62,Rs./Quintal,FAQ
Charra APMC,60.0,Metric Tonnes,Medium,2500.0,2500.0,2500.0,Rs./Quintal,FAQ
Chirgaon APMC,36.4,Metric Tonnes,Other,2400.0,2430.0,2412.42,Rs./Quintal,FAQ
Colonelganj APMC,27.5,Metric Tonnes,Dara,2750.0,2750.0,2750.0,Rs./Quintal,FAQ
Dataganj APMC,42.445,Metric Tonnes,Dara,2500.0,2500.0,2500.0,Rs./Quintal,FAQ
Devariya APMC,30.305,Metric Tonnes,Dara,2450.0,2723.21,2546.81,Rs./Quintal,FAQ
Devariya APMC,13.554,Metric Tonnes,White,2750.0,2770.0,2760.4,Rs./Quintal,FAQ
Devariya APMC,2.74,Metric Tonnes,Sonalika,2752.19,2752.19,2752.19,Rs./Quintal,FAQ
Devariya APMC,6.36,Metric Tonnes,Hybrid,2726.1,2726.1,2726.1,Rs./Quintal,FAQ
Devariya APMC,2.855,Metric Tonnes,Sharbati,2753.42,2753.42,2753.42,Rs./Quintal,FAQ
Dibiapur APMC,135.69,Metric Tonnes,Dara,2400.0,2650.0,2484.42,Rs./Quintal,FAQ
Dibiapur APMC,3.0,Metric Tonnes,Other,2500.0,2500.0,2500.0,Rs./Quintal,FAQ
Dibiapur APMC,21.7,Metric Tonnes,Hybrid,2650.0,2650.0,2650.0,Rs./Quintal,FAQ
Etah APMC,24.8,Metric Tonnes,Other,2500.0,2500.0,2500.0,Rs./Quintal,FAQ
Etah APMC,270.0,Metric Tonnes,Dara,2500.0,2500.0,2500.0,Rs./Quintal,FAQ
Etawah APMC,11.29,Metric Tonnes,Medium,2425.0,2425.0,2425.0,Rs./Quintal,FAQ
Etawah APMC,17.688,Metric Tonnes,Other,2645.0,2645.0,2645.0,Rs./Quintal,FAQ
Fatehpur APMC,93.323,Metric Tonnes,Other,2510.0,2550.0,2536.39,Rs./Quintal,FAQ
Fatehpur APMC,48.51,Metric Tonnes,Dara,2500.0,2580.0,2559.8,Rs./Quintal,FAQ
Firozabad APMC,0.8,Metric Tonnes,Hybrid,2715.0,2715.0,2715.0,Rs./Quintal,FAQ
Firozabad APMC,4.0,Metric Tonnes,Dara,2700.0,2700.0,2700.0,Rs./Quintal,FAQ
Ganj Dundwara APMC,54.665,Metric Tonnes,Dara,2500.0,2500.0,2500.0,Rs./Quintal,FAQ
Golagokarnath APMC,57.5,Metric Tonnes,Dara,2500.0,2670.0,2600.47,Rs./Quintal,FAQ
Golagokarnath APMC,51.895,Metric Tonnes,Other,2475.0,2500.0,2483.03,Rs./Quintal,FAQ
Gonda APMC,38.1,Metric Tonnes,Dara,2500.0,2500.0,2500.0,Rs./Quintal,FAQ
Gonda APMC,15.53,Metric Tonnes,Dara Mill Quality,2800.0,2800.0,2800.0,Rs./Quintal,FAQ
Gorakhpur APMC,10.0,Metric Tonnes,Dara Mill Quality,2500.0,2500.0,2500.0,Rs./Quintal,FAQ
Gorakhpur APMC,133.85,Metric Tonnes,Dara,2500.0,2720.0,2669.94,Rs./Quintal,FAQ
Haathras APMC,20.672,Metric Tonnes,Medium,2500.0,2505.0,2502.6,Rs./Quintal,FAQ
Hardoi APMC,30.0,Metric Tonnes,Other,2550.0,2550.0,2550.0,Rs./Quintal,FAQ
Hardoi APMC,332.84,Metric Tonnes,Dara,2550.0,2565.0,2555.51,Rs./Quintal,FAQ
Hargaon (Laharpur) APMC,6.0,Metric Tonnes,Dara,2580.0,2580.0,2580.0,Rs./Quintal,FAQ
Jafarganj APMC,69.7,Metric Tonnes,Dara,2350.0,2575.0,2370.06,Rs./Quintal,FAQ
Jagnair APMC,37.0,Metric Tonnes,Medium,2500.0,2500.0,2500.0,Rs./Quintal,FAQ
Jahanabad APMC,19.3,Metric Tonnes,Dara,2500.0,2580.0,2533.89,Rs./Quintal,FAQ
Jahanabad APMC,42.6,Metric Tonnes,Dara Mill Quality,2490.0,2500.0,2492.44,Rs./Quintal,FAQ
Jalaun APMC,22.7,Metric Tonnes,Mill Quality,2600.0,2600.0,2600.0,Rs./Quintal,FAQ
Jangipura APMC,48.2,Metric Tonnes,Other,2450.0,2450.0,2450.0,Rs./Quintal,FAQ
Jangipura APMC,15.0,Metric Tonnes,Dara,2450.0,2450.0,2450.0,Rs./Quintal,FAQ
Jasra APMC,20.8098,Metric Tonnes,Dara,2400.0,2400.0,2400.0,Rs./Quintal,FAQ
Jaunpur APMC,13.265,Metric Tonnes,Dara Mill Quality,2658.0,2708.0,2694.77,Rs./Quintal,FAQ
Jayas APMC,270.652,Metric Tonnes,Dara,2400.0,2680.0,2514.88,Rs./Quintal,FAQ
Jhansi APMC,29.8,Metric Tonnes,Other,2350.0,2352.0,2351.0,Rs./Quintal,FAQ
Jhansi APMC,34.4,Metric Tonnes,Mill Quality,2351.0,2352.0,2351.2,Rs./Quintal,FAQ
Jhijhank APMC,29.9,Metric Tonnes,Hybrid,2640.0,2650.0,2644.93,Rs./Quintal,FAQ
Jhijhank APMC,206.485,Metric Tonnes,Dara,2350.0,2650.0,2527.77,Rs./Quintal,FAQ
Jhijhank APMC,29.63,Metric Tonnes,Other,2600.0,2600.0,2600.0,Rs./Quintal,FAQ
Jhijhank APMC,23.07,Metric Tonnes,Dara Mill Quality,2350.0,2600.0,2457.28,Rs./Quintal,FAQ
Kadaura APMC,17.1,Metric Tonnes,Other,2350.0,2350.0,2350.0,Rs./Quintal,FAQ
Kadaura APMC,9.9,Metric Tonnes,Deshi,2350.0,2350.0,2350.0,Rs./Quintal,FAQ
Kalpi APMC,30.4,Metric Tonnes,Dara,2300.0,2500.0,2434.21,Rs./Quintal,FAQ
Kannauj APMC,36.17,Metric Tonnes,Dara,2500.0,2560.0,2550.05,Rs./Quintal,FAQ
Kanpur(Grain) APMC,22.83,Metric Tonnes,Hybrid,2680.0,2680.0,2680.0,Rs./Quintal,FAQ
Kanpur(Grain) APMC,96.96,Metric Tonnes,Other,2580.0,2650.0,2610.62,Rs./Quintal,FAQ
Kanpur(Grain) APMC,333.196,Metric Tonnes,Dara,2360.0,2750.0,2714.27,Rs./Quintal,FAQ
Kanpur(Grain) APMC,11.4,Metric Tonnes,Dara Mill Quality,2360.0,2360.0,2360.0,Rs./Quintal,FAQ
Kanpur(Grain) APMC,23.2,Metric Tonnes,Medium,2360.0,2600.0,2428.28,Rs./Quintal,FAQ
Karvi APMC,55.5,Metric Tonnes,Dara,2300.0,2580.0,2552.32,Rs./Quintal,FAQ
Karvi APMC,25.345,Metric Tonnes,Dara Mill Quality,2550.0,2550.0,2550.0,Rs./Quintal,FAQ
Kasganj APMC,15.0,Metric Tonnes,Other,2500.0,2500.0,2500.0,Rs./Quintal,FAQ
Kasganj APMC,4.0,Metric Tonnes,Bansi,2605.0,2605.0,2605.0,Rs./Quintal,FAQ
Kasganj APMC,2.0,Metric Tonnes,PBW-343,2560.0,2560.0,2560.0,Rs./Quintal,FAQ
Kasganj APMC,2.0,Metric Tonnes,Super Fine,2640.0,2640.0,2640.0,Rs./Quintal,FAQ
Kasganj APMC,22.5,Metric Tonnes,Medium,2540.0,2670.0,2571.11,Rs./Quintal,FAQ
Kasganj APMC,24.008,Metric Tonnes,Dara Mill Quality,2659.41,2661.0,2660.52,Rs./Quintal,FAQ
Kasganj APMC,135.225,Metric Tonnes,Dara,2500.0,2670.0,2575.21,Rs./Quintal,FAQ
Khair APMC,68.74,Metric Tonnes,Dara,2600.0,2694.0,2640.76,Rs./Quintal,FAQ
Khairagarh APMC,2.5,Metric Tonnes,Dara,2550.0,2600.0,2575.0,Rs./Quintal,FAQ
Khalilabad APMC,32.8,Metric Tonnes,Other,2530.0,2530.0,2530.0,Rs./Quintal,FAQ
Khalilabad APMC,144.44,Metric Tonnes,Dara,2530.0,2730.0,2617.33,Rs./Quintal,FAQ
Khekda APMC,4.364,Metric Tonnes,Mill Quality,2600.0,2600.0,2600.0,Rs./Quintal,FAQ
Khurja APMC,46.2,Metric Tonnes,Other,2600.0,2605.0,2601.32,Rs./Quintal,FAQ
Konch APMC,31.755,Metric Tonnes,Dara,2500.0,2500.0,2500.0,Rs./Quintal,FAQ
Konch APMC,41.4,Metric Tonnes,Other,2561.0,2561.0,2561.0,Rs./Quintal,FAQ
Kopaganj APMC,38.4,Metric Tonnes,Dara,2585.0,2650.0,2641.17,Rs./Quintal,FAQ
Kosikalan APMC,25.0,Metric Tonnes,Dara,2700.0,2700.0,2700.0,Rs./Quintal,FAQ
Kurara APMC,38.8,Metric Tonnes,Dara,2500.0,2500.0,2500.0,Rs./Quintal,FAQ
Kurara APMC,30.5,Metric Tonnes,Other,2400.0,2500.0,2427.87,Rs./Quintal,FAQ
Lakhimpur APMC,107.385,Metric Tonnes,Dara,2450.0,2480.0,2472.84,Rs./Quintal,FAQ
Lalganj APMC,71.86,Metric Tonnes,Dara,2400.0,2650.0,2599.37,Rs./Quintal,FAQ
Lalitpur APMC,112.6,Metric Tonnes,Other,2350.0,2590.0,2441.0,Rs./Quintal,FAQ
Lalitpur APMC,535.9,Metric Tonnes,Mill Quality,2350.0,2381.0,2358.3,Rs./Quintal,FAQ
Lalitpur APMC,4.9,Metric Tonnes,Medium Fine,2352.0,2352.0,2352.0,Rs./Quintal,FAQ
Lalitpur APMC,329.8,Metric Tonnes,Dara Mill Quality,2350.0,2640.0,2517.33,Rs./Quintal,FAQ
Lalitpur APMC,52.25,Metric Tonnes,Medium,2350.0,2600.0,2505.51,Rs./Quintal,FAQ
Lalitpur APMC,509.26,Metric Tonnes,Dara,2350.0,2350.0,2350.0,Rs./Quintal,FAQ
Lalitpur APMC,62.0,Metric Tonnes,Deshi,2350.0,2355.0,2350.63,Rs./Quintal,FAQ
Lucknow APMC,8.095,Metric Tonnes,Dara,2500.0,2500.0,2500.0,Rs./Quintal,FAQ
Lucknow APMC,307.6,Metric Tonnes,Medium,2690.0,2690.0,2690.0,Rs./Quintal,FAQ
Lucknow APMC,1.5,Metric Tonnes,Medium Fine,2690.0,2690.0,2690.0,Rs./Quintal,FAQ
Madhoganj APMC,60.44,Metric Tonnes,Dara,2500.0,2500.0,2500.0,Rs./Quintal,FAQ
Madhogarh APMC,100.0,Metric Tonnes,Dara,2550.0,2550.0,2550.0,Rs./Quintal,FAQ
Madhogarh APMC,24.55,Metric Tonnes,Local,2550.0,2550.0,2550.0,Rs./Quintal,FAQ
Maigalganj APMC,15.0,Metric Tonnes,Other,2550.0,2550.0,2550.0,Rs./Quintal,FAQ
Mainpuri APMC,15.0,Metric Tonnes,Other,2601.0,2601.0,2601.0,Rs./Quintal,FAQ
Manjhanpur APMC,60.55,Metric Tonnes,Other,2400.0,2400.0,2400.0,Rs./Quintal,FAQ
Mathura APMC,14.11,Metric Tonnes,Dara,2501.0,2601.0,2518.79,Rs./Quintal,FAQ
Mathura APMC,2.5,Metric Tonnes,Medium Fine,2450.0,2451.0,2450.48,Rs./Quintal,FAQ
Mau(Chitrakut) APMC,41.4,Metric Tonnes,Dara,2400.0,2400.0,2400.0,Rs./Quintal,FAQ
Mau(Chitrakut) APMC,29.0,Metric Tonnes,Deshi,2300.0,2300.0,2300.0,Rs./Quintal,FAQ
Mau(Chitrakut) APMC,72.65,Metric Tonnes,Other,2300.0,2650.0,2424.76,Rs./Quintal,FAQ
Maudaha APMC,41.48,Metric Tonnes,Other,2330.0,2600.0,2404.73,Rs./Quintal,FAQ
Mauranipur APMC,26.0,Metric Tonnes,Medium,2400.0,2400.0,2400.0,Rs./Quintal,FAQ
Mauranipur APMC,36.724,Metric Tonnes,Other,2400.0,2575.0,2517.09,Rs./Quintal,FAQ
Meeranpur Katra APMC,0.9,Metric Tonnes,Other,2490.0,2490.0,2490.0,Rs./Quintal,FAQ
Mehrauni APMC,21.9,Metric Tonnes,Dara,2300.0,2610.0,2367.95,Rs./Quintal,FAQ
Mehrauni APMC,115.36,Metric Tonnes,Other,2305.0,2450.0,2390.92,Rs./Quintal,FAQ
Mihipurwa APMC,60.0,Metric Tonnes,Dara,2450.0,2450.0,2450.0,Rs./Quintal,FAQ
Milak APMC,29.0,Metric Tonnes,Other,2500.0,2505.0,2501.9,Rs./Quintal,FAQ
Mirzapur APMC,20.0,Metric Tonnes,Dara,2500.0,2500.0,2500.0,Rs./Quintal,FAQ
Mishrit APMC,0.3,Metric Tonnes,Dara,2500.0,2500.0,2500.0,Rs./Quintal,FAQ
Mohammdi APMC,12.0,Metric Tonnes,Dara,2400.0,2400.0,2400.0,Rs./Quintal,FAQ
Moth APMC,18.0,Metric Tonnes,Dara,2600.0,2610.0,2604.58,Rs./Quintal,FAQ
Moth APMC,81.6,Metric Tonnes,Deshi,2600.0,2630.0,2603.65,Rs./Quintal,FAQ
Mugrabaadshahpur APMC,10.4,Metric Tonnes,Medium,2425.0,2425.0,2425.0,Rs./Quintal,FAQ
Muskara APMC,31.4,Metric Tonnes,Other,2350.0,2350.0,2350.0,Rs./Quintal,FAQ
Naugarh APMC,153.34,Metric Tonnes,Dara,2500.0,2625.0,2515.59,Rs./Quintal,FAQ
Nautnava APMC,34.3,Metric Tonnes,Dara,2400.0,2400.0,2400.0,Rs./Quintal,FAQ
Nawabganj APMC,6.5,Metric Tonnes,Super Fine,2500.0,2500.0,2500.0,Rs./Quintal,FAQ
Orai APMC,13.0,Metric Tonnes,Other,2650.0,2650.0,2650.0,Rs./Quintal,FAQ
Paliakala APMC,3.0,Metric Tonnes,Dara,2400.0,2400.0,2400.0,Rs./Quintal,FAQ
Partaval APMC,8.0,Metric Tonnes,Dara,2400.0,2400.0,2400.0,Rs./Quintal,FAQ
Payagpur APMC,30.0,Metric Tonnes,Dara,2650.0,2650.0,2650.0,Rs./Quintal,FAQ
Payagpur APMC,5.0,Metric Tonnes,Other,2600.0,2600.0,2600.0,Rs./Quintal,FAQ
Pilibhit APMC,19.92,Metric Tonnes,Dara,2626.0,2632.0,2630.48,Rs./Quintal,FAQ
Powayan APMC,61.96,Metric Tonnes,Dara,2450.0,2620.0,2593.03,Rs./Quintal,FAQ
Pratapgarh APMC,36.0,Metric Tonnes,Wheat-Organic,2550.0,2550.0,2550.0,Rs./Quintal,FAQ
Pratapgarh APMC,203.5,Metric Tonnes,Dara,2400.0,2500.0,2401.23,Rs./Quintal,FAQ
Prayagraj APMC,46.9,Metric Tonnes,Dara,2250.0,2500.0,2301.6,Rs./Quintal,FAQ
Prayagraj APMC,7.5,Metric Tonnes,Other,2600.0,2600.0,2600.0,Rs./Quintal,FAQ
Prayagraj APMC,69.8,Metric Tonnes,Deshi,2250.0,2250.0,2250.0,Rs./Quintal,FAQ
Pukharayan APMC,26.0,Metric Tonnes,Medium,2475.0,2550.0,2528.85,Rs./Quintal,FAQ
Pukharayan APMC,73.77,Metric Tonnes,Dara,2450.0,2560.0,2495.35,Rs./Quintal,FAQ
Puranpur APMC,86.705,Metric Tonnes,Other,2600.0,2600.0,2600.0,Rs./Quintal,FAQ
Puranpur APMC,13.465,Metric Tonnes,Dara,2600.0,2600.0,2600.0,Rs./Quintal,FAQ
Purwa APMC,155.051,Metric Tonnes,Dara,2450.0,2550.0,2470.73,Rs./Quintal,FAQ
Raath APMC,24.0,Metric Tonnes,Other,2400.0,2400.0,2400.0,Rs./Quintal,FAQ
Raath APMC,62.555,Metric Tonnes,Deshi,2400.0,2400.0,2400.0,Rs./Quintal,FAQ
Raath APMC,53.1498,Metric Tonnes,Medium,2500.0,2550.0,2520.91,Rs./Quintal,FAQ
Raibareilly APMC,37.044,Metric Tonnes,Dara,2400.0,2550.0,2515.92,Rs./Quintal,FAQ
Raibareilly APMC,32.55,Metric Tonnes,Dara Mill Quality,2580.0,2580.0,2580.0,Rs./Quintal,FAQ
Robertsganj APMC,24.0,Metric Tonnes,Dara Mill Quality,2500.0,2550.0,2525.0,Rs./Quintal,FAQ
Rudauli APMC,120.66,Metric Tonnes,Dara,2475.0,2743.0,2584.38,Rs./Quintal,FAQ
Rura APMC,29.615,Metric Tonnes,Medium,2500.0,2600.0,2538.81,Rs./Quintal,FAQ
Rura APMC,23.628,Metric Tonnes,Dara Mill Quality,2650.0,2650.0,2650.0,Rs./Quintal,FAQ
Rura APMC,9.5,Metric Tonnes,Hybrid,2500.0,2500.0,2500.0,Rs./Quintal,FAQ
Rura APMC,93.975,Metric Tonnes,Dara,2500.0,2690.0,2583.35,Rs./Quintal,FAQ
Rura APMC,7.3,Metric Tonnes,Mill Quality,2500.0,2550.0,2526.03,Rs./Quintal,FAQ
Rura APMC,45.8,Metric Tonnes,Other,2500.0,2700.0,2598.25,Rs./Quintal,FAQ
Safdarganj APMC,184.2,Metric Tonnes,Dara,2450.0,2850.0,2479.63,Rs./Quintal,FAQ
Safdarganj APMC,21.418,Metric Tonnes,Other,2450.0,2450.0,2450.0,Rs./Quintal,FAQ
Sahiyapur APMC,41.2,Metric Tonnes,Medium,2430.0,2430.0,2430.0,Rs./Quintal,FAQ
Sahiyapur APMC,30.0,Metric Tonnes,Dara,2430.0,2430.0,2430.0,Rs./Quintal,FAQ
Salon APMC,12.865,Metric Tonnes,Medium,2500.0,2500.0,2500.0,Rs./Quintal,FAQ
Salon APMC,3.58,Metric Tonnes,Dara,2600.0,2600.0,2600.0,Rs./Quintal,FAQ
Sandi APMC,22.0,Metric Tonnes,Medium,2450.0,2450.0,2450.0,Rs./Quintal,FAQ
Sandila APMC,206.758,Metric Tonnes,Dara,2450.0,2750.0,2473.82,Rs./Quintal,FAQ
Sandila APMC,6.8,Metric Tonnes,Dara Mill Quality,2450.0,2450.0,2450.0,Rs./Quintal,FAQ
Sehjanwa APMC,104.09,Metric Tonnes,Deshi,2470.0,2520.0,2492.92,Rs./Quintal,FAQ
Sehjanwa APMC,135.679,Metric Tonnes,Dara,2420.0,2799.0,2729.23,Rs./Quintal,FAQ
Shahabad APMC,26.5,Metric Tonnes,Dara,2585.0,2590.0,2586.04,Rs./Quintal,FAQ
Shahabad(New Mandi) APMC,46.0,Metric Tonnes,Dara,2450.0,2450.0,2450.0,Rs./Quintal,FAQ
Shahaswan APMC,42.53,Metric Tonnes,Other,2550.0,2620.0,2582.92,Rs./Quintal,FAQ
Shahganj APMC,208.11,Metric Tonnes,Dara,2400.0,2700.0,2556.28,Rs./Quintal,FAQ
Shahganj APMC,26.19,Metric Tonnes,Red,2400.0,2400.0,2400.0,Rs./Quintal,FAQ
Shahjahanpur APMC,72.39,Metric Tonnes,Other,2600.0,2630.0,2605.42,Rs./Quintal,FAQ
Shahjahanpur APMC,242.085,Metric Tonnes,Dara,2475.0,2720.0,2546.87,Rs./Quintal,FAQ
Shamli APMC,4.535,Metric Tonnes,Dara,2600.0,2600.0,2600.0,Rs./Quintal,FAQ
Shikohabad APMC,3.2,Metric Tonnes,Other,2500.0,2500.0,2500.0,Rs./Quintal,FAQ
Shohratgarh APMC,26.6,Metric Tonnes,Dara,2450.0,2450.0,2450.0,Rs./Quintal,FAQ
Sidhauli APMC,18.1,Metric Tonnes,Dara,2400.0,2400.0,2400.0,Rs./Quintal,FAQ
Sikarpur APMC,26.157,Metric Tonnes,Dara,2750.0,2750.0,2750.0,Rs./Quintal,FAQ
Sitapur APMC,96.0,Metric Tonnes,Medium,2480.0,2500.0,2492.92,Rs./Quintal,FAQ
Sitapur APMC,29.975,Metric Tonnes,Dara Mill Quality,2450.0,2450.0,2450.0,Rs./Quintal,FAQ
Sitapur APMC,17.6,Metric Tonnes,Dara,2650.0,2650.0,2650.0,Rs./Quintal,FAQ
Sultanpur APMC,63.255,Metric Tonnes,Dara,2450.0,2450.0,2450.0,Rs./Quintal,FAQ
Sultanpur APMC,16.7,Metric Tonnes,Deshi,2451.0,2453.0,2452.2,Rs./Quintal,FAQ
Sultanpur APMC,62.0,Metric Tonnes,Other,2700.0,2700.0,2700.0,Rs./Quintal,FAQ
Tanda Akbarpur APMC,40.8,Metric Tonnes,Dara,2450.0,2450.0,2450.0,Rs./Quintal,FAQ
Thanabhawan APMC,2.9,Metric Tonnes,Dara,2550.0,2550.0,2550.0,Rs./Quintal,FAQ
Tikonia APMC,20.0,Metric Tonnes,Dara,2400.0,2400.0,2400.0,Rs./Quintal,FAQ
Tundla APMC,9.514,Metric Tonnes,Local,2725.0,2730.0,2727.89,Rs./Quintal,FAQ
Ujhani APMC,34.116,Metric Tonnes,Other,2650.0,2650.0,2650.0,Rs./Quintal,FAQ
Unnao APMC,26.2,Metric Tonnes,Dara,2560.0,2560.0,2560.0,Rs./Quintal,FAQ
Unnao APMC,47.845,Metric Tonnes,Dara Mill Quality,2550.0,2550.0,2550.0,Rs./Quintal,FAQ
Unnao APMC,141.5,Metric Tonnes,Other,2585.0,2585.0,2585.0,Rs./Quintal,FAQ
Utraula APMC,31.0,Metric Tonnes,Dara,2500.0,2500.0,2500.0,Rs./Quintal,FAQ
Utraula APMC,27.3,Metric Tonnes,Other,2405.0,2405.0,2405.0,Rs./Quintal,FAQ
Viswan APMC,20.0,Metric Tonnes,Dara,2650.0,2650.02,2650.0,Rs./Quintal,FAQ
Total,16224.7,Metric Tonnes,,,,2526.01,Rs./Quintal,
State/UT Name : Uttarakhand
Lakshar APMC,2.2,Metric Tonnes,Other,2585.0,2600.0,2600.0,Rs./Quintal,Local
Total,2.2,Metric Tonnes,,,,2600.0,Rs./Quintal,
State/UT Name : West Bengal
Asansol APMC,5.0,Metric Tonnes,Kalyan,2600.0,2825.0,2700.0,Rs./Quintal,FAQ
Beldanga APMC,2.0,Metric Tonnes,Other,2450.0,2650.0,2550.0,Rs./Quintal,FAQ
Bishnupur(Bankura) APMC,0.21000000000000002,Metric Tonnes,Sonalika,2600.0,2800.0,2700.0,Rs./Quintal,FAQ
Durgapur APMC,5.0,Metric Tonnes,Kalyan,2600.0,2800.0,2725.0,Rs./Quintal,FAQ
Jangipur APMC,13.75,Metric Tonnes,Deshi,2550.0,2650.0,2600.0,Rs./Quintal,FAQ
Karimpur APMC,7.7,Metric Tonnes,Local,2700.0,2900.0,2800.0,Rs./Quintal,Grade Range-1
Kasimbazar APMC,2.0,Metric Tonnes,Sonalika,2700.0,2800.0,2750.0,Rs./Quintal,FAQ
Khatra APMC,0.22999999999999998,Metric Tonnes,Sonalika,2600.0,2800.0,2700.0,Rs./Quintal,FAQ
Total,35.89,Metric Tonnes,,,,2681.05,Rs./Quintal,
Grand Total,20092.87,Metric Tonnes,,,,2590.41,Rs./Quintal,
Commodity Group Name : Pulses
Bengal Gram Dal(Chana Dal)
State/UT Name : Karnataka
Bengaluru APMC,66.0,Metric Tonnes,Bengal Gram Dal,7000.0,8500.0,7750.0,Rs./Quintal,Medium
Gadag APMC,2.1,Metric Tonnes,Bengal Gram Dal,7850.0,7850.0,7850.0,Rs./Quintal,Medium
Total,68.1,Metric Tonnes,,,,7753.08,Rs./Quintal,
State/UT Name : Maharashtra
APMC Mumbai ,110.6,Metric Tonnes,Other,7100.0,8500.0,7900.0,Rs./Quintal,Local
Total,110.6,Metric Tonnes,,,,7900.0,Rs./Quintal,
State/UT Name : Uttar Pradesh
Ghaziabad APMC,0.516,Metric Tonnes,Other,9672.39,9672.39,9672.39,Rs./Quintal,FAQ
Gorakhpur APMC,31.02,Metric Tonnes,Other,7500.0,7500.0,7500.0,Rs./Quintal,FAQ
Muradabad APMC,2.4,Metric Tonnes,Other,7410.0,7410.0,7410.0,Rs./Quintal,FAQ
Saharanpur APMC,3.0,Metric Tonnes,Other,7200.0,7200.0,7200.0,Rs./Quintal,FAQ
Total,36.94,Metric Tonnes,,,,7500.13,Rs./Quintal,
Grand Total,215.64,Metric Tonnes,,,,7785.1,Rs./Quintal,
Red gram/Arhar/Tur(whole) (MSP: Rs. 8450.00/Quintal)
State/UT Name : Andhra Pradesh
Kanigiri APMC,0.1,Metric Tonnes,(Whole),8600.0,8800.0,8700.0,Rs./Quintal,Local
Podili APMC,0.1,Metric Tonnes,Arhar (Whole),8000.0,8200.0,8100.0,Rs./Quintal,FAQ
Tadipatri APMC,0.1,Metric Tonnes,Local,5750.0,5900.0,5850.0,Rs./Quintal,Grade Range-1
Total,0.3,Metric Tonnes,,,,7550.0,Rs./Quintal,
State/UT Name : Karnataka
APMC Hubballi,0.2,Metric Tonnes,Arhar (Whole),3759.0,3759.0,3759.0,Rs./Quintal,Local
Basava Kalayana APMC,1.6,Metric Tonnes,Arhar (Whole),8000.0,8511.0,8300.0,Rs./Quintal,FAQ
Bidar APMC,1.9000000000000001,Metric Tonnes,Arhar (Whole),4900.0,6111.0,5426.0,Rs./Quintal,Non-FAQ
Chincholi APMC,55.0,Metric Tonnes,Arhar (Whole),8100.0,8600.0,8300.0,Rs./Quintal,Non-FAQ
Chittapur APMC,63.5,Metric Tonnes,Arhar Dal(Tur),7100.0,8600.0,8300.0,Rs./Quintal,Non-FAQ
Gadag APMC,2.0,Metric Tonnes,Arhar (Whole),9201.0,9201.0,9201.0,Rs./Quintal,FAQ
Humanabad APMC,5.0,Metric Tonnes,Arhar (Whole),6000.0,8400.0,7300.0,Rs./Quintal,FAQ
Hungund APMC,22.0,Metric Tonnes,Arhar (Whole),7900.0,7900.0,7900.0,Rs./Quintal,FAQ
Jevargi APMC,3.0,Metric Tonnes,Arhar (Whole),8500.0,8500.0,8500.0,Rs./Quintal,FAQ
Laxmeshwar APMC,1.2000000000000002,Metric Tonnes,Arhar (Whole),4885.0,5065.0,4930.0,Rs./Quintal,Non-FAQ
Lingasugur APMC,183.60000000000002,Metric Tonnes,Arhar (Whole),7300.0,8400.0,8100.0,Rs./Quintal,Non-FAQ
Raichur APMC,1.7000000000000002,Metric Tonnes,Red,6559.0,7989.0,7759.0,Rs./Quintal,Grade Range-1
Talikot APMC,18.400000000000002,Metric Tonnes,Arhar (Whole),7500.0,8300.0,8058.0,Rs./Quintal,FAQ
Vijayapura APMC,28.5,Metric Tonnes,Arhar (Whole),7597.0,8300.0,8250.0,Rs./Quintal,Local
Yadgir APMC,22.1,Metric Tonnes,Red,7999.0,8422.0,8195.0,Rs./Quintal,FAQ
sedam,51.300000000000004,Metric Tonnes,Arhar (Whole),7000.0,8450.0,8033.0,Rs./Quintal,Non-FAQ
Total,461.0,Metric Tonnes,,,,8123.54,Rs./Quintal,
State/UT Name : Madhya Pradesh
Alirajpur APMC,2.1,Metric Tonnes,Arhar Dal(Tur),5200.0,5200.0,5200.0,Rs./Quintal,FAQ
Indore APMC,229.87,Metric Tonnes,Arhar Dal(Tur),5975.0,6650.0,6350.0,Rs./Quintal,FAQ
Jaora APMC,61.94500000000001,Metric Tonnes,Arhar Dal(Tur),6300.0,6300.0,6300.0,Rs./Quintal,FAQ
Kasrawad APMC,24.793000000000003,Metric Tonnes,Arhar Dal(Tur),9000.25,9000.25,9000.25,Rs./Quintal,FAQ
Katni APMC,756.044,Metric Tonnes,Arhar Dal(Tur),7100.0,8840.0,8250.0,Rs./Quintal,FAQ
Sagar APMC,34.7,Metric Tonnes,Arhar Dal(Tur),8568.93,8568.93,8568.93,Rs./Quintal,FAQ
Umariya APMC,8.865,Metric Tonnes,Arhar Dal(Tur),4500.0,4500.0,4500.0,Rs./Quintal,Non-FAQ
Total,1118.32,Metric Tonnes,,,,7742.52,Rs./Quintal,
State/UT Name : Maharashtra
APMC Aarni ,32.0,Metric Tonnes,Other,8000.0,8490.0,8200.0,Rs./Quintal,FAQ
APMC Achalpur ,12.5,Metric Tonnes,Other,8000.0,8500.0,8250.0,Rs./Quintal,FAQ
APMC Ahmedpur ,5.5,Metric Tonnes,Other,8000.0,8578.0,8289.0,Rs./Quintal,FAQ
APMC Akhadabalapur ,2.5,Metric Tonnes,Other,8000.0,8500.0,8250.0,Rs./Quintal,FAQ
APMC Akola ,149.8,Metric Tonnes,Other,8000.0,8605.0,8300.0,Rs./Quintal,FAQ
APMC Amalner ,0.3,Metric Tonnes,Other,7200.0,7300.0,7300.0,Rs./Quintal,Non-FAQ
APMC Amarawati ,261.1,Metric Tonnes,Other,8200.0,8901.0,8550.0,Rs./Quintal,FAQ
APMC Anajngaon ,4.8,Metric Tonnes,Other,7750.0,7950.0,7850.0,Rs./Quintal,Non-FAQ
APMC Arvi ,10.0,Metric Tonnes,Other,8000.0,8700.0,8200.0,Rs./Quintal,FAQ
APMC Aurad Shahajani ,1.7,Metric Tonnes,Other,8400.0,8450.0,8425.0,Rs./Quintal,FAQ
APMC Ausa ,0.1,Metric Tonnes,Other,7500.0,7500.0,7500.0,Rs./Quintal,Non-FAQ
APMC Babhulgaon ,50.0,Metric Tonnes,Other,8001.0,8550.0,8301.0,Rs./Quintal,FAQ
APMC Barshi ,0.6,Metric Tonnes,Other,8000.0,8000.0,8000.0,Rs./Quintal,FAQ
APMC Beed ,3.4,Metric Tonnes,Other,8100.0,8260.0,8162.0,Rs./Quintal,FAQ
APMC Bhokar ,0.8,Metric Tonnes,Other,7550.0,7700.0,7625.0,Rs./Quintal,Non-FAQ
APMC Chandur Bazar ,9.6,Metric Tonnes,Other,8000.0,8820.0,8400.0,Rs./Quintal,FAQ
APMC Chandur Bazar ,11.7,Metric Tonnes,Other,7600.0,7980.0,7600.0,Rs./Quintal,Non-FAQ
APMC Chandur Railway ,2.7,Metric Tonnes,Other,8000.0,8370.0,8100.0,Rs./Quintal,FAQ
APMC Daryapur ,150.0,Metric Tonnes,Other,8550.0,9000.0,8650.0,Rs./Quintal,FAQ
APMC Dhamngaon-Railway ,77.0,Metric Tonnes,Other,5000.0,6000.0,5500.0,Rs./Quintal,Non-FAQ
APMC Digras ,8.7,Metric Tonnes,Other,8115.0,8485.0,8365.0,Rs./Quintal,FAQ
APMC Digras ,0.3,Metric Tonnes,Other,7985.0,7985.0,7985.0,Rs./Quintal,Non-FAQ
APMC Dudhani ,26.8,Metric Tonnes,Other,8000.0,8975.0,8398.0,Rs./Quintal,FAQ
APMC Dudhani ,4.7,Metric Tonnes,Other,7500.0,7940.0,7772.0,Rs./Quintal,Non-FAQ
APMC Gevrai ,0.8,Metric Tonnes,Other,8000.0,8451.0,8050.0,Rs./Quintal,FAQ
APMC Gevrai ,1.0,Metric Tonnes,Other,6000.0,7225.0,6100.0,Rs./Quintal,Non-FAQ
APMC Hinganghat ,21.5,Metric Tonnes,Other,8000.0,8850.0,8400.0,Rs./Quintal,FAQ
APMC Hinganghat ,152.3,Metric Tonnes,Other,7400.0,7900.0,7600.0,Rs./Quintal,Non-FAQ
APMC Jalana ,24.4,Metric Tonnes,Other,8011.0,8451.0,8011.0,Rs./Quintal,FAQ
APMC Jalana ,4.7,Metric Tonnes,Other,5600.0,5600.0,5600.0,Rs./Quintal,Non-FAQ
APMC Kannad ,0.1,Metric Tonnes,Other,4500.0,4500.0,4500.0,Rs./Quintal,Non-FAQ
APMC Karanja ,135.0,Metric Tonnes,Other,8305.0,8580.0,8305.0,Rs./Quintal,FAQ
APMC Karmala ,0.2,Metric Tonnes,Other,6500.0,6500.0,6500.0,Rs./Quintal,Non-FAQ
APMC Katol ,7.6,Metric Tonnes,Other,8000.0,8290.0,8200.0,Rs./Quintal,FAQ
APMC Khamgaon ,121.2,Metric Tonnes,Other,8100.0,8850.0,8475.0,Rs./Quintal,FAQ
APMC Khamgaon ,6.3,Metric Tonnes,Other,4300.0,7800.0,6050.0,Rs./Quintal,Non-FAQ
APMC Lonar ,6.0,Metric Tonnes,Other,8000.0,8350.0,8175.0,Rs./Quintal,FAQ
APMC Majalgaon ,6.4,Metric Tonnes,Other,8011.0,8331.0,8251.0,Rs./Quintal,FAQ
APMC Malkapur ,120.0,Metric Tonnes,Other,8730.0,8825.0,8750.0,Rs./Quintal,FAQ
APMC Malkapur ,4.5,Metric Tonnes,Other,7150.0,7150.0,7150.0,Rs./Quintal,Non-FAQ
APMC Mangrulpeer ,31.9,Metric Tonnes,Other,8000.0,8385.0,8150.0,Rs./Quintal,FAQ
APMC Manora ,28.5,Metric Tonnes,Other,8050.0,8340.0,8195.0,Rs./Quintal,FAQ
APMC Manora ,12.8,Metric Tonnes,Other,7000.0,7970.0,7485.0,Rs./Quintal,Non-FAQ
APMC Mantha ,1.1,Metric Tonnes,Other,7700.0,7990.0,7900.0,Rs./Quintal,Non-FAQ
APMC Mehekar ,3.0,Metric Tonnes,Other,8200.0,8400.0,8300.0,Rs./Quintal,FAQ
APMC Murtizapur ,30.0,Metric Tonnes,Other,8010.0,8595.0,8305.0,Rs./Quintal,FAQ
APMC Murum ,5.2,Metric Tonnes,Other,8000.0,8500.0,8247.0,Rs./Quintal,FAQ
APMC Nagpur ,20.5,Metric Tonnes,Other,8000.0,8456.0,8342.0,Rs./Quintal,FAQ
APMC Nandgaon Khandeshwar ,1.3,Metric Tonnes,Other,8050.0,8700.0,8600.0,Rs./Quintal,FAQ
APMC Ner Parasopant ,6.7,Metric Tonnes,Other,8100.0,8345.0,8120.0,Rs./Quintal,FAQ
APMC Pachora ,2.8,Metric Tonnes,Other,7000.0,7710.0,7400.0,Rs./Quintal,Non-FAQ
APMC Paithan ,0.1,Metric Tonnes,Other,8351.0,8351.0,8351.0,Rs./Quintal,FAQ
APMC Parola ,0.9,Metric Tonnes,Other,7000.0,7000.0,7000.0,Rs./Quintal,Non-FAQ
APMC Patur ,0.3,Metric Tonnes,Other,7900.0,7900.0,7900.0,Rs./Quintal,Non-FAQ
APMC Risod ,7.0,Metric Tonnes,Other,8000.0,8400.0,8200.0,Rs./Quintal,FAQ
APMC Savner ,11.1,Metric Tonnes,Other,8100.0,8529.0,8350.0,Rs./Quintal,FAQ
APMC Sengoan ,3.8,Metric Tonnes,Other,7400.0,7700.0,7500.0,Rs./Quintal,Non-FAQ
APMC Shegaon ,0.2,Metric Tonnes,Other,8290.0,8450.0,8370.0,Rs./Quintal,FAQ
APMC Shegaon ,0.1,Metric Tonnes,Other,7500.0,7500.0,7500.0,Rs./Quintal,Non-FAQ
APMC Udgir ,35.0,Metric Tonnes,Other,8180.0,8725.0,8452.0,Rs./Quintal,FAQ
APMC Vaijpur ,0.1,Metric Tonnes,Other,6785.0,6785.0,6785.0,Rs./Quintal,Non-FAQ
APMC Vani ,11.0,Metric Tonnes,Other,7300.0,7990.0,7700.0,Rs./Quintal,Non-FAQ
APMC Washim ,30.0,Metric Tonnes,Other,8000.0,8500.0,8250.0,Rs./Quintal,FAQ
APMC Washim ,30.0,Metric Tonnes,Other,7740.0,7950.0,7850.0,Rs./Quintal,Non-FAQ
APMC Yavatmal ,4.0,Metric Tonnes,Other,8345.0,8345.0,8345.0,Rs./Quintal,FAQ
Jalgaon Jamod(Aasalgaon) ,6.0,Metric Tonnes,Other,7500.0,7900.0,7800.0,Rs./Quintal,Non-FAQ
"Jaykissan Krushi Uttpan Khajgi Bazar, Khamgaon, Dist Buldhana",11.26,Metric Tonnes,Other,8450.0,8700.0,8517.0,Rs./Quintal,Local
"Mahesh Krushi Utpanna Bazar, Digras, Dist Yeotmal",0.1,Metric Tonnes,Other,7700.0,7700.0,7700.0,Rs./Quintal,Local
"N.N.Mundhada Agriculture Market Produce, Dist Washim",0.13,Metric Tonnes,Other,7800.0,7800.0,7800.0,Rs./Quintal,Local
Rahuri(Vambori) ,0.1,Metric Tonnes,Other,7600.0,7600.0,7600.0,Rs./Quintal,Non-FAQ
"Shekari Krushi Khajgi Bazar, Arni, Dist Yavatmal",0.11,Metric Tonnes,Other,7900.0,7900.0,7900.0,Rs./Quintal,Local
Shetkari Krushi Utapanna Bazar Roshankheda Tal Varud Dist Amravati,2.21,Metric Tonnes,Other,8000.0,8300.0,8007.0,Rs./Quintal,Local
Sindi (Selu),0.2,Metric Tonnes,Other,7500.0,7500.0,7500.0,Rs./Quintal,Non-FAQ
Varud(Rajura Bazar) ,1.1,Metric Tonnes,Other,8000.0,8300.0,8245.0,Rs./Quintal,FAQ
Washim(Ansing) ,6.0,Metric Tonnes,Other,8350.0,8600.0,8450.0,Rs./Quintal,FAQ
Total,1743.21,Metric Tonnes,,,,8168.7,Rs./Quintal,
State/UT Name : Uttar Pradesh
Atarra APMC,12.62,Metric Tonnes,Other,6600.0,6600.0,6600.0,Rs./Quintal,FAQ
Banthara APMC,7.7,Metric Tonnes,Other,11500.0,11500.0,11500.0,Rs./Quintal,FAQ
Total,20.32,Metric Tonnes,,,,8456.79,Rs./Quintal,
Grand Total,3343.15,Metric Tonnes,,,,8021.61,Rs./Quintal,
Commodity Group Name : Vegetables
Cabbage
State/UT Name : Assam
Balugaon APMC,2.2,Metric Tonnes,Cabbage,1800.0,2000.0,1900.0,Rs./Quintal,Local
Besimari APMC,2.0,Metric Tonnes,Cabbage,1700.0,1900.0,1800.0,Rs./Quintal,Local
Pamohi(Garchuk) APMC,13.0,Metric Tonnes,Cabbage,1700.0,2500.0,2200.0,Rs./Quintal,FAQ
Tinsukia Market,1.2000000000000002,Metric Tonnes,Cabbage,2500.0,3500.0,3000.0,Rs./Quintal,FAQ
Total,18.4,Metric Tonnes,,,,2172.83,Rs./Quintal,
State/UT Name : Bihar
Bhagwanpur Mandi APMC,3.4,Metric Tonnes,Cabbage,2500.0,2500.0,2500.0,Rs./Quintal,Grade A
Total,3.4,Metric Tonnes,,,,2500.0,Rs./Quintal,
State/UT Name : Chandigarh
Chandigarh (Grain/F&V) APMC,41.07,Metric Tonnes,Cabbage,300.0,1500.0,1300.0,Rs./Quintal,FAQ
Total,41.07,Metric Tonnes,,,,1300.0,Rs./Quintal,
State/UT Name : Chattisgarh
Rajnandgaon APMC,30.6,Metric Tonnes,Cabbage,900.0,1200.0,1100.0,Rs./Quintal,Grade B
Tiphra APMC,10.0,Metric Tonnes,Cabbage,1600.0,1800.0,1700.0,Rs./Quintal,Grade B
Total,40.6,Metric Tonnes,,,,1247.78,Rs./Quintal,
State/UT Name : Gujarat
Bharuch APMC,6.5,Metric Tonnes,Other,1000.0,1500.0,1200.0,Rs./Quintal,Local
Bilimora APMC,6.800000000000001,Metric Tonnes,Other,1000.0,1500.0,1200.0,Rs./Quintal,FAQ
Dahod(Veg. Market) APMC,2.7,Metric Tonnes,Cabbage,1000.0,1600.0,1500.0,Rs./Quintal,Local
Khambhat(Veg Yard Khambhat) APMC,0.30000000000000004,Metric Tonnes,Other,2000.0,2500.0,2000.0,Rs./Quintal,Local
Navsari APMC,3.7200000000000006,Metric Tonnes,Cabbage,1500.0,2000.0,1750.0,Rs./Quintal,Local
Vadodara(Sayajipura) APMC,6.6000000000000005,Metric Tonnes,Other,1000.0,1750.0,1400.0,Rs./Quintal,FAQ
Total,26.62,Metric Tonnes,,,,1365.89,Rs./Quintal,
State/UT Name : Haryana
Bahadurgarh APMC,0.4,Metric Tonnes,Other,1600.0,1800.0,1700.0,Rs./Quintal,Medium
Ballabhgarh APMC,1.3,Metric Tonnes,Other,1000.0,1800.0,1500.0,Rs./Quintal,FAQ
Barwala(Hisar) APMC,0.1,Metric Tonnes,Cabbage,2500.0,2500.0,2500.0,Rs./Quintal,Local
Faridabad APMC,4.0,Metric Tonnes,Cabbage,1500.0,1500.0,1500.0,Rs./Quintal,Local
Ganaur APMC,0.4,Metric Tonnes,Cabbage,3000.0,4000.0,3500.0,Rs./Quintal,Medium
Gurgaon APMC,18.0,Metric Tonnes,Other,1000.0,1200.0,1100.0,Rs./Quintal,Grade B
Hansi APMC,0.3,Metric Tonnes,Other,2500.0,3000.0,2750.0,Rs./Quintal,FAQ
Jagadhri APMC,0.325,Metric Tonnes,Cabbage,2000.0,2500.0,2300.0,Rs./Quintal,Medium
Kosli APMC,0.1,Metric Tonnes,Other,2000.0,2000.0,2000.0,Rs./Quintal,FAQ
Mohindergarh APMC,0.2,Metric Tonnes,Cabbage,2500.0,2500.0,2500.0,Rs./Quintal,Medium
Naraingarh APMC,0.47000000000000003,Metric Tonnes,Cabbage,1000.0,2000.0,1400.0,Rs./Quintal,Medium
Narnaul APMC,0.9,Metric Tonnes,Cabbage,2000.0,3000.0,2500.0,Rs./Quintal,Medium
Radaur APMC,0.4,Metric Tonnes,Other,1200.0,1600.0,1400.0,Rs./Quintal,Medium
Sadhaura APMC,0.5,Metric Tonnes,Cabbage,1800.0,1900.0,1850.0,Rs./Quintal,Local
Samalkha APMC,0.2,Metric Tonnes,Cabbage,1500.0,1500.0,1500.0,Rs./Quintal,FAQ
Shahzadpur APMC,2.1,Metric Tonnes,Cabbage,2000.0,2000.0,2000.0,Rs./Quintal,Large
Siwan APMC,0.2,Metric Tonnes,Other,1300.0,1500.0,1400.0,Rs./Quintal,FAQ
Sonepat APMC,1.0,Metric Tonnes,Other,1500.0,1800.0,1800.0,Rs./Quintal,FAQ
Tauru APMC,0.1,Metric Tonnes,Other,2500.0,2500.0,2500.0,Rs./Quintal,Medium
Thanesar APMC,4.4,Metric Tonnes,Cabbage,1500.0,2500.0,2000.0,Rs./Quintal,Local
Total,35.4,Metric Tonnes,,,,1479.74,Rs./Quintal,
State/UT Name : Himachal Pradesh
PMY Hamirpur,0.53,Metric Tonnes,Cabbage,2800.0,3000.0,2900.0,Rs./Quintal,Grade B
PMY Kangra,1.5,Metric Tonnes,Cabbage,3000.0,3200.0,3100.0,Rs./Quintal,FAQ
PMY Kullu,1.0,Metric Tonnes,Other,2000.0,2200.0,2100.0,Rs./Quintal,FAQ
SMY Bandrol,0.3,Metric Tonnes,Other,800.0,1200.0,1000.0,Rs./Quintal,FAQ
SMY Bhuntar,1.0,Metric Tonnes,Other,2000.0,2500.0,2300.0,Rs./Quintal,FAQ
SMY Chail Chowk,0.30000000000000004,Metric Tonnes,Cabbage,1200.0,1400.0,1300.0,Rs./Quintal,Local
SMY Jaisinghpur,0.1,Metric Tonnes,Cabbage,3000.0,3200.0,3100.0,Rs./Quintal,FAQ
SMY Jogindernagar,0.15000000000000002,Metric Tonnes,Cabbage,2000.0,2500.0,2250.0,Rs./Quintal,Grade B
SMY Nadaun,0.22999999999999998,Metric Tonnes,Other,2900.0,3100.0,3000.0,Rs./Quintal,Grade B
SMY Palampur,1.8,Metric Tonnes,Cabbage,2800.0,3000.0,2900.0,Rs./Quintal,FAQ
SMY Rampur,0.18000000000000002,Metric Tonnes,Other,3000.0,3500.0,3200.0,Rs./Quintal,Local
SMY Santoshgarh,0.15000000000000002,Metric Tonnes,Cabbage,2000.0,2000.0,2000.0,Rs./Quintal,FAQ
SMY Wakhnaghat,0.9,Metric Tonnes,Cabbage,1000.0,1000.0,1000.0,Rs./Quintal,Medium
Total,8.14,Metric Tonnes,,,,2409.15,Rs./Quintal,
State/UT Name : Jammu and Kashmir
Parimpore Srinagar (F&V),13.5,Metric Tonnes,Other,1500.0,1900.0,1700.0,Rs./Quintal,Grade A
Total,13.5,Metric Tonnes,,,,1700.0,Rs./Quintal,
State/UT Name : Karnataka
Bangarpet APMC,0.6000000000000001,Metric Tonnes,Cabbage,600.0,800.0,700.0,Rs./Quintal,Local
Binny Mill (FF&V) Bengaluru APMC,21.8,Metric Tonnes,Cabbage,1600.0,1800.0,1700.0,Rs./Quintal,Local
Chamarajanagar APMC,1.0,Metric Tonnes,Cabbage,1200.0,1800.0,1500.0,Rs./Quintal,Local
Chickkaballapura APMC,35.0,Metric Tonnes,Cabbage,500.0,600.0,550.0,Rs./Quintal,Local
Davangere APMC,1.2000000000000002,Metric Tonnes,Cabbage,900.0,2600.0,1600.0,Rs./Quintal,Local
Gauribidanur APMC,0.8,Metric Tonnes,Cabbage,800.0,1200.0,1000.0,Rs./Quintal,Local
Honnali APMC,3.0,Metric Tonnes,Cabbage,400.0,500.0,450.0,Rs./Quintal,Medium
Hospet APMC,2.5,Metric Tonnes,Cabbage,1200.0,1200.0,1200.0,Rs./Quintal,Local
K.R.Nagar APMC,5.0,Metric Tonnes,Cabbage,1000.0,1000.0,1000.0,Rs./Quintal,Small
Kolar APMC,7.0,Metric Tonnes,Cabbage,600.0,800.0,700.0,Rs./Quintal,Local
Mysuru APMC,9.600000000000001,Metric Tonnes,Cabbage,700.0,800.0,800.0,Rs./Quintal,Medium
Ramanagara APMC,1.6,Metric Tonnes,Cabbage,1000.0,1700.0,1500.0,Rs./Quintal,Local
Shimoga APMC,4.0,Metric Tonnes,Cabbage,600.0,800.0,700.0,Rs./Quintal,Local
Total,93.1,Metric Tonnes,,,,946.08,Rs./Quintal,
State/UT Name : Keralam
Adimali Market,0.05,Metric Tonnes,Cabbage,4000.0,5000.0,4500.0,Rs./Quintal,Medium
Anchal Market,0.52,Metric Tonnes,Cabbage,6800.0,6800.0,6800.0,Rs./Quintal,Medium
Aralamoodu Market,0.3,Metric Tonnes,Cabbage,4000.0,4500.0,4500.0,Rs./Quintal,FAQ
Aroor Market,0.2,Metric Tonnes,Other,4500.0,4700.0,4600.0,Rs./Quintal,FAQ
Attingal Market,900.0,Metric Tonnes,Other,3500.0,4500.0,4000.0,Rs./Quintal,Local
Balarampuram Market,0.4,Metric Tonnes,Cabbage,4000.0,4000.0,4000.0,Rs./Quintal,FAQ
Chelakkara Market,0.2,Metric Tonnes,Cabbage,3500.0,3800.0,3600.0,Rs./Quintal,FAQ
Chengannur Market,0.5,Metric Tonnes,Other,3700.0,4000.0,3800.0,Rs./Quintal,FAQ
Harippad Market,0.7,Metric Tonnes,Cabbage,4500.0,5000.0,4500.0,Rs./Quintal,FAQ
Kallachi Market,0.1,Metric Tonnes,Cabbage,2200.0,2600.0,2400.0,Rs./Quintal,FAQ
Kanjangadu Market,0.5,Metric Tonnes,Cabbage,3500.0,4200.0,3800.0,Rs./Quintal,FAQ
Kanjirappally Market,0.5,Metric Tonnes,Cabbage,4400.0,4800.0,4600.0,Rs./Quintal,FAQ
Kayamkulam Market,1.0,Metric Tonnes,Other,2500.0,2700.0,2600.0,Rs./Quintal,FAQ
Koduvayoor Market,0.9,Metric Tonnes,Cabbage,1500.0,1900.0,1700.0,Rs./Quintal,Medium
Kollengode Market,0.8,Metric Tonnes,Cabbage,2600.0,3000.0,2800.0,Rs./Quintal,FAQ
Kondotty Market,0.25,Metric Tonnes,Other,1500.0,1800.0,1600.0,Rs./Quintal,FAQ
Kothamangalam Market,1.0,Metric Tonnes,Cabbage,3000.0,4000.0,3500.0,Rs./Quintal,FAQ
Kottakkal Market,3.0,Metric Tonnes,Other,1600.0,1800.0,1700.0,Rs./Quintal,Local
Kuruppanthura Market,1.0,Metric Tonnes,Other,4600.0,5000.0,4800.0,Rs./Quintal,FAQ
Madhavapuram Market,0.6,Metric Tonnes,Other,5600.0,6000.0,5800.0,Rs./Quintal,FAQ
Manjeri Market,6.0,Metric Tonnes,Other,1950.0,2050.0,2000.0,Rs./Quintal,Local
Mannar Market,0.5,Metric Tonnes,Other,3000.0,3200.0,3100.0,Rs./Quintal,FAQ
Neyyatinkara Market,0.01,Metric Tonnes,Other,3300.0,4000.0,3700.0,Rs./Quintal,FAQ
Pala Market,1.0,Metric Tonnes,Cabbage,3600.0,4400.0,4000.0,Rs./Quintal,FAQ
Pampady Market,1.0,Metric Tonnes,Cabbage,4500.0,5500.0,5000.0,Rs./Quintal,FAQ
Parappanangadi Market,1.6,Metric Tonnes,Other,1500.0,1700.0,1600.0,Rs./Quintal,FAQ
Parassala Market,0.3,Metric Tonnes,Cabbage,2000.0,2400.0,2200.0,Rs./Quintal,Local
Perinthalmanna Market,4.0,Metric Tonnes,Cabbage,1500.0,2200.0,2000.0,Rs./Quintal,Large
Perumbavoor Market,3.0,Metric Tonnes,Cabbage,4500.0,5400.0,4900.0,Rs./Quintal,Medium
Piravam Market,5.0,Metric Tonnes,Cabbage,5000.0,6000.0,5500.0,Rs./Quintal,Local
Pothencode Market,550.0,Metric Tonnes,Cabbage,4500.0,4600.0,4500.0,Rs./Quintal,Local
Quilandy Market,0.35,Metric Tonnes,Other,3200.0,3500.0,3300.0,Rs./Quintal,FAQ
Thodupuzha Market,0.2,Metric Tonnes,Other,3400.0,3600.0,3600.0,Rs./Quintal,Grade Range-1
Vadakkenchery Market,0.22,Metric Tonnes,Cabbage,4500.0,5000.0,5000.0,Rs./Quintal,FAQ
Vamanapuram Market,0.12,Metric Tonnes,Cabbage,3000.0,3500.0,3500.0,Rs./Quintal,FAQ
Total,1485.82,Metric Tonnes,,,,4170.02,Rs./Quintal,
State/UT Name : Madhya Pradesh
Badwaha (F&V) APMC,0.30000000000000004,Metric Tonnes,Cabbage,1450.0,2200.0,1600.0,Rs./Quintal,Grade A
Bareli(F&V) APMC,0.68,Metric Tonnes,Cabbage,1100.0,1100.0,1100.0,Rs./Quintal,Grade A
Betul(F&V) APMC,1.0,Metric Tonnes,Cabbage,1000.0,1500.0,1200.0,Rs./Quintal,FAQ
Chhindwara(F&V) APMC,2.6,Metric Tonnes,Cabbage,300.0,500.0,400.0,Rs./Quintal,Local
Dewas(F&V) APMC,1.5,Metric Tonnes,Other,600.0,1600.0,800.0,Rs./Quintal,FAQ
Dhamnod(F&V) APMC,2.2,Metric Tonnes,Cabbage,800.0,1000.0,900.0,Rs./Quintal,Local
Haatpipliya (F&V) APMC,0.045000000000000005,Metric Tonnes,Cabbage,1000.0,2500.0,2200.0,Rs./Quintal,Local
Harda(F&V) APMC,1.2000000000000002,Metric Tonnes,Other,1000.0,1600.0,1200.0,Rs./Quintal,Medium
Indore(F&V) APMC,50.0,Metric Tonnes,Cabbage,400.0,800.0,600.0,Rs./Quintal,Local
Kailaras APMC,0.4,Metric Tonnes,Cabbage,2200.0,2300.0,2300.0,Rs./Quintal,FAQ
Narmadapuram (F&V) APMC,0.4,Metric Tonnes,Cabbage,830.0,1350.0,910.0,Rs./Quintal,FAQ
Pipariya(F&V) APMC,1.7,Metric Tonnes,Cabbage,800.0,2000.0,1400.0,Rs./Quintal,Local
Porsa APMC,2.0,Metric Tonnes,Cabbage,800.0,800.0,800.0,Rs./Quintal,FAQ
Ratlam(F&V) APMC,1.5,Metric Tonnes,Other,1500.0,2400.0,2100.0,Rs./Quintal,FAQ
Rewa(F&V) APMC,1.2,Metric Tonnes,Cabbage,1300.0,1300.0,1300.0,Rs./Quintal,Small
Sehore(F&V) APMC,2.0,Metric Tonnes,Cabbage,1500.0,2500.0,2000.0,Rs./Quintal,Grade Range-1
Sendhwa(F&V) APMC,0.6000000000000001,Metric Tonnes,Cabbage,700.0,1000.0,900.0,Rs./Quintal,Medium
Thandla APMC,0.49,Metric Tonnes,Cabbage,900.0,1200.0,1050.0,Rs./Quintal,FAQ
Ujjain(F&V) APMC,0.45999999999999996,Metric Tonnes,Cabbage,630.0,2085.0,1234.0,Rs./Quintal,Medium
Total,70.27,Metric Tonnes,,,,765.32,Rs./Quintal,
State/UT Name : Maharashtra
APMC Ahilyanagar ,16.5,Metric Tonnes,Other,500.0,1200.0,850.0,Rs./Quintal,Local
APMC Akluj ,1.9,Metric Tonnes,Other,500.0,1000.0,800.0,Rs./Quintal,Local
APMC Bhusaval ,2.0,Metric Tonnes,Other,1000.0,1500.0,1200.0,Rs./Quintal,Local
APMC Dharashiv ,3.3,Metric Tonnes,Other,500.0,1600.0,1050.0,Rs./Quintal,Local
APMC Ghoti ,2.7,Metric Tonnes,Other,900.0,1000.0,950.0,Rs./Quintal,Local
APMC Hingna,0.1,Metric Tonnes,Other,1600.0,1600.0,1600.0,Rs./Quintal,Local
APMC Islampur ,3.6,Metric Tonnes,Other,500.0,1000.0,750.0,Rs./Quintal,Local
APMC Jalgaon ,6.5,Metric Tonnes,Other,600.0,1000.0,800.0,Rs./Quintal,Local
APMC Kalmeshwar ,0.2,Metric Tonnes,Other,1540.0,2000.0,1820.0,Rs./Quintal,Local
APMC Kamthi ,0.1,Metric Tonnes,Other,2000.0,2500.0,2350.0,Rs./Quintal,Local
APMC Khed ,1.2,Metric Tonnes,Other,400.0,1200.0,800.0,Rs./Quintal,Local
APMC Mumbai ,127.2,Metric Tonnes,Other,600.0,1000.0,800.0,Rs./Quintal,Local
APMC Nasik ,88.4,Metric Tonnes,Other,625.0,1335.0,1000.0,Rs./Quintal,Local
APMC Navapur ,1.6,Metric Tonnes,Other,1000.0,1500.0,1219.0,Rs./Quintal,Local
APMC Pune ,71.2,Metric Tonnes,Other,700.0,1500.0,1100.0,Rs./Quintal,Local
APMC Ratnagiri (Nachane) ,1.8,Metric Tonnes,Other,1000.0,1400.0,1200.0,Rs./Quintal,Local
APMC Shrirampur ,3.3,Metric Tonnes,Other,800.0,1200.0,1000.0,Rs./Quintal,Local
APMC Solapur ,11.9,Metric Tonnes,Other,300.0,800.0,500.0,Rs./Quintal,Local
Amrawati(Frui & Veg. Market) ,10.8,Metric Tonnes,Other,1000.0,1600.0,1300.0,Rs./Quintal,Local
Chandrapur(Ganjwad) ,9.8,Metric Tonnes,Other,800.0,1200.0,1000.0,Rs./Quintal,Local
Junnar(Narayangaon) ,6.8,Metric Tonnes,Other,200.0,1200.0,650.0,Rs./Quintal,Local
Junnar(Otur) ,23.2,Metric Tonnes,Other,500.0,1000.0,750.0,Rs./Quintal,Local
Khed(Chakan) ,16.0,Metric Tonnes,Other,700.0,1200.0,1000.0,Rs./Quintal,Local
Pune(Khadiki) ,1.1,Metric Tonnes,Other,800.0,1200.0,1000.0,Rs./Quintal,Local
Pune(Manjri) ,7.2,Metric Tonnes,Other,600.0,1100.0,900.0,Rs./Quintal,Local
Pune(Moshi) ,11.7,Metric Tonnes,Other,1000.0,1500.0,1250.0,Rs./Quintal,Local
Pune(Pimpri) ,0.3,Metric Tonnes,Other,1300.0,1300.0,1300.0,Rs./Quintal,Local
Total,430.4,Metric Tonnes,,,,928.65,Rs./Quintal,
State/UT Name : NCT of Delhi
APMC Azadpur,187.9,Metric Tonnes,Cabbage,1200.0,2000.0,1550.0,Rs./Quintal,FAQ
APMC Keshopur,50.145,Metric Tonnes,Cabbage,1500.0,2600.0,2100.0,Rs./Quintal,FAQ
"Fruit&Vegetable Market,Gazipur APMC",118.6,Metric Tonnes,Cabbage,1600.0,2000.0,1800.0,Rs./Quintal,FAQ
Total,356.64,Metric Tonnes,,,,1710.47,Rs./Quintal,
State/UT Name : Nagaland
Kipheri APMC,1.5,Metric Tonnes,Cabbage,2900.0,3150.0,3050.0,Rs./Quintal,FAQ
Kohima APMC,0.05,Metric Tonnes,Cabbage,3500.0,3500.0,3500.0,Rs./Quintal,Local
Wokha Town APMC,0.38,Metric Tonnes,Organic,1800.0,2500.0,2000.0,Rs./Quintal,Local
Total,1.93,Metric Tonnes,,,,2854.92,Rs./Quintal,
State/UT Name : Odisha
Angaura APMC,2.2,Metric Tonnes,Other,3650.0,4250.0,3900.0,Rs./Quintal,Large
Attabira APMC,1.04,Metric Tonnes,Cabbage,1400.0,1800.0,1600.0,Rs./Quintal,Local
Bargarh APMC,261.0,Metric Tonnes,Cabbage,2000.0,3000.0,2500.0,Rs./Quintal,Medium
Bargarh(Barapalli) APMC,164.0,Metric Tonnes,Cabbage,2500.0,3500.0,3000.0,Rs./Quintal,Medium
Bhawanipatna APMC,1.5,Metric Tonnes,Cabbage,2600.0,2600.0,2600.0,Rs./Quintal,Local
Birmaharajpur APMC,1.4000000000000001,Metric Tonnes,Cabbage,3700.0,4000.0,3800.0,Rs./Quintal,Local
Bolangir APMC,2.7,Metric Tonnes,Other,2200.0,2600.0,2400.0,Rs./Quintal,Medium
Champua APMC,0.35,Metric Tonnes,Other,5000.0,5000.0,5000.0,Rs./Quintal,Local
Dhenkanal APMC,0.2,Metric Tonnes,Cabbage,3800.0,4200.0,4000.0,Rs./Quintal,Grade B
Digapahandi APMC,0.52,Metric Tonnes,Cabbage,2000.0,2200.0,2100.0,Rs./Quintal,FAQ
Dungurapalli APMC,0.13999999999999999,Metric Tonnes,Cabbage,4000.0,4500.0,4200.0,Rs./Quintal,Local
Junagarh APMC,1.3,Metric Tonnes,Other,2600.0,3000.0,2800.0,Rs./Quintal,Grade B
Kalahandi(Dharamagarh) APMC,1.4000000000000001,Metric Tonnes,Other,2600.0,3000.0,2800.0,Rs./Quintal,Grade B
Kamakhyanagar APMC,0.2,Metric Tonnes,Cabbage,4000.0,4000.0,4000.0,Rs./Quintal,Grade A
Kantabaji APMC,3.0250000000000004,Metric Tonnes,Cabbage,2000.0,2800.0,2400.0,Rs./Quintal,Grade B
Khariar APMC,0.2,Metric Tonnes,Other,5000.0,5000.0,5000.0,Rs./Quintal,Grade A
Khariar Road APMC,0.2,Metric Tonnes,Cabbage,6000.0,6000.0,6000.0,Rs./Quintal,Grade A
Mukhiguda APMC,0.5,Metric Tonnes,Cabbage,2400.0,2700.0,2550.0,Rs./Quintal,Grade B
Nabarangpur(Umerkote) APMC,5.7,Metric Tonnes,Cabbage,2000.0,2000.0,2000.0,Rs./Quintal,Grade B
Panposh APMC,1.0,Metric Tonnes,Cabbage,3000.0,3500.0,3200.0,Rs./Quintal,FAQ
Tusura APMC,2.5,Metric Tonnes,Other,2200.0,2600.0,2400.0,Rs./Quintal,Large
Total,451.07,Metric Tonnes,,,,2692.17,Rs./Quintal,
State/UT Name : Punjab
Adampur APMC,0.2,Metric Tonnes,Cabbage,1800.0,2000.0,2000.0,Rs./Quintal,FAQ
Baghapurana APMC,0.1,Metric Tonnes,Cabbage,2000.0,3000.0,2500.0,Rs./Quintal,Grade B
Banur APMC,0.2,Metric Tonnes,Other,2000.0,2000.0,2000.0,Rs./Quintal,Grade A
Bassi Pathana APMC,0.30000000000000004,Metric Tonnes,Cabbage,2000.0,2500.0,2200.0,Rs./Quintal,Medium
Bhawanigarh APMC,0.2,Metric Tonnes,Other,2800.0,3000.0,2900.0,Rs./Quintal,Local
Faridkot APMC,0.596,Metric Tonnes,Cabbage,2700.0,2700.0,2700.0,Rs./Quintal,Grade A
Jalalabad APMC,0.48,Metric Tonnes,Other,3200.0,3300.0,3200.0,Rs./Quintal,Medium
Kurali APMC,0.6000000000000001,Metric Tonnes,Other,2000.0,2200.0,2100.0,Rs./Quintal,Medium
Lehra Gaga APMC,0.27,Metric Tonnes,Other,2500.0,2500.0,2500.0,Rs./Quintal,Grade A
Ludhiana APMC,6.7,Metric Tonnes,Other,900.0,1600.0,1200.0,Rs./Quintal,FAQ
Mukerian APMC,0.26,Metric Tonnes,Cabbage,1500.0,2500.0,2000.0,Rs./Quintal,Grade B
Patiala APMC,3.0,Metric Tonnes,Other,2800.0,3500.0,3200.0,Rs./Quintal,Grade A
Patran APMC,1.0,Metric Tonnes,Other,2500.0,2500.0,2500.0,Rs./Quintal,Grade A
Rampuraphul(Nabha Mandi) APMC,1.0,Metric Tonnes,Other,1500.0,2200.0,2000.0,Rs./Quintal,Grade A
Samana APMC,50.0,Metric Tonnes,Other,2000.0,3000.0,2500.0,Rs./Quintal,Grade Range-2
Sangrur APMC,0.8,Metric Tonnes,Cabbage,1600.0,2000.0,1800.0,Rs./Quintal,Grade B
Tanda Urmur APMC,0.2,Metric Tonnes,Cabbage,2000.0,2500.0,2200.0,Rs./Quintal,Grade A
Total,65.91,Metric Tonnes,,,,2380.82,Rs./Quintal,
State/UT Name : Rajasthan
Jalore APMC,0.5,Metric Tonnes,Cabbage,1500.0,1800.0,1600.0,Rs./Quintal,Local
Jodhpur (F&V) APMC,9.4,Metric Tonnes,Other,800.0,2200.0,1500.0,Rs./Quintal,Medium
Sriganganagar (F&V) APMC,4.0,Metric Tonnes,Cabbage,2000.0,2400.0,2200.0,Rs./Quintal,Grade C
Udaipur (F&V) APMC,7.7,Metric Tonnes,Other,1500.0,2000.0,1750.0,Rs./Quintal,Medium
Total,21.6,Metric Tonnes,,,,1721.06,Rs./Quintal,
State/UT Name : Tamil Nadu
AJattihalli(Uzhavar Sandhai ),0.14,Metric Tonnes,Cabbage,3200.0,3400.0,3300.0,Rs./Quintal,Local
Ammapet(Uzhavar Sandhai ),0.17,Metric Tonnes,Cabbage,2400.0,3000.0,2700.0,Rs./Quintal,Local
Anaiyur(Uzhavar Sandhai ),0.28,Metric Tonnes,Cabbage,2600.0,3000.0,2800.0,Rs./Quintal,Local
Andipatti(Uzhavar Sandhai ),0.45,Metric Tonnes,Cabbage,2600.0,2800.0,2700.0,Rs./Quintal,Local
Anna nagar(Uzhavar Sandhai ),0.88,Metric Tonnes,Cabbage,3000.0,3000.0,3000.0,Rs./Quintal,Local
Arani(Uzhavar Sandhai ),0.15,Metric Tonnes,Cabbage,2000.0,2400.0,2200.0,Rs./Quintal,Local
Arcot(Uzhavar Sandhai ),0.15,Metric Tonnes,Cabbage,2500.0,3000.0,2750.0,Rs./Quintal,Local
Ariyalur(Uzhavar Sandhai),0.04,Metric Tonnes,Cabbage,3000.0,3500.0,3250.0,Rs./Quintal,Local
Aruppukottai(Uzhavar Sandhai ),0.2,Metric Tonnes,Cabbage,3500.0,4000.0,3750.0,Rs./Quintal,Local
Athur(Uzhavar Sandhai ),0.6,Metric Tonnes,Cabbage,2500.0,3000.0,2750.0,Rs./Quintal,Local
Avallapalli(Uzhavar Sandhai ),0.29,Metric Tonnes,Cabbage,1000.0,1500.0,1250.0,Rs./Quintal,Local
Bodinayakanur(Uzhavar Sandhai ),0.23,Metric Tonnes,Cabbage,3000.0,3000.0,3000.0,Rs./Quintal,Local
Chengalpet(Uzhavar Sandhai ),0.07,Metric Tonnes,Cabbage,2500.0,3500.0,3000.0,Rs./Quintal,Local
Chengam(Uzhavar Sandhai ),0.08,Metric Tonnes,Cabbage,3300.0,4000.0,3650.0,Rs./Quintal,Local
Cheyyar(Uzhavar Sandhai ),0.15,Metric Tonnes,Cabbage,2000.0,2400.0,2200.0,Rs./Quintal,Local
Chinnalapatti(Uzhavar Sandhai ),0.08,Metric Tonnes,Cabbage,3600.0,4000.0,3800.0,Rs./Quintal,Local
Chinnamanur(Uzhavar Sandhai ),0.85,Metric Tonnes,Cabbage,2800.0,2800.0,2800.0,Rs./Quintal,Local
Chokkikulam(Uzhavar Sandhai ),0.44,Metric Tonnes,Cabbage,2600.0,3000.0,2800.0,Rs./Quintal,Local
Coonoor(Uzhavar Sandhai ),0.31,Metric Tonnes,Cabbage,2800.0,3000.0,2900.0,Rs./Quintal,Local
Cuddalore(Uzhavar Sandhai ),0.24,Metric Tonnes,Cabbage,3000.0,3000.0,3000.0,Rs./Quintal,Local
Denkanikottai(Uzhavar Sandhai ),0.29,Metric Tonnes,Cabbage,1000.0,1500.0,1250.0,Rs./Quintal,Local
Devakottai (Uzhavar Sandhai ),0.16,Metric Tonnes,Cabbage,2800.0,3000.0,2900.0,Rs./Quintal,Local
Devaram(Uzhavar Sandhai ),0.19,Metric Tonnes,Cabbage,2800.0,2800.0,2800.0,Rs./Quintal,Local
Dharapuram(Uzhavar Sandhai ),1.1,Metric Tonnes,Cabbage,3000.0,3500.0,3250.0,Rs./Quintal,Local
Dharmapuri(Uzhavar Sandhai ),0.29,Metric Tonnes,Cabbage,3200.0,3400.0,3300.0,Rs./Quintal,Local
Dindigul(Uzhavar Sandhai ),0.33,Metric Tonnes,Cabbage,3000.0,4000.0,3500.0,Rs./Quintal,Local
Edapadi (Uzhavar Sandhai ),0.2,Metric Tonnes,Cabbage,2800.0,3000.0,2900.0,Rs./Quintal,Local
Elampillai(Uzhavar Sandhai ),0.3,Metric Tonnes,Cabbage,3000.0,3500.0,3250.0,Rs./Quintal,Local
Gandhigramam(Uzhavar Sandhai),0.15,Metric Tonnes,Cabbage,4500.0,5000.0,4750.0,Rs./Quintal,Local
Gingee(Uzhavar Sandhai ),0.09,Metric Tonnes,Cabbage,4000.0,4000.0,4000.0,Rs./Quintal,Local
Gobichettipalayam(Uzhavar Sandhai ),0.29,Metric Tonnes,Cabbage,2000.0,2500.0,2250.0,Rs./Quintal,Local
Gudalur(Uzhavar Sandhai ),0.03,Metric Tonnes,Cabbage,2000.0,2500.0,2250.0,Rs./Quintal,Local
Gudiyatham(Uzhavar Sandhai ),0.08,Metric Tonnes,Cabbage,3000.0,3000.0,3000.0,Rs./Quintal,Local
Harur(Uzhavar Sandhai ),0.23,Metric Tonnes,Cabbage,3000.0,3500.0,3250.0,Rs./Quintal,Local
Hasthampatti(Uzhavar Sandhai ),0.21,Metric Tonnes,Cabbage,3000.0,3500.0,3250.0,Rs./Quintal,Local
Hosur(Uzhavar Sandhai ),2.33,Metric Tonnes,Cabbage,1200.0,1500.0,1350.0,Rs./Quintal,Local
Jalagandapuram(Uzhavar Sandhai ),0.05,Metric Tonnes,Cabbage,2500.0,3000.0,2750.0,Rs./Quintal,Local
Jameenrayapettai(Uzhavar Sandhai ),0.16,Metric Tonnes,Cabbage,2000.0,2500.0,2250.0,Rs./Quintal,Local
KKNagar(Uzhavar Sandhai ),0.65,Metric Tonnes,Cabbage,3200.0,3200.0,3200.0,Rs./Quintal,Local
Kahithapattarai(Uzhavar Sandhai ),0.16,Metric Tonnes,Cabbage,2500.0,2500.0,2500.0,Rs./Quintal,Local
Kallakurichi(Uzhavar Sandhai ),0.07,Metric Tonnes,Cabbage,4000.0,4000.0,4000.0,Rs./Quintal,Local
Kambam(Uzhavar Sandhai ),2.0,Metric Tonnes,Cabbage,2800.0,2800.0,2800.0,Rs./Quintal,Local
Karaikudi(Uzhavar Sandhai ),0.19,Metric Tonnes,Cabbage,3000.0,3500.0,3250.0,Rs./Quintal,Local
Karimangalam(Uzhavar Sandhai),0.13,Metric Tonnes,Cabbage,3300.0,3500.0,3400.0,Rs./Quintal,Local
Kariyapatti(Uzhavar Sandhai ),0.08,Metric Tonnes,Cabbage,3500.0,4000.0,3750.0,Rs./Quintal,Local
Karur(Uzhavar Sandhai ),0.38,Metric Tonnes,Cabbage,4500.0,5000.0,4750.0,Rs./Quintal,Local
Katpadi (Uzhavar Sandhai ),0.25,Metric Tonnes,Cabbage,2500.0,2500.0,2500.0,Rs./Quintal,Local
Kovilpatti(Uzhavar Sandhai ),0.14,Metric Tonnes,Cabbage,3500.0,4000.0,3750.0,Rs./Quintal,Local
Krishnagiri(Uzhavar Sandhai ),0.32,Metric Tonnes,Cabbage,2500.0,3000.0,2750.0,Rs./Quintal,Local
Kulithalai(Uzhavar Sandhai ),0.34,Metric Tonnes,Cabbage,3000.0,3200.0,3100.0,Rs./Quintal,Local
Kumarapalayam(Uzhavar Sandhai ),0.04,Metric Tonnes,Cabbage,3600.0,4000.0,3800.0,Rs./Quintal,Local
Kumbakonam (Uzhavar Sandhai ),0.49,Metric Tonnes,Cabbage,3600.0,3600.0,3600.0,Rs./Quintal,Local
Kundrathur(Uzhavar Sandhai ),0.15,Metric Tonnes,Cabbage,3000.0,3000.0,3000.0,Rs./Quintal,Local
Lalgudi(Uzhavar Sandhai ),0.14,Metric Tonnes,Cabbage,3600.0,3600.0,3600.0,Rs./Quintal,Local
Manachanallur(Uzhavar Sandhai ),0.12,Metric Tonnes,Cabbage,2500.0,3000.0,2750.0,Rs./Quintal,Local
Manapparai(Uzhavar Sandhai ),0.08,Metric Tonnes,Cabbage,3000.0,3000.0,3000.0,Rs./Quintal,Local
Mannargudi I(Uzhavar Sandhai ),0.68,Metric Tonnes,Cabbage,3400.0,3400.0,3400.0,Rs./Quintal,Local
Mannargudi II(Uzhavar Sandhai ),0.2,Metric Tonnes,Cabbage,3400.0,3400.0,3400.0,Rs./Quintal,Local
Mayiladuthurai(Uzhavar Sandhai ),0.03,Metric Tonnes,Cabbage,3600.0,4000.0,3800.0,Rs./Quintal,Local
Melapalayam(Uzhavar Sandhai ),0.25,Metric Tonnes,Cabbage,2800.0,3000.0,2900.0,Rs./Quintal,Local
Mettupalayam(Uzhavar Sandhai ),0.68,Metric Tonnes,Cabbage,3000.0,3500.0,3250.0,Rs./Quintal,Local
Mettur(Uzhavar Sandhai ),0.29,Metric Tonnes,Cabbage,2500.0,3000.0,2750.0,Rs./Quintal,Local
Mohanur(Uzhavar Sandhai ),0.21,Metric Tonnes,Cabbage,3000.0,3500.0,3250.0,Rs./Quintal,Local
Musiri(Uzhavar Sandhai ),0.5,Metric Tonnes,Cabbage,2500.0,3000.0,2750.0,Rs./Quintal,Local
Muthupettai(Uzhavar Sandhai ),0.05,Metric Tonnes,Cabbage,3400.0,3400.0,3400.0,Rs./Quintal,Local
Myladi(Uzhavar Sandhai ),0.02,Metric Tonnes,Cabbage,4500.0,5000.0,4750.0,Rs./Quintal,Local
NGO Colony(Uzhavar Sandhai ),0.42,Metric Tonnes,Cabbage,2800.0,3000.0,2900.0,Rs./Quintal,Local
Nagapattinam(Uzhavar Sandhai ),0.12,Metric Tonnes,Cabbage,4000.0,4500.0,4250.0,Rs./Quintal,Local
Namakkal(Uzhavar Sandhai ),0.52,Metric Tonnes,Cabbage,2500.0,2800.0,2650.0,Rs./Quintal,Local
Nanganallur(Uzhavar Sandhai ),0.04,Metric Tonnes,Cabbage,3500.0,4000.0,3750.0,Rs./Quintal,Local
Natrampalli(Uzhavar Sandhai ),0.35,Metric Tonnes,Cabbage,2500.0,3000.0,2750.0,Rs./Quintal,Local
Padappai(Uzhavar Sandhai ),0.16,Metric Tonnes,Cabbage,2000.0,2500.0,2250.0,Rs./Quintal,Local
Palacode(Uzhavar Sandhai ),0.26,Metric Tonnes,Cabbage,2800.0,3000.0,2900.0,Rs./Quintal,Local
Palanganatham(Uzhavar Sandhai ),0.2,Metric Tonnes,Cabbage,2600.0,3000.0,2800.0,Rs./Quintal,Local
Palani(Uzhavar Sandhai ),0.52,Metric Tonnes,Cabbage,3000.0,3400.0,3200.0,Rs./Quintal,Local
Palayamkottai(Uzhavar Sandhai ),2.3,Metric Tonnes,Cabbage,2800.0,3000.0,2900.0,Rs./Quintal,Local
Palladam(Uzhavar Sandhai ),0.12,Metric Tonnes,Cabbage,2500.0,3000.0,2750.0,Rs./Quintal,Local
Pallavaram(Uzhavar Sandhai ),0.56,Metric Tonnes,Cabbage,2000.0,2500.0,2250.0,Rs./Quintal,Local
Pallikonda(Uzhavar Sandhai),0.02,Metric Tonnes,Cabbage,2500.0,2500.0,2500.0,Rs./Quintal,Local
Papanasam(Uzhavar Sandhai ),0.05,Metric Tonnes,Cabbage,3600.0,3600.0,3600.0,Rs./Quintal,Local
Paramakudi(Uzhavar Sandhai ),0.18,Metric Tonnes,Cabbage,4500.0,5000.0,4750.0,Rs./Quintal,Local
Paramathivelur(Uzhavar Sandhai ),0.18,Metric Tonnes,Cabbage,2600.0,3000.0,2800.0,Rs./Quintal,Local
Paruthipattu(Uzhavar Sandhai ),0.06,Metric Tonnes,Cabbage,4000.0,4000.0,4000.0,Rs./Quintal,Local
Pattukottai(Uzhavar Sandhai ),0.25,Metric Tonnes,Cabbage,3400.0,3400.0,3400.0,Rs./Quintal,Local
Pennagaram(Uzhavar Sandhai ),0.08,Metric Tonnes,Cabbage,3700.0,4000.0,3850.0,Rs./Quintal,Local
Perambalur(Uzhavar Sandhai ),0.36,Metric Tonnes,Cabbage,3000.0,3000.0,3000.0,Rs./Quintal,Local
Perampet(Uzhavar Sandhai),0.02,Metric Tonnes,Cabbage,3000.0,3000.0,3000.0,Rs./Quintal,Local
Periyakulam(Uzhavar Sandhai ),0.3,Metric Tonnes,Cabbage,2600.0,2800.0,2700.0,Rs./Quintal,Local
Perundurai(Uzhavar Sandhai ),0.13,Metric Tonnes,Cabbage,2000.0,2200.0,2100.0,Rs./Quintal,Local
Pollachi(Uzhavar Sandhai ),0.15,Metric Tonnes,Cabbage,3000.0,3500.0,3250.0,Rs./Quintal,Local
Polur(Uzhavar Sandhai ),0.16,Metric Tonnes,Cabbage,2500.0,3000.0,2750.0,Rs./Quintal,Local
Pudukottai(Uzhavar Sandhai ),0.27,Metric Tonnes,Cabbage,3000.0,3500.0,3250.0,Rs./Quintal,Local
RSPuram(Uzhavar Sandhai ),0.78,Metric Tonnes,Cabbage,2000.0,2400.0,2200.0,Rs./Quintal,Local
Rajapalayam(Uzhavar Sandhai ),0.25,Metric Tonnes,Cabbage,2800.0,3200.0,3000.0,Rs./Quintal,Local
Ramanathapuram(Uzhavar Sandhai ),0.1,Metric Tonnes,Cabbage,4000.0,4500.0,4250.0,Rs./Quintal,Local
Ranipettai(Uzhavar Sandhai ),0.1,Metric Tonnes,Cabbage,2500.0,2500.0,2500.0,Rs./Quintal,Local
Rasipuram(Uzhavar Sandhai ),0.69,Metric Tonnes,Cabbage,3600.0,3800.0,3700.0,Rs./Quintal,Local
Sampath Nagar(Uzhavar Sandhai ),0.42,Metric Tonnes,Cabbage,2000.0,2200.0,2100.0,Rs./Quintal,Local
Sathiyamagalam(Uzhavar Sandhai ),0.23,Metric Tonnes,Cabbage,3000.0,3400.0,3200.0,Rs./Quintal,Local
Sathur(Uzhavar Sandhai ),0.02,Metric Tonnes,Cabbage,3500.0,4000.0,3750.0,Rs./Quintal,Local
Singampunari(Uzhavar Sandhai ),0.16,Metric Tonnes,Cabbage,2800.0,3200.0,3000.0,Rs./Quintal,Local
Singanallur(Uzhavar Sandhai ),1.2,Metric Tonnes,Cabbage,2500.0,3000.0,2750.0,Rs./Quintal,Local
Sirkali(Uzhavar Sandhai ),0.18,Metric Tonnes,Cabbage,2500.0,3000.0,2750.0,Rs./Quintal,Local
Sivagangai (Uzhavar Sandhai ),0.38,Metric Tonnes,Cabbage,2800.0,3200.0,3000.0,Rs./Quintal,Local
Sivakasi(Uzhavar Sandhai ),0.03,Metric Tonnes,Cabbage,3500.0,4000.0,3750.0,Rs./Quintal,Local
Sooramangalam(Uzhavar Sandhai ),0.38,Metric Tonnes,Cabbage,2500.0,3000.0,2750.0,Rs./Quintal,Local
Srivilliputhur(Uzhavar Sandhai ),0.14,Metric Tonnes,Cabbage,3000.0,3500.0,3250.0,Rs./Quintal,Local
Sulur(Uzhavar Sandhai ),0.25,Metric Tonnes,Cabbage,2500.0,3000.0,2750.0,Rs./Quintal,Local
Sundarapuram(Uzhavar Sandhai ),0.29,Metric Tonnes,Cabbage,2500.0,3000.0,2750.0,Rs./Quintal,Local
Sunguvarchatram(Uzhavar Sandhai ),0.15,Metric Tonnes,Cabbage,3000.0,3000.0,3000.0,Rs./Quintal,Local
Tenkasi(Uzhavar Sandhai ),0.12,Metric Tonnes,Cabbage,3000.0,3000.0,3000.0,Rs./Quintal,Local
Thalavadi(Uzhavar Sandhai ),0.24,Metric Tonnes,Cabbage,1400.0,1800.0,1600.0,Rs./Quintal,Local
Thalavaipuram(Uzhavar Sandhai ),0.03,Metric Tonnes,Cabbage,2600.0,3200.0,2900.0,Rs./Quintal,Local
Thammampatti (Uzhavar Sandhai ),0.36,Metric Tonnes,Cabbage,3500.0,4000.0,3750.0,Rs./Quintal,Local
Thanjavur(Uzhavar Sandhai ),0.24,Metric Tonnes,Cabbage,3200.0,3200.0,3200.0,Rs./Quintal,Local
Thathakapatti(Uzhavar Sandhai ),0.28,Metric Tonnes,Cabbage,3400.0,3600.0,3500.0,Rs./Quintal,Local
Theni(Uzhavar Sandhai ),1.64,Metric Tonnes,Cabbage,2800.0,2800.0,2800.0,Rs./Quintal,Local
Thirupathur APMC,0.3,Metric Tonnes,Cabbage,3400.0,3400.0,3400.0,Rs./Quintal,Local
Thiruverumbur(Uzhavar Sandhai ),0.25,Metric Tonnes,Cabbage,3200.0,3200.0,3200.0,Rs./Quintal,Local
Thuraiyur APMC,0.3,Metric Tonnes,Cabbage,2500.0,3000.0,2750.0,Rs./Quintal,Local
Tindivanam APMC,0.08,Metric Tonnes,Cabbage,3500.0,3500.0,3500.0,Rs./Quintal,Local
Tiruchengode APMC,0.17,Metric Tonnes,Cabbage,2500.0,3000.0,2750.0,Rs./Quintal,Local
Tirupatthur(Uzhavar Sandhai ),0.16,Metric Tonnes,Cabbage,2800.0,3000.0,2900.0,Rs./Quintal,Local
Tiruppur (North) (Uzhavar Sandhai ),0.21,Metric Tonnes,Cabbage,2500.0,3000.0,2750.0,Rs./Quintal,Local
Tiruppur (South) (Uzhavar Sandhai ),0.48,Metric Tonnes,Cabbage,1500.0,2000.0,1750.0,Rs./Quintal,Local
Tiruthani(Uzhavar Sandhai ),0.05,Metric Tonnes,Cabbage,4000.0,4000.0,4000.0,Rs./Quintal,Local
Tiruvannamalai(Uzhavar Sandhai ),0.42,Metric Tonnes,Cabbage,2500.0,3000.0,2750.0,Rs./Quintal,Local
Tuticorin(Uzhavar Sandhai ),0.12,Metric Tonnes,Cabbage,3000.0,3500.0,3250.0,Rs./Quintal,Local
Udhagamandalam(Uzhavar Sandhai ),1.11,Metric Tonnes,Cabbage,2000.0,2500.0,2250.0,Rs./Quintal,Local
Udumalpet APMC,0.22,Metric Tonnes,Cabbage,3000.0,3500.0,3250.0,Rs./Quintal,Local
Vadalur(Uzhavar Sandhai ),0.04,Metric Tonnes,Cabbage,3000.0,3000.0,3000.0,Rs./Quintal,Local
Vadaseri APMC,0.2,Metric Tonnes,Cabbage,5000.0,5500.0,5250.0,Rs./Quintal,Local
Vadavalli(Uzhavar Sandhai ),0.36,Metric Tonnes,Cabbage,2000.0,2400.0,2200.0,Rs./Quintal,Local
Vaniyampadi(Uzhavar Sandhai ),0.19,Metric Tonnes,Cabbage,4000.0,4000.0,4000.0,Rs./Quintal,Local
Vazhapadi(Uzhavar Sandhai),0.02,Metric Tonnes,Cabbage,3000.0,3000.0,3000.0,Rs./Quintal,Local
Vedaranyam(Uzhavar Sandhai),0.06,Metric Tonnes,Cabbage,3000.0,3800.0,3400.0,Rs./Quintal,Local
Vellore APMC,0.2,Metric Tonnes,Cabbage,2000.0,2500.0,2250.0,Rs./Quintal,Local
Villupuram(Uzhavar Sandhai ),0.02,Metric Tonnes,Cabbage,4000.0,4000.0,4000.0,Rs./Quintal,Local
Virudhunagar(Uzhavar Sandhai ),0.02,Metric Tonnes,Cabbage,3500.0,4000.0,3750.0,Rs./Quintal,Local
Viruthachalam(Uzhavar Sandhai ),0.02,Metric Tonnes,Cabbage,3000.0,3000.0,3000.0,Rs./Quintal,Local
Total,42.36,Metric Tonnes,,,,2850.61,Rs./Quintal,
State/UT Name : Telangana
Adilabad (Rythu Bazar) ,1.8,Metric Tonnes,Cabbage,4000.0,4200.0,4000.0,Rs./Quintal,Local
"Alwal,RBZ",1.0,Metric Tonnes,Other,1300.0,1300.0,1300.0,Rs./Quintal,FAQ
Bowenpally APMC,137.70000000000002,Metric Tonnes,Cabbage,500.0,1000.0,800.0,Rs./Quintal,FAQ
Gudimalkapur APMC,24.5,Metric Tonnes,Cabbage,800.0,1000.0,900.0,Rs./Quintal,Grade B
"Kukatpally,RBZ",5.2,Metric Tonnes,Cabbage,1300.0,1300.0,1300.0,Rs./Quintal,Local
Mahabubnagar(Rythu Bazar),1.28,Metric Tonnes,Cabbage,3000.0,3000.0,3000.0,Rs./Quintal,Local
Mahboob Manison APMC,3.5,Metric Tonnes,Cabbage,1000.0,1200.0,1100.0,Rs./Quintal,Medium
Miryalguda(Rythu Bazar) ,0.3,Metric Tonnes,Cabbage,2500.0,2500.0,2500.0,Rs./Quintal,Grade A
RYTHU BAZAR MEHDIPATNAM,0.7,Metric Tonnes,Cabbage,1300.0,1300.0,1300.0,Rs./Quintal,Grade A
"Saroornagar,RBZ",2.7,Metric Tonnes,Other,1300.0,1300.0,1300.0,Rs./Quintal,Medium
Shadnagar APMC,4.0,Metric Tonnes,Cabbage,1200.0,1800.0,1400.0,Rs./Quintal,Local
"Vanasthalipuram,RBZ ",1.9,Metric Tonnes,Cabbage,1300.0,1300.0,1300.0,Rs./Quintal,Grade A
Vantamamidi APMC,4.1000000000000005,Metric Tonnes,Cabbage,600.0,1000.0,800.0,Rs./Quintal,Local
Venkateswarnagar APMC,0.2,Metric Tonnes,Cabbage,1000.0,1400.0,1200.0,Rs./Quintal,Grade A
Warangal APMC,2.3000000000000003,Metric Tonnes,Cabbage,1600.0,2000.0,1800.0,Rs./Quintal,FAQ
Total,191.18,Metric Tonnes,,,,920.91,Rs./Quintal,
State/UT Name : Tripura
Sonamura APMC,0.12,Metric Tonnes,Cabbage,2700.0,3000.0,2800.0,Rs./Quintal,Medium
Total,0.12,Metric Tonnes,,,,2800.0,Rs./Quintal,
State/UT Name : Uttar Pradesh
Ahirora APMC,0.2,Metric Tonnes,Cabbage,800.0,1000.0,900.0,Rs./Quintal,Medium
Dudhi APMC,0.2,Metric Tonnes,Cabbage,900.0,1100.0,1000.0,Rs./Quintal,Medium
Jalaun APMC,0.4,Metric Tonnes,Cabbage,2000.0,2000.0,2000.0,Rs./Quintal,FAQ
Kairana APMC,0.4,Metric Tonnes,Cabbage,1500.0,1600.0,1550.0,Rs./Quintal,FAQ
Maigalganj APMC,0.5,Metric Tonnes,Cabbage,880.0,920.0,900.0,Rs./Quintal,FAQ
Total,1.7,Metric Tonnes,,,,1323.53,Rs./Quintal,
State/UT Name : Uttarakhand
Jaspur(UC) APMC,1.2000000000000002,Metric Tonnes,Cabbage,1800.0,2000.0,1900.0,Rs./Quintal,FAQ
Kotadwara APMC,0.1,Metric Tonnes,Cabbage,1100.0,1100.0,1100.0,Rs./Quintal,FAQ
Vikasnagar APMC,2.3000000000000003,Metric Tonnes,Cabbage,600.0,2000.0,1000.0,Rs./Quintal,Medium
Total,3.6,Metric Tonnes,,,,1302.78,Rs./Quintal,
State/UT Name : West Bengal
Darjeeling APMC,1.4,Metric Tonnes,Other,2800.0,3000.0,2900.0,Rs./Quintal,FAQ
Durgapur APMC,5.4,Metric Tonnes,Other,1900.0,2100.0,2050.0,Rs./Quintal,FAQ
Karsiyang(Matigara) APMC,1.2,Metric Tonnes,Other,2800.0,3000.0,2900.0,Rs./Quintal,FAQ
Medinipur(West) APMC,1.0,Metric Tonnes,Cabbage,3500.0,3700.0,3600.0,Rs./Quintal,FAQ
Raiganj APMC,2.0,Metric Tonnes,Cabbage,2800.0,3200.0,3000.0,Rs./Quintal,FAQ
Sealdah Koley Market APMC,8.5,Metric Tonnes,Other,3000.0,3200.0,3200.0,Rs./Quintal,FAQ
Total,19.5,Metric Tonnes,,,,2841.54,Rs./Quintal,
Grand Total,3422.33,Metric Tonnes,,,,2748.06,Rs./Quintal,
Carrot
State/UT Name : Assam
Pamohi(Garchuk) APMC,12.0,Metric Tonnes,Carrot,3000.0,4000.0,3500.0,Rs./Quintal,FAQ
Tinsukia Market,0.8,Metric Tonnes,Carrot,6000.0,8000.0,7000.0,Rs./Quintal,FAQ
Total,12.8,Metric Tonnes,,,,3718.75,Rs./Quintal,
State/UT Name : Chandigarh
Chandigarh (Grain/F&V) APMC,17.44,Metric Tonnes,Carrot,1500.0,2000.0,1800.0,Rs./Quintal,FAQ
Total,17.44,Metric Tonnes,,,,1800.0,Rs./Quintal,
State/UT Name : Chattisgarh
Rajnandgaon APMC,6.8,Metric Tonnes,Carrot,2500.0,3000.0,2800.0,Rs./Quintal,Grade B
Tiphra APMC,8.0,Metric Tonnes,Carrot,3000.0,3200.0,3100.0,Rs./Quintal,Grade B
Total,14.8,Metric Tonnes,,,,2962.16,Rs./Quintal,
State/UT Name : Gujarat
Dahod(Veg. Market) APMC,0.2,Metric Tonnes,Carrot,2500.0,3000.0,2700.0,Rs./Quintal,Local
Navsari APMC,1.16,Metric Tonnes,Carrot,2500.0,3000.0,2750.0,Rs./Quintal,Local
Vadodara(Sayajipura) APMC,1.6600000000000001,Metric Tonnes,Other,1500.0,2000.0,1800.0,Rs./Quintal,FAQ
Total,3.02,Metric Tonnes,,,,2224.5,Rs./Quintal,
State/UT Name : Haryana
Bahadurgarh APMC,0.2,Metric Tonnes,Other,5500.0,6000.0,5800.0,Rs./Quintal,Medium
Ganaur APMC,0.1,Metric Tonnes,Carrot,4000.0,5000.0,4500.0,Rs./Quintal,Medium
Gohana APMC,0.1,Metric Tonnes,Other,6000.0,8000.0,7000.0,Rs./Quintal,Medium
Jagadhri APMC,0.10800000000000001,Metric Tonnes,Other,1800.0,2000.0,1900.0,Rs./Quintal,Medium
Samalkha APMC,0.15000000000000002,Metric Tonnes,Carrot,4000.0,4000.0,4000.0,Rs./Quintal,FAQ
Thanesar APMC,0.9,Metric Tonnes,Carrot,2000.0,2500.0,2250.0,Rs./Quintal,Medium
Total,1.56,Metric Tonnes,,,,3299.23,Rs./Quintal,
State/UT Name : Himachal Pradesh
PMY Hamirpur,0.15000000000000002,Metric Tonnes,Other,4500.0,5000.0,4750.0,Rs./Quintal,Grade B
PMY Kangra,0.15000000000000002,Metric Tonnes,Carrot,2500.0,3000.0,2700.0,Rs./Quintal,FAQ
PMY Kullu,0.9,Metric Tonnes,Other,3000.0,3500.0,3200.0,Rs./Quintal,FAQ
SMY Bhuntar,0.4,Metric Tonnes,Other,3000.0,3500.0,3300.0,Rs./Quintal,FAQ
SMY Jogindernagar,0.03,Metric Tonnes,Carrot,2800.0,3000.0,2900.0,Rs./Quintal,Grade B
SMY Palampur,0.1,Metric Tonnes,Carrot,3400.0,3500.0,3450.0,Rs./Quintal,FAQ
Total,1.73,Metric Tonnes,,,,3323.41,Rs./Quintal,
State/UT Name : Jammu and Kashmir
Parimpore Srinagar (F&V),54.0,Metric Tonnes,Other,5000.0,5500.0,5250.0,Rs./Quintal,Local
Total,54.0,Metric Tonnes,,,,5250.0,Rs./Quintal,
State/UT Name : Karnataka
Bangarpet APMC,0.7000000000000001,Metric Tonnes,Carrot,1700.0,3000.0,2500.0,Rs./Quintal,Local
Binny Mill (FF&V) Bengaluru APMC,35.9,Metric Tonnes,Carrot,4000.0,5000.0,4500.0,Rs./Quintal,Local
Chamarajanagar APMC,3.0,Metric Tonnes,Carrot,1800.0,3200.0,2500.0,Rs./Quintal,Local
Chickkaballapura APMC,8.5,Metric Tonnes,Carrot,2500.0,3500.0,3000.0,Rs./Quintal,Local
Chikkamagaluru APMC,2.0,Metric Tonnes,Other,4200.0,4200.0,4200.0,Rs./Quintal,Local
Chintamani APMC,1.0,Metric Tonnes,Carrot,2000.0,4000.0,3000.0,Rs./Quintal,Local
Davangere APMC,2.5,Metric Tonnes,Carrot,1000.0,3200.0,2200.0,Rs./Quintal,Local
Gauribidanur APMC,0.4,Metric Tonnes,Carrot,1500.0,2500.0,2000.0,Rs./Quintal,Local
Hoskote APMC,23.0,Metric Tonnes,Carrot,3200.0,3400.0,3300.0,Rs./Quintal,Large
Kolar APMC,9.0,Metric Tonnes,Carrot,2500.0,4000.0,3000.0,Rs./Quintal,Local
Malur APMC,28.900000000000002,Metric Tonnes,Carrot,4000.0,5000.0,4500.0,Rs./Quintal,Local
Mulbagal APMC,0.2,Metric Tonnes,Carrot,800.0,2000.0,1400.0,Rs./Quintal,Local
Mysuru APMC,7.300000000000001,Metric Tonnes,Carrot,2800.0,3000.0,3000.0,Rs./Quintal,Medium
Nanjangud APMC,4.0,Metric Tonnes,Carrot,2380.0,3333.0,3030.0,Rs./Quintal,Local
Ramanagara APMC,0.7000000000000001,Metric Tonnes,Carrot,4000.0,6000.0,5000.0,Rs./Quintal,Local
Shimoga APMC,3.6,Metric Tonnes,Carrot,3000.0,4000.0,3500.0,Rs./Quintal,Local
T. Narasipura APMC,0.8,Metric Tonnes,Carrot,1500.0,2000.0,2000.0,Rs./Quintal,Small
Total,131.5,Metric Tonnes,,,,3794.3,Rs./Quintal,
State/UT Name : Keralam
Adimali Market,0.05,Metric Tonnes,Carrot,6000.0,7000.0,6500.0,Rs./Quintal,Medium
Anchal Market,0.4,Metric Tonnes,Carrot,4800.0,4800.0,4800.0,Rs./Quintal,Local
Aralamoodu Market,2.0,Metric Tonnes,Carrot,5000.0,8000.0,6000.0,Rs./Quintal,FAQ
Aroor Market,0.2,Metric Tonnes,Other,8000.0,8200.0,8100.0,Rs./Quintal,FAQ
Attingal Market,900.0,Metric Tonnes,Other,7800.0,8500.0,8000.0,Rs./Quintal,Local
Balarampuram Market,0.4,Metric Tonnes,Carrot,7000.0,7000.0,7000.0,Rs./Quintal,FAQ
Chalakudy Market,0.02,Metric Tonnes,Carrot,7000.0,8000.0,7800.0,Rs./Quintal,FAQ
Chelakkara Market,0.15,Metric Tonnes,Carrot,8000.0,8500.0,8200.0,Rs./Quintal,FAQ
Chengannur Market,0.6,Metric Tonnes,Other,6500.0,7000.0,6800.0,Rs./Quintal,FAQ
Harippad Market,0.6,Metric Tonnes,Other,8000.0,8500.0,8000.0,Rs./Quintal,FAQ
Kallachi Market,0.1,Metric Tonnes,Carrot,5800.0,6200.0,6000.0,Rs./Quintal,FAQ
Kanjirappally Market,0.5,Metric Tonnes,Carrot,7500.0,8000.0,7800.0,Rs./Quintal,FAQ
Kattappana Market,2.0,Metric Tonnes,Other,7000.0,8000.0,7500.0,Rs./Quintal,Medium
Kayamkulam Market,1.0,Metric Tonnes,Other,5900.0,6100.0,6000.0,Rs./Quintal,FAQ
Koduvayoor Market,0.7,Metric Tonnes,Carrot,5200.0,5600.0,5400.0,Rs./Quintal,Medium
Kollengode Market,0.7,Metric Tonnes,Carrot,6000.0,6400.0,6200.0,Rs./Quintal,FAQ
Kothamangalam Market,1.0,Metric Tonnes,Carrot,6000.0,7000.0,6500.0,Rs./Quintal,FAQ
Kuruppanthura Market,0.1,Metric Tonnes,Other,6000.0,6200.0,6200.0,Rs./Quintal,FAQ
Madhavapuram Market,0.7,Metric Tonnes,Other,9000.0,9400.0,9200.0,Rs./Quintal,FAQ
Manjeri Market,6.0,Metric Tonnes,Other,6950.0,7050.0,7000.0,Rs./Quintal,Local
Neyyatinkara Market,0.02,Metric Tonnes,Other,5400.0,6000.0,5700.0,Rs./Quintal,FAQ
Pala Market,1.0,Metric Tonnes,Carrot,8800.0,9400.0,9200.0,Rs./Quintal,FAQ
Parappanangadi Market,1.0,Metric Tonnes,Other,5500.0,5700.0,5600.0,Rs./Quintal,Grade A
Parassala Market,0.2,Metric Tonnes,Carrot,2800.0,3200.0,3000.0,Rs./Quintal,Local
Perinthalmanna Market,4.0,Metric Tonnes,Carrot,4500.0,5500.0,5000.0,Rs./Quintal,Large
Perumbavoor Market,3.0,Metric Tonnes,Carrot,4500.0,6000.0,5000.0,Rs./Quintal,Medium
Piravam Market,5.0,Metric Tonnes,Carrot,7000.0,8500.0,8000.0,Rs./Quintal,Local
Pothencode Market,550.0,Metric Tonnes,Carrot,5000.0,5200.0,5000.0,Rs./Quintal,Local
Quilandy Market,0.25,Metric Tonnes,Other,5800.0,6200.0,6000.0,Rs./Quintal,FAQ
Thalasserry Market,0.2,Metric Tonnes,Carrot,6000.0,7000.0,6500.0,Rs./Quintal,FAQ
Thodupuzha Market,0.2,Metric Tonnes,Other,6600.0,6800.0,6800.0,Rs./Quintal,Grade Range-1
Vadakkenchery Market,0.2,Metric Tonnes,Carrot,7500.0,9500.0,9500.0,Rs./Quintal,FAQ
Vamanapuram Market,0.13,Metric Tonnes,Other,5500.0,6000.0,6000.0,Rs./Quintal,FAQ
Total,1482.42,Metric Tonnes,,,,6857.34,Rs./Quintal,
State/UT Name : Madhya Pradesh
Bhopal(F&V) APMC,13.0,Metric Tonnes,Other,1000.0,2000.0,1500.0,Rs./Quintal,Local
Indore(F&V) APMC,25.0,Metric Tonnes,Carrot,400.0,1000.0,600.0,Rs./Quintal,Local
Katni(F&V) APMC,0.1,Metric Tonnes,Other,1600.0,1600.0,1600.0,Rs./Quintal,Grade C
Sehore(F&V) APMC,0.30000000000000004,Metric Tonnes,Carrot,2500.0,3500.0,3000.0,Rs./Quintal,Grade Range-1
Seoni(F&V) APMC,0.54,Metric Tonnes,Carrot,900.0,900.0,900.0,Rs./Quintal,Grade C
Total,38.94,Metric Tonnes,,,,925.68,Rs./Quintal,
State/UT Name : Maharashtra
APMC Ahilyanagar ,2.2,Metric Tonnes,Other,1800.0,3000.0,2400.0,Rs./Quintal,Local
APMC Akluj ,1.2,Metric Tonnes,Other,2500.0,4000.0,3500.0,Rs./Quintal,Local
APMC Bhusaval ,0.1,Metric Tonnes,Other,2500.0,2500.0,2500.0,Rs./Quintal,Local
APMC Dharashiv ,0.4,Metric Tonnes,Other,2500.0,5000.0,3750.0,Rs./Quintal,Local
APMC Jalgaon ,0.9,Metric Tonnes,Other,1500.0,2500.0,2000.0,Rs./Quintal,Local
APMC Mumbai ,152.5,Metric Tonnes,Other,1600.0,2400.0,2000.0,Rs./Quintal,Local
APMC Panvel ,6.0,Metric Tonnes,Other,3000.0,4000.0,3500.0,Rs./Quintal,Local
APMC Pune ,76.8,Metric Tonnes,Other,1000.0,2500.0,1750.0,Rs./Quintal,Local
APMC Solapur ,3.1,Metric Tonnes,Other,1000.0,4000.0,2000.0,Rs./Quintal,Local
Amrawati(Frui & Veg. Market) ,5.8,Metric Tonnes,Other,2000.0,2500.0,2250.0,Rs./Quintal,Local
Junnar(Narayangaon) ,1.2,Metric Tonnes,Other,2000.0,2500.0,2300.0,Rs./Quintal,Local
Khed(Chakan) ,11.5,Metric Tonnes,Other,1500.0,2500.0,2000.0,Rs./Quintal,Local
Pune(Khadiki) ,0.5,Metric Tonnes,Other,1300.0,1600.0,1450.0,Rs./Quintal,Local
Pune(Manjri) ,0.5,Metric Tonnes,Other,2000.0,4000.0,3000.0,Rs./Quintal,Local
Pune(Moshi) ,6.5,Metric Tonnes,Other,2000.0,2500.0,2250.0,Rs./Quintal,Local
Total,269.2,Metric Tonnes,,,,1988.45,Rs./Quintal,
State/UT Name : NCT of Delhi
APMC Azadpur,96.1,Metric Tonnes,Carrot,2000.0,3500.0,2800.0,Rs./Quintal,FAQ
APMC Keshopur,0.6000000000000001,Metric Tonnes,Other,3000.0,4000.0,3600.0,Rs./Quintal,FAQ
"Fruit&Vegetable Market,Gazipur APMC",6.53,Metric Tonnes,Carrot,2200.0,2600.0,2400.0,Rs./Quintal,FAQ
Total,103.23,Metric Tonnes,,,,2779.35,Rs./Quintal,
State/UT Name : Punjab
Adampur APMC,0.1,Metric Tonnes,Carrot,1800.0,2000.0,2000.0,Rs./Quintal,FAQ
Batala APMC,0.5,Metric Tonnes,Other,3000.0,3500.0,3200.0,Rs./Quintal,Grade C
Bhawanigarh APMC,0.2,Metric Tonnes,Other,2800.0,3000.0,2900.0,Rs./Quintal,Local
Dinanagar APMC,1.5,Metric Tonnes,Other,3000.0,3500.0,3300.0,Rs./Quintal,Medium
Doraha APMC,0.025,Metric Tonnes,Carrot,2000.0,3000.0,2500.0,Rs./Quintal,Local
Ludhiana APMC,4.3,Metric Tonnes,Other,800.0,1400.0,1100.0,Rs./Quintal,FAQ
Mansa APMC,0.2,Metric Tonnes,Carrot,3000.0,3000.0,3000.0,Rs./Quintal,FAQ
Naushera Pannuan APMC,0.07,Metric Tonnes,Other,2000.0,2000.0,2000.0,Rs./Quintal,Local
Patiala APMC,1.8,Metric Tonnes,Carrot,1000.0,1500.0,1200.0,Rs./Quintal,Grade B
Patran APMC,3.0,Metric Tonnes,Other,2000.0,2000.0,2000.0,Rs./Quintal,Grade A
Patti APMC,0.19,Metric Tonnes,Other,480.0,480.0,480.0,Rs./Quintal,Local
Rampuraphul(Nabha Mandi) APMC,0.5,Metric Tonnes,Other,1500.0,2500.0,2000.0,Rs./Quintal,Grade A
Samana APMC,32.0,Metric Tonnes,Other,1800.0,2600.0,2100.0,Rs./Quintal,Grade Range-2
Sangrur APMC,0.4,Metric Tonnes,Carrot,1200.0,2000.0,1600.0,Rs./Quintal,Grade B
Total,44.78,Metric Tonnes,,,,2008.57,Rs./Quintal,
State/UT Name : Rajasthan
Jodhpur (F&V) APMC,0.4,Metric Tonnes,Other,2000.0,2500.0,2200.0,Rs./Quintal,Medium
Sriganganagar (F&V) APMC,1.0,Metric Tonnes,Carrot,2800.0,3200.0,3000.0,Rs./Quintal,Grade A
Udaipur (F&V) APMC,0.8,Metric Tonnes,Other,2000.0,2500.0,2250.0,Rs./Quintal,Medium
Total,2.2,Metric Tonnes,,,,2581.82,Rs./Quintal,
State/UT Name : Tamil Nadu
AJattihalli(Uzhavar Sandhai ),0.11,Metric Tonnes,Pusakesar,6200.0,6400.0,6300.0,Rs./Quintal,Local
Ammapet(Uzhavar Sandhai ),0.14,Metric Tonnes,Pusakesar,6600.0,7000.0,6800.0,Rs./Quintal,Local
Anaiyur(Uzhavar Sandhai ),0.17,Metric Tonnes,Pusakesar,4000.0,5500.0,4750.0,Rs./Quintal,Local
Andipatti(Uzhavar Sandhai ),0.18,Metric Tonnes,Pusakesar,5000.0,5400.0,5200.0,Rs./Quintal,Local
Anna nagar(Uzhavar Sandhai ),0.54,Metric Tonnes,Pusakesar,6800.0,6800.0,6800.0,Rs./Quintal,Local
Arani(Uzhavar Sandhai ),0.2,Metric Tonnes,Pusakesar,6000.0,7200.0,6600.0,Rs./Quintal,Local
Arcot(Uzhavar Sandhai ),0.1,Metric Tonnes,Pusakesar,5000.0,6000.0,5500.0,Rs./Quintal,Local
Ariyalur(Uzhavar Sandhai),0.02,Metric Tonnes,Pusakesar,7000.0,8000.0,7500.0,Rs./Quintal,Local
Aruppukottai(Uzhavar Sandhai ),0.14,Metric Tonnes,Pusakesar,6500.0,7000.0,6750.0,Rs./Quintal,Local
Athur(Uzhavar Sandhai ),0.3,Metric Tonnes,Pusakesar,6500.0,7000.0,6750.0,Rs./Quintal,Local
Avallapalli(Uzhavar Sandhai ),0.23,Metric Tonnes,Pusakesar,4000.0,4500.0,4250.0,Rs./Quintal,Local
Chengalpet(Uzhavar Sandhai ),0.08,Metric Tonnes,Pusakesar,9000.0,10000.0,9500.0,Rs./Quintal,Local
Chengam(Uzhavar Sandhai ),0.13,Metric Tonnes,Pusakesar,6000.0,7200.0,6600.0,Rs./Quintal,Local
Cheyyar(Uzhavar Sandhai ),0.1,Metric Tonnes,Pusakesar,6000.0,7200.0,6600.0,Rs./Quintal,Local
Chinnalapatti(Uzhavar Sandhai ),0.05,Metric Tonnes,Pusakesar,7600.0,8000.0,7800.0,Rs./Quintal,Local
Chinnamanur(Uzhavar Sandhai ),0.23,Metric Tonnes,Pusakesar,5400.0,5400.0,5400.0,Rs./Quintal,Local
Chokkikulam(Uzhavar Sandhai ),0.85,Metric Tonnes,Pusakesar,4000.0,6000.0,5000.0,Rs./Quintal,Local
Coonoor(Uzhavar Sandhai ),0.26,Metric Tonnes,Pusakesar,5000.0,5500.0,5250.0,Rs./Quintal,Local
Cuddalore(Uzhavar Sandhai ),0.17,Metric Tonnes,Pusakesar,5000.0,5000.0,5000.0,Rs./Quintal,Local
Denkanikottai(Uzhavar Sandhai ),0.29,Metric Tonnes,Pusakesar,4000.0,4500.0,4250.0,Rs./Quintal,Local
Devakottai (Uzhavar Sandhai ),0.13,Metric Tonnes,Pusakesar,4200.0,6200.0,5200.0,Rs./Quintal,Local
Dharapuram(Uzhavar Sandhai ),0.65,Metric Tonnes,Pusakesar,6500.0,7000.0,6750.0,Rs./Quintal,Local
Dharmapuri(Uzhavar Sandhai ),0.27,Metric Tonnes,Pusakesar,6200.0,6400.0,6300.0,Rs./Quintal,Local
Dindigul(Uzhavar Sandhai ),0.35,Metric Tonnes,Pusakesar,7000.0,8000.0,7500.0,Rs./Quintal,Local
Edapadi (Uzhavar Sandhai ),0.18,Metric Tonnes,Pusakesar,6500.0,7000.0,6750.0,Rs./Quintal,Local
Elampillai(Uzhavar Sandhai ),0.15,Metric Tonnes,Pusakesar,6000.0,7000.0,6500.0,Rs./Quintal,Local
Gandhigramam(Uzhavar Sandhai),0.16,Metric Tonnes,Pusakesar,6000.0,7000.0,6500.0,Rs./Quintal,Local
Gingee(Uzhavar Sandhai ),0.04,Metric Tonnes,Pusakesar,5500.0,5500.0,5500.0,Rs./Quintal,Local
Gobichettipalayam(Uzhavar Sandhai ),0.13,Metric Tonnes,Pusakesar,6000.0,6600.0,6300.0,Rs./Quintal,Local
Gudalur(Uzhavar Sandhai ),0.03,Metric Tonnes,Pusakesar,4000.0,5000.0,4500.0,Rs./Quintal,Local
Gudiyatham(Uzhavar Sandhai ),0.05,Metric Tonnes,Pusakesar,5000.0,5600.0,5300.0,Rs./Quintal,Local
Harur(Uzhavar Sandhai ),0.12,Metric Tonnes,Pusakesar,7000.0,7500.0,7250.0,Rs./Quintal,Local
Hasthampatti(Uzhavar Sandhai ),0.18,Metric Tonnes,Pusakesar,6500.0,7000.0,6750.0,Rs./Quintal,Local
Hosur(Uzhavar Sandhai ),5.57,Metric Tonnes,Pusakesar,4000.0,4500.0,4250.0,Rs./Quintal,Local
Jalagandapuram(Uzhavar Sandhai ),0.04,Metric Tonnes,Pusakesar,6500.0,7000.0,6750.0,Rs./Quintal,Local
Jameenrayapettai(Uzhavar Sandhai ),0.09,Metric Tonnes,Pusakesar,7000.0,8000.0,7500.0,Rs./Quintal,Local
KKNagar(Uzhavar Sandhai ),0.55,Metric Tonnes,Pusakesar,7000.0,7000.0,7000.0,Rs./Quintal,Local
Kahithapattarai(Uzhavar Sandhai ),0.08,Metric Tonnes,Pusakesar,4000.0,4000.0,4000.0,Rs./Quintal,Local
Kallakurichi(Uzhavar Sandhai ),0.06,Metric Tonnes,Pusakesar,7000.0,7000.0,7000.0,Rs./Quintal,Local
Kambam(Uzhavar Sandhai ),0.8,Metric Tonnes,Pusakesar,5000.0,5000.0,5000.0,Rs./Quintal,Local
Karaikudi(Uzhavar Sandhai ),0.09,Metric Tonnes,Pusakesar,6000.0,6500.0,6250.0,Rs./Quintal,Local
Karimangalam(Uzhavar Sandhai),0.08,Metric Tonnes,Pusakesar,6000.0,6500.0,6250.0,Rs./Quintal,Local
Kariyapatti(Uzhavar Sandhai ),0.06,Metric Tonnes,Pusakesar,6500.0,7000.0,6750.0,Rs./Quintal,Local
Karur(Uzhavar Sandhai ),0.28,Metric Tonnes,Pusakesar,6500.0,7000.0,6750.0,Rs./Quintal,Local
Katpadi (Uzhavar Sandhai ),0.3,Metric Tonnes,Pusakesar,4500.0,4500.0,4500.0,Rs./Quintal,Local
Kaveripattinam(Uzhavar Sandhai ),0.04,Metric Tonnes,Pusakesar,7000.0,7000.0,7000.0,Rs./Quintal,Local
Kovilpatti(Uzhavar Sandhai ),0.12,Metric Tonnes,Pusakesar,6500.0,7000.0,6750.0,Rs./Quintal,Local
Krishnagiri(Uzhavar Sandhai ),0.27,Metric Tonnes,Pusakesar,4000.0,8000.0,6000.0,Rs./Quintal,Local
Kulithalai(Uzhavar Sandhai ),0.16,Metric Tonnes,Pusakesar,6000.0,7000.0,6500.0,Rs./Quintal,Local
Kumarapalayam(Uzhavar Sandhai ),0.03,Metric Tonnes,Pusakesar,7500.0,8000.0,7750.0,Rs./Quintal,Local
Kumbakonam (Uzhavar Sandhai ),0.17,Metric Tonnes,Pusakesar,6000.0,7800.0,6900.0,Rs./Quintal,Local
Kundrathur(Uzhavar Sandhai ),0.03,Metric Tonnes,Pusakesar,5000.0,5500.0,5250.0,Rs./Quintal,Local
Lalgudi(Uzhavar Sandhai ),0.14,Metric Tonnes,Pusakesar,7000.0,7000.0,7000.0,Rs./Quintal,Local
Manachanallur(Uzhavar Sandhai ),0.06,Metric Tonnes,Pusakesar,7000.0,7000.0,7000.0,Rs./Quintal,Local
Manapparai(Uzhavar Sandhai ),0.04,Metric Tonnes,Pusakesar,6600.0,6600.0,6600.0,Rs./Quintal,Local
Mannargudi I(Uzhavar Sandhai ),0.49,Metric Tonnes,Pusakesar,6400.0,6400.0,6400.0,Rs./Quintal,Local
Mannargudi II(Uzhavar Sandhai ),0.12,Metric Tonnes,Pusakesar,6400.0,6400.0,6400.0,Rs./Quintal,Local
Mayiladuthurai(Uzhavar Sandhai ),0.01,Metric Tonnes,Pusakesar,8000.0,9000.0,8500.0,Rs./Quintal,Local
Melapalayam(Uzhavar Sandhai ),0.36,Metric Tonnes,Pusakesar,3200.0,5600.0,4400.0,Rs./Quintal,Local
Mettupalayam(Uzhavar Sandhai ),0.48,Metric Tonnes,Pusakesar,6000.0,6500.0,6250.0,Rs./Quintal,Local
Mettur(Uzhavar Sandhai ),0.14,Metric Tonnes,Pusakesar,6000.0,7000.0,6500.0,Rs./Quintal,Local
Mohanur(Uzhavar Sandhai ),0.05,Metric Tonnes,Pusakesar,7400.0,8000.0,7700.0,Rs./Quintal,Local
Musiri(Uzhavar Sandhai ),0.35,Metric Tonnes,Pusakesar,6000.0,6500.0,6250.0,Rs./Quintal,Local
Myladi(Uzhavar Sandhai ),0.02,Metric Tonnes,Pusakesar,7500.0,8000.0,7750.0,Rs./Quintal,Local
NGO Colony(Uzhavar Sandhai ),0.35,Metric Tonnes,Pusakesar,4500.0,5600.0,5050.0,Rs./Quintal,Local
Nagapattinam(Uzhavar Sandhai ),0.09,Metric Tonnes,Pusakesar,7500.0,7500.0,7500.0,Rs./Quintal,Local
Namakkal(Uzhavar Sandhai ),0.38,Metric Tonnes,Pusakesar,6500.0,6800.0,6650.0,Rs./Quintal,Local
Nanganallur(Uzhavar Sandhai ),0.08,Metric Tonnes,Pusakesar,6500.0,7000.0,6750.0,Rs./Quintal,Local
Natrampalli(Uzhavar Sandhai ),0.35,Metric Tonnes,Pusakesar,5000.0,6000.0,5500.0,Rs./Quintal,Local
Palacode(Uzhavar Sandhai ),0.2,Metric Tonnes,Pusakesar,6300.0,6500.0,6400.0,Rs./Quintal,Local
Palanganatham(Uzhavar Sandhai ),0.5,Metric Tonnes,Pusakesar,4000.0,6000.0,5000.0,Rs./Quintal,Local
Palani(Uzhavar Sandhai ),0.62,Metric Tonnes,Pusakesar,6000.0,7500.0,6750.0,Rs./Quintal,Local
Palayamkottai(Uzhavar Sandhai ),0.85,Metric Tonnes,Pusakesar,3200.0,5600.0,4400.0,Rs./Quintal,Local
Palladam(Uzhavar Sandhai ),0.1,Metric Tonnes,Pusakesar,5500.0,6000.0,5750.0,Rs./Quintal,Local
Pallavaram(Uzhavar Sandhai ),0.11,Metric Tonnes,Pusakesar,7000.0,8000.0,7500.0,Rs./Quintal,Local
Pallikonda(Uzhavar Sandhai),0.03,Metric Tonnes,Pusakesar,4000.0,4500.0,4250.0,Rs./Quintal,Local
Papanasam(Uzhavar Sandhai ),0.04,Metric Tonnes,Pusakesar,6000.0,7200.0,6600.0,Rs./Quintal,Local
Paramakudi(Uzhavar Sandhai ),0.16,Metric Tonnes,Pusakesar,7000.0,7500.0,7250.0,Rs./Quintal,Local
Paramathivelur(Uzhavar Sandhai ),0.08,Metric Tonnes,Pusakesar,8200.0,9000.0,8600.0,Rs./Quintal,Local
Paruthipattu(Uzhavar Sandhai ),0.07,Metric Tonnes,Pusakesar,6000.0,6000.0,6000.0,Rs./Quintal,Local
Pattukottai(Uzhavar Sandhai ),0.08,Metric Tonnes,Pusakesar,7400.0,7400.0,7400.0,Rs./Quintal,Local
Pennagaram(Uzhavar Sandhai ),0.12,Metric Tonnes,Pusakesar,7200.0,7500.0,7350.0,Rs./Quintal,Local
Perambalur(Uzhavar Sandhai ),0.1,Metric Tonnes,Pusakesar,6800.0,6800.0,6800.0,Rs./Quintal,Local
Perampet(Uzhavar Sandhai),0.02,Metric Tonnes,Pusakesar,6000.0,6000.0,6000.0,Rs./Quintal,Local
Peravurani(Uzhavar Sandhai),0.02,Metric Tonnes,Pusakesar,7400.0,7400.0,7400.0,Rs./Quintal,Local
Periyakulam(Uzhavar Sandhai ),0.17,Metric Tonnes,Pusakesar,5000.0,5400.0,5200.0,Rs./Quintal,Local
Perundurai(Uzhavar Sandhai ),0.02,Metric Tonnes,Pusakesar,6000.0,6500.0,6250.0,Rs./Quintal,Local
Pollachi(Uzhavar Sandhai ),0.11,Metric Tonnes,Pusakesar,6000.0,6500.0,6250.0,Rs./Quintal,Local
Polur(Uzhavar Sandhai ),0.18,Metric Tonnes,Pusakesar,6000.0,7200.0,6600.0,Rs./Quintal,Local
Pudukottai(Uzhavar Sandhai ),0.16,Metric Tonnes,Pusakesar,6000.0,7000.0,6500.0,Rs./Quintal,Local
RSPuram(Uzhavar Sandhai ),2.15,Metric Tonnes,Pusakesar,5200.0,5600.0,5400.0,Rs./Quintal,Local
Rajapalayam(Uzhavar Sandhai ),0.2,Metric Tonnes,Pusakesar,4000.0,4500.0,4250.0,Rs./Quintal,Local
Ramanathapuram(Uzhavar Sandhai ),0.08,Metric Tonnes,Pusakesar,7000.0,7500.0,7250.0,Rs./Quintal,Local
Ranipettai(Uzhavar Sandhai ),0.08,Metric Tonnes,Pusakesar,5000.0,5000.0,5000.0,Rs./Quintal,Local
Rasipuram(Uzhavar Sandhai ),0.06,Metric Tonnes,Pusakesar,7000.0,8000.0,7500.0,Rs./Quintal,Local
Sampath Nagar(Uzhavar Sandhai ),0.15,Metric Tonnes,Pusakesar,6000.0,6200.0,6100.0,Rs./Quintal,Local
Sankarapuram(Uzhavar Sandhai ),0.13,Metric Tonnes,Pusakesar,7000.0,7000.0,7000.0,Rs./Quintal,Local
Sathiyamagalam(Uzhavar Sandhai ),0.23,Metric Tonnes,Pusakesar,6000.0,6500.0,6250.0,Rs./Quintal,Local
Sathur(Uzhavar Sandhai ),0.02,Metric Tonnes,Pusakesar,5500.0,6000.0,5750.0,Rs./Quintal,Local
Singampunari(Uzhavar Sandhai ),0.04,Metric Tonnes,Pusakesar,4400.0,6200.0,5300.0,Rs./Quintal,Local
Singanallur(Uzhavar Sandhai ),0.99,Metric Tonnes,Pusakesar,6000.0,6400.0,6200.0,Rs./Quintal,Local
Sirkali(Uzhavar Sandhai ),0.04,Metric Tonnes,Pusakesar,8000.0,8000.0,8000.0,Rs./Quintal,Local
Sivagangai (Uzhavar Sandhai ),0.24,Metric Tonnes,Pusakesar,4200.0,6200.0,5200.0,Rs./Quintal,Local
Sivakasi(Uzhavar Sandhai ),0.02,Metric Tonnes,Pusakesar,5000.0,6000.0,5500.0,Rs./Quintal,Local
Sooramangalam(Uzhavar Sandhai ),0.43,Metric Tonnes,Pusakesar,6500.0,7000.0,6750.0,Rs./Quintal,Local
Srivilliputhur(Uzhavar Sandhai ),0.06,Metric Tonnes,Pusakesar,3800.0,4500.0,4150.0,Rs./Quintal,Local
Sulur(Uzhavar Sandhai ),0.12,Metric Tonnes,Pusakesar,6000.0,6400.0,6200.0,Rs./Quintal,Local
Sundarapuram(Uzhavar Sandhai ),0.23,Metric Tonnes,Pusakesar,6000.0,6500.0,6250.0,Rs./Quintal,Local
Sunguvarchatram(Uzhavar Sandhai ),0.03,Metric Tonnes,Pusakesar,5500.0,5500.0,5500.0,Rs./Quintal,Local
Thalavadi(Uzhavar Sandhai ),0.09,Metric Tonnes,Pusakesar,6000.0,6500.0,6250.0,Rs./Quintal,Local
Thalavaipuram(Uzhavar Sandhai ),0.04,Metric Tonnes,Pusakesar,3600.0,4500.0,4050.0,Rs./Quintal,Local
Thammampatti (Uzhavar Sandhai ),0.13,Metric Tonnes,Pusakesar,6500.0,7000.0,6750.0,Rs./Quintal,Local
Thanjavur(Uzhavar Sandhai ),0.22,Metric Tonnes,Pusakesar,6600.0,6600.0,6600.0,Rs./Quintal,Local
Thathakapatti(Uzhavar Sandhai ),0.29,Metric Tonnes,Pusakesar,6500.0,7000.0,6750.0,Rs./Quintal,Local
Theni(Uzhavar Sandhai ),0.94,Metric Tonnes,Pusakesar,5400.0,5400.0,5400.0,Rs./Quintal,Local
Thirupathur APMC,0.25,Metric Tonnes,Pusakesar,7000.0,7000.0,7000.0,Rs./Quintal,Local
Thiruverumbur(Uzhavar Sandhai ),0.12,Metric Tonnes,Pusakesar,7000.0,7000.0,7000.0,Rs./Quintal,Local
Thuraiyur APMC,0.1,Metric Tonnes,Pusakesar,5600.0,6600.0,6100.0,Rs./Quintal,Local
Tindivanam APMC,0.07,Metric Tonnes,Pusakesar,5800.0,5800.0,5800.0,Rs./Quintal,Local
Tiruchengode APMC,0.12,Metric Tonnes,Pusakesar,6500.0,7000.0,6750.0,Rs./Quintal,Local
Tirukattupalli(Uzhavar Sandhai ),0.1,Metric Tonnes,Pusakesar,6600.0,6600.0,6600.0,Rs./Quintal,Local
Tirupatthur(Uzhavar Sandhai ),0.13,Metric Tonnes,Pusakesar,6000.0,6500.0,6250.0,Rs./Quintal,Local
Tiruppur (North) (Uzhavar Sandhai ),0.12,Metric Tonnes,Pusakesar,6000.0,7000.0,6500.0,Rs./Quintal,Local
Tiruppur (South) (Uzhavar Sandhai ),0.51,Metric Tonnes,Pusakesar,5000.0,6000.0,5500.0,Rs./Quintal,Local
Tiruthani(Uzhavar Sandhai ),0.05,Metric Tonnes,Pusakesar,6000.0,6000.0,6000.0,Rs./Quintal,Local
Tiruvannamalai(Uzhavar Sandhai ),0.28,Metric Tonnes,Pusakesar,5000.0,6000.0,5500.0,Rs./Quintal,Local
Tuticorin(Uzhavar Sandhai ),0.24,Metric Tonnes,Pusakesar,7500.0,8000.0,7750.0,Rs./Quintal,Local
Udhagamandalam(Uzhavar Sandhai ),0.52,Metric Tonnes,Pusakesar,3000.0,3500.0,3250.0,Rs./Quintal,Local
Udumalpet APMC,0.26,Metric Tonnes,Pusakesar,7000.0,7500.0,7250.0,Rs./Quintal,Local
Vadalur(Uzhavar Sandhai ),0.06,Metric Tonnes,Pusakesar,5000.0,6000.0,5500.0,Rs./Quintal,Local
Vadaseri APMC,0.18,Metric Tonnes,Pusakesar,7500.0,8000.0,7750.0,Rs./Quintal,Local
Vadavalli(Uzhavar Sandhai ),0.61,Metric Tonnes,Pusakesar,5200.0,5800.0,5500.0,Rs./Quintal,Local
Vandavasi(Uzhavar Sandhai ),0.03,Metric Tonnes,Pusakesar,6000.0,7200.0,6600.0,Rs./Quintal,Local
Vaniyampadi(Uzhavar Sandhai ),0.71,Metric Tonnes,Pusakesar,7000.0,7000.0,7000.0,Rs./Quintal,Local
Vazhapadi(Uzhavar Sandhai),0.02,Metric Tonnes,Pusakesar,6000.0,6500.0,6250.0,Rs./Quintal,Local
Vellore APMC,0.3,Metric Tonnes,Pusakesar,3500.0,4000.0,3750.0,Rs./Quintal,Local
Villupuram(Uzhavar Sandhai ),0.02,Metric Tonnes,Pusakesar,7000.0,7000.0,7000.0,Rs./Quintal,Local
Virudhunagar(Uzhavar Sandhai ),0.03,Metric Tonnes,Pusakesar,6500.0,7000.0,6750.0,Rs./Quintal,Local
Viruthachalam(Uzhavar Sandhai ),0.02,Metric Tonnes,Pusakesar,9000.0,9000.0,9000.0,Rs./Quintal,Local
Total,34.66,Metric Tonnes,,,,5686.01,Rs./Quintal,
State/UT Name : Telangana
"Alwal,RBZ",1.0,Metric Tonnes,Other,4500.0,4500.0,4500.0,Rs./Quintal,FAQ
Bowenpally APMC,712.9000000000001,Metric Tonnes,Carrot,1000.0,4000.0,3000.0,Rs./Quintal,FAQ
"Excise Colony,RBZ ",0.18,Metric Tonnes,Other,6000.0,6000.0,6000.0,Rs./Quintal,Grade A
Gudimalkapur APMC,26.900000000000002,Metric Tonnes,Carrot,2000.0,3500.0,2500.0,Rs./Quintal,Grade B
"Kukatpally,RBZ",9.6,Metric Tonnes,Carrot,4500.0,4500.0,4500.0,Rs./Quintal,Local
Mahboob Manison APMC,0.9,Metric Tonnes,Carrot,4000.0,5500.0,4750.0,Rs./Quintal,Medium
Miryalguda(Rythu Bazar) ,0.1,Metric Tonnes,Carrot,4500.0,4500.0,4500.0,Rs./Quintal,Grade A
RYTHU BAZAR MEHDIPATNAM,2.7,Metric Tonnes,Carrot,4500.0,4500.0,4500.0,Rs./Quintal,Grade A
Sangareddy APMC,0.1,Metric Tonnes,Other,3000.0,3000.0,3000.0,Rs./Quintal,Grade B
"Saroornagar,RBZ",3.3000000000000003,Metric Tonnes,Other,4500.0,4500.0,4500.0,Rs./Quintal,Medium
Shadnagar APMC,5.0,Metric Tonnes,Carrot,1600.0,2000.0,1800.0,Rs./Quintal,Local
"Vanasthalipuram,RBZ ",1.1,Metric Tonnes,Carrot,4500.0,4500.0,4500.0,Rs./Quintal,Grade A
Venkateswarnagar APMC,0.1,Metric Tonnes,Carrot,2500.0,2800.0,2600.0,Rs./Quintal,Grade A
Warangal APMC,3.3000000000000003,Metric Tonnes,Carrot,3500.0,4000.0,3750.0,Rs./Quintal,FAQ
Total,767.18,Metric Tonnes,,,,3015.38,Rs./Quintal,
State/UT Name : Uttar Pradesh
Maigalganj APMC,0.5,Metric Tonnes,Carrot,1260.0,1300.0,1280.0,Rs./Quintal,FAQ
Total,0.5,Metric Tonnes,,,,1280.0,Rs./Quintal,
State/UT Name : Uttarakhand
Kashipur APMC,0.6000000000000001,Metric Tonnes,Other,2400.0,2600.0,2500.0,Rs./Quintal,Local
Total,0.6,Metric Tonnes,,,,2500.0,Rs./Quintal,
State/UT Name : West Bengal
Gangarampur(Dakshin Dinajpur) APMC,0.1,Metric Tonnes,Other,3500.0,4000.0,3800.0,Rs./Quintal,FAQ
Ghatal APMC,2.0,Metric Tonnes,Carrot,3300.0,3500.0,3400.0,Rs./Quintal,FAQ
Karsiyang(Matigara) APMC,0.2,Metric Tonnes,Other,3100.0,3300.0,3200.0,Rs./Quintal,FAQ
Sealdah Koley Market APMC,11.5,Metric Tonnes,Other,3500.0,4500.0,4000.0,Rs./Quintal,FAQ
Total,13.8,Metric Tonnes,,,,3900.0,Rs./Quintal,
Grand Total,2994.36,Metric Tonnes,,,,4878.71,Rs./Quintal,
Onion
State/UT Name : Andhra Pradesh
Yerraguntla APMC,0.1,Metric Tonnes,Local,2600.0,3000.0,2800.0,Rs./Quintal,FAQ
Total,0.1,Metric Tonnes,,,,2800.0,Rs./Quintal,
State/UT Name : Assam
Pamohi(Garchuk) APMC,24.0,Metric Tonnes,Local,5200.0,5800.0,5300.0,Rs./Quintal,FAQ
Pamohi(Garchuk) APMC,25.0,Metric Tonnes,Onion,5400.0,6000.0,5500.0,Rs./Quintal,FAQ
Tinsukia Market,8.0,Metric Tonnes,Onion,4000.0,5000.0,4500.0,Rs./Quintal,FAQ
Total,57.0,Metric Tonnes,,,,5275.44,Rs./Quintal,
State/UT Name : Bihar
Balliah APMC,2.5,Metric Tonnes,1st Sort,5000.0,5200.0,5100.0,Rs./Quintal,Grade C
Balliah APMC,2.5,Metric Tonnes,1st Sort,5000.0,5200.0,5100.0,Rs./Quintal,Grade B
Balliah APMC,2.5,Metric Tonnes,1st Sort,5000.0,5200.0,5100.0,Rs./Quintal,Grade A
Chhapra APMC,110.0,Metric Tonnes,Other,3500.0,4500.0,4000.0,Rs./Quintal,Grade A
Madhuban APMC,100.0,Metric Tonnes,1st Sort,4000.0,4400.0,4200.0,Rs./Quintal,Local
Madhubani APMC,30.0,Metric Tonnes,Nasik,4500.0,4700.0,4600.0,Rs./Quintal,FAQ
Motihari APMC,100.0,Metric Tonnes,Other,4000.0,4200.0,4100.0,Rs./Quintal,Grade A
Raxaul APMC,3.5,Metric Tonnes,1st Sort,4200.0,4400.0,4300.0,Rs./Quintal,Grade A
Total,351.0,Metric Tonnes,,,,4163.25,Rs./Quintal,
State/UT Name : Chandigarh
Chandigarh (Grain/F&V) APMC,185.52,Metric Tonnes,Onion,2000.0,4500.0,4200.0,Rs./Quintal,FAQ
Total,185.52,Metric Tonnes,,,,4200.0,Rs./Quintal,
State/UT Name : Chattisgarh
Rajnandgaon APMC,29.5,Metric Tonnes,Onion,4100.0,5000.0,4500.0,Rs./Quintal,Grade B
Tiphra APMC,80.0,Metric Tonnes,Local,3300.0,3500.0,3400.0,Rs./Quintal,Grade B
Total,109.5,Metric Tonnes,,,,3696.35,Rs./Quintal,
State/UT Name : Goa
Mapusa APMC,9.85,Metric Tonnes,Onion,1500.0,3000.0,2800.0,Rs./Quintal,FAQ
Total,9.85,Metric Tonnes,,,,2800.0,Rs./Quintal,
State/UT Name : Gujarat
Bharuch APMC,16.5,Metric Tonnes,Other,1500.0,3100.0,2500.0,Rs./Quintal,Local
Bilimora APMC,1.0,Metric Tonnes,Nasik,3000.0,5000.0,4500.0,Rs./Quintal,FAQ
Dahod(Veg. Market) APMC,1.4000000000000001,Metric Tonnes,Onion,3500.0,5000.0,4000.0,Rs./Quintal,Local
Khambhat(Veg Yard Khambhat) APMC,0.30000000000000004,Metric Tonnes,Other,4000.0,5200.0,4800.0,Rs./Quintal,Local
Navsari APMC,17.1,Metric Tonnes,Onion,3000.0,4800.0,3900.0,Rs./Quintal,Grade A
Vadodara(Sayajipura) APMC,25.6,Metric Tonnes,Onion,3000.0,5500.0,4300.0,Rs./Quintal,FAQ
Total,61.9,Metric Tonnes,,,,3708.56,Rs./Quintal,
State/UT Name : Haryana
Ambala City(Subji Mandi) APMC,42.8,Metric Tonnes,Other,3050.0,3050.0,3050.0,Rs./Quintal,Non-FAQ
Bahadurgarh APMC,12.8,Metric Tonnes,Other,3800.0,4500.0,4000.0,Rs./Quintal,Medium
Ballabhgarh APMC,6.0,Metric Tonnes,Onion,2500.0,3200.0,3000.0,Rs./Quintal,FAQ
Barwala APMC,0.6000000000000001,Metric Tonnes,Onion,4000.0,4000.0,4000.0,Rs./Quintal,FAQ
Barwala(Hisar) APMC,4.5,Metric Tonnes,Onion,4200.0,5000.0,4600.0,Rs./Quintal,Local
Farukh Nagar APMC,1.7000000000000002,Metric Tonnes,Other,3400.0,4200.0,3800.0,Rs./Quintal,Medium
Ganaur APMC,1.5,Metric Tonnes,Onion,4000.0,5000.0,4500.0,Rs./Quintal,FAQ
Gohana APMC,4.1000000000000005,Metric Tonnes,Other,3000.0,5000.0,4000.0,Rs./Quintal,Medium
Gurgaon APMC,87.0,Metric Tonnes,Other,4000.0,4500.0,4250.0,Rs./Quintal,Grade B
Hansi APMC,12.0,Metric Tonnes,Other,4000.0,5000.0,4500.0,Rs./Quintal,FAQ
Hissar APMC,5.5,Metric Tonnes,Other,3600.0,4200.0,4000.0,Rs./Quintal,Medium
Indri APMC,0.6000000000000001,Metric Tonnes,Other,3800.0,4400.0,4000.0,Rs./Quintal,FAQ
Jagadhri APMC,3.197,Metric Tonnes,Other,3200.0,4400.0,4000.0,Rs./Quintal,FAQ
Kharkhoda APMC,3.6,Metric Tonnes,Other,3000.0,4000.0,3500.0,Rs./Quintal,FAQ
Kosli APMC,0.2,Metric Tonnes,Other,3000.0,3000.0,3000.0,Rs./Quintal,FAQ
Ladwa APMC,1.8,Metric Tonnes,Other,5500.0,6000.0,6000.0,Rs./Quintal,Non-FAQ
Madlauda APMC,0.25,Metric Tonnes,Onion,3500.0,3500.0,3500.0,Rs./Quintal,FAQ
Meham,0.30000000000000004,Metric Tonnes,Medium,5000.0,5000.0,5000.0,Rs./Quintal,Medium
Mohindergarh APMC,1.8,Metric Tonnes,Onion,2000.0,2500.0,2500.0,Rs./Quintal,Medium
Naraingarh APMC,6.097,Metric Tonnes,Onion,2200.0,4433.0,4200.0,Rs./Quintal,Medium
Narnaul APMC,2.0,Metric Tonnes,Onion,3500.0,4000.0,3800.0,Rs./Quintal,Medium
Narwana APMC,4.5,Metric Tonnes,Onion,4000.0,4000.0,4000.0,Rs./Quintal,Non-FAQ
"New Grain Market , Faridabad APMC",82.4,Metric Tonnes,Onion,3200.0,4000.0,3600.0,Rs./Quintal,Non-FAQ
"New Grain Market , Panchkula APMC",0.1,Metric Tonnes,Other,3600.0,3800.0,3700.0,Rs./Quintal,Grade A
Nuh APMC,2.2,Metric Tonnes,Other,2000.0,2200.0,2000.0,Rs./Quintal,Local
Panchkul(Kalka) APMC,0.1,Metric Tonnes,Other,3700.0,3900.0,3800.0,Rs./Quintal,Grade A
Panipat APMC,36.5,Metric Tonnes,Onion,1500.0,4500.0,3000.0,Rs./Quintal,Local
Pundri APMC,0.5,Metric Tonnes,Other,3400.0,3600.0,3500.0,Rs./Quintal,FAQ
Radaur APMC,0.9,Metric Tonnes,Nasik,4200.0,5000.0,4500.0,Rs./Quintal,Medium
Raipur Rani APMC,0.25,Metric Tonnes,Onion,1800.0,2000.0,1800.0,Rs./Quintal,Local
Ratia APMC,40.0,Metric Tonnes,Other,3500.0,4500.0,4000.0,Rs./Quintal,Grade A
Rewari APMC,2.2,Metric Tonnes,Medium,2500.0,5000.0,3500.0,Rs./Quintal,Medium
Sadhaura APMC,2.3000000000000003,Metric Tonnes,Onion,2600.0,2700.0,2650.0,Rs./Quintal,Local
Sampla APMC,1.5,Metric Tonnes,Other,3500.0,4000.0,4000.0,Rs./Quintal,Local
Shahabad APMC,6.7,Metric Tonnes,Onion,3500.0,4400.0,4200.0,Rs./Quintal,Medium
Shahzadpur APMC,0.5,Metric Tonnes,Local,3000.0,3000.0,3000.0,Rs./Quintal,Medium
Sirsa APMC,10.5,Metric Tonnes,Other,2500.0,4300.0,3800.0,Rs./Quintal,FAQ
Siwan APMC,1.8,Metric Tonnes,Other,3600.0,3900.0,3800.0,Rs./Quintal,FAQ
Sonepat APMC,4.0,Metric Tonnes,Onion,4000.0,4200.0,4000.0,Rs./Quintal,FAQ
Tarori APMC,0.9,Metric Tonnes,Other,3000.0,4000.0,3500.0,Rs./Quintal,Medium
Thanesar APMC,22.1,Metric Tonnes,Onion,4000.0,5000.0,4500.0,Rs./Quintal,Medium
Uklana APMC,0.2,Metric Tonnes,Onion,3500.0,4000.0,4000.0,Rs./Quintal,Medium
Total,418.49,Metric Tonnes,,,,3795.96,Rs./Quintal,
State/UT Name : Himachal Pradesh
PMY Bilaspur,2.6,Metric Tonnes,Other,4200.0,4800.0,4400.0,Rs./Quintal,Grade B
PMY Chamba,1.881,Metric Tonnes,Onion,4500.0,5000.0,4750.0,Rs./Quintal,Medium
PMY Hamirpur,0.7000000000000001,Metric Tonnes,Other,4600.0,4800.0,4700.0,Rs./Quintal,Grade B
PMY Kangra,2.1,Metric Tonnes,Onion,5200.0,5500.0,5500.0,Rs./Quintal,FAQ
PMY Kather Solan,7.164,Metric Tonnes,Other,4800.0,5200.0,4800.0,Rs./Quintal,Medium
PMY Kullu,1.5,Metric Tonnes,Other,5000.0,5500.0,5200.0,Rs./Quintal,FAQ
SMY Bhuntar,1.4,Metric Tonnes,Other,4800.0,5800.0,5200.0,Rs./Quintal,FAQ
SMY Jogindernagar,0.1,Metric Tonnes,Local,5000.0,5400.0,5200.0,Rs./Quintal,Grade B
SMY Nagrota Bagwan,0.8,Metric Tonnes,Onion,5200.0,5400.0,5300.0,Rs./Quintal,FAQ
SMY Nalagarh,0.35,Metric Tonnes,Other,3000.0,5000.0,4000.0,Rs./Quintal,Medium
SMY Palampur,2.2,Metric Tonnes,Onion,5300.0,5400.0,5350.0,Rs./Quintal,FAQ
SMY Santoshgarh,0.9,Metric Tonnes,Onion,4500.0,5000.0,4750.0,Rs./Quintal,FAQ
SMY Takoli,0.1,Metric Tonnes,Other,4000.0,4500.0,4300.0,Rs./Quintal,Medium
Total,21.8,Metric Tonnes,,,,4923.93,Rs./Quintal,
State/UT Name : Jammu and Kashmir
Parimpore Srinagar (F&V),171.0,Metric Tonnes,Nasik,5500.0,5800.0,5650.0,Rs./Quintal,Grade A
Total,171.0,Metric Tonnes,,,,5650.0,Rs./Quintal,
State/UT Name : Karnataka
APMC Hubballi,124.0,Metric Tonnes,Local,2500.0,3900.0,3300.0,Rs./Quintal,Local
APMC Hubballi,131.0,Metric Tonnes,Puna,2800.0,4200.0,3400.0,Rs./Quintal,Local
Bangarpet APMC,0.8,Metric Tonnes,Onion,2500.0,4000.0,3500.0,Rs./Quintal,Local
Bengaluru APMC,265.3,Metric Tonnes,Onion,4000.0,5000.0,4200.0,Rs./Quintal,Large
Bengaluru APMC,530.7,Metric Tonnes,Local,3000.0,4000.0,3500.0,Rs./Quintal,Medium
Bengaluru APMC,1592.2,Metric Tonnes,Puna,4000.0,5400.0,4500.0,Rs./Quintal,Local
Bengaluru APMC,265.3,Metric Tonnes,Bangalore-Samall,2000.0,3000.0,2500.0,Rs./Quintal,Small
Chickkaballapura APMC,4.5,Metric Tonnes,Beelary-Red,5000.0,5800.0,5300.0,Rs./Quintal,Local
Chikkamagaluru APMC,0.7000000000000001,Metric Tonnes,Other,4500.0,4500.0,4500.0,Rs./Quintal,Local
Davangere APMC,70.0,Metric Tonnes,Onion,4300.0,5200.0,4800.0,Rs./Quintal,Local
Doddaballapur APMC,2.5,Metric Tonnes,Onion,3500.0,4500.0,4000.0,Rs./Quintal,Medium
Gauribidanur APMC,0.30000000000000004,Metric Tonnes,Onion,3000.0,4000.0,3500.0,Rs./Quintal,Local
Hospet APMC,3.7,Metric Tonnes,Local,3200.0,3600.0,3600.0,Rs./Quintal,Local
Hunsur APMC,2.0,Metric Tonnes,Bombay (U.P.),4165.0,4165.0,4165.0,Rs./Quintal,Local
K.R. Pet APMC,1.0,Metric Tonnes,Onion,5000.0,5000.0,5000.0,Rs./Quintal,Local
Mangaluru APMC,5.0,Metric Tonnes,Onion,3000.0,4500.0,4000.0,Rs./Quintal,Local
Shimoga APMC,7.5,Metric Tonnes,Onion,4500.0,6000.0,5200.0,Rs./Quintal,Local
T. Narasipura APMC,1.1,Metric Tonnes,Onion,1500.0,2000.0,2000.0,Rs./Quintal,Small
Tarikere APMC,16.0,Metric Tonnes,Local,1667.0,1667.0,1667.0,Rs./Quintal,Local
Tumakuru APMC,14.0,Metric Tonnes,Onion,2300.0,3600.0,3100.0,Rs./Quintal,Local
Udupi APMC,5.4,Metric Tonnes,Onion,4400.0,4500.0,4500.0,Rs./Quintal,Local
Total,3043.0,Metric Tonnes,,,,4013.65,Rs./Quintal,
State/UT Name : Keralam
Aralamoodu Market,2.0,Metric Tonnes,Onion,8000.0,8000.0,8000.0,Rs./Quintal,FAQ
Aralamoodu Market,3.0,Metric Tonnes,Big,5500.0,6000.0,6000.0,Rs./Quintal,FAQ
Aroor Market,0.2,Metric Tonnes,Big,5500.0,5700.0,5600.0,Rs./Quintal,FAQ
Aroor Market,0.2,Metric Tonnes,Small,7800.0,8000.0,7900.0,Rs./Quintal,FAQ
Balarampuram Market,3.0,Metric Tonnes,1st Sort,6000.0,6000.0,6000.0,Rs./Quintal,FAQ
Chalakudy Market,0.02,Metric Tonnes,Big,4800.0,5500.0,5500.0,Rs./Quintal,FAQ
Chathanoor Market,0.4,Metric Tonnes,Other,3300.0,3700.0,3500.0,Rs./Quintal,FAQ
Chavakkad Market,0.3,Metric Tonnes,Big,5400.0,6000.0,6000.0,Rs./Quintal,FAQ
Chelakkara Market,0.18,Metric Tonnes,Big,5200.0,6000.0,5500.0,Rs./Quintal,FAQ
Chengannur Market,1.0,Metric Tonnes,Big,5200.0,5500.0,5300.0,Rs./Quintal,FAQ
Chengannur Market,0.5,Metric Tonnes,Small,7800.0,8300.0,8000.0,Rs./Quintal,FAQ
Kallachi Market,0.1,Metric Tonnes,Big,5300.0,5700.0,5500.0,Rs./Quintal,FAQ
Kanjangadu Market,1.0,Metric Tonnes,Big,5200.0,6000.0,5600.0,Rs./Quintal,FAQ
Kanjirappally Market,0.5,Metric Tonnes,Big,5500.0,6000.0,5800.0,Rs./Quintal,FAQ
Kannur Market,20.0,Metric Tonnes,Onion,5800.0,6000.0,5900.0,Rs./Quintal,Grade A
Kattappana Market,2.0,Metric Tonnes,Big,5000.0,6000.0,5500.0,Rs./Quintal,Medium
Kattappana Market,2.0,Metric Tonnes,Small,8000.0,8500.0,8400.0,Rs./Quintal,Medium
Kayamkulam Market,3.0,Metric Tonnes,Small,6900.0,7100.0,7000.0,Rs./Quintal,FAQ
Kayamkulam Market,5.0,Metric Tonnes,Big,4900.0,5100.0,5000.0,Rs./Quintal,FAQ
Koduvayoor Market,80.0,Metric Tonnes,Big,5200.0,5600.0,5400.0,Rs./Quintal,Medium
Koduvayoor Market,80.0,Metric Tonnes,Small,8300.0,8700.0,8500.0,Rs./Quintal,Medium
Kollengode Market,80.0,Metric Tonnes,Small,6000.0,6400.0,6200.0,Rs./Quintal,FAQ
Kollengode Market,80.0,Metric Tonnes,Big,4000.0,4400.0,4200.0,Rs./Quintal,FAQ
Kondotty Market,0.25,Metric Tonnes,Small,7500.0,7800.0,7700.0,Rs./Quintal,FAQ
Kondotty Market,0.25,Metric Tonnes,Other,3000.0,3500.0,3200.0,Rs./Quintal,FAQ
Kothamangalam Market,2.0,Metric Tonnes,Big,5400.0,6000.0,5800.0,Rs./Quintal,FAQ
Kuruppanthura Market,1.0,Metric Tonnes,Big,5500.0,6000.0,6000.0,Rs./Quintal,FAQ
Madhavapuram Market,1.2,Metric Tonnes,Big,3300.0,3700.0,3500.0,Rs./Quintal,FAQ
Madhavapuram Market,0.9,Metric Tonnes,Small,6500.0,6900.0,6700.0,Rs./Quintal,FAQ
Manjeri Market,8.0,Metric Tonnes,Other,4950.0,5050.0,5000.0,Rs./Quintal,Local
Pala Market,2.0,Metric Tonnes,Onion,8400.0,9000.0,8800.0,Rs./Quintal,FAQ
Pala Market,6.0,Metric Tonnes,Big,5300.0,6000.0,5600.0,Rs./Quintal,FAQ
Parappanangadi Market,10.5,Metric Tonnes,Other,5300.0,5500.0,5400.0,Rs./Quintal,FAQ
Parappanangadi Market,1.6,Metric Tonnes,Small,7800.0,8000.0,7900.0,Rs./Quintal,Grade A
Perinthalmanna Market,4.0,Metric Tonnes,Onion,4700.0,5800.0,5000.0,Rs./Quintal,Large
Perumbavoor Market,8.0,Metric Tonnes,Onion,4000.0,5000.0,4500.0,Rs./Quintal,Medium
Piravam Market,5.0,Metric Tonnes,Onion,4000.0,5000.0,4500.0,Rs./Quintal,Local
Pothencode Market,550.0,Metric Tonnes,Other,4500.0,4600.0,4500.0,Rs./Quintal,Local
Punalur Market,0.001,Metric Tonnes,Onion,4400.0,4700.0,4500.0,Rs./Quintal,Medium
Taliparamba Market,0.04,Metric Tonnes,Onion,5400.0,5600.0,5500.0,Rs./Quintal,FAQ
Thalasserry Market,0.3,Metric Tonnes,1st Sort,4800.0,5800.0,5300.0,Rs./Quintal,FAQ
Vadakkenchery Market,0.2,Metric Tonnes,Small,9500.0,10000.0,10000.0,Rs./Quintal,FAQ
Vadakkenchery Market,0.24,Metric Tonnes,Big,6000.0,6500.0,6500.0,Rs./Quintal,FAQ
Vamanapuram Market,0.13,Metric Tonnes,Big,6000.0,6500.0,6500.0,Rs./Quintal,FAQ
Total,966.01,Metric Tonnes,,,,5138.62,Rs./Quintal,
State/UT Name : Madhya Pradesh
Badnawar(F&V) APMC,0.1,Metric Tonnes,Onion,1000.0,1000.0,1000.0,Rs./Quintal,Local
Badwaha (F&V) APMC,0.30000000000000004,Metric Tonnes,1st Sort,2850.0,3750.0,3000.0,Rs./Quintal,Grade A
Bareli(F&V) APMC,1.81,Metric Tonnes,Local,2300.0,2300.0,2300.0,Rs./Quintal,Grade A
Betul(F&V) APMC,15.0,Metric Tonnes,Onion,2600.0,4000.0,3000.0,Rs./Quintal,FAQ
Bhopal APMC,113.397,Metric Tonnes,Onion,710.0,4400.0,4000.0,Rs./Quintal,FAQ
Bhopal(F&V) APMC,112.85000000000001,Metric Tonnes,Other,710.0,4400.0,3300.0,Rs./Quintal,Local
Chhindwara(F&V) APMC,6.2,Metric Tonnes,Red,3000.0,3800.0,3500.0,Rs./Quintal,Local
Dewas(F&V) APMC,2.0,Metric Tonnes,Other,800.0,4200.0,1600.0,Rs./Quintal,FAQ
Dhamnod(F&V) APMC,1.5,Metric Tonnes,Onion,1500.0,2500.0,2000.0,Rs./Quintal,Local
Gadarwada (F&V) APMC,1.2,Metric Tonnes,Other,4500.0,4500.0,4500.0,Rs./Quintal,Local
Harda(F&V) APMC,1.2000000000000002,Metric Tonnes,Medium,2500.0,3500.0,3000.0,Rs./Quintal,Medium
Itarsi(F&V) APMC,1.28,Metric Tonnes,Onion,2800.0,3200.0,3000.0,Rs./Quintal,FAQ
Jabalpur(F&V) APMC,37.0,Metric Tonnes,Onion,1000.0,1800.0,1200.0,Rs./Quintal,Medium
Kailaras APMC,1.35,Metric Tonnes,Other,2500.0,4000.0,4000.0,Rs./Quintal,FAQ
Karera(F&V) APMC,0.1,Metric Tonnes,Onion,2000.0,3000.0,2600.0,Rs./Quintal,Local
Khandwa APMC,20.0,Metric Tonnes,Local,1600.0,4250.0,3350.0,Rs./Quintal,FAQ
Morena APMC,8.0,Metric Tonnes,Onion,3000.0,3000.0,3000.0,Rs./Quintal,Non-FAQ
Morena(F&V) APMC,8.0,Metric Tonnes,Onion,3000.0,3000.0,3000.0,Rs./Quintal,Non-FAQ
Narmadapuram (F&V) APMC,3.7,Metric Tonnes,Onion,1950.0,3730.0,2100.0,Rs./Quintal,FAQ
Narsinghgarh APMC,30.0,Metric Tonnes,Onion,1300.0,1900.0,1900.0,Rs./Quintal,Non-FAQ
Pipariya(F&V) APMC,2.0,Metric Tonnes,Onion,2200.0,4500.0,3700.0,Rs./Quintal,Local
Rehli(F&V) APMC,0.30000000000000004,Metric Tonnes,Onion,1500.0,1700.0,1600.0,Rs./Quintal,Grade C
Sendhwa(F&V) APMC,0.6000000000000001,Metric Tonnes,Red,900.0,1100.0,1000.0,Rs./Quintal,Medium
Seoni(F&V) APMC,2.5,Metric Tonnes,Medium,1500.0,1500.0,1500.0,Rs./Quintal,Grade C
Thandla APMC,0.96,Metric Tonnes,Onion,1000.0,1300.0,1150.0,Rs./Quintal,FAQ
Total,371.35,Metric Tonnes,,,,3123.92,Rs./Quintal,
State/UT Name : Maharashtra
APMC Akluj ,21.5,Metric Tonnes,Red,1500.0,6100.0,4000.0,Rs./Quintal,Local
APMC Akola ,37.0,Metric Tonnes,Other,2000.0,4800.0,3500.0,Rs./Quintal,Local
APMC Bhusaval ,0.3,Metric Tonnes,Unhali,3000.0,3500.0,3500.0,Rs./Quintal,Local
APMC Chandwad ,315.4,Metric Tonnes,Unhali,1300.0,5005.0,4410.0,Rs./Quintal,Local
APMC Devala ,392.2,Metric Tonnes,Unhali,1000.0,5005.0,4530.0,Rs./Quintal,Local
APMC Dharashiv ,2.3,Metric Tonnes,Red,1600.0,5000.0,3300.0,Rs./Quintal,Local
APMC Dhule ,41.8,Metric Tonnes,Red,1800.0,5000.0,3700.0,Rs./Quintal,Local
APMC Dindori ,10.6,Metric Tonnes,Unhali,3900.0,5600.0,4650.0,Rs./Quintal,Local
APMC Gangapur ,384.2,Metric Tonnes,Unhali,1020.0,4850.0,3545.0,Rs./Quintal,Local
APMC Hingna,1.2,Metric Tonnes,Red,4200.0,4200.0,4200.0,Rs./Quintal,Local
APMC Indapur ,3.6,Metric Tonnes,Red,1200.0,5500.0,2100.0,Rs./Quintal,Local
APMC Jalgaon ,80.4,Metric Tonnes,Red,1750.0,4700.0,3000.0,Rs./Quintal,Local
APMC Kalvan ,725.0,Metric Tonnes,Unhali,2200.0,5500.0,4600.0,Rs./Quintal,Local
APMC Kalyan ,0.3,Metric Tonnes,1st Sort,3700.0,4000.0,3850.0,Rs./Quintal,Local
APMC Kamthi ,6.5,Metric Tonnes,Local,4000.0,4500.0,4350.0,Rs./Quintal,Local
APMC Karjat ,2.5,Metric Tonnes,Local,700.0,3000.0,2000.0,Rs./Quintal,Local
APMC Khed ,1.6,Metric Tonnes,Fursungi,2200.0,4000.0,3000.0,Rs./Quintal,Local
APMC Kolhapur ,500.2,Metric Tonnes,Other,1200.0,5300.0,3200.0,Rs./Quintal,Local
APMC Kopargaon ,772.0,Metric Tonnes,Unhali,1000.0,4670.0,4250.0,Rs./Quintal,Local
APMC Lasalgaon ,766.0,Metric Tonnes,Unhali,1200.0,4912.0,4500.0,Rs./Quintal,Local
APMC Lasur Station ,880.0,Metric Tonnes,Other,900.0,5200.0,3500.0,Rs./Quintal,Local
APMC Mangal Wedha ,10.8,Metric Tonnes,Local,2200.0,5000.0,4200.0,Rs./Quintal,Local
APMC Manmad ,183.6,Metric Tonnes,Unhali,1500.0,4831.0,4500.0,Rs./Quintal,Local
APMC Nandgaon ,511.3,Metric Tonnes,Unhali,870.0,5035.0,4450.0,Rs./Quintal,Local
APMC Nasik ,203.4,Metric Tonnes,Unhali,2200.0,5000.0,4400.0,Rs./Quintal,Local
APMC Navapur ,2.8,Metric Tonnes,Other,2000.0,2500.0,2446.0,Rs./Quintal,Local
APMC Paithan ,102.3,Metric Tonnes,Unhali,1000.0,5550.0,4250.0,Rs./Quintal,Local
APMC Parner ,1265.1,Metric Tonnes,Unhali,1000.0,5600.0,3900.0,Rs./Quintal,Local
APMC Pimpalgaon Baswant ,1434.7,Metric Tonnes,Unhali,1700.0,5713.0,4700.0,Rs./Quintal,Local
APMC Pune ,1136.7,Metric Tonnes,Local,1000.0,4800.0,2900.0,Rs./Quintal,Local
APMC Rahata ,314.3,Metric Tonnes,Other,700.0,5500.0,3500.0,Rs./Quintal,Local
APMC Rahuri ,1721.6,Metric Tonnes,Other,1000.0,6200.0,3150.0,Rs./Quintal,Local
APMC Sakri ,504.0,Metric Tonnes,Unhali,3600.0,4610.0,4400.0,Rs./Quintal,Local
APMC Sinner ,82.0,Metric Tonnes,Unhali,1500.0,4730.0,4600.0,Rs./Quintal,Local
APMC Solapur ,1558.2,Metric Tonnes,Red,500.0,6500.0,3400.0,Rs./Quintal,Local
APMC Umrane,950.0,Metric Tonnes,Unhali,1500.0,5401.0,4500.0,Rs./Quintal,Local
APMC Vaijpur ,458.9,Metric Tonnes,Unhali,1015.0,4651.0,4000.0,Rs./Quintal,Local
APMC Vita ,3.0,Metric Tonnes,Other,4000.0,5000.0,4200.0,Rs./Quintal,Local
APMC Yeola ,461.0,Metric Tonnes,Unhali,1000.0,4840.0,4325.0,Rs./Quintal,Local
Amrawati(Frui & Veg. Market) ,10.7,Metric Tonnes,Local,3000.0,6500.0,4750.0,Rs./Quintal,Local
Chandrapur(Ganjwad) ,31.0,Metric Tonnes,Other,4500.0,5700.0,5000.0,Rs./Quintal,Local
Dindori(Vani) ,252.9,Metric Tonnes,Unhali,4101.0,5411.0,4801.0,Rs./Quintal,Local
Junnar(Alephata) ,779.0,Metric Tonnes,Chinchwad,3000.0,5500.0,4500.0,Rs./Quintal,Local
Junnar(Narayangaon) ,1.5,Metric Tonnes,Chinchwad,2000.0,5000.0,3500.0,Rs./Quintal,Local
Khed(Chakan) ,35.0,Metric Tonnes,Other,2000.0,4700.0,3800.0,Rs./Quintal,Local
Lasalgaon(Niphad) ,325.5,Metric Tonnes,Unhali,1500.0,4858.0,4600.0,Rs./Quintal,Local
Lasalgaon(Vinchur) ,687.2,Metric Tonnes,Unhali,1500.0,5241.0,4600.0,Rs./Quintal,Local
"Laxmi-Sopan Agriculture Produce Marketing Co Ltd, Barshi, Dist Solapur",3.8,Metric Tonnes,Other,800.0,4500.0,3700.0,Rs./Quintal,Local
"Malharshree Khajgi Krushi Utpann Bajar, Chandanpuri Tal Malegaon, Nashik",41.2,Metric Tonnes,Other,1961.0,4610.0,3477.0,Rs./Quintal,Local
Mumbai-Onion & Potato Market ,1622.4,Metric Tonnes,Other,3500.0,4700.0,4100.0,Rs./Quintal,Local
"Omchatinya Multi State Agro Purpose Co-Op Society, Dist Ahilyanagar",350.36,Metric Tonnes,Other,1000.0,6100.0,4200.0,Rs./Quintal,Local
Pimpalgaon Baswant(Saykheda) ,260.0,Metric Tonnes,Unhali,1500.0,4923.0,4325.0,Rs./Quintal,Local
"Pratap Nana Mahale Khajgi Krushi Uttpana Bazar, Samati-Dhule",59.8,Metric Tonnes,Other,890.0,4790.0,3853.38,Rs./Quintal,Local
Pune(Khadiki) ,0.8,Metric Tonnes,Local,1000.0,1800.0,1400.0,Rs./Quintal,Local
Pune(Manjri) ,7.9,Metric Tonnes,Local,2000.0,4000.0,3000.0,Rs./Quintal,Local
Pune(Moshi) ,55.2,Metric Tonnes,Local,2500.0,4500.0,3500.0,Rs./Quintal,Local
Pune(Pimpri) ,3.3,Metric Tonnes,Local,2000.0,4000.0,3000.0,Rs./Quintal,Local
"Shri Rameshwar Krushi Market, M.Nagar, Tal Deola, Dist Nashik",651.56,Metric Tonnes,Other,312.0,5261.0,3945.67,Rs./Quintal,Local
Total,21027.42,Metric Tonnes,,,,4001.47,Rs./Quintal,
State/UT Name : NCT of Delhi
APMC Azadpur,875.6,Metric Tonnes,Onion,2250.0,4750.0,3563.0,Rs./Quintal,FAQ
APMC Keshopur,60.723000000000006,Metric Tonnes,Onion,2800.0,4800.0,4400.0,Rs./Quintal,FAQ
"Fruit&Vegetable Market,Gazipur APMC",343.8,Metric Tonnes,Onion,3800.0,4200.0,4000.0,Rs./Quintal,FAQ
Total,1280.12,Metric Tonnes,,,,3720.07,Rs./Quintal,
State/UT Name : Odisha
Angaura APMC,1.4000000000000001,Metric Tonnes,Other,3600.0,4000.0,3850.0,Rs./Quintal,Large
Angul APMC,5.4,Metric Tonnes,Other,3500.0,3500.0,3500.0,Rs./Quintal,Grade B
Balugaon APMC,1.4,Metric Tonnes,Nasik,2200.0,2200.0,2200.0,Rs./Quintal,Grade A
Bargarh APMC,250.0,Metric Tonnes,Onion,2500.0,3500.0,3000.0,Rs./Quintal,Medium
Bargarh(Barapalli) APMC,132.0,Metric Tonnes,Onion,3000.0,4000.0,3500.0,Rs./Quintal,Local
Birmaharajpur APMC,1.7000000000000002,Metric Tonnes,Onion,5400.0,5800.0,5500.0,Rs./Quintal,Local
Bolangir APMC,35.0,Metric Tonnes,Other,4600.0,5500.0,5000.0,Rs./Quintal,Medium
Dungurapalli APMC,0.25,Metric Tonnes,Other,5000.0,5000.0,5000.0,Rs./Quintal,Local
Hindol APMC,1.1,Metric Tonnes,Other,4700.0,5000.0,4800.0,Rs./Quintal,Grade B
Jharsuguda APMC,1.0,Metric Tonnes,Other,4000.0,5000.0,4500.0,Rs./Quintal,Grade A
Kamakhyanagar APMC,1.0,Metric Tonnes,Onion,10000.0,10000.0,10000.0,Rs./Quintal,Grade A
Khariar APMC,0.7,Metric Tonnes,Dry F.A.Q.,5000.0,5000.0,5000.0,Rs./Quintal,Grade A
Khariar Road APMC,0.5,Metric Tonnes,Onion,5000.0,5000.0,5000.0,Rs./Quintal,Grade A
Nimapara APMC,0.4,Metric Tonnes,Onion,6000.0,6000.0,6000.0,Rs./Quintal,Grade A
Pandkital APMC,0.2,Metric Tonnes,Other,5000.0,5000.0,5000.0,Rs./Quintal,Local
Rairakhol APMC,0.7000000000000001,Metric Tonnes,Onion,4000.0,4800.0,4500.0,Rs./Quintal,Medium
Sargipali APMC,2.0,Metric Tonnes,Other,4400.0,5000.0,4500.0,Rs./Quintal,FAQ
Tusura APMC,3.0,Metric Tonnes,Other,4600.0,5500.0,5000.0,Rs./Quintal,Medium
Udala APMC,2.0,Metric Tonnes,Onion,4500.0,5500.0,5000.0,Rs./Quintal,Grade A
Total,439.75,Metric Tonnes,,,,3391.25,Rs./Quintal,
State/UT Name : Punjab
Adampur APMC,2.1,Metric Tonnes,Onion,4000.0,4500.0,4500.0,Rs./Quintal,FAQ
Ahmedgarh APMC,0.1,Metric Tonnes,Other,5000.0,5200.0,5200.0,Rs./Quintal,Medium
Baghapurana APMC,0.75,Metric Tonnes,Onion,4000.0,5000.0,4500.0,Rs./Quintal,Grade B
Balachaur APMC,2.9960000000000004,Metric Tonnes,Other,3000.0,3500.0,3300.0,Rs./Quintal,Medium
Banur APMC,0.2,Metric Tonnes,Other,3000.0,3000.0,3000.0,Rs./Quintal,Grade A
Bassi Pathana APMC,1.5,Metric Tonnes,Medium,5000.0,5500.0,5200.0,Rs./Quintal,Medium
Bathinda APMC,280.0,Metric Tonnes,Other,4000.0,4500.0,4200.0,Rs./Quintal,Grade B
Bhagta Bhai Ka APMC,0.4,Metric Tonnes,Other,4700.0,4700.0,4700.0,Rs./Quintal,Medium
Bhawanigarh APMC,0.2,Metric Tonnes,Other,3000.0,3500.0,3250.0,Rs./Quintal,Medium
Doraha APMC,1.062,Metric Tonnes,Medium,3600.0,4500.0,4000.0,Rs./Quintal,Local
Dudhansadhan APMC,0.4,Metric Tonnes,Other,5000.0,5000.0,5000.0,Rs./Quintal,Grade B
F.G.Churian APMC,0.3,Metric Tonnes,Onion,5000.0,5000.0,5000.0,Rs./Quintal,Grade A
Fazilka APMC,11.693,Metric Tonnes,Onion,4800.0,4800.0,4800.0,Rs./Quintal,FAQ
Ferozepur Cantt. APMC,0.28,Metric Tonnes,Onion,3500.0,4500.0,4000.0,Rs./Quintal,Grade A
Garh Shankar APMC,8.2,Metric Tonnes,Onion,3800.0,3800.0,3800.0,Rs./Quintal,FAQ
GarhShankar (Kotfatuhi) APMC,0.4,Metric Tonnes,Other,4000.0,4000.0,4000.0,Rs./Quintal,FAQ
Ghanaur APMC,0.2,Metric Tonnes,Other,3000.0,4000.0,3500.0,Rs./Quintal,FAQ
Jalalabad APMC,3.25,Metric Tonnes,Other,4700.0,5000.0,4800.0,Rs./Quintal,Medium
Khanna APMC,9.0,Metric Tonnes,Onion,3000.0,3000.0,3000.0,Rs./Quintal,Grade A
Kharar APMC,8.8,Metric Tonnes,Other,4000.0,4800.0,4500.0,Rs./Quintal,Non-FAQ
Kurali APMC,2.9000000000000004,Metric Tonnes,Other,3500.0,3700.0,3600.0,Rs./Quintal,Medium
Lalru APMC,3.0,Metric Tonnes,Other,4350.0,4350.0,4350.0,Rs./Quintal,Local
Ludhiana APMC,92.9,Metric Tonnes,Other,1100.0,4800.0,3000.0,Rs./Quintal,FAQ
Machhiwara APMC,0.8320000000000001,Metric Tonnes,Other,4000.0,4600.0,4200.0,Rs./Quintal,FAQ
Mamdot APMC,1.4,Metric Tonnes,Other,2600.0,2600.0,2600.0,Rs./Quintal,Local
Mansa APMC,10.0,Metric Tonnes,Nasik,5000.0,5000.0,5000.0,Rs./Quintal,FAQ
Maur APMC,1.0,Metric Tonnes,Other,4000.0,4500.0,4300.0,Rs./Quintal,Grade B
Mukerian APMC,2.97,Metric Tonnes,Onion,3800.0,4600.0,4200.0,Rs./Quintal,Grade B
Mukerian(Talwara) APMC,0.6000000000000001,Metric Tonnes,Onion,4000.0,5000.0,4500.0,Rs./Quintal,FAQ
Muktsar APMC,13.0,Metric Tonnes,Onion,3000.0,4000.0,3500.0,Rs./Quintal,Medium
Nabha APMC,13.0,Metric Tonnes,Other,2800.0,4000.0,3500.0,Rs./Quintal,Grade C
Patiala APMC,49.0,Metric Tonnes,Onion,2000.0,3500.0,2700.0,Rs./Quintal,Grade B
Patran APMC,55.0,Metric Tonnes,Other,3526.0,3526.0,3526.0,Rs./Quintal,Grade A
Patti APMC,0.86,Metric Tonnes,Other,0.18,0.18,0.18,Rs./Quintal,Non-FAQ
Phagwara APMC,13.600000000000001,Metric Tonnes,Other,3940.0,4530.0,4200.0,Rs./Quintal,FAQ
Quadian APMC,2.0,Metric Tonnes,Other,3300.0,3500.0,3400.0,Rs./Quintal,Grade A
Rajpura APMC,5.7,Metric Tonnes,Local,3500.0,3800.0,3700.0,Rs./Quintal,Grade A
Rajpura APMC,5.5,Metric Tonnes,Local,2500.0,2700.0,2600.0,Rs./Quintal,Grade B
Raman APMC,0.7000000000000001,Metric Tonnes,Other,4615.0,4710.0,4660.0,Rs./Quintal,Medium
Rampuraphul(Nabha Mandi) APMC,4.0,Metric Tonnes,Other,2500.0,4000.0,3500.0,Rs./Quintal,Grade A
Rayya APMC,0.048,Metric Tonnes,Other,1412.0,1412.0,1412.0,Rs./Quintal,FAQ
Ropar APMC,95.0,Metric Tonnes,Nasik,3800.0,4200.0,4000.0,Rs./Quintal,Non-FAQ
Sahnewal APMC,0.3,Metric Tonnes,Onion,4400.0,4400.0,4400.0,Rs./Quintal,FAQ
Samana APMC,70.0,Metric Tonnes,Other,3400.0,5400.0,3500.0,Rs./Quintal,Grade Range-2
Samrala APMC,2.2,Metric Tonnes,Other,4500.0,6000.0,5500.0,Rs./Quintal,Local
Sangrur APMC,10.0,Metric Tonnes,Nasik,2000.0,3000.0,2500.0,Rs./Quintal,Grade B
Sunam APMC,3.0,Metric Tonnes,Onion,4500.0,4500.0,4500.0,Rs./Quintal,Grade A
Talwandi Sabo APMC,0.2,Metric Tonnes,Other,4500.0,5000.0,4800.0,Rs./Quintal,Grade A
Tanda Urmur APMC,1.7000000000000002,Metric Tonnes,Nasik,4800.0,5000.0,4900.0,Rs./Quintal,Grade A
Tanda Urmur APMC,1.6,Metric Tonnes,Other,4000.0,4500.0,4200.0,Rs./Quintal,Grade A
Tarantaran APMC,0.5,Metric Tonnes,Other,2500.0,2500.0,2500.0,Rs./Quintal,Local
Zira APMC,0.096,Metric Tonnes,Other,4600.0,4600.0,4600.0,Rs./Quintal,Local
Total,794.44,Metric Tonnes,,,,3773.88,Rs./Quintal,
State/UT Name : Rajasthan
Baran APMC,1.0,Metric Tonnes,Other,1000.0,1600.0,1300.0,Rs./Quintal,Local
Bassi APMC,0.4,Metric Tonnes,Other,4200.0,4600.0,4400.0,Rs./Quintal,Local
Bayana APMC,1.0,Metric Tonnes,Onion,2000.0,2000.0,2000.0,Rs./Quintal,Local
Bhadara APMC,0.8,Metric Tonnes,1st Sort,4200.0,4500.0,4425.0,Rs./Quintal,FAQ
Churu APMC,2.0,Metric Tonnes,1st Sort,2700.0,2900.0,2800.0,Rs./Quintal,FAQ
Dablirathan APMC,0.2,Metric Tonnes,1st Sort,3000.0,3500.0,3250.0,Rs./Quintal,Local
Goluwala APMC,0.16000000000000003,Metric Tonnes,1st Sort,4200.0,4500.0,4500.0,Rs./Quintal,Non-FAQ
HanumangarhTown APMC,124.80000000000001,Metric Tonnes,1st Sort,2800.0,2800.0,2800.0,Rs./Quintal,Non-FAQ
Jodhpur (F&V) APMC,251.0,Metric Tonnes,Medium,1500.0,4000.0,2750.0,Rs./Quintal,Local
Kota (F&V) APMC,63.5,Metric Tonnes,Other,3600.0,3600.0,3600.0,Rs./Quintal,Medium
Rawatsar APMC,0.6000000000000001,Metric Tonnes,1st Sort,1000.0,2000.0,1800.0,Rs./Quintal,FAQ
Sangriya APMC,0.6000000000000001,Metric Tonnes,Onion,3000.0,4900.0,3600.0,Rs./Quintal,Local
Sriganganagar (F&V) APMC,18.0,Metric Tonnes,Onion,4300.0,4700.0,4500.0,Rs./Quintal,Grade A
Sujangarh APMC,0.9,Metric Tonnes,Other,700.0,900.0,800.0,Rs./Quintal,Local
Udaipur (F&V) APMC,17.6,Metric Tonnes,Other,1500.0,4500.0,3000.0,Rs./Quintal,Medium
Total,482.56,Metric Tonnes,,,,2946.0,Rs./Quintal,
State/UT Name : Tamil Nadu
AJattihalli(Uzhavar Sandhai ),0.55,Metric Tonnes,Bellary,5600.0,5800.0,5700.0,Rs./Quintal,Local
Alangudi(Uzhavar Sandhai ),0.11,Metric Tonnes,Bellary,6500.0,7000.0,6750.0,Rs./Quintal,Local
Ambattur(Uzhavar Sandhai ),0.04,Metric Tonnes,Bellary,5000.0,5000.0,5000.0,Rs./Quintal,Local
Ammapet(Uzhavar Sandhai ),0.2,Metric Tonnes,Bellary,5500.0,6000.0,5750.0,Rs./Quintal,Local
Anaiyur(Uzhavar Sandhai ),0.65,Metric Tonnes,Bellary,6000.0,6500.0,6250.0,Rs./Quintal,Local
Andipatti(Uzhavar Sandhai ),0.8,Metric Tonnes,Bellary,5600.0,5800.0,5700.0,Rs./Quintal,Local
Anna nagar(Uzhavar Sandhai ),1.6,Metric Tonnes,Bellary,6000.0,6400.0,6200.0,Rs./Quintal,Local
Arani(Uzhavar Sandhai ),1.05,Metric Tonnes,Bellary,5000.0,6000.0,5500.0,Rs./Quintal,Local
Aranthangi(Uzhavar Sandhai ),0.07,Metric Tonnes,Bellary,6000.0,7000.0,6500.0,Rs./Quintal,Local
Arcot(Uzhavar Sandhai ),0.45,Metric Tonnes,Bellary,5000.0,5600.0,5300.0,Rs./Quintal,Local
Ariyalur(Uzhavar Sandhai),0.16,Metric Tonnes,Bellary,5500.0,6000.0,5750.0,Rs./Quintal,Local
Aruppukottai(Uzhavar Sandhai ),0.65,Metric Tonnes,Bellary,5500.0,6000.0,5750.0,Rs./Quintal,Local
Athur(Uzhavar Sandhai ),0.85,Metric Tonnes,Bellary,5500.0,6200.0,5850.0,Rs./Quintal,Local
Avallapalli(Uzhavar Sandhai ),0.26,Metric Tonnes,Bellary,6000.0,6500.0,6250.0,Rs./Quintal,Local
Bodinayakanur(Uzhavar Sandhai ),0.26,Metric Tonnes,Bellary,5500.0,5500.0,5500.0,Rs./Quintal,Local
Chengalpet(Uzhavar Sandhai ),0.52,Metric Tonnes,Bellary,5000.0,6000.0,5500.0,Rs./Quintal,Local
Chengam(Uzhavar Sandhai ),0.22,Metric Tonnes,Bellary,4200.0,5000.0,4600.0,Rs./Quintal,Local
Cheyyar(Uzhavar Sandhai ),0.2,Metric Tonnes,Bellary,4800.0,6000.0,5400.0,Rs./Quintal,Local
Chidambaram(Uzhavar Sandhai ),0.03,Metric Tonnes,Bellary,5000.0,5000.0,5000.0,Rs./Quintal,Local
Chinnalapatti(Uzhavar Sandhai ),0.58,Metric Tonnes,Bellary,5000.0,6000.0,5500.0,Rs./Quintal,Local
Chinnamanur(Uzhavar Sandhai ),1.03,Metric Tonnes,Bellary,5800.0,6000.0,5900.0,Rs./Quintal,Local
Chokkikulam(Uzhavar Sandhai ),1.45,Metric Tonnes,Bellary,6000.0,6500.0,6250.0,Rs./Quintal,Local
Coonoor(Uzhavar Sandhai ),1.45,Metric Tonnes,Bellary,6000.0,6500.0,6250.0,Rs./Quintal,Local
Cuddalore(Uzhavar Sandhai ),0.4,Metric Tonnes,Bellary,5000.0,6000.0,5500.0,Rs./Quintal,Local
Denkanikottai(Uzhavar Sandhai ),0.27,Metric Tonnes,Bellary,6000.0,6500.0,6250.0,Rs./Quintal,Local
Devakottai (Uzhavar Sandhai ),0.22,Metric Tonnes,Bellary,6200.0,6800.0,6500.0,Rs./Quintal,Local
Devaram(Uzhavar Sandhai ),0.16,Metric Tonnes,Bellary,5800.0,5800.0,5800.0,Rs./Quintal,Local
Dharapuram(Uzhavar Sandhai ),0.95,Metric Tonnes,Bellary,5500.0,6000.0,5750.0,Rs./Quintal,Local
Dharmapuri(Uzhavar Sandhai ),1.04,Metric Tonnes,Bellary,5500.0,5800.0,5650.0,Rs./Quintal,Local
Dindigul(Uzhavar Sandhai ),1.2,Metric Tonnes,Bellary,5000.0,6000.0,5500.0,Rs./Quintal,Local
Edapadi (Uzhavar Sandhai ),0.35,Metric Tonnes,Bellary,6000.0,6500.0,6250.0,Rs./Quintal,Local
Elampillai(Uzhavar Sandhai ),0.45,Metric Tonnes,Bellary,6000.0,6500.0,6250.0,Rs./Quintal,Local
Gandarvakottai(Uzhavar Sandhai ),0.24,Metric Tonnes,Bellary,6500.0,7000.0,6750.0,Rs./Quintal,Local
Gandhigramam(Uzhavar Sandhai),0.32,Metric Tonnes,Bellary,5500.0,6000.0,5750.0,Rs./Quintal,Local
Gingee(Uzhavar Sandhai ),0.18,Metric Tonnes,Bellary,5000.0,6000.0,5500.0,Rs./Quintal,Local
Gobichettipalayam(Uzhavar Sandhai ),0.56,Metric Tonnes,Bellary,5500.0,6000.0,5750.0,Rs./Quintal,Local
Gudalur(Uzhavar Sandhai ),0.05,Metric Tonnes,Bellary,5000.0,6000.0,5500.0,Rs./Quintal,Local
Gudiyatham(Uzhavar Sandhai ),0.2,Metric Tonnes,Bellary,5600.0,6000.0,5800.0,Rs./Quintal,Local
Guduvancheri(Uzhavar Sandhai ),0.17,Metric Tonnes,Bellary,5000.0,6000.0,5500.0,Rs./Quintal,Local
Harur(Uzhavar Sandhai ),0.23,Metric Tonnes,Bellary,4500.0,5500.0,5000.0,Rs./Quintal,Local
Hasthampatti(Uzhavar Sandhai ),0.44,Metric Tonnes,Bellary,5500.0,6000.0,5750.0,Rs./Quintal,Local
Hosur(Uzhavar Sandhai ),2.34,Metric Tonnes,Bellary,6000.0,6500.0,6250.0,Rs./Quintal,Local
Jalagandapuram(Uzhavar Sandhai ),0.12,Metric Tonnes,Bellary,6000.0,6400.0,6200.0,Rs./Quintal,Local
Jameenrayapettai(Uzhavar Sandhai ),0.59,Metric Tonnes,Bellary,5000.0,6000.0,5500.0,Rs./Quintal,Local
Jeyankondam (Uzhavar Sandhai ),0.01,Metric Tonnes,Bellary,5000.0,5600.0,5300.0,Rs./Quintal,Local
KKNagar(Uzhavar Sandhai ),1.8,Metric Tonnes,Bellary,6400.0,6400.0,6400.0,Rs./Quintal,Local
Kahithapattarai(Uzhavar Sandhai ),0.95,Metric Tonnes,Bellary,6000.0,6000.0,6000.0,Rs./Quintal,Local
Kallakurichi(Uzhavar Sandhai ),0.24,Metric Tonnes,Bellary,6000.0,6000.0,6000.0,Rs./Quintal,Local
Kambam(Uzhavar Sandhai ),1.5,Metric Tonnes,Bellary,5500.0,5500.0,5500.0,Rs./Quintal,Local
Kancheepuram(Uzhavar Sandhai ),0.6,Metric Tonnes,Bellary,5000.0,5800.0,5400.0,Rs./Quintal,Local
Kangayam(Uzhavar Sandhai ),0.61,Metric Tonnes,Bellary,4500.0,5000.0,4750.0,Rs./Quintal,Local
Karaikudi(Uzhavar Sandhai ),0.33,Metric Tonnes,Bellary,6400.0,6800.0,6600.0,Rs./Quintal,Local
Karambakkudi(Uzhavar Sandhai ),0.15,Metric Tonnes,Bellary,5000.0,6000.0,5500.0,Rs./Quintal,Local
Karimangalam(Uzhavar Sandhai),0.15,Metric Tonnes,Bellary,5000.0,5500.0,5250.0,Rs./Quintal,Local
Kariyapatti(Uzhavar Sandhai ),0.22,Metric Tonnes,Bellary,5500.0,6000.0,5750.0,Rs./Quintal,Local
Karur(Uzhavar Sandhai ),0.36,Metric Tonnes,Bellary,5500.0,6000.0,5750.0,Rs./Quintal,Local
Katpadi (Uzhavar Sandhai ),1.3,Metric Tonnes,Bellary,6000.0,6000.0,6000.0,Rs./Quintal,Local
Kaveripattinam(Uzhavar Sandhai ),0.26,Metric Tonnes,Bellary,5000.0,5000.0,5000.0,Rs./Quintal,Local
Keelpennathur(Uzhavar Sandhai ),0.03,Metric Tonnes,Bellary,5500.0,6000.0,5750.0,Rs./Quintal,Local
Kodaikkanal(Uzhavar Sandhai),0.01,Metric Tonnes,Bellary,5000.0,5500.0,5250.0,Rs./Quintal,Local
Kovilpatti(Uzhavar Sandhai ),0.32,Metric Tonnes,Bellary,6000.0,6500.0,6250.0,Rs./Quintal,Local
Krishnagiri(Uzhavar Sandhai ),1.94,Metric Tonnes,Bellary,5500.0,6000.0,5750.0,Rs./Quintal,Local
Kulithalai(Uzhavar Sandhai ),0.64,Metric Tonnes,Bellary,5600.0,6000.0,5800.0,Rs./Quintal,Local
Kumarapalayam(Uzhavar Sandhai ),0.07,Metric Tonnes,Bellary,2800.0,3000.0,2900.0,Rs./Quintal,Local
Kumbakonam (Uzhavar Sandhai ),1.15,Metric Tonnes,Bellary,4800.0,7200.0,6000.0,Rs./Quintal,Local
Kundrathur(Uzhavar Sandhai ),0.85,Metric Tonnes,Bellary,4500.0,5000.0,4750.0,Rs./Quintal,Local
Kurichi(Uzhavar Sandhai ),0.07,Metric Tonnes,Bellary,5500.0,5800.0,5650.0,Rs./Quintal,Local
Lalgudi(Uzhavar Sandhai ),0.32,Metric Tonnes,Bellary,6000.0,6000.0,6000.0,Rs./Quintal,Local
Madhuranthagam(Uzhavar Sandhai ),0.08,Metric Tonnes,Bellary,6000.0,6000.0,6000.0,Rs./Quintal,Local
Manachanallur(Uzhavar Sandhai ),0.1,Metric Tonnes,Bellary,5000.0,6000.0,5500.0,Rs./Quintal,Local
Manapparai(Uzhavar Sandhai ),0.22,Metric Tonnes,Bellary,5500.0,5500.0,5500.0,Rs./Quintal,Local
Mannargudi I(Uzhavar Sandhai ),1.23,Metric Tonnes,Bellary,5600.0,5600.0,5600.0,Rs./Quintal,Local
Mannargudi II(Uzhavar Sandhai ),0.26,Metric Tonnes,Bellary,5600.0,5600.0,5600.0,Rs./Quintal,Local
Mayiladuthurai(Uzhavar Sandhai ),0.18,Metric Tonnes,Bellary,3600.0,4000.0,3800.0,Rs./Quintal,Local
Medavakkam(Uzhavar Sandhai ),0.2,Metric Tonnes,Bellary,6000.0,6000.0,6000.0,Rs./Quintal,Local
Melapalayam(Uzhavar Sandhai ),1.2,Metric Tonnes,Bellary,5000.0,6200.0,5600.0,Rs./Quintal,Local
Melur(Uzhavar Sandhai ),0.49,Metric Tonnes,Bellary,6000.0,6500.0,6250.0,Rs./Quintal,Local
Mettupalayam(Uzhavar Sandhai ),0.82,Metric Tonnes,Bellary,5500.0,6000.0,5750.0,Rs./Quintal,Local
Mettur(Uzhavar Sandhai ),0.5,Metric Tonnes,Bellary,5000.0,6500.0,5750.0,Rs./Quintal,Local
Mohanur(Uzhavar Sandhai ),0.41,Metric Tonnes,Bellary,5500.0,6000.0,5750.0,Rs./Quintal,Local
Musiri(Uzhavar Sandhai ),0.7,Metric Tonnes,Bellary,5000.0,6500.0,5750.0,Rs./Quintal,Local
Muthupettai(Uzhavar Sandhai ),0.05,Metric Tonnes,Bellary,6000.0,6000.0,6000.0,Rs./Quintal,Local
Myladi(Uzhavar Sandhai ),0.05,Metric Tonnes,Bellary,5500.0,6000.0,5750.0,Rs./Quintal,Local
NGO Colony(Uzhavar Sandhai ),0.48,Metric Tonnes,Bellary,5500.0,6200.0,5850.0,Rs./Quintal,Local
Nagapattinam(Uzhavar Sandhai ),0.21,Metric Tonnes,Bellary,3300.0,3800.0,3550.0,Rs./Quintal,Local
Namakkal(Uzhavar Sandhai ),1.3,Metric Tonnes,Bellary,5000.0,5600.0,5300.0,Rs./Quintal,Local
Nanganallur(Uzhavar Sandhai ),0.15,Metric Tonnes,Bellary,5500.0,6000.0,5750.0,Rs./Quintal,Local
Naravarikuppam(Uzhavar Sandhai ),0.28,Metric Tonnes,Bellary,5000.0,5000.0,5000.0,Rs./Quintal,Local
Natrampalli(Uzhavar Sandhai ),0.55,Metric Tonnes,Bellary,5000.0,6000.0,5500.0,Rs./Quintal,Local
Needamangalam(Uzhavar Sandhai ),0.05,Metric Tonnes,Bellary,5400.0,5400.0,5400.0,Rs./Quintal,Local
Padappai(Uzhavar Sandhai ),0.6,Metric Tonnes,Bellary,5000.0,5800.0,5400.0,Rs./Quintal,Local
Palacode(Uzhavar Sandhai ),0.21,Metric Tonnes,Bellary,5600.0,5800.0,5700.0,Rs./Quintal,Local
Palanganatham(Uzhavar Sandhai ),0.9,Metric Tonnes,Bellary,4000.0,6500.0,5250.0,Rs./Quintal,Local
Palani(Uzhavar Sandhai ),1.04,Metric Tonnes,Bellary,5000.0,6000.0,5500.0,Rs./Quintal,Local
Palayamkottai(Uzhavar Sandhai ),2.3,Metric Tonnes,Bellary,5600.0,6200.0,5900.0,Rs./Quintal,Local
Pallavaram(Uzhavar Sandhai ),1.05,Metric Tonnes,Bellary,5000.0,6000.0,5500.0,Rs./Quintal,Local
Pallikonda(Uzhavar Sandhai),0.11,Metric Tonnes,Bellary,5000.0,5500.0,5250.0,Rs./Quintal,Local
Panruti(Uzhavar Sandhai ),0.06,Metric Tonnes,Bellary,5000.0,5000.0,5000.0,Rs./Quintal,Local
Papanasam(Uzhavar Sandhai ),0.18,Metric Tonnes,Bellary,4800.0,7200.0,6000.0,Rs./Quintal,Local
Paramakudi(Uzhavar Sandhai ),0.48,Metric Tonnes,Bellary,5500.0,6000.0,5750.0,Rs./Quintal,Local
Paramathivelur(Uzhavar Sandhai ),0.16,Metric Tonnes,Bellary,5000.0,5600.0,5300.0,Rs./Quintal,Local
Paruthipattu(Uzhavar Sandhai ),0.25,Metric Tonnes,Bellary,5000.0,5000.0,5000.0,Rs./Quintal,Local
Pattukottai(Uzhavar Sandhai ),0.7,Metric Tonnes,Bellary,4600.0,6000.0,5300.0,Rs./Quintal,Local
Pennagaram(Uzhavar Sandhai ),0.2,Metric Tonnes,Bellary,5500.0,6000.0,5750.0,Rs./Quintal,Local
Perambakkam(Uzhavar Sandhai ),0.02,Metric Tonnes,Bellary,5000.0,5000.0,5000.0,Rs./Quintal,Local
Perambalur(Uzhavar Sandhai ),0.6,Metric Tonnes,Bellary,6000.0,6600.0,6300.0,Rs./Quintal,Local
Perampet(Uzhavar Sandhai),0.05,Metric Tonnes,Bellary,5600.0,5600.0,5600.0,Rs./Quintal,Local
Peravurani(Uzhavar Sandhai),0.06,Metric Tonnes,Bellary,6000.0,6000.0,6000.0,Rs./Quintal,Local
Periyakulam(Uzhavar Sandhai ),0.33,Metric Tonnes,Bellary,5600.0,5800.0,5700.0,Rs./Quintal,Local
Perundurai(Uzhavar Sandhai ),0.22,Metric Tonnes,Bellary,5500.0,6000.0,5750.0,Rs./Quintal,Local
Pollachi(Uzhavar Sandhai ),0.37,Metric Tonnes,Bellary,5000.0,6000.0,5500.0,Rs./Quintal,Local
Polur(Uzhavar Sandhai ),0.18,Metric Tonnes,Bellary,5000.0,6000.0,5500.0,Rs./Quintal,Local
Ponnamaravathi(Uzhavar Sandhai),0.16,Metric Tonnes,Bellary,5500.0,6000.0,5750.0,Rs./Quintal,Local
Pudukottai(Uzhavar Sandhai ),0.78,Metric Tonnes,Bellary,6000.0,7000.0,6500.0,Rs./Quintal,Local
RSPuram(Uzhavar Sandhai ),4.12,Metric Tonnes,Bellary,5200.0,5500.0,5350.0,Rs./Quintal,Local
Rajapalayam(Uzhavar Sandhai ),0.2,Metric Tonnes,Bellary,5500.0,6500.0,6000.0,Rs./Quintal,Local
Ramanathapuram(Uzhavar Sandhai ),0.18,Metric Tonnes,Bellary,5500.0,6000.0,5750.0,Rs./Quintal,Local
Ranipettai(Uzhavar Sandhai ),0.8,Metric Tonnes,Bellary,5500.0,5500.0,5500.0,Rs./Quintal,Local
Rasipuram(Uzhavar Sandhai ),0.63,Metric Tonnes,Bellary,5600.0,6000.0,5800.0,Rs./Quintal,Local
Sampath Nagar(Uzhavar Sandhai ),0.61,Metric Tonnes,Bellary,6000.0,6400.0,6200.0,Rs./Quintal,Local
Sankarankoil(Uzhavar Sandhai ),0.45,Metric Tonnes,Bellary,5000.0,6000.0,5500.0,Rs./Quintal,Local
Sankarapuram(Uzhavar Sandhai ),0.24,Metric Tonnes,Bellary,6000.0,6000.0,6000.0,Rs./Quintal,Local
Sathiyamagalam(Uzhavar Sandhai ),0.29,Metric Tonnes,Bellary,5400.0,5800.0,5600.0,Rs./Quintal,Local
Sathur(Uzhavar Sandhai ),0.06,Metric Tonnes,Bellary,4500.0,5000.0,4750.0,Rs./Quintal,Local
Singampunari(Uzhavar Sandhai ),0.13,Metric Tonnes,Bellary,4200.0,6000.0,5100.0,Rs./Quintal,Local
Singanallur(Uzhavar Sandhai ),1.25,Metric Tonnes,Bellary,5000.0,5500.0,5250.0,Rs./Quintal,Local
Sirkali(Uzhavar Sandhai ),0.33,Metric Tonnes,Bellary,4500.0,5000.0,4750.0,Rs./Quintal,Local
Sivagangai (Uzhavar Sandhai ),0.38,Metric Tonnes,Bellary,6200.0,6600.0,6400.0,Rs./Quintal,Local
Sivakasi(Uzhavar Sandhai ),0.06,Metric Tonnes,Bellary,5000.0,6000.0,5500.0,Rs./Quintal,Local
Sooramangalam(Uzhavar Sandhai ),0.55,Metric Tonnes,Bellary,5000.0,6000.0,5500.0,Rs./Quintal,Local
Srivilliputhur(Uzhavar Sandhai ),0.1,Metric Tonnes,Bellary,5000.0,6000.0,5500.0,Rs./Quintal,Local
Sulur(Uzhavar Sandhai ),0.12,Metric Tonnes,Bellary,5000.0,5500.0,5250.0,Rs./Quintal,Local
Sundarapuram(Uzhavar Sandhai ),0.85,Metric Tonnes,Bellary,5500.0,5800.0,5650.0,Rs./Quintal,Local
Sunguvarchatram(Uzhavar Sandhai ),0.85,Metric Tonnes,Bellary,4500.0,5000.0,4750.0,Rs./Quintal,Local
Tenkasi(Uzhavar Sandhai ),0.52,Metric Tonnes,Bellary,4500.0,5000.0,4750.0,Rs./Quintal,Local
Thalavadi(Uzhavar Sandhai ),0.23,Metric Tonnes,Bellary,5400.0,5800.0,5600.0,Rs./Quintal,Local
Thalavaipuram(Uzhavar Sandhai ),0.05,Metric Tonnes,Bellary,5500.0,6500.0,6000.0,Rs./Quintal,Local
Thammampatti (Uzhavar Sandhai ),0.48,Metric Tonnes,Bellary,5500.0,6200.0,5850.0,Rs./Quintal,Local
Thanjavur(Uzhavar Sandhai ),1.28,Metric Tonnes,Bellary,6000.0,6000.0,6000.0,Rs./Quintal,Local
Thathakapatti(Uzhavar Sandhai ),0.41,Metric Tonnes,Bellary,5500.0,6000.0,5750.0,Rs./Quintal,Local
Theni(Uzhavar Sandhai ),1.33,Metric Tonnes,Bellary,5000.0,5800.0,5400.0,Rs./Quintal,Local
Thirumangalam(Uzhavar Sandhai ),0.67,Metric Tonnes,Bellary,6000.0,6500.0,6250.0,Rs./Quintal,Local
Thirupathur APMC,0.95,Metric Tonnes,Bellary,5500.0,5500.0,5500.0,Rs./Quintal,Local
Thiruverumbur(Uzhavar Sandhai ),0.85,Metric Tonnes,Bellary,6000.0,6000.0,6000.0,Rs./Quintal,Local
Thuraiyur APMC,0.35,Metric Tonnes,Bellary,5000.0,6500.0,5750.0,Rs./Quintal,Local
Tindivanam APMC,0.85,Metric Tonnes,Bellary,5800.0,5800.0,5800.0,Rs./Quintal,Local
Tiruchengode APMC,0.19,Metric Tonnes,Bellary,5500.0,6000.0,5750.0,Rs./Quintal,Local
Tirukattupalli(Uzhavar Sandhai ),0.28,Metric Tonnes,Bellary,6000.0,6000.0,6000.0,Rs./Quintal,Local
Tirupatthur(Uzhavar Sandhai ),0.37,Metric Tonnes,Bellary,6400.0,6800.0,6600.0,Rs./Quintal,Local
Tiruppur (North) (Uzhavar Sandhai ),0.41,Metric Tonnes,Bellary,5000.0,5500.0,5250.0,Rs./Quintal,Local
Tiruppur (South) (Uzhavar Sandhai ),0.52,Metric Tonnes,Bellary,4000.0,5000.0,4500.0,Rs./Quintal,Local
Tiruthani(Uzhavar Sandhai ),0.8,Metric Tonnes,Bellary,4000.0,4000.0,4000.0,Rs./Quintal,Local
Tiruvallur(Uzhavar Sandhai ),0.19,Metric Tonnes,Bellary,5000.0,5000.0,5000.0,Rs./Quintal,Local
Tiruvannamalai(Uzhavar Sandhai ),1.1,Metric Tonnes,Bellary,5000.0,6000.0,5500.0,Rs./Quintal,Local
Tuticorin(Uzhavar Sandhai ),1.18,Metric Tonnes,Bellary,5000.0,5500.0,5250.0,Rs./Quintal,Local
Udhagamandalam(Uzhavar Sandhai ),2.38,Metric Tonnes,Bellary,5500.0,6000.0,5750.0,Rs./Quintal,Local
Udumalpet APMC,0.63,Metric Tonnes,Bellary,6000.0,6500.0,6250.0,Rs./Quintal,Local
Ulundurpettai APMC,0.45,Metric Tonnes,Bellary,6000.0,6000.0,6000.0,Rs./Quintal,Local
Usilampatti(Uzhavar Sandhai ),0.52,Metric Tonnes,Bellary,6000.0,6500.0,6250.0,Rs./Quintal,Local
Vadalur(Uzhavar Sandhai ),0.18,Metric Tonnes,Bellary,4500.0,5000.0,4750.0,Rs./Quintal,Local
Vadaseri APMC,0.39,Metric Tonnes,Bellary,5500.0,6000.0,5750.0,Rs./Quintal,Local
Vadavalli(Uzhavar Sandhai ),1.05,Metric Tonnes,Bellary,5200.0,5500.0,5350.0,Rs./Quintal,Local
Vandavasi(Uzhavar Sandhai ),0.04,Metric Tonnes,Bellary,5000.0,6000.0,5500.0,Rs./Quintal,Local
Vaniyampadi(Uzhavar Sandhai ),0.7,Metric Tonnes,Bellary,5000.0,5000.0,5000.0,Rs./Quintal,Local
Vazhapadi(Uzhavar Sandhai),0.1,Metric Tonnes,Bellary,6000.0,6500.0,6250.0,Rs./Quintal,Local
Vedaranyam(Uzhavar Sandhai),0.06,Metric Tonnes,Bellary,3000.0,3800.0,3400.0,Rs./Quintal,Local
Vedasanthur(Uzhavar Sandhai ),0.01,Metric Tonnes,Bellary,5000.0,6000.0,5500.0,Rs./Quintal,Local
Vellore APMC,1.2,Metric Tonnes,Bellary,5800.0,6000.0,5900.0,Rs./Quintal,Local
Villupuram(Uzhavar Sandhai ),0.45,Metric Tonnes,Bellary,6000.0,6000.0,6000.0,Rs./Quintal,Local
Viralimalai(Uzhavar Sandhai ),0.12,Metric Tonnes,Bellary,6000.0,7000.0,6500.0,Rs./Quintal,Local
Virudhunagar(Uzhavar Sandhai ),0.08,Metric Tonnes,Bellary,5500.0,6000.0,5750.0,Rs./Quintal,Local
Viruthachalam(Uzhavar Sandhai ),0.16,Metric Tonnes,Bellary,5000.0,5000.0,5000.0,Rs./Quintal,Local
Total,91.79,Metric Tonnes,,,,5678.64,Rs./Quintal,
State/UT Name : Telangana
"Alwal,RBZ",0.2,Metric Tonnes,Onion,4000.0,4000.0,4000.0,Rs./Quintal,FAQ
Bowenpally APMC,39.0,Metric Tonnes,Onion,1000.0,5200.0,3500.0,Rs./Quintal,FAQ
"Excise Colony,RBZ ",0.16,Metric Tonnes,Other,6000.0,6000.0,6000.0,Rs./Quintal,Grade A
Gudimalkapur APMC,119.2,Metric Tonnes,Onion,2000.0,5500.0,2600.0,Rs./Quintal,Grade B
"Kukatpally,RBZ",6.2,Metric Tonnes,1st Sort,4000.0,4000.0,4000.0,Rs./Quintal,Local
Mahboob Manison APMC,465.40000000000003,Metric Tonnes,Onion,4000.0,5000.0,4400.0,Rs./Quintal,Large
Mahboob Manison APMC,698.1,Metric Tonnes,Onion,2000.0,3500.0,3200.0,Rs./Quintal,Small
Miryalguda(Rythu Bazar) ,1.0,Metric Tonnes,Red,5500.0,5500.0,5500.0,Rs./Quintal,Grade A
RYTHU BAZAR MEHDIPATNAM,2.4,Metric Tonnes,1st Sort,4000.0,4000.0,4000.0,Rs./Quintal,Grade A
"Saroornagar,RBZ",1.4000000000000001,Metric Tonnes,Other,4000.0,4000.0,4000.0,Rs./Quintal,Medium
"Vanasthalipuram,RBZ ",1.1,Metric Tonnes,Onion,4000.0,4000.0,4000.0,Rs./Quintal,Grade A
Total,1334.16,Metric Tonnes,,,,3582.6,Rs./Quintal,
State/UT Name : Tripura
Barpathari APMC,1.0,Metric Tonnes,Other,4500.0,4700.0,4600.0,Rs./Quintal,FAQ
Dasda APMC,0.8,Metric Tonnes,Onion,4400.0,4600.0,4500.0,Rs./Quintal,FAQ
Gondatwisa APMC,0.2,Metric Tonnes,Onion,5000.0,5500.0,5300.0,Rs./Quintal,FAQ
Halahali,0.3,Metric Tonnes,1st Sort,5900.0,6000.0,5950.0,Rs./Quintal,FAQ
Jampuijala APMC,0.1,Metric Tonnes,Other,4800.0,5000.0,4900.0,Rs./Quintal,Medium
Machmara,0.7000000000000001,Metric Tonnes,Nasik,4500.0,4700.0,4600.0,Rs./Quintal,FAQ
Manubazar,0.5,Metric Tonnes,1st Sort,4700.0,5200.0,4900.0,Rs./Quintal,Grade A
Pabiacherra APMC,1.0,Metric Tonnes,Nasik,4900.0,5100.0,5000.0,Rs./Quintal,FAQ
Teliamura APMC,4.0,Metric Tonnes,Nasik,3500.0,3700.0,3600.0,Rs./Quintal,Medium
Total,8.6,Metric Tonnes,,,,4256.4,Rs./Quintal,
State/UT Name : Uttar Pradesh
Ahirora APMC,5.0,Metric Tonnes,Other,1000.0,1000.0,1000.0,Rs./Quintal,FAQ
Auraiya APMC,17.5,Metric Tonnes,Other,3500.0,3500.0,3500.0,Rs./Quintal,FAQ
Ayodhya APMC,30.1,Metric Tonnes,Other,2800.0,2800.0,2800.0,Rs./Quintal,FAQ
Azamgarh APMC,539.2,Metric Tonnes,Other,900.0,900.0,900.0,Rs./Quintal,FAQ
Balrampur APMC,30.5,Metric Tonnes,Other,1000.0,1000.0,1000.0,Rs./Quintal,FAQ
Banthara APMC,12.718,Metric Tonnes,Other,4586.0,4586.0,4586.0,Rs./Quintal,FAQ
Barabanki APMC,30.0,Metric Tonnes,Other,2500.0,2500.0,2500.0,Rs./Quintal,FAQ
Chandausi APMC,41.0,Metric Tonnes,Other,2050.0,2122.0,2078.1,Rs./Quintal,FAQ
Etawah APMC,30.7,Metric Tonnes,Other,3500.0,3500.0,3500.0,Rs./Quintal,FAQ
Fatehpur APMC,5.8,Metric Tonnes,Other,3500.0,3500.0,3500.0,Rs./Quintal,FAQ
Haathras APMC,56.0,Metric Tonnes,Other,2500.0,2500.0,2500.0,Rs./Quintal,FAQ
Hardoi APMC,30.8,Metric Tonnes,Other,2500.0,2500.0,2500.0,Rs./Quintal,FAQ
Jalaun APMC,10.7,Metric Tonnes,Other,2500.0,2500.0,2500.0,Rs./Quintal,FAQ
Jaunpur APMC,120.0,Metric Tonnes,Other,3500.0,3800.0,3530.0,Rs./Quintal,FAQ
Jhansi APMC,8.5,Metric Tonnes,Other,2700.0,2800.0,2729.41,Rs./Quintal,FAQ
Kannauj APMC,2.0,Metric Tonnes,Other,3500.0,3500.0,3500.0,Rs./Quintal,FAQ
Kanpur(Grain) APMC,285.1,Metric Tonnes,Other,3500.0,3500.0,3500.0,Rs./Quintal,FAQ
Khairagarh APMC,1.0,Metric Tonnes,Red,4000.0,4100.0,4050.0,Rs./Quintal,FAQ
Khekda APMC,0.1,Metric Tonnes,Other,3600.0,3600.0,3600.0,Rs./Quintal,FAQ
Konch APMC,5.0,Metric Tonnes,Other,1700.0,1700.0,1700.0,Rs./Quintal,FAQ
Kosikalan APMC,2.0,Metric Tonnes,Other,2000.0,2000.0,2000.0,Rs./Quintal,FAQ
Mathura APMC,56.9,Metric Tonnes,Other,2800.0,4000.0,2852.37,Rs./Quintal,FAQ
Mugrabaadshahpur APMC,12.0,Metric Tonnes,Other,2500.0,2500.0,2500.0,Rs./Quintal,FAQ
Muradabad APMC,88.4,Metric Tonnes,Other,2500.0,2500.0,2500.0,Rs./Quintal,FAQ
Noida APMC,30.0,Metric Tonnes,Other,4000.0,4000.0,4000.0,Rs./Quintal,FAQ
Prayagraj APMC,10.0,Metric Tonnes,Other,3000.0,3000.0,3000.0,Rs./Quintal,FAQ
Saharanpur APMC,111.5,Metric Tonnes,Other,2400.0,3400.0,2789.06,Rs./Quintal,FAQ
Samsabad APMC,1.0,Metric Tonnes,Onion,2400.0,2600.0,2500.0,Rs./Quintal,Local
Samsabad APMC,1.0,Metric Tonnes,Other,2500.0,2500.0,2500.0,Rs./Quintal,FAQ
Shamli APMC,3.3,Metric Tonnes,Other,4000.0,5000.0,4530.3,Rs./Quintal,FAQ
Varanasi APMC,86.15,Metric Tonnes,Other,3500.0,3500.0,3500.0,Rs./Quintal,FAQ
Total,1663.97,Metric Tonnes,,,,2356.21,Rs./Quintal,
State/UT Name : Uttarakhand
Haldwani APMC,34.800000000000004,Metric Tonnes,Other,3500.0,4200.0,3800.0,Rs./Quintal,FAQ
Khateema APMC,6.5,Metric Tonnes,Other,2000.0,2200.0,2100.0,Rs./Quintal,Grade A
Kicchha APMC,5.0,Metric Tonnes,Nasik,500.0,600.0,550.0,Rs./Quintal,Non-FAQ
Kotadwara APMC,1.0,Metric Tonnes,Onion,1900.0,1900.0,1900.0,Rs./Quintal,FAQ
Rishikesh APMC,8.5,Metric Tonnes,Other,3050.0,4500.0,3800.0,Rs./Quintal,Medium
Roorkee APMC,1.5,Metric Tonnes,Other,2500.0,4500.0,3500.0,Rs./Quintal,Medium
Sitarganj APMC,2.5,Metric Tonnes,Hybrid,2500.0,3500.0,3000.0,Rs./Quintal,Grade B
Total,59.8,Metric Tonnes,,,,3270.74,Rs./Quintal,
State/UT Name : West Bengal
Alipurduar APMC,9.0,Metric Tonnes,Onion,2500.0,3200.0,3000.0,Rs./Quintal,FAQ
Asansol APMC,16.0,Metric Tonnes,Nasik,4200.0,4400.0,4300.0,Rs./Quintal,FAQ
Balarampur APMC,1.6,Metric Tonnes,Other,3500.0,4500.0,4000.0,Rs./Quintal,FAQ
Bankura Sadar APMC,16.0,Metric Tonnes,Nasik,4750.0,5050.0,4850.0,Rs./Quintal,FAQ
Bara Bazar (Posta Bazar) APMC,24.0,Metric Tonnes,Nasik,4700.0,5000.0,4880.0,Rs./Quintal,FAQ
Barasat APMC,16.0,Metric Tonnes,Other,4500.0,4500.0,4500.0,Rs./Quintal,FAQ
Baruipur(Canning) APMC,4.0,Metric Tonnes,Red,4700.0,4900.0,4800.0,Rs./Quintal,FAQ
Bethuadahari APMC,9.8,Metric Tonnes,Nasik,3800.0,4200.0,4000.0,Rs./Quintal,Grade A
Bishnupur(Bankura) APMC,0.55,Metric Tonnes,Nasik,4200.0,4800.0,4650.0,Rs./Quintal,FAQ
Chakdah APMC,6.1,Metric Tonnes,Onion,4000.0,4200.0,4100.0,Rs./Quintal,FAQ
Champadanga APMC,3.5,Metric Tonnes,Nasik,4300.0,4600.0,4500.0,Rs./Quintal,FAQ
Durgapur APMC,15.5,Metric Tonnes,Nasik,4250.0,4400.0,4300.0,Rs./Quintal,FAQ
Falakata APMC,11.0,Metric Tonnes,Other,3000.0,3600.0,3500.0,Rs./Quintal,FAQ
Gangarampur(Dakshin Dinajpur) APMC,2.0,Metric Tonnes,1st Sort,4000.0,4200.0,4100.0,Rs./Quintal,FAQ
Garbeta(Medinipur) APMC,0.7000000000000001,Metric Tonnes,Onion,4000.0,4600.0,4200.0,Rs./Quintal,FAQ
Ghatal APMC,2.8000000000000003,Metric Tonnes,Onion,5100.0,5300.0,5200.0,Rs./Quintal,FAQ
Habra APMC,35.0,Metric Tonnes,Onion,4200.0,4300.0,4200.0,Rs./Quintal,FAQ
Islampur APMC,4.0,Metric Tonnes,Dry F.A.Q.,3500.0,4500.0,4000.0,Rs./Quintal,FAQ
Jangipur APMC,31.25,Metric Tonnes,Bellary,3500.0,3650.0,3600.0,Rs./Quintal,FAQ
Kalipur APMC,5.0,Metric Tonnes,Nasik,4200.0,4500.0,4400.0,Rs./Quintal,FAQ
Kalna APMC,2.35,Metric Tonnes,Local,4300.0,4500.0,4400.0,Rs./Quintal,FAQ
Kalna APMC,1.5,Metric Tonnes,Nasik,4500.0,4600.0,4500.0,Rs./Quintal,FAQ
Karimpur APMC,9.5,Metric Tonnes,Nasik,3800.0,4200.0,4000.0,Rs./Quintal,Grade A
Karsiyang(Matigara) APMC,0.4,Metric Tonnes,Nasik,5800.0,6000.0,5900.0,Rs./Quintal,FAQ
Medinipur(West) APMC,28.0,Metric Tonnes,Onion,4400.0,4600.0,4500.0,Rs./Quintal,FAQ
Moynaguri APMC,1.0,Metric Tonnes,Nasik,4500.0,5000.0,4700.0,Rs./Quintal,FAQ
Pandua APMC,2.7,Metric Tonnes,Dry F.A.Q.,4000.0,4350.0,4200.0,Rs./Quintal,FAQ
Raiganj APMC,5.0,Metric Tonnes,Nasik,3500.0,4500.0,4000.0,Rs./Quintal,FAQ
Ranaghat APMC,5.8,Metric Tonnes,Other,4000.0,4400.0,4200.0,Rs./Quintal,FAQ
Siliguri APMC,44.0,Metric Tonnes,Onion,4500.0,4700.0,4600.0,Rs./Quintal,FAQ
Tamluk (Medinipur E) APMC,2.0,Metric Tonnes,Onion,3000.0,3300.0,3200.0,Rs./Quintal,FAQ
Total,316.05,Metric Tonnes,,,,4276.66,Rs./Quintal,
Grand Total,33265.18,Metric Tonnes,,,,3902.65,Rs./Quintal,
Potato
State/UT Name : Assam
Pamohi(Garchuk) APMC,60.0,Metric Tonnes,Potato,900.0,1500.0,1000.0,Rs./Quintal,FAQ
Pamohi(Garchuk) APMC,45.0,Metric Tonnes,Other,1500.0,2000.0,1700.0,Rs./Quintal,FAQ
Tinsukia Market,12.0,Metric Tonnes,Potato,900.0,1100.0,1000.0,Rs./Quintal,FAQ
Total,117.0,Metric Tonnes,,,,1269.23,Rs./Quintal,
State/UT Name : Bihar
Balliah APMC,4.0,Metric Tonnes,Local,1000.0,1200.0,1100.0,Rs./Quintal,Grade B
Balliah APMC,4.0,Metric Tonnes,Local,1000.0,1200.0,1100.0,Rs./Quintal,Grade A
Balliah APMC,4.0,Metric Tonnes,Local,1000.0,1200.0,1100.0,Rs./Quintal,Grade C
Chhapra APMC,90.0,Metric Tonnes,Other,1100.0,1300.0,1200.0,Rs./Quintal,Grade A
Jamui APMC,15.0,Metric Tonnes,Jyoti,1100.0,1100.0,1100.0,Rs./Quintal,Grade A
Madhuban APMC,150.0,Metric Tonnes,Other,1100.0,1300.0,1200.0,Rs./Quintal,FAQ
Madhubani APMC,60.0,Metric Tonnes,Red,1100.0,1300.0,1200.0,Rs./Quintal,FAQ
Motihari APMC,50.0,Metric Tonnes,Other,1100.0,1300.0,1200.0,Rs./Quintal,Grade A
Raxaul APMC,4.5,Metric Tonnes,Red Nanital,1400.0,1600.0,1500.0,Rs./Quintal,Grade A
Saharsa APMC,24.0,Metric Tonnes,Local,1000.0,1100.0,1100.0,Rs./Quintal,FAQ
Total,405.5,Metric Tonnes,,,,1190.75,Rs./Quintal,
State/UT Name : Chandigarh
Chandigarh (Grain/F&V) APMC,285.84000000000003,Metric Tonnes,Potato,400.0,1400.0,1200.0,Rs./Quintal,FAQ
Total,285.84,Metric Tonnes,,,,1200.0,Rs./Quintal,
State/UT Name : Chattisgarh
Rajnandgaon APMC,29.8,Metric Tonnes,Potato,900.0,1100.0,1000.0,Rs./Quintal,Grade B
Tiphra APMC,65.0,Metric Tonnes,Local,1600.0,1800.0,1700.0,Rs./Quintal,Grade B
Total,94.8,Metric Tonnes,,,,1479.96,Rs./Quintal,
State/UT Name : Goa
Mapusa APMC,16.153,Metric Tonnes,Potato,1200.0,1600.0,1500.0,Rs./Quintal,FAQ
Total,16.15,Metric Tonnes,,,,1500.0,Rs./Quintal,
State/UT Name : Gujarat
Bharuch APMC,12.5,Metric Tonnes,Other,1000.0,1700.0,1200.0,Rs./Quintal,Local
Bilimora APMC,4.0,Metric Tonnes,Other,1400.0,1800.0,1600.0,Rs./Quintal,FAQ
Dahod(Veg. Market) APMC,28.0,Metric Tonnes,Potato,800.0,1200.0,1000.0,Rs./Quintal,Local
Khambhat(Veg Yard Khambhat) APMC,0.30000000000000004,Metric Tonnes,Desi,1000.0,1900.0,1500.0,Rs./Quintal,Local
Navsari APMC,28.5,Metric Tonnes,Potato,600.0,1800.0,1200.0,Rs./Quintal,Grade A
Vadodara(Sayajipura) APMC,33.64,Metric Tonnes,Other,800.0,1900.0,1400.0,Rs./Quintal,FAQ
Total,106.94,Metric Tonnes,,,,1226.35,Rs./Quintal,
State/UT Name : Haryana
Bahadurgarh APMC,30.0,Metric Tonnes,Other,700.0,1100.0,800.0,Rs./Quintal,FAQ
Ballabhgarh APMC,21.0,Metric Tonnes,Potato,700.0,1000.0,800.0,Rs./Quintal,FAQ
Barwala APMC,3.2,Metric Tonnes,Local,700.0,800.0,750.0,Rs./Quintal,FAQ
Barwala(Hisar) APMC,2.0,Metric Tonnes,Potato,800.0,1000.0,900.0,Rs./Quintal,Local
Cheeka APMC,4.75,Metric Tonnes,Other,700.0,800.0,750.0,Rs./Quintal,FAQ
Farukh Nagar APMC,3.5,Metric Tonnes,Other,900.0,1100.0,1000.0,Rs./Quintal,Medium
Ganaur APMC,4.1000000000000005,Metric Tonnes,Potato,1000.0,1500.0,1200.0,Rs./Quintal,FAQ
Gohana APMC,21.5,Metric Tonnes,Other,1000.0,1600.0,1200.0,Rs./Quintal,Medium
Gurgaon APMC,201.0,Metric Tonnes,Other,600.0,1000.0,800.0,Rs./Quintal,Grade B
Hansi APMC,49.6,Metric Tonnes,Other,1000.0,4000.0,1000.0,Rs./Quintal,FAQ
Hissar APMC,29.0,Metric Tonnes,Local,600.0,1000.0,800.0,Rs./Quintal,Local
Indri APMC,1.1,Metric Tonnes,Potato,700.0,800.0,800.0,Rs./Quintal,FAQ
Jagadhri APMC,5.1000000000000005,Metric Tonnes,Potato,550.0,680.0,600.0,Rs./Quintal,FAQ
Jind APMC,26.0,Metric Tonnes,Other,700.0,1200.0,1020.0,Rs./Quintal,FAQ
Kharkhoda APMC,5.7,Metric Tonnes,Other,1000.0,1200.0,1100.0,Rs./Quintal,FAQ
Ladwa APMC,3.0,Metric Tonnes,Red Nanital,1800.0,2500.0,2500.0,Rs./Quintal,Medium
Madlauda APMC,0.6000000000000001,Metric Tonnes,Potato,800.0,800.0,800.0,Rs./Quintal,FAQ
Mohindergarh APMC,6.6000000000000005,Metric Tonnes,Potato,700.0,700.0,700.0,Rs./Quintal,Medium
Naraingarh APMC,5.15,Metric Tonnes,Potato,400.0,1500.0,800.0,Rs./Quintal,Medium
Narnaul APMC,4.0,Metric Tonnes,Potato,800.0,1000.0,900.0,Rs./Quintal,Medium
Narwana APMC,4.0,Metric Tonnes,Potato,500.0,500.0,500.0,Rs./Quintal,Non-FAQ
"New Grain Market , Faridabad APMC",102.9,Metric Tonnes,Other,600.0,1000.0,800.0,Rs./Quintal,Non-FAQ
Nuh APMC,3.4,Metric Tonnes,Other,1000.0,1000.0,1000.0,Rs./Quintal,Local
Palwal APMC,8.5,Metric Tonnes,Potato,800.0,800.0,800.0,Rs./Quintal,FAQ
Panipat APMC,98.80000000000001,Metric Tonnes,Potato,600.0,1100.0,850.0,Rs./Quintal,Local
Pundri APMC,0.8,Metric Tonnes,Other,600.0,700.0,650.0,Rs./Quintal,FAQ
Radaur APMC,1.8,Metric Tonnes,Other,1200.0,1400.0,1300.0,Rs./Quintal,Medium
Raipur Rani APMC,0.45,Metric Tonnes,Potato,700.0,900.0,850.0,Rs./Quintal,Local
Ratia APMC,65.0,Metric Tonnes,Other,600.0,700.0,650.0,Rs./Quintal,Grade A
Rewari APMC,33.7,Metric Tonnes,Other,800.0,1600.0,1200.0,Rs./Quintal,Medium
Sadhaura APMC,5.0,Metric Tonnes,Potato,700.0,900.0,800.0,Rs./Quintal,Local
Samalkha APMC,11.0,Metric Tonnes,Other,1000.0,1000.0,1000.0,Rs./Quintal,FAQ
Sampla APMC,4.2,Metric Tonnes,Other,1200.0,1200.0,1200.0,Rs./Quintal,Local
Shahabad APMC,5.8,Metric Tonnes,Potato,500.0,700.0,600.0,Rs./Quintal,Medium
Shahzadpur APMC,3.1,Metric Tonnes,Local,600.0,1100.0,600.0,Rs./Quintal,Local
Sirsa APMC,17.2,Metric Tonnes,Other,400.0,780.0,550.0,Rs./Quintal,FAQ
Sonepat APMC,40.900000000000006,Metric Tonnes,Desi,1000.0,1300.0,1000.0,Rs./Quintal,FAQ
Tarori APMC,1.2000000000000002,Metric Tonnes,Desi,1000.0,1500.0,1200.0,Rs./Quintal,Medium
Thanesar APMC,19.5,Metric Tonnes,Potato,700.0,3000.0,1850.0,Rs./Quintal,Medium
Uklana APMC,0.30000000000000004,Metric Tonnes,Potato,800.0,800.0,800.0,Rs./Quintal,Medium
Total,854.45,Metric Tonnes,,,,879.35,Rs./Quintal,
State/UT Name : Himachal Pradesh
PMY Bilaspur,1.5,Metric Tonnes,Local,1000.0,2200.0,1800.0,Rs./Quintal,Grade B
PMY Chamba,7.0,Metric Tonnes,Potato,1000.0,1200.0,1100.0,Rs./Quintal,Medium
PMY Hamirpur,2.9000000000000004,Metric Tonnes,Other,1000.0,2400.0,1700.0,Rs./Quintal,Grade B
PMY Kangra,1.8,Metric Tonnes,Potato,1000.0,2000.0,1500.0,Rs./Quintal,FAQ
PMY Kather Solan,8.752,Metric Tonnes,Other,700.0,2500.0,2300.0,Rs./Quintal,Medium
PMY Kullu,2.0,Metric Tonnes,Other,800.0,2500.0,1600.0,Rs./Quintal,FAQ
SMY Bhuntar,1.8,Metric Tonnes,Other,1000.0,2400.0,1600.0,Rs./Quintal,FAQ
SMY Chauri Bihal,0.30000000000000004,Metric Tonnes,Other,2100.0,2200.0,2150.0,Rs./Quintal,Grade Range-1
SMY Jaisinghpur,0.2,Metric Tonnes,Potato,2200.0,2500.0,2400.0,Rs./Quintal,FAQ
SMY Jogindernagar,0.15000000000000002,Metric Tonnes,Desi,1200.0,2400.0,1800.0,Rs./Quintal,Grade B
SMY Nadaun,0.22999999999999998,Metric Tonnes,Other,1400.0,1600.0,1500.0,Rs./Quintal,Grade B
SMY Nagrota Bagwan,1.1,Metric Tonnes,Potato,1000.0,1800.0,1300.0,Rs./Quintal,FAQ
SMY Nalagarh,2.0,Metric Tonnes,Other,500.0,800.0,700.0,Rs./Quintal,Medium
SMY Palampur,2.5,Metric Tonnes,Potato,2000.0,2200.0,2100.0,Rs./Quintal,FAQ
SMY Santoshgarh,2.0,Metric Tonnes,Jyoti,800.0,1000.0,900.0,Rs./Quintal,FAQ
SMY Takoli,0.15000000000000002,Metric Tonnes,Other,600.0,1000.0,800.0,Rs./Quintal,Medium
Total,34.38,Metric Tonnes,,,,1628.17,Rs./Quintal,
State/UT Name : Jammu and Kashmir
Parimpore Srinagar (F&V),27.0,Metric Tonnes,Other,500.0,700.0,600.0,Rs./Quintal,Grade B
Parimpore Srinagar (F&V),99.0,Metric Tonnes,Red,900.0,1000.0,950.0,Rs./Quintal,Grade A
Total,126.0,Metric Tonnes,,,,875.0,Rs./Quintal,
State/UT Name : Karnataka
APMC Hubballi,183.0,Metric Tonnes,Potato,1200.0,1600.0,1500.0,Rs./Quintal,Local
Bangarpet APMC,0.6000000000000001,Metric Tonnes,Local,1000.0,2300.0,1500.0,Rs./Quintal,Local
Bengaluru APMC,1007.3000000000001,Metric Tonnes,Potato,1200.0,2200.0,1800.0,Rs./Quintal,Medium
Bengaluru APMC,671.6,Metric Tonnes,Local,1000.0,2400.0,2000.0,Rs./Quintal,Medium
Chickkaballapura APMC,10.0,Metric Tonnes,Local,1400.0,2300.0,2000.0,Rs./Quintal,Local
Chikkamagaluru APMC,14.3,Metric Tonnes,Other,1500.0,1500.0,1500.0,Rs./Quintal,Local
Davangere APMC,3.0,Metric Tonnes,Potato,800.0,2200.0,1600.0,Rs./Quintal,Local
Doddaballapur APMC,3.0,Metric Tonnes,Local,2000.0,2400.0,2200.0,Rs./Quintal,Medium
Gauribidanur APMC,0.30000000000000004,Metric Tonnes,Potato,1000.0,2000.0,1500.0,Rs./Quintal,Local
Hassan APMC,10.0,Metric Tonnes,Potato,1000.0,1000.0,1000.0,Rs./Quintal,Local
Hospet APMC,7.0,Metric Tonnes,Potato,1200.0,1600.0,1400.0,Rs./Quintal,Local
K.R.Nagar APMC,13.0,Metric Tonnes,Potato,1200.0,1200.0,1200.0,Rs./Quintal,Small
Nanjangud APMC,3.0,Metric Tonnes,Potato,3700.0,4666.0,4166.0,Rs./Quintal,Local
Shimoga APMC,4.0,Metric Tonnes,Potato,1600.0,2600.0,2000.0,Rs./Quintal,Local
T. Narasipura APMC,1.2000000000000002,Metric Tonnes,Other,1500.0,2000.0,2000.0,Rs./Quintal,Small
Udupi APMC,8.8,Metric Tonnes,Potato,1400.0,1500.0,1500.0,Rs./Quintal,Local
Total,1940.1,Metric Tonnes,,,,1833.17,Rs./Quintal,
State/UT Name : Keralam
Anchal Market,0.3,Metric Tonnes,Potato,4400.0,4400.0,4400.0,Rs./Quintal,Local
Aralamoodu Market,2.0,Metric Tonnes,Potato,5500.0,6000.0,6000.0,Rs./Quintal,FAQ
Aroor Market,0.2,Metric Tonnes,Other,3800.0,4000.0,3900.0,Rs./Quintal,FAQ
Balarampuram Market,0.4,Metric Tonnes,Red Nanital,4000.0,4000.0,4000.0,Rs./Quintal,FAQ
Chalakudy Market,0.02,Metric Tonnes,Potato,3000.0,3500.0,3500.0,Rs./Quintal,FAQ
Chathanoor Market,0.4,Metric Tonnes,Other,2800.0,3200.0,3000.0,Rs./Quintal,FAQ
Chavakkad Market,0.2,Metric Tonnes,Potato,3400.0,4400.0,4400.0,Rs./Quintal,FAQ
Chelakkara Market,0.2,Metric Tonnes,Potato,4000.0,4200.0,4100.0,Rs./Quintal,FAQ
Chengannur Market,0.5,Metric Tonnes,Potato,2700.0,3000.0,2800.0,Rs./Quintal,FAQ
Kallachi Market,0.1,Metric Tonnes,Other,2200.0,2600.0,2400.0,Rs./Quintal,FAQ
Kanjangadu Market,0.7,Metric Tonnes,Other,2700.0,3400.0,3000.0,Rs./Quintal,FAQ
Kanjirappally Market,0.5,Metric Tonnes,Potato,3500.0,4000.0,3800.0,Rs./Quintal,FAQ
Kattappana Market,2.0,Metric Tonnes,Other,3200.0,3500.0,3400.0,Rs./Quintal,Medium
Kayamkulam Market,3.0,Metric Tonnes,Other,1900.0,2100.0,2000.0,Rs./Quintal,FAQ
Koduvayoor Market,40.0,Metric Tonnes,Potato,2500.0,2900.0,2700.0,Rs./Quintal,Medium
Kollengode Market,40.0,Metric Tonnes,Potato,4000.0,4400.0,4200.0,Rs./Quintal,FAQ
Kondotty Market,0.25,Metric Tonnes,Other,2300.0,2600.0,2500.0,Rs./Quintal,FAQ
Kothamangalam Market,2.0,Metric Tonnes,Potato,3000.0,4000.0,3500.0,Rs./Quintal,FAQ
Madhavapuram Market,0.9,Metric Tonnes,Other,3000.0,3400.0,3200.0,Rs./Quintal,FAQ
Manjeri Market,7.0,Metric Tonnes,Other,2250.0,2350.0,2300.0,Rs./Quintal,Local
Pala Market,3.0,Metric Tonnes,Other,3600.0,4400.0,4000.0,Rs./Quintal,FAQ
Parappanangadi Market,1.6,Metric Tonnes,Other,2260.0,2460.0,2360.0,Rs./Quintal,FAQ
Perinthalmanna Market,4.0,Metric Tonnes,Potato,2100.0,2300.0,2200.0,Rs./Quintal,Large
Perumbavoor Market,4.0,Metric Tonnes,Potato,3000.0,4000.0,3500.0,Rs./Quintal,Medium
Pothencode Market,550.0,Metric Tonnes,Potato,4500.0,4600.0,4500.0,Rs./Quintal,Local
Punalur Market,0.001,Metric Tonnes,Potato,4000.0,4600.0,4400.0,Rs./Quintal,Medium
Taliparamba Market,0.04,Metric Tonnes,Potato,2300.0,2500.0,2400.0,Rs./Quintal,FAQ
Thalasserry Market,0.2,Metric Tonnes,Other,1800.0,2800.0,2200.0,Rs./Quintal,FAQ
Vadakkenchery Market,0.28,Metric Tonnes,Potato,5000.0,6000.0,6000.0,Rs./Quintal,FAQ
Vamanapuram Market,0.13,Metric Tonnes,Other,4000.0,4500.0,4500.0,Rs./Quintal,FAQ
Total,663.92,Metric Tonnes,,,,4301.86,Rs./Quintal,
State/UT Name : Madhya Pradesh
Bareli(F&V) APMC,4.01,Metric Tonnes,Desi,1000.0,1000.0,1000.0,Rs./Quintal,Grade A
Betul(F&V) APMC,30.0,Metric Tonnes,Desi,900.0,1300.0,1000.0,Rs./Quintal,FAQ
Bhopal(F&V) APMC,184.5,Metric Tonnes,Other,400.0,1000.0,700.0,Rs./Quintal,Local
Chhindwara(F&V) APMC,2.3000000000000003,Metric Tonnes,Desi,900.0,1200.0,1000.0,Rs./Quintal,Local
Deori (F&V) APMC,1.3,Metric Tonnes,Potato,650.0,650.0,650.0,Rs./Quintal,Grade B
Dewas(F&V) APMC,2.2,Metric Tonnes,Other,600.0,1600.0,800.0,Rs./Quintal,FAQ
Dhamnod(F&V) APMC,2.5,Metric Tonnes,Potato,600.0,800.0,700.0,Rs./Quintal,Local
Gadarwada (F&V) APMC,18.8,Metric Tonnes,Other,900.0,900.0,900.0,Rs./Quintal,Grade B
Haatpipliya (F&V) APMC,0.25,Metric Tonnes,Potato,800.0,1400.0,1200.0,Rs./Quintal,Local
Hanumana(F&V) APMC,23.5,Metric Tonnes,Desi,965.0,965.0,965.0,Rs./Quintal,Grade A
Harda(F&V) APMC,1.5,Metric Tonnes,Desi,1200.0,1600.0,1500.0,Rs./Quintal,Medium
Itarsi(F&V) APMC,3.37,Metric Tonnes,Potato,900.0,1000.0,900.0,Rs./Quintal,FAQ
Jabalpur(F&V) APMC,52.0,Metric Tonnes,Potato,1000.0,1600.0,1200.0,Rs./Quintal,Medium
Kailaras APMC,0.25,Metric Tonnes,Other,800.0,800.0,800.0,Rs./Quintal,FAQ
Karera(F&V) APMC,1.0,Metric Tonnes,Potato,600.0,1400.0,800.0,Rs./Quintal,Local
Katni APMC,30.0,Metric Tonnes,Potato,600.0,600.0,600.0,Rs./Quintal,FAQ
Katni(F&V) APMC,60.0,Metric Tonnes,Other,450.0,460.0,455.0,Rs./Quintal,Grade C
Morena APMC,10.0,Metric Tonnes,Desi,200.0,200.0,200.0,Rs./Quintal,Non-FAQ
Morena(F&V) APMC,10.0,Metric Tonnes,Potato,200.0,200.0,200.0,Rs./Quintal,Non-FAQ
Narmadapuram (F&V) APMC,6.3,Metric Tonnes,Potato,510.0,900.0,600.0,Rs./Quintal,FAQ
Pipariya(F&V) APMC,9.0,Metric Tonnes,Potato,600.0,1400.0,1000.0,Rs./Quintal,Local
Ratlam(F&V) APMC,1.6,Metric Tonnes,Other,800.0,1200.0,1100.0,Rs./Quintal,FAQ
Rehli(F&V) APMC,0.5,Metric Tonnes,Potato,800.0,1000.0,900.0,Rs./Quintal,Grade C
Sabalgarh(F&V) APMC,4.0,Metric Tonnes,Desi,400.0,400.0,400.0,Rs./Quintal,FAQ
Sagar(F&V) APMC,29.5,Metric Tonnes,Local,700.0,900.0,800.0,Rs./Quintal,Local
Seoni(F&V) APMC,5.8,Metric Tonnes,Desi,1200.0,1200.0,1200.0,Rs./Quintal,Grade C
Thandla APMC,1.86,Metric Tonnes,Other,1000.0,1400.0,1180.0,Rs./Quintal,FAQ
Total,496.04,Metric Tonnes,,,,760.1,Rs./Quintal,
State/UT Name : Maharashtra
APMC Ahilyanagar ,40.1,Metric Tonnes,Other,700.0,1800.0,1250.0,Rs./Quintal,Local
APMC Akluj ,13.0,Metric Tonnes,Other,1000.0,1400.0,1200.0,Rs./Quintal,Local
APMC Akola ,202.0,Metric Tonnes,Other,500.0,1100.0,900.0,Rs./Quintal,Local
APMC Bhusaval ,4.9,Metric Tonnes,Other,1000.0,1500.0,1200.0,Rs./Quintal,Local
APMC Hingna,0.6,Metric Tonnes,Local,1300.0,1300.0,1300.0,Rs./Quintal,Local
APMC Jalgaon ,70.0,Metric Tonnes,Other,500.0,900.0,700.0,Rs./Quintal,Local
APMC Kalyan ,0.3,Metric Tonnes,Other,1000.0,1200.0,1100.0,Rs./Quintal,Local
APMC Kamthi ,6.0,Metric Tonnes,Local,2000.0,2500.0,2350.0,Rs./Quintal,Local
APMC Khed ,8.3,Metric Tonnes,Other,1000.0,1500.0,1300.0,Rs./Quintal,Local
APMC Nasik ,182.0,Metric Tonnes,Other,650.0,1300.0,850.0,Rs./Quintal,Local
APMC Pune ,707.0,Metric Tonnes,Local,600.0,1500.0,1050.0,Rs./Quintal,Local
APMC Rahata ,15.8,Metric Tonnes,Other,700.0,1000.0,850.0,Rs./Quintal,Local
APMC Shrirampur ,14.0,Metric Tonnes,Other,800.0,1000.0,900.0,Rs./Quintal,Local
APMC Solapur ,41.9,Metric Tonnes,Local,900.0,1250.0,1000.0,Rs./Quintal,Local
APMC Vita ,10.0,Metric Tonnes,Other,1800.0,2000.0,1800.0,Rs./Quintal,Local
Amrawati(Frui & Veg. Market) ,53.8,Metric Tonnes,Local,500.0,1500.0,1000.0,Rs./Quintal,Local
Chandrapur(Ganjwad) ,33.0,Metric Tonnes,Other,1200.0,1350.0,1300.0,Rs./Quintal,Local
Junnar(Narayangaon) ,10.0,Metric Tonnes,Other,1000.0,1200.0,1100.0,Rs./Quintal,Local
Khed(Chakan) ,75.0,Metric Tonnes,Other,800.0,1500.0,1300.0,Rs./Quintal,Local
Mumbai-Onion & Potato Market ,1961.1,Metric Tonnes,Other,700.0,1300.0,1000.0,Rs./Quintal,Local
Pune(Khadiki) ,0.5,Metric Tonnes,Local,800.0,1300.0,1050.0,Rs./Quintal,Local
Pune(Manjri) ,5.2,Metric Tonnes,Other,1500.0,1800.0,1600.0,Rs./Quintal,Local
Pune(Moshi) ,40.1,Metric Tonnes,Local,1200.0,1400.0,1300.0,Rs./Quintal,Local
Total,3494.6,Metric Tonnes,,,,1012.61,Rs./Quintal,
State/UT Name : NCT of Delhi
APMC Azadpur,1304.8,Metric Tonnes,Potato,200.0,1840.0,1070.0,Rs./Quintal,FAQ
APMC Keshopur,231.05,Metric Tonnes,Potato,700.0,1400.0,1075.0,Rs./Quintal,FAQ
"Fruit&Vegetable Market,Gazipur APMC",718.95,Metric Tonnes,Potato,900.0,1100.0,1000.0,Rs./Quintal,FAQ
Total,2254.8,Metric Tonnes,,,,1048.19,Rs./Quintal,
State/UT Name : Nagaland
Kohima APMC,0.15,Metric Tonnes,Potato,3000.0,3000.0,3000.0,Rs./Quintal,Grade A
Longleng APMC,0.21000000000000002,Metric Tonnes,Potato,1900.0,2300.0,2100.0,Rs./Quintal,FAQ
Total,0.36,Metric Tonnes,,,,2475.0,Rs./Quintal,
State/UT Name : Odisha
Angaura APMC,2.1,Metric Tonnes,Other,1650.0,2000.0,1800.0,Rs./Quintal,Grade C
Balugaon APMC,2.5,Metric Tonnes,Kufri Giriraj,2000.0,2000.0,2000.0,Rs./Quintal,Grade A
Bargarh(Barapalli) APMC,154.0,Metric Tonnes,Potato,3000.0,4000.0,3500.0,Rs./Quintal,Small
Birmaharajpur APMC,2.0,Metric Tonnes,Other,1700.0,1850.0,1750.0,Rs./Quintal,Local
Bolangir APMC,6.2,Metric Tonnes,Other,1400.0,1800.0,1600.0,Rs./Quintal,Medium
Dungurapalli APMC,0.22999999999999998,Metric Tonnes,Other,2000.0,2100.0,2100.0,Rs./Quintal,Local
Hindol APMC,2.5,Metric Tonnes,Potato,1300.0,1500.0,1400.0,Rs./Quintal,Grade B
Jagatsinghpur APMC,300.0,Metric Tonnes,Potato,1350.0,1500.0,1450.0,Rs./Quintal,FAQ
Jharsuguda APMC,2.1,Metric Tonnes,Other,1700.0,2000.0,1700.0,Rs./Quintal,Grade A
Kamakhyanagar APMC,9.0,Metric Tonnes,Potato,3000.0,3000.0,3000.0,Rs./Quintal,Grade A
Khariar APMC,0.8,Metric Tonnes,Potato,2000.0,2000.0,2000.0,Rs./Quintal,Grade A
Khariar Road APMC,0.5,Metric Tonnes,Other,2000.0,2000.0,2000.0,Rs./Quintal,Grade A
Pandkital APMC,0.2,Metric Tonnes,Other,2000.0,2130.0,2100.0,Rs./Quintal,Local
Rairakhol APMC,1.0,Metric Tonnes,Potato,1000.0,1500.0,1200.0,Rs./Quintal,Grade B
Sargipali APMC,2.6,Metric Tonnes,Other,1100.0,1500.0,1200.0,Rs./Quintal,FAQ
Tusura APMC,4.800000000000001,Metric Tonnes,Other,1400.0,1800.0,1600.0,Rs./Quintal,Medium
Udala APMC,3.0,Metric Tonnes,Potato,900.0,1100.0,1000.0,Rs./Quintal,FAQ
Total,493.53,Metric Tonnes,,,,2125.04,Rs./Quintal,
State/UT Name : Punjab
Adampur APMC,3.0,Metric Tonnes,Local,500.0,600.0,600.0,Rs./Quintal,FAQ
Ahmedgarh APMC,0.2,Metric Tonnes,Local,350.0,400.0,400.0,Rs./Quintal,Medium
Baghapurana APMC,0.75,Metric Tonnes,Potato,700.0,900.0,800.0,Rs./Quintal,Grade B
Balachaur APMC,5.0,Metric Tonnes,Other,700.0,800.0,750.0,Rs./Quintal,Medium
Banur APMC,0.5,Metric Tonnes,Other,1080.0,1080.0,1080.0,Rs./Quintal,Grade A
Bassi Pathana APMC,0.8,Metric Tonnes,Potato,1000.0,1200.0,1100.0,Rs./Quintal,Medium
Batala APMC,10.0,Metric Tonnes,Other,600.0,700.0,650.0,Rs./Quintal,Grade C
Bathinda APMC,400.0,Metric Tonnes,Other,700.0,800.0,750.0,Rs./Quintal,Grade B
Bhagta Bhai Ka APMC,0.6,Metric Tonnes,Other,900.0,900.0,900.0,Rs./Quintal,Medium
Bhawanigarh APMC,0.4,Metric Tonnes,Other,600.0,600.0,600.0,Rs./Quintal,Medium
Bhogpur APMC,0.25,Metric Tonnes,Local,800.0,800.0,800.0,Rs./Quintal,Local
Doraha APMC,3.7,Metric Tonnes,Desi,250.0,700.0,600.0,Rs./Quintal,Local
Dudhansadhan APMC,0.7,Metric Tonnes,Other,800.0,800.0,800.0,Rs./Quintal,Grade B
F.G.Churian APMC,0.4,Metric Tonnes,Potato,1000.0,1000.0,1000.0,Rs./Quintal,Grade A
Fazilka APMC,21.6,Metric Tonnes,Potato,900.0,900.0,900.0,Rs./Quintal,FAQ
Ferozepur Cantt. APMC,0.24,Metric Tonnes,Local,350.0,500.0,450.0,Rs./Quintal,Grade A
Garh Shankar APMC,9.4,Metric Tonnes,Potato,1000.0,1000.0,1000.0,Rs./Quintal,FAQ
GarhShankar (Kotfatuhi) APMC,0.5,Metric Tonnes,Other,1000.0,1000.0,1000.0,Rs./Quintal,FAQ
Ghanaur APMC,0.2,Metric Tonnes,Other,800.0,1000.0,900.0,Rs./Quintal,FAQ
Goraya APMC,0.3,Metric Tonnes,Other,800.0,800.0,800.0,Rs./Quintal,Local
Jalalabad APMC,5.0,Metric Tonnes,Potato,1000.0,1200.0,1100.0,Rs./Quintal,Medium
Khanna APMC,35.6,Metric Tonnes,Local,500.0,500.0,500.0,Rs./Quintal,Grade A
Kharar APMC,9.700000000000001,Metric Tonnes,Potato,700.0,900.0,800.0,Rs./Quintal,Non-FAQ
Kotkapura APMC,10.0,Metric Tonnes,Local,800.0,900.0,850.0,Rs./Quintal,FAQ
Kurali APMC,3.6,Metric Tonnes,Other,750.0,825.0,800.0,Rs./Quintal,Medium
Lalru APMC,5.6,Metric Tonnes,Other,870.0,870.0,870.0,Rs./Quintal,Local
Lehra Gaga APMC,2.95,Metric Tonnes,Other,650.0,650.0,650.0,Rs./Quintal,Grade A
Lohian Khas APMC,1.0,Metric Tonnes,Other,300.0,500.0,400.0,Rs./Quintal,Local
Ludhiana APMC,111.30000000000001,Metric Tonnes,Other,100.0,600.0,300.0,Rs./Quintal,FAQ
Machhiwara APMC,1.672,Metric Tonnes,Local,600.0,800.0,700.0,Rs./Quintal,FAQ
Mamdot APMC,2.0,Metric Tonnes,Other,750.0,750.0,750.0,Rs./Quintal,Local
Mansa APMC,9.0,Metric Tonnes,Other,840.0,840.0,840.0,Rs./Quintal,FAQ
Maur APMC,0.5,Metric Tonnes,Other,600.0,700.0,650.0,Rs./Quintal,Grade B
Mukerian APMC,2.9600000000000004,Metric Tonnes,Potato,1000.0,1200.0,1100.0,Rs./Quintal,Local
Mukerian(Talwara) APMC,0.8,Metric Tonnes,Potato,800.0,1600.0,1200.0,Rs./Quintal,FAQ
Muktsar APMC,11.0,Metric Tonnes,Potato,600.0,1000.0,800.0,Rs./Quintal,Medium
Nabha APMC,12.0,Metric Tonnes,Other,300.0,600.0,400.0,Rs./Quintal,Grade C
Nakodar APMC,1.25,Metric Tonnes,Potato,450.0,450.0,450.0,Rs./Quintal,Local
Patiala APMC,50.0,Metric Tonnes,Potato,550.0,750.0,650.0,Rs./Quintal,Grade A
Patran APMC,85.0,Metric Tonnes,Other,450.0,450.0,450.0,Rs./Quintal,Grade A
Patti APMC,0.8,Metric Tonnes,Potato,0.1,0.1,0.1,Rs./Quintal,Local
Phagwara APMC,19.3,Metric Tonnes,Other,499.0,800.0,710.0,Rs./Quintal,FAQ
Quadian APMC,1.5,Metric Tonnes,Other,400.0,600.0,500.0,Rs./Quintal,Grade A
Rajpura APMC,8.8,Metric Tonnes,Local,755.0,900.0,800.0,Rs./Quintal,Grade A
Rajpura APMC,7.0,Metric Tonnes,Local,600.0,690.0,650.0,Rs./Quintal,Grade B
Raman APMC,2.8000000000000003,Metric Tonnes,Other,515.0,615.0,555.0,Rs./Quintal,Medium
Rampuraphul(Nabha Mandi) APMC,3.0,Metric Tonnes,Other,600.0,800.0,700.0,Rs./Quintal,Grade A
Rayya APMC,0.045,Metric Tonnes,Other,618.0,618.0,618.0,Rs./Quintal,FAQ
Ropar APMC,103.0,Metric Tonnes,Local,700.0,900.0,800.0,Rs./Quintal,Non-FAQ
Sahnewal APMC,1.3,Metric Tonnes,Potato,700.0,700.0,700.0,Rs./Quintal,FAQ
Samana APMC,57.0,Metric Tonnes,Other,500.0,1600.0,600.0,Rs./Quintal,Grade Range-2
Samrala APMC,2.5,Metric Tonnes,Other,400.0,550.0,500.0,Rs./Quintal,Local
Sangrur APMC,9.0,Metric Tonnes,Local,700.0,780.0,750.0,Rs./Quintal,Local
Sunam APMC,8.0,Metric Tonnes,Potato,600.0,600.0,600.0,Rs./Quintal,Grade A
Talwandi Sabo APMC,0.4,Metric Tonnes,Other,1000.0,1200.0,1100.0,Rs./Quintal,Grade A
Tanda Urmur APMC,2.9000000000000004,Metric Tonnes,Local,1000.0,1200.0,1100.0,Rs./Quintal,Grade A
Tarantaran APMC,1.1,Metric Tonnes,Other,870.0,870.0,870.0,Rs./Quintal,Local
Zira APMC,0.85,Metric Tonnes,Other,800.0,800.0,800.0,Rs./Quintal,Local
Total,1048.77,Metric Tonnes,,,,663.81,Rs./Quintal,
State/UT Name : Rajasthan
Baran APMC,2.5,Metric Tonnes,Other,600.0,700.0,650.0,Rs./Quintal,Local
Bassi APMC,0.2,Metric Tonnes,Other,2000.0,2200.0,2100.0,Rs./Quintal,Local
Bayana APMC,3.0,Metric Tonnes,Other,1000.0,1000.0,1000.0,Rs./Quintal,Local
Bhadara APMC,1.9,Metric Tonnes,Other,800.0,900.0,853.0,Rs./Quintal,FAQ
Churu APMC,3.5,Metric Tonnes,Red Nanital,900.0,1100.0,1000.0,Rs./Quintal,FAQ
Dablirathan APMC,0.30000000000000004,Metric Tonnes,Red Nanital,900.0,950.0,925.0,Rs./Quintal,Local
Goluwala APMC,0.37000000000000005,Metric Tonnes,Red Nanital,500.0,700.0,700.0,Rs./Quintal,Non-FAQ
HanumangarhTown APMC,149.0,Metric Tonnes,Red Nanital,500.0,500.0,500.0,Rs./Quintal,Non-FAQ
Jalore APMC,2.5,Metric Tonnes,Potato,1200.0,1600.0,1400.0,Rs./Quintal,Local
Jodhpur (F&V) APMC,194.0,Metric Tonnes,Potato,500.0,800.0,650.0,Rs./Quintal,Medium
Kota (F&V) APMC,254.7,Metric Tonnes,Other,700.0,700.0,700.0,Rs./Quintal,Medium
Rawatsar APMC,1.4000000000000001,Metric Tonnes,Red Nanital,500.0,800.0,600.0,Rs./Quintal,FAQ
Sangriya APMC,0.5,Metric Tonnes,Potato,800.0,1700.0,1300.0,Rs./Quintal,Local
Sriganganagar (F&V) APMC,29.0,Metric Tonnes,Desi,700.0,1100.0,900.0,Rs./Quintal,Grade B
Sujangarh APMC,1.8,Metric Tonnes,Other,800.0,1000.0,900.0,Rs./Quintal,Local
Udaipur (F&V) APMC,66.2,Metric Tonnes,Other,500.0,1000.0,750.0,Rs./Quintal,Medium
Total,710.87,Metric Tonnes,,,,663.91,Rs./Quintal,
State/UT Name : Tamil Nadu
AJattihalli(Uzhavar Sandhai ),0.41,Metric Tonnes,Red Nanital,2600.0,2800.0,2700.0,Rs./Quintal,Local
Alangudi(Uzhavar Sandhai ),0.11,Metric Tonnes,Other,6500.0,7000.0,6750.0,Rs./Quintal,Local
Ambattur(Uzhavar Sandhai ),0.03,Metric Tonnes,Red Nanital,4000.0,4000.0,4000.0,Rs./Quintal,Local
Ammapet(Uzhavar Sandhai ),0.06,Metric Tonnes,Other,4200.0,4500.0,4350.0,Rs./Quintal,Local
Anaiyur(Uzhavar Sandhai ),0.4,Metric Tonnes,Red Nanital,2800.0,5500.0,4150.0,Rs./Quintal,Local
Andipatti(Uzhavar Sandhai ),0.3,Metric Tonnes,Other,2400.0,2600.0,2500.0,Rs./Quintal,Local
Anna nagar(Uzhavar Sandhai ),0.92,Metric Tonnes,Red Nanital,4000.0,5500.0,4750.0,Rs./Quintal,Local
Anna nagar(Uzhavar Sandhai ),0.38,Metric Tonnes,Other,6000.0,6000.0,6000.0,Rs./Quintal,Local
Arani(Uzhavar Sandhai ),0.52,Metric Tonnes,Red Nanital,3500.0,4000.0,3750.0,Rs./Quintal,Local
Arcot(Uzhavar Sandhai ),0.1,Metric Tonnes,Other,2800.0,3000.0,2900.0,Rs./Quintal,Local
Ariyalur(Uzhavar Sandhai),0.04,Metric Tonnes,Red Nanital,3500.0,4000.0,3750.0,Rs./Quintal,Local
Aruppukottai(Uzhavar Sandhai ),0.25,Metric Tonnes,Red Nanital,3000.0,3500.0,3250.0,Rs./Quintal,Local
Athur(Uzhavar Sandhai ),0.08,Metric Tonnes,Other,5000.0,5500.0,5250.0,Rs./Quintal,Local
Avallapalli(Uzhavar Sandhai ),0.19,Metric Tonnes,Red Nanital,2000.0,2500.0,2250.0,Rs./Quintal,Local
Bodinayakanur(Uzhavar Sandhai ),0.25,Metric Tonnes,Red Nanital,2600.0,2600.0,2600.0,Rs./Quintal,Local
Chengalpet(Uzhavar Sandhai ),0.07,Metric Tonnes,Red Nanital,2500.0,3000.0,2750.0,Rs./Quintal,Local
Chengam(Uzhavar Sandhai ),0.1,Metric Tonnes,Red Nanital,2500.0,3000.0,2750.0,Rs./Quintal,Local
Cheyyar(Uzhavar Sandhai ),0.05,Metric Tonnes,Other,3500.0,4200.0,3850.0,Rs./Quintal,Local
Chidambaram(Uzhavar Sandhai ),0.01,Metric Tonnes,Red Nanital,4000.0,4000.0,4000.0,Rs./Quintal,Local
Chinnalapatti(Uzhavar Sandhai ),0.09,Metric Tonnes,Red Nanital,4000.0,6000.0,5000.0,Rs./Quintal,Local
Chinnamanur(Uzhavar Sandhai ),0.4,Metric Tonnes,Other,5200.0,5200.0,5200.0,Rs./Quintal,Local
Chokkikulam(Uzhavar Sandhai ),1.5,Metric Tonnes,Red Nanital,4500.0,5500.0,5000.0,Rs./Quintal,Local
Coonoor(Uzhavar Sandhai ),0.75,Metric Tonnes,Other,4500.0,5500.0,5000.0,Rs./Quintal,Local
Cuddalore(Uzhavar Sandhai ),0.35,Metric Tonnes,Red Nanital,4000.0,4000.0,4000.0,Rs./Quintal,Local
Denkanikottai(Uzhavar Sandhai ),0.18,Metric Tonnes,Red Nanital,2000.0,2500.0,2250.0,Rs./Quintal,Local
Devakottai (Uzhavar Sandhai ),0.16,Metric Tonnes,Red Nanital,3000.0,3400.0,3200.0,Rs./Quintal,Local
Devaram(Uzhavar Sandhai ),0.25,Metric Tonnes,Red Nanital,2600.0,2600.0,2600.0,Rs./Quintal,Local
Dharapuram(Uzhavar Sandhai ),0.6,Metric Tonnes,Other,6000.0,6500.0,6250.0,Rs./Quintal,Local
Dharmapuri(Uzhavar Sandhai ),0.43,Metric Tonnes,Red Nanital,2600.0,2800.0,2700.0,Rs./Quintal,Local
Dindigul(Uzhavar Sandhai ),0.6,Metric Tonnes,Other,5000.0,6000.0,5500.0,Rs./Quintal,Local
Edapadi (Uzhavar Sandhai ),0.35,Metric Tonnes,Other,2800.0,3000.0,2900.0,Rs./Quintal,Local
Elampillai(Uzhavar Sandhai ),0.36,Metric Tonnes,Other,2500.0,3000.0,2750.0,Rs./Quintal,Local
Gandarvakottai(Uzhavar Sandhai ),0.22,Metric Tonnes,Red Nanital,5000.0,6000.0,5500.0,Rs./Quintal,Local
Gandhigramam(Uzhavar Sandhai),0.3,Metric Tonnes,Other,3500.0,6000.0,4750.0,Rs./Quintal,Local
Gingee(Uzhavar Sandhai ),0.11,Metric Tonnes,Red Nanital,4000.0,4000.0,4000.0,Rs./Quintal,Local
Gobichettipalayam(Uzhavar Sandhai ),0.24,Metric Tonnes,Red Nanital,3800.0,4200.0,4000.0,Rs./Quintal,Local
Gudalur(Uzhavar Sandhai ),0.05,Metric Tonnes,Red Nanital,4000.0,5500.0,4750.0,Rs./Quintal,Local
Gudiyatham(Uzhavar Sandhai ),0.08,Metric Tonnes,Red Nanital,3000.0,3800.0,3400.0,Rs./Quintal,Local
Guduvancheri(Uzhavar Sandhai ),0.07,Metric Tonnes,Other,2500.0,3000.0,2750.0,Rs./Quintal,Local
Harur(Uzhavar Sandhai ),0.18,Metric Tonnes,Red Nanital,2500.0,3000.0,2750.0,Rs./Quintal,Local
Hasthampatti(Uzhavar Sandhai ),0.36,Metric Tonnes,Other,4500.0,5000.0,4750.0,Rs./Quintal,Local
Hosur(Uzhavar Sandhai ),2.12,Metric Tonnes,Red Nanital,2000.0,2500.0,2250.0,Rs./Quintal,Local
Jalagandapuram(Uzhavar Sandhai ),0.1,Metric Tonnes,Other,2600.0,2800.0,2700.0,Rs./Quintal,Local
Jameenrayapettai(Uzhavar Sandhai ),0.16,Metric Tonnes,Other,2500.0,3000.0,2750.0,Rs./Quintal,Local
KKNagar(Uzhavar Sandhai ),0.7,Metric Tonnes,Other,6000.0,6000.0,6000.0,Rs./Quintal,Local
Kahithapattarai(Uzhavar Sandhai ),0.11,Metric Tonnes,Other,2400.0,2400.0,2400.0,Rs./Quintal,Local
Kallakurichi(Uzhavar Sandhai ),0.17,Metric Tonnes,Red Nanital,3000.0,3000.0,3000.0,Rs./Quintal,Local
Kambam(Uzhavar Sandhai ),1.8,Metric Tonnes,Other,2600.0,2600.0,2600.0,Rs./Quintal,Local
Kancheepuram(Uzhavar Sandhai ),0.05,Metric Tonnes,Other,2500.0,3000.0,2750.0,Rs./Quintal,Local
Karaikudi(Uzhavar Sandhai ),0.28,Metric Tonnes,Red Nanital,5500.0,6000.0,5750.0,Rs./Quintal,Local
Karimangalam(Uzhavar Sandhai),0.12,Metric Tonnes,Other,2600.0,2800.0,2700.0,Rs./Quintal,Local
Kariyapatti(Uzhavar Sandhai ),0.12,Metric Tonnes,Red Nanital,3000.0,3500.0,3250.0,Rs./Quintal,Local
Karur(Uzhavar Sandhai ),0.22,Metric Tonnes,Other,5500.0,6000.0,5750.0,Rs./Quintal,Local
Katpadi (Uzhavar Sandhai ),1.0,Metric Tonnes,Red Nanital,3800.0,3800.0,3800.0,Rs./Quintal,Local
Kaveripattinam(Uzhavar Sandhai ),0.08,Metric Tonnes,Red Nanital,4000.0,4000.0,4000.0,Rs./Quintal,Local
Kovilpatti(Uzhavar Sandhai ),0.16,Metric Tonnes,Other,4500.0,5000.0,4750.0,Rs./Quintal,Local
Krishnagiri(Uzhavar Sandhai ),0.84,Metric Tonnes,Red Nanital,2200.0,2600.0,2400.0,Rs./Quintal,Local
Kulithalai(Uzhavar Sandhai ),0.36,Metric Tonnes,Other,5000.0,5500.0,5250.0,Rs./Quintal,Local
Kumarapalayam(Uzhavar Sandhai ),0.04,Metric Tonnes,Other,2800.0,3000.0,2900.0,Rs./Quintal,Local
Kumbakonam (Uzhavar Sandhai ),0.68,Metric Tonnes,Red Nanital,3000.0,3600.0,3300.0,Rs./Quintal,Local
Kundrathur(Uzhavar Sandhai ),0.25,Metric Tonnes,Other,2800.0,2800.0,2800.0,Rs./Quintal,Local
Lalgudi(Uzhavar Sandhai ),0.25,Metric Tonnes,Other,3000.0,3000.0,3000.0,Rs./Quintal,Local
Madhuranthagam(Uzhavar Sandhai ),0.06,Metric Tonnes,Red Nanital,4000.0,4000.0,4000.0,Rs./Quintal,Local
Manachanallur(Uzhavar Sandhai ),0.12,Metric Tonnes,Other,3000.0,3000.0,3000.0,Rs./Quintal,Local
Manapparai(Uzhavar Sandhai ),0.21,Metric Tonnes,Other,3000.0,3000.0,3000.0,Rs./Quintal,Local
Mannargudi I(Uzhavar Sandhai ),1.3,Metric Tonnes,Red Nanital,3000.0,3000.0,3000.0,Rs./Quintal,Local
Mannargudi II(Uzhavar Sandhai ),0.45,Metric Tonnes,Red Nanital,3000.0,3000.0,3000.0,Rs./Quintal,Local
Mayiladuthurai(Uzhavar Sandhai ),0.07,Metric Tonnes,Red Nanital,3000.0,3000.0,3000.0,Rs./Quintal,Local
Medavakkam(Uzhavar Sandhai ),0.05,Metric Tonnes,Other,3500.0,3500.0,3500.0,Rs./Quintal,Local
Melapalayam(Uzhavar Sandhai ),0.75,Metric Tonnes,Other,2600.0,2800.0,2700.0,Rs./Quintal,Local
Mettupalayam(Uzhavar Sandhai ),0.56,Metric Tonnes,Red Nanital,3500.0,5000.0,4250.0,Rs./Quintal,Local
Mettur(Uzhavar Sandhai ),0.16,Metric Tonnes,Other,4000.0,4500.0,4250.0,Rs./Quintal,Local
Mohanur(Uzhavar Sandhai ),0.21,Metric Tonnes,Other,2800.0,3500.0,3150.0,Rs./Quintal,Local
Musiri(Uzhavar Sandhai ),0.39,Metric Tonnes,Other,2600.0,3000.0,2800.0,Rs./Quintal,Local
Muthupettai(Uzhavar Sandhai ),0.05,Metric Tonnes,Red Nanital,3000.0,3000.0,3000.0,Rs./Quintal,Local
Myladi(Uzhavar Sandhai ),0.04,Metric Tonnes,Red Nanital,3000.0,3500.0,3250.0,Rs./Quintal,Local
NGO Colony(Uzhavar Sandhai ),0.5,Metric Tonnes,Red Nanital,2400.0,2800.0,2600.0,Rs./Quintal,Local
Nagapattinam(Uzhavar Sandhai ),0.11,Metric Tonnes,Red Nanital,3800.0,4200.0,4000.0,Rs./Quintal,Local
Namakkal(Uzhavar Sandhai ),0.87,Metric Tonnes,Other,2500.0,3000.0,2750.0,Rs./Quintal,Local
Nanganallur(Uzhavar Sandhai ),0.08,Metric Tonnes,Red Nanital,3500.0,4000.0,3750.0,Rs./Quintal,Local
Naravarikuppam(Uzhavar Sandhai ),0.05,Metric Tonnes,Red Nanital,4000.0,4000.0,4000.0,Rs./Quintal,Local
Natrampalli(Uzhavar Sandhai ),0.38,Metric Tonnes,Red Nanital,3000.0,3500.0,3250.0,Rs./Quintal,Local
Padappai(Uzhavar Sandhai ),0.15,Metric Tonnes,Other,2600.0,3500.0,3050.0,Rs./Quintal,Local
Palacode(Uzhavar Sandhai ),0.22,Metric Tonnes,Other,2600.0,2800.0,2700.0,Rs./Quintal,Local
Palanganatham(Uzhavar Sandhai ),0.5,Metric Tonnes,Other,5000.0,5500.0,5250.0,Rs./Quintal,Local
Palani(Uzhavar Sandhai ),0.76,Metric Tonnes,Other,3600.0,4000.0,3800.0,Rs./Quintal,Local
Palayamkottai(Uzhavar Sandhai ),2.4,Metric Tonnes,Red Nanital,2600.0,2800.0,2700.0,Rs./Quintal,Local
Palladam(Uzhavar Sandhai ),0.14,Metric Tonnes,Other,2500.0,3000.0,2750.0,Rs./Quintal,Local
Pallavaram(Uzhavar Sandhai ),0.45,Metric Tonnes,Red Nanital,2500.0,3000.0,2750.0,Rs./Quintal,Local
Pallikonda(Uzhavar Sandhai),0.04,Metric Tonnes,Red Nanital,2500.0,3000.0,2750.0,Rs./Quintal,Local
Panruti(Uzhavar Sandhai ),0.07,Metric Tonnes,Red Nanital,4000.0,4000.0,4000.0,Rs./Quintal,Local
Papanasam(Uzhavar Sandhai ),0.22,Metric Tonnes,Red Nanital,3000.0,3600.0,3300.0,Rs./Quintal,Local
Paramakudi(Uzhavar Sandhai ),0.47,Metric Tonnes,Red Nanital,4800.0,5000.0,4900.0,Rs./Quintal,Local
Paramathivelur(Uzhavar Sandhai ),0.14,Metric Tonnes,Other,2500.0,3000.0,2750.0,Rs./Quintal,Local
Paruthipattu(Uzhavar Sandhai ),0.18,Metric Tonnes,Red Nanital,4000.0,4000.0,4000.0,Rs./Quintal,Local
Pattukottai(Uzhavar Sandhai ),0.25,Metric Tonnes,Red Nanital,3000.0,3000.0,3000.0,Rs./Quintal,Local
Pennagaram(Uzhavar Sandhai ),0.17,Metric Tonnes,Red Nanital,3300.0,3500.0,3400.0,Rs./Quintal,Local
Perambalur(Uzhavar Sandhai ),0.48,Metric Tonnes,Other,2800.0,3000.0,2900.0,Rs./Quintal,Local
Perampet(Uzhavar Sandhai),0.03,Metric Tonnes,Red Nanital,3000.0,3000.0,3000.0,Rs./Quintal,Local
Peravurani(Uzhavar Sandhai),0.07,Metric Tonnes,Red Nanital,3000.0,3000.0,3000.0,Rs./Quintal,Local
Periyakulam(Uzhavar Sandhai ),0.28,Metric Tonnes,Other,2400.0,2600.0,2500.0,Rs./Quintal,Local
Perundurai(Uzhavar Sandhai ),0.13,Metric Tonnes,Other,3000.0,3500.0,3250.0,Rs./Quintal,Local
Pollachi(Uzhavar Sandhai ),0.22,Metric Tonnes,Red Nanital,4000.0,4500.0,4250.0,Rs./Quintal,Local
Polur(Uzhavar Sandhai ),0.23,Metric Tonnes,Red Nanital,3300.0,4000.0,3650.0,Rs./Quintal,Local
Pudukottai(Uzhavar Sandhai ),0.76,Metric Tonnes,Red Nanital,6000.0,7000.0,6500.0,Rs./Quintal,Local
RSPuram(Uzhavar Sandhai ),2.96,Metric Tonnes,Other,4000.0,5000.0,4500.0,Rs./Quintal,Local
Rajapalayam(Uzhavar Sandhai ),0.25,Metric Tonnes,Red Nanital,2500.0,3000.0,2750.0,Rs./Quintal,Local
Ramanathapuram(Uzhavar Sandhai ),0.12,Metric Tonnes,Red Nanital,4500.0,5000.0,4750.0,Rs./Quintal,Local
Ranipettai(Uzhavar Sandhai ),0.17,Metric Tonnes,Other,3300.0,3300.0,3300.0,Rs./Quintal,Local
Rasipuram(Uzhavar Sandhai ),0.71,Metric Tonnes,Other,3000.0,3500.0,3250.0,Rs./Quintal,Local
Sampath Nagar(Uzhavar Sandhai ),0.27,Metric Tonnes,Other,4600.0,5000.0,4800.0,Rs./Quintal,Local
Sankarapuram(Uzhavar Sandhai ),0.16,Metric Tonnes,Red Nanital,3500.0,3500.0,3500.0,Rs./Quintal,Local
Sathiyamagalam(Uzhavar Sandhai ),0.25,Metric Tonnes,Other,3400.0,3800.0,3600.0,Rs./Quintal,Local
Sathur(Uzhavar Sandhai ),0.02,Metric Tonnes,Red Nanital,3500.0,4000.0,3750.0,Rs./Quintal,Local
Singampunari(Uzhavar Sandhai ),0.08,Metric Tonnes,Other,5200.0,5600.0,5400.0,Rs./Quintal,Local
Singanallur(Uzhavar Sandhai ),1.24,Metric Tonnes,Other,5000.0,5500.0,5250.0,Rs./Quintal,Local
Sirkali(Uzhavar Sandhai ),0.36,Metric Tonnes,Red Nanital,3600.0,4000.0,3800.0,Rs./Quintal,Local
Sivagangai (Uzhavar Sandhai ),0.38,Metric Tonnes,Red Nanital,5200.0,5600.0,5400.0,Rs./Quintal,Local
Sivakasi(Uzhavar Sandhai ),0.04,Metric Tonnes,Red Nanital,3500.0,4000.0,3750.0,Rs./Quintal,Local
Sooramangalam(Uzhavar Sandhai ),0.32,Metric Tonnes,Other,5500.0,6000.0,5750.0,Rs./Quintal,Local
Srivilliputhur(Uzhavar Sandhai ),0.15,Metric Tonnes,Red Nanital,2500.0,3000.0,2750.0,Rs./Quintal,Local
Sulur(Uzhavar Sandhai ),0.12,Metric Tonnes,Other,5000.0,5500.0,5250.0,Rs./Quintal,Local
Sundarapuram(Uzhavar Sandhai ),0.28,Metric Tonnes,Other,5200.0,5800.0,5500.0,Rs./Quintal,Local
Sunguvarchatram(Uzhavar Sandhai ),0.25,Metric Tonnes,Other,2800.0,2800.0,2800.0,Rs./Quintal,Local
Thalavadi(Uzhavar Sandhai ),0.11,Metric Tonnes,Red Nanital,3500.0,4000.0,3750.0,Rs./Quintal,Local
Thalavaipuram(Uzhavar Sandhai ),0.04,Metric Tonnes,Red Nanital,2500.0,3000.0,2750.0,Rs./Quintal,Local
Thammampatti (Uzhavar Sandhai ),0.39,Metric Tonnes,Other,2800.0,3000.0,2900.0,Rs./Quintal,Local
Thanjavur(Uzhavar Sandhai ),0.56,Metric Tonnes,Other,4000.0,4000.0,4000.0,Rs./Quintal,Local
Thathakapatti(Uzhavar Sandhai ),0.63,Metric Tonnes,Red Nanital,2800.0,6000.0,4400.0,Rs./Quintal,Local
Theni(Uzhavar Sandhai ),1.31,Metric Tonnes,Other,2600.0,2600.0,2600.0,Rs./Quintal,Local
Thirupathur APMC,0.3,Metric Tonnes,Red Nanital,3000.0,3000.0,3000.0,Rs./Quintal,Local
Thiruverumbur(Uzhavar Sandhai ),0.65,Metric Tonnes,Other,3000.0,3000.0,3000.0,Rs./Quintal,Local
Thuraiyur APMC,0.42,Metric Tonnes,Red Nanital,2500.0,3000.0,2750.0,Rs./Quintal,Local
Tindivanam APMC,0.1,Metric Tonnes,Red Nanital,3800.0,3800.0,3800.0,Rs./Quintal,Local
Tiruchengode APMC,0.14,Metric Tonnes,Red Nanital,2800.0,3200.0,3000.0,Rs./Quintal,Local
Tirukattupalli(Uzhavar Sandhai ),0.24,Metric Tonnes,Red Nanital,3000.0,4000.0,3500.0,Rs./Quintal,Local
Tirupatthur(Uzhavar Sandhai ),0.23,Metric Tonnes,Red Nanital,4500.0,5000.0,4750.0,Rs./Quintal,Local
Tiruppur (North) (Uzhavar Sandhai ),0.06,Metric Tonnes,Other,5000.0,6000.0,5500.0,Rs./Quintal,Local
Tiruppur (South) (Uzhavar Sandhai ),0.51,Metric Tonnes,Other,5000.0,6000.0,5500.0,Rs./Quintal,Local
Tiruthani(Uzhavar Sandhai ),0.05,Metric Tonnes,Red Nanital,4000.0,4000.0,4000.0,Rs./Quintal,Local
Tiruvannamalai(Uzhavar Sandhai ),1.05,Metric Tonnes,Red Nanital,3000.0,3600.0,3300.0,Rs./Quintal,Local
Tuticorin(Uzhavar Sandhai ),0.52,Metric Tonnes,Other,3000.0,3500.0,3250.0,Rs./Quintal,Local
Udhagamandalam(Uzhavar Sandhai ),2.17,Metric Tonnes,Other,5000.0,5500.0,5250.0,Rs./Quintal,Local
Udumalpet APMC,0.16,Metric Tonnes,Red Nanital,3000.0,4000.0,3500.0,Rs./Quintal,Local
Ulundurpettai APMC,0.24,Metric Tonnes,Red Nanital,4000.0,4000.0,4000.0,Rs./Quintal,Local
Vadalur(Uzhavar Sandhai ),0.17,Metric Tonnes,Other,4000.0,4000.0,4000.0,Rs./Quintal,Local
Vadaseri APMC,0.22,Metric Tonnes,Red Nanital,3000.0,3500.0,3250.0,Rs./Quintal,Local
Vadavalli(Uzhavar Sandhai ),0.84,Metric Tonnes,Other,4000.0,5000.0,4500.0,Rs./Quintal,Local
Vandavasi(Uzhavar Sandhai ),0.02,Metric Tonnes,Other,3600.0,4200.0,3900.0,Rs./Quintal,Local
Vaniyampadi(Uzhavar Sandhai ),0.7,Metric Tonnes,Red Nanital,3000.0,3000.0,3000.0,Rs./Quintal,Local
Vazhapadi(Uzhavar Sandhai),0.04,Metric Tonnes,Red Nanital,3000.0,4000.0,3500.0,Rs./Quintal,Local
Vedaranyam(Uzhavar Sandhai),0.08,Metric Tonnes,Red Nanital,3500.0,4000.0,3750.0,Rs./Quintal,Local
Vellore APMC,0.8,Metric Tonnes,Red Nanital,2400.0,3400.0,2900.0,Rs./Quintal,Local
Villupuram(Uzhavar Sandhai ),0.12,Metric Tonnes,Red Nanital,3500.0,3500.0,3500.0,Rs./Quintal,Local
Virudhunagar(Uzhavar Sandhai ),0.02,Metric Tonnes,Red Nanital,2500.0,3000.0,2750.0,Rs./Quintal,Local
Viruthachalam(Uzhavar Sandhai ),0.09,Metric Tonnes,Red Nanital,4000.0,4000.0,4000.0,Rs./Quintal,Local
Total,57.39,Metric Tonnes,,,,3781.53,Rs./Quintal,
State/UT Name : Telangana
"Alwal,RBZ",1.4000000000000001,Metric Tonnes,Other,1700.0,1700.0,1700.0,Rs./Quintal,FAQ
Bowenpally APMC,414.5,Metric Tonnes,Potato,800.0,1400.0,1200.0,Rs./Quintal,FAQ
"Excise Colony,RBZ ",0.22,Metric Tonnes,Other,3000.0,3000.0,3000.0,Rs./Quintal,Grade A
Gudimalkapur APMC,137.9,Metric Tonnes,Potato,1000.0,1600.0,1300.0,Rs./Quintal,Grade B
"Kukatpally,RBZ",14.2,Metric Tonnes,Other,1700.0,1700.0,1700.0,Rs./Quintal,Local
Mahabubnagar(Rythu Bazar),2.45,Metric Tonnes,Red Nanital,2400.0,2400.0,2400.0,Rs./Quintal,Local
Mahboob Manison APMC,1.0,Metric Tonnes,Potato,1200.0,1200.0,1200.0,Rs./Quintal,Medium
Miryalguda(Rythu Bazar) ,1.5,Metric Tonnes,Potato,3000.0,3000.0,3000.0,Rs./Quintal,Grade A
RYTHU BAZAR MEHDIPATNAM,6.2,Metric Tonnes,Potato,1700.0,1700.0,1700.0,Rs./Quintal,Grade A
Sangareddy APMC,0.3,Metric Tonnes,Other,1800.0,1800.0,1800.0,Rs./Quintal,Grade B
"Saroornagar,RBZ",2.8000000000000003,Metric Tonnes,Other,1700.0,1700.0,1700.0,Rs./Quintal,Medium
"Vanasthalipuram,RBZ ",3.7,Metric Tonnes,Potato,1700.0,1700.0,1700.0,Rs./Quintal,Grade A
Venkateswarnagar APMC,0.4,Metric Tonnes,Local,1500.0,1800.0,1700.0,Rs./Quintal,Local
Warangal APMC,2.0,Metric Tonnes,Potato,1500.0,2000.0,1750.0,Rs./Quintal,FAQ
Total,588.57,Metric Tonnes,,,,1260.24,Rs./Quintal,
State/UT Name : Tripura
Bachaibari APMC,0.2,Metric Tonnes,Other,1300.0,1400.0,1350.0,Rs./Quintal,Medium
Barpathari APMC,1.5,Metric Tonnes,Jalander,1300.0,1500.0,1400.0,Rs./Quintal,FAQ
Bishalgarh APMC,2.8,Metric Tonnes,Potato,1200.0,1400.0,1300.0,Rs./Quintal,Medium
Boxonagar,0.09000000000000001,Metric Tonnes,Other,1400.0,1600.0,1500.0,Rs./Quintal,Medium
Champaknagar APMC,0.8,Metric Tonnes,F.A.Q.,1800.0,2000.0,1900.0,Rs./Quintal,FAQ
Chowmanu APMC,1.6,Metric Tonnes,Jyoti,1800.0,2000.0,1900.0,Rs./Quintal,Local
Dasda APMC,12.0,Metric Tonnes,Other,1400.0,1500.0,1450.0,Rs./Quintal,FAQ
Garjee APMC,0.18000000000000002,Metric Tonnes,Jalander,1200.0,1300.0,1250.0,Rs./Quintal,FAQ
Gondatwisa APMC,0.6000000000000001,Metric Tonnes,F.A.Q.,2000.0,2200.0,2100.0,Rs./Quintal,FAQ
Halahali,0.36,Metric Tonnes,Red Nanital,1800.0,2000.0,1900.0,Rs./Quintal,FAQ
Jampuijala APMC,0.1,Metric Tonnes,Jalander,3800.0,4000.0,3900.0,Rs./Quintal,Medium
Kanchanpur,0.7000000000000001,Metric Tonnes,Potato,1200.0,1400.0,1300.0,Rs./Quintal,FAQ
Machmara,0.6000000000000001,Metric Tonnes,Local,1000.0,1200.0,1100.0,Rs./Quintal,FAQ
Manubazar,0.8,Metric Tonnes,Jyoti,1800.0,2000.0,1900.0,Rs./Quintal,Grade A
Masli,0.2,Metric Tonnes,Desi,1800.0,2000.0,1900.0,Rs./Quintal,Local
Silachhari APMC,0.1,Metric Tonnes,Other,1600.0,2000.0,1800.0,Rs./Quintal,FAQ
Sonamura APMC,0.43,Metric Tonnes,Other,1300.0,1500.0,1400.0,Rs./Quintal,Medium
Teliamura APMC,0.6,Metric Tonnes,Local,1200.0,1400.0,1300.0,Rs./Quintal,Medium
Total,23.66,Metric Tonnes,,,,1508.71,Rs./Quintal,
State/UT Name : Uttar Pradesh
Achalda APMC,32.0,Metric Tonnes,Other,500.0,500.0,500.0,Rs./Quintal,FAQ
Agra APMC,1759.3,Metric Tonnes,Other,500.0,1100.0,548.29,Rs./Quintal,FAQ
Aliganj APMC,27.0,Metric Tonnes,Other,500.0,500.0,500.0,Rs./Quintal,FAQ
Aligarh APMC,83.0,Metric Tonnes,Other,500.0,500.0,500.0,Rs./Quintal,FAQ
Anoop Shahar APMC,17.0,Metric Tonnes,Other,600.0,600.0,600.0,Rs./Quintal,FAQ
Anwala APMC,12.0,Metric Tonnes,Other,600.0,600.0,600.0,Rs./Quintal,FAQ
Atrauli APMC,9.0,Metric Tonnes,Other,700.0,700.0,700.0,Rs./Quintal,FAQ
Auraiya APMC,111.0,Metric Tonnes,Other,500.0,800.0,526.13,Rs./Quintal,FAQ
Awagarh APMC,48.3,Metric Tonnes,Other,500.0,500.0,500.0,Rs./Quintal,FAQ
Azamgarh APMC,30.0,Metric Tonnes,Other,500.0,500.0,500.0,Rs./Quintal,FAQ
Babrala APMC,80.0,Metric Tonnes,Desi,570.0,590.0,580.0,Rs./Quintal,Medium
Badayoun APMC,88.5,Metric Tonnes,Other,550.0,550.0,550.0,Rs./Quintal,FAQ
Bangarmau APMC,147.4,Metric Tonnes,Other,700.0,700.0,700.0,Rs./Quintal,FAQ
Banthara APMC,13.6,Metric Tonnes,Other,2185.0,2185.0,2185.0,Rs./Quintal,FAQ
Barabanki APMC,2775.6,Metric Tonnes,Other,600.0,750.0,602.48,Rs./Quintal,FAQ
Baraut APMC,18.0,Metric Tonnes,Other,1000.0,1000.0,1000.0,Rs./Quintal,FAQ
Bareilly APMC,152.0,Metric Tonnes,Other,500.0,500.0,500.0,Rs./Quintal,FAQ
Baripaal APMC,4.5,Metric Tonnes,Other,700.0,700.0,700.0,Rs./Quintal,FAQ
Bewar APMC,31.0,Metric Tonnes,Other,500.0,500.0,500.0,Rs./Quintal,FAQ
Bharthna APMC,104.0,Metric Tonnes,Other,500.0,500.0,500.0,Rs./Quintal,FAQ
Bhehjoi APMC,68.6,Metric Tonnes,Other,600.0,600.0,600.0,Rs./Quintal,FAQ
Bilsi APMC,133.0,Metric Tonnes,Other,550.0,550.0,550.0,Rs./Quintal,FAQ
Bisoli APMC,2719.4,Metric Tonnes,Other,500.0,605.0,512.56,Rs./Quintal,FAQ
Buland Shahr APMC,10.7,Metric Tonnes,Other,800.0,800.0,800.0,Rs./Quintal,FAQ
Chandausi APMC,288.5,Metric Tonnes,Other,600.0,640.0,600.52,Rs./Quintal,FAQ
Chhibramau APMC,2287.0,Metric Tonnes,Other,550.0,600.0,551.31,Rs./Quintal,FAQ
Choubepur APMC,188.0,Metric Tonnes,Other,550.0,550.0,550.0,Rs./Quintal,FAQ
Dataganj APMC,14.0,Metric Tonnes,Other,500.0,500.0,500.0,Rs./Quintal,FAQ
Dibiapur APMC,3.0,Metric Tonnes,Other,600.0,600.0,600.0,Rs./Quintal,FAQ
Divai APMC,42.8,Metric Tonnes,Other,500.0,500.0,500.0,Rs./Quintal,FAQ
Etah APMC,22.0,Metric Tonnes,Other,600.0,600.0,600.0,Rs./Quintal,FAQ
Etawah APMC,399.8,Metric Tonnes,Other,500.0,511.0,500.41,Rs./Quintal,FAQ
Farukhabad APMC,648.3,Metric Tonnes,Other,550.0,551.0,550.05,Rs./Quintal,FAQ
Fatehabad APMC,194.0,Metric Tonnes,Other,500.0,500.0,500.0,Rs./Quintal,FAQ
Fatehpur APMC,39.17,Metric Tonnes,Other,700.0,800.0,715.9,Rs./Quintal,FAQ
Firozabad APMC,249.0,Metric Tonnes,Other,500.0,500.0,500.0,Rs./Quintal,FAQ
Ghiraur APMC,1421.0,Metric Tonnes,Other,350.0,500.0,356.44,Rs./Quintal,FAQ
Golagokarnath APMC,3.5,Metric Tonnes,Other,700.0,700.0,700.0,Rs./Quintal,FAQ
Haathras APMC,1278.8,Metric Tonnes,Other,500.0,1100.0,553.39,Rs./Quintal,FAQ
Hapur APMC,6.7,Metric Tonnes,Other,450.0,450.0,450.0,Rs./Quintal,FAQ
Hardoi APMC,30.0,Metric Tonnes,Other,600.0,600.0,600.0,Rs./Quintal,FAQ
Hargaon (Laharpur) APMC,10.0,Metric Tonnes,Other,550.0,560.0,555.0,Rs./Quintal,FAQ
Hasanpur APMC,6.0,Metric Tonnes,Other,600.0,600.0,600.0,Rs./Quintal,FAQ
Islam Nagar APMC,53.7,Metric Tonnes,Other,550.0,550.0,550.0,Rs./Quintal,FAQ
Jagnair APMC,59.945,Metric Tonnes,Other,800.0,800.0,800.0,Rs./Quintal,FAQ
Jahangirabad APMC,7.9,Metric Tonnes,Other,701.0,750.0,705.96,Rs./Quintal,FAQ
Jarar APMC,12.0,Metric Tonnes,Other,500.0,500.0,500.0,Rs./Quintal,FAQ
Jasvantnagar APMC,384.5,Metric Tonnes,Other,500.0,500.0,500.0,Rs./Quintal,FAQ
Jhijhank APMC,65.8,Metric Tonnes,Other,500.0,500.0,500.0,Rs./Quintal,FAQ
Kamlaganj APMC,498.0,Metric Tonnes,Other,550.0,556.0,550.3,Rs./Quintal,FAQ
Kannauj APMC,1779.0,Metric Tonnes,Other,550.0,1100.0,559.69,Rs./Quintal,FAQ
Kanpur(Grain) APMC,653.9,Metric Tonnes,Other,550.0,550.01,550.0,Rs./Quintal,FAQ
Kasganj APMC,279.5,Metric Tonnes,Other,600.0,600.0,600.0,Rs./Quintal,FAQ
Kayamganj APMC,55.0,Metric Tonnes,Other,550.0,550.0,550.0,Rs./Quintal,FAQ
Khaga APMC,79.0,Metric Tonnes,Other,500.0,500.0,500.0,Rs./Quintal,FAQ
Khair APMC,265.0,Metric Tonnes,Other,500.0,500.0,500.0,Rs./Quintal,FAQ
Khairagarh APMC,50.0,Metric Tonnes,Desi,500.0,600.0,550.0,Rs./Quintal,FAQ
Khairagarh APMC,25.0,Metric Tonnes,Other,500.0,500.0,500.0,Rs./Quintal,FAQ
Khatauli APMC,12.0,Metric Tonnes,Other,1050.0,1090.0,1070.83,Rs./Quintal,FAQ
Khekda APMC,0.5,Metric Tonnes,Other,1000.0,1000.0,1000.0,Rs./Quintal,FAQ
Khurja APMC,0.8,Metric Tonnes,Other,700.0,700.0,700.0,Rs./Quintal,FAQ
Kiratpur APMC,2.1,Metric Tonnes,Other,800.0,800.0,800.0,Rs./Quintal,FAQ
Lakhimpur APMC,43.0,Metric Tonnes,Other,1150.0,1300.0,1212.79,Rs./Quintal,FAQ
Lalganj APMC,55.1,Metric Tonnes,Other,600.0,1100.0,873.14,Rs./Quintal,FAQ
Lucknow APMC,73.5,Metric Tonnes,Other,700.0,700.0,700.0,Rs./Quintal,FAQ
Madhoganj APMC,3.5,Metric Tonnes,Other,600.0,600.0,600.0,Rs./Quintal,FAQ
Mainpuri APMC,616.0,Metric Tonnes,Other,500.0,500.0,500.0,Rs./Quintal,FAQ
Manjhanpur APMC,10.0,Metric Tonnes,Other,500.0,500.0,500.0,Rs./Quintal,FAQ
Mathura APMC,221.0,Metric Tonnes,Other,500.0,800.0,590.5,Rs./Quintal,FAQ
Meeranpur Katra APMC,20.0,Metric Tonnes,Other,550.0,550.0,550.0,Rs./Quintal,FAQ
Meerut APMC,25.0,Metric Tonnes,Other,700.0,700.0,700.0,Rs./Quintal,FAQ
Mehmoodabad APMC,305.5,Metric Tonnes,Other,600.0,600.0,600.0,Rs./Quintal,FAQ
Mohamadabad APMC,131.5,Metric Tonnes,Other,550.0,550.0,550.0,Rs./Quintal,FAQ
Muzzafarnagar APMC,3.0,Metric Tonnes,Other,1000.0,1000.0,1000.0,Rs./Quintal,FAQ
Paliakala APMC,6.5,Metric Tonnes,Other,700.0,700.0,700.0,Rs./Quintal,FAQ
Powayan APMC,151.09,Metric Tonnes,Other,600.0,1100.0,884.86,Rs./Quintal,FAQ
Prayagraj APMC,246.0,Metric Tonnes,Other,700.0,700.0,700.0,Rs./Quintal,FAQ
Rampur APMC,52.0,Metric Tonnes,Other,500.0,500.0,500.0,Rs./Quintal,FAQ
Rura APMC,55.0,Metric Tonnes,Other,650.0,650.0,650.0,Rs./Quintal,FAQ
Safdarganj APMC,326.0,Metric Tonnes,Other,580.0,600.0,581.9,Rs./Quintal,FAQ
Saharanpur APMC,63.2,Metric Tonnes,Other,550.0,700.0,626.42,Rs./Quintal,FAQ
Salon APMC,149.0,Metric Tonnes,Other,600.0,700.0,616.11,Rs./Quintal,FAQ
Sambhal APMC,301.115,Metric Tonnes,Other,600.0,600.0,600.0,Rs./Quintal,FAQ
Samsabad APMC,260.0,Metric Tonnes,Local,400.0,600.0,500.0,Rs./Quintal,Local
Samsabad APMC,165.0,Metric Tonnes,Other,500.0,500.0,500.0,Rs./Quintal,FAQ
Sandila APMC,29.6,Metric Tonnes,Other,1100.0,1100.0,1100.0,Rs./Quintal,FAQ
Shadabad APMC,1367.3,Metric Tonnes,Other,500.0,500.0,500.0,Rs./Quintal,FAQ
Shahabad(New Mandi) APMC,205.0,Metric Tonnes,Other,550.0,550.0,550.0,Rs./Quintal,FAQ
Shahaswan APMC,58.0,Metric Tonnes,Other,600.0,600.0,600.0,Rs./Quintal,FAQ
Shahjahanpur APMC,47.0,Metric Tonnes,Other,600.0,610.0,600.43,Rs./Quintal,FAQ
Shamli APMC,15.0,Metric Tonnes,Other,1000.0,1200.0,1100.0,Rs./Quintal,FAQ
Shikohabad APMC,689.0,Metric Tonnes,Other,500.0,500.0,500.0,Rs./Quintal,FAQ
Sidhauli APMC,6.0,Metric Tonnes,Other,500.0,500.0,500.0,Rs./Quintal,FAQ
Sikandraraau APMC,54.0,Metric Tonnes,Other,500.0,500.0,500.0,Rs./Quintal,FAQ
Sikarpur APMC,10.0,Metric Tonnes,Other,600.0,600.0,600.0,Rs./Quintal,FAQ
Sirsaganj APMC,1520.0,Metric Tonnes,Other,500.0,500.0,500.0,Rs./Quintal,FAQ
Sitapur APMC,90.0,Metric Tonnes,Other,500.0,500.0,500.0,Rs./Quintal,FAQ
Siyana APMC,31.32,Metric Tonnes,Other,900.0,900.0,900.0,Rs./Quintal,FAQ
Tilhar APMC,8.5,Metric Tonnes,Other,500.0,500.0,500.0,Rs./Quintal,FAQ
Tundla APMC,1527.9,Metric Tonnes,Other,500.0,500.0,500.0,Rs./Quintal,FAQ
Ujhani APMC,282.4,Metric Tonnes,Other,550.0,550.0,550.0,Rs./Quintal,FAQ
Uttaripura APMC,1318.5,Metric Tonnes,Other,550.0,550.0,550.0,Rs./Quintal,FAQ
Varanasi APMC,2.66,Metric Tonnes,Other,800.0,800.0,800.0,Rs./Quintal,FAQ
Viswan APMC,16.0,Metric Tonnes,Other,550.0,550.0,550.0,Rs./Quintal,FAQ
Wazirganj APMC,292.0,Metric Tonnes,Other,600.0,650.0,604.14,Rs./Quintal,FAQ
Yusufpur APMC,8.0,Metric Tonnes,Other,600.0,600.0,600.0,Rs./Quintal,FAQ
Total,30750.3,Metric Tonnes,,,,542.28,Rs./Quintal,
State/UT Name : Uttarakhand
Bhagwanpur(Naveen Mandi Sthal) APMC,1.9000000000000001,Metric Tonnes,Other,400.0,700.0,600.0,Rs./Quintal,Grade A
Haldwani APMC,75.4,Metric Tonnes,Other,800.0,1400.0,1000.0,Rs./Quintal,FAQ
Haridwar Union APMC,28.0,Metric Tonnes,Potato,600.0,800.0,700.0,Rs./Quintal,FAQ
Kashipur APMC,24.5,Metric Tonnes,Other,680.0,720.0,700.0,Rs./Quintal,Local
Khateema APMC,19.0,Metric Tonnes,Other,600.0,800.0,700.0,Rs./Quintal,Grade A
Kicchha APMC,8.0,Metric Tonnes,Desi,300.0,400.0,350.0,Rs./Quintal,Non-FAQ
Kotadwara APMC,0.7,Metric Tonnes,Potato,1200.0,1200.0,1200.0,Rs./Quintal,FAQ
Rishikesh APMC,10.5,Metric Tonnes,Other,750.0,1000.0,860.0,Rs./Quintal,Medium
Roorkee APMC,2.2,Metric Tonnes,Other,800.0,1200.0,1000.0,Rs./Quintal,Medium
Sitarganj APMC,28.5,Metric Tonnes,Kufri Giriraj,800.0,1500.0,1000.0,Rs./Quintal,Grade B
Total,198.7,Metric Tonnes,,,,855.36,Rs./Quintal,
State/UT Name : West Bengal
Alipurduar APMC,12.0,Metric Tonnes,Jyoti,590.0,640.0,620.0,Rs./Quintal,FAQ
Asansol APMC,55.0,Metric Tonnes,Jyoti,740.0,820.0,780.0,Rs./Quintal,FAQ
Balarampur APMC,8.0,Metric Tonnes,Other,700.0,800.0,750.0,Rs./Quintal,FAQ
Bankura Sadar APMC,25.0,Metric Tonnes,Jyoti,640.0,680.0,660.0,Rs./Quintal,FAQ
Bara Bazar (Posta Bazar) APMC,7.0,Metric Tonnes,Jyoti,940.0,980.0,960.0,Rs./Quintal,FAQ
Barasat APMC,49.0,Metric Tonnes,Jyoti,900.0,900.0,900.0,Rs./Quintal,FAQ
Baxirhat APMC,25.0,Metric Tonnes,Jyoti,560.0,580.0,570.0,Rs./Quintal,FAQ
Belacoba APMC,9.0,Metric Tonnes,Jyoti,560.0,580.0,570.0,Rs./Quintal,FAQ
Beldanga APMC,2.0,Metric Tonnes,Jyoti,680.0,780.0,750.0,Rs./Quintal,FAQ
Bethuadahari APMC,8.0,Metric Tonnes,Desi,780.0,800.0,790.0,Rs./Quintal,Grade A
Bishnupur(Bankura) APMC,6.300000000000001,Metric Tonnes,Jyoti,680.0,760.0,720.0,Rs./Quintal,FAQ
Chakdah APMC,10.5,Metric Tonnes,Jyoti,740.0,770.0,750.0,Rs./Quintal,FAQ
Champadanga APMC,14.0,Metric Tonnes,Jyoti,720.0,760.0,740.0,Rs./Quintal,FAQ
Coochbehar APMC,14.0,Metric Tonnes,Jyoti,640.0,660.0,650.0,Rs./Quintal,FAQ
Darjeeling APMC,1.6,Metric Tonnes,Red,1400.0,1600.0,1500.0,Rs./Quintal,FAQ
Dinhata APMC,20.0,Metric Tonnes,Jyoti,570.0,590.0,580.0,Rs./Quintal,FAQ
Durgapur APMC,56.0,Metric Tonnes,Jyoti,740.0,820.0,780.0,Rs./Quintal,FAQ
Falakata APMC,13.0,Metric Tonnes,Jyoti,590.0,640.0,620.0,Rs./Quintal,FAQ
Gangarampur(Dakshin Dinajpur) APMC,9.0,Metric Tonnes,Local,580.0,600.0,590.0,Rs./Quintal,FAQ
Garbeta(Medinipur) APMC,2.8000000000000003,Metric Tonnes,Jyoti,640.0,680.0,660.0,Rs./Quintal,FAQ
Ghatal APMC,3.5,Metric Tonnes,Jyoti,800.0,830.0,820.0,Rs./Quintal,FAQ
Guskara APMC,17.5,Metric Tonnes,Jyoti,740.0,750.0,740.0,Rs./Quintal,FAQ
Habra APMC,35.0,Metric Tonnes,Jyoti,960.0,1000.0,960.0,Rs./Quintal,FAQ
Haldibari APMC,22.0,Metric Tonnes,Jyoti,560.0,580.0,570.0,Rs./Quintal,FAQ
Indus(Bankura Sadar) APMC,5.5,Metric Tonnes,Jyoti,630.0,670.0,650.0,Rs./Quintal,FAQ
Islampur APMC,20.0,Metric Tonnes,Other,550.0,600.0,580.0,Rs./Quintal,FAQ
Jangipur APMC,38.75,Metric Tonnes,Jyoti,1350.0,1450.0,1400.0,Rs./Quintal,FAQ
Kalipur APMC,7.4,Metric Tonnes,Jyoti,680.0,720.0,700.0,Rs./Quintal,FAQ
Kalna APMC,18.5,Metric Tonnes,Jyoti,740.0,750.0,740.0,Rs./Quintal,FAQ
Karimpur APMC,10.0,Metric Tonnes,Jyoti,780.0,1000.0,790.0,Rs./Quintal,Grade A
Karsiyang(Matigara) APMC,1.6,Metric Tonnes,Red,1400.0,1600.0,1500.0,Rs./Quintal,FAQ
Khatra APMC,5.9,Metric Tonnes,Jyoti,680.0,760.0,720.0,Rs./Quintal,FAQ
Mathabhanga APMC,20.0,Metric Tonnes,Jyoti,560.0,580.0,570.0,Rs./Quintal,FAQ
Medinipur(West) APMC,40.0,Metric Tonnes,Jyoti,640.0,660.0,650.0,Rs./Quintal,FAQ
Mekhliganj APMC,20.0,Metric Tonnes,Jyoti,560.0,580.0,570.0,Rs./Quintal,FAQ
Moynaguri APMC,22.0,Metric Tonnes,Jyoti,560.0,580.0,570.0,Rs./Quintal,FAQ
Pandua APMC,5.7,Metric Tonnes,Jyoti,660.0,730.0,680.0,Rs./Quintal,FAQ
Pundibari APMC,7.5,Metric Tonnes,Jyoti,640.0,660.0,650.0,Rs./Quintal,FAQ
Ranaghat APMC,10.2,Metric Tonnes,Jyoti,750.0,800.0,780.0,Rs./Quintal,FAQ
Siliguri APMC,185.0,Metric Tonnes,Jyoti,600.0,640.0,620.0,Rs./Quintal,FAQ
Tamluk (Medinipur E) APMC,20.0,Metric Tonnes,Jyoti,780.0,820.0,800.0,Rs./Quintal,FAQ
Toofanganj APMC,20.0,Metric Tonnes,Jyoti,560.0,580.0,570.0,Rs./Quintal,FAQ
Total,883.25,Metric Tonnes,,,,725.25,Rs./Quintal,
Grand Total,45645.92,Metric Tonnes,,,,779.42,Rs./Quintal,
Tomato
State/UT Name : Andhra Pradesh
B.Kothakota H/Q Angallu,55.0,Metric Tonnes,Local,1300.0,2000.0,1700.0,Rs./Quintal,FAQ
Guramkonda Sub-yard of AMC Valmikipuram,118.0,Metric Tonnes,Hybrid,1500.0,1920.0,1800.0,Rs./Quintal,FAQ
Kalikiri APMC,289.3,Metric Tonnes,Hybrid,1400.0,2000.0,1700.0,Rs./Quintal,FAQ
Madanapalli APMC,88.0,Metric Tonnes,Local,1700.0,2200.0,2000.0,Rs./Quintal,FAQ
Mulakalacheruvu APMC,650.0,Metric Tonnes,Local,1200.0,2100.0,1800.0,Rs./Quintal,FAQ
Palamaner APMC,6.0,Metric Tonnes,Tomato,1500.0,2000.0,1700.0,Rs./Quintal,FAQ
Pattikonda APMC,502.0,Metric Tonnes,Local,1000.0,1800.0,1400.0,Rs./Quintal,FAQ
Punganur APMC,29.3,Metric Tonnes,Hybrid,1200.0,1800.0,1500.0,Rs./Quintal,FAQ
Somala APMC,4.0,Metric Tonnes,Tomato,1200.0,1800.0,1500.0,Rs./Quintal,FAQ
V. Kota Sub-yard of AMC Palamaneru,5.5,Metric Tonnes,Other,1400.0,1866.0,1600.0,Rs./Quintal,FAQ
Valmikipuram APMC,118.0,Metric Tonnes,Hybrid,1500.0,1920.0,1800.0,Rs./Quintal,FAQ
Total,1865.1,Metric Tonnes,,,,1677.05,Rs./Quintal,
State/UT Name : Assam
Balugaon APMC,2.8000000000000003,Metric Tonnes,Tomato,2200.0,2600.0,2400.0,Rs./Quintal,Local
Besimari APMC,3.0,Metric Tonnes,Tomato,2300.0,2700.0,2500.0,Rs./Quintal,Local
Pamohi(Garchuk) APMC,85.0,Metric Tonnes,Local,3200.0,3600.0,3400.0,Rs./Quintal,FAQ
Tinsukia Market,1.2000000000000002,Metric Tonnes,Tomato,3000.0,4000.0,3500.0,Rs./Quintal,FAQ
Total,92.0,Metric Tonnes,,,,3341.52,Rs./Quintal,
State/UT Name : Bihar
Chhapra APMC,20.0,Metric Tonnes,Other,1100.0,1500.0,1300.0,Rs./Quintal,Grade A
Jamui APMC,0.5,Metric Tonnes,Deshi,3400.0,3400.0,3400.0,Rs./Quintal,Grade A
Madhubani APMC,3.5,Metric Tonnes,Tomato,3700.0,3900.0,3800.0,Rs./Quintal,FAQ
Saharsa APMC,1.5,Metric Tonnes,Hybrid,3500.0,3600.0,3600.0,Rs./Quintal,FAQ
Total,25.5,Metric Tonnes,,,,1819.61,Rs./Quintal,
State/UT Name : Chandigarh
Chandigarh (Grain/F&V) APMC,29.475,Metric Tonnes,Tomato,600.0,2400.0,2000.0,Rs./Quintal,FAQ
Total,29.48,Metric Tonnes,,,,2000.0,Rs./Quintal,
State/UT Name : Chattisgarh
Rajnandgaon APMC,133.5,Metric Tonnes,Deshi,1500.0,2000.0,1800.0,Rs./Quintal,Grade B
Tiphra APMC,280.0,Metric Tonnes,Local,700.0,1000.0,800.0,Rs./Quintal,Grade B
Total,413.5,Metric Tonnes,,,,1122.85,Rs./Quintal,
State/UT Name : Gujarat
Bharuch APMC,6.2,Metric Tonnes,Other,1200.0,1500.0,1300.0,Rs./Quintal,Local
Bilimora APMC,4.6000000000000005,Metric Tonnes,Other,2000.0,2500.0,2200.0,Rs./Quintal,FAQ
Dahod(Veg. Market) APMC,13.0,Metric Tonnes,Tomato,1000.0,3000.0,2500.0,Rs./Quintal,Local
Khambhat(Veg Yard Khambhat) APMC,0.5,Metric Tonnes,Other,2000.0,3000.0,2500.0,Rs./Quintal,Local
Navsari APMC,19.86,Metric Tonnes,Tomato,1500.0,3000.0,2250.0,Rs./Quintal,Grade A
Vadodara(Sayajipura) APMC,13.89,Metric Tonnes,Other,1500.0,2500.0,2050.0,Rs./Quintal,FAQ
Total,58.05,Metric Tonnes,,,,2154.86,Rs./Quintal,
State/UT Name : Haryana
Bahadurgarh APMC,7.4,Metric Tonnes,Other,2500.0,4000.0,3500.0,Rs./Quintal,FAQ
Ballabhgarh APMC,5.5,Metric Tonnes,Tomato,2000.0,2500.0,2200.0,Rs./Quintal,FAQ
Barwala APMC,1.6,Metric Tonnes,Local,2000.0,2000.0,2000.0,Rs./Quintal,FAQ
Barwala(Hisar) APMC,3.0,Metric Tonnes,Tomato,3000.0,4000.0,3500.0,Rs./Quintal,Local
Farukh Nagar APMC,4.6000000000000005,Metric Tonnes,Other,2000.0,2500.0,2200.0,Rs./Quintal,Medium
FerozpurZirkha(Nagina) APMC,3.5,Metric Tonnes,Other,2400.0,2800.0,2600.0,Rs./Quintal,Local
Ganaur APMC,2.1,Metric Tonnes,Tomato,3000.0,4000.0,3500.0,Rs./Quintal,FAQ
Gohana APMC,7.2,Metric Tonnes,Other,3000.0,4000.0,3500.0,Rs./Quintal,Medium
Gurgaon APMC,91.0,Metric Tonnes,Other,1000.0,1400.0,1200.0,Rs./Quintal,Grade B
Hansi APMC,18.7,Metric Tonnes,Other,2500.0,3000.0,2750.0,Rs./Quintal,FAQ
Hissar APMC,15.5,Metric Tonnes,Local,1500.0,2800.0,2400.0,Rs./Quintal,Local
Indri APMC,0.65,Metric Tonnes,Tomato,2400.0,3200.0,3000.0,Rs./Quintal,FAQ
Jagadhri APMC,2.0100000000000002,Metric Tonnes,Tomato,2098.0,3000.0,2500.0,Rs./Quintal,FAQ
Kharkhoda APMC,1.5,Metric Tonnes,Local,2500.0,3500.0,3000.0,Rs./Quintal,FAQ
Ladwa APMC,2.0,Metric Tonnes,Other,4500.0,5000.0,5000.0,Rs./Quintal,Non-FAQ
Madlauda APMC,0.55,Metric Tonnes,Tomato,1400.0,1500.0,1450.0,Rs./Quintal,FAQ
Meham,0.1,Metric Tonnes,Tomato,3000.0,3000.0,3000.0,Rs./Quintal,Medium
Mohindergarh APMC,5.44,Metric Tonnes,Tomato,1900.0,3000.0,2500.0,Rs./Quintal,Medium
Naraingarh APMC,2.7800000000000002,Metric Tonnes,Tomato,1300.0,3000.0,2000.0,Rs./Quintal,Medium
Narnaul APMC,4.5,Metric Tonnes,Tomato,2000.0,3500.0,2500.0,Rs./Quintal,Medium
"New Grain Market , Faridabad APMC",37.800000000000004,Metric Tonnes,Tomato,2500.0,3000.0,2750.0,Rs./Quintal,Non-FAQ
Nuh APMC,1.5,Metric Tonnes,Other,1200.0,1600.0,1500.0,Rs./Quintal,Local
Panipat APMC,26.0,Metric Tonnes,Other,600.0,1800.0,1200.0,Rs./Quintal,Local
Radaur APMC,0.5,Metric Tonnes,Other,4000.0,4500.0,4200.0,Rs./Quintal,Medium
Raipur Rani APMC,0.15500000000000003,Metric Tonnes,Tomato,2200.0,2300.0,2200.0,Rs./Quintal,Local
Ratia APMC,16.0,Metric Tonnes,Other,2000.0,2500.0,2200.0,Rs./Quintal,Grade A
Rewari APMC,12.4,Metric Tonnes,Other,600.0,3000.0,1500.0,Rs./Quintal,Medium
Sadhaura APMC,2.2,Metric Tonnes,Tomato,1700.0,1800.0,1750.0,Rs./Quintal,Local
Samalkha APMC,1.7000000000000002,Metric Tonnes,Other,2000.0,2500.0,2300.0,Rs./Quintal,FAQ
Sampla APMC,1.5,Metric Tonnes,Other,3500.0,3500.0,3500.0,Rs./Quintal,Local
Shahabad APMC,3.2,Metric Tonnes,Tomato,2500.0,3500.0,3200.0,Rs./Quintal,Medium
Shahzadpur APMC,0.4,Metric Tonnes,Hybrid,1500.0,2000.0,1800.0,Rs./Quintal,Large
Sirsa APMC,3.4000000000000004,Metric Tonnes,Other,2100.0,3500.0,3200.0,Rs./Quintal,FAQ
Siwan APMC,0.8,Metric Tonnes,Other,2800.0,3000.0,2900.0,Rs./Quintal,FAQ
Sonepat APMC,12.100000000000001,Metric Tonnes,Local,2000.0,3200.0,2500.0,Rs./Quintal,FAQ
Tarori APMC,0.6000000000000001,Metric Tonnes,Other,3000.0,4000.0,3500.0,Rs./Quintal,Medium
Tauru APMC,1.2000000000000002,Metric Tonnes,Hybrid,3500.0,3500.0,3500.0,Rs./Quintal,FAQ
Thanesar APMC,8.3,Metric Tonnes,Tomato,2000.0,4000.0,3000.0,Rs./Quintal,Local
Uklana APMC,0.2,Metric Tonnes,Tomato,2500.0,2800.0,2800.0,Rs./Quintal,Medium
Total,309.58,Metric Tonnes,,,,2090.21,Rs./Quintal,
State/UT Name : Himachal Pradesh
PMY Bilaspur,0.8,Metric Tonnes,Local,3500.0,4000.0,3800.0,Rs./Quintal,Grade B
PMY Chamba,3.25,Metric Tonnes,Tomato,3500.0,4000.0,3750.0,Rs./Quintal,Medium
PMY Hamirpur,1.1,Metric Tonnes,Tomato,4000.0,4500.0,4200.0,Rs./Quintal,Grade B
PMY Kangra,2.6,Metric Tonnes,Tomato,3800.0,4000.0,3900.0,Rs./Quintal,FAQ
PMY Kather Solan,53.64,Metric Tonnes,Other,400.0,3300.0,2500.0,Rs./Quintal,Medium
PMY Kullu,2.0,Metric Tonnes,Other,2400.0,2700.0,2500.0,Rs./Quintal,FAQ
SMY Bandrol,2.2,Metric Tonnes,Other,1000.0,2200.0,1700.0,Rs./Quintal,FAQ
SMY Bhuntar,6.8,Metric Tonnes,Other,700.0,2900.0,2000.0,Rs./Quintal,FAQ
SMY Chauri Bihal,0.8,Metric Tonnes,Other,2000.0,3000.0,2500.0,Rs./Quintal,Grade Range-1
SMY Dharampur,3.0,Metric Tonnes,Other,1000.0,2600.0,2000.0,Rs./Quintal,Local
SMY Jaisinghpur,0.2,Metric Tonnes,Tomato,4400.0,4600.0,4500.0,Rs./Quintal,FAQ
SMY Jogindernagar,0.6000000000000001,Metric Tonnes,Deshi,3800.0,4000.0,3900.0,Rs./Quintal,Grade B
SMY Nadaun,0.22999999999999998,Metric Tonnes,Other,3900.0,4200.0,4000.0,Rs./Quintal,Grade B
SMY Nagrota Bagwan,0.9,Metric Tonnes,Tomato,3500.0,3800.0,3700.0,Rs./Quintal,FAQ
SMY Nalagarh,0.35,Metric Tonnes,Other,3000.0,3500.0,3300.0,Rs./Quintal,Medium
SMY Palampur,2.4000000000000004,Metric Tonnes,Tomato,4000.0,4200.0,4100.0,Rs./Quintal,FAQ
SMY Rampur,0.27999999999999997,Metric Tonnes,Tomato,2500.0,3000.0,2800.0,Rs./Quintal,Local
SMY Santoshgarh,1.1,Metric Tonnes,Tomato,3500.0,4000.0,3750.0,Rs./Quintal,FAQ
SMY Shatt,0.4,Metric Tonnes,Other,1500.0,2000.0,1800.0,Rs./Quintal,FAQ
SMY Takoli,2.7,Metric Tonnes,Other,500.0,2800.0,1600.0,Rs./Quintal,Medium
SMY Wakhnaghat,4.5,Metric Tonnes,Deshi,300.0,2000.0,2000.0,Rs./Quintal,Medium
Total,89.85,Metric Tonnes,,,,2580.54,Rs./Quintal,
State/UT Name : Jammu and Kashmir
Parimpore Srinagar (F&V),54.0,Metric Tonnes,Other,3400.0,4200.0,3800.0,Rs./Quintal,Grade A
Total,54.0,Metric Tonnes,,,,3800.0,Rs./Quintal,
State/UT Name : Karnataka
Bagepalli APMC,130.0,Metric Tonnes,Tomato,150.0,2100.0,1400.0,Rs./Quintal,Small
Bangarpet APMC,2.5,Metric Tonnes,Tomato,400.0,1000.0,700.0,Rs./Quintal,Local
Binny Mill (FF&V) Bengaluru APMC,42.1,Metric Tonnes,Tomato,1400.0,1600.0,1500.0,Rs./Quintal,Local
Chamarajanagar APMC,2.5,Metric Tonnes,Tomato,800.0,1000.0,900.0,Rs./Quintal,Local
Channapatna APMC,3.2,Metric Tonnes,Tomato,1000.0,2000.0,1500.0,Rs./Quintal,Local
Chickkaballapura APMC,42.5,Metric Tonnes,Tomato,360.0,1750.0,1054.0,Rs./Quintal,Local
Chikkamagaluru APMC,104.60000000000001,Metric Tonnes,Tomato,400.0,2100.0,1250.0,Rs./Quintal,Local
Chintamani APMC,421.6,Metric Tonnes,Tomato,300.0,1666.0,1000.0,Rs./Quintal,Local
Davangere APMC,3.0,Metric Tonnes,Tomato,100.0,600.0,300.0,Rs./Quintal,Local
Doddaballapur APMC,2.6,Metric Tonnes,Tomato,800.0,1300.0,1000.0,Rs./Quintal,Medium
Gauribidanur APMC,1.5,Metric Tonnes,Tomato,600.0,1500.0,1200.0,Rs./Quintal,Local
Gundlupet APMC,9.5,Metric Tonnes,Tomato,1500.0,1600.0,1500.0,Rs./Quintal,Local
Hospet APMC,2.2,Metric Tonnes,Tomato,800.0,900.0,800.0,Rs./Quintal,Local
K.R.Nagar APMC,20.0,Metric Tonnes,Tomato,500.0,500.0,500.0,Rs./Quintal,Small
Kadur APMC,21.900000000000002,Metric Tonnes,Tomato,909.0,1110.0,1041.0,Rs./Quintal,Medium
Kalaburagi APMC,6.9,Metric Tonnes,Tomato,400.0,1000.0,700.0,Rs./Quintal,Local
Kanakapura APMC,0.6000000000000001,Metric Tonnes,Hybrid,1000.0,1800.0,1500.0,Rs./Quintal,Medium
Kolar APMC,2062.1,Metric Tonnes,Tomato,330.0,2000.0,1060.0,Rs./Quintal,Local
Mulbagal APMC,238.5,Metric Tonnes,Tomato,333.0,1666.0,900.0,Rs./Quintal,Local
Mysuru APMC,8.9,Metric Tonnes,Tomato,1500.0,1600.0,1600.0,Rs./Quintal,Medium
Ramanagara APMC,6.4,Metric Tonnes,Tomato,1000.0,1800.0,1500.0,Rs./Quintal,Local
Ranebennur APMC,0.4,Metric Tonnes,Tomato,200.0,1000.0,700.0,Rs./Quintal,Medium
Shimoga APMC,25.0,Metric Tonnes,Tomato,400.0,1000.0,700.0,Rs./Quintal,Local
T. Narasipura APMC,0.8,Metric Tonnes,Tomato,1500.0,2000.0,2000.0,Rs./Quintal,Small
Tumakuru APMC,26.0,Metric Tonnes,Tomato,700.0,1200.0,850.0,Rs./Quintal,Local
Total,3185.3,Metric Tonnes,,,,1060.1,Rs./Quintal,
State/UT Name : Keralam
Adimali Market,0.05,Metric Tonnes,Other,4000.0,5000.0,4500.0,Rs./Quintal,Medium
Anchal Market,0.43,Metric Tonnes,Tomato,4500.0,4500.0,4500.0,Rs./Quintal,Local
Aralamoodu Market,3.0,Metric Tonnes,Tomato,4500.0,5000.0,5000.0,Rs./Quintal,FAQ
Aroor Market,0.2,Metric Tonnes,Other,3200.0,3400.0,3300.0,Rs./Quintal,FAQ
Balarampuram Market,0.4,Metric Tonnes,Deshi,4000.0,4000.0,4000.0,Rs./Quintal,FAQ
Chathanoor Market,0.4,Metric Tonnes,Other,4300.0,4700.0,4500.0,Rs./Quintal,FAQ
Chavakkad Market,0.2,Metric Tonnes,Tomato,2500.0,3000.0,3000.0,Rs./Quintal,FAQ
Chelakkara Market,0.15,Metric Tonnes,Tomato,4000.0,4500.0,4200.0,Rs./Quintal,FAQ
Chengannur Market,0.5,Metric Tonnes,Tomato,3900.0,4300.0,4000.0,Rs./Quintal,FAQ
Kallachi Market,0.1,Metric Tonnes,Tomato,2200.0,2600.0,2400.0,Rs./Quintal,FAQ
Kanjangadu Market,1.0,Metric Tonnes,Other,1400.0,2000.0,1600.0,Rs./Quintal,FAQ
Kanjirappally Market,0.5,Metric Tonnes,Tomato,3500.0,4000.0,3800.0,Rs./Quintal,FAQ
Kattappana Market,2.0,Metric Tonnes,Other,4000.0,4800.0,4500.0,Rs./Quintal,Medium
Kayamkulam Market,2.0,Metric Tonnes,Other,2100.0,2300.0,2200.0,Rs./Quintal,FAQ
Koduvayoor Market,0.8,Metric Tonnes,Tomato,3000.0,3400.0,3200.0,Rs./Quintal,Medium
Kollengode Market,0.9,Metric Tonnes,Tomato,2000.0,2400.0,2200.0,Rs./Quintal,FAQ
Kondotty Market,0.25,Metric Tonnes,Other,1400.0,1800.0,1600.0,Rs./Quintal,FAQ
Kothamangalam Market,2.0,Metric Tonnes,Tomato,3500.0,5000.0,4000.0,Rs./Quintal,FAQ
Kuruppanthura Market,1.0,Metric Tonnes,Other,3800.0,4000.0,4000.0,Rs./Quintal,FAQ
Kuthuparambu Market,0.2,Metric Tonnes,Tomato,2200.0,2600.0,2400.0,Rs./Quintal,FAQ
Madhavapuram Market,0.7,Metric Tonnes,Other,3600.0,4000.0,3800.0,Rs./Quintal,FAQ
Manjeri Market,8.0,Metric Tonnes,Other,1750.0,1850.0,1800.0,Rs./Quintal,Local
Neyyatinkara Market,0.02,Metric Tonnes,Tomato,3400.0,4000.0,3700.0,Rs./Quintal,FAQ
Pala Market,1.0,Metric Tonnes,Other,4500.0,5400.0,5000.0,Rs./Quintal,FAQ
Parappanangadi Market,6.3,Metric Tonnes,Other,2000.0,2050.0,2050.0,Rs./Quintal,FAQ
Perinthalmanna Market,3.0,Metric Tonnes,Tomato,2500.0,2800.0,2700.0,Rs./Quintal,Large
Perumbavoor Market,6.0,Metric Tonnes,Tomato,5000.0,6000.0,5500.0,Rs./Quintal,Medium
Pothencode Market,550.0,Metric Tonnes,Tomato,5000.0,5200.0,5000.0,Rs./Quintal,Local
Punalur Market,0.001,Metric Tonnes,Other,4200.0,4800.0,4500.0,Rs./Quintal,Medium
Quilandy Market,0.5,Metric Tonnes,Other,2400.0,2500.0,2500.0,Rs./Quintal,FAQ
Sasthamkotta Market,0.3,Metric Tonnes,Tomato,3500.0,3500.0,3500.0,Rs./Quintal,Local
Taliparamba Market,0.04,Metric Tonnes,Tomato,1900.0,2100.0,2000.0,Rs./Quintal,FAQ
Thalasserry Market,0.2,Metric Tonnes,Other,2000.0,2800.0,2400.0,Rs./Quintal,FAQ
Vadakkenchery Market,0.23,Metric Tonnes,Tomato,3500.0,4000.0,4000.0,Rs./Quintal,FAQ
vadakarapathy Market,2.8,Metric Tonnes,Tomato,1420.0,1800.0,1600.0,Rs./Quintal,FAQ
Total,595.17,Metric Tonnes,,,,4861.5,Rs./Quintal,
State/UT Name : Madhya Pradesh
Badwaha (F&V) APMC,0.6000000000000001,Metric Tonnes,Deshi,750.0,1450.0,1000.0,Rs./Quintal,Grade A
Bareli(F&V) APMC,1.72,Metric Tonnes,Deshi,2000.0,2000.0,2000.0,Rs./Quintal,Grade A
Betul(F&V) APMC,6.4,Metric Tonnes,Local,600.0,1200.0,900.0,Rs./Quintal,FAQ
Bhopal(F&V) APMC,33.0,Metric Tonnes,Other,800.0,2500.0,1500.0,Rs./Quintal,Local
Chhindwara(F&V) APMC,6.800000000000001,Metric Tonnes,Deshi,800.0,1000.0,900.0,Rs./Quintal,Local
Deori (F&V) APMC,1.0,Metric Tonnes,Tomato,1500.0,1500.0,1500.0,Rs./Quintal,Grade B
Dewas(F&V) APMC,1.4000000000000001,Metric Tonnes,Other,800.0,2400.0,1000.0,Rs./Quintal,FAQ
Dhamnod(F&V) APMC,2.2,Metric Tonnes,Tomato,800.0,1000.0,900.0,Rs./Quintal,Local
Gadarwada (F&V) APMC,2.9,Metric Tonnes,Tomato,1900.0,1900.0,1900.0,Rs./Quintal,Grade B
Haatpipliya (F&V) APMC,0.17600000000000002,Metric Tonnes,Tomato,1000.0,2000.0,1700.0,Rs./Quintal,Local
Harda(F&V) APMC,1.5,Metric Tonnes,Deshi,1800.0,2000.0,1900.0,Rs./Quintal,Medium
Indore(F&V) APMC,45.0,Metric Tonnes,Tomato,600.0,2000.0,1400.0,Rs./Quintal,Local
Itarsi(F&V) APMC,1.25,Metric Tonnes,Tomato,2300.0,2300.0,2300.0,Rs./Quintal,FAQ
Jabalpur(F&V) APMC,40.0,Metric Tonnes,Tomato,1100.0,1700.0,1200.0,Rs./Quintal,Medium
Kailaras APMC,2.498,Metric Tonnes,Other,1500.0,2700.0,1800.0,Rs./Quintal,FAQ
Karera(F&V) APMC,0.08,Metric Tonnes,Tomato,1900.0,2800.0,2300.0,Rs./Quintal,Local
Morena APMC,8.0,Metric Tonnes,Deshi,2000.0,2000.0,2000.0,Rs./Quintal,Non-FAQ
Morena(F&V) APMC,8.0,Metric Tonnes,Tomato,2000.0,2000.0,2000.0,Rs./Quintal,Non-FAQ
Multai(F&V) APMC,5.635000000000001,Metric Tonnes,Deshi,500.0,1000.0,600.0,Rs./Quintal,FAQ
Narmadapuram (F&V) APMC,6.6,Metric Tonnes,Tomato,740.0,2010.0,1544.0,Rs./Quintal,FAQ
Paatan (F&V) APMC,0.3,Metric Tonnes,Deshi,1100.0,1100.0,1100.0,Rs./Quintal,Medium
Pipariya(F&V) APMC,3.0,Metric Tonnes,Tomato,1350.0,2800.0,2000.0,Rs./Quintal,Local
Porsa APMC,1.5,Metric Tonnes,Tomato,800.0,800.0,800.0,Rs./Quintal,FAQ
Ratlam(F&V) APMC,1.6,Metric Tonnes,Other,1200.0,1900.0,1700.0,Rs./Quintal,FAQ
Rehli(F&V) APMC,0.5,Metric Tonnes,Tomato,1300.0,1500.0,1400.0,Rs./Quintal,Grade C
Rewa(F&V) APMC,13.4,Metric Tonnes,Hybrid,800.0,800.0,800.0,Rs./Quintal,Non-FAQ
Sabalgarh(F&V) APMC,0.5,Metric Tonnes,Deshi,1000.0,1000.0,1000.0,Rs./Quintal,FAQ
Sagar(F&V) APMC,6.0,Metric Tonnes,Local,1500.0,2400.0,1800.0,Rs./Quintal,Local
Sehore(F&V) APMC,2.0,Metric Tonnes,Tomato,1200.0,2000.0,1500.0,Rs./Quintal,Grade Range-1
Seoni(F&V) APMC,6.025,Metric Tonnes,Deshi,991.0,991.0,991.0,Rs./Quintal,Grade C
Thandla APMC,1.58,Metric Tonnes,Hybrid,1600.0,1800.0,1700.0,Rs./Quintal,FAQ
Ujjain(F&V) APMC,1.05,Metric Tonnes,Deshi,600.0,2040.0,1327.0,Rs./Quintal,Medium
Total,212.21,Metric Tonnes,,,,1362.33,Rs./Quintal,
State/UT Name : Maharashtra
APMC Ahilyanagar ,31.0,Metric Tonnes,Other,200.0,1300.0,750.0,Rs./Quintal,Local
APMC Akluj ,3.8,Metric Tonnes,Local,700.0,1300.0,1000.0,Rs./Quintal,Local
APMC Bhusaval ,4.9,Metric Tonnes,Other,1000.0,1500.0,1200.0,Rs./Quintal,Local
APMC Dharashiv ,6.2,Metric Tonnes,Other,500.0,1350.0,925.0,Rs./Quintal,Local
APMC Ghoti ,3.3,Metric Tonnes,Other,1900.0,1900.0,1900.0,Rs./Quintal,Local
APMC Hingna,3.0,Metric Tonnes,Local,2000.0,2500.0,2150.0,Rs./Quintal,Local
APMC Islampur ,8.2,Metric Tonnes,Other,1000.0,1500.0,1200.0,Rs./Quintal,Local
APMC Jalgaon ,13.0,Metric Tonnes,Other,500.0,1200.0,700.0,Rs./Quintal,Local
APMC Kalmeshwar ,1.0,Metric Tonnes,Other,1020.0,1500.0,1310.0,Rs./Quintal,Local
APMC Kamthi ,10.0,Metric Tonnes,Local,2000.0,2500.0,2350.0,Rs./Quintal,Local
APMC Khed ,7.2,Metric Tonnes,Local,500.0,1700.0,1100.0,Rs./Quintal,Local
APMC Mangal Wedha ,6.9,Metric Tonnes,Local,200.0,1500.0,1000.0,Rs./Quintal,Local
APMC Mumbai ,139.0,Metric Tonnes,Other,1800.0,2200.0,2000.0,Rs./Quintal,Local
APMC Nasik ,95.2,Metric Tonnes,Other,250.0,2300.0,1450.0,Rs./Quintal,Local
APMC Navapur ,38.0,Metric Tonnes,Other,750.0,2500.0,1350.0,Rs./Quintal,Local
APMC Palus ,1.2,Metric Tonnes,Other,800.0,1500.0,1200.0,Rs./Quintal,Local
APMC Pandharpur ,3.1,Metric Tonnes,Other,500.0,1500.0,1100.0,Rs./Quintal,Local
APMC Panvel ,74.0,Metric Tonnes,Other,3000.0,3500.0,3250.0,Rs./Quintal,Local
APMC Patan ,0.9,Metric Tonnes,Other,1150.0,1350.0,1250.0,Rs./Quintal,Local
APMC Phaltan ,9.1,Metric Tonnes,Other,500.0,1500.0,960.0,Rs./Quintal,Local
APMC Pimpalgaon Baswant ,3904.8,Metric Tonnes,Other,350.0,2705.0,2005.0,Rs./Quintal,Local
APMC Pune ,215.5,Metric Tonnes,Local,600.0,1600.0,1100.0,Rs./Quintal,Local
APMC Rahata ,2.3,Metric Tonnes,Other,500.0,1750.0,1125.0,Rs./Quintal,Local
APMC Ratnagiri (Nachane) ,1.9,Metric Tonnes,Other,1000.0,1300.0,1200.0,Rs./Quintal,Local
APMC Sangamner ,350.0,Metric Tonnes,Other,500.0,2000.0,1250.0,Rs./Quintal,Local
APMC Shrirampur ,3.4,Metric Tonnes,Other,500.0,1500.0,1000.0,Rs./Quintal,Local
APMC Solapur ,31.6,Metric Tonnes,Other,200.0,1600.0,1200.0,Rs./Quintal,Local
APMC Vita ,3.0,Metric Tonnes,Other,1000.0,1500.0,1200.0,Rs./Quintal,Local
Amrawati(Frui & Veg. Market) ,18.0,Metric Tonnes,Local,1200.0,2000.0,1600.0,Rs./Quintal,Local
Chandrapur(Ganjwad) ,60.9,Metric Tonnes,Other,800.0,1200.0,1000.0,Rs./Quintal,Local
Junnar(Narayangaon) ,696.5,Metric Tonnes,Local,1000.0,2000.0,1500.0,Rs./Quintal,Local
Khed(Chakan) ,27.7,Metric Tonnes,Other,800.0,1800.0,1400.0,Rs./Quintal,Local
Pune(Khadiki) ,1.3,Metric Tonnes,Local,800.0,1400.0,1100.0,Rs./Quintal,Local
Pune(Manjri) ,51.2,Metric Tonnes,Other,1000.0,2000.0,1500.0,Rs./Quintal,Local
Pune(Moshi) ,37.3,Metric Tonnes,Local,800.0,900.0,850.0,Rs./Quintal,Local
Pune(Pimpri) ,0.4,Metric Tonnes,Local,1600.0,1600.0,1600.0,Rs./Quintal,Local
Total,5864.8,Metric Tonnes,,,,1819.29,Rs./Quintal,
State/UT Name : NCT of Delhi
APMC Azadpur,581.2,Metric Tonnes,Tomato,1000.0,3400.0,2449.0,Rs./Quintal,FAQ
APMC Keshopur,302.975,Metric Tonnes,Tomato,1600.0,3000.0,2800.0,Rs./Quintal,FAQ
"Fruit&Vegetable Market,Gazipur APMC",416.8,Metric Tonnes,Tomato,1800.0,2200.0,2000.0,Rs./Quintal,FAQ
Total,1300.98,Metric Tonnes,,,,2386.89,Rs./Quintal,
State/UT Name : Nagaland
Kipheri APMC,1.1,Metric Tonnes,Local,1820.0,2040.0,1930.0,Rs./Quintal,FAQ
Longleng APMC,0.19,Metric Tonnes,Tomato,4400.0,4800.0,4600.0,Rs./Quintal,FAQ
Total,1.29,Metric Tonnes,,,,2323.26,Rs./Quintal,
State/UT Name : Odisha
Angaura APMC,2.1,Metric Tonnes,Other,3500.0,4000.0,3700.0,Rs./Quintal,Grade C
Balugaon APMC,1.05,Metric Tonnes,Deshi,4000.0,4000.0,4000.0,Rs./Quintal,Grade A
Bargarh APMC,288.0,Metric Tonnes,Tomato,3000.0,4000.0,3500.0,Rs./Quintal,Local
Betnoti APMC,2.2,Metric Tonnes,Tomato,3300.0,3700.0,3500.0,Rs./Quintal,FAQ
Bhanjanagar APMC,1.6500000000000001,Metric Tonnes,Tomato,2300.0,2500.0,2400.0,Rs./Quintal,Grade Range-1
Birmaharajpur APMC,2.5,Metric Tonnes,Local,2500.0,2650.0,2600.0,Rs./Quintal,Local
Bolangir APMC,2.8000000000000003,Metric Tonnes,Other,2000.0,2400.0,2200.0,Rs./Quintal,Medium
Bonai APMC,1.0,Metric Tonnes,Other,1750.0,1940.0,1845.0,Rs./Quintal,FAQ
Champua APMC,2.2,Metric Tonnes,Other,3000.0,3000.0,3000.0,Rs./Quintal,Local
Dhenkanal APMC,0.2,Metric Tonnes,Tomato,3300.0,3700.0,3500.0,Rs./Quintal,Grade B
Dungurapalli APMC,0.30000000000000004,Metric Tonnes,Hybrid,2350.0,2650.0,2450.0,Rs./Quintal,Medium
Godbhaga APMC,0.134,Metric Tonnes,Other,1650.0,2000.0,1800.0,Rs./Quintal,Local
Hindol APMC,0.8,Metric Tonnes,Tomato,3200.0,4000.0,3500.0,Rs./Quintal,Grade B
Jharsuguda APMC,1.2000000000000002,Metric Tonnes,Other,3000.0,4000.0,3500.0,Rs./Quintal,Grade A
Junagarh APMC,2.2,Metric Tonnes,Other,2700.0,3300.0,3000.0,Rs./Quintal,Grade B
Kalahandi(Dharamagarh) APMC,1.9000000000000001,Metric Tonnes,Other,2700.0,3100.0,2900.0,Rs./Quintal,Grade B
Kamakhyanagar APMC,0.4,Metric Tonnes,Tomato,4000.0,4000.0,4000.0,Rs./Quintal,Grade A
Kantabaji APMC,1.7000000000000002,Metric Tonnes,Other,2500.0,3500.0,3000.0,Rs./Quintal,Grade B
Karanjia APMC,0.2,Metric Tonnes,Local,3000.0,3500.0,3200.0,Rs./Quintal,Local
Khariar APMC,1.2,Metric Tonnes,Tomato,3500.0,3500.0,3500.0,Rs./Quintal,Grade A
Khariar Road APMC,0.6,Metric Tonnes,Tomato,3000.0,3000.0,3000.0,Rs./Quintal,Grade A
Kuchinda APMC,0.30000000000000004,Metric Tonnes,Deshi,3000.0,3500.0,3200.0,Rs./Quintal,Local
Mukhiguda APMC,3.1,Metric Tonnes,Tomato,2400.0,3400.0,2900.0,Rs./Quintal,Grade B
Nawarangpur APMC,3.4000000000000004,Metric Tonnes,Tomato,2400.0,2400.0,2400.0,Rs./Quintal,Grade B
Nilagiri APMC,5.0,Metric Tonnes,Other,3750.0,3800.0,3800.0,Rs./Quintal,Local
Padampur APMC,3.2,Metric Tonnes,Tomato,2300.0,2800.0,2500.0,Rs./Quintal,Local
Pandkital APMC,0.25,Metric Tonnes,Other,2350.0,2560.0,2460.0,Rs./Quintal,Local
Panposh APMC,1.0,Metric Tonnes,Hybrid,3500.0,4200.0,4000.0,Rs./Quintal,FAQ
Rairakhol APMC,0.8,Metric Tonnes,Hybrid,3500.0,4200.0,4000.0,Rs./Quintal,Grade B
Sambalpur APMC,4.5,Metric Tonnes,Other,2000.0,2400.0,2200.0,Rs./Quintal,Local
Sargipali APMC,0.5,Metric Tonnes,Other,2500.0,3000.0,2600.0,Rs./Quintal,FAQ
Sohela APMC,2.9000000000000004,Metric Tonnes,Tomato,2300.0,2800.0,2500.0,Rs./Quintal,Local
Tusura APMC,2.8000000000000003,Metric Tonnes,Other,2000.0,2400.0,2200.0,Rs./Quintal,Medium
Udala APMC,7.0,Metric Tonnes,Other,2200.0,2600.0,2400.0,Rs./Quintal,FAQ
Total,349.08,Metric Tonnes,,,,3383.7,Rs./Quintal,
State/UT Name : Punjab
Adampur APMC,2.5,Metric Tonnes,Tomato,3000.0,3500.0,3500.0,Rs./Quintal,FAQ
Ahmedgarh APMC,0.1,Metric Tonnes,Local,3000.0,3400.0,3400.0,Rs./Quintal,Medium
Baghapurana APMC,0.1,Metric Tonnes,Tomato,3500.0,4500.0,4000.0,Rs./Quintal,Grade B
Balachaur APMC,1.7100000000000002,Metric Tonnes,Other,1500.0,2200.0,2000.0,Rs./Quintal,Medium
Banur APMC,0.2,Metric Tonnes,Other,1700.0,1700.0,1700.0,Rs./Quintal,Grade B
Bathinda APMC,75.0,Metric Tonnes,Other,2000.0,2500.0,2200.0,Rs./Quintal,Grade B
Bhagta Bhai Ka APMC,0.4,Metric Tonnes,Other,2900.0,2900.0,2900.0,Rs./Quintal,Medium
Bhawanigarh APMC,0.5,Metric Tonnes,Other,2500.0,2700.0,2600.0,Rs./Quintal,Medium
Dinanagar APMC,2.35,Metric Tonnes,Tomato,2800.0,3000.0,2900.0,Rs./Quintal,Medium
Doraha APMC,0.756,Metric Tonnes,Deshi,2000.0,3000.0,2500.0,Rs./Quintal,Local
Dudhansadhan APMC,0.1,Metric Tonnes,Other,2500.0,2500.0,2500.0,Rs./Quintal,Grade B
F.G.Churian APMC,0.15,Metric Tonnes,Tomato,2500.0,2500.0,2500.0,Rs./Quintal,Grade A
Fazilka APMC,0.89,Metric Tonnes,Tomato,3000.0,3000.0,3000.0,Rs./Quintal,FAQ
Garh Shankar APMC,1.7,Metric Tonnes,Other,2000.0,2000.0,2000.0,Rs./Quintal,FAQ
Ghanaur APMC,0.2,Metric Tonnes,Other,1800.0,2000.0,1900.0,Rs./Quintal,FAQ
Jalalabad APMC,1.55,Metric Tonnes,Tomato,2900.0,3200.0,3000.0,Rs./Quintal,Medium
Khanna APMC,9.4,Metric Tonnes,Tomato,1500.0,1500.0,1500.0,Rs./Quintal,Grade A
Kharar APMC,3.8000000000000003,Metric Tonnes,Tomato,2000.0,4000.0,3000.0,Rs./Quintal,Non-FAQ
Kurali APMC,1.5,Metric Tonnes,Other,2800.0,3000.0,2900.0,Rs./Quintal,Medium
Lalru APMC,1.9,Metric Tonnes,Deshi,2580.0,2580.0,2580.0,Rs./Quintal,Local
Lehra Gaga APMC,0.375,Metric Tonnes,Other,1900.0,1900.0,1900.0,Rs./Quintal,Grade A
Ludhiana APMC,63.1,Metric Tonnes,Other,800.0,2300.0,1700.0,Rs./Quintal,FAQ
Machhiwara APMC,0.5559999999999999,Metric Tonnes,Local,2000.0,2500.0,2200.0,Rs./Quintal,FAQ
Mansa APMC,0.7,Metric Tonnes,Tomato,4000.0,4000.0,4000.0,Rs./Quintal,FAQ
Maur APMC,0.4,Metric Tonnes,Other,2300.0,3000.0,2500.0,Rs./Quintal,Grade B
Mukerian APMC,2.92,Metric Tonnes,Tomato,2000.0,3000.0,2500.0,Rs./Quintal,Grade B
Mukerian(Talwara) APMC,0.45,Metric Tonnes,Tomato,2500.0,3500.0,3000.0,Rs./Quintal,FAQ
Muktsar APMC,2.2,Metric Tonnes,Tomato,1200.0,2000.0,1600.0,Rs./Quintal,Medium
Nabha APMC,3.6,Metric Tonnes,Other,2600.0,3500.0,3100.0,Rs./Quintal,Grade C
Patiala APMC,22.6,Metric Tonnes,Local,1400.0,1600.0,1500.0,Rs./Quintal,Grade B
Patran APMC,20.0,Metric Tonnes,Other,2180.0,2180.0,2180.0,Rs./Quintal,Grade A
Patti APMC,0.16,Metric Tonnes,Other,0.1,0.1,0.1,Rs./Quintal,Local
Phagwara APMC,15.600000000000001,Metric Tonnes,Other,940.0,1900.0,1670.0,Rs./Quintal,FAQ
Quadian APMC,0.4,Metric Tonnes,Other,2800.0,3000.0,2900.0,Rs./Quintal,Grade A
Rajpura APMC,2.2,Metric Tonnes,Local,2000.0,2200.0,2100.0,Rs./Quintal,Grade A
Raman APMC,0.5,Metric Tonnes,Other,3415.0,3515.0,3455.0,Rs./Quintal,Medium
Rampuraphul(Nabha Mandi) APMC,1.5,Metric Tonnes,Other,2000.0,3000.0,2500.0,Rs./Quintal,Grade A
Rayya APMC,0.035,Metric Tonnes,Other,715.0,715.0,715.0,Rs./Quintal,FAQ
Ropar APMC,5.0,Metric Tonnes,Other,3000.0,3400.0,3200.0,Rs./Quintal,Non-FAQ
Sahnewal APMC,0.2,Metric Tonnes,Tomato,4250.0,4250.0,4250.0,Rs./Quintal,FAQ
Samana APMC,64.0,Metric Tonnes,Other,2000.0,4500.0,2100.0,Rs./Quintal,Grade Range-2
Samrala APMC,0.8,Metric Tonnes,Other,2500.0,3200.0,3000.0,Rs./Quintal,Local
Sangrur APMC,5.0,Metric Tonnes,Tomato,1800.0,2500.0,2000.0,Rs./Quintal,Grade B
Talwandi Sabo APMC,0.30000000000000004,Metric Tonnes,Other,2400.0,2800.0,2600.0,Rs./Quintal,Grade A
Tanda Urmur APMC,1.2000000000000002,Metric Tonnes,Tomato,2200.0,2800.0,2500.0,Rs./Quintal,Grade A
Tarantaran APMC,0.15,Metric Tonnes,Other,2600.0,2600.0,2600.0,Rs./Quintal,Local
Zira APMC,0.291,Metric Tonnes,Other,2000.0,2000.0,2000.0,Rs./Quintal,Local
Total,319.04,Metric Tonnes,,,,2054.47,Rs./Quintal,
State/UT Name : Rajasthan
Baran APMC,1.6,Metric Tonnes,Other,1300.0,2000.0,1600.0,Rs./Quintal,Local
Bassi APMC,0.5,Metric Tonnes,Other,4400.0,4800.0,4600.0,Rs./Quintal,Local
Bayana APMC,1.0,Metric Tonnes,Other,2500.0,2500.0,2500.0,Rs./Quintal,Local
Bhadara APMC,1.1,Metric Tonnes,Deshi,2000.0,3300.0,2555.0,Rs./Quintal,FAQ
Bhinmal APMC,0.9,Metric Tonnes,Other,2200.0,2300.0,2250.0,Rs./Quintal,Non-FAQ
Churu APMC,2.5,Metric Tonnes,Hybrid,2000.0,2400.0,2200.0,Rs./Quintal,FAQ
Dablirathan APMC,0.1,Metric Tonnes,Deshi,2500.0,2900.0,2700.0,Rs./Quintal,Local
Goluwala APMC,0.18000000000000002,Metric Tonnes,Deshi,3000.0,3000.0,3000.0,Rs./Quintal,Non-FAQ
HanumangarhTown APMC,53.5,Metric Tonnes,Deshi,2200.0,2200.0,2200.0,Rs./Quintal,Non-FAQ
Jalore APMC,2.0,Metric Tonnes,Tomato,2000.0,2400.0,2200.0,Rs./Quintal,Local
Jodhpur (F&V) APMC,120.4,Metric Tonnes,Other,1000.0,3000.0,2000.0,Rs./Quintal,Medium
Kota (F&V) APMC,133.3,Metric Tonnes,Other,2400.0,2400.0,2400.0,Rs./Quintal,Medium
Rawatsar APMC,0.5,Metric Tonnes,Deshi,1500.0,2000.0,1600.0,Rs./Quintal,FAQ
Sriganganagar (F&V) APMC,22.0,Metric Tonnes,Tomato,2300.0,2700.0,2500.0,Rs./Quintal,Grade B
Sujangarh APMC,0.5,Metric Tonnes,Other,1600.0,1800.0,1700.0,Rs./Quintal,Local
Udaipur (F&V) APMC,46.900000000000006,Metric Tonnes,Other,1000.0,2500.0,1750.0,Rs./Quintal,Medium
Total,386.98,Metric Tonnes,,,,2170.79,Rs./Quintal,
State/UT Name : Tamil Nadu
AJattihalli(Uzhavar Sandhai ),3.6,Metric Tonnes,Local,2200.0,2400.0,2300.0,Rs./Quintal,Local
Alangudi(Uzhavar Sandhai ),0.58,Metric Tonnes,Other,2500.0,3000.0,2750.0,Rs./Quintal,Local
Ambasamudram(Uzhavar Sandhai ),0.04,Metric Tonnes,Local,2100.0,2500.0,2300.0,Rs./Quintal,Local
Ambattur(Uzhavar Sandhai ),0.04,Metric Tonnes,Deshi,2500.0,2500.0,2500.0,Rs./Quintal,Local
Ammapet(Uzhavar Sandhai ),2.12,Metric Tonnes,Local,2000.0,2200.0,2100.0,Rs./Quintal,Local
Anaiyur(Uzhavar Sandhai ),0.76,Metric Tonnes,Other,2000.0,2400.0,2200.0,Rs./Quintal,Local
Andipatti(Uzhavar Sandhai ),0.86,Metric Tonnes,Other,2300.0,2500.0,2400.0,Rs./Quintal,Local
Anna nagar(Uzhavar Sandhai ),1.1,Metric Tonnes,Deshi,2000.0,2400.0,2200.0,Rs./Quintal,Local
Anna nagar(Uzhavar Sandhai ),1.81,Metric Tonnes,Other,2400.0,2600.0,2500.0,Rs./Quintal,Local
Arani(Uzhavar Sandhai ),1.15,Metric Tonnes,Deshi,2500.0,3000.0,2750.0,Rs./Quintal,Local
Aranthangi(Uzhavar Sandhai ),0.56,Metric Tonnes,Other,2500.0,3000.0,2750.0,Rs./Quintal,Local
Arcot(Uzhavar Sandhai ),0.85,Metric Tonnes,Other,2400.0,2400.0,2400.0,Rs./Quintal,Local
Ariyalur(Uzhavar Sandhai),0.14,Metric Tonnes,Deshi,3000.0,3500.0,3250.0,Rs./Quintal,Local
Aruppukottai(Uzhavar Sandhai ),0.67,Metric Tonnes,Deshi,2000.0,2500.0,2250.0,Rs./Quintal,Local
Athur(Uzhavar Sandhai ),2.58,Metric Tonnes,Local,2000.0,2400.0,2200.0,Rs./Quintal,Local
Attayampatti(Uzhavar Sandhai ),0.42,Metric Tonnes,Deshi,2500.0,2500.0,2500.0,Rs./Quintal,Local
Avallapalli(Uzhavar Sandhai ),1.26,Metric Tonnes,Deshi,2000.0,2500.0,2250.0,Rs./Quintal,Local
Bodinayakanur(Uzhavar Sandhai ),0.45,Metric Tonnes,Deshi,2300.0,2300.0,2300.0,Rs./Quintal,Local
Chengalpet(Uzhavar Sandhai ),0.7,Metric Tonnes,Deshi,3000.0,3500.0,3250.0,Rs./Quintal,Local
Chengam(Uzhavar Sandhai ),0.45,Metric Tonnes,Local,2500.0,3000.0,2750.0,Rs./Quintal,Local
Cheyyar(Uzhavar Sandhai ),0.3,Metric Tonnes,Local,2500.0,3000.0,2750.0,Rs./Quintal,Local
Chidambaram(Uzhavar Sandhai ),0.02,Metric Tonnes,Local,3000.0,3000.0,3000.0,Rs./Quintal,Local
Chinnalapatti(Uzhavar Sandhai ),0.69,Metric Tonnes,Deshi,2000.0,2400.0,2200.0,Rs./Quintal,Local
Chinnamanur(Uzhavar Sandhai ),1.43,Metric Tonnes,Local,2000.0,2000.0,2000.0,Rs./Quintal,Local
Chokkikulam(Uzhavar Sandhai ),2.4,Metric Tonnes,Deshi,2000.0,2400.0,2200.0,Rs./Quintal,Local
Coonoor(Uzhavar Sandhai ),1.7,Metric Tonnes,Deshi,2500.0,3000.0,2750.0,Rs./Quintal,Local
Cuddalore(Uzhavar Sandhai ),0.4,Metric Tonnes,Deshi,2600.0,2600.0,2600.0,Rs./Quintal,Local
Denkanikottai(Uzhavar Sandhai ),2.31,Metric Tonnes,Deshi,2000.0,2500.0,2250.0,Rs./Quintal,Local
Devakottai (Uzhavar Sandhai ),0.24,Metric Tonnes,Deshi,2200.0,2600.0,2400.0,Rs./Quintal,Local
Devaram(Uzhavar Sandhai ),0.34,Metric Tonnes,Deshi,2500.0,2500.0,2500.0,Rs./Quintal,Local
Dharapuram(Uzhavar Sandhai ),4.2,Metric Tonnes,Local,1500.0,2000.0,1750.0,Rs./Quintal,Local
Dharmapuri(Uzhavar Sandhai ),9.42,Metric Tonnes,Local,2200.0,2400.0,2300.0,Rs./Quintal,Local
Dindigul(Uzhavar Sandhai ),2.1,Metric Tonnes,Deshi,2000.0,2400.0,2200.0,Rs./Quintal,Local
Edapadi (Uzhavar Sandhai ),1.5,Metric Tonnes,Other,2400.0,2800.0,2600.0,Rs./Quintal,Local
Elampillai(Uzhavar Sandhai ),1.6,Metric Tonnes,Other,2000.0,2400.0,2200.0,Rs./Quintal,Local
Gandarvakottai(Uzhavar Sandhai ),0.52,Metric Tonnes,Deshi,2500.0,3000.0,2750.0,Rs./Quintal,Local
Gandhigramam(Uzhavar Sandhai),0.36,Metric Tonnes,Other,2800.0,3000.0,2900.0,Rs./Quintal,Local
Gingee(Uzhavar Sandhai ),0.26,Metric Tonnes,Deshi,2500.0,2500.0,2500.0,Rs./Quintal,Local
Gobichettipalayam(Uzhavar Sandhai ),0.79,Metric Tonnes,Deshi,2400.0,3000.0,2700.0,Rs./Quintal,Local
Gudalur(Uzhavar Sandhai ),0.07,Metric Tonnes,Deshi,2200.0,2500.0,2350.0,Rs./Quintal,Local
Gudiyatham(Uzhavar Sandhai ),0.25,Metric Tonnes,Local,2600.0,2600.0,2600.0,Rs./Quintal,Local
Guduvancheri(Uzhavar Sandhai ),0.14,Metric Tonnes,Other,2200.0,2500.0,2350.0,Rs./Quintal,Local
Harur(Uzhavar Sandhai ),1.4,Metric Tonnes,Deshi,2000.0,2500.0,2250.0,Rs./Quintal,Local
Hasthampatti(Uzhavar Sandhai ),2.15,Metric Tonnes,Local,2000.0,2400.0,2200.0,Rs./Quintal,Local
Hosur(Uzhavar Sandhai ),12.99,Metric Tonnes,Deshi,2000.0,2500.0,2250.0,Rs./Quintal,Local
Jalagandapuram(Uzhavar Sandhai ),3.07,Metric Tonnes,Other,2000.0,2200.0,2100.0,Rs./Quintal,Local
Jameenrayapettai(Uzhavar Sandhai ),0.63,Metric Tonnes,Other,2200.0,2500.0,2350.0,Rs./Quintal,Local
Jeyankondam (Uzhavar Sandhai ),0.01,Metric Tonnes,Deshi,3000.0,3500.0,3250.0,Rs./Quintal,Local
KKNagar(Uzhavar Sandhai ),3.4,Metric Tonnes,Deshi,2600.0,2600.0,2600.0,Rs./Quintal,Local
Kahithapattarai(Uzhavar Sandhai ),1.15,Metric Tonnes,Deshi,2600.0,2600.0,2600.0,Rs./Quintal,Local
Kallakurichi(Uzhavar Sandhai ),1.21,Metric Tonnes,Deshi,3000.0,3000.0,3000.0,Rs./Quintal,Local
Kambam(Uzhavar Sandhai ),5.9,Metric Tonnes,Other,2000.0,2200.0,2100.0,Rs./Quintal,Local
Kamuthi(Uzhavar Sandhai ),0.02,Metric Tonnes,Deshi,2000.0,2500.0,2250.0,Rs./Quintal,Local
Kancheepuram(Uzhavar Sandhai ),0.5,Metric Tonnes,Local,2200.0,2800.0,2500.0,Rs./Quintal,Local
Kandiyaperi(Uzhavar Sandhai ),0.03,Metric Tonnes,Other,2200.0,2400.0,2300.0,Rs./Quintal,Local
Kangayam(Uzhavar Sandhai ),1.31,Metric Tonnes,Local,1500.0,1800.0,1650.0,Rs./Quintal,Local
Karaikudi(Uzhavar Sandhai ),0.35,Metric Tonnes,Deshi,2400.0,2800.0,2600.0,Rs./Quintal,Local
Karambakkudi(Uzhavar Sandhai ),0.67,Metric Tonnes,Other,2500.0,3000.0,2750.0,Rs./Quintal,Local
Karimangalam(Uzhavar Sandhai),0.56,Metric Tonnes,Local,2300.0,2500.0,2400.0,Rs./Quintal,Local
Kariyapatti(Uzhavar Sandhai ),0.23,Metric Tonnes,Deshi,2000.0,2500.0,2250.0,Rs./Quintal,Local
Karur(Uzhavar Sandhai ),1.2,Metric Tonnes,Deshi,2500.0,3000.0,2750.0,Rs./Quintal,Local
Katpadi (Uzhavar Sandhai ),1.3,Metric Tonnes,Deshi,2800.0,2800.0,2800.0,Rs./Quintal,Local
Kaveripattinam(Uzhavar Sandhai ),0.24,Metric Tonnes,Local,3000.0,3000.0,3000.0,Rs./Quintal,Local
Keelpennathur(Uzhavar Sandhai ),0.02,Metric Tonnes,Deshi,2000.0,2500.0,2250.0,Rs./Quintal,Local
Kodaikkanal(Uzhavar Sandhai),0.01,Metric Tonnes,Deshi,2000.0,2500.0,2250.0,Rs./Quintal,Local
Kovilpatti(Uzhavar Sandhai ),0.34,Metric Tonnes,Local,2500.0,3000.0,2750.0,Rs./Quintal,Local
Krishnagiri(Uzhavar Sandhai ),3.96,Metric Tonnes,Deshi,1200.0,1800.0,1500.0,Rs./Quintal,Local
Kulithalai(Uzhavar Sandhai ),1.53,Metric Tonnes,Deshi,2800.0,3000.0,2900.0,Rs./Quintal,Local
Kumarapalayam(Uzhavar Sandhai ),0.1,Metric Tonnes,Other,2200.0,3000.0,2600.0,Rs./Quintal,Local
Kumbakonam (Uzhavar Sandhai ),1.2,Metric Tonnes,Deshi,2800.0,3400.0,3100.0,Rs./Quintal,Local
Kundrathur(Uzhavar Sandhai ),0.45,Metric Tonnes,Other,2500.0,2500.0,2500.0,Rs./Quintal,Local
Kurichi(Uzhavar Sandhai ),0.16,Metric Tonnes,Local,3000.0,3400.0,3200.0,Rs./Quintal,Local
Lalgudi(Uzhavar Sandhai ),0.09,Metric Tonnes,Deshi,4000.0,4000.0,4000.0,Rs./Quintal,Local
Madhuranthagam(Uzhavar Sandhai ),0.11,Metric Tonnes,Deshi,3000.0,3000.0,3000.0,Rs./Quintal,Local
Manachanallur(Uzhavar Sandhai ),0.16,Metric Tonnes,Other,2400.0,2800.0,2600.0,Rs./Quintal,Local
Manapparai(Uzhavar Sandhai ),0.6,Metric Tonnes,Other,2800.0,2800.0,2800.0,Rs./Quintal,Local
Mannargudi I(Uzhavar Sandhai ),1.27,Metric Tonnes,Deshi,2000.0,2000.0,2000.0,Rs./Quintal,Local
Mannargudi II(Uzhavar Sandhai ),0.48,Metric Tonnes,Deshi,2000.0,2000.0,2000.0,Rs./Quintal,Local
Mayiladuthurai(Uzhavar Sandhai ),0.17,Metric Tonnes,Deshi,2500.0,3000.0,2750.0,Rs./Quintal,Local
Mecheri(Uzhavar Sandhai),0.22,Metric Tonnes,Deshi,2000.0,2500.0,2250.0,Rs./Quintal,Local
Medavakkam(Uzhavar Sandhai ),0.35,Metric Tonnes,Other,2000.0,2500.0,2250.0,Rs./Quintal,Local
Melapalayam(Uzhavar Sandhai ),0.85,Metric Tonnes,Other,2200.0,2400.0,2300.0,Rs./Quintal,Local
Melur(Uzhavar Sandhai ),0.45,Metric Tonnes,Deshi,2000.0,2400.0,2200.0,Rs./Quintal,Local
Mettupalayam(Uzhavar Sandhai ),2.82,Metric Tonnes,Deshi,2500.0,3000.0,2750.0,Rs./Quintal,Local
Mettur(Uzhavar Sandhai ),3.1,Metric Tonnes,Local,2200.0,2800.0,2500.0,Rs./Quintal,Local
Mohanur(Uzhavar Sandhai ),0.5,Metric Tonnes,Deshi,2400.0,3000.0,2700.0,Rs./Quintal,Local
Musiri(Uzhavar Sandhai ),1.8,Metric Tonnes,Local,2000.0,2600.0,2300.0,Rs./Quintal,Local
Muthupettai(Uzhavar Sandhai ),0.05,Metric Tonnes,Deshi,2000.0,2000.0,2000.0,Rs./Quintal,Local
Myladi(Uzhavar Sandhai ),0.04,Metric Tonnes,Deshi,3000.0,3500.0,3250.0,Rs./Quintal,Local
NGO Colony(Uzhavar Sandhai ),0.55,Metric Tonnes,Deshi,2400.0,2800.0,2600.0,Rs./Quintal,Local
Nagapattinam(Uzhavar Sandhai ),0.21,Metric Tonnes,Deshi,3800.0,3800.0,3800.0,Rs./Quintal,Local
Nanganallur(Uzhavar Sandhai ),0.13,Metric Tonnes,Deshi,3000.0,3500.0,3250.0,Rs./Quintal,Local
Naravarikuppam(Uzhavar Sandhai ),0.18,Metric Tonnes,Deshi,2500.0,2500.0,2500.0,Rs./Quintal,Local
Natrampalli(Uzhavar Sandhai ),6.25,Metric Tonnes,Deshi,2000.0,2500.0,2250.0,Rs./Quintal,Local
Needamangalam(Uzhavar Sandhai ),0.06,Metric Tonnes,Deshi,1800.0,1800.0,1800.0,Rs./Quintal,Local
Padappai(Uzhavar Sandhai ),0.6,Metric Tonnes,Local,2200.0,3000.0,2600.0,Rs./Quintal,Local
Palacode(Uzhavar Sandhai ),1.05,Metric Tonnes,Local,2500.0,2700.0,2600.0,Rs./Quintal,Local
Palanganatham(Uzhavar Sandhai ),1.5,Metric Tonnes,Deshi,2000.0,2400.0,2200.0,Rs./Quintal,Local
Palani(Uzhavar Sandhai ),3.14,Metric Tonnes,Deshi,1000.0,1600.0,1300.0,Rs./Quintal,Local
Palayamkottai(Uzhavar Sandhai ),0.9,Metric Tonnes,Local,2000.0,2400.0,2200.0,Rs./Quintal,Local
Palladam(Uzhavar Sandhai ),2.74,Metric Tonnes,Local,1600.0,2000.0,1800.0,Rs./Quintal,Local
Pallapatti (Uzhavar Sandhai ),1.15,Metric Tonnes,Other,2500.0,3000.0,2750.0,Rs./Quintal,Local
Pallavaram(Uzhavar Sandhai ),1.05,Metric Tonnes,Deshi,2000.0,2500.0,2250.0,Rs./Quintal,Local
Pallikonda(Uzhavar Sandhai),0.11,Metric Tonnes,Deshi,2400.0,2600.0,2500.0,Rs./Quintal,Local
Panruti(Uzhavar Sandhai ),0.07,Metric Tonnes,Deshi,2500.0,2500.0,2500.0,Rs./Quintal,Local
Papanasam(Uzhavar Sandhai ),0.18,Metric Tonnes,Deshi,2600.0,3200.0,2900.0,Rs./Quintal,Local
Paramakudi(Uzhavar Sandhai ),1.65,Metric Tonnes,Deshi,2500.0,3000.0,2750.0,Rs./Quintal,Local
Paramathivelur(Uzhavar Sandhai ),0.21,Metric Tonnes,Other,2800.0,3200.0,3000.0,Rs./Quintal,Local
Paruthipattu(Uzhavar Sandhai ),0.22,Metric Tonnes,Deshi,2500.0,2500.0,2500.0,Rs./Quintal,Local
Pattukottai(Uzhavar Sandhai ),0.96,Metric Tonnes,Deshi,3000.0,3000.0,3000.0,Rs./Quintal,Local
Pennagaram(Uzhavar Sandhai ),2.4,Metric Tonnes,Local,2000.0,2200.0,2100.0,Rs./Quintal,Local
Perambakkam(Uzhavar Sandhai ),0.02,Metric Tonnes,Deshi,2500.0,2500.0,2500.0,Rs./Quintal,Local
Perambalur(Uzhavar Sandhai ),0.96,Metric Tonnes,Deshi,3000.0,3400.0,3200.0,Rs./Quintal,Local
Perampet(Uzhavar Sandhai),0.13,Metric Tonnes,Deshi,2600.0,2600.0,2600.0,Rs./Quintal,Local
Peravurani(Uzhavar Sandhai),0.09,Metric Tonnes,Deshi,3000.0,3000.0,3000.0,Rs./Quintal,Local
Periyakulam(Uzhavar Sandhai ),0.56,Metric Tonnes,Other,2300.0,2500.0,2400.0,Rs./Quintal,Local
Periyar Nagar(Uzhavar Sandhai ),0.42,Metric Tonnes,Other,1800.0,2000.0,1900.0,Rs./Quintal,Local
Perundurai(Uzhavar Sandhai ),0.51,Metric Tonnes,Other,2000.0,2400.0,2200.0,Rs./Quintal,Local
Pollachi(Uzhavar Sandhai ),1.55,Metric Tonnes,Deshi,2500.0,3000.0,2750.0,Rs./Quintal,Local
Polur(Uzhavar Sandhai ),0.42,Metric Tonnes,Local,2500.0,3000.0,2750.0,Rs./Quintal,Local
Ponnamaravathi(Uzhavar Sandhai),0.21,Metric Tonnes,Other,2500.0,3000.0,2750.0,Rs./Quintal,Local
Pudukottai(Uzhavar Sandhai ),1.43,Metric Tonnes,Deshi,2500.0,3000.0,2750.0,Rs./Quintal,Local
RSPuram(Uzhavar Sandhai ),3.12,Metric Tonnes,Local,2200.0,2400.0,2300.0,Rs./Quintal,Local
Rajapalayam(Uzhavar Sandhai ),0.9,Metric Tonnes,Deshi,2000.0,2500.0,2250.0,Rs./Quintal,Local
Ramanathapuram(Uzhavar Sandhai ),0.24,Metric Tonnes,Deshi,2500.0,3000.0,2750.0,Rs./Quintal,Local
Ranipettai(Uzhavar Sandhai ),0.8,Metric Tonnes,Other,2000.0,2500.0,2250.0,Rs./Quintal,Local
Rasipuram(Uzhavar Sandhai ),1.86,Metric Tonnes,Other,3000.0,3400.0,3200.0,Rs./Quintal,Local
Sampath Nagar(Uzhavar Sandhai ),1.97,Metric Tonnes,Other,1800.0,2000.0,1900.0,Rs./Quintal,Local
Sankarankoil(Uzhavar Sandhai ),0.75,Metric Tonnes,Deshi,2000.0,2000.0,2000.0,Rs./Quintal,Local
Sankarapuram(Uzhavar Sandhai ),0.18,Metric Tonnes,Deshi,2500.0,2500.0,2500.0,Rs./Quintal,Local
Sathiyamagalam(Uzhavar Sandhai ),0.88,Metric Tonnes,Local,2000.0,2600.0,2300.0,Rs./Quintal,Local
Sathur(Uzhavar Sandhai ),0.07,Metric Tonnes,Deshi,2000.0,2500.0,2250.0,Rs./Quintal,Local
Singampunari(Uzhavar Sandhai ),0.33,Metric Tonnes,Other,2200.0,2600.0,2400.0,Rs./Quintal,Local
Singanallur(Uzhavar Sandhai ),9.8,Metric Tonnes,Local,2500.0,3000.0,2750.0,Rs./Quintal,Local
Sirkali(Uzhavar Sandhai ),0.32,Metric Tonnes,Deshi,2500.0,3000.0,2750.0,Rs./Quintal,Local
Sivagangai (Uzhavar Sandhai ),1.21,Metric Tonnes,Deshi,2200.0,2600.0,2400.0,Rs./Quintal,Local
Sivakasi(Uzhavar Sandhai ),0.07,Metric Tonnes,Deshi,2500.0,3000.0,2750.0,Rs./Quintal,Local
Sooramangalam(Uzhavar Sandhai ),6.65,Metric Tonnes,Local,2000.0,2200.0,2100.0,Rs./Quintal,Local
Srivilliputhur(Uzhavar Sandhai ),0.2,Metric Tonnes,Deshi,2500.0,3000.0,2750.0,Rs./Quintal,Local
Sulur(Uzhavar Sandhai ),0.32,Metric Tonnes,Local,2500.0,3000.0,2750.0,Rs./Quintal,Local
Sundarapuram(Uzhavar Sandhai ),1.9,Metric Tonnes,Local,2500.0,3000.0,2750.0,Rs./Quintal,Local
Sunguvarchatram(Uzhavar Sandhai ),0.45,Metric Tonnes,Other,2500.0,2500.0,2500.0,Rs./Quintal,Local
Tamarainagar(Uzhavar Sandhai ),0.64,Metric Tonnes,Deshi,2500.0,2900.0,2700.0,Rs./Quintal,Local
Tenkasi(Uzhavar Sandhai ),0.45,Metric Tonnes,Local,1500.0,2000.0,1750.0,Rs./Quintal,Local
Thalavadi(Uzhavar Sandhai ),0.5,Metric Tonnes,Other,2000.0,2400.0,2200.0,Rs./Quintal,Local
Thalavaipuram(Uzhavar Sandhai ),0.13,Metric Tonnes,Deshi,2000.0,2500.0,2250.0,Rs./Quintal,Local
Thammampatti (Uzhavar Sandhai ),1.3,Metric Tonnes,Deshi,1500.0,2500.0,2000.0,Rs./Quintal,Local
Thanjavur(Uzhavar Sandhai ),1.21,Metric Tonnes,Deshi,2800.0,2800.0,2800.0,Rs./Quintal,Local
Thathakapatti(Uzhavar Sandhai ),4.1,Metric Tonnes,Deshi,1800.0,2200.0,2000.0,Rs./Quintal,Local
Theni(Uzhavar Sandhai ),4.69,Metric Tonnes,Other,2000.0,2500.0,2250.0,Rs./Quintal,Local
Thirukalukundram(Uzhavar Sandhai ),0.14,Metric Tonnes,Deshi,3000.0,3500.0,3250.0,Rs./Quintal,Local
Thirumangalam(Uzhavar Sandhai ),1.1,Metric Tonnes,Deshi,2000.0,2400.0,2200.0,Rs./Quintal,Local
Thirupathur APMC,5.85,Metric Tonnes,Deshi,2800.0,2800.0,2800.0,Rs./Quintal,Local
Thiruverumbur(Uzhavar Sandhai ),0.9,Metric Tonnes,Deshi,2600.0,2600.0,2600.0,Rs./Quintal,Local
Thuraiyur APMC,0.88,Metric Tonnes,Other,2200.0,2800.0,2500.0,Rs./Quintal,Local
Tindivanam APMC,0.7,Metric Tonnes,Deshi,2300.0,2300.0,2300.0,Rs./Quintal,Local
Tiruchengode APMC,0.03,Metric Tonnes,Deshi,2500.0,3000.0,2750.0,Rs./Quintal,Local
Tirukattupalli(Uzhavar Sandhai ),0.26,Metric Tonnes,Deshi,2800.0,2800.0,2800.0,Rs./Quintal,Local
Tirupatthur(Uzhavar Sandhai ),0.43,Metric Tonnes,Deshi,2400.0,2800.0,2600.0,Rs./Quintal,Local
Tiruppur (North) (Uzhavar Sandhai ),1.15,Metric Tonnes,Deshi,2500.0,2800.0,2650.0,Rs./Quintal,Local
Tiruppur (South) (Uzhavar Sandhai ),18.2,Metric Tonnes,Local,1000.0,1400.0,1200.0,Rs./Quintal,Local
Tiruthani(Uzhavar Sandhai ),0.3,Metric Tonnes,Deshi,2500.0,2500.0,2500.0,Rs./Quintal,Local
Tiruvallur(Uzhavar Sandhai ),0.21,Metric Tonnes,Deshi,2500.0,3000.0,2750.0,Rs./Quintal,Local
Tiruvannamalai(Uzhavar Sandhai ),1.2,Metric Tonnes,Deshi,1800.0,2200.0,2000.0,Rs./Quintal,Local
Tiruvarur(Uzhavar Sandhai ),0.15,Metric Tonnes,Deshi,2600.0,2600.0,2600.0,Rs./Quintal,Local
Tuticorin(Uzhavar Sandhai ),1.2,Metric Tonnes,Local,3000.0,3500.0,3250.0,Rs./Quintal,Local
Udhagamandalam(Uzhavar Sandhai ),2.3,Metric Tonnes,Deshi,2500.0,3000.0,2750.0,Rs./Quintal,Local
Udumalpet APMC,0.88,Metric Tonnes,Deshi,1500.0,2200.0,1850.0,Rs./Quintal,Local
Ulundurpettai APMC,0.42,Metric Tonnes,Deshi,2000.0,2000.0,2000.0,Rs./Quintal,Local
Usilampatti(Uzhavar Sandhai ),0.84,Metric Tonnes,Deshi,2000.0,2400.0,2200.0,Rs./Quintal,Local
Vadalur(Uzhavar Sandhai ),0.17,Metric Tonnes,Local,2500.0,2500.0,2500.0,Rs./Quintal,Local
Vadaseri APMC,0.3,Metric Tonnes,Local,3000.0,3500.0,3250.0,Rs./Quintal,Local
Vadavalli(Uzhavar Sandhai ),1.52,Metric Tonnes,Local,2000.0,2500.0,2250.0,Rs./Quintal,Local
Valangaiman APMC,0.05,Metric Tonnes,Deshi,2600.0,2600.0,2600.0,Rs./Quintal,Local
Vandavasi(Uzhavar Sandhai ),0.02,Metric Tonnes,Local,2500.0,3000.0,2750.0,Rs./Quintal,Local
Vaniyampadi(Uzhavar Sandhai ),9.08,Metric Tonnes,Deshi,3000.0,3000.0,3000.0,Rs./Quintal,Local
Vazhapadi(Uzhavar Sandhai),0.62,Metric Tonnes,Deshi,2500.0,3000.0,2750.0,Rs./Quintal,Local
Vedaranyam(Uzhavar Sandhai),0.09,Metric Tonnes,Deshi,2500.0,3300.0,2900.0,Rs./Quintal,Local
Vedasanthur(Uzhavar Sandhai ),0.01,Metric Tonnes,Deshi,1200.0,1600.0,1400.0,Rs./Quintal,Local
Velayuthampalayam(Uzhavar Sandhai ),0.25,Metric Tonnes,Other,2400.0,3000.0,2700.0,Rs./Quintal,Local
Vellore APMC,3.4,Metric Tonnes,Deshi,2800.0,2800.0,2800.0,Rs./Quintal,Local
Vengamedu(Uzhavar Sandhai ),0.09,Metric Tonnes,Deshi,2500.0,3000.0,2750.0,Rs./Quintal,Local
Villupuram(Uzhavar Sandhai ),0.46,Metric Tonnes,Deshi,2500.0,3000.0,2750.0,Rs./Quintal,Local
Viralimalai(Uzhavar Sandhai ),0.32,Metric Tonnes,Deshi,2500.0,3000.0,2750.0,Rs./Quintal,Local
Virudhunagar(Uzhavar Sandhai ),0.11,Metric Tonnes,Deshi,2500.0,3000.0,2750.0,Rs./Quintal,Local
Viruthachalam(Uzhavar Sandhai ),0.16,Metric Tonnes,Deshi,3000.0,3000.0,3000.0,Rs./Quintal,Local
Total,240.77,Metric Tonnes,,,,2306.17,Rs./Quintal,
State/UT Name : Telangana
Adilabad (Rythu Bazar) ,3.1,Metric Tonnes,Local,2500.0,2500.0,2500.0,Rs./Quintal,Local
"Alwal,RBZ",4.0,Metric Tonnes,Other,1300.0,1300.0,1300.0,Rs./Quintal,FAQ
Bowenpally APMC,315.90000000000003,Metric Tonnes,Other,400.0,1000.0,800.0,Rs./Quintal,FAQ
Bowenpally APMC,61.2,Metric Tonnes,Deshi,400.0,1000.0,800.0,Rs./Quintal,FAQ
Chevella APMC,6.5,Metric Tonnes,Local,1000.0,1000.0,1000.0,Rs./Quintal,Local
"Excise Colony,RBZ ",1.025,Metric Tonnes,Other,2500.0,2500.0,2500.0,Rs./Quintal,Grade A
Gudimalkapur APMC,206.20000000000002,Metric Tonnes,Tomato,400.0,1600.0,800.0,Rs./Quintal,Grade B
Ibrahimpatnam APMC,4.0,Metric Tonnes,Local,800.0,800.0,800.0,Rs./Quintal,Local
Kalwakurthy APMC,5.2,Metric Tonnes,Tomato,550.0,550.0,550.0,Rs./Quintal,Local
"Kukatpally,RBZ",13.9,Metric Tonnes,Deshi,1300.0,1300.0,1300.0,Rs./Quintal,Local
Mahabubnagar(Rythu Bazar),2.9,Metric Tonnes,Deshi,2000.0,2000.0,2000.0,Rs./Quintal,Local
Mahboob Manison APMC,32.2,Metric Tonnes,Tomato,600.0,800.0,700.0,Rs./Quintal,Medium
Miryalguda(Rythu Bazar) ,1.5,Metric Tonnes,Deshi,2500.0,2500.0,2500.0,Rs./Quintal,Grade A
"Pavilion Ground,Khammam,RBZ",0.63,Metric Tonnes,Deshi,3000.0,3000.0,3000.0,Rs./Quintal,FAQ
RYTHU BAZAR MEHDIPATNAM,9.3,Metric Tonnes,Deshi,1300.0,1300.0,1300.0,Rs./Quintal,Grade A
Sangareddy APMC,2.9,Metric Tonnes,Other,1100.0,1100.0,1100.0,Rs./Quintal,Grade B
"Saroornagar,RBZ",7.6000000000000005,Metric Tonnes,Other,1300.0,1300.0,1300.0,Rs./Quintal,Medium
"Sattupalli (Ramalayam),RBZ",0.432,Metric Tonnes,Deshi,2000.0,3000.0,2600.0,Rs./Quintal,FAQ
Shadnagar APMC,5.0,Metric Tonnes,Local,1000.0,1200.0,1100.0,Rs./Quintal,Local
"Vanasthalipuram,RBZ ",8.3,Metric Tonnes,Other,1300.0,1300.0,1300.0,Rs./Quintal,Grade A
Venkateswarnagar APMC,3.2,Metric Tonnes,Local,500.0,1000.0,700.0,Rs./Quintal,Local
Warangal APMC,16.0,Metric Tonnes,Tomato,1500.0,2000.0,1750.0,Rs./Quintal,FAQ
Total,710.99,Metric Tonnes,,,,871.43,Rs./Quintal,
State/UT Name : Tripura
Barpathari APMC,0.5,Metric Tonnes,Other,3900.0,4100.0,4000.0,Rs./Quintal,Medium
Bishalgarh APMC,0.5,Metric Tonnes,Hybrid,3800.0,4500.0,4000.0,Rs./Quintal,Medium
Bishramganj,0.2,Metric Tonnes,Hybrid,4000.0,4800.0,4500.0,Rs./Quintal,Medium
Gondatwisa APMC,0.1,Metric Tonnes,Hybrid,5500.0,6000.0,5800.0,Rs./Quintal,FAQ
Halahali,0.3,Metric Tonnes,Deshi,4800.0,5000.0,4900.0,Rs./Quintal,FAQ
Kanchanpur,0.2,Metric Tonnes,Hybrid,4800.0,5000.0,4900.0,Rs./Quintal,FAQ
Machmara,0.4,Metric Tonnes,Local,1900.0,2100.0,2000.0,Rs./Quintal,FAQ
Manubazar,0.5,Metric Tonnes,Hybrid,4800.0,5000.0,4900.0,Rs./Quintal,Grade A
Pabiacherra APMC,0.5,Metric Tonnes,Other,3700.0,3900.0,3800.0,Rs./Quintal,FAQ
Sonamura APMC,0.09000000000000001,Metric Tonnes,Hybrid,4500.0,4800.0,4600.0,Rs./Quintal,Medium
Total,3.29,Metric Tonnes,,,,4101.52,Rs./Quintal,
State/UT Name : Uttar Pradesh
Agra APMC,8.2,Metric Tonnes,Other,1400.0,1500.0,1460.98,Rs./Quintal,FAQ
Aligarh APMC,106.4,Metric Tonnes,Other,2000.0,2200.0,2050.75,Rs./Quintal,FAQ
Amroha APMC,305.224,Metric Tonnes,Other,1500.0,1500.0,1500.0,Rs./Quintal,FAQ
Atarra APMC,72.3,Metric Tonnes,Other,800.0,800.0,800.0,Rs./Quintal,FAQ
Balrampur APMC,34.5,Metric Tonnes,Other,1000.0,1000.0,1000.0,Rs./Quintal,FAQ
Banthara APMC,7.06,Metric Tonnes,Other,3587.0,3587.0,3587.0,Rs./Quintal,FAQ
Barabanki APMC,54.6,Metric Tonnes,Other,1400.0,1400.0,1400.0,Rs./Quintal,FAQ
Baraut APMC,14.0,Metric Tonnes,Other,1800.0,1800.0,1800.0,Rs./Quintal,FAQ
Buland Shahr APMC,2.1,Metric Tonnes,Other,2000.0,2000.0,2000.0,Rs./Quintal,FAQ
CHHUTMALPUR APMC,1.3,Metric Tonnes,Other,2200.0,2300.0,2261.54,Rs./Quintal,FAQ
Chandausi APMC,3.0,Metric Tonnes,Other,2020.0,2050.0,2040.0,Rs./Quintal,FAQ
Dudhi APMC,3.4000000000000004,Metric Tonnes,Other,2500.0,2700.0,2600.0,Rs./Quintal,Medium
Dudhi APMC,0.2,Metric Tonnes,Other,3000.0,3000.0,3000.0,Rs./Quintal,FAQ
Etah APMC,2.0,Metric Tonnes,Other,2000.0,2000.0,2000.0,Rs./Quintal,FAQ
Etawah APMC,29.0,Metric Tonnes,Other,1800.0,1800.0,1800.0,Rs./Quintal,FAQ
Fatehpur APMC,8.4,Metric Tonnes,Other,2200.0,2500.0,2264.29,Rs./Quintal,FAQ
Firozabad APMC,13.0,Metric Tonnes,Other,1000.0,1000.0,1000.0,Rs./Quintal,FAQ
Haathras APMC,2.5,Metric Tonnes,Other,2500.0,2500.0,2500.0,Rs./Quintal,FAQ
Hardoi APMC,69.5,Metric Tonnes,Other,1500.0,1500.0,1500.0,Rs./Quintal,FAQ
Jalalabad APMC,1.0,Metric Tonnes,Other,2000.0,2000.0,2000.0,Rs./Quintal,FAQ
Jangipura APMC,27.5,Metric Tonnes,Other,1600.0,1600.0,1600.0,Rs./Quintal,FAQ
Jaunpur APMC,13.0,Metric Tonnes,Other,3800.0,3800.0,3800.0,Rs./Quintal,FAQ
Jhansi APMC,9.0,Metric Tonnes,Other,2000.0,2000.0,2000.0,Rs./Quintal,FAQ
Kanpur(Grain) APMC,206.7,Metric Tonnes,Other,2100.0,2100.0,2100.0,Rs./Quintal,FAQ
Khairagarh APMC,0.4,Metric Tonnes,Tomato,2000.0,2100.0,2050.0,Rs./Quintal,FAQ
Khekda APMC,0.5,Metric Tonnes,Other,1800.0,2400.0,2080.0,Rs./Quintal,FAQ
Kiratpur APMC,1.1,Metric Tonnes,Other,2000.0,2000.0,2000.0,Rs./Quintal,FAQ
Konch APMC,9.0,Metric Tonnes,Other,1800.0,1800.0,1800.0,Rs./Quintal,FAQ
Kosikalan APMC,0.5,Metric Tonnes,Other,2500.0,2500.0,2500.0,Rs./Quintal,FAQ
Lakhimpur APMC,12.0,Metric Tonnes,Other,1240.0,1240.0,1240.0,Rs./Quintal,FAQ
Lucknow APMC,80.0,Metric Tonnes,Other,2000.0,2000.0,2000.0,Rs./Quintal,FAQ
Mathura APMC,19.3,Metric Tonnes,Other,1800.0,2800.0,2074.61,Rs./Quintal,FAQ
Orai APMC,54.0,Metric Tonnes,Other,1500.0,1500.0,1500.0,Rs./Quintal,FAQ
Paliakala APMC,0.4,Metric Tonnes,Other,3000.0,3000.0,3000.0,Rs./Quintal,FAQ
Prayagraj APMC,17.0,Metric Tonnes,Other,2000.0,2000.0,2000.0,Rs./Quintal,FAQ
Safdarganj APMC,0.4,Metric Tonnes,Other,1000.0,1000.0,1000.0,Rs./Quintal,FAQ
Saharanpur APMC,1.8,Metric Tonnes,Other,1800.0,1900.0,1855.56,Rs./Quintal,FAQ
Samsabad APMC,1.0,Metric Tonnes,Hybrid,1400.0,1600.0,1500.0,Rs./Quintal,Local
Samsabad APMC,0.4,Metric Tonnes,Other,1500.0,1500.0,1500.0,Rs./Quintal,FAQ
Shamli APMC,3.5,Metric Tonnes,Other,3000.0,3200.0,3057.14,Rs./Quintal,FAQ
Sitapur APMC,22.0,Metric Tonnes,Other,1500.0,1500.0,1500.0,Rs./Quintal,FAQ
Uttaripura APMC,81.5,Metric Tonnes,Other,800.0,800.0,800.0,Rs./Quintal,FAQ
Varanasi APMC,47.0,Metric Tonnes,Other,1500.0,1500.0,1500.0,Rs./Quintal,FAQ
Total,1345.68,Metric Tonnes,,,,1645.32,Rs./Quintal,
State/UT Name : Uttarakhand
Haldwani APMC,7.4,Metric Tonnes,Other,1200.0,1600.0,1400.0,Rs./Quintal,FAQ
Haridwar Union APMC,4.5,Metric Tonnes,Hybrid,1500.0,2000.0,1600.0,Rs./Quintal,FAQ
Jaspur(UC) APMC,1.0,Metric Tonnes,Tomato,2800.0,2800.0,2800.0,Rs./Quintal,FAQ
Kashipur APMC,3.1,Metric Tonnes,Other,2000.0,2200.0,2100.0,Rs./Quintal,Local
Kicchha APMC,1.5,Metric Tonnes,Hybrid,1700.0,1800.0,1750.0,Rs./Quintal,Non-FAQ
Kotadwara APMC,0.9,Metric Tonnes,Tomato,1300.0,1300.0,1300.0,Rs./Quintal,FAQ
Rishikesh APMC,5.5,Metric Tonnes,Other,1500.0,2000.0,1850.0,Rs./Quintal,Medium
Roorkee APMC,0.8,Metric Tonnes,Other,1200.0,2200.0,1600.0,Rs./Quintal,Medium
Sitarganj APMC,1.0,Metric Tonnes,Deshi,2000.0,3000.0,2500.0,Rs./Quintal,Grade B
Total,25.7,Metric Tonnes,,,,1736.19,Rs./Quintal,
State/UT Name : West Bengal
Alipurduar APMC,8.0,Metric Tonnes,Tomato,3000.0,3700.0,3500.0,Rs./Quintal,FAQ
Asansol APMC,4.6,Metric Tonnes,Hybrid,2250.0,2650.0,2500.0,Rs./Quintal,FAQ
Balarampur APMC,2.8,Metric Tonnes,Other,2800.0,3500.0,3000.0,Rs./Quintal,FAQ
Barasat APMC,8.0,Metric Tonnes,Other,3700.0,3800.0,3700.0,Rs./Quintal,FAQ
Baruipur(Canning) APMC,0.54,Metric Tonnes,Tomato,2800.0,3000.0,2900.0,Rs./Quintal,FAQ
Chakdah APMC,3.3,Metric Tonnes,Other,3500.0,3650.0,3600.0,Rs./Quintal,FAQ
Champadanga APMC,2.6,Metric Tonnes,Hybrid,3200.0,3400.0,3200.0,Rs./Quintal,FAQ
Coochbehar APMC,1.2000000000000002,Metric Tonnes,Tomato,2500.0,3000.0,2800.0,Rs./Quintal,FAQ
Darjeeling APMC,0.3,Metric Tonnes,Other,3700.0,3900.0,3800.0,Rs./Quintal,FAQ
Durgapur APMC,5.5,Metric Tonnes,Hybrid,2250.0,2600.0,2450.0,Rs./Quintal,FAQ
Falakata APMC,9.0,Metric Tonnes,Other,2500.0,3500.0,3000.0,Rs./Quintal,FAQ
Gangarampur(Dakshin Dinajpur) APMC,0.4,Metric Tonnes,Other,2800.0,3100.0,3000.0,Rs./Quintal,FAQ
Garbeta(Medinipur) APMC,0.18000000000000002,Metric Tonnes,Tomato,3000.0,3400.0,3200.0,Rs./Quintal,FAQ
Ghatal APMC,1.8,Metric Tonnes,Hybrid,3400.0,3600.0,3500.0,Rs./Quintal,FAQ
Habra APMC,4.2,Metric Tonnes,Other,3300.0,3300.0,3300.0,Rs./Quintal,FAQ
Kalipur APMC,3.0,Metric Tonnes,Hybrid,3000.0,3400.0,3200.0,Rs./Quintal,FAQ
Kalna APMC,1.45,Metric Tonnes,Tomato,2000.0,2100.0,2000.0,Rs./Quintal,FAQ
Karsiyang(Matigara) APMC,0.3,Metric Tonnes,Other,3600.0,3800.0,3700.0,Rs./Quintal,FAQ
Khatra APMC,0.22000000000000003,Metric Tonnes,Tomato,2800.0,3500.0,3200.0,Rs./Quintal,FAQ
Medinipur(West) APMC,1.8,Metric Tonnes,Tomato,330.0,3500.0,3400.0,Rs./Quintal,FAQ
Pandua APMC,0.45,Metric Tonnes,Hybrid,2550.0,2750.0,2675.0,Rs./Quintal,FAQ
Pundibari APMC,0.7000000000000001,Metric Tonnes,Tomato,2500.0,3000.0,2800.0,Rs./Quintal,FAQ
Ranaghat APMC,3.1,Metric Tonnes,Other,3650.0,3800.0,3700.0,Rs./Quintal,FAQ
Sealdah Koley Market APMC,12.200000000000001,Metric Tonnes,Other,2800.0,3200.0,3000.0,Rs./Quintal,FAQ
Siliguri APMC,26.0,Metric Tonnes,Tomato,3000.0,3200.0,3100.0,Rs./Quintal,FAQ
Total,101.64,Metric Tonnes,,,,3133.07,Rs./Quintal,
Grand Total,17579.98,Metric Tonnes,,,,1819.89,Rs./Quintal,

Note:
Weighted Average Price = ∑(arrival quantity * modal price) / ∑arrival quantity
