"Commodity-wise, Market-wise Daily Report (Weighted Average) on: 08-Sep-2026"

Market Center,Arrivals,Unit of Arrivals,Variety,Minimum Price,Maximum Price,Modal Price,Unit of Price,Grade
Commodity Group Name : Cereals
Maize (MSP: Rs. 2410.00/Quintal)
State/UT Name : Andhra Pradesh
Addanki APMC,0.1,Metric Tonnes,Local,2400.0,2420.0,2410.0,Rs./Quintal,FAQ
Allagadda APMC,1.0,Metric Tonnes,Local,2000.0,2150.0,2050.0,Rs./Quintal,FAQ
Banaganapalli APMC,0.1,Metric Tonnes,Local,2000.0,2400.0,2200.0,Rs./Quintal,FAQ
Bapatla APMC,0.1,Metric Tonnes,Local,2200.0,2400.0,2300.0,Rs./Quintal,Local
Bobbili APMC,1.0,Metric Tonnes,Local,4800.0,4800.0,4800.0,Rs./Quintal,FAQ
Chipurupalli APMC,0.05,Metric Tonnes,Local,4800.0,4800.0,4800.0,Rs./Quintal,FAQ
Durgi APMC,1.0,Metric Tonnes,Hybrid/Local,1800.0,2400.0,2200.0,Rs./Quintal,FAQ
Etcherla APMC,0.1,Metric Tonnes,Deshi White,2400.0,2400.0,2400.0,Rs./Quintal,Local
Gajapathinagaram APMC,0.1,Metric Tonnes,Local,2400.0,2400.0,2400.0,Rs./Quintal,Local
Gopalapuram APMC,1.0,Metric Tonnes,Local,2405.0,2405.0,2405.0,Rs./Quintal,Local
Gorantla  APMC,0.4,Metric Tonnes,Hybrid/Local,2200.0,2500.0,2300.0,Rs./Quintal,FAQ
Hiramandalam APMC,0.1,Metric Tonnes,Medium,2200.0,2200.0,2200.0,Rs./Quintal,Local
Ipur APMC,1.0,Metric Tonnes,Local,2200.0,2400.0,2300.0,Rs./Quintal,FAQ
Jaggayyapeta APMC,0.1,Metric Tonnes,Local,2410.0,2410.0,2410.0,Rs./Quintal,Grade Range-1
Kanchekacherla APMC,0.1,Metric Tonnes,Hybrid,2400.0,2400.0,2400.0,Rs./Quintal,FAQ
Kuchinapudi APMC,1.0,Metric Tonnes,Local,2800.0,3000.0,2900.0,Rs./Quintal,Local
Kurupam APMC,0.02,Metric Tonnes,Local,2400.0,2400.0,2400.0,Rs./Quintal,Local
Mangalagiri APMC,0.1,Metric Tonnes,Fine,2480.0,2480.0,2480.0,Rs./Quintal,FAQ
Merakamudidam APMC,0.1,Metric Tonnes,Local,1800.0,2000.0,1950.0,Rs./Quintal,Local
Mylavaram APMC,0.1,Metric Tonnes,Hybrid,2450.0,2450.0,2450.0,Rs./Quintal,Local
Nandigama APMC,0.1,Metric Tonnes,Hybrid,2350.0,2350.0,2350.0,Rs./Quintal,Grade Range-1
Nandikotkur APMC,0.1,Metric Tonnes,Hybrid,2200.0,2400.0,2300.0,Rs./Quintal,FAQ
Nandyal APMC,0.1,Metric Tonnes,Other,2420.0,2420.0,2420.0,Rs./Quintal,Local
Nidadavolu APMC,1.0,Metric Tonnes,Local,2445.0,2445.0,2445.0,Rs./Quintal,Local
Nuzvid APMC,35.0,Metric Tonnes,Local,2500.0,2500.0,2500.0,Rs./Quintal,FAQ
Palakonda APMC,0.1,Metric Tonnes,Medium,1800.0,1800.0,1800.0,Rs./Quintal,FAQ
Panyam APMC,0.2,Metric Tonnes,Hybrid/Local,2400.0,2400.0,2400.0,Rs./Quintal,FAQ
Parchur APMC,1.0,Metric Tonnes,Local,2200.0,2400.0,2300.0,Rs./Quintal,FAQ
Parvathipuram APMC,0.04,Metric Tonnes,Local,2400.0,2400.0,2400.0,Rs./Quintal,Local
Penamaluru (HQ-Kankipadu) APMC,0.1,Metric Tonnes,Hybrid/Local,2600.0,2600.0,2600.0,Rs./Quintal,Local
Penukonda APMC,0.1,Metric Tonnes,Hybrid/Local,2500.0,2650.0,2600.0,Rs./Quintal,FAQ
Polavaram APMC,1.0,Metric Tonnes,Local,2415.0,2415.0,2415.0,Rs./Quintal,Local
Ponduru APMC,0.1,Metric Tonnes,Local,2400.0,2400.0,2400.0,Rs./Quintal,FAQ
Pusapatirega APMC,1.0,Metric Tonnes,Local,4800.0,4800.0,4800.0,Rs./Quintal,FAQ
Puttaparthi  APMC,1.0,Metric Tonnes,Local,2400.0,2500.0,2450.0,Rs./Quintal,FAQ
RAYADURG APMC,0.1,Metric Tonnes,Local,2200.0,2600.0,2400.0,Rs./Quintal,Grade Range-1
Rajam APMC,1.0,Metric Tonnes,Local,4800.0,4800.0,4800.0,Rs./Quintal,FAQ
Rajanagaram APMC,2.0,Metric Tonnes,Fine,2405.0,2410.0,2407.5,Rs./Quintal,Local
Rompicherla APMC,0.1,Metric Tonnes,Hybrid/Local,2300.0,2500.0,2500.0,Rs./Quintal,FAQ
Saluru APMC,0.1,Metric Tonnes,Hybrid/Local,2600.0,2600.0,2600.0,Rs./Quintal,FAQ
Santhamaguluru APMC,0.1,Metric Tonnes,Hybrid,2400.0,2480.0,2450.0,Rs./Quintal,FAQ
Simhadhripuram APMC,0.1,Metric Tonnes,Hybrid/Local,2200.0,2600.0,2400.0,Rs./Quintal,FAQ
Tiruvuru APMC,110.0,Metric Tonnes,Hybrid,2400.0,2400.0,2400.0,Rs./Quintal,Local
Vijayanagaram APMC,1.0,Metric Tonnes,Local,2400.0,2400.0,2400.0,Rs./Quintal,Local
Total,163.01,Metric Tonnes,,,,2464.92,Rs./Quintal,
State/UT Name : Chattisgarh
Bhanupratappur APMC,6.5,Metric Tonnes,Hybrid,2200.0,2200.0,2200.0,Rs./Quintal,Non-FAQ
Devbhog APMC,100.0,Metric Tonnes,Local,1800.0,1800.0,1800.0,Rs./Quintal,Non-FAQ
Korar APMC,3.8,Metric Tonnes,Hybrid,2200.0,2200.0,2200.0,Rs./Quintal,Non-FAQ
Pakhanjur APMC,61.0,Metric Tonnes,Local,2000.0,2000.0,2000.0,Rs./Quintal,Non-FAQ
Sambalpur APMC,4.5,Metric Tonnes,Hybrid,2200.0,2200.0,2200.0,Rs./Quintal,Non-FAQ
Total,175.8,Metric Tonnes,,,,1903.07,Rs./Quintal,
State/UT Name : Gujarat
Bhiloda APMC,4.5,Metric Tonnes,Other,2400.0,2600.0,2500.0,Rs./Quintal,FAQ
Dahod APMC,79.30000000000001,Metric Tonnes,White (SAFED),2325.0,2600.0,2475.0,Rs./Quintal,Local
Garudeshwal APMC,5.0,Metric Tonnes,Deshi Red,2300.0,2300.0,2300.0,Rs./Quintal,Local
Gondal APMC,0.30000000000000004,Metric Tonnes,Yellow,1105.0,2555.0,2455.0,Rs./Quintal,FAQ
Himatnagar APMC,1.5,Metric Tonnes,Yellow,2450.0,2635.0,2550.0,Rs./Quintal,Local
Morva Hafad APMC,5.5,Metric Tonnes,Deshi White,2000.0,2400.0,2200.0,Rs./Quintal,Local
Total,96.1,Metric Tonnes,,,,2452.43,Rs./Quintal,
State/UT Name : Haryana
Naraingarh APMC,2.0,Metric Tonnes,Hybrid/Local,1921.0,1921.0,1921.0,Rs./Quintal,Local
Total,2.0,Metric Tonnes,,,,1921.0,Rs./Quintal,
State/UT Name : Karnataka
APMC Hubballi,0.1,Metric Tonnes,Local,2431.0,2431.0,2431.0,Rs./Quintal,Local
Annigeri APMC,16.0,Metric Tonnes,Local,2580.0,2580.0,2580.0,Rs./Quintal,FAQ
Bagalkot APMC,5.1000000000000005,Metric Tonnes,Hybrid/Local,2401.0,2401.0,2401.0,Rs./Quintal,Local
Ballari APMC,0.5,Metric Tonnes,Local,2711.0,2711.0,2711.0,Rs./Quintal,Non-FAQ
Bengaluru APMC,40.2,Metric Tonnes,Hybrid/Local,3000.0,3200.0,3100.0,Rs./Quintal,FAQ
Bengaluru APMC,15.0,Metric Tonnes,Popcorn,6500.0,7500.0,7000.0,Rs./Quintal,FAQ
Challakere APMC,197.10000000000002,Metric Tonnes,Yellow,2365.0,2782.0,2745.0,Rs./Quintal,Local
Davangere APMC,31.0,Metric Tonnes,Local,2700.0,2700.0,2700.0,Rs./Quintal,Local
Gadag APMC,19.5,Metric Tonnes,Local,2600.0,2700.0,2626.0,Rs./Quintal,FAQ
Gangavathi APMC,270.40000000000003,Metric Tonnes,Local,2580.0,2775.0,2600.0,Rs./Quintal,Non-FAQ
Gokak APMC,13.9,Metric Tonnes,Local,2800.0,2800.0,2800.0,Rs./Quintal,Local
Hanagal APMC,20.0,Metric Tonnes,Local,2650.0,2650.0,2650.0,Rs./Quintal,FAQ
Hanuru APMC,25.1,Metric Tonnes,Local,2800.0,2800.0,2800.0,Rs./Quintal,Non-FAQ
HarappanaHalli APMC,30.0,Metric Tonnes,Popcorn,5000.0,5000.0,5000.0,Rs./Quintal,Local
HarappanaHalli APMC,64.2,Metric Tonnes,Hybrid/Local,2700.0,2700.0,2700.0,Rs./Quintal,FAQ
Hassan APMC,200.0,Metric Tonnes,Local,1900.0,1900.0,1900.0,Rs./Quintal,Local
Haveri APMC,25.0,Metric Tonnes,Local,2400.0,2400.0,2400.0,Rs./Quintal,FAQ
Holenarsipura APMC,9.700000000000001,Metric Tonnes,Local,2300.0,2500.0,2300.0,Rs./Quintal,FAQ
Honnali APMC,50.900000000000006,Metric Tonnes,Local,2500.0,2500.0,2500.0,Rs./Quintal,FAQ
K.R.Nagar APMC,21.0,Metric Tonnes,Local,2200.0,2200.0,2200.0,Rs./Quintal,FAQ
Koppal APMC,105.0,Metric Tonnes,Yellow,2540.0,2680.0,2600.0,Rs./Quintal,Non-FAQ
Kottur APMC,104.60000000000001,Metric Tonnes,Hybrid/Local,1800.0,2600.0,2200.0,Rs./Quintal,Local
Laxmeshwar APMC,0.2,Metric Tonnes,Local,2215.0,2501.0,2350.0,Rs./Quintal,Non-FAQ
Mysuru APMC,1.7000000000000002,Metric Tonnes,Local,2070.0,2480.0,2176.0,Rs./Quintal,Local
Nargunda APMC,97.60000000000001,Metric Tonnes,Local,2550.0,2600.0,2575.0,Rs./Quintal,FAQ
Periyapatna APMC,300.0,Metric Tonnes,Hybrid/Local,2000.0,2000.0,2000.0,Rs./Quintal,FAQ
Rona APMC,36.0,Metric Tonnes,Hybrid/Local,2400.0,2631.0,2569.0,Rs./Quintal,Non-FAQ
Shikaripura APMC,237.10000000000002,Metric Tonnes,Local,2500.0,2837.0,2609.0,Rs./Quintal,FAQ
Shimoga APMC,29.0,Metric Tonnes,Local,2800.0,2800.0,2800.0,Rs./Quintal,Local
Soundati APMC,50.0,Metric Tonnes,Local,2790.0,2790.0,2790.0,Rs./Quintal,Non-FAQ
Vijayapura APMC,73.0,Metric Tonnes,Hybrid/Local,2305.0,2688.0,2607.0,Rs./Quintal,Local
Total,2088.9,Metric Tonnes,,,,2520.81,Rs./Quintal,
State/UT Name : Madhya Pradesh
Amarwda APMC,6.0,Metric Tonnes,Local,2300.0,2300.0,2300.0,Rs./Quintal,FAQ
Anjad APMC,59.260000000000005,Metric Tonnes,Local,1600.0,2100.0,2100.0,Rs./Quintal,FAQ
Ashoknagar APMC,2.5920000000000005,Metric Tonnes,Local,1825.0,2305.0,2305.0,Rs./Quintal,FAQ
Badwaha APMC,12.438,Metric Tonnes,Local,1229.0,1541.0,1541.0,Rs./Quintal,Non-FAQ
Badwaha APMC,70.441,Metric Tonnes,Local,1610.0,2535.0,1740.0,Rs./Quintal,FAQ
Betul APMC,30.97,Metric Tonnes,Deshi Red,2350.0,2510.0,2475.0,Rs./Quintal,FAQ
Bhensdehi APMC,10.600000000000001,Metric Tonnes,Local,2120.0,2150.0,2150.0,Rs./Quintal,FAQ
Chaurai APMC,4.3,Metric Tonnes,Yellow,2400.0,2556.0,2556.0,Rs./Quintal,FAQ
Chhindwara APMC,252.16,Metric Tonnes,Local,2539.0,2655.0,2600.0,Rs./Quintal,FAQ
Dewas APMC,2.981,Metric Tonnes,Local,2459.0,2601.0,2601.0,Rs./Quintal,FAQ
Dhamnod APMC,1038.199,Metric Tonnes,Local,1694.0,2576.0,1770.0,Rs./Quintal,FAQ
Gandhwani APMC,4.205,Metric Tonnes,Local,1600.0,1850.0,1850.0,Rs./Quintal,FAQ
Ganjbasoda APMC,0.13799999999999998,Metric Tonnes,Local,1860.0,1860.0,1860.0,Rs./Quintal,FAQ
Guna APMC,10.096,Metric Tonnes,Local,2000.0,2350.0,2160.0,Rs./Quintal,FAQ
Harda APMC,60.080999999999996,Metric Tonnes,Yellow,1753.0,2488.0,2470.0,Rs./Quintal,FAQ
Indore APMC,1.035,Metric Tonnes,Local,1500.0,2001.0,2001.0,Rs./Quintal,FAQ
Isagarh APMC,49.13,Metric Tonnes,Local,1205.0,1250.0,1250.0,Rs./Quintal,FAQ
Itarsi APMC,31.0,Metric Tonnes,Local,2500.0,2500.0,2500.0,Rs./Quintal,Non-FAQ
Jabalpur APMC,0.758,Metric Tonnes,Local,2525.0,2535.0,2535.0,Rs./Quintal,FAQ
Jawar APMC,0.072,Metric Tonnes,Local,2534.0,2534.0,2534.0,Rs./Quintal,FAQ
Jeerapur APMC,0.08900000000000001,Metric Tonnes,Local,2300.0,2300.0,2300.0,Rs./Quintal,FAQ
Kannod APMC,4.538,Metric Tonnes,Local,1815.0,2151.0,2151.0,Rs./Quintal,FAQ
Karhi APMC,93.265,Metric Tonnes,Local,1625.0,2410.0,1660.0,Rs./Quintal,FAQ
Kasrawad APMC,22.005000000000003,Metric Tonnes,Local,1420.0,1650.0,1500.0,Rs./Quintal,FAQ
Khandwa APMC,33.897000000000006,Metric Tonnes,Local,1950.0,2351.0,2351.0,Rs./Quintal,FAQ
Khargone APMC,739.354,Metric Tonnes,Local,1600.0,2456.0,1790.0,Rs./Quintal,FAQ
Khategaon APMC,28.591000000000005,Metric Tonnes,Local,1641.0,2340.0,1690.0,Rs./Quintal,FAQ
Khilchipur APMC,0.064,Metric Tonnes,Local,2375.0,2375.0,2375.0,Rs./Quintal,FAQ
Khirkiya APMC,11.987000000000002,Metric Tonnes,Local,1715.0,2365.0,2365.0,Rs./Quintal,Non-FAQ
Kukshi APMC,28.465,Metric Tonnes,Local,1550.0,1985.0,1675.0,Rs./Quintal,FAQ
Kumbhraj APMC,0.9119999999999999,Metric Tonnes,Local,2185.0,2185.0,2185.0,Rs./Quintal,FAQ
Loharda APMC,137.275,Metric Tonnes,Local,1401.0,2021.0,2000.0,Rs./Quintal,FAQ
Manasa APMC,0.514,Metric Tonnes,Local,1900.0,2175.0,2175.0,Rs./Quintal,FAQ
Manawar APMC,62.305,Metric Tonnes,Local,1600.0,1750.0,1600.0,Rs./Quintal,FAQ
Mandsaur APMC,7.719,Metric Tonnes,Local,2050.0,2553.0,2440.0,Rs./Quintal,Non-FAQ
Mhow (Ambedkar Nagar) APMC,1.5300000000000002,Metric Tonnes,Local,1986.0,1986.0,1986.0,Rs./Quintal,FAQ
Neemuch APMC,9.014000000000001,Metric Tonnes,Local,1911.0,2651.0,2651.0,Rs./Quintal,FAQ
Pandhurna APMC,15.05,Metric Tonnes,Local,2100.0,2200.0,2200.0,Rs./Quintal,Non-FAQ
Petlawad APMC,2.603,Metric Tonnes,Local,2055.0,2055.0,2055.0,Rs./Quintal,FAQ
Rahatgarh APMC,24.432000000000002,Metric Tonnes,Local,1750.0,1937.0,1937.0,Rs./Quintal,Non-FAQ
Sailana APMC,0.311,Metric Tonnes,Local,2526.0,2526.0,2526.0,Rs./Quintal,FAQ
Sanawad APMC,5.852,Metric Tonnes,Local,1370.0,2428.0,2428.0,Rs./Quintal,FAQ
Satna APMC,35.45,Metric Tonnes,Local,2590.0,2590.0,2590.0,Rs./Quintal,FAQ
Saunsar APMC,1263.6450000000002,Metric Tonnes,Yellow,2500.0,2500.0,2500.0,Rs./Quintal,FAQ
Segaon APMC,8.385,Metric Tonnes,Local,1650.0,1700.0,1700.0,Rs./Quintal,FAQ
Sehore APMC,1.58,Metric Tonnes,Local,1545.0,2000.0,2000.0,Rs./Quintal,FAQ
Shamgarh APMC,0.796,Metric Tonnes,Local,2090.0,2380.0,2380.0,Rs./Quintal,Non-FAQ
Sitamau APMC,0.935,Metric Tonnes,Local,2325.0,2417.0,2350.0,Rs./Quintal,FAQ
Vidisha APMC,2.494,Metric Tonnes,Local,2045.0,2345.0,2345.0,Rs./Quintal,FAQ
Total,4189.51,Metric Tonnes,,,,2087.67,Rs./Quintal,
State/UT Name : Maharashtra
APMC  Yawal,26.0,Metric Tonnes,Yellow,1550.0,1700.0,1620.0,Rs./Quintal,Non-FAQ
APMC Amalner ,15.0,Metric Tonnes,Deshi Red,1681.0,1751.0,1751.0,Rs./Quintal,Non-FAQ
APMC Amarawati ,0.1,Metric Tonnes,Deshi Red,1900.0,2000.0,1950.0,Rs./Quintal,Non-FAQ
APMC Chopda ,10.0,Metric Tonnes,Yellow,1621.0,1831.0,1766.0,Rs./Quintal,Non-FAQ
APMC Dhadgaon ,2.8,Metric Tonnes,Other,1800.0,1850.0,1825.0,Rs./Quintal,Non-FAQ
APMC Dondaicha ,1.8,Metric Tonnes,Yellow,1711.0,2290.0,1841.0,Rs./Quintal,Non-FAQ
APMC Jalana ,43.1,Metric Tonnes,Deshi Red,2625.0,2725.0,2625.0,Rs./Quintal,FAQ
APMC Jalana ,3.9,Metric Tonnes,Deshi Red,2275.0,2275.0,2275.0,Rs./Quintal,Non-FAQ
APMC Jamkhed ,0.2,Metric Tonnes,Other,1500.0,1700.0,1600.0,Rs./Quintal,Non-FAQ
APMC Karjat ,0.4,Metric Tonnes,Other,1600.0,2200.0,2000.0,Rs./Quintal,Non-FAQ
APMC Karmala ,0.1,Metric Tonnes,Other,2426.0,2426.0,2426.0,Rs./Quintal,FAQ
APMC Karmala ,0.2,Metric Tonnes,Other,2380.0,2380.0,2380.0,Rs./Quintal,Non-FAQ
APMC Khamgaon ,0.2,Metric Tonnes,Deshi Red,2400.0,2400.0,2400.0,Rs./Quintal,FAQ
APMC Khamgaon ,0.9,Metric Tonnes,Deshi Red,2375.0,2375.0,2375.0,Rs./Quintal,Non-FAQ
APMC Kopargaon ,2.1,Metric Tonnes,Other,2400.0,2600.0,2480.0,Rs./Quintal,FAQ
APMC Malegaon ,16.4,Metric Tonnes,Yellow,1701.0,2399.0,2350.0,Rs./Quintal,Non-FAQ
APMC Malkapur ,7.3,Metric Tonnes,Yellow,2470.0,2500.0,2475.0,Rs./Quintal,FAQ
APMC Malkapur ,0.7,Metric Tonnes,Yellow,2325.0,2325.0,2325.0,Rs./Quintal,Non-FAQ
APMC Mumbai ,71.9,Metric Tonnes,Other,2800.0,3400.0,3200.0,Rs./Quintal,FAQ
APMC Nandgaon ,18.5,Metric Tonnes,Yellow,2400.0,2558.0,2550.0,Rs./Quintal,FAQ
APMC Nandura ,1.5,Metric Tonnes,Other,2500.0,2665.0,2540.0,Rs./Quintal,FAQ
APMC Nandurbar ,1.3,Metric Tonnes,Deshi Red,2251.0,2251.0,2251.0,Rs./Quintal,Non-FAQ
APMC Pachora ,4.0,Metric Tonnes,Other,2455.0,2501.0,2471.0,Rs./Quintal,FAQ
APMC Parola ,0.3,Metric Tonnes,Yellow,2350.0,2350.0,2350.0,Rs./Quintal,Non-FAQ
APMC Pune ,0.2,Metric Tonnes,Deshi Red,2750.0,2950.0,2850.0,Rs./Quintal,FAQ
APMC Satana ,3.5,Metric Tonnes,Other,2515.0,2515.0,2515.0,Rs./Quintal,FAQ
APMC Satana ,2.9,Metric Tonnes,Other,2110.0,2110.0,2110.0,Rs./Quintal,Non-FAQ
APMC Shahada ,0.1,Metric Tonnes,Deshi Red,2311.0,2311.0,2311.0,Rs./Quintal,Non-FAQ
APMC Shirpur ,2.8,Metric Tonnes,Yellow,1650.0,2300.0,2191.0,Rs./Quintal,Non-FAQ
APMC Sillod ,12.2,Metric Tonnes,Yellow,2480.0,2560.0,2500.0,Rs./Quintal,FAQ
APMC Tasgaon ,2.6,Metric Tonnes,Other,2220.0,2370.0,2310.0,Rs./Quintal,Non-FAQ
APMC Vaijpur ,1.0,Metric Tonnes,Yellow,2405.0,2475.0,2450.0,Rs./Quintal,FAQ
APMC Vaijpur ,0.5,Metric Tonnes,Yellow,2300.0,2395.0,2350.0,Rs./Quintal,Non-FAQ
Bhokardan(Pimpalgaon Renu) ,2.1,Metric Tonnes,Yellow,2200.0,2350.0,2300.0,Rs./Quintal,Non-FAQ
Buldhana(Dhad) ,25.9,Metric Tonnes,Yellow,2400.0,2600.0,2500.0,Rs./Quintal,FAQ
Lasalgaon(Niphad) ,4.6,Metric Tonnes,Deshi Red,2510.0,2521.0,2511.0,Rs./Quintal,FAQ
"Yashika Agro Marketing, Tal Bhusawal, Jalgaon",64.69,Metric Tonnes,Other,2350.0,2400.0,2375.0,Rs./Quintal,Local
Total,351.79,Metric Tonnes,,,,2489.87,Rs./Quintal,
State/UT Name : Odisha
Nabarangpur(Umerkote) APMC,75.0,Metric Tonnes,Hybrid/Local,2200.0,2200.0,2200.0,Rs./Quintal,Local
Total,75.0,Metric Tonnes,,,,2200.0,Rs./Quintal,
State/UT Name : Punjab
Nakodar APMC,86.0,Metric Tonnes,Other,2520.0,2520.0,2520.0,Rs./Quintal,Local
Nawanshahar APMC,42.165,Metric Tonnes,Local,1925.0,2449.0,2449.0,Rs./Quintal,FAQ
Total,128.16,Metric Tonnes,,,,2496.64,Rs./Quintal,
State/UT Name : Rajasthan
Baran APMC,1.0,Metric Tonnes,Other,2071.0,2071.0,2071.0,Rs./Quintal,Local
Barisadri APMC,2.7,Metric Tonnes,Other,1721.0,2386.0,2350.0,Rs./Quintal,FAQ
Bhilwara APMC,0.5,Metric Tonnes,Hybrid,2350.0,2350.0,2350.0,Rs./Quintal,FAQ
Bundi APMC,86.0,Metric Tonnes,Other,1851.0,2151.0,2001.0,Rs./Quintal,FAQ
Chhabra APMC,1.0,Metric Tonnes,Local,2000.0,2001.0,2000.0,Rs./Quintal,Local
Chhotisadri APMC,0.1,Metric Tonnes,Local,2200.0,2200.0,2200.0,Rs./Quintal,Local
Deoli APMC,0.30000000000000004,Metric Tonnes,Local,2100.0,2200.0,2150.0,Rs./Quintal,FAQ
Kapasan APMC,4.5,Metric Tonnes,Hybrid,2300.0,2500.0,2400.0,Rs./Quintal,FAQ
Kota APMC,1.0,Metric Tonnes,Local,2300.0,2300.0,2300.0,Rs./Quintal,Local
Total,97.1,Metric Tonnes,,,,2035.45,Rs./Quintal,
State/UT Name : Tamil Nadu
Alangeyam APMC,3.1,Metric Tonnes,Other,2800.0,2830.0,2815.0,Rs./Quintal,Local
Andimadom APMC,10.19,Metric Tonnes,Other,2623.0,2655.0,2639.0,Rs./Quintal,Local
Chinnasalem APMC,1.5,Metric Tonnes,Other,2670.0,2670.0,2670.0,Rs./Quintal,Local
Gingee APMC,0.45,Metric Tonnes,Other,2500.0,2652.0,2576.0,Rs./Quintal,Local
Kallakurichi APMC,12.1,Metric Tonnes,Other,2629.0,2731.0,2680.0,Rs./Quintal,Local
Kamuthi APMC,0.75,Metric Tonnes,Other,1750.0,2100.0,1925.0,Rs./Quintal,Local
Kilpennathur APMC,13.04,Metric Tonnes,Other,2589.0,2689.0,2639.0,Rs./Quintal,Local
Manalurpet APMC,2.85,Metric Tonnes,Other,2289.0,2647.0,2468.0,Rs./Quintal,Local
Namagiripettai APMC,2.6,Metric Tonnes,Other,2480.0,2600.0,2540.0,Rs./Quintal,Local
Panruti APMC,0.42,Metric Tonnes,Other,2659.0,2659.0,2659.0,Rs./Quintal,Local
Pethappampatti APMC,37.38,Metric Tonnes,Other,2430.0,2600.0,2515.0,Rs./Quintal,Local
Sangarapuram APMC,15.97,Metric Tonnes,Other,2589.0,2693.0,2641.0,Rs./Quintal,Local
Sankarankovil APMC,106.0,Metric Tonnes,Other,1600.0,1800.0,1700.0,Rs./Quintal,Local
Shrimushnam APMC,19.53,Metric Tonnes,Other,2626.0,2663.0,2644.5,Rs./Quintal,Local
Thirukovilur APMC,61.93,Metric Tonnes,Other,2401.0,2737.0,2569.0,Rs./Quintal,Local
Thirumangalam APMC,7.46,Metric Tonnes,Other,2700.0,2800.0,2750.0,Rs./Quintal,Local
Ulundurpettai APMC,27.56,Metric Tonnes,Other,2559.0,2713.0,2636.0,Rs./Quintal,Local
Villupuram APMC,2.52,Metric Tonnes,Other,2676.0,2684.0,2680.0,Rs./Quintal,Local
Total,325.35,Metric Tonnes,,,,2307.89,Rs./Quintal,
State/UT Name : Telangana
Alampur APMC,330.0,Metric Tonnes,Medium,1800.0,2250.0,2000.0,Rs./Quintal,Local
Bejjenki APMC,0.91,Metric Tonnes,Local,2250.0,2250.0,2250.0,Rs./Quintal,FAQ
Cherial APMC,25.0,Metric Tonnes,Local,2400.0,2400.0,2400.0,Rs./Quintal,Local
Husnabad APMC,35.0,Metric Tonnes,Local,2400.0,2400.0,2400.0,Rs./Quintal,Local
Yellandu APMC,435.0,Metric Tonnes,Local,2200.0,2400.0,2300.0,Rs./Quintal,Local
Total,825.91,Metric Tonnes,,,,2187.34,Rs./Quintal,
State/UT Name : Uttar Pradesh
Achalda APMC,54.725,Metric Tonnes,Other,2000.0,2000.0,2000.0,Rs./Quintal,FAQ
Aliganj APMC,237.3205,Metric Tonnes,Other,1800.0,2000.0,1855.62,Rs./Quintal,FAQ
Aligarh APMC,26.35,Metric Tonnes,Other,1920.0,1980.0,1951.65,Rs./Quintal,FAQ
Anoop Shahar APMC,226.663,Metric Tonnes,Other,2300.0,2300.0,2300.0,Rs./Quintal,FAQ
Anwala APMC,38.1,Metric Tonnes,Other,2000.0,2000.0,2000.0,Rs./Quintal,FAQ
Atrauli APMC,35.775,Metric Tonnes,Other,2100.0,2100.0,2100.0,Rs./Quintal,FAQ
Babrala APMC,80.0,Metric Tonnes,Local,2130.0,2150.0,2140.0,Rs./Quintal,Local
Babrala APMC,24.955,Metric Tonnes,Other,2200.0,2201.0,2200.6,Rs./Quintal,FAQ
Badayoun APMC,150.665,Metric Tonnes,Other,2000.0,2350.0,2256.3,Rs./Quintal,FAQ
Bangarmau APMC,32.0,Metric Tonnes,Other,2200.0,2200.0,2200.0,Rs./Quintal,FAQ
Bewar APMC,30.41,Metric Tonnes,Other,2100.0,2100.0,2100.0,Rs./Quintal,FAQ
Bhehjoi APMC,479.21,Metric Tonnes,Other,2100.0,2441.0,2233.24,Rs./Quintal,FAQ
Bilsi APMC,633.105,Metric Tonnes,Other,2000.0,2300.0,2074.79,Rs./Quintal,FAQ
Bisoli APMC,1148.143,Metric Tonnes,Other,2000.0,2169.0,2033.85,Rs./Quintal,FAQ
Buland Shahr APMC,55.9,Metric Tonnes,Other,2000.0,2010.0,2002.04,Rs./Quintal,FAQ
Chandausi APMC,155.7,Metric Tonnes,Other,2225.0,2250.0,2238.01,Rs./Quintal,FAQ
Charra APMC,322.311,Metric Tonnes,Other,2100.0,2420.0,2266.29,Rs./Quintal,FAQ
Chhibramau APMC,614.7,Metric Tonnes,Other,2250.0,2400.0,2268.8,Rs./Quintal,FAQ
Dataganj APMC,41.075,Metric Tonnes,Other,2250.0,2250.0,2250.0,Rs./Quintal,FAQ
Dibiapur APMC,10.58,Metric Tonnes,Other,2000.0,2000.0,2000.0,Rs./Quintal,FAQ
Divai APMC,291.2,Metric Tonnes,Other,2000.0,2100.0,2013.58,Rs./Quintal,FAQ
Dudhi APMC,0.4,Metric Tonnes,Other,700.0,700.0,700.0,Rs./Quintal,FAQ
Etah APMC,78.206,Metric Tonnes,Other,2000.0,2000.0,2000.0,Rs./Quintal,FAQ
Farukhabad APMC,100.0,Metric Tonnes,Other,2300.0,2325.0,2312.75,Rs./Quintal,FAQ
Ganj Dundwara APMC,163.935,Metric Tonnes,Other,1800.0,2300.0,2076.43,Rs./Quintal,FAQ
Gulavati APMC,28.529,Metric Tonnes,Other,2150.0,2160.0,2154.99,Rs./Quintal,FAQ
Haathras APMC,48.448,Metric Tonnes,Other,2000.0,2321.0,2248.45,Rs./Quintal,FAQ
Hardoi APMC,89.393,Metric Tonnes,Other,1700.0,2000.0,1786.58,Rs./Quintal,FAQ
Islam Nagar APMC,32.743,Metric Tonnes,Other,1950.0,1960.0,1951.11,Rs./Quintal,FAQ
Jahangirabad APMC,117.228,Metric Tonnes,Other,2200.0,2425.35,2233.83,Rs./Quintal,FAQ
Jalalabad APMC,85.876,Metric Tonnes,Other,1910.0,2100.0,2042.3,Rs./Quintal,FAQ
Jasvantnagar APMC,4.85,Metric Tonnes,Other,2000.0,2000.0,2000.0,Rs./Quintal,FAQ
Kamlaganj APMC,518.97,Metric Tonnes,Other,2300.0,2425.0,2342.05,Rs./Quintal,FAQ
Kannauj APMC,601.65,Metric Tonnes,Other,2000.0,2500.0,2199.0,Rs./Quintal,FAQ
Kanpur(Grain) APMC,4.8,Metric Tonnes,Other,1700.0,1700.0,1700.0,Rs./Quintal,FAQ
Kasganj APMC,620.54,Metric Tonnes,Other,1850.0,2300.0,2005.19,Rs./Quintal,FAQ
Kayamganj APMC,362.19,Metric Tonnes,Other,2100.0,2200.0,2155.47,Rs./Quintal,FAQ
Khair APMC,183.59,Metric Tonnes,Other,2200.0,2205.0,2200.49,Rs./Quintal,FAQ
Khurja APMC,28.0,Metric Tonnes,Other,2000.0,2000.0,2000.0,Rs./Quintal,FAQ
Madhoganj APMC,178.325,Metric Tonnes,Other,2200.0,2400.0,2300.6,Rs./Quintal,FAQ
Mainpuri APMC,131.0,Metric Tonnes,Other,1950.0,2000.0,1980.92,Rs./Quintal,FAQ
Mohamadabad APMC,416.43,Metric Tonnes,Other,2250.0,2370.0,2274.58,Rs./Quintal,FAQ
Mohammdi APMC,27.0,Metric Tonnes,Other,2100.0,2100.0,2100.0,Rs./Quintal,FAQ
Muradabad APMC,11.0,Metric Tonnes,Other,1550.0,1550.0,1550.0,Rs./Quintal,FAQ
Pilibhit APMC,10.062,Metric Tonnes,Other,2500.0,2500.0,2500.0,Rs./Quintal,FAQ
Powayan APMC,15.87,Metric Tonnes,Other,1950.0,2000.0,1968.49,Rs./Quintal,FAQ
Risia APMC,69.3,Metric Tonnes,Other,1770.0,1800.0,1788.48,Rs./Quintal,FAQ
Safdarganj APMC,30.495,Metric Tonnes,Other,2150.0,2150.0,2150.0,Rs./Quintal,FAQ
Sambhal APMC,446.205,Metric Tonnes,Other,1900.0,2450.0,2214.86,Rs./Quintal,FAQ
Sandi APMC,30.925,Metric Tonnes,Other,1900.0,1900.0,1900.0,Rs./Quintal,FAQ
Sehjanwa APMC,71.37,Metric Tonnes,Other,2000.0,2645.0,2280.34,Rs./Quintal,FAQ
Shahjahanpur APMC,71.3,Metric Tonnes,Other,2000.0,2000.0,2000.0,Rs./Quintal,FAQ
Shikohabad APMC,189.25,Metric Tonnes,Other,2140.0,2400.0,2255.58,Rs./Quintal,FAQ
Sikandraraau APMC,41.8,Metric Tonnes,Other,2200.0,2200.0,2200.0,Rs./Quintal,FAQ
Sikarpur APMC,33.0,Metric Tonnes,Other,2200.0,2200.0,2200.0,Rs./Quintal,FAQ
Sirsaganj APMC,670.605,Metric Tonnes,Other,2100.0,2421.0,2240.11,Rs./Quintal,FAQ
Siyana APMC,134.58,Metric Tonnes,Other,2050.0,2250.0,2136.43,Rs./Quintal,FAQ
Tilhar APMC,25.0,Metric Tonnes,Other,1700.0,1700.0,1700.0,Rs./Quintal,FAQ
Ujhani APMC,499.177,Metric Tonnes,Other,2100.0,2500.0,2172.96,Rs./Quintal,FAQ
Uttaripura APMC,206.82,Metric Tonnes,Other,1900.0,2000.0,1913.73,Rs./Quintal,FAQ
Wazirganj APMC,1363.573,Metric Tonnes,Other,2000.0,2200.0,2007.59,Rs./Quintal,FAQ
Total,12431.32,Metric Tonnes,,,,2132.53,Rs./Quintal,
State/UT Name : Uttarakhand
Kotadwara APMC,0.1,Metric Tonnes,Other,1400.0,1400.0,1400.0,Rs./Quintal,FAQ
Total,0.1,Metric Tonnes,,,,1400.0,Rs./Quintal,
State/UT Name : West Bengal
Jangipur APMC,13.25,Metric Tonnes,Other,2500.0,2600.0,2550.0,Rs./Quintal,FAQ
Total,13.25,Metric Tonnes,,,,2550.0,Rs./Quintal,
Grand Total,20963.3,Metric Tonnes,,,,2177.52,Rs./Quintal,
Paddy(Common) (MSP: Rs. 2441.00/Quintal)
State/UT Name : Andhra Pradesh
Achanta APMC,0.1,Metric Tonnes,1121,2359.0,2375.0,2369.0,Rs./Quintal,Local
Addanki APMC,0.1,Metric Tonnes,Paddy,2390.0,2420.0,2410.0,Rs./Quintal,FAQ
Akiveedu APMC,0.1,Metric Tonnes,Paddy,2300.0,2500.0,2369.0,Rs./Quintal,Local
Alamuru APMC,0.1,Metric Tonnes,Paddy,2369.0,2389.0,2369.0,Rs./Quintal,FAQ
Amadalavalasa APMC,0.1,Metric Tonnes,Paddy,2369.0,2369.0,2369.0,Rs./Quintal,FAQ
Amalapuram APMC,0.1,Metric Tonnes,1001,2369.0,2468.0,2369.0,Rs./Quintal,FAQ
Anaparthy APMC,0.1,Metric Tonnes,Paddy,2369.0,2560.0,2369.0,Rs./Quintal,FAQ
Atmakur (Nandyal District) APMC,0.1,Metric Tonnes,Sona,2650.0,2650.0,2650.0,Rs./Quintal,FAQ
Atmakur (SPSR Nellore District) APMC,121.60000000000001,Metric Tonnes,Nellore Sanna,2300.0,2400.0,2369.0,Rs./Quintal,FAQ
Attili APMC,0.1,Metric Tonnes,Paddy,2369.0,2389.0,2369.0,Rs./Quintal,Local
B.N.Kandriga APMC,0.1,Metric Tonnes,Paddy,2000.0,2000.0,2000.0,Rs./Quintal,Local
Badvel APMC,0.1,Metric Tonnes,Masuri,2380.0,2440.0,2420.0,Rs./Quintal,Local
Banaganapalli APMC,0.1,Metric Tonnes,Sona Mahsuri,2200.0,2400.0,2300.0,Rs./Quintal,FAQ
Bapatla APMC,0.1,Metric Tonnes,B P T,3400.0,3600.0,3509.0,Rs./Quintal,Local
Bhimadole APMC,1.0,Metric Tonnes,1001,2380.0,2380.0,2380.0,Rs./Quintal,FAQ
Bhimavaram APMC,0.2,Metric Tonnes,1001,2360.0,2360.0,2360.0,Rs./Quintal,Grade Range-1
Chirala APMC,1.0,Metric Tonnes,B P T,2400.0,2500.0,2450.0,Rs./Quintal,Local
Chodavaram APMC,0.1,Metric Tonnes,Paddy,2200.0,2400.0,2300.0,Rs./Quintal,Local
Darsi APMC,0.1,Metric Tonnes,B P T,2500.0,2600.0,2600.0,Rs./Quintal,Local
Dharmavaram APMC,0.1,Metric Tonnes,B P T,2000.0,2200.0,2100.0,Rs./Quintal,FAQ
Divi (HQ-Avanigadda) APMC,1.0,Metric Tonnes,B P T,3200.0,3500.0,3300.0,Rs./Quintal,FAQ
Durgi APMC,1.0,Metric Tonnes,Paddy,1800.0,2400.0,2100.0,Rs./Quintal,FAQ
Etcherla APMC,0.1,Metric Tonnes,1121,2369.0,2369.0,2369.0,Rs./Quintal,FAQ
Gannavaram APMC,0.1,Metric Tonnes,1001,2400.0,2400.0,2400.0,Rs./Quintal,Local
Ghantsala (HQ-Kodali) APMC,1.0,Metric Tonnes,1001,2200.0,2400.0,2300.0,Rs./Quintal,Local
Gudur APMC,0.1,Metric Tonnes,MTU-1010,2389.0,2480.0,2435.0,Rs./Quintal,Local
Hiramandalam APMC,0.1,Metric Tonnes,Masuri,2400.0,2400.0,2400.0,Rs./Quintal,Local
Ichapuram APMC,0.1,Metric Tonnes,Sannalu,2369.0,2369.0,2369.0,Rs./Quintal,Local
Ipur APMC,1.0,Metric Tonnes,Paddy,2520.0,2600.0,2560.0,Rs./Quintal,FAQ
Jaggampet APMC,0.1,Metric Tonnes,Common,2369.0,2380.0,2369.0,Rs./Quintal,FAQ
Jalumuru APMC,0.1,Metric Tonnes,1121,2369.0,2369.0,2369.0,Rs./Quintal,FAQ
Kaikaluru APMC,1.0,Metric Tonnes,MTU-1001,2440.0,2440.0,2440.0,Rs./Quintal,Local
Kakinada (Urban) APMC,0.075,Metric Tonnes,Common,2369.0,2390.0,2375.0,Rs./Quintal,FAQ
Kalidindi APMC,1.0,Metric Tonnes,MTU-1001,2440.0,2440.0,2440.0,Rs./Quintal,Local
Kamalapuram APMC,0.1,Metric Tonnes,Paddy,2550.0,2550.0,2550.0,Rs./Quintal,Local
Kanchili APMC,0.1,Metric Tonnes,1001,2400.0,2400.0,2400.0,Rs./Quintal,FAQ
Kandukur APMC,0.1,Metric Tonnes,Other,2380.0,2450.0,2400.0,Rs./Quintal,Local
Karapa APMC,1.0,Metric Tonnes,1001,2362.0,2369.0,2366.0,Rs./Quintal,FAQ
Kavali APMC,0.1,Metric Tonnes,Other,2380.0,2450.0,2400.0,Rs./Quintal,Local
Kothabommali APMC,0.1,Metric Tonnes,Paddy,3500.0,3500.0,3500.0,Rs./Quintal,Local
Kothavalasa APMC,1.0,Metric Tonnes,Paddy,2369.0,2369.0,2369.0,Rs./Quintal,Local
Kovur APMC,0.1,Metric Tonnes,Paddy,2200.0,2451.0,2360.0,Rs./Quintal,Local
Kovvur APMC,1.0,Metric Tonnes,MTU-1010,2441.0,2441.0,2441.0,Rs./Quintal,Grade Range-2
Krosuru APMC,0.1,Metric Tonnes,B P T,2200.0,2600.0,2400.0,Rs./Quintal,FAQ
Kuchinapudi APMC,1.0,Metric Tonnes,B P T,3400.0,3600.0,3500.0,Rs./Quintal,Local
Macharla APMC,0.1,Metric Tonnes,B P T,3200.0,3200.0,3200.0,Rs./Quintal,Grade Range-1
Machilipatnam APMC,0.075,Metric Tonnes,B P T,2829.3326260000003,2978.665922,2903.9992740000002,Rs./Quintal,Local
Maddipadu APMC,0.1,Metric Tonnes,B P T,2800.0,2800.0,2800.0,Rs./Quintal,FAQ
Madugula APMC,0.1,Metric Tonnes,Paddy,2200.0,2400.0,2300.0,Rs./Quintal,Local
Malleswaram (HQ-Bantumili) APMC,0.1,Metric Tonnes,1001,2600.0,2700.0,2650.0,Rs./Quintal,Grade Range-1
Mandapeta APMC,1.0,Metric Tonnes,1001,2369.0,2400.0,2389.0,Rs./Quintal,FAQ
Mangalagiri APMC,0.1,Metric Tonnes,B P T,2550.0,2550.0,2550.0,Rs./Quintal,FAQ
Mydukur APMC,1.0,Metric Tonnes,Masuri,2800.0,3200.0,3000.0,Rs./Quintal,Local
Mylavaram APMC,0.1,Metric Tonnes,1001,2369.0,2369.0,2369.0,Rs./Quintal,FAQ
Nagalapuram APMC,1.0,Metric Tonnes,Paddy Coarse,1850.0,1870.0,1860.0,Rs./Quintal,Local
Nagalapuram APMC,0.08,Metric Tonnes,Paddy,2312.5,2337.5,2325.0,Rs./Quintal,Local
Nagari APMC,0.1,Metric Tonnes,Paddy,1900.0,2000.0,1950.0,Rs./Quintal,Grade Range-2
Naidupet APMC,0.1,Metric Tonnes,MTU-1010,2300.0,2400.0,2350.0,Rs./Quintal,Local
Nandigama APMC,0.1,Metric Tonnes,B P T,2380.0,2380.0,2380.0,Rs./Quintal,Grade Range-1
Narasannapet APMC,0.1,Metric Tonnes,Paddy,2369.0,2369.0,2369.0,Rs./Quintal,FAQ
Narasaraopet APMC,0.1,Metric Tonnes,Paddy,3000.0,3000.0,3000.0,Rs./Quintal,FAQ
Narsapuram APMC,1.0,Metric Tonnes,MTU-1001,2445.0,2445.0,2445.0,Rs./Quintal,Local
Narsipatnam APMC,0.1,Metric Tonnes,Paddy,2390.0,2450.0,2400.0,Rs./Quintal,Local
Nellore APMC,0.1,Metric Tonnes,B P T,2445.0,2470.0,2454.0,Rs./Quintal,FAQ
Nidadavolu APMC,1.0,Metric Tonnes,Common,2410.0,2410.0,2410.0,Rs./Quintal,Local
Ongole APMC,0.1,Metric Tonnes,B P T,2500.0,2500.0,2500.0,Rs./Quintal,Local
Palakole APMC,0.1,Metric Tonnes,Paddy,2375.0,2375.0,2375.0,Rs./Quintal,Local
Palakonda APMC,0.1,Metric Tonnes,1001,2150.0,2150.0,2150.0,Rs./Quintal,FAQ
Palasa APMC,0.1,Metric Tonnes,Common,2369.0,2369.0,2369.0,Rs./Quintal,FAQ
Pamarru APMC,1.0,Metric Tonnes,B P T,2441.0,2481.0,2471.0,Rs./Quintal,Local
Parchur APMC,1.0,Metric Tonnes,Paddy,2300.0,2500.0,2400.0,Rs./Quintal,FAQ
Pathapatnam APMC,0.1,Metric Tonnes,Paddy,2369.0,2500.0,2369.0,Rs./Quintal,FAQ
Payakaraopeta APMC,0.1,Metric Tonnes,1001,2349.0,2369.0,2359.0,Rs./Quintal,Local
Pedana APMC,0.1,Metric Tonnes,NO. 2716,2369.0,2600.0,2500.0,Rs./Quintal,Local
Peddapuram APMC,1.0,Metric Tonnes,1001,2369.0,2390.0,2369.0,Rs./Quintal,FAQ
Penamaluru (HQ-Kankipadu) APMC,0.1,Metric Tonnes,MTU-1001,2441.0,2441.0,2441.0,Rs./Quintal,Local
Pendurthi APMC,0.1,Metric Tonnes,Paddy,2300.0,2300.0,2300.0,Rs./Quintal,Local
Penugonda APMC,0.1,Metric Tonnes,1001,2369.0,2380.0,2370.0,Rs./Quintal,Local
Pidugurala APMC,0.1,Metric Tonnes,Paddy,2450.0,2450.0,2450.0,Rs./Quintal,FAQ
Pithapuram APMC,0.1,Metric Tonnes,B P T,2369.0,2389.0,2379.0,Rs./Quintal,FAQ
Polavaram APMC,2.0,Metric Tonnes,1001,2445.0,2445.0,2445.0,Rs./Quintal,Local
Prathipadu APMC,0.1,Metric Tonnes,1001,2200.0,2425.0,2300.0,Rs./Quintal,Grade Range-1
Prattipadu APMC,0.1,Metric Tonnes,1001,2369.0,2389.0,2379.0,Rs./Quintal,FAQ
Proddatur APMC,0.1,Metric Tonnes,Paddy,2400.0,2400.0,2400.0,Rs./Quintal,Local
RAYADURG APMC,0.1,Metric Tonnes,I.R. 64,3200.0,3750.0,3400.0,Rs./Quintal,Grade Range-1
Rajahmundry APMC,1.0,Metric Tonnes,Paddy,2369.0,2369.0,2369.0,Rs./Quintal,Local
Rajupalem APMC,0.1,Metric Tonnes,Common,2100.0,2100.0,2100.0,Rs./Quintal,Non-FAQ
Ramachandrapuram APMC,0.1,Metric Tonnes,Paddy,2369.0,2380.0,2369.0,Rs./Quintal,FAQ
Rampachodvaram APMC,0.1,Metric Tonnes,1001,2369.0,2389.0,2379.0,Rs./Quintal,Grade Range-1
Rampachodvaram APMC,0.1,Metric Tonnes,1001,2369.0,2389.0,2379.0,Rs./Quintal,Grade Range-2
Rapur APMC,21.200000000000003,Metric Tonnes,Common,2420.0,2520.0,2460.0,Rs./Quintal,Local
Repalli APMC,1.0,Metric Tonnes,B P T,3200.0,3600.0,3400.0,Rs./Quintal,Local
Rompicherla APMC,7.5,Metric Tonnes,B P T,1950.0,1950.0,1950.0,Rs./Quintal,Local
Rompicherla APMC,0.1,Metric Tonnes,Paddy,2300.0,2500.0,2500.0,Rs./Quintal,FAQ
Samalkot APMC,0.1,Metric Tonnes,Paddy,2365.0,2380.0,2369.0,Rs./Quintal,FAQ
Sampara (Kakinada Rural) APMC,0.1,Metric Tonnes,1001,2369.0,2389.0,2379.0,Rs./Quintal,FAQ
Santhamaguluru APMC,0.1,Metric Tonnes,B P T,2500.0,2580.0,2550.0,Rs./Quintal,FAQ
Sattenapalli APMC,0.1,Metric Tonnes,B P T,2350.0,2500.0,2400.0,Rs./Quintal,FAQ
Srikakulam APMC,0.1,Metric Tonnes,1001,2400.0,2400.0,2400.0,Rs./Quintal,FAQ
Srikalahasti APMC,0.1,Metric Tonnes,Paddy Medium,2300.0,2600.0,2450.0,Rs./Quintal,Local
Sullurpet APMC,0.1,Metric Tonnes,MTU-1010,2420.0,2460.0,2440.0,Rs./Quintal,Local
Tadepalligudem APMC,1.0,Metric Tonnes,1001,2450.0,2450.0,2450.0,Rs./Quintal,FAQ
Tanuku APMC,0.1,Metric Tonnes,1001,2445.0,2445.0,2445.0,Rs./Quintal,Local
Tiruvuru APMC,80.0,Metric Tonnes,Sona,2850.0,2850.0,2850.0,Rs./Quintal,Local
Udayagiri APMC,1.0,Metric Tonnes,Paddy,2444.0,2464.0,2454.0,Rs./Quintal,Local
Undi APMC,1.0,Metric Tonnes,MTU-1001,2369.0,2369.0,2369.0,Rs./Quintal,Local
Ungatur APMC,1.0,Metric Tonnes,1001,2445.0,2445.0,2445.0,Rs./Quintal,Local
Vakadu APMC,0.1,Metric Tonnes,B P T,2389.0,2410.0,2400.0,Rs./Quintal,Local
Venkatagiri APMC,0.075,Metric Tonnes,MTU-1010,2350.0,2450.0,2400.0,Rs./Quintal,FAQ
Vijayawada APMC,0.1,Metric Tonnes,1001,2369.0,2369.0,2369.0,Rs./Quintal,Local
Vinukonda APMC,1.0,Metric Tonnes,Paddy,2300.0,2500.0,2400.0,Rs./Quintal,FAQ
Yellamanchili APMC,0.1,Metric Tonnes,1001,2390.0,2450.0,2400.0,Rs./Quintal,Local
Total,267.3,Metric Tonnes,,,,2526.04,Rs./Quintal,
State/UT Name : Assam
Sontoli APMC,1.2000000000000002,Metric Tonnes,Paddy,1950.0,1975.0,1975.0,Rs./Quintal,FAQ
Total,1.2,Metric Tonnes,,,,1975.0,Rs./Quintal,
State/UT Name : Chattisgarh
Abhanpur APMC,1.7,Metric Tonnes,D.B.,2300.0,2300.0,2300.0,Rs./Quintal,Non-FAQ
Akaltara APMC,42.0,Metric Tonnes,I.R. 36,1900.0,1900.0,1900.0,Rs./Quintal,FAQ
Akaltara APMC,120.0,Metric Tonnes,MTU-1010,1750.0,1780.0,1750.0,Rs./Quintal,FAQ
Amandula APMC,15.0,Metric Tonnes,Mahamaya,1600.0,1600.0,1600.0,Rs./Quintal,FAQ
Amandula APMC,30.0,Metric Tonnes,D.B.,1600.0,1600.0,1600.0,Rs./Quintal,FAQ
Amoda APMC,10.0,Metric Tonnes,1001,1800.0,1800.0,1800.0,Rs./Quintal,Non-FAQ
Arang APMC,5.5,Metric Tonnes,MTU-1010,1800.0,1800.0,1800.0,Rs./Quintal,FAQ
Balod APMC,2.0,Metric Tonnes,I.R. 36,2100.0,2120.0,2100.0,Rs./Quintal,Non-FAQ
Balodabazar APMC,20.0,Metric Tonnes,D.B.,2100.0,2100.0,2100.0,Rs./Quintal,Non-FAQ
Baramkela APMC,3.0,Metric Tonnes,1001,1800.0,1800.0,1800.0,Rs./Quintal,Non-FAQ
Bardewri APMC,13.2,Metric Tonnes,1001,1800.0,1800.0,1800.0,Rs./Quintal,Non-FAQ
Basana APMC,53.0,Metric Tonnes,D.B.,2300.0,2300.0,2300.0,Rs./Quintal,Non-FAQ
Bhakhara APMC,104.8,Metric Tonnes,Om 3,2202.0,3250.0,3230.0,Rs./Quintal,FAQ
Bhatapara APMC,4.3,Metric Tonnes,HMT,3200.0,3421.0,3400.0,Rs./Quintal,FAQ
Bhatapara APMC,211.2,Metric Tonnes,Paddy Coarse,2235.0,2341.0,2297.0,Rs./Quintal,Non-FAQ
Bhatapara APMC,1829.8,Metric Tonnes,Mahamaya,2366.0,2662.0,2526.0,Rs./Quintal,FAQ
Bhatapara APMC,5.2,Metric Tonnes,Shriram,3181.0,3836.0,3500.0,Rs./Quintal,FAQ
Bilaspur APMC,55.0,Metric Tonnes,MTU-1010,1825.0,1825.0,1825.0,Rs./Quintal,Non-FAQ
Chhuria APMC,531.3,Metric Tonnes,1001,2200.0,2200.0,2200.0,Rs./Quintal,Non-FAQ
Dhamtari APMC,449.9,Metric Tonnes,I.R. 64,2180.0,2350.0,2240.0,Rs./Quintal,FAQ
Dhamtari APMC,45.0,Metric Tonnes,B P T,2900.0,3241.0,3100.0,Rs./Quintal,FAQ
Dhamtari APMC,2.4,Metric Tonnes,Sugandha,2070.0,2100.0,2080.0,Rs./Quintal,Non-FAQ
Dondi APMC,1.0,Metric Tonnes,I.R.-64,2020.0,2050.0,2030.0,Rs./Quintal,Non-FAQ
Dondilohara APMC,1.0,Metric Tonnes,I.R. 64,2000.0,2010.0,2000.0,Rs./Quintal,Non-FAQ
Dongargaon APMC,103.0,Metric Tonnes,I.R. 64,2125.0,2180.0,2175.0,Rs./Quintal,Non-FAQ
Dongargarh APMC,6.0,Metric Tonnes,D.B.,2000.0,2000.0,2000.0,Rs./Quintal,Non-FAQ
Doranpal APMC,0.2,Metric Tonnes,Paddy Coarse,1900.0,1900.0,1900.0,Rs./Quintal,Non-FAQ
Dudhawa APMC,6.6,Metric Tonnes,1001,1800.0,1800.0,1800.0,Rs./Quintal,Non-FAQ
Durg APMC,11.4,Metric Tonnes,Sugandha,2065.0,2100.0,2082.0,Rs./Quintal,Non-FAQ
Durg APMC,60.2,Metric Tonnes,D.B.,2030.0,2080.0,2055.0,Rs./Quintal,Non-FAQ
Gidam APMC,2.0,Metric Tonnes,1001,1900.0,2100.0,2000.0,Rs./Quintal,Non-FAQ
Gurur APMC,101.3,Metric Tonnes,D.B.,2010.0,2025.0,2012.0,Rs./Quintal,Non-FAQ
KRISHI UPAJ MANDI SAMITI (APMC) KANKER,55.0,Metric Tonnes,1001,1800.0,1800.0,1800.0,Rs./Quintal,Non-FAQ
Kasdol APMC,2.2,Metric Tonnes,D.B.,1600.0,1600.0,1600.0,Rs./Quintal,Non-FAQ
Katghora APMC,5.0,Metric Tonnes,D.B.,1900.0,1900.0,1900.0,Rs./Quintal,Non-FAQ
Kedar APMC,20.0,Metric Tonnes,MTU-1010,1800.0,1800.0,1800.0,Rs./Quintal,Non-FAQ
Kharora APMC,2.3,Metric Tonnes,Mahamaya,1830.0,1830.0,1830.0,Rs./Quintal,Non-FAQ
Kharsiya APMC,15.0,Metric Tonnes,MTU-1010,1790.0,1800.0,1800.0,Rs./Quintal,Non-FAQ
Komakhan APMC,30.0,Metric Tonnes,MTU-1001,2050.0,2050.0,2050.0,Rs./Quintal,Non-FAQ
Konta APMC,0.2,Metric Tonnes,Paddy Coarse,1800.0,2000.0,1850.0,Rs./Quintal,Non-FAQ
Kukanar APMC,0.2,Metric Tonnes,Paddy Coarse,1750.0,1900.0,1800.0,Rs./Quintal,Non-FAQ
Kurud APMC,15.5,Metric Tonnes,Samba Masuri,2920.0,3271.0,3212.0,Rs./Quintal,FAQ
Kurud APMC,141.2,Metric Tonnes,MTU-1010,2249.0,2358.0,2336.0,Rs./Quintal,FAQ
Kurud APMC,236.7,Metric Tonnes,Mahamaya,2249.0,2738.0,2649.0,Rs./Quintal,FAQ
Kurud APMC,524.1,Metric Tonnes,I.R. 64,2200.0,2415.0,2310.0,Rs./Quintal,FAQ
Kurud APMC,12.3,Metric Tonnes,Swarna Masuri (New),2280.0,2350.0,2320.0,Rs./Quintal,FAQ
Kurud APMC,11.6,Metric Tonnes,Om 3,2900.0,3290.0,3241.0,Rs./Quintal,FAQ
Kurud APMC,66.7,Metric Tonnes,RB Gold,2801.0,3270.0,3190.0,Rs./Quintal,FAQ
Manendragarh APMC,10.0,Metric Tonnes,MTU-1010,1950.0,1950.0,1950.0,Rs./Quintal,Non-FAQ
Mungeli APMC,0.1,Metric Tonnes,Shriram,2450.0,2450.0,2450.0,Rs./Quintal,Non-FAQ
Mungeli APMC,0.3,Metric Tonnes,HMT,2750.0,2750.0,2750.0,Rs./Quintal,FAQ
Mungeli APMC,1.4,Metric Tonnes,Sugandha,2187.0,2281.0,2232.0,Rs./Quintal,Non-FAQ
Mungeli APMC,3.9,Metric Tonnes,Basmati 1509,1800.0,2271.0,2100.0,Rs./Quintal,FAQ
Mungeli APMC,16.9,Metric Tonnes,Mahamaya,2001.0,2571.0,2324.0,Rs./Quintal,FAQ
Nagari APMC,100.0,Metric Tonnes,I.R. 36,1900.0,1900.0,1900.0,Rs./Quintal,Non-FAQ
Naila APMC,148.2,Metric Tonnes,MTU-1010,1950.0,2000.0,2000.0,Rs./Quintal,Non-FAQ
Navapara APMC,36.7,Metric Tonnes,RB Gold,2950.0,3212.0,3030.0,Rs./Quintal,FAQ
Navapara APMC,1.9,Metric Tonnes,Om 3,2890.0,3150.0,3100.0,Rs./Quintal,FAQ
Navapara APMC,16.5,Metric Tonnes,D.B.,2250.0,2328.0,2306.0,Rs./Quintal,Non-FAQ
Navapara APMC,134.8,Metric Tonnes,MTU-1010,2336.0,2376.0,2364.0,Rs./Quintal,Non-FAQ
Navapara APMC,5.2,Metric Tonnes,Mahamaya,2500.0,2500.0,2500.0,Rs./Quintal,FAQ
Neora APMC,2.9,Metric Tonnes,Mahamaya,1980.0,1980.0,1980.0,Rs./Quintal,Non-FAQ
Pakhanjur APMC,6.0,Metric Tonnes,Paddy Coarse,2000.0,2000.0,2000.0,Rs./Quintal,Non-FAQ
Pendraroad APMC,162.0,Metric Tonnes,Khadwan,1700.0,1750.0,1700.0,Rs./Quintal,FAQ
Pipriya APMC,6.7,Metric Tonnes,D.B.,2120.0,2150.0,2125.0,Rs./Quintal,FAQ
Pithoura APMC,108.5,Metric Tonnes,MTU-1010,2000.0,2000.0,2000.0,Rs./Quintal,Non-FAQ
Pithoura APMC,50.0,Metric Tonnes,1001,1800.0,1800.0,1800.0,Rs./Quintal,Non-FAQ
Raipur APMC,30.0,Metric Tonnes,MTU-1010,2175.0,2175.0,2175.0,Rs./Quintal,Non-FAQ
Rajim APMC,4.5,Metric Tonnes,Mahamaya,1750.0,2250.0,2140.0,Rs./Quintal,Non-FAQ
Rajim APMC,130.9,Metric Tonnes,MTU-1008,1800.0,2375.0,2292.0,Rs./Quintal,Non-FAQ
Rajim APMC,14.1,Metric Tonnes,Samba Masuri,2000.0,3112.0,2876.0,Rs./Quintal,Non-FAQ
Rajim APMC,3.6,Metric Tonnes,Sugandha,1910.0,2320.0,2228.0,Rs./Quintal,Non-FAQ
Rajnandgaon APMC,9.0,Metric Tonnes,MTU-1010,2331.0,2340.0,2335.0,Rs./Quintal,Non-FAQ
Rajnandgaon APMC,4.8,Metric Tonnes,B P T,2700.0,2771.0,2735.0,Rs./Quintal,Non-FAQ
Rajnandgaon APMC,16.5,Metric Tonnes,D.B.,2330.0,2350.0,2340.0,Rs./Quintal,Non-FAQ
Rajnandgaon APMC,68.1,Metric Tonnes,Mahamaya,2500.0,2682.0,2591.0,Rs./Quintal,Non-FAQ
Sakti APMC,46.5,Metric Tonnes,D.B.,1650.0,1650.0,1650.0,Rs./Quintal,Non-FAQ
Sarangarh APMC,55.0,Metric Tonnes,MTU-1010,1950.0,1950.0,1950.0,Rs./Quintal,Non-FAQ
Saraypali APMC,42.8,Metric Tonnes,MTU-1001,1850.0,1900.0,1895.0,Rs./Quintal,Non-FAQ
Sarona APMC,11.5,Metric Tonnes,1001,1800.0,1800.0,1800.0,Rs./Quintal,Non-FAQ
Shivrinarayanpur APMC,30.0,Metric Tonnes,MTU-1010,1900.0,1900.0,1900.0,Rs./Quintal,Non-FAQ
Sukma APMC,0.4,Metric Tonnes,Paddy Coarse,1750.0,1900.0,1800.0,Rs./Quintal,Non-FAQ
Total,6264.7,Metric Tonnes,,,,2316.32,Rs./Quintal,
State/UT Name : Gujarat
Ahwa-Dang APMC,1.2000000000000002,Metric Tonnes,Paddy,2350.0,2450.0,2400.0,Rs./Quintal,Non-FAQ
Dahod APMC,3.6,Metric Tonnes,Paddy fine,2760.0,2800.0,2785.0,Rs./Quintal,Local
Dehgam APMC,0.8,Metric Tonnes,Other,2350.0,2775.0,2537.0,Rs./Quintal,FAQ
Dehgam(Rekhiyal) APMC,0.2,Metric Tonnes,Other,2250.0,2600.0,2425.0,Rs./Quintal,FAQ
Khambhat(Grain Market) APMC,0.010000000000000002,Metric Tonnes,Paddy,2750.0,3750.0,3250.0,Rs./Quintal,Local
Mandvi APMC,0.020000000000000004,Metric Tonnes,Other,1900.0,1900.0,1900.0,Rs./Quintal,Non-FAQ
Morva Hafad APMC,0.7000000000000001,Metric Tonnes,Paddy,1600.0,2500.0,2050.0,Rs./Quintal,Local
Prantij APMC,1.3499999999999999,Metric Tonnes,Other,2500.0,2750.0,2630.0,Rs./Quintal,Local
Prantij(Salala) APMC,0.825,Metric Tonnes,Other,2550.0,2730.0,2625.0,Rs./Quintal,Local
Sanad APMC,3.0,Metric Tonnes,Other,2578.0,2578.0,2578.0,Rs./Quintal,FAQ
Total,11.71,Metric Tonnes,,,,2595.15,Rs./Quintal,
State/UT Name : Haryana
Hansi APMC,22.5,Metric Tonnes,Other,4458.0,4458.0,4458.0,Rs./Quintal,FAQ
"New Grain Market , Sonipat APMC",13.0,Metric Tonnes,Other,3591.0,4101.0,3600.0,Rs./Quintal,FAQ
Total,35.5,Metric Tonnes,,,,4143.8,Rs./Quintal,
State/UT Name : Karnataka
Bhadravathi APMC,233.5,Metric Tonnes,Paddy Medium,2600.0,4000.0,2600.0,Rs./Quintal,Local
Chamarajanagar APMC,50.0,Metric Tonnes,Paddy Medium,2000.0,2000.0,2000.0,Rs./Quintal,Local
Chintamani APMC,27.700000000000003,Metric Tonnes,Sona,5700.0,6500.0,6000.0,Rs./Quintal,Local
Davangere APMC,93.80000000000001,Metric Tonnes,Paddy Medium,2501.0,3277.0,2949.0,Rs./Quintal,Local
Gangavathi APMC,175.4,Metric Tonnes,Sona Masuri (OLD),3667.0,3740.0,3740.0,Rs./Quintal,Non-FAQ
Gangavathi APMC,31.400000000000002,Metric Tonnes,Paddy RNR new,3320.0,3320.0,3320.0,Rs./Quintal,Non-FAQ
Gangavathi APMC,71.5,Metric Tonnes,Paddy RNR Old,3933.0,4704.0,4000.0,Rs./Quintal,Non-FAQ
Hanagal APMC,19.0,Metric Tonnes,Paddy,2600.0,2600.0,2600.0,Rs./Quintal,FAQ
Harihara APMC,184.20000000000002,Metric Tonnes,Paddy RNR new,2500.0,3300.0,2900.0,Rs./Quintal,Non-FAQ
K.R. Pet APMC,25.0,Metric Tonnes,Paddy Coarse,2400.0,2400.0,2400.0,Rs./Quintal,Local
Kalaghatagi APMC,46.7,Metric Tonnes,Paddy,2500.0,2900.0,2645.0,Rs./Quintal,Local
Kampli APMC,112.7,Metric Tonnes,Paddy,3742.0,5000.0,4371.0,Rs./Quintal,Local
Karatagi APMC,216.3,Metric Tonnes,Sona Masuri New,2800.0,3190.0,2908.0,Rs./Quintal,Non-FAQ
Karatagi APMC,107.4,Metric Tonnes,Kaveri Sona,2360.0,2360.0,2360.0,Rs./Quintal,Non-FAQ
Karatagi APMC,90.7,Metric Tonnes,Paddy RNR new,3370.0,3700.0,3580.0,Rs./Quintal,Non-FAQ
Koppal APMC,17.7,Metric Tonnes,Paddy,3650.0,3650.0,3650.0,Rs./Quintal,Non-FAQ
Lingasugur APMC,38.300000000000004,Metric Tonnes,Paddy,3300.0,3360.0,3320.0,Rs./Quintal,Non-FAQ
Malavalli APMC,22.8,Metric Tonnes,Paddy,2000.0,2000.0,2000.0,Rs./Quintal,FAQ
Mandya APMC,181.0,Metric Tonnes,Jaya,2180.0,2200.0,2180.0,Rs./Quintal,Local
Manvi APMC,63.300000000000004,Metric Tonnes,Sona Masuri (OLD),3809.0,4081.0,3933.0,Rs./Quintal,Non-FAQ
Mudigere APMC,3.0,Metric Tonnes,Sanna Bhatta,3400.0,3400.0,3400.0,Rs./Quintal,Local
Mundgod APMC,4.4,Metric Tonnes,Paddy,2600.0,2600.0,2600.0,Rs./Quintal,Non-FAQ
Nandagada APMC,63.0,Metric Tonnes,Paddy,2800.0,2800.0,2800.0,Rs./Quintal,FAQ
SIRGUPPA APMC,222.3,Metric Tonnes,Kaveri Sona,2080.0,2220.0,2100.0,Rs./Quintal,Local
SIRGUPPA APMC,414.8,Metric Tonnes,Paddy RNR new,2600.0,2700.0,2650.0,Rs./Quintal,Local
SIRGUPPA APMC,202.0,Metric Tonnes,Paddy RNR Old,3400.0,4490.0,4130.0,Rs./Quintal,Local
Shiggoan APMC,23.6,Metric Tonnes,Paddy,1905.0,2000.0,2000.0,Rs./Quintal,Non-FAQ
Shikaripura APMC,223.20000000000002,Metric Tonnes,Paddy,3800.0,3900.0,3859.0,Rs./Quintal,FAQ
Sindhanur APMC,620.2,Metric Tonnes,Paddy RNR Old,2890.0,4150.0,3400.0,Rs./Quintal,Local
Sirsi APMC,76.5,Metric Tonnes,Paddy Medium,2200.0,2700.0,2505.0,Rs./Quintal,Local
Srirangapattana APMC,40.0,Metric Tonnes,Jaya,1800.0,1800.0,1800.0,Rs./Quintal,Local
T. Narasipura APMC,139.1,Metric Tonnes,Paddy,2500.0,3100.0,2500.0,Rs./Quintal,Non-FAQ
Tumakuru APMC,588.8000000000001,Metric Tonnes,Sona,2000.0,2900.0,2500.0,Rs./Quintal,Local
Total,4429.3,Metric Tonnes,,,,2989.84,Rs./Quintal,
State/UT Name : Keralam
Kasargod Market,1.5,Metric Tonnes,Other,2400.0,2600.0,2500.0,Rs./Quintal,Local
Pulpally Market,5.0,Metric Tonnes,Other,3120.0,3140.0,3130.0,Rs./Quintal,Local
Total,6.5,Metric Tonnes,,,,2984.62,Rs./Quintal,
State/UT Name : Madhya Pradesh
Anuppur APMC,25.0,Metric Tonnes,Dhan,2180.0,2210.0,2200.0,Rs./Quintal,FAQ
Balaghat APMC,4.3,Metric Tonnes,Paddy,1810.0,1810.0,1810.0,Rs./Quintal,FAQ
Bhitarwar APMC,23.938000000000002,Metric Tonnes,Dhan,3285.0,3325.0,3325.0,Rs./Quintal,Non-FAQ
Bina APMC,4.3100000000000005,Metric Tonnes,Dhan,2200.0,2200.0,2200.0,Rs./Quintal,FAQ
Budhar APMC,5.0,Metric Tonnes,Paddy,2000.0,2000.0,2000.0,Rs./Quintal,Non-FAQ
Chhindwara APMC,78.11000000000001,Metric Tonnes,Dhan,2200.0,2200.0,2200.0,Rs./Quintal,FAQ
Dabra APMC,2.2,Metric Tonnes,Basmati 1509,3150.0,3150.0,3150.0,Rs./Quintal,FAQ
Datia APMC,50.427,Metric Tonnes,Dhan,2515.0,2550.0,2535.0,Rs./Quintal,FAQ
Dindori APMC,13.5,Metric Tonnes,Dhan,2100.0,2150.0,2150.0,Rs./Quintal,Non-FAQ
Dindori APMC,314.89000000000004,Metric Tonnes,Other,2000.0,2150.0,2100.0,Rs./Quintal,Non-FAQ
Ganjbasoda APMC,0.25,Metric Tonnes,Paddy,2600.0,3900.0,3900.0,Rs./Quintal,FAQ
Gorakhpur APMC,95.2,Metric Tonnes,Paddy,1950.0,2210.0,2210.0,Rs./Quintal,FAQ
Gorakhpur APMC,12.200000000000001,Metric Tonnes,Common,2200.0,2205.0,2205.0,Rs./Quintal,Non-FAQ
Guna APMC,1.451,Metric Tonnes,Dhan,1805.0,3725.0,3725.0,Rs./Quintal,FAQ
Jabalpur APMC,12.590000000000002,Metric Tonnes,Dhan,1800.0,2115.0,1800.0,Rs./Quintal,FAQ
Jaithari APMC,2.145,Metric Tonnes,Common,2021.0,2021.0,2021.0,Rs./Quintal,FAQ
Katni APMC,77.49700000000001,Metric Tonnes,Dhan,1600.0,2418.0,2276.0,Rs./Quintal,Non-FAQ
Khairlangi APMC,2.5,Metric Tonnes,Paddy,2010.0,2250.0,2150.0,Rs./Quintal,Non-FAQ
Krishi Upaj Mandi Samiti Bichhiya,4.364,Metric Tonnes,Dhan,2300.0,2300.0,2300.0,Rs./Quintal,Non-FAQ
Krishi Upaj Mandi Samiti Bichhiya,35.0,Metric Tonnes,Common,2000.0,2000.0,2000.0,Rs./Quintal,Non-FAQ
Krishi Upaj Mandi Samiti Bichhiya,65.7,Metric Tonnes,Common,2102.0,2110.0,2108.0,Rs./Quintal,FAQ
Krishi Upaj Mandi Samiti Bichhiya,109.7,Metric Tonnes,Dhan,2310.0,2350.0,2325.0,Rs./Quintal,FAQ
Magroni APMC,26.224000000000004,Metric Tonnes,Paddy,2784.0,3121.0,3121.0,Rs./Quintal,FAQ
Mandla APMC,105.9,Metric Tonnes,Common,1950.0,2230.0,2200.0,Rs./Quintal,Non-FAQ
Mohgaon APMC,20.700000000000003,Metric Tonnes,Common,2370.0,2373.0,2370.0,Rs./Quintal,FAQ
Obedullaganj APMC,54.341,Metric Tonnes,Basmati,4700.0,4900.0,4800.0,Rs./Quintal,FAQ
Shahpura Niwas APMC,21.872,Metric Tonnes,Dhan,1948.0,1975.0,1975.0,Rs./Quintal,Non-FAQ
Sidhi APMC,24.8,Metric Tonnes,Dhan,1896.0,1910.0,1910.0,Rs./Quintal,Non-FAQ
Udaipura APMC,0.22000000000000003,Metric Tonnes,Paddy,3400.0,3400.0,3400.0,Rs./Quintal,FAQ
Ujjain APMC,18.990000000000002,Metric Tonnes,Paddy,3500.0,3500.0,3500.0,Rs./Quintal,FAQ
Vidisha APMC,3.2020000000000004,Metric Tonnes,Paddy,3400.0,4000.0,4000.0,Rs./Quintal,FAQ
Total,1216.52,Metric Tonnes,,,,2367.47,Rs./Quintal,
State/UT Name : Maharashtra
APMC Armori ,27.1,Metric Tonnes,Other,2830.0,3440.0,2980.0,Rs./Quintal,FAQ
APMC Brahmpuri ,17.9,Metric Tonnes,Other,3000.0,3200.0,3100.0,Rs./Quintal,FAQ
APMC Chamorshi ,7.0,Metric Tonnes,Other,3600.0,3750.0,3645.0,Rs./Quintal,FAQ
APMC Gadchiroli ,8.9,Metric Tonnes,Other,2800.0,3420.0,2960.0,Rs./Quintal,FAQ
APMC Gondiya ,7.1,Metric Tonnes,Other,2700.0,3500.0,3100.0,Rs./Quintal,FAQ
APMC Gondiya ,3.5,Metric Tonnes,Other,2000.0,2200.0,2100.0,Rs./Quintal,Non-FAQ
APMC Gondpimpri ,31.5,Metric Tonnes,Other,3650.0,3750.0,3700.0,Rs./Quintal,FAQ
APMC Mul ,16.0,Metric Tonnes,Other,3600.0,3929.0,3750.0,Rs./Quintal,FAQ
APMC Roha ,0.2,Metric Tonnes,Other,2370.0,2450.0,2410.0,Rs./Quintal,FAQ
APMC Savali ,27.9,Metric Tonnes,Other,3620.0,3980.0,3780.0,Rs./Quintal,FAQ
APMC Sindevahi ,9.5,Metric Tonnes,Other,2600.0,2650.0,2600.0,Rs./Quintal,FAQ
APMC Tiroda ,2.8,Metric Tonnes,Other,2010.0,2068.0,2039.0,Rs./Quintal,Non-FAQ
APMC Tiroda ,39.3,Metric Tonnes,Other,3115.0,3160.0,3138.0,Rs./Quintal,FAQ
Armori(Desaiganj) ,21.8,Metric Tonnes,Other,2600.0,3670.0,3241.0,Rs./Quintal,FAQ
Armori(Desaiganj) ,6.3,Metric Tonnes,Other,2050.0,2300.0,2133.0,Rs./Quintal,Non-FAQ
Total,226.8,Metric Tonnes,,,,3253.02,Rs./Quintal,
State/UT Name : Manipur
Bishenpur APMC,0.8,Metric Tonnes,Other,3000.0,3000.0,3000.0,Rs./Quintal,Local
Imphal APMC,0.7,Metric Tonnes,Other,3000.0,3000.0,3000.0,Rs./Quintal,Local
Kakching Market APMC,1.3,Metric Tonnes,Other,3000.0,3000.0,3000.0,Rs./Quintal,Local
Lamlong Bazaar APMC,1.0,Metric Tonnes,Other,3000.0,3000.0,3000.0,Rs./Quintal,Local
Thoubal APMC,1.0,Metric Tonnes,Other,3000.0,3000.0,3000.0,Rs./Quintal,FAQ
Total,4.8,Metric Tonnes,,,,3000.0,Rs./Quintal,
State/UT Name : NCT of Delhi
APMC Najafgarh,1.0,Metric Tonnes,Paddy,1200.0,2000.0,2000.0,Rs./Quintal,Non-FAQ
APMC Narela,418.6,Metric Tonnes,Paddy,2900.0,3901.0,3400.0,Rs./Quintal,FAQ
Total,419.6,Metric Tonnes,,,,3396.66,Rs./Quintal,
State/UT Name : Odisha
Karanjia APMC,0.30000000000000004,Metric Tonnes,Other,2369.0,2369.0,2369.0,Rs./Quintal,FAQ
Total,0.3,Metric Tonnes,,,,2369.0,Rs./Quintal,
State/UT Name : Rajasthan
Baran APMC,1.0,Metric Tonnes,Other,3201.0,3599.0,3499.0,Rs./Quintal,Local
Bundi APMC,660.0,Metric Tonnes,Other,2500.0,3200.0,2850.0,Rs./Quintal,FAQ
Hanumangarh APMC,38.5,Metric Tonnes,Paddy,2301.0,2382.0,2360.0,Rs./Quintal,Non-FAQ
HanumangarhTown APMC,36.0,Metric Tonnes,I.R. 50,2280.0,2301.0,2280.0,Rs./Quintal,Non-FAQ
Total,735.5,Metric Tonnes,,,,2797.33,Rs./Quintal,
State/UT Name : Tamil Nadu
Ambur APMC,0.38,Metric Tonnes,Other,1600.0,1800.0,1700.0,Rs./Quintal,Local
Ammoor APMC,374.46,Metric Tonnes,Other,2288.0,3425.0,2856.5,Rs./Quintal,Local
Arani APMC,30.36,Metric Tonnes,Other,2625.0,3372.0,2998.5,Rs./Quintal,Local
Avalurpet APMC,178.17,Metric Tonnes,Other,1807.0,3485.0,2646.0,Rs./Quintal,Local
Chetpet APMC,3.99,Metric Tonnes,ADT 37,1763.0,2265.0,2014.0,Rs./Quintal,Local
Cuddalore APMC,18.08,Metric Tonnes,Other,2016.0,2275.0,2145.5,Rs./Quintal,Local
Gingee APMC,259.54,Metric Tonnes,Other,1333.0,3751.0,2542.0,Rs./Quintal,Local
Kallupatti RM APMC,27.35,Metric Tonnes,Other,1600.0,1700.0,1650.0,Rs./Quintal,Local
Kanchipuram APMC,13.72,Metric Tonnes,ADT 37,2100.0,2300.0,2200.0,Rs./Quintal,Local
Madurai APMC,31.14,Metric Tonnes,Other,3400.0,4000.0,3700.0,Rs./Quintal,Local
Manamadurai  APMC,8.33,Metric Tonnes,Other,2200.0,2400.0,2300.0,Rs./Quintal,Local
Polur(Thiruvannamalai) APMC,0.98,Metric Tonnes,ADT 37,2000.0,2000.0,2000.0,Rs./Quintal,Local
Sangarapuram APMC,4.7,Metric Tonnes,Other,1788.0,2821.0,2304.5,Rs./Quintal,Local
Sathankulam APMC,30.1,Metric Tonnes,Other,1900.0,2150.0,2025.0,Rs./Quintal,Local
Thirunavalur APMC,3.69,Metric Tonnes,Other,2164.0,2585.0,2374.5,Rs./Quintal,Local
Ulundurpettai APMC,11.44,Metric Tonnes,ADT 37,1968.0,2572.0,2270.0,Rs./Quintal,Local
Uthukottai APMC,5.21,Metric Tonnes,Other,1850.0,1950.0,1900.0,Rs./Quintal,Local
Vandavasi APMC,121.95,Metric Tonnes,Other,1719.0,3239.0,2479.0,Rs./Quintal,Local
Vellore APMC,0.76,Metric Tonnes,Other,2023.0,3544.0,2783.5,Rs./Quintal,Local
Villupuram APMC,52.68,Metric Tonnes,Other,2015.0,3204.0,2609.5,Rs./Quintal,Local
Total,1177.03,Metric Tonnes,,,,2641.65,Rs./Quintal,
State/UT Name : Telangana
Alampur APMC,20.0,Metric Tonnes,Common,2000.0,2400.0,2200.0,Rs./Quintal,Local
Bhadrachalam APMC,0.001,Metric Tonnes,Samba Masuri,2389.0,2389.0,2389.0,Rs./Quintal,FAQ
Gajwel APMC,4.0,Metric Tonnes,1001,2400.0,2400.0,2400.0,Rs./Quintal,Local
Gangadhara APMC,0.001,Metric Tonnes,I.R.-64,2369.0,2369.0,2369.0,Rs./Quintal,FAQ
Huzurnagar APMC,0.001,Metric Tonnes,B P T,2461.0,2461.0,2461.0,Rs./Quintal,Local
Kallur APMC,32.0,Metric Tonnes,Paddy,2300.0,2400.0,2369.0,Rs./Quintal,FAQ
Karimnagar APMC,25.0,Metric Tonnes,Paddy,2500.0,2500.0,2500.0,Rs./Quintal,Non-FAQ
Nelakondapally APMC,28.0,Metric Tonnes,HMT,2360.0,2400.0,2389.0,Rs./Quintal,Local
Neredcherla APMC,145.0,Metric Tonnes,B P T,2450.0,2450.0,2450.0,Rs./Quintal,Local
Sattupally APMC,159.5,Metric Tonnes,Samba Masuri,2300.0,2369.0,2350.0,Rs./Quintal,Non-FAQ
Tirumalagiri APMC,0.001,Metric Tonnes,B P T,2389.0,2389.0,2389.0,Rs./Quintal,FAQ
V.Saidapur APMC,0.1,Metric Tonnes,MTU-1010,2389.0,2389.0,2389.0,Rs./Quintal,FAQ
V.Saidapur APMC,0.1,Metric Tonnes,1001,2369.0,2369.0,2369.0,Rs./Quintal,Non-FAQ
Total,413.7,Metric Tonnes,,,,2391.47,Rs./Quintal,
State/UT Name : Tripura
Kadamtala,0.5,Metric Tonnes,Masuri,3500.0,4200.0,4000.0,Rs./Quintal,FAQ
Melaghar APMC,1.0,Metric Tonnes,Paddy fine,2100.0,2150.0,2125.0,Rs./Quintal,Local
Melaghar APMC,1.5,Metric Tonnes,Masuri,2025.0,2075.0,2050.0,Rs./Quintal,Local
Total,3.0,Metric Tonnes,,,,2400.0,Rs./Quintal,
State/UT Name : Uttar Pradesh
Ahirora APMC,25.4,Metric Tonnes,Other,2300.0,2350.0,2323.5,Rs./Quintal,FAQ
Akbarpur APMC,102.0,Metric Tonnes,Common,2200.0,2200.0,2200.0,Rs./Quintal,FAQ
Ayodhya APMC,29.72,Metric Tonnes,Common,2000.0,2000.0,2000.0,Rs./Quintal,FAQ
Azamgarh APMC,11.12,Metric Tonnes,Common,2200.0,2200.0,2200.0,Rs./Quintal,FAQ
Bachranwa APMC,44.0,Metric Tonnes,Common,3050.0,3050.0,3050.0,Rs./Quintal,FAQ
Baheri APMC,13.93,Metric Tonnes,Common,2369.0,2369.0,2369.0,Rs./Quintal,FAQ
Bahraich APMC,8.18,Metric Tonnes,Other,2000.0,2000.0,2000.0,Rs./Quintal,FAQ
Bangarmau APMC,69.955,Metric Tonnes,Common,2800.0,2800.0,2800.0,Rs./Quintal,FAQ
Banthara APMC,20.72,Metric Tonnes,Other,2650.0,2700.0,2666.75,Rs./Quintal,FAQ
Banthara APMC,100.67,Metric Tonnes,Common,3000.0,3000.0,3000.0,Rs./Quintal,FAQ
Bareilly APMC,9.435,Metric Tonnes,Basmati,3500.0,3500.0,3500.0,Rs./Quintal,FAQ
Bareilly APMC,24.31,Metric Tonnes,Other,4525.0,4525.0,4525.0,Rs./Quintal,FAQ
Basti APMC,32.3,Metric Tonnes,Common,2500.0,2500.0,2500.0,Rs./Quintal,FAQ
Bhehjoi APMC,163.8,Metric Tonnes,Other,2490.0,2540.0,2513.03,Rs./Quintal,FAQ
Bilaspur APMC,35.75,Metric Tonnes,Common,2200.0,2200.0,2200.0,Rs./Quintal,FAQ
Buland Shahr APMC,173.349,Metric Tonnes,Basmati,3201.0,3818.0,3462.88,Rs./Quintal,FAQ
Buland Shahr APMC,202.43,Metric Tonnes,Other,3251.0,3751.0,3530.71,Rs./Quintal,FAQ
Chandausi APMC,82.5,Metric Tonnes,Other,2600.0,2600.0,2600.0,Rs./Quintal,FAQ
Charra APMC,15.591,Metric Tonnes,Other,3500.0,3500.0,3500.0,Rs./Quintal,FAQ
Charra APMC,5.036,Metric Tonnes,Basmati,3500.0,3500.0,3500.0,Rs./Quintal,FAQ
Divai APMC,18.0,Metric Tonnes,Other,3050.0,3050.0,3050.0,Rs./Quintal,FAQ
Dudhi APMC,10.0,Metric Tonnes,Other,1900.0,1900.0,1900.0,Rs./Quintal,FAQ
Gangoh APMC,113.63,Metric Tonnes,Other,3000.0,3850.0,3643.56,Rs./Quintal,FAQ
Gangoh APMC,327.005,Metric Tonnes,Basmati,3000.0,4200.0,3624.5,Rs./Quintal,FAQ
Golagokarnath APMC,120.28,Metric Tonnes,Common,1715.0,3000.0,2373.42,Rs./Quintal,FAQ
Gorakhpur APMC,23.5,Metric Tonnes,Common,2200.0,2200.0,2200.0,Rs./Quintal,FAQ
Gulavati APMC,1.4,Metric Tonnes,Basmati,3051.0,3051.0,3051.0,Rs./Quintal,FAQ
Gulavati APMC,47.615,Metric Tonnes,Other,3451.0,3800.0,3558.67,Rs./Quintal,FAQ
Hapur APMC,157.6,Metric Tonnes,Basmati,3500.0,3981.0,3683.69,Rs./Quintal,FAQ
Hardoi APMC,20.9,Metric Tonnes,Common,2850.0,2900.0,2884.45,Rs./Quintal,FAQ
Hardoi APMC,80.0,Metric Tonnes,Other,1850.0,1850.0,1850.0,Rs./Quintal,FAQ
Jahangirabad APMC,24.53,Metric Tonnes,Common,3300.0,3501.0,3351.48,Rs./Quintal,FAQ
Jahangirabad APMC,61.0465,Metric Tonnes,Basmati,3300.0,3701.0,3388.21,Rs./Quintal,FAQ
Jahangirabad APMC,387.229,Metric Tonnes,Other,3300.0,4201.0,3611.89,Rs./Quintal,FAQ
Jalalabad APMC,9.1,Metric Tonnes,I.R. 20,1800.0,1800.0,1800.0,Rs./Quintal,FAQ
Jalalabad APMC,285.1,Metric Tonnes,Other,1800.0,1800.0,1800.0,Rs./Quintal,FAQ
Jayas APMC,17.04,Metric Tonnes,Common,2600.0,2600.0,2600.0,Rs./Quintal,FAQ
Khair APMC,20.0,Metric Tonnes,Other,3300.0,3300.0,3300.0,Rs./Quintal,FAQ
Khalilabad APMC,18.8,Metric Tonnes,Common,2400.0,2400.0,2400.0,Rs./Quintal,FAQ
Kosikalan APMC,2.05,Metric Tonnes,Kalanamak,3100.0,3100.0,3100.0,Rs./Quintal,FAQ
Kosikalan APMC,91.852,Metric Tonnes,Common,3011.0,3731.0,3435.17,Rs./Quintal,FAQ
Kosikalan APMC,265.607,Metric Tonnes,Other,3000.0,3711.0,3414.75,Rs./Quintal,FAQ
Kosikalan APMC,600.221,Metric Tonnes,Basmati,3000.0,3751.0,3485.38,Rs./Quintal,FAQ
Lakhimpur APMC,30.2,Metric Tonnes,Common,1850.0,1850.0,1850.0,Rs./Quintal,FAQ
Lalganj APMC,82.678,Metric Tonnes,Common,2700.0,2700.0,2700.0,Rs./Quintal,FAQ
Lalganj APMC,13.5,Metric Tonnes,Samba Masuri,2850.0,2850.0,2850.0,Rs./Quintal,FAQ
Madhoganj APMC,8.0,Metric Tonnes,Common,2000.0,2000.0,2000.0,Rs./Quintal,FAQ
Mathura APMC,17.395,Metric Tonnes,Other,3711.0,3711.0,3711.0,Rs./Quintal,FAQ
Mathura APMC,16.513,Metric Tonnes,Basmati,3301.0,3681.0,3639.64,Rs./Quintal,FAQ
Milak APMC,34.0,Metric Tonnes,Basmati,3200.0,3400.0,3310.06,Rs./Quintal,FAQ
Mirzapur APMC,136.05,Metric Tonnes,Common,2150.0,2150.0,2150.0,Rs./Quintal,FAQ
Mugrabaadshahpur APMC,126.53,Metric Tonnes,Common,2150.0,2150.0,2150.0,Rs./Quintal,FAQ
Nawabganj APMC,32.4,Metric Tonnes,Common,2500.0,2600.0,2555.56,Rs./Quintal,FAQ
Partaval APMC,3.0,Metric Tonnes,Common,2200.0,2200.0,2200.0,Rs./Quintal,FAQ
Powayan APMC,84.2,Metric Tonnes,Common,1850.0,2000.0,1937.9,Rs./Quintal,FAQ
Pratapgarh APMC,177.3,Metric Tonnes,Common,2200.0,2200.0,2200.0,Rs./Quintal,FAQ
Prayagraj APMC,3.4,Metric Tonnes,Common,1850.0,1850.0,1850.0,Rs./Quintal,FAQ
Puranpur APMC,14.905,Metric Tonnes,Basmati,4200.0,4200.0,4200.0,Rs./Quintal,FAQ
Puranpur APMC,98.295,Metric Tonnes,Common,2400.0,2500.0,2474.74,Rs./Quintal,FAQ
Puranpur APMC,46.719,Metric Tonnes,Other,2500.0,3000.0,2782.53,Rs./Quintal,FAQ
Raibareilly APMC,41.77,Metric Tonnes,Common,3100.0,3250.0,3215.88,Rs./Quintal,FAQ
Robertsganj APMC,121.88,Metric Tonnes,Common,2600.0,2600.0,2600.0,Rs./Quintal,FAQ
Safdarganj APMC,43.9,Metric Tonnes,Common,2100.0,2100.0,2100.0,Rs./Quintal,FAQ
Salon APMC,2.0,Metric Tonnes,Common,3000.0,3000.0,3000.0,Rs./Quintal,FAQ
Sambhal APMC,64.194,Metric Tonnes,Common,2880.0,2928.0,2903.15,Rs./Quintal,FAQ
Sambhal APMC,305.667,Metric Tonnes,Other,2580.0,2990.0,2674.87,Rs./Quintal,FAQ
Shahabad(New Mandi) APMC,30.6,Metric Tonnes,Other,2050.0,2050.0,2050.0,Rs./Quintal,FAQ
Shahjahanpur APMC,2.32,Metric Tonnes,Common,1810.0,1810.0,1810.0,Rs./Quintal,FAQ
Sikanderabad APMC,8.75,Metric Tonnes,Basmati,3051.0,3501.0,3274.71,Rs./Quintal,FAQ
Sitapur APMC,3.2,Metric Tonnes,Common,1900.0,1900.0,1900.0,Rs./Quintal,FAQ
Sultanpur APMC,24.74,Metric Tonnes,Common,2900.0,2950.0,2935.52,Rs./Quintal,FAQ
Tilhar APMC,7.8,Metric Tonnes,Common,1700.0,1700.0,1700.0,Rs./Quintal,FAQ
Tulsipur APMC,13.5,Metric Tonnes,Common,1900.0,1900.0,1900.0,Rs./Quintal,FAQ
Unnao APMC,18.9,Metric Tonnes,Other,2600.0,2600.0,2600.0,Rs./Quintal,FAQ
Yusufpur APMC,56.96,Metric Tonnes,Common,2900.0,2900.0,2900.0,Rs./Quintal,FAQ
Total,5543.97,Metric Tonnes,,,,2937.82,Rs./Quintal,
State/UT Name : West Bengal
Bankura Sadar APMC,4.0,Metric Tonnes,Common,2000.0,2400.0,2369.0,Rs./Quintal,FAQ
Birbhum APMC,63.0,Metric Tonnes,Common,2371.0,2373.0,2372.0,Rs./Quintal,FAQ
Bolpur APMC,60.0,Metric Tonnes,Common,2371.0,2373.0,2372.0,Rs./Quintal,FAQ
Ghatal APMC,13.0,Metric Tonnes,Common,2440.0,2460.0,2450.0,Rs./Quintal,FAQ
Indus(Bankura Sadar) APMC,3.25,Metric Tonnes,Common,2000.0,2400.0,2369.0,Rs./Quintal,FAQ
Jangipur APMC,32.25,Metric Tonnes,I.R. 36,2450.0,2550.0,2500.0,Rs./Quintal,FAQ
Jiaganj APMC,6.0,Metric Tonnes,I.R. 36,2400.0,2500.0,2450.0,Rs./Quintal,FAQ
Khatra APMC,1.6,Metric Tonnes,Swarna Masuri (New),2300.0,2389.0,2369.0,Rs./Quintal,FAQ
Sainthia APMC,64.0,Metric Tonnes,Common,2371.0,2373.0,2372.0,Rs./Quintal,FAQ
Total,247.1,Metric Tonnes,,,,2394.6,Rs./Quintal,
Grand Total,21004.53,Metric Tonnes,,,,2700.79,Rs./Quintal,
Rice
State/UT Name : Andhra Pradesh
Narasaraopet APMC,0.1,Metric Tonnes,B P T,6000.0,6000.0,6000.0,Rs./Quintal,FAQ
Tiruvuru APMC,70.0,Metric Tonnes,Sona,4900.0,4900.0,4900.0,Rs./Quintal,Local
Visakhapatnam APMC,0.1,Metric Tonnes,B P T,6300.0,6300.0,6300.0,Rs./Quintal,Grade Range-1
Total,70.2,Metric Tonnes,,,,4903.56,Rs./Quintal,
State/UT Name : Assam
Fancy Bazaar APMC,65.0,Metric Tonnes,Super Fine,7500.0,12000.0,9500.0,Rs./Quintal,FAQ
Fancy Bazaar APMC,75.0,Metric Tonnes,Common,3100.0,3500.0,3300.0,Rs./Quintal,FAQ
Fancy Bazaar APMC,55.0,Metric Tonnes,Fine,3200.0,11000.0,7500.0,Rs./Quintal,FAQ
Total,195.0,Metric Tonnes,,,,6551.28,Rs./Quintal,
State/UT Name : Gujarat
Dahod APMC,1.5,Metric Tonnes,Lashkari,5000.0,6500.0,6065.0,Rs./Quintal,FAQ
Total,1.5,Metric Tonnes,,,,6065.0,Rs./Quintal,
State/UT Name : Karnataka
Arakalgud APMC,16.2,Metric Tonnes,Coarse,4500.0,4500.0,4500.0,Rs./Quintal,Medium
Bengaluru APMC,1928.7,Metric Tonnes,Fine,6000.0,7000.0,6500.0,Rs./Quintal,Medium
Bengaluru APMC,1446.5,Metric Tonnes,Dappa,3000.0,3100.0,3050.0,Rs./Quintal,Medium
Bengaluru APMC,1446.5,Metric Tonnes,Medium,5500.0,6000.0,5750.0,Rs./Quintal,Medium
Bhadravathi APMC,84.30000000000001,Metric Tonnes,Medium,2500.0,2700.0,2700.0,Rs./Quintal,Local
Bhadravathi APMC,60.0,Metric Tonnes,Broken Rice,2650.0,2650.0,2650.0,Rs./Quintal,Local
Bidar APMC,20.0,Metric Tonnes,CR 1009 (Coarse) Boiled,4600.0,5600.0,5100.0,Rs./Quintal,Small
Bidar APMC,5.0,Metric Tonnes,Broken Rice,2500.0,4000.0,3500.0,Rs./Quintal,Small
Chintamani APMC,27.700000000000003,Metric Tonnes,Sona,5700.0,6500.0,6000.0,Rs./Quintal,Local
Davangere APMC,17.7,Metric Tonnes,Broken Rice,2200.0,2200.0,2200.0,Rs./Quintal,Local
Davangere APMC,35.0,Metric Tonnes,Medium,2400.0,2400.0,2400.0,Rs./Quintal,Local
Gadag APMC,3.2,Metric Tonnes,Fine,7800.0,9500.0,8690.0,Rs./Quintal,Medium
H.B. Halli APMC,3.4000000000000004,Metric Tonnes,Broken Rice,2700.0,2700.0,2700.0,Rs./Quintal,Large
K.R. Pet APMC,20.0,Metric Tonnes,Broken Rice,2200.0,2200.0,2200.0,Rs./Quintal,Local
Kalaburagi APMC,2.2,Metric Tonnes,Broken Rice,2350.0,3600.0,2500.0,Rs./Quintal,Local
Kalaburagi APMC,2.0,Metric Tonnes,Coarse,3400.0,4250.0,3800.0,Rs./Quintal,Local
Kalaburagi APMC,3.0,Metric Tonnes,Fine,4200.0,5550.0,4350.0,Rs./Quintal,Local
Kampli APMC,23.6,Metric Tonnes,Medium,5720.0,5720.0,5720.0,Rs./Quintal,Local
Malavalli APMC,100.0,Metric Tonnes,Coarse,2600.0,2600.0,2600.0,Rs./Quintal,Medium
Mandya APMC,21.5,Metric Tonnes,Other,2210.0,2250.0,2210.0,Rs./Quintal,Local
Mandya APMC,249.0,Metric Tonnes,Broken Rice,2200.0,2500.0,2200.0,Rs./Quintal,Local
Manvi APMC,203.0,Metric Tonnes,Other,2850.0,2850.0,2850.0,Rs./Quintal,Small
Mundgod APMC,17.900000000000002,Metric Tonnes,Boiled Rice,2440.0,2450.0,2440.0,Rs./Quintal,Medium
Nippani APMC,616.0,Metric Tonnes,Medium,2320.0,2320.0,2320.0,Rs./Quintal,Small
Shimoga APMC,45.0,Metric Tonnes,Dappa,2600.0,2600.0,2600.0,Rs./Quintal,Large
Sindhanur APMC,25.6,Metric Tonnes,Broken Rice,2300.0,2320.0,2300.0,Rs./Quintal,Local
Sindhanur APMC,21.0,Metric Tonnes,Medium,5010.0,5010.0,5010.0,Rs./Quintal,Local
Somvarpet APMC,6.0,Metric Tonnes,Coarse (I.R.20),2800.0,2800.0,2800.0,Rs./Quintal,Grade Range-1
Sorabha APMC,25.0,Metric Tonnes,Fine,2500.0,2500.0,2500.0,Rs./Quintal,Local
Tumakuru APMC,467.5,Metric Tonnes,Other,4000.0,6500.0,5100.0,Rs./Quintal,Local
Total,6942.5,Metric Tonnes,,,,4613.23,Rs./Quintal,
State/UT Name : Keralam
Kottayam Market,6.0,Metric Tonnes,Other,4400.0,5400.0,4900.0,Rs./Quintal,FAQ
Total,6.0,Metric Tonnes,,,,4900.0,Rs./Quintal,
State/UT Name : Maharashtra
APMC  VASAI,23.0,Metric Tonnes,1009 Kar,3505.0,4690.0,4250.0,Rs./Quintal,Local
APMC Alibagh ,1.0,Metric Tonnes,Other,4000.0,4500.0,4250.0,Rs./Quintal,Local
APMC Bhandara ,0.1,Metric Tonnes,1009 Kar,5700.0,5700.0,5700.0,Rs./Quintal,Local
APMC Kalyan ,0.3,Metric Tonnes,Other,8200.0,10200.0,9200.0,Rs./Quintal,Local
APMC Karjat(Raigad) ,6.5,Metric Tonnes,Other,4000.0,5800.0,5200.0,Rs./Quintal,Local
APMC Mangaon ,5.7,Metric Tonnes,Other,1900.0,4800.0,3800.0,Rs./Quintal,Local
APMC Mumbai ,334.4,Metric Tonnes,Other,8000.0,11000.0,10000.0,Rs./Quintal,Local
APMC Murud ,1.0,Metric Tonnes,Other,4000.0,4500.0,4250.0,Rs./Quintal,Local
APMC Nagpur ,10.3,Metric Tonnes,Other,3000.0,3200.0,3150.0,Rs./Quintal,Local
APMC Palghar ,31.0,Metric Tonnes,1009 Kar,4900.0,4900.0,4900.0,Rs./Quintal,Local
APMC Pune ,56.6,Metric Tonnes,Other,4800.0,7200.0,6000.0,Rs./Quintal,Local
APMC Sangli ,81.2,Metric Tonnes,Other,5000.0,9000.0,7000.0,Rs./Quintal,Local
APMC Solapur ,80.6,Metric Tonnes,Other,3575.0,7360.0,4170.0,Rs./Quintal,Local
APMC Ulhasnagar ,47.0,Metric Tonnes,Other,4000.0,6000.0,5000.0,Rs./Quintal,Local
Total,678.7,Metric Tonnes,,,,7621.17,Rs./Quintal,
State/UT Name : Manipur
Bishenpur APMC,1.4,Metric Tonnes,Other,5100.0,5100.0,5100.0,Rs./Quintal,Local
Imphal APMC,1.7,Metric Tonnes,Other,5100.0,5100.0,5100.0,Rs./Quintal,Local
Kakching Market APMC,1.5,Metric Tonnes,Other,5100.0,5100.0,5100.0,Rs./Quintal,Local
Lamlong Bazaar APMC,1.3,Metric Tonnes,Other,5100.0,5100.0,5100.0,Rs./Quintal,Local
Thoubal APMC,1.4,Metric Tonnes,Other,5100.0,5100.0,5100.0,Rs./Quintal,Local
Total,7.3,Metric Tonnes,,,,5100.0,Rs./Quintal,
State/UT Name : Meghalaya
Shillong APMC,1.0,Metric Tonnes,Khaw Khasi,5600.0,5800.0,5700.0,Rs./Quintal,FAQ
Total,1.0,Metric Tonnes,,,,5700.0,Rs./Quintal,
State/UT Name : Odisha
Bolangir APMC,7.0,Metric Tonnes,Suvarna Best,3600.0,4000.0,3800.0,Rs./Quintal,Local
Karanjia APMC,0.30000000000000004,Metric Tonnes,Common,3500.0,3600.0,3600.0,Rs./Quintal,FAQ
Karanjia APMC,0.30000000000000004,Metric Tonnes,Other,3600.0,3700.0,3700.0,Rs./Quintal,FAQ
Tusura APMC,6.0,Metric Tonnes,Boiled Rice,3600.0,4000.0,3800.0,Rs./Quintal,Local
Total,13.6,Metric Tonnes,,,,3793.38,Rs./Quintal,
State/UT Name : Tripura
Bishalgarh APMC,0.4,Metric Tonnes,Fine,4300.0,4500.0,4400.0,Rs./Quintal,Local
Bishalgarh APMC,0.4,Metric Tonnes,Masuri,3700.0,3900.0,3800.0,Rs./Quintal,Local
Dasda APMC,0.4,Metric Tonnes,Other,3250.0,3250.0,3250.0,Rs./Quintal,FAQ
Jampuijala APMC,0.1,Metric Tonnes,Fine,4000.0,4400.0,4200.0,Rs./Quintal,Grade Range-1
Masli,0.9,Metric Tonnes,1009 Kar,3200.0,4000.0,3500.0,Rs./Quintal,Local
Melaghar APMC,0.5,Metric Tonnes,Fine,5000.0,5200.0,5100.0,Rs./Quintal,Local
Melaghar APMC,0.5,Metric Tonnes,Masuri,4000.0,4200.0,4100.0,Rs./Quintal,Local
Total,3.2,Metric Tonnes,,,,3984.38,Rs./Quintal,
State/UT Name : Uttar Pradesh
Agra APMC,15.0,Metric Tonnes,Common,3451.0,3451.0,3451.0,Rs./Quintal,FAQ
Ahirora APMC,14.85,Metric Tonnes,Common,3400.0,5000.0,3723.23,Rs./Quintal,FAQ
Akbarpur APMC,50.535,Metric Tonnes,Common,2550.0,2550.0,2550.0,Rs./Quintal,FAQ
Anandnagar APMC,3.78,Metric Tonnes,Common,2400.0,2400.0,2400.0,Rs./Quintal,FAQ
Azamgarh APMC,82.26,Metric Tonnes,Common,2400.0,2800.0,2565.33,Rs./Quintal,FAQ
Bachranwa APMC,11.57,Metric Tonnes,Common,2700.0,2700.0,2700.0,Rs./Quintal,FAQ
Bahraich APMC,206.27,Metric Tonnes,Common,2300.0,2775.0,2653.48,Rs./Quintal,FAQ
Balrampur APMC,16.0,Metric Tonnes,Common,2700.0,2800.0,2743.75,Rs./Quintal,FAQ
Banda APMC,3.65,Metric Tonnes,Common,2405.0,2405.0,2405.0,Rs./Quintal,FAQ
Banda APMC,30.09,Metric Tonnes,Other,2400.0,2420.0,2408.57,Rs./Quintal,FAQ
Banthara APMC,161.136,Metric Tonnes,Common,2200.0,2890.0,2583.87,Rs./Quintal,FAQ
Basti APMC,66.235,Metric Tonnes,Common,2500.0,2500.0,2500.0,Rs./Quintal,FAQ
Devariya APMC,16.39,Metric Tonnes,Common,2400.0,2400.0,2400.0,Rs./Quintal,FAQ
Etawah APMC,16.4,Metric Tonnes,Other,2300.0,2300.0,2300.0,Rs./Quintal,FAQ
Firozabad APMC,30.0,Metric Tonnes,Common,10100.3,10100.3,10100.3,Rs./Quintal,FAQ
Gadaura APMC,31.0,Metric Tonnes,Common,2300.0,2300.0,2300.0,Rs./Quintal,FAQ
Golagokarnath APMC,40.0,Metric Tonnes,Other,5750.0,6850.0,6041.5,Rs./Quintal,FAQ
Hardoi APMC,30.0,Metric Tonnes,Other,2600.0,2600.0,2600.0,Rs./Quintal,FAQ
Jangipura APMC,60.2,Metric Tonnes,Common,2640.0,2700.0,2665.51,Rs./Quintal,FAQ
Jhijhank APMC,22.5,Metric Tonnes,Common,2800.0,2800.0,2800.0,Rs./Quintal,FAQ
Karvi APMC,10.44,Metric Tonnes,Common,2700.0,2700.0,2700.0,Rs./Quintal,FAQ
Kopaganj APMC,55.08,Metric Tonnes,Common,2450.0,2620.0,2527.66,Rs./Quintal,FAQ
Lucknow APMC,97.62,Metric Tonnes,Common,2802.17,9386.5,7391.31,Rs./Quintal,FAQ
Madhoganj APMC,19.5,Metric Tonnes,Common,3000.0,3000.0,3000.0,Rs./Quintal,FAQ
Mau(Chitrakut) APMC,13.2,Metric Tonnes,Other,2700.0,2700.0,2700.0,Rs./Quintal,FAQ
Mehmoodabad APMC,24.95,Metric Tonnes,Common,2220.0,2230.0,2224.4,Rs./Quintal,FAQ
Mugrabaadshahpur APMC,30.0,Metric Tonnes,Common,2000.0,2000.0,2000.0,Rs./Quintal,FAQ
Nagina APMC,26.25,Metric Tonnes,Common,5392.0,5392.0,5392.0,Rs./Quintal,FAQ
Naugarh APMC,102.4,Metric Tonnes,Common,2000.0,2600.0,2014.06,Rs./Quintal,FAQ
Nautnava APMC,26.48,Metric Tonnes,Common,2000.0,2000.0,2000.0,Rs./Quintal,FAQ
Pilibhit APMC,25.69,Metric Tonnes,Other,10100.0,10100.0,10100.0,Rs./Quintal,FAQ
Purwa APMC,79.6,Metric Tonnes,Common,2500.0,2615.0,2521.67,Rs./Quintal,FAQ
Rampur APMC,6.0,Metric Tonnes,Common,9111.1,9111.1,9111.1,Rs./Quintal,FAQ
Saharanpur APMC,7.5,Metric Tonnes,Other,3450.0,3450.0,3450.0,Rs./Quintal,FAQ
Sehjanwa APMC,37.5,Metric Tonnes,Common,2200.0,2200.0,2200.0,Rs./Quintal,FAQ
Shohratgarh APMC,20.0,Metric Tonnes,Common,2550.0,2550.0,2550.0,Rs./Quintal,FAQ
Sitapur APMC,66.3,Metric Tonnes,Common,2500.0,2575.0,2505.38,Rs./Quintal,FAQ
Sultanpur APMC,70.37,Metric Tonnes,Common,2500.0,3700.0,2711.32,Rs./Quintal,FAQ
Tanda(Rampur) APMC,41.79,Metric Tonnes,Other,8500.0,8500.0,8500.0,Rs./Quintal,FAQ
Unnao APMC,3.2,Metric Tonnes,Common,2480.0,2480.0,2480.0,Rs./Quintal,FAQ
Unnao APMC,766.1,Metric Tonnes,Broken Rice(Kanki),2466.85,2830.6,2502.44,Rs./Quintal,FAQ
Utraula APMC,5.5,Metric Tonnes,Common,2500.0,2500.0,2500.0,Rs./Quintal,FAQ
Uttaripura APMC,23.6,Metric Tonnes,Common,2150.0,2150.0,2150.0,Rs./Quintal,FAQ
Varanasi APMC,41.6,Metric Tonnes,Common,2500.0,5510.0,4373.1,Rs./Quintal,FAQ
Yusufpur APMC,30.6,Metric Tonnes,Common,2500.0,2500.0,2500.0,Rs./Quintal,FAQ
Total,2539.14,Metric Tonnes,,,,3099.41,Rs./Quintal,
State/UT Name : Uttarakhand
Bazpur APMC,20.0,Metric Tonnes,Common,3673.0,3673.0,3673.0,Rs./Quintal,FAQ
Gadarpur APMC,165.5,Metric Tonnes,Other,3590.0,3590.0,3590.0,Rs./Quintal,Local
Tanakpur APMC,3.0,Metric Tonnes,Other,5100.0,5100.0,5100.0,Rs./Quintal,Grade Range-1
Total,188.5,Metric Tonnes,,,,3622.84,Rs./Quintal,
State/UT Name : West Bengal
Asansol APMC,55.0,Metric Tonnes,Fine,4675.0,4850.0,4750.0,Rs./Quintal,FAQ
Balarampur APMC,7.8,Metric Tonnes,Other,3500.0,3700.0,3600.0,Rs./Quintal,FAQ
Bankura Sadar APMC,25.5,Metric Tonnes,Common,3200.0,3300.0,3250.0,Rs./Quintal,FAQ
Baruipur(Canning) APMC,7.5,Metric Tonnes,Common,3200.0,3400.0,3300.0,Rs./Quintal,FAQ
Baruipur(Canning) APMC,7.0,Metric Tonnes,Fine,5100.0,5300.0,5200.0,Rs./Quintal,FAQ
Baxirhat APMC,16.0,Metric Tonnes,Common,4000.0,4200.0,4100.0,Rs./Quintal,FAQ
Beldanga APMC,3.0,Metric Tonnes,Other,3500.0,3700.0,3600.0,Rs./Quintal,FAQ
Bethuadahari APMC,8.8,Metric Tonnes,Fine,5100.0,5300.0,5200.0,Rs./Quintal,Grade Range-1
Birbhum APMC,37.0,Metric Tonnes,Common,3650.0,3750.0,3700.0,Rs./Quintal,FAQ
Bishnupur(Bankura) APMC,0.24,Metric Tonnes,Fine,4600.0,4800.0,4700.0,Rs./Quintal,FAQ
Bishnupur(Bankura) APMC,0.30000000000000004,Metric Tonnes,Common,3600.0,3750.0,3650.0,Rs./Quintal,FAQ
Bolpur APMC,31.0,Metric Tonnes,Common,3650.0,3750.0,3700.0,Rs./Quintal,FAQ
Burdwan APMC,22.0,Metric Tonnes,Fine,3650.0,3800.0,3700.0,Rs./Quintal,FAQ
Burdwan APMC,18.0,Metric Tonnes,Common,3300.0,3500.0,3350.0,Rs./Quintal,FAQ
Champadanga APMC,2.0,Metric Tonnes,Sona Mansoori Non Basmati,3300.0,3350.0,3300.0,Rs./Quintal,FAQ
Champadanga APMC,2.6,Metric Tonnes,Fine,4650.0,4750.0,4700.0,Rs./Quintal,FAQ
Diamond Harbour(South 24-pgs) APMC,8.5,Metric Tonnes,Common,3300.0,3500.0,3400.0,Rs./Quintal,FAQ
Diamond Harbour(South 24-pgs) APMC,7.0,Metric Tonnes,Super Fine,5000.0,5200.0,5100.0,Rs./Quintal,FAQ
Dinhata APMC,15.0,Metric Tonnes,Common,4000.0,4200.0,4100.0,Rs./Quintal,FAQ
Durgapur APMC,52.0,Metric Tonnes,Fine,4650.0,4860.0,4750.0,Rs./Quintal,FAQ
Egra/contai APMC,45.0,Metric Tonnes,Fine,3200.0,3400.0,3300.0,Rs./Quintal,FAQ
Ghatal APMC,13.100000000000001,Metric Tonnes,Masuri,3600.0,3650.0,3630.0,Rs./Quintal,FAQ
Guskara APMC,35.5,Metric Tonnes,Fine,3800.0,3900.0,3850.0,Rs./Quintal,FAQ
Guskara APMC,10.5,Metric Tonnes,Common,3250.0,3300.0,3300.0,Rs./Quintal,FAQ
Haldibari APMC,15.0,Metric Tonnes,Common,4000.0,4200.0,4100.0,Rs./Quintal,FAQ
Indus(Bankura Sadar) APMC,6.050000000000001,Metric Tonnes,Fine,4500.0,4650.0,4600.0,Rs./Quintal,FAQ
Jangipur APMC,27.35,Metric Tonnes,Common,5100.0,5300.0,5200.0,Rs./Quintal,FAQ
Jiaganj APMC,14.0,Metric Tonnes,Fine,3550.0,3650.0,3600.0,Rs./Quintal,FAQ
Kaliaganj APMC,13.0,Metric Tonnes,Fine,5400.0,5600.0,5500.0,Rs./Quintal,FAQ
Kalipur APMC,13.2,Metric Tonnes,Fine,4600.0,4700.0,4650.0,Rs./Quintal,FAQ
Kalipur APMC,11.4,Metric Tonnes,Common,3260.0,3300.0,3280.0,Rs./Quintal,FAQ
Kalna APMC,36.5,Metric Tonnes,Fine,3850.0,3900.0,3900.0,Rs./Quintal,FAQ
Kalna APMC,10.5,Metric Tonnes,Other,3250.0,3300.0,3300.0,Rs./Quintal,FAQ
Kalyani APMC,6.0,Metric Tonnes,Fine,4800.0,5000.0,4900.0,Rs./Quintal,Local
Kalyani APMC,3.0,Metric Tonnes,Sona,4600.0,4800.0,4700.0,Rs./Quintal,Local
Kalyani APMC,3.0,Metric Tonnes,Masuri,3300.0,3500.0,3400.0,Rs./Quintal,Local
Kandi APMC,12.0,Metric Tonnes,Common,3500.0,3700.0,3600.0,Rs./Quintal,FAQ
Karimpur APMC,11.5,Metric Tonnes,Fine,4800.0,5000.0,4900.0,Rs./Quintal,Grade Range-1
Kasimbazar APMC,12.0,Metric Tonnes,Common,3500.0,3700.0,3600.0,Rs./Quintal,FAQ
Khatra APMC,0.4,Metric Tonnes,Common,3600.0,3700.0,3650.0,Rs./Quintal,FAQ
Kolaghat APMC,5.0,Metric Tonnes,Common,3200.0,3600.0,3400.0,Rs./Quintal,FAQ
Kolaghat APMC,5.0,Metric Tonnes,Fine,4200.0,4400.0,4300.0,Rs./Quintal,FAQ
Lalbagh APMC,10.0,Metric Tonnes,Other,3500.0,3700.0,3600.0,Rs./Quintal,FAQ
Mathabhanga APMC,15.0,Metric Tonnes,Common,4000.0,4200.0,4100.0,Rs./Quintal,FAQ
Mekhliganj APMC,16.0,Metric Tonnes,Common,4000.0,4200.0,4100.0,Rs./Quintal,FAQ
Memari APMC,15.0,Metric Tonnes,Fine,3650.0,3800.0,3700.0,Rs./Quintal,FAQ
Memari APMC,16.0,Metric Tonnes,Common,3300.0,3450.0,3350.0,Rs./Quintal,FAQ
Nadia APMC,6.4,Metric Tonnes,Common,3300.0,3400.0,3350.0,Rs./Quintal,Local
Nadia APMC,10.5,Metric Tonnes,Fine,4700.0,4800.0,4750.0,Rs./Quintal,Local
Pandua APMC,5.45,Metric Tonnes,Fine,4400.0,4625.0,4500.0,Rs./Quintal,FAQ
Purulia APMC,16.5,Metric Tonnes,Other,3400.0,3600.0,3500.0,Rs./Quintal,FAQ
Ramkrishanpur(Howrah) APMC,0.47500000000000003,Metric Tonnes,Sona Mansoori Non Basmati,3300.0,3500.0,3400.0,Rs./Quintal,FAQ
Ramkrishanpur(Howrah) APMC,0.375,Metric Tonnes,Other,3500.0,3700.0,3600.0,Rs./Quintal,FAQ
Rampurhat APMC,25.0,Metric Tonnes,Common,3450.0,3510.0,3500.0,Rs./Quintal,FAQ
Ranaghat APMC,10.1,Metric Tonnes,Fine,4600.0,4800.0,4700.0,Rs./Quintal,Local
Sainthia APMC,36.0,Metric Tonnes,Common,3650.0,3750.0,3700.0,Rs./Quintal,FAQ
Samsi APMC,9.0,Metric Tonnes,Fine,5200.0,5400.0,5350.0,Rs./Quintal,FAQ
Sheoraphuly APMC,6.6,Metric Tonnes,Masuri,3125.0,3300.0,3225.0,Rs./Quintal,FAQ
Siliguri APMC,280.0,Metric Tonnes,Fine(Basmati),5100.0,5300.0,5200.0,Rs./Quintal,FAQ
Tamluk (Medinipur E) APMC,8.0,Metric Tonnes,Common,3200.0,3400.0,3300.0,Rs./Quintal,FAQ
Tamluk (Medinipur E) APMC,8.0,Metric Tonnes,Fine,4200.0,4400.0,4300.0,Rs./Quintal,FAQ
Toofanganj APMC,15.0,Metric Tonnes,Common,4000.0,4200.0,4100.0,Rs./Quintal,FAQ
Uluberia APMC,0.325,Metric Tonnes,Other,3500.0,3700.0,3600.0,Rs./Quintal,FAQ
Uluberia APMC,0.42500000000000004,Metric Tonnes,Sona Mansoori Non Basmati,3300.0,3500.0,3400.0,Rs./Quintal,FAQ
Total,1145.39,Metric Tonnes,,,,4298.31,Rs./Quintal,
Grand Total,11792.03,Metric Tonnes,,,,4447.35,Rs./Quintal,
Wheat (MSP: Rs. 2585.00/Quintal)
State/UT Name : Bihar
Barbigha APMC,18.0,Metric Tonnes,147 Average,2500.0,2680.0,2600.0,Rs./Quintal,FAQ
Shekhpura APMC,15.0,Metric Tonnes,147 Average,2500.0,2680.0,2580.0,Rs./Quintal,FAQ
Total,33.0,Metric Tonnes,,,,2590.91,Rs./Quintal,
State/UT Name : Chattisgarh
Baikunthpur APMC,5.0,Metric Tonnes,Deshi,2600.0,2600.0,2600.0,Rs./Quintal,FAQ
Bilaspur APMC,1.6,Metric Tonnes,Local,2750.0,2750.0,2750.0,Rs./Quintal,FAQ
Kawardha APMC,0.1,Metric Tonnes,Deshi,2640.0,2640.0,2640.0,Rs./Quintal,FAQ
Kharsiya APMC,12.0,Metric Tonnes,Deshi,2200.0,2200.0,2200.0,Rs./Quintal,Non-FAQ
Mungeli APMC,0.4,Metric Tonnes,Local,2550.0,2550.0,2550.0,Rs./Quintal,FAQ
Pathalgaon APMC,1.0,Metric Tonnes,Hybrid,2100.0,2100.0,2100.0,Rs./Quintal,Non-FAQ
Rajnandgaon APMC,25.0,Metric Tonnes,Deshi,2700.0,2770.0,2735.0,Rs./Quintal,Non-FAQ
Total,45.1,Metric Tonnes,,,,2562.28,Rs./Quintal,
State/UT Name : Gujarat
APMC Bagasara,1.5,Metric Tonnes,Lokwan Gujrat,2500.0,2610.0,2555.0,Rs./Quintal,Local
APMC HALVAD,13.6,Metric Tonnes,Other,2500.0,2835.0,2750.0,Rs./Quintal,Local
Babra APMC,3.0,Metric Tonnes,Medium,2450.0,2710.0,2580.0,Rs./Quintal,FAQ
Bhesan APMC,2.0,Metric Tonnes,Other,2000.0,2750.0,2500.0,Rs./Quintal,FAQ
Bhiloda APMC,12.0,Metric Tonnes,Other,2750.0,2900.0,2825.0,Rs./Quintal,FAQ
Borsad APMC,4.2,Metric Tonnes,Other,2150.0,2150.0,2150.0,Rs./Quintal,Local
Botad APMC,39.0,Metric Tonnes,Local,2675.0,2930.0,2855.0,Rs./Quintal,Local
Chotila APMC,6.300000000000001,Metric Tonnes,Local,2500.0,2850.0,2650.0,Rs./Quintal,FAQ
Dahod APMC,152.8,Metric Tonnes,147 Average,2800.0,2900.0,2860.0,Rs./Quintal,Local
Dehgam APMC,6.0,Metric Tonnes,Other,2700.0,2775.0,2737.0,Rs./Quintal,FAQ
Dehgam(Rekhiyal) APMC,0.6000000000000001,Metric Tonnes,Other,2625.0,2675.0,2650.0,Rs./Quintal,FAQ
Dhansura APMC,3.0,Metric Tonnes,Milbar,2500.0,2750.0,2650.0,Rs./Quintal,Local
Dhari APMC,0.538,Metric Tonnes,Lokwan,2570.0,2725.0,2655.0,Rs./Quintal,FAQ
Dhoraji APMC,0.6000000000000001,Metric Tonnes,Milbar,2500.0,2725.0,2525.0,Rs./Quintal,Non-FAQ
Dhragradhra APMC,0.3,Metric Tonnes,Wheat,2615.0,2615.0,2615.0,Rs./Quintal,Local
Dhrol APMC,10.0,Metric Tonnes,Other,2455.0,2720.0,2590.0,Rs./Quintal,Local
Gondal APMC,136.5,Metric Tonnes,Sechor No. 1,2600.0,3250.0,2790.0,Rs./Quintal,FAQ
Gondal APMC,28.0,Metric Tonnes,Lok-1,2510.0,2950.0,2700.0,Rs./Quintal,FAQ
Himatnagar APMC,33.0,Metric Tonnes,Sonalika,2650.0,2980.0,2750.0,Rs./Quintal,Local
JASDAN APMC,20.0,Metric Tonnes,2189 No. 2,2605.0,2725.0,2655.0,Rs./Quintal,FAQ
Jam Jodhpur APMC,17.0,Metric Tonnes,Other,2450.0,2775.0,2675.0,Rs./Quintal,Local
Jamnagar APMC,32.0,Metric Tonnes,Other,2000.0,2850.0,2725.0,Rs./Quintal,Local
Jetpur(Dist.Rajkot) APMC,14.4,Metric Tonnes,Lokwan,2505.0,2810.0,2725.0,Rs./Quintal,FAQ
Jetpur(Dist.Rajkot) APMC,10.0,Metric Tonnes,Other,2550.0,2865.0,2750.0,Rs./Quintal,FAQ
Junagadh APMC,9.700000000000001,Metric Tonnes,Lokwan,2575.0,2835.0,2675.0,Rs./Quintal,FAQ
Junagadh APMC,5.300000000000001,Metric Tonnes,Sharbati,2550.0,2800.0,2650.0,Rs./Quintal,FAQ
Kadi APMC,33.6,Metric Tonnes,Other,2505.0,3180.0,2850.0,Rs./Quintal,FAQ
Kalawad APMC,3.5,Metric Tonnes,Other,2355.0,2515.0,2485.0,Rs./Quintal,Local
Kalol APMC,6.0,Metric Tonnes,Other,2250.0,2775.0,2500.0,Rs./Quintal,Local
Khambhat(Grain Market) APMC,5.0,Metric Tonnes,Other,2000.0,2650.0,2250.0,Rs./Quintal,Local
Malpur APMC,1.0,Metric Tonnes,Other,2375.0,2425.0,2400.0,Rs./Quintal,FAQ
Mansa APMC,8.5,Metric Tonnes,Local,2615.0,2745.0,2675.0,Rs./Quintal,Local
Meghraj APMC,7.0,Metric Tonnes,Other,2450.0,2650.0,2650.0,Rs./Quintal,Local
Mehsana APMC,12.700000000000001,Metric Tonnes,Local,2500.0,2790.0,2700.0,Rs./Quintal,Local
Mehsana(Jornang) APMC,2.4000000000000004,Metric Tonnes,Other,2330.0,2930.0,2600.0,Rs./Quintal,Local
Modasa APMC,5.300000000000001,Metric Tonnes,Lokwan Gujrat,2650.0,2780.0,2780.0,Rs./Quintal,FAQ
Modasa(Tintoi) APMC,3.0,Metric Tonnes,Lokwan,2550.0,2680.0,2680.0,Rs./Quintal,FAQ
Morbi APMC,38.0,Metric Tonnes,Other,2505.0,2835.0,2670.0,Rs./Quintal,FAQ
Morva Hafad APMC,0.4,Metric Tonnes,Deshi,2250.0,2400.0,2325.0,Rs./Quintal,Local
Palanpur APMC,2.51,Metric Tonnes,Deshi,2725.0,2725.0,2725.0,Rs./Quintal,Local
Palitana APMC,4.0,Metric Tonnes,Other,2555.0,2800.0,2675.0,Rs./Quintal,Local
Panthawada APMC,15.0,Metric Tonnes,Local,2500.0,2500.0,2500.0,Rs./Quintal,FAQ
Porbandar APMC,0.5,Metric Tonnes,Deshi,2585.0,2705.0,2645.0,Rs./Quintal,FAQ
Rajkot APMC,20.0,Metric Tonnes,Lokwan,2750.0,2920.0,2800.0,Rs./Quintal,FAQ
Rajkot APMC,130.0,Metric Tonnes,Sharbati,2755.0,3260.0,2820.0,Rs./Quintal,FAQ
Rajula APMC,4.3,Metric Tonnes,PISSI,2555.0,3000.0,2777.0,Rs./Quintal,Local
Sanad APMC,3.0,Metric Tonnes,Sharbati,2750.0,2750.0,2750.0,Rs./Quintal,FAQ
Savarkundla APMC,5.2,Metric Tonnes,Lokwan,2500.0,2700.0,2600.0,Rs./Quintal,Local
Savarkundla APMC,4.0,Metric Tonnes,Bansi,2500.0,2850.0,2700.0,Rs./Quintal,Local
Taleja APMC,24.78,Metric Tonnes,Kalyan,1525.0,2905.0,2215.0,Rs./Quintal,FAQ
Talod APMC,1.92,Metric Tonnes,Other,2500.0,2860.0,2680.0,Rs./Quintal,FAQ
Thara(Shihori) APMC,1.0,Metric Tonnes,Other,1850.0,2600.0,2225.0,Rs./Quintal,FAQ
Tharad APMC,6.5,Metric Tonnes,Other,2625.0,2750.0,2687.0,Rs./Quintal,Local
The Agricultural Produce Market Committee-Amreli,54.6,Metric Tonnes,Rajasthan Tukdi,2650.0,3500.0,2900.0,Rs./Quintal,FAQ
The Agricultural Produce Market Committee-Amreli,4.4,Metric Tonnes,Lokwan,2775.0,3000.0,2925.0,Rs./Quintal,FAQ
Upleta APMC,6.300000000000001,Metric Tonnes,Local,2400.0,2675.0,2600.0,Rs./Quintal,Local
Vadali APMC,3.0,Metric Tonnes,Other,2575.0,2640.0,2608.0,Rs./Quintal,FAQ
Vadgam APMC,1.3,Metric Tonnes,Other,2650.0,2700.0,2665.0,Rs./Quintal,FAQ
Vankaner APMC,38.0,Metric Tonnes,Lokwan,2300.0,2815.0,2680.0,Rs./Quintal,FAQ
Veraval APMC,2.8000000000000003,Metric Tonnes,Medium Fine,2375.0,2705.0,2550.0,Rs./Quintal,FAQ
Vijapur APMC,12.100000000000001,Metric Tonnes,Local,2625.0,2740.0,2700.0,Rs./Quintal,Grade Range-1
Viramgam APMC,6.800000000000001,Metric Tonnes,Other,2300.0,2825.0,2560.0,Rs./Quintal,Local
Visavadar APMC,13.700000000000001,Metric Tonnes,Lok-1,2400.0,2690.0,2545.0,Rs./Quintal,FAQ
Total,1053.45,Metric Tonnes,,,,2746.53,Rs./Quintal,
State/UT Name : Karnataka
Basava Kalayana APMC,1.5,Metric Tonnes,Mexican,2550.0,2650.0,2600.0,Rs./Quintal,FAQ
Basava Kalayana APMC,0.7000000000000001,Metric Tonnes,Mill Quality,3500.0,4300.0,4000.0,Rs./Quintal,Non-FAQ
Bengaluru APMC,147.4,Metric Tonnes,Local,3500.0,4500.0,4000.0,Rs./Quintal,FAQ
Bidar APMC,3.0,Metric Tonnes,Red,2600.0,3451.0,3100.0,Rs./Quintal,Non-FAQ
Gadag APMC,3.9000000000000004,Metric Tonnes,White,1277.0,4669.0,2564.0,Rs./Quintal,FAQ
Kalaburagi APMC,1.5,Metric Tonnes,Sharbati,1850.0,3150.0,2650.0,Rs./Quintal,Local
Koppa APMC,9.5,Metric Tonnes,Other,2100.0,2100.0,2100.0,Rs./Quintal,Local
Laxmeshwar APMC,0.5,Metric Tonnes,White,2015.0,2315.0,2206.0,Rs./Quintal,Non-FAQ
Nargunda APMC,20.700000000000003,Metric Tonnes,H.D.,2850.0,2850.0,2850.0,Rs./Quintal,FAQ
Sindhanur APMC,56.800000000000004,Metric Tonnes,Jawari,2500.0,2500.0,2500.0,Rs./Quintal,Local
Sira APMC,3.6,Metric Tonnes,Other,3725.0,3725.0,3725.0,Rs./Quintal,Local
Talikot APMC,0.4,Metric Tonnes,Local,2625.0,2625.0,2625.0,Rs./Quintal,FAQ
Vijayapura APMC,31.400000000000002,Metric Tonnes,Sona,2316.0,2800.0,2462.0,Rs./Quintal,Local
Total,280.9,Metric Tonnes,,,,3322.85,Rs./Quintal,
State/UT Name : Madhya Pradesh
A lot APMC,73.864,Metric Tonnes,Wheat,2505.0,2696.0,2680.0,Rs./Quintal,FAQ
Agar APMC,224.91700000000003,Metric Tonnes,Wheat,2390.0,2925.0,2600.0,Rs./Quintal,FAQ
Ajaygarh APMC,35.558,Metric Tonnes,Mill Quality,2570.0,2630.0,2580.0,Rs./Quintal,FAQ
Akodiya APMC,10.494,Metric Tonnes,Wheat,2163.0,2841.0,2641.0,Rs./Quintal,FAQ
Alampur APMC,31.200000000000003,Metric Tonnes,Mill Quality,2581.0,2700.0,2700.0,Rs./Quintal,Non-FAQ
Alampur APMC,6.0,Metric Tonnes,Wheat,2560.0,2640.0,2640.0,Rs./Quintal,Non-FAQ
Alirajpur APMC,39.6,Metric Tonnes,Wheat,2350.0,2600.0,2500.0,Rs./Quintal,FAQ
Amarpatan APMC,29.143,Metric Tonnes,Mill Quality,2562.0,2600.0,2570.0,Rs./Quintal,FAQ
Ambaha APMC,61.0,Metric Tonnes,Wheat,2550.0,2605.0,2600.0,Rs./Quintal,Non-FAQ
Aron APMC,136.633,Metric Tonnes,Wheat,2465.0,5150.0,2800.0,Rs./Quintal,FAQ
Ashoknagar APMC,410.40200000000004,Metric Tonnes,Wheat,2550.0,5770.0,2625.0,Rs./Quintal,FAQ
Ashoknagar APMC,141.16,Metric Tonnes,Sharbati,2715.0,6000.0,4700.0,Rs./Quintal,FAQ
Ashta APMC,286.04,Metric Tonnes,Wheat,2561.0,5851.0,2800.0,Rs./Quintal,FAQ
Babai (Makhan Nagar) APMC,31.0,Metric Tonnes,Mill Quality,2500.0,2600.0,2600.0,Rs./Quintal,FAQ
Badamalhera APMC,965.7570000000001,Metric Tonnes,Mill Quality,2500.0,2660.0,2570.0,Rs./Quintal,Non-FAQ
Badarwas APMC,3.676,Metric Tonnes,Sharbati,3430.0,4635.0,4635.0,Rs./Quintal,Non-FAQ
Badarwas APMC,98.017,Metric Tonnes,Wheat,2575.0,4300.0,2625.0,Rs./Quintal,Non-FAQ
Badnagar APMC,109.799,Metric Tonnes,Wheat,2572.0,3030.0,2790.0,Rs./Quintal,FAQ
Badnagar APMC,3.5500000000000003,Metric Tonnes,Wheat Mix,1000.0,1000.0,1000.0,Rs./Quintal,Non-FAQ
Badod APMC,5.75,Metric Tonnes,Wheat,2640.0,2699.0,2699.0,Rs./Quintal,FAQ
Badod APMC,19.67,Metric Tonnes,Wheat,2599.0,2700.0,2630.0,Rs./Quintal,Non-FAQ
Badwaha APMC,29.409,Metric Tonnes,Wheat,2590.0,2747.0,2721.0,Rs./Quintal,FAQ
Badwani APMC,30.960000000000004,Metric Tonnes,Lokwan,2150.0,2600.0,2600.0,Rs./Quintal,FAQ
Bagli APMC,11.0,Metric Tonnes,Mill Quality,2420.0,2519.0,2519.0,Rs./Quintal,Non-FAQ
Baikunthpur APMC,187.935,Metric Tonnes,Wheat,2500.0,2600.0,2580.0,Rs./Quintal,Non-FAQ
Baikunthpur APMC,81.29700000000001,Metric Tonnes,Mill Quality,2500.0,2575.0,2500.0,Rs./Quintal,Non-FAQ
Bakswaha APMC,30.5,Metric Tonnes,Mill Quality,2525.0,2540.0,2540.0,Rs./Quintal,FAQ
Balaghat APMC,1.7000000000000002,Metric Tonnes,Wheat,2195.0,2195.0,2195.0,Rs./Quintal,Non-FAQ
Bamora APMC,26.004000000000005,Metric Tonnes,Mill Quality,2524.0,2700.0,2700.0,Rs./Quintal,FAQ
Banapura APMC,192.94000000000003,Metric Tonnes,Local,2639.0,2747.0,2711.0,Rs./Quintal,FAQ
Banda APMC,90.82000000000001,Metric Tonnes,Wheat,2540.0,2565.0,2550.0,Rs./Quintal,FAQ
Bankhedi APMC,15.125,Metric Tonnes,Mill Quality,2661.0,2701.0,2700.0,Rs./Quintal,FAQ
Barad APMC,1.925,Metric Tonnes,Wheat,2600.0,2600.0,2600.0,Rs./Quintal,Non-FAQ
Barad APMC,30.925,Metric Tonnes,Wheat,2550.0,2610.0,2580.0,Rs./Quintal,FAQ
Bareli APMC,25.725,Metric Tonnes,Mill Quality,2500.0,2685.0,2651.0,Rs./Quintal,FAQ
Begamganj APMC,13.366,Metric Tonnes,Other,2610.0,2660.0,2655.0,Rs./Quintal,FAQ
Begamganj APMC,29.545,Metric Tonnes,Wheat,2515.0,2835.0,2625.0,Rs./Quintal,Non-FAQ
Begamganj APMC,29.383,Metric Tonnes,Wheat,2460.0,2850.0,2610.0,Rs./Quintal,FAQ
Begamganj APMC,16.01,Metric Tonnes,Other,2625.0,2640.0,2625.0,Rs./Quintal,Non-FAQ
Beohari APMC,97.11000000000001,Metric Tonnes,Mill Quality,2475.0,2521.0,2520.0,Rs./Quintal,FAQ
Beohari APMC,7.806000000000001,Metric Tonnes,Mohan Mondal,2490.0,2490.0,2490.0,Rs./Quintal,FAQ
Berasia APMC,251.68400000000003,Metric Tonnes,Wheat,2456.0,2877.0,2650.0,Rs./Quintal,FAQ
Berasia APMC,5.331,Metric Tonnes,Mill Quality,2545.0,2840.0,2650.0,Rs./Quintal,FAQ
Betul APMC,522.335,Metric Tonnes,Mill Quality,2500.0,2801.0,2686.0,Rs./Quintal,FAQ
Bhander APMC,641.365,Metric Tonnes,Mill Quality,2592.0,2698.0,2659.0,Rs./Quintal,FAQ
Bhander APMC,19.880000000000003,Metric Tonnes,Other,2653.0,2686.0,2686.0,Rs./Quintal,FAQ
Bhanpura APMC,10.020000000000001,Metric Tonnes,Mill Quality,2400.0,2630.0,2500.0,Rs./Quintal,FAQ
Bhensdehi APMC,10.0,Metric Tonnes,Wheat,2400.0,2450.0,2450.0,Rs./Quintal,FAQ
Bherunda (Nasrullaganj) APMC,101.955,Metric Tonnes,Wheat,2675.0,3009.0,2700.0,Rs./Quintal,FAQ
Bherunda (Nasrullaganj) APMC,44.269000000000005,Metric Tonnes,Wheat,2600.0,2620.0,2600.0,Rs./Quintal,Non-FAQ
Bhind APMC,161.8,Metric Tonnes,Wheat,2617.0,2648.0,2635.0,Rs./Quintal,Non-FAQ
Bhind APMC,5.0,Metric Tonnes,Mill Quality,2648.0,2648.0,2648.0,Rs./Quintal,Non-FAQ
Bhind APMC,27.400000000000002,Metric Tonnes,Wheat,2624.0,2649.0,2638.0,Rs./Quintal,FAQ
Bhitarwar APMC,44.545,Metric Tonnes,Mill Quality,2605.0,2630.0,2630.0,Rs./Quintal,Non-FAQ
Bhopal APMC,57.803,Metric Tonnes,Wheat,2525.0,3062.0,2760.0,Rs./Quintal,FAQ
Biaora APMC,305.25500000000005,Metric Tonnes,Wheat,2200.0,2810.0,2695.0,Rs./Quintal,FAQ
Bijawar APMC,156.72000000000003,Metric Tonnes,Mill Quality,2413.0,2655.0,2655.0,Rs./Quintal,Non-FAQ
Bina APMC,180.21500000000003,Metric Tonnes,Wheat,2200.0,5005.0,2650.0,Rs./Quintal,FAQ
Binaganj APMC,38.861000000000004,Metric Tonnes,Wheat,2575.0,2705.0,2670.0,Rs./Quintal,FAQ
Budhar APMC,29.0,Metric Tonnes,Mill Quality,2600.0,2620.0,2620.0,Rs./Quintal,Non-FAQ
Burhanpur APMC,2.898,Metric Tonnes,Wheat,2622.0,2765.0,2765.0,Rs./Quintal,Non-FAQ
Burhanpur APMC,40.875,Metric Tonnes,Wheat,2560.0,2650.0,2650.0,Rs./Quintal,FAQ
Chaakghat APMC,8.85,Metric Tonnes,Mill Quality,2500.0,2594.0,2500.0,Rs./Quintal,FAQ
Chaakghat APMC,10.3,Metric Tonnes,Wheat,2570.0,2570.0,2570.0,Rs./Quintal,FAQ
Chanderi APMC,156.47500000000002,Metric Tonnes,Wheat,2615.0,2666.0,2645.0,Rs./Quintal,Non-FAQ
Chaurai APMC,52.900000000000006,Metric Tonnes,Mill Quality,2652.0,2750.0,2726.0,Rs./Quintal,FAQ
Chhapiheda APMC,93.254,Metric Tonnes,Wheat,2620.0,2789.0,2765.0,Rs./Quintal,FAQ
Chhatarpur APMC,428.345,Metric Tonnes,Mill Quality,2610.0,2644.0,2635.0,Rs./Quintal,Non-FAQ
Chhindwara APMC,813.273,Metric Tonnes,Wheat,2650.0,3090.0,2731.0,Rs./Quintal,FAQ
Chhpara APMC,70.67,Metric Tonnes,Wheat,2410.0,2500.0,2500.0,Rs./Quintal,Non-FAQ
Dabra APMC,96.53500000000001,Metric Tonnes,Wheat,2650.0,2790.0,2790.0,Rs./Quintal,FAQ
Dabra APMC,36.15,Metric Tonnes,Other,2650.0,2799.0,2780.0,Rs./Quintal,FAQ
Daloda APMC,216.08800000000002,Metric Tonnes,Wheat,2400.0,3031.0,2740.0,Rs./Quintal,FAQ
Damoh APMC,38.5,Metric Tonnes,Mill Quality,2600.0,2600.0,2600.0,Rs./Quintal,Non-FAQ
Damoh APMC,20.53,Metric Tonnes,Wheat,2550.0,2570.0,2570.0,Rs./Quintal,Non-FAQ
Datia APMC,26.1,Metric Tonnes,Lokwan,2695.0,2695.0,2695.0,Rs./Quintal,FAQ
Datia APMC,121.932,Metric Tonnes,Mill Quality,2601.0,2691.0,2681.0,Rs./Quintal,FAQ
Deori APMC,19.52,Metric Tonnes,Wheat,2535.0,2590.0,2590.0,Rs./Quintal,FAQ
Devandranagar APMC,61.150000000000006,Metric Tonnes,Wheat,2380.0,2510.0,2510.0,Rs./Quintal,Non-FAQ
Devandranagar APMC,16.6,Metric Tonnes,Wheat,2460.0,2495.0,2495.0,Rs./Quintal,FAQ
Dewas APMC,0.267,Metric Tonnes,Lokwan,2826.0,2826.0,2826.0,Rs./Quintal,FAQ
Dewas APMC,498.704,Metric Tonnes,Wheat,2200.0,3086.0,2640.0,Rs./Quintal,FAQ
Dhamnod APMC,14.474000000000002,Metric Tonnes,Wheat,2651.0,2785.0,2785.0,Rs./Quintal,FAQ
Dhar APMC,35.158,Metric Tonnes,Lokwan,2100.0,2300.0,2300.0,Rs./Quintal,FAQ
Dhar APMC,400.043,Metric Tonnes,Wheat,2100.0,3054.0,2754.0,Rs./Quintal,FAQ
Dindori APMC,29.1,Metric Tonnes,Local,2475.0,2550.0,2550.0,Rs./Quintal,Non-FAQ
Gadakota APMC,29.514,Metric Tonnes,Wheat,2640.0,2660.0,2645.0,Rs./Quintal,FAQ
Gadarwada APMC,76.08,Metric Tonnes,Mill Quality,2450.0,2656.0,2634.0,Rs./Quintal,FAQ
Gadarwada APMC,41.005,Metric Tonnes,Mill Quality,2596.0,2650.0,2642.0,Rs./Quintal,Non-FAQ
Gairatganj APMC,5.2,Metric Tonnes,Wheat,2625.0,2650.0,2650.0,Rs./Quintal,Non-FAQ
Gandhwani APMC,52.443,Metric Tonnes,Wheat,2675.0,2750.0,2750.0,Rs./Quintal,FAQ
Ganjbasoda APMC,12.3,Metric Tonnes,Local,2614.0,2690.0,2629.0,Rs./Quintal,FAQ
Ganjbasoda APMC,11.543000000000001,Metric Tonnes,Sharbati,2606.0,4575.0,4575.0,Rs./Quintal,FAQ
Ganjbasoda APMC,8.223,Metric Tonnes,Malwa Shakti,2613.0,2633.0,2633.0,Rs./Quintal,FAQ
Ganjbasoda APMC,66.396,Metric Tonnes,Wheat,2400.0,2795.0,2610.0,Rs./Quintal,FAQ
Ganjbasoda APMC,1.3470000000000002,Metric Tonnes,PISSI,2625.0,2750.0,2750.0,Rs./Quintal,FAQ
Ganjbasoda APMC,283.358,Metric Tonnes,Sujatha,2445.0,3300.0,2750.0,Rs./Quintal,FAQ
Gautampura APMC,8.671,Metric Tonnes,Wheat,2690.0,2700.0,2700.0,Rs./Quintal,FAQ
Ghansour APMC,124.32000000000001,Metric Tonnes,Mill Quality,2401.0,2430.0,2405.0,Rs./Quintal,Non-FAQ
Ghansour APMC,43.79,Metric Tonnes,Mill Quality,2300.0,2350.0,2350.0,Rs./Quintal,FAQ
Gohad APMC,33.23500000000001,Metric Tonnes,Wheat,2510.0,2695.0,2670.0,Rs./Quintal,FAQ
Gotegaon APMC,145.9,Metric Tonnes,Wheat,2580.0,2675.0,2671.0,Rs./Quintal,FAQ
Guna APMC,988.981,Metric Tonnes,Wheat,2460.0,6120.0,2895.0,Rs./Quintal,FAQ
Haatpipliya APMC,41.926,Metric Tonnes,Wheat,2531.0,3056.0,2785.0,Rs./Quintal,Non-FAQ
Hanumana APMC,62.1,Metric Tonnes,Mill Quality,2450.0,2600.0,2450.0,Rs./Quintal,FAQ
Harda APMC,261.147,Metric Tonnes,Mill Quality,2301.0,2727.0,2700.0,Rs./Quintal,FAQ
Harpalpur APMC,141.912,Metric Tonnes,Wheat,2625.0,2708.0,2700.0,Rs./Quintal,FAQ
Harsood APMC,9.331000000000001,Metric Tonnes,Mill Quality,2501.0,2511.0,2511.0,Rs./Quintal,Non-FAQ
Harsood APMC,60.813,Metric Tonnes,Wheat,2500.0,2730.0,2720.0,Rs./Quintal,FAQ
Ichhawar APMC,25.261000000000003,Metric Tonnes,Wheat,2610.0,2870.0,2650.0,Rs./Quintal,FAQ
Indore APMC,331.952,Metric Tonnes,Wheat,2150.0,3160.0,2755.0,Rs./Quintal,FAQ
Indore APMC,5.09,Metric Tonnes,Malwa Shakti,2765.0,2765.0,2765.0,Rs./Quintal,Non-FAQ
Indore APMC,18.1,Metric Tonnes,Wheat,2490.0,2500.0,2500.0,Rs./Quintal,Non-FAQ
Isagarh APMC,5.896000000000001,Metric Tonnes,Wheat,2615.0,2665.0,2665.0,Rs./Quintal,FAQ
Itarsi APMC,117.01500000000001,Metric Tonnes,Wheat,2676.0,2746.0,2706.0,Rs./Quintal,FAQ
Jabalpur APMC,374.04400000000004,Metric Tonnes,Wheat,2550.0,2719.0,2650.0,Rs./Quintal,FAQ
Jaisinagar APMC,75.21000000000001,Metric Tonnes,Mill Quality,2490.0,2580.0,2500.0,Rs./Quintal,FAQ
Jaora APMC,694.553,Metric Tonnes,Wheat,2500.0,3161.0,2800.0,Rs./Quintal,FAQ
Jatara APMC,33.114,Metric Tonnes,Mill Quality,2546.0,2560.0,2557.0,Rs./Quintal,Non-FAQ
Javad APMC,83.73,Metric Tonnes,Wheat,2435.0,2555.0,2555.0,Rs./Quintal,FAQ
Javera APMC,25.6,Metric Tonnes,Mill Quality,2560.0,2600.0,2600.0,Rs./Quintal,Non-FAQ
Jawar APMC,31.979000000000003,Metric Tonnes,Wheat,1650.0,2839.0,2612.0,Rs./Quintal,FAQ
Jeerapur APMC,219.66700000000003,Metric Tonnes,Wheat,1555.0,2665.0,2655.0,Rs./Quintal,FAQ
Jhabua APMC,6.484999999999999,Metric Tonnes,Wheat,2868.0,3000.0,3000.0,Rs./Quintal,FAQ
Jhabua(F&V) APMC,6.484999999999999,Metric Tonnes,Wheat,2868.0,3000.0,2934.0,Rs./Quintal,Local
Jobat APMC,2.72,Metric Tonnes,Wheat,2540.0,2570.0,2570.0,Rs./Quintal,Non-FAQ
Kailaras APMC,22.669,Metric Tonnes,Wheat,2526.0,2636.0,2630.0,Rs./Quintal,FAQ
Kalapipal APMC,12.952000000000002,Metric Tonnes,Wheat,2475.0,2826.0,2648.0,Rs./Quintal,FAQ
Kannod APMC,4.6290000000000004,Metric Tonnes,Wheat,2700.0,2726.0,2726.0,Rs./Quintal,FAQ
Kareli APMC,30.47,Metric Tonnes,Wheat,2626.0,2692.0,2654.0,Rs./Quintal,FAQ
Karera APMC,264.56,Metric Tonnes,Wheat,2400.0,2610.0,2500.0,Rs./Quintal,FAQ
Karera APMC,55.11000000000001,Metric Tonnes,Mill Quality,2490.0,2503.0,2503.0,Rs./Quintal,FAQ
Kasrawad APMC,329.535,Metric Tonnes,Wheat,2555.0,2870.0,2800.0,Rs./Quintal,FAQ
Katni APMC,735.1410000000001,Metric Tonnes,Wheat,2360.0,2711.0,2637.0,Rs./Quintal,Non-FAQ
Katni APMC,463.15100000000007,Metric Tonnes,Mill Quality,2400.0,2660.0,2600.0,Rs./Quintal,FAQ
Katni APMC,35.723000000000006,Metric Tonnes,Mill Quality,2680.0,2680.0,2680.0,Rs./Quintal,Non-FAQ
Kesli APMC,35.32,Metric Tonnes,Wheat,2550.0,2580.0,2580.0,Rs./Quintal,FAQ
Khandwa APMC,20.830000000000002,Metric Tonnes,Wheat,2450.0,2811.0,2775.0,Rs./Quintal,FAQ
Khandwa APMC,241.28000000000003,Metric Tonnes,Mill Quality,2500.0,2910.0,2785.0,Rs./Quintal,FAQ
Khaniadhana APMC,31.400000000000002,Metric Tonnes,Mill Quality,2475.0,2490.0,2490.0,Rs./Quintal,Non-FAQ
Khaniadhana APMC,111.80000000000001,Metric Tonnes,Mill Quality,2400.0,2522.0,2455.0,Rs./Quintal,FAQ
Khargapur APMC,269.963,Metric Tonnes,Mill Quality,2550.0,2620.0,2600.0,Rs./Quintal,FAQ
Khargone APMC,332.84000000000003,Metric Tonnes,Wheat,2576.0,2841.0,2761.0,Rs./Quintal,FAQ
Khategaon APMC,112.052,Metric Tonnes,Wheat,2661.0,2782.0,2708.0,Rs./Quintal,FAQ
Khatora APMC,11.520000000000001,Metric Tonnes,Wheat,2520.0,2755.0,2520.0,Rs./Quintal,FAQ
Khatora APMC,4.62,Metric Tonnes,Wheat,2520.0,2635.0,2635.0,Rs./Quintal,Non-FAQ
Khetia APMC,16.1,Metric Tonnes,Lokwan,2150.0,2200.0,2200.0,Rs./Quintal,FAQ
Khilchipur APMC,164.824,Metric Tonnes,Mill Quality,2580.0,2689.0,2679.0,Rs./Quintal,FAQ
Khirkiya APMC,247.94600000000003,Metric Tonnes,Mill Quality,2450.0,2712.0,2696.0,Rs./Quintal,Non-FAQ
Khirkiya APMC,31.892000000000003,Metric Tonnes,Wheat,2200.0,2705.0,2688.0,Rs./Quintal,Non-FAQ
Khujner APMC,3.1,Metric Tonnes,Mill Quality,2450.0,2450.0,2450.0,Rs./Quintal,FAQ
Khujner APMC,143.793,Metric Tonnes,Wheat,2485.0,2731.0,2697.0,Rs./Quintal,FAQ
Khurai APMC,81.80900000000001,Metric Tonnes,Wheat,2500.0,4851.0,2680.0,Rs./Quintal,FAQ
Kolaras APMC,21.488,Metric Tonnes,Wheat,2490.0,2670.0,2650.0,Rs./Quintal,Non-FAQ
Kolaras APMC,2.164,Metric Tonnes,Wheat,2645.0,2655.0,2655.0,Rs./Quintal,FAQ
Krishi Upaj Mandi Samiti Bichhiya,18.7,Metric Tonnes,Wheat,2500.0,2510.0,2500.0,Rs./Quintal,FAQ
Kukshi APMC,132.894,Metric Tonnes,Wheat,2500.0,2785.0,2650.0,Rs./Quintal,FAQ
Kukshi APMC,25.040000000000003,Metric Tonnes,Wheat,2485.0,2600.0,2600.0,Rs./Quintal,Non-FAQ
Kumbhraj APMC,116.702,Metric Tonnes,Wheat,2310.0,2915.0,2700.0,Rs./Quintal,FAQ
Kurawar APMC,127.605,Metric Tonnes,Wheat,2370.0,2920.0,2650.0,Rs./Quintal,FAQ
Lahar APMC,129.68,Metric Tonnes,Wheat,2600.0,2648.0,2640.0,Rs./Quintal,FAQ
Lalbarra APMC,4.7,Metric Tonnes,Wheat,2400.0,2400.0,2400.0,Rs./Quintal,FAQ
Lashkar APMC,2.5,Metric Tonnes,Wheat,2635.0,2685.0,2685.0,Rs./Quintal,FAQ
Lateri APMC,80.053,Metric Tonnes,Mill Quality,2545.0,3000.0,2800.0,Rs./Quintal,Non-FAQ
Lateri APMC,12.157,Metric Tonnes,Wheat,2350.0,2400.0,2400.0,Rs./Quintal,FAQ
Lateri APMC,15.980000000000002,Metric Tonnes,Wheat,2505.0,2525.0,2525.0,Rs./Quintal,Non-FAQ
Lateri APMC,6.147,Metric Tonnes,Mill Quality,2350.0,2350.0,2350.0,Rs./Quintal,FAQ
LavKush Nagar(Laundi) APMC,43.6,Metric Tonnes,Mill Quality,2420.0,2510.0,2510.0,Rs./Quintal,Non-FAQ
LavKush Nagar(Laundi) APMC,13.988,Metric Tonnes,Mill Quality,2425.0,2450.0,2450.0,Rs./Quintal,FAQ
Loharda APMC,22.685000000000002,Metric Tonnes,Wheat,2675.0,2750.0,2675.0,Rs./Quintal,FAQ
Magroni APMC,128.026,Metric Tonnes,Wheat,2409.0,2655.0,2655.0,Rs./Quintal,FAQ
Mahidpur APMC,47.304,Metric Tonnes,Wheat,2375.0,2784.0,2690.0,Rs./Quintal,FAQ
Maihar APMC,102.87,Metric Tonnes,Local,2520.0,2645.0,2620.0,Rs./Quintal,Non-FAQ
Maihar APMC,7.955,Metric Tonnes,Wheat,2630.0,2630.0,2630.0,Rs./Quintal,Non-FAQ
Maksudangarh APMC,166.30200000000002,Metric Tonnes,Wheat,2561.0,3050.0,2740.0,Rs./Quintal,FAQ
Malthone APMC,25.6,Metric Tonnes,Wheat,2535.0,2565.0,2565.0,Rs./Quintal,FAQ
Manasa APMC,138.26600000000002,Metric Tonnes,Wheat,2500.0,2970.0,2661.0,Rs./Quintal,FAQ
Manawar APMC,122.96500000000002,Metric Tonnes,Wheat,2700.0,2735.0,2720.0,Rs./Quintal,FAQ
Manawar APMC,12.546,Metric Tonnes,Wheat,2710.0,2710.0,2710.0,Rs./Quintal,Non-FAQ
Mandla APMC,43.550000000000004,Metric Tonnes,Mill Quality,2400.0,2600.0,2600.0,Rs./Quintal,Non-FAQ
Mandsaur APMC,22.649,Metric Tonnes,Malwa Shakti,2551.0,2660.0,2660.0,Rs./Quintal,Non-FAQ
Mandsaur APMC,460.60900000000004,Metric Tonnes,Wheat,1601.0,3071.0,2801.0,Rs./Quintal,Non-FAQ
Mandsaur APMC,14.762,Metric Tonnes,Wheat,2520.0,2899.0,2899.0,Rs./Quintal,FAQ
Mandsaur APMC,61.016,Metric Tonnes,Lokwan,2680.0,2901.0,2800.0,Rs./Quintal,Non-FAQ
Mandsaur APMC,0.568,Metric Tonnes,Lokwan,2700.0,2723.0,2723.0,Rs./Quintal,FAQ
Mehgaon APMC,40.04,Metric Tonnes,Wheat,2400.0,2500.0,2400.0,Rs./Quintal,FAQ
Mhow (Ambedkar Nagar) APMC,38.919000000000004,Metric Tonnes,Wheat,2581.0,2810.0,2728.0,Rs./Quintal,FAQ
Mhow (Ambedkar Nagar) APMC,4.082,Metric Tonnes,Lokwan,2768.0,2790.0,2790.0,Rs./Quintal,FAQ
Morena APMC,25.037000000000003,Metric Tonnes,Wheat,2620.0,2684.0,2684.0,Rs./Quintal,Non-FAQ
Mow APMC,9.1,Metric Tonnes,Wheat,2480.0,2550.0,2500.0,Rs./Quintal,Non-FAQ
Mow APMC,2.5,Metric Tonnes,Mill Quality,2490.0,2490.0,2490.0,Rs./Quintal,Non-FAQ
Multai APMC,51.185,Metric Tonnes,Mill Quality,2598.0,2658.0,2638.0,Rs./Quintal,FAQ
Mundi APMC,77.05000000000001,Metric Tonnes,Wheat,2600.0,2700.0,2660.0,Rs./Quintal,FAQ
Mungawali APMC,29.485000000000003,Metric Tonnes,Wheat,2465.0,2650.0,2650.0,Rs./Quintal,Non-FAQ
Nagda APMC,7.099,Metric Tonnes,Wheat,2520.0,2700.0,2700.0,Rs./Quintal,Non-FAQ
Nagda APMC,4.808,Metric Tonnes,Wheat,2575.0,2700.0,2700.0,Rs./Quintal,FAQ
Nagod APMC,57.910000000000004,Metric Tonnes,Mill Quality,2560.0,2590.0,2590.0,Rs./Quintal,FAQ
Nagod APMC,477.45000000000005,Metric Tonnes,Wheat,2500.0,2630.0,2590.0,Rs./Quintal,FAQ
Nainpur APMC,9.696,Metric Tonnes,Mill Quality,2470.0,2505.0,2505.0,Rs./Quintal,FAQ
Nalkheda APMC,134.501,Metric Tonnes,Wheat,2200.0,2708.0,2580.0,Rs./Quintal,FAQ
Narmadapuram APMC,50.14,Metric Tonnes,Mill Quality,2400.0,2475.0,2475.0,Rs./Quintal,Non-FAQ
Narsinghgarh APMC,91.7,Metric Tonnes,Wheat,2540.0,2775.0,2740.0,Rs./Quintal,FAQ
Narsinghpur APMC,85.92500000000001,Metric Tonnes,Mill Quality,2612.0,2670.0,2649.0,Rs./Quintal,FAQ
Naugaon APMC,655.595,Metric Tonnes,Wheat,2560.0,2715.0,2690.0,Rs./Quintal,Non-FAQ
Neemuch APMC,387.23900000000003,Metric Tonnes,Wheat,2310.0,3225.0,2900.0,Rs./Quintal,FAQ
Niwadi APMC,60.845000000000006,Metric Tonnes,Mill Quality,2625.0,2656.0,2650.0,Rs./Quintal,Non-FAQ
Niwadi APMC,427.5060000000001,Metric Tonnes,Mill Quality,2300.0,2656.0,2650.0,Rs./Quintal,FAQ
Obedullaganj APMC,37.798,Metric Tonnes,Local,2540.0,2816.0,2720.0,Rs./Quintal,FAQ
Obedullaganj APMC,41.35,Metric Tonnes,Wheat,2560.0,2560.0,2560.0,Rs./Quintal,FAQ
Obedullaganj APMC,2.7670000000000003,Metric Tonnes,Malwa Shakti,2575.0,2688.0,2688.0,Rs./Quintal,FAQ
Obedullaganj APMC,64.32000000000001,Metric Tonnes,Sharbati,3250.0,3400.0,3400.0,Rs./Quintal,FAQ
Paatan APMC,3.3680000000000003,Metric Tonnes,Mohan Mondal,2655.0,2655.0,2655.0,Rs./Quintal,Non-FAQ
Paatan APMC,45.867000000000004,Metric Tonnes,Mill Quality,2610.0,2715.0,2655.0,Rs./Quintal,Non-FAQ
Paatan APMC,158.854,Metric Tonnes,Wheat,2600.0,2780.0,2680.0,Rs./Quintal,FAQ
Paatan APMC,86.643,Metric Tonnes,Wheat,2580.0,2710.0,2670.0,Rs./Quintal,Non-FAQ
Pachaur APMC,328.83200000000005,Metric Tonnes,Wheat,2201.0,2724.0,2600.0,Rs./Quintal,FAQ
Pachaur(F&V) APMC,343.7,Metric Tonnes,Wheat,2201.0,2724.0,2580.0,Rs./Quintal,Grade Range-1
Palari APMC,22.540000000000003,Metric Tonnes,Wheat,2600.0,2650.0,2650.0,Rs./Quintal,Non-FAQ
Palera APMC,91.10000000000001,Metric Tonnes,Mill Quality,2550.0,2587.0,2570.0,Rs./Quintal,Non-FAQ
Pandhana APMC,40.315,Metric Tonnes,Wheat,2640.0,2665.0,2665.0,Rs./Quintal,FAQ
Pandhurna APMC,7.0,Metric Tonnes,Wheat,2450.0,2500.0,2500.0,Rs./Quintal,Non-FAQ
Panna APMC,130.677,Metric Tonnes,Mill Quality,2480.0,2571.0,2510.0,Rs./Quintal,Non-FAQ
Panna APMC,65.85900000000001,Metric Tonnes,Mill Quality,2505.0,2592.0,2583.0,Rs./Quintal,FAQ
Patharia APMC,130.182,Metric Tonnes,Wheat,2580.0,2647.0,2631.0,Rs./Quintal,FAQ
Pawai APMC,15.14,Metric Tonnes,Wheat,2590.0,2610.0,2590.0,Rs./Quintal,Non-FAQ
Petlawad APMC,9.88,Metric Tonnes,Lokwan,2650.0,2690.0,2690.0,Rs./Quintal,FAQ
Pichhour APMC,40.400000000000006,Metric Tonnes,Wheat,2558.0,2600.0,2600.0,Rs./Quintal,Non-FAQ
Pichhour APMC,146.9,Metric Tonnes,Mill Quality,2568.0,2598.0,2575.0,Rs./Quintal,Non-FAQ
Pipariya APMC,236.60000000000002,Metric Tonnes,Wheat,2238.0,2740.0,2719.0,Rs./Quintal,FAQ
Piplya APMC,17.776,Metric Tonnes,Lokwan,2635.0,2800.0,2740.0,Rs./Quintal,FAQ
Piplya APMC,56.45700000000001,Metric Tonnes,Wheat,2050.0,2836.0,2620.0,Rs./Quintal,FAQ
Pohari APMC,7.407,Metric Tonnes,Wheat,2445.0,2630.0,2630.0,Rs./Quintal,Non-FAQ
Pohari APMC,5.791,Metric Tonnes,Wheat,2500.0,2655.0,2655.0,Rs./Quintal,FAQ
Prithvipur APMC,450.8,Metric Tonnes,Mill Quality,2516.0,2635.0,2608.0,Rs./Quintal,Non-FAQ
Raghogarh APMC,15.700000000000001,Metric Tonnes,Wheat,2530.0,2572.0,2572.0,Rs./Quintal,FAQ
Rahatgarh APMC,3.2100000000000004,Metric Tonnes,Wheat,2600.0,2600.0,2600.0,Rs./Quintal,Non-FAQ
Rahatgarh APMC,0.9199999999999999,Metric Tonnes,Mill Quality,2573.0,2573.0,2573.0,Rs./Quintal,Non-FAQ
Raisen APMC,8.681000000000001,Metric Tonnes,Mill Quality,2560.0,2690.0,2690.0,Rs./Quintal,FAQ
Raisen APMC,13.458000000000002,Metric Tonnes,Wheat,2560.0,2801.0,2601.0,Rs./Quintal,FAQ
Rajgarh APMC,57.736000000000004,Metric Tonnes,Wheat,2576.0,2833.0,2751.0,Rs./Quintal,FAQ
Rajnagar APMC,261.2,Metric Tonnes,Mill Quality,2500.0,2630.0,2540.0,Rs./Quintal,FAQ
Ramnagar APMC,30.689999999999998,Metric Tonnes,Mill Quality,2590.0,2605.0,2605.0,Rs./Quintal,Non-FAQ
Rehati APMC,5.11,Metric Tonnes,Wheat,2501.0,2501.0,2501.0,Rs./Quintal,FAQ
Rehli APMC,138.24300000000002,Metric Tonnes,Wheat,2589.0,2677.0,2610.0,Rs./Quintal,Non-FAQ
Rewa APMC,533.65,Metric Tonnes,Mill Quality,2425.0,2682.0,2651.0,Rs./Quintal,FAQ
Sabalgarh APMC,36.42,Metric Tonnes,Mill Quality,2580.0,2619.0,2605.0,Rs./Quintal,Non-FAQ
Sagar APMC,393.47900000000004,Metric Tonnes,Wheat,2390.0,2930.0,2625.0,Rs./Quintal,FAQ
Sailana APMC,26.335000000000004,Metric Tonnes,Wheat,2475.0,2991.0,2700.0,Rs./Quintal,FAQ
Sanawad APMC,79.95,Metric Tonnes,Wheat,2558.0,2891.0,2755.0,Rs./Quintal,FAQ
Sanwer APMC,9.853000000000002,Metric Tonnes,Wheat,2616.0,2780.0,2780.0,Rs./Quintal,Non-FAQ
Sanwer APMC,30.819000000000003,Metric Tonnes,Wheat,2551.0,2780.0,2690.0,Rs./Quintal,FAQ
Sarangpur APMC,8.61,Metric Tonnes,Wheat,2581.0,2794.0,2661.0,Rs./Quintal,Non-FAQ
Satna APMC,16.387,Metric Tonnes,Wheat,1975.0,2500.0,2500.0,Rs./Quintal,Non-FAQ
Satna APMC,13.540000000000001,Metric Tonnes,Mill Quality,2500.0,2545.0,2545.0,Rs./Quintal,FAQ
Satna APMC,3.3000000000000003,Metric Tonnes,Mill Quality,2500.0,2500.0,2500.0,Rs./Quintal,Non-FAQ
Satna APMC,393.92800000000005,Metric Tonnes,Wheat,2300.0,2745.0,2600.0,Rs./Quintal,FAQ
Sehora APMC,219.46300000000002,Metric Tonnes,Mill Quality,1840.0,2740.0,2657.0,Rs./Quintal,FAQ
Sehora APMC,4.353000000000001,Metric Tonnes,Mill Quality,2691.0,2691.0,2691.0,Rs./Quintal,Non-FAQ
Sehora APMC,184.827,Metric Tonnes,Wheat,2385.0,2747.0,2677.0,Rs./Quintal,FAQ
Sehore APMC,67.931,Metric Tonnes,Lokwan,2700.0,3300.0,2941.0,Rs./Quintal,FAQ
Sehore APMC,11.141,Metric Tonnes,Malwa Shakti,2626.0,2792.0,2792.0,Rs./Quintal,FAQ
Sehore APMC,12.954,Metric Tonnes,Mill Quality,2660.0,3044.0,3044.0,Rs./Quintal,FAQ
Sehore APMC,108.26800000000001,Metric Tonnes,Wheat,2550.0,3131.0,2800.0,Rs./Quintal,FAQ
Sehore APMC,2.1750000000000003,Metric Tonnes,Sharbati,2982.0,3632.0,3632.0,Rs./Quintal,FAQ
Semriharchand APMC,3.095,Metric Tonnes,Mill Quality,1100.0,2675.0,2675.0,Rs./Quintal,FAQ
Seoni APMC,5.2,Metric Tonnes,Wheat,2596.0,2596.0,2596.0,Rs./Quintal,FAQ
Seoni APMC,111.64000000000001,Metric Tonnes,Local,2595.0,2650.0,2620.0,Rs./Quintal,FAQ
Sevda APMC,28.700000000000003,Metric Tonnes,Mill Quality,2620.0,2656.0,2630.0,Rs./Quintal,FAQ
Sevda APMC,24.6,Metric Tonnes,Mill Quality,2586.0,2620.0,2620.0,Rs./Quintal,Non-FAQ
Shahagarh APMC,198.42600000000002,Metric Tonnes,Mill Quality,2525.0,2595.0,2585.0,Rs./Quintal,Non-FAQ
Shahdol APMC,21.040000000000003,Metric Tonnes,Wheat,2500.0,2500.0,2500.0,Rs./Quintal,Non-FAQ
Shahdol APMC,3.1750000000000003,Metric Tonnes,Wheat,2500.0,2500.0,2500.0,Rs./Quintal,FAQ
Shahpura Bhitoni (F&V) APMC,25.545,Metric Tonnes,Mill Quality,2600.0,2652.0,2645.0,Rs./Quintal,FAQ
Shahpura Niwas APMC,61.44,Metric Tonnes,Mill Quality,2400.0,2425.0,2400.0,Rs./Quintal,Non-FAQ
Shajapur APMC,65.468,Metric Tonnes,Wheat,2015.0,2821.0,2762.0,Rs./Quintal,FAQ
Shamgarh APMC,31.838,Metric Tonnes,Wheat,2470.0,2690.0,2636.0,Rs./Quintal,Non-FAQ
Shamshabad APMC,82.743,Metric Tonnes,Wheat,2570.0,2711.0,2585.0,Rs./Quintal,FAQ
Sheopurbadod APMC,31.59,Metric Tonnes,Wheat,2605.0,2670.0,2670.0,Rs./Quintal,FAQ
Sheopurkalan APMC,0.39,Metric Tonnes,Wheat,2640.0,2640.0,2640.0,Rs./Quintal,Non-FAQ
Sheopurkalan APMC,127.01500000000001,Metric Tonnes,Wheat,2500.0,2713.0,2641.0,Rs./Quintal,FAQ
Shivpuri APMC,8.295,Metric Tonnes,Wheat,2500.0,2640.0,2635.0,Rs./Quintal,FAQ
Shujalpur APMC,13.054,Metric Tonnes,Wheat,2561.0,2912.0,2912.0,Rs./Quintal,FAQ
Shyampur APMC,10.790000000000001,Metric Tonnes,Mill Quality,2560.0,2620.0,2620.0,Rs./Quintal,FAQ
Sidhi APMC,197.005,Metric Tonnes,Mill Quality,2300.0,2460.0,2320.0,Rs./Quintal,Non-FAQ
Sidhi APMC,10.0,Metric Tonnes,Wheat,2400.0,2400.0,2400.0,Rs./Quintal,FAQ
Silvani APMC,60.35,Metric Tonnes,Wheat,2632.0,2659.0,2640.0,Rs./Quintal,FAQ
Simariya APMC,13.5,Metric Tonnes,Wheat,2450.0,2460.0,2460.0,Rs./Quintal,Non-FAQ
Sirali APMC,37.346,Metric Tonnes,Mill Quality,2700.0,2760.0,2711.0,Rs./Quintal,FAQ
Sironj APMC,97.61000000000001,Metric Tonnes,Wheat,2500.0,2955.0,2570.0,Rs./Quintal,FAQ
Sitamau APMC,85.79700000000001,Metric Tonnes,Wheat,2501.0,2850.0,2751.0,Rs./Quintal,FAQ
Sitamau APMC,9.528,Metric Tonnes,Lokwan,2552.0,2859.0,2752.0,Rs./Quintal,FAQ
Sonkatch APMC,84.72500000000001,Metric Tonnes,Wheat,1301.0,2786.0,2600.0,Rs./Quintal,FAQ
Soyatkalan APMC,24.216,Metric Tonnes,Wheat,2477.0,2680.0,2680.0,Rs./Quintal,FAQ
Susner APMC,41.921,Metric Tonnes,Wheat,2440.0,2725.0,2591.0,Rs./Quintal,Non-FAQ
Suthalia APMC,1.452,Metric Tonnes,Wheat,2646.0,2647.0,2647.0,Rs./Quintal,FAQ
Tarana APMC,153.56500000000003,Metric Tonnes,Wheat,2351.0,2821.0,2600.0,Rs./Quintal,FAQ
Tendukheda APMC,8.0,Metric Tonnes,Wheat,2450.0,2500.0,2500.0,Rs./Quintal,FAQ
Thandla APMC,10.47,Metric Tonnes,Lokwan,2500.0,2600.0,2600.0,Rs./Quintal,FAQ
Tikamgarh APMC,981.2870000000001,Metric Tonnes,Wheat,2530.0,2656.0,2630.0,Rs./Quintal,FAQ
Timarni APMC,4.53,Metric Tonnes,Mill Quality,2650.0,2650.0,2650.0,Rs./Quintal,Non-FAQ
Timarni APMC,62.17100000000001,Metric Tonnes,Wheat,2676.0,2720.0,2717.0,Rs./Quintal,FAQ
Udaipura APMC,67.065,Metric Tonnes,Mill Quality,2575.0,2715.0,2675.0,Rs./Quintal,FAQ
Udaipura APMC,0.22999999999999998,Metric Tonnes,Mill Quality,2655.0,2655.0,2655.0,Rs./Quintal,Non-FAQ
Ujjain APMC,406.664,Metric Tonnes,Wheat,1823.0,3141.0,2780.0,Rs./Quintal,FAQ
Umariya APMC,29.360000000000003,Metric Tonnes,Local,2540.0,2540.0,2540.0,Rs./Quintal,Non-FAQ
Umariya APMC,34.25,Metric Tonnes,Mill Quality,2301.0,2500.0,2500.0,Rs./Quintal,Non-FAQ
Umariya APMC,327.01500000000004,Metric Tonnes,Wheat,2403.0,2610.0,2465.0,Rs./Quintal,Non-FAQ
Unhel APMC,15.61,Metric Tonnes,Wheat,2561.0,2669.0,2669.0,Rs./Quintal,FAQ
Vidisha APMC,347.68800000000005,Metric Tonnes,Wheat,2462.0,3260.0,2680.0,Rs./Quintal,FAQ
Vijaypur APMC,108.82000000000001,Metric Tonnes,Wheat,2500.0,2560.0,2550.0,Rs./Quintal,FAQ
Total,32190.06,Metric Tonnes,,,,2673.95,Rs./Quintal,
State/UT Name : Maharashtra
APMC Achalpur ,8.0,Metric Tonnes,Other,2585.0,2650.0,2600.0,Rs./Quintal,FAQ
APMC Ahmedpur ,4.5,Metric Tonnes,Other,2585.0,2602.0,2592.0,Rs./Quintal,FAQ
APMC Akola ,12.2,Metric Tonnes,Other,2590.0,2765.0,2600.0,Rs./Quintal,FAQ
APMC Akot ,12.0,Metric Tonnes,147 Average,2590.0,2675.0,2600.0,Rs./Quintal,FAQ
APMC Amalner ,20.0,Metric Tonnes,Other,2673.0,2673.0,2673.0,Rs./Quintal,FAQ
APMC Amarawati ,17.3,Metric Tonnes,Other,2585.0,2650.0,2617.0,Rs./Quintal,FAQ
APMC Anajngaon ,22.1,Metric Tonnes,Other,2400.0,2580.0,2450.0,Rs./Quintal,Non-FAQ
APMC Barshi ,1.3,Metric Tonnes,Other,2650.0,2650.0,2650.0,Rs./Quintal,FAQ
APMC Beed ,5.1,Metric Tonnes,Other,2400.0,2500.0,2450.0,Rs./Quintal,Non-FAQ
APMC Bhandara ,0.9,Metric Tonnes,Maharashtra 2189,2300.0,2450.0,2400.0,Rs./Quintal,Non-FAQ
APMC Bhokar ,0.8,Metric Tonnes,Other,2300.0,2400.0,2350.0,Rs./Quintal,Non-FAQ
APMC Chalisgaon ,20.0,Metric Tonnes,Other,2600.0,2751.0,2626.0,Rs./Quintal,FAQ
APMC Chandur Bazar ,3.9,Metric Tonnes,Other,2700.0,2700.0,2700.0,Rs./Quintal,FAQ
APMC Chandur Bazar ,3.6,Metric Tonnes,Other,2300.0,2580.0,2580.0,Rs./Quintal,Non-FAQ
APMC Chattrapati Sambhajinagar ,10.5,Metric Tonnes,Other,2660.0,3105.0,2882.0,Rs./Quintal,FAQ
APMC Chattrapati Sambhajinagar ,0.2,Metric Tonnes,Other,2426.0,2500.0,2463.0,Rs./Quintal,Non-FAQ
APMC Chopda ,1.0,Metric Tonnes,Other,2652.0,2652.0,2652.0,Rs./Quintal,FAQ
APMC Chopda ,1.0,Metric Tonnes,Other,2401.0,2412.0,2412.0,Rs./Quintal,Non-FAQ
APMC Deoulgaon Raja ,1.3,Metric Tonnes,Other,2600.0,2611.0,2600.0,Rs./Quintal,FAQ
APMC Deoulgaon Raja ,0.5,Metric Tonnes,Other,2400.0,2400.0,2400.0,Rs./Quintal,Non-FAQ
APMC Dhamngaon-Railway ,7.0,Metric Tonnes,Other,2400.0,2500.0,2450.0,Rs./Quintal,Non-FAQ
APMC Dharangaon ,3.2,Metric Tonnes,Other,2636.0,2736.0,2711.0,Rs./Quintal,FAQ
APMC Digras ,10.0,Metric Tonnes,Other,2730.0,2800.0,2785.0,Rs./Quintal,FAQ
APMC Dondaicha ,20.0,Metric Tonnes,Other,2600.0,2830.0,2700.0,Rs./Quintal,FAQ
APMC Dudhani ,0.1,Metric Tonnes,Maharashtra 2189,2600.0,2600.0,2600.0,Rs./Quintal,FAQ
APMC Gangapur ,1.8,Metric Tonnes,Other,2720.0,2754.0,2741.0,Rs./Quintal,FAQ
APMC Gevrai ,17.7,Metric Tonnes,Other,2600.0,2900.0,2750.0,Rs./Quintal,FAQ
APMC Hinganghat ,7.5,Metric Tonnes,Other,2585.0,2725.0,2650.0,Rs./Quintal,FAQ
APMC Hinganghat ,17.7,Metric Tonnes,Other,2550.0,2580.0,2560.0,Rs./Quintal,Non-FAQ
APMC Jalana ,145.6,Metric Tonnes,Other,2750.0,2850.0,2750.0,Rs./Quintal,FAQ
APMC Jalana ,0.8,Metric Tonnes,Other,2200.0,2200.0,2200.0,Rs./Quintal,Non-FAQ
APMC Jalgaon ,1.0,Metric Tonnes,147 Average,2600.0,2900.0,2600.0,Rs./Quintal,FAQ
APMC Jalgaon ,0.8,Metric Tonnes,147 Average,2000.0,2000.0,2000.0,Rs./Quintal,Non-FAQ
APMC Jamkhed ,0.4,Metric Tonnes,Other,2400.0,2550.0,2475.0,Rs./Quintal,Non-FAQ
APMC Kalamb (Dharashiv) ,0.2,Metric Tonnes,Maharashtra 2189,3153.0,3153.0,3153.0,Rs./Quintal,FAQ
APMC Kalamb (Dharashiv) ,0.9,Metric Tonnes,Maharashtra 2189,2400.0,2551.0,2551.0,Rs./Quintal,Non-FAQ
APMC Kalyan ,0.3,Metric Tonnes,Sharbati,3200.0,3400.0,3300.0,Rs./Quintal,FAQ
APMC Kandhar ,0.6,Metric Tonnes,Other,1900.0,2475.0,2380.0,Rs./Quintal,Non-FAQ
APMC Kannad ,5.8,Metric Tonnes,Other,2251.0,2584.0,2328.0,Rs./Quintal,Non-FAQ
APMC Karjat ,1.0,Metric Tonnes,Other,2800.0,2800.0,2800.0,Rs./Quintal,FAQ
APMC Karjat ,1.1,Metric Tonnes,Other,2200.0,2500.0,2400.0,Rs./Quintal,Non-FAQ
APMC Karmala ,2.7,Metric Tonnes,Other,2651.0,2800.0,2761.0,Rs./Quintal,FAQ
APMC Katol ,6.0,Metric Tonnes,Other,2585.0,2700.0,2650.0,Rs./Quintal,FAQ
APMC Khamgaon ,19.5,Metric Tonnes,Other,2600.0,2625.0,2612.0,Rs./Quintal,FAQ
APMC Khamgaon ,11.2,Metric Tonnes,Other,1850.0,2575.0,2212.0,Rs./Quintal,Non-FAQ
APMC Kopargaon ,15.2,Metric Tonnes,Other,2585.0,2839.0,2700.0,Rs./Quintal,FAQ
APMC Lasur Station ,25.9,Metric Tonnes,Other,2750.0,2850.0,2800.0,Rs./Quintal,FAQ
APMC Lasur Station ,2.1,Metric Tonnes,Other,2200.0,2200.0,2200.0,Rs./Quintal,Non-FAQ
APMC Majalgaon ,11.3,Metric Tonnes,Other,2600.0,2930.0,2725.0,Rs./Quintal,FAQ
APMC Malegaon ,15.1,Metric Tonnes,Other,2270.0,2580.0,2578.0,Rs./Quintal,Non-FAQ
APMC Malkapur ,30.0,Metric Tonnes,Other,2715.0,2800.0,2750.0,Rs./Quintal,FAQ
APMC Malkapur ,0.4,Metric Tonnes,Other,2575.0,2575.0,2575.0,Rs./Quintal,Non-FAQ
APMC Mangrulpeer ,7.4,Metric Tonnes,Other,2600.0,2740.0,2650.0,Rs./Quintal,FAQ
APMC Manmad ,3.5,Metric Tonnes,Other,2672.0,2813.0,2690.0,Rs./Quintal,FAQ
APMC Manora ,5.1,Metric Tonnes,Other,2700.0,2720.0,2710.0,Rs./Quintal,FAQ
APMC Mehekar ,2.0,Metric Tonnes,Other,2200.0,2580.0,2400.0,Rs./Quintal,Non-FAQ
APMC Mumbai ,1035.2,Metric Tonnes,Other,2900.0,5500.0,4200.0,Rs./Quintal,FAQ
APMC Murtizapur ,7.0,Metric Tonnes,Other,2590.0,2730.0,2660.0,Rs./Quintal,FAQ
APMC Murum ,0.1,Metric Tonnes,Bansi,2900.0,2900.0,2900.0,Rs./Quintal,FAQ
APMC Nagpur ,97.1,Metric Tonnes,Other,2600.0,2758.0,2718.0,Rs./Quintal,FAQ
APMC Nagpur ,130.0,Metric Tonnes,Sharbati,3200.0,3500.0,3425.0,Rs./Quintal,FAQ
APMC Nandgaon ,5.1,Metric Tonnes,Maharashtra 2189,2585.0,2852.0,2650.0,Rs./Quintal,FAQ
APMC Nandgaon Khandeshwar ,2.3,Metric Tonnes,Other,2585.0,2670.0,2600.0,Rs./Quintal,FAQ
APMC Nandura ,4.0,Metric Tonnes,Other,2600.0,2700.0,2651.0,Rs./Quintal,FAQ
APMC Nandurbar ,0.8,Metric Tonnes,Other,2585.0,2600.0,2600.0,Rs./Quintal,FAQ
APMC Nandurbar ,0.8,Metric Tonnes,Other,2550.0,2550.0,2550.0,Rs./Quintal,Non-FAQ
APMC Pachora ,5.0,Metric Tonnes,Other,2585.0,2768.0,2651.0,Rs./Quintal,FAQ
APMC Pachora ,4.5,Metric Tonnes,Other,2335.0,2399.0,2375.0,Rs./Quintal,Non-FAQ
APMC Paithan ,11.8,Metric Tonnes,Bansi,2680.0,2821.0,2720.0,Rs./Quintal,FAQ
APMC Parbhani ,19.8,Metric Tonnes,Other,2325.0,2575.0,2400.0,Rs./Quintal,Non-FAQ
APMC Parola ,2.7,Metric Tonnes,Kalyan,2500.0,2550.0,2500.0,Rs./Quintal,Non-FAQ
APMC Patoda ,0.5,Metric Tonnes,Other,2200.0,2500.0,2400.0,Rs./Quintal,Non-FAQ
APMC Rahata ,1.5,Metric Tonnes,Other,2725.0,2725.0,2725.0,Rs./Quintal,FAQ
APMC Rahuri ,0.9,Metric Tonnes,Other,2600.0,2650.0,2625.0,Rs./Quintal,FAQ
APMC Sangli ,36.4,Metric Tonnes,Other,3000.0,4000.0,3500.0,Rs./Quintal,FAQ
APMC Satana ,1.2,Metric Tonnes,Other,2650.0,3000.0,2838.0,Rs./Quintal,FAQ
APMC Satana ,0.5,Metric Tonnes,Other,2470.0,2470.0,2470.0,Rs./Quintal,Non-FAQ
APMC Savner ,2.0,Metric Tonnes,Other,2585.0,2585.0,2585.0,Rs./Quintal,FAQ
APMC Shahada ,1.2,Metric Tonnes,Other,2861.0,2929.0,2900.0,Rs./Quintal,FAQ
APMC Shegaon ,0.7,Metric Tonnes,Other,2600.0,2750.0,2630.0,Rs./Quintal,FAQ
APMC Shegaon ,0.3,Metric Tonnes,Other,2400.0,2550.0,2500.0,Rs./Quintal,Non-FAQ
APMC Shevgaon ,6.6,Metric Tonnes,Maharashtra 2189,2600.0,2700.0,2700.0,Rs./Quintal,FAQ
APMC Shirpur ,6.9,Metric Tonnes,Other,2711.0,2776.0,2776.0,Rs./Quintal,FAQ
APMC Shirpur ,0.6,Metric Tonnes,Other,2000.0,2000.0,2000.0,Rs./Quintal,Non-FAQ
APMC Shirur ,1.5,Metric Tonnes,Other,2725.0,2725.0,2725.0,Rs./Quintal,FAQ
APMC Shirur ,0.6,Metric Tonnes,Other,2200.0,2550.0,2500.0,Rs./Quintal,Non-FAQ
APMC Sillod ,23.3,Metric Tonnes,Other,2590.0,2650.0,2600.0,Rs./Quintal,FAQ
APMC Sinner ,0.5,Metric Tonnes,Other,2715.0,2785.0,2750.0,Rs./Quintal,FAQ
APMC Solapur ,81.2,Metric Tonnes,Sharbati,2660.0,4180.0,3650.0,Rs./Quintal,FAQ
APMC Tasgaon ,2.9,Metric Tonnes,Other,3950.0,4200.0,4060.0,Rs./Quintal,FAQ
APMC Telhara ,5.5,Metric Tonnes,Other,2585.0,2650.0,2600.0,Rs./Quintal,FAQ
APMC Tuljapur ,1.6,Metric Tonnes,Other,2595.0,2700.0,2600.0,Rs./Quintal,FAQ
APMC Ulhasnagar ,55.0,Metric Tonnes,Other,3000.0,3400.0,3200.0,Rs./Quintal,FAQ
APMC Umarkhed ,12.0,Metric Tonnes,Other,2200.0,2350.0,2300.0,Rs./Quintal,Non-FAQ
APMC Vaijpur ,10.0,Metric Tonnes,Other,2600.0,2875.0,2750.0,Rs./Quintal,FAQ
APMC Wardha ,11.2,Metric Tonnes,Other,2720.0,2790.0,2750.0,Rs./Quintal,FAQ
APMC Yavatmal ,5.8,Metric Tonnes,Other,2725.0,2745.0,2735.0,Rs./Quintal,FAQ
Barshi(Vairag) ,1.8,Metric Tonnes,Other,2600.0,2600.0,2600.0,Rs./Quintal,FAQ
Bhokardan(Pimpalgaon Renu) ,7.3,Metric Tonnes,Other,2200.0,2400.0,2300.0,Rs./Quintal,Non-FAQ
"Bsk Krishi Bazar Private Limited, Mehkar, Dist Buldhana",1.3,Metric Tonnes,Other,2650.0,2650.0,2650.0,Rs./Quintal,Local
Jalgaon Jamod(Aasalgaon) ,5.0,Metric Tonnes,Maharashtra 2189,2400.0,2500.0,2450.0,Rs./Quintal,Non-FAQ
Jalgaon(Masawat) ,0.5,Metric Tonnes,147 Average,2500.0,2500.0,2500.0,Rs./Quintal,Non-FAQ
KISAN MARKET YARD,3.01,Metric Tonnes,Other,2500.0,2705.0,2640.0,Rs./Quintal,Local
Karjat(Rashin) ,0.7,Metric Tonnes,Other,2800.0,2800.0,2800.0,Rs./Quintal,FAQ
Karjat(Rashin) ,0.4,Metric Tonnes,Other,2200.0,2500.0,2400.0,Rs./Quintal,Non-FAQ
Kolhapur(Laxmipuri) ,28.0,Metric Tonnes,Other,3050.0,4050.0,3550.0,Rs./Quintal,FAQ
"Krushna Krishi Bazar, Washim",0.22,Metric Tonnes,Other,2000.0,2600.0,2300.0,Rs./Quintal,Local
Lasalgaon(Niphad) ,4.8,Metric Tonnes,Maharashtra 2189,2722.0,2781.0,2729.0,Rs./Quintal,FAQ
Latur(Murud) ,22.0,Metric Tonnes,Maharashtra 2189,2300.0,2500.0,2400.0,Rs./Quintal,Non-FAQ
"Maharaja Agresen Pvt Krushi Utappan Bazar Samati, Dist Buldhana",1.8,Metric Tonnes,Other,2400.0,2600.0,2557.0,Rs./Quintal,Local
"Mahesh Krushi Utpanna Bazar, Digras, Dist Yeotmal",1.23,Metric Tonnes,Other,2675.0,2705.0,2697.0,Rs./Quintal,Local
"Omchatinya Multi State Agro Purpose Co-Op Society, Dist Ahilyanagar",0.37,Metric Tonnes,Other,2600.0,2600.0,2600.0,Rs./Quintal,Local
Rahuri(Vambori) ,0.8,Metric Tonnes,Other,2800.0,2800.0,2800.0,Rs./Quintal,FAQ
Shevgaon(Bodhegaon) ,1.1,Metric Tonnes,Maharashtra 2189,2600.0,2700.0,2600.0,Rs./Quintal,FAQ
Shrirampur(Belapur) ,1.3,Metric Tonnes,Other,2200.0,2300.0,2250.0,Rs./Quintal,Non-FAQ
Total,2225.33,Metric Tonnes,,,,3492.04,Rs./Quintal,
State/UT Name : NCT of Delhi
APMC Najafgarh,25.6,Metric Tonnes,Dara,2750.0,2791.0,2770.0,Rs./Quintal,FAQ
APMC Najafgarh,17.400000000000002,Metric Tonnes,Farmi,2850.0,3100.0,3100.0,Rs./Quintal,FAQ
APMC Narela,32.9,Metric Tonnes,Mexican,2555.0,2865.0,2710.0,Rs./Quintal,FAQ
Total,75.9,Metric Tonnes,,,,2819.64,Rs./Quintal,
State/UT Name : Punjab
Nawanshahar APMC,31.400000000000002,Metric Tonnes,Medium,2723.0,2856.0,2723.0,Rs./Quintal,FAQ
Total,31.4,Metric Tonnes,,,,2723.0,Rs./Quintal,
State/UT Name : Rajasthan
Anta APMC,0.2,Metric Tonnes,Other,2549.0,2549.0,2549.0,Rs./Quintal,Local
Anupgarh APMC,13.4,Metric Tonnes,Dara,2620.0,2620.0,2620.0,Rs./Quintal,Grade Range-1
Atru APMC,8.3,Metric Tonnes,Other,2481.0,2681.0,2581.0,Rs./Quintal,Local
Baran APMC,75.0,Metric Tonnes,Other,2540.0,2775.0,2691.0,Rs./Quintal,Local
Barisadri APMC,22.900000000000002,Metric Tonnes,Other,2512.0,2900.0,2730.0,Rs./Quintal,FAQ
Barodamev APMC,5.0,Metric Tonnes,Other,2680.0,2700.0,2696.0,Rs./Quintal,Non-FAQ
Bassi APMC,13.5,Metric Tonnes,Other,2520.0,2672.0,2596.0,Rs./Quintal,Local
Bayana APMC,13.4,Metric Tonnes,Other,2610.0,2630.0,2620.0,Rs./Quintal,Local
Begu APMC,10.4,Metric Tonnes,Other,2700.0,2700.0,2700.0,Rs./Quintal,Local
Bhadara APMC,6.0,Metric Tonnes,1482,2805.0,2805.0,2805.0,Rs./Quintal,Non-FAQ
Bhawani Mandi APMC,14.0,Metric Tonnes,Other,2526.0,2670.0,2598.0,Rs./Quintal,Local
Bhilwara APMC,1.3,Metric Tonnes,Other,2675.0,2675.0,2675.0,Rs./Quintal,FAQ
Bhusawar Bair APMC,22.8,Metric Tonnes,147 Average,2500.0,2640.0,2570.0,Rs./Quintal,Local
Bundi APMC,710.0,Metric Tonnes,Other,2641.0,2700.0,2671.0,Rs./Quintal,FAQ
Chaksu APMC,10.9,Metric Tonnes,Other,2611.0,2635.0,2620.0,Rs./Quintal,Local
Chhabra APMC,73.2,Metric Tonnes,Other,2712.0,2895.0,2803.0,Rs./Quintal,Local
Chhotisadri APMC,17.5,Metric Tonnes,Local,2642.0,2920.0,2710.0,Rs./Quintal,Local
Choumahla APMC,35.0,Metric Tonnes,Other,2560.0,2740.0,2650.0,Rs./Quintal,Non-FAQ
Dausa APMC,23.8,Metric Tonnes,Other,2609.0,2659.0,2634.0,Rs./Quintal,Local
Deeg APMC,0.6000000000000001,Metric Tonnes,Other,2625.0,2625.0,2625.0,Rs./Quintal,Non-FAQ
Dei APMC,18.1,Metric Tonnes,Other,2599.0,2686.0,2600.0,Rs./Quintal,Local
Deoli APMC,12.700000000000001,Metric Tonnes,147 Average,2580.0,2640.0,2610.0,Rs./Quintal,FAQ
Dooni APMC,5.0,Metric Tonnes,147 Average,2570.0,2650.0,2610.0,Rs./Quintal,Local
Gajsinghpur APMC,0.5,Metric Tonnes,Other,2585.0,2585.0,2585.0,Rs./Quintal,Local
Gangapur City APMC,17.150000000000002,Metric Tonnes,Other,2525.0,2595.0,2550.0,Rs./Quintal,Non-FAQ
Gharsana APMC,1.5,Metric Tonnes,Other,2600.0,2670.0,2650.0,Rs./Quintal,FAQ
Goluwala APMC,6.800000000000001,Metric Tonnes,Other,2622.0,2652.0,2651.0,Rs./Quintal,Non-FAQ
HanumangarhTown APMC,7.5,Metric Tonnes,Other,2701.0,2720.0,2701.0,Rs./Quintal,Non-FAQ
Hindoun APMC,49.1,Metric Tonnes,Other,2505.0,2621.0,2563.0,Rs./Quintal,Local
Iklera APMC,75.0,Metric Tonnes,Other,2450.0,2760.0,2605.0,Rs./Quintal,Local
Itawa APMC,55.0,Metric Tonnes,Other,2576.0,2821.0,2698.0,Rs./Quintal,Local
Jhalarapatan APMC,51.300000000000004,Metric Tonnes,Other,2565.0,2675.0,2590.0,Rs./Quintal,Local
Kama APMC,1.5,Metric Tonnes,Other,2590.0,2590.0,2590.0,Rs./Quintal,Local
Kawai Salpura - Atru APMC,15.200000000000001,Metric Tonnes,Other,2685.0,2790.0,2738.0,Rs./Quintal,Local
Keshoraipatan APMC,1.7000000000000002,Metric Tonnes,Local,2600.0,2730.0,2650.0,Rs./Quintal,FAQ
Khanpur APMC,60.050000000000004,Metric Tonnes,Other,2650.0,2840.0,2725.0,Rs./Quintal,FAQ
Kherli APMC,9.4,Metric Tonnes,Other,2620.0,2635.0,2625.0,Rs./Quintal,Non-FAQ
Kota APMC,357.5,Metric Tonnes,Local,2650.0,2650.0,2650.0,Rs./Quintal,Local
Lalsot APMC,32.4,Metric Tonnes,Other,2556.0,2735.0,2650.0,Rs./Quintal,Local
Laxmangarh - Barodamev  APMC,14.600000000000001,Metric Tonnes,Other,2644.0,2650.0,2647.0,Rs./Quintal,Non-FAQ
Lunkaransar APMC,1.16,Metric Tonnes,Other,2560.0,2640.0,2600.0,Rs./Quintal,Local
Madanganj Kishangarh APMC,8.9,Metric Tonnes,Other,2499.0,2599.0,2525.0,Rs./Quintal,Local
Mandawar APMC,11.5,Metric Tonnes,Other,2570.0,2589.0,2580.0,Rs./Quintal,FAQ
Mandawari APMC,33.0,Metric Tonnes,Other,2530.0,2661.0,2600.0,Rs./Quintal,Local
Nadwai APMC,10.4,Metric Tonnes,Other,2540.0,2575.0,2550.0,Rs./Quintal,Local
Nahargarh APMC,2.7,Metric Tonnes,Other,2505.0,2710.0,2607.0,Rs./Quintal,Local
Nimbahera APMC,780.0,Metric Tonnes,Other,2401.0,2821.0,2601.0,Rs./Quintal,FAQ
Niwai APMC,29.900000000000002,Metric Tonnes,Other,2481.0,2562.0,2521.0,Rs./Quintal,Local
Nohar APMC,1.2000000000000002,Metric Tonnes,Other,2700.0,2703.0,2700.0,Rs./Quintal,FAQ
Nokha APMC,7.3,Metric Tonnes,Other,2701.0,2760.0,2731.0,Rs./Quintal,Local
Osiyan Mathania APMC,1.9000000000000001,Metric Tonnes,Local,2400.0,2500.0,2450.0,Rs./Quintal,Local
Padampur APMC,11.0,Metric Tonnes,Other,2727.0,2882.0,2882.0,Rs./Quintal,FAQ
Pilibanga APMC,5.1,Metric Tonnes,Other,2693.0,2705.0,2702.0,Rs./Quintal,FAQ
Raisingh Nagar APMC,26.0,Metric Tonnes,Other,2626.0,2670.0,2649.0,Rs./Quintal,Non-FAQ
Ramganjmandi APMC,44.6,Metric Tonnes,Other,2589.0,2847.0,2690.0,Rs./Quintal,Local
Sadulshahar APMC,2.2,Metric Tonnes,Other,2695.0,2695.0,2695.0,Rs./Quintal,FAQ
Sri Vijayanagar APMC,19.5,Metric Tonnes,Other,2500.0,2971.0,2660.0,Rs./Quintal,Local
Sriganganagar (Grain) APMC,25.900000000000002,Metric Tonnes,Other,2690.0,2740.0,2715.0,Rs./Quintal,Local
Sumerganj APMC,2.4,Metric Tonnes,147 Average,2726.0,2726.0,2726.0,Rs./Quintal,Local
Sumerpur APMC,32.7,Metric Tonnes,Other,2770.0,2871.0,2821.0,Rs./Quintal,Non-FAQ
Suratgarh APMC,3.5,Metric Tonnes,Other,2686.0,2686.0,2686.0,Rs./Quintal,FAQ
Tonk APMC,15.9,Metric Tonnes,Deshi,2602.0,2602.0,2602.0,Rs./Quintal,FAQ
Total,2945.96,Metric Tonnes,,,,2645.89,Rs./Quintal,
State/UT Name : Uttar Pradesh
Achalda APMC,11.4,Metric Tonnes,Super Fine,2400.0,2400.0,2400.0,Rs./Quintal,FAQ
Achalda APMC,35.0,Metric Tonnes,Dara,2400.0,2400.0,2400.0,Rs./Quintal,FAQ
Achnera APMC,5.02,Metric Tonnes,Dara,2715.0,2715.0,2715.0,Rs./Quintal,FAQ
Achnera APMC,40.76,Metric Tonnes,Dara Mill Quality,2800.0,2800.0,2800.0,Rs./Quintal,FAQ
Ajuha APMC,39.305,Metric Tonnes,Dara,2400.0,2600.0,2559.27,Rs./Quintal,FAQ
Akbarpur APMC,275.69,Metric Tonnes,Dara,2450.0,2525.0,2451.5,Rs./Quintal,FAQ
Aliganj APMC,18.48,Metric Tonnes,Dara,2520.0,2520.0,2520.0,Rs./Quintal,FAQ
Aligarh APMC,2.707,Metric Tonnes,Dara,2710.0,2720.0,2713.95,Rs./Quintal,FAQ
Aligarh APMC,20.89,Metric Tonnes,Other,2600.0,2600.0,2600.0,Rs./Quintal,FAQ
Anandnagar APMC,34.8,Metric Tonnes,Dara,2400.0,2460.0,2432.24,Rs./Quintal,FAQ
Anoop Shahar APMC,5.1,Metric Tonnes,Other,2600.0,2600.0,2600.0,Rs./Quintal,FAQ
Anwala APMC,22.405,Metric Tonnes,Other,2675.0,2675.0,2675.0,Rs./Quintal,FAQ
Atarra APMC,5.07,Metric Tonnes,Other,2600.0,2600.0,2600.0,Rs./Quintal,FAQ
Atarra APMC,77.45,Metric Tonnes,Dara,2450.0,2450.0,2450.0,Rs./Quintal,FAQ
Atarra APMC,83.8,Metric Tonnes,Deshi,2450.0,2500.0,2481.62,Rs./Quintal,FAQ
Atrauli APMC,60.8,Metric Tonnes,Dara,2600.0,2600.0,2600.0,Rs./Quintal,FAQ
Auraiya APMC,7.458,Metric Tonnes,Super Fine,2620.0,2620.0,2620.0,Rs./Quintal,FAQ
Auraiya APMC,48.105,Metric Tonnes,Medium,2630.0,2640.0,2635.01,Rs./Quintal,FAQ
Auraiya APMC,35.723,Metric Tonnes,Sharbati,2620.0,2620.0,2620.0,Rs./Quintal,FAQ
Auraiya APMC,14.05,Metric Tonnes,Sonalika,2620.0,2620.0,2620.0,Rs./Quintal,FAQ
Auraiya APMC,173.856,Metric Tonnes,Dara,2620.0,2620.0,2620.0,Rs./Quintal,FAQ
Auraiya APMC,163.76,Metric Tonnes,Other,2620.0,2620.0,2620.0,Rs./Quintal,FAQ
Ayodhya APMC,6.0,Metric Tonnes,Dara Mill Quality,2600.0,2600.0,2600.0,Rs./Quintal,FAQ
Ayodhya APMC,11.4,Metric Tonnes,Local,2500.0,2500.0,2500.0,Rs./Quintal,FAQ
Ayodhya APMC,37.5,Metric Tonnes,Dara,2500.0,2500.0,2500.0,Rs./Quintal,FAQ
Ayodhya APMC,10.6,Metric Tonnes,Medium,2500.0,2500.0,2500.0,Rs./Quintal,FAQ
Azamgarh APMC,25.21,Metric Tonnes,Medium,2600.0,2600.0,2600.0,Rs./Quintal,FAQ
Azamgarh APMC,92.15,Metric Tonnes,Dara,2585.0,2700.0,2598.91,Rs./Quintal,FAQ
Baberu APMC,45.0,Metric Tonnes,Dara,2600.0,2600.0,2600.0,Rs./Quintal,FAQ
Bachranwa APMC,195.1,Metric Tonnes,Dara,2400.0,2600.0,2475.59,Rs./Quintal,FAQ
Badayoun APMC,69.805,Metric Tonnes,Other,2500.0,2500.0,2500.0,Rs./Quintal,FAQ
Badayoun APMC,59.2,Metric Tonnes,Dara,2600.0,2800.0,2719.65,Rs./Quintal,FAQ
Badayoun APMC,31.83,Metric Tonnes,Wheat-Organic,2500.0,2500.0,2500.0,Rs./Quintal,FAQ
Bahraich APMC,100.0,Metric Tonnes,Deshi,2500.0,2500.0,2500.0,Rs./Quintal,FAQ
Bahraich APMC,92.31,Metric Tonnes,Dara,2500.0,2500.0,2500.0,Rs./Quintal,FAQ
Bahraich APMC,100.0,Metric Tonnes,Other,2500.0,2500.0,2500.0,Rs./Quintal,FAQ
Ballia APMC,5.4,Metric Tonnes,Other,2600.0,2600.0,2600.0,Rs./Quintal,FAQ
Ballia APMC,10.3,Metric Tonnes,Dara,2600.0,2600.0,2600.0,Rs./Quintal,FAQ
Balrampur APMC,62.4,Metric Tonnes,Local,2650.0,2650.0,2650.0,Rs./Quintal,FAQ
Banda APMC,32.2,Metric Tonnes,Other,2600.0,2600.0,2600.0,Rs./Quintal,FAQ
Bangarmau APMC,22.225,Metric Tonnes,Other,2600.0,2600.0,2600.0,Rs./Quintal,FAQ
Bangarmau APMC,30.43,Metric Tonnes,Dara Mill Quality,2620.0,2620.0,2620.0,Rs./Quintal,FAQ
Bangarmau APMC,317.35,Metric Tonnes,Dara,2600.0,2620.0,2602.6,Rs./Quintal,FAQ
Bansi APMC,23.1,Metric Tonnes,Dara,2500.0,2500.0,2500.0,Rs./Quintal,FAQ
Banthara APMC,5.6,Metric Tonnes,Medium,2550.0,2550.0,2550.0,Rs./Quintal,FAQ
Banthara APMC,233.69,Metric Tonnes,Other,2625.0,2650.0,2632.98,Rs./Quintal,FAQ
Banthara APMC,298.735,Metric Tonnes,Dara,2550.0,2840.0,2706.16,Rs./Quintal,FAQ
Barabanki APMC,63.25,Metric Tonnes,Other,2450.0,2700.0,2514.82,Rs./Quintal,FAQ
Barabanki APMC,7.89,Metric Tonnes,PBW-343,2451.0,2451.0,2451.0,Rs./Quintal,FAQ
Barabanki APMC,291.34,Metric Tonnes,Dara,2450.0,2650.0,2474.56,Rs./Quintal,FAQ
Baraut APMC,2.6,Metric Tonnes,Local,2600.0,2600.0,2600.0,Rs./Quintal,FAQ
Bareilly APMC,56.125,Metric Tonnes,Dara,2600.0,2650.0,2614.22,Rs./Quintal,FAQ
Bareilly APMC,31.73,Metric Tonnes,Other,2600.0,2604.0,2601.61,Rs./Quintal,FAQ
Bareilly APMC,10.1,Metric Tonnes,Dara Mill Quality,2605.0,2610.0,2607.56,Rs./Quintal,FAQ
Basti APMC,31.9,Metric Tonnes,Other,2450.0,2450.0,2450.0,Rs./Quintal,FAQ
Basti APMC,230.99,Metric Tonnes,Dara,2450.0,2650.0,2497.21,Rs./Quintal,FAQ
Basti APMC,7.4,Metric Tonnes,Dara Mill Quality,2500.0,2500.0,2500.0,Rs./Quintal,FAQ
Basti APMC,16.5,Metric Tonnes,Medium,2560.0,2650.0,2621.09,Rs./Quintal,FAQ
Bewar APMC,20.3,Metric Tonnes,Dara,2500.0,2500.0,2500.0,Rs./Quintal,FAQ
Bharthna APMC,59.5,Metric Tonnes,Other,2550.0,2550.0,2550.0,Rs./Quintal,FAQ
Bharthna APMC,60.5,Metric Tonnes,Dara,2550.0,2550.0,2550.0,Rs./Quintal,FAQ
Bharuasumerpur APMC,79.3,Metric Tonnes,Medium,2580.0,2580.0,2580.0,Rs./Quintal,FAQ
Bharuasumerpur APMC,10.0,Metric Tonnes,Other,2580.0,2580.0,2580.0,Rs./Quintal,FAQ
Bharuasumerpur APMC,41.0,Metric Tonnes,Medium Fine,2580.0,2580.0,2580.0,Rs./Quintal,FAQ
Bharwari APMC,26.2,Metric Tonnes,Dara,2500.0,2500.0,2500.0,Rs./Quintal,FAQ
Bharwari APMC,74.6,Metric Tonnes,Other,2500.0,2500.0,2500.0,Rs./Quintal,FAQ
Bhehjoi APMC,104.35,Metric Tonnes,Mill Quality,2544.0,2551.0,2548.78,Rs./Quintal,FAQ
Bijnaur APMC,3.5,Metric Tonnes,Other,2595.0,2595.0,2595.0,Rs./Quintal,FAQ
Bilaspur APMC,3.08,Metric Tonnes,Dara,2600.0,2600.0,2600.0,Rs./Quintal,FAQ
Bilsi APMC,23.333,Metric Tonnes,Other,2450.0,2450.0,2450.0,Rs./Quintal,FAQ
Bindki APMC,38.2,Metric Tonnes,Medium,2475.0,2500.0,2490.98,Rs./Quintal,FAQ
Bindki APMC,13.1,Metric Tonnes,Kalawal,2400.0,2400.0,2400.0,Rs./Quintal,FAQ
Bindki APMC,65.6,Metric Tonnes,Dara Mill Quality,2400.0,2400.0,2400.0,Rs./Quintal,FAQ
Bindki APMC,38.135,Metric Tonnes,Hybrid,2450.0,2550.0,2505.56,Rs./Quintal,FAQ
Bindki APMC,299.99,Metric Tonnes,Dara,2400.0,2602.0,2453.76,Rs./Quintal,FAQ
Bindki APMC,408.59,Metric Tonnes,Other,2400.0,2650.0,2483.82,Rs./Quintal,FAQ
Bishalpur APMC,15.0,Metric Tonnes,Dara,2500.0,2500.0,2500.0,Rs./Quintal,FAQ
Buland Shahr APMC,71.125,Metric Tonnes,Dara,2600.0,2680.0,2636.6,Rs./Quintal,FAQ
Chaandpur APMC,10.0,Metric Tonnes,Dara,2510.0,2510.0,2510.0,Rs./Quintal,FAQ
Charkhari APMC,46.9,Metric Tonnes,Other,2400.0,2600.0,2482.3,Rs./Quintal,FAQ
Charkhari APMC,68.6,Metric Tonnes,Dara,2400.0,2600.0,2481.63,Rs./Quintal,FAQ
Charkhari APMC,30.2,Metric Tonnes,Deshi,2400.0,2600.0,2519.21,Rs./Quintal,FAQ
Charra APMC,28.562,Metric Tonnes,Dara,2500.0,2500.0,2500.0,Rs./Quintal,FAQ
Chirgaon APMC,35.9,Metric Tonnes,Other,2400.0,2450.0,2419.03,Rs./Quintal,FAQ
Chirgaon APMC,13.8,Metric Tonnes,Deshi,2403.0,2405.0,2403.97,Rs./Quintal,FAQ
Chorichora APMC,18.4,Metric Tonnes,Dara,2400.0,2400.0,2400.0,Rs./Quintal,FAQ
Choubepur APMC,6.9,Metric Tonnes,Deshi,2400.0,2400.0,2400.0,Rs./Quintal,FAQ
Choubepur APMC,25.0,Metric Tonnes,Dara,2500.0,2500.0,2500.0,Rs./Quintal,FAQ
Choubepur APMC,4.09,Metric Tonnes,Other,2510.0,2510.0,2510.0,Rs./Quintal,FAQ
Choubepur APMC,13.6,Metric Tonnes,Kalawal,2400.0,2400.0,2400.0,Rs./Quintal,FAQ
Choubepur APMC,87.74,Metric Tonnes,Dara Mill Quality,2400.0,2400.0,2400.0,Rs./Quintal,FAQ
Dataganj APMC,9.5,Metric Tonnes,Dara,2500.0,2600.0,2550.0,Rs./Quintal,FAQ
Dataganj APMC,4.9,Metric Tonnes,PBW-343,2500.0,2500.0,2500.0,Rs./Quintal,FAQ
Devariya APMC,9.69,Metric Tonnes,Hybrid,2703.62,2728.58,2718.98,Rs./Quintal,FAQ
Devariya APMC,6.32,Metric Tonnes,Sharbati,2715.73,2780.0,2719.54,Rs./Quintal,FAQ
Devariya APMC,30.045,Metric Tonnes,Dara,2450.0,2750.0,2501.15,Rs./Quintal,FAQ
Devariya APMC,25.236,Metric Tonnes,White,2740.0,2770.0,2755.34,Rs./Quintal,FAQ
Dhanaura APMC,25.5,Metric Tonnes,Dara,2500.0,2603.0,2551.96,Rs./Quintal,FAQ
Dibiapur APMC,37.3,Metric Tonnes,Hybrid,2500.0,2500.0,2500.0,Rs./Quintal,FAQ
Dibiapur APMC,167.76,Metric Tonnes,Dara,2400.0,2650.0,2482.08,Rs./Quintal,FAQ
Dudhi APMC,35.9,Metric Tonnes,Other,2400.0,2400.0,2400.0,Rs./Quintal,FAQ
Etawah APMC,7.0,Metric Tonnes,Other,2425.0,2425.0,2425.0,Rs./Quintal,FAQ
Farukhabad APMC,12.9,Metric Tonnes,Medium,2600.0,2605.0,2602.6,Rs./Quintal,FAQ
Fatehabad APMC,10.1,Metric Tonnes,Local,2540.0,2550.0,2546.32,Rs./Quintal,FAQ
Fatehpur APMC,58.22,Metric Tonnes,Dara,2500.0,2550.0,2545.36,Rs./Quintal,FAQ
Fatehpur APMC,71.2,Metric Tonnes,Medium,2500.0,2500.0,2500.0,Rs./Quintal,FAQ
Fatehpur APMC,91.466,Metric Tonnes,Other,2500.0,2550.0,2523.6,Rs./Quintal,FAQ
Fatehpur Sikri APMC,43.17,Metric Tonnes,Dara,2560.0,2850.0,2671.11,Rs./Quintal,FAQ
Gadaura APMC,8.2,Metric Tonnes,Dara,2500.0,2500.0,2500.0,Rs./Quintal,FAQ
Ganj Dundwara APMC,29.855,Metric Tonnes,Dara,2500.0,2500.0,2500.0,Rs./Quintal,FAQ
Golagokarnath APMC,44.68,Metric Tonnes,Other,2580.0,2645.0,2617.32,Rs./Quintal,FAQ
Golagokarnath APMC,18.405,Metric Tonnes,Dara,2580.0,2650.0,2585.34,Rs./Quintal,FAQ
Gonda APMC,29.93,Metric Tonnes,Dara Mill Quality,2800.0,2800.0,2800.0,Rs./Quintal,FAQ
Gorakhpur APMC,14.6,Metric Tonnes,Other,2520.0,2560.0,2541.23,Rs./Quintal,FAQ
Gorakhpur APMC,8.0,Metric Tonnes,Medium,2500.0,2500.0,2500.0,Rs./Quintal,FAQ
Gorakhpur APMC,5.0,Metric Tonnes,Dara Mill Quality,2500.0,2500.0,2500.0,Rs./Quintal,FAQ
Gorakhpur APMC,152.36,Metric Tonnes,Dara,2500.0,2750.0,2655.17,Rs./Quintal,FAQ
Gulavati APMC,0.55,Metric Tonnes,Other,2700.0,2700.0,2700.0,Rs./Quintal,FAQ
Gurusarai APMC,38.6,Metric Tonnes,Medium,2570.0,2580.0,2573.26,Rs./Quintal,FAQ
Haathras APMC,8.0,Metric Tonnes,Medium,2501.0,2501.0,2501.0,Rs./Quintal,FAQ
Haathras APMC,13.1,Metric Tonnes,Other,2511.0,2521.0,2515.81,Rs./Quintal,FAQ
Hardoi APMC,93.3,Metric Tonnes,Other,2550.0,2800.0,2599.04,Rs./Quintal,FAQ
Hardoi APMC,614.925,Metric Tonnes,Dara,2550.0,2650.0,2559.81,Rs./Quintal,FAQ
Hargaon (Laharpur) APMC,7.0,Metric Tonnes,Dara,2650.0,2650.0,2650.0,Rs./Quintal,FAQ
Hasanpur APMC,766.7,Metric Tonnes,Dara Mill Quality,2590.0,2590.0,2590.0,Rs./Quintal,FAQ
Jafarganj APMC,116.06,Metric Tonnes,Dara,2300.0,2575.0,2337.74,Rs./Quintal,FAQ
Jahanabad APMC,59.0,Metric Tonnes,Dara,2560.0,2650.0,2612.73,Rs./Quintal,FAQ
Jahanabad APMC,29.0,Metric Tonnes,Dara Mill Quality,2500.0,2500.0,2500.0,Rs./Quintal,FAQ
Jahangirabad APMC,4.0,Metric Tonnes,Kalyan,2690.0,2690.0,2690.0,Rs./Quintal,FAQ
Jahangirabad APMC,37.779,Metric Tonnes,Other,2690.0,2690.0,2690.0,Rs./Quintal,FAQ
Jalalabad APMC,32.16,Metric Tonnes,Deshi,2650.0,2650.0,2650.0,Rs./Quintal,FAQ
Jalalabad APMC,16.0,Metric Tonnes,2329,2430.0,2430.0,2430.0,Rs./Quintal,FAQ
Jalalabad APMC,10.35,Metric Tonnes,PBW-343,2430.0,2430.0,2430.0,Rs./Quintal,FAQ
Jalalabad APMC,71.955,Metric Tonnes,Other,2430.0,2600.0,2506.78,Rs./Quintal,FAQ
Jalaun APMC,15.0,Metric Tonnes,Dara,2625.0,2625.0,2625.0,Rs./Quintal,FAQ
Jalaun APMC,30.4,Metric Tonnes,Mill Quality,2590.0,2590.0,2590.0,Rs./Quintal,FAQ
Jarar APMC,4.0,Metric Tonnes,Dara,2450.0,2450.0,2450.0,Rs./Quintal,FAQ
Jaunpur APMC,25.6,Metric Tonnes,Other,2625.0,2625.0,2625.0,Rs./Quintal,FAQ
Jaunpur APMC,16.755,Metric Tonnes,Dara Mill Quality,2686.0,2731.0,2716.12,Rs./Quintal,FAQ
Jayas APMC,460.64,Metric Tonnes,Dara,2400.0,2680.0,2481.7,Rs./Quintal,FAQ
Jewar APMC,25.076,Metric Tonnes,Deshi,2700.0,2700.0,2700.0,Rs./Quintal,FAQ
Jhansi APMC,13.0,Metric Tonnes,Mill Quality,2355.0,2365.0,2357.65,Rs./Quintal,FAQ
Jhansi APMC,72.0,Metric Tonnes,Other,2351.0,2355.0,2351.99,Rs./Quintal,FAQ
Jhansi APMC,51.6,Metric Tonnes,Deshi,2350.0,2353.0,2351.16,Rs./Quintal,FAQ
Jhijhank APMC,344.03,Metric Tonnes,Dara,2350.0,2650.0,2545.31,Rs./Quintal,FAQ
Kadaura APMC,21.1,Metric Tonnes,Super Fine,2350.0,2350.0,2350.0,Rs./Quintal,FAQ
Kadaura APMC,17.73,Metric Tonnes,Other,2350.0,2350.0,2350.0,Rs./Quintal,FAQ
Kadaura APMC,17.0,Metric Tonnes,Deshi,2500.0,2500.0,2500.0,Rs./Quintal,FAQ
Kalpi APMC,50.5,Metric Tonnes,Dara,2500.0,2500.0,2500.0,Rs./Quintal,FAQ
Kannauj APMC,7.5,Metric Tonnes,Dara,2500.0,2500.0,2500.0,Rs./Quintal,FAQ
Kanpur(Grain) APMC,10.4,Metric Tonnes,Dara Mill Quality,2360.0,2360.0,2360.0,Rs./Quintal,FAQ
Kanpur(Grain) APMC,7.23,Metric Tonnes,Hybrid,2680.0,2680.0,2680.0,Rs./Quintal,FAQ
Kanpur(Grain) APMC,74.94,Metric Tonnes,Other,2360.0,2700.0,2520.5,Rs./Quintal,FAQ
Kanpur(Grain) APMC,41.47,Metric Tonnes,Medium,2360.0,2600.0,2399.35,Rs./Quintal,FAQ
Kanpur(Grain) APMC,404.356,Metric Tonnes,Dara,2675.0,2750.0,2731.21,Rs./Quintal,FAQ
Karvi APMC,30.54,Metric Tonnes,Other,2550.0,2550.0,2550.0,Rs./Quintal,FAQ
Karvi APMC,31.3,Metric Tonnes,Dara,2450.0,2450.0,2450.0,Rs./Quintal,FAQ
Kasganj APMC,6.8,Metric Tonnes,Deshi,2661.0,2665.0,2663.12,Rs./Quintal,FAQ
Kasganj APMC,14.599,Metric Tonnes,Dara Mill Quality,2675.0,2676.0,2675.57,Rs./Quintal,FAQ
Kasganj APMC,14.5,Metric Tonnes,Medium,2650.0,2650.0,2650.0,Rs./Quintal,FAQ
Kasganj APMC,30.0,Metric Tonnes,Other,2750.0,2750.0,2750.0,Rs./Quintal,FAQ
Kasganj APMC,3.0,Metric Tonnes,C-83,2660.0,2660.0,2660.0,Rs./Quintal,FAQ
Kasganj APMC,119.056,Metric Tonnes,Dara,2500.0,2700.0,2548.41,Rs./Quintal,FAQ
Kayamganj APMC,50.4,Metric Tonnes,Dara,2380.0,2500.0,2410.32,Rs./Quintal,FAQ
Khaga APMC,65.39,Metric Tonnes,Dara,2450.0,2450.0,2450.0,Rs./Quintal,FAQ
Khair APMC,86.46,Metric Tonnes,Other,2600.0,2600.0,2600.0,Rs./Quintal,FAQ
Khairagarh APMC,6.0,Metric Tonnes,Dara,2500.0,2600.0,2550.0,Rs./Quintal,FAQ
Khairagarh APMC,4.2,Metric Tonnes,Other,2560.0,2560.0,2560.0,Rs./Quintal,FAQ
Khalilabad APMC,8.3,Metric Tonnes,Medium,2530.0,2530.0,2530.0,Rs./Quintal,FAQ
Khalilabad APMC,80.46,Metric Tonnes,Dara,2530.0,2780.0,2630.41,Rs./Quintal,FAQ
Khalilabad APMC,32.0,Metric Tonnes,Other,2530.0,2530.0,2530.0,Rs./Quintal,FAQ
Khekda APMC,0.868,Metric Tonnes,Mill Quality,2600.0,2600.0,2600.0,Rs./Quintal,FAQ
Khekda APMC,0.6,Metric Tonnes,Dara,2700.0,2700.0,2700.0,Rs./Quintal,FAQ
Khekda APMC,1.3,Metric Tonnes,Other,2640.0,2650.0,2644.62,Rs./Quintal,FAQ
Khurja APMC,6.0,Metric Tonnes,Other,2600.0,2600.0,2600.0,Rs./Quintal,FAQ
Khurja APMC,15.16,Metric Tonnes,PBW-343,2600.0,2600.0,2600.0,Rs./Quintal,FAQ
Konch APMC,16.6,Metric Tonnes,Dara Mill Quality,2300.0,2375.0,2326.96,Rs./Quintal,FAQ
Konch APMC,31.3,Metric Tonnes,Dara,2500.0,2500.0,2500.0,Rs./Quintal,FAQ
Konch APMC,27.88,Metric Tonnes,Other,2590.0,2590.0,2590.0,Rs./Quintal,FAQ
Kopaganj APMC,35.1,Metric Tonnes,Dara,2585.0,2632.0,2590.09,Rs./Quintal,FAQ
Kosikalan APMC,9.4,Metric Tonnes,Dara,2500.0,2500.0,2500.0,Rs./Quintal,FAQ
Kosikalan APMC,2.3,Metric Tonnes,Sharbati,2630.0,2630.0,2630.0,Rs./Quintal,FAQ
Kosikalan APMC,0.6,Metric Tonnes,Local,2600.0,2600.0,2600.0,Rs./Quintal,FAQ
Kosikalan APMC,12.0,Metric Tonnes,Dara,2500.0,2700.0,2600.0,Rs./Quintal,Grade Range-1
Kurara APMC,14.0,Metric Tonnes,Dara,2500.0,2500.0,2500.0,Rs./Quintal,FAQ
Lakhimpur APMC,105.423,Metric Tonnes,Dara,2450.0,2550.0,2464.03,Rs./Quintal,FAQ
Lalganj APMC,160.81,Metric Tonnes,Dara,2400.0,2625.0,2552.69,Rs./Quintal,FAQ
Lalitpur APMC,8.4,Metric Tonnes,Medium Fine,2350.0,2350.0,2350.0,Rs./Quintal,FAQ
Lalitpur APMC,30.5,Metric Tonnes,Deshi,2350.0,2350.0,2350.0,Rs./Quintal,FAQ
Lalitpur APMC,28.8,Metric Tonnes,147 Best,2700.0,2800.0,2752.25,Rs./Quintal,FAQ
Lalitpur APMC,3.6,Metric Tonnes,2189 No. 1,2950.0,2950.0,2950.0,Rs./Quintal,FAQ
Lalitpur APMC,242.1,Metric Tonnes,Dara,2401.0,3066.0,2602.28,Rs./Quintal,FAQ
Lalitpur APMC,23.7,Metric Tonnes,Local,2350.0,2350.0,2350.0,Rs./Quintal,FAQ
Lalitpur APMC,131.4,Metric Tonnes,Super Fine,2350.0,2354.0,2350.75,Rs./Quintal,FAQ
Lalitpur APMC,144.8,Metric Tonnes,Medium,2600.0,3500.0,2756.77,Rs./Quintal,FAQ
Lalitpur APMC,52.2,Metric Tonnes,Mill Quality,2350.0,2365.0,2352.3,Rs./Quintal,FAQ
Lucknow APMC,8.6,Metric Tonnes,Deshi,2690.0,2690.0,2690.0,Rs./Quintal,FAQ
Lucknow APMC,18.6,Metric Tonnes,Medium Fine,2640.0,2690.0,2681.4,Rs./Quintal,FAQ
Lucknow APMC,45.57,Metric Tonnes,Dara,2400.0,2425.0,2411.76,Rs./Quintal,FAQ
Lucknow APMC,28.2,Metric Tonnes,Dara Mill Quality,2400.0,2400.0,2400.0,Rs./Quintal,FAQ
Lucknow APMC,291.6,Metric Tonnes,Medium,2690.0,2690.0,2690.0,Rs./Quintal,FAQ
Madhoganj APMC,41.2,Metric Tonnes,Dara Mill Quality,2630.0,2630.0,2630.0,Rs./Quintal,FAQ
Madhoganj APMC,180.45,Metric Tonnes,Dara,2500.0,2500.0,2500.0,Rs./Quintal,FAQ
Madhogarh APMC,154.2,Metric Tonnes,Dara,2550.0,2550.0,2550.0,Rs./Quintal,FAQ
Mahoba APMC,76.0,Metric Tonnes,Dara,2350.0,2500.0,2426.3,Rs./Quintal,FAQ
Maholi APMC,9.9,Metric Tonnes,Dara,2400.0,2400.0,2400.0,Rs./Quintal,FAQ
Mainpuri APMC,63.645,Metric Tonnes,Other,2551.0,2590.0,2569.78,Rs./Quintal,FAQ
Mainpuri APMC,53.9,Metric Tonnes,Medium,2551.0,2581.0,2564.47,Rs./Quintal,FAQ
Mainpuri APMC,110.0,Metric Tonnes,Dara,2551.0,2551.0,2551.0,Rs./Quintal,FAQ
Manjhanpur APMC,22.4,Metric Tonnes,Other,2400.0,2400.0,2400.0,Rs./Quintal,FAQ
Mathura APMC,1.155,Metric Tonnes,Deshi,2645.0,2645.0,2645.0,Rs./Quintal,FAQ
Mathura APMC,1.43,Metric Tonnes,2329,2670.0,2670.0,2670.0,Rs./Quintal,FAQ
Mathura APMC,42.435,Metric Tonnes,Dara,2450.0,2665.0,2577.63,Rs./Quintal,FAQ
Mathura APMC,34.925,Metric Tonnes,Other,2645.0,2701.0,2667.33,Rs./Quintal,FAQ
Mathura APMC,18.32,Metric Tonnes,Medium,2500.0,2630.0,2520.28,Rs./Quintal,FAQ
Mau(Chitrakut) APMC,64.54,Metric Tonnes,Other,2300.0,2600.0,2389.62,Rs./Quintal,FAQ
Mau(Chitrakut) APMC,61.566,Metric Tonnes,Deshi,2300.0,2400.0,2358.74,Rs./Quintal,FAQ
Maudaha APMC,2.16,Metric Tonnes,Deshi,2500.0,2500.0,2500.0,Rs./Quintal,FAQ
Maudaha APMC,28.0,Metric Tonnes,Medium,2500.0,2500.0,2500.0,Rs./Quintal,FAQ
Maudaha APMC,45.0,Metric Tonnes,Other,2500.0,2500.0,2500.0,Rs./Quintal,FAQ
Mauranipur APMC,13.237,Metric Tonnes,Other,2400.0,2400.0,2400.0,Rs./Quintal,FAQ
Meeranpur Katra APMC,9.9,Metric Tonnes,Super Fine,2495.0,2495.0,2495.0,Rs./Quintal,FAQ
Meeranpur Katra APMC,14.0,Metric Tonnes,Dara,2590.0,2590.0,2590.0,Rs./Quintal,FAQ
Meeranpur Katra APMC,60.0,Metric Tonnes,Other,2490.0,2490.0,2490.0,Rs./Quintal,FAQ
Meeranpur Katra APMC,9.9,Metric Tonnes,Medium Fine,2495.0,2495.0,2495.0,Rs./Quintal,FAQ
Mehmoodabad APMC,212.02,Metric Tonnes,Other,2600.0,2650.0,2635.02,Rs./Quintal,FAQ
Mehmoodabad APMC,37.85,Metric Tonnes,Dara,2600.0,2610.0,2602.65,Rs./Quintal,FAQ
Mehrauni APMC,10.02,Metric Tonnes,Deshi,2490.0,2500.0,2494.99,Rs./Quintal,FAQ
Mehrauni APMC,91.96,Metric Tonnes,Dara,2300.0,2615.0,2503.7,Rs./Quintal,FAQ
Mehrauni APMC,154.1,Metric Tonnes,Other,2307.0,2700.0,2501.23,Rs./Quintal,FAQ
Mihipurwa APMC,19.1,Metric Tonnes,Dara,2500.0,2500.0,2500.0,Rs./Quintal,FAQ
Milak APMC,80.0,Metric Tonnes,Other,2500.0,2502.0,2500.77,Rs./Quintal,FAQ
Mishrit APMC,30.025,Metric Tonnes,Dara,2500.0,2500.0,2500.0,Rs./Quintal,FAQ
Mohammdi APMC,40.02,Metric Tonnes,Other,2400.0,2400.0,2400.0,Rs./Quintal,FAQ
Mohammdi APMC,10.2,Metric Tonnes,Dara,2400.0,2400.0,2400.0,Rs./Quintal,FAQ
Moth APMC,176.5,Metric Tonnes,Deshi,2600.0,2685.0,2613.2,Rs./Quintal,FAQ
Muradabad APMC,0.64,Metric Tonnes,Other,2510.0,2510.0,2510.0,Rs./Quintal,FAQ
Naanpara APMC,110.0,Metric Tonnes,Dara,2400.0,2400.0,2400.0,Rs./Quintal,FAQ
Naugarh APMC,209.2,Metric Tonnes,Dara,1800.0,2600.0,2185.18,Rs./Quintal,FAQ
Nautnava APMC,16.74,Metric Tonnes,Dara,2400.0,2400.0,2400.0,Rs./Quintal,FAQ
Nawabganj APMC,19.0,Metric Tonnes,Dara,2650.0,2650.0,2650.0,Rs./Quintal,FAQ
Nawabganj APMC,30.22,Metric Tonnes,Other,2650.0,2650.0,2650.0,Rs./Quintal,FAQ
Orai APMC,11.8,Metric Tonnes,Other,2402.0,2640.0,2520.13,Rs./Quintal,FAQ
Paliakala APMC,14.2,Metric Tonnes,Dara,2400.0,2510.0,2444.93,Rs./Quintal,FAQ
Paliakala APMC,30.03,Metric Tonnes,Other,2400.0,2400.0,2400.0,Rs./Quintal,FAQ
Panchpedwa APMC,10.3,Metric Tonnes,Dara,2380.0,2380.0,2380.0,Rs./Quintal,FAQ
Partaval APMC,35.0,Metric Tonnes,Wheat-Organic,2400.0,2400.0,2400.0,Rs./Quintal,FAQ
Partaval APMC,95.4069,Metric Tonnes,Dara,2400.0,2400.0,2400.0,Rs./Quintal,FAQ
Payagpur APMC,32.5,Metric Tonnes,Other,2600.0,2650.0,2637.69,Rs./Quintal,FAQ
Payagpur APMC,8.5,Metric Tonnes,Medium,2500.0,2505.0,2502.94,Rs./Quintal,FAQ
Payagpur APMC,15.7,Metric Tonnes,Dara,2625.0,2625.0,2625.0,Rs./Quintal,FAQ
Powayan APMC,169.43,Metric Tonnes,Dara,2500.0,2665.0,2581.2,Rs./Quintal,FAQ
Pratapgarh APMC,102.5,Metric Tonnes,Dara,2400.0,2500.0,2402.93,Rs./Quintal,FAQ
Pratapgarh APMC,20.8,Metric Tonnes,Wheat-Organic,2400.0,2400.0,2400.0,Rs./Quintal,FAQ
Pratapgarh APMC,31.4,Metric Tonnes,Medium,2400.0,2400.0,2400.0,Rs./Quintal,FAQ
Prayagraj APMC,27.1,Metric Tonnes,Deshi,2250.0,2250.0,2250.0,Rs./Quintal,FAQ
Prayagraj APMC,5.4,Metric Tonnes,Medium,2400.0,2400.0,2400.0,Rs./Quintal,FAQ
Prayagraj APMC,8.83,Metric Tonnes,Dara,2590.0,2590.0,2590.0,Rs./Quintal,FAQ
Prayagraj APMC,7.6,Metric Tonnes,Other,2600.0,2600.0,2600.0,Rs./Quintal,FAQ
Pukharayan APMC,64.81,Metric Tonnes,Dara,2550.0,2600.0,2585.47,Rs./Quintal,FAQ
Pukharayan APMC,6.6,Metric Tonnes,Deshi,2650.0,2650.0,2650.0,Rs./Quintal,FAQ
Puranpur APMC,25.0,Metric Tonnes,Other,2650.0,2650.0,2650.0,Rs./Quintal,FAQ
Puranpur APMC,18.29,Metric Tonnes,Dara,2600.0,2600.0,2600.0,Rs./Quintal,FAQ
Purwa APMC,9.0,Metric Tonnes,Hybrid,2450.0,2450.0,2450.0,Rs./Quintal,FAQ
Purwa APMC,35.005,Metric Tonnes,Medium,2550.0,2550.0,2550.0,Rs./Quintal,FAQ
Purwa APMC,104.35,Metric Tonnes,Other,2500.0,2550.0,2542.94,Rs./Quintal,FAQ
Purwa APMC,266.365,Metric Tonnes,Dara,2450.0,2550.0,2480.16,Rs./Quintal,FAQ
Raath APMC,148.0,Metric Tonnes,Other,2400.0,2400.0,2400.0,Rs./Quintal,FAQ
Raath APMC,90.6,Metric Tonnes,Medium,2400.0,2500.0,2433.77,Rs./Quintal,FAQ
Raath APMC,45.206,Metric Tonnes,Deshi,2400.0,2450.0,2413.58,Rs./Quintal,FAQ
Raibareilly APMC,0.4,Metric Tonnes,White,2400.0,2400.0,2400.0,Rs./Quintal,FAQ
Raibareilly APMC,11.2,Metric Tonnes,Other,2600.0,2600.0,2600.0,Rs./Quintal,FAQ
Raibareilly APMC,18.65,Metric Tonnes,Dara Mill Quality,2600.0,2600.0,2600.0,Rs./Quintal,FAQ
Raibareilly APMC,199.281,Metric Tonnes,Dara,2400.0,2650.0,2548.73,Rs./Quintal,FAQ
Risia APMC,37.8,Metric Tonnes,Other,2550.0,2550.0,2550.0,Rs./Quintal,FAQ
Robertsganj APMC,8.93,Metric Tonnes,Hybrid,2700.0,2700.0,2700.0,Rs./Quintal,FAQ
Robertsganj APMC,37.2,Metric Tonnes,Dara Mill Quality,2600.0,2625.0,2613.71,Rs./Quintal,FAQ
Rudauli APMC,28.226,Metric Tonnes,Dara,2500.0,2693.0,2540.3,Rs./Quintal,FAQ
Rura APMC,18.2,Metric Tonnes,Dara,2500.0,2650.0,2563.46,Rs./Quintal,FAQ
Rura APMC,7.95,Metric Tonnes,PBW-343,2500.0,2500.0,2500.0,Rs./Quintal,FAQ
Rura APMC,86.3,Metric Tonnes,Other,2500.0,2660.0,2539.28,Rs./Quintal,FAQ
Rura APMC,117.89,Metric Tonnes,Medium,2500.0,2650.0,2618.95,Rs./Quintal,FAQ
Safdarganj APMC,12.455,Metric Tonnes,Hybrid,2450.0,2450.0,2450.0,Rs./Quintal,FAQ
Safdarganj APMC,286.88,Metric Tonnes,Dara,2450.0,2650.0,2459.29,Rs./Quintal,FAQ
Sahiyapur APMC,61.615,Metric Tonnes,Other,2430.0,2450.0,2434.06,Rs./Quintal,FAQ
Sahiyapur APMC,143.3,Metric Tonnes,Dara,2430.0,2600.0,2478.19,Rs./Quintal,FAQ
Saidpur APMC,12.0,Metric Tonnes,Dara,2450.0,2450.0,2450.0,Rs./Quintal,FAQ
Salon APMC,3.5,Metric Tonnes,Dara,2600.0,2600.0,2600.0,Rs./Quintal,FAQ
Sandila APMC,339.04,Metric Tonnes,Dara,2450.0,2680.0,2496.65,Rs./Quintal,FAQ
Sehjanwa APMC,131.325,Metric Tonnes,Dara,2400.0,2801.0,2714.64,Rs./Quintal,FAQ
Shahabad(New Mandi) APMC,161.2,Metric Tonnes,Dara,2450.0,2700.0,2500.25,Rs./Quintal,FAQ
Shahganj APMC,82.72,Metric Tonnes,Red,2400.0,2400.0,2400.0,Rs./Quintal,FAQ
Shahganj APMC,64.8,Metric Tonnes,Other,2600.0,2600.0,2600.0,Rs./Quintal,FAQ
Shahganj APMC,175.6,Metric Tonnes,Dara,2400.0,2710.0,2586.21,Rs./Quintal,FAQ
Shahjahanpur APMC,20.966,Metric Tonnes,Dara,2525.0,2650.0,2577.79,Rs./Quintal,FAQ
Shahjahanpur APMC,81.9,Metric Tonnes,Other,2525.0,2690.0,2651.32,Rs./Quintal,FAQ
Shohratgarh APMC,15.0,Metric Tonnes,Dara,2450.0,2450.0,2450.0,Rs./Quintal,FAQ
Sidhauli APMC,11.2,Metric Tonnes,Medium,2550.0,2550.0,2550.0,Rs./Quintal,FAQ
Sikanderabad APMC,4.85,Metric Tonnes,Medium,2681.0,2681.0,2681.0,Rs./Quintal,FAQ
Sikandraraau APMC,21.955,Metric Tonnes,Dara,2500.0,2500.0,2500.0,Rs./Quintal,FAQ
Sikarpur APMC,22.691,Metric Tonnes,Dara,2600.0,2600.0,2600.0,Rs./Quintal,FAQ
Sitapur APMC,17.6,Metric Tonnes,Dara,2640.0,2640.0,2640.0,Rs./Quintal,FAQ
Sitapur APMC,7.0,Metric Tonnes,Other,3000.0,3000.0,3000.0,Rs./Quintal,FAQ
Sitapur APMC,56.0,Metric Tonnes,Medium,2470.0,2500.0,2488.57,Rs./Quintal,FAQ
Sultanpur APMC,80.23,Metric Tonnes,Dara,2450.0,2450.0,2450.0,Rs./Quintal,FAQ
Sultanpur APMC,64.7,Metric Tonnes,Deshi,2452.0,2454.0,2452.63,Rs./Quintal,FAQ
Tanda Akbarpur APMC,62.975,Metric Tonnes,Dara,2450.0,2450.0,2450.0,Rs./Quintal,FAQ
Tulsipur APMC,36.0,Metric Tonnes,Medium,2650.0,2650.0,2650.0,Rs./Quintal,FAQ
Tundla APMC,1.85,Metric Tonnes,Super Fine,2720.0,2720.0,2720.0,Rs./Quintal,FAQ
Tundla APMC,11.168,Metric Tonnes,Local,2740.0,2780.0,2764.49,Rs./Quintal,FAQ
Tundla APMC,1.0,Metric Tonnes,Deshi,2750.0,2750.0,2750.0,Rs./Quintal,FAQ
Tundla APMC,7.97,Metric Tonnes,Medium,2735.0,2745.0,2740.71,Rs./Quintal,FAQ
Ujhani APMC,34.44,Metric Tonnes,Other,2500.0,2500.0,2500.0,Rs./Quintal,FAQ
Ujhani APMC,39.16,Metric Tonnes,Dara,2500.0,2500.0,2500.0,Rs./Quintal,FAQ
Ujhani APMC,24.56,Metric Tonnes,Super Fine,2500.0,2500.0,2500.0,Rs./Quintal,FAQ
Unnao APMC,95.29,Metric Tonnes,Dara,2550.0,2560.0,2558.78,Rs./Quintal,FAQ
Unnao APMC,56.67,Metric Tonnes,Dara Mill Quality,2550.0,2550.0,2550.0,Rs./Quintal,FAQ
Unnao APMC,148.0,Metric Tonnes,Other,2585.0,2585.0,2585.0,Rs./Quintal,FAQ
Utraula APMC,30.5,Metric Tonnes,Other,2405.0,2405.0,2405.0,Rs./Quintal,FAQ
Utraula APMC,25.8,Metric Tonnes,Dara,2405.0,2405.0,2405.0,Rs./Quintal,FAQ
Uttaripura APMC,9.05,Metric Tonnes,Other,2400.0,2400.0,2400.0,Rs./Quintal,FAQ
Varanasi APMC,1.23,Metric Tonnes,Dara,2425.0,2425.0,2425.0,Rs./Quintal,FAQ
Viswan APMC,1.42,Metric Tonnes,Mill Quality,2400.0,2400.0,2400.0,Rs./Quintal,FAQ
Total,19203.76,Metric Tonnes,,,,2534.84,Rs./Quintal,
State/UT Name : Uttarakhand
Lakshar APMC,1.6,Metric Tonnes,Other,2585.0,2600.0,2600.0,Rs./Quintal,Local
Total,1.6,Metric Tonnes,,,,2600.0,Rs./Quintal,
State/UT Name : West Bengal
Asansol APMC,4.7,Metric Tonnes,Kalyan,2600.0,2825.0,2725.0,Rs./Quintal,FAQ
Beldanga APMC,2.0,Metric Tonnes,Other,2500.0,2700.0,2600.0,Rs./Quintal,FAQ
Bishnupur(Bankura) APMC,0.22000000000000003,Metric Tonnes,Sonalika,2600.0,2800.0,2700.0,Rs./Quintal,FAQ
Durgapur APMC,4.7,Metric Tonnes,Kalyan,2600.0,2825.0,2735.0,Rs./Quintal,FAQ
Jangipur APMC,14.5,Metric Tonnes,Deshi,2600.0,2700.0,2650.0,Rs./Quintal,FAQ
Jiaganj APMC,5.0,Metric Tonnes,Sonalika,2700.0,2800.0,2750.0,Rs./Quintal,FAQ
Kandi APMC,2.0,Metric Tonnes,Sonalika,2700.0,2800.0,2750.0,Rs./Quintal,FAQ
Karimpur APMC,8.5,Metric Tonnes,Other,2700.0,2900.0,2800.0,Rs./Quintal,Grade Range-1
Kasimbazar APMC,2.0,Metric Tonnes,Sonalika,2700.0,2800.0,2750.0,Rs./Quintal,FAQ
Khatra APMC,0.19,Metric Tonnes,Sonalika,2600.0,2800.0,2700.0,Rs./Quintal,FAQ
Rampurhat APMC,10.0,Metric Tonnes,Other,2620.0,2650.0,2640.0,Rs./Quintal,FAQ
Total,53.81,Metric Tonnes,,,,2701.06,Rs./Quintal,
Grand Total,58140.27,Metric Tonnes,,,,2662.45,Rs./Quintal,
Commodity Group Name : Pulses
Bengal Gram Dal(Chana Dal)
State/UT Name : Karnataka
Bengaluru APMC,259.90000000000003,Metric Tonnes,Bengal Gram Dal,7000.0,8500.0,7750.0,Rs./Quintal,Medium
Sira APMC,2.2,Metric Tonnes,Bengal Gram Dal,7600.0,7600.0,7600.0,Rs./Quintal,Local
Total,262.1,Metric Tonnes,,,,7748.74,Rs./Quintal,
State/UT Name : Maharashtra
APMC Mumbai ,225.3,Metric Tonnes,Other,7100.0,8500.0,7900.0,Rs./Quintal,Local
Total,225.3,Metric Tonnes,,,,7900.0,Rs./Quintal,
State/UT Name : Manipur
Bishenpur APMC,0.3,Metric Tonnes,Bengal Gram Dal,11500.0,12000.0,11750.0,Rs./Quintal,FAQ
Imphal APMC,2.4,Metric Tonnes,Bengal Gram Dal,11000.0,12000.0,11500.0,Rs./Quintal,FAQ
Kakching Market APMC,0.4,Metric Tonnes,Bengal Gram Dal,10500.0,11000.0,10750.0,Rs./Quintal,FAQ
Thoubal APMC,0.3,Metric Tonnes,Bengal Gram Dal,11500.0,12000.0,11750.0,Rs./Quintal,FAQ
Total,3.4,Metric Tonnes,,,,11455.88,Rs./Quintal,
State/UT Name : Uttar Pradesh
Banthara APMC,2.975,Metric Tonnes,Other,7519.22,7519.22,7519.22,Rs./Quintal,FAQ
Ghaziabad APMC,0.12,Metric Tonnes,Other,10100.0,10100.0,10100.0,Rs./Quintal,FAQ
Golagokarnath APMC,6.0,Metric Tonnes,Other,7650.0,7650.0,7650.0,Rs./Quintal,FAQ
Raibareilly APMC,13.05,Metric Tonnes,Other,7785.0,7785.0,7785.0,Rs./Quintal,FAQ
Shahganj APMC,6.0,Metric Tonnes,Other,7875.13,7875.13,7875.13,Rs./Quintal,FAQ
Total,28.15,Metric Tonnes,,,,7757.21,Rs./Quintal,
Grand Total,518.95,Metric Tonnes,,,,7839.16,Rs./Quintal,
Red gram/Arhar/Tur(whole) (MSP: Rs. 8450.00/Quintal)
State/UT Name : Andhra Pradesh
Gooti APMC,0.1,Metric Tonnes,Local,5250.0,6770.0,5800.0,Rs./Quintal,Grade Range-1
Guntakal APMC,0.1,Metric Tonnes,Local,7000.0,8000.0,7500.0,Rs./Quintal,Local
Kanigiri APMC,0.1,Metric Tonnes,(Whole),8600.0,8800.0,8700.0,Rs./Quintal,Local
Kurnool APMC,0.2,Metric Tonnes,Local,7409.0,7409.0,7409.0,Rs./Quintal,Non-FAQ
Macharla APMC,0.1,Metric Tonnes,Local,8100.0,8100.0,8100.0,Rs./Quintal,Grade Range-1
Narasaraopet APMC,0.1,Metric Tonnes,Local,8500.0,8500.0,8500.0,Rs./Quintal,FAQ
Podili APMC,0.1,Metric Tonnes,Arhar (Whole),8000.0,8200.0,8100.0,Rs./Quintal,FAQ
Tadipatri APMC,0.1,Metric Tonnes,Local,5800.0,5900.0,5850.0,Rs./Quintal,Grade Range-1
Total,0.9,Metric Tonnes,,,,7485.33,Rs./Quintal,
State/UT Name : Gujarat
Botad APMC,0.4,Metric Tonnes,Other,4150.0,6350.0,5300.0,Rs./Quintal,Local
Dahod APMC,4.9,Metric Tonnes,Arhar (Whole),6000.0,6500.0,6300.0,Rs./Quintal,Non-FAQ
JASDAN APMC,0.7000000000000001,Metric Tonnes,Arhar (Whole),5000.0,7000.0,6500.0,Rs./Quintal,FAQ
Jetpur(Dist.Rajkot) APMC,0.5,Metric Tonnes,Arhar (Whole),6500.0,7605.0,7250.0,Rs./Quintal,FAQ
Junagadh APMC,105.5,Metric Tonnes,Arhar (Whole),7500.0,8885.0,8125.0,Rs./Quintal,FAQ
Mandal APMC,2.0,Metric Tonnes,Arhar (Whole),6250.0,7750.0,7000.0,Rs./Quintal,Local
Palitana APMC,0.1,Metric Tonnes,Other,4900.0,7250.0,6075.0,Rs./Quintal,Local
Rajkot APMC,10.0,Metric Tonnes,Arhar (Whole),6500.0,8555.0,7550.0,Rs./Quintal,FAQ
Rajula APMC,0.1,Metric Tonnes,Other,5000.0,5000.0,5000.0,Rs./Quintal,Local
Sami APMC,0.1,Metric Tonnes,777 New Ind,5000.0,5500.0,5250.0,Rs./Quintal,Local
The Agricultural Produce Market Committee-Amreli,0.4,Metric Tonnes,Other,5475.0,8000.0,7000.0,Rs./Quintal,FAQ
Upleta APMC,0.2,Metric Tonnes,Local,6000.0,6850.0,6500.0,Rs./Quintal,Local
Visavadar APMC,0.7000000000000001,Metric Tonnes,Arhar (Whole),6250.0,7530.0,6890.0,Rs./Quintal,FAQ
Total,125.6,Metric Tonnes,,,,7949.11,Rs./Quintal,
State/UT Name : Karnataka
Ballari APMC,0.2,Metric Tonnes,Arhar (Whole),7809.0,8069.0,7939.0,Rs./Quintal,Non-FAQ
Basava Kalayana APMC,1.0,Metric Tonnes,Arhar (Whole),8300.0,8800.0,8500.0,Rs./Quintal,FAQ
Bhalki APMC,32.1,Metric Tonnes,Arhar (Whole),7028.0,8901.0,8511.0,Rs./Quintal,Non-FAQ
Bidar APMC,49.900000000000006,Metric Tonnes,Arhar (Whole),3211.0,9202.0,9014.0,Rs./Quintal,Non-FAQ
Gadag APMC,1.2000000000000002,Metric Tonnes,Arhar (Whole),4089.0,6525.0,4881.0,Rs./Quintal,FAQ
Gauribidanur APMC,30.200000000000003,Metric Tonnes,Arhar (Whole),6000.0,8000.0,6500.0,Rs./Quintal,Local
Kalaburagi APMC,80.0,Metric Tonnes,Arhar (Whole),7200.0,9400.0,8250.0,Rs./Quintal,Local
Kustagi APMC,49.800000000000004,Metric Tonnes,Red,8150.0,8400.0,8276.0,Rs./Quintal,FAQ
Laxmeshwar APMC,0.4,Metric Tonnes,Arhar (Whole),4958.0,4958.0,4958.0,Rs./Quintal,Non-FAQ
Lingasugur APMC,57.0,Metric Tonnes,Arhar (Whole),8200.0,8550.0,8450.0,Rs./Quintal,Non-FAQ
Sindagi APMC,9.0,Metric Tonnes,Arhar (Whole),7600.0,8000.0,7600.0,Rs./Quintal,Local
Sindhanur APMC,81.0,Metric Tonnes,Arhar (Whole),7900.0,8000.0,7980.0,Rs./Quintal,Local
Talikot APMC,15.600000000000001,Metric Tonnes,Arhar (Whole),7209.0,8569.0,8504.0,Rs./Quintal,FAQ
Vijayapura APMC,13.200000000000001,Metric Tonnes,Arhar (Whole),7742.0,8088.0,7971.0,Rs./Quintal,Local
sedam,42.300000000000004,Metric Tonnes,Arhar (Whole),7400.0,8400.0,7924.0,Rs./Quintal,Non-FAQ
Total,462.9,Metric Tonnes,,,,8163.47,Rs./Quintal,
State/UT Name : Keralam
Palakkad Market,1.0,Metric Tonnes,Arhar Dal(Tur),11500.0,13500.0,12600.0,Rs./Quintal,FAQ
Total,1.0,Metric Tonnes,,,,12600.0,Rs./Quintal,
State/UT Name : Madhya Pradesh
Ajaygarh APMC,12.21,Metric Tonnes,Arhar Dal(Tur),7000.0,7100.0,7050.0,Rs./Quintal,FAQ
Amarwda APMC,10.0,Metric Tonnes,Arhar Dal(Tur),6500.0,6800.0,6800.0,Rs./Quintal,FAQ
Bareli APMC,28.400000000000002,Metric Tonnes,Arhar Dal(Tur),4455.0,8400.0,8400.0,Rs./Quintal,FAQ
Chhindwara APMC,0.30000000000000004,Metric Tonnes,Arhar Dal(Tur),6300.0,7500.0,7500.0,Rs./Quintal,FAQ
Damoh APMC,68.507,Metric Tonnes,Arhar Dal(Tur),3800.0,8520.0,7650.0,Rs./Quintal,FAQ
Gadarwada APMC,3.0250000000000004,Metric Tonnes,Arhar Dal(Tur),6700.0,8100.0,8100.0,Rs./Quintal,FAQ
Gadarwada APMC,6.03,Metric Tonnes,Arhar Dal(Tur),7050.0,8301.0,8301.0,Rs./Quintal,Non-FAQ
Gairatganj APMC,0.1,Metric Tonnes,Arhar Dal(Tur),6995.0,6995.0,6995.0,Rs./Quintal,Non-FAQ
Harda APMC,0.2,Metric Tonnes,Arhar Dal(Tur),4801.0,7201.0,7201.0,Rs./Quintal,FAQ
Harsood APMC,6.6000000000000005,Metric Tonnes,Arhar Dal(Tur),7300.0,7600.0,7600.0,Rs./Quintal,Non-FAQ
Indore APMC,577.0640000000001,Metric Tonnes,Arhar Dal(Tur),5695.0,6850.0,6700.0,Rs./Quintal,FAQ
Itarsi APMC,0.5700000000000001,Metric Tonnes,Arhar Dal(Tur),4905.0,7050.0,7050.0,Rs./Quintal,FAQ
Jabalpur APMC,5.5760000000000005,Metric Tonnes,Arhar Dal(Tur),3000.0,7715.0,5500.0,Rs./Quintal,FAQ
Kareli APMC,14.935,Metric Tonnes,Arhar Dal(Tur),6733.0,7600.0,7331.0,Rs./Quintal,FAQ
Katni APMC,481.25500000000005,Metric Tonnes,Arhar Dal(Tur),5900.0,8950.0,8650.0,Rs./Quintal,FAQ
Katni APMC,0.21000000000000002,Metric Tonnes,Arhar Dal(Tur),6900.0,6900.0,6900.0,Rs./Quintal,Non-FAQ
Khandwa APMC,0.40800000000000003,Metric Tonnes,Arhar Dal(Tur),5803.0,6812.0,6812.0,Rs./Quintal,FAQ
Khategaon APMC,0.044000000000000004,Metric Tonnes,Arhar Dal(Tur),5501.0,5501.0,5501.0,Rs./Quintal,FAQ
Khirkiya APMC,0.06,Metric Tonnes,Arhar Dal(Tur),5001.0,5001.0,5001.0,Rs./Quintal,Non-FAQ
Narsinghpur APMC,1.385,Metric Tonnes,Arhar Dal(Tur),6900.0,8200.0,7700.0,Rs./Quintal,FAQ
Narsinghpur APMC,0.165,Metric Tonnes,Arhar Dal(Tur),2100.0,4501.0,4501.0,Rs./Quintal,Non-FAQ
Patharia APMC,0.525,Metric Tonnes,Arhar Dal(Tur),8145.0,8145.0,8145.0,Rs./Quintal,FAQ
Pipariya APMC,11.350000000000001,Metric Tonnes,Arhar Dal(Tur),3550.0,7100.0,7100.0,Rs./Quintal,FAQ
Satna APMC,6.844,Metric Tonnes,Arhar Dal(Tur),5005.0,8140.0,8140.0,Rs./Quintal,FAQ
Sehore APMC,0.032,Metric Tonnes,Arhar Dal(Tur),4800.0,4800.0,4800.0,Rs./Quintal,FAQ
Shahdol APMC,6.0,Metric Tonnes,Arhar Dal(Tur),6500.0,6500.0,6500.0,Rs./Quintal,FAQ
Udaipura APMC,5.175000000000001,Metric Tonnes,Arhar Dal(Tur),7255.0,7615.0,7615.0,Rs./Quintal,FAQ
Total,1246.97,Metric Tonnes,,,,7581.98,Rs./Quintal,
State/UT Name : Maharashtra
APMC  Latur,121.8,Metric Tonnes,Other,8000.0,9050.0,8940.0,Rs./Quintal,FAQ
APMC Aarni ,41.0,Metric Tonnes,Other,8000.0,8641.0,8100.0,Rs./Quintal,FAQ
APMC Achalpur ,7.0,Metric Tonnes,Other,8050.0,8500.0,8275.0,Rs./Quintal,FAQ
APMC Ahmedpur ,7.0,Metric Tonnes,Other,8000.0,8733.0,8366.0,Rs./Quintal,FAQ
APMC Akola ,92.3,Metric Tonnes,Other,8000.0,8800.0,8410.0,Rs./Quintal,FAQ
APMC Akot ,68.0,Metric Tonnes,Other,8220.0,8885.0,8885.0,Rs./Quintal,FAQ
APMC Amarawati ,242.4,Metric Tonnes,Other,8400.0,8775.0,8587.0,Rs./Quintal,FAQ
APMC Arvi ,12.0,Metric Tonnes,Other,8000.0,8650.0,8100.0,Rs./Quintal,FAQ
APMC Babhulgaon ,20.0,Metric Tonnes,Other,8001.0,8765.0,8451.0,Rs./Quintal,FAQ
APMC Beed ,0.2,Metric Tonnes,Other,6400.0,6400.0,6400.0,Rs./Quintal,Non-FAQ
APMC Bhandara ,0.1,Metric Tonnes,Other,7400.0,7400.0,7400.0,Rs./Quintal,Non-FAQ
APMC Bhokar ,1.0,Metric Tonnes,Other,7500.0,7900.0,7700.0,Rs./Quintal,Non-FAQ
APMC Chandur Bazar ,6.8,Metric Tonnes,Other,8000.0,8710.0,8420.0,Rs./Quintal,FAQ
APMC Chandur Bazar ,16.4,Metric Tonnes,Other,7600.0,7900.0,7780.0,Rs./Quintal,Non-FAQ
APMC Chandur Railway ,4.8,Metric Tonnes,Other,8300.0,8600.0,8400.0,Rs./Quintal,FAQ
APMC Daryapur ,120.0,Metric Tonnes,Other,8450.0,8805.0,8550.0,Rs./Quintal,FAQ
APMC Deoulgaon Raja ,0.1,Metric Tonnes,Other,6000.0,6000.0,6000.0,Rs./Quintal,Non-FAQ
APMC Dhamngaon-Railway ,60.0,Metric Tonnes,Other,5500.0,6000.0,5900.0,Rs./Quintal,Non-FAQ
APMC Digras ,4.1,Metric Tonnes,Other,8490.0,8600.0,8575.0,Rs./Quintal,FAQ
APMC Dudhani ,51.1,Metric Tonnes,Other,8000.0,9280.0,8643.0,Rs./Quintal,FAQ
APMC Dudhani ,4.4,Metric Tonnes,Other,7000.0,7935.0,7470.0,Rs./Quintal,Non-FAQ
APMC Gangapur ,0.1,Metric Tonnes,Other,6300.0,6300.0,6300.0,Rs./Quintal,Non-FAQ
APMC Gevrai ,1.1,Metric Tonnes,Other,8000.0,8650.0,8325.0,Rs./Quintal,FAQ
APMC Hinganghat ,14.3,Metric Tonnes,Other,8000.0,9005.0,8500.0,Rs./Quintal,FAQ
APMC Hinganghat ,154.2,Metric Tonnes,Other,7800.0,7900.0,7850.0,Rs./Quintal,Non-FAQ
APMC Hingoli ,5.5,Metric Tonnes,Other,8000.0,8105.0,8052.0,Rs./Quintal,FAQ
APMC Jalana ,39.4,Metric Tonnes,Other,8100.0,8727.0,8100.0,Rs./Quintal,FAQ
APMC Jalana ,2.7,Metric Tonnes,Other,5500.0,5500.0,5500.0,Rs./Quintal,Non-FAQ
APMC Kalamb (Dharashiv) ,0.2,Metric Tonnes,Other,8000.0,8000.0,8000.0,Rs./Quintal,FAQ
APMC Kalamb (Dharashiv) ,0.1,Metric Tonnes,Other,7911.0,7911.0,7911.0,Rs./Quintal,Non-FAQ
APMC Katol ,1.5,Metric Tonnes,Other,8000.0,8350.0,8200.0,Rs./Quintal,FAQ
APMC Khamgaon ,87.5,Metric Tonnes,Other,8000.0,8950.0,8475.0,Rs./Quintal,FAQ
APMC Khamgaon ,11.5,Metric Tonnes,Other,4000.0,7900.0,5950.0,Rs./Quintal,Non-FAQ
APMC Lasur Station ,2.8,Metric Tonnes,Other,8100.0,8576.0,8350.0,Rs./Quintal,FAQ
APMC Lasur Station ,0.6,Metric Tonnes,Other,6000.0,6000.0,6000.0,Rs./Quintal,Non-FAQ
APMC Majalgaon ,12.0,Metric Tonnes,Other,8600.0,11200.0,9351.0,Rs./Quintal,FAQ
APMC Malegaon ,0.2,Metric Tonnes,Other,7099.0,7099.0,7099.0,Rs./Quintal,Non-FAQ
APMC Malkapur ,90.0,Metric Tonnes,Other,8765.0,8945.0,8800.0,Rs./Quintal,FAQ
APMC Malkapur ,3.0,Metric Tonnes,Other,7500.0,7500.0,7500.0,Rs./Quintal,Non-FAQ
APMC Mangrulpeer ,10.3,Metric Tonnes,Other,8000.0,8510.0,8200.0,Rs./Quintal,FAQ
APMC Manora ,18.0,Metric Tonnes,Other,8100.0,8501.0,8300.0,Rs./Quintal,FAQ
APMC Manora ,11.4,Metric Tonnes,Other,6700.0,7001.0,6850.0,Rs./Quintal,Non-FAQ
APMC Mehekar ,2.0,Metric Tonnes,Other,8010.0,8340.0,8150.0,Rs./Quintal,FAQ
APMC Murtizapur ,17.5,Metric Tonnes,Other,8020.0,8750.0,8385.0,Rs./Quintal,FAQ
APMC Murum ,1.4,Metric Tonnes,Other,8660.0,8660.0,8660.0,Rs./Quintal,FAQ
APMC Murum ,3.9,Metric Tonnes,Other,7800.0,7800.0,7800.0,Rs./Quintal,Non-FAQ
APMC Nagpur ,41.7,Metric Tonnes,Other,8000.0,8760.0,8570.0,Rs./Quintal,FAQ
APMC Nandgaon Khandeshwar ,10.5,Metric Tonnes,Other,8350.0,9500.0,8700.0,Rs./Quintal,FAQ
APMC Nandura ,63.0,Metric Tonnes,Other,8200.0,8901.0,8650.0,Rs./Quintal,FAQ
APMC Ner Parasopant ,7.0,Metric Tonnes,Other,8000.0,8295.0,8100.0,Rs./Quintal,FAQ
APMC Parola ,0.4,Metric Tonnes,Other,6900.0,6900.0,6900.0,Rs./Quintal,Non-FAQ
APMC Risod ,15.0,Metric Tonnes,Other,8000.0,8400.0,8200.0,Rs./Quintal,FAQ
APMC Samudrapur ,1.1,Metric Tonnes,Other,7500.0,7500.0,7500.0,Rs./Quintal,Non-FAQ
APMC Savner ,9.0,Metric Tonnes,Other,8000.0,8448.0,8300.0,Rs./Quintal,FAQ
APMC Sengoan ,4.3,Metric Tonnes,Other,7300.0,7700.0,7500.0,Rs./Quintal,Non-FAQ
APMC Shegaon ,1.4,Metric Tonnes,Other,8000.0,8650.0,8330.0,Rs./Quintal,FAQ
APMC Shegaon ,1.5,Metric Tonnes,Other,6500.0,6500.0,6500.0,Rs./Quintal,Non-FAQ
APMC Shirur ,0.1,Metric Tonnes,Other,3000.0,3000.0,3000.0,Rs./Quintal,Non-FAQ
APMC Solapur ,0.4,Metric Tonnes,Other,8000.0,8300.0,8300.0,Rs./Quintal,FAQ
APMC Telhara ,3.0,Metric Tonnes,Other,8200.0,8605.0,8570.0,Rs./Quintal,FAQ
APMC Udgir ,23.0,Metric Tonnes,Other,8404.0,9007.0,8704.0,Rs./Quintal,FAQ
APMC Vaijpur ,0.1,Metric Tonnes,Other,8100.0,8100.0,8100.0,Rs./Quintal,FAQ
APMC Vani ,6.0,Metric Tonnes,Other,8130.0,8315.0,8200.0,Rs./Quintal,FAQ
APMC Wardha ,0.6,Metric Tonnes,Other,8150.0,8300.0,8225.0,Rs./Quintal,FAQ
APMC Yavatmal ,7.0,Metric Tonnes,Other,8000.0,8455.0,8227.0,Rs./Quintal,FAQ
Barshi(Vairag) ,0.2,Metric Tonnes,Other,8200.0,8200.0,8200.0,Rs./Quintal,FAQ
"Bsk Krishi Bazar Private Limited, Mehkar, Dist Buldhana",0.4,Metric Tonnes,Other,8000.0,8000.0,8000.0,Rs./Quintal,Local
"Cottoncity Agro Foods Pvt Ltd, Dist Yavatmal",83.84,Metric Tonnes,Other,7800.0,8805.0,8308.0,Rs./Quintal,Local
Jalgaon Jamod(Aasalgaon) ,10.0,Metric Tonnes,Other,7500.0,7900.0,7750.0,Rs./Quintal,Non-FAQ
"Jaykissan Krushi Uttpan Khajgi Bazar, Khamgaon, Dist Buldhana",28.57,Metric Tonnes,Other,4500.0,8700.0,8535.0,Rs./Quintal,Local
"Krushna Krishi Bazar, Washim",0.92,Metric Tonnes,Other,7400.0,8200.0,7975.0,Rs./Quintal,Local
"M/S Kalpana Agri Commodities Marketing, Nagpur",4.3,Metric Tonnes,Other,8200.0,8500.0,8300.0,Rs./Quintal,Local
"Mahesh Krushi Utpanna Bazar, Digras, Dist Yeotmal",0.44,Metric Tonnes,Other,8300.0,8300.0,8300.0,Rs./Quintal,Local
"N.N.Mundhada Agriculture Market Produce, Dist Washim",0.85,Metric Tonnes,Other,7600.0,7900.0,7630.0,Rs./Quintal,Local
"Shekari Krushi Khajgi Bazar, Arni, Dist Yavatmal",0.28,Metric Tonnes,Other,7900.0,8000.0,7950.0,Rs./Quintal,Local
Umarked(Danki) ,7.0,Metric Tonnes,Other,6300.0,6500.0,6400.0,Rs./Quintal,Non-FAQ
Total,1703.6,Metric Tonnes,,,,8327.01,Rs./Quintal,
State/UT Name : Telangana
Tanduru APMC,30.8,Metric Tonnes,(Whole),17210.0,17232.0,17232.0,Rs./Quintal,Grade Range-1
Zaheerabad APMC,0.65,Metric Tonnes,Arhar (Whole),5264.0,8580.0,7264.0,Rs./Quintal,Local
Total,31.45,Metric Tonnes,,,,17025.98,Rs./Quintal,
State/UT Name : Uttar Pradesh
Bharuasumerpur APMC,4.0,Metric Tonnes,Other,6500.0,6500.0,6500.0,Rs./Quintal,FAQ
Mahoba APMC,12.36,Metric Tonnes,Other,5520.0,6890.0,6074.1,Rs./Quintal,FAQ
Robertsganj APMC,5.04,Metric Tonnes,Other,6500.0,6800.0,6621.43,Rs./Quintal,FAQ
Total,21.4,Metric Tonnes,,,,6282.61,Rs./Quintal,
Grand Total,3593.82,Metric Tonnes,,,,8099.16,Rs./Quintal,
Commodity Group Name : Vegetables
Cabbage
State/UT Name : Andhra Pradesh
Palamaner APMC,5.9,Metric Tonnes,Cabbage,600.0,1000.0,800.0,Rs./Quintal,FAQ
Total,5.9,Metric Tonnes,,,,800.0,Rs./Quintal,
State/UT Name : Assam
Balugaon APMC,2.0,Metric Tonnes,Cabbage,1600.0,2000.0,1800.0,Rs./Quintal,Local
Besimari APMC,2.2,Metric Tonnes,Cabbage,1700.0,2100.0,1900.0,Rs./Quintal,Local
Dhekiajuli APMC,1.4000000000000001,Metric Tonnes,Cabbage,2600.0,2800.0,2800.0,Rs./Quintal,FAQ
Pamohi(Garchuk) APMC,15.0,Metric Tonnes,Cabbage,2400.0,3000.0,2600.0,Rs./Quintal,FAQ
Tinsukia Market,3.0,Metric Tonnes,Cabbage,2500.0,3500.0,3000.0,Rs./Quintal,FAQ
Uparhali Pmy APMC,1.0,Metric Tonnes,Cabbage,2500.0,2800.0,2550.0,Rs./Quintal,FAQ
Total,24.6,Metric Tonnes,,,,2530.49,Rs./Quintal,
State/UT Name : Chandigarh
Chandigarh (Grain/F&V) APMC,23.61,Metric Tonnes,Cabbage,300.0,1500.0,1200.0,Rs./Quintal,FAQ
Total,23.61,Metric Tonnes,,,,1200.0,Rs./Quintal,
State/UT Name : Chattisgarh
Durg APMC,25.2,Metric Tonnes,Cabbage,1000.0,1200.0,1000.0,Rs./Quintal,Medium
Gandai APMC,20.0,Metric Tonnes,Cabbage,1000.0,1200.0,1100.0,Rs./Quintal,Grade B
Raigarh APMC,5.6,Metric Tonnes,Cabbage,2500.0,3500.0,3000.0,Rs./Quintal,Grade B
Tiphra APMC,12.0,Metric Tonnes,Cabbage,1700.0,1900.0,1800.0,Rs./Quintal,Grade B
Total,62.8,Metric Tonnes,,,,1363.06,Rs./Quintal,
State/UT Name : Gujarat
Ahmedabad APMC,214.70000000000002,Metric Tonnes,Other,700.0,1800.0,1100.0,Rs./Quintal,FAQ
"Anand(Veg,Yard,Anand) APMC",16.6,Metric Tonnes,Cabbage,750.0,1500.0,1125.0,Rs./Quintal,Grade B
Ankleshwar APMC,5.0,Metric Tonnes,Cabbage,1200.0,1600.0,1500.0,Rs./Quintal,Grade A
Bharuch APMC,12.2,Metric Tonnes,Other,1000.0,1500.0,1200.0,Rs./Quintal,Local
Bilimora APMC,7.2,Metric Tonnes,Other,1000.0,1500.0,1200.0,Rs./Quintal,FAQ
Dahod(Veg. Market) APMC,2.0,Metric Tonnes,Cabbage,800.0,1500.0,1200.0,Rs./Quintal,Local
Damnagar APMC,0.02,Metric Tonnes,Cabbage,2500.0,2500.0,2500.0,Rs./Quintal,Local
Gondal(Veg.market Gondal) APMC,8.120000000000001,Metric Tonnes,Cabbage,500.0,2000.0,1250.0,Rs./Quintal,Local
Himatnagar(Veg.Market Himatnagar) APMC,1.5,Metric Tonnes,Cabbage,2000.0,2500.0,2320.0,Rs./Quintal,Local
Kapadvanj APMC,6.0,Metric Tonnes,Cabbage,1200.0,1500.0,1350.0,Rs./Quintal,Medium
Khambhat(Veg Yard Khambhat) APMC,0.30000000000000004,Metric Tonnes,Other,1500.0,2500.0,2000.0,Rs./Quintal,Local
Mansa(Manas Veg Yard) APMC,1.5,Metric Tonnes,Other,2000.0,2500.0,2000.0,Rs./Quintal,Local
Mehsana(Mehsana Veg) APMC,10.100000000000001,Metric Tonnes,Cabbage,1000.0,3000.0,2000.0,Rs./Quintal,Local
Morbi APMC,4.800000000000001,Metric Tonnes,Cabbage,1500.0,2000.0,1750.0,Rs./Quintal,FAQ
Navsari APMC,0.96,Metric Tonnes,Cabbage,1500.0,2000.0,1750.0,Rs./Quintal,Local
Padra APMC,1.5,Metric Tonnes,Other,1250.0,1750.0,1500.0,Rs./Quintal,FAQ
Porbandar APMC,2.8000000000000003,Metric Tonnes,Cabbage,2000.0,2500.0,2250.0,Rs./Quintal,Local
Surat APMC,151.0,Metric Tonnes,Cabbage,800.0,1700.0,1250.0,Rs./Quintal,FAQ
Talalagir APMC,5.0,Metric Tonnes,Cabbage,270.0,510.0,350.0,Rs./Quintal,FAQ
Vadhvan APMC,2.6,Metric Tonnes,Cabbage,1000.0,1500.0,1250.0,Rs./Quintal,Medium
Vadodara(Sayajipura) APMC,13.530000000000001,Metric Tonnes,Other,1000.0,1700.0,1400.0,Rs./Quintal,FAQ
Total,467.43,Metric Tonnes,,,,1208.58,Rs./Quintal,
State/UT Name : Haryana
Bahadurgarh APMC,0.4,Metric Tonnes,Other,1700.0,1800.0,1750.0,Rs./Quintal,Medium
Ganaur APMC,0.4,Metric Tonnes,Cabbage,2500.0,3000.0,2800.0,Rs./Quintal,Medium
Hansi APMC,1.5,Metric Tonnes,Other,2500.0,3000.0,2750.0,Rs./Quintal,FAQ
Jagadhri APMC,0.36000000000000004,Metric Tonnes,Cabbage,1500.0,1800.0,1600.0,Rs./Quintal,Medium
Ladwa APMC,0.4,Metric Tonnes,Cabbage,3500.0,4000.0,4000.0,Rs./Quintal,Medium
Mohindergarh APMC,0.4,Metric Tonnes,Cabbage,1000.0,2000.0,1500.0,Rs./Quintal,Medium
Naraingarh APMC,0.45,Metric Tonnes,Cabbage,1000.0,2200.0,1500.0,Rs./Quintal,Medium
Narnaul APMC,0.7000000000000001,Metric Tonnes,Cabbage,2500.0,3500.0,3000.0,Rs./Quintal,Medium
Panipat APMC,8.5,Metric Tonnes,Other,800.0,1400.0,1100.0,Rs./Quintal,Local
Pundri APMC,0.1,Metric Tonnes,Other,2100.0,2300.0,2200.0,Rs./Quintal,FAQ
Sadhaura APMC,0.4,Metric Tonnes,Cabbage,1800.0,2400.0,2000.0,Rs./Quintal,Local
Shahabad APMC,0.7,Metric Tonnes,Cabbage,2000.0,2500.0,2400.0,Rs./Quintal,Medium
Sirsa APMC,1.1,Metric Tonnes,Other,2000.0,2600.0,2200.0,Rs./Quintal,FAQ
Siwan APMC,0.2,Metric Tonnes,Other,1900.0,2100.0,2000.0,Rs./Quintal,FAQ
Sonepat APMC,2.0,Metric Tonnes,Other,1500.0,2000.0,1700.0,Rs./Quintal,FAQ
Thanesar APMC,5.4,Metric Tonnes,Cabbage,2000.0,3000.0,2500.0,Rs./Quintal,Medium
Total,23.01,Metric Tonnes,,,,1880.31,Rs./Quintal,
State/UT Name : Himachal Pradesh
PMY Bilaspur,1.2000000000000002,Metric Tonnes,Cabbage,2500.0,2600.0,2600.0,Rs./Quintal,Grade B
PMY Dhalli Shimla,2.5,Metric Tonnes,Cabbage,2000.0,2500.0,2000.0,Rs./Quintal,Grade A
PMY Hamirpur,0.4,Metric Tonnes,Cabbage,3000.0,3000.0,3000.0,Rs./Quintal,Grade B
PMY Kangra,0.8,Metric Tonnes,Cabbage,3000.0,3200.0,3100.0,Rs./Quintal,FAQ
PMY Kather Solan,1.0,Metric Tonnes,Other,2000.0,2200.0,2200.0,Rs./Quintal,Medium
PMY Kullu,1.0,Metric Tonnes,Other,1500.0,2000.0,1800.0,Rs./Quintal,FAQ
PMY Paonta Sahib,0.30000000000000004,Metric Tonnes,Other,2800.0,3000.0,2900.0,Rs./Quintal,FAQ
PMY Una,1.31,Metric Tonnes,Cabbage,2400.0,3000.0,2700.0,Rs./Quintal,Local
SMY Baijnath,0.2,Metric Tonnes,Cabbage,2200.0,2700.0,2500.0,Rs./Quintal,Grade A
SMY Bandrol,0.3,Metric Tonnes,Other,800.0,1200.0,1000.0,Rs./Quintal,FAQ
SMY Bhuntar,1.0,Metric Tonnes,Other,1800.0,2000.0,1900.0,Rs./Quintal,FAQ
SMY Chauri Bihal,0.6000000000000001,Metric Tonnes,Other,1000.0,2100.0,1800.0,Rs./Quintal,Grade Range-1
SMY Dhanotu,0.4,Metric Tonnes,Cabbage,1500.0,2000.0,1750.0,Rs./Quintal,FAQ
SMY Dharamshala,0.45,Metric Tonnes,Cabbage,2600.0,2800.0,2700.0,Rs./Quintal,FAQ
SMY Jaisinghpur,0.1,Metric Tonnes,Cabbage,2800.0,3200.0,3000.0,Rs./Quintal,FAQ
SMY Jassur,1.2000000000000002,Metric Tonnes,Other,2500.0,3000.0,2750.0,Rs./Quintal,FAQ
SMY Nadaun,0.22999999999999998,Metric Tonnes,Other,3000.0,3200.0,3100.0,Rs./Quintal,Grade B
SMY Nahan,0.30000000000000004,Metric Tonnes,Cabbage,2000.0,2500.0,2200.0,Rs./Quintal,FAQ
SMY Nerwa,3.0,Metric Tonnes,Cabbage,1000.0,1500.0,1000.0,Rs./Quintal,Grade A
SMY Palampur,1.7000000000000002,Metric Tonnes,Cabbage,2500.0,3000.0,2800.0,Rs./Quintal,FAQ
SMY Rohroo,0.30000000000000004,Metric Tonnes,Other,2000.0,2400.0,2200.0,Rs./Quintal,Grade B
SMY Santoshgarh,0.2,Metric Tonnes,Cabbage,2500.0,2500.0,2500.0,Rs./Quintal,FAQ
SMY Takoli,1.0,Metric Tonnes,Other,500.0,1700.0,1200.0,Rs./Quintal,Medium
Total,19.49,Metric Tonnes,,,,2103.39,Rs./Quintal,
State/UT Name : Jammu and Kashmir
Kathua (F&V),2.5,Metric Tonnes,Cabbage,2000.0,2500.0,2250.0,Rs./Quintal,FAQ
MAC F&V Market Narwal Jammu,8.0,Metric Tonnes,Cabbage,2000.0,2500.0,2250.0,Rs./Quintal,FAQ
Parimpore Srinagar (F&V),13.5,Metric Tonnes,Other,1700.0,1800.0,1750.0,Rs./Quintal,Grade A
Total,24.0,Metric Tonnes,,,,1968.75,Rs./Quintal,
State/UT Name : Karnataka
Bagepalli APMC,2.0,Metric Tonnes,Cabbage,1000.0,1500.0,1300.0,Rs./Quintal,Small
Bangarpet APMC,0.4,Metric Tonnes,Cabbage,500.0,1200.0,900.0,Rs./Quintal,Local
Belgaum APMC,2.5,Metric Tonnes,Cabbage,2000.0,2500.0,2200.0,Rs./Quintal,Large
Binny Mill (FF&V) Bengaluru APMC,31.0,Metric Tonnes,Cabbage,1600.0,1800.0,1700.0,Rs./Quintal,Local
Chamarajanagar APMC,0.8,Metric Tonnes,Cabbage,1000.0,1800.0,1400.0,Rs./Quintal,Local
Chickkaballapura APMC,30.0,Metric Tonnes,Cabbage,500.0,600.0,550.0,Rs./Quintal,Local
Davangere APMC,1.5,Metric Tonnes,Cabbage,800.0,2100.0,1100.0,Rs./Quintal,Local
Honnali APMC,2.5,Metric Tonnes,Cabbage,500.0,600.0,550.0,Rs./Quintal,Medium
Hoskote APMC,10.200000000000001,Metric Tonnes,Cabbage,2300.0,2600.0,2450.0,Rs./Quintal,Local
Hospet APMC,3.0,Metric Tonnes,Cabbage,1000.0,1200.0,1200.0,Rs./Quintal,Local
Kolar APMC,7.5,Metric Tonnes,Cabbage,600.0,800.0,700.0,Rs./Quintal,Local
Mysuru APMC,7.5,Metric Tonnes,Cabbage,700.0,800.0,800.0,Rs./Quintal,Medium
Ramanagara APMC,1.6,Metric Tonnes,Cabbage,1000.0,1600.0,1200.0,Rs./Quintal,Local
Shimoga APMC,4.5,Metric Tonnes,Cabbage,500.0,600.0,550.0,Rs./Quintal,Local
Total,105.0,Metric Tonnes,,,,1200.38,Rs./Quintal,
State/UT Name : Keralam
Adimali Market,0.05,Metric Tonnes,Cabbage,5000.0,6000.0,5500.0,Rs./Quintal,Medium
Aluva Market,10.0,Metric Tonnes,Cabbage,2500.0,4000.0,3300.0,Rs./Quintal,FAQ
Anchal Market,0.5,Metric Tonnes,Cabbage,6600.0,6600.0,6600.0,Rs./Quintal,Medium
Angamaly Market,1.0,Metric Tonnes,Cabbage,3800.0,5800.0,4800.0,Rs./Quintal,FAQ
Aralamoodu Market,0.3,Metric Tonnes,Cabbage,3500.0,4000.0,4000.0,Rs./Quintal,FAQ
Athirampuzha Market,0.5,Metric Tonnes,Cabbage,3000.0,3200.0,3100.0,Rs./Quintal,FAQ
Attingal Market,850.0,Metric Tonnes,Other,3700.0,4200.0,4000.0,Rs./Quintal,Local
Balarampuram Market,0.4,Metric Tonnes,Cabbage,4000.0,4500.0,4000.0,Rs./Quintal,FAQ
Chala Market,3.0,Metric Tonnes,Other,2000.0,2200.0,2000.0,Rs./Quintal,FAQ
Chalakudy Market,0.03,Metric Tonnes,Cabbage,4000.0,4600.0,4600.0,Rs./Quintal,FAQ
Chavakkad Market,0.15,Metric Tonnes,Cabbage,2000.0,3400.0,3400.0,Rs./Quintal,FAQ
Chelakkara Market,0.15,Metric Tonnes,Cabbage,3400.0,3500.0,3500.0,Rs./Quintal,FAQ
Chengannur Market,0.5,Metric Tonnes,Other,3700.0,4000.0,3800.0,Rs./Quintal,FAQ
Cherthala Market,0.3,Metric Tonnes,Cabbage,4000.0,4200.0,4100.0,Rs./Quintal,FAQ
Ettumanoor Market,1.0,Metric Tonnes,Cabbage,3200.0,3600.0,3400.0,Rs./Quintal,FAQ
Harippad Market,0.8,Metric Tonnes,Cabbage,5000.0,5500.0,5000.0,Rs./Quintal,FAQ
Irinjalakkuda Market,0.1,Metric Tonnes,Cabbage,3500.0,3600.0,3600.0,Rs./Quintal,FAQ
Kallachi Market,0.1,Metric Tonnes,Cabbage,2200.0,2600.0,2400.0,Rs./Quintal,FAQ
Kanjangadu Market,0.5,Metric Tonnes,Cabbage,3300.0,3900.0,3500.0,Rs./Quintal,FAQ
Kattappana Market,2.0,Metric Tonnes,Other,3000.0,3500.0,3200.0,Rs./Quintal,Medium
Kayamkulam Market,1.0,Metric Tonnes,Other,2200.0,2400.0,2300.0,Rs./Quintal,FAQ
Koduvayoor Market,0.9,Metric Tonnes,Cabbage,1300.0,1700.0,1500.0,Rs./Quintal,Medium
Kothamangalam Market,1.0,Metric Tonnes,Cabbage,3000.0,5000.0,4000.0,Rs./Quintal,FAQ
Kottakkal Market,3.0,Metric Tonnes,Other,1400.0,1600.0,1500.0,Rs./Quintal,Local
Kottarakkara Market,0.01,Metric Tonnes,Other,2100.0,2100.0,2100.0,Rs./Quintal,Local
Manjeri Market,6.0,Metric Tonnes,Other,1950.0,2050.0,2000.0,Rs./Quintal,Local
Manjeswaram Market,6.0,Metric Tonnes,Cabbage,1800.0,3000.0,2400.0,Rs./Quintal,FAQ
Mukkom Market,0.4,Metric Tonnes,Cabbage,2200.0,2600.0,2400.0,Rs./Quintal,FAQ
Neyyatinkara Market,0.02,Metric Tonnes,Other,3400.0,4000.0,3700.0,Rs./Quintal,FAQ
North Paravur Market,1.0,Metric Tonnes,Cabbage,2000.0,3000.0,2500.0,Rs./Quintal,FAQ
Pala Market,1.0,Metric Tonnes,Cabbage,3600.0,4400.0,4000.0,Rs./Quintal,FAQ
Palakkad Market,2.0,Metric Tonnes,Cabbage,1800.0,2500.0,2200.0,Rs./Quintal,FAQ
Pampady Market,1.0,Metric Tonnes,Cabbage,4500.0,5500.0,5000.0,Rs./Quintal,FAQ
Parappanangadi Market,1.5,Metric Tonnes,Other,1300.0,1500.0,1400.0,Rs./Quintal,FAQ
Parassala Market,0.3,Metric Tonnes,Cabbage,2800.0,3200.0,3000.0,Rs./Quintal,Local
Pattambi Market,0.5,Metric Tonnes,Cabbage,2500.0,3000.0,2800.0,Rs./Quintal,FAQ
Perinthalmanna Market,4.0,Metric Tonnes,Cabbage,1500.0,2000.0,1600.0,Rs./Quintal,Large
Perumbavoor Market,2.5,Metric Tonnes,Cabbage,4500.0,5300.0,4800.0,Rs./Quintal,Medium
Piravam Market,5.0,Metric Tonnes,Cabbage,5000.0,6000.0,5500.0,Rs./Quintal,Local
Quilandy Market,0.32,Metric Tonnes,Other,3000.0,3300.0,3200.0,Rs./Quintal,FAQ
Thalayolaparambu Market,0.5,Metric Tonnes,Cabbage,2400.0,2700.0,2500.0,Rs./Quintal,FAQ
Thrippunithura Market,1.0,Metric Tonnes,Cabbage,5000.0,6000.0,5200.0,Rs./Quintal,Medium
Thrissur Market,7.0,Metric Tonnes,Cabbage,3000.0,3000.0,3000.0,Rs./Quintal,FAQ
Vadakkenchery Market,0.23,Metric Tonnes,Cabbage,4000.0,4500.0,4500.0,Rs./Quintal,FAQ
Vamanapuram Market,0.13,Metric Tonnes,Cabbage,3000.0,3500.0,3000.0,Rs./Quintal,FAQ
Vandiperiyar Market,0.03,Metric Tonnes,Other,3800.0,4000.0,3800.0,Rs./Quintal,Grade Range-1
Total,917.72,Metric Tonnes,,,,3931.48,Rs./Quintal,
State/UT Name : Madhya Pradesh
Badwaha (F&V) APMC,0.4,Metric Tonnes,Cabbage,1500.0,2450.0,1900.0,Rs./Quintal,Grade A
Badwani(F&V) APMC,0.523,Metric Tonnes,Cabbage,900.0,900.0,900.0,Rs./Quintal,Local
Betul(F&V) APMC,1.6,Metric Tonnes,Cabbage,700.0,1000.0,900.0,Rs./Quintal,FAQ
Bhopal(F&V) APMC,42.5,Metric Tonnes,Other,500.0,1500.0,1000.0,Rs./Quintal,Local
Chhatarpur (F&V) APMC,1.0,Metric Tonnes,Other,1500.0,1500.0,1500.0,Rs./Quintal,Grade C
Chhindwara(F&V) APMC,3.5,Metric Tonnes,Cabbage,300.0,500.0,400.0,Rs./Quintal,Local
Dewas(F&V) APMC,1.4000000000000001,Metric Tonnes,Other,600.0,1500.0,700.0,Rs./Quintal,FAQ
Dhamnod(F&V) APMC,1.6,Metric Tonnes,Cabbage,700.0,1500.0,1200.0,Rs./Quintal,Local
Harda(F&V) APMC,1.5,Metric Tonnes,Other,1000.0,1600.0,1200.0,Rs./Quintal,Medium
Kailaras APMC,0.4610000000000001,Metric Tonnes,Cabbage,1400.0,1800.0,1800.0,Rs./Quintal,FAQ
Khandwa(F&V) APMC,1.0,Metric Tonnes,Cabbage,300.0,600.0,500.0,Rs./Quintal,FAQ
Khargone(F&V) APMC,0.08,Metric Tonnes,Cabbage,1500.0,1800.0,1600.0,Rs./Quintal,Medium
Kukshi(F&V) APMC,1.4000000000000001,Metric Tonnes,Cabbage,400.0,1000.0,700.0,Rs./Quintal,Grade A
Lashkar(F&V) APMC,1.0,Metric Tonnes,Cabbage,1000.0,1400.0,1200.0,Rs./Quintal,Grade B
Manawar(F&V) APMC,0.4,Metric Tonnes,Cabbage,1100.0,1500.0,1200.0,Rs./Quintal,Grade B
Mandsaur(F&V) APMC,2.5,Metric Tonnes,Cabbage,800.0,1525.0,1125.0,Rs./Quintal,Grade B
Narmadapuram (F&V) APMC,0.7,Metric Tonnes,Cabbage,840.0,1420.0,960.0,Rs./Quintal,FAQ
Petlawad(F&V) APMC,0.3,Metric Tonnes,Cabbage,1200.0,1200.0,1200.0,Rs./Quintal,Grade A
Pipariya(F&V) APMC,1.7,Metric Tonnes,Cabbage,750.0,2000.0,1400.0,Rs./Quintal,Local
Sanawad(F&V) APMC,0.5,Metric Tonnes,Cabbage,1100.0,1400.0,1300.0,Rs./Quintal,Medium
Sarangpur(F&V) APMC,1.4,Metric Tonnes,Cabbage,900.0,900.0,900.0,Rs./Quintal,Grade B
Sehore(F&V) APMC,2.2,Metric Tonnes,Cabbage,1000.0,1500.0,1200.0,Rs./Quintal,Grade Range-1
Sendhwa(F&V) APMC,0.8,Metric Tonnes,Cabbage,800.0,1100.0,900.0,Rs./Quintal,Medium
Shivpuri(F&V) APMC,1.0,Metric Tonnes,Other,1000.0,1000.0,1000.0,Rs./Quintal,Grade B
Singroli(F&V) APMC,4.0,Metric Tonnes,Cabbage,1200.0,1200.0,1200.0,Rs./Quintal,Medium
Thandla APMC,0.49,Metric Tonnes,Cabbage,900.0,1300.0,1100.0,Rs./Quintal,FAQ
Timarni(F&V) APMC,0.07700000000000001,Metric Tonnes,Other,1500.0,1500.0,1500.0,Rs./Quintal,FAQ
Ujjain(F&V) APMC,0.45999999999999996,Metric Tonnes,Cabbage,435.0,2035.0,1258.0,Rs./Quintal,Medium
Total,74.49,Metric Tonnes,,,,1012.42,Rs./Quintal,
State/UT Name : Maharashtra
APMC Ahilyanagar ,12.5,Metric Tonnes,Other,200.0,1200.0,700.0,Rs./Quintal,Local
APMC Bhusaval ,3.7,Metric Tonnes,Other,500.0,1000.0,800.0,Rs./Quintal,Local
APMC Chattrapati Sambhajinagar ,13.0,Metric Tonnes,Other,600.0,1000.0,800.0,Rs./Quintal,Local
APMC Dharashiv ,2.6,Metric Tonnes,Other,700.0,1600.0,1150.0,Rs./Quintal,Local
APMC Ghoti ,1.2,Metric Tonnes,Other,900.0,1000.0,950.0,Rs./Quintal,Local
APMC Hingna,0.4,Metric Tonnes,Other,1300.0,2000.0,1742.0,Rs./Quintal,Local
APMC Islampur ,2.0,Metric Tonnes,Other,800.0,1000.0,950.0,Rs./Quintal,Local
APMC Jalgaon ,5.6,Metric Tonnes,Other,800.0,1000.0,900.0,Rs./Quintal,Local
APMC Kalmeshwar ,0.2,Metric Tonnes,Other,1510.0,2000.0,1830.0,Rs./Quintal,Local
APMC Kalyan ,0.3,Metric Tonnes,Other,1400.0,1500.0,1450.0,Rs./Quintal,Local
APMC Kamthi ,0.4,Metric Tonnes,Other,2000.0,2500.0,2350.0,Rs./Quintal,Local
APMC Karad ,1.5,Metric Tonnes,Other,800.0,1000.0,1000.0,Rs./Quintal,Local
APMC Khed ,3.3,Metric Tonnes,Other,700.0,1000.0,850.0,Rs./Quintal,Local
APMC Kolhapur ,9.0,Metric Tonnes,Other,600.0,1000.0,800.0,Rs./Quintal,Local
APMC Manchar ,46.4,Metric Tonnes,Other,300.0,900.0,625.0,Rs./Quintal,Local
APMC Mumbai ,191.5,Metric Tonnes,Other,1000.0,1300.0,1150.0,Rs./Quintal,Local
APMC Nagpur ,65.0,Metric Tonnes,Other,1200.0,1500.0,1425.0,Rs./Quintal,Local
APMC Nasik ,79.0,Metric Tonnes,Other,500.0,1170.0,835.0,Rs./Quintal,Local
APMC Pune ,74.4,Metric Tonnes,Other,800.0,1400.0,1100.0,Rs./Quintal,Local
APMC Rahata ,1.1,Metric Tonnes,Other,700.0,1000.0,850.0,Rs./Quintal,Local
APMC Rahuri ,3.3,Metric Tonnes,Other,600.0,1500.0,1050.0,Rs./Quintal,Local
APMC Ramtek ,0.2,Metric Tonnes,Other,1000.0,2000.0,1500.0,Rs./Quintal,Local
APMC Ratnagiri (Nachane) ,1.5,Metric Tonnes,Other,1000.0,1400.0,1200.0,Rs./Quintal,Local
APMC Satara ,3.4,Metric Tonnes,Other,1000.0,1500.0,1250.0,Rs./Quintal,Local
APMC Solapur ,9.5,Metric Tonnes,Other,500.0,1000.0,800.0,Rs./Quintal,Local
APMC Vadgaonpeth ,2.1,Metric Tonnes,Other,900.0,1200.0,1000.0,Rs./Quintal,Local
APMC Vai ,1.5,Metric Tonnes,Other,1200.0,1500.0,1350.0,Rs./Quintal,Local
Amrawati(Frui & Veg. Market) ,10.9,Metric Tonnes,Other,1000.0,1500.0,1250.0,Rs./Quintal,Local
Chandrapur(Ganjwad) ,6.6,Metric Tonnes,Other,1000.0,1500.0,1200.0,Rs./Quintal,Local
Junnar(Otur) ,46.3,Metric Tonnes,Other,500.0,1500.0,1100.0,Rs./Quintal,Local
Pune(Khadiki) ,0.9,Metric Tonnes,Other,700.0,1200.0,950.0,Rs./Quintal,Local
Pune(Manjri) ,9.0,Metric Tonnes,Other,600.0,1200.0,900.0,Rs./Quintal,Local
Pune(Moshi) ,21.8,Metric Tonnes,Other,1000.0,1000.0,1000.0,Rs./Quintal,Local
Pune(Pimpri) ,0.3,Metric Tonnes,Other,1200.0,1200.0,1200.0,Rs./Quintal,Local
Total,630.4,Metric Tonnes,,,,1051.46,Rs./Quintal,
State/UT Name : Manipur
Imphal APMC,0.5,Metric Tonnes,Other,4000.0,5000.0,4500.0,Rs./Quintal,Medium
Total,0.5,Metric Tonnes,,,,4500.0,Rs./Quintal,
State/UT Name : Meghalaya
Jowai APMC,1.2,Metric Tonnes,MH-139,2000.0,4000.0,3000.0,Rs./Quintal,Local
Shillong APMC,5.0,Metric Tonnes,MH-139,2000.0,2200.0,2100.0,Rs./Quintal,FAQ
Total,6.2,Metric Tonnes,,,,2274.19,Rs./Quintal,
State/UT Name : NCT of Delhi
APMC Azadpur,163.1,Metric Tonnes,Cabbage,1200.0,2000.0,1550.0,Rs./Quintal,FAQ
APMC Keshopur,29.175,Metric Tonnes,Cabbage,1600.0,2300.0,1900.0,Rs./Quintal,FAQ
"Fruit&Vegetable Market,Gazipur APMC",101.4,Metric Tonnes,Cabbage,1300.0,1700.0,1500.0,Rs./Quintal,FAQ
Total,293.68,Metric Tonnes,,,,1567.51,Rs./Quintal,
State/UT Name : Odisha
Attabira APMC,1.08,Metric Tonnes,Cabbage,1500.0,1750.0,1600.0,Rs./Quintal,Local
Bargarh APMC,204.0,Metric Tonnes,Cabbage,2500.0,3500.0,3000.0,Rs./Quintal,Grade C
Baripada APMC,1.2000000000000002,Metric Tonnes,Cabbage,3000.0,4000.0,3500.0,Rs./Quintal,Medium
Bolangir APMC,2.5,Metric Tonnes,Other,2200.0,2600.0,2400.0,Rs./Quintal,Large
Boudh APMC,1.0,Metric Tonnes,Other,4000.0,5000.0,4500.0,Rs./Quintal,Local
Champua APMC,0.2,Metric Tonnes,Other,5000.0,5000.0,5000.0,Rs./Quintal,Local
Champua(Jhumpura) APMC,0.03,Metric Tonnes,Other,5000.0,5000.0,5000.0,Rs./Quintal,Local
Deogarh APMC,10.0,Metric Tonnes,Cabbage,5600.0,6000.0,5800.0,Rs./Quintal,FAQ
Dhenkanal APMC,0.1,Metric Tonnes,Cabbage,3800.0,4200.0,4000.0,Rs./Quintal,Grade B
Dungurapalli APMC,0.16000000000000003,Metric Tonnes,Other,3500.0,4000.0,3800.0,Rs./Quintal,Local
Gunpur APMC,3.0,Metric Tonnes,Cabbage,6840.0,7900.0,7440.0,Rs./Quintal,Large
Kamakhyanagar APMC,0.2,Metric Tonnes,Cabbage,4000.0,4000.0,4000.0,Rs./Quintal,Grade A
Kantabaji APMC,3.2,Metric Tonnes,Cabbage,2000.0,2800.0,2400.0,Rs./Quintal,Grade B
Kesinga APMC,0.375,Metric Tonnes,Other,2700.0,3300.0,3000.0,Rs./Quintal,Grade B
Khariar APMC,0.5,Metric Tonnes,Other,4000.0,4000.0,4000.0,Rs./Quintal,Grade A
Khariar Road APMC,0.5,Metric Tonnes,Cabbage,5000.0,5000.0,5000.0,Rs./Quintal,Grade A
Koraput APMC,6.0,Metric Tonnes,Cabbage,2500.0,3500.0,3000.0,Rs./Quintal,Grade B
Mukhiguda APMC,0.9,Metric Tonnes,Cabbage,2400.0,2700.0,2550.0,Rs./Quintal,Grade B
Nawarangpur APMC,7.5,Metric Tonnes,Cabbage,2200.0,2200.0,2200.0,Rs./Quintal,Grade B
Panposh APMC,1.0,Metric Tonnes,Cabbage,3000.0,3500.0,3200.0,Rs./Quintal,FAQ
Rayagada APMC,5.5,Metric Tonnes,Cabbage,1500.0,1600.0,1600.0,Rs./Quintal,Local
Tileibani APMC,10.0,Metric Tonnes,Other,5600.0,6000.0,5800.0,Rs./Quintal,FAQ
Tusura APMC,2.2,Metric Tonnes,Other,2200.0,2600.0,2400.0,Rs./Quintal,Large
Udala APMC,0.89,Metric Tonnes,Cabbage,2000.0,2500.0,2300.0,Rs./Quintal,FAQ
Total,262.03,Metric Tonnes,,,,3202.37,Rs./Quintal,
State/UT Name : Punjab
Adampur APMC,0.2,Metric Tonnes,Cabbage,2000.0,2500.0,2500.0,Rs./Quintal,FAQ
Banur APMC,0.1,Metric Tonnes,Other,2000.0,2000.0,2000.0,Rs./Quintal,Grade B
Bassi Pathana APMC,0.1,Metric Tonnes,Cabbage,1800.0,2000.0,1900.0,Rs./Quintal,Medium
Doraha APMC,0.09100000000000001,Metric Tonnes,Other,1000.0,2500.0,1800.0,Rs./Quintal,Local
Dudhansadhan APMC,0.1,Metric Tonnes,Other,4000.0,4000.0,4000.0,Rs./Quintal,Grade B
Garh Shankar APMC,0.3,Metric Tonnes,Cabbage,2000.0,2000.0,2000.0,Rs./Quintal,FAQ
Giddarbaha APMC,0.3,Metric Tonnes,Cabbage,3200.0,3200.0,3200.0,Rs./Quintal,FAQ
Jagraon APMC,0.6,Metric Tonnes,Other,300.0,300.0,300.0,Rs./Quintal,FAQ
Jalalabad APMC,0.5,Metric Tonnes,Other,3000.0,3200.0,3100.0,Rs./Quintal,Medium
Jalandhar City(Jalandhar) APMC,11.100000000000001,Metric Tonnes,Cabbage,800.0,1800.0,1300.0,Rs./Quintal,FAQ
Khanna APMC,0.9,Metric Tonnes,Other,800.0,800.0,800.0,Rs./Quintal,Grade A
Kurali APMC,0.6000000000000001,Metric Tonnes,Other,2100.0,2300.0,2200.0,Rs./Quintal,Medium
Lehra Gaga APMC,0.175,Metric Tonnes,Other,2500.0,2500.0,2500.0,Rs./Quintal,Grade A
Malerkotla APMC,4.7,Metric Tonnes,Other,1500.0,2000.0,1600.0,Rs./Quintal,Local
Malout APMC,7.08,Metric Tonnes,Cabbage,2500.0,2500.0,2500.0,Rs./Quintal,Grade A
Mukerian APMC,0.22000000000000003,Metric Tonnes,Cabbage,1500.0,2500.0,2000.0,Rs./Quintal,Grade B
Nawan Shahar(Subzi Mandi) APMC,0.65,Metric Tonnes,Cabbage,2000.0,2200.0,2100.0,Rs./Quintal,FAQ
Pathankot APMC,5.2,Metric Tonnes,Cabbage,1400.0,1400.0,1400.0,Rs./Quintal,Medium
Patiala APMC,2.9000000000000004,Metric Tonnes,Cabbage,1000.0,2000.0,1500.0,Rs./Quintal,Grade A
Patran APMC,1.0,Metric Tonnes,Other,2540.0,2540.0,2540.0,Rs./Quintal,Grade A
Phagwara APMC,1.9000000000000001,Metric Tonnes,Other,1500.0,2000.0,1869.0,Rs./Quintal,FAQ
Quadian APMC,0.1,Metric Tonnes,Other,1300.0,1500.0,1400.0,Rs./Quintal,Grade A
Rampuraphul(Nabha Mandi) APMC,1.0,Metric Tonnes,Other,1000.0,2000.0,1500.0,Rs./Quintal,Grade A
Sahnewal APMC,0.1,Metric Tonnes,Cabbage,2000.0,2000.0,2000.0,Rs./Quintal,FAQ
Samana APMC,32.0,Metric Tonnes,Other,2000.0,3700.0,2500.0,Rs./Quintal,Grade Range-2
Sangrur APMC,1.0,Metric Tonnes,Cabbage,1500.0,2000.0,1800.0,Rs./Quintal,Grade B
Sirhind APMC,0.2,Metric Tonnes,Other,1800.0,2000.0,1900.0,Rs./Quintal,Local
Tanda Urmur APMC,0.30000000000000004,Metric Tonnes,Cabbage,2500.0,3000.0,2800.0,Rs./Quintal,Grade A
Total,73.42,Metric Tonnes,,,,2060.28,Rs./Quintal,
State/UT Name : Rajasthan
Ajmer(F&V) APMC,10.700000000000001,Metric Tonnes,Other,800.0,2000.0,1400.0,Rs./Quintal,Medium
Jaipur (F&V) APMC,229.5,Metric Tonnes,Cabbage,1900.0,2000.0,1950.0,Rs./Quintal,FAQ
Jalore APMC,0.42500000000000004,Metric Tonnes,Cabbage,1500.0,1700.0,1600.0,Rs./Quintal,Local
Jodhpur (F&V) APMC,6.1000000000000005,Metric Tonnes,Other,1000.0,1800.0,1500.0,Rs./Quintal,Medium
Sriganganagar (F&V) APMC,4.5,Metric Tonnes,Cabbage,2300.0,2700.0,2500.0,Rs./Quintal,Grade A
Udaipur (F&V) APMC,9.5,Metric Tonnes,Other,1500.0,2000.0,1750.0,Rs./Quintal,Medium
Total,260.73,Metric Tonnes,,,,1918.53,Rs./Quintal,
State/UT Name : Tamil Nadu
AJattihalli(Uzhavar Sandhai ),0.14,Metric Tonnes,Cabbage,3000.0,3400.0,3200.0,Rs./Quintal,Local
Ammapet(Uzhavar Sandhai ),0.17,Metric Tonnes,Cabbage,2500.0,3000.0,2750.0,Rs./Quintal,Local
Anaiyur(Uzhavar Sandhai ),0.36,Metric Tonnes,Cabbage,2600.0,3000.0,2800.0,Rs./Quintal,Local
Andipatti(Uzhavar Sandhai ),0.46,Metric Tonnes,Cabbage,2200.0,2500.0,2350.0,Rs./Quintal,Local
Anna nagar(Uzhavar Sandhai ),0.88,Metric Tonnes,Cabbage,3000.0,3000.0,3000.0,Rs./Quintal,Local
Arani(Uzhavar Sandhai ),0.25,Metric Tonnes,Cabbage,2000.0,2400.0,2200.0,Rs./Quintal,Local
Arcot(Uzhavar Sandhai ),0.27,Metric Tonnes,Cabbage,3000.0,3000.0,3000.0,Rs./Quintal,Local
Ariyalur(Uzhavar Sandhai),0.05,Metric Tonnes,Cabbage,3000.0,3500.0,3250.0,Rs./Quintal,Local
Aruppukottai(Uzhavar Sandhai ),0.16,Metric Tonnes,Cabbage,3000.0,4000.0,3500.0,Rs./Quintal,Local
Athur(Uzhavar Sandhai ),0.58,Metric Tonnes,Cabbage,2500.0,3000.0,2750.0,Rs./Quintal,Local
Avallapalli(Uzhavar Sandhai ),0.25,Metric Tonnes,Cabbage,1000.0,1500.0,1250.0,Rs./Quintal,Local
Bodinayakanur(Uzhavar Sandhai ),0.25,Metric Tonnes,Cabbage,2500.0,2500.0,2500.0,Rs./Quintal,Local
Chengalpet(Uzhavar Sandhai ),0.08,Metric Tonnes,Cabbage,2200.0,2500.0,2350.0,Rs./Quintal,Local
Chengam(Uzhavar Sandhai ),0.1,Metric Tonnes,Cabbage,2500.0,3000.0,2750.0,Rs./Quintal,Local
Cheyyar(Uzhavar Sandhai ),0.15,Metric Tonnes,Cabbage,2000.0,2400.0,2200.0,Rs./Quintal,Local
Chinnalapatti(Uzhavar Sandhai ),0.08,Metric Tonnes,Cabbage,3400.0,4000.0,3700.0,Rs./Quintal,Local
Chinnamanur(Uzhavar Sandhai ),0.89,Metric Tonnes,Cabbage,2400.0,2400.0,2400.0,Rs./Quintal,Local
Chokkikulam(Uzhavar Sandhai ),0.45,Metric Tonnes,Cabbage,2600.0,3000.0,2800.0,Rs./Quintal,Local
Coonoor(Uzhavar Sandhai ),0.45,Metric Tonnes,Cabbage,2800.0,3000.0,2900.0,Rs./Quintal,Local
Cuddalore(Uzhavar Sandhai ),0.22,Metric Tonnes,Cabbage,3000.0,3000.0,3000.0,Rs./Quintal,Local
Denkanikottai(Uzhavar Sandhai ),0.26,Metric Tonnes,Cabbage,1000.0,1500.0,1250.0,Rs./Quintal,Local
Devakottai (Uzhavar Sandhai ),0.13,Metric Tonnes,Cabbage,3000.0,3200.0,3100.0,Rs./Quintal,Local
Devaram(Uzhavar Sandhai ),0.19,Metric Tonnes,Cabbage,2500.0,2500.0,2500.0,Rs./Quintal,Local
Dharapuram(Uzhavar Sandhai ),1.1,Metric Tonnes,Cabbage,4000.0,4000.0,4000.0,Rs./Quintal,Local
Dharmapuri(Uzhavar Sandhai ),0.08,Metric Tonnes,Cabbage,3200.0,3400.0,3300.0,Rs./Quintal,Local
Dindigul(Uzhavar Sandhai ),0.34,Metric Tonnes,Cabbage,2500.0,3000.0,2750.0,Rs./Quintal,Local
Edapadi (Uzhavar Sandhai ),0.15,Metric Tonnes,Cabbage,3000.0,3400.0,3200.0,Rs./Quintal,Local
Elampillai(Uzhavar Sandhai ),0.36,Metric Tonnes,Cabbage,2500.0,3000.0,2750.0,Rs./Quintal,Local
Gandhigramam(Uzhavar Sandhai),0.12,Metric Tonnes,Cabbage,3500.0,4000.0,3750.0,Rs./Quintal,Local
Gingee(Uzhavar Sandhai ),0.07,Metric Tonnes,Cabbage,4000.0,4000.0,4000.0,Rs./Quintal,Local
Gobichettipalayam(Uzhavar Sandhai ),0.19,Metric Tonnes,Cabbage,2000.0,2400.0,2200.0,Rs./Quintal,Local
Gudalur(Uzhavar Sandhai ),0.04,Metric Tonnes,Cabbage,2000.0,2500.0,2250.0,Rs./Quintal,Local
Gudiyatham(Uzhavar Sandhai ),0.05,Metric Tonnes,Cabbage,2500.0,3000.0,2750.0,Rs./Quintal,Local
Harur(Uzhavar Sandhai ),0.18,Metric Tonnes,Cabbage,3000.0,3500.0,3250.0,Rs./Quintal,Local
Hasthampatti(Uzhavar Sandhai ),0.26,Metric Tonnes,Cabbage,3000.0,3400.0,3200.0,Rs./Quintal,Local
Hosur(Uzhavar Sandhai ),2.93,Metric Tonnes,Cabbage,1200.0,1500.0,1350.0,Rs./Quintal,Local
Jalagandapuram(Uzhavar Sandhai ),0.06,Metric Tonnes,Cabbage,2500.0,3000.0,2750.0,Rs./Quintal,Local
Jameenrayapettai(Uzhavar Sandhai ),0.26,Metric Tonnes,Cabbage,2200.0,2500.0,2350.0,Rs./Quintal,Local
KKNagar(Uzhavar Sandhai ),0.65,Metric Tonnes,Cabbage,3200.0,3200.0,3200.0,Rs./Quintal,Local
Kahithapattarai(Uzhavar Sandhai ),0.16,Metric Tonnes,Cabbage,2500.0,2500.0,2500.0,Rs./Quintal,Local
Kallakurichi(Uzhavar Sandhai ),0.05,Metric Tonnes,Cabbage,4000.0,4000.0,4000.0,Rs./Quintal,Local
Kambam(Uzhavar Sandhai ),1.8,Metric Tonnes,Cabbage,2200.0,2200.0,2200.0,Rs./Quintal,Local
Karaikudi(Uzhavar Sandhai ),0.22,Metric Tonnes,Cabbage,3000.0,3400.0,3200.0,Rs./Quintal,Local
Karimangalam(Uzhavar Sandhai),0.17,Metric Tonnes,Cabbage,3300.0,3500.0,3400.0,Rs./Quintal,Local
Kariyapatti(Uzhavar Sandhai ),0.09,Metric Tonnes,Cabbage,3500.0,4000.0,3750.0,Rs./Quintal,Local
Karur(Uzhavar Sandhai ),0.38,Metric Tonnes,Cabbage,3500.0,4000.0,3750.0,Rs./Quintal,Local
Katpadi (Uzhavar Sandhai ),0.2,Metric Tonnes,Cabbage,3000.0,3000.0,3000.0,Rs./Quintal,Local
Kovilpatti(Uzhavar Sandhai ),0.14,Metric Tonnes,Cabbage,3000.0,3500.0,3250.0,Rs./Quintal,Local
Krishnagiri(Uzhavar Sandhai ),0.23,Metric Tonnes,Cabbage,2500.0,3000.0,2750.0,Rs./Quintal,Local
Kulithalai(Uzhavar Sandhai ),0.36,Metric Tonnes,Cabbage,3000.0,3200.0,3100.0,Rs./Quintal,Local
Kumarapalayam(Uzhavar Sandhai ),0.04,Metric Tonnes,Cabbage,3600.0,4000.0,3800.0,Rs./Quintal,Local
Kumbakonam (Uzhavar Sandhai ),0.44,Metric Tonnes,Cabbage,3000.0,3600.0,3300.0,Rs./Quintal,Local
Kundrathur(Uzhavar Sandhai ),0.15,Metric Tonnes,Cabbage,3000.0,3000.0,3000.0,Rs./Quintal,Local
Lalgudi(Uzhavar Sandhai ),0.14,Metric Tonnes,Cabbage,3600.0,3600.0,3600.0,Rs./Quintal,Local
Manachanallur(Uzhavar Sandhai ),0.16,Metric Tonnes,Cabbage,2500.0,3000.0,2750.0,Rs./Quintal,Local
Manapparai(Uzhavar Sandhai ),0.08,Metric Tonnes,Cabbage,3000.0,3000.0,3000.0,Rs./Quintal,Local
Mannargudi I(Uzhavar Sandhai ),0.64,Metric Tonnes,Cabbage,3400.0,3400.0,3400.0,Rs./Quintal,Local
Mannargudi II(Uzhavar Sandhai ),0.18,Metric Tonnes,Cabbage,3400.0,3400.0,3400.0,Rs./Quintal,Local
Mayiladuthurai(Uzhavar Sandhai ),0.03,Metric Tonnes,Cabbage,4000.0,4000.0,4000.0,Rs./Quintal,Local
Melapalayam(Uzhavar Sandhai ),0.25,Metric Tonnes,Cabbage,2800.0,3000.0,2900.0,Rs./Quintal,Local
Mettupalayam(Uzhavar Sandhai ),0.62,Metric Tonnes,Cabbage,3000.0,3500.0,3250.0,Rs./Quintal,Local
Mettur(Uzhavar Sandhai ),0.35,Metric Tonnes,Cabbage,2500.0,3000.0,2750.0,Rs./Quintal,Local
Mohanur(Uzhavar Sandhai ),0.2,Metric Tonnes,Cabbage,2800.0,3500.0,3150.0,Rs./Quintal,Local
Musiri(Uzhavar Sandhai ),0.5,Metric Tonnes,Cabbage,2500.0,3000.0,2750.0,Rs./Quintal,Local
Muthupettai(Uzhavar Sandhai ),0.05,Metric Tonnes,Cabbage,3400.0,3400.0,3400.0,Rs./Quintal,Local
Myladi(Uzhavar Sandhai ),0.02,Metric Tonnes,Cabbage,5000.0,5500.0,5250.0,Rs./Quintal,Local
NGO Colony(Uzhavar Sandhai ),0.29,Metric Tonnes,Cabbage,2500.0,3000.0,2750.0,Rs./Quintal,Local
Nagapattinam(Uzhavar Sandhai ),0.12,Metric Tonnes,Cabbage,4000.0,4500.0,4250.0,Rs./Quintal,Local
Namakkal(Uzhavar Sandhai ),0.5,Metric Tonnes,Cabbage,2000.0,2500.0,2250.0,Rs./Quintal,Local
Nanganallur(Uzhavar Sandhai ),0.05,Metric Tonnes,Cabbage,3500.0,4000.0,3750.0,Rs./Quintal,Local
Natrampalli(Uzhavar Sandhai ),0.35,Metric Tonnes,Cabbage,2500.0,3000.0,2750.0,Rs./Quintal,Local
Padappai(Uzhavar Sandhai ),0.09,Metric Tonnes,Cabbage,2000.0,2500.0,2250.0,Rs./Quintal,Local
Palacode(Uzhavar Sandhai ),0.26,Metric Tonnes,Cabbage,2800.0,3000.0,2900.0,Rs./Quintal,Local
Palanganatham(Uzhavar Sandhai ),0.2,Metric Tonnes,Cabbage,2600.0,3000.0,2800.0,Rs./Quintal,Local
Palani(Uzhavar Sandhai ),0.55,Metric Tonnes,Cabbage,2500.0,3000.0,2750.0,Rs./Quintal,Local
Palayamkottai(Uzhavar Sandhai ),2.3,Metric Tonnes,Cabbage,2800.0,3000.0,2900.0,Rs./Quintal,Local
Palladam(Uzhavar Sandhai ),0.09,Metric Tonnes,Cabbage,2500.0,3000.0,2750.0,Rs./Quintal,Local
Pallavaram(Uzhavar Sandhai ),0.54,Metric Tonnes,Cabbage,2000.0,2500.0,2250.0,Rs./Quintal,Local
Pallikonda(Uzhavar Sandhai),0.03,Metric Tonnes,Cabbage,2500.0,2500.0,2500.0,Rs./Quintal,Local
Papanasam(Uzhavar Sandhai ),0.06,Metric Tonnes,Cabbage,3600.0,3600.0,3600.0,Rs./Quintal,Local
Paramakudi(Uzhavar Sandhai ),0.14,Metric Tonnes,Cabbage,4500.0,4800.0,4650.0,Rs./Quintal,Local
Paramathivelur(Uzhavar Sandhai ),0.25,Metric Tonnes,Cabbage,2400.0,2800.0,2600.0,Rs./Quintal,Local
Paruthipattu(Uzhavar Sandhai ),0.09,Metric Tonnes,Cabbage,4000.0,4000.0,4000.0,Rs./Quintal,Local
Pattukottai(Uzhavar Sandhai ),0.25,Metric Tonnes,Cabbage,3400.0,3400.0,3400.0,Rs./Quintal,Local
Pennagaram(Uzhavar Sandhai ),0.08,Metric Tonnes,Cabbage,3500.0,4000.0,3750.0,Rs./Quintal,Local
Perambalur(Uzhavar Sandhai ),0.39,Metric Tonnes,Cabbage,3000.0,3200.0,3100.0,Rs./Quintal,Local
Perampet(Uzhavar Sandhai),0.03,Metric Tonnes,Cabbage,3000.0,3000.0,3000.0,Rs./Quintal,Local
Periyakulam(Uzhavar Sandhai ),0.28,Metric Tonnes,Cabbage,2300.0,2500.0,2400.0,Rs./Quintal,Local
Perundurai(Uzhavar Sandhai ),0.09,Metric Tonnes,Cabbage,2000.0,2500.0,2250.0,Rs./Quintal,Local
Pollachi(Uzhavar Sandhai ),0.16,Metric Tonnes,Cabbage,3000.0,3500.0,3250.0,Rs./Quintal,Local
Polur(Uzhavar Sandhai ),0.16,Metric Tonnes,Cabbage,2500.0,3000.0,2750.0,Rs./Quintal,Local
Pudukottai(Uzhavar Sandhai ),0.26,Metric Tonnes,Cabbage,3000.0,3500.0,3250.0,Rs./Quintal,Local
RSPuram(Uzhavar Sandhai ),0.87,Metric Tonnes,Cabbage,2000.0,2200.0,2100.0,Rs./Quintal,Local
Rajapalayam(Uzhavar Sandhai ),0.26,Metric Tonnes,Cabbage,2500.0,3000.0,2750.0,Rs./Quintal,Local
Ramanathapuram(Uzhavar Sandhai ),0.1,Metric Tonnes,Cabbage,4200.0,4500.0,4350.0,Rs./Quintal,Local
Ranipettai(Uzhavar Sandhai ),0.12,Metric Tonnes,Cabbage,2500.0,2500.0,2500.0,Rs./Quintal,Local
Rasipuram(Uzhavar Sandhai ),0.76,Metric Tonnes,Cabbage,3400.0,3600.0,3500.0,Rs./Quintal,Local
Sampath Nagar(Uzhavar Sandhai ),0.4,Metric Tonnes,Cabbage,1800.0,2000.0,1900.0,Rs./Quintal,Local
Sathiyamagalam(Uzhavar Sandhai ),0.24,Metric Tonnes,Cabbage,3000.0,3500.0,3250.0,Rs./Quintal,Local
Sathur(Uzhavar Sandhai ),0.02,Metric Tonnes,Cabbage,3500.0,4000.0,3750.0,Rs./Quintal,Local
Singampunari(Uzhavar Sandhai ),0.16,Metric Tonnes,Cabbage,2800.0,3200.0,3000.0,Rs./Quintal,Local
Singanallur(Uzhavar Sandhai ),1.12,Metric Tonnes,Cabbage,2400.0,2800.0,2600.0,Rs./Quintal,Local
Sirkali(Uzhavar Sandhai ),0.19,Metric Tonnes,Cabbage,2500.0,3000.0,2750.0,Rs./Quintal,Local
Sivagangai (Uzhavar Sandhai ),0.38,Metric Tonnes,Cabbage,2800.0,3200.0,3000.0,Rs./Quintal,Local
Sivakasi(Uzhavar Sandhai ),0.03,Metric Tonnes,Cabbage,3500.0,4000.0,3750.0,Rs./Quintal,Local
Sooramangalam(Uzhavar Sandhai ),0.34,Metric Tonnes,Cabbage,2500.0,3000.0,2750.0,Rs./Quintal,Local
Srivilliputhur(Uzhavar Sandhai ),0.11,Metric Tonnes,Cabbage,3000.0,3500.0,3250.0,Rs./Quintal,Local
Sulur(Uzhavar Sandhai ),0.26,Metric Tonnes,Cabbage,2400.0,2800.0,2600.0,Rs./Quintal,Local
Sundarapuram(Uzhavar Sandhai ),0.28,Metric Tonnes,Cabbage,2200.0,2600.0,2400.0,Rs./Quintal,Local
Sunguvarchatram(Uzhavar Sandhai ),0.15,Metric Tonnes,Cabbage,3000.0,3000.0,3000.0,Rs./Quintal,Local
Tenkasi(Uzhavar Sandhai ),0.1,Metric Tonnes,Cabbage,3000.0,3000.0,3000.0,Rs./Quintal,Local
Thalavadi(Uzhavar Sandhai ),0.23,Metric Tonnes,Cabbage,1400.0,1800.0,1600.0,Rs./Quintal,Local
Thalavaipuram(Uzhavar Sandhai ),0.05,Metric Tonnes,Cabbage,2500.0,3000.0,2750.0,Rs./Quintal,Local
Thammampatti (Uzhavar Sandhai ),0.34,Metric Tonnes,Cabbage,3500.0,4000.0,3750.0,Rs./Quintal,Local
Thanjavur(Uzhavar Sandhai ),0.21,Metric Tonnes,Cabbage,3400.0,3400.0,3400.0,Rs./Quintal,Local
Thathakapatti(Uzhavar Sandhai ),0.26,Metric Tonnes,Cabbage,2500.0,3000.0,2750.0,Rs./Quintal,Local
Theni(Uzhavar Sandhai ),1.54,Metric Tonnes,Cabbage,2500.0,2500.0,2500.0,Rs./Quintal,Local
Thirupathur APMC,0.31,Metric Tonnes,Cabbage,3400.0,3400.0,3400.0,Rs./Quintal,Local
Thiruverumbur(Uzhavar Sandhai ),0.23,Metric Tonnes,Cabbage,3000.0,3000.0,3000.0,Rs./Quintal,Local
Thuraiyur APMC,0.28,Metric Tonnes,Cabbage,2500.0,3000.0,2750.0,Rs./Quintal,Local
Tindivanam APMC,0.06,Metric Tonnes,Cabbage,3500.0,3500.0,3500.0,Rs./Quintal,Local
Tiruchengode APMC,0.43,Metric Tonnes,Cabbage,2500.0,3000.0,2750.0,Rs./Quintal,Local
Tirupatthur(Uzhavar Sandhai ),0.16,Metric Tonnes,Cabbage,3000.0,3500.0,3250.0,Rs./Quintal,Local
Tiruppur (North) (Uzhavar Sandhai ),0.22,Metric Tonnes,Cabbage,2500.0,3000.0,2750.0,Rs./Quintal,Local
Tiruppur (South) (Uzhavar Sandhai ),0.46,Metric Tonnes,Cabbage,1500.0,2000.0,1750.0,Rs./Quintal,Local
Tiruthani(Uzhavar Sandhai ),0.05,Metric Tonnes,Cabbage,4000.0,4000.0,4000.0,Rs./Quintal,Local
Tiruvannamalai(Uzhavar Sandhai ),0.43,Metric Tonnes,Cabbage,2000.0,2500.0,2250.0,Rs./Quintal,Local
Tuticorin(Uzhavar Sandhai ),0.11,Metric Tonnes,Cabbage,3000.0,3500.0,3250.0,Rs./Quintal,Local
Udhagamandalam(Uzhavar Sandhai ),1.12,Metric Tonnes,Cabbage,2000.0,2500.0,2250.0,Rs./Quintal,Local
Udumalpet APMC,0.11,Metric Tonnes,Cabbage,3000.0,3500.0,3250.0,Rs./Quintal,Local
Vadalur(Uzhavar Sandhai ),0.05,Metric Tonnes,Cabbage,3000.0,3000.0,3000.0,Rs./Quintal,Local
Vadaseri APMC,0.2,Metric Tonnes,Cabbage,5000.0,5500.0,5250.0,Rs./Quintal,Local
Vadavalli(Uzhavar Sandhai ),0.28,Metric Tonnes,Cabbage,2000.0,2400.0,2200.0,Rs./Quintal,Local
Vaniyampadi(Uzhavar Sandhai ),0.18,Metric Tonnes,Cabbage,4000.0,4000.0,4000.0,Rs./Quintal,Local
Vazhapadi(Uzhavar Sandhai),0.02,Metric Tonnes,Cabbage,3000.0,3000.0,3000.0,Rs./Quintal,Local
Vedaranyam(Uzhavar Sandhai),0.09,Metric Tonnes,Cabbage,3500.0,3600.0,3550.0,Rs./Quintal,Local
Vellore APMC,0.25,Metric Tonnes,Cabbage,2500.0,2500.0,2500.0,Rs./Quintal,Local
Villupuram(Uzhavar Sandhai ),0.03,Metric Tonnes,Cabbage,4000.0,4000.0,4000.0,Rs./Quintal,Local
Virudhunagar(Uzhavar Sandhai ),0.02,Metric Tonnes,Cabbage,3500.0,4000.0,3750.0,Rs./Quintal,Local
Viruthachalam(Uzhavar Sandhai ),0.03,Metric Tonnes,Cabbage,3000.0,3000.0,3000.0,Rs./Quintal,Local
Total,42.56,Metric Tonnes,,,,2729.79,Rs./Quintal,
State/UT Name : Telangana
Adilabad (Rythu Bazar) ,2.6,Metric Tonnes,Cabbage,4000.0,4200.0,4000.0,Rs./Quintal,Local
"Alwal,RBZ",1.0,Metric Tonnes,Other,1300.0,1300.0,1300.0,Rs./Quintal,FAQ
Bowenpally APMC,141.8,Metric Tonnes,Cabbage,600.0,1000.0,800.0,Rs./Quintal,FAQ
Gudimalkapur APMC,33.4,Metric Tonnes,Cabbage,800.0,1300.0,900.0,Rs./Quintal,Grade B
Karimnagar APMC,0.32999999999999996,Metric Tonnes,Cabbage,933.33338,933.33338,933.33338,Rs./Quintal,Medium
"Kukatpally,RBZ",5.5,Metric Tonnes,Cabbage,1300.0,1300.0,1300.0,Rs./Quintal,Local
L B Nagar APMC,7.4,Metric Tonnes,Cabbage,800.0,1200.0,1000.0,Rs./Quintal,Medium
Mahabubnagar(Rythu Bazar),1.14,Metric Tonnes,Cabbage,3000.0,3000.0,3000.0,Rs./Quintal,Local
Mahboob Manison APMC,3.0,Metric Tonnes,Cabbage,1000.0,1200.0,1100.0,Rs./Quintal,Medium
Miryalguda(Rythu Bazar) ,0.3,Metric Tonnes,Cabbage,2500.0,2500.0,2500.0,Rs./Quintal,Grade A
RYTHU BAZAR ERRAGADDA,3.4,Metric Tonnes,Cabbage,1300.0,1300.0,1300.0,Rs./Quintal,Grade A
RYTHU BAZAR FALAKNUMA,1.0,Metric Tonnes,Cabbage,1300.0,1300.0,1300.0,Rs./Quintal,Grade A
"Saroornagar,RBZ",2.5,Metric Tonnes,Other,1300.0,1300.0,1300.0,Rs./Quintal,Medium
Shadnagar APMC,3.1,Metric Tonnes,Cabbage,1300.0,1600.0,1500.0,Rs./Quintal,Local
Siddipet(Rythu Bazar) ,0.7000000000000001,Metric Tonnes,Cabbage,2000.0,2800.0,2400.0,Rs./Quintal,Grade A
"Vanasthalipuram,RBZ ",2.0,Metric Tonnes,Cabbage,1300.0,1300.0,1300.0,Rs./Quintal,Grade A
Venkateswarnagar APMC,0.1,Metric Tonnes,Cabbage,1000.0,1200.0,1100.0,Rs./Quintal,Grade A
Warangal APMC,2.6,Metric Tonnes,Cabbage,1600.0,2000.0,1800.0,Rs./Quintal,FAQ
Total,211.87,Metric Tonnes,,,,945.0,Rs./Quintal,
State/UT Name : Uttar Pradesh
Awagarh APMC,0.30000000000000004,Metric Tonnes,Cabbage,1300.0,1500.0,1400.0,Rs./Quintal,FAQ
Baripaal APMC,0.2,Metric Tonnes,Cabbage,2000.0,2500.0,2200.0,Rs./Quintal,Medium
CHHUTMALPUR APMC,0.2,Metric Tonnes,Cabbage,700.0,900.0,800.0,Rs./Quintal,Local
Hasanpur APMC,0.6,Metric Tonnes,Cabbage,1450.0,1520.0,1500.0,Rs./Quintal,FAQ
Jalaun APMC,0.8,Metric Tonnes,Cabbage,1500.0,1800.0,1500.0,Rs./Quintal,FAQ
Jasvantnagar APMC,3.0,Metric Tonnes,Cabbage,2215.0,2315.0,2265.0,Rs./Quintal,Medium
Kairana APMC,0.4,Metric Tonnes,Cabbage,1500.0,1600.0,1550.0,Rs./Quintal,FAQ
Khandhla APMC,0.9,Metric Tonnes,Cabbage,300.0,390.0,345.0,Rs./Quintal,FAQ
Kosikalan APMC,5.0,Metric Tonnes,Cabbage,2000.0,2140.0,2100.0,Rs./Quintal,FAQ
Maigalganj APMC,0.30000000000000004,Metric Tonnes,Cabbage,860.0,900.0,880.0,Rs./Quintal,FAQ
Total,11.7,Metric Tonnes,,,,1846.97,Rs./Quintal,
State/UT Name : Uttarakhand
Dehradoon APMC,5.4,Metric Tonnes,Cabbage,800.0,1400.0,1200.0,Rs./Quintal,Grade B
Kotadwara APMC,0.7,Metric Tonnes,Cabbage,1100.0,1100.0,1100.0,Rs./Quintal,FAQ
Rudrapur APMC,6.0,Metric Tonnes,Other,3000.0,4500.0,4000.0,Rs./Quintal,Medium
Vikasnagar APMC,2.7,Metric Tonnes,Cabbage,500.0,2000.0,1500.0,Rs./Quintal,Medium
Total,14.8,Metric Tonnes,,,,2385.14,Rs./Quintal,
State/UT Name : West Bengal
Darjeeling APMC,1.4,Metric Tonnes,Other,2700.0,2900.0,2800.0,Rs./Quintal,FAQ
Durgapur APMC,5.4,Metric Tonnes,Other,1900.0,2100.0,2050.0,Rs./Quintal,FAQ
Karsiyang(Matigara) APMC,1.3,Metric Tonnes,Other,2700.0,2900.0,2800.0,Rs./Quintal,FAQ
Medinipur(West) APMC,0.5,Metric Tonnes,Cabbage,3100.0,3400.0,3300.0,Rs./Quintal,FAQ
Sealdah Koley Market APMC,8.5,Metric Tonnes,Other,3000.0,3500.0,3200.0,Rs./Quintal,FAQ
Total,17.1,Metric Tonnes,,,,2776.61,Rs./Quintal,
Grand Total,3573.04,Metric Tonnes,,,,2165.58,Rs./Quintal,
Carrot
State/UT Name : Assam
Pamohi(Garchuk) APMC,12.0,Metric Tonnes,Carrot,8000.0,9000.0,8500.0,Rs./Quintal,FAQ
Tinsukia Market,2.0,Metric Tonnes,Carrot,7000.0,12000.0,10000.0,Rs./Quintal,FAQ
Uparhali Pmy APMC,0.5,Metric Tonnes,Carrot,6000.0,6500.0,6200.0,Rs./Quintal,FAQ
Total,14.5,Metric Tonnes,,,,8627.59,Rs./Quintal,
State/UT Name : Chandigarh
Chandigarh (Grain/F&V) APMC,27.160000000000004,Metric Tonnes,Carrot,1300.0,1500.0,1500.0,Rs./Quintal,FAQ
Total,27.16,Metric Tonnes,,,,1500.0,Rs./Quintal,
State/UT Name : Chattisgarh
Durg APMC,1.4,Metric Tonnes,Carrot,1600.0,2000.0,1600.0,Rs./Quintal,Medium
Raigarh APMC,1.0,Metric Tonnes,Carrot,3500.0,4000.0,3750.0,Rs./Quintal,Grade B
Tiphra APMC,6.5,Metric Tonnes,Carrot,3000.0,3200.0,3100.0,Rs./Quintal,Grade B
Total,8.9,Metric Tonnes,,,,2937.08,Rs./Quintal,
State/UT Name : Gujarat
Ahmedabad APMC,52.5,Metric Tonnes,Other,1000.0,2500.0,1950.0,Rs./Quintal,FAQ
"Anand(Veg,Yard,Anand) APMC",0.7000000000000001,Metric Tonnes,Carrot,1500.0,2000.0,1750.0,Rs./Quintal,Grade B
Bharuch APMC,1.5,Metric Tonnes,Other,1300.0,1700.0,1500.0,Rs./Quintal,Local
Dahod(Veg. Market) APMC,0.35000000000000003,Metric Tonnes,Carrot,2000.0,3000.0,2500.0,Rs./Quintal,Local
Gondal(Veg.market Gondal) APMC,1.52,Metric Tonnes,Carrot,1400.0,2500.0,1950.0,Rs./Quintal,Local
Navsari APMC,1.4000000000000001,Metric Tonnes,Carrot,2500.0,2750.0,2625.0,Rs./Quintal,Local
Surat APMC,32.0,Metric Tonnes,Carrot,1000.0,2600.0,1800.0,Rs./Quintal,FAQ
Vadhvan APMC,0.2,Metric Tonnes,Carrot,2500.0,3000.0,2750.0,Rs./Quintal,Medium
Total,90.17,Metric Tonnes,,,,1902.12,Rs./Quintal,
State/UT Name : Haryana
Bahadurgarh APMC,0.30000000000000004,Metric Tonnes,Other,5500.0,6000.0,5800.0,Rs./Quintal,Medium
Ganaur APMC,0.1,Metric Tonnes,Carrot,4000.0,5000.0,4500.0,Rs./Quintal,Medium
Gohana APMC,0.1,Metric Tonnes,Other,6000.0,8000.0,7000.0,Rs./Quintal,Medium
Jagadhri APMC,0.16000000000000003,Metric Tonnes,Other,1800.0,2400.0,2300.0,Rs./Quintal,Medium
Jakhal APMC,0.2,Metric Tonnes,Other,3500.0,3500.0,3500.0,Rs./Quintal,Local
Naraingarh APMC,0.12,Metric Tonnes,Carrot,1800.0,2000.0,1950.0,Rs./Quintal,Medium
Shahabad APMC,0.2,Metric Tonnes,Carrot,3000.0,3000.0,3000.0,Rs./Quintal,Medium
Thanesar APMC,1.0,Metric Tonnes,Carrot,2000.0,3000.0,2500.0,Rs./Quintal,Medium
Total,2.18,Metric Tonnes,,,,3344.95,Rs./Quintal,
State/UT Name : Himachal Pradesh
PMY Chamba,0.1,Metric Tonnes,Carrot,2500.0,3000.0,2750.0,Rs./Quintal,Medium
PMY Dhalli Shimla,0.6000000000000001,Metric Tonnes,Carrot,4000.0,4200.0,4000.0,Rs./Quintal,Grade A
PMY Kullu,0.6,Metric Tonnes,Other,3000.0,3500.0,3200.0,Rs./Quintal,FAQ
PMY Una,0.11499999999999999,Metric Tonnes,Carrot,4500.0,4500.0,4500.0,Rs./Quintal,FAQ
SMY Baijnath,0.07,Metric Tonnes,Carrot,2700.0,3200.0,3000.0,Rs./Quintal,Grade A
SMY Bhuntar,0.6,Metric Tonnes,Other,2500.0,3200.0,2900.0,Rs./Quintal,FAQ
SMY Dhanotu,0.30000000000000004,Metric Tonnes,Carrot,2500.0,3500.0,3000.0,Rs./Quintal,FAQ
SMY Dharamshala,0.2,Metric Tonnes,Carrot,3800.0,4200.0,4000.0,Rs./Quintal,FAQ
SMY Nahan,10.0,Metric Tonnes,Other,4000.0,5000.0,4500.0,Rs./Quintal,FAQ
SMY Palampur,0.2,Metric Tonnes,Carrot,3400.0,3500.0,3450.0,Rs./Quintal,FAQ
Total,12.79,Metric Tonnes,,,,4259.09,Rs./Quintal,
State/UT Name : Jammu and Kashmir
MAC F&V Market Narwal Jammu,2.0,Metric Tonnes,Carrot,3000.0,3500.0,3250.0,Rs./Quintal,FAQ
Parimpore Srinagar (F&V),54.0,Metric Tonnes,Other,5000.0,5500.0,5250.0,Rs./Quintal,Local
Total,56.0,Metric Tonnes,,,,5178.57,Rs./Quintal,
State/UT Name : Karnataka
Bangarpet APMC,1.0,Metric Tonnes,Carrot,1500.0,2700.0,2300.0,Rs./Quintal,Local
Binny Mill (FF&V) Bengaluru APMC,30.1,Metric Tonnes,Carrot,4000.0,5000.0,4500.0,Rs./Quintal,Local
Chamarajanagar APMC,2.5,Metric Tonnes,Carrot,1500.0,2500.0,2000.0,Rs./Quintal,Local
Chickkaballapura APMC,10.0,Metric Tonnes,Carrot,2500.0,3500.0,2600.0,Rs./Quintal,Local
Chikkamagaluru APMC,2.2,Metric Tonnes,Other,3800.0,3800.0,3800.0,Rs./Quintal,Local
Chintamani APMC,1.2000000000000002,Metric Tonnes,Carrot,2000.0,4000.0,3000.0,Rs./Quintal,Local
Davangere APMC,3.0,Metric Tonnes,Carrot,1000.0,3500.0,2500.0,Rs./Quintal,Local
Doddaballapur APMC,1.2000000000000002,Metric Tonnes,Other,3000.0,4000.0,3500.0,Rs./Quintal,Medium
Kolar APMC,7.800000000000001,Metric Tonnes,Carrot,2500.0,3500.0,3000.0,Rs./Quintal,Local
Mysuru APMC,6.800000000000001,Metric Tonnes,Carrot,3800.0,4000.0,4000.0,Rs./Quintal,Medium
Nanjangud APMC,5.0,Metric Tonnes,Carrot,2380.0,3333.0,2777.0,Rs./Quintal,Local
Ramanagara APMC,0.7000000000000001,Metric Tonnes,Carrot,4000.0,5000.0,4500.0,Rs./Quintal,Local
Shimoga APMC,1.6,Metric Tonnes,Carrot,4000.0,5000.0,4500.0,Rs./Quintal,Local
Total,73.1,Metric Tonnes,,,,3655.88,Rs./Quintal,
State/UT Name : Keralam
Adimali Market,0.05,Metric Tonnes,Carrot,7000.0,8000.0,7500.0,Rs./Quintal,Medium
Aluva Market,5.0,Metric Tonnes,Carrot,5000.0,6000.0,5500.0,Rs./Quintal,FAQ
Anchal Market,0.35,Metric Tonnes,Carrot,5200.0,5200.0,5200.0,Rs./Quintal,Local
Angamaly Market,1.0,Metric Tonnes,Carrot,5500.0,7500.0,6500.0,Rs./Quintal,FAQ
Aralamoodu Market,2.0,Metric Tonnes,Carrot,4000.0,6000.0,6000.0,Rs./Quintal,FAQ
Athirampuzha Market,0.5,Metric Tonnes,Carrot,5000.0,5400.0,5200.0,Rs./Quintal,FAQ
Attingal Market,850.0,Metric Tonnes,Other,7800.0,8200.0,8000.0,Rs./Quintal,Local
Balarampuram Market,0.4,Metric Tonnes,Carrot,7000.0,8000.0,7000.0,Rs./Quintal,FAQ
Chala Market,0.5,Metric Tonnes,Other,5000.0,5500.0,5200.0,Rs./Quintal,FAQ
Chavakkad Market,0.15,Metric Tonnes,Carrot,6000.0,7000.0,7000.0,Rs./Quintal,FAQ
Chelakkara Market,0.18,Metric Tonnes,Carrot,7800.0,8000.0,7900.0,Rs./Quintal,FAQ
Chengannur Market,0.5,Metric Tonnes,Other,5500.0,6000.0,5800.0,Rs./Quintal,FAQ
Cherthala Market,0.3,Metric Tonnes,Carrot,8200.0,8500.0,8300.0,Rs./Quintal,FAQ
Ettumanoor Market,1.0,Metric Tonnes,Carrot,7000.0,7400.0,7200.0,Rs./Quintal,FAQ
Harippad Market,0.7,Metric Tonnes,Other,6000.0,6500.0,6000.0,Rs./Quintal,FAQ
Irinjalakkuda Market,0.1,Metric Tonnes,Carrot,5000.0,5500.0,5500.0,Rs./Quintal,FAQ
Kallachi Market,0.1,Metric Tonnes,Carrot,5600.0,6000.0,5800.0,Rs./Quintal,FAQ
Kayamkulam Market,1.0,Metric Tonnes,Other,5100.0,5300.0,5200.0,Rs./Quintal,FAQ
Koduvayoor Market,0.8,Metric Tonnes,Carrot,4600.0,5000.0,4800.0,Rs./Quintal,Medium
Kothamangalam Market,1.0,Metric Tonnes,Carrot,6000.0,8000.0,7000.0,Rs./Quintal,FAQ
Kottakkal Market,5.0,Metric Tonnes,Other,5300.0,5500.0,5400.0,Rs./Quintal,Local
Kottarakkara Market,0.01,Metric Tonnes,Other,3500.0,3500.0,3500.0,Rs./Quintal,Local
Manjeri Market,6.0,Metric Tonnes,Other,5450.0,5550.0,5500.0,Rs./Quintal,Local
Manjeswaram Market,3.0,Metric Tonnes,Carrot,7000.0,8000.0,7500.0,Rs./Quintal,FAQ
Mukkom Market,0.4,Metric Tonnes,Carrot,6000.0,6400.0,6200.0,Rs./Quintal,FAQ
Neyyatinkara Market,0.02,Metric Tonnes,Other,5400.0,6000.0,5600.0,Rs./Quintal,FAQ
North Paravur Market,1.0,Metric Tonnes,Carrot,5500.0,6000.0,5800.0,Rs./Quintal,FAQ
Pala Market,1.0,Metric Tonnes,Carrot,7000.0,8000.0,7500.0,Rs./Quintal,FAQ
Palakkad Market,2.0,Metric Tonnes,Carrot,3500.0,4500.0,4100.0,Rs./Quintal,FAQ
Parappanangadi Market,1.0,Metric Tonnes,Other,5200.0,5400.0,5300.0,Rs./Quintal,Grade A
Parassala Market,0.2,Metric Tonnes,Carrot,2800.0,3200.0,3000.0,Rs./Quintal,Local
Pattambi Market,0.5,Metric Tonnes,Other,3600.0,4000.0,3800.0,Rs./Quintal,FAQ
Perambra Market,0.23,Metric Tonnes,Other,6000.0,7000.0,6500.0,Rs./Quintal,FAQ
Perinthalmanna Market,4.0,Metric Tonnes,Carrot,4900.0,5200.0,5000.0,Rs./Quintal,Large
Perumbavoor Market,1.5,Metric Tonnes,Carrot,6000.0,6800.0,6400.0,Rs./Quintal,Medium
Piravam Market,5.0,Metric Tonnes,Carrot,7000.0,8500.0,8000.0,Rs./Quintal,Local
Quilandy Market,0.24,Metric Tonnes,Other,5800.0,6000.0,6000.0,Rs./Quintal,FAQ
Thalasserry Market,0.2,Metric Tonnes,Carrot,5500.0,6500.0,6000.0,Rs./Quintal,FAQ
Thalayolaparambu Market,0.5,Metric Tonnes,Carrot,5400.0,5800.0,5500.0,Rs./Quintal,FAQ
Thamarassery Market,0.15,Metric Tonnes,Other,7300.0,7500.0,7300.0,Rs./Quintal,FAQ
Thrippunithura Market,1.0,Metric Tonnes,Carrot,7000.0,8000.0,7200.0,Rs./Quintal,Medium
Thrissur Market,6.0,Metric Tonnes,Carrot,5000.0,5000.0,5000.0,Rs./Quintal,FAQ
Vadakkenchery Market,0.25,Metric Tonnes,Carrot,9000.0,9500.0,9500.0,Rs./Quintal,FAQ
Vamanapuram Market,0.11,Metric Tonnes,Other,5500.0,6000.0,5500.0,Rs./Quintal,FAQ
Vandiperiyar Market,0.03,Metric Tonnes,Other,7000.0,7500.0,7500.0,Rs./Quintal,Grade Range-1
Vengeri(Kozhikode) Market,44.0,Metric Tonnes,Carrot,4500.0,4800.0,4800.0,Rs./Quintal,FAQ
Total,948.97,Metric Tonnes,,,,7730.74,Rs./Quintal,
State/UT Name : Madhya Pradesh
Bhopal(F&V) APMC,4.0,Metric Tonnes,Other,1000.0,2000.0,1500.0,Rs./Quintal,Local
Dhamnod(F&V) APMC,0.5,Metric Tonnes,Carrot,800.0,1000.0,900.0,Rs./Quintal,Local
Indore(F&V) APMC,8.0,Metric Tonnes,Carrot,400.0,800.0,600.0,Rs./Quintal,Local
Sehore(F&V) APMC,0.4,Metric Tonnes,Carrot,2500.0,3500.0,3000.0,Rs./Quintal,Grade Range-1
Seoni(F&V) APMC,0.56,Metric Tonnes,Carrot,950.0,950.0,950.0,Rs./Quintal,Grade C
Total,13.46,Metric Tonnes,,,,964.49,Rs./Quintal,
State/UT Name : Maharashtra
APMC Ahilyanagar ,1.5,Metric Tonnes,Other,2000.0,2500.0,2250.0,Rs./Quintal,Local
APMC Bhusaval ,0.4,Metric Tonnes,Other,2000.0,2500.0,2500.0,Rs./Quintal,Local
APMC Chattrapati Sambhajinagar ,3.5,Metric Tonnes,Other,1500.0,2500.0,2000.0,Rs./Quintal,Local
APMC Hingna,0.1,Metric Tonnes,Other,3000.0,3000.0,3000.0,Rs./Quintal,Local
APMC Kalyan ,0.3,Metric Tonnes,Other,2200.0,3000.0,2600.0,Rs./Quintal,Local
APMC Kamthi ,0.1,Metric Tonnes,Other,2500.0,3000.0,2750.0,Rs./Quintal,Local
APMC Mumbai ,127.4,Metric Tonnes,Other,2000.0,2600.0,2300.0,Rs./Quintal,Local
APMC Nagpur ,42.0,Metric Tonnes,Other,1600.0,2200.0,2050.0,Rs./Quintal,Local
APMC Nasik ,8.5,Metric Tonnes,Other,2025.0,2710.0,2335.0,Rs./Quintal,Local
APMC Pune ,57.6,Metric Tonnes,Other,1000.0,2500.0,1750.0,Rs./Quintal,Local
APMC Rahata ,0.5,Metric Tonnes,Other,1500.0,2000.0,1750.0,Rs./Quintal,Local
APMC Satara ,2.6,Metric Tonnes,Other,2000.0,3000.0,2500.0,Rs./Quintal,Local
APMC Solapur ,3.4,Metric Tonnes,Other,1000.0,4000.0,2100.0,Rs./Quintal,Local
APMC Vadgaonpeth ,1.0,Metric Tonnes,Other,2100.0,2500.0,2200.0,Rs./Quintal,Local
Amrawati(Frui & Veg. Market) ,4.8,Metric Tonnes,Other,2000.0,2500.0,2250.0,Rs./Quintal,Local
Pune(Khadiki) ,0.4,Metric Tonnes,Other,1300.0,1600.0,1450.0,Rs./Quintal,Local
Pune(Manjri) ,0.3,Metric Tonnes,Other,2000.0,4000.0,3000.0,Rs./Quintal,Local
Pune(Moshi) ,7.5,Metric Tonnes,Other,2000.0,2000.0,2000.0,Rs./Quintal,Local
Total,261.9,Metric Tonnes,,,,2124.83,Rs./Quintal,
State/UT Name : Meghalaya
Jowai APMC,0.5,Metric Tonnes,New Kuroda,10000.0,11000.0,10500.0,Rs./Quintal,Local
Shillong APMC,1.8,Metric Tonnes,New Kuroda,6500.0,8500.0,7500.0,Rs./Quintal,FAQ
Total,2.3,Metric Tonnes,,,,8152.17,Rs./Quintal,
State/UT Name : NCT of Delhi
APMC Azadpur,72.7,Metric Tonnes,Carrot,2000.0,4000.0,3000.0,Rs./Quintal,FAQ
APMC Keshopur,0.8500000000000001,Metric Tonnes,Other,2500.0,3000.0,2800.0,Rs./Quintal,FAQ
"Fruit&Vegetable Market,Gazipur APMC",9.68,Metric Tonnes,Carrot,2400.0,2800.0,2600.0,Rs./Quintal,FAQ
Total,83.23,Metric Tonnes,,,,2951.44,Rs./Quintal,
State/UT Name : Odisha
Bhanjanagar APMC,1.7000000000000002,Metric Tonnes,Carrot,3400.0,3600.0,3500.0,Rs./Quintal,FAQ
Gunpur APMC,2.0,Metric Tonnes,Carrot,7300.0,8000.0,7500.0,Rs./Quintal,Large
Khariar APMC,0.1,Metric Tonnes,Other,6000.0,6000.0,6000.0,Rs./Quintal,Grade A
Kuchinda APMC,0.18000000000000002,Metric Tonnes,Carrot,6000.0,6500.0,6200.0,Rs./Quintal,Medium
Narasinghpur APMC,0.085,Metric Tonnes,Carrot,4500.0,6000.0,5000.0,Rs./Quintal,Local
Rayagada APMC,7.0,Metric Tonnes,Other,2900.0,3000.0,3000.0,Rs./Quintal,Local
Total,11.07,Metric Tonnes,,,,3984.73,Rs./Quintal,
State/UT Name : Punjab
Adampur APMC,0.2,Metric Tonnes,Carrot,1800.0,2000.0,2000.0,Rs./Quintal,FAQ
Dasuya APMC,0.2,Metric Tonnes,Carrot,3000.0,3000.0,3000.0,Rs./Quintal,FAQ
Dinanagar APMC,1.35,Metric Tonnes,Other,3800.0,4000.0,3900.0,Rs./Quintal,Medium
Doraha APMC,0.010000000000000002,Metric Tonnes,Carrot,2500.0,2500.0,2500.0,Rs./Quintal,Local
Faridkot APMC,0.24,Metric Tonnes,Carrot,3000.0,3000.0,3000.0,Rs./Quintal,Grade A
Garh Shankar APMC,0.1,Metric Tonnes,Carrot,2500.0,2500.0,2500.0,Rs./Quintal,FAQ
Jagraon APMC,0.2,Metric Tonnes,Other,800.0,800.0,800.0,Rs./Quintal,FAQ
Jalandhar City(Jalandhar) APMC,6.4,Metric Tonnes,Other,1500.0,3000.0,2200.0,Rs./Quintal,FAQ
Lehra Gaga APMC,0.09,Metric Tonnes,Other,2500.0,2500.0,2500.0,Rs./Quintal,Grade A
Malerkotla APMC,3.0,Metric Tonnes,Other,1500.0,2500.0,2000.0,Rs./Quintal,Local
Naushera Pannuan APMC,0.06,Metric Tonnes,Other,1900.0,1900.0,1900.0,Rs./Quintal,Local
Patiala APMC,2.0,Metric Tonnes,Carrot,1400.0,1900.0,1700.0,Rs./Quintal,Grade B
Patran APMC,6.0,Metric Tonnes,Other,2160.0,2160.0,2160.0,Rs./Quintal,Grade A
Patti APMC,0.1,Metric Tonnes,Other,420.0,420.0,420.0,Rs./Quintal,Local
Phagwara APMC,0.2,Metric Tonnes,Other,2000.0,2300.0,2000.0,Rs./Quintal,FAQ
Rampuraphul(Nabha Mandi) APMC,1.0,Metric Tonnes,Other,1500.0,2200.0,2000.0,Rs./Quintal,Grade A
Samana APMC,28.0,Metric Tonnes,Other,2000.0,2600.0,2100.0,Rs./Quintal,Grade Range-2
Sangrur APMC,0.4,Metric Tonnes,Carrot,1200.0,2000.0,1600.0,Rs./Quintal,Grade B
Sirhind APMC,0.30000000000000004,Metric Tonnes,Other,2000.0,3000.0,2500.0,Rs./Quintal,FAQ
Total,49.85,Metric Tonnes,,,,2143.05,Rs./Quintal,
State/UT Name : Rajasthan
Ajmer(F&V) APMC,0.5,Metric Tonnes,Other,1400.0,2200.0,1800.0,Rs./Quintal,Medium
Jaipur (F&V) APMC,14.8,Metric Tonnes,Carrot,2500.0,2600.0,2550.0,Rs./Quintal,FAQ
Sriganganagar (F&V) APMC,1.0,Metric Tonnes,Carrot,3000.0,3400.0,3200.0,Rs./Quintal,Grade C
Udaipur (F&V) APMC,0.6000000000000001,Metric Tonnes,Other,2000.0,2500.0,2250.0,Rs./Quintal,Medium
Total,16.9,Metric Tonnes,,,,2555.62,Rs./Quintal,
State/UT Name : Tamil Nadu
AJattihalli(Uzhavar Sandhai ),0.13,Metric Tonnes,Pusakesar,6000.0,6400.0,6200.0,Rs./Quintal,Local
Ammapet(Uzhavar Sandhai ),0.15,Metric Tonnes,Pusakesar,6000.0,6500.0,6250.0,Rs./Quintal,Local
Anaiyur(Uzhavar Sandhai ),0.13,Metric Tonnes,Pusakesar,3200.0,4800.0,4000.0,Rs./Quintal,Local
Andipatti(Uzhavar Sandhai ),0.22,Metric Tonnes,Pusakesar,4400.0,4800.0,4600.0,Rs./Quintal,Local
Anna nagar(Uzhavar Sandhai ),0.54,Metric Tonnes,Pusakesar,6800.0,6800.0,6800.0,Rs./Quintal,Local
Arani(Uzhavar Sandhai ),0.2,Metric Tonnes,Pusakesar,6000.0,7000.0,6500.0,Rs./Quintal,Local
Arcot(Uzhavar Sandhai ),0.26,Metric Tonnes,Pusakesar,6000.0,6000.0,6000.0,Rs./Quintal,Local
Ariyalur(Uzhavar Sandhai),0.03,Metric Tonnes,Pusakesar,7000.0,8000.0,7500.0,Rs./Quintal,Local
Aruppukottai(Uzhavar Sandhai ),0.14,Metric Tonnes,Pusakesar,6000.0,7000.0,6500.0,Rs./Quintal,Local
Athur(Uzhavar Sandhai ),0.28,Metric Tonnes,Pusakesar,6500.0,7000.0,6750.0,Rs./Quintal,Local
Avallapalli(Uzhavar Sandhai ),0.27,Metric Tonnes,Pusakesar,3500.0,4000.0,3750.0,Rs./Quintal,Local
Chengalpet(Uzhavar Sandhai ),0.08,Metric Tonnes,Pusakesar,9000.0,10000.0,9500.0,Rs./Quintal,Local
Chengam(Uzhavar Sandhai ),0.1,Metric Tonnes,Pusakesar,7000.0,8000.0,7500.0,Rs./Quintal,Local
Cheyyar(Uzhavar Sandhai ),0.1,Metric Tonnes,Pusakesar,6000.0,7000.0,6500.0,Rs./Quintal,Local
Chinnalapatti(Uzhavar Sandhai ),0.02,Metric Tonnes,Pusakesar,5000.0,6000.0,5500.0,Rs./Quintal,Local
Chinnamanur(Uzhavar Sandhai ),0.23,Metric Tonnes,Pusakesar,5000.0,5400.0,5200.0,Rs./Quintal,Local
Chokkikulam(Uzhavar Sandhai ),0.85,Metric Tonnes,Pusakesar,3200.0,4800.0,4000.0,Rs./Quintal,Local
Coonoor(Uzhavar Sandhai ),0.32,Metric Tonnes,Pusakesar,4500.0,5000.0,4750.0,Rs./Quintal,Local
Cuddalore(Uzhavar Sandhai ),0.19,Metric Tonnes,Pusakesar,8000.0,8000.0,8000.0,Rs./Quintal,Local
Denkanikottai(Uzhavar Sandhai ),0.27,Metric Tonnes,Pusakesar,3500.0,4000.0,3750.0,Rs./Quintal,Local
Devakottai (Uzhavar Sandhai ),0.13,Metric Tonnes,Pusakesar,3200.0,5400.0,4300.0,Rs./Quintal,Local
Dharapuram(Uzhavar Sandhai ),0.65,Metric Tonnes,Pusakesar,7000.0,7000.0,7000.0,Rs./Quintal,Local
Dharmapuri(Uzhavar Sandhai ),0.26,Metric Tonnes,Pusakesar,6200.0,6400.0,6300.0,Rs./Quintal,Local
Dindigul(Uzhavar Sandhai ),0.35,Metric Tonnes,Pusakesar,5000.0,6000.0,5500.0,Rs./Quintal,Local
Edapadi (Uzhavar Sandhai ),0.15,Metric Tonnes,Pusakesar,6500.0,7000.0,6750.0,Rs./Quintal,Local
Elampillai(Uzhavar Sandhai ),0.16,Metric Tonnes,Pusakesar,6000.0,6500.0,6250.0,Rs./Quintal,Local
Gandhigramam(Uzhavar Sandhai),0.14,Metric Tonnes,Pusakesar,6000.0,7000.0,6500.0,Rs./Quintal,Local
Gingee(Uzhavar Sandhai ),0.02,Metric Tonnes,Pusakesar,5500.0,5500.0,5500.0,Rs./Quintal,Local
Gobichettipalayam(Uzhavar Sandhai ),0.14,Metric Tonnes,Pusakesar,6200.0,6500.0,6350.0,Rs./Quintal,Local
Gudalur(Uzhavar Sandhai ),0.04,Metric Tonnes,Pusakesar,4500.0,5000.0,4750.0,Rs./Quintal,Local
Gudiyatham(Uzhavar Sandhai ),0.08,Metric Tonnes,Pusakesar,5000.0,6000.0,5500.0,Rs./Quintal,Local
Harur(Uzhavar Sandhai ),0.12,Metric Tonnes,Pusakesar,5000.0,6000.0,5500.0,Rs./Quintal,Local
Hasthampatti(Uzhavar Sandhai ),0.18,Metric Tonnes,Pusakesar,6000.0,6500.0,6250.0,Rs./Quintal,Local
Hosur(Uzhavar Sandhai ),4.28,Metric Tonnes,Pusakesar,3500.0,4000.0,3750.0,Rs./Quintal,Local
Jalagandapuram(Uzhavar Sandhai ),0.06,Metric Tonnes,Pusakesar,6000.0,6500.0,6250.0,Rs./Quintal,Local
Jameenrayapettai(Uzhavar Sandhai ),0.12,Metric Tonnes,Pusakesar,7000.0,8000.0,7500.0,Rs./Quintal,Local
KKNagar(Uzhavar Sandhai ),0.55,Metric Tonnes,Pusakesar,6600.0,6600.0,6600.0,Rs./Quintal,Local
Kahithapattarai(Uzhavar Sandhai ),0.09,Metric Tonnes,Pusakesar,5600.0,5600.0,5600.0,Rs./Quintal,Local
Kallakurichi(Uzhavar Sandhai ),0.06,Metric Tonnes,Pusakesar,8000.0,8000.0,8000.0,Rs./Quintal,Local
Kambam(Uzhavar Sandhai ),0.7,Metric Tonnes,Pusakesar,5000.0,5000.0,5000.0,Rs./Quintal,Local
Karaikudi(Uzhavar Sandhai ),0.09,Metric Tonnes,Pusakesar,4500.0,5500.0,5000.0,Rs./Quintal,Local
Karimangalam(Uzhavar Sandhai),0.11,Metric Tonnes,Pusakesar,7000.0,7400.0,7200.0,Rs./Quintal,Local
Kariyapatti(Uzhavar Sandhai ),0.08,Metric Tonnes,Pusakesar,6500.0,7000.0,6750.0,Rs./Quintal,Local
Karur(Uzhavar Sandhai ),0.34,Metric Tonnes,Pusakesar,6500.0,7000.0,6750.0,Rs./Quintal,Local
Katpadi (Uzhavar Sandhai ),0.3,Metric Tonnes,Pusakesar,5000.0,6000.0,5500.0,Rs./Quintal,Local
Kaveripattinam(Uzhavar Sandhai ),0.03,Metric Tonnes,Pusakesar,6000.0,6000.0,6000.0,Rs./Quintal,Local
Kovilpatti(Uzhavar Sandhai ),0.1,Metric Tonnes,Pusakesar,5500.0,6000.0,5750.0,Rs./Quintal,Local
Krishnagiri(Uzhavar Sandhai ),0.31,Metric Tonnes,Pusakesar,6000.0,7000.0,6500.0,Rs./Quintal,Local
Kulithalai(Uzhavar Sandhai ),0.18,Metric Tonnes,Pusakesar,6000.0,6600.0,6300.0,Rs./Quintal,Local
Kumarapalayam(Uzhavar Sandhai ),0.03,Metric Tonnes,Pusakesar,7500.0,8000.0,7750.0,Rs./Quintal,Local
Kumbakonam (Uzhavar Sandhai ),0.18,Metric Tonnes,Pusakesar,6000.0,7200.0,6600.0,Rs./Quintal,Local
Kundrathur(Uzhavar Sandhai ),0.05,Metric Tonnes,Pusakesar,5000.0,5000.0,5000.0,Rs./Quintal,Local
Lalgudi(Uzhavar Sandhai ),0.14,Metric Tonnes,Pusakesar,7000.0,7000.0,7000.0,Rs./Quintal,Local
Manachanallur(Uzhavar Sandhai ),0.05,Metric Tonnes,Pusakesar,6400.0,7000.0,6700.0,Rs./Quintal,Local
Manapparai(Uzhavar Sandhai ),0.06,Metric Tonnes,Pusakesar,7000.0,7000.0,7000.0,Rs./Quintal,Local
Mannargudi I(Uzhavar Sandhai ),0.49,Metric Tonnes,Pusakesar,6000.0,6000.0,6000.0,Rs./Quintal,Local
Mannargudi II(Uzhavar Sandhai ),0.14,Metric Tonnes,Pusakesar,6000.0,6000.0,6000.0,Rs./Quintal,Local
Mayiladuthurai(Uzhavar Sandhai ),0.01,Metric Tonnes,Pusakesar,7000.0,8000.0,7500.0,Rs./Quintal,Local
Melapalayam(Uzhavar Sandhai ),0.36,Metric Tonnes,Pusakesar,3200.0,5600.0,4400.0,Rs./Quintal,Local
Mettupalayam(Uzhavar Sandhai ),0.42,Metric Tonnes,Pusakesar,5000.0,5800.0,5400.0,Rs./Quintal,Local
Mettur(Uzhavar Sandhai ),0.16,Metric Tonnes,Pusakesar,6500.0,7000.0,6750.0,Rs./Quintal,Local
Mohanur(Uzhavar Sandhai ),0.06,Metric Tonnes,Pusakesar,7500.0,8000.0,7750.0,Rs./Quintal,Local
Musiri(Uzhavar Sandhai ),0.36,Metric Tonnes,Pusakesar,6000.0,6500.0,6250.0,Rs./Quintal,Local
Myladi(Uzhavar Sandhai ),0.02,Metric Tonnes,Pusakesar,6500.0,7500.0,7000.0,Rs./Quintal,Local
NGO Colony(Uzhavar Sandhai ),0.26,Metric Tonnes,Pusakesar,4500.0,5600.0,5050.0,Rs./Quintal,Local
Nagapattinam(Uzhavar Sandhai ),0.05,Metric Tonnes,Pusakesar,7600.0,7600.0,7600.0,Rs./Quintal,Local
Namakkal(Uzhavar Sandhai ),0.36,Metric Tonnes,Pusakesar,6500.0,7000.0,6750.0,Rs./Quintal,Local
Nanganallur(Uzhavar Sandhai ),0.12,Metric Tonnes,Pusakesar,7500.0,8000.0,7750.0,Rs./Quintal,Local
Natrampalli(Uzhavar Sandhai ),0.35,Metric Tonnes,Pusakesar,5000.0,6000.0,5500.0,Rs./Quintal,Local
Palacode(Uzhavar Sandhai ),0.18,Metric Tonnes,Pusakesar,6000.0,6400.0,6200.0,Rs./Quintal,Local
Palanganatham(Uzhavar Sandhai ),0.5,Metric Tonnes,Pusakesar,3200.0,4800.0,4000.0,Rs./Quintal,Local
Palani(Uzhavar Sandhai ),0.62,Metric Tonnes,Pusakesar,5000.0,6800.0,5900.0,Rs./Quintal,Local
Palayamkottai(Uzhavar Sandhai ),0.85,Metric Tonnes,Pusakesar,3200.0,5600.0,4400.0,Rs./Quintal,Local
Palladam(Uzhavar Sandhai ),0.08,Metric Tonnes,Pusakesar,5500.0,6000.0,5750.0,Rs./Quintal,Local
Pallavaram(Uzhavar Sandhai ),0.12,Metric Tonnes,Pusakesar,7000.0,8000.0,7500.0,Rs./Quintal,Local
Pallikonda(Uzhavar Sandhai),0.02,Metric Tonnes,Pusakesar,6000.0,6000.0,6000.0,Rs./Quintal,Local
Papanasam(Uzhavar Sandhai ),0.05,Metric Tonnes,Pusakesar,6000.0,7800.0,6900.0,Rs./Quintal,Local
Paramakudi(Uzhavar Sandhai ),0.15,Metric Tonnes,Pusakesar,6500.0,7000.0,6750.0,Rs./Quintal,Local
Paramathivelur(Uzhavar Sandhai ),0.05,Metric Tonnes,Pusakesar,8000.0,9000.0,8500.0,Rs./Quintal,Local
Paruthipattu(Uzhavar Sandhai ),0.08,Metric Tonnes,Pusakesar,6000.0,6000.0,6000.0,Rs./Quintal,Local
Pattukottai(Uzhavar Sandhai ),0.1,Metric Tonnes,Pusakesar,7000.0,7000.0,7000.0,Rs./Quintal,Local
Pennagaram(Uzhavar Sandhai ),0.11,Metric Tonnes,Pusakesar,7000.0,8000.0,7500.0,Rs./Quintal,Local
Perambalur(Uzhavar Sandhai ),0.13,Metric Tonnes,Pusakesar,6800.0,6800.0,6800.0,Rs./Quintal,Local
Perampet(Uzhavar Sandhai),0.02,Metric Tonnes,Pusakesar,5000.0,5600.0,5300.0,Rs./Quintal,Local
Peravurani(Uzhavar Sandhai),0.03,Metric Tonnes,Pusakesar,7000.0,7000.0,7000.0,Rs./Quintal,Local
Periyakulam(Uzhavar Sandhai ),0.21,Metric Tonnes,Pusakesar,4400.0,4800.0,4600.0,Rs./Quintal,Local
Perundurai(Uzhavar Sandhai ),0.02,Metric Tonnes,Pusakesar,5500.0,6000.0,5750.0,Rs./Quintal,Local
Pollachi(Uzhavar Sandhai ),0.12,Metric Tonnes,Pusakesar,6000.0,6500.0,6250.0,Rs./Quintal,Local
Polur(Uzhavar Sandhai ),0.18,Metric Tonnes,Pusakesar,5000.0,6000.0,5500.0,Rs./Quintal,Local
Pudukottai(Uzhavar Sandhai ),0.2,Metric Tonnes,Pusakesar,6000.0,7000.0,6500.0,Rs./Quintal,Local
RSPuram(Uzhavar Sandhai ),2.42,Metric Tonnes,Pusakesar,4400.0,5000.0,4700.0,Rs./Quintal,Local
Rajapalayam(Uzhavar Sandhai ),0.22,Metric Tonnes,Pusakesar,4000.0,4500.0,4250.0,Rs./Quintal,Local
Ramanathapuram(Uzhavar Sandhai ),0.08,Metric Tonnes,Pusakesar,7500.0,8000.0,7750.0,Rs./Quintal,Local
Ranipettai(Uzhavar Sandhai ),0.05,Metric Tonnes,Pusakesar,5000.0,5000.0,5000.0,Rs./Quintal,Local
Rasipuram(Uzhavar Sandhai ),0.12,Metric Tonnes,Pusakesar,6500.0,7500.0,7000.0,Rs./Quintal,Local
Sampath Nagar(Uzhavar Sandhai ),0.14,Metric Tonnes,Pusakesar,5400.0,5800.0,5600.0,Rs./Quintal,Local
Sankarapuram(Uzhavar Sandhai ),0.13,Metric Tonnes,Pusakesar,8000.0,8000.0,8000.0,Rs./Quintal,Local
Sathiyamagalam(Uzhavar Sandhai ),0.18,Metric Tonnes,Pusakesar,5400.0,5800.0,5600.0,Rs./Quintal,Local
Sathur(Uzhavar Sandhai ),0.02,Metric Tonnes,Pusakesar,5500.0,6000.0,5750.0,Rs./Quintal,Local
Singampunari(Uzhavar Sandhai ),0.04,Metric Tonnes,Pusakesar,3400.0,5200.0,4300.0,Rs./Quintal,Local
Singanallur(Uzhavar Sandhai ),1.02,Metric Tonnes,Pusakesar,5400.0,5800.0,5600.0,Rs./Quintal,Local
Sirkali(Uzhavar Sandhai ),0.05,Metric Tonnes,Pusakesar,8000.0,8000.0,8000.0,Rs./Quintal,Local
Sivagangai (Uzhavar Sandhai ),0.26,Metric Tonnes,Pusakesar,3400.0,5000.0,4200.0,Rs./Quintal,Local
Sivakasi(Uzhavar Sandhai ),0.02,Metric Tonnes,Pusakesar,4000.0,5000.0,4500.0,Rs./Quintal,Local
Sooramangalam(Uzhavar Sandhai ),0.42,Metric Tonnes,Pusakesar,5500.0,6000.0,5750.0,Rs./Quintal,Local
Srivilliputhur(Uzhavar Sandhai ),0.07,Metric Tonnes,Pusakesar,4000.0,4500.0,4250.0,Rs./Quintal,Local
Sulur(Uzhavar Sandhai ),0.28,Metric Tonnes,Pusakesar,5400.0,5800.0,5600.0,Rs./Quintal,Local
Sundarapuram(Uzhavar Sandhai ),0.23,Metric Tonnes,Pusakesar,5000.0,5500.0,5250.0,Rs./Quintal,Local
Sunguvarchatram(Uzhavar Sandhai ),0.04,Metric Tonnes,Pusakesar,5000.0,5000.0,5000.0,Rs./Quintal,Local
Thalavadi(Uzhavar Sandhai ),0.09,Metric Tonnes,Pusakesar,5500.0,6500.0,6000.0,Rs./Quintal,Local
Thalavaipuram(Uzhavar Sandhai ),0.04,Metric Tonnes,Pusakesar,4000.0,4500.0,4250.0,Rs./Quintal,Local
Thammampatti (Uzhavar Sandhai ),0.14,Metric Tonnes,Pusakesar,5500.0,6000.0,5750.0,Rs./Quintal,Local
Thanjavur(Uzhavar Sandhai ),0.19,Metric Tonnes,Pusakesar,6000.0,6000.0,6000.0,Rs./Quintal,Local
Thathakapatti(Uzhavar Sandhai ),0.3,Metric Tonnes,Pusakesar,6000.0,6400.0,6200.0,Rs./Quintal,Local
Theni(Uzhavar Sandhai ),0.96,Metric Tonnes,Pusakesar,3000.0,4800.0,3900.0,Rs./Quintal,Local
Thirupathur APMC,0.37,Metric Tonnes,Pusakesar,6400.0,6400.0,6400.0,Rs./Quintal,Local
Thiruverumbur(Uzhavar Sandhai ),0.13,Metric Tonnes,Pusakesar,7000.0,7000.0,7000.0,Rs./Quintal,Local
Thuraiyur APMC,0.11,Metric Tonnes,Pusakesar,5500.0,6600.0,6050.0,Rs./Quintal,Local
Tindivanam APMC,0.05,Metric Tonnes,Pusakesar,6000.0,6000.0,6000.0,Rs./Quintal,Local
Tiruchengode APMC,0.29,Metric Tonnes,Pusakesar,6200.0,7000.0,6600.0,Rs./Quintal,Local
Tirukattupalli(Uzhavar Sandhai ),0.1,Metric Tonnes,Pusakesar,6600.0,6600.0,6600.0,Rs./Quintal,Local
Tirupatthur(Uzhavar Sandhai ),0.13,Metric Tonnes,Pusakesar,3400.0,5500.0,4450.0,Rs./Quintal,Local
Tiruppur (North) (Uzhavar Sandhai ),0.1,Metric Tonnes,Pusakesar,5000.0,6000.0,5500.0,Rs./Quintal,Local
Tiruppur (South) (Uzhavar Sandhai ),0.51,Metric Tonnes,Pusakesar,4000.0,5000.0,4500.0,Rs./Quintal,Local
Tiruthani(Uzhavar Sandhai ),0.05,Metric Tonnes,Pusakesar,6000.0,6000.0,6000.0,Rs./Quintal,Local
Tiruvannamalai(Uzhavar Sandhai ),0.28,Metric Tonnes,Pusakesar,5000.0,6000.0,5500.0,Rs./Quintal,Local
Tuticorin(Uzhavar Sandhai ),0.24,Metric Tonnes,Pusakesar,7000.0,8000.0,7500.0,Rs./Quintal,Local
Udhagamandalam(Uzhavar Sandhai ),0.45,Metric Tonnes,Pusakesar,3500.0,4000.0,3750.0,Rs./Quintal,Local
Udumalpet APMC,0.26,Metric Tonnes,Pusakesar,6500.0,7000.0,6750.0,Rs./Quintal,Local
Vadalur(Uzhavar Sandhai ),0.05,Metric Tonnes,Pusakesar,6000.0,6000.0,6000.0,Rs./Quintal,Local
Vadaseri APMC,0.18,Metric Tonnes,Pusakesar,7000.0,7500.0,7250.0,Rs./Quintal,Local
Vadavalli(Uzhavar Sandhai ),0.54,Metric Tonnes,Pusakesar,4600.0,5200.0,4900.0,Rs./Quintal,Local
Vandavasi(Uzhavar Sandhai ),0.03,Metric Tonnes,Pusakesar,6000.0,7000.0,6500.0,Rs./Quintal,Local
Vaniyampadi(Uzhavar Sandhai ),0.74,Metric Tonnes,Pusakesar,6000.0,6000.0,6000.0,Rs./Quintal,Local
Vazhapadi(Uzhavar Sandhai),0.02,Metric Tonnes,Pusakesar,5500.0,6000.0,5750.0,Rs./Quintal,Local
Vellore APMC,0.3,Metric Tonnes,Pusakesar,5000.0,5000.0,5000.0,Rs./Quintal,Local
Villupuram(Uzhavar Sandhai ),0.02,Metric Tonnes,Pusakesar,7000.0,7000.0,7000.0,Rs./Quintal,Local
Virudhunagar(Uzhavar Sandhai ),0.02,Metric Tonnes,Pusakesar,4500.0,5000.0,4750.0,Rs./Quintal,Local
Viruthachalam(Uzhavar Sandhai ),0.02,Metric Tonnes,Pusakesar,6000.0,6000.0,6000.0,Rs./Quintal,Local
Total,34.32,Metric Tonnes,,,,5376.7,Rs./Quintal,
State/UT Name : Telangana
"Alwal,RBZ",1.0,Metric Tonnes,Other,4500.0,4500.0,4500.0,Rs./Quintal,FAQ
Bowenpally APMC,540.7,Metric Tonnes,Carrot,1000.0,4000.0,3000.0,Rs./Quintal,FAQ
"Excise Colony,RBZ ",0.12,Metric Tonnes,Other,6000.0,6000.0,6000.0,Rs./Quintal,Grade A
Gudimalkapur APMC,27.1,Metric Tonnes,Carrot,2000.0,3500.0,2400.0,Rs./Quintal,Grade B
"Kukatpally,RBZ",12.4,Metric Tonnes,Carrot,4500.0,4500.0,4500.0,Rs./Quintal,Local
L B Nagar APMC,5.800000000000001,Metric Tonnes,Carrot,3000.0,4000.0,3500.0,Rs./Quintal,Medium
Mahboob Manison APMC,1.9000000000000001,Metric Tonnes,Carrot,4000.0,6000.0,5000.0,Rs./Quintal,Medium
Miryalguda(Rythu Bazar) ,0.2,Metric Tonnes,Carrot,5000.0,5000.0,5000.0,Rs./Quintal,Grade A
RYTHU BAZAR ERRAGADDA,5.0,Metric Tonnes,Carrot,4500.0,4500.0,4500.0,Rs./Quintal,Grade A
RYTHU BAZAR FALAKNUMA,1.2,Metric Tonnes,Carrot,4500.0,4500.0,4500.0,Rs./Quintal,Grade A
"Saroornagar,RBZ",3.0,Metric Tonnes,Other,4500.0,4500.0,4500.0,Rs./Quintal,Medium
Shadnagar APMC,4.0,Metric Tonnes,Carrot,1500.0,1800.0,1700.0,Rs./Quintal,Local
Siddipet(Rythu Bazar) ,1.0,Metric Tonnes,Carrot,4000.0,5000.0,4400.0,Rs./Quintal,Grade A
"Vanasthalipuram,RBZ ",1.2,Metric Tonnes,Carrot,4500.0,4500.0,4500.0,Rs./Quintal,Grade A
Venkateswarnagar APMC,0.1,Metric Tonnes,Carrot,2000.0,2200.0,2100.0,Rs./Quintal,Grade A
Warangal APMC,3.6,Metric Tonnes,Carrot,3500.0,4000.0,3750.0,Rs./Quintal,FAQ
Total,608.32,Metric Tonnes,,,,3042.26,Rs./Quintal,
State/UT Name : Tripura
Biokhora,0.2,Metric Tonnes,Carrot,7200.0,7300.0,7250.0,Rs./Quintal,FAQ
Total,0.2,Metric Tonnes,,,,7250.0,Rs./Quintal,
State/UT Name : Uttar Pradesh
Baripaal APMC,0.6000000000000001,Metric Tonnes,Carrot,2200.0,2500.0,2400.0,Rs./Quintal,Medium
Maigalganj APMC,0.30000000000000004,Metric Tonnes,Carrot,1240.0,1280.0,1260.0,Rs./Quintal,FAQ
Siyana APMC,1.2000000000000002,Metric Tonnes,Carrot,1100.0,1120.0,1110.0,Rs./Quintal,Medium
Total,2.1,Metric Tonnes,,,,1500.0,Rs./Quintal,
State/UT Name : Uttarakhand
Kashipur APMC,0.4,Metric Tonnes,Other,2500.0,2500.0,2500.0,Rs./Quintal,Local
Total,0.4,Metric Tonnes,,,,2500.0,Rs./Quintal,
State/UT Name : West Bengal
Gangarampur(Dakshin Dinajpur) APMC,0.1,Metric Tonnes,Other,3500.0,4000.0,3800.0,Rs./Quintal,FAQ
Ghatal APMC,1.8,Metric Tonnes,Carrot,3800.0,4000.0,3900.0,Rs./Quintal,FAQ
Jhargram APMC,0.53,Metric Tonnes,Other,3300.0,3700.0,3500.0,Rs./Quintal,FAQ
Karsiyang(Matigara) APMC,0.4,Metric Tonnes,Other,3100.0,3300.0,3200.0,Rs./Quintal,FAQ
Sealdah Koley Market APMC,11.5,Metric Tonnes,Other,3500.0,4500.0,4000.0,Rs./Quintal,FAQ
Total,14.33,Metric Tonnes,,,,3945.22,Rs./Quintal,
Grand Total,2332.15,Metric Tonnes,,,,4907.09,Rs./Quintal,
Onion
State/UT Name : Andhra Pradesh
Kurnool APMC,196.6,Metric Tonnes,Local,1767.0,5150.0,4189.0,Rs./Quintal,FAQ
Yerraguntla APMC,0.1,Metric Tonnes,Local,2600.0,3000.0,2800.0,Rs./Quintal,FAQ
Total,196.7,Metric Tonnes,,,,4188.29,Rs./Quintal,
State/UT Name : Assam
Dhekiajuli APMC,5.0,Metric Tonnes,Onion,5000.0,5300.0,5200.0,Rs./Quintal,FAQ
Dhing APMC,17.0,Metric Tonnes,Onion,3300.0,3500.0,3400.0,Rs./Quintal,FAQ
Doomdumia APMC,25.0,Metric Tonnes,Onion,3300.0,3500.0,3400.0,Rs./Quintal,FAQ
Pamohi(Garchuk) APMC,25.0,Metric Tonnes,Onion,5200.0,5800.0,5400.0,Rs./Quintal,FAQ
Tinsukia Market,8.0,Metric Tonnes,Onion,4800.0,5400.0,5000.0,Rs./Quintal,FAQ
Uparhali Pmy APMC,4.0,Metric Tonnes,Onion,5000.0,5200.0,5100.0,Rs./Quintal,FAQ
Total,84.0,Metric Tonnes,,,,4335.71,Rs./Quintal,
State/UT Name : Bihar
Balliah APMC,2.5,Metric Tonnes,1st Sort,5200.0,5400.0,5300.0,Rs./Quintal,Grade A
Balliah APMC,2.5,Metric Tonnes,1st Sort,5200.0,5400.0,5300.0,Rs./Quintal,Grade C
Balliah APMC,3.0,Metric Tonnes,1st Sort,5200.0,5400.0,5300.0,Rs./Quintal,Grade B
Chhapra APMC,100.0,Metric Tonnes,Other,3500.0,4400.0,4200.0,Rs./Quintal,Grade A
Madhubani APMC,30.0,Metric Tonnes,Nasik,4500.0,4700.0,4600.0,Rs./Quintal,FAQ
Maharjganj APMC,4.0,Metric Tonnes,1st Sort,5000.0,5000.0,5000.0,Rs./Quintal,FAQ
Motihari APMC,75.0,Metric Tonnes,Other,4800.0,5000.0,4900.0,Rs./Quintal,Grade A
Raxaul APMC,3.0,Metric Tonnes,1st Sort,4200.0,4400.0,4300.0,Rs./Quintal,Grade A
Supaul APMC,4.0,Metric Tonnes,Onion,3500.0,4500.0,4000.0,Rs./Quintal,Grade A
Total,224.0,Metric Tonnes,,,,4539.29,Rs./Quintal,
State/UT Name : Chandigarh
Chandigarh (Grain/F&V) APMC,212.20000000000002,Metric Tonnes,Onion,2500.0,4700.0,4500.0,Rs./Quintal,FAQ
Total,212.2,Metric Tonnes,,,,4500.0,Rs./Quintal,
State/UT Name : Chattisgarh
Durg APMC,7.3,Metric Tonnes,Onion,2800.0,3200.0,3200.0,Rs./Quintal,Medium
Raigarh APMC,56.0,Metric Tonnes,Local,4000.0,4500.0,4250.0,Rs./Quintal,Grade B
Tiphra APMC,60.0,Metric Tonnes,Local,4000.0,4500.0,4200.0,Rs./Quintal,Grade B
Total,123.3,Metric Tonnes,,,,4163.5,Rs./Quintal,
State/UT Name : Goa
Mapusa APMC,6.3,Metric Tonnes,Onion,2000.0,2800.0,2400.0,Rs./Quintal,Medium
Total,6.3,Metric Tonnes,,,,2400.0,Rs./Quintal,
State/UT Name : Gujarat
Ahmedabad(Chimanbhai Patal Market Vasana) APMC,10.600000000000001,Metric Tonnes,Local,3000.0,4500.0,4300.0,Rs./Quintal,FAQ
Ahmedabad(Chimanbhai Patal Market Vasana) APMC,496.90000000000003,Metric Tonnes,Nasik,3500.0,5200.0,4900.0,Rs./Quintal,FAQ
Ahmedabad(Chimanbhai Patal Market Vasana) APMC,28.1,Metric Tonnes,Other,3000.0,5000.0,4750.0,Rs./Quintal,FAQ
"Anand(Veg,Yard,Anand) APMC",18.7,Metric Tonnes,Onion,3500.0,4500.0,4000.0,Rs./Quintal,Grade B
Ankleshwar APMC,19.0,Metric Tonnes,Onion,2500.0,4200.0,3600.0,Rs./Quintal,Grade A
Bharuch APMC,24.5,Metric Tonnes,Other,1300.0,3000.0,1800.0,Rs./Quintal,Local
Bhuj APMC,88.4,Metric Tonnes,Other,4800.0,5500.0,5150.0,Rs./Quintal,FAQ
Bilimora APMC,1.0,Metric Tonnes,Nasik,3000.0,5000.0,4500.0,Rs./Quintal,FAQ
Dahod(Veg. Market) APMC,2.0,Metric Tonnes,Onion,4000.0,5500.0,5000.0,Rs./Quintal,Local
Himatnagar(Veg.Market Himatnagar) APMC,1.8,Metric Tonnes,Onion,4000.0,4500.0,4340.0,Rs./Quintal,Local
Jamnagar APMC,16.0,Metric Tonnes,Other,2000.0,4475.0,3150.0,Rs./Quintal,Local
Jetpur(Dist.Rajkot) APMC,11.5,Metric Tonnes,Onion,755.0,4330.0,3255.0,Rs./Quintal,FAQ
Kapadvanj APMC,10.0,Metric Tonnes,Onion,3000.0,4000.0,3500.0,Rs./Quintal,Medium
Khambhat(Veg Yard Khambhat) APMC,0.30000000000000004,Metric Tonnes,Other,5000.0,5500.0,5200.0,Rs./Quintal,Local
Mehsana(Mehsana Veg) APMC,11.3,Metric Tonnes,Onion,1750.0,4700.0,4000.0,Rs./Quintal,Local
Morbi APMC,21.0,Metric Tonnes,Onion,2000.0,4500.0,3250.0,Rs./Quintal,FAQ
Navsari APMC,16.6,Metric Tonnes,Onion,4000.0,5500.0,4750.0,Rs./Quintal,Grade A
Padra APMC,10.200000000000001,Metric Tonnes,Other,4000.0,5000.0,4500.0,Rs./Quintal,FAQ
Porbandar APMC,4.5,Metric Tonnes,Other,4000.0,5000.0,4500.0,Rs./Quintal,FAQ
Rajkot(Veg.Sub Yard) APMC,116.7,Metric Tonnes,Onion,1950.0,4125.0,3055.0,Rs./Quintal,FAQ
Surat APMC,185.0,Metric Tonnes,Other,2100.0,5300.0,3700.0,Rs./Quintal,FAQ
Vadodara(Sayajipura) APMC,19.76,Metric Tonnes,Onion,3500.0,5500.0,4500.0,Rs./Quintal,FAQ
Total,1113.86,Metric Tonnes,,,,4301.72,Rs./Quintal,
State/UT Name : Haryana
Ambala City(Subji Mandi) APMC,56.9,Metric Tonnes,Other,3080.0,3080.0,3080.0,Rs./Quintal,Non-FAQ
Bahadurgarh APMC,3.2,Metric Tonnes,Other,4500.0,5500.0,5000.0,Rs./Quintal,FAQ
Ballabhgarh APMC,17.900000000000002,Metric Tonnes,Onion,2500.0,4000.0,3500.0,Rs./Quintal,FAQ
Barwala APMC,1.0,Metric Tonnes,Onion,4000.0,4500.0,4250.0,Rs./Quintal,FAQ
Barwala(Hisar) APMC,3.0,Metric Tonnes,Onion,4500.0,5000.0,4800.0,Rs./Quintal,Local
Ch. Dadri APMC,4.0,Metric Tonnes,Onion,3200.0,4500.0,3850.0,Rs./Quintal,Medium
Chhachrauli APMC,0.1,Metric Tonnes,Onion,4400.0,4500.0,4400.0,Rs./Quintal,Local
Dhand APMC,0.6000000000000001,Metric Tonnes,Other,3500.0,4500.0,4200.0,Rs./Quintal,Medium
Farukh Nagar APMC,1.5,Metric Tonnes,Other,4000.0,4500.0,4200.0,Rs./Quintal,Medium
Fatehabad APMC,5.0,Metric Tonnes,Other,4200.0,4200.0,4200.0,Rs./Quintal,Local
Ganaur APMC,1.5,Metric Tonnes,Onion,4000.0,4500.0,4200.0,Rs./Quintal,FAQ
Gharaunda APMC,1.9,Metric Tonnes,Other,4000.0,4200.0,4200.0,Rs./Quintal,Local
Gohana APMC,6.2,Metric Tonnes,Other,3000.0,5000.0,4000.0,Rs./Quintal,Medium
Hansi APMC,0.2,Metric Tonnes,Other,4000.0,5000.0,4500.0,Rs./Quintal,FAQ
Hissar APMC,19.6,Metric Tonnes,Other,2500.0,4500.0,4000.0,Rs./Quintal,Medium
Hodal APMC,3.3000000000000003,Metric Tonnes,Onion,2800.0,3500.0,3000.0,Rs./Quintal,FAQ
Indri APMC,0.6000000000000001,Metric Tonnes,Other,4400.0,4400.0,4400.0,Rs./Quintal,FAQ
Jagadhri APMC,5.460000000000001,Metric Tonnes,Other,3000.0,4500.0,4000.0,Rs./Quintal,FAQ
Jakhal APMC,0.2,Metric Tonnes,Other,4000.0,4000.0,4000.0,Rs./Quintal,Non-FAQ
Jhajjar APMC,4.4,Metric Tonnes,Other,2500.0,2500.0,2500.0,Rs./Quintal,Medium
Jind APMC,12.200000000000001,Metric Tonnes,Local,2000.0,4100.0,2900.0,Rs./Quintal,FAQ
Kaithal APMC,7.5,Metric Tonnes,Onion,4066.0,4066.0,4066.0,Rs./Quintal,FAQ
Kharkhoda APMC,1.2000000000000002,Metric Tonnes,Other,3200.0,4200.0,3700.0,Rs./Quintal,FAQ
Ladwa APMC,2.2,Metric Tonnes,Other,5500.0,6000.0,6000.0,Rs./Quintal,Medium
Madlauda APMC,0.30000000000000004,Metric Tonnes,Onion,2700.0,2700.0,2700.0,Rs./Quintal,FAQ
Meham,0.2,Metric Tonnes,Medium,4500.0,4500.0,4500.0,Rs./Quintal,Medium
Mohindergarh APMC,4.25,Metric Tonnes,Onion,2500.0,3500.0,3500.0,Rs./Quintal,Medium
Mustafabad APMC,0.15000000000000002,Metric Tonnes,Onion,2800.0,3000.0,3000.0,Rs./Quintal,FAQ
Naraingarh APMC,5.0,Metric Tonnes,Onion,2500.0,3500.0,3370.0,Rs./Quintal,Medium
Narnaul APMC,2.8000000000000003,Metric Tonnes,Onion,4000.0,5500.0,5000.0,Rs./Quintal,Medium
Narwana APMC,5.9,Metric Tonnes,Onion,4000.0,4800.0,4400.0,Rs./Quintal,Non-FAQ
"New Grain Market , Panchkula APMC",0.1,Metric Tonnes,Other,3600.0,3800.0,3700.0,Rs./Quintal,Grade A
Nuh APMC,3.0,Metric Tonnes,Other,200.0,3000.0,3000.0,Rs./Quintal,Local
Panchkul(Kalka) APMC,0.1,Metric Tonnes,Other,3700.0,3900.0,3800.0,Rs./Quintal,Grade A
Panipat APMC,20.5,Metric Tonnes,Onion,1500.0,4500.0,3000.0,Rs./Quintal,Local
Pataudi APMC,3.5,Metric Tonnes,Onion,3000.0,3500.0,3200.0,Rs./Quintal,Grade B
Raipur Rani APMC,0.15000000000000002,Metric Tonnes,Onion,2400.0,2600.0,2400.0,Rs./Quintal,Local
Rania APMC,0.1,Metric Tonnes,Other,0.11,0.15,0.13,Rs./Quintal,Non-FAQ
Rania(Jiwan nagar) APMC,0.15000000000000002,Metric Tonnes,Other,250.0,400.0,300.0,Rs./Quintal,Non-FAQ
Ratia APMC,5.0,Metric Tonnes,Other,4500.0,4500.0,4500.0,Rs./Quintal,Grade A
Rewari APMC,5.4,Metric Tonnes,Medium,2000.0,5000.0,3500.0,Rs./Quintal,Medium
Rohtak APMC,45.900000000000006,Metric Tonnes,Other,1000.0,2000.0,1500.0,Rs./Quintal,Medium
Sadhaura APMC,2.5,Metric Tonnes,Onion,2600.0,3000.0,2800.0,Rs./Quintal,Local
Samalkha APMC,0.9,Metric Tonnes,Local,2500.0,4000.0,3500.0,Rs./Quintal,FAQ
Sampla APMC,1.0,Metric Tonnes,Other,3500.0,4000.0,4000.0,Rs./Quintal,Local
Shahabad APMC,7.3,Metric Tonnes,Onion,2805.0,4600.0,4325.0,Rs./Quintal,Medium
Shahzadpur APMC,0.2,Metric Tonnes,Onion,3000.0,3000.0,3000.0,Rs./Quintal,FAQ
Sirsa APMC,13.4,Metric Tonnes,Other,3800.0,4500.0,4200.0,Rs./Quintal,FAQ
Siwan APMC,1.8,Metric Tonnes,Other,4800.0,5100.0,5000.0,Rs./Quintal,FAQ
Sohna APMC,2.4,Metric Tonnes,Onion,4000.0,4000.0,4000.0,Rs./Quintal,Local
Sonepat APMC,11.0,Metric Tonnes,Onion,4000.0,5000.0,4500.0,Rs./Quintal,FAQ
Tarori APMC,0.7000000000000001,Metric Tonnes,Other,2500.0,4000.0,3000.0,Rs./Quintal,Medium
Thanesar APMC,21.8,Metric Tonnes,Onion,4500.0,5500.0,5000.0,Rs./Quintal,Medium
Tohana(New Veg Market) APMC,2.2,Metric Tonnes,Onion,3500.0,4200.0,4000.0,Rs./Quintal,FAQ
Uklana APMC,0.2,Metric Tonnes,Onion,4000.0,4000.0,4000.0,Rs./Quintal,Medium
Total,327.56,Metric Tonnes,,,,3433.38,Rs./Quintal,
State/UT Name : Himachal Pradesh
PMY Bilaspur,2.6,Metric Tonnes,Other,4600.0,5000.0,4800.0,Rs./Quintal,Grade B
PMY Dhalli Shimla,3.0,Metric Tonnes,1st Sort,5500.0,6000.0,5500.0,Rs./Quintal,Grade A
PMY Hamirpur,1.9000000000000001,Metric Tonnes,Other,5000.0,5200.0,5100.0,Rs./Quintal,Grade B
PMY Kangni Mandi,5.0,Metric Tonnes,Onion,4000.0,4500.0,4200.0,Rs./Quintal,Grade A
PMY Kangra,1.6,Metric Tonnes,Onion,5500.0,5700.0,5600.0,Rs./Quintal,FAQ
PMY Kather Solan,2.4,Metric Tonnes,Other,4500.0,5200.0,4800.0,Rs./Quintal,Medium
PMY Kullu,1.5,Metric Tonnes,Other,5000.0,5200.0,5100.0,Rs./Quintal,FAQ
PMY Paonta Sahib,0.6000000000000001,Metric Tonnes,Nasik,5000.0,5500.0,5200.0,Rs./Quintal,FAQ
PMY Una,3.855,Metric Tonnes,Onion,4800.0,5200.0,5000.0,Rs./Quintal,FAQ
SMY Baijnath,0.4,Metric Tonnes,Onion,4000.0,5000.0,4500.0,Rs./Quintal,Grade A
SMY Bhuntar,1.3,Metric Tonnes,Other,5400.0,6000.0,5700.0,Rs./Quintal,FAQ
SMY Dhanotu,1.8,Metric Tonnes,Onion,4000.0,5000.0,4500.0,Rs./Quintal,FAQ
SMY Dharamshala,1.0,Metric Tonnes,Onion,4800.0,5200.0,5000.0,Rs./Quintal,FAQ
SMY Jaisinghpur,0.2,Metric Tonnes,Other,5300.0,5900.0,5600.0,Rs./Quintal,FAQ
SMY Jassur,2.0,Metric Tonnes,Other,4500.0,5000.0,4750.0,Rs./Quintal,FAQ
SMY Nadaun,2.0,Metric Tonnes,Other,4000.0,4200.0,4100.0,Rs./Quintal,Grade B
SMY Nagrota Bagwan,0.8,Metric Tonnes,Onion,5200.0,5400.0,5300.0,Rs./Quintal,FAQ
SMY Nahan,0.2,Metric Tonnes,Other,4500.0,5000.0,4800.0,Rs./Quintal,FAQ
SMY Nalagarh,0.31,Metric Tonnes,Other,3000.0,4500.0,3800.0,Rs./Quintal,Medium
SMY Palampur,2.0,Metric Tonnes,Onion,5200.0,5800.0,5500.0,Rs./Quintal,FAQ
SMY Rohroo,0.30000000000000004,Metric Tonnes,1st Sort,5000.0,5200.0,5100.0,Rs./Quintal,Grade B
SMY Santoshgarh,0.9,Metric Tonnes,Onion,4700.0,5000.0,4850.0,Rs./Quintal,FAQ
SMY Takoli,0.2,Metric Tonnes,Other,4000.0,4800.0,4500.0,Rs./Quintal,Medium
Total,35.87,Metric Tonnes,,,,4893.29,Rs./Quintal,
State/UT Name : Jammu and Kashmir
Kathua (F&V),25.0,Metric Tonnes,Nasik,4000.0,4500.0,4250.0,Rs./Quintal,FAQ
MAC F&V Market Narwal Jammu,150.0,Metric Tonnes,Medium,5000.0,5500.0,5250.0,Rs./Quintal,FAQ
Parimpore Srinagar (F&V),171.0,Metric Tonnes,Nasik,5400.0,5600.0,5500.0,Rs./Quintal,Grade A
Rajouri (Phaliana) (F&V),2.0,Metric Tonnes,Onion,5000.0,5000.0,5000.0,Rs./Quintal,Grade B
Total,348.0,Metric Tonnes,,,,5299.57,Rs./Quintal,
State/UT Name : Karnataka
APMC Hubballi,106.0,Metric Tonnes,Local,2200.0,3800.0,3200.0,Rs./Quintal,Local
APMC Hubballi,142.0,Metric Tonnes,Puna,2500.0,4200.0,3400.0,Rs./Quintal,Local
Bagalkot APMC,57.2,Metric Tonnes,Onion,1800.0,5000.0,4600.0,Rs./Quintal,Local
Bangarpet APMC,0.8,Metric Tonnes,Onion,3500.0,5300.0,4500.0,Rs./Quintal,Local
Bengaluru APMC,1701.8000000000002,Metric Tonnes,Puna,4000.0,5500.0,4800.0,Rs./Quintal,Local
Bengaluru APMC,567.4,Metric Tonnes,Local,3000.0,4000.0,3500.0,Rs./Quintal,Medium
Bengaluru APMC,283.6,Metric Tonnes,Onion,4000.0,5000.0,4200.0,Rs./Quintal,Large
Bengaluru APMC,283.6,Metric Tonnes,Bangalore-Samall,2000.0,3000.0,2500.0,Rs./Quintal,Small
Chickkaballapura APMC,2.0,Metric Tonnes,Beelary-Red,5000.0,5500.0,5200.0,Rs./Quintal,Local
Chikkamagaluru APMC,0.8,Metric Tonnes,Other,4200.0,4200.0,4200.0,Rs./Quintal,Local
Davangere APMC,65.0,Metric Tonnes,Onion,4500.0,5200.0,4800.0,Rs./Quintal,Local
Doddaballapur APMC,2.8000000000000003,Metric Tonnes,Onion,3500.0,4500.0,4000.0,Rs./Quintal,Medium
Hassan APMC,10.200000000000001,Metric Tonnes,Other,1000.0,1000.0,1000.0,Rs./Quintal,Local
Hospet APMC,1.8,Metric Tonnes,Local,4000.0,4500.0,4500.0,Rs./Quintal,Local
Kadur APMC,0.5,Metric Tonnes,Onion,3330.0,3330.0,3330.0,Rs./Quintal,Medium
Mysuru APMC,48.0,Metric Tonnes,Other,4500.0,5000.0,4700.0,Rs./Quintal,Medium
Shimoga APMC,5.0,Metric Tonnes,Onion,5000.0,6000.0,5500.0,Rs./Quintal,Local
Tarikere APMC,16.0,Metric Tonnes,Other,1667.0,1667.0,1667.0,Rs./Quintal,Local
Udupi APMC,8.1,Metric Tonnes,Onion,4400.0,4500.0,4500.0,Rs./Quintal,Local
Total,3302.6,Metric Tonnes,,,,4183.53,Rs./Quintal,
State/UT Name : Keralam
Aluva Market,30.0,Metric Tonnes,Big,5600.0,6500.0,6100.0,Rs./Quintal,FAQ
Anchal Market,0.45,Metric Tonnes,Big,3800.0,3800.0,3800.0,Rs./Quintal,Local
Anchal Market,0.38,Metric Tonnes,Small,4500.0,4500.0,4500.0,Rs./Quintal,Local
Angamaly Market,1.0,Metric Tonnes,Big,5800.0,6200.0,6000.0,Rs./Quintal,FAQ
Angamaly Market,1.0,Metric Tonnes,Small,7600.0,9400.0,8500.0,Rs./Quintal,FAQ
Aralamoodu Market,2.0,Metric Tonnes,Big,5500.0,6000.0,6000.0,Rs./Quintal,FAQ
Aralamoodu Market,2.0,Metric Tonnes,Onion,8000.0,9000.0,9000.0,Rs./Quintal,FAQ
Athirampuzha Market,2.0,Metric Tonnes,Big,5600.0,5800.0,5700.0,Rs./Quintal,FAQ
Athirampuzha Market,0.8,Metric Tonnes,Small,8500.0,8700.0,8600.0,Rs./Quintal,FAQ
Balarampuram Market,3.0,Metric Tonnes,1st Sort,6000.0,6500.0,6000.0,Rs./Quintal,FAQ
Chala Market,18.0,Metric Tonnes,Big,6000.0,6200.0,6000.0,Rs./Quintal,FAQ
Chala Market,4.0,Metric Tonnes,Onion,8000.0,8500.0,8000.0,Rs./Quintal,Small
Chathanoor Market,0.4,Metric Tonnes,Other,3300.0,3700.0,3500.0,Rs./Quintal,FAQ
Chavakkad Market,0.2,Metric Tonnes,Big,5800.0,6400.0,6400.0,Rs./Quintal,FAQ
Chengannur Market,1.0,Metric Tonnes,Big,5600.0,5900.0,5800.0,Rs./Quintal,FAQ
Chengannur Market,0.5,Metric Tonnes,Small,8500.0,9200.0,9000.0,Rs./Quintal,FAQ
Ettumanoor Market,2.0,Metric Tonnes,Big,5000.0,6000.0,5500.0,Rs./Quintal,FAQ
Ettumanoor Market,1.5,Metric Tonnes,Onion,7500.0,8500.0,8000.0,Rs./Quintal,FAQ
Irinjalakkuda Market,0.1,Metric Tonnes,Big,6300.0,6500.0,6500.0,Rs./Quintal,FAQ
Kallachi Market,0.1,Metric Tonnes,Big,5500.0,5900.0,5700.0,Rs./Quintal,FAQ
Kanjangadu Market,1.0,Metric Tonnes,Big,5700.0,6400.0,6000.0,Rs./Quintal,FAQ
Kannur Market,18.0,Metric Tonnes,Onion,6000.0,6200.0,6100.0,Rs./Quintal,Grade A
Kayamkulam Market,5.0,Metric Tonnes,Big,5400.0,5600.0,5500.0,Rs./Quintal,FAQ
Kayamkulam Market,3.0,Metric Tonnes,Small,6600.0,6800.0,6700.0,Rs./Quintal,FAQ
Koduvayoor Market,80.0,Metric Tonnes,Big,5400.0,5800.0,5600.0,Rs./Quintal,Medium
Koduvayoor Market,80.0,Metric Tonnes,Small,8700.0,9100.0,8900.0,Rs./Quintal,Medium
Kothamangalam Market,1.0,Metric Tonnes,Big,5600.0,6000.0,5800.0,Rs./Quintal,FAQ
Kottakkal Market,8.0,Metric Tonnes,Other,5700.0,5900.0,5800.0,Rs./Quintal,Local
Kottarakkara Market,0.01,Metric Tonnes,Other,3000.0,3000.0,3000.0,Rs./Quintal,Local
Manjeri Market,8.0,Metric Tonnes,Other,5650.0,5750.0,5700.0,Rs./Quintal,Local
Mukkom Market,0.6,Metric Tonnes,Onion,5800.0,6000.0,5900.0,Rs./Quintal,FAQ
North Paravur Market,1.0,Metric Tonnes,1st Sort,8200.0,10000.0,8800.0,Rs./Quintal,Small
North Paravur Market,1.0,Metric Tonnes,1st Sort,5700.0,6600.0,6400.0,Rs./Quintal,Large
Pala Market,1.0,Metric Tonnes,Big,5000.0,5800.0,5400.0,Rs./Quintal,FAQ
Pala Market,2.0,Metric Tonnes,Onion,8400.0,9000.0,8600.0,Rs./Quintal,FAQ
Palakkad Market,10.0,Metric Tonnes,Big,5800.0,6500.0,6200.0,Rs./Quintal,FAQ
Palakkad Market,2.0,Metric Tonnes,Small,9000.0,10000.0,9600.0,Rs./Quintal,FAQ
Parappanangadi Market,10.2,Metric Tonnes,Other,5600.0,5800.0,5700.0,Rs./Quintal,FAQ
Parappanangadi Market,2.0,Metric Tonnes,Small,9000.0,9200.0,9100.0,Rs./Quintal,Grade A
Parassala Market,0.3,Metric Tonnes,Onion,5800.0,6200.0,6000.0,Rs./Quintal,Local
Pattambi Market,0.8,Metric Tonnes,Onion,8000.0,9000.0,8500.0,Rs./Quintal,FAQ
Pattambi Market,1.0,Metric Tonnes,Big,5700.0,6000.0,5800.0,Rs./Quintal,FAQ
Perambra Market,0.7,Metric Tonnes,Other,5200.0,5500.0,5400.0,Rs./Quintal,FAQ
Perinthalmanna Market,4.0,Metric Tonnes,Onion,4500.0,5500.0,4800.0,Rs./Quintal,Large
Perumbavoor Market,5.0,Metric Tonnes,Onion,3000.0,5000.0,4000.0,Rs./Quintal,Medium
Punalur Market,0.001,Metric Tonnes,Onion,4500.0,5000.0,4800.0,Rs./Quintal,Medium
Taliparamba Market,0.04,Metric Tonnes,Onion,5400.0,5600.0,5500.0,Rs./Quintal,FAQ
Thalasserry Market,0.3,Metric Tonnes,1st Sort,5800.0,6800.0,6200.0,Rs./Quintal,FAQ
Thalayolaparambu Market,0.5,Metric Tonnes,Big,5400.0,5700.0,5500.0,Rs./Quintal,FAQ
Thalayolaparambu Market,0.5,Metric Tonnes,Onion,7700.0,8000.0,7800.0,Rs./Quintal,FAQ
Thamarassery Market,0.3,Metric Tonnes,Other,6200.0,6300.0,6200.0,Rs./Quintal,FAQ
Thodupuzha Market,0.5,Metric Tonnes,Big,5100.0,5300.0,5300.0,Rs./Quintal,Large
Thodupuzha Market,0.5,Metric Tonnes,Small,7700.0,7900.0,7900.0,Rs./Quintal,Large
Thrippunithura Market,1.0,Metric Tonnes,Big,6200.0,6600.0,6200.0,Rs./Quintal,Medium
Thrissur Market,12.0,Metric Tonnes,Onion,4500.0,6000.0,5500.0,Rs./Quintal,FAQ
Vadakkenchery Market,0.22,Metric Tonnes,Big,6000.0,7000.0,7000.0,Rs./Quintal,FAQ
Vadakkenchery Market,0.18,Metric Tonnes,Small,9000.0,10500.0,10500.0,Rs./Quintal,FAQ
Vamanapuram Market,0.13,Metric Tonnes,Big,7500.0,8000.0,7500.0,Rs./Quintal,FAQ
Vandiperiyar Market,0.05,Metric Tonnes,Big,6200.0,6500.0,6500.0,Rs./Quintal,Grade Range-1
Vandiperiyar Market,0.05,Metric Tonnes,Small,8500.0,9000.0,9000.0,Rs./Quintal,Grade Range-1
vadakarapathy Market,0.5,Metric Tonnes,Big,5000.0,5200.0,5100.0,Rs./Quintal,FAQ
Total,332.81,Metric Tonnes,,,,6667.49,Rs./Quintal,
State/UT Name : Madhya Pradesh
A lot APMC,0.5780000000000001,Metric Tonnes,Onion,2300.0,3401.0,3401.0,Rs./Quintal,FAQ
Agar(F&V) APMC,3.5,Metric Tonnes,Bellary,6000.0,6000.0,6000.0,Rs./Quintal,Local
Akodiya APMC,577.7090000000001,Metric Tonnes,Big,334.0,4850.0,3500.0,Rs./Quintal,FAQ
Akodiya APMC,39.459,Metric Tonnes,Onion,800.0,4390.0,4125.0,Rs./Quintal,FAQ
Akodiya(F&V) APMC,1005.0,Metric Tonnes,Big,1000.0,4800.0,3000.0,Rs./Quintal,Grade B
Ashta (F&V) APMC,95.2,Metric Tonnes,1st Sort,500.0,4370.0,2500.0,Rs./Quintal,Local
Ashta APMC,34.626,Metric Tonnes,Onion,1000.0,4370.0,3900.0,Rs./Quintal,FAQ
Badnagar APMC,24.400000000000002,Metric Tonnes,Onion,600.0,1980.0,1980.0,Rs./Quintal,Non-FAQ
Badnagar APMC,175.50900000000001,Metric Tonnes,Onion,1351.0,4200.0,1551.0,Rs./Quintal,FAQ
Badnagar APMC,34.25,Metric Tonnes,Local,1800.0,3000.0,3000.0,Rs./Quintal,Non-FAQ
Badnagar APMC,35.0,Metric Tonnes,Medium,1600.0,4200.0,4200.0,Rs./Quintal,FAQ
Badnawar APMC,494.961,Metric Tonnes,Onion,505.0,4400.0,1200.0,Rs./Quintal,FAQ
Badnawar APMC,29.78,Metric Tonnes,Onion-Organic,1240.0,1800.0,1800.0,Rs./Quintal,FAQ
Badnawar APMC,430.225,Metric Tonnes,Onion,450.0,3500.0,800.0,Rs./Quintal,Non-FAQ
Badnawar(F&V) APMC,955.0,Metric Tonnes,Onion,1200.0,1200.0,1200.0,Rs./Quintal,Local
Badwaha (F&V) APMC,0.4,Metric Tonnes,1st Sort,1000.0,3400.0,2200.0,Rs./Quintal,Grade A
Badwani(F&V) APMC,0.315,Metric Tonnes,Onion,2800.0,2800.0,2800.0,Rs./Quintal,Local
Betul(F&V) APMC,20.0,Metric Tonnes,Onion,2500.0,3800.0,2800.0,Rs./Quintal,FAQ
Bhopal APMC,0.123,Metric Tonnes,Local,3630.0,3630.0,3630.0,Rs./Quintal,FAQ
Bhopal APMC,221.74200000000002,Metric Tonnes,Onion,500.0,4250.0,3500.0,Rs./Quintal,FAQ
Bhopal(F&V) APMC,223.95000000000002,Metric Tonnes,Other,500.0,4250.0,3050.0,Rs./Quintal,Local
Burhanpur(F&V) APMC,2.8000000000000003,Metric Tonnes,Local,1500.0,3600.0,3200.0,Rs./Quintal,Local
Chhindwara(F&V) APMC,6.1000000000000005,Metric Tonnes,Red,3500.0,4000.0,3900.0,Rs./Quintal,Local
Dewas(F&V) APMC,2.2,Metric Tonnes,Other,900.0,3800.0,1700.0,Rs./Quintal,FAQ
Dhamnod(F&V) APMC,1.3,Metric Tonnes,Onion,1500.0,3500.0,2800.0,Rs./Quintal,Local
Gautampura APMC,36.0,Metric Tonnes,Onion,500.0,1000.0,1000.0,Rs./Quintal,Non-FAQ
Gautampura(F&V) APMC,217.8,Metric Tonnes,Onion,1100.0,4200.0,2100.0,Rs./Quintal,FAQ
Harda(F&V) APMC,1.2000000000000002,Metric Tonnes,Medium,2500.0,3500.0,3000.0,Rs./Quintal,Medium
Indore APMC,1458.3310000000001,Metric Tonnes,Onion,1066.0,4330.0,3857.0,Rs./Quintal,FAQ
Indore APMC,1118.1000000000001,Metric Tonnes,Other,1235.0,4276.0,3600.0,Rs./Quintal,FAQ
Indore APMC,2013.617,Metric Tonnes,Onion,402.0,4158.0,3880.0,Rs./Quintal,Non-FAQ
Indore APMC,32.37200000000001,Metric Tonnes,Other,1823.0,3847.0,3847.0,Rs./Quintal,Non-FAQ
Indore(F&V) APMC,4751.2,Metric Tonnes,Onion,402.0,4330.0,3473.0,Rs./Quintal,Local
Itarsi(F&V) APMC,1.2,Metric Tonnes,Onion,2800.0,3500.0,3000.0,Rs./Quintal,FAQ
Jabalpur(F&V) APMC,50.9,Metric Tonnes,Onion,1000.0,1800.0,1200.0,Rs./Quintal,Medium
Jaora APMC,62.265,Metric Tonnes,Onion,1025.0,4500.0,3600.0,Rs./Quintal,FAQ
Kailaras APMC,0.05,Metric Tonnes,Other,4000.0,4000.0,4000.0,Rs./Quintal,FAQ
Kalapipal APMC,129.698,Metric Tonnes,Onion,100.0,4280.0,3850.0,Rs./Quintal,FAQ
Kalapipal(F&V) APMC,129.7,Metric Tonnes,Onion,400.0,4280.0,3850.0,Rs./Quintal,FAQ
Karera(F&V) APMC,0.15,Metric Tonnes,Onion,2000.0,3000.0,2600.0,Rs./Quintal,Local
Katni(F&V) APMC,2.5,Metric Tonnes,Other,2000.0,2000.0,2000.0,Rs./Quintal,Grade C
Khandwa APMC,57.800000000000004,Metric Tonnes,Local,1600.0,4550.0,3800.0,Rs./Quintal,FAQ
Kukshi(F&V) APMC,0.7000000000000001,Metric Tonnes,Onion,1300.0,2400.0,1800.0,Rs./Quintal,Grade A
Lashkar(F&V) APMC,32.5,Metric Tonnes,Local,2500.0,3100.0,2800.0,Rs./Quintal,Grade B
Manawar(F&V) APMC,0.9,Metric Tonnes,Onion,3000.0,3500.0,3222.0,Rs./Quintal,Grade B
Mandsaur APMC,48.068000000000005,Metric Tonnes,Onion,500.0,4280.0,3000.0,Rs./Quintal,FAQ
Mandsaur APMC,175.083,Metric Tonnes,Onion,100.0,4300.0,3881.0,Rs./Quintal,Non-FAQ
Mhow (Ambedkar Nagar) (F&V) APMC,0.8,Metric Tonnes,Onion,1200.0,3400.0,2000.0,Rs./Quintal,Grade B
Morena APMC,3.5,Metric Tonnes,Onion,3800.0,3800.0,3800.0,Rs./Quintal,Non-FAQ
Narmadapuram (F&V) APMC,3.6,Metric Tonnes,Onion,1990.0,3860.0,2250.0,Rs./Quintal,FAQ
Narsinghgarh APMC,222.093,Metric Tonnes,Onion,200.0,4450.0,3500.0,Rs./Quintal,FAQ
Neemuch APMC,0.9800000000000001,Metric Tonnes,Onion,1801.0,3410.0,3410.0,Rs./Quintal,FAQ
Neemuch APMC,46.984,Metric Tonnes,Red,400.0,4571.0,4500.0,Rs./Quintal,FAQ
Neemuch(F&V) APMC,23.8,Metric Tonnes,Onion,400.0,4571.0,3500.0,Rs./Quintal,Grade B
Petlawad APMC,0.10500000000000001,Metric Tonnes,Red,3800.0,3800.0,3800.0,Rs./Quintal,FAQ
Petlawad(F&V) APMC,0.105,Metric Tonnes,Other,3800.0,3800.0,3800.0,Rs./Quintal,Grade A
Pipariya(F&V) APMC,1.5,Metric Tonnes,Onion,2400.0,5000.0,4000.0,Rs./Quintal,Local
Porsa APMC,2.5,Metric Tonnes,Onion,1500.0,1500.0,1500.0,Rs./Quintal,Non-FAQ
Rehli(F&V) APMC,0.30000000000000004,Metric Tonnes,Onion,2500.0,2700.0,2600.0,Rs./Quintal,Grade C
Sagar(F&V) APMC,21.400000000000002,Metric Tonnes,Onion,1500.0,2000.0,1800.0,Rs./Quintal,Local
Sailana(F&V) APMC,61.5,Metric Tonnes,Local,800.0,8960.0,5000.0,Rs./Quintal,Local
Sanawad(F&V) APMC,0.2,Metric Tonnes,Onion,4500.0,5000.0,4800.0,Rs./Quintal,Medium
Sanwer(F&V) APMC,0.1,Metric Tonnes,Onion,3000.0,4500.0,4000.0,Rs./Quintal,FAQ
Sehore APMC,14.521,Metric Tonnes,Onion,660.0,3954.0,3954.0,Rs./Quintal,Non-FAQ
Sehore APMC,158.28900000000002,Metric Tonnes,Onion,501.0,4550.0,3700.0,Rs./Quintal,FAQ
Sendhwa(F&V) APMC,0.4,Metric Tonnes,Red,1100.0,1500.0,1300.0,Rs./Quintal,Medium
Seoni(F&V) APMC,3.2,Metric Tonnes,Medium,1800.0,1800.0,1800.0,Rs./Quintal,Grade C
Shajapur APMC,107.35300000000001,Metric Tonnes,Onion,2400.0,4292.02,4037.22,Rs./Quintal,FAQ
Shajapur APMC,1327.222,Metric Tonnes,Medium,372.0,4471.0,3853.0,Rs./Quintal,FAQ
Shajapur APMC,210.854,Metric Tonnes,Medium,800.0,4352.0,1755.05,Rs./Quintal,Non-FAQ
Shajapur(F&V) APMC,1841.7,Metric Tonnes,Onion,200.0,4100.0,2500.0,Rs./Quintal,Local
Shamgarh APMC,13.26,Metric Tonnes,Onion,1112.0,4101.0,2600.0,Rs./Quintal,FAQ
Shamgarh APMC,9.063,Metric Tonnes,Onion,1800.0,3900.0,3900.0,Rs./Quintal,Non-FAQ
Shamgarh(F&V) APMC,4.2,Metric Tonnes,Other,2200.0,2200.0,2200.0,Rs./Quintal,Non-FAQ
Shujalpur APMC,2.438,Metric Tonnes,Onion,3498.0,3600.0,3600.0,Rs./Quintal,FAQ
Shujalpur APMC,588.543,Metric Tonnes,Red,100.0,4802.0,3800.0,Rs./Quintal,FAQ
Shujalpur(F&V) APMC,589.525,Metric Tonnes,Onion,1000.0,4802.0,3850.0,Rs./Quintal,FAQ
Soyatkalan APMC,76.82900000000001,Metric Tonnes,Onion,800.0,4320.0,4155.0,Rs./Quintal,FAQ
Soyatkalan APMC,4.565,Metric Tonnes,Onion,220.0,2705.0,2705.0,Rs./Quintal,Non-FAQ
Thandla APMC,0.95,Metric Tonnes,Onion,920.0,1380.0,1150.0,Rs./Quintal,FAQ
Ujjain APMC,461.28000000000003,Metric Tonnes,Onion,500.0,4381.0,3000.0,Rs./Quintal,Non-FAQ
Ujjain APMC,0.6030000000000001,Metric Tonnes,White,3850.0,3850.0,3850.0,Rs./Quintal,FAQ
Ujjain APMC,507.737,Metric Tonnes,Onion,300.0,4366.25,3500.0,Rs./Quintal,FAQ
Total,21046.26,Metric Tonnes,,,,3211.78,Rs./Quintal,
State/UT Name : Maharashtra
APMC Akola ,53.5,Metric Tonnes,Other,2000.0,5200.0,3500.0,Rs./Quintal,Local
APMC Akole ,113.0,Metric Tonnes,Unhali,851.0,5101.0,4011.0,Rs./Quintal,Local
APMC Bhusaval ,0.3,Metric Tonnes,Unhali,3500.0,4000.0,4000.0,Rs./Quintal,Local
APMC Chandwad ,426.9,Metric Tonnes,Unhali,1500.0,5295.0,4450.0,Rs./Quintal,Local
APMC Chattrapati Sambhajinagar ,179.1,Metric Tonnes,Other,2300.0,5000.0,3650.0,Rs./Quintal,Local
APMC Dharashiv ,5.2,Metric Tonnes,Red,1600.0,5000.0,3300.0,Rs./Quintal,Local
APMC Dindori ,13.9,Metric Tonnes,Unhali,4000.0,5422.0,4400.0,Rs./Quintal,Local
APMC Gangapur ,322.9,Metric Tonnes,Unhali,1950.0,5500.0,3980.0,Rs./Quintal,Local
APMC Hingna,0.1,Metric Tonnes,Red,5000.0,5000.0,5000.0,Rs./Quintal,Local
APMC Indapur ,12.9,Metric Tonnes,Red,1500.0,5500.0,2200.0,Rs./Quintal,Local
APMC Jalgaon ,40.6,Metric Tonnes,Red,1650.0,4500.0,3075.0,Rs./Quintal,Local
APMC Jamkhed ,6.8,Metric Tonnes,Local,1000.0,3500.0,2250.0,Rs./Quintal,Local
APMC Kalvan ,1230.0,Metric Tonnes,Unhali,2200.0,5475.0,4601.0,Rs./Quintal,Local
APMC Kalyan ,0.3,Metric Tonnes,1st Sort,3700.0,5000.0,4350.0,Rs./Quintal,Local
APMC Karad ,15.0,Metric Tonnes,Halva,1500.0,5000.0,5000.0,Rs./Quintal,Local
APMC Karjat ,3.1,Metric Tonnes,Local,1000.0,4300.0,3000.0,Rs./Quintal,Local
APMC Khed ,1.5,Metric Tonnes,Fursungi,2000.0,4500.0,3500.0,Rs./Quintal,Local
APMC Kolhapur ,334.9,Metric Tonnes,Other,1200.0,5000.0,3000.0,Rs./Quintal,Local
APMC Kopargaon ,676.0,Metric Tonnes,Unhali,1000.0,4774.0,4200.0,Rs./Quintal,Local
APMC Lasur Station ,750.0,Metric Tonnes,Other,1015.0,5050.0,3200.0,Rs./Quintal,Local
APMC Malkapur ,10.5,Metric Tonnes,Local,1300.0,4725.0,3600.0,Rs./Quintal,Local
APMC Manchar ,1352.0,Metric Tonnes,Other,3500.0,6110.0,4835.0,Rs./Quintal,Local
APMC Nagpur ,112.0,Metric Tonnes,Red,4000.0,5000.0,4750.0,Rs./Quintal,Local
APMC Nagpur ,112.0,Metric Tonnes,White,4500.0,5500.0,5250.0,Rs./Quintal,Local
APMC Nampur,789.0,Metric Tonnes,Unhali,500.0,5200.0,4400.0,Rs./Quintal,Local
APMC Nandgaon ,621.8,Metric Tonnes,Unhali,500.0,5201.0,4150.0,Rs./Quintal,Local
APMC Nasik ,233.8,Metric Tonnes,Unhali,2200.0,4851.0,4200.0,Rs./Quintal,Local
APMC Newasa ,118.0,Metric Tonnes,Unhali,1000.0,4700.0,4200.0,Rs./Quintal,Local
APMC Phaltan ,120.3,Metric Tonnes,Hybrid,1500.0,4901.0,3000.0,Rs./Quintal,Local
APMC Pimpalgaon Baswant ,1459.9,Metric Tonnes,Unhali,1700.0,6470.0,4725.0,Rs./Quintal,Local
APMC Pune ,911.4,Metric Tonnes,Local,1000.0,5000.0,3000.0,Rs./Quintal,Local
APMC Rahata ,276.9,Metric Tonnes,Other,700.0,6000.0,3800.0,Rs./Quintal,Local
APMC Rahuri ,1913.7,Metric Tonnes,Other,1000.0,6100.0,3100.0,Rs./Quintal,Local
APMC Ramtek ,0.7,Metric Tonnes,Unhali,3000.0,5000.0,4000.0,Rs./Quintal,Local
APMC Sakri ,483.0,Metric Tonnes,Unhali,3800.0,5000.0,4400.0,Rs./Quintal,Local
APMC Sangamner ,290.2,Metric Tonnes,Unhali,1500.0,4951.0,3325.0,Rs./Quintal,Local
APMC Satana ,895.0,Metric Tonnes,Unhali,905.0,5435.0,4470.0,Rs./Quintal,Local
APMC Satara ,14.0,Metric Tonnes,Other,1500.0,4500.0,3000.0,Rs./Quintal,Local
APMC Sinner ,60.0,Metric Tonnes,Unhali,1300.0,4721.0,4450.0,Rs./Quintal,Local
APMC Solapur ,1388.6,Metric Tonnes,Red,500.0,6000.0,3300.0,Rs./Quintal,Local
APMC Umrane,1250.0,Metric Tonnes,Unhali,1500.0,5253.0,4500.0,Rs./Quintal,Local
APMC Vaduj ,11.0,Metric Tonnes,Local,4000.0,4700.0,4500.0,Rs./Quintal,Local
APMC Vai ,1.5,Metric Tonnes,Local,2000.0,4000.0,3000.0,Rs./Quintal,Local
APMC Vaijpur ,362.6,Metric Tonnes,Unhali,1500.0,4900.0,4000.0,Rs./Quintal,Local
Amrawati(Frui & Veg. Market) ,16.8,Metric Tonnes,Local,2600.0,5200.0,3900.0,Rs./Quintal,Local
Chandrapur(Ganjwad) ,58.0,Metric Tonnes,Other,4500.0,5700.0,5200.0,Rs./Quintal,Local
Lasalgaon(Niphad) ,376.5,Metric Tonnes,Unhali,1200.0,4810.0,4600.0,Rs./Quintal,Local
Lasalgaon(Vinchur) ,480.0,Metric Tonnes,Unhali,1200.0,5000.0,4500.0,Rs./Quintal,Local
"Laxmi-Sopan Agriculture Produce Marketing Co Ltd, Barshi, Dist Solapur",1.9,Metric Tonnes,Other,800.0,5000.0,4200.0,Rs./Quintal,Local
"Malharshree Khajgi Krushi Utpann Bajar, Chandanpuri Tal Malegaon, Nashik",25.1,Metric Tonnes,Other,2011.0,4821.0,3812.0,Rs./Quintal,Local
Mumbai-Onion & Potato Market ,901.8,Metric Tonnes,Other,3600.0,4800.0,4200.0,Rs./Quintal,Local
"Omchatinya Multi State Agro Purpose Co-Op Society, Dist Ahilyanagar",281.11,Metric Tonnes,Other,1000.0,5500.0,4200.0,Rs./Quintal,Local
Pimpalgaon Baswant(Saykheda) ,197.4,Metric Tonnes,Unhali,2225.0,4700.0,4000.0,Rs./Quintal,Local
"Pratap Nana Mahale Khajgi Krushi Uttpana Bazar, Samati-Dhule",4.36,Metric Tonnes,Red,1100.0,4100.0,3732.06,Rs./Quintal,Local
"Pratap Nana Mahale Khajgi Krushi Uttpana Bazar, Samati-Dhule",84.4,Metric Tonnes,Other,1250.0,4650.0,3902.05,Rs./Quintal,Local
Pune(Khadiki) ,1.2,Metric Tonnes,Local,1000.0,1700.0,1350.0,Rs./Quintal,Local
Pune(Manjri) ,9.8,Metric Tonnes,Local,3000.0,5000.0,4000.0,Rs./Quintal,Local
Pune(Moshi) ,37.5,Metric Tonnes,Local,2500.0,4000.0,3250.0,Rs./Quintal,Local
Pune(Pimpri) ,0.2,Metric Tonnes,Local,2500.0,3500.0,3000.0,Rs./Quintal,Local
"Sangli(Phale, Bhajipala Market) ",79.6,Metric Tonnes,Local,1800.0,4800.0,3300.0,Rs./Quintal,Local
Shivsiddha Govind Producer Company Ltd Sanchalit Khajgi Krushi Utpann Bajar Samati-Abhona-Kalwan,999.29,Metric Tonnes,Other,1200.0,6051.0,4650.0,Rs./Quintal,Local
"Shri Rameshwar Krushi Market, M.Nagar, Tal Deola, Dist Nashik",658.43,Metric Tonnes,Other,600.0,5800.0,4101.34,Rs./Quintal,Local
Total,21187.29,Metric Tonnes,,,,4072.13,Rs./Quintal,
State/UT Name : Manipur
Bishenpur APMC,1.6,Metric Tonnes,Onion,6500.0,7000.0,6750.0,Rs./Quintal,FAQ
Imphal APMC,4.5,Metric Tonnes,Other,5300.0,6000.0,5700.0,Rs./Quintal,FAQ
Kakching Market APMC,0.8,Metric Tonnes,Red,6000.0,6500.0,6250.0,Rs./Quintal,FAQ
Lamlong Bazaar APMC,1.7,Metric Tonnes,Onion,5500.0,6000.0,5750.0,Rs./Quintal,FAQ
Thoubal APMC,1.6,Metric Tonnes,Other,6500.0,7000.0,6750.0,Rs./Quintal,FAQ
Total,10.2,Metric Tonnes,,,,6080.88,Rs./Quintal,
State/UT Name : Meghalaya
Jowai APMC,1.2,Metric Tonnes,Local,6000.0,7000.0,6500.0,Rs./Quintal,Local
Total,1.2,Metric Tonnes,,,,6500.0,Rs./Quintal,
State/UT Name : NCT of Delhi
APMC Azadpur,1410.9,Metric Tonnes,Onion,2000.0,4500.0,3297.0,Rs./Quintal,FAQ
APMC Keshopur,120.397,Metric Tonnes,Onion,2700.0,4700.0,4300.0,Rs./Quintal,FAQ
"Fruit&Vegetable Market,Gazipur APMC",362.45,Metric Tonnes,Onion,4200.0,4600.0,4400.0,Rs./Quintal,FAQ
Total,1893.75,Metric Tonnes,,,,3571.87,Rs./Quintal,
State/UT Name : Odisha
Angul APMC,5.4,Metric Tonnes,Other,3500.0,3500.0,3500.0,Rs./Quintal,Grade B
Balugaon APMC,2.0,Metric Tonnes,Other,2400.0,2400.0,2400.0,Rs./Quintal,Grade A
Bargarh APMC,231.0,Metric Tonnes,Onion,2500.0,3500.0,3000.0,Rs./Quintal,Medium
Bargarh(Barapalli) APMC,122.0,Metric Tonnes,Onion,2000.0,3000.0,2500.0,Rs./Quintal,Local
Birmaharajpur APMC,1.2000000000000002,Metric Tonnes,Onion,5200.0,5600.0,5400.0,Rs./Quintal,Local
Bolangir APMC,4.0,Metric Tonnes,Other,4600.0,5500.0,5000.0,Rs./Quintal,Medium
Boudh APMC,2.0,Metric Tonnes,Other,5500.0,6500.0,6000.0,Rs./Quintal,Local
Dungurapalli APMC,0.25,Metric Tonnes,Other,5000.0,5000.0,5000.0,Rs./Quintal,Local
Hindol APMC,1.1,Metric Tonnes,Other,4500.0,5000.0,4800.0,Rs./Quintal,Grade B
Jharsuguda APMC,1.3,Metric Tonnes,Other,4000.0,5000.0,4000.0,Rs./Quintal,Grade A
Kamakhyanagar APMC,0.1,Metric Tonnes,Onion,11000.0,11000.0,11000.0,Rs./Quintal,Grade A
Kesinga APMC,0.5,Metric Tonnes,Onion,3800.0,4200.0,4000.0,Rs./Quintal,Grade B
Khariar APMC,0.3,Metric Tonnes,Dry F.A.Q.,5000.0,5000.0,5000.0,Rs./Quintal,Grade A
Khariar Road APMC,0.5,Metric Tonnes,Onion,6000.0,6000.0,6000.0,Rs./Quintal,Grade A
Pandkital APMC,0.25,Metric Tonnes,Other,5000.0,5400.0,5200.0,Rs./Quintal,Local
Rairakhol APMC,0.6000000000000001,Metric Tonnes,Onion,5000.0,5500.0,5200.0,Rs./Quintal,Grade B
Sargipali APMC,2.0,Metric Tonnes,Other,4500.0,5000.0,4800.0,Rs./Quintal,FAQ
Talcher APMC,4.4,Metric Tonnes,Other,3850.0,4500.0,4100.0,Rs./Quintal,Large
Tusura APMC,3.0,Metric Tonnes,Other,4600.0,5500.0,5000.0,Rs./Quintal,Medium
Udala APMC,3.0,Metric Tonnes,Onion,4500.0,5500.0,5000.0,Rs./Quintal,FAQ
Total,384.9,Metric Tonnes,,,,2965.89,Rs./Quintal,
State/UT Name : Punjab
Abohar APMC,7.0,Metric Tonnes,Onion,3200.0,4800.0,4000.0,Rs./Quintal,Medium
Adampur APMC,2.0,Metric Tonnes,Onion,4000.0,4500.0,4500.0,Rs./Quintal,FAQ
Ahmedgarh APMC,0.1,Metric Tonnes,Other,5000.0,5500.0,5500.0,Rs./Quintal,Medium
Ajnala APMC,1.0,Metric Tonnes,Local,3200.0,3200.0,3200.0,Rs./Quintal,Local
Baghapurana APMC,0.5,Metric Tonnes,Onion,4000.0,5000.0,4500.0,Rs./Quintal,Grade B
Balachaur APMC,4.346,Metric Tonnes,Other,3500.0,4500.0,4000.0,Rs./Quintal,Medium
Banur APMC,0.2,Metric Tonnes,Other,2900.0,2900.0,2900.0,Rs./Quintal,Grade A
Bassi Pathana APMC,1.0,Metric Tonnes,Medium,5300.0,5600.0,5500.0,Rs./Quintal,Medium
Bathinda APMC,280.0,Metric Tonnes,Other,3000.0,3600.0,3200.0,Rs./Quintal,Grade B
Bhagta Bhai Ka APMC,0.4,Metric Tonnes,Other,4800.0,4800.0,4800.0,Rs./Quintal,Medium
Bhucho APMC,0.4,Metric Tonnes,Local,2500.0,2500.0,2500.0,Rs./Quintal,Local
Dasuya APMC,1.5,Metric Tonnes,Onion,5000.0,5000.0,5000.0,Rs./Quintal,FAQ
Dera Bassi APMC,1.2,Metric Tonnes,Onion,2900.0,2900.0,2900.0,Rs./Quintal,Local
Dharamkot APMC,0.338,Metric Tonnes,Other,5000.0,5000.0,5000.0,Rs./Quintal,FAQ
Dhuri APMC,0.9,Metric Tonnes,Other,4300.0,4600.0,4500.0,Rs./Quintal,Medium
Dinanagar APMC,2.85,Metric Tonnes,Other,4600.0,4800.0,4700.0,Rs./Quintal,Medium
Doraha APMC,1.6420000000000003,Metric Tonnes,Medium,3600.0,4200.0,3900.0,Rs./Quintal,Local
Dudhansadhan APMC,0.3,Metric Tonnes,Other,5000.0,5000.0,5000.0,Rs./Quintal,Grade B
F.G.Churian APMC,0.35,Metric Tonnes,Onion,5000.0,5000.0,5000.0,Rs./Quintal,Grade A
Fazilka APMC,6.663,Metric Tonnes,Onion,4800.0,4800.0,4800.0,Rs./Quintal,FAQ
Ferozepur Cantt. APMC,0.24,Metric Tonnes,Onion,2800.0,3000.0,2900.0,Rs./Quintal,Grade A
Garh Shankar APMC,6.1,Metric Tonnes,Onion,4000.0,4000.0,4000.0,Rs./Quintal,FAQ
Garh Shankar(Mahalpur) APMC,7.2,Metric Tonnes,Onion,3700.0,3700.0,3700.0,Rs./Quintal,FAQ
GarhShankar (Kotfatuhi) APMC,0.6,Metric Tonnes,Other,4000.0,4000.0,4000.0,Rs./Quintal,FAQ
Ghanaur APMC,0.2,Metric Tonnes,Other,3000.0,3500.0,3250.0,Rs./Quintal,FAQ
Giddarbaha APMC,1.6,Metric Tonnes,Onion,4600.0,4600.0,4600.0,Rs./Quintal,FAQ
Goraya APMC,0.1,Metric Tonnes,Other,5000.0,5000.0,5000.0,Rs./Quintal,Local
Jagraon APMC,4.0,Metric Tonnes,Other,2200.0,2200.0,2200.0,Rs./Quintal,FAQ
Jalalabad APMC,3.35,Metric Tonnes,Other,4400.0,4700.0,4500.0,Rs./Quintal,Medium
Jalandhar City(Jalandhar) APMC,100.4,Metric Tonnes,Other,3200.0,5200.0,4200.0,Rs./Quintal,FAQ
Khanna APMC,54.7,Metric Tonnes,Onion,3000.0,3000.0,3000.0,Rs./Quintal,Grade A
Kharar APMC,9.8,Metric Tonnes,Other,4500.0,6000.0,5000.0,Rs./Quintal,Non-FAQ
Kurali APMC,2.8000000000000003,Metric Tonnes,Other,3600.0,3800.0,3700.0,Rs./Quintal,Medium
Lalru APMC,3.5,Metric Tonnes,Other,4500.0,4500.0,4500.0,Rs./Quintal,Local
Machhiwara APMC,0.8570000000000001,Metric Tonnes,Other,4000.0,4500.0,4300.0,Rs./Quintal,FAQ
Malerkotla APMC,15.0,Metric Tonnes,Other,2800.0,3800.0,3500.0,Rs./Quintal,Local
Malout APMC,4.398,Metric Tonnes,Onion,4500.0,4500.0,4500.0,Rs./Quintal,Grade A
Mamdot APMC,1.4,Metric Tonnes,Other,2500.0,2500.0,2500.0,Rs./Quintal,Local
Mansa APMC,11.0,Metric Tonnes,Nasik,5030.0,5030.0,5030.0,Rs./Quintal,FAQ
Maur APMC,0.8,Metric Tonnes,Other,3800.0,4200.0,4000.0,Rs./Quintal,Grade B
Mukerian APMC,2.9800000000000004,Metric Tonnes,Onion,4000.0,5000.0,4500.0,Rs./Quintal,Grade B
Mukerian(Talwara) APMC,0.45,Metric Tonnes,Onion,4000.0,4800.0,4400.0,Rs./Quintal,FAQ
Muktsar APMC,15.0,Metric Tonnes,Onion,3000.0,5000.0,4000.0,Rs./Quintal,Medium
Nabha APMC,18.7,Metric Tonnes,Other,3400.0,4600.0,4000.0,Rs./Quintal,Grade C
Nawan Shahar(Subzi Mandi) APMC,4.0,Metric Tonnes,Onion,3800.0,4000.0,3900.0,Rs./Quintal,FAQ
Nihal Singh Wala APMC,0.9,Metric Tonnes,Onion,3800.0,4300.0,4050.0,Rs./Quintal,FAQ
Pathankot APMC,32.0,Metric Tonnes,Onion,4600.0,4600.0,4600.0,Rs./Quintal,Medium
Patiala APMC,48.800000000000004,Metric Tonnes,Onion,2700.0,3500.0,3100.0,Rs./Quintal,Grade B
Patran APMC,38.0,Metric Tonnes,Other,3430.0,3430.0,3430.0,Rs./Quintal,Grade A
Phagwara APMC,27.8,Metric Tonnes,Other,3700.0,5040.0,4053.0,Rs./Quintal,FAQ
Phillaur APMC,0.30000000000000004,Metric Tonnes,Other,4800.0,4800.0,4800.0,Rs./Quintal,FAQ
Phillaur(Apra Mandi) APMC,0.2,Metric Tonnes,Other,5000.0,5000.0,5000.0,Rs./Quintal,FAQ
Quadian APMC,2.0,Metric Tonnes,Other,3300.0,3500.0,3400.0,Rs./Quintal,Grade A
Raikot APMC,5.0,Metric Tonnes,Nasik,3755.0,3755.0,3755.0,Rs./Quintal,Grade A
Rajpura APMC,5.5,Metric Tonnes,Local,3800.0,4200.0,4000.0,Rs./Quintal,Grade A
Rajpura APMC,6.6000000000000005,Metric Tonnes,Local,3200.0,3550.0,3400.0,Rs./Quintal,Grade B
Raman APMC,0.4,Metric Tonnes,Other,4210.0,4505.0,4365.0,Rs./Quintal,Medium
Rampuraphul(Nabha Mandi) APMC,3.5,Metric Tonnes,Other,3500.0,4200.0,4000.0,Rs./Quintal,Grade A
Rayya APMC,0.05,Metric Tonnes,Other,1412.0,1412.0,1412.0,Rs./Quintal,FAQ
Ropar APMC,100.0,Metric Tonnes,Other,4000.0,4400.0,4200.0,Rs./Quintal,Non-FAQ
Sahnewal APMC,0.1,Metric Tonnes,Onion,4200.0,4200.0,4200.0,Rs./Quintal,FAQ
Samana APMC,50.0,Metric Tonnes,Other,3000.0,5700.0,3500.0,Rs./Quintal,Grade Range-2
Samrala APMC,1.8,Metric Tonnes,Other,4500.0,5500.0,5000.0,Rs./Quintal,Local
Sangrur APMC,10.0,Metric Tonnes,Nasik,2000.0,3000.0,2500.0,Rs./Quintal,Grade B
Sirhind APMC,6.4,Metric Tonnes,Other,3500.0,5000.0,4000.0,Rs./Quintal,FAQ
Sunam APMC,1.0,Metric Tonnes,Onion,4000.0,4000.0,4000.0,Rs./Quintal,Grade A
Tanda Urmur APMC,2.6,Metric Tonnes,Nasik,4800.0,5200.0,5000.0,Rs./Quintal,Grade A
Tarantaran APMC,0.5,Metric Tonnes,Other,2600.0,2600.0,2600.0,Rs./Quintal,Local
Zira APMC,0.478,Metric Tonnes,Other,4800.0,4800.0,4800.0,Rs./Quintal,Local
Total,925.79,Metric Tonnes,,,,3669.69,Rs./Quintal,
State/UT Name : Rajasthan
Ajmer(F&V) APMC,51.0,Metric Tonnes,Other,2500.0,5000.0,4200.0,Rs./Quintal,Medium
Baran APMC,1.0,Metric Tonnes,Other,1000.0,1800.0,1300.0,Rs./Quintal,Local
Bassi APMC,0.2,Metric Tonnes,Other,5000.0,5400.0,5200.0,Rs./Quintal,Local
Bayana APMC,2.5,Metric Tonnes,Onion,2000.0,2000.0,2000.0,Rs./Quintal,Local
Bhadara APMC,0.8,Metric Tonnes,1st Sort,4200.0,4500.0,4425.0,Rs./Quintal,FAQ
Bhilwara APMC,5.6000000000000005,Metric Tonnes,Other,2500.0,4500.0,3500.0,Rs./Quintal,FAQ
Churu APMC,1.5,Metric Tonnes,1st Sort,2800.0,3000.0,2900.0,Rs./Quintal,FAQ
Goluwala APMC,0.10500000000000001,Metric Tonnes,1st Sort,4000.0,4000.0,4000.0,Rs./Quintal,Non-FAQ
HanumangarhTown APMC,108.5,Metric Tonnes,1st Sort,2600.0,2600.0,2600.0,Rs./Quintal,Non-FAQ
Jaipur (F&V) APMC,847.9000000000001,Metric Tonnes,Other,2100.0,5000.0,3550.0,Rs./Quintal,FAQ
Jodhpur (F&V) APMC,114.0,Metric Tonnes,Medium,1000.0,3600.0,2300.0,Rs./Quintal,Medium
Kota (F&V) APMC,105.9,Metric Tonnes,Other,4500.0,4500.0,4500.0,Rs./Quintal,Medium
Nawalgarh APMC,0.4,Metric Tonnes,Red,2270.0,2270.0,2270.0,Rs./Quintal,Local
Rajsamand APMC,6.5,Metric Tonnes,Onion,2500.0,3000.0,2750.0,Rs./Quintal,FAQ
Rawatsar APMC,0.8,Metric Tonnes,1st Sort,900.0,2000.0,1800.0,Rs./Quintal,FAQ
Sangriya APMC,0.6000000000000001,Metric Tonnes,Onion,2400.0,4000.0,3100.0,Rs./Quintal,Local
Sikar APMC,125.7,Metric Tonnes,Onion,2200.0,3600.0,2900.0,Rs./Quintal,FAQ
Sriganganagar (F&V) APMC,39.0,Metric Tonnes,Onion,4300.0,4700.0,4500.0,Rs./Quintal,Grade A
Sujangarh APMC,0.9,Metric Tonnes,Other,900.0,1100.0,1000.0,Rs./Quintal,Local
Udaipur (F&V) APMC,30.8,Metric Tonnes,Other,1500.0,4500.0,3000.0,Rs./Quintal,Medium
Total,1443.71,Metric Tonnes,,,,3418.81,Rs./Quintal,
State/UT Name : Tamil Nadu
AJattihalli(Uzhavar Sandhai ),0.53,Metric Tonnes,Bellary,5500.0,6400.0,5950.0,Rs./Quintal,Local
Alangudi(Uzhavar Sandhai ),0.13,Metric Tonnes,Bellary,6500.0,7000.0,6750.0,Rs./Quintal,Local
Ambattur(Uzhavar Sandhai ),0.05,Metric Tonnes,Bellary,5000.0,5000.0,5000.0,Rs./Quintal,Local
Ammapet(Uzhavar Sandhai ),0.27,Metric Tonnes,Bellary,5500.0,6200.0,5850.0,Rs./Quintal,Local
Anaiyur(Uzhavar Sandhai ),0.56,Metric Tonnes,Bellary,4000.0,6500.0,5250.0,Rs./Quintal,Local
Andipatti(Uzhavar Sandhai ),0.78,Metric Tonnes,Bellary,6000.0,6400.0,6200.0,Rs./Quintal,Local
Anna nagar(Uzhavar Sandhai ),1.68,Metric Tonnes,Bellary,6000.0,6800.0,6400.0,Rs./Quintal,Local
Arani(Uzhavar Sandhai ),1.05,Metric Tonnes,Bellary,5000.0,6000.0,5500.0,Rs./Quintal,Local
Aranthangi(Uzhavar Sandhai ),0.2,Metric Tonnes,Bellary,6500.0,7000.0,6750.0,Rs./Quintal,Local
Arcot(Uzhavar Sandhai ),0.77,Metric Tonnes,Bellary,5000.0,5600.0,5300.0,Rs./Quintal,Local
Ariyalur(Uzhavar Sandhai),0.16,Metric Tonnes,Bellary,5000.0,5500.0,5250.0,Rs./Quintal,Local
Aruppukottai(Uzhavar Sandhai ),0.64,Metric Tonnes,Bellary,5000.0,6000.0,5500.0,Rs./Quintal,Local
Athur(Uzhavar Sandhai ),0.7,Metric Tonnes,Bellary,5500.0,6500.0,6000.0,Rs./Quintal,Local
Avallapalli(Uzhavar Sandhai ),0.26,Metric Tonnes,Bellary,5500.0,6000.0,5750.0,Rs./Quintal,Local
Bodinayakanur(Uzhavar Sandhai ),0.27,Metric Tonnes,Bellary,6200.0,6200.0,6200.0,Rs./Quintal,Local
Chengalpet(Uzhavar Sandhai ),0.52,Metric Tonnes,Bellary,5000.0,6000.0,5500.0,Rs./Quintal,Local
Chengam(Uzhavar Sandhai ),0.25,Metric Tonnes,Bellary,5000.0,6000.0,5500.0,Rs./Quintal,Local
Cheyyar(Uzhavar Sandhai ),0.2,Metric Tonnes,Bellary,5000.0,6000.0,5500.0,Rs./Quintal,Local
Chidambaram(Uzhavar Sandhai ),0.03,Metric Tonnes,Bellary,5000.0,5000.0,5000.0,Rs./Quintal,Local
Chinnalapatti(Uzhavar Sandhai ),0.57,Metric Tonnes,Bellary,5500.0,6500.0,6000.0,Rs./Quintal,Local
Chinnamanur(Uzhavar Sandhai ),1.03,Metric Tonnes,Bellary,6400.0,6400.0,6400.0,Rs./Quintal,Local
Chokkikulam(Uzhavar Sandhai ),1.65,Metric Tonnes,Bellary,4000.0,6500.0,5250.0,Rs./Quintal,Local
Coonoor(Uzhavar Sandhai ),1.6,Metric Tonnes,Bellary,6000.0,6400.0,6200.0,Rs./Quintal,Local
Cuddalore(Uzhavar Sandhai ),0.4,Metric Tonnes,Bellary,5000.0,6000.0,5500.0,Rs./Quintal,Local
Denkanikottai(Uzhavar Sandhai ),0.29,Metric Tonnes,Bellary,5000.0,6000.0,5500.0,Rs./Quintal,Local
Devakottai (Uzhavar Sandhai ),0.23,Metric Tonnes,Bellary,6200.0,6800.0,6500.0,Rs./Quintal,Local
Devaram(Uzhavar Sandhai ),0.15,Metric Tonnes,Bellary,6500.0,6500.0,6500.0,Rs./Quintal,Local
Dharapuram(Uzhavar Sandhai ),1.1,Metric Tonnes,Bellary,6500.0,6500.0,6500.0,Rs./Quintal,Local
Dharmapuri(Uzhavar Sandhai ),1.01,Metric Tonnes,Bellary,6200.0,6400.0,6300.0,Rs./Quintal,Local
Dindigul(Uzhavar Sandhai ),1.1,Metric Tonnes,Bellary,6000.0,6500.0,6250.0,Rs./Quintal,Local
Edapadi (Uzhavar Sandhai ),0.38,Metric Tonnes,Bellary,6000.0,6500.0,6250.0,Rs./Quintal,Local
Elampillai(Uzhavar Sandhai ),0.4,Metric Tonnes,Bellary,5000.0,6500.0,5750.0,Rs./Quintal,Local
Gandarvakottai(Uzhavar Sandhai ),0.23,Metric Tonnes,Bellary,6000.0,7000.0,6500.0,Rs./Quintal,Local
Gandhigramam(Uzhavar Sandhai),0.3,Metric Tonnes,Bellary,5500.0,6500.0,6000.0,Rs./Quintal,Local
Gingee(Uzhavar Sandhai ),0.18,Metric Tonnes,Bellary,5000.0,6000.0,5500.0,Rs./Quintal,Local
Gobichettipalayam(Uzhavar Sandhai ),0.48,Metric Tonnes,Bellary,6500.0,7000.0,6750.0,Rs./Quintal,Local
Gudalur(Uzhavar Sandhai ),0.05,Metric Tonnes,Bellary,5000.0,6000.0,5500.0,Rs./Quintal,Local
Gudiyatham(Uzhavar Sandhai ),0.2,Metric Tonnes,Bellary,5800.0,5800.0,5800.0,Rs./Quintal,Local
Guduvancheri(Uzhavar Sandhai ),0.18,Metric Tonnes,Bellary,5000.0,6000.0,5500.0,Rs./Quintal,Local
Harur(Uzhavar Sandhai ),0.22,Metric Tonnes,Bellary,5000.0,6000.0,5500.0,Rs./Quintal,Local
Hasthampatti(Uzhavar Sandhai ),0.42,Metric Tonnes,Bellary,6000.0,6200.0,6100.0,Rs./Quintal,Local
Hosur(Uzhavar Sandhai ),2.35,Metric Tonnes,Bellary,5500.0,6000.0,5750.0,Rs./Quintal,Local
Jalagandapuram(Uzhavar Sandhai ),0.16,Metric Tonnes,Bellary,6000.0,6500.0,6250.0,Rs./Quintal,Local
Jameenrayapettai(Uzhavar Sandhai ),0.65,Metric Tonnes,Bellary,5000.0,6000.0,5500.0,Rs./Quintal,Local
Jeyankondam (Uzhavar Sandhai ),0.01,Metric Tonnes,Bellary,5400.0,6000.0,5700.0,Rs./Quintal,Local
KKNagar(Uzhavar Sandhai ),1.4,Metric Tonnes,Bellary,6600.0,6600.0,6600.0,Rs./Quintal,Local
Kahithapattarai(Uzhavar Sandhai ),0.85,Metric Tonnes,Bellary,6000.0,6000.0,6000.0,Rs./Quintal,Local
Kallakurichi(Uzhavar Sandhai ),0.23,Metric Tonnes,Bellary,6000.0,6000.0,6000.0,Rs./Quintal,Local
Kambam(Uzhavar Sandhai ),1.5,Metric Tonnes,Bellary,5800.0,6000.0,5900.0,Rs./Quintal,Local
Kancheepuram(Uzhavar Sandhai ),0.65,Metric Tonnes,Bellary,5500.0,6000.0,5750.0,Rs./Quintal,Local
Kangayam(Uzhavar Sandhai ),0.52,Metric Tonnes,Bellary,4000.0,4800.0,4400.0,Rs./Quintal,Local
Karaikudi(Uzhavar Sandhai ),0.32,Metric Tonnes,Bellary,6500.0,7000.0,6750.0,Rs./Quintal,Local
Karambakkudi(Uzhavar Sandhai ),0.18,Metric Tonnes,Bellary,6000.0,7000.0,6500.0,Rs./Quintal,Local
Karimangalam(Uzhavar Sandhai),0.14,Metric Tonnes,Bellary,5500.0,6000.0,5750.0,Rs./Quintal,Local
Kariyapatti(Uzhavar Sandhai ),0.26,Metric Tonnes,Bellary,5500.0,6000.0,5750.0,Rs./Quintal,Local
Karur(Uzhavar Sandhai ),0.42,Metric Tonnes,Bellary,4500.0,5000.0,4750.0,Rs./Quintal,Local
Katpadi (Uzhavar Sandhai ),1.2,Metric Tonnes,Bellary,6200.0,6200.0,6200.0,Rs./Quintal,Local
Kaveripattinam(Uzhavar Sandhai ),0.28,Metric Tonnes,Bellary,5000.0,5000.0,5000.0,Rs./Quintal,Local
Keelpennathur(Uzhavar Sandhai ),0.04,Metric Tonnes,Bellary,5500.0,6000.0,5750.0,Rs./Quintal,Local
Kovilpatti(Uzhavar Sandhai ),0.31,Metric Tonnes,Bellary,5500.0,6000.0,5750.0,Rs./Quintal,Local
Krishnagiri(Uzhavar Sandhai ),1.83,Metric Tonnes,Bellary,2000.0,6000.0,4000.0,Rs./Quintal,Local
Kulithalai(Uzhavar Sandhai ),0.64,Metric Tonnes,Bellary,5600.0,6000.0,5800.0,Rs./Quintal,Local
Kumarapalayam(Uzhavar Sandhai ),0.13,Metric Tonnes,Bellary,2800.0,3000.0,2900.0,Rs./Quintal,Local
Kumbakonam (Uzhavar Sandhai ),1.06,Metric Tonnes,Bellary,4800.0,8400.0,6600.0,Rs./Quintal,Local
Kundrathur(Uzhavar Sandhai ),0.8,Metric Tonnes,Bellary,5000.0,5000.0,5000.0,Rs./Quintal,Local
Kurichi(Uzhavar Sandhai ),0.06,Metric Tonnes,Bellary,5400.0,5800.0,5600.0,Rs./Quintal,Local
Lalgudi(Uzhavar Sandhai ),0.31,Metric Tonnes,Bellary,6000.0,6000.0,6000.0,Rs./Quintal,Local
Madhuranthagam(Uzhavar Sandhai ),0.06,Metric Tonnes,Bellary,6000.0,6000.0,6000.0,Rs./Quintal,Local
Manachanallur(Uzhavar Sandhai ),0.14,Metric Tonnes,Bellary,5000.0,6500.0,5750.0,Rs./Quintal,Local
Manapparai(Uzhavar Sandhai ),0.23,Metric Tonnes,Bellary,5000.0,6000.0,5500.0,Rs./Quintal,Local
Mannargudi I(Uzhavar Sandhai ),1.27,Metric Tonnes,Bellary,5600.0,6400.0,6000.0,Rs./Quintal,Local
Mannargudi II(Uzhavar Sandhai ),0.26,Metric Tonnes,Bellary,5600.0,6400.0,6000.0,Rs./Quintal,Local
Mayiladuthurai(Uzhavar Sandhai ),0.18,Metric Tonnes,Bellary,3600.0,4000.0,3800.0,Rs./Quintal,Local
Medavakkam(Uzhavar Sandhai ),0.22,Metric Tonnes,Bellary,6000.0,6000.0,6000.0,Rs./Quintal,Local
Melapalayam(Uzhavar Sandhai ),1.2,Metric Tonnes,Bellary,5000.0,6200.0,5600.0,Rs./Quintal,Local
Melur(Uzhavar Sandhai ),0.45,Metric Tonnes,Bellary,6000.0,6500.0,6250.0,Rs./Quintal,Local
Mettupalayam(Uzhavar Sandhai ),0.85,Metric Tonnes,Bellary,5500.0,6200.0,5850.0,Rs./Quintal,Local
Mettur(Uzhavar Sandhai ),0.47,Metric Tonnes,Bellary,6000.0,6500.0,6250.0,Rs./Quintal,Local
Mohanur(Uzhavar Sandhai ),0.4,Metric Tonnes,Bellary,6000.0,6500.0,6250.0,Rs./Quintal,Local
Musiri(Uzhavar Sandhai ),0.68,Metric Tonnes,Bellary,5000.0,6500.0,5750.0,Rs./Quintal,Local
Muthupettai(Uzhavar Sandhai ),0.06,Metric Tonnes,Bellary,6000.0,6000.0,6000.0,Rs./Quintal,Local
Myladi(Uzhavar Sandhai ),0.05,Metric Tonnes,Bellary,6500.0,7000.0,6750.0,Rs./Quintal,Local
NGO Colony(Uzhavar Sandhai ),0.48,Metric Tonnes,Bellary,5500.0,6000.0,5750.0,Rs./Quintal,Local
Nagapattinam(Uzhavar Sandhai ),0.22,Metric Tonnes,Bellary,2700.0,3500.0,3100.0,Rs./Quintal,Local
Namakkal(Uzhavar Sandhai ),1.1,Metric Tonnes,Bellary,5800.0,6400.0,6100.0,Rs./Quintal,Local
Nanganallur(Uzhavar Sandhai ),0.17,Metric Tonnes,Bellary,5500.0,6000.0,5750.0,Rs./Quintal,Local
Naravarikuppam(Uzhavar Sandhai ),0.18,Metric Tonnes,Bellary,5000.0,5000.0,5000.0,Rs./Quintal,Local
Natrampalli(Uzhavar Sandhai ),0.55,Metric Tonnes,Bellary,5000.0,6000.0,5500.0,Rs./Quintal,Local
Needamangalam(Uzhavar Sandhai ),0.04,Metric Tonnes,Bellary,5400.0,5400.0,5400.0,Rs./Quintal,Local
Padappai(Uzhavar Sandhai ),0.8,Metric Tonnes,Bellary,5500.0,6000.0,5750.0,Rs./Quintal,Local
Palacode(Uzhavar Sandhai ),0.24,Metric Tonnes,Bellary,6000.0,6200.0,6100.0,Rs./Quintal,Local
Palanganatham(Uzhavar Sandhai ),0.9,Metric Tonnes,Bellary,4000.0,6500.0,5250.0,Rs./Quintal,Local
Palani(Uzhavar Sandhai ),1.0,Metric Tonnes,Bellary,5000.0,6500.0,5750.0,Rs./Quintal,Local
Palayamkottai(Uzhavar Sandhai ),2.3,Metric Tonnes,Bellary,5800.0,6200.0,6000.0,Rs./Quintal,Local
Pallavaram(Uzhavar Sandhai ),1.15,Metric Tonnes,Bellary,5000.0,6000.0,5500.0,Rs./Quintal,Local
Pallikonda(Uzhavar Sandhai),0.1,Metric Tonnes,Bellary,5800.0,5800.0,5800.0,Rs./Quintal,Local
Panruti(Uzhavar Sandhai ),0.06,Metric Tonnes,Bellary,5000.0,5000.0,5000.0,Rs./Quintal,Local
Papanasam(Uzhavar Sandhai ),0.19,Metric Tonnes,Bellary,4800.0,7200.0,6000.0,Rs./Quintal,Local
Paramakudi(Uzhavar Sandhai ),0.41,Metric Tonnes,Bellary,6000.0,6500.0,6250.0,Rs./Quintal,Local
Paramathivelur(Uzhavar Sandhai ),0.25,Metric Tonnes,Bellary,6000.0,6500.0,6250.0,Rs./Quintal,Local
Paruthipattu(Uzhavar Sandhai ),0.22,Metric Tonnes,Bellary,5000.0,5000.0,5000.0,Rs./Quintal,Local
Pattukottai(Uzhavar Sandhai ),0.75,Metric Tonnes,Bellary,4600.0,6000.0,5300.0,Rs./Quintal,Local
Pennagaram(Uzhavar Sandhai ),0.21,Metric Tonnes,Bellary,5500.0,6000.0,5750.0,Rs./Quintal,Local
Perambakkam(Uzhavar Sandhai ),0.02,Metric Tonnes,Bellary,5000.0,5000.0,5000.0,Rs./Quintal,Local
Perambalur(Uzhavar Sandhai ),0.7,Metric Tonnes,Bellary,6000.0,6600.0,6300.0,Rs./Quintal,Local
Perampet(Uzhavar Sandhai),0.06,Metric Tonnes,Bellary,5200.0,5800.0,5500.0,Rs./Quintal,Local
Peravurani(Uzhavar Sandhai),0.05,Metric Tonnes,Bellary,6000.0,6000.0,6000.0,Rs./Quintal,Local
Periyakulam(Uzhavar Sandhai ),0.32,Metric Tonnes,Bellary,6200.0,6400.0,6300.0,Rs./Quintal,Local
Perundurai(Uzhavar Sandhai ),0.26,Metric Tonnes,Bellary,6000.0,6500.0,6250.0,Rs./Quintal,Local
Pollachi(Uzhavar Sandhai ),0.3,Metric Tonnes,Bellary,5500.0,6000.0,5750.0,Rs./Quintal,Local
Polur(Uzhavar Sandhai ),0.21,Metric Tonnes,Bellary,5000.0,6000.0,5500.0,Rs./Quintal,Local
Ponnamaravathi(Uzhavar Sandhai),0.16,Metric Tonnes,Bellary,5500.0,6000.0,5750.0,Rs./Quintal,Local
Pudukottai(Uzhavar Sandhai ),0.69,Metric Tonnes,Bellary,6000.0,7000.0,6500.0,Rs./Quintal,Local
RSPuram(Uzhavar Sandhai ),4.37,Metric Tonnes,Bellary,5200.0,5500.0,5350.0,Rs./Quintal,Local
Rajapalayam(Uzhavar Sandhai ),0.21,Metric Tonnes,Bellary,6000.0,6500.0,6250.0,Rs./Quintal,Local
Ramanathapuram(Uzhavar Sandhai ),0.13,Metric Tonnes,Bellary,6500.0,7000.0,6750.0,Rs./Quintal,Local
Ranipettai(Uzhavar Sandhai ),0.42,Metric Tonnes,Bellary,5500.0,5500.0,5500.0,Rs./Quintal,Local
Rasipuram(Uzhavar Sandhai ),0.71,Metric Tonnes,Bellary,6000.0,6500.0,6250.0,Rs./Quintal,Local
Sampath Nagar(Uzhavar Sandhai ),0.58,Metric Tonnes,Bellary,6200.0,6600.0,6400.0,Rs./Quintal,Local
Sankarankoil(Uzhavar Sandhai ),0.45,Metric Tonnes,Bellary,6000.0,6500.0,6250.0,Rs./Quintal,Local
Sankarapuram(Uzhavar Sandhai ),0.22,Metric Tonnes,Bellary,6000.0,6000.0,6000.0,Rs./Quintal,Local
Sathiyamagalam(Uzhavar Sandhai ),0.28,Metric Tonnes,Bellary,5500.0,6000.0,5750.0,Rs./Quintal,Local
Sathur(Uzhavar Sandhai ),0.06,Metric Tonnes,Bellary,4500.0,5000.0,4750.0,Rs./Quintal,Local
Singampunari(Uzhavar Sandhai ),0.12,Metric Tonnes,Bellary,4200.0,6000.0,5100.0,Rs./Quintal,Local
Singanallur(Uzhavar Sandhai ),1.25,Metric Tonnes,Bellary,5400.0,6000.0,5700.0,Rs./Quintal,Local
Sirkali(Uzhavar Sandhai ),0.24,Metric Tonnes,Bellary,5500.0,6000.0,5750.0,Rs./Quintal,Local
Sivagangai (Uzhavar Sandhai ),0.39,Metric Tonnes,Bellary,6200.0,6600.0,6400.0,Rs./Quintal,Local
Sivakasi(Uzhavar Sandhai ),0.06,Metric Tonnes,Bellary,5000.0,6000.0,5500.0,Rs./Quintal,Local
Sooramangalam(Uzhavar Sandhai ),0.8,Metric Tonnes,Bellary,5000.0,6000.0,5500.0,Rs./Quintal,Local
Srivilliputhur(Uzhavar Sandhai ),0.08,Metric Tonnes,Bellary,5000.0,6000.0,5500.0,Rs./Quintal,Local
Sulur(Uzhavar Sandhai ),0.22,Metric Tonnes,Bellary,5400.0,6000.0,5700.0,Rs./Quintal,Local
Sundarapuram(Uzhavar Sandhai ),0.9,Metric Tonnes,Bellary,5500.0,5800.0,5650.0,Rs./Quintal,Local
Sunguvarchatram(Uzhavar Sandhai ),0.85,Metric Tonnes,Bellary,5000.0,5000.0,5000.0,Rs./Quintal,Local
Tenkasi(Uzhavar Sandhai ),0.35,Metric Tonnes,Bellary,5000.0,6000.0,5500.0,Rs./Quintal,Local
Thalavadi(Uzhavar Sandhai ),0.23,Metric Tonnes,Bellary,5400.0,5800.0,5600.0,Rs./Quintal,Local
Thalavaipuram(Uzhavar Sandhai ),0.06,Metric Tonnes,Bellary,5000.0,6000.0,5500.0,Rs./Quintal,Local
Thammampatti (Uzhavar Sandhai ),0.46,Metric Tonnes,Bellary,5500.0,6500.0,6000.0,Rs./Quintal,Local
Thanjavur(Uzhavar Sandhai ),1.33,Metric Tonnes,Bellary,6000.0,6800.0,6400.0,Rs./Quintal,Local
Thathakapatti(Uzhavar Sandhai ),0.41,Metric Tonnes,Bellary,6000.0,6200.0,6100.0,Rs./Quintal,Local
Theni(Uzhavar Sandhai ),1.15,Metric Tonnes,Bellary,5000.0,6400.0,5700.0,Rs./Quintal,Local
Thirumangalam(Uzhavar Sandhai ),0.67,Metric Tonnes,Bellary,6000.0,6500.0,6250.0,Rs./Quintal,Local
Thirupathur APMC,0.7,Metric Tonnes,Bellary,5500.0,5500.0,5500.0,Rs./Quintal,Local
Thiruverumbur(Uzhavar Sandhai ),0.7,Metric Tonnes,Bellary,4600.0,6000.0,5300.0,Rs./Quintal,Local
Thuraiyur APMC,0.43,Metric Tonnes,Bellary,5500.0,6500.0,6000.0,Rs./Quintal,Local
Tindivanam APMC,0.55,Metric Tonnes,Bellary,5800.0,5800.0,5800.0,Rs./Quintal,Local
Tiruchengode APMC,0.42,Metric Tonnes,Bellary,5800.0,6500.0,6150.0,Rs./Quintal,Local
Tirukattupalli(Uzhavar Sandhai ),0.24,Metric Tonnes,Bellary,6000.0,6800.0,6400.0,Rs./Quintal,Local
Tirupatthur(Uzhavar Sandhai ),0.37,Metric Tonnes,Bellary,6500.0,7000.0,6750.0,Rs./Quintal,Local
Tiruppur (North) (Uzhavar Sandhai ),0.47,Metric Tonnes,Bellary,5000.0,6000.0,5500.0,Rs./Quintal,Local
Tiruppur (South) (Uzhavar Sandhai ),0.36,Metric Tonnes,Bellary,4000.0,4000.0,4000.0,Rs./Quintal,Local
Tiruthani(Uzhavar Sandhai ),0.8,Metric Tonnes,Bellary,5000.0,5000.0,5000.0,Rs./Quintal,Local
Tiruvallur(Uzhavar Sandhai ),0.22,Metric Tonnes,Bellary,5000.0,5000.0,5000.0,Rs./Quintal,Local
Tiruvannamalai(Uzhavar Sandhai ),0.94,Metric Tonnes,Bellary,5000.0,6000.0,5500.0,Rs./Quintal,Local
Tuticorin(Uzhavar Sandhai ),1.16,Metric Tonnes,Bellary,5000.0,6000.0,5500.0,Rs./Quintal,Local
Udhagamandalam(Uzhavar Sandhai ),2.3,Metric Tonnes,Bellary,6000.0,6400.0,6200.0,Rs./Quintal,Local
Udumalpet APMC,0.81,Metric Tonnes,Bellary,6000.0,6500.0,6250.0,Rs./Quintal,Local
Ulundurpettai APMC,0.52,Metric Tonnes,Bellary,6000.0,6000.0,6000.0,Rs./Quintal,Local
Usilampatti(Uzhavar Sandhai ),0.53,Metric Tonnes,Bellary,6000.0,6500.0,6250.0,Rs./Quintal,Local
Vadalur(Uzhavar Sandhai ),0.17,Metric Tonnes,Bellary,4500.0,5000.0,4750.0,Rs./Quintal,Local
Vadaseri APMC,0.39,Metric Tonnes,Bellary,5500.0,6000.0,5750.0,Rs./Quintal,Local
Vadavalli(Uzhavar Sandhai ),0.68,Metric Tonnes,Bellary,5400.0,5700.0,5550.0,Rs./Quintal,Local
Vandavasi(Uzhavar Sandhai ),0.04,Metric Tonnes,Bellary,5000.0,6000.0,5500.0,Rs./Quintal,Local
Vaniyampadi(Uzhavar Sandhai ),0.7,Metric Tonnes,Bellary,6000.0,6000.0,6000.0,Rs./Quintal,Local
Vazhapadi(Uzhavar Sandhai),0.09,Metric Tonnes,Bellary,5500.0,6000.0,5750.0,Rs./Quintal,Local
Vedaranyam(Uzhavar Sandhai),0.07,Metric Tonnes,Bellary,3800.0,4000.0,3900.0,Rs./Quintal,Local
Vedasanthur(Uzhavar Sandhai ),0.01,Metric Tonnes,Bellary,6000.0,6500.0,6250.0,Rs./Quintal,Local
Vellore APMC,1.5,Metric Tonnes,Bellary,5800.0,5800.0,5800.0,Rs./Quintal,Local
Villupuram(Uzhavar Sandhai ),0.43,Metric Tonnes,Bellary,6000.0,6000.0,6000.0,Rs./Quintal,Local
Viralimalai(Uzhavar Sandhai ),0.12,Metric Tonnes,Bellary,6000.0,7000.0,6500.0,Rs./Quintal,Local
Virudhunagar(Uzhavar Sandhai ),0.11,Metric Tonnes,Bellary,5500.0,6000.0,5750.0,Rs./Quintal,Local
Viruthachalam(Uzhavar Sandhai ),0.15,Metric Tonnes,Bellary,5000.0,5000.0,5000.0,Rs./Quintal,Local
Total,91.11,Metric Tonnes,,,,5787.14,Rs./Quintal,
State/UT Name : Telangana
APMC PATANCHERU,60.0,Metric Tonnes,Onion,2000.0,5000.0,3700.0,Rs./Quintal,Local
Bowenpally APMC,62.1,Metric Tonnes,Onion,2500.0,5000.0,4000.0,Rs./Quintal,FAQ
"Excise Colony,RBZ ",0.15,Metric Tonnes,Other,6000.0,6000.0,6000.0,Rs./Quintal,Grade A
Gudimalkapur APMC,151.5,Metric Tonnes,Onion,1800.0,5500.0,3000.0,Rs./Quintal,Grade B
"Kukatpally,RBZ",4.3,Metric Tonnes,1st Sort,4000.0,4000.0,4000.0,Rs./Quintal,Local
L B Nagar APMC,8.0,Metric Tonnes,Onion,5000.0,6000.0,5500.0,Rs./Quintal,Medium
Mahboob Manison APMC,299.0,Metric Tonnes,Onion,4100.0,5000.0,4500.0,Rs./Quintal,Large
Mahboob Manison APMC,448.40000000000003,Metric Tonnes,Onion,1800.0,3500.0,3300.0,Rs./Quintal,Small
Miryalguda(Rythu Bazar) ,0.8,Metric Tonnes,Red,6000.0,6000.0,6000.0,Rs./Quintal,Grade A
RYTHU BAZAR ERRAGADDA,5.6,Metric Tonnes,1st Sort,4000.0,4000.0,4000.0,Rs./Quintal,Grade A
RYTHU BAZAR FALAKNUMA,0.7,Metric Tonnes,Onion,4000.0,4000.0,4000.0,Rs./Quintal,Grade A
"Saroornagar,RBZ",0.7000000000000001,Metric Tonnes,Other,4000.0,4000.0,4000.0,Rs./Quintal,Medium
Siddipet(Rythu Bazar) ,2.4000000000000004,Metric Tonnes,Onion,4000.0,5000.0,4500.0,Rs./Quintal,Grade A
"Vanasthalipuram,RBZ ",1.3,Metric Tonnes,Onion,4000.0,4000.0,4000.0,Rs./Quintal,Grade A
Total,1044.95,Metric Tonnes,,,,3694.93,Rs./Quintal,
State/UT Name : Tripura
Dasda APMC,0.3,Metric Tonnes,Onion,4800.0,4800.0,4800.0,Rs./Quintal,FAQ
Gondatwisa APMC,0.2,Metric Tonnes,Onion,5000.0,5500.0,5300.0,Rs./Quintal,FAQ
Halahali,0.26,Metric Tonnes,1st Sort,6800.0,7000.0,6900.0,Rs./Quintal,FAQ
Jampuijala APMC,0.1,Metric Tonnes,Other,4800.0,5000.0,4900.0,Rs./Quintal,Medium
Machmara,0.7000000000000001,Metric Tonnes,Nasik,4200.0,4400.0,4300.0,Rs./Quintal,FAQ
Manubazar,0.8,Metric Tonnes,1st Sort,5000.0,5500.0,5200.0,Rs./Quintal,Grade A
Melaghar APMC,1.5,Metric Tonnes,Small,5400.0,5600.0,5500.0,Rs./Quintal,Local
Pabiacherra APMC,1.0,Metric Tonnes,Nasik,4800.0,5000.0,4900.0,Rs./Quintal,FAQ
Panisagar APMC,3.7,Metric Tonnes,Nasik,3400.0,3500.0,3450.0,Rs./Quintal,Medium
Total,8.56,Metric Tonnes,,,,4423.95,Rs./Quintal,
State/UT Name : Uttar Pradesh
Ahirora APMC,10.0,Metric Tonnes,Other,1000.0,1000.0,1000.0,Rs./Quintal,FAQ
Akbarpur APMC,6.5,Metric Tonnes,Other,3800.0,3800.0,3800.0,Rs./Quintal,FAQ
Aligarh APMC,72.0,Metric Tonnes,Other,3200.0,3400.0,3252.78,Rs./Quintal,FAQ
Anwala APMC,15.5,Metric Tonnes,Other,2800.0,2800.0,2800.0,Rs./Quintal,FAQ
Auraiya APMC,35.2,Metric Tonnes,Other,3500.0,3500.0,3500.0,Rs./Quintal,FAQ
Ayodhya APMC,30.6,Metric Tonnes,Other,2800.0,2800.0,2800.0,Rs./Quintal,FAQ
Badayoun APMC,127.8,Metric Tonnes,Other,3500.0,3500.0,3500.0,Rs./Quintal,FAQ
Bangarmau APMC,15.0,Metric Tonnes,Other,2800.0,2800.0,2800.0,Rs./Quintal,FAQ
Barabanki APMC,30.0,Metric Tonnes,Other,2500.0,2500.0,2500.0,Rs./Quintal,FAQ
Baraut APMC,9.0,Metric Tonnes,Other,3400.0,3400.0,3400.0,Rs./Quintal,FAQ
Buland Shahr APMC,27.0,Metric Tonnes,Other,2800.0,2800.0,2800.0,Rs./Quintal,FAQ
Etawah APMC,61.6,Metric Tonnes,Other,3500.0,3500.0,3500.0,Rs./Quintal,FAQ
Fatehpur APMC,14.0,Metric Tonnes,Other,3500.0,3600.0,3578.57,Rs./Quintal,FAQ
Firozabad APMC,3.0,Metric Tonnes,Other,2500.0,2500.0,2500.0,Rs./Quintal,FAQ
Gadaura APMC,25.1,Metric Tonnes,Other,2000.0,2000.0,2000.0,Rs./Quintal,FAQ
Ghaziabad APMC,41.0,Metric Tonnes,Other,4010.0,4010.0,4010.0,Rs./Quintal,FAQ
Golagokarnath APMC,46.9,Metric Tonnes,Other,1050.0,2000.0,1568.23,Rs./Quintal,FAQ
Gorakhpur APMC,37.8,Metric Tonnes,Other,2500.0,2500.0,2500.0,Rs./Quintal,FAQ
Hardoi APMC,34.0,Metric Tonnes,Other,2300.0,2300.0,2300.0,Rs./Quintal,FAQ
Jaunpur APMC,95.0,Metric Tonnes,Other,3500.0,3800.0,3610.53,Rs./Quintal,FAQ
Jhansi APMC,7.5,Metric Tonnes,Other,2000.0,2700.0,2400.0,Rs./Quintal,FAQ
Kairana APMC,1.0,Metric Tonnes,Other,3600.0,3600.0,3600.0,Rs./Quintal,FAQ
Kanpur(Grain) APMC,364.6,Metric Tonnes,Other,3500.0,3500.0,3500.0,Rs./Quintal,FAQ
Kasganj APMC,11.0,Metric Tonnes,Other,1850.0,1850.0,1850.0,Rs./Quintal,FAQ
Khairagarh APMC,0.4,Metric Tonnes,Red,4000.0,4100.0,4050.0,Rs./Quintal,FAQ
Khairagarh APMC,7.5,Metric Tonnes,Other,3000.0,3600.0,3200.0,Rs./Quintal,FAQ
Khandhla APMC,3.0,Metric Tonnes,Other,4500.0,4500.0,4500.0,Rs./Quintal,FAQ
Khekda APMC,1.1,Metric Tonnes,Other,2800.0,4000.0,3036.36,Rs./Quintal,FAQ
Kosikalan APMC,7.0,Metric Tonnes,Other,1900.0,2000.0,1928.57,Rs./Quintal,FAQ
Lakhimpur APMC,121.4,Metric Tonnes,Other,2850.0,2910.0,2888.14,Rs./Quintal,FAQ
Mathura APMC,22.25,Metric Tonnes,Other,3000.0,4000.0,3949.44,Rs./Quintal,FAQ
Mehmoodabad APMC,72.5,Metric Tonnes,Other,3000.0,3000.0,3000.0,Rs./Quintal,FAQ
Mugrabaadshahpur APMC,2.5,Metric Tonnes,Other,2500.0,2500.0,2500.0,Rs./Quintal,FAQ
Muradabad APMC,25.0,Metric Tonnes,Other,2500.0,2500.0,2500.0,Rs./Quintal,FAQ
Nanuta APMC,1.5,Metric Tonnes,Other,4200.0,4500.0,4340.0,Rs./Quintal,FAQ
Nawabganj APMC,1.0,Metric Tonnes,Other,2500.0,2500.0,2500.0,Rs./Quintal,FAQ
Noida APMC,182.5,Metric Tonnes,Other,4000.0,4000.0,4000.0,Rs./Quintal,FAQ
Paliakala APMC,90.7,Metric Tonnes,Other,2800.0,2900.0,2869.46,Rs./Quintal,FAQ
Parikshitgarh APMC,0.1,Metric Tonnes,Other,2800.0,2800.0,2800.0,Rs./Quintal,FAQ
Partaval APMC,30.4,Metric Tonnes,Other,2500.0,2500.0,2500.0,Rs./Quintal,FAQ
Pilibhit APMC,125.5,Metric Tonnes,Other,2020.0,2100.0,2045.48,Rs./Quintal,FAQ
Prayagraj APMC,45.7,Metric Tonnes,Other,3000.0,4000.0,3109.41,Rs./Quintal,FAQ
Rampurmaniharan APMC,1.0,Metric Tonnes,Other,2400.0,2400.0,2400.0,Rs./Quintal,FAQ
Saharanpur APMC,122.5,Metric Tonnes,Other,2200.0,4000.0,3133.88,Rs./Quintal,FAQ
Samsabad APMC,2.0,Metric Tonnes,Onion,2400.0,2600.0,2500.0,Rs./Quintal,Local
Shahaswan APMC,12.0,Metric Tonnes,Other,1805.0,1805.0,1805.0,Rs./Quintal,FAQ
Shahganj APMC,63.285,Metric Tonnes,Other,1850.0,2100.0,1968.12,Rs./Quintal,FAQ
Shamli APMC,1.0,Metric Tonnes,Other,5000.0,5000.0,5000.0,Rs./Quintal,FAQ
Thanabhawan APMC,12.0,Metric Tonnes,Other,2300.0,2300.0,2300.0,Rs./Quintal,FAQ
Varanasi APMC,7.03,Metric Tonnes,Other,3500.0,3500.0,3500.0,Rs./Quintal,FAQ
Total,2081.97,Metric Tonnes,,,,3091.58,Rs./Quintal,
State/UT Name : Uttarakhand
Bhagwanpur(Naveen Mandi Sthal) APMC,0.6000000000000001,Metric Tonnes,Other,2400.0,2600.0,2500.0,Rs./Quintal,Grade A
Haldwani APMC,25.0,Metric Tonnes,Other,3000.0,4000.0,3500.0,Rs./Quintal,FAQ
Kashipur APMC,299.1,Metric Tonnes,Other,600.0,3600.0,1800.0,Rs./Quintal,Local
Khateema APMC,0.8,Metric Tonnes,Other,2000.0,2200.0,2100.0,Rs./Quintal,Grade A
Manglaur APMC,0.6000000000000001,Metric Tonnes,Other,1500.0,2200.0,1800.0,Rs./Quintal,Large
Rishikesh APMC,8.0,Metric Tonnes,Other,3400.0,4850.0,4200.0,Rs./Quintal,Medium
Roorkee APMC,2.1,Metric Tonnes,Other,2500.0,4500.0,3500.0,Rs./Quintal,Medium
Rudrapur APMC,22.0,Metric Tonnes,Other,3000.0,4000.0,3500.0,Rs./Quintal,Medium
Vikasnagar APMC,7.2,Metric Tonnes,Other,1700.0,1700.0,1700.0,Rs./Quintal,Medium
Total,365.4,Metric Tonnes,,,,2080.82,Rs./Quintal,
State/UT Name : West Bengal
Alipurduar APMC,9.0,Metric Tonnes,Onion,2500.0,3500.0,3000.0,Rs./Quintal,FAQ
Asansol APMC,15.5,Metric Tonnes,Nasik,4250.0,4500.0,4300.0,Rs./Quintal,FAQ
Balarampur APMC,1.5,Metric Tonnes,Other,4200.0,5200.0,4600.0,Rs./Quintal,FAQ
Balurghat APMC,2.2,Metric Tonnes,1st Sort,4500.0,5000.0,4800.0,Rs./Quintal,FAQ
Bankura Sadar APMC,15.5,Metric Tonnes,Nasik,4800.0,5200.0,5000.0,Rs./Quintal,FAQ
Bara Bazar (Posta Bazar) APMC,39.0,Metric Tonnes,Nasik,4700.0,5080.0,4875.0,Rs./Quintal,FAQ
Bara Bazar (Posta Bazar) APMC,13.0,Metric Tonnes,Other,4650.0,5050.0,4850.0,Rs./Quintal,FAQ
Barasat APMC,37.0,Metric Tonnes,Other,5200.0,5200.0,5200.0,Rs./Quintal,FAQ
Baruipur(Canning) APMC,3.2,Metric Tonnes,Red,4700.0,5000.0,4800.0,Rs./Quintal,FAQ
Bethuadahari APMC,8.5,Metric Tonnes,Nasik,3800.0,4200.0,4000.0,Rs./Quintal,Grade A
Birbhum APMC,27.0,Metric Tonnes,Other,4300.0,4500.0,4400.0,Rs./Quintal,FAQ
Bishnupur(Bankura) APMC,0.75,Metric Tonnes,Nasik,4500.0,5200.0,4800.0,Rs./Quintal,FAQ
Bolpur APMC,27.0,Metric Tonnes,Onion,4300.0,4500.0,4400.0,Rs./Quintal,FAQ
Burdwan APMC,17.0,Metric Tonnes,Nasik,4700.0,5000.0,4800.0,Rs./Quintal,FAQ
Chakdah APMC,5.6,Metric Tonnes,Onion,4500.0,5000.0,4800.0,Rs./Quintal,FAQ
Champadanga APMC,3.0,Metric Tonnes,Nasik,5000.0,5200.0,5200.0,Rs./Quintal,FAQ
Dhupguri APMC,20.0,Metric Tonnes,Nasik,4800.0,5200.0,5000.0,Rs./Quintal,FAQ
Diamond Harbour(South 24-pgs) APMC,4.5,Metric Tonnes,Red,4700.0,4900.0,4800.0,Rs./Quintal,FAQ
Durgapur APMC,15.0,Metric Tonnes,Nasik,4200.0,4500.0,4350.0,Rs./Quintal,FAQ
English Bazar APMC,12.0,Metric Tonnes,Nasik,4000.0,4200.0,4100.0,Rs./Quintal,FAQ
Falakata APMC,9.0,Metric Tonnes,Other,3000.0,3800.0,3500.0,Rs./Quintal,FAQ
Gangarampur(Dakshin Dinajpur) APMC,2.0,Metric Tonnes,1st Sort,4500.0,5000.0,4800.0,Rs./Quintal,FAQ
Ghatal APMC,2.8000000000000003,Metric Tonnes,Onion,4900.0,5100.0,5000.0,Rs./Quintal,FAQ
Habra APMC,28.0,Metric Tonnes,Onion,4500.0,4500.0,4500.0,Rs./Quintal,FAQ
Islampur APMC,5.0,Metric Tonnes,Dry F.A.Q.,4000.0,5000.0,4500.0,Rs./Quintal,FAQ
Jalpaiguri Sadar APMC,0.6,Metric Tonnes,Nasik,4800.0,5200.0,5000.0,Rs./Quintal,FAQ
Jangipur APMC,27.45,Metric Tonnes,Bellary,3650.0,3800.0,3750.0,Rs./Quintal,FAQ
Kalipur APMC,5.0,Metric Tonnes,Nasik,5000.0,5200.0,5000.0,Rs./Quintal,FAQ
Kalna APMC,1.85,Metric Tonnes,Local,4400.0,4500.0,4400.0,Rs./Quintal,FAQ
Kalna APMC,2.75,Metric Tonnes,Nasik,4600.0,4800.0,4600.0,Rs./Quintal,FAQ
Kalyani APMC,2.5,Metric Tonnes,Other,4600.0,5000.0,4800.0,Rs./Quintal,Medium
Karimpur APMC,10.5,Metric Tonnes,Nasik,3800.0,4200.0,4000.0,Rs./Quintal,Grade A
Karsiyang(Matigara) APMC,0.35,Metric Tonnes,Nasik,5800.0,6000.0,5900.0,Rs./Quintal,FAQ
Medinipur(West) APMC,24.0,Metric Tonnes,Onion,4300.0,4500.0,4400.0,Rs./Quintal,FAQ
Moynaguri APMC,1.0,Metric Tonnes,Nasik,4800.0,5200.0,5000.0,Rs./Quintal,FAQ
Nadia APMC,6.2,Metric Tonnes,Nasik,4300.0,4500.0,4400.0,Rs./Quintal,FAQ
Pandua APMC,2.7,Metric Tonnes,Dry F.A.Q.,4250.0,4725.0,4550.0,Rs./Quintal,FAQ
Purulia APMC,10.0,Metric Tonnes,Other,3500.0,4500.0,4200.0,Rs./Quintal,FAQ
Ramkrishanpur(Howrah) APMC,0.56,Metric Tonnes,Nasik,5000.0,5500.0,5200.0,Rs./Quintal,FAQ
Rampurhat APMC,35.0,Metric Tonnes,Other,4400.0,4500.0,4450.0,Rs./Quintal,FAQ
Ranaghat APMC,4.3,Metric Tonnes,Other,4600.0,5200.0,5000.0,Rs./Quintal,FAQ
Sainthia APMC,29.0,Metric Tonnes,Onion,4300.0,4500.0,4400.0,Rs./Quintal,FAQ
Samsi APMC,11.0,Metric Tonnes,Nasik,3900.0,4100.0,4000.0,Rs./Quintal,FAQ
Sheoraphuly APMC,101.0,Metric Tonnes,Nasik,4275.0,4475.0,4350.0,Rs./Quintal,FAQ
Siliguri APMC,47.0,Metric Tonnes,Onion,4900.0,5100.0,5000.0,Rs./Quintal,FAQ
Tamluk (Medinipur E) APMC,2.0,Metric Tonnes,Onion,4200.0,4600.0,4400.0,Rs./Quintal,FAQ
Uluberia APMC,0.32,Metric Tonnes,Nasik,5000.0,5500.0,5200.0,Rs./Quintal,FAQ
Total,648.13,Metric Tonnes,,,,4513.0,Rs./Quintal,
Grand Total,57440.42,Metric Tonnes,,,,3697.57,Rs./Quintal,
Potato
State/UT Name : Andhra Pradesh
Palamaner APMC,2.5,Metric Tonnes,Potato,1200.0,1600.0,1400.0,Rs./Quintal,FAQ
Total,2.5,Metric Tonnes,,,,1400.0,Rs./Quintal,
State/UT Name : Assam
Ambagan APMC,14.0,Metric Tonnes,Potato,1400.0,1600.0,1500.0,Rs./Quintal,FAQ
Dhekiajuli APMC,6.0,Metric Tonnes,Potato,1000.0,1100.0,1100.0,Rs./Quintal,FAQ
Dhing APMC,25.0,Metric Tonnes,Potato,1600.0,1950.0,1750.0,Rs./Quintal,FAQ
Doomdumia APMC,25.0,Metric Tonnes,Potato,1500.0,1750.0,1600.0,Rs./Quintal,FAQ
Haibargaon APMC,15.0,Metric Tonnes,Potato,1350.0,1500.0,1450.0,Rs./Quintal,FAQ
Pamohi(Garchuk) APMC,25.0,Metric Tonnes,Potato,900.0,1500.0,1000.0,Rs./Quintal,FAQ
Pamohi(Garchuk) APMC,25.0,Metric Tonnes,Other,1600.0,2200.0,1800.0,Rs./Quintal,FAQ
Tinsukia Market,12.0,Metric Tonnes,Potato,850.0,950.0,900.0,Rs./Quintal,FAQ
Uparhali Pmy APMC,7.0,Metric Tonnes,Potato,1000.0,1300.0,1200.0,Rs./Quintal,FAQ
Total,154.0,Metric Tonnes,,,,1443.51,Rs./Quintal,
State/UT Name : Bihar
Balliah APMC,4.0,Metric Tonnes,Local,1300.0,1500.0,1400.0,Rs./Quintal,Grade A
Balliah APMC,4.0,Metric Tonnes,Local,1300.0,1500.0,1400.0,Rs./Quintal,Grade B
Balliah APMC,3.0,Metric Tonnes,Local,1300.0,1500.0,1400.0,Rs./Quintal,Grade C
Benipatti APMC,12.0,Metric Tonnes,Red Nanital,1150.0,1200.0,1200.0,Rs./Quintal,FAQ
Chakia APMC,60.0,Metric Tonnes,Red,1100.0,1300.0,1200.0,Rs./Quintal,Grade A
Chhapra APMC,90.0,Metric Tonnes,Other,1100.0,1300.0,1200.0,Rs./Quintal,Grade A
Madhubani APMC,60.0,Metric Tonnes,Potato,1100.0,1300.0,1200.0,Rs./Quintal,FAQ
Maharjganj APMC,4.0,Metric Tonnes,Red Nanital,1500.0,1500.0,1500.0,Rs./Quintal,FAQ
Motihari APMC,25.0,Metric Tonnes,Other,1100.0,1300.0,1200.0,Rs./Quintal,Grade A
Raxaul APMC,4.0,Metric Tonnes,Red Nanital,1400.0,1600.0,1500.0,Rs./Quintal,Grade A
Saharsa APMC,22.0,Metric Tonnes,Local,1000.0,1100.0,1100.0,Rs./Quintal,FAQ
Total,288.0,Metric Tonnes,,,,1208.33,Rs./Quintal,
State/UT Name : Chandigarh
Chandigarh (Grain/F&V) APMC,365.5,Metric Tonnes,Potato,400.0,1400.0,1200.0,Rs./Quintal,FAQ
Total,365.5,Metric Tonnes,,,,1200.0,Rs./Quintal,
State/UT Name : Chattisgarh
Durg APMC,2.9,Metric Tonnes,Local,1400.0,1600.0,1600.0,Rs./Quintal,Medium
Gandai APMC,45.0,Metric Tonnes,Potato,1000.0,1400.0,1200.0,Rs./Quintal,Grade B
Raigarh APMC,58.0,Metric Tonnes,Potato,1000.0,1200.0,1100.0,Rs./Quintal,Grade B
Tiphra APMC,70.0,Metric Tonnes,Local,1500.0,1700.0,1600.0,Rs./Quintal,Grade B
Total,175.9,Metric Tonnes,,,,1332.8,Rs./Quintal,
State/UT Name : Goa
Mapusa APMC,16.607,Metric Tonnes,Potato,1200.0,1600.0,1400.0,Rs./Quintal,Medium
Total,16.61,Metric Tonnes,,,,1400.0,Rs./Quintal,
State/UT Name : Gujarat
Ahmedabad(Chimanbhai Patal Market Vasana) APMC,221.5,Metric Tonnes,Desi,500.0,800.0,700.0,Rs./Quintal,FAQ
Ahmedabad(Chimanbhai Patal Market Vasana) APMC,16.3,Metric Tonnes,Chips,500.0,1200.0,1050.0,Rs./Quintal,FAQ
"Anand(Veg,Yard,Anand) APMC",86.5,Metric Tonnes,Potato,1000.0,1100.0,1050.0,Rs./Quintal,Grade B
Ankleshwar APMC,15.0,Metric Tonnes,Potato,800.0,1200.0,1000.0,Rs./Quintal,Grade A
Bharuch APMC,26.5,Metric Tonnes,Other,1000.0,1700.0,1200.0,Rs./Quintal,Local
Bhuj APMC,74.0,Metric Tonnes,Desi,1000.0,1800.0,1400.0,Rs./Quintal,FAQ
Bilimora APMC,5.2,Metric Tonnes,Other,1400.0,1800.0,1600.0,Rs./Quintal,FAQ
Dahod(Veg. Market) APMC,20.0,Metric Tonnes,Potato,800.0,1100.0,1000.0,Rs./Quintal,Local
Gondal(Veg.market Gondal) APMC,98.65,Metric Tonnes,Potato,750.0,1300.0,1025.0,Rs./Quintal,Local
Himatnagar(Veg.Market Himatnagar) APMC,2.4000000000000004,Metric Tonnes,Potato,1000.0,1500.0,1320.0,Rs./Quintal,Local
Kapadvanj APMC,50.0,Metric Tonnes,Potato,600.0,1300.0,950.0,Rs./Quintal,Medium
Khambhat(Veg Yard Khambhat) APMC,0.30000000000000004,Metric Tonnes,Desi,1000.0,2000.0,1500.0,Rs./Quintal,Local
Mehsana(Mehsana Veg) APMC,61.900000000000006,Metric Tonnes,Potato,500.0,1500.0,1100.0,Rs./Quintal,Local
Navsari APMC,38.1,Metric Tonnes,Potato,500.0,1750.0,1125.0,Rs./Quintal,Grade A
Padra APMC,18.900000000000002,Metric Tonnes,Other,1500.0,2000.0,1750.0,Rs./Quintal,FAQ
Palitana APMC,10.200000000000001,Metric Tonnes,Potato,1700.0,2900.0,2300.0,Rs./Quintal,Medium
Porbandar APMC,21.5,Metric Tonnes,Red Nanital,1000.0,1500.0,1250.0,Rs./Quintal,Non-FAQ
Rajkot(Veg.Sub Yard) APMC,408.0,Metric Tonnes,Potato,455.0,1470.0,960.0,Rs./Quintal,FAQ
Surat APMC,810.0,Metric Tonnes,Other,600.0,1700.0,1150.0,Rs./Quintal,FAQ
Vadhvan APMC,45.6,Metric Tonnes,Potato,1500.0,2000.0,1750.0,Rs./Quintal,Medium
Vadodara(Sayajipura) APMC,40.510000000000005,Metric Tonnes,Other,700.0,1500.0,1150.0,Rs./Quintal,FAQ
Vijapur(Vegetable) APMC,0.5,Metric Tonnes,Other,600.0,800.0,750.0,Rs./Quintal,Grade A
Total,2071.56,Metric Tonnes,,,,1080.47,Rs./Quintal,
State/UT Name : Haryana
Bahadurgarh APMC,31.0,Metric Tonnes,Other,800.0,1100.0,900.0,Rs./Quintal,FAQ
Ballabhgarh APMC,57.2,Metric Tonnes,Potato,500.0,900.0,800.0,Rs./Quintal,FAQ
Barwala APMC,3.2,Metric Tonnes,Local,700.0,1200.0,950.0,Rs./Quintal,FAQ
Barwala(Hisar) APMC,6.0,Metric Tonnes,Potato,800.0,1000.0,900.0,Rs./Quintal,Local
Ch. Dadri APMC,8.5,Metric Tonnes,Potato,800.0,1200.0,1000.0,Rs./Quintal,Medium
Cheeka APMC,3.5,Metric Tonnes,Other,700.0,800.0,750.0,Rs./Quintal,FAQ
Chhachrauli APMC,0.4,Metric Tonnes,Potato,800.0,800.0,800.0,Rs./Quintal,Local
Dhand APMC,1.4000000000000001,Metric Tonnes,Other,1000.0,1100.0,1090.0,Rs./Quintal,Medium
Farukh Nagar APMC,3.8000000000000003,Metric Tonnes,Other,900.0,1100.0,1000.0,Rs./Quintal,Medium
Fatehabad APMC,12.9,Metric Tonnes,Potato,800.0,800.0,800.0,Rs./Quintal,Local
FerozpurZirkha(Nagina) APMC,5.0,Metric Tonnes,Other,1400.0,1800.0,1600.0,Rs./Quintal,Local
Ganaur APMC,4.5,Metric Tonnes,Potato,1000.0,1500.0,1200.0,Rs./Quintal,FAQ
Gharaunda APMC,2.1,Metric Tonnes,Other,1000.0,1200.0,1200.0,Rs./Quintal,Local
Gohana APMC,22.0,Metric Tonnes,Other,1000.0,1600.0,1200.0,Rs./Quintal,Medium
Hansi APMC,40.4,Metric Tonnes,Other,1000.0,4000.0,1000.0,Rs./Quintal,FAQ
Hissar APMC,37.1,Metric Tonnes,Local,500.0,1000.0,800.0,Rs./Quintal,Local
Hodal APMC,5.5,Metric Tonnes,Potato,600.0,800.0,700.0,Rs./Quintal,FAQ
Indri APMC,1.4500000000000002,Metric Tonnes,Potato,1000.0,1000.0,1000.0,Rs./Quintal,FAQ
Jagadhri APMC,4.4,Metric Tonnes,Potato,560.0,700.0,600.0,Rs./Quintal,FAQ
Jakhal APMC,0.7000000000000001,Metric Tonnes,Other,600.0,700.0,700.0,Rs./Quintal,Non-FAQ
Jhajjar APMC,3.0,Metric Tonnes,Other,1100.0,1100.0,1100.0,Rs./Quintal,Medium
Kaithal APMC,15.5,Metric Tonnes,Other,816.0,816.0,816.0,Rs./Quintal,FAQ
Kharkhoda APMC,6.2,Metric Tonnes,Other,1000.0,1200.0,1120.0,Rs./Quintal,FAQ
Ladwa APMC,3.8000000000000003,Metric Tonnes,Red Nanital,1800.0,2500.0,2500.0,Rs./Quintal,Non-FAQ
Madlauda APMC,0.6000000000000001,Metric Tonnes,Potato,800.0,800.0,800.0,Rs./Quintal,FAQ
Meham,2.5,Metric Tonnes,Potato,900.0,1000.0,950.0,Rs./Quintal,Medium
Mohindergarh APMC,4.800000000000001,Metric Tonnes,Potato,700.0,700.0,700.0,Rs./Quintal,Medium
Mustafabad APMC,0.41,Metric Tonnes,Potato,800.0,900.0,900.0,Rs./Quintal,FAQ
Naraingarh APMC,6.8500000000000005,Metric Tonnes,Potato,400.0,800.0,650.0,Rs./Quintal,Medium
Narnaul APMC,4.5,Metric Tonnes,Potato,800.0,1000.0,900.0,Rs./Quintal,Medium
Narwana APMC,1.5,Metric Tonnes,Potato,600.0,600.0,600.0,Rs./Quintal,Non-FAQ
Nuh APMC,2.8,Metric Tonnes,Other,700.0,1000.0,900.0,Rs./Quintal,Local
Palwal APMC,6.5,Metric Tonnes,Potato,800.0,800.0,800.0,Rs./Quintal,FAQ
Panipat APMC,65.8,Metric Tonnes,Potato,600.0,1200.0,900.0,Rs./Quintal,Local
Pataudi APMC,3.5,Metric Tonnes,Potato,700.0,800.0,750.0,Rs./Quintal,Grade B
Pundri APMC,0.6000000000000001,Metric Tonnes,Other,600.0,700.0,650.0,Rs./Quintal,FAQ
Raipur Rani APMC,0.4,Metric Tonnes,Potato,750.0,900.0,750.0,Rs./Quintal,Local
Rania APMC,0.1,Metric Tonnes,Potato,0.11,0.14,0.12,Rs./Quintal,Non-FAQ
Rania(Jiwan nagar) APMC,0.15000000000000002,Metric Tonnes,Other,70.0,90.0,80.0,Rs./Quintal,Non-FAQ
Ratia APMC,70.0,Metric Tonnes,Other,600.0,630.0,615.0,Rs./Quintal,Grade A
Rewari APMC,17.7,Metric Tonnes,Other,800.0,1600.0,1200.0,Rs./Quintal,Medium
Rohtak APMC,146.5,Metric Tonnes,Other,600.0,1000.0,800.0,Rs./Quintal,Medium
Sadhaura APMC,4.800000000000001,Metric Tonnes,Potato,700.0,900.0,800.0,Rs./Quintal,Local
Samalkha APMC,10.0,Metric Tonnes,Desi,1200.0,1200.0,1200.0,Rs./Quintal,FAQ
Sampla APMC,4.3,Metric Tonnes,Other,1200.0,1200.0,1200.0,Rs./Quintal,Local
Shahabad APMC,5.8,Metric Tonnes,Potato,500.0,700.0,540.0,Rs./Quintal,Medium
Shahzadpur APMC,3.2,Metric Tonnes,Potato,600.0,1200.0,600.0,Rs./Quintal,FAQ
Sirsa APMC,24.1,Metric Tonnes,Other,400.0,700.0,600.0,Rs./Quintal,FAQ
Siwan APMC,2.6,Metric Tonnes,Other,1400.0,1550.0,1500.0,Rs./Quintal,FAQ
Sohna APMC,5.5,Metric Tonnes,Potato,1000.0,1000.0,1000.0,Rs./Quintal,Local
Sonepat APMC,23.0,Metric Tonnes,Other,1100.0,1300.0,1200.0,Rs./Quintal,FAQ
Tarori APMC,1.3,Metric Tonnes,Desi,1000.0,1500.0,1200.0,Rs./Quintal,Medium
Thanesar APMC,19.5,Metric Tonnes,Potato,700.0,3000.0,1900.0,Rs./Quintal,Medium
Tohana(New Veg Market) APMC,8.0,Metric Tonnes,Potato,700.0,800.0,800.0,Rs./Quintal,FAQ
Uklana APMC,0.30000000000000004,Metric Tonnes,Potato,800.0,800.0,800.0,Rs./Quintal,Medium
Total,727.16,Metric Tonnes,,,,897.9,Rs./Quintal,
State/UT Name : Himachal Pradesh
PMY Bilaspur,2.8000000000000003,Metric Tonnes,Local,800.0,2200.0,1500.0,Rs./Quintal,Grade B
PMY Chamba,0.25,Metric Tonnes,Potato,1000.0,1200.0,1100.0,Rs./Quintal,Medium
PMY Dhalli Shimla,5.0,Metric Tonnes,Potato,1000.0,2200.0,1400.0,Rs./Quintal,Grade A
PMY Hamirpur,3.0,Metric Tonnes,Other,1000.0,2500.0,1700.0,Rs./Quintal,Grade B
PMY Kangni Mandi,6.5,Metric Tonnes,Potato,800.0,1200.0,1000.0,Rs./Quintal,Grade A
PMY Kangra,1.4000000000000001,Metric Tonnes,Potato,1000.0,2000.0,1400.0,Rs./Quintal,FAQ
PMY Kather Solan,1.0,Metric Tonnes,Other,700.0,2500.0,1500.0,Rs./Quintal,Medium
PMY Kullu,2.0,Metric Tonnes,Other,800.0,2500.0,1600.0,Rs./Quintal,FAQ
PMY Paonta Sahib,2.5,Metric Tonnes,Other,800.0,3000.0,2200.0,Rs./Quintal,FAQ
PMY Una,8.56,Metric Tonnes,Potato,800.0,1000.0,900.0,Rs./Quintal,FAQ
SMY Baijnath,0.4,Metric Tonnes,Jyoti,1200.0,2000.0,1600.0,Rs./Quintal,Grade A
SMY Bhuntar,2.2,Metric Tonnes,Other,1000.0,2200.0,1500.0,Rs./Quintal,FAQ
SMY Dhanotu,2.0,Metric Tonnes,Potato,800.0,2000.0,1400.0,Rs./Quintal,FAQ
SMY Dharamshala,1.4000000000000001,Metric Tonnes,Potato,1000.0,2300.0,1650.0,Rs./Quintal,FAQ
SMY Jaisinghpur,0.2,Metric Tonnes,Potato,1400.0,2600.0,2000.0,Rs./Quintal,FAQ
SMY Jassur,2.4000000000000004,Metric Tonnes,Other,800.0,1200.0,1000.0,Rs./Quintal,FAQ
SMY Jwalaji,0.020000000000000004,Metric Tonnes,Other,1000.0,2000.0,1500.0,Rs./Quintal,FAQ
SMY Nadaun,1.5,Metric Tonnes,Other,1400.0,1600.0,1500.0,Rs./Quintal,Grade B
SMY Nagrota Bagwan,1.0,Metric Tonnes,Potato,1000.0,1800.0,1300.0,Rs./Quintal,FAQ
SMY Nahan,0.30000000000000004,Metric Tonnes,Other,1500.0,2000.0,1800.0,Rs./Quintal,FAQ
SMY Nalagarh,1.9,Metric Tonnes,Other,600.0,1000.0,800.0,Rs./Quintal,Medium
SMY Palampur,2.5,Metric Tonnes,Potato,1200.0,2400.0,1800.0,Rs./Quintal,FAQ
SMY Rohroo,0.4,Metric Tonnes,Other,1500.0,1700.0,1600.0,Rs./Quintal,Grade B
SMY Santoshgarh,1.9500000000000002,Metric Tonnes,Jyoti,700.0,900.0,800.0,Rs./Quintal,FAQ
SMY Takoli,0.1,Metric Tonnes,Other,500.0,1000.0,800.0,Rs./Quintal,Medium
Total,51.28,Metric Tonnes,,,,1310.63,Rs./Quintal,
State/UT Name : Jammu and Kashmir
Kathua (F&V),25.0,Metric Tonnes,Potato,1000.0,1500.0,1250.0,Rs./Quintal,FAQ
MAC F&V Market Narwal Jammu,120.0,Metric Tonnes,Potato,800.0,1200.0,1000.0,Rs./Quintal,FAQ
Parimpore Srinagar (F&V),99.0,Metric Tonnes,Red,900.0,1000.0,950.0,Rs./Quintal,Grade A
Parimpore Srinagar (F&V),45.0,Metric Tonnes,Other,600.0,700.0,650.0,Rs./Quintal,Grade B
Rajouri (Phaliana) (F&V),2.0,Metric Tonnes,Local,2000.0,2000.0,2000.0,Rs./Quintal,Grade B
Total,291.0,Metric Tonnes,,,,957.22,Rs./Quintal,
State/UT Name : Karnataka
APMC Hubballi,135.0,Metric Tonnes,Potato,1300.0,1700.0,1500.0,Rs./Quintal,Local
Bangarpet APMC,0.4,Metric Tonnes,Local,1000.0,2300.0,1500.0,Rs./Quintal,Local
Bengaluru APMC,378.8,Metric Tonnes,Local,1000.0,2400.0,2000.0,Rs./Quintal,Medium
Bengaluru APMC,883.9000000000001,Metric Tonnes,Potato,1000.0,2200.0,1800.0,Rs./Quintal,Medium
Chickkaballapura APMC,7.0,Metric Tonnes,Local,1600.0,2200.0,2100.0,Rs./Quintal,Local
Chikkamagaluru APMC,4.1000000000000005,Metric Tonnes,Other,2000.0,2100.0,2050.0,Rs./Quintal,Local
Davangere APMC,4.0,Metric Tonnes,Potato,1000.0,2300.0,1600.0,Rs./Quintal,Local
Doddaballapur APMC,2.3000000000000003,Metric Tonnes,Local,1800.0,2200.0,2000.0,Rs./Quintal,Medium
Hospet APMC,3.5,Metric Tonnes,Potato,1400.0,1600.0,1400.0,Rs./Quintal,Local
Kalaburagi APMC,30.0,Metric Tonnes,Potato,1000.0,1200.0,1100.0,Rs./Quintal,Local
Nanjangud APMC,4.0,Metric Tonnes,Potato,3030.0,3333.0,3030.0,Rs./Quintal,Local
Shimoga APMC,2.0,Metric Tonnes,Potato,1600.0,2600.0,2000.0,Rs./Quintal,Local
Tumakuru APMC,16.0,Metric Tonnes,Other,1900.0,2500.0,2200.0,Rs./Quintal,Local
Udupi APMC,7.800000000000001,Metric Tonnes,Potato,1400.0,1500.0,1500.0,Rs./Quintal,Local
Total,1478.8,Metric Tonnes,,,,1816.84,Rs./Quintal,
State/UT Name : Keralam
Aluva Market,10.0,Metric Tonnes,Potato,3000.0,4000.0,3500.0,Rs./Quintal,FAQ
Anchal Market,0.43,Metric Tonnes,Potato,4300.0,4300.0,4300.0,Rs./Quintal,Local
Angamaly Market,1.0,Metric Tonnes,Potato,3600.0,5000.0,4300.0,Rs./Quintal,FAQ
Aralamoodu Market,1.0,Metric Tonnes,Potato,5500.0,5500.0,5500.0,Rs./Quintal,FAQ
Athirampuzha Market,1.0,Metric Tonnes,Potato,3500.0,3700.0,3600.0,Rs./Quintal,FAQ
Balarampuram Market,0.4,Metric Tonnes,Red Nanital,4000.0,4500.0,4000.0,Rs./Quintal,FAQ
Chala Market,4.0,Metric Tonnes,Other,3200.0,3500.0,3200.0,Rs./Quintal,FAQ
Chathanoor Market,0.4,Metric Tonnes,Other,3800.0,4200.0,4000.0,Rs./Quintal,FAQ
Chavakkad Market,0.15,Metric Tonnes,Potato,4000.0,4800.0,4800.0,Rs./Quintal,FAQ
Chelakkara Market,0.2,Metric Tonnes,Potato,3800.0,4000.0,3900.0,Rs./Quintal,FAQ
Chengannur Market,0.5,Metric Tonnes,Potato,2900.0,3200.0,3000.0,Rs./Quintal,FAQ
Ettumanoor Market,1.0,Metric Tonnes,Potato,3000.0,3400.0,3200.0,Rs./Quintal,FAQ
Kallachi Market,0.1,Metric Tonnes,Other,2200.0,2600.0,2400.0,Rs./Quintal,FAQ
Kanjangadu Market,1.0,Metric Tonnes,Other,2800.0,3400.0,3000.0,Rs./Quintal,FAQ
Kayamkulam Market,3.0,Metric Tonnes,Other,1800.0,2000.0,1900.0,Rs./Quintal,FAQ
Koduvayoor Market,40.0,Metric Tonnes,Potato,3000.0,3800.0,3400.0,Rs./Quintal,Medium
Kothamangalam Market,1.0,Metric Tonnes,Potato,3500.0,4500.0,4000.0,Rs./Quintal,FAQ
Kottakkal Market,5.0,Metric Tonnes,Other,2300.0,2500.0,2400.0,Rs./Quintal,Local
Kottarakkara Market,0.01,Metric Tonnes,Other,2200.0,2200.0,2200.0,Rs./Quintal,Local
Manjeri Market,7.0,Metric Tonnes,Other,2350.0,2450.0,2400.0,Rs./Quintal,Local
Mukkom Market,0.5,Metric Tonnes,Potato,2400.0,2700.0,2600.0,Rs./Quintal,FAQ
North Paravur Market,1.0,Metric Tonnes,Red Nanital,3500.0,4500.0,4000.0,Rs./Quintal,FAQ
Pala Market,3.0,Metric Tonnes,Other,3000.0,3600.0,3300.0,Rs./Quintal,FAQ
Palakkad Market,5.0,Metric Tonnes,Potato,3300.0,4000.0,3700.0,Rs./Quintal,FAQ
Parappanangadi Market,1.6,Metric Tonnes,Other,2110.0,2310.0,2210.0,Rs./Quintal,FAQ
Pattambi Market,0.5,Metric Tonnes,Potato,2600.0,3000.0,2800.0,Rs./Quintal,FAQ
Perambra Market,0.8,Metric Tonnes,Other,2400.0,2700.0,2600.0,Rs./Quintal,FAQ
Perinthalmanna Market,4.0,Metric Tonnes,Potato,1800.0,2500.0,2000.0,Rs./Quintal,Local
Perumbavoor Market,3.0,Metric Tonnes,Potato,3500.0,4500.0,4000.0,Rs./Quintal,Medium
Punalur Market,0.001,Metric Tonnes,Potato,4500.0,4900.0,4700.0,Rs./Quintal,Medium
Taliparamba Market,0.04,Metric Tonnes,Potato,2300.0,2500.0,2400.0,Rs./Quintal,FAQ
Thalasserry Market,0.2,Metric Tonnes,Other,1800.0,2800.0,2300.0,Rs./Quintal,FAQ
Thalayolaparambu Market,0.5,Metric Tonnes,Potato,2900.0,3200.0,3000.0,Rs./Quintal,FAQ
Thamarassery Market,0.6,Metric Tonnes,Other,2500.0,3000.0,2700.0,Rs./Quintal,FAQ
Thodupuzha Market,0.5,Metric Tonnes,Other,2900.0,3100.0,3100.0,Rs./Quintal,Large
Thrippunithura Market,1.0,Metric Tonnes,Potato,4500.0,5000.0,4500.0,Rs./Quintal,Medium
Thrissur Market,10.0,Metric Tonnes,Potato,3500.0,3500.0,3500.0,Rs./Quintal,FAQ
Vadakkenchery Market,0.28,Metric Tonnes,Potato,5000.0,6000.0,6000.0,Rs./Quintal,FAQ
Vamanapuram Market,0.12,Metric Tonnes,Other,4500.0,5000.0,4500.0,Rs./Quintal,FAQ
Vandiperiyar Market,0.05,Metric Tonnes,Other,3000.0,3200.0,3200.0,Rs./Quintal,Grade Range-1
Total,109.88,Metric Tonnes,,,,3258.41,Rs./Quintal,
State/UT Name : Madhya Pradesh
Aron (F&V) APMC,0.1,Metric Tonnes,Local,940.0,1000.0,960.0,Rs./Quintal,Local
Betul(F&V) APMC,60.0,Metric Tonnes,Desi,900.0,1400.0,1200.0,Rs./Quintal,FAQ
Bhopal(F&V) APMC,78.2,Metric Tonnes,Other,400.0,1000.0,700.0,Rs./Quintal,Local
Burhanpur(F&V) APMC,13.5,Metric Tonnes,Local,400.0,800.0,650.0,Rs./Quintal,Local
Chhindwara(F&V) APMC,4.5,Metric Tonnes,Desi,800.0,1200.0,1000.0,Rs./Quintal,Local
Deori (F&V) APMC,1.8,Metric Tonnes,Potato,735.0,735.0,735.0,Rs./Quintal,Grade B
Dewas(F&V) APMC,2.4000000000000004,Metric Tonnes,Other,400.0,1400.0,700.0,Rs./Quintal,FAQ
Dhamnod(F&V) APMC,3.5,Metric Tonnes,Potato,700.0,1000.0,800.0,Rs./Quintal,Local
Guna(F&V) APMC,11.0,Metric Tonnes,Other,600.0,700.0,650.0,Rs./Quintal,Grade B
Hanumana(F&V) APMC,29.5,Metric Tonnes,Desi,925.0,925.0,925.0,Rs./Quintal,Grade A
Harda(F&V) APMC,1.5,Metric Tonnes,Desi,1200.0,1600.0,1500.0,Rs./Quintal,Medium
Indore APMC,0.7410000000000001,Metric Tonnes,Local,1023.0,1023.0,1023.0,Rs./Quintal,Non-FAQ
Indore APMC,2.041,Metric Tonnes,Local,800.0,800.0,800.0,Rs./Quintal,FAQ
Indore(F&V) APMC,894.0,Metric Tonnes,Local,300.0,1100.0,800.0,Rs./Quintal,Local
Itarsi(F&V) APMC,2.51,Metric Tonnes,Potato,900.0,1000.0,900.0,Rs./Quintal,FAQ
Jabalpur(F&V) APMC,50.0,Metric Tonnes,Potato,1100.0,1600.0,1200.0,Rs./Quintal,Medium
Kailaras APMC,3.0,Metric Tonnes,Other,1050.0,1100.0,1100.0,Rs./Quintal,FAQ
Karera(F&V) APMC,1.1,Metric Tonnes,Potato,500.0,1500.0,800.0,Rs./Quintal,Local
Katni(F&V) APMC,50.0,Metric Tonnes,Other,440.0,450.0,445.0,Rs./Quintal,Grade C
Khandwa(F&V) APMC,5.0,Metric Tonnes,Potato,350.0,800.0,500.0,Rs./Quintal,FAQ
Khargone(F&V) APMC,0.32,Metric Tonnes,Potato,700.0,1200.0,1000.0,Rs./Quintal,Medium
Khurai(F&V) APMC,2.1,Metric Tonnes,Potato,500.0,700.0,600.0,Rs./Quintal,Local
Kukshi(F&V) APMC,0.7000000000000001,Metric Tonnes,Potato,700.0,1100.0,900.0,Rs./Quintal,Grade A
Lashkar(F&V) APMC,26.0,Metric Tonnes,Local,600.0,800.0,700.0,Rs./Quintal,Grade B
Maihar(F&V) APMC,5.5,Metric Tonnes,Potato,650.0,650.0,650.0,Rs./Quintal,Local
Manawar(F&V) APMC,1.5,Metric Tonnes,Potato,1100.0,1200.0,1133.0,Rs./Quintal,Grade B
Mandsaur(F&V) APMC,3.2,Metric Tonnes,Other,610.0,1240.0,1020.0,Rs./Quintal,Grade A
Mhow (Ambedkar Nagar) (F&V) APMC,1.0,Metric Tonnes,Potato,800.0,2000.0,1300.0,Rs./Quintal,Grade B
Narmadapuram (F&V) APMC,7.1,Metric Tonnes,Potato,460.0,880.0,550.0,Rs./Quintal,FAQ
Petlawad(F&V) APMC,0.2,Metric Tonnes,Desi,1000.0,1000.0,1000.0,Rs./Quintal,Grade A
Pipariya(F&V) APMC,6.0,Metric Tonnes,Potato,600.0,1400.0,1000.0,Rs./Quintal,Local
Porsa APMC,7.5,Metric Tonnes,Potato,600.0,600.0,600.0,Rs./Quintal,FAQ
Rehli(F&V) APMC,0.4,Metric Tonnes,Potato,800.0,1000.0,900.0,Rs./Quintal,Grade C
Sabalgarh(F&V) APMC,2.0,Metric Tonnes,Desi,400.0,400.0,400.0,Rs./Quintal,FAQ
Sagar(F&V) APMC,21.400000000000002,Metric Tonnes,Local,600.0,800.0,700.0,Rs./Quintal,Local
Sanawad(F&V) APMC,2.0,Metric Tonnes,Desi,1000.0,1200.0,1100.0,Rs./Quintal,Medium
Sanwer(F&V) APMC,0.1,Metric Tonnes,Potato,800.0,1300.0,1100.0,Rs./Quintal,FAQ
Satna(F&V) APMC,2.0,Metric Tonnes,Potato,1000.0,1000.0,1000.0,Rs./Quintal,Grade A
Seoni(F&V) APMC,5.05,Metric Tonnes,Desi,1300.0,1300.0,1300.0,Rs./Quintal,Grade C
Shivpuri(F&V) APMC,5.0,Metric Tonnes,Other,700.0,700.0,700.0,Rs./Quintal,Grade B
Thandla APMC,1.62,Metric Tonnes,Other,950.0,1300.0,1125.0,Rs./Quintal,FAQ
Ujjain APMC,17.129,Metric Tonnes,Potato,382.17,757.59,757.59,Rs./Quintal,Non-FAQ
Ujjain APMC,16.081,Metric Tonnes,Potato,200.0,850.0,850.0,Rs./Quintal,FAQ
Total,1348.29,Metric Tonnes,,,,812.3,Rs./Quintal,
State/UT Name : Maharashtra
APMC Ahilyanagar ,46.5,Metric Tonnes,Other,700.0,1800.0,1250.0,Rs./Quintal,Local
APMC Akola ,46.0,Metric Tonnes,Other,500.0,1100.0,900.0,Rs./Quintal,Local
APMC Bhusaval ,4.9,Metric Tonnes,Other,1000.0,1500.0,1200.0,Rs./Quintal,Local
APMC Chattrapati Sambhajinagar ,152.0,Metric Tonnes,Other,650.0,1200.0,925.0,Rs./Quintal,Local
APMC Hingna,0.6,Metric Tonnes,Local,1300.0,1500.0,1366.0,Rs./Quintal,Local
APMC Jalgaon ,55.0,Metric Tonnes,Other,500.0,1000.0,700.0,Rs./Quintal,Local
APMC Kalyan ,0.3,Metric Tonnes,Other,900.0,1100.0,1000.0,Rs./Quintal,Local
APMC Kamthi ,3.0,Metric Tonnes,Local,2000.0,2500.0,2450.0,Rs./Quintal,Local
APMC Khed ,6.1,Metric Tonnes,Other,1000.0,1500.0,1250.0,Rs./Quintal,Local
APMC Manchar ,0.2,Metric Tonnes,Other,800.0,1000.0,925.0,Rs./Quintal,Local
APMC Nagpur ,297.5,Metric Tonnes,Local,800.0,1100.0,1025.0,Rs./Quintal,Local
APMC Nasik ,144.5,Metric Tonnes,Other,750.0,1350.0,900.0,Rs./Quintal,Local
APMC Pune ,620.3,Metric Tonnes,Local,700.0,1500.0,1100.0,Rs./Quintal,Local
APMC Rahata ,52.9,Metric Tonnes,Other,500.0,1200.0,850.0,Rs./Quintal,Local
APMC Rahuri ,3.6,Metric Tonnes,Other,1000.0,1200.0,1100.0,Rs./Quintal,Local
APMC Ramtek ,1.2,Metric Tonnes,Local,1000.0,1500.0,1300.0,Rs./Quintal,Local
APMC Satara ,27.5,Metric Tonnes,Other,1000.0,1400.0,1200.0,Rs./Quintal,Local
APMC Solapur ,110.2,Metric Tonnes,Local,900.0,1250.0,1000.0,Rs./Quintal,Local
APMC Vadgaonpeth ,9.0,Metric Tonnes,Local,1400.0,1800.0,1600.0,Rs./Quintal,Local
APMC Vaduj ,2.5,Metric Tonnes,Local,1400.0,1500.0,1450.0,Rs./Quintal,Local
APMC Vai ,2.0,Metric Tonnes,Local,1500.0,1800.0,1650.0,Rs./Quintal,Local
Amrawati(Frui & Veg. Market) ,51.8,Metric Tonnes,Local,700.0,1400.0,1050.0,Rs./Quintal,Local
Mumbai-Onion & Potato Market ,1014.3,Metric Tonnes,Other,700.0,1300.0,1000.0,Rs./Quintal,Local
Pune(Khadiki) ,0.8,Metric Tonnes,Local,800.0,1200.0,1000.0,Rs./Quintal,Local
Pune(Manjri) ,4.6,Metric Tonnes,Other,1500.0,2000.0,1800.0,Rs./Quintal,Local
Pune(Moshi) ,26.6,Metric Tonnes,Local,1200.0,1200.0,1200.0,Rs./Quintal,Local
"Sangli(Phale, Bhajipala Market) ",39.5,Metric Tonnes,Local,800.0,1700.0,1250.0,Rs./Quintal,Local
Total,2723.4,Metric Tonnes,,,,1025.25,Rs./Quintal,
State/UT Name : Manipur
Bishenpur APMC,1.8,Metric Tonnes,Other,2500.0,3000.0,2750.0,Rs./Quintal,FAQ
Imphal APMC,4.7,Metric Tonnes,Other,1800.0,2500.0,2150.0,Rs./Quintal,FAQ
Kakching Market APMC,0.9,Metric Tonnes,Other,3000.0,3500.0,3250.0,Rs./Quintal,FAQ
Lamlong Bazaar APMC,1.9,Metric Tonnes,Other,2500.0,3000.0,2750.0,Rs./Quintal,FAQ
Thoubal APMC,1.8,Metric Tonnes,Other,2500.0,3000.0,2750.0,Rs./Quintal,FAQ
Total,11.1,Metric Tonnes,,,,2536.49,Rs./Quintal,
State/UT Name : Meghalaya
Jowai APMC,1.5,Metric Tonnes,Jyoti,1300.0,2000.0,1650.0,Rs./Quintal,Local
Shillong APMC,11.0,Metric Tonnes,Local,1600.0,1800.0,1700.0,Rs./Quintal,FAQ
Tura APMC,1.7,Metric Tonnes,Local,2000.0,2500.0,2200.0,Rs./Quintal,Medium
Total,14.2,Metric Tonnes,,,,1754.58,Rs./Quintal,
State/UT Name : NCT of Delhi
APMC Azadpur,1592.8,Metric Tonnes,Potato,200.0,1900.0,1087.0,Rs./Quintal,FAQ
APMC Keshopur,130.1,Metric Tonnes,Other,800.0,1300.0,1250.0,Rs./Quintal,FAQ
"Fruit&Vegetable Market,Gazipur APMC",698.5,Metric Tonnes,Potato,900.0,1100.0,1000.0,Rs./Quintal,FAQ
Total,2421.4,Metric Tonnes,,,,1070.66,Rs./Quintal,
State/UT Name : Nagaland
Longleng APMC,0.15000000000000002,Metric Tonnes,Potato,1700.0,2100.0,1900.0,Rs./Quintal,FAQ
Total,0.15,Metric Tonnes,,,,1900.0,Rs./Quintal,
State/UT Name : Odisha
Balugaon APMC,2.5,Metric Tonnes,Kufri Giriraj,2200.0,2200.0,2200.0,Rs./Quintal,Grade A
Bargarh APMC,257.0,Metric Tonnes,Potato,3000.0,4000.0,3500.0,Rs./Quintal,Local
Birmaharajpur APMC,1.5,Metric Tonnes,Other,1700.0,1850.0,1750.0,Rs./Quintal,Local
Bolangir APMC,6.0,Metric Tonnes,Other,1400.0,1800.0,1600.0,Rs./Quintal,Medium
Boudh APMC,2.0,Metric Tonnes,Other,1800.0,2200.0,2000.0,Rs./Quintal,Local
Dungurapalli APMC,0.30000000000000004,Metric Tonnes,Other,2000.0,2130.0,2100.0,Rs./Quintal,Local
Hindol APMC,2.5,Metric Tonnes,Potato,1300.0,1500.0,1400.0,Rs./Quintal,Grade B
Jagatsinghpur APMC,350.0,Metric Tonnes,Potato,1300.0,1500.0,1400.0,Rs./Quintal,FAQ
Jharsuguda APMC,2.1,Metric Tonnes,Other,1700.0,2000.0,1700.0,Rs./Quintal,Grade A
Kamakhyanagar APMC,6.0,Metric Tonnes,Potato,3000.0,3000.0,3000.0,Rs./Quintal,Grade A
Keonjhar APMC,0.4,Metric Tonnes,Other,1400.0,1500.0,1500.0,Rs./Quintal,Local
Khariar APMC,0.5,Metric Tonnes,Potato,2000.0,2000.0,2000.0,Rs./Quintal,Grade A
Khariar Road APMC,1.2,Metric Tonnes,Other,2000.0,2000.0,2000.0,Rs./Quintal,Grade A
Pandkital APMC,0.25,Metric Tonnes,Other,2000.0,2150.0,2100.0,Rs./Quintal,Local
Rairakhol APMC,1.0,Metric Tonnes,Potato,1200.0,1800.0,1500.0,Rs./Quintal,Grade B
Sargipali APMC,2.4000000000000004,Metric Tonnes,Other,1100.0,1500.0,1200.0,Rs./Quintal,FAQ
Talcher APMC,3.3000000000000003,Metric Tonnes,Other,1700.0,2150.0,1900.0,Rs./Quintal,Medium
Tusura APMC,4.5,Metric Tonnes,Other,1400.0,1800.0,1600.0,Rs./Quintal,Medium
Udala APMC,3.0,Metric Tonnes,Potato,900.0,1100.0,1000.0,Rs./Quintal,FAQ
Total,646.45,Metric Tonnes,,,,2262.05,Rs./Quintal,
State/UT Name : Punjab
Adampur APMC,4.3,Metric Tonnes,Local,500.0,600.0,600.0,Rs./Quintal,FAQ
Ahmedgarh APMC,0.2,Metric Tonnes,Local,350.0,380.0,380.0,Rs./Quintal,Medium
Baghapurana APMC,1.0,Metric Tonnes,Potato,600.0,800.0,700.0,Rs./Quintal,Grade B
Balachaur APMC,6.2,Metric Tonnes,Other,600.0,800.0,700.0,Rs./Quintal,Medium
Banur APMC,0.5,Metric Tonnes,Other,1100.0,1100.0,1100.0,Rs./Quintal,Grade A
Bassi Pathana APMC,1.5,Metric Tonnes,Potato,1000.0,1200.0,1100.0,Rs./Quintal,Medium
Bathinda APMC,380.0,Metric Tonnes,Other,700.0,850.0,750.0,Rs./Quintal,Grade B
Bhagta Bhai Ka APMC,0.6,Metric Tonnes,Other,800.0,800.0,800.0,Rs./Quintal,Medium
Bhucho APMC,0.3,Metric Tonnes,Local,700.0,700.0,700.0,Rs./Quintal,Local
Dasuya APMC,2.0,Metric Tonnes,Potato,1000.0,1000.0,1000.0,Rs./Quintal,FAQ
Dera Bassi APMC,2.2,Metric Tonnes,Potato,1400.0,1400.0,1400.0,Rs./Quintal,Local
Dharamkot APMC,1.941,Metric Tonnes,Other,1000.0,1000.0,1000.0,Rs./Quintal,Grade A
Dhuri APMC,1.0,Metric Tonnes,Other,580.0,650.0,600.0,Rs./Quintal,Medium
Dinanagar APMC,3.95,Metric Tonnes,Potato,1000.0,1200.0,1100.0,Rs./Quintal,Medium
Doraha APMC,4.4,Metric Tonnes,Desi,250.0,700.0,500.0,Rs./Quintal,Local
Dudhansadhan APMC,0.6,Metric Tonnes,Other,800.0,800.0,800.0,Rs./Quintal,Grade B
F.G.Churian APMC,0.45,Metric Tonnes,Potato,1000.0,1000.0,1000.0,Rs./Quintal,Grade A
Fazilka APMC,11.799,Metric Tonnes,Potato,900.0,900.0,900.0,Rs./Quintal,FAQ
Ferozepur Cantt. APMC,0.25,Metric Tonnes,Local,400.0,500.0,450.0,Rs./Quintal,Grade A
Garh Shankar APMC,8.9,Metric Tonnes,Potato,1000.0,1000.0,1000.0,Rs./Quintal,FAQ
Garh Shankar(Mahalpur) APMC,6.5,Metric Tonnes,Potato,700.0,700.0,700.0,Rs./Quintal,FAQ
GarhShankar (Kotfatuhi) APMC,0.7,Metric Tonnes,Other,1000.0,1000.0,1000.0,Rs./Quintal,FAQ
Ghanaur APMC,0.2,Metric Tonnes,Other,700.0,900.0,800.0,Rs./Quintal,FAQ
Giddarbaha APMC,2.8,Metric Tonnes,Potato,900.0,900.0,900.0,Rs./Quintal,FAQ
Goraya APMC,0.2,Metric Tonnes,Other,800.0,800.0,800.0,Rs./Quintal,Local
Jagraon APMC,4.0,Metric Tonnes,Other,230.0,230.0,230.0,Rs./Quintal,FAQ
Jalandhar City(Jalandhar) APMC,211.9,Metric Tonnes,Other,100.0,660.0,400.0,Rs./Quintal,FAQ
Kapurthala APMC,10.0,Metric Tonnes,Potato,400.0,600.0,500.0,Rs./Quintal,Local
Khamano APMC,0.5,Metric Tonnes,Potato,1000.0,1000.0,1000.0,Rs./Quintal,FAQ
Khanna APMC,41.5,Metric Tonnes,Local,500.0,500.0,500.0,Rs./Quintal,Grade A
Kharar APMC,10.200000000000001,Metric Tonnes,Potato,700.0,900.0,800.0,Rs./Quintal,Non-FAQ
Kotkapura APMC,10.0,Metric Tonnes,Red,1000.0,2000.0,1500.0,Rs./Quintal,FAQ
Kurali APMC,3.2,Metric Tonnes,Other,800.0,800.0,800.0,Rs./Quintal,Medium
Lalru APMC,5.5,Metric Tonnes,Other,850.0,850.0,850.0,Rs./Quintal,Local
Lehra Gaga APMC,7.5,Metric Tonnes,Other,700.0,700.0,700.0,Rs./Quintal,Grade A
Lohian Khas APMC,1.0,Metric Tonnes,Other,300.0,500.0,400.0,Rs./Quintal,Local
Machhiwara APMC,1.602,Metric Tonnes,Local,600.0,800.0,700.0,Rs./Quintal,FAQ
Malerkotla APMC,8.0,Metric Tonnes,Other,300.0,600.0,500.0,Rs./Quintal,Local
Malout APMC,9.046,Metric Tonnes,Potato,500.0,500.0,500.0,Rs./Quintal,Grade A
Mamdot APMC,1.7,Metric Tonnes,Other,780.0,780.0,780.0,Rs./Quintal,Local
Mansa APMC,10.0,Metric Tonnes,Other,940.0,940.0,940.0,Rs./Quintal,FAQ
Maur APMC,0.6000000000000001,Metric Tonnes,Other,650.0,750.0,700.0,Rs./Quintal,Grade B
Mukerian APMC,2.9800000000000004,Metric Tonnes,Potato,1000.0,1200.0,1100.0,Rs./Quintal,Local
Mukerian(Talwara) APMC,1.2000000000000002,Metric Tonnes,Potato,800.0,1600.0,1200.0,Rs./Quintal,FAQ
Muktsar APMC,12.0,Metric Tonnes,Potato,600.0,1200.0,850.0,Rs./Quintal,Medium
Nabha APMC,17.2,Metric Tonnes,Other,350.0,600.0,480.0,Rs./Quintal,Grade C
Nakodar APMC,1.0,Metric Tonnes,Potato,400.0,400.0,400.0,Rs./Quintal,Local
Nawan Shahar(Subzi Mandi) APMC,8.0,Metric Tonnes,Potato,700.0,800.0,750.0,Rs./Quintal,FAQ
Nihal Singh Wala APMC,1.0,Metric Tonnes,Potato,650.0,650.0,650.0,Rs./Quintal,FAQ
Pathankot APMC,55.0,Metric Tonnes,Potato,500.0,500.0,500.0,Rs./Quintal,Medium
Patiala APMC,49.0,Metric Tonnes,Potato,500.0,700.0,600.0,Rs./Quintal,Grade A
Patran APMC,117.0,Metric Tonnes,Other,400.0,400.0,400.0,Rs./Quintal,Grade A
Patti APMC,0.8,Metric Tonnes,Potato,0.05,0.05,0.05,Rs./Quintal,Local
Phagwara APMC,28.6,Metric Tonnes,Other,200.0,800.0,560.0,Rs./Quintal,FAQ
Phillaur(Apra Mandi) APMC,0.2,Metric Tonnes,Other,900.0,900.0,900.0,Rs./Quintal,FAQ
Quadian APMC,1.5,Metric Tonnes,Other,400.0,600.0,500.0,Rs./Quintal,Grade A
Raikot APMC,4.0,Metric Tonnes,Badshah,650.0,650.0,650.0,Rs./Quintal,Grade A
Rajpura APMC,7.0,Metric Tonnes,Local,790.0,900.0,850.0,Rs./Quintal,Grade A
Raman APMC,2.8000000000000003,Metric Tonnes,Other,505.0,595.0,560.0,Rs./Quintal,Medium
Rampuraphul(Nabha Mandi) APMC,4.0,Metric Tonnes,Other,600.0,800.0,700.0,Rs./Quintal,Grade A
Rayya APMC,0.053,Metric Tonnes,Other,693.0,693.0,693.0,Rs./Quintal,FAQ
Ropar APMC,160.0,Metric Tonnes,Local,700.0,900.0,800.0,Rs./Quintal,Non-FAQ
Samana APMC,40.0,Metric Tonnes,Other,500.0,1400.0,600.0,Rs./Quintal,Grade Range-2
Samrala APMC,2.5,Metric Tonnes,Other,400.0,500.0,450.0,Rs./Quintal,Local
Sangrur APMC,8.0,Metric Tonnes,Local,700.0,780.0,750.0,Rs./Quintal,Local
Sirhind APMC,8.4,Metric Tonnes,Other,600.0,900.0,800.0,Rs./Quintal,Local
Sunam APMC,8.0,Metric Tonnes,Potato,650.0,650.0,650.0,Rs./Quintal,Grade A
Tanda Urmur APMC,2.9000000000000004,Metric Tonnes,Local,1000.0,1200.0,1100.0,Rs./Quintal,Grade A
Zira APMC,1.71,Metric Tonnes,Other,700.0,700.0,700.0,Rs./Quintal,Local
Total,1323.58,Metric Tonnes,,,,639.5,Rs./Quintal,
State/UT Name : Rajasthan
Ajmer(F&V) APMC,88.7,Metric Tonnes,Other,700.0,1000.0,800.0,Rs./Quintal,Medium
Baran APMC,3.0,Metric Tonnes,Other,500.0,800.0,650.0,Rs./Quintal,Local
Bassi APMC,0.2,Metric Tonnes,Other,1800.0,2200.0,2000.0,Rs./Quintal,Local
Bayana APMC,5.0,Metric Tonnes,Other,1200.0,1200.0,1200.0,Rs./Quintal,Local
Bhadara APMC,1.4,Metric Tonnes,Other,800.0,900.0,864.0,Rs./Quintal,FAQ
Bhilwara APMC,19.200000000000003,Metric Tonnes,Other,900.0,1100.0,1000.0,Rs./Quintal,FAQ
Churu APMC,3.5,Metric Tonnes,Red Nanital,900.0,1100.0,1000.0,Rs./Quintal,FAQ
Goluwala APMC,0.125,Metric Tonnes,Red Nanital,700.0,700.0,700.0,Rs./Quintal,Non-FAQ
HanumangarhTown APMC,214.8,Metric Tonnes,Red Nanital,600.0,600.0,600.0,Rs./Quintal,Non-FAQ
Jaipur (F&V) APMC,159.4,Metric Tonnes,Other,400.0,800.0,600.0,Rs./Quintal,FAQ
Jaisalmer APMC,1.4000000000000001,Metric Tonnes,Potato,900.0,1100.0,1000.0,Rs./Quintal,Grade A
Jodhpur (F&V) APMC,190.0,Metric Tonnes,Potato,400.0,700.0,500.0,Rs./Quintal,Medium
Kota (F&V) APMC,184.2,Metric Tonnes,Other,600.0,600.0,600.0,Rs./Quintal,Medium
Rajsamand APMC,5.4,Metric Tonnes,Potato,1000.0,1200.0,1100.0,Rs./Quintal,FAQ
Rawatsar APMC,1.3,Metric Tonnes,Red Nanital,500.0,2500.0,800.0,Rs./Quintal,FAQ
Sangriya APMC,0.8,Metric Tonnes,Potato,400.0,1000.0,600.0,Rs./Quintal,Local
Sikar APMC,60.5,Metric Tonnes,Other,700.0,700.0,700.0,Rs./Quintal,FAQ
Sriganganagar (F&V) APMC,30.0,Metric Tonnes,Desi,800.0,1200.0,1000.0,Rs./Quintal,Grade B
Sujangarh APMC,1.8,Metric Tonnes,Other,700.0,900.0,800.0,Rs./Quintal,Local
Udaipur (F&V) APMC,40.1,Metric Tonnes,Other,400.0,900.0,650.0,Rs./Quintal,Medium
Total,1010.82,Metric Tonnes,,,,635.19,Rs./Quintal,
State/UT Name : Tamil Nadu
AJattihalli(Uzhavar Sandhai ),0.48,Metric Tonnes,Other,2400.0,2800.0,2600.0,Rs./Quintal,Local
Alangudi(Uzhavar Sandhai ),0.11,Metric Tonnes,Other,6000.0,7000.0,6500.0,Rs./Quintal,Local
Ambattur(Uzhavar Sandhai ),0.05,Metric Tonnes,Red Nanital,4000.0,4000.0,4000.0,Rs./Quintal,Local
Ammapet(Uzhavar Sandhai ),0.11,Metric Tonnes,Other,4000.0,4500.0,4250.0,Rs./Quintal,Local
Anaiyur(Uzhavar Sandhai ),0.35,Metric Tonnes,Red Nanital,4500.0,5000.0,4750.0,Rs./Quintal,Local
Andipatti(Uzhavar Sandhai ),0.35,Metric Tonnes,Red Nanital,2500.0,2800.0,2650.0,Rs./Quintal,Local
Anna nagar(Uzhavar Sandhai ),0.31,Metric Tonnes,Other,6000.0,6000.0,6000.0,Rs./Quintal,Local
Arani(Uzhavar Sandhai ),0.58,Metric Tonnes,Red Nanital,3000.0,3600.0,3300.0,Rs./Quintal,Local
Arcot(Uzhavar Sandhai ),0.29,Metric Tonnes,Red Nanital,3000.0,3000.0,3000.0,Rs./Quintal,Local
Ariyalur(Uzhavar Sandhai),0.05,Metric Tonnes,Red Nanital,3500.0,4000.0,3750.0,Rs./Quintal,Local
Aruppukottai(Uzhavar Sandhai ),0.25,Metric Tonnes,Red Nanital,3000.0,3500.0,3250.0,Rs./Quintal,Local
Athur(Uzhavar Sandhai ),0.18,Metric Tonnes,Other,5000.0,5500.0,5250.0,Rs./Quintal,Local
Avallapalli(Uzhavar Sandhai ),0.15,Metric Tonnes,Red Nanital,2000.0,2500.0,2250.0,Rs./Quintal,Local
Bodinayakanur(Uzhavar Sandhai ),0.25,Metric Tonnes,Red Nanital,2800.0,2800.0,2800.0,Rs./Quintal,Local
Chengalpet(Uzhavar Sandhai ),0.09,Metric Tonnes,Red Nanital,2500.0,3000.0,2750.0,Rs./Quintal,Local
Cheyyar(Uzhavar Sandhai ),0.05,Metric Tonnes,Other,3000.0,3700.0,3350.0,Rs./Quintal,Local
Chidambaram(Uzhavar Sandhai ),0.01,Metric Tonnes,Red Nanital,4000.0,4000.0,4000.0,Rs./Quintal,Local
Chinnalapatti(Uzhavar Sandhai ),0.08,Metric Tonnes,Other,4000.0,5000.0,4500.0,Rs./Quintal,Local
Chinnamanur(Uzhavar Sandhai ),0.28,Metric Tonnes,Other,4400.0,4400.0,4400.0,Rs./Quintal,Local
Chokkikulam(Uzhavar Sandhai ),1.65,Metric Tonnes,Red Nanital,3000.0,5000.0,4000.0,Rs./Quintal,Local
Coonoor(Uzhavar Sandhai ),0.7,Metric Tonnes,Other,5000.0,6000.0,5500.0,Rs./Quintal,Local
Cuddalore(Uzhavar Sandhai ),0.35,Metric Tonnes,Red Nanital,4000.0,4000.0,4000.0,Rs./Quintal,Local
Denkanikottai(Uzhavar Sandhai ),0.18,Metric Tonnes,Red Nanital,2000.0,2500.0,2250.0,Rs./Quintal,Local
Devakottai (Uzhavar Sandhai ),0.15,Metric Tonnes,Other,3000.0,3400.0,3200.0,Rs./Quintal,Local
Devaram(Uzhavar Sandhai ),0.23,Metric Tonnes,Red Nanital,2800.0,2800.0,2800.0,Rs./Quintal,Local
Dharapuram(Uzhavar Sandhai ),0.6,Metric Tonnes,Red Nanital,3000.0,6000.0,4500.0,Rs./Quintal,Local
Dharmapuri(Uzhavar Sandhai ),0.48,Metric Tonnes,Red Nanital,2600.0,2800.0,2700.0,Rs./Quintal,Local
Dindigul(Uzhavar Sandhai ),0.55,Metric Tonnes,Other,4000.0,5000.0,4500.0,Rs./Quintal,Local
Edapadi (Uzhavar Sandhai ),0.08,Metric Tonnes,Other,4500.0,5000.0,4750.0,Rs./Quintal,Local
Elampillai(Uzhavar Sandhai ),0.38,Metric Tonnes,Other,2500.0,2800.0,2650.0,Rs./Quintal,Local
Gandarvakottai(Uzhavar Sandhai ),0.26,Metric Tonnes,Red Nanital,5500.0,6000.0,5750.0,Rs./Quintal,Local
Gandhigramam(Uzhavar Sandhai),0.34,Metric Tonnes,Other,3500.0,5000.0,4250.0,Rs./Quintal,Local
Gingee(Uzhavar Sandhai ),0.07,Metric Tonnes,Red Nanital,4000.0,4000.0,4000.0,Rs./Quintal,Local
Gobichettipalayam(Uzhavar Sandhai ),0.18,Metric Tonnes,Red Nanital,3600.0,3800.0,3700.0,Rs./Quintal,Local
Gudalur(Uzhavar Sandhai ),0.05,Metric Tonnes,Red Nanital,4000.0,5000.0,4500.0,Rs./Quintal,Local
Gudiyatham(Uzhavar Sandhai ),0.05,Metric Tonnes,Red Nanital,3000.0,3600.0,3300.0,Rs./Quintal,Local
Guduvancheri(Uzhavar Sandhai ),0.06,Metric Tonnes,Other,2500.0,3000.0,2750.0,Rs./Quintal,Local
Harur(Uzhavar Sandhai ),0.16,Metric Tonnes,Red Nanital,2500.0,3000.0,2750.0,Rs./Quintal,Local
Hasthampatti(Uzhavar Sandhai ),0.35,Metric Tonnes,Other,4500.0,5000.0,4750.0,Rs./Quintal,Local
Hosur(Uzhavar Sandhai ),2.02,Metric Tonnes,Red Nanital,2000.0,2500.0,2250.0,Rs./Quintal,Local
Jalagandapuram(Uzhavar Sandhai ),0.16,Metric Tonnes,Other,2600.0,2800.0,2700.0,Rs./Quintal,Local
Jameenrayapettai(Uzhavar Sandhai ),0.17,Metric Tonnes,Other,2500.0,3000.0,2750.0,Rs./Quintal,Local
KKNagar(Uzhavar Sandhai ),1.2,Metric Tonnes,Other,3000.0,3000.0,3000.0,Rs./Quintal,Local
Kahithapattarai(Uzhavar Sandhai ),0.12,Metric Tonnes,Other,2400.0,2400.0,2400.0,Rs./Quintal,Local
Kallakurichi(Uzhavar Sandhai ),0.19,Metric Tonnes,Red Nanital,3500.0,3500.0,3500.0,Rs./Quintal,Local
Kambam(Uzhavar Sandhai ),1.6,Metric Tonnes,Red Nanital,2800.0,2800.0,2800.0,Rs./Quintal,Local
Kancheepuram(Uzhavar Sandhai ),0.08,Metric Tonnes,Other,2800.0,4000.0,3400.0,Rs./Quintal,Local
Karaikudi(Uzhavar Sandhai ),0.28,Metric Tonnes,Red Nanital,4800.0,5400.0,5100.0,Rs./Quintal,Local
Karimangalam(Uzhavar Sandhai),0.12,Metric Tonnes,Other,2600.0,2800.0,2700.0,Rs./Quintal,Local
Kariyapatti(Uzhavar Sandhai ),0.12,Metric Tonnes,Red Nanital,3000.0,3500.0,3250.0,Rs./Quintal,Local
Karur(Uzhavar Sandhai ),0.22,Metric Tonnes,Other,6000.0,6500.0,6250.0,Rs./Quintal,Local
Katpadi (Uzhavar Sandhai ),0.85,Metric Tonnes,Red Nanital,2500.0,3500.0,3000.0,Rs./Quintal,Local
Kaveripattinam(Uzhavar Sandhai ),0.09,Metric Tonnes,Red Nanital,4000.0,4000.0,4000.0,Rs./Quintal,Local
Kovilpatti(Uzhavar Sandhai ),0.18,Metric Tonnes,Other,3000.0,3500.0,3250.0,Rs./Quintal,Local
Krishnagiri(Uzhavar Sandhai ),0.95,Metric Tonnes,Red Nanital,2000.0,2600.0,2300.0,Rs./Quintal,Local
Kulithalai(Uzhavar Sandhai ),0.37,Metric Tonnes,Other,5000.0,5500.0,5250.0,Rs./Quintal,Local
Kumarapalayam(Uzhavar Sandhai ),0.06,Metric Tonnes,Other,2800.0,3000.0,2900.0,Rs./Quintal,Local
Kumbakonam (Uzhavar Sandhai ),0.71,Metric Tonnes,Red Nanital,3000.0,3600.0,3300.0,Rs./Quintal,Local
Kundrathur(Uzhavar Sandhai ),0.2,Metric Tonnes,Other,2800.0,2800.0,2800.0,Rs./Quintal,Local
Lalgudi(Uzhavar Sandhai ),0.24,Metric Tonnes,Other,3000.0,3000.0,3000.0,Rs./Quintal,Local
Madhuranthagam(Uzhavar Sandhai ),0.06,Metric Tonnes,Red Nanital,4000.0,4000.0,4000.0,Rs./Quintal,Local
Manachanallur(Uzhavar Sandhai ),0.15,Metric Tonnes,Other,3000.0,3500.0,3250.0,Rs./Quintal,Local
Manapparai(Uzhavar Sandhai ),0.22,Metric Tonnes,Other,3000.0,3000.0,3000.0,Rs./Quintal,Local
Mannargudi I(Uzhavar Sandhai ),1.28,Metric Tonnes,Other,3000.0,3000.0,3000.0,Rs./Quintal,Local
Mannargudi II(Uzhavar Sandhai ),0.42,Metric Tonnes,Other,3000.0,3000.0,3000.0,Rs./Quintal,Local
Mayiladuthurai(Uzhavar Sandhai ),0.08,Metric Tonnes,Red Nanital,3000.0,3000.0,3000.0,Rs./Quintal,Local
Medavakkam(Uzhavar Sandhai ),0.05,Metric Tonnes,Other,3500.0,3500.0,3500.0,Rs./Quintal,Local
Melapalayam(Uzhavar Sandhai ),0.75,Metric Tonnes,Other,2200.0,2500.0,2350.0,Rs./Quintal,Local
Mettupalayam(Uzhavar Sandhai ),0.52,Metric Tonnes,Red Nanital,3600.0,5000.0,4300.0,Rs./Quintal,Local
Mettur(Uzhavar Sandhai ),0.18,Metric Tonnes,Other,4000.0,4500.0,4250.0,Rs./Quintal,Local
Mohanur(Uzhavar Sandhai ),0.21,Metric Tonnes,Other,3200.0,3500.0,3350.0,Rs./Quintal,Local
Musiri(Uzhavar Sandhai ),0.38,Metric Tonnes,Other,2600.0,3000.0,2800.0,Rs./Quintal,Local
Muthupettai(Uzhavar Sandhai ),0.04,Metric Tonnes,Red Nanital,3000.0,3000.0,3000.0,Rs./Quintal,Local
Myladi(Uzhavar Sandhai ),0.04,Metric Tonnes,Red Nanital,3000.0,3500.0,3250.0,Rs./Quintal,Local
NGO Colony(Uzhavar Sandhai ),0.37,Metric Tonnes,Red Nanital,2000.0,2500.0,2250.0,Rs./Quintal,Local
Nagapattinam(Uzhavar Sandhai ),0.1,Metric Tonnes,Red Nanital,3500.0,4000.0,3750.0,Rs./Quintal,Local
Namakkal(Uzhavar Sandhai ),0.77,Metric Tonnes,Other,2500.0,3000.0,2750.0,Rs./Quintal,Local
Nanganallur(Uzhavar Sandhai ),0.1,Metric Tonnes,Red Nanital,3500.0,4000.0,3750.0,Rs./Quintal,Local
Naravarikuppam(Uzhavar Sandhai ),0.07,Metric Tonnes,Red Nanital,4000.0,4000.0,4000.0,Rs./Quintal,Local
Natrampalli(Uzhavar Sandhai ),0.36,Metric Tonnes,Red Nanital,3000.0,3500.0,3250.0,Rs./Quintal,Local
Padappai(Uzhavar Sandhai ),0.15,Metric Tonnes,Other,2800.0,4000.0,3400.0,Rs./Quintal,Local
Palacode(Uzhavar Sandhai ),0.22,Metric Tonnes,Other,2800.0,3000.0,2900.0,Rs./Quintal,Local
Palanganatham(Uzhavar Sandhai ),0.45,Metric Tonnes,Other,4500.0,5000.0,4750.0,Rs./Quintal,Local
Palani(Uzhavar Sandhai ),1.1,Metric Tonnes,Other,3400.0,4000.0,3700.0,Rs./Quintal,Local
Palayamkottai(Uzhavar Sandhai ),2.35,Metric Tonnes,Red Nanital,2300.0,2500.0,2400.0,Rs./Quintal,Local
Palladam(Uzhavar Sandhai ),0.15,Metric Tonnes,Red Nanital,2500.0,3000.0,2750.0,Rs./Quintal,Local
Pallavaram(Uzhavar Sandhai ),0.46,Metric Tonnes,Other,2500.0,3000.0,2750.0,Rs./Quintal,Local
Pallikonda(Uzhavar Sandhai),0.05,Metric Tonnes,Red Nanital,3000.0,3000.0,3000.0,Rs./Quintal,Local
Panruti(Uzhavar Sandhai ),0.07,Metric Tonnes,Red Nanital,4000.0,4000.0,4000.0,Rs./Quintal,Local
Papanasam(Uzhavar Sandhai ),0.22,Metric Tonnes,Red Nanital,3000.0,3600.0,3300.0,Rs./Quintal,Local
Paramakudi(Uzhavar Sandhai ),0.47,Metric Tonnes,Red Nanital,4800.0,5000.0,4900.0,Rs./Quintal,Local
Paramathivelur(Uzhavar Sandhai ),0.18,Metric Tonnes,Red Nanital,2500.0,3000.0,2750.0,Rs./Quintal,Local
Paruthipattu(Uzhavar Sandhai ),0.18,Metric Tonnes,Red Nanital,4000.0,4000.0,4000.0,Rs./Quintal,Local
Pattukottai(Uzhavar Sandhai ),0.25,Metric Tonnes,Red Nanital,3000.0,3000.0,3000.0,Rs./Quintal,Local
Pennagaram(Uzhavar Sandhai ),0.19,Metric Tonnes,Red Nanital,3000.0,3500.0,3250.0,Rs./Quintal,Local
Perambalur(Uzhavar Sandhai ),0.53,Metric Tonnes,Other,2800.0,3000.0,2900.0,Rs./Quintal,Local
Perampet(Uzhavar Sandhai),0.03,Metric Tonnes,Red Nanital,3000.0,3000.0,3000.0,Rs./Quintal,Local
Periyakulam(Uzhavar Sandhai ),0.25,Metric Tonnes,Other,2600.0,2800.0,2700.0,Rs./Quintal,Local
Perundurai(Uzhavar Sandhai ),0.13,Metric Tonnes,Other,3500.0,3800.0,3650.0,Rs./Quintal,Local
Pollachi(Uzhavar Sandhai ),0.16,Metric Tonnes,Red Nanital,4000.0,6500.0,5250.0,Rs./Quintal,Local
Polur(Uzhavar Sandhai ),0.25,Metric Tonnes,Red Nanital,3600.0,4000.0,3800.0,Rs./Quintal,Local
Pudukottai(Uzhavar Sandhai ),0.59,Metric Tonnes,Other,5000.0,6000.0,5500.0,Rs./Quintal,Local
RSPuram(Uzhavar Sandhai ),3.37,Metric Tonnes,Other,4500.0,5200.0,4850.0,Rs./Quintal,Local
Rajapalayam(Uzhavar Sandhai ),0.26,Metric Tonnes,Red Nanital,2500.0,3000.0,2750.0,Rs./Quintal,Local
Ramanathapuram(Uzhavar Sandhai ),0.11,Metric Tonnes,Red Nanital,5000.0,5500.0,5250.0,Rs./Quintal,Local
Ranipettai(Uzhavar Sandhai ),0.1,Metric Tonnes,Other,3000.0,3000.0,3000.0,Rs./Quintal,Local
Rasipuram(Uzhavar Sandhai ),0.78,Metric Tonnes,Other,3000.0,3500.0,3250.0,Rs./Quintal,Local
Sampath Nagar(Uzhavar Sandhai ),0.32,Metric Tonnes,Other,4600.0,5000.0,4800.0,Rs./Quintal,Local
Sankarapuram(Uzhavar Sandhai ),0.16,Metric Tonnes,Red Nanital,3500.0,3500.0,3500.0,Rs./Quintal,Local
Sathiyamagalam(Uzhavar Sandhai ),0.24,Metric Tonnes,Other,3400.0,3800.0,3600.0,Rs./Quintal,Local
Sathur(Uzhavar Sandhai ),0.02,Metric Tonnes,Red Nanital,3500.0,4000.0,3750.0,Rs./Quintal,Local
Singampunari(Uzhavar Sandhai ),0.08,Metric Tonnes,Other,4600.0,5200.0,4900.0,Rs./Quintal,Local
Singanallur(Uzhavar Sandhai ),1.15,Metric Tonnes,Red Nanital,4000.0,5400.0,4700.0,Rs./Quintal,Local
Sirkali(Uzhavar Sandhai ),0.38,Metric Tonnes,Red Nanital,3600.0,4000.0,3800.0,Rs./Quintal,Local
Sivagangai (Uzhavar Sandhai ),0.38,Metric Tonnes,Red Nanital,4600.0,5200.0,4900.0,Rs./Quintal,Local
Sivakasi(Uzhavar Sandhai ),0.04,Metric Tonnes,Red Nanital,5000.0,6000.0,5500.0,Rs./Quintal,Local
Sooramangalam(Uzhavar Sandhai ),0.36,Metric Tonnes,Other,5000.0,6000.0,5500.0,Rs./Quintal,Local
Srivilliputhur(Uzhavar Sandhai ),0.14,Metric Tonnes,Red Nanital,2500.0,3000.0,2750.0,Rs./Quintal,Local
Sulur(Uzhavar Sandhai ),0.26,Metric Tonnes,Red Nanital,4600.0,5400.0,5000.0,Rs./Quintal,Local
Sundarapuram(Uzhavar Sandhai ),0.25,Metric Tonnes,Other,5000.0,5500.0,5250.0,Rs./Quintal,Local
Sunguvarchatram(Uzhavar Sandhai ),0.25,Metric Tonnes,Other,2800.0,2800.0,2800.0,Rs./Quintal,Local
Thalavadi(Uzhavar Sandhai ),0.1,Metric Tonnes,Red Nanital,3400.0,3800.0,3600.0,Rs./Quintal,Local
Thalavaipuram(Uzhavar Sandhai ),0.05,Metric Tonnes,Red Nanital,2500.0,3000.0,2750.0,Rs./Quintal,Local
Thammampatti (Uzhavar Sandhai ),0.38,Metric Tonnes,Other,2800.0,3000.0,2900.0,Rs./Quintal,Local
Thanjavur(Uzhavar Sandhai ),1.16,Metric Tonnes,Red Nanital,3000.0,4000.0,3500.0,Rs./Quintal,Local
Thathakapatti(Uzhavar Sandhai ),0.6,Metric Tonnes,Red Nanital,2800.0,6000.0,4400.0,Rs./Quintal,Local
Theni(Uzhavar Sandhai ),0.13,Metric Tonnes,Other,4500.0,4500.0,4500.0,Rs./Quintal,Local
Thirupathur APMC,0.31,Metric Tonnes,Red Nanital,3000.0,3000.0,3000.0,Rs./Quintal,Local
Thiruverumbur(Uzhavar Sandhai ),0.65,Metric Tonnes,Other,3000.0,3000.0,3000.0,Rs./Quintal,Local
Thuraiyur APMC,0.45,Metric Tonnes,Other,2500.0,3000.0,2750.0,Rs./Quintal,Local
Tindivanam APMC,0.09,Metric Tonnes,Red Nanital,3800.0,3800.0,3800.0,Rs./Quintal,Local
Tiruchengode APMC,0.39,Metric Tonnes,Other,2500.0,3000.0,2750.0,Rs./Quintal,Local
Tirukattupalli(Uzhavar Sandhai ),0.26,Metric Tonnes,Red Nanital,3000.0,3000.0,3000.0,Rs./Quintal,Local
Tirupatthur(Uzhavar Sandhai ),0.23,Metric Tonnes,Red Nanital,3200.0,3500.0,3350.0,Rs./Quintal,Local
Tiruppur (North) (Uzhavar Sandhai ),0.04,Metric Tonnes,Other,5000.0,6000.0,5500.0,Rs./Quintal,Local
Tiruppur (South) (Uzhavar Sandhai ),0.49,Metric Tonnes,Other,5000.0,6000.0,5500.0,Rs./Quintal,Local
Tiruthani(Uzhavar Sandhai ),0.05,Metric Tonnes,Red Nanital,4000.0,4000.0,4000.0,Rs./Quintal,Local
Tiruvannamalai(Uzhavar Sandhai ),0.98,Metric Tonnes,Red Nanital,3500.0,4000.0,3750.0,Rs./Quintal,Local
Tuticorin(Uzhavar Sandhai ),0.53,Metric Tonnes,Other,3000.0,3500.0,3250.0,Rs./Quintal,Local
Udhagamandalam(Uzhavar Sandhai ),2.3,Metric Tonnes,Other,4500.0,5000.0,4750.0,Rs./Quintal,Local
Udumalpet APMC,0.22,Metric Tonnes,Red Nanital,4000.0,5000.0,4500.0,Rs./Quintal,Local
Ulundurpettai APMC,0.3,Metric Tonnes,Red Nanital,4000.0,4000.0,4000.0,Rs./Quintal,Local
Vadalur(Uzhavar Sandhai ),0.17,Metric Tonnes,Other,3500.0,4000.0,3750.0,Rs./Quintal,Local
Vadaseri APMC,0.22,Metric Tonnes,Red Nanital,3000.0,3500.0,3250.0,Rs./Quintal,Local
Vadavalli(Uzhavar Sandhai ),0.91,Metric Tonnes,Other,4500.0,5000.0,4750.0,Rs./Quintal,Local
Vandavasi(Uzhavar Sandhai ),0.04,Metric Tonnes,Other,3000.0,3700.0,3350.0,Rs./Quintal,Local
Vaniyampadi(Uzhavar Sandhai ),0.7,Metric Tonnes,Red Nanital,3000.0,3000.0,3000.0,Rs./Quintal,Local
Vazhapadi(Uzhavar Sandhai),0.04,Metric Tonnes,Red Nanital,3000.0,3600.0,3300.0,Rs./Quintal,Local
Vedaranyam(Uzhavar Sandhai),0.06,Metric Tonnes,Red Nanital,3800.0,4000.0,3900.0,Rs./Quintal,Local
Vellore APMC,0.4,Metric Tonnes,Red Nanital,3000.0,3000.0,3000.0,Rs./Quintal,Local
Villupuram(Uzhavar Sandhai ),0.14,Metric Tonnes,Red Nanital,4000.0,4000.0,4000.0,Rs./Quintal,Local
Virudhunagar(Uzhavar Sandhai ),0.02,Metric Tonnes,Red Nanital,3000.0,3500.0,3250.0,Rs./Quintal,Local
Viruthachalam(Uzhavar Sandhai ),0.09,Metric Tonnes,Red Nanital,4000.0,4000.0,4000.0,Rs./Quintal,Local
Total,56.55,Metric Tonnes,,,,3647.78,Rs./Quintal,
State/UT Name : Telangana
APMC PATANCHERU,59.300000000000004,Metric Tonnes,Potato,1100.0,1300.0,1200.0,Rs./Quintal,Local
Bowenpally APMC,606.3000000000001,Metric Tonnes,Potato,800.0,1400.0,1200.0,Rs./Quintal,FAQ
"Excise Colony,RBZ ",0.28,Metric Tonnes,Other,3000.0,3000.0,3000.0,Rs./Quintal,Grade A
Gudimalkapur APMC,201.70000000000002,Metric Tonnes,Potato,1000.0,1600.0,1300.0,Rs./Quintal,Grade B
Kalwakurthy APMC,0.1,Metric Tonnes,Potato,2000.0,2000.0,2000.0,Rs./Quintal,Local
"Kukatpally,RBZ",14.0,Metric Tonnes,Other,1700.0,1700.0,1700.0,Rs./Quintal,Local
L B Nagar APMC,21.900000000000002,Metric Tonnes,Potato,1000.0,1500.0,1200.0,Rs./Quintal,Medium
Mahabubnagar(Rythu Bazar),2.43,Metric Tonnes,Red Nanital,2400.0,2400.0,2400.0,Rs./Quintal,Local
Mahboob Manison APMC,23.6,Metric Tonnes,Potato,2000.0,2000.0,2000.0,Rs./Quintal,Medium
Miryalguda(Rythu Bazar) ,1.5,Metric Tonnes,Potato,3000.0,3000.0,3000.0,Rs./Quintal,Grade A
RYTHU BAZAR ERRAGADDA,6.4,Metric Tonnes,Potato,1800.0,1800.0,1800.0,Rs./Quintal,Grade A
RYTHU BAZAR FALAKNUMA,2.8,Metric Tonnes,Potato,1700.0,1700.0,1700.0,Rs./Quintal,Grade A
"Saroornagar,RBZ",2.6,Metric Tonnes,Other,1700.0,1700.0,1700.0,Rs./Quintal,Medium
Shankarapally APMC,10.0,Metric Tonnes,Local,1700.0,1800.0,1750.0,Rs./Quintal,Local
Siddipet(Rythu Bazar) ,2.8000000000000003,Metric Tonnes,Red Nanital,1500.0,2400.0,2000.0,Rs./Quintal,Grade A
"Vanasthalipuram,RBZ ",3.6,Metric Tonnes,Potato,1700.0,1700.0,1700.0,Rs./Quintal,Grade A
Vantamamidi APMC,3.4000000000000004,Metric Tonnes,Potato,1500.0,1500.0,1500.0,Rs./Quintal,Local
Venkateswarnagar APMC,0.5,Metric Tonnes,Local,1600.0,2000.0,1800.0,Rs./Quintal,Grade A
Warangal APMC,2.4000000000000004,Metric Tonnes,Potato,1500.0,2000.0,1750.0,Rs./Quintal,FAQ
Total,965.61,Metric Tonnes,,,,1273.5,Rs./Quintal,
State/UT Name : Tripura
Bachaibari APMC,1.4000000000000001,Metric Tonnes,Other,1300.0,1400.0,1350.0,Rs./Quintal,Medium
Bishalgarh APMC,3.0,Metric Tonnes,Other,1300.0,1500.0,1400.0,Rs./Quintal,Medium
Boxonagar,0.09000000000000001,Metric Tonnes,Other,1400.0,1600.0,1500.0,Rs./Quintal,Medium
Champaknagar APMC,0.4,Metric Tonnes,F.A.Q.,1800.0,2000.0,1900.0,Rs./Quintal,FAQ
Chowmanu APMC,1.5,Metric Tonnes,Jyoti,1800.0,2000.0,1900.0,Rs./Quintal,Local
Dasda APMC,0.3,Metric Tonnes,Other,1450.0,1450.0,1450.0,Rs./Quintal,FAQ
Garjee APMC,1.8,Metric Tonnes,Jalander,1400.0,1500.0,1450.0,Rs./Quintal,FAQ
Gondatwisa APMC,0.6000000000000001,Metric Tonnes,F.A.Q.,2000.0,2200.0,2100.0,Rs./Quintal,FAQ
Halahali,0.36,Metric Tonnes,Red Nanital,1700.0,1900.0,1800.0,Rs./Quintal,FAQ
Jampuijala APMC,0.1,Metric Tonnes,Jalander,3800.0,4000.0,3900.0,Rs./Quintal,Medium
Kadamtala,0.6,Metric Tonnes,Jyoti,2000.0,3000.0,2500.0,Rs./Quintal,FAQ
Kalyanpur APMC,2.0,Metric Tonnes,Jalander,2000.0,2200.0,2100.0,Rs./Quintal,FAQ
Machmara,0.6000000000000001,Metric Tonnes,Local,900.0,1100.0,1000.0,Rs./Quintal,FAQ
Manubazar,0.8,Metric Tonnes,Jyoti,1800.0,2000.0,1900.0,Rs./Quintal,Grade A
Masli,0.9,Metric Tonnes,Desi,1800.0,2000.0,1900.0,Rs./Quintal,Local
Melaghar APMC,4.0,Metric Tonnes,Jalander,1200.0,1400.0,1300.0,Rs./Quintal,Local
Pabiacherra APMC,1.0,Metric Tonnes,Jyoti,900.0,1100.0,1000.0,Rs./Quintal,FAQ
Panichowki,1.82,Metric Tonnes,Other,1000.0,1000.0,1000.0,Rs./Quintal,Medium
Silachhari APMC,0.1,Metric Tonnes,Other,1600.0,2000.0,1800.0,Rs./Quintal,FAQ
Sonamura APMC,0.13,Metric Tonnes,Other,1400.0,1600.0,1500.0,Rs./Quintal,Medium
Total,21.5,Metric Tonnes,,,,1539.67,Rs./Quintal,
State/UT Name : Uttar Pradesh
Achalda APMC,35.0,Metric Tonnes,Other,500.0,500.0,500.0,Rs./Quintal,FAQ
Agra APMC,1501.0,Metric Tonnes,Other,500.0,1100.0,558.49,Rs./Quintal,FAQ
Ajuha APMC,30.0,Metric Tonnes,Other,400.0,400.0,400.0,Rs./Quintal,FAQ
Aligarh APMC,58.0,Metric Tonnes,Other,500.0,500.0,500.0,Rs./Quintal,FAQ
Atrauli APMC,129.1,Metric Tonnes,Other,600.0,700.0,609.37,Rs./Quintal,FAQ
Auraiya APMC,166.1,Metric Tonnes,Other,500.0,800.0,546.3,Rs./Quintal,FAQ
Awagarh APMC,27.0,Metric Tonnes,Other,500.0,500.0,500.0,Rs./Quintal,FAQ
Babrala APMC,85.0,Metric Tonnes,Desi,580.0,600.0,590.0,Rs./Quintal,Medium
Babrala APMC,13.0,Metric Tonnes,Other,600.0,600.0,600.0,Rs./Quintal,FAQ
Badayoun APMC,273.2,Metric Tonnes,Other,550.0,550.0,550.0,Rs./Quintal,FAQ
Banda APMC,2.5,Metric Tonnes,Other,600.0,600.0,600.0,Rs./Quintal,FAQ
Bangarmau APMC,55.0,Metric Tonnes,Other,700.0,700.0,700.0,Rs./Quintal,FAQ
Barabanki APMC,2443.5,Metric Tonnes,Other,600.0,750.0,605.15,Rs./Quintal,FAQ
Baraut APMC,36.0,Metric Tonnes,Other,1000.0,1000.0,1000.0,Rs./Quintal,FAQ
Bareilly APMC,79.5,Metric Tonnes,Other,500.0,500.0,500.0,Rs./Quintal,FAQ
Bewar APMC,238.0,Metric Tonnes,Other,500.0,500.0,500.0,Rs./Quintal,FAQ
Bharthna APMC,195.0,Metric Tonnes,Other,500.0,500.0,500.0,Rs./Quintal,FAQ
Bhehjoi APMC,62.5,Metric Tonnes,Desi,600.0,610.0,605.0,Rs./Quintal,Local
Bhehjoi APMC,46.0,Metric Tonnes,Other,600.0,600.0,600.0,Rs./Quintal,FAQ
Bilsi APMC,287.2,Metric Tonnes,Other,550.0,550.0,550.0,Rs./Quintal,FAQ
Bisoli APMC,684.0,Metric Tonnes,Other,600.0,605.0,600.22,Rs./Quintal,FAQ
Buland Shahr APMC,131.6,Metric Tonnes,Other,800.0,800.0,800.0,Rs./Quintal,FAQ
Chandausi APMC,214.7,Metric Tonnes,Other,600.0,600.0,600.0,Rs./Quintal,FAQ
Chhibramau APMC,1310.4,Metric Tonnes,Other,550.0,600.0,554.2,Rs./Quintal,FAQ
Choubepur APMC,329.0,Metric Tonnes,Other,550.0,550.0,550.0,Rs./Quintal,FAQ
Dibiapur APMC,27.0,Metric Tonnes,Other,600.0,600.0,600.0,Rs./Quintal,FAQ
Divai APMC,176.5,Metric Tonnes,Other,500.0,500.0,500.0,Rs./Quintal,FAQ
Etah APMC,41.5,Metric Tonnes,Other,600.0,600.0,600.0,Rs./Quintal,FAQ
Etawah APMC,836.0,Metric Tonnes,Other,500.0,550.0,503.71,Rs./Quintal,FAQ
Farukhabad APMC,1320.6,Metric Tonnes,Other,550.0,850.0,559.27,Rs./Quintal,FAQ
Fatehabad APMC,344.5,Metric Tonnes,Other,500.0,500.0,500.0,Rs./Quintal,FAQ
Fatehpur APMC,38.93,Metric Tonnes,Other,700.0,715.0,703.68,Rs./Quintal,FAQ
Fatehpur Sikri APMC,23.0,Metric Tonnes,Other,550.0,550.0,550.0,Rs./Quintal,FAQ
Firozabad APMC,263.0,Metric Tonnes,Other,500.0,500.0,500.0,Rs./Quintal,FAQ
Gangoh APMC,7.5,Metric Tonnes,Other,600.0,600.0,600.0,Rs./Quintal,FAQ
Ghiraur APMC,16.7,Metric Tonnes,Other,500.0,500.0,500.0,Rs./Quintal,FAQ
Haathras APMC,1365.91,Metric Tonnes,Other,500.0,1100.0,525.21,Rs./Quintal,FAQ
Hapur APMC,25.0,Metric Tonnes,Other,450.0,450.0,450.0,Rs./Quintal,FAQ
Hardoi APMC,55.0,Metric Tonnes,Other,600.0,600.0,600.0,Rs./Quintal,FAQ
Hasanpur APMC,6.0,Metric Tonnes,Other,600.0,600.0,600.0,Rs./Quintal,FAQ
Islam Nagar APMC,330.0,Metric Tonnes,Other,500.0,550.0,503.18,Rs./Quintal,FAQ
Jahangirabad APMC,0.9,Metric Tonnes,Other,700.0,700.0,700.0,Rs./Quintal,FAQ
Jalalabad APMC,24.0,Metric Tonnes,Other,500.0,500.0,500.0,Rs./Quintal,FAQ
Jasvantnagar APMC,418.4,Metric Tonnes,Other,500.0,500.0,500.0,Rs./Quintal,FAQ
Kairana APMC,6.0,Metric Tonnes,Other,700.0,700.0,700.0,Rs./Quintal,FAQ
Kamlaganj APMC,292.0,Metric Tonnes,Other,550.0,550.0,550.0,Rs./Quintal,FAQ
Kannauj APMC,1899.0,Metric Tonnes,Other,550.0,560.0,550.16,Rs./Quintal,FAQ
Kanpur(Grain) APMC,471.4,Metric Tonnes,Other,550.0,550.0,550.0,Rs./Quintal,FAQ
Kasganj APMC,299.2,Metric Tonnes,Other,600.0,613.34,600.33,Rs./Quintal,FAQ
Kayamganj APMC,76.0,Metric Tonnes,Other,550.0,550.0,550.0,Rs./Quintal,FAQ
Khaga APMC,10.0,Metric Tonnes,Other,500.0,500.0,500.0,Rs./Quintal,FAQ
Khair APMC,214.0,Metric Tonnes,Other,500.0,500.0,500.0,Rs./Quintal,FAQ
Khairagarh APMC,40.0,Metric Tonnes,Desi,500.0,600.0,550.0,Rs./Quintal,FAQ
Khairagarh APMC,55.0,Metric Tonnes,Other,500.0,500.0,500.0,Rs./Quintal,FAQ
Khandhla APMC,12.5,Metric Tonnes,Other,850.0,850.0,850.0,Rs./Quintal,FAQ
Khatauli APMC,21.5,Metric Tonnes,Other,600.0,1060.0,966.05,Rs./Quintal,FAQ
Khekda APMC,4.8,Metric Tonnes,Other,800.0,1200.0,933.33,Rs./Quintal,FAQ
Khurja APMC,2.8,Metric Tonnes,Other,700.0,700.0,700.0,Rs./Quintal,FAQ
Kiratpur APMC,2.0,Metric Tonnes,Other,800.0,800.0,800.0,Rs./Quintal,FAQ
Kosikalan APMC,10.0,Metric Tonnes,Desi,700.0,785.0,745.0,Rs./Quintal,FAQ
Kosikalan APMC,12.0,Metric Tonnes,Other,600.0,800.0,766.67,Rs./Quintal,FAQ
Lakhimpur APMC,38.0,Metric Tonnes,Other,1120.0,1220.0,1198.95,Rs./Quintal,FAQ
Lalganj APMC,143.545,Metric Tonnes,Other,600.0,1100.0,821.34,Rs./Quintal,FAQ
Lucknow APMC,82.0,Metric Tonnes,Other,700.0,700.0,700.0,Rs./Quintal,FAQ
Madhoganj APMC,271.0,Metric Tonnes,Other,600.0,600.0,600.0,Rs./Quintal,FAQ
Mainpuri APMC,531.5,Metric Tonnes,Other,500.0,500.0,500.0,Rs./Quintal,FAQ
Mathura APMC,90.25,Metric Tonnes,Other,500.0,700.0,594.74,Rs./Quintal,FAQ
Mawana APMC,19.0,Metric Tonnes,Other,600.0,700.0,626.32,Rs./Quintal,FAQ
Meeranpur Katra APMC,36.0,Metric Tonnes,Other,550.0,550.0,550.0,Rs./Quintal,FAQ
Meerut APMC,16.0,Metric Tonnes,Other,1000.0,1000.0,1000.0,Rs./Quintal,FAQ
Mehmoodabad APMC,65.0,Metric Tonnes,Other,600.0,600.0,600.0,Rs./Quintal,FAQ
Mishrit APMC,10.0,Metric Tonnes,Other,700.0,700.0,700.0,Rs./Quintal,FAQ
Mohamadabad APMC,120.0,Metric Tonnes,Other,550.0,550.0,550.0,Rs./Quintal,FAQ
Muradabad APMC,82.65,Metric Tonnes,Other,700.0,740.0,702.86,Rs./Quintal,FAQ
Muzzafarnagar APMC,3.5,Metric Tonnes,Other,1000.0,1000.0,1000.0,Rs./Quintal,FAQ
Nawabganj APMC,5.0,Metric Tonnes,Other,700.0,700.0,700.0,Rs./Quintal,FAQ
Paliakala APMC,108.7,Metric Tonnes,Other,700.0,2000.0,845.91,Rs./Quintal,FAQ
Powayan APMC,189.44,Metric Tonnes,Other,600.0,1100.0,888.59,Rs./Quintal,FAQ
Prayagraj APMC,356.0,Metric Tonnes,Other,700.0,700.0,700.0,Rs./Quintal,FAQ
Rampur APMC,80.0,Metric Tonnes,Other,500.0,500.0,500.0,Rs./Quintal,FAQ
Rampurmaniharan APMC,2.0,Metric Tonnes,Other,1000.0,1200.0,1140.0,Rs./Quintal,FAQ
Rura APMC,95.0,Metric Tonnes,Other,650.0,650.0,650.0,Rs./Quintal,FAQ
Safdarganj APMC,151.5,Metric Tonnes,Other,580.0,580.0,580.0,Rs./Quintal,FAQ
Saharanpur APMC,74.5,Metric Tonnes,Other,600.0,800.0,694.16,Rs./Quintal,FAQ
Salon APMC,105.0,Metric Tonnes,Other,600.0,600.0,600.0,Rs./Quintal,FAQ
Sambhal APMC,316.4,Metric Tonnes,Other,600.0,600.0,600.0,Rs./Quintal,FAQ
Samsabad APMC,310.0,Metric Tonnes,Local,400.0,700.0,500.0,Rs./Quintal,Local
Samsabad APMC,82.0,Metric Tonnes,Other,500.0,500.0,500.0,Rs./Quintal,FAQ
Sandi APMC,12.0,Metric Tonnes,Other,600.0,600.0,600.0,Rs./Quintal,FAQ
Sandila APMC,30.0,Metric Tonnes,Other,600.0,600.0,600.0,Rs./Quintal,FAQ
Shadabad APMC,1185.0,Metric Tonnes,Other,500.0,500.0,500.0,Rs./Quintal,FAQ
Shahabad(New Mandi) APMC,155.0,Metric Tonnes,Other,550.0,550.0,550.0,Rs./Quintal,FAQ
Shahaswan APMC,52.0,Metric Tonnes,Other,600.0,600.0,600.0,Rs./Quintal,FAQ
Shahjahanpur APMC,3.0,Metric Tonnes,Other,600.0,600.0,600.0,Rs./Quintal,FAQ
Shamli APMC,8.3,Metric Tonnes,Other,800.0,1100.0,949.4,Rs./Quintal,FAQ
Shikohabad APMC,808.5,Metric Tonnes,Other,500.0,500.0,500.0,Rs./Quintal,FAQ
Sikanderabad APMC,46.5,Metric Tonnes,Other,700.0,900.0,795.7,Rs./Quintal,FAQ
Sikandraraau APMC,25.0,Metric Tonnes,Other,500.0,500.0,500.0,Rs./Quintal,FAQ
Sikarpur APMC,12.5,Metric Tonnes,Other,650.0,650.0,650.0,Rs./Quintal,FAQ
Sirsaganj APMC,1379.0,Metric Tonnes,Other,500.0,600.0,502.18,Rs./Quintal,FAQ
Sitapur APMC,20.0,Metric Tonnes,Other,500.0,500.0,500.0,Rs./Quintal,FAQ
Sultanpur APMC,30.0,Metric Tonnes,Other,1000.0,1000.0,1000.0,Rs./Quintal,FAQ
Tilhar APMC,25.0,Metric Tonnes,Other,500.0,500.0,500.0,Rs./Quintal,FAQ
Tundla APMC,1556.5,Metric Tonnes,Other,500.0,500.0,500.0,Rs./Quintal,FAQ
Ujhani APMC,132.9,Metric Tonnes,Other,550.0,700.0,592.14,Rs./Quintal,FAQ
Uttaripura APMC,1012.1,Metric Tonnes,Other,550.0,550.0,550.0,Rs./Quintal,FAQ
Varanasi APMC,1.78,Metric Tonnes,Other,800.0,800.0,800.0,Rs./Quintal,FAQ
Wazirganj APMC,342.5,Metric Tonnes,Other,600.0,620.0,601.46,Rs./Quintal,FAQ
Yusufpur APMC,5.0,Metric Tonnes,Other,600.0,600.0,600.0,Rs./Quintal,FAQ
Total,27407.5,Metric Tonnes,,,,557.69,Rs./Quintal,
State/UT Name : Uttarakhand
Bhagwanpur(Naveen Mandi Sthal) APMC,8.0,Metric Tonnes,Other,300.0,400.0,350.0,Rs./Quintal,Grade A
Haldwani APMC,65.0,Metric Tonnes,Other,600.0,1200.0,900.0,Rs./Quintal,FAQ
Haridwar Union APMC,31.0,Metric Tonnes,Potato,700.0,900.0,800.0,Rs./Quintal,FAQ
Kashipur APMC,136.0,Metric Tonnes,Other,300.0,800.0,550.0,Rs./Quintal,Local
Kotadwara APMC,1.5,Metric Tonnes,Potato,1100.0,1100.0,1100.0,Rs./Quintal,FAQ
Manglaur APMC,1.0,Metric Tonnes,Other,500.0,700.0,600.0,Rs./Quintal,Large
Ramnagar APMC,4.0,Metric Tonnes,Other,800.0,1000.0,900.0,Rs./Quintal,Local
Rishikesh APMC,12.0,Metric Tonnes,Other,725.0,975.0,850.0,Rs./Quintal,Medium
Roorkee APMC,2.8000000000000003,Metric Tonnes,Other,800.0,1200.0,1000.0,Rs./Quintal,Medium
Rudrapur APMC,20.0,Metric Tonnes,Other,500.0,900.0,800.0,Rs./Quintal,Medium
Sitarganj APMC,28.0,Metric Tonnes,Kufri Giriraj,800.0,1500.0,1000.0,Rs./Quintal,Grade B
Vikasnagar APMC,49.0,Metric Tonnes,Other,500.0,1000.0,1000.0,Rs./Quintal,Medium
Total,358.3,Metric Tonnes,,,,761.23,Rs./Quintal,
State/UT Name : West Bengal
Alipurduar APMC,15.0,Metric Tonnes,Jyoti,520.0,580.0,550.0,Rs./Quintal,FAQ
Asansol APMC,55.0,Metric Tonnes,Jyoti,740.0,820.0,780.0,Rs./Quintal,FAQ
Balarampur APMC,12.0,Metric Tonnes,Other,700.0,800.0,760.0,Rs./Quintal,FAQ
Balurghat APMC,15.0,Metric Tonnes,Local,580.0,600.0,590.0,Rs./Quintal,FAQ
Bankura Sadar APMC,24.5,Metric Tonnes,Jyoti,640.0,680.0,660.0,Rs./Quintal,FAQ
Bara Bazar (Posta Bazar) APMC,7.0,Metric Tonnes,Jyoti,880.0,910.0,900.0,Rs./Quintal,FAQ
Barasat APMC,49.0,Metric Tonnes,Jyoti,800.0,800.0,800.0,Rs./Quintal,FAQ
Baxirhat APMC,24.0,Metric Tonnes,Jyoti,550.0,560.0,555.0,Rs./Quintal,FAQ
Belacoba APMC,8.5,Metric Tonnes,Jyoti,560.0,580.0,570.0,Rs./Quintal,FAQ
Beldanga APMC,2.0,Metric Tonnes,Jyoti,680.0,780.0,730.0,Rs./Quintal,FAQ
Bethuadahari APMC,11.0,Metric Tonnes,Desi,780.0,800.0,790.0,Rs./Quintal,Grade A
Birbhum APMC,52.0,Metric Tonnes,Potato,1000.0,1100.0,1050.0,Rs./Quintal,FAQ
Bishnupur(Bankura) APMC,6.9,Metric Tonnes,Jyoti,620.0,660.0,640.0,Rs./Quintal,FAQ
Bolpur APMC,53.0,Metric Tonnes,Potato,1000.0,1100.0,1050.0,Rs./Quintal,FAQ
Burdwan APMC,27.0,Metric Tonnes,Jyoti,760.0,800.0,780.0,Rs./Quintal,FAQ
Chakdah APMC,10.3,Metric Tonnes,Jyoti,750.0,780.0,760.0,Rs./Quintal,FAQ
Champadanga APMC,14.4,Metric Tonnes,Jyoti,740.0,760.0,740.0,Rs./Quintal,FAQ
Coochbehar APMC,14.0,Metric Tonnes,Jyoti,640.0,660.0,650.0,Rs./Quintal,FAQ
Darjeeling APMC,1.7,Metric Tonnes,Red,1400.0,1600.0,1500.0,Rs./Quintal,FAQ
Dhupguri APMC,25.0,Metric Tonnes,Jyoti,570.0,590.0,580.0,Rs./Quintal,FAQ
Diamond Harbour(South 24-pgs) APMC,14.0,Metric Tonnes,Jyoti,820.0,860.0,840.0,Rs./Quintal,FAQ
Dinhata APMC,20.0,Metric Tonnes,Jyoti,550.0,560.0,555.0,Rs./Quintal,FAQ
Durgapur APMC,56.0,Metric Tonnes,Jyoti,730.0,820.0,780.0,Rs./Quintal,FAQ
Egra/contai APMC,1035.0,Metric Tonnes,Jyoti,820.0,850.0,835.0,Rs./Quintal,FAQ
English Bazar APMC,16.0,Metric Tonnes,Local,620.0,640.0,630.0,Rs./Quintal,FAQ
Falakata APMC,14.0,Metric Tonnes,Jyoti,530.0,580.0,550.0,Rs./Quintal,FAQ
Gangarampur(Dakshin Dinajpur) APMC,10.0,Metric Tonnes,Local,580.0,600.0,590.0,Rs./Quintal,FAQ
Ghatal APMC,3.5,Metric Tonnes,Jyoti,800.0,830.0,820.0,Rs./Quintal,FAQ
Guskara APMC,17.5,Metric Tonnes,Jyoti,740.0,750.0,740.0,Rs./Quintal,FAQ
Habra APMC,30.0,Metric Tonnes,Jyoti,900.0,1000.0,900.0,Rs./Quintal,FAQ
Haldibari APMC,20.0,Metric Tonnes,Jyoti,550.0,560.0,555.0,Rs./Quintal,FAQ
Indus(Bankura Sadar) APMC,5.5,Metric Tonnes,Jyoti,630.0,670.0,650.0,Rs./Quintal,FAQ
Islampur APMC,24.0,Metric Tonnes,Other,520.0,580.0,550.0,Rs./Quintal,FAQ
Jalpaiguri Sadar APMC,0.5,Metric Tonnes,Jyoti,600.0,620.0,610.0,Rs./Quintal,FAQ
Jangipur APMC,35.25,Metric Tonnes,Jyoti,1300.0,1400.0,1350.0,Rs./Quintal,FAQ
Jhargram APMC,5.5,Metric Tonnes,Jyoti,700.0,780.0,740.0,Rs./Quintal,FAQ
Jiaganj APMC,6.0,Metric Tonnes,Local,500.0,600.0,550.0,Rs./Quintal,FAQ
Kaliaganj APMC,12.0,Metric Tonnes,Other,600.0,650.0,630.0,Rs./Quintal,FAQ
Kalipur APMC,7.2,Metric Tonnes,Jyoti,700.0,720.0,700.0,Rs./Quintal,FAQ
Kalna APMC,18.5,Metric Tonnes,Jyoti,740.0,750.0,740.0,Rs./Quintal,FAQ
Kalyani APMC,3.4000000000000004,Metric Tonnes,Jyoti,760.0,800.0,780.0,Rs./Quintal,Local
Kandi APMC,10.0,Metric Tonnes,Jyoti,660.0,780.0,700.0,Rs./Quintal,FAQ
Karimpur APMC,10.0,Metric Tonnes,Jyoti,780.0,800.0,790.0,Rs./Quintal,Grade A
Karsiyang(Matigara) APMC,1.8,Metric Tonnes,Red,1400.0,1600.0,1500.0,Rs./Quintal,FAQ
Khatra APMC,6.6000000000000005,Metric Tonnes,Jyoti,680.0,760.0,720.0,Rs./Quintal,FAQ
Kolaghat APMC,10.0,Metric Tonnes,Jyoti,760.0,800.0,780.0,Rs./Quintal,FAQ
Mathabhanga APMC,20.0,Metric Tonnes,Jyoti,550.0,560.0,555.0,Rs./Quintal,FAQ
Medinipur(West) APMC,35.0,Metric Tonnes,Jyoti,640.0,670.0,660.0,Rs./Quintal,FAQ
Mekhliganj APMC,24.0,Metric Tonnes,Jyoti,550.0,560.0,550.0,Rs./Quintal,FAQ
Memari APMC,24.0,Metric Tonnes,Jyoti,720.0,760.0,740.0,Rs./Quintal,FAQ
Moynaguri APMC,21.0,Metric Tonnes,Jyoti,560.0,580.0,570.0,Rs./Quintal,FAQ
Nadia APMC,10.5,Metric Tonnes,Jyoti,750.0,790.0,770.0,Rs./Quintal,FAQ
Pandua APMC,6.5,Metric Tonnes,Jyoti,660.0,740.0,680.0,Rs./Quintal,FAQ
Pundibari APMC,7.5,Metric Tonnes,Jyoti,640.0,660.0,650.0,Rs./Quintal,FAQ
Purulia APMC,24.0,Metric Tonnes,Jyoti,700.0,800.0,750.0,Rs./Quintal,FAQ
Raiganj APMC,23.0,Metric Tonnes,Other,520.0,580.0,550.0,Rs./Quintal,FAQ
Ramkrishanpur(Howrah) APMC,8.5,Metric Tonnes,Jyoti,820.0,860.0,840.0,Rs./Quintal,FAQ
Rampurhat APMC,42.0,Metric Tonnes,Other,670.0,690.0,680.0,Rs./Quintal,FAQ
Ranaghat APMC,10.1,Metric Tonnes,Jyoti,760.0,800.0,780.0,Rs./Quintal,FAQ
Sainthia APMC,50.0,Metric Tonnes,Potato,1000.0,1100.0,1050.0,Rs./Quintal,FAQ
Samsi APMC,40.0,Metric Tonnes,Local,700.0,730.0,720.0,Rs./Quintal,FAQ
Sheoraphuly APMC,33.0,Metric Tonnes,Jyoti,660.0,730.0,700.0,Rs./Quintal,FAQ
Siliguri APMC,190.0,Metric Tonnes,Jyoti,600.0,640.0,620.0,Rs./Quintal,FAQ
Tamluk (Medinipur E) APMC,20.0,Metric Tonnes,Jyoti,760.0,800.0,780.0,Rs./Quintal,FAQ
Toofanganj APMC,20.0,Metric Tonnes,Jyoti,550.0,560.0,555.0,Rs./Quintal,FAQ
Uluberia APMC,4.5,Metric Tonnes,Jyoti,830.0,860.0,840.0,Rs./Quintal,FAQ
Total,2433.15,Metric Tonnes,,,,781.04,Rs./Quintal,
Grand Total,46474.19,Metric Tonnes,,,,773.83,Rs./Quintal,
Tomato
State/UT Name : Andhra Pradesh
B.Kothakota H/Q Angallu,38.0,Metric Tonnes,Local,1200.0,2000.0,1500.0,Rs./Quintal,FAQ
Guramkonda Sub-yard of AMC Valmikipuram,116.0,Metric Tonnes,Hybrid,1400.0,1800.0,1600.0,Rs./Quintal,FAQ
Kalikiri APMC,30.0,Metric Tonnes,Hybrid,1500.0,2100.0,1800.0,Rs./Quintal,FAQ
Kuppam APMC,1.0,Metric Tonnes,Tomato,900.0,1212.0,1212.0,Rs./Quintal,Grade C
Madanapalli APMC,93.0,Metric Tonnes,Local,1700.0,2100.0,1900.0,Rs./Quintal,FAQ
Mulakalacheruvu APMC,703.0,Metric Tonnes,Local,1200.0,2000.0,1700.0,Rs./Quintal,FAQ
Palamaner APMC,43.0,Metric Tonnes,Tomato,1500.0,2000.0,1700.0,Rs./Quintal,FAQ
Pattikonda APMC,528.0,Metric Tonnes,Local,1000.0,1800.0,1400.0,Rs./Quintal,FAQ
Punganur APMC,210.0,Metric Tonnes,Hybrid,1340.0,2140.0,1740.0,Rs./Quintal,FAQ
Somala APMC,2.0,Metric Tonnes,Tomato,1200.0,1600.0,1400.0,Rs./Quintal,FAQ
V. Kota Sub-yard of AMC Palamaneru,5.5,Metric Tonnes,Other,1500.0,2066.0,1700.0,Rs./Quintal,FAQ
Valmikipuram APMC,116.0,Metric Tonnes,Hybrid,1400.0,1800.0,1600.0,Rs./Quintal,FAQ
Total,1885.5,Metric Tonnes,,,,1614.99,Rs./Quintal,
State/UT Name : Assam
Ambagan APMC,6.0,Metric Tonnes,Tomato,3200.0,3400.0,3300.0,Rs./Quintal,FAQ
Balugaon APMC,3.0,Metric Tonnes,Tomato,2000.0,2400.0,2200.0,Rs./Quintal,Local
Besimari APMC,3.5,Metric Tonnes,Tomato,2000.0,2400.0,2200.0,Rs./Quintal,Local
Dhing APMC,15.0,Metric Tonnes,Tomato,3100.0,3500.0,3300.0,Rs./Quintal,FAQ
Doomdumia APMC,13.0,Metric Tonnes,Tomato,3200.0,3600.0,3400.0,Rs./Quintal,FAQ
Haibargaon APMC,8.0,Metric Tonnes,Tomato,3100.0,3300.0,3200.0,Rs./Quintal,FAQ
Pamohi(Garchuk) APMC,75.0,Metric Tonnes,Tomato,3800.0,5000.0,4200.0,Rs./Quintal,FAQ
Tinsukia Market,3.0,Metric Tonnes,Tomato,3000.0,4000.0,3500.0,Rs./Quintal,FAQ
Uparhali Pmy APMC,0.8,Metric Tonnes,Tomato,3000.0,3500.0,3250.0,Rs./Quintal,FAQ
Total,127.3,Metric Tonnes,,,,3782.4,Rs./Quintal,
State/UT Name : Bihar
Gaya APMC,5.3,Metric Tonnes,Deshi,3150.0,3550.0,3350.0,Rs./Quintal,FAQ
Jamui APMC,0.5,Metric Tonnes,Deshi,3500.0,3500.0,3500.0,Rs./Quintal,Grade A
Madhubani APMC,3.5,Metric Tonnes,Tomato,3800.0,4000.0,3900.0,Rs./Quintal,FAQ
Maharjganj APMC,3.8,Metric Tonnes,Deshi,2700.0,2700.0,2700.0,Rs./Quintal,FAQ
Total,13.1,Metric Tonnes,,,,3314.12,Rs./Quintal,
State/UT Name : Chandigarh
Chandigarh (Grain/F&V) APMC,72.9,Metric Tonnes,Tomato,640.0,2800.0,2400.0,Rs./Quintal,FAQ
Total,72.9,Metric Tonnes,,,,2400.0,Rs./Quintal,
State/UT Name : Chattisgarh
Durg APMC,196.6,Metric Tonnes,Local,1800.0,2000.0,1800.0,Rs./Quintal,Medium
Gandai APMC,23.0,Metric Tonnes,Deshi,1800.0,2400.0,2000.0,Rs./Quintal,Grade B
Raigarh APMC,37.0,Metric Tonnes,Local,2200.0,3000.0,2600.0,Rs./Quintal,Grade B
Tiphra APMC,50.0,Metric Tonnes,Local,1200.0,1400.0,1300.0,Rs./Quintal,Grade B
Tiphra APMC,205.0,Metric Tonnes,Deshi,1200.0,1400.0,1300.0,Rs./Quintal,Grade B
Total,511.6,Metric Tonnes,,,,1617.63,Rs./Quintal,
State/UT Name : Gujarat
Ahmedabad APMC,246.70000000000002,Metric Tonnes,Other,1500.0,2600.0,2350.0,Rs./Quintal,FAQ
"Anand(Veg,Yard,Anand) APMC",29.700000000000003,Metric Tonnes,Tomato,1000.0,2000.0,1500.0,Rs./Quintal,Grade B
Ankleshwar APMC,8.0,Metric Tonnes,Other,1000.0,2200.0,1500.0,Rs./Quintal,Grade A
Bharuch APMC,10.2,Metric Tonnes,Other,1200.0,1750.0,1500.0,Rs./Quintal,Local
Bilimora APMC,4.4,Metric Tonnes,Other,2000.0,3000.0,2500.0,Rs./Quintal,FAQ
Dahod(Veg. Market) APMC,16.0,Metric Tonnes,Tomato,1200.0,2500.0,1900.0,Rs./Quintal,Local
Damnagar APMC,0.05,Metric Tonnes,Local,4000.0,4000.0,4000.0,Rs./Quintal,Local
Gondal(Veg.market Gondal) APMC,35.7,Metric Tonnes,Tomato,900.0,3000.0,1950.0,Rs./Quintal,Local
Himatnagar(Veg.Market Himatnagar) APMC,3.0,Metric Tonnes,Tomato,1500.0,2000.0,1920.0,Rs./Quintal,Local
"Kalol(Veg,Market,Kalol) APMC",12.0,Metric Tonnes,Other,1900.0,2750.0,2000.0,Rs./Quintal,Local
Kapadvanj APMC,3.2,Metric Tonnes,Tomato,2000.0,2500.0,2250.0,Rs./Quintal,Medium
Khambhat(Veg Yard Khambhat) APMC,0.5,Metric Tonnes,Other,2500.0,3000.0,2800.0,Rs./Quintal,Local
Mansa(Manas Veg Yard) APMC,1.2000000000000002,Metric Tonnes,Tomato,2500.0,2500.0,2500.0,Rs./Quintal,Local
Mehsana(Mehsana Veg) APMC,14.200000000000001,Metric Tonnes,Tomato,60.0,80.0,70.0,Rs./Quintal,Local
Morbi APMC,18.8,Metric Tonnes,Tomato,2250.0,3250.0,2750.0,Rs./Quintal,FAQ
Navsari APMC,22.900000000000002,Metric Tonnes,Tomato,1000.0,2750.0,1875.0,Rs./Quintal,Grade A
Padra APMC,7.2,Metric Tonnes,Other,1750.0,2250.0,2000.0,Rs./Quintal,FAQ
Palitana APMC,2.4,Metric Tonnes,Hybrid,3000.0,4500.0,3750.0,Rs./Quintal,Medium
Porbandar APMC,17.400000000000002,Metric Tonnes,Deshi,2500.0,3000.0,2750.0,Rs./Quintal,Local
Rajkot(Veg.Sub Yard) APMC,304.90000000000003,Metric Tonnes,Tomato,1795.0,2710.0,2250.0,Rs./Quintal,FAQ
Surat APMC,342.0,Metric Tonnes,Other,800.0,2750.0,1775.0,Rs./Quintal,FAQ
Talalagir APMC,8.549999999999999,Metric Tonnes,Hybrid,1000.0,1470.0,1250.0,Rs./Quintal,FAQ
Vadhvan APMC,10.8,Metric Tonnes,Hybrid,2500.0,3000.0,2750.0,Rs./Quintal,Medium
Vadodara(Sayajipura) APMC,21.36,Metric Tonnes,Other,1500.0,2500.0,2050.0,Rs./Quintal,FAQ
Vankaner(Sub yard) APMC,1.6,Metric Tonnes,Tomato,1500.0,3000.0,2500.0,Rs./Quintal,FAQ
Total,1142.76,Metric Tonnes,,,,2058.44,Rs./Quintal,
State/UT Name : Haryana
Bahadurgarh APMC,6.7,Metric Tonnes,Other,1500.0,3000.0,2500.0,Rs./Quintal,FAQ
Ballabhgarh APMC,4.3,Metric Tonnes,Tomato,1400.0,3000.0,2200.0,Rs./Quintal,FAQ
Barwala APMC,1.6,Metric Tonnes,Local,2000.0,2000.0,2000.0,Rs./Quintal,FAQ
Barwala(Hisar) APMC,3.6,Metric Tonnes,Tomato,2000.0,2500.0,2250.0,Rs./Quintal,Local
Ch. Dadri APMC,5.6000000000000005,Metric Tonnes,Tomato,2500.0,2800.0,2650.0,Rs./Quintal,Medium
Chhachrauli APMC,0.15,Metric Tonnes,Tomato,2400.0,4000.0,2400.0,Rs./Quintal,Local
Dhand APMC,0.8,Metric Tonnes,Other,3000.0,4000.0,3800.0,Rs./Quintal,Medium
Farukh Nagar APMC,4.4,Metric Tonnes,Other,1800.0,2400.0,2100.0,Rs./Quintal,Medium
Fatehabad APMC,4.5,Metric Tonnes,Other,2000.0,2000.0,2000.0,Rs./Quintal,Local
FerozpurZirkha(Nagina) APMC,1.8,Metric Tonnes,Other,2400.0,2800.0,2600.0,Rs./Quintal,Local
Ganaur APMC,2.0,Metric Tonnes,Tomato,3000.0,4000.0,3500.0,Rs./Quintal,FAQ
Gharaunda APMC,1.4,Metric Tonnes,Other,2800.0,3500.0,3500.0,Rs./Quintal,Local
Gohana APMC,5.300000000000001,Metric Tonnes,Other,2500.0,3000.0,2800.0,Rs./Quintal,Medium
Hansi APMC,19.1,Metric Tonnes,Other,2500.0,3000.0,2750.0,Rs./Quintal,FAQ
Hissar APMC,11.8,Metric Tonnes,Local,1500.0,2200.0,2000.0,Rs./Quintal,Local
Hodal APMC,2.5,Metric Tonnes,Hybrid,3000.0,4200.0,3500.0,Rs./Quintal,FAQ
Indri APMC,1.05,Metric Tonnes,Tomato,2600.0,2600.0,2600.0,Rs./Quintal,FAQ
Jagadhri APMC,1.3,Metric Tonnes,Tomato,1500.0,2800.0,2200.0,Rs./Quintal,FAQ
Jakhal APMC,0.2,Metric Tonnes,Tomato,3000.0,3000.0,3000.0,Rs./Quintal,Non-FAQ
Jhajjar APMC,2.9,Metric Tonnes,Other,2500.0,2500.0,2500.0,Rs./Quintal,Medium
Kaithal APMC,5.5,Metric Tonnes,Other,2233.0,2233.0,2233.0,Rs./Quintal,FAQ
Kharkhoda APMC,1.6,Metric Tonnes,Other,3500.0,4500.0,3700.0,Rs./Quintal,FAQ
Ladwa APMC,2.0,Metric Tonnes,Other,4000.0,4500.0,4500.0,Rs./Quintal,Medium
Madlauda APMC,0.5,Metric Tonnes,Tomato,1500.0,2000.0,1750.0,Rs./Quintal,FAQ
Meham,0.5,Metric Tonnes,Tomato,2000.0,2000.0,2000.0,Rs./Quintal,Medium
Mohindergarh APMC,5.2,Metric Tonnes,Tomato,2000.0,2500.0,2200.0,Rs./Quintal,Medium
Mustafabad APMC,0.05,Metric Tonnes,Other,4000.0,4300.0,4000.0,Rs./Quintal,FAQ
Naraingarh APMC,4.535,Metric Tonnes,Tomato,1000.0,2500.0,1800.0,Rs./Quintal,Medium
Narnaul APMC,5.0,Metric Tonnes,Tomato,2000.0,3000.0,2500.0,Rs./Quintal,Medium
Narwana APMC,1.8,Metric Tonnes,Tomato,2000.0,2000.0,2000.0,Rs./Quintal,Non-FAQ
Nuh APMC,2.3,Metric Tonnes,Other,1400.0,2000.0,1500.0,Rs./Quintal,Local
Panipat APMC,29.900000000000002,Metric Tonnes,Other,1000.0,2200.0,1600.0,Rs./Quintal,Local
Pataudi APMC,2.7,Metric Tonnes,Tomato,3000.0,4000.0,3500.0,Rs./Quintal,Grade B
Pundri APMC,0.9,Metric Tonnes,Other,1800.0,1900.0,1850.0,Rs./Quintal,FAQ
Raipur Rani APMC,0.16000000000000003,Metric Tonnes,Tomato,2000.0,2200.0,2000.0,Rs./Quintal,Local
Rania APMC,0.1,Metric Tonnes,Tomato,1.42,2.0,1.48,Rs./Quintal,Non-FAQ
Rania(Jiwan nagar) APMC,0.1,Metric Tonnes,Deshi,40.0,60.0,45.0,Rs./Quintal,Non-FAQ
Ratia APMC,16.0,Metric Tonnes,Other,2000.0,2500.0,2200.0,Rs./Quintal,Grade A
Rewari APMC,18.5,Metric Tonnes,Other,600.0,2500.0,1500.0,Rs./Quintal,Medium
Rohtak APMC,24.8,Metric Tonnes,Other,1500.0,3000.0,2500.0,Rs./Quintal,Medium
Sadhaura APMC,2.4000000000000004,Metric Tonnes,Tomato,1700.0,2200.0,2000.0,Rs./Quintal,Local
Samalkha APMC,2.2,Metric Tonnes,Local,2000.0,2500.0,2250.0,Rs./Quintal,FAQ
Shahabad APMC,2.9,Metric Tonnes,Tomato,2000.0,3000.0,2800.0,Rs./Quintal,Medium
Shahzadpur APMC,0.502,Metric Tonnes,Tomato,1900.0,2500.0,1900.0,Rs./Quintal,FAQ
Sirsa APMC,6.7,Metric Tonnes,Other,2000.0,3000.0,2500.0,Rs./Quintal,FAQ
Siwan APMC,1.0,Metric Tonnes,Other,2800.0,3000.0,2900.0,Rs./Quintal,FAQ
Sohna APMC,3.4,Metric Tonnes,Tomato,2000.0,3000.0,2500.0,Rs./Quintal,Local
Sonepat APMC,12.8,Metric Tonnes,Other,2000.0,3200.0,2500.0,Rs./Quintal,FAQ
Tarori APMC,0.7000000000000001,Metric Tonnes,Other,2000.0,3000.0,2500.0,Rs./Quintal,Non-FAQ
Thanesar APMC,8.700000000000001,Metric Tonnes,Tomato,2000.0,3500.0,2750.0,Rs./Quintal,Local
Tohana(New Veg Market) APMC,4.5,Metric Tonnes,Tomato,2500.0,3200.0,3000.0,Rs./Quintal,FAQ
Uklana APMC,0.2,Metric Tonnes,Tomato,2500.0,2800.0,2800.0,Rs./Quintal,Medium
Total,249.15,Metric Tonnes,,,,2308.25,Rs./Quintal,
State/UT Name : Himachal Pradesh
PMY Bilaspur,0.7000000000000001,Metric Tonnes,Local,3000.0,3700.0,3500.0,Rs./Quintal,Grade B
PMY Chamba,1.5,Metric Tonnes,Tomato,4000.0,4200.0,4100.0,Rs./Quintal,Medium
PMY Dhalli Shimla,4.5,Metric Tonnes,Tomato,2000.0,3000.0,2000.0,Rs./Quintal,Grade A
PMY Hamirpur,1.37,Metric Tonnes,Tomato,3500.0,4000.0,3750.0,Rs./Quintal,Grade B
PMY Kangni Mandi,4.2,Metric Tonnes,Tomato,1500.0,2500.0,2000.0,Rs./Quintal,Grade A
PMY Kangra,1.6,Metric Tonnes,Tomato,3200.0,3600.0,3500.0,Rs./Quintal,FAQ
PMY Kather Solan,33.0,Metric Tonnes,Other,600.0,3400.0,2900.0,Rs./Quintal,Local
PMY Kullu,2.0,Metric Tonnes,Other,2000.0,2500.0,2200.0,Rs./Quintal,FAQ
PMY Paonta Sahib,1.2000000000000002,Metric Tonnes,Other,2800.0,3200.0,3000.0,Rs./Quintal,FAQ
PMY Una,4.14,Metric Tonnes,Tomato,3000.0,3600.0,3300.0,Rs./Quintal,Local
SMY Baijnath,0.5,Metric Tonnes,Hybrid,2500.0,2600.0,2500.0,Rs./Quintal,Grade A
SMY Bandrol,3.8,Metric Tonnes,Other,1200.0,2400.0,1800.0,Rs./Quintal,FAQ
SMY Bhuntar,9.2,Metric Tonnes,Other,600.0,2400.0,1700.0,Rs./Quintal,FAQ
SMY Chauri Bihal,0.5,Metric Tonnes,Other,1100.0,2700.0,2000.0,Rs./Quintal,Grade Range-1
SMY Dhanotu,1.4000000000000001,Metric Tonnes,Tomato,3000.0,4000.0,3500.0,Rs./Quintal,FAQ
SMY Dharampur,2.0,Metric Tonnes,Local,1000.0,2000.0,2000.0,Rs./Quintal,Local
SMY Dharamshala,0.8,Metric Tonnes,Tomato,3200.0,3600.0,3400.0,Rs./Quintal,FAQ
SMY Jaisinghpur,0.2,Metric Tonnes,Tomato,2200.0,3600.0,3000.0,Rs./Quintal,FAQ
SMY Jassur,2.0,Metric Tonnes,Other,3500.0,4000.0,3700.0,Rs./Quintal,FAQ
SMY Nadaun,0.43,Metric Tonnes,Other,3800.0,4000.0,3900.0,Rs./Quintal,Grade B
SMY Nagrota Bagwan,0.9,Metric Tonnes,Tomato,2800.0,3500.0,3000.0,Rs./Quintal,FAQ
SMY Nahan,0.35000000000000003,Metric Tonnes,Other,3000.0,3500.0,3200.0,Rs./Quintal,FAQ
SMY Nalagarh,0.55,Metric Tonnes,Other,2000.0,3000.0,2500.0,Rs./Quintal,Medium
SMY Palampur,2.4000000000000004,Metric Tonnes,Tomato,2000.0,3500.0,2800.0,Rs./Quintal,FAQ
SMY Rohroo,0.30000000000000004,Metric Tonnes,Deshi,3200.0,3500.0,3350.0,Rs./Quintal,Grade B
SMY Santoshgarh,1.05,Metric Tonnes,Tomato,3600.0,4000.0,3800.0,Rs./Quintal,FAQ
SMY Shatt,0.9,Metric Tonnes,Tomato,1500.0,2000.0,1800.0,Rs./Quintal,FAQ
SMY Takoli,1.6,Metric Tonnes,Other,1000.0,2500.0,1800.0,Rs./Quintal,Medium
SMY Wakhnaghat,4.9,Metric Tonnes,Deshi,200.0,1600.0,1600.0,Rs./Quintal,Local
Total,87.99,Metric Tonnes,,,,2606.85,Rs./Quintal,
State/UT Name : Jammu and Kashmir
Kathua (F&V),18.0,Metric Tonnes,Hybrid,2000.0,2500.0,2250.0,Rs./Quintal,FAQ
MAC F&V Market Narwal Jammu,120.0,Metric Tonnes,Tomato,2600.0,3000.0,2800.0,Rs./Quintal,FAQ
Parimpore Srinagar (F&V),54.0,Metric Tonnes,Other,2600.0,3000.0,2800.0,Rs./Quintal,Grade A
Rajouri (Phaliana) (F&V),2.0,Metric Tonnes,Tomato,4000.0,4000.0,4000.0,Rs./Quintal,Grade B
Total,194.0,Metric Tonnes,,,,2761.34,Rs./Quintal,
State/UT Name : Karnataka
Bagepalli APMC,136.20000000000002,Metric Tonnes,Tomato,350.0,2000.0,1500.0,Rs./Quintal,Small
Bangarpet APMC,2.2,Metric Tonnes,Tomato,400.0,1700.0,900.0,Rs./Quintal,Local
Binny Mill (FF&V) Bengaluru APMC,47.1,Metric Tonnes,Tomato,1400.0,1600.0,1500.0,Rs./Quintal,Local
Chamarajanagar APMC,3.5,Metric Tonnes,Tomato,1600.0,4500.0,2800.0,Rs./Quintal,Local
Channapatna APMC,3.6,Metric Tonnes,Tomato,1000.0,2000.0,1500.0,Rs./Quintal,Local
Chickkaballapura APMC,28.700000000000003,Metric Tonnes,Tomato,360.0,1430.0,890.0,Rs./Quintal,Local
Chikkamagaluru APMC,56.400000000000006,Metric Tonnes,Tomato,400.0,2000.0,1200.0,Rs./Quintal,Local
Chintamani APMC,357.1,Metric Tonnes,Tomato,300.0,1600.0,1000.0,Rs./Quintal,Local
Davangere APMC,4.0,Metric Tonnes,Tomato,100.0,800.0,500.0,Rs./Quintal,Local
Doddaballapur APMC,3.2,Metric Tonnes,Tomato,800.0,1200.0,1000.0,Rs./Quintal,Medium
Gundlupet APMC,7.5,Metric Tonnes,Tomato,2000.0,2000.0,2000.0,Rs./Quintal,Local
Hospet APMC,2.0,Metric Tonnes,Tomato,800.0,1000.0,800.0,Rs./Quintal,Local
Hunsur APMC,10.100000000000001,Metric Tonnes,Tomato,1500.0,2000.0,1600.0,Rs./Quintal,Local
Kadur APMC,13.4,Metric Tonnes,Tomato,909.0,1110.0,1041.0,Rs./Quintal,Medium
Kalaburagi APMC,8.4,Metric Tonnes,Tomato,400.0,1000.0,700.0,Rs./Quintal,Local
Kolar APMC,1688.0,Metric Tonnes,Tomato,330.0,2000.0,1060.0,Rs./Quintal,Local
Mulbagal APMC,227.10000000000002,Metric Tonnes,Tomato,333.0,1866.0,800.0,Rs./Quintal,Local
Mysuru APMC,9.5,Metric Tonnes,Tomato,1700.0,1900.0,1900.0,Rs./Quintal,Medium
Nagamangala APMC,1.7000000000000002,Metric Tonnes,Tomato,1900.0,1900.0,1900.0,Rs./Quintal,Medium
Nanjangud APMC,3.0,Metric Tonnes,Tomato,3700.0,4666.0,4166.0,Rs./Quintal,Local
Ramanagara APMC,7.2,Metric Tonnes,Tomato,1600.0,2400.0,2000.0,Rs./Quintal,Local
Ranebennur APMC,0.5,Metric Tonnes,Tomato,200.0,1000.0,600.0,Rs./Quintal,Medium
Shimoga APMC,40.0,Metric Tonnes,Tomato,600.0,1200.0,900.0,Rs./Quintal,Local
Tumakuru APMC,18.0,Metric Tonnes,Tomato,600.0,1000.0,750.0,Rs./Quintal,Local
Total,2678.4,Metric Tonnes,,,,1071.23,Rs./Quintal,
State/UT Name : Keralam
Adimali Market,0.05,Metric Tonnes,Other,4000.0,6000.0,5500.0,Rs./Quintal,Medium
Aluva Market,15.0,Metric Tonnes,Tomato,3000.0,4000.0,3500.0,Rs./Quintal,FAQ
Anchal Market,0.43,Metric Tonnes,Tomato,4500.0,4500.0,4500.0,Rs./Quintal,Local
Angamaly Market,1.0,Metric Tonnes,Tomato,3700.0,4500.0,4100.0,Rs./Quintal,FAQ
Aralamoodu Market,2.0,Metric Tonnes,Tomato,4000.0,4500.0,4500.0,Rs./Quintal,FAQ
Athirampuzha Market,0.5,Metric Tonnes,Tomato,3000.0,3200.0,3100.0,Rs./Quintal,FAQ
Attingal Market,800.0,Metric Tonnes,Other,3000.0,4000.0,3500.0,Rs./Quintal,Local
Balarampuram Market,0.4,Metric Tonnes,Deshi,4000.0,4000.0,4000.0,Rs./Quintal,FAQ
Chala Market,1.0,Metric Tonnes,Other,3000.0,3000.0,3000.0,Rs./Quintal,FAQ
Chathanoor Market,0.4,Metric Tonnes,Other,3500.0,4500.0,4000.0,Rs./Quintal,FAQ
Chavakkad Market,0.15,Metric Tonnes,Tomato,2600.0,3000.0,3000.0,Rs./Quintal,FAQ
Chelakkara Market,0.15,Metric Tonnes,Tomato,3800.0,4000.0,3900.0,Rs./Quintal,FAQ
Chengannur Market,0.5,Metric Tonnes,Tomato,3900.0,4200.0,4000.0,Rs./Quintal,FAQ
Ernakulam Market,7.0,Metric Tonnes,Tomato,3300.0,4000.0,3600.0,Rs./Quintal,FAQ
Ettumanoor Market,1.0,Metric Tonnes,Tomato,3000.0,3400.0,3200.0,Rs./Quintal,FAQ
Kallachi Market,0.1,Metric Tonnes,Tomato,2600.0,3000.0,2800.0,Rs./Quintal,FAQ
Kanjangadu Market,1.0,Metric Tonnes,Other,1800.0,2400.0,2000.0,Rs./Quintal,FAQ
Kayamkulam Market,2.0,Metric Tonnes,Other,2100.0,2300.0,2200.0,Rs./Quintal,FAQ
Koduvayoor Market,0.8,Metric Tonnes,Tomato,2800.0,3200.0,3000.0,Rs./Quintal,Medium
Kollam Market,0.5,Metric Tonnes,Tomato,3100.0,3500.0,3300.0,Rs./Quintal,Local
Kothamangalam Market,1.0,Metric Tonnes,Tomato,3500.0,4500.0,4000.0,Rs./Quintal,FAQ
Kottakkal Market,8.0,Metric Tonnes,Other,2400.0,2600.0,2500.0,Rs./Quintal,Local
Kottarakkara Market,0.01,Metric Tonnes,Other,3000.0,3000.0,3000.0,Rs./Quintal,Local
Kuthuparambu Market,0.2,Metric Tonnes,Tomato,2400.0,2800.0,2600.0,Rs./Quintal,FAQ
Manjeri Market,8.0,Metric Tonnes,Other,2550.0,2650.0,2600.0,Rs./Quintal,Local
Mukkom Market,0.6,Metric Tonnes,Tomato,2400.0,2800.0,2600.0,Rs./Quintal,FAQ
Neyyatinkara Market,0.02,Metric Tonnes,Tomato,3400.0,4000.0,3600.0,Rs./Quintal,FAQ
North Paravur Market,1.0,Metric Tonnes,Deshi,3000.0,4000.0,3500.0,Rs./Quintal,FAQ
Pala Market,1.0,Metric Tonnes,Other,3200.0,4800.0,3800.0,Rs./Quintal,FAQ
Palakkad Market,3.0,Metric Tonnes,Tomato,2400.0,3500.0,3000.0,Rs./Quintal,FAQ
Parappanangadi Market,6.2,Metric Tonnes,Other,2480.0,2530.0,2530.0,Rs./Quintal,FAQ
Pattambi Market,1.0,Metric Tonnes,Tomato,3000.0,3200.0,3100.0,Rs./Quintal,FAQ
Perambra Market,3.0,Metric Tonnes,Tomato,2600.0,3000.0,2800.0,Rs./Quintal,FAQ
Perinthalmanna Market,4.0,Metric Tonnes,Tomato,2000.0,2600.0,2400.0,Rs./Quintal,Large
Perumbavoor Market,6.0,Metric Tonnes,Tomato,4000.0,5000.0,4500.0,Rs./Quintal,Medium
Piravam Market,5.0,Metric Tonnes,Tomato,4000.0,6000.0,5000.0,Rs./Quintal,Medium
Punalur Market,0.001,Metric Tonnes,Other,4500.0,4800.0,4600.0,Rs./Quintal,Medium
Quilandy Market,0.5,Metric Tonnes,Other,2500.0,2600.0,2600.0,Rs./Quintal,FAQ
Sasthamkotta Market,0.4,Metric Tonnes,Tomato,3000.0,3000.0,3000.0,Rs./Quintal,Medium
Sasthamkotta Market,0.4,Metric Tonnes,Tomato,3000.0,3000.0,3000.0,Rs./Quintal,Local
Taliparamba Market,0.04,Metric Tonnes,Tomato,1900.0,2100.0,2000.0,Rs./Quintal,FAQ
Thalasserry Market,0.2,Metric Tonnes,Other,2300.0,3200.0,2700.0,Rs./Quintal,FAQ
Thalayolaparambu Market,0.5,Metric Tonnes,Tomato,3200.0,3500.0,3300.0,Rs./Quintal,FAQ
Thamarassery Market,0.6,Metric Tonnes,Other,2400.0,2500.0,2400.0,Rs./Quintal,FAQ
Thodupuzha Market,0.2,Metric Tonnes,Other,3700.0,3900.0,3900.0,Rs./Quintal,Large
Thrippunithura Market,1.0,Metric Tonnes,Tomato,4500.0,5000.0,4700.0,Rs./Quintal,Medium
Thrissur Market,10.0,Metric Tonnes,Tomato,2800.0,2800.0,2800.0,Rs./Quintal,FAQ
Vadakkenchery Market,0.2,Metric Tonnes,Tomato,4000.0,4500.0,4500.0,Rs./Quintal,FAQ
Vamanapuram Market,0.12,Metric Tonnes,Other,3500.0,4000.0,4000.0,Rs./Quintal,FAQ
Vandiperiyar Market,0.04,Metric Tonnes,Other,4000.0,4000.0,4000.0,Rs./Quintal,Grade Range-1
Vengeri(Kozhikode) Market,145.0,Metric Tonnes,Tomato,2600.0,2900.0,2900.0,Rs./Quintal,FAQ
vadakarapathy Market,4.2,Metric Tonnes,Tomato,1785.0,2142.0,1900.0,Rs./Quintal,FAQ
Total,1045.41,Metric Tonnes,,,,3386.9,Rs./Quintal,
State/UT Name : Madhya Pradesh
Aron (F&V) APMC,0.05,Metric Tonnes,Deshi,1200.0,1500.0,1410.0,Rs./Quintal,Medium
Badwaha (F&V) APMC,1.4000000000000001,Metric Tonnes,Deshi,950.0,2200.0,1200.0,Rs./Quintal,Grade A
Badwani(F&V) APMC,0.716,Metric Tonnes,Tomato,1000.0,1000.0,1000.0,Rs./Quintal,Local
Betul(F&V) APMC,7.5,Metric Tonnes,Local,700.0,1200.0,1000.0,Rs./Quintal,FAQ
Bhopal(F&V) APMC,49.0,Metric Tonnes,Other,800.0,2000.0,1500.0,Rs./Quintal,Local
Burhanpur(F&V) APMC,5.4,Metric Tonnes,Other,400.0,1500.0,800.0,Rs./Quintal,Local
Chhatarpur (F&V) APMC,3.2,Metric Tonnes,Other,1700.0,1700.0,1700.0,Rs./Quintal,Grade C
Chhindwara(F&V) APMC,7.2,Metric Tonnes,Deshi,1100.0,1300.0,1200.0,Rs./Quintal,Local
Deori (F&V) APMC,1.1,Metric Tonnes,Tomato,985.0,985.0,985.0,Rs./Quintal,Grade B
Dewas(F&V) APMC,1.8,Metric Tonnes,Other,600.0,2400.0,800.0,Rs./Quintal,FAQ
Dhamnod(F&V) APMC,2.5,Metric Tonnes,Tomato,700.0,1000.0,800.0,Rs./Quintal,Local
Dhar(F&V) APMC,0.4,Metric Tonnes,Other,800.0,1400.0,1100.0,Rs./Quintal,Local
Guna(F&V) APMC,1.7,Metric Tonnes,Other,1800.0,2000.0,1900.0,Rs./Quintal,Grade B
Hanumana(F&V) APMC,2.4,Metric Tonnes,Local,2000.0,2000.0,2000.0,Rs./Quintal,Grade A
Harda(F&V) APMC,2.0,Metric Tonnes,Deshi,1800.0,2000.0,1900.0,Rs./Quintal,Medium
Indore(F&V) APMC,54.0,Metric Tonnes,Tomato,600.0,2200.0,1400.0,Rs./Quintal,Local
Itarsi(F&V) APMC,2.5,Metric Tonnes,Tomato,2200.0,2200.0,2200.0,Rs./Quintal,FAQ
Jabalpur(F&V) APMC,40.0,Metric Tonnes,Tomato,1000.0,1700.0,1200.0,Rs./Quintal,Medium
Kailaras APMC,0.4,Metric Tonnes,Tomato,2000.0,2000.0,2000.0,Rs./Quintal,FAQ
Kailaras APMC,1.34,Metric Tonnes,Other,1200.0,2500.0,2500.0,Rs./Quintal,FAQ
Karera(F&V) APMC,0.2,Metric Tonnes,Tomato,2000.0,2600.0,2300.0,Rs./Quintal,Local
Khandwa(F&V) APMC,2.6,Metric Tonnes,Tomato,800.0,1800.0,1322.0,Rs./Quintal,FAQ
Khargone(F&V) APMC,0.2,Metric Tonnes,Tomato,1000.0,1800.0,1600.0,Rs./Quintal,Medium
Khurai(F&V) APMC,1.9000000000000001,Metric Tonnes,Tomato,2000.0,2200.0,2100.0,Rs./Quintal,Local
Kukshi(F&V) APMC,2.1,Metric Tonnes,Tomato,700.0,1400.0,1000.0,Rs./Quintal,Grade A
Lashkar(F&V) APMC,32.6,Metric Tonnes,Local,1600.0,2000.0,1800.0,Rs./Quintal,Grade B
Maihar(F&V) APMC,3.5,Metric Tonnes,Tomato,1000.0,1000.0,1000.0,Rs./Quintal,Local
Manawar(F&V) APMC,0.6000000000000001,Metric Tonnes,Tomato,1500.0,1800.0,1550.0,Rs./Quintal,Grade B
Mandsaur(F&V) APMC,1.6,Metric Tonnes,Other,1000.0,2250.0,1525.0,Rs./Quintal,Grade B
Multai(F&V) APMC,6.835,Metric Tonnes,Deshi,800.0,1500.0,1000.0,Rs./Quintal,FAQ
Narmadapuram (F&V) APMC,8.2,Metric Tonnes,Tomato,750.0,1990.0,1462.0,Rs./Quintal,FAQ
Paatan (F&V) APMC,0.4,Metric Tonnes,Deshi,1400.0,1400.0,1400.0,Rs./Quintal,Medium
Petlawad(F&V) APMC,0.4,Metric Tonnes,Hybrid,1500.0,1500.0,1500.0,Rs./Quintal,Grade A
Pipariya(F&V) APMC,3.5,Metric Tonnes,Tomato,1250.0,2500.0,1700.0,Rs./Quintal,Local
Rehli(F&V) APMC,0.2,Metric Tonnes,Tomato,1600.0,1800.0,1700.0,Rs./Quintal,Grade C
Rewa(F&V) APMC,364.7,Metric Tonnes,Hybrid,800.0,900.0,800.0,Rs./Quintal,Non-FAQ
Sabalgarh(F&V) APMC,0.5,Metric Tonnes,Deshi,1400.0,1400.0,1400.0,Rs./Quintal,FAQ
Sagar(F&V) APMC,14.200000000000001,Metric Tonnes,Local,1500.0,1800.0,1700.0,Rs./Quintal,Local
Sanawad(F&V) APMC,0.5,Metric Tonnes,Deshi,1200.0,1600.0,1500.0,Rs./Quintal,Medium
Sanwer(F&V) APMC,0.1,Metric Tonnes,Tomato,1500.0,3000.0,2000.0,Rs./Quintal,FAQ
Sarangpur(F&V) APMC,1.5,Metric Tonnes,Tomato,800.0,800.0,800.0,Rs./Quintal,Grade B
Sehore(F&V) APMC,2.5,Metric Tonnes,Tomato,1200.0,1500.0,1400.0,Rs./Quintal,Grade Range-1
Sendhwa(F&V) APMC,0.30000000000000004,Metric Tonnes,Hybrid,1400.0,1900.0,1700.0,Rs./Quintal,Medium
Seoni(F&V) APMC,4.825,Metric Tonnes,Deshi,865.0,865.0,865.0,Rs./Quintal,Grade C
Shivpuri(F&V) APMC,1.2,Metric Tonnes,Other,2000.0,2000.0,2000.0,Rs./Quintal,Grade B
Thandla APMC,1.48,Metric Tonnes,Hybrid,1450.0,1950.0,1700.0,Rs./Quintal,FAQ
Timarni(F&V) APMC,0.19,Metric Tonnes,Deshi,2000.0,2500.0,2250.0,Rs./Quintal,FAQ
Ujjain(F&V) APMC,1.07,Metric Tonnes,Deshi,640.0,2140.0,1387.0,Rs./Quintal,Medium
Total,642.51,Metric Tonnes,,,,1070.5,Rs./Quintal,
State/UT Name : Maharashtra
APMC Ahilyanagar ,19.5,Metric Tonnes,Other,200.0,1500.0,850.0,Rs./Quintal,Local
APMC Bhusaval ,5.5,Metric Tonnes,Other,1000.0,1500.0,1200.0,Rs./Quintal,Local
APMC Chattrapati Sambhajinagar ,13.5,Metric Tonnes,Other,500.0,1800.0,1150.0,Rs./Quintal,Local
APMC Dharashiv ,11.7,Metric Tonnes,Other,500.0,1500.0,1000.0,Rs./Quintal,Local
APMC Ghoti ,3.0,Metric Tonnes,Other,2000.0,2000.0,2000.0,Rs./Quintal,Local
APMC Hingna,6.1,Metric Tonnes,Local,2000.0,3250.0,2500.0,Rs./Quintal,Local
APMC Islampur ,4.2,Metric Tonnes,Other,1000.0,2000.0,1500.0,Rs./Quintal,Local
APMC Jalgaon ,13.0,Metric Tonnes,Other,1000.0,1500.0,1200.0,Rs./Quintal,Local
APMC Kalmeshwar ,1.2,Metric Tonnes,Other,1520.0,2000.0,1810.0,Rs./Quintal,Local
APMC Kalyan ,0.3,Metric Tonnes,Other,400.0,600.0,500.0,Rs./Quintal,Local
APMC Kamthi ,6.0,Metric Tonnes,Local,2000.0,2500.0,2350.0,Rs./Quintal,Local
APMC Karad ,3.9,Metric Tonnes,Other,1500.0,1700.0,1700.0,Rs./Quintal,Local
APMC Khed ,10.1,Metric Tonnes,Local,500.0,1500.0,1000.0,Rs./Quintal,Local
APMC Kolhapur ,18.0,Metric Tonnes,Other,500.0,1500.0,1000.0,Rs./Quintal,Local
APMC Mumbai ,169.6,Metric Tonnes,Other,2000.0,2500.0,2250.0,Rs./Quintal,Local
APMC Nagpur ,50.0,Metric Tonnes,Other,2000.0,2700.0,2525.0,Rs./Quintal,Local
APMC Nagpur ,100.0,Metric Tonnes,Local,1200.0,2500.0,2175.0,Rs./Quintal,Local
APMC Nasik ,111.1,Metric Tonnes,Other,300.0,2350.0,1450.0,Rs./Quintal,Local
APMC Pandharpur ,3.0,Metric Tonnes,Other,500.0,1300.0,1000.0,Rs./Quintal,Local
APMC Patan ,0.7,Metric Tonnes,Other,1500.0,2000.0,1750.0,Rs./Quintal,Local
APMC Phaltan ,17.5,Metric Tonnes,Other,250.0,1500.0,930.0,Rs./Quintal,Local
APMC Pimpalgaon Baswant ,4479.0,Metric Tonnes,Other,250.0,2555.0,2005.0,Rs./Quintal,Local
APMC Pune ,180.6,Metric Tonnes,Local,600.0,1800.0,1200.0,Rs./Quintal,Local
APMC Rahata ,5.8,Metric Tonnes,Other,500.0,2500.0,1500.0,Rs./Quintal,Local
APMC Rahuri ,8.4,Metric Tonnes,Other,500.0,1500.0,1000.0,Rs./Quintal,Local
APMC Ramtek ,2.5,Metric Tonnes,Other,2000.0,3000.0,2500.0,Rs./Quintal,Local
APMC Ratnagiri (Nachane) ,1.5,Metric Tonnes,Other,1000.0,1600.0,1200.0,Rs./Quintal,Local
APMC Sangamner ,330.0,Metric Tonnes,Other,500.0,2000.0,1250.0,Rs./Quintal,Local
APMC Satara ,7.4,Metric Tonnes,Other,1000.0,2000.0,1500.0,Rs./Quintal,Local
APMC Solapur ,29.2,Metric Tonnes,Other,300.0,1800.0,1300.0,Rs./Quintal,Local
APMC Vai ,0.7,Metric Tonnes,Local,1000.0,1500.0,1250.0,Rs./Quintal,Local
APMC Vita ,3.0,Metric Tonnes,Other,1500.0,2500.0,1800.0,Rs./Quintal,Local
Amrawati(Frui & Veg. Market) ,18.0,Metric Tonnes,Local,1000.0,2000.0,1500.0,Rs./Quintal,Local
Chandrapur(Ganjwad) ,58.0,Metric Tonnes,Other,1000.0,1400.0,1200.0,Rs./Quintal,Local
Pune(Khadiki) ,1.3,Metric Tonnes,Local,800.0,1300.0,1050.0,Rs./Quintal,Local
Pune(Manjri) ,61.5,Metric Tonnes,Other,1000.0,2000.0,1500.0,Rs./Quintal,Local
Pune(Moshi) ,61.9,Metric Tonnes,Local,1000.0,2000.0,1500.0,Rs./Quintal,Local
Pune(Pimpri) ,0.6,Metric Tonnes,Local,1800.0,1800.0,1800.0,Rs./Quintal,Local
Total,5817.3,Metric Tonnes,,,,1895.36,Rs./Quintal,
State/UT Name : Meghalaya
Jowai APMC,1.0,Metric Tonnes,017,4000.0,5000.0,4500.0,Rs./Quintal,Local
Shillong APMC,7.0,Metric Tonnes,017,2600.0,3200.0,2900.0,Rs./Quintal,FAQ
Tura APMC,0.34,Metric Tonnes,Local,6500.0,7000.0,6800.0,Rs./Quintal,Medium
Total,8.34,Metric Tonnes,,,,3250.84,Rs./Quintal,
State/UT Name : NCT of Delhi
APMC Azadpur,545.1,Metric Tonnes,Tomato,1000.0,3200.0,2367.0,Rs./Quintal,FAQ
APMC Keshopur,244.875,Metric Tonnes,Other,1600.0,3000.0,2700.0,Rs./Quintal,FAQ
"Fruit&Vegetable Market,Gazipur APMC",249.72,Metric Tonnes,Tomato,1800.0,2200.0,2000.0,Rs./Quintal,FAQ
Total,1039.69,Metric Tonnes,,,,2357.28,Rs./Quintal,
State/UT Name : Nagaland
Longleng APMC,0.13999999999999999,Metric Tonnes,Tomato,3700.0,4100.0,3900.0,Rs./Quintal,FAQ
Total,0.14,Metric Tonnes,,,,3900.0,Rs./Quintal,
State/UT Name : Odisha
Angul(Atthamallick) APMC,1.4000000000000001,Metric Tonnes,Tomato,4000.0,6000.0,5000.0,Rs./Quintal,Grade B
Attabira APMC,1.1400000000000001,Metric Tonnes,Other,1650.0,1950.0,1800.0,Rs./Quintal,Local
Balugaon APMC,1.2,Metric Tonnes,Hybrid,4500.0,4500.0,4500.0,Rs./Quintal,Grade A
Banki APMC,0.2,Metric Tonnes,Tomato,3000.0,4000.0,3500.0,Rs./Quintal,FAQ
Bargarh(Barapalli) APMC,127.0,Metric Tonnes,Tomato,5000.0,6000.0,5500.0,Rs./Quintal,Local
Baripada APMC,1.5,Metric Tonnes,Tomato,3500.0,4000.0,3800.0,Rs./Quintal,Medium
Betnoti APMC,2.3,Metric Tonnes,Tomato,3300.0,3700.0,3500.0,Rs./Quintal,FAQ
Bhanjanagar APMC,1.2400000000000002,Metric Tonnes,Tomato,3000.0,3200.0,3100.0,Rs./Quintal,Grade Range-1
Bhawanipatna APMC,1.5,Metric Tonnes,Tomato,3400.0,3400.0,3400.0,Rs./Quintal,Local
Birmaharajpur APMC,1.7000000000000002,Metric Tonnes,Local,2600.0,2700.0,2700.0,Rs./Quintal,Local
Bolangir APMC,3.2,Metric Tonnes,Other,2000.0,2400.0,2200.0,Rs./Quintal,Medium
Bonai APMC,1.0,Metric Tonnes,Other,1625.0,1860.0,1745.0,Rs./Quintal,FAQ
Boudh APMC,1.0,Metric Tonnes,Other,3000.0,4000.0,3500.0,Rs./Quintal,Local
Champua APMC,1.15,Metric Tonnes,Other,3000.0,3000.0,3000.0,Rs./Quintal,Local
Champua(Jhumpura) APMC,0.55,Metric Tonnes,Other,3000.0,3000.0,3000.0,Rs./Quintal,Local
Chatta Krushak Bazar APMC,0.15,Metric Tonnes,Tomato,3500.0,3500.0,3500.0,Rs./Quintal,Grade B
Damana Hat APMC,0.15000000000000002,Metric Tonnes,Other,1500.0,1650.0,1600.0,Rs./Quintal,Grade B
Dhenkanal APMC,0.2,Metric Tonnes,Tomato,3300.0,3800.0,3500.0,Rs./Quintal,Grade B
Dungurapalli APMC,0.26,Metric Tonnes,Hybrid,2450.0,2680.0,2560.0,Rs./Quintal,Local
Godbhaga APMC,0.22999999999999998,Metric Tonnes,Other,1650.0,1950.0,1800.0,Rs./Quintal,Local
Gunpur APMC,5.0,Metric Tonnes,Local,1720.0,2350.0,1780.0,Rs./Quintal,Grade Range-1
Hindol APMC,0.8,Metric Tonnes,Tomato,3500.0,4000.0,3800.0,Rs./Quintal,Grade B
Jatni APMC,1.4000000000000001,Metric Tonnes,Other,1900.0,2000.0,1900.0,Rs./Quintal,Grade B
Jharsuguda APMC,0.8,Metric Tonnes,Other,3000.0,3500.0,3500.0,Rs./Quintal,Grade A
Junagarh APMC,2.2,Metric Tonnes,Other,2600.0,3200.0,2900.0,Rs./Quintal,Grade B
Kalahandi(Dharamagarh) APMC,2.0,Metric Tonnes,Other,2700.0,3300.0,3000.0,Rs./Quintal,Grade B
Kamakhyanagar APMC,0.5,Metric Tonnes,Tomato,4000.0,4000.0,4000.0,Rs./Quintal,Grade A
Kantabaji APMC,1.9500000000000002,Metric Tonnes,Other,2500.0,3500.0,3000.0,Rs./Quintal,Grade B
Karanjia APMC,0.1,Metric Tonnes,Local,3000.0,3500.0,3200.0,Rs./Quintal,Local
Kendrapara APMC,0.15,Metric Tonnes,Tomato,4000.0,4000.0,4000.0,Rs./Quintal,Grade B
Kendrapara(Marshaghai) APMC,0.2,Metric Tonnes,Tomato,3500.0,3500.0,3500.0,Rs./Quintal,Grade B
Keonjhar APMC,0.4,Metric Tonnes,Other,4000.0,4500.0,4500.0,Rs./Quintal,Local
Kesinga APMC,0.625,Metric Tonnes,Local,2500.0,3200.0,3000.0,Rs./Quintal,Grade B
Khariar APMC,1.2,Metric Tonnes,Tomato,3000.0,3000.0,3000.0,Rs./Quintal,Grade A
Khariar Road APMC,1.5,Metric Tonnes,Tomato,3000.0,3000.0,3000.0,Rs./Quintal,Grade A
Koraput APMC,5.0,Metric Tonnes,Local,2500.0,3500.0,3000.0,Rs./Quintal,Grade B
Koraput(Semilguda) APMC,7.0,Metric Tonnes,Local,2600.0,3600.0,3200.0,Rs./Quintal,Grade A
Kuchinda APMC,0.30000000000000004,Metric Tonnes,Deshi,3300.0,4000.0,3500.0,Rs./Quintal,Local
Mukhiguda APMC,3.0,Metric Tonnes,Tomato,2400.0,3400.0,2900.0,Rs./Quintal,Grade B
Nawarangpur APMC,3.5,Metric Tonnes,Tomato,2600.0,2600.0,2600.0,Rs./Quintal,Grade B
Nilagiri APMC,5.0,Metric Tonnes,Other,3800.0,3900.0,3900.0,Rs./Quintal,Local
Padampur APMC,3.2,Metric Tonnes,Tomato,2300.0,2800.0,2600.0,Rs./Quintal,Local
Pandkital APMC,0.26,Metric Tonnes,Other,2500.0,2680.0,2600.0,Rs./Quintal,Local
Panposh APMC,1.0,Metric Tonnes,Hybrid,4000.0,4500.0,4200.0,Rs./Quintal,FAQ
Parlakhemundi APMC,6.300000000000001,Metric Tonnes,Local,1300.0,1500.0,1400.0,Rs./Quintal,Grade Range-1
Pattamundai APMC,0.2,Metric Tonnes,Tomato,4000.0,4000.0,4000.0,Rs./Quintal,Grade B
Rairakhol APMC,0.9,Metric Tonnes,Hybrid,3200.0,3800.0,3500.0,Rs./Quintal,Grade B
Rayagada APMC,12.0,Metric Tonnes,Other,2900.0,3000.0,3000.0,Rs./Quintal,Local
Sambalpur APMC,5.0,Metric Tonnes,Other,2000.0,2400.0,2200.0,Rs./Quintal,Local
Sarankul APMC,1.6,Metric Tonnes,Other,2400.0,2600.0,2500.0,Rs./Quintal,Grade Range-2
Saraskana APMC,0.04,Metric Tonnes,Tomato,4000.0,4500.0,4200.0,Rs./Quintal,Medium
Sargipali APMC,0.5,Metric Tonnes,Other,2600.0,3000.0,2800.0,Rs./Quintal,FAQ
Sohela APMC,2.9000000000000004,Metric Tonnes,Tomato,2300.0,2800.0,2600.0,Rs./Quintal,Local
Talcher APMC,3.2,Metric Tonnes,Other,3200.0,3700.0,3500.0,Rs./Quintal,Grade C
Tileibani APMC,100.0,Metric Tonnes,Other,3200.0,3600.0,3400.0,Rs./Quintal,FAQ
Tusura APMC,3.0,Metric Tonnes,Other,2000.0,2400.0,2200.0,Rs./Quintal,Medium
Udala APMC,8.0,Metric Tonnes,Other,3200.0,3600.0,3400.0,Rs./Quintal,FAQ
Total,337.79,Metric Tonnes,,,,4022.31,Rs./Quintal,
State/UT Name : Punjab
Adampur APMC,2.8000000000000003,Metric Tonnes,Tomato,2500.0,3000.0,3000.0,Rs./Quintal,FAQ
Ahmedgarh APMC,0.1,Metric Tonnes,Local,4000.0,4200.0,4200.0,Rs./Quintal,Medium
Baghapurana APMC,0.15000000000000002,Metric Tonnes,Tomato,3000.0,4000.0,3500.0,Rs./Quintal,Grade B
Balachaur APMC,1.7100000000000002,Metric Tonnes,Other,1500.0,2500.0,2000.0,Rs./Quintal,Medium
Banur APMC,0.2,Metric Tonnes,Other,1800.0,1800.0,1800.0,Rs./Quintal,Grade B
Bassi Pathana APMC,1.5,Metric Tonnes,Tomato,2000.0,2200.0,2100.0,Rs./Quintal,Medium
Bathinda APMC,75.0,Metric Tonnes,Other,2000.0,2600.0,2200.0,Rs./Quintal,Grade B
Bhagta Bhai Ka APMC,0.5,Metric Tonnes,Other,2900.0,2900.0,2900.0,Rs./Quintal,Medium
Dasuya APMC,0.5,Metric Tonnes,Tomato,4000.0,4000.0,4000.0,Rs./Quintal,FAQ
Dera Bassi APMC,0.2,Metric Tonnes,Other,2600.0,2600.0,2600.0,Rs./Quintal,Local
Dhuri APMC,0.2,Metric Tonnes,Other,2200.0,2500.0,2400.0,Rs./Quintal,Medium
Dinanagar APMC,2.15,Metric Tonnes,Tomato,2800.0,3000.0,2900.0,Rs./Quintal,Medium
Doraha APMC,0.9900000000000001,Metric Tonnes,Deshi,1800.0,2600.0,2400.0,Rs./Quintal,Local
Dudhansadhan APMC,0.2,Metric Tonnes,Other,3000.0,3000.0,3000.0,Rs./Quintal,Grade B
F.G.Churian APMC,0.1,Metric Tonnes,Tomato,2200.0,2200.0,2200.0,Rs./Quintal,Grade A
Fazilka APMC,0.979,Metric Tonnes,Tomato,3000.0,3000.0,3000.0,Rs./Quintal,FAQ
Garh Shankar APMC,1.9,Metric Tonnes,Tomato,2400.0,2400.0,2400.0,Rs./Quintal,FAQ
Garh Shankar(Mahalpur) APMC,1.2,Metric Tonnes,Tomato,2300.0,2400.0,2366.67,Rs./Quintal,FAQ
GarhShankar (Kotfatuhi) APMC,0.3,Metric Tonnes,Other,2500.0,2500.0,2500.0,Rs./Quintal,FAQ
Ghanaur APMC,0.2,Metric Tonnes,Other,2000.0,2200.0,2100.0,Rs./Quintal,FAQ
Giddarbaha APMC,0.5,Metric Tonnes,Tomato,2800.0,2800.0,2800.0,Rs./Quintal,FAQ
Goraya APMC,0.1,Metric Tonnes,Other,2000.0,2000.0,2000.0,Rs./Quintal,Local
Jagraon APMC,0.8,Metric Tonnes,Other,1600.0,1600.0,1600.0,Rs./Quintal,FAQ
Jalalabad APMC,1.35,Metric Tonnes,Tomato,3000.0,3400.0,3200.0,Rs./Quintal,Medium
Jalandhar City(Jalandhar) APMC,47.6,Metric Tonnes,Tomato,800.0,2200.0,1500.0,Rs./Quintal,FAQ
Khamano APMC,0.1,Metric Tonnes,Tomato,2000.0,2000.0,2000.0,Rs./Quintal,FAQ
Khanna APMC,18.3,Metric Tonnes,Tomato,2599.0,2599.0,2599.0,Rs./Quintal,Grade A
Kharar APMC,4.7,Metric Tonnes,Tomato,2000.0,4000.0,3000.0,Rs./Quintal,Non-FAQ
Kurali APMC,1.2000000000000002,Metric Tonnes,Other,2900.0,3100.0,3000.0,Rs./Quintal,Medium
Lalru APMC,1.8,Metric Tonnes,Deshi,2450.0,2450.0,2450.0,Rs./Quintal,Local
Lehra Gaga APMC,2.25,Metric Tonnes,Other,2000.0,2000.0,2000.0,Rs./Quintal,Grade A
Machhiwara APMC,0.255,Metric Tonnes,Local,2500.0,3000.0,2700.0,Rs./Quintal,FAQ
Malerkotla APMC,6.2,Metric Tonnes,Tomato,1200.0,3000.0,2500.0,Rs./Quintal,Local
Malout APMC,0.886,Metric Tonnes,Tomato,2500.0,2500.0,2500.0,Rs./Quintal,Grade A
Mamdot APMC,0.1,Metric Tonnes,Other,2250.0,2250.0,2250.0,Rs./Quintal,Local
Mansa APMC,0.6,Metric Tonnes,Tomato,4000.0,4000.0,4000.0,Rs./Quintal,FAQ
Maur APMC,0.30000000000000004,Metric Tonnes,Other,2600.0,3000.0,2800.0,Rs./Quintal,Grade B
Mukerian APMC,2.9800000000000004,Metric Tonnes,Tomato,2000.0,3000.0,2500.0,Rs./Quintal,Grade B
Mukerian(Talwara) APMC,0.5,Metric Tonnes,Tomato,3000.0,4000.0,3500.0,Rs./Quintal,FAQ
Muktsar APMC,0.8,Metric Tonnes,Tomato,1200.0,1800.0,1550.0,Rs./Quintal,Medium
Nabha APMC,8.4,Metric Tonnes,Other,2000.0,2800.0,2400.0,Rs./Quintal,Grade C
Nawan Shahar(Subzi Mandi) APMC,3.4700000000000006,Metric Tonnes,Tomato,2000.0,2500.0,2200.0,Rs./Quintal,FAQ
Nihal Singh Wala APMC,0.35,Metric Tonnes,Other,3000.0,3100.0,3042.86,Rs./Quintal,FAQ
Pathankot APMC,45.0,Metric Tonnes,Tomato,2400.0,2400.0,2400.0,Rs./Quintal,Medium
Patiala APMC,22.400000000000002,Metric Tonnes,Tomato,2000.0,3000.0,2500.0,Rs./Quintal,Grade A
Patran APMC,13.0,Metric Tonnes,Other,2810.0,2810.0,2810.0,Rs./Quintal,Grade A
Patti APMC,0.1,Metric Tonnes,Other,0.08,0.08,0.08,Rs./Quintal,Local
Phagwara APMC,13.200000000000001,Metric Tonnes,Other,600.0,2400.0,1200.0,Rs./Quintal,FAQ
Phillaur APMC,0.5,Metric Tonnes,Other,2600.0,2600.0,2600.0,Rs./Quintal,FAQ
Phillaur(Apra Mandi) APMC,0.1,Metric Tonnes,Other,4000.0,4000.0,4000.0,Rs./Quintal,FAQ
Quadian APMC,0.30000000000000004,Metric Tonnes,Other,2800.0,3000.0,2900.0,Rs./Quintal,Grade A
Raikot APMC,0.6,Metric Tonnes,Other,2895.0,2895.0,2895.0,Rs./Quintal,Grade A
Rajpura APMC,2.2,Metric Tonnes,Local,2000.0,2300.0,2200.0,Rs./Quintal,Grade A
Raman APMC,0.5,Metric Tonnes,Other,2715.0,2805.0,2750.0,Rs./Quintal,Medium
Rampuraphul(Nabha Mandi) APMC,2.0,Metric Tonnes,Other,2000.0,2500.0,2200.0,Rs./Quintal,Grade A
Rayya APMC,0.035,Metric Tonnes,Other,725.0,725.0,725.0,Rs./Quintal,FAQ
Ropar APMC,4.0,Metric Tonnes,Other,3000.0,3400.0,3200.0,Rs./Quintal,Non-FAQ
Samana APMC,50.0,Metric Tonnes,Other,1900.0,2500.0,2000.0,Rs./Quintal,Grade Range-2
Samrala APMC,0.7000000000000001,Metric Tonnes,Other,2500.0,3500.0,3000.0,Rs./Quintal,Local
Sangrur APMC,5.0,Metric Tonnes,Tomato,1800.0,2200.0,2000.0,Rs./Quintal,Grade B
Shahkot APMC,0.1,Metric Tonnes,Tomato,1000.0,1000.0,1000.0,Rs./Quintal,Local
Sirhind APMC,4.2,Metric Tonnes,Other,1800.0,2700.0,2400.0,Rs./Quintal,FAQ
Sunam APMC,0.6,Metric Tonnes,Tomato,1800.0,1800.0,1800.0,Rs./Quintal,Grade A
Tanda Urmur APMC,1.0,Metric Tonnes,Tomato,2500.0,3000.0,2800.0,Rs./Quintal,Grade A
Zira APMC,0.436,Metric Tonnes,Other,2900.0,2900.0,2900.0,Rs./Quintal,Local
Total,360.39,Metric Tonnes,,,,2198.57,Rs./Quintal,
State/UT Name : Rajasthan
Abu Road APMC,1.881,Metric Tonnes,Other,975.0,1025.0,1000.0,Rs./Quintal,Local
Ajmer(F&V) APMC,50.300000000000004,Metric Tonnes,Other,800.0,2200.0,1500.0,Rs./Quintal,Medium
Baran APMC,1.8,Metric Tonnes,Other,1300.0,1800.0,1500.0,Rs./Quintal,Local
Bassi APMC,0.30000000000000004,Metric Tonnes,Other,4800.0,5200.0,5000.0,Rs./Quintal,Local
Bayana APMC,1.2000000000000002,Metric Tonnes,Other,2200.0,2200.0,2200.0,Rs./Quintal,Local
Bhadara APMC,1.1,Metric Tonnes,Deshi,2500.0,3000.0,2773.0,Rs./Quintal,FAQ
Bhinmal APMC,1.4000000000000001,Metric Tonnes,Other,2400.0,2500.0,2450.0,Rs./Quintal,Non-FAQ
Churu APMC,2.0,Metric Tonnes,Hybrid,2200.0,2400.0,2300.0,Rs./Quintal,FAQ
Goluwala APMC,0.11000000000000001,Metric Tonnes,Deshi,3000.0,3000.0,3000.0,Rs./Quintal,Non-FAQ
HanumangarhTown APMC,80.60000000000001,Metric Tonnes,Deshi,2800.0,2800.0,2800.0,Rs./Quintal,Non-FAQ
Jaipur (F&V) APMC,651.0,Metric Tonnes,Other,1800.0,2200.0,2000.0,Rs./Quintal,FAQ
Jodhpur (F&V) APMC,91.5,Metric Tonnes,Other,1000.0,3200.0,2000.0,Rs./Quintal,Medium
Kota (F&V) APMC,41.6,Metric Tonnes,Other,2400.0,2400.0,2400.0,Rs./Quintal,Medium
Rajsamand APMC,1.7000000000000002,Metric Tonnes,Tomato,2000.0,2500.0,2250.0,Rs./Quintal,FAQ
Rawatsar APMC,0.7000000000000001,Metric Tonnes,Deshi,1700.0,2500.0,2000.0,Rs./Quintal,FAQ
Sikar APMC,11.100000000000001,Metric Tonnes,Deshi,1400.0,1900.0,1650.0,Rs./Quintal,FAQ
Sriganganagar (F&V) APMC,15.0,Metric Tonnes,Tomato,2400.0,2800.0,2600.0,Rs./Quintal,Grade A
Sujangarh APMC,0.6000000000000001,Metric Tonnes,Other,1500.0,1700.0,1600.0,Rs./Quintal,Local
Udaipur (F&V) APMC,47.7,Metric Tonnes,Other,1000.0,2200.0,1600.0,Rs./Quintal,Medium
Total,1001.59,Metric Tonnes,,,,2042.67,Rs./Quintal,
State/UT Name : Tamil Nadu
AJattihalli(Uzhavar Sandhai ),3.4,Metric Tonnes,Deshi,2000.0,2400.0,2200.0,Rs./Quintal,Local
Alangudi(Uzhavar Sandhai ),0.55,Metric Tonnes,Other,2500.0,3000.0,2750.0,Rs./Quintal,Local
Ambasamudram(Uzhavar Sandhai ),0.04,Metric Tonnes,Local,2400.0,2800.0,2600.0,Rs./Quintal,Local
Ambattur(Uzhavar Sandhai ),0.04,Metric Tonnes,Deshi,2500.0,2500.0,2500.0,Rs./Quintal,Local
Ammapet(Uzhavar Sandhai ),1.99,Metric Tonnes,Local,2500.0,2800.0,2650.0,Rs./Quintal,Local
Anaiyur(Uzhavar Sandhai ),0.72,Metric Tonnes,Deshi,2800.0,3000.0,2900.0,Rs./Quintal,Local
Andipatti(Uzhavar Sandhai ),0.9,Metric Tonnes,Deshi,2600.0,2800.0,2700.0,Rs./Quintal,Local
Anna nagar(Uzhavar Sandhai ),1.74,Metric Tonnes,Other,2800.0,2800.0,2800.0,Rs./Quintal,Local
Arani(Uzhavar Sandhai ),1.2,Metric Tonnes,Deshi,2500.0,3000.0,2750.0,Rs./Quintal,Local
Aranthangi(Uzhavar Sandhai ),0.43,Metric Tonnes,Deshi,3000.0,3400.0,3200.0,Rs./Quintal,Local
Arcot(Uzhavar Sandhai ),0.75,Metric Tonnes,Deshi,2400.0,2400.0,2400.0,Rs./Quintal,Local
Ariyalur(Uzhavar Sandhai),0.15,Metric Tonnes,Deshi,3000.0,3500.0,3250.0,Rs./Quintal,Local
Aruppukottai(Uzhavar Sandhai ),0.65,Metric Tonnes,Deshi,2500.0,3000.0,2750.0,Rs./Quintal,Local
Athur(Uzhavar Sandhai ),2.5,Metric Tonnes,Deshi,2000.0,2800.0,2400.0,Rs./Quintal,Local
Attayampatti(Uzhavar Sandhai ),0.48,Metric Tonnes,Deshi,2400.0,2800.0,2600.0,Rs./Quintal,Local
Avallapalli(Uzhavar Sandhai ),1.3,Metric Tonnes,Deshi,2500.0,3000.0,2750.0,Rs./Quintal,Local
Bodinayakanur(Uzhavar Sandhai ),0.4,Metric Tonnes,Deshi,2800.0,2800.0,2800.0,Rs./Quintal,Local
Chengalpet(Uzhavar Sandhai ),0.72,Metric Tonnes,Deshi,3000.0,3500.0,3250.0,Rs./Quintal,Local
Chengam(Uzhavar Sandhai ),0.5,Metric Tonnes,Local,2000.0,2500.0,2250.0,Rs./Quintal,Local
Cheyyar(Uzhavar Sandhai ),0.3,Metric Tonnes,Local,2500.0,3000.0,2750.0,Rs./Quintal,Local
Chidambaram(Uzhavar Sandhai ),0.02,Metric Tonnes,Local,2500.0,2500.0,2500.0,Rs./Quintal,Local
Chinnalapatti(Uzhavar Sandhai ),0.68,Metric Tonnes,Local,2500.0,3000.0,2750.0,Rs./Quintal,Local
Chinnamanur(Uzhavar Sandhai ),1.44,Metric Tonnes,Local,2800.0,2800.0,2800.0,Rs./Quintal,Local
Chokkikulam(Uzhavar Sandhai ),2.35,Metric Tonnes,Deshi,2600.0,3000.0,2800.0,Rs./Quintal,Local
Coonoor(Uzhavar Sandhai ),1.75,Metric Tonnes,Deshi,2800.0,3000.0,2900.0,Rs./Quintal,Local
Cuddalore(Uzhavar Sandhai ),0.45,Metric Tonnes,Deshi,2800.0,2800.0,2800.0,Rs./Quintal,Local
Denkanikottai(Uzhavar Sandhai ),2.32,Metric Tonnes,Deshi,2500.0,3000.0,2750.0,Rs./Quintal,Local
Devakottai (Uzhavar Sandhai ),0.23,Metric Tonnes,Deshi,2200.0,3000.0,2600.0,Rs./Quintal,Local
Devaram(Uzhavar Sandhai ),0.29,Metric Tonnes,Deshi,2700.0,2700.0,2700.0,Rs./Quintal,Local
Dharapuram(Uzhavar Sandhai ),4.2,Metric Tonnes,Deshi,2000.0,2000.0,2000.0,Rs./Quintal,Local
Dharmapuri(Uzhavar Sandhai ),9.8,Metric Tonnes,Local,2200.0,2400.0,2300.0,Rs./Quintal,Local
Dindigul(Uzhavar Sandhai ),2.0,Metric Tonnes,Deshi,2500.0,3000.0,2750.0,Rs./Quintal,Local
Edapadi (Uzhavar Sandhai ),1.8,Metric Tonnes,Other,2000.0,2200.0,2100.0,Rs./Quintal,Local
Elampillai(Uzhavar Sandhai ),1.8,Metric Tonnes,Local,2500.0,2800.0,2650.0,Rs./Quintal,Local
Gandarvakottai(Uzhavar Sandhai ),0.65,Metric Tonnes,Deshi,2500.0,3000.0,2750.0,Rs./Quintal,Local
Gandhigramam(Uzhavar Sandhai),0.36,Metric Tonnes,Other,2800.0,3000.0,2900.0,Rs./Quintal,Local
Gingee(Uzhavar Sandhai ),0.25,Metric Tonnes,Deshi,2000.0,2500.0,2250.0,Rs./Quintal,Local
Gobichettipalayam(Uzhavar Sandhai ),0.81,Metric Tonnes,Deshi,2500.0,3000.0,2750.0,Rs./Quintal,Local
Gudalur(Uzhavar Sandhai ),0.07,Metric Tonnes,Deshi,2000.0,2500.0,2250.0,Rs./Quintal,Local
Gudiyatham(Uzhavar Sandhai ),1.2,Metric Tonnes,Deshi,2000.0,2500.0,2250.0,Rs./Quintal,Local
Guduvancheri(Uzhavar Sandhai ),0.18,Metric Tonnes,Other,2500.0,3000.0,2750.0,Rs./Quintal,Local
Harur(Uzhavar Sandhai ),1.45,Metric Tonnes,Deshi,2000.0,2500.0,2250.0,Rs./Quintal,Local
Hasthampatti(Uzhavar Sandhai ),1.55,Metric Tonnes,Local,2400.0,2800.0,2600.0,Rs./Quintal,Local
Hosur(Uzhavar Sandhai ),3.87,Metric Tonnes,Local,2700.0,3000.0,2850.0,Rs./Quintal,Local
Jalagandapuram(Uzhavar Sandhai ),3.02,Metric Tonnes,Other,2400.0,2800.0,2600.0,Rs./Quintal,Local
Jameenrayapettai(Uzhavar Sandhai ),0.63,Metric Tonnes,Other,2500.0,3000.0,2750.0,Rs./Quintal,Local
Jeyankondam (Uzhavar Sandhai ),0.01,Metric Tonnes,Deshi,2500.0,3000.0,2750.0,Rs./Quintal,Local
KKNagar(Uzhavar Sandhai ),3.0,Metric Tonnes,Deshi,3000.0,3000.0,3000.0,Rs./Quintal,Local
Kahithapattarai(Uzhavar Sandhai ),1.15,Metric Tonnes,Deshi,2600.0,2600.0,2600.0,Rs./Quintal,Local
Kallakurichi(Uzhavar Sandhai ),1.1,Metric Tonnes,Deshi,3000.0,3000.0,3000.0,Rs./Quintal,Local
Kambam(Uzhavar Sandhai ),5.7,Metric Tonnes,Deshi,2500.0,2600.0,2550.0,Rs./Quintal,Local
Kamuthi(Uzhavar Sandhai ),0.03,Metric Tonnes,Deshi,3500.0,3800.0,3650.0,Rs./Quintal,Local
Kancheepuram(Uzhavar Sandhai ),0.6,Metric Tonnes,Local,2400.0,3000.0,2700.0,Rs./Quintal,Local
Kandiyaperi(Uzhavar Sandhai ),0.03,Metric Tonnes,Other,2600.0,2800.0,2700.0,Rs./Quintal,Local
Kangayam(Uzhavar Sandhai ),1.41,Metric Tonnes,Local,2000.0,2200.0,2100.0,Rs./Quintal,Local
Karaikudi(Uzhavar Sandhai ),0.31,Metric Tonnes,Deshi,2500.0,3000.0,2750.0,Rs./Quintal,Local
Karambakkudi(Uzhavar Sandhai ),0.69,Metric Tonnes,Other,2500.0,3000.0,2750.0,Rs./Quintal,Local
Karimangalam(Uzhavar Sandhai),0.6,Metric Tonnes,Local,2300.0,2500.0,2400.0,Rs./Quintal,Local
Kariyapatti(Uzhavar Sandhai ),0.16,Metric Tonnes,Deshi,2500.0,3000.0,2750.0,Rs./Quintal,Local
Karur(Uzhavar Sandhai ),1.02,Metric Tonnes,Deshi,2500.0,3000.0,2750.0,Rs./Quintal,Local
Katpadi (Uzhavar Sandhai ),0.9,Metric Tonnes,Deshi,3200.0,3200.0,3200.0,Rs./Quintal,Local
Kaveripattinam(Uzhavar Sandhai ),0.26,Metric Tonnes,Local,2500.0,2500.0,2500.0,Rs./Quintal,Local
Keelpennathur(Uzhavar Sandhai ),0.02,Metric Tonnes,Deshi,3000.0,3500.0,3250.0,Rs./Quintal,Local
Kovilpatti(Uzhavar Sandhai ),0.34,Metric Tonnes,Local,2500.0,3000.0,2750.0,Rs./Quintal,Local
Krishnagiri(Uzhavar Sandhai ),4.16,Metric Tonnes,Deshi,2000.0,2400.0,2200.0,Rs./Quintal,Local
Kulithalai(Uzhavar Sandhai ),1.67,Metric Tonnes,Deshi,2800.0,3000.0,2900.0,Rs./Quintal,Local
Kumarapalayam(Uzhavar Sandhai ),0.13,Metric Tonnes,Other,2200.0,3000.0,2600.0,Rs./Quintal,Local
Kumbakonam (Uzhavar Sandhai ),1.24,Metric Tonnes,Deshi,2800.0,3400.0,3100.0,Rs./Quintal,Local
Kundrathur(Uzhavar Sandhai ),0.4,Metric Tonnes,Other,2500.0,2500.0,2500.0,Rs./Quintal,Local
Kurichi(Uzhavar Sandhai ),0.16,Metric Tonnes,Local,2500.0,2800.0,2650.0,Rs./Quintal,Local
Lalgudi(Uzhavar Sandhai ),0.52,Metric Tonnes,Local,2800.0,2800.0,2800.0,Rs./Quintal,Local
Madhuranthagam(Uzhavar Sandhai ),0.11,Metric Tonnes,Deshi,3000.0,3000.0,3000.0,Rs./Quintal,Local
Manachanallur(Uzhavar Sandhai ),0.15,Metric Tonnes,Other,3000.0,3000.0,3000.0,Rs./Quintal,Local
Manapparai(Uzhavar Sandhai ),0.62,Metric Tonnes,Other,2800.0,2800.0,2800.0,Rs./Quintal,Local
Mannargudi I(Uzhavar Sandhai ),1.32,Metric Tonnes,Other,2800.0,2800.0,2800.0,Rs./Quintal,Local
Mannargudi II(Uzhavar Sandhai ),0.58,Metric Tonnes,Other,2800.0,2800.0,2800.0,Rs./Quintal,Local
Mayiladuthurai(Uzhavar Sandhai ),0.19,Metric Tonnes,Deshi,2500.0,3000.0,2750.0,Rs./Quintal,Local
Mecheri(Uzhavar Sandhai),0.18,Metric Tonnes,Deshi,2500.0,2800.0,2650.0,Rs./Quintal,Local
Medavakkam(Uzhavar Sandhai ),0.35,Metric Tonnes,Other,2000.0,2500.0,2250.0,Rs./Quintal,Local
Melapalayam(Uzhavar Sandhai ),0.85,Metric Tonnes,Other,2600.0,2800.0,2700.0,Rs./Quintal,Local
Melur(Uzhavar Sandhai ),0.49,Metric Tonnes,Deshi,2800.0,3000.0,2900.0,Rs./Quintal,Local
Mettupalayam(Uzhavar Sandhai ),3.28,Metric Tonnes,Deshi,2500.0,3000.0,2750.0,Rs./Quintal,Local
Mettur(Uzhavar Sandhai ),3.0,Metric Tonnes,Local,2000.0,2700.0,2350.0,Rs./Quintal,Local
Mohanur(Uzhavar Sandhai ),0.52,Metric Tonnes,Deshi,2400.0,3000.0,2700.0,Rs./Quintal,Local
Musiri(Uzhavar Sandhai ),1.8,Metric Tonnes,Local,2500.0,3000.0,2750.0,Rs./Quintal,Local
Muthupettai(Uzhavar Sandhai ),0.04,Metric Tonnes,Deshi,2600.0,2600.0,2600.0,Rs./Quintal,Local
Myladi(Uzhavar Sandhai ),0.04,Metric Tonnes,Deshi,3000.0,3500.0,3250.0,Rs./Quintal,Local
NGO Colony(Uzhavar Sandhai ),0.45,Metric Tonnes,Deshi,2500.0,3200.0,2850.0,Rs./Quintal,Local
Nagapattinam(Uzhavar Sandhai ),0.22,Metric Tonnes,Deshi,3400.0,3400.0,3400.0,Rs./Quintal,Local
Nanganallur(Uzhavar Sandhai ),0.13,Metric Tonnes,Deshi,3000.0,3500.0,3250.0,Rs./Quintal,Local
Naravarikuppam(Uzhavar Sandhai ),0.14,Metric Tonnes,Deshi,2500.0,2500.0,2500.0,Rs./Quintal,Local
Natrampalli(Uzhavar Sandhai ),6.1,Metric Tonnes,Deshi,2000.0,2500.0,2250.0,Rs./Quintal,Local
Needamangalam(Uzhavar Sandhai ),0.06,Metric Tonnes,Deshi,2600.0,2600.0,2600.0,Rs./Quintal,Local
Padappai(Uzhavar Sandhai ),0.8,Metric Tonnes,Local,2200.0,3000.0,2600.0,Rs./Quintal,Local
Palacode(Uzhavar Sandhai ),0.9,Metric Tonnes,Local,2200.0,2400.0,2300.0,Rs./Quintal,Local
Palanganatham(Uzhavar Sandhai ),1.5,Metric Tonnes,Deshi,2800.0,3000.0,2900.0,Rs./Quintal,Local
Palani(Uzhavar Sandhai ),2.65,Metric Tonnes,Deshi,1500.0,2400.0,1950.0,Rs./Quintal,Local
Palayamkottai(Uzhavar Sandhai ),0.95,Metric Tonnes,Local,2600.0,2800.0,2700.0,Rs./Quintal,Local
Palladam(Uzhavar Sandhai ),1.76,Metric Tonnes,Local,2000.0,2400.0,2200.0,Rs./Quintal,Local
Pallapatti (Uzhavar Sandhai ),0.92,Metric Tonnes,Other,2500.0,2800.0,2650.0,Rs./Quintal,Local
Pallavaram(Uzhavar Sandhai ),1.06,Metric Tonnes,Other,2500.0,3000.0,2750.0,Rs./Quintal,Local
Pallikonda(Uzhavar Sandhai),0.12,Metric Tonnes,Deshi,2800.0,3000.0,2900.0,Rs./Quintal,Local
Panruti(Uzhavar Sandhai ),0.06,Metric Tonnes,Deshi,2500.0,2500.0,2500.0,Rs./Quintal,Local
Papanasam(Uzhavar Sandhai ),0.17,Metric Tonnes,Deshi,2400.0,3000.0,2700.0,Rs./Quintal,Local
Paramakudi(Uzhavar Sandhai ),1.67,Metric Tonnes,Deshi,3000.0,3500.0,3250.0,Rs./Quintal,Local
Paramathivelur(Uzhavar Sandhai ),0.13,Metric Tonnes,Deshi,2800.0,3200.0,3000.0,Rs./Quintal,Local
Paruthipattu(Uzhavar Sandhai ),0.24,Metric Tonnes,Deshi,2500.0,3000.0,2750.0,Rs./Quintal,Local
Pattukottai(Uzhavar Sandhai ),0.9,Metric Tonnes,Deshi,3400.0,3400.0,3400.0,Rs./Quintal,Local
Pennagaram(Uzhavar Sandhai ),2.2,Metric Tonnes,Deshi,2500.0,3000.0,2750.0,Rs./Quintal,Local
Perambakkam(Uzhavar Sandhai ),0.02,Metric Tonnes,Deshi,4000.0,4000.0,4000.0,Rs./Quintal,Local
Perambalur(Uzhavar Sandhai ),0.96,Metric Tonnes,Deshi,3000.0,3600.0,3300.0,Rs./Quintal,Local
Perampet(Uzhavar Sandhai),0.12,Metric Tonnes,Deshi,2000.0,2600.0,2300.0,Rs./Quintal,Local
Peravurani(Uzhavar Sandhai),0.09,Metric Tonnes,Deshi,3000.0,3000.0,3000.0,Rs./Quintal,Local
Periyakulam(Uzhavar Sandhai ),0.62,Metric Tonnes,Other,2600.0,2800.0,2700.0,Rs./Quintal,Local
Periyar Nagar(Uzhavar Sandhai ),0.46,Metric Tonnes,Other,3000.0,3200.0,3100.0,Rs./Quintal,Local
Perundurai(Uzhavar Sandhai ),0.46,Metric Tonnes,Deshi,2600.0,3000.0,2800.0,Rs./Quintal,Local
Pollachi(Uzhavar Sandhai ),1.38,Metric Tonnes,Deshi,2500.0,3000.0,2750.0,Rs./Quintal,Local
Polur(Uzhavar Sandhai ),0.42,Metric Tonnes,Deshi,2000.0,2500.0,2250.0,Rs./Quintal,Local
Ponnamaravathi(Uzhavar Sandhai),0.21,Metric Tonnes,Deshi,2500.0,3000.0,2750.0,Rs./Quintal,Local
Pudukottai(Uzhavar Sandhai ),1.68,Metric Tonnes,Other,3000.0,3400.0,3200.0,Rs./Quintal,Local
RSPuram(Uzhavar Sandhai ),3.68,Metric Tonnes,Local,2600.0,2900.0,2750.0,Rs./Quintal,Local
Rajapalayam(Uzhavar Sandhai ),0.8,Metric Tonnes,Deshi,2500.0,3000.0,2750.0,Rs./Quintal,Local
Ramanathapuram(Uzhavar Sandhai ),0.21,Metric Tonnes,Deshi,3500.0,4000.0,3750.0,Rs./Quintal,Local
Ranipettai(Uzhavar Sandhai ),0.95,Metric Tonnes,Other,2500.0,2800.0,2650.0,Rs./Quintal,Local
Rasipuram(Uzhavar Sandhai ),1.36,Metric Tonnes,Other,3000.0,3400.0,3200.0,Rs./Quintal,Local
Sampath Nagar(Uzhavar Sandhai ),1.74,Metric Tonnes,Other,3000.0,3200.0,3100.0,Rs./Quintal,Local
Sankarankoil(Uzhavar Sandhai ),0.75,Metric Tonnes,Deshi,2500.0,3000.0,2750.0,Rs./Quintal,Local
Sankarapuram(Uzhavar Sandhai ),0.18,Metric Tonnes,Deshi,2500.0,2500.0,2500.0,Rs./Quintal,Local
Sathiyamagalam(Uzhavar Sandhai ),0.85,Metric Tonnes,Local,2500.0,2900.0,2700.0,Rs./Quintal,Local
Sathur(Uzhavar Sandhai ),0.06,Metric Tonnes,Deshi,2000.0,2500.0,2250.0,Rs./Quintal,Local
Singampunari(Uzhavar Sandhai ),0.32,Metric Tonnes,Other,2600.0,3000.0,2800.0,Rs./Quintal,Local
Singanallur(Uzhavar Sandhai ),9.65,Metric Tonnes,Deshi,2600.0,3000.0,2800.0,Rs./Quintal,Local
Sirkali(Uzhavar Sandhai ),0.38,Metric Tonnes,Deshi,2500.0,3000.0,2750.0,Rs./Quintal,Local
Sivagangai (Uzhavar Sandhai ),1.22,Metric Tonnes,Deshi,2800.0,3000.0,2900.0,Rs./Quintal,Local
Sivakasi(Uzhavar Sandhai ),0.06,Metric Tonnes,Deshi,2500.0,3000.0,2750.0,Rs./Quintal,Local
Sooramangalam(Uzhavar Sandhai ),6.56,Metric Tonnes,Local,2500.0,2800.0,2650.0,Rs./Quintal,Local
Srivilliputhur(Uzhavar Sandhai ),0.18,Metric Tonnes,Deshi,2000.0,2500.0,2250.0,Rs./Quintal,Local
Sulur(Uzhavar Sandhai ),0.82,Metric Tonnes,Deshi,2600.0,3000.0,2800.0,Rs./Quintal,Local
Sundarapuram(Uzhavar Sandhai ),1.92,Metric Tonnes,Local,2500.0,3000.0,2750.0,Rs./Quintal,Local
Sunguvarchatram(Uzhavar Sandhai ),0.4,Metric Tonnes,Other,2500.0,2500.0,2500.0,Rs./Quintal,Local
Tamarainagar(Uzhavar Sandhai ),0.65,Metric Tonnes,Deshi,2200.0,2600.0,2400.0,Rs./Quintal,Local
Tenkasi(Uzhavar Sandhai ),0.4,Metric Tonnes,Local,2000.0,2500.0,2250.0,Rs./Quintal,Local
Thalavadi(Uzhavar Sandhai ),0.5,Metric Tonnes,Other,2200.0,2500.0,2350.0,Rs./Quintal,Local
Thalavaipuram(Uzhavar Sandhai ),0.13,Metric Tonnes,Deshi,2500.0,3000.0,2750.0,Rs./Quintal,Local
Thammampatti (Uzhavar Sandhai ),1.22,Metric Tonnes,Deshi,2000.0,2800.0,2400.0,Rs./Quintal,Local
Thanjavur(Uzhavar Sandhai ),1.3,Metric Tonnes,Deshi,3000.0,3000.0,3000.0,Rs./Quintal,Local
Thathakapatti(Uzhavar Sandhai ),4.1,Metric Tonnes,Deshi,2400.0,2800.0,2600.0,Rs./Quintal,Local
Theni(Uzhavar Sandhai ),4.37,Metric Tonnes,Other,2500.0,2800.0,2650.0,Rs./Quintal,Local
Thirukalukundram(Uzhavar Sandhai ),0.14,Metric Tonnes,Deshi,2500.0,3000.0,2750.0,Rs./Quintal,Local
Thirumangalam(Uzhavar Sandhai ),1.1,Metric Tonnes,Deshi,2800.0,3000.0,2900.0,Rs./Quintal,Local
Thirupathur APMC,5.3,Metric Tonnes,Deshi,3000.0,3000.0,3000.0,Rs./Quintal,Local
Thiruverumbur(Uzhavar Sandhai ),1.0,Metric Tonnes,Other,2800.0,2800.0,2800.0,Rs./Quintal,Local
Thuraiyur APMC,0.87,Metric Tonnes,Other,2500.0,3200.0,2850.0,Rs./Quintal,Local
Tindivanam APMC,0.6,Metric Tonnes,Deshi,2300.0,2300.0,2300.0,Rs./Quintal,Local
Tiruchengode APMC,0.14,Metric Tonnes,Other,2500.0,2800.0,2650.0,Rs./Quintal,Local
Tirukattupalli(Uzhavar Sandhai ),0.25,Metric Tonnes,Deshi,3000.0,3000.0,3000.0,Rs./Quintal,Local
Tirupatthur(Uzhavar Sandhai ),0.43,Metric Tonnes,Other,2500.0,3000.0,2750.0,Rs./Quintal,Local
Tiruppur (North) (Uzhavar Sandhai ),0.96,Metric Tonnes,Local,2200.0,2500.0,2350.0,Rs./Quintal,Local
Tiruppur (South) (Uzhavar Sandhai ),16.24,Metric Tonnes,Other,1600.0,2000.0,1800.0,Rs./Quintal,Local
Tiruthani(Uzhavar Sandhai ),0.3,Metric Tonnes,Deshi,2500.0,2500.0,2500.0,Rs./Quintal,Local
Tiruvallur(Uzhavar Sandhai ),0.21,Metric Tonnes,Deshi,2500.0,3000.0,2750.0,Rs./Quintal,Local
Tiruvannamalai(Uzhavar Sandhai ),1.1,Metric Tonnes,Deshi,2000.0,2500.0,2250.0,Rs./Quintal,Local
Tiruvarur(Uzhavar Sandhai ),0.2,Metric Tonnes,Deshi,2600.0,2600.0,2600.0,Rs./Quintal,Local
Tuticorin(Uzhavar Sandhai ),1.14,Metric Tonnes,Local,2500.0,3000.0,2750.0,Rs./Quintal,Local
Udhagamandalam(Uzhavar Sandhai ),2.4,Metric Tonnes,Deshi,2500.0,2800.0,2650.0,Rs./Quintal,Local
Udumalpet APMC,0.95,Metric Tonnes,Deshi,2000.0,2800.0,2400.0,Rs./Quintal,Local
Ulundurpettai APMC,0.42,Metric Tonnes,Deshi,2000.0,2000.0,2000.0,Rs./Quintal,Local
Usilampatti(Uzhavar Sandhai ),0.88,Metric Tonnes,Deshi,2800.0,3000.0,2900.0,Rs./Quintal,Local
Vadalur(Uzhavar Sandhai ),0.18,Metric Tonnes,Local,3000.0,3000.0,3000.0,Rs./Quintal,Local
Vadaseri APMC,0.34,Metric Tonnes,Local,3000.0,3500.0,3250.0,Rs./Quintal,Local
Vadavalli(Uzhavar Sandhai ),1.82,Metric Tonnes,Local,2800.0,3000.0,2900.0,Rs./Quintal,Local
Valangaiman APMC,0.05,Metric Tonnes,Deshi,2600.0,2600.0,2600.0,Rs./Quintal,Local
Vandavasi(Uzhavar Sandhai ),0.02,Metric Tonnes,Local,2500.0,3000.0,2750.0,Rs./Quintal,Local
Vaniyampadi(Uzhavar Sandhai ),9.07,Metric Tonnes,Deshi,3000.0,3000.0,3000.0,Rs./Quintal,Local
Vazhapadi(Uzhavar Sandhai),0.66,Metric Tonnes,Deshi,2000.0,2500.0,2250.0,Rs./Quintal,Local
Vedaranyam(Uzhavar Sandhai),0.09,Metric Tonnes,Deshi,3200.0,3600.0,3400.0,Rs./Quintal,Local
Vedasanthur(Uzhavar Sandhai ),0.01,Metric Tonnes,Deshi,2000.0,2400.0,2200.0,Rs./Quintal,Local
Velayuthampalayam(Uzhavar Sandhai ),0.26,Metric Tonnes,Other,2400.0,3000.0,2700.0,Rs./Quintal,Local
Vellore APMC,3.0,Metric Tonnes,Deshi,3000.0,3000.0,3000.0,Rs./Quintal,Local
Vengamedu(Uzhavar Sandhai ),0.09,Metric Tonnes,Deshi,2500.0,3000.0,2750.0,Rs./Quintal,Local
Villupuram(Uzhavar Sandhai ),0.48,Metric Tonnes,Deshi,2500.0,3000.0,2750.0,Rs./Quintal,Local
Viralimalai(Uzhavar Sandhai ),0.22,Metric Tonnes,Deshi,2500.0,3000.0,2750.0,Rs./Quintal,Local
Virudhunagar(Uzhavar Sandhai ),0.14,Metric Tonnes,Deshi,2500.0,3000.0,2750.0,Rs./Quintal,Local
Viruthachalam(Uzhavar Sandhai ),0.15,Metric Tonnes,Deshi,2500.0,2500.0,2500.0,Rs./Quintal,Local
Total,226.58,Metric Tonnes,,,,2600.1,Rs./Quintal,
State/UT Name : Telangana
APMC PATANCHERU,49.300000000000004,Metric Tonnes,Tomato,800.0,1200.0,1000.0,Rs./Quintal,Local
Adilabad (Rythu Bazar) ,3.6,Metric Tonnes,Local,2500.0,2500.0,2500.0,Rs./Quintal,Local
"Alwal,RBZ",3.0,Metric Tonnes,Local,1500.0,1500.0,1500.0,Rs./Quintal,FAQ
Bowenpally APMC,338.70000000000005,Metric Tonnes,Deshi,400.0,1200.0,1000.0,Rs./Quintal,FAQ
Chevella APMC,6.8,Metric Tonnes,Local,1000.0,1000.0,1000.0,Rs./Quintal,Local
"Excise Colony,RBZ ",1.125,Metric Tonnes,Other,2400.0,2400.0,2400.0,Rs./Quintal,Grade A
Gudimalkapur APMC,245.5,Metric Tonnes,Tomato,600.0,1600.0,900.0,Rs./Quintal,Grade B
Ibrahimpatnam APMC,4.0,Metric Tonnes,Local,1200.0,1200.0,1200.0,Rs./Quintal,Local
Kalwakurthy APMC,5.8,Metric Tonnes,Tomato,550.0,550.0,550.0,Rs./Quintal,Local
Karimnagar APMC,2.64,Metric Tonnes,Hybrid,1500.0,2000.0,1750.0,Rs./Quintal,Medium
"Kukatpally,RBZ",29.0,Metric Tonnes,Deshi,1500.0,1500.0,1500.0,Rs./Quintal,Local
L B Nagar APMC,59.6,Metric Tonnes,Tomato,800.0,1600.0,1200.0,Rs./Quintal,Medium
Mahabubnagar(Rythu Bazar),3.46,Metric Tonnes,Deshi,2000.0,2000.0,2000.0,Rs./Quintal,Local
Mahboob Manison APMC,23.5,Metric Tonnes,Tomato,1200.0,1600.0,1400.0,Rs./Quintal,Medium
Miryalguda(Rythu Bazar) ,1.4,Metric Tonnes,Deshi,2500.0,2500.0,2500.0,Rs./Quintal,Grade A
"Pavilion Ground,Khammam,RBZ",0.301,Metric Tonnes,Deshi,3000.0,3000.0,3000.0,Rs./Quintal,FAQ
RYTHU BAZAR ERRAGADDA,15.4,Metric Tonnes,Deshi,1500.0,1500.0,1500.0,Rs./Quintal,Grade A
RYTHU BAZAR FALAKNUMA,5.6,Metric Tonnes,Tomato,1500.0,1500.0,1500.0,Rs./Quintal,Local
"Saroornagar,RBZ",8.4,Metric Tonnes,Other,1500.0,1500.0,1500.0,Rs./Quintal,Medium
"Sattupalli (Ramalayam),RBZ",0.304,Metric Tonnes,Deshi,2000.0,3200.0,3000.0,Rs./Quintal,FAQ
Shadnagar APMC,3.0,Metric Tonnes,Local,800.0,1200.0,1000.0,Rs./Quintal,Local
Shankarapally APMC,25.0,Metric Tonnes,Deshi,1100.0,1200.0,1150.0,Rs./Quintal,Local
Siddipet(Rythu Bazar) ,10.4,Metric Tonnes,Local,1400.0,2200.0,1800.0,Rs./Quintal,Grade A
"Vanasthalipuram,RBZ ",8.6,Metric Tonnes,Other,1500.0,1500.0,1500.0,Rs./Quintal,Grade A
Venkateswarnagar APMC,6.0,Metric Tonnes,Local,400.0,600.0,500.0,Rs./Quintal,Local
Warangal APMC,15.0,Metric Tonnes,Tomato,1000.0,1200.0,1100.0,Rs./Quintal,FAQ
Total,875.43,Metric Tonnes,,,,1064.26,Rs./Quintal,
State/UT Name : Tripura
Bishalgarh APMC,0.5,Metric Tonnes,Hybrid,4500.0,5500.0,5000.0,Rs./Quintal,Medium
Boxonagar,0.010000000000000002,Metric Tonnes,Hybrid,4500.0,5000.0,4600.0,Rs./Quintal,Medium
Garjee APMC,0.5,Metric Tonnes,Hybrid,5500.0,6000.0,5900.0,Rs./Quintal,FAQ
Gondatwisa APMC,0.1,Metric Tonnes,Hybrid,5500.0,6000.0,5800.0,Rs./Quintal,FAQ
Halahali,0.3,Metric Tonnes,Deshi,6000.0,6200.0,6100.0,Rs./Quintal,FAQ
Kadamtala,0.4,Metric Tonnes,Tomato,6000.0,8000.0,6000.0,Rs./Quintal,FAQ
Manubazar,0.5,Metric Tonnes,Hybrid,4800.0,5000.0,4900.0,Rs./Quintal,Grade A
Pabiacherra APMC,0.5,Metric Tonnes,Other,3400.0,3600.0,3500.0,Rs./Quintal,FAQ
Sonamura APMC,0.020000000000000004,Metric Tonnes,Hybrid,4500.0,5000.0,4600.0,Rs./Quintal,Medium
Teliamura APMC,0.1,Metric Tonnes,Hybrid,5400.0,5600.0,5500.0,Rs./Quintal,Medium
Total,2.93,Metric Tonnes,,,,5169.97,Rs./Quintal,
State/UT Name : Uttar Pradesh
Agra APMC,7.9,Metric Tonnes,Other,1500.0,1500.0,1500.0,Rs./Quintal,FAQ
Akbarpur APMC,1.0,Metric Tonnes,Other,1600.0,1600.0,1600.0,Rs./Quintal,FAQ
Aligarh APMC,46.9,Metric Tonnes,Other,2000.0,2400.0,2043.07,Rs./Quintal,FAQ
Amroha APMC,236.676,Metric Tonnes,Other,1500.0,1600.0,1500.81,Rs./Quintal,FAQ
Atarra APMC,45.6,Metric Tonnes,Other,800.0,800.0,800.0,Rs./Quintal,FAQ
Auraiya APMC,16.0,Metric Tonnes,Other,2000.0,2000.0,2000.0,Rs./Quintal,FAQ
Balrampur APMC,165.0,Metric Tonnes,Other,800.0,800.0,800.0,Rs./Quintal,FAQ
Barabanki APMC,78.0,Metric Tonnes,Other,1400.0,1400.0,1400.0,Rs./Quintal,FAQ
Buland Shahr APMC,1.1,Metric Tonnes,Other,2000.0,2000.0,2000.0,Rs./Quintal,FAQ
CHHUTMALPUR APMC,1.35,Metric Tonnes,Other,2300.0,2400.0,2333.33,Rs./Quintal,FAQ
Dudhi APMC,2.3000000000000003,Metric Tonnes,Other,2400.0,2600.0,2500.0,Rs./Quintal,Medium
Dudhi APMC,0.1,Metric Tonnes,Other,3000.0,3000.0,3000.0,Rs./Quintal,FAQ
Etah APMC,2.0,Metric Tonnes,Other,2000.0,2000.0,2000.0,Rs./Quintal,FAQ
Etawah APMC,8.5,Metric Tonnes,Other,1800.0,1800.0,1800.0,Rs./Quintal,FAQ
Fatehpur APMC,14.3,Metric Tonnes,Other,2500.0,2600.0,2587.41,Rs./Quintal,FAQ
Firozabad APMC,13.0,Metric Tonnes,Other,1000.0,1000.0,1000.0,Rs./Quintal,FAQ
Gangoh APMC,0.3,Metric Tonnes,Other,2500.0,2500.0,2500.0,Rs./Quintal,FAQ
Ghaziabad APMC,513.1,Metric Tonnes,Other,2500.0,2520.0,2507.03,Rs./Quintal,FAQ
Jangipura APMC,22.5,Metric Tonnes,Other,1600.0,1600.0,1600.0,Rs./Quintal,FAQ
Jhansi APMC,2.5,Metric Tonnes,Other,1600.0,1600.0,1600.0,Rs./Quintal,FAQ
Kairana APMC,1.0,Metric Tonnes,Other,2200.0,2200.0,2200.0,Rs./Quintal,FAQ
Kanpur(Grain) APMC,125.3,Metric Tonnes,Other,2100.0,2100.0,2100.0,Rs./Quintal,FAQ
Khairagarh APMC,0.30000000000000004,Metric Tonnes,Deshi,2500.0,2600.0,2550.0,Rs./Quintal,FAQ
Khalilabad APMC,73.0,Metric Tonnes,Other,1200.0,1200.0,1200.0,Rs./Quintal,FAQ
Khandhla APMC,3.0,Metric Tonnes,Other,2800.0,2800.0,2800.0,Rs./Quintal,FAQ
Khekda APMC,1.5,Metric Tonnes,Other,1500.0,2000.0,1720.0,Rs./Quintal,FAQ
Kiratpur APMC,0.7,Metric Tonnes,Other,2200.0,2200.0,2200.0,Rs./Quintal,FAQ
Kosikalan APMC,1.5,Metric Tonnes,Other,2500.0,2500.0,2500.0,Rs./Quintal,FAQ
Kosikalan APMC,7.0,Metric Tonnes,Deshi,2100.0,2260.0,2200.0,Rs./Quintal,FAQ
Lucknow APMC,1230.0,Metric Tonnes,Other,2000.0,2000.01,2000.0,Rs./Quintal,FAQ
Mathura APMC,21.7,Metric Tonnes,Other,1800.0,2600.0,1858.99,Rs./Quintal,FAQ
Mawana APMC,2.0,Metric Tonnes,Other,2200.0,2200.0,2200.0,Rs./Quintal,FAQ
Meerut APMC,11.4,Metric Tonnes,Other,2000.0,4000.0,2596.49,Rs./Quintal,FAQ
Muradabad APMC,21.7,Metric Tonnes,Other,2000.0,2000.0,2000.0,Rs./Quintal,FAQ
Nanuta APMC,0.6,Metric Tonnes,Other,2600.0,2800.0,2700.0,Rs./Quintal,FAQ
Nawabganj APMC,0.5,Metric Tonnes,Other,1800.0,1800.0,1800.0,Rs./Quintal,FAQ
Noida APMC,44.6,Metric Tonnes,Other,2500.0,2500.0,2500.0,Rs./Quintal,FAQ
Orai APMC,38.0,Metric Tonnes,Other,1500.0,1500.0,1500.0,Rs./Quintal,FAQ
Paliakala APMC,4.7,Metric Tonnes,Other,3000.0,3000.0,3000.0,Rs./Quintal,FAQ
Parikshitgarh APMC,0.2,Metric Tonnes,Other,2500.0,2500.0,2500.0,Rs./Quintal,FAQ
Prayagraj APMC,17.0,Metric Tonnes,Other,2000.0,2000.0,2000.0,Rs./Quintal,FAQ
Pukharayan APMC,32.0,Metric Tonnes,Other,1200.0,1200.0,1200.0,Rs./Quintal,FAQ
Puranpur APMC,12.1,Metric Tonnes,Other,2000.0,2000.0,2000.0,Rs./Quintal,FAQ
Rampurmaniharan APMC,1.0,Metric Tonnes,Other,2400.0,2700.0,2460.0,Rs./Quintal,FAQ
Robertsganj APMC,15.0,Metric Tonnes,Other,2000.0,2000.0,2000.0,Rs./Quintal,FAQ
Safdarganj APMC,2.4,Metric Tonnes,Other,1000.0,1000.0,1000.0,Rs./Quintal,FAQ
Saharanpur APMC,5.1,Metric Tonnes,Other,1500.0,1600.0,1532.35,Rs./Quintal,FAQ
Samsabad APMC,0.3,Metric Tonnes,Local,1400.0,1600.0,1500.0,Rs./Quintal,Local
Shahaswan APMC,0.5,Metric Tonnes,Other,2100.0,2100.0,2100.0,Rs./Quintal,FAQ
Shamli APMC,2.0,Metric Tonnes,Other,2000.0,2600.0,2425.0,Rs./Quintal,FAQ
Sikanderabad APMC,9.7,Metric Tonnes,Other,1600.0,1600.0,1600.0,Rs./Quintal,FAQ
Sitapur APMC,24.0,Metric Tonnes,Other,1500.0,1500.0,1500.0,Rs./Quintal,FAQ
Thanabhawan APMC,0.8,Metric Tonnes,Other,2400.0,2400.0,2400.0,Rs./Quintal,FAQ
Varanasi APMC,24.5,Metric Tonnes,Other,1500.0,1500.0,1500.0,Rs./Quintal,FAQ
Total,2913.23,Metric Tonnes,,,,1910.77,Rs./Quintal,
State/UT Name : Uttarakhand
Chakrata APMC,0.8,Metric Tonnes,Local,1000.0,1200.0,1100.0,Rs./Quintal,FAQ
Haldwani APMC,7.5,Metric Tonnes,Other,1500.0,2000.0,1800.0,Rs./Quintal,FAQ
Haridwar Union APMC,11.5,Metric Tonnes,Other,1500.0,2000.0,1800.0,Rs./Quintal,FAQ
Jaspur(UC) APMC,0.8,Metric Tonnes,Tomato,2800.0,3000.0,2900.0,Rs./Quintal,FAQ
Kashipur APMC,2.2,Metric Tonnes,Other,2000.0,2300.0,2150.0,Rs./Quintal,Local
Khateema APMC,0.8,Metric Tonnes,Other,2000.0,2200.0,2100.0,Rs./Quintal,Grade A
Kotadwara APMC,0.4,Metric Tonnes,Tomato,1400.0,1400.0,1400.0,Rs./Quintal,FAQ
Manglaur APMC,2.0,Metric Tonnes,Other,1000.0,1600.0,1200.0,Rs./Quintal,Large
Rishikesh APMC,5.6000000000000005,Metric Tonnes,Other,1600.0,2450.0,2000.0,Rs./Quintal,Medium
Roorkee APMC,1.1,Metric Tonnes,Other,1200.0,2200.0,1600.0,Rs./Quintal,Medium
Rudrapur APMC,8.0,Metric Tonnes,Other,2000.0,3500.0,3000.0,Rs./Quintal,Medium
Sitarganj APMC,1.5,Metric Tonnes,Deshi,2000.0,2500.0,2200.0,Rs./Quintal,Grade B
Total,42.2,Metric Tonnes,,,,2062.32,Rs./Quintal,
State/UT Name : West Bengal
Alipurduar APMC,6.0,Metric Tonnes,Tomato,3000.0,3600.0,3500.0,Rs./Quintal,FAQ
Asansol APMC,5.4,Metric Tonnes,Hybrid,2450.0,2700.0,2650.0,Rs./Quintal,FAQ
Balarampur APMC,3.0,Metric Tonnes,Other,2600.0,3500.0,3000.0,Rs./Quintal,FAQ
Balurghat APMC,0.6,Metric Tonnes,Other,2800.0,3100.0,3000.0,Rs./Quintal,FAQ
Barasat APMC,7.0,Metric Tonnes,Other,3000.0,3000.0,3000.0,Rs./Quintal,FAQ
Baruipur(Canning) APMC,0.53,Metric Tonnes,Tomato,3000.0,3400.0,3200.0,Rs./Quintal,FAQ
Burdwan APMC,5.0,Metric Tonnes,Tomato,2400.0,2600.0,2500.0,Rs./Quintal,FAQ
Chakdah APMC,3.2,Metric Tonnes,Other,3200.0,3350.0,3300.0,Rs./Quintal,FAQ
Champadanga APMC,2.4,Metric Tonnes,Hybrid,3400.0,3600.0,3400.0,Rs./Quintal,FAQ
Coochbehar APMC,1.2000000000000002,Metric Tonnes,Tomato,2500.0,3000.0,2800.0,Rs./Quintal,FAQ
Darjeeling APMC,0.3,Metric Tonnes,Other,3800.0,4000.0,3900.0,Rs./Quintal,FAQ
Diamond Harbour(South 24-pgs) APMC,1.2000000000000002,Metric Tonnes,Tomato,3200.0,3400.0,3300.0,Rs./Quintal,FAQ
Durgapur APMC,5.2,Metric Tonnes,Hybrid,2450.0,2700.0,2650.0,Rs./Quintal,FAQ
Egra/contai APMC,15.0,Metric Tonnes,Tomato,1800.0,1900.0,1850.0,Rs./Quintal,FAQ
Falakata APMC,9.0,Metric Tonnes,Other,3000.0,3800.0,3500.0,Rs./Quintal,FAQ
Gangarampur(Dakshin Dinajpur) APMC,0.5,Metric Tonnes,Other,2500.0,3000.0,2800.0,Rs./Quintal,FAQ
Ghatal APMC,2.0,Metric Tonnes,Hybrid,3400.0,3600.0,3500.0,Rs./Quintal,FAQ
Habra APMC,3.8,Metric Tonnes,Other,2800.0,3000.0,2900.0,Rs./Quintal,FAQ
Kalipur APMC,3.0,Metric Tonnes,Hybrid,3200.0,3600.0,3400.0,Rs./Quintal,FAQ
Kalna APMC,1.45,Metric Tonnes,Tomato,2000.0,2200.0,2100.0,Rs./Quintal,FAQ
Karsiyang(Matigara) APMC,0.3,Metric Tonnes,Other,3800.0,4000.0,3900.0,Rs./Quintal,FAQ
Khatra APMC,0.21000000000000002,Metric Tonnes,Tomato,3000.0,3600.0,3500.0,Rs./Quintal,FAQ
Medinipur(West) APMC,1.5,Metric Tonnes,Tomato,3200.0,3500.0,3300.0,Rs./Quintal,FAQ
Memari APMC,5.0,Metric Tonnes,Tomato,2400.0,2600.0,2500.0,Rs./Quintal,FAQ
Pandua APMC,0.48,Metric Tonnes,Hybrid,2850.0,3250.0,3125.0,Rs./Quintal,FAQ
Pundibari APMC,0.7000000000000001,Metric Tonnes,Tomato,2500.0,3000.0,2800.0,Rs./Quintal,FAQ
Purulia APMC,3.0,Metric Tonnes,Other,2600.0,3200.0,3000.0,Rs./Quintal,FAQ
Ramkrishanpur(Howrah) APMC,0.14,Metric Tonnes,Tomato,2200.0,3000.0,2500.0,Rs./Quintal,FAQ
Ranaghat APMC,3.1,Metric Tonnes,Other,3300.0,3450.0,3400.0,Rs./Quintal,FAQ
Sainthia APMC,22.0,Metric Tonnes,Hybrid,4800.0,5000.0,4900.0,Rs./Quintal,FAQ
Sealdah Koley Market APMC,12.100000000000001,Metric Tonnes,Other,2800.0,3300.0,3000.0,Rs./Quintal,FAQ
Sheoraphuly APMC,21.0,Metric Tonnes,Hybrid,3175.0,3325.0,3250.0,Rs./Quintal,FAQ
Siliguri APMC,26.0,Metric Tonnes,Tomato,3000.0,3200.0,3100.0,Rs./Quintal,FAQ
Uluberia APMC,0.08,Metric Tonnes,Other,2200.0,3000.0,2500.0,Rs./Quintal,FAQ
Total,171.39,Metric Tonnes,,,,3209.44,Rs./Quintal,
Grand Total,21447.62,Metric Tonnes,,,,1902.48,Rs./Quintal,

Note:
Weighted Average Price = ∑(arrival quantity * modal price) / ∑arrival quantity
