"Commodity-wise, Market-wise Daily Report (Weighted Average) on: 11-Sep-2026"

Market Center,Arrivals,Unit of Arrivals,Variety,Minimum Price,Maximum Price,Modal Price,Unit of Price,Grade
Commodity Group Name : Cereals
Maize (MSP: Rs. 2410.00/Quintal)
State/UT Name : Andhra Pradesh
Addanki APMC,0.1,Metric Tonnes,Local,2400.0,2420.0,2410.0,Rs./Quintal,FAQ
Allagadda APMC,1.0,Metric Tonnes,Local,2000.0,2150.0,2100.0,Rs./Quintal,FAQ
Banaganapalli APMC,0.1,Metric Tonnes,Medium,2000.0,2400.0,2200.0,Rs./Quintal,FAQ
Bapatla APMC,0.1,Metric Tonnes,Local,2200.0,2400.0,2300.0,Rs./Quintal,Local
Bobbili APMC,1.0,Metric Tonnes,Local,4800.0,4800.0,4800.0,Rs./Quintal,FAQ
Chipurupalli APMC,0.05,Metric Tonnes,Local,4800.0,4800.0,4800.0,Rs./Quintal,FAQ
Durgi APMC,1.0,Metric Tonnes,Hybrid/Local,1800.0,2400.0,2000.0,Rs./Quintal,FAQ
Etcherla APMC,0.1,Metric Tonnes,Deshi White,2400.0,2400.0,2400.0,Rs./Quintal,Local
Gajapathinagaram APMC,0.1,Metric Tonnes,Local,2400.0,2400.0,2400.0,Rs./Quintal,Local
Gopalapuram APMC,1.0,Metric Tonnes,Local,2405.0,2405.0,2405.0,Rs./Quintal,Local
Gorantla  APMC,1.0,Metric Tonnes,Hybrid/Local,2100.0,2400.0,2200.0,Rs./Quintal,FAQ
Hiramandalam APMC,0.1,Metric Tonnes,Medium,2200.0,2200.0,2200.0,Rs./Quintal,Local
Jaggayyapeta APMC,0.1,Metric Tonnes,Local,2410.0,2410.0,2410.0,Rs./Quintal,Grade Range-1
Kanchekacherla APMC,0.1,Metric Tonnes,Hybrid,2400.0,2400.0,2400.0,Rs./Quintal,FAQ
Kuchinapudi APMC,1.0,Metric Tonnes,Local,2800.0,3000.0,2900.0,Rs./Quintal,Local
Kurupam APMC,0.02,Metric Tonnes,Local,2400.0,2400.0,2400.0,Rs./Quintal,Local
Mangalagiri APMC,0.1,Metric Tonnes,Fine,2450.0,2450.0,2450.0,Rs./Quintal,FAQ
Merakamudidam APMC,0.1,Metric Tonnes,Local,1800.0,2000.0,1950.0,Rs./Quintal,Local
Mylavaram APMC,0.1,Metric Tonnes,Hybrid,2450.0,2450.0,2450.0,Rs./Quintal,Local
Nandigama APMC,0.1,Metric Tonnes,Hybrid,2300.0,2300.0,2300.0,Rs./Quintal,Grade Range-1
Nandikotkur APMC,0.1,Metric Tonnes,Hybrid,2250.0,2450.0,2350.0,Rs./Quintal,FAQ
Nandyal APMC,0.1,Metric Tonnes,Other,2450.0,2450.0,2450.0,Rs./Quintal,Local
Nidadavolu APMC,1.0,Metric Tonnes,Local,2410.0,2410.0,2410.0,Rs./Quintal,Local
Nuzvid APMC,15.0,Metric Tonnes,Local,2500.0,2500.0,2500.0,Rs./Quintal,FAQ
Palakonda APMC,0.1,Metric Tonnes,Medium,1800.0,1800.0,1800.0,Rs./Quintal,FAQ
Panyam APMC,0.2,Metric Tonnes,Hybrid/Local,2400.0,2400.0,2400.0,Rs./Quintal,FAQ
Parvathipuram APMC,0.04,Metric Tonnes,Local,2400.0,2400.0,2400.0,Rs./Quintal,Local
Penamaluru (HQ-Kankipadu) APMC,0.1,Metric Tonnes,Hybrid/Local,2600.0,2600.0,2600.0,Rs./Quintal,Local
Penukonda APMC,0.1,Metric Tonnes,Hybrid/Local,2600.0,2700.0,2650.0,Rs./Quintal,FAQ
Polavaram APMC,1.0,Metric Tonnes,Local,2410.0,2410.0,2410.0,Rs./Quintal,Local
Ponduru APMC,0.1,Metric Tonnes,Local,2400.0,2400.0,2400.0,Rs./Quintal,FAQ
Pusapatirega APMC,1.0,Metric Tonnes,Local,4800.0,4800.0,4800.0,Rs./Quintal,FAQ
Puttaparthi  APMC,1.0,Metric Tonnes,Local,2400.0,2500.0,2450.0,Rs./Quintal,FAQ
RAYADURG APMC,0.1,Metric Tonnes,Local,2200.0,2550.0,2400.0,Rs./Quintal,Grade Range-1
Rajam APMC,0.05,Metric Tonnes,Local,4800.0,4800.0,4800.0,Rs./Quintal,FAQ
Rajanagaram APMC,1.0,Metric Tonnes,Fine,2405.0,2405.0,2405.0,Rs./Quintal,Local
Rompicherla APMC,0.1,Metric Tonnes,Hybrid/Local,2300.0,2500.0,2400.0,Rs./Quintal,FAQ
Saluru APMC,0.1,Metric Tonnes,Hybrid/Local,2600.0,2600.0,2600.0,Rs./Quintal,FAQ
Santhamaguluru APMC,0.1,Metric Tonnes,Hybrid,2400.0,2480.0,2450.0,Rs./Quintal,FAQ
Simhadhripuram APMC,0.1,Metric Tonnes,Hybrid/Local,2200.0,2600.0,2400.0,Rs./Quintal,FAQ
Tiruvuru APMC,28.0,Metric Tonnes,Hybrid,2400.0,2400.0,2400.0,Rs./Quintal,Local
Vijayanagaram APMC,1.0,Metric Tonnes,Local,2400.0,2400.0,2400.0,Rs./Quintal,Local
Total,57.66,Metric Tonnes,,,,2506.43,Rs./Quintal,
State/UT Name : Chattisgarh
Bhanupratappur APMC,4.0,Metric Tonnes,Hybrid,2000.0,2000.0,2000.0,Rs./Quintal,Non-FAQ
Keshkal APMC,13.8,Metric Tonnes,Hybrid/Local,2350.0,2400.0,2350.0,Rs./Quintal,Non-FAQ
Korar APMC,5.0,Metric Tonnes,Hybrid,2000.0,2000.0,2000.0,Rs./Quintal,Non-FAQ
Kusmee APMC,6.0,Metric Tonnes,Local,2000.0,2000.0,2000.0,Rs./Quintal,Non-FAQ
Sambalpur APMC,16.0,Metric Tonnes,Hybrid,2000.0,2000.0,2000.0,Rs./Quintal,Non-FAQ
Total,44.8,Metric Tonnes,,,,2107.81,Rs./Quintal,
State/UT Name : Gujarat
Bhiloda APMC,0.2,Metric Tonnes,Other,2400.0,2600.0,2500.0,Rs./Quintal,FAQ
Dahod APMC,63.0,Metric Tonnes,White (SAFED),2325.0,2525.0,2415.0,Rs./Quintal,Local
Himatnagar APMC,10.4,Metric Tonnes,Yellow,2500.0,2685.0,2600.0,Rs./Quintal,Local
Idar APMC,15.3,Metric Tonnes,Other,2580.0,2795.0,2700.0,Rs./Quintal,Local
Jhalod APMC,2.6,Metric Tonnes,White (SAFED),2200.0,2200.0,2200.0,Rs./Quintal,Local
Modasa APMC,4.0,Metric Tonnes,Hybrid Red (Cattle Feed),2450.0,2600.0,2600.0,Rs./Quintal,Non-FAQ
Modasa(Tintoi) APMC,2.5,Metric Tonnes,Hybrid Red (Cattle Feed),2350.0,2500.0,2500.0,Rs./Quintal,Non-FAQ
Morva Hafad APMC,0.6000000000000001,Metric Tonnes,Deshi White,2000.0,2400.0,2200.0,Rs./Quintal,Local
Total,98.6,Metric Tonnes,,,,2481.59,Rs./Quintal,
State/UT Name : Haryana
Ambala City APMC,10.0,Metric Tonnes,Other,2250.0,2250.0,2250.0,Rs./Quintal,Non-FAQ
Total,10.0,Metric Tonnes,,,,2250.0,Rs./Quintal,
State/UT Name : Karnataka
Bailahongal APMC,5.0,Metric Tonnes,Local,2100.0,2400.0,2300.0,Rs./Quintal,Local
Challakere APMC,84.80000000000001,Metric Tonnes,Yellow,2450.0,2800.0,2744.0,Rs./Quintal,Local
Davangere APMC,637.5,Metric Tonnes,Local,2300.0,2700.0,2579.0,Rs./Quintal,Local
Gangavathi APMC,339.6,Metric Tonnes,Local,2300.0,2619.0,2588.0,Rs./Quintal,Non-FAQ
Gokak APMC,13.4,Metric Tonnes,Local,2800.0,2800.0,2800.0,Rs./Quintal,Local
Gundlupet APMC,10.0,Metric Tonnes,Local,2800.0,2800.0,2800.0,Rs./Quintal,Local
HarappanaHalli APMC,17.0,Metric Tonnes,Popcorn,4800.0,4800.0,4800.0,Rs./Quintal,Local
Haveri APMC,60.0,Metric Tonnes,Local,2400.0,2400.0,2400.0,Rs./Quintal,FAQ
Hirekerur APMC,183.5,Metric Tonnes,Local,2600.0,2700.0,2650.0,Rs./Quintal,Local
Honnali APMC,281.3,Metric Tonnes,Local,2500.0,2500.0,2500.0,Rs./Quintal,FAQ
Hunsur APMC,120.0,Metric Tonnes,Other,1800.0,2000.0,2000.0,Rs./Quintal,Local
K.R.Nagar APMC,21.0,Metric Tonnes,Local,2200.0,2200.0,2200.0,Rs./Quintal,FAQ
Koppal APMC,94.9,Metric Tonnes,Yellow,2650.0,2650.0,2650.0,Rs./Quintal,Non-FAQ
Kottur APMC,10.0,Metric Tonnes,Hybrid/Local,2456.0,2521.0,2485.0,Rs./Quintal,Local
Mudhol APMC,5.6000000000000005,Metric Tonnes,Hybrid/Local,2500.0,2500.0,2500.0,Rs./Quintal,Non-FAQ
Mysuru APMC,25.5,Metric Tonnes,Local,1900.0,2835.0,1900.0,Rs./Quintal,Local
Periyapatna APMC,192.0,Metric Tonnes,Hybrid/Local,1900.0,2650.0,2000.0,Rs./Quintal,FAQ
Ramdurga APMC,30.0,Metric Tonnes,Local,2500.0,2520.0,2510.0,Rs./Quintal,FAQ
Ranebennur APMC,35.7,Metric Tonnes,Local,1961.0,2662.0,2269.0,Rs./Quintal,FAQ
SIRGUPPA APMC,505.3,Metric Tonnes,Hybrid/Local,2570.0,2805.0,2670.0,Rs./Quintal,Local
Santhesargur APMC,789.2,Metric Tonnes,Local,1900.0,2720.0,2000.0,Rs./Quintal,Non-FAQ
Shikaripura APMC,130.8,Metric Tonnes,Local,2450.0,2700.0,2532.0,Rs./Quintal,FAQ
Shimoga APMC,55.0,Metric Tonnes,Local,2800.0,2800.0,2800.0,Rs./Quintal,Local
Sorabha APMC,20.0,Metric Tonnes,Local,2300.0,2300.0,2300.0,Rs./Quintal,Local
T. Narasipura APMC,3.6,Metric Tonnes,White (SAFED),2500.0,2500.0,2500.0,Rs./Quintal,Non-FAQ
Vijayapura APMC,1.7000000000000002,Metric Tonnes,Hybrid/Local,2601.0,2601.0,2601.0,Rs./Quintal,Local
Total,3672.4,Metric Tonnes,,,,2419.48,Rs./Quintal,
State/UT Name : Madhya Pradesh
Amarwda APMC,31.900000000000002,Metric Tonnes,Local,2200.0,2300.0,2300.0,Rs./Quintal,FAQ
Anjad APMC,12.190000000000001,Metric Tonnes,Yellow,1700.0,1825.0,1825.0,Rs./Quintal,FAQ
Anjad APMC,357.27,Metric Tonnes,Local,1510.0,1975.0,1700.0,Rs./Quintal,FAQ
Badwaha APMC,373.297,Metric Tonnes,Local,1485.0,2395.0,1715.0,Rs./Quintal,FAQ
Badwaha APMC,5.68,Metric Tonnes,Local,1390.0,1390.0,1390.0,Rs./Quintal,Non-FAQ
Bagli APMC,10.200000000000001,Metric Tonnes,Yellow,1700.0,1775.0,1775.0,Rs./Quintal,Non-FAQ
Barghat APMC,12.0,Metric Tonnes,Local,2400.0,2410.0,2410.0,Rs./Quintal,FAQ
Bhensdehi APMC,8.5,Metric Tonnes,Local,2300.0,2300.0,2300.0,Rs./Quintal,FAQ
Bhikangaon APMC,13.66,Metric Tonnes,Local,2165.0,2230.0,2230.0,Rs./Quintal,Non-FAQ
Bhikangaon APMC,201.97000000000003,Metric Tonnes,Local,1570.0,2478.0,1650.0,Rs./Quintal,FAQ
Burhanpur APMC,11.0,Metric Tonnes,Local,1800.0,1800.0,1800.0,Rs./Quintal,FAQ
Chaurai APMC,0.1,Metric Tonnes,Yellow,2500.0,2500.0,2500.0,Rs./Quintal,FAQ
Chhindwara APMC,5.0,Metric Tonnes,Yellow,2550.0,2550.0,2550.0,Rs./Quintal,Non-FAQ
Chhindwara APMC,12.297,Metric Tonnes,Local,2599.0,2624.0,2624.0,Rs./Quintal,FAQ
Dhamnod APMC,68.736,Metric Tonnes,Local,1623.0,1750.0,1745.0,Rs./Quintal,Non-FAQ
Dhamnod APMC,1860.8650000000002,Metric Tonnes,Local,1600.0,2532.0,1657.0,Rs./Quintal,FAQ
Gadarwada (F&V) APMC,0.4,Metric Tonnes,Local,2000.0,2000.0,2000.0,Rs./Quintal,Local
Gandhwani APMC,33.941,Metric Tonnes,Local,1625.0,2300.0,1850.0,Rs./Quintal,FAQ
Gorakhpur APMC,6.1450000000000005,Metric Tonnes,Local,2200.0,2205.0,2205.0,Rs./Quintal,FAQ
Guna APMC,4.578,Metric Tonnes,Local,2160.0,2320.0,2320.0,Rs./Quintal,FAQ
Itarsi APMC,7.95,Metric Tonnes,Local,2501.0,2501.0,2501.0,Rs./Quintal,FAQ
Karhi APMC,225.27600000000004,Metric Tonnes,Local,1500.0,2380.0,1700.0,Rs./Quintal,FAQ
Kasrawad APMC,44.525000000000006,Metric Tonnes,Local,1450.0,1770.0,1510.0,Rs./Quintal,FAQ
Keolari APMC,20.0,Metric Tonnes,Local,2480.0,2485.0,2485.0,Rs./Quintal,FAQ
Khandwa APMC,75.91000000000001,Metric Tonnes,Local,1775.0,2351.0,2350.0,Rs./Quintal,FAQ
Khargone APMC,2434.594,Metric Tonnes,Local,1100.0,2421.0,1670.0,Rs./Quintal,FAQ
Khetia APMC,3.265,Metric Tonnes,Yellow,1765.0,1765.0,1765.0,Rs./Quintal,FAQ
Khilchipur APMC,0.24500000000000002,Metric Tonnes,Local,2349.0,2372.0,2372.0,Rs./Quintal,FAQ
Kukshi APMC,76.155,Metric Tonnes,Local,1500.0,1950.0,1785.0,Rs./Quintal,FAQ
Manasa APMC,2.9410000000000003,Metric Tonnes,Local,1321.0,2150.0,2000.0,Rs./Quintal,FAQ
Manawar APMC,479.68000000000006,Metric Tonnes,Local,1590.0,2450.0,1650.0,Rs./Quintal,FAQ
Mandsaur APMC,18.951,Metric Tonnes,Local,1550.0,2538.0,2300.0,Rs./Quintal,Non-FAQ
Neemuch APMC,80.084,Metric Tonnes,Local,1442.0,2730.0,1900.0,Rs./Quintal,FAQ
Palari APMC,17.8,Metric Tonnes,Local,2200.0,2200.0,2200.0,Rs./Quintal,Non-FAQ
Pandhana APMC,8.73,Metric Tonnes,Local,2255.0,2285.0,2285.0,Rs./Quintal,FAQ
Petlawad APMC,27.950000000000003,Metric Tonnes,Local,1900.0,2255.0,2255.0,Rs./Quintal,FAQ
Piplya APMC,62.189,Metric Tonnes,Local,2201.0,2565.0,2565.0,Rs./Quintal,FAQ
Rahatgarh APMC,21.565,Metric Tonnes,Local,1790.0,2000.0,2000.0,Rs./Quintal,Non-FAQ
Ratlam APMC,0.09000000000000001,Metric Tonnes,Local,2463.0,2463.0,2463.0,Rs./Quintal,FAQ
Sagar APMC,0.255,Metric Tonnes,Local,1900.0,1900.0,1900.0,Rs./Quintal,FAQ
Sanawad APMC,21.76,Metric Tonnes,Local,1400.0,2000.0,1700.0,Rs./Quintal,FAQ
Saunsar APMC,100.79,Metric Tonnes,Yellow,2675.0,2690.0,2690.0,Rs./Quintal,FAQ
Shamgarh APMC,0.17900000000000002,Metric Tonnes,Local,2290.0,2591.0,2591.0,Rs./Quintal,Non-FAQ
Susner APMC,0.12,Metric Tonnes,Local,2001.0,2022.0,2022.0,Rs./Quintal,Non-FAQ
Varaseoni APMC,2755.4400000000005,Metric Tonnes,Local,2670.0,2750.0,2670.0,Rs./Quintal,FAQ
Total,9516.17,Metric Tonnes,,,,1999.57,Rs./Quintal,
State/UT Name : Maharashtra
APMC Achalpur ,1.0,Metric Tonnes,Other,1700.0,1800.0,1750.0,Rs./Quintal,Non-FAQ
APMC Ahilyanagar ,2.5,Metric Tonnes,Other,2750.0,2750.0,2750.0,Rs./Quintal,FAQ
APMC Amalner ,5.0,Metric Tonnes,Deshi Red,1982.0,2200.0,2200.0,Rs./Quintal,Non-FAQ
APMC Chopda ,23.2,Metric Tonnes,Yellow,1775.0,2100.0,1994.0,Rs./Quintal,Non-FAQ
APMC Devala ,0.1,Metric Tonnes,Yellow,2470.0,2480.0,2475.0,Rs./Quintal,FAQ
APMC Jalana ,2.0,Metric Tonnes,Deshi Red,2500.0,2575.0,2550.0,Rs./Quintal,FAQ
APMC Karjat ,0.2,Metric Tonnes,Other,1600.0,2200.0,2000.0,Rs./Quintal,Non-FAQ
APMC Karmala ,0.1,Metric Tonnes,Other,2411.0,2411.0,2411.0,Rs./Quintal,FAQ
APMC Khamgaon ,1.6,Metric Tonnes,Deshi Red,2400.0,2400.0,2400.0,Rs./Quintal,FAQ
APMC Khamgaon ,1.0,Metric Tonnes,Deshi Red,2300.0,2350.0,2325.0,Rs./Quintal,Non-FAQ
APMC Kopargaon ,0.1,Metric Tonnes,Other,2499.0,2499.0,2499.0,Rs./Quintal,FAQ
APMC Kurdwadi ,0.5,Metric Tonnes,Other,2500.0,2500.0,2500.0,Rs./Quintal,FAQ
APMC Lasalgaon ,0.9,Metric Tonnes,Other,2400.0,2602.0,2500.0,Rs./Quintal,FAQ
APMC Lasur Station ,0.7,Metric Tonnes,Other,2300.0,2350.0,2325.0,Rs./Quintal,Non-FAQ
APMC Malkapur ,10.5,Metric Tonnes,Yellow,2440.0,2460.0,2450.0,Rs./Quintal,FAQ
APMC Malkapur ,1.0,Metric Tonnes,Yellow,2010.0,2010.0,2010.0,Rs./Quintal,Non-FAQ
APMC Manmad ,1.9,Metric Tonnes,Other,2400.0,2501.0,2490.0,Rs./Quintal,FAQ
APMC Mohol ,3.6,Metric Tonnes,Deshi Red,2000.0,2200.0,2100.0,Rs./Quintal,Non-FAQ
APMC Mumbai ,58.2,Metric Tonnes,Other,2800.0,3400.0,3200.0,Rs./Quintal,FAQ
APMC Nandura ,1.5,Metric Tonnes,Other,2400.0,2560.0,2500.0,Rs./Quintal,FAQ
APMC Nandurbar ,1.5,Metric Tonnes,Deshi Red,2200.0,2390.0,2325.0,Rs./Quintal,Non-FAQ
APMC Pachora ,2.1,Metric Tonnes,Other,2400.0,2470.0,2431.0,Rs./Quintal,FAQ
APMC Paithan ,0.4,Metric Tonnes,Yellow,2751.0,2751.0,2751.0,Rs./Quintal,FAQ
APMC Pune ,0.3,Metric Tonnes,Deshi Red,2750.0,2950.0,2850.0,Rs./Quintal,FAQ
APMC Shahada ,0.4,Metric Tonnes,Deshi Red,2325.0,2325.0,2325.0,Rs./Quintal,Non-FAQ
APMC Shirpur ,1.5,Metric Tonnes,Yellow,2476.0,2476.0,2476.0,Rs./Quintal,FAQ
APMC Shirpur ,10.2,Metric Tonnes,Yellow,1462.0,2151.0,2151.0,Rs./Quintal,Non-FAQ
APMC Shirur ,0.5,Metric Tonnes,Other,2250.0,2250.0,2250.0,Rs./Quintal,Non-FAQ
APMC Sillod ,15.6,Metric Tonnes,Yellow,2450.0,2520.0,2500.0,Rs./Quintal,FAQ
APMC Tasgaon ,3.2,Metric Tonnes,Other,2230.0,2290.0,2260.0,Rs./Quintal,Non-FAQ
Barshi(Vairag) ,0.5,Metric Tonnes,Other,2752.0,2752.0,2752.0,Rs./Quintal,FAQ
"Keshranand Cottex Pvt Agro, Dondicha, Dist Dhule",14.31,Metric Tonnes,Other,2475.0,2500.0,2483.0,Rs./Quintal,Local
Lasalgaon(Niphad) ,4.0,Metric Tonnes,Deshi Red,2631.0,2680.0,2631.0,Rs./Quintal,FAQ
Lasalgaon(Niphad) ,0.3,Metric Tonnes,Deshi Red,1500.0,1500.0,1500.0,Rs./Quintal,Non-FAQ
"Yashika Agro Marketing, Tal Bhusawal, Jalgaon",145.94,Metric Tonnes,Other,2410.0,2470.0,2440.0,Rs./Quintal,Local
Total,316.35,Metric Tonnes,,,,2534.84,Rs./Quintal,
State/UT Name : Odisha
Nawarangpur APMC,31.900000000000002,Metric Tonnes,Hybrid/Local,2749.85,2749.85,2749.85,Rs./Quintal,Local
Total,31.9,Metric Tonnes,,,,2749.85,Rs./Quintal,
State/UT Name : Rajasthan
Baran APMC,15.0,Metric Tonnes,Other,1640.0,1801.0,1700.0,Rs./Quintal,Local
Bundi APMC,10.0,Metric Tonnes,Other,2181.0,2233.0,2207.0,Rs./Quintal,FAQ
Pratapgarh APMC,11.200000000000001,Metric Tonnes,Other,2400.0,2570.0,2490.0,Rs./Quintal,FAQ
Ramganjmandi APMC,1.7000000000000002,Metric Tonnes,Other,1851.0,2325.0,2325.0,Rs./Quintal,Local
Total,37.9,Metric Tonnes,,,,2095.26,Rs./Quintal,
State/UT Name : Tamil Nadu
Alangeyam APMC,0.93,Metric Tonnes,Other,2771.0,2803.0,2787.0,Rs./Quintal,Local
Chinnasalem APMC,0.6,Metric Tonnes,Other,2739.0,2739.0,2739.0,Rs./Quintal,Local
Kallakurichi APMC,12.22,Metric Tonnes,Other,2693.0,2788.0,2740.5,Rs./Quintal,Local
Kilpennathur APMC,11.49,Metric Tonnes,Other,2200.0,2763.0,2481.5,Rs./Quintal,Local
Manalurpet APMC,3.58,Metric Tonnes,Other,2358.0,2677.0,2517.5,Rs./Quintal,Local
Palladam APMC,10.0,Metric Tonnes,Other,2200.0,2600.0,2400.0,Rs./Quintal,Local
Panruti APMC,3.21,Metric Tonnes,Other,2423.0,2649.0,2536.0,Rs./Quintal,Local
Pethappampatti APMC,27.9,Metric Tonnes,Other,2500.0,2750.0,2625.0,Rs./Quintal,Local
Sangarapuram APMC,10.95,Metric Tonnes,Other,2650.0,2745.0,2697.5,Rs./Quintal,Local
Shrimushnam APMC,1.88,Metric Tonnes,Other,2658.0,2666.0,2662.0,Rs./Quintal,Local
Vikkiravandi APMC,3.0,Metric Tonnes,Other,2496.0,2659.0,2577.5,Rs./Quintal,Local
Villupuram APMC,5.24,Metric Tonnes,Other,2721.0,2721.0,2721.0,Rs./Quintal,Local
Total,91.0,Metric Tonnes,,,,2606.15,Rs./Quintal,
State/UT Name : Telangana
Bejjenki APMC,1.1,Metric Tonnes,Local,2250.0,2250.0,2250.0,Rs./Quintal,FAQ
Bhainsa APMC,1.15,Metric Tonnes,Hybrid,2439.0,2488.0,2488.0,Rs./Quintal,FAQ
Yellandu APMC,3407.0,Metric Tonnes,Local,2200.0,2400.0,2300.0,Rs./Quintal,Local
Total,3409.25,Metric Tonnes,,,,2300.05,Rs./Quintal,
State/UT Name : Uttar Pradesh
Aliganj APMC,229.495,Metric Tonnes,Other,1800.0,2001.0,1853.83,Rs./Quintal,FAQ
Aligarh APMC,94.53,Metric Tonnes,Other,1900.0,2200.0,2057.01,Rs./Quintal,FAQ
Anoop Shahar APMC,315.0,Metric Tonnes,Other,2300.0,2400.0,2323.81,Rs./Quintal,FAQ
Anwala APMC,56.5,Metric Tonnes,Other,2000.0,2000.0,2000.0,Rs./Quintal,FAQ
Atrauli APMC,123.67,Metric Tonnes,Other,2100.0,2100.0,2100.0,Rs./Quintal,FAQ
Babrala APMC,130.0,Metric Tonnes,Local,2080.0,2100.0,2090.0,Rs./Quintal,Local
Babrala APMC,9.605,Metric Tonnes,Other,1850.0,1850.0,1850.0,Rs./Quintal,FAQ
Badayoun APMC,97.659,Metric Tonnes,Other,2000.0,2200.0,2086.82,Rs./Quintal,FAQ
Bangarmau APMC,106.49,Metric Tonnes,Other,1950.0,2300.0,2138.95,Rs./Quintal,FAQ
Banthara APMC,21.06,Metric Tonnes,Other,2750.0,2750.0,2750.0,Rs./Quintal,FAQ
Bewar APMC,76.76,Metric Tonnes,Other,2000.0,2300.0,2147.32,Rs./Quintal,FAQ
Bhehjoi APMC,562.2,Metric Tonnes,Local,1800.0,2200.0,2000.0,Rs./Quintal,Local
Bhehjoi APMC,675.845,Metric Tonnes,Other,2090.0,2300.0,2200.41,Rs./Quintal,FAQ
Bilsi APMC,1038.225,Metric Tonnes,Other,2000.0,2400.0,2092.23,Rs./Quintal,FAQ
Bisoli APMC,2658.053,Metric Tonnes,Other,2000.0,2205.0,2044.67,Rs./Quintal,FAQ
Buland Shahr APMC,157.0,Metric Tonnes,Other,2000.0,2500.0,2100.85,Rs./Quintal,FAQ
Chandausi APMC,87.5,Metric Tonnes,Other,1556.0,2300.0,2158.76,Rs./Quintal,FAQ
Charra APMC,70.33,Metric Tonnes,Other,2100.0,2200.0,2145.29,Rs./Quintal,FAQ
Chhibramau APMC,269.935,Metric Tonnes,Other,2200.0,2365.0,2227.32,Rs./Quintal,FAQ
Dataganj APMC,38.945,Metric Tonnes,Other,2300.0,2300.0,2300.0,Rs./Quintal,FAQ
Divai APMC,357.737,Metric Tonnes,Other,2100.0,2350.0,2124.46,Rs./Quintal,FAQ
Dudhi APMC,2.0,Metric Tonnes,Other,1800.0,1800.0,1800.0,Rs./Quintal,FAQ
Etah APMC,192.035,Metric Tonnes,Other,2000.0,2115.0,2005.45,Rs./Quintal,FAQ
Etawah APMC,38.23,Metric Tonnes,Other,2000.0,2000.0,2000.0,Rs./Quintal,FAQ
Farukhabad APMC,155.305,Metric Tonnes,Other,2300.0,2310.0,2301.3,Rs./Quintal,FAQ
Ganj Dundwara APMC,49.775,Metric Tonnes,Other,1800.0,2050.0,1862.15,Rs./Quintal,FAQ
Gulavati APMC,37.841,Metric Tonnes,Other,2150.0,2191.0,2173.29,Rs./Quintal,FAQ
Haathras APMC,50.061,Metric Tonnes,Other,1800.0,2321.51,2218.82,Rs./Quintal,FAQ
Hapur APMC,55.3,Metric Tonnes,Other,2100.0,2370.0,2314.76,Rs./Quintal,FAQ
Hardoi APMC,44.0,Metric Tonnes,Other,1700.0,1700.0,1700.0,Rs./Quintal,FAQ
Islam Nagar APMC,118.445,Metric Tonnes,Other,1950.0,2100.0,1997.58,Rs./Quintal,FAQ
Jahangirabad APMC,167.32,Metric Tonnes,Other,2200.0,2305.0,2259.84,Rs./Quintal,FAQ
Jalalabad APMC,51.815,Metric Tonnes,Other,1800.0,1950.0,1833.67,Rs./Quintal,FAQ
Jasvantnagar APMC,205.914,Metric Tonnes,Other,2000.0,2000.0,2000.0,Rs./Quintal,FAQ
Kamlaganj APMC,793.245,Metric Tonnes,Other,2300.0,2460.0,2332.23,Rs./Quintal,FAQ
Kannauj APMC,743.305,Metric Tonnes,Other,2100.0,2600.0,2143.76,Rs./Quintal,FAQ
Kasganj APMC,541.597,Metric Tonnes,Other,1850.0,2400.0,2072.4,Rs./Quintal,FAQ
Kayamganj APMC,237.675,Metric Tonnes,Other,2200.0,2300.0,2225.03,Rs./Quintal,FAQ
Khair APMC,36.0,Metric Tonnes,Other,2200.0,2200.0,2200.0,Rs./Quintal,FAQ
Khurja APMC,56.8,Metric Tonnes,Other,2000.0,2000.0,2000.0,Rs./Quintal,FAQ
Madhoganj APMC,81.41,Metric Tonnes,Other,2200.0,2400.0,2306.82,Rs./Quintal,FAQ
Mainpuri APMC,176.318,Metric Tonnes,Other,1950.0,2300.0,2030.74,Rs./Quintal,FAQ
Meeranpur Katra APMC,25.7,Metric Tonnes,Other,1700.0,1700.0,1700.0,Rs./Quintal,FAQ
Mohamadabad APMC,327.955,Metric Tonnes,Other,2200.0,2350.0,2234.6,Rs./Quintal,FAQ
Powayan APMC,64.063,Metric Tonnes,Other,2025.0,2200.0,2102.85,Rs./Quintal,FAQ
Puranpur APMC,14.0,Metric Tonnes,Other,2000.0,2000.0,2000.0,Rs./Quintal,FAQ
Risia APMC,282.06,Metric Tonnes,Other,1800.0,2500.0,2219.95,Rs./Quintal,FAQ
Sambhal APMC,236.98,Metric Tonnes,Other,2200.0,2380.0,2280.98,Rs./Quintal,FAQ
Sehjanwa APMC,50.07,Metric Tonnes,Other,2000.0,2000.0,2000.0,Rs./Quintal,FAQ
Shahabad(New Mandi) APMC,25.555,Metric Tonnes,Other,2050.0,2100.0,2069.57,Rs./Quintal,FAQ
Shahaswan APMC,138.425,Metric Tonnes,Other,1900.0,2450.0,1963.48,Rs./Quintal,FAQ
Shahjahanpur APMC,39.7,Metric Tonnes,Other,2000.0,2000.0,2000.0,Rs./Quintal,FAQ
Shikohabad APMC,294.7,Metric Tonnes,Other,2250.0,2260.0,2251.22,Rs./Quintal,FAQ
Sikanderabad APMC,5.337,Metric Tonnes,Other,2200.0,2380.0,2324.9,Rs./Quintal,FAQ
Sirsaganj APMC,276.455,Metric Tonnes,Other,2110.0,2410.0,2299.27,Rs./Quintal,FAQ
Siyana APMC,284.26,Metric Tonnes,Other,2050.0,2300.0,2185.64,Rs./Quintal,FAQ
Tilhar APMC,122.44,Metric Tonnes,Other,1700.0,1700.0,1700.0,Rs./Quintal,FAQ
Ujhani APMC,1353.153,Metric Tonnes,Other,2100.0,2500.0,2247.13,Rs./Quintal,FAQ
Uttaripura APMC,31.65,Metric Tonnes,Other,1900.0,1900.0,1900.0,Rs./Quintal,FAQ
Wazirganj APMC,1625.484,Metric Tonnes,Other,2050.0,2250.0,2069.7,Rs./Quintal,FAQ
Total,16208.92,Metric Tonnes,,,,2127.84,Rs./Quintal,
State/UT Name : West Bengal
Jangipur APMC,13.25,Metric Tonnes,Other,2500.0,2600.0,2550.0,Rs./Quintal,FAQ
Total,13.25,Metric Tonnes,,,,2550.0,Rs./Quintal,
Grand Total,33508.2,Metric Tonnes,,,,2148.46,Rs./Quintal,
Paddy(Common) (MSP: Rs. 2441.00/Quintal)
State/UT Name : Andhra Pradesh
Achanta APMC,0.1,Metric Tonnes,1121,2359.0,2375.0,2369.0,Rs./Quintal,Local
Addanki APMC,0.1,Metric Tonnes,Paddy,2400.0,2430.0,2410.0,Rs./Quintal,FAQ
Akiveedu APMC,0.1,Metric Tonnes,Paddy,2300.0,2500.0,2369.0,Rs./Quintal,Local
Alamuru APMC,0.1,Metric Tonnes,Paddy,2369.0,2389.0,2369.0,Rs./Quintal,FAQ
Amadalavalasa APMC,0.1,Metric Tonnes,Paddy,2369.0,2369.0,2369.0,Rs./Quintal,FAQ
Amalapuram APMC,0.1,Metric Tonnes,1001,2369.0,2468.0,2369.0,Rs./Quintal,FAQ
Anaparthy APMC,0.1,Metric Tonnes,Paddy,2369.0,2500.0,2369.0,Rs./Quintal,FAQ
Atmakur (Nandyal District) APMC,1.0,Metric Tonnes,Sona,2250.0,2369.0,2300.0,Rs./Quintal,FAQ
Atmakur (SPSR Nellore District) APMC,360.70000000000005,Metric Tonnes,Nellore Sanna,2300.0,2400.0,2369.0,Rs./Quintal,FAQ
Attili APMC,0.1,Metric Tonnes,Paddy,2369.0,2389.0,2369.0,Rs./Quintal,Local
B.N.Kandriga APMC,0.1,Metric Tonnes,Paddy,2000.0,2000.0,2000.0,Rs./Quintal,Local
Badvel APMC,0.1,Metric Tonnes,Masuri,2380.0,2450.0,2420.0,Rs./Quintal,Local
Banaganapalli APMC,0.1,Metric Tonnes,Sona Mahsuri,2200.0,2400.0,2300.0,Rs./Quintal,FAQ
Bapatla APMC,0.1,Metric Tonnes,B P T,3400.0,3600.0,3500.0,Rs./Quintal,Local
Bhimadole APMC,1.0,Metric Tonnes,1001,2380.0,2380.0,2380.0,Rs./Quintal,FAQ
Bhimavaram APMC,0.1,Metric Tonnes,1001,2360.0,2360.0,2360.0,Rs./Quintal,Grade Range-1
Chirala APMC,1.0,Metric Tonnes,B P T,2400.0,2500.0,2450.0,Rs./Quintal,Local
Chodavaram APMC,1.0,Metric Tonnes,Paddy,2200.0,2400.0,2300.0,Rs./Quintal,Local
Darsi APMC,0.1,Metric Tonnes,B P T,2500.0,2600.0,2600.0,Rs./Quintal,Local
Dharmavaram APMC,0.1,Metric Tonnes,B P T,2000.0,2200.0,2100.0,Rs./Quintal,FAQ
Divi (HQ-Avanigadda) APMC,1.0,Metric Tonnes,B P T,3100.0,3500.0,3250.0,Rs./Quintal,FAQ
Durgi APMC,1.0,Metric Tonnes,Paddy,1800.0,2400.0,2000.0,Rs./Quintal,FAQ
Etcherla APMC,0.1,Metric Tonnes,1121,2369.0,2369.0,2369.0,Rs./Quintal,FAQ
Gannavaram APMC,0.1,Metric Tonnes,1001,2400.0,2400.0,2400.0,Rs./Quintal,Local
Ghantsala (HQ-Kodali) APMC,1.0,Metric Tonnes,1001,2200.0,2400.0,2300.0,Rs./Quintal,Local
Gudur APMC,0.1,Metric Tonnes,MTU-1010,2389.0,2470.0,2430.0,Rs./Quintal,Local
Hiramandalam APMC,0.1,Metric Tonnes,Masuri,2400.0,2400.0,2400.0,Rs./Quintal,Local
Ichapuram APMC,0.1,Metric Tonnes,Sannalu,2369.0,2369.0,2369.0,Rs./Quintal,Local
Ipur APMC,1.0,Metric Tonnes,Paddy,2500.0,2700.0,2650.0,Rs./Quintal,FAQ
Jaggampet APMC,0.1,Metric Tonnes,Common,2369.0,2389.0,2369.0,Rs./Quintal,FAQ
Jalumuru APMC,0.1,Metric Tonnes,1121,2369.0,2369.0,2369.0,Rs./Quintal,FAQ
Kaikaluru APMC,1.0,Metric Tonnes,MTU-1001,2440.0,2440.0,2440.0,Rs./Quintal,Local
Kakinada (Urban) APMC,0.075,Metric Tonnes,Common,2369.0,2390.0,2375.0,Rs./Quintal,FAQ
Kalidindi APMC,1.0,Metric Tonnes,MTU-1001,2440.0,2440.0,2440.0,Rs./Quintal,Local
Kamalapuram APMC,0.1,Metric Tonnes,B P T,2550.0,2550.0,2550.0,Rs./Quintal,Local
Kanchili APMC,0.1,Metric Tonnes,1001,2400.0,2400.0,2400.0,Rs./Quintal,FAQ
Kandukur APMC,0.1,Metric Tonnes,Other,2380.0,2450.0,2400.0,Rs./Quintal,Local
Karapa APMC,1.0,Metric Tonnes,1001,2363.0,2369.0,2366.0,Rs./Quintal,FAQ
Kavali APMC,0.1,Metric Tonnes,Other,2380.0,2459.0,2410.0,Rs./Quintal,Local
Kothabommali APMC,0.1,Metric Tonnes,Paddy,3200.0,3200.0,3200.0,Rs./Quintal,Local
Kothavalasa APMC,1.0,Metric Tonnes,1001,2369.0,2369.0,2369.0,Rs./Quintal,Local
Kovur APMC,18.95,Metric Tonnes,Paddy,2350.0,2500.0,2369.0,Rs./Quintal,Local
Kovvur APMC,1.0,Metric Tonnes,MTU-1010,2441.0,2441.0,2441.0,Rs./Quintal,Grade Range-2
Krosuru APMC,0.1,Metric Tonnes,B P T,2200.0,2600.0,2400.0,Rs./Quintal,FAQ
Kuchinapudi APMC,1.0,Metric Tonnes,B P T,3400.0,3600.0,3500.0,Rs./Quintal,Local
Macharla APMC,0.1,Metric Tonnes,B P T,3200.0,3200.0,3200.0,Rs./Quintal,Grade Range-1
Machilipatnam APMC,0.075,Metric Tonnes,B P T,2751.9993120000004,2945.332597,2842.6659560000003,Rs./Quintal,Local
Maddipadu APMC,0.1,Metric Tonnes,B P T,2800.0,2800.0,2800.0,Rs./Quintal,FAQ
Madugula APMC,0.1,Metric Tonnes,Paddy,2200.0,2400.0,2300.0,Rs./Quintal,Local
Malleswaram (HQ-Bantumili) APMC,0.1,Metric Tonnes,NO. 2716,2600.0,2650.0,2625.0,Rs./Quintal,Grade Range-1
Mandapeta APMC,1.0,Metric Tonnes,1001,2369.0,2400.0,2389.0,Rs./Quintal,FAQ
Mangalagiri APMC,0.1,Metric Tonnes,B P T,2580.0,2580.0,2580.0,Rs./Quintal,FAQ
Mydukur APMC,1.0,Metric Tonnes,Masuri,2800.0,3200.0,3000.0,Rs./Quintal,Local
Mylavaram APMC,0.1,Metric Tonnes,1001,2369.0,2369.0,2369.0,Rs./Quintal,FAQ
Nagalapuram APMC,0.1,Metric Tonnes,Paddy,2000.0,2000.0,2000.0,Rs./Quintal,Local
Nagari APMC,0.1,Metric Tonnes,Paddy,1800.0,1900.0,1850.0,Rs./Quintal,Grade Range-2
Naidupet APMC,0.1,Metric Tonnes,B P T,2389.0,2410.0,2400.0,Rs./Quintal,Local
Nandigama APMC,0.1,Metric Tonnes,B P T,2360.0,2360.0,2360.0,Rs./Quintal,Grade Range-1
Narasannapet APMC,0.1,Metric Tonnes,Paddy,2369.0,2369.0,2369.0,Rs./Quintal,FAQ
Narasaraopet APMC,0.1,Metric Tonnes,Paddy,3000.0,3000.0,3000.0,Rs./Quintal,FAQ
Narsapuram APMC,1.0,Metric Tonnes,MTU-1001,2445.0,2445.0,2445.0,Rs./Quintal,Local
Narsipatnam APMC,0.1,Metric Tonnes,Paddy,2390.0,2450.0,2400.0,Rs./Quintal,FAQ
Nellore APMC,0.1,Metric Tonnes,B P T,2441.0,2458.0,2450.0,Rs./Quintal,FAQ
Nidadavolu APMC,1.0,Metric Tonnes,Common,2445.0,2445.0,2445.0,Rs./Quintal,Local
Ongole APMC,0.1,Metric Tonnes,B P T,2500.0,2500.0,2500.0,Rs./Quintal,Local
Palakole APMC,0.1,Metric Tonnes,Paddy,2370.0,2370.0,2370.0,Rs./Quintal,Local
Palakonda APMC,0.1,Metric Tonnes,1001,2150.0,2150.0,2150.0,Rs./Quintal,FAQ
Palasa APMC,0.1,Metric Tonnes,Common,2369.0,2369.0,2369.0,Rs./Quintal,FAQ
Pamarru APMC,1.0,Metric Tonnes,B P T,2441.0,2481.0,2471.0,Rs./Quintal,Local
Pathapatnam APMC,0.1,Metric Tonnes,Paddy,2369.0,2500.0,2369.0,Rs./Quintal,FAQ
Payakaraopeta APMC,0.1,Metric Tonnes,1001,2349.0,2369.0,2359.0,Rs./Quintal,Local
Pedana APMC,0.1,Metric Tonnes,NO. 2716,2369.0,2600.0,2550.0,Rs./Quintal,Local
Peddapuram APMC,1.0,Metric Tonnes,1001,2369.0,2390.0,2369.0,Rs./Quintal,FAQ
Penamaluru (HQ-Kankipadu) APMC,0.1,Metric Tonnes,MTU-1001,2441.0,2441.0,2441.0,Rs./Quintal,Local
Pendurthi APMC,0.1,Metric Tonnes,Paddy,2300.0,2300.0,2300.0,Rs./Quintal,Local
Penugonda APMC,0.1,Metric Tonnes,1001,2370.0,2380.0,2375.0,Rs./Quintal,Local
Pidugurala APMC,0.2,Metric Tonnes,Paddy,2380.0,2420.0,2400.0,Rs./Quintal,FAQ
Pithapuram APMC,0.1,Metric Tonnes,1001,2369.0,2389.0,2379.0,Rs./Quintal,FAQ
Pithapuram APMC,0.1,Metric Tonnes,B P T,2369.0,2389.0,2379.0,Rs./Quintal,FAQ
Polavaram APMC,1.0,Metric Tonnes,1001,2445.0,2445.0,2445.0,Rs./Quintal,Local
Prattipadu APMC,0.1,Metric Tonnes,1001,2369.0,2389.0,2379.0,Rs./Quintal,FAQ
Proddatur APMC,0.1,Metric Tonnes,Paddy,2400.0,2400.0,2400.0,Rs./Quintal,Local
RAYADURG APMC,0.1,Metric Tonnes,I.R. 64,3200.0,3800.0,3400.0,Rs./Quintal,Grade Range-1
Rajahmundry APMC,1.0,Metric Tonnes,Paddy,2369.0,2369.0,2369.0,Rs./Quintal,Local
Rajupalem APMC,0.1,Metric Tonnes,Common,2100.0,2100.0,2100.0,Rs./Quintal,Non-FAQ
Ramachandrapuram APMC,0.1,Metric Tonnes,Paddy,2369.0,2379.0,2369.0,Rs./Quintal,FAQ
Rampachodvaram APMC,0.1,Metric Tonnes,1001,2369.0,2389.0,2379.0,Rs./Quintal,Grade Range-2
Rapur APMC,141.20000000000002,Metric Tonnes,Common,2410.0,2520.0,2460.0,Rs./Quintal,Local
Repalli APMC,1.0,Metric Tonnes,B P T,3200.0,3600.0,3400.0,Rs./Quintal,Local
Rompicherla APMC,7.5,Metric Tonnes,B P T,1940.0,1940.0,1940.0,Rs./Quintal,Local
Rompicherla APMC,0.1,Metric Tonnes,Paddy,2300.0,2500.0,2500.0,Rs./Quintal,FAQ
Samalkot APMC,0.1,Metric Tonnes,Paddy,2368.0,2380.0,2369.0,Rs./Quintal,FAQ
Sampara (Kakinada Rural) APMC,0.1,Metric Tonnes,1001,2369.0,2389.0,2379.0,Rs./Quintal,FAQ
Santhamaguluru APMC,0.1,Metric Tonnes,B P T,2500.0,2580.0,2550.0,Rs./Quintal,FAQ
Sattenapalli APMC,0.1,Metric Tonnes,B P T,2350.0,2450.0,2400.0,Rs./Quintal,FAQ
Srikakulam APMC,0.2,Metric Tonnes,1001,2400.0,2400.0,2400.0,Rs./Quintal,FAQ
Srikalahasti APMC,0.1,Metric Tonnes,Paddy Medium,2300.0,2600.0,2450.0,Rs./Quintal,Local
Sullurpet APMC,0.1,Metric Tonnes,MTU-1010,2420.0,2460.0,2440.0,Rs./Quintal,Local
Tadepalligudem APMC,1.0,Metric Tonnes,1001,2450.0,2450.0,2450.0,Rs./Quintal,FAQ
Tanuku APMC,0.1,Metric Tonnes,MTU-1010,2445.0,2445.0,2445.0,Rs./Quintal,Local
Tiruvuru APMC,30.0,Metric Tonnes,Sona,2900.0,2900.0,2900.0,Rs./Quintal,Local
Udayagiri APMC,1.0,Metric Tonnes,Paddy,2444.0,2464.0,2454.0,Rs./Quintal,Local
Undi APMC,1.0,Metric Tonnes,MTU-1001,2369.0,2369.0,2369.0,Rs./Quintal,Local
Ungatur APMC,1.0,Metric Tonnes,1001,2445.0,2445.0,2445.0,Rs./Quintal,Local
Vakadu APMC,0.1,Metric Tonnes,B P T,2389.0,2410.0,2400.0,Rs./Quintal,Local
Venkatagiri APMC,0.075,Metric Tonnes,MTU-1010,2350.0,2450.0,2400.0,Rs./Quintal,FAQ
Vijayawada APMC,0.1,Metric Tonnes,1001,2369.0,2369.0,2369.0,Rs./Quintal,Local
Vinukonda APMC,1.0,Metric Tonnes,Paddy,2300.0,2500.0,2400.0,Rs./Quintal,FAQ
Yellamanchili APMC,0.1,Metric Tonnes,1001,2390.0,2450.0,2400.0,Rs./Quintal,Local
Total,594.08,Metric Tonnes,,,,2420.22,Rs./Quintal,
State/UT Name : Chattisgarh
Abhanpur APMC,1.8,Metric Tonnes,I.R. 64,2300.0,2300.0,2300.0,Rs./Quintal,Non-FAQ
Ambikapur APMC,5.0,Metric Tonnes,I.R. 64,2372.0,2372.0,2372.0,Rs./Quintal,FAQ
Baikunthpur APMC,20.0,Metric Tonnes,I.R. 36,1900.0,1900.0,1900.0,Rs./Quintal,FAQ
Balod APMC,5.0,Metric Tonnes,I.R. 64,2050.0,2150.0,2100.0,Rs./Quintal,Non-FAQ
Balodabazar APMC,5.0,Metric Tonnes,Mahamaya,1900.0,1900.0,1900.0,Rs./Quintal,Non-FAQ
Baramkela APMC,65.7,Metric Tonnes,1001,2100.0,2100.0,2100.0,Rs./Quintal,Non-FAQ
Bhakhara APMC,116.1,Metric Tonnes,Om 3,3202.0,3250.0,3230.0,Rs./Quintal,FAQ
Bhatapara APMC,175.0,Metric Tonnes,Paddy Coarse,2180.0,2382.0,2254.0,Rs./Quintal,Non-FAQ
Bhatapara APMC,1508.8,Metric Tonnes,Mahamaya,2467.0,2700.0,2548.0,Rs./Quintal,FAQ
Bhatgaon APMC,60.2,Metric Tonnes,D.B.,1970.0,1970.0,1970.0,Rs./Quintal,Non-FAQ
Bilaspur APMC,50.2,Metric Tonnes,MTU-1010,1825.0,1825.0,1825.0,Rs./Quintal,Non-FAQ
Chhuria APMC,1.5,Metric Tonnes,Khadwan,2000.0,2000.0,2000.0,Rs./Quintal,Non-FAQ
Chura APMC,172.1,Metric Tonnes,I.R. 64,2000.0,2000.0,2000.0,Rs./Quintal,Non-FAQ
Dhamtari APMC,7.6,Metric Tonnes,Om 3,3200.0,3300.0,3250.0,Rs./Quintal,FAQ
Dhamtari APMC,38.8,Metric Tonnes,Sugandha,2390.0,2425.0,2410.0,Rs./Quintal,FAQ
Dhamtari APMC,215.9,Metric Tonnes,I.R. 64,2300.0,2340.0,2310.0,Rs./Quintal,FAQ
Dondi APMC,1.0,Metric Tonnes,I.R.-64,2020.0,2050.0,2030.0,Rs./Quintal,Non-FAQ
Dondilohara APMC,1.0,Metric Tonnes,I.R.-64,2000.0,2050.0,2020.0,Rs./Quintal,Non-FAQ
Dongargaon APMC,206.8,Metric Tonnes,MTU-1001,2200.0,2200.0,2200.0,Rs./Quintal,Non-FAQ
Gidam APMC,2.0,Metric Tonnes,1001,1900.0,2100.0,2000.0,Rs./Quintal,Non-FAQ
Gurur APMC,45.6,Metric Tonnes,I.R.-64,2100.0,2150.0,2130.0,Rs./Quintal,Non-FAQ
Kasdol APMC,2.0,Metric Tonnes,D.B.,1700.0,1700.0,1700.0,Rs./Quintal,Non-FAQ
Katghora APMC,2.0,Metric Tonnes,MTU-1010,2000.0,2000.0,2000.0,Rs./Quintal,Non-FAQ
Kedar APMC,30.0,Metric Tonnes,MTU-1010,2000.0,2000.0,2000.0,Rs./Quintal,Non-FAQ
Kharora APMC,5.5,Metric Tonnes,Mahamaya,1815.0,1815.0,1815.0,Rs./Quintal,Non-FAQ
Kharsiya APMC,32.4,Metric Tonnes,MTU-1010,1770.0,1790.0,1770.0,Rs./Quintal,Non-FAQ
Kurud APMC,7.1,Metric Tonnes,Swarna Masuri (New),2200.0,2372.0,2340.0,Rs./Quintal,FAQ
Kurud APMC,128.8,Metric Tonnes,Mahamaya,2250.0,2757.0,2689.0,Rs./Quintal,FAQ
Kurud APMC,29.0,Metric Tonnes,RB Gold,2800.0,3245.0,3215.0,Rs./Quintal,FAQ
Kurud APMC,13.8,Metric Tonnes,Om 3,3129.0,3260.0,3229.0,Rs./Quintal,FAQ
Kurud APMC,33.9,Metric Tonnes,MTU-1010,2201.0,2368.0,2365.0,Rs./Quintal,FAQ
Kurud APMC,323.0,Metric Tonnes,I.R. 64,2150.0,2300.0,2260.0,Rs./Quintal,FAQ
Kurud APMC,11.2,Metric Tonnes,Samba Masuri,2901.0,3214.0,3150.0,Rs./Quintal,FAQ
Lohandiguda APMC,19.0,Metric Tonnes,Paddy Coarse,1900.0,1950.0,1900.0,Rs./Quintal,FAQ
Manendragarh APMC,12.4,Metric Tonnes,MTU-1010,2350.0,2350.0,2350.0,Rs./Quintal,Non-FAQ
Mungeli APMC,0.8,Metric Tonnes,Sugandha,1901.0,2275.0,2184.0,Rs./Quintal,Non-FAQ
Mungeli APMC,0.6,Metric Tonnes,Basmati 1509,2261.0,2289.0,2275.0,Rs./Quintal,FAQ
Mungeli APMC,6.8,Metric Tonnes,Mahamaya,2181.0,2561.0,2340.0,Rs./Quintal,FAQ
Nagari APMC,233.2,Metric Tonnes,I.R. 36,2300.0,2300.0,2300.0,Rs./Quintal,Non-FAQ
Narayanpur APMC,2.0,Metric Tonnes,D.B.,1800.0,1900.0,1850.0,Rs./Quintal,Non-FAQ
Navapara APMC,28.4,Metric Tonnes,MTU-1010,2356.0,2396.0,2378.0,Rs./Quintal,Non-FAQ
Navapara APMC,38.3,Metric Tonnes,D.B.,2266.0,2324.0,2310.0,Rs./Quintal,Non-FAQ
Navapara APMC,6.2,Metric Tonnes,Mahamaya,2250.0,2424.0,2352.0,Rs./Quintal,Non-FAQ
Navapara APMC,17.0,Metric Tonnes,RB Gold,2906.0,3238.0,3020.0,Rs./Quintal,FAQ
Navapara APMC,12.7,Metric Tonnes,Om 3,2850.0,3196.0,3130.0,Rs./Quintal,FAQ
Neora APMC,3.6,Metric Tonnes,Mahamaya,1960.0,1960.0,1960.0,Rs./Quintal,Non-FAQ
Pendraroad APMC,10.2,Metric Tonnes,MTU-1010,1900.0,1900.0,1900.0,Rs./Quintal,FAQ
Pendraroad APMC,152.4,Metric Tonnes,Khadwan,1800.0,1800.0,1800.0,Rs./Quintal,FAQ
Pendraroad APMC,13.8,Metric Tonnes,HMT,2500.0,2500.0,2500.0,Rs./Quintal,FAQ
Pipriya APMC,22.8,Metric Tonnes,D.B.,2000.0,2050.0,2050.0,Rs./Quintal,FAQ
Pithoura APMC,9.6,Metric Tonnes,MTU-1010,2000.0,2000.0,2000.0,Rs./Quintal,Non-FAQ
Raipur APMC,38.2,Metric Tonnes,MTU-1010,1873.0,2200.0,2125.0,Rs./Quintal,Non-FAQ
Rajim APMC,885.6,Metric Tonnes,I.R. 64,1850.0,2367.0,2180.0,Rs./Quintal,Non-FAQ
Rajim APMC,12.4,Metric Tonnes,Samba Masuri,2000.0,3200.0,2462.0,Rs./Quintal,Non-FAQ
Rajim APMC,71.5,Metric Tonnes,MTU-1008,1224.0,3172.0,2293.0,Rs./Quintal,Non-FAQ
Rajim APMC,10.3,Metric Tonnes,Sugandha,2300.0,2338.0,2321.0,Rs./Quintal,Non-FAQ
Sakti APMC,100.0,Metric Tonnes,D.B.,1650.0,1650.0,1650.0,Rs./Quintal,Non-FAQ
Sarangarh APMC,30.0,Metric Tonnes,MTU-1010,2000.0,2000.0,2000.0,Rs./Quintal,Non-FAQ
Saraypali APMC,22.8,Metric Tonnes,MTU-1001,1875.0,1890.0,1880.0,Rs./Quintal,Non-FAQ
Takhatpur APMC,20.1,Metric Tonnes,Mahamaya,2200.0,2200.0,2200.0,Rs./Quintal,Non-FAQ
Total,5104.5,Metric Tonnes,,,,2325.54,Rs./Quintal,
State/UT Name : Gujarat
Dahod APMC,8.200000000000001,Metric Tonnes,Paddy fine,2750.0,2800.0,2775.0,Rs./Quintal,Local
Davgadbaria(Piplod) APMC,0.4,Metric Tonnes,Common,1330.0,1450.0,1420.0,Rs./Quintal,Non-FAQ
Dehgam APMC,0.8,Metric Tonnes,Other,2260.0,2695.0,2477.0,Rs./Quintal,FAQ
Dehgam(Rekhiyal) APMC,0.30000000000000004,Metric Tonnes,Other,2250.0,2650.0,2450.0,Rs./Quintal,FAQ
Devgadhbaria APMC,0.6000000000000001,Metric Tonnes,Common,1330.0,1450.0,1430.0,Rs./Quintal,Non-FAQ
Jhalod APMC,0.3,Metric Tonnes,Paddy,3000.0,3000.0,3000.0,Rs./Quintal,Local
Khambhat(Grain Market) APMC,0.010000000000000002,Metric Tonnes,Paddy,2750.0,3750.0,3250.0,Rs./Quintal,Local
Morva Hafad APMC,0.8,Metric Tonnes,Paddy,1600.0,2500.0,2050.0,Rs./Quintal,Local
Prantij APMC,1.425,Metric Tonnes,Other,2500.0,2760.0,2635.0,Rs./Quintal,Local
Total,12.84,Metric Tonnes,,,,2588.62,Rs./Quintal,
State/UT Name : Haryana
Indri APMC,58.5,Metric Tonnes,Paddy,1775.0,2150.0,1950.0,Rs./Quintal,Non-FAQ
Panipat APMC,59.5,Metric Tonnes,Basmati 1509,3100.0,3731.0,3350.0,Rs./Quintal,Local
Total,118.0,Metric Tonnes,,,,2655.93,Rs./Quintal,
State/UT Name : Karnataka
Belur APMC,24.0,Metric Tonnes,Paddy,2600.0,2600.0,2600.0,Rs./Quintal,FAQ
Chintamani APMC,94.4,Metric Tonnes,Sona,3300.0,3750.0,3700.0,Rs./Quintal,Local
Gangavathi APMC,117.10000000000001,Metric Tonnes,Sona Masuri (OLD),3733.0,3867.0,3838.0,Rs./Quintal,Non-FAQ
Gangavathi APMC,35.800000000000004,Metric Tonnes,Kaveri Sona,2565.0,2565.0,2565.0,Rs./Quintal,Non-FAQ
Gangavathi APMC,172.60000000000002,Metric Tonnes,Paddy RNR new,3000.0,3384.0,3267.0,Rs./Quintal,Non-FAQ
Gangavathi APMC,378.1,Metric Tonnes,Paddy RNR Old,3900.0,4200.0,4040.0,Rs./Quintal,Non-FAQ
Haliyala APMC,65.8,Metric Tonnes,Paddy Medium,2650.0,2800.0,2800.0,Rs./Quintal,Local
Harihara APMC,88.10000000000001,Metric Tonnes,Kaveri Sona,2400.0,2800.0,2600.0,Rs./Quintal,Non-FAQ
K.R.Nagar APMC,101.60000000000001,Metric Tonnes,Paddy Dappa,2300.0,2600.0,2452.0,Rs./Quintal,FAQ
Kanakagiri APMC,63.0,Metric Tonnes,Sona,3947.0,3947.0,3947.0,Rs./Quintal,Non-FAQ
Karatagi APMC,545.2,Metric Tonnes,Paddy RNR Old,4000.0,4180.0,4114.0,Rs./Quintal,FAQ
Karatagi APMC,169.20000000000002,Metric Tonnes,Sona Masuri New,3000.0,3030.0,3015.0,Rs./Quintal,Non-FAQ
Karatagi APMC,62.800000000000004,Metric Tonnes,Paddy RNR new,3650.0,3722.0,3685.0,Rs./Quintal,Non-FAQ
Koppal APMC,25.0,Metric Tonnes,Paddy,2500.0,2500.0,2500.0,Rs./Quintal,Non-FAQ
Malavalli APMC,243.8,Metric Tonnes,Paddy,2250.0,2900.0,2300.0,Rs./Quintal,FAQ
Manvi APMC,20.1,Metric Tonnes,Sona Masuri (OLD),2200.0,2200.0,2200.0,Rs./Quintal,Non-FAQ
Nandagada APMC,63.0,Metric Tonnes,Paddy,2500.0,2800.0,2650.0,Rs./Quintal,FAQ
SIRGUPPA APMC,955.5,Metric Tonnes,Paddy RNR new,2646.0,2990.0,2802.0,Rs./Quintal,Local
Shikaripura APMC,28.700000000000003,Metric Tonnes,Paddy,3800.0,3800.0,3800.0,Rs./Quintal,FAQ
Sindhanur APMC,143.20000000000002,Metric Tonnes,Paddy RNR new,2399.0,2600.0,2600.0,Rs./Quintal,Local
Sindhanur APMC,366.90000000000003,Metric Tonnes,Paddy RNR Old,2800.0,4140.0,3400.0,Rs./Quintal,Local
Sorabha APMC,58.7,Metric Tonnes,Paddy,2200.0,2400.0,2400.0,Rs./Quintal,Local
Srirangapattana APMC,10.0,Metric Tonnes,Jaya,2200.0,2200.0,2200.0,Rs./Quintal,Local
T. Narasipura APMC,402.0,Metric Tonnes,Paddy,2100.0,2800.0,2600.0,Rs./Quintal,Non-FAQ
Total,4234.6,Metric Tonnes,,,,3161.71,Rs./Quintal,
State/UT Name : Keralam
Kasargod Market,2.0,Metric Tonnes,Other,2400.0,2600.0,2500.0,Rs./Quintal,Local
Pulpally Market,2.0,Metric Tonnes,Other,3120.0,3140.0,3130.0,Rs./Quintal,Local
Total,4.0,Metric Tonnes,,,,2815.0,Rs./Quintal,
State/UT Name : Madhya Pradesh
Baktara APMC,35.463,Metric Tonnes,Basmati,4200.0,4500.0,4500.0,Rs./Quintal,FAQ
Bankhedi APMC,195.8,Metric Tonnes,Kranti,2406.0,2445.0,2436.0,Rs./Quintal,FAQ
Beohari APMC,72.55,Metric Tonnes,Common,1930.0,2525.0,2000.0,Rs./Quintal,FAQ
Bhitarwar APMC,11.949,Metric Tonnes,Dhan,3310.0,3315.0,3315.0,Rs./Quintal,Non-FAQ
Budhar APMC,89.0,Metric Tonnes,Paddy,2000.0,2175.0,2170.0,Rs./Quintal,Non-FAQ
Chhindwara APMC,246.437,Metric Tonnes,Dhan,2200.0,2210.0,2210.0,Rs./Quintal,FAQ
Datia APMC,50.0,Metric Tonnes,Dhan,2510.0,2545.0,2545.0,Rs./Quintal,FAQ
Dindori APMC,141.6,Metric Tonnes,Other,2000.0,2300.0,2100.0,Rs./Quintal,Non-FAQ
Gorakhpur APMC,90.9,Metric Tonnes,Paddy,1950.0,2300.0,2100.0,Rs./Quintal,FAQ
Gorakhpur APMC,30.6,Metric Tonnes,Common,1990.0,2010.0,2000.0,Rs./Quintal,FAQ
Gorakhpur APMC,10.5,Metric Tonnes,Common,2200.0,2290.0,2290.0,Rs./Quintal,Non-FAQ
Hanumana APMC,47.0,Metric Tonnes,Common,1600.0,1650.0,1650.0,Rs./Quintal,FAQ
Jaithari APMC,4.49,Metric Tonnes,Paddy fine,2110.0,2151.0,2151.0,Rs./Quintal,FAQ
Javera APMC,12.5,Metric Tonnes,Dhan,2000.0,2005.0,2005.0,Rs./Quintal,Non-FAQ
Krishi Upaj Mandi Samiti Bichhiya,99.68700000000001,Metric Tonnes,Dhan,2325.0,2360.0,2360.0,Rs./Quintal,Non-FAQ
Krishi Upaj Mandi Samiti Bichhiya,24.1,Metric Tonnes,Common,2152.0,2158.0,2158.0,Rs./Quintal,FAQ
Krishi Upaj Mandi Samiti Bichhiya,36.0,Metric Tonnes,Common,2108.0,2115.0,2115.0,Rs./Quintal,Non-FAQ
Mandla APMC,3.0,Metric Tonnes,Common,2150.0,2150.0,2150.0,Rs./Quintal,Non-FAQ
Nainpur APMC,10.715000000000002,Metric Tonnes,Common,2050.0,2175.0,2175.0,Rs./Quintal,FAQ
Sevda APMC,226.5,Metric Tonnes,Paddy,3090.0,3620.0,3265.0,Rs./Quintal,FAQ
Shahpura Niwas APMC,28.538,Metric Tonnes,Dhan,2200.0,2300.0,2300.0,Rs./Quintal,Non-FAQ
Total,1467.33,Metric Tonnes,,,,2433.24,Rs./Quintal,
State/UT Name : Maharashtra
APMC Roha ,0.1,Metric Tonnes,Other,2370.0,2450.0,2410.0,Rs./Quintal,FAQ
Total,0.1,Metric Tonnes,,,,2410.0,Rs./Quintal,
State/UT Name : Manipur
Bishenpur APMC,1.0,Metric Tonnes,Other,3000.0,3000.0,3000.0,Rs./Quintal,Local
Imphal APMC,0.9,Metric Tonnes,Other,3000.0,3000.0,3000.0,Rs./Quintal,Local
Kakching Market APMC,1.2,Metric Tonnes,Other,3000.0,3000.0,3000.0,Rs./Quintal,Local
Lamlong Bazaar APMC,1.0,Metric Tonnes,Other,3000.0,3000.0,3000.0,Rs./Quintal,Local
Thoubal APMC,1.0,Metric Tonnes,Other,3000.0,3000.0,3000.0,Rs./Quintal,Local
Total,5.1,Metric Tonnes,,,,3000.0,Rs./Quintal,
State/UT Name : NCT of Delhi
APMC Narela,696.5,Metric Tonnes,Paddy,3050.0,3802.0,3426.0,Rs./Quintal,FAQ
Total,696.5,Metric Tonnes,,,,3426.0,Rs./Quintal,
State/UT Name : Odisha
Karanjia APMC,0.30000000000000004,Metric Tonnes,Other,2369.0,2369.0,2369.0,Rs./Quintal,FAQ
Total,0.3,Metric Tonnes,,,,2369.0,Rs./Quintal,
State/UT Name : Punjab
Samana APMC,307.0,Metric Tonnes,Basmati 1509,2369.0,3850.0,3625.0,Rs./Quintal,Local
Total,307.0,Metric Tonnes,,,,3625.0,Rs./Quintal,
State/UT Name : Rajasthan
Baran APMC,1.5,Metric Tonnes,Other,3415.0,3812.0,3760.0,Rs./Quintal,Local
Bundi APMC,12.0,Metric Tonnes,Paddy,3200.0,3400.0,3300.0,Rs./Quintal,FAQ
Hanumangarh APMC,10.0,Metric Tonnes,Paddy,2281.0,2360.0,2360.0,Rs./Quintal,Non-FAQ
Total,23.5,Metric Tonnes,,,,2929.36,Rs./Quintal,
State/UT Name : Tamil Nadu
Ambur APMC,0.38,Metric Tonnes,Other,1200.0,1400.0,1300.0,Rs./Quintal,Local
Ammoor APMC,392.04,Metric Tonnes,Other,1466.0,3518.0,2492.0,Rs./Quintal,Local
Arani APMC,2.87,Metric Tonnes,ADT 37,2067.0,2067.0,2067.0,Rs./Quintal,Local
Avalurpet APMC,83.55,Metric Tonnes,Other,2252.0,3467.0,2859.5,Rs./Quintal,Local
Budalur APMC,28.35,Metric Tonnes,B P T,2300.0,2500.0,2400.0,Rs./Quintal,Local
Chetpet APMC,3.08,Metric Tonnes,ADT 37,2325.0,2325.0,2325.0,Rs./Quintal,Local
Cheyyar APMC,32.62,Metric Tonnes,Other,2040.0,3216.0,2628.0,Rs./Quintal,Local
Cuddalore APMC,0.23,Metric Tonnes,Other,2087.0,2087.0,2087.0,Rs./Quintal,Local
Gudiyatham APMC,9.0,Metric Tonnes,Other,1600.0,1667.0,1633.5,Rs./Quintal,Local
Madurai APMC,8.79,Metric Tonnes,Other,3600.0,4000.0,3800.0,Rs./Quintal,Local
Pavoorchatram APMC,65.18,Metric Tonnes,Ponni,2400.0,2600.0,2500.0,Rs./Quintal,Local
Polur(Thiruvannamalai) APMC,0.75,Metric Tonnes,ADT 37,1879.0,1879.0,1879.0,Rs./Quintal,Local
Sangarapuram APMC,4.88,Metric Tonnes,Other,1786.0,2379.0,2082.5,Rs./Quintal,Local
Shrimushnam APMC,0.77,Metric Tonnes,Other,2056.0,2239.0,2147.5,Rs./Quintal,Local
Sirkali APMC,27.6,Metric Tonnes,Other,2150.0,2300.0,2225.0,Rs./Quintal,Local
Thirumangalam APMC,39.58,Metric Tonnes,Other,3100.0,3200.0,3150.0,Rs./Quintal,Local
Tiruttani APMC,7.5,Metric Tonnes,Other,1800.0,2000.0,1900.0,Rs./Quintal,Local
Vadaseri APMC,8.0,Metric Tonnes,Other,2000.0,2400.0,2200.0,Rs./Quintal,Local
Vandavasi APMC,110.09,Metric Tonnes,Other,2133.0,3252.0,2692.5,Rs./Quintal,Local
Vaniyambadi APMC,0.3,Metric Tonnes,Other,1600.0,2000.0,1800.0,Rs./Quintal,Local
Vellore APMC,57.75,Metric Tonnes,Other,1908.0,3572.0,2740.0,Rs./Quintal,Local
Vikkiravandi APMC,1.25,Metric Tonnes,ADT 37,1705.0,2044.0,1874.5,Rs./Quintal,Local
Villupuram APMC,8.79,Metric Tonnes,Other,1973.0,2257.0,2115.0,Rs./Quintal,Local
Total,893.35,Metric Tonnes,,,,2576.87,Rs./Quintal,
State/UT Name : Telangana
Alampur APMC,50.0,Metric Tonnes,Common,1800.0,2500.0,2300.0,Rs./Quintal,Local
Bhadrachalam APMC,0.001,Metric Tonnes,Samba Masuri,2389.0,2389.0,2389.0,Rs./Quintal,FAQ
Cherial APMC,26.0,Metric Tonnes,I.R. 64,2400.0,2400.0,2400.0,Rs./Quintal,Local
Gangadhara APMC,0.001,Metric Tonnes,I.R. 64,2369.0,2369.0,2369.0,Rs./Quintal,FAQ
Husnabad APMC,250.0,Metric Tonnes,MTU-1010,2400.0,2400.0,2400.0,Rs./Quintal,Local
Huzurnagar APMC,50.0,Metric Tonnes,B P T,2500.0,2500.0,2500.0,Rs./Quintal,Local
Neredcherla APMC,126.7,Metric Tonnes,B P T,2450.0,2450.0,2450.0,Rs./Quintal,Local
Tirumalagiri APMC,0.010000000000000002,Metric Tonnes,I.R. 64,2389.0,2389.0,2389.0,Rs./Quintal,Local
Total,502.71,Metric Tonnes,,,,2412.6,Rs./Quintal,
State/UT Name : Uttar Pradesh
Ahirora APMC,16.7,Metric Tonnes,Other,2325.0,2350.0,2337.72,Rs./Quintal,FAQ
Aligarh APMC,36.403,Metric Tonnes,Other,3200.0,3200.0,3200.0,Rs./Quintal,FAQ
Anoop Shahar APMC,2.711,Metric Tonnes,Other,3100.0,3100.0,3100.0,Rs./Quintal,FAQ
Atrauli APMC,57.0,Metric Tonnes,Basmati,3000.0,3000.0,3000.0,Rs./Quintal,FAQ
Bachranwa APMC,23.3,Metric Tonnes,Common,3000.0,3100.0,3051.93,Rs./Quintal,FAQ
Bahraich APMC,31.0,Metric Tonnes,Other,2000.0,2000.0,2000.0,Rs./Quintal,FAQ
Balrampur APMC,6.5,Metric Tonnes,Other,1800.0,1800.0,1800.0,Rs./Quintal,FAQ
Balrampur APMC,12.0,Metric Tonnes,Common,2000.0,2700.0,2350.0,Rs./Quintal,FAQ
Bangarmau APMC,126.39,Metric Tonnes,Common,2800.0,2800.0,2800.0,Rs./Quintal,FAQ
Banthara APMC,82.75,Metric Tonnes,Common,2500.0,3150.0,2967.37,Rs./Quintal,FAQ
Barabanki APMC,18.07,Metric Tonnes,Common,2200.0,2200.0,2200.0,Rs./Quintal,FAQ
Barabanki APMC,18.0,Metric Tonnes,Other,2000.0,2000.0,2000.0,Rs./Quintal,FAQ
Bareilly APMC,30.357,Metric Tonnes,Common,2805.0,2805.0,2805.0,Rs./Quintal,FAQ
Bareilly APMC,84.052,Metric Tonnes,Basmati,3500.0,3753.0,3624.89,Rs./Quintal,FAQ
Basti APMC,35.1,Metric Tonnes,Common,2500.0,2800.0,2639.32,Rs./Quintal,FAQ
Bhehjoi APMC,191.698,Metric Tonnes,Other,2500.0,2900.0,2710.2,Rs./Quintal,FAQ
Buland Shahr APMC,634.921,Metric Tonnes,Basmati,2751.0,3901.0,3457.54,Rs./Quintal,FAQ
Buland Shahr APMC,356.911,Metric Tonnes,Other,2751.0,3781.0,3543.58,Rs./Quintal,FAQ
Chandausi APMC,11.7,Metric Tonnes,Other,3000.0,3000.0,3000.0,Rs./Quintal,FAQ
Chandausi APMC,2.56,Metric Tonnes,Basmati,2900.0,2900.0,2900.0,Rs./Quintal,FAQ
Chandausi APMC,33.825,Metric Tonnes,SuperFine(Basmati),2900.0,2905.0,2901.71,Rs./Quintal,FAQ
Charra APMC,74.789,Metric Tonnes,Basmati,3300.0,3600.0,3495.64,Rs./Quintal,FAQ
Charra APMC,67.914,Metric Tonnes,Other,3560.0,3625.0,3594.55,Rs./Quintal,FAQ
DADRI APMC,59.4,Metric Tonnes,Basmati,2850.0,3545.0,3279.99,Rs./Quintal,FAQ
DADRI APMC,18.0,Metric Tonnes,Other,3121.0,3481.0,3385.97,Rs./Quintal,FAQ
Divai APMC,90.0,Metric Tonnes,Other,3200.0,3200.0,3200.0,Rs./Quintal,FAQ
Divai APMC,132.13,Metric Tonnes,Basmati,3000.0,3620.0,3199.27,Rs./Quintal,FAQ
Gangoh APMC,106.425,Metric Tonnes,Other,3000.0,3710.0,3571.75,Rs./Quintal,FAQ
Gangoh APMC,316.8,Metric Tonnes,Basmati,3000.0,3770.0,3577.8,Rs./Quintal,FAQ
Golagokarnath APMC,29.34,Metric Tonnes,Common,2200.0,2210.0,2206.93,Rs./Quintal,FAQ
Gulavati APMC,78.95,Metric Tonnes,Other,3001.0,3741.0,3372.92,Rs./Quintal,FAQ
Gulavati APMC,1.95,Metric Tonnes,Basmati,3551.0,3551.0,3551.0,Rs./Quintal,FAQ
Hapur APMC,208.446,Metric Tonnes,Other,3000.0,3660.0,3154.68,Rs./Quintal,FAQ
Hapur APMC,827.413,Metric Tonnes,Basmati,3000.0,3950.0,3510.04,Rs./Quintal,FAQ
Hardoi APMC,211.12,Metric Tonnes,Common,2700.0,3520.0,3491.26,Rs./Quintal,FAQ
Hasanpur APMC,207.9,Metric Tonnes,Common,2300.0,2300.0,2300.0,Rs./Quintal,FAQ
Hasanpur APMC,65.404,Metric Tonnes,Other,2500.0,3300.0,2827.07,Rs./Quintal,FAQ
Hasanpur APMC,155.2,Metric Tonnes,SuperFine(Basmati),2300.0,2300.0,2300.0,Rs./Quintal,FAQ
Jayas APMC,28.3,Metric Tonnes,Common,2500.0,2800.0,2757.6,Rs./Quintal,FAQ
Jewar APMC,22.0,Metric Tonnes,Basmati,2900.0,2900.0,2900.0,Rs./Quintal,FAQ
Kasganj APMC,32.0,Metric Tonnes,Other,3475.0,3550.0,3501.84,Rs./Quintal,FAQ
Khair APMC,1.67,Metric Tonnes,Common,3300.0,3300.0,3300.0,Rs./Quintal,FAQ
Khair APMC,238.331,Metric Tonnes,Basmati,3101.0,3711.0,3377.83,Rs./Quintal,FAQ
Khair APMC,256.793,Metric Tonnes,Other,3300.0,3726.0,3425.61,Rs./Quintal,FAQ
Khurja APMC,3.54,Metric Tonnes,Basmati,3435.0,3435.0,3435.0,Rs./Quintal,FAQ
Kosikalan APMC,603.695,Metric Tonnes,Basmati,3000.0,3663.0,3375.19,Rs./Quintal,FAQ
Kosikalan APMC,212.282,Metric Tonnes,Common,3000.0,3694.0,3359.94,Rs./Quintal,FAQ
Kosikalan APMC,335.059,Metric Tonnes,Other,3000.0,3651.0,3419.98,Rs./Quintal,FAQ
Lalganj APMC,24.8,Metric Tonnes,Common,2700.0,3100.0,2941.94,Rs./Quintal,FAQ
Manjhanpur APMC,40.4,Metric Tonnes,Paddy Coarse,2200.0,2200.0,2200.0,Rs./Quintal,FAQ
Manjhanpur APMC,30.0,Metric Tonnes,Basmati,2700.0,2700.0,2700.0,Rs./Quintal,FAQ
Mathura APMC,56.401,Metric Tonnes,Basmati,3051.0,3670.0,3444.08,Rs./Quintal,FAQ
Mathura APMC,25.983,Metric Tonnes,Other,3451.0,3571.0,3525.89,Rs./Quintal,FAQ
Meeranpur Katra APMC,25.0,Metric Tonnes,Common,1750.0,1780.0,1767.1,Rs./Quintal,FAQ
Mihipurwa APMC,10.7,Metric Tonnes,Common,1900.0,1900.0,1900.0,Rs./Quintal,FAQ
Milak APMC,113.5,Metric Tonnes,Basmati,3000.0,3300.0,3078.8,Rs./Quintal,FAQ
Mohammdi APMC,107.458,Metric Tonnes,Common,1800.0,1815.0,1807.3,Rs./Quintal,FAQ
Mugrabaadshahpur APMC,9.091,Metric Tonnes,SuperFine(Basmati),2200.0,2200.0,2200.0,Rs./Quintal,FAQ
Mugrabaadshahpur APMC,171.785,Metric Tonnes,Common,2100.0,2600.0,2214.03,Rs./Quintal,FAQ
Nautnava APMC,77.73,Metric Tonnes,Common,2200.0,2200.0,2200.0,Rs./Quintal,FAQ
Nawabganj APMC,6.0,Metric Tonnes,SuperFine(Basmati),2600.0,2600.0,2600.0,Rs./Quintal,FAQ
Nawabganj APMC,16.5,Metric Tonnes,Common,2600.0,2600.0,2600.0,Rs./Quintal,FAQ
Payagpur APMC,11.0,Metric Tonnes,Common,1850.0,1850.0,1850.0,Rs./Quintal,FAQ
Pilibhit APMC,95.58,Metric Tonnes,Common,1800.0,2000.0,1922.24,Rs./Quintal,FAQ
Powayan APMC,34.0,Metric Tonnes,Other,1850.0,1850.0,1850.0,Rs./Quintal,FAQ
Powayan APMC,31.0,Metric Tonnes,Basmati,3450.0,3450.0,3450.0,Rs./Quintal,FAQ
Powayan APMC,62.2,Metric Tonnes,Common,2000.0,2000.0,2000.0,Rs./Quintal,FAQ
Pratapgarh APMC,40.0,Metric Tonnes,Other,2200.0,2200.0,2200.0,Rs./Quintal,FAQ
Prayagraj APMC,17.7,Metric Tonnes,Common,1850.0,1850.0,1850.0,Rs./Quintal,FAQ
Puranpur APMC,17.164,Metric Tonnes,Common,1900.0,2400.0,2107.56,Rs./Quintal,FAQ
Raibareilly APMC,8.8,Metric Tonnes,Other,2400.0,2400.0,2400.0,Rs./Quintal,FAQ
Raibareilly APMC,31.54,Metric Tonnes,Common,3260.0,3260.0,3260.0,Rs./Quintal,FAQ
Robertsganj APMC,9.231,Metric Tonnes,Common,2600.0,2600.0,2600.0,Rs./Quintal,FAQ
Rudauli APMC,7.525,Metric Tonnes,Common,2100.0,2100.0,2100.0,Rs./Quintal,FAQ
Safdarganj APMC,12.8,Metric Tonnes,Common,3000.0,3000.0,3000.0,Rs./Quintal,FAQ
Sahiyapur APMC,6.0,Metric Tonnes,Other,3000.0,3000.0,3000.0,Rs./Quintal,FAQ
Sahiyapur APMC,12.5,Metric Tonnes,Common,3000.0,3000.0,3000.0,Rs./Quintal,FAQ
Salon APMC,11.92,Metric Tonnes,Common,3000.0,3000.0,3000.0,Rs./Quintal,FAQ
Sambhal APMC,658.683,Metric Tonnes,Other,2580.0,3050.0,2890.23,Rs./Quintal,FAQ
Sambhal APMC,353.271,Metric Tonnes,Common,2792.95,3020.0,2968.51,Rs./Quintal,FAQ
Sandila APMC,57.86,Metric Tonnes,Common,1900.0,2900.0,2350.6,Rs./Quintal,FAQ
Shahaswan APMC,96.0,Metric Tonnes,Other,2450.0,2450.0,2450.0,Rs./Quintal,FAQ
Shahjahanpur APMC,46.8,Metric Tonnes,Other,1800.0,1800.0,1800.0,Rs./Quintal,FAQ
Sidhauli APMC,21.2,Metric Tonnes,Common,1950.0,1960.0,1957.26,Rs./Quintal,FAQ
Sikanderabad APMC,19.624,Metric Tonnes,Basmati,3201.0,3681.0,3477.09,Rs./Quintal,FAQ
Sitapur APMC,166.96,Metric Tonnes,Common,1790.0,2025.0,1813.12,Rs./Quintal,FAQ
Sitapur APMC,10.065,Metric Tonnes,Samba Masuri,2850.0,2850.0,2850.0,Rs./Quintal,FAQ
Tilhar APMC,35.0,Metric Tonnes,Common,1700.0,1700.0,1700.0,Rs./Quintal,FAQ
Tilhar APMC,44.95,Metric Tonnes,Other,1700.0,2650.0,1866.44,Rs./Quintal,FAQ
Ujhani APMC,25.31,Metric Tonnes,Other,3200.0,3200.0,3200.0,Rs./Quintal,FAQ
Unnao APMC,22.0,Metric Tonnes,Other,2600.0,2600.0,2600.0,Rs./Quintal,FAQ
Utraula APMC,2.0,Metric Tonnes,Common,2600.0,2600.0,2600.0,Rs./Quintal,FAQ
Uttaripura APMC,67.4,Metric Tonnes,Other,2050.0,2050.0,2050.0,Rs./Quintal,FAQ
Yusufpur APMC,56.435,Metric Tonnes,Common,2900.0,2900.0,2900.0,Rs./Quintal,FAQ
Total,9004.66,Metric Tonnes,,,,3046.68,Rs./Quintal,
State/UT Name : Uttarakhand
Bazpur APMC,65.0,Metric Tonnes,Common,2134.0,2231.0,2186.0,Rs./Quintal,FAQ
Total,65.0,Metric Tonnes,,,,2186.0,Rs./Quintal,
State/UT Name : West Bengal
Bankura Sadar APMC,4.5,Metric Tonnes,Common,1975.0,2400.0,2369.0,Rs./Quintal,FAQ
Birbhum APMC,62.0,Metric Tonnes,Common,2371.0,2373.0,2372.0,Rs./Quintal,FAQ
Bolpur APMC,63.0,Metric Tonnes,Common,2371.0,2373.0,2372.0,Rs./Quintal,FAQ
Ghatal APMC,13.200000000000001,Metric Tonnes,Common,2440.0,2460.0,2450.0,Rs./Quintal,FAQ
Indus(Bankura Sadar) APMC,3.5,Metric Tonnes,Common,1950.0,2400.0,2369.0,Rs./Quintal,FAQ
Jangipur APMC,32.25,Metric Tonnes,I.R. 36,2425.0,2550.0,2500.0,Rs./Quintal,FAQ
Jiaganj APMC,6.0,Metric Tonnes,I.R. 36,2380.0,2450.0,2400.0,Rs./Quintal,FAQ
Khatra APMC,1.6,Metric Tonnes,Swarna Masuri (New),2300.0,2389.0,2369.0,Rs./Quintal,FAQ
Sainthia APMC,61.0,Metric Tonnes,Common,2371.0,2373.0,2372.0,Rs./Quintal,FAQ
Total,247.05,Metric Tonnes,,,,2393.44,Rs./Quintal,
Grand Total,23280.62,Metric Tonnes,,,,2830.34,Rs./Quintal,
Rice
State/UT Name : Andhra Pradesh
Narasaraopet APMC,0.1,Metric Tonnes,B P T,6000.0,6000.0,6000.0,Rs./Quintal,FAQ
Tiruvuru APMC,90.0,Metric Tonnes,Sona,4900.0,4900.0,4900.0,Rs./Quintal,Local
Visakhapatnam APMC,0.1,Metric Tonnes,B P T,6300.0,6300.0,6300.0,Rs./Quintal,Grade Range-1
Total,90.2,Metric Tonnes,,,,4902.77,Rs./Quintal,
State/UT Name : Assam
Fancy Bazaar APMC,70.0,Metric Tonnes,Common,3100.0,3500.0,3300.0,Rs./Quintal,FAQ
Fancy Bazaar APMC,50.0,Metric Tonnes,Fine,3200.0,11000.0,7500.0,Rs./Quintal,FAQ
Fancy Bazaar APMC,60.0,Metric Tonnes,Super Fine,7500.0,12000.0,9500.0,Rs./Quintal,FAQ
Total,180.0,Metric Tonnes,,,,6533.33,Rs./Quintal,
State/UT Name : Gujarat
Dahod APMC,5.4,Metric Tonnes,Lashkari,5000.0,6500.0,6095.0,Rs./Quintal,FAQ
Total,5.4,Metric Tonnes,,,,6095.0,Rs./Quintal,
State/UT Name : Karnataka
Bantwala APMC,13.0,Metric Tonnes,Other,2000.0,3000.0,2800.0,Rs./Quintal,Local
Belur APMC,15.0,Metric Tonnes,Coarse,2820.0,2820.0,2820.0,Rs./Quintal,Medium
Bengaluru APMC,556.0,Metric Tonnes,Dappa,3000.0,3100.0,3050.0,Rs./Quintal,Medium
Bengaluru APMC,741.3000000000001,Metric Tonnes,Fine,6000.0,7000.0,6500.0,Rs./Quintal,Medium
Bengaluru APMC,556.0,Metric Tonnes,Medium,5500.0,6000.0,5750.0,Rs./Quintal,Medium
Bhadravathi APMC,38.2,Metric Tonnes,Medium,2500.0,2750.0,2500.0,Rs./Quintal,Local
Challakere APMC,27.0,Metric Tonnes,Medium,2200.0,2200.0,2200.0,Rs./Quintal,Local
Channarayapatna APMC,5.2,Metric Tonnes,Hassan Dappa,3000.0,3000.0,3000.0,Rs./Quintal,Medium
Chintamani APMC,19.200000000000003,Metric Tonnes,Sona,6000.0,6400.0,6300.0,Rs./Quintal,Local
Davangere APMC,185.0,Metric Tonnes,Medium,2400.0,2790.0,2625.0,Rs./Quintal,Local
Doddaballapur APMC,35.0,Metric Tonnes,Other,4751.0,4751.0,4751.0,Rs./Quintal,Medium
Gangavathi APMC,200.0,Metric Tonnes,Other,2500.0,2600.0,2600.0,Rs./Quintal,Small
Gangavathi APMC,16.400000000000002,Metric Tonnes,Broken Rice,2730.0,2730.0,2730.0,Rs./Quintal,Small
Haveri APMC,20.1,Metric Tonnes,Coarse,2500.0,2500.0,2500.0,Rs./Quintal,Large
Honnali APMC,80.0,Metric Tonnes,I.R.-64,2600.0,2600.0,2600.0,Rs./Quintal,Medium
K.R.Nagar APMC,50.0,Metric Tonnes,Dappa,2400.0,2400.0,2400.0,Rs./Quintal,Medium
Koppal APMC,133.0,Metric Tonnes,Broken Rice,2700.0,2700.0,2700.0,Rs./Quintal,Small
Malur APMC,11.700000000000001,Metric Tonnes,Sona,4000.0,6000.0,4990.0,Rs./Quintal,Local
Mandya APMC,8.0,Metric Tonnes,Jaya,2210.0,2210.0,2210.0,Rs./Quintal,Local
Shiggoan APMC,30.0,Metric Tonnes,Govt. Quality,2400.0,2400.0,2400.0,Rs./Quintal,Small
Shikaripura APMC,8.3,Metric Tonnes,Sona Masuri New,6214.0,6214.0,6214.0,Rs./Quintal,FAQ
Shimoga APMC,23.0,Metric Tonnes,Dappa,2600.0,2600.0,2600.0,Rs./Quintal,Local
Shimoga APMC,32.5,Metric Tonnes,Fine,6590.0,9600.0,6590.0,Rs./Quintal,Local
Sindhanur APMC,30.0,Metric Tonnes,Medium,5450.0,5450.0,5450.0,Rs./Quintal,Local
Sorabha APMC,20.0,Metric Tonnes,Fine,2500.0,2500.0,2500.0,Rs./Quintal,Local
T. Narasipura APMC,10.0,Metric Tonnes,Broken Rice,2400.0,2400.0,2400.0,Rs./Quintal,Small
Total,2863.9,Metric Tonnes,,,,4450.77,Rs./Quintal,
State/UT Name : Maharashtra
APMC  VASAI,23.0,Metric Tonnes,1009 Kar,3505.0,4970.0,4490.0,Rs./Quintal,Local
APMC Alibagh ,1.0,Metric Tonnes,Other,4000.0,4500.0,4250.0,Rs./Quintal,Local
APMC Mangaon ,5.9,Metric Tonnes,Other,1900.0,4800.0,3800.0,Rs./Quintal,Local
APMC Mumbai ,219.1,Metric Tonnes,Other,8000.0,11000.0,10000.0,Rs./Quintal,Local
APMC Murud ,1.0,Metric Tonnes,Other,4000.0,4500.0,4250.0,Rs./Quintal,Local
APMC Palghar ,31.0,Metric Tonnes,1009 Kar,5151.0,5151.0,5151.0,Rs./Quintal,Local
APMC Pune ,56.9,Metric Tonnes,Other,4800.0,7200.0,6000.0,Rs./Quintal,Local
APMC Solapur ,78.9,Metric Tonnes,Other,3595.0,7375.0,4155.0,Rs./Quintal,Local
Kolhapur(Laxmipuri) ,52.3,Metric Tonnes,1009 Kar,3300.0,9700.0,6500.0,Rs./Quintal,Local
Total,469.1,Metric Tonnes,,,,7448.41,Rs./Quintal,
State/UT Name : Manipur
Bishenpur APMC,1.5,Metric Tonnes,Other,5100.0,5100.0,5100.0,Rs./Quintal,Local
Imphal APMC,1.7,Metric Tonnes,Other,5100.0,5100.0,5100.0,Rs./Quintal,Local
Kakching Market APMC,1.5,Metric Tonnes,Other,5100.0,5100.0,5100.0,Rs./Quintal,Local
Lamlong Bazaar APMC,1.3,Metric Tonnes,Other,5100.0,5100.0,5100.0,Rs./Quintal,Local
Thoubal APMC,1.5,Metric Tonnes,Other,5100.0,5100.0,5100.0,Rs./Quintal,Local
Total,7.5,Metric Tonnes,,,,5100.0,Rs./Quintal,
State/UT Name : Meghalaya
Shillong APMC,1.2,Metric Tonnes,Khaw Khasi,5600.0,5800.0,5700.0,Rs./Quintal,FAQ
Total,1.2,Metric Tonnes,,,,5700.0,Rs./Quintal,
State/UT Name : Odisha
Bolangir APMC,7.0,Metric Tonnes,Suvarna Best,3600.0,4000.0,3800.0,Rs./Quintal,Local
Karanjia APMC,0.30000000000000004,Metric Tonnes,Common,3500.0,3600.0,3600.0,Rs./Quintal,FAQ
Karanjia APMC,0.30000000000000004,Metric Tonnes,Other,3600.0,3700.0,3700.0,Rs./Quintal,FAQ
Tusura APMC,5.5,Metric Tonnes,Boiled Rice,3600.0,4000.0,3800.0,Rs./Quintal,Local
Total,13.1,Metric Tonnes,,,,3793.13,Rs./Quintal,
State/UT Name : Tripura
Barpathari APMC,1.0,Metric Tonnes,Masuri,5200.0,5400.0,5300.0,Rs./Quintal,Local
Bishalgarh APMC,0.4,Metric Tonnes,Fine,4300.0,4500.0,4400.0,Rs./Quintal,Local
Bishalgarh APMC,0.4,Metric Tonnes,Masuri,3700.0,3900.0,3800.0,Rs./Quintal,Local
Dasda APMC,1.5,Metric Tonnes,Other,3300.0,3300.0,3300.0,Rs./Quintal,FAQ
Jampuijala APMC,0.1,Metric Tonnes,Fine,4000.0,4400.0,4200.0,Rs./Quintal,Grade Range-1
Masli,0.2,Metric Tonnes,1009 Kar,3200.0,4000.0,3500.0,Rs./Quintal,Local
Melaghar APMC,0.5,Metric Tonnes,Masuri,4200.0,4400.0,4300.0,Rs./Quintal,Local
Melaghar APMC,0.5,Metric Tonnes,Fine,5100.0,5300.0,5200.0,Rs./Quintal,Local
Total,4.6,Metric Tonnes,,,,4217.39,Rs./Quintal,
State/UT Name : Uttar Pradesh
Akbarpur APMC,15.02,Metric Tonnes,Common,2550.0,2550.0,2550.0,Rs./Quintal,FAQ
Atarra APMC,42.34,Metric Tonnes,Common,2400.0,2405.0,2403.58,Rs./Quintal,FAQ
Atarra APMC,37.76,Metric Tonnes,Other,2400.0,3500.0,2512.18,Rs./Quintal,FAQ
Auraiya APMC,50.154,Metric Tonnes,Common,2700.0,2700.0,2700.0,Rs./Quintal,FAQ
Ayodhya APMC,54.7,Metric Tonnes,Common,2400.0,2500.0,2458.87,Rs./Quintal,FAQ
Azamgarh APMC,144.34,Metric Tonnes,Common,2400.0,4700.0,2788.26,Rs./Quintal,FAQ
Bahraich APMC,30.58,Metric Tonnes,Common,2750.0,2750.0,2750.0,Rs./Quintal,FAQ
Banthara APMC,138.95,Metric Tonnes,Common,2200.0,7060.51,3049.93,Rs./Quintal,FAQ
Bareilly APMC,95.84,Metric Tonnes,Common,2700.0,3200.0,2867.42,Rs./Quintal,FAQ
Basti APMC,51.5,Metric Tonnes,Common,2500.0,2525.0,2509.22,Rs./Quintal,FAQ
Bindki APMC,3.86,Metric Tonnes,Sarbati Raw,2710.0,2710.0,2710.0,Rs./Quintal,FAQ
Choubepur APMC,6.0,Metric Tonnes,Common,2100.0,2100.0,2100.0,Rs./Quintal,FAQ
Devariya APMC,17.6,Metric Tonnes,Common,2400.0,2580.0,2492.05,Rs./Quintal,FAQ
Dhampur APMC,6.0,Metric Tonnes,Other,3500.0,3500.0,3500.0,Rs./Quintal,FAQ
Dhampur APMC,17.94,Metric Tonnes,Basmati (Rose),3700.0,3700.0,3700.0,Rs./Quintal,FAQ
Dibiapur APMC,15.25,Metric Tonnes,Common,2600.0,2600.0,2600.0,Rs./Quintal,FAQ
Gadaura APMC,29.9,Metric Tonnes,Common,2300.0,2300.0,2300.0,Rs./Quintal,FAQ
Gorakhpur APMC,55.2,Metric Tonnes,Common,2400.0,2400.0,2400.0,Rs./Quintal,FAQ
Hapur APMC,21.1345,Metric Tonnes,Common,7347.8,7347.8,7347.8,Rs./Quintal,FAQ
Hapur APMC,6.0,Metric Tonnes,Basmati Dawat,7700.0,7700.0,7700.0,Rs./Quintal,FAQ
Hardoi APMC,20.309,Metric Tonnes,Common,2700.0,2700.0,2700.0,Rs./Quintal,FAQ
Jangipura APMC,95.345,Metric Tonnes,Common,2400.0,2700.0,2530.64,Rs./Quintal,FAQ
Jaunpur APMC,47.0,Metric Tonnes,Common,2600.0,2600.0,2600.0,Rs./Quintal,FAQ
Kanpur(Grain) APMC,80.8,Metric Tonnes,Common,2300.0,2300.0,2300.0,Rs./Quintal,FAQ
Karvi APMC,37.295,Metric Tonnes,Common,2600.0,2600.0,2600.0,Rs./Quintal,FAQ
Khaga APMC,30.02,Metric Tonnes,Common,2700.0,2700.0,2700.0,Rs./Quintal,FAQ
Lucknow APMC,173.94,Metric Tonnes,Other,5452.78,11500.0,9060.52,Rs./Quintal,FAQ
Madhoganj APMC,45.0,Metric Tonnes,Common,2600.0,2600.0,2600.0,Rs./Quintal,FAQ
Mathura APMC,5.128,Metric Tonnes,Common,6847.8,6847.8,6847.8,Rs./Quintal,FAQ
Mathura APMC,10.5,Metric Tonnes,Broken Rice,6217.9,6428.6,6260.04,Rs./Quintal,FAQ
Nautnava APMC,3.0,Metric Tonnes,Common,2150.0,2150.0,2150.0,Rs./Quintal,FAQ
Nawabganj APMC,28.3,Metric Tonnes,Common,2600.0,2650.0,2638.87,Rs./Quintal,FAQ
Partaval APMC,33.85,Metric Tonnes,Common,2200.0,2410.0,2222.02,Rs./Quintal,FAQ
Payagpur APMC,10.0,Metric Tonnes,Common,2500.0,2500.0,2500.0,Rs./Quintal,FAQ
Pratapgarh APMC,21.6,Metric Tonnes,Common,2400.0,2400.0,2400.0,Rs./Quintal,FAQ
Raibareilly APMC,5.9,Metric Tonnes,Common,2500.0,2500.0,2500.0,Rs./Quintal,FAQ
Rasda APMC,32.1,Metric Tonnes,Common,2550.0,2550.0,2550.0,Rs./Quintal,FAQ
Rudauli APMC,67.33,Metric Tonnes,Common,2800.0,2800.0,2800.0,Rs./Quintal,FAQ
Safdarganj APMC,10.12,Metric Tonnes,Common,2250.0,2500.0,2302.37,Rs./Quintal,FAQ
Sahiyapur APMC,4.2,Metric Tonnes,Common,2550.0,2550.0,2550.0,Rs./Quintal,FAQ
Sahiyapur APMC,1.0,Metric Tonnes,Other,2550.0,2550.0,2550.0,Rs./Quintal,FAQ
Shamli APMC,40.56,Metric Tonnes,Other,3800.0,4700.0,4354.51,Rs./Quintal,FAQ
Sultanpur APMC,19.2,Metric Tonnes,Other,3700.0,3700.0,3700.0,Rs./Quintal,FAQ
Utraula APMC,11.7,Metric Tonnes,Common,2650.0,2650.0,2650.0,Rs./Quintal,FAQ
Uttaripura APMC,137.76,Metric Tonnes,Common,2150.0,2150.0,2150.0,Rs./Quintal,FAQ
Varanasi APMC,4.8,Metric Tonnes,Other,2500.0,2500.0,2500.0,Rs./Quintal,FAQ
Varanasi APMC,20.92,Metric Tonnes,Common,4471.42,5843.46,5351.57,Rs./Quintal,FAQ
Yusufpur APMC,25.1,Metric Tonnes,Common,2500.0,2500.0,2500.0,Rs./Quintal,FAQ
Total,1862.85,Metric Tonnes,,,,3386.41,Rs./Quintal,
State/UT Name : Uttarakhand
Gadarpur APMC,207.5,Metric Tonnes,Other,3000.0,3000.0,3000.0,Rs./Quintal,Local
Total,207.5,Metric Tonnes,,,,3000.0,Rs./Quintal,
State/UT Name : West Bengal
Asansol APMC,52.0,Metric Tonnes,Fine,4675.0,4850.0,4765.0,Rs./Quintal,FAQ
Balarampur APMC,5.6,Metric Tonnes,Other,3500.0,3650.0,3600.0,Rs./Quintal,FAQ
Bankura Sadar APMC,28.5,Metric Tonnes,Common,3200.0,3300.0,3250.0,Rs./Quintal,FAQ
Baruipur(Canning) APMC,6.0,Metric Tonnes,Common,3200.0,3400.0,3300.0,Rs./Quintal,FAQ
Baruipur(Canning) APMC,5.0,Metric Tonnes,Fine,5000.0,5200.0,5100.0,Rs./Quintal,FAQ
Baxirhat APMC,16.0,Metric Tonnes,Common,4000.0,4200.0,4100.0,Rs./Quintal,FAQ
Beldanga APMC,3.0,Metric Tonnes,Other,3500.0,3700.0,3600.0,Rs./Quintal,FAQ
Bethuadahari APMC,9.8,Metric Tonnes,Fine,4700.0,4900.0,4800.0,Rs./Quintal,Grade Range-1
Birbhum APMC,32.0,Metric Tonnes,Common,3750.0,3850.0,3800.0,Rs./Quintal,FAQ
Bishnupur(Bankura) APMC,0.32000000000000006,Metric Tonnes,Common,3600.0,3700.0,3650.0,Rs./Quintal,FAQ
Bishnupur(Bankura) APMC,0.27,Metric Tonnes,Fine,4600.0,4750.0,4700.0,Rs./Quintal,FAQ
Bolpur APMC,37.0,Metric Tonnes,Common,3750.0,3850.0,3800.0,Rs./Quintal,FAQ
Burdwan APMC,20.0,Metric Tonnes,Common,3300.0,3500.0,3350.0,Rs./Quintal,FAQ
Burdwan APMC,22.0,Metric Tonnes,Fine,3650.0,3800.0,3700.0,Rs./Quintal,FAQ
Champadanga APMC,2.4,Metric Tonnes,Sona Mansoori Non Basmati,3350.0,3400.0,3360.0,Rs./Quintal,FAQ
Champadanga APMC,3.3,Metric Tonnes,Fine,4750.0,4850.0,4800.0,Rs./Quintal,FAQ
Durgapur APMC,55.0,Metric Tonnes,Fine,4678.0,4825.0,4750.0,Rs./Quintal,FAQ
Egra/contai APMC,45.0,Metric Tonnes,Fine,3400.0,3600.0,3500.0,Rs./Quintal,FAQ
Gajol APMC,18.5,Metric Tonnes,Common,4250.0,4450.0,4350.0,Rs./Quintal,FAQ
Ghatal APMC,12.9,Metric Tonnes,Masuri,3600.0,3650.0,3630.0,Rs./Quintal,FAQ
Guskara APMC,12.0,Metric Tonnes,Common,3250.0,3300.0,3300.0,Rs./Quintal,FAQ
Guskara APMC,36.0,Metric Tonnes,Fine,3850.0,3900.0,3850.0,Rs./Quintal,FAQ
Haldibari APMC,15.0,Metric Tonnes,Common,4000.0,4200.0,4100.0,Rs./Quintal,FAQ
Indus(Bankura Sadar) APMC,7.5,Metric Tonnes,Fine,4550.0,4650.0,4600.0,Rs./Quintal,FAQ
Islampur APMC,28.0,Metric Tonnes,Common,3800.0,4000.0,3900.0,Rs./Quintal,FAQ
Jangipur APMC,26.35,Metric Tonnes,Common,5100.0,5300.0,5200.0,Rs./Quintal,FAQ
Jiaganj APMC,12.0,Metric Tonnes,Fine,3550.0,3650.0,3600.0,Rs./Quintal,FAQ
Kalipur APMC,10.6,Metric Tonnes,Common,3340.0,3380.0,3360.0,Rs./Quintal,FAQ
Kalipur APMC,13.4,Metric Tonnes,Fine,4700.0,4800.0,4800.0,Rs./Quintal,FAQ
Kalna APMC,36.5,Metric Tonnes,Fine,3850.0,3900.0,3900.0,Rs./Quintal,FAQ
Kalna APMC,10.5,Metric Tonnes,Other,3300.0,3320.0,3300.0,Rs./Quintal,FAQ
Kalyani APMC,6.0,Metric Tonnes,Fine,4800.0,5000.0,4900.0,Rs./Quintal,Local
Kalyani APMC,3.0,Metric Tonnes,Sona,4600.0,4800.0,4700.0,Rs./Quintal,Local
Kalyani APMC,3.0,Metric Tonnes,Masuri,3300.0,3500.0,3400.0,Rs./Quintal,Local
Kandi APMC,12.0,Metric Tonnes,Common,3500.0,3700.0,3600.0,Rs./Quintal,FAQ
Karimpur APMC,11.8,Metric Tonnes,Fine,4700.0,4900.0,4800.0,Rs./Quintal,Grade Range-1
Katwa APMC,12.5,Metric Tonnes,Common,3250.0,3300.0,3300.0,Rs./Quintal,FAQ
Khatra APMC,0.4,Metric Tonnes,Common,3600.0,3700.0,3650.0,Rs./Quintal,FAQ
Kolaghat APMC,5.0,Metric Tonnes,Common,3200.0,3400.0,3300.0,Rs./Quintal,FAQ
Kolaghat APMC,5.0,Metric Tonnes,Fine,4200.0,4400.0,4300.0,Rs./Quintal,FAQ
Lalbagh APMC,9.0,Metric Tonnes,Other,3550.0,3700.0,3600.0,Rs./Quintal,FAQ
Mathabhanga APMC,15.0,Metric Tonnes,Common,4000.0,4200.0,4100.0,Rs./Quintal,FAQ
Mekhliganj APMC,15.0,Metric Tonnes,Common,4000.0,4200.0,4100.0,Rs./Quintal,FAQ
Memari APMC,17.0,Metric Tonnes,Fine,3650.0,3800.0,3700.0,Rs./Quintal,FAQ
Memari APMC,16.0,Metric Tonnes,Common,3300.0,3500.0,3350.0,Rs./Quintal,FAQ
Nadia APMC,6.9,Metric Tonnes,Common,3300.0,3400.0,3350.0,Rs./Quintal,Local
Nadia APMC,10.3,Metric Tonnes,Fine,4700.0,4800.0,4750.0,Rs./Quintal,Local
Pandua APMC,5.1,Metric Tonnes,Fine,4400.0,4575.0,4450.0,Rs./Quintal,FAQ
Purulia APMC,11.0,Metric Tonnes,Other,3400.0,3600.0,3500.0,Rs./Quintal,FAQ
Raiganj APMC,30.0,Metric Tonnes,Common,3800.0,4000.0,4000.0,Rs./Quintal,FAQ
Ramkrishanpur(Howrah) APMC,0.55,Metric Tonnes,Sona Mansoori Non Basmati,3300.0,3500.0,3400.0,Rs./Quintal,FAQ
Ramkrishanpur(Howrah) APMC,0.45,Metric Tonnes,Other,3500.0,3700.0,3600.0,Rs./Quintal,FAQ
Ranaghat APMC,10.0,Metric Tonnes,Fine,4600.0,4800.0,4700.0,Rs./Quintal,Local
Sainthia APMC,30.0,Metric Tonnes,Common,3600.0,3800.0,3700.0,Rs./Quintal,FAQ
Samsi APMC,9.0,Metric Tonnes,Fine,5200.0,5400.0,5350.0,Rs./Quintal,FAQ
Sheoraphuly APMC,6.0,Metric Tonnes,Masuri,3275.0,3400.0,3350.0,Rs./Quintal,FAQ
Siliguri APMC,270.0,Metric Tonnes,Fine(Basmati),5100.0,5300.0,5200.0,Rs./Quintal,FAQ
Tamluk (Medinipur E) APMC,8.0,Metric Tonnes,Common,3200.0,3400.0,3300.0,Rs./Quintal,FAQ
Tamluk (Medinipur E) APMC,8.0,Metric Tonnes,Fine,4200.0,4400.0,4300.0,Rs./Quintal,FAQ
Toofanganj APMC,15.0,Metric Tonnes,Common,4000.0,4200.0,4100.0,Rs./Quintal,FAQ
Uluberia APMC,0.4,Metric Tonnes,Other,3500.0,3700.0,3600.0,Rs./Quintal,FAQ
Uluberia APMC,0.5,Metric Tonnes,Sona Mansoori Non Basmati,3300.0,3500.0,3400.0,Rs./Quintal,FAQ
Total,1134.34,Metric Tonnes,,,,4294.5,Rs./Quintal,
Grand Total,6839.69,Metric Tonnes,,,,4358.13,Rs./Quintal,
Wheat (MSP: Rs. 2585.00/Quintal)
State/UT Name : Bihar
Barbigha APMC,15.0,Metric Tonnes,147 Average,2500.0,2680.0,2580.0,Rs./Quintal,FAQ
Shekhpura APMC,15.0,Metric Tonnes,147 Average,2500.0,2680.0,2580.0,Rs./Quintal,FAQ
Total,30.0,Metric Tonnes,,,,2580.0,Rs./Quintal,
State/UT Name : Chattisgarh
Bhatapara APMC,2.3,Metric Tonnes,Local,2400.0,2682.0,2638.0,Rs./Quintal,Non-FAQ
Mungeli APMC,0.2,Metric Tonnes,Local,2590.0,2590.0,2590.0,Rs./Quintal,FAQ
Pathalgaon APMC,1.0,Metric Tonnes,Hybrid,2100.0,2100.0,2100.0,Rs./Quintal,Non-FAQ
Ramanujganj APMC,5.0,Metric Tonnes,GW 273,2430.0,2430.0,2430.0,Rs./Quintal,FAQ
Total,8.5,Metric Tonnes,,,,2451.22,Rs./Quintal,
State/UT Name : Gujarat
APMC HALVAD,18.400000000000002,Metric Tonnes,Other,2450.0,2890.0,2800.0,Rs./Quintal,Local
Bhesan APMC,2.0,Metric Tonnes,Other,2000.0,2750.0,2500.0,Rs./Quintal,FAQ
Bhiloda APMC,16.5,Metric Tonnes,Other,2700.0,2940.0,2820.0,Rs./Quintal,FAQ
Botad APMC,46.900000000000006,Metric Tonnes,Local,2520.0,2850.0,2700.0,Rs./Quintal,Local
Chotila APMC,6.300000000000001,Metric Tonnes,Local,2500.0,2850.0,2725.0,Rs./Quintal,FAQ
Dahod APMC,64.2,Metric Tonnes,147 Average,2850.0,2925.0,2895.0,Rs./Quintal,Local
Deesa APMC,8.1,Metric Tonnes,Other,2670.0,2800.0,2725.0,Rs./Quintal,FAQ
Dehgam APMC,4.0,Metric Tonnes,Other,2700.0,2745.0,2722.0,Rs./Quintal,FAQ
Dehgam(Rekhiyal) APMC,0.7000000000000001,Metric Tonnes,Other,2650.0,2725.0,2687.0,Rs./Quintal,FAQ
Dhanera APMC,0.2,Metric Tonnes,Other,2600.0,2715.0,2640.0,Rs./Quintal,Local
Dhari APMC,1.227,Metric Tonnes,Lokwan,2555.0,2700.0,2580.0,Rs./Quintal,FAQ
Diyodar APMC,1.9000000000000001,Metric Tonnes,Other,2500.0,2800.0,2650.0,Rs./Quintal,Local
Harij APMC,7.5,Metric Tonnes,Other,2275.0,2775.0,2575.0,Rs./Quintal,Local
Himatnagar APMC,35.6,Metric Tonnes,Sonalika,2700.0,2955.0,2800.0,Rs./Quintal,Local
Idar APMC,32.7,Metric Tonnes,Other,2705.0,3140.0,2825.0,Rs./Quintal,Local
Jhalod APMC,2.0,Metric Tonnes,Lok-1,2625.0,2625.0,2625.0,Rs./Quintal,Local
Kadi APMC,27.5,Metric Tonnes,Other,2650.0,3090.0,2850.0,Rs./Quintal,FAQ
Kalol APMC,6.0,Metric Tonnes,Other,2700.0,2850.0,2750.0,Rs./Quintal,Local
Khambhat(Grain Market) APMC,5.0,Metric Tonnes,Other,2000.0,2650.0,2250.0,Rs./Quintal,Local
Mansa APMC,5.0,Metric Tonnes,Local,2675.0,2870.0,2750.0,Rs./Quintal,Local
Mehsana APMC,4.5,Metric Tonnes,Local,2550.0,2890.0,2725.0,Rs./Quintal,Local
Mehsana(Jornang) APMC,0.30000000000000004,Metric Tonnes,Other,2550.0,2550.0,2550.0,Rs./Quintal,Local
Modasa APMC,7.5,Metric Tonnes,Lokwan Gujrat,2650.0,2775.0,2775.0,Rs./Quintal,FAQ
Modasa(Tintoi) APMC,4.5,Metric Tonnes,Lokwan,2550.0,2675.0,2675.0,Rs./Quintal,FAQ
Morbi APMC,20.8,Metric Tonnes,Other,2555.0,2925.0,2740.0,Rs./Quintal,FAQ
Morva Hafad APMC,0.4,Metric Tonnes,Deshi,2250.0,2400.0,2325.0,Rs./Quintal,Local
Palanpur APMC,1.09,Metric Tonnes,Deshi,2827.5,2827.5,2827.5,Rs./Quintal,Local
Panthawada APMC,16.0,Metric Tonnes,Local,2680.0,2680.0,2680.0,Rs./Quintal,Local
Patan APMC,53.105,Metric Tonnes,Other,2550.0,2835.0,2700.0,Rs./Quintal,FAQ
Porbandar APMC,0.1,Metric Tonnes,Deshi,2750.0,2750.0,2750.0,Rs./Quintal,FAQ
Radhanpur APMC,7.2,Metric Tonnes,Other,2550.0,2850.0,2675.0,Rs./Quintal,Local
Rajula APMC,4.800000000000001,Metric Tonnes,PISSI,2500.0,3050.0,2775.0,Rs./Quintal,Local
Sanad APMC,15.0,Metric Tonnes,Sharbati,2614.0,2614.0,2614.0,Rs./Quintal,FAQ
Savarkundla APMC,5.2,Metric Tonnes,Lokwan,2500.0,2900.0,2750.0,Rs./Quintal,Local
Siddhpur APMC,24.130000000000003,Metric Tonnes,Hybrid,2685.0,3000.0,2842.0,Rs./Quintal,FAQ
Talod APMC,1.22,Metric Tonnes,Other,2500.0,2890.0,2695.0,Rs./Quintal,FAQ
Thara APMC,4.800000000000001,Metric Tonnes,Other,2550.0,2640.0,2595.0,Rs./Quintal,FAQ
Thara(Shihori) APMC,0.30000000000000004,Metric Tonnes,Other,2380.0,2430.0,2405.0,Rs./Quintal,FAQ
Tharad APMC,6.1000000000000005,Metric Tonnes,Other,2630.0,2685.0,2657.0,Rs./Quintal,Local
Vadali APMC,10.0,Metric Tonnes,Other,2700.0,2800.0,2750.0,Rs./Quintal,FAQ
Vadgam APMC,1.3,Metric Tonnes,Other,2645.0,3005.0,2675.0,Rs./Quintal,FAQ
Vankaner APMC,55.0,Metric Tonnes,Lokwan,2450.0,2855.0,2810.0,Rs./Quintal,FAQ
Veraval APMC,1.8,Metric Tonnes,Medium Fine,2405.0,2705.0,2550.0,Rs./Quintal,FAQ
Vijapur APMC,7.0,Metric Tonnes,Local,2625.0,2720.0,2705.0,Rs./Quintal,Grade Range-1
Vijapur(Gojjariya) APMC,1.5,Metric Tonnes,Other,2750.0,3000.0,2825.0,Rs./Quintal,Grade Range-1
Vijapur(Kukarvada) APMC,2.0,Metric Tonnes,Other,2675.0,2905.0,2775.0,Rs./Quintal,Grade Range-1
Viramgam APMC,3.0,Metric Tonnes,Other,2605.0,2635.0,2620.0,Rs./Quintal,Local
Visnagar APMC,29.200000000000003,Metric Tonnes,Other,2590.0,2895.0,2742.0,Rs./Quintal,Local
Total,579.57,Metric Tonnes,,,,2761.17,Rs./Quintal,
State/UT Name : Karnataka
Bengaluru APMC,49.1,Metric Tonnes,Local,3500.0,4500.0,4000.0,Rs./Quintal,FAQ
Challakere APMC,9.0,Metric Tonnes,Other,2200.0,2200.0,2200.0,Rs./Quintal,Local
Davangere APMC,0.5,Metric Tonnes,Medium,2200.0,2200.0,2200.0,Rs./Quintal,Local
Honnali APMC,6.5,Metric Tonnes,Medium,2570.0,2570.0,2570.0,Rs./Quintal,FAQ
Hungund APMC,15.200000000000001,Metric Tonnes,Local,3200.0,3200.0,3200.0,Rs./Quintal,FAQ
Vijayapura APMC,30.8,Metric Tonnes,Sona,2340.0,2800.0,2560.0,Rs./Quintal,Local
Total,111.1,Metric Tonnes,,,,3253.76,Rs./Quintal,
State/UT Name : Madhya Pradesh
A lot APMC,160.112,Metric Tonnes,Wheat,2452.0,2667.0,2611.0,Rs./Quintal,FAQ
Ajaygarh APMC,62.89,Metric Tonnes,Mill Quality,2560.0,2620.0,2600.0,Rs./Quintal,FAQ
Alirajpur APMC,18.6,Metric Tonnes,Wheat,2490.0,2510.0,2490.0,Rs./Quintal,FAQ
Amarpatan APMC,109.856,Metric Tonnes,Mill Quality,2550.0,2592.0,2586.0,Rs./Quintal,FAQ
Amarwda APMC,36.7,Metric Tonnes,Wheat,2450.0,2600.0,2600.0,Rs./Quintal,FAQ
Ambaha APMC,70.7,Metric Tonnes,Wheat,2560.0,2610.0,2580.0,Rs./Quintal,Non-FAQ
Anjad APMC,39.745000000000005,Metric Tonnes,Wheat,2500.0,2610.0,2600.0,Rs./Quintal,FAQ
Aron APMC,119.59000000000002,Metric Tonnes,Wheat,2501.0,5920.0,2670.0,Rs./Quintal,FAQ
Aron APMC,1.08,Metric Tonnes,Wheat Mix,2800.0,2800.0,2800.0,Rs./Quintal,FAQ
Aron APMC,0.519,Metric Tonnes,Sharbati,3490.0,3490.0,3490.0,Rs./Quintal,FAQ
Ashoknagar APMC,297.05,Metric Tonnes,Wheat,2535.0,4800.0,2615.0,Rs./Quintal,FAQ
Babai (Makhan Nagar) APMC,6.25,Metric Tonnes,Mill Quality,2500.0,2600.0,2600.0,Rs./Quintal,FAQ
Badamalhera APMC,1208.4850000000001,Metric Tonnes,Mill Quality,2500.0,2650.0,2640.0,Rs./Quintal,Non-FAQ
Badarwas APMC,7.767,Metric Tonnes,Sharbati,3800.0,4500.0,4500.0,Rs./Quintal,Non-FAQ
Badarwas APMC,55.441,Metric Tonnes,Wheat,2460.0,4305.0,2500.0,Rs./Quintal,Non-FAQ
Badod APMC,13.854,Metric Tonnes,Wheat,2631.0,2730.0,2730.0,Rs./Quintal,Non-FAQ
Badwaha APMC,12.603000000000002,Metric Tonnes,Wheat,2622.0,2721.0,2696.0,Rs./Quintal,FAQ
Bagli APMC,0.82,Metric Tonnes,Mill Quality,2425.0,2425.0,2425.0,Rs./Quintal,Non-FAQ
Baikunthpur APMC,182.29500000000002,Metric Tonnes,Wheat,2550.0,2600.0,2550.0,Rs./Quintal,Non-FAQ
Baikunthpur APMC,121.604,Metric Tonnes,Mill Quality,2500.0,2680.0,2550.0,Rs./Quintal,Non-FAQ
Baktara APMC,8.25,Metric Tonnes,Mill Quality,2625.0,2625.0,2625.0,Rs./Quintal,FAQ
Bamora APMC,43.534,Metric Tonnes,Mill Quality,2650.0,3000.0,2680.0,Rs./Quintal,FAQ
Banda APMC,29.102,Metric Tonnes,Wheat,2540.0,2610.0,2610.0,Rs./Quintal,Non-FAQ
Banda APMC,44.730000000000004,Metric Tonnes,Wheat,2530.0,2615.0,2605.0,Rs./Quintal,FAQ
Barad APMC,7.5920000000000005,Metric Tonnes,Wheat,2570.0,2600.0,2600.0,Rs./Quintal,FAQ
Bareli APMC,18.251,Metric Tonnes,Mill Quality,2600.0,2600.0,2600.0,Rs./Quintal,FAQ
Begamganj APMC,9.248000000000001,Metric Tonnes,Wheat,2570.0,2635.0,2635.0,Rs./Quintal,Non-FAQ
Begamganj APMC,16.804,Metric Tonnes,Wheat,2570.0,2635.0,2635.0,Rs./Quintal,FAQ
Beohari APMC,180.42600000000002,Metric Tonnes,Mill Quality,2475.0,2550.0,2500.0,Rs./Quintal,FAQ
Berasia APMC,40.824000000000005,Metric Tonnes,Mill Quality,2580.0,2801.0,2600.0,Rs./Quintal,FAQ
Berasia APMC,0.1,Metric Tonnes,Wheat,1250.0,1250.0,1250.0,Rs./Quintal,Non-FAQ
Berasia APMC,225.654,Metric Tonnes,Wheat,1400.0,3036.0,2600.0,Rs./Quintal,FAQ
Bhander APMC,68.54400000000001,Metric Tonnes,Mill Quality,2571.0,2663.0,2660.0,Rs./Quintal,FAQ
Bhanpura APMC,16.930000000000003,Metric Tonnes,Mill Quality,2500.0,2650.0,2650.0,Rs./Quintal,FAQ
Bhikangaon APMC,86.98700000000001,Metric Tonnes,Wheat,2558.0,2779.0,2746.0,Rs./Quintal,FAQ
Bhind APMC,63.5,Metric Tonnes,Wheat,2610.0,2632.0,2625.0,Rs./Quintal,FAQ
Bhind APMC,181.10000000000002,Metric Tonnes,Wheat,2547.0,2660.0,2635.0,Rs./Quintal,Non-FAQ
Bhitarwar APMC,44.68000000000001,Metric Tonnes,Mill Quality,2600.0,2620.0,2620.0,Rs./Quintal,Non-FAQ
Bhopal APMC,1.235,Metric Tonnes,Wheat,2675.0,2675.0,2675.0,Rs./Quintal,FAQ
Bijawar APMC,108.14500000000001,Metric Tonnes,Mill Quality,2620.0,2655.0,2650.0,Rs./Quintal,Non-FAQ
Bina APMC,158.495,Metric Tonnes,Wheat,2500.0,4900.0,2600.0,Rs./Quintal,FAQ
Burhanpur APMC,0.927,Metric Tonnes,Wheat,2656.0,2712.0,2712.0,Rs./Quintal,Non-FAQ
Burhanpur APMC,17.23,Metric Tonnes,Wheat,2410.0,2601.0,2601.0,Rs./Quintal,FAQ
Chaakghat APMC,3.0,Metric Tonnes,Wheat,2550.0,2550.0,2550.0,Rs./Quintal,FAQ
Chaakghat APMC,7.5,Metric Tonnes,Mill Quality,2580.0,2600.0,2600.0,Rs./Quintal,FAQ
Chanderi APMC,30.326,Metric Tonnes,Wheat,2551.0,2645.0,2645.0,Rs./Quintal,Non-FAQ
Chaurai APMC,6.0,Metric Tonnes,Mill Quality,2695.0,2715.0,2715.0,Rs./Quintal,FAQ
Chhatarpur APMC,493.315,Metric Tonnes,Mill Quality,2600.0,2630.0,2610.0,Rs./Quintal,Non-FAQ
Chhindwara APMC,89.659,Metric Tonnes,Wheat,2638.0,3100.0,2650.0,Rs./Quintal,FAQ
Chhpara APMC,75.34,Metric Tonnes,Wheat,2500.0,2615.0,2600.0,Rs./Quintal,Non-FAQ
Dabra APMC,27.97,Metric Tonnes,Other,2561.0,2640.0,2625.0,Rs./Quintal,FAQ
Dabra APMC,48.185,Metric Tonnes,Wheat,2605.0,2680.0,2680.0,Rs./Quintal,FAQ
Daloda APMC,208.10500000000002,Metric Tonnes,Wheat,2400.0,3072.0,2700.0,Rs./Quintal,FAQ
Damoh APMC,134.383,Metric Tonnes,Wheat,2490.0,2620.0,2550.0,Rs./Quintal,Non-FAQ
Damoh APMC,3.53,Metric Tonnes,Mill Quality,2550.0,2550.0,2550.0,Rs./Quintal,Non-FAQ
Datia APMC,233.775,Metric Tonnes,Mill Quality,2550.0,2646.0,2611.0,Rs./Quintal,FAQ
Deori APMC,101.26,Metric Tonnes,Wheat,2555.0,2640.0,2630.0,Rs./Quintal,FAQ
Deori APMC,12.700000000000001,Metric Tonnes,Mill Quality,2590.0,2610.0,2610.0,Rs./Quintal,Non-FAQ
Devandranagar APMC,69.45,Metric Tonnes,Wheat,2490.0,2550.0,2520.0,Rs./Quintal,Non-FAQ
Dewas APMC,21.015,Metric Tonnes,Wheat,2500.0,2711.0,2625.0,Rs./Quintal,FAQ
Dhamnod APMC,13.287,Metric Tonnes,Wheat,2690.0,2766.0,2766.0,Rs./Quintal,FAQ
Dhar APMC,276.66,Metric Tonnes,Wheat,2400.0,2972.0,2714.0,Rs./Quintal,FAQ
Dhar APMC,3.3000000000000003,Metric Tonnes,Lokwan,2700.0,2700.0,2700.0,Rs./Quintal,FAQ
Dindori APMC,47.075,Metric Tonnes,Local,2450.0,2550.0,2500.0,Rs./Quintal,Non-FAQ
Gadakota APMC,184.366,Metric Tonnes,Wheat,2535.0,2650.0,2650.0,Rs./Quintal,FAQ
Gadarwada APMC,3.5700000000000003,Metric Tonnes,Mill Quality,3050.0,3050.0,3050.0,Rs./Quintal,FAQ
Gairatganj APMC,6.0,Metric Tonnes,Wheat,2556.0,2556.0,2556.0,Rs./Quintal,FAQ
Gairatganj APMC,33.1,Metric Tonnes,Wheat,2511.0,2561.0,2561.0,Rs./Quintal,Non-FAQ
Gandhwani APMC,131.925,Metric Tonnes,Wheat,2600.0,2770.0,2700.0,Rs./Quintal,FAQ
Gautampura APMC,10.055,Metric Tonnes,Wheat,2500.0,2510.0,2510.0,Rs./Quintal,FAQ
Gautampura APMC,4.0,Metric Tonnes,Mill Quality,2525.0,2525.0,2525.0,Rs./Quintal,Non-FAQ
Ghansour APMC,202.49,Metric Tonnes,Mill Quality,2300.0,2500.0,2400.0,Rs./Quintal,FAQ
Gohad APMC,27.09,Metric Tonnes,Wheat,2600.0,2630.0,2620.0,Rs./Quintal,FAQ
Gohad APMC,20.0,Metric Tonnes,Wheat,2550.0,2550.0,2550.0,Rs./Quintal,Non-FAQ
Gorakhpur APMC,51.300000000000004,Metric Tonnes,Mill Quality,2200.0,2500.0,2400.0,Rs./Quintal,FAQ
Gorakhpur APMC,8.9,Metric Tonnes,Mill Quality,2525.0,2550.0,2550.0,Rs./Quintal,Non-FAQ
Gotegaon APMC,108.2,Metric Tonnes,Wheat,2600.0,2690.0,2685.0,Rs./Quintal,FAQ
Guna APMC,1035.516,Metric Tonnes,Wheat,2360.0,6150.0,2600.0,Rs./Quintal,FAQ
Hanumana APMC,67.3,Metric Tonnes,Mill Quality,2400.0,2400.0,2400.0,Rs./Quintal,FAQ
Harpalpur APMC,128.624,Metric Tonnes,Wheat,2650.0,2700.0,2700.0,Rs./Quintal,FAQ
Hata APMC,214.606,Metric Tonnes,Wheat,2300.0,2500.0,2400.0,Rs./Quintal,Non-FAQ
Indore APMC,126.80000000000001,Metric Tonnes,Wheat,2620.0,2665.0,2620.0,Rs./Quintal,FAQ
Indore APMC,1.8399999999999999,Metric Tonnes,Malwa Shakti,2700.0,2700.0,2700.0,Rs./Quintal,Non-FAQ
Isagarh APMC,3.661,Metric Tonnes,Wheat,2640.0,3330.0,3330.0,Rs./Quintal,FAQ
Itarsi APMC,120.89000000000001,Metric Tonnes,Wheat,2640.0,2717.0,2699.0,Rs./Quintal,FAQ
Jaisinagar APMC,75.19500000000001,Metric Tonnes,Mill Quality,2490.0,2625.0,2600.0,Rs./Quintal,FAQ
Jaithari APMC,2.04,Metric Tonnes,Wheat Mix,2410.0,2410.0,2410.0,Rs./Quintal,FAQ
Jaora APMC,828.509,Metric Tonnes,Wheat,2250.0,3260.0,2900.0,Rs./Quintal,FAQ
Jatara APMC,48.607,Metric Tonnes,Mill Quality,2545.0,2570.0,2570.0,Rs./Quintal,Non-FAQ
Jatara APMC,201.954,Metric Tonnes,Wheat,2520.0,2550.0,2540.0,Rs./Quintal,Non-FAQ
Javad APMC,77.863,Metric Tonnes,Wheat,2428.0,2600.0,2496.0,Rs./Quintal,FAQ
Javera APMC,53.184000000000005,Metric Tonnes,Wheat,2530.0,2571.0,2560.0,Rs./Quintal,Non-FAQ
Javera APMC,21.979,Metric Tonnes,Mill Quality,2575.0,2605.0,2605.0,Rs./Quintal,Non-FAQ
Jhabua APMC,16.059,Metric Tonnes,Wheat,2920.0,3015.0,3015.0,Rs./Quintal,FAQ
Jhabua(F&V) APMC,16.059,Metric Tonnes,Wheat,2920.0,3015.0,2968.0,Rs./Quintal,Local
Jobat APMC,9.540000000000001,Metric Tonnes,Wheat,2550.0,2575.0,2575.0,Rs./Quintal,FAQ
Jora APMC,38.400000000000006,Metric Tonnes,Mill Quality,2500.0,2550.0,2550.0,Rs./Quintal,Non-FAQ
Kailaras APMC,26.308,Metric Tonnes,Wheat,2600.0,2621.0,2610.0,Rs./Quintal,FAQ
Kareli APMC,17.82,Metric Tonnes,Wheat,2635.0,2701.0,2650.0,Rs./Quintal,FAQ
Karera APMC,70.3,Metric Tonnes,Mill Quality,2550.0,2612.0,2600.0,Rs./Quintal,FAQ
Karera APMC,352.125,Metric Tonnes,Wheat,2380.0,2640.0,2600.0,Rs./Quintal,FAQ
Karhi APMC,10.938,Metric Tonnes,Wheat,2505.0,2700.0,2700.0,Rs./Quintal,FAQ
Kasrawad APMC,239.10500000000002,Metric Tonnes,Wheat,2610.0,2850.0,2675.0,Rs./Quintal,FAQ
Katni APMC,4.4,Metric Tonnes,Wheat,2500.0,2500.0,2500.0,Rs./Quintal,FAQ
Katni APMC,500.832,Metric Tonnes,Mill Quality,2400.0,2725.0,2400.0,Rs./Quintal,FAQ
Kesli APMC,86.555,Metric Tonnes,Wheat,2590.0,2650.0,2650.0,Rs./Quintal,FAQ
Khachrod APMC,18.469,Metric Tonnes,Wheat,2500.0,2710.0,2651.0,Rs./Quintal,FAQ
Khandwa APMC,72.15,Metric Tonnes,Wheat,2640.0,2800.0,2750.0,Rs./Quintal,FAQ
Khandwa APMC,177.987,Metric Tonnes,Mill Quality,2530.0,2825.0,2790.0,Rs./Quintal,FAQ
Khaniadhana APMC,244.10000000000002,Metric Tonnes,Mill Quality,2405.0,2582.0,2455.0,Rs./Quintal,FAQ
Khaniadhana APMC,37.5,Metric Tonnes,Mill Quality,2525.0,2537.0,2537.0,Rs./Quintal,Non-FAQ
Khargapur APMC,247.002,Metric Tonnes,Mill Quality,2559.0,2605.0,2600.0,Rs./Quintal,FAQ
Khargone APMC,309.106,Metric Tonnes,Wheat,2525.0,2866.0,2630.0,Rs./Quintal,FAQ
Khatora APMC,24.430000000000003,Metric Tonnes,Wheat,2540.0,2625.0,2580.0,Rs./Quintal,FAQ
Khilchipur APMC,158.42700000000002,Metric Tonnes,Mill Quality,2540.0,2656.0,2625.0,Rs./Quintal,FAQ
Khilchipur APMC,0.124,Metric Tonnes,Local,2575.0,2575.0,2575.0,Rs./Quintal,FAQ
Khurai APMC,26.241000000000003,Metric Tonnes,Wheat,2625.0,2655.0,2655.0,Rs./Quintal,FAQ
Kolaras APMC,23.419,Metric Tonnes,Wheat,2000.0,2635.0,2625.0,Rs./Quintal,Non-FAQ
Kolaras APMC,21.163,Metric Tonnes,Wheat,2590.0,2650.0,2615.0,Rs./Quintal,FAQ
Krishi Upaj Mandi Samiti Bichhiya,10.068000000000001,Metric Tonnes,Wheat,2555.0,2565.0,2565.0,Rs./Quintal,Non-FAQ
Kukshi APMC,105.72000000000001,Metric Tonnes,Wheat,2475.0,2775.0,2700.0,Rs./Quintal,FAQ
Kukshi APMC,7.090000000000001,Metric Tonnes,Lokwan,2580.0,2600.0,2600.0,Rs./Quintal,FAQ
Lahar APMC,110.2,Metric Tonnes,Wheat,2603.0,2635.0,2620.0,Rs./Quintal,FAQ
Lakhnadon APMC,30.04,Metric Tonnes,Local,2304.0,2455.0,2455.0,Rs./Quintal,FAQ
Lashkar APMC,2.5,Metric Tonnes,Wheat,2305.0,2305.0,2305.0,Rs./Quintal,Non-FAQ
Lashkar APMC,38.46000000000001,Metric Tonnes,Wheat,2615.0,2720.0,2660.0,Rs./Quintal,FAQ
Lateri APMC,10.012,Metric Tonnes,Wheat,2555.0,2555.0,2555.0,Rs./Quintal,Non-FAQ
LavKush Nagar(Laundi) APMC,10.111,Metric Tonnes,Mill Quality,2435.0,2445.0,2445.0,Rs./Quintal,FAQ
LavKush Nagar(Laundi) APMC,24.400000000000002,Metric Tonnes,Mill Quality,2400.0,2500.0,2400.0,Rs./Quintal,Non-FAQ
Magroni APMC,85.93,Metric Tonnes,Wheat,2542.0,2640.0,2569.0,Rs./Quintal,FAQ
Mahidpur APMC,65.99600000000001,Metric Tonnes,Wheat,2315.0,2821.0,2713.0,Rs./Quintal,FAQ
Mahidpur APMC,8.897,Metric Tonnes,Wheat,2285.0,2610.0,2610.0,Rs./Quintal,Non-FAQ
Maihar APMC,301.13000000000005,Metric Tonnes,Local,2580.0,2630.0,2615.0,Rs./Quintal,Non-FAQ
Maihar APMC,68.39500000000001,Metric Tonnes,Local,2620.0,2635.0,2630.0,Rs./Quintal,FAQ
Malthone APMC,72.7,Metric Tonnes,Wheat,2480.0,2515.0,2500.0,Rs./Quintal,FAQ
Manasa APMC,173.841,Metric Tonnes,Wheat,2000.0,2971.0,2660.0,Rs./Quintal,FAQ
Manawar APMC,332.56500000000005,Metric Tonnes,Wheat,2409.0,2732.0,2710.0,Rs./Quintal,FAQ
Mandla APMC,7.6000000000000005,Metric Tonnes,Local,2600.0,2600.0,2600.0,Rs./Quintal,Non-FAQ
Mandsaur APMC,494.4770000000001,Metric Tonnes,Wheat,2110.0,3000.0,2752.0,Rs./Quintal,Non-FAQ
Mandsaur APMC,29.581000000000003,Metric Tonnes,Lokwan,2622.0,2754.0,2700.0,Rs./Quintal,Non-FAQ
Mandsaur APMC,2.664,Metric Tonnes,Lokwan,2632.0,2733.0,2733.0,Rs./Quintal,FAQ
Mandsaur APMC,6.042000000000001,Metric Tonnes,Malwa Shakti,2620.0,2710.0,2710.0,Rs./Quintal,Non-FAQ
Mandsaur APMC,12.777000000000001,Metric Tonnes,Wheat,2421.0,2901.0,2901.0,Rs./Quintal,FAQ
Mandsaur APMC,0.9039999999999999,Metric Tonnes,Malwa Shakti,2561.0,2561.0,2561.0,Rs./Quintal,FAQ
Mehgaon APMC,6.04,Metric Tonnes,Wheat,2500.0,2515.0,2515.0,Rs./Quintal,FAQ
Morena APMC,80.087,Metric Tonnes,Wheat,2615.0,2658.0,2650.0,Rs./Quintal,Non-FAQ
Mow APMC,19.406000000000002,Metric Tonnes,Wheat,2505.0,2560.0,2510.0,Rs./Quintal,Non-FAQ
Mundi APMC,140.781,Metric Tonnes,Wheat,2640.0,2705.0,2670.0,Rs./Quintal,FAQ
Mungawali APMC,57.33,Metric Tonnes,Wheat,2500.0,2620.0,2620.0,Rs./Quintal,Non-FAQ
Nagda APMC,7.504000000000001,Metric Tonnes,Wheat,2490.0,2710.0,2710.0,Rs./Quintal,Non-FAQ
Nagda APMC,28.085000000000004,Metric Tonnes,Wheat,2580.0,2705.0,2670.0,Rs./Quintal,FAQ
Nagod APMC,58.720000000000006,Metric Tonnes,Mill Quality,2550.0,2600.0,2595.0,Rs./Quintal,FAQ
Nagod APMC,262.74,Metric Tonnes,Wheat,2500.0,2611.0,2540.0,Rs./Quintal,FAQ
Nalkheda APMC,1.8850000000000002,Metric Tonnes,Wheat,2650.0,2650.0,2650.0,Rs./Quintal,FAQ
Narsinghpur APMC,24.05,Metric Tonnes,Mill Quality,2618.0,2674.0,2646.0,Rs./Quintal,FAQ
Narsinghpur APMC,74.855,Metric Tonnes,Mill Quality,2581.0,2667.0,2626.0,Rs./Quintal,Non-FAQ
Naugaon APMC,306.262,Metric Tonnes,Wheat,2590.0,2730.0,2600.0,Rs./Quintal,Non-FAQ
Neemuch APMC,633.2270000000001,Metric Tonnes,Wheat,2581.0,3100.0,2900.0,Rs./Quintal,FAQ
Niwadi APMC,6.48,Metric Tonnes,Mill Quality,2605.0,2613.0,2613.0,Rs./Quintal,FAQ
Niwadi APMC,351.47600000000006,Metric Tonnes,Mill Quality,2550.0,2640.0,2620.0,Rs./Quintal,Non-FAQ
Obedullaganj APMC,9.211,Metric Tonnes,Malwa Shakti,2625.0,2674.0,2625.0,Rs./Quintal,FAQ
Obedullaganj APMC,18.275000000000002,Metric Tonnes,Wheat,2550.0,2550.0,2550.0,Rs./Quintal,FAQ
Obedullaganj APMC,75.319,Metric Tonnes,Local,2600.0,2811.0,2700.0,Rs./Quintal,FAQ
Paatan APMC,87.113,Metric Tonnes,Wheat,2570.0,2785.0,2650.0,Rs./Quintal,Non-FAQ
Paatan APMC,23.991,Metric Tonnes,Wheat,2640.0,2675.0,2645.0,Rs./Quintal,FAQ
Palari APMC,22.0,Metric Tonnes,Wheat,2480.0,2500.0,2480.0,Rs./Quintal,Non-FAQ
Palera APMC,74.7,Metric Tonnes,Mill Quality,2560.0,2590.0,2580.0,Rs./Quintal,Non-FAQ
Pandhana APMC,73.125,Metric Tonnes,Wheat,2460.0,2690.0,2690.0,Rs./Quintal,FAQ
Panna APMC,147.603,Metric Tonnes,Mill Quality,2515.0,2600.0,2575.0,Rs./Quintal,FAQ
Panna APMC,88.35900000000001,Metric Tonnes,Mill Quality,2485.0,2515.0,2515.0,Rs./Quintal,Non-FAQ
Patharia APMC,50.52,Metric Tonnes,Wheat,2500.0,2642.0,2642.0,Rs./Quintal,FAQ
Pawai APMC,3.8000000000000003,Metric Tonnes,Wheat,2610.0,2610.0,2610.0,Rs./Quintal,Non-FAQ
Petlawad APMC,63.179,Metric Tonnes,Wheat,2211.0,2741.0,2650.0,Rs./Quintal,FAQ
Pichhour APMC,465.8,Metric Tonnes,Mill Quality,2510.0,2595.0,2545.0,Rs./Quintal,Non-FAQ
Pichhour APMC,140.725,Metric Tonnes,Wheat,2495.0,2531.0,2522.0,Rs./Quintal,Non-FAQ
Pipariya APMC,578.245,Metric Tonnes,Wheat,2020.0,2724.0,2700.0,Rs./Quintal,FAQ
Piplya APMC,49.758,Metric Tonnes,Wheat,2200.0,2842.0,2741.0,Rs./Quintal,FAQ
Piplya APMC,19.26,Metric Tonnes,Lokwan,2650.0,2790.0,2700.0,Rs./Quintal,FAQ
Piprai APMC,1.6500000000000001,Metric Tonnes,Wheat,2560.0,2560.0,2560.0,Rs./Quintal,FAQ
Pohari APMC,1.32,Metric Tonnes,Mill Quality,2500.0,2500.0,2500.0,Rs./Quintal,Non-FAQ
Pohari APMC,1.304,Metric Tonnes,Wheat,2530.0,2565.0,2565.0,Rs./Quintal,Non-FAQ
Porsa APMC,30.09,Metric Tonnes,Wheat,2620.0,2635.0,2635.0,Rs./Quintal,FAQ
Prithvipur APMC,500.0,Metric Tonnes,Mill Quality,2542.0,2605.0,2565.0,Rs./Quintal,Non-FAQ
Raghogarh APMC,22.602000000000004,Metric Tonnes,Wheat,2525.0,2595.0,2595.0,Rs./Quintal,FAQ
Rahatgarh APMC,47.105000000000004,Metric Tonnes,Mill Quality,2550.0,2650.0,2650.0,Rs./Quintal,Non-FAQ
Raisen APMC,0.7400000000000001,Metric Tonnes,Wheat,2611.0,2691.0,2691.0,Rs./Quintal,FAQ
Rajgarh APMC,106.929,Metric Tonnes,Wheat,2500.0,2870.0,2770.0,Rs./Quintal,FAQ
Rajnagar APMC,616.6,Metric Tonnes,Mill Quality,2390.0,2500.0,2480.0,Rs./Quintal,FAQ
Rannod APMC,3.5500000000000003,Metric Tonnes,Wheat,2301.0,2301.0,2301.0,Rs./Quintal,FAQ
Ratlam APMC,528.947,Metric Tonnes,Wheat,2401.0,3425.0,2630.0,Rs./Quintal,FAQ
Ratlam APMC,0.31600000000000006,Metric Tonnes,Sharbati,2699.0,2699.0,2699.0,Rs./Quintal,FAQ
Ratlam APMC,12.929,Metric Tonnes,Lokwan,2837.0,2871.0,2871.0,Rs./Quintal,FAQ
Rehli APMC,122.59700000000001,Metric Tonnes,Wheat,2600.0,2633.0,2610.0,Rs./Quintal,Non-FAQ
Rewa APMC,0.5,Metric Tonnes,Mill Quality,2612.0,2612.0,2612.0,Rs./Quintal,Non-FAQ
Rewa APMC,325.485,Metric Tonnes,Mill Quality,2475.0,2670.0,2650.0,Rs./Quintal,FAQ
Sabalgarh APMC,14.9,Metric Tonnes,Mill Quality,2550.0,2604.0,2603.0,Rs./Quintal,Non-FAQ
Sagar APMC,375.15100000000007,Metric Tonnes,Wheat,2400.0,3855.0,2620.0,Rs./Quintal,FAQ
Sailana APMC,18.641000000000002,Metric Tonnes,Wheat,2440.0,2963.0,2831.0,Rs./Quintal,FAQ
Sanawad APMC,63.163000000000004,Metric Tonnes,Wheat,2550.0,2850.0,2719.0,Rs./Quintal,FAQ
Sanwer APMC,86.02100000000002,Metric Tonnes,Wheat,2625.0,2725.0,2725.0,Rs./Quintal,FAQ
Satna APMC,159.91,Metric Tonnes,Wheat,2200.0,2761.0,2560.0,Rs./Quintal,FAQ
Satna APMC,8.292,Metric Tonnes,Wheat,2500.0,2500.0,2500.0,Rs./Quintal,Non-FAQ
Segaon APMC,20.130000000000003,Metric Tonnes,Mill Quality,2280.0,2395.0,2395.0,Rs./Quintal,FAQ
Segaon APMC,3.5450000000000004,Metric Tonnes,Wheat,2651.0,2651.0,2651.0,Rs./Quintal,FAQ
Semriharchand APMC,10.020000000000001,Metric Tonnes,Mill Quality,2318.0,2644.0,2550.0,Rs./Quintal,FAQ
Seoni APMC,6.300000000000001,Metric Tonnes,Wheat,2611.0,2611.0,2611.0,Rs./Quintal,FAQ
Sevda APMC,13.600000000000001,Metric Tonnes,Mill Quality,2560.0,2596.0,2596.0,Rs./Quintal,Non-FAQ
Sevda APMC,28.1,Metric Tonnes,Mill Quality,2590.0,2658.0,2658.0,Rs./Quintal,FAQ
Shahagarh APMC,76.95,Metric Tonnes,Mill Quality,2550.0,2585.0,2565.0,Rs./Quintal,FAQ
Shahagarh APMC,156.948,Metric Tonnes,Mill Quality,2510.0,2595.0,2530.0,Rs./Quintal,Non-FAQ
Shahdol APMC,6.5,Metric Tonnes,Wheat,2500.0,2500.0,2500.0,Rs./Quintal,FAQ
Shahdol APMC,23.0,Metric Tonnes,Wheat,2400.0,2500.0,2500.0,Rs./Quintal,Non-FAQ
Shahpura Bhitoni (F&V) APMC,34.342000000000006,Metric Tonnes,Mill Quality,2590.0,2655.0,2640.0,Rs./Quintal,FAQ
Shahpura Niwas APMC,71.378,Metric Tonnes,Mill Quality,2350.0,2550.0,2550.0,Rs./Quintal,Non-FAQ
Shahpura Niwas APMC,16.3,Metric Tonnes,Wheat,2432.0,2438.0,2438.0,Rs./Quintal,Non-FAQ
Shajapur APMC,135.158,Metric Tonnes,Wheat,2375.0,2945.0,2700.0,Rs./Quintal,FAQ
Shamgarh APMC,24.080000000000002,Metric Tonnes,Wheat,2542.0,2667.0,2632.0,Rs./Quintal,Non-FAQ
Shamshabad APMC,35.494,Metric Tonnes,Wheat,2550.0,2670.0,2551.0,Rs./Quintal,FAQ
Sheopurbadod APMC,17.290000000000003,Metric Tonnes,Wheat,2616.0,2700.0,2700.0,Rs./Quintal,FAQ
Sheopurkalan APMC,97.18900000000001,Metric Tonnes,Wheat,2595.0,2711.0,2640.0,Rs./Quintal,FAQ
Shivpuri APMC,4.211,Metric Tonnes,Wheat,2480.0,2600.0,2480.0,Rs./Quintal,FAQ
Shyampur APMC,22.708000000000002,Metric Tonnes,Mill Quality,2601.0,2621.0,2621.0,Rs./Quintal,FAQ
Sidhi APMC,15.5,Metric Tonnes,Wheat,2400.0,2410.0,2410.0,Rs./Quintal,Non-FAQ
Sidhi APMC,112.07000000000001,Metric Tonnes,Mill Quality,2300.0,2420.0,2400.0,Rs./Quintal,Non-FAQ
Silvani APMC,7.6000000000000005,Metric Tonnes,Wheat,2640.0,2640.0,2640.0,Rs./Quintal,FAQ
Simariya APMC,30.3,Metric Tonnes,Wheat,2500.0,2550.0,2550.0,Rs./Quintal,Non-FAQ
Singroli APMC,14.75,Metric Tonnes,Wheat,2475.0,2475.0,2475.0,Rs./Quintal,Non-FAQ
Sitamau APMC,19.109,Metric Tonnes,Lokwan,2568.0,2700.0,2571.0,Rs./Quintal,FAQ
Sitamau APMC,54.765,Metric Tonnes,Wheat,2551.0,2806.0,2761.0,Rs./Quintal,FAQ
Susner APMC,121.632,Metric Tonnes,Wheat,2525.0,2726.0,2578.0,Rs./Quintal,Non-FAQ
Taal APMC,67.949,Metric Tonnes,Wheat,2600.0,2875.0,2751.0,Rs./Quintal,FAQ
Tendukheda APMC,8.5,Metric Tonnes,Wheat,2505.0,2550.0,2550.0,Rs./Quintal,FAQ
Thandla APMC,13.280000000000001,Metric Tonnes,Lokwan,2500.0,2600.0,2600.0,Rs./Quintal,FAQ
Thandla APMC,6.840000000000001,Metric Tonnes,Mill Quality,2560.0,2575.0,2575.0,Rs./Quintal,FAQ
Tikamgarh APMC,645.768,Metric Tonnes,Wheat,2460.0,2673.0,2640.0,Rs./Quintal,FAQ
Umariya APMC,1.6,Metric Tonnes,Wheat,2320.0,2350.0,2350.0,Rs./Quintal,FAQ
Umariya APMC,8.81,Metric Tonnes,Mill Quality,2300.0,2302.0,2302.0,Rs./Quintal,Non-FAQ
Umariya APMC,583.4979999999999,Metric Tonnes,Wheat,2403.0,2590.0,2560.0,Rs./Quintal,Non-FAQ
Vidisha APMC,4.486,Metric Tonnes,Lokwan,2887.0,2887.0,2887.0,Rs./Quintal,FAQ
Vidisha APMC,4.347,Metric Tonnes,Local,2887.0,2887.0,2887.0,Rs./Quintal,FAQ
Total,23987.01,Metric Tonnes,,,,2625.66,Rs./Quintal,
State/UT Name : Maharashtra
APMC Achalpur ,15.0,Metric Tonnes,Other,2585.0,2650.0,2600.0,Rs./Quintal,FAQ
APMC Ahilyanagar ,17.0,Metric Tonnes,Other,2750.0,2850.0,2800.0,Rs./Quintal,FAQ
APMC Akola ,25.2,Metric Tonnes,Other,2585.0,2820.0,2675.0,Rs./Quintal,FAQ
APMC Amalner ,20.0,Metric Tonnes,Other,2670.0,2670.0,2670.0,Rs./Quintal,FAQ
APMC Barshi ,0.2,Metric Tonnes,Other,2650.0,2650.0,2650.0,Rs./Quintal,FAQ
APMC Beed ,1.9,Metric Tonnes,Other,2300.0,2524.0,2400.0,Rs./Quintal,Non-FAQ
APMC Bhokar ,0.9,Metric Tonnes,Other,2350.0,2450.0,2400.0,Rs./Quintal,Non-FAQ
APMC Chopda ,3.0,Metric Tonnes,Other,2740.0,2740.0,2740.0,Rs./Quintal,FAQ
APMC Deoulgaon Raja ,2.1,Metric Tonnes,Other,2600.0,2651.0,2611.0,Rs./Quintal,FAQ
APMC Devala ,0.1,Metric Tonnes,Maharashtra 2189,2635.0,2635.0,2635.0,Rs./Quintal,FAQ
APMC Dondaicha ,3.8,Metric Tonnes,Other,1800.0,2550.0,2300.0,Rs./Quintal,Non-FAQ
APMC Dondaicha ,26.1,Metric Tonnes,Other,2600.0,2836.0,2701.0,Rs./Quintal,FAQ
APMC Dudhani ,1.5,Metric Tonnes,Maharashtra 2189,2600.0,2695.0,2695.0,Rs./Quintal,FAQ
APMC Jafrabad,6.0,Metric Tonnes,Other,2200.0,2400.0,2300.0,Rs./Quintal,Non-FAQ
APMC Jalana ,49.8,Metric Tonnes,Other,2750.0,2875.0,2750.0,Rs./Quintal,FAQ
APMC Jalana ,0.7,Metric Tonnes,Other,2400.0,2400.0,2400.0,Rs./Quintal,Non-FAQ
APMC Jalgaon ,0.1,Metric Tonnes,147 Average,2550.0,2550.0,2550.0,Rs./Quintal,Non-FAQ
APMC Jamkhed ,9.6,Metric Tonnes,Other,2400.0,2550.0,2475.0,Rs./Quintal,Non-FAQ
APMC Kada ,3.3,Metric Tonnes,Other,2600.0,3000.0,2800.0,Rs./Quintal,FAQ
APMC Kandhar ,0.5,Metric Tonnes,Other,2020.0,2500.0,2430.0,Rs./Quintal,Non-FAQ
APMC Karanja ,5.0,Metric Tonnes,Other,2720.0,2790.0,2740.0,Rs./Quintal,FAQ
APMC Karjat ,0.5,Metric Tonnes,Other,2800.0,2800.0,2800.0,Rs./Quintal,FAQ
APMC Karjat ,0.9,Metric Tonnes,Other,2200.0,2500.0,2400.0,Rs./Quintal,Non-FAQ
APMC Karmala ,0.8,Metric Tonnes,Other,2701.0,2800.0,2800.0,Rs./Quintal,FAQ
APMC Karmala ,0.1,Metric Tonnes,Other,2300.0,2300.0,2300.0,Rs./Quintal,Non-FAQ
APMC Khamgaon ,9.8,Metric Tonnes,Other,2600.0,2650.0,2625.0,Rs./Quintal,FAQ
APMC Khamgaon ,7.7,Metric Tonnes,Other,2400.0,2575.0,2488.0,Rs./Quintal,Non-FAQ
APMC Kille Dharur ,0.8,Metric Tonnes,Other,2401.0,2471.0,2471.0,Rs./Quintal,Non-FAQ
APMC Kopargaon ,7.3,Metric Tonnes,Other,2720.0,2809.0,2767.0,Rs./Quintal,FAQ
APMC Lasalgaon ,20.1,Metric Tonnes,Maharashtra 2189,2585.0,2900.0,2761.0,Rs./Quintal,FAQ
APMC Lasalgaon ,4.9,Metric Tonnes,Maharashtra 2189,2400.0,2580.0,2450.0,Rs./Quintal,Non-FAQ
APMC Lasur Station ,12.0,Metric Tonnes,Other,2710.0,2895.0,2800.0,Rs./Quintal,FAQ
APMC Loha ,1.1,Metric Tonnes,Other,2400.0,2571.0,2566.0,Rs./Quintal,Non-FAQ
APMC Malkapur ,23.4,Metric Tonnes,Other,2675.0,2799.0,2700.0,Rs./Quintal,FAQ
APMC Malkapur ,1.0,Metric Tonnes,Other,2400.0,2400.0,2400.0,Rs./Quintal,Non-FAQ
APMC Mangrulpeer ,2.3,Metric Tonnes,Other,2715.0,2735.0,2720.0,Rs./Quintal,FAQ
APMC Manmad ,3.1,Metric Tonnes,Other,2643.0,2840.0,2690.0,Rs./Quintal,FAQ
APMC Mantha ,0.6,Metric Tonnes,Other,2350.0,2580.0,2401.0,Rs./Quintal,Non-FAQ
APMC Mehekar ,1.0,Metric Tonnes,Other,2200.0,2580.0,2500.0,Rs./Quintal,Non-FAQ
APMC Mumbai ,425.1,Metric Tonnes,Other,2900.0,5500.0,4200.0,Rs./Quintal,FAQ
APMC Nanded ,5.8,Metric Tonnes,Sharbati,2715.0,2775.0,2745.0,Rs./Quintal,FAQ
APMC Nandgaon ,2.6,Metric Tonnes,Maharashtra 2189,2715.0,2885.0,2750.0,Rs./Quintal,FAQ
APMC Nandura ,2.5,Metric Tonnes,Other,2585.0,2690.0,2625.0,Rs./Quintal,FAQ
APMC Nandurbar ,6.5,Metric Tonnes,Other,2585.0,2751.0,2675.0,Rs./Quintal,FAQ
APMC Pachora ,2.5,Metric Tonnes,Other,2599.0,2709.0,2651.0,Rs./Quintal,FAQ
APMC Paithan ,10.0,Metric Tonnes,Bansi,2625.0,2900.0,2725.0,Rs./Quintal,FAQ
APMC Parali Vaijyanath ,0.3,Metric Tonnes,Other,2900.0,2900.0,2900.0,Rs./Quintal,FAQ
APMC Parbhani ,16.7,Metric Tonnes,Other,2400.0,2550.0,2450.0,Rs./Quintal,Non-FAQ
APMC Patur ,5.0,Metric Tonnes,Maharashtra 2189,2530.0,2530.0,2530.0,Rs./Quintal,Non-FAQ
APMC Rahuri ,1.5,Metric Tonnes,Other,2600.0,2700.0,2650.0,Rs./Quintal,FAQ
APMC Sangli ,42.2,Metric Tonnes,Other,3000.0,4500.0,3750.0,Rs./Quintal,FAQ
APMC Satana ,0.9,Metric Tonnes,Other,2681.0,2840.0,2705.0,Rs./Quintal,FAQ
APMC Satana ,0.4,Metric Tonnes,Other,2126.0,2126.0,2126.0,Rs./Quintal,Non-FAQ
APMC Shahada ,0.5,Metric Tonnes,Other,2799.0,2896.0,2799.0,Rs./Quintal,FAQ
APMC Shegaon ,0.9,Metric Tonnes,Other,2600.0,2600.0,2600.0,Rs./Quintal,FAQ
APMC Shegaon ,0.6,Metric Tonnes,Other,2500.0,2575.0,2540.0,Rs./Quintal,Non-FAQ
APMC Shevgaon ,3.7,Metric Tonnes,Maharashtra 2189,2600.0,2700.0,2600.0,Rs./Quintal,FAQ
APMC Shirpur ,1.0,Metric Tonnes,Other,2750.0,2800.0,2800.0,Rs./Quintal,FAQ
APMC Shirpur ,0.4,Metric Tonnes,Other,2350.0,2350.0,2350.0,Rs./Quintal,Non-FAQ
APMC Shirur ,0.4,Metric Tonnes,Other,2350.0,2550.0,2500.0,Rs./Quintal,Non-FAQ
APMC Shirur ,1.0,Metric Tonnes,Other,2700.0,2700.0,2700.0,Rs./Quintal,FAQ
APMC Sillod ,26.6,Metric Tonnes,Other,2600.0,2680.0,2650.0,Rs./Quintal,FAQ
APMC Sinner ,5.0,Metric Tonnes,Other,2585.0,2760.0,2700.0,Rs./Quintal,FAQ
APMC Solapur ,80.1,Metric Tonnes,Sharbati,2675.0,4165.0,3655.0,Rs./Quintal,FAQ
APMC Tasgaon ,2.8,Metric Tonnes,Other,3250.0,3600.0,3430.0,Rs./Quintal,FAQ
APMC Umarkhed ,7.0,Metric Tonnes,Other,2250.0,2350.0,2300.0,Rs./Quintal,Non-FAQ
APMC Yeola ,3.4,Metric Tonnes,Maharashtra 2189,2751.0,2860.0,2751.0,Rs./Quintal,FAQ
Barshi(Vairag) ,2.2,Metric Tonnes,Other,2730.0,2802.0,2800.0,Rs./Quintal,FAQ
Jalgaon Jamod(Aasalgaon) ,3.0,Metric Tonnes,Maharashtra 2189,2300.0,2500.0,2400.0,Rs./Quintal,Non-FAQ
Kolhapur(Laxmipuri) ,24.6,Metric Tonnes,Other,3100.0,4350.0,3725.0,Rs./Quintal,FAQ
Lasalgaon(Niphad) ,4.9,Metric Tonnes,Maharashtra 2189,2650.0,2871.0,2731.0,Rs./Quintal,FAQ
Latur(Murud) ,42.6,Metric Tonnes,Maharashtra 2189,2200.0,2400.0,2300.0,Rs./Quintal,Non-FAQ
"Omchatinya Multi State Agro Purpose Co-Op Society, Dist Ahilyanagar",1.15,Metric Tonnes,Other,2650.0,2650.0,2650.0,Rs./Quintal,Local
Rahuri(Vambori) ,0.6,Metric Tonnes,Other,2670.0,2670.0,2670.0,Rs./Quintal,FAQ
Shevgaon(Bodhegaon) ,2.6,Metric Tonnes,Maharashtra 2189,2600.0,2700.0,2600.0,Rs./Quintal,FAQ
Shrirampur(Belapur) ,1.8,Metric Tonnes,Other,2300.0,2400.0,2350.0,Rs./Quintal,Non-FAQ
Total,1028.05,Metric Tonnes,,,,3429.82,Rs./Quintal,
State/UT Name : NCT of Delhi
APMC Najafgarh,17.7,Metric Tonnes,Dara,2650.0,2791.0,2670.0,Rs./Quintal,FAQ
APMC Najafgarh,95.0,Metric Tonnes,Farmi,2615.0,3015.0,2840.0,Rs./Quintal,FAQ
APMC Narela,22.400000000000002,Metric Tonnes,Mexican,2730.0,2820.0,2775.0,Rs./Quintal,FAQ
Total,135.1,Metric Tonnes,,,,2806.95,Rs./Quintal,
State/UT Name : Punjab
Abohar APMC,30.0,Metric Tonnes,Other,2640.0,2695.0,2690.0,Rs./Quintal,FAQ
Total,30.0,Metric Tonnes,,,,2690.0,Rs./Quintal,
State/UT Name : Rajasthan
Anta APMC,0.9,Metric Tonnes,Other,2576.0,2621.0,2598.0,Rs./Quintal,Local
Anupgarh APMC,15.2,Metric Tonnes,Dara,2600.0,2600.0,2600.0,Rs./Quintal,Grade Range-1
Baran APMC,250.0,Metric Tonnes,Other,2511.0,2850.0,2701.0,Rs./Quintal,Local
Bassi APMC,15.0,Metric Tonnes,Other,2544.0,2660.0,2602.0,Rs./Quintal,Local
Bhadara APMC,6.4,Metric Tonnes,1482,2433.0,2810.0,2622.0,Rs./Quintal,Non-FAQ
Bhilwara APMC,0.5,Metric Tonnes,Other,2700.0,2700.0,2700.0,Rs./Quintal,FAQ
Bhusawar Bair APMC,8.6,Metric Tonnes,147 Average,2550.0,2600.0,2580.0,Rs./Quintal,Local
Bikaner (Grain) APMC,9.5,Metric Tonnes,Other,2663.0,2663.0,2663.0,Rs./Quintal,Local
Bundi APMC,850.0,Metric Tonnes,Other,2625.0,2720.0,2673.0,Rs./Quintal,FAQ
Chomu Grain APMC,5.0,Metric Tonnes,Other,2550.0,2550.0,2550.0,Rs./Quintal,Local
Dei APMC,24.6,Metric Tonnes,Other,2600.0,2712.0,2650.0,Rs./Quintal,Local
Gharsana APMC,2.0,Metric Tonnes,Other,2645.0,2680.0,2660.0,Rs./Quintal,FAQ
Itawa APMC,75.0,Metric Tonnes,Other,2598.0,2743.0,2670.0,Rs./Quintal,Local
Jaitsar APMC,6.0,Metric Tonnes,Other,2630.0,2750.0,2700.0,Rs./Quintal,FAQ
Jayal APMC,9.25,Metric Tonnes,Local,2000.0,2100.0,2050.0,Rs./Quintal,Grade Range-2
Jhalarapatan APMC,540.0,Metric Tonnes,Other,2500.0,2700.0,2600.0,Rs./Quintal,Local
Kama APMC,1.5,Metric Tonnes,Other,2475.0,2475.0,2475.0,Rs./Quintal,Local
Kapasan APMC,6.5,Metric Tonnes,Lokwan,2400.0,2600.0,2500.0,Rs./Quintal,FAQ
Khairthal APMC,5.300000000000001,Metric Tonnes,Other,2580.0,2650.0,2620.0,Rs./Quintal,Local
Lalsot APMC,31.8,Metric Tonnes,Other,2425.0,2672.0,2548.0,Rs./Quintal,Local
Mandawar APMC,18.0,Metric Tonnes,Other,2560.0,2594.0,2590.0,Rs./Quintal,FAQ
Niwai APMC,32.0,Metric Tonnes,Other,2551.0,2661.0,2606.0,Rs./Quintal,Local
Osiyan Mathania APMC,1.4000000000000001,Metric Tonnes,Local,2400.0,2500.0,2450.0,Rs./Quintal,Local
Pratapgarh APMC,60.88,Metric Tonnes,Other,2570.0,2844.0,2690.0,Rs./Quintal,FAQ
Raisingh Nagar APMC,16.1,Metric Tonnes,Other,2580.0,2751.0,2630.0,Rs./Quintal,Non-FAQ
Ramganjmandi APMC,22.6,Metric Tonnes,Other,2300.0,2740.0,2620.0,Rs./Quintal,Local
Rawatsar APMC,2.5,Metric Tonnes,Other,2709.0,2709.0,2709.0,Rs./Quintal,FAQ
Rawla APMC,15.0,Metric Tonnes,Other,2580.0,2590.0,2585.0,Rs./Quintal,FAQ
Sawai Madhopur APMC,414.0,Metric Tonnes,Other,2460.0,2580.0,2487.0,Rs./Quintal,FAQ
Sujangarh APMC,2.0,Metric Tonnes,Other,2500.0,2500.0,2500.0,Rs./Quintal,Local
Sumerganj APMC,1.0,Metric Tonnes,147 Average,2651.0,2651.0,2651.0,Rs./Quintal,Local
Suratgarh APMC,8.0,Metric Tonnes,Other,2625.0,2701.0,2655.0,Rs./Quintal,FAQ
Tonk APMC,2.8,Metric Tonnes,Deshi,2559.0,2559.0,2559.0,Rs./Quintal,FAQ
Uniyara APMC,23.0,Metric Tonnes,Other,2666.0,2675.0,2670.0,Rs./Quintal,FAQ
Total,2482.33,Metric Tonnes,,,,2619.61,Rs./Quintal,
State/UT Name : Uttar Pradesh
Achalda APMC,112.4,Metric Tonnes,Dara,2400.0,2400.0,2400.0,Rs./Quintal,FAQ
Achalda APMC,42.8,Metric Tonnes,Super Fine,2400.0,2400.0,2400.0,Rs./Quintal,FAQ
Achalda APMC,19.655,Metric Tonnes,Other,2400.0,2400.0,2400.0,Rs./Quintal,FAQ
Ait APMC,129.7,Metric Tonnes,Other,2600.0,2625.0,2607.44,Rs./Quintal,FAQ
Ajuha APMC,14.975,Metric Tonnes,Dara,2400.0,2400.0,2400.0,Rs./Quintal,FAQ
Akbarpur APMC,6.48,Metric Tonnes,Medium,2450.0,2450.0,2450.0,Rs./Quintal,FAQ
Akbarpur APMC,4.8,Metric Tonnes,Sharbati,2525.0,2525.0,2525.0,Rs./Quintal,FAQ
Akbarpur APMC,118.65,Metric Tonnes,Dara,2450.0,2600.0,2469.6,Rs./Quintal,FAQ
Aliganj APMC,3.6,Metric Tonnes,Wheat-Organic,2600.0,2600.0,2600.0,Rs./Quintal,FAQ
Aliganj APMC,34.605,Metric Tonnes,Medium,2500.0,2500.0,2500.0,Rs./Quintal,FAQ
Aliganj APMC,20.0,Metric Tonnes,Dara,2500.0,2500.0,2500.0,Rs./Quintal,FAQ
Aligarh APMC,5.0,Metric Tonnes,Dara,2550.0,2550.0,2550.0,Rs./Quintal,FAQ
Aligarh APMC,74.75,Metric Tonnes,Other,2600.0,2650.0,2636.79,Rs./Quintal,FAQ
Anandnagar APMC,44.4,Metric Tonnes,Dara,2400.0,2450.0,2410.59,Rs./Quintal,FAQ
Anoop Shahar APMC,30.0,Metric Tonnes,Other,2750.0,2750.0,2750.0,Rs./Quintal,FAQ
Anwala APMC,67.459,Metric Tonnes,Dara,2560.0,2585.0,2576.63,Rs./Quintal,FAQ
Atarra APMC,16.8,Metric Tonnes,Deshi,2450.0,2450.0,2450.0,Rs./Quintal,FAQ
Atarra APMC,83.14,Metric Tonnes,Dara,2450.0,2500.0,2461.87,Rs./Quintal,FAQ
Atrauli APMC,28.1,Metric Tonnes,Dara,2600.0,2600.0,2600.0,Rs./Quintal,FAQ
Auraiya APMC,138.215,Metric Tonnes,Medium,2620.0,2635.0,2625.33,Rs./Quintal,FAQ
Auraiya APMC,46.44,Metric Tonnes,Other,2620.0,2620.0,2620.0,Rs./Quintal,FAQ
Ayodhya APMC,2.4,Metric Tonnes,Dara Mill Quality,2600.0,2600.0,2600.0,Rs./Quintal,FAQ
Ayodhya APMC,26.0,Metric Tonnes,Dara,2500.0,2500.0,2500.0,Rs./Quintal,FAQ
Ayodhya APMC,7.94,Metric Tonnes,Medium,2500.0,2500.0,2500.0,Rs./Quintal,FAQ
Ayodhya APMC,52.8,Metric Tonnes,PBW-343,2500.0,2500.0,2500.0,Rs./Quintal,FAQ
Ayodhya APMC,3.0,Metric Tonnes,Other,2500.0,2500.0,2500.0,Rs./Quintal,FAQ
Ayodhya APMC,12.6,Metric Tonnes,Local,2500.0,2500.0,2500.0,Rs./Quintal,FAQ
Azamgarh APMC,4.5,Metric Tonnes,Local,2600.0,2600.0,2600.0,Rs./Quintal,FAQ
Azamgarh APMC,123.76,Metric Tonnes,Dara,2585.0,2700.0,2597.83,Rs./Quintal,FAQ
Baberu APMC,5.0,Metric Tonnes,Other,2600.0,2600.0,2600.0,Rs./Quintal,FAQ
Baberu APMC,10.0,Metric Tonnes,Dara,2600.0,2600.0,2600.0,Rs./Quintal,FAQ
Babrala APMC,140.0,Metric Tonnes,Dara,2580.0,2600.0,2590.0,Rs./Quintal,Local
Babrala APMC,2.1,Metric Tonnes,Dara,2720.0,2720.0,2720.0,Rs./Quintal,FAQ
Bachranwa APMC,110.05,Metric Tonnes,Dara,2400.0,2500.0,2440.01,Rs./Quintal,FAQ
Badayoun APMC,33.4,Metric Tonnes,Dara,2500.0,2690.0,2640.45,Rs./Quintal,FAQ
Badayoun APMC,179.435,Metric Tonnes,Other,2500.0,2500.0,2500.0,Rs./Quintal,FAQ
Bahraich APMC,200.0,Metric Tonnes,Other,2500.0,2500.0,2500.0,Rs./Quintal,FAQ
Balrampur APMC,31.2,Metric Tonnes,Medium,2550.0,2550.0,2550.0,Rs./Quintal,FAQ
Balrampur APMC,21.0,Metric Tonnes,Dara,2300.0,2300.0,2300.0,Rs./Quintal,FAQ
Banda APMC,164.815,Metric Tonnes,Other,2425.0,2600.0,2510.24,Rs./Quintal,FAQ
Bangarmau APMC,35.75,Metric Tonnes,Dara Mill Quality,2600.0,2600.0,2600.0,Rs./Quintal,FAQ
Bangarmau APMC,469.33,Metric Tonnes,Dara,2600.0,2600.0,2600.0,Rs./Quintal,FAQ
Bansi APMC,183.7,Metric Tonnes,Dara,2500.0,2500.0,2500.0,Rs./Quintal,FAQ
Banthara APMC,8.0,Metric Tonnes,Medium,2550.0,2550.0,2550.0,Rs./Quintal,FAQ
Banthara APMC,299.92,Metric Tonnes,Dara,2550.0,2800.0,2626.87,Rs./Quintal,FAQ
Barabanki APMC,255.8902,Metric Tonnes,Dara,2450.0,2700.0,2501.85,Rs./Quintal,FAQ
Barabanki APMC,156.475,Metric Tonnes,Other,2450.0,2700.0,2521.06,Rs./Quintal,FAQ
Baraut APMC,2.9,Metric Tonnes,Local,2600.0,2600.0,2600.0,Rs./Quintal,FAQ
Bareilly APMC,57.4,Metric Tonnes,Dara,2600.0,2615.0,2601.62,Rs./Quintal,FAQ
Bareilly APMC,1.2,Metric Tonnes,Sharbati,3625.0,3625.0,3625.0,Rs./Quintal,FAQ
Bareilly APMC,10.6,Metric Tonnes,Dara Mill Quality,2606.0,2610.0,2607.94,Rs./Quintal,FAQ
Bareilly APMC,118.077,Metric Tonnes,Other,2600.0,3716.0,2636.53,Rs./Quintal,FAQ
Baripaal APMC,1.6,Metric Tonnes,Local,2550.0,2550.0,2550.0,Rs./Quintal,FAQ
Baripaal APMC,9.115,Metric Tonnes,Dara Mill Quality,2550.0,2550.0,2550.0,Rs./Quintal,FAQ
Basti APMC,36.6,Metric Tonnes,Other,2450.0,2450.0,2450.0,Rs./Quintal,FAQ
Basti APMC,25.45,Metric Tonnes,Medium,2450.0,2450.0,2450.0,Rs./Quintal,FAQ
Basti APMC,14.8,Metric Tonnes,Dara Mill Quality,2500.0,2500.0,2500.0,Rs./Quintal,FAQ
Basti APMC,130.59,Metric Tonnes,Dara,2450.0,2550.0,2497.3,Rs./Quintal,FAQ
Bewar APMC,20.185,Metric Tonnes,Dara,2500.0,2508.0,2502.0,Rs./Quintal,FAQ
Bharthna APMC,157.85,Metric Tonnes,Dara,2550.0,2550.0,2550.0,Rs./Quintal,FAQ
Bharuasumerpur APMC,14.5,Metric Tonnes,Other,2584.0,2590.0,2586.51,Rs./Quintal,FAQ
Bharwari APMC,23.4,Metric Tonnes,Other,2500.0,2500.0,2500.0,Rs./Quintal,FAQ
Bhehjoi APMC,144.9,Metric Tonnes,Dara,2500.0,2510.0,2505.0,Rs./Quintal,Local
Bhehjoi APMC,88.52,Metric Tonnes,Mill Quality,2545.0,2550.0,2548.74,Rs./Quintal,FAQ
Bijnaur APMC,3.5,Metric Tonnes,Other,2600.0,2600.0,2600.0,Rs./Quintal,FAQ
Bindki APMC,25.8,Metric Tonnes,Medium,2550.0,2585.0,2564.17,Rs./Quintal,FAQ
Bindki APMC,283.095,Metric Tonnes,Other,2400.0,2630.0,2525.34,Rs./Quintal,FAQ
Bindki APMC,278.023,Metric Tonnes,Dara,2450.0,2650.0,2540.22,Rs./Quintal,FAQ
Buland Shahr APMC,11.706,Metric Tonnes,Dara Mill Quality,2724.0,2724.0,2724.0,Rs./Quintal,FAQ
Chaandpur APMC,19.0,Metric Tonnes,Dara,2510.0,2510.0,2510.0,Rs./Quintal,FAQ
Chandausi APMC,30.414,Metric Tonnes,Other,2600.0,2600.0,2600.0,Rs./Quintal,FAQ
Chandoli APMC,10.5,Metric Tonnes,Deshi,2585.0,2585.0,2585.0,Rs./Quintal,FAQ
Charkhari APMC,56.1,Metric Tonnes,Dara,2400.0,2600.0,2492.69,Rs./Quintal,FAQ
Chirgaon APMC,107.6,Metric Tonnes,Other,2400.0,2540.0,2459.87,Rs./Quintal,FAQ
Choubepur APMC,5.835,Metric Tonnes,Other,2500.0,2500.0,2500.0,Rs./Quintal,FAQ
Colonelganj APMC,30.0,Metric Tonnes,Dara,2450.0,2450.0,2450.0,Rs./Quintal,FAQ
Dankaur APMC,77.721,Metric Tonnes,Dara,2450.0,2500.0,2477.29,Rs./Quintal,FAQ
Dataganj APMC,7.0,Metric Tonnes,Dara,2500.0,2600.0,2550.0,Rs./Quintal,FAQ
Dataganj APMC,4.9,Metric Tonnes,PBW-343,2500.0,2500.0,2500.0,Rs./Quintal,FAQ
Devariya APMC,32.0,Metric Tonnes,Other,2750.0,2750.0,2750.0,Rs./Quintal,FAQ
Devariya APMC,12.06,Metric Tonnes,White,2760.0,2770.0,2764.16,Rs./Quintal,FAQ
Devariya APMC,11.2,Metric Tonnes,Dara,2450.0,2450.0,2450.0,Rs./Quintal,FAQ
Dhanaura APMC,25.5,Metric Tonnes,Dara,2600.0,2620.0,2612.16,Rs./Quintal,FAQ
Dibiapur APMC,24.5,Metric Tonnes,Hybrid,2550.0,2625.0,2585.2,Rs./Quintal,FAQ
Dibiapur APMC,30.315,Metric Tonnes,Dara Mill Quality,2550.0,2550.0,2550.0,Rs./Quintal,FAQ
Dibiapur APMC,270.28,Metric Tonnes,Dara,2550.0,2620.0,2561.37,Rs./Quintal,FAQ
Etah APMC,20.6,Metric Tonnes,Mill Quality,2500.0,2500.0,2500.0,Rs./Quintal,FAQ
Etah APMC,50.4,Metric Tonnes,Other,2500.0,2501.0,2500.26,Rs./Quintal,FAQ
Etah APMC,205.652,Metric Tonnes,Dara,2500.0,2660.0,2610.73,Rs./Quintal,FAQ
Etawah APMC,3.0,Metric Tonnes,Dara,2425.0,2425.0,2425.0,Rs./Quintal,FAQ
Etawah APMC,37.308,Metric Tonnes,Super Fine,2425.0,2425.0,2425.0,Rs./Quintal,FAQ
Fatehpur APMC,23.9,Metric Tonnes,Medium,2520.0,2520.0,2520.0,Rs./Quintal,FAQ
Fatehpur APMC,9.0,Metric Tonnes,Dara,2500.0,2500.0,2500.0,Rs./Quintal,FAQ
Fatehpur APMC,36.102,Metric Tonnes,Other,2512.0,2523.0,2518.22,Rs./Quintal,FAQ
Fatehpur Sikri APMC,30.69,Metric Tonnes,Dara,2550.0,2705.0,2607.55,Rs./Quintal,FAQ
Firozabad APMC,4.5,Metric Tonnes,Dara,2720.0,2720.0,2720.0,Rs./Quintal,FAQ
Ghiraur APMC,52.525,Metric Tonnes,Dara,2400.0,2500.0,2414.28,Rs./Quintal,FAQ
Golagokarnath APMC,53.1,Metric Tonnes,Dara,2400.0,2620.0,2583.54,Rs./Quintal,FAQ
Gonda APMC,24.29,Metric Tonnes,Dara Mill Quality,2800.0,2800.0,2800.0,Rs./Quintal,FAQ
Gorakhpur APMC,45.07,Metric Tonnes,Dara,2500.0,2640.0,2524.93,Rs./Quintal,FAQ
Gurusarai APMC,2.4,Metric Tonnes,Other,2585.0,2585.0,2585.0,Rs./Quintal,FAQ
Hapur APMC,7.0,Metric Tonnes,Medium,2600.0,2600.0,2600.0,Rs./Quintal,FAQ
Hardoi APMC,144.88,Metric Tonnes,Dara,2550.0,2600.0,2571.75,Rs./Quintal,FAQ
Hargaon (Laharpur) APMC,35.165,Metric Tonnes,Dara,2500.0,2580.0,2551.9,Rs./Quintal,FAQ
Islam Nagar APMC,11.07,Metric Tonnes,PBW-343,2600.0,2600.0,2600.0,Rs./Quintal,FAQ
Jafarganj APMC,61.16,Metric Tonnes,Dara,2350.0,2500.0,2426.1,Rs./Quintal,FAQ
Jagnair APMC,7.3,Metric Tonnes,Machine Clean New,2600.0,2600.0,2600.0,Rs./Quintal,FAQ
Jagnair APMC,49.8,Metric Tonnes,Medium,2425.0,2600.0,2530.77,Rs./Quintal,FAQ
Jahanabad APMC,52.4,Metric Tonnes,Dara,2450.0,2500.0,2467.18,Rs./Quintal,FAQ
Jahanabad APMC,31.5,Metric Tonnes,Dara Mill Quality,2500.0,2500.0,2500.0,Rs./Quintal,FAQ
Jalalabad APMC,34.74,Metric Tonnes,Deshi,2650.0,2650.0,2650.0,Rs./Quintal,FAQ
Jalalabad APMC,40.445,Metric Tonnes,Other,2430.0,2720.0,2502.27,Rs./Quintal,FAQ
Jalaun APMC,46.4,Metric Tonnes,Mill Quality,2560.0,2560.0,2560.0,Rs./Quintal,FAQ
Jalaun APMC,31.0,Metric Tonnes,Dara Mill Quality,2557.0,2557.0,2557.0,Rs./Quintal,FAQ
Jangipura APMC,53.3,Metric Tonnes,Dara,2450.0,2450.0,2450.0,Rs./Quintal,FAQ
Jangipura APMC,44.7,Metric Tonnes,Other,2450.0,2450.0,2450.0,Rs./Quintal,FAQ
Jarar APMC,3.6,Metric Tonnes,Dara,2550.0,2550.0,2550.0,Rs./Quintal,FAQ
Jaunpur APMC,1.0,Metric Tonnes,Deshi,2600.0,2600.0,2600.0,Rs./Quintal,FAQ
Jaunpur APMC,15.63,Metric Tonnes,Dara Mill Quality,2707.0,2718.0,2711.44,Rs./Quintal,FAQ
Jaunpur APMC,31.8,Metric Tonnes,Dara,2510.0,2600.0,2538.3,Rs./Quintal,FAQ
Jayas APMC,374.845,Metric Tonnes,Dara,2400.0,2680.0,2500.8,Rs./Quintal,FAQ
Jewar APMC,2.5,Metric Tonnes,Dara,2450.0,2450.0,2450.0,Rs./Quintal,FAQ
Jhansi APMC,30.3,Metric Tonnes,White,2400.0,2400.0,2400.0,Rs./Quintal,FAQ
Jhansi APMC,32.5,Metric Tonnes,Mill Quality,2360.0,2367.0,2362.43,Rs./Quintal,FAQ
Jhansi APMC,178.7,Metric Tonnes,Other,2350.0,2355.0,2351.12,Rs./Quintal,FAQ
Jhijhank APMC,15.0,Metric Tonnes,Hybrid,2600.0,2600.0,2600.0,Rs./Quintal,FAQ
Jhijhank APMC,15.0,Metric Tonnes,Sonalika,2600.0,2600.0,2600.0,Rs./Quintal,FAQ
Jhijhank APMC,294.225,Metric Tonnes,Dara,2350.0,2650.0,2473.38,Rs./Quintal,FAQ
Kadaura APMC,13.0,Metric Tonnes,Deshi,2500.0,2500.0,2500.0,Rs./Quintal,FAQ
Kalpi APMC,20.1,Metric Tonnes,Other,2350.0,2400.0,2361.19,Rs./Quintal,FAQ
Kannauj APMC,30.7,Metric Tonnes,Dara,2500.0,2600.0,2570.36,Rs./Quintal,FAQ
Kanpur(Grain) APMC,14.16,Metric Tonnes,Hybrid,2670.0,2680.0,2674.34,Rs./Quintal,FAQ
Kanpur(Grain) APMC,21.755,Metric Tonnes,Medium,2360.0,2365.0,2361.46,Rs./Quintal,FAQ
Kanpur(Grain) APMC,355.351,Metric Tonnes,Dara,2700.0,2750.0,2733.94,Rs./Quintal,FAQ
Kanpur(Grain) APMC,10.6,Metric Tonnes,Dara Mill Quality,2360.0,2360.0,2360.0,Rs./Quintal,FAQ
Kanpur(Grain) APMC,55.7,Metric Tonnes,Other,2580.0,2700.0,2629.59,Rs./Quintal,FAQ
Karvi APMC,35.265,Metric Tonnes,Other,2400.0,2500.0,2417.01,Rs./Quintal,FAQ
Karvi APMC,30.82,Metric Tonnes,Dara,2260.0,2580.0,2411.34,Rs./Quintal,FAQ
Karvi APMC,25.08,Metric Tonnes,Dara Mill Quality,2550.0,2550.01,2550.0,Rs./Quintal,FAQ
Karvi APMC,29.4,Metric Tonnes,Deshi,2500.0,2500.0,2500.0,Rs./Quintal,FAQ
Karvi APMC,33.895,Metric Tonnes,Medium,2600.0,2600.0,2600.0,Rs./Quintal,FAQ
Kasganj APMC,22.63,Metric Tonnes,Dara,2500.0,2550.0,2523.2,Rs./Quintal,FAQ
Kasganj APMC,92.932,Metric Tonnes,Dara Mill Quality,2668.0,2671.35,2669.5,Rs./Quintal,FAQ
Kasganj APMC,30.0,Metric Tonnes,Other,2720.0,2720.0,2720.0,Rs./Quintal,FAQ
Kayamganj APMC,50.0,Metric Tonnes,Other,2600.0,2600.0,2600.0,Rs./Quintal,FAQ
Kayamganj APMC,51.0,Metric Tonnes,Dara,2600.0,2600.0,2600.0,Rs./Quintal,FAQ
Khaga APMC,34.0,Metric Tonnes,Dara,2450.0,2450.0,2450.0,Rs./Quintal,FAQ
Khair APMC,36.46,Metric Tonnes,Other,2600.0,2600.0,2600.0,Rs./Quintal,FAQ
Khair APMC,118.925,Metric Tonnes,Dara,2600.0,2701.0,2651.25,Rs./Quintal,FAQ
Khairagarh APMC,9.7,Metric Tonnes,Other,2550.0,2555.0,2550.52,Rs./Quintal,FAQ
Khairagarh APMC,12.3,Metric Tonnes,Dara,2550.0,2550.0,2550.0,Rs./Quintal,FAQ
Khalilabad APMC,43.2,Metric Tonnes,Other,2530.0,2530.0,2530.0,Rs./Quintal,FAQ
Khalilabad APMC,177.91,Metric Tonnes,Dara,2530.0,2780.0,2644.39,Rs./Quintal,FAQ
Khekda APMC,0.6,Metric Tonnes,Other,2650.0,2650.0,2650.0,Rs./Quintal,FAQ
Khurja APMC,7.56,Metric Tonnes,PBW-343,2600.0,2600.0,2600.0,Rs./Quintal,FAQ
Khurja APMC,28.0,Metric Tonnes,Dara,2600.0,2600.0,2600.0,Rs./Quintal,FAQ
Khurja APMC,15.0,Metric Tonnes,2329,2600.0,2600.0,2600.0,Rs./Quintal,FAQ
Khurja APMC,14.5,Metric Tonnes,Other,2600.0,2600.0,2600.0,Rs./Quintal,FAQ
Konch APMC,44.955,Metric Tonnes,Dara,2280.0,2700.0,2450.53,Rs./Quintal,FAQ
Konch APMC,36.0,Metric Tonnes,Other,2520.0,2520.0,2520.0,Rs./Quintal,FAQ
Konch APMC,25.5,Metric Tonnes,Dara Mill Quality,2300.0,2430.0,2352.82,Rs./Quintal,FAQ
Kopaganj APMC,13.4,Metric Tonnes,Dara,2585.0,2590.0,2585.37,Rs./Quintal,FAQ
Kopaganj APMC,5.6,Metric Tonnes,Sharbati,2585.0,2585.0,2585.0,Rs./Quintal,FAQ
Kosikalan APMC,20.0,Metric Tonnes,Dara,2600.0,2680.0,2640.0,Rs./Quintal,FAQ
Kosikalan APMC,1.98,Metric Tonnes,Local,2575.0,2575.0,2575.0,Rs./Quintal,FAQ
Kurara APMC,7.0,Metric Tonnes,Dara,2500.0,2500.0,2500.0,Rs./Quintal,FAQ
Lakhimpur APMC,61.508,Metric Tonnes,Dara,2450.0,2550.0,2504.25,Rs./Quintal,FAQ
Lalganj APMC,2.5,Metric Tonnes,Other,2400.0,2400.0,2400.0,Rs./Quintal,FAQ
Lalganj APMC,100.63,Metric Tonnes,Dara,2540.0,2625.0,2586.44,Rs./Quintal,FAQ
Lalitpur APMC,63.5,Metric Tonnes,Dara Mill Quality,2350.0,2350.0,2350.0,Rs./Quintal,FAQ
Lalitpur APMC,20.0,Metric Tonnes,Super Fine,2350.0,2350.0,2350.0,Rs./Quintal,FAQ
Lalitpur APMC,188.9,Metric Tonnes,Mill Quality,2350.0,2380.0,2361.38,Rs./Quintal,FAQ
Lalitpur APMC,17.0,Metric Tonnes,Sharbati,2998.0,3945.0,3513.19,Rs./Quintal,FAQ
Lalitpur APMC,77.1,Metric Tonnes,Medium,2752.0,2761.0,2756.37,Rs./Quintal,FAQ
Lalitpur APMC,21.0,Metric Tonnes,Medium Fine,2750.0,2756.0,2753.0,Rs./Quintal,FAQ
Lalitpur APMC,858.7,Metric Tonnes,Other,2350.0,2500.0,2357.09,Rs./Quintal,FAQ
Lalitpur APMC,279.0,Metric Tonnes,Dara,2495.0,3125.0,2783.09,Rs./Quintal,FAQ
Lediyari APMC,8.0,Metric Tonnes,Other,2400.0,2600.0,2585.0,Rs./Quintal,FAQ
Lucknow APMC,5.61,Metric Tonnes,Local,2590.0,2590.0,2590.0,Rs./Quintal,FAQ
Lucknow APMC,3.8,Metric Tonnes,2189 No. 1,2690.0,2690.0,2690.0,Rs./Quintal,FAQ
Lucknow APMC,21.7,Metric Tonnes,Deshi,2690.0,2690.0,2690.0,Rs./Quintal,FAQ
Lucknow APMC,35.6,Metric Tonnes,Medium Fine,2690.0,2690.0,2690.0,Rs./Quintal,FAQ
Lucknow APMC,292.3,Metric Tonnes,Medium,2690.0,2690.0,2690.0,Rs./Quintal,FAQ
Madhoganj APMC,111.67,Metric Tonnes,Dara,2500.0,2500.0,2500.0,Rs./Quintal,FAQ
Madhogarh APMC,84.386,Metric Tonnes,Local,2550.0,2550.0,2550.0,Rs./Quintal,FAQ
Maholi APMC,9.9,Metric Tonnes,Dara,2500.0,2500.0,2500.0,Rs./Quintal,FAQ
Mainpuri APMC,6.0,Metric Tonnes,Dara,2551.0,2551.0,2551.0,Rs./Quintal,FAQ
Mainpuri APMC,192.625,Metric Tonnes,Other,2575.0,2590.0,2580.42,Rs./Quintal,FAQ
Manjhanpur APMC,75.24,Metric Tonnes,Other,2500.0,2600.0,2566.77,Rs./Quintal,FAQ
Mathura APMC,16.455,Metric Tonnes,Other,2601.0,2650.0,2637.59,Rs./Quintal,FAQ
Mathura APMC,35.0,Metric Tonnes,Medium,2502.0,2600.0,2516.0,Rs./Quintal,FAQ
Mathura APMC,196.897,Metric Tonnes,Dara,2500.0,2645.0,2510.37,Rs./Quintal,FAQ
Mathura APMC,1.925,Metric Tonnes,Deshi,2644.0,2644.0,2644.0,Rs./Quintal,FAQ
Mau(Chitrakut) APMC,68.58,Metric Tonnes,Deshi,2300.0,2600.0,2345.12,Rs./Quintal,FAQ
Mau(Chitrakut) APMC,41.4,Metric Tonnes,Medium,2400.0,2450.0,2408.33,Rs./Quintal,FAQ
Mau(Chitrakut) APMC,19.24,Metric Tonnes,Other,2500.0,2590.0,2561.59,Rs./Quintal,FAQ
Maudaha APMC,25.2,Metric Tonnes,Medium,2500.0,2500.0,2500.0,Rs./Quintal,FAQ
Maudaha APMC,82.35,Metric Tonnes,Deshi,2500.0,2500.0,2500.0,Rs./Quintal,FAQ
Maudaha APMC,72.8,Metric Tonnes,Other,2500.0,2600.0,2501.65,Rs./Quintal,FAQ
Mauranipur APMC,13.172,Metric Tonnes,Other,2400.0,2400.0,2400.0,Rs./Quintal,FAQ
Mawana APMC,49.78,Metric Tonnes,Dara,2600.0,2600.0,2600.0,Rs./Quintal,FAQ
Mawana APMC,2.0,Metric Tonnes,Medium,2590.0,2590.0,2590.0,Rs./Quintal,FAQ
Meeranpur Katra APMC,40.0,Metric Tonnes,Other,2490.0,2490.0,2490.0,Rs./Quintal,FAQ
Meeranpur Katra APMC,36.0,Metric Tonnes,Medium,2490.0,2490.0,2490.0,Rs./Quintal,FAQ
Mehrauni APMC,68.95,Metric Tonnes,Other,2300.0,2325.0,2312.13,Rs./Quintal,FAQ
Mihipurwa APMC,90.595,Metric Tonnes,Dara,2400.0,2500.0,2461.15,Rs./Quintal,FAQ
Mihipurwa APMC,79.8,Metric Tonnes,Other,2500.0,2500.0,2500.0,Rs./Quintal,FAQ
Milak APMC,6.2,Metric Tonnes,Dara,3000.0,3000.0,3000.0,Rs./Quintal,FAQ
Mishrit APMC,27.64,Metric Tonnes,Dara,2450.0,2450.0,2450.0,Rs./Quintal,FAQ
Mohammdi APMC,38.0,Metric Tonnes,Dara,2610.0,2610.0,2610.0,Rs./Quintal,FAQ
Mohammdi APMC,7.0,Metric Tonnes,Other,2650.0,2650.0,2650.0,Rs./Quintal,FAQ
Moth APMC,37.0,Metric Tonnes,Dara,2600.0,2600.0,2600.0,Rs./Quintal,FAQ
Moth APMC,57.7,Metric Tonnes,Deshi,2600.0,2620.0,2605.3,Rs./Quintal,FAQ
Mugrabaadshahpur APMC,15.0,Metric Tonnes,Dara,2500.0,2500.0,2500.0,Rs./Quintal,FAQ
Mugrabaadshahpur APMC,19.5,Metric Tonnes,Other,2550.0,2550.0,2550.0,Rs./Quintal,FAQ
Muradabad APMC,0.73,Metric Tonnes,Other,2520.0,2520.0,2520.0,Rs./Quintal,FAQ
Muskara APMC,71.6,Metric Tonnes,Other,2350.0,2600.0,2502.23,Rs./Quintal,FAQ
Nanuta APMC,11.0,Metric Tonnes,Other,2500.0,2500.0,2500.0,Rs./Quintal,FAQ
Naugarh APMC,65.24,Metric Tonnes,Dara,2500.0,2590.0,2545.86,Rs./Quintal,FAQ
Nautnava APMC,30.2,Metric Tonnes,Dara,2400.0,2400.0,2400.0,Rs./Quintal,FAQ
Nawabganj APMC,209.501,Metric Tonnes,Dara,2500.0,2650.0,2520.28,Rs./Quintal,FAQ
Orai APMC,23.5,Metric Tonnes,Dara,2500.0,2600.0,2521.28,Rs./Quintal,FAQ
Orai APMC,22.0,Metric Tonnes,Other,2400.0,2610.0,2438.18,Rs./Quintal,FAQ
Paliakala APMC,49.78,Metric Tonnes,Dara,2400.0,2500.0,2449.46,Rs./Quintal,FAQ
Panchpedwa APMC,25.8,Metric Tonnes,Dara,2380.0,2400.0,2380.62,Rs./Quintal,FAQ
Partaval APMC,13.8,Metric Tonnes,Other,2400.0,2400.0,2400.0,Rs./Quintal,FAQ
Partaval APMC,55.15,Metric Tonnes,Dara,2400.0,2450.0,2404.33,Rs./Quintal,FAQ
Payagpur APMC,72.6,Metric Tonnes,Dara,2425.0,2625.0,2458.88,Rs./Quintal,FAQ
Payagpur APMC,105.2,Metric Tonnes,Medium,2425.0,2600.0,2475.52,Rs./Quintal,FAQ
Powayan APMC,86.158,Metric Tonnes,Dara,2450.0,2620.0,2513.14,Rs./Quintal,FAQ
Pratapgarh APMC,32.6,Metric Tonnes,Hybrid,2400.0,2400.0,2400.0,Rs./Quintal,FAQ
Pratapgarh APMC,36.0,Metric Tonnes,Wheat-Organic,2550.0,2550.0,2550.0,Rs./Quintal,FAQ
Pratapgarh APMC,208.1,Metric Tonnes,Dara,2400.0,2720.0,2498.72,Rs./Quintal,FAQ
Prayagraj APMC,3.7,Metric Tonnes,Dara,2500.0,2500.0,2500.0,Rs./Quintal,FAQ
Prayagraj APMC,30.0,Metric Tonnes,Deshi,2250.0,2250.0,2250.0,Rs./Quintal,FAQ
Pukharayan APMC,34.526,Metric Tonnes,Dara,2500.0,2600.0,2552.54,Rs./Quintal,FAQ
Puranpur APMC,94.31,Metric Tonnes,Dara,2600.0,2610.0,2603.38,Rs./Quintal,FAQ
Purwa APMC,105.83,Metric Tonnes,Dara,2500.0,2550.0,2508.27,Rs./Quintal,FAQ
Purwa APMC,46.84,Metric Tonnes,Other,2550.0,2550.0,2550.0,Rs./Quintal,FAQ
Raath APMC,5.746,Metric Tonnes,Medium Fine,2500.0,2500.0,2500.0,Rs./Quintal,FAQ
Raath APMC,56.0,Metric Tonnes,Other,2400.0,2400.0,2400.0,Rs./Quintal,FAQ
Raath APMC,20.598,Metric Tonnes,Medium,2500.0,2500.0,2500.0,Rs./Quintal,FAQ
Raath APMC,15.0,Metric Tonnes,Deshi,2400.0,2400.0,2400.0,Rs./Quintal,FAQ
Raibareilly APMC,40.92,Metric Tonnes,Dara,2400.0,2500.0,2436.66,Rs./Quintal,FAQ
Risia APMC,54.85,Metric Tonnes,Dara,2500.0,2500.0,2500.0,Rs./Quintal,FAQ
Robertsganj APMC,30.7,Metric Tonnes,Dara Mill Quality,2600.0,2625.0,2612.54,Rs./Quintal,FAQ
Rudauli APMC,83.008,Metric Tonnes,Dara,2475.0,2725.0,2568.08,Rs./Quintal,FAQ
Rura APMC,8.14,Metric Tonnes,Dara Mill Quality,2550.0,2550.0,2550.0,Rs./Quintal,FAQ
Rura APMC,57.41,Metric Tonnes,Dara,2500.0,2600.0,2519.54,Rs./Quintal,FAQ
Rura APMC,17.7,Metric Tonnes,Medium,2500.0,2500.0,2500.0,Rs./Quintal,FAQ
Rura APMC,74.9,Metric Tonnes,Other,2500.0,2510.0,2501.83,Rs./Quintal,FAQ
Safdarganj APMC,14.7,Metric Tonnes,PBW-343,2450.0,2455.0,2453.3,Rs./Quintal,FAQ
Safdarganj APMC,11.5,Metric Tonnes,Other,2600.0,2600.0,2600.0,Rs./Quintal,FAQ
Safdarganj APMC,2.9,Metric Tonnes,Sharbati,2450.0,2450.0,2450.0,Rs./Quintal,FAQ
Safdarganj APMC,715.224,Metric Tonnes,Dara,2450.0,2650.0,2459.28,Rs./Quintal,FAQ
Saharanpur APMC,23.74,Metric Tonnes,Dara Mill Quality,2869.87,2870.0,2869.97,Rs./Quintal,FAQ
Sahiyapur APMC,30.0,Metric Tonnes,Local,2430.0,2430.0,2430.0,Rs./Quintal,FAQ
Sahiyapur APMC,96.7,Metric Tonnes,Medium,2430.0,2430.0,2430.0,Rs./Quintal,FAQ
Sahiyapur APMC,191.9,Metric Tonnes,Dara,2430.0,2430.0,2430.0,Rs./Quintal,FAQ
Sahiyapur APMC,221.5,Metric Tonnes,Other,2430.0,2550.0,2456.98,Rs./Quintal,FAQ
Salon APMC,32.98,Metric Tonnes,Dara,2549.98,2600.0,2569.68,Rs./Quintal,FAQ
Sandi APMC,16.29,Metric Tonnes,Dara,2580.0,2580.0,2580.0,Rs./Quintal,FAQ
Sandila APMC,388.941,Metric Tonnes,Dara,2500.0,2750.0,2519.06,Rs./Quintal,FAQ
Sehjanwa APMC,62.158,Metric Tonnes,Dara,2760.0,2801.0,2777.62,Rs./Quintal,FAQ
Shahabad(New Mandi) APMC,8.7,Metric Tonnes,Dara,2450.0,2460.0,2453.28,Rs./Quintal,FAQ
Shahganj APMC,147.92,Metric Tonnes,Dara,2580.0,2710.0,2616.65,Rs./Quintal,FAQ
Shahganj APMC,101.4,Metric Tonnes,Other,2600.0,2600.0,2600.0,Rs./Quintal,FAQ
Shahjahanpur APMC,22.2,Metric Tonnes,Other,2525.0,2525.0,2525.0,Rs./Quintal,FAQ
Shahpur APMC,1.149,Metric Tonnes,Other,2611.0,2611.0,2611.0,Rs./Quintal,FAQ
Shohratgarh APMC,37.1,Metric Tonnes,Dara,2450.0,2700.0,2625.2,Rs./Quintal,FAQ
Shohratgarh APMC,31.8,Metric Tonnes,Other,2450.0,2450.0,2450.0,Rs./Quintal,FAQ
Sikanderabad APMC,6.946,Metric Tonnes,Other,2710.0,2711.0,2710.34,Rs./Quintal,FAQ
Sikanderabad APMC,49.757,Metric Tonnes,Dara,2701.0,2701.0,2701.0,Rs./Quintal,FAQ
Sikarpur APMC,30.89,Metric Tonnes,Other,2600.0,2600.0,2600.0,Rs./Quintal,FAQ
Sikarpur APMC,22.7,Metric Tonnes,PBW-343,2600.0,2600.0,2600.0,Rs./Quintal,FAQ
Sitapur APMC,3.3,Metric Tonnes,Other,3000.0,3000.0,3000.0,Rs./Quintal,FAQ
Sitapur APMC,64.0,Metric Tonnes,Medium,2485.0,2500.0,2487.63,Rs./Quintal,FAQ
Siyana APMC,30.0,Metric Tonnes,Other,2550.0,2550.0,2550.0,Rs./Quintal,FAQ
Sultanpur APMC,8.015,Metric Tonnes,Dara Mill Quality,2450.0,2500.0,2474.98,Rs./Quintal,FAQ
Sultanpur APMC,88.5,Metric Tonnes,Dara,2450.0,2450.0,2450.0,Rs./Quintal,FAQ
Sultanpur APMC,20.4,Metric Tonnes,Deshi,2453.0,2453.0,2453.0,Rs./Quintal,FAQ
Tanda Akbarpur APMC,19.0,Metric Tonnes,Dara,2450.0,2450.0,2450.0,Rs./Quintal,FAQ
Tulsipur APMC,30.0,Metric Tonnes,Medium,2600.0,2630.0,2622.8,Rs./Quintal,FAQ
Tundla APMC,5.75,Metric Tonnes,Local,2800.0,2800.0,2800.0,Rs./Quintal,FAQ
Ujhani APMC,32.802,Metric Tonnes,Dara,2600.0,2600.0,2600.0,Rs./Quintal,FAQ
Ujhani APMC,46.4,Metric Tonnes,Medium,2500.0,2500.0,2500.0,Rs./Quintal,FAQ
Unnao APMC,62.62,Metric Tonnes,Dara Mill Quality,2550.0,2550.0,2550.0,Rs./Quintal,FAQ
Unnao APMC,151.1,Metric Tonnes,Other,2585.0,2585.0,2585.0,Rs./Quintal,FAQ
Unnao APMC,69.21,Metric Tonnes,Dara,2560.0,2560.0,2560.0,Rs./Quintal,FAQ
Utraula APMC,26.02,Metric Tonnes,Other,2405.0,2405.0,2405.0,Rs./Quintal,FAQ
Utraula APMC,57.5,Metric Tonnes,Dara,2500.0,2600.0,2554.78,Rs./Quintal,FAQ
Uttaripura APMC,8.4,Metric Tonnes,Other,2400.0,2400.0,2400.0,Rs./Quintal,FAQ
Varanasi APMC,8.7,Metric Tonnes,Medium Fine,2500.0,2500.0,2500.0,Rs./Quintal,FAQ
Viswan APMC,60.3,Metric Tonnes,Dara,2500.0,2500.0,2500.0,Rs./Quintal,FAQ
Total,18260.35,Metric Tonnes,,,,2528.88,Rs./Quintal,
State/UT Name : Uttarakhand
Lakshar APMC,0.8,Metric Tonnes,Other,2585.0,2600.0,2600.0,Rs./Quintal,Local
Total,0.8,Metric Tonnes,,,,2600.0,Rs./Quintal,
State/UT Name : West Bengal
Asansol APMC,4.8,Metric Tonnes,Kalyan,2600.0,2825.0,2750.0,Rs./Quintal,FAQ
Beldanga APMC,2.0,Metric Tonnes,Other,2500.0,2700.0,2600.0,Rs./Quintal,FAQ
Bishnupur(Bankura) APMC,0.22000000000000003,Metric Tonnes,Sonalika,2600.0,2800.0,2700.0,Rs./Quintal,FAQ
Durgapur APMC,4.5,Metric Tonnes,Kalyan,2625.0,2830.0,2750.0,Rs./Quintal,FAQ
Jangipur APMC,14.25,Metric Tonnes,Deshi,2600.0,2700.0,2650.0,Rs./Quintal,FAQ
Jiaganj APMC,6.0,Metric Tonnes,Sonalika,2700.0,2800.0,2750.0,Rs./Quintal,FAQ
Kandi APMC,2.0,Metric Tonnes,Sonalika,2700.0,2800.0,2750.0,Rs./Quintal,FAQ
Karimpur APMC,8.8,Metric Tonnes,Other,2800.0,3000.0,2900.0,Rs./Quintal,Grade Range-1
Khatra APMC,0.21000000000000002,Metric Tonnes,Sonalika,2600.0,2750.0,2700.0,Rs./Quintal,FAQ
Total,42.78,Metric Tonnes,,,,2740.03,Rs./Quintal,
Grand Total,46695.59,Metric Tonnes,,,,2608.98,Rs./Quintal,
Commodity Group Name : Pulses
Bengal Gram Dal(Chana Dal)
State/UT Name : Karnataka
Bengaluru APMC,152.0,Metric Tonnes,Bengal Gram Dal,7000.0,8500.0,7750.0,Rs./Quintal,Medium
Mysuru APMC,22.200000000000003,Metric Tonnes,Bengal Gram Dal,5570.0,6120.0,6120.0,Rs./Quintal,Local
Total,174.2,Metric Tonnes,,,,7542.27,Rs./Quintal,
State/UT Name : Maharashtra
APMC Mumbai ,113.7,Metric Tonnes,Other,7100.0,8500.0,7900.0,Rs./Quintal,Local
Total,113.7,Metric Tonnes,,,,7900.0,Rs./Quintal,
State/UT Name : Manipur
Imphal APMC,2.4,Metric Tonnes,Bengal Gram Dal,11000.0,12000.0,11500.0,Rs./Quintal,FAQ
Kakching Market APMC,0.4,Metric Tonnes,Bengal Gram Dal,10500.0,11000.0,10750.0,Rs./Quintal,FAQ
Total,2.8,Metric Tonnes,,,,11392.86,Rs./Quintal,
State/UT Name : Uttar Pradesh
Bareilly APMC,2051.23,Metric Tonnes,Other,6351.0,7725.0,6839.19,Rs./Quintal,FAQ
Chandausi APMC,6.0,Metric Tonnes,Other,7700.0,7700.0,7700.0,Rs./Quintal,FAQ
Devariya APMC,10.02,Metric Tonnes,Other,6400.0,6400.0,6400.0,Rs./Quintal,FAQ
Ghaziabad APMC,2.1,Metric Tonnes,Other,7518.4,7630.65,7569.18,Rs./Quintal,FAQ
Gonda APMC,15.0,Metric Tonnes,Other,7450.0,7450.0,7450.0,Rs./Quintal,FAQ
Hapur APMC,1.9045,Metric Tonnes,Other,7735.08,9933.05,8542.95,Rs./Quintal,FAQ
Jhansi APMC,9.0,Metric Tonnes,Other,7425.0,7425.0,7425.0,Rs./Quintal,FAQ
Lucknow APMC,39.96,Metric Tonnes,Other,7735.0,7735.0,7735.0,Rs./Quintal,FAQ
Mahoba APMC,7.5,Metric Tonnes,Other,6500.0,6680.0,6596.67,Rs./Quintal,FAQ
Mathura APMC,0.322,Metric Tonnes,Other,7815.66,7815.66,7815.66,Rs./Quintal,FAQ
Prayagraj APMC,15.0,Metric Tonnes,Other,7400.0,7400.0,7400.0,Rs./Quintal,FAQ
Shamli APMC,1.2,Metric Tonnes,Other,6650.0,6650.0,6650.0,Rs./Quintal,FAQ
Total,2159.24,Metric Tonnes,,,,6868.11,Rs./Quintal,
Grand Total,2449.94,Metric Tonnes,,,,6969.11,Rs./Quintal,
Red gram/Arhar/Tur(whole) (MSP: Rs. 8450.00/Quintal)
State/UT Name : Andhra Pradesh
Gooti APMC,0.1,Metric Tonnes,Local,4900.0,7540.0,6800.0,Rs./Quintal,Grade Range-1
Guntakal APMC,0.1,Metric Tonnes,Local,7000.0,8000.0,7500.0,Rs./Quintal,Local
Kanigiri APMC,0.1,Metric Tonnes,(Whole),8600.0,8800.0,8700.0,Rs./Quintal,Local
Macharla APMC,0.1,Metric Tonnes,Local,8200.0,8200.0,8200.0,Rs./Quintal,Grade Range-1
Narasaraopet APMC,0.1,Metric Tonnes,Local,8500.0,8500.0,8500.0,Rs./Quintal,FAQ
Podili APMC,0.1,Metric Tonnes,Arhar (Whole),8000.0,8200.0,8100.0,Rs./Quintal,Non-FAQ
Tadipatri APMC,0.1,Metric Tonnes,Local,5800.0,5900.0,5850.0,Rs./Quintal,Grade Range-1
Total,0.7,Metric Tonnes,,,,7664.29,Rs./Quintal,
State/UT Name : Gujarat
Botad APMC,0.6000000000000001,Metric Tonnes,Other,5900.0,6525.0,6265.0,Rs./Quintal,Local
Dahod APMC,15.0,Metric Tonnes,Arhar (Whole),6000.0,6575.0,6450.0,Rs./Quintal,Non-FAQ
Morbi APMC,1.1,Metric Tonnes,Other,6900.0,7270.0,7085.0,Rs./Quintal,FAQ
Total,16.7,Metric Tonnes,,,,6485.18,Rs./Quintal,
State/UT Name : Karnataka
Chincholi APMC,86.5,Metric Tonnes,Arhar (Whole),8500.0,9000.0,8600.0,Rs./Quintal,Non-FAQ
Hungund APMC,3.0,Metric Tonnes,Arhar (Whole),3000.0,3000.0,3000.0,Rs./Quintal,FAQ
Lingasugur APMC,42.0,Metric Tonnes,Arhar (Whole),7900.0,8500.0,8350.0,Rs./Quintal,Non-FAQ
Vijayapura APMC,97.9,Metric Tonnes,Arhar (Whole),7700.0,8305.0,7971.0,Rs./Quintal,Local
sedam,6.6000000000000005,Metric Tonnes,Arhar (Whole),8025.0,8025.0,8025.0,Rs./Quintal,Non-FAQ
Total,236.0,Metric Tonnes,,,,8207.31,Rs./Quintal,
State/UT Name : Keralam
Neeleswaram Market,2.0,Metric Tonnes,Other,14500.0,14800.0,14600.0,Rs./Quintal,FAQ
Palakkad Market,1.0,Metric Tonnes,Arhar Dal(Tur),11500.0,13500.0,12600.0,Rs./Quintal,FAQ
Total,3.0,Metric Tonnes,,,,13933.33,Rs./Quintal,
State/UT Name : Madhya Pradesh
Damoh APMC,28.635000000000005,Metric Tonnes,Arhar Dal(Tur),3800.0,8460.0,7000.0,Rs./Quintal,FAQ
Ghansour APMC,3.9000000000000004,Metric Tonnes,Arhar Dal(Tur),6005.0,6011.0,6011.0,Rs./Quintal,FAQ
Guna APMC,0.08000000000000002,Metric Tonnes,Arhar Dal(Tur),6760.0,6760.0,6760.0,Rs./Quintal,FAQ
Indore APMC,528.516,Metric Tonnes,Arhar Dal(Tur),6300.0,8832.34,6900.0,Rs./Quintal,FAQ
Jabalpur APMC,30.39,Metric Tonnes,Arhar Dal(Tur),8828.79,8828.79,8828.79,Rs./Quintal,FAQ
Jaora APMC,65.10000000000001,Metric Tonnes,Arhar Dal(Tur),6600.0,6850.0,6850.0,Rs./Quintal,FAQ
Jobat APMC,2.15,Metric Tonnes,Arhar Dal(Tur),5600.0,5675.0,5675.0,Rs./Quintal,FAQ
Kareli APMC,23.515,Metric Tonnes,Arhar Dal(Tur),6980.0,8100.0,7340.0,Rs./Quintal,FAQ
Katni APMC,465.28999999999996,Metric Tonnes,Arhar Dal(Tur),6769.91,9000.0,8500.0,Rs./Quintal,FAQ
Khandwa APMC,71.778,Metric Tonnes,Arhar Dal(Tur),6401.0,8400.0,6875.0,Rs./Quintal,FAQ
Khargone APMC,0.431,Metric Tonnes,Arhar Dal(Tur),6000.0,6000.0,6000.0,Rs./Quintal,FAQ
Narsinghpur APMC,1.645,Metric Tonnes,Arhar Dal(Tur),7300.0,7751.0,7751.0,Rs./Quintal,FAQ
Narsinghpur APMC,14.130000000000003,Metric Tonnes,Arhar Dal(Tur),4000.0,7926.0,7926.0,Rs./Quintal,Non-FAQ
Paatan APMC,0.244,Metric Tonnes,Arhar Dal(Tur),7025.0,7815.0,7815.0,Rs./Quintal,FAQ
Paatan APMC,0.17500000000000002,Metric Tonnes,Arhar Dal(Tur),5410.0,5410.0,5410.0,Rs./Quintal,Non-FAQ
Patharia APMC,0.047,Metric Tonnes,Arhar Dal(Tur),7605.0,7605.0,7605.0,Rs./Quintal,FAQ
Pipariya APMC,4.65,Metric Tonnes,Arhar Dal(Tur),7500.0,7600.0,7600.0,Rs./Quintal,FAQ
Sagar APMC,29.87,Metric Tonnes,Arhar Dal(Tur),8814.0,8814.0,8814.0,Rs./Quintal,FAQ
Satna APMC,5.913,Metric Tonnes,Arhar Dal(Tur),6850.0,8180.0,7970.0,Rs./Quintal,FAQ
Total,1276.46,Metric Tonnes,,,,7595.19,Rs./Quintal,
State/UT Name : Maharashtra
APMC  Latur,37.6,Metric Tonnes,Other,8000.0,9100.0,9000.0,Rs./Quintal,FAQ
APMC Achalpur ,8.0,Metric Tonnes,Other,8000.0,8800.0,8400.0,Rs./Quintal,FAQ
APMC Ahilyanagar ,6.2,Metric Tonnes,Other,6750.0,6750.0,6750.0,Rs./Quintal,Non-FAQ
APMC Akola ,82.2,Metric Tonnes,Other,8000.0,9030.0,8600.0,Rs./Quintal,FAQ
APMC Bhokar ,0.8,Metric Tonnes,Other,7500.0,7900.0,7700.0,Rs./Quintal,Non-FAQ
APMC Daryapur ,60.0,Metric Tonnes,Other,8000.0,8810.0,8450.0,Rs./Quintal,FAQ
APMC Dondaicha ,0.1,Metric Tonnes,Other,8131.0,8131.0,8131.0,Rs./Quintal,FAQ
APMC Dudhani ,1.3,Metric Tonnes,Other,8470.0,8965.0,8701.0,Rs./Quintal,FAQ
APMC Jalana ,9.2,Metric Tonnes,Other,8200.0,8911.0,8200.0,Rs./Quintal,FAQ
APMC Jalana ,0.4,Metric Tonnes,Other,5500.0,5500.0,5500.0,Rs./Quintal,Non-FAQ
APMC Karanja ,35.0,Metric Tonnes,Other,8470.0,8755.0,8470.0,Rs./Quintal,FAQ
APMC Khamgaon ,65.1,Metric Tonnes,Other,8150.0,8925.0,8538.0,Rs./Quintal,FAQ
APMC Khamgaon ,1.8,Metric Tonnes,Other,3500.0,7700.0,5600.0,Rs./Quintal,Non-FAQ
APMC Kille Dharur ,0.2,Metric Tonnes,Other,8000.0,8200.0,8000.0,Rs./Quintal,FAQ
APMC Lasur Station ,1.3,Metric Tonnes,Other,5000.0,7000.0,6500.0,Rs./Quintal,Non-FAQ
APMC Loha ,0.4,Metric Tonnes,Other,8550.0,8700.0,8600.0,Rs./Quintal,FAQ
APMC Malkapur ,40.1,Metric Tonnes,Other,8650.0,8905.0,8700.0,Rs./Quintal,FAQ
APMC Malkapur ,2.0,Metric Tonnes,Other,7500.0,7500.0,7500.0,Rs./Quintal,Non-FAQ
APMC Mangrulpeer ,7.9,Metric Tonnes,Other,8000.0,8505.0,8250.0,Rs./Quintal,FAQ
APMC Mantha ,0.7,Metric Tonnes,Other,8000.0,8300.0,8025.0,Rs./Quintal,FAQ
APMC Mehekar ,1.0,Metric Tonnes,Other,8050.0,8525.0,8300.0,Rs./Quintal,FAQ
APMC Nandura ,55.0,Metric Tonnes,Other,8220.0,8850.0,8600.0,Rs./Quintal,FAQ
APMC Nandurbar ,0.5,Metric Tonnes,Other,7600.0,7600.0,7600.0,Rs./Quintal,Non-FAQ
APMC Patur ,0.2,Metric Tonnes,Other,7950.0,7950.0,7950.0,Rs./Quintal,Non-FAQ
APMC Pusad ,2.5,Metric Tonnes,Other,8015.0,8400.0,8295.0,Rs./Quintal,FAQ
APMC Shegaon ,0.8,Metric Tonnes,Other,8100.0,8565.0,8430.0,Rs./Quintal,FAQ
APMC Shegaon ,0.8,Metric Tonnes,Other,7350.0,7855.0,7665.0,Rs./Quintal,Non-FAQ
Barshi(Vairag) ,0.4,Metric Tonnes,Other,7300.0,7300.0,7300.0,Rs./Quintal,Non-FAQ
Jalgaon Jamod(Aasalgaon) ,7.0,Metric Tonnes,Other,7500.0,7900.0,7800.0,Rs./Quintal,Non-FAQ
"Jaykissan Krushi Uttpan Khajgi Bazar, Khamgaon, Dist Buldhana",14.54,Metric Tonnes,Other,7500.0,8751.0,8479.0,Rs./Quintal,Local
Total,443.04,Metric Tonnes,,,,8506.93,Rs./Quintal,
State/UT Name : Rajasthan
Khairthal APMC,3.3000000000000003,Metric Tonnes,Other,4600.0,5000.0,4800.0,Rs./Quintal,Non-FAQ
Total,3.3,Metric Tonnes,,,,4800.0,Rs./Quintal,
State/UT Name : Telangana
Bhainsa APMC,1.4,Metric Tonnes,Arhar (Whole),7839.0,7989.0,7989.0,Rs./Quintal,FAQ
Total,1.4,Metric Tonnes,,,,7989.0,Rs./Quintal,
State/UT Name : Uttar Pradesh
Bindki APMC,3.305,Metric Tonnes,Other,7000.0,7000.0,7000.0,Rs./Quintal,FAQ
Hapur APMC,0.65,Metric Tonnes,Other,14930.0,14930.0,14930.0,Rs./Quintal,FAQ
Raath APMC,18.12,Metric Tonnes,Other,7100.0,7200.0,7162.79,Rs./Quintal,FAQ
Robertsganj APMC,12.0,Metric Tonnes,Other,7050.0,7050.0,7050.0,Rs./Quintal,FAQ
Total,34.08,Metric Tonnes,,,,7255.44,Rs./Quintal,
Grand Total,2014.68,Metric Tonnes,,,,7857.6,Rs./Quintal,
Commodity Group Name : Vegetables
Cabbage
State/UT Name : Andhra Pradesh
Palamaner APMC,5.9,Metric Tonnes,Cabbage,600.0,1000.0,800.0,Rs./Quintal,FAQ
Total,5.9,Metric Tonnes,,,,800.0,Rs./Quintal,
State/UT Name : Assam
Balugaon APMC,2.5,Metric Tonnes,Cabbage,1800.0,2200.0,2000.0,Rs./Quintal,Local
Besimari APMC,2.4000000000000004,Metric Tonnes,Cabbage,1800.0,2200.0,2000.0,Rs./Quintal,Local
Dhekiajuli APMC,1.6,Metric Tonnes,Cabbage,2600.0,2800.0,2800.0,Rs./Quintal,FAQ
Pamohi(Garchuk) APMC,13.0,Metric Tonnes,Cabbage,2000.0,2500.0,2200.0,Rs./Quintal,FAQ
Tinsukia Market,3.0,Metric Tonnes,Cabbage,2500.0,3500.0,3000.0,Rs./Quintal,FAQ
Total,22.5,Metric Tonnes,,,,2305.78,Rs./Quintal,
State/UT Name : Bihar
Benipatti APMC,1.0,Metric Tonnes,Cabbage,2800.0,3000.0,2900.0,Rs./Quintal,FAQ
Bhagwanpur Mandi APMC,6.5,Metric Tonnes,Cabbage,2700.0,2700.0,2700.0,Rs./Quintal,Grade A
Khagaria APMC,0.12,Metric Tonnes,Cabbage,2249.999775,2416.666425,2283.333105,Rs./Quintal,Grade A
Supaul APMC,1.0,Metric Tonnes,Cabbage,2500.0,3500.0,3000.0,Rs./Quintal,Grade A
Total,8.62,Metric Tonnes,,,,2752.2,Rs./Quintal,
State/UT Name : Chandigarh
Chandigarh (Grain/F&V) APMC,22.200000000000003,Metric Tonnes,Cabbage,500.0,1200.0,1100.0,Rs./Quintal,FAQ
Total,22.2,Metric Tonnes,,,,1100.0,Rs./Quintal,
State/UT Name : Chattisgarh
Durg APMC,38.8,Metric Tonnes,Cabbage,1200.0,1600.0,1200.0,Rs./Quintal,Medium
Gandai APMC,13.0,Metric Tonnes,Cabbage,800.0,1200.0,1000.0,Rs./Quintal,Grade B
Rajnandgaon APMC,28.8,Metric Tonnes,Cabbage,1000.0,1200.0,1100.0,Rs./Quintal,Grade B
Tiphra APMC,11.0,Metric Tonnes,Cabbage,1600.0,1800.0,1700.0,Rs./Quintal,Grade B
Total,91.6,Metric Tonnes,,,,1200.22,Rs./Quintal,
State/UT Name : Gujarat
Ahmedabad APMC,80.9,Metric Tonnes,Other,1000.0,1800.0,1400.0,Rs./Quintal,FAQ
"Anand(Veg,Yard,Anand) APMC",3.0,Metric Tonnes,Cabbage,1000.0,1500.0,1250.0,Rs./Quintal,Grade B
Ankleshwar APMC,6.0,Metric Tonnes,Cabbage,800.0,1350.0,1200.0,Rs./Quintal,Grade A
Bharuch APMC,11.5,Metric Tonnes,Other,1000.0,1500.0,1200.0,Rs./Quintal,Local
Bilimora APMC,6.0,Metric Tonnes,Other,1250.0,1600.0,1500.0,Rs./Quintal,FAQ
Dahod(Veg. Market) APMC,1.0,Metric Tonnes,Cabbage,1000.0,2000.0,1500.0,Rs./Quintal,Local
Deesa(Deesa Veg Yard) APMC,28.8,Metric Tonnes,Other,1200.0,2200.0,1700.0,Rs./Quintal,FAQ
Himatnagar(Veg.Market Himatnagar) APMC,1.8,Metric Tonnes,Cabbage,1500.0,2000.0,1800.0,Rs./Quintal,Local
Kapadvanj APMC,4.0,Metric Tonnes,Cabbage,1200.0,1300.0,1250.0,Rs./Quintal,Medium
Khambhat(Veg Yard Khambhat) APMC,0.30000000000000004,Metric Tonnes,Other,1500.0,2500.0,2000.0,Rs./Quintal,Local
Mansa(Manas Veg Yard) APMC,1.0,Metric Tonnes,Other,2000.0,2000.0,2000.0,Rs./Quintal,Local
Mehsana(Mehsana Veg) APMC,10.0,Metric Tonnes,Other,1000.0,2600.0,1900.0,Rs./Quintal,Local
Morbi APMC,4.2,Metric Tonnes,Cabbage,1500.0,2000.0,1750.0,Rs./Quintal,FAQ
Nadiyad(Piplag) APMC,11.0,Metric Tonnes,Cabbage,1000.0,1500.0,1250.0,Rs./Quintal,FAQ
Navsari APMC,4.720000000000001,Metric Tonnes,Cabbage,1500.0,2000.0,1750.0,Rs./Quintal,Local
Padra APMC,1.9000000000000001,Metric Tonnes,Other,1250.0,1500.0,1400.0,Rs./Quintal,FAQ
Surat APMC,151.0,Metric Tonnes,Cabbage,600.0,2000.0,1300.0,Rs./Quintal,FAQ
Vadhvan APMC,2.3000000000000003,Metric Tonnes,Cabbage,1000.0,1500.0,1250.0,Rs./Quintal,Medium
Total,329.42,Metric Tonnes,,,,1391.86,Rs./Quintal,
State/UT Name : Haryana
Bahadurgarh APMC,0.30000000000000004,Metric Tonnes,Other,1700.0,1800.0,1750.0,Rs./Quintal,Medium
Ballabhgarh APMC,3.7,Metric Tonnes,Other,1500.0,2000.0,1700.0,Rs./Quintal,FAQ
Barwala(Hisar) APMC,0.2,Metric Tonnes,Cabbage,2000.0,2500.0,2250.0,Rs./Quintal,Local
Ganaur APMC,2.2,Metric Tonnes,Cabbage,2500.0,3000.0,2800.0,Rs./Quintal,Medium
Gurgaon APMC,21.0,Metric Tonnes,Other,800.0,1200.0,1000.0,Rs./Quintal,Grade B
Hansi APMC,1.4,Metric Tonnes,Other,2500.0,3000.0,2750.0,Rs./Quintal,FAQ
Jagadhri APMC,1.4720000000000002,Metric Tonnes,Cabbage,1200.0,2000.0,1500.0,Rs./Quintal,Medium
Ladwa APMC,0.4,Metric Tonnes,Cabbage,3500.0,4000.0,4000.0,Rs./Quintal,Medium
Naraingarh APMC,0.7400000000000001,Metric Tonnes,Cabbage,700.0,2000.0,1500.0,Rs./Quintal,Medium
Narnaul APMC,0.6000000000000001,Metric Tonnes,Cabbage,2000.0,3000.0,2500.0,Rs./Quintal,Medium
Panipat APMC,2.9000000000000004,Metric Tonnes,Other,1000.0,1400.0,1200.0,Rs./Quintal,Local
Sadhaura APMC,0.4,Metric Tonnes,Cabbage,1800.0,1900.0,1850.0,Rs./Quintal,Local
Shahabad APMC,0.9,Metric Tonnes,Cabbage,2000.0,2400.0,2200.0,Rs./Quintal,Medium
Shahzadpur APMC,0.248,Metric Tonnes,Cabbage,2000.0,2300.0,2300.0,Rs./Quintal,FAQ
Sonepat APMC,3.0,Metric Tonnes,Other,1600.0,2000.0,1800.0,Rs./Quintal,FAQ
Thanesar APMC,1.9000000000000001,Metric Tonnes,Cabbage,2000.0,3500.0,2750.0,Rs./Quintal,Local
Total,41.36,Metric Tonnes,,,,1501.17,Rs./Quintal,
State/UT Name : Himachal Pradesh
PMY Bilaspur,1.2000000000000002,Metric Tonnes,Cabbage,2500.0,3000.0,2800.0,Rs./Quintal,Grade B
PMY Chamba,0.588,Metric Tonnes,Cabbage,2000.0,2500.0,2250.0,Rs./Quintal,Medium
PMY Hamirpur,0.4,Metric Tonnes,Cabbage,3000.0,3000.0,3000.0,Rs./Quintal,Grade B
PMY Kangni Mandi,0.05,Metric Tonnes,Cabbage,2000.0,2300.0,2200.0,Rs./Quintal,FAQ
PMY Kangra,0.6000000000000001,Metric Tonnes,Cabbage,2200.0,2500.0,2350.0,Rs./Quintal,FAQ
PMY Kather Solan,2.6,Metric Tonnes,Cabbage,1400.0,2500.0,2000.0,Rs./Quintal,Medium
PMY Kullu,1.0,Metric Tonnes,Other,2000.0,2500.0,2200.0,Rs./Quintal,FAQ
PMY Paonta Sahib,0.30000000000000004,Metric Tonnes,Other,2800.0,3200.0,3000.0,Rs./Quintal,FAQ
PMY Una,0.985,Metric Tonnes,Cabbage,2500.0,2800.0,2600.0,Rs./Quintal,Local
SMY Baijnath,0.4,Metric Tonnes,Cabbage,2000.0,2500.0,2500.0,Rs./Quintal,Grade A
SMY Bandrol,0.6,Metric Tonnes,Other,1000.0,1600.0,1200.0,Rs./Quintal,FAQ
SMY Bhuntar,1.2,Metric Tonnes,Other,1500.0,2000.0,1800.0,Rs./Quintal,FAQ
SMY Chail Chowk,0.30000000000000004,Metric Tonnes,Cabbage,1200.0,1400.0,1300.0,Rs./Quintal,Local
SMY Chauri Bihal,0.1,Metric Tonnes,Other,2000.0,2100.0,2050.0,Rs./Quintal,Grade Range-1
SMY Dhanotu,0.5,Metric Tonnes,Cabbage,1500.0,2000.0,1750.0,Rs./Quintal,FAQ
SMY Dharamshala,0.30000000000000004,Metric Tonnes,Cabbage,2800.0,3000.0,2900.0,Rs./Quintal,FAQ
SMY Jaisinghpur,0.1,Metric Tonnes,Cabbage,2800.0,3200.0,3000.0,Rs./Quintal,FAQ
SMY Jogindernagar,0.15000000000000002,Metric Tonnes,Cabbage,1500.0,2500.0,2000.0,Rs./Quintal,Grade B
SMY Nagrota Bagwan,0.2,Metric Tonnes,Cabbage,2200.0,2500.0,2400.0,Rs./Quintal,FAQ
SMY Nalagarh,0.5,Metric Tonnes,Other,2000.0,2500.0,2500.0,Rs./Quintal,Medium
SMY Nerwa,2.6,Metric Tonnes,Cabbage,1000.0,1800.0,1400.0,Rs./Quintal,Grade A
SMY Palampur,1.7000000000000002,Metric Tonnes,Cabbage,2500.0,3000.0,2800.0,Rs./Quintal,FAQ
SMY Rampur,0.5820000000000001,Metric Tonnes,Other,3000.0,3500.0,3200.0,Rs./Quintal,Local
SMY Rohroo,0.2,Metric Tonnes,Other,2200.0,2400.0,2300.0,Rs./Quintal,Grade B
Total,17.16,Metric Tonnes,,,,2188.07,Rs./Quintal,
State/UT Name : Jammu and Kashmir
Kathua (F&V),2.0,Metric Tonnes,Cabbage,2500.0,3000.0,2750.0,Rs./Quintal,FAQ
MAC F&V Market Narwal Jammu,10.0,Metric Tonnes,Cabbage,2000.0,2500.0,2250.0,Rs./Quintal,FAQ
Parimpore Srinagar (F&V),9.0,Metric Tonnes,Other,1600.0,1800.0,1700.0,Rs./Quintal,Grade A
Total,21.0,Metric Tonnes,,,,2061.9,Rs./Quintal,
State/UT Name : Karnataka
Bangarpet APMC,0.8,Metric Tonnes,Cabbage,300.0,1500.0,800.0,Rs./Quintal,Local
Belgaum APMC,2.5,Metric Tonnes,Cabbage,2500.0,3000.0,2500.0,Rs./Quintal,Large
Binny Mill (FF&V) Bengaluru APMC,33.4,Metric Tonnes,Cabbage,1600.0,1800.0,1600.0,Rs./Quintal,Local
Chamarajanagar APMC,1.0,Metric Tonnes,Cabbage,900.0,1200.0,1050.0,Rs./Quintal,Local
Chickkaballapura APMC,70.0,Metric Tonnes,Cabbage,500.0,600.0,550.0,Rs./Quintal,Local
Chikkamagaluru APMC,4.5,Metric Tonnes,Cabbage,1800.0,1900.0,1850.0,Rs./Quintal,Local
Davangere APMC,1.2000000000000002,Metric Tonnes,Cabbage,700.0,2100.0,1300.0,Rs./Quintal,Local
Gauribidanur APMC,1.0,Metric Tonnes,Cabbage,800.0,1300.0,1000.0,Rs./Quintal,Local
Honnali APMC,3.0,Metric Tonnes,Cabbage,500.0,600.0,550.0,Rs./Quintal,Medium
Hospet APMC,6.300000000000001,Metric Tonnes,Cabbage,1000.0,1200.0,1200.0,Rs./Quintal,Local
Kolar APMC,7.9,Metric Tonnes,Cabbage,600.0,800.0,700.0,Rs./Quintal,Local
Mysuru APMC,8.700000000000001,Metric Tonnes,Cabbage,700.0,800.0,800.0,Rs./Quintal,Medium
Ramanagara APMC,1.6,Metric Tonnes,Cabbage,1000.0,1800.0,1400.0,Rs./Quintal,Local
Shimoga APMC,2.5,Metric Tonnes,Cabbage,500.0,600.0,550.0,Rs./Quintal,Local
Total,144.4,Metric Tonnes,,,,942.38,Rs./Quintal,
State/UT Name : Keralam
Adimali Market,0.05,Metric Tonnes,Cabbage,5000.0,6000.0,5500.0,Rs./Quintal,Medium
Aluva Market,12.0,Metric Tonnes,Cabbage,2000.0,3000.0,2500.0,Rs./Quintal,FAQ
Anchal Market,0.45,Metric Tonnes,Cabbage,6000.0,6000.0,6000.0,Rs./Quintal,Medium
Angamaly Market,1.0,Metric Tonnes,Cabbage,3800.0,6000.0,4900.0,Rs./Quintal,FAQ
Aralamoodu Market,1.0,Metric Tonnes,Cabbage,4000.0,4500.0,4500.0,Rs./Quintal,FAQ
Aroor Market,0.2,Metric Tonnes,Other,4500.0,4700.0,4600.0,Rs./Quintal,FAQ
Athirampuzha Market,0.5,Metric Tonnes,Cabbage,2800.0,3000.0,2900.0,Rs./Quintal,FAQ
Broadway market Market,0.4,Metric Tonnes,Cabbage,3000.0,4000.0,3200.0,Rs./Quintal,Medium
Chala Market,3.0,Metric Tonnes,Other,2000.0,2200.0,2000.0,Rs./Quintal,FAQ
Chavakkad Market,0.2,Metric Tonnes,Cabbage,2800.0,3600.0,3600.0,Rs./Quintal,FAQ
Chelakkara Market,0.2,Metric Tonnes,Cabbage,3000.0,3400.0,3200.0,Rs./Quintal,FAQ
Chengannur Market,0.6,Metric Tonnes,Other,3000.0,3300.0,3200.0,Rs./Quintal,FAQ
Cherthala Market,0.3,Metric Tonnes,Cabbage,4000.0,4200.0,4100.0,Rs./Quintal,FAQ
Ettumanoor Market,1.0,Metric Tonnes,Cabbage,2600.0,3000.0,2700.0,Rs./Quintal,FAQ
Harippad Market,0.9,Metric Tonnes,Cabbage,4500.0,5000.0,4500.0,Rs./Quintal,FAQ
Kallachi Market,0.1,Metric Tonnes,Cabbage,2300.0,2700.0,2500.0,Rs./Quintal,FAQ
Kanjangadu Market,0.5,Metric Tonnes,Cabbage,3300.0,4000.0,3600.0,Rs./Quintal,FAQ
Kanjirappally Market,0.5,Metric Tonnes,Cabbage,3500.0,4000.0,3800.0,Rs./Quintal,FAQ
Kattakada Market,3.8,Metric Tonnes,Other,3500.0,3500.0,3500.0,Rs./Quintal,Grade B
Kattappana Market,1.0,Metric Tonnes,Other,3000.0,3400.0,3200.0,Rs./Quintal,Medium
Kayamkulam Market,1.0,Metric Tonnes,Other,2700.0,2900.0,2800.0,Rs./Quintal,FAQ
Koduvayoor Market,0.9,Metric Tonnes,Cabbage,1300.0,1700.0,1500.0,Rs./Quintal,Medium
Kollengode Market,0.9,Metric Tonnes,Cabbage,1600.0,2000.0,1800.0,Rs./Quintal,FAQ
Kondotty Market,0.25,Metric Tonnes,Other,2000.0,2600.0,2500.0,Rs./Quintal,FAQ
Kottakkal Market,3.0,Metric Tonnes,Other,1600.0,1800.0,1700.0,Rs./Quintal,Local
Kottarakkara Market,0.01,Metric Tonnes,Other,2000.0,2000.0,2000.0,Rs./Quintal,Local
Mukkom Market,0.4,Metric Tonnes,Cabbage,2600.0,2900.0,2800.0,Rs./Quintal,FAQ
Neeleswaram Market,0.7,Metric Tonnes,Other,3800.0,4200.0,4000.0,Rs./Quintal,FAQ
Neyyatinkara Market,0.02,Metric Tonnes,Other,3400.0,4000.0,3700.0,Rs./Quintal,FAQ
North Paravur Market,1.0,Metric Tonnes,Cabbage,2000.0,3000.0,2500.0,Rs./Quintal,FAQ
Pala Market,1.0,Metric Tonnes,Cabbage,3600.0,4400.0,4000.0,Rs./Quintal,FAQ
Palakkad Market,2.0,Metric Tonnes,Cabbage,1800.0,2500.0,2200.0,Rs./Quintal,FAQ
Pampady Market,1.0,Metric Tonnes,Cabbage,4500.0,5500.0,5000.0,Rs./Quintal,FAQ
Parappanangadi Market,1.5,Metric Tonnes,Other,1300.0,1500.0,1400.0,Rs./Quintal,FAQ
Pattambi Market,0.3,Metric Tonnes,Cabbage,2500.0,3000.0,2800.0,Rs./Quintal,FAQ
Perambra Market,0.25,Metric Tonnes,Other,2500.0,3000.0,2800.0,Rs./Quintal,FAQ
Perinthalmanna Market,5.0,Metric Tonnes,Cabbage,1500.0,2200.0,2000.0,Rs./Quintal,Large
Perumbavoor Market,3.0,Metric Tonnes,Cabbage,3000.0,4000.0,3500.0,Rs./Quintal,Medium
Piravam Market,5.0,Metric Tonnes,Cabbage,5000.0,6000.0,5500.0,Rs./Quintal,Local
Pothencode Market,500.0,Metric Tonnes,Cabbage,4500.0,4600.0,4500.0,Rs./Quintal,Local
Quilandy Market,0.33,Metric Tonnes,Other,3200.0,3500.0,3300.0,Rs./Quintal,FAQ
Thamarassery Market,0.3,Metric Tonnes,Other,3200.0,3400.0,3200.0,Rs./Quintal,FAQ
Thirurrangadi Market,6.0,Metric Tonnes,Other,2200.0,2500.0,2400.0,Rs./Quintal,FAQ
Thrippunithura Market,1.0,Metric Tonnes,Cabbage,5000.0,6000.0,5200.0,Rs./Quintal,Medium
Thrissur Market,6.0,Metric Tonnes,Cabbage,3000.0,3000.0,3000.0,Rs./Quintal,FAQ
Vadakkenchery Market,0.24,Metric Tonnes,Cabbage,3500.0,4000.0,4000.0,Rs./Quintal,FAQ
Vamanapuram Market,0.12,Metric Tonnes,Cabbage,3000.0,3500.0,3500.0,Rs./Quintal,FAQ
vadakarapathy Market,0.3,Metric Tonnes,Cabbage,1500.0,2000.0,1700.0,Rs./Quintal,FAQ
Total,569.22,Metric Tonnes,,,,4318.76,Rs./Quintal,
State/UT Name : Madhya Pradesh
Badwani(F&V) APMC,0.435,Metric Tonnes,Cabbage,1200.0,1200.0,1200.0,Rs./Quintal,Local
Bareli(F&V) APMC,0.49,Metric Tonnes,Cabbage,1200.0,1200.0,1200.0,Rs./Quintal,Grade A
Betul(F&V) APMC,1.0,Metric Tonnes,Cabbage,1000.0,1500.0,1200.0,Rs./Quintal,FAQ
Burhanpur(F&V) APMC,2.1,Metric Tonnes,Cabbage,800.0,1400.0,1200.0,Rs./Quintal,Local
Chhatarpur (F&V) APMC,2.7,Metric Tonnes,Other,1500.0,1500.0,1500.0,Rs./Quintal,Grade C
Dewas(F&V) APMC,1.2000000000000002,Metric Tonnes,Other,600.0,1600.0,800.0,Rs./Quintal,FAQ
Gadarwada (F&V) APMC,0.1,Metric Tonnes,Cabbage,2000.0,2000.0,2000.0,Rs./Quintal,Grade B
Haatpipliya (F&V) APMC,0.17800000000000002,Metric Tonnes,Cabbage,1000.0,1800.0,1400.0,Rs./Quintal,Local
Harda(F&V) APMC,1.5,Metric Tonnes,Other,1000.0,1500.0,1200.0,Rs./Quintal,Medium
Indore(F&V) APMC,90.0,Metric Tonnes,Cabbage,400.0,800.0,600.0,Rs./Quintal,Local
Itarsi(F&V) APMC,0.3,Metric Tonnes,Cabbage,1200.0,1200.0,1200.0,Rs./Quintal,FAQ
Kailaras APMC,0.323,Metric Tonnes,Cabbage,1200.0,2100.0,2100.0,Rs./Quintal,FAQ
Katni(F&V) APMC,0.5,Metric Tonnes,Other,800.0,1600.0,1120.0,Rs./Quintal,Grade C
Khandwa(F&V) APMC,1.2000000000000002,Metric Tonnes,Cabbage,300.0,600.0,500.0,Rs./Quintal,FAQ
Khargone(F&V) APMC,0.08,Metric Tonnes,Cabbage,700.0,1000.0,900.0,Rs./Quintal,Medium
Kukshi(F&V) APMC,1.6,Metric Tonnes,Cabbage,500.0,1000.0,700.0,Rs./Quintal,Grade A
Manawar(F&V) APMC,0.5,Metric Tonnes,Cabbage,1100.0,1400.0,1200.0,Rs./Quintal,Grade B
Mandsaur(F&V) APMC,2.1,Metric Tonnes,Cabbage,800.0,1250.0,975.0,Rs./Quintal,Grade B
Narmadapuram (F&V) APMC,0.8,Metric Tonnes,Cabbage,910.0,1560.0,1030.0,Rs./Quintal,FAQ
Petlawad(F&V) APMC,0.3,Metric Tonnes,Cabbage,1200.0,1200.0,1200.0,Rs./Quintal,Grade A
Pipariya(F&V) APMC,1.4,Metric Tonnes,Cabbage,800.0,2100.0,1400.0,Rs./Quintal,Local
Ratlam(F&V) APMC,1.5,Metric Tonnes,Other,1200.0,2000.0,1800.0,Rs./Quintal,FAQ
Rewa(F&V) APMC,1.2,Metric Tonnes,Cabbage,1100.0,1100.0,1100.0,Rs./Quintal,Medium
Sarangpur(F&V) APMC,2.3,Metric Tonnes,Cabbage,1000.0,1100.0,1043.48,Rs./Quintal,Grade B
Sehore(F&V) APMC,2.0,Metric Tonnes,Cabbage,1200.0,1600.0,1500.0,Rs./Quintal,Grade Range-1
Sendhwa(F&V) APMC,0.8,Metric Tonnes,Cabbage,800.0,1100.0,900.0,Rs./Quintal,Medium
Thandla APMC,0.45,Metric Tonnes,Cabbage,900.0,1300.0,1100.0,Rs./Quintal,FAQ
Ujjain(F&V) APMC,0.42000000000000004,Metric Tonnes,Cabbage,430.0,1975.0,1276.0,Rs./Quintal,Medium
Total,117.48,Metric Tonnes,,,,735.83,Rs./Quintal,
State/UT Name : Maharashtra
APMC Akluj ,1.5,Metric Tonnes,Other,550.0,800.0,700.0,Rs./Quintal,Local
APMC Bhusaval ,0.4,Metric Tonnes,Other,1000.0,1500.0,1500.0,Rs./Quintal,Local
APMC Dharashiv ,0.4,Metric Tonnes,Other,900.0,1300.0,1100.0,Rs./Quintal,Local
APMC Jalgaon ,5.0,Metric Tonnes,Other,500.0,1000.0,700.0,Rs./Quintal,Local
APMC Kalmeshwar ,0.2,Metric Tonnes,Other,1050.0,1500.0,1340.0,Rs./Quintal,Local
APMC Kamthi ,0.3,Metric Tonnes,Other,2000.0,2500.0,2250.0,Rs./Quintal,Local
APMC Khed ,6.2,Metric Tonnes,Other,400.0,1000.0,800.0,Rs./Quintal,Local
APMC Mumbai ,106.9,Metric Tonnes,Other,600.0,800.0,700.0,Rs./Quintal,Local
APMC Nasik ,61.2,Metric Tonnes,Other,416.0,1080.0,830.0,Rs./Quintal,Local
APMC Navapur ,1.9,Metric Tonnes,Other,700.0,1000.0,953.0,Rs./Quintal,Local
APMC Palus ,0.5,Metric Tonnes,Other,900.0,1000.0,900.0,Rs./Quintal,Local
APMC Pune ,76.4,Metric Tonnes,Other,800.0,1500.0,1150.0,Rs./Quintal,Local
APMC Rahata ,0.5,Metric Tonnes,Other,800.0,1000.0,900.0,Rs./Quintal,Local
APMC Ratnagiri (Nachane) ,1.5,Metric Tonnes,Other,1000.0,1500.0,1200.0,Rs./Quintal,Local
APMC Shrirampur ,3.6,Metric Tonnes,Other,400.0,600.0,500.0,Rs./Quintal,Local
APMC Solapur ,5.2,Metric Tonnes,Other,500.0,900.0,700.0,Rs./Quintal,Local
APMC Vadgaonpeth ,5.6,Metric Tonnes,Other,1000.0,2500.0,2000.0,Rs./Quintal,Local
APMC Vai ,1.5,Metric Tonnes,Other,1000.0,1500.0,1250.0,Rs./Quintal,Local
Amrawati(Frui & Veg. Market) ,9.0,Metric Tonnes,Other,1000.0,1500.0,1250.0,Rs./Quintal,Local
Junnar(Narayangaon) ,46.2,Metric Tonnes,Other,250.0,950.0,600.0,Rs./Quintal,Local
Junnar(Otur) ,43.4,Metric Tonnes,Other,500.0,900.0,700.0,Rs./Quintal,Local
Pune(Khadiki) ,1.8,Metric Tonnes,Other,700.0,1200.0,950.0,Rs./Quintal,Local
Pune(Manjri) ,11.2,Metric Tonnes,Other,600.0,800.0,700.0,Rs./Quintal,Local
Pune(Moshi) ,17.9,Metric Tonnes,Other,900.0,1000.0,950.0,Rs./Quintal,Local
Pune(Pimpri) ,1.2,Metric Tonnes,Other,1000.0,1200.0,1100.0,Rs./Quintal,Local
Total,409.5,Metric Tonnes,,,,843.05,Rs./Quintal,
State/UT Name : Manipur
Imphal APMC,0.6,Metric Tonnes,Other,4000.0,5000.0,4500.0,Rs./Quintal,Medium
Total,0.6,Metric Tonnes,,,,4500.0,Rs./Quintal,
State/UT Name : Meghalaya
Shillong APMC,6.0,Metric Tonnes,MH-139,2500.0,2600.0,2550.0,Rs./Quintal,FAQ
Total,6.0,Metric Tonnes,,,,2550.0,Rs./Quintal,
State/UT Name : NCT of Delhi
"Fruit&Vegetable Market,Gazipur APMC",157.57,Metric Tonnes,Cabbage,1400.0,1800.0,1600.0,Rs./Quintal,FAQ
Total,157.57,Metric Tonnes,,,,1600.0,Rs./Quintal,
State/UT Name : Nagaland
Jalukie APMC,0.4,Metric Tonnes,Cabbage,3700.0,3700.0,3700.0,Rs./Quintal,FAQ
Kipheri APMC,1.0,Metric Tonnes,Cabbage,3000.0,3200.0,3100.0,Rs./Quintal,FAQ
Total,1.4,Metric Tonnes,,,,3271.43,Rs./Quintal,
State/UT Name : Odisha
Angaura APMC,2.5,Metric Tonnes,Other,4000.0,4900.0,4400.0,Rs./Quintal,Large
Attabira APMC,1.04,Metric Tonnes,Cabbage,1400.0,1750.0,1600.0,Rs./Quintal,Local
Bargarh APMC,255.0,Metric Tonnes,Cabbage,2000.0,3000.0,2500.0,Rs./Quintal,Small
Bargarh(Barapalli) APMC,111.0,Metric Tonnes,Cabbage,2000.0,3000.0,2500.0,Rs./Quintal,Medium
Baripada APMC,1.0,Metric Tonnes,Cabbage,3500.0,4000.0,3800.0,Rs./Quintal,Medium
Bhanjanagar APMC,1.85,Metric Tonnes,Cabbage,2400.0,2600.0,2500.0,Rs./Quintal,Medium
Birmaharajpur APMC,1.4000000000000001,Metric Tonnes,Cabbage,3500.0,3800.0,3600.0,Rs./Quintal,Local
Bolangir APMC,3.2,Metric Tonnes,Other,2200.0,2600.0,2400.0,Rs./Quintal,Large
Boudh APMC,1.0,Metric Tonnes,Other,4500.0,5500.0,5000.0,Rs./Quintal,Local
Champua APMC,0.4,Metric Tonnes,Other,6000.0,6000.0,6000.0,Rs./Quintal,Local
Champua(Jhumpura) APMC,0.05,Metric Tonnes,Other,6000.0,6000.0,6000.0,Rs./Quintal,Local
Dhenkanal APMC,0.1,Metric Tonnes,Cabbage,3800.0,4100.0,4000.0,Rs./Quintal,Grade B
Gunpur APMC,2.0,Metric Tonnes,Cabbage,6840.0,7900.0,7440.0,Rs./Quintal,Large
Kalahandi(Dharamagarh) APMC,1.3,Metric Tonnes,Other,2600.0,3200.0,2900.0,Rs./Quintal,Grade B
Kamakhyanagar APMC,0.2,Metric Tonnes,Cabbage,4000.0,4000.0,4000.0,Rs./Quintal,Grade A
Kantabaji APMC,1.9000000000000001,Metric Tonnes,Cabbage,2000.0,3000.0,2500.0,Rs./Quintal,Grade B
Kesinga APMC,0.2,Metric Tonnes,Other,2700.0,3300.0,3000.0,Rs./Quintal,Grade B
Koraput APMC,4.0,Metric Tonnes,Cabbage,2500.0,3500.0,3000.0,Rs./Quintal,Grade B
Koraput(Semilguda) APMC,5.0,Metric Tonnes,Cabbage,2500.0,3500.0,3000.0,Rs./Quintal,Grade B
Mukhiguda APMC,0.9,Metric Tonnes,Cabbage,2400.0,2700.0,2550.0,Rs./Quintal,Grade B
Nabarangpur(Umerkote) APMC,6.2,Metric Tonnes,Cabbage,2800.0,2800.0,2800.0,Rs./Quintal,Grade B
Panposh APMC,1.0,Metric Tonnes,Cabbage,3000.0,4000.0,3500.0,Rs./Quintal,FAQ
Rayagada APMC,11.0,Metric Tonnes,Cabbage,1500.0,1600.0,1600.0,Rs./Quintal,Local
Sarankul APMC,1.0,Metric Tonnes,Other,1550.0,1850.0,1700.0,Rs./Quintal,Grade Range-2
Saraskana APMC,0.045,Metric Tonnes,Cabbage,3500.0,4000.0,3800.0,Rs./Quintal,Medium
Tusura APMC,2.6,Metric Tonnes,Other,2200.0,2600.0,2400.0,Rs./Quintal,Large
Udala APMC,0.85,Metric Tonnes,Cabbage,3000.0,3500.0,3200.0,Rs./Quintal,FAQ
Total,416.74,Metric Tonnes,,,,2544.29,Rs./Quintal,
State/UT Name : Punjab
Adampur APMC,0.2,Metric Tonnes,Cabbage,1800.0,2000.0,2000.0,Rs./Quintal,FAQ
Balachaur APMC,0.1,Metric Tonnes,Other,2000.0,2000.0,2000.0,Rs./Quintal,Medium
Bassi Pathana APMC,0.2,Metric Tonnes,Cabbage,1500.0,2000.0,1800.0,Rs./Quintal,Medium
Dasuya APMC,0.2,Metric Tonnes,Cabbage,2000.0,2000.0,2000.0,Rs./Quintal,FAQ
Dudhansadhan APMC,0.1,Metric Tonnes,Other,2500.0,2500.0,2500.0,Rs./Quintal,Grade B
Faridkot APMC,0.755,Metric Tonnes,Cabbage,2500.0,2500.0,2500.0,Rs./Quintal,Grade A
Garh Shankar APMC,0.3,Metric Tonnes,Cabbage,1700.0,1700.0,1700.0,Rs./Quintal,FAQ
Gurdaspur APMC,0.7,Metric Tonnes,Other,1250.0,1250.0,1250.0,Rs./Quintal,Grade A
Jagraon APMC,0.4,Metric Tonnes,Other,300.0,300.0,300.0,Rs./Quintal,FAQ
Jalalabad APMC,0.55,Metric Tonnes,Other,3200.0,3500.0,3300.0,Rs./Quintal,Medium
Khanna APMC,1.3,Metric Tonnes,Other,800.0,800.0,800.0,Rs./Quintal,Grade A
Kurali APMC,0.7000000000000001,Metric Tonnes,Other,2100.0,2200.0,2150.0,Rs./Quintal,Medium
Lehra Gaga APMC,0.1,Metric Tonnes,Other,2500.0,2500.0,2500.0,Rs./Quintal,Grade A
Malerkotla APMC,3.8000000000000003,Metric Tonnes,Other,1500.0,2000.0,1700.0,Rs./Quintal,Local
Malout APMC,0.804,Metric Tonnes,Cabbage,3200.0,3200.0,3200.0,Rs./Quintal,Grade A
Muktsar APMC,0.15000000000000002,Metric Tonnes,Cabbage,2000.0,2500.0,2200.0,Rs./Quintal,Medium
Naushera Pannuan APMC,0.075,Metric Tonnes,Cabbage,1850.0,1850.0,1850.0,Rs./Quintal,Local
Nawan Shahar(Subzi Mandi) APMC,0.39,Metric Tonnes,Cabbage,2000.0,2200.0,2100.0,Rs./Quintal,FAQ
Patiala APMC,3.1,Metric Tonnes,Cabbage,1000.0,2000.0,1500.0,Rs./Quintal,Grade A
Patran APMC,2.0,Metric Tonnes,Other,2000.0,2000.0,2000.0,Rs./Quintal,Grade A
Quadian APMC,0.2,Metric Tonnes,Other,1200.0,1400.0,1300.0,Rs./Quintal,Grade A
Rampuraphul(Nabha Mandi) APMC,1.0,Metric Tonnes,Other,1500.0,2200.0,2000.0,Rs./Quintal,Grade A
Samana APMC,35.0,Metric Tonnes,Other,2300.0,3000.0,2500.0,Rs./Quintal,Local
Sirhind APMC,0.30000000000000004,Metric Tonnes,Other,2000.0,2500.0,2300.0,Rs./Quintal,FAQ
Tanda Urmur APMC,0.30000000000000004,Metric Tonnes,Cabbage,2000.0,3000.0,2500.0,Rs./Quintal,Grade A
Total,52.72,Metric Tonnes,,,,2271.89,Rs./Quintal,
State/UT Name : Rajasthan
Chomu FV APMC,2.8000000000000003,Metric Tonnes,Other,2000.0,2400.0,2200.0,Rs./Quintal,Local
Total,2.8,Metric Tonnes,,,,2200.0,Rs./Quintal,
State/UT Name : Tamil Nadu
AJattihalli(Uzhavar Sandhai ),0.11,Metric Tonnes,Cabbage,3000.0,3400.0,3200.0,Rs./Quintal,Local
Ammapet(Uzhavar Sandhai ),0.12,Metric Tonnes,Cabbage,2600.0,3000.0,2800.0,Rs./Quintal,Local
Anaiyur(Uzhavar Sandhai ),0.23,Metric Tonnes,Cabbage,2500.0,3000.0,2750.0,Rs./Quintal,Local
Andipatti(Uzhavar Sandhai ),0.44,Metric Tonnes,Cabbage,2200.0,2400.0,2300.0,Rs./Quintal,Local
Anna nagar(Uzhavar Sandhai ),0.87,Metric Tonnes,Cabbage,2800.0,2800.0,2800.0,Rs./Quintal,Local
Arani(Uzhavar Sandhai ),0.22,Metric Tonnes,Cabbage,2500.0,3000.0,2750.0,Rs./Quintal,Local
Arcot(Uzhavar Sandhai ),0.15,Metric Tonnes,Cabbage,2500.0,2500.0,2500.0,Rs./Quintal,Local
Ariyalur(Uzhavar Sandhai),0.06,Metric Tonnes,Cabbage,3000.0,3500.0,3250.0,Rs./Quintal,Local
Aruppukottai(Uzhavar Sandhai ),0.18,Metric Tonnes,Cabbage,3500.0,4000.0,3750.0,Rs./Quintal,Local
Athur(Uzhavar Sandhai ),0.66,Metric Tonnes,Cabbage,2500.0,3000.0,2750.0,Rs./Quintal,Local
Avallapalli(Uzhavar Sandhai ),0.25,Metric Tonnes,Cabbage,1000.0,1500.0,1250.0,Rs./Quintal,Local
Bodinayakanur(Uzhavar Sandhai ),0.22,Metric Tonnes,Cabbage,2400.0,2400.0,2400.0,Rs./Quintal,Local
Chengalpet(Uzhavar Sandhai ),0.12,Metric Tonnes,Cabbage,2500.0,3000.0,2750.0,Rs./Quintal,Local
Chengam(Uzhavar Sandhai ),0.13,Metric Tonnes,Cabbage,2500.0,3000.0,2750.0,Rs./Quintal,Local
Cheyyar(Uzhavar Sandhai ),0.1,Metric Tonnes,Cabbage,2500.0,3000.0,2750.0,Rs./Quintal,Local
Chinnalapatti(Uzhavar Sandhai ),0.07,Metric Tonnes,Cabbage,3600.0,4000.0,3800.0,Rs./Quintal,Local
Chinnamanur(Uzhavar Sandhai ),0.84,Metric Tonnes,Cabbage,2400.0,2400.0,2400.0,Rs./Quintal,Local
Chokkikulam(Uzhavar Sandhai ),0.45,Metric Tonnes,Cabbage,2600.0,3000.0,2800.0,Rs./Quintal,Local
Coonoor(Uzhavar Sandhai ),0.45,Metric Tonnes,Cabbage,2200.0,2500.0,2350.0,Rs./Quintal,Local
Cuddalore(Uzhavar Sandhai ),0.22,Metric Tonnes,Cabbage,3000.0,3000.0,3000.0,Rs./Quintal,Local
Denkanikottai(Uzhavar Sandhai ),0.26,Metric Tonnes,Cabbage,1000.0,1500.0,1250.0,Rs./Quintal,Local
Devakottai (Uzhavar Sandhai ),0.13,Metric Tonnes,Cabbage,3000.0,3200.0,3100.0,Rs./Quintal,Local
Devaram(Uzhavar Sandhai ),0.24,Metric Tonnes,Cabbage,2500.0,2500.0,2500.0,Rs./Quintal,Local
Dharapuram(Uzhavar Sandhai ),1.2,Metric Tonnes,Cabbage,3000.0,3500.0,3250.0,Rs./Quintal,Local
Dharmapuri(Uzhavar Sandhai ),0.27,Metric Tonnes,Cabbage,3200.0,3400.0,3300.0,Rs./Quintal,Local
Dindigul(Uzhavar Sandhai ),0.32,Metric Tonnes,Cabbage,3000.0,4000.0,3500.0,Rs./Quintal,Local
Edapadi (Uzhavar Sandhai ),0.3,Metric Tonnes,Cabbage,3200.0,3500.0,3350.0,Rs./Quintal,Local
Elampillai(Uzhavar Sandhai ),0.25,Metric Tonnes,Cabbage,3000.0,3500.0,3250.0,Rs./Quintal,Local
Gandhigramam(Uzhavar Sandhai),0.14,Metric Tonnes,Cabbage,3500.0,4000.0,3750.0,Rs./Quintal,Local
Gingee(Uzhavar Sandhai ),0.07,Metric Tonnes,Cabbage,4000.0,4000.0,4000.0,Rs./Quintal,Local
Gobichettipalayam(Uzhavar Sandhai ),0.19,Metric Tonnes,Cabbage,2000.0,2400.0,2200.0,Rs./Quintal,Local
Gudalur(Uzhavar Sandhai ),0.03,Metric Tonnes,Cabbage,1500.0,2000.0,1750.0,Rs./Quintal,Local
Gudiyatham(Uzhavar Sandhai ),0.07,Metric Tonnes,Cabbage,3600.0,3600.0,3600.0,Rs./Quintal,Local
Guduvancheri(Uzhavar Sandhai ),0.12,Metric Tonnes,Cabbage,2200.0,2500.0,2350.0,Rs./Quintal,Local
Harur(Uzhavar Sandhai ),0.19,Metric Tonnes,Cabbage,3000.0,3500.0,3250.0,Rs./Quintal,Local
Hasthampatti(Uzhavar Sandhai ),0.22,Metric Tonnes,Cabbage,3000.0,3500.0,3250.0,Rs./Quintal,Local
Hosur(Uzhavar Sandhai ),3.45,Metric Tonnes,Cabbage,1000.0,1500.0,1250.0,Rs./Quintal,Local
Jalagandapuram(Uzhavar Sandhai ),0.07,Metric Tonnes,Cabbage,2500.0,3000.0,2750.0,Rs./Quintal,Local
Jameenrayapettai(Uzhavar Sandhai ),0.25,Metric Tonnes,Cabbage,2200.0,2500.0,2350.0,Rs./Quintal,Local
KKNagar(Uzhavar Sandhai ),0.7,Metric Tonnes,Cabbage,3200.0,3200.0,3200.0,Rs./Quintal,Local
Kahithapattarai(Uzhavar Sandhai ),0.15,Metric Tonnes,Cabbage,2500.0,2500.0,2500.0,Rs./Quintal,Local
Kallakurichi(Uzhavar Sandhai ),0.05,Metric Tonnes,Cabbage,4000.0,4000.0,4000.0,Rs./Quintal,Local
Kambam(Uzhavar Sandhai ),2.2,Metric Tonnes,Cabbage,2200.0,2500.0,2350.0,Rs./Quintal,Local
Karaikudi(Uzhavar Sandhai ),0.19,Metric Tonnes,Cabbage,3000.0,3500.0,3250.0,Rs./Quintal,Local
Karimangalam(Uzhavar Sandhai),0.11,Metric Tonnes,Cabbage,3300.0,3500.0,3400.0,Rs./Quintal,Local
Kariyapatti(Uzhavar Sandhai ),0.07,Metric Tonnes,Cabbage,3000.0,3500.0,3250.0,Rs./Quintal,Local
Karur(Uzhavar Sandhai ),0.3,Metric Tonnes,Cabbage,3500.0,4000.0,3750.0,Rs./Quintal,Local
Katpadi (Uzhavar Sandhai ),0.2,Metric Tonnes,Cabbage,2500.0,2500.0,2500.0,Rs./Quintal,Local
Kovilpatti(Uzhavar Sandhai ),0.13,Metric Tonnes,Cabbage,3000.0,3500.0,3250.0,Rs./Quintal,Local
Krishnagiri(Uzhavar Sandhai ),0.14,Metric Tonnes,Cabbage,2600.0,3000.0,2800.0,Rs./Quintal,Local
Kulithalai(Uzhavar Sandhai ),0.38,Metric Tonnes,Cabbage,3000.0,3200.0,3100.0,Rs./Quintal,Local
Kumarapalayam(Uzhavar Sandhai ),0.03,Metric Tonnes,Cabbage,2600.0,3000.0,2800.0,Rs./Quintal,Local
Kumbakonam (Uzhavar Sandhai ),0.45,Metric Tonnes,Cabbage,3000.0,3000.0,3000.0,Rs./Quintal,Local
Kundrathur(Uzhavar Sandhai ),0.15,Metric Tonnes,Cabbage,3000.0,3000.0,3000.0,Rs./Quintal,Local
Lalgudi(Uzhavar Sandhai ),0.14,Metric Tonnes,Cabbage,3000.0,3000.0,3000.0,Rs./Quintal,Local
Manachanallur(Uzhavar Sandhai ),0.13,Metric Tonnes,Cabbage,3000.0,3000.0,3000.0,Rs./Quintal,Local
Manapparai(Uzhavar Sandhai ),0.08,Metric Tonnes,Cabbage,3000.0,3000.0,3000.0,Rs./Quintal,Local
Mannargudi I(Uzhavar Sandhai ),0.65,Metric Tonnes,Cabbage,3400.0,3400.0,3400.0,Rs./Quintal,Local
Mannargudi II(Uzhavar Sandhai ),0.21,Metric Tonnes,Cabbage,3400.0,3400.0,3400.0,Rs./Quintal,Local
Mayiladuthurai(Uzhavar Sandhai ),0.03,Metric Tonnes,Cabbage,2500.0,3000.0,2750.0,Rs./Quintal,Local
Melapalayam(Uzhavar Sandhai ),0.25,Metric Tonnes,Cabbage,2200.0,2400.0,2300.0,Rs./Quintal,Local
Mettupalayam(Uzhavar Sandhai ),0.68,Metric Tonnes,Cabbage,2500.0,3000.0,2750.0,Rs./Quintal,Local
Mettur(Uzhavar Sandhai ),0.33,Metric Tonnes,Cabbage,2500.0,3000.0,2750.0,Rs./Quintal,Local
Mohanur(Uzhavar Sandhai ),0.2,Metric Tonnes,Cabbage,3000.0,3500.0,3250.0,Rs./Quintal,Local
Musiri(Uzhavar Sandhai ),0.5,Metric Tonnes,Cabbage,2500.0,3000.0,2750.0,Rs./Quintal,Local
Muthupettai(Uzhavar Sandhai ),0.04,Metric Tonnes,Cabbage,3400.0,3400.0,3400.0,Rs./Quintal,Local
Myladi(Uzhavar Sandhai ),0.02,Metric Tonnes,Cabbage,5000.0,5500.0,5250.0,Rs./Quintal,Local
NGO Colony(Uzhavar Sandhai ),0.27,Metric Tonnes,Cabbage,2000.0,2400.0,2200.0,Rs./Quintal,Local
Nagapattinam(Uzhavar Sandhai ),0.12,Metric Tonnes,Cabbage,4000.0,4500.0,4250.0,Rs./Quintal,Local
Namakkal(Uzhavar Sandhai ),0.54,Metric Tonnes,Cabbage,2000.0,2500.0,2250.0,Rs./Quintal,Local
Nanganallur(Uzhavar Sandhai ),0.05,Metric Tonnes,Cabbage,3500.0,4000.0,3750.0,Rs./Quintal,Local
Natrampalli(Uzhavar Sandhai ),0.35,Metric Tonnes,Cabbage,2500.0,3000.0,2750.0,Rs./Quintal,Local
Padappai(Uzhavar Sandhai ),0.13,Metric Tonnes,Cabbage,2000.0,2500.0,2250.0,Rs./Quintal,Local
Palacode(Uzhavar Sandhai ),0.19,Metric Tonnes,Cabbage,2800.0,3000.0,2900.0,Rs./Quintal,Local
Palanganatham(Uzhavar Sandhai ),0.2,Metric Tonnes,Cabbage,2600.0,3000.0,2800.0,Rs./Quintal,Local
Palani(Uzhavar Sandhai ),0.56,Metric Tonnes,Cabbage,2500.0,3000.0,2750.0,Rs./Quintal,Local
Palayamkottai(Uzhavar Sandhai ),2.35,Metric Tonnes,Cabbage,2200.0,2400.0,2300.0,Rs./Quintal,Local
Palladam(Uzhavar Sandhai ),0.13,Metric Tonnes,Cabbage,2500.0,3000.0,2750.0,Rs./Quintal,Local
Pallavaram(Uzhavar Sandhai ),0.58,Metric Tonnes,Cabbage,2000.0,2500.0,2250.0,Rs./Quintal,Local
Pallikonda(Uzhavar Sandhai),0.02,Metric Tonnes,Cabbage,3000.0,3000.0,3000.0,Rs./Quintal,Local
Paramathivelur(Uzhavar Sandhai ),0.22,Metric Tonnes,Cabbage,2400.0,2800.0,2600.0,Rs./Quintal,Local
Paruthipattu(Uzhavar Sandhai ),0.09,Metric Tonnes,Cabbage,4000.0,4000.0,4000.0,Rs./Quintal,Local
Pattukottai(Uzhavar Sandhai ),0.25,Metric Tonnes,Cabbage,3400.0,3400.0,3400.0,Rs./Quintal,Local
Pennagaram(Uzhavar Sandhai ),0.11,Metric Tonnes,Cabbage,3500.0,4000.0,3750.0,Rs./Quintal,Local
Perambalur(Uzhavar Sandhai ),0.39,Metric Tonnes,Cabbage,3000.0,3000.0,3000.0,Rs./Quintal,Local
Perampet(Uzhavar Sandhai),0.02,Metric Tonnes,Cabbage,3000.0,3000.0,3000.0,Rs./Quintal,Local
Periyakulam(Uzhavar Sandhai ),0.27,Metric Tonnes,Cabbage,2200.0,2400.0,2300.0,Rs./Quintal,Local
Perundurai(Uzhavar Sandhai ),0.09,Metric Tonnes,Cabbage,2000.0,2500.0,2250.0,Rs./Quintal,Local
Pollachi(Uzhavar Sandhai ),0.24,Metric Tonnes,Cabbage,3000.0,3500.0,3250.0,Rs./Quintal,Local
Polur(Uzhavar Sandhai ),0.14,Metric Tonnes,Cabbage,2500.0,3000.0,2750.0,Rs./Quintal,Local
Pudukottai(Uzhavar Sandhai ),0.27,Metric Tonnes,Cabbage,3000.0,3500.0,3250.0,Rs./Quintal,Local
RSPuram(Uzhavar Sandhai ),0.96,Metric Tonnes,Cabbage,2000.0,2200.0,2100.0,Rs./Quintal,Local
Rajapalayam(Uzhavar Sandhai ),0.26,Metric Tonnes,Cabbage,2500.0,3000.0,2750.0,Rs./Quintal,Local
Ramanathapuram(Uzhavar Sandhai ),0.1,Metric Tonnes,Cabbage,4500.0,5000.0,4750.0,Rs./Quintal,Local
Ranipettai(Uzhavar Sandhai ),0.08,Metric Tonnes,Cabbage,2500.0,2500.0,2500.0,Rs./Quintal,Local
Rasipuram(Uzhavar Sandhai ),0.86,Metric Tonnes,Cabbage,3400.0,3600.0,3500.0,Rs./Quintal,Local
Sampath Nagar(Uzhavar Sandhai ),0.32,Metric Tonnes,Cabbage,1800.0,2000.0,1900.0,Rs./Quintal,Local
Sathiyamagalam(Uzhavar Sandhai ),0.27,Metric Tonnes,Cabbage,3000.0,3400.0,3200.0,Rs./Quintal,Local
Sathur(Uzhavar Sandhai ),0.02,Metric Tonnes,Cabbage,3500.0,4000.0,3750.0,Rs./Quintal,Local
Singampunari(Uzhavar Sandhai ),0.16,Metric Tonnes,Cabbage,2800.0,3200.0,3000.0,Rs./Quintal,Local
Singanallur(Uzhavar Sandhai ),0.12,Metric Tonnes,Cabbage,2500.0,2800.0,2650.0,Rs./Quintal,Local
Sirkali(Uzhavar Sandhai ),0.18,Metric Tonnes,Cabbage,2500.0,3000.0,2750.0,Rs./Quintal,Local
Sivagangai (Uzhavar Sandhai ),0.34,Metric Tonnes,Cabbage,2800.0,3200.0,3000.0,Rs./Quintal,Local
Sivakasi(Uzhavar Sandhai ),0.03,Metric Tonnes,Cabbage,2500.0,3000.0,2750.0,Rs./Quintal,Local
Sooramangalam(Uzhavar Sandhai ),0.4,Metric Tonnes,Cabbage,2400.0,2600.0,2500.0,Rs./Quintal,Local
Srivilliputhur(Uzhavar Sandhai ),0.1,Metric Tonnes,Cabbage,3000.0,3500.0,3250.0,Rs./Quintal,Local
Sulur(Uzhavar Sandhai ),0.15,Metric Tonnes,Cabbage,2500.0,2800.0,2650.0,Rs./Quintal,Local
Sundarapuram(Uzhavar Sandhai ),0.29,Metric Tonnes,Cabbage,2200.0,2600.0,2400.0,Rs./Quintal,Local
Sunguvarchatram(Uzhavar Sandhai ),0.15,Metric Tonnes,Cabbage,3000.0,3000.0,3000.0,Rs./Quintal,Local
Tenkasi(Uzhavar Sandhai ),0.12,Metric Tonnes,Cabbage,3000.0,3000.0,3000.0,Rs./Quintal,Local
Thalavadi(Uzhavar Sandhai ),0.23,Metric Tonnes,Cabbage,1200.0,1700.0,1450.0,Rs./Quintal,Local
Thalavaipuram(Uzhavar Sandhai ),0.04,Metric Tonnes,Cabbage,2500.0,3000.0,2750.0,Rs./Quintal,Local
Thammampatti (Uzhavar Sandhai ),0.33,Metric Tonnes,Cabbage,3500.0,4000.0,3750.0,Rs./Quintal,Local
Thanjavur(Uzhavar Sandhai ),0.24,Metric Tonnes,Cabbage,3600.0,3600.0,3600.0,Rs./Quintal,Local
Thathakapatti(Uzhavar Sandhai ),0.22,Metric Tonnes,Cabbage,2500.0,3000.0,2750.0,Rs./Quintal,Local
Theni(Uzhavar Sandhai ),1.51,Metric Tonnes,Cabbage,2400.0,2400.0,2400.0,Rs./Quintal,Local
Thirupathur APMC,0.3,Metric Tonnes,Cabbage,3400.0,3400.0,3400.0,Rs./Quintal,Local
Thiruverumbur(Uzhavar Sandhai ),0.25,Metric Tonnes,Cabbage,3000.0,3000.0,3000.0,Rs./Quintal,Local
Thuraiyur APMC,0.35,Metric Tonnes,Cabbage,2500.0,3000.0,2750.0,Rs./Quintal,Local
Tindivanam APMC,0.13,Metric Tonnes,Cabbage,3500.0,3500.0,3500.0,Rs./Quintal,Local
Tiruchengode APMC,0.17,Metric Tonnes,Cabbage,2500.0,3000.0,2750.0,Rs./Quintal,Local
Tirupatthur(Uzhavar Sandhai ),0.16,Metric Tonnes,Cabbage,2800.0,3000.0,2900.0,Rs./Quintal,Local
Tiruppur (North) (Uzhavar Sandhai ),0.26,Metric Tonnes,Cabbage,2500.0,3000.0,2750.0,Rs./Quintal,Local
Tiruppur (South) (Uzhavar Sandhai ),0.52,Metric Tonnes,Cabbage,1700.0,2000.0,1850.0,Rs./Quintal,Local
Tiruthani(Uzhavar Sandhai ),0.05,Metric Tonnes,Cabbage,4000.0,4000.0,4000.0,Rs./Quintal,Local
Tiruvannamalai(Uzhavar Sandhai ),0.43,Metric Tonnes,Cabbage,2000.0,2500.0,2250.0,Rs./Quintal,Local
Tuticorin(Uzhavar Sandhai ),0.13,Metric Tonnes,Cabbage,3000.0,3500.0,3250.0,Rs./Quintal,Local
Udhagamandalam(Uzhavar Sandhai ),1.5,Metric Tonnes,Cabbage,1500.0,2000.0,1750.0,Rs./Quintal,Local
Udumalpet APMC,0.18,Metric Tonnes,Cabbage,3000.0,3500.0,3250.0,Rs./Quintal,Local
Vadalur(Uzhavar Sandhai ),0.05,Metric Tonnes,Cabbage,3000.0,3000.0,3000.0,Rs./Quintal,Local
Vadaseri APMC,0.2,Metric Tonnes,Cabbage,5000.0,5500.0,5250.0,Rs./Quintal,Local
Vadavalli(Uzhavar Sandhai ),0.34,Metric Tonnes,Cabbage,2000.0,2400.0,2200.0,Rs./Quintal,Local
Vaniyampadi(Uzhavar Sandhai ),0.12,Metric Tonnes,Cabbage,4000.0,4000.0,4000.0,Rs./Quintal,Local
Vazhapadi(Uzhavar Sandhai),0.03,Metric Tonnes,Cabbage,3000.0,3000.0,3000.0,Rs./Quintal,Local
Vedaranyam(Uzhavar Sandhai),0.07,Metric Tonnes,Cabbage,3200.0,3500.0,3350.0,Rs./Quintal,Local
Vellore APMC,0.15,Metric Tonnes,Cabbage,2000.0,2000.0,2000.0,Rs./Quintal,Local
Villupuram(Uzhavar Sandhai ),0.03,Metric Tonnes,Cabbage,4000.0,4000.0,4000.0,Rs./Quintal,Local
Virudhunagar(Uzhavar Sandhai ),0.02,Metric Tonnes,Cabbage,3500.0,4000.0,3750.0,Rs./Quintal,Local
Viruthachalam(Uzhavar Sandhai ),0.03,Metric Tonnes,Cabbage,2500.0,2500.0,2500.0,Rs./Quintal,Local
Total,42.7,Metric Tonnes,,,,2606.03,Rs./Quintal,
State/UT Name : Telangana
Adilabad (Rythu Bazar) ,1.5,Metric Tonnes,Cabbage,4000.0,4200.0,4000.0,Rs./Quintal,Local
"Alwal,RBZ",0.8,Metric Tonnes,Cabbage,1600.0,1600.0,1600.0,Rs./Quintal,FAQ
Karimnagar APMC,1.2,Metric Tonnes,Cabbage,750.0,750.0,750.0,Rs./Quintal,Medium
"Kukatpally,RBZ",6.2,Metric Tonnes,Cabbage,1600.0,1600.0,1600.0,Rs./Quintal,Local
Miryalguda(Rythu Bazar) ,0.3,Metric Tonnes,Cabbage,2500.0,2500.0,2500.0,Rs./Quintal,Grade A
RYTHU BAZAR MEHDIPATNAM,1.2,Metric Tonnes,Cabbage,1600.0,1600.0,1600.0,Rs./Quintal,Grade A
Sangareddy APMC,0.5,Metric Tonnes,Cabbage,2000.0,2000.0,2000.0,Rs./Quintal,Grade B
"Saroornagar,RBZ",2.3000000000000003,Metric Tonnes,Other,1600.0,1600.0,1600.0,Rs./Quintal,Medium
Shadnagar APMC,4.0,Metric Tonnes,Cabbage,1200.0,1400.0,1300.0,Rs./Quintal,Local
Siddipet(Rythu Bazar) ,1.0,Metric Tonnes,Cabbage,2000.0,2800.0,2400.0,Rs./Quintal,Grade A
"Vanasthalipuram,RBZ ",2.0,Metric Tonnes,Cabbage,1600.0,1600.0,1600.0,Rs./Quintal,Grade A
Vantamamidi APMC,4.0,Metric Tonnes,Cabbage,600.0,1000.0,800.0,Rs./Quintal,Local
Venkateswarnagar APMC,0.30000000000000004,Metric Tonnes,Cabbage,1000.0,1200.0,1100.0,Rs./Quintal,Grade A
Warangal APMC,4.0,Metric Tonnes,Cabbage,1600.0,2000.0,1800.0,Rs./Quintal,FAQ
Total,29.3,Metric Tonnes,,,,1603.41,Rs./Quintal,
State/UT Name : Tripura
Sonamura APMC,0.12,Metric Tonnes,Cabbage,3000.0,3200.0,3100.0,Rs./Quintal,Medium
Total,0.12,Metric Tonnes,,,,3100.0,Rs./Quintal,
State/UT Name : Uttar Pradesh
CHHUTMALPUR APMC,0.8,Metric Tonnes,Cabbage,100.0,1200.0,1100.0,Rs./Quintal,Local
Hasanpur APMC,0.6,Metric Tonnes,Cabbage,1450.0,1520.0,1500.0,Rs./Quintal,FAQ
Jalaun APMC,1.0,Metric Tonnes,Cabbage,1500.0,1500.0,1500.0,Rs./Quintal,FAQ
Jasvantnagar APMC,3.8000000000000003,Metric Tonnes,Cabbage,2260.0,2360.0,2310.0,Rs./Quintal,Medium
Kairana APMC,0.4,Metric Tonnes,Cabbage,1400.0,1500.0,1450.0,Rs./Quintal,FAQ
Khandhla APMC,0.7000000000000001,Metric Tonnes,Cabbage,300.0,360.0,330.0,Rs./Quintal,FAQ
Konch APMC,0.30000000000000004,Metric Tonnes,Cabbage,1700.0,1900.0,1800.0,Rs./Quintal,FAQ
Kosikalan APMC,4.5,Metric Tonnes,Cabbage,2060.0,2100.0,2090.0,Rs./Quintal,FAQ
Maigalganj APMC,0.4,Metric Tonnes,Cabbage,840.0,880.0,860.0,Rs./Quintal,FAQ
Total,12.5,Metric Tonnes,,,,1852.64,Rs./Quintal,
State/UT Name : Uttarakhand
Dehradoon APMC,2.5,Metric Tonnes,Cabbage,800.0,1400.0,1200.0,Rs./Quintal,Grade B
Kotadwara APMC,0.3,Metric Tonnes,Cabbage,1100.0,1100.0,1100.0,Rs./Quintal,FAQ
Rudrapur APMC,6.5,Metric Tonnes,Other,2000.0,3000.0,2500.0,Rs./Quintal,Medium
Vikasnagar APMC,5.300000000000001,Metric Tonnes,Cabbage,700.0,2000.0,1000.0,Rs./Quintal,Medium
Total,14.6,Metric Tonnes,,,,1704.11,Rs./Quintal,
State/UT Name : West Bengal
Darjeeling APMC,1.3,Metric Tonnes,Other,2800.0,3000.0,2900.0,Rs./Quintal,FAQ
Durgapur APMC,5.2,Metric Tonnes,Other,1950.0,2200.0,2100.0,Rs./Quintal,FAQ
Karsiyang(Matigara) APMC,1.4,Metric Tonnes,Other,2800.0,3000.0,2900.0,Rs./Quintal,FAQ
Medinipur(West) APMC,1.2,Metric Tonnes,Cabbage,3400.0,3600.0,3500.0,Rs./Quintal,FAQ
Sealdah Koley Market APMC,8.700000000000001,Metric Tonnes,Other,3000.0,3500.0,3200.0,Rs./Quintal,FAQ
Total,17.8,Metric Tonnes,,,,2853.37,Rs./Quintal,
Grand Total,2555.21,Metric Tonnes,,,,2176.18,Rs./Quintal,
Carrot
State/UT Name : Assam
Pamohi(Garchuk) APMC,12.0,Metric Tonnes,Carrot,9000.0,10000.0,9500.0,Rs./Quintal,FAQ
Tinsukia Market,2.0,Metric Tonnes,Carrot,7000.0,12000.0,10000.0,Rs./Quintal,FAQ
Total,14.0,Metric Tonnes,,,,9571.43,Rs./Quintal,
State/UT Name : Bihar
Khagaria APMC,2.0,Metric Tonnes,Carrot,3999.9996,4266.6662400000005,4166.66625,Rs./Quintal,Grade A
Total,2.0,Metric Tonnes,,,,4166.67,Rs./Quintal,
State/UT Name : Chandigarh
Chandigarh (Grain/F&V) APMC,19.64,Metric Tonnes,Carrot,1200.0,1400.0,1400.0,Rs./Quintal,FAQ
Total,19.64,Metric Tonnes,,,,1400.0,Rs./Quintal,
State/UT Name : Chattisgarh
Durg APMC,3.0,Metric Tonnes,Carrot,1800.0,2000.0,2000.0,Rs./Quintal,Medium
Rajnandgaon APMC,5.6,Metric Tonnes,Carrot,2000.0,2500.0,2300.0,Rs./Quintal,Grade B
Tiphra APMC,8.0,Metric Tonnes,Carrot,3000.0,3200.0,3100.0,Rs./Quintal,Grade B
Total,16.6,Metric Tonnes,,,,2631.33,Rs./Quintal,
State/UT Name : Gujarat
Ahmedabad APMC,29.400000000000002,Metric Tonnes,Other,1500.0,3000.0,2350.0,Rs./Quintal,FAQ
"Anand(Veg,Yard,Anand) APMC",0.8,Metric Tonnes,Carrot,1000.0,2000.0,1500.0,Rs./Quintal,Grade B
Bharuch APMC,1.4,Metric Tonnes,Other,1200.0,1600.0,1400.0,Rs./Quintal,Local
Dahod(Veg. Market) APMC,0.2,Metric Tonnes,Carrot,2500.0,3000.0,2700.0,Rs./Quintal,Local
Navsari APMC,1.04,Metric Tonnes,Carrot,2500.0,3000.0,2750.0,Rs./Quintal,Local
Surat APMC,32.0,Metric Tonnes,Carrot,1000.0,2500.0,1750.0,Rs./Quintal,FAQ
Vadhvan APMC,0.2,Metric Tonnes,Carrot,2500.0,3000.0,2750.0,Rs./Quintal,Medium
Total,65.04,Metric Tonnes,,,,2032.6,Rs./Quintal,
State/UT Name : Haryana
Bahadurgarh APMC,0.2,Metric Tonnes,Other,5500.0,6000.0,5800.0,Rs./Quintal,Medium
Ganaur APMC,0.1,Metric Tonnes,Carrot,4000.0,5000.0,4500.0,Rs./Quintal,Medium
Gohana APMC,0.1,Metric Tonnes,Other,8000.0,10000.0,9000.0,Rs./Quintal,Medium
Jagadhri APMC,0.17600000000000002,Metric Tonnes,Other,1800.0,2300.0,2000.0,Rs./Quintal,Medium
Ladwa APMC,0.1,Metric Tonnes,Carrot,4500.0,5000.0,5000.0,Rs./Quintal,Medium
Naraingarh APMC,0.1,Metric Tonnes,Carrot,1700.0,2000.0,1900.0,Rs./Quintal,Medium
Shahabad APMC,0.2,Metric Tonnes,Carrot,3000.0,3000.0,3000.0,Rs./Quintal,Medium
Thanesar APMC,0.7000000000000001,Metric Tonnes,Carrot,2000.0,3500.0,2750.0,Rs./Quintal,Local
Total,1.68,Metric Tonnes,,,,3625.89,Rs./Quintal,
State/UT Name : Himachal Pradesh
PMY Chamba,0.15000000000000002,Metric Tonnes,Carrot,2500.0,3000.0,2750.0,Rs./Quintal,Medium
PMY Hamirpur,0.21000000000000002,Metric Tonnes,Other,5000.0,5000.0,5000.0,Rs./Quintal,Grade B
PMY Kangni Mandi,0.03,Metric Tonnes,Carrot,2800.0,3300.0,3000.0,Rs./Quintal,FAQ
PMY Kangra,0.30000000000000004,Metric Tonnes,Carrot,3000.0,3200.0,3100.0,Rs./Quintal,FAQ
PMY Kather Solan,0.3,Metric Tonnes,Other,2000.0,3000.0,2500.0,Rs./Quintal,Medium
PMY Kullu,0.6,Metric Tonnes,Other,3000.0,3500.0,3200.0,Rs./Quintal,FAQ
PMY Paonta Sahib,0.2,Metric Tonnes,Other,3000.0,3500.0,3200.0,Rs./Quintal,Grade A
PMY Una,0.135,Metric Tonnes,Carrot,3200.0,4700.0,4000.0,Rs./Quintal,FAQ
SMY Bhuntar,0.3,Metric Tonnes,Other,3200.0,3600.0,3300.0,Rs./Quintal,FAQ
SMY Dhanotu,0.2,Metric Tonnes,Carrot,2500.0,3000.0,2750.0,Rs./Quintal,FAQ
SMY Dharamshala,0.2,Metric Tonnes,Carrot,3000.0,3200.0,3100.0,Rs./Quintal,FAQ
SMY Jogindernagar,0.020000000000000004,Metric Tonnes,Carrot,2800.0,3000.0,2900.0,Rs./Quintal,Grade B
SMY Palampur,0.1,Metric Tonnes,Carrot,3400.0,3500.0,3450.0,Rs./Quintal,FAQ
Total,2.75,Metric Tonnes,,,,3240.62,Rs./Quintal,
State/UT Name : Jammu and Kashmir
MAC F&V Market Narwal Jammu,2.0,Metric Tonnes,Carrot,3000.0,3500.0,3250.0,Rs./Quintal,FAQ
Parimpore Srinagar (F&V),54.0,Metric Tonnes,Other,5500.0,6500.0,6000.0,Rs./Quintal,Local
Total,56.0,Metric Tonnes,,,,5901.79,Rs./Quintal,
State/UT Name : Karnataka
Bangarpet APMC,1.1,Metric Tonnes,Carrot,1500.0,2500.0,2300.0,Rs./Quintal,Local
Binny Mill (FF&V) Bengaluru APMC,53.900000000000006,Metric Tonnes,Carrot,4000.0,5000.0,4500.0,Rs./Quintal,Local
Chamarajanagar APMC,2.0,Metric Tonnes,Carrot,1200.0,2800.0,2000.0,Rs./Quintal,Local
Chickkaballapura APMC,10.0,Metric Tonnes,Carrot,2500.0,3200.0,2800.0,Rs./Quintal,Local
Chintamani APMC,1.1,Metric Tonnes,Carrot,2000.0,4000.0,3000.0,Rs./Quintal,Local
Davangere APMC,2.5,Metric Tonnes,Carrot,1000.0,3500.0,2600.0,Rs./Quintal,Local
Doddaballapur APMC,1.2000000000000002,Metric Tonnes,Other,3000.0,4000.0,3600.0,Rs./Quintal,Medium
Gauribidanur APMC,0.4,Metric Tonnes,Carrot,2000.0,3000.0,2500.0,Rs./Quintal,Local
Kadur APMC,0.4,Metric Tonnes,Pusakesar,4162.0,4162.0,4162.0,Rs./Quintal,Medium
Kalaburagi APMC,0.30000000000000004,Metric Tonnes,Carrot,1100.0,2100.0,1600.0,Rs./Quintal,Local
Kolar APMC,8.200000000000001,Metric Tonnes,Carrot,1500.0,3500.0,2800.0,Rs./Quintal,Local
Malur APMC,15.0,Metric Tonnes,Carrot,3800.0,5000.0,4000.0,Rs./Quintal,Local
Mysuru APMC,2.5,Metric Tonnes,Carrot,2400.0,2600.0,2600.0,Rs./Quintal,Medium
Nanjangud APMC,6.2,Metric Tonnes,Carrot,2380.0,2564.0,2222.0,Rs./Quintal,Local
Ramanagara APMC,0.6000000000000001,Metric Tonnes,Carrot,4000.0,5500.0,5000.0,Rs./Quintal,Local
Shimoga APMC,1.6,Metric Tonnes,Carrot,4000.0,5000.0,4500.0,Rs./Quintal,Local
T. Narasipura APMC,0.8,Metric Tonnes,Carrot,1500.0,2000.0,2000.0,Rs./Quintal,Small
Total,107.8,Metric Tonnes,,,,3797.6,Rs./Quintal,
State/UT Name : Keralam
Adimali Market,0.05,Metric Tonnes,Carrot,7000.0,8000.0,7500.0,Rs./Quintal,Medium
Aluva Market,5.0,Metric Tonnes,Carrot,3500.0,5000.0,4300.0,Rs./Quintal,FAQ
Anchal Market,0.42,Metric Tonnes,Carrot,4800.0,4800.0,4800.0,Rs./Quintal,Local
Angamaly Market,1.0,Metric Tonnes,Carrot,5500.0,8000.0,6700.0,Rs./Quintal,FAQ
Aralamoodu Market,2.0,Metric Tonnes,Carrot,5000.0,8000.0,8000.0,Rs./Quintal,FAQ
Aroor Market,0.2,Metric Tonnes,Other,6500.0,6700.0,6600.0,Rs./Quintal,FAQ
Athirampuzha Market,0.5,Metric Tonnes,Carrot,5200.0,5400.0,5300.0,Rs./Quintal,FAQ
Broadway market Market,0.4,Metric Tonnes,Carrot,7000.0,8000.0,7200.0,Rs./Quintal,Medium
Chala Market,0.5,Metric Tonnes,Other,4700.0,5000.0,4800.0,Rs./Quintal,FAQ
Chavakkad Market,0.2,Metric Tonnes,Carrot,6000.0,7000.0,7000.0,Rs./Quintal,FAQ
Chelakkara Market,18.0,Metric Tonnes,Carrot,7500.0,7800.0,7600.0,Rs./Quintal,FAQ
Chengannur Market,0.5,Metric Tonnes,Other,5900.0,6200.0,6000.0,Rs./Quintal,FAQ
Ettumanoor Market,1.0,Metric Tonnes,Carrot,4600.0,5200.0,5000.0,Rs./Quintal,FAQ
Kallachi Market,0.1,Metric Tonnes,Carrot,5300.0,5700.0,5500.0,Rs./Quintal,FAQ
Kanjirappally Market,0.5,Metric Tonnes,Carrot,7500.0,8000.0,7800.0,Rs./Quintal,FAQ
Kayamkulam Market,1.0,Metric Tonnes,Other,6700.0,6900.0,6800.0,Rs./Quintal,FAQ
Koduvayoor Market,0.8,Metric Tonnes,Carrot,4500.0,4900.0,4700.0,Rs./Quintal,Medium
Kollengode Market,0.7,Metric Tonnes,Carrot,5600.0,6000.0,5800.0,Rs./Quintal,FAQ
Kondotty Market,0.25,Metric Tonnes,Other,4900.0,5200.0,5000.0,Rs./Quintal,FAQ
Kottakkal Market,5.0,Metric Tonnes,Other,5600.0,5800.0,5700.0,Rs./Quintal,Local
Kottarakkara Market,0.01,Metric Tonnes,Other,3600.0,3600.0,3600.0,Rs./Quintal,Local
Manjeri Market,6.0,Metric Tonnes,Other,5450.0,5550.0,5500.0,Rs./Quintal,Local
Mukkom Market,0.4,Metric Tonnes,Carrot,7200.0,7600.0,7400.0,Rs./Quintal,FAQ
Neeleswaram Market,0.6,Metric Tonnes,Other,7300.0,7600.0,7400.0,Rs./Quintal,FAQ
Neyyatinkara Market,0.02,Metric Tonnes,Other,5400.0,6000.0,5600.0,Rs./Quintal,FAQ
North Paravur Market,1.0,Metric Tonnes,Carrot,5000.0,6000.0,5500.0,Rs./Quintal,FAQ
Pala Market,1.0,Metric Tonnes,Carrot,8800.0,9400.0,9200.0,Rs./Quintal,FAQ
Palakkad Market,2.0,Metric Tonnes,Carrot,3300.0,4000.0,3700.0,Rs./Quintal,FAQ
Parappanangadi Market,1.0,Metric Tonnes,Other,4800.0,5000.0,4900.0,Rs./Quintal,Grade A
Parassala Market,0.3,Metric Tonnes,Carrot,3800.0,4200.0,4000.0,Rs./Quintal,Local
Pattambi Market,0.4,Metric Tonnes,Carrot,3600.0,4000.0,3800.0,Rs./Quintal,FAQ
Perambra Market,0.23,Metric Tonnes,Other,5000.0,6000.0,5500.0,Rs./Quintal,FAQ
Perinthalmanna Market,4.0,Metric Tonnes,Carrot,4500.0,5200.0,4800.0,Rs./Quintal,Large
Perumbavoor Market,2.0,Metric Tonnes,Carrot,5000.0,6400.0,5800.0,Rs./Quintal,Medium
Piravam Market,5.0,Metric Tonnes,Carrot,7000.0,8000.0,7500.0,Rs./Quintal,Local
Pothencode Market,500.0,Metric Tonnes,Carrot,5000.0,5200.0,5000.0,Rs./Quintal,Local
Quilandy Market,0.25,Metric Tonnes,Other,5800.0,6000.0,6000.0,Rs./Quintal,FAQ
Thalasserry Market,0.2,Metric Tonnes,Carrot,4500.0,5500.0,5000.0,Rs./Quintal,FAQ
Thamarassery Market,0.4,Metric Tonnes,Other,6500.0,6800.0,6500.0,Rs./Quintal,FAQ
Thrippunithura Market,1.0,Metric Tonnes,Carrot,6000.0,7500.0,6200.0,Rs./Quintal,Medium
Thrissur Market,7.0,Metric Tonnes,Carrot,4500.0,5000.0,4800.0,Rs./Quintal,FAQ
Vadakkenchery Market,0.24,Metric Tonnes,Carrot,8500.0,9000.0,9000.0,Rs./Quintal,FAQ
Vamanapuram Market,0.12,Metric Tonnes,Other,5500.0,6000.0,5500.0,Rs./Quintal,FAQ
vadakarapathy Market,0.05,Metric Tonnes,Carrot,2000.0,2500.0,2200.0,Rs./Quintal,FAQ
Total,571.34,Metric Tonnes,,,,5143.21,Rs./Quintal,
State/UT Name : Madhya Pradesh
Indore(F&V) APMC,15.0,Metric Tonnes,Carrot,400.0,800.0,600.0,Rs./Quintal,Local
Katni(F&V) APMC,0.2,Metric Tonnes,Other,1650.0,1650.0,1650.0,Rs./Quintal,Grade C
Lashkar(F&V) APMC,2.0,Metric Tonnes,Carrot,800.0,1200.0,1000.0,Rs./Quintal,Grade B
Sehore(F&V) APMC,0.30000000000000004,Metric Tonnes,Carrot,2500.0,3500.0,3000.0,Rs./Quintal,Grade Range-1
Total,17.5,Metric Tonnes,,,,698.86,Rs./Quintal,
State/UT Name : Maharashtra
APMC Akluj ,1.0,Metric Tonnes,Other,2500.0,4000.0,3500.0,Rs./Quintal,Local
APMC Jalgaon ,0.2,Metric Tonnes,Other,2500.0,2500.0,2500.0,Rs./Quintal,Local
APMC Mumbai ,143.2,Metric Tonnes,Other,2000.0,2600.0,2300.0,Rs./Quintal,Local
APMC Nasik ,7.0,Metric Tonnes,Other,1350.0,2430.0,2000.0,Rs./Quintal,Local
APMC Panvel ,6.0,Metric Tonnes,Other,4000.0,4500.0,4250.0,Rs./Quintal,Local
APMC Pune ,78.6,Metric Tonnes,Other,1000.0,2500.0,1750.0,Rs./Quintal,Local
APMC Rahata ,0.3,Metric Tonnes,Other,1500.0,2000.0,1750.0,Rs./Quintal,Local
APMC Ratnagiri (Nachane) ,1.6,Metric Tonnes,Other,3500.0,4000.0,3800.0,Rs./Quintal,Local
APMC Solapur ,2.8,Metric Tonnes,Other,1000.0,4500.0,2000.0,Rs./Quintal,Local
Amrawati(Frui & Veg. Market) ,4.8,Metric Tonnes,Other,2000.0,2500.0,2250.0,Rs./Quintal,Local
Junnar(Narayangaon) ,2.5,Metric Tonnes,Other,500.0,2800.0,1600.0,Rs./Quintal,Local
Pune(Khadiki) ,0.3,Metric Tonnes,Other,1300.0,1800.0,1550.0,Rs./Quintal,Local
Pune(Manjri) ,0.2,Metric Tonnes,Other,2000.0,4000.0,3000.0,Rs./Quintal,Local
Pune(Moshi) ,8.4,Metric Tonnes,Other,2000.0,2500.0,2250.0,Rs./Quintal,Local
Total,256.9,Metric Tonnes,,,,2169.64,Rs./Quintal,
State/UT Name : Meghalaya
Shillong APMC,1.5,Metric Tonnes,New Kuroda,6500.0,8500.0,7500.0,Rs./Quintal,FAQ
Total,1.5,Metric Tonnes,,,,7500.0,Rs./Quintal,
State/UT Name : NCT of Delhi
"Fruit&Vegetable Market,Gazipur APMC",5.8,Metric Tonnes,Carrot,2200.0,2600.0,2400.0,Rs./Quintal,FAQ
Total,5.8,Metric Tonnes,,,,2400.0,Rs./Quintal,
State/UT Name : Odisha
Balasore APMC,2.57,Metric Tonnes,Carrot,3200.0,3200.0,3200.0,Rs./Quintal,Grade B
Barikpur APMC,1.89,Metric Tonnes,Other,3200.0,3200.0,3200.0,Rs./Quintal,Grade B
Gunpur APMC,2.0,Metric Tonnes,Carrot,7300.0,8000.0,7500.0,Rs./Quintal,Grade Range-1
Khariar APMC,0.2,Metric Tonnes,Carrot,6000.0,6000.0,6000.0,Rs./Quintal,Grade A
Kuchinda APMC,0.21000000000000002,Metric Tonnes,Carrot,5800.0,6500.0,6100.0,Rs./Quintal,Medium
Narasinghpur APMC,0.15000000000000002,Metric Tonnes,Carrot,4000.0,5000.0,4500.0,Rs./Quintal,Local
Rayagada APMC,13.0,Metric Tonnes,Other,2900.0,3000.0,3000.0,Rs./Quintal,Local
Total,20.02,Metric Tonnes,,,,3567.83,Rs./Quintal,
State/UT Name : Punjab
Adampur APMC,0.2,Metric Tonnes,Carrot,1800.0,2000.0,2000.0,Rs./Quintal,FAQ
Dasuya APMC,0.2,Metric Tonnes,Carrot,3000.0,3000.0,3000.0,Rs./Quintal,FAQ
Dinanagar APMC,1.35,Metric Tonnes,Other,2800.0,3000.0,2900.0,Rs./Quintal,Medium
Doraha APMC,0.015,Metric Tonnes,Carrot,2200.0,2200.0,2200.0,Rs./Quintal,Local
Garh Shankar APMC,0.3,Metric Tonnes,Carrot,2500.0,2500.0,2500.0,Rs./Quintal,FAQ
Gurdaspur APMC,0.3,Metric Tonnes,Other,2550.0,2550.0,2550.0,Rs./Quintal,Grade A
Jagraon APMC,0.2,Metric Tonnes,Other,900.0,900.0,900.0,Rs./Quintal,FAQ
Jalandhar City(Jalandhar) APMC,5.300000000000001,Metric Tonnes,Other,1300.0,2200.0,1700.0,Rs./Quintal,FAQ
Lehra Gaga APMC,0.1,Metric Tonnes,Other,2300.0,2300.0,2300.0,Rs./Quintal,Grade A
Malerkotla APMC,2.5,Metric Tonnes,Other,1700.0,2500.0,2000.0,Rs./Quintal,Local
Moga APMC,0.7000000000000001,Metric Tonnes,Carrot,2500.0,3500.0,3000.0,Rs./Quintal,Medium
Morinda APMC,1.0,Metric Tonnes,Carrot,2000.0,2200.0,2100.0,Rs./Quintal,Local
Muktsar APMC,0.08800000000000001,Metric Tonnes,Carrot,2000.0,2800.0,2400.0,Rs./Quintal,Medium
Patiala APMC,1.6,Metric Tonnes,Carrot,1500.0,1700.0,1600.0,Rs./Quintal,Grade B
Patran APMC,1.0,Metric Tonnes,Other,2080.0,2080.0,2080.0,Rs./Quintal,Grade A
Patti APMC,0.1,Metric Tonnes,Other,310.0,310.0,310.0,Rs./Quintal,Local
Rampuraphul(Nabha Mandi) APMC,0.5,Metric Tonnes,Other,1500.0,2200.0,2000.0,Rs./Quintal,Grade A
Samana APMC,30.0,Metric Tonnes,Other,2000.0,2500.0,2100.0,Rs./Quintal,Grade Range-2
Sirhind APMC,0.1,Metric Tonnes,Other,2500.0,3000.0,2700.0,Rs./Quintal,FAQ
Total,45.55,Metric Tonnes,,,,2068.69,Rs./Quintal,
State/UT Name : Tamil Nadu
AJattihalli(Uzhavar Sandhai ),0.11,Metric Tonnes,Pusakesar,6000.0,6400.0,6200.0,Rs./Quintal,Local
Ammapet(Uzhavar Sandhai ),0.12,Metric Tonnes,Pusakesar,5600.0,6000.0,5800.0,Rs./Quintal,Local
Anaiyur(Uzhavar Sandhai ),0.13,Metric Tonnes,Pusakesar,4000.0,5000.0,4500.0,Rs./Quintal,Local
Andipatti(Uzhavar Sandhai ),0.22,Metric Tonnes,Pusakesar,4600.0,4800.0,4700.0,Rs./Quintal,Local
Anna nagar(Uzhavar Sandhai ),0.56,Metric Tonnes,Pusakesar,6800.0,6800.0,6800.0,Rs./Quintal,Local
Arani(Uzhavar Sandhai ),0.22,Metric Tonnes,Pusakesar,4000.0,5000.0,4500.0,Rs./Quintal,Local
Arcot(Uzhavar Sandhai ),0.1,Metric Tonnes,Pusakesar,5600.0,6000.0,5800.0,Rs./Quintal,Local
Ariyalur(Uzhavar Sandhai),0.02,Metric Tonnes,Pusakesar,7000.0,8000.0,7500.0,Rs./Quintal,Local
Aruppukottai(Uzhavar Sandhai ),0.12,Metric Tonnes,Pusakesar,6500.0,7000.0,6750.0,Rs./Quintal,Local
Athur(Uzhavar Sandhai ),0.27,Metric Tonnes,Pusakesar,5500.0,6000.0,5750.0,Rs./Quintal,Local
Avallapalli(Uzhavar Sandhai ),0.26,Metric Tonnes,Pusakesar,3500.0,4000.0,3750.0,Rs./Quintal,Local
Chengalpet(Uzhavar Sandhai ),0.09,Metric Tonnes,Pusakesar,6000.0,7000.0,6500.0,Rs./Quintal,Local
Chengam(Uzhavar Sandhai ),0.12,Metric Tonnes,Pusakesar,7000.0,8000.0,7500.0,Rs./Quintal,Local
Cheyyar(Uzhavar Sandhai ),0.1,Metric Tonnes,Pusakesar,4000.0,5000.0,4500.0,Rs./Quintal,Local
Chinnalapatti(Uzhavar Sandhai ),0.03,Metric Tonnes,Pusakesar,5600.0,6000.0,5800.0,Rs./Quintal,Local
Chinnamanur(Uzhavar Sandhai ),0.23,Metric Tonnes,Pusakesar,5000.0,5000.0,5000.0,Rs./Quintal,Local
Chokkikulam(Uzhavar Sandhai ),0.85,Metric Tonnes,Pusakesar,2800.0,5000.0,3900.0,Rs./Quintal,Local
Coonoor(Uzhavar Sandhai ),0.24,Metric Tonnes,Pusakesar,3200.0,3500.0,3350.0,Rs./Quintal,Local
Cuddalore(Uzhavar Sandhai ),0.25,Metric Tonnes,Pusakesar,5000.0,5000.0,5000.0,Rs./Quintal,Local
Denkanikottai(Uzhavar Sandhai ),0.28,Metric Tonnes,Pusakesar,3000.0,4000.0,3500.0,Rs./Quintal,Local
Devakottai (Uzhavar Sandhai ),0.13,Metric Tonnes,Pusakesar,3200.0,5400.0,4300.0,Rs./Quintal,Local
Dharapuram(Uzhavar Sandhai ),0.5,Metric Tonnes,Pusakesar,5500.0,6000.0,5750.0,Rs./Quintal,Local
Dharmapuri(Uzhavar Sandhai ),0.21,Metric Tonnes,Pusakesar,6200.0,6400.0,6300.0,Rs./Quintal,Local
Dindigul(Uzhavar Sandhai ),0.42,Metric Tonnes,Pusakesar,5000.0,6000.0,5500.0,Rs./Quintal,Local
Edapadi (Uzhavar Sandhai ),0.15,Metric Tonnes,Pusakesar,6500.0,7000.0,6750.0,Rs./Quintal,Local
Elampillai(Uzhavar Sandhai ),0.25,Metric Tonnes,Pusakesar,6000.0,6500.0,6250.0,Rs./Quintal,Local
Gandhigramam(Uzhavar Sandhai),0.12,Metric Tonnes,Pusakesar,5500.0,6000.0,5750.0,Rs./Quintal,Local
Gingee(Uzhavar Sandhai ),0.04,Metric Tonnes,Pusakesar,5500.0,5500.0,5500.0,Rs./Quintal,Local
Gobichettipalayam(Uzhavar Sandhai ),0.14,Metric Tonnes,Pusakesar,5500.0,6000.0,5750.0,Rs./Quintal,Local
Gudalur(Uzhavar Sandhai ),0.03,Metric Tonnes,Pusakesar,3500.0,4000.0,3750.0,Rs./Quintal,Local
Gudiyatham(Uzhavar Sandhai ),0.07,Metric Tonnes,Pusakesar,5000.0,5600.0,5300.0,Rs./Quintal,Local
Harur(Uzhavar Sandhai ),0.11,Metric Tonnes,Pusakesar,5000.0,6000.0,5500.0,Rs./Quintal,Local
Hasthampatti(Uzhavar Sandhai ),0.18,Metric Tonnes,Pusakesar,6000.0,6500.0,6250.0,Rs./Quintal,Local
Hosur(Uzhavar Sandhai ),3.43,Metric Tonnes,Pusakesar,3500.0,4000.0,3750.0,Rs./Quintal,Local
Jalagandapuram(Uzhavar Sandhai ),0.06,Metric Tonnes,Pusakesar,5500.0,6000.0,5750.0,Rs./Quintal,Local
Jameenrayapettai(Uzhavar Sandhai ),0.11,Metric Tonnes,Pusakesar,6000.0,7000.0,6500.0,Rs./Quintal,Local
KKNagar(Uzhavar Sandhai ),0.6,Metric Tonnes,Pusakesar,6600.0,6600.0,6600.0,Rs./Quintal,Local
Kahithapattarai(Uzhavar Sandhai ),0.09,Metric Tonnes,Pusakesar,3600.0,3600.0,3600.0,Rs./Quintal,Local
Kallakurichi(Uzhavar Sandhai ),0.05,Metric Tonnes,Pusakesar,8000.0,8000.0,8000.0,Rs./Quintal,Local
Kambam(Uzhavar Sandhai ),0.9,Metric Tonnes,Pusakesar,4800.0,4800.0,4800.0,Rs./Quintal,Local
Karaikudi(Uzhavar Sandhai ),0.07,Metric Tonnes,Pusakesar,3600.0,5500.0,4550.0,Rs./Quintal,Local
Karimangalam(Uzhavar Sandhai),0.08,Metric Tonnes,Pusakesar,6000.0,6500.0,6250.0,Rs./Quintal,Local
Kariyapatti(Uzhavar Sandhai ),0.07,Metric Tonnes,Pusakesar,6500.0,7000.0,6750.0,Rs./Quintal,Local
Karur(Uzhavar Sandhai ),0.28,Metric Tonnes,Pusakesar,5500.0,6000.0,5750.0,Rs./Quintal,Local
Katpadi (Uzhavar Sandhai ),0.3,Metric Tonnes,Pusakesar,4500.0,4500.0,4500.0,Rs./Quintal,Local
Kaveripattinam(Uzhavar Sandhai ),0.04,Metric Tonnes,Pusakesar,5000.0,5000.0,5000.0,Rs./Quintal,Local
Kovilpatti(Uzhavar Sandhai ),0.1,Metric Tonnes,Pusakesar,6000.0,6500.0,6250.0,Rs./Quintal,Local
Krishnagiri(Uzhavar Sandhai ),0.34,Metric Tonnes,Pusakesar,6500.0,7000.0,6750.0,Rs./Quintal,Local
Kulithalai(Uzhavar Sandhai ),0.18,Metric Tonnes,Pusakesar,5600.0,6000.0,5800.0,Rs./Quintal,Local
Kumarapalayam(Uzhavar Sandhai ),0.03,Metric Tonnes,Pusakesar,7500.0,8000.0,7750.0,Rs./Quintal,Local
Kumbakonam (Uzhavar Sandhai ),0.18,Metric Tonnes,Pusakesar,5400.0,7200.0,6300.0,Rs./Quintal,Local
Kundrathur(Uzhavar Sandhai ),0.04,Metric Tonnes,Pusakesar,4500.0,5000.0,4750.0,Rs./Quintal,Local
Lalgudi(Uzhavar Sandhai ),0.14,Metric Tonnes,Pusakesar,6600.0,6600.0,6600.0,Rs./Quintal,Local
Manachanallur(Uzhavar Sandhai ),0.05,Metric Tonnes,Pusakesar,6600.0,6600.0,6600.0,Rs./Quintal,Local
Manapparai(Uzhavar Sandhai ),0.06,Metric Tonnes,Pusakesar,6600.0,6600.0,6600.0,Rs./Quintal,Local
Mannargudi I(Uzhavar Sandhai ),0.52,Metric Tonnes,Pusakesar,5600.0,5600.0,5600.0,Rs./Quintal,Local
Mannargudi II(Uzhavar Sandhai ),0.14,Metric Tonnes,Pusakesar,5600.0,5600.0,5600.0,Rs./Quintal,Local
Mayiladuthurai(Uzhavar Sandhai ),0.01,Metric Tonnes,Pusakesar,7000.0,8000.0,7500.0,Rs./Quintal,Local
Melapalayam(Uzhavar Sandhai ),0.36,Metric Tonnes,Pusakesar,2800.0,5000.0,3900.0,Rs./Quintal,Local
Mettupalayam(Uzhavar Sandhai ),0.48,Metric Tonnes,Pusakesar,4500.0,5000.0,4750.0,Rs./Quintal,Local
Mettur(Uzhavar Sandhai ),0.16,Metric Tonnes,Pusakesar,5000.0,6000.0,5500.0,Rs./Quintal,Local
Mohanur(Uzhavar Sandhai ),0.05,Metric Tonnes,Pusakesar,7400.0,8000.0,7700.0,Rs./Quintal,Local
Musiri(Uzhavar Sandhai ),0.36,Metric Tonnes,Pusakesar,5000.0,6000.0,5500.0,Rs./Quintal,Local
Myladi(Uzhavar Sandhai ),0.02,Metric Tonnes,Pusakesar,6500.0,7000.0,6750.0,Rs./Quintal,Local
NGO Colony(Uzhavar Sandhai ),0.28,Metric Tonnes,Pusakesar,4500.0,5000.0,4750.0,Rs./Quintal,Local
Nagapattinam(Uzhavar Sandhai ),0.08,Metric Tonnes,Pusakesar,6600.0,7200.0,6900.0,Rs./Quintal,Local
Namakkal(Uzhavar Sandhai ),0.34,Metric Tonnes,Pusakesar,5000.0,5800.0,5400.0,Rs./Quintal,Local
Nanganallur(Uzhavar Sandhai ),0.12,Metric Tonnes,Pusakesar,7500.0,8000.0,7750.0,Rs./Quintal,Local
Natrampalli(Uzhavar Sandhai ),0.35,Metric Tonnes,Pusakesar,5000.0,6000.0,5500.0,Rs./Quintal,Local
Padappai(Uzhavar Sandhai ),0.06,Metric Tonnes,Pusakesar,4000.0,6000.0,5000.0,Rs./Quintal,Local
Palacode(Uzhavar Sandhai ),0.14,Metric Tonnes,Pusakesar,5800.0,6000.0,5900.0,Rs./Quintal,Local
Palanganatham(Uzhavar Sandhai ),0.5,Metric Tonnes,Pusakesar,3200.0,5000.0,4100.0,Rs./Quintal,Local
Palayamkottai(Uzhavar Sandhai ),0.9,Metric Tonnes,Pusakesar,2800.0,5000.0,3900.0,Rs./Quintal,Local
Palladam(Uzhavar Sandhai ),0.1,Metric Tonnes,Pusakesar,5000.0,5500.0,5250.0,Rs./Quintal,Local
Pallavaram(Uzhavar Sandhai ),0.11,Metric Tonnes,Pusakesar,6000.0,7000.0,6500.0,Rs./Quintal,Local
Pallikonda(Uzhavar Sandhai),0.03,Metric Tonnes,Pusakesar,4000.0,4000.0,4000.0,Rs./Quintal,Local
Paramathivelur(Uzhavar Sandhai ),0.06,Metric Tonnes,Pusakesar,5800.0,6500.0,6150.0,Rs./Quintal,Local
Paruthipattu(Uzhavar Sandhai ),0.08,Metric Tonnes,Pusakesar,6000.0,6000.0,6000.0,Rs./Quintal,Local
Pattukottai(Uzhavar Sandhai ),0.08,Metric Tonnes,Pusakesar,7000.0,7000.0,7000.0,Rs./Quintal,Local
Pennagaram(Uzhavar Sandhai ),0.12,Metric Tonnes,Pusakesar,7000.0,7200.0,7100.0,Rs./Quintal,Local
Perambalur(Uzhavar Sandhai ),0.14,Metric Tonnes,Pusakesar,6800.0,6800.0,6800.0,Rs./Quintal,Local
Perampet(Uzhavar Sandhai),0.02,Metric Tonnes,Pusakesar,5000.0,5000.0,5000.0,Rs./Quintal,Local
Peravurani(Uzhavar Sandhai),0.03,Metric Tonnes,Pusakesar,7000.0,7000.0,7000.0,Rs./Quintal,Local
Periyakulam(Uzhavar Sandhai ),0.18,Metric Tonnes,Pusakesar,4400.0,4800.0,4600.0,Rs./Quintal,Local
Perundurai(Uzhavar Sandhai ),0.01,Metric Tonnes,Pusakesar,5500.0,6000.0,5750.0,Rs./Quintal,Local
Pollachi(Uzhavar Sandhai ),0.13,Metric Tonnes,Pusakesar,5000.0,5500.0,5250.0,Rs./Quintal,Local
Polur(Uzhavar Sandhai ),0.16,Metric Tonnes,Pusakesar,5000.0,6000.0,5500.0,Rs./Quintal,Local
Pudukottai(Uzhavar Sandhai ),0.21,Metric Tonnes,Pusakesar,6000.0,6500.0,6250.0,Rs./Quintal,Local
RSPuram(Uzhavar Sandhai ),1.92,Metric Tonnes,Pusakesar,4400.0,4800.0,4600.0,Rs./Quintal,Local
Rajapalayam(Uzhavar Sandhai ),0.22,Metric Tonnes,Pusakesar,4000.0,4500.0,4250.0,Rs./Quintal,Local
Ramanathapuram(Uzhavar Sandhai ),0.08,Metric Tonnes,Pusakesar,7000.0,7500.0,7250.0,Rs./Quintal,Local
Ranipettai(Uzhavar Sandhai ),0.05,Metric Tonnes,Pusakesar,4800.0,4800.0,4800.0,Rs./Quintal,Local
Rasipuram(Uzhavar Sandhai ),0.09,Metric Tonnes,Pusakesar,6000.0,7000.0,6500.0,Rs./Quintal,Local
Sampath Nagar(Uzhavar Sandhai ),0.13,Metric Tonnes,Pusakesar,5000.0,5200.0,5100.0,Rs./Quintal,Local
Sankarapuram(Uzhavar Sandhai ),0.14,Metric Tonnes,Pusakesar,8000.0,8000.0,8000.0,Rs./Quintal,Local
Sathiyamagalam(Uzhavar Sandhai ),0.16,Metric Tonnes,Pusakesar,5000.0,5400.0,5200.0,Rs./Quintal,Local
Sathur(Uzhavar Sandhai ),0.02,Metric Tonnes,Pusakesar,5500.0,6000.0,5750.0,Rs./Quintal,Local
Singampunari(Uzhavar Sandhai ),0.05,Metric Tonnes,Pusakesar,3400.0,5200.0,4300.0,Rs./Quintal,Local
Singanallur(Uzhavar Sandhai ),0.98,Metric Tonnes,Pusakesar,4500.0,5000.0,4750.0,Rs./Quintal,Local
Sirkali(Uzhavar Sandhai ),0.04,Metric Tonnes,Pusakesar,8000.0,8000.0,8000.0,Rs./Quintal,Local
Sivagangai (Uzhavar Sandhai ),0.24,Metric Tonnes,Pusakesar,3400.0,5200.0,4300.0,Rs./Quintal,Local
Sivakasi(Uzhavar Sandhai ),0.02,Metric Tonnes,Pusakesar,3500.0,4000.0,3750.0,Rs./Quintal,Local
Sooramangalam(Uzhavar Sandhai ),0.43,Metric Tonnes,Pusakesar,5500.0,5800.0,5650.0,Rs./Quintal,Local
Srivilliputhur(Uzhavar Sandhai ),0.07,Metric Tonnes,Pusakesar,3800.0,4500.0,4150.0,Rs./Quintal,Local
Sulur(Uzhavar Sandhai ),0.15,Metric Tonnes,Pusakesar,4500.0,5000.0,4750.0,Rs./Quintal,Local
Sundarapuram(Uzhavar Sandhai ),0.23,Metric Tonnes,Pusakesar,4500.0,5000.0,4750.0,Rs./Quintal,Local
Sunguvarchatram(Uzhavar Sandhai ),0.04,Metric Tonnes,Pusakesar,4500.0,5000.0,4750.0,Rs./Quintal,Local
Thalavadi(Uzhavar Sandhai ),0.09,Metric Tonnes,Pusakesar,5500.0,6000.0,5750.0,Rs./Quintal,Local
Thalavaipuram(Uzhavar Sandhai ),0.04,Metric Tonnes,Pusakesar,3600.0,4500.0,4050.0,Rs./Quintal,Local
Thammampatti (Uzhavar Sandhai ),0.13,Metric Tonnes,Pusakesar,5500.0,6000.0,5750.0,Rs./Quintal,Local
Thanjavur(Uzhavar Sandhai ),0.25,Metric Tonnes,Pusakesar,5400.0,5400.0,5400.0,Rs./Quintal,Local
Thathakapatti(Uzhavar Sandhai ),0.22,Metric Tonnes,Pusakesar,5500.0,5800.0,5650.0,Rs./Quintal,Local
Theni(Uzhavar Sandhai ),1.12,Metric Tonnes,Pusakesar,4000.0,4800.0,4400.0,Rs./Quintal,Local
Thirupathur APMC,0.35,Metric Tonnes,Pusakesar,6400.0,6400.0,6400.0,Rs./Quintal,Local
Thiruverumbur(Uzhavar Sandhai ),0.15,Metric Tonnes,Pusakesar,6600.0,6600.0,6600.0,Rs./Quintal,Local
Thuraiyur APMC,0.12,Metric Tonnes,Pusakesar,6000.0,7000.0,6500.0,Rs./Quintal,Local
Tindivanam APMC,0.12,Metric Tonnes,Pusakesar,5800.0,5800.0,5800.0,Rs./Quintal,Local
Tiruchengode APMC,0.16,Metric Tonnes,Pusakesar,5500.0,6000.0,5750.0,Rs./Quintal,Local
Tirukattupalli(Uzhavar Sandhai ),0.11,Metric Tonnes,Pusakesar,5400.0,5400.0,5400.0,Rs./Quintal,Local
Tirupatthur(Uzhavar Sandhai ),0.13,Metric Tonnes,Pusakesar,3500.0,5400.0,4450.0,Rs./Quintal,Local
Tiruppur (North) (Uzhavar Sandhai ),0.09,Metric Tonnes,Pusakesar,5000.0,6000.0,5500.0,Rs./Quintal,Local
Tiruppur (South) (Uzhavar Sandhai ),0.46,Metric Tonnes,Pusakesar,5000.0,6000.0,5500.0,Rs./Quintal,Local
Tiruthani(Uzhavar Sandhai ),0.05,Metric Tonnes,Pusakesar,6000.0,6000.0,6000.0,Rs./Quintal,Local
Tiruvannamalai(Uzhavar Sandhai ),0.28,Metric Tonnes,Pusakesar,4000.0,5000.0,4500.0,Rs./Quintal,Local
Tuticorin(Uzhavar Sandhai ),0.25,Metric Tonnes,Pusakesar,6500.0,7000.0,6750.0,Rs./Quintal,Local
Udhagamandalam(Uzhavar Sandhai ),0.4,Metric Tonnes,Pusakesar,3000.0,3500.0,3250.0,Rs./Quintal,Local
Udumalpet APMC,0.29,Metric Tonnes,Pusakesar,6000.0,7000.0,6500.0,Rs./Quintal,Local
Vadalur(Uzhavar Sandhai ),0.05,Metric Tonnes,Pusakesar,6000.0,6000.0,6000.0,Rs./Quintal,Local
Vadaseri APMC,0.2,Metric Tonnes,Pusakesar,6500.0,7000.0,6750.0,Rs./Quintal,Local
Vadavalli(Uzhavar Sandhai ),0.51,Metric Tonnes,Pusakesar,4400.0,4800.0,4600.0,Rs./Quintal,Local
Vandavasi(Uzhavar Sandhai ),0.03,Metric Tonnes,Pusakesar,4000.0,5000.0,4500.0,Rs./Quintal,Local
Vaniyampadi(Uzhavar Sandhai ),0.76,Metric Tonnes,Pusakesar,6000.0,6000.0,6000.0,Rs./Quintal,Local
Vazhapadi(Uzhavar Sandhai),0.02,Metric Tonnes,Pusakesar,6000.0,6000.0,6000.0,Rs./Quintal,Local
Vellore APMC,0.28,Metric Tonnes,Pusakesar,3000.0,3500.0,3250.0,Rs./Quintal,Local
Villupuram(Uzhavar Sandhai ),0.03,Metric Tonnes,Pusakesar,7000.0,7000.0,7000.0,Rs./Quintal,Local
Virudhunagar(Uzhavar Sandhai ),0.02,Metric Tonnes,Pusakesar,6400.0,7000.0,6700.0,Rs./Quintal,Local
Viruthachalam(Uzhavar Sandhai ),0.03,Metric Tonnes,Pusakesar,6000.0,6000.0,6000.0,Rs./Quintal,Local
Total,32.0,Metric Tonnes,,,,5084.05,Rs./Quintal,
State/UT Name : Telangana
"Alwal,RBZ",0.6000000000000001,Metric Tonnes,Carrot,4700.0,4700.0,4700.0,Rs./Quintal,FAQ
"Excise Colony,RBZ ",0.15,Metric Tonnes,Other,6000.0,6000.0,6000.0,Rs./Quintal,Grade A
Karimnagar APMC,0.42,Metric Tonnes,Carrot,1500.0,1500.0,1500.0,Rs./Quintal,Medium
"Kukatpally,RBZ",5.2,Metric Tonnes,Carrot,4700.0,4700.0,4700.0,Rs./Quintal,Local
Miryalguda(Rythu Bazar) ,0.2,Metric Tonnes,Carrot,5000.0,5000.0,5000.0,Rs./Quintal,Grade A
RYTHU BAZAR MEHDIPATNAM,3.0,Metric Tonnes,Carrot,4700.0,4700.0,4700.0,Rs./Quintal,Grade A
Sangareddy APMC,0.3,Metric Tonnes,Other,3250.0,3250.0,3250.0,Rs./Quintal,Grade B
"Saroornagar,RBZ",2.7,Metric Tonnes,Other,4700.0,4700.0,4700.0,Rs./Quintal,Medium
Shadnagar APMC,2.0,Metric Tonnes,Carrot,1300.0,1500.0,1400.0,Rs./Quintal,Local
Siddipet(Rythu Bazar) ,1.2000000000000002,Metric Tonnes,Carrot,4300.0,5200.0,4800.0,Rs./Quintal,Grade A
"Vanasthalipuram,RBZ ",1.1,Metric Tonnes,Carrot,4700.0,4700.0,4700.0,Rs./Quintal,Grade A
Venkateswarnagar APMC,0.1,Metric Tonnes,Carrot,1500.0,1800.0,1600.0,Rs./Quintal,Grade A
Warangal APMC,4.0,Metric Tonnes,Carrot,3000.0,3500.0,3250.0,Rs./Quintal,FAQ
Total,20.97,Metric Tonnes,,,,4026.94,Rs./Quintal,
State/UT Name : Uttar Pradesh
Hasanpur APMC,0.5,Metric Tonnes,Carrot,1850.0,2020.0,2000.0,Rs./Quintal,FAQ
Maigalganj APMC,0.4,Metric Tonnes,Carrot,1220.0,1260.0,1240.0,Rs./Quintal,FAQ
Siyana APMC,1.0,Metric Tonnes,Carrot,1100.0,1200.0,1150.0,Rs./Quintal,Medium
Total,1.9,Metric Tonnes,,,,1392.63,Rs./Quintal,
State/UT Name : Uttarakhand
Dehradoon APMC,1.0,Metric Tonnes,Other,950.0,1550.0,1000.0,Rs./Quintal,FAQ
Dehradoon APMC,1.5,Metric Tonnes,Other,900.0,1400.0,1200.0,Rs./Quintal,Grade B
Kashipur APMC,1.0,Metric Tonnes,Other,2400.0,2400.0,2400.0,Rs./Quintal,Local
Total,3.5,Metric Tonnes,,,,1485.71,Rs./Quintal,
State/UT Name : West Bengal
Gangarampur(Dakshin Dinajpur) APMC,0.1,Metric Tonnes,Other,4000.0,4500.0,4300.0,Rs./Quintal,FAQ
Ghatal APMC,2.0,Metric Tonnes,Carrot,3500.0,3700.0,3600.0,Rs./Quintal,FAQ
Jhargram APMC,0.4,Metric Tonnes,Other,3000.0,3400.0,3200.0,Rs./Quintal,FAQ
Karsiyang(Matigara) APMC,0.3,Metric Tonnes,Other,3200.0,3400.0,3300.0,Rs./Quintal,FAQ
Sealdah Koley Market APMC,11.600000000000001,Metric Tonnes,Other,3500.0,4500.0,4000.0,Rs./Quintal,FAQ
Total,14.4,Metric Tonnes,,,,3909.72,Rs./Quintal,
Grand Total,1276.89,Metric Tonnes,,,,4002.56,Rs./Quintal,
Onion
State/UT Name : Andhra Pradesh
Yerraguntla APMC,0.1,Metric Tonnes,Local,2600.0,3000.0,2800.0,Rs./Quintal,FAQ
Total,0.1,Metric Tonnes,,,,2800.0,Rs./Quintal,
State/UT Name : Assam
Dhekiajuli APMC,4.5,Metric Tonnes,Onion,5200.0,5400.0,5300.0,Rs./Quintal,FAQ
Pamohi(Garchuk) APMC,15.0,Metric Tonnes,Onion,5200.0,5800.0,5300.0,Rs./Quintal,FAQ
Pamohi(Garchuk) APMC,24.0,Metric Tonnes,Other,5400.0,6000.0,5500.0,Rs./Quintal,FAQ
Tinsukia Market,8.0,Metric Tonnes,Onion,4700.0,5200.0,5000.0,Rs./Quintal,FAQ
Total,51.5,Metric Tonnes,,,,5346.6,Rs./Quintal,
State/UT Name : Bihar
Balliah APMC,2.5,Metric Tonnes,1st Sort,4800.0,5000.0,4900.0,Rs./Quintal,Grade A
Balliah APMC,2.5,Metric Tonnes,1st Sort,4800.0,5000.0,4900.0,Rs./Quintal,Grade B
Balliah APMC,2.5,Metric Tonnes,1st Sort,4800.0,5000.0,4900.0,Rs./Quintal,Grade C
Bhagwanpur Mandi APMC,8.6,Metric Tonnes,1st Sort,4800.0,4800.0,4800.0,Rs./Quintal,Grade A
Bhagwanpur Mandi APMC,7.8,Metric Tonnes,Medium,4800.0,4800.0,4800.0,Rs./Quintal,Grade A
Buxur APMC,2.5,Metric Tonnes,1st Sort,4432.0,4445.0,4442.0,Rs./Quintal,Local
Chhapra APMC,100.0,Metric Tonnes,Other,4200.0,4800.0,4400.0,Rs./Quintal,Grade A
Khagaria APMC,30.0,Metric Tonnes,Red,4050.0,4300.0,4160.0,Rs./Quintal,Grade A
Madhubani APMC,30.0,Metric Tonnes,Nasik,4500.0,4700.0,4600.0,Rs./Quintal,FAQ
Motihari APMC,75.0,Metric Tonnes,Other,4500.0,4800.0,4700.0,Rs./Quintal,Grade A
Raxaul APMC,3.5,Metric Tonnes,1st Sort,4200.0,4400.0,4300.0,Rs./Quintal,Grade A
Triveniganj APMC,10.0,Metric Tonnes,1st Sort,4100.0,4100.0,4100.0,Rs./Quintal,Grade A
Total,274.9,Metric Tonnes,,,,4503.18,Rs./Quintal,
State/UT Name : Chandigarh
Chandigarh (Grain/F&V) APMC,218.76,Metric Tonnes,Onion,2500.0,5000.0,4500.0,Rs./Quintal,FAQ
Total,218.76,Metric Tonnes,,,,4500.0,Rs./Quintal,
State/UT Name : Chattisgarh
Durg APMC,6.8,Metric Tonnes,Onion,3400.0,3600.0,3600.0,Rs./Quintal,Medium
Rajnandgaon APMC,28.0,Metric Tonnes,Onion,4500.0,5000.0,4800.0,Rs./Quintal,Grade B
Tiphra APMC,53.0,Metric Tonnes,Local,4000.0,4800.0,4500.0,Rs./Quintal,Grade B
Total,87.8,Metric Tonnes,,,,4525.97,Rs./Quintal,
State/UT Name : Goa
Mapusa APMC,8.98,Metric Tonnes,Onion,2000.0,3100.0,2800.0,Rs./Quintal,FAQ
Total,8.98,Metric Tonnes,,,,2800.0,Rs./Quintal,
State/UT Name : Gujarat
Ahmedabad(Chimanbhai Patal Market Vasana) APMC,21.8,Metric Tonnes,Local,4000.0,4200.0,4100.0,Rs./Quintal,FAQ
Ahmedabad(Chimanbhai Patal Market Vasana) APMC,330.90000000000003,Metric Tonnes,Nasik,2500.0,5000.0,4750.0,Rs./Quintal,FAQ
Ahmedabad(Chimanbhai Patal Market Vasana) APMC,127.7,Metric Tonnes,Other,2000.0,4500.0,4250.0,Rs./Quintal,FAQ
"Anand(Veg,Yard,Anand) APMC",31.3,Metric Tonnes,Onion,3500.0,4500.0,4000.0,Rs./Quintal,Grade B
Ankleshwar APMC,16.0,Metric Tonnes,Onion,2600.0,4100.0,3600.0,Rs./Quintal,Grade A
Bharuch APMC,22.5,Metric Tonnes,Other,1500.0,3000.0,2000.0,Rs./Quintal,Local
Bhuj APMC,73.10000000000001,Metric Tonnes,Other,4700.0,5400.0,5050.0,Rs./Quintal,FAQ
Bilimora APMC,1.0,Metric Tonnes,Nasik,3500.0,5500.0,5000.0,Rs./Quintal,FAQ
Dahod(Veg. Market) APMC,1.5,Metric Tonnes,Onion,1500.0,5000.0,4500.0,Rs./Quintal,Local
Deesa(Deesa Veg Yard) APMC,86.80000000000001,Metric Tonnes,Other,3000.0,5000.0,4000.0,Rs./Quintal,FAQ
Himatnagar(Veg.Market Himatnagar) APMC,1.2000000000000002,Metric Tonnes,Onion,4000.0,4500.0,4320.0,Rs./Quintal,Local
Kapadvanj APMC,8.0,Metric Tonnes,Onion,3000.0,4000.0,3500.0,Rs./Quintal,Medium
Khambhat(Veg Yard Khambhat) APMC,0.30000000000000004,Metric Tonnes,Other,5000.0,5500.0,5000.0,Rs./Quintal,Local
Mehsana(Mehsana Veg) APMC,38.400000000000006,Metric Tonnes,Other,1000.0,5000.0,3900.0,Rs./Quintal,Local
Morbi APMC,20.0,Metric Tonnes,Onion,2500.0,4500.0,3500.0,Rs./Quintal,FAQ
Nadiyad(Piplag) APMC,15.0,Metric Tonnes,Onion,2000.0,2500.0,2200.0,Rs./Quintal,FAQ
Navsari APMC,24.200000000000003,Metric Tonnes,Onion,4000.0,5250.0,4625.0,Rs./Quintal,Grade A
Padra APMC,10.3,Metric Tonnes,Other,4000.0,5500.0,4750.0,Rs./Quintal,FAQ
Surat APMC,225.0,Metric Tonnes,Other,2500.0,6000.0,4250.0,Rs./Quintal,FAQ
Total,1055.0,Metric Tonnes,,,,4326.38,Rs./Quintal,
State/UT Name : Haryana
Ambala City(Subji Mandi) APMC,54.2,Metric Tonnes,Other,3320.0,3320.0,3320.0,Rs./Quintal,Non-FAQ
Bahadurgarh APMC,8.0,Metric Tonnes,Other,4200.0,5200.0,5000.0,Rs./Quintal,FAQ
Ballabhgarh APMC,5.5,Metric Tonnes,Onion,2500.0,3500.0,3000.0,Rs./Quintal,FAQ
Barwala APMC,0.5,Metric Tonnes,Onion,4000.0,4500.0,4250.0,Rs./Quintal,FAQ
Barwala(Hisar) APMC,5.0,Metric Tonnes,Onion,4500.0,5000.0,4800.0,Rs./Quintal,Local
Chhachrauli APMC,0.125,Metric Tonnes,Onion,4400.0,5500.0,4500.0,Rs./Quintal,Local
Dhand APMC,0.30000000000000004,Metric Tonnes,Other,3500.0,4000.0,3800.0,Rs./Quintal,Medium
Farukh Nagar APMC,1.6,Metric Tonnes,Other,4200.0,5000.0,4600.0,Rs./Quintal,Medium
Fatehabad APMC,9.600000000000001,Metric Tonnes,Other,4500.0,4500.0,4500.0,Rs./Quintal,Local
Ganaur APMC,2.8000000000000003,Metric Tonnes,Onion,3000.0,4000.0,3500.0,Rs./Quintal,FAQ
Gharaunda APMC,2.0,Metric Tonnes,Other,4200.0,4400.0,4400.0,Rs./Quintal,Local
Gohana APMC,5.0,Metric Tonnes,Other,4000.0,5000.0,4500.0,Rs./Quintal,Medium
Gurgaon APMC,96.0,Metric Tonnes,Other,4000.0,4500.0,4250.0,Rs./Quintal,Grade B
Hansi APMC,25.5,Metric Tonnes,Other,4000.0,5000.0,4500.0,Rs./Quintal,FAQ
Hissar APMC,13.2,Metric Tonnes,Other,3000.0,5100.0,4300.0,Rs./Quintal,Medium
Indri APMC,0.45,Metric Tonnes,Other,3800.0,3800.0,3800.0,Rs./Quintal,FAQ
Jagadhri APMC,3.196,Metric Tonnes,Other,3200.0,4100.0,3800.0,Rs./Quintal,FAQ
Jakhal APMC,0.1,Metric Tonnes,Other,4500.0,4500.0,4500.0,Rs./Quintal,Non-FAQ
Kharkhoda APMC,3.0,Metric Tonnes,Other,3000.0,4000.0,3600.0,Rs./Quintal,FAQ
Ladwa APMC,1.2000000000000002,Metric Tonnes,Other,5500.0,6000.0,6000.0,Rs./Quintal,Medium
Madlauda APMC,0.30000000000000004,Metric Tonnes,Onion,3800.0,3800.0,3800.0,Rs./Quintal,FAQ
Meham,0.2,Metric Tonnes,Medium,4500.0,4500.0,4500.0,Rs./Quintal,Medium
Mustafabad APMC,0.06,Metric Tonnes,Onion,3500.0,3700.0,3700.0,Rs./Quintal,FAQ
Naraingarh APMC,2.0500000000000003,Metric Tonnes,Onion,2200.0,3600.0,3000.0,Rs./Quintal,Medium
Narnaul APMC,2.5,Metric Tonnes,Onion,4000.0,5000.0,4500.0,Rs./Quintal,Medium
Narwana APMC,6.5,Metric Tonnes,Onion,4000.0,4500.0,4450.0,Rs./Quintal,Non-FAQ
"New Grain Market , Faridabad APMC",55.0,Metric Tonnes,Onion,3000.0,5000.0,4000.0,Rs./Quintal,Non-FAQ
Nuh APMC,1.7,Metric Tonnes,Other,2500.0,3000.0,3000.0,Rs./Quintal,Local
Panipat APMC,32.800000000000004,Metric Tonnes,Onion,1500.0,4500.0,3000.0,Rs./Quintal,Local
Pataudi APMC,1.6,Metric Tonnes,Onion,3500.0,4300.0,4000.0,Rs./Quintal,Grade B
Pundri APMC,0.5,Metric Tonnes,Other,4100.0,4300.0,4200.0,Rs./Quintal,FAQ
Raipur Rani APMC,0.25,Metric Tonnes,Onion,2200.0,2400.0,2200.0,Rs./Quintal,Local
Rania APMC,0.1,Metric Tonnes,Other,0.11,0.15,0.12,Rs./Quintal,Non-FAQ
Rania(Jiwan nagar) APMC,0.1,Metric Tonnes,Other,250.0,400.0,300.0,Rs./Quintal,Non-FAQ
Ratia APMC,20.0,Metric Tonnes,Other,4500.0,4500.0,4500.0,Rs./Quintal,Grade A
Rewari APMC,4.800000000000001,Metric Tonnes,Medium,3000.0,6500.0,4500.0,Rs./Quintal,Medium
Rohtak APMC,8.0,Metric Tonnes,Other,1000.0,2000.0,1500.0,Rs./Quintal,Medium
Sadhaura APMC,2.3000000000000003,Metric Tonnes,Onion,2700.0,2900.0,2800.0,Rs./Quintal,Local
Shahabad APMC,4.8,Metric Tonnes,Onion,3500.0,4700.0,4315.0,Rs./Quintal,Medium
Sirsa APMC,15.4,Metric Tonnes,Other,3150.0,4500.0,4300.0,Rs./Quintal,FAQ
Tarori APMC,0.8,Metric Tonnes,Other,3000.0,4000.0,3500.0,Rs./Quintal,Grade A
Thanesar APMC,20.8,Metric Tonnes,Onion,4000.0,5000.0,4500.0,Rs./Quintal,Medium
Uklana APMC,0.30000000000000004,Metric Tonnes,Onion,4000.0,4000.0,4000.0,Rs./Quintal,Medium
Yamuna Nagar APMC,15.700000000000001,Metric Tonnes,Other,2200.0,4200.0,3500.0,Rs./Quintal,Medium
Total,433.83,Metric Tonnes,,,,3961.07,Rs./Quintal,
State/UT Name : Himachal Pradesh
PMY Bilaspur,2.5,Metric Tonnes,Other,4200.0,4800.0,4500.0,Rs./Quintal,Grade B
PMY Chamba,2.0,Metric Tonnes,Onion,5500.0,5700.0,5600.0,Rs./Quintal,Medium
PMY Dhalli Shimla,3.0,Metric Tonnes,1st Sort,4800.0,5500.0,5000.0,Rs./Quintal,Grade A
PMY Hamirpur,2.6,Metric Tonnes,Other,5000.0,5200.0,5100.0,Rs./Quintal,Grade B
PMY Kangni Mandi,0.44,Metric Tonnes,Onion,4300.0,4800.0,4500.0,Rs./Quintal,FAQ
PMY Kangra,2.1,Metric Tonnes,Onion,5400.0,5500.0,5450.0,Rs./Quintal,FAQ
PMY Kather Solan,3.7,Metric Tonnes,Other,4500.0,5200.0,4800.0,Rs./Quintal,Medium
PMY Kullu,1.5,Metric Tonnes,Other,5000.0,5200.0,5100.0,Rs./Quintal,FAQ
PMY Paonta Sahib,0.6000000000000001,Metric Tonnes,Nasik,5000.0,5200.0,5100.0,Rs./Quintal,FAQ
PMY Una,3.7600000000000002,Metric Tonnes,Onion,4700.0,5200.0,5000.0,Rs./Quintal,FAQ
SMY Baijnath,0.8,Metric Tonnes,Onion,5000.0,5100.0,5000.0,Rs./Quintal,Grade A
SMY Bhuntar,1.3,Metric Tonnes,Other,5200.0,6200.0,5600.0,Rs./Quintal,FAQ
SMY Dhanotu,0.9,Metric Tonnes,Onion,4800.0,5000.0,4900.0,Rs./Quintal,FAQ
SMY Dharamshala,1.1,Metric Tonnes,Onion,5000.0,5500.0,5250.0,Rs./Quintal,FAQ
SMY Jaisinghpur,0.1,Metric Tonnes,Other,5200.0,5600.0,5400.0,Rs./Quintal,FAQ
SMY Jogindernagar,0.1,Metric Tonnes,Local,4800.0,5400.0,5100.0,Rs./Quintal,Grade B
SMY Nadaun,0.22999999999999998,Metric Tonnes,Other,3800.0,4000.0,3900.0,Rs./Quintal,Grade B
SMY Nagrota Bagwan,0.9,Metric Tonnes,Onion,5300.0,5400.0,5400.0,Rs./Quintal,FAQ
SMY Nalagarh,0.25,Metric Tonnes,Other,4000.0,4500.0,4300.0,Rs./Quintal,Medium
SMY Palampur,2.0,Metric Tonnes,Onion,5000.0,5500.0,5200.0,Rs./Quintal,FAQ
SMY Takoli,0.1,Metric Tonnes,Other,4000.0,4800.0,4500.0,Rs./Quintal,Medium
Total,29.98,Metric Tonnes,,,,5056.77,Rs./Quintal,
State/UT Name : Jammu and Kashmir
Fruit and Vegetable Market Udhampur,7.0,Metric Tonnes,Other,5000.0,5000.0,5000.0,Rs./Quintal,Grade B
Kathua (F&V),25.0,Metric Tonnes,Nasik,4000.0,4500.0,4250.0,Rs./Quintal,FAQ
MAC F&V Market Narwal Jammu,90.0,Metric Tonnes,Medium,5000.0,5500.0,5250.0,Rs./Quintal,FAQ
Parimpore Srinagar (F&V),171.0,Metric Tonnes,Nasik,5500.0,5600.0,5550.0,Rs./Quintal,Grade A
Total,293.0,Metric Tonnes,,,,5333.79,Rs./Quintal,
State/UT Name : Karnataka
Bangarpet APMC,0.8,Metric Tonnes,Onion,3500.0,4300.0,4000.0,Rs./Quintal,Local
Belgaum APMC,18.0,Metric Tonnes,Pusa-Red,1000.0,5000.0,4500.0,Rs./Quintal,Large
Bengaluru APMC,1972.3000000000002,Metric Tonnes,Puna,4000.0,5500.0,4800.0,Rs./Quintal,Local
Bengaluru APMC,657.4000000000001,Metric Tonnes,Local,3000.0,4000.0,3500.0,Rs./Quintal,Medium
Bengaluru APMC,328.70000000000005,Metric Tonnes,Onion,4000.0,5000.0,4200.0,Rs./Quintal,Large
Bengaluru APMC,328.70000000000005,Metric Tonnes,Bangalore-Samall,2000.0,3000.0,2500.0,Rs./Quintal,Small
Chickkaballapura APMC,6.0,Metric Tonnes,Beelary-Red,5500.0,6000.0,5800.0,Rs./Quintal,Local
Chikkamagaluru APMC,3.0,Metric Tonnes,Other,4200.0,4800.0,4500.0,Rs./Quintal,Local
Davangere APMC,117.0,Metric Tonnes,Onion,3500.0,5500.0,4800.0,Rs./Quintal,Local
Doddaballapur APMC,3.4000000000000004,Metric Tonnes,Onion,4000.0,5000.0,4500.0,Rs./Quintal,Medium
Gauribidanur APMC,0.4,Metric Tonnes,Onion,3000.0,4000.0,3500.0,Rs./Quintal,Local
Hunsur APMC,1.2000000000000002,Metric Tonnes,Bombay (U.P.),4264.0,4264.0,4264.0,Rs./Quintal,Local
Kadur APMC,0.6000000000000001,Metric Tonnes,Onion,4162.0,4165.0,4162.0,Rs./Quintal,Medium
Mysuru APMC,57.800000000000004,Metric Tonnes,Other,4500.0,5000.0,4700.0,Rs./Quintal,Medium
Shimoga APMC,10.0,Metric Tonnes,Onion,5000.0,6000.0,5500.0,Rs./Quintal,Local
T. Narasipura APMC,0.9,Metric Tonnes,Onion,5000.0,6000.0,5000.0,Rs./Quintal,Small
Tarikere APMC,16.0,Metric Tonnes,Local,1667.0,1667.0,1667.0,Rs./Quintal,Local
Udupi APMC,9.5,Metric Tonnes,Onion,4400.0,4500.0,4500.0,Rs./Quintal,Local
Total,3531.7,Metric Tonnes,,,,4272.51,Rs./Quintal,
State/UT Name : Keralam
Aluva Market,60.0,Metric Tonnes,Big,5500.0,6000.0,5800.0,Rs./Quintal,FAQ
Anchal Market,0.43,Metric Tonnes,Big,4500.0,4500.0,4500.0,Rs./Quintal,Local
Anchal Market,0.5,Metric Tonnes,Small,5300.0,5300.0,5300.0,Rs./Quintal,Local
Angamaly Market,1.0,Metric Tonnes,Small,9000.0,9400.0,9200.0,Rs./Quintal,FAQ
Angamaly Market,1.0,Metric Tonnes,Big,5800.0,6200.0,6000.0,Rs./Quintal,FAQ
Aralamoodu Market,3.0,Metric Tonnes,Big,6000.0,6500.0,6500.0,Rs./Quintal,FAQ
Aralamoodu Market,2.0,Metric Tonnes,Onion,8000.0,9000.0,9000.0,Rs./Quintal,FAQ
Aroor Market,0.2,Metric Tonnes,Big,5800.0,6000.0,5900.0,Rs./Quintal,FAQ
Aroor Market,0.2,Metric Tonnes,Small,7800.0,8000.0,7900.0,Rs./Quintal,FAQ
Athirampuzha Market,2.0,Metric Tonnes,Big,5600.0,5800.0,5700.0,Rs./Quintal,FAQ
Athirampuzha Market,0.8,Metric Tonnes,Small,8800.0,9000.0,8900.0,Rs./Quintal,FAQ
Broadway market Market,5.6,Metric Tonnes,1st Sort,5500.0,6500.0,5700.0,Rs./Quintal,Medium
Chala Market,18.0,Metric Tonnes,Big,6300.0,6800.0,6300.0,Rs./Quintal,FAQ
Chathanoor Market,0.4,Metric Tonnes,Other,3300.0,3700.0,3500.0,Rs./Quintal,FAQ
Chavakkad Market,0.3,Metric Tonnes,Big,5700.0,6200.0,6200.0,Rs./Quintal,FAQ
Chelakkara Market,0.2,Metric Tonnes,Big,6000.0,6500.0,6200.0,Rs./Quintal,FAQ
Chengannur Market,1.2,Metric Tonnes,Big,5400.0,5800.0,5500.0,Rs./Quintal,FAQ
Chengannur Market,0.5,Metric Tonnes,Small,7900.0,8200.0,8000.0,Rs./Quintal,FAQ
Ettumanoor Market,2.0,Metric Tonnes,Big,5400.0,5800.0,5600.0,Rs./Quintal,FAQ
Ettumanoor Market,1.0,Metric Tonnes,Onion,8500.0,9000.0,8800.0,Rs./Quintal,FAQ
Kallachi Market,0.1,Metric Tonnes,Big,5400.0,5800.0,5600.0,Rs./Quintal,FAQ
Kanjangadu Market,1.0,Metric Tonnes,Big,5700.0,6400.0,6000.0,Rs./Quintal,FAQ
Kanjirappally Market,0.5,Metric Tonnes,Big,4500.0,5000.0,4800.0,Rs./Quintal,FAQ
Kannur Market,22.0,Metric Tonnes,Onion,6000.0,6200.0,6100.0,Rs./Quintal,Grade A
Kayamkulam Market,5.0,Metric Tonnes,Big,5400.0,5600.0,5500.0,Rs./Quintal,FAQ
Kayamkulam Market,3.0,Metric Tonnes,Small,7200.0,7400.0,7300.0,Rs./Quintal,FAQ
Koduvayoor Market,80.0,Metric Tonnes,Big,5200.0,5600.0,5400.0,Rs./Quintal,Medium
Koduvayoor Market,80.0,Metric Tonnes,Small,8200.0,8600.0,8400.0,Rs./Quintal,Medium
Kollengode Market,80.0,Metric Tonnes,Small,8600.0,9000.0,8800.0,Rs./Quintal,FAQ
Kollengode Market,80.0,Metric Tonnes,Big,6000.0,6400.0,6200.0,Rs./Quintal,FAQ
Kondotty Market,0.25,Metric Tonnes,Small,9800.0,10100.0,10000.0,Rs./Quintal,FAQ
Kondotty Market,0.25,Metric Tonnes,Other,4500.0,5200.0,5000.0,Rs./Quintal,FAQ
Kottarakkara Market,0.01,Metric Tonnes,Other,3100.0,3100.0,3100.0,Rs./Quintal,Local
Manjeri Market,8.0,Metric Tonnes,Other,5650.0,5750.0,5700.0,Rs./Quintal,Local
Mukkom Market,0.6,Metric Tonnes,Onion,5200.0,5600.0,5400.0,Rs./Quintal,FAQ
Neeleswaram Market,1.0,Metric Tonnes,Big,5400.0,5800.0,5600.0,Rs./Quintal,FAQ
North Paravur Market,1.0,Metric Tonnes,1st Sort,5500.0,6400.0,6200.0,Rs./Quintal,Large
North Paravur Market,1.0,Metric Tonnes,1st Sort,8500.0,10000.0,8800.0,Rs./Quintal,Small
Pala Market,1.0,Metric Tonnes,Big,5400.0,6800.0,6200.0,Rs./Quintal,FAQ
Pala Market,2.0,Metric Tonnes,Onion,8400.0,9000.0,8800.0,Rs./Quintal,FAQ
Palakkad Market,10.0,Metric Tonnes,Big,5500.0,6500.0,6100.0,Rs./Quintal,FAQ
Palakkad Market,3.0,Metric Tonnes,Small,9000.0,10000.0,9600.0,Rs./Quintal,FAQ
Parappanangadi Market,10.0,Metric Tonnes,Other,5400.0,5600.0,5500.0,Rs./Quintal,FAQ
Parappanangadi Market,2.0,Metric Tonnes,Small,9500.0,9700.0,9600.0,Rs./Quintal,Grade A
Pattambi Market,1.0,Metric Tonnes,Big,5700.0,6000.0,5800.0,Rs./Quintal,FAQ
Pattambi Market,0.5,Metric Tonnes,Onion,8000.0,9000.0,8500.0,Rs./Quintal,FAQ
Perambra Market,0.9,Metric Tonnes,Other,5500.0,5800.0,5700.0,Rs./Quintal,FAQ
Perinthalmanna Market,5.0,Metric Tonnes,Onion,4000.0,5200.0,4500.0,Rs./Quintal,Local
Perumbavoor Market,10.0,Metric Tonnes,Onion,5000.0,6000.0,5500.0,Rs./Quintal,Medium
Piravam Market,5.0,Metric Tonnes,Onion,5000.0,6000.0,5500.0,Rs./Quintal,Local
Pothencode Market,500.0,Metric Tonnes,Other,6000.0,6200.0,6000.0,Rs./Quintal,Local
Taliparamba Market,0.04,Metric Tonnes,Onion,5400.0,5600.0,5500.0,Rs./Quintal,FAQ
Thalasserry Market,0.3,Metric Tonnes,1st Sort,5000.0,5800.0,5400.0,Rs./Quintal,FAQ
Thamarassery Market,0.2,Metric Tonnes,Other,6500.0,6800.0,6500.0,Rs./Quintal,FAQ
Thodupuzha Market,0.2,Metric Tonnes,Small,8000.0,8200.0,8200.0,Rs./Quintal,Large
Thodupuzha Market,0.2,Metric Tonnes,Big,5900.0,6100.0,6100.0,Rs./Quintal,Large
Thrippunithura Market,1.0,Metric Tonnes,Big,6000.0,6600.0,6200.0,Rs./Quintal,Medium
Thrissur Market,12.0,Metric Tonnes,Onion,5000.0,5000.0,5000.0,Rs./Quintal,FAQ
Vadakkenchery Market,0.18,Metric Tonnes,Small,10000.0,11000.0,11000.0,Rs./Quintal,FAQ
Vadakkenchery Market,0.23,Metric Tonnes,Big,6500.0,7000.0,7000.0,Rs./Quintal,FAQ
Vamanapuram Market,0.13,Metric Tonnes,Big,7500.0,8000.0,8000.0,Rs./Quintal,FAQ
vadakarapathy Market,0.1,Metric Tonnes,Big,5000.0,5200.0,5100.0,Rs./Quintal,FAQ
vadakarapathy Market,0.07,Metric Tonnes,Small,6000.0,7000.0,6500.0,Rs./Quintal,FAQ
Total,1029.09,Metric Tonnes,,,,6377.03,Rs./Quintal,
State/UT Name : Madhya Pradesh
A lot APMC,3.5570000000000004,Metric Tonnes,Onion,400.0,3390.0,2600.0,Rs./Quintal,FAQ
Badnagar APMC,36.65,Metric Tonnes,Local,1800.0,3500.0,3500.0,Rs./Quintal,Non-FAQ
Badnagar APMC,54.679,Metric Tonnes,Onion,1000.0,3190.0,3190.0,Rs./Quintal,FAQ
Badnagar APMC,22.901,Metric Tonnes,Onion-Organic,1815.0,4115.0,4115.0,Rs./Quintal,Non-FAQ
Badnagar APMC,20.012,Metric Tonnes,Onion,900.0,2500.0,2500.0,Rs./Quintal,Non-FAQ
Badnawar APMC,31.933999999999997,Metric Tonnes,Local,1311.0,2800.0,2800.0,Rs./Quintal,Non-FAQ
Badnawar APMC,104.52000000000001,Metric Tonnes,Medium,600.0,3500.0,705.0,Rs./Quintal,FAQ
Badnawar APMC,900.864,Metric Tonnes,Onion,495.0,3505.0,1500.0,Rs./Quintal,Non-FAQ
Badnawar APMC,1316.7440000000001,Metric Tonnes,Onion,505.0,4200.0,800.0,Rs./Quintal,FAQ
Badnawar APMC,62.072,Metric Tonnes,Onion-Organic,1000.0,3440.0,1165.0,Rs./Quintal,FAQ
Badnawar(F&V) APMC,2281.9,Metric Tonnes,Onion,1200.0,1200.0,1200.0,Rs./Quintal,Local
Bareli(F&V) APMC,1.42,Metric Tonnes,Local,2400.0,2400.0,2400.0,Rs./Quintal,Grade A
Bhopal APMC,191.21500000000003,Metric Tonnes,Onion,800.0,3900.0,3000.0,Rs./Quintal,FAQ
Burhanpur(F&V) APMC,2.5,Metric Tonnes,Local,1500.0,4000.0,3600.0,Rs./Quintal,Local
Dewas(F&V) APMC,2.2,Metric Tonnes,Other,800.0,3200.0,1500.0,Rs./Quintal,FAQ
Gadarwada (F&V) APMC,1.9,Metric Tonnes,Other,5000.0,5000.0,5000.0,Rs./Quintal,Local
Guna(F&V) APMC,1.0,Metric Tonnes,Other,2800.0,3250.0,3000.0,Rs./Quintal,Grade B
Harda(F&V) APMC,1.5,Metric Tonnes,Medium,2500.0,3500.0,3000.0,Rs./Quintal,Medium
Indore APMC,389.60300000000007,Metric Tonnes,Onion,1195.0,3580.0,3570.0,Rs./Quintal,FAQ
Indore APMC,49.933,Metric Tonnes,Other,2616.0,3240.0,2616.0,Rs./Quintal,Non-FAQ
Indore APMC,2306.791,Metric Tonnes,Onion,396.0,3986.0,3190.0,Rs./Quintal,Non-FAQ
Indore APMC,1451.199,Metric Tonnes,Other,657.0,4038.0,2914.0,Rs./Quintal,FAQ
Itarsi(F&V) APMC,1.05,Metric Tonnes,Onion,2500.0,3300.0,3000.0,Rs./Quintal,FAQ
Jabalpur(F&V) APMC,37.8,Metric Tonnes,Onion,1000.0,1800.0,1200.0,Rs./Quintal,Medium
Jaora APMC,106.54100000000001,Metric Tonnes,Onion,100.0,4199.0,3400.0,Rs./Quintal,FAQ
Kailaras APMC,0.22000000000000003,Metric Tonnes,Other,3000.0,4000.0,4000.0,Rs./Quintal,FAQ
Katni(F&V) APMC,2.5,Metric Tonnes,Other,2000.0,2000.0,2000.0,Rs./Quintal,Grade C
Khandwa APMC,10.0,Metric Tonnes,Local,1600.0,4250.0,4250.0,Rs./Quintal,FAQ
Kukshi(F&V) APMC,0.8,Metric Tonnes,Onion,1400.0,2800.0,2100.0,Rs./Quintal,Grade A
Lashkar(F&V) APMC,16.0,Metric Tonnes,Local,2500.0,3100.0,2800.0,Rs./Quintal,Grade B
Manasa APMC,0.317,Metric Tonnes,Onion,2600.0,2600.0,2600.0,Rs./Quintal,FAQ
Manawar(F&V) APMC,0.9,Metric Tonnes,Onion,3300.0,3800.0,3544.0,Rs./Quintal,Grade B
Mandsaur APMC,177.50400000000002,Metric Tonnes,Onion,100.0,4510.0,3460.0,Rs./Quintal,Non-FAQ
Mandsaur APMC,31.987000000000002,Metric Tonnes,Onion,502.0,3922.0,3922.0,Rs./Quintal,FAQ
Narmadapuram (F&V) APMC,2.9,Metric Tonnes,Onion,2120.0,3970.0,2450.0,Rs./Quintal,FAQ
Neemuch APMC,38.216,Metric Tonnes,Red,1300.0,4276.0,4080.0,Rs./Quintal,FAQ
Neemuch APMC,3.4060000000000006,Metric Tonnes,Onion,1100.0,3990.0,2200.0,Rs./Quintal,FAQ
Neemuch APMC,0.09100000000000001,Metric Tonnes,Medium,3412.0,3412.0,3412.0,Rs./Quintal,FAQ
Petlawad APMC,0.44400000000000006,Metric Tonnes,Red,2500.0,3800.0,3800.0,Rs./Quintal,FAQ
Pipariya(F&V) APMC,2.0,Metric Tonnes,Onion,2400.0,5000.0,4000.0,Rs./Quintal,Local
Porsa APMC,2.5,Metric Tonnes,Onion,1500.0,1500.0,1500.0,Rs./Quintal,FAQ
Ratlam APMC,2.779,Metric Tonnes,Puna,3020.0,3020.0,3020.0,Rs./Quintal,FAQ
Ratlam APMC,2299.36,Metric Tonnes,Onion,500.0,4602.0,3000.0,Rs./Quintal,FAQ
Ratlam(F&V) APMC,2090.8,Metric Tonnes,Other,751.0,4602.0,2951.0,Rs./Quintal,FAQ
Rehli(F&V) APMC,0.30000000000000004,Metric Tonnes,Onion,2500.0,2700.0,2600.0,Rs./Quintal,Grade C
Sagar(F&V) APMC,14.0,Metric Tonnes,Onion,1500.0,2400.0,1800.0,Rs./Quintal,Local
Sailana APMC,226.77700000000002,Metric Tonnes,Onion,700.0,4100.0,3000.0,Rs./Quintal,FAQ
Sailana(F&V) APMC,153.4,Metric Tonnes,Local,1400.0,8200.0,5600.0,Rs./Quintal,Local
Sanawad(F&V) APMC,0.4,Metric Tonnes,Onion,4000.0,4500.0,4300.0,Rs./Quintal,Medium
Sanwer(F&V) APMC,0.25,Metric Tonnes,Onion,2500.0,4300.0,3500.0,Rs./Quintal,FAQ
Sendhwa(F&V) APMC,0.2,Metric Tonnes,Red,1100.0,1600.0,1300.0,Rs./Quintal,Medium
Shajapur APMC,185.247,Metric Tonnes,Medium,447.58,3187.9,1560.08,Rs./Quintal,Non-FAQ
Shajapur APMC,1488.1770000000001,Metric Tonnes,Medium,380.0,3872.63,3087.0,Rs./Quintal,FAQ
Shajapur APMC,107.658,Metric Tonnes,Onion,2442.16,3315.41,2988.94,Rs./Quintal,FAQ
Shajapur(F&V) APMC,2016.2,Metric Tonnes,Onion,150.0,3900.0,2300.0,Rs./Quintal,Grade A
Shamgarh APMC,6.3020000000000005,Metric Tonnes,Onion,500.0,3851.0,3402.0,Rs./Quintal,Non-FAQ
Shamgarh APMC,3.3979999999999997,Metric Tonnes,Onion,1120.0,3782.0,3782.0,Rs./Quintal,FAQ
Shivpuri APMC,63.1,Metric Tonnes,Onion,540.0,3000.0,1000.0,Rs./Quintal,FAQ
Thandla APMC,1.15,Metric Tonnes,Onion,900.0,1300.0,1100.0,Rs./Quintal,FAQ
Ujjain APMC,470.72600000000006,Metric Tonnes,Onion,149.45,3899.02,2800.0,Rs./Quintal,FAQ
Ujjain APMC,0.8160000000000001,Metric Tonnes,White,2688.6,2688.6,2688.6,Rs./Quintal,FAQ
Ujjain APMC,334.904,Metric Tonnes,Onion,383.0,3708.68,3400.0,Rs./Quintal,Non-FAQ
Total,19136.21,Metric Tonnes,,,,2509.78,Rs./Quintal,
State/UT Name : Maharashtra
APMC Akluj ,22.0,Metric Tonnes,Red,1500.0,5000.0,3800.0,Rs./Quintal,Local
APMC Akola ,40.0,Metric Tonnes,Other,2000.0,5000.0,3500.0,Rs./Quintal,Local
APMC Bhusaval ,0.2,Metric Tonnes,Unhali,4000.0,4000.0,4000.0,Rs./Quintal,Local
APMC Chandwad ,304.3,Metric Tonnes,Unhali,1205.0,5275.0,4370.0,Rs./Quintal,Local
APMC Devala ,314.6,Metric Tonnes,Unhali,1000.0,4610.0,4280.0,Rs./Quintal,Local
APMC Dharashiv ,3.1,Metric Tonnes,Red,2500.0,5000.0,3750.0,Rs./Quintal,Local
APMC Dindori ,7.3,Metric Tonnes,Unhali,3600.0,4500.0,3900.0,Rs./Quintal,Local
APMC Jalgaon ,12.1,Metric Tonnes,Red,1250.0,4500.0,2812.0,Rs./Quintal,Local
APMC Kalvan ,750.0,Metric Tonnes,Unhali,2000.0,5400.0,4500.0,Rs./Quintal,Local
APMC Karjat ,1.0,Metric Tonnes,Local,1000.0,4300.0,3500.0,Rs./Quintal,Local
APMC Khed ,0.6,Metric Tonnes,Fursungi,2500.0,4200.0,3000.0,Rs./Quintal,Local
APMC Kolhapur ,342.3,Metric Tonnes,Other,1200.0,5000.0,2800.0,Rs./Quintal,Local
APMC Kopargaon ,602.0,Metric Tonnes,Unhali,1000.0,4701.0,4000.0,Rs./Quintal,Local
APMC Lasalgaon ,690.2,Metric Tonnes,Unhali,1000.0,5002.0,4400.0,Rs./Quintal,Local
APMC Mangal Wedha ,14.8,Metric Tonnes,Local,2400.0,6350.0,5300.0,Rs./Quintal,Local
APMC Manmad ,110.7,Metric Tonnes,Unhali,1663.0,4300.0,3900.0,Rs./Quintal,Local
APMC Nampur,203.9,Metric Tonnes,Unhali,595.0,4720.0,4200.0,Rs./Quintal,Local
APMC Nasik ,125.5,Metric Tonnes,Unhali,2100.0,4700.0,4200.0,Rs./Quintal,Local
APMC Paithan ,94.0,Metric Tonnes,Unhali,1100.0,4900.0,4100.0,Rs./Quintal,Local
APMC Parner ,1214.6,Metric Tonnes,Unhali,1000.0,5500.0,3800.0,Rs./Quintal,Local
APMC Pathardi ,3.9,Metric Tonnes,Red,1000.0,4700.0,2850.0,Rs./Quintal,Local
APMC Pimpalgaon Baswant ,1157.6,Metric Tonnes,Unhali,1500.0,6401.0,4700.0,Rs./Quintal,Local
APMC Pune ,892.8,Metric Tonnes,Local,1000.0,4800.0,2900.0,Rs./Quintal,Local
APMC Rahata ,187.0,Metric Tonnes,Other,700.0,5500.0,3800.0,Rs./Quintal,Local
APMC Rahuri ,1108.6,Metric Tonnes,Other,500.0,5300.0,2900.0,Rs./Quintal,Local
APMC Sangamner ,189.3,Metric Tonnes,Unhali,1500.0,5100.0,3300.0,Rs./Quintal,Local
APMC Satana ,915.0,Metric Tonnes,Unhali,1600.0,5200.0,4080.0,Rs./Quintal,Local
APMC Sinner ,78.0,Metric Tonnes,Unhali,1300.0,4800.0,4200.0,Rs./Quintal,Local
APMC Solapur ,1366.7,Metric Tonnes,Red,500.0,6000.0,3100.0,Rs./Quintal,Local
APMC Umrane,750.0,Metric Tonnes,Unhali,1500.0,5100.0,4100.0,Rs./Quintal,Local
APMC Vadgaonpeth ,27.0,Metric Tonnes,Local,3000.0,4200.0,3800.0,Rs./Quintal,Local
APMC Vai ,1.3,Metric Tonnes,Local,2000.0,4500.0,3000.0,Rs./Quintal,Local
APMC Yeola ,189.4,Metric Tonnes,Unhali,701.0,4616.0,4000.0,Rs./Quintal,Local
Amrawati(Frui & Veg. Market) ,18.0,Metric Tonnes,Local,2500.0,5300.0,3900.0,Rs./Quintal,Local
Junnar(Alephata) ,692.5,Metric Tonnes,Chinchwad,1000.0,4900.0,4000.0,Rs./Quintal,Local
Junnar(Narayangaon) ,2.6,Metric Tonnes,Chinchwad,1000.0,4300.0,2500.0,Rs./Quintal,Local
Lasalgaon(Niphad) ,337.5,Metric Tonnes,Unhali,1200.0,4600.0,4300.0,Rs./Quintal,Local
Lasalgaon(Vinchur) ,481.2,Metric Tonnes,Unhali,1200.0,5000.0,4350.0,Rs./Quintal,Local
"Laxmi-Sopan Agriculture Produce Marketing Co Ltd, Barshi, Dist Solapur",1.6,Metric Tonnes,Other,700.0,4800.0,4000.0,Rs./Quintal,Local
"Malharshree Khajgi Krushi Utpann Bajar, Chandanpuri Tal Malegaon, Nashik",16.1,Metric Tonnes,Other,1847.0,4125.0,3512.0,Rs./Quintal,Local
Mumbai-Onion & Potato Market ,682.2,Metric Tonnes,Other,3400.0,4600.0,4000.0,Rs./Quintal,Local
"Omchatinya Multi State Agro Purpose Co-Op Society, Dist Ahilyanagar",283.27,Metric Tonnes,Other,700.0,5000.0,3800.0,Rs./Quintal,Local
Pimpalgaon Baswant(Saykheda) ,144.2,Metric Tonnes,Unhali,2150.0,4480.0,3750.0,Rs./Quintal,Local
"Pratap Nana Mahale Khajgi Krushi Uttpana Bazar, Samati-Dhule",19.3,Metric Tonnes,Red,1000.0,4560.0,3690.44,Rs./Quintal,Local
"Pratap Nana Mahale Khajgi Krushi Uttpana Bazar, Samati-Dhule",88.72,Metric Tonnes,Other,1510.0,4580.0,3803.84,Rs./Quintal,Local
Pune(Khadiki) ,1.0,Metric Tonnes,Local,1000.0,1800.0,1400.0,Rs./Quintal,Local
Pune(Manjri) ,10.9,Metric Tonnes,Local,3000.0,5000.0,4000.0,Rs./Quintal,Local
Pune(Moshi) ,32.5,Metric Tonnes,Local,2000.0,4500.0,3250.0,Rs./Quintal,Local
Pune(Pimpri) ,3.3,Metric Tonnes,Local,2500.0,4900.0,3700.0,Rs./Quintal,Local
"Sangli(Phale, Bhajipala Market) ",183.5,Metric Tonnes,Local,1500.0,5000.0,3250.0,Rs./Quintal,Local
"Shri Rameshwar Krushi Market, M.Nagar, Tal Deola, Dist Nashik",493.48,Metric Tonnes,Other,851.0,5656.0,4027.02,Rs./Quintal,Local
Total,15211.67,Metric Tonnes,,,,3841.53,Rs./Quintal,
State/UT Name : Manipur
Imphal APMC,4.6,Metric Tonnes,Other,5300.0,6000.0,5700.0,Rs./Quintal,FAQ
Kakching Market APMC,0.8,Metric Tonnes,Red,6000.0,6500.0,6250.0,Rs./Quintal,FAQ
Lamlong Bazaar APMC,1.7,Metric Tonnes,Onion,5500.0,6000.0,5750.0,Rs./Quintal,FAQ
Total,7.1,Metric Tonnes,,,,5773.94,Rs./Quintal,
State/UT Name : NCT of Delhi
"Fruit&Vegetable Market,Gazipur APMC",373.0,Metric Tonnes,Onion,4200.0,4600.0,4400.0,Rs./Quintal,FAQ
Total,373.0,Metric Tonnes,,,,4400.0,Rs./Quintal,
State/UT Name : Nagaland
Jalukie APMC,0.3,Metric Tonnes,Onion,4000.0,4000.0,4000.0,Rs./Quintal,FAQ
Total,0.3,Metric Tonnes,,,,4000.0,Rs./Quintal,
State/UT Name : Odisha
Angul APMC,5.4,Metric Tonnes,Other,3500.0,3500.0,3500.0,Rs./Quintal,Grade B
Balugaon APMC,1.2,Metric Tonnes,Other,2400.0,2400.0,2400.0,Rs./Quintal,Grade A
Bargarh(Barapalli) APMC,157.0,Metric Tonnes,Onion,2000.0,3000.0,2500.0,Rs./Quintal,Local
Birmaharajpur APMC,1.7000000000000002,Metric Tonnes,Onion,5200.0,5600.0,5400.0,Rs./Quintal,Local
Bolangir APMC,4.0,Metric Tonnes,Other,4600.0,5500.0,5000.0,Rs./Quintal,Medium
Boudh APMC,1.0,Metric Tonnes,Other,5500.0,6500.0,6000.0,Rs./Quintal,Local
Chandabali APMC,19.0,Metric Tonnes,Other,4200.0,4800.0,4530.0,Rs./Quintal,Grade Range-2
Dungurapalli APMC,0.30000000000000004,Metric Tonnes,Other,5000.0,5000.0,5000.0,Rs./Quintal,Local
Hindol APMC,1.2000000000000002,Metric Tonnes,Other,5000.0,5500.0,5200.0,Rs./Quintal,Grade B
Jharsuguda APMC,15.0,Metric Tonnes,Other,4000.0,5000.0,5000.0,Rs./Quintal,Grade A
Kamakhyanagar APMC,1.5,Metric Tonnes,Onion,12000.0,12000.0,12000.0,Rs./Quintal,Grade A
Kesinga APMC,0.45,Metric Tonnes,Onion,3800.0,4200.0,4000.0,Rs./Quintal,Grade B
Khariar APMC,0.7,Metric Tonnes,Dry F.A.Q.,4500.0,4500.0,4500.0,Rs./Quintal,Grade A
Pandkital APMC,0.29,Metric Tonnes,Other,5000.0,5000.0,5000.0,Rs./Quintal,Local
Rairakhol APMC,0.8,Metric Tonnes,Onion,4500.0,5000.0,4700.0,Rs./Quintal,Grade B
Sargipali APMC,2.0,Metric Tonnes,Other,5000.0,6000.0,5500.0,Rs./Quintal,FAQ
Tusura APMC,3.2,Metric Tonnes,Other,4600.0,5500.0,5000.0,Rs./Quintal,Medium
Udala APMC,2.0,Metric Tonnes,Onion,4500.0,5200.0,5000.0,Rs./Quintal,Grade A
Total,216.74,Metric Tonnes,,,,3153.23,Rs./Quintal,
State/UT Name : Punjab
Adampur APMC,1.9000000000000001,Metric Tonnes,Onion,4200.0,4500.0,4500.0,Rs./Quintal,FAQ
Ahmedgarh APMC,0.1,Metric Tonnes,Other,5000.0,5300.0,5300.0,Rs./Quintal,Medium
Baghapurana APMC,0.5,Metric Tonnes,Onion,4000.0,5000.0,4500.0,Rs./Quintal,Grade B
Balachaur APMC,5.008,Metric Tonnes,Other,3000.0,4000.0,3500.0,Rs./Quintal,Medium
Bassi Pathana APMC,1.0,Metric Tonnes,Onion,5000.0,5000.0,5000.0,Rs./Quintal,Medium
Bathinda APMC,280.0,Metric Tonnes,Other,4000.0,4800.0,4400.0,Rs./Quintal,Grade B
Bhagta Bhai Ka APMC,0.3,Metric Tonnes,Other,4300.0,4300.0,4300.0,Rs./Quintal,Medium
Bhucho APMC,0.4,Metric Tonnes,Onion,3800.0,3800.0,3800.0,Rs./Quintal,Local
Chamkaur Sahib APMC,6.5,Metric Tonnes,Onion,5000.0,5000.0,5000.0,Rs./Quintal,Medium
Dasuya APMC,2.0,Metric Tonnes,Onion,5000.0,5000.0,5000.0,Rs./Quintal,FAQ
Dera Bassi APMC,1.2,Metric Tonnes,Onion,2900.0,2900.0,2900.0,Rs./Quintal,Local
Dhariwal APMC,0.9,Metric Tonnes,Onion,1750.0,1750.0,1750.0,Rs./Quintal,Grade A
Dhuri APMC,1.0,Metric Tonnes,Other,4000.0,4500.0,4400.0,Rs./Quintal,Medium
Dinanagar APMC,1.35,Metric Tonnes,Other,4600.0,4800.0,4700.0,Rs./Quintal,Medium
Doraha APMC,1.3550000000000002,Metric Tonnes,Medium,4000.0,4500.0,4300.0,Rs./Quintal,Local
Dudhansadhan APMC,0.3,Metric Tonnes,Other,5000.0,5000.0,5000.0,Rs./Quintal,Grade B
F.G.Churian APMC,0.25,Metric Tonnes,Onion,5000.0,5000.0,5000.0,Rs./Quintal,Grade A
Fazilka APMC,6.6,Metric Tonnes,Onion,4800.0,4800.0,4800.0,Rs./Quintal,FAQ
Garh Shankar APMC,7.9,Metric Tonnes,Onion,3800.0,3800.0,3800.0,Rs./Quintal,FAQ
Garh Shankar(Mahalpur) APMC,6.5,Metric Tonnes,Onion,3800.0,3800.0,3800.0,Rs./Quintal,FAQ
GarhShankar (Kotfatuhi) APMC,0.6,Metric Tonnes,Other,4000.0,4000.0,4000.0,Rs./Quintal,FAQ
Goraya APMC,0.1,Metric Tonnes,Other,5000.0,5000.0,5000.0,Rs./Quintal,Local
Gurdaspur APMC,14.7,Metric Tonnes,Other,4000.0,4000.0,4000.0,Rs./Quintal,Grade A
Jagraon APMC,3.0,Metric Tonnes,Other,2300.0,2300.0,2300.0,Rs./Quintal,FAQ
Jalalabad APMC,3.6,Metric Tonnes,Other,4200.0,4500.0,4300.0,Rs./Quintal,Medium
Jalandhar City(Jalandhar) APMC,51.400000000000006,Metric Tonnes,Other,2500.0,5000.0,3500.0,Rs./Quintal,FAQ
Khanna APMC,32.1,Metric Tonnes,Onion,3000.0,3000.0,3000.0,Rs./Quintal,Grade A
Kharar APMC,9.1,Metric Tonnes,Other,4500.0,6000.0,5000.0,Rs./Quintal,Non-FAQ
Kurali APMC,2.9000000000000004,Metric Tonnes,Other,3600.0,3800.0,3700.0,Rs./Quintal,Medium
Lalru APMC,2.9,Metric Tonnes,Other,4400.0,4400.0,4400.0,Rs./Quintal,Local
Lehra Gaga APMC,0.5,Metric Tonnes,Other,4200.0,4200.0,4200.0,Rs./Quintal,Grade A
Malerkotla APMC,16.0,Metric Tonnes,Other,2700.0,4000.0,3500.0,Rs./Quintal,Local
Malout APMC,1.51,Metric Tonnes,Onion,3500.0,3500.0,3500.0,Rs./Quintal,Grade A
Mansa APMC,10.0,Metric Tonnes,Nasik,5200.0,5200.0,5200.0,Rs./Quintal,FAQ
Maur APMC,0.6000000000000001,Metric Tonnes,Other,3800.0,4200.0,4000.0,Rs./Quintal,Grade B
Moga APMC,15.0,Metric Tonnes,Red,3500.0,4500.0,4000.0,Rs./Quintal,Medium
Morinda APMC,37.0,Metric Tonnes,Onion,3800.0,4500.0,4150.0,Rs./Quintal,Medium
Mukerian APMC,2.95,Metric Tonnes,Onion,4000.0,5000.0,4500.0,Rs./Quintal,Grade B
Mukerian(Talwara) APMC,0.55,Metric Tonnes,Onion,4000.0,5000.0,4500.0,Rs./Quintal,FAQ
Nawan Shahar(Subzi Mandi) APMC,4.1000000000000005,Metric Tonnes,Onion,3800.0,4000.0,3900.0,Rs./Quintal,FAQ
Nihal Singh Wala APMC,0.45,Metric Tonnes,Onion,4200.0,4200.0,4200.0,Rs./Quintal,FAQ
Patiala APMC,48.5,Metric Tonnes,Onion,2900.0,4000.0,3500.0,Rs./Quintal,Grade A
Patran APMC,75.0,Metric Tonnes,Other,2590.0,2590.0,2590.0,Rs./Quintal,Grade A
Patti APMC,0.82,Metric Tonnes,Other,0.1,0.1,0.1,Rs./Quintal,Non-FAQ
Phagwara APMC,25.0,Metric Tonnes,Other,3631.0,3964.0,3820.0,Rs./Quintal,FAQ
Phillaur APMC,0.30000000000000004,Metric Tonnes,Other,4800.0,4800.0,4800.0,Rs./Quintal,FAQ
Phillaur(Apra Mandi) APMC,0.2,Metric Tonnes,Other,5000.0,5000.0,5000.0,Rs./Quintal,FAQ
Quadian APMC,1.0,Metric Tonnes,Other,3300.0,3500.0,3400.0,Rs./Quintal,Grade A
Raikot APMC,2.0,Metric Tonnes,Nasik,3835.0,3835.0,3835.0,Rs./Quintal,Grade A
Rajpura APMC,4.5,Metric Tonnes,Local,3700.0,4000.0,3800.0,Rs./Quintal,Grade A
Raman APMC,0.6000000000000001,Metric Tonnes,Other,4415.0,4625.0,4515.0,Rs./Quintal,Medium
Rampuraphul(Nabha Mandi) APMC,3.0,Metric Tonnes,Other,3500.0,4500.0,4000.0,Rs./Quintal,Grade A
Rayya APMC,0.05,Metric Tonnes,Other,1411.0,1411.0,1411.0,Rs./Quintal,FAQ
Ropar APMC,105.0,Metric Tonnes,Nasik,4000.0,4500.0,4200.0,Rs./Quintal,Non-FAQ
Sahnewal APMC,0.4,Metric Tonnes,Onion,4100.0,4200.0,4100.0,Rs./Quintal,FAQ
Samana APMC,60.0,Metric Tonnes,Other,3200.0,5700.0,3500.0,Rs./Quintal,Grade Range-2
Samrala APMC,2.6,Metric Tonnes,Other,4000.0,5500.0,5000.0,Rs./Quintal,Local
Sirhind APMC,6.0,Metric Tonnes,Other,3500.0,5000.0,4000.0,Rs./Quintal,FAQ
Talwandi Sabo APMC,0.30000000000000004,Metric Tonnes,Other,5200.0,5600.0,5500.0,Rs./Quintal,Grade A
Tanda Urmur APMC,2.9000000000000004,Metric Tonnes,Nasik,5000.0,5500.0,5200.0,Rs./Quintal,Grade A
Tarantaran APMC,0.5,Metric Tonnes,Other,2600.0,2600.0,2600.0,Rs./Quintal,Local
Zira APMC,0.975,Metric Tonnes,Other,4800.0,4800.0,4800.0,Rs./Quintal,Local
Total,873.77,Metric Tonnes,,,,3929.44,Rs./Quintal,
State/UT Name : Rajasthan
Baran APMC,1.0,Metric Tonnes,Other,1000.0,1500.0,1300.0,Rs./Quintal,Local
Bassi APMC,0.4,Metric Tonnes,Other,5000.0,5400.0,5200.0,Rs./Quintal,Local
Bayana APMC,2.0,Metric Tonnes,Onion,2400.0,2400.0,2400.0,Rs./Quintal,Local
Bhadara APMC,0.8,Metric Tonnes,1st Sort,3000.0,4500.0,3950.0,Rs./Quintal,FAQ
Bhilwara APMC,4.7,Metric Tonnes,Other,2500.0,4500.0,3500.0,Rs./Quintal,FAQ
Chomu FV APMC,8.8,Metric Tonnes,Other,4000.0,5000.0,4500.0,Rs./Quintal,Local
Churu APMC,1.5,Metric Tonnes,1st Sort,2600.0,3000.0,2800.0,Rs./Quintal,FAQ
Goluwala APMC,0.12,Metric Tonnes,1st Sort,4600.0,4600.0,4600.0,Rs./Quintal,Non-FAQ
Jhunjhunu APMC,0.9,Metric Tonnes,Local,1500.0,2000.0,2000.0,Rs./Quintal,FAQ
Kota (F&V) APMC,45.3,Metric Tonnes,Other,4000.0,4000.0,4000.0,Rs./Quintal,Medium
Nawalgarh APMC,0.3,Metric Tonnes,Red,2300.0,2300.0,2300.0,Rs./Quintal,Local
Pratapgarh APMC,45.0,Metric Tonnes,Other,1500.0,4350.0,3640.0,Rs./Quintal,FAQ
Rajsamand APMC,6.5,Metric Tonnes,Onion,2000.0,3000.0,2500.0,Rs./Quintal,FAQ
Sangriya APMC,0.5,Metric Tonnes,Onion,2700.0,4100.0,3200.0,Rs./Quintal,Local
Sujangarh APMC,0.5,Metric Tonnes,Other,900.0,1100.0,1000.0,Rs./Quintal,Local
Total,118.32,Metric Tonnes,,,,3701.67,Rs./Quintal,
State/UT Name : Tamil Nadu
AJattihalli(Uzhavar Sandhai ),0.58,Metric Tonnes,Bellary,5500.0,6400.0,5950.0,Rs./Quintal,Local
Alangudi(Uzhavar Sandhai ),0.13,Metric Tonnes,Bellary,6500.0,7000.0,6750.0,Rs./Quintal,Local
Ambattur(Uzhavar Sandhai ),0.05,Metric Tonnes,Bellary,6000.0,6000.0,6000.0,Rs./Quintal,Local
Ammapet(Uzhavar Sandhai ),0.2,Metric Tonnes,Bellary,6000.0,6200.0,6100.0,Rs./Quintal,Local
Anaiyur(Uzhavar Sandhai ),0.64,Metric Tonnes,Bellary,6000.0,7000.0,6500.0,Rs./Quintal,Local
Andipatti(Uzhavar Sandhai ),0.75,Metric Tonnes,Bellary,6000.0,6200.0,6100.0,Rs./Quintal,Local
Anna nagar(Uzhavar Sandhai ),1.55,Metric Tonnes,Bellary,6600.0,7200.0,6900.0,Rs./Quintal,Local
Arani(Uzhavar Sandhai ),0.95,Metric Tonnes,Bellary,5000.0,6000.0,5500.0,Rs./Quintal,Local
Aranthangi(Uzhavar Sandhai ),0.12,Metric Tonnes,Bellary,5000.0,6000.0,5500.0,Rs./Quintal,Local
Arcot(Uzhavar Sandhai ),0.5,Metric Tonnes,Bellary,5500.0,6000.0,5750.0,Rs./Quintal,Local
Ariyalur(Uzhavar Sandhai),0.16,Metric Tonnes,Bellary,5500.0,6000.0,5750.0,Rs./Quintal,Local
Aruppukottai(Uzhavar Sandhai ),0.61,Metric Tonnes,Bellary,5500.0,6000.0,5750.0,Rs./Quintal,Local
Athur(Uzhavar Sandhai ),0.91,Metric Tonnes,Bellary,5500.0,6500.0,6000.0,Rs./Quintal,Local
Avallapalli(Uzhavar Sandhai ),0.26,Metric Tonnes,Bellary,5500.0,6000.0,5750.0,Rs./Quintal,Local
Bodinayakanur(Uzhavar Sandhai ),0.25,Metric Tonnes,Bellary,6400.0,6400.0,6400.0,Rs./Quintal,Local
Chengalpet(Uzhavar Sandhai ),0.53,Metric Tonnes,Bellary,5000.0,6000.0,5500.0,Rs./Quintal,Local
Chengam(Uzhavar Sandhai ),0.2,Metric Tonnes,Bellary,5000.0,6000.0,5500.0,Rs./Quintal,Local
Cheyyar(Uzhavar Sandhai ),0.1,Metric Tonnes,Bellary,4800.0,6000.0,5400.0,Rs./Quintal,Local
Chidambaram(Uzhavar Sandhai ),0.03,Metric Tonnes,Bellary,5000.0,5000.0,5000.0,Rs./Quintal,Local
Chinnalapatti(Uzhavar Sandhai ),0.56,Metric Tonnes,Bellary,6000.0,6500.0,6250.0,Rs./Quintal,Local
Chinnamanur(Uzhavar Sandhai ),1.02,Metric Tonnes,Bellary,6500.0,6500.0,6500.0,Rs./Quintal,Local
Chokkikulam(Uzhavar Sandhai ),1.55,Metric Tonnes,Bellary,4000.0,7000.0,5500.0,Rs./Quintal,Local
Coonoor(Uzhavar Sandhai ),1.62,Metric Tonnes,Bellary,6000.0,6400.0,6200.0,Rs./Quintal,Local
Cuddalore(Uzhavar Sandhai ),0.4,Metric Tonnes,Bellary,6000.0,7000.0,6500.0,Rs./Quintal,Local
Denkanikottai(Uzhavar Sandhai ),0.28,Metric Tonnes,Bellary,5000.0,6000.0,5500.0,Rs./Quintal,Local
Devakottai (Uzhavar Sandhai ),0.22,Metric Tonnes,Bellary,4400.0,6800.0,5600.0,Rs./Quintal,Local
Devaram(Uzhavar Sandhai ),0.15,Metric Tonnes,Bellary,6000.0,6000.0,6000.0,Rs./Quintal,Local
Dharapuram(Uzhavar Sandhai ),1.1,Metric Tonnes,Bellary,6000.0,6400.0,6200.0,Rs./Quintal,Local
Dharmapuri(Uzhavar Sandhai ),1.02,Metric Tonnes,Bellary,6200.0,6400.0,6300.0,Rs./Quintal,Local
Dindigul(Uzhavar Sandhai ),1.1,Metric Tonnes,Bellary,6000.0,6500.0,6250.0,Rs./Quintal,Local
Edapadi (Uzhavar Sandhai ),0.4,Metric Tonnes,Bellary,6000.0,6500.0,6250.0,Rs./Quintal,Local
Elampillai(Uzhavar Sandhai ),0.4,Metric Tonnes,Bellary,6000.0,6500.0,6250.0,Rs./Quintal,Local
Gandarvakottai(Uzhavar Sandhai ),0.24,Metric Tonnes,Bellary,6000.0,7000.0,6500.0,Rs./Quintal,Local
Gandhigramam(Uzhavar Sandhai),0.28,Metric Tonnes,Bellary,6000.0,6500.0,6250.0,Rs./Quintal,Local
Gingee(Uzhavar Sandhai ),0.18,Metric Tonnes,Bellary,5000.0,6000.0,5500.0,Rs./Quintal,Local
Gobichettipalayam(Uzhavar Sandhai ),0.49,Metric Tonnes,Bellary,6500.0,7000.0,6750.0,Rs./Quintal,Local
Gudalur(Uzhavar Sandhai ),0.04,Metric Tonnes,Bellary,8000.0,8500.0,8250.0,Rs./Quintal,Local
Gudiyatham(Uzhavar Sandhai ),0.18,Metric Tonnes,Bellary,5600.0,5800.0,5700.0,Rs./Quintal,Local
Guduvancheri(Uzhavar Sandhai ),0.2,Metric Tonnes,Bellary,5000.0,6000.0,5500.0,Rs./Quintal,Local
Harur(Uzhavar Sandhai ),0.23,Metric Tonnes,Bellary,5000.0,6000.0,5500.0,Rs./Quintal,Local
Hasthampatti(Uzhavar Sandhai ),0.45,Metric Tonnes,Bellary,5500.0,6000.0,5750.0,Rs./Quintal,Local
Hosur(Uzhavar Sandhai ),2.06,Metric Tonnes,Bellary,5000.0,6000.0,5500.0,Rs./Quintal,Local
Jalagandapuram(Uzhavar Sandhai ),0.17,Metric Tonnes,Bellary,6000.0,6500.0,6250.0,Rs./Quintal,Local
Jameenrayapettai(Uzhavar Sandhai ),0.61,Metric Tonnes,Bellary,5000.0,6000.0,5500.0,Rs./Quintal,Local
Jeyankondam (Uzhavar Sandhai ),0.01,Metric Tonnes,Bellary,6000.0,6500.0,6250.0,Rs./Quintal,Local
KKNagar(Uzhavar Sandhai ),1.5,Metric Tonnes,Bellary,7000.0,7000.0,7000.0,Rs./Quintal,Local
Kahithapattarai(Uzhavar Sandhai ),0.9,Metric Tonnes,Bellary,6000.0,6000.0,6000.0,Rs./Quintal,Local
Kallakurichi(Uzhavar Sandhai ),0.22,Metric Tonnes,Bellary,6000.0,6000.0,6000.0,Rs./Quintal,Local
Kambam(Uzhavar Sandhai ),1.5,Metric Tonnes,Bellary,5600.0,6000.0,5800.0,Rs./Quintal,Local
Kancheepuram(Uzhavar Sandhai ),0.65,Metric Tonnes,Bellary,5500.0,6500.0,6000.0,Rs./Quintal,Local
Kangayam(Uzhavar Sandhai ),0.5,Metric Tonnes,Bellary,4500.0,5000.0,4750.0,Rs./Quintal,Local
Karaikudi(Uzhavar Sandhai ),0.31,Metric Tonnes,Bellary,4500.0,7500.0,6000.0,Rs./Quintal,Local
Karambakkudi(Uzhavar Sandhai ),0.16,Metric Tonnes,Bellary,5000.0,6000.0,5500.0,Rs./Quintal,Local
Karimangalam(Uzhavar Sandhai),0.12,Metric Tonnes,Bellary,5500.0,6000.0,5750.0,Rs./Quintal,Local
Kariyapatti(Uzhavar Sandhai ),0.21,Metric Tonnes,Bellary,5500.0,6000.0,5750.0,Rs./Quintal,Local
Karur(Uzhavar Sandhai ),0.35,Metric Tonnes,Bellary,6000.0,6500.0,6250.0,Rs./Quintal,Local
Katpadi (Uzhavar Sandhai ),1.2,Metric Tonnes,Bellary,6500.0,6500.0,6500.0,Rs./Quintal,Local
Kaveripattinam(Uzhavar Sandhai ),0.26,Metric Tonnes,Bellary,5000.0,5000.0,5000.0,Rs./Quintal,Local
Keelpennathur(Uzhavar Sandhai ),0.04,Metric Tonnes,Bellary,5500.0,6000.0,5750.0,Rs./Quintal,Local
Kovilpatti(Uzhavar Sandhai ),0.34,Metric Tonnes,Bellary,5500.0,6800.0,6150.0,Rs./Quintal,Local
Krishnagiri(Uzhavar Sandhai ),1.6,Metric Tonnes,Bellary,5500.0,6000.0,5750.0,Rs./Quintal,Local
Kulithalai(Uzhavar Sandhai ),0.67,Metric Tonnes,Bellary,5600.0,6000.0,5800.0,Rs./Quintal,Local
Kumarapalayam(Uzhavar Sandhai ),0.11,Metric Tonnes,Bellary,2800.0,3000.0,2900.0,Rs./Quintal,Local
Kumbakonam (Uzhavar Sandhai ),1.07,Metric Tonnes,Bellary,6000.0,7200.0,6600.0,Rs./Quintal,Local
Kundrathur(Uzhavar Sandhai ),0.8,Metric Tonnes,Bellary,5000.0,5000.0,5000.0,Rs./Quintal,Local
Kurichi(Uzhavar Sandhai ),0.08,Metric Tonnes,Bellary,5400.0,5800.0,5600.0,Rs./Quintal,Local
Lalgudi(Uzhavar Sandhai ),0.31,Metric Tonnes,Bellary,5000.0,6000.0,5500.0,Rs./Quintal,Local
Madhuranthagam(Uzhavar Sandhai ),0.08,Metric Tonnes,Bellary,6000.0,6000.0,6000.0,Rs./Quintal,Local
Manachanallur(Uzhavar Sandhai ),0.1,Metric Tonnes,Bellary,6000.0,6000.0,6000.0,Rs./Quintal,Local
Manapparai(Uzhavar Sandhai ),0.2,Metric Tonnes,Bellary,6000.0,6000.0,6000.0,Rs./Quintal,Local
Mannargudi I(Uzhavar Sandhai ),1.27,Metric Tonnes,Bellary,5600.0,7000.0,6300.0,Rs./Quintal,Local
Mannargudi II(Uzhavar Sandhai ),0.28,Metric Tonnes,Bellary,6000.0,6000.0,6000.0,Rs./Quintal,Local
Mayiladuthurai(Uzhavar Sandhai ),0.17,Metric Tonnes,Bellary,5500.0,6000.0,5750.0,Rs./Quintal,Local
Medavakkam(Uzhavar Sandhai ),0.22,Metric Tonnes,Bellary,6500.0,6500.0,6500.0,Rs./Quintal,Local
Melapalayam(Uzhavar Sandhai ),1.2,Metric Tonnes,Bellary,5000.0,6200.0,5600.0,Rs./Quintal,Local
Melur(Uzhavar Sandhai ),0.49,Metric Tonnes,Bellary,6500.0,7000.0,6750.0,Rs./Quintal,Local
Mettupalayam(Uzhavar Sandhai ),0.86,Metric Tonnes,Bellary,6000.0,6400.0,6200.0,Rs./Quintal,Local
Mettur(Uzhavar Sandhai ),0.57,Metric Tonnes,Bellary,5000.0,6500.0,5750.0,Rs./Quintal,Local
Mohanur(Uzhavar Sandhai ),0.41,Metric Tonnes,Bellary,6000.0,6500.0,6250.0,Rs./Quintal,Local
Musiri(Uzhavar Sandhai ),0.69,Metric Tonnes,Bellary,5500.0,7000.0,6250.0,Rs./Quintal,Local
Muthupettai(Uzhavar Sandhai ),0.07,Metric Tonnes,Bellary,6000.0,6000.0,6000.0,Rs./Quintal,Local
Myladi(Uzhavar Sandhai ),0.05,Metric Tonnes,Bellary,6500.0,7000.0,6750.0,Rs./Quintal,Local
NGO Colony(Uzhavar Sandhai ),0.48,Metric Tonnes,Bellary,5500.0,6200.0,5850.0,Rs./Quintal,Local
Nagapattinam(Uzhavar Sandhai ),0.31,Metric Tonnes,Bellary,3700.0,4400.0,4050.0,Rs./Quintal,Local
Namakkal(Uzhavar Sandhai ),1.1,Metric Tonnes,Bellary,6000.0,6400.0,6200.0,Rs./Quintal,Local
Nanganallur(Uzhavar Sandhai ),0.17,Metric Tonnes,Bellary,5500.0,6000.0,5750.0,Rs./Quintal,Local
Naravarikuppam(Uzhavar Sandhai ),0.13,Metric Tonnes,Bellary,5500.0,5500.0,5500.0,Rs./Quintal,Local
Natrampalli(Uzhavar Sandhai ),0.6,Metric Tonnes,Bellary,6000.0,6500.0,6250.0,Rs./Quintal,Local
Needamangalam(Uzhavar Sandhai ),0.04,Metric Tonnes,Bellary,5400.0,5400.0,5400.0,Rs./Quintal,Local
Padappai(Uzhavar Sandhai ),0.75,Metric Tonnes,Bellary,5500.0,6500.0,6000.0,Rs./Quintal,Local
Palacode(Uzhavar Sandhai ),0.18,Metric Tonnes,Bellary,6200.0,6400.0,6300.0,Rs./Quintal,Local
Palanganatham(Uzhavar Sandhai ),0.9,Metric Tonnes,Bellary,5000.0,7000.0,6000.0,Rs./Quintal,Local
Palani(Uzhavar Sandhai ),0.96,Metric Tonnes,Bellary,5000.0,6500.0,5750.0,Rs./Quintal,Local
Palayamkottai(Uzhavar Sandhai ),2.1,Metric Tonnes,Bellary,5600.0,6200.0,5900.0,Rs./Quintal,Local
Pallavaram(Uzhavar Sandhai ),0.98,Metric Tonnes,Bellary,5000.0,6000.0,5500.0,Rs./Quintal,Local
Pallikonda(Uzhavar Sandhai),0.09,Metric Tonnes,Bellary,5000.0,5500.0,5250.0,Rs./Quintal,Local
Panruti(Uzhavar Sandhai ),0.07,Metric Tonnes,Bellary,5000.0,5000.0,5000.0,Rs./Quintal,Local
Papanasam(Uzhavar Sandhai ),0.19,Metric Tonnes,Bellary,6000.0,7200.0,6600.0,Rs./Quintal,Local
Paramathivelur(Uzhavar Sandhai ),0.14,Metric Tonnes,Bellary,6000.0,6800.0,6400.0,Rs./Quintal,Local
Paruthipattu(Uzhavar Sandhai ),0.22,Metric Tonnes,Bellary,6000.0,6000.0,6000.0,Rs./Quintal,Local
Pattukottai(Uzhavar Sandhai ),0.75,Metric Tonnes,Bellary,4600.0,6000.0,5300.0,Rs./Quintal,Local
Pennagaram(Uzhavar Sandhai ),0.19,Metric Tonnes,Bellary,6000.0,6400.0,6200.0,Rs./Quintal,Local
Perambakkam(Uzhavar Sandhai ),0.02,Metric Tonnes,Bellary,6000.0,6000.0,6000.0,Rs./Quintal,Local
Perambalur(Uzhavar Sandhai ),0.75,Metric Tonnes,Bellary,7000.0,7200.0,7100.0,Rs./Quintal,Local
Perampet(Uzhavar Sandhai),0.04,Metric Tonnes,Bellary,6000.0,6000.0,6000.0,Rs./Quintal,Local
Peravurani(Uzhavar Sandhai),0.05,Metric Tonnes,Bellary,4600.0,6000.0,5300.0,Rs./Quintal,Local
Periyakulam(Uzhavar Sandhai ),0.35,Metric Tonnes,Bellary,6000.0,6200.0,6100.0,Rs./Quintal,Local
Perundurai(Uzhavar Sandhai ),0.26,Metric Tonnes,Bellary,5500.0,6000.0,5750.0,Rs./Quintal,Local
Pollachi(Uzhavar Sandhai ),0.3,Metric Tonnes,Bellary,7500.0,8500.0,8000.0,Rs./Quintal,Local
Polur(Uzhavar Sandhai ),0.25,Metric Tonnes,Bellary,5000.0,6000.0,5500.0,Rs./Quintal,Local
Ponnamaravathi(Uzhavar Sandhai),0.19,Metric Tonnes,Bellary,5500.0,6000.0,5750.0,Rs./Quintal,Local
Pudukottai(Uzhavar Sandhai ),0.78,Metric Tonnes,Bellary,5000.0,6000.0,5500.0,Rs./Quintal,Local
RSPuram(Uzhavar Sandhai ),3.87,Metric Tonnes,Bellary,5400.0,5700.0,5550.0,Rs./Quintal,Local
Rajapalayam(Uzhavar Sandhai ),0.2,Metric Tonnes,Bellary,6000.0,6500.0,6250.0,Rs./Quintal,Local
Ramanathapuram(Uzhavar Sandhai ),0.14,Metric Tonnes,Bellary,5500.0,6000.0,5750.0,Rs./Quintal,Local
Ranipettai(Uzhavar Sandhai ),0.6,Metric Tonnes,Bellary,5600.0,6000.0,5800.0,Rs./Quintal,Local
Rasipuram(Uzhavar Sandhai ),0.62,Metric Tonnes,Bellary,6000.0,6500.0,6250.0,Rs./Quintal,Local
Sampath Nagar(Uzhavar Sandhai ),0.48,Metric Tonnes,Bellary,6600.0,7000.0,6800.0,Rs./Quintal,Local
Sankarankoil(Uzhavar Sandhai ),0.48,Metric Tonnes,Bellary,6000.0,6500.0,6250.0,Rs./Quintal,Local
Sankarapuram(Uzhavar Sandhai ),0.24,Metric Tonnes,Bellary,6000.0,6000.0,6000.0,Rs./Quintal,Local
Sathiyamagalam(Uzhavar Sandhai ),0.28,Metric Tonnes,Bellary,5500.0,6000.0,5750.0,Rs./Quintal,Local
Sathur(Uzhavar Sandhai ),0.06,Metric Tonnes,Bellary,4500.0,5000.0,4750.0,Rs./Quintal,Local
Singampunari(Uzhavar Sandhai ),0.11,Metric Tonnes,Bellary,4200.0,6600.0,5400.0,Rs./Quintal,Local
Singanallur(Uzhavar Sandhai ),1.16,Metric Tonnes,Bellary,5200.0,5800.0,5500.0,Rs./Quintal,Local
Sirkali(Uzhavar Sandhai ),0.28,Metric Tonnes,Bellary,5500.0,6000.0,5750.0,Rs./Quintal,Local
Sivagangai (Uzhavar Sandhai ),0.38,Metric Tonnes,Bellary,5200.0,7000.0,6100.0,Rs./Quintal,Local
Sivakasi(Uzhavar Sandhai ),0.06,Metric Tonnes,Bellary,5000.0,6000.0,5500.0,Rs./Quintal,Local
Sooramangalam(Uzhavar Sandhai ),0.6,Metric Tonnes,Bellary,6000.0,6500.0,6250.0,Rs./Quintal,Local
Srivilliputhur(Uzhavar Sandhai ),0.12,Metric Tonnes,Bellary,5000.0,6000.0,5500.0,Rs./Quintal,Local
Sulur(Uzhavar Sandhai ),0.25,Metric Tonnes,Bellary,5500.0,5800.0,5650.0,Rs./Quintal,Local
Sundarapuram(Uzhavar Sandhai ),0.86,Metric Tonnes,Bellary,5400.0,5800.0,5600.0,Rs./Quintal,Local
Sunguvarchatram(Uzhavar Sandhai ),0.8,Metric Tonnes,Bellary,5000.0,5000.0,5000.0,Rs./Quintal,Local
Tenkasi(Uzhavar Sandhai ),0.48,Metric Tonnes,Bellary,5000.0,6000.0,5500.0,Rs./Quintal,Local
Thalavadi(Uzhavar Sandhai ),0.23,Metric Tonnes,Bellary,5500.0,6000.0,5750.0,Rs./Quintal,Local
Thalavaipuram(Uzhavar Sandhai ),0.05,Metric Tonnes,Bellary,5500.0,6500.0,6000.0,Rs./Quintal,Local
Thammampatti (Uzhavar Sandhai ),0.48,Metric Tonnes,Bellary,6000.0,6500.0,6250.0,Rs./Quintal,Local
Thanjavur(Uzhavar Sandhai ),1.05,Metric Tonnes,Bellary,6000.0,6800.0,6400.0,Rs./Quintal,Local
Thathakapatti(Uzhavar Sandhai ),0.32,Metric Tonnes,Bellary,6000.0,6500.0,6250.0,Rs./Quintal,Local
Theni(Uzhavar Sandhai ),1.29,Metric Tonnes,Bellary,5000.0,6200.0,5600.0,Rs./Quintal,Local
Thirumangalam(Uzhavar Sandhai ),0.67,Metric Tonnes,Bellary,6500.0,7000.0,6750.0,Rs./Quintal,Local
Thirupathur APMC,0.72,Metric Tonnes,Bellary,6000.0,6000.0,6000.0,Rs./Quintal,Local
Thiruverumbur(Uzhavar Sandhai ),0.9,Metric Tonnes,Bellary,6000.0,6000.0,6000.0,Rs./Quintal,Local
Thuraiyur APMC,0.36,Metric Tonnes,Bellary,5000.0,6500.0,5750.0,Rs./Quintal,Local
Tindivanam APMC,0.73,Metric Tonnes,Bellary,4800.0,4800.0,4800.0,Rs./Quintal,Local
Tiruchengode APMC,0.21,Metric Tonnes,Bellary,5500.0,6000.0,5750.0,Rs./Quintal,Local
Tirukattupalli(Uzhavar Sandhai ),0.26,Metric Tonnes,Bellary,8400.0,8400.0,8400.0,Rs./Quintal,Local
Tirupatthur(Uzhavar Sandhai ),0.37,Metric Tonnes,Bellary,4500.0,6800.0,5650.0,Rs./Quintal,Local
Tiruppur (North) (Uzhavar Sandhai ),0.36,Metric Tonnes,Bellary,5000.0,6000.0,5500.0,Rs./Quintal,Local
Tiruppur (South) (Uzhavar Sandhai ),0.37,Metric Tonnes,Bellary,4000.0,5000.0,4500.0,Rs./Quintal,Local
Tiruthani(Uzhavar Sandhai ),1.0,Metric Tonnes,Bellary,5500.0,5500.0,5500.0,Rs./Quintal,Local
Tiruvallur(Uzhavar Sandhai ),0.23,Metric Tonnes,Bellary,6000.0,6000.0,6000.0,Rs./Quintal,Local
Tiruvannamalai(Uzhavar Sandhai ),1.0,Metric Tonnes,Bellary,5000.0,6000.0,5500.0,Rs./Quintal,Local
Tuticorin(Uzhavar Sandhai ),1.18,Metric Tonnes,Bellary,5000.0,6000.0,5500.0,Rs./Quintal,Local
Udhagamandalam(Uzhavar Sandhai ),2.4,Metric Tonnes,Bellary,6000.0,6500.0,6250.0,Rs./Quintal,Local
Udumalpet APMC,0.64,Metric Tonnes,Bellary,6000.0,6500.0,6250.0,Rs./Quintal,Local
Ulundurpettai APMC,0.46,Metric Tonnes,Bellary,6000.0,6000.0,6000.0,Rs./Quintal,Local
Usilampatti(Uzhavar Sandhai ),0.53,Metric Tonnes,Bellary,6500.0,7000.0,6750.0,Rs./Quintal,Local
Vadalur(Uzhavar Sandhai ),0.16,Metric Tonnes,Bellary,6000.0,7000.0,6500.0,Rs./Quintal,Local
Vadaseri APMC,0.39,Metric Tonnes,Bellary,5500.0,6000.0,5750.0,Rs./Quintal,Local
Vadavalli(Uzhavar Sandhai ),1.15,Metric Tonnes,Bellary,5400.0,5700.0,5550.0,Rs./Quintal,Local
Vandavasi(Uzhavar Sandhai ),0.04,Metric Tonnes,Bellary,5000.0,6000.0,5500.0,Rs./Quintal,Local
Vaniyampadi(Uzhavar Sandhai ),0.7,Metric Tonnes,Bellary,7000.0,7000.0,7000.0,Rs./Quintal,Local
Vazhapadi(Uzhavar Sandhai),0.1,Metric Tonnes,Bellary,5000.0,6000.0,5500.0,Rs./Quintal,Local
Vedaranyam(Uzhavar Sandhai),0.05,Metric Tonnes,Bellary,4200.0,4500.0,4350.0,Rs./Quintal,Local
Vedasanthur(Uzhavar Sandhai ),0.01,Metric Tonnes,Bellary,6000.0,6500.0,6250.0,Rs./Quintal,Local
Vellore APMC,1.2,Metric Tonnes,Bellary,5500.0,5800.0,5650.0,Rs./Quintal,Local
Villupuram(Uzhavar Sandhai ),0.46,Metric Tonnes,Bellary,6000.0,6000.0,6000.0,Rs./Quintal,Local
Viralimalai(Uzhavar Sandhai ),0.11,Metric Tonnes,Bellary,5000.0,6000.0,5500.0,Rs./Quintal,Local
Virudhunagar(Uzhavar Sandhai ),0.1,Metric Tonnes,Bellary,5500.0,6000.0,5750.0,Rs./Quintal,Local
Viruthachalam(Uzhavar Sandhai ),0.16,Metric Tonnes,Bellary,5500.0,5500.0,5500.0,Rs./Quintal,Local
Total,88.89,Metric Tonnes,,,,5942.54,Rs./Quintal,
State/UT Name : Telangana
"Alwal,RBZ",2.0,Metric Tonnes,Onion,4000.0,4000.0,4000.0,Rs./Quintal,FAQ
"Excise Colony,RBZ ",0.12,Metric Tonnes,Other,6400.0,6400.0,6400.0,Rs./Quintal,Grade A
"Kukatpally,RBZ",3.5,Metric Tonnes,1st Sort,4000.0,4000.0,4000.0,Rs./Quintal,Local
Miryalguda(Rythu Bazar) ,1.0,Metric Tonnes,Red,6000.0,6000.0,6000.0,Rs./Quintal,Grade A
RYTHU BAZAR MEHDIPATNAM,3.0,Metric Tonnes,1st Sort,4000.0,4000.0,4000.0,Rs./Quintal,Grade A
"Saroornagar,RBZ",1.0,Metric Tonnes,Other,4000.0,4000.0,4000.0,Rs./Quintal,Medium
Siddipet(Rythu Bazar) ,2.4000000000000004,Metric Tonnes,Onion,4500.0,5500.0,5000.0,Rs./Quintal,Grade A
"Vanasthalipuram,RBZ ",1.1,Metric Tonnes,Onion,4000.0,4000.0,4000.0,Rs./Quintal,Grade A
Total,14.12,Metric Tonnes,,,,4332.01,Rs./Quintal,
State/UT Name : Tripura
Barpathari APMC,1.2,Metric Tonnes,Other,4400.0,4600.0,4500.0,Rs./Quintal,FAQ
Dasda APMC,0.8,Metric Tonnes,Onion,4850.0,4850.0,4850.0,Rs./Quintal,FAQ
Gondatwisa APMC,0.2,Metric Tonnes,Onion,5000.0,5500.0,5300.0,Rs./Quintal,FAQ
Halahali,0.3,Metric Tonnes,1st Sort,6800.0,7000.0,6900.0,Rs./Quintal,FAQ
Jampuijala APMC,0.1,Metric Tonnes,Other,4800.0,5000.0,4900.0,Rs./Quintal,Medium
Kalsi APMC,0.4,Metric Tonnes,Other,2950.0,3100.0,3050.0,Rs./Quintal,FAQ
Machmara,0.9,Metric Tonnes,Nasik,4000.0,4200.0,4100.0,Rs./Quintal,FAQ
Manubazar,0.6000000000000001,Metric Tonnes,1st Sort,5500.0,6500.0,6000.0,Rs./Quintal,Grade A
Melaghar APMC,0.5,Metric Tonnes,Small,6000.0,6200.0,6100.0,Rs./Quintal,Local
Pabiacherra APMC,1.2000000000000002,Metric Tonnes,Nasik,5300.0,5500.0,5400.0,Rs./Quintal,FAQ
Total,6.2,Metric Tonnes,,,,4990.32,Rs./Quintal,
State/UT Name : Uttar Pradesh
Agra APMC,579.0,Metric Tonnes,Other,1500.0,2200.0,1814.94,Rs./Quintal,FAQ
Aligarh APMC,91.5,Metric Tonnes,Other,3000.0,4200.0,3937.7,Rs./Quintal,FAQ
Amroha APMC,97.94,Metric Tonnes,Other,2500.0,2500.0,2500.0,Rs./Quintal,FAQ
Awagarh APMC,0.2,Metric Tonnes,Other,1800.0,1800.0,1800.0,Rs./Quintal,FAQ
Ayodhya APMC,27.8,Metric Tonnes,Other,2900.0,2900.0,2900.0,Rs./Quintal,FAQ
Barabanki APMC,85.0,Metric Tonnes,Other,2500.0,2500.0,2500.0,Rs./Quintal,FAQ
Baripaal APMC,3.0,Metric Tonnes,Other,3500.0,3500.0,3500.0,Rs./Quintal,FAQ
Bishalpur APMC,46.0,Metric Tonnes,Other,2200.0,2235.0,2211.41,Rs./Quintal,FAQ
Chaandpur APMC,2.0,Metric Tonnes,Other,3000.0,3000.0,3000.0,Rs./Quintal,FAQ
Fatehpur APMC,30.0,Metric Tonnes,Other,3800.0,3800.0,3800.0,Rs./Quintal,FAQ
Gangoh APMC,0.2,Metric Tonnes,Other,4000.0,4000.0,4000.0,Rs./Quintal,FAQ
Ghaziabad APMC,274.7948,Metric Tonnes,Other,4010.0,4109.03,4035.44,Rs./Quintal,FAQ
Golagokarnath APMC,32.629,Metric Tonnes,Other,1500.0,5244.54,1520.66,Rs./Quintal,FAQ
Gonda APMC,0.2,Metric Tonnes,Other,4638.36,4638.36,4638.36,Rs./Quintal,FAQ
Gorakhpur APMC,65.0,Metric Tonnes,Other,2500.0,2500.0,2500.0,Rs./Quintal,FAQ
Hapur APMC,5.44,Metric Tonnes,Other,3806.77,3806.77,3806.77,Rs./Quintal,FAQ
Hargaon (Laharpur) APMC,3.0,Metric Tonnes,Other,2800.0,2800.0,2800.0,Rs./Quintal,FAQ
Jaunpur APMC,25.0,Metric Tonnes,Other,3800.0,3800.0,3800.0,Rs./Quintal,FAQ
Jhansi APMC,2.5,Metric Tonnes,Other,2200.0,2200.0,2200.0,Rs./Quintal,FAQ
Kairana APMC,1.0,Metric Tonnes,Other,3200.0,3200.0,3200.0,Rs./Quintal,FAQ
Kanpur(Grain) APMC,397.833,Metric Tonnes,Other,3500.0,5263.19,3516.32,Rs./Quintal,FAQ
Kasganj APMC,4.0,Metric Tonnes,Other,1900.0,1900.0,1900.0,Rs./Quintal,FAQ
Khairagarh APMC,1.0,Metric Tonnes,Other,3000.0,3000.0,3000.0,Rs./Quintal,FAQ
Khairagarh APMC,1.0,Metric Tonnes,Red,4000.0,4100.0,4050.0,Rs./Quintal,FAQ
Khandhla APMC,11.0,Metric Tonnes,Other,1800.0,1800.0,1800.0,Rs./Quintal,FAQ
Khekda APMC,0.3,Metric Tonnes,Other,3000.0,3000.0,3000.0,Rs./Quintal,FAQ
Kosikalan APMC,3.0,Metric Tonnes,Other,1900.0,1900.0,1900.0,Rs./Quintal,FAQ
Lakhimpur APMC,30.77,Metric Tonnes,Other,2900.0,2900.0,2900.0,Rs./Quintal,FAQ
Lucknow APMC,8.1835,Metric Tonnes,Other,5176.83,5176.83,5176.83,Rs./Quintal,FAQ
Mathura APMC,38.7,Metric Tonnes,Other,3400.0,3600.0,3402.58,Rs./Quintal,FAQ
Meerut APMC,0.148,Metric Tonnes,Other,4195.54,4195.54,4195.54,Rs./Quintal,FAQ
Muradabad APMC,71.0,Metric Tonnes,Other,2500.0,2510.0,2504.51,Rs./Quintal,FAQ
Muradnagar APMC,75.33,Metric Tonnes,Other,2500.0,3000.0,2601.75,Rs./Quintal,FAQ
Muzzafarnagar APMC,0.525,Metric Tonnes,Other,4847.94,4847.94,4847.94,Rs./Quintal,FAQ
Najibabad APMC,25.0,Metric Tonnes,Other,2500.0,2500.0,2500.0,Rs./Quintal,FAQ
Noida APMC,311.0,Metric Tonnes,Other,4000.0,4000.0,4000.0,Rs./Quintal,FAQ
Prayagraj APMC,10.876,Metric Tonnes,Other,4000.0,5278.87,4103.01,Rs./Quintal,FAQ
Rampur APMC,8.927,Metric Tonnes,Other,2500.0,2500.0,2500.0,Rs./Quintal,FAQ
Rampurmaniharan APMC,0.6,Metric Tonnes,Other,2500.0,2500.0,2500.0,Rs./Quintal,FAQ
Rudauli APMC,23.0,Metric Tonnes,Other,2500.0,2500.0,2500.0,Rs./Quintal,FAQ
Saharanpur APMC,8.5,Metric Tonnes,Other,3500.0,3500.0,3500.0,Rs./Quintal,FAQ
Samsabad APMC,1.0,Metric Tonnes,Onion,2200.0,2600.0,2400.0,Rs./Quintal,Local
Shahabad(New Mandi) APMC,11.2,Metric Tonnes,Other,2500.0,2500.0,2500.0,Rs./Quintal,FAQ
Shamli APMC,2.5,Metric Tonnes,Other,4500.0,5000.0,4600.0,Rs./Quintal,FAQ
Shikohabad APMC,49.0,Metric Tonnes,Other,2500.0,2500.0,2500.0,Rs./Quintal,FAQ
Sitapur APMC,30.0,Metric Tonnes,Other,2800.0,2800.0,2800.0,Rs./Quintal,FAQ
Thanabhawan APMC,8.0,Metric Tonnes,Other,2300.0,2300.0,2300.0,Rs./Quintal,FAQ
Varanasi APMC,121.99,Metric Tonnes,Other,3500.0,3800.0,3607.75,Rs./Quintal,FAQ
Total,2626.59,Metric Tonnes,,,,3002.6,Rs./Quintal,
State/UT Name : Uttarakhand
Bhagwanpur(Naveen Mandi Sthal) APMC,0.2,Metric Tonnes,Other,3000.0,3700.0,3500.0,Rs./Quintal,Grade A
Dehradoon APMC,12.5,Metric Tonnes,Nasik,1500.0,2200.0,2000.0,Rs./Quintal,Grade B
Haldwani APMC,28.700000000000003,Metric Tonnes,Other,3200.0,3800.0,3400.0,Rs./Quintal,FAQ
Kotadwara APMC,0.3,Metric Tonnes,Onion,1800.0,1800.0,1800.0,Rs./Quintal,FAQ
Ramnagar APMC,3.2,Metric Tonnes,Other,2500.0,3000.0,2600.0,Rs./Quintal,Local
Rishikesh APMC,8.200000000000001,Metric Tonnes,Other,3045.0,4950.0,4450.0,Rs./Quintal,Medium
Roorkee APMC,1.0,Metric Tonnes,Other,2500.0,4500.0,3500.0,Rs./Quintal,Medium
Rudrapur APMC,20.0,Metric Tonnes,Other,2500.0,4500.0,4000.0,Rs./Quintal,Medium
Sitarganj APMC,8.200000000000001,Metric Tonnes,Onion,3000.0,4500.0,3500.0,Rs./Quintal,Local
Vikasnagar APMC,6.0,Metric Tonnes,Other,3500.0,3500.0,3500.0,Rs./Quintal,Medium
Total,88.3,Metric Tonnes,,,,3418.23,Rs./Quintal,
State/UT Name : West Bengal
Alipurduar APMC,6.0,Metric Tonnes,Onion,3500.0,4200.0,4000.0,Rs./Quintal,FAQ
Asansol APMC,16.0,Metric Tonnes,Nasik,4250.0,4650.0,4365.0,Rs./Quintal,FAQ
Balarampur APMC,1.3,Metric Tonnes,Other,4900.0,5500.0,5200.0,Rs./Quintal,FAQ
Balurghat APMC,2.5,Metric Tonnes,1st Sort,4500.0,5000.0,4800.0,Rs./Quintal,FAQ
Bankura Sadar APMC,15.5,Metric Tonnes,Nasik,4850.0,5250.0,5150.0,Rs./Quintal,FAQ
Bara Bazar (Posta Bazar) APMC,26.0,Metric Tonnes,Nasik,4450.0,5000.0,4800.0,Rs./Quintal,FAQ
Barasat APMC,39.0,Metric Tonnes,Other,5000.0,5000.0,5000.0,Rs./Quintal,FAQ
Baruipur(Canning) APMC,3.5,Metric Tonnes,Red,4800.0,5000.0,4900.0,Rs./Quintal,FAQ
Bethuadahari APMC,8.6,Metric Tonnes,Nasik,3800.0,4200.0,4000.0,Rs./Quintal,Grade A
Birbhum APMC,29.0,Metric Tonnes,Other,4600.0,4800.0,4700.0,Rs./Quintal,FAQ
Bishnupur(Bankura) APMC,0.75,Metric Tonnes,Nasik,4600.0,5200.0,4800.0,Rs./Quintal,FAQ
Bolpur APMC,26.0,Metric Tonnes,Onion,4600.0,4800.0,4700.0,Rs./Quintal,FAQ
Burdwan APMC,22.0,Metric Tonnes,Nasik,4800.0,5000.0,4900.0,Rs./Quintal,FAQ
Chakdah APMC,5.5,Metric Tonnes,Onion,4800.0,5200.0,5000.0,Rs./Quintal,FAQ
Champadanga APMC,3.2,Metric Tonnes,Nasik,4800.0,5200.0,5000.0,Rs./Quintal,FAQ
Dhupguri APMC,20.0,Metric Tonnes,Nasik,4600.0,4800.0,4700.0,Rs./Quintal,FAQ
Durgapur APMC,16.0,Metric Tonnes,Nasik,4350.0,4650.0,4500.0,Rs./Quintal,FAQ
English Bazar APMC,12.0,Metric Tonnes,Nasik,3900.0,4200.0,4000.0,Rs./Quintal,FAQ
Falakata APMC,9.0,Metric Tonnes,Other,3000.0,3800.0,3500.0,Rs./Quintal,FAQ
Gajol APMC,13.5,Metric Tonnes,Nasik,4200.0,4400.0,4300.0,Rs./Quintal,FAQ
Gangarampur(Dakshin Dinajpur) APMC,2.0,Metric Tonnes,1st Sort,4500.0,5000.0,4800.0,Rs./Quintal,FAQ
Garbeta(Medinipur) APMC,0.7000000000000001,Metric Tonnes,Onion,4200.0,4600.0,4400.0,Rs./Quintal,FAQ
Ghatal APMC,2.8000000000000003,Metric Tonnes,Onion,5100.0,5300.0,5200.0,Rs./Quintal,FAQ
Habra APMC,40.0,Metric Tonnes,Onion,4500.0,4500.0,4500.0,Rs./Quintal,FAQ
Jalpaiguri Sadar APMC,0.7,Metric Tonnes,Nasik,4600.0,4800.0,4700.0,Rs./Quintal,FAQ
Jangipur APMC,32.25,Metric Tonnes,Bellary,3750.0,4000.0,3850.0,Rs./Quintal,FAQ
Kalipur APMC,5.0,Metric Tonnes,Nasik,4800.0,5200.0,5000.0,Rs./Quintal,FAQ
Kalna APMC,2.3,Metric Tonnes,Nasik,4800.0,5000.0,4900.0,Rs./Quintal,FAQ
Kalna APMC,2.15,Metric Tonnes,Local,4300.0,4500.0,4400.0,Rs./Quintal,FAQ
Kalyani APMC,2.3000000000000003,Metric Tonnes,Other,4800.0,5200.0,5000.0,Rs./Quintal,Local
Karimpur APMC,11.5,Metric Tonnes,Nasik,3800.0,4000.0,4000.0,Rs./Quintal,Grade A
Karsiyang(Matigara) APMC,0.4,Metric Tonnes,Nasik,5800.0,6000.0,5900.0,Rs./Quintal,FAQ
Medinipur(West) APMC,28.0,Metric Tonnes,Onion,4400.0,4600.0,4500.0,Rs./Quintal,FAQ
Moynaguri APMC,1.0,Metric Tonnes,Nasik,4600.0,4800.0,4700.0,Rs./Quintal,FAQ
Nadia APMC,6.1,Metric Tonnes,Nasik,4500.0,4700.0,4600.0,Rs./Quintal,FAQ
Pandua APMC,2.7,Metric Tonnes,Dry F.A.Q.,4200.0,4525.0,4350.0,Rs./Quintal,FAQ
Purulia APMC,8.0,Metric Tonnes,Other,4900.0,5200.0,5100.0,Rs./Quintal,FAQ
Raiganj APMC,6.0,Metric Tonnes,Nasik,4500.0,4800.0,4600.0,Rs./Quintal,FAQ
Ramkrishanpur(Howrah) APMC,0.72,Metric Tonnes,Nasik,5000.0,5500.0,5200.0,Rs./Quintal,FAQ
Ranaghat APMC,4.2,Metric Tonnes,Other,5000.0,5400.0,5100.0,Rs./Quintal,FAQ
Sainthia APMC,27.0,Metric Tonnes,Onion,4600.0,4800.0,4700.0,Rs./Quintal,FAQ
Samsi APMC,11.0,Metric Tonnes,Nasik,4150.0,4300.0,4250.0,Rs./Quintal,FAQ
Sheoraphuly APMC,100.0,Metric Tonnes,Nasik,4575.0,4750.0,4600.0,Rs./Quintal,FAQ
Siliguri APMC,45.0,Metric Tonnes,Onion,4800.0,5200.0,5000.0,Rs./Quintal,FAQ
Tamluk (Medinipur E) APMC,2.0,Metric Tonnes,Onion,4000.0,4400.0,4200.0,Rs./Quintal,FAQ
Uluberia APMC,0.36,Metric Tonnes,Nasik,5000.0,5500.0,5200.0,Rs./Quintal,FAQ
Total,619.53,Metric Tonnes,,,,4606.72,Rs./Quintal,
Grand Total,46395.38,Metric Tonnes,,,,3382.54,Rs./Quintal,
Potato
State/UT Name : Andhra Pradesh
Palamaner APMC,4.2,Metric Tonnes,Potato,1200.0,2000.0,1600.0,Rs./Quintal,FAQ
Total,4.2,Metric Tonnes,,,,1600.0,Rs./Quintal,
State/UT Name : Assam
Ambagan APMC,14.0,Metric Tonnes,Potato,1400.0,1600.0,1500.0,Rs./Quintal,FAQ
Dhekiajuli APMC,6.5,Metric Tonnes,Potato,1000.0,1100.0,1100.0,Rs./Quintal,FAQ
Dhing APMC,16.0,Metric Tonnes,Potato,1300.0,1500.0,1400.0,Rs./Quintal,FAQ
Doomdumia APMC,20.0,Metric Tonnes,Potato,1300.0,1500.0,1400.0,Rs./Quintal,FAQ
Haibargaon APMC,15.0,Metric Tonnes,Potato,1300.0,1500.0,1400.0,Rs./Quintal,FAQ
Pamohi(Garchuk) APMC,40.0,Metric Tonnes,Other,1500.0,2200.0,1600.0,Rs./Quintal,FAQ
Pamohi(Garchuk) APMC,65.0,Metric Tonnes,Potato,900.0,1700.0,1000.0,Rs./Quintal,FAQ
Tinsukia Market,12.0,Metric Tonnes,Potato,850.0,950.0,900.0,Rs./Quintal,FAQ
Total,188.5,Metric Tonnes,,,,1269.76,Rs./Quintal,
State/UT Name : Bihar
Balliah APMC,3.0,Metric Tonnes,Local,1000.0,1200.0,1100.0,Rs./Quintal,Grade C
Balliah APMC,4.0,Metric Tonnes,Local,1000.0,1200.0,1100.0,Rs./Quintal,Grade A
Balliah APMC,4.0,Metric Tonnes,Local,1000.0,1200.0,1100.0,Rs./Quintal,Grade B
Benipatti APMC,12.0,Metric Tonnes,Red Nanital,1200.0,1250.0,1200.0,Rs./Quintal,FAQ
Bhagwanpur Mandi APMC,23.5,Metric Tonnes,Jyoti,1350.0,1350.0,1350.0,Rs./Quintal,Grade A
Bhagwanpur Mandi APMC,8.0,Metric Tonnes,Red Nanital,1400.0,1400.0,1400.0,Rs./Quintal,Grade A
Buxur APMC,6.0,Metric Tonnes,Jyoti,1169.0,1175.0,1172.0,Rs./Quintal,Local
Chhapra APMC,110.0,Metric Tonnes,Other,1100.0,1300.0,1200.0,Rs./Quintal,Grade A
Khagaria APMC,40.0,Metric Tonnes,Other,1950.0,2100.0,2040.0,Rs./Quintal,Grade A
Madhubani APMC,60.0,Metric Tonnes,Red,1100.0,1300.0,1200.0,Rs./Quintal,FAQ
Motihari APMC,50.0,Metric Tonnes,Other,1100.0,1300.0,1200.0,Rs./Quintal,Grade A
Raxaul APMC,4.0,Metric Tonnes,Red Nanital,1400.0,1600.0,1500.0,Rs./Quintal,Grade A
Saharsa APMC,22.0,Metric Tonnes,Local,1000.0,1200.0,1100.0,Rs./Quintal,FAQ
Triveniganj APMC,20.0,Metric Tonnes,Red Nanital,1550.0,1550.0,1550.0,Rs./Quintal,Grade A
Total,366.5,Metric Tonnes,,,,1318.57,Rs./Quintal,
State/UT Name : Chandigarh
Chandigarh (Grain/F&V) APMC,256.0,Metric Tonnes,Potato,400.0,1200.0,1200.0,Rs./Quintal,FAQ
Total,256.0,Metric Tonnes,,,,1200.0,Rs./Quintal,
State/UT Name : Chattisgarh
Durg APMC,3.1,Metric Tonnes,Local,1400.0,1600.0,1600.0,Rs./Quintal,Medium
Rajnandgaon APMC,29.4,Metric Tonnes,Potato,900.0,1100.0,1000.0,Rs./Quintal,Grade B
Tiphra APMC,60.0,Metric Tonnes,Local,1600.0,1800.0,1700.0,Rs./Quintal,Grade B
Total,92.5,Metric Tonnes,,,,1474.16,Rs./Quintal,
State/UT Name : Goa
Mapusa APMC,14.11,Metric Tonnes,Potato,1200.0,1700.0,1600.0,Rs./Quintal,FAQ
Total,14.11,Metric Tonnes,,,,1600.0,Rs./Quintal,
State/UT Name : Gujarat
Ahmedabad(Chimanbhai Patal Market Vasana) APMC,22.1,Metric Tonnes,Chips,500.0,1400.0,1250.0,Rs./Quintal,FAQ
Ahmedabad(Chimanbhai Patal Market Vasana) APMC,44.2,Metric Tonnes,Desi,300.0,800.0,675.0,Rs./Quintal,FAQ
"Anand(Veg,Yard,Anand) APMC",70.10000000000001,Metric Tonnes,Potato,1000.0,1100.0,1050.0,Rs./Quintal,Grade B
Ankleshwar APMC,19.0,Metric Tonnes,Potato,800.0,1200.0,1000.0,Rs./Quintal,Grade A
Bharuch APMC,24.5,Metric Tonnes,Other,1000.0,1700.0,1200.0,Rs./Quintal,Local
Bhuj APMC,27.400000000000002,Metric Tonnes,Desi,1100.0,1700.0,1400.0,Rs./Quintal,FAQ
Bilimora APMC,4.2,Metric Tonnes,Other,1400.0,1800.0,1600.0,Rs./Quintal,FAQ
Dahod(Veg. Market) APMC,28.0,Metric Tonnes,Potato,800.0,1100.0,1000.0,Rs./Quintal,Local
Deesa(Deesa Veg Yard) APMC,90.0,Metric Tonnes,Other,700.0,1000.0,850.0,Rs./Quintal,FAQ
Himatnagar(Veg.Market Himatnagar) APMC,2.1,Metric Tonnes,Potato,1000.0,1500.0,1400.0,Rs./Quintal,Local
Kapadvanj APMC,40.0,Metric Tonnes,Potato,600.0,1300.0,950.0,Rs./Quintal,Medium
Khambhat(Veg Yard Khambhat) APMC,0.30000000000000004,Metric Tonnes,Desi,1000.0,2000.0,1500.0,Rs./Quintal,Local
Mehsana(Mehsana Veg) APMC,60.7,Metric Tonnes,Other,250.0,1300.0,900.0,Rs./Quintal,Local
Nadiad APMC,2.4,Metric Tonnes,Potato,1500.0,1800.0,1600.0,Rs./Quintal,FAQ
Nadiyad(Chaklasi) APMC,1.412,Metric Tonnes,Potato,1300.0,1700.0,1500.0,Rs./Quintal,FAQ
Nadiyad(Piplag) APMC,17.5,Metric Tonnes,Potato,1500.0,1600.0,1550.0,Rs./Quintal,FAQ
Navsari APMC,4.65,Metric Tonnes,Potato,700.0,1500.0,1100.0,Rs./Quintal,Grade A
Padra APMC,19.5,Metric Tonnes,Other,1500.0,2000.0,1750.0,Rs./Quintal,FAQ
Surat APMC,860.0,Metric Tonnes,Other,600.0,1700.0,1150.0,Rs./Quintal,FAQ
Vadhvan APMC,38.0,Metric Tonnes,Potato,1500.0,2000.0,1750.0,Rs./Quintal,Medium
Total,1376.06,Metric Tonnes,,,,1128.5,Rs./Quintal,
State/UT Name : Haryana
Bahadurgarh APMC,49.2,Metric Tonnes,Other,800.0,1100.0,900.0,Rs./Quintal,FAQ
Ballabhgarh APMC,28.8,Metric Tonnes,Potato,600.0,800.0,700.0,Rs./Quintal,FAQ
Barwala APMC,3.6,Metric Tonnes,Local,600.0,1000.0,800.0,Rs./Quintal,FAQ
Barwala(Hisar) APMC,5.0,Metric Tonnes,Potato,800.0,1000.0,900.0,Rs./Quintal,Local
Cheeka APMC,3.75,Metric Tonnes,Other,700.0,800.0,750.0,Rs./Quintal,FAQ
Chhachrauli APMC,0.45,Metric Tonnes,Potato,800.0,1400.0,800.0,Rs./Quintal,Local
Dhand APMC,1.5,Metric Tonnes,Other,1000.0,1100.0,1090.0,Rs./Quintal,Medium
Farukh Nagar APMC,2.6,Metric Tonnes,Other,900.0,1200.0,1000.0,Rs./Quintal,Medium
Fatehabad APMC,18.1,Metric Tonnes,Potato,800.0,800.0,800.0,Rs./Quintal,Local
Ganaur APMC,5.2,Metric Tonnes,Potato,1000.0,1500.0,1200.0,Rs./Quintal,FAQ
Gharaunda APMC,2.1,Metric Tonnes,Other,1200.0,1200.0,1200.0,Rs./Quintal,Local
Gohana APMC,21.900000000000002,Metric Tonnes,Other,1000.0,1500.0,1200.0,Rs./Quintal,Medium
Gurgaon APMC,202.0,Metric Tonnes,Other,600.0,1000.0,800.0,Rs./Quintal,Grade A
Hansi APMC,45.7,Metric Tonnes,Other,1000.0,4000.0,1000.0,Rs./Quintal,FAQ
Hissar APMC,37.1,Metric Tonnes,Local,500.0,1000.0,800.0,Rs./Quintal,Local
Indri APMC,1.1,Metric Tonnes,Potato,700.0,700.0,700.0,Rs./Quintal,FAQ
Jagadhri APMC,5.6000000000000005,Metric Tonnes,Potato,550.0,650.0,600.0,Rs./Quintal,FAQ
Jhajjar APMC,7.5,Metric Tonnes,Other,1100.0,1100.0,1100.0,Rs./Quintal,Medium
Kharkhoda APMC,6.7,Metric Tonnes,Other,1000.0,1200.0,1100.0,Rs./Quintal,FAQ
Ladwa APMC,2.8000000000000003,Metric Tonnes,Red Nanital,1800.0,2500.0,2500.0,Rs./Quintal,Non-FAQ
Madlauda APMC,0.5,Metric Tonnes,Potato,1000.0,1000.0,1000.0,Rs./Quintal,FAQ
Meham,3.5,Metric Tonnes,Potato,800.0,1000.0,900.0,Rs./Quintal,Medium
Mustafabad APMC,0.41,Metric Tonnes,Potato,800.0,900.0,900.0,Rs./Quintal,FAQ
Naraingarh APMC,10.0,Metric Tonnes,Potato,400.0,800.0,700.0,Rs./Quintal,Medium
Narnaul APMC,4.2,Metric Tonnes,Potato,800.0,1000.0,900.0,Rs./Quintal,Medium
Narwana APMC,8.5,Metric Tonnes,Potato,500.0,700.0,600.0,Rs./Quintal,Non-FAQ
"New Grain Market , Faridabad APMC",90.5,Metric Tonnes,Other,400.0,1000.0,700.0,Rs./Quintal,Non-FAQ
Nuh APMC,2.2,Metric Tonnes,Other,900.0,1000.0,1000.0,Rs./Quintal,Local
Panipat APMC,88.9,Metric Tonnes,Local,600.0,1200.0,900.0,Rs./Quintal,Local
Pataudi APMC,2.6,Metric Tonnes,Potato,600.0,800.0,700.0,Rs./Quintal,Grade B
Rania APMC,0.15000000000000002,Metric Tonnes,Potato,0.11,0.15,0.12,Rs./Quintal,Non-FAQ
Rania(Jiwan nagar) APMC,0.1,Metric Tonnes,Other,60.0,90.0,70.0,Rs./Quintal,Non-FAQ
Ratia APMC,58.0,Metric Tonnes,Other,600.0,620.0,610.0,Rs./Quintal,Grade A
Rewari APMC,11.0,Metric Tonnes,Other,800.0,1600.0,1200.0,Rs./Quintal,Medium
Rohtak APMC,75.3,Metric Tonnes,Other,600.0,1000.0,800.0,Rs./Quintal,Medium
Sadhaura APMC,4.5,Metric Tonnes,Potato,700.0,900.0,800.0,Rs./Quintal,Local
Shahabad APMC,5.2,Metric Tonnes,Potato,500.0,700.0,600.0,Rs./Quintal,Medium
Shahzadpur APMC,2.6,Metric Tonnes,Potato,600.0,1200.0,600.0,Rs./Quintal,FAQ
Sirsa APMC,37.800000000000004,Metric Tonnes,Other,300.0,800.0,600.0,Rs./Quintal,FAQ
Sonepat APMC,28.0,Metric Tonnes,Other,1000.0,1300.0,1200.0,Rs./Quintal,FAQ
Tarori APMC,1.5,Metric Tonnes,Desi,1000.0,1500.0,1200.0,Rs./Quintal,Medium
Thanesar APMC,21.200000000000003,Metric Tonnes,Potato,700.0,3000.0,1850.0,Rs./Quintal,Medium
Uklana APMC,0.30000000000000004,Metric Tonnes,Potato,800.0,800.0,800.0,Rs./Quintal,Medium
Total,907.66,Metric Tonnes,,,,853.19,Rs./Quintal,
State/UT Name : Himachal Pradesh
PMY Chamba,4.05,Metric Tonnes,Potato,1000.0,1200.0,1100.0,Rs./Quintal,Medium
PMY Dhalli Shimla,4.6000000000000005,Metric Tonnes,Potato,1000.0,2200.0,1200.0,Rs./Quintal,Grade A
PMY Hamirpur,3.5,Metric Tonnes,Other,1000.0,2500.0,1700.0,Rs./Quintal,Grade B
PMY Kangni Mandi,0.61,Metric Tonnes,Potato,800.0,2000.0,1500.0,Rs./Quintal,FAQ
PMY Kangra,2.2,Metric Tonnes,Potato,1000.0,2000.0,1500.0,Rs./Quintal,FAQ
PMY Kather Solan,6.2,Metric Tonnes,Other,800.0,2400.0,2000.0,Rs./Quintal,Medium
PMY Kullu,1.8,Metric Tonnes,Other,800.0,2500.0,1600.0,Rs./Quintal,FAQ
PMY Paonta Sahib,2.5,Metric Tonnes,Other,800.0,3000.0,2200.0,Rs./Quintal,FAQ
PMY Una,8.63,Metric Tonnes,Potato,500.0,1000.0,800.0,Rs./Quintal,Local
SMY Baijnath,0.6,Metric Tonnes,Desi,1800.0,2200.0,2100.0,Rs./Quintal,Grade A
SMY Bhuntar,1.9,Metric Tonnes,Other,900.0,2200.0,1700.0,Rs./Quintal,FAQ
SMY Chauri Bihal,2.0,Metric Tonnes,Other,2300.0,2400.0,2350.0,Rs./Quintal,Grade Range-1
SMY Dhanotu,1.5,Metric Tonnes,Potato,800.0,1500.0,1150.0,Rs./Quintal,FAQ
SMY Dharamshala,1.4000000000000001,Metric Tonnes,Potato,1000.0,2200.0,1600.0,Rs./Quintal,FAQ
SMY Jaisinghpur,0.2,Metric Tonnes,Potato,1400.0,2600.0,2000.0,Rs./Quintal,FAQ
SMY Jogindernagar,0.15000000000000002,Metric Tonnes,Desi,1300.0,2400.0,1850.0,Rs./Quintal,Grade B
SMY Jwalaji,0.020000000000000004,Metric Tonnes,Other,1000.0,2000.0,1500.0,Rs./Quintal,FAQ
SMY Nadaun,1.5,Metric Tonnes,Other,1400.0,1500.0,1450.0,Rs./Quintal,Grade B
SMY Nagrota Bagwan,1.2000000000000002,Metric Tonnes,Potato,1000.0,1800.0,1300.0,Rs./Quintal,FAQ
SMY Nalagarh,2.0,Metric Tonnes,Other,400.0,800.0,600.0,Rs./Quintal,Medium
SMY Palampur,2.4000000000000004,Metric Tonnes,Potato,1200.0,2400.0,1800.0,Rs./Quintal,FAQ
SMY Takoli,0.2,Metric Tonnes,Other,800.0,1000.0,1000.0,Rs./Quintal,Medium
Total,49.16,Metric Tonnes,,,,1447.14,Rs./Quintal,
State/UT Name : Jammu and Kashmir
Kathua (F&V),30.0,Metric Tonnes,Potato,1000.0,1500.0,1250.0,Rs./Quintal,FAQ
MAC F&V Market Narwal Jammu,120.0,Metric Tonnes,Potato,800.0,1200.0,1000.0,Rs./Quintal,FAQ
Parimpore Srinagar (F&V),108.0,Metric Tonnes,Red,900.0,1100.0,1000.0,Rs./Quintal,Grade A
Parimpore Srinagar (F&V),45.0,Metric Tonnes,Other,600.0,700.0,650.0,Rs./Quintal,Grade B
Rajouri (Phaliana) (F&V),2.0,Metric Tonnes,Local,1000.0,1000.0,1000.0,Rs./Quintal,Grade B
Total,305.0,Metric Tonnes,,,,972.95,Rs./Quintal,
State/UT Name : Karnataka
Bangarpet APMC,2.5,Metric Tonnes,Local,1000.0,2000.0,1500.0,Rs./Quintal,Local
Belgaum APMC,403.5,Metric Tonnes,Local,1000.0,1800.0,1400.0,Rs./Quintal,Large
Bengaluru APMC,1287.7,Metric Tonnes,Potato,1000.0,2200.0,1800.0,Rs./Quintal,Medium
Bengaluru APMC,551.8000000000001,Metric Tonnes,Local,1000.0,2400.0,2000.0,Rs./Quintal,Medium
Chickkaballapura APMC,20.0,Metric Tonnes,Local,1400.0,1800.0,1600.0,Rs./Quintal,Local
Chikkamagaluru APMC,6.2,Metric Tonnes,Other,1800.0,1900.0,1850.0,Rs./Quintal,Local
Davangere APMC,3.0,Metric Tonnes,Potato,900.0,2300.0,1600.0,Rs./Quintal,Local
Doddaballapur APMC,3.0,Metric Tonnes,Local,2000.0,2400.0,2200.0,Rs./Quintal,Medium
Gauribidanur APMC,0.6000000000000001,Metric Tonnes,Potato,1500.0,2200.0,2000.0,Rs./Quintal,Local
Kalaburagi APMC,30.0,Metric Tonnes,Potato,1100.0,1300.0,1200.0,Rs./Quintal,Local
Kolar APMC,2.0,Metric Tonnes,Local,1500.0,2000.0,1600.0,Rs./Quintal,Local
Nanjangud APMC,3.2,Metric Tonnes,Potato,3703.0,6666.0,5550.0,Rs./Quintal,Local
Shimoga APMC,4.0,Metric Tonnes,Potato,1600.0,2600.0,2000.0,Rs./Quintal,Local
T. Narasipura APMC,0.8,Metric Tonnes,Other,1500.0,2000.0,2000.0,Rs./Quintal,Small
Udupi APMC,13.9,Metric Tonnes,Potato,1400.0,1500.0,1500.0,Rs./Quintal,Local
Total,2332.2,Metric Tonnes,,,,1772.4,Rs./Quintal,
State/UT Name : Keralam
Aluva Market,10.0,Metric Tonnes,Potato,3000.0,4000.0,3500.0,Rs./Quintal,FAQ
Anchal Market,0.47,Metric Tonnes,Potato,4400.0,4400.0,4400.0,Rs./Quintal,Local
Angamaly Market,1.0,Metric Tonnes,Potato,3800.0,4500.0,4100.0,Rs./Quintal,FAQ
Aralamoodu Market,2.0,Metric Tonnes,Potato,5000.0,5500.0,5500.0,Rs./Quintal,FAQ
Aroor Market,0.2,Metric Tonnes,Other,3800.0,4000.0,3900.0,Rs./Quintal,FAQ
Athirampuzha Market,1.0,Metric Tonnes,Potato,3500.0,3700.0,3600.0,Rs./Quintal,FAQ
Broadway market Market,0.4,Metric Tonnes,Red Nanital,4000.0,5000.0,4200.0,Rs./Quintal,Medium
Chala Market,4.0,Metric Tonnes,Other,3200.0,3800.0,3600.0,Rs./Quintal,FAQ
Chathanoor Market,0.4,Metric Tonnes,Other,3800.0,4200.0,4000.0,Rs./Quintal,FAQ
Chavakkad Market,0.2,Metric Tonnes,Potato,4000.0,4800.0,4800.0,Rs./Quintal,FAQ
Chelakkara Market,0.15,Metric Tonnes,Potato,3800.0,4000.0,3900.0,Rs./Quintal,FAQ
Chengannur Market,0.5,Metric Tonnes,Potato,2900.0,3200.0,3000.0,Rs./Quintal,FAQ
Ettumanoor Market,1.0,Metric Tonnes,Potato,2800.0,3000.0,2900.0,Rs./Quintal,FAQ
Kallachi Market,0.1,Metric Tonnes,Other,2200.0,2600.0,2400.0,Rs./Quintal,FAQ
Kanjangadu Market,1.0,Metric Tonnes,Other,2700.0,3400.0,3000.0,Rs./Quintal,FAQ
Kanjirappally Market,0.5,Metric Tonnes,Potato,3500.0,4000.0,3800.0,Rs./Quintal,FAQ
Kattappana Market,1.0,Metric Tonnes,Other,3000.0,3400.0,3200.0,Rs./Quintal,Medium
Kayamkulam Market,3.0,Metric Tonnes,Other,1800.0,2000.0,1900.0,Rs./Quintal,FAQ
Koduvayoor Market,40.0,Metric Tonnes,Potato,3600.0,4000.0,3800.0,Rs./Quintal,Medium
Kollengode Market,40.0,Metric Tonnes,Potato,3600.0,4000.0,3800.0,Rs./Quintal,FAQ
Kottakkal Market,5.0,Metric Tonnes,Other,2200.0,2400.0,2300.0,Rs./Quintal,Local
Kottarakkara Market,0.01,Metric Tonnes,Other,2300.0,2300.0,2300.0,Rs./Quintal,Local
Manjeri Market,7.0,Metric Tonnes,Other,2350.0,2450.0,2400.0,Rs./Quintal,Local
Mukkom Market,0.5,Metric Tonnes,Potato,2400.0,2800.0,2600.0,Rs./Quintal,FAQ
Neeleswaram Market,1.0,Metric Tonnes,Other,3200.0,3500.0,3400.0,Rs./Quintal,FAQ
North Paravur Market,1.0,Metric Tonnes,Red Nanital,3500.0,4500.0,4000.0,Rs./Quintal,FAQ
Pala Market,3.0,Metric Tonnes,Other,3600.0,4400.0,4000.0,Rs./Quintal,FAQ
Palakkad Market,5.0,Metric Tonnes,Potato,3800.0,5000.0,4500.0,Rs./Quintal,FAQ
Parappanangadi Market,1.5,Metric Tonnes,Other,2220.0,2420.0,2320.0,Rs./Quintal,FAQ
Pattambi Market,0.4,Metric Tonnes,Potato,2600.0,3000.0,2800.0,Rs./Quintal,FAQ
Perambra Market,0.8,Metric Tonnes,Other,2400.0,2600.0,2500.0,Rs./Quintal,FAQ
Perumbavoor Market,5.0,Metric Tonnes,Potato,3000.0,3500.0,3200.0,Rs./Quintal,Medium
Piravam Market,5.0,Metric Tonnes,Other,3000.0,4500.0,4000.0,Rs./Quintal,Local
Pothencode Market,500.0,Metric Tonnes,Potato,4500.0,4600.0,4500.0,Rs./Quintal,Local
Taliparamba Market,0.04,Metric Tonnes,Potato,2300.0,2500.0,2400.0,Rs./Quintal,FAQ
Thalasserry Market,0.2,Metric Tonnes,Other,1800.0,2800.0,2300.0,Rs./Quintal,FAQ
Thamarassery Market,0.6,Metric Tonnes,Other,2700.0,3000.0,2700.0,Rs./Quintal,FAQ
Thodupuzha Market,0.2,Metric Tonnes,Other,2900.0,3100.0,3100.0,Rs./Quintal,Large
Thrippunithura Market,1.0,Metric Tonnes,Potato,4500.0,5000.0,4500.0,Rs./Quintal,Medium
Vadakkenchery Market,0.26,Metric Tonnes,Potato,5500.0,6000.0,6000.0,Rs./Quintal,FAQ
Vamanapuram Market,0.13,Metric Tonnes,Other,4500.0,5000.0,4500.0,Rs./Quintal,FAQ
Total,644.56,Metric Tonnes,,,,4300.26,Rs./Quintal,
State/UT Name : Madhya Pradesh
Aron (F&V) APMC,0.1,Metric Tonnes,Local,900.0,960.0,940.0,Rs./Quintal,Local
Bareli(F&V) APMC,2.45,Metric Tonnes,Desi,1000.0,1000.0,1000.0,Rs./Quintal,Grade A
Betul(F&V) APMC,30.0,Metric Tonnes,Desi,800.0,1200.0,1000.0,Rs./Quintal,FAQ
Burhanpur(F&V) APMC,10.200000000000001,Metric Tonnes,Local,400.0,1200.0,1000.0,Rs./Quintal,Local
Chhatarpur (F&V) APMC,3.4,Metric Tonnes,Other,800.0,800.0,800.0,Rs./Quintal,Grade C
Dabra(F&V) APMC,22.8,Metric Tonnes,Potato,500.0,1000.0,700.0,Rs./Quintal,Grade C
Damoh(F&V) APMC,1.0,Metric Tonnes,Local,1000.0,1000.0,1000.0,Rs./Quintal,Local
Deori (F&V) APMC,1.7,Metric Tonnes,Potato,720.0,720.0,720.0,Rs./Quintal,Grade B
Dewas(F&V) APMC,2.6,Metric Tonnes,Other,400.0,1400.0,700.0,Rs./Quintal,FAQ
Dhar(F&V) APMC,0.6000000000000001,Metric Tonnes,Other,800.0,1150.0,900.0,Rs./Quintal,Local
Gadarwada (F&V) APMC,2.3,Metric Tonnes,Other,1000.0,1000.0,1000.0,Rs./Quintal,Grade B
Guna(F&V) APMC,1.0,Metric Tonnes,Other,900.0,1000.0,950.0,Rs./Quintal,Grade B
Haatpipliya (F&V) APMC,0.5,Metric Tonnes,Potato,800.0,1200.0,1000.0,Rs./Quintal,Local
Hanumana(F&V) APMC,8.5,Metric Tonnes,Desi,940.0,940.0,940.0,Rs./Quintal,Grade A
Harda(F&V) APMC,2.5,Metric Tonnes,Desi,1200.0,1600.0,1500.0,Rs./Quintal,Medium
Indore APMC,0.63,Metric Tonnes,Local,800.0,800.0,800.0,Rs./Quintal,FAQ
Itarsi(F&V) APMC,1.75,Metric Tonnes,Potato,800.0,900.0,800.0,Rs./Quintal,FAQ
Jabalpur(F&V) APMC,48.0,Metric Tonnes,Potato,1000.0,1500.0,1200.0,Rs./Quintal,Medium
Kailaras APMC,7.75,Metric Tonnes,Other,600.0,1100.0,1100.0,Rs./Quintal,FAQ
Karera(F&V) APMC,0.8,Metric Tonnes,Potato,500.0,1400.0,800.0,Rs./Quintal,Local
Katni(F&V) APMC,54.5,Metric Tonnes,Other,450.0,450.0,450.0,Rs./Quintal,Grade C
Khandwa(F&V) APMC,6.0,Metric Tonnes,Potato,350.0,800.0,500.0,Rs./Quintal,FAQ
Khargone(F&V) APMC,0.3,Metric Tonnes,Potato,900.0,1200.0,1100.0,Rs./Quintal,Medium
Kukshi(F&V) APMC,0.7000000000000001,Metric Tonnes,Potato,700.0,1200.0,900.0,Rs./Quintal,Grade A
Lashkar(F&V) APMC,54.0,Metric Tonnes,Local,600.0,800.0,700.0,Rs./Quintal,Grade B
Maihar(F&V) APMC,5.0,Metric Tonnes,Potato,600.0,600.0,600.0,Rs./Quintal,Local
Manawar(F&V) APMC,1.4000000000000001,Metric Tonnes,Potato,1100.0,1250.0,1165.0,Rs./Quintal,Grade B
Mandsaur(F&V) APMC,3.7,Metric Tonnes,Other,650.0,1000.0,840.0,Rs./Quintal,Grade A
Morena APMC,104.0,Metric Tonnes,Desi,185.0,200.0,185.0,Rs./Quintal,Non-FAQ
Morena(F&V) APMC,104.0,Metric Tonnes,Potato,185.0,200.0,185.0,Rs./Quintal,Non-FAQ
Narmadapuram (F&V) APMC,6.7,Metric Tonnes,Potato,460.0,950.0,590.0,Rs./Quintal,FAQ
Petlawad(F&V) APMC,0.5,Metric Tonnes,Desi,1000.0,1000.0,1000.0,Rs./Quintal,Grade A
Pipariya(F&V) APMC,7.0,Metric Tonnes,Potato,600.0,1400.0,1000.0,Rs./Quintal,Local
Porsa APMC,16.5,Metric Tonnes,Potato,600.0,610.0,600.0,Rs./Quintal,FAQ
Rehli(F&V) APMC,0.5,Metric Tonnes,Potato,800.0,1000.0,900.0,Rs./Quintal,Grade C
Rewa(F&V) APMC,75.8,Metric Tonnes,Other,800.0,900.0,800.0,Rs./Quintal,Non-FAQ
Sabalgarh(F&V) APMC,8.0,Metric Tonnes,Desi,400.0,500.0,500.0,Rs./Quintal,FAQ
Sagar(F&V) APMC,20.900000000000002,Metric Tonnes,Local,700.0,900.0,800.0,Rs./Quintal,Local
Sanawad(F&V) APMC,2.4,Metric Tonnes,Desi,800.0,1000.0,900.0,Rs./Quintal,Medium
Sanwer(F&V) APMC,0.2,Metric Tonnes,Potato,800.0,1500.0,1200.0,Rs./Quintal,FAQ
Thandla APMC,1.43,Metric Tonnes,Other,900.0,1300.0,1100.0,Rs./Quintal,FAQ
Ujjain APMC,10.398000000000001,Metric Tonnes,Potato,140.0,970.0,970.0,Rs./Quintal,FAQ
Ujjain APMC,13.276,Metric Tonnes,Potato,345.28,670.0,670.0,Rs./Quintal,Non-FAQ
Total,645.78,Metric Tonnes,,,,602.04,Rs./Quintal,
State/UT Name : Maharashtra
APMC Akluj ,11.0,Metric Tonnes,Other,1200.0,1300.0,1300.0,Rs./Quintal,Local
APMC Akola ,129.0,Metric Tonnes,Other,700.0,1200.0,900.0,Rs./Quintal,Local
APMC Bhusaval ,4.8,Metric Tonnes,Other,1000.0,1500.0,1200.0,Rs./Quintal,Local
APMC Jalgaon ,63.0,Metric Tonnes,Other,500.0,1000.0,800.0,Rs./Quintal,Local
APMC Khed ,2.1,Metric Tonnes,Other,1000.0,1500.0,1250.0,Rs./Quintal,Local
APMC Nasik ,220.5,Metric Tonnes,Other,650.0,1300.0,800.0,Rs./Quintal,Local
APMC Pune ,536.5,Metric Tonnes,Local,700.0,1500.0,1100.0,Rs./Quintal,Local
APMC Rahata ,9.2,Metric Tonnes,Other,700.0,1300.0,1000.0,Rs./Quintal,Local
APMC Shrirampur ,16.0,Metric Tonnes,Other,600.0,1000.0,800.0,Rs./Quintal,Local
APMC Solapur ,119.0,Metric Tonnes,Local,800.0,1200.0,1000.0,Rs./Quintal,Local
APMC Vai ,2.5,Metric Tonnes,Local,1500.0,1800.0,1600.0,Rs./Quintal,Local
Amrawati(Frui & Veg. Market) ,46.7,Metric Tonnes,Local,700.0,1400.0,1050.0,Rs./Quintal,Local
Junnar(Narayangaon) ,10.5,Metric Tonnes,Other,300.0,1300.0,700.0,Rs./Quintal,Local
Mumbai-Onion & Potato Market ,1463.4,Metric Tonnes,Other,600.0,1100.0,850.0,Rs./Quintal,Local
Pune(Khadiki) ,0.7,Metric Tonnes,Local,600.0,1100.0,850.0,Rs./Quintal,Local
Pune(Manjri) ,4.9,Metric Tonnes,Other,1500.0,1800.0,1600.0,Rs./Quintal,Local
Pune(Moshi) ,85.0,Metric Tonnes,Local,900.0,1400.0,1150.0,Rs./Quintal,Local
Total,2724.8,Metric Tonnes,,,,920.14,Rs./Quintal,
State/UT Name : Manipur
Imphal APMC,4.8,Metric Tonnes,Other,1800.0,2500.0,2150.0,Rs./Quintal,FAQ
Kakching Market APMC,1.0,Metric Tonnes,Other,2500.0,3000.0,2750.0,Rs./Quintal,FAQ
Lamlong Bazaar APMC,1.9,Metric Tonnes,Other,2500.0,3000.0,2750.0,Rs./Quintal,FAQ
Total,7.7,Metric Tonnes,,,,2375.97,Rs./Quintal,
State/UT Name : Meghalaya
Shillong APMC,12.0,Metric Tonnes,Local,1700.0,1800.0,1750.0,Rs./Quintal,FAQ
Total,12.0,Metric Tonnes,,,,1750.0,Rs./Quintal,
State/UT Name : NCT of Delhi
"Fruit&Vegetable Market,Gazipur APMC",603.7,Metric Tonnes,Potato,900.0,1100.0,1000.0,Rs./Quintal,FAQ
Total,603.7,Metric Tonnes,,,,1000.0,Rs./Quintal,
State/UT Name : Nagaland
Ghathashi APMC,0.18000000000000002,Metric Tonnes,Other,300.0,550.0,400.0,Rs./Quintal,FAQ
Jalukie APMC,0.4,Metric Tonnes,Potato,3000.0,3000.0,3000.0,Rs./Quintal,FAQ
Kohima APMC,0.1,Metric Tonnes,Potato,3000.0,3000.0,3000.0,Rs./Quintal,Grade A
Longleng APMC,0.26,Metric Tonnes,Potato,1500.0,1900.0,1700.0,Rs./Quintal,FAQ
Total,0.94,Metric Tonnes,,,,2142.55,Rs./Quintal,
State/UT Name : Odisha
Angaura APMC,3.7,Metric Tonnes,Other,1550.0,2000.0,1700.0,Rs./Quintal,Grade C
Balugaon APMC,2.5,Metric Tonnes,Kufri Giriraj,2200.0,2200.0,2200.0,Rs./Quintal,Grade A
Birmaharajpur APMC,2.0,Metric Tonnes,Other,1700.0,1800.0,1750.0,Rs./Quintal,Local
Bolangir APMC,7.0,Metric Tonnes,Other,1400.0,1800.0,1600.0,Rs./Quintal,Medium
Boudh APMC,1.5,Metric Tonnes,Other,1800.0,2200.0,2000.0,Rs./Quintal,Local
Chandabali APMC,45.0,Metric Tonnes,Other,1300.0,1550.0,1420.0,Rs./Quintal,Grade Range-2
Dungurapalli APMC,0.35000000000000003,Metric Tonnes,Other,2000.0,2000.0,2000.0,Rs./Quintal,Local
Hindol APMC,2.5,Metric Tonnes,Potato,1300.0,1500.0,1400.0,Rs./Quintal,Grade B
Jagatsinghpur APMC,350.0,Metric Tonnes,Potato,1350.0,1500.0,1450.0,Rs./Quintal,FAQ
Jharsuguda APMC,11.0,Metric Tonnes,Other,1600.0,2000.0,1700.0,Rs./Quintal,Grade A
Kamakhyanagar APMC,9.0,Metric Tonnes,Potato,3600.0,3600.0,3600.0,Rs./Quintal,Grade A
Keonjhar APMC,0.4,Metric Tonnes,Other,1400.0,1600.0,1500.0,Rs./Quintal,Local
Khariar APMC,1.1,Metric Tonnes,Potato,2000.0,2000.0,2000.0,Rs./Quintal,Grade A
Rairakhol APMC,1.2000000000000002,Metric Tonnes,Potato,1000.0,1500.0,1200.0,Rs./Quintal,Grade B
Sargipali APMC,2.5,Metric Tonnes,Other,1000.0,1200.0,1100.0,Rs./Quintal,FAQ
Tusura APMC,6.0,Metric Tonnes,Other,1400.0,1800.0,1600.0,Rs./Quintal,Medium
Udala APMC,2.5,Metric Tonnes,Potato,900.0,1100.0,1000.0,Rs./Quintal,FAQ
Total,448.25,Metric Tonnes,,,,1506.48,Rs./Quintal,
State/UT Name : Punjab
Adampur APMC,4.2,Metric Tonnes,Local,500.0,600.0,600.0,Rs./Quintal,FAQ
Ahmedgarh APMC,0.2,Metric Tonnes,Local,380.0,400.0,400.0,Rs./Quintal,Medium
Baghapurana APMC,1.0,Metric Tonnes,Potato,600.0,800.0,700.0,Rs./Quintal,Grade B
Balachaur APMC,5.75,Metric Tonnes,Other,500.0,1000.0,700.0,Rs./Quintal,Medium
Bassi Pathana APMC,1.5,Metric Tonnes,Potato,600.0,800.0,700.0,Rs./Quintal,Medium
Batala APMC,15.0,Metric Tonnes,Other,600.0,680.0,650.0,Rs./Quintal,Grade C
Bathinda APMC,380.0,Metric Tonnes,Other,600.0,700.0,650.0,Rs./Quintal,Grade B
Bhagta Bhai Ka APMC,0.8,Metric Tonnes,Other,1100.0,1100.0,1100.0,Rs./Quintal,Medium
Bhogpur APMC,0.4,Metric Tonnes,Local,500.0,500.0,500.0,Rs./Quintal,Local
Bhucho APMC,0.3,Metric Tonnes,Other,700.0,700.0,700.0,Rs./Quintal,Local
Chamkaur Sahib APMC,10.0,Metric Tonnes,Potato,1200.0,1200.0,1200.0,Rs./Quintal,Medium
Dasuya APMC,1.9,Metric Tonnes,Potato,1100.0,1100.0,1100.0,Rs./Quintal,FAQ
Dera Bassi APMC,2.1,Metric Tonnes,Potato,1500.0,1500.0,1500.0,Rs./Quintal,Local
Dhariwal APMC,1.0,Metric Tonnes,Potato,650.0,650.0,650.0,Rs./Quintal,Grade A
Dhuri APMC,1.1,Metric Tonnes,Other,580.0,600.0,590.0,Rs./Quintal,Medium
Dinanagar APMC,2.65,Metric Tonnes,Potato,1000.0,1200.0,1100.0,Rs./Quintal,Medium
Doraha APMC,4.3,Metric Tonnes,Desi,250.0,700.0,600.0,Rs./Quintal,Local
Dudhansadhan APMC,0.7,Metric Tonnes,Other,800.0,800.0,800.0,Rs./Quintal,Grade B
F.G.Churian APMC,0.4,Metric Tonnes,Potato,1000.0,1000.0,1000.0,Rs./Quintal,Grade A
Faridkot APMC,7.65,Metric Tonnes,Other,800.0,800.0,800.0,Rs./Quintal,Grade A
Fazilka APMC,7.0,Metric Tonnes,Potato,900.0,900.0,900.0,Rs./Quintal,FAQ
Ferozepur Cantt. APMC,0.28,Metric Tonnes,Local,300.0,500.0,400.0,Rs./Quintal,Grade A
Garh Shankar APMC,9.8,Metric Tonnes,Potato,1000.0,1000.0,1000.0,Rs./Quintal,FAQ
Garh Shankar(Mahalpur) APMC,5.8,Metric Tonnes,Potato,700.0,700.0,700.0,Rs./Quintal,FAQ
GarhShankar (Kotfatuhi) APMC,0.7,Metric Tonnes,Other,1000.0,1000.0,1000.0,Rs./Quintal,FAQ
Gurdaspur APMC,11.8,Metric Tonnes,Other,800.0,800.0,800.0,Rs./Quintal,Grade A
Jagraon APMC,4.0,Metric Tonnes,Other,230.0,230.0,230.0,Rs./Quintal,FAQ
Jalalabad APMC,5.300000000000001,Metric Tonnes,Potato,1000.0,1200.0,1100.0,Rs./Quintal,Medium
Jalandhar City(Jalandhar) APMC,157.10000000000002,Metric Tonnes,Other,110.0,480.0,300.0,Rs./Quintal,FAQ
Khanna APMC,33.0,Metric Tonnes,Local,500.0,500.0,500.0,Rs./Quintal,Grade A
Kharar APMC,9.0,Metric Tonnes,Potato,700.0,900.0,800.0,Rs./Quintal,Non-FAQ
Kurali APMC,3.2,Metric Tonnes,Other,800.0,820.0,810.0,Rs./Quintal,Medium
Lalru APMC,5.5,Metric Tonnes,Other,900.0,900.0,900.0,Rs./Quintal,Local
Lehra Gaga APMC,1.0,Metric Tonnes,Other,600.0,600.0,600.0,Rs./Quintal,Grade A
Lohian Khas APMC,1.0,Metric Tonnes,Other,300.0,500.0,400.0,Rs./Quintal,Local
Malerkotla APMC,12.0,Metric Tonnes,Other,300.0,600.0,500.0,Rs./Quintal,Local
Malout APMC,10.006,Metric Tonnes,Potato,700.0,700.0,700.0,Rs./Quintal,Grade A
Mansa APMC,9.0,Metric Tonnes,Other,1000.0,1000.0,1000.0,Rs./Quintal,FAQ
Maur APMC,0.7000000000000001,Metric Tonnes,Other,600.0,700.0,650.0,Rs./Quintal,Grade B
Morinda APMC,74.0,Metric Tonnes,Potato,800.0,1000.0,900.0,Rs./Quintal,Local
Mukerian APMC,2.99,Metric Tonnes,Potato,1000.0,1200.0,1100.0,Rs./Quintal,Local
Mukerian(Talwara) APMC,1.2000000000000002,Metric Tonnes,Potato,800.0,1600.0,1200.0,Rs./Quintal,FAQ
Nakodar APMC,1.25,Metric Tonnes,Potato,400.0,400.0,400.0,Rs./Quintal,Local
Nawan Shahar(Subzi Mandi) APMC,5.0,Metric Tonnes,Potato,700.0,800.0,750.0,Rs./Quintal,FAQ
Nihal Singh Wala APMC,0.75,Metric Tonnes,Potato,750.0,750.0,750.0,Rs./Quintal,FAQ
Patiala APMC,50.5,Metric Tonnes,Potato,500.0,700.0,600.0,Rs./Quintal,Grade B
Patran APMC,80.0,Metric Tonnes,Other,500.0,500.0,500.0,Rs./Quintal,Grade A
Patti APMC,0.76,Metric Tonnes,Potato,0.05,0.05,0.05,Rs./Quintal,Local
Phagwara APMC,33.2,Metric Tonnes,Other,529.0,777.0,688.0,Rs./Quintal,FAQ
Phillaur(Apra Mandi) APMC,0.2,Metric Tonnes,Other,900.0,900.0,900.0,Rs./Quintal,FAQ
Quadian APMC,1.5,Metric Tonnes,Other,400.0,600.0,500.0,Rs./Quintal,Grade A
Raikot APMC,2.0,Metric Tonnes,Badshah,670.0,670.0,670.0,Rs./Quintal,Grade A
Rajpura APMC,7.7,Metric Tonnes,Local,700.0,850.0,800.0,Rs./Quintal,Grade A
Raman APMC,2.7,Metric Tonnes,Other,505.0,615.0,560.0,Rs./Quintal,Medium
Rampuraphul(Nabha Mandi) APMC,2.5,Metric Tonnes,Other,600.0,800.0,700.0,Rs./Quintal,Grade A
Rayya APMC,0.045,Metric Tonnes,Potato,749.0,749.0,749.0,Rs./Quintal,FAQ
Ropar APMC,160.0,Metric Tonnes,Local,700.0,900.0,800.0,Rs./Quintal,Non-FAQ
Sahnewal APMC,1.8,Metric Tonnes,Potato,680.0,700.0,700.0,Rs./Quintal,FAQ
Samrala APMC,3.2,Metric Tonnes,Other,400.0,500.0,450.0,Rs./Quintal,Local
Sirhind APMC,9.9,Metric Tonnes,Other,800.0,900.0,850.0,Rs./Quintal,FAQ
Talwandi Sabo APMC,0.30000000000000004,Metric Tonnes,Other,800.0,1000.0,900.0,Rs./Quintal,Grade A
Tanda Urmur APMC,2.7,Metric Tonnes,Local,1000.0,1200.0,1100.0,Rs./Quintal,Grade A
Tarantaran APMC,1.2,Metric Tonnes,Other,880.0,880.0,880.0,Rs./Quintal,Local
Zira APMC,2.81,Metric Tonnes,Other,700.0,700.0,700.0,Rs./Quintal,Local
Total,1175.34,Metric Tonnes,,,,649.1,Rs./Quintal,
State/UT Name : Rajasthan
Baran APMC,3.0,Metric Tonnes,Other,600.0,700.0,650.0,Rs./Quintal,Local
Bassi APMC,0.2,Metric Tonnes,Other,1800.0,2200.0,2000.0,Rs./Quintal,Local
Bayana APMC,5.0,Metric Tonnes,Other,1100.0,1100.0,1100.0,Rs./Quintal,Local
Bhadara APMC,1.6,Metric Tonnes,Other,800.0,900.0,819.0,Rs./Quintal,FAQ
Chomu FV APMC,89.0,Metric Tonnes,Other,700.0,1100.0,900.0,Rs./Quintal,Local
Churu APMC,3.5,Metric Tonnes,Red Nanital,900.0,1000.0,950.0,Rs./Quintal,FAQ
Goluwala APMC,0.11499999999999999,Metric Tonnes,Red Nanital,600.0,600.0,600.0,Rs./Quintal,Non-FAQ
Jaisalmer APMC,1.4000000000000001,Metric Tonnes,Potato,1000.0,1200.0,1100.0,Rs./Quintal,Grade A
Jhunjhunu APMC,3.6,Metric Tonnes,Other,600.0,700.0,600.0,Rs./Quintal,FAQ
Kota (F&V) APMC,112.8,Metric Tonnes,Other,700.0,700.0,700.0,Rs./Quintal,Medium
Rajsamand APMC,8.1,Metric Tonnes,Potato,800.0,1200.0,1000.0,Rs./Quintal,FAQ
Sangriya APMC,0.7000000000000001,Metric Tonnes,Potato,700.0,1300.0,900.0,Rs./Quintal,Local
Sujangarh APMC,1.5,Metric Tonnes,Other,700.0,900.0,800.0,Rs./Quintal,Local
Total,230.51,Metric Tonnes,,,,803.61,Rs./Quintal,
State/UT Name : Tamil Nadu
AJattihalli(Uzhavar Sandhai ),0.47,Metric Tonnes,Other,2400.0,2800.0,2600.0,Rs./Quintal,Local
Alangudi(Uzhavar Sandhai ),0.11,Metric Tonnes,Other,5500.0,6000.0,5750.0,Rs./Quintal,Local
Ambattur(Uzhavar Sandhai ),0.05,Metric Tonnes,Red Nanital,4000.0,4000.0,4000.0,Rs./Quintal,Local
Ammapet(Uzhavar Sandhai ),0.07,Metric Tonnes,Other,4200.0,4500.0,4350.0,Rs./Quintal,Local
Anaiyur(Uzhavar Sandhai ),0.25,Metric Tonnes,Red Nanital,4000.0,5000.0,4500.0,Rs./Quintal,Local
Andipatti(Uzhavar Sandhai ),0.33,Metric Tonnes,Other,2600.0,2800.0,2700.0,Rs./Quintal,Local
Anna nagar(Uzhavar Sandhai ),0.37,Metric Tonnes,Other,5800.0,5800.0,5800.0,Rs./Quintal,Local
Arani(Uzhavar Sandhai ),0.6,Metric Tonnes,Red Nanital,3000.0,4000.0,3500.0,Rs./Quintal,Local
Arcot(Uzhavar Sandhai ),0.21,Metric Tonnes,Other,2500.0,3000.0,2750.0,Rs./Quintal,Local
Ariyalur(Uzhavar Sandhai),0.04,Metric Tonnes,Red Nanital,3500.0,4000.0,3750.0,Rs./Quintal,Local
Aruppukottai(Uzhavar Sandhai ),0.26,Metric Tonnes,Red Nanital,3000.0,3500.0,3250.0,Rs./Quintal,Local
Athur(Uzhavar Sandhai ),0.09,Metric Tonnes,Other,5000.0,5500.0,5250.0,Rs./Quintal,Local
Avallapalli(Uzhavar Sandhai ),0.16,Metric Tonnes,Red Nanital,2000.0,2500.0,2250.0,Rs./Quintal,Local
Bodinayakanur(Uzhavar Sandhai ),0.28,Metric Tonnes,Red Nanital,2800.0,2800.0,2800.0,Rs./Quintal,Local
Chengalpet(Uzhavar Sandhai ),0.08,Metric Tonnes,Red Nanital,2500.0,3000.0,2750.0,Rs./Quintal,Local
Chengam(Uzhavar Sandhai ),0.15,Metric Tonnes,Red Nanital,2500.0,3000.0,2750.0,Rs./Quintal,Local
Cheyyar(Uzhavar Sandhai ),0.05,Metric Tonnes,Other,3200.0,4000.0,3600.0,Rs./Quintal,Local
Chidambaram(Uzhavar Sandhai ),0.01,Metric Tonnes,Red Nanital,4000.0,4000.0,4000.0,Rs./Quintal,Local
Chinnalapatti(Uzhavar Sandhai ),0.08,Metric Tonnes,Red Nanital,4000.0,5000.0,4500.0,Rs./Quintal,Local
Chinnamanur(Uzhavar Sandhai ),0.23,Metric Tonnes,Other,5000.0,5000.0,5000.0,Rs./Quintal,Local
Chokkikulam(Uzhavar Sandhai ),1.95,Metric Tonnes,Red Nanital,2800.0,5000.0,3900.0,Rs./Quintal,Local
Coonoor(Uzhavar Sandhai ),0.72,Metric Tonnes,Other,4500.0,5000.0,4750.0,Rs./Quintal,Local
Cuddalore(Uzhavar Sandhai ),0.35,Metric Tonnes,Red Nanital,4000.0,4000.0,4000.0,Rs./Quintal,Local
Denkanikottai(Uzhavar Sandhai ),0.19,Metric Tonnes,Red Nanital,2000.0,2500.0,2250.0,Rs./Quintal,Local
Devakottai (Uzhavar Sandhai ),0.14,Metric Tonnes,Other,4500.0,5400.0,4950.0,Rs./Quintal,Local
Devaram(Uzhavar Sandhai ),0.24,Metric Tonnes,Red Nanital,2700.0,2700.0,2700.0,Rs./Quintal,Local
Dharapuram(Uzhavar Sandhai ),0.55,Metric Tonnes,Other,5500.0,6000.0,5750.0,Rs./Quintal,Local
Dharmapuri(Uzhavar Sandhai ),0.48,Metric Tonnes,Red Nanital,2500.0,2800.0,2650.0,Rs./Quintal,Local
Dindigul(Uzhavar Sandhai ),0.65,Metric Tonnes,Other,4000.0,5000.0,4500.0,Rs./Quintal,Local
Edapadi (Uzhavar Sandhai ),0.05,Metric Tonnes,Other,4500.0,5000.0,4750.0,Rs./Quintal,Local
Elampillai(Uzhavar Sandhai ),0.4,Metric Tonnes,Other,2500.0,3000.0,2750.0,Rs./Quintal,Local
Gandarvakottai(Uzhavar Sandhai ),0.34,Metric Tonnes,Other,4500.0,6000.0,5250.0,Rs./Quintal,Local
Gandhigramam(Uzhavar Sandhai),0.33,Metric Tonnes,Other,4000.0,5500.0,4750.0,Rs./Quintal,Local
Gingee(Uzhavar Sandhai ),0.09,Metric Tonnes,Red Nanital,4000.0,4000.0,4000.0,Rs./Quintal,Local
Gobichettipalayam(Uzhavar Sandhai ),0.18,Metric Tonnes,Red Nanital,3400.0,3600.0,3500.0,Rs./Quintal,Local
Gudalur(Uzhavar Sandhai ),0.04,Metric Tonnes,Red Nanital,4500.0,5000.0,4750.0,Rs./Quintal,Local
Gudiyatham(Uzhavar Sandhai ),0.05,Metric Tonnes,Red Nanital,3000.0,3000.0,3000.0,Rs./Quintal,Local
Guduvancheri(Uzhavar Sandhai ),0.04,Metric Tonnes,Other,2500.0,3000.0,2750.0,Rs./Quintal,Local
Harur(Uzhavar Sandhai ),0.19,Metric Tonnes,Red Nanital,2500.0,3000.0,2750.0,Rs./Quintal,Local
Hasthampatti(Uzhavar Sandhai ),0.34,Metric Tonnes,Other,4500.0,5000.0,4750.0,Rs./Quintal,Local
Hosur(Uzhavar Sandhai ),0.88,Metric Tonnes,Red Nanital,2000.0,2500.0,2250.0,Rs./Quintal,Local
Jalagandapuram(Uzhavar Sandhai ),0.15,Metric Tonnes,Other,2600.0,2800.0,2700.0,Rs./Quintal,Local
Jameenrayapettai(Uzhavar Sandhai ),0.17,Metric Tonnes,Other,2500.0,3000.0,2750.0,Rs./Quintal,Local
KKNagar(Uzhavar Sandhai ),0.5,Metric Tonnes,Other,5600.0,5600.0,5600.0,Rs./Quintal,Local
Kahithapattarai(Uzhavar Sandhai ),0.12,Metric Tonnes,Other,2400.0,2400.0,2400.0,Rs./Quintal,Local
Kallakurichi(Uzhavar Sandhai ),0.19,Metric Tonnes,Red Nanital,4000.0,4000.0,4000.0,Rs./Quintal,Local
Kambam(Uzhavar Sandhai ),1.95,Metric Tonnes,Red Nanital,2600.0,2600.0,2600.0,Rs./Quintal,Local
Kancheepuram(Uzhavar Sandhai ),0.08,Metric Tonnes,Other,2800.0,3500.0,3150.0,Rs./Quintal,Local
Karaikudi(Uzhavar Sandhai ),0.34,Metric Tonnes,Red Nanital,3500.0,5500.0,4500.0,Rs./Quintal,Local
Karambakkudi(Uzhavar Sandhai ),0.1,Metric Tonnes,Other,6000.0,7000.0,6500.0,Rs./Quintal,Local
Karimangalam(Uzhavar Sandhai),0.1,Metric Tonnes,Other,2600.0,2800.0,2700.0,Rs./Quintal,Local
Kariyapatti(Uzhavar Sandhai ),0.13,Metric Tonnes,Red Nanital,3000.0,3500.0,3250.0,Rs./Quintal,Local
Karur(Uzhavar Sandhai ),0.22,Metric Tonnes,Other,5000.0,5500.0,5250.0,Rs./Quintal,Local
Katpadi (Uzhavar Sandhai ),1.0,Metric Tonnes,Red Nanital,3500.0,3500.0,3500.0,Rs./Quintal,Local
Kaveripattinam(Uzhavar Sandhai ),0.07,Metric Tonnes,Red Nanital,4000.0,4000.0,4000.0,Rs./Quintal,Local
Kodaikkanal(Uzhavar Sandhai),0.01,Metric Tonnes,Red Nanital,6000.0,6000.0,6000.0,Rs./Quintal,Local
Kovilpatti(Uzhavar Sandhai ),0.16,Metric Tonnes,Other,3000.0,3500.0,3250.0,Rs./Quintal,Local
Krishnagiri(Uzhavar Sandhai ),0.85,Metric Tonnes,Red Nanital,2200.0,2600.0,2400.0,Rs./Quintal,Local
Kulithalai(Uzhavar Sandhai ),0.38,Metric Tonnes,Other,5000.0,5500.0,5250.0,Rs./Quintal,Local
Kumarapalayam(Uzhavar Sandhai ),0.05,Metric Tonnes,Other,2800.0,3000.0,2900.0,Rs./Quintal,Local
Kumbakonam (Uzhavar Sandhai ),0.72,Metric Tonnes,Red Nanital,3000.0,3600.0,3300.0,Rs./Quintal,Local
Kundrathur(Uzhavar Sandhai ),0.25,Metric Tonnes,Other,3000.0,3000.0,3000.0,Rs./Quintal,Local
Lalgudi(Uzhavar Sandhai ),0.24,Metric Tonnes,Other,3000.0,3000.0,3000.0,Rs./Quintal,Local
Madhuranthagam(Uzhavar Sandhai ),0.06,Metric Tonnes,Red Nanital,4000.0,4000.0,4000.0,Rs./Quintal,Local
Manachanallur(Uzhavar Sandhai ),0.12,Metric Tonnes,Red Nanital,3000.0,3000.0,3000.0,Rs./Quintal,Local
Manapparai(Uzhavar Sandhai ),0.21,Metric Tonnes,Other,3000.0,3000.0,3000.0,Rs./Quintal,Local
Mannargudi I(Uzhavar Sandhai ),1.28,Metric Tonnes,Red Nanital,3000.0,3000.0,3000.0,Rs./Quintal,Local
Mannargudi II(Uzhavar Sandhai ),0.42,Metric Tonnes,Red Nanital,3000.0,3000.0,3000.0,Rs./Quintal,Local
Mayiladuthurai(Uzhavar Sandhai ),0.08,Metric Tonnes,Red Nanital,3000.0,3000.0,3000.0,Rs./Quintal,Local
Medavakkam(Uzhavar Sandhai ),0.06,Metric Tonnes,Other,3000.0,3500.0,3250.0,Rs./Quintal,Local
Melapalayam(Uzhavar Sandhai ),0.75,Metric Tonnes,Other,2300.0,2500.0,2400.0,Rs./Quintal,Local
Mettupalayam(Uzhavar Sandhai ),0.55,Metric Tonnes,Red Nanital,4000.0,6000.0,5000.0,Rs./Quintal,Local
Mettur(Uzhavar Sandhai ),0.19,Metric Tonnes,Other,4000.0,4500.0,4250.0,Rs./Quintal,Local
Mohanur(Uzhavar Sandhai ),0.21,Metric Tonnes,Other,3000.0,3500.0,3250.0,Rs./Quintal,Local
Musiri(Uzhavar Sandhai ),0.37,Metric Tonnes,Other,2600.0,3000.0,2800.0,Rs./Quintal,Local
Muthupettai(Uzhavar Sandhai ),0.05,Metric Tonnes,Red Nanital,3000.0,3000.0,3000.0,Rs./Quintal,Local
Myladi(Uzhavar Sandhai ),0.04,Metric Tonnes,Red Nanital,3000.0,3500.0,3250.0,Rs./Quintal,Local
NGO Colony(Uzhavar Sandhai ),0.45,Metric Tonnes,Red Nanital,2000.0,2500.0,2250.0,Rs./Quintal,Local
Nagapattinam(Uzhavar Sandhai ),0.1,Metric Tonnes,Red Nanital,3700.0,4500.0,4100.0,Rs./Quintal,Local
Namakkal(Uzhavar Sandhai ),0.77,Metric Tonnes,Other,2500.0,3000.0,2750.0,Rs./Quintal,Local
Nanganallur(Uzhavar Sandhai ),0.09,Metric Tonnes,Red Nanital,3500.0,4000.0,3750.0,Rs./Quintal,Local
Naravarikuppam(Uzhavar Sandhai ),0.05,Metric Tonnes,Red Nanital,4000.0,4000.0,4000.0,Rs./Quintal,Local
Natrampalli(Uzhavar Sandhai ),0.36,Metric Tonnes,Red Nanital,3000.0,3500.0,3250.0,Rs./Quintal,Local
Padappai(Uzhavar Sandhai ),0.15,Metric Tonnes,Other,2600.0,3500.0,3050.0,Rs./Quintal,Local
Palacode(Uzhavar Sandhai ),0.19,Metric Tonnes,Other,2600.0,2800.0,2700.0,Rs./Quintal,Local
Palanganatham(Uzhavar Sandhai ),0.4,Metric Tonnes,Other,4500.0,5000.0,4750.0,Rs./Quintal,Local
Palani(Uzhavar Sandhai ),0.75,Metric Tonnes,Other,3400.0,4000.0,3700.0,Rs./Quintal,Local
Palayamkottai(Uzhavar Sandhai ),2.4,Metric Tonnes,Other,2300.0,2500.0,2400.0,Rs./Quintal,Local
Palladam(Uzhavar Sandhai ),0.15,Metric Tonnes,Red Nanital,2500.0,3000.0,2750.0,Rs./Quintal,Local
Pallavaram(Uzhavar Sandhai ),0.45,Metric Tonnes,Red Nanital,2500.0,3000.0,2750.0,Rs./Quintal,Local
Pallikonda(Uzhavar Sandhai),0.04,Metric Tonnes,Red Nanital,2500.0,3000.0,2750.0,Rs./Quintal,Local
Panruti(Uzhavar Sandhai ),0.06,Metric Tonnes,Red Nanital,4000.0,4000.0,4000.0,Rs./Quintal,Local
Papanasam(Uzhavar Sandhai ),0.22,Metric Tonnes,Red Nanital,3000.0,3600.0,3300.0,Rs./Quintal,Local
Paramathivelur(Uzhavar Sandhai ),0.22,Metric Tonnes,Other,2500.0,3000.0,2750.0,Rs./Quintal,Local
Paruthipattu(Uzhavar Sandhai ),0.18,Metric Tonnes,Red Nanital,4000.0,4000.0,4000.0,Rs./Quintal,Local
Pattukottai(Uzhavar Sandhai ),0.25,Metric Tonnes,Red Nanital,3000.0,3000.0,3000.0,Rs./Quintal,Local
Pennagaram(Uzhavar Sandhai ),0.18,Metric Tonnes,Red Nanital,3000.0,3500.0,3250.0,Rs./Quintal,Local
Perambalur(Uzhavar Sandhai ),0.52,Metric Tonnes,Other,2800.0,3000.0,2900.0,Rs./Quintal,Local
Perampet(Uzhavar Sandhai),0.03,Metric Tonnes,Red Nanital,3000.0,3000.0,3000.0,Rs./Quintal,Local
Peravurani(Uzhavar Sandhai),0.05,Metric Tonnes,Red Nanital,3000.0,3000.0,3000.0,Rs./Quintal,Local
Periyakulam(Uzhavar Sandhai ),0.26,Metric Tonnes,Other,2600.0,2800.0,2700.0,Rs./Quintal,Local
Perundurai(Uzhavar Sandhai ),0.14,Metric Tonnes,Other,3200.0,3500.0,3350.0,Rs./Quintal,Local
Pollachi(Uzhavar Sandhai ),0.16,Metric Tonnes,Red Nanital,4000.0,6500.0,5250.0,Rs./Quintal,Local
Polur(Uzhavar Sandhai ),0.26,Metric Tonnes,Red Nanital,3300.0,4000.0,3650.0,Rs./Quintal,Local
Pudukottai(Uzhavar Sandhai ),0.76,Metric Tonnes,Other,5000.0,6000.0,5500.0,Rs./Quintal,Local
RSPuram(Uzhavar Sandhai ),2.63,Metric Tonnes,Other,5000.0,6200.0,5600.0,Rs./Quintal,Local
Rajapalayam(Uzhavar Sandhai ),0.26,Metric Tonnes,Red Nanital,2500.0,3000.0,2750.0,Rs./Quintal,Local
Ramanathapuram(Uzhavar Sandhai ),0.1,Metric Tonnes,Red Nanital,4500.0,5000.0,4750.0,Rs./Quintal,Local
Ranipettai(Uzhavar Sandhai ),0.12,Metric Tonnes,Other,3000.0,3000.0,3000.0,Rs./Quintal,Local
Rasipuram(Uzhavar Sandhai ),0.59,Metric Tonnes,Other,3000.0,3500.0,3250.0,Rs./Quintal,Local
Sampath Nagar(Uzhavar Sandhai ),0.14,Metric Tonnes,Other,4500.0,5000.0,4750.0,Rs./Quintal,Local
Sankarapuram(Uzhavar Sandhai ),0.16,Metric Tonnes,Red Nanital,3500.0,3500.0,3500.0,Rs./Quintal,Local
Sathiyamagalam(Uzhavar Sandhai ),0.25,Metric Tonnes,Other,3500.0,4000.0,3750.0,Rs./Quintal,Local
Sathur(Uzhavar Sandhai ),0.02,Metric Tonnes,Red Nanital,3500.0,4000.0,3750.0,Rs./Quintal,Local
Singampunari(Uzhavar Sandhai ),0.08,Metric Tonnes,Other,4600.0,5200.0,4900.0,Rs./Quintal,Local
Singanallur(Uzhavar Sandhai ),1.27,Metric Tonnes,Other,5500.0,6200.0,5850.0,Rs./Quintal,Local
Sirkali(Uzhavar Sandhai ),0.36,Metric Tonnes,Red Nanital,3600.0,4000.0,3800.0,Rs./Quintal,Local
Sivagangai (Uzhavar Sandhai ),0.38,Metric Tonnes,Red Nanital,4600.0,5200.0,4900.0,Rs./Quintal,Local
Sivakasi(Uzhavar Sandhai ),0.04,Metric Tonnes,Red Nanital,2500.0,3000.0,2750.0,Rs./Quintal,Local
Sooramangalam(Uzhavar Sandhai ),0.44,Metric Tonnes,Other,5000.0,6000.0,5500.0,Rs./Quintal,Local
Srivilliputhur(Uzhavar Sandhai ),0.14,Metric Tonnes,Red Nanital,2500.0,3000.0,2750.0,Rs./Quintal,Local
Sundarapuram(Uzhavar Sandhai ),0.27,Metric Tonnes,Other,5200.0,5600.0,5400.0,Rs./Quintal,Local
Sunguvarchatram(Uzhavar Sandhai ),0.25,Metric Tonnes,Other,3000.0,3000.0,3000.0,Rs./Quintal,Local
Thalavadi(Uzhavar Sandhai ),0.12,Metric Tonnes,Red Nanital,3400.0,4000.0,3700.0,Rs./Quintal,Local
Thalavaipuram(Uzhavar Sandhai ),0.05,Metric Tonnes,Red Nanital,2500.0,3000.0,2750.0,Rs./Quintal,Local
Thammampatti (Uzhavar Sandhai ),0.36,Metric Tonnes,Other,2800.0,3000.0,2900.0,Rs./Quintal,Local
Thanjavur(Uzhavar Sandhai ),0.64,Metric Tonnes,Other,3800.0,3800.0,3800.0,Rs./Quintal,Local
Thathakapatti(Uzhavar Sandhai ),0.53,Metric Tonnes,Red Nanital,2800.0,6000.0,4400.0,Rs./Quintal,Local
Theni(Uzhavar Sandhai ),1.3,Metric Tonnes,Other,2800.0,2800.0,2800.0,Rs./Quintal,Local
Thirupathur APMC,0.3,Metric Tonnes,Red Nanital,3000.0,3000.0,3000.0,Rs./Quintal,Local
Thiruverumbur(Uzhavar Sandhai ),0.65,Metric Tonnes,Other,3000.0,3000.0,3000.0,Rs./Quintal,Local
Thuraiyur APMC,0.44,Metric Tonnes,Other,3000.0,3500.0,3250.0,Rs./Quintal,Local
Tindivanam APMC,0.18,Metric Tonnes,Red Nanital,3800.0,3800.0,3800.0,Rs./Quintal,Local
Tiruchengode APMC,0.14,Metric Tonnes,Red Nanital,2500.0,3000.0,2750.0,Rs./Quintal,Local
Tirukattupalli(Uzhavar Sandhai ),0.26,Metric Tonnes,Red Nanital,2800.0,3800.0,3300.0,Rs./Quintal,Local
Tirupatthur(Uzhavar Sandhai ),0.23,Metric Tonnes,Red Nanital,3200.0,3500.0,3350.0,Rs./Quintal,Local
Tiruppur (North) (Uzhavar Sandhai ),0.1,Metric Tonnes,Other,5000.0,6000.0,5500.0,Rs./Quintal,Local
Tiruppur (South) (Uzhavar Sandhai ),0.48,Metric Tonnes,Other,4000.0,5000.0,4500.0,Rs./Quintal,Local
Tiruthani(Uzhavar Sandhai ),0.05,Metric Tonnes,Red Nanital,4000.0,4000.0,4000.0,Rs./Quintal,Local
Tiruvannamalai(Uzhavar Sandhai ),1.05,Metric Tonnes,Red Nanital,3600.0,4000.0,3800.0,Rs./Quintal,Local
Tuticorin(Uzhavar Sandhai ),0.55,Metric Tonnes,Other,3000.0,3500.0,3250.0,Rs./Quintal,Local
Udhagamandalam(Uzhavar Sandhai ),2.16,Metric Tonnes,Other,4500.0,5000.0,4750.0,Rs./Quintal,Local
Udumalpet APMC,0.21,Metric Tonnes,Red Nanital,4000.0,5000.0,4500.0,Rs./Quintal,Local
Ulundurpettai APMC,0.24,Metric Tonnes,Red Nanital,4000.0,4000.0,4000.0,Rs./Quintal,Local
Vadalur(Uzhavar Sandhai ),0.16,Metric Tonnes,Other,3500.0,4000.0,3750.0,Rs./Quintal,Local
Vadaseri APMC,0.23,Metric Tonnes,Red Nanital,3000.0,3500.0,3250.0,Rs./Quintal,Local
Vadavalli(Uzhavar Sandhai ),0.75,Metric Tonnes,Other,4000.0,5000.0,4500.0,Rs./Quintal,Local
Vandavasi(Uzhavar Sandhai ),0.04,Metric Tonnes,Other,3500.0,4000.0,3750.0,Rs./Quintal,Local
Vaniyampadi(Uzhavar Sandhai ),0.7,Metric Tonnes,Red Nanital,3000.0,3000.0,3000.0,Rs./Quintal,Local
Vazhapadi(Uzhavar Sandhai),0.04,Metric Tonnes,Red Nanital,3000.0,3600.0,3300.0,Rs./Quintal,Local
Vedaranyam(Uzhavar Sandhai),0.05,Metric Tonnes,Red Nanital,3800.0,4000.0,3900.0,Rs./Quintal,Local
Vellore APMC,0.8,Metric Tonnes,Red Nanital,2200.0,2600.0,2400.0,Rs./Quintal,Local
Villupuram(Uzhavar Sandhai ),0.15,Metric Tonnes,Red Nanital,3500.0,3500.0,3500.0,Rs./Quintal,Local
Virudhunagar(Uzhavar Sandhai ),0.02,Metric Tonnes,Red Nanital,3500.0,4000.0,3750.0,Rs./Quintal,Local
Viruthachalam(Uzhavar Sandhai ),0.08,Metric Tonnes,Red Nanital,4000.0,4000.0,4000.0,Rs./Quintal,Local
Total,54.46,Metric Tonnes,,,,3710.68,Rs./Quintal,
State/UT Name : Telangana
"Alwal,RBZ",0.8,Metric Tonnes,Other,1700.0,1700.0,1700.0,Rs./Quintal,FAQ
"Excise Colony,RBZ ",0.23,Metric Tonnes,Other,3000.0,3000.0,3000.0,Rs./Quintal,Grade A
"Kukatpally,RBZ",13.8,Metric Tonnes,Other,1700.0,1700.0,1700.0,Rs./Quintal,Local
Mahabubnagar(Rythu Bazar),2.15,Metric Tonnes,Red Nanital,2400.0,2400.0,2400.0,Rs./Quintal,Local
Miryalguda(Rythu Bazar) ,1.5,Metric Tonnes,Potato,3000.0,3000.0,3000.0,Rs./Quintal,Grade A
RYTHU BAZAR MEHDIPATNAM,6.3,Metric Tonnes,Potato,1700.0,1700.0,1700.0,Rs./Quintal,Grade A
Sangareddy APMC,0.52,Metric Tonnes,Other,1600.0,1600.0,1600.0,Rs./Quintal,Grade B
"Saroornagar,RBZ",2.0,Metric Tonnes,Other,1700.0,1700.0,1700.0,Rs./Quintal,Medium
Siddipet(Rythu Bazar) ,2.8000000000000003,Metric Tonnes,Red Nanital,1500.0,2400.0,2000.0,Rs./Quintal,Grade A
"Vanasthalipuram,RBZ ",3.6,Metric Tonnes,Potato,1700.0,1700.0,1700.0,Rs./Quintal,Grade A
Venkateswarnagar APMC,0.30000000000000004,Metric Tonnes,Local,1600.0,1800.0,1700.0,Rs./Quintal,Grade A
Warangal APMC,2.4000000000000004,Metric Tonnes,Potato,1500.0,2000.0,1750.0,Rs./Quintal,FAQ
"Weekly Market Area,RBZ APMC",0.03,Metric Tonnes,Desi,1000.0,2500.0,1000.0,Rs./Quintal,Local
Total,36.43,Metric Tonnes,,,,1827.4,Rs./Quintal,
State/UT Name : Tripura
Bachaibari APMC,0.2,Metric Tonnes,Other,1300.0,1400.0,1350.0,Rs./Quintal,Medium
Barpathari APMC,1.5,Metric Tonnes,Jalander,1100.0,1300.0,1200.0,Rs./Quintal,FAQ
Bishalgarh APMC,2.5,Metric Tonnes,Other,1400.0,1600.0,1500.0,Rs./Quintal,Medium
Boxonagar,0.06999999999999999,Metric Tonnes,Other,1500.0,1700.0,1600.0,Rs./Quintal,Medium
Champaknagar APMC,0.6,Metric Tonnes,F.A.Q.,1800.0,2000.0,1900.0,Rs./Quintal,FAQ
Chowmanu APMC,1.5,Metric Tonnes,Jyoti,1800.0,2000.0,1900.0,Rs./Quintal,Local
Dasda APMC,1.2,Metric Tonnes,Other,1400.0,1400.0,1400.0,Rs./Quintal,FAQ
Garjee APMC,1.8,Metric Tonnes,Jalander,1300.0,1400.0,1350.0,Rs./Quintal,FAQ
Gondatwisa APMC,0.6000000000000001,Metric Tonnes,F.A.Q.,2000.0,22200.0,2100.0,Rs./Quintal,FAQ
Halahali,0.38,Metric Tonnes,Red Nanital,1900.0,2000.0,1950.0,Rs./Quintal,FAQ
Jampuijala APMC,0.1,Metric Tonnes,Jalander,3800.0,4000.0,3900.0,Rs./Quintal,Medium
Kalyanpur APMC,2.0,Metric Tonnes,Jalander,2000.0,2200.0,2100.0,Rs./Quintal,FAQ
Kanchanpur,0.7000000000000001,Metric Tonnes,Potato,1200.0,1400.0,1300.0,Rs./Quintal,FAQ
Machmara,1.0,Metric Tonnes,Local,900.0,1100.0,1000.0,Rs./Quintal,FAQ
Manubazar,0.8,Metric Tonnes,Jyoti,2000.0,2500.0,2200.0,Rs./Quintal,Grade A
Masli,0.2,Metric Tonnes,Desi,1800.0,2000.0,1900.0,Rs./Quintal,Local
Melaghar APMC,1.0,Metric Tonnes,Jalander,1100.0,1300.0,1200.0,Rs./Quintal,Local
Silachhari APMC,0.1,Metric Tonnes,Other,1600.0,2000.0,1800.0,Rs./Quintal,FAQ
Sonamura APMC,0.38,Metric Tonnes,Other,1400.0,1600.0,1500.0,Rs./Quintal,Medium
Total,16.63,Metric Tonnes,,,,1600.9,Rs./Quintal,
State/UT Name : Uttar Pradesh
Achalda APMC,32.0,Metric Tonnes,Other,500.0,500.0,500.0,Rs./Quintal,FAQ
Achnera APMC,23.0,Metric Tonnes,Other,550.0,550.0,550.0,Rs./Quintal,FAQ
Agra APMC,1325.0,Metric Tonnes,Other,500.0,1100.0,556.6,Rs./Quintal,FAQ
Aliganj APMC,18.0,Metric Tonnes,Other,500.0,500.0,500.0,Rs./Quintal,FAQ
Aligarh APMC,48.0,Metric Tonnes,Other,500.0,500.0,500.0,Rs./Quintal,FAQ
Anwala APMC,12.0,Metric Tonnes,Other,600.0,600.0,600.0,Rs./Quintal,FAQ
Atrauli APMC,17.0,Metric Tonnes,Other,700.0,700.0,700.0,Rs./Quintal,FAQ
Auraiya APMC,82.0,Metric Tonnes,Other,500.0,800.0,539.02,Rs./Quintal,FAQ
Awagarh APMC,21.5,Metric Tonnes,Other,500.0,500.0,500.0,Rs./Quintal,FAQ
Babrala APMC,130.0,Metric Tonnes,Desi,580.0,600.0,590.0,Rs./Quintal,Medium
Babrala APMC,14.0,Metric Tonnes,Other,600.0,600.0,600.0,Rs./Quintal,FAQ
Badayoun APMC,261.2,Metric Tonnes,Other,550.0,550.0,550.0,Rs./Quintal,FAQ
Bangarmau APMC,30.0,Metric Tonnes,Other,700.0,700.0,700.0,Rs./Quintal,FAQ
Barabanki APMC,1750.3,Metric Tonnes,Other,600.0,745.0,605.31,Rs./Quintal,FAQ
Baraut APMC,29.0,Metric Tonnes,Other,1000.0,1000.0,1000.0,Rs./Quintal,FAQ
Bareilly APMC,201.5,Metric Tonnes,Other,500.0,500.0,500.0,Rs./Quintal,FAQ
Baripaal APMC,4.5,Metric Tonnes,Other,700.0,700.0,700.0,Rs./Quintal,FAQ
Bewar APMC,662.5,Metric Tonnes,Other,200.0,500.0,300.75,Rs./Quintal,FAQ
Bharthna APMC,183.5,Metric Tonnes,Other,500.0,500.0,500.0,Rs./Quintal,FAQ
Bhehjoi APMC,32.0,Metric Tonnes,Desi,600.0,610.0,605.0,Rs./Quintal,Local
Bhehjoi APMC,71.0,Metric Tonnes,Other,600.0,600.0,600.0,Rs./Quintal,FAQ
Bilsi APMC,222.4,Metric Tonnes,Other,550.0,550.0,550.0,Rs./Quintal,FAQ
Bisoli APMC,480.4,Metric Tonnes,Other,600.0,600.0,600.0,Rs./Quintal,FAQ
Buland Shahr APMC,41.8,Metric Tonnes,Other,800.0,800.0,800.0,Rs./Quintal,FAQ
Chaandpur APMC,4.0,Metric Tonnes,Other,1000.0,1000.0,1000.0,Rs./Quintal,FAQ
Chandausi APMC,112.0,Metric Tonnes,Other,600.0,600.0,600.0,Rs./Quintal,FAQ
Chhibramau APMC,995.5,Metric Tonnes,Other,550.0,550.0,550.0,Rs./Quintal,FAQ
Choubepur APMC,264.3,Metric Tonnes,Other,550.0,550.0,550.0,Rs./Quintal,FAQ
Dhanaura APMC,70.225,Metric Tonnes,Other,800.0,800.0,800.0,Rs./Quintal,FAQ
Dibiapur APMC,53.0,Metric Tonnes,Other,500.0,600.0,524.53,Rs./Quintal,FAQ
Divai APMC,72.5,Metric Tonnes,Other,500.0,500.0,500.0,Rs./Quintal,FAQ
Etah APMC,8.0,Metric Tonnes,Other,600.0,600.0,600.0,Rs./Quintal,FAQ
Etawah APMC,426.95,Metric Tonnes,Other,500.0,550.0,500.56,Rs./Quintal,FAQ
Farukhabad APMC,820.2,Metric Tonnes,Other,550.0,850.0,562.51,Rs./Quintal,FAQ
Fatehabad APMC,2008.0,Metric Tonnes,Other,400.0,500.0,413.2,Rs./Quintal,FAQ
Fatehpur APMC,36.33,Metric Tonnes,Other,700.0,710.0,700.96,Rs./Quintal,FAQ
Firozabad APMC,325.0,Metric Tonnes,Other,400.0,500.0,455.38,Rs./Quintal,FAQ
Gangoh APMC,1.5,Metric Tonnes,Other,600.0,600.0,600.0,Rs./Quintal,FAQ
Ghaziabad APMC,14.5149,Metric Tonnes,Other,1004.92,1010.0,1005.86,Rs./Quintal,FAQ
Ghiraur APMC,30.0,Metric Tonnes,Other,500.0,500.0,500.0,Rs./Quintal,FAQ
Golagokarnath APMC,3.59,Metric Tonnes,Other,715.0,1433.23,733.01,Rs./Quintal,FAQ
Gonda APMC,0.048,Metric Tonnes,Other,1600.0,1600.0,1600.0,Rs./Quintal,FAQ
Haathras APMC,848.025,Metric Tonnes,Other,500.0,1574.13,520.25,Rs./Quintal,FAQ
Hapur APMC,1.758,Metric Tonnes,Other,1803.16,1803.16,1803.16,Rs./Quintal,FAQ
Hardoi APMC,60.0,Metric Tonnes,Other,600.0,600.0,600.0,Rs./Quintal,FAQ
Hargaon (Laharpur) APMC,3.5,Metric Tonnes,Other,550.0,550.0,550.0,Rs./Quintal,FAQ
Islam Nagar APMC,326.11,Metric Tonnes,Other,500.0,500.0,500.0,Rs./Quintal,FAQ
Jangipura APMC,0.381,Metric Tonnes,Other,1153.43,1153.43,1153.43,Rs./Quintal,FAQ
Jarar APMC,50.0,Metric Tonnes,Other,500.0,500.0,500.0,Rs./Quintal,FAQ
Jasvantnagar APMC,369.5,Metric Tonnes,Other,500.0,600.0,508.12,Rs./Quintal,FAQ
Jhansi APMC,3.0,Metric Tonnes,Other,1000.0,1000.0,1000.0,Rs./Quintal,FAQ
Jhijhank APMC,27.1,Metric Tonnes,Other,500.0,500.0,500.0,Rs./Quintal,FAQ
Kairana APMC,6.0,Metric Tonnes,Other,700.0,700.0,700.0,Rs./Quintal,FAQ
Kamlaganj APMC,201.0,Metric Tonnes,Other,550.0,560.0,551.64,Rs./Quintal,FAQ
Kannauj APMC,862.8,Metric Tonnes,Other,550.0,1100.0,576.96,Rs./Quintal,FAQ
Kanpur(Grain) APMC,576.408,Metric Tonnes,Other,550.0,1698.03,551.81,Rs./Quintal,FAQ
Kasganj APMC,349.5,Metric Tonnes,Other,600.0,602.0,600.27,Rs./Quintal,FAQ
Kayamganj APMC,60.0,Metric Tonnes,Other,550.0,550.0,550.0,Rs./Quintal,FAQ
Khaga APMC,5.0,Metric Tonnes,Other,500.0,500.0,500.0,Rs./Quintal,FAQ
Khair APMC,146.2,Metric Tonnes,Other,500.0,500.0,500.0,Rs./Quintal,FAQ
Khairagarh APMC,30.0,Metric Tonnes,Desi,500.0,600.0,550.0,Rs./Quintal,FAQ
Khatauli APMC,13.5,Metric Tonnes,Other,850.0,850.0,850.0,Rs./Quintal,FAQ
Khekda APMC,2.3,Metric Tonnes,Other,900.0,1000.0,921.74,Rs./Quintal,FAQ
Khurja APMC,1.0,Metric Tonnes,Other,700.0,700.0,700.0,Rs./Quintal,FAQ
Kosikalan APMC,10.0,Metric Tonnes,Desi,700.0,780.0,740.0,Rs./Quintal,FAQ
Kosikalan APMC,16.0,Metric Tonnes,Other,600.0,800.0,781.25,Rs./Quintal,FAQ
Lalganj APMC,54.0,Metric Tonnes,Other,600.0,1100.0,877.78,Rs./Quintal,FAQ
Lucknow APMC,11.1725,Metric Tonnes,Other,800.0,1795.39,815.37,Rs./Quintal,FAQ
Madhoganj APMC,69.0,Metric Tonnes,Other,600.0,600.0,600.0,Rs./Quintal,FAQ
Mainpuri APMC,424.5,Metric Tonnes,Other,500.0,500.0,500.0,Rs./Quintal,FAQ
Manjhanpur APMC,4.0,Metric Tonnes,Other,500.0,500.0,500.0,Rs./Quintal,FAQ
Mathura APMC,84.5,Metric Tonnes,Other,500.0,900.0,631.95,Rs./Quintal,FAQ
Mawana APMC,17.5,Metric Tonnes,Other,600.0,700.0,622.86,Rs./Quintal,FAQ
Meeranpur Katra APMC,20.0,Metric Tonnes,Other,550.0,550.0,550.0,Rs./Quintal,FAQ
Meerut APMC,0.194,Metric Tonnes,Other,1495.97,1495.97,1495.97,Rs./Quintal,FAQ
Mehmoodabad APMC,116.0,Metric Tonnes,Other,600.0,600.0,600.0,Rs./Quintal,FAQ
Mohamadabad APMC,142.0,Metric Tonnes,Other,550.0,550.0,550.0,Rs./Quintal,FAQ
Muradnagar APMC,23.5,Metric Tonnes,Other,800.0,800.0,800.0,Rs./Quintal,FAQ
Muzzafarnagar APMC,0.395,Metric Tonnes,Other,1529.98,1529.98,1529.98,Rs./Quintal,FAQ
Nanuta APMC,6.5,Metric Tonnes,Other,1050.0,1050.0,1050.0,Rs./Quintal,FAQ
Noida APMC,23.0,Metric Tonnes,Other,1000.0,1000.0,1000.0,Rs./Quintal,FAQ
Paliakala APMC,67.0,Metric Tonnes,Other,700.0,900.0,867.16,Rs./Quintal,FAQ
Powayan APMC,168.66,Metric Tonnes,Other,600.0,1100.0,688.88,Rs./Quintal,FAQ
Pratapgarh APMC,55.0,Metric Tonnes,Other,600.0,600.0,600.0,Rs./Quintal,FAQ
Prayagraj APMC,143.062,Metric Tonnes,Other,700.0,1457.17,702.97,Rs./Quintal,FAQ
Rampur APMC,40.0,Metric Tonnes,Other,500.0,500.0,500.0,Rs./Quintal,FAQ
Rampurmaniharan APMC,1.2,Metric Tonnes,Other,1100.0,1200.0,1150.0,Rs./Quintal,FAQ
Rura APMC,86.0,Metric Tonnes,Other,650.0,650.0,650.0,Rs./Quintal,FAQ
Safdarganj APMC,178.5,Metric Tonnes,Other,580.0,580.0,580.0,Rs./Quintal,FAQ
Saharanpur APMC,86.5,Metric Tonnes,Other,600.0,840.0,709.32,Rs./Quintal,FAQ
Salon APMC,109.0,Metric Tonnes,Other,600.0,600.0,600.0,Rs./Quintal,FAQ
Sambhal APMC,472.5,Metric Tonnes,Other,600.0,600.0,600.0,Rs./Quintal,FAQ
Samsabad APMC,370.0,Metric Tonnes,Local,400.0,700.0,600.0,Rs./Quintal,Local
Samsabad APMC,110.0,Metric Tonnes,Other,500.0,500.0,500.0,Rs./Quintal,FAQ
Sandi APMC,15.0,Metric Tonnes,Other,600.0,600.0,600.0,Rs./Quintal,FAQ
Shadabad APMC,755.5,Metric Tonnes,Other,500.0,500.0,500.0,Rs./Quintal,FAQ
Shahabad(New Mandi) APMC,75.0,Metric Tonnes,Other,550.0,550.0,550.0,Rs./Quintal,FAQ
Shahaswan APMC,25.0,Metric Tonnes,Other,600.0,600.0,600.0,Rs./Quintal,FAQ
Shahjahanpur APMC,6.0,Metric Tonnes,Other,600.0,600.0,600.0,Rs./Quintal,FAQ
Shamli APMC,12.2,Metric Tonnes,Other,800.0,1100.0,957.38,Rs./Quintal,FAQ
Shikohabad APMC,585.5,Metric Tonnes,Other,500.0,500.0,500.0,Rs./Quintal,FAQ
Sikanderabad APMC,17.5,Metric Tonnes,Other,700.0,800.0,788.57,Rs./Quintal,FAQ
Sikandraraau APMC,0.5,Metric Tonnes,Other,500.0,500.0,500.0,Rs./Quintal,FAQ
Sikarpur APMC,40.0,Metric Tonnes,Other,650.0,650.0,650.0,Rs./Quintal,FAQ
Sirsaganj APMC,1071.4,Metric Tonnes,Other,500.0,500.0,500.0,Rs./Quintal,FAQ
Thanabhawan APMC,17.0,Metric Tonnes,Other,800.0,800.0,800.0,Rs./Quintal,FAQ
Tundla APMC,1120.9,Metric Tonnes,Other,500.0,500.0,500.0,Rs./Quintal,FAQ
Ujhani APMC,77.6,Metric Tonnes,Other,550.0,550.0,550.0,Rs./Quintal,FAQ
Uttaripura APMC,801.0,Metric Tonnes,Other,550.0,550.0,550.0,Rs./Quintal,FAQ
Varanasi APMC,3.62,Metric Tonnes,Other,800.0,800.0,800.0,Rs./Quintal,FAQ
Wazirganj APMC,446.5,Metric Tonnes,Other,600.0,600.0,600.0,Rs./Quintal,FAQ
Yusufpur APMC,9.0,Metric Tonnes,Other,600.0,600.0,600.0,Rs./Quintal,FAQ
Total,22870.24,Metric Tonnes,,,,538.2,Rs./Quintal,
State/UT Name : Uttarakhand
Bhagwanpur(Naveen Mandi Sthal) APMC,4.3,Metric Tonnes,Other,400.0,650.0,550.0,Rs./Quintal,Grade A
Haldwani APMC,74.8,Metric Tonnes,Other,700.0,1400.0,1000.0,Rs./Quintal,FAQ
Haridwar Union APMC,34.5,Metric Tonnes,Potato,700.0,900.0,800.0,Rs./Quintal,FAQ
Kotadwara APMC,1.7,Metric Tonnes,Potato,1100.0,1100.0,1100.0,Rs./Quintal,FAQ
Manglaur APMC,1.0,Metric Tonnes,Other,600.0,800.0,700.0,Rs./Quintal,Large
Rishikesh APMC,11.9,Metric Tonnes,Other,730.0,955.0,845.0,Rs./Quintal,Medium
Roorkee APMC,2.0,Metric Tonnes,Other,800.0,1200.0,1000.0,Rs./Quintal,Medium
Rudrapur APMC,20.0,Metric Tonnes,Other,500.0,800.0,600.0,Rs./Quintal,Medium
Sitarganj APMC,5.5,Metric Tonnes,Potato,800.0,1200.0,1000.0,Rs./Quintal,Local
Vikasnagar APMC,24.8,Metric Tonnes,Other,900.0,1000.0,1000.0,Rs./Quintal,Medium
Total,180.5,Metric Tonnes,,,,895.79,Rs./Quintal,
State/UT Name : West Bengal
Alipurduar APMC,12.0,Metric Tonnes,Jyoti,530.0,580.0,550.0,Rs./Quintal,FAQ
Asansol APMC,52.0,Metric Tonnes,Jyoti,740.0,820.0,780.0,Rs./Quintal,FAQ
Balarampur APMC,10.0,Metric Tonnes,Other,680.0,800.0,700.0,Rs./Quintal,FAQ
Balurghat APMC,15.0,Metric Tonnes,Local,580.0,600.0,590.0,Rs./Quintal,FAQ
Bankura Sadar APMC,26.5,Metric Tonnes,Jyoti,640.0,680.0,660.0,Rs./Quintal,FAQ
Bara Bazar (Posta Bazar) APMC,8.35,Metric Tonnes,Jyoti,840.0,900.0,860.0,Rs./Quintal,FAQ
Barasat APMC,49.0,Metric Tonnes,Jyoti,800.0,800.0,800.0,Rs./Quintal,FAQ
Baxirhat APMC,25.0,Metric Tonnes,Jyoti,550.0,570.0,560.0,Rs./Quintal,FAQ
Belacoba APMC,9.0,Metric Tonnes,Jyoti,570.0,590.0,580.0,Rs./Quintal,FAQ
Beldanga APMC,2.0,Metric Tonnes,Jyoti,680.0,780.0,730.0,Rs./Quintal,FAQ
Bethuadahari APMC,11.0,Metric Tonnes,Desi,780.0,800.0,790.0,Rs./Quintal,Grade A
Birbhum APMC,53.0,Metric Tonnes,Potato,1000.0,1100.0,1050.0,Rs./Quintal,FAQ
Bishnupur(Bankura) APMC,6.9,Metric Tonnes,Jyoti,600.0,660.0,640.0,Rs./Quintal,FAQ
Bolpur APMC,54.0,Metric Tonnes,Potato,1000.0,1100.0,1050.0,Rs./Quintal,FAQ
Burdwan APMC,26.0,Metric Tonnes,Jyoti,720.0,750.0,740.0,Rs./Quintal,FAQ
Chakdah APMC,10.3,Metric Tonnes,Jyoti,750.0,780.0,760.0,Rs./Quintal,FAQ
Champadanga APMC,15.4,Metric Tonnes,Jyoti,740.0,760.0,760.0,Rs./Quintal,FAQ
Darjeeling APMC,1.6,Metric Tonnes,Red,1400.0,1600.0,1500.0,Rs./Quintal,FAQ
Dhupguri APMC,15.0,Metric Tonnes,Jyoti,570.0,590.0,580.0,Rs./Quintal,FAQ
Durgapur APMC,55.0,Metric Tonnes,Jyoti,740.0,820.0,780.0,Rs./Quintal,FAQ
Egra/contai APMC,1025.0,Metric Tonnes,Jyoti,820.0,850.0,835.0,Rs./Quintal,FAQ
English Bazar APMC,19.0,Metric Tonnes,Local,600.0,630.0,620.0,Rs./Quintal,FAQ
Falakata APMC,11.0,Metric Tonnes,Jyoti,520.0,580.0,550.0,Rs./Quintal,FAQ
Gajol APMC,55.0,Metric Tonnes,Local,600.0,650.0,620.0,Rs./Quintal,FAQ
Gangarampur(Dakshin Dinajpur) APMC,9.0,Metric Tonnes,Local,580.0,600.0,590.0,Rs./Quintal,FAQ
Garbeta(Medinipur) APMC,3.2,Metric Tonnes,Jyoti,630.0,660.0,640.0,Rs./Quintal,FAQ
Ghatal APMC,3.5,Metric Tonnes,Jyoti,800.0,830.0,820.0,Rs./Quintal,FAQ
Guskara APMC,17.5,Metric Tonnes,Jyoti,740.0,750.0,740.0,Rs./Quintal,FAQ
Habra APMC,45.0,Metric Tonnes,Jyoti,900.0,900.0,900.0,Rs./Quintal,FAQ
Haldibari APMC,22.0,Metric Tonnes,Jyoti,550.0,570.0,560.0,Rs./Quintal,FAQ
Indus(Bankura Sadar) APMC,6.0,Metric Tonnes,Jyoti,630.0,670.0,650.0,Rs./Quintal,FAQ
Islampur APMC,24.0,Metric Tonnes,Other,520.0,580.0,550.0,Rs./Quintal,FAQ
Jalpaiguri Sadar APMC,0.6,Metric Tonnes,Jyoti,580.0,600.0,590.0,Rs./Quintal,FAQ
Jangipur APMC,32.25,Metric Tonnes,Jyoti,1350.0,1450.0,1400.0,Rs./Quintal,FAQ
Jhargram APMC,6.2,Metric Tonnes,Jyoti,700.0,790.0,740.0,Rs./Quintal,FAQ
Jiaganj APMC,5.0,Metric Tonnes,Local,500.0,600.0,550.0,Rs./Quintal,FAQ
Kalipur APMC,7.5,Metric Tonnes,Jyoti,700.0,720.0,700.0,Rs./Quintal,FAQ
Kalna APMC,18.5,Metric Tonnes,Jyoti,740.0,750.0,740.0,Rs./Quintal,FAQ
Kalyani APMC,3.5,Metric Tonnes,Jyoti,760.0,800.0,780.0,Rs./Quintal,Local
Kandi APMC,10.0,Metric Tonnes,Jyoti,680.0,760.0,720.0,Rs./Quintal,FAQ
Karimpur APMC,13.0,Metric Tonnes,Jyoti,780.0,800.0,790.0,Rs./Quintal,Grade A
Karsiyang(Matigara) APMC,2.0,Metric Tonnes,Red,1400.0,1600.0,1500.0,Rs./Quintal,FAQ
Khatra APMC,6.7,Metric Tonnes,Jyoti,640.0,720.0,700.0,Rs./Quintal,FAQ
Kolaghat APMC,10.0,Metric Tonnes,Jyoti,760.0,800.0,780.0,Rs./Quintal,FAQ
Mathabhanga APMC,20.0,Metric Tonnes,Jyoti,550.0,570.0,560.0,Rs./Quintal,FAQ
Medinipur(West) APMC,45.0,Metric Tonnes,Jyoti,630.0,660.0,650.0,Rs./Quintal,FAQ
Mekhliganj APMC,20.0,Metric Tonnes,Jyoti,550.0,570.0,560.0,Rs./Quintal,FAQ
Memari APMC,24.0,Metric Tonnes,Jyoti,720.0,760.0,740.0,Rs./Quintal,FAQ
Moynaguri APMC,23.0,Metric Tonnes,Jyoti,560.0,580.0,570.0,Rs./Quintal,FAQ
Nadia APMC,9.7,Metric Tonnes,Jyoti,740.0,800.0,770.0,Rs./Quintal,FAQ
Pandua APMC,6.5,Metric Tonnes,Jyoti,650.0,720.0,680.0,Rs./Quintal,FAQ
Purulia APMC,20.0,Metric Tonnes,Jyoti,680.0,800.0,720.0,Rs./Quintal,FAQ
Ramkrishanpur(Howrah) APMC,8.75,Metric Tonnes,Jyoti,820.0,860.0,840.0,Rs./Quintal,FAQ
Ranaghat APMC,10.1,Metric Tonnes,Jyoti,760.0,800.0,780.0,Rs./Quintal,FAQ
Sainthia APMC,51.0,Metric Tonnes,Potato,1000.0,1100.0,1050.0,Rs./Quintal,FAQ
Samsi APMC,28.0,Metric Tonnes,Local,630.0,650.0,640.0,Rs./Quintal,FAQ
Sheoraphuly APMC,27.0,Metric Tonnes,Jyoti,660.0,710.0,690.0,Rs./Quintal,FAQ
Siliguri APMC,190.0,Metric Tonnes,Jyoti,600.0,630.0,620.0,Rs./Quintal,FAQ
Tamluk (Medinipur E) APMC,20.0,Metric Tonnes,Jyoti,760.0,800.0,780.0,Rs./Quintal,FAQ
Toofanganj APMC,20.0,Metric Tonnes,Jyoti,550.0,570.0,560.0,Rs./Quintal,FAQ
Uluberia APMC,4.6000000000000005,Metric Tonnes,Jyoti,830.0,860.0,840.0,Rs./Quintal,FAQ
Total,2340.15,Metric Tonnes,,,,784.89,Rs./Quintal,
Grand Total,37883.88,Metric Tonnes,,,,806.75,Rs./Quintal,
Tomato
State/UT Name : Andhra Pradesh
B.Kothakota H/Q Angallu,24.0,Metric Tonnes,Local,1100.0,1900.0,1400.0,Rs./Quintal,FAQ
Guramkonda Sub-yard of AMC Valmikipuram,100.875,Metric Tonnes,Hybrid,1360.0,1760.0,1560.0,Rs./Quintal,FAQ
Kalikiri APMC,27.5,Metric Tonnes,Hybrid,1300.0,1900.0,1600.0,Rs./Quintal,FAQ
Kuppam APMC,1.0,Metric Tonnes,Tomato,900.0,1212.0,1212.0,Rs./Quintal,Grade C
Madanapalli APMC,91.0,Metric Tonnes,Local,1600.0,2000.0,1800.0,Rs./Quintal,FAQ
Mulakalacheruvu APMC,715.0,Metric Tonnes,Local,1100.0,1900.0,1500.0,Rs./Quintal,FAQ
Palamaner APMC,35.0,Metric Tonnes,Tomato,1500.0,2000.0,1700.0,Rs./Quintal,FAQ
Pattikonda APMC,698.0,Metric Tonnes,Local,1000.0,1600.0,1300.0,Rs./Quintal,FAQ
Punganur APMC,24.900000000000002,Metric Tonnes,Hybrid,1340.0,2000.0,1670.0,Rs./Quintal,FAQ
Somala APMC,2.0,Metric Tonnes,Tomato,1000.0,1400.0,1200.0,Rs./Quintal,FAQ
V. Kota Sub-yard of AMC Palamaneru,6.0,Metric Tonnes,Other,1400.0,1900.0,1600.0,Rs./Quintal,FAQ
Valmikipuram APMC,100.875,Metric Tonnes,Hybrid,1360.0,1760.0,1560.0,Rs./Quintal,FAQ
Total,1826.15,Metric Tonnes,,,,1451.32,Rs./Quintal,
State/UT Name : Assam
Ambagan APMC,7.0,Metric Tonnes,Tomato,3200.0,3400.0,3300.0,Rs./Quintal,FAQ
Balugaon APMC,3.2,Metric Tonnes,Tomato,1800.0,2200.0,2000.0,Rs./Quintal,Local
Besimari APMC,2.8000000000000003,Metric Tonnes,Tomato,2000.0,2400.0,2200.0,Rs./Quintal,Local
Dhing APMC,8.0,Metric Tonnes,Tomato,3000.0,3200.0,3100.0,Rs./Quintal,FAQ
Doomdumia APMC,10.0,Metric Tonnes,Tomato,3000.0,3200.0,3100.0,Rs./Quintal,FAQ
Haibargaon APMC,8.0,Metric Tonnes,Tomato,3100.0,3300.0,3200.0,Rs./Quintal,FAQ
Pamohi(Garchuk) APMC,12.0,Metric Tonnes,Tomato,2400.0,3000.0,2700.0,Rs./Quintal,FAQ
Tinsukia Market,3.0,Metric Tonnes,Tomato,3000.0,4000.0,3500.0,Rs./Quintal,FAQ
Total,54.0,Metric Tonnes,,,,2962.22,Rs./Quintal,
State/UT Name : Bihar
Khagaria APMC,8.0,Metric Tonnes,Deshi,2599.99974,3083.333025,2833.33305,Rs./Quintal,Grade A
Madhubani APMC,3.7,Metric Tonnes,Tomato,3700.0,4000.0,3800.0,Rs./Quintal,FAQ
Saharsa APMC,1.5,Metric Tonnes,Hybrid,3600.0,4000.0,3800.0,Rs./Quintal,FAQ
Total,13.2,Metric Tonnes,,,,3214.14,Rs./Quintal,
State/UT Name : Chandigarh
Chandigarh (Grain/F&V) APMC,87.42500000000001,Metric Tonnes,Tomato,400.0,2000.0,1600.0,Rs./Quintal,FAQ
Total,87.43,Metric Tonnes,,,,1600.0,Rs./Quintal,
State/UT Name : Chattisgarh
Durg APMC,180.8,Metric Tonnes,Local,1400.0,1600.0,1600.0,Rs./Quintal,Medium
Gandai APMC,15.0,Metric Tonnes,Deshi,1200.0,1800.0,1500.0,Rs./Quintal,Grade B
Rajnandgaon APMC,130.5,Metric Tonnes,Deshi,1500.0,2000.0,1800.0,Rs./Quintal,Grade B
Tiphra APMC,250.0,Metric Tonnes,Local,1000.0,1200.0,1100.0,Rs./Quintal,Grade B
Total,576.3,Metric Tonnes,,,,1425.79,Rs./Quintal,
State/UT Name : Gujarat
Ahmedabad APMC,126.2,Metric Tonnes,Other,1200.0,2500.0,1850.0,Rs./Quintal,FAQ
"Anand(Veg,Yard,Anand) APMC",30.6,Metric Tonnes,Tomato,1000.0,1500.0,1250.0,Rs./Quintal,Grade B
Ankleshwar APMC,16.0,Metric Tonnes,Tomato,800.0,2200.0,1600.0,Rs./Quintal,Grade A
Bharuch APMC,9.2,Metric Tonnes,Other,1000.0,2000.0,1500.0,Rs./Quintal,Local
Bilimora APMC,5.0,Metric Tonnes,Other,2000.0,2500.0,2200.0,Rs./Quintal,FAQ
Dahod(Veg. Market) APMC,20.2,Metric Tonnes,Tomato,500.0,2000.0,1500.0,Rs./Quintal,Local
Deesa(Deesa Veg Yard) APMC,40.800000000000004,Metric Tonnes,Other,1500.0,2700.0,2100.0,Rs./Quintal,FAQ
Himatnagar(Veg.Market Himatnagar) APMC,2.5,Metric Tonnes,Tomato,1500.0,2000.0,1880.0,Rs./Quintal,Local
"Kalol(Veg,Market,Kalol) APMC",12.0,Metric Tonnes,Other,1750.0,2750.0,2000.0,Rs./Quintal,Local
Kapadvanj APMC,2.5,Metric Tonnes,Tomato,2200.0,2500.0,2350.0,Rs./Quintal,Medium
Khambhat(Veg Yard Khambhat) APMC,0.5,Metric Tonnes,Other,2500.0,3000.0,2500.0,Rs./Quintal,Local
Mansa(Manas Veg Yard) APMC,2.0,Metric Tonnes,Tomato,2000.0,2000.0,2000.0,Rs./Quintal,Local
Mehsana(Mehsana Veg) APMC,19.1,Metric Tonnes,Other,1000.0,2500.0,1750.0,Rs./Quintal,Local
Morbi APMC,18.0,Metric Tonnes,Tomato,1500.0,2300.0,1900.0,Rs./Quintal,FAQ
Nadiad APMC,2.0,Metric Tonnes,Tomato,1900.0,2200.0,2000.0,Rs./Quintal,FAQ
Nadiyad(Chaklasi) APMC,0.865,Metric Tonnes,Tomato,2000.0,2100.0,2050.0,Rs./Quintal,FAQ
Nadiyad(Piplag) APMC,15.5,Metric Tonnes,Tomato,1500.0,2000.0,1850.0,Rs./Quintal,FAQ
Navsari APMC,17.900000000000002,Metric Tonnes,Tomato,1000.0,2750.0,1875.0,Rs./Quintal,Grade A
Padra APMC,6.800000000000001,Metric Tonnes,Other,2000.0,2500.0,2250.0,Rs./Quintal,FAQ
Surat APMC,345.0,Metric Tonnes,Other,700.0,2500.0,1600.0,Rs./Quintal,FAQ
Vadhvan APMC,12.5,Metric Tonnes,Tomato,2000.0,3000.0,2500.0,Rs./Quintal,Medium
Vankaner(Sub yard) APMC,1.8,Metric Tonnes,Tomato,1000.0,2000.0,1750.0,Rs./Quintal,FAQ
Total,706.96,Metric Tonnes,,,,1718.98,Rs./Quintal,
State/UT Name : Haryana
Bahadurgarh APMC,12.4,Metric Tonnes,Other,1500.0,2800.0,2500.0,Rs./Quintal,FAQ
Ballabhgarh APMC,3.7,Metric Tonnes,Tomato,2000.0,3000.0,2500.0,Rs./Quintal,FAQ
Barwala APMC,1.4000000000000001,Metric Tonnes,Local,2000.0,2000.0,2000.0,Rs./Quintal,FAQ
Barwala(Hisar) APMC,5.0,Metric Tonnes,Tomato,2000.0,2500.0,2250.0,Rs./Quintal,Local
Chhachrauli APMC,0.15,Metric Tonnes,Tomato,3000.0,4000.0,3000.0,Rs./Quintal,Local
Dhand APMC,0.30000000000000004,Metric Tonnes,Other,2000.0,3000.0,2800.0,Rs./Quintal,Medium
Farukh Nagar APMC,4.4,Metric Tonnes,Other,2000.0,2700.0,2400.0,Rs./Quintal,Medium
Fatehabad APMC,3.9000000000000004,Metric Tonnes,Other,2500.0,2500.0,2500.0,Rs./Quintal,Local
FerozpurZirkha(Nagina) APMC,3.1,Metric Tonnes,Other,2600.0,3000.0,2800.0,Rs./Quintal,Local
Ganaur APMC,2.2,Metric Tonnes,Tomato,2500.0,3000.0,2800.0,Rs./Quintal,FAQ
Gharaunda APMC,1.0,Metric Tonnes,Other,3000.0,3000.0,3000.0,Rs./Quintal,Local
Gohana APMC,7.6000000000000005,Metric Tonnes,Other,2500.0,3000.0,2800.0,Rs./Quintal,Medium
Gurgaon APMC,69.0,Metric Tonnes,Other,1000.0,1400.0,1200.0,Rs./Quintal,Grade B
Hansi APMC,21.2,Metric Tonnes,Other,2500.0,3000.0,2750.0,Rs./Quintal,FAQ
Hissar APMC,14.1,Metric Tonnes,Local,1500.0,3000.0,2500.0,Rs./Quintal,Local
Indri APMC,0.5,Metric Tonnes,Tomato,2400.0,2400.0,2400.0,Rs./Quintal,FAQ
Jagadhri APMC,1.9760000000000002,Metric Tonnes,Tomato,1400.0,1800.0,1600.0,Rs./Quintal,FAQ
Jhajjar APMC,9.0,Metric Tonnes,Other,2000.0,2000.0,2000.0,Rs./Quintal,Medium
Kharkhoda APMC,1.6,Metric Tonnes,Other,2500.0,3200.0,2900.0,Rs./Quintal,FAQ
Ladwa APMC,1.4000000000000001,Metric Tonnes,Other,4000.0,5000.0,4500.0,Rs./Quintal,Non-FAQ
Madlauda APMC,0.6000000000000001,Metric Tonnes,Tomato,1800.0,2000.0,1900.0,Rs./Quintal,FAQ
Meham,0.4,Metric Tonnes,Tomato,2500.0,3000.0,2800.0,Rs./Quintal,Medium
Mustafabad APMC,0.06,Metric Tonnes,Other,3200.0,3400.0,3200.0,Rs./Quintal,FAQ
Naraingarh APMC,3.0500000000000003,Metric Tonnes,Tomato,1200.0,3000.0,1700.0,Rs./Quintal,Medium
Narnaul APMC,5.5,Metric Tonnes,Tomato,2000.0,3000.0,2500.0,Rs./Quintal,Medium
Narwana APMC,3.0,Metric Tonnes,Tomato,1800.0,2500.0,2000.0,Rs./Quintal,Non-FAQ
"New Grain Market , Faridabad APMC",52.0,Metric Tonnes,Tomato,2000.0,3000.0,2500.0,Rs./Quintal,Non-FAQ
Nuh APMC,2.3,Metric Tonnes,Other,1400.0,2500.0,1800.0,Rs./Quintal,Local
Panipat APMC,44.800000000000004,Metric Tonnes,Other,700.0,2100.0,1400.0,Rs./Quintal,Local
Pataudi APMC,7.2,Metric Tonnes,Tomato,2200.0,2600.0,2500.0,Rs./Quintal,Grade B
Pundri APMC,0.2,Metric Tonnes,Other,1700.0,1800.0,1750.0,Rs./Quintal,FAQ
Raipur Rani APMC,0.16000000000000003,Metric Tonnes,Tomato,2200.0,2400.0,2200.0,Rs./Quintal,Local
Rania APMC,0.1,Metric Tonnes,Tomato,1.45,1.59,1.52,Rs./Quintal,Non-FAQ
Rania(Jiwan nagar) APMC,0.1,Metric Tonnes,Deshi,30.0,55.0,35.0,Rs./Quintal,Non-FAQ
Ratia APMC,11.0,Metric Tonnes,Other,2500.0,3000.0,2800.0,Rs./Quintal,Grade A
Rewari APMC,11.0,Metric Tonnes,Other,600.0,2500.0,1200.0,Rs./Quintal,Medium
Rohtak APMC,34.2,Metric Tonnes,Other,1500.0,3000.0,2000.0,Rs./Quintal,Medium
Sadhaura APMC,2.0,Metric Tonnes,Tomato,1800.0,2000.0,1900.0,Rs./Quintal,Local
Shahabad APMC,3.4,Metric Tonnes,Tomato,2000.0,3000.0,2500.0,Rs./Quintal,Medium
Shahzadpur APMC,0.862,Metric Tonnes,Tomato,1500.0,2500.0,1500.0,Rs./Quintal,FAQ
Sirsa APMC,8.5,Metric Tonnes,Other,2000.0,3000.0,2500.0,Rs./Quintal,FAQ
Sonepat APMC,17.5,Metric Tonnes,Local,1900.0,3200.0,2500.0,Rs./Quintal,FAQ
Tarori APMC,0.6000000000000001,Metric Tonnes,Other,2000.0,3000.0,2500.0,Rs./Quintal,Medium
Thanesar APMC,13.600000000000001,Metric Tonnes,Tomato,1500.0,3500.0,2500.0,Rs./Quintal,Local
Uklana APMC,0.2,Metric Tonnes,Tomato,2500.0,2800.0,2800.0,Rs./Quintal,Medium
Total,386.26,Metric Tonnes,,,,2057.37,Rs./Quintal,
State/UT Name : Himachal Pradesh
PMY Bilaspur,0.7000000000000001,Metric Tonnes,Local,3000.0,3700.0,3500.0,Rs./Quintal,Grade B
PMY Chamba,5.03,Metric Tonnes,Tomato,4000.0,4200.0,4100.0,Rs./Quintal,Medium
PMY Dhalli Shimla,4.5,Metric Tonnes,Tomato,2000.0,3500.0,2500.0,Rs./Quintal,Grade A
PMY Hamirpur,1.3,Metric Tonnes,Tomato,3500.0,4000.0,3750.0,Rs./Quintal,Grade B
PMY Kangni Mandi,0.38,Metric Tonnes,Tomato,1600.0,3000.0,2500.0,Rs./Quintal,FAQ
PMY Kangra,2.0,Metric Tonnes,Tomato,2500.0,3000.0,2750.0,Rs./Quintal,FAQ
PMY Kather Solan,44.376,Metric Tonnes,Other,600.0,2700.0,2300.0,Rs./Quintal,Medium
PMY Kullu,2.0,Metric Tonnes,Other,2000.0,2500.0,2200.0,Rs./Quintal,FAQ
PMY Paonta Sahib,1.2000000000000002,Metric Tonnes,Other,2500.0,3500.0,3000.0,Rs./Quintal,FAQ
PMY Una,4.0200000000000005,Metric Tonnes,Tomato,2400.0,3200.0,2800.0,Rs./Quintal,Local
SMY Baijnath,0.15,Metric Tonnes,Hybrid,2400.0,2500.0,2500.0,Rs./Quintal,Grade A
SMY Bandrol,4.5,Metric Tonnes,Other,1000.0,2500.0,1600.0,Rs./Quintal,FAQ
SMY Bhuntar,8.2,Metric Tonnes,Other,700.0,2000.0,1500.0,Rs./Quintal,FAQ
SMY Chauri Bihal,0.45,Metric Tonnes,Other,1000.0,3800.0,2500.0,Rs./Quintal,Grade Range-1
SMY Dhanotu,1.0,Metric Tonnes,Tomato,3000.0,3500.0,3250.0,Rs./Quintal,FAQ
SMY Dharampur,1.8,Metric Tonnes,Local,1000.0,2000.0,1500.0,Rs./Quintal,Local
SMY Dharamshala,0.6000000000000001,Metric Tonnes,Tomato,3000.0,3400.0,3200.0,Rs./Quintal,FAQ
SMY Jaisinghpur,0.2,Metric Tonnes,Tomato,2500.0,3400.0,2900.0,Rs./Quintal,FAQ
SMY Jogindernagar,0.6000000000000001,Metric Tonnes,Other,2200.0,3000.0,2600.0,Rs./Quintal,Grade B
SMY Jwalaji,0.020000000000000004,Metric Tonnes,Other,2500.0,3000.0,2750.0,Rs./Quintal,FAQ
SMY Nagrota Bagwan,1.0,Metric Tonnes,Tomato,2400.0,2800.0,2600.0,Rs./Quintal,FAQ
SMY Nalagarh,0.55,Metric Tonnes,Other,1500.0,2500.0,2000.0,Rs./Quintal,Medium
SMY Palampur,2.2,Metric Tonnes,Tomato,2400.0,3200.0,2800.0,Rs./Quintal,FAQ
SMY Rampur,0.118,Metric Tonnes,Tomato,4500.0,5000.0,4800.0,Rs./Quintal,Local
SMY Rohroo,0.4,Metric Tonnes,Deshi,3000.0,3500.0,3250.0,Rs./Quintal,Grade B
SMY Shatt,0.6,Metric Tonnes,Tomato,1800.0,2000.0,1900.0,Rs./Quintal,FAQ
SMY Wakhnaghat,3.5,Metric Tonnes,Deshi,400.0,1600.0,1600.0,Rs./Quintal,Medium
Total,91.39,Metric Tonnes,,,,2368.87,Rs./Quintal,
State/UT Name : Jammu and Kashmir
Kathua (F&V),1.5,Metric Tonnes,Hybrid,1500.0,2000.0,1750.0,Rs./Quintal,FAQ
MAC F&V Market Narwal Jammu,120.0,Metric Tonnes,Tomato,2400.0,2600.0,2500.0,Rs./Quintal,FAQ
Total,121.5,Metric Tonnes,,,,2490.74,Rs./Quintal,
State/UT Name : Karnataka
Bagepalli APMC,128.0,Metric Tonnes,Tomato,350.0,2000.0,1500.0,Rs./Quintal,Small
Bangarpet APMC,3.2,Metric Tonnes,Tomato,300.0,1200.0,800.0,Rs./Quintal,Local
Belgaum APMC,2.0,Metric Tonnes,Tomato,2000.0,3000.0,2200.0,Rs./Quintal,Large
Binny Mill (FF&V) Bengaluru APMC,38.400000000000006,Metric Tonnes,Tomato,1500.0,1700.0,1600.0,Rs./Quintal,Local
Chamarajanagar APMC,2.5,Metric Tonnes,Tomato,1600.0,2800.0,2200.0,Rs./Quintal,Local
Channapatna APMC,3.7,Metric Tonnes,Tomato,850.0,1750.0,1250.0,Rs./Quintal,Local
Chickkaballapura APMC,33.7,Metric Tonnes,Tomato,360.0,1500.0,930.0,Rs./Quintal,Local
Chikkamagaluru APMC,58.0,Metric Tonnes,Tomato,400.0,2000.0,1200.0,Rs./Quintal,Local
Chintamani APMC,352.5,Metric Tonnes,Tomato,300.0,1660.0,800.0,Rs./Quintal,Local
Davangere APMC,3.0,Metric Tonnes,Tomato,200.0,700.0,500.0,Rs./Quintal,Local
Doddaballapur APMC,3.5,Metric Tonnes,Tomato,1000.0,1400.0,1200.0,Rs./Quintal,Medium
Gauribidanur APMC,1.5,Metric Tonnes,Tomato,600.0,1500.0,1300.0,Rs./Quintal,Local
Gundlupet APMC,10.8,Metric Tonnes,Tomato,1600.0,1800.0,1700.0,Rs./Quintal,Local
Hospet APMC,2.0,Metric Tonnes,Tomato,800.0,800.0,800.0,Rs./Quintal,Local
Hunsur APMC,1.5,Metric Tonnes,Tomato,2480.0,2480.0,2480.0,Rs./Quintal,Local
K.R. Pet APMC,0.7000000000000001,Metric Tonnes,Tomato,1500.0,1500.0,1500.0,Rs./Quintal,Local
Kadur APMC,11.700000000000001,Metric Tonnes,Tomato,909.0,1089.0,1041.0,Rs./Quintal,Medium
Kalaburagi APMC,8.5,Metric Tonnes,Tomato,750.0,1000.0,875.0,Rs./Quintal,Local
Kolar APMC,1820.0,Metric Tonnes,Tomato,300.0,1860.0,860.0,Rs./Quintal,Local
Malur APMC,5.0,Metric Tonnes,Tomato,1000.0,2200.0,2000.0,Rs./Quintal,Local
Mulbagal APMC,234.70000000000002,Metric Tonnes,Tomato,333.0,1866.0,900.0,Rs./Quintal,Local
Mysuru APMC,8.5,Metric Tonnes,Tomato,1600.0,1700.0,1700.0,Rs./Quintal,Medium
Nanjangud APMC,3.0,Metric Tonnes,Tomato,3700.0,4666.0,4166.0,Rs./Quintal,Local
Ramanagara APMC,7.2,Metric Tonnes,Tomato,1200.0,2000.0,1600.0,Rs./Quintal,Local
Ranebennur APMC,0.5,Metric Tonnes,Tomato,250.0,1000.0,900.0,Rs./Quintal,Medium
Shimoga APMC,33.7,Metric Tonnes,Tomato,600.0,1400.0,1000.0,Rs./Quintal,Local
T. Narasipura APMC,0.8,Metric Tonnes,Tomato,1500.0,2000.0,2000.0,Rs./Quintal,Small
Total,2778.6,Metric Tonnes,,,,923.53,Rs./Quintal,
State/UT Name : Keralam
Adimali Market,0.05,Metric Tonnes,Other,5000.0,6000.0,5500.0,Rs./Quintal,Medium
Aluva Market,15.0,Metric Tonnes,Tomato,2800.0,4000.0,3400.0,Rs./Quintal,FAQ
Anchal Market,0.4,Metric Tonnes,Tomato,4800.0,4800.0,4800.0,Rs./Quintal,Local
Angamaly Market,1.0,Metric Tonnes,Tomato,3700.0,4500.0,4100.0,Rs./Quintal,FAQ
Aralamoodu Market,2.0,Metric Tonnes,Tomato,4000.0,4500.0,4500.0,Rs./Quintal,FAQ
Aroor Market,0.2,Metric Tonnes,Other,3600.0,3800.0,3700.0,Rs./Quintal,FAQ
Athirampuzha Market,0.5,Metric Tonnes,Tomato,3400.0,3600.0,3500.0,Rs./Quintal,FAQ
Chala Market,1.0,Metric Tonnes,Other,3400.0,4000.0,3600.0,Rs./Quintal,FAQ
Chalakudy Market,0.02,Metric Tonnes,Tomato,2600.0,3000.0,3000.0,Rs./Quintal,FAQ
Chathanoor Market,0.4,Metric Tonnes,Other,3500.0,4500.0,4000.0,Rs./Quintal,FAQ
Chavakkad Market,0.25,Metric Tonnes,Tomato,2600.0,3200.0,3200.0,Rs./Quintal,FAQ
Chelakkara Market,0.15,Metric Tonnes,Tomato,3000.0,3500.0,3200.0,Rs./Quintal,FAQ
Chengannur Market,0.5,Metric Tonnes,Other,3500.0,4000.0,3800.0,Rs./Quintal,FAQ
Ernakulam Market,6.0,Metric Tonnes,Tomato,3100.0,3800.0,3400.0,Rs./Quintal,FAQ
Ettumanoor Market,1.0,Metric Tonnes,Tomato,3500.0,3700.0,3600.0,Rs./Quintal,FAQ
Kallachi Market,0.1,Metric Tonnes,Tomato,2300.0,2700.0,2500.0,Rs./Quintal,FAQ
Kanjangadu Market,1.0,Metric Tonnes,Other,2300.0,2800.0,2500.0,Rs./Quintal,FAQ
Kanjirappally Market,0.5,Metric Tonnes,Tomato,4000.0,4500.0,4200.0,Rs./Quintal,FAQ
Kayamkulam Market,2.0,Metric Tonnes,Other,2100.0,2300.0,2200.0,Rs./Quintal,FAQ
Koduvayoor Market,0.8,Metric Tonnes,Tomato,2800.0,3200.0,3000.0,Rs./Quintal,Medium
Kollengode Market,0.8,Metric Tonnes,Tomato,2500.0,2900.0,2700.0,Rs./Quintal,FAQ
Kondotty Market,0.25,Metric Tonnes,Other,2500.0,2800.0,2600.0,Rs./Quintal,FAQ
Kottakkal Market,4.0,Metric Tonnes,Other,2200.0,2400.0,2300.0,Rs./Quintal,Local
Kottarakkara Market,0.01,Metric Tonnes,Other,3000.0,3000.0,3000.0,Rs./Quintal,Local
Kuthuparambu Market,0.1,Metric Tonnes,Tomato,2400.0,2800.0,2600.0,Rs./Quintal,FAQ
Manjeri Market,8.0,Metric Tonnes,Other,2550.0,2650.0,2600.0,Rs./Quintal,Local
Mukkom Market,0.6,Metric Tonnes,Tomato,2100.0,2300.0,2200.0,Rs./Quintal,FAQ
Neyyatinkara Market,0.02,Metric Tonnes,Tomato,3400.0,4000.0,3700.0,Rs./Quintal,FAQ
North Paravur Market,1.0,Metric Tonnes,Deshi,3000.0,4000.0,3500.0,Rs./Quintal,FAQ
Pala Market,1.0,Metric Tonnes,Other,4500.0,5400.0,5000.0,Rs./Quintal,FAQ
Palakkad Market,3.0,Metric Tonnes,Tomato,2500.0,3500.0,3100.0,Rs./Quintal,FAQ
Parappanangadi Market,6.5,Metric Tonnes,Other,2220.0,2420.0,2320.0,Rs./Quintal,Grade A
Parassala Market,0.4,Metric Tonnes,Tomato,2800.0,3200.0,3000.0,Rs./Quintal,Local
Pattambi Market,0.5,Metric Tonnes,Tomato,3000.0,3200.0,3100.0,Rs./Quintal,FAQ
Perambra Market,3.0,Metric Tonnes,Tomato,2700.0,2900.0,2800.0,Rs./Quintal,FAQ
Perumbavoor Market,8.0,Metric Tonnes,Tomato,3500.0,4500.0,3800.0,Rs./Quintal,Medium
Piravam Market,5.0,Metric Tonnes,Tomato,4000.0,6000.0,5000.0,Rs./Quintal,Local
Pothencode Market,500.0,Metric Tonnes,Tomato,4500.0,4600.0,4500.0,Rs./Quintal,Local
Quilandy Market,0.5,Metric Tonnes,Other,2500.0,2600.0,2500.0,Rs./Quintal,FAQ
Sasthamkotta Market,0.4,Metric Tonnes,Tomato,3000.0,3000.0,3000.0,Rs./Quintal,Local
Taliparamba Market,0.04,Metric Tonnes,Tomato,1900.0,2100.0,2000.0,Rs./Quintal,FAQ
Thalasserry Market,0.2,Metric Tonnes,Other,1800.0,2800.0,2300.0,Rs./Quintal,FAQ
Thamarassery Market,0.7,Metric Tonnes,Other,2800.0,3000.0,2800.0,Rs./Quintal,FAQ
Thodupuzha Market,0.5,Metric Tonnes,Other,4200.0,4400.0,4400.0,Rs./Quintal,Large
Thrippunithura Market,1.0,Metric Tonnes,Tomato,4400.0,5000.0,4600.0,Rs./Quintal,Medium
Thrissur Market,10.0,Metric Tonnes,Tomato,3000.0,3500.0,3500.0,Rs./Quintal,FAQ
Vadakkenchery Market,0.24,Metric Tonnes,Tomato,3500.0,4000.0,4000.0,Rs./Quintal,FAQ
Vamanapuram Market,0.12,Metric Tonnes,Other,3500.0,4000.0,4000.0,Rs./Quintal,FAQ
vadakarapathy Market,2.8,Metric Tonnes,Tomato,1428.0,1785.0,1600.0,Rs./Quintal,FAQ
Total,591.55,Metric Tonnes,,,,4309.81,Rs./Quintal,
State/UT Name : Madhya Pradesh
Aron (F&V) APMC,0.05,Metric Tonnes,Deshi,1000.0,1500.0,1200.0,Rs./Quintal,Medium
Badwani(F&V) APMC,0.715,Metric Tonnes,Tomato,1200.0,1200.0,1200.0,Rs./Quintal,Local
Bareli(F&V) APMC,1.24,Metric Tonnes,Deshi,2400.0,2400.0,2400.0,Rs./Quintal,Grade A
Betul(F&V) APMC,4.3,Metric Tonnes,Local,500.0,1200.0,900.0,Rs./Quintal,FAQ
Burhanpur(F&V) APMC,4.5,Metric Tonnes,Other,800.0,1600.0,1400.0,Rs./Quintal,Local
Chhatarpur (F&V) APMC,3.0,Metric Tonnes,Other,1700.0,1700.0,1700.0,Rs./Quintal,Grade C
Dabra(F&V) APMC,28.0,Metric Tonnes,Tomato,1500.0,2500.0,2000.0,Rs./Quintal,Grade C
Damoh(F&V) APMC,0.6,Metric Tonnes,Local,2000.0,2000.0,2000.0,Rs./Quintal,Local
Deori (F&V) APMC,1.1,Metric Tonnes,Tomato,1600.0,1600.0,1600.0,Rs./Quintal,Grade B
Dewas(F&V) APMC,2.0,Metric Tonnes,Other,600.0,2400.0,800.0,Rs./Quintal,FAQ
Gadarwada (F&V) APMC,2.0,Metric Tonnes,Tomato,1700.0,1700.0,1700.0,Rs./Quintal,Grade B
Guna(F&V) APMC,1.5,Metric Tonnes,Other,1900.0,2100.0,2000.0,Rs./Quintal,Grade B
Haatpipliya (F&V) APMC,0.333,Metric Tonnes,Tomato,1000.0,2000.0,1500.0,Rs./Quintal,Local
Harda(F&V) APMC,1.8,Metric Tonnes,Deshi,1000.0,1800.0,1500.0,Rs./Quintal,Medium
Indore(F&V) APMC,76.5,Metric Tonnes,Tomato,800.0,2000.0,1400.0,Rs./Quintal,Local
Itarsi(F&V) APMC,3.75,Metric Tonnes,Tomato,2000.0,2000.0,2000.0,Rs./Quintal,FAQ
Jabalpur(F&V) APMC,60.0,Metric Tonnes,Tomato,1000.0,1700.0,1200.0,Rs./Quintal,Medium
Kailaras APMC,0.752,Metric Tonnes,Other,1000.0,2000.0,2000.0,Rs./Quintal,FAQ
Karera(F&V) APMC,0.05,Metric Tonnes,Tomato,2000.0,2500.0,2300.0,Rs./Quintal,Local
Khandwa(F&V) APMC,3.2,Metric Tonnes,Tomato,800.0,1800.0,1312.0,Rs./Quintal,FAQ
Khargone(F&V) APMC,0.15,Metric Tonnes,Tomato,800.0,1500.0,1000.0,Rs./Quintal,Medium
Kukshi(F&V) APMC,1.7000000000000002,Metric Tonnes,Tomato,700.0,1600.0,1100.0,Rs./Quintal,Grade A
Manawar(F&V) APMC,0.30000000000000004,Metric Tonnes,Tomato,1100.0,1500.0,1200.0,Rs./Quintal,Grade B
Mandsaur(F&V) APMC,1.8,Metric Tonnes,Other,1000.0,2150.0,1500.0,Rs./Quintal,Grade B
Morena APMC,2.4000000000000004,Metric Tonnes,Deshi,2500.0,2500.0,2500.0,Rs./Quintal,Non-FAQ
Morena(F&V) APMC,2.4,Metric Tonnes,Tomato,2500.0,2500.0,2500.0,Rs./Quintal,Non-FAQ
Narmadapuram (F&V) APMC,7.3,Metric Tonnes,Tomato,730.0,1960.0,1506.0,Rs./Quintal,FAQ
Paatan (F&V) APMC,0.5,Metric Tonnes,Deshi,1100.0,1100.0,1100.0,Rs./Quintal,Medium
Petlawad(F&V) APMC,0.5,Metric Tonnes,Hybrid,1000.0,1000.0,1000.0,Rs./Quintal,Grade A
Pipariya(F&V) APMC,3.5,Metric Tonnes,Tomato,1200.0,2500.0,2000.0,Rs./Quintal,Local
Rehli(F&V) APMC,0.2,Metric Tonnes,Tomato,1600.0,1800.0,1700.0,Rs./Quintal,Grade C
Rewa(F&V) APMC,185.6,Metric Tonnes,Hybrid,800.0,900.0,850.0,Rs./Quintal,Non-FAQ
Sabalgarh(F&V) APMC,0.5,Metric Tonnes,Deshi,1200.0,1200.0,1200.0,Rs./Quintal,FAQ
Sagar(F&V) APMC,1.2000000000000002,Metric Tonnes,Local,1500.0,1800.0,1600.0,Rs./Quintal,Local
Sanawad(F&V) APMC,2.2,Metric Tonnes,Deshi,800.0,1000.0,900.0,Rs./Quintal,Medium
Sanwer(F&V) APMC,0.1,Metric Tonnes,Tomato,1500.0,2500.0,2000.0,Rs./Quintal,FAQ
Sarangpur(F&V) APMC,2.5,Metric Tonnes,Tomato,800.0,800.0,800.0,Rs./Quintal,Grade B
Sehore(F&V) APMC,2.0,Metric Tonnes,Tomato,1200.0,1500.0,1400.0,Rs./Quintal,Grade Range-1
Sendhwa(F&V) APMC,0.2,Metric Tonnes,Hybrid,1400.0,1800.0,1600.0,Rs./Quintal,Medium
Thandla APMC,1.51,Metric Tonnes,Hybrid,1500.0,1900.0,1700.0,Rs./Quintal,FAQ
Ujjain(F&V) APMC,0.9800000000000001,Metric Tonnes,Deshi,630.0,2140.0,1384.0,Rs./Quintal,Medium
Total,412.93,Metric Tonnes,,,,1185.93,Rs./Quintal,
State/UT Name : Maharashtra
APMC Akluj ,2.5,Metric Tonnes,Local,1000.0,1800.0,1500.0,Rs./Quintal,Local
APMC Bhusaval ,4.0,Metric Tonnes,Other,1200.0,1600.0,1500.0,Rs./Quintal,Local
APMC Chandwad ,1.7,Metric Tonnes,Local,500.0,1375.0,1200.0,Rs./Quintal,Local
APMC Dharashiv ,3.4,Metric Tonnes,Other,500.0,1250.0,875.0,Rs./Quintal,Local
APMC Ghoti ,3.6,Metric Tonnes,Other,1800.0,2000.0,1900.0,Rs./Quintal,Local
APMC Jalgaon ,10.5,Metric Tonnes,Other,500.0,1500.0,1000.0,Rs./Quintal,Local
APMC Kalmeshwar ,0.7,Metric Tonnes,Other,1840.0,2200.0,2040.0,Rs./Quintal,Local
APMC Kamthi ,2.2,Metric Tonnes,Local,2000.0,2500.0,2450.0,Rs./Quintal,Local
APMC Khed ,8.7,Metric Tonnes,Local,500.0,2000.0,1000.0,Rs./Quintal,Local
APMC Mangal Wedha ,2.9,Metric Tonnes,Local,500.0,1500.0,1200.0,Rs./Quintal,Local
APMC Mumbai ,237.9,Metric Tonnes,Other,1600.0,2200.0,1900.0,Rs./Quintal,Local
APMC Nasik ,148.6,Metric Tonnes,Other,250.0,1750.0,1050.0,Rs./Quintal,Local
APMC Navapur ,58.0,Metric Tonnes,Other,750.0,2000.0,1180.0,Rs./Quintal,Local
APMC Pandharpur ,3.4,Metric Tonnes,Other,500.0,1300.0,1000.0,Rs./Quintal,Local
APMC Panvel ,75.0,Metric Tonnes,Other,2000.0,2500.0,2250.0,Rs./Quintal,Local
APMC Phaltan ,7.0,Metric Tonnes,Other,500.0,1500.0,800.0,Rs./Quintal,Local
APMC Pimpalgaon Baswant ,4257.3,Metric Tonnes,Other,250.0,1905.0,1355.0,Rs./Quintal,Local
APMC Pune ,247.5,Metric Tonnes,Local,600.0,1600.0,1100.0,Rs./Quintal,Local
APMC Rahata ,0.6,Metric Tonnes,Other,750.0,1750.0,1250.0,Rs./Quintal,Local
APMC Rahuri ,1.1,Metric Tonnes,Other,500.0,1500.0,1000.0,Rs./Quintal,Local
APMC Ratnagiri (Nachane) ,1.8,Metric Tonnes,Other,1000.0,1800.0,1500.0,Rs./Quintal,Local
APMC Sangamner ,210.0,Metric Tonnes,Other,500.0,1875.0,1188.0,Rs./Quintal,Local
APMC Shrirampur ,2.6,Metric Tonnes,Other,1000.0,1500.0,1250.0,Rs./Quintal,Local
APMC Solapur ,38.2,Metric Tonnes,Other,200.0,1500.0,1000.0,Rs./Quintal,Local
APMC Vadgaonpeth ,6.5,Metric Tonnes,Local,1000.0,2500.0,1400.0,Rs./Quintal,Local
APMC Vai ,8.0,Metric Tonnes,Local,1000.0,1800.0,1500.0,Rs./Quintal,Local
APMC Vita ,3.0,Metric Tonnes,Other,1500.0,2000.0,1600.0,Rs./Quintal,Local
Amrawati(Frui & Veg. Market) ,18.9,Metric Tonnes,Local,1000.0,2000.0,1500.0,Rs./Quintal,Local
Junnar(Narayangaon) ,617.0,Metric Tonnes,Local,500.0,1250.0,1000.0,Rs./Quintal,Local
Pune(Khadiki) ,1.3,Metric Tonnes,Local,700.0,1400.0,1050.0,Rs./Quintal,Local
Pune(Manjri) ,54.2,Metric Tonnes,Other,1000.0,2000.0,1500.0,Rs./Quintal,Local
Pune(Moshi) ,44.6,Metric Tonnes,Local,800.0,1000.0,900.0,Rs./Quintal,Local
Pune(Pimpri) ,0.5,Metric Tonnes,Local,1500.0,2000.0,1750.0,Rs./Quintal,Local
Total,6083.2,Metric Tonnes,,,,1321.12,Rs./Quintal,
State/UT Name : Meghalaya
Rongram APMC,0.38,Metric Tonnes,Local,6000.0,6500.0,6300.0,Rs./Quintal,Medium
Shillong APMC,7.5,Metric Tonnes,017,2200.0,3000.0,2600.0,Rs./Quintal,FAQ
Total,7.88,Metric Tonnes,,,,2778.43,Rs./Quintal,
State/UT Name : NCT of Delhi
"Fruit&Vegetable Market,Gazipur APMC",244.42,Metric Tonnes,Tomato,1800.0,2200.0,2000.0,Rs./Quintal,FAQ
Total,244.42,Metric Tonnes,,,,2000.0,Rs./Quintal,
State/UT Name : Nagaland
Baghty APMC,0.6200000000000001,Metric Tonnes,Tomato,4500.0,5130.0,4820.0,Rs./Quintal,FAQ
Jalukie APMC,0.3,Metric Tonnes,Tomato,5000.0,5000.0,5000.0,Rs./Quintal,FAQ
Kohima APMC,0.08,Metric Tonnes,Tomato,7000.0,7000.0,7000.0,Rs./Quintal,Grade A
Longleng APMC,0.16000000000000003,Metric Tonnes,Tomato,3700.0,4100.0,3900.0,Rs./Quintal,FAQ
Total,1.16,Metric Tonnes,,,,4890.0,Rs./Quintal,
State/UT Name : Odisha
Anandapur APMC,0.15,Metric Tonnes,Other,3100.0,3100.0,3100.0,Rs./Quintal,Local
Angaura APMC,2.2,Metric Tonnes,Other,3000.0,3700.0,3500.0,Rs./Quintal,Grade C
Angul(Atthamallick) APMC,1.5,Metric Tonnes,Tomato,4500.0,5500.0,5000.0,Rs./Quintal,Grade B
Attabira APMC,0.8800000000000001,Metric Tonnes,Other,1650.0,1950.0,1800.0,Rs./Quintal,Local
Bahadajholla APMC,1.0,Metric Tonnes,Tomato,2200.0,2275.0,2275.0,Rs./Quintal,Grade B
Balugaon APMC,1.2,Metric Tonnes,Hybrid,3000.0,3000.0,3000.0,Rs./Quintal,Grade A
Bargarh APMC,189.0,Metric Tonnes,Tomato,3000.0,4000.0,3500.0,Rs./Quintal,Medium
Bargarh(Barapalli) APMC,156.0,Metric Tonnes,Tomato,2500.0,3500.0,3000.0,Rs./Quintal,Medium
Baripada APMC,2.0,Metric Tonnes,Tomato,3500.0,4000.0,3800.0,Rs./Quintal,Medium
Betnoti APMC,2.4,Metric Tonnes,Tomato,3300.0,3700.0,3500.0,Rs./Quintal,FAQ
Bhawanipatna APMC,1.625,Metric Tonnes,Tomato,3300.0,3300.0,3300.0,Rs./Quintal,Local
Birmaharajpur APMC,2.5,Metric Tonnes,Local,2500.0,2650.0,2600.0,Rs./Quintal,Local
Bolangir APMC,3.5,Metric Tonnes,Other,2500.0,3000.0,2700.0,Rs./Quintal,Medium
Bonai APMC,1.0,Metric Tonnes,Other,1520.0,1780.0,1635.0,Rs./Quintal,FAQ
Boudh APMC,1.0,Metric Tonnes,Other,3000.0,4000.0,3500.0,Rs./Quintal,Local
Champua APMC,2.0,Metric Tonnes,Other,3500.0,3500.0,3500.0,Rs./Quintal,Local
Champua(Jhumpura) APMC,0.9,Metric Tonnes,Other,3500.0,3500.0,3500.0,Rs./Quintal,Local
Chandabali APMC,8.0,Metric Tonnes,Other,3500.0,4000.0,3720.0,Rs./Quintal,Grade Range-2
Chatta Krushak Bazar APMC,0.3,Metric Tonnes,Tomato,3500.0,3500.0,3500.0,Rs./Quintal,Grade B
Deogarh APMC,10.0,Metric Tonnes,Other,3400.0,3800.0,3600.0,Rs./Quintal,FAQ
Dhenkanal APMC,0.2,Metric Tonnes,Tomato,3400.0,3800.0,3500.0,Rs./Quintal,Grade B
Dungurapalli APMC,0.30000000000000004,Metric Tonnes,Local,2100.0,2300.0,2200.0,Rs./Quintal,Local
Godbhaga APMC,0.188,Metric Tonnes,Other,1600.0,1950.0,1800.0,Rs./Quintal,Local
Gopa APMC,0.15,Metric Tonnes,Tomato,3000.0,3000.0,3000.0,Rs./Quintal,Grade B
Gosala APMC,0.010000000000000002,Metric Tonnes,Other,2000.0,2100.0,2050.0,Rs./Quintal,Local
Gunpur APMC,4.0,Metric Tonnes,Other,1720.0,2350.0,1780.0,Rs./Quintal,Grade Range-1
Hindol APMC,1.2000000000000002,Metric Tonnes,Tomato,2800.0,3200.0,3000.0,Rs./Quintal,Grade B
Junagarh APMC,2.3000000000000003,Metric Tonnes,Other,2500.0,3100.0,2800.0,Rs./Quintal,Grade B
Kalahandi(Dharamagarh) APMC,2.2,Metric Tonnes,Other,2500.0,3100.0,2800.0,Rs./Quintal,Grade B
Kamakhyanagar APMC,0.5,Metric Tonnes,Tomato,4000.0,4000.0,4000.0,Rs./Quintal,Grade A
Kantabaji APMC,1.4000000000000001,Metric Tonnes,Other,2500.0,3500.0,3000.0,Rs./Quintal,Grade B
Karanjia APMC,0.1,Metric Tonnes,Local,3000.0,3500.0,3200.0,Rs./Quintal,Local
Kendrapara APMC,0.15,Metric Tonnes,Tomato,3500.0,3500.0,3500.0,Rs./Quintal,Grade B
Kendrapara(Marshaghai) APMC,0.175,Metric Tonnes,Tomato,3000.0,3000.0,3000.0,Rs./Quintal,Grade B
Kendupatna(Niali) APMC,1.55,Metric Tonnes,Other,2400.0,2700.0,2500.0,Rs./Quintal,Grade B
Keonjhar APMC,0.5,Metric Tonnes,Other,5000.0,5500.0,5000.0,Rs./Quintal,Non-FAQ
Kesinga APMC,0.45,Metric Tonnes,Local,2500.0,3200.0,3000.0,Rs./Quintal,Grade B
Khariar APMC,1.2,Metric Tonnes,Tomato,3500.0,3500.0,3500.0,Rs./Quintal,Grade A
Koraput APMC,6.0,Metric Tonnes,Deshi,3000.0,4000.0,3500.0,Rs./Quintal,Grade B
Koraput(Semilguda) APMC,6.0,Metric Tonnes,Local,3000.0,3500.0,3200.0,Rs./Quintal,Grade B
Mukhiguda APMC,2.1,Metric Tonnes,Tomato,2400.0,3400.0,2900.0,Rs./Quintal,Grade B
Nilagiri APMC,5.0,Metric Tonnes,Other,3850.0,3900.0,3900.0,Rs./Quintal,Local
Padampur APMC,3.0,Metric Tonnes,Tomato,2300.0,2700.0,2500.0,Rs./Quintal,Local
Pandkital APMC,0.25,Metric Tonnes,Other,2200.0,2650.0,2450.0,Rs./Quintal,Local
Panposh APMC,1.0,Metric Tonnes,Hybrid,3000.0,3500.0,3200.0,Rs./Quintal,FAQ
Pattamundai APMC,0.15,Metric Tonnes,Tomato,4000.0,4000.0,4000.0,Rs./Quintal,Grade B
Rairakhol APMC,0.8,Metric Tonnes,Hybrid,3000.0,3500.0,3200.0,Rs./Quintal,Medium
Rayagada APMC,12.0,Metric Tonnes,Other,2900.0,3000.0,3000.0,Rs./Quintal,Local
Sarankul APMC,1.4,Metric Tonnes,Other,2800.0,3200.0,3000.0,Rs./Quintal,Grade Range-2
Saraskana APMC,0.03,Metric Tonnes,Tomato,3500.0,4000.0,3800.0,Rs./Quintal,Medium
Sargipali APMC,0.5,Metric Tonnes,Other,2200.0,2500.0,2400.0,Rs./Quintal,FAQ
Sohela APMC,2.9000000000000004,Metric Tonnes,Tomato,2300.0,2800.0,2500.0,Rs./Quintal,Local
Tusura APMC,2.5,Metric Tonnes,Other,2500.0,3000.0,2700.0,Rs./Quintal,Medium
Udala APMC,5.0,Metric Tonnes,Other,3000.0,3200.0,3080.0,Rs./Quintal,FAQ
Total,452.36,Metric Tonnes,,,,3245.64,Rs./Quintal,
State/UT Name : Punjab
Adampur APMC,1.5,Metric Tonnes,Tomato,2250.0,3000.0,3000.0,Rs./Quintal,FAQ
Ahmedgarh APMC,0.2,Metric Tonnes,Local,2800.0,3000.0,3000.0,Rs./Quintal,Medium
Baghapurana APMC,0.4,Metric Tonnes,Tomato,3000.0,3500.0,3200.0,Rs./Quintal,Grade B
Balachaur APMC,2.158,Metric Tonnes,Other,2000.0,2000.0,2000.0,Rs./Quintal,Medium
Bassi Pathana APMC,0.5,Metric Tonnes,Tomato,2000.0,2200.0,2100.0,Rs./Quintal,Medium
Bathinda APMC,70.0,Metric Tonnes,Other,2000.0,2500.0,2200.0,Rs./Quintal,Grade B
Bhagta Bhai Ka APMC,0.3,Metric Tonnes,Other,3000.0,3000.0,3000.0,Rs./Quintal,Medium
Chamkaur Sahib APMC,2.0,Metric Tonnes,Local,5000.0,5000.0,5000.0,Rs./Quintal,Medium
Chamkaur Sahib APMC,1.5,Metric Tonnes,Tomato,5000.0,5000.0,5000.0,Rs./Quintal,Medium
Dasuya APMC,0.5,Metric Tonnes,Tomato,4000.0,4000.0,4000.0,Rs./Quintal,FAQ
Dhariwal APMC,0.2,Metric Tonnes,Tomato,2260.0,2260.0,2260.0,Rs./Quintal,Grade A
Dhuri APMC,0.2,Metric Tonnes,Other,2300.0,2500.0,2400.0,Rs./Quintal,Medium
Dinanagar APMC,1.65,Metric Tonnes,Tomato,2400.0,2600.0,2500.0,Rs./Quintal,Medium
Doraha APMC,0.945,Metric Tonnes,Deshi,1800.0,2500.0,2350.0,Rs./Quintal,Medium
Dudhansadhan APMC,0.2,Metric Tonnes,Other,3000.0,3000.0,3000.0,Rs./Quintal,Grade B
F.G.Churian APMC,0.08,Metric Tonnes,Tomato,2500.0,2500.0,2500.0,Rs./Quintal,Grade A
Faridkot APMC,2.508,Metric Tonnes,Other,2800.0,2800.0,2800.0,Rs./Quintal,Grade A
Fazilka APMC,1.42,Metric Tonnes,Tomato,2500.0,2500.0,2500.0,Rs./Quintal,FAQ
Garh Shankar APMC,1.5,Metric Tonnes,Tomato,2400.0,2400.0,2400.0,Rs./Quintal,FAQ
Garh Shankar(Mahalpur) APMC,0.5,Metric Tonnes,Tomato,2700.0,2700.0,2700.0,Rs./Quintal,FAQ
GarhShankar (Kotfatuhi) APMC,0.3,Metric Tonnes,Other,2500.0,2500.0,2500.0,Rs./Quintal,FAQ
Goraya APMC,0.1,Metric Tonnes,Other,2000.0,2000.0,2000.0,Rs./Quintal,Local
Gurdaspur APMC,3.2,Metric Tonnes,Other,2200.0,2200.0,2200.0,Rs./Quintal,Grade A
Jagraon APMC,0.8,Metric Tonnes,Other,1700.0,1700.0,1700.0,Rs./Quintal,FAQ
Jalalabad APMC,1.25,Metric Tonnes,Tomato,3200.0,3500.0,3300.0,Rs./Quintal,Medium
Jalandhar City(Jalandhar) APMC,41.400000000000006,Metric Tonnes,Tomato,700.0,2000.0,1300.0,Rs./Quintal,FAQ
Khanna APMC,11.3,Metric Tonnes,Tomato,2500.0,2500.0,2500.0,Rs./Quintal,Grade A
Kharar APMC,4.3,Metric Tonnes,Tomato,2000.0,4000.0,3000.0,Rs./Quintal,Non-FAQ
Kurali APMC,1.2000000000000002,Metric Tonnes,Other,2990.0,3050.0,3010.0,Rs./Quintal,Medium
Lalru APMC,1.5,Metric Tonnes,Deshi,2500.0,2500.0,2500.0,Rs./Quintal,Local
Lehra Gaga APMC,0.375,Metric Tonnes,Other,2200.0,2200.0,2200.0,Rs./Quintal,Grade A
Malerkotla APMC,6.0,Metric Tonnes,Other,1200.0,2500.0,2000.0,Rs./Quintal,Local
Malout APMC,0.936,Metric Tonnes,Tomato,2500.0,2500.0,2500.0,Rs./Quintal,Grade A
Mansa APMC,0.7,Metric Tonnes,Tomato,4000.0,4000.0,4000.0,Rs./Quintal,FAQ
Maur APMC,0.30000000000000004,Metric Tonnes,Other,2600.0,3000.0,2800.0,Rs./Quintal,Grade B
Moga APMC,2.5,Metric Tonnes,Other,1500.0,2500.0,2000.0,Rs./Quintal,Local
Morinda APMC,33.0,Metric Tonnes,Tomato,4000.0,5000.0,4500.0,Rs./Quintal,Medium
Mukerian APMC,2.95,Metric Tonnes,Tomato,1500.0,2500.0,2000.0,Rs./Quintal,Grade B
Mukerian(Talwara) APMC,0.38,Metric Tonnes,Tomato,3000.0,4000.0,3500.0,Rs./Quintal,FAQ
Muktsar APMC,1.2000000000000002,Metric Tonnes,Tomato,1500.0,2508.0,2000.0,Rs./Quintal,Medium
Nawan Shahar(Subzi Mandi) APMC,3.5600000000000005,Metric Tonnes,Tomato,2000.0,2500.0,2200.0,Rs./Quintal,FAQ
Nihal Singh Wala APMC,0.2,Metric Tonnes,Other,2800.0,2800.0,2800.0,Rs./Quintal,FAQ
Patiala APMC,23.200000000000003,Metric Tonnes,Tomato,2500.0,3500.0,3000.0,Rs./Quintal,Grade A
Patran APMC,20.0,Metric Tonnes,Other,2500.0,2500.0,2500.0,Rs./Quintal,Grade A
Patti APMC,0.12,Metric Tonnes,Other,0.04,0.04,0.04,Rs./Quintal,Local
Phagwara APMC,18.7,Metric Tonnes,Other,1000.0,1876.0,1400.0,Rs./Quintal,FAQ
Quadian APMC,0.4,Metric Tonnes,Other,2800.0,3000.0,2900.0,Rs./Quintal,Grade A
Rajpura APMC,2.2,Metric Tonnes,Local,2200.0,2400.0,2300.0,Rs./Quintal,Grade A
Raman APMC,0.5,Metric Tonnes,Other,2605.0,2695.0,2640.0,Rs./Quintal,Medium
Rampuraphul(Nabha Mandi) APMC,1.0,Metric Tonnes,Other,2000.0,3000.0,2500.0,Rs./Quintal,Grade A
Rayya APMC,0.03,Metric Tonnes,Other,715.0,715.0,715.0,Rs./Quintal,FAQ
Ropar APMC,4.0,Metric Tonnes,Other,2800.0,3400.0,3000.0,Rs./Quintal,Non-FAQ
Samana APMC,70.0,Metric Tonnes,Other,1800.0,2800.0,2000.0,Rs./Quintal,Local
Sirhind APMC,3.4000000000000004,Metric Tonnes,Other,1600.0,2600.0,2000.0,Rs./Quintal,FAQ
Talwandi Sabo APMC,0.5,Metric Tonnes,Other,2000.0,2500.0,2200.0,Rs./Quintal,Grade A
Tanda Urmur APMC,1.4000000000000001,Metric Tonnes,Tomato,2500.0,3000.0,2800.0,Rs./Quintal,Grade A
Tarantaran APMC,0.14,Metric Tonnes,Other,2600.0,2600.0,2600.0,Rs./Quintal,Local
Zira APMC,0.993,Metric Tonnes,Other,2900.0,2900.0,2900.0,Rs./Quintal,Local
Total,352.29,Metric Tonnes,,,,2380.92,Rs./Quintal,
State/UT Name : Rajasthan
Baran APMC,2.4000000000000004,Metric Tonnes,Other,1000.0,1800.0,1400.0,Rs./Quintal,Local
Bassi APMC,0.5,Metric Tonnes,Other,3800.0,4200.0,4000.0,Rs./Quintal,Local
Bayana APMC,2.0,Metric Tonnes,Other,2000.0,2000.0,2000.0,Rs./Quintal,Local
Bhadara APMC,1.4,Metric Tonnes,Deshi,2000.0,3000.0,2757.0,Rs./Quintal,FAQ
Bhilwara APMC,1.6,Metric Tonnes,Other,2000.0,3000.0,2500.0,Rs./Quintal,FAQ
Chomu FV APMC,22.8,Metric Tonnes,Other,2600.0,3400.0,3000.0,Rs./Quintal,Local
Churu APMC,2.0,Metric Tonnes,Hybrid,2000.0,2200.0,2100.0,Rs./Quintal,FAQ
Goluwala APMC,0.12,Metric Tonnes,Deshi,2600.0,2600.0,2600.0,Rs./Quintal,Non-FAQ
Jhunjhunu APMC,1.5,Metric Tonnes,Deshi,1500.0,2000.0,1500.0,Rs./Quintal,FAQ
Kota (F&V) APMC,101.5,Metric Tonnes,Other,2000.0,2000.0,2000.0,Rs./Quintal,Medium
Rajsamand APMC,1.7000000000000002,Metric Tonnes,Tomato,2000.0,3000.0,2500.0,Rs./Quintal,FAQ
Sujangarh APMC,0.9,Metric Tonnes,Other,1600.0,1800.0,1700.0,Rs./Quintal,Local
Total,138.42,Metric Tonnes,,,,2175.71,Rs./Quintal,
State/UT Name : Tamil Nadu
AJattihalli(Uzhavar Sandhai ),3.58,Metric Tonnes,Deshi,2000.0,2600.0,2300.0,Rs./Quintal,Local
Alangudi(Uzhavar Sandhai ),0.52,Metric Tonnes,Other,2500.0,3000.0,2750.0,Rs./Quintal,Local
Ambasamudram(Uzhavar Sandhai ),0.05,Metric Tonnes,Local,2400.0,2800.0,2600.0,Rs./Quintal,Local
Ambattur(Uzhavar Sandhai ),0.04,Metric Tonnes,Deshi,3000.0,3000.0,3000.0,Rs./Quintal,Local
Ammapet(Uzhavar Sandhai ),1.57,Metric Tonnes,Local,2000.0,2400.0,2200.0,Rs./Quintal,Local
Anaiyur(Uzhavar Sandhai ),0.75,Metric Tonnes,Other,2600.0,3000.0,2800.0,Rs./Quintal,Local
Andipatti(Uzhavar Sandhai ),0.85,Metric Tonnes,Other,2300.0,2500.0,2400.0,Rs./Quintal,Local
Anna nagar(Uzhavar Sandhai ),1.85,Metric Tonnes,Other,2800.0,2800.0,2800.0,Rs./Quintal,Local
Arani(Uzhavar Sandhai ),1.25,Metric Tonnes,Deshi,2500.0,3000.0,2750.0,Rs./Quintal,Local
Aranthangi(Uzhavar Sandhai ),0.52,Metric Tonnes,Other,3000.0,3500.0,3250.0,Rs./Quintal,Local
Arcot(Uzhavar Sandhai ),0.8,Metric Tonnes,Other,2400.0,2400.0,2400.0,Rs./Quintal,Local
Ariyalur(Uzhavar Sandhai),0.14,Metric Tonnes,Deshi,2500.0,3000.0,2750.0,Rs./Quintal,Local
Aruppukottai(Uzhavar Sandhai ),0.69,Metric Tonnes,Deshi,1800.0,2000.0,1900.0,Rs./Quintal,Local
Athur(Uzhavar Sandhai ),2.92,Metric Tonnes,Local,2000.0,2500.0,2250.0,Rs./Quintal,Local
Attayampatti(Uzhavar Sandhai ),0.46,Metric Tonnes,Deshi,2200.0,2600.0,2400.0,Rs./Quintal,Local
Avallapalli(Uzhavar Sandhai ),1.28,Metric Tonnes,Deshi,2000.0,2500.0,2250.0,Rs./Quintal,Local
Bodinayakanur(Uzhavar Sandhai ),0.38,Metric Tonnes,Deshi,2500.0,2500.0,2500.0,Rs./Quintal,Local
Chengalpet(Uzhavar Sandhai ),0.72,Metric Tonnes,Deshi,3500.0,4000.0,3750.0,Rs./Quintal,Local
Chengam(Uzhavar Sandhai ),0.45,Metric Tonnes,Local,2000.0,2500.0,2250.0,Rs./Quintal,Local
Cheyyar(Uzhavar Sandhai ),0.3,Metric Tonnes,Local,2000.0,2500.0,2250.0,Rs./Quintal,Local
Chidambaram(Uzhavar Sandhai ),0.02,Metric Tonnes,Local,3000.0,3000.0,3000.0,Rs./Quintal,Local
Chinnalapatti(Uzhavar Sandhai ),0.68,Metric Tonnes,Deshi,2000.0,2500.0,2250.0,Rs./Quintal,Local
Chinnamanur(Uzhavar Sandhai ),1.44,Metric Tonnes,Local,2400.0,2400.0,2400.0,Rs./Quintal,Local
Chokkikulam(Uzhavar Sandhai ),1.75,Metric Tonnes,Deshi,2600.0,3000.0,2800.0,Rs./Quintal,Local
Coonoor(Uzhavar Sandhai ),1.5,Metric Tonnes,Local,3200.0,3600.0,3400.0,Rs./Quintal,Local
Cuddalore(Uzhavar Sandhai ),0.45,Metric Tonnes,Deshi,2800.0,2800.0,2800.0,Rs./Quintal,Local
Denkanikottai(Uzhavar Sandhai ),2.31,Metric Tonnes,Deshi,2000.0,2500.0,2250.0,Rs./Quintal,Local
Devakottai (Uzhavar Sandhai ),0.23,Metric Tonnes,Deshi,3000.0,3200.0,3100.0,Rs./Quintal,Local
Devaram(Uzhavar Sandhai ),0.33,Metric Tonnes,Deshi,2400.0,2400.0,2400.0,Rs./Quintal,Local
Dharapuram(Uzhavar Sandhai ),4.4,Metric Tonnes,Local,1800.0,2200.0,2000.0,Rs./Quintal,Local
Dharmapuri(Uzhavar Sandhai ),10.12,Metric Tonnes,Deshi,2400.0,2600.0,2500.0,Rs./Quintal,Local
Dindigul(Uzhavar Sandhai ),2.4,Metric Tonnes,Other,2500.0,3000.0,2750.0,Rs./Quintal,Local
Edapadi (Uzhavar Sandhai ),1.65,Metric Tonnes,Other,2600.0,2800.0,2700.0,Rs./Quintal,Local
Elampillai(Uzhavar Sandhai ),1.65,Metric Tonnes,Other,2000.0,2600.0,2300.0,Rs./Quintal,Local
Gandarvakottai(Uzhavar Sandhai ),0.49,Metric Tonnes,Other,3000.0,3500.0,3250.0,Rs./Quintal,Local
Gandhigramam(Uzhavar Sandhai),0.34,Metric Tonnes,Other,2800.0,3000.0,2900.0,Rs./Quintal,Local
Gingee(Uzhavar Sandhai ),0.24,Metric Tonnes,Deshi,2000.0,2000.0,2000.0,Rs./Quintal,Local
Gobichettipalayam(Uzhavar Sandhai ),0.82,Metric Tonnes,Deshi,2500.0,2800.0,2650.0,Rs./Quintal,Local
Gudalur(Uzhavar Sandhai ),0.05,Metric Tonnes,Deshi,2500.0,3000.0,2750.0,Rs./Quintal,Local
Gudiyatham(Uzhavar Sandhai ),1.2,Metric Tonnes,Deshi,2000.0,2400.0,2200.0,Rs./Quintal,Local
Guduvancheri(Uzhavar Sandhai ),0.33,Metric Tonnes,Other,2500.0,3000.0,2750.0,Rs./Quintal,Local
Harur(Uzhavar Sandhai ),1.5,Metric Tonnes,Deshi,2000.0,2500.0,2250.0,Rs./Quintal,Local
Hasthampatti(Uzhavar Sandhai ),1.75,Metric Tonnes,Local,2000.0,2600.0,2300.0,Rs./Quintal,Local
Hosur(Uzhavar Sandhai ),10.0,Metric Tonnes,Deshi,2000.0,2500.0,2250.0,Rs./Quintal,Local
Jalagandapuram(Uzhavar Sandhai ),3.1,Metric Tonnes,Other,2000.0,2600.0,2300.0,Rs./Quintal,Local
Jameenrayapettai(Uzhavar Sandhai ),0.63,Metric Tonnes,Other,2500.0,3000.0,2750.0,Rs./Quintal,Local
Jeyankondam (Uzhavar Sandhai ),0.01,Metric Tonnes,Deshi,2800.0,3200.0,3000.0,Rs./Quintal,Local
KKNagar(Uzhavar Sandhai ),3.2,Metric Tonnes,Deshi,2800.0,2800.0,2800.0,Rs./Quintal,Local
Kahithapattarai(Uzhavar Sandhai ),1.1,Metric Tonnes,Deshi,2400.0,2400.0,2400.0,Rs./Quintal,Local
Kallakurichi(Uzhavar Sandhai ),1.14,Metric Tonnes,Deshi,3000.0,3000.0,3000.0,Rs./Quintal,Local
Kambam(Uzhavar Sandhai ),5.7,Metric Tonnes,Deshi,2400.0,2500.0,2450.0,Rs./Quintal,Local
Kancheepuram(Uzhavar Sandhai ),0.65,Metric Tonnes,Local,2200.0,3000.0,2600.0,Rs./Quintal,Local
Kandiyaperi(Uzhavar Sandhai ),0.03,Metric Tonnes,Other,2600.0,2800.0,2700.0,Rs./Quintal,Local
Kangayam(Uzhavar Sandhai ),1.44,Metric Tonnes,Local,1500.0,2000.0,1750.0,Rs./Quintal,Local
Karaikudi(Uzhavar Sandhai ),0.46,Metric Tonnes,Local,3000.0,3500.0,3250.0,Rs./Quintal,Local
Karambakkudi(Uzhavar Sandhai ),0.57,Metric Tonnes,Other,3000.0,3500.0,3250.0,Rs./Quintal,Local
Karimangalam(Uzhavar Sandhai),0.55,Metric Tonnes,Local,2300.0,2500.0,2400.0,Rs./Quintal,Local
Kariyapatti(Uzhavar Sandhai ),0.23,Metric Tonnes,Deshi,1800.0,2000.0,1900.0,Rs./Quintal,Local
Karur(Uzhavar Sandhai ),1.05,Metric Tonnes,Deshi,2500.0,3000.0,2750.0,Rs./Quintal,Local
Katpadi (Uzhavar Sandhai ),1.0,Metric Tonnes,Deshi,3000.0,3000.0,3000.0,Rs./Quintal,Local
Kaveripattinam(Uzhavar Sandhai ),0.26,Metric Tonnes,Local,3000.0,3000.0,3000.0,Rs./Quintal,Local
Keelpennathur(Uzhavar Sandhai ),0.02,Metric Tonnes,Deshi,3000.0,3500.0,3250.0,Rs./Quintal,Local
Kovilpatti(Uzhavar Sandhai ),0.36,Metric Tonnes,Local,2500.0,3000.0,2750.0,Rs./Quintal,Local
Krishnagiri(Uzhavar Sandhai ),3.76,Metric Tonnes,Deshi,1600.0,2000.0,1800.0,Rs./Quintal,Local
Kulithalai(Uzhavar Sandhai ),1.55,Metric Tonnes,Deshi,2800.0,3000.0,2900.0,Rs./Quintal,Local
Kumarapalayam(Uzhavar Sandhai ),0.19,Metric Tonnes,Other,2400.0,3200.0,2800.0,Rs./Quintal,Local
Kumbakonam (Uzhavar Sandhai ),1.24,Metric Tonnes,Deshi,2800.0,3200.0,3000.0,Rs./Quintal,Local
Kundrathur(Uzhavar Sandhai ),0.45,Metric Tonnes,Other,2500.0,2500.0,2500.0,Rs./Quintal,Local
Kurichi(Uzhavar Sandhai ),0.16,Metric Tonnes,Local,2400.0,2800.0,2600.0,Rs./Quintal,Local
Lalgudi(Uzhavar Sandhai ),0.52,Metric Tonnes,Local,2800.0,2800.0,2800.0,Rs./Quintal,Local
Madhuranthagam(Uzhavar Sandhai ),0.09,Metric Tonnes,Deshi,3000.0,3000.0,3000.0,Rs./Quintal,Local
Manachanallur(Uzhavar Sandhai ),0.15,Metric Tonnes,Deshi,2800.0,2800.0,2800.0,Rs./Quintal,Local
Manapparai(Uzhavar Sandhai ),0.63,Metric Tonnes,Local,2800.0,2800.0,2800.0,Rs./Quintal,Local
Mannargudi I(Uzhavar Sandhai ),1.3,Metric Tonnes,Deshi,2600.0,2600.0,2600.0,Rs./Quintal,Local
Mannargudi II(Uzhavar Sandhai ),0.52,Metric Tonnes,Deshi,2600.0,2600.0,2600.0,Rs./Quintal,Local
Mayiladuthurai(Uzhavar Sandhai ),0.18,Metric Tonnes,Deshi,2500.0,3000.0,2750.0,Rs./Quintal,Local
Mecheri(Uzhavar Sandhai),0.32,Metric Tonnes,Local,2000.0,2600.0,2300.0,Rs./Quintal,Local
Medavakkam(Uzhavar Sandhai ),0.35,Metric Tonnes,Other,2000.0,2500.0,2250.0,Rs./Quintal,Local
Melapalayam(Uzhavar Sandhai ),0.85,Metric Tonnes,Other,2600.0,2800.0,2700.0,Rs./Quintal,Local
Melur(Uzhavar Sandhai ),0.45,Metric Tonnes,Deshi,2600.0,3000.0,2800.0,Rs./Quintal,Local
Mettupalayam(Uzhavar Sandhai ),2.93,Metric Tonnes,Deshi,2800.0,3200.0,3000.0,Rs./Quintal,Local
Mettur(Uzhavar Sandhai ),3.1,Metric Tonnes,Local,2000.0,2600.0,2300.0,Rs./Quintal,Local
Mohanur(Uzhavar Sandhai ),0.49,Metric Tonnes,Deshi,2400.0,3000.0,2700.0,Rs./Quintal,Local
Musiri(Uzhavar Sandhai ),1.8,Metric Tonnes,Local,2400.0,2800.0,2600.0,Rs./Quintal,Local
Muthupettai(Uzhavar Sandhai ),0.05,Metric Tonnes,Deshi,2600.0,2600.0,2600.0,Rs./Quintal,Local
Myladi(Uzhavar Sandhai ),0.04,Metric Tonnes,Deshi,3000.0,3500.0,3250.0,Rs./Quintal,Local
NGO Colony(Uzhavar Sandhai ),0.58,Metric Tonnes,Other,2600.0,2800.0,2700.0,Rs./Quintal,Local
Nagapattinam(Uzhavar Sandhai ),0.24,Metric Tonnes,Deshi,3500.0,4000.0,3750.0,Rs./Quintal,Local
Nanganallur(Uzhavar Sandhai ),0.13,Metric Tonnes,Deshi,3000.0,3500.0,3250.0,Rs./Quintal,Local
Naravarikuppam(Uzhavar Sandhai ),0.12,Metric Tonnes,Deshi,3000.0,3000.0,3000.0,Rs./Quintal,Local
Natrampalli(Uzhavar Sandhai ),6.25,Metric Tonnes,Deshi,2500.0,3000.0,2750.0,Rs./Quintal,Local
Needamangalam(Uzhavar Sandhai ),0.06,Metric Tonnes,Deshi,2400.0,2400.0,2400.0,Rs./Quintal,Local
Padappai(Uzhavar Sandhai ),0.78,Metric Tonnes,Local,2200.0,3000.0,2600.0,Rs./Quintal,Local
Palacode(Uzhavar Sandhai ),0.86,Metric Tonnes,Local,2400.0,2600.0,2500.0,Rs./Quintal,Local
Palanganatham(Uzhavar Sandhai ),1.4,Metric Tonnes,Deshi,2600.0,3000.0,2800.0,Rs./Quintal,Local
Palani(Uzhavar Sandhai ),2.85,Metric Tonnes,Deshi,1000.0,2000.0,1500.0,Rs./Quintal,Local
Palayamkottai(Uzhavar Sandhai ),3.25,Metric Tonnes,Deshi,2600.0,3200.0,2900.0,Rs./Quintal,Local
Palladam(Uzhavar Sandhai ),1.84,Metric Tonnes,Local,2000.0,2400.0,2200.0,Rs./Quintal,Local
Pallapatti (Uzhavar Sandhai ),1.1,Metric Tonnes,Other,2500.0,3000.0,2750.0,Rs./Quintal,Local
Pallavaram(Uzhavar Sandhai ),1.1,Metric Tonnes,Deshi,2500.0,3000.0,2750.0,Rs./Quintal,Local
Pallikonda(Uzhavar Sandhai),0.09,Metric Tonnes,Deshi,2200.0,2400.0,2300.0,Rs./Quintal,Local
Panruti(Uzhavar Sandhai ),0.07,Metric Tonnes,Deshi,2500.0,2500.0,2500.0,Rs./Quintal,Local
Papanasam(Uzhavar Sandhai ),0.18,Metric Tonnes,Deshi,2800.0,3200.0,3000.0,Rs./Quintal,Local
Paramathivelur(Uzhavar Sandhai ),0.12,Metric Tonnes,Local,2800.0,3300.0,3050.0,Rs./Quintal,Local
Paruthipattu(Uzhavar Sandhai ),0.22,Metric Tonnes,Deshi,3000.0,3000.0,3000.0,Rs./Quintal,Local
Pattukottai(Uzhavar Sandhai ),0.96,Metric Tonnes,Deshi,3200.0,3200.0,3200.0,Rs./Quintal,Local
Pennagaram(Uzhavar Sandhai ),2.2,Metric Tonnes,Deshi,2200.0,2500.0,2350.0,Rs./Quintal,Local
Perambakkam(Uzhavar Sandhai ),0.02,Metric Tonnes,Deshi,3000.0,3000.0,3000.0,Rs./Quintal,Local
Perambalur(Uzhavar Sandhai ),0.98,Metric Tonnes,Deshi,3000.0,3500.0,3250.0,Rs./Quintal,Local
Perampet(Uzhavar Sandhai),0.12,Metric Tonnes,Deshi,2400.0,2400.0,2400.0,Rs./Quintal,Local
Peravurani(Uzhavar Sandhai),0.09,Metric Tonnes,Deshi,3000.0,3000.0,3000.0,Rs./Quintal,Local
Periyakulam(Uzhavar Sandhai ),0.64,Metric Tonnes,Other,2400.0,2600.0,2500.0,Rs./Quintal,Local
Periyar Nagar(Uzhavar Sandhai ),0.39,Metric Tonnes,Deshi,2400.0,2800.0,2600.0,Rs./Quintal,Local
Perundurai(Uzhavar Sandhai ),0.46,Metric Tonnes,Deshi,2500.0,2800.0,2650.0,Rs./Quintal,Local
Pollachi(Uzhavar Sandhai ),1.35,Metric Tonnes,Deshi,2000.0,2500.0,2250.0,Rs./Quintal,Local
Polur(Uzhavar Sandhai ),0.38,Metric Tonnes,Local,2500.0,3000.0,2750.0,Rs./Quintal,Local
Ponnamaravathi(Uzhavar Sandhai),0.26,Metric Tonnes,Deshi,2500.0,3000.0,2750.0,Rs./Quintal,Local
Pudukottai(Uzhavar Sandhai ),1.4,Metric Tonnes,Deshi,2500.0,3000.0,2750.0,Rs./Quintal,Local
RSPuram(Uzhavar Sandhai ),3.62,Metric Tonnes,Local,2500.0,2700.0,2600.0,Rs./Quintal,Local
Rajapalayam(Uzhavar Sandhai ),0.82,Metric Tonnes,Deshi,2500.0,3000.0,2750.0,Rs./Quintal,Local
Ramanathapuram(Uzhavar Sandhai ),0.22,Metric Tonnes,Deshi,3000.0,3500.0,3250.0,Rs./Quintal,Local
Ranipettai(Uzhavar Sandhai ),0.85,Metric Tonnes,Other,2000.0,2300.0,2150.0,Rs./Quintal,Local
Rasipuram(Uzhavar Sandhai ),1.78,Metric Tonnes,Other,3100.0,3500.0,3300.0,Rs./Quintal,Local
Sampath Nagar(Uzhavar Sandhai ),1.64,Metric Tonnes,Other,2500.0,2800.0,2650.0,Rs./Quintal,Local
Sankarankoil(Uzhavar Sandhai ),0.74,Metric Tonnes,Deshi,2500.0,3000.0,2750.0,Rs./Quintal,Local
Sankarapuram(Uzhavar Sandhai ),0.17,Metric Tonnes,Deshi,2500.0,2500.0,2500.0,Rs./Quintal,Local
Sathiyamagalam(Uzhavar Sandhai ),0.87,Metric Tonnes,Local,2000.0,2600.0,2300.0,Rs./Quintal,Local
Sathur(Uzhavar Sandhai ),0.06,Metric Tonnes,Deshi,2000.0,2500.0,2250.0,Rs./Quintal,Local
Singampunari(Uzhavar Sandhai ),0.32,Metric Tonnes,Other,2800.0,3200.0,3000.0,Rs./Quintal,Local
Singanallur(Uzhavar Sandhai ),10.5,Metric Tonnes,Local,2200.0,2700.0,2450.0,Rs./Quintal,Local
Sirkali(Uzhavar Sandhai ),0.36,Metric Tonnes,Deshi,2500.0,3000.0,2750.0,Rs./Quintal,Local
Sivagangai (Uzhavar Sandhai ),1.21,Metric Tonnes,Deshi,2800.0,3000.0,2900.0,Rs./Quintal,Local
Sivakasi(Uzhavar Sandhai ),0.07,Metric Tonnes,Deshi,2500.0,3000.0,2750.0,Rs./Quintal,Local
Sooramangalam(Uzhavar Sandhai ),6.54,Metric Tonnes,Local,2000.0,2400.0,2200.0,Rs./Quintal,Local
Srivilliputhur(Uzhavar Sandhai ),0.17,Metric Tonnes,Deshi,2500.0,3000.0,2750.0,Rs./Quintal,Local
Sundarapuram(Uzhavar Sandhai ),1.88,Metric Tonnes,Local,2400.0,2800.0,2600.0,Rs./Quintal,Local
Sunguvarchatram(Uzhavar Sandhai ),0.45,Metric Tonnes,Other,2500.0,2500.0,2500.0,Rs./Quintal,Local
Tamarainagar(Uzhavar Sandhai ),0.71,Metric Tonnes,Deshi,2000.0,2500.0,2250.0,Rs./Quintal,Local
Tenkasi(Uzhavar Sandhai ),0.43,Metric Tonnes,Local,2000.0,2000.0,2000.0,Rs./Quintal,Local
Thalavadi(Uzhavar Sandhai ),0.51,Metric Tonnes,Other,2000.0,2400.0,2200.0,Rs./Quintal,Local
Thalavaipuram(Uzhavar Sandhai ),0.12,Metric Tonnes,Deshi,2500.0,3000.0,2750.0,Rs./Quintal,Local
Thammampatti (Uzhavar Sandhai ),1.26,Metric Tonnes,Deshi,1500.0,2600.0,2050.0,Rs./Quintal,Local
Thanjavur(Uzhavar Sandhai ),1.12,Metric Tonnes,Deshi,2800.0,2800.0,2800.0,Rs./Quintal,Local
Thathakapatti(Uzhavar Sandhai ),3.85,Metric Tonnes,Local,1800.0,2500.0,2150.0,Rs./Quintal,Local
Theni(Uzhavar Sandhai ),4.96,Metric Tonnes,Other,2000.0,2500.0,2250.0,Rs./Quintal,Local
Thirukalukundram(Uzhavar Sandhai ),0.16,Metric Tonnes,Deshi,2500.0,3000.0,2750.0,Rs./Quintal,Local
Thirumangalam(Uzhavar Sandhai ),1.09,Metric Tonnes,Deshi,2600.0,3000.0,2800.0,Rs./Quintal,Local
Thirupathur APMC,5.35,Metric Tonnes,Deshi,3400.0,3400.0,3400.0,Rs./Quintal,Local
Thiruverumbur(Uzhavar Sandhai ),1.0,Metric Tonnes,Deshi,2800.0,2800.0,2800.0,Rs./Quintal,Local
Thuraiyur APMC,0.84,Metric Tonnes,Other,2500.0,3000.0,2750.0,Rs./Quintal,Local
Tindivanam APMC,0.9,Metric Tonnes,Deshi,2000.0,2000.0,2000.0,Rs./Quintal,Local
Tiruchengode APMC,0.04,Metric Tonnes,Deshi,2400.0,2800.0,2600.0,Rs./Quintal,Local
Tirukattupalli(Uzhavar Sandhai ),0.25,Metric Tonnes,Deshi,2800.0,2800.0,2800.0,Rs./Quintal,Local
Tirupatthur(Uzhavar Sandhai ),0.43,Metric Tonnes,Deshi,3000.0,3200.0,3100.0,Rs./Quintal,Local
Tiruppur (North) (Uzhavar Sandhai ),0.9,Metric Tonnes,Deshi,2200.0,2600.0,2400.0,Rs./Quintal,Local
Tiruppur (South) (Uzhavar Sandhai ),19.03,Metric Tonnes,Local,1700.0,2000.0,1850.0,Rs./Quintal,Local
Tiruthani(Uzhavar Sandhai ),0.3,Metric Tonnes,Deshi,3000.0,3000.0,3000.0,Rs./Quintal,Local
Tiruvallur(Uzhavar Sandhai ),0.22,Metric Tonnes,Deshi,3000.0,3000.0,3000.0,Rs./Quintal,Local
Tiruvannamalai(Uzhavar Sandhai ),1.25,Metric Tonnes,Deshi,2000.0,2500.0,2250.0,Rs./Quintal,Local
Tiruvarur(Uzhavar Sandhai ),0.18,Metric Tonnes,Deshi,2600.0,2600.0,2600.0,Rs./Quintal,Local
Tuticorin(Uzhavar Sandhai ),1.15,Metric Tonnes,Local,2500.0,3000.0,2750.0,Rs./Quintal,Local
Udhagamandalam(Uzhavar Sandhai ),2.35,Metric Tonnes,Deshi,2500.0,3000.0,2750.0,Rs./Quintal,Local
Udumalpet APMC,0.84,Metric Tonnes,Deshi,1800.0,2500.0,2150.0,Rs./Quintal,Local
Ulundurpettai APMC,0.32,Metric Tonnes,Deshi,2000.0,2000.0,2000.0,Rs./Quintal,Local
Usilampatti(Uzhavar Sandhai ),0.86,Metric Tonnes,Deshi,2600.0,3000.0,2800.0,Rs./Quintal,Local
Vadalur(Uzhavar Sandhai ),0.18,Metric Tonnes,Local,3000.0,3000.0,3000.0,Rs./Quintal,Local
Vadaseri APMC,0.35,Metric Tonnes,Local,3300.0,3800.0,3550.0,Rs./Quintal,Local
Vadavalli(Uzhavar Sandhai ),1.63,Metric Tonnes,Local,2500.0,2800.0,2650.0,Rs./Quintal,Local
Valangaiman APMC,0.05,Metric Tonnes,Deshi,2600.0,3000.0,2800.0,Rs./Quintal,Local
Vandavasi(Uzhavar Sandhai ),0.04,Metric Tonnes,Other,2000.0,2500.0,2250.0,Rs./Quintal,Local
Vaniyampadi(Uzhavar Sandhai ),9.09,Metric Tonnes,Deshi,3000.0,3000.0,3000.0,Rs./Quintal,Local
Vazhapadi(Uzhavar Sandhai),0.74,Metric Tonnes,Deshi,2000.0,2500.0,2250.0,Rs./Quintal,Local
Vedaranyam(Uzhavar Sandhai),0.09,Metric Tonnes,Deshi,3000.0,3400.0,3200.0,Rs./Quintal,Local
Vedasanthur(Uzhavar Sandhai ),0.01,Metric Tonnes,Deshi,1500.0,2000.0,1750.0,Rs./Quintal,Local
Velayuthampalayam(Uzhavar Sandhai ),0.28,Metric Tonnes,Other,2400.0,3000.0,2700.0,Rs./Quintal,Local
Vellore APMC,3.6,Metric Tonnes,Deshi,2200.0,2400.0,2300.0,Rs./Quintal,Local
Vengamedu(Uzhavar Sandhai ),0.08,Metric Tonnes,Deshi,2500.0,3000.0,2750.0,Rs./Quintal,Local
Villupuram(Uzhavar Sandhai ),0.52,Metric Tonnes,Deshi,2000.0,2500.0,2250.0,Rs./Quintal,Local
Viralimalai(Uzhavar Sandhai ),0.32,Metric Tonnes,Other,2500.0,3000.0,2750.0,Rs./Quintal,Local
Virudhunagar(Uzhavar Sandhai ),0.14,Metric Tonnes,Deshi,2500.0,3000.0,2750.0,Rs./Quintal,Local
Viruthachalam(Uzhavar Sandhai ),0.15,Metric Tonnes,Deshi,3000.0,3000.0,3000.0,Rs./Quintal,Local
Total,237.84,Metric Tonnes,,,,2484.7,Rs./Quintal,
State/UT Name : Telangana
Adilabad (Rythu Bazar) ,3.9000000000000004,Metric Tonnes,Local,2500.0,2500.0,2500.0,Rs./Quintal,Local
"Alwal,RBZ",2.0,Metric Tonnes,Local,1500.0,1500.0,1500.0,Rs./Quintal,FAQ
Chevella APMC,6.5,Metric Tonnes,Local,1000.0,1000.0,1000.0,Rs./Quintal,Local
"Excise Colony,RBZ ",0.8,Metric Tonnes,Other,2400.0,2400.0,2400.0,Rs./Quintal,Grade A
Ibrahimpatnam APMC,4.0,Metric Tonnes,Local,800.0,800.0,800.0,Rs./Quintal,Local
Kalwakurthy APMC,5.6,Metric Tonnes,Tomato,550.0,550.0,550.0,Rs./Quintal,Local
Karimnagar APMC,2.4,Metric Tonnes,Hybrid,1500.0,2000.0,1750.0,Rs./Quintal,Medium
"Kukatpally,RBZ",13.1,Metric Tonnes,Deshi,1500.0,1500.0,1500.0,Rs./Quintal,Local
Mahabubnagar(Rythu Bazar),2.94,Metric Tonnes,Deshi,2000.0,2000.0,2000.0,Rs./Quintal,Local
Miryalguda(Rythu Bazar) ,1.4,Metric Tonnes,Deshi,2500.0,2500.0,2500.0,Rs./Quintal,Grade A
"Pavilion Ground,Khammam,RBZ",0.21,Metric Tonnes,Deshi,2400.0,2400.0,2400.0,Rs./Quintal,FAQ
RYTHU BAZAR MEHDIPATNAM,10.2,Metric Tonnes,Deshi,1500.0,1500.0,1500.0,Rs./Quintal,Grade A
Sangareddy APMC,3.1,Metric Tonnes,Other,1100.0,1100.0,1100.0,Rs./Quintal,Grade B
"Saroornagar,RBZ",7.7,Metric Tonnes,Other,1500.0,1500.0,1500.0,Rs./Quintal,Medium
"Sattupalli (Ramalayam),RBZ",0.32,Metric Tonnes,Deshi,2000.0,3000.0,2400.0,Rs./Quintal,FAQ
Shadnagar APMC,3.0,Metric Tonnes,Local,800.0,1100.0,1000.0,Rs./Quintal,Local
Siddipet(Rythu Bazar) ,11.0,Metric Tonnes,Local,1200.0,2000.0,1600.0,Rs./Quintal,Grade A
"Vanasthalipuram,RBZ ",8.3,Metric Tonnes,Other,1500.0,1500.0,1500.0,Rs./Quintal,Grade A
Vantamamidi APMC,0.4,Metric Tonnes,Tomato,600.0,600.0,600.0,Rs./Quintal,Local
Venkateswarnagar APMC,5.9,Metric Tonnes,Local,400.0,600.0,500.0,Rs./Quintal,Local
Warangal APMC,16.0,Metric Tonnes,Tomato,1000.0,1200.0,1100.0,Rs./Quintal,FAQ
Total,108.77,Metric Tonnes,,,,1342.76,Rs./Quintal,
State/UT Name : Tripura
Barpathari APMC,0.5,Metric Tonnes,Other,4900.0,5100.0,5000.0,Rs./Quintal,Medium
Biokhora,0.2,Metric Tonnes,Hybrid,4050.0,4150.0,4100.0,Rs./Quintal,FAQ
Bishalgarh APMC,0.5,Metric Tonnes,Hybrid,4500.0,5300.0,5000.0,Rs./Quintal,Medium
Boxonagar,0.006,Metric Tonnes,Hybrid,5500.0,6000.0,5700.0,Rs./Quintal,Medium
Gondatwisa APMC,0.1,Metric Tonnes,Hybrid,5500.0,6000.0,5800.0,Rs./Quintal,FAQ
Halahali,0.32,Metric Tonnes,Deshi,6800.0,7000.0,6900.0,Rs./Quintal,FAQ
Kanchanpur,0.2,Metric Tonnes,Hybrid,5000.0,5500.0,5250.0,Rs./Quintal,FAQ
Machmara,0.4,Metric Tonnes,Local,1400.0,1600.0,1500.0,Rs./Quintal,FAQ
Manubazar,0.4,Metric Tonnes,Hybrid,5200.0,6000.0,5500.0,Rs./Quintal,Grade A
Pabiacherra APMC,0.5,Metric Tonnes,Other,5500.0,5700.0,5600.0,Rs./Quintal,FAQ
Santir Bazar APMC,0.2,Metric Tonnes,Tomato,4500.0,5500.0,5000.0,Rs./Quintal,Local
Sonamura APMC,0.08000000000000002,Metric Tonnes,Hybrid,5500.0,6000.0,5600.0,Rs./Quintal,Medium
Total,3.41,Metric Tonnes,,,,4914.91,Rs./Quintal,
State/UT Name : Uttar Pradesh
Agra APMC,3.6,Metric Tonnes,Other,1500.0,1500.0,1500.0,Rs./Quintal,FAQ
Aligarh APMC,85.3,Metric Tonnes,Other,2000.0,2500.0,2156.62,Rs./Quintal,FAQ
Amroha APMC,386.752,Metric Tonnes,Other,1500.0,1500.0,1500.0,Rs./Quintal,FAQ
Anwala APMC,16.0,Metric Tonnes,Other,2000.0,2000.0,2000.0,Rs./Quintal,FAQ
Atarra APMC,58.0,Metric Tonnes,Other,1000.0,1000.0,1000.0,Rs./Quintal,FAQ
Auraiya APMC,20.0,Metric Tonnes,Other,2000.0,2000.0,2000.0,Rs./Quintal,FAQ
Awagarh APMC,0.4,Metric Tonnes,Other,1200.0,1200.0,1200.0,Rs./Quintal,FAQ
Barabanki APMC,91.6,Metric Tonnes,Other,1400.0,1400.0,1400.0,Rs./Quintal,FAQ
Baraut APMC,14.0,Metric Tonnes,Other,1800.0,1800.0,1800.0,Rs./Quintal,FAQ
Bareilly APMC,1.5,Metric Tonnes,Other,1700.0,1700.0,1700.0,Rs./Quintal,FAQ
Buland Shahr APMC,1.7,Metric Tonnes,Other,2000.0,2000.0,2000.0,Rs./Quintal,FAQ
CHHUTMALPUR APMC,1.65,Metric Tonnes,Other,2350.0,2450.0,2378.79,Rs./Quintal,FAQ
Chaandpur APMC,1.8,Metric Tonnes,Other,2500.0,2500.0,2500.0,Rs./Quintal,FAQ
Dudhi APMC,1.3,Metric Tonnes,Other,3000.0,3000.0,3000.0,Rs./Quintal,FAQ
Fatehpur APMC,2.2,Metric Tonnes,Other,2500.0,2500.0,2500.0,Rs./Quintal,FAQ
Fatehpur Sikri APMC,0.3,Metric Tonnes,Other,1600.0,1600.0,1600.0,Rs./Quintal,FAQ
Firozabad APMC,26.0,Metric Tonnes,Other,1000.0,1000.0,1000.0,Rs./Quintal,FAQ
Ghaziabad APMC,72.3188,Metric Tonnes,Other,2500.0,3824.88,2594.09,Rs./Quintal,FAQ
Golagokarnath APMC,0.109,Metric Tonnes,Other,3374.84,3374.84,3374.84,Rs./Quintal,FAQ
Gonda APMC,0.099,Metric Tonnes,Other,2953.81,2953.81,2953.81,Rs./Quintal,FAQ
Haathras APMC,0.095,Metric Tonnes,Other,3676.21,3676.21,3676.21,Rs./Quintal,FAQ
Hardoi APMC,35.0,Metric Tonnes,Other,1500.0,1500.0,1500.0,Rs./Quintal,FAQ
Hargaon (Laharpur) APMC,2.2,Metric Tonnes,Other,1550.0,1550.0,1550.0,Rs./Quintal,FAQ
Jagnair APMC,0.8,Metric Tonnes,Other,1650.0,1650.0,1650.0,Rs./Quintal,FAQ
Jangipura APMC,45.276,Metric Tonnes,Other,1600.0,3276.67,1610.22,Rs./Quintal,FAQ
Jaunpur APMC,54.0,Metric Tonnes,Other,1800.0,1800.0,1800.0,Rs./Quintal,FAQ
Jhansi APMC,10.0,Metric Tonnes,Other,1800.0,1800.0,1800.0,Rs./Quintal,FAQ
Kairana APMC,1.2,Metric Tonnes,Other,2000.0,2000.0,2000.0,Rs./Quintal,FAQ
Kanpur(Grain) APMC,191.275,Metric Tonnes,Other,2100.0,3622.41,2102.98,Rs./Quintal,FAQ
Khairagarh APMC,0.4,Metric Tonnes,Tomato,2500.0,2600.0,2550.0,Rs./Quintal,FAQ
Khairagarh APMC,2.8,Metric Tonnes,Other,2400.0,2400.0,2400.0,Rs./Quintal,FAQ
Khekda APMC,0.5,Metric Tonnes,Other,1600.0,1900.0,1720.0,Rs./Quintal,FAQ
Konch APMC,33.0,Metric Tonnes,Other,1800.0,1800.0,1800.0,Rs./Quintal,FAQ
Kosikalan APMC,8.0,Metric Tonnes,Deshi,2000.0,2140.0,2070.0,Rs./Quintal,FAQ
Kosikalan APMC,2.8,Metric Tonnes,Other,2500.0,2500.0,2500.0,Rs./Quintal,FAQ
Lakhimpur APMC,12.05,Metric Tonnes,Other,1250.0,1250.0,1250.0,Rs./Quintal,FAQ
Lucknow APMC,1.8866,Metric Tonnes,Other,3478.72,3478.72,3478.72,Rs./Quintal,FAQ
Mathura APMC,29.998,Metric Tonnes,Other,2000.0,3844.03,2031.58,Rs./Quintal,FAQ
Mawana APMC,1.8,Metric Tonnes,Other,3000.0,3000.0,3000.0,Rs./Quintal,FAQ
Meerut APMC,0.7095,Metric Tonnes,Other,3787.04,3787.04,3787.04,Rs./Quintal,FAQ
Muradabad APMC,5.8,Metric Tonnes,Other,2000.0,2000.0,2000.0,Rs./Quintal,FAQ
Muradnagar APMC,15.25,Metric Tonnes,Other,2000.0,2000.0,2000.0,Rs./Quintal,FAQ
Muzzafarnagar APMC,0.217,Metric Tonnes,Other,3002.08,3002.08,3002.08,Rs./Quintal,FAQ
Noida APMC,14.6,Metric Tonnes,Other,2500.0,2500.0,2500.0,Rs./Quintal,FAQ
Orai APMC,38.0,Metric Tonnes,Other,1500.0,1500.0,1500.0,Rs./Quintal,FAQ
Parikshitgarh APMC,0.1,Metric Tonnes,Other,3000.0,3000.0,3000.0,Rs./Quintal,FAQ
Prayagraj APMC,180.161,Metric Tonnes,Other,2000.0,3932.1,2001.73,Rs./Quintal,FAQ
Rampurmaniharan APMC,1.0,Metric Tonnes,Other,2400.0,2400.0,2400.0,Rs./Quintal,FAQ
Robertsganj APMC,15.0,Metric Tonnes,Other,2000.0,2000.0,2000.0,Rs./Quintal,FAQ
Saharanpur APMC,18.7,Metric Tonnes,Other,1500.0,1600.0,1542.78,Rs./Quintal,FAQ
Samsabad APMC,0.5,Metric Tonnes,Hybrid,1400.0,1600.0,1500.0,Rs./Quintal,Local
Shamli APMC,3.0,Metric Tonnes,Other,2500.0,2500.0,2500.0,Rs./Quintal,FAQ
Sikanderabad APMC,3.0,Metric Tonnes,Other,2200.0,2200.0,2200.0,Rs./Quintal,FAQ
Sirsa APMC,3.0,Metric Tonnes,Other,1500.0,1900.0,1874.0,Rs./Quintal,FAQ
Sitapur APMC,44.0,Metric Tonnes,Other,1500.0,1500.0,1500.0,Rs./Quintal,FAQ
Thanabhawan APMC,0.8,Metric Tonnes,Other,2400.0,2400.0,2400.0,Rs./Quintal,FAQ
Varanasi APMC,361.473,Metric Tonnes,Other,1500.0,1500.0,1500.0,Rs./Quintal,FAQ
Total,1923.02,Metric Tonnes,,,,1723.08,Rs./Quintal,
State/UT Name : Uttarakhand
Bhagwanpur(Naveen Mandi Sthal) APMC,4.0,Metric Tonnes,Other,1200.0,1300.0,1250.0,Rs./Quintal,Grade A
Haldwani APMC,5.800000000000001,Metric Tonnes,Other,1000.0,1800.0,1400.0,Rs./Quintal,FAQ
Haridwar Union APMC,11.0,Metric Tonnes,Hybrid,2000.0,2500.0,2200.0,Rs./Quintal,FAQ
Jaspur(UC) APMC,0.9,Metric Tonnes,Tomato,2600.0,2600.0,2600.0,Rs./Quintal,FAQ
Kashipur APMC,2.2,Metric Tonnes,Other,2000.0,2200.0,2150.0,Rs./Quintal,Local
Khateema APMC,0.8,Metric Tonnes,Other,1600.0,1800.0,1700.0,Rs./Quintal,Grade B
Kicchha APMC,2.0,Metric Tonnes,Hybrid,1700.0,1900.0,1800.0,Rs./Quintal,Non-FAQ
Kotadwara APMC,0.8,Metric Tonnes,Tomato,1500.0,1500.0,1500.0,Rs./Quintal,FAQ
Manglaur APMC,1.6,Metric Tonnes,Other,1000.0,1400.0,1200.0,Rs./Quintal,Large
Rishikesh APMC,5.0,Metric Tonnes,Other,1600.0,2300.0,2000.0,Rs./Quintal,Medium
Roorkee APMC,0.8,Metric Tonnes,Other,1200.0,2200.0,1600.0,Rs./Quintal,Medium
Rudrapur APMC,8.0,Metric Tonnes,Other,2000.0,3000.0,2500.0,Rs./Quintal,Medium
Sitarganj APMC,4.0,Metric Tonnes,Tomato,2000.0,3000.0,2500.0,Rs./Quintal,Local
Vikasnagar APMC,5.300000000000001,Metric Tonnes,Other,1000.0,1600.0,1600.0,Rs./Quintal,Medium
Total,52.2,Metric Tonnes,,,,1958.43,Rs./Quintal,
State/UT Name : West Bengal
Alipurduar APMC,3.0,Metric Tonnes,Tomato,3000.0,3500.0,3200.0,Rs./Quintal,FAQ
Asansol APMC,5.2,Metric Tonnes,Hybrid,2650.0,2800.0,2700.0,Rs./Quintal,FAQ
Balarampur APMC,2.6,Metric Tonnes,Other,2800.0,3200.0,3000.0,Rs./Quintal,FAQ
Balurghat APMC,0.6,Metric Tonnes,Other,2600.0,3100.0,3000.0,Rs./Quintal,FAQ
Barasat APMC,8.0,Metric Tonnes,Other,3000.0,3000.0,3000.0,Rs./Quintal,FAQ
Baruipur(Canning) APMC,0.53,Metric Tonnes,Tomato,2600.0,3000.0,2800.0,Rs./Quintal,FAQ
Bolpur APMC,24.0,Metric Tonnes,Hybrid,4800.0,5000.0,4900.0,Rs./Quintal,FAQ
Burdwan APMC,5.5,Metric Tonnes,Tomato,2500.0,2800.0,2600.0,Rs./Quintal,FAQ
Chakdah APMC,3.5,Metric Tonnes,Other,2800.0,2900.0,2850.0,Rs./Quintal,FAQ
Champadanga APMC,2.8,Metric Tonnes,Hybrid,3000.0,3200.0,3200.0,Rs./Quintal,FAQ
Darjeeling APMC,0.3,Metric Tonnes,Other,3800.0,4000.0,3900.0,Rs./Quintal,FAQ
Dhupguri APMC,15.0,Metric Tonnes,Tomato,2800.0,3000.0,2900.0,Rs./Quintal,FAQ
Durgapur APMC,5.0,Metric Tonnes,Hybrid,2400.0,2650.0,2550.0,Rs./Quintal,FAQ
Egra/contai APMC,15.0,Metric Tonnes,Tomato,1800.0,2000.0,1900.0,Rs./Quintal,FAQ
Falakata APMC,5.0,Metric Tonnes,Other,3000.0,3500.0,3200.0,Rs./Quintal,FAQ
Gajol APMC,12.0,Metric Tonnes,Other,2700.0,2900.0,2800.0,Rs./Quintal,FAQ
Gangarampur(Dakshin Dinajpur) APMC,0.5,Metric Tonnes,Other,2800.0,3200.0,3000.0,Rs./Quintal,FAQ
Garbeta(Medinipur) APMC,0.18000000000000002,Metric Tonnes,Tomato,3000.0,3400.0,3200.0,Rs./Quintal,FAQ
Ghatal APMC,2.0,Metric Tonnes,Hybrid,3400.0,3600.0,3500.0,Rs./Quintal,FAQ
Habra APMC,4.2,Metric Tonnes,Other,2700.0,2800.0,2700.0,Rs./Quintal,FAQ
Kalipur APMC,3.4,Metric Tonnes,Hybrid,3000.0,3400.0,3200.0,Rs./Quintal,FAQ
Kalna APMC,1.4,Metric Tonnes,Tomato,2000.0,2200.0,2100.0,Rs./Quintal,FAQ
Karsiyang(Matigara) APMC,0.3,Metric Tonnes,Other,3800.0,4000.0,3900.0,Rs./Quintal,FAQ
Khatra APMC,0.22000000000000003,Metric Tonnes,Tomato,3000.0,3600.0,3500.0,Rs./Quintal,FAQ
Medinipur(West) APMC,1.8,Metric Tonnes,Tomato,3100.0,3300.0,3200.0,Rs./Quintal,FAQ
Memari APMC,6.0,Metric Tonnes,Tomato,2400.0,2600.0,2500.0,Rs./Quintal,FAQ
Pandua APMC,0.48,Metric Tonnes,Hybrid,2850.0,3000.0,2950.0,Rs./Quintal,FAQ
Purulia APMC,3.2,Metric Tonnes,Other,2800.0,3400.0,3200.0,Rs./Quintal,FAQ
Ramkrishanpur(Howrah) APMC,0.16,Metric Tonnes,Tomato,2200.0,3000.0,2500.0,Rs./Quintal,FAQ
Ranaghat APMC,3.3,Metric Tonnes,Other,2900.0,3050.0,3000.0,Rs./Quintal,FAQ
Sainthia APMC,23.0,Metric Tonnes,Hybrid,4800.0,4900.0,4850.0,Rs./Quintal,FAQ
Sealdah Koley Market APMC,12.200000000000001,Metric Tonnes,Other,2800.0,3200.0,3000.0,Rs./Quintal,FAQ
Sheoraphuly APMC,23.0,Metric Tonnes,Hybrid,2825.0,3000.0,2925.0,Rs./Quintal,FAQ
Siliguri APMC,24.0,Metric Tonnes,Tomato,2800.0,3200.0,3000.0,Rs./Quintal,FAQ
Uluberia APMC,0.1,Metric Tonnes,Other,2200.0,3000.0,2500.0,Rs./Quintal,FAQ
Total,217.47,Metric Tonnes,,,,3272.39,Rs./Quintal,
Grand Total,17468.71,Metric Tonnes,,,,1602.35,Rs./Quintal,

Note:
Weighted Average Price = ∑(arrival quantity * modal price) / ∑arrival quantity
