"Commodity-wise, Market-wise Daily Report (Weighted Average) on: 06-Sep-2026"

Market Center,Arrivals,Unit of Arrivals,Variety,Minimum Price,Maximum Price,Modal Price,Unit of Price,Grade
Commodity Group Name : Cereals
Maize (MSP: Rs. 2410.00/Quintal)
State/UT Name : Andhra Pradesh
Addanki APMC,0.1,Metric Tonnes,Local,2400.0,2420.0,2410.0,Rs./Quintal,FAQ
Allagadda APMC,1.0,Metric Tonnes,Local,2000.0,2200.0,2100.0,Rs./Quintal,FAQ
Banaganapalli APMC,0.1,Metric Tonnes,Local,2000.0,2400.0,2200.0,Rs./Quintal,FAQ
Etcherla APMC,0.1,Metric Tonnes,Deshi White,2400.0,2400.0,2400.0,Rs./Quintal,Local
Mylavaram APMC,0.1,Metric Tonnes,Hybrid,2450.0,2450.0,2450.0,Rs./Quintal,Local
Nandigama APMC,0.1,Metric Tonnes,Hybrid,2350.0,2350.0,2350.0,Rs./Quintal,Grade Range-1
Nandikotkur APMC,0.1,Metric Tonnes,Hybrid,2250.0,2450.0,2350.0,Rs./Quintal,FAQ
Ponduru APMC,0.1,Metric Tonnes,Local,2400.0,2400.0,2400.0,Rs./Quintal,FAQ
Rajam APMC,1.0,Metric Tonnes,Local,4800.0,4800.0,4800.0,Rs./Quintal,FAQ
Rompicherla APMC,0.1,Metric Tonnes,Hybrid/Local,2300.0,2500.0,2500.0,Rs./Quintal,FAQ
Saluru APMC,0.1,Metric Tonnes,Hybrid/Local,2600.0,2600.0,2600.0,Rs./Quintal,FAQ
Santhamaguluru APMC,0.1,Metric Tonnes,Hybrid,2400.0,2480.0,2450.0,Rs./Quintal,FAQ
Simhadhripuram APMC,0.1,Metric Tonnes,Hybrid/Local,2150.0,2450.0,2300.0,Rs./Quintal,FAQ
Tiruvuru APMC,90.0,Metric Tonnes,Hybrid,2400.0,2400.0,2400.0,Rs./Quintal,Local
Total,93.1,Metric Tonnes,,,,2422.57,Rs./Quintal,
State/UT Name : Chattisgarh
Antagarh APMC,8.0,Metric Tonnes,Hybrid,2400.0,2400.0,2400.0,Rs./Quintal,FAQ
Bhanupratappur APMC,11.8,Metric Tonnes,Hybrid,2200.0,2200.0,2200.0,Rs./Quintal,Non-FAQ
Pakhanjur APMC,64.0,Metric Tonnes,Hybrid/Local,1800.0,2000.0,1900.0,Rs./Quintal,Non-FAQ
Sambalpur APMC,3.6,Metric Tonnes,Hybrid,2200.0,2200.0,2200.0,Rs./Quintal,Non-FAQ
Total,87.4,Metric Tonnes,,,,1998.63,Rs./Quintal,
State/UT Name : Karnataka
Chickkaballapura APMC,1.5,Metric Tonnes,Sweet Corn (For Biscuits),500.0,600.0,550.0,Rs./Quintal,Local
H.B. Halli APMC,6.0,Metric Tonnes,Hybrid/Local,2500.0,2500.0,2500.0,Rs./Quintal,FAQ
Hiriyur APMC,238.4,Metric Tonnes,Popcorn,1800.0,3500.0,3317.0,Rs./Quintal,FAQ
Hunsur APMC,10.0,Metric Tonnes,Local,2000.0,2000.0,2000.0,Rs./Quintal,Local
Mundgod APMC,50.0,Metric Tonnes,Hybrid/Local,2600.0,2600.0,2600.0,Rs./Quintal,Non-FAQ
Ramdurga APMC,49.6,Metric Tonnes,Local,2500.0,2700.0,2600.0,Rs./Quintal,FAQ
Ranebennur APMC,364.40000000000003,Metric Tonnes,Local,2680.0,2759.0,2697.0,Rs./Quintal,FAQ
Shiggoan APMC,21.3,Metric Tonnes,Hybrid/Local,2700.0,2700.0,2700.0,Rs./Quintal,Non-FAQ
Vijayapura APMC,62.900000000000006,Metric Tonnes,Hybrid/Local,2487.0,2660.0,2573.0,Rs./Quintal,Local
Total,804.1,Metric Tonnes,,,,2845.04,Rs./Quintal,
State/UT Name : Madhya Pradesh
Alirajpur APMC,6.0,Metric Tonnes,Local,1800.0,1800.0,1800.0,Rs./Quintal,Non-FAQ
Anjad APMC,14.195,Metric Tonnes,Local,1900.0,1900.0,1900.0,Rs./Quintal,FAQ
Badwani APMC,30.1,Metric Tonnes,Yellow,1900.0,1920.0,1920.0,Rs./Quintal,FAQ
Bhikangaon APMC,2.2350000000000003,Metric Tonnes,Local,2405.0,2470.0,2470.0,Rs./Quintal,FAQ
Chhindwara APMC,30.92,Metric Tonnes,Local,2665.0,2665.0,2665.0,Rs./Quintal,FAQ
Dhamnod APMC,2.4440000000000004,Metric Tonnes,Local,1660.0,1660.0,1660.0,Rs./Quintal,FAQ
Gadarwada (F&V) APMC,0.2,Metric Tonnes,Local,1600.0,1600.0,1600.0,Rs./Quintal,Local
Sehore APMC,2.025,Metric Tonnes,Local,1650.0,1650.0,1650.0,Rs./Quintal,FAQ
Total,88.12,Metric Tonnes,,,,2169.83,Rs./Quintal,
State/UT Name : Maharashtra
APMC Kurdwadi ,2.5,Metric Tonnes,Other,2600.0,2750.0,2700.0,Rs./Quintal,FAQ
APMC Parola ,6.0,Metric Tonnes,Yellow,2370.0,2390.0,2370.0,Rs./Quintal,Non-FAQ
APMC Shirur ,0.2,Metric Tonnes,Other,2300.0,2300.0,2300.0,Rs./Quintal,Non-FAQ
APMC Sillod ,16.7,Metric Tonnes,Yellow,2450.0,2650.0,2600.0,Rs./Quintal,FAQ
Buldhana(Dhad) ,26.2,Metric Tonnes,Yellow,2420.0,2600.0,2500.0,Rs./Quintal,FAQ
Indapur(Bhigwan) ,5.7,Metric Tonnes,Deshi Red,2400.0,2711.0,2450.0,Rs./Quintal,FAQ
"Keshranand Cottex Pvt Agro, Dondicha, Dist Dhule",23.68,Metric Tonnes,Other,2525.0,2540.0,2533.0,Rs./Quintal,Local
"Yashika Agro Marketing, Tal Bhusawal, Jalgaon",38.91,Metric Tonnes,Other,2350.0,2400.0,2375.0,Rs./Quintal,Local
Total,119.89,Metric Tonnes,,,,2474.83,Rs./Quintal,
State/UT Name : Telangana
Alampur APMC,240.0,Metric Tonnes,Local,1800.0,2200.0,2000.0,Rs./Quintal,Grade Range-2
Yellandu APMC,606.9,Metric Tonnes,Local,2200.0,2400.0,2300.0,Rs./Quintal,Local
Total,846.9,Metric Tonnes,,,,2214.98,Rs./Quintal,
State/UT Name : Uttar Pradesh
Aliganj APMC,177.1,Metric Tonnes,Other,1800.0,2000.0,1833.88,Rs./Quintal,FAQ
Aligarh APMC,49.719,Metric Tonnes,Other,2000.0,2250.0,2187.08,Rs./Quintal,FAQ
Anwala APMC,74.0,Metric Tonnes,Other,2000.0,2000.0,2000.0,Rs./Quintal,FAQ
Atrauli APMC,36.8,Metric Tonnes,Other,2100.0,2100.0,2100.0,Rs./Quintal,FAQ
Babrala APMC,170.0,Metric Tonnes,Local,2030.0,2050.0,2040.0,Rs./Quintal,Local
Badayoun APMC,70.235,Metric Tonnes,Other,2000.0,2050.0,2021.52,Rs./Quintal,FAQ
Ballia APMC,23.09,Metric Tonnes,Other,2300.0,2300.0,2300.0,Rs./Quintal,FAQ
Bewar APMC,22.0,Metric Tonnes,Other,1900.0,1900.0,1900.0,Rs./Quintal,FAQ
Bhehjoi APMC,31.9,Metric Tonnes,Other,2300.0,2350.0,2312.98,Rs./Quintal,FAQ
Bilsi APMC,342.34,Metric Tonnes,Other,2000.0,2350.0,2145.2,Rs./Quintal,FAQ
Bisoli APMC,36.04,Metric Tonnes,Other,2000.0,2000.0,2000.0,Rs./Quintal,FAQ
Buland Shahr APMC,43.4,Metric Tonnes,Other,2500.0,2500.0,2500.0,Rs./Quintal,FAQ
Chandausi APMC,49.4,Metric Tonnes,Other,2210.0,2287.0,2254.68,Rs./Quintal,FAQ
Charra APMC,199.096,Metric Tonnes,Other,2100.0,2390.0,2167.08,Rs./Quintal,FAQ
Chhibramau APMC,390.605,Metric Tonnes,Other,2250.0,2400.0,2299.48,Rs./Quintal,FAQ
Choubepur APMC,22.6,Metric Tonnes,Other,1900.0,1900.0,1900.0,Rs./Quintal,FAQ
Dataganj APMC,71.324,Metric Tonnes,Other,1900.0,2230.0,2192.34,Rs./Quintal,FAQ
Divai APMC,1332.55,Metric Tonnes,Other,2000.0,2010.0,2001.92,Rs./Quintal,FAQ
Dudhi APMC,0.3,Metric Tonnes,Other,700.0,700.0,700.0,Rs./Quintal,FAQ
Etah APMC,132.925,Metric Tonnes,Other,2000.0,2000.0,2000.0,Rs./Quintal,FAQ
Farukhabad APMC,52.195,Metric Tonnes,Other,2300.0,2310.0,2303.35,Rs./Quintal,FAQ
Ganj Dundwara APMC,78.34,Metric Tonnes,Other,2000.0,2000.0,2000.0,Rs./Quintal,FAQ
Golagokarnath APMC,28.4,Metric Tonnes,Other,3000.0,3000.0,3000.0,Rs./Quintal,FAQ
Gulavati APMC,2.235,Metric Tonnes,Other,2226.0,2226.0,2226.0,Rs./Quintal,FAQ
Hardoi APMC,95.07,Metric Tonnes,Other,1700.0,1700.0,1700.0,Rs./Quintal,FAQ
Islam Nagar APMC,13.72,Metric Tonnes,Other,1960.0,1960.0,1960.0,Rs./Quintal,FAQ
Jahangirabad APMC,1.775,Metric Tonnes,Other,2210.0,2210.0,2210.0,Rs./Quintal,FAQ
Jasvantnagar APMC,57.3,Metric Tonnes,Other,2000.0,2006.0,2003.16,Rs./Quintal,FAQ
Kamlaganj APMC,538.9,Metric Tonnes,Other,2300.0,2425.0,2330.01,Rs./Quintal,FAQ
Kannauj APMC,731.99,Metric Tonnes,Other,2000.0,2550.0,2179.6,Rs./Quintal,FAQ
Kanpur(Grain) APMC,8.1,Metric Tonnes,Other,1700.0,1700.0,1700.0,Rs./Quintal,FAQ
Kasganj APMC,387.29,Metric Tonnes,Other,1850.0,2350.0,2084.79,Rs./Quintal,FAQ
Kayamganj APMC,190.93,Metric Tonnes,Other,2100.0,2100.0,2100.0,Rs./Quintal,FAQ
Khair APMC,33.6,Metric Tonnes,Other,2200.0,2210.0,2202.38,Rs./Quintal,FAQ
Madhoganj APMC,74.725,Metric Tonnes,Other,2200.0,2200.0,2200.0,Rs./Quintal,FAQ
Mainpuri APMC,38.1,Metric Tonnes,Other,1950.0,2300.0,2110.76,Rs./Quintal,FAQ
Mohamadabad APMC,160.27,Metric Tonnes,Other,2250.0,2260.0,2251.14,Rs./Quintal,FAQ
Mohammdi APMC,13.27,Metric Tonnes,Other,2000.0,2000.0,2000.0,Rs./Quintal,FAQ
Puranpur APMC,31.05,Metric Tonnes,Other,2200.0,2200.0,2200.0,Rs./Quintal,FAQ
Risia APMC,97.0,Metric Tonnes,Other,1770.0,2200.0,1935.96,Rs./Quintal,FAQ
Sambhal APMC,304.085,Metric Tonnes,Other,2000.0,2550.0,2388.19,Rs./Quintal,FAQ
Sehjanwa APMC,22.35,Metric Tonnes,Other,2635.0,2635.0,2635.0,Rs./Quintal,FAQ
Shikohabad APMC,93.224,Metric Tonnes,Other,2160.0,2350.0,2258.0,Rs./Quintal,FAQ
Sikarpur APMC,33.1,Metric Tonnes,Other,2000.0,2200.0,2124.32,Rs./Quintal,FAQ
Sirsaganj APMC,671.281,Metric Tonnes,Other,2100.0,2450.0,2330.95,Rs./Quintal,FAQ
Siyana APMC,42.775,Metric Tonnes,Other,2070.0,2111.0,2087.4,Rs./Quintal,FAQ
Ujhani APMC,659.643,Metric Tonnes,Other,2100.0,2500.0,2257.03,Rs./Quintal,FAQ
Uttaripura APMC,212.55,Metric Tonnes,Other,1900.0,2000.0,1917.03,Rs./Quintal,FAQ
Wazirganj APMC,178.375,Metric Tonnes,Other,2000.0,2000.0,2000.0,Rs./Quintal,FAQ
Total,8127.07,Metric Tonnes,,,,2151.83,Rs./Quintal,
State/UT Name : Uttarakhand
Kotadwara APMC,0.3,Metric Tonnes,Other,1500.0,1500.0,1500.0,Rs./Quintal,FAQ
Total,0.3,Metric Tonnes,,,,1500.0,Rs./Quintal,
State/UT Name : West Bengal
Jangipur APMC,13.25,Metric Tonnes,Other,2500.0,2600.0,2550.0,Rs./Quintal,FAQ
Total,13.25,Metric Tonnes,,,,2550.0,Rs./Quintal,
Grand Total,10180.13,Metric Tonnes,,,,2217.46,Rs./Quintal,
Paddy(Common) (MSP: Rs. 2441.00/Quintal)
State/UT Name : Andhra Pradesh
Achanta APMC,0.1,Metric Tonnes,1121,2359.0,2375.0,2369.0,Rs./Quintal,Local
Addanki APMC,0.1,Metric Tonnes,Paddy,2390.0,2430.0,2410.0,Rs./Quintal,FAQ
Alamuru APMC,0.1,Metric Tonnes,Paddy,2369.0,2389.0,2369.0,Rs./Quintal,FAQ
Atmakur (Nandyal District) APMC,0.1,Metric Tonnes,Sona,2470.0,2470.0,2470.0,Rs./Quintal,FAQ
Atmakur (SPSR Nellore District) APMC,18.8,Metric Tonnes,Nellore Sanna,2300.0,2400.0,2369.0,Rs./Quintal,FAQ
Banaganapalli APMC,0.1,Metric Tonnes,Sona Mahsuri,2200.0,2400.0,2300.0,Rs./Quintal,FAQ
Bhimavaram APMC,0.1,Metric Tonnes,1001,2360.0,2360.0,2360.0,Rs./Quintal,Grade Range-1
Chirala APMC,1.0,Metric Tonnes,B P T,2400.0,2500.0,2450.0,Rs./Quintal,Local
Chodavaram APMC,1.0,Metric Tonnes,Paddy,2200.0,2400.0,2300.0,Rs./Quintal,Local
Darsi APMC,0.1,Metric Tonnes,B P T,2500.0,2600.0,2600.0,Rs./Quintal,Local
Dharmavaram APMC,0.1,Metric Tonnes,B P T,2000.0,2200.0,2100.0,Rs./Quintal,FAQ
Etcherla APMC,0.1,Metric Tonnes,1121,2369.0,2369.0,2369.0,Rs./Quintal,FAQ
Gudur APMC,0.1,Metric Tonnes,MTU-1010,2389.0,2465.0,2425.0,Rs./Quintal,Local
Ichapuram APMC,0.1,Metric Tonnes,Sannalu,2369.0,2369.0,2369.0,Rs./Quintal,Local
Jaggampet APMC,0.1,Metric Tonnes,Common,2369.0,2380.0,2369.0,Rs./Quintal,FAQ
Jalumuru APMC,0.1,Metric Tonnes,1121,2369.0,2369.0,2369.0,Rs./Quintal,FAQ
Kaikaluru APMC,1.0,Metric Tonnes,MTU-1001,2440.0,2440.0,2440.0,Rs./Quintal,Local
Kakinada (Urban) APMC,0.075,Metric Tonnes,Common,2369.0,2390.0,2375.0,Rs./Quintal,FAQ
Kalidindi APMC,1.0,Metric Tonnes,MTU-1001,2440.0,2440.0,2440.0,Rs./Quintal,Local
Kandukur APMC,0.1,Metric Tonnes,Other,2380.0,2450.0,2400.0,Rs./Quintal,Local
Karapa APMC,1.0,Metric Tonnes,1001,2359.0,2369.0,2365.0,Rs./Quintal,FAQ
Kothabommali APMC,0.1,Metric Tonnes,Paddy,3500.0,3500.0,3500.0,Rs./Quintal,Local
Kovur APMC,0.1,Metric Tonnes,Paddy,2300.0,2400.0,2369.0,Rs./Quintal,Local
Krosuru APMC,0.1,Metric Tonnes,B P T,2200.0,2400.0,2300.0,Rs./Quintal,FAQ
Maddipadu APMC,0.1,Metric Tonnes,B P T,2800.0,2800.0,2800.0,Rs./Quintal,FAQ
Madugula APMC,0.1,Metric Tonnes,Paddy,2200.0,2400.0,2300.0,Rs./Quintal,Local
Mandapeta APMC,1.0,Metric Tonnes,1001,2369.0,2400.0,2389.0,Rs./Quintal,FAQ
Mangalagiri APMC,0.1,Metric Tonnes,B P T,2550.0,2550.0,2550.0,Rs./Quintal,FAQ
Nandigama APMC,0.1,Metric Tonnes,B P T,2370.0,2370.0,2370.0,Rs./Quintal,Grade Range-1
Narasannapet APMC,0.1,Metric Tonnes,Paddy,2369.0,2369.0,2369.0,Rs./Quintal,FAQ
Narsapuram APMC,1.0,Metric Tonnes,MTU-1001,2445.0,2445.0,2445.0,Rs./Quintal,Local
Ongole APMC,0.2,Metric Tonnes,B P T,2500.0,2500.0,2500.0,Rs./Quintal,Local
Palasa APMC,0.1,Metric Tonnes,Common,2369.0,2369.0,2369.0,Rs./Quintal,FAQ
Pathapatnam APMC,0.1,Metric Tonnes,Paddy,2369.0,2500.0,2369.0,Rs./Quintal,FAQ
Payakaraopeta APMC,0.1,Metric Tonnes,1001,2349.0,2369.0,2359.0,Rs./Quintal,Local
Peddapuram APMC,1.0,Metric Tonnes,1001,2369.0,2390.0,2369.0,Rs./Quintal,FAQ
Pithapuram APMC,0.1,Metric Tonnes,B P T,2369.0,2389.0,2379.0,Rs./Quintal,FAQ
Prattipadu APMC,0.1,Metric Tonnes,1001,2369.0,2389.0,2379.0,Rs./Quintal,FAQ
RAYADURG APMC,0.1,Metric Tonnes,I.R. 64,3200.0,3800.0,3500.0,Rs./Quintal,Grade Range-1
Rajahmundry APMC,1.0,Metric Tonnes,Paddy,2369.0,2369.0,2369.0,Rs./Quintal,Local
Rajupalem APMC,0.1,Metric Tonnes,Common,2000.0,2000.0,2000.0,Rs./Quintal,Non-FAQ
Ramachandrapuram APMC,0.1,Metric Tonnes,Paddy,2369.0,2380.0,2369.0,Rs./Quintal,FAQ
Rompicherla APMC,0.1,Metric Tonnes,Paddy,2300.0,2500.0,2500.0,Rs./Quintal,FAQ
Samalkot APMC,1.0,Metric Tonnes,Paddy,2369.0,2380.0,2369.0,Rs./Quintal,FAQ
Sampara (Kakinada Rural) APMC,0.1,Metric Tonnes,1001,2369.0,2389.0,2379.0,Rs./Quintal,FAQ
Santhamaguluru APMC,0.1,Metric Tonnes,B P T,2500.0,2580.0,2550.0,Rs./Quintal,FAQ
Sullurpet APMC,0.1,Metric Tonnes,MTU-1010,2420.0,2460.0,2440.0,Rs./Quintal,Local
Tanuku APMC,0.1,Metric Tonnes,1001,2445.0,2445.0,2445.0,Rs./Quintal,Local
Tiruvuru APMC,90.0,Metric Tonnes,Sona,2800.0,2800.0,2800.0,Rs./Quintal,Local
Vakadu APMC,0.1,Metric Tonnes,B P T,2389.0,2410.0,2400.0,Rs./Quintal,Local
Venkatagiri APMC,0.075,Metric Tonnes,MTU-1010,2350.0,2450.0,2400.0,Rs./Quintal,FAQ
Vijayawada APMC,0.1,Metric Tonnes,1001,2369.0,2369.0,2369.0,Rs./Quintal,Local
Yellamanchili APMC,0.1,Metric Tonnes,1001,2390.0,2450.0,2400.0,Rs./Quintal,Local
Total,122.95,Metric Tonnes,,,,2689.19,Rs./Quintal,
State/UT Name : Chattisgarh
Amoda APMC,3.0,Metric Tonnes,MTU-1010,1800.0,1800.0,1800.0,Rs./Quintal,Non-FAQ
Balod APMC,2.0,Metric Tonnes,I.R. 36,2000.0,2030.0,2010.0,Rs./Quintal,Non-FAQ
Baramkela APMC,9.7,Metric Tonnes,Mahamaya,1910.0,1910.0,1910.0,Rs./Quintal,Non-FAQ
Bardewri APMC,6.0,Metric Tonnes,MTU-1010,1800.0,1800.0,1800.0,Rs./Quintal,Non-FAQ
Basana APMC,16.0,Metric Tonnes,1001,1910.0,1950.0,1920.0,Rs./Quintal,Non-FAQ
Chhuria APMC,93.7,Metric Tonnes,1001,1910.0,1950.0,1945.0,Rs./Quintal,Non-FAQ
Chura APMC,197.2,Metric Tonnes,I.R. 64,2000.0,2000.0,2000.0,Rs./Quintal,Non-FAQ
Dondi APMC,1.0,Metric Tonnes,I.R. 64,2000.0,2000.0,2000.0,Rs./Quintal,Non-FAQ
Dondilohara APMC,1.0,Metric Tonnes,I.R.-64,2000.0,2000.0,2000.0,Rs./Quintal,Non-FAQ
Dongargaon APMC,118.5,Metric Tonnes,MTU-1001,1935.0,1985.0,1945.0,Rs./Quintal,Non-FAQ
Doranpal APMC,0.3,Metric Tonnes,Paddy Coarse,1700.0,1850.0,1800.0,Rs./Quintal,Non-FAQ
Dudhawa APMC,12.0,Metric Tonnes,MTU-1010,1800.0,1800.0,1800.0,Rs./Quintal,Non-FAQ
Gidam APMC,1.0,Metric Tonnes,1001,1900.0,2100.0,2000.0,Rs./Quintal,Non-FAQ
Gurur APMC,2.5,Metric Tonnes,I.R.-64,2020.0,2050.0,2030.0,Rs./Quintal,Non-FAQ
Jaitgiri APMC,314.4,Metric Tonnes,Paddy Coarse,2200.0,2250.0,2220.0,Rs./Quintal,FAQ
KRISHI UPAJ MANDI SAMITI (APMC) KANKER,19.0,Metric Tonnes,MTU-1010,1800.0,1800.0,1800.0,Rs./Quintal,Non-FAQ
Kasdol APMC,3.1,Metric Tonnes,D.B.,1800.0,1800.0,1800.0,Rs./Quintal,Non-FAQ
Kharora APMC,2.0,Metric Tonnes,Mahamaya,2100.0,2100.0,2100.0,Rs./Quintal,Non-FAQ
Konta APMC,0.2,Metric Tonnes,Paddy Coarse,1800.0,1900.0,1850.0,Rs./Quintal,Non-FAQ
Korar APMC,4.8,Metric Tonnes,I.R. 64,1900.0,1900.0,1900.0,Rs./Quintal,Non-FAQ
Kurud APMC,26.9,Metric Tonnes,MTU-1010,1806.0,2360.0,2355.0,Rs./Quintal,FAQ
Kurud APMC,2.5,Metric Tonnes,Samba Masuri,2900.0,3281.0,3240.0,Rs./Quintal,FAQ
Kurud APMC,160.7,Metric Tonnes,Mahamaya,2200.0,2723.0,2619.0,Rs./Quintal,FAQ
Kurud APMC,2.3,Metric Tonnes,Swarna Masuri (New),2106.0,2360.0,2360.0,Rs./Quintal,FAQ
Kurud APMC,15.4,Metric Tonnes,RB Gold,3000.0,3241.0,3200.0,Rs./Quintal,FAQ
Kurud APMC,2.0,Metric Tonnes,Om 3,3100.0,3271.0,3180.0,Rs./Quintal,FAQ
Neora APMC,2.4,Metric Tonnes,Mahamaya,1820.0,1820.0,1820.0,Rs./Quintal,Non-FAQ
Pakhanjur APMC,8.0,Metric Tonnes,Paddy Coarse,2000.0,2000.0,2000.0,Rs./Quintal,Non-FAQ
Rajim APMC,849.3,Metric Tonnes,I.R. 64,1850.0,2353.0,2162.0,Rs./Quintal,Non-FAQ
Rajim APMC,9.3,Metric Tonnes,Samba Masuri,1650.0,3110.0,2579.0,Rs./Quintal,Non-FAQ
Rajim APMC,82.1,Metric Tonnes,MTU-1008,1602.0,2330.0,2272.0,Rs./Quintal,Non-FAQ
Rajim APMC,6.3,Metric Tonnes,Sugandha,2051.0,2310.0,2196.0,Rs./Quintal,Non-FAQ
Rajim APMC,0.1,Metric Tonnes,Mahamaya,2050.0,2050.0,2050.0,Rs./Quintal,Non-FAQ
Rajnandgaon APMC,1.2,Metric Tonnes,B P T,2791.0,2791.0,2791.0,Rs./Quintal,Non-FAQ
Sarona APMC,9.0,Metric Tonnes,MTU-1010,1800.0,1800.0,1800.0,Rs./Quintal,Non-FAQ
Surajpur APMC,1.0,Metric Tonnes,Mahamaya,2390.0,2390.0,2390.0,Rs./Quintal,Non-FAQ
Total,1985.9,Metric Tonnes,,,,2174.17,Rs./Quintal,
State/UT Name : Karnataka
Chintamani APMC,26.0,Metric Tonnes,Sona,2800.0,3200.0,3000.0,Rs./Quintal,Local
Malavalli APMC,300.1,Metric Tonnes,Paddy,2200.0,2300.0,2200.0,Rs./Quintal,FAQ
Mundgod APMC,97.0,Metric Tonnes,Paddy Malnad gidda,2800.0,3300.0,3300.0,Rs./Quintal,Non-FAQ
T. Narasipura APMC,176.4,Metric Tonnes,Paddy,2100.0,3500.0,2200.0,Rs./Quintal,Non-FAQ
Total,599.5,Metric Tonnes,,,,2412.68,Rs./Quintal,
State/UT Name : Madhya Pradesh
Baktara APMC,13.75,Metric Tonnes,Basmati,4500.0,4500.0,4500.0,Rs./Quintal,FAQ
Chhindwara APMC,64.75,Metric Tonnes,Dhan,2200.0,2200.0,2200.0,Rs./Quintal,FAQ
Krishi Upaj Mandi Samiti Bichhiya,81.0,Metric Tonnes,Common,2100.0,2200.0,2100.0,Rs./Quintal,Non-FAQ
Mandla APMC,38.0,Metric Tonnes,Common,2025.0,2200.0,2025.0,Rs./Quintal,Non-FAQ
Varaseoni APMC,6.676000000000001,Metric Tonnes,Paddy,2175.0,3730.0,3055.0,Rs./Quintal,FAQ
Varaseoni APMC,11.904000000000002,Metric Tonnes,Paddy,1975.0,3755.0,3575.0,Rs./Quintal,Non-FAQ
Total,216.08,Metric Tonnes,,,,2380.26,Rs./Quintal,
State/UT Name : Maharashtra
APMC Savali ,20.1,Metric Tonnes,Other,3610.0,3950.0,3820.0,Rs./Quintal,FAQ
APMC Tumsar ,9.5,Metric Tonnes,Other,2100.0,2171.0,2151.0,Rs./Quintal,Non-FAQ
APMC Tumsar ,20.0,Metric Tonnes,Other,2831.0,2871.0,2861.0,Rs./Quintal,FAQ
Total,49.6,Metric Tonnes,,,,3113.64,Rs./Quintal,
State/UT Name : NCT of Delhi
APMC Narela,38.0,Metric Tonnes,Paddy,2650.0,4810.0,3730.0,Rs./Quintal,FAQ
Total,38.0,Metric Tonnes,,,,3730.0,Rs./Quintal,
State/UT Name : Odisha
Karanjia APMC,0.30000000000000004,Metric Tonnes,Other,2369.0,2369.0,2369.0,Rs./Quintal,FAQ
Total,0.3,Metric Tonnes,,,,2369.0,Rs./Quintal,
State/UT Name : Tamil Nadu
Thirumangalam APMC,0.05,Metric Tonnes,Other,3500.0,3600.0,3550.0,Rs./Quintal,Local
Total,0.05,Metric Tonnes,,,,3550.0,Rs./Quintal,
State/UT Name : Telangana
Dammapet APMC,68.3,Metric Tonnes,1001,2400.0,2400.0,2400.0,Rs./Quintal,FAQ
Gangadhara APMC,0.001,Metric Tonnes,I.R. 64,2369.0,2369.0,2369.0,Rs./Quintal,FAQ
Huzurnagar APMC,0.001,Metric Tonnes,B P T,2461.0,2461.0,2461.0,Rs./Quintal,Local
Kagaznagar APMC,12.0,Metric Tonnes,Paddy,2400.0,2400.0,2400.0,Rs./Quintal,Grade Range-1
Kallur APMC,35.0,Metric Tonnes,Paddy,2300.0,2400.0,2369.0,Rs./Quintal,FAQ
Neredcherla APMC,135.0,Metric Tonnes,B P T,2450.0,2450.0,2450.0,Rs./Quintal,Local
Sattupally APMC,25.0,Metric Tonnes,Samba Masuri,2300.0,2369.0,2340.0,Rs./Quintal,Non-FAQ
Tirumalagiri APMC,0.001,Metric Tonnes,B P T,2389.0,2389.0,2389.0,Rs./Quintal,FAQ
Total,275.3,Metric Tonnes,,,,2415.13,Rs./Quintal,
State/UT Name : Uttar Pradesh
Ahirora APMC,8.5,Metric Tonnes,Other,2300.0,2300.0,2300.0,Rs./Quintal,FAQ
Bachranwa APMC,31.4,Metric Tonnes,Common,3025.0,3025.0,3025.0,Rs./Quintal,FAQ
Bahraich APMC,30.0,Metric Tonnes,Other,2000.0,2000.0,2000.0,Rs./Quintal,FAQ
Bangarmau APMC,160.8,Metric Tonnes,Common,2300.0,2600.0,2443.66,Rs./Quintal,FAQ
Banthara APMC,71.2,Metric Tonnes,Common,3100.0,3100.0,3100.0,Rs./Quintal,FAQ
Basti APMC,5.5,Metric Tonnes,Common,3000.0,3000.0,3000.0,Rs./Quintal,FAQ
Bhehjoi APMC,173.9,Metric Tonnes,Other,2490.0,2540.0,2510.39,Rs./Quintal,FAQ
Bilaspur APMC,15.8,Metric Tonnes,Common,2450.0,2500.0,2474.68,Rs./Quintal,FAQ
Bindki APMC,5.96,Metric Tonnes,Swarna Masuri (New),2530.0,2530.0,2530.0,Rs./Quintal,FAQ
Bindki APMC,22.79,Metric Tonnes,Masuri,2448.0,2620.0,2504.36,Rs./Quintal,FAQ
Chandausi APMC,133.6,Metric Tonnes,Other,2600.0,2600.0,2600.0,Rs./Quintal,FAQ
Choubepur APMC,16.88,Metric Tonnes,Samba Masuri,2050.0,2050.0,2050.0,Rs./Quintal,FAQ
Dankaur APMC,19.45,Metric Tonnes,SuperFine(Basmati),4010.0,4060.0,4034.86,Rs./Quintal,FAQ
Gangoh APMC,5.335,Metric Tonnes,Other,3650.0,3810.0,3800.1,Rs./Quintal,FAQ
Gangoh APMC,109.459,Metric Tonnes,Basmati,3000.0,3760.0,3510.26,Rs./Quintal,FAQ
Golagokarnath APMC,187.56,Metric Tonnes,Common,2210.0,3000.0,2702.65,Rs./Quintal,FAQ
Gonda APMC,12.0,Metric Tonnes,Common,1850.0,1850.0,1850.0,Rs./Quintal,FAQ
Jahangirabad APMC,27.608,Metric Tonnes,Other,3500.0,3721.0,3583.09,Rs./Quintal,FAQ
Jahangirabad APMC,9.334,Metric Tonnes,Common,3500.0,3500.0,3500.0,Rs./Quintal,FAQ
Jahangirabad APMC,12.84,Metric Tonnes,Basmati,3505.31,3681.0,3576.97,Rs./Quintal,FAQ
Jangipura APMC,70.1,Metric Tonnes,Common,2700.0,2700.0,2700.0,Rs./Quintal,FAQ
Jaunpur APMC,25.5,Metric Tonnes,Other,2700.0,2700.0,2700.0,Rs./Quintal,FAQ
Jayas APMC,53.5,Metric Tonnes,Common,2600.0,2850.0,2727.57,Rs./Quintal,FAQ
Mehmoodabad APMC,1.93,Metric Tonnes,Fine,2800.0,2800.0,2800.0,Rs./Quintal,FAQ
Mehmoodabad APMC,12.3,Metric Tonnes,Common,2000.0,2000.0,2000.0,Rs./Quintal,FAQ
Mohamadabad APMC,5.0,Metric Tonnes,Other,2000.0,2000.0,2000.0,Rs./Quintal,FAQ
Mohammdi APMC,36.5,Metric Tonnes,Other,1800.0,1800.0,1800.0,Rs./Quintal,FAQ
Mugrabaadshahpur APMC,54.024,Metric Tonnes,Common,2150.0,2600.0,2298.26,Rs./Quintal,FAQ
Powayan APMC,1.835,Metric Tonnes,Basmati,3500.0,3500.0,3500.0,Rs./Quintal,FAQ
Pratapgarh APMC,604.0,Metric Tonnes,Common,2200.0,2600.0,2270.73,Rs./Quintal,FAQ
Prayagraj APMC,5.5,Metric Tonnes,Common,1850.0,1850.0,1850.0,Rs./Quintal,FAQ
Raibareilly APMC,26.0,Metric Tonnes,Other,2400.0,2400.0,2400.0,Rs./Quintal,FAQ
Raibareilly APMC,18.0,Metric Tonnes,Common,2700.0,2700.0,2700.0,Rs./Quintal,FAQ
Salon APMC,9.7,Metric Tonnes,Common,2400.0,2500.0,2459.79,Rs./Quintal,FAQ
Sambhal APMC,31.98,Metric Tonnes,Common,2972.0,2972.0,2972.0,Rs./Quintal,FAQ
Sambhal APMC,87.927,Metric Tonnes,Other,2600.0,2895.0,2717.18,Rs./Quintal,FAQ
Shahabad(New Mandi) APMC,29.58,Metric Tonnes,Other,1850.0,2100.0,1971.7,Rs./Quintal,FAQ
Sitapur APMC,3.19,Metric Tonnes,Samba Masuri,2850.0,2850.0,2850.0,Rs./Quintal,FAQ
Sultanpur APMC,30.0,Metric Tonnes,Common,2100.0,2100.0,2100.0,Rs./Quintal,FAQ
Tulsipur APMC,11.0,Metric Tonnes,Common,2000.0,2000.0,2000.0,Rs./Quintal,FAQ
Unnao APMC,19.7,Metric Tonnes,Other,2600.0,2600.0,2600.0,Rs./Quintal,FAQ
Utraula APMC,8.5,Metric Tonnes,Common,2110.0,2110.0,2110.0,Rs./Quintal,FAQ
Viswan APMC,18.66,Metric Tonnes,Common,1750.0,1750.0,1750.0,Rs./Quintal,FAQ
Yusufpur APMC,69.99,Metric Tonnes,Common,2900.0,3000.0,2918.87,Rs./Quintal,FAQ
Total,2294.33,Metric Tonnes,,,,2559.98,Rs./Quintal,
State/UT Name : West Bengal
Bankura Sadar APMC,3.0,Metric Tonnes,Common,2025.0,2400.0,2369.0,Rs./Quintal,FAQ
Birbhum APMC,61.0,Metric Tonnes,Common,2371.0,2373.0,2372.0,Rs./Quintal,FAQ
Bolpur APMC,64.0,Metric Tonnes,Common,2374.0,2376.0,2375.0,Rs./Quintal,FAQ
Ghatal APMC,13.0,Metric Tonnes,Common,2440.0,2460.0,2450.0,Rs./Quintal,FAQ
Indus(Bankura Sadar) APMC,2.5500000000000003,Metric Tonnes,Common,2000.0,2400.0,2369.0,Rs./Quintal,FAQ
Jangipur APMC,28.75,Metric Tonnes,I.R. 36,2400.0,2500.0,2450.0,Rs./Quintal,FAQ
Rampurhat APMC,38.0,Metric Tonnes,Common,2390.0,2410.0,2400.0,Rs./Quintal,FAQ
Sainthia APMC,61.0,Metric Tonnes,Common,2371.0,2373.0,2372.0,Rs./Quintal,FAQ
Total,271.3,Metric Tonnes,,,,2388.57,Rs./Quintal,
Grand Total,5853.31,Metric Tonnes,,,,2407.6,Rs./Quintal,
Rice
State/UT Name : Andhra Pradesh
Tiruvuru APMC,110.0,Metric Tonnes,Sona,4900.0,4900.0,4900.0,Rs./Quintal,Local
Visakhapatnam APMC,0.1,Metric Tonnes,B P T,6300.0,6300.0,6300.0,Rs./Quintal,Grade Range-1
Total,110.1,Metric Tonnes,,,,4901.27,Rs./Quintal,
State/UT Name : Karnataka
Arakalgud APMC,6.0,Metric Tonnes,Coarse,3000.0,3000.0,3000.0,Rs./Quintal,Medium
Koppa APMC,11.0,Metric Tonnes,Other,1800.0,1800.0,1800.0,Rs./Quintal,Local
Mysuru APMC,17.5,Metric Tonnes,Fine,7870.0,7870.0,7870.0,Rs./Quintal,Local
Shiggoan APMC,32.0,Metric Tonnes,Govt. Quality,2400.0,2400.0,2400.0,Rs./Quintal,Small
T. Narasipura APMC,25.0,Metric Tonnes,Broken Rice,2400.0,2400.0,2400.0,Rs./Quintal,Small
Total,91.5,Metric Tonnes,,,,3413.39,Rs./Quintal,
State/UT Name : Maharashtra
APMC Alibagh ,1.0,Metric Tonnes,Other,4000.0,4500.0,4250.0,Rs./Quintal,Local
APMC Murud ,1.0,Metric Tonnes,Other,4000.0,4500.0,4250.0,Rs./Quintal,Local
APMC Palghar ,11.0,Metric Tonnes,1009 Kar,4600.0,4600.0,4600.0,Rs./Quintal,Local
Total,13.0,Metric Tonnes,,,,4546.15,Rs./Quintal,
State/UT Name : Odisha
Karanjia APMC,0.30000000000000004,Metric Tonnes,Common,3500.0,3600.0,3600.0,Rs./Quintal,FAQ
Karanjia APMC,0.30000000000000004,Metric Tonnes,Other,3600.0,3700.0,3700.0,Rs./Quintal,FAQ
Total,0.6,Metric Tonnes,,,,3650.0,Rs./Quintal,
State/UT Name : Tripura
Bishalgarh APMC,0.4,Metric Tonnes,Fine,4300.0,4500.0,4400.0,Rs./Quintal,Local
Bishalgarh APMC,0.4,Metric Tonnes,Masuri,3700.0,3900.0,3800.0,Rs./Quintal,Local
Dasda APMC,0.30000000000000004,Metric Tonnes,Other,3250.0,3350.0,3300.0,Rs./Quintal,FAQ
Jampuijala APMC,0.4,Metric Tonnes,Fine,4000.0,4400.0,4200.0,Rs./Quintal,Grade Range-1
Kalyanpur APMC,6.0,Metric Tonnes,Masuri,4200.0,4300.0,4250.0,Rs./Quintal,FAQ
Kanchanpur,1.3,Metric Tonnes,Sona Mansoori Non Basmati,3150.0,3350.0,3250.0,Rs./Quintal,FAQ
Masli,0.30000000000000004,Metric Tonnes,1009 Kar,3200.0,4000.0,3500.0,Rs./Quintal,Local
Total,9.1,Metric Tonnes,,,,4035.71,Rs./Quintal,
State/UT Name : Uttar Pradesh
Ahirora APMC,9.64,Metric Tonnes,Common,3400.0,3400.0,3400.0,Rs./Quintal,FAQ
Ajuha APMC,25.07,Metric Tonnes,Other,2600.0,2600.0,2600.0,Rs./Quintal,FAQ
Akbarpur APMC,22.56,Metric Tonnes,Common,2550.0,2550.0,2550.0,Rs./Quintal,FAQ
Ayodhya APMC,44.0,Metric Tonnes,Broken Rice(Kanki),2000.0,2000.0,2000.0,Rs./Quintal,FAQ
Azamgarh APMC,98.0,Metric Tonnes,Common,2400.0,2400.0,2400.0,Rs./Quintal,FAQ
Bahraich APMC,32.0,Metric Tonnes,Common,2750.0,2750.0,2750.0,Rs./Quintal,FAQ
Banda APMC,30.375,Metric Tonnes,Common,3200.0,3220.0,3211.25,Rs./Quintal,FAQ
Banthara APMC,25.34,Metric Tonnes,Common,2200.0,2200.0,2200.0,Rs./Quintal,FAQ
Barabanki APMC,2.46,Metric Tonnes,Other,3600.0,3600.0,3600.0,Rs./Quintal,FAQ
Basti APMC,71.082,Metric Tonnes,Common,2500.0,2550.0,2517.37,Rs./Quintal,FAQ
Bindki APMC,32.12,Metric Tonnes,Sarbati Raw,2655.0,2746.0,2720.25,Rs./Quintal,FAQ
Chandausi APMC,25.1,Metric Tonnes,Common,2900.0,2900.0,2900.0,Rs./Quintal,FAQ
Colonelganj APMC,12.42,Metric Tonnes,Common,2650.0,2650.0,2650.0,Rs./Quintal,FAQ
Devariya APMC,23.66,Metric Tonnes,Other,2400.0,2400.0,2400.0,Rs./Quintal,FAQ
Ganj Dundwara APMC,73.5,Metric Tonnes,Common,2000.0,2700.0,2342.86,Rs./Quintal,FAQ
Hapur APMC,24.75,Metric Tonnes,Common,4000.0,4000.0,4000.0,Rs./Quintal,FAQ
Jafarganj APMC,11.375,Metric Tonnes,Common,2670.0,2680.0,2675.43,Rs./Quintal,FAQ
Jangipura APMC,11.7,Metric Tonnes,Common,4200.0,5350.0,4670.22,Rs./Quintal,FAQ
Kanpur(Grain) APMC,4.2,Metric Tonnes,Basmati Dawat,8371.43,8371.43,8371.43,Rs./Quintal,FAQ
Kanpur(Grain) APMC,34.1,Metric Tonnes,Common,2300.0,2300.0,2300.0,Rs./Quintal,FAQ
Karvi APMC,50.156,Metric Tonnes,Common,2700.0,2700.0,2700.0,Rs./Quintal,FAQ
Kayamganj APMC,30.7,Metric Tonnes,Common,2700.0,2700.0,2700.0,Rs./Quintal,FAQ
Kopaganj APMC,25.91,Metric Tonnes,Common,2460.0,3010.0,2781.47,Rs./Quintal,FAQ
Kopaganj APMC,33.96,Metric Tonnes,Other,9790.0,9790.0,9790.0,Rs./Quintal,FAQ
Lucknow APMC,36.84,Metric Tonnes,Common,4021.0,4021.0,4021.0,Rs./Quintal,FAQ
Mathura APMC,19.01,Metric Tonnes,Broken Rice,9622.0,9961.4,9657.71,Rs./Quintal,FAQ
Mau(Chitrakut) APMC,11.0,Metric Tonnes,Other,2700.0,2700.0,2700.0,Rs./Quintal,FAQ
Mirzapur APMC,30.004,Metric Tonnes,Common,4800.0,4800.0,4800.0,Rs./Quintal,FAQ
Muzzafarnagar APMC,7.86,Metric Tonnes,Common,3200.0,3200.0,3200.0,Rs./Quintal,FAQ
Nagina APMC,30.01,Metric Tonnes,Common,3550.0,3550.0,3550.0,Rs./Quintal,FAQ
Nautnava APMC,8.845,Metric Tonnes,Common,2000.0,2000.0,2000.0,Rs./Quintal,FAQ
Nawabganj APMC,47.1,Metric Tonnes,Common,2500.0,2650.0,2590.02,Rs./Quintal,FAQ
Panchpedwa APMC,3.785,Metric Tonnes,Common,2200.0,2200.0,2200.0,Rs./Quintal,FAQ
Pratapgarh APMC,4.8,Metric Tonnes,Common,2400.0,2400.0,2400.0,Rs./Quintal,FAQ
Raibareilly APMC,1.545,Metric Tonnes,Common,2500.0,2500.0,2500.0,Rs./Quintal,FAQ
Raibareilly APMC,24.0,Metric Tonnes,Other,2400.0,2400.0,2400.0,Rs./Quintal,FAQ
Safdarganj APMC,24.016,Metric Tonnes,Common,2200.0,2200.0,2200.0,Rs./Quintal,FAQ
Sahiyapur APMC,24.76,Metric Tonnes,Other,2550.0,2550.0,2550.0,Rs./Quintal,FAQ
Saidpur APMC,6.786,Metric Tonnes,Common,4000.0,4000.0,4000.0,Rs./Quintal,FAQ
Sultanpur APMC,1.45,Metric Tonnes,Common,2500.0,2500.0,2500.0,Rs./Quintal,FAQ
Unnao APMC,31.5,Metric Tonnes,Common,2700.0,2700.0,2700.0,Rs./Quintal,FAQ
Utraula APMC,61.36,Metric Tonnes,Common,2400.0,2450.0,2404.89,Rs./Quintal,FAQ
Uttaripura APMC,9.0,Metric Tonnes,Common,2150.0,2150.0,2150.0,Rs./Quintal,FAQ
Vilthararoad APMC,13.6,Metric Tonnes,Common,2800.0,2800.0,2800.0,Rs./Quintal,FAQ
Total,1151.45,Metric Tonnes,,,,3078.95,Rs./Quintal,
State/UT Name : Uttarakhand
Gadarpur APMC,103.3,Metric Tonnes,Other,4000.0,4000.0,4000.0,Rs./Quintal,Local
Total,103.3,Metric Tonnes,,,,4000.0,Rs./Quintal,
State/UT Name : West Bengal
Asansol APMC,54.0,Metric Tonnes,Fine,4685.0,4850.0,4750.0,Rs./Quintal,FAQ
Balarampur APMC,0.8,Metric Tonnes,Other,3520.0,3700.0,3640.0,Rs./Quintal,FAQ
Bankura Sadar APMC,22.0,Metric Tonnes,Common,3200.0,3350.0,3250.0,Rs./Quintal,FAQ
Baruipur(Canning) APMC,5.0,Metric Tonnes,Common,3100.0,3300.0,3200.0,Rs./Quintal,FAQ
Baruipur(Canning) APMC,4.0,Metric Tonnes,Fine,5100.0,5300.0,5200.0,Rs./Quintal,FAQ
Beldanga APMC,3.0,Metric Tonnes,Other,3450.0,3600.0,3550.0,Rs./Quintal,FAQ
Bethuadahari APMC,8.5,Metric Tonnes,Fine,4900.0,5100.0,5000.0,Rs./Quintal,Grade Range-1
Birbhum APMC,35.0,Metric Tonnes,Common,3650.0,3750.0,3700.0,Rs./Quintal,FAQ
Bishnupur(Bankura) APMC,0.32000000000000006,Metric Tonnes,Common,3600.0,3700.0,3650.0,Rs./Quintal,FAQ
Bishnupur(Bankura) APMC,0.25,Metric Tonnes,Fine,4600.0,4800.0,4700.0,Rs./Quintal,FAQ
Bolpur APMC,37.0,Metric Tonnes,Common,3650.0,3750.0,3700.0,Rs./Quintal,FAQ
Burdwan APMC,18.0,Metric Tonnes,Common,3300.0,3450.0,3350.0,Rs./Quintal,FAQ
Burdwan APMC,22.0,Metric Tonnes,Fine,3650.0,3800.0,3700.0,Rs./Quintal,FAQ
Champadanga APMC,3.0,Metric Tonnes,Fine,4650.0,4750.0,4700.0,Rs./Quintal,FAQ
Champadanga APMC,1.8,Metric Tonnes,Sona Mansoori Non Basmati,3300.0,3350.0,3300.0,Rs./Quintal,FAQ
Diamond Harbour(South 24-pgs) APMC,7.5,Metric Tonnes,Common,3300.0,3500.0,3400.0,Rs./Quintal,FAQ
Diamond Harbour(South 24-pgs) APMC,6.0,Metric Tonnes,Super Fine,5300.0,5500.0,5400.0,Rs./Quintal,FAQ
Durgapur APMC,50.0,Metric Tonnes,Fine,4685.0,4850.0,4750.0,Rs./Quintal,FAQ
Ghatal APMC,12.9,Metric Tonnes,Masuri,3600.0,3640.0,3630.0,Rs./Quintal,FAQ
Guskara APMC,11.0,Metric Tonnes,Common,3250.0,3350.0,3300.0,Rs./Quintal,FAQ
Guskara APMC,35.5,Metric Tonnes,Fine,3800.0,3900.0,3850.0,Rs./Quintal,FAQ
Indus(Bankura Sadar) APMC,5.0,Metric Tonnes,Fine,4550.0,4650.0,4600.0,Rs./Quintal,FAQ
Jangipur APMC,24.25,Metric Tonnes,Common,5100.0,5300.0,5200.0,Rs./Quintal,FAQ
Kalipur APMC,10.8,Metric Tonnes,Common,3260.0,3300.0,3280.0,Rs./Quintal,FAQ
Kalipur APMC,12.0,Metric Tonnes,Fine,4600.0,4700.0,4650.0,Rs./Quintal,FAQ
Kalna APMC,36.0,Metric Tonnes,Fine,3850.0,3950.0,3900.0,Rs./Quintal,FAQ
Kalna APMC,10.0,Metric Tonnes,Other,3250.0,3350.0,3300.0,Rs./Quintal,FAQ
Kalyani APMC,6.0,Metric Tonnes,Fine,4800.0,5000.0,4900.0,Rs./Quintal,Local
Kalyani APMC,3.0,Metric Tonnes,Masuri,3300.0,3500.0,3400.0,Rs./Quintal,Local
Kalyani APMC,3.0,Metric Tonnes,Sona,4600.0,4800.0,4700.0,Rs./Quintal,Local
Kandi APMC,12.0,Metric Tonnes,Common,3500.0,3700.0,3600.0,Rs./Quintal,FAQ
Kasimbazar APMC,12.0,Metric Tonnes,Common,3500.0,3700.0,3600.0,Rs./Quintal,FAQ
Kasipur APMC,1.8,Metric Tonnes,Other,3560.0,3600.0,3580.0,Rs./Quintal,FAQ
Lalbagh APMC,11.0,Metric Tonnes,Other,3500.0,3700.0,3600.0,Rs./Quintal,FAQ
Memari APMC,15.0,Metric Tonnes,Common,3300.0,3450.0,3350.0,Rs./Quintal,FAQ
Memari APMC,17.0,Metric Tonnes,Fine,3650.0,3800.0,3700.0,Rs./Quintal,FAQ
Nadia APMC,6.2,Metric Tonnes,Common,3300.0,3400.0,3350.0,Rs./Quintal,Local
Nadia APMC,10.7,Metric Tonnes,Fine,4700.0,4800.0,4750.0,Rs./Quintal,Local
Pandua APMC,6.3,Metric Tonnes,Fine,4400.0,4650.0,4500.0,Rs./Quintal,FAQ
Purulia APMC,20.0,Metric Tonnes,Other,3400.0,3600.0,3500.0,Rs./Quintal,FAQ
Ramkrishanpur(Howrah) APMC,0.325,Metric Tonnes,Other,3500.0,3700.0,3600.0,Rs./Quintal,FAQ
Ramkrishanpur(Howrah) APMC,0.42500000000000004,Metric Tonnes,Sona Mansoori Non Basmati,3300.0,3500.0,3400.0,Rs./Quintal,FAQ
Rampurhat APMC,28.0,Metric Tonnes,Common,3450.0,3520.0,3500.0,Rs./Quintal,FAQ
Ranaghat APMC,10.1,Metric Tonnes,Fine,4600.0,4800.0,4700.0,Rs./Quintal,Local
Sainthia APMC,39.0,Metric Tonnes,Common,3650.0,3750.0,3700.0,Rs./Quintal,FAQ
Samsi APMC,10.0,Metric Tonnes,Fine,5200.0,5400.0,5300.0,Rs./Quintal,FAQ
Sheoraphuly APMC,6.6,Metric Tonnes,Masuri,3125.0,3300.0,3275.0,Rs./Quintal,FAQ
Siliguri APMC,110.0,Metric Tonnes,Fine(Basmati),5100.0,5300.0,5200.0,Rs./Quintal,FAQ
Uluberia APMC,0.275,Metric Tonnes,Other,3500.0,3700.0,3600.0,Rs./Quintal,FAQ
Uluberia APMC,0.375,Metric Tonnes,Sona Mansoori Non Basmati,3300.0,3500.0,3400.0,Rs./Quintal,FAQ
Total,764.72,Metric Tonnes,,,,4172.47,Rs./Quintal,
Grand Total,2243.77,Metric Tonnes,,,,3609.64,Rs./Quintal,
Wheat (MSP: Rs. 2585.00/Quintal)
State/UT Name : Bihar
Barbigha APMC,15.0,Metric Tonnes,147 Average,2500.0,2670.0,2580.0,Rs./Quintal,FAQ
Shekhpura APMC,15.0,Metric Tonnes,147 Average,2500.0,2680.0,2575.0,Rs./Quintal,FAQ
Total,30.0,Metric Tonnes,,,,2577.5,Rs./Quintal,
State/UT Name : Chattisgarh
Biranpur kalan (Sahaspur Lohra) APMC,12.5,Metric Tonnes,Deshi,2490.0,2490.0,2490.0,Rs./Quintal,FAQ
Pathalgaon APMC,1.0,Metric Tonnes,Hybrid,2100.0,2100.0,2100.0,Rs./Quintal,Non-FAQ
Rajnandgaon APMC,2.2,Metric Tonnes,Deshi,2650.0,2750.0,2700.0,Rs./Quintal,Non-FAQ
Total,15.7,Metric Tonnes,,,,2494.59,Rs./Quintal,
State/UT Name : Karnataka
Shiggoan APMC,1.4000000000000001,Metric Tonnes,Local,2200.0,2200.0,2200.0,Rs./Quintal,Non-FAQ
Vijayapura APMC,4.0,Metric Tonnes,Sona,2389.0,2596.0,2492.0,Rs./Quintal,Local
Total,5.4,Metric Tonnes,,,,2416.3,Rs./Quintal,
State/UT Name : Madhya Pradesh
A lot APMC,60.092,Metric Tonnes,Wheat,2410.0,2410.0,2410.0,Rs./Quintal,FAQ
Amarpatan APMC,4.0,Metric Tonnes,Mill Quality,2500.0,2500.0,2500.0,Rs./Quintal,FAQ
Amarwda APMC,12.5,Metric Tonnes,Wheat,2400.0,2400.0,2400.0,Rs./Quintal,FAQ
Badamalhera APMC,23.61,Metric Tonnes,Mill Quality,2480.0,2510.0,2510.0,Rs./Quintal,Non-FAQ
Badwani APMC,8.01,Metric Tonnes,Lokwan,2375.0,2375.0,2375.0,Rs./Quintal,FAQ
Bhikangaon APMC,2.94,Metric Tonnes,Other,2734.0,2734.0,2734.0,Rs./Quintal,FAQ
Bhikangaon APMC,0.7450000000000001,Metric Tonnes,Lokwan,2900.0,2900.0,2900.0,Rs./Quintal,FAQ
Bhikangaon APMC,80.105,Metric Tonnes,Wheat,2580.0,2935.0,2764.0,Rs./Quintal,FAQ
Bhikangaon APMC,8.950000000000001,Metric Tonnes,Wheat,2555.0,2615.0,2615.0,Rs./Quintal,Non-FAQ
Bhikangaon APMC,1.195,Metric Tonnes,Local,2727.0,2727.0,2727.0,Rs./Quintal,FAQ
Biaora APMC,163.62300000000002,Metric Tonnes,Wheat,2600.0,2765.0,2685.0,Rs./Quintal,FAQ
Biaora APMC,0.399,Metric Tonnes,Wheat,2690.0,2690.0,2690.0,Rs./Quintal,Non-FAQ
Budhar APMC,29.1,Metric Tonnes,Mill Quality,2630.0,2660.0,2660.0,Rs./Quintal,Non-FAQ
Chaakghat APMC,110.11500000000001,Metric Tonnes,Mill Quality,2500.0,2580.0,2550.0,Rs./Quintal,FAQ
Chaakghat APMC,13.0,Metric Tonnes,Wheat,2560.0,2570.0,2570.0,Rs./Quintal,FAQ
Chanderi APMC,32.5,Metric Tonnes,Wheat,2560.0,2560.0,2560.0,Rs./Quintal,FAQ
Chhatarpur APMC,2.5,Metric Tonnes,Wheat,2600.0,2600.0,2600.0,Rs./Quintal,FAQ
Dhar APMC,22.75,Metric Tonnes,Mill Quality,2200.0,2200.0,2200.0,Rs./Quintal,FAQ
Dhar APMC,13.0,Metric Tonnes,Wheat,2300.0,2500.0,2500.0,Rs./Quintal,FAQ
Ghansour APMC,43.5,Metric Tonnes,Wheat,2300.0,2300.0,2300.0,Rs./Quintal,FAQ
Katni APMC,24.900000000000002,Metric Tonnes,Wheat,2830.0,2830.0,2830.0,Rs./Quintal,FAQ
Khargapur APMC,152.95000000000002,Metric Tonnes,Mill Quality,2590.0,2615.0,2605.0,Rs./Quintal,FAQ
Krishi Upaj Mandi Samiti Bichhiya,5.0,Metric Tonnes,Mill Quality,2400.0,2400.0,2400.0,Rs./Quintal,Non-FAQ
Krishi Upaj Mandi Samiti Bichhiya,5.0,Metric Tonnes,Local,2400.0,2400.0,2400.0,Rs./Quintal,Non-FAQ
Kukshi APMC,0.676,Metric Tonnes,Wheat,2600.0,2600.0,2600.0,Rs./Quintal,FAQ
Lahar APMC,21.8,Metric Tonnes,Wheat,2640.0,2653.0,2653.0,Rs./Quintal,FAQ
Lakhnadon APMC,20.271,Metric Tonnes,Local,2220.0,2220.0,2220.0,Rs./Quintal,Non-FAQ
Lashkar APMC,16.0,Metric Tonnes,Mill Quality,2310.0,2310.0,2310.0,Rs./Quintal,FAQ
Lashkar APMC,27.5,Metric Tonnes,Wheat,2600.0,2705.0,2705.0,Rs./Quintal,FAQ
Mandla APMC,146.8,Metric Tonnes,Mill Quality,2430.0,2610.0,2600.0,Rs./Quintal,Non-FAQ
Mandla APMC,2.0,Metric Tonnes,Local,2450.0,2450.0,2450.0,Rs./Quintal,Non-FAQ
Mow APMC,11.9,Metric Tonnes,Mill Quality,2450.0,2500.0,2500.0,Rs./Quintal,Non-FAQ
Nalkheda APMC,5.149000000000001,Metric Tonnes,Wheat,2616.0,2680.0,2680.0,Rs./Quintal,FAQ
Satna APMC,39.432,Metric Tonnes,Wheat,2150.0,2400.0,2400.0,Rs./Quintal,FAQ
Satna APMC,4.0,Metric Tonnes,Mill Quality,2565.0,2565.0,2565.0,Rs./Quintal,FAQ
Satna APMC,2.66,Metric Tonnes,Wheat,2500.0,2500.0,2500.0,Rs./Quintal,Non-FAQ
Seoni APMC,15.0,Metric Tonnes,Mill Quality,2600.0,2610.0,2610.0,Rs./Quintal,Non-FAQ
Shahdol APMC,3.4610000000000003,Metric Tonnes,Wheat,2500.0,2500.0,2500.0,Rs./Quintal,Non-FAQ
Sidhi APMC,20.0,Metric Tonnes,Mill Quality,2400.0,2400.0,2400.0,Rs./Quintal,FAQ
Silvani APMC,7.5,Metric Tonnes,Wheat,2650.0,2650.0,2650.0,Rs./Quintal,FAQ
Umariya APMC,20.700000000000003,Metric Tonnes,Mill Quality,2301.0,2301.0,2301.0,Rs./Quintal,Non-FAQ
Umariya APMC,8.200000000000001,Metric Tonnes,Wheat,2405.0,2405.0,2405.0,Rs./Quintal,FAQ
Umariya APMC,7.9,Metric Tonnes,Wheat,2400.0,2400.0,2400.0,Rs./Quintal,Non-FAQ
Total,1201.43,Metric Tonnes,,,,2562.11,Rs./Quintal,
State/UT Name : Maharashtra
APMC Balapur ,12.9,Metric Tonnes,Other,2600.0,2700.0,2630.0,Rs./Quintal,FAQ
APMC Balapur ,1.8,Metric Tonnes,Other,2500.0,2500.0,2500.0,Rs./Quintal,Non-FAQ
APMC Gangakhed ,1.3,Metric Tonnes,Other,2700.0,2750.0,2700.0,Rs./Quintal,FAQ
APMC Kalyan ,0.3,Metric Tonnes,Sharbati,3200.0,3400.0,3300.0,Rs./Quintal,FAQ
APMC Kannad ,4.3,Metric Tonnes,Other,2586.0,2700.0,2640.0,Rs./Quintal,FAQ
APMC Katol ,4.1,Metric Tonnes,Other,2621.0,2640.0,2635.0,Rs./Quintal,FAQ
APMC Paithan ,11.0,Metric Tonnes,Bansi,2630.0,2790.0,2711.0,Rs./Quintal,FAQ
APMC Parola ,6.0,Metric Tonnes,Kalyan,2500.0,2580.0,2500.0,Rs./Quintal,Non-FAQ
APMC Rahuri ,4.1,Metric Tonnes,Other,2600.0,2650.0,2625.0,Rs./Quintal,FAQ
APMC Shirur ,0.5,Metric Tonnes,Other,2200.0,2550.0,2500.0,Rs./Quintal,Non-FAQ
APMC Shirur ,4.0,Metric Tonnes,Other,2800.0,2800.0,2800.0,Rs./Quintal,FAQ
APMC Sillod ,25.8,Metric Tonnes,Other,2600.0,2750.0,2650.0,Rs./Quintal,FAQ
APMC Tumsar ,5.1,Metric Tonnes,Other,2600.0,2621.0,2611.0,Rs./Quintal,FAQ
Buldhana(Dhad) ,9.5,Metric Tonnes,Other,2000.0,2420.0,2200.0,Rs./Quintal,Non-FAQ
"Omchatinya Multi State Agro Purpose Co-Op Society, Dist Ahilyanagar",0.16,Metric Tonnes,Other,2500.0,2500.0,2500.0,Rs./Quintal,Local
Total,90.86,Metric Tonnes,,,,2598.53,Rs./Quintal,
State/UT Name : NCT of Delhi
APMC Najafgarh,14.5,Metric Tonnes,Dara,2600.0,2777.0,2717.0,Rs./Quintal,FAQ
APMC Najafgarh,0.5,Metric Tonnes,Dara,2550.0,2550.0,2550.0,Rs./Quintal,Non-FAQ
APMC Narela,15.3,Metric Tonnes,Mexican,2788.0,2874.0,2831.0,Rs./Quintal,FAQ
Total,30.3,Metric Tonnes,,,,2771.81,Rs./Quintal,
State/UT Name : Punjab
Nawanshahar APMC,5.010000000000001,Metric Tonnes,Medium,2669.0,2767.0,2767.0,Rs./Quintal,FAQ
Total,5.01,Metric Tonnes,,,,2767.0,Rs./Quintal,
State/UT Name : Rajasthan
Bandikui APMC,3.8000000000000003,Metric Tonnes,Other,2535.0,2605.0,2570.0,Rs./Quintal,Local
Kapasan APMC,5.5,Metric Tonnes,Lokwan,2400.0,2600.0,2500.0,Rs./Quintal,FAQ
Kekri APMC,5.1000000000000005,Metric Tonnes,Other,2411.0,2626.0,2491.0,Rs./Quintal,Local
Malpura APMC,82.0,Metric Tonnes,Other,2500.0,2572.0,2550.0,Rs./Quintal,FAQ
Total,96.4,Metric Tonnes,,,,2544.81,Rs./Quintal,
State/UT Name : Uttar Pradesh
Achalda APMC,35.15,Metric Tonnes,Dara,2400.0,2400.0,2400.0,Rs./Quintal,FAQ
Achalda APMC,63.415,Metric Tonnes,Other,2400.0,2580.0,2510.0,Rs./Quintal,FAQ
Achalda APMC,5.6,Metric Tonnes,Super Fine,2400.0,2400.0,2400.0,Rs./Quintal,FAQ
Ait APMC,36.48,Metric Tonnes,Other,2500.0,2650.0,2517.03,Rs./Quintal,FAQ
Ajuha APMC,25.0,Metric Tonnes,Dara,2500.0,2500.0,2500.0,Rs./Quintal,FAQ
Akbarpur APMC,9.0,Metric Tonnes,Other,2625.0,2625.0,2625.0,Rs./Quintal,FAQ
Akbarpur APMC,7.28,Metric Tonnes,Medium Fine,2450.0,2450.0,2450.0,Rs./Quintal,FAQ
Akbarpur APMC,82.3,Metric Tonnes,Dara,2450.0,2500.0,2453.65,Rs./Quintal,FAQ
Aliganj APMC,3.5,Metric Tonnes,Wheat-Organic,2600.0,2600.0,2600.0,Rs./Quintal,FAQ
Aliganj APMC,30.0,Metric Tonnes,Other,2510.0,2510.0,2510.0,Rs./Quintal,FAQ
Aligarh APMC,45.0,Metric Tonnes,Other,2600.0,2650.0,2630.56,Rs./Quintal,FAQ
Anwala APMC,20.6,Metric Tonnes,Other,2625.0,2625.0,2625.0,Rs./Quintal,FAQ
Atarra APMC,57.318,Metric Tonnes,Dara,2450.0,2500.0,2463.57,Rs./Quintal,FAQ
Atarra APMC,26.8,Metric Tonnes,Deshi,2500.0,2500.0,2500.0,Rs./Quintal,FAQ
Atrauli APMC,25.675,Metric Tonnes,Dara,2600.0,2600.0,2600.0,Rs./Quintal,FAQ
Auraiya APMC,9.15,Metric Tonnes,Other,2620.0,2620.0,2620.0,Rs./Quintal,FAQ
Ayodhya APMC,24.0,Metric Tonnes,Other,2500.0,2500.0,2500.0,Rs./Quintal,FAQ
Ayodhya APMC,9.0,Metric Tonnes,Dara Mill Quality,2500.0,2500.0,2500.0,Rs./Quintal,FAQ
Ayodhya APMC,28.0,Metric Tonnes,Dara,2500.0,2500.0,2500.0,Rs./Quintal,FAQ
Ayodhya APMC,30.0,Metric Tonnes,Hybrid,2500.0,2500.0,2500.0,Rs./Quintal,FAQ
Azamgarh APMC,2.58,Metric Tonnes,Medium Fine,2600.0,2600.0,2600.0,Rs./Quintal,FAQ
Azamgarh APMC,142.06,Metric Tonnes,Dara,2585.0,2650.0,2600.64,Rs./Quintal,FAQ
Azamgarh APMC,10.7,Metric Tonnes,Local,2585.0,2585.0,2585.0,Rs./Quintal,FAQ
Azamgarh APMC,36.0,Metric Tonnes,Medium,2600.0,2600.0,2600.0,Rs./Quintal,FAQ
Baberu APMC,63.3,Metric Tonnes,Dara,2500.0,2600.0,2560.19,Rs./Quintal,FAQ
Babrala APMC,230.0,Metric Tonnes,Dara,2530.0,2550.0,2540.0,Rs./Quintal,Local
Bachranwa APMC,94.375,Metric Tonnes,Dara,2400.0,2500.0,2428.94,Rs./Quintal,FAQ
Badayoun APMC,36.6,Metric Tonnes,Other,2500.0,2500.0,2500.0,Rs./Quintal,FAQ
Badayoun APMC,31.64,Metric Tonnes,Wheat-Organic,2500.0,2500.0,2500.0,Rs./Quintal,FAQ
Balrampur APMC,56.65,Metric Tonnes,Dara,2700.0,2800.0,2798.85,Rs./Quintal,FAQ
Banda APMC,70.88,Metric Tonnes,Other,2600.0,2650.0,2624.68,Rs./Quintal,FAQ
Bangarmau APMC,32.025,Metric Tonnes,Other,2500.0,2500.0,2500.0,Rs./Quintal,FAQ
Bangarmau APMC,48.31,Metric Tonnes,Dara Mill Quality,2620.0,2620.0,2620.0,Rs./Quintal,FAQ
Bangarmau APMC,228.76,Metric Tonnes,Dara,2500.0,2600.0,2527.02,Rs./Quintal,FAQ
Bansi APMC,8.4,Metric Tonnes,Dara,2500.0,2500.0,2500.0,Rs./Quintal,FAQ
Banthara APMC,7.2,Metric Tonnes,Medium,2550.0,2550.0,2550.0,Rs./Quintal,FAQ
Banthara APMC,29.22,Metric Tonnes,Other,2625.0,2630.0,2627.53,Rs./Quintal,FAQ
Banthara APMC,273.46,Metric Tonnes,Dara,2550.0,2840.0,2707.82,Rs./Quintal,FAQ
Barabanki APMC,269.952,Metric Tonnes,Dara,2450.0,2550.0,2475.88,Rs./Quintal,FAQ
Bareilly APMC,29.9,Metric Tonnes,Dara,2600.0,2605.0,2602.46,Rs./Quintal,FAQ
Bareilly APMC,55.9,Metric Tonnes,Dara Mill Quality,2600.0,2610.0,2601.74,Rs./Quintal,FAQ
Baripaal APMC,9.25,Metric Tonnes,Dara,2600.0,2600.0,2600.0,Rs./Quintal,FAQ
Baripaal APMC,1.6,Metric Tonnes,Local,2550.0,2550.0,2550.0,Rs./Quintal,FAQ
Basti APMC,20.6,Metric Tonnes,Medium,2650.0,2650.0,2650.0,Rs./Quintal,FAQ
Basti APMC,67.9,Metric Tonnes,Other,2450.0,2500.0,2455.01,Rs./Quintal,FAQ
Basti APMC,50.2,Metric Tonnes,Dara,2450.0,2500.0,2456.47,Rs./Quintal,FAQ
Bharthna APMC,14.2,Metric Tonnes,Dara,2550.0,2550.0,2550.0,Rs./Quintal,FAQ
Bharthna APMC,14.0,Metric Tonnes,Dara Mill Quality,2550.0,2550.0,2550.0,Rs./Quintal,FAQ
Bharuasumerpur APMC,5.6,Metric Tonnes,Deshi,2580.0,2580.0,2580.0,Rs./Quintal,FAQ
Bharuasumerpur APMC,5.4,Metric Tonnes,Farmi,2580.0,2580.0,2580.0,Rs./Quintal,FAQ
Bharuasumerpur APMC,59.1,Metric Tonnes,Other,2580.0,2586.0,2582.54,Rs./Quintal,FAQ
Bharuasumerpur APMC,68.0,Metric Tonnes,Medium,2580.0,2600.0,2589.12,Rs./Quintal,FAQ
Bhehjoi APMC,113.09,Metric Tonnes,Mill Quality,2540.0,2625.0,2561.23,Rs./Quintal,FAQ
Bhinga APMC,58.7,Metric Tonnes,Other,2500.0,2500.0,2500.0,Rs./Quintal,FAQ
Bijnaur APMC,12.04,Metric Tonnes,Dara,2600.0,2600.0,2600.0,Rs./Quintal,FAQ
Bindki APMC,35.49,Metric Tonnes,Dara Mill Quality,2500.0,2500.0,2500.0,Rs./Quintal,FAQ
Bindki APMC,121.96,Metric Tonnes,Dara,2400.0,2650.0,2476.17,Rs./Quintal,FAQ
Bindki APMC,93.845,Metric Tonnes,Other,2400.0,2650.0,2624.8,Rs./Quintal,FAQ
Bishalpur APMC,25.5,Metric Tonnes,Other,2500.0,2500.0,2500.0,Rs./Quintal,FAQ
Charkhari APMC,54.52,Metric Tonnes,Dara,2400.0,2400.0,2400.0,Rs./Quintal,FAQ
Charkhari APMC,31.5,Metric Tonnes,Deshi,2400.0,2400.0,2400.0,Rs./Quintal,FAQ
Charra APMC,13.751,Metric Tonnes,Other,2500.0,2500.0,2500.0,Rs./Quintal,FAQ
Chhibramau APMC,40.0,Metric Tonnes,Dara,2420.0,2420.0,2420.0,Rs./Quintal,FAQ
Chirgaon APMC,38.2,Metric Tonnes,Dara Mill Quality,2600.0,2600.0,2600.0,Rs./Quintal,FAQ
Choubepur APMC,7.2,Metric Tonnes,Hybrid,2400.0,2400.0,2400.0,Rs./Quintal,FAQ
Choubepur APMC,55.67,Metric Tonnes,Other,2400.0,2490.0,2408.44,Rs./Quintal,FAQ
Colonelganj APMC,30.38,Metric Tonnes,Deshi,2500.0,2500.0,2500.0,Rs./Quintal,FAQ
Colonelganj APMC,21.2,Metric Tonnes,Dara,2500.0,2500.0,2500.0,Rs./Quintal,FAQ
Colonelganj APMC,23.52,Metric Tonnes,Dara Mill Quality,2450.0,2450.0,2450.0,Rs./Quintal,FAQ
Dankaur APMC,50.565,Metric Tonnes,Dara,2450.0,2450.0,2450.0,Rs./Quintal,FAQ
Dataganj APMC,107.699,Metric Tonnes,Dara,2500.0,2700.0,2569.45,Rs./Quintal,FAQ
Devariya APMC,2.385,Metric Tonnes,Hybrid,2729.56,2729.56,2729.56,Rs./Quintal,FAQ
Devariya APMC,3.34,Metric Tonnes,Sonalika,2718.26,2718.26,2718.26,Rs./Quintal,FAQ
Devariya APMC,8.585,Metric Tonnes,Sharbati,2707.13,2725.35,2717.76,Rs./Quintal,FAQ
Devariya APMC,11.62,Metric Tonnes,White,2750.0,2760.0,2755.9,Rs./Quintal,FAQ
Devariya APMC,35.525,Metric Tonnes,Dara,2450.0,2730.24,2491.33,Rs./Quintal,FAQ
Dibiapur APMC,12.0,Metric Tonnes,Hybrid,2650.0,2650.0,2650.0,Rs./Quintal,FAQ
Dibiapur APMC,3.55,Metric Tonnes,Other,2600.0,2600.0,2600.0,Rs./Quintal,FAQ
Dibiapur APMC,151.839,Metric Tonnes,Dara,2400.0,2680.0,2453.5,Rs./Quintal,FAQ
Etah APMC,20.3,Metric Tonnes,Other,2500.0,2501.0,2500.38,Rs./Quintal,FAQ
Etah APMC,77.4,Metric Tonnes,Dara,2500.0,2500.0,2500.0,Rs./Quintal,FAQ
Fatehpur APMC,10.3,Metric Tonnes,Medium,2500.0,2500.0,2500.0,Rs./Quintal,FAQ
Fatehpur APMC,160.473,Metric Tonnes,Dara,2500.0,2550.0,2508.59,Rs./Quintal,FAQ
Fatehpur APMC,62.958,Metric Tonnes,Other,2550.0,2550.0,2550.0,Rs./Quintal,FAQ
Firozabad APMC,4.0,Metric Tonnes,Dara,2710.0,2710.0,2710.0,Rs./Quintal,FAQ
Firozabad APMC,1.0,Metric Tonnes,Hybrid,2720.0,2720.0,2720.0,Rs./Quintal,FAQ
Gangoh APMC,23.965,Metric Tonnes,Other,2790.0,2790.0,2790.0,Rs./Quintal,FAQ
Ganj Dundwara APMC,40.29,Metric Tonnes,Dara,2500.0,2500.0,2500.0,Rs./Quintal,FAQ
Golagokarnath APMC,130.997,Metric Tonnes,Other,2450.0,2545.0,2474.71,Rs./Quintal,FAQ
Gonda APMC,9.73,Metric Tonnes,Dara Mill Quality,2800.0,2800.0,2800.0,Rs./Quintal,FAQ
Gorakhpur APMC,14.0,Metric Tonnes,Dara Mill Quality,2500.0,2500.0,2500.0,Rs./Quintal,FAQ
Gorakhpur APMC,7.3,Metric Tonnes,Medium,2500.0,2500.0,2500.0,Rs./Quintal,FAQ
Gorakhpur APMC,154.57,Metric Tonnes,Dara,2500.0,2730.0,2654.42,Rs./Quintal,FAQ
Gulavati APMC,2.255,Metric Tonnes,Other,2700.0,2700.0,2700.0,Rs./Quintal,FAQ
Gurusarai APMC,18.3,Metric Tonnes,Dara Mill Quality,2500.0,2500.0,2500.0,Rs./Quintal,FAQ
Islam Nagar APMC,4.94,Metric Tonnes,Medium,2600.0,2600.0,2600.0,Rs./Quintal,FAQ
Jafarganj APMC,50.94,Metric Tonnes,Dara,2540.0,2660.0,2620.36,Rs./Quintal,FAQ
Jahanabad APMC,38.5,Metric Tonnes,Dara Mill Quality,2490.0,2500.0,2498.44,Rs./Quintal,FAQ
Jalalabad APMC,0.4,Metric Tonnes,Dara Mill Quality,2500.0,2500.0,2500.0,Rs./Quintal,FAQ
Jalaun APMC,6.42,Metric Tonnes,Mill Quality,2600.0,2600.0,2600.0,Rs./Quintal,FAQ
Jangipura APMC,15.0,Metric Tonnes,Dara,2450.0,2450.0,2450.0,Rs./Quintal,FAQ
Jaunpur APMC,9.45,Metric Tonnes,Dara Mill Quality,2709.0,2721.0,2715.9,Rs./Quintal,FAQ
Jayas APMC,506.06,Metric Tonnes,Dara,2400.0,2680.0,2463.88,Rs./Quintal,FAQ
Jewar APMC,26.81,Metric Tonnes,Deshi,2750.0,2750.0,2750.0,Rs./Quintal,FAQ
Jhansi APMC,31.4,Metric Tonnes,White,2400.0,2400.0,2400.0,Rs./Quintal,FAQ
Jhansi APMC,14.0,Metric Tonnes,Mill Quality,2355.0,2360.0,2358.64,Rs./Quintal,FAQ
Jhansi APMC,6.3,Metric Tonnes,Dara Mill Quality,2355.0,2355.0,2355.0,Rs./Quintal,FAQ
Jhansi APMC,151.6,Metric Tonnes,Other,2350.0,2651.0,2373.29,Rs./Quintal,FAQ
Jhijhank APMC,16.0,Metric Tonnes,Sonalika,2650.0,2650.0,2650.0,Rs./Quintal,FAQ
Jhijhank APMC,16.0,Metric Tonnes,Hybrid,2650.0,2650.0,2650.0,Rs./Quintal,FAQ
Jhijhank APMC,21.335,Metric Tonnes,Dara Mill Quality,2350.0,2600.0,2470.05,Rs./Quintal,FAQ
Jhijhank APMC,194.46,Metric Tonnes,Dara,2350.0,2680.0,2540.37,Rs./Quintal,FAQ
Kadaura APMC,18.0,Metric Tonnes,Other,2400.0,2400.0,2400.0,Rs./Quintal,FAQ
Kannauj APMC,16.455,Metric Tonnes,Super Fine,2500.0,2500.0,2500.0,Rs./Quintal,FAQ
Kannauj APMC,39.285,Metric Tonnes,Dara,2500.0,2500.0,2500.0,Rs./Quintal,FAQ
Kanpur(Grain) APMC,7.27,Metric Tonnes,Hybrid,2680.0,2680.0,2680.0,Rs./Quintal,FAQ
Kanpur(Grain) APMC,27.715,Metric Tonnes,Medium,2360.0,2360.0,2360.0,Rs./Quintal,FAQ
Kanpur(Grain) APMC,10.5,Metric Tonnes,Dara Mill Quality,2360.0,2360.0,2360.0,Rs./Quintal,FAQ
Kanpur(Grain) APMC,311.803,Metric Tonnes,Dara,2390.0,2750.0,2724.89,Rs./Quintal,FAQ
Kanpur(Grain) APMC,81.85,Metric Tonnes,Other,2600.0,2680.0,2638.18,Rs./Quintal,FAQ
Karvi APMC,40.0,Metric Tonnes,Deshi,2400.0,2400.0,2400.0,Rs./Quintal,FAQ
Karvi APMC,25.44,Metric Tonnes,Other,2550.0,2550.0,2550.0,Rs./Quintal,FAQ
Karvi APMC,23.04,Metric Tonnes,Dara,2580.0,2580.0,2580.0,Rs./Quintal,FAQ
Kasganj APMC,16.845,Metric Tonnes,Dara Mill Quality,2694.0,2694.97,2694.15,Rs./Quintal,FAQ
Kasganj APMC,23.5,Metric Tonnes,Medium,2550.0,2580.0,2562.98,Rs./Quintal,FAQ
Kasganj APMC,22.16,Metric Tonnes,Other,2500.0,2750.0,2669.22,Rs./Quintal,FAQ
Kasganj APMC,88.45,Metric Tonnes,Dara,2500.0,2730.0,2581.77,Rs./Quintal,FAQ
Khaga APMC,27.81,Metric Tonnes,Dara,2450.0,2450.0,2450.0,Rs./Quintal,FAQ
Khairagarh APMC,4.0,Metric Tonnes,Dara,2500.0,2600.0,2550.0,Rs./Quintal,FAQ
Khairagarh APMC,2.0,Metric Tonnes,Other,2550.0,2550.0,2550.0,Rs./Quintal,FAQ
Khalilabad APMC,74.31,Metric Tonnes,Dara,2530.0,2720.0,2580.88,Rs./Quintal,FAQ
Khalilabad APMC,32.6,Metric Tonnes,Other,2530.0,2530.0,2530.0,Rs./Quintal,FAQ
Khurja APMC,3.0,Metric Tonnes,Other,2600.0,2600.0,2600.0,Rs./Quintal,FAQ
Kosikalan APMC,109.2,Metric Tonnes,Dara,2520.0,2550.0,2531.02,Rs./Quintal,FAQ
Kurara APMC,7.0,Metric Tonnes,Other,2400.0,2400.0,2400.0,Rs./Quintal,FAQ
Kurara APMC,15.0,Metric Tonnes,Dara,2400.0,2400.0,2400.0,Rs./Quintal,FAQ
Lakhimpur APMC,7.5,Metric Tonnes,Dara,2650.0,2650.0,2650.0,Rs./Quintal,FAQ
Lalganj APMC,1.0,Metric Tonnes,Other,2400.0,2400.0,2400.0,Rs./Quintal,FAQ
Lalganj APMC,142.468,Metric Tonnes,Dara,2400.0,2625.0,2543.91,Rs./Quintal,FAQ
Lalitpur APMC,86.9,Metric Tonnes,Mill Quality,2350.0,2370.0,2358.96,Rs./Quintal,FAQ
Lucknow APMC,14.0,Metric Tonnes,Dara Mill Quality,2400.0,2400.0,2400.0,Rs./Quintal,FAQ
Lucknow APMC,317.9,Metric Tonnes,Medium,2690.0,2690.0,2690.0,Rs./Quintal,FAQ
Madhoganj APMC,189.545,Metric Tonnes,Dara,2500.0,2600.0,2509.23,Rs./Quintal,FAQ
Madhogarh APMC,42.0,Metric Tonnes,Dara,2550.0,2550.0,2550.0,Rs./Quintal,FAQ
Madhogarh APMC,24.75,Metric Tonnes,Local,2550.0,2550.0,2550.0,Rs./Quintal,FAQ
Mahoba APMC,63.5,Metric Tonnes,Dara,2300.0,2350.0,2312.43,Rs./Quintal,FAQ
Maholi APMC,48.58,Metric Tonnes,Dara,2600.0,2680.0,2638.45,Rs./Quintal,FAQ
Maigalganj APMC,26.34,Metric Tonnes,Dara,2600.0,2600.0,2600.0,Rs./Quintal,FAQ
Manjhanpur APMC,23.48,Metric Tonnes,Other,2400.0,2400.0,2400.0,Rs./Quintal,FAQ
Mathura APMC,1.65,Metric Tonnes,Other,2631.0,2631.0,2631.0,Rs./Quintal,FAQ
Mau(Chitrakut) APMC,12.5,Metric Tonnes,Medium,2400.0,2400.0,2400.0,Rs./Quintal,FAQ
Mau(Chitrakut) APMC,43.0,Metric Tonnes,Deshi,2300.0,2400.0,2366.28,Rs./Quintal,FAQ
Mau(Chitrakut) APMC,56.5,Metric Tonnes,Other,2400.0,2550.0,2466.58,Rs./Quintal,FAQ
Maudaha APMC,17.0,Metric Tonnes,Deshi,2330.0,2500.0,2390.0,Rs./Quintal,FAQ
Maudaha APMC,57.43,Metric Tonnes,Other,2500.0,2500.0,2500.0,Rs./Quintal,FAQ
Mauranipur APMC,12.2,Metric Tonnes,Other,2400.0,2400.0,2400.0,Rs./Quintal,FAQ
Mauranipur APMC,26.0,Metric Tonnes,Medium,2400.0,2400.0,2400.0,Rs./Quintal,FAQ
Meeranpur Katra APMC,63.1,Metric Tonnes,Dara,2530.0,2530.0,2530.0,Rs./Quintal,FAQ
Mehmoodabad APMC,222.79,Metric Tonnes,Other,2600.0,2660.0,2641.35,Rs./Quintal,FAQ
Mehrauni APMC,50.5,Metric Tonnes,Other,2700.0,2700.0,2700.0,Rs./Quintal,FAQ
Mihipurwa APMC,140.2,Metric Tonnes,Dara,2400.0,2500.0,2416.05,Rs./Quintal,FAQ
Milak APMC,10.0,Metric Tonnes,Dara,2500.0,2500.0,2500.0,Rs./Quintal,FAQ
Milak APMC,30.0,Metric Tonnes,Other,2500.0,2502.0,2500.71,Rs./Quintal,FAQ
Mirzapur APMC,45.785,Metric Tonnes,Dara,2500.0,2500.0,2500.0,Rs./Quintal,FAQ
Mishrit APMC,0.5,Metric Tonnes,Dara,2500.0,2500.0,2500.0,Rs./Quintal,FAQ
Mohammdi APMC,45.0,Metric Tonnes,Dara,2400.0,2640.0,2613.33,Rs./Quintal,FAQ
Mohammdi APMC,141.3,Metric Tonnes,Other,2400.0,2650.0,2556.65,Rs./Quintal,FAQ
Muradabad APMC,0.78,Metric Tonnes,Other,2500.0,2500.0,2500.0,Rs./Quintal,FAQ
Muskara APMC,35.075,Metric Tonnes,Other,2350.0,2350.0,2350.0,Rs./Quintal,FAQ
Naugarh APMC,173.98,Metric Tonnes,Dara,2500.0,2625.0,2524.72,Rs./Quintal,FAQ
Nawabganj APMC,28.18,Metric Tonnes,Dara,2700.0,2700.0,2700.0,Rs./Quintal,FAQ
Orai APMC,18.8,Metric Tonnes,Other,2650.0,2650.0,2650.0,Rs./Quintal,FAQ
Paliakala APMC,61.6,Metric Tonnes,Dara,2400.0,2400.0,2400.0,Rs./Quintal,FAQ
Payagpur APMC,32.5,Metric Tonnes,Dara,2600.0,2600.0,2600.0,Rs./Quintal,FAQ
Payagpur APMC,27.0,Metric Tonnes,Other,2500.0,2500.0,2500.0,Rs./Quintal,FAQ
Payagpur APMC,202.575,Metric Tonnes,Medium,2425.0,2600.0,2478.06,Rs./Quintal,FAQ
Pilibhit APMC,4.9,Metric Tonnes,Dara,2650.0,2650.0,2650.0,Rs./Quintal,FAQ
Powayan APMC,14.1,Metric Tonnes,Other,2450.0,2450.0,2450.0,Rs./Quintal,FAQ
Pratapgarh APMC,31.5,Metric Tonnes,Medium,2400.0,2400.0,2400.0,Rs./Quintal,FAQ
Pratapgarh APMC,88.7,Metric Tonnes,Other,2400.0,2400.0,2400.0,Rs./Quintal,FAQ
Pratapgarh APMC,370.07,Metric Tonnes,Dara,2400.0,2800.0,2477.93,Rs./Quintal,FAQ
Prayagraj APMC,25.6,Metric Tonnes,Deshi,2250.0,2250.0,2250.0,Rs./Quintal,FAQ
Prayagraj APMC,46.5,Metric Tonnes,Dara,2250.0,2300.0,2273.12,Rs./Quintal,FAQ
Pukharayan APMC,17.2,Metric Tonnes,Medium,2500.0,2550.0,2523.84,Rs./Quintal,FAQ
Pukharayan APMC,21.4,Metric Tonnes,Deshi,2650.0,2650.0,2650.0,Rs./Quintal,FAQ
Pukharayan APMC,3.985,Metric Tonnes,Other,2600.0,2600.0,2600.0,Rs./Quintal,FAQ
Pukharayan APMC,80.245,Metric Tonnes,Dara,2450.0,2600.0,2531.27,Rs./Quintal,FAQ
Puranpur APMC,46.055,Metric Tonnes,Dara,2600.0,2615.0,2605.3,Rs./Quintal,FAQ
Puranpur APMC,78.035,Metric Tonnes,PBW-343,2600.0,2600.0,2600.0,Rs./Quintal,FAQ
Purwa APMC,53.65,Metric Tonnes,Other,2500.0,2500.0,2500.0,Rs./Quintal,FAQ
Purwa APMC,134.77,Metric Tonnes,Dara,2450.0,2550.0,2499.65,Rs./Quintal,FAQ
Raath APMC,56.0,Metric Tonnes,Other,2400.0,2400.0,2400.0,Rs./Quintal,FAQ
Raath APMC,61.4,Metric Tonnes,Medium,2500.0,2600.0,2523.7,Rs./Quintal,FAQ
Raibareilly APMC,11.1,Metric Tonnes,Dara Mill Quality,2580.0,2580.0,2580.0,Rs./Quintal,FAQ
Raibareilly APMC,303.469,Metric Tonnes,Dara,2400.0,2615.0,2497.19,Rs./Quintal,FAQ
Robertsganj APMC,7.5,Metric Tonnes,Dara Mill Quality,2650.0,2650.0,2650.0,Rs./Quintal,FAQ
Rudauli APMC,70.4,Metric Tonnes,Dara,2475.0,2700.0,2564.03,Rs./Quintal,FAQ
Rura APMC,17.45,Metric Tonnes,Other,2500.0,2500.0,2500.0,Rs./Quintal,FAQ
Rura APMC,20.0,Metric Tonnes,Sharbati,2500.0,2500.0,2500.0,Rs./Quintal,FAQ
Rura APMC,9.4,Metric Tonnes,Sonalika,2500.0,2500.0,2500.0,Rs./Quintal,FAQ
Rura APMC,62.385,Metric Tonnes,Dara,2500.0,2650.0,2519.12,Rs./Quintal,FAQ
Rura APMC,37.32,Metric Tonnes,Medium,2500.0,2600.0,2536.5,Rs./Quintal,FAQ
Safdarganj APMC,10.0,Metric Tonnes,PBW-343,2450.0,2450.0,2450.0,Rs./Quintal,FAQ
Safdarganj APMC,14.3,Metric Tonnes,Other,2450.0,2450.0,2450.0,Rs./Quintal,FAQ
Safdarganj APMC,185.51,Metric Tonnes,Dara,2450.0,2650.0,2489.69,Rs./Quintal,FAQ
Sahiyapur APMC,66.69,Metric Tonnes,Medium,2430.0,2430.0,2430.0,Rs./Quintal,FAQ
Salon APMC,63.97,Metric Tonnes,Dara,2400.0,2600.0,2463.84,Rs./Quintal,FAQ
Sandila APMC,204.555,Metric Tonnes,Dara,2450.0,2625.0,2476.91,Rs./Quintal,FAQ
Sehjanwa APMC,92.662,Metric Tonnes,Dara,2575.0,2801.0,2734.4,Rs./Quintal,FAQ
Shadabad APMC,10.63,Metric Tonnes,Other,2425.0,2425.0,2425.0,Rs./Quintal,FAQ
Shahabad(New Mandi) APMC,28.5,Metric Tonnes,Dara,2450.0,2450.0,2450.0,Rs./Quintal,FAQ
Shahganj APMC,153.75,Metric Tonnes,Dara,2400.0,2700.0,2576.57,Rs./Quintal,FAQ
Shahjahanpur APMC,21.3,Metric Tonnes,Medium Fine,2475.0,2475.0,2475.0,Rs./Quintal,FAQ
Shahjahanpur APMC,120.18,Metric Tonnes,Dara,2550.0,2555.0,2552.25,Rs./Quintal,FAQ
Sidhauli APMC,25.0,Metric Tonnes,Dara,2410.0,2420.0,2414.7,Rs./Quintal,FAQ
Sikanderabad APMC,1.6,Metric Tonnes,Other,2650.0,2650.0,2650.0,Rs./Quintal,FAQ
Sikanderabad APMC,5.6,Metric Tonnes,Medium,2680.0,2680.0,2680.0,Rs./Quintal,FAQ
Sitapur APMC,23.5,Metric Tonnes,Medium,2450.0,2500.0,2484.04,Rs./Quintal,FAQ
Sitapur APMC,23.195,Metric Tonnes,Other,2450.0,2450.0,2450.0,Rs./Quintal,FAQ
Sultanpur APMC,30.825,Metric Tonnes,Dara,2450.0,2450.0,2450.0,Rs./Quintal,FAQ
Tulsipur APMC,41.9,Metric Tonnes,Super Fine,2500.0,2500.0,2500.0,Rs./Quintal,FAQ
Tulsipur APMC,80.0,Metric Tonnes,Medium,2500.0,2670.0,2563.75,Rs./Quintal,FAQ
Tulsipur APMC,62.0,Metric Tonnes,Other,2500.0,2500.0,2500.0,Rs./Quintal,FAQ
Ujhani APMC,226.417,Metric Tonnes,Dara,2500.0,2700.0,2638.24,Rs./Quintal,FAQ
Unnao APMC,5.0,Metric Tonnes,Dara,2550.0,2550.0,2550.0,Rs./Quintal,FAQ
Unnao APMC,133.0,Metric Tonnes,Other,2585.0,2585.0,2585.0,Rs./Quintal,FAQ
Unnao APMC,56.58,Metric Tonnes,Dara Mill Quality,2550.0,2550.0,2550.0,Rs./Quintal,FAQ
Utraula APMC,75.05,Metric Tonnes,Dara,2405.0,2700.0,2554.57,Rs./Quintal,FAQ
Viswan APMC,78.745,Metric Tonnes,Mill Quality,2400.0,2400.0,2400.0,Rs./Quintal,FAQ
Viswan APMC,26.74,Metric Tonnes,Dara,2650.0,2650.0,2650.0,Rs./Quintal,FAQ
Total,12769.63,Metric Tonnes,,,,2532.04,Rs./Quintal,
State/UT Name : Uttarakhand
Lakshar APMC,2.0,Metric Tonnes,Other,2585.0,2600.0,2600.0,Rs./Quintal,Local
Total,2.0,Metric Tonnes,,,,2600.0,Rs./Quintal,
State/UT Name : West Bengal
Asansol APMC,4.6,Metric Tonnes,Kalyan,2600.0,2825.0,2725.0,Rs./Quintal,FAQ
Beldanga APMC,2.0,Metric Tonnes,Other,2450.0,2700.0,2550.0,Rs./Quintal,FAQ
Bishnupur(Bankura) APMC,0.21000000000000002,Metric Tonnes,Sonalika,2600.0,2800.0,2700.0,Rs./Quintal,FAQ
Durgapur APMC,4.6,Metric Tonnes,Kalyan,2600.0,2800.0,2750.0,Rs./Quintal,FAQ
Jangipur APMC,14.25,Metric Tonnes,Deshi,2525.0,2650.0,2600.0,Rs./Quintal,FAQ
Kandi APMC,2.0,Metric Tonnes,Sonalika,2700.0,2800.0,2750.0,Rs./Quintal,FAQ
Kasimbazar APMC,2.0,Metric Tonnes,Sonalika,2700.0,2800.0,2750.0,Rs./Quintal,FAQ
Rampurhat APMC,25.0,Metric Tonnes,Other,2500.0,2600.0,2550.0,Rs./Quintal,FAQ
Total,54.66,Metric Tonnes,,,,2609.81,Rs./Quintal,
Grand Total,14301.39,Metric Tonnes,,,,2535.98,Rs./Quintal,
Commodity Group Name : Pulses
Bengal Gram Dal(Chana Dal)
State/UT Name : Karnataka
Ranebennur APMC,43.7,Metric Tonnes,Bengal Gram Dal,6350.0,6350.0,6350.0,Rs./Quintal,Medium
Total,43.7,Metric Tonnes,,,,6350.0,Rs./Quintal,
State/UT Name : Uttar Pradesh
Azamgarh APMC,3.0,Metric Tonnes,Other,7550.0,7550.0,7550.0,Rs./Quintal,FAQ
Gorakhpur APMC,62.49,Metric Tonnes,Other,7371.47,7425.0,7391.0,Rs./Quintal,FAQ
Pilibhit APMC,1.2,Metric Tonnes,Other,7241.0,7241.0,7241.0,Rs./Quintal,FAQ
Saharanpur APMC,4.5,Metric Tonnes,Other,6700.0,6700.0,6700.0,Rs./Quintal,FAQ
Shamli APMC,7.5,Metric Tonnes,Other,7350.0,7350.0,7350.0,Rs./Quintal,FAQ
Total,78.69,Metric Tonnes,,,,7351.35,Rs./Quintal,
Grand Total,122.39,Metric Tonnes,,,,6993.81,Rs./Quintal,
Red gram/Arhar/Tur(whole) (MSP: Rs. 8450.00/Quintal)
State/UT Name : Andhra Pradesh
Kanigiri APMC,0.1,Metric Tonnes,(Whole),8600.0,8800.0,8700.0,Rs./Quintal,Local
Podili APMC,0.1,Metric Tonnes,Arhar (Whole),8000.0,8200.0,8100.0,Rs./Quintal,FAQ
Total,0.2,Metric Tonnes,,,,8400.0,Rs./Quintal,
State/UT Name : Karnataka
Chittapur APMC,15.100000000000001,Metric Tonnes,Arhar Dal(Tur),7100.0,8900.0,8200.0,Rs./Quintal,Non-FAQ
Vijayapura APMC,27.5,Metric Tonnes,Arhar (Whole),7963.0,8245.0,8195.0,Rs./Quintal,Local
Total,42.6,Metric Tonnes,,,,8196.77,Rs./Quintal,
State/UT Name : Madhya Pradesh
Jaora APMC,35.03,Metric Tonnes,Arhar Dal(Tur),6600.0,6600.0,6600.0,Rs./Quintal,FAQ
Katni APMC,732.953,Metric Tonnes,Arhar Dal(Tur),7750.0,8800.0,8700.0,Rs./Quintal,FAQ
Sagar APMC,30.02,Metric Tonnes,Arhar Dal(Tur),8580.0,8580.0,8580.0,Rs./Quintal,FAQ
Total,798.0,Metric Tonnes,,,,8603.3,Rs./Quintal,
State/UT Name : Maharashtra
APMC Anajngaon ,11.4,Metric Tonnes,Other,7700.0,7950.0,7800.0,Rs./Quintal,Non-FAQ
APMC Ausa ,0.7,Metric Tonnes,Other,8402.0,8402.0,8402.0,Rs./Quintal,FAQ
APMC Balapur ,8.5,Metric Tonnes,Other,8000.0,8600.0,8400.0,Rs./Quintal,FAQ
APMC Balapur ,0.9,Metric Tonnes,Other,6000.0,7770.0,7400.0,Rs./Quintal,Non-FAQ
APMC Katol ,4.9,Metric Tonnes,Other,8080.0,8100.0,8100.0,Rs./Quintal,FAQ
APMC Shirur ,0.1,Metric Tonnes,Other,5000.0,5000.0,5000.0,Rs./Quintal,Non-FAQ
APMC Tumsar ,0.1,Metric Tonnes,Other,7500.0,7500.0,7500.0,Rs./Quintal,Non-FAQ
APMC Udgir ,21.0,Metric Tonnes,Other,8751.0,9022.0,8886.0,Rs./Quintal,FAQ
Total,47.6,Metric Tonnes,,,,8411.92,Rs./Quintal,
State/UT Name : Uttar Pradesh
Atarra APMC,6.005,Metric Tonnes,Other,6600.0,6600.0,6600.0,Rs./Quintal,FAQ
Kanpur(Grain) APMC,62.49,Metric Tonnes,Other,10648.82,10648.82,10648.82,Rs./Quintal,FAQ
Khair APMC,0.7,Metric Tonnes,Other,5600.0,5600.0,5600.0,Rs./Quintal,FAQ
Muskara APMC,6.0,Metric Tonnes,Other,6600.0,6600.0,6600.0,Rs./Quintal,FAQ
Total,75.2,Metric Tonnes,,,,9955.42,Rs./Quintal,
Grand Total,963.6,Metric Tonnes,,,,8681.35,Rs./Quintal,
Commodity Group Name : Vegetables
Cabbage
State/UT Name : Assam
Pamohi(Garchuk) APMC,15.0,Metric Tonnes,Cabbage,2700.0,3500.0,3000.0,Rs./Quintal,FAQ
Tinsukia Market,1.0,Metric Tonnes,Cabbage,2500.0,3500.0,3000.0,Rs./Quintal,FAQ
Total,16.0,Metric Tonnes,,,,3000.0,Rs./Quintal,
State/UT Name : Bihar
Bhagwanpur Mandi APMC,4.0,Metric Tonnes,Cabbage,2600.0,2600.0,2600.0,Rs./Quintal,Grade A
Khagaria APMC,4.0,Metric Tonnes,Cabbage,2599.99974,3266.66634,2733.33306,Rs./Quintal,Grade A
Total,8.0,Metric Tonnes,,,,2666.67,Rs./Quintal,
State/UT Name : Chandigarh
Chandigarh (Grain/F&V) APMC,44.13,Metric Tonnes,Cabbage,500.0,1500.0,1200.0,Rs./Quintal,FAQ
Total,44.13,Metric Tonnes,,,,1200.0,Rs./Quintal,
State/UT Name : Chattisgarh
Durg APMC,25.0,Metric Tonnes,Cabbage,1000.0,1200.0,1000.0,Rs./Quintal,Medium
Rajnandgaon APMC,31.2,Metric Tonnes,Cabbage,1200.0,1400.0,1300.0,Rs./Quintal,Grade B
Tiphra APMC,15.0,Metric Tonnes,Cabbage,1000.0,1200.0,1100.0,Rs./Quintal,Grade B
Total,71.2,Metric Tonnes,,,,1152.53,Rs./Quintal,
State/UT Name : Gujarat
Ankleshwar APMC,5.0,Metric Tonnes,Cabbage,800.0,1500.0,1200.0,Rs./Quintal,Grade A
Bilimora APMC,6.6000000000000005,Metric Tonnes,Other,1250.0,1750.0,1500.0,Rs./Quintal,FAQ
Dahod(Veg. Market) APMC,5.0,Metric Tonnes,Cabbage,1200.0,2000.0,1500.0,Rs./Quintal,Local
Damnagar APMC,0.05,Metric Tonnes,Cabbage,2500.0,2500.0,2500.0,Rs./Quintal,Local
Kapadvanj APMC,5.0,Metric Tonnes,Cabbage,1200.0,1500.0,1350.0,Rs./Quintal,Medium
Navsari APMC,3.6,Metric Tonnes,Cabbage,1500.0,2500.0,2000.0,Rs./Quintal,Local
Vadodara(Sayajipura) APMC,13.37,Metric Tonnes,Other,1000.0,1750.0,1400.0,Rs./Quintal,FAQ
Total,38.62,Metric Tonnes,,,,1455.02,Rs./Quintal,
State/UT Name : Haryana
Bahadurgarh APMC,0.4,Metric Tonnes,Other,1600.0,1800.0,1700.0,Rs./Quintal,Medium
Faridabad APMC,1.2,Metric Tonnes,Cabbage,1000.0,1000.0,1000.0,Rs./Quintal,Local
Ganaur APMC,0.4,Metric Tonnes,Cabbage,2500.0,3000.0,2800.0,Rs./Quintal,Medium
Hansi APMC,1.8,Metric Tonnes,Other,2500.0,3000.0,2750.0,Rs./Quintal,FAQ
Kosli APMC,0.1,Metric Tonnes,Other,2000.0,2000.0,2000.0,Rs./Quintal,FAQ
Narnaul APMC,0.9,Metric Tonnes,Cabbage,2000.0,3000.0,2500.0,Rs./Quintal,Medium
Pundri APMC,0.2,Metric Tonnes,Other,2400.0,2500.0,2450.0,Rs./Quintal,FAQ
Samalkha APMC,0.5,Metric Tonnes,Cabbage,1500.0,2000.0,1800.0,Rs./Quintal,FAQ
Sonepat APMC,1.4000000000000001,Metric Tonnes,Other,1500.0,2100.0,1800.0,Rs./Quintal,FAQ
Total,6.9,Metric Tonnes,,,,2073.91,Rs./Quintal,
State/UT Name : Himachal Pradesh
PMY Kather Solan,0.5,Metric Tonnes,Cabbage,1100.0,1700.0,1500.0,Rs./Quintal,Medium
PMY Kullu,1.0,Metric Tonnes,Other,2000.0,2200.0,2100.0,Rs./Quintal,FAQ
SMY Bandrol,0.2,Metric Tonnes,Other,800.0,1200.0,1000.0,Rs./Quintal,FAQ
SMY Bhuntar,1.1,Metric Tonnes,Other,2000.0,2500.0,2200.0,Rs./Quintal,FAQ
SMY Chauri Bihal,0.30000000000000004,Metric Tonnes,Other,1900.0,2000.0,1950.0,Rs./Quintal,Grade Range-1
SMY Nerwa,3.2,Metric Tonnes,Cabbage,1000.0,1500.0,1000.0,Rs./Quintal,Grade A
Total,6.3,Metric Tonnes,,,,1469.05,Rs./Quintal,
State/UT Name : Karnataka
Bagepalli APMC,2.4000000000000004,Metric Tonnes,Cabbage,1000.0,1500.0,1300.0,Rs./Quintal,Small
Chickkaballapura APMC,30.0,Metric Tonnes,Cabbage,500.0,600.0,550.0,Rs./Quintal,Local
Chikkamagaluru APMC,1.7000000000000002,Metric Tonnes,Cabbage,2000.0,2000.0,2000.0,Rs./Quintal,Local
Gauribidanur APMC,0.8,Metric Tonnes,Cabbage,800.0,1200.0,1000.0,Rs./Quintal,Local
Hospet APMC,4.5,Metric Tonnes,Cabbage,1200.0,1400.0,1400.0,Rs./Quintal,Local
Kolar APMC,7.6000000000000005,Metric Tonnes,Cabbage,600.0,800.0,700.0,Rs./Quintal,Local
Mysuru APMC,11.200000000000001,Metric Tonnes,Cabbage,700.0,800.0,800.0,Rs./Quintal,Medium
Ramanagara APMC,1.2000000000000002,Metric Tonnes,Cabbage,1000.0,1600.0,1200.0,Rs./Quintal,Local
Total,59.4,Metric Tonnes,,,,771.72,Rs./Quintal,
State/UT Name : Keralam
Anchal Market,0.48,Metric Tonnes,Cabbage,6500.0,6500.0,6500.0,Rs./Quintal,Medium
Aralamoodu Market,1.0,Metric Tonnes,Cabbage,4000.0,4000.0,4000.0,Rs./Quintal,FAQ
Attingal Market,950.0,Metric Tonnes,Other,3800.0,4200.0,4000.0,Rs./Quintal,Local
Ettumanoor Market,1.0,Metric Tonnes,Cabbage,3000.0,3600.0,3400.0,Rs./Quintal,FAQ
Irinjalakkuda Market,0.1,Metric Tonnes,Cabbage,3000.0,3600.0,3300.0,Rs./Quintal,FAQ
Kanjirappally Market,0.5,Metric Tonnes,Cabbage,4000.0,4400.0,4200.0,Rs./Quintal,FAQ
Kattappana Market,2.0,Metric Tonnes,Other,3000.0,3400.0,3200.0,Rs./Quintal,Medium
Kayamkulam Market,1.0,Metric Tonnes,Other,2500.0,2700.0,2600.0,Rs./Quintal,FAQ
Koduvayoor Market,0.9,Metric Tonnes,Cabbage,1800.0,2200.0,2000.0,Rs./Quintal,Medium
Kondotty Market,0.25,Metric Tonnes,Other,1800.0,2000.0,1900.0,Rs./Quintal,FAQ
Kottarakkara Market,0.01,Metric Tonnes,Other,2000.0,2000.0,2000.0,Rs./Quintal,Local
Kuruppanthura Market,1.0,Metric Tonnes,Other,4600.0,5000.0,4800.0,Rs./Quintal,FAQ
Madhavapuram Market,0.6,Metric Tonnes,Other,5700.0,6100.0,5900.0,Rs./Quintal,FAQ
Mukkom Market,0.4,Metric Tonnes,Cabbage,2600.0,3000.0,2800.0,Rs./Quintal,FAQ
Munnar Market,0.8,Metric Tonnes,Other,4000.0,4000.0,4000.0,Rs./Quintal,Medium
Piravam Market,5.0,Metric Tonnes,Cabbage,6000.0,7000.0,6500.0,Rs./Quintal,Local
Pothencode Market,600.0,Metric Tonnes,Cabbage,4500.0,4600.0,4500.0,Rs./Quintal,Local
Thalayolaparambu Market,0.5,Metric Tonnes,Cabbage,2500.0,2800.0,2600.0,Rs./Quintal,FAQ
Thrissur Market,6.0,Metric Tonnes,Cabbage,3500.0,4000.0,3800.0,Rs./Quintal,FAQ
Vandiperiyar Market,0.03,Metric Tonnes,Other,4000.0,4000.0,4000.0,Rs./Quintal,Grade Range-1
Wadakkanchery Market,0.2,Metric Tonnes,Cabbage,3500.0,4000.0,3700.0,Rs./Quintal,FAQ
vadakarapathy Market,0.3,Metric Tonnes,Cabbage,1500.0,2000.0,1700.0,Rs./Quintal,FAQ
Total,1572.07,Metric Tonnes,,,,4195.03,Rs./Quintal,
State/UT Name : Madhya Pradesh
Badwaha (F&V) APMC,0.2,Metric Tonnes,Cabbage,1350.0,2200.0,1700.0,Rs./Quintal,Grade A
Betul(F&V) APMC,1.4,Metric Tonnes,Cabbage,700.0,1000.0,900.0,Rs./Quintal,FAQ
Chhindwara(F&V) APMC,1.8,Metric Tonnes,Cabbage,300.0,500.0,400.0,Rs./Quintal,Local
Dewas(F&V) APMC,1.4000000000000001,Metric Tonnes,Other,600.0,1600.0,800.0,Rs./Quintal,FAQ
Dhamnod(F&V) APMC,1.3,Metric Tonnes,Cabbage,700.0,1500.0,1200.0,Rs./Quintal,Local
Gadarwada (F&V) APMC,0.2,Metric Tonnes,Cabbage,1500.0,1500.0,1500.0,Rs./Quintal,Grade B
Guna(F&V) APMC,1.0,Metric Tonnes,Cabbage,1600.0,2000.0,1800.0,Rs./Quintal,Grade B
Harda(F&V) APMC,1.2000000000000002,Metric Tonnes,Other,1000.0,1600.0,1200.0,Rs./Quintal,Medium
Indore(F&V) APMC,10.0,Metric Tonnes,Cabbage,400.0,800.0,600.0,Rs./Quintal,Local
Katni(F&V) APMC,0.75,Metric Tonnes,Other,800.0,800.0,800.0,Rs./Quintal,Grade C
Khandwa(F&V) APMC,0.8,Metric Tonnes,Cabbage,300.0,600.0,500.0,Rs./Quintal,FAQ
Lashkar(F&V) APMC,20.0,Metric Tonnes,Cabbage,1000.0,1400.0,1200.0,Rs./Quintal,Grade B
Manawar(F&V) APMC,0.4,Metric Tonnes,Cabbage,1200.0,1500.0,1300.0,Rs./Quintal,Grade B
Petlawad(F&V) APMC,0.2,Metric Tonnes,Cabbage,1000.0,1000.0,1000.0,Rs./Quintal,Grade A
Pipariya(F&V) APMC,1.8,Metric Tonnes,Cabbage,800.0,2200.0,1500.0,Rs./Quintal,Local
Ratlam(F&V) APMC,1.5,Metric Tonnes,Other,1500.0,2500.0,2300.0,Rs./Quintal,FAQ
Rewa(F&V) APMC,6.2,Metric Tonnes,Cabbage,1100.0,1100.0,1100.0,Rs./Quintal,Small
Sabalgarh(F&V) APMC,0.001,Metric Tonnes,Cabbage,1000.0,1000.0,1000.0,Rs./Quintal,FAQ
Sanawad(F&V) APMC,0.5,Metric Tonnes,Cabbage,1200.0,1600.0,1400.0,Rs./Quintal,Medium
Sehore(F&V) APMC,2.2,Metric Tonnes,Cabbage,1200.0,2000.0,1600.0,Rs./Quintal,Grade Range-1
Sendhwa(F&V) APMC,0.8,Metric Tonnes,Cabbage,800.0,1100.0,900.0,Rs./Quintal,Medium
Thandla APMC,0.57,Metric Tonnes,Cabbage,1000.0,1200.0,1100.0,Rs./Quintal,FAQ
Ujjain(F&V) APMC,0.45999999999999996,Metric Tonnes,Cabbage,625.0,2050.0,1218.0,Rs./Quintal,Medium
Total,54.68,Metric Tonnes,,,,1085.54,Rs./Quintal,
State/UT Name : Maharashtra
APMC Ahilyanagar ,15.0,Metric Tonnes,Other,300.0,1200.0,750.0,Rs./Quintal,Local
APMC Akluj ,1.5,Metric Tonnes,Other,500.0,800.0,700.0,Rs./Quintal,Local
APMC Bhusaval ,1.8,Metric Tonnes,Other,800.0,1300.0,1000.0,Rs./Quintal,Local
APMC Chattrapati Sambhajinagar ,17.0,Metric Tonnes,Other,600.0,700.0,650.0,Rs./Quintal,Local
APMC Dharashiv ,4.3,Metric Tonnes,Other,600.0,1700.0,1150.0,Rs./Quintal,Local
APMC Islampur ,1.2,Metric Tonnes,Other,500.0,1000.0,750.0,Rs./Quintal,Local
APMC Kalmeshwar ,0.2,Metric Tonnes,Other,1440.0,1800.0,1620.0,Rs./Quintal,Local
APMC Kalyan ,0.3,Metric Tonnes,Other,1500.0,2000.0,1750.0,Rs./Quintal,Local
APMC Kamthi ,0.4,Metric Tonnes,Other,2000.0,2500.0,2350.0,Rs./Quintal,Local
APMC Karad ,1.2,Metric Tonnes,Other,800.0,1200.0,1200.0,Rs./Quintal,Local
APMC Khed ,3.3,Metric Tonnes,Other,500.0,1200.0,900.0,Rs./Quintal,Local
APMC Kolhapur ,9.1,Metric Tonnes,Other,500.0,800.0,700.0,Rs./Quintal,Local
APMC Manchar ,44.1,Metric Tonnes,Other,700.0,1100.0,925.0,Rs./Quintal,Local
APMC Nasik ,69.0,Metric Tonnes,Other,665.0,1670.0,1290.0,Rs./Quintal,Local
APMC Pune ,92.9,Metric Tonnes,Other,800.0,1400.0,1100.0,Rs./Quintal,Local
APMC Rahata ,3.0,Metric Tonnes,Other,300.0,1000.0,650.0,Rs./Quintal,Local
APMC Rahuri ,1.3,Metric Tonnes,Other,800.0,1500.0,1150.0,Rs./Quintal,Local
APMC Ramtek ,0.3,Metric Tonnes,Other,1000.0,2000.0,1500.0,Rs./Quintal,Local
APMC Satara ,8.0,Metric Tonnes,Other,1000.0,1500.0,1250.0,Rs./Quintal,Local
APMC Shrirampur ,2.7,Metric Tonnes,Other,800.0,1200.0,1000.0,Rs./Quintal,Local
APMC Vadgaonpeth ,5.3,Metric Tonnes,Other,1000.0,2000.0,1400.0,Rs./Quintal,Local
APMC Vai ,2.0,Metric Tonnes,Other,1500.0,1700.0,1600.0,Rs./Quintal,Local
Amrawati(Frui & Veg. Market) ,9.9,Metric Tonnes,Other,1000.0,1500.0,1250.0,Rs./Quintal,Local
Junnar(Narayangaon) ,26.8,Metric Tonnes,Other,300.0,1100.0,700.0,Rs./Quintal,Local
Junnar(Otur) ,51.6,Metric Tonnes,Other,400.0,1000.0,850.0,Rs./Quintal,Local
Khed(Chakan) ,27.0,Metric Tonnes,Other,500.0,1000.0,700.0,Rs./Quintal,Local
Pune(Khadiki) ,1.3,Metric Tonnes,Other,700.0,1200.0,950.0,Rs./Quintal,Local
Pune(Manjri) ,14.4,Metric Tonnes,Other,600.0,1100.0,900.0,Rs./Quintal,Local
Pune(Moshi) ,19.9,Metric Tonnes,Other,1000.0,1500.0,1250.0,Rs./Quintal,Local
Pune(Pimpri) ,0.3,Metric Tonnes,Other,1000.0,1200.0,1100.0,Rs./Quintal,Local
Total,435.1,Metric Tonnes,,,,1002.22,Rs./Quintal,
State/UT Name : NCT of Delhi
APMC Keshopur,42.150000000000006,Metric Tonnes,Cabbage,1400.0,2600.0,2100.0,Rs./Quintal,FAQ
"Fruit&Vegetable Market,Gazipur APMC",220.95,Metric Tonnes,Cabbage,1400.0,1800.0,1600.0,Rs./Quintal,FAQ
Total,263.1,Metric Tonnes,,,,1680.1,Rs./Quintal,
State/UT Name : Odisha
Angaura APMC,0.9,Metric Tonnes,Other,3900.0,4500.0,4100.0,Rs./Quintal,Grade C
Attabira APMC,1.02,Metric Tonnes,Cabbage,1450.0,1750.0,1600.0,Rs./Quintal,Local
Bargarh APMC,187.0,Metric Tonnes,Cabbage,1500.0,2500.0,2000.0,Rs./Quintal,Local
Bargarh(Barapalli) APMC,130.0,Metric Tonnes,Cabbage,2500.0,3500.0,3000.0,Rs./Quintal,Medium
Baripada APMC,2.0,Metric Tonnes,Cabbage,3000.0,4000.0,3500.0,Rs./Quintal,Medium
Bhawanipatna APMC,1.5,Metric Tonnes,Cabbage,2600.0,2600.0,2600.0,Rs./Quintal,Local
Champua APMC,0.15,Metric Tonnes,Other,5000.0,5000.0,5000.0,Rs./Quintal,Local
Champua(Jhumpura) APMC,0.05,Metric Tonnes,Other,5000.0,5000.0,5000.0,Rs./Quintal,Local
Dhenkanal APMC,0.1,Metric Tonnes,Cabbage,3600.0,4100.0,4000.0,Rs./Quintal,Grade B
Dungurapalli APMC,0.15000000000000002,Metric Tonnes,Cabbage,4500.0,5000.0,4800.0,Rs./Quintal,Local
Gunpur APMC,3.0,Metric Tonnes,Cabbage,6680.0,7700.0,7220.0,Rs./Quintal,FAQ
Kamakhyanagar APMC,0.2,Metric Tonnes,Cabbage,4000.0,4000.0,4000.0,Rs./Quintal,Grade A
Kantabaji APMC,2.0,Metric Tonnes,Cabbage,2000.0,3000.0,2500.0,Rs./Quintal,Grade B
Khariar APMC,0.5,Metric Tonnes,Other,4500.0,4500.0,4500.0,Rs./Quintal,Grade A
Khariar Road APMC,0.6,Metric Tonnes,Cabbage,4000.0,4000.0,4000.0,Rs./Quintal,Grade A
Mukhiguda APMC,0.6000000000000001,Metric Tonnes,Cabbage,2400.0,2700.0,2550.0,Rs./Quintal,Grade B
Pandkital APMC,0.123,Metric Tonnes,Other,3000.0,3500.0,3200.0,Rs./Quintal,Local
Panposh APMC,1.0,Metric Tonnes,Cabbage,2500.0,3200.0,3000.0,Rs./Quintal,FAQ
Saharpada APMC,0.4,Metric Tonnes,Other,4000.0,4800.0,4500.0,Rs./Quintal,Local
Saraskana APMC,0.05,Metric Tonnes,Cabbage,3500.0,4000.0,3800.0,Rs./Quintal,Medium
Udala APMC,0.7,Metric Tonnes,Cabbage,2000.0,2500.0,2200.0,Rs./Quintal,FAQ
Total,332.04,Metric Tonnes,,,,2478.31,Rs./Quintal,
State/UT Name : Punjab
Ajnala APMC,0.3,Metric Tonnes,Cabbage,2400.0,2400.0,2400.0,Rs./Quintal,Local
Bhawanigarh APMC,0.2,Metric Tonnes,Other,2500.0,2700.0,2600.0,Rs./Quintal,Local
Dasuya APMC,0.1,Metric Tonnes,Cabbage,2000.0,2000.0,2000.0,Rs./Quintal,Grade A
Giddarbaha APMC,0.3,Metric Tonnes,Cabbage,3200.0,3200.0,3200.0,Rs./Quintal,FAQ
Malerkotla APMC,4.800000000000001,Metric Tonnes,Cabbage,1500.0,2000.0,1600.0,Rs./Quintal,Local
Mukerian APMC,0.22999999999999998,Metric Tonnes,Cabbage,1500.0,2500.0,2000.0,Rs./Quintal,Grade B
Quadian APMC,0.1,Metric Tonnes,Other,1300.0,1500.0,1400.0,Rs./Quintal,Grade A
Rampuraphul(Nabha Mandi) APMC,1.0,Metric Tonnes,Other,1500.0,2200.0,2000.0,Rs./Quintal,Grade A
Tanda Urmur APMC,0.2,Metric Tonnes,Cabbage,2000.0,3000.0,2500.0,Rs./Quintal,Grade A
Total,7.23,Metric Tonnes,,,,1822.96,Rs./Quintal,
State/UT Name : Rajasthan
Chomu FV APMC,2.8000000000000003,Metric Tonnes,Other,2000.0,2600.0,2300.0,Rs./Quintal,Local
Jalore APMC,0.5,Metric Tonnes,Cabbage,1500.0,2000.0,1800.0,Rs./Quintal,Local
Udaipur (F&V) APMC,15.100000000000001,Metric Tonnes,Other,2000.0,2500.0,2250.0,Rs./Quintal,Medium
Total,18.4,Metric Tonnes,,,,2245.38,Rs./Quintal,
State/UT Name : Tamil Nadu
AJattihalli(Uzhavar Sandhai ),0.14,Metric Tonnes,Cabbage,3000.0,3400.0,3200.0,Rs./Quintal,Local
Ammapet(Uzhavar Sandhai ),0.18,Metric Tonnes,Cabbage,2400.0,3000.0,2700.0,Rs./Quintal,Local
Anaiyur(Uzhavar Sandhai ),0.3,Metric Tonnes,Cabbage,2600.0,3000.0,2800.0,Rs./Quintal,Local
Andipatti(Uzhavar Sandhai ),0.44,Metric Tonnes,Cabbage,2600.0,2800.0,2700.0,Rs./Quintal,Local
Anna nagar(Uzhavar Sandhai ),0.92,Metric Tonnes,Cabbage,3000.0,3000.0,3000.0,Rs./Quintal,Local
Arani(Uzhavar Sandhai ),0.2,Metric Tonnes,Cabbage,2500.0,3000.0,2750.0,Rs./Quintal,Local
Arcot(Uzhavar Sandhai ),0.28,Metric Tonnes,Cabbage,3000.0,3000.0,3000.0,Rs./Quintal,Local
Ariyalur(Uzhavar Sandhai),0.05,Metric Tonnes,Cabbage,3000.0,3500.0,3250.0,Rs./Quintal,Local
Aruppukottai(Uzhavar Sandhai ),0.2,Metric Tonnes,Cabbage,3500.0,4000.0,3750.0,Rs./Quintal,Local
Athur(Uzhavar Sandhai ),0.69,Metric Tonnes,Cabbage,2500.0,3000.0,2750.0,Rs./Quintal,Local
Avallapalli(Uzhavar Sandhai ),0.28,Metric Tonnes,Cabbage,1000.0,1500.0,1250.0,Rs./Quintal,Local
Bodinayakanur(Uzhavar Sandhai ),0.22,Metric Tonnes,Cabbage,2800.0,2800.0,2800.0,Rs./Quintal,Local
Chengalpet(Uzhavar Sandhai ),0.09,Metric Tonnes,Cabbage,2500.0,3000.0,2750.0,Rs./Quintal,Local
Chengam(Uzhavar Sandhai ),0.12,Metric Tonnes,Cabbage,2500.0,3000.0,2750.0,Rs./Quintal,Local
Cheyyar(Uzhavar Sandhai ),0.15,Metric Tonnes,Cabbage,2000.0,2400.0,2200.0,Rs./Quintal,Local
Chinnalapatti(Uzhavar Sandhai ),0.07,Metric Tonnes,Cabbage,3600.0,4000.0,3800.0,Rs./Quintal,Local
Chinnamanur(Uzhavar Sandhai ),0.91,Metric Tonnes,Cabbage,2500.0,2500.0,2500.0,Rs./Quintal,Local
Chokkikulam(Uzhavar Sandhai ),0.43,Metric Tonnes,Cabbage,2600.0,3000.0,2800.0,Rs./Quintal,Local
Coonoor(Uzhavar Sandhai ),0.42,Metric Tonnes,Cabbage,2600.0,3000.0,2800.0,Rs./Quintal,Local
Cuddalore(Uzhavar Sandhai ),0.24,Metric Tonnes,Cabbage,3000.0,3000.0,3000.0,Rs./Quintal,Local
Denkanikottai(Uzhavar Sandhai ),0.29,Metric Tonnes,Cabbage,1000.0,1500.0,1250.0,Rs./Quintal,Local
Devakottai (Uzhavar Sandhai ),0.13,Metric Tonnes,Cabbage,3000.0,3200.0,3100.0,Rs./Quintal,Local
Devaram(Uzhavar Sandhai ),0.2,Metric Tonnes,Cabbage,2800.0,2800.0,2800.0,Rs./Quintal,Local
Dharapuram(Uzhavar Sandhai ),1.1,Metric Tonnes,Cabbage,3000.0,3500.0,3250.0,Rs./Quintal,Local
Dharmapuri(Uzhavar Sandhai ),0.28,Metric Tonnes,Cabbage,3200.0,3400.0,3300.0,Rs./Quintal,Local
Dindigul(Uzhavar Sandhai ),0.34,Metric Tonnes,Cabbage,3000.0,4000.0,3500.0,Rs./Quintal,Local
Edapadi (Uzhavar Sandhai ),0.2,Metric Tonnes,Cabbage,2800.0,3000.0,2900.0,Rs./Quintal,Local
Elampillai(Uzhavar Sandhai ),0.2,Metric Tonnes,Cabbage,3000.0,3400.0,3200.0,Rs./Quintal,Local
Gandhigramam(Uzhavar Sandhai),0.16,Metric Tonnes,Cabbage,4500.0,5000.0,4750.0,Rs./Quintal,Local
Gingee(Uzhavar Sandhai ),0.07,Metric Tonnes,Cabbage,4000.0,4000.0,4000.0,Rs./Quintal,Local
Gobichettipalayam(Uzhavar Sandhai ),0.28,Metric Tonnes,Cabbage,2000.0,2500.0,2250.0,Rs./Quintal,Local
Gudalur(Uzhavar Sandhai ),0.02,Metric Tonnes,Cabbage,2000.0,2500.0,2250.0,Rs./Quintal,Local
Gudiyatham(Uzhavar Sandhai ),0.05,Metric Tonnes,Cabbage,3000.0,3000.0,3000.0,Rs./Quintal,Local
Harur(Uzhavar Sandhai ),0.19,Metric Tonnes,Cabbage,3000.0,3500.0,3250.0,Rs./Quintal,Local
Hasthampatti(Uzhavar Sandhai ),0.23,Metric Tonnes,Cabbage,3000.0,3400.0,3200.0,Rs./Quintal,Local
Hosur(Uzhavar Sandhai ),2.34,Metric Tonnes,Cabbage,1000.0,1500.0,1250.0,Rs./Quintal,Local
Jalagandapuram(Uzhavar Sandhai ),0.05,Metric Tonnes,Cabbage,3000.0,3500.0,3250.0,Rs./Quintal,Local
Jameenrayapettai(Uzhavar Sandhai ),0.21,Metric Tonnes,Cabbage,2500.0,3000.0,2750.0,Rs./Quintal,Local
KKNagar(Uzhavar Sandhai ),0.7,Metric Tonnes,Cabbage,3200.0,3200.0,3200.0,Rs./Quintal,Local
Kahithapattarai(Uzhavar Sandhai ),0.14,Metric Tonnes,Cabbage,2500.0,2500.0,2500.0,Rs./Quintal,Local
Kallakurichi(Uzhavar Sandhai ),0.06,Metric Tonnes,Cabbage,4000.0,4000.0,4000.0,Rs./Quintal,Local
Kambam(Uzhavar Sandhai ),2.1,Metric Tonnes,Cabbage,2800.0,2800.0,2800.0,Rs./Quintal,Local
Karaikudi(Uzhavar Sandhai ),0.2,Metric Tonnes,Cabbage,3000.0,3400.0,3200.0,Rs./Quintal,Local
Karimangalam(Uzhavar Sandhai),0.12,Metric Tonnes,Cabbage,3300.0,3500.0,3400.0,Rs./Quintal,Local
Kariyapatti(Uzhavar Sandhai ),0.08,Metric Tonnes,Cabbage,3500.0,4000.0,3750.0,Rs./Quintal,Local
Karur(Uzhavar Sandhai ),0.48,Metric Tonnes,Cabbage,4500.0,5000.0,4750.0,Rs./Quintal,Local
Katpadi (Uzhavar Sandhai ),0.2,Metric Tonnes,Cabbage,2500.0,2500.0,2500.0,Rs./Quintal,Local
Kovilpatti(Uzhavar Sandhai ),0.14,Metric Tonnes,Cabbage,3500.0,4000.0,3750.0,Rs./Quintal,Local
Krishnagiri(Uzhavar Sandhai ),0.16,Metric Tonnes,Cabbage,2800.0,3000.0,2900.0,Rs./Quintal,Local
Kulithalai(Uzhavar Sandhai ),0.4,Metric Tonnes,Cabbage,3000.0,3200.0,3100.0,Rs./Quintal,Local
Kumarapalayam(Uzhavar Sandhai ),0.01,Metric Tonnes,Cabbage,3600.0,4000.0,3800.0,Rs./Quintal,Local
Kumbakonam (Uzhavar Sandhai ),0.48,Metric Tonnes,Cabbage,2400.0,3600.0,3000.0,Rs./Quintal,Local
Kundrathur(Uzhavar Sandhai ),0.15,Metric Tonnes,Cabbage,3000.0,3000.0,3000.0,Rs./Quintal,Local
Lalgudi(Uzhavar Sandhai ),0.15,Metric Tonnes,Cabbage,3000.0,3000.0,3000.0,Rs./Quintal,Local
Manachanallur(Uzhavar Sandhai ),0.14,Metric Tonnes,Cabbage,2500.0,3000.0,2750.0,Rs./Quintal,Local
Manapparai(Uzhavar Sandhai ),0.1,Metric Tonnes,Cabbage,3000.0,3000.0,3000.0,Rs./Quintal,Local
Mannargudi I(Uzhavar Sandhai ),0.55,Metric Tonnes,Cabbage,3400.0,3400.0,3400.0,Rs./Quintal,Local
Mannargudi II(Uzhavar Sandhai ),0.18,Metric Tonnes,Cabbage,3400.0,3400.0,3400.0,Rs./Quintal,Local
Mayiladuthurai(Uzhavar Sandhai ),0.03,Metric Tonnes,Cabbage,4000.0,4000.0,4000.0,Rs./Quintal,Local
Melapalayam(Uzhavar Sandhai ),0.25,Metric Tonnes,Cabbage,2800.0,3000.0,2900.0,Rs./Quintal,Local
Mettupalayam(Uzhavar Sandhai ),0.66,Metric Tonnes,Cabbage,3000.0,3500.0,3250.0,Rs./Quintal,Local
Mettur(Uzhavar Sandhai ),0.34,Metric Tonnes,Cabbage,2500.0,3000.0,2750.0,Rs./Quintal,Local
Mohanur(Uzhavar Sandhai ),0.17,Metric Tonnes,Cabbage,3000.0,3500.0,3250.0,Rs./Quintal,Local
Musiri(Uzhavar Sandhai ),0.56,Metric Tonnes,Cabbage,2500.0,3000.0,2750.0,Rs./Quintal,Local
Muthupettai(Uzhavar Sandhai ),0.05,Metric Tonnes,Cabbage,3400.0,3400.0,3400.0,Rs./Quintal,Local
Myladi(Uzhavar Sandhai ),0.02,Metric Tonnes,Cabbage,4500.0,5000.0,4750.0,Rs./Quintal,Local
NGO Colony(Uzhavar Sandhai ),0.29,Metric Tonnes,Cabbage,2500.0,3000.0,2750.0,Rs./Quintal,Local
Nagapattinam(Uzhavar Sandhai ),0.12,Metric Tonnes,Cabbage,4500.0,4500.0,4500.0,Rs./Quintal,Local
Namakkal(Uzhavar Sandhai ),0.98,Metric Tonnes,Cabbage,2000.0,2500.0,2250.0,Rs./Quintal,Local
Nanganallur(Uzhavar Sandhai ),0.04,Metric Tonnes,Cabbage,3500.0,4000.0,3750.0,Rs./Quintal,Local
Natrampalli(Uzhavar Sandhai ),0.35,Metric Tonnes,Cabbage,2500.0,3000.0,2750.0,Rs./Quintal,Local
Padappai(Uzhavar Sandhai ),0.11,Metric Tonnes,Cabbage,2000.0,2500.0,2250.0,Rs./Quintal,Local
Palacode(Uzhavar Sandhai ),0.26,Metric Tonnes,Cabbage,2800.0,3000.0,2900.0,Rs./Quintal,Local
Palanganatham(Uzhavar Sandhai ),0.2,Metric Tonnes,Cabbage,2500.0,3000.0,2750.0,Rs./Quintal,Local
Palani(Uzhavar Sandhai ),0.63,Metric Tonnes,Cabbage,3000.0,3400.0,3200.0,Rs./Quintal,Local
Palayamkottai(Uzhavar Sandhai ),2.4,Metric Tonnes,Cabbage,2800.0,3000.0,2900.0,Rs./Quintal,Local
Palladam(Uzhavar Sandhai ),0.15,Metric Tonnes,Cabbage,2500.0,3000.0,2750.0,Rs./Quintal,Local
Pallavaram(Uzhavar Sandhai ),0.52,Metric Tonnes,Cabbage,2000.0,2500.0,2250.0,Rs./Quintal,Local
Pallikonda(Uzhavar Sandhai),0.03,Metric Tonnes,Cabbage,2500.0,2500.0,2500.0,Rs./Quintal,Local
Papanasam(Uzhavar Sandhai ),0.06,Metric Tonnes,Cabbage,3600.0,3600.0,3600.0,Rs./Quintal,Local
Paramakudi(Uzhavar Sandhai ),0.18,Metric Tonnes,Cabbage,4500.0,5000.0,4750.0,Rs./Quintal,Local
Paramathivelur(Uzhavar Sandhai ),0.16,Metric Tonnes,Cabbage,2500.0,3000.0,2750.0,Rs./Quintal,Local
Paruthipattu(Uzhavar Sandhai ),0.08,Metric Tonnes,Cabbage,4000.0,4000.0,4000.0,Rs./Quintal,Local
Pattukottai(Uzhavar Sandhai ),0.25,Metric Tonnes,Cabbage,3400.0,3400.0,3400.0,Rs./Quintal,Local
Pennagaram(Uzhavar Sandhai ),0.09,Metric Tonnes,Cabbage,3700.0,4000.0,3850.0,Rs./Quintal,Local
Perambalur(Uzhavar Sandhai ),0.46,Metric Tonnes,Cabbage,3200.0,3200.0,3200.0,Rs./Quintal,Local
Perampet(Uzhavar Sandhai),0.03,Metric Tonnes,Cabbage,3000.0,3000.0,3000.0,Rs./Quintal,Local
Periyakulam(Uzhavar Sandhai ),0.28,Metric Tonnes,Cabbage,2600.0,2800.0,2700.0,Rs./Quintal,Local
Perundurai(Uzhavar Sandhai ),0.1,Metric Tonnes,Cabbage,2000.0,2400.0,2200.0,Rs./Quintal,Local
Pollachi(Uzhavar Sandhai ),0.15,Metric Tonnes,Cabbage,3000.0,3500.0,3250.0,Rs./Quintal,Local
Polur(Uzhavar Sandhai ),0.16,Metric Tonnes,Cabbage,2500.0,3000.0,2750.0,Rs./Quintal,Local
Pudukottai(Uzhavar Sandhai ),0.27,Metric Tonnes,Cabbage,3000.0,3500.0,3250.0,Rs./Quintal,Local
RSPuram(Uzhavar Sandhai ),0.92,Metric Tonnes,Cabbage,2000.0,2200.0,2100.0,Rs./Quintal,Local
Rajapalayam(Uzhavar Sandhai ),0.25,Metric Tonnes,Cabbage,2800.0,3200.0,3000.0,Rs./Quintal,Local
Ramanathapuram(Uzhavar Sandhai ),0.1,Metric Tonnes,Cabbage,4200.0,4500.0,4350.0,Rs./Quintal,Local
Ranipettai(Uzhavar Sandhai ),0.12,Metric Tonnes,Cabbage,2500.0,2500.0,2500.0,Rs./Quintal,Local
Rasipuram(Uzhavar Sandhai ),0.78,Metric Tonnes,Cabbage,3400.0,3600.0,3500.0,Rs./Quintal,Local
Sampath Nagar(Uzhavar Sandhai ),0.38,Metric Tonnes,Cabbage,2000.0,2200.0,2100.0,Rs./Quintal,Local
Sathiyamagalam(Uzhavar Sandhai ),0.22,Metric Tonnes,Cabbage,3000.0,3800.0,3400.0,Rs./Quintal,Local
Sathur(Uzhavar Sandhai ),0.02,Metric Tonnes,Cabbage,3500.0,4000.0,3750.0,Rs./Quintal,Local
Singampunari(Uzhavar Sandhai ),0.16,Metric Tonnes,Cabbage,2800.0,3200.0,3000.0,Rs./Quintal,Local
Singanallur(Uzhavar Sandhai ),1.24,Metric Tonnes,Cabbage,2500.0,3000.0,2750.0,Rs./Quintal,Local
Sirkali(Uzhavar Sandhai ),0.2,Metric Tonnes,Cabbage,3000.0,3000.0,3000.0,Rs./Quintal,Local
Sivagangai (Uzhavar Sandhai ),0.4,Metric Tonnes,Cabbage,2800.0,3200.0,3000.0,Rs./Quintal,Local
Sivakasi(Uzhavar Sandhai ),0.03,Metric Tonnes,Cabbage,3000.0,3500.0,3250.0,Rs./Quintal,Local
Sooramangalam(Uzhavar Sandhai ),0.36,Metric Tonnes,Cabbage,2500.0,3000.0,2750.0,Rs./Quintal,Local
Srivilliputhur(Uzhavar Sandhai ),0.12,Metric Tonnes,Cabbage,3000.0,3500.0,3250.0,Rs./Quintal,Local
Sulur(Uzhavar Sandhai ),0.28,Metric Tonnes,Cabbage,2500.0,3000.0,2750.0,Rs./Quintal,Local
Sundarapuram(Uzhavar Sandhai ),0.32,Metric Tonnes,Cabbage,2500.0,3000.0,2750.0,Rs./Quintal,Local
Sunguvarchatram(Uzhavar Sandhai ),0.15,Metric Tonnes,Cabbage,3000.0,3000.0,3000.0,Rs./Quintal,Local
Tenkasi(Uzhavar Sandhai ),0.1,Metric Tonnes,Cabbage,3000.0,3000.0,3000.0,Rs./Quintal,Local
Thalavadi(Uzhavar Sandhai ),0.24,Metric Tonnes,Cabbage,1400.0,1800.0,1600.0,Rs./Quintal,Local
Thalavaipuram(Uzhavar Sandhai ),0.04,Metric Tonnes,Cabbage,2500.0,3200.0,2850.0,Rs./Quintal,Local
Thammampatti (Uzhavar Sandhai ),0.33,Metric Tonnes,Cabbage,3500.0,4000.0,3750.0,Rs./Quintal,Local
Thanjavur(Uzhavar Sandhai ),0.23,Metric Tonnes,Cabbage,3400.0,3400.0,3400.0,Rs./Quintal,Local
Thathakapatti(Uzhavar Sandhai ),0.29,Metric Tonnes,Cabbage,2500.0,3000.0,2750.0,Rs./Quintal,Local
Theni(Uzhavar Sandhai ),1.59,Metric Tonnes,Cabbage,2800.0,2800.0,2800.0,Rs./Quintal,Local
Thirupathur APMC,0.3,Metric Tonnes,Cabbage,3400.0,3400.0,3400.0,Rs./Quintal,Local
Thiruverumbur(Uzhavar Sandhai ),0.27,Metric Tonnes,Cabbage,3000.0,3000.0,3000.0,Rs./Quintal,Local
Thuraiyur APMC,0.28,Metric Tonnes,Cabbage,2500.0,3000.0,2750.0,Rs./Quintal,Local
Tindivanam APMC,0.13,Metric Tonnes,Cabbage,3500.0,3500.0,3500.0,Rs./Quintal,Local
Tiruchengode APMC,0.17,Metric Tonnes,Cabbage,2600.0,3000.0,2800.0,Rs./Quintal,Local
Tirupatthur(Uzhavar Sandhai ),0.16,Metric Tonnes,Cabbage,3000.0,3500.0,3250.0,Rs./Quintal,Local
Tiruppur (North) (Uzhavar Sandhai ),0.19,Metric Tonnes,Cabbage,2500.0,3000.0,2750.0,Rs./Quintal,Local
Tiruppur (South) (Uzhavar Sandhai ),0.52,Metric Tonnes,Cabbage,1800.0,2000.0,1900.0,Rs./Quintal,Local
Tiruthani(Uzhavar Sandhai ),0.05,Metric Tonnes,Cabbage,4000.0,4000.0,4000.0,Rs./Quintal,Local
Tiruvannamalai(Uzhavar Sandhai ),0.39,Metric Tonnes,Cabbage,2000.0,2500.0,2250.0,Rs./Quintal,Local
Tuticorin(Uzhavar Sandhai ),0.13,Metric Tonnes,Cabbage,3000.0,3500.0,3250.0,Rs./Quintal,Local
Udhagamandalam(Uzhavar Sandhai ),1.18,Metric Tonnes,Cabbage,2000.0,2500.0,2250.0,Rs./Quintal,Local
Udumalpet APMC,0.22,Metric Tonnes,Cabbage,3000.0,3500.0,3250.0,Rs./Quintal,Local
Vadalur(Uzhavar Sandhai ),0.04,Metric Tonnes,Cabbage,3000.0,3000.0,3000.0,Rs./Quintal,Local
Vadaseri APMC,0.2,Metric Tonnes,Cabbage,5000.0,5500.0,5250.0,Rs./Quintal,Local
Vadavalli(Uzhavar Sandhai ),0.35,Metric Tonnes,Cabbage,2000.0,2400.0,2200.0,Rs./Quintal,Local
Vaniyampadi(Uzhavar Sandhai ),0.28,Metric Tonnes,Cabbage,4000.0,4000.0,4000.0,Rs./Quintal,Local
Vazhapadi(Uzhavar Sandhai),0.02,Metric Tonnes,Cabbage,3000.0,3000.0,3000.0,Rs./Quintal,Local
Vedaranyam(Uzhavar Sandhai),0.06,Metric Tonnes,Cabbage,3600.0,3800.0,3700.0,Rs./Quintal,Local
Vellore APMC,0.25,Metric Tonnes,Cabbage,2500.0,2500.0,2500.0,Rs./Quintal,Local
Villupuram(Uzhavar Sandhai ),0.03,Metric Tonnes,Cabbage,4000.0,4000.0,4000.0,Rs./Quintal,Local
Virudhunagar(Uzhavar Sandhai ),0.04,Metric Tonnes,Cabbage,3500.0,3600.0,3550.0,Rs./Quintal,Local
Viruthachalam(Uzhavar Sandhai ),0.03,Metric Tonnes,Cabbage,2500.0,2500.0,2500.0,Rs./Quintal,Local
Total,43.8,Metric Tonnes,,,,2819.58,Rs./Quintal,
State/UT Name : Telangana
"Alwal,RBZ",1.2000000000000002,Metric Tonnes,Other,1400.0,1400.0,1400.0,Rs./Quintal,FAQ
Bowenpally APMC,1.7000000000000002,Metric Tonnes,Other,400.0,1000.0,800.0,Rs./Quintal,FAQ
Bowenpally APMC,134.0,Metric Tonnes,Cabbage,600.0,1100.0,1000.0,Rs./Quintal,FAQ
Gudimalkapur APMC,51.1,Metric Tonnes,Cabbage,600.0,1000.0,800.0,Rs./Quintal,Grade B
"Kukatpally,RBZ",6.5,Metric Tonnes,Cabbage,1400.0,1400.0,1400.0,Rs./Quintal,Local
L B Nagar APMC,10.100000000000001,Metric Tonnes,Cabbage,800.0,1200.0,1000.0,Rs./Quintal,Medium
Mahboob Manison APMC,2.5,Metric Tonnes,Cabbage,1000.0,1200.0,1100.0,Rs./Quintal,Medium
Miryalguda(Rythu Bazar) ,0.3,Metric Tonnes,Cabbage,2500.0,2500.0,2500.0,Rs./Quintal,Grade A
RYTHU BAZAR ERRAGADDA,4.5,Metric Tonnes,Cabbage,1400.0,1400.0,1400.0,Rs./Quintal,Grade A
RYTHU BAZAR FALAKNUMA,2.2,Metric Tonnes,Cabbage,1400.0,1400.0,1400.0,Rs./Quintal,Grade A
RYTHU BAZAR MEHDIPATNAM,1.2,Metric Tonnes,Cabbage,1300.0,1300.0,1300.0,Rs./Quintal,Grade A
Sangareddy APMC,0.4,Metric Tonnes,Cabbage,1500.0,1500.0,1500.0,Rs./Quintal,Grade B
"Saroornagar,RBZ",2.7,Metric Tonnes,Other,1400.0,1400.0,1400.0,Rs./Quintal,Medium
Shadnagar APMC,5.0,Metric Tonnes,Cabbage,1600.0,1800.0,1700.0,Rs./Quintal,Local
Siddipet(Rythu Bazar) ,1.0,Metric Tonnes,Cabbage,2000.0,2800.0,2400.0,Rs./Quintal,Grade A
"Vanasthalipuram,RBZ ",2.1,Metric Tonnes,Cabbage,1400.0,1400.0,1400.0,Rs./Quintal,Grade A
Vantamamidi APMC,4.6000000000000005,Metric Tonnes,Cabbage,600.0,1000.0,800.0,Rs./Quintal,Local
Venkateswarnagar APMC,0.2,Metric Tonnes,Cabbage,1000.0,1200.0,1100.0,Rs./Quintal,Grade A
Warangal APMC,5.300000000000001,Metric Tonnes,Cabbage,1600.0,2000.0,1800.0,Rs./Quintal,FAQ
Total,236.6,Metric Tonnes,,,,1027.98,Rs./Quintal,
State/UT Name : Tripura
Boxonagar,0.020000000000000004,Metric Tonnes,Cabbage,4000.0,4500.0,4200.0,Rs./Quintal,Medium
Total,0.02,Metric Tonnes,,,,4200.0,Rs./Quintal,
State/UT Name : Uttar Pradesh
Baripaal APMC,0.2,Metric Tonnes,Cabbage,2000.0,2500.0,2200.0,Rs./Quintal,Medium
Dudhi APMC,1.0,Metric Tonnes,Cabbage,900.0,1100.0,1000.0,Rs./Quintal,Medium
Hasanpur APMC,0.6,Metric Tonnes,Cabbage,1450.0,1520.0,1500.0,Rs./Quintal,FAQ
Kairana APMC,0.5,Metric Tonnes,Cabbage,1500.0,1600.0,1550.0,Rs./Quintal,FAQ
Total,2.3,Metric Tonnes,,,,1354.35,Rs./Quintal,
State/UT Name : Uttarakhand
Kotadwara APMC,0.6,Metric Tonnes,Cabbage,1100.0,1100.0,1100.0,Rs./Quintal,FAQ
Rudrapur APMC,6.0,Metric Tonnes,Other,3000.0,5000.0,4000.0,Rs./Quintal,Medium
Vikasnagar APMC,6.5,Metric Tonnes,Cabbage,500.0,1500.0,800.0,Rs./Quintal,Medium
Total,13.1,Metric Tonnes,,,,2279.39,Rs./Quintal,
State/UT Name : West Bengal
Darjeeling APMC,1.5,Metric Tonnes,Other,2700.0,2900.0,2800.0,Rs./Quintal,FAQ
Durgapur APMC,5.5,Metric Tonnes,Other,1900.0,2100.0,2050.0,Rs./Quintal,FAQ
Karsiyang(Matigara) APMC,1.2,Metric Tonnes,Other,2800.0,3000.0,2900.0,Rs./Quintal,FAQ
Kasipur APMC,1.4,Metric Tonnes,Other,2500.0,2600.0,2600.0,Rs./Quintal,FAQ
Medinipur(West) APMC,0.5,Metric Tonnes,Cabbage,3500.0,3800.0,3600.0,Rs./Quintal,FAQ
Sealdah Koley Market APMC,8.6,Metric Tonnes,Other,3000.0,3200.0,3200.0,Rs./Quintal,FAQ
Total,18.7,Metric Tonnes,,,,2776.2,Rs./Quintal,
Grand Total,3247.69,Metric Tonnes,,,,2830.13,Rs./Quintal,
Carrot
State/UT Name : Assam
Pamohi(Garchuk) APMC,18.0,Metric Tonnes,Carrot,9000.0,10000.0,9500.0,Rs./Quintal,FAQ
Tinsukia Market,0.8,Metric Tonnes,Carrot,7000.0,9000.0,8000.0,Rs./Quintal,FAQ
Total,18.8,Metric Tonnes,,,,9436.17,Rs./Quintal,
State/UT Name : Bihar
Khagaria APMC,2.0,Metric Tonnes,Carrot,4266.6662400000005,4833.33285,4583.332875,Rs./Quintal,Grade A
Total,2.0,Metric Tonnes,,,,4583.33,Rs./Quintal,
State/UT Name : Chandigarh
Chandigarh (Grain/F&V) APMC,15.32,Metric Tonnes,Carrot,1000.0,1400.0,1200.0,Rs./Quintal,FAQ
Total,15.32,Metric Tonnes,,,,1200.0,Rs./Quintal,
State/UT Name : Chattisgarh
Durg APMC,1.0,Metric Tonnes,Carrot,1800.0,2000.0,1800.0,Rs./Quintal,Medium
Rajnandgaon APMC,6.6,Metric Tonnes,Carrot,2500.0,3000.0,2800.0,Rs./Quintal,Grade B
Tiphra APMC,6.0,Metric Tonnes,Carrot,2200.0,2400.0,2300.0,Rs./Quintal,Grade B
Total,13.6,Metric Tonnes,,,,2505.88,Rs./Quintal,
State/UT Name : Gujarat
Bharuch APMC,1.6,Metric Tonnes,Other,1500.0,1800.0,1700.0,Rs./Quintal,Local
Dahod(Veg. Market) APMC,0.28,Metric Tonnes,Carrot,2500.0,3000.0,2900.0,Rs./Quintal,Local
Navsari APMC,1.32,Metric Tonnes,Carrot,2500.0,3000.0,2750.0,Rs./Quintal,Local
Vadodara(Sayajipura) APMC,2.33,Metric Tonnes,Other,1500.0,2000.0,1800.0,Rs./Quintal,FAQ
Total,5.53,Metric Tonnes,,,,2053.53,Rs./Quintal,
State/UT Name : Haryana
Bahadurgarh APMC,0.30000000000000004,Metric Tonnes,Other,5500.0,6000.0,5800.0,Rs./Quintal,Medium
Ganaur APMC,0.1,Metric Tonnes,Carrot,4000.0,5000.0,4500.0,Rs./Quintal,Medium
Samalkha APMC,0.15000000000000002,Metric Tonnes,Carrot,4000.0,4000.0,4000.0,Rs./Quintal,FAQ
Total,0.55,Metric Tonnes,,,,5072.73,Rs./Quintal,
State/UT Name : Himachal Pradesh
PMY Kullu,0.9,Metric Tonnes,Other,3000.0,3500.0,3200.0,Rs./Quintal,FAQ
SMY Bhuntar,0.6,Metric Tonnes,Other,2500.0,3200.0,2900.0,Rs./Quintal,FAQ
Total,1.5,Metric Tonnes,,,,3080.0,Rs./Quintal,
State/UT Name : Karnataka
Bagepalli APMC,1.2000000000000002,Metric Tonnes,Carrot,1500.0,2500.0,2000.0,Rs./Quintal,Small
Chickkaballapura APMC,7.0,Metric Tonnes,Carrot,2500.0,3200.0,3000.0,Rs./Quintal,Local
Chikkamagaluru APMC,2.0,Metric Tonnes,Other,4200.0,4200.0,4200.0,Rs./Quintal,Local
Chintamani APMC,1.1,Metric Tonnes,Carrot,2000.0,4000.0,3000.0,Rs./Quintal,Local
Gauribidanur APMC,0.30000000000000004,Metric Tonnes,Carrot,1800.0,2500.0,2300.0,Rs./Quintal,Local
Kolar APMC,8.1,Metric Tonnes,Carrot,3000.0,4000.0,3600.0,Rs./Quintal,Local
Mysuru APMC,5.800000000000001,Metric Tonnes,Carrot,4000.0,4200.0,4200.0,Rs./Quintal,Medium
Ramanagara APMC,0.8,Metric Tonnes,Carrot,4000.0,5600.0,5000.0,Rs./Quintal,Local
Ranebennur APMC,0.4,Metric Tonnes,Carrot,1500.0,3500.0,3000.0,Rs./Quintal,Medium
Total,26.7,Metric Tonnes,,,,3539.7,Rs./Quintal,
State/UT Name : Keralam
Anchal Market,0.43,Metric Tonnes,Carrot,4800.0,4800.0,4800.0,Rs./Quintal,Local
Aralamoodu Market,2.0,Metric Tonnes,Carrot,4000.0,6000.0,6000.0,Rs./Quintal,FAQ
Attingal Market,850.0,Metric Tonnes,Other,7500.0,8200.0,8000.0,Rs./Quintal,Local
Ettumanoor Market,1.0,Metric Tonnes,Carrot,7000.0,7400.0,7200.0,Rs./Quintal,FAQ
Irinjalakkuda Market,0.1,Metric Tonnes,Carrot,5000.0,5300.0,5200.0,Rs./Quintal,FAQ
Kanjirappally Market,0.5,Metric Tonnes,Carrot,7500.0,8000.0,7800.0,Rs./Quintal,FAQ
Kattappana Market,2.0,Metric Tonnes,Other,5800.0,6500.0,6000.0,Rs./Quintal,Medium
Kayamkulam Market,1.0,Metric Tonnes,Other,6600.0,6800.0,6700.0,Rs./Quintal,FAQ
Koduvayoor Market,0.8,Metric Tonnes,Carrot,4600.0,5000.0,4800.0,Rs./Quintal,Medium
Kottarakkara Market,0.01,Metric Tonnes,Other,3600.0,3600.0,3600.0,Rs./Quintal,Local
Kuruppanthura Market,1.0,Metric Tonnes,Other,6000.0,6200.0,6200.0,Rs./Quintal,FAQ
Madhavapuram Market,0.8,Metric Tonnes,Other,8800.0,9200.0,9000.0,Rs./Quintal,FAQ
Mukkom Market,0.5,Metric Tonnes,Carrot,8000.0,8400.0,8200.0,Rs./Quintal,FAQ
Munnar Market,0.8,Metric Tonnes,Other,7300.0,7300.0,7300.0,Rs./Quintal,Medium
Piravam Market,5.0,Metric Tonnes,Carrot,7000.0,8200.0,8000.0,Rs./Quintal,Local
Pothencode Market,600.0,Metric Tonnes,Carrot,5000.0,5200.0,5000.0,Rs./Quintal,Local
Thalayolaparambu Market,0.5,Metric Tonnes,Carrot,6000.0,6300.0,6100.0,Rs./Quintal,FAQ
Thrissur Market,7.0,Metric Tonnes,Carrot,4500.0,5000.0,4800.0,Rs./Quintal,FAQ
Vandiperiyar Market,0.03,Metric Tonnes,Other,6500.0,7000.0,7000.0,Rs./Quintal,Grade Range-1
Vengeri(Kozhikode) Market,44.6,Metric Tonnes,Carrot,4800.0,5100.0,5100.0,Rs./Quintal,FAQ
Wadakkanchery Market,0.1,Metric Tonnes,Carrot,6000.0,6500.0,6200.0,Rs./Quintal,FAQ
vadakarapathy Market,0.07,Metric Tonnes,Carrot,2000.0,3000.0,2500.0,Rs./Quintal,FAQ
Total,1518.24,Metric Tonnes,,,,6702.97,Rs./Quintal,
State/UT Name : Madhya Pradesh
Bhopal(F&V) APMC,10.0,Metric Tonnes,Other,1000.0,2000.0,1500.0,Rs./Quintal,Local
Dhamnod(F&V) APMC,0.4,Metric Tonnes,Carrot,700.0,900.0,800.0,Rs./Quintal,Local
Gadarwada (F&V) APMC,0.3,Metric Tonnes,Carrot,2500.0,2500.0,2500.0,Rs./Quintal,Grade B
Indore(F&V) APMC,30.0,Metric Tonnes,Carrot,400.0,1000.0,600.0,Rs./Quintal,Local
Rewa(F&V) APMC,0.9,Metric Tonnes,Carrot,1500.0,1500.0,1500.0,Rs./Quintal,Medium
Sehore(F&V) APMC,0.30000000000000004,Metric Tonnes,Carrot,2500.0,3500.0,3000.0,Rs./Quintal,Grade Range-1
Total,41.9,Metric Tonnes,,,,866.83,Rs./Quintal,
State/UT Name : Maharashtra
APMC Ahilyanagar ,2.5,Metric Tonnes,Other,1500.0,2500.0,2000.0,Rs./Quintal,Local
APMC Akluj ,1.0,Metric Tonnes,Other,2800.0,3500.0,3000.0,Rs./Quintal,Local
APMC Bhusaval ,0.5,Metric Tonnes,Other,2000.0,2200.0,2200.0,Rs./Quintal,Local
APMC Chattrapati Sambhajinagar ,6.5,Metric Tonnes,Other,1000.0,2400.0,1700.0,Rs./Quintal,Local
APMC Kalyan ,0.3,Metric Tonnes,Other,2000.0,4000.0,3000.0,Rs./Quintal,Local
APMC Manchar ,0.3,Metric Tonnes,Other,2500.0,2500.0,2500.0,Rs./Quintal,Local
APMC Nasik ,8.0,Metric Tonnes,Other,2000.0,2500.0,2300.0,Rs./Quintal,Local
APMC Pune ,103.6,Metric Tonnes,Other,1000.0,2500.0,1750.0,Rs./Quintal,Local
APMC Rahata ,0.6,Metric Tonnes,Other,1500.0,1500.0,1500.0,Rs./Quintal,Local
Amrawati(Frui & Veg. Market) ,6.9,Metric Tonnes,Other,2000.0,2600.0,2300.0,Rs./Quintal,Local
Junnar(Narayangaon) ,1.5,Metric Tonnes,Other,700.0,2500.0,1600.0,Rs./Quintal,Local
Khed(Chakan) ,17.0,Metric Tonnes,Other,1500.0,2500.0,2000.0,Rs./Quintal,Local
Pune(Khadiki) ,0.3,Metric Tonnes,Other,1200.0,1700.0,1450.0,Rs./Quintal,Local
Pune(Manjri) ,0.4,Metric Tonnes,Other,2000.0,4000.0,3000.0,Rs./Quintal,Local
Pune(Moshi) ,10.1,Metric Tonnes,Other,2500.0,3000.0,2750.0,Rs./Quintal,Local
Total,159.5,Metric Tonnes,,,,1906.46,Rs./Quintal,
State/UT Name : NCT of Delhi
APMC Keshopur,4.75,Metric Tonnes,Other,2500.0,3800.0,3200.0,Rs./Quintal,FAQ
"Fruit&Vegetable Market,Gazipur APMC",5.15,Metric Tonnes,Carrot,2400.0,2800.0,2600.0,Rs./Quintal,FAQ
Total,9.9,Metric Tonnes,,,,2887.88,Rs./Quintal,
State/UT Name : Odisha
Dhenkanal APMC,0.2,Metric Tonnes,Carrot,3500.0,4200.0,4000.0,Rs./Quintal,Grade B
Gunpur APMC,2.0,Metric Tonnes,Carrot,7040.0,7800.0,7240.0,Rs./Quintal,FAQ
Narasinghpur APMC,0.06999999999999999,Metric Tonnes,Carrot,4500.0,6000.0,5000.0,Rs./Quintal,Local
Saharpada APMC,0.4,Metric Tonnes,Other,3000.0,4000.0,3500.0,Rs./Quintal,Local
Total,2.67,Metric Tonnes,,,,6378.28,Rs./Quintal,
State/UT Name : Punjab
Bhawanigarh APMC,0.1,Metric Tonnes,Other,2800.0,3000.0,2900.0,Rs./Quintal,Local
Dasuya APMC,0.1,Metric Tonnes,Carrot,3000.0,3000.0,3000.0,Rs./Quintal,Grade A
Malerkotla APMC,2.8000000000000003,Metric Tonnes,Other,1500.0,2500.0,2000.0,Rs./Quintal,Local
Mansa APMC,0.2,Metric Tonnes,Carrot,2900.0,2900.0,2900.0,Rs./Quintal,FAQ
Naushera Pannuan APMC,0.08,Metric Tonnes,Other,1900.0,1900.0,1900.0,Rs./Quintal,Local
Rampuraphul(Nabha Mandi) APMC,0.6000000000000001,Metric Tonnes,Other,1500.0,2500.0,2000.0,Rs./Quintal,Grade A
Total,3.88,Metric Tonnes,,,,2093.3,Rs./Quintal,
State/UT Name : Rajasthan
Udaipur (F&V) APMC,0.4,Metric Tonnes,Other,2000.0,2500.0,2250.0,Rs./Quintal,Medium
Total,0.4,Metric Tonnes,,,,2250.0,Rs./Quintal,
State/UT Name : Tamil Nadu
AJattihalli(Uzhavar Sandhai ),0.16,Metric Tonnes,Pusakesar,6000.0,6400.0,6200.0,Rs./Quintal,Local
Ammapet(Uzhavar Sandhai ),0.22,Metric Tonnes,Pusakesar,6000.0,6500.0,6250.0,Rs./Quintal,Local
Anaiyur(Uzhavar Sandhai ),0.2,Metric Tonnes,Pusakesar,3200.0,5500.0,4350.0,Rs./Quintal,Local
Andipatti(Uzhavar Sandhai ),0.18,Metric Tonnes,Pusakesar,5000.0,5400.0,5200.0,Rs./Quintal,Local
Anna nagar(Uzhavar Sandhai ),0.6,Metric Tonnes,Pusakesar,6800.0,7000.0,6900.0,Rs./Quintal,Local
Arani(Uzhavar Sandhai ),0.23,Metric Tonnes,Pusakesar,5000.0,6000.0,5500.0,Rs./Quintal,Local
Arcot(Uzhavar Sandhai ),0.25,Metric Tonnes,Pusakesar,6000.0,6000.0,6000.0,Rs./Quintal,Local
Ariyalur(Uzhavar Sandhai),0.03,Metric Tonnes,Pusakesar,7000.0,8000.0,7500.0,Rs./Quintal,Local
Aruppukottai(Uzhavar Sandhai ),0.12,Metric Tonnes,Pusakesar,6500.0,7000.0,6750.0,Rs./Quintal,Local
Athur(Uzhavar Sandhai ),0.3,Metric Tonnes,Pusakesar,6000.0,6400.0,6200.0,Rs./Quintal,Local
Avallapalli(Uzhavar Sandhai ),0.26,Metric Tonnes,Pusakesar,4500.0,5000.0,4750.0,Rs./Quintal,Local
Bodinayakanur(Uzhavar Sandhai ),0.08,Metric Tonnes,Pusakesar,5200.0,5200.0,5200.0,Rs./Quintal,Local
Chengalpet(Uzhavar Sandhai ),0.08,Metric Tonnes,Pusakesar,7000.0,8000.0,7500.0,Rs./Quintal,Local
Chengam(Uzhavar Sandhai ),0.16,Metric Tonnes,Pusakesar,7000.0,8000.0,7500.0,Rs./Quintal,Local
Cheyyar(Uzhavar Sandhai ),0.1,Metric Tonnes,Pusakesar,6000.0,7200.0,6600.0,Rs./Quintal,Local
Chinnalapatti(Uzhavar Sandhai ),0.03,Metric Tonnes,Pusakesar,7000.0,8000.0,7500.0,Rs./Quintal,Local
Chinnamanur(Uzhavar Sandhai ),0.25,Metric Tonnes,Pusakesar,5200.0,5400.0,5300.0,Rs./Quintal,Local
Chokkikulam(Uzhavar Sandhai ),0.82,Metric Tonnes,Pusakesar,3200.0,5500.0,4350.0,Rs./Quintal,Local
Coonoor(Uzhavar Sandhai ),0.29,Metric Tonnes,Pusakesar,5000.0,5500.0,5250.0,Rs./Quintal,Local
Cuddalore(Uzhavar Sandhai ),0.19,Metric Tonnes,Pusakesar,5000.0,5000.0,5000.0,Rs./Quintal,Local
Denkanikottai(Uzhavar Sandhai ),0.25,Metric Tonnes,Pusakesar,4000.0,4500.0,4250.0,Rs./Quintal,Local
Devakottai (Uzhavar Sandhai ),0.13,Metric Tonnes,Pusakesar,3200.0,6000.0,4600.0,Rs./Quintal,Local
Dharapuram(Uzhavar Sandhai ),0.65,Metric Tonnes,Pusakesar,6000.0,6500.0,6250.0,Rs./Quintal,Local
Dharmapuri(Uzhavar Sandhai ),0.32,Metric Tonnes,Pusakesar,6200.0,6400.0,6300.0,Rs./Quintal,Local
Dindigul(Uzhavar Sandhai ),0.38,Metric Tonnes,Pusakesar,7000.0,8000.0,7500.0,Rs./Quintal,Local
Edapadi (Uzhavar Sandhai ),0.18,Metric Tonnes,Pusakesar,6500.0,7000.0,6750.0,Rs./Quintal,Local
Elampillai(Uzhavar Sandhai ),0.2,Metric Tonnes,Pusakesar,6000.0,7000.0,6500.0,Rs./Quintal,Local
Gandhigramam(Uzhavar Sandhai),0.16,Metric Tonnes,Pusakesar,6000.0,7000.0,6500.0,Rs./Quintal,Local
Gingee(Uzhavar Sandhai ),0.04,Metric Tonnes,Pusakesar,5500.0,5500.0,5500.0,Rs./Quintal,Local
Gobichettipalayam(Uzhavar Sandhai ),0.14,Metric Tonnes,Pusakesar,6500.0,6800.0,6650.0,Rs./Quintal,Local
Gudalur(Uzhavar Sandhai ),0.03,Metric Tonnes,Pusakesar,3500.0,4000.0,3750.0,Rs./Quintal,Local
Gudiyatham(Uzhavar Sandhai ),0.08,Metric Tonnes,Pusakesar,5600.0,5600.0,5600.0,Rs./Quintal,Local
Harur(Uzhavar Sandhai ),0.12,Metric Tonnes,Pusakesar,5000.0,6000.0,5500.0,Rs./Quintal,Local
Hasthampatti(Uzhavar Sandhai ),0.2,Metric Tonnes,Pusakesar,6500.0,7000.0,6750.0,Rs./Quintal,Local
Hosur(Uzhavar Sandhai ),5.78,Metric Tonnes,Pusakesar,4000.0,4500.0,4250.0,Rs./Quintal,Local
Jalagandapuram(Uzhavar Sandhai ),0.05,Metric Tonnes,Pusakesar,6400.0,7000.0,6700.0,Rs./Quintal,Local
Jameenrayapettai(Uzhavar Sandhai ),0.08,Metric Tonnes,Pusakesar,6000.0,7000.0,6500.0,Rs./Quintal,Local
KKNagar(Uzhavar Sandhai ),0.65,Metric Tonnes,Pusakesar,6600.0,6600.0,6600.0,Rs./Quintal,Local
Kahithapattarai(Uzhavar Sandhai ),0.08,Metric Tonnes,Pusakesar,4600.0,4600.0,4600.0,Rs./Quintal,Local
Kallakurichi(Uzhavar Sandhai ),0.06,Metric Tonnes,Pusakesar,7000.0,7000.0,7000.0,Rs./Quintal,Local
Kambam(Uzhavar Sandhai ),0.8,Metric Tonnes,Pusakesar,5000.0,5000.0,5000.0,Rs./Quintal,Local
Karaikudi(Uzhavar Sandhai ),0.1,Metric Tonnes,Pusakesar,5000.0,6500.0,5750.0,Rs./Quintal,Local
Karimangalam(Uzhavar Sandhai),0.08,Metric Tonnes,Pusakesar,6000.0,6500.0,6250.0,Rs./Quintal,Local
Kariyapatti(Uzhavar Sandhai ),0.07,Metric Tonnes,Pusakesar,6500.0,7000.0,6750.0,Rs./Quintal,Local
Karur(Uzhavar Sandhai ),0.36,Metric Tonnes,Pusakesar,6500.0,7000.0,6750.0,Rs./Quintal,Local
Katpadi (Uzhavar Sandhai ),0.3,Metric Tonnes,Pusakesar,4500.0,5500.0,5000.0,Rs./Quintal,Local
Kaveripattinam(Uzhavar Sandhai ),0.05,Metric Tonnes,Pusakesar,8000.0,8000.0,8000.0,Rs./Quintal,Local
Kodaikkanal(Uzhavar Sandhai),0.01,Metric Tonnes,Pusakesar,6000.0,7000.0,6500.0,Rs./Quintal,Local
Kovilpatti(Uzhavar Sandhai ),0.12,Metric Tonnes,Pusakesar,6000.0,6500.0,6250.0,Rs./Quintal,Local
Krishnagiri(Uzhavar Sandhai ),0.35,Metric Tonnes,Pusakesar,7000.0,8000.0,7500.0,Rs./Quintal,Local
Kulithalai(Uzhavar Sandhai ),0.2,Metric Tonnes,Pusakesar,6000.0,7000.0,6500.0,Rs./Quintal,Local
Kumarapalayam(Uzhavar Sandhai ),0.02,Metric Tonnes,Pusakesar,7500.0,8000.0,7750.0,Rs./Quintal,Local
Kumbakonam (Uzhavar Sandhai ),0.2,Metric Tonnes,Pusakesar,6000.0,7800.0,6900.0,Rs./Quintal,Local
Kundrathur(Uzhavar Sandhai ),0.04,Metric Tonnes,Pusakesar,5500.0,5500.0,5500.0,Rs./Quintal,Local
Lalgudi(Uzhavar Sandhai ),0.15,Metric Tonnes,Pusakesar,7000.0,7000.0,7000.0,Rs./Quintal,Local
Manachanallur(Uzhavar Sandhai ),0.06,Metric Tonnes,Pusakesar,6600.0,6600.0,6600.0,Rs./Quintal,Local
Manapparai(Uzhavar Sandhai ),0.05,Metric Tonnes,Pusakesar,7000.0,7000.0,7000.0,Rs./Quintal,Local
Mannargudi II(Uzhavar Sandhai ),0.13,Metric Tonnes,Pusakesar,6200.0,6200.0,6200.0,Rs./Quintal,Local
Mayiladuthurai(Uzhavar Sandhai ),0.01,Metric Tonnes,Pusakesar,8000.0,9000.0,8500.0,Rs./Quintal,Local
Melapalayam(Uzhavar Sandhai ),0.36,Metric Tonnes,Pusakesar,3200.0,5600.0,4400.0,Rs./Quintal,Local
Mettupalayam(Uzhavar Sandhai ),0.52,Metric Tonnes,Pusakesar,5500.0,6000.0,5750.0,Rs./Quintal,Local
Mettur(Uzhavar Sandhai ),0.17,Metric Tonnes,Pusakesar,6500.0,7000.0,6750.0,Rs./Quintal,Local
Mohanur(Uzhavar Sandhai ),0.07,Metric Tonnes,Pusakesar,6000.0,7000.0,6500.0,Rs./Quintal,Local
Musiri(Uzhavar Sandhai ),0.38,Metric Tonnes,Pusakesar,6000.0,6500.0,6250.0,Rs./Quintal,Local
Myladi(Uzhavar Sandhai ),0.02,Metric Tonnes,Pusakesar,7500.0,8000.0,7750.0,Rs./Quintal,Local
NGO Colony(Uzhavar Sandhai ),0.26,Metric Tonnes,Pusakesar,4500.0,5600.0,5050.0,Rs./Quintal,Local
Nagapattinam(Uzhavar Sandhai ),0.06,Metric Tonnes,Pusakesar,8200.0,8200.0,8200.0,Rs./Quintal,Local
Namakkal(Uzhavar Sandhai ),0.54,Metric Tonnes,Pusakesar,5500.0,6000.0,5750.0,Rs./Quintal,Local
Nanganallur(Uzhavar Sandhai ),0.08,Metric Tonnes,Pusakesar,6500.0,7000.0,6750.0,Rs./Quintal,Local
Natrampalli(Uzhavar Sandhai ),0.35,Metric Tonnes,Pusakesar,5000.0,6000.0,5500.0,Rs./Quintal,Local
Padappai(Uzhavar Sandhai ),0.06,Metric Tonnes,Pusakesar,4000.0,7000.0,5500.0,Rs./Quintal,Local
Palacode(Uzhavar Sandhai ),0.18,Metric Tonnes,Pusakesar,6000.0,6400.0,6200.0,Rs./Quintal,Local
Palanganatham(Uzhavar Sandhai ),0.5,Metric Tonnes,Pusakesar,4000.0,5500.0,4750.0,Rs./Quintal,Local
Palani(Uzhavar Sandhai ),0.76,Metric Tonnes,Pusakesar,6000.0,6800.0,6400.0,Rs./Quintal,Local
Palayamkottai(Uzhavar Sandhai ),0.9,Metric Tonnes,Pusakesar,3200.0,5600.0,4400.0,Rs./Quintal,Local
Palladam(Uzhavar Sandhai ),0.11,Metric Tonnes,Pusakesar,5500.0,6000.0,5750.0,Rs./Quintal,Local
Pallavaram(Uzhavar Sandhai ),0.12,Metric Tonnes,Pusakesar,8000.0,9000.0,8500.0,Rs./Quintal,Local
Pallikonda(Uzhavar Sandhai),0.02,Metric Tonnes,Pusakesar,4000.0,4500.0,4250.0,Rs./Quintal,Local
Papanasam(Uzhavar Sandhai ),0.04,Metric Tonnes,Pusakesar,6000.0,7800.0,6900.0,Rs./Quintal,Local
Paramakudi(Uzhavar Sandhai ),0.16,Metric Tonnes,Pusakesar,6500.0,7000.0,6750.0,Rs./Quintal,Local
Paramathivelur(Uzhavar Sandhai ),0.06,Metric Tonnes,Pusakesar,8000.0,9000.0,8500.0,Rs./Quintal,Local
Paruthipattu(Uzhavar Sandhai ),0.07,Metric Tonnes,Pusakesar,6000.0,6000.0,6000.0,Rs./Quintal,Local
Pattukottai(Uzhavar Sandhai ),0.1,Metric Tonnes,Pusakesar,7400.0,7400.0,7400.0,Rs./Quintal,Local
Pennagaram(Uzhavar Sandhai ),0.11,Metric Tonnes,Pusakesar,7200.0,7500.0,7350.0,Rs./Quintal,Local
Perambalur(Uzhavar Sandhai ),0.19,Metric Tonnes,Pusakesar,6800.0,7200.0,7000.0,Rs./Quintal,Local
Perampet(Uzhavar Sandhai),0.02,Metric Tonnes,Pusakesar,5000.0,5600.0,5300.0,Rs./Quintal,Local
Peravurani(Uzhavar Sandhai),0.02,Metric Tonnes,Pusakesar,7400.0,7400.0,7400.0,Rs./Quintal,Local
Periyakulam(Uzhavar Sandhai ),0.18,Metric Tonnes,Pusakesar,5000.0,5400.0,5200.0,Rs./Quintal,Local
Perundurai(Uzhavar Sandhai ),0.02,Metric Tonnes,Pusakesar,5500.0,6000.0,5750.0,Rs./Quintal,Local
Pollachi(Uzhavar Sandhai ),0.15,Metric Tonnes,Pusakesar,6000.0,6500.0,6250.0,Rs./Quintal,Local
Polur(Uzhavar Sandhai ),0.22,Metric Tonnes,Pusakesar,5000.0,6000.0,5500.0,Rs./Quintal,Local
Pudukottai(Uzhavar Sandhai ),0.16,Metric Tonnes,Pusakesar,6000.0,7000.0,6500.0,Rs./Quintal,Local
RSPuram(Uzhavar Sandhai ),2.49,Metric Tonnes,Pusakesar,4500.0,5000.0,4750.0,Rs./Quintal,Local
Rajapalayam(Uzhavar Sandhai ),0.26,Metric Tonnes,Pusakesar,4000.0,4500.0,4250.0,Rs./Quintal,Local
Ramanathapuram(Uzhavar Sandhai ),0.08,Metric Tonnes,Pusakesar,7500.0,8000.0,7750.0,Rs./Quintal,Local
Ranipettai(Uzhavar Sandhai ),0.06,Metric Tonnes,Pusakesar,4400.0,5600.0,5000.0,Rs./Quintal,Local
Rasipuram(Uzhavar Sandhai ),0.11,Metric Tonnes,Pusakesar,6500.0,7500.0,7000.0,Rs./Quintal,Local
Sampath Nagar(Uzhavar Sandhai ),0.16,Metric Tonnes,Pusakesar,6000.0,6200.0,6100.0,Rs./Quintal,Local
Sankarapuram(Uzhavar Sandhai ),0.12,Metric Tonnes,Pusakesar,7000.0,7000.0,7000.0,Rs./Quintal,Local
Sathiyamagalam(Uzhavar Sandhai ),0.18,Metric Tonnes,Pusakesar,6000.0,6500.0,6250.0,Rs./Quintal,Local
Sathur(Uzhavar Sandhai ),0.02,Metric Tonnes,Pusakesar,5500.0,6000.0,5750.0,Rs./Quintal,Local
Singampunari(Uzhavar Sandhai ),0.04,Metric Tonnes,Pusakesar,3400.0,5600.0,4500.0,Rs./Quintal,Local
Singanallur(Uzhavar Sandhai ),1.0,Metric Tonnes,Pusakesar,5000.0,6300.0,5650.0,Rs./Quintal,Local
Sirkali(Uzhavar Sandhai ),0.05,Metric Tonnes,Pusakesar,8000.0,8000.0,8000.0,Rs./Quintal,Local
Sivagangai (Uzhavar Sandhai ),0.27,Metric Tonnes,Pusakesar,3400.0,5600.0,4500.0,Rs./Quintal,Local
Sivakasi(Uzhavar Sandhai ),0.02,Metric Tonnes,Pusakesar,3500.0,4000.0,3750.0,Rs./Quintal,Local
Sooramangalam(Uzhavar Sandhai ),0.41,Metric Tonnes,Pusakesar,6000.0,6400.0,6200.0,Rs./Quintal,Local
Srivilliputhur(Uzhavar Sandhai ),0.08,Metric Tonnes,Pusakesar,4000.0,4500.0,4250.0,Rs./Quintal,Local
Sulur(Uzhavar Sandhai ),0.28,Metric Tonnes,Pusakesar,5000.0,6300.0,5650.0,Rs./Quintal,Local
Sundarapuram(Uzhavar Sandhai ),0.25,Metric Tonnes,Pusakesar,6000.0,6400.0,6200.0,Rs./Quintal,Local
Sunguvarchatram(Uzhavar Sandhai ),0.04,Metric Tonnes,Pusakesar,5500.0,5500.0,5500.0,Rs./Quintal,Local
Thalavadi(Uzhavar Sandhai ),0.09,Metric Tonnes,Pusakesar,6000.0,6500.0,6250.0,Rs./Quintal,Local
Thalavaipuram(Uzhavar Sandhai ),0.04,Metric Tonnes,Pusakesar,3600.0,4500.0,4050.0,Rs./Quintal,Local
Thammampatti (Uzhavar Sandhai ),0.13,Metric Tonnes,Pusakesar,5500.0,6000.0,5750.0,Rs./Quintal,Local
Thanjavur(Uzhavar Sandhai ),0.19,Metric Tonnes,Pusakesar,6000.0,6000.0,6000.0,Rs./Quintal,Local
Thathakapatti(Uzhavar Sandhai ),0.32,Metric Tonnes,Pusakesar,6000.0,6400.0,6200.0,Rs./Quintal,Local
Theni(Uzhavar Sandhai ),0.91,Metric Tonnes,Pusakesar,5400.0,5400.0,5400.0,Rs./Quintal,Local
Thirupathur APMC,0.3,Metric Tonnes,Pusakesar,7000.0,7000.0,7000.0,Rs./Quintal,Local
Thiruverumbur(Uzhavar Sandhai ),0.13,Metric Tonnes,Pusakesar,7000.0,7000.0,7000.0,Rs./Quintal,Local
Thuraiyur APMC,0.1,Metric Tonnes,Pusakesar,5400.0,6600.0,6000.0,Rs./Quintal,Local
Tindivanam APMC,0.11,Metric Tonnes,Pusakesar,5800.0,5800.0,5800.0,Rs./Quintal,Local
Tiruchengode APMC,0.12,Metric Tonnes,Pusakesar,6200.0,7000.0,6600.0,Rs./Quintal,Local
Tirukattupalli(Uzhavar Sandhai ),0.08,Metric Tonnes,Pusakesar,6000.0,6000.0,6000.0,Rs./Quintal,Local
Tirupatthur(Uzhavar Sandhai ),0.13,Metric Tonnes,Pusakesar,3500.0,6000.0,4750.0,Rs./Quintal,Local
Tiruppur (North) (Uzhavar Sandhai ),0.11,Metric Tonnes,Pusakesar,5000.0,6000.0,5500.0,Rs./Quintal,Local
Tiruppur (South) (Uzhavar Sandhai ),0.51,Metric Tonnes,Pusakesar,4500.0,6000.0,5250.0,Rs./Quintal,Local
Tiruthani(Uzhavar Sandhai ),0.05,Metric Tonnes,Pusakesar,6000.0,6000.0,6000.0,Rs./Quintal,Local
Tiruvannamalai(Uzhavar Sandhai ),0.26,Metric Tonnes,Pusakesar,5000.0,6000.0,5500.0,Rs./Quintal,Local
Tuticorin(Uzhavar Sandhai ),0.26,Metric Tonnes,Pusakesar,7500.0,8000.0,7750.0,Rs./Quintal,Local
Udhagamandalam(Uzhavar Sandhai ),0.35,Metric Tonnes,Pusakesar,3000.0,3500.0,3250.0,Rs./Quintal,Local
Udumalpet APMC,0.18,Metric Tonnes,Pusakesar,7000.0,7500.0,7250.0,Rs./Quintal,Local
Vadalur(Uzhavar Sandhai ),0.05,Metric Tonnes,Pusakesar,6000.0,6000.0,6000.0,Rs./Quintal,Local
Vadaseri APMC,0.18,Metric Tonnes,Pusakesar,7500.0,8000.0,7750.0,Rs./Quintal,Local
Vadavalli(Uzhavar Sandhai ),0.59,Metric Tonnes,Pusakesar,4600.0,5400.0,5000.0,Rs./Quintal,Local
Vandavasi(Uzhavar Sandhai ),0.04,Metric Tonnes,Pusakesar,6000.0,7200.0,6600.0,Rs./Quintal,Local
Vaniyampadi(Uzhavar Sandhai ),0.76,Metric Tonnes,Pusakesar,7000.0,7000.0,7000.0,Rs./Quintal,Local
Vazhapadi(Uzhavar Sandhai),0.02,Metric Tonnes,Pusakesar,6000.0,6000.0,6000.0,Rs./Quintal,Local
Vellore APMC,0.3,Metric Tonnes,Pusakesar,4000.0,4000.0,4000.0,Rs./Quintal,Local
Villupuram(Uzhavar Sandhai ),0.03,Metric Tonnes,Pusakesar,7000.0,7000.0,7000.0,Rs./Quintal,Local
Virudhunagar(Uzhavar Sandhai ),0.06,Metric Tonnes,Pusakesar,6200.0,6300.0,6250.0,Rs./Quintal,Local
Viruthachalam(Uzhavar Sandhai ),0.02,Metric Tonnes,Pusakesar,8000.0,8000.0,8000.0,Rs./Quintal,Local
Total,36.53,Metric Tonnes,,,,5531.39,Rs./Quintal,
State/UT Name : Telangana
"Alwal,RBZ",1.2000000000000002,Metric Tonnes,Other,5000.0,5000.0,5000.0,Rs./Quintal,FAQ
Bowenpally APMC,432.20000000000005,Metric Tonnes,Carrot,1000.0,4500.0,3000.0,Rs./Quintal,FAQ
"Excise Colony,RBZ ",0.2,Metric Tonnes,Other,6000.0,6000.0,6000.0,Rs./Quintal,Grade A
Gudimalkapur APMC,33.300000000000004,Metric Tonnes,Carrot,2000.0,3500.0,2500.0,Rs./Quintal,Grade B
"Kukatpally,RBZ",5.6,Metric Tonnes,Carrot,5000.0,5000.0,5000.0,Rs./Quintal,Local
L B Nagar APMC,4.9,Metric Tonnes,Carrot,3000.0,4000.0,3500.0,Rs./Quintal,Medium
Mahboob Manison APMC,1.3,Metric Tonnes,Carrot,4000.0,6000.0,5000.0,Rs./Quintal,Medium
Miryalguda(Rythu Bazar) ,0.2,Metric Tonnes,Carrot,4000.0,4000.0,4000.0,Rs./Quintal,Grade A
RYTHU BAZAR ERRAGADDA,4.5,Metric Tonnes,Carrot,5000.0,5000.0,5000.0,Rs./Quintal,Grade A
RYTHU BAZAR FALAKNUMA,1.4,Metric Tonnes,Carrot,5000.0,5000.0,5000.0,Rs./Quintal,Grade A
RYTHU BAZAR MEHDIPATNAM,2.9,Metric Tonnes,Carrot,5000.0,5000.0,5000.0,Rs./Quintal,Grade A
"Saroornagar,RBZ",3.0,Metric Tonnes,Other,5000.0,5000.0,5000.0,Rs./Quintal,Medium
Shadnagar APMC,4.0,Metric Tonnes,Carrot,1800.0,2200.0,1900.0,Rs./Quintal,Local
Siddipet(Rythu Bazar) ,1.1,Metric Tonnes,Carrot,3500.0,4500.0,4000.0,Rs./Quintal,Grade A
"Vanasthalipuram,RBZ ",1.4,Metric Tonnes,Carrot,5000.0,5000.0,5000.0,Rs./Quintal,Grade A
Venkateswarnagar APMC,0.1,Metric Tonnes,Carrot,1800.0,2200.0,2000.0,Rs./Quintal,Grade A
Warangal APMC,3.3000000000000003,Metric Tonnes,Carrot,4000.0,4500.0,4250.0,Rs./Quintal,FAQ
Total,500.6,Metric Tonnes,,,,3059.78,Rs./Quintal,
State/UT Name : Uttar Pradesh
Baripaal APMC,0.1,Metric Tonnes,Carrot,2200.0,2600.0,2400.0,Rs./Quintal,Medium
Siyana APMC,1.1,Metric Tonnes,Carrot,1050.0,1120.0,1100.0,Rs./Quintal,Medium
Total,1.2,Metric Tonnes,,,,1208.33,Rs./Quintal,
State/UT Name : Uttarakhand
Kashipur APMC,1.2000000000000002,Metric Tonnes,Other,2300.0,2500.0,2400.0,Rs./Quintal,Local
Total,1.2,Metric Tonnes,,,,2400.0,Rs./Quintal,
State/UT Name : West Bengal
Gangarampur(Dakshin Dinajpur) APMC,0.1,Metric Tonnes,Other,3500.0,4000.0,3800.0,Rs./Quintal,FAQ
Ghatal APMC,1.9000000000000001,Metric Tonnes,Carrot,3300.0,3500.0,3400.0,Rs./Quintal,FAQ
Jhargram APMC,0.30000000000000004,Metric Tonnes,Other,3500.0,3800.0,3600.0,Rs./Quintal,FAQ
Karsiyang(Matigara) APMC,0.4,Metric Tonnes,Other,3200.0,3400.0,3300.0,Rs./Quintal,FAQ
Sealdah Koley Market APMC,11.600000000000001,Metric Tonnes,Other,3500.0,4500.0,4000.0,Rs./Quintal,FAQ
Total,14.3,Metric Tonnes,,,,3890.91,Rs./Quintal,
Grand Total,2374.32,Metric Tonnes,,,,5356.41,Rs./Quintal,
Onion
State/UT Name : Andhra Pradesh
Yerraguntla APMC,0.1,Metric Tonnes,Local,2600.0,3000.0,2800.0,Rs./Quintal,FAQ
Total,0.1,Metric Tonnes,,,,2800.0,Rs./Quintal,
State/UT Name : Assam
Pamohi(Garchuk) APMC,30.0,Metric Tonnes,Onion,5400.0,6000.0,5600.0,Rs./Quintal,FAQ
Pamohi(Garchuk) APMC,45.0,Metric Tonnes,Local,5200.0,5800.0,5400.0,Rs./Quintal,FAQ
Tinsukia Market,8.0,Metric Tonnes,Onion,4700.0,5200.0,5000.0,Rs./Quintal,FAQ
Total,83.0,Metric Tonnes,,,,5433.73,Rs./Quintal,
State/UT Name : Bihar
Balliah APMC,2.5,Metric Tonnes,1st Sort,5000.0,5200.0,5100.0,Rs./Quintal,Grade B
Balliah APMC,2.5,Metric Tonnes,1st Sort,5000.0,5200.0,5100.0,Rs./Quintal,Grade A
Balliah APMC,2.5,Metric Tonnes,1st Sort,5000.0,5200.0,5100.0,Rs./Quintal,Grade C
Bhagwanpur Mandi APMC,6.5,Metric Tonnes,Medium,5000.0,5000.0,5000.0,Rs./Quintal,Grade A
Chhapra APMC,110.0,Metric Tonnes,Other,4200.0,4800.0,4400.0,Rs./Quintal,Grade A
Khagaria APMC,22.0,Metric Tonnes,Other,3050.0,3240.0,3150.0,Rs./Quintal,Grade A
Madhuban APMC,100.0,Metric Tonnes,1st Sort,4000.0,4400.0,4200.0,Rs./Quintal,FAQ
Madhubani APMC,30.0,Metric Tonnes,Nasik,4500.0,4700.0,4600.0,Rs./Quintal,FAQ
Maharjganj APMC,4.0,Metric Tonnes,1st Sort,4800.0,4800.0,4800.0,Rs./Quintal,FAQ
Motihari APMC,50.0,Metric Tonnes,Other,4800.0,5000.0,4900.0,Rs./Quintal,Grade A
Saharsa APMC,22.0,Metric Tonnes,Onion,2100.0,2400.0,2200.0,Rs./Quintal,FAQ
Triveniganj APMC,10.0,Metric Tonnes,1st Sort,4000.0,4000.0,4000.0,Rs./Quintal,Grade A
Total,362.0,Metric Tonnes,,,,4239.36,Rs./Quintal,
State/UT Name : Chattisgarh
Durg APMC,6.8,Metric Tonnes,Onion,3200.0,3400.0,3400.0,Rs./Quintal,Medium
Rajnandgaon APMC,29.2,Metric Tonnes,Onion,4600.0,5000.0,4800.0,Rs./Quintal,Grade B
Tiphra APMC,81.0,Metric Tonnes,Local,3500.0,4000.0,3800.0,Rs./Quintal,Grade B
Total,117.0,Metric Tonnes,,,,4026.32,Rs./Quintal,
State/UT Name : Goa
Mapusa APMC,8.504,Metric Tonnes,Onion,2400.0,3000.0,2800.0,Rs./Quintal,FAQ
Total,8.5,Metric Tonnes,,,,2800.0,Rs./Quintal,
State/UT Name : Gujarat
Ankleshwar APMC,15.0,Metric Tonnes,Onion,2000.0,4500.0,3000.0,Rs./Quintal,Grade A
Bharuch APMC,20.5,Metric Tonnes,Other,1500.0,3250.0,2500.0,Rs./Quintal,Local
Bilimora APMC,1.2000000000000002,Metric Tonnes,Nasik,3000.0,5000.0,4500.0,Rs./Quintal,FAQ
Dahod(Veg. Market) APMC,1.5,Metric Tonnes,Onion,4000.0,5500.0,5000.0,Rs./Quintal,Local
Kapadvanj APMC,10.0,Metric Tonnes,Onion,3000.0,4000.0,3500.0,Rs./Quintal,Medium
Navsari APMC,7.890000000000001,Metric Tonnes,Onion,3600.0,5500.0,4550.0,Rs./Quintal,Grade A
Vadodara(Sayajipura) APMC,23.22,Metric Tonnes,Onion,3000.0,5500.0,4300.0,Rs./Quintal,FAQ
Total,79.31,Metric Tonnes,,,,3529.13,Rs./Quintal,
State/UT Name : Haryana
Bahadurgarh APMC,3.2,Metric Tonnes,Other,3800.0,4000.0,3900.0,Rs./Quintal,FAQ
Ballabhgarh APMC,13.5,Metric Tonnes,Onion,3000.0,4200.0,3500.0,Rs./Quintal,FAQ
Barwala APMC,1.0,Metric Tonnes,Onion,4000.0,4500.0,4250.0,Rs./Quintal,FAQ
Barwala(Hisar) APMC,4.0,Metric Tonnes,Onion,5000.0,5200.0,5100.0,Rs./Quintal,Local
Ch. Dadri APMC,4.7,Metric Tonnes,Onion,3900.0,4000.0,3950.0,Rs./Quintal,Medium
Chhachrauli APMC,0.2,Metric Tonnes,Onion,3600.0,4000.0,3600.0,Rs./Quintal,Local
Dhand APMC,0.6000000000000001,Metric Tonnes,Other,3500.0,4000.0,3800.0,Rs./Quintal,Medium
Farukh Nagar APMC,1.7000000000000002,Metric Tonnes,Other,3500.0,4500.0,4000.0,Rs./Quintal,Medium
Fatehabad APMC,7.0,Metric Tonnes,Other,4500.0,4500.0,4500.0,Rs./Quintal,Local
Ganaur APMC,1.2000000000000002,Metric Tonnes,Onion,4000.0,5000.0,4500.0,Rs./Quintal,FAQ
Gohana APMC,5.2,Metric Tonnes,Other,2500.0,5000.0,3000.0,Rs./Quintal,Medium
Gurgaon APMC,69.0,Metric Tonnes,Other,4000.0,5000.0,4500.0,Rs./Quintal,Grade B
Hissar APMC,16.2,Metric Tonnes,Other,2800.0,5100.0,4500.0,Rs./Quintal,Medium
Jakhal APMC,0.2,Metric Tonnes,Other,4000.0,4000.0,4000.0,Rs./Quintal,Non-FAQ
Jhajjar APMC,5.5,Metric Tonnes,Other,4500.0,4500.0,4500.0,Rs./Quintal,Medium
Kaithal APMC,7.6,Metric Tonnes,Onion,4200.0,4200.0,4200.0,Rs./Quintal,FAQ
Kharkhoda APMC,1.9000000000000001,Metric Tonnes,Other,3200.0,4200.0,3700.0,Rs./Quintal,FAQ
Madlauda APMC,0.2,Metric Tonnes,Onion,3000.0,3000.0,3000.0,Rs./Quintal,FAQ
Narnaul APMC,2.8000000000000003,Metric Tonnes,Onion,3500.0,4000.0,3800.0,Rs./Quintal,Medium
Narwana APMC,5.0,Metric Tonnes,Onion,4000.0,4800.0,4400.0,Rs./Quintal,Non-FAQ
"New Grain Market , Faridabad APMC",15.0,Metric Tonnes,Onion,3500.0,4000.0,3750.0,Rs./Quintal,Non-FAQ
"New Grain Market , Panchkula APMC",0.1,Metric Tonnes,Other,3600.0,3800.0,3700.0,Rs./Quintal,Grade A
Nuh APMC,1.0,Metric Tonnes,Other,2500.0,2500.0,2500.0,Rs./Quintal,Local
Panchkul(Kalka) APMC,0.1,Metric Tonnes,Other,3700.0,3900.0,3800.0,Rs./Quintal,Grade A
Panipat APMC,35.2,Metric Tonnes,Onion,1500.0,4500.0,3000.0,Rs./Quintal,Local
Pataudi APMC,1.3,Metric Tonnes,Onion,3000.0,4500.0,3500.0,Rs./Quintal,Grade B
Pundri APMC,0.4,Metric Tonnes,Other,4100.0,4200.0,4150.0,Rs./Quintal,FAQ
Raipur Rani APMC,0.25,Metric Tonnes,Onion,2400.0,2600.0,2400.0,Rs./Quintal,Local
Rania APMC,0.1,Metric Tonnes,Other,0.11,0.13,0.12,Rs./Quintal,Non-FAQ
Rania(Jiwan nagar) APMC,0.1,Metric Tonnes,Other,250.0,400.0,350.0,Rs./Quintal,Non-FAQ
Ratia APMC,20.0,Metric Tonnes,Other,5000.0,5000.0,5000.0,Rs./Quintal,Grade A
Rewari APMC,4.5,Metric Tonnes,Medium,2000.0,5000.0,3500.0,Rs./Quintal,Medium
Sadhaura APMC,2.0,Metric Tonnes,Onion,2600.0,3000.0,2800.0,Rs./Quintal,Local
Samalkha APMC,6.9,Metric Tonnes,Other,4000.0,4000.0,4000.0,Rs./Quintal,FAQ
Sampla APMC,1.0,Metric Tonnes,Other,3500.0,4000.0,4000.0,Rs./Quintal,Local
Siwan APMC,1.7,Metric Tonnes,Other,3800.0,3950.0,3900.0,Rs./Quintal,FAQ
Sohna APMC,1.3,Metric Tonnes,Onion,4500.0,4500.0,4500.0,Rs./Quintal,Local
Sonepat APMC,35.0,Metric Tonnes,Onion,4000.0,4400.0,4200.0,Rs./Quintal,FAQ
Tarori APMC,0.6000000000000001,Metric Tonnes,Nasik,3000.0,4000.0,3500.0,Rs./Quintal,Medium
Tauru APMC,5.800000000000001,Metric Tonnes,Nasik,5000.0,5000.0,5000.0,Rs./Quintal,FAQ
Tauru APMC,0.9,Metric Tonnes,Other,2500.0,2500.0,2500.0,Rs./Quintal,Medium
Tohana(New Veg Market) APMC,2.3000000000000003,Metric Tonnes,Onion,3500.0,4000.0,4000.0,Rs./Quintal,FAQ
Uklana APMC,0.2,Metric Tonnes,Onion,4000.0,4000.0,4000.0,Rs./Quintal,Medium
Total,286.45,Metric Tonnes,,,,4098.83,Rs./Quintal,
State/UT Name : Himachal Pradesh
PMY Kather Solan,3.7,Metric Tonnes,Other,4800.0,5200.0,4800.0,Rs./Quintal,Medium
PMY Kullu,1.5,Metric Tonnes,Other,5000.0,5500.0,5200.0,Rs./Quintal,FAQ
SMY Bhuntar,1.5,Metric Tonnes,Other,5600.0,6200.0,5900.0,Rs./Quintal,FAQ
SMY Chauri Bihal,0.1,Metric Tonnes,Other,5000.0,5200.0,5100.0,Rs./Quintal,Grade Range-1
SMY Takoli,0.1,Metric Tonnes,Other,3500.0,4000.0,3800.0,Rs./Quintal,Medium
Total,6.9,Metric Tonnes,,,,5115.94,Rs./Quintal,
State/UT Name : Karnataka
Chickkaballapura APMC,3.5,Metric Tonnes,Beelary-Red,5000.0,5300.0,5200.0,Rs./Quintal,Local
Chickkaballapura APMC,1.0,Metric Tonnes,Local,1000.0,1200.0,1100.0,Rs./Quintal,Local
Chikkamagaluru APMC,2.5,Metric Tonnes,Other,4600.0,4800.0,4700.0,Rs./Quintal,Local
Gauribidanur APMC,0.2,Metric Tonnes,Onion,3000.0,4000.0,3500.0,Rs./Quintal,Local
Hospet APMC,5.2,Metric Tonnes,Local,3000.0,4500.0,3800.0,Rs./Quintal,Local
Total,12.4,Metric Tonnes,,,,4154.03,Rs./Quintal,
State/UT Name : Keralam
Anchal Market,0.43,Metric Tonnes,Big,3800.0,3800.0,3800.0,Rs./Quintal,Local
Anchal Market,0.43,Metric Tonnes,Small,4800.0,4800.0,4800.0,Rs./Quintal,Local
Aralamoodu Market,2.0,Metric Tonnes,Big,5500.0,6000.0,6000.0,Rs./Quintal,FAQ
Aralamoodu Market,2.0,Metric Tonnes,Onion,8000.0,8000.0,8000.0,Rs./Quintal,FAQ
Chathanoor Market,0.4,Metric Tonnes,Other,3300.0,3700.0,3500.0,Rs./Quintal,FAQ
Ettumanoor Market,2.0,Metric Tonnes,Big,5400.0,6000.0,5600.0,Rs./Quintal,FAQ
Irinjalakkuda Market,0.1,Metric Tonnes,Big,6000.0,6200.0,6200.0,Rs./Quintal,FAQ
Kanjirappally Market,0.5,Metric Tonnes,Big,4500.0,5000.0,4800.0,Rs./Quintal,FAQ
Kattappana Market,1.0,Metric Tonnes,Small,8000.0,8900.0,8500.0,Rs./Quintal,Medium
Kattappana Market,2.0,Metric Tonnes,Big,5000.0,6000.0,5200.0,Rs./Quintal,Medium
Kayamkulam Market,5.0,Metric Tonnes,Big,4900.0,5100.0,5000.0,Rs./Quintal,FAQ
Kayamkulam Market,3.0,Metric Tonnes,Small,6700.0,6900.0,6800.0,Rs./Quintal,FAQ
Kodungalloor Market,5.0,Metric Tonnes,Big,6000.0,6000.0,6000.0,Rs./Quintal,Grade A
Koduvayoor Market,80.0,Metric Tonnes,Small,7200.0,7600.0,7400.0,Rs./Quintal,Medium
Koduvayoor Market,80.0,Metric Tonnes,Big,5100.0,5500.0,5300.0,Rs./Quintal,Medium
Kondotty Market,0.25,Metric Tonnes,Small,7000.0,7500.0,7200.0,Rs./Quintal,FAQ
Kondotty Market,0.25,Metric Tonnes,Other,2500.0,3000.0,2800.0,Rs./Quintal,FAQ
Kottarakkara Market,0.01,Metric Tonnes,Other,3000.0,3000.0,3000.0,Rs./Quintal,Local
Kuruppanthura Market,1.0,Metric Tonnes,Big,5000.0,6000.0,5500.0,Rs./Quintal,FAQ
Madhavapuram Market,0.9,Metric Tonnes,Big,3400.0,3800.0,3600.0,Rs./Quintal,FAQ
Madhavapuram Market,0.8,Metric Tonnes,Small,6300.0,6700.0,6500.0,Rs./Quintal,FAQ
Manjeri Market,8.0,Metric Tonnes,Other,4950.0,5050.0,5000.0,Rs./Quintal,Local
Mukkom Market,0.6,Metric Tonnes,Onion,5000.0,5300.0,5100.0,Rs./Quintal,FAQ
Parassala Market,0.2,Metric Tonnes,Onion,5600.0,6000.0,5800.0,Rs./Quintal,Local
Pothencode Market,600.0,Metric Tonnes,Other,6000.0,6500.0,6000.0,Rs./Quintal,Local
Punalur Market,0.001,Metric Tonnes,Onion,4600.0,4900.0,4700.0,Rs./Quintal,Medium
Taliparamba Market,0.04,Metric Tonnes,Onion,5400.0,5600.0,5500.0,Rs./Quintal,FAQ
Vandiperiyar Market,0.05,Metric Tonnes,Big,6000.0,6200.0,6000.0,Rs./Quintal,Grade Range-1
Wadakkanchery Market,0.6,Metric Tonnes,Big,6000.0,6500.0,6200.0,Rs./Quintal,FAQ
Total,796.56,Metric Tonnes,,,,6054.22,Rs./Quintal,
State/UT Name : Madhya Pradesh
Anuppur(F&V) APMC,5.0,Metric Tonnes,Onion,1800.0,1800.0,1800.0,Rs./Quintal,Grade C
Aron (F&V) APMC,0.05,Metric Tonnes,Local,2500.0,2900.0,2700.0,Rs./Quintal,Local
Badnawar(F&V) APMC,0.1,Metric Tonnes,Onion,1000.0,1000.0,1000.0,Rs./Quintal,Local
Badwaha (F&V) APMC,0.30000000000000004,Metric Tonnes,1st Sort,2530.0,3800.0,3000.0,Rs./Quintal,Grade A
Badwani(F&V) APMC,0.617,Metric Tonnes,Onion,2500.0,2500.0,2500.0,Rs./Quintal,Local
Betul(F&V) APMC,18.8,Metric Tonnes,Onion,2500.0,4000.0,3000.0,Rs./Quintal,FAQ
Bhopal(F&V) APMC,126.25,Metric Tonnes,Other,500.0,4800.0,3200.0,Rs./Quintal,Local
Chhindwara(F&V) APMC,7.2,Metric Tonnes,Red,3200.0,3700.0,3300.0,Rs./Quintal,Local
Dewas(F&V) APMC,2.2,Metric Tonnes,Other,1000.0,4200.0,1600.0,Rs./Quintal,FAQ
Dhamnod(F&V) APMC,2.1,Metric Tonnes,Onion,1800.0,2500.0,2000.0,Rs./Quintal,Local
Gadarwada (F&V) APMC,1.1,Metric Tonnes,Other,5500.0,5500.0,5500.0,Rs./Quintal,Local
Guna(F&V) APMC,2.0,Metric Tonnes,Other,3000.0,3500.0,3400.0,Rs./Quintal,Grade B
Harda(F&V) APMC,1.2000000000000002,Metric Tonnes,Medium,2500.0,3500.0,3000.0,Rs./Quintal,Medium
Karera(F&V) APMC,0.2,Metric Tonnes,Onion,2300.0,3000.0,2600.0,Rs./Quintal,Local
Katni(F&V) APMC,0.2,Metric Tonnes,Other,2000.0,2000.0,2000.0,Rs./Quintal,Grade C
Khandwa APMC,36.0,Metric Tonnes,Local,1425.0,4260.0,3600.0,Rs./Quintal,FAQ
Lashkar(F&V) APMC,45.0,Metric Tonnes,Other,2500.0,3100.0,2800.0,Rs./Quintal,Grade B
Manawar(F&V) APMC,1.0,Metric Tonnes,Onion,2800.0,3500.0,2900.0,Rs./Quintal,Grade B
Mhow (Ambedkar Nagar) (F&V) APMC,0.8,Metric Tonnes,Onion,1800.0,4500.0,2000.0,Rs./Quintal,Grade B
Narsinghgarh APMC,75.0,Metric Tonnes,Onion,1100.0,2200.0,2000.0,Rs./Quintal,Non-FAQ
Pipariya(F&V) APMC,2.0,Metric Tonnes,Onion,2800.0,5000.0,4000.0,Rs./Quintal,Local
Rajgarh APMC,10.0,Metric Tonnes,Onion,700.0,1800.0,1800.0,Rs./Quintal,Non-FAQ
Rajgarh APMC,30.0,Metric Tonnes,Onion,500.0,3000.0,1000.0,Rs./Quintal,FAQ
Rehli(F&V) APMC,0.9,Metric Tonnes,Onion,2500.0,2700.0,2600.0,Rs./Quintal,Grade C
Rewa(F&V) APMC,1.0,Metric Tonnes,1st Sort,2900.0,2900.0,2900.0,Rs./Quintal,Non-FAQ
Sanawad(F&V) APMC,0.3,Metric Tonnes,Onion,3200.0,3600.0,3400.0,Rs./Quintal,Medium
Sanwer(F&V) APMC,0.1,Metric Tonnes,Onion,3000.0,4500.0,4000.0,Rs./Quintal,FAQ
Sendhwa(F&V) APMC,0.7000000000000001,Metric Tonnes,Red,900.0,1100.0,1000.0,Rs./Quintal,Medium
Thandla APMC,0.95,Metric Tonnes,Onion,800.0,1300.0,1050.0,Rs./Quintal,FAQ
Total,371.07,Metric Tonnes,,,,2682.49,Rs./Quintal,
State/UT Name : Maharashtra
APMC Akluj ,32.8,Metric Tonnes,Other,1300.0,5500.0,3800.0,Rs./Quintal,Local
APMC Bhusaval ,0.2,Metric Tonnes,Unhali,4000.0,4000.0,4000.0,Rs./Quintal,Local
APMC Chattrapati Sambhajinagar ,645.8,Metric Tonnes,Other,2200.0,4600.0,3400.0,Rs./Quintal,Local
APMC Dharashiv ,7.7,Metric Tonnes,Red,1800.0,6000.0,3900.0,Rs./Quintal,Local
APMC Islampur ,0.4,Metric Tonnes,Local,3500.0,5000.0,4350.0,Rs./Quintal,Local
APMC Junnar ,801.7,Metric Tonnes,Chinchwad,2000.0,5510.0,4200.0,Rs./Quintal,Local
APMC Kalyan ,0.3,Metric Tonnes,1st Sort,3700.0,5000.0,4350.0,Rs./Quintal,Local
APMC Kamthi ,3.0,Metric Tonnes,Local,4000.0,4500.0,4350.0,Rs./Quintal,Local
APMC Karad ,12.3,Metric Tonnes,Halva,3000.0,4600.0,4600.0,Rs./Quintal,Local
APMC Khed ,1.9,Metric Tonnes,Fursungi,2000.0,4500.0,3000.0,Rs./Quintal,Local
APMC Manchar ,1426.6,Metric Tonnes,Other,4200.0,6510.0,5360.0,Rs./Quintal,Local
APMC Newasa ,135.7,Metric Tonnes,Unhali,1500.0,5100.0,4200.0,Rs./Quintal,Local
APMC Paithan ,80.2,Metric Tonnes,Unhali,1200.0,5600.0,4250.0,Rs./Quintal,Local
APMC Parner ,1267.7,Metric Tonnes,Unhali,1000.0,5600.0,4000.0,Rs./Quintal,Local
APMC Pathardi ,21.8,Metric Tonnes,Red,1000.0,5200.0,3100.0,Rs./Quintal,Local
APMC Pune ,1035.1,Metric Tonnes,Local,1000.0,5000.0,3000.0,Rs./Quintal,Local
APMC Rahata ,204.1,Metric Tonnes,Unhali,1000.0,6100.0,4500.0,Rs./Quintal,Local
APMC Rahuri ,559.3,Metric Tonnes,Other,1000.0,6100.0,3100.0,Rs./Quintal,Local
APMC Ramtek ,1.3,Metric Tonnes,Unhali,3000.0,5000.0,4000.0,Rs./Quintal,Local
APMC Satara ,14.5,Metric Tonnes,Other,2000.0,4500.0,3250.0,Rs./Quintal,Local
APMC Vaduj ,12.0,Metric Tonnes,Local,4000.0,5000.0,4500.0,Rs./Quintal,Local
APMC Vita ,4.0,Metric Tonnes,Other,4000.0,5000.0,4500.0,Rs./Quintal,Local
Amrawati(Frui & Veg. Market) ,18.0,Metric Tonnes,Local,2600.0,5200.0,3900.0,Rs./Quintal,Local
Junnar(Alephata) ,738.7,Metric Tonnes,Chinchwad,3000.0,5300.0,4500.0,Rs./Quintal,Local
Junnar(Narayangaon) ,4.2,Metric Tonnes,Chinchwad,1500.0,5000.0,3300.0,Rs./Quintal,Local
Junnar(Otur) ,1335.6,Metric Tonnes,Unhali,2000.0,5510.0,4500.0,Rs./Quintal,Local
Khed(Chakan) ,25.0,Metric Tonnes,Other,2000.0,4500.0,3800.0,Rs./Quintal,Local
"Omchatinya Multi State Agro Purpose Co-Op Society, Dist Ahilyanagar",315.68,Metric Tonnes,Other,1000.0,6100.0,4200.0,Rs./Quintal,Local
Pune(Khadiki) ,0.9,Metric Tonnes,Local,1000.0,1700.0,1350.0,Rs./Quintal,Local
Pune(Manjri) ,14.6,Metric Tonnes,Local,2000.0,5000.0,4000.0,Rs./Quintal,Local
Pune(Moshi) ,35.0,Metric Tonnes,Local,3000.0,4000.0,3500.0,Rs./Quintal,Local
Pune(Pimpri) ,2.9,Metric Tonnes,Local,3000.0,4500.0,3750.0,Rs./Quintal,Local
Total,8758.98,Metric Tonnes,,,,4156.49,Rs./Quintal,
State/UT Name : NCT of Delhi
APMC Keshopur,246.506,Metric Tonnes,Onion,2800.0,4800.0,4400.0,Rs./Quintal,FAQ
"Fruit&Vegetable Market,Gazipur APMC",450.5,Metric Tonnes,Onion,4300.0,4700.0,4500.0,Rs./Quintal,FAQ
Total,697.01,Metric Tonnes,,,,4464.63,Rs./Quintal,
State/UT Name : Odisha
Angaura APMC,1.7000000000000002,Metric Tonnes,Other,3700.0,4200.0,4000.0,Rs./Quintal,Large
Angul APMC,5.4,Metric Tonnes,Other,3500.0,3500.0,3500.0,Rs./Quintal,Grade B
Balugaon APMC,1.6,Metric Tonnes,Other,2400.0,2400.0,2400.0,Rs./Quintal,Grade A
Bargarh APMC,240.0,Metric Tonnes,Onion,3000.0,4000.0,3500.0,Rs./Quintal,Medium
Bargarh(Barapalli) APMC,183.0,Metric Tonnes,Onion,2500.0,3500.0,3000.0,Rs./Quintal,Local
Boudh APMC,1.0,Metric Tonnes,Other,5000.0,6000.0,5500.0,Rs./Quintal,Local
Dungurapalli APMC,0.25,Metric Tonnes,Other,5000.0,5000.0,5000.0,Rs./Quintal,Local
Hindol APMC,1.4000000000000001,Metric Tonnes,Other,4500.0,5000.0,4800.0,Rs./Quintal,Grade B
Jharsuguda APMC,1.2000000000000002,Metric Tonnes,Other,4000.0,5000.0,4000.0,Rs./Quintal,Grade A
Kamakhyanagar APMC,2.0,Metric Tonnes,Onion,5000.0,5000.0,5000.0,Rs./Quintal,Grade A
Khariar Road APMC,0.7,Metric Tonnes,Onion,3500.0,3500.0,3500.0,Rs./Quintal,Grade A
Pandkital APMC,0.2,Metric Tonnes,Other,4850.0,5200.0,5000.0,Rs./Quintal,Local
Rairakhol APMC,0.6000000000000001,Metric Tonnes,Onion,4000.0,4500.0,4200.0,Rs./Quintal,Grade C
Saharpada APMC,0.5,Metric Tonnes,Other,4000.0,4500.0,4500.0,Rs./Quintal,Local
Udala APMC,2.5,Metric Tonnes,Onion,4500.0,5500.0,5000.0,Rs./Quintal,FAQ
Total,442.05,Metric Tonnes,,,,3319.83,Rs./Quintal,
State/UT Name : Punjab
Bhagta Bhai Ka APMC,0.2,Metric Tonnes,Other,4800.0,4800.0,4800.0,Rs./Quintal,Medium
Bhawanigarh APMC,2.0,Metric Tonnes,Other,3500.0,4000.0,3750.0,Rs./Quintal,Medium
Bhucho APMC,0.3,Metric Tonnes,Local,2500.0,2500.0,2500.0,Rs./Quintal,Local
Budalada APMC,2.5,Metric Tonnes,Onion,4600.0,4600.0,4600.0,Rs./Quintal,Medium
Dasuya APMC,0.9,Metric Tonnes,Onion,5500.0,5500.0,5500.0,Rs./Quintal,Grade A
Dera Bassi APMC,1.1,Metric Tonnes,Onion,2900.0,2900.0,2900.0,Rs./Quintal,Local
Dharamkot APMC,0.7450000000000001,Metric Tonnes,Pole,5000.0,5000.0,5000.0,Rs./Quintal,FAQ
Dhuri APMC,2.8000000000000003,Metric Tonnes,Other,4200.0,4500.0,4300.0,Rs./Quintal,Medium
Dinanagar APMC,2.35,Metric Tonnes,Other,4600.0,4800.0,4700.0,Rs./Quintal,Medium
Dudhansadhan APMC,0.3,Metric Tonnes,Other,5000.0,5000.0,5000.0,Rs./Quintal,Grade B
Ghanaur APMC,0.2,Metric Tonnes,Other,3000.0,4000.0,3500.0,Rs./Quintal,FAQ
Giddarbaha APMC,1.6,Metric Tonnes,Onion,4800.0,4800.0,4800.0,Rs./Quintal,FAQ
Goraya APMC,0.1,Metric Tonnes,Other,3000.0,3000.0,3000.0,Rs./Quintal,Local
Kapurthala APMC,10.0,Metric Tonnes,Onion,2000.0,2200.0,2100.0,Rs./Quintal,Medium
Kharar APMC,10.200000000000001,Metric Tonnes,Other,4200.0,5500.0,4800.0,Rs./Quintal,Non-FAQ
Malerkotla APMC,25.5,Metric Tonnes,Other,3000.0,3800.0,3500.0,Rs./Quintal,Local
Mansa APMC,9.7,Metric Tonnes,Nasik,4980.0,4980.0,4980.0,Rs./Quintal,FAQ
Mukerian APMC,2.9600000000000004,Metric Tonnes,Onion,4000.0,5000.0,4500.0,Rs./Quintal,Grade B
Patti APMC,0.85,Metric Tonnes,Other,0.18,0.18,0.18,Rs./Quintal,Non-FAQ
Phillaur APMC,0.5,Metric Tonnes,Other,4800.0,4800.0,4800.0,Rs./Quintal,FAQ
Phillaur(Apra Mandi) APMC,0.4,Metric Tonnes,Other,5000.0,5000.0,5000.0,Rs./Quintal,FAQ
Quadian APMC,2.0,Metric Tonnes,Other,3300.0,3500.0,3400.0,Rs./Quintal,Grade A
Rajpura APMC,4.5,Metric Tonnes,Local,3200.0,3500.0,3400.0,Rs./Quintal,Grade A
Rampuraphul(Nabha Mandi) APMC,3.5,Metric Tonnes,Other,2500.0,3500.0,3000.0,Rs./Quintal,Grade A
Tanda Urmur APMC,3.2,Metric Tonnes,Nasik,4500.0,5000.0,4800.0,Rs./Quintal,Grade A
Tarantaran APMC,0.5,Metric Tonnes,Other,2600.0,2600.0,2600.0,Rs./Quintal,Local
Total,88.91,Metric Tonnes,,,,3828.09,Rs./Quintal,
State/UT Name : Rajasthan
Baran APMC,1.0,Metric Tonnes,Other,1000.0,1600.0,1400.0,Rs./Quintal,Local
Bayana APMC,2.5,Metric Tonnes,Onion,2500.0,2500.0,2500.0,Rs./Quintal,Local
Bhadara APMC,0.7,Metric Tonnes,1st Sort,4000.0,4500.0,4129.0,Rs./Quintal,FAQ
Bhilwara APMC,21.400000000000002,Metric Tonnes,Other,2500.0,4500.0,3500.0,Rs./Quintal,FAQ
Chomu FV APMC,9.4,Metric Tonnes,Other,4000.0,5000.0,4500.0,Rs./Quintal,Local
Dablirathan APMC,0.2,Metric Tonnes,1st Sort,2800.0,3400.0,3100.0,Rs./Quintal,Local
Goluwala APMC,0.15600000000000003,Metric Tonnes,1st Sort,4100.0,4500.0,4500.0,Rs./Quintal,Non-FAQ
Nawalgarh APMC,0.4,Metric Tonnes,Red,2270.0,2270.0,2270.0,Rs./Quintal,Local
Rajsamand APMC,8.8,Metric Tonnes,Onion,2000.0,2500.0,2250.0,Rs./Quintal,FAQ
Rawatsar APMC,0.8,Metric Tonnes,1st Sort,1800.0,2500.0,2400.0,Rs./Quintal,FAQ
Sikar APMC,131.3,Metric Tonnes,Onion,2000.0,3600.0,2800.0,Rs./Quintal,FAQ
Sujangarh APMC,0.9,Metric Tonnes,Other,900.0,1100.0,1000.0,Rs./Quintal,Local
Udaipur (F&V) APMC,19.400000000000002,Metric Tonnes,Other,2000.0,4500.0,3250.0,Rs./Quintal,Medium
Total,196.96,Metric Tonnes,,,,2961.48,Rs./Quintal,
State/UT Name : Tamil Nadu
AJattihalli(Uzhavar Sandhai ),0.68,Metric Tonnes,Bellary,5400.0,6200.0,5800.0,Rs./Quintal,Local
Alangudi(Uzhavar Sandhai ),0.13,Metric Tonnes,Bellary,6000.0,7000.0,6500.0,Rs./Quintal,Local
Ambattur(Uzhavar Sandhai ),0.05,Metric Tonnes,Bellary,5000.0,5000.0,5000.0,Rs./Quintal,Local
Ammapet(Uzhavar Sandhai ),0.25,Metric Tonnes,Bellary,5600.0,6000.0,5800.0,Rs./Quintal,Local
Anaiyur(Uzhavar Sandhai ),0.85,Metric Tonnes,Bellary,4000.0,6500.0,5250.0,Rs./Quintal,Local
Andipatti(Uzhavar Sandhai ),0.72,Metric Tonnes,Bellary,5800.0,6000.0,5900.0,Rs./Quintal,Local
Anna nagar(Uzhavar Sandhai ),1.8,Metric Tonnes,Bellary,6000.0,6800.0,6400.0,Rs./Quintal,Local
Arani(Uzhavar Sandhai ),0.95,Metric Tonnes,Bellary,5000.0,6000.0,5500.0,Rs./Quintal,Local
Aranthangi(Uzhavar Sandhai ),0.11,Metric Tonnes,Bellary,6000.0,7000.0,6500.0,Rs./Quintal,Local
Arcot(Uzhavar Sandhai ),0.75,Metric Tonnes,Bellary,5000.0,5600.0,5300.0,Rs./Quintal,Local
Ariyalur(Uzhavar Sandhai),0.16,Metric Tonnes,Bellary,5000.0,5500.0,5250.0,Rs./Quintal,Local
Aruppukottai(Uzhavar Sandhai ),0.66,Metric Tonnes,Bellary,5500.0,6000.0,5750.0,Rs./Quintal,Local
Athur(Uzhavar Sandhai ),1.05,Metric Tonnes,Bellary,5500.0,6200.0,5850.0,Rs./Quintal,Local
Avallapalli(Uzhavar Sandhai ),0.25,Metric Tonnes,Bellary,6000.0,6500.0,6250.0,Rs./Quintal,Local
Bodinayakanur(Uzhavar Sandhai ),0.24,Metric Tonnes,Bellary,6000.0,6000.0,6000.0,Rs./Quintal,Local
Chengalpet(Uzhavar Sandhai ),0.53,Metric Tonnes,Bellary,5000.0,6000.0,5500.0,Rs./Quintal,Local
Chengam(Uzhavar Sandhai ),0.2,Metric Tonnes,Bellary,4200.0,5000.0,4600.0,Rs./Quintal,Local
Cheyyar(Uzhavar Sandhai ),0.15,Metric Tonnes,Bellary,4800.0,6000.0,5400.0,Rs./Quintal,Local
Chidambaram(Uzhavar Sandhai ),0.02,Metric Tonnes,Bellary,5000.0,5000.0,5000.0,Rs./Quintal,Local
Chinnalapatti(Uzhavar Sandhai ),0.55,Metric Tonnes,Bellary,5000.0,6500.0,5750.0,Rs./Quintal,Local
Chinnamanur(Uzhavar Sandhai ),1.0,Metric Tonnes,Bellary,6200.0,6400.0,6300.0,Rs./Quintal,Local
Chokkikulam(Uzhavar Sandhai ),1.4,Metric Tonnes,Bellary,6000.0,6500.0,6250.0,Rs./Quintal,Local
Coonoor(Uzhavar Sandhai ),1.5,Metric Tonnes,Bellary,6000.0,6400.0,6200.0,Rs./Quintal,Local
Cuddalore(Uzhavar Sandhai ),0.4,Metric Tonnes,Bellary,5000.0,6000.0,5500.0,Rs./Quintal,Local
Denkanikottai(Uzhavar Sandhai ),0.26,Metric Tonnes,Bellary,5000.0,6000.0,5500.0,Rs./Quintal,Local
Devakottai (Uzhavar Sandhai ),0.22,Metric Tonnes,Bellary,6200.0,6800.0,6500.0,Rs./Quintal,Local
Devaram(Uzhavar Sandhai ),0.18,Metric Tonnes,Bellary,6000.0,6000.0,6000.0,Rs./Quintal,Local
Dharapuram(Uzhavar Sandhai ),0.95,Metric Tonnes,Bellary,6000.0,6500.0,6250.0,Rs./Quintal,Local
Dharmapuri(Uzhavar Sandhai ),1.49,Metric Tonnes,Bellary,5800.0,6200.0,6000.0,Rs./Quintal,Local
Dindigul(Uzhavar Sandhai ),1.1,Metric Tonnes,Bellary,6000.0,6500.0,6250.0,Rs./Quintal,Local
Edapadi (Uzhavar Sandhai ),0.5,Metric Tonnes,Bellary,6000.0,6500.0,6250.0,Rs./Quintal,Local
Elampillai(Uzhavar Sandhai ),0.6,Metric Tonnes,Bellary,6000.0,6500.0,6250.0,Rs./Quintal,Local
Gandarvakottai(Uzhavar Sandhai ),0.21,Metric Tonnes,Bellary,5000.0,6000.0,5500.0,Rs./Quintal,Local
Gandhigramam(Uzhavar Sandhai),0.34,Metric Tonnes,Bellary,5500.0,6000.0,5750.0,Rs./Quintal,Local
Gingee(Uzhavar Sandhai ),0.18,Metric Tonnes,Bellary,5000.0,6000.0,5500.0,Rs./Quintal,Local
Gobichettipalayam(Uzhavar Sandhai ),0.57,Metric Tonnes,Bellary,5500.0,6000.0,5750.0,Rs./Quintal,Local
Gudalur(Uzhavar Sandhai ),0.05,Metric Tonnes,Bellary,6000.0,6300.0,6150.0,Rs./Quintal,Local
Gudiyatham(Uzhavar Sandhai ),0.2,Metric Tonnes,Bellary,5000.0,5600.0,5300.0,Rs./Quintal,Local
Guduvancheri(Uzhavar Sandhai ),0.16,Metric Tonnes,Bellary,5000.0,6000.0,5500.0,Rs./Quintal,Local
Harur(Uzhavar Sandhai ),0.22,Metric Tonnes,Bellary,4000.0,6000.0,5000.0,Rs./Quintal,Local
Hasthampatti(Uzhavar Sandhai ),0.44,Metric Tonnes,Bellary,5500.0,6000.0,5750.0,Rs./Quintal,Local
Hosur(Uzhavar Sandhai ),2.36,Metric Tonnes,Bellary,6000.0,6500.0,6250.0,Rs./Quintal,Local
Jalagandapuram(Uzhavar Sandhai ),0.12,Metric Tonnes,Bellary,6000.0,6500.0,6250.0,Rs./Quintal,Local
Jameenrayapettai(Uzhavar Sandhai ),0.56,Metric Tonnes,Bellary,5000.0,6000.0,5500.0,Rs./Quintal,Local
Jeyankondam (Uzhavar Sandhai ),0.01,Metric Tonnes,Bellary,5000.0,6000.0,5500.0,Rs./Quintal,Local
KKNagar(Uzhavar Sandhai ),1.9,Metric Tonnes,Bellary,6000.0,6600.0,6300.0,Rs./Quintal,Local
Kahithapattarai(Uzhavar Sandhai ),0.9,Metric Tonnes,Bellary,6000.0,6000.0,6000.0,Rs./Quintal,Local
Kallakurichi(Uzhavar Sandhai ),0.24,Metric Tonnes,Bellary,6000.0,6000.0,6000.0,Rs./Quintal,Local
Kambam(Uzhavar Sandhai ),1.5,Metric Tonnes,Bellary,6000.0,6000.0,6000.0,Rs./Quintal,Local
Kancheepuram(Uzhavar Sandhai ),0.65,Metric Tonnes,Bellary,5000.0,6000.0,5500.0,Rs./Quintal,Local
Kangayam(Uzhavar Sandhai ),0.36,Metric Tonnes,Bellary,4500.0,5000.0,4750.0,Rs./Quintal,Local
Karaikudi(Uzhavar Sandhai ),0.32,Metric Tonnes,Bellary,6000.0,6800.0,6400.0,Rs./Quintal,Local
Karambakkudi(Uzhavar Sandhai ),0.16,Metric Tonnes,Bellary,6000.0,7000.0,6500.0,Rs./Quintal,Local
Karimangalam(Uzhavar Sandhai),0.14,Metric Tonnes,Bellary,5000.0,5500.0,5250.0,Rs./Quintal,Local
Kariyapatti(Uzhavar Sandhai ),0.21,Metric Tonnes,Bellary,5500.0,6000.0,5750.0,Rs./Quintal,Local
Karur(Uzhavar Sandhai ),0.7,Metric Tonnes,Bellary,5500.0,6000.0,5750.0,Rs./Quintal,Local
Katpadi (Uzhavar Sandhai ),1.3,Metric Tonnes,Bellary,6000.0,6000.0,6000.0,Rs./Quintal,Local
Kaveripattinam(Uzhavar Sandhai ),0.35,Metric Tonnes,Bellary,5000.0,5000.0,5000.0,Rs./Quintal,Local
Keelpennathur(Uzhavar Sandhai ),0.03,Metric Tonnes,Bellary,5500.0,6000.0,5750.0,Rs./Quintal,Local
Kodaikkanal(Uzhavar Sandhai),0.01,Metric Tonnes,Bellary,5000.0,5500.0,5250.0,Rs./Quintal,Local
Kovilpatti(Uzhavar Sandhai ),0.32,Metric Tonnes,Bellary,6000.0,6500.0,6250.0,Rs./Quintal,Local
Krishnagiri(Uzhavar Sandhai ),1.8,Metric Tonnes,Bellary,5500.0,6000.0,5750.0,Rs./Quintal,Local
Kulithalai(Uzhavar Sandhai ),0.7,Metric Tonnes,Bellary,5600.0,6000.0,5800.0,Rs./Quintal,Local
Kumarapalayam(Uzhavar Sandhai ),0.12,Metric Tonnes,Bellary,2800.0,3000.0,2900.0,Rs./Quintal,Local
Kumbakonam (Uzhavar Sandhai ),1.3,Metric Tonnes,Bellary,4800.0,7200.0,6000.0,Rs./Quintal,Local
Kundrathur(Uzhavar Sandhai ),0.85,Metric Tonnes,Bellary,5000.0,5000.0,5000.0,Rs./Quintal,Local
Kurichi(Uzhavar Sandhai ),0.06,Metric Tonnes,Bellary,5400.0,5800.0,5600.0,Rs./Quintal,Local
Lalgudi(Uzhavar Sandhai ),0.32,Metric Tonnes,Bellary,6000.0,6000.0,6000.0,Rs./Quintal,Local
Madhuranthagam(Uzhavar Sandhai ),0.08,Metric Tonnes,Bellary,6000.0,6000.0,6000.0,Rs./Quintal,Local
Manachanallur(Uzhavar Sandhai ),0.15,Metric Tonnes,Bellary,5000.0,6000.0,5500.0,Rs./Quintal,Local
Manapparai(Uzhavar Sandhai ),0.23,Metric Tonnes,Bellary,5000.0,6000.0,5500.0,Rs./Quintal,Local
Mannargudi I(Uzhavar Sandhai ),1.34,Metric Tonnes,Bellary,5600.0,7000.0,6300.0,Rs./Quintal,Local
Mannargudi II(Uzhavar Sandhai ),0.3,Metric Tonnes,Bellary,6400.0,6400.0,6400.0,Rs./Quintal,Local
Mayiladuthurai(Uzhavar Sandhai ),0.18,Metric Tonnes,Bellary,3600.0,4000.0,3800.0,Rs./Quintal,Local
Medavakkam(Uzhavar Sandhai ),0.2,Metric Tonnes,Bellary,6000.0,6000.0,6000.0,Rs./Quintal,Local
Melapalayam(Uzhavar Sandhai ),1.2,Metric Tonnes,Bellary,5000.0,6200.0,5600.0,Rs./Quintal,Local
Melur(Uzhavar Sandhai ),0.49,Metric Tonnes,Bellary,6000.0,6500.0,6250.0,Rs./Quintal,Local
Mettupalayam(Uzhavar Sandhai ),0.95,Metric Tonnes,Bellary,6000.0,6400.0,6200.0,Rs./Quintal,Local
Mettur(Uzhavar Sandhai ),0.52,Metric Tonnes,Bellary,5500.0,6500.0,6000.0,Rs./Quintal,Local
Mohanur(Uzhavar Sandhai ),0.34,Metric Tonnes,Bellary,5500.0,6500.0,6000.0,Rs./Quintal,Local
Musiri(Uzhavar Sandhai ),0.8,Metric Tonnes,Bellary,5000.0,6500.0,5750.0,Rs./Quintal,Local
Muthupettai(Uzhavar Sandhai ),0.07,Metric Tonnes,Bellary,6000.0,6000.0,6000.0,Rs./Quintal,Local
Myladi(Uzhavar Sandhai ),0.05,Metric Tonnes,Bellary,5500.0,6000.0,5750.0,Rs./Quintal,Local
NGO Colony(Uzhavar Sandhai ),0.4,Metric Tonnes,Bellary,5500.0,6200.0,5850.0,Rs./Quintal,Local
Nagapattinam(Uzhavar Sandhai ),0.27,Metric Tonnes,Bellary,2800.0,3500.0,3150.0,Rs./Quintal,Local
Namakkal(Uzhavar Sandhai ),2.55,Metric Tonnes,Bellary,6000.0,6400.0,6200.0,Rs./Quintal,Local
Nanganallur(Uzhavar Sandhai ),0.15,Metric Tonnes,Bellary,5500.0,6000.0,5750.0,Rs./Quintal,Local
Naravarikuppam(Uzhavar Sandhai ),0.2,Metric Tonnes,Bellary,5000.0,5000.0,5000.0,Rs./Quintal,Local
Natrampalli(Uzhavar Sandhai ),0.55,Metric Tonnes,Bellary,5000.0,6000.0,5500.0,Rs./Quintal,Local
Needamangalam(Uzhavar Sandhai ),0.05,Metric Tonnes,Bellary,5400.0,5400.0,5400.0,Rs./Quintal,Local
Padappai(Uzhavar Sandhai ),0.75,Metric Tonnes,Bellary,5000.0,6000.0,5500.0,Rs./Quintal,Local
Palacode(Uzhavar Sandhai ),0.24,Metric Tonnes,Bellary,5800.0,6200.0,6000.0,Rs./Quintal,Local
Palanganatham(Uzhavar Sandhai ),0.9,Metric Tonnes,Bellary,6000.0,6500.0,6250.0,Rs./Quintal,Local
Palani(Uzhavar Sandhai ),1.06,Metric Tonnes,Bellary,5000.0,6000.0,5500.0,Rs./Quintal,Local
Palayamkottai(Uzhavar Sandhai ),2.4,Metric Tonnes,Bellary,5600.0,6200.0,5900.0,Rs./Quintal,Local
Pallavaram(Uzhavar Sandhai ),1.06,Metric Tonnes,Bellary,4500.0,5000.0,4750.0,Rs./Quintal,Local
Pallikonda(Uzhavar Sandhai),0.11,Metric Tonnes,Bellary,5000.0,5500.0,5250.0,Rs./Quintal,Local
Panruti(Uzhavar Sandhai ),0.07,Metric Tonnes,Bellary,5000.0,5000.0,5000.0,Rs./Quintal,Local
Papanasam(Uzhavar Sandhai ),0.19,Metric Tonnes,Bellary,4800.0,7200.0,6000.0,Rs./Quintal,Local
Paramakudi(Uzhavar Sandhai ),0.38,Metric Tonnes,Bellary,5500.0,6000.0,5750.0,Rs./Quintal,Local
Paramathivelur(Uzhavar Sandhai ),0.18,Metric Tonnes,Bellary,5000.0,6000.0,5500.0,Rs./Quintal,Local
Paruthipattu(Uzhavar Sandhai ),0.24,Metric Tonnes,Bellary,5000.0,5000.0,5000.0,Rs./Quintal,Local
Pattukottai(Uzhavar Sandhai ),0.7,Metric Tonnes,Bellary,4600.0,6000.0,5300.0,Rs./Quintal,Local
Pennagaram(Uzhavar Sandhai ),0.21,Metric Tonnes,Bellary,5500.0,6000.0,5750.0,Rs./Quintal,Local
Perambakkam(Uzhavar Sandhai ),0.02,Metric Tonnes,Bellary,5000.0,5000.0,5000.0,Rs./Quintal,Local
Perambalur(Uzhavar Sandhai ),0.8,Metric Tonnes,Bellary,6000.0,6600.0,6300.0,Rs./Quintal,Local
Perampet(Uzhavar Sandhai),0.05,Metric Tonnes,Bellary,5000.0,5600.0,5300.0,Rs./Quintal,Local
Peravurani(Uzhavar Sandhai),0.05,Metric Tonnes,Bellary,4400.0,6000.0,5200.0,Rs./Quintal,Local
Periyakulam(Uzhavar Sandhai ),0.31,Metric Tonnes,Bellary,5800.0,6000.0,5900.0,Rs./Quintal,Local
Perundurai(Uzhavar Sandhai ),0.28,Metric Tonnes,Bellary,6200.0,6600.0,6400.0,Rs./Quintal,Local
Pollachi(Uzhavar Sandhai ),0.34,Metric Tonnes,Bellary,6000.0,6500.0,6250.0,Rs./Quintal,Local
Polur(Uzhavar Sandhai ),0.18,Metric Tonnes,Bellary,5000.0,6000.0,5500.0,Rs./Quintal,Local
Ponnamaravathi(Uzhavar Sandhai),0.2,Metric Tonnes,Bellary,5500.0,6000.0,5750.0,Rs./Quintal,Local
Pudukottai(Uzhavar Sandhai ),0.78,Metric Tonnes,Bellary,6000.0,7000.0,6500.0,Rs./Quintal,Local
RSPuram(Uzhavar Sandhai ),4.45,Metric Tonnes,Bellary,5200.0,5500.0,5350.0,Rs./Quintal,Local
Rajapalayam(Uzhavar Sandhai ),0.2,Metric Tonnes,Bellary,5500.0,6500.0,6000.0,Rs./Quintal,Local
Ramanathapuram(Uzhavar Sandhai ),0.13,Metric Tonnes,Bellary,6500.0,7000.0,6750.0,Rs./Quintal,Local
Ranipettai(Uzhavar Sandhai ),0.25,Metric Tonnes,Bellary,5600.0,5600.0,5600.0,Rs./Quintal,Local
Rasipuram(Uzhavar Sandhai ),0.69,Metric Tonnes,Bellary,5800.0,6200.0,6000.0,Rs./Quintal,Local
Sampath Nagar(Uzhavar Sandhai ),0.7,Metric Tonnes,Bellary,6000.0,6400.0,6200.0,Rs./Quintal,Local
Sankarankoil(Uzhavar Sandhai ),0.51,Metric Tonnes,Bellary,6000.0,6500.0,6250.0,Rs./Quintal,Local
Sankarapuram(Uzhavar Sandhai ),0.23,Metric Tonnes,Bellary,6000.0,6000.0,6000.0,Rs./Quintal,Local
Sathiyamagalam(Uzhavar Sandhai ),0.3,Metric Tonnes,Bellary,5500.0,6000.0,5750.0,Rs./Quintal,Local
Sathur(Uzhavar Sandhai ),0.05,Metric Tonnes,Bellary,4500.0,5000.0,4750.0,Rs./Quintal,Local
Singampunari(Uzhavar Sandhai ),0.13,Metric Tonnes,Bellary,4200.0,6000.0,5100.0,Rs./Quintal,Local
Singanallur(Uzhavar Sandhai ),1.21,Metric Tonnes,Bellary,5000.0,5800.0,5400.0,Rs./Quintal,Local
Sirkali(Uzhavar Sandhai ),0.24,Metric Tonnes,Bellary,5500.0,6000.0,5750.0,Rs./Quintal,Local
Sivagangai (Uzhavar Sandhai ),0.42,Metric Tonnes,Bellary,6200.0,6600.0,6400.0,Rs./Quintal,Local
Sivakasi(Uzhavar Sandhai ),0.04,Metric Tonnes,Bellary,5000.0,6000.0,5500.0,Rs./Quintal,Local
Sooramangalam(Uzhavar Sandhai ),0.55,Metric Tonnes,Bellary,5000.0,6000.0,5500.0,Rs./Quintal,Local
Srivilliputhur(Uzhavar Sandhai ),0.09,Metric Tonnes,Bellary,5000.0,6000.0,5500.0,Rs./Quintal,Local
Sulur(Uzhavar Sandhai ),0.18,Metric Tonnes,Bellary,5000.0,5800.0,5400.0,Rs./Quintal,Local
Sundarapuram(Uzhavar Sandhai ),0.85,Metric Tonnes,Bellary,5400.0,5800.0,5600.0,Rs./Quintal,Local
Sunguvarchatram(Uzhavar Sandhai ),0.85,Metric Tonnes,Bellary,5000.0,5000.0,5000.0,Rs./Quintal,Local
Tenkasi(Uzhavar Sandhai ),0.46,Metric Tonnes,Bellary,5000.0,5500.0,5250.0,Rs./Quintal,Local
Thalavadi(Uzhavar Sandhai ),0.23,Metric Tonnes,Bellary,5400.0,5800.0,5600.0,Rs./Quintal,Local
Thalavaipuram(Uzhavar Sandhai ),0.05,Metric Tonnes,Bellary,5500.0,7000.0,6250.0,Rs./Quintal,Local
Thammampatti (Uzhavar Sandhai ),0.5,Metric Tonnes,Bellary,6000.0,6500.0,6250.0,Rs./Quintal,Local
Thanjavur(Uzhavar Sandhai ),1.31,Metric Tonnes,Bellary,6000.0,6800.0,6400.0,Rs./Quintal,Local
Thathakapatti(Uzhavar Sandhai ),0.45,Metric Tonnes,Bellary,5000.0,6000.0,5500.0,Rs./Quintal,Local
Theni(Uzhavar Sandhai ),0.92,Metric Tonnes,Bellary,5500.0,6000.0,5750.0,Rs./Quintal,Local
Thirumangalam(Uzhavar Sandhai ),0.66,Metric Tonnes,Bellary,6000.0,6500.0,6250.0,Rs./Quintal,Local
Thirupathur APMC,1.0,Metric Tonnes,Bellary,5500.0,5500.0,5500.0,Rs./Quintal,Local
Thiruverumbur(Uzhavar Sandhai ),0.75,Metric Tonnes,Bellary,4600.0,6000.0,5300.0,Rs./Quintal,Local
Thuraiyur APMC,0.42,Metric Tonnes,Bellary,5500.0,6500.0,6000.0,Rs./Quintal,Local
Tindivanam APMC,0.73,Metric Tonnes,Bellary,5800.0,5800.0,5800.0,Rs./Quintal,Local
Tiruchengode APMC,0.19,Metric Tonnes,Bellary,5400.0,6000.0,5700.0,Rs./Quintal,Local
Tirukattupalli(Uzhavar Sandhai ),0.26,Metric Tonnes,Bellary,6000.0,6800.0,6400.0,Rs./Quintal,Local
Tirupatthur(Uzhavar Sandhai ),0.37,Metric Tonnes,Bellary,6500.0,7000.0,6750.0,Rs./Quintal,Local
Tiruppur (North) (Uzhavar Sandhai ),0.68,Metric Tonnes,Bellary,5500.0,6000.0,5750.0,Rs./Quintal,Local
Tiruppur (South) (Uzhavar Sandhai ),0.34,Metric Tonnes,Bellary,4500.0,5000.0,4750.0,Rs./Quintal,Local
Tiruthani(Uzhavar Sandhai ),0.8,Metric Tonnes,Bellary,4000.0,4000.0,4000.0,Rs./Quintal,Local
Tiruvallur(Uzhavar Sandhai ),0.19,Metric Tonnes,Bellary,5000.0,5000.0,5000.0,Rs./Quintal,Local
Tiruvannamalai(Uzhavar Sandhai ),1.05,Metric Tonnes,Bellary,5000.0,6000.0,5500.0,Rs./Quintal,Local
Tuticorin(Uzhavar Sandhai ),1.22,Metric Tonnes,Bellary,5000.0,6000.0,5500.0,Rs./Quintal,Local
Udhagamandalam(Uzhavar Sandhai ),2.4,Metric Tonnes,Bellary,5500.0,6000.0,5750.0,Rs./Quintal,Local
Ulundurpettai APMC,0.49,Metric Tonnes,Bellary,6000.0,6000.0,6000.0,Rs./Quintal,Local
Usilampatti(Uzhavar Sandhai ),0.58,Metric Tonnes,Bellary,6000.0,6500.0,6250.0,Rs./Quintal,Local
Vadalur(Uzhavar Sandhai ),0.16,Metric Tonnes,Bellary,4500.0,5000.0,4750.0,Rs./Quintal,Local
Vadaseri APMC,0.39,Metric Tonnes,Bellary,5500.0,6000.0,5750.0,Rs./Quintal,Local
Vadavalli(Uzhavar Sandhai ),1.23,Metric Tonnes,Bellary,5200.0,5500.0,5350.0,Rs./Quintal,Local
Vandavasi(Uzhavar Sandhai ),0.04,Metric Tonnes,Bellary,5000.0,6000.0,5500.0,Rs./Quintal,Local
Vaniyampadi(Uzhavar Sandhai ),0.7,Metric Tonnes,Bellary,5000.0,5000.0,5000.0,Rs./Quintal,Local
Vazhapadi(Uzhavar Sandhai),0.11,Metric Tonnes,Bellary,5500.0,6000.0,5750.0,Rs./Quintal,Local
Vedaranyam(Uzhavar Sandhai),0.07,Metric Tonnes,Bellary,3000.0,3500.0,3250.0,Rs./Quintal,Local
Vedasanthur(Uzhavar Sandhai ),0.01,Metric Tonnes,Bellary,5000.0,6000.0,5500.0,Rs./Quintal,Local
Vellore APMC,1.3,Metric Tonnes,Bellary,5800.0,5800.0,5800.0,Rs./Quintal,Local
Villupuram(Uzhavar Sandhai ),0.43,Metric Tonnes,Bellary,6000.0,6000.0,6000.0,Rs./Quintal,Local
Virudhunagar(Uzhavar Sandhai ),0.13,Metric Tonnes,Bellary,5400.0,5500.0,5450.0,Rs./Quintal,Local
Viruthachalam(Uzhavar Sandhai ),0.15,Metric Tonnes,Bellary,5500.0,5500.0,5500.0,Rs./Quintal,Local
Total,94.77,Metric Tonnes,,,,5784.48,Rs./Quintal,
State/UT Name : Telangana
"Alwal,RBZ",0.2,Metric Tonnes,Onion,4000.0,4000.0,4000.0,Rs./Quintal,FAQ
Bowenpally APMC,48.400000000000006,Metric Tonnes,Onion,2500.0,5500.0,4500.0,Rs./Quintal,FAQ
"Excise Colony,RBZ ",0.22,Metric Tonnes,Other,6000.0,6000.0,6000.0,Rs./Quintal,Grade A
Gudimalkapur APMC,165.0,Metric Tonnes,Onion,1600.0,5000.0,2600.0,Rs./Quintal,Grade B
"Kukatpally,RBZ",7.1,Metric Tonnes,1st Sort,4000.0,4000.0,4000.0,Rs./Quintal,Local
L B Nagar APMC,5.5,Metric Tonnes,Onion,5000.0,6000.0,5500.0,Rs./Quintal,Medium
Miryalguda(Rythu Bazar) ,0.8,Metric Tonnes,Red,6000.0,6000.0,6000.0,Rs./Quintal,Grade A
RYTHU BAZAR ERRAGADDA,6.3,Metric Tonnes,1st Sort,4000.0,4000.0,4000.0,Rs./Quintal,Grade A
RYTHU BAZAR FALAKNUMA,0.7,Metric Tonnes,Onion,4000.0,4000.0,4000.0,Rs./Quintal,Grade A
RYTHU BAZAR MEHDIPATNAM,2.8,Metric Tonnes,1st Sort,4000.0,4000.0,4000.0,Rs./Quintal,Grade A
Sangareddy APMC,1.0,Metric Tonnes,Other,6000.0,6000.0,6000.0,Rs./Quintal,Grade B
"Saroornagar,RBZ",1.0,Metric Tonnes,Other,4000.0,4000.0,4000.0,Rs./Quintal,Medium
Siddipet(Rythu Bazar) ,2.2,Metric Tonnes,Onion,4500.0,5500.0,5000.0,Rs./Quintal,Grade A
"Vanasthalipuram,RBZ ",1.3,Metric Tonnes,Onion,4000.0,4000.0,4000.0,Rs./Quintal,Grade A
Total,242.52,Metric Tonnes,,,,3207.03,Rs./Quintal,
State/UT Name : Tripura
Dasda APMC,0.30000000000000004,Metric Tonnes,Onion,4800.0,4900.0,4850.0,Rs./Quintal,FAQ
Gondatwisa APMC,0.2,Metric Tonnes,Onion,5000.0,5500.0,5300.0,Rs./Quintal,FAQ
Halahali,3.0,Metric Tonnes,1st Sort,5900.0,6100.0,6000.0,Rs./Quintal,FAQ
Jampuijala APMC,0.30000000000000004,Metric Tonnes,Other,4800.0,5000.0,4900.0,Rs./Quintal,Medium
Kadamtala,3.8000000000000003,Metric Tonnes,Nasik,3400.0,3500.0,3450.0,Rs./Quintal,Medium
Kalyanpur APMC,5.0,Metric Tonnes,Nasik,5000.0,5100.0,5050.0,Rs./Quintal,FAQ
Kanchanpur,1.0,Metric Tonnes,Nasik,4800.0,5000.0,4900.0,Rs./Quintal,FAQ
Machmara,0.7000000000000001,Metric Tonnes,Nasik,4400.0,4600.0,4500.0,Rs./Quintal,FAQ
Manubazar,0.7000000000000001,Metric Tonnes,1st Sort,4800.0,5500.0,5200.0,Rs./Quintal,Grade A
Melaghar APMC,0.6,Metric Tonnes,Small,5400.0,5600.0,5500.0,Rs./Quintal,Local
Pabiacherra APMC,1.0,Metric Tonnes,Nasik,4800.0,5000.0,4900.0,Rs./Quintal,FAQ
Panisagar APMC,4.5,Metric Tonnes,Nasik,3400.0,3500.0,3450.0,Rs./Quintal,Medium
Total,21.1,Metric Tonnes,,,,4538.39,Rs./Quintal,
State/UT Name : Uttar Pradesh
Ahirora APMC,10.0,Metric Tonnes,Other,1000.0,1000.0,1000.0,Rs./Quintal,FAQ
Aligarh APMC,8.0,Metric Tonnes,Other,3500.0,3500.0,3500.0,Rs./Quintal,FAQ
Anwala APMC,94.0,Metric Tonnes,Other,2800.0,2800.0,2800.0,Rs./Quintal,FAQ
Ayodhya APMC,90.0,Metric Tonnes,Other,2500.0,2500.0,2500.0,Rs./Quintal,FAQ
Baripaal APMC,14.5,Metric Tonnes,Other,3500.0,3500.0,3500.0,Rs./Quintal,FAQ
Dudhi APMC,0.2,Metric Tonnes,Local,3400.0,3600.0,3500.0,Rs./Quintal,Medium
Fatehpur APMC,12.5,Metric Tonnes,Other,3600.0,3600.0,3600.0,Rs./Quintal,FAQ
Gorakhpur APMC,60.9,Metric Tonnes,Other,2500.0,2500.0,2500.0,Rs./Quintal,FAQ
Jaunpur APMC,33.0,Metric Tonnes,Other,3800.0,3800.0,3800.0,Rs./Quintal,FAQ
Jayas APMC,23.0,Metric Tonnes,Other,2500.0,2500.0,2500.0,Rs./Quintal,FAQ
Jhansi APMC,6.0,Metric Tonnes,Other,2700.0,2700.0,2700.0,Rs./Quintal,FAQ
Kanpur(Grain) APMC,252.0,Metric Tonnes,Other,3500.0,3500.0,3500.0,Rs./Quintal,FAQ
Khairagarh APMC,1.0,Metric Tonnes,Red,4000.0,4100.0,4050.0,Rs./Quintal,FAQ
Khalilabad APMC,60.0,Metric Tonnes,Other,2500.0,2500.0,2500.0,Rs./Quintal,FAQ
Kosikalan APMC,2.0,Metric Tonnes,Other,1900.0,1900.0,1900.0,Rs./Quintal,FAQ
Lakhimpur APMC,62.38,Metric Tonnes,Other,2880.0,2900.0,2889.84,Rs./Quintal,FAQ
Lucknow APMC,17.0,Metric Tonnes,Other,3500.0,3500.0,3500.0,Rs./Quintal,FAQ
Muradabad APMC,118.0,Metric Tonnes,Other,2500.0,2520.0,2507.2,Rs./Quintal,FAQ
Najibabad APMC,55.0,Metric Tonnes,Other,2500.0,2500.0,2500.0,Rs./Quintal,FAQ
Paliakala APMC,30.0,Metric Tonnes,Other,2900.0,2900.0,2900.0,Rs./Quintal,FAQ
Prayagraj APMC,32.5,Metric Tonnes,Other,3000.0,3200.0,3076.92,Rs./Quintal,FAQ
Saharanpur APMC,391.7,Metric Tonnes,Other,2300.0,3750.0,2842.72,Rs./Quintal,FAQ
Sambhal APMC,175.0,Metric Tonnes,Other,2500.0,2500.0,2500.0,Rs./Quintal,FAQ
Shamli APMC,2.0,Metric Tonnes,Other,4500.0,5000.0,4750.0,Rs./Quintal,FAQ
Tanda(Rampur) APMC,50.4,Metric Tonnes,Other,2500.0,2500.0,2500.0,Rs./Quintal,FAQ
Varanasi APMC,59.56,Metric Tonnes,Other,3500.0,3600.0,3527.12,Rs./Quintal,FAQ
Total,1660.64,Metric Tonnes,,,,2872.71,Rs./Quintal,
State/UT Name : Uttarakhand
Haldwani APMC,36.4,Metric Tonnes,Other,3000.0,3800.0,3400.0,Rs./Quintal,FAQ
Haridwar Union APMC,12.5,Metric Tonnes,Onion,2500.0,3500.0,3000.0,Rs./Quintal,Grade B
Kotadwara APMC,0.3,Metric Tonnes,Onion,1700.0,1700.0,1700.0,Rs./Quintal,FAQ
Ramnagar APMC,1.5,Metric Tonnes,Other,2500.0,3000.0,2600.0,Rs./Quintal,Local
Rishikesh APMC,8.5,Metric Tonnes,Other,3000.0,4800.0,3950.0,Rs./Quintal,Medium
Roorkee APMC,1.9000000000000001,Metric Tonnes,Other,2500.0,4500.0,3500.0,Rs./Quintal,Medium
Rudrapur APMC,20.0,Metric Tonnes,Other,3000.0,4500.0,4000.0,Rs./Quintal,Medium
Sitarganj APMC,17.0,Metric Tonnes,Hybrid,2500.0,3500.0,3000.0,Rs./Quintal,Grade B
Total,98.1,Metric Tonnes,,,,3434.2,Rs./Quintal,
State/UT Name : West Bengal
Alipurduar APMC,8.0,Metric Tonnes,Onion,2500.0,3500.0,3000.0,Rs./Quintal,FAQ
Asansol APMC,16.0,Metric Tonnes,Nasik,4200.0,4400.0,4350.0,Rs./Quintal,FAQ
Balarampur APMC,1.7,Metric Tonnes,Other,4200.0,4800.0,4500.0,Rs./Quintal,FAQ
Balurghat APMC,2.5,Metric Tonnes,1st Sort,4400.0,4600.0,4500.0,Rs./Quintal,FAQ
Bankura Sadar APMC,15.0,Metric Tonnes,Nasik,4700.0,5050.0,4850.0,Rs./Quintal,FAQ
Barasat APMC,39.0,Metric Tonnes,Other,4500.0,4500.0,4500.0,Rs./Quintal,FAQ
Baruipur(Canning) APMC,4.0,Metric Tonnes,Red,4700.0,4900.0,4800.0,Rs./Quintal,FAQ
Bethuadahari APMC,9.5,Metric Tonnes,Local,3800.0,4000.0,4000.0,Rs./Quintal,Grade A
Bethuadahari APMC,9.5,Metric Tonnes,Nasik,3800.0,4000.0,4000.0,Rs./Quintal,Grade A
Bishnupur(Bankura) APMC,0.7000000000000001,Metric Tonnes,Nasik,4200.0,4850.0,4800.0,Rs./Quintal,FAQ
Burdwan APMC,20.0,Metric Tonnes,Nasik,4400.0,4800.0,4700.0,Rs./Quintal,FAQ
Chakdah APMC,5.8,Metric Tonnes,Onion,4200.0,4400.0,4300.0,Rs./Quintal,FAQ
Champadanga APMC,3.3,Metric Tonnes,Nasik,4300.0,4600.0,4500.0,Rs./Quintal,FAQ
Diamond Harbour(South 24-pgs) APMC,4.800000000000001,Metric Tonnes,Red,4700.0,5000.0,4800.0,Rs./Quintal,FAQ
Durgapur APMC,16.0,Metric Tonnes,Nasik,4250.0,4400.0,4300.0,Rs./Quintal,FAQ
English Bazar APMC,16.0,Metric Tonnes,Nasik,3800.0,4000.0,3900.0,Rs./Quintal,FAQ
Falakata APMC,9.0,Metric Tonnes,Other,3000.0,3800.0,3500.0,Rs./Quintal,FAQ
Gangarampur(Dakshin Dinajpur) APMC,2.2,Metric Tonnes,1st Sort,4000.0,4200.0,4100.0,Rs./Quintal,FAQ
Garbeta(Medinipur) APMC,0.9,Metric Tonnes,Onion,4200.0,4600.0,4400.0,Rs./Quintal,FAQ
Ghatal APMC,3.0,Metric Tonnes,Onion,5100.0,5300.0,5200.0,Rs./Quintal,FAQ
Habra APMC,42.0,Metric Tonnes,Medium,4200.0,4200.0,4200.0,Rs./Quintal,FAQ
Islampur APMC,6.0,Metric Tonnes,Dry F.A.Q.,4200.0,4800.0,4500.0,Rs./Quintal,FAQ
Jangipur APMC,28.75,Metric Tonnes,Bellary,3650.0,3750.0,3700.0,Rs./Quintal,FAQ
Kalipur APMC,5.2,Metric Tonnes,Nasik,4200.0,4500.0,4400.0,Rs./Quintal,FAQ
Kalna APMC,1.85,Metric Tonnes,Local,4400.0,4500.0,4500.0,Rs./Quintal,FAQ
Kalna APMC,1.75,Metric Tonnes,Nasik,4600.0,4800.0,4700.0,Rs./Quintal,FAQ
Kalyani APMC,2.5,Metric Tonnes,Other,4600.0,5000.0,4800.0,Rs./Quintal,Medium
Karsiyang(Matigara) APMC,0.3,Metric Tonnes,Nasik,5900.0,6100.0,6000.0,Rs./Quintal,FAQ
Kasipur APMC,1.9,Metric Tonnes,Other,4500.0,4700.0,4600.0,Rs./Quintal,FAQ
Medinipur(West) APMC,26.0,Metric Tonnes,Onion,4300.0,4500.0,4400.0,Rs./Quintal,FAQ
Moynaguri APMC,1.0,Metric Tonnes,Nasik,4800.0,5200.0,5000.0,Rs./Quintal,FAQ
Nadia APMC,6.1,Metric Tonnes,Nasik,4100.0,4300.0,4200.0,Rs./Quintal,FAQ
Pandua APMC,2.52,Metric Tonnes,Dry F.A.Q.,4000.0,4450.0,4200.0,Rs./Quintal,FAQ
Purulia APMC,8.0,Metric Tonnes,Other,4200.0,4800.0,4500.0,Rs./Quintal,FAQ
Raiganj APMC,6.0,Metric Tonnes,Nasik,4000.0,4600.0,4500.0,Rs./Quintal,FAQ
Ramkrishanpur(Howrah) APMC,0.8,Metric Tonnes,Nasik,4800.0,5400.0,5200.0,Rs./Quintal,FAQ
Rampurhat APMC,18.0,Metric Tonnes,Other,4400.0,4600.0,4500.0,Rs./Quintal,FAQ
Ranaghat APMC,4.6,Metric Tonnes,Other,4200.0,4400.0,4300.0,Rs./Quintal,FAQ
Samsi APMC,12.0,Metric Tonnes,Nasik,3900.0,4000.0,3950.0,Rs./Quintal,FAQ
Sheoraphuly APMC,103.0,Metric Tonnes,Nasik,4225.0,4375.0,4300.0,Rs./Quintal,FAQ
Uluberia APMC,0.4,Metric Tonnes,Nasik,4800.0,5400.0,5200.0,Rs./Quintal,FAQ
Total,465.57,Metric Tonnes,,,,4285.26,Rs./Quintal,
Grand Total,14889.9,Metric Tonnes,,,,4047.94,Rs./Quintal,
Potato
State/UT Name : Assam
Pamohi(Garchuk) APMC,50.0,Metric Tonnes,Potato,900.0,1800.0,1300.0,Rs./Quintal,FAQ
Pamohi(Garchuk) APMC,60.0,Metric Tonnes,Other,1600.0,2500.0,1800.0,Rs./Quintal,FAQ
Tinsukia Market,10.0,Metric Tonnes,Potato,900.0,1200.0,1000.0,Rs./Quintal,FAQ
Total,120.0,Metric Tonnes,,,,1525.0,Rs./Quintal,
State/UT Name : Bihar
Balliah APMC,3.0,Metric Tonnes,Local,1100.0,1300.0,1200.0,Rs./Quintal,Grade C
Balliah APMC,4.0,Metric Tonnes,Local,1100.0,1300.0,1200.0,Rs./Quintal,Grade A
Balliah APMC,4.0,Metric Tonnes,Local,1100.0,1300.0,1200.0,Rs./Quintal,Grade B
Bhagwanpur Mandi APMC,7.6,Metric Tonnes,Red Nanital,1300.0,1300.0,1300.0,Rs./Quintal,Grade A
Buxur APMC,6.0,Metric Tonnes,Jyoti,1162.0,1172.0,1165.0,Rs./Quintal,Local
Chhapra APMC,90.0,Metric Tonnes,Other,1300.0,1500.0,1400.0,Rs./Quintal,Grade A
Jamui APMC,18.0,Metric Tonnes,Jyoti,1100.0,1100.0,1100.0,Rs./Quintal,Grade A
Khagaria APMC,30.0,Metric Tonnes,Red,1060.0,1130.0,1100.0,Rs./Quintal,Grade A
Madhuban APMC,150.0,Metric Tonnes,Other,1100.0,1300.0,1200.0,Rs./Quintal,FAQ
Madhubani APMC,60.0,Metric Tonnes,Red,1100.0,1300.0,1200.0,Rs./Quintal,FAQ
Motihari APMC,75.0,Metric Tonnes,Other,1100.0,1300.0,1200.0,Rs./Quintal,Grade A
Saharsa APMC,25.0,Metric Tonnes,Local,1000.0,1150.0,1100.0,Rs./Quintal,FAQ
Triveniganj APMC,20.0,Metric Tonnes,Red Nanital,1500.0,1500.0,1500.0,Rs./Quintal,Grade A
Total,492.6,Metric Tonnes,,,,1235.02,Rs./Quintal,
State/UT Name : Chattisgarh
Durg APMC,2.8,Metric Tonnes,Local,1500.0,1600.0,1600.0,Rs./Quintal,Medium
Rajnandgaon APMC,30.2,Metric Tonnes,Potato,900.0,1100.0,1000.0,Rs./Quintal,Grade B
Tiphra APMC,85.0,Metric Tonnes,Local,1400.0,1600.0,1500.0,Rs./Quintal,Grade B
Total,118.0,Metric Tonnes,,,,1374.41,Rs./Quintal,
State/UT Name : Goa
Mapusa APMC,7.373,Metric Tonnes,Potato,1400.0,1600.0,1500.0,Rs./Quintal,FAQ
Total,7.37,Metric Tonnes,,,,1500.0,Rs./Quintal,
State/UT Name : Gujarat
Ankleshwar APMC,20.0,Metric Tonnes,Potato,800.0,1100.0,1000.0,Rs./Quintal,Grade A
Bharuch APMC,25.5,Metric Tonnes,Other,1000.0,1700.0,1300.0,Rs./Quintal,Local
Bilimora APMC,4.800000000000001,Metric Tonnes,Other,1400.0,1800.0,1600.0,Rs./Quintal,FAQ
Dahod(Veg. Market) APMC,15.0,Metric Tonnes,Potato,1000.0,1200.0,1100.0,Rs./Quintal,Local
Kapadvanj APMC,50.0,Metric Tonnes,Potato,600.0,1300.0,950.0,Rs./Quintal,Medium
Navsari APMC,1.75,Metric Tonnes,Potato,600.0,1800.0,1200.0,Rs./Quintal,Grade A
Vadodara(Sayajipura) APMC,43.6,Metric Tonnes,Other,800.0,1900.0,1400.0,Rs./Quintal,FAQ
Total,160.65,Metric Tonnes,,,,1170.06,Rs./Quintal,
State/UT Name : Haryana
Bahadurgarh APMC,36.5,Metric Tonnes,Other,800.0,1100.0,900.0,Rs./Quintal,FAQ
Ballabhgarh APMC,28.0,Metric Tonnes,Potato,700.0,900.0,800.0,Rs./Quintal,FAQ
Barwala APMC,3.6,Metric Tonnes,Local,700.0,1200.0,950.0,Rs./Quintal,FAQ
Barwala(Hisar) APMC,12.5,Metric Tonnes,Potato,900.0,1000.0,1000.0,Rs./Quintal,Local
Ch. Dadri APMC,8.5,Metric Tonnes,Potato,800.0,900.0,850.0,Rs./Quintal,Medium
Cheeka APMC,3.25,Metric Tonnes,Other,1400.0,1800.0,1600.0,Rs./Quintal,FAQ
Chhachrauli APMC,0.4,Metric Tonnes,Potato,800.0,900.0,800.0,Rs./Quintal,Local
Dhand APMC,1.0,Metric Tonnes,Other,1000.0,1100.0,1090.0,Rs./Quintal,Medium
Farukh Nagar APMC,4.2,Metric Tonnes,Other,800.0,1200.0,1000.0,Rs./Quintal,Medium
Fatehabad APMC,18.5,Metric Tonnes,Potato,800.0,800.0,800.0,Rs./Quintal,Local
Ganaur APMC,2.3000000000000003,Metric Tonnes,Potato,1000.0,1500.0,1200.0,Rs./Quintal,FAQ
Gohana APMC,21.900000000000002,Metric Tonnes,Other,1000.0,1500.0,1200.0,Rs./Quintal,Medium
Gurgaon APMC,178.0,Metric Tonnes,Other,600.0,1000.0,800.0,Rs./Quintal,Grade B
Hansi APMC,31.3,Metric Tonnes,Other,1000.0,4000.0,1000.0,Rs./Quintal,FAQ
Hissar APMC,27.1,Metric Tonnes,Local,700.0,1000.0,900.0,Rs./Quintal,Local
Hodal APMC,4.5,Metric Tonnes,Potato,600.0,800.0,700.0,Rs./Quintal,FAQ
Jakhal APMC,0.2,Metric Tonnes,Other,600.0,600.0,600.0,Rs./Quintal,Non-FAQ
Jhajjar APMC,9.0,Metric Tonnes,Other,1100.0,1100.0,1100.0,Rs./Quintal,Medium
Kaithal APMC,13.8,Metric Tonnes,Other,816.0,816.0,816.0,Rs./Quintal,FAQ
Kharkhoda APMC,6.2,Metric Tonnes,Other,1000.0,1200.0,1120.0,Rs./Quintal,FAQ
Kosli APMC,0.30000000000000004,Metric Tonnes,Other,1000.0,1000.0,1000.0,Rs./Quintal,FAQ
Madlauda APMC,0.5,Metric Tonnes,Potato,1000.0,1000.0,1000.0,Rs./Quintal,FAQ
Mohindergarh APMC,5.4,Metric Tonnes,Potato,700.0,700.0,700.0,Rs./Quintal,Medium
Narnaul APMC,5.0,Metric Tonnes,Potato,800.0,1000.0,900.0,Rs./Quintal,Medium
Narwana APMC,5.0,Metric Tonnes,Potato,600.0,700.0,650.0,Rs./Quintal,Non-FAQ
"New Grain Market , Faridabad APMC",81.9,Metric Tonnes,Other,600.0,1000.0,800.0,Rs./Quintal,Non-FAQ
Nuh APMC,3.8,Metric Tonnes,Other,800.0,1000.0,1000.0,Rs./Quintal,Local
Palwal APMC,4.5,Metric Tonnes,Potato,800.0,800.0,800.0,Rs./Quintal,FAQ
Panipat APMC,89.5,Metric Tonnes,Potato,600.0,1200.0,900.0,Rs./Quintal,Local
Pataudi APMC,3.0,Metric Tonnes,Potato,800.0,1000.0,900.0,Rs./Quintal,Grade B
Pundri APMC,0.5,Metric Tonnes,Other,600.0,700.0,650.0,Rs./Quintal,FAQ
Raipur Rani APMC,0.45,Metric Tonnes,Potato,750.0,950.0,750.0,Rs./Quintal,Local
Rania APMC,0.1,Metric Tonnes,Potato,0.11,0.13,0.12,Rs./Quintal,Non-FAQ
Rania(Jiwan nagar) APMC,0.1,Metric Tonnes,Other,70.0,90.0,80.0,Rs./Quintal,Non-FAQ
Ratia APMC,69.0,Metric Tonnes,Other,600.0,625.0,615.0,Rs./Quintal,Grade A
Rewari APMC,33.0,Metric Tonnes,Other,800.0,1600.0,1200.0,Rs./Quintal,Medium
Sadhaura APMC,5.0,Metric Tonnes,Potato,700.0,900.0,800.0,Rs./Quintal,Local
Sampla APMC,3.5,Metric Tonnes,Other,1200.0,1200.0,1200.0,Rs./Quintal,Local
Siwan APMC,2.2,Metric Tonnes,Other,1200.0,1400.0,1300.0,Rs./Quintal,FAQ
Sohna APMC,5.8,Metric Tonnes,Potato,1000.0,1200.0,1200.0,Rs./Quintal,Local
Sonepat APMC,16.3,Metric Tonnes,Desi,900.0,1100.0,1000.0,Rs./Quintal,FAQ
Tarori APMC,1.5,Metric Tonnes,Desi,1000.0,1500.0,1200.0,Rs./Quintal,Medium
Tohana(New Veg Market) APMC,7.0,Metric Tonnes,Potato,600.0,750.0,700.0,Rs./Quintal,FAQ
Uklana APMC,0.30000000000000004,Metric Tonnes,Potato,800.0,800.0,800.0,Rs./Quintal,Medium
Total,754.4,Metric Tonnes,,,,868.21,Rs./Quintal,
State/UT Name : Himachal Pradesh
PMY Kather Solan,9.6,Metric Tonnes,Other,800.0,2200.0,1100.0,Rs./Quintal,Medium
PMY Kullu,2.0,Metric Tonnes,Other,800.0,2500.0,1600.0,Rs./Quintal,FAQ
SMY Bhuntar,2.1,Metric Tonnes,Other,1000.0,2000.0,1500.0,Rs./Quintal,FAQ
SMY Chauri Bihal,0.1,Metric Tonnes,Other,2000.0,2600.0,2200.0,Rs./Quintal,Grade Range-1
SMY Takoli,0.1,Metric Tonnes,Other,800.0,1000.0,900.0,Rs./Quintal,Medium
Total,13.9,Metric Tonnes,,,,1238.85,Rs./Quintal,
State/UT Name : Karnataka
Belur APMC,2.8000000000000003,Metric Tonnes,Local,1200.0,1200.0,1200.0,Rs./Quintal,Medium
Chickkaballapura APMC,10.0,Metric Tonnes,Local,1200.0,2200.0,1800.0,Rs./Quintal,Local
Chikkamagaluru APMC,26.5,Metric Tonnes,Other,1500.0,2000.0,1750.0,Rs./Quintal,Local
Gauribidanur APMC,0.30000000000000004,Metric Tonnes,Potato,1000.0,2500.0,2000.0,Rs./Quintal,Local
Hospet APMC,11.200000000000001,Metric Tonnes,Potato,1200.0,1600.0,1400.0,Rs./Quintal,Local
Kolar APMC,1.8,Metric Tonnes,Local,2000.0,2500.0,2300.0,Rs./Quintal,Local
Total,52.6,Metric Tonnes,,,,1675.95,Rs./Quintal,
State/UT Name : Keralam
Anchal Market,0.53,Metric Tonnes,Potato,4600.0,4600.0,4600.0,Rs./Quintal,Local
Aralamoodu Market,1.0,Metric Tonnes,Potato,5500.0,5500.0,5500.0,Rs./Quintal,FAQ
Chathanoor Market,0.4,Metric Tonnes,Other,2800.0,3200.0,3000.0,Rs./Quintal,FAQ
Ettumanoor Market,1.0,Metric Tonnes,Potato,2800.0,3000.0,2900.0,Rs./Quintal,FAQ
Kanjirappally Market,0.5,Metric Tonnes,Potato,3500.0,4000.0,3800.0,Rs./Quintal,FAQ
Kattappana Market,2.0,Metric Tonnes,Other,2800.0,3400.0,3200.0,Rs./Quintal,Medium
Kayamkulam Market,2.0,Metric Tonnes,Other,1900.0,2100.0,2000.0,Rs./Quintal,FAQ
Koduvayoor Market,40.0,Metric Tonnes,Potato,3600.0,4000.0,3800.0,Rs./Quintal,Medium
Kondotty Market,0.25,Metric Tonnes,Other,2200.0,2600.0,2500.0,Rs./Quintal,FAQ
Kottarakkara Market,0.01,Metric Tonnes,Other,2200.0,2200.0,2200.0,Rs./Quintal,Local
Madhavapuram Market,0.8,Metric Tonnes,Other,3000.0,3400.0,3200.0,Rs./Quintal,FAQ
Manjeri Market,7.0,Metric Tonnes,Other,2250.0,2350.0,2300.0,Rs./Quintal,Local
Mukkom Market,0.5,Metric Tonnes,Potato,2400.0,2800.0,2600.0,Rs./Quintal,FAQ
Pothencode Market,600.0,Metric Tonnes,Potato,4500.0,4600.0,4500.0,Rs./Quintal,Local
Punalur Market,0.001,Metric Tonnes,Potato,4300.0,4800.0,4600.0,Rs./Quintal,Medium
Taliparamba Market,0.04,Metric Tonnes,Potato,2300.0,2500.0,2400.0,Rs./Quintal,FAQ
Vandiperiyar Market,0.05,Metric Tonnes,Other,3000.0,3200.0,3200.0,Rs./Quintal,Grade Range-1
Wadakkanchery Market,0.45,Metric Tonnes,Potato,2800.0,3300.0,3000.0,Rs./Quintal,FAQ
Total,656.53,Metric Tonnes,,,,4414.96,Rs./Quintal,
State/UT Name : Madhya Pradesh
Aron (F&V) APMC,0.1,Metric Tonnes,Local,940.0,1000.0,960.0,Rs./Quintal,Medium
Badwani(F&V) APMC,1.17,Metric Tonnes,Potato,1000.0,1000.0,1000.0,Rs./Quintal,Local
Betul(F&V) APMC,10.3,Metric Tonnes,Desi,900.0,1400.0,1100.0,Rs./Quintal,FAQ
Chhindwara(F&V) APMC,1.7000000000000002,Metric Tonnes,Desi,900.0,1200.0,1000.0,Rs./Quintal,Local
Deori (F&V) APMC,1.2,Metric Tonnes,Potato,430.0,430.0,430.0,Rs./Quintal,Grade B
Dewas(F&V) APMC,2.0,Metric Tonnes,Other,500.0,1500.0,800.0,Rs./Quintal,FAQ
Dhamnod(F&V) APMC,1.9,Metric Tonnes,Potato,700.0,900.0,800.0,Rs./Quintal,Local
Gadarwada (F&V) APMC,4.4,Metric Tonnes,Other,800.0,800.0,800.0,Rs./Quintal,Grade B
Guna(F&V) APMC,2.0,Metric Tonnes,Other,700.0,850.0,800.0,Rs./Quintal,Grade B
Harda(F&V) APMC,1.5,Metric Tonnes,Desi,1200.0,1600.0,1500.0,Rs./Quintal,Medium
Karera(F&V) APMC,1.0,Metric Tonnes,Potato,500.0,1300.0,800.0,Rs./Quintal,Local
Khurai(F&V) APMC,2.7,Metric Tonnes,Potato,500.0,700.0,600.0,Rs./Quintal,Local
Lashkar(F&V) APMC,82.0,Metric Tonnes,Local,600.0,800.0,700.0,Rs./Quintal,Grade B
Maihar(F&V) APMC,6.0,Metric Tonnes,Potato,600.0,600.0,600.0,Rs./Quintal,Local
Manawar(F&V) APMC,1.5,Metric Tonnes,Potato,1150.0,1200.0,1167.0,Rs./Quintal,Grade B
Mhow (Ambedkar Nagar) (F&V) APMC,0.6000000000000001,Metric Tonnes,Potato,1000.0,2000.0,1300.0,Rs./Quintal,Grade B
Petlawad(F&V) APMC,0.6,Metric Tonnes,Desi,1000.0,1000.0,1000.0,Rs./Quintal,Grade A
Pipariya(F&V) APMC,9.0,Metric Tonnes,Potato,600.0,1400.0,1000.0,Rs./Quintal,Local
Porsa APMC,6.0,Metric Tonnes,Potato,600.0,650.0,650.0,Rs./Quintal,FAQ
Ratlam(F&V) APMC,1.5,Metric Tonnes,Other,800.0,1300.0,1100.0,Rs./Quintal,FAQ
Rehli(F&V) APMC,1.2000000000000002,Metric Tonnes,Potato,800.0,1000.0,900.0,Rs./Quintal,Grade C
Rewa(F&V) APMC,47.45,Metric Tonnes,Other,600.0,800.0,600.0,Rs./Quintal,Non-FAQ
Sabalgarh(F&V) APMC,0.001,Metric Tonnes,Desi,300.0,800.0,600.0,Rs./Quintal,FAQ
Sanawad(F&V) APMC,3.2,Metric Tonnes,Desi,800.0,1000.0,900.0,Rs./Quintal,Medium
Sanwer(F&V) APMC,0.1,Metric Tonnes,Potato,800.0,1500.0,1200.0,Rs./Quintal,FAQ
Thandla APMC,1.62,Metric Tonnes,Other,900.0,1400.0,1150.0,Rs./Quintal,FAQ
Total,190.74,Metric Tonnes,,,,738.26,Rs./Quintal,
State/UT Name : Maharashtra
APMC Ahilyanagar ,41.0,Metric Tonnes,Other,700.0,1800.0,1250.0,Rs./Quintal,Local
APMC Akluj ,10.5,Metric Tonnes,Other,1200.0,1400.0,1300.0,Rs./Quintal,Local
APMC Bhusaval ,11.1,Metric Tonnes,Other,1000.0,1500.0,1200.0,Rs./Quintal,Local
APMC Chattrapati Sambhajinagar ,112.0,Metric Tonnes,Other,1000.0,1200.0,1100.0,Rs./Quintal,Local
APMC Islampur ,0.8,Metric Tonnes,Other,1000.0,1500.0,1250.0,Rs./Quintal,Local
APMC Kalyan ,0.3,Metric Tonnes,Other,1000.0,1200.0,1100.0,Rs./Quintal,Local
APMC Kamthi ,3.0,Metric Tonnes,Local,2000.0,2500.0,2350.0,Rs./Quintal,Local
APMC Khed ,9.2,Metric Tonnes,Other,700.0,1500.0,1100.0,Rs./Quintal,Local
APMC Pune ,837.4,Metric Tonnes,Local,700.0,1500.0,1100.0,Rs./Quintal,Local
APMC Rahata ,50.0,Metric Tonnes,Other,500.0,1200.0,850.0,Rs./Quintal,Local
APMC Rahuri ,4.8,Metric Tonnes,Other,1000.0,2000.0,1500.0,Rs./Quintal,Local
APMC Ramtek ,3.9,Metric Tonnes,Local,1000.0,1500.0,1300.0,Rs./Quintal,Local
APMC Satara ,25.0,Metric Tonnes,Other,1000.0,1400.0,1200.0,Rs./Quintal,Local
APMC Shrirampur ,14.0,Metric Tonnes,Other,1000.0,1200.0,1100.0,Rs./Quintal,Local
APMC Vaduj ,3.0,Metric Tonnes,Local,1400.0,1500.0,1450.0,Rs./Quintal,Local
APMC Vai ,1.8,Metric Tonnes,Local,1700.0,1900.0,1800.0,Rs./Quintal,Local
APMC Vita ,12.0,Metric Tonnes,Other,1800.0,2000.0,1800.0,Rs./Quintal,Local
Amrawati(Frui & Veg. Market) ,46.9,Metric Tonnes,Local,700.0,1400.0,1050.0,Rs./Quintal,Local
Junnar(Narayangaon) ,1.5,Metric Tonnes,Other,300.0,1600.0,950.0,Rs./Quintal,Local
Khed(Chakan) ,100.0,Metric Tonnes,Other,800.0,1500.0,1200.0,Rs./Quintal,Local
Pune(Khadiki) ,0.5,Metric Tonnes,Local,800.0,1200.0,1000.0,Rs./Quintal,Local
Pune(Manjri) ,5.0,Metric Tonnes,Other,1500.0,1800.0,1600.0,Rs./Quintal,Local
Pune(Moshi) ,121.2,Metric Tonnes,Local,900.0,1000.0,950.0,Rs./Quintal,Local
Total,1414.9,Metric Tonnes,,,,1105.89,Rs./Quintal,
State/UT Name : NCT of Delhi
APMC Keshopur,180.25,Metric Tonnes,Other,700.0,1200.0,1025.0,Rs./Quintal,FAQ
"Fruit&Vegetable Market,Gazipur APMC",429.05,Metric Tonnes,Potato,1000.0,1200.0,1100.0,Rs./Quintal,FAQ
Total,609.3,Metric Tonnes,,,,1077.81,Rs./Quintal,
State/UT Name : Odisha
Angaura APMC,3.0,Metric Tonnes,Other,1500.0,1900.0,1700.0,Rs./Quintal,Large
Balugaon APMC,2.5,Metric Tonnes,Kufri Giriraj,2200.0,2200.0,2200.0,Rs./Quintal,Grade A
Bargarh APMC,222.0,Metric Tonnes,Potato,4000.0,5000.0,4500.0,Rs./Quintal,Local
Dungurapalli APMC,0.25,Metric Tonnes,Other,2100.0,2100.0,2100.0,Rs./Quintal,Local
Hindol APMC,3.2,Metric Tonnes,Potato,1300.0,1500.0,1400.0,Rs./Quintal,Grade B
Jagatsinghpur APMC,300.0,Metric Tonnes,Potato,1350.0,1500.0,1450.0,Rs./Quintal,FAQ
Jharsuguda APMC,1.8,Metric Tonnes,Other,1700.0,2000.0,1700.0,Rs./Quintal,Grade A
Kamakhyanagar APMC,7.5,Metric Tonnes,Potato,3000.0,3000.0,3000.0,Rs./Quintal,Grade A
Khariar APMC,1.0,Metric Tonnes,Potato,2000.0,2000.0,2000.0,Rs./Quintal,Grade A
Khariar Road APMC,0.5,Metric Tonnes,Other,2000.0,2000.0,2000.0,Rs./Quintal,Grade A
Pandkital APMC,0.2,Metric Tonnes,Other,2000.0,2000.0,2000.0,Rs./Quintal,Local
Rairakhol APMC,1.0,Metric Tonnes,Potato,1000.0,1500.0,1200.0,Rs./Quintal,Grade B
Udala APMC,2.5,Metric Tonnes,Potato,900.0,1100.0,1000.0,Rs./Quintal,FAQ
Total,545.45,Metric Tonnes,,,,2717.51,Rs./Quintal,
State/UT Name : Punjab
Bhagta Bhai Ka APMC,0.5,Metric Tonnes,Other,800.0,800.0,800.0,Rs./Quintal,Medium
Bhawanigarh APMC,0.2,Metric Tonnes,Other,500.0,600.0,550.0,Rs./Quintal,Medium
Bhucho APMC,0.3,Metric Tonnes,Local,700.0,700.0,700.0,Rs./Quintal,Local
Budalada APMC,2.5,Metric Tonnes,Other,800.0,800.0,800.0,Rs./Quintal,Medium
Dasuya APMC,1.0,Metric Tonnes,Potato,1100.0,1100.0,1100.0,Rs./Quintal,Grade A
Dera Bassi APMC,2.2,Metric Tonnes,Potato,1500.0,1500.0,1500.0,Rs./Quintal,Local
Dharamkot APMC,1.5,Metric Tonnes,Other,1000.0,1000.0,1000.0,Rs./Quintal,Grade A
Dhuri APMC,2.9000000000000004,Metric Tonnes,Other,630.0,660.0,650.0,Rs./Quintal,Medium
Dinanagar APMC,2.35,Metric Tonnes,Potato,1000.0,1200.0,1100.0,Rs./Quintal,Medium
Dudhansadhan APMC,0.7,Metric Tonnes,Other,800.0,800.0,800.0,Rs./Quintal,Grade B
Ghanaur APMC,0.2,Metric Tonnes,Other,800.0,1000.0,900.0,Rs./Quintal,FAQ
Giddarbaha APMC,2.6,Metric Tonnes,Potato,900.0,900.0,900.0,Rs./Quintal,FAQ
Goraya APMC,0.2,Metric Tonnes,Other,800.0,800.0,800.0,Rs./Quintal,Local
Kharar APMC,10.100000000000001,Metric Tonnes,Potato,700.0,900.0,800.0,Rs./Quintal,Non-FAQ
Kotkapura APMC,10.0,Metric Tonnes,Potato,800.0,900.0,850.0,Rs./Quintal,FAQ
Malerkotla APMC,12.5,Metric Tonnes,Other,300.0,600.0,500.0,Rs./Quintal,Local
Mansa APMC,10.0,Metric Tonnes,Other,980.0,980.0,980.0,Rs./Quintal,FAQ
Mukerian APMC,2.9600000000000004,Metric Tonnes,Potato,1000.0,1200.0,1100.0,Rs./Quintal,Local
Patti APMC,0.76,Metric Tonnes,Potato,0.08,0.08,0.08,Rs./Quintal,Local
Phillaur(Apra Mandi) APMC,0.7000000000000001,Metric Tonnes,Other,900.0,900.0,900.0,Rs./Quintal,FAQ
Quadian APMC,2.0,Metric Tonnes,Other,400.0,600.0,500.0,Rs./Quintal,Grade A
Rajpura APMC,6.0,Metric Tonnes,Local,750.0,900.0,800.0,Rs./Quintal,Grade A
Rampuraphul(Nabha Mandi) APMC,2.5,Metric Tonnes,Other,600.0,800.0,700.0,Rs./Quintal,Grade A
Tanda Urmur APMC,3.1,Metric Tonnes,Local,1000.0,1200.0,1100.0,Rs./Quintal,Grade A
Tarantaran APMC,1.1,Metric Tonnes,Other,860.0,860.0,860.0,Rs./Quintal,Local
Total,78.87,Metric Tonnes,,,,821.0,Rs./Quintal,
State/UT Name : Rajasthan
Baran APMC,3.0,Metric Tonnes,Other,600.0,700.0,650.0,Rs./Quintal,Local
Bayana APMC,6.0,Metric Tonnes,Other,1000.0,1000.0,1000.0,Rs./Quintal,Local
Bhadara APMC,1.6,Metric Tonnes,Other,800.0,900.0,831.0,Rs./Quintal,FAQ
Bhilwara APMC,66.8,Metric Tonnes,Other,900.0,1100.0,1000.0,Rs./Quintal,FAQ
Chomu FV APMC,48.5,Metric Tonnes,Other,800.0,1200.0,1000.0,Rs./Quintal,Local
Dablirathan APMC,0.30000000000000004,Metric Tonnes,Red Nanital,800.0,900.0,850.0,Rs./Quintal,Local
Goluwala APMC,0.365,Metric Tonnes,Red Nanital,500.0,500.0,500.0,Rs./Quintal,Non-FAQ
Kota (F&V) APMC,95.9,Metric Tonnes,Other,600.0,600.0,600.0,Rs./Quintal,Medium
Rajsamand APMC,5.5,Metric Tonnes,Potato,1000.0,1200.0,1100.0,Rs./Quintal,FAQ
Rawatsar APMC,2.2,Metric Tonnes,Red Nanital,400.0,800.0,600.0,Rs./Quintal,FAQ
Sujangarh APMC,1.8,Metric Tonnes,Other,800.0,1000.0,900.0,Rs./Quintal,Local
Udaipur (F&V) APMC,51.300000000000004,Metric Tonnes,Other,500.0,1000.0,750.0,Rs./Quintal,Medium
Total,283.26,Metric Tonnes,,,,812.04,Rs./Quintal,
State/UT Name : Tamil Nadu
AJattihalli(Uzhavar Sandhai ),0.57,Metric Tonnes,Other,2400.0,2800.0,2600.0,Rs./Quintal,Local
Ambattur(Uzhavar Sandhai ),0.02,Metric Tonnes,Red Nanital,4000.0,4000.0,4000.0,Rs./Quintal,Local
Ammapet(Uzhavar Sandhai ),0.1,Metric Tonnes,Other,4200.0,4500.0,4350.0,Rs./Quintal,Local
Anaiyur(Uzhavar Sandhai ),0.4,Metric Tonnes,Red Nanital,3000.0,5500.0,4250.0,Rs./Quintal,Local
Andipatti(Uzhavar Sandhai ),0.28,Metric Tonnes,Other,2600.0,2800.0,2700.0,Rs./Quintal,Local
Anna nagar(Uzhavar Sandhai ),0.9,Metric Tonnes,Red Nanital,4500.0,5500.0,5000.0,Rs./Quintal,Local
Anna nagar(Uzhavar Sandhai ),0.34,Metric Tonnes,Other,5800.0,6000.0,5900.0,Rs./Quintal,Local
Arani(Uzhavar Sandhai ),0.6,Metric Tonnes,Red Nanital,3500.0,4200.0,3850.0,Rs./Quintal,Local
Arcot(Uzhavar Sandhai ),0.28,Metric Tonnes,Red Nanital,3000.0,3000.0,3000.0,Rs./Quintal,Local
Ariyalur(Uzhavar Sandhai),0.05,Metric Tonnes,Red Nanital,3500.0,4000.0,3750.0,Rs./Quintal,Local
Aruppukottai(Uzhavar Sandhai ),0.26,Metric Tonnes,Red Nanital,3000.0,3500.0,3250.0,Rs./Quintal,Local
Athur(Uzhavar Sandhai ),0.12,Metric Tonnes,Other,5000.0,5500.0,5250.0,Rs./Quintal,Local
Avallapalli(Uzhavar Sandhai ),0.19,Metric Tonnes,Red Nanital,2000.0,2500.0,2250.0,Rs./Quintal,Local
Bodinayakanur(Uzhavar Sandhai ),0.25,Metric Tonnes,Red Nanital,2800.0,2800.0,2800.0,Rs./Quintal,Local
Chengalpet(Uzhavar Sandhai ),0.08,Metric Tonnes,Red Nanital,2500.0,3000.0,2750.0,Rs./Quintal,Local
Chengam(Uzhavar Sandhai ),0.13,Metric Tonnes,Red Nanital,2500.0,3000.0,2750.0,Rs./Quintal,Local
Cheyyar(Uzhavar Sandhai ),0.05,Metric Tonnes,Other,3500.0,4200.0,3850.0,Rs./Quintal,Local
Chidambaram(Uzhavar Sandhai ),0.01,Metric Tonnes,Red Nanital,4000.0,4000.0,4000.0,Rs./Quintal,Local
Chinnalapatti(Uzhavar Sandhai ),0.08,Metric Tonnes,Red Nanital,4000.0,6000.0,5000.0,Rs./Quintal,Local
Chinnamanur(Uzhavar Sandhai ),0.22,Metric Tonnes,Other,4400.0,4400.0,4400.0,Rs./Quintal,Local
Chokkikulam(Uzhavar Sandhai ),1.58,Metric Tonnes,Red Nanital,5000.0,5500.0,5250.0,Rs./Quintal,Local
Coonoor(Uzhavar Sandhai ),0.65,Metric Tonnes,Other,5000.0,5500.0,5250.0,Rs./Quintal,Local
Cuddalore(Uzhavar Sandhai ),0.35,Metric Tonnes,Red Nanital,4000.0,4000.0,4000.0,Rs./Quintal,Local
Denkanikottai(Uzhavar Sandhai ),0.17,Metric Tonnes,Red Nanital,2000.0,2500.0,2250.0,Rs./Quintal,Local
Devakottai (Uzhavar Sandhai ),0.14,Metric Tonnes,Other,3000.0,3400.0,3200.0,Rs./Quintal,Local
Devaram(Uzhavar Sandhai ),0.24,Metric Tonnes,Red Nanital,2800.0,2800.0,2800.0,Rs./Quintal,Local
Dharapuram(Uzhavar Sandhai ),0.6,Metric Tonnes,Other,5500.0,6000.0,5750.0,Rs./Quintal,Local
Dharmapuri(Uzhavar Sandhai ),0.65,Metric Tonnes,Red Nanital,2600.0,2800.0,2700.0,Rs./Quintal,Local
Dindigul(Uzhavar Sandhai ),0.55,Metric Tonnes,Other,5000.0,6000.0,5500.0,Rs./Quintal,Local
Edapadi (Uzhavar Sandhai ),0.4,Metric Tonnes,Other,2800.0,3000.0,2900.0,Rs./Quintal,Local
Elampillai(Uzhavar Sandhai ),0.45,Metric Tonnes,Other,2500.0,3000.0,2750.0,Rs./Quintal,Local
Gandarvakottai(Uzhavar Sandhai ),0.29,Metric Tonnes,Red Nanital,6500.0,7000.0,6750.0,Rs./Quintal,Local
Gandhigramam(Uzhavar Sandhai),0.38,Metric Tonnes,Other,3500.0,6000.0,4750.0,Rs./Quintal,Local
Gingee(Uzhavar Sandhai ),0.07,Metric Tonnes,Red Nanital,4000.0,4000.0,4000.0,Rs./Quintal,Local
Gobichettipalayam(Uzhavar Sandhai ),0.25,Metric Tonnes,Other,3600.0,4000.0,3800.0,Rs./Quintal,Local
Gudalur(Uzhavar Sandhai ),0.04,Metric Tonnes,Red Nanital,5000.0,5500.0,5250.0,Rs./Quintal,Local
Gudiyatham(Uzhavar Sandhai ),0.1,Metric Tonnes,Red Nanital,3000.0,4000.0,3500.0,Rs./Quintal,Local
Guduvancheri(Uzhavar Sandhai ),0.06,Metric Tonnes,Other,2500.0,3000.0,2750.0,Rs./Quintal,Local
Harur(Uzhavar Sandhai ),0.18,Metric Tonnes,Red Nanital,2500.0,3000.0,2750.0,Rs./Quintal,Local
Hasthampatti(Uzhavar Sandhai ),0.36,Metric Tonnes,Other,4500.0,5000.0,4750.0,Rs./Quintal,Local
Hosur(Uzhavar Sandhai ),2.15,Metric Tonnes,Red Nanital,2000.0,2500.0,2250.0,Rs./Quintal,Local
Jalagandapuram(Uzhavar Sandhai ),0.1,Metric Tonnes,Other,2600.0,2800.0,2700.0,Rs./Quintal,Local
Jameenrayapettai(Uzhavar Sandhai ),0.14,Metric Tonnes,Other,2500.0,3000.0,2750.0,Rs./Quintal,Local
KKNagar(Uzhavar Sandhai ),0.7,Metric Tonnes,Other,6000.0,6000.0,6000.0,Rs./Quintal,Local
Kahithapattarai(Uzhavar Sandhai ),0.13,Metric Tonnes,Other,2400.0,2400.0,2400.0,Rs./Quintal,Local
Kallakurichi(Uzhavar Sandhai ),0.16,Metric Tonnes,Red Nanital,3500.0,3500.0,3500.0,Rs./Quintal,Local
Kambam(Uzhavar Sandhai ),1.6,Metric Tonnes,Other,2800.0,2800.0,2800.0,Rs./Quintal,Local
Kancheepuram(Uzhavar Sandhai ),0.12,Metric Tonnes,Other,2200.0,3500.0,2850.0,Rs./Quintal,Local
Karaikudi(Uzhavar Sandhai ),0.27,Metric Tonnes,Red Nanital,4500.0,5500.0,5000.0,Rs./Quintal,Local
Karambakkudi(Uzhavar Sandhai ),0.1,Metric Tonnes,Other,5000.0,6000.0,5500.0,Rs./Quintal,Local
Karimangalam(Uzhavar Sandhai),0.1,Metric Tonnes,Other,2600.0,2800.0,2700.0,Rs./Quintal,Local
Kariyapatti(Uzhavar Sandhai ),0.1,Metric Tonnes,Red Nanital,3000.0,3500.0,3250.0,Rs./Quintal,Local
Karur(Uzhavar Sandhai ),0.32,Metric Tonnes,Other,5500.0,6000.0,5750.0,Rs./Quintal,Local
Katpadi (Uzhavar Sandhai ),0.9,Metric Tonnes,Red Nanital,2500.0,3800.0,3150.0,Rs./Quintal,Local
Kaveripattinam(Uzhavar Sandhai ),0.11,Metric Tonnes,Red Nanital,4000.0,4000.0,4000.0,Rs./Quintal,Local
Kovilpatti(Uzhavar Sandhai ),0.16,Metric Tonnes,Other,4000.0,4500.0,4250.0,Rs./Quintal,Local
Krishnagiri(Uzhavar Sandhai ),0.9,Metric Tonnes,Red Nanital,2200.0,2600.0,2400.0,Rs./Quintal,Local
Kulithalai(Uzhavar Sandhai ),0.43,Metric Tonnes,Other,5000.0,5500.0,5250.0,Rs./Quintal,Local
Kumarapalayam(Uzhavar Sandhai ),0.04,Metric Tonnes,Other,2800.0,3000.0,2900.0,Rs./Quintal,Local
Kumbakonam (Uzhavar Sandhai ),0.73,Metric Tonnes,Red Nanital,3000.0,3600.0,3300.0,Rs./Quintal,Local
Kundrathur(Uzhavar Sandhai ),0.25,Metric Tonnes,Other,2800.0,2800.0,2800.0,Rs./Quintal,Local
Lalgudi(Uzhavar Sandhai ),0.25,Metric Tonnes,Other,3000.0,3000.0,3000.0,Rs./Quintal,Local
Madhuranthagam(Uzhavar Sandhai ),0.06,Metric Tonnes,Red Nanital,4000.0,4000.0,4000.0,Rs./Quintal,Local
Manachanallur(Uzhavar Sandhai ),0.14,Metric Tonnes,Other,2400.0,2800.0,2600.0,Rs./Quintal,Local
Manapparai(Uzhavar Sandhai ),0.23,Metric Tonnes,Other,3000.0,3000.0,3000.0,Rs./Quintal,Local
Mannargudi I(Uzhavar Sandhai ),1.3,Metric Tonnes,Red Nanital,3000.0,3000.0,3000.0,Rs./Quintal,Local
Mannargudi II(Uzhavar Sandhai ),0.43,Metric Tonnes,Red Nanital,3000.0,3000.0,3000.0,Rs./Quintal,Local
Mayiladuthurai(Uzhavar Sandhai ),0.08,Metric Tonnes,Red Nanital,3000.0,3000.0,3000.0,Rs./Quintal,Local
Melapalayam(Uzhavar Sandhai ),0.75,Metric Tonnes,Other,2600.0,2800.0,2700.0,Rs./Quintal,Local
Mettupalayam(Uzhavar Sandhai ),0.56,Metric Tonnes,Red Nanital,4000.0,6000.0,5000.0,Rs./Quintal,Local
Mettur(Uzhavar Sandhai ),0.18,Metric Tonnes,Other,4000.0,4500.0,4250.0,Rs./Quintal,Local
Mohanur(Uzhavar Sandhai ),0.16,Metric Tonnes,Other,3000.0,3500.0,3250.0,Rs./Quintal,Local
Musiri(Uzhavar Sandhai ),0.4,Metric Tonnes,Other,2500.0,3000.0,2750.0,Rs./Quintal,Local
Muthupettai(Uzhavar Sandhai ),0.05,Metric Tonnes,Red Nanital,3000.0,3000.0,3000.0,Rs./Quintal,Local
Myladi(Uzhavar Sandhai ),0.04,Metric Tonnes,Red Nanital,3000.0,3500.0,3250.0,Rs./Quintal,Local
NGO Colony(Uzhavar Sandhai ),0.37,Metric Tonnes,Red Nanital,2000.0,2800.0,2400.0,Rs./Quintal,Local
Nagapattinam(Uzhavar Sandhai ),0.1,Metric Tonnes,Red Nanital,3700.0,4200.0,3950.0,Rs./Quintal,Local
Namakkal(Uzhavar Sandhai ),1.0,Metric Tonnes,Other,3500.0,4000.0,3750.0,Rs./Quintal,Local
Nanganallur(Uzhavar Sandhai ),0.08,Metric Tonnes,Red Nanital,3500.0,4000.0,3750.0,Rs./Quintal,Local
Naravarikuppam(Uzhavar Sandhai ),0.08,Metric Tonnes,Red Nanital,4000.0,4000.0,4000.0,Rs./Quintal,Local
Natrampalli(Uzhavar Sandhai ),0.36,Metric Tonnes,Red Nanital,3000.0,3500.0,3250.0,Rs./Quintal,Local
Padappai(Uzhavar Sandhai ),0.15,Metric Tonnes,Other,2800.0,4000.0,3400.0,Rs./Quintal,Local
Palacode(Uzhavar Sandhai ),0.22,Metric Tonnes,Other,2800.0,3000.0,2900.0,Rs./Quintal,Local
Palanganatham(Uzhavar Sandhai ),0.5,Metric Tonnes,Other,4500.0,5500.0,5000.0,Rs./Quintal,Local
Palani(Uzhavar Sandhai ),0.89,Metric Tonnes,Red Nanital,3600.0,4000.0,3800.0,Rs./Quintal,Local
Palani(Uzhavar Sandhai ),0.89,Metric Tonnes,Other,3600.0,4000.0,3800.0,Rs./Quintal,Local
Palayamkottai(Uzhavar Sandhai ),2.4,Metric Tonnes,Red Nanital,2600.0,2800.0,2700.0,Rs./Quintal,Local
Palladam(Uzhavar Sandhai ),0.23,Metric Tonnes,Red Nanital,2500.0,3000.0,2750.0,Rs./Quintal,Local
Pallavaram(Uzhavar Sandhai ),0.43,Metric Tonnes,Red Nanital,2500.0,3000.0,2750.0,Rs./Quintal,Local
Pallikonda(Uzhavar Sandhai),0.04,Metric Tonnes,Red Nanital,3000.0,3500.0,3250.0,Rs./Quintal,Local
Panruti(Uzhavar Sandhai ),0.06,Metric Tonnes,Red Nanital,4000.0,4000.0,4000.0,Rs./Quintal,Local
Papanasam(Uzhavar Sandhai ),0.22,Metric Tonnes,Red Nanital,3000.0,3600.0,3300.0,Rs./Quintal,Local
Paramakudi(Uzhavar Sandhai ),0.47,Metric Tonnes,Red Nanital,5000.0,5200.0,5100.0,Rs./Quintal,Local
Paramathivelur(Uzhavar Sandhai ),0.17,Metric Tonnes,Other,2500.0,3000.0,2750.0,Rs./Quintal,Local
Paruthipattu(Uzhavar Sandhai ),0.17,Metric Tonnes,Red Nanital,4000.0,4000.0,4000.0,Rs./Quintal,Local
Pattukottai(Uzhavar Sandhai ),0.25,Metric Tonnes,Red Nanital,3000.0,3000.0,3000.0,Rs./Quintal,Local
Pennagaram(Uzhavar Sandhai ),0.19,Metric Tonnes,Red Nanital,3300.0,3500.0,3400.0,Rs./Quintal,Local
Perambalur(Uzhavar Sandhai ),0.64,Metric Tonnes,Other,2500.0,3000.0,2750.0,Rs./Quintal,Local
Perampet(Uzhavar Sandhai),0.04,Metric Tonnes,Red Nanital,3000.0,3000.0,3000.0,Rs./Quintal,Local
Peravurani(Uzhavar Sandhai),0.08,Metric Tonnes,Red Nanital,3000.0,3000.0,3000.0,Rs./Quintal,Local
Periyakulam(Uzhavar Sandhai ),0.28,Metric Tonnes,Other,2600.0,2800.0,2700.0,Rs./Quintal,Local
Perundurai(Uzhavar Sandhai ),0.14,Metric Tonnes,Red Nanital,3000.0,3200.0,3100.0,Rs./Quintal,Local
Pollachi(Uzhavar Sandhai ),0.2,Metric Tonnes,Red Nanital,4000.0,5000.0,4500.0,Rs./Quintal,Local
Polur(Uzhavar Sandhai ),0.24,Metric Tonnes,Red Nanital,3300.0,4000.0,3650.0,Rs./Quintal,Local
Pudukottai(Uzhavar Sandhai ),0.76,Metric Tonnes,Other,5000.0,6000.0,5500.0,Rs./Quintal,Local
RSPuram(Uzhavar Sandhai ),3.46,Metric Tonnes,Other,5000.0,6000.0,5500.0,Rs./Quintal,Local
Rajapalayam(Uzhavar Sandhai ),0.21,Metric Tonnes,Red Nanital,2500.0,3000.0,2750.0,Rs./Quintal,Local
Ramanathapuram(Uzhavar Sandhai ),0.11,Metric Tonnes,Red Nanital,5200.0,5500.0,5350.0,Rs./Quintal,Local
Ranipettai(Uzhavar Sandhai ),0.05,Metric Tonnes,Other,3300.0,3300.0,3300.0,Rs./Quintal,Local
Rasipuram(Uzhavar Sandhai ),0.81,Metric Tonnes,Other,3000.0,3500.0,3250.0,Rs./Quintal,Local
Sampath Nagar(Uzhavar Sandhai ),0.34,Metric Tonnes,Other,4500.0,5000.0,4750.0,Rs./Quintal,Local
Sankarapuram(Uzhavar Sandhai ),0.16,Metric Tonnes,Red Nanital,3500.0,3500.0,3500.0,Rs./Quintal,Local
Sathiyamagalam(Uzhavar Sandhai ),0.23,Metric Tonnes,Other,3400.0,3800.0,3600.0,Rs./Quintal,Local
Sathur(Uzhavar Sandhai ),0.02,Metric Tonnes,Red Nanital,3500.0,4000.0,3750.0,Rs./Quintal,Local
Singampunari(Uzhavar Sandhai ),0.08,Metric Tonnes,Other,5200.0,5600.0,5400.0,Rs./Quintal,Local
Singanallur(Uzhavar Sandhai ),1.26,Metric Tonnes,Other,4500.0,5500.0,5000.0,Rs./Quintal,Local
Sirkali(Uzhavar Sandhai ),0.39,Metric Tonnes,Red Nanital,3600.0,4000.0,3800.0,Rs./Quintal,Local
Sivagangai (Uzhavar Sandhai ),0.41,Metric Tonnes,Red Nanital,5200.0,5600.0,5400.0,Rs./Quintal,Local
Sivakasi(Uzhavar Sandhai ),0.03,Metric Tonnes,Red Nanital,4500.0,5000.0,4750.0,Rs./Quintal,Local
Sooramangalam(Uzhavar Sandhai ),0.3,Metric Tonnes,Other,5000.0,6000.0,5500.0,Rs./Quintal,Local
Srivilliputhur(Uzhavar Sandhai ),0.15,Metric Tonnes,Red Nanital,2500.0,3000.0,2750.0,Rs./Quintal,Local
Sulur(Uzhavar Sandhai ),0.28,Metric Tonnes,Other,4500.0,5500.0,5000.0,Rs./Quintal,Local
Sundarapuram(Uzhavar Sandhai ),0.3,Metric Tonnes,Other,5000.0,5500.0,5250.0,Rs./Quintal,Local
Sunguvarchatram(Uzhavar Sandhai ),0.25,Metric Tonnes,Other,2800.0,2800.0,2800.0,Rs./Quintal,Local
Thalavadi(Uzhavar Sandhai ),0.1,Metric Tonnes,Red Nanital,3400.0,3800.0,3600.0,Rs./Quintal,Local
Thalavaipuram(Uzhavar Sandhai ),0.05,Metric Tonnes,Red Nanital,2500.0,3000.0,2750.0,Rs./Quintal,Local
Thammampatti (Uzhavar Sandhai ),0.38,Metric Tonnes,Other,2500.0,3000.0,2750.0,Rs./Quintal,Local
Thanjavur(Uzhavar Sandhai ),1.19,Metric Tonnes,Red Nanital,3000.0,4000.0,3500.0,Rs./Quintal,Local
Thathakapatti(Uzhavar Sandhai ),0.7,Metric Tonnes,Red Nanital,2800.0,6000.0,4400.0,Rs./Quintal,Local
Theni(Uzhavar Sandhai ),0.24,Metric Tonnes,Other,4500.0,4500.0,4500.0,Rs./Quintal,Local
Thirupathur APMC,0.3,Metric Tonnes,Red Nanital,3000.0,3000.0,3000.0,Rs./Quintal,Local
Thiruverumbur(Uzhavar Sandhai ),0.63,Metric Tonnes,Other,3000.0,3000.0,3000.0,Rs./Quintal,Local
Thuraiyur APMC,0.45,Metric Tonnes,Other,2200.0,2600.0,2400.0,Rs./Quintal,Local
Tindivanam APMC,0.18,Metric Tonnes,Red Nanital,3800.0,3800.0,3800.0,Rs./Quintal,Local
Tiruchengode APMC,0.14,Metric Tonnes,Other,2600.0,3000.0,2800.0,Rs./Quintal,Local
Tirukattupalli(Uzhavar Sandhai ),0.25,Metric Tonnes,Red Nanital,3000.0,3400.0,3200.0,Rs./Quintal,Local
Tirupatthur(Uzhavar Sandhai ),0.22,Metric Tonnes,Red Nanital,3200.0,3500.0,3350.0,Rs./Quintal,Local
Tiruppur (North) (Uzhavar Sandhai ),0.06,Metric Tonnes,Other,5000.0,6000.0,5500.0,Rs./Quintal,Local
Tiruppur (South) (Uzhavar Sandhai ),0.53,Metric Tonnes,Other,4000.0,5000.0,4500.0,Rs./Quintal,Local
Tiruthani(Uzhavar Sandhai ),0.05,Metric Tonnes,Red Nanital,4000.0,4000.0,4000.0,Rs./Quintal,Local
Tiruvannamalai(Uzhavar Sandhai ),1.0,Metric Tonnes,Red Nanital,3500.0,4000.0,3750.0,Rs./Quintal,Local
Tuticorin(Uzhavar Sandhai ),0.58,Metric Tonnes,Other,3000.0,3500.0,3250.0,Rs./Quintal,Local
Udhagamandalam(Uzhavar Sandhai ),2.1,Metric Tonnes,Other,4500.0,5000.0,4750.0,Rs./Quintal,Local
Udumalpet APMC,0.28,Metric Tonnes,Red Nanital,7000.0,7500.0,7250.0,Rs./Quintal,Local
Ulundurpettai APMC,0.25,Metric Tonnes,Red Nanital,4000.0,4000.0,4000.0,Rs./Quintal,Local
Vadalur(Uzhavar Sandhai ),0.16,Metric Tonnes,Other,3500.0,4000.0,3750.0,Rs./Quintal,Local
Vadaseri APMC,0.22,Metric Tonnes,Red Nanital,3000.0,3500.0,3250.0,Rs./Quintal,Local
Vadavalli(Uzhavar Sandhai ),0.97,Metric Tonnes,Other,5000.0,6000.0,5500.0,Rs./Quintal,Local
Vandavasi(Uzhavar Sandhai ),0.04,Metric Tonnes,Other,3500.0,4200.0,3850.0,Rs./Quintal,Local
Vaniyampadi(Uzhavar Sandhai ),0.7,Metric Tonnes,Red Nanital,3000.0,3000.0,3000.0,Rs./Quintal,Local
Vazhapadi(Uzhavar Sandhai),0.06,Metric Tonnes,Red Nanital,3000.0,3600.0,3300.0,Rs./Quintal,Local
Vedaranyam(Uzhavar Sandhai),0.07,Metric Tonnes,Red Nanital,4000.0,4500.0,4250.0,Rs./Quintal,Local
Vellore APMC,0.75,Metric Tonnes,Red Nanital,2200.0,2800.0,2500.0,Rs./Quintal,Local
Villupuram(Uzhavar Sandhai ),0.13,Metric Tonnes,Red Nanital,3500.0,3500.0,3500.0,Rs./Quintal,Local
Virudhunagar(Uzhavar Sandhai ),0.06,Metric Tonnes,Red Nanital,2700.0,2800.0,2750.0,Rs./Quintal,Local
Viruthachalam(Uzhavar Sandhai ),0.09,Metric Tonnes,Red Nanital,4000.0,4000.0,4000.0,Rs./Quintal,Local
Total,60.0,Metric Tonnes,,,,3864.87,Rs./Quintal,
State/UT Name : Telangana
"Alwal,RBZ",1.4000000000000001,Metric Tonnes,Other,1700.0,1700.0,1700.0,Rs./Quintal,FAQ
Bowenpally APMC,486.5,Metric Tonnes,F.A.Q.,800.0,1400.0,1200.0,Rs./Quintal,FAQ
"Excise Colony,RBZ ",0.3,Metric Tonnes,Other,3000.0,3000.0,3000.0,Rs./Quintal,Grade A
Gudimalkapur APMC,186.5,Metric Tonnes,Potato,1000.0,1600.0,1300.0,Rs./Quintal,Grade B
L B Nagar APMC,40.900000000000006,Metric Tonnes,Potato,1000.0,1500.0,1200.0,Rs./Quintal,Medium
Mahboob Manison APMC,11.5,Metric Tonnes,Potato,1000.0,1200.0,1100.0,Rs./Quintal,Medium
Miryalguda(Rythu Bazar) ,1.4,Metric Tonnes,Potato,2500.0,2500.0,2500.0,Rs./Quintal,Grade A
RYTHU BAZAR ERRAGADDA,12.0,Metric Tonnes,Potato,1700.0,1700.0,1700.0,Rs./Quintal,Grade A
RYTHU BAZAR FALAKNUMA,3.2,Metric Tonnes,Potato,1700.0,1700.0,1700.0,Rs./Quintal,Grade A
RYTHU BAZAR MEHDIPATNAM,5.9,Metric Tonnes,Potato,1700.0,1700.0,1700.0,Rs./Quintal,Grade A
Sangareddy APMC,3.0,Metric Tonnes,Other,1600.0,1600.0,1600.0,Rs./Quintal,Grade B
"Saroornagar,RBZ",2.8000000000000003,Metric Tonnes,Other,1700.0,1700.0,1700.0,Rs./Quintal,Medium
Siddipet(Rythu Bazar) ,3.0,Metric Tonnes,Red Nanital,1500.0,2400.0,2000.0,Rs./Quintal,Grade A
"Vanasthalipuram,RBZ ",3.9,Metric Tonnes,Potato,1700.0,1700.0,1700.0,Rs./Quintal,Grade A
Venkateswarnagar APMC,0.5,Metric Tonnes,Local,1600.0,2000.0,1800.0,Rs./Quintal,Local
Warangal APMC,2.4000000000000004,Metric Tonnes,Potato,1600.0,2000.0,1800.0,Rs./Quintal,FAQ
Total,765.2,Metric Tonnes,,,,1252.01,Rs./Quintal,
State/UT Name : Tripura
Bachaibari APMC,0.2,Metric Tonnes,Other,1300.0,1400.0,1350.0,Rs./Quintal,Medium
Boxonagar,0.32000000000000006,Metric Tonnes,Other,1500.0,1700.0,1600.0,Rs./Quintal,Medium
Champaknagar APMC,0.3,Metric Tonnes,F.A.Q.,1800.0,2000.0,1900.0,Rs./Quintal,FAQ
Dasda APMC,0.30000000000000004,Metric Tonnes,Other,1400.0,1500.0,1450.0,Rs./Quintal,FAQ
Garjee APMC,1.5,Metric Tonnes,Jalander,1200.0,1300.0,1250.0,Rs./Quintal,FAQ
Gondatwisa APMC,0.6000000000000001,Metric Tonnes,F.A.Q.,2000.0,2200.0,2100.0,Rs./Quintal,FAQ
Halahali,4.0,Metric Tonnes,Red Nanital,1300.0,1500.0,1400.0,Rs./Quintal,FAQ
Jampuijala APMC,0.4,Metric Tonnes,Jalander,3800.0,4000.0,3900.0,Rs./Quintal,Medium
Kadamtala,3.9000000000000004,Metric Tonnes,Jalander,1200.0,1300.0,1250.0,Rs./Quintal,Medium
Kalyanpur APMC,7.0,Metric Tonnes,Jalander,1700.0,1800.0,1750.0,Rs./Quintal,FAQ
Kanchanpur,1.5,Metric Tonnes,Potato,1100.0,1300.0,1200.0,Rs./Quintal,FAQ
Machmara,0.6000000000000001,Metric Tonnes,Local,1000.0,1200.0,1100.0,Rs./Quintal,FAQ
Manubazar,0.8,Metric Tonnes,Jyoti,1800.0,2000.0,1900.0,Rs./Quintal,Grade A
Masli,0.30000000000000004,Metric Tonnes,Desi,1800.0,2000.0,1900.0,Rs./Quintal,Local
Melaghar APMC,1.0,Metric Tonnes,Jalander,1300.0,1500.0,1400.0,Rs./Quintal,Local
Pabiacherra APMC,1.0,Metric Tonnes,Jyoti,1000.0,1200.0,1100.0,Rs./Quintal,FAQ
Panichowki,1.72,Metric Tonnes,Other,1000.0,1000.0,1000.0,Rs./Quintal,Medium
Panisagar APMC,4.6000000000000005,Metric Tonnes,Jalander,1200.0,1300.0,1250.0,Rs./Quintal,Medium
Santir Bazar APMC,25.5,Metric Tonnes,Jyoti,1800.0,2000.0,1900.0,Rs./Quintal,Local
Silachhari APMC,0.1,Metric Tonnes,Other,1600.0,1800.0,1700.0,Rs./Quintal,FAQ
Sonamura APMC,0.12,Metric Tonnes,Other,1500.0,1700.0,1600.0,Rs./Quintal,Medium
Total,55.76,Metric Tonnes,,,,1659.59,Rs./Quintal,
State/UT Name : Uttar Pradesh
Achalda APMC,44.0,Metric Tonnes,Other,500.0,500.0,500.0,Rs./Quintal,FAQ
Agra APMC,1429.3,Metric Tonnes,Other,500.0,1100.0,561.41,Rs./Quintal,FAQ
Aligarh APMC,98.5,Metric Tonnes,Other,500.0,500.0,500.0,Rs./Quintal,FAQ
Anwala APMC,10.0,Metric Tonnes,Other,600.0,600.0,600.0,Rs./Quintal,FAQ
Auraiya APMC,85.5,Metric Tonnes,Other,500.0,600.0,531.58,Rs./Quintal,FAQ
Awagarh APMC,110.5,Metric Tonnes,Other,500.0,500.0,500.0,Rs./Quintal,FAQ
Babrala APMC,70.0,Metric Tonnes,Potato,580.0,600.0,590.0,Rs./Quintal,Medium
Babrala APMC,55.0,Metric Tonnes,Other,600.0,600.0,600.0,Rs./Quintal,FAQ
Badayoun APMC,269.4,Metric Tonnes,Other,550.0,550.0,550.0,Rs./Quintal,FAQ
Bangarmau APMC,119.0,Metric Tonnes,Other,700.0,700.0,700.0,Rs./Quintal,FAQ
Barabanki APMC,2114.5,Metric Tonnes,Other,600.0,600.0,600.0,Rs./Quintal,FAQ
Baraut APMC,17.0,Metric Tonnes,Other,1000.0,1000.0,1000.0,Rs./Quintal,FAQ
Bareilly APMC,121.0,Metric Tonnes,Other,500.0,500.0,500.0,Rs./Quintal,FAQ
Baripaal APMC,3.0,Metric Tonnes,Other,700.0,700.0,700.0,Rs./Quintal,FAQ
Bewar APMC,59.0,Metric Tonnes,Other,500.0,500.0,500.0,Rs./Quintal,FAQ
Bharthna APMC,213.0,Metric Tonnes,Other,500.0,500.0,500.0,Rs./Quintal,FAQ
Bhehjoi APMC,11.5,Metric Tonnes,Other,600.0,600.0,600.0,Rs./Quintal,FAQ
Bilsi APMC,247.5,Metric Tonnes,Other,550.0,550.0,550.0,Rs./Quintal,FAQ
Bisoli APMC,333.5,Metric Tonnes,Other,600.0,605.0,600.22,Rs./Quintal,FAQ
Buland Shahr APMC,29.3,Metric Tonnes,Other,800.0,800.0,800.0,Rs./Quintal,FAQ
Chandausi APMC,84.0,Metric Tonnes,Other,600.0,600.0,600.0,Rs./Quintal,FAQ
Charra APMC,9.0,Metric Tonnes,Other,600.0,600.0,600.0,Rs./Quintal,FAQ
Chhibramau APMC,1327.0,Metric Tonnes,Other,550.0,600.0,552.07,Rs./Quintal,FAQ
Choubepur APMC,346.0,Metric Tonnes,Other,550.0,550.0,550.0,Rs./Quintal,FAQ
Dhanaura APMC,72.46,Metric Tonnes,Other,800.0,800.0,800.0,Rs./Quintal,FAQ
Dibiapur APMC,65.0,Metric Tonnes,Other,600.0,600.0,600.0,Rs./Quintal,FAQ
Divai APMC,53.5,Metric Tonnes,Other,500.0,500.0,500.0,Rs./Quintal,FAQ
Etah APMC,66.0,Metric Tonnes,Other,600.0,600.0,600.0,Rs./Quintal,FAQ
Etawah APMC,420.5,Metric Tonnes,Other,500.0,550.0,503.33,Rs./Quintal,FAQ
Farukhabad APMC,642.0,Metric Tonnes,Other,550.0,900.0,568.81,Rs./Quintal,FAQ
Fatehabad APMC,132.0,Metric Tonnes,Other,500.0,500.0,500.0,Rs./Quintal,FAQ
Fatehpur APMC,37.47,Metric Tonnes,Other,700.0,720.0,704.96,Rs./Quintal,FAQ
Firozabad APMC,307.0,Metric Tonnes,Other,500.0,500.0,500.0,Rs./Quintal,FAQ
Ghiraur APMC,60.0,Metric Tonnes,Other,500.0,500.0,500.0,Rs./Quintal,FAQ
Golagokarnath APMC,3.5,Metric Tonnes,Other,700.0,700.0,700.0,Rs./Quintal,FAQ
Haathras APMC,953.3,Metric Tonnes,Other,500.0,1100.0,534.77,Rs./Quintal,FAQ
Hapur APMC,30.43,Metric Tonnes,Other,450.0,450.0,450.0,Rs./Quintal,FAQ
Islam Nagar APMC,89.0,Metric Tonnes,Other,500.0,550.0,520.22,Rs./Quintal,FAQ
Jagnair APMC,31.53,Metric Tonnes,Other,800.0,800.0,800.0,Rs./Quintal,FAQ
Jahangirabad APMC,12.7,Metric Tonnes,Other,700.0,700.0,700.0,Rs./Quintal,FAQ
Jarar APMC,13.0,Metric Tonnes,Other,500.0,500.0,500.0,Rs./Quintal,FAQ
Jasvantnagar APMC,288.6,Metric Tonnes,Other,500.0,500.0,500.0,Rs./Quintal,FAQ
Kamlaganj APMC,384.0,Metric Tonnes,Other,550.0,556.0,550.39,Rs./Quintal,FAQ
Kannauj APMC,2170.2,Metric Tonnes,Other,550.0,1100.0,559.04,Rs./Quintal,FAQ
Kanpur(Grain) APMC,5.7,Metric Tonnes,Other,550.0,550.0,550.0,Rs./Quintal,FAQ
Kasganj APMC,372.5,Metric Tonnes,Other,600.0,600.0,600.0,Rs./Quintal,FAQ
Kayamganj APMC,146.0,Metric Tonnes,Other,550.0,550.0,550.0,Rs./Quintal,FAQ
Khair APMC,148.5,Metric Tonnes,Other,500.0,500.0,500.0,Rs./Quintal,FAQ
Khairagarh APMC,60.0,Metric Tonnes,Desi,500.0,600.0,550.0,Rs./Quintal,FAQ
Khairagarh APMC,38.0,Metric Tonnes,Other,500.0,500.0,500.0,Rs./Quintal,FAQ
Khurja APMC,1.4,Metric Tonnes,Other,700.0,700.0,700.0,Rs./Quintal,FAQ
Kiratpur APMC,2.5,Metric Tonnes,Other,800.0,800.0,800.0,Rs./Quintal,FAQ
Kosikalan APMC,10.0,Metric Tonnes,Other,600.0,800.0,760.0,Rs./Quintal,FAQ
Lakhimpur APMC,13.733,Metric Tonnes,Other,1300.0,1350.0,1323.62,Rs./Quintal,FAQ
Lalganj APMC,85.135,Metric Tonnes,Other,600.0,1100.0,953.17,Rs./Quintal,FAQ
Lucknow APMC,30.0,Metric Tonnes,Other,700.0,700.0,700.0,Rs./Quintal,FAQ
Madhoganj APMC,154.5,Metric Tonnes,Other,600.0,600.0,600.0,Rs./Quintal,FAQ
Mainpuri APMC,275.0,Metric Tonnes,Other,500.0,500.0,500.0,Rs./Quintal,FAQ
Manjhanpur APMC,30.0,Metric Tonnes,Other,500.0,500.0,500.0,Rs./Quintal,FAQ
Mathura APMC,404.5,Metric Tonnes,Other,500.0,700.0,506.06,Rs./Quintal,FAQ
Mawana APMC,19.0,Metric Tonnes,Other,600.0,800.0,694.74,Rs./Quintal,FAQ
Meerut APMC,61.0,Metric Tonnes,Other,700.0,1000.0,886.89,Rs./Quintal,FAQ
Mehmoodabad APMC,351.5,Metric Tonnes,Other,600.0,600.0,600.0,Rs./Quintal,FAQ
Mohamadabad APMC,182.0,Metric Tonnes,Other,550.0,550.0,550.0,Rs./Quintal,FAQ
Paliakala APMC,76.0,Metric Tonnes,Other,700.0,1000.0,942.76,Rs./Quintal,FAQ
Powayan APMC,205.14,Metric Tonnes,Other,600.0,1100.0,783.19,Rs./Quintal,FAQ
Pratapgarh APMC,62.0,Metric Tonnes,Other,600.0,600.0,600.0,Rs./Quintal,FAQ
Prayagraj APMC,227.3,Metric Tonnes,Other,700.0,700.0,700.0,Rs./Quintal,FAQ
Raibareilly APMC,25.0,Metric Tonnes,Other,700.0,700.0,700.0,Rs./Quintal,FAQ
Rampur APMC,36.0,Metric Tonnes,Other,500.0,500.0,500.0,Rs./Quintal,FAQ
Rudauli APMC,2.5,Metric Tonnes,Other,1000.0,1000.0,1000.0,Rs./Quintal,FAQ
Rura APMC,122.0,Metric Tonnes,Other,650.0,650.0,650.0,Rs./Quintal,FAQ
Safdarganj APMC,328.5,Metric Tonnes,Other,580.0,580.0,580.0,Rs./Quintal,FAQ
Saharanpur APMC,170.4,Metric Tonnes,Other,500.0,1000.0,754.03,Rs./Quintal,FAQ
Salon APMC,25.0,Metric Tonnes,Other,600.0,600.0,600.0,Rs./Quintal,FAQ
Sambhal APMC,340.41,Metric Tonnes,Other,600.0,600.0,600.0,Rs./Quintal,FAQ
Samsabad APMC,126.0,Metric Tonnes,Other,500.0,500.0,500.0,Rs./Quintal,FAQ
Sandi APMC,30.0,Metric Tonnes,Other,600.0,600.0,600.0,Rs./Quintal,FAQ
Shadabad APMC,1311.6,Metric Tonnes,Other,500.0,500.0,500.0,Rs./Quintal,FAQ
Shahabad(New Mandi) APMC,185.5,Metric Tonnes,Other,550.0,550.0,550.0,Rs./Quintal,FAQ
Shahaswan APMC,56.0,Metric Tonnes,Other,600.0,600.0,600.0,Rs./Quintal,FAQ
Shamli APMC,13.9,Metric Tonnes,Other,1000.0,1200.0,1089.21,Rs./Quintal,FAQ
Shikohabad APMC,597.0,Metric Tonnes,Other,500.0,500.0,500.0,Rs./Quintal,FAQ
Sidhauli APMC,6.0,Metric Tonnes,Other,500.0,500.0,500.0,Rs./Quintal,FAQ
Sikanderabad APMC,6.0,Metric Tonnes,Other,700.0,700.0,700.0,Rs./Quintal,FAQ
Sikandraraau APMC,25.0,Metric Tonnes,Other,450.0,450.0,450.0,Rs./Quintal,FAQ
Sirsaganj APMC,1358.6,Metric Tonnes,Other,500.0,600.0,502.21,Rs./Quintal,FAQ
Sitapur APMC,118.0,Metric Tonnes,Other,500.0,500.0,500.0,Rs./Quintal,FAQ
Tilhar APMC,8.5,Metric Tonnes,Other,500.0,500.0,500.0,Rs./Quintal,FAQ
Tundla APMC,1329.3,Metric Tonnes,Other,500.0,500.0,500.0,Rs./Quintal,FAQ
Ujhani APMC,171.9,Metric Tonnes,Other,550.0,650.0,564.54,Rs./Quintal,FAQ
Uttaripura APMC,981.5,Metric Tonnes,Other,550.0,550.0,550.0,Rs./Quintal,FAQ
Varanasi APMC,4.28,Metric Tonnes,Other,800.0,800.0,800.0,Rs./Quintal,FAQ
Viswan APMC,62.0,Metric Tonnes,Other,550.0,550.0,550.0,Rs./Quintal,FAQ
Wazirganj APMC,306.7,Metric Tonnes,Other,600.0,620.0,601.4,Rs./Quintal,FAQ
Total,23747.69,Metric Tonnes,,,,558.52,Rs./Quintal,
State/UT Name : Uttarakhand
Bhagwanpur(Naveen Mandi Sthal) APMC,1.0,Metric Tonnes,Other,400.0,600.0,450.0,Rs./Quintal,Grade A
Haldwani APMC,84.7,Metric Tonnes,Other,800.0,1500.0,1200.0,Rs./Quintal,FAQ
Haridwar Union APMC,25.5,Metric Tonnes,Other,700.0,950.0,850.0,Rs./Quintal,FAQ
Kashipur APMC,8.0,Metric Tonnes,Other,700.0,700.0,700.0,Rs./Quintal,Local
Kotadwara APMC,0.2,Metric Tonnes,Potato,1000.0,1000.0,1000.0,Rs./Quintal,FAQ
Rishikesh APMC,11.0,Metric Tonnes,Other,740.0,965.0,835.0,Rs./Quintal,Medium
Roorkee APMC,2.5,Metric Tonnes,Other,800.0,1200.0,1000.0,Rs./Quintal,Medium
Rudrapur APMC,22.0,Metric Tonnes,Other,500.0,800.0,700.0,Rs./Quintal,Medium
Sitarganj APMC,4.0,Metric Tonnes,Kufri Giriraj,800.0,1200.0,1000.0,Rs./Quintal,Grade B
Vikasnagar APMC,24.700000000000003,Metric Tonnes,Other,800.0,1000.0,1000.0,Rs./Quintal,Medium
Total,183.6,Metric Tonnes,,,,1009.53,Rs./Quintal,
State/UT Name : West Bengal
Alipurduar APMC,10.0,Metric Tonnes,Jyoti,590.0,640.0,620.0,Rs./Quintal,FAQ
Asansol APMC,55.0,Metric Tonnes,Jyoti,740.0,820.0,780.0,Rs./Quintal,FAQ
Balarampur APMC,12.0,Metric Tonnes,Other,700.0,800.0,740.0,Rs./Quintal,FAQ
Balurghat APMC,15.0,Metric Tonnes,Local,580.0,600.0,590.0,Rs./Quintal,FAQ
Bankura Sadar APMC,20.5,Metric Tonnes,Jyoti,645.0,685.0,665.0,Rs./Quintal,FAQ
Barasat APMC,49.0,Metric Tonnes,Jyoti,900.0,900.0,900.0,Rs./Quintal,FAQ
Belacoba APMC,8.0,Metric Tonnes,Jyoti,560.0,580.0,570.0,Rs./Quintal,FAQ
Beldanga APMC,2.0,Metric Tonnes,Jyoti,680.0,760.0,730.0,Rs./Quintal,FAQ
Bishnupur(Bankura) APMC,4.5,Metric Tonnes,Jyoti,680.0,760.0,720.0,Rs./Quintal,FAQ
Burdwan APMC,22.0,Metric Tonnes,Jyoti,760.0,800.0,780.0,Rs./Quintal,FAQ
Chakdah APMC,10.4,Metric Tonnes,Jyoti,740.0,780.0,760.0,Rs./Quintal,FAQ
Champadanga APMC,12.2,Metric Tonnes,Jyoti,740.0,760.0,740.0,Rs./Quintal,FAQ
Coochbehar APMC,14.0,Metric Tonnes,Jyoti,640.0,660.0,650.0,Rs./Quintal,FAQ
Darjeeling APMC,2.0,Metric Tonnes,Red,1400.0,1600.0,1500.0,Rs./Quintal,FAQ
Diamond Harbour(South 24-pgs) APMC,14.0,Metric Tonnes,Jyoti,820.0,860.0,840.0,Rs./Quintal,FAQ
Durgapur APMC,55.5,Metric Tonnes,Jyoti,740.0,820.0,780.0,Rs./Quintal,FAQ
English Bazar APMC,18.0,Metric Tonnes,Local,620.0,650.0,630.0,Rs./Quintal,FAQ
Falakata APMC,14.0,Metric Tonnes,Jyoti,590.0,640.0,620.0,Rs./Quintal,FAQ
Gangarampur(Dakshin Dinajpur) APMC,10.0,Metric Tonnes,Local,580.0,600.0,590.0,Rs./Quintal,FAQ
Garbeta(Medinipur) APMC,3.0,Metric Tonnes,Jyoti,640.0,680.0,660.0,Rs./Quintal,FAQ
Ghatal APMC,3.5,Metric Tonnes,Jyoti,800.0,840.0,820.0,Rs./Quintal,FAQ
Guskara APMC,17.5,Metric Tonnes,Jyoti,740.0,750.0,740.0,Rs./Quintal,FAQ
Habra APMC,45.0,Metric Tonnes,Jyoti,960.0,1000.0,960.0,Rs./Quintal,FAQ
Indus(Bankura Sadar) APMC,4.0,Metric Tonnes,Jyoti,640.0,680.0,660.0,Rs./Quintal,FAQ
Islampur APMC,18.0,Metric Tonnes,Other,520.0,580.0,550.0,Rs./Quintal,FAQ
Jangipur APMC,38.75,Metric Tonnes,Jyoti,1350.0,1450.0,1400.0,Rs./Quintal,FAQ
Jhargram APMC,5.5,Metric Tonnes,Jyoti,700.0,800.0,750.0,Rs./Quintal,FAQ
Kalipur APMC,6.6,Metric Tonnes,Jyoti,700.0,720.0,700.0,Rs./Quintal,FAQ
Kalna APMC,18.5,Metric Tonnes,Jyoti,740.0,750.0,740.0,Rs./Quintal,FAQ
Kalyani APMC,3.4000000000000004,Metric Tonnes,Jyoti,760.0,800.0,780.0,Rs./Quintal,Local
Kandi APMC,10.0,Metric Tonnes,Jyoti,660.0,780.0,700.0,Rs./Quintal,FAQ
Karsiyang(Matigara) APMC,1.8,Metric Tonnes,Red,1400.0,1600.0,1500.0,Rs./Quintal,FAQ
Kasipur APMC,2.2,Metric Tonnes,Jyoti,660.0,690.0,680.0,Rs./Quintal,FAQ
Khatra APMC,4.4,Metric Tonnes,Jyoti,680.0,760.0,720.0,Rs./Quintal,FAQ
Medinipur(West) APMC,30.0,Metric Tonnes,Jyoti,650.0,680.0,660.0,Rs./Quintal,FAQ
Memari APMC,22.0,Metric Tonnes,Jyoti,760.0,800.0,780.0,Rs./Quintal,FAQ
Moynaguri APMC,23.0,Metric Tonnes,Jyoti,560.0,580.0,570.0,Rs./Quintal,FAQ
Nadia APMC,10.9,Metric Tonnes,Jyoti,740.0,780.0,760.0,Rs./Quintal,FAQ
Pandua APMC,4.8,Metric Tonnes,Jyoti,660.0,720.0,680.0,Rs./Quintal,FAQ
Pundibari APMC,7.5,Metric Tonnes,Jyoti,640.0,660.0,650.0,Rs./Quintal,FAQ
Purulia APMC,22.0,Metric Tonnes,Jyoti,700.0,800.0,760.0,Rs./Quintal,FAQ
Ramkrishanpur(Howrah) APMC,8.75,Metric Tonnes,Jyoti,820.0,860.0,840.0,Rs./Quintal,FAQ
Ranaghat APMC,10.1,Metric Tonnes,Jyoti,750.0,800.0,780.0,Rs./Quintal,FAQ
Samsi APMC,35.0,Metric Tonnes,Local,580.0,610.0,600.0,Rs./Quintal,FAQ
Sheoraphuly APMC,27.0,Metric Tonnes,Jyoti,670.0,730.0,700.0,Rs./Quintal,FAQ
Siliguri APMC,60.0,Metric Tonnes,Jyoti,600.0,640.0,620.0,Rs./Quintal,FAQ
Uluberia APMC,4.9,Metric Tonnes,Jyoti,830.0,860.0,840.0,Rs./Quintal,FAQ
Total,796.2,Metric Tonnes,,,,763.48,Rs./Quintal,
Grand Total,31107.02,Metric Tonnes,,,,780.85,Rs./Quintal,
Tomato
State/UT Name : Andhra Pradesh
B.Kothakota H/Q Angallu,39.0,Metric Tonnes,Local,1300.0,2000.0,1700.0,Rs./Quintal,FAQ
Guramkonda Sub-yard of AMC Valmikipuram,58.6,Metric Tonnes,Hybrid,1400.0,1800.0,1600.0,Rs./Quintal,FAQ
Kalikiri APMC,24.0,Metric Tonnes,Hybrid,1400.0,2000.0,1700.0,Rs./Quintal,FAQ
Madanapalli APMC,60.0,Metric Tonnes,Local,1700.0,2200.0,2000.0,Rs./Quintal,FAQ
Mulakalacheruvu APMC,516.0,Metric Tonnes,Local,1200.0,2000.0,1700.0,Rs./Quintal,FAQ
Palamaner APMC,60.0,Metric Tonnes,Tomato,1500.0,2000.0,1700.0,Rs./Quintal,FAQ
Pattikonda APMC,506.0,Metric Tonnes,Local,800.0,1500.0,1200.0,Rs./Quintal,FAQ
Punganur APMC,26.3,Metric Tonnes,Hybrid,1340.0,2140.0,1740.0,Rs./Quintal,FAQ
Somala APMC,1.0,Metric Tonnes,Tomato,1000.0,1600.0,1300.0,Rs./Quintal,FAQ
V. Kota Sub-yard of AMC Palamaneru,6.0,Metric Tonnes,Other,1300.0,1866.0,1500.0,Rs./Quintal,FAQ
Valmikipuram APMC,58.6,Metric Tonnes,Hybrid,1400.0,1800.0,1600.0,Rs./Quintal,FAQ
Total,1355.5,Metric Tonnes,,,,1517.58,Rs./Quintal,
State/UT Name : Assam
Pamohi(Garchuk) APMC,35.0,Metric Tonnes,Local,4000.0,5000.0,4500.0,Rs./Quintal,FAQ
Total,35.0,Metric Tonnes,,,,4500.0,Rs./Quintal,
State/UT Name : Bihar
Jamui APMC,0.5,Metric Tonnes,Deshi,3500.0,3500.0,3500.0,Rs./Quintal,Grade A
Khagaria APMC,8.0,Metric Tonnes,Deshi,2649.999735,2883.3330450000003,2749.999725,Rs./Quintal,Grade A
Madhubani APMC,3.5,Metric Tonnes,Tomato,3800.0,4000.0,3900.0,Rs./Quintal,FAQ
Maharjganj APMC,3.5,Metric Tonnes,Deshi,2800.0,2800.0,2800.0,Rs./Quintal,FAQ
Total,15.5,Metric Tonnes,,,,3045.16,Rs./Quintal,
State/UT Name : Chandigarh
Chandigarh (Grain/F&V) APMC,106.97500000000001,Metric Tonnes,Tomato,800.0,3600.0,3000.0,Rs./Quintal,FAQ
Total,106.98,Metric Tonnes,,,,3000.0,Rs./Quintal,
State/UT Name : Chattisgarh
Durg APMC,197.1,Metric Tonnes,Local,1700.0,2000.0,2000.0,Rs./Quintal,Medium
Rajnandgaon APMC,133.5,Metric Tonnes,Deshi,2100.0,2500.0,2300.0,Rs./Quintal,Grade B
Tiphra APMC,250.0,Metric Tonnes,Local,1200.0,1500.0,1400.0,Rs./Quintal,Grade B
Total,580.6,Metric Tonnes,,,,1810.63,Rs./Quintal,
State/UT Name : Gujarat
Ankleshwar APMC,5.0,Metric Tonnes,Tomato,800.0,1700.0,1200.0,Rs./Quintal,Grade A
Bharuch APMC,8.2,Metric Tonnes,Other,1200.0,1700.0,1500.0,Rs./Quintal,Local
Bilimora APMC,4.2,Metric Tonnes,Other,2000.0,3000.0,2500.0,Rs./Quintal,FAQ
Dahod(Veg. Market) APMC,17.0,Metric Tonnes,Tomato,1000.0,2500.0,2000.0,Rs./Quintal,Local
Damnagar APMC,0.05,Metric Tonnes,Local,3000.0,3000.0,3000.0,Rs./Quintal,Local
Kapadvanj APMC,3.0,Metric Tonnes,Tomato,2000.0,2500.0,2250.0,Rs./Quintal,Medium
Navsari APMC,18.98,Metric Tonnes,Tomato,1000.0,3000.0,2000.0,Rs./Quintal,Local
Vadodara(Sayajipura) APMC,21.150000000000002,Metric Tonnes,Other,1500.0,2500.0,2050.0,Rs./Quintal,FAQ
Total,77.58,Metric Tonnes,,,,1946.6,Rs./Quintal,
State/UT Name : Haryana
Bahadurgarh APMC,8.4,Metric Tonnes,Other,1600.0,2500.0,2000.0,Rs./Quintal,FAQ
Ballabhgarh APMC,8.0,Metric Tonnes,Tomato,2000.0,3000.0,2500.0,Rs./Quintal,FAQ
Barwala APMC,1.6,Metric Tonnes,Local,2000.0,2000.0,2000.0,Rs./Quintal,FAQ
Barwala(Hisar) APMC,5.0,Metric Tonnes,Tomato,3000.0,3500.0,3250.0,Rs./Quintal,Local
Ch. Dadri APMC,4.2,Metric Tonnes,Tomato,2000.0,3000.0,2500.0,Rs./Quintal,Medium
Chhachrauli APMC,0.075,Metric Tonnes,Tomato,3000.0,4000.0,3000.0,Rs./Quintal,Local
Dhand APMC,0.4,Metric Tonnes,Other,3000.0,4000.0,3800.0,Rs./Quintal,Medium
Farukh Nagar APMC,4.7,Metric Tonnes,Other,2000.0,2500.0,2200.0,Rs./Quintal,Medium
Fatehabad APMC,9.3,Metric Tonnes,Other,2500.0,2500.0,2500.0,Rs./Quintal,Local
FerozpurZirkha(Nagina) APMC,2.0,Metric Tonnes,Other,2400.0,2800.0,2600.0,Rs./Quintal,Local
Ganaur APMC,2.0,Metric Tonnes,Tomato,3000.0,4000.0,3500.0,Rs./Quintal,FAQ
Gohana APMC,5.5,Metric Tonnes,Other,2500.0,4000.0,3000.0,Rs./Quintal,Medium
Gurgaon APMC,74.0,Metric Tonnes,Other,1000.0,1400.0,1200.0,Rs./Quintal,Grade B
Hansi APMC,19.8,Metric Tonnes,Other,2500.0,3000.0,2750.0,Rs./Quintal,FAQ
Hissar APMC,11.9,Metric Tonnes,Local,1800.0,2800.0,2500.0,Rs./Quintal,Local
Hodal APMC,1.2000000000000002,Metric Tonnes,Hybrid,3000.0,4000.0,3500.0,Rs./Quintal,FAQ
Jakhal APMC,0.2,Metric Tonnes,Tomato,2000.0,2000.0,2000.0,Rs./Quintal,Non-FAQ
Jhajjar APMC,4.1,Metric Tonnes,Other,3000.0,3000.0,3000.0,Rs./Quintal,Medium
Kaithal APMC,5.6,Metric Tonnes,Other,2266.0,2266.0,2266.0,Rs./Quintal,FAQ
Kharkhoda APMC,1.5,Metric Tonnes,Other,3500.0,4500.0,3900.0,Rs./Quintal,FAQ
Kosli APMC,0.2,Metric Tonnes,Other,2500.0,2500.0,2500.0,Rs./Quintal,FAQ
Madlauda APMC,0.5,Metric Tonnes,Tomato,1500.0,1600.0,1550.0,Rs./Quintal,FAQ
Mohindergarh APMC,6.2,Metric Tonnes,Tomato,1500.0,2000.0,1800.0,Rs./Quintal,Medium
Narnaul APMC,5.2,Metric Tonnes,Tomato,2000.0,3000.0,2500.0,Rs./Quintal,Medium
Narwana APMC,1.6,Metric Tonnes,Tomato,1500.0,2500.0,2000.0,Rs./Quintal,Non-FAQ
"New Grain Market , Faridabad APMC",44.1,Metric Tonnes,Tomato,2500.0,3500.0,3000.0,Rs./Quintal,Non-FAQ
Nuh APMC,2.0,Metric Tonnes,Other,1500.0,2000.0,1500.0,Rs./Quintal,Local
Panipat APMC,22.0,Metric Tonnes,Other,1000.0,2000.0,1500.0,Rs./Quintal,Local
Pataudi APMC,2.5,Metric Tonnes,Tomato,2500.0,3000.0,2800.0,Rs./Quintal,Grade B
Pundri APMC,0.9,Metric Tonnes,Other,1800.0,2100.0,1950.0,Rs./Quintal,FAQ
Raipur Rani APMC,0.16000000000000003,Metric Tonnes,Tomato,2200.0,2400.0,2200.0,Rs./Quintal,Local
Rania APMC,0.1,Metric Tonnes,Tomato,1.32,1.88,1.49,Rs./Quintal,Non-FAQ
Rania(Jiwan nagar) APMC,0.1,Metric Tonnes,Deshi,40.0,60.0,50.0,Rs./Quintal,Non-FAQ
Ratia APMC,14.0,Metric Tonnes,Other,2000.0,2500.0,2200.0,Rs./Quintal,Grade A
Rewari APMC,22.3,Metric Tonnes,Other,600.0,2500.0,1500.0,Rs./Quintal,Medium
Sadhaura APMC,1.8,Metric Tonnes,Tomato,1700.0,1900.0,1800.0,Rs./Quintal,Local
Samalkha APMC,1.9000000000000001,Metric Tonnes,Other,2000.0,2500.0,2300.0,Rs./Quintal,FAQ
Sampla APMC,1.0,Metric Tonnes,Other,3000.0,3500.0,3500.0,Rs./Quintal,Local
Siwan APMC,0.7000000000000001,Metric Tonnes,Other,2700.0,2900.0,2800.0,Rs./Quintal,FAQ
Sohna APMC,2.6,Metric Tonnes,Tomato,2500.0,3000.0,3000.0,Rs./Quintal,Local
Sonepat APMC,21.5,Metric Tonnes,Other,2000.0,2800.0,2500.0,Rs./Quintal,FAQ
Tarori APMC,0.7000000000000001,Metric Tonnes,Other,3000.0,4000.0,3500.0,Rs./Quintal,Grade A
Tauru APMC,0.1,Metric Tonnes,Hybrid,4000.0,4000.0,4000.0,Rs./Quintal,FAQ
Tohana(New Veg Market) APMC,2.5,Metric Tonnes,Tomato,2500.0,3000.0,3000.0,Rs./Quintal,FAQ
Uklana APMC,0.2,Metric Tonnes,Tomato,2500.0,2800.0,2800.0,Rs./Quintal,Medium
Total,324.33,Metric Tonnes,,,,2143.01,Rs./Quintal,
State/UT Name : Himachal Pradesh
PMY Kather Solan,46.296,Metric Tonnes,Other,400.0,3300.0,2500.0,Rs./Quintal,Medium
PMY Kullu,2.0,Metric Tonnes,Other,2000.0,2500.0,2200.0,Rs./Quintal,FAQ
SMY Bandrol,3.0,Metric Tonnes,Other,1000.0,2200.0,1700.0,Rs./Quintal,FAQ
SMY Bhuntar,6.1,Metric Tonnes,Other,1000.0,3200.0,2200.0,Rs./Quintal,FAQ
SMY Chauri Bihal,0.8,Metric Tonnes,Other,1000.0,3000.0,2000.0,Rs./Quintal,Grade Range-1
SMY Dharampur,2.5,Metric Tonnes,Local,1000.0,2500.0,2000.0,Rs./Quintal,Local
SMY Jwalaji,0.020000000000000004,Metric Tonnes,Other,3500.0,4000.0,3750.0,Rs./Quintal,FAQ
SMY Shatt,1.1,Metric Tonnes,Tomato,1500.0,2500.0,2000.0,Rs./Quintal,FAQ
SMY Takoli,1.8,Metric Tonnes,Other,500.0,2800.0,1500.0,Rs./Quintal,Medium
SMY Wakhnaghat,3.0,Metric Tonnes,Deshi,300.0,2000.0,2000.0,Rs./Quintal,Medium
Total,66.62,Metric Tonnes,,,,2345.31,Rs./Quintal,
State/UT Name : Karnataka
Bagepalli APMC,122.5,Metric Tonnes,Tomato,350.0,2300.0,1700.0,Rs./Quintal,Small
Belur APMC,6.7,Metric Tonnes,Hybrid,1200.0,1200.0,1200.0,Rs./Quintal,Medium
Chickkaballapura APMC,22.8,Metric Tonnes,Tomato,360.0,1786.0,1072.0,Rs./Quintal,Local
Chikkamagaluru APMC,98.80000000000001,Metric Tonnes,Tomato,800.0,2400.0,1600.0,Rs./Quintal,Local
Chintamani APMC,432.8,Metric Tonnes,Tomato,333.0,1800.0,1000.0,Rs./Quintal,Local
Gauribidanur APMC,1.5,Metric Tonnes,Tomato,600.0,1500.0,1200.0,Rs./Quintal,Local
Hospet APMC,12.3,Metric Tonnes,Tomato,800.0,1000.0,800.0,Rs./Quintal,Local
Kolar APMC,1471.3000000000002,Metric Tonnes,Tomato,330.0,2000.0,1130.0,Rs./Quintal,Local
Mulbagal APMC,165.0,Metric Tonnes,Tomato,333.0,2000.0,1000.0,Rs./Quintal,Local
Mysuru APMC,9.600000000000001,Metric Tonnes,Tomato,1800.0,2000.0,2000.0,Rs./Quintal,Medium
Ramanagara APMC,6.800000000000001,Metric Tonnes,Tomato,1200.0,2000.0,1500.0,Rs./Quintal,Local
Ranebennur APMC,0.5,Metric Tonnes,Tomato,200.0,1000.0,800.0,Rs./Quintal,Medium
Total,2350.6,Metric Tonnes,,,,1148.91,Rs./Quintal,
State/UT Name : Keralam
Anchal Market,0.43,Metric Tonnes,Tomato,4400.0,4400.0,4400.0,Rs./Quintal,Local
Aralamoodu Market,2.0,Metric Tonnes,Tomato,4000.0,4500.0,4500.0,Rs./Quintal,FAQ
Attingal Market,850.0,Metric Tonnes,Other,3200.0,4000.0,3500.0,Rs./Quintal,Local
Chathanoor Market,0.4,Metric Tonnes,Other,3800.0,4200.0,4000.0,Rs./Quintal,FAQ
Ettumanoor Market,1.0,Metric Tonnes,Tomato,3000.0,3400.0,3200.0,Rs./Quintal,FAQ
Kanjirappally Market,0.5,Metric Tonnes,Tomato,4000.0,4500.0,4200.0,Rs./Quintal,FAQ
Kayamkulam Market,1.0,Metric Tonnes,Other,2100.0,2300.0,2200.0,Rs./Quintal,FAQ
Koduvayoor Market,0.8,Metric Tonnes,Tomato,3000.0,3400.0,3200.0,Rs./Quintal,Medium
Kollam Market,0.5,Metric Tonnes,Tomato,3500.0,4000.0,3700.0,Rs./Quintal,Local
Kondotty Market,0.25,Metric Tonnes,Other,1400.0,2000.0,1800.0,Rs./Quintal,FAQ
Kuruppanthura Market,1.0,Metric Tonnes,Other,4200.0,4600.0,4500.0,Rs./Quintal,FAQ
Madhavapuram Market,0.7,Metric Tonnes,Other,3700.0,4100.0,3900.0,Rs./Quintal,FAQ
Manjeri Market,8.0,Metric Tonnes,Other,1750.0,1850.0,1800.0,Rs./Quintal,Small
Mukkom Market,0.5,Metric Tonnes,Tomato,2000.0,2300.0,2100.0,Rs./Quintal,FAQ
Piravam Market,5.0,Metric Tonnes,Tomato,4000.0,6006.0,5000.0,Rs./Quintal,Local
Pothencode Market,600.0,Metric Tonnes,Tomato,5000.0,5200.0,5000.0,Rs./Quintal,Local
Punalur Market,0.001,Metric Tonnes,Other,4300.0,4800.0,4500.0,Rs./Quintal,Medium
Sasthamkotta Market,0.4,Metric Tonnes,Tomato,2500.0,2500.0,2500.0,Rs./Quintal,Local
Taliparamba Market,0.04,Metric Tonnes,Tomato,1900.0,2100.0,2000.0,Rs./Quintal,FAQ
Vandiperiyar Market,0.04,Metric Tonnes,Other,3000.0,3200.0,3200.0,Rs./Quintal,Grade Range-1
Wadakkanchery Market,0.25,Metric Tonnes,Tomato,3200.0,3700.0,3400.0,Rs./Quintal,FAQ
vadakarapathy Market,4.2,Metric Tonnes,Tomato,1780.0,2640.0,2000.0,Rs./Quintal,FAQ
Total,1477.01,Metric Tonnes,,,,4101.52,Rs./Quintal,
State/UT Name : Madhya Pradesh
Badwaha (F&V) APMC,0.8,Metric Tonnes,Deshi,950.0,1600.0,1200.0,Rs./Quintal,Grade A
Badwani(F&V) APMC,0.825,Metric Tonnes,Tomato,1000.0,1000.0,1000.0,Rs./Quintal,Local
Betul(F&V) APMC,4.3,Metric Tonnes,Local,500.0,1200.0,800.0,Rs./Quintal,FAQ
Bhopal(F&V) APMC,4.5,Metric Tonnes,Other,1000.0,2500.0,1700.0,Rs./Quintal,Local
Chhindwara(F&V) APMC,4.7,Metric Tonnes,Deshi,700.0,1000.0,800.0,Rs./Quintal,Local
Deori (F&V) APMC,1.1,Metric Tonnes,Tomato,850.0,850.0,850.0,Rs./Quintal,Grade B
Dewas(F&V) APMC,1.5,Metric Tonnes,Other,800.0,2400.0,1000.0,Rs./Quintal,FAQ
Dhamnod(F&V) APMC,2.6,Metric Tonnes,Tomato,1000.0,1200.0,1100.0,Rs./Quintal,Local
Dhar(F&V) APMC,0.30000000000000004,Metric Tonnes,Other,1000.0,1500.0,1300.0,Rs./Quintal,Local
Gadarwada (F&V) APMC,3.0,Metric Tonnes,Tomato,1700.0,1700.0,1700.0,Rs./Quintal,Grade B
Harda(F&V) APMC,1.5,Metric Tonnes,Deshi,1800.0,2000.0,1900.0,Rs./Quintal,Medium
Indore(F&V) APMC,45.0,Metric Tonnes,Tomato,600.0,2000.0,1400.0,Rs./Quintal,Local
Karera(F&V) APMC,0.2,Metric Tonnes,Tomato,2000.0,2500.0,2300.0,Rs./Quintal,Local
Khandwa(F&V) APMC,2.5,Metric Tonnes,Tomato,800.0,1800.0,1312.0,Rs./Quintal,FAQ
Khurai(F&V) APMC,4.7,Metric Tonnes,Tomato,1800.0,2200.0,2000.0,Rs./Quintal,Local
Lashkar(F&V) APMC,20.0,Metric Tonnes,Local,1600.0,2000.0,1800.0,Rs./Quintal,Grade B
Manawar(F&V) APMC,0.6000000000000001,Metric Tonnes,Tomato,1500.0,1800.0,1550.0,Rs./Quintal,Grade B
Mhow (Ambedkar Nagar) (F&V) APMC,0.4,Metric Tonnes,Tomato,1800.0,3000.0,2000.0,Rs./Quintal,Grade B
Multai(F&V) APMC,6.3100000000000005,Metric Tonnes,Deshi,500.0,1200.0,1000.0,Rs./Quintal,FAQ
Paatan (F&V) APMC,0.7,Metric Tonnes,Deshi,1300.0,1300.0,1300.0,Rs./Quintal,Medium
Petlawad(F&V) APMC,0.2,Metric Tonnes,Hybrid,1500.0,1500.0,1500.0,Rs./Quintal,Grade A
Pipariya(F&V) APMC,3.5,Metric Tonnes,Tomato,1200.0,2700.0,2000.0,Rs./Quintal,Local
Ratlam(F&V) APMC,2.3000000000000003,Metric Tonnes,Other,1100.0,1700.0,1500.0,Rs./Quintal,FAQ
Rehli(F&V) APMC,1.0,Metric Tonnes,Tomato,1600.0,1800.0,1700.0,Rs./Quintal,Grade C
Rewa(F&V) APMC,37.15,Metric Tonnes,Hybrid,800.0,900.0,900.0,Rs./Quintal,Non-FAQ
Sabalgarh(F&V) APMC,0.001,Metric Tonnes,Deshi,1000.0,1400.0,1200.0,Rs./Quintal,FAQ
Sanwer(F&V) APMC,0.1,Metric Tonnes,Tomato,1500.0,3000.0,2000.0,Rs./Quintal,FAQ
Sehore(F&V) APMC,2.0,Metric Tonnes,Tomato,1000.0,2000.0,1600.0,Rs./Quintal,Grade Range-1
Thandla APMC,1.48,Metric Tonnes,Hybrid,1400.0,2000.0,1700.0,Rs./Quintal,FAQ
Ujjain(F&V) APMC,1.05,Metric Tonnes,Deshi,630.0,2100.0,1326.0,Rs./Quintal,Medium
Total,154.32,Metric Tonnes,,,,1325.56,Rs./Quintal,
State/UT Name : Maharashtra
APMC Ahilyanagar ,25.0,Metric Tonnes,Other,200.0,1200.0,700.0,Rs./Quintal,Local
APMC Akluj ,3.5,Metric Tonnes,Local,700.0,1500.0,1000.0,Rs./Quintal,Local
APMC Bhusaval ,5.5,Metric Tonnes,Other,1200.0,2000.0,1500.0,Rs./Quintal,Local
APMC Chattrapati Sambhajinagar ,15.5,Metric Tonnes,Other,700.0,1200.0,950.0,Rs./Quintal,Local
APMC Dharashiv ,13.3,Metric Tonnes,Other,500.0,1500.0,1000.0,Rs./Quintal,Local
APMC Islampur ,2.4,Metric Tonnes,Other,1000.0,2000.0,1450.0,Rs./Quintal,Local
APMC Kalmeshwar ,1.2,Metric Tonnes,Other,1515.0,2000.0,1805.0,Rs./Quintal,Local
APMC Kalyan ,0.3,Metric Tonnes,Other,350.0,500.0,425.0,Rs./Quintal,Local
APMC Kamthi ,6.0,Metric Tonnes,Local,2000.0,2500.0,2350.0,Rs./Quintal,Local
APMC Karad ,6.0,Metric Tonnes,Other,600.0,1000.0,1000.0,Rs./Quintal,Local
APMC Kolhapur ,10.9,Metric Tonnes,Other,1000.0,1600.0,1300.0,Rs./Quintal,Local
APMC Mangal Wedha ,4.8,Metric Tonnes,Local,500.0,1500.0,1100.0,Rs./Quintal,Local
APMC Nasik ,133.2,Metric Tonnes,Other,250.0,2150.0,1250.0,Rs./Quintal,Local
APMC Navapur ,47.0,Metric Tonnes,Other,750.0,2000.0,1298.0,Rs./Quintal,Local
APMC Panvel ,52.0,Metric Tonnes,Other,2000.0,2500.0,2250.0,Rs./Quintal,Local
APMC Pimpalgaon Baswant ,1995.7,Metric Tonnes,Other,250.0,2655.0,2005.0,Rs./Quintal,Local
APMC Pune ,287.9,Metric Tonnes,Local,600.0,2000.0,1300.0,Rs./Quintal,Local
APMC Rahata ,3.6,Metric Tonnes,Other,500.0,2200.0,1350.0,Rs./Quintal,Local
APMC Rahuri ,5.6,Metric Tonnes,Other,500.0,1200.0,850.0,Rs./Quintal,Local
APMC Ramtek ,2.3,Metric Tonnes,Other,1500.0,2500.0,2000.0,Rs./Quintal,Local
APMC Sangamner ,350.0,Metric Tonnes,Other,500.0,2000.0,1250.0,Rs./Quintal,Local
APMC Satara ,11.3,Metric Tonnes,Other,1000.0,2000.0,1500.0,Rs./Quintal,Local
APMC Shrirampur ,3.2,Metric Tonnes,Other,1000.0,1500.0,1250.0,Rs./Quintal,Local
APMC Vadgaonpeth ,17.0,Metric Tonnes,Local,1000.0,2000.0,1400.0,Rs./Quintal,Local
APMC Vai ,12.0,Metric Tonnes,Local,1000.0,1500.0,1300.0,Rs./Quintal,Local
APMC Vita ,3.0,Metric Tonnes,Other,1500.0,2000.0,1800.0,Rs./Quintal,Local
Amrawati(Frui & Veg. Market) ,18.9,Metric Tonnes,Local,1000.0,2000.0,1500.0,Rs./Quintal,Local
Junnar(Narayangaon) ,623.5,Metric Tonnes,Local,1000.0,2000.0,1500.0,Rs./Quintal,Local
Khed(Chakan) ,40.8,Metric Tonnes,Other,1000.0,1800.0,1400.0,Rs./Quintal,Local
Pune(Khadiki) ,0.9,Metric Tonnes,Local,900.0,1400.0,1150.0,Rs./Quintal,Local
Pune(Manjri) ,69.7,Metric Tonnes,Other,1000.0,2500.0,1500.0,Rs./Quintal,Local
Pune(Moshi) ,70.7,Metric Tonnes,Local,500.0,1000.0,750.0,Rs./Quintal,Local
Pune(Pimpri) ,1.1,Metric Tonnes,Local,1000.0,1600.0,1300.0,Rs./Quintal,Local
Total,3843.8,Metric Tonnes,,,,1696.49,Rs./Quintal,
State/UT Name : NCT of Delhi
APMC Keshopur,207.025,Metric Tonnes,Other,1500.0,2900.0,2700.0,Rs./Quintal,FAQ
"Fruit&Vegetable Market,Gazipur APMC",215.05,Metric Tonnes,Tomato,2200.0,2600.0,2400.0,Rs./Quintal,FAQ
Total,422.08,Metric Tonnes,,,,2547.15,Rs./Quintal,
State/UT Name : Odisha
Angaura APMC,0.9,Metric Tonnes,Other,3350.0,3800.0,3500.0,Rs./Quintal,Grade C
Attabira APMC,1.36,Metric Tonnes,Other,1650.0,1950.0,1800.0,Rs./Quintal,Local
Balugaon APMC,1.05,Metric Tonnes,Hybrid,4400.0,4400.0,4400.0,Rs./Quintal,Grade A
Banki APMC,0.1,Metric Tonnes,Tomato,3000.0,4000.0,3500.0,Rs./Quintal,FAQ
Baripada APMC,2.5,Metric Tonnes,Tomato,3500.0,4000.0,3800.0,Rs./Quintal,Medium
Betnoti APMC,2.3,Metric Tonnes,Tomato,3300.0,3700.0,3500.0,Rs./Quintal,FAQ
Birmaharajpur APMC,2.0,Metric Tonnes,Local,2550.0,2650.0,2600.0,Rs./Quintal,Local
Boudh APMC,1.0,Metric Tonnes,Other,3000.0,4000.0,3500.0,Rs./Quintal,Local
Champua APMC,2.2,Metric Tonnes,Other,3000.0,3000.0,3000.0,Rs./Quintal,Local
Champua(Jhumpura) APMC,0.8,Metric Tonnes,Other,3000.0,3000.0,3000.0,Rs./Quintal,Local
Chatta Krushak Bazar APMC,0.21,Metric Tonnes,Tomato,4000.0,4000.0,4000.0,Rs./Quintal,Grade B
Dhenkanal APMC,0.2,Metric Tonnes,Tomato,3000.0,3800.0,3500.0,Rs./Quintal,Grade B
Dungurapalli APMC,0.29,Metric Tonnes,Hybrid,2500.0,2680.0,2650.0,Rs./Quintal,Local
Godbhaga APMC,0.16000000000000003,Metric Tonnes,Other,1650.0,1950.0,1800.0,Rs./Quintal,Local
Gopa APMC,0.28,Metric Tonnes,Tomato,3000.0,3000.0,3000.0,Rs./Quintal,Grade B
Gunpur APMC,5.0,Metric Tonnes,Local,1650.0,2150.0,1730.0,Rs./Quintal,Medium
Hindol APMC,1.1,Metric Tonnes,Tomato,3500.0,4000.0,3800.0,Rs./Quintal,Grade B
Jharsuguda APMC,0.7000000000000001,Metric Tonnes,Other,3000.0,4000.0,4000.0,Rs./Quintal,Grade A
Junagarh APMC,2.0,Metric Tonnes,Other,2700.0,3300.0,3000.0,Rs./Quintal,Grade B
Kalahandi(Dharamagarh) APMC,1.8,Metric Tonnes,Other,2600.0,3200.0,2900.0,Rs./Quintal,Grade B
Kamakhyanagar APMC,0.4,Metric Tonnes,Tomato,4000.0,4000.0,4000.0,Rs./Quintal,Grade A
Kantabaji APMC,1.5,Metric Tonnes,Other,2500.0,3500.0,3000.0,Rs./Quintal,Grade B
Karanjia APMC,0.2,Metric Tonnes,Local,3000.0,3500.0,3200.0,Rs./Quintal,Local
Kendrapara APMC,0.14,Metric Tonnes,Tomato,4000.0,4000.0,4000.0,Rs./Quintal,Grade B
Kendrapara(Marshaghai) APMC,0.15,Metric Tonnes,Tomato,3500.0,3500.0,3500.0,Rs./Quintal,Grade B
Kendupatna(Niali) APMC,1.85,Metric Tonnes,Other,2800.0,3200.0,3000.0,Rs./Quintal,Grade B
Khariar APMC,1.2,Metric Tonnes,Tomato,3000.0,3000.0,3000.0,Rs./Quintal,Grade A
Khariar Road APMC,1.0,Metric Tonnes,Tomato,3000.0,3000.0,3000.0,Rs./Quintal,Grade A
Mukhiguda APMC,1.0,Metric Tonnes,Tomato,2400.0,3400.0,2900.0,Rs./Quintal,Grade B
Nilagiri APMC,5.0,Metric Tonnes,Other,3800.0,3900.0,3900.0,Rs./Quintal,Local
Padampur APMC,3.3000000000000003,Metric Tonnes,Tomato,2300.0,2700.0,2500.0,Rs./Quintal,Local
Pandkital APMC,0.25,Metric Tonnes,Other,2500.0,2650.0,2650.0,Rs./Quintal,Local
Panposh APMC,1.0,Metric Tonnes,Hybrid,3500.0,4200.0,4000.0,Rs./Quintal,FAQ
Rairakhol APMC,0.8,Metric Tonnes,Hybrid,3000.0,3500.0,3200.0,Rs./Quintal,Grade B
Saharpada APMC,0.6,Metric Tonnes,Other,3500.0,3700.0,3700.0,Rs./Quintal,Non-FAQ
Saraskana APMC,0.04,Metric Tonnes,Tomato,3500.0,4000.0,3800.0,Rs./Quintal,Medium
Sohela APMC,2.9000000000000004,Metric Tonnes,Tomato,2300.0,2800.0,2500.0,Rs./Quintal,Local
Udala APMC,7.0,Metric Tonnes,Other,2000.0,2400.0,2200.0,Rs./Quintal,FAQ
Total,54.28,Metric Tonnes,,,,2928.78,Rs./Quintal,
State/UT Name : Punjab
Ahmedgarh APMC,0.1,Metric Tonnes,Local,3200.0,3500.0,3500.0,Rs./Quintal,Medium
Bhagta Bhai Ka APMC,0.4,Metric Tonnes,Other,2600.0,2600.0,2600.0,Rs./Quintal,Medium
Bhawanigarh APMC,0.2,Metric Tonnes,Other,2500.0,2700.0,2600.0,Rs./Quintal,Medium
Budalada APMC,0.8,Metric Tonnes,Tomato,1900.0,1900.0,1900.0,Rs./Quintal,Medium
Dasuya APMC,0.4,Metric Tonnes,Tomato,4000.0,4000.0,4000.0,Rs./Quintal,Grade A
Dera Bassi APMC,0.2,Metric Tonnes,Other,2600.0,2600.0,2600.0,Rs./Quintal,Local
Dharamkot APMC,0.05,Metric Tonnes,Tomato,4000.0,4000.0,4000.0,Rs./Quintal,Grade A
Dhuri APMC,0.6000000000000001,Metric Tonnes,Other,2200.0,2500.0,2400.0,Rs./Quintal,Medium
Dinanagar APMC,2.15,Metric Tonnes,Tomato,2000.0,2400.0,2200.0,Rs./Quintal,Medium
Dudhansadhan APMC,0.3,Metric Tonnes,Other,2500.0,2500.0,2500.0,Rs./Quintal,Grade B
Ghanaur APMC,0.2,Metric Tonnes,Other,1800.0,2000.0,1900.0,Rs./Quintal,FAQ
Giddarbaha APMC,0.5,Metric Tonnes,Tomato,2800.0,2800.0,2800.0,Rs./Quintal,FAQ
Kalanaur APMC,0.010000000000000002,Metric Tonnes,Tomato,2550.0,2550.0,2550.0,Rs./Quintal,Grade A
Kharar APMC,4.5,Metric Tonnes,Tomato,2000.0,4000.0,3000.0,Rs./Quintal,Non-FAQ
Malerkotla APMC,5.800000000000001,Metric Tonnes,Tomato,1500.0,2800.0,2700.0,Rs./Quintal,Local
Mansa APMC,0.6,Metric Tonnes,Tomato,4000.0,4000.0,4000.0,Rs./Quintal,FAQ
Mukerian APMC,2.95,Metric Tonnes,Tomato,2000.0,2600.0,2300.0,Rs./Quintal,Grade B
Patti APMC,0.15,Metric Tonnes,Other,0.08,0.08,0.08,Rs./Quintal,Local
Phillaur APMC,0.30000000000000004,Metric Tonnes,Other,2600.0,2600.0,2600.0,Rs./Quintal,FAQ
Phillaur(Apra Mandi) APMC,0.30000000000000004,Metric Tonnes,Other,4000.0,4000.0,4000.0,Rs./Quintal,FAQ
Quadian APMC,0.2,Metric Tonnes,Other,3300.0,3500.0,3400.0,Rs./Quintal,Grade A
Rajpura APMC,2.0,Metric Tonnes,Local,2100.0,2250.0,2200.0,Rs./Quintal,Grade A
Rampuraphul(Nabha Mandi) APMC,1.5,Metric Tonnes,Other,1500.0,2500.0,2000.0,Rs./Quintal,Grade A
Tanda Urmur APMC,1.2000000000000002,Metric Tonnes,Local,2500.0,3000.0,2800.0,Rs./Quintal,Grade A
Tarantaran APMC,0.14,Metric Tonnes,Other,2600.0,2600.0,2600.0,Rs./Quintal,Local
Total,25.55,Metric Tonnes,,,,2606.83,Rs./Quintal,
State/UT Name : Rajasthan
Baran APMC,1.0,Metric Tonnes,Other,1300.0,1700.0,1500.0,Rs./Quintal,Local
Bayana APMC,1.4000000000000001,Metric Tonnes,Other,2500.0,2500.0,2500.0,Rs./Quintal,Local
Bhadara APMC,1.0,Metric Tonnes,Deshi,2500.0,3300.0,2850.0,Rs./Quintal,FAQ
Bhilwara APMC,8.9,Metric Tonnes,Other,2000.0,3000.0,2500.0,Rs./Quintal,FAQ
Bhinmal APMC,0.8,Metric Tonnes,Other,2500.0,2550.0,2525.0,Rs./Quintal,Non-FAQ
Dablirathan APMC,0.1,Metric Tonnes,Deshi,2500.0,2900.0,2700.0,Rs./Quintal,Local
Goluwala APMC,0.16000000000000003,Metric Tonnes,Deshi,2800.0,3000.0,3000.0,Rs./Quintal,Non-FAQ
Jalore APMC,2.5,Metric Tonnes,Tomato,1500.0,2000.0,1800.0,Rs./Quintal,Local
Kota (F&V) APMC,112.4,Metric Tonnes,Other,2000.0,2000.0,2000.0,Rs./Quintal,Medium
Rajsamand APMC,1.9000000000000001,Metric Tonnes,Tomato,2500.0,3000.0,2750.0,Rs./Quintal,FAQ
Rawatsar APMC,0.6000000000000001,Metric Tonnes,Deshi,1000.0,2100.0,1600.0,Rs./Quintal,FAQ
Sikar APMC,18.6,Metric Tonnes,Deshi,1400.0,1800.0,1600.0,Rs./Quintal,FAQ
Sujangarh APMC,0.5,Metric Tonnes,Other,1700.0,1900.0,1800.0,Rs./Quintal,Local
Udaipur (F&V) APMC,21.900000000000002,Metric Tonnes,Other,1000.0,2500.0,1750.0,Rs./Quintal,Medium
Total,171.76,Metric Tonnes,,,,1964.02,Rs./Quintal,
State/UT Name : Tamil Nadu
AJattihalli(Uzhavar Sandhai ),3.49,Metric Tonnes,Deshi,1600.0,2000.0,1800.0,Rs./Quintal,Local
Alangudi(Uzhavar Sandhai ),0.56,Metric Tonnes,Other,2500.0,3000.0,2750.0,Rs./Quintal,Local
Ambasamudram(Uzhavar Sandhai ),0.02,Metric Tonnes,Local,2000.0,2400.0,2200.0,Rs./Quintal,Local
Ambattur(Uzhavar Sandhai ),0.05,Metric Tonnes,Deshi,2500.0,2500.0,2500.0,Rs./Quintal,Local
Ammapet(Uzhavar Sandhai ),2.03,Metric Tonnes,Local,2000.0,2400.0,2200.0,Rs./Quintal,Local
Anaiyur(Uzhavar Sandhai ),0.8,Metric Tonnes,Deshi,2600.0,3000.0,2800.0,Rs./Quintal,Local
Andipatti(Uzhavar Sandhai ),0.85,Metric Tonnes,Other,2600.0,2800.0,2700.0,Rs./Quintal,Local
Anna nagar(Uzhavar Sandhai ),1.2,Metric Tonnes,Deshi,2800.0,3200.0,3000.0,Rs./Quintal,Local
Anna nagar(Uzhavar Sandhai ),1.85,Metric Tonnes,Other,3000.0,3000.0,3000.0,Rs./Quintal,Local
Arani(Uzhavar Sandhai ),1.25,Metric Tonnes,Deshi,2000.0,2500.0,2250.0,Rs./Quintal,Local
Aranthangi(Uzhavar Sandhai ),0.61,Metric Tonnes,Other,3000.0,3500.0,3250.0,Rs./Quintal,Local
Arcot(Uzhavar Sandhai ),0.78,Metric Tonnes,Deshi,2400.0,2400.0,2400.0,Rs./Quintal,Local
Ariyalur(Uzhavar Sandhai),0.17,Metric Tonnes,Deshi,2500.0,3000.0,2750.0,Rs./Quintal,Local
Aruppukottai(Uzhavar Sandhai ),0.66,Metric Tonnes,Deshi,2000.0,2500.0,2250.0,Rs./Quintal,Local
Athur(Uzhavar Sandhai ),2.81,Metric Tonnes,Local,2000.0,2400.0,2200.0,Rs./Quintal,Local
Attayampatti(Uzhavar Sandhai ),0.5,Metric Tonnes,Deshi,2600.0,2600.0,2600.0,Rs./Quintal,Local
Avallapalli(Uzhavar Sandhai ),1.3,Metric Tonnes,Deshi,2000.0,2500.0,2250.0,Rs./Quintal,Local
Bodinayakanur(Uzhavar Sandhai ),0.4,Metric Tonnes,Deshi,2800.0,2800.0,2800.0,Rs./Quintal,Local
Chengalpet(Uzhavar Sandhai ),0.72,Metric Tonnes,Deshi,3000.0,3500.0,3250.0,Rs./Quintal,Local
Chengam(Uzhavar Sandhai ),0.52,Metric Tonnes,Local,2500.0,3000.0,2750.0,Rs./Quintal,Local
Cheyyar(Uzhavar Sandhai ),0.3,Metric Tonnes,Local,2500.0,3000.0,2750.0,Rs./Quintal,Local
Chidambaram(Uzhavar Sandhai ),0.02,Metric Tonnes,Local,2500.0,2500.0,2500.0,Rs./Quintal,Local
Chinnalapatti(Uzhavar Sandhai ),0.69,Metric Tonnes,Deshi,2500.0,3000.0,2750.0,Rs./Quintal,Local
Chinnamanur(Uzhavar Sandhai ),1.5,Metric Tonnes,Local,2800.0,2800.0,2800.0,Rs./Quintal,Local
Chokkikulam(Uzhavar Sandhai ),2.35,Metric Tonnes,Deshi,2800.0,3200.0,3000.0,Rs./Quintal,Local
Coonoor(Uzhavar Sandhai ),1.65,Metric Tonnes,Local,2600.0,3000.0,2800.0,Rs./Quintal,Local
Cuddalore(Uzhavar Sandhai ),0.45,Metric Tonnes,Deshi,2600.0,2600.0,2600.0,Rs./Quintal,Local
Denkanikottai(Uzhavar Sandhai ),2.31,Metric Tonnes,Deshi,2000.0,2500.0,2250.0,Rs./Quintal,Local
Devakottai (Uzhavar Sandhai ),0.23,Metric Tonnes,Deshi,3000.0,3500.0,3250.0,Rs./Quintal,Local
Devaram(Uzhavar Sandhai ),0.3,Metric Tonnes,Deshi,2700.0,2700.0,2700.0,Rs./Quintal,Local
Dharapuram(Uzhavar Sandhai ),4.5,Metric Tonnes,Local,1400.0,1800.0,1600.0,Rs./Quintal,Local
Dharmapuri(Uzhavar Sandhai ),12.21,Metric Tonnes,Local,2200.0,2400.0,2300.0,Rs./Quintal,Local
Dindigul(Uzhavar Sandhai ),2.25,Metric Tonnes,Deshi,2500.0,3000.0,2750.0,Rs./Quintal,Local
Edapadi (Uzhavar Sandhai ),2.1,Metric Tonnes,Other,2400.0,2700.0,2550.0,Rs./Quintal,Local
Elampillai(Uzhavar Sandhai ),1.8,Metric Tonnes,Other,2000.0,2500.0,2250.0,Rs./Quintal,Local
Gandarvakottai(Uzhavar Sandhai ),0.55,Metric Tonnes,Deshi,2500.0,3000.0,2750.0,Rs./Quintal,Local
Gandhigramam(Uzhavar Sandhai),0.38,Metric Tonnes,Other,2800.0,3000.0,2900.0,Rs./Quintal,Local
Gingee(Uzhavar Sandhai ),0.25,Metric Tonnes,Deshi,2000.0,2500.0,2250.0,Rs./Quintal,Local
Gobichettipalayam(Uzhavar Sandhai ),0.78,Metric Tonnes,Deshi,2400.0,3000.0,2700.0,Rs./Quintal,Local
Gudalur(Uzhavar Sandhai ),0.03,Metric Tonnes,Deshi,2500.0,2800.0,2650.0,Rs./Quintal,Local
Gudiyatham(Uzhavar Sandhai ),1.3,Metric Tonnes,Deshi,2000.0,2400.0,2200.0,Rs./Quintal,Local
Guduvancheri(Uzhavar Sandhai ),0.15,Metric Tonnes,Other,2500.0,3000.0,2750.0,Rs./Quintal,Local
Harur(Uzhavar Sandhai ),1.5,Metric Tonnes,Deshi,2000.0,2500.0,2250.0,Rs./Quintal,Local
Hasthampatti(Uzhavar Sandhai ),1.75,Metric Tonnes,Local,2000.0,2500.0,2250.0,Rs./Quintal,Local
Hosur(Uzhavar Sandhai ),10.0,Metric Tonnes,Local,2000.0,2500.0,2250.0,Rs./Quintal,Local
Jalagandapuram(Uzhavar Sandhai ),3.08,Metric Tonnes,Other,2400.0,2800.0,2600.0,Rs./Quintal,Local
Jameenrayapettai(Uzhavar Sandhai ),0.59,Metric Tonnes,Other,2200.0,2500.0,2350.0,Rs./Quintal,Local
Jeyankondam (Uzhavar Sandhai ),0.01,Metric Tonnes,Deshi,2500.0,3000.0,2750.0,Rs./Quintal,Local
KKNagar(Uzhavar Sandhai ),3.3,Metric Tonnes,Deshi,3000.0,3200.0,3100.0,Rs./Quintal,Local
Kahithapattarai(Uzhavar Sandhai ),1.1,Metric Tonnes,Deshi,2800.0,2800.0,2800.0,Rs./Quintal,Local
Kallakurichi(Uzhavar Sandhai ),1.1,Metric Tonnes,Deshi,3000.0,3000.0,3000.0,Rs./Quintal,Local
Kambam(Uzhavar Sandhai ),5.8,Metric Tonnes,Local,2600.0,2600.0,2600.0,Rs./Quintal,Local
Kamuthi(Uzhavar Sandhai ),0.02,Metric Tonnes,Deshi,2500.0,3000.0,2750.0,Rs./Quintal,Local
Kancheepuram(Uzhavar Sandhai ),0.6,Metric Tonnes,Local,2200.0,3000.0,2600.0,Rs./Quintal,Local
Kandiyaperi(Uzhavar Sandhai ),0.03,Metric Tonnes,Other,2400.0,2600.0,2500.0,Rs./Quintal,Local
Kangayam(Uzhavar Sandhai ),1.26,Metric Tonnes,Local,1000.0,1500.0,1250.0,Rs./Quintal,Local
Karaikudi(Uzhavar Sandhai ),0.33,Metric Tonnes,Deshi,3000.0,3600.0,3300.0,Rs./Quintal,Local
Karambakkudi(Uzhavar Sandhai ),0.57,Metric Tonnes,Other,2500.0,3000.0,2750.0,Rs./Quintal,Local
Karimangalam(Uzhavar Sandhai),0.56,Metric Tonnes,Local,2000.0,2400.0,2200.0,Rs./Quintal,Local
Kariyapatti(Uzhavar Sandhai ),0.21,Metric Tonnes,Deshi,2000.0,2500.0,2250.0,Rs./Quintal,Local
Karur(Uzhavar Sandhai ),1.2,Metric Tonnes,Deshi,2500.0,3000.0,2750.0,Rs./Quintal,Local
Katpadi (Uzhavar Sandhai ),1.15,Metric Tonnes,Deshi,3000.0,3000.0,3000.0,Rs./Quintal,Local
Kaveripattinam(Uzhavar Sandhai ),0.28,Metric Tonnes,Local,2500.0,2500.0,2500.0,Rs./Quintal,Local
Keelpennathur(Uzhavar Sandhai ),0.02,Metric Tonnes,Deshi,2000.0,2500.0,2250.0,Rs./Quintal,Local
Kodaikkanal(Uzhavar Sandhai),0.01,Metric Tonnes,Deshi,2000.0,2500.0,2250.0,Rs./Quintal,Local
Kovilpatti(Uzhavar Sandhai ),0.33,Metric Tonnes,Local,3500.0,4000.0,3750.0,Rs./Quintal,Local
Krishnagiri(Uzhavar Sandhai ),4.07,Metric Tonnes,Deshi,1400.0,1800.0,1600.0,Rs./Quintal,Local
Kulithalai(Uzhavar Sandhai ),1.73,Metric Tonnes,Deshi,2800.0,3000.0,2900.0,Rs./Quintal,Local
Kumarapalayam(Uzhavar Sandhai ),0.26,Metric Tonnes,Other,2200.0,3000.0,2600.0,Rs./Quintal,Local
Kumbakonam (Uzhavar Sandhai ),1.29,Metric Tonnes,Deshi,2800.0,3200.0,3000.0,Rs./Quintal,Local
Kundrathur(Uzhavar Sandhai ),0.45,Metric Tonnes,Other,2500.0,2500.0,2500.0,Rs./Quintal,Local
Kurichi(Uzhavar Sandhai ),0.17,Metric Tonnes,Local,2400.0,2800.0,2600.0,Rs./Quintal,Local
Lalgudi(Uzhavar Sandhai ),0.52,Metric Tonnes,Local,3000.0,3000.0,3000.0,Rs./Quintal,Local
Madhuranthagam(Uzhavar Sandhai ),0.11,Metric Tonnes,Deshi,3000.0,3000.0,3000.0,Rs./Quintal,Local
Manachanallur(Uzhavar Sandhai ),0.12,Metric Tonnes,Other,2500.0,3000.0,2750.0,Rs./Quintal,Local
Manapparai(Uzhavar Sandhai ),0.62,Metric Tonnes,Other,3000.0,3000.0,3000.0,Rs./Quintal,Local
Mannargudi I(Uzhavar Sandhai ),1.36,Metric Tonnes,Deshi,2600.0,2600.0,2600.0,Rs./Quintal,Local
Mannargudi II(Uzhavar Sandhai ),0.55,Metric Tonnes,Deshi,2600.0,2600.0,2600.0,Rs./Quintal,Local
Mayiladuthurai(Uzhavar Sandhai ),0.17,Metric Tonnes,Deshi,2500.0,3000.0,2750.0,Rs./Quintal,Local
Mecheri(Uzhavar Sandhai),0.23,Metric Tonnes,Deshi,2000.0,2500.0,2250.0,Rs./Quintal,Local
Medavakkam(Uzhavar Sandhai ),0.35,Metric Tonnes,Other,2500.0,2500.0,2500.0,Rs./Quintal,Local
Melapalayam(Uzhavar Sandhai ),0.85,Metric Tonnes,Other,2400.0,2600.0,2500.0,Rs./Quintal,Local
Melur(Uzhavar Sandhai ),0.45,Metric Tonnes,Deshi,2600.0,3000.0,2800.0,Rs./Quintal,Local
Mettupalayam(Uzhavar Sandhai ),3.12,Metric Tonnes,Deshi,2500.0,3000.0,2750.0,Rs./Quintal,Local
Mettur(Uzhavar Sandhai ),3.8,Metric Tonnes,Local,2000.0,2800.0,2400.0,Rs./Quintal,Local
Mohanur(Uzhavar Sandhai ),0.38,Metric Tonnes,Deshi,2500.0,3000.0,2750.0,Rs./Quintal,Local
Musiri(Uzhavar Sandhai ),1.9,Metric Tonnes,Local,2600.0,3000.0,2800.0,Rs./Quintal,Local
Muthupettai(Uzhavar Sandhai ),0.05,Metric Tonnes,Deshi,2400.0,2400.0,2400.0,Rs./Quintal,Local
Myladi(Uzhavar Sandhai ),0.04,Metric Tonnes,Deshi,3000.0,3500.0,3250.0,Rs./Quintal,Local
NGO Colony(Uzhavar Sandhai ),0.46,Metric Tonnes,Deshi,2000.0,2600.0,2300.0,Rs./Quintal,Local
Nagapattinam(Uzhavar Sandhai ),0.24,Metric Tonnes,Deshi,3500.0,3800.0,3650.0,Rs./Quintal,Local
Nanganallur(Uzhavar Sandhai ),0.13,Metric Tonnes,Deshi,3000.0,3500.0,3250.0,Rs./Quintal,Local
Naravarikuppam(Uzhavar Sandhai ),0.16,Metric Tonnes,Deshi,2500.0,2500.0,2500.0,Rs./Quintal,Local
Natrampalli(Uzhavar Sandhai ),6.3,Metric Tonnes,Deshi,2500.0,3000.0,2750.0,Rs./Quintal,Local
Needamangalam(Uzhavar Sandhai ),0.06,Metric Tonnes,Deshi,2400.0,2400.0,2400.0,Rs./Quintal,Local
Padappai(Uzhavar Sandhai ),0.75,Metric Tonnes,Local,2200.0,3000.0,2600.0,Rs./Quintal,Local
Palacode(Uzhavar Sandhai ),1.25,Metric Tonnes,Local,2000.0,2200.0,2100.0,Rs./Quintal,Local
Palanganatham(Uzhavar Sandhai ),1.5,Metric Tonnes,Other,2800.0,3000.0,2900.0,Rs./Quintal,Local
Palani(Uzhavar Sandhai ),3.45,Metric Tonnes,Deshi,1000.0,2000.0,1500.0,Rs./Quintal,Local
Palayamkottai(Uzhavar Sandhai ),3.35,Metric Tonnes,Deshi,2400.0,2600.0,2500.0,Rs./Quintal,Local
Palladam(Uzhavar Sandhai ),2.24,Metric Tonnes,Local,1500.0,2000.0,1750.0,Rs./Quintal,Local
Pallapatti (Uzhavar Sandhai ),1.05,Metric Tonnes,Other,2500.0,2800.0,2650.0,Rs./Quintal,Local
Pallavaram(Uzhavar Sandhai ),1.1,Metric Tonnes,Deshi,2000.0,2500.0,2250.0,Rs./Quintal,Local
Pallikonda(Uzhavar Sandhai),0.08,Metric Tonnes,Deshi,2200.0,2400.0,2300.0,Rs./Quintal,Local
Panruti(Uzhavar Sandhai ),0.06,Metric Tonnes,Deshi,2500.0,2500.0,2500.0,Rs./Quintal,Local
Papanasam(Uzhavar Sandhai ),0.18,Metric Tonnes,Deshi,2800.0,3200.0,3000.0,Rs./Quintal,Local
Paramakudi(Uzhavar Sandhai ),1.6,Metric Tonnes,Deshi,2500.0,3000.0,2750.0,Rs./Quintal,Local
Paramathivelur(Uzhavar Sandhai ),0.24,Metric Tonnes,Local,2500.0,3000.0,2750.0,Rs./Quintal,Local
Paruthipattu(Uzhavar Sandhai ),0.22,Metric Tonnes,Deshi,2500.0,2500.0,2500.0,Rs./Quintal,Local
Pattukottai(Uzhavar Sandhai ),0.96,Metric Tonnes,Deshi,4000.0,4000.0,4000.0,Rs./Quintal,Local
Pennagaram(Uzhavar Sandhai ),2.3,Metric Tonnes,Local,2400.0,2600.0,2500.0,Rs./Quintal,Local
Perambakkam(Uzhavar Sandhai ),0.02,Metric Tonnes,Deshi,2500.0,2500.0,2500.0,Rs./Quintal,Local
Perambalur(Uzhavar Sandhai ),1.32,Metric Tonnes,Deshi,3000.0,3500.0,3250.0,Rs./Quintal,Local
Perampet(Uzhavar Sandhai),0.11,Metric Tonnes,Deshi,2000.0,2400.0,2200.0,Rs./Quintal,Local
Peravurani(Uzhavar Sandhai),0.09,Metric Tonnes,Deshi,3800.0,3800.0,3800.0,Rs./Quintal,Local
Periyakulam(Uzhavar Sandhai ),0.64,Metric Tonnes,Other,2600.0,2800.0,2700.0,Rs./Quintal,Local
Periyar Nagar(Uzhavar Sandhai ),0.48,Metric Tonnes,Other,2500.0,2800.0,2650.0,Rs./Quintal,Local
Perundurai(Uzhavar Sandhai ),0.46,Metric Tonnes,Deshi,2500.0,2800.0,2650.0,Rs./Quintal,Local
Pollachi(Uzhavar Sandhai ),1.62,Metric Tonnes,Deshi,2000.0,2500.0,2250.0,Rs./Quintal,Local
Polur(Uzhavar Sandhai ),0.38,Metric Tonnes,Local,2000.0,2500.0,2250.0,Rs./Quintal,Local
Ponnamaravathi(Uzhavar Sandhai),0.23,Metric Tonnes,Deshi,2500.0,3000.0,2750.0,Rs./Quintal,Local
Pudukottai(Uzhavar Sandhai ),1.4,Metric Tonnes,Deshi,2500.0,3000.0,2750.0,Rs./Quintal,Local
RSPuram(Uzhavar Sandhai ),3.54,Metric Tonnes,Local,2400.0,2700.0,2550.0,Rs./Quintal,Local
Rajapalayam(Uzhavar Sandhai ),1.1,Metric Tonnes,Deshi,2000.0,2800.0,2400.0,Rs./Quintal,Local
Ramanathapuram(Uzhavar Sandhai ),0.21,Metric Tonnes,Deshi,3000.0,3500.0,3250.0,Rs./Quintal,Local
Ranipettai(Uzhavar Sandhai ),0.8,Metric Tonnes,Other,2300.0,2800.0,2550.0,Rs./Quintal,Local
Rasipuram(Uzhavar Sandhai ),2.19,Metric Tonnes,Other,2800.0,3200.0,3000.0,Rs./Quintal,Local
Sampath Nagar(Uzhavar Sandhai ),1.85,Metric Tonnes,Other,2500.0,2800.0,2650.0,Rs./Quintal,Local
Sankarankoil(Uzhavar Sandhai ),0.84,Metric Tonnes,Deshi,2000.0,2500.0,2250.0,Rs./Quintal,Local
Sankarapuram(Uzhavar Sandhai ),0.18,Metric Tonnes,Deshi,2500.0,2500.0,2500.0,Rs./Quintal,Local
Sathiyamagalam(Uzhavar Sandhai ),0.88,Metric Tonnes,Local,2000.0,2400.0,2200.0,Rs./Quintal,Local
Sathur(Uzhavar Sandhai ),0.06,Metric Tonnes,Deshi,1800.0,2000.0,1900.0,Rs./Quintal,Local
Singampunari(Uzhavar Sandhai ),0.33,Metric Tonnes,Other,2800.0,3200.0,3000.0,Rs./Quintal,Local
Singanallur(Uzhavar Sandhai ),9.98,Metric Tonnes,Deshi,2500.0,2800.0,2650.0,Rs./Quintal,Local
Sirkali(Uzhavar Sandhai ),0.34,Metric Tonnes,Deshi,2500.0,3000.0,2750.0,Rs./Quintal,Local
Sivagangai (Uzhavar Sandhai ),1.26,Metric Tonnes,Deshi,2800.0,3200.0,3000.0,Rs./Quintal,Local
Sivakasi(Uzhavar Sandhai ),0.06,Metric Tonnes,Deshi,1700.0,2000.0,1850.0,Rs./Quintal,Local
Sooramangalam(Uzhavar Sandhai ),6.76,Metric Tonnes,Local,2200.0,2500.0,2350.0,Rs./Quintal,Local
Srivilliputhur(Uzhavar Sandhai ),0.2,Metric Tonnes,Deshi,2000.0,2500.0,2250.0,Rs./Quintal,Local
Sulur(Uzhavar Sandhai ),0.73,Metric Tonnes,Deshi,2500.0,2800.0,2650.0,Rs./Quintal,Local
Sundarapuram(Uzhavar Sandhai ),1.98,Metric Tonnes,Local,2400.0,2800.0,2600.0,Rs./Quintal,Local
Sunguvarchatram(Uzhavar Sandhai ),0.45,Metric Tonnes,Other,2500.0,2500.0,2500.0,Rs./Quintal,Local
Tamarainagar(Uzhavar Sandhai ),0.65,Metric Tonnes,Deshi,1600.0,2000.0,1800.0,Rs./Quintal,Local
Tenkasi(Uzhavar Sandhai ),0.43,Metric Tonnes,Local,2000.0,2000.0,2000.0,Rs./Quintal,Local
Thalavadi(Uzhavar Sandhai ),0.49,Metric Tonnes,Other,2000.0,2200.0,2100.0,Rs./Quintal,Local
Thalavaipuram(Uzhavar Sandhai ),0.13,Metric Tonnes,Deshi,2000.0,2500.0,2250.0,Rs./Quintal,Local
Thammampatti (Uzhavar Sandhai ),1.3,Metric Tonnes,Deshi,2000.0,2500.0,2250.0,Rs./Quintal,Local
Thanjavur(Uzhavar Sandhai ),1.23,Metric Tonnes,Deshi,2600.0,2600.0,2600.0,Rs./Quintal,Local
Thathakapatti(Uzhavar Sandhai ),4.4,Metric Tonnes,Deshi,2000.0,2600.0,2300.0,Rs./Quintal,Local
Theni(Uzhavar Sandhai ),4.93,Metric Tonnes,Other,2500.0,2800.0,2650.0,Rs./Quintal,Local
Thirukalukundram(Uzhavar Sandhai ),0.14,Metric Tonnes,Deshi,2500.0,3000.0,2750.0,Rs./Quintal,Local
Thirumangalam(Uzhavar Sandhai ),1.15,Metric Tonnes,Deshi,2500.0,3000.0,2750.0,Rs./Quintal,Local
Thirupathur APMC,6.06,Metric Tonnes,Deshi,2800.0,2800.0,2800.0,Rs./Quintal,Local
Thiruverumbur(Uzhavar Sandhai ),1.0,Metric Tonnes,Other,3000.0,3000.0,3000.0,Rs./Quintal,Local
Thuraiyur APMC,0.9,Metric Tonnes,Other,3000.0,3500.0,3250.0,Rs./Quintal,Local
Tindivanam APMC,0.82,Metric Tonnes,Deshi,2000.0,2300.0,2150.0,Rs./Quintal,Local
Tiruchengode APMC,0.03,Metric Tonnes,Other,2600.0,3000.0,2800.0,Rs./Quintal,Local
Tirukattupalli(Uzhavar Sandhai ),0.25,Metric Tonnes,Deshi,2600.0,2600.0,2600.0,Rs./Quintal,Local
Tirupatthur(Uzhavar Sandhai ),0.42,Metric Tonnes,Other,3000.0,3500.0,3250.0,Rs./Quintal,Local
Tiruppur (North) (Uzhavar Sandhai ),1.15,Metric Tonnes,Local,2000.0,2200.0,2100.0,Rs./Quintal,Local
Tiruppur (South) (Uzhavar Sandhai ),19.23,Metric Tonnes,Local,2000.0,2200.0,2100.0,Rs./Quintal,Local
Tiruthani(Uzhavar Sandhai ),0.3,Metric Tonnes,Deshi,2500.0,2500.0,2500.0,Rs./Quintal,Local
Tiruvallur(Uzhavar Sandhai ),0.21,Metric Tonnes,Deshi,2500.0,3000.0,2750.0,Rs./Quintal,Local
Tiruvannamalai(Uzhavar Sandhai ),1.15,Metric Tonnes,Deshi,2000.0,2500.0,2250.0,Rs./Quintal,Local
Tiruvarur(Uzhavar Sandhai ),0.15,Metric Tonnes,Deshi,2600.0,2600.0,2600.0,Rs./Quintal,Local
Tuticorin(Uzhavar Sandhai ),1.25,Metric Tonnes,Local,2500.0,3000.0,2750.0,Rs./Quintal,Local
Udhagamandalam(Uzhavar Sandhai ),2.35,Metric Tonnes,Deshi,2500.0,2800.0,2650.0,Rs./Quintal,Local
Udumalpet APMC,0.98,Metric Tonnes,Deshi,2000.0,2800.0,2400.0,Rs./Quintal,Local
Ulundurpettai APMC,0.43,Metric Tonnes,Deshi,2000.0,2000.0,2000.0,Rs./Quintal,Local
Usilampatti(Uzhavar Sandhai ),0.85,Metric Tonnes,Deshi,2800.0,3200.0,3000.0,Rs./Quintal,Local
Vadalur(Uzhavar Sandhai ),0.17,Metric Tonnes,Local,2500.0,2500.0,2500.0,Rs./Quintal,Local
Vadaseri APMC,0.32,Metric Tonnes,Local,2700.0,3000.0,2850.0,Rs./Quintal,Local
Vadavalli(Uzhavar Sandhai ),1.18,Metric Tonnes,Local,2400.0,2800.0,2600.0,Rs./Quintal,Local
Valangaiman APMC,0.05,Metric Tonnes,Deshi,2600.0,2600.0,2600.0,Rs./Quintal,Local
Vandavasi(Uzhavar Sandhai ),0.02,Metric Tonnes,Local,2000.0,2500.0,2250.0,Rs./Quintal,Local
Vaniyampadi(Uzhavar Sandhai ),9.08,Metric Tonnes,Deshi,3000.0,3000.0,3000.0,Rs./Quintal,Local
Vazhapadi(Uzhavar Sandhai),0.72,Metric Tonnes,Deshi,2500.0,2800.0,2650.0,Rs./Quintal,Local
Vedaranyam(Uzhavar Sandhai),0.08,Metric Tonnes,Deshi,3600.0,3600.0,3600.0,Rs./Quintal,Local
Vedasanthur(Uzhavar Sandhai ),0.01,Metric Tonnes,Other,1500.0,2000.0,1750.0,Rs./Quintal,Local
Velayuthampalayam(Uzhavar Sandhai ),0.26,Metric Tonnes,Other,2400.0,3000.0,2700.0,Rs./Quintal,Local
Vellore APMC,3.1,Metric Tonnes,Deshi,2600.0,3000.0,2800.0,Rs./Quintal,Local
Vengamedu(Uzhavar Sandhai ),0.1,Metric Tonnes,Deshi,2500.0,3000.0,2750.0,Rs./Quintal,Local
Villupuram(Uzhavar Sandhai ),0.47,Metric Tonnes,Deshi,2500.0,3000.0,2750.0,Rs./Quintal,Local
Viralimalai(Uzhavar Sandhai ),0.25,Metric Tonnes,Other,2500.0,3000.0,2750.0,Rs./Quintal,Local
Virudhunagar(Uzhavar Sandhai ),0.08,Metric Tonnes,Deshi,2700.0,2800.0,2750.0,Rs./Quintal,Local
Viruthachalam(Uzhavar Sandhai ),0.17,Metric Tonnes,Deshi,2500.0,2500.0,2500.0,Rs./Quintal,Local
Total,250.67,Metric Tonnes,,,,2491.85,Rs./Quintal,
State/UT Name : Telangana
"Alwal,RBZ",4.0,Metric Tonnes,Other,1500.0,1500.0,1500.0,Rs./Quintal,FAQ
Bowenpally APMC,59.2,Metric Tonnes,Deshi,400.0,1200.0,1000.0,Rs./Quintal,FAQ
Bowenpally APMC,271.40000000000003,Metric Tonnes,Other,400.0,1200.0,1000.0,Rs./Quintal,FAQ
Chevella APMC,6.5,Metric Tonnes,Local,1000.0,1000.0,1000.0,Rs./Quintal,Local
"Excise Colony,RBZ ",1.05,Metric Tonnes,Other,2400.0,2400.0,2400.0,Rs./Quintal,Grade A
Gudimalkapur APMC,303.3,Metric Tonnes,Tomato,800.0,1600.0,900.0,Rs./Quintal,Grade B
Ibrahimpatnam APMC,4.0,Metric Tonnes,Local,800.0,800.0,800.0,Rs./Quintal,Local
Kalwakurthy APMC,6.3,Metric Tonnes,Tomato,600.0,600.0,600.0,Rs./Quintal,Local
"Kukatpally,RBZ",17.1,Metric Tonnes,Deshi,1500.0,1500.0,1500.0,Rs./Quintal,Local
L B Nagar APMC,78.2,Metric Tonnes,Tomato,600.0,1200.0,800.0,Rs./Quintal,Medium
Mahboob Manison APMC,28.700000000000003,Metric Tonnes,Tomato,600.0,800.0,700.0,Rs./Quintal,Medium
Miryalguda(Rythu Bazar) ,1.5,Metric Tonnes,Deshi,2500.0,2500.0,2500.0,Rs./Quintal,Grade A
"Pavilion Ground,Khammam,RBZ",0.63,Metric Tonnes,Deshi,3000.0,3000.0,3000.0,Rs./Quintal,FAQ
RYTHU BAZAR ERRAGADDA,16.7,Metric Tonnes,Deshi,1500.0,1500.0,1500.0,Rs./Quintal,Grade A
RYTHU BAZAR FALAKNUMA,7.2,Metric Tonnes,Tomato,1500.0,1500.0,1500.0,Rs./Quintal,Local
RYTHU BAZAR MEHDIPATNAM,10.0,Metric Tonnes,Deshi,1500.0,1500.0,1500.0,Rs./Quintal,Grade A
Sangareddy APMC,4.3,Metric Tonnes,Other,1000.0,1000.0,1000.0,Rs./Quintal,Grade B
"Saroornagar,RBZ",8.200000000000001,Metric Tonnes,Other,1500.0,1500.0,1500.0,Rs./Quintal,Medium
"Sattupalli (Ramalayam),RBZ",0.301,Metric Tonnes,Deshi,2000.0,3000.0,2600.0,Rs./Quintal,FAQ
Shadnagar APMC,4.5,Metric Tonnes,Local,800.0,1200.0,1000.0,Rs./Quintal,Local
Siddipet(Rythu Bazar) ,11.0,Metric Tonnes,Local,1400.0,2200.0,1800.0,Rs./Quintal,Grade A
"Vanasthalipuram,RBZ ",8.9,Metric Tonnes,Other,1500.0,1500.0,1500.0,Rs./Quintal,Grade A
Venkateswarnagar APMC,3.9000000000000004,Metric Tonnes,Local,600.0,1000.0,800.0,Rs./Quintal,Local
Warangal APMC,19.0,Metric Tonnes,Tomato,1000.0,1200.0,1100.0,Rs./Quintal,FAQ
Total,875.88,Metric Tonnes,,,,992.61,Rs./Quintal,
State/UT Name : Tripura
Biokhora,0.30000000000000004,Metric Tonnes,Hybrid,4200.0,4300.0,4250.0,Rs./Quintal,FAQ
Bishalgarh APMC,0.4,Metric Tonnes,Hybrid,5000.0,6000.0,5500.0,Rs./Quintal,Medium
Bishramganj,0.2,Metric Tonnes,Hybrid,5000.0,6000.0,5500.0,Rs./Quintal,Medium
Boxonagar,0.06999999999999999,Metric Tonnes,Hybrid,4000.0,4500.0,4200.0,Rs./Quintal,Medium
Garjee APMC,0.8,Metric Tonnes,Hybrid,4000.0,4500.0,4400.0,Rs./Quintal,FAQ
Gondatwisa APMC,0.1,Metric Tonnes,Hybrid,5500.0,6000.0,5800.0,Rs./Quintal,FAQ
Halahali,3.1,Metric Tonnes,Deshi,4200.0,4400.0,4300.0,Rs./Quintal,FAQ
Kanchanpur,0.6000000000000001,Metric Tonnes,Hybrid,4300.0,4700.0,4500.0,Rs./Quintal,FAQ
Machmara,0.4,Metric Tonnes,Local,1800.0,2000.0,1900.0,Rs./Quintal,FAQ
Manubazar,0.4,Metric Tonnes,Hybrid,4800.0,5000.0,4900.0,Rs./Quintal,Grade A
Pabiacherra APMC,0.5,Metric Tonnes,Other,3600.0,3800.0,3700.0,Rs./Quintal,FAQ
Sonamura APMC,0.010000000000000002,Metric Tonnes,Hybrid,4000.0,4500.0,4200.0,Rs./Quintal,Medium
Total,6.88,Metric Tonnes,,,,4303.92,Rs./Quintal,
State/UT Name : Uttar Pradesh
Agra APMC,10.3,Metric Tonnes,Other,1500.0,1500.0,1500.0,Rs./Quintal,FAQ
Amroha APMC,183.2,Metric Tonnes,Other,1500.0,1500.0,1500.0,Rs./Quintal,FAQ
Atarra APMC,54.5,Metric Tonnes,Other,800.0,800.0,800.0,Rs./Quintal,FAQ
Azamgarh APMC,318.0,Metric Tonnes,Other,700.0,700.0,700.0,Rs./Quintal,FAQ
Balrampur APMC,561.0,Metric Tonnes,Other,1000.0,1000.0,1000.0,Rs./Quintal,FAQ
Baraut APMC,9.0,Metric Tonnes,Other,2000.0,2000.0,2000.0,Rs./Quintal,FAQ
Buland Shahr APMC,1.2,Metric Tonnes,Other,2000.0,2000.0,2000.0,Rs./Quintal,FAQ
Dudhi APMC,3.3000000000000003,Metric Tonnes,Other,2400.0,2600.0,2500.0,Rs./Quintal,Medium
Etah APMC,3.0,Metric Tonnes,Other,2000.0,2000.0,2000.0,Rs./Quintal,FAQ
Fatehpur APMC,1.8,Metric Tonnes,Other,2500.0,2500.0,2500.0,Rs./Quintal,FAQ
Hardoi APMC,25.0,Metric Tonnes,Other,1500.0,1500.0,1500.0,Rs./Quintal,FAQ
Jalalabad APMC,1.5,Metric Tonnes,Other,2000.0,2000.0,2000.0,Rs./Quintal,FAQ
Jangipura APMC,25.0,Metric Tonnes,Other,1600.0,1600.0,1600.0,Rs./Quintal,FAQ
Jaunpur APMC,46.0,Metric Tonnes,Other,1300.0,1900.0,1691.3,Rs./Quintal,FAQ
Jhansi APMC,10.5,Metric Tonnes,Other,1500.0,1600.0,1523.81,Rs./Quintal,FAQ
Kanpur(Grain) APMC,110.0,Metric Tonnes,Other,2100.0,2100.0,2100.0,Rs./Quintal,FAQ
Khairagarh APMC,1.0,Metric Tonnes,Tomato,4000.0,4100.0,4050.0,Rs./Quintal,FAQ
Konch APMC,21.0,Metric Tonnes,Other,1800.0,1800.0,1800.0,Rs./Quintal,FAQ
Kosikalan APMC,1.5,Metric Tonnes,Other,2500.0,2500.0,2500.0,Rs./Quintal,FAQ
Lakhimpur APMC,34.05,Metric Tonnes,Other,1250.0,1250.0,1250.0,Rs./Quintal,FAQ
Mawana APMC,2.5,Metric Tonnes,Other,2600.0,2600.0,2600.0,Rs./Quintal,FAQ
Meerut APMC,7.0,Metric Tonnes,Other,3000.0,4000.0,3142.86,Rs./Quintal,FAQ
Muradabad APMC,22.2,Metric Tonnes,Other,2000.0,2000.0,2000.0,Rs./Quintal,FAQ
Orai APMC,36.0,Metric Tonnes,Other,1500.0,1500.0,1500.0,Rs./Quintal,FAQ
Prayagraj APMC,33.3,Metric Tonnes,Other,2000.0,2000.0,2000.0,Rs./Quintal,FAQ
Pukharayan APMC,20.0,Metric Tonnes,Other,1200.0,1200.0,1200.0,Rs./Quintal,FAQ
Rudauli APMC,12.0,Metric Tonnes,Other,1600.0,1600.0,1600.0,Rs./Quintal,FAQ
Safdarganj APMC,2.8,Metric Tonnes,Other,1000.0,1000.0,1000.0,Rs./Quintal,FAQ
Saharanpur APMC,4.0,Metric Tonnes,Other,1600.0,1600.0,1600.0,Rs./Quintal,FAQ
Shamli APMC,1.5,Metric Tonnes,Other,2600.0,3000.0,2866.67,Rs./Quintal,FAQ
Varanasi APMC,7.5,Metric Tonnes,Other,1500.0,1500.0,1500.0,Rs./Quintal,FAQ
Total,1569.65,Metric Tonnes,,,,1217.8,Rs./Quintal,
State/UT Name : Uttarakhand
Haldwani APMC,7.4,Metric Tonnes,Other,1200.0,1700.0,1500.0,Rs./Quintal,FAQ
Haridwar Union APMC,12.0,Metric Tonnes,Hybrid,1500.0,2200.0,1800.0,Rs./Quintal,FAQ
Jaspur(UC) APMC,0.8,Metric Tonnes,Tomato,2600.0,2800.0,2700.0,Rs./Quintal,FAQ
Kashipur APMC,1.6,Metric Tonnes,Other,2000.0,2000.0,2000.0,Rs./Quintal,Local
Khateema APMC,0.4,Metric Tonnes,Other,1800.0,2000.0,1900.0,Rs./Quintal,Grade B
Kicchha APMC,1.5,Metric Tonnes,Hybrid,1700.0,1900.0,1800.0,Rs./Quintal,Non-FAQ
Kotadwara APMC,0.8,Metric Tonnes,Tomato,1400.0,1400.0,1400.0,Rs./Quintal,FAQ
Rishikesh APMC,5.4,Metric Tonnes,Other,1550.0,2200.0,1800.0,Rs./Quintal,Medium
Roorkee APMC,1.1,Metric Tonnes,Other,1200.0,2200.0,1600.0,Rs./Quintal,Medium
Rudrapur APMC,8.0,Metric Tonnes,Other,2000.0,3500.0,3000.0,Rs./Quintal,Medium
Sitarganj APMC,1.2000000000000002,Metric Tonnes,Deshi,2000.0,3000.0,2500.0,Rs./Quintal,Grade B
Vikasnagar APMC,35.0,Metric Tonnes,Other,1000.0,1500.0,1500.0,Rs./Quintal,Medium
Total,75.2,Metric Tonnes,,,,1776.86,Rs./Quintal,
State/UT Name : West Bengal
Alipurduar APMC,4.0,Metric Tonnes,Tomato,3000.0,3500.0,3200.0,Rs./Quintal,FAQ
Asansol APMC,5.0,Metric Tonnes,Hybrid,2400.0,2600.0,2550.0,Rs./Quintal,FAQ
Balarampur APMC,3.6,Metric Tonnes,Other,2500.0,3000.0,2800.0,Rs./Quintal,FAQ
Balurghat APMC,0.5,Metric Tonnes,Other,2600.0,3000.0,2800.0,Rs./Quintal,FAQ
Barasat APMC,9.0,Metric Tonnes,Other,3600.0,3600.0,3600.0,Rs./Quintal,FAQ
Baruipur(Canning) APMC,0.55,Metric Tonnes,Tomato,3000.0,3200.0,3100.0,Rs./Quintal,FAQ
Burdwan APMC,5.0,Metric Tonnes,Tomato,2400.0,2600.0,2500.0,Rs./Quintal,FAQ
Chakdah APMC,3.3,Metric Tonnes,Other,3600.0,3700.0,3600.0,Rs./Quintal,FAQ
Champadanga APMC,2.6,Metric Tonnes,Hybrid,3400.0,3600.0,3400.0,Rs./Quintal,FAQ
Coochbehar APMC,1.2000000000000002,Metric Tonnes,Tomato,2500.0,3000.0,2800.0,Rs./Quintal,FAQ
Darjeeling APMC,0.35,Metric Tonnes,Other,3800.0,4000.0,3900.0,Rs./Quintal,FAQ
Diamond Harbour(South 24-pgs) APMC,1.1199999999999999,Metric Tonnes,Tomato,2900.0,3200.0,3100.0,Rs./Quintal,FAQ
Durgapur APMC,4.8,Metric Tonnes,Hybrid,2650.0,2750.0,2700.0,Rs./Quintal,FAQ
Falakata APMC,5.0,Metric Tonnes,Other,3000.0,3800.0,3500.0,Rs./Quintal,FAQ
Gangarampur(Dakshin Dinajpur) APMC,0.6,Metric Tonnes,Other,2800.0,3100.0,3000.0,Rs./Quintal,FAQ
Garbeta(Medinipur) APMC,0.18000000000000002,Metric Tonnes,Tomato,3000.0,3400.0,3200.0,Rs./Quintal,FAQ
Ghatal APMC,2.0,Metric Tonnes,Hybrid,3400.0,3600.0,3500.0,Rs./Quintal,FAQ
Habra APMC,4.0,Metric Tonnes,Other,3200.0,3200.0,3200.0,Rs./Quintal,FAQ
Kalipur APMC,3.0,Metric Tonnes,Hybrid,3200.0,3600.0,3400.0,Rs./Quintal,FAQ
Kalna APMC,1.5,Metric Tonnes,Tomato,2000.0,2200.0,2100.0,Rs./Quintal,FAQ
Karsiyang(Matigara) APMC,0.4,Metric Tonnes,Other,3800.0,4000.0,3900.0,Rs./Quintal,FAQ
Kasipur APMC,1.5,Metric Tonnes,Other,2800.0,3000.0,2900.0,Rs./Quintal,FAQ
Khatra APMC,0.22999999999999998,Metric Tonnes,Tomato,2800.0,3400.0,3000.0,Rs./Quintal,FAQ
Medinipur(West) APMC,1.4,Metric Tonnes,Tomato,3300.0,3500.0,3400.0,Rs./Quintal,FAQ
Memari APMC,5.0,Metric Tonnes,Tomato,2800.0,3200.0,3000.0,Rs./Quintal,FAQ
Pandua APMC,0.62,Metric Tonnes,Hybrid,2750.0,3150.0,2950.0,Rs./Quintal,FAQ
Pundibari APMC,0.7000000000000001,Metric Tonnes,Tomato,2500.0,3000.0,2800.0,Rs./Quintal,FAQ
Purulia APMC,3.5,Metric Tonnes,Other,2600.0,3000.0,2800.0,Rs./Quintal,FAQ
Ramkrishanpur(Howrah) APMC,0.16,Metric Tonnes,Tomato,2200.0,3000.0,2500.0,Rs./Quintal,FAQ
Ranaghat APMC,3.1,Metric Tonnes,Other,3700.0,3800.0,3750.0,Rs./Quintal,FAQ
Sealdah Koley Market APMC,12.200000000000001,Metric Tonnes,Other,2800.0,3200.0,3000.0,Rs./Quintal,FAQ
Sheoraphuly APMC,23.0,Metric Tonnes,Hybrid,3175.0,3275.0,3250.0,Rs./Quintal,FAQ
Siliguri APMC,18.0,Metric Tonnes,Tomato,3000.0,3200.0,3100.0,Rs./Quintal,FAQ
Uluberia APMC,0.12,Metric Tonnes,Other,2200.0,3000.0,2500.0,Rs./Quintal,FAQ
Total,127.23,Metric Tonnes,,,,3127.89,Rs./Quintal,
Grand Total,13967.02,Metric Tonnes,,,,1841.85,Rs./Quintal,

Note:
Weighted Average Price = ∑(arrival quantity * modal price) / ∑arrival quantity
