"Commodity-wise, Market-wise Daily Report (Weighted Average) on: 01-Sep-2026"

Market Center,Arrivals,Unit of Arrivals,Variety,Minimum Price,Maximum Price,Modal Price,Unit of Price,Grade
Commodity Group Name : Cereals
Maize (MSP: Rs. 2410.00/Quintal)
State/UT Name : Andhra Pradesh
Addanki APMC,0.1,Metric Tonnes,Local,2400.0,2430.0,2420.0,Rs./Quintal,FAQ
Allagadda APMC,1.0,Metric Tonnes,Local,2000.0,2200.0,2100.0,Rs./Quintal,FAQ
Banaganapalli APMC,0.1,Metric Tonnes,Local,2000.0,2400.0,2200.0,Rs./Quintal,FAQ
Bapatla APMC,0.1,Metric Tonnes,Local,2200.0,2400.0,2300.0,Rs./Quintal,Local
Bobbili APMC,1.0,Metric Tonnes,Local,4800.0,4800.0,4800.0,Rs./Quintal,FAQ
Chipurupalli APMC,0.05,Metric Tonnes,Local,4800.0,4800.0,4800.0,Rs./Quintal,FAQ
Durgi APMC,1.0,Metric Tonnes,Hybrid/Local,1800.0,2500.0,2100.0,Rs./Quintal,FAQ
Etcherla APMC,0.2,Metric Tonnes,Deshi White,2400.0,2400.0,2400.0,Rs./Quintal,Local
Gajapathinagaram APMC,0.1,Metric Tonnes,Local,2400.0,2400.0,2400.0,Rs./Quintal,Local
Gopalapuram APMC,1.0,Metric Tonnes,Local,2415.0,2415.0,2415.0,Rs./Quintal,Local
Gorantla  APMC,0.4,Metric Tonnes,Hybrid/Local,2000.0,2300.0,2100.0,Rs./Quintal,FAQ
Hiramandalam APMC,0.1,Metric Tonnes,Medium,2200.0,2200.0,2200.0,Rs./Quintal,Local
Jaggayyapeta APMC,0.1,Metric Tonnes,Local,2410.0,2410.0,2410.0,Rs./Quintal,Grade Range-1
Kanchekacherla APMC,0.1,Metric Tonnes,Hybrid,2400.0,2400.0,2400.0,Rs./Quintal,FAQ
Kuchinapudi APMC,1.0,Metric Tonnes,Local,2800.0,3000.0,2900.0,Rs./Quintal,Local
Kurupam APMC,0.07,Metric Tonnes,Local,2400.0,2400.0,2400.0,Rs./Quintal,Local
Mangalagiri APMC,0.1,Metric Tonnes,Fine,2480.0,2480.0,2480.0,Rs./Quintal,FAQ
Merakamudidam APMC,0.1,Metric Tonnes,Local,1800.0,2000.0,1950.0,Rs./Quintal,Local
Mylavaram APMC,0.1,Metric Tonnes,Hybrid,2450.0,2450.0,2450.0,Rs./Quintal,Local
Nandigama APMC,0.1,Metric Tonnes,Hybrid,2320.0,2320.0,2320.0,Rs./Quintal,Grade Range-1
Nandikotkur APMC,0.1,Metric Tonnes,Hybrid,2200.0,2400.0,2300.0,Rs./Quintal,FAQ
Nandyal APMC,0.1,Metric Tonnes,Other,2430.0,2430.0,2430.0,Rs./Quintal,Local
Nidadavolu APMC,1.0,Metric Tonnes,Local,2410.0,2410.0,2410.0,Rs./Quintal,Local
Nuzvid APMC,30.0,Metric Tonnes,Local,2500.0,2500.0,2500.0,Rs./Quintal,FAQ
Palakonda APMC,0.1,Metric Tonnes,Medium,1800.0,1800.0,1800.0,Rs./Quintal,FAQ
Parchur APMC,1.0,Metric Tonnes,Local,2200.0,2400.0,2300.0,Rs./Quintal,FAQ
Parvathipuram APMC,0.04,Metric Tonnes,Local,2400.0,2400.0,2400.0,Rs./Quintal,Local
Penamaluru (HQ-Kankipadu) APMC,0.1,Metric Tonnes,Hybrid/Local,2550.0,2550.0,2550.0,Rs./Quintal,Local
Penukonda APMC,0.1,Metric Tonnes,Hybrid/Local,2450.0,2550.0,2500.0,Rs./Quintal,FAQ
Polavaram APMC,1.0,Metric Tonnes,Local,2420.0,2420.0,2420.0,Rs./Quintal,Local
Ponduru APMC,0.1,Metric Tonnes,Local,2400.0,2400.0,2400.0,Rs./Quintal,FAQ
Pusapatirega APMC,1.0,Metric Tonnes,Local,4800.0,4800.0,4800.0,Rs./Quintal,FAQ
Puttaparthi  APMC,1.0,Metric Tonnes,Local,2400.0,2500.0,2450.0,Rs./Quintal,FAQ
RAYADURG APMC,0.1,Metric Tonnes,Local,2000.0,2500.0,2200.0,Rs./Quintal,Grade Range-1
Rajam APMC,0.05,Metric Tonnes,Local,4800.0,4800.0,4800.0,Rs./Quintal,FAQ
Rajanagaram APMC,1.0,Metric Tonnes,Fine,2405.0,2405.0,2405.0,Rs./Quintal,Local
Rompicherla APMC,0.1,Metric Tonnes,Hybrid/Local,2300.0,2500.0,2500.0,Rs./Quintal,FAQ
Saluru APMC,0.1,Metric Tonnes,Hybrid/Local,2600.0,2600.0,2600.0,Rs./Quintal,FAQ
Santhamaguluru APMC,0.1,Metric Tonnes,Hybrid,2400.0,2480.0,2450.0,Rs./Quintal,FAQ
Simhadhripuram APMC,0.1,Metric Tonnes,Hybrid/Local,2200.0,2400.0,2300.0,Rs./Quintal,FAQ
Tiruvuru APMC,60.0,Metric Tonnes,Hybrid,2400.0,2400.0,2400.0,Rs./Quintal,Local
Vijayanagaram APMC,1.0,Metric Tonnes,Local,2400.0,2400.0,2400.0,Rs./Quintal,Local
Total,105.01,Metric Tonnes,,,,2473.29,Rs./Quintal,
State/UT Name : Chattisgarh
Bhanupratappur APMC,4.4,Metric Tonnes,Hybrid,2200.0,2200.0,2200.0,Rs./Quintal,Non-FAQ
Gamhari APMC,15.6,Metric Tonnes,Hybrid/Local,2000.0,2050.0,2000.0,Rs./Quintal,Non-FAQ
Gharghoda APMC,41.6,Metric Tonnes,Local,1750.0,1750.0,1750.0,Rs./Quintal,Non-FAQ
Jagdalpur APMC,33.0,Metric Tonnes,Local,2300.0,2300.0,2300.0,Rs./Quintal,FAQ
Keshkal APMC,14.4,Metric Tonnes,Hybrid/Local,2000.0,2050.0,2000.0,Rs./Quintal,Non-FAQ
Korar APMC,5.6,Metric Tonnes,Hybrid,2200.0,2200.0,2200.0,Rs./Quintal,Non-FAQ
Pakhanjur APMC,297.8,Metric Tonnes,Local,1800.0,2000.0,1900.0,Rs./Quintal,Non-FAQ
Raipur APMC,1.8,Metric Tonnes,Deshi Red,2061.0,2061.0,2061.0,Rs./Quintal,Non-FAQ
Sambalpur APMC,10.5,Metric Tonnes,Hybrid,2200.0,2200.0,2200.0,Rs./Quintal,Non-FAQ
Total,424.7,Metric Tonnes,,,,1938.62,Rs./Quintal,
State/UT Name : Gujarat
Dahod APMC,81.30000000000001,Metric Tonnes,White (SAFED),2375.0,2550.0,2435.0,Rs./Quintal,Local
Gogamba APMC,1.5,Metric Tonnes,Yellow,2400.0,2400.0,2400.0,Rs./Quintal,Local
Modasa APMC,4.0,Metric Tonnes,Hybrid Red (Cattle Feed),2300.0,2450.0,2450.0,Rs./Quintal,Non-FAQ
Modasa(Tintoi) APMC,2.0,Metric Tonnes,Hybrid Red (Cattle Feed),2200.0,2350.0,2350.0,Rs./Quintal,Non-FAQ
Morva Hafad APMC,0.8,Metric Tonnes,Deshi White,2250.0,2400.0,2325.0,Rs./Quintal,Local
The Agricultural Produce Market Committee-Amreli,0.1,Metric Tonnes,Other,2000.0,3000.0,3000.0,Rs./Quintal,FAQ
Zalod(Sanjeli) APMC,0.75,Metric Tonnes,Other,2600.0,2600.0,2600.0,Rs./Quintal,Grade Range-2
Total,90.45,Metric Tonnes,,,,2434.22,Rs./Quintal,
State/UT Name : Haryana
Naraingarh APMC,7.5,Metric Tonnes,Hybrid/Local,2100.0,2100.0,2100.0,Rs./Quintal,Local
Total,7.5,Metric Tonnes,,,,2100.0,Rs./Quintal,
State/UT Name : Karnataka
Annigeri APMC,168.4,Metric Tonnes,Local,2536.0,2536.0,2536.0,Rs./Quintal,FAQ
Bagalkot APMC,8.6,Metric Tonnes,Hybrid/Local,2529.0,2579.0,2573.0,Rs./Quintal,Local
Ballari APMC,0.2,Metric Tonnes,Local,2409.0,2409.0,2409.0,Rs./Quintal,Non-FAQ
Bengaluru APMC,43.0,Metric Tonnes,Hybrid/Local,2900.0,3000.0,2950.0,Rs./Quintal,FAQ
Byadagi APMC,90.0,Metric Tonnes,Hybrid/Local,1680.0,1750.0,1700.0,Rs./Quintal,FAQ
Challakere APMC,57.5,Metric Tonnes,Yellow,2310.0,2779.0,2667.0,Rs./Quintal,Local
Chickkaballapura APMC,6.0,Metric Tonnes,Sweet Corn (For Biscuits),700.0,800.0,750.0,Rs./Quintal,Local
Davangere APMC,59.800000000000004,Metric Tonnes,Local,2250.0,2250.0,2250.0,Rs./Quintal,Local
Gadag APMC,2.5,Metric Tonnes,Local,2530.0,2530.0,2530.0,Rs./Quintal,FAQ
Gangavathi APMC,78.10000000000001,Metric Tonnes,Local,2495.0,2570.0,2540.0,Rs./Quintal,Non-FAQ
H.B. Halli APMC,33.0,Metric Tonnes,Hybrid/Local,2200.0,2200.0,2200.0,Rs./Quintal,FAQ
Hanagal APMC,73.10000000000001,Metric Tonnes,Local,2300.0,2600.0,2600.0,Rs./Quintal,FAQ
HarappanaHalli APMC,28.700000000000003,Metric Tonnes,Hybrid/Local,2650.0,2650.0,2650.0,Rs./Quintal,FAQ
Harihara APMC,267.8,Metric Tonnes,Hybrid/Local,2400.0,2400.0,2400.0,Rs./Quintal,Non-FAQ
Haveri APMC,36.6,Metric Tonnes,Local,2570.0,2570.0,2570.0,Rs./Quintal,FAQ
Hirekerur APMC,66.4,Metric Tonnes,Local,2300.0,2650.0,2637.0,Rs./Quintal,Local
Honnali APMC,10.0,Metric Tonnes,Local,2000.0,2000.0,2000.0,Rs./Quintal,FAQ
Hospet APMC,8.5,Metric Tonnes,Hybrid/Local,2250.0,3250.0,2350.0,Rs./Quintal,Local
K.R.Nagar APMC,20.900000000000002,Metric Tonnes,Local,2200.0,2200.0,2200.0,Rs./Quintal,FAQ
Kalaghatagi APMC,39.800000000000004,Metric Tonnes,Local,2500.0,2600.0,2542.0,Rs./Quintal,Local
Koppal APMC,26.1,Metric Tonnes,Yellow,2400.0,2550.0,2475.0,Rs./Quintal,Non-FAQ
Kottur APMC,82.60000000000001,Metric Tonnes,Hybrid/Local,1800.0,1940.0,1859.0,Rs./Quintal,Local
Kudchi APMC,9.0,Metric Tonnes,Hybrid/Local,2600.0,2700.0,2650.0,Rs./Quintal,Local
Mundaragi APMC,0.1,Metric Tonnes,Yellow,2225.0,2225.0,2225.0,Rs./Quintal,Non-FAQ
Mysuru APMC,21.200000000000003,Metric Tonnes,Local,1820.0,2700.0,2700.0,Rs./Quintal,Local
Nargunda APMC,147.0,Metric Tonnes,Local,2261.0,2261.0,2261.0,Rs./Quintal,FAQ
Ranebennur APMC,588.4,Metric Tonnes,Local,2290.0,2728.0,2500.0,Rs./Quintal,FAQ
Rona APMC,3.9000000000000004,Metric Tonnes,Hybrid/Local,2511.0,2540.0,2530.0,Rs./Quintal,Non-FAQ
Shikaripura APMC,377.8,Metric Tonnes,Local,2500.0,2725.0,2608.0,Rs./Quintal,FAQ
Tumakuru APMC,15.0,Metric Tonnes,Local,2300.0,2800.0,2500.0,Rs./Quintal,Local
Vijayapura APMC,2.3000000000000003,Metric Tonnes,Hybrid/Local,2484.0,2484.0,2484.0,Rs./Quintal,Local
Total,2372.3,Metric Tonnes,,,,2447.23,Rs./Quintal,
State/UT Name : Madhya Pradesh
Amarwda APMC,115.98,Metric Tonnes,Local,2150.0,2400.0,2400.0,Rs./Quintal,FAQ
Anjad APMC,11.11,Metric Tonnes,Local,1600.0,2331.0,1600.0,Rs./Quintal,FAQ
Anjad APMC,36.62,Metric Tonnes,Yellow,1622.0,1667.0,1667.0,Rs./Quintal,FAQ
Aron APMC,10.805,Metric Tonnes,Local,2300.0,2300.0,2300.0,Rs./Quintal,FAQ
Ashoknagar APMC,0.17700000000000002,Metric Tonnes,Local,2075.0,2075.0,2075.0,Rs./Quintal,FAQ
Ashta APMC,2.383,Metric Tonnes,Local,2300.0,2300.0,2300.0,Rs./Quintal,FAQ
Badwaha APMC,21.993000000000002,Metric Tonnes,Local,1375.0,2275.0,2275.0,Rs./Quintal,FAQ
Banapura APMC,0.63,Metric Tonnes,Yellow,1807.0,1807.0,1807.0,Rs./Quintal,FAQ
Barghat APMC,16.0,Metric Tonnes,Local,2250.0,2260.0,2260.0,Rs./Quintal,FAQ
Betul APMC,38.080000000000005,Metric Tonnes,Deshi Red,2251.0,2451.0,2399.0,Rs./Quintal,FAQ
Bhikangaon APMC,16.1,Metric Tonnes,Local,2375.0,2390.0,2390.0,Rs./Quintal,FAQ
Burhanpur APMC,0.514,Metric Tonnes,Local,2347.0,2347.0,2347.0,Rs./Quintal,Non-FAQ
Burhanpur APMC,22.5,Metric Tonnes,Local,1700.0,2000.0,2000.0,Rs./Quintal,FAQ
Chaurai APMC,50.400000000000006,Metric Tonnes,Local,2486.0,2510.0,2510.0,Rs./Quintal,Non-FAQ
Chaurai APMC,1.8,Metric Tonnes,Yellow,2400.0,2675.0,2675.0,Rs./Quintal,FAQ
Chhindwara APMC,302.028,Metric Tonnes,Local,2400.0,2575.0,2400.0,Rs./Quintal,FAQ
Daloda APMC,0.191,Metric Tonnes,Local,2321.0,2440.0,2440.0,Rs./Quintal,FAQ
Dewas APMC,0.34700000000000003,Metric Tonnes,Local,2489.0,2489.0,2489.0,Rs./Quintal,FAQ
Dhamnod APMC,1136.889,Metric Tonnes,Local,1645.0,2561.0,1695.0,Rs./Quintal,FAQ
Dhar APMC,0.5980000000000001,Metric Tonnes,Local,1875.0,1875.0,1875.0,Rs./Quintal,FAQ
Guna APMC,1.87,Metric Tonnes,Local,1811.0,2305.0,2305.0,Rs./Quintal,FAQ
Harda APMC,31.115,Metric Tonnes,Yellow,2431.0,2533.0,2519.0,Rs./Quintal,FAQ
Harsood APMC,0.10400000000000001,Metric Tonnes,Yellow,1700.0,2026.0,2026.0,Rs./Quintal,FAQ
Indore APMC,0.132,Metric Tonnes,Local,2272.0,2272.0,2272.0,Rs./Quintal,FAQ
Itarsi APMC,12.485,Metric Tonnes,Local,2435.0,2440.0,2440.0,Rs./Quintal,FAQ
Jabalpur APMC,1.319,Metric Tonnes,Local,2125.0,2535.0,2525.0,Rs./Quintal,FAQ
Kannod APMC,0.661,Metric Tonnes,Local,2211.0,2221.0,2221.0,Rs./Quintal,FAQ
Karhi APMC,48.615,Metric Tonnes,Local,1500.0,2400.0,1610.0,Rs./Quintal,FAQ
Kasrawad APMC,39.0,Metric Tonnes,Local,1450.0,1600.0,1600.0,Rs./Quintal,FAQ
Khandwa APMC,5.59,Metric Tonnes,Local,1902.0,2287.0,2287.0,Rs./Quintal,FAQ
Khargone APMC,949.374,Metric Tonnes,Local,1550.0,2401.0,1685.0,Rs./Quintal,FAQ
Khategaon APMC,2.225,Metric Tonnes,Local,2175.0,2371.0,2371.0,Rs./Quintal,FAQ
Khetia APMC,1.8350000000000002,Metric Tonnes,Local,1720.0,1720.0,1720.0,Rs./Quintal,FAQ
Khirkiya APMC,6.083,Metric Tonnes,Local,1832.0,2211.0,2211.0,Rs./Quintal,Non-FAQ
Kukshi APMC,16.14,Metric Tonnes,Local,1800.0,1810.0,1810.0,Rs./Quintal,FAQ
Kumbhraj APMC,0.15900000000000003,Metric Tonnes,Local,2125.0,2125.0,2125.0,Rs./Quintal,FAQ
Loharda APMC,17.01,Metric Tonnes,Local,1450.0,1520.0,1520.0,Rs./Quintal,FAQ
Manasa APMC,1.494,Metric Tonnes,Local,1500.0,2100.0,2100.0,Rs./Quintal,FAQ
Manawar APMC,25.586000000000002,Metric Tonnes,Local,1700.0,2450.0,2275.0,Rs./Quintal,FAQ
Mandsaur APMC,5.025,Metric Tonnes,Local,2251.0,2368.0,2368.0,Rs./Quintal,Non-FAQ
Neemuch APMC,27.343000000000004,Metric Tonnes,Local,1591.0,2541.0,2541.0,Rs./Quintal,FAQ
Palari APMC,46.88,Metric Tonnes,Local,2200.0,2505.0,2505.0,Rs./Quintal,Non-FAQ
Pandhurna APMC,5.04,Metric Tonnes,Local,1900.0,1950.0,1950.0,Rs./Quintal,Non-FAQ
Rajgarh APMC,0.06,Metric Tonnes,Local,2233.0,2233.0,2233.0,Rs./Quintal,FAQ
Ratlam APMC,0.513,Metric Tonnes,Local,2711.0,2711.0,2711.0,Rs./Quintal,FAQ
Sagar APMC,1.034,Metric Tonnes,Local,1990.0,1990.0,1990.0,Rs./Quintal,FAQ
Sanawad APMC,68.087,Metric Tonnes,Local,1315.0,2339.0,1850.0,Rs./Quintal,FAQ
Sanwer APMC,90.0,Metric Tonnes,Local,1855.0,1855.0,1855.0,Rs./Quintal,Non-FAQ
Saunsar APMC,1195.103,Metric Tonnes,Yellow,2250.0,2251.7,2250.0,Rs./Quintal,FAQ
Segaon APMC,7.190000000000001,Metric Tonnes,Local,2200.0,2200.0,2200.0,Rs./Quintal,FAQ
Sehore APMC,1.8850000000000002,Metric Tonnes,Local,1530.0,2451.0,2451.0,Rs./Quintal,FAQ
Shamgarh APMC,4.363,Metric Tonnes,Local,2225.0,2865.0,2865.0,Rs./Quintal,Non-FAQ
Sheopurkalan APMC,50.730000000000004,Metric Tonnes,Local,2150.0,2250.0,2250.0,Rs./Quintal,FAQ
Sitamau APMC,0.071,Metric Tonnes,Local,2376.0,2376.0,2376.0,Rs./Quintal,FAQ
Tarana APMC,722.363,Metric Tonnes,Local,2365.89,2365.89,2365.89,Rs./Quintal,FAQ
Total,5171.63,Metric Tonnes,,,,2029.83,Rs./Quintal,
State/UT Name : Maharashtra
APMC Amalner ,4.0,Metric Tonnes,Deshi Red,2300.0,2395.0,2395.0,Rs./Quintal,Non-FAQ
APMC Amarawati ,0.1,Metric Tonnes,Deshi Red,1700.0,1800.0,1750.0,Rs./Quintal,Non-FAQ
APMC Barshi ,2.0,Metric Tonnes,Other,2300.0,2300.0,2300.0,Rs./Quintal,Non-FAQ
APMC Chopda ,4.5,Metric Tonnes,Yellow,1550.0,2260.0,1550.0,Rs./Quintal,Non-FAQ
APMC Devala ,0.2,Metric Tonnes,Yellow,2450.0,2475.0,2460.0,Rs./Quintal,FAQ
APMC Dhule ,2.9,Metric Tonnes,Yellow,2300.0,2399.0,2350.0,Rs./Quintal,Non-FAQ
APMC Dondaicha ,0.1,Metric Tonnes,Yellow,1701.0,1701.0,1701.0,Rs./Quintal,Non-FAQ
APMC Jalana ,12.6,Metric Tonnes,Deshi Red,2500.0,2700.0,2500.0,Rs./Quintal,FAQ
APMC Jalana ,0.3,Metric Tonnes,Deshi Red,2200.0,2200.0,2200.0,Rs./Quintal,Non-FAQ
APMC Karjat ,0.7,Metric Tonnes,Other,1600.0,2200.0,2000.0,Rs./Quintal,Non-FAQ
APMC Karmala ,0.5,Metric Tonnes,Other,2375.0,2375.0,2375.0,Rs./Quintal,Non-FAQ
APMC Khamgaon ,1.9,Metric Tonnes,Deshi Red,2225.0,2350.0,2288.0,Rs./Quintal,Non-FAQ
APMC Lasalgaon ,3.1,Metric Tonnes,Other,2400.0,2651.0,2550.0,Rs./Quintal,FAQ
APMC Lasalgaon ,0.4,Metric Tonnes,Other,2241.0,2241.0,2241.0,Rs./Quintal,Non-FAQ
APMC Lonar ,8.0,Metric Tonnes,Yellow,2300.0,2395.0,2347.0,Rs./Quintal,Non-FAQ
APMC Malegaon ,4.2,Metric Tonnes,Yellow,2551.0,2611.0,2560.0,Rs./Quintal,FAQ
APMC Malkapur ,10.5,Metric Tonnes,Yellow,2430.0,2520.0,2505.0,Rs./Quintal,FAQ
APMC Mumbai ,36.3,Metric Tonnes,Other,2800.0,3400.0,3200.0,Rs./Quintal,FAQ
APMC Nagpur ,1.2,Metric Tonnes,Other,2100.0,2300.0,2250.0,Rs./Quintal,Non-FAQ
APMC Nandgaon ,0.6,Metric Tonnes,Yellow,2450.0,2605.0,2550.0,Rs./Quintal,FAQ
APMC Nandura ,1.0,Metric Tonnes,Other,2000.0,2300.0,2300.0,Rs./Quintal,Non-FAQ
APMC Nandurbar ,0.7,Metric Tonnes,Deshi Red,2316.0,2316.0,2316.0,Rs./Quintal,Non-FAQ
APMC Pachora ,2.5,Metric Tonnes,Other,2400.0,2465.0,2421.0,Rs./Quintal,FAQ
APMC Pune ,0.3,Metric Tonnes,Deshi Red,2800.0,2900.0,2850.0,Rs./Quintal,FAQ
APMC Sangli ,2.5,Metric Tonnes,Other,2400.0,2500.0,2450.0,Rs./Quintal,FAQ
APMC Satana ,2.4,Metric Tonnes,Other,2500.0,2500.0,2500.0,Rs./Quintal,FAQ
APMC Satana ,6.7,Metric Tonnes,Other,1200.0,2301.0,2205.0,Rs./Quintal,Non-FAQ
APMC Savner ,0.2,Metric Tonnes,Other,2150.0,2150.0,2150.0,Rs./Quintal,Non-FAQ
APMC Shirpur ,0.4,Metric Tonnes,Yellow,2200.0,2271.0,2271.0,Rs./Quintal,Non-FAQ
APMC Sillod ,9.7,Metric Tonnes,Yellow,2410.0,2500.0,2450.0,Rs./Quintal,FAQ
APMC Vaijpur ,3.2,Metric Tonnes,Yellow,1905.0,2395.0,2350.0,Rs./Quintal,Non-FAQ
Bhokardan(Pimpalgaon Renu) ,2.5,Metric Tonnes,Yellow,2200.0,2350.0,2300.0,Rs./Quintal,Non-FAQ
Buldhana(Dhad) ,42.9,Metric Tonnes,Yellow,2100.0,2395.0,2200.0,Rs./Quintal,Non-FAQ
Karjat(Rashin) ,0.3,Metric Tonnes,Yellow,2200.0,2200.0,2200.0,Rs./Quintal,Non-FAQ
"Omchatinya Multi State Agro Purpose Co-Op Society, Dist Ahilyanagar",0.05,Metric Tonnes,Other,2000.0,2000.0,2000.0,Rs./Quintal,Local
Shevgaon(Bodhegaon) ,0.8,Metric Tonnes,Yellow,2000.0,2000.0,2000.0,Rs./Quintal,Non-FAQ
"Yashika Agro Marketing, Tal Bhusawal, Jalgaon",213.76,Metric Tonnes,Other,2300.0,2400.0,2350.0,Rs./Quintal,Local
Total,384.01,Metric Tonnes,,,,2416.86,Rs./Quintal,
State/UT Name : NCT of Delhi
APMC Najafgarh,1.5,Metric Tonnes,Other,2490.0,2490.0,2490.0,Rs./Quintal,FAQ
APMC Najafgarh,1.8,Metric Tonnes,Other,2000.0,2000.0,2000.0,Rs./Quintal,Non-FAQ
Total,3.3,Metric Tonnes,,,,2222.73,Rs./Quintal,
State/UT Name : Punjab
Nakodar APMC,26.0,Metric Tonnes,Other,2341.0,2341.0,2341.0,Rs./Quintal,Local
Nawanshahar APMC,63.06,Metric Tonnes,Local,2449.0,2449.0,2449.0,Rs./Quintal,FAQ
Total,89.06,Metric Tonnes,,,,2417.47,Rs./Quintal,
State/UT Name : Rajasthan
Barisadri APMC,0.4,Metric Tonnes,Other,1975.0,2208.0,2125.0,Rs./Quintal,FAQ
Begu APMC,12.0,Metric Tonnes,Other,2050.0,2050.0,2050.0,Rs./Quintal,Local
Bundi APMC,6.0,Metric Tonnes,Other,2605.0,2605.0,2605.0,Rs./Quintal,FAQ
Chhotisadri APMC,0.8,Metric Tonnes,Local,2000.0,2340.0,2000.0,Rs./Quintal,Local
Dooni APMC,0.30000000000000004,Metric Tonnes,Deshi Red,2399.0,2401.0,2400.0,Rs./Quintal,Local
Madanganj Kishangarh APMC,0.2,Metric Tonnes,Other,2100.0,2100.0,2100.0,Rs./Quintal,Local
Pratapgarh APMC,6.32,Metric Tonnes,Other,2363.0,2630.0,2400.0,Rs./Quintal,FAQ
Total,26.02,Metric Tonnes,,,,2267.03,Rs./Quintal,
State/UT Name : Tamil Nadu
Alangeyam APMC,41.6,Metric Tonnes,Other,2808.0,2820.0,2814.0,Rs./Quintal,Local
Kallakurichi APMC,8.86,Metric Tonnes,Other,2628.0,2686.0,2657.0,Rs./Quintal,Local
Kilpennathur APMC,8.65,Metric Tonnes,Other,2009.0,2703.0,2356.0,Rs./Quintal,Local
Manalurpet APMC,3.22,Metric Tonnes,Other,2210.0,2646.0,2428.0,Rs./Quintal,Local
Pethappampatti APMC,60.0,Metric Tonnes,Other,2430.0,2600.0,2515.0,Rs./Quintal,Local
Rajapalayam APMC,30.8,Metric Tonnes,Other,1900.0,2000.0,1950.0,Rs./Quintal,Local
Sangarapuram APMC,9.46,Metric Tonnes,Other,2559.0,2673.0,2616.0,Rs./Quintal,Local
Sankarankovil APMC,35.65,Metric Tonnes,Other,2300.0,2700.0,2500.0,Rs./Quintal,Local
Shrimushnam APMC,11.29,Metric Tonnes,Other,2626.0,2639.0,2632.5,Rs./Quintal,Local
Thathaiyangarpettai APMC,4.7,Metric Tonnes,Other,2400.0,2500.0,2450.0,Rs./Quintal,Local
Thirukovilur APMC,40.4,Metric Tonnes,Other,2550.0,2726.0,2638.0,Rs./Quintal,Local
Thirumangalam APMC,7.55,Metric Tonnes,Other,3000.0,3100.0,3050.0,Rs./Quintal,Local
Tirunelvali APMC,838.8,Metric Tonnes,Other,1800.0,2500.0,2150.0,Rs./Quintal,Local
Ulundurpettai APMC,7.18,Metric Tonnes,Other,2559.0,2669.0,2614.0,Rs./Quintal,Local
Veppur APMC,10.85,Metric Tonnes,Other,2550.0,2550.0,2550.0,Rs./Quintal,Local
Villupuram APMC,3.81,Metric Tonnes,Other,2578.0,2669.0,2623.5,Rs./Quintal,Local
Total,1122.82,Metric Tonnes,,,,2248.2,Rs./Quintal,
State/UT Name : Telangana
Alampur APMC,540.0,Metric Tonnes,Medium,1800.0,2000.0,2000.0,Rs./Quintal,Local
Bejjenki APMC,1.2,Metric Tonnes,Local,2250.0,2250.0,2250.0,Rs./Quintal,FAQ
Bhainsa APMC,0.3,Metric Tonnes,Hybrid,2378.0,2378.0,2378.0,Rs./Quintal,FAQ
Husnabad APMC,45.0,Metric Tonnes,Local,2300.0,2400.0,2400.0,Rs./Quintal,Local
Kesamudram APMC,2.3000000000000003,Metric Tonnes,Local,2333.0,2403.0,2403.0,Rs./Quintal,Local
Mahabubabad APMC,0.54,Metric Tonnes,Local,2475.0,2475.0,2475.0,Rs./Quintal,Local
Warangal APMC,20.502000000000002,Metric Tonnes,Local,2311.0,2481.0,2452.0,Rs./Quintal,FAQ
Yellandu APMC,109.30000000000001,Metric Tonnes,Local,2200.0,2400.0,2300.0,Rs./Quintal,Local
Total,719.14,Metric Tonnes,,,,2085.73,Rs./Quintal,
State/UT Name : Uttar Pradesh
Achalda APMC,77.26,Metric Tonnes,Other,2000.0,2000.0,2000.0,Rs./Quintal,FAQ
Agra APMC,21.0,Metric Tonnes,Other,2200.0,2200.0,2200.0,Rs./Quintal,FAQ
Aliganj APMC,368.462,Metric Tonnes,Other,1800.0,2100.0,1837.18,Rs./Quintal,FAQ
Aligarh APMC,51.58,Metric Tonnes,Other,1900.0,2000.0,1939.94,Rs./Quintal,FAQ
Anoop Shahar APMC,86.3,Metric Tonnes,Other,1700.0,1706.0,1703.75,Rs./Quintal,FAQ
Anwala APMC,24.5,Metric Tonnes,Other,2000.0,2000.0,2000.0,Rs./Quintal,FAQ
Atrauli APMC,143.18,Metric Tonnes,Other,2100.0,2100.0,2100.0,Rs./Quintal,FAQ
Babrala APMC,65.51,Metric Tonnes,Other,2100.0,2270.0,2190.13,Rs./Quintal,FAQ
Badayoun APMC,265.577,Metric Tonnes,Other,2000.0,2210.0,2091.06,Rs./Quintal,FAQ
Bahraich APMC,100.8,Metric Tonnes,Other,1800.0,2200.0,2038.1,Rs./Quintal,FAQ
Barabanki APMC,37.55,Metric Tonnes,Other,2000.0,2300.0,2261.45,Rs./Quintal,FAQ
Bharthna APMC,3.71,Metric Tonnes,Other,2000.0,2000.0,2000.0,Rs./Quintal,FAQ
Bhehjoi APMC,197.13,Metric Tonnes,Other,1920.0,2350.0,2174.27,Rs./Quintal,FAQ
Bilsi APMC,1319.222,Metric Tonnes,Other,2000.0,2150.0,2016.58,Rs./Quintal,FAQ
Bisoli APMC,641.48,Metric Tonnes,Other,2000.0,2205.0,2016.33,Rs./Quintal,FAQ
Buland Shahr APMC,126.0,Metric Tonnes,Other,2000.0,2500.0,2166.33,Rs./Quintal,FAQ
Chandausi APMC,43.6,Metric Tonnes,Other,2230.0,2310.0,2296.47,Rs./Quintal,FAQ
Charra APMC,110.98,Metric Tonnes,Other,2100.0,2100.0,2100.0,Rs./Quintal,FAQ
Chhibramau APMC,991.823,Metric Tonnes,Other,2100.0,2400.0,2182.65,Rs./Quintal,FAQ
Divai APMC,194.95,Metric Tonnes,Other,1900.0,2300.0,2027.03,Rs./Quintal,FAQ
Dudhi APMC,0.5,Metric Tonnes,Other,700.0,700.0,700.0,Rs./Quintal,FAQ
Etah APMC,134.1,Metric Tonnes,Other,2000.0,2000.0,2000.0,Rs./Quintal,FAQ
Farukhabad APMC,294.275,Metric Tonnes,Other,2000.0,2300.0,2167.46,Rs./Quintal,FAQ
Ganj Dundwara APMC,127.89,Metric Tonnes,Other,2000.0,2300.0,2119.47,Rs./Quintal,FAQ
Gulavati APMC,17.5,Metric Tonnes,Other,2215.0,2215.0,2215.0,Rs./Quintal,FAQ
Haathras APMC,115.5865,Metric Tonnes,Other,1800.0,2331.0,2260.19,Rs./Quintal,FAQ
Hardoi APMC,43.82,Metric Tonnes,Other,1700.0,1700.0,1700.0,Rs./Quintal,FAQ
Islam Nagar APMC,26.5,Metric Tonnes,Other,2100.0,2100.0,2100.0,Rs./Quintal,FAQ
Jafarganj APMC,10.22,Metric Tonnes,Other,2610.0,2610.0,2610.0,Rs./Quintal,FAQ
Jahangirabad APMC,96.568,Metric Tonnes,Other,2000.0,2400.0,2214.57,Rs./Quintal,FAQ
Jalalabad APMC,40.915,Metric Tonnes,Other,2100.0,2100.0,2100.0,Rs./Quintal,FAQ
Jasvantnagar APMC,81.18,Metric Tonnes,Other,2000.0,2040.0,2003.55,Rs./Quintal,FAQ
Kamlaganj APMC,368.1,Metric Tonnes,Other,2000.0,2440.0,2291.05,Rs./Quintal,FAQ
Kannauj APMC,448.955,Metric Tonnes,Other,2000.0,2350.0,2106.2,Rs./Quintal,FAQ
Kanpur(Grain) APMC,4.5,Metric Tonnes,Other,1700.0,1700.0,1700.0,Rs./Quintal,FAQ
Kasganj APMC,252.449,Metric Tonnes,Other,1850.0,2300.0,2096.92,Rs./Quintal,FAQ
Kayamganj APMC,538.5,Metric Tonnes,Other,2100.0,2200.0,2104.11,Rs./Quintal,FAQ
Khair APMC,200.093,Metric Tonnes,Other,2200.0,2300.0,2203.22,Rs./Quintal,FAQ
Khatauli APMC,123.491,Metric Tonnes,Other,1675.0,1800.0,1725.52,Rs./Quintal,FAQ
Khurja APMC,38.0,Metric Tonnes,Other,2000.0,2001.0,2000.17,Rs./Quintal,FAQ
Madhoganj APMC,72.875,Metric Tonnes,Other,2300.0,2400.0,2341.09,Rs./Quintal,FAQ
Mainpuri APMC,132.84,Metric Tonnes,Other,1950.0,2300.0,2152.17,Rs./Quintal,FAQ
Meeranpur Katra APMC,18.4,Metric Tonnes,Other,1700.0,1700.0,1700.0,Rs./Quintal,FAQ
Mohamadabad APMC,428.32,Metric Tonnes,Other,1900.0,2400.0,2185.73,Rs./Quintal,FAQ
Naanpara APMC,31.03,Metric Tonnes,Other,2250.0,2250.0,2250.0,Rs./Quintal,FAQ
Powayan APMC,11.891,Metric Tonnes,Other,1800.0,1800.0,1800.0,Rs./Quintal,FAQ
Risia APMC,103.4,Metric Tonnes,Other,1765.0,2400.0,2006.28,Rs./Quintal,FAQ
Sambhal APMC,826.537,Metric Tonnes,Other,2235.0,2550.0,2361.13,Rs./Quintal,FAQ
Sehjanwa APMC,60.615,Metric Tonnes,Other,2000.0,2000.0,2000.0,Rs./Quintal,FAQ
Shahabad(New Mandi) APMC,28.0,Metric Tonnes,Other,2100.0,2100.0,2100.0,Rs./Quintal,FAQ
Shahjahanpur APMC,55.24,Metric Tonnes,Other,2000.0,2000.0,2000.0,Rs./Quintal,FAQ
Shikohabad APMC,210.605,Metric Tonnes,Other,2140.0,2300.0,2202.95,Rs./Quintal,FAQ
Sikandraraau APMC,4.433,Metric Tonnes,Other,2000.0,2000.0,2000.0,Rs./Quintal,FAQ
Sikarpur APMC,76.37,Metric Tonnes,Other,2000.0,2110.0,2046.04,Rs./Quintal,FAQ
Sirsaganj APMC,517.829,Metric Tonnes,Other,2100.0,2450.0,2265.26,Rs./Quintal,FAQ
Siyana APMC,241.57,Metric Tonnes,Other,2050.0,2300.0,2126.62,Rs./Quintal,FAQ
Tundla APMC,33.5,Metric Tonnes,Other,1900.0,2080.0,1999.63,Rs./Quintal,FAQ
Ujhani APMC,1046.689,Metric Tonnes,Other,2100.0,2400.0,2174.22,Rs./Quintal,FAQ
Uttaripura APMC,323.605,Metric Tonnes,Other,1900.0,2000.0,1910.38,Rs./Quintal,FAQ
Wazirganj APMC,537.708,Metric Tonnes,Other,2000.0,2010.0,2000.68,Rs./Quintal,FAQ
Total,12595.21,Metric Tonnes,,,,2113.69,Rs./Quintal,
State/UT Name : Uttarakhand
Kotadwara APMC,0.2,Metric Tonnes,Other,1500.0,1500.0,1500.0,Rs./Quintal,FAQ
Total,0.2,Metric Tonnes,,,,1500.0,Rs./Quintal,
State/UT Name : West Bengal
Jangipur APMC,13.25,Metric Tonnes,Other,2500.0,2600.0,2550.0,Rs./Quintal,FAQ
Total,13.25,Metric Tonnes,,,,2550.0,Rs./Quintal,
Grand Total,23124.6,Metric Tonnes,,,,2141.12,Rs./Quintal,
Paddy(Common) (MSP: Rs. 2441.00/Quintal)
State/UT Name : Andhra Pradesh
Achanta APMC,0.1,Metric Tonnes,1121,2359.0,2375.0,2369.0,Rs./Quintal,Local
Addanki APMC,0.1,Metric Tonnes,Paddy,2390.0,2420.0,2400.0,Rs./Quintal,FAQ
Akiveedu APMC,0.1,Metric Tonnes,Paddy,2300.0,2500.0,2369.0,Rs./Quintal,Local
Alamuru APMC,0.1,Metric Tonnes,Paddy,2369.0,2389.0,2369.0,Rs./Quintal,FAQ
Amadalavalasa APMC,0.1,Metric Tonnes,Paddy,2369.0,2369.0,2369.0,Rs./Quintal,FAQ
Amalapuram APMC,0.1,Metric Tonnes,1001,2369.0,2468.0,2369.0,Rs./Quintal,FAQ
Anaparthy APMC,0.1,Metric Tonnes,Paddy,2369.0,2540.0,2369.0,Rs./Quintal,FAQ
Atmakur (Nandyal District) APMC,0.1,Metric Tonnes,Sona,2470.0,2470.0,2470.0,Rs./Quintal,FAQ
Atmakur (SPSR Nellore District) APMC,25.0,Metric Tonnes,Nellore Sanna,2300.0,2400.0,2369.0,Rs./Quintal,FAQ
Attili APMC,0.1,Metric Tonnes,Paddy,2369.0,2389.0,2369.0,Rs./Quintal,Local
B.N.Kandriga APMC,0.1,Metric Tonnes,Paddy,2200.0,2200.0,2200.0,Rs./Quintal,Local
Badvel APMC,0.1,Metric Tonnes,Masuri,2380.0,2420.0,2400.0,Rs./Quintal,Local
Banaganapalli APMC,0.1,Metric Tonnes,Sona Mahsuri,2100.0,2350.0,2200.0,Rs./Quintal,FAQ
Bapatla APMC,0.1,Metric Tonnes,B P T,3300.0,3500.0,3400.0,Rs./Quintal,Local
Bhimadole APMC,1.0,Metric Tonnes,1001,2380.0,2380.0,2380.0,Rs./Quintal,FAQ
Bhimavaram APMC,0.1,Metric Tonnes,1001,2360.0,2360.0,2360.0,Rs./Quintal,Grade Range-1
Chirala APMC,1.0,Metric Tonnes,B P T,2400.0,2500.0,2450.0,Rs./Quintal,Local
Chodavaram APMC,0.1,Metric Tonnes,Paddy,2200.0,2400.0,2300.0,Rs./Quintal,Local
Darsi APMC,0.1,Metric Tonnes,B P T,2500.0,2600.0,2600.0,Rs./Quintal,Local
Dharmavaram APMC,0.1,Metric Tonnes,B P T,2000.0,2200.0,2100.0,Rs./Quintal,FAQ
Divi (HQ-Avanigadda) APMC,1.0,Metric Tonnes,B P T,3100.0,3500.0,3200.0,Rs./Quintal,FAQ
Durgi APMC,1.0,Metric Tonnes,Paddy,1900.0,2500.0,2200.0,Rs./Quintal,FAQ
Etcherla APMC,0.2,Metric Tonnes,1121,2369.0,2369.0,2369.0,Rs./Quintal,FAQ
Gannavaram APMC,0.1,Metric Tonnes,1001,2400.0,2400.0,2400.0,Rs./Quintal,Local
Ghantsala (HQ-Kodali) APMC,1.0,Metric Tonnes,1001,2200.0,2400.0,2300.0,Rs./Quintal,Local
Gudur APMC,0.1,Metric Tonnes,MTU-1010,2389.0,2475.0,2440.0,Rs./Quintal,Local
Hiramandalam APMC,0.1,Metric Tonnes,Masuri,2400.0,2400.0,2400.0,Rs./Quintal,Local
Ichapuram APMC,0.1,Metric Tonnes,Sannalu,2369.0,2369.0,2369.0,Rs./Quintal,Local
Ipur APMC,1.0,Metric Tonnes,Paddy,2500.0,2700.0,2650.0,Rs./Quintal,FAQ
Jaggampet APMC,0.1,Metric Tonnes,Common,2369.0,2380.0,2369.0,Rs./Quintal,FAQ
Jalumuru APMC,0.1,Metric Tonnes,1121,2369.0,2369.0,2369.0,Rs./Quintal,FAQ
Kaikaluru APMC,1.0,Metric Tonnes,MTU-1001,2440.0,2440.0,2440.0,Rs./Quintal,Local
Kakinada (Urban) APMC,0.075,Metric Tonnes,Common,2369.0,2390.0,2375.0,Rs./Quintal,FAQ
Kalidindi APMC,1.0,Metric Tonnes,MTU-1001,2440.0,2440.0,2440.0,Rs./Quintal,Local
Kamalapuram APMC,0.1,Metric Tonnes,B P T,2550.0,2550.0,2550.0,Rs./Quintal,Local
Kanchili APMC,0.1,Metric Tonnes,1001,2400.0,2400.0,2400.0,Rs./Quintal,FAQ
Kandukur APMC,0.1,Metric Tonnes,Other,2380.0,2450.0,2400.0,Rs./Quintal,Local
Karapa APMC,1.0,Metric Tonnes,1001,2363.0,2369.0,2366.0,Rs./Quintal,FAQ
Kavali APMC,0.1,Metric Tonnes,Other,2380.0,2450.0,2410.0,Rs./Quintal,Local
Kothabommali APMC,0.1,Metric Tonnes,Paddy,3200.0,3200.0,3200.0,Rs./Quintal,Local
Kothavalasa APMC,1.0,Metric Tonnes,1001,2369.0,2369.0,2369.0,Rs./Quintal,Local
Kovur APMC,18.75,Metric Tonnes,Paddy,2260.0,2400.0,2369.0,Rs./Quintal,Local
Kovvur APMC,1.0,Metric Tonnes,MTU-1010,2441.0,2441.0,2441.0,Rs./Quintal,Grade Range-2
Krosuru APMC,0.1,Metric Tonnes,B P T,2200.0,2600.0,2400.0,Rs./Quintal,FAQ
Kuchinapudi APMC,1.0,Metric Tonnes,B P T,3300.0,3500.0,3400.0,Rs./Quintal,Local
Macharla APMC,0.1,Metric Tonnes,B P T,3500.0,3500.0,3500.0,Rs./Quintal,Grade Range-1
Machilipatnam APMC,0.075,Metric Tonnes,B P T,2819.999295,3074.665898,3010.665914,Rs./Quintal,Local
Maddipadu APMC,0.1,Metric Tonnes,B P T,2800.0,2800.0,2800.0,Rs./Quintal,FAQ
Madugula APMC,0.1,Metric Tonnes,Paddy,2200.0,2400.0,2300.0,Rs./Quintal,Local
Mandapeta APMC,1.0,Metric Tonnes,1001,2369.0,2400.0,2389.0,Rs./Quintal,FAQ
Mangalagiri APMC,0.1,Metric Tonnes,B P T,2500.0,2500.0,2500.0,Rs./Quintal,FAQ
Mydukur APMC,0.1,Metric Tonnes,Masuri,2800.0,3200.0,3000.0,Rs./Quintal,Local
Mylavaram APMC,0.1,Metric Tonnes,1001,2369.0,2369.0,2369.0,Rs./Quintal,FAQ
Nagari APMC,0.1,Metric Tonnes,Paddy,1800.0,1900.0,1850.0,Rs./Quintal,Grade Range-2
Naidupet APMC,0.1,Metric Tonnes,MTU-1010,2300.0,2400.0,2350.0,Rs./Quintal,Local
Nandigama APMC,0.1,Metric Tonnes,B P T,2330.0,2330.0,2330.0,Rs./Quintal,Grade Range-1
Nandyal APMC,0.1,Metric Tonnes,Paddy,2450.0,2450.0,2450.0,Rs./Quintal,Local
Narasannapet APMC,0.1,Metric Tonnes,Paddy,2369.0,2369.0,2369.0,Rs./Quintal,FAQ
Narasaraopet APMC,0.1,Metric Tonnes,Paddy,3000.0,3000.0,3000.0,Rs./Quintal,FAQ
Narsapuram APMC,1.0,Metric Tonnes,MTU-1001,2445.0,2445.0,2445.0,Rs./Quintal,Local
Narsipatnam APMC,0.1,Metric Tonnes,Other,2390.0,2450.0,2400.0,Rs./Quintal,Local
Nellore APMC,0.1,Metric Tonnes,B P T,2445.0,2465.0,2450.0,Rs./Quintal,FAQ
Nidadavolu APMC,1.0,Metric Tonnes,Common,2445.0,2445.0,2445.0,Rs./Quintal,Local
Ongole APMC,0.1,Metric Tonnes,B P T,2380.0,2380.0,2380.0,Rs./Quintal,Local
Palakole APMC,0.1,Metric Tonnes,Paddy,2375.0,2375.0,2375.0,Rs./Quintal,Local
Palakonda APMC,0.1,Metric Tonnes,1001,2150.0,2150.0,2150.0,Rs./Quintal,FAQ
Palasa APMC,0.1,Metric Tonnes,Common,2369.0,2369.0,2369.0,Rs./Quintal,FAQ
Pamarru APMC,1.0,Metric Tonnes,B P T,2441.0,2481.0,2471.0,Rs./Quintal,Local
Panyam APMC,0.1,Metric Tonnes,Sona Mahsuri,2300.0,2300.0,2300.0,Rs./Quintal,FAQ
Parchur APMC,1.0,Metric Tonnes,Paddy,2300.0,2500.0,2400.0,Rs./Quintal,FAQ
Pathapatnam APMC,0.1,Metric Tonnes,Paddy,2369.0,2500.0,2369.0,Rs./Quintal,FAQ
Payakaraopeta APMC,0.1,Metric Tonnes,1001,2349.0,2369.0,2359.0,Rs./Quintal,Local
Pedana APMC,0.1,Metric Tonnes,NO. 2716,2369.0,2550.0,2480.0,Rs./Quintal,Local
Peddapuram APMC,1.0,Metric Tonnes,1001,2369.0,2390.0,2369.0,Rs./Quintal,FAQ
Penamaluru (HQ-Kankipadu) APMC,0.1,Metric Tonnes,MTU-1001,2441.0,2441.0,2441.0,Rs./Quintal,Local
Pendurthi APMC,0.1,Metric Tonnes,Paddy,2300.0,2300.0,2300.0,Rs./Quintal,Local
Penugonda APMC,0.1,Metric Tonnes,1001,2369.0,2380.0,2370.0,Rs./Quintal,Local
Pidugurala APMC,0.1,Metric Tonnes,Paddy,2390.0,2390.0,2390.0,Rs./Quintal,FAQ
Pithapuram APMC,0.1,Metric Tonnes,B P T,2369.0,2389.0,2379.0,Rs./Quintal,FAQ
Polavaram APMC,1.0,Metric Tonnes,1001,2445.0,2445.0,2445.0,Rs./Quintal,Local
Prathipadu APMC,0.1,Metric Tonnes,1001,2200.0,2425.0,2300.0,Rs./Quintal,Grade Range-1
Prattipadu APMC,0.1,Metric Tonnes,1001,2369.0,2380.0,2379.0,Rs./Quintal,FAQ
Proddatur APMC,0.1,Metric Tonnes,Paddy,2400.0,2400.0,2400.0,Rs./Quintal,Local
RAYADURG APMC,0.1,Metric Tonnes,I.R. 64,3200.0,3800.0,3400.0,Rs./Quintal,Grade Range-1
Rajahmundry APMC,1.0,Metric Tonnes,Paddy,2369.0,2369.0,2369.0,Rs./Quintal,Local
Rajupalem APMC,0.1,Metric Tonnes,Common,2100.0,2100.0,2100.0,Rs./Quintal,Non-FAQ
Ramachandrapuram APMC,0.1,Metric Tonnes,Paddy,2369.0,2380.0,2369.0,Rs./Quintal,FAQ
Rampachodvaram APMC,0.1,Metric Tonnes,1001,2369.0,2389.0,2379.0,Rs./Quintal,Grade Range-2
Rampachodvaram APMC,0.1,Metric Tonnes,1001,2369.0,2389.0,2379.0,Rs./Quintal,FAQ
Repalli APMC,1.0,Metric Tonnes,B P T,3200.0,3600.0,3400.0,Rs./Quintal,Local
Rompicherla APMC,0.1,Metric Tonnes,Paddy,2300.0,2500.0,2500.0,Rs./Quintal,FAQ
Samalkot APMC,0.1,Metric Tonnes,Paddy,2369.0,2385.0,2369.0,Rs./Quintal,FAQ
Sampara (Kakinada Rural) APMC,0.1,Metric Tonnes,1001,2369.0,2389.0,2379.0,Rs./Quintal,FAQ
Santhamaguluru APMC,0.1,Metric Tonnes,B P T,2500.0,2580.0,2550.0,Rs./Quintal,FAQ
Sattenapalli APMC,0.1,Metric Tonnes,B P T,2350.0,2450.0,2400.0,Rs./Quintal,FAQ
Srikakulam APMC,0.1,Metric Tonnes,1001,2400.0,2400.0,2400.0,Rs./Quintal,FAQ
Srikalahasti APMC,0.1,Metric Tonnes,Paddy Medium,2300.0,2600.0,2450.0,Rs./Quintal,Local
Sullurpet APMC,0.1,Metric Tonnes,MTU-1010,2420.0,2460.0,2440.0,Rs./Quintal,Local
Tadepalligudem APMC,1.0,Metric Tonnes,1001,2450.0,2450.0,2450.0,Rs./Quintal,FAQ
Tanuku APMC,0.2,Metric Tonnes,1001,2445.0,2445.0,2445.0,Rs./Quintal,Local
Tiruvuru APMC,110.0,Metric Tonnes,Sona,2800.0,2800.0,2800.0,Rs./Quintal,Local
Udayagiri APMC,1.0,Metric Tonnes,Paddy,2444.0,2464.0,2454.0,Rs./Quintal,Local
Undi APMC,1.0,Metric Tonnes,MTU-1001,2369.0,2369.0,2369.0,Rs./Quintal,Local
Ungatur APMC,1.0,Metric Tonnes,1001,2445.0,2445.0,2445.0,Rs./Quintal,Local
Vakadu APMC,0.1,Metric Tonnes,B P T,2389.0,2410.0,2400.0,Rs./Quintal,Local
Venkatagiri APMC,0.075,Metric Tonnes,MTU-1010,2350.0,2400.0,2370.0,Rs./Quintal,FAQ
Vijayawada APMC,0.1,Metric Tonnes,1001,2369.0,2369.0,2369.0,Rs./Quintal,Local
Vinukonda APMC,1.0,Metric Tonnes,Paddy,2300.0,2500.0,2400.0,Rs./Quintal,FAQ
Yellamanchili APMC,0.1,Metric Tonnes,1001,2390.0,2450.0,2400.0,Rs./Quintal,Local
Total,187.87,Metric Tonnes,,,,2645.46,Rs./Quintal,
State/UT Name : Assam
Sontoli APMC,1.2000000000000002,Metric Tonnes,Paddy,1950.0,1975.0,1950.0,Rs./Quintal,FAQ
Total,1.2,Metric Tonnes,,,,1950.0,Rs./Quintal,
State/UT Name : Chattisgarh
Akaltara APMC,40.0,Metric Tonnes,Mahamaya,2000.0,2000.0,2000.0,Rs./Quintal,FAQ
Baikunthpur APMC,30.0,Metric Tonnes,I.R. 36,2000.0,2000.0,2000.0,Rs./Quintal,FAQ
Balod APMC,1.0,Metric Tonnes,I.R. 64,2000.0,2000.0,2000.0,Rs./Quintal,Non-FAQ
Baramkela APMC,4.0,Metric Tonnes,1001,1800.0,1800.0,1800.0,Rs./Quintal,Non-FAQ
Basana APMC,60.0,Metric Tonnes,D.B.,2250.0,2250.0,2250.0,Rs./Quintal,Non-FAQ
Basana APMC,56.8,Metric Tonnes,1001,1900.0,2000.0,1950.0,Rs./Quintal,Non-FAQ
Bhakhara APMC,175.0,Metric Tonnes,I.R. 64,2351.0,2380.0,2369.0,Rs./Quintal,FAQ
Bhakhara APMC,119.0,Metric Tonnes,Om 3,3102.0,3200.0,3164.0,Rs./Quintal,FAQ
Bhatapara APMC,169.1,Metric Tonnes,Paddy Coarse,2180.0,2354.0,2286.0,Rs./Quintal,Non-FAQ
Bhatapara APMC,706.8,Metric Tonnes,Mahamaya,2478.0,2696.0,2583.0,Rs./Quintal,FAQ
Bhatapara APMC,0.7,Metric Tonnes,Shriram,3535.0,3535.0,3535.0,Rs./Quintal,FAQ
Bhavarpur APMC,12.0,Metric Tonnes,1001,2000.0,2030.0,2025.0,Rs./Quintal,Non-FAQ
Bilha APMC,10.0,Metric Tonnes,D.B.,2200.0,2200.0,2200.0,Rs./Quintal,FAQ
Chhuria APMC,205.0,Metric Tonnes,MTU-1010,2200.0,2200.0,2200.0,Rs./Quintal,Non-FAQ
Dhamtari APMC,217.3,Metric Tonnes,I.R. 64,2200.0,2230.0,2210.0,Rs./Quintal,FAQ
Dhamtari APMC,23.2,Metric Tonnes,B P T,2800.0,2800.0,2800.0,Rs./Quintal,FAQ
Dhamtari APMC,2.1,Metric Tonnes,Sugandha,2080.0,2100.0,2090.0,Rs./Quintal,FAQ
Dhamtari APMC,45.5,Metric Tonnes,Om 3,3200.0,3300.0,3250.0,Rs./Quintal,FAQ
Dondi APMC,5.0,Metric Tonnes,Khadwan,1800.0,1800.0,1800.0,Rs./Quintal,Non-FAQ
Dondilohara APMC,15.0,Metric Tonnes,I.R. 64,2000.0,2000.0,2000.0,Rs./Quintal,Non-FAQ
Dongargaon APMC,1.5,Metric Tonnes,1001,2000.0,2000.0,2000.0,Rs./Quintal,Non-FAQ
Doranpal APMC,0.2,Metric Tonnes,Paddy Coarse,1800.0,1800.0,1800.0,Rs./Quintal,Non-FAQ
Gharghoda APMC,30.0,Metric Tonnes,1001,1650.0,1650.0,1650.0,Rs./Quintal,Non-FAQ
Gidam APMC,2.0,Metric Tonnes,1001,1900.0,2100.0,2000.0,Rs./Quintal,Non-FAQ
Gurur APMC,13.0,Metric Tonnes,I.R.-64,2000.0,2050.0,2030.0,Rs./Quintal,Non-FAQ
Kasdol APMC,2.0,Metric Tonnes,D.B.,1800.0,1800.0,1800.0,Rs./Quintal,Non-FAQ
Kharora APMC,2.0,Metric Tonnes,Mahamaya,2130.0,2130.0,2130.0,Rs./Quintal,Non-FAQ
Konta APMC,0.2,Metric Tonnes,Paddy Coarse,1800.0,1900.0,1800.0,Rs./Quintal,Non-FAQ
Kukanar APMC,0.2,Metric Tonnes,Paddy Coarse,1850.0,1850.0,1850.0,Rs./Quintal,Non-FAQ
Kurud APMC,58.5,Metric Tonnes,MTU-1010,2151.0,2376.0,2366.0,Rs./Quintal,FAQ
Kurud APMC,203.4,Metric Tonnes,Mahamaya,2330.0,2796.0,2711.0,Rs./Quintal,FAQ
Kurud APMC,31.3,Metric Tonnes,RB Gold,2900.0,3035.0,2975.0,Rs./Quintal,FAQ
Kurud APMC,18.2,Metric Tonnes,Samba Masuri,2601.0,3196.0,2969.0,Rs./Quintal,FAQ
Kurud APMC,187.2,Metric Tonnes,I.R. 64,2000.0,2240.0,2150.0,Rs./Quintal,FAQ
Kurud APMC,12.2,Metric Tonnes,Swarna Masuri (New),2231.0,2366.0,2289.0,Rs./Quintal,FAQ
Kurud APMC,8.5,Metric Tonnes,Om 3,2780.0,3120.0,3090.0,Rs./Quintal,FAQ
Lormi APMC,3.0,Metric Tonnes,Sugandha,1900.0,1900.0,1900.0,Rs./Quintal,FAQ
Mungeli APMC,0.5,Metric Tonnes,Sugandha,2181.0,2196.0,2191.0,Rs./Quintal,Non-FAQ
Mungeli APMC,0.7,Metric Tonnes,Basmati 1509,2193.0,2193.0,2193.0,Rs./Quintal,FAQ
Mungeli APMC,5.9,Metric Tonnes,Mahamaya,1700.0,2540.0,2160.0,Rs./Quintal,FAQ
Navapara APMC,63.8,Metric Tonnes,Paddy fine,2350.0,2350.0,2350.0,Rs./Quintal,Non-FAQ
Navapara APMC,2.3,Metric Tonnes,Samba Masuri,2708.0,2784.0,2738.0,Rs./Quintal,FAQ
Navapara APMC,121.9,Metric Tonnes,MTU-1010,2330.0,2358.0,2338.0,Rs./Quintal,Non-FAQ
Navapara APMC,0.2,Metric Tonnes,Mahamaya,2320.0,2332.0,2320.0,Rs./Quintal,Non-FAQ
Navapara APMC,32.7,Metric Tonnes,RB Gold,2832.0,3142.0,2962.0,Rs./Quintal,FAQ
Navapara APMC,10.7,Metric Tonnes,Om 3,3050.0,3136.0,3072.0,Rs./Quintal,FAQ
Navapara APMC,8.9,Metric Tonnes,D.B.,2250.0,2302.0,2276.0,Rs./Quintal,Non-FAQ
Neora APMC,2.4,Metric Tonnes,Mahamaya,1850.0,1850.0,1850.0,Rs./Quintal,Non-FAQ
Pithoura APMC,168.2,Metric Tonnes,MTU-1010,2000.0,2000.0,2000.0,Rs./Quintal,Non-FAQ
Pithoura APMC,182.6,Metric Tonnes,1001,1800.0,1800.0,1800.0,Rs./Quintal,Non-FAQ
Raipur APMC,10.3,Metric Tonnes,MTU-1010,2200.0,2225.0,2225.0,Rs./Quintal,Non-FAQ
Raipur APMC,0.8,Metric Tonnes,D.B.,2190.0,2190.0,2190.0,Rs./Quintal,Non-FAQ
Raipur APMC,1.6,Metric Tonnes,Mahamaya,2190.0,2190.0,2190.0,Rs./Quintal,Non-FAQ
Rajim APMC,12.4,Metric Tonnes,Samba Masuri,2600.0,2968.0,2786.0,Rs./Quintal,Non-FAQ
Rajim APMC,92.1,Metric Tonnes,MTU-1008,1830.0,2850.0,2314.0,Rs./Quintal,Non-FAQ
Rajim APMC,113.5,Metric Tonnes,I.R. 64,2302.0,2352.0,2344.0,Rs./Quintal,Non-FAQ
Rajim APMC,0.5,Metric Tonnes,Sugandha,2200.0,2240.0,2240.0,Rs./Quintal,Non-FAQ
Rajnandgaon APMC,5.7,Metric Tonnes,B P T,2581.0,2581.0,2581.0,Rs./Quintal,Non-FAQ
Rajnandgaon APMC,17.7,Metric Tonnes,MTU-1010,2280.0,2320.0,2300.0,Rs./Quintal,Non-FAQ
Rajnandgaon APMC,14.8,Metric Tonnes,D.B.,2300.0,2323.0,2312.0,Rs./Quintal,Non-FAQ
Rajnandgaon APMC,65.8,Metric Tonnes,Mahamaya,2400.0,2550.0,2475.0,Rs./Quintal,Non-FAQ
Ratanpur APMC,10.3,Metric Tonnes,D.B.,1900.0,1900.0,1900.0,Rs./Quintal,Non-FAQ
Sukma APMC,0.3,Metric Tonnes,Paddy Coarse,1800.0,2000.0,1850.0,Rs./Quintal,Non-FAQ
Total,3417.5,Metric Tonnes,,,,2375.39,Rs./Quintal,
State/UT Name : Gujarat
Ahwa-Dang APMC,1.8,Metric Tonnes,Paddy,2350.0,2450.0,2400.0,Rs./Quintal,Non-FAQ
Dahod APMC,7.300000000000001,Metric Tonnes,Paddy fine,2750.0,2800.0,2775.0,Rs./Quintal,Local
Davgadbaria(Piplod) APMC,0.25,Metric Tonnes,Common,1305.0,1420.0,1390.0,Rs./Quintal,Non-FAQ
Dehgam APMC,0.7000000000000001,Metric Tonnes,Other,2250.0,2550.0,2400.0,Rs./Quintal,FAQ
Dehgam(Rekhiyal) APMC,0.2,Metric Tonnes,Other,2150.0,2475.0,2312.0,Rs./Quintal,FAQ
Devgadhbaria APMC,0.45,Metric Tonnes,Common,1305.0,1420.0,1400.0,Rs./Quintal,Non-FAQ
Gogamba APMC,1.0,Metric Tonnes,Other,2050.0,2050.0,2050.0,Rs./Quintal,Local
Khambhat(Grain Market) APMC,0.010000000000000002,Metric Tonnes,Paddy,2750.0,3715.0,3250.0,Rs./Quintal,Local
Mandvi APMC,1.1800000000000002,Metric Tonnes,Other,1950.0,2000.0,1975.0,Rs./Quintal,Non-FAQ
Morva Hafad APMC,1.5,Metric Tonnes,Paddy,1500.0,2650.0,2075.0,Rs./Quintal,Local
Zalod(Sanjeli) APMC,1.5,Metric Tonnes,Other,2875.0,2875.0,2875.0,Rs./Quintal,Grade Range-2
Total,15.89,Metric Tonnes,,,,2488.07,Rs./Quintal,
State/UT Name : Karnataka
Arakalgud APMC,10.0,Metric Tonnes,Paddy,2000.0,2000.0,2000.0,Rs./Quintal,FAQ
Davangere APMC,191.9,Metric Tonnes,Paddy Medium,2199.0,2904.0,2652.0,Rs./Quintal,Local
Doddaballapur APMC,25.900000000000002,Metric Tonnes,1001,2380.0,2380.0,2380.0,Rs./Quintal,FAQ
Gangavathi APMC,309.70000000000005,Metric Tonnes,Sona Masuri (OLD),3465.0,3880.0,3707.0,Rs./Quintal,Non-FAQ
Gangavathi APMC,89.7,Metric Tonnes,Kaveri Sona,2330.0,2767.0,2510.0,Rs./Quintal,Non-FAQ
Gangavathi APMC,221.60000000000002,Metric Tonnes,Paddy RNR new,2793.0,3333.0,3000.0,Rs./Quintal,Non-FAQ
Gangavathi APMC,365.20000000000005,Metric Tonnes,Paddy RNR Old,3900.0,4141.0,3993.0,Rs./Quintal,Non-FAQ
Haliyala APMC,40.0,Metric Tonnes,Paddy Medium,2650.0,2800.0,2800.0,Rs./Quintal,Local
Hanagal APMC,111.4,Metric Tonnes,Paddy,2400.0,2750.0,2750.0,Rs./Quintal,FAQ
Hanuru APMC,100.0,Metric Tonnes,Paddy,2100.0,2100.0,2100.0,Rs./Quintal,Non-FAQ
Harihara APMC,158.5,Metric Tonnes,Paddy RNR new,2300.0,2300.0,2300.0,Rs./Quintal,Non-FAQ
K.R.Nagar APMC,90.0,Metric Tonnes,Paddy Dappa,2000.0,2500.0,2333.0,Rs./Quintal,FAQ
Kalaghatagi APMC,17.0,Metric Tonnes,Paddy,2900.0,2900.0,2900.0,Rs./Quintal,Local
Karatagi APMC,121.0,Metric Tonnes,Paddy RNR Old,3900.0,4100.0,3950.0,Rs./Quintal,FAQ
Karatagi APMC,59.5,Metric Tonnes,Sona Masuri New,3300.0,3300.0,3300.0,Rs./Quintal,Non-FAQ
Karatagi APMC,220.8,Metric Tonnes,Paddy RNR new,3380.0,3500.0,3443.0,Rs./Quintal,Non-FAQ
Kollegal APMC,15.5,Metric Tonnes,Paddy Medium,3850.0,4000.0,3900.0,Rs./Quintal,Non-FAQ
Lingasugur APMC,22.400000000000002,Metric Tonnes,Paddy,3900.0,3900.0,3900.0,Rs./Quintal,Non-FAQ
Maddur APMC,70.0,Metric Tonnes,Paddy,2730.0,2730.0,2730.0,Rs./Quintal,Local
Malavalli APMC,258.7,Metric Tonnes,Paddy,2200.0,2600.0,2200.0,Rs./Quintal,FAQ
Mandya APMC,361.8,Metric Tonnes,Paddy,2200.0,2300.0,2200.0,Rs./Quintal,Local
Manvi APMC,40.900000000000006,Metric Tonnes,Sona Masuri New,3490.0,3575.0,3519.0,Rs./Quintal,Non-FAQ
Mundgod APMC,50.0,Metric Tonnes,Paddy,2500.0,2500.0,2500.0,Rs./Quintal,Non-FAQ
Mysuru APMC,1.8,Metric Tonnes,Paddy,2400.0,2400.0,2400.0,Rs./Quintal,Local
Nandagada APMC,40.2,Metric Tonnes,Paddy,2800.0,2800.0,2800.0,Rs./Quintal,FAQ
Raichur APMC,0.4,Metric Tonnes,Rajahamsa,1409.0,1409.0,1409.0,Rs./Quintal,Grade Range-1
Raichur APMC,6.9,Metric Tonnes,Sona Mahsuri,2811.0,3269.0,3018.0,Rs./Quintal,FAQ
SIRGUPPA APMC,141.4,Metric Tonnes,Paddy RNR new,2720.0,2980.0,2753.0,Rs./Quintal,Local
SIRGUPPA APMC,1009.3000000000001,Metric Tonnes,Paddy RNR Old,2990.0,3880.0,3500.0,Rs./Quintal,Local
Shikaripura APMC,232.70000000000002,Metric Tonnes,Paddy,3800.0,3880.0,3849.0,Rs./Quintal,FAQ
Sindhanur APMC,909.6,Metric Tonnes,Paddy RNR Old,2300.0,4060.0,3000.0,Rs./Quintal,FAQ
Somvarpet APMC,16.8,Metric Tonnes,Paddy Dappa,2300.0,2300.0,2300.0,Rs./Quintal,Grade Range-1
T. Narasipura APMC,305.40000000000003,Metric Tonnes,Paddy,1500.0,2800.0,2300.0,Rs./Quintal,Non-FAQ
Tumakuru APMC,1710.2,Metric Tonnes,Sona,2200.0,3000.0,2500.0,Rs./Quintal,Local
Total,7326.2,Metric Tonnes,,,,2927.51,Rs./Quintal,
State/UT Name : Keralam
Kasargod Market,1.0,Metric Tonnes,Other,2400.0,2600.0,2500.0,Rs./Quintal,Local
Pulpally Market,1.0,Metric Tonnes,Other,3110.0,3130.0,3120.0,Rs./Quintal,Local
Total,2.0,Metric Tonnes,,,,2810.0,Rs./Quintal,
State/UT Name : Madhya Pradesh
Ashoknagar APMC,0.08800000000000001,Metric Tonnes,Dhan,3245.0,3245.0,3245.0,Rs./Quintal,FAQ
Balaghat APMC,1.25,Metric Tonnes,Paddy,1800.0,1800.0,1800.0,Rs./Quintal,FAQ
Bhitarwar APMC,5.945,Metric Tonnes,Dhan,3310.0,3310.0,3310.0,Rs./Quintal,Non-FAQ
Budhar APMC,84.2,Metric Tonnes,Paddy,1950.0,2160.0,2160.0,Rs./Quintal,Non-FAQ
Chhindwara APMC,96.67200000000001,Metric Tonnes,Dhan,2230.0,2230.0,2230.0,Rs./Quintal,FAQ
Dabra APMC,1.5,Metric Tonnes,Basmati 1509,3800.0,3800.0,3800.0,Rs./Quintal,FAQ
Dindori APMC,6.275,Metric Tonnes,Paddy-Organic,2125.0,2125.0,2125.0,Rs./Quintal,Non-FAQ
Dindori APMC,14.0,Metric Tonnes,Dhan,2000.0,2200.0,2200.0,Rs./Quintal,Non-FAQ
Dindori APMC,159.59500000000003,Metric Tonnes,Other,2000.0,2350.0,2100.0,Rs./Quintal,Non-FAQ
Gadarwada APMC,1.5,Metric Tonnes,Puspa (MR 301),4000.0,4000.0,4000.0,Rs./Quintal,FAQ
Guna APMC,0.149,Metric Tonnes,Dhan,3125.0,3125.0,3125.0,Rs./Quintal,FAQ
Hanumana APMC,30.0,Metric Tonnes,Common,1650.0,1650.0,1650.0,Rs./Quintal,FAQ
Jabalpur APMC,0.86,Metric Tonnes,Dhan,1945.0,1945.0,1945.0,Rs./Quintal,FAQ
Katni APMC,61.867999999999995,Metric Tonnes,Dhan,1671.0,2500.0,2180.0,Rs./Quintal,Non-FAQ
Katni APMC,16.811000000000003,Metric Tonnes,Paddy,2235.0,2240.0,2240.0,Rs./Quintal,FAQ
Khairlangi APMC,2.0,Metric Tonnes,Paddy,2100.0,2400.0,2400.0,Rs./Quintal,Non-FAQ
Krishi Upaj Mandi Samiti Bichhiya,30.1,Metric Tonnes,Common,2300.0,2310.0,2300.0,Rs./Quintal,FAQ
Krishi Upaj Mandi Samiti Bichhiya,2.15,Metric Tonnes,Dhan,2330.0,2330.0,2330.0,Rs./Quintal,Non-FAQ
Krishi Upaj Mandi Samiti Bichhiya,66.0,Metric Tonnes,Common,1900.0,2200.0,2200.0,Rs./Quintal,Non-FAQ
Krishi Upaj Mandi Samiti Bichhiya,105.62,Metric Tonnes,Dhan,2300.0,2340.0,2310.0,Rs./Quintal,FAQ
Nainpur APMC,10.828000000000001,Metric Tonnes,Common,2050.0,2150.0,2150.0,Rs./Quintal,FAQ
Paraswada APMC,5.0,Metric Tonnes,Dhan,2369.0,2369.0,2369.0,Rs./Quintal,FAQ
Shahpura Bhitoni (F&V) APMC,10.5,Metric Tonnes,Paddy,1850.0,1900.0,1900.0,Rs./Quintal,FAQ
Vidisha APMC,12.892,Metric Tonnes,Paddy,2500.0,4381.0,3200.0,Rs./Quintal,FAQ
Total,725.8,Metric Tonnes,,,,2203.58,Rs./Quintal,
State/UT Name : Maharashtra
APMC Armori ,38.6,Metric Tonnes,Other,2960.0,3470.0,3120.0,Rs./Quintal,FAQ
APMC Brahmpuri ,16.3,Metric Tonnes,Other,3000.0,3100.0,3050.0,Rs./Quintal,FAQ
APMC Chamorshi ,12.8,Metric Tonnes,Other,3673.0,3860.0,3700.0,Rs./Quintal,FAQ
APMC Gadchiroli ,9.0,Metric Tonnes,Other,2960.0,3470.0,3120.0,Rs./Quintal,FAQ
APMC Gondpimpri ,27.5,Metric Tonnes,Other,3650.0,3850.0,3825.0,Rs./Quintal,FAQ
APMC Karjat(Raigad) ,8.7,Metric Tonnes,Other,2369.0,2450.0,2400.0,Rs./Quintal,FAQ
APMC Mul ,24.2,Metric Tonnes,Other,3600.0,3990.0,3800.0,Rs./Quintal,FAQ
APMC Pombhurna,15.7,Metric Tonnes,Other,3320.0,3520.0,3460.0,Rs./Quintal,FAQ
APMC Roha ,0.1,Metric Tonnes,Other,2370.0,2450.0,2410.0,Rs./Quintal,FAQ
APMC Savali ,22.5,Metric Tonnes,Other,3480.0,3860.0,3620.0,Rs./Quintal,FAQ
APMC Tiroda ,1.1,Metric Tonnes,Other,2001.0,2050.0,2026.0,Rs./Quintal,Non-FAQ
APMC Tiroda ,27.3,Metric Tonnes,Other,3012.0,3400.0,3206.0,Rs./Quintal,FAQ
Armori(Desaiganj) ,11.8,Metric Tonnes,Other,2600.0,3650.0,3061.0,Rs./Quintal,FAQ
Total,215.6,Metric Tonnes,,,,3365.03,Rs./Quintal,
State/UT Name : NCT of Delhi
APMC Narela,338.1,Metric Tonnes,Paddy,2651.0,4811.0,3731.0,Rs./Quintal,FAQ
Total,338.1,Metric Tonnes,,,,3731.0,Rs./Quintal,
State/UT Name : Odisha
Karanjia APMC,0.30000000000000004,Metric Tonnes,Other,2369.0,2369.0,2369.0,Rs./Quintal,FAQ
Total,0.3,Metric Tonnes,,,,2369.0,Rs./Quintal,
State/UT Name : Tamil Nadu
Alangudi APMC,2.5,Metric Tonnes,Other,2000.0,2200.0,2100.0,Rs./Quintal,Local
Ambur APMC,0.38,Metric Tonnes,Other,1400.0,1600.0,1500.0,Rs./Quintal,Local
Ammoor APMC,363.9,Metric Tonnes,Other,1481.0,3449.0,2465.0,Rs./Quintal,Local
Arani APMC,49.47,Metric Tonnes,Other,2755.0,3360.0,3057.5,Rs./Quintal,Local
Avalurpet APMC,164.57,Metric Tonnes,Other,2287.0,3540.0,2913.5,Rs./Quintal,Local
Chetpet APMC,5.04,Metric Tonnes,ADT 37,2332.0,2385.0,2358.5,Rs./Quintal,Local
Cuddalore APMC,14.56,Metric Tonnes,Other,2020.0,2140.0,2080.0,Rs./Quintal,Local
Kallupatti RM APMC,42.5,Metric Tonnes,Other,1400.0,1500.0,1450.0,Rs./Quintal,Local
Kilpennathur APMC,3.19,Metric Tonnes,ADT 37,1959.0,2229.0,2094.0,Rs./Quintal,Local
Madurai APMC,42.16,Metric Tonnes,Other,3400.0,4000.0,3700.0,Rs./Quintal,Local
Manamadurai  APMC,9.25,Metric Tonnes,Other,1900.0,2100.0,2000.0,Rs./Quintal,Local
Panruti APMC,0.03,Metric Tonnes,Other,1450.0,1450.0,1450.0,Rs./Quintal,Local
Pavoorchatram APMC,7.58,Metric Tonnes,Ponni,2200.0,2500.0,2350.0,Rs./Quintal,Local
Sangarapuram APMC,4.15,Metric Tonnes,Other,1849.0,2883.0,2366.0,Rs./Quintal,Local
Shrimushnam APMC,2.78,Metric Tonnes,Other,2257.0,2257.0,2257.0,Rs./Quintal,Local
Thirukovilur APMC,76.59,Metric Tonnes,ADT 37,2233.0,2353.0,2293.0,Rs./Quintal,Local
Thirumangalam APMC,2.03,Metric Tonnes,Other,1400.0,1500.0,1450.0,Rs./Quintal,Local
Thirunavalur APMC,1.07,Metric Tonnes,Other,2040.0,2080.0,2060.0,Rs./Quintal,Local
Tiruttani APMC,7.5,Metric Tonnes,Other,1800.0,2000.0,1900.0,Rs./Quintal,Local
Ulundurpettai APMC,33.94,Metric Tonnes,ADT 37,1988.0,3372.0,2680.0,Rs./Quintal,Local
Uthukottai APMC,5.21,Metric Tonnes,Other,1850.0,1950.0,1900.0,Rs./Quintal,Local
Vandavasi APMC,152.88,Metric Tonnes,Other,1867.0,2492.0,2179.5,Rs./Quintal,Local
Vaniyambadi APMC,0.7,Metric Tonnes,Other,1600.0,2000.0,1800.0,Rs./Quintal,Local
Vikkiravandi APMC,0.34,Metric Tonnes,ADT 37,1972.0,2103.0,2037.5,Rs./Quintal,Local
Villupuram APMC,29.0,Metric Tonnes,Other,1941.0,2689.0,2315.0,Rs./Quintal,Local
Total,1021.32,Metric Tonnes,,,,2497.4,Rs./Quintal,
State/UT Name : Telangana
Alampur APMC,67.0,Metric Tonnes,Common,1800.0,2500.0,2200.0,Rs./Quintal,Local
Dammapet APMC,20.0,Metric Tonnes,1001,2400.0,2400.0,2400.0,Rs./Quintal,FAQ
Gajwel APMC,6.0,Metric Tonnes,1001,2400.0,2400.0,2400.0,Rs./Quintal,Local
Gangadhara APMC,0.001,Metric Tonnes,I.R. 64,2369.0,2369.0,2369.0,Rs./Quintal,FAQ
Huzurnagar APMC,20.0,Metric Tonnes,B P T,2500.0,2500.0,2500.0,Rs./Quintal,Local
Huzzurabad APMC,0.001,Metric Tonnes,MTU-1010,2369.0,2389.0,2369.0,Rs./Quintal,FAQ
Jangaon APMC,3.38,Metric Tonnes,I.R. 64,2119.63,2119.63,2119.63,Rs./Quintal,Local
Kamalapur APMC,0.001,Metric Tonnes,Common,2369.0,2389.0,2369.0,Rs./Quintal,FAQ
Kesamudram APMC,37.5,Metric Tonnes,Samba Masuri,2589.0,4356.0,3175.0,Rs./Quintal,Local
Mahabubabad APMC,15.12,Metric Tonnes,Common,1866.0,4455.0,3313.0,Rs./Quintal,Local
Narsapur APMC,0.313,Metric Tonnes,MTU-1010,2389.0,2389.0,2389.0,Rs./Quintal,Grade Range-1
Neredcherla APMC,125.0,Metric Tonnes,B P T,2450.0,2450.0,2450.0,Rs./Quintal,Local
Sattupally APMC,59.0,Metric Tonnes,Samba Masuri,2300.0,2369.0,2350.0,Rs./Quintal,Non-FAQ
Suryapeta APMC,6.0,Metric Tonnes,B P T,2659.0,3813.0,3689.0,Rs./Quintal,Local
Suryapeta APMC,9.8,Metric Tonnes,Other,2408.0,3949.0,3309.0,Rs./Quintal,Local
Suryapeta APMC,0.5,Metric Tonnes,I.R.-64,1926.0,1966.0,1926.0,Rs./Quintal,Local
Suryapeta APMC,4.9,Metric Tonnes,HMT,2710.0,3123.0,2710.0,Rs./Quintal,Local
Tirumalagiri APMC,3.2,Metric Tonnes,I.R. 64,2212.0,2212.0,2212.0,Rs./Quintal,FAQ
V.Saidapur APMC,0.1,Metric Tonnes,MTU-1010,2389.0,2389.0,2389.0,Rs./Quintal,FAQ
V.Saidapur APMC,0.1,Metric Tonnes,1001,2369.0,2369.0,2369.0,Rs./Quintal,Non-FAQ
Total,377.92,Metric Tonnes,,,,2535.31,Rs./Quintal,
State/UT Name : Uttar Pradesh
Aligarh APMC,41.3,Metric Tonnes,Other,3500.0,3500.0,3500.0,Rs./Quintal,FAQ
Azamgarh APMC,46.0,Metric Tonnes,Common,2200.0,2200.0,2200.0,Rs./Quintal,FAQ
Bachranwa APMC,56.0,Metric Tonnes,Common,3050.0,3050.0,3050.0,Rs./Quintal,FAQ
Bahraich APMC,1461.4,Metric Tonnes,Common,1850.0,1850.0,1850.0,Rs./Quintal,FAQ
Bangarmau APMC,131.915,Metric Tonnes,Common,2900.0,2900.0,2900.0,Rs./Quintal,FAQ
Bansi APMC,20.0,Metric Tonnes,Common,2400.0,2400.0,2400.0,Rs./Quintal,FAQ
Barabanki APMC,2.42,Metric Tonnes,Common,2200.0,2200.0,2200.0,Rs./Quintal,FAQ
Bareilly APMC,13.718,Metric Tonnes,Common,2700.0,2800.0,2746.12,Rs./Quintal,FAQ
Bhehjoi APMC,163.9,Metric Tonnes,Other,2400.0,2540.0,2495.69,Rs./Quintal,FAQ
Bilaspur APMC,12.5,Metric Tonnes,Paddy fine,2000.0,2000.0,2000.0,Rs./Quintal,FAQ
Buland Shahr APMC,29.895,Metric Tonnes,Other,3351.0,3791.0,3649.2,Rs./Quintal,FAQ
Buland Shahr APMC,89.897,Metric Tonnes,Basmati,3281.0,3901.0,3652.31,Rs./Quintal,FAQ
Devariya APMC,48.0,Metric Tonnes,Common,2499.98,2500.0,2500.0,Rs./Quintal,FAQ
Divai APMC,70.795,Metric Tonnes,Basmati,3200.0,3300.0,3253.48,Rs./Quintal,FAQ
Gadaura APMC,2.3,Metric Tonnes,Common,2300.0,2300.0,2300.0,Rs./Quintal,FAQ
Gangoh APMC,239.94,Metric Tonnes,Basmati,3000.0,3800.0,3568.81,Rs./Quintal,FAQ
Gangoh APMC,50.46,Metric Tonnes,Other,3000.0,3780.0,3479.66,Rs./Quintal,FAQ
Golagokarnath APMC,8.37,Metric Tonnes,Common,2050.0,2050.0,2050.0,Rs./Quintal,FAQ
Golagokarnath APMC,63.0,Metric Tonnes,Other,1700.0,1810.0,1747.14,Rs./Quintal,FAQ
Gulavati APMC,6.14,Metric Tonnes,Other,3500.0,3500.0,3500.0,Rs./Quintal,FAQ
Hapur APMC,101.76,Metric Tonnes,Basmati,2800.0,3801.0,3318.4,Rs./Quintal,FAQ
Hardoi APMC,346.76,Metric Tonnes,Common,3150.0,3500.0,3338.51,Rs./Quintal,FAQ
Hargaon (Laharpur) APMC,16.5,Metric Tonnes,Common,1900.0,1900.0,1900.0,Rs./Quintal,FAQ
Hasanpur APMC,32.0,Metric Tonnes,Other,2300.0,2300.0,2300.0,Rs./Quintal,FAQ
Islam Nagar APMC,16.5,Metric Tonnes,Other,2250.0,2250.0,2250.0,Rs./Quintal,FAQ
Jahangirabad APMC,5.94,Metric Tonnes,Common,3201.0,3601.0,3491.3,Rs./Quintal,FAQ
Jahangirabad APMC,18.72,Metric Tonnes,Basmati,3330.53,3624.5,3507.09,Rs./Quintal,FAQ
Jahangirabad APMC,73.08,Metric Tonnes,Other,2881.0,3751.0,3541.99,Rs./Quintal,FAQ
Jasvantnagar APMC,44.7,Metric Tonnes,Other,2200.0,2215.0,2206.96,Rs./Quintal,FAQ
Kosikalan APMC,2.946,Metric Tonnes,Common,3000.0,3000.0,3000.0,Rs./Quintal,FAQ
Kosikalan APMC,11.0,Metric Tonnes,ADT 42,3384.65,3384.65,3384.65,Rs./Quintal,FAQ
Kosikalan APMC,96.1,Metric Tonnes,Other,3305.87,3542.0,3450.46,Rs./Quintal,FAQ
Kosikalan APMC,80.1,Metric Tonnes,Basmati,3165.0,3586.0,3408.14,Rs./Quintal,FAQ
Lakhimpur APMC,102.83,Metric Tonnes,Common,1850.0,2120.0,2037.98,Rs./Quintal,FAQ
Mugrabaadshahpur APMC,181.415,Metric Tonnes,Common,2441.0,2600.0,2445.21,Rs./Quintal,FAQ
Nautnava APMC,130.95,Metric Tonnes,Common,2200.0,2200.0,2200.0,Rs./Quintal,FAQ
Nawabganj APMC,10.95,Metric Tonnes,Common,2700.0,2700.0,2700.0,Rs./Quintal,FAQ
Powayan APMC,25.5,Metric Tonnes,Basmati,3527.0,3527.0,3527.0,Rs./Quintal,FAQ
Powayan APMC,7.0,Metric Tonnes,Other,1850.0,1850.0,1850.0,Rs./Quintal,FAQ
Powayan APMC,62.595,Metric Tonnes,Common,1880.0,1880.0,1880.0,Rs./Quintal,FAQ
Pratapgarh APMC,13.2,Metric Tonnes,Common,2200.0,2200.0,2200.0,Rs./Quintal,FAQ
Prayagraj APMC,35.0,Metric Tonnes,Common,1850.0,1850.0,1850.0,Rs./Quintal,FAQ
Prayagraj APMC,3.0,Metric Tonnes,Other,1850.0,1850.0,1850.0,Rs./Quintal,FAQ
Puranpur APMC,61.946,Metric Tonnes,Other,2800.0,3000.0,2975.98,Rs./Quintal,FAQ
Puranpur APMC,88.01,Metric Tonnes,Basmati,4200.0,4200.0,4200.0,Rs./Quintal,FAQ
Puranpur APMC,180.16,Metric Tonnes,Common,1900.0,4200.0,1987.12,Rs./Quintal,FAQ
Safdarganj APMC,15.0,Metric Tonnes,Common,3000.0,3000.0,3000.0,Rs./Quintal,FAQ
Sahiyapur APMC,27.75,Metric Tonnes,Common,2530.0,2530.0,2530.0,Rs./Quintal,FAQ
Salon APMC,26.56,Metric Tonnes,Common,3000.0,3000.0,3000.0,Rs./Quintal,FAQ
Sambhal APMC,29.792,Metric Tonnes,Other,2799.0,2799.0,2799.0,Rs./Quintal,FAQ
Sikarpur APMC,33.0,Metric Tonnes,Basmati,3000.0,3050.0,3025.0,Rs./Quintal,FAQ
Sitapur APMC,29.0,Metric Tonnes,Other,2040.0,2050.0,2044.95,Rs./Quintal,FAQ
Sitapur APMC,3.51,Metric Tonnes,Samba Masuri,2850.0,2850.0,2850.0,Rs./Quintal,FAQ
Unnao APMC,8.5,Metric Tonnes,Other,2600.0,2600.0,2600.0,Rs./Quintal,FAQ
Utraula APMC,20.0,Metric Tonnes,Common,2110.0,2300.0,2224.0,Rs./Quintal,FAQ
Varanasi APMC,6.525,Metric Tonnes,Paddy fine,2369.0,2369.0,2369.0,Rs./Quintal,FAQ
Viswan APMC,14.2,Metric Tonnes,Common,2000.0,2000.0,2000.0,Rs./Quintal,FAQ
Yusufpur APMC,29.51,Metric Tonnes,Common,2900.0,2900.0,2900.0,Rs./Quintal,FAQ
Total,4549.96,Metric Tonnes,,,,2544.96,Rs./Quintal,
State/UT Name : Uttarakhand
Nanakmatta APMC,8.0,Metric Tonnes,Common,2300.0,2370.0,2370.0,Rs./Quintal,Local
Total,8.0,Metric Tonnes,,,,2370.0,Rs./Quintal,
State/UT Name : West Bengal
Bankura Sadar APMC,3.6500000000000004,Metric Tonnes,Common,1950.0,2400.0,2369.0,Rs./Quintal,FAQ
Birbhum APMC,62.0,Metric Tonnes,Common,2371.0,2373.0,2372.0,Rs./Quintal,FAQ
Bolpur APMC,63.0,Metric Tonnes,Common,2371.0,2373.0,2372.0,Rs./Quintal,FAQ
Ghatal APMC,12.9,Metric Tonnes,Common,2445.0,2460.0,2450.0,Rs./Quintal,FAQ
Indus(Bankura Sadar) APMC,3.5,Metric Tonnes,Common,1950.0,2400.0,2369.0,Rs./Quintal,FAQ
Jangipur APMC,27.25,Metric Tonnes,I.R. 36,2450.0,2550.0,2500.0,Rs./Quintal,FAQ
Jiaganj APMC,5.0,Metric Tonnes,I.R. 36,2380.0,2450.0,2400.0,Rs./Quintal,FAQ
Khatra APMC,1.6,Metric Tonnes,Swarna Masuri (New),2300.0,2389.0,2369.0,Rs./Quintal,FAQ
Rampurhat APMC,48.0,Metric Tonnes,Common,2390.0,2410.0,2400.0,Rs./Quintal,FAQ
Sainthia APMC,62.0,Metric Tonnes,Common,2371.0,2373.0,2372.0,Rs./Quintal,FAQ
Total,288.9,Metric Tonnes,,,,2392.6,Rs./Quintal,
Grand Total,18476.56,Metric Tonnes,,,,2678.82,Rs./Quintal,
Rice
State/UT Name : Andhra Pradesh
Narasaraopet APMC,0.1,Metric Tonnes,B P T,6000.0,6000.0,6000.0,Rs./Quintal,FAQ
Tiruvuru APMC,90.0,Metric Tonnes,Sona,5000.0,5000.0,5000.0,Rs./Quintal,Local
Visakhapatnam APMC,0.1,Metric Tonnes,B P T,6300.0,6300.0,6300.0,Rs./Quintal,Grade Range-1
Total,90.2,Metric Tonnes,,,,5002.55,Rs./Quintal,
State/UT Name : Assam
Fancy Bazaar APMC,75.0,Metric Tonnes,Common,3300.0,3580.0,3340.0,Rs./Quintal,FAQ
Fancy Bazaar APMC,80.0,Metric Tonnes,Fine,3400.0,10000.0,7500.0,Rs./Quintal,FAQ
Fancy Bazaar APMC,75.0,Metric Tonnes,Super Fine,7000.0,18500.0,13200.0,Rs./Quintal,FAQ
Total,230.0,Metric Tonnes,,,,8002.17,Rs./Quintal,
State/UT Name : Gujarat
Dahod APMC,8.200000000000001,Metric Tonnes,Lashkari,5000.0,6500.0,6025.0,Rs./Quintal,FAQ
Total,8.2,Metric Tonnes,,,,6025.0,Rs./Quintal,
State/UT Name : Karnataka
APMC THIRTHAHALLI,10.0,Metric Tonnes,Broken Rice,2600.0,2600.0,2600.0,Rs./Quintal,Local
Bantwala APMC,15.0,Metric Tonnes,Other,2000.0,3000.0,2800.0,Rs./Quintal,Local
Bengaluru APMC,837.4000000000001,Metric Tonnes,Dappa,3000.0,3100.0,3050.0,Rs./Quintal,Medium
Bengaluru APMC,1116.6000000000001,Metric Tonnes,Fine,6000.0,7000.0,6500.0,Rs./Quintal,Medium
Bengaluru APMC,837.4000000000001,Metric Tonnes,Medium,5000.0,6000.0,5500.0,Rs./Quintal,Medium
Bhadravathi APMC,47.400000000000006,Metric Tonnes,Medium,2500.0,2700.0,2500.0,Rs./Quintal,Local
Bidar APMC,10.0,Metric Tonnes,CR 1009 (Coarse) Boiled,4500.0,5500.0,5100.0,Rs./Quintal,Small
Davangere APMC,177.0,Metric Tonnes,Medium,2400.0,7045.0,4783.0,Rs./Quintal,Local
Doddaballapur APMC,35.0,Metric Tonnes,Other,4731.0,4731.0,4731.0,Rs./Quintal,Medium
Gangavathi APMC,168.3,Metric Tonnes,Broken Rice,2080.0,2650.0,2510.0,Rs./Quintal,Small
Gangavathi APMC,140.5,Metric Tonnes,Other,2400.0,6154.0,2600.0,Rs./Quintal,Small
H.B. Halli APMC,99.0,Metric Tonnes,Broken Rice,2700.0,2700.0,2700.0,Rs./Quintal,Large
Haveri APMC,20.200000000000003,Metric Tonnes,Coarse,2520.0,2520.0,2520.0,Rs./Quintal,Large
Honnali APMC,81.0,Metric Tonnes,I.R.-64,2600.0,2600.0,2600.0,Rs./Quintal,Medium
Kalaburagi APMC,2.5,Metric Tonnes,Broken Rice,2350.0,3100.0,2700.0,Rs./Quintal,Local
Kalaburagi APMC,2.2,Metric Tonnes,Coarse,3350.0,4100.0,3700.0,Rs./Quintal,Local
Kalaburagi APMC,1.5,Metric Tonnes,Fine,4100.0,5550.0,4450.0,Rs./Quintal,Local
Kampli APMC,8.9,Metric Tonnes,Medium,4840.0,4840.0,4840.0,Rs./Quintal,Local
Malur APMC,15.600000000000001,Metric Tonnes,Sona,4000.0,6000.0,4845.0,Rs./Quintal,Local
Mandya APMC,505.0,Metric Tonnes,Other,2210.0,2400.0,2300.0,Rs./Quintal,Local
Mandya APMC,110.0,Metric Tonnes,Broken Rice,2200.0,2200.0,2200.0,Rs./Quintal,Local
Manvi APMC,108.0,Metric Tonnes,Broken Rice,2768.0,2770.0,2769.0,Rs./Quintal,Small
Mundgod APMC,11.200000000000001,Metric Tonnes,Boiled Rice,2410.0,2420.0,2410.0,Rs./Quintal,Small
Mysuru APMC,30.0,Metric Tonnes,Broken Rice,2720.0,2720.0,2720.0,Rs./Quintal,Local
Mysuru APMC,24.700000000000003,Metric Tonnes,Fine,4074.0,8085.0,4074.0,Rs./Quintal,Local
Sakaleshpura APMC,5.5,Metric Tonnes,Boiled Rice,2750.0,2750.0,2750.0,Rs./Quintal,Small
Shimoga APMC,92.0,Metric Tonnes,Dappa,2500.0,2810.0,2600.0,Rs./Quintal,Local
Sindhanur APMC,118.4,Metric Tonnes,Medium,2800.0,5850.0,5500.0,Rs./Quintal,FAQ
Somvarpet APMC,6.0,Metric Tonnes,IR 20 Fine Raw,2800.0,2800.0,2800.0,Rs./Quintal,Grade Range-1
Sorabha APMC,80.0,Metric Tonnes,Fine,1900.0,2500.0,2350.0,Rs./Quintal,Local
Tumakuru APMC,20.200000000000003,Metric Tonnes,Other,3850.0,6480.0,4850.0,Rs./Quintal,Local
Total,4736.5,Metric Tonnes,,,,4274.08,Rs./Quintal,
State/UT Name : Maharashtra
APMC  VASAI,35.0,Metric Tonnes,1009 Kar,3750.0,4850.0,4450.0,Rs./Quintal,Local
APMC Alibagh ,1.0,Metric Tonnes,Other,4000.0,4500.0,4250.0,Rs./Quintal,Local
APMC Bhandara ,0.1,Metric Tonnes,1009 Kar,5700.0,5700.0,5700.0,Rs./Quintal,Local
APMC Kalyan ,0.3,Metric Tonnes,Other,8200.0,10200.0,9200.0,Rs./Quintal,Local
APMC Karjat(Raigad) ,24.6,Metric Tonnes,Other,3800.0,5600.0,5000.0,Rs./Quintal,Local
APMC Mangaon ,5.8,Metric Tonnes,Other,1900.0,4800.0,3800.0,Rs./Quintal,Local
APMC Mumbai ,283.4,Metric Tonnes,Other,8000.0,11000.0,10000.0,Rs./Quintal,Local
APMC Murud ,1.0,Metric Tonnes,Other,4000.0,4500.0,4250.0,Rs./Quintal,Local
APMC Nagpur ,2.0,Metric Tonnes,Other,6200.0,6500.0,6425.0,Rs./Quintal,Local
APMC Palghar ,27.0,Metric Tonnes,1009 Kar,4801.0,4801.0,4801.0,Rs./Quintal,Local
APMC Pune ,56.5,Metric Tonnes,Other,4600.0,7500.0,6050.0,Rs./Quintal,Local
APMC Sangli ,37.2,Metric Tonnes,Other,5000.0,9000.0,7000.0,Rs./Quintal,Local
APMC Solapur ,78.9,Metric Tonnes,Other,3580.0,7335.0,4190.0,Rs./Quintal,Local
APMC Ulhasnagar ,60.0,Metric Tonnes,Other,5000.0,6000.0,5500.0,Rs./Quintal,Local
Kolhapur(Laxmipuri) ,0.9,Metric Tonnes,1009 Kar,3200.0,9500.0,6350.0,Rs./Quintal,Local
Total,613.7,Metric Tonnes,,,,7426.48,Rs./Quintal,
State/UT Name : Meghalaya
Shillong APMC,1.0,Metric Tonnes,Khaw Khasi,5600.0,5800.0,5700.0,Rs./Quintal,FAQ
Total,1.0,Metric Tonnes,,,,5700.0,Rs./Quintal,
State/UT Name : Odisha
Bolangir APMC,6.5,Metric Tonnes,Suvarna Best,3600.0,4000.0,3800.0,Rs./Quintal,Local
Karanjia APMC,0.30000000000000004,Metric Tonnes,Other,3600.0,3700.0,3700.0,Rs./Quintal,FAQ
Karanjia APMC,0.30000000000000004,Metric Tonnes,Common,3500.0,3600.0,3600.0,Rs./Quintal,FAQ
Tusura APMC,4.5,Metric Tonnes,Boiled Rice,3600.0,4000.0,3800.0,Rs./Quintal,Local
Total,11.6,Metric Tonnes,,,,3792.24,Rs./Quintal,
State/UT Name : Tripura
Bishalgarh APMC,0.4,Metric Tonnes,Fine,4300.0,4500.0,4400.0,Rs./Quintal,Local
Bishalgarh APMC,0.5,Metric Tonnes,Masuri,3700.0,3900.0,3800.0,Rs./Quintal,Local
Dasda APMC,4.0,Metric Tonnes,Other,3250.0,3350.0,3300.0,Rs./Quintal,FAQ
Jampuijala APMC,0.1,Metric Tonnes,Fine,4000.0,4400.0,4200.0,Rs./Quintal,Grade Range-1
Masli,0.9,Metric Tonnes,1009 Kar,3200.0,4000.0,3500.0,Rs./Quintal,Local
Melaghar APMC,0.5,Metric Tonnes,Masuri,4500.0,4700.0,4600.0,Rs./Quintal,Local
Melaghar APMC,0.5,Metric Tonnes,Fine,4900.0,5100.0,5000.0,Rs./Quintal,Local
Total,6.9,Metric Tonnes,,,,3656.52,Rs./Quintal,
State/UT Name : Uttar Pradesh
Agra APMC,5.0,Metric Tonnes,Broken Rice(Kanki),5976.32,5976.32,5976.32,Rs./Quintal,FAQ
Agra APMC,71.0,Metric Tonnes,Common,3251.0,10100.31,5324.99,Rs./Quintal,FAQ
Agra APMC,200.0,Metric Tonnes,Other,3000.0,3000.0,3000.0,Rs./Quintal,FAQ
Ahirora APMC,9.3,Metric Tonnes,Common,3400.0,3500.0,3440.65,Rs./Quintal,FAQ
Akbarpur APMC,61.2,Metric Tonnes,Common,2450.0,2500.0,2475.49,Rs./Quintal,FAQ
Aligarh APMC,3.0,Metric Tonnes,Common,5600.0,5600.0,5600.0,Rs./Quintal,FAQ
Atarra APMC,38.1,Metric Tonnes,Common,2400.0,2500.0,2413.91,Rs./Quintal,FAQ
Auraiya APMC,59.88,Metric Tonnes,Other,2700.0,2700.0,2700.0,Rs./Quintal,FAQ
Azamgarh APMC,127.595,Metric Tonnes,Common,2400.0,2700.0,2465.6,Rs./Quintal,FAQ
Bahraich APMC,13.0,Metric Tonnes,Common,2300.0,2300.0,2300.0,Rs./Quintal,FAQ
Bahraich APMC,53.5,Metric Tonnes,Other,2700.0,2700.0,2700.0,Rs./Quintal,FAQ
Balrampur APMC,43.5,Metric Tonnes,Common,2400.0,2700.0,2575.86,Rs./Quintal,FAQ
Bangarmau APMC,45.0,Metric Tonnes,Common,2300.0,2300.0,2300.0,Rs./Quintal,FAQ
Bansi APMC,9.9,Metric Tonnes,Common,2600.0,2600.0,2600.0,Rs./Quintal,FAQ
Banthara APMC,44.7,Metric Tonnes,Common,2550.0,2800.0,2680.54,Rs./Quintal,FAQ
Basti APMC,21.8,Metric Tonnes,Other,2500.0,2500.0,2500.0,Rs./Quintal,FAQ
Basti APMC,43.5,Metric Tonnes,Common,2500.0,2600.0,2579.31,Rs./Quintal,FAQ
Chorichora APMC,20.0,Metric Tonnes,Common,2200.0,2200.0,2200.0,Rs./Quintal,FAQ
Deoband APMC,14.85,Metric Tonnes,Other,3500.0,3500.0,3500.0,Rs./Quintal,FAQ
Devariya APMC,5.5,Metric Tonnes,Common,2400.0,2400.0,2400.0,Rs./Quintal,FAQ
Dibiapur APMC,30.36,Metric Tonnes,Common,2600.0,2600.0,2600.0,Rs./Quintal,FAQ
Gadaura APMC,51.8,Metric Tonnes,Common,2300.0,2300.0,2300.0,Rs./Quintal,FAQ
Hasanpur APMC,4.62,Metric Tonnes,Other,8844.78,8844.78,8844.78,Rs./Quintal,FAQ
Jaunpur APMC,0.95,Metric Tonnes,Common,2450.0,2450.0,2450.0,Rs./Quintal,FAQ
Jaunpur APMC,14.01,Metric Tonnes,Other,6604.77,6604.77,6604.77,Rs./Quintal,FAQ
Jhansi APMC,3.98,Metric Tonnes,Common,6069.02,6069.02,6069.02,Rs./Quintal,FAQ
Kanpur(Grain) APMC,8.82,Metric Tonnes,Common,5939.08,5939.08,5939.08,Rs./Quintal,FAQ
Kopaganj APMC,30.38,Metric Tonnes,Common,2450.0,2490.0,2467.95,Rs./Quintal,FAQ
Manjhanpur APMC,24.69,Metric Tonnes,Other,2500.0,2500.0,2500.0,Rs./Quintal,FAQ
Mirzapur APMC,6.3,Metric Tonnes,Common,2700.0,2700.0,2700.0,Rs./Quintal,FAQ
Muradnagar APMC,1.6,Metric Tonnes,Basmati Dawat,4581.25,4581.25,4581.25,Rs./Quintal,FAQ
Nawabganj APMC,10.3,Metric Tonnes,Common,2600.0,2600.0,2600.0,Rs./Quintal,FAQ
Partaval APMC,30.0,Metric Tonnes,Common,2200.0,2200.0,2200.0,Rs./Quintal,FAQ
Prayagraj APMC,18.38,Metric Tonnes,Other,3000.0,3000.0,3000.0,Rs./Quintal,FAQ
Purwa APMC,2.696,Metric Tonnes,Rice Bran(Kukuf),2550.15,2550.15,2550.15,Rs./Quintal,FAQ
Purwa APMC,33.454,Metric Tonnes,Common,2500.0,2550.45,2513.27,Rs./Quintal,FAQ
Raibareilly APMC,5.263,Metric Tonnes,Common,2600.0,2600.0,2600.0,Rs./Quintal,FAQ
Rampur APMC,3.0,Metric Tonnes,Common,2756.67,2756.67,2756.67,Rs./Quintal,FAQ
Rasda APMC,30.0,Metric Tonnes,Common,2500.0,2500.0,2500.0,Rs./Quintal,FAQ
Sahiyapur APMC,39.0,Metric Tonnes,Other,2550.0,2550.0,2550.0,Rs./Quintal,FAQ
Saidpur APMC,29.13,Metric Tonnes,Common,2600.0,2600.0,2600.0,Rs./Quintal,FAQ
Sandila APMC,34.8,Metric Tonnes,Common,2550.0,2550.0,2550.0,Rs./Quintal,FAQ
Sehjanwa APMC,80.5,Metric Tonnes,Common,2200.0,2200.0,2200.0,Rs./Quintal,FAQ
Shamli APMC,4.6,Metric Tonnes,Other,4770.0,4770.0,4770.0,Rs./Quintal,FAQ
Shohratgarh APMC,27.0,Metric Tonnes,Mataa Parboiled,3400.0,3400.0,3400.0,Rs./Quintal,FAQ
Sitapur APMC,69.0,Metric Tonnes,Common,2400.0,2400.0,2400.0,Rs./Quintal,FAQ
Sultanpur APMC,29.79,Metric Tonnes,Other,2500.0,2500.0,2500.0,Rs./Quintal,FAQ
Sultanpur APMC,59.8,Metric Tonnes,Common,2500.0,2500.0,2500.0,Rs./Quintal,FAQ
Tanda Akbarpur APMC,4.0,Metric Tonnes,Other,2450.0,2450.0,2450.0,Rs./Quintal,FAQ
Unnao APMC,48.29,Metric Tonnes,Common,2400.0,2480.0,2424.68,Rs./Quintal,FAQ
Utraula APMC,25.0,Metric Tonnes,Common,2500.0,2500.0,2500.0,Rs./Quintal,FAQ
Uttaripura APMC,336.73,Metric Tonnes,Common,2150.0,2150.0,2150.0,Rs./Quintal,FAQ
Yusufpur APMC,36.8,Metric Tonnes,Common,2500.0,2500.0,2500.0,Rs./Quintal,FAQ
Total,2025.37,Metric Tonnes,,,,2688.27,Rs./Quintal,
State/UT Name : Uttarakhand
Gadarpur APMC,400.4,Metric Tonnes,Other,4000.0,4000.0,4000.0,Rs./Quintal,Local
Total,400.4,Metric Tonnes,,,,4000.0,Rs./Quintal,
State/UT Name : West Bengal
Asansol APMC,54.0,Metric Tonnes,Fine,4685.0,4850.0,4765.0,Rs./Quintal,FAQ
Balarampur APMC,5.1,Metric Tonnes,Other,3500.0,3700.0,3600.0,Rs./Quintal,FAQ
Bankura Sadar APMC,25.5,Metric Tonnes,Common,3100.0,3250.0,3200.0,Rs./Quintal,FAQ
Baruipur(Canning) APMC,5.0,Metric Tonnes,Common,3100.0,3300.0,3200.0,Rs./Quintal,FAQ
Baruipur(Canning) APMC,4.5,Metric Tonnes,Fine,5100.0,5300.0,5200.0,Rs./Quintal,FAQ
Baxirhat APMC,16.0,Metric Tonnes,Common,4000.0,4200.0,4100.0,Rs./Quintal,FAQ
Bethuadahari APMC,8.7,Metric Tonnes,Fine,4950.0,5050.0,5000.0,Rs./Quintal,Grade Range-1
Birbhum APMC,38.0,Metric Tonnes,Common,3550.0,3650.0,3600.0,Rs./Quintal,FAQ
Bishnupur(Bankura) APMC,0.22999999999999998,Metric Tonnes,Fine,4600.0,4800.0,4700.0,Rs./Quintal,FAQ
Bishnupur(Bankura) APMC,0.31000000000000005,Metric Tonnes,Common,3600.0,3750.0,3700.0,Rs./Quintal,FAQ
Bolpur APMC,33.0,Metric Tonnes,Common,3550.0,3650.0,3600.0,Rs./Quintal,FAQ
Burdwan APMC,24.0,Metric Tonnes,Fine,3600.0,3800.0,3650.0,Rs./Quintal,FAQ
Burdwan APMC,20.0,Metric Tonnes,Common,3250.0,3400.0,3300.0,Rs./Quintal,FAQ
Champadanga APMC,2.4,Metric Tonnes,Sona Mansoori Non Basmati,3300.0,3350.0,3300.0,Rs./Quintal,FAQ
Champadanga APMC,3.0,Metric Tonnes,Fine,4650.0,4750.0,4700.0,Rs./Quintal,FAQ
Diamond Harbour(South 24-pgs) APMC,7.5,Metric Tonnes,Common,3300.0,3500.0,3400.0,Rs./Quintal,FAQ
Diamond Harbour(South 24-pgs) APMC,6.5,Metric Tonnes,Super Fine,4900.0,5100.0,5000.0,Rs./Quintal,FAQ
Dinhata APMC,15.0,Metric Tonnes,Common,4000.0,4200.0,4100.0,Rs./Quintal,FAQ
Durgapur APMC,52.0,Metric Tonnes,Fine,4675.0,4850.0,4765.0,Rs./Quintal,FAQ
Egra/contai APMC,45.0,Metric Tonnes,Fine,3200.0,3400.0,3300.0,Rs./Quintal,FAQ
Gajol APMC,18.5,Metric Tonnes,Common,4250.0,4450.0,4350.0,Rs./Quintal,FAQ
Ghatal APMC,12.8,Metric Tonnes,Masuri,3600.0,3630.0,3620.0,Rs./Quintal,FAQ
Guskara APMC,10.5,Metric Tonnes,Common,3250.0,3300.0,3300.0,Rs./Quintal,FAQ
Guskara APMC,35.5,Metric Tonnes,Fine,3800.0,3850.0,3850.0,Rs./Quintal,FAQ
Haldibari APMC,15.0,Metric Tonnes,Common,4000.0,4200.0,4100.0,Rs./Quintal,FAQ
Indus(Bankura Sadar) APMC,6.25,Metric Tonnes,Fine,4500.0,4600.0,4550.0,Rs./Quintal,FAQ
Jangipur APMC,23.35,Metric Tonnes,Common,5100.0,5300.0,5200.0,Rs./Quintal,FAQ
Jiaganj APMC,15.0,Metric Tonnes,Fine,3500.0,3600.0,3550.0,Rs./Quintal,FAQ
Kaliaganj APMC,15.0,Metric Tonnes,Fine,5400.0,5600.0,5500.0,Rs./Quintal,FAQ
Kalipur APMC,12.0,Metric Tonnes,Common,3260.0,3300.0,3280.0,Rs./Quintal,FAQ
Kalipur APMC,13.4,Metric Tonnes,Fine,4600.0,4700.0,4650.0,Rs./Quintal,FAQ
Kalna APMC,10.5,Metric Tonnes,Other,3250.0,3300.0,3250.0,Rs./Quintal,FAQ
Kalna APMC,36.5,Metric Tonnes,Fine,3850.0,3900.0,3900.0,Rs./Quintal,FAQ
Kalyani APMC,6.0,Metric Tonnes,Fine,4800.0,5000.0,4900.0,Rs./Quintal,Local
Kalyani APMC,3.0,Metric Tonnes,Sona,4600.0,4800.0,4700.0,Rs./Quintal,Local
Kalyani APMC,3.0,Metric Tonnes,Masuri,3300.0,3500.0,3400.0,Rs./Quintal,Local
Kandi APMC,12.0,Metric Tonnes,Common,3500.0,3700.0,3600.0,Rs./Quintal,FAQ
Karimpur APMC,10.0,Metric Tonnes,Fine,4800.0,5000.0,4900.0,Rs./Quintal,Grade Range-1
Kasimbazar APMC,12.0,Metric Tonnes,Common,3500.0,3700.0,3600.0,Rs./Quintal,FAQ
Khatra APMC,0.36000000000000004,Metric Tonnes,Common,3600.0,3750.0,3700.0,Rs./Quintal,FAQ
Kolaghat APMC,5.0,Metric Tonnes,Common,3200.0,3400.0,3300.0,Rs./Quintal,FAQ
Kolaghat APMC,5.0,Metric Tonnes,Fine,4200.0,4400.0,4300.0,Rs./Quintal,FAQ
Lalbagh APMC,12.0,Metric Tonnes,Other,3500.0,3700.0,3600.0,Rs./Quintal,FAQ
Mathabhanga APMC,15.0,Metric Tonnes,Common,4000.0,4200.0,4100.0,Rs./Quintal,FAQ
Mekhliganj APMC,16.0,Metric Tonnes,Common,4000.0,4200.0,4100.0,Rs./Quintal,FAQ
Memari APMC,17.0,Metric Tonnes,Common,3250.0,3400.0,3300.0,Rs./Quintal,FAQ
Memari APMC,16.0,Metric Tonnes,Fine,3650.0,3800.0,3700.0,Rs./Quintal,FAQ
Nadia APMC,6.2,Metric Tonnes,Common,3200.0,3300.0,3250.0,Rs./Quintal,Local
Nadia APMC,10.5,Metric Tonnes,Fine,4600.0,4700.0,4700.0,Rs./Quintal,Local
Pandua APMC,6.0,Metric Tonnes,Fine,4200.0,4525.0,4375.0,Rs./Quintal,FAQ
Purulia APMC,15.0,Metric Tonnes,Other,3400.0,3600.0,3500.0,Rs./Quintal,FAQ
Ramkrishanpur(Howrah) APMC,0.30000000000000004,Metric Tonnes,Sona Mansoori Non Basmati,3300.0,3500.0,3400.0,Rs./Quintal,FAQ
Ramkrishanpur(Howrah) APMC,0.2,Metric Tonnes,Other,3500.0,3700.0,3600.0,Rs./Quintal,FAQ
Rampurhat APMC,32.0,Metric Tonnes,Common,3450.0,3520.0,3500.0,Rs./Quintal,FAQ
Ranaghat APMC,10.2,Metric Tonnes,Fine,4600.0,4800.0,4700.0,Rs./Quintal,Local
Sainthia APMC,37.0,Metric Tonnes,Common,3550.0,3650.0,3600.0,Rs./Quintal,FAQ
Samsi APMC,9.5,Metric Tonnes,Fine,5200.0,5450.0,5300.0,Rs./Quintal,FAQ
Sheoraphuly APMC,6.1,Metric Tonnes,Masuri,3225.0,3300.0,3250.0,Rs./Quintal,FAQ
Siliguri APMC,270.0,Metric Tonnes,Fine(Basmati),5100.0,5300.0,5200.0,Rs./Quintal,FAQ
Tamluk (Medinipur E) APMC,8.0,Metric Tonnes,Common,3200.0,3400.0,3300.0,Rs./Quintal,FAQ
Tamluk (Medinipur E) APMC,8.0,Metric Tonnes,Fine,4200.0,4400.0,4300.0,Rs./Quintal,FAQ
Toofanganj APMC,15.0,Metric Tonnes,Common,4000.0,4200.0,4100.0,Rs./Quintal,FAQ
Uluberia APMC,0.25,Metric Tonnes,Sona Mansoori Non Basmati,3300.0,3500.0,3400.0,Rs./Quintal,FAQ
Uluberia APMC,0.15000000000000002,Metric Tonnes,Other,3500.0,3700.0,3600.0,Rs./Quintal,FAQ
Total,1156.8,Metric Tonnes,,,,4264.71,Rs./Quintal,
Grand Total,9280.67,Metric Tonnes,,,,4223.58,Rs./Quintal,
Wheat (MSP: Rs. 2585.00/Quintal)
State/UT Name : Bihar
Barbigha APMC,10.0,Metric Tonnes,147 Average,2500.0,2660.0,2560.0,Rs./Quintal,FAQ
Shekhpura APMC,15.0,Metric Tonnes,147 Average,2500.0,2640.0,2560.0,Rs./Quintal,FAQ
Total,25.0,Metric Tonnes,,,,2560.0,Rs./Quintal,
State/UT Name : Chattisgarh
Bemetara APMC,12.0,Metric Tonnes,Deshi,2000.0,2000.0,2000.0,Rs./Quintal,Non-FAQ
Bhatapara APMC,10.8,Metric Tonnes,Local,2481.0,2638.0,2585.0,Rs./Quintal,Non-FAQ
Mungeli APMC,1.0,Metric Tonnes,Local,2480.0,2590.0,2550.0,Rs./Quintal,FAQ
Rajnandgaon APMC,7.2,Metric Tonnes,Deshi,2691.0,2770.0,2730.0,Rs./Quintal,Non-FAQ
Total,31.0,Metric Tonnes,,,,2391.1,Rs./Quintal,
State/UT Name : Gujarat
APMC Bagasara,1.5,Metric Tonnes,Lokwan Gujrat,2435.0,2630.0,2530.0,Rs./Quintal,Local
Babra APMC,3.0,Metric Tonnes,Medium,2605.0,2710.0,2655.0,Rs./Quintal,FAQ
Bhesan APMC,1.0,Metric Tonnes,Other,1500.0,2500.0,2000.0,Rs./Quintal,FAQ
Bhiloda APMC,30.0,Metric Tonnes,Other,2600.0,2900.0,2750.0,Rs./Quintal,FAQ
Borsad APMC,3.0,Metric Tonnes,Other,2150.0,2150.0,2150.0,Rs./Quintal,Local
Dahod APMC,228.5,Metric Tonnes,147 Average,2850.0,2900.0,2870.0,Rs./Quintal,Local
Deesa APMC,15.0,Metric Tonnes,Other,2500.0,2765.0,2700.0,Rs./Quintal,FAQ
Dehgam APMC,7.6000000000000005,Metric Tonnes,Other,2700.0,2745.0,2722.0,Rs./Quintal,FAQ
Dehgam(Rekhiyal) APMC,0.7000000000000001,Metric Tonnes,Other,2600.0,2675.0,2637.0,Rs./Quintal,FAQ
Dhanera APMC,1.2000000000000002,Metric Tonnes,Other,2560.0,2585.0,2575.0,Rs./Quintal,Local
Dhari APMC,0.438,Metric Tonnes,Lokwan,2605.0,2640.0,2610.0,Rs./Quintal,FAQ
Harij APMC,8.5,Metric Tonnes,Other,2475.0,2805.0,2640.0,Rs./Quintal,Local
Himatnagar APMC,19.200000000000003,Metric Tonnes,Sonalika,2600.0,2880.0,2750.0,Rs./Quintal,Local
Jetpur(Dist.Rajkot) APMC,24.6,Metric Tonnes,Lokwan,2550.0,2750.0,2650.0,Rs./Quintal,FAQ
Jetpur(Dist.Rajkot) APMC,10.0,Metric Tonnes,Other,2575.0,2900.0,2750.0,Rs./Quintal,FAQ
Kadi APMC,34.2,Metric Tonnes,Other,2500.0,3060.0,2800.0,Rs./Quintal,FAQ
Kalol APMC,3.0,Metric Tonnes,Other,2700.0,2810.0,2750.0,Rs./Quintal,Local
Kapadvanj APMC,12.0,Metric Tonnes,Other,2500.0,2550.0,2525.0,Rs./Quintal,Local
Khambhat(Grain Market) APMC,5.0,Metric Tonnes,Other,2000.0,2600.0,2250.0,Rs./Quintal,Local
Mahuva(Station Road) APMC,22.45,Metric Tonnes,Kalyan,2390.0,3075.0,2733.0,Rs./Quintal,FAQ
Mansa APMC,5.0,Metric Tonnes,Local,2640.0,2835.0,2675.0,Rs./Quintal,Local
Meghraj APMC,7.0,Metric Tonnes,Other,2450.0,2550.0,2550.0,Rs./Quintal,Local
Mehsana APMC,11.8,Metric Tonnes,Local,2500.0,2755.0,2650.0,Rs./Quintal,Local
Mehsana(Jornang) APMC,0.30000000000000004,Metric Tonnes,Other,2675.0,2855.0,2750.0,Rs./Quintal,Local
Modasa APMC,8.700000000000001,Metric Tonnes,Lokwan Gujrat,2675.0,2750.0,2750.0,Rs./Quintal,FAQ
Modasa(Tintoi) APMC,4.5,Metric Tonnes,Lokwan,2575.0,2650.0,2650.0,Rs./Quintal,FAQ
Morva Hafad APMC,0.5,Metric Tonnes,Deshi,2000.0,2400.0,2200.0,Rs./Quintal,Local
Palanpur APMC,1.75,Metric Tonnes,Deshi,2665.0,2665.0,2665.0,Rs./Quintal,Local
Palitana APMC,8.02,Metric Tonnes,Other,2490.0,2695.0,2590.0,Rs./Quintal,Local
Patan APMC,46.550000000000004,Metric Tonnes,Other,2605.0,2840.0,2750.0,Rs./Quintal,FAQ
Porbandar APMC,0.8,Metric Tonnes,Deshi,2560.0,2600.0,2580.0,Rs./Quintal,FAQ
Radhanpur APMC,10.3,Metric Tonnes,Other,2525.0,2690.0,2600.0,Rs./Quintal,Local
Sami APMC,0.2,Metric Tonnes,Deshi,2250.0,2550.0,2500.0,Rs./Quintal,Local
Siddhpur APMC,24.605000000000004,Metric Tonnes,Hybrid,2630.0,2825.0,2727.0,Rs./Quintal,FAQ
Tharad APMC,4.0,Metric Tonnes,Other,2460.0,2590.0,2525.0,Rs./Quintal,Local
The Agricultural Produce Market Committee-Amreli,22.200000000000003,Metric Tonnes,Lokwan,2575.0,2975.0,2900.0,Rs./Quintal,FAQ
The Agricultural Produce Market Committee-Amreli,61.300000000000004,Metric Tonnes,Rajasthan Tukdi,2300.0,3025.0,2800.0,Rs./Quintal,FAQ
Vadali APMC,1.2000000000000002,Metric Tonnes,Other,2500.0,2650.0,2575.0,Rs./Quintal,FAQ
Vadgam APMC,0.7000000000000001,Metric Tonnes,Other,2500.0,2500.0,2500.0,Rs./Quintal,FAQ
Vankaner APMC,61.0,Metric Tonnes,Lokwan,2300.0,2755.0,2675.0,Rs./Quintal,FAQ
Veraval APMC,2.2800000000000002,Metric Tonnes,Medium Fine,2695.0,2770.0,2725.0,Rs./Quintal,FAQ
Viramgam APMC,1.2000000000000002,Metric Tonnes,Other,2650.0,2700.0,2675.0,Rs./Quintal,Local
Visnagar APMC,24.5,Metric Tonnes,Other,2550.0,2820.0,2685.0,Rs./Quintal,Local
Zalod(Sanjeli) APMC,1.0,Metric Tonnes,Other,2625.0,2625.0,2625.0,Rs./Quintal,Grade Range-2
Total,740.29,Metric Tonnes,,,,2759.37,Rs./Quintal,
State/UT Name : Haryana
Khanina APMC,0.5,Metric Tonnes,Other,2580.0,2580.0,2580.0,Rs./Quintal,FAQ
Total,0.5,Metric Tonnes,,,,2580.0,Rs./Quintal,
State/UT Name : Karnataka
APMC Hubballi,1.0,Metric Tonnes,Jawari,2329.0,2429.0,2405.0,Rs./Quintal,Local
Basava Kalayana APMC,1.0,Metric Tonnes,Mexican,2280.0,2690.0,2541.0,Rs./Quintal,FAQ
Basava Kalayana APMC,2.3000000000000003,Metric Tonnes,Mill Quality,3100.0,4500.0,4250.0,Rs./Quintal,Non-FAQ
Bengaluru APMC,86.0,Metric Tonnes,Local,3200.0,4500.0,3850.0,Rs./Quintal,FAQ
Gadag APMC,9.0,Metric Tonnes,White,1639.0,2485.0,2308.0,Rs./Quintal,FAQ
Hassan APMC,7.4,Metric Tonnes,Other,3300.0,3725.0,3325.0,Rs./Quintal,Local
Kalaburagi APMC,1.8,Metric Tonnes,Sharbati,2200.0,3150.0,2800.0,Rs./Quintal,Local
Mysuru APMC,23.8,Metric Tonnes,Local,3305.0,3931.0,3931.0,Rs./Quintal,Local
Shiggoan APMC,1.8,Metric Tonnes,Local,2300.0,2300.0,2300.0,Rs./Quintal,Non-FAQ
Shimoga APMC,20.0,Metric Tonnes,Medium,2500.0,2500.0,2500.0,Rs./Quintal,Local
Vijayapura APMC,9.1,Metric Tonnes,Sona,2583.0,3250.0,2594.0,Rs./Quintal,Local
Total,163.2,Metric Tonnes,,,,3477.58,Rs./Quintal,
State/UT Name : Madhya Pradesh
A lot APMC,158.43,Metric Tonnes,Wheat,2400.0,2692.0,2670.0,Rs./Quintal,FAQ
Agar APMC,239.57500000000002,Metric Tonnes,Wheat,2450.0,2707.0,2571.0,Rs./Quintal,FAQ
Agar APMC,51.336000000000006,Metric Tonnes,Wheat,2263.0,2312.0,2312.0,Rs./Quintal,Non-FAQ
Ajaygarh APMC,40.800000000000004,Metric Tonnes,Mill Quality,2500.0,2520.0,2500.0,Rs./Quintal,FAQ
Akodiya APMC,4.194,Metric Tonnes,Wheat,2612.0,2760.0,2760.0,Rs./Quintal,FAQ
Alampur APMC,134.8,Metric Tonnes,Wheat,2530.0,2620.0,2550.0,Rs./Quintal,Non-FAQ
Alirajpur APMC,25.180000000000003,Metric Tonnes,Wheat,2500.0,2510.0,2510.0,Rs./Quintal,FAQ
Amarpatan APMC,24.039,Metric Tonnes,Mill Quality,2510.0,2535.0,2535.0,Rs./Quintal,FAQ
Amarwda APMC,41.0,Metric Tonnes,Wheat,2600.0,2650.0,2600.0,Rs./Quintal,FAQ
Aron APMC,99.868,Metric Tonnes,Wheat,2528.0,5350.0,2700.0,Rs./Quintal,FAQ
Ashoknagar APMC,105.79400000000001,Metric Tonnes,Sharbati,2915.0,5395.0,3900.0,Rs./Quintal,FAQ
Ashoknagar APMC,317.029,Metric Tonnes,Wheat,2400.0,3205.0,2655.0,Rs./Quintal,FAQ
Ashta APMC,472.954,Metric Tonnes,Wheat,2600.0,5361.0,2625.0,Rs./Quintal,FAQ
Babai (Makhan Nagar) APMC,5.050000000000001,Metric Tonnes,Mill Quality,2500.0,2510.0,2510.0,Rs./Quintal,FAQ
Badamalhera APMC,413.115,Metric Tonnes,Mill Quality,2480.0,2650.0,2650.0,Rs./Quintal,Non-FAQ
Badarwas APMC,49.766000000000005,Metric Tonnes,Wheat,2500.0,4505.0,2650.0,Rs./Quintal,Non-FAQ
Badnagar APMC,26.700000000000003,Metric Tonnes,Wheat,2791.0,2840.0,2840.0,Rs./Quintal,Non-FAQ
Badnawar APMC,79.27000000000001,Metric Tonnes,Wheat,2300.0,2875.0,2740.0,Rs./Quintal,FAQ
Badod APMC,24.889,Metric Tonnes,Wheat,2541.0,2703.0,2680.0,Rs./Quintal,Non-FAQ
Badwaha APMC,35.48500000000001,Metric Tonnes,Wheat,2501.0,2700.0,2694.0,Rs./Quintal,FAQ
Bagli APMC,24.189,Metric Tonnes,Mill Quality,2322.0,2425.0,2425.0,Rs./Quintal,Non-FAQ
Baikunthpur APMC,34.45,Metric Tonnes,Wheat,2500.0,2600.0,2550.0,Rs./Quintal,Non-FAQ
Baikunthpur APMC,34.0,Metric Tonnes,Mill Quality,2470.0,2530.0,2480.0,Rs./Quintal,Non-FAQ
Banapura APMC,97.915,Metric Tonnes,Local,2729.0,2750.0,2749.0,Rs./Quintal,FAQ
Banda APMC,3.071,Metric Tonnes,Wheat,2541.0,2541.0,2541.0,Rs./Quintal,FAQ
Bankhedi APMC,1.5,Metric Tonnes,Mill Quality,2700.0,2700.0,2700.0,Rs./Quintal,FAQ
Barad APMC,3.5,Metric Tonnes,Wheat,2576.0,2611.0,2611.0,Rs./Quintal,FAQ
Bareli APMC,92.205,Metric Tonnes,Mill Quality,2614.0,2735.0,2633.0,Rs./Quintal,FAQ
Barghat APMC,10.0,Metric Tonnes,Wheat,2500.0,2510.0,2510.0,Rs./Quintal,FAQ
Begamganj APMC,16.163999999999998,Metric Tonnes,Wheat,2500.0,2790.0,2620.0,Rs./Quintal,Non-FAQ
Begamganj APMC,15.761000000000003,Metric Tonnes,Wheat,2580.0,2825.0,2625.0,Rs./Quintal,FAQ
Beohari APMC,46.03,Metric Tonnes,Mill Quality,2470.0,2505.0,2480.0,Rs./Quintal,FAQ
Berasia APMC,0.677,Metric Tonnes,Wheat,2200.0,2200.0,2200.0,Rs./Quintal,Non-FAQ
Berasia APMC,30.768,Metric Tonnes,Mill Quality,2540.0,2911.0,2585.0,Rs./Quintal,FAQ
Berasia APMC,184.52700000000002,Metric Tonnes,Wheat,2051.0,3040.0,2595.0,Rs./Quintal,FAQ
Betul APMC,352.735,Metric Tonnes,Mill Quality,2630.0,2754.0,2690.0,Rs./Quintal,FAQ
Bhander APMC,29.630000000000003,Metric Tonnes,Other,2596.0,2655.0,2655.0,Rs./Quintal,FAQ
Bhander APMC,199.52700000000002,Metric Tonnes,Mill Quality,2579.0,2696.0,2633.0,Rs./Quintal,FAQ
Bhanpura APMC,8.042,Metric Tonnes,Mill Quality,2500.0,2625.0,2625.0,Rs./Quintal,FAQ
Bherunda (Nasrullaganj) APMC,16.455000000000002,Metric Tonnes,Wheat,2588.0,2700.0,2670.0,Rs./Quintal,Non-FAQ
Bherunda (Nasrullaganj) APMC,38.481,Metric Tonnes,Wheat,2600.0,2925.0,2630.0,Rs./Quintal,FAQ
Bhind APMC,74.5,Metric Tonnes,Wheat,2550.0,2640.0,2623.0,Rs./Quintal,Non-FAQ
Bhind APMC,13.0,Metric Tonnes,Wheat,2570.0,2609.0,2570.0,Rs./Quintal,FAQ
Bhitarwar APMC,15.02,Metric Tonnes,Mill Quality,2610.0,2625.0,2625.0,Rs./Quintal,Non-FAQ
Bhopal APMC,51.305,Metric Tonnes,Wheat,2612.0,2906.0,2906.0,Rs./Quintal,FAQ
Biaora APMC,392.60900000000004,Metric Tonnes,Wheat,2400.0,2700.0,2640.0,Rs./Quintal,FAQ
Bijawar APMC,249.07,Metric Tonnes,Mill Quality,2506.0,2533.0,2530.0,Rs./Quintal,Non-FAQ
Bina APMC,132.77,Metric Tonnes,Wheat,2400.0,4250.0,2700.0,Rs./Quintal,FAQ
Binaganj APMC,34.773,Metric Tonnes,Wheat,2570.0,2670.0,2660.0,Rs./Quintal,FAQ
Budhar APMC,37.2,Metric Tonnes,Mill Quality,2405.0,2415.0,2410.0,Rs./Quintal,Non-FAQ
Burhanpur APMC,4.271,Metric Tonnes,Wheat,2463.0,2749.0,2687.0,Rs./Quintal,Non-FAQ
Burhanpur APMC,42.98500000000001,Metric Tonnes,Wheat,2201.0,2590.0,2590.0,Rs./Quintal,FAQ
Chaakghat APMC,6.34,Metric Tonnes,Wheat,2520.0,2520.0,2520.0,Rs./Quintal,FAQ
Chanderi APMC,35.206,Metric Tonnes,Wheat,2600.0,2661.0,2650.0,Rs./Quintal,Non-FAQ
Chaurai APMC,41.400000000000006,Metric Tonnes,Mill Quality,2666.0,2777.0,2777.0,Rs./Quintal,FAQ
Chhapiheda APMC,32.592000000000006,Metric Tonnes,Wheat,2525.0,2581.0,2561.0,Rs./Quintal,FAQ
Chhatarpur APMC,18.868000000000002,Metric Tonnes,Wheat,2650.0,2650.0,2650.0,Rs./Quintal,FAQ
Chhatarpur APMC,744.799,Metric Tonnes,Mill Quality,2351.0,2700.0,2640.0,Rs./Quintal,Non-FAQ
Chhindwara APMC,490.74399999999997,Metric Tonnes,Wheat,2635.0,3111.0,2770.0,Rs./Quintal,FAQ
Chhpara APMC,77.30000000000001,Metric Tonnes,Wheat,2500.0,2630.0,2500.0,Rs./Quintal,Non-FAQ
Dabra APMC,132.99,Metric Tonnes,Wheat,2600.0,2755.0,2750.0,Rs./Quintal,FAQ
Daloda APMC,41.516000000000005,Metric Tonnes,Lokwan,2599.0,2861.0,2700.0,Rs./Quintal,FAQ
Daloda APMC,148.153,Metric Tonnes,Wheat,1901.0,3080.0,2600.0,Rs./Quintal,FAQ
Damoh APMC,99.834,Metric Tonnes,Wheat,2500.0,2610.0,2550.0,Rs./Quintal,Non-FAQ
Datia APMC,258.742,Metric Tonnes,Mill Quality,2645.0,2700.0,2691.0,Rs./Quintal,FAQ
Deori APMC,73.468,Metric Tonnes,Wheat,2380.0,2485.0,2470.0,Rs./Quintal,FAQ
Deori APMC,22.435000000000002,Metric Tonnes,Mill Quality,2510.0,2530.0,2530.0,Rs./Quintal,Non-FAQ
Devandranagar APMC,80.81,Metric Tonnes,Wheat,2420.0,2510.0,2500.0,Rs./Quintal,Non-FAQ
Devandranagar APMC,18.86,Metric Tonnes,Wheat,2460.0,2505.0,2505.0,Rs./Quintal,FAQ
Dewas APMC,487.963,Metric Tonnes,Wheat,1510.0,3066.0,2640.0,Rs./Quintal,FAQ
Dhamnod APMC,17.61,Metric Tonnes,Wheat,2700.0,2767.0,2733.0,Rs./Quintal,FAQ
Dhar APMC,1.5150000000000001,Metric Tonnes,Wheat,2625.0,2625.0,2625.0,Rs./Quintal,Non-FAQ
Dhar APMC,276.841,Metric Tonnes,Wheat,1700.0,3055.0,2780.0,Rs./Quintal,FAQ
Dhar APMC,49.400000000000006,Metric Tonnes,Lokwan,2575.0,2575.0,2575.0,Rs./Quintal,FAQ
Dindori APMC,4.0,Metric Tonnes,Other,2500.0,2500.0,2500.0,Rs./Quintal,Non-FAQ
Dindori APMC,44.36000000000001,Metric Tonnes,Local,2400.0,2575.0,2400.0,Rs./Quintal,Non-FAQ
Gadakota APMC,68.59,Metric Tonnes,Wheat,2550.0,2650.0,2640.0,Rs./Quintal,FAQ
Gadarwada APMC,5.0,Metric Tonnes,Wheat,2300.0,2450.0,2450.0,Rs./Quintal,Non-FAQ
Gadarwada APMC,14.16,Metric Tonnes,Mill Quality,2660.0,2677.0,2677.0,Rs./Quintal,Non-FAQ
Gadarwada APMC,42.64,Metric Tonnes,Mill Quality,2617.0,2691.0,2630.0,Rs./Quintal,FAQ
Gairatganj APMC,1.346,Metric Tonnes,Wheat,2831.0,2831.0,2831.0,Rs./Quintal,Non-FAQ
Gandhwani APMC,121.46,Metric Tonnes,Wheat,2600.0,2725.0,2700.0,Rs./Quintal,FAQ
Ganjbasoda APMC,1.754,Metric Tonnes,PISSI,2601.0,2805.0,2805.0,Rs./Quintal,FAQ
Ganjbasoda APMC,2.3850000000000002,Metric Tonnes,Sharbati,3650.0,3650.0,3650.0,Rs./Quintal,FAQ
Ganjbasoda APMC,10.76,Metric Tonnes,Malwa Shakti,2579.0,2672.0,2580.0,Rs./Quintal,FAQ
Ganjbasoda APMC,24.273,Metric Tonnes,Wheat,2411.0,2785.0,2550.0,Rs./Quintal,FAQ
Ganjbasoda APMC,142.115,Metric Tonnes,Sujatha,2550.0,3100.0,3050.0,Rs./Quintal,FAQ
Gautampura APMC,126.60000000000001,Metric Tonnes,Wheat,2452.0,2735.0,2720.0,Rs./Quintal,FAQ
Ghansour APMC,10.038,Metric Tonnes,Mill Quality,2300.0,2350.0,2350.0,Rs./Quintal,FAQ
Gohad APMC,31.54,Metric Tonnes,Wheat,2590.0,2630.0,2620.0,Rs./Quintal,FAQ
Gohad APMC,12.5,Metric Tonnes,Mill Quality,2485.0,2485.0,2485.0,Rs./Quintal,Non-FAQ
Gorakhpur APMC,10.100000000000001,Metric Tonnes,Mill Quality,2300.0,2350.0,2350.0,Rs./Quintal,FAQ
Gotegaon APMC,0.1,Metric Tonnes,Wheat,2400.0,2400.0,2400.0,Rs./Quintal,Non-FAQ
Gotegaon APMC,167.9,Metric Tonnes,Wheat,2000.0,2631.0,2631.0,Rs./Quintal,FAQ
Guna APMC,714.282,Metric Tonnes,Wheat,2555.0,5400.0,2895.0,Rs./Quintal,FAQ
Haatpipliya APMC,37.802,Metric Tonnes,Wheat,2575.0,2940.0,2720.0,Rs./Quintal,Non-FAQ
Hanumana APMC,24.6,Metric Tonnes,Mill Quality,2400.0,2400.0,2400.0,Rs./Quintal,FAQ
Harda APMC,259.689,Metric Tonnes,Mill Quality,2376.0,2730.0,2712.0,Rs./Quintal,FAQ
Harpalpur APMC,230.085,Metric Tonnes,Wheat,2600.0,2699.0,2600.0,Rs./Quintal,FAQ
Harsood APMC,92.414,Metric Tonnes,Mill Quality,2501.0,2600.0,2511.0,Rs./Quintal,Non-FAQ
Harsood APMC,32.914,Metric Tonnes,Wheat,2626.0,2686.0,2661.0,Rs./Quintal,FAQ
Hata APMC,108.19800000000001,Metric Tonnes,Wheat,2300.0,2515.0,2300.0,Rs./Quintal,Non-FAQ
Ichhawar APMC,16.593,Metric Tonnes,Wheat,2550.0,2881.0,2600.0,Rs./Quintal,FAQ
Indore APMC,230.49699999999999,Metric Tonnes,Wheat,2500.0,3151.0,2500.0,Rs./Quintal,FAQ
Isagarh APMC,55.851,Metric Tonnes,Wheat,2055.0,2575.0,2575.0,Rs./Quintal,FAQ
Itarsi APMC,378.24,Metric Tonnes,Wheat,2500.0,2739.0,2620.0,Rs./Quintal,FAQ
Jabalpur APMC,220.548,Metric Tonnes,Wheat,2400.0,2740.0,2672.0,Rs./Quintal,FAQ
Jaisinagar APMC,136.5,Metric Tonnes,Mill Quality,2410.0,2515.0,2500.0,Rs./Quintal,FAQ
Jaora APMC,714.415,Metric Tonnes,Wheat,2500.0,3221.0,2850.0,Rs./Quintal,FAQ
Jatara APMC,255.729,Metric Tonnes,Wheat,2510.0,2596.0,2560.0,Rs./Quintal,Non-FAQ
Javera APMC,10.265,Metric Tonnes,Mill Quality,2560.0,2570.0,2570.0,Rs./Quintal,Non-FAQ
Javera APMC,10.203000000000001,Metric Tonnes,Wheat,2580.0,2600.0,2600.0,Rs./Quintal,Non-FAQ
Jawar APMC,28.485000000000003,Metric Tonnes,Wheat,2491.0,2771.0,2675.0,Rs./Quintal,FAQ
Jeerapur APMC,221.89000000000001,Metric Tonnes,Wheat,1400.0,2650.0,2635.0,Rs./Quintal,FAQ
Jhabua APMC,18.844,Metric Tonnes,Wheat,2625.0,3025.0,2975.0,Rs./Quintal,FAQ
Jhabua(F&V) APMC,18.844,Metric Tonnes,Wheat,2625.0,3025.0,2825.0,Rs./Quintal,Local
Jobat APMC,43.57,Metric Tonnes,Wheat,2511.0,2675.0,2525.0,Rs./Quintal,FAQ
Kailaras APMC,19.853,Metric Tonnes,Wheat,2590.0,2620.0,2600.0,Rs./Quintal,FAQ
Kalapipal APMC,15.56,Metric Tonnes,Wheat,2550.0,2825.0,2748.0,Rs./Quintal,FAQ
Kannod APMC,23.829,Metric Tonnes,Wheat,2615.0,2793.0,2793.0,Rs./Quintal,FAQ
Kareli APMC,47.910000000000004,Metric Tonnes,Wheat,2627.0,2680.0,2660.0,Rs./Quintal,FAQ
Karera APMC,161.08,Metric Tonnes,Wheat,2500.0,2640.0,2600.0,Rs./Quintal,FAQ
Karera APMC,271.825,Metric Tonnes,Mill Quality,2400.0,2525.0,2500.0,Rs./Quintal,FAQ
Karhi APMC,15.480000000000002,Metric Tonnes,Wheat,2640.0,2700.0,2700.0,Rs./Quintal,FAQ
Kasrawad APMC,393.82,Metric Tonnes,Wheat,2570.0,2830.0,2750.0,Rs./Quintal,FAQ
Katni APMC,634.9770000000001,Metric Tonnes,Wheat,2530.0,2693.0,2650.0,Rs./Quintal,Non-FAQ
Katni APMC,556.1460000000001,Metric Tonnes,Mill Quality,2400.0,2670.0,2611.0,Rs./Quintal,FAQ
Khachrod APMC,10.196,Metric Tonnes,Wheat,2500.0,2749.0,2749.0,Rs./Quintal,FAQ
Khandwa APMC,38.660000000000004,Metric Tonnes,Wheat,2600.0,2800.0,2600.0,Rs./Quintal,FAQ
Khandwa APMC,458.65600000000006,Metric Tonnes,Mill Quality,2550.0,2823.0,2611.0,Rs./Quintal,FAQ
Khaniadhana APMC,147.3,Metric Tonnes,Mill Quality,2515.0,2581.0,2535.0,Rs./Quintal,Non-FAQ
Khaniadhana APMC,58.900000000000006,Metric Tonnes,Mill Quality,2420.0,2500.0,2500.0,Rs./Quintal,FAQ
Khargapur APMC,686.8670000000001,Metric Tonnes,Mill Quality,2549.0,2615.0,2600.0,Rs./Quintal,FAQ
Khargone APMC,384.57800000000003,Metric Tonnes,Wheat,2571.0,2831.0,2720.0,Rs./Quintal,FAQ
Khategaon APMC,117.49300000000001,Metric Tonnes,Wheat,1800.0,2786.0,2680.0,Rs./Quintal,FAQ
Khatora APMC,7.165000000000001,Metric Tonnes,Wheat,2555.0,2605.0,2605.0,Rs./Quintal,Non-FAQ
Khatora APMC,3.5250000000000004,Metric Tonnes,Wheat,2555.0,2590.0,2590.0,Rs./Quintal,FAQ
Khetia APMC,15.040000000000001,Metric Tonnes,Lokwan,2160.0,2210.0,2210.0,Rs./Quintal,FAQ
Khilchipur APMC,171.55700000000002,Metric Tonnes,Mill Quality,2550.0,2680.0,2675.0,Rs./Quintal,FAQ
Khirkiya APMC,208.381,Metric Tonnes,Mill Quality,2652.0,2721.0,2717.0,Rs./Quintal,Non-FAQ
Khirkiya APMC,4.806000000000001,Metric Tonnes,Mill Quality,2715.0,2715.0,2715.0,Rs./Quintal,FAQ
Khujner APMC,17.19,Metric Tonnes,Mill Quality,2552.0,2625.0,2625.0,Rs./Quintal,FAQ
Khujner APMC,273.721,Metric Tonnes,Wheat,2540.0,2729.0,2668.0,Rs./Quintal,FAQ
Khurai APMC,64.212,Metric Tonnes,Wheat,2500.0,2840.0,2650.0,Rs./Quintal,FAQ
Kolaras APMC,13.147,Metric Tonnes,Wheat,2640.0,2695.0,2670.0,Rs./Quintal,Non-FAQ
Krishi Upaj Mandi Samiti Bichhiya,8.0,Metric Tonnes,Mill Quality,2400.0,2400.0,2400.0,Rs./Quintal,Non-FAQ
Krishi Upaj Mandi Samiti Bichhiya,8.97,Metric Tonnes,Mill Quality,2450.0,2452.0,2452.0,Rs./Quintal,FAQ
Krishi Upaj Mandi Samiti Bichhiya,6.03,Metric Tonnes,Wheat,2450.0,2450.0,2450.0,Rs./Quintal,FAQ
Krishi Upaj Mandi Samiti Bichhiya,20.700000000000003,Metric Tonnes,Local,2400.0,2450.0,2450.0,Rs./Quintal,FAQ
Kukshi APMC,15.0,Metric Tonnes,Wheat,2550.0,2550.0,2550.0,Rs./Quintal,Non-FAQ
Kukshi APMC,169.18800000000002,Metric Tonnes,Wheat,2480.0,2700.0,2600.0,Rs./Quintal,FAQ
Kumbhraj APMC,71.688,Metric Tonnes,Wheat,2500.0,2730.0,2680.0,Rs./Quintal,FAQ
Kurawar APMC,135.609,Metric Tonnes,Wheat,2300.0,2850.0,2600.0,Rs./Quintal,FAQ
Lahar APMC,3.3000000000000003,Metric Tonnes,Mill Quality,2605.0,2605.0,2605.0,Rs./Quintal,FAQ
Lahar APMC,138.4,Metric Tonnes,Wheat,2602.0,2645.0,2636.0,Rs./Quintal,FAQ
Lakhnadon APMC,29.710000000000004,Metric Tonnes,Local,2300.0,2325.0,2300.0,Rs./Quintal,Non-FAQ
Lashkar APMC,33.300000000000004,Metric Tonnes,Mill Quality,2310.0,2310.0,2310.0,Rs./Quintal,FAQ
Lashkar APMC,30.64,Metric Tonnes,Wheat,2600.0,2615.0,2615.0,Rs./Quintal,Non-FAQ
Lateri APMC,9.507,Metric Tonnes,Mill Quality,2530.0,2645.0,2645.0,Rs./Quintal,Non-FAQ
LavKush Nagar(Laundi) APMC,6.017,Metric Tonnes,Mill Quality,2425.0,2435.0,2435.0,Rs./Quintal,FAQ
LavKush Nagar(Laundi) APMC,18.900000000000002,Metric Tonnes,Mill Quality,2405.0,2425.0,2425.0,Rs./Quintal,Non-FAQ
Magroni APMC,36.6,Metric Tonnes,Wheat,2553.0,2589.0,2589.0,Rs./Quintal,FAQ
Mahidpur APMC,42.766000000000005,Metric Tonnes,Wheat,2200.0,2851.0,2640.0,Rs./Quintal,FAQ
Maihar APMC,75.66000000000001,Metric Tonnes,Local,2492.0,2530.0,2520.0,Rs./Quintal,Non-FAQ
Maksudangarh APMC,113.032,Metric Tonnes,Wheat,2250.0,2851.0,2561.0,Rs./Quintal,FAQ
Manasa APMC,158.23800000000003,Metric Tonnes,Wheat,2521.0,2962.0,2731.0,Rs./Quintal,FAQ
Manawar APMC,159.717,Metric Tonnes,Wheat,2300.0,2740.0,2705.0,Rs./Quintal,FAQ
Mandla APMC,78.30000000000001,Metric Tonnes,Mill Quality,2405.0,2550.0,2550.0,Rs./Quintal,Non-FAQ
Mandsaur APMC,0.17700000000000002,Metric Tonnes,Lokwan,2703.0,2703.0,2703.0,Rs./Quintal,FAQ
Mandsaur APMC,30.999000000000002,Metric Tonnes,Lokwan,2600.0,2792.0,2685.0,Rs./Quintal,Non-FAQ
Mandsaur APMC,3.3970000000000002,Metric Tonnes,Malwa Shakti,2601.0,2662.0,2662.0,Rs./Quintal,Non-FAQ
Mandsaur APMC,7.763,Metric Tonnes,Wheat,2552.0,2801.0,2801.0,Rs./Quintal,FAQ
Mandsaur APMC,1.453,Metric Tonnes,Mohan Mondal,2820.0,2820.0,2820.0,Rs./Quintal,Non-FAQ
Mandsaur APMC,495.26099999999997,Metric Tonnes,Wheat,2361.0,3151.0,2800.0,Rs./Quintal,Non-FAQ
Mhow (Ambedkar Nagar) APMC,32.37200000000001,Metric Tonnes,Wheat,2320.0,2861.0,2796.0,Rs./Quintal,FAQ
Mohgaon APMC,9.9,Metric Tonnes,Mill Quality,2626.0,2629.0,2627.0,Rs./Quintal,FAQ
Morena APMC,73.811,Metric Tonnes,Wheat,2610.0,2650.0,2649.0,Rs./Quintal,Non-FAQ
Mow APMC,2.8000000000000003,Metric Tonnes,Wheat,2500.0,2500.0,2500.0,Rs./Quintal,FAQ
Mow APMC,13.361000000000002,Metric Tonnes,Wheat,2440.0,2480.0,2440.0,Rs./Quintal,Non-FAQ
Multai APMC,23.07,Metric Tonnes,Mill Quality,2593.0,2625.0,2625.0,Rs./Quintal,FAQ
Mundi APMC,65.96000000000001,Metric Tonnes,Wheat,2600.0,2681.0,2650.0,Rs./Quintal,FAQ
Mundi APMC,7.098000000000001,Metric Tonnes,Wheat,2630.0,2630.0,2630.0,Rs./Quintal,Non-FAQ
Mungawali APMC,95.113,Metric Tonnes,Wheat,2520.0,2630.0,2600.0,Rs./Quintal,Non-FAQ
Nagda APMC,8.76,Metric Tonnes,Wheat,2525.0,2660.0,2615.0,Rs./Quintal,Non-FAQ
Nagda APMC,7.427,Metric Tonnes,Wheat,2610.0,2665.0,2665.0,Rs./Quintal,FAQ
Nagod APMC,241.10500000000002,Metric Tonnes,Wheat,2500.0,2625.0,2600.0,Rs./Quintal,FAQ
Nagod APMC,89.11000000000001,Metric Tonnes,Mill Quality,2520.0,2565.0,2540.0,Rs./Quintal,FAQ
Nainpur APMC,11.309000000000001,Metric Tonnes,Mill Quality,2450.0,2550.0,2550.0,Rs./Quintal,FAQ
Nalkheda APMC,140.77700000000002,Metric Tonnes,Wheat,2450.0,2731.0,2570.0,Rs./Quintal,FAQ
Narmadapuram APMC,27.59,Metric Tonnes,Wheat,2525.0,2600.0,2600.0,Rs./Quintal,Non-FAQ
Narmadapuram APMC,18.96,Metric Tonnes,Mill Quality,2601.0,2605.0,2605.0,Rs./Quintal,FAQ
Narmadapuram APMC,6.300000000000001,Metric Tonnes,Mill Quality,2600.0,2600.0,2600.0,Rs./Quintal,Non-FAQ
Narsinghgarh APMC,145.65,Metric Tonnes,Wheat,2160.0,2885.0,2685.0,Rs./Quintal,FAQ
Narsinghpur APMC,36.86000000000001,Metric Tonnes,Mill Quality,2565.0,2682.0,2663.0,Rs./Quintal,Non-FAQ
Narsinghpur APMC,67.34,Metric Tonnes,Mill Quality,2532.0,2695.0,2650.0,Rs./Quintal,FAQ
Naugaon APMC,511.6310000000001,Metric Tonnes,Wheat,2590.0,2650.0,2630.0,Rs./Quintal,Non-FAQ
Neemuch APMC,405.56500000000005,Metric Tonnes,Wheat,2516.0,3227.0,2800.0,Rs./Quintal,FAQ
Niwadi APMC,58.89,Metric Tonnes,Mill Quality,2615.0,2652.0,2645.0,Rs./Quintal,FAQ
Niwadi APMC,405.75,Metric Tonnes,Mill Quality,2581.0,2645.0,2620.0,Rs./Quintal,Non-FAQ
Obedullaganj APMC,60.48,Metric Tonnes,Wheat,2647.0,2765.0,2765.0,Rs./Quintal,FAQ
Obedullaganj APMC,0.17700000000000002,Metric Tonnes,Malwa Shakti,2600.0,2600.0,2600.0,Rs./Quintal,FAQ
Obedullaganj APMC,52.197,Metric Tonnes,Local,2550.0,2811.0,2725.0,Rs./Quintal,FAQ
Paatan APMC,49.356,Metric Tonnes,Wheat,2515.0,2705.0,2670.0,Rs./Quintal,Non-FAQ
Pachaur APMC,14.267,Metric Tonnes,Wheat,2505.0,2601.0,2600.0,Rs./Quintal,FAQ
Palari APMC,7.5,Metric Tonnes,Wheat,2650.0,2650.0,2650.0,Rs./Quintal,Non-FAQ
Palera APMC,329.90000000000003,Metric Tonnes,Mill Quality,2350.0,2550.0,2540.0,Rs./Quintal,Non-FAQ
Pandhana APMC,115.43,Metric Tonnes,Wheat,2560.0,2680.0,2635.0,Rs./Quintal,FAQ
Pandhurna APMC,7.035,Metric Tonnes,Wheat,2400.0,2410.0,2410.0,Rs./Quintal,Non-FAQ
Panna APMC,60.155,Metric Tonnes,Mill Quality,2512.0,2585.0,2575.0,Rs./Quintal,Non-FAQ
Panna APMC,92.433,Metric Tonnes,Mill Quality,2560.0,2605.0,2587.0,Rs./Quintal,FAQ
Patharia APMC,120.708,Metric Tonnes,Wheat,2625.0,2680.0,2675.0,Rs./Quintal,FAQ
Pawai APMC,5.0,Metric Tonnes,Wheat,2550.0,2550.0,2550.0,Rs./Quintal,Non-FAQ
Petlawad APMC,21.356,Metric Tonnes,Wheat,2350.0,2450.0,2450.0,Rs./Quintal,FAQ
Pichhour APMC,500.20000000000005,Metric Tonnes,Mill Quality,2550.0,2580.0,2578.0,Rs./Quintal,Non-FAQ
Pichhour APMC,343.3,Metric Tonnes,Wheat,2511.0,2542.0,2534.0,Rs./Quintal,Non-FAQ
Pipariya APMC,721.375,Metric Tonnes,Wheat,2300.0,2758.0,2600.0,Rs./Quintal,FAQ
Piplya APMC,24.763,Metric Tonnes,Lokwan,2650.0,2844.0,2692.0,Rs./Quintal,FAQ
Piplya APMC,84.74400000000001,Metric Tonnes,Wheat,2200.0,2950.0,2618.0,Rs./Quintal,FAQ
Piprai APMC,2.45,Metric Tonnes,Wheat,2550.0,2550.0,2550.0,Rs./Quintal,FAQ
Pohari APMC,0.1,Metric Tonnes,Wheat,2555.0,2555.0,2555.0,Rs./Quintal,FAQ
Pohari APMC,0.15200000000000002,Metric Tonnes,Wheat,2560.0,2560.0,2560.0,Rs./Quintal,Non-FAQ
Porsa APMC,22.230000000000004,Metric Tonnes,Wheat,2540.0,2550.0,2550.0,Rs./Quintal,FAQ
Prithvipur APMC,2.5,Metric Tonnes,Other,2516.0,2516.0,2516.0,Rs./Quintal,Non-FAQ
Prithvipur APMC,325.40000000000003,Metric Tonnes,Mill Quality,2495.0,2534.0,2514.0,Rs./Quintal,Non-FAQ
Raghogarh APMC,17.959,Metric Tonnes,Wheat,2535.0,2620.0,2620.0,Rs./Quintal,FAQ
Rahatgarh APMC,26.186000000000003,Metric Tonnes,Mill Quality,2520.0,2628.0,2628.0,Rs./Quintal,Non-FAQ
Raisen APMC,47.874,Metric Tonnes,Wheat,2515.0,2871.0,2515.0,Rs./Quintal,FAQ
Raisen APMC,33.481,Metric Tonnes,Mill Quality,2510.0,2640.0,2640.0,Rs./Quintal,FAQ
Rajgarh APMC,123.37700000000001,Metric Tonnes,Wheat,2550.0,2872.0,2860.0,Rs./Quintal,FAQ
Rajnagar APMC,277.15000000000003,Metric Tonnes,Mill Quality,2510.0,2600.0,2530.0,Rs./Quintal,FAQ
Ramnagar APMC,30.650000000000002,Metric Tonnes,Mill Quality,2595.0,2610.0,2610.0,Rs./Quintal,Non-FAQ
Ratlam APMC,2.747,Metric Tonnes,PISSI,2490.0,2750.0,2750.0,Rs./Quintal,FAQ
Ratlam APMC,551.74,Metric Tonnes,Wheat,2486.0,3076.0,2800.0,Rs./Quintal,FAQ
Rehli APMC,29.731,Metric Tonnes,Wheat,2645.0,2685.0,2673.0,Rs./Quintal,Non-FAQ
Rewa APMC,29.130000000000003,Metric Tonnes,Wheat,2535.0,2555.0,2555.0,Rs./Quintal,FAQ
Rewa APMC,151.615,Metric Tonnes,Mill Quality,2500.0,2712.0,2695.0,Rs./Quintal,FAQ
Sabalgarh APMC,16.988,Metric Tonnes,Mill Quality,2500.0,2572.0,2541.0,Rs./Quintal,Non-FAQ
Sagar APMC,272.639,Metric Tonnes,Wheat,2450.0,4635.0,2625.0,Rs./Quintal,FAQ
Sailana APMC,31.121,Metric Tonnes,Wheat,2250.0,3025.0,2800.0,Rs./Quintal,FAQ
Sanawad APMC,159.409,Metric Tonnes,Wheat,2535.0,2770.0,2726.0,Rs./Quintal,FAQ
Sanwer APMC,67.289,Metric Tonnes,Wheat,2700.0,2848.0,2741.0,Rs./Quintal,FAQ
Sarangpur APMC,92.159,Metric Tonnes,Mill Quality,2528.0,2607.0,2560.0,Rs./Quintal,FAQ
Sarangpur APMC,10.198,Metric Tonnes,Wheat,2375.0,2710.0,2710.0,Rs./Quintal,Non-FAQ
Satna APMC,11.100000000000001,Metric Tonnes,Wheat,2500.0,2500.0,2500.0,Rs./Quintal,Non-FAQ
Satna APMC,123.92200000000001,Metric Tonnes,Wheat,2520.0,2746.0,2645.0,Rs./Quintal,FAQ
Sehora APMC,415.954,Metric Tonnes,Mill Quality,2550.0,2704.0,2683.0,Rs./Quintal,FAQ
Sehore APMC,2.85,Metric Tonnes,Malwa Shakti,2711.0,2711.0,2711.0,Rs./Quintal,FAQ
Sehore APMC,143.726,Metric Tonnes,Wheat,2525.0,3070.0,2700.0,Rs./Quintal,FAQ
Sehore APMC,20.434,Metric Tonnes,Lokwan,2612.0,3100.0,3100.0,Rs./Quintal,FAQ
Semriharchand APMC,30.730000000000004,Metric Tonnes,Mill Quality,2450.0,2669.0,2669.0,Rs./Quintal,FAQ
Seoni APMC,5.050000000000001,Metric Tonnes,Wheat,2580.0,2580.0,2580.0,Rs./Quintal,Non-FAQ
Seoni APMC,144.07000000000002,Metric Tonnes,Wheat,2585.0,2610.0,2602.0,Rs./Quintal,FAQ
Sevda APMC,1.2000000000000002,Metric Tonnes,Mill Quality,2640.0,2640.0,2640.0,Rs./Quintal,Non-FAQ
Sevda APMC,86.9,Metric Tonnes,Mill Quality,2620.0,2678.0,2658.0,Rs./Quintal,FAQ
Shahagarh APMC,108.5,Metric Tonnes,Mill Quality,2510.0,2560.0,2540.0,Rs./Quintal,Non-FAQ
Shahdol APMC,59.150000000000006,Metric Tonnes,Wheat,2345.0,2500.0,2500.0,Rs./Quintal,FAQ
Shahpura Bhitoni (F&V) APMC,36.260000000000005,Metric Tonnes,Mill Quality,2543.0,2650.0,2648.0,Rs./Quintal,FAQ
Shahpura Niwas APMC,33.503,Metric Tonnes,Mill Quality,2305.0,2361.0,2361.0,Rs./Quintal,Non-FAQ
Shajapur APMC,107.34000000000002,Metric Tonnes,Wheat,2399.0,2849.0,2551.0,Rs./Quintal,FAQ
Shamgarh APMC,41.06700000000001,Metric Tonnes,Wheat,2544.0,2701.0,2636.0,Rs./Quintal,Non-FAQ
Shamshabad APMC,41.081,Metric Tonnes,Wheat,2535.0,2693.0,2580.0,Rs./Quintal,FAQ
Sheopurbadod APMC,12.928,Metric Tonnes,Wheat,2588.0,2700.0,2700.0,Rs./Quintal,FAQ
Sheopurkalan APMC,131.49300000000002,Metric Tonnes,Wheat,2500.0,2664.0,2640.0,Rs./Quintal,FAQ
Sheopurkalan APMC,97.154,Metric Tonnes,Wheat,2500.0,2662.0,2616.0,Rs./Quintal,Non-FAQ
Shivpuri APMC,1.5110000000000001,Metric Tonnes,Wheat,2500.0,2545.0,2545.0,Rs./Quintal,FAQ
Shujalpur APMC,3.6060000000000003,Metric Tonnes,Wheat,2561.0,2746.0,2746.0,Rs./Quintal,FAQ
Shyampur APMC,6.2,Metric Tonnes,Mill Quality,2500.0,2550.0,2550.0,Rs./Quintal,FAQ
Shyampur APMC,2.9450000000000003,Metric Tonnes,Local,2500.0,2500.0,2500.0,Rs./Quintal,FAQ
Silvani APMC,54.800000000000004,Metric Tonnes,Wheat,2561.0,2651.0,2636.0,Rs./Quintal,FAQ
Simariya APMC,26.379000000000005,Metric Tonnes,Wheat,2500.0,2525.0,2525.0,Rs./Quintal,Non-FAQ
Sirali APMC,41.767,Metric Tonnes,Mill Quality,2600.0,2720.0,2720.0,Rs./Quintal,FAQ
Sironj APMC,28.375,Metric Tonnes,Sharbati,4005.0,5015.0,4805.0,Rs./Quintal,FAQ
Sironj APMC,66.82000000000001,Metric Tonnes,Wheat,2450.0,2920.0,2700.0,Rs./Quintal,FAQ
Sitamau APMC,31.006,Metric Tonnes,Wheat,2527.0,2773.0,2641.0,Rs./Quintal,FAQ
Sitamau APMC,20.845,Metric Tonnes,Lokwan,2251.0,2670.0,2610.0,Rs./Quintal,FAQ
Sonkatch APMC,60.454,Metric Tonnes,Wheat,2425.0,2763.0,2600.0,Rs./Quintal,FAQ
Soyatkalan APMC,16.143,Metric Tonnes,Wheat,2535.0,2630.0,2630.0,Rs./Quintal,FAQ
Susner APMC,37.914,Metric Tonnes,Wheat,2575.0,2680.0,2659.0,Rs./Quintal,Non-FAQ
Suthalia APMC,0.30000000000000004,Metric Tonnes,Wheat,2595.0,2595.0,2595.0,Rs./Quintal,FAQ
Suvasra APMC,21.442,Metric Tonnes,Mill Quality,2508.0,2605.0,2605.0,Rs./Quintal,FAQ
Taal APMC,30.747000000000003,Metric Tonnes,Wheat,2624.0,2826.0,2631.0,Rs./Quintal,FAQ
Tarana APMC,58.613,Metric Tonnes,Wheat,2472.0,4303.0,4303.0,Rs./Quintal,FAQ
Tendukheda APMC,20.0,Metric Tonnes,Wheat,2541.0,2565.0,2565.0,Rs./Quintal,FAQ
Tikamgarh APMC,1432.16,Metric Tonnes,Wheat,2540.0,2720.0,2660.0,Rs./Quintal,FAQ
Timarni APMC,36.839999999999996,Metric Tonnes,Wheat,2659.0,2701.0,2700.0,Rs./Quintal,FAQ
Udaipura APMC,9.185,Metric Tonnes,Mill Quality,2585.0,2645.0,2645.0,Rs./Quintal,FAQ
Ujjain APMC,280.45700000000005,Metric Tonnes,Wheat,1899.0,3112.0,2609.0,Rs./Quintal,FAQ
Umariya APMC,220.14499999999998,Metric Tonnes,Wheat,2298.0,2580.0,2580.0,Rs./Quintal,Non-FAQ
Unhel APMC,10.509,Metric Tonnes,Wheat,2531.0,2708.0,2708.0,Rs./Quintal,FAQ
Vidisha APMC,213.19000000000003,Metric Tonnes,Wheat,2100.0,3014.0,2600.0,Rs./Quintal,FAQ
Vidisha APMC,16.111,Metric Tonnes,Sharbati,3071.0,5880.0,4300.0,Rs./Quintal,FAQ
Vijaypur APMC,70.63,Metric Tonnes,Wheat,2500.0,2530.0,2500.0,Rs./Quintal,FAQ
Total,31140.73,Metric Tonnes,,,,2658.35,Rs./Quintal,
State/UT Name : Maharashtra
APMC Achalpur ,12.5,Metric Tonnes,Other,2400.0,2550.0,2475.0,Rs./Quintal,Non-FAQ
APMC Ahilyanagar ,25.0,Metric Tonnes,Other,2700.0,2800.0,2750.0,Rs./Quintal,FAQ
APMC Ahmedpur ,4.1,Metric Tonnes,Other,2550.0,2580.0,2563.0,Rs./Quintal,Non-FAQ
APMC Akhadabalapur ,9.0,Metric Tonnes,Maharashtra 2189,2600.0,2700.0,2650.0,Rs./Quintal,FAQ
APMC Akola ,19.4,Metric Tonnes,Other,2585.0,2745.0,2670.0,Rs./Quintal,FAQ
APMC Akot ,15.0,Metric Tonnes,147 Average,2600.0,2645.0,2600.0,Rs./Quintal,FAQ
APMC Amalner ,18.0,Metric Tonnes,Other,2585.0,2672.0,2672.0,Rs./Quintal,FAQ
APMC Amarawati ,20.8,Metric Tonnes,Other,2585.0,2700.0,2642.0,Rs./Quintal,FAQ
APMC Anajngaon ,15.5,Metric Tonnes,Other,2200.0,2500.0,2400.0,Rs./Quintal,Non-FAQ
APMC Aurad Shahajani ,0.8,Metric Tonnes,Maharashtra 2189,2585.0,2640.0,2600.0,Rs./Quintal,FAQ
APMC Aurad Shahajani ,0.2,Metric Tonnes,Maharashtra 2189,2500.0,2584.0,2540.0,Rs./Quintal,Non-FAQ
APMC Beed ,10.8,Metric Tonnes,Other,2400.0,2520.0,2476.0,Rs./Quintal,Non-FAQ
APMC Bhandara ,0.4,Metric Tonnes,Maharashtra 2189,2450.0,2450.0,2450.0,Rs./Quintal,Non-FAQ
APMC Bhokar ,0.2,Metric Tonnes,Other,2330.0,2370.0,2350.0,Rs./Quintal,Non-FAQ
APMC Chalisgaon ,8.8,Metric Tonnes,Other,2600.0,2782.0,2625.0,Rs./Quintal,FAQ
APMC Chandur Bazar ,9.5,Metric Tonnes,Other,2590.0,2750.0,2680.0,Rs./Quintal,FAQ
APMC Chandur Bazar ,9.9,Metric Tonnes,Other,2300.0,2580.0,2400.0,Rs./Quintal,Non-FAQ
APMC Chandur Railway ,0.9,Metric Tonnes,Other,2505.0,2505.0,2505.0,Rs./Quintal,Non-FAQ
APMC Chattrapati Sambhajinagar ,1.0,Metric Tonnes,Other,2400.0,2550.0,2475.0,Rs./Quintal,Non-FAQ
APMC Chattrapati Sambhajinagar ,25.6,Metric Tonnes,Other,2600.0,2950.0,2775.0,Rs./Quintal,FAQ
APMC Chikali ,4.0,Metric Tonnes,Other,2000.0,2400.0,2200.0,Rs./Quintal,Non-FAQ
APMC Chopda ,4.0,Metric Tonnes,Other,2601.0,2652.0,2601.0,Rs./Quintal,FAQ
APMC Chopda ,1.0,Metric Tonnes,Other,2000.0,2000.0,2000.0,Rs./Quintal,Non-FAQ
APMC Deoulgaon Raja ,0.7,Metric Tonnes,Other,1500.0,2575.0,2550.0,Rs./Quintal,Non-FAQ
APMC Devala ,0.1,Metric Tonnes,Maharashtra 2189,2620.0,2620.0,2620.0,Rs./Quintal,FAQ
APMC Dhamngaon-Railway ,12.0,Metric Tonnes,Other,2400.0,2500.0,2490.0,Rs./Quintal,Non-FAQ
APMC Digras ,10.0,Metric Tonnes,Other,2745.0,2810.0,2795.0,Rs./Quintal,FAQ
APMC Dondaicha ,17.6,Metric Tonnes,Other,2635.0,2755.0,2740.0,Rs./Quintal,FAQ
APMC Dondaicha ,7.8,Metric Tonnes,Other,2300.0,2500.0,2401.0,Rs./Quintal,Non-FAQ
APMC Dudhani ,1.8,Metric Tonnes,Maharashtra 2189,2585.0,2755.0,2663.0,Rs./Quintal,FAQ
APMC Dudhani ,0.8,Metric Tonnes,Maharashtra 2189,2385.0,2565.0,2467.0,Rs./Quintal,Non-FAQ
APMC Gangakhed ,1.3,Metric Tonnes,Other,2700.0,2750.0,2700.0,Rs./Quintal,FAQ
APMC Gangapur ,7.4,Metric Tonnes,Other,2700.0,2716.0,2710.0,Rs./Quintal,FAQ
APMC Gevrai ,20.3,Metric Tonnes,Other,2710.0,2860.0,2750.0,Rs./Quintal,FAQ
APMC Gevrai ,8.4,Metric Tonnes,Other,2500.0,2561.0,2550.0,Rs./Quintal,Non-FAQ
APMC Hinganghat ,8.1,Metric Tonnes,Other,2585.0,2690.0,2620.0,Rs./Quintal,FAQ
APMC Hinganghat ,15.9,Metric Tonnes,Other,2250.0,2580.0,2400.0,Rs./Quintal,Non-FAQ
APMC Jalana ,144.8,Metric Tonnes,Other,2600.0,2850.0,2725.0,Rs./Quintal,FAQ
APMC Jalgaon ,0.1,Metric Tonnes,147 Average,2350.0,2350.0,2350.0,Rs./Quintal,Non-FAQ
APMC Jalgaon ,0.7,Metric Tonnes,Maharashtra 2189,2655.0,2655.0,2655.0,Rs./Quintal,FAQ
APMC Jalgaon ,4.1,Metric Tonnes,Maharashtra 2189,2575.0,2575.0,2575.0,Rs./Quintal,Non-FAQ
APMC Jamkhed ,1.8,Metric Tonnes,Other,2300.0,2550.0,2425.0,Rs./Quintal,Non-FAQ
APMC Jawala-Bajar ,11.5,Metric Tonnes,Other,2200.0,2300.0,2250.0,Rs./Quintal,Non-FAQ
APMC Kaij ,2.6,Metric Tonnes,Other,2401.0,2576.0,2481.0,Rs./Quintal,Non-FAQ
APMC Kalamb (Dharashiv) ,0.6,Metric Tonnes,Maharashtra 2189,2800.0,2800.0,2800.0,Rs./Quintal,FAQ
APMC Kalamb (Dharashiv) ,1.8,Metric Tonnes,Maharashtra 2189,2450.0,2500.0,2500.0,Rs./Quintal,Non-FAQ
APMC Kalyan ,0.3,Metric Tonnes,Sharbati,3200.0,3400.0,3300.0,Rs./Quintal,FAQ
APMC Kandhar ,2.0,Metric Tonnes,Other,2000.0,2400.0,2380.0,Rs./Quintal,Non-FAQ
APMC Kannad ,6.9,Metric Tonnes,Other,2500.0,2580.0,2540.0,Rs./Quintal,Non-FAQ
APMC Karanja ,70.0,Metric Tonnes,Other,2650.0,2785.0,2715.0,Rs./Quintal,FAQ
APMC Karjat ,1.1,Metric Tonnes,Other,2800.0,2800.0,2800.0,Rs./Quintal,FAQ
APMC Karjat ,1.4,Metric Tonnes,Other,2200.0,2500.0,2300.0,Rs./Quintal,Non-FAQ
APMC Karmala ,3.0,Metric Tonnes,Other,2600.0,2751.0,2650.0,Rs./Quintal,FAQ
APMC Katol ,2.0,Metric Tonnes,Other,2650.0,2650.0,2650.0,Rs./Quintal,FAQ
APMC Khamgaon ,23.5,Metric Tonnes,Other,2600.0,2600.0,2600.0,Rs./Quintal,FAQ
APMC Khamgaon ,19.9,Metric Tonnes,Other,2400.0,2580.0,2490.0,Rs./Quintal,Non-FAQ
APMC Kille Dharur ,1.8,Metric Tonnes,Other,2590.0,2700.0,2600.0,Rs./Quintal,FAQ
APMC Kopargaon ,5.7,Metric Tonnes,Other,2585.0,2715.0,2645.0,Rs./Quintal,FAQ
APMC Lasalgaon ,17.4,Metric Tonnes,Maharashtra 2189,2700.0,2842.0,2786.0,Rs./Quintal,FAQ
APMC Lonar ,25.0,Metric Tonnes,Other,2600.0,2750.0,2675.0,Rs./Quintal,FAQ
APMC Majalgaon ,14.6,Metric Tonnes,Other,2600.0,2750.0,2651.0,Rs./Quintal,FAQ
APMC Malegaon ,11.6,Metric Tonnes,Other,2280.0,2584.0,2568.0,Rs./Quintal,Non-FAQ
APMC Malegaon(Washim) ,4.0,Metric Tonnes,Other,2000.0,2500.0,2300.0,Rs./Quintal,Non-FAQ
APMC Malkapur ,47.5,Metric Tonnes,Other,2625.0,2760.0,2650.0,Rs./Quintal,FAQ
APMC Malkapur ,0.5,Metric Tonnes,Other,2400.0,2400.0,2400.0,Rs./Quintal,Non-FAQ
APMC Mangrulpeer ,13.2,Metric Tonnes,Other,2650.0,2785.0,2690.0,Rs./Quintal,FAQ
APMC Manmad ,3.3,Metric Tonnes,Other,2630.0,2721.0,2640.0,Rs./Quintal,FAQ
APMC Manora ,3.4,Metric Tonnes,Other,2600.0,2621.0,2610.0,Rs./Quintal,FAQ
APMC Manwat ,33.6,Metric Tonnes,Other,2585.0,2800.0,2650.0,Rs./Quintal,FAQ
APMC Mehekar ,2.0,Metric Tonnes,Other,2000.0,2500.0,2300.0,Rs./Quintal,Non-FAQ
APMC Mudkhed ,0.1,Metric Tonnes,Other,2310.0,2310.0,2310.0,Rs./Quintal,Non-FAQ
APMC Mumbai ,484.0,Metric Tonnes,Other,2900.0,5500.0,4200.0,Rs./Quintal,FAQ
APMC Murtizapur ,3.5,Metric Tonnes,Other,2590.0,2670.0,2630.0,Rs./Quintal,FAQ
APMC Nagpur ,52.6,Metric Tonnes,Other,2590.0,2778.0,2731.0,Rs./Quintal,FAQ
APMC Nagpur ,100.0,Metric Tonnes,Sharbati,3200.0,3500.0,3425.0,Rs./Quintal,FAQ
APMC Nanded ,9.6,Metric Tonnes,Sharbati,2645.0,2800.0,2725.0,Rs./Quintal,FAQ
APMC Nandgaon ,3.4,Metric Tonnes,Maharashtra 2189,2640.0,2800.0,2650.0,Rs./Quintal,FAQ
APMC Nandgaon Khandeshwar ,4.0,Metric Tonnes,Other,2585.0,2625.0,2605.0,Rs./Quintal,FAQ
APMC Nandurbar ,6.4,Metric Tonnes,Other,2630.0,2730.0,2730.0,Rs./Quintal,FAQ
APMC Nandurbar ,2.0,Metric Tonnes,Other,2514.0,2514.0,2514.0,Rs./Quintal,Non-FAQ
APMC Pachora ,11.0,Metric Tonnes,Other,2585.0,2686.0,2611.0,Rs./Quintal,FAQ
APMC Pachora ,11.0,Metric Tonnes,Other,2350.0,2580.0,2451.0,Rs./Quintal,Non-FAQ
APMC Paithan ,21.0,Metric Tonnes,Bansi,2621.0,2830.0,2700.0,Rs./Quintal,FAQ
APMC Palghar ,5.0,Metric Tonnes,Other,3300.0,3300.0,3300.0,Rs./Quintal,FAQ
APMC Parali Vaijyanath ,1.4,Metric Tonnes,Other,2475.0,2475.0,2475.0,Rs./Quintal,Non-FAQ
APMC Parbhani ,38.0,Metric Tonnes,Other,2100.0,2500.0,2300.0,Rs./Quintal,Non-FAQ
APMC Parola ,3.0,Metric Tonnes,Kalyan,2550.0,2550.0,2550.0,Rs./Quintal,Non-FAQ
APMC Partur ,1.8,Metric Tonnes,Maharashtra 2189,2400.0,2580.0,2440.0,Rs./Quintal,Non-FAQ
APMC Rahata ,5.6,Metric Tonnes,Other,2822.0,2822.0,2822.0,Rs./Quintal,FAQ
APMC Samudrapur ,0.2,Metric Tonnes,Other,2200.0,2200.0,2200.0,Rs./Quintal,Non-FAQ
APMC Sangli ,5.0,Metric Tonnes,Other,3000.0,4000.0,3500.0,Rs./Quintal,FAQ
APMC Satana ,1.0,Metric Tonnes,Other,2750.0,2875.0,2827.0,Rs./Quintal,FAQ
APMC Satana ,0.3,Metric Tonnes,Other,2201.0,2201.0,2201.0,Rs./Quintal,Non-FAQ
APMC Savner ,4.1,Metric Tonnes,Other,2500.0,2520.0,2520.0,Rs./Quintal,Non-FAQ
APMC Shahada ,8.0,Metric Tonnes,Other,2727.0,2817.0,2758.0,Rs./Quintal,FAQ
APMC Shegaon ,0.1,Metric Tonnes,Other,2625.0,2625.0,2625.0,Rs./Quintal,FAQ
APMC Shegaon ,3.6,Metric Tonnes,Other,2190.0,2540.0,2440.0,Rs./Quintal,Non-FAQ
APMC Shevgaon ,4.7,Metric Tonnes,Maharashtra 2189,2600.0,2700.0,2600.0,Rs./Quintal,FAQ
APMC Shirpur ,3.7,Metric Tonnes,Other,2750.0,2785.0,2785.0,Rs./Quintal,FAQ
APMC Shirpur ,0.8,Metric Tonnes,Other,2300.0,2300.0,2300.0,Rs./Quintal,Non-FAQ
APMC Shirur ,0.8,Metric Tonnes,Other,2600.0,2650.0,2625.0,Rs./Quintal,FAQ
APMC Shirur ,0.4,Metric Tonnes,Other,2200.0,2550.0,2500.0,Rs./Quintal,Non-FAQ
APMC Sillod ,15.6,Metric Tonnes,Other,2585.0,2640.0,2600.0,Rs./Quintal,FAQ
APMC Sinner ,4.4,Metric Tonnes,Other,2585.0,2700.0,2690.0,Rs./Quintal,FAQ
APMC Solapur ,80.6,Metric Tonnes,Sharbati,2635.0,4180.0,3675.0,Rs./Quintal,FAQ
APMC Telhara ,3.0,Metric Tonnes,Other,2585.0,2640.0,2590.0,Rs./Quintal,FAQ
APMC Tuljapur ,1.1,Metric Tonnes,Other,2400.0,2580.0,2500.0,Rs./Quintal,Non-FAQ
APMC Ulhasnagar ,62.0,Metric Tonnes,Other,3200.0,3600.0,3400.0,Rs./Quintal,FAQ
APMC Vaijpur ,5.3,Metric Tonnes,Other,2680.0,2825.0,2725.0,Rs./Quintal,FAQ
APMC Wardha ,19.1,Metric Tonnes,Other,2665.0,2735.0,2700.0,Rs./Quintal,FAQ
APMC Washim ,15.0,Metric Tonnes,Maharashtra 2189,2585.0,2660.0,2600.0,Rs./Quintal,FAQ
APMC Washim ,60.0,Metric Tonnes,Maharashtra 2189,2330.0,2575.0,2450.0,Rs./Quintal,Non-FAQ
APMC Yavatmal ,4.2,Metric Tonnes,Other,2650.0,2700.0,2675.0,Rs./Quintal,FAQ
Barshi(Vairag) ,0.7,Metric Tonnes,Other,2600.0,2600.0,2600.0,Rs./Quintal,FAQ
Bhokardan(Pimpalgaon Renu) ,2.5,Metric Tonnes,Other,2300.0,2500.0,2400.0,Rs./Quintal,Non-FAQ
"Bsk Krishi Bazar Private Limited, Mehkar, Dist Buldhana",2.8,Metric Tonnes,Other,2500.0,2650.0,2606.0,Rs./Quintal,Local
Dondaicha (Sindhkheda) ,0.2,Metric Tonnes,Other,2585.0,2725.0,2650.0,Rs./Quintal,FAQ
KISAN MARKET YARD,5.73,Metric Tonnes,Other,2400.0,2665.0,2630.0,Rs./Quintal,Local
Karjat(Rashin) ,1.4,Metric Tonnes,Other,2700.0,2700.0,2700.0,Rs./Quintal,FAQ
Karjat(Rashin) ,3.6,Metric Tonnes,Other,2200.0,2500.0,2300.0,Rs./Quintal,Non-FAQ
Kolhapur(Laxmipuri) ,39.4,Metric Tonnes,Other,3000.0,4200.0,3600.0,Rs./Quintal,FAQ
"Krushna Krishi Bazar, Washim",2.31,Metric Tonnes,Other,2000.0,2600.0,2596.0,Rs./Quintal,Local
Lasalgaon(Niphad) ,9.3,Metric Tonnes,Maharashtra 2189,2698.0,2760.0,2735.0,Rs./Quintal,FAQ
Latur(Murud) ,14.0,Metric Tonnes,Maharashtra 2189,2000.0,2360.0,2200.0,Rs./Quintal,Non-FAQ
"Maharaja Agresen Pvt Krushi Utappan Bazar Samati, Dist Buldhana",8.1,Metric Tonnes,Other,2400.0,2600.0,2522.0,Rs./Quintal,Local
"Mahesh Krushi Utpanna Bazar, Digras, Dist Yeotmal",2.96,Metric Tonnes,Other,2550.0,2675.0,2618.0,Rs./Quintal,Local
"Omchatinya Multi State Agro Purpose Co-Op Society, Dist Ahilyanagar",0.89,Metric Tonnes,Other,2550.0,2600.0,2550.0,Rs./Quintal,Local
Rahuri(Vambori) ,2.1,Metric Tonnes,Other,2611.0,2750.0,2691.0,Rs./Quintal,FAQ
"Shekari Krushi Khajgi Bazar, Arni, Dist Yavatmal",0.28,Metric Tonnes,Other,1700.0,2500.0,2400.0,Rs./Quintal,Local
Shevgaon(Bodhegaon) ,1.1,Metric Tonnes,Maharashtra 2189,2600.0,2700.0,2600.0,Rs./Quintal,FAQ
Shrirampur(Belapur) ,3.4,Metric Tonnes,Other,2200.0,2300.0,2250.0,Rs./Quintal,Non-FAQ
Washim(Ansing) ,6.0,Metric Tonnes,Maharashtra 2189,2585.0,2650.0,2600.0,Rs./Quintal,FAQ
Total,1983.47,Metric Tonnes,,,,3134.15,Rs./Quintal,
State/UT Name : NCT of Delhi
APMC Najafgarh,7.7,Metric Tonnes,Dara,2700.0,2761.0,2711.0,Rs./Quintal,FAQ
APMC Narela,35.9,Metric Tonnes,Mexican,2501.0,2826.0,2663.0,Rs./Quintal,FAQ
Total,43.6,Metric Tonnes,,,,2671.48,Rs./Quintal,
State/UT Name : Rajasthan
Alwar APMC,25.200000000000003,Metric Tonnes,Deshi,2550.0,2656.0,2640.0,Rs./Quintal,Local
Anta APMC,2.1,Metric Tonnes,Other,2501.0,2569.0,2535.0,Rs./Quintal,Local
Anupgarh APMC,17.0,Metric Tonnes,Dara,2633.0,2633.0,2633.0,Rs./Quintal,Grade Range-1
Atru APMC,3.3000000000000003,Metric Tonnes,Other,2540.0,2726.0,2633.0,Rs./Quintal,Local
Bansoor APMC,4.5,Metric Tonnes,147 Average,2425.0,2500.0,2450.0,Rs./Quintal,FAQ
Barisadri APMC,14.700000000000001,Metric Tonnes,Other,2584.0,2896.0,2845.0,Rs./Quintal,FAQ
Barodamev APMC,7.7,Metric Tonnes,Other,2660.0,2691.0,2670.0,Rs./Quintal,Non-FAQ
Bassi APMC,14.3,Metric Tonnes,Other,2550.0,2660.0,2605.0,Rs./Quintal,Local
Bayana APMC,19.200000000000003,Metric Tonnes,Other,2630.0,2650.0,2640.0,Rs./Quintal,Local
Bhadara APMC,0.9,Metric Tonnes,1482,2614.0,2621.0,2618.0,Rs./Quintal,Non-FAQ
Bharatpur APMC,13.0,Metric Tonnes,Other,2630.0,2648.0,2639.0,Rs./Quintal,FAQ
Bhawani Mandi APMC,15.5,Metric Tonnes,Other,2416.0,2614.0,2515.0,Rs./Quintal,Local
Bhilwara APMC,3.0,Metric Tonnes,Other,2600.0,2650.0,2650.0,Rs./Quintal,FAQ
Bhusawar Bair APMC,15.4,Metric Tonnes,147 Average,2500.0,2650.0,2600.0,Rs./Quintal,Local
Bikaner (Grain) APMC,17.5,Metric Tonnes,Other,2708.0,2708.0,2708.0,Rs./Quintal,Local
Bilara APMC,0.5,Metric Tonnes,Farmi,2500.0,3800.0,3300.0,Rs./Quintal,Grade Range-1
Bundi APMC,1230.0,Metric Tonnes,Other,2630.0,2760.0,2695.0,Rs./Quintal,FAQ
Chaksu APMC,41.900000000000006,Metric Tonnes,Other,2551.0,2670.0,2658.0,Rs./Quintal,Local
Chhotisadri APMC,34.0,Metric Tonnes,Local,2670.0,3060.0,2720.0,Rs./Quintal,Local
Chomu Grain APMC,1.3,Metric Tonnes,Other,2590.0,2590.0,2590.0,Rs./Quintal,Local
Choumahla APMC,10.0,Metric Tonnes,Other,2550.0,2750.0,2650.0,Rs./Quintal,Non-FAQ
Dausa APMC,47.1,Metric Tonnes,Other,2561.0,2610.0,2585.0,Rs./Quintal,Local
Deeg APMC,0.7000000000000001,Metric Tonnes,Other,2580.0,2580.0,2580.0,Rs./Quintal,Non-FAQ
Dei APMC,35.2,Metric Tonnes,Other,2639.0,2679.0,2650.0,Rs./Quintal,Local
Deoli APMC,17.1,Metric Tonnes,147 Average,2550.0,2660.0,2605.0,Rs./Quintal,FAQ
Dholpur APMC,21.25,Metric Tonnes,Other,2500.0,2500.0,2500.0,Rs./Quintal,Local
Dooni APMC,8.6,Metric Tonnes,147 Average,2575.0,2600.0,2588.0,Rs./Quintal,Local
Fatehnagar APMC,19.5,Metric Tonnes,Local,2681.0,2771.0,2700.0,Rs./Quintal,FAQ
Gajsinghpur APMC,4.4,Metric Tonnes,Other,2460.0,2600.0,2600.0,Rs./Quintal,Local
Gangapur City APMC,20.55,Metric Tonnes,Other,2500.0,2648.0,2540.0,Rs./Quintal,Non-FAQ
Gharsana APMC,1.0,Metric Tonnes,Other,2640.0,2640.0,2640.0,Rs./Quintal,FAQ
Goluwala APMC,17.8,Metric Tonnes,Other,2560.0,2680.0,2640.0,Rs./Quintal,Non-FAQ
Hindoun APMC,91.30000000000001,Metric Tonnes,Other,2530.0,2593.0,2561.0,Rs./Quintal,Local
Itawa APMC,85.0,Metric Tonnes,Other,2626.0,2737.0,2681.0,Rs./Quintal,Local
Jaitsar APMC,11.5,Metric Tonnes,Other,2640.0,2650.0,2645.0,Rs./Quintal,FAQ
Jayal APMC,4.25,Metric Tonnes,Local,1800.0,2000.0,1900.0,Rs./Quintal,Grade Range-2
Jhalarapatan APMC,15.0,Metric Tonnes,Other,2400.0,2600.0,2500.0,Rs./Quintal,Local
Kama APMC,1.5,Metric Tonnes,Other,2530.0,2530.0,2530.0,Rs./Quintal,Local
Kapasan APMC,4.1000000000000005,Metric Tonnes,Lokwan,2400.0,2600.0,2500.0,Rs./Quintal,FAQ
Kawai Salpura - Atru APMC,12.5,Metric Tonnes,Other,2735.0,2851.0,2793.0,Rs./Quintal,Local
Kekri APMC,6.5,Metric Tonnes,Other,2421.0,2641.0,2571.0,Rs./Quintal,Local
Kesarisinghpur APMC,2.7,Metric Tonnes,Other,2631.0,2660.0,2660.0,Rs./Quintal,FAQ
Khandar APMC,10.4,Metric Tonnes,Other,2580.0,2580.0,2580.0,Rs./Quintal,Local
Khanpur APMC,35.550000000000004,Metric Tonnes,Other,2400.0,2835.0,2590.0,Rs./Quintal,FAQ
Khatauli APMC,2.0,Metric Tonnes,Wheat,2640.0,2657.0,2650.0,Rs./Quintal,Local
Kherli APMC,416.0,Metric Tonnes,Other,2600.0,2630.0,2615.0,Rs./Quintal,Non-FAQ
Lalsot APMC,52.300000000000004,Metric Tonnes,Other,2510.0,2722.0,2650.0,Rs./Quintal,Local
Laxmangarh - Barodamev  APMC,19.5,Metric Tonnes,Other,2640.0,2668.0,2650.0,Rs./Quintal,Non-FAQ
Madanganj Kishangarh APMC,4.5,Metric Tonnes,Other,2480.0,2629.0,2575.0,Rs./Quintal,Local
Mandawar APMC,20.6,Metric Tonnes,Other,2550.0,2576.0,2573.0,Rs./Quintal,FAQ
Mandawari APMC,39.5,Metric Tonnes,Other,2550.0,2656.0,2611.0,Rs./Quintal,Local
Manohararthana APMC,10.0,Metric Tonnes,Wheat,2490.0,2669.0,2579.0,Rs./Quintal,Non-FAQ
Nadwai APMC,15.4,Metric Tonnes,Other,2540.0,2556.0,2556.0,Rs./Quintal,Local
Nahargarh APMC,3.6,Metric Tonnes,Other,2695.0,2820.0,2757.0,Rs./Quintal,Local
Nimbahera APMC,750.0,Metric Tonnes,Other,2658.0,3010.0,2834.0,Rs./Quintal,FAQ
Niwai APMC,39.900000000000006,Metric Tonnes,Other,2533.0,2632.0,2582.0,Rs./Quintal,Local
Nohar APMC,2.7,Metric Tonnes,Other,2666.0,2680.0,2673.0,Rs./Quintal,FAQ
Nokha APMC,11.0,Metric Tonnes,Other,2635.0,2635.0,2635.0,Rs./Quintal,Local
Osiyan Mathania APMC,1.0,Metric Tonnes,Local,2400.0,2500.0,2450.0,Rs./Quintal,Local
Padampur APMC,16.0,Metric Tonnes,Other,2632.0,2921.0,2700.0,Rs./Quintal,FAQ
Palsana APMC,1.0,Metric Tonnes,147 Average,2400.0,2500.0,2450.0,Rs./Quintal,FAQ
Pilibanga APMC,26.8,Metric Tonnes,Other,2670.0,2693.0,2688.0,Rs./Quintal,FAQ
Pratapgarh APMC,16.56,Metric Tonnes,Other,2650.0,2895.0,2790.0,Rs./Quintal,FAQ
Raisingh Nagar APMC,28.1,Metric Tonnes,Other,2550.0,2860.0,2630.0,Rs./Quintal,Non-FAQ
Ramganjmandi APMC,58.900000000000006,Metric Tonnes,Other,2571.0,2851.0,2699.0,Rs./Quintal,Local
Rani APMC,0.6,Metric Tonnes,Deshi,2490.0,2490.0,2490.0,Rs./Quintal,Grade Range-2
Rawatsar APMC,24.5,Metric Tonnes,Other,2620.0,2625.0,2622.0,Rs./Quintal,FAQ
Rawla APMC,50.0,Metric Tonnes,Other,2595.0,2595.0,2595.0,Rs./Quintal,FAQ
Sadulshahar APMC,20.5,Metric Tonnes,Other,2680.0,2700.0,2690.0,Rs./Quintal,FAQ
Samraniyan APMC,0.9,Metric Tonnes,Other,2450.0,2650.0,2550.0,Rs./Quintal,Local
Sardar Shahar APMC,11.600000000000001,Metric Tonnes,Other,1500.0,1500.0,1500.0,Rs./Quintal,Local
Sawai Madhopur APMC,221.0,Metric Tonnes,Other,2535.0,2595.0,2565.0,Rs./Quintal,FAQ
Sri Vijayanagar APMC,15.200000000000001,Metric Tonnes,Other,2485.0,2661.0,2635.0,Rs./Quintal,Local
Sriganganagar (Grain) APMC,32.0,Metric Tonnes,Other,2671.0,2716.0,2685.0,Rs./Quintal,Local
Sumerganj APMC,1.2,Metric Tonnes,147 Average,2676.0,2676.0,2676.0,Rs./Quintal,Local
Sumerpur APMC,32.4,Metric Tonnes,Other,2722.0,2836.0,2779.0,Rs./Quintal,Non-FAQ
Suratgarh APMC,2.7,Metric Tonnes,Other,2571.0,2781.0,2727.0,Rs./Quintal,FAQ
Todaraisingh APMC,66.0,Metric Tonnes,Other,2500.0,2530.0,2515.0,Rs./Quintal,FAQ
Tonk APMC,20.6,Metric Tonnes,Deshi,2590.0,2590.0,2590.0,Rs./Quintal,FAQ
Total,3999.06,Metric Tonnes,,,,2678.95,Rs./Quintal,
State/UT Name : Uttar Pradesh
Achalda APMC,15.0,Metric Tonnes,Deshi,2400.0,2400.0,2400.0,Rs./Quintal,FAQ
Achalda APMC,20.5,Metric Tonnes,Other,2400.0,2400.0,2400.0,Rs./Quintal,FAQ
Achalda APMC,129.18,Metric Tonnes,Dara,2400.0,2400.0,2400.0,Rs./Quintal,FAQ
Achnera APMC,38.5,Metric Tonnes,Dara,2600.0,2625.0,2612.34,Rs./Quintal,FAQ
Agra APMC,30.0,Metric Tonnes,Sharbati,2970.0,2970.0,2970.0,Rs./Quintal,FAQ
Ait APMC,53.04,Metric Tonnes,Other,2600.0,2625.0,2609.25,Rs./Quintal,FAQ
Ajuha APMC,17.0,Metric Tonnes,Dara,2400.0,2400.0,2400.0,Rs./Quintal,FAQ
Akbarpur APMC,2.0,Metric Tonnes,Hybrid,2450.0,2450.0,2450.0,Rs./Quintal,FAQ
Akbarpur APMC,16.08,Metric Tonnes,Other,2450.0,2450.0,2450.0,Rs./Quintal,FAQ
Akbarpur APMC,473.99,Metric Tonnes,Dara,2450.0,2500.0,2460.44,Rs./Quintal,FAQ
Aliganj APMC,26.0,Metric Tonnes,Medium,2500.0,2500.0,2500.0,Rs./Quintal,FAQ
Aliganj APMC,22.125,Metric Tonnes,Dara,2500.0,2500.0,2500.0,Rs./Quintal,FAQ
Aligarh APMC,71.0,Metric Tonnes,Other,2500.0,2650.0,2605.28,Rs./Quintal,FAQ
Anandnagar APMC,24.5,Metric Tonnes,Dara,2400.0,2400.0,2400.0,Rs./Quintal,FAQ
Anoop Shahar APMC,1.76,Metric Tonnes,Other,2430.0,2430.0,2430.0,Rs./Quintal,FAQ
Atarra APMC,23.9,Metric Tonnes,Deshi,2500.0,2500.0,2500.0,Rs./Quintal,FAQ
Atrauli APMC,43.15,Metric Tonnes,Dara,2600.0,2600.0,2600.0,Rs./Quintal,FAQ
Auraiya APMC,55.7,Metric Tonnes,Dara,2620.0,2620.0,2620.0,Rs./Quintal,FAQ
Auraiya APMC,177.04,Metric Tonnes,Other,2620.0,2620.0,2620.0,Rs./Quintal,FAQ
Auraiya APMC,105.935,Metric Tonnes,Medium,2630.0,2650.0,2644.87,Rs./Quintal,FAQ
Ayodhya APMC,6.7,Metric Tonnes,Deshi,2500.0,2600.0,2537.31,Rs./Quintal,FAQ
Ayodhya APMC,30.4,Metric Tonnes,Dara Mill Quality,2600.0,2600.0,2600.0,Rs./Quintal,FAQ
Ayodhya APMC,4.3,Metric Tonnes,Medium,2500.0,2500.0,2500.0,Rs./Quintal,FAQ
Azamgarh APMC,119.855,Metric Tonnes,Dara,2585.0,2610.0,2592.39,Rs./Quintal,FAQ
Azamgarh APMC,16.3,Metric Tonnes,Local,2585.0,2585.0,2585.0,Rs./Quintal,FAQ
Baberu APMC,30.0,Metric Tonnes,Dara,2500.0,2500.0,2500.0,Rs./Quintal,FAQ
Bachranwa APMC,63.55,Metric Tonnes,Dara,2500.0,2500.0,2500.0,Rs./Quintal,FAQ
Badayoun APMC,18.0,Metric Tonnes,Local,2500.0,2500.0,2500.0,Rs./Quintal,FAQ
Bahraich APMC,2.0,Metric Tonnes,Dara,2500.0,2500.0,2500.0,Rs./Quintal,FAQ
Bahraich APMC,34.3,Metric Tonnes,Hybrid,2540.0,2560.0,2549.39,Rs./Quintal,FAQ
Balrampur APMC,30.9,Metric Tonnes,Dara,2650.0,2650.0,2650.0,Rs./Quintal,FAQ
Balrampur APMC,16.0,Metric Tonnes,Medium,2450.0,2450.0,2450.0,Rs./Quintal,FAQ
Banda APMC,44.46,Metric Tonnes,Other,2500.0,2650.0,2619.64,Rs./Quintal,FAQ
Bangarmau APMC,136.785,Metric Tonnes,Dara,2500.0,2500.0,2500.0,Rs./Quintal,FAQ
Bansi APMC,134.7,Metric Tonnes,Dara,2500.0,2500.0,2500.0,Rs./Quintal,FAQ
Banthara APMC,71.68,Metric Tonnes,Other,2615.0,2650.0,2635.37,Rs./Quintal,FAQ
Banthara APMC,440.873,Metric Tonnes,Dara,2500.0,2860.0,2680.71,Rs./Quintal,FAQ
Barabanki APMC,9.8,Metric Tonnes,2329,2500.0,2500.0,2500.0,Rs./Quintal,FAQ
Barabanki APMC,19.89,Metric Tonnes,Other,2500.0,2700.0,2645.8,Rs./Quintal,FAQ
Barabanki APMC,32.0,Metric Tonnes,Mill Quality,2500.0,2500.0,2500.0,Rs./Quintal,FAQ
Barabanki APMC,288.01,Metric Tonnes,Dara,2450.0,2650.0,2500.31,Rs./Quintal,FAQ
Bareilly APMC,10.3,Metric Tonnes,Dara Mill Quality,2607.0,2610.0,2608.59,Rs./Quintal,FAQ
Bareilly APMC,1.0,Metric Tonnes,Medium,2600.0,2600.0,2600.0,Rs./Quintal,FAQ
Bareilly APMC,58.0,Metric Tonnes,Dara,2600.0,2800.0,2646.94,Rs./Quintal,FAQ
Bareilly APMC,29.39,Metric Tonnes,Other,2600.0,2600.0,2600.0,Rs./Quintal,FAQ
Bareilly APMC,12.0,Metric Tonnes,Deshi,2600.0,2600.0,2600.0,Rs./Quintal,FAQ
Baripaal APMC,3.2,Metric Tonnes,Dara,2550.0,2550.0,2550.0,Rs./Quintal,FAQ
Basti APMC,3.4,Metric Tonnes,Other,2450.0,2500.0,2461.76,Rs./Quintal,FAQ
Basti APMC,97.135,Metric Tonnes,Dara Mill Quality,2450.0,2450.0,2450.0,Rs./Quintal,FAQ
Basti APMC,101.68,Metric Tonnes,Dara,2450.0,2600.0,2516.25,Rs./Quintal,FAQ
Basti APMC,109.5,Metric Tonnes,Medium,2450.0,2450.0,2450.0,Rs./Quintal,FAQ
Bewar APMC,20.9,Metric Tonnes,Dara,2400.0,2550.0,2481.6,Rs./Quintal,FAQ
Bharthna APMC,22.9,Metric Tonnes,Other,2550.0,2550.0,2550.0,Rs./Quintal,FAQ
Bharthna APMC,70.43,Metric Tonnes,Dara,2550.0,2590.0,2566.92,Rs./Quintal,FAQ
Bharuasumerpur APMC,86.23,Metric Tonnes,Medium,2500.0,2500.0,2500.0,Rs./Quintal,FAQ
Bharuasumerpur APMC,30.0,Metric Tonnes,Other,2500.0,2500.0,2500.0,Rs./Quintal,FAQ
Bharwari APMC,25.52,Metric Tonnes,Other,2500.0,2500.0,2500.0,Rs./Quintal,FAQ
Bharwari APMC,2.7,Metric Tonnes,Dara,2500.0,2500.0,2500.0,Rs./Quintal,FAQ
Bhehjoi APMC,151.54,Metric Tonnes,Other,2510.0,2550.0,2528.22,Rs./Quintal,FAQ
Bhehjoi APMC,132.52,Metric Tonnes,Mill Quality,2536.0,2620.0,2561.42,Rs./Quintal,FAQ
Bhinga APMC,49.0,Metric Tonnes,Dara,2500.0,2500.0,2500.0,Rs./Quintal,FAQ
Bilsi APMC,29.905,Metric Tonnes,Dara,2450.0,2450.0,2450.0,Rs./Quintal,FAQ
Bindki APMC,29.5,Metric Tonnes,Medium,2435.0,2475.0,2455.88,Rs./Quintal,FAQ
Bindki APMC,163.555,Metric Tonnes,Other,2400.0,2640.0,2482.28,Rs./Quintal,FAQ
Bindki APMC,37.79,Metric Tonnes,Dara Mill Quality,2500.0,2500.0,2500.0,Rs./Quintal,FAQ
Bindki APMC,163.13,Metric Tonnes,Dara,2400.0,2540.0,2447.51,Rs./Quintal,FAQ
Bishalpur APMC,18.0,Metric Tonnes,Dara,2500.0,2500.0,2500.0,Rs./Quintal,FAQ
Buland Shahr APMC,42.0,Metric Tonnes,Other,3230.0,3230.0,3230.0,Rs./Quintal,FAQ
Buland Shahr APMC,31.327,Metric Tonnes,Dara,2500.0,2550.0,2519.21,Rs./Quintal,FAQ
Charkhari APMC,109.5,Metric Tonnes,Dara,2400.0,2500.0,2424.93,Rs./Quintal,FAQ
Charkhari APMC,46.1,Metric Tonnes,Other,2400.0,2600.0,2573.54,Rs./Quintal,FAQ
Chhibramau APMC,65.47,Metric Tonnes,Dara,2625.0,2625.0,2625.0,Rs./Quintal,FAQ
Choubepur APMC,36.2,Metric Tonnes,Hybrid,2700.0,2700.0,2700.0,Rs./Quintal,FAQ
Colonelganj APMC,30.6,Metric Tonnes,Dara,2500.0,2500.0,2500.0,Rs./Quintal,FAQ
Dankaur APMC,28.2,Metric Tonnes,Dara,2450.0,2450.0,2450.0,Rs./Quintal,FAQ
Dataganj APMC,4.9,Metric Tonnes,PBW-343,2500.0,2500.0,2500.0,Rs./Quintal,FAQ
Dataganj APMC,174.275,Metric Tonnes,Dara,2500.0,2700.0,2571.59,Rs./Quintal,FAQ
Devariya APMC,3.725,Metric Tonnes,Hybrid,2755.98,2755.98,2755.98,Rs./Quintal,FAQ
Devariya APMC,2.685,Metric Tonnes,Sonalika,2704.66,2704.66,2704.66,Rs./Quintal,FAQ
Devariya APMC,22.84,Metric Tonnes,White,2740.0,2760.0,2751.89,Rs./Quintal,FAQ
Devariya APMC,10.57,Metric Tonnes,Dara,2450.0,2742.41,2590.26,Rs./Quintal,FAQ
Dhanaura APMC,43.5,Metric Tonnes,Dara,2500.0,2600.0,2567.82,Rs./Quintal,FAQ
Dibiapur APMC,24.5,Metric Tonnes,Dara Mill Quality,2400.0,2400.0,2400.0,Rs./Quintal,FAQ
Dibiapur APMC,25.615,Metric Tonnes,Hybrid,2500.0,2500.0,2500.0,Rs./Quintal,FAQ
Dibiapur APMC,89.0,Metric Tonnes,Dara,2400.0,2600.0,2440.45,Rs./Quintal,FAQ
Etah APMC,29.0,Metric Tonnes,Other,2500.0,2500.0,2500.0,Rs./Quintal,FAQ
Etah APMC,312.2,Metric Tonnes,Dara,2500.0,2500.0,2500.0,Rs./Quintal,FAQ
Etawah APMC,19.0,Metric Tonnes,Other,2425.0,2455.0,2429.42,Rs./Quintal,FAQ
Fatehabad APMC,7.2,Metric Tonnes,Local,2520.0,2525.0,2521.21,Rs./Quintal,FAQ
Fatehpur APMC,112.5,Metric Tonnes,Medium,2450.0,2450.0,2450.0,Rs./Quintal,FAQ
Fatehpur APMC,147.6,Metric Tonnes,Dara,2450.0,2550.0,2483.67,Rs./Quintal,FAQ
Fatehpur APMC,58.113,Metric Tonnes,Other,2550.0,2550.0,2550.0,Rs./Quintal,FAQ
Fatehpur Sikri APMC,47.01,Metric Tonnes,Dara,2550.0,2600.0,2557.55,Rs./Quintal,FAQ
Gadaura APMC,5.0,Metric Tonnes,Dara,2500.0,2500.0,2500.0,Rs./Quintal,FAQ
Ganj Dundwara APMC,84.9,Metric Tonnes,Dara,2500.0,2700.0,2582.47,Rs./Quintal,FAQ
Ghiraur APMC,24.68,Metric Tonnes,Dara,2400.0,2400.0,2400.0,Rs./Quintal,FAQ
Golagokarnath APMC,36.1,Metric Tonnes,Dara,2580.0,2580.0,2580.0,Rs./Quintal,FAQ
Gonda APMC,5.06,Metric Tonnes,Dara Mill Quality,2820.0,2820.0,2820.0,Rs./Quintal,FAQ
Gorakhpur APMC,6.0,Metric Tonnes,Dara Mill Quality,2500.0,2500.0,2500.0,Rs./Quintal,FAQ
Gorakhpur APMC,35.0,Metric Tonnes,Other,2500.0,2500.0,2500.0,Rs./Quintal,FAQ
Gorakhpur APMC,183.53,Metric Tonnes,Dara,2500.0,2760.0,2660.73,Rs./Quintal,FAQ
Haathras APMC,3.136,Metric Tonnes,Dara,2511.0,2511.0,2511.0,Rs./Quintal,FAQ
Haathras APMC,4.0,Metric Tonnes,Medium,2501.0,2501.0,2501.0,Rs./Quintal,FAQ
Haathras APMC,17.6,Metric Tonnes,Other,2511.0,2521.0,2515.53,Rs./Quintal,FAQ
Hardoi APMC,357.91,Metric Tonnes,Dara,2550.0,2575.0,2561.47,Rs./Quintal,FAQ
Hardoi APMC,61.95,Metric Tonnes,Other,2400.0,2400.0,2400.0,Rs./Quintal,FAQ
Hargaon (Laharpur) APMC,17.565,Metric Tonnes,Dara,2450.0,2500.0,2474.99,Rs./Quintal,FAQ
Hasanpur APMC,3.5,Metric Tonnes,Dara,2550.0,2550.0,2550.0,Rs./Quintal,FAQ
Hasanpur APMC,665.55,Metric Tonnes,Dara Mill Quality,2590.0,2590.0,2590.0,Rs./Quintal,FAQ
Jafarganj APMC,120.584,Metric Tonnes,Dara,2300.0,2540.0,2386.92,Rs./Quintal,FAQ
Jagnair APMC,52.0,Metric Tonnes,Medium,2425.0,2425.0,2425.0,Rs./Quintal,FAQ
Jahanabad APMC,40.5,Metric Tonnes,Dara,2550.0,2650.0,2600.86,Rs./Quintal,FAQ
Jahanabad APMC,22.3,Metric Tonnes,Medium,2480.0,2500.0,2485.38,Rs./Quintal,FAQ
Jahangirabad APMC,10.636,Metric Tonnes,Other,2450.0,2682.0,2637.48,Rs./Quintal,FAQ
Jalalabad APMC,8.0,Metric Tonnes,2329,2430.0,2430.0,2430.0,Rs./Quintal,FAQ
Jalalabad APMC,16.0,Metric Tonnes,Bansi,2430.0,2430.0,2430.0,Rs./Quintal,FAQ
Jalaun APMC,30.1,Metric Tonnes,Mill Quality,2600.0,2600.0,2600.0,Rs./Quintal,FAQ
Jangipura APMC,45.295,Metric Tonnes,Dara,2450.0,2500.0,2482.89,Rs./Quintal,FAQ
Jarar APMC,9.5,Metric Tonnes,Dara,2450.0,2550.0,2486.84,Rs./Quintal,FAQ
Jasra APMC,77.46,Metric Tonnes,Dara,2400.0,2500.0,2419.62,Rs./Quintal,FAQ
Jaunpur APMC,8.0,Metric Tonnes,Dara,2600.0,2600.0,2600.0,Rs./Quintal,FAQ
Jaunpur APMC,3.245,Metric Tonnes,Dara Mill Quality,2721.0,2721.0,2721.0,Rs./Quintal,FAQ
Jayas APMC,259.64,Metric Tonnes,Dara,2400.0,2690.0,2526.24,Rs./Quintal,FAQ
Jewar APMC,39.5,Metric Tonnes,Other,2585.0,2600.0,2592.16,Rs./Quintal,FAQ
Jhansi APMC,35.9,Metric Tonnes,Other,2351.0,2651.0,2409.69,Rs./Quintal,FAQ
Jhansi APMC,47.0,Metric Tonnes,Mill Quality,2351.0,2360.0,2353.2,Rs./Quintal,FAQ
Jhansi APMC,30.4,Metric Tonnes,Dara Mill Quality,2400.0,2400.0,2400.0,Rs./Quintal,FAQ
Jhansi APMC,51.2,Metric Tonnes,Deshi,2350.0,2355.0,2351.42,Rs./Quintal,FAQ
Jhijhank APMC,16.0,Metric Tonnes,Sonalika,2640.0,2640.0,2640.0,Rs./Quintal,FAQ
Jhijhank APMC,16.0,Metric Tonnes,Super Fine,2640.0,2640.0,2640.0,Rs./Quintal,FAQ
Jhijhank APMC,14.91,Metric Tonnes,Other,2550.0,2550.0,2550.0,Rs./Quintal,FAQ
Jhijhank APMC,291.645,Metric Tonnes,Dara,2350.0,2650.0,2535.14,Rs./Quintal,FAQ
Kadaura APMC,35.1,Metric Tonnes,Other,2350.0,2500.0,2456.84,Rs./Quintal,FAQ
Kadaura APMC,11.5,Metric Tonnes,Deshi,2400.0,2400.0,2400.0,Rs./Quintal,FAQ
Kannauj APMC,0.53,Metric Tonnes,Dara,2540.0,2540.0,2540.0,Rs./Quintal,FAQ
Kanpur(Grain) APMC,10.4,Metric Tonnes,Dara Mill Quality,2360.0,2360.0,2360.0,Rs./Quintal,FAQ
Kanpur(Grain) APMC,58.57,Metric Tonnes,Other,2600.0,2650.0,2605.38,Rs./Quintal,FAQ
Kanpur(Grain) APMC,385.713,Metric Tonnes,Dara,2600.0,2750.0,2726.57,Rs./Quintal,FAQ
Kanpur(Grain) APMC,22.4,Metric Tonnes,Medium,2360.0,2600.0,2425.36,Rs./Quintal,FAQ
Karvi APMC,2.55,Metric Tonnes,Dara,2460.0,2460.0,2460.0,Rs./Quintal,FAQ
Karvi APMC,3.0,Metric Tonnes,Other,2400.0,2400.0,2400.0,Rs./Quintal,FAQ
Karvi APMC,29.174,Metric Tonnes,Dara Mill Quality,2540.0,2540.0,2540.0,Rs./Quintal,FAQ
Kasganj APMC,4.5,Metric Tonnes,PBW-343,2640.0,2640.0,2640.0,Rs./Quintal,FAQ
Kasganj APMC,3.9,Metric Tonnes,Deshi,2565.0,2565.0,2565.0,Rs./Quintal,FAQ
Kasganj APMC,8.0,Metric Tonnes,2329,2640.0,2650.0,2645.0,Rs./Quintal,FAQ
Kasganj APMC,4.2,Metric Tonnes,Medium Fine,2619.0,2619.0,2619.0,Rs./Quintal,FAQ
Kasganj APMC,30.0,Metric Tonnes,Other,2700.0,2700.0,2700.0,Rs./Quintal,FAQ
Kasganj APMC,113.95,Metric Tonnes,Dara,2500.0,2600.0,2540.73,Rs./Quintal,FAQ
Kasganj APMC,33.144,Metric Tonnes,Dara Mill Quality,2637.0,2638.0,2637.56,Rs./Quintal,FAQ
Khair APMC,30.002,Metric Tonnes,Other,2500.0,2500.0,2500.0,Rs./Quintal,FAQ
Khairagarh APMC,6.0,Metric Tonnes,Dara,2500.0,2600.0,2550.0,Rs./Quintal,FAQ
Khalilabad APMC,50.29,Metric Tonnes,Dara,2530.0,2770.0,2583.45,Rs./Quintal,FAQ
Khalilabad APMC,43.4,Metric Tonnes,Other,2530.0,2530.0,2530.0,Rs./Quintal,FAQ
Khekda APMC,4.65,Metric Tonnes,Dara,2700.0,2700.0,2700.0,Rs./Quintal,FAQ
Khurja APMC,8.0,Metric Tonnes,PBW-343,2451.0,2451.0,2451.0,Rs./Quintal,FAQ
Khurja APMC,11.0,Metric Tonnes,Other,2450.0,2450.0,2450.0,Rs./Quintal,FAQ
Kishunpur APMC,3.5,Metric Tonnes,Other,2500.0,2500.0,2500.0,Rs./Quintal,FAQ
Konch APMC,86.23,Metric Tonnes,Dara,2300.0,2550.0,2466.44,Rs./Quintal,FAQ
Konch APMC,118.58,Metric Tonnes,Other,2350.0,2561.0,2514.32,Rs./Quintal,FAQ
Kopaganj APMC,1.2,Metric Tonnes,Dara,2590.0,2590.0,2590.0,Rs./Quintal,FAQ
Kosikalan APMC,130.0,Metric Tonnes,Dara,2500.0,2600.0,2560.0,Rs./Quintal,Grade Range-1
Kosikalan APMC,5.65,Metric Tonnes,Other,2627.94,2635.0,2633.94,Rs./Quintal,FAQ
Kosikalan APMC,2.0,Metric Tonnes,Super Fine,2610.0,2610.0,2610.0,Rs./Quintal,FAQ
Kosikalan APMC,31.4,Metric Tonnes,Dara,2630.0,2650.0,2649.11,Rs./Quintal,FAQ
Kurara APMC,8.0,Metric Tonnes,Other,2500.0,2500.0,2500.0,Rs./Quintal,FAQ
Kurara APMC,23.3,Metric Tonnes,Dara,2400.0,2400.0,2400.0,Rs./Quintal,FAQ
Lakhimpur APMC,189.718,Metric Tonnes,Dara,2400.0,2650.0,2479.15,Rs./Quintal,FAQ
Lalganj APMC,136.845,Metric Tonnes,Dara,2400.0,2625.0,2552.34,Rs./Quintal,FAQ
Lalitpur APMC,45.4,Metric Tonnes,Deshi,2350.0,2400.0,2370.02,Rs./Quintal,FAQ
Lalitpur APMC,3.0,Metric Tonnes,Medium Fine,4500.0,4500.0,4500.0,Rs./Quintal,FAQ
Lalitpur APMC,36.5,Metric Tonnes,Super Fine,2350.0,2350.0,2350.0,Rs./Quintal,FAQ
Lalitpur APMC,45.8,Metric Tonnes,Medium,2350.0,2350.0,2350.0,Rs./Quintal,FAQ
Lalitpur APMC,193.4,Metric Tonnes,Other,2350.0,2680.0,2483.8,Rs./Quintal,FAQ
Lalitpur APMC,112.6,Metric Tonnes,Mill Quality,2350.0,2355.0,2351.12,Rs./Quintal,FAQ
Lalitpur APMC,207.4,Metric Tonnes,Dara,2351.0,2920.0,2713.75,Rs./Quintal,FAQ
Lalitpur APMC,141.9,Metric Tonnes,Dara Mill Quality,2350.0,2354.0,2350.42,Rs./Quintal,FAQ
Lediyari APMC,9.0,Metric Tonnes,Other,2400.0,2600.0,2585.0,Rs./Quintal,FAQ
Lucknow APMC,8.435,Metric Tonnes,Dara,2500.0,2600.0,2547.84,Rs./Quintal,FAQ
Lucknow APMC,11.88,Metric Tonnes,Mill Quality,2450.0,2450.0,2450.0,Rs./Quintal,FAQ
Lucknow APMC,14.5,Metric Tonnes,Dara Mill Quality,2450.0,2450.0,2450.0,Rs./Quintal,FAQ
Lucknow APMC,134.7,Metric Tonnes,Medium,2640.0,2690.0,2684.14,Rs./Quintal,FAQ
Madhogarh APMC,74.82,Metric Tonnes,Local,2450.0,2450.0,2450.0,Rs./Quintal,FAQ
Mahoba APMC,25.85,Metric Tonnes,Dara,2300.0,2301.0,2300.17,Rs./Quintal,FAQ
Maholi APMC,39.48,Metric Tonnes,Dara,2400.0,2805.0,2547.91,Rs./Quintal,FAQ
Maigalganj APMC,7.5,Metric Tonnes,Dara,2650.0,2650.0,2650.0,Rs./Quintal,FAQ
Mainpuri APMC,13.5,Metric Tonnes,Deshi,2612.0,2612.0,2612.0,Rs./Quintal,FAQ
Mainpuri APMC,5.0,Metric Tonnes,Dara,2600.0,2600.0,2600.0,Rs./Quintal,FAQ
Mainpuri APMC,25.0,Metric Tonnes,Super Fine,2612.0,2612.0,2612.0,Rs./Quintal,FAQ
Mainpuri APMC,8.25,Metric Tonnes,Sharbati,2551.0,2551.0,2551.0,Rs./Quintal,FAQ
Mainpuri APMC,29.8,Metric Tonnes,Hybrid,2560.0,2600.0,2584.97,Rs./Quintal,FAQ
Mainpuri APMC,44.8,Metric Tonnes,Other,2551.0,2612.0,2574.83,Rs./Quintal,FAQ
Mainpuri APMC,22.25,Metric Tonnes,Medium,2612.0,2612.0,2612.0,Rs./Quintal,FAQ
Mathura APMC,2.0,Metric Tonnes,Super Fine,2640.0,2640.0,2640.0,Rs./Quintal,FAQ
Mathura APMC,3.355,Metric Tonnes,PBW-343,2651.0,2691.0,2661.13,Rs./Quintal,FAQ
Mathura APMC,42.0,Metric Tonnes,Medium,2451.0,2620.0,2497.86,Rs./Quintal,FAQ
Mathura APMC,109.215,Metric Tonnes,Dara,2450.68,2681.0,2465.95,Rs./Quintal,FAQ
Mau(Chitrakut) APMC,25.0,Metric Tonnes,Deshi,2300.0,2300.0,2300.0,Rs./Quintal,FAQ
Mau(Chitrakut) APMC,99.025,Metric Tonnes,Other,2300.0,2590.0,2457.8,Rs./Quintal,FAQ
Maudaha APMC,32.4,Metric Tonnes,Medium,2330.0,2330.0,2330.0,Rs./Quintal,FAQ
Maudaha APMC,61.65,Metric Tonnes,Other,2330.0,2500.0,2404.05,Rs./Quintal,FAQ
Mauranipur APMC,43.376,Metric Tonnes,Other,2400.0,2555.0,2488.93,Rs./Quintal,FAQ
Meeranpur Katra APMC,30.0,Metric Tonnes,Other,2490.0,2490.0,2490.0,Rs./Quintal,FAQ
Meeranpur Katra APMC,14.0,Metric Tonnes,Dara,2600.0,2600.0,2600.0,Rs./Quintal,FAQ
Mehmoodabad APMC,176.88,Metric Tonnes,Other,2530.0,2670.0,2643.01,Rs./Quintal,FAQ
Mehrauni APMC,20.6,Metric Tonnes,Mill Quality,2440.0,2440.0,2440.0,Rs./Quintal,FAQ
Mehrauni APMC,25.5,Metric Tonnes,Dara,2300.0,2305.0,2301.67,Rs./Quintal,FAQ
Mihipurwa APMC,8.8,Metric Tonnes,Other,2520.0,2520.0,2520.0,Rs./Quintal,FAQ
Mihipurwa APMC,203.9,Metric Tonnes,Dara,2400.0,2450.0,2408.75,Rs./Quintal,FAQ
Milak APMC,56.0,Metric Tonnes,Other,2500.0,2505.0,2502.04,Rs./Quintal,FAQ
Mirzapur APMC,18.905,Metric Tonnes,Dara,2500.0,2500.0,2500.0,Rs./Quintal,FAQ
Moth APMC,1.5,Metric Tonnes,Deshi,2695.0,2695.0,2695.0,Rs./Quintal,FAQ
Moth APMC,17.4,Metric Tonnes,Dara,2550.0,2600.0,2571.15,Rs./Quintal,FAQ
Moth APMC,36.59,Metric Tonnes,Other,2605.0,2685.0,2662.47,Rs./Quintal,FAQ
Mugrabaadshahpur APMC,9.7,Metric Tonnes,Medium,2425.0,2425.0,2425.0,Rs./Quintal,FAQ
Muradabad APMC,1.1,Metric Tonnes,Other,2500.0,2500.0,2500.0,Rs./Quintal,FAQ
Muskara APMC,153.73,Metric Tonnes,Other,2350.0,2600.0,2464.7,Rs./Quintal,FAQ
Naanpara APMC,11.1,Metric Tonnes,Dara,2700.0,2700.0,2700.0,Rs./Quintal,FAQ
Naugarh APMC,189.14,Metric Tonnes,Dara,2500.0,2560.0,2511.88,Rs./Quintal,FAQ
Nautnava APMC,14.0,Metric Tonnes,Dara,2600.0,2600.0,2600.0,Rs./Quintal,FAQ
Nautnava APMC,1.56,Metric Tonnes,Wheat-Organic,2400.0,2400.0,2400.0,Rs./Quintal,FAQ
Nawabganj APMC,29.01,Metric Tonnes,Other,2600.0,2650.0,2641.38,Rs./Quintal,FAQ
Nawabganj APMC,30.3,Metric Tonnes,Dara,2610.0,2610.0,2610.0,Rs./Quintal,FAQ
Orai APMC,11.8,Metric Tonnes,Other,2650.0,2650.0,2650.0,Rs./Quintal,FAQ
Paliakala APMC,51.3,Metric Tonnes,Dara,2400.0,2400.0,2400.0,Rs./Quintal,FAQ
Partaval APMC,184.755,Metric Tonnes,Dara,2400.0,2400.0,2400.0,Rs./Quintal,FAQ
Payagpur APMC,24.0,Metric Tonnes,Medium,2450.0,2450.0,2450.0,Rs./Quintal,FAQ
Payagpur APMC,29.7,Metric Tonnes,Other,2425.0,2425.0,2425.0,Rs./Quintal,FAQ
Payagpur APMC,75.2,Metric Tonnes,Dara,2425.0,2500.0,2468.09,Rs./Quintal,FAQ
Pilibhit APMC,15.0,Metric Tonnes,Dara,2625.0,2625.0,2625.0,Rs./Quintal,FAQ
Powayan APMC,51.48,Metric Tonnes,Dara,2500.0,2540.0,2517.91,Rs./Quintal,FAQ
Pratapgarh APMC,30.0,Metric Tonnes,Other,2400.0,2400.0,2400.0,Rs./Quintal,FAQ
Pratapgarh APMC,20.1,Metric Tonnes,Wheat-Organic,2400.0,2400.0,2400.0,Rs./Quintal,FAQ
Pratapgarh APMC,35.2,Metric Tonnes,Medium,2400.0,2400.0,2400.0,Rs./Quintal,FAQ
Pratapgarh APMC,481.18,Metric Tonnes,Dara,2400.0,2500.0,2406.34,Rs./Quintal,FAQ
Prayagraj APMC,77.4,Metric Tonnes,Other,2500.0,2600.0,2548.71,Rs./Quintal,FAQ
Prayagraj APMC,26.4,Metric Tonnes,Local,2250.0,2250.0,2250.0,Rs./Quintal,FAQ
Prayagraj APMC,40.0,Metric Tonnes,Deshi,2250.0,2250.0,2250.0,Rs./Quintal,FAQ
Prayagraj APMC,105.69,Metric Tonnes,Dara,2250.0,2620.0,2328.81,Rs./Quintal,FAQ
Pukharayan APMC,31.74,Metric Tonnes,Dara,2450.0,2580.0,2507.1,Rs./Quintal,FAQ
Purwa APMC,50.39,Metric Tonnes,Other,2500.0,2500.0,2500.0,Rs./Quintal,FAQ
Purwa APMC,204.168,Metric Tonnes,Dara,2450.0,2460.0,2455.72,Rs./Quintal,FAQ
Raath APMC,7.5,Metric Tonnes,Medium,2500.0,2500.0,2500.0,Rs./Quintal,FAQ
Raath APMC,50.21,Metric Tonnes,Deshi,2400.0,2450.0,2409.96,Rs./Quintal,FAQ
Raath APMC,24.73,Metric Tonnes,Other,2400.0,2400.0,2400.0,Rs./Quintal,FAQ
Raibareilly APMC,0.5,Metric Tonnes,White,2400.0,2400.0,2400.0,Rs./Quintal,FAQ
Raibareilly APMC,74.482,Metric Tonnes,Dara,2400.0,2500.0,2444.21,Rs./Quintal,FAQ
Raibareilly APMC,11.1,Metric Tonnes,Local,2500.0,2500.0,2500.0,Rs./Quintal,FAQ
Robertsganj APMC,64.2,Metric Tonnes,Dara Mill Quality,2400.0,2525.0,2496.88,Rs./Quintal,FAQ
Robertsganj APMC,49.776,Metric Tonnes,Other,2500.0,2500.47,2500.05,Rs./Quintal,FAQ
Rudauli APMC,155.693,Metric Tonnes,Dara,2425.0,2713.0,2533.61,Rs./Quintal,FAQ
Rura APMC,44.42,Metric Tonnes,Dara,2500.0,2600.0,2524.89,Rs./Quintal,FAQ
Rura APMC,71.33,Metric Tonnes,Other,2500.0,2655.0,2554.32,Rs./Quintal,FAQ
Rura APMC,32.7,Metric Tonnes,Medium,2500.0,2600.0,2518.35,Rs./Quintal,FAQ
Safdarganj APMC,15.0,Metric Tonnes,PBW-343,2450.0,2450.0,2450.0,Rs./Quintal,FAQ
Safdarganj APMC,3.3,Metric Tonnes,Other,2450.0,2450.0,2450.0,Rs./Quintal,FAQ
Safdarganj APMC,419.09,Metric Tonnes,Dara,2450.0,2800.0,2471.86,Rs./Quintal,FAQ
Saharanpur APMC,45.8,Metric Tonnes,Dara,2625.0,2625.0,2625.0,Rs./Quintal,FAQ
Sahiyapur APMC,57.7,Metric Tonnes,Dara,2430.0,2600.0,2450.62,Rs./Quintal,FAQ
Sahiyapur APMC,201.575,Metric Tonnes,Other,2430.0,2600.0,2501.11,Rs./Quintal,FAQ
Sahiyapur APMC,36.5,Metric Tonnes,Mill Quality,2450.0,2450.0,2450.0,Rs./Quintal,FAQ
Saidpur APMC,20.0,Metric Tonnes,Medium,2450.0,2450.0,2450.0,Rs./Quintal,FAQ
Salon APMC,54.74,Metric Tonnes,Dara,2400.0,2600.0,2506.47,Rs./Quintal,FAQ
Sandila APMC,6.7,Metric Tonnes,Dara Mill Quality,2450.0,2450.0,2450.0,Rs./Quintal,FAQ
Sandila APMC,786.7803,Metric Tonnes,Dara,2450.0,2575.0,2470.12,Rs./Quintal,FAQ
Sehjanwa APMC,139.518,Metric Tonnes,Dara,2415.0,2818.0,2751.27,Rs./Quintal,FAQ
Shahabad(New Mandi) APMC,49.3,Metric Tonnes,Dara,2450.0,2460.0,2451.28,Rs./Quintal,FAQ
Shahaswan APMC,6.47,Metric Tonnes,Other,2430.0,2430.0,2430.0,Rs./Quintal,FAQ
Shahganj APMC,64.05,Metric Tonnes,Dara,2560.0,2700.0,2601.06,Rs./Quintal,FAQ
Shahjahanpur APMC,57.9,Metric Tonnes,Dara,2475.0,2475.0,2475.0,Rs./Quintal,FAQ
Shahjahanpur APMC,36.65,Metric Tonnes,Medium Fine,2475.0,2475.0,2475.0,Rs./Quintal,FAQ
Shamli APMC,9.0,Metric Tonnes,White,3040.0,3040.0,3040.0,Rs./Quintal,FAQ
Shohratgarh APMC,0.1,Metric Tonnes,Other,2450.0,2450.0,2450.0,Rs./Quintal,FAQ
Shohratgarh APMC,31.2,Metric Tonnes,Medium,2700.0,2700.0,2700.0,Rs./Quintal,FAQ
Shohratgarh APMC,202.505,Metric Tonnes,Dara,2450.0,2450.0,2450.0,Rs./Quintal,FAQ
Sidhauli APMC,31.2,Metric Tonnes,Dara,2420.0,2445.0,2433.08,Rs./Quintal,FAQ
Sikanderabad APMC,10.0,Metric Tonnes,Medium,2680.0,2680.0,2680.0,Rs./Quintal,FAQ
Sikanderabad APMC,1.0,Metric Tonnes,Other,2620.0,2620.0,2620.0,Rs./Quintal,FAQ
Sirsa APMC,16.0,Metric Tonnes,Other,2500.0,2600.0,2585.0,Rs./Quintal,FAQ
Sitapur APMC,8.1,Metric Tonnes,Farmi,2450.0,2450.0,2450.0,Rs./Quintal,FAQ
Sitapur APMC,53.1,Metric Tonnes,Other,2550.0,2595.0,2568.69,Rs./Quintal,FAQ
Sitapur APMC,14.575,Metric Tonnes,Dara Mill Quality,2450.0,2450.0,2450.0,Rs./Quintal,FAQ
Sitapur APMC,16.225,Metric Tonnes,Dara,2660.0,2660.0,2660.0,Rs./Quintal,FAQ
Sitapur APMC,96.4,Metric Tonnes,Medium,2450.0,2490.0,2453.11,Rs./Quintal,FAQ
Siyana APMC,2.0,Metric Tonnes,Dara,2600.0,2600.0,2600.0,Rs./Quintal,FAQ
Sultanpur APMC,3.2,Metric Tonnes,Deshi,2452.0,2452.0,2452.0,Rs./Quintal,FAQ
Sultanpur APMC,30.0,Metric Tonnes,Other,2450.0,2450.0,2450.0,Rs./Quintal,FAQ
Sultanpur APMC,170.445,Metric Tonnes,Dara,2450.0,2500.0,2452.64,Rs./Quintal,FAQ
Tanda Akbarpur APMC,41.7,Metric Tonnes,Other,2450.0,2450.0,2450.0,Rs./Quintal,FAQ
Tanda Akbarpur APMC,45.0,Metric Tonnes,Dara,2450.0,2450.0,2450.0,Rs./Quintal,FAQ
Tulsipur APMC,49.0,Metric Tonnes,Medium,2500.0,2640.0,2590.0,Rs./Quintal,FAQ
Tundla APMC,2.86,Metric Tonnes,Medium,2750.0,2750.0,2750.0,Rs./Quintal,FAQ
Tundla APMC,17.309,Metric Tonnes,Local,2745.0,2750.0,2749.77,Rs./Quintal,FAQ
Ujhani APMC,146.789,Metric Tonnes,Dara,2500.0,2600.0,2520.76,Rs./Quintal,FAQ
Unnao APMC,33.3,Metric Tonnes,Dara,2550.0,2550.0,2550.0,Rs./Quintal,FAQ
Unnao APMC,60.29,Metric Tonnes,Dara Mill Quality,2550.0,2550.0,2550.0,Rs./Quintal,FAQ
Unnao APMC,137.1,Metric Tonnes,Other,2585.0,2585.0,2585.0,Rs./Quintal,FAQ
Utraula APMC,28.2,Metric Tonnes,Wheat-Organic,2405.0,2405.0,2405.0,Rs./Quintal,FAQ
Utraula APMC,30.5,Metric Tonnes,Other,2405.0,2405.0,2405.0,Rs./Quintal,FAQ
Utraula APMC,107.13,Metric Tonnes,Dara,2405.0,2500.0,2429.39,Rs./Quintal,FAQ
Uttaripura APMC,20.7,Metric Tonnes,Dara,2400.0,2400.0,2400.0,Rs./Quintal,FAQ
Viswan APMC,29.465,Metric Tonnes,Mill Quality,2400.0,2400.0,2400.0,Rs./Quintal,FAQ
Viswan APMC,18.6,Metric Tonnes,Local,2650.0,2650.0,2650.0,Rs./Quintal,FAQ
Total,18608.16,Metric Tonnes,,,,2518.65,Rs./Quintal,
State/UT Name : Uttarakhand
Lakshar APMC,0.7000000000000001,Metric Tonnes,Other,2585.0,2600.0,2600.0,Rs./Quintal,Local
Total,0.7,Metric Tonnes,,,,2600.0,Rs./Quintal,
State/UT Name : West Bengal
Asansol APMC,4.8,Metric Tonnes,Kalyan,2600.0,2850.0,2765.0,Rs./Quintal,FAQ
Bishnupur(Bankura) APMC,0.22999999999999998,Metric Tonnes,Sonalika,2600.0,2800.0,2700.0,Rs./Quintal,FAQ
Durgapur APMC,4.7,Metric Tonnes,Kalyan,2600.0,2850.0,2765.0,Rs./Quintal,FAQ
Jangipur APMC,14.45,Metric Tonnes,Deshi,2550.0,2650.0,2600.0,Rs./Quintal,FAQ
Jiaganj APMC,6.0,Metric Tonnes,Sonalika,2700.0,2800.0,2750.0,Rs./Quintal,FAQ
Kandi APMC,2.0,Metric Tonnes,Sonalika,2700.0,2800.0,2750.0,Rs./Quintal,FAQ
Karimpur APMC,7.5,Metric Tonnes,Local,2700.0,2900.0,2800.0,Rs./Quintal,Grade Range-1
Kasimbazar APMC,2.0,Metric Tonnes,Sonalika,2700.0,2800.0,2750.0,Rs./Quintal,FAQ
Khatra APMC,0.17,Metric Tonnes,Sonalika,2600.0,2800.0,2700.0,Rs./Quintal,FAQ
Rampurhat APMC,18.0,Metric Tonnes,Other,2580.0,2620.0,2600.0,Rs./Quintal,FAQ
Total,59.85,Metric Tonnes,,,,2676.98,Rs./Quintal,
Grand Total,56795.56,Metric Tonnes,,,,2634.16,Rs./Quintal,
Commodity Group Name : Pulses
Bengal Gram Dal(Chana Dal)
State/UT Name : Karnataka
Bengaluru APMC,183.8,Metric Tonnes,Bengal Gram Dal,7000.0,8500.0,7750.0,Rs./Quintal,Medium
Chamarajanagar APMC,3.0,Metric Tonnes,Bengal Gram Dal,7650.0,7650.0,7650.0,Rs./Quintal,Local
Gadag APMC,3.9000000000000004,Metric Tonnes,Bengal Gram Dal,7600.0,7600.0,7600.0,Rs./Quintal,Medium
Mysuru APMC,17.8,Metric Tonnes,Bengal Gram Dal,7250.0,8296.0,7700.0,Rs./Quintal,Local
Shimoga APMC,1.8,Metric Tonnes,Bengal Gram Dal,7350.0,7650.0,7650.0,Rs./Quintal,Local
Sira APMC,3.0,Metric Tonnes,Bengal Gram Dal,7550.0,7550.0,7550.0,Rs./Quintal,Local
Total,213.3,Metric Tonnes,,,,7738.02,Rs./Quintal,
State/UT Name : Maharashtra
APMC Mumbai ,146.4,Metric Tonnes,Other,7100.0,8500.0,7900.0,Rs./Quintal,Local
Total,146.4,Metric Tonnes,,,,7900.0,Rs./Quintal,
State/UT Name : Uttar Pradesh
Aligarh APMC,0.9,Metric Tonnes,Other,7300.0,7300.0,7300.0,Rs./Quintal,FAQ
Bilaspur APMC,1.14,Metric Tonnes,Other,7775.0,7775.0,7775.0,Rs./Quintal,FAQ
Kopaganj APMC,3.0,Metric Tonnes,Other,7985.72,7985.72,7985.72,Rs./Quintal,FAQ
Shamli APMC,1.8,Metric Tonnes,Other,6600.0,6600.0,6600.0,Rs./Quintal,FAQ
Total,6.84,Metric Tonnes,,,,7495.71,Rs./Quintal,
Grand Total,366.54,Metric Tonnes,,,,7798.19,Rs./Quintal,
Red gram/Arhar/Tur(whole) (MSP: Rs. 8450.00/Quintal)
State/UT Name : Andhra Pradesh
Gooti APMC,0.1,Metric Tonnes,Local,5200.0,6870.0,6050.0,Rs./Quintal,Grade Range-1
Guntakal APMC,0.1,Metric Tonnes,Local,7000.0,8000.0,7500.0,Rs./Quintal,Local
Kanigiri APMC,0.1,Metric Tonnes,(Whole),8600.0,8800.0,8700.0,Rs./Quintal,Local
Macharla APMC,0.1,Metric Tonnes,Local,8500.0,8500.0,8500.0,Rs./Quintal,Grade Range-1
Narasaraopet APMC,0.1,Metric Tonnes,Local,8500.0,8500.0,8500.0,Rs./Quintal,FAQ
Podili APMC,0.1,Metric Tonnes,Arhar (Whole),8000.0,8200.0,8100.0,Rs./Quintal,FAQ
Tadipatri APMC,0.1,Metric Tonnes,Local,5800.0,5900.0,5850.0,Rs./Quintal,Grade Range-1
Total,0.7,Metric Tonnes,,,,7600.0,Rs./Quintal,
State/UT Name : Gujarat
Dahod APMC,1.5,Metric Tonnes,Arhar (Whole),6000.0,6400.0,6300.0,Rs./Quintal,Non-FAQ
Dhari APMC,0.10200000000000001,Metric Tonnes,777 New Ind,6050.0,7150.0,7150.0,Rs./Quintal,Non-FAQ
Jetpur(Dist.Rajkot) APMC,4.7,Metric Tonnes,Arhar (Whole),6250.0,7580.0,7250.0,Rs./Quintal,FAQ
Palitana APMC,0.08,Metric Tonnes,Other,4000.0,6900.0,5450.0,Rs./Quintal,Local
The Agricultural Produce Market Committee-Amreli,1.4000000000000001,Metric Tonnes,Other,5000.0,7750.0,7375.0,Rs./Quintal,FAQ
Total,7.78,Metric Tonnes,,,,7069.56,Rs./Quintal,
State/UT Name : Karnataka
Basava Kalayana APMC,0.2,Metric Tonnes,Arhar (Whole),5500.0,8853.0,8000.0,Rs./Quintal,FAQ
Bhalki APMC,12.8,Metric Tonnes,Arhar (Whole),7000.0,8425.0,8129.0,Rs./Quintal,Non-FAQ
Bidar APMC,53.300000000000004,Metric Tonnes,Arhar (Whole),5011.0,8444.0,8219.0,Rs./Quintal,Non-FAQ
Chincholi APMC,180.0,Metric Tonnes,Arhar (Whole),7500.0,8100.0,7800.0,Rs./Quintal,Non-FAQ
Chittapur APMC,107.0,Metric Tonnes,Arhar Dal(Tur),7900.0,8800.0,8300.0,Rs./Quintal,Non-FAQ
Humanabad APMC,2.6,Metric Tonnes,Arhar (Whole),6000.0,8500.0,7400.0,Rs./Quintal,FAQ
Indi APMC,15.600000000000001,Metric Tonnes,Arhar (Whole),7800.0,7800.0,7800.0,Rs./Quintal,Non-FAQ
Kalaburagi APMC,35.0,Metric Tonnes,Arhar (Whole),7100.0,8600.0,8150.0,Rs./Quintal,Local
Lingasugur APMC,2.1,Metric Tonnes,Arhar (Whole),8250.0,8250.0,8250.0,Rs./Quintal,Non-FAQ
Mysuru APMC,4.800000000000001,Metric Tonnes,Arhar (Whole),7200.0,7250.0,7200.0,Rs./Quintal,Local
Raichur APMC,0.1,Metric Tonnes,Red,6389.0,6389.0,6389.0,Rs./Quintal,Grade Range-1
Sindagi APMC,13.600000000000001,Metric Tonnes,Arhar (Whole),7300.0,7300.0,7300.0,Rs./Quintal,Local
Talikot APMC,41.1,Metric Tonnes,Arhar (Whole),7579.0,8089.0,7949.0,Rs./Quintal,FAQ
Vijayapura APMC,14.9,Metric Tonnes,Arhar (Whole),7400.0,7809.0,7604.0,Rs./Quintal,Local
Yadgir APMC,4.5,Metric Tonnes,Red,7099.0,8252.0,7949.0,Rs./Quintal,FAQ
sedam,14.4,Metric Tonnes,Arhar (Whole),7600.0,8000.0,7975.0,Rs./Quintal,Non-FAQ
Total,502.0,Metric Tonnes,,,,7976.92,Rs./Quintal,
State/UT Name : Keralam
Neeleswaram Market,2.0,Metric Tonnes,Other,14200.0,14800.0,14600.0,Rs./Quintal,FAQ
Palakkad Market,1.0,Metric Tonnes,Arhar Dal(Tur),12000.0,13500.0,12800.0,Rs./Quintal,FAQ
Total,3.0,Metric Tonnes,,,,14000.0,Rs./Quintal,
State/UT Name : Madhya Pradesh
Betul APMC,0.08000000000000002,Metric Tonnes,Arhar Dal(Tur),5600.0,5600.0,5600.0,Rs./Quintal,FAQ
Damoh APMC,17.485,Metric Tonnes,Arhar Dal(Tur),2410.0,7990.0,6795.0,Rs./Quintal,FAQ
Gadarwada APMC,2.555,Metric Tonnes,Arhar Dal(Tur),6767.0,7990.0,7990.0,Rs./Quintal,FAQ
Ghansour APMC,3.9000000000000004,Metric Tonnes,Arhar Dal(Tur),6001.0,6011.0,6011.0,Rs./Quintal,Non-FAQ
Indore APMC,100.85000000000001,Metric Tonnes,Arhar Dal(Tur),6025.0,6075.0,6075.0,Rs./Quintal,FAQ
Jabalpur APMC,5.721,Metric Tonnes,Arhar Dal(Tur),5495.0,7155.0,7155.0,Rs./Quintal,FAQ
Kareli APMC,12.16,Metric Tonnes,Arhar Dal(Tur),5850.0,7570.0,7570.0,Rs./Quintal,FAQ
Katni APMC,336.38000000000005,Metric Tonnes,Arhar Dal(Tur),6606.74,8700.0,8700.0,Rs./Quintal,FAQ
Katni APMC,0.24,Metric Tonnes,Arhar Dal(Tur),5791.0,6200.0,6200.0,Rs./Quintal,Non-FAQ
Khandwa APMC,5.219,Metric Tonnes,Arhar Dal(Tur),6414.0,7980.0,7980.0,Rs./Quintal,FAQ
Khargone APMC,0.767,Metric Tonnes,Arhar Dal(Tur),5650.0,5858.0,5858.0,Rs./Quintal,FAQ
Khirkiya APMC,0.05600000000000001,Metric Tonnes,Arhar Dal(Tur),5950.0,6750.0,6750.0,Rs./Quintal,Non-FAQ
Pipariya APMC,15.350000000000001,Metric Tonnes,Arhar Dal(Tur),3900.0,7510.0,7510.0,Rs./Quintal,FAQ
Satna APMC,2.5500000000000003,Metric Tonnes,Arhar Dal(Tur),5400.0,5400.0,5400.0,Rs./Quintal,FAQ
Sehore APMC,0.082,Metric Tonnes,Arhar Dal(Tur),5800.0,5800.0,5800.0,Rs./Quintal,FAQ
Shahdol APMC,6.1000000000000005,Metric Tonnes,Arhar Dal(Tur),4400.0,4500.0,4500.0,Rs./Quintal,Non-FAQ
Tarana APMC,0.6920000000000001,Metric Tonnes,Arhar Dal(Tur),7000.0,7000.0,7000.0,Rs./Quintal,FAQ
Umariya APMC,9.23,Metric Tonnes,Arhar Dal(Tur),6800.0,6800.0,6800.0,Rs./Quintal,FAQ
Total,519.42,Metric Tonnes,,,,7908.6,Rs./Quintal,
State/UT Name : Maharashtra
APMC  Latur,100.0,Metric Tonnes,Other,8000.0,8400.0,8260.0,Rs./Quintal,FAQ
APMC Aarni ,41.5,Metric Tonnes,Other,8000.0,8341.0,8100.0,Rs./Quintal,FAQ
APMC Achalpur ,7.0,Metric Tonnes,Other,7500.0,7900.0,7750.0,Rs./Quintal,Non-FAQ
APMC Ahilyanagar ,17.6,Metric Tonnes,Other,7200.0,7800.0,7500.0,Rs./Quintal,Non-FAQ
APMC Ahmedpur ,1.1,Metric Tonnes,Other,8000.0,8100.0,8050.0,Rs./Quintal,FAQ
APMC Akola ,76.9,Metric Tonnes,Other,8000.0,8360.0,8200.0,Rs./Quintal,FAQ
APMC Akot ,42.5,Metric Tonnes,Other,8200.0,8295.0,8200.0,Rs./Quintal,FAQ
APMC Amarawati ,225.8,Metric Tonnes,Other,8000.0,8450.0,8225.0,Rs./Quintal,FAQ
APMC Arvi ,6.0,Metric Tonnes,Other,5000.0,5700.0,5100.0,Rs./Quintal,Non-FAQ
APMC Aurad Shahajani ,5.0,Metric Tonnes,Other,8000.0,8120.0,8060.0,Rs./Quintal,FAQ
APMC Aurad Shahajani ,0.7,Metric Tonnes,Other,7800.0,7999.0,7900.0,Rs./Quintal,Non-FAQ
APMC Babhulgaon ,45.0,Metric Tonnes,Other,7601.0,7995.0,7801.0,Rs./Quintal,Non-FAQ
APMC Bhokar ,1.8,Metric Tonnes,Other,7000.0,7750.0,7375.0,Rs./Quintal,Non-FAQ
APMC Chandur Bazar ,19.4,Metric Tonnes,Other,8000.0,8370.0,8100.0,Rs./Quintal,FAQ
APMC Chandur Bazar ,19.3,Metric Tonnes,Other,7600.0,7950.0,7820.0,Rs./Quintal,Non-FAQ
APMC Chandur Railway ,7.2,Metric Tonnes,Other,7300.0,7980.0,7900.0,Rs./Quintal,Non-FAQ
APMC Chikali ,3.0,Metric Tonnes,Other,6900.0,7800.0,7350.0,Rs./Quintal,Non-FAQ
APMC Chopda ,0.1,Metric Tonnes,Other,6500.0,6500.0,6500.0,Rs./Quintal,Non-FAQ
APMC Daryapur ,90.0,Metric Tonnes,Other,8000.0,8265.0,8150.0,Rs./Quintal,FAQ
APMC Dhamngaon-Railway ,56.5,Metric Tonnes,Other,4600.0,5000.0,4800.0,Rs./Quintal,Non-FAQ
APMC Digras ,5.7,Metric Tonnes,Other,8035.0,8370.0,8295.0,Rs./Quintal,FAQ
APMC Digras ,0.6,Metric Tonnes,Other,7970.0,7970.0,7970.0,Rs./Quintal,Non-FAQ
APMC Dudhani ,36.4,Metric Tonnes,Other,8000.0,8670.0,8252.0,Rs./Quintal,FAQ
APMC Dudhani ,14.1,Metric Tonnes,Other,6500.0,7970.0,7505.0,Rs./Quintal,Non-FAQ
APMC Gangapur ,0.1,Metric Tonnes,Other,6400.0,6400.0,6400.0,Rs./Quintal,Non-FAQ
APMC Gevrai ,0.6,Metric Tonnes,Other,8000.0,8141.0,8100.0,Rs./Quintal,FAQ
APMC Gevrai ,1.5,Metric Tonnes,Other,7600.0,7880.0,7700.0,Rs./Quintal,Non-FAQ
APMC Hinganghat ,18.7,Metric Tonnes,Other,8000.0,8600.0,8300.0,Rs./Quintal,FAQ
APMC Hinganghat ,110.2,Metric Tonnes,Other,7300.0,7900.0,7600.0,Rs./Quintal,Non-FAQ
APMC Hingoli ,3.5,Metric Tonnes,Other,7440.0,7995.0,7717.0,Rs./Quintal,Non-FAQ
APMC Jalana ,7.0,Metric Tonnes,Other,8127.0,8325.0,8127.0,Rs./Quintal,FAQ
APMC Jalana ,0.5,Metric Tonnes,Other,7500.0,7500.0,7500.0,Rs./Quintal,Non-FAQ
APMC Jalgaon ,0.1,Metric Tonnes,Other,6500.0,6500.0,6500.0,Rs./Quintal,Non-FAQ
APMC Karanja ,155.0,Metric Tonnes,Other,8040.0,8290.0,8040.0,Rs./Quintal,FAQ
APMC Karmala ,0.7,Metric Tonnes,Other,7500.0,7500.0,7500.0,Rs./Quintal,Non-FAQ
APMC Katol ,14.1,Metric Tonnes,Other,7601.0,7990.0,7900.0,Rs./Quintal,Non-FAQ
APMC Khamgaon ,155.3,Metric Tonnes,Other,8000.0,8455.0,8228.0,Rs./Quintal,FAQ
APMC Khamgaon ,14.4,Metric Tonnes,Other,6800.0,7950.0,7375.0,Rs./Quintal,Non-FAQ
APMC Lonar ,5.0,Metric Tonnes,Other,8000.0,8100.0,8050.0,Rs./Quintal,FAQ
APMC Majalgaon ,0.8,Metric Tonnes,Other,8001.0,8050.0,8031.0,Rs./Quintal,FAQ
APMC Malegaon ,0.2,Metric Tonnes,Other,6470.0,6900.0,6470.0,Rs./Quintal,Non-FAQ
APMC Malegaon(Washim) ,2.5,Metric Tonnes,Other,7350.0,7800.0,7670.0,Rs./Quintal,Non-FAQ
APMC Malkapur ,100.0,Metric Tonnes,Other,8505.0,8615.0,8550.0,Rs./Quintal,FAQ
APMC Malkapur ,5.0,Metric Tonnes,Other,7225.0,7225.0,7225.0,Rs./Quintal,Non-FAQ
APMC Mangrulpeer ,32.7,Metric Tonnes,Other,8000.0,8160.0,8045.0,Rs./Quintal,FAQ
APMC Manora ,8.3,Metric Tonnes,Other,8050.0,8200.0,8125.0,Rs./Quintal,FAQ
APMC Manora ,25.8,Metric Tonnes,Other,6500.0,7999.0,7250.0,Rs./Quintal,Non-FAQ
APMC Manwat ,2.4,Metric Tonnes,Other,7900.0,7999.0,7950.0,Rs./Quintal,Non-FAQ
APMC Mehekar ,2.0,Metric Tonnes,Other,7200.0,7990.0,7850.0,Rs./Quintal,Non-FAQ
APMC Murtizapur ,45.0,Metric Tonnes,Other,8005.0,8200.0,8105.0,Rs./Quintal,FAQ
APMC Murum ,0.2,Metric Tonnes,Other,8100.0,8100.0,8100.0,Rs./Quintal,FAQ
APMC Murum ,0.5,Metric Tonnes,Other,7800.0,7800.0,7800.0,Rs./Quintal,Non-FAQ
APMC Nagpur ,34.4,Metric Tonnes,Other,7400.0,7999.0,7849.0,Rs./Quintal,Non-FAQ
APMC Nanded ,1.0,Metric Tonnes,Other,7400.0,7400.0,7400.0,Rs./Quintal,Non-FAQ
APMC Nandgaon Khandeshwar ,2.0,Metric Tonnes,Other,8000.0,8000.0,8000.0,Rs./Quintal,FAQ
APMC Nandgaon Khandeshwar ,2.0,Metric Tonnes,Other,7450.0,7950.0,7700.0,Rs./Quintal,Non-FAQ
APMC Nandurbar ,1.0,Metric Tonnes,Other,5000.0,7300.0,6150.0,Rs./Quintal,Non-FAQ
APMC Ner Parasopant ,21.0,Metric Tonnes,Other,8000.0,8005.0,8000.0,Rs./Quintal,FAQ
APMC Nilanga ,1.6,Metric Tonnes,Other,7000.0,7900.0,7400.0,Rs./Quintal,Non-FAQ
APMC Risod ,22.0,Metric Tonnes,Other,8000.0,8185.0,8100.0,Rs./Quintal,FAQ
APMC Savner ,9.5,Metric Tonnes,Other,8000.0,8165.0,8050.0,Rs./Quintal,FAQ
APMC Savner ,10.0,Metric Tonnes,Other,7880.0,7990.0,7950.0,Rs./Quintal,Non-FAQ
APMC Shahada ,0.1,Metric Tonnes,Other,6400.0,6400.0,6400.0,Rs./Quintal,Non-FAQ
APMC Shegaon ,0.1,Metric Tonnes,Other,8000.0,8000.0,8000.0,Rs./Quintal,FAQ
APMC Shegaon ,0.7,Metric Tonnes,Other,7125.0,7925.0,7655.0,Rs./Quintal,Non-FAQ
APMC Telhara ,3.0,Metric Tonnes,Other,7700.0,7950.0,7840.0,Rs./Quintal,Non-FAQ
APMC Udgir ,18.0,Metric Tonnes,Other,8000.0,8501.0,8250.0,Rs./Quintal,FAQ
APMC Vaijpur ,0.4,Metric Tonnes,Other,6000.0,7300.0,6800.0,Rs./Quintal,Non-FAQ
APMC Vani ,8.8,Metric Tonnes,Other,7675.0,7875.0,7700.0,Rs./Quintal,Non-FAQ
APMC Wardha ,1.0,Metric Tonnes,Other,8000.0,8000.0,8000.0,Rs./Quintal,FAQ
APMC Wardha ,1.3,Metric Tonnes,Other,7530.0,7990.0,7750.0,Rs./Quintal,Non-FAQ
APMC Yavatmal ,11.6,Metric Tonnes,Other,8170.0,8170.0,8170.0,Rs./Quintal,FAQ
"Bsk Krishi Bazar Private Limited, Mehkar, Dist Buldhana",2.3,Metric Tonnes,Other,7000.0,8000.0,7370.0,Rs./Quintal,Local
"Cottoncity Agro Foods Pvt Ltd, Dist Yavatmal",79.41,Metric Tonnes,Other,7505.0,8325.0,7881.0,Rs./Quintal,Local
Hingoli(Kanegoan Naka) ,3.1,Metric Tonnes,Other,7400.0,7800.0,7600.0,Rs./Quintal,Non-FAQ
"Jaykissan Krushi Uttpan Khajgi Bazar, Khamgaon, Dist Buldhana",6.69,Metric Tonnes,Other,7900.0,8200.0,8198.0,Rs./Quintal,Local
KISAN MARKET YARD,0.11,Metric Tonnes,Other,7400.0,7500.0,7500.0,Rs./Quintal,Local
"Krushna Krishi Bazar, Washim",0.93,Metric Tonnes,Other,7000.0,7800.0,7068.0,Rs./Quintal,Local
"M/S Kalpana Agri Commodities Marketing, Nagpur",1.92,Metric Tonnes,Other,7800.0,8200.0,8100.0,Rs./Quintal,Local
"Mahesh Krushi Utpanna Bazar, Digras, Dist Yeotmal",1.2,Metric Tonnes,Other,7900.0,8000.0,7981.0,Rs./Quintal,Local
"N.N.Mundhada Agriculture Market Produce, Dist Washim",0.26,Metric Tonnes,Other,7700.0,7700.0,7700.0,Rs./Quintal,Local
"Omchatinya Multi State Agro Purpose Co-Op Society, Dist Ahilyanagar",0.04,Metric Tonnes,Other,6500.0,6500.0,6500.0,Rs./Quintal,Local
"Ramdev Krushi Bazaar, Digras road, Manora, Dist Washim",1.09,Metric Tonnes,Other,7500.0,7700.0,7577.0,Rs./Quintal,Local
"Sant Namdev Krushi Bazar, Tal Sengaon Dist Hingoli",2.06,Metric Tonnes,Other,7600.0,8000.0,7800.0,Rs./Quintal,Local
"Shekari Krushi Khajgi Bazar, Arni, Dist Yavatmal",0.54,Metric Tonnes,Other,7650.0,7700.0,7680.0,Rs./Quintal,Local
Shetkari Krushi Utapanna Bazar Roshankheda Tal Varud Dist Amravati,2.3,Metric Tonnes,Other,7700.0,7800.0,7796.0,Rs./Quintal,Local
Umarked(Danki) ,5.0,Metric Tonnes,Other,6300.0,6500.0,6400.0,Rs./Quintal,Non-FAQ
Washim(Ansing) ,6.0,Metric Tonnes,Other,8000.0,8100.0,8050.0,Rs./Quintal,FAQ
Washim(Ansing) ,6.0,Metric Tonnes,Other,7850.0,7950.0,7900.0,Rs./Quintal,Non-FAQ
Total,1803.75,Metric Tonnes,,,,7945.6,Rs./Quintal,
State/UT Name : Telangana
Bhainsa APMC,0.7,Metric Tonnes,Arhar (Whole),7739.0,7932.0,7932.0,Rs./Quintal,FAQ
Suryapeta APMC,1.4000000000000001,Metric Tonnes,Local,3528.0,8033.0,7934.0,Rs./Quintal,Local
Tanduru APMC,4.2,Metric Tonnes,(Whole),13806.0,16830.0,16398.0,Rs./Quintal,Grade Range-1
Tirumalagiri APMC,0.2,Metric Tonnes,Local,7362.0,7362.0,7362.0,Rs./Quintal,FAQ
Warangal APMC,0.122,Metric Tonnes,(Whole),6452.0,7482.0,7322.0,Rs./Quintal,FAQ
Zaheerabad APMC,1.0,Metric Tonnes,Arhar (Whole),7242.0,8061.0,8061.0,Rs./Quintal,Local
Total,7.62,Metric Tonnes,,,,12589.65,Rs./Quintal,
State/UT Name : Uttar Pradesh
Aligarh APMC,2.975,Metric Tonnes,Other,7000.0,7000.0,7000.0,Rs./Quintal,FAQ
Robertsganj APMC,12.5,Metric Tonnes,Other,6000.0,6200.0,6144.0,Rs./Quintal,FAQ
Total,15.47,Metric Tonnes,,,,6308.56,Rs./Quintal,
Grand Total,2859.74,Metric Tonnes,,,,7951.78,Rs./Quintal,
Commodity Group Name : Vegetables
Cabbage
State/UT Name : Andhra Pradesh
Palamaner APMC,4.800000000000001,Metric Tonnes,Cabbage,600.0,1000.0,800.0,Rs./Quintal,FAQ
Total,4.8,Metric Tonnes,,,,800.0,Rs./Quintal,
State/UT Name : Assam
Pamohi(Garchuk) APMC,15.0,Metric Tonnes,Cabbage,2000.0,3000.0,2500.0,Rs./Quintal,FAQ
Tinsukia Market,0.8,Metric Tonnes,Cabbage,3000.0,4000.0,3500.0,Rs./Quintal,FAQ
Uparhali Pmy APMC,0.5,Metric Tonnes,Cabbage,2500.0,2800.0,2500.0,Rs./Quintal,FAQ
Total,16.3,Metric Tonnes,,,,2549.08,Rs./Quintal,
State/UT Name : Bihar
Benipatti APMC,0.4,Metric Tonnes,Cabbage,2500.0,2600.0,2500.0,Rs./Quintal,FAQ
Bhagwanpur Mandi APMC,5.0,Metric Tonnes,Cabbage,2600.0,2600.0,2600.0,Rs./Quintal,Grade A
Bhagwanpur Mandi APMC,3.7,Metric Tonnes,Cabbage,2500.0,2500.0,2500.0,Rs./Quintal,Grade C
Khagaria APMC,0.12,Metric Tonnes,Cabbage,2199.99978,2416.666425,2333.3331000000003,Rs./Quintal,Grade A
Total,9.22,Metric Tonnes,,,,2552.06,Rs./Quintal,
State/UT Name : Chandigarh
Chandigarh (Grain/F&V) APMC,25.14,Metric Tonnes,Cabbage,300.0,1500.0,1200.0,Rs./Quintal,FAQ
Total,25.14,Metric Tonnes,,,,1200.0,Rs./Quintal,
State/UT Name : Chattisgarh
Durg APMC,22.0,Metric Tonnes,Cabbage,1200.0,1400.0,1200.0,Rs./Quintal,Medium
Rajnandgaon APMC,30.9,Metric Tonnes,Cabbage,1000.0,1200.0,1100.0,Rs./Quintal,Grade B
Total,52.9,Metric Tonnes,,,,1141.59,Rs./Quintal,
State/UT Name : Gujarat
Ahmedabad APMC,232.9,Metric Tonnes,Other,1000.0,1800.0,1450.0,Rs./Quintal,FAQ
"Anand(Veg,Yard,Anand) APMC",6.4,Metric Tonnes,Cabbage,1000.0,1500.0,1250.0,Rs./Quintal,Grade B
Ankleshwar APMC,3.0,Metric Tonnes,Cabbage,1200.0,1800.0,1500.0,Rs./Quintal,Grade A
Bharuch APMC,10.2,Metric Tonnes,Other,1000.0,1500.0,1200.0,Rs./Quintal,Local
Bilimora APMC,6.0,Metric Tonnes,Other,1300.0,1600.0,1400.0,Rs./Quintal,FAQ
Dahod(Veg. Market) APMC,3.2,Metric Tonnes,Cabbage,1000.0,2000.0,1400.0,Rs./Quintal,Local
Damnagar APMC,0.05,Metric Tonnes,Cabbage,1800.0,1800.0,1800.0,Rs./Quintal,Local
Deesa(Deesa Veg Yard) APMC,25.6,Metric Tonnes,Other,1000.0,2500.0,1750.0,Rs./Quintal,FAQ
Gondal(Veg.market Gondal) APMC,4.94,Metric Tonnes,Cabbage,1000.0,2500.0,1750.0,Rs./Quintal,Local
Himatnagar(Veg.Market Himatnagar) APMC,1.7000000000000002,Metric Tonnes,Cabbage,2000.0,2500.0,2250.0,Rs./Quintal,Local
Kapadvanj APMC,4.5,Metric Tonnes,Cabbage,1500.0,2000.0,1750.0,Rs./Quintal,Medium
Khambhat(Veg Yard Khambhat) APMC,0.30000000000000004,Metric Tonnes,Other,1500.0,2500.0,2000.0,Rs./Quintal,Local
Mansa(Manas Veg Yard) APMC,0.7000000000000001,Metric Tonnes,Other,2000.0,2000.0,2000.0,Rs./Quintal,Local
Mehsana(Mehsana Veg) APMC,6.4,Metric Tonnes,Cabbage,1500.0,3000.0,2200.0,Rs./Quintal,Local
Nadiyad(Piplag) APMC,10.200000000000001,Metric Tonnes,Cabbage,1100.0,1500.0,1300.0,Rs./Quintal,FAQ
Navsari APMC,6.48,Metric Tonnes,Cabbage,1000.0,1500.0,1250.0,Rs./Quintal,Local
Padra APMC,2.4000000000000004,Metric Tonnes,Other,1500.0,1750.0,1625.0,Rs./Quintal,FAQ
Porbandar APMC,3.1,Metric Tonnes,Cabbage,2000.0,2500.0,2250.0,Rs./Quintal,Local
Surat APMC,156.0,Metric Tonnes,Cabbage,800.0,2500.0,1650.0,Rs./Quintal,FAQ
Talalagir APMC,4.9,Metric Tonnes,Cabbage,330.0,570.0,450.0,Rs./Quintal,FAQ
Vadhvan APMC,3.6,Metric Tonnes,Cabbage,1500.0,2000.0,1750.0,Rs./Quintal,Medium
Vadodara(Sayajipura) APMC,16.71,Metric Tonnes,Other,1500.0,2000.0,1800.0,Rs./Quintal,FAQ
Total,509.28,Metric Tonnes,,,,1541.11,Rs./Quintal,
State/UT Name : Haryana
Bahadurgarh APMC,0.30000000000000004,Metric Tonnes,Other,1500.0,1800.0,1600.0,Rs./Quintal,Medium
Barwala(Hisar) APMC,0.2,Metric Tonnes,Cabbage,2500.0,2500.0,2500.0,Rs./Quintal,Local
Faridabad APMC,4.0,Metric Tonnes,Cabbage,1500.0,1500.0,1500.0,Rs./Quintal,Local
Gurgaon APMC,25.0,Metric Tonnes,Other,800.0,1200.0,1000.0,Rs./Quintal,Grade B
Hansi APMC,1.5,Metric Tonnes,Other,2500.0,3000.0,2750.0,Rs./Quintal,FAQ
Jagadhri APMC,0.27799999999999997,Metric Tonnes,Cabbage,1600.0,2000.0,1800.0,Rs./Quintal,Medium
Kosli APMC,0.1,Metric Tonnes,Other,2000.0,2000.0,2000.0,Rs./Quintal,FAQ
Ladwa APMC,0.2,Metric Tonnes,Cabbage,3500.0,4000.0,4000.0,Rs./Quintal,Medium
Meham,0.1,Metric Tonnes,Cabbage,4000.0,4000.0,4000.0,Rs./Quintal,Medium
Naraingarh APMC,0.55,Metric Tonnes,Cabbage,800.0,2000.0,1000.0,Rs./Quintal,Medium
Narnaul APMC,0.6000000000000001,Metric Tonnes,Cabbage,2000.0,3500.0,2500.0,Rs./Quintal,Medium
Panipat APMC,6.2,Metric Tonnes,Other,1000.0,2000.0,1500.0,Rs./Quintal,Local
Radaur APMC,0.2,Metric Tonnes,Other,1200.0,1500.0,1300.0,Rs./Quintal,Medium
Samalkha APMC,0.4,Metric Tonnes,Cabbage,1500.0,1500.0,1500.0,Rs./Quintal,FAQ
Shahabad APMC,0.6,Metric Tonnes,Cabbage,1800.0,2000.0,1900.0,Rs./Quintal,Medium
Sirsa APMC,1.2000000000000002,Metric Tonnes,Other,2000.0,2600.0,2200.0,Rs./Quintal,FAQ
Siwan APMC,0.1,Metric Tonnes,Other,1800.0,2000.0,1900.0,Rs./Quintal,FAQ
Sonepat APMC,0.4,Metric Tonnes,Other,1500.0,2000.0,2000.0,Rs./Quintal,FAQ
Thanesar APMC,4.7,Metric Tonnes,Cabbage,2500.0,3000.0,2750.0,Rs./Quintal,Local
Total,46.63,Metric Tonnes,,,,1456.43,Rs./Quintal,
State/UT Name : Himachal Pradesh
PMY Bilaspur,0.5,Metric Tonnes,Other,2500.0,3500.0,3000.0,Rs./Quintal,Grade B
PMY Hamirpur,0.73,Metric Tonnes,Cabbage,2800.0,3000.0,2900.0,Rs./Quintal,Grade B
PMY Kangni Mandi,1.4,Metric Tonnes,Cabbage,1600.0,2500.0,2000.0,Rs./Quintal,Grade B
PMY Kangra,0.6000000000000001,Metric Tonnes,Cabbage,3000.0,3200.0,3100.0,Rs./Quintal,FAQ
PMY Kather Solan,0.5,Metric Tonnes,Other,1400.0,2500.0,2000.0,Rs./Quintal,Medium
PMY Kullu,1.0,Metric Tonnes,Other,1500.0,2000.0,1800.0,Rs./Quintal,FAQ
PMY Paonta Sahib,0.2,Metric Tonnes,Other,2800.0,3200.0,3000.0,Rs./Quintal,FAQ
PMY Una,1.22,Metric Tonnes,Cabbage,2000.0,3000.0,2500.0,Rs./Quintal,Local
SMY Baijnath,0.5,Metric Tonnes,Cabbage,2500.0,3000.0,2800.0,Rs./Quintal,Grade A
SMY Bandrol,0.3,Metric Tonnes,Other,800.0,1500.0,1200.0,Rs./Quintal,FAQ
SMY Bhuntar,1.2,Metric Tonnes,Other,1500.0,1800.0,1600.0,Rs./Quintal,FAQ
SMY Chail Chowk,0.8,Metric Tonnes,Cabbage,1100.0,1300.0,1200.0,Rs./Quintal,Local
SMY Dhanotu,0.4,Metric Tonnes,Cabbage,1500.0,2500.0,2000.0,Rs./Quintal,FAQ
SMY Dharamshala,0.5,Metric Tonnes,Cabbage,2800.0,3500.0,3150.0,Rs./Quintal,FAQ
SMY Jaisinghpur,0.1,Metric Tonnes,Cabbage,2800.0,3200.0,3000.0,Rs./Quintal,FAQ
SMY Jassur,1.5,Metric Tonnes,Other,2500.0,3000.0,2750.0,Rs./Quintal,FAQ
SMY Nadaun,0.53,Metric Tonnes,Other,2900.0,3200.0,3000.0,Rs./Quintal,Grade B
SMY Nagrota Bagwan,0.30000000000000004,Metric Tonnes,Cabbage,3000.0,3200.0,3100.0,Rs./Quintal,FAQ
SMY Nahan,0.45,Metric Tonnes,Cabbage,2000.0,2500.0,2200.0,Rs./Quintal,FAQ
SMY Nerwa,5.5,Metric Tonnes,Cabbage,1000.0,2000.0,1400.0,Rs./Quintal,Grade A
SMY Palampur,1.5,Metric Tonnes,Cabbage,2500.0,3000.0,2800.0,Rs./Quintal,FAQ
SMY Rohroo,0.4,Metric Tonnes,Other,2000.0,2200.0,2100.0,Rs./Quintal,Grade B
SMY Santoshgarh,0.15000000000000002,Metric Tonnes,Cabbage,2600.0,2600.0,2600.0,Rs./Quintal,FAQ
SMY Takoli,2.0,Metric Tonnes,Other,1000.0,16000.0,1500.0,Rs./Quintal,Medium
Total,22.28,Metric Tonnes,,,,2055.97,Rs./Quintal,
State/UT Name : Jammu and Kashmir
Kathua (F&V),3.0,Metric Tonnes,Cabbage,2500.0,3000.0,2750.0,Rs./Quintal,FAQ
Total,3.0,Metric Tonnes,,,,2750.0,Rs./Quintal,
State/UT Name : Karnataka
Bagepalli APMC,1.5,Metric Tonnes,Cabbage,850.0,1500.0,900.0,Rs./Quintal,Small
Bangarpet APMC,1.1,Metric Tonnes,Cabbage,1000.0,1500.0,1200.0,Rs./Quintal,Local
Belgaum APMC,7.0,Metric Tonnes,Cabbage,400.0,1200.0,1000.0,Rs./Quintal,Large
Binny Mill (FF&V) Bengaluru APMC,24.5,Metric Tonnes,Cabbage,1800.0,2000.0,1900.0,Rs./Quintal,Local
Chamarajanagar APMC,1.0,Metric Tonnes,Cabbage,600.0,1000.0,800.0,Rs./Quintal,Local
Chickkaballapura APMC,4.2,Metric Tonnes,Cabbage,500.0,600.0,550.0,Rs./Quintal,Local
Chikkamagaluru APMC,2.6,Metric Tonnes,Cabbage,1900.0,1900.0,1900.0,Rs./Quintal,Local
Davangere APMC,1.5,Metric Tonnes,Cabbage,900.0,2500.0,1500.0,Rs./Quintal,Local
Doddaballapur APMC,0.30000000000000004,Metric Tonnes,Cabbage,1000.0,1500.0,1300.0,Rs./Quintal,Medium
Honnali APMC,2.5,Metric Tonnes,Cabbage,400.0,500.0,450.0,Rs./Quintal,Medium
Hospet APMC,3.0,Metric Tonnes,Cabbage,1200.0,1200.0,1200.0,Rs./Quintal,Local
Kolar APMC,7.6000000000000005,Metric Tonnes,Cabbage,600.0,800.0,700.0,Rs./Quintal,Local
Mysuru APMC,6.5,Metric Tonnes,Cabbage,900.0,1000.0,1000.0,Rs./Quintal,Medium
Ramanagara APMC,1.6,Metric Tonnes,Cabbage,1000.0,1600.0,1400.0,Rs./Quintal,Local
Shimoga APMC,3.5,Metric Tonnes,Cabbage,800.0,1200.0,1000.0,Rs./Quintal,Local
Total,68.4,Metric Tonnes,,,,1304.02,Rs./Quintal,
State/UT Name : Keralam
Adimali Market,0.05,Metric Tonnes,Cabbage,4000.0,5000.0,4500.0,Rs./Quintal,Medium
Aluva Market,10.0,Metric Tonnes,Cabbage,3000.0,4000.0,3500.0,Rs./Quintal,FAQ
Anchal Market,0.4,Metric Tonnes,Cabbage,6200.0,6200.0,6200.0,Rs./Quintal,Medium
Angamaly Market,1.0,Metric Tonnes,Cabbage,4000.0,6000.0,5000.0,Rs./Quintal,FAQ
Aralamoodu Market,1.0,Metric Tonnes,Cabbage,3500.0,4000.0,4000.0,Rs./Quintal,FAQ
Aroor Market,0.2,Metric Tonnes,Other,4000.0,4200.0,4100.0,Rs./Quintal,FAQ
Athirampuzha Market,0.5,Metric Tonnes,Cabbage,3200.0,3400.0,3300.0,Rs./Quintal,FAQ
Attingal Market,850.0,Metric Tonnes,Other,3700.0,4200.0,4000.0,Rs./Quintal,Local
Broadway market Market,0.3,Metric Tonnes,Cabbage,3000.0,4000.0,3200.0,Rs./Quintal,Medium
Chala Market,3.0,Metric Tonnes,Other,2300.0,2500.0,2400.0,Rs./Quintal,FAQ
Chalakudy Market,0.03,Metric Tonnes,Cabbage,4000.0,4500.0,4500.0,Rs./Quintal,FAQ
Chavakkad Market,0.1,Metric Tonnes,Cabbage,2400.0,3400.0,3400.0,Rs./Quintal,FAQ
Chelakkara Market,0.2,Metric Tonnes,Cabbage,3500.0,3800.0,3600.0,Rs./Quintal,FAQ
Chengannur Market,0.5,Metric Tonnes,Other,3800.0,4100.0,4000.0,Rs./Quintal,FAQ
Harippad Market,0.89,Metric Tonnes,Cabbage,5000.0,5500.0,5000.0,Rs./Quintal,FAQ
Kallachi Market,0.1,Metric Tonnes,Cabbage,2800.0,3200.0,3000.0,Rs./Quintal,FAQ
Kanjangadu Market,0.5,Metric Tonnes,Cabbage,3300.0,4000.0,3600.0,Rs./Quintal,FAQ
Kanjirappally Market,0.5,Metric Tonnes,Cabbage,5000.0,5500.0,5200.0,Rs./Quintal,FAQ
Kattappana Market,1.0,Metric Tonnes,Other,3000.0,3500.0,3200.0,Rs./Quintal,Medium
Kayamkulam Market,1.0,Metric Tonnes,Other,2800.0,3000.0,2900.0,Rs./Quintal,FAQ
Koduvayoor Market,0.9,Metric Tonnes,Cabbage,1600.0,2000.0,1800.0,Rs./Quintal,Medium
Kollengode Market,0.8,Metric Tonnes,Cabbage,2000.0,2400.0,2200.0,Rs./Quintal,FAQ
Manjeri Market,6.0,Metric Tonnes,Other,1950.0,2050.0,2000.0,Rs./Quintal,Local
Manjeswaram Market,7.0,Metric Tonnes,Cabbage,2000.0,3000.0,2500.0,Rs./Quintal,FAQ
Mannar Market,0.5,Metric Tonnes,Other,3000.0,3200.0,3100.0,Rs./Quintal,FAQ
Neeleswaram Market,0.8,Metric Tonnes,Other,3600.0,4000.0,3800.0,Rs./Quintal,FAQ
Neyyatinkara Market,0.02,Metric Tonnes,Other,3400.0,4000.0,3600.0,Rs./Quintal,FAQ
North Paravur Market,1.0,Metric Tonnes,Cabbage,2500.0,3000.0,2800.0,Rs./Quintal,FAQ
Pala Market,1.0,Metric Tonnes,Cabbage,3600.0,4400.0,4000.0,Rs./Quintal,FAQ
Palakkad Market,2.0,Metric Tonnes,Cabbage,2000.0,3000.0,2600.0,Rs./Quintal,FAQ
Parappanangadi Market,1.7,Metric Tonnes,Other,1500.0,1700.0,1600.0,Rs./Quintal,FAQ
Parassala Market,0.3,Metric Tonnes,Cabbage,2200.0,2600.0,2400.0,Rs./Quintal,Local
Pattambi Market,0.3,Metric Tonnes,Cabbage,2000.0,2400.0,2200.0,Rs./Quintal,FAQ
Perinthalmanna Market,4.0,Metric Tonnes,Cabbage,2000.0,2400.0,2200.0,Rs./Quintal,Large
Piravam Market,5.0,Metric Tonnes,Cabbage,5000.0,6000.0,5500.0,Rs./Quintal,Local
Quilandy Market,0.36,Metric Tonnes,Other,2900.0,3100.0,3000.0,Rs./Quintal,FAQ
Thalayolaparambu Market,0.4,Metric Tonnes,Cabbage,2900.0,3200.0,3000.0,Rs./Quintal,FAQ
Thamarassery Market,0.03,Metric Tonnes,Other,3300.0,3500.0,3400.0,Rs./Quintal,FAQ
Thodupuzha Market,0.2,Metric Tonnes,Other,3500.0,3700.0,3700.0,Rs./Quintal,Large
Thrippunithura Market,1.0,Metric Tonnes,Cabbage,5000.0,6000.0,5200.0,Rs./Quintal,Medium
Thrissur Market,6.0,Metric Tonnes,Cabbage,3500.0,4000.0,3800.0,Rs./Quintal,FAQ
Vadakkenchery Market,0.25,Metric Tonnes,Cabbage,4500.0,5000.0,5000.0,Rs./Quintal,FAQ
Vamanapuram Market,0.13,Metric Tonnes,Cabbage,3000.0,3500.0,3000.0,Rs./Quintal,FAQ
Vandiperiyar Market,0.03,Metric Tonnes,Other,3800.0,4000.0,3800.0,Rs./Quintal,Grade Range-1
vadakarapathy Market,0.2,Metric Tonnes,Cabbage,1000.0,2000.0,1700.0,Rs./Quintal,FAQ
Total,911.19,Metric Tonnes,,,,3949.71,Rs./Quintal,
State/UT Name : Madhya Pradesh
Badwaha (F&V) APMC,0.5,Metric Tonnes,Cabbage,1400.0,2200.0,1800.0,Rs./Quintal,Grade A
Bareli(F&V) APMC,0.52,Metric Tonnes,Cabbage,1150.0,1150.0,1150.0,Rs./Quintal,Grade A
Betul(F&V) APMC,1.6,Metric Tonnes,Cabbage,1000.0,1500.0,1200.0,Rs./Quintal,FAQ
Chhatarpur (F&V) APMC,0.6,Metric Tonnes,Other,1600.0,1600.0,1600.0,Rs./Quintal,Grade C
Chhindwara(F&V) APMC,4.6000000000000005,Metric Tonnes,Cabbage,200.0,400.0,300.0,Rs./Quintal,Local
Haatpipliya (F&V) APMC,0.062,Metric Tonnes,Cabbage,1200.0,2000.0,1600.0,Rs./Quintal,Local
Khandwa(F&V) APMC,0.5,Metric Tonnes,Cabbage,400.0,600.0,500.0,Rs./Quintal,FAQ
Khargone(F&V) APMC,0.07,Metric Tonnes,Cabbage,1200.0,1600.0,1400.0,Rs./Quintal,Medium
Kukshi(F&V) APMC,1.3,Metric Tonnes,Cabbage,500.0,1000.0,700.0,Rs./Quintal,Grade A
Manawar(F&V) APMC,0.4,Metric Tonnes,Cabbage,1200.0,1500.0,1300.0,Rs./Quintal,Grade B
Mandsaur(F&V) APMC,2.5,Metric Tonnes,Cabbage,700.0,1100.0,800.0,Rs./Quintal,Grade A
Narmadapuram (F&V) APMC,0.7,Metric Tonnes,Cabbage,820.0,1380.0,910.0,Rs./Quintal,FAQ
Petlawad(F&V) APMC,0.48,Metric Tonnes,Cabbage,1000.0,1200.0,1083.0,Rs./Quintal,Grade A
Pipariya(F&V) APMC,1.4,Metric Tonnes,Cabbage,1000.0,2200.0,1600.0,Rs./Quintal,Local
Ratlam(F&V) APMC,3.0,Metric Tonnes,Other,1600.0,2400.0,2100.0,Rs./Quintal,FAQ
Sabalgarh(F&V) APMC,0.001,Metric Tonnes,Cabbage,800.0,1000.0,900.0,Rs./Quintal,FAQ
Sendhwa(F&V) APMC,0.6000000000000001,Metric Tonnes,Cabbage,800.0,1100.0,900.0,Rs./Quintal,Medium
Shivpuri(F&V) APMC,0.8,Metric Tonnes,Other,1500.0,1500.0,1500.0,Rs./Quintal,Grade B
Thandla APMC,0.53,Metric Tonnes,Cabbage,1000.0,1300.0,1150.0,Rs./Quintal,FAQ
Ujjain(F&V) APMC,0.47000000000000003,Metric Tonnes,Cabbage,650.0,2130.0,1246.0,Rs./Quintal,Medium
Total,20.63,Metric Tonnes,,,,1079.24,Rs./Quintal,
State/UT Name : Maharashtra
APMC Ahilyanagar ,7.0,Metric Tonnes,Other,200.0,1500.0,850.0,Rs./Quintal,Local
APMC Bhusaval ,2.2,Metric Tonnes,Other,800.0,1200.0,1000.0,Rs./Quintal,Local
APMC Chattrapati Sambhajinagar ,4.4,Metric Tonnes,Other,700.0,1000.0,850.0,Rs./Quintal,Local
APMC Dharashiv ,2.1,Metric Tonnes,Other,1000.0,2600.0,1800.0,Rs./Quintal,Local
APMC Ghoti ,1.8,Metric Tonnes,Other,900.0,900.0,900.0,Rs./Quintal,Local
APMC Hingna,0.5,Metric Tonnes,Other,1500.0,2000.0,1640.0,Rs./Quintal,Local
APMC Jalgaon ,4.7,Metric Tonnes,Other,800.0,1200.0,1000.0,Rs./Quintal,Local
APMC Kalmeshwar ,0.2,Metric Tonnes,Other,1030.0,1500.0,1310.0,Rs./Quintal,Local
APMC Kalyan ,0.3,Metric Tonnes,Other,1400.0,1600.0,1500.0,Rs./Quintal,Local
APMC Kamthi ,0.3,Metric Tonnes,Other,2000.0,2500.0,2350.0,Rs./Quintal,Local
APMC Karad ,1.5,Metric Tonnes,Other,1000.0,1200.0,1200.0,Rs./Quintal,Local
APMC Khed ,2.5,Metric Tonnes,Other,700.0,1000.0,900.0,Rs./Quintal,Local
APMC Kolhapur ,16.3,Metric Tonnes,Other,600.0,1000.0,800.0,Rs./Quintal,Local
APMC Manchar ,51.0,Metric Tonnes,Other,750.0,1000.0,780.0,Rs./Quintal,Local
APMC Mumbai ,210.8,Metric Tonnes,Other,600.0,1000.0,800.0,Rs./Quintal,Local
APMC Nagpur ,50.0,Metric Tonnes,Other,1200.0,1500.0,1425.0,Rs./Quintal,Local
APMC Nasik ,83.6,Metric Tonnes,Other,625.0,1500.0,1250.0,Rs./Quintal,Local
APMC Pune ,71.2,Metric Tonnes,Other,800.0,1500.0,1150.0,Rs./Quintal,Local
APMC Ramtek ,0.1,Metric Tonnes,Other,1000.0,2000.0,1500.0,Rs./Quintal,Local
APMC Ratnagiri (Nachane) ,2.0,Metric Tonnes,Other,1000.0,1300.0,1100.0,Rs./Quintal,Local
APMC Satara ,4.5,Metric Tonnes,Other,1000.0,2000.0,1500.0,Rs./Quintal,Local
APMC Solapur ,10.8,Metric Tonnes,Other,500.0,800.0,600.0,Rs./Quintal,Local
APMC Vai ,1.7,Metric Tonnes,Other,1500.0,2000.0,1750.0,Rs./Quintal,Local
Amrawati(Frui & Veg. Market) ,12.0,Metric Tonnes,Other,1000.0,1600.0,1300.0,Rs./Quintal,Local
Chandrapur(Ganjwad) ,6.8,Metric Tonnes,Other,1000.0,1500.0,1200.0,Rs./Quintal,Local
Junnar(Otur) ,28.2,Metric Tonnes,Other,500.0,1000.0,800.0,Rs./Quintal,Local
Khed(Chakan) ,23.5,Metric Tonnes,Other,800.0,1200.0,1000.0,Rs./Quintal,Local
Pune(Khadiki) ,1.1,Metric Tonnes,Other,700.0,1200.0,950.0,Rs./Quintal,Local
Pune(Manjri) ,13.2,Metric Tonnes,Other,900.0,1400.0,1200.0,Rs./Quintal,Local
Pune(Moshi) ,17.4,Metric Tonnes,Other,800.0,1000.0,900.0,Rs./Quintal,Local
Pune(Pimpri) ,0.7,Metric Tonnes,Other,1200.0,1500.0,1350.0,Rs./Quintal,Local
Total,632.4,Metric Tonnes,,,,994.99,Rs./Quintal,
State/UT Name : Meghalaya
Jowai APMC,1.0,Metric Tonnes,MH-139,2000.0,3000.0,2500.0,Rs./Quintal,Local
Shillong APMC,8.0,Metric Tonnes,MH-139,1500.0,1600.0,1550.0,Rs./Quintal,FAQ
Total,9.0,Metric Tonnes,,,,1655.56,Rs./Quintal,
State/UT Name : NCT of Delhi
APMC Azadpur,83.5,Metric Tonnes,Cabbage,1200.0,2000.0,1550.0,Rs./Quintal,FAQ
APMC Keshopur,47.52,Metric Tonnes,Cabbage,1600.0,2600.0,2200.0,Rs./Quintal,FAQ
Total,131.02,Metric Tonnes,,,,1785.75,Rs./Quintal,
State/UT Name : Nagaland
Baghty APMC,0.6000000000000001,Metric Tonnes,Other,1500.0,2100.0,1800.0,Rs./Quintal,FAQ
Longleng APMC,0.16000000000000003,Metric Tonnes,Cabbage,2500.0,2900.0,2700.0,Rs./Quintal,FAQ
Total,0.76,Metric Tonnes,,,,1989.47,Rs./Quintal,
State/UT Name : Odisha
Attabira APMC,2.5,Metric Tonnes,Cabbage,1450.0,1800.0,1600.0,Rs./Quintal,Local
Banki APMC,0.2,Metric Tonnes,Cabbage,1500.0,2500.0,2000.0,Rs./Quintal,Medium
Bargarh APMC,247.0,Metric Tonnes,Cabbage,3500.0,4500.0,4000.0,Rs./Quintal,Grade C
Baripada APMC,1.5,Metric Tonnes,Cabbage,3000.0,4000.0,3500.0,Rs./Quintal,Medium
Bolangir APMC,2.8000000000000003,Metric Tonnes,Other,2600.0,3400.0,3000.0,Rs./Quintal,Large
Boudh APMC,1.0,Metric Tonnes,Other,4000.0,5000.0,4500.0,Rs./Quintal,Local
Champua APMC,0.2,Metric Tonnes,Other,6000.0,6000.0,6000.0,Rs./Quintal,Local
Champua(Jhumpura) APMC,0.1,Metric Tonnes,Other,6000.0,6000.0,6000.0,Rs./Quintal,Local
Deogarh APMC,10.0,Metric Tonnes,Cabbage,5000.0,5400.0,5200.0,Rs./Quintal,Grade A
Dhenkanal APMC,0.2,Metric Tonnes,Cabbage,3700.0,4200.0,4000.0,Rs./Quintal,Grade B
Dungurapalli APMC,0.15000000000000002,Metric Tonnes,Cabbage,4500.0,5200.0,4800.0,Rs./Quintal,Local
Gunpur APMC,4.0,Metric Tonnes,Cabbage,6680.0,7700.0,7220.0,Rs./Quintal,Local
Jeypore APMC,6.0,Metric Tonnes,Other,2500.0,2500.0,2500.0,Rs./Quintal,Grade B
Junagarh APMC,1.2000000000000002,Metric Tonnes,Other,2500.0,3300.0,2900.0,Rs./Quintal,Grade B
Kamakhyanagar APMC,0.1,Metric Tonnes,Cabbage,4000.0,4000.0,4000.0,Rs./Quintal,Grade A
Kantabaji APMC,3.0250000000000004,Metric Tonnes,Cabbage,2000.0,2800.0,2400.0,Rs./Quintal,Grade B
Karanjia APMC,0.025,Metric Tonnes,Cabbage,5700.0,6200.0,6100.0,Rs./Quintal,Local
Kesinga APMC,0.4,Metric Tonnes,Other,3100.0,3500.0,3300.0,Rs./Quintal,Grade B
Khariar APMC,0.3,Metric Tonnes,Other,6000.0,6000.0,6000.0,Rs./Quintal,Grade A
Khariar Road APMC,0.3,Metric Tonnes,Cabbage,6000.0,6000.0,6000.0,Rs./Quintal,Grade A
Mukhiguda APMC,1.0,Metric Tonnes,Cabbage,2400.0,2700.0,2550.0,Rs./Quintal,Grade B
Pallahara APMC,1.8,Metric Tonnes,Other,3700.0,4000.0,3900.0,Rs./Quintal,FAQ
Panposh APMC,1.0,Metric Tonnes,Cabbage,2000.0,3000.0,2500.0,Rs./Quintal,FAQ
Rayagada APMC,7.0,Metric Tonnes,Cabbage,1500.0,1600.0,1600.0,Rs./Quintal,Local
Tileibani APMC,10.0,Metric Tonnes,Other,5000.0,5400.0,5200.0,Rs./Quintal,Grade A
Tusura APMC,1.8,Metric Tonnes,Other,2600.0,3400.0,3000.0,Rs./Quintal,Large
Udala APMC,0.922,Metric Tonnes,Cabbage,2500.0,3500.0,3000.0,Rs./Quintal,FAQ
Total,304.52,Metric Tonnes,,,,3971.47,Rs./Quintal,
State/UT Name : Punjab
Adampur APMC,0.2,Metric Tonnes,Cabbage,1800.0,2000.0,2000.0,Rs./Quintal,FAQ
Baghapurana APMC,0.1,Metric Tonnes,Cabbage,2000.0,3000.0,2500.0,Rs./Quintal,Grade B
Bassi Pathana APMC,0.30000000000000004,Metric Tonnes,Cabbage,2200.0,2500.0,2300.0,Rs./Quintal,Medium
Bathinda APMC,25.0,Metric Tonnes,Cabbage,2500.0,2700.0,2600.0,Rs./Quintal,Grade B
Dasuya APMC,0.2,Metric Tonnes,Cabbage,2000.0,2000.0,2000.0,Rs./Quintal,Grade B
Dudhansadhan APMC,0.1,Metric Tonnes,Other,2500.0,2500.0,2500.0,Rs./Quintal,Grade B
Faridkot APMC,0.28,Metric Tonnes,Cabbage,2700.0,2700.0,2700.0,Rs./Quintal,Grade A
Garh Shankar APMC,0.3,Metric Tonnes,Cabbage,1800.0,1800.0,1800.0,Rs./Quintal,FAQ
Giddarbaha APMC,0.2,Metric Tonnes,Cabbage,3600.0,3600.0,3600.0,Rs./Quintal,FAQ
Jagraon APMC,0.5,Metric Tonnes,Other,300.0,300.0,300.0,Rs./Quintal,FAQ
Jalalabad APMC,0.5,Metric Tonnes,Other,3300.0,3400.0,3300.0,Rs./Quintal,Medium
Jalandhar City(Jalandhar) APMC,8.1,Metric Tonnes,Cabbage,600.0,1400.0,1100.0,Rs./Quintal,FAQ
Khanna APMC,0.3,Metric Tonnes,Other,800.0,800.0,800.0,Rs./Quintal,Grade A
Ludhiana APMC,7.800000000000001,Metric Tonnes,Other,900.0,1600.0,1200.0,Rs./Quintal,FAQ
Malerkotla APMC,2.5,Metric Tonnes,Other,1200.0,2000.0,1800.0,Rs./Quintal,Local
Mukerian APMC,0.22999999999999998,Metric Tonnes,Cabbage,1500.0,2500.0,2000.0,Rs./Quintal,Grade B
Nawan Shahar(Subzi Mandi) APMC,1.0,Metric Tonnes,Cabbage,2000.0,2300.0,2200.0,Rs./Quintal,FAQ
Pathankot APMC,3.2,Metric Tonnes,Cabbage,2100.0,2100.0,2100.0,Rs./Quintal,Medium
Patiala APMC,2.8000000000000003,Metric Tonnes,Other,2800.0,3000.0,2900.0,Rs./Quintal,Grade A
Patran APMC,1.0,Metric Tonnes,Other,2530.0,2530.0,2530.0,Rs./Quintal,Grade A
Phagwara APMC,1.6,Metric Tonnes,Other,1500.0,2199.0,1869.0,Rs./Quintal,FAQ
Quadian APMC,0.1,Metric Tonnes,Other,1300.0,1500.0,1400.0,Rs./Quintal,Grade A
Rampuraphul(Nabha Mandi) APMC,0.9,Metric Tonnes,Other,1500.0,2500.0,2000.0,Rs./Quintal,Grade A
Samana APMC,27.0,Metric Tonnes,Other,2000.0,2600.0,2500.0,Rs./Quintal,Local
Sangrur APMC,1.5,Metric Tonnes,Cabbage,1200.0,2200.0,1800.0,Rs./Quintal,Grade B
Sirhind APMC,0.30000000000000004,Metric Tonnes,Other,2000.0,3000.0,2500.0,Rs./Quintal,FAQ
Tanda Urmur APMC,0.30000000000000004,Metric Tonnes,Cabbage,2000.0,3000.0,2500.0,Rs./Quintal,Grade A
Total,86.31,Metric Tonnes,,,,2206.89,Rs./Quintal,
State/UT Name : Rajasthan
Bikaner (F&V) APMC,4.8,Metric Tonnes,Other,1400.0,1400.0,1400.0,Rs./Quintal,Medium
Chomu FV APMC,3.8000000000000003,Metric Tonnes,Other,2800.0,3200.0,3000.0,Rs./Quintal,Local
Jaipur (F&V) APMC,84.5,Metric Tonnes,Cabbage,1700.0,1800.0,1750.0,Rs./Quintal,FAQ
Jalore APMC,0.5,Metric Tonnes,Cabbage,1500.0,1800.0,1600.0,Rs./Quintal,Local
Jodhpur (F&V) APMC,8.0,Metric Tonnes,Other,1000.0,2000.0,1500.0,Rs./Quintal,Medium
Sriganganagar (F&V) APMC,4.5,Metric Tonnes,Cabbage,2000.0,2400.0,2200.0,Rs./Quintal,Grade C
Udaipur (F&V) APMC,15.3,Metric Tonnes,Other,1500.0,2000.0,1750.0,Rs./Quintal,Medium
Total,121.4,Metric Tonnes,,,,1774.88,Rs./Quintal,
State/UT Name : Tamil Nadu
AJattihalli(Uzhavar Sandhai ),0.12,Metric Tonnes,Cabbage,3000.0,3400.0,3200.0,Rs./Quintal,Local
Ammapet(Uzhavar Sandhai ),0.17,Metric Tonnes,Cabbage,2500.0,3000.0,2750.0,Rs./Quintal,Local
Anaiyur(Uzhavar Sandhai ),0.35,Metric Tonnes,Cabbage,2600.0,3000.0,2800.0,Rs./Quintal,Local
Andipatti(Uzhavar Sandhai ),0.45,Metric Tonnes,Cabbage,2500.0,3000.0,2750.0,Rs./Quintal,Local
Anna nagar(Uzhavar Sandhai ),0.87,Metric Tonnes,Cabbage,3200.0,3200.0,3200.0,Rs./Quintal,Local
Arani(Uzhavar Sandhai ),0.25,Metric Tonnes,Cabbage,2500.0,3000.0,2750.0,Rs./Quintal,Local
Arcot(Uzhavar Sandhai ),0.28,Metric Tonnes,Cabbage,3000.0,3000.0,3000.0,Rs./Quintal,Local
Ariyalur(Uzhavar Sandhai),0.04,Metric Tonnes,Cabbage,3000.0,3500.0,3250.0,Rs./Quintal,Local
Aruppukottai(Uzhavar Sandhai ),0.16,Metric Tonnes,Cabbage,3500.0,4000.0,3750.0,Rs./Quintal,Local
Athur(Uzhavar Sandhai ),0.52,Metric Tonnes,Cabbage,2500.0,3000.0,2750.0,Rs./Quintal,Local
Avallapalli(Uzhavar Sandhai ),0.26,Metric Tonnes,Cabbage,1000.0,1500.0,1250.0,Rs./Quintal,Local
Bodinayakanur(Uzhavar Sandhai ),0.28,Metric Tonnes,Cabbage,3000.0,3000.0,3000.0,Rs./Quintal,Local
Chengalpet(Uzhavar Sandhai ),0.08,Metric Tonnes,Cabbage,2500.0,3000.0,2750.0,Rs./Quintal,Local
Chengam(Uzhavar Sandhai ),0.12,Metric Tonnes,Cabbage,3300.0,4000.0,3650.0,Rs./Quintal,Local
Cheyyar(Uzhavar Sandhai ),0.15,Metric Tonnes,Cabbage,2500.0,3000.0,2750.0,Rs./Quintal,Local
Chinnalapatti(Uzhavar Sandhai ),0.07,Metric Tonnes,Cabbage,3500.0,4000.0,3750.0,Rs./Quintal,Local
Chinnamanur(Uzhavar Sandhai ),0.87,Metric Tonnes,Cabbage,2800.0,3000.0,2900.0,Rs./Quintal,Local
Chokkikulam(Uzhavar Sandhai ),0.4,Metric Tonnes,Cabbage,2600.0,3000.0,2800.0,Rs./Quintal,Local
Coonoor(Uzhavar Sandhai ),0.35,Metric Tonnes,Cabbage,2200.0,2500.0,2350.0,Rs./Quintal,Local
Cuddalore(Uzhavar Sandhai ),0.23,Metric Tonnes,Cabbage,3000.0,3000.0,3000.0,Rs./Quintal,Local
Denkanikottai(Uzhavar Sandhai ),0.28,Metric Tonnes,Cabbage,1000.0,1500.0,1250.0,Rs./Quintal,Local
Devakottai (Uzhavar Sandhai ),0.13,Metric Tonnes,Cabbage,2800.0,3200.0,3000.0,Rs./Quintal,Local
Devaram(Uzhavar Sandhai ),0.18,Metric Tonnes,Cabbage,3200.0,3200.0,3200.0,Rs./Quintal,Local
Dharapuram(Uzhavar Sandhai ),1.3,Metric Tonnes,Cabbage,4000.0,4000.0,4000.0,Rs./Quintal,Local
Dharmapuri(Uzhavar Sandhai ),0.22,Metric Tonnes,Cabbage,3200.0,3400.0,3300.0,Rs./Quintal,Local
Dindigul(Uzhavar Sandhai ),0.32,Metric Tonnes,Cabbage,3000.0,4000.0,3500.0,Rs./Quintal,Local
Edapadi (Uzhavar Sandhai ),0.17,Metric Tonnes,Cabbage,2800.0,3000.0,2900.0,Rs./Quintal,Local
Elampillai(Uzhavar Sandhai ),0.3,Metric Tonnes,Cabbage,2500.0,3000.0,2750.0,Rs./Quintal,Local
Gandhigramam(Uzhavar Sandhai),0.14,Metric Tonnes,Cabbage,4500.0,5000.0,4750.0,Rs./Quintal,Local
Gingee(Uzhavar Sandhai ),0.08,Metric Tonnes,Cabbage,4000.0,4000.0,4000.0,Rs./Quintal,Local
Gobichettipalayam(Uzhavar Sandhai ),0.29,Metric Tonnes,Cabbage,2000.0,2400.0,2200.0,Rs./Quintal,Local
Gudalur(Uzhavar Sandhai ),0.03,Metric Tonnes,Cabbage,2000.0,2500.0,2250.0,Rs./Quintal,Local
Gudiyatham(Uzhavar Sandhai ),0.07,Metric Tonnes,Cabbage,3000.0,3000.0,3000.0,Rs./Quintal,Local
Harur(Uzhavar Sandhai ),0.21,Metric Tonnes,Cabbage,3000.0,3500.0,3250.0,Rs./Quintal,Local
Hasthampatti(Uzhavar Sandhai ),0.21,Metric Tonnes,Cabbage,3000.0,3500.0,3250.0,Rs./Quintal,Local
Hosur(Uzhavar Sandhai ),2.19,Metric Tonnes,Cabbage,1000.0,1500.0,1250.0,Rs./Quintal,Local
Jalagandapuram(Uzhavar Sandhai ),0.04,Metric Tonnes,Cabbage,2500.0,3000.0,2750.0,Rs./Quintal,Local
Jameenrayapettai(Uzhavar Sandhai ),0.36,Metric Tonnes,Cabbage,2000.0,2500.0,2250.0,Rs./Quintal,Local
KKNagar(Uzhavar Sandhai ),0.7,Metric Tonnes,Cabbage,3200.0,3200.0,3200.0,Rs./Quintal,Local
Kahithapattarai(Uzhavar Sandhai ),0.15,Metric Tonnes,Cabbage,2500.0,2500.0,2500.0,Rs./Quintal,Local
Kallakurichi(Uzhavar Sandhai ),0.05,Metric Tonnes,Cabbage,6000.0,6000.0,6000.0,Rs./Quintal,Local
Kambam(Uzhavar Sandhai ),2.0,Metric Tonnes,Cabbage,3000.0,3000.0,3000.0,Rs./Quintal,Local
Karaikudi(Uzhavar Sandhai ),0.2,Metric Tonnes,Cabbage,3000.0,3500.0,3250.0,Rs./Quintal,Local
Karimangalam(Uzhavar Sandhai),0.16,Metric Tonnes,Cabbage,3300.0,3500.0,3400.0,Rs./Quintal,Local
Kariyapatti(Uzhavar Sandhai ),0.09,Metric Tonnes,Cabbage,3500.0,4000.0,3750.0,Rs./Quintal,Local
Karur(Uzhavar Sandhai ),0.31,Metric Tonnes,Cabbage,4500.0,5000.0,4750.0,Rs./Quintal,Local
Katpadi (Uzhavar Sandhai ),0.22,Metric Tonnes,Cabbage,2500.0,2500.0,2500.0,Rs./Quintal,Local
Kovilpatti(Uzhavar Sandhai ),0.14,Metric Tonnes,Cabbage,3000.0,3500.0,3250.0,Rs./Quintal,Local
Krishnagiri(Uzhavar Sandhai ),0.32,Metric Tonnes,Cabbage,2500.0,3000.0,2750.0,Rs./Quintal,Local
Kulithalai(Uzhavar Sandhai ),0.37,Metric Tonnes,Cabbage,3500.0,4000.0,3750.0,Rs./Quintal,Local
Kumarapalayam(Uzhavar Sandhai ),0.04,Metric Tonnes,Cabbage,3600.0,4000.0,3800.0,Rs./Quintal,Local
Kumbakonam (Uzhavar Sandhai ),0.5,Metric Tonnes,Cabbage,3600.0,3600.0,3600.0,Rs./Quintal,Local
Kundrathur(Uzhavar Sandhai ),0.15,Metric Tonnes,Cabbage,3000.0,3000.0,3000.0,Rs./Quintal,Local
Lalgudi(Uzhavar Sandhai ),0.14,Metric Tonnes,Cabbage,3000.0,3000.0,3000.0,Rs./Quintal,Local
Manachanallur(Uzhavar Sandhai ),0.14,Metric Tonnes,Cabbage,2500.0,3000.0,2750.0,Rs./Quintal,Local
Manapparai(Uzhavar Sandhai ),0.08,Metric Tonnes,Cabbage,3000.0,3000.0,3000.0,Rs./Quintal,Local
Mannargudi I(Uzhavar Sandhai ),0.64,Metric Tonnes,Cabbage,3400.0,3400.0,3400.0,Rs./Quintal,Local
Mannargudi II(Uzhavar Sandhai ),0.15,Metric Tonnes,Cabbage,3400.0,3400.0,3400.0,Rs./Quintal,Local
Mayiladuthurai(Uzhavar Sandhai ),0.03,Metric Tonnes,Cabbage,4000.0,4000.0,4000.0,Rs./Quintal,Local
Melapalayam(Uzhavar Sandhai ),0.25,Metric Tonnes,Cabbage,3200.0,3400.0,3300.0,Rs./Quintal,Local
Mettupalayam(Uzhavar Sandhai ),0.65,Metric Tonnes,Cabbage,2500.0,3000.0,2750.0,Rs./Quintal,Local
Mettur(Uzhavar Sandhai ),0.24,Metric Tonnes,Cabbage,3000.0,3500.0,3250.0,Rs./Quintal,Local
Mohanur(Uzhavar Sandhai ),0.2,Metric Tonnes,Cabbage,2800.0,3500.0,3150.0,Rs./Quintal,Local
Musiri(Uzhavar Sandhai ),0.49,Metric Tonnes,Cabbage,2500.0,3000.0,2750.0,Rs./Quintal,Local
Muthupettai(Uzhavar Sandhai ),0.05,Metric Tonnes,Cabbage,3400.0,3400.0,3400.0,Rs./Quintal,Local
Myladi(Uzhavar Sandhai ),0.02,Metric Tonnes,Cabbage,4500.0,5500.0,5000.0,Rs./Quintal,Local
NGO Colony(Uzhavar Sandhai ),0.27,Metric Tonnes,Cabbage,2800.0,3400.0,3100.0,Rs./Quintal,Local
Nagapattinam(Uzhavar Sandhai ),0.12,Metric Tonnes,Cabbage,4500.0,4500.0,4500.0,Rs./Quintal,Local
Namakkal(Uzhavar Sandhai ),0.48,Metric Tonnes,Cabbage,2400.0,2800.0,2600.0,Rs./Quintal,Local
Nanganallur(Uzhavar Sandhai ),0.04,Metric Tonnes,Cabbage,3500.0,4000.0,3750.0,Rs./Quintal,Local
Natrampalli(Uzhavar Sandhai ),0.35,Metric Tonnes,Cabbage,2500.0,3000.0,2750.0,Rs./Quintal,Local
Padappai(Uzhavar Sandhai ),0.06,Metric Tonnes,Cabbage,2000.0,2500.0,2250.0,Rs./Quintal,Local
Palacode(Uzhavar Sandhai ),0.24,Metric Tonnes,Cabbage,2600.0,3000.0,2800.0,Rs./Quintal,Local
Palanganatham(Uzhavar Sandhai ),0.2,Metric Tonnes,Cabbage,2600.0,3000.0,2800.0,Rs./Quintal,Local
Palani(Uzhavar Sandhai ),0.54,Metric Tonnes,Cabbage,2800.0,3200.0,3000.0,Rs./Quintal,Local
Palayamkottai(Uzhavar Sandhai ),2.3,Metric Tonnes,Cabbage,3200.0,3400.0,3300.0,Rs./Quintal,Local
Palladam(Uzhavar Sandhai ),0.15,Metric Tonnes,Cabbage,2500.0,3000.0,2750.0,Rs./Quintal,Local
Pallavaram(Uzhavar Sandhai ),0.46,Metric Tonnes,Cabbage,2000.0,2500.0,2250.0,Rs./Quintal,Local
Pallikonda(Uzhavar Sandhai),0.04,Metric Tonnes,Cabbage,2500.0,2500.0,2500.0,Rs./Quintal,Local
Papanasam(Uzhavar Sandhai ),0.05,Metric Tonnes,Cabbage,3600.0,3600.0,3600.0,Rs./Quintal,Local
Paramakudi(Uzhavar Sandhai ),0.18,Metric Tonnes,Cabbage,4500.0,4800.0,4650.0,Rs./Quintal,Local
Paramathivelur(Uzhavar Sandhai ),0.18,Metric Tonnes,Cabbage,2500.0,3000.0,2750.0,Rs./Quintal,Local
Paruthipattu(Uzhavar Sandhai ),0.06,Metric Tonnes,Cabbage,4000.0,4000.0,4000.0,Rs./Quintal,Local
Pattukottai(Uzhavar Sandhai ),0.25,Metric Tonnes,Cabbage,3000.0,3000.0,3000.0,Rs./Quintal,Local
Pennagaram(Uzhavar Sandhai ),0.07,Metric Tonnes,Cabbage,3600.0,4000.0,3800.0,Rs./Quintal,Local
Perambalur(Uzhavar Sandhai ),0.36,Metric Tonnes,Cabbage,3400.0,3400.0,3400.0,Rs./Quintal,Local
Perampet(Uzhavar Sandhai),0.03,Metric Tonnes,Cabbage,3000.0,3000.0,3000.0,Rs./Quintal,Local
Periyakulam(Uzhavar Sandhai ),0.32,Metric Tonnes,Cabbage,3200.0,3500.0,3350.0,Rs./Quintal,Local
Perundurai(Uzhavar Sandhai ),0.09,Metric Tonnes,Cabbage,2500.0,2800.0,2650.0,Rs./Quintal,Local
Pollachi(Uzhavar Sandhai ),0.12,Metric Tonnes,Cabbage,3500.0,4000.0,3750.0,Rs./Quintal,Local
Polur(Uzhavar Sandhai ),0.16,Metric Tonnes,Cabbage,2500.0,3000.0,2750.0,Rs./Quintal,Local
Pudukottai(Uzhavar Sandhai ),0.17,Metric Tonnes,Cabbage,3000.0,3500.0,3250.0,Rs./Quintal,Local
RSPuram(Uzhavar Sandhai ),0.86,Metric Tonnes,Cabbage,2200.0,2400.0,2300.0,Rs./Quintal,Local
Rajapalayam(Uzhavar Sandhai ),0.24,Metric Tonnes,Cabbage,2700.0,3200.0,2950.0,Rs./Quintal,Local
Ramanathapuram(Uzhavar Sandhai ),0.1,Metric Tonnes,Cabbage,4200.0,4500.0,4350.0,Rs./Quintal,Local
Ranipettai(Uzhavar Sandhai ),0.04,Metric Tonnes,Cabbage,2500.0,2800.0,2650.0,Rs./Quintal,Local
Rasipuram(Uzhavar Sandhai ),0.67,Metric Tonnes,Cabbage,3400.0,3600.0,3500.0,Rs./Quintal,Local
Sampath Nagar(Uzhavar Sandhai ),0.24,Metric Tonnes,Cabbage,2000.0,2200.0,2100.0,Rs./Quintal,Local
Sathiyamagalam(Uzhavar Sandhai ),0.26,Metric Tonnes,Cabbage,3000.0,3400.0,3200.0,Rs./Quintal,Local
Sathur(Uzhavar Sandhai ),0.02,Metric Tonnes,Cabbage,3500.0,4000.0,3750.0,Rs./Quintal,Local
Singampunari(Uzhavar Sandhai ),0.19,Metric Tonnes,Cabbage,2800.0,3200.0,3000.0,Rs./Quintal,Local
Singanallur(Uzhavar Sandhai ),1.31,Metric Tonnes,Cabbage,2500.0,3000.0,2750.0,Rs./Quintal,Local
Sirkali(Uzhavar Sandhai ),0.18,Metric Tonnes,Cabbage,2500.0,3000.0,2750.0,Rs./Quintal,Local
Sivagangai (Uzhavar Sandhai ),0.37,Metric Tonnes,Cabbage,2800.0,3200.0,3000.0,Rs./Quintal,Local
Sivakasi(Uzhavar Sandhai ),0.03,Metric Tonnes,Cabbage,3500.0,4000.0,3750.0,Rs./Quintal,Local
Sooramangalam(Uzhavar Sandhai ),0.37,Metric Tonnes,Cabbage,2500.0,3000.0,2750.0,Rs./Quintal,Local
Srivilliputhur(Uzhavar Sandhai ),0.09,Metric Tonnes,Cabbage,3000.0,3500.0,3250.0,Rs./Quintal,Local
Sulur(Uzhavar Sandhai ),0.27,Metric Tonnes,Cabbage,2500.0,3000.0,2750.0,Rs./Quintal,Local
Sundarapuram(Uzhavar Sandhai ),0.3,Metric Tonnes,Cabbage,2500.0,3000.0,2750.0,Rs./Quintal,Local
Sunguvarchatram(Uzhavar Sandhai ),0.15,Metric Tonnes,Cabbage,3000.0,3000.0,3000.0,Rs./Quintal,Local
Tenkasi(Uzhavar Sandhai ),0.07,Metric Tonnes,Cabbage,3000.0,3500.0,3250.0,Rs./Quintal,Local
Thalavadi(Uzhavar Sandhai ),0.25,Metric Tonnes,Cabbage,1400.0,1800.0,1600.0,Rs./Quintal,Local
Thalavaipuram(Uzhavar Sandhai ),0.05,Metric Tonnes,Cabbage,2800.0,3200.0,3000.0,Rs./Quintal,Local
Thammampatti (Uzhavar Sandhai ),0.36,Metric Tonnes,Cabbage,3500.0,4000.0,3750.0,Rs./Quintal,Local
Thanjavur(Uzhavar Sandhai ),0.24,Metric Tonnes,Cabbage,3400.0,3400.0,3400.0,Rs./Quintal,Local
Thathakapatti(Uzhavar Sandhai ),0.26,Metric Tonnes,Cabbage,3000.0,3600.0,3300.0,Rs./Quintal,Local
Theni(Uzhavar Sandhai ),1.19,Metric Tonnes,Cabbage,3000.0,3000.0,3000.0,Rs./Quintal,Local
Thirupathur APMC,0.3,Metric Tonnes,Cabbage,3400.0,3400.0,3400.0,Rs./Quintal,Local
Thiruverumbur(Uzhavar Sandhai ),0.23,Metric Tonnes,Cabbage,3000.0,3000.0,3000.0,Rs./Quintal,Local
Thuraiyur APMC,0.3,Metric Tonnes,Cabbage,2500.0,3000.0,2750.0,Rs./Quintal,Local
Tindivanam APMC,0.12,Metric Tonnes,Cabbage,3500.0,3500.0,3500.0,Rs./Quintal,Local
Tiruchengode APMC,0.42,Metric Tonnes,Cabbage,2600.0,3000.0,2800.0,Rs./Quintal,Local
Tirupatthur(Uzhavar Sandhai ),0.16,Metric Tonnes,Cabbage,3000.0,3500.0,3250.0,Rs./Quintal,Local
Tiruppur (North) (Uzhavar Sandhai ),0.25,Metric Tonnes,Cabbage,2500.0,3000.0,2750.0,Rs./Quintal,Local
Tiruppur (South) (Uzhavar Sandhai ),0.53,Metric Tonnes,Cabbage,1700.0,2000.0,1850.0,Rs./Quintal,Local
Tiruthani(Uzhavar Sandhai ),0.05,Metric Tonnes,Cabbage,4000.0,4000.0,4000.0,Rs./Quintal,Local
Tiruvannamalai(Uzhavar Sandhai ),0.43,Metric Tonnes,Cabbage,2500.0,3000.0,2750.0,Rs./Quintal,Local
Tuticorin(Uzhavar Sandhai ),0.12,Metric Tonnes,Cabbage,3500.0,4000.0,3750.0,Rs./Quintal,Local
Udhagamandalam(Uzhavar Sandhai ),1.1,Metric Tonnes,Cabbage,2000.0,2500.0,2250.0,Rs./Quintal,Local
Udumalpet APMC,0.11,Metric Tonnes,Cabbage,3000.0,3500.0,3250.0,Rs./Quintal,Local
Vadalur(Uzhavar Sandhai ),0.04,Metric Tonnes,Cabbage,3500.0,3500.0,3500.0,Rs./Quintal,Local
Vadaseri APMC,0.2,Metric Tonnes,Cabbage,5000.0,5500.0,5250.0,Rs./Quintal,Local
Vadavalli(Uzhavar Sandhai ),0.35,Metric Tonnes,Cabbage,2200.0,2600.0,2400.0,Rs./Quintal,Local
Vaniyampadi(Uzhavar Sandhai ),0.23,Metric Tonnes,Cabbage,4000.0,4000.0,4000.0,Rs./Quintal,Local
Vazhapadi(Uzhavar Sandhai),0.02,Metric Tonnes,Cabbage,3500.0,3500.0,3500.0,Rs./Quintal,Local
Vedaranyam(Uzhavar Sandhai),0.06,Metric Tonnes,Cabbage,3500.0,4000.0,3750.0,Rs./Quintal,Local
Vellore APMC,0.2,Metric Tonnes,Cabbage,2000.0,2500.0,2250.0,Rs./Quintal,Local
Virudhunagar(Uzhavar Sandhai ),0.02,Metric Tonnes,Cabbage,3500.0,4000.0,3750.0,Rs./Quintal,Local
Viruthachalam(Uzhavar Sandhai ),0.03,Metric Tonnes,Cabbage,3000.0,3000.0,3000.0,Rs./Quintal,Local
Total,41.69,Metric Tonnes,,,,2926.23,Rs./Quintal,
State/UT Name : Telangana
Adilabad (Rythu Bazar) ,1.8,Metric Tonnes,Cabbage,4000.0,4200.0,4000.0,Rs./Quintal,Local
"Alwal,RBZ",1.2000000000000002,Metric Tonnes,Other,1300.0,1300.0,1300.0,Rs./Quintal,FAQ
Bowenpally APMC,164.3,Metric Tonnes,Cabbage,400.0,1000.0,800.0,Rs./Quintal,FAQ
Gudimalkapur APMC,48.5,Metric Tonnes,Cabbage,2000.0,2500.0,2000.0,Rs./Quintal,Grade B
Karimnagar APMC,0.8099999999999999,Metric Tonnes,Cabbage,1000.0000500000001,1000.0000500000001,1000.0000500000001,Rs./Quintal,Medium
"Kukatpally,RBZ",5.5,Metric Tonnes,Cabbage,1300.0,1300.0,1300.0,Rs./Quintal,Local
L B Nagar APMC,7.5,Metric Tonnes,Cabbage,800.0,1200.0,1000.0,Rs./Quintal,Medium
Mahabubnagar(Rythu Bazar),1.56,Metric Tonnes,Cabbage,3000.0,3000.0,3000.0,Rs./Quintal,Local
Mahboob Manison APMC,3.5,Metric Tonnes,Cabbage,1000.0,1200.0,1100.0,Rs./Quintal,Medium
Miryalguda(Rythu Bazar) ,0.3,Metric Tonnes,Cabbage,2500.0,2500.0,2500.0,Rs./Quintal,Grade A
RYTHU BAZAR ERRAGADDA,6.3,Metric Tonnes,Cabbage,1300.0,1300.0,1300.0,Rs./Quintal,Grade A
"Saroornagar,RBZ",2.5,Metric Tonnes,Other,1300.0,1300.0,1300.0,Rs./Quintal,Medium
Siddipet(Rythu Bazar) ,0.4,Metric Tonnes,Cabbage,2000.0,2800.0,2400.0,Rs./Quintal,Grade A
"Vanasthalipuram,RBZ ",1.8,Metric Tonnes,Cabbage,1300.0,1300.0,1300.0,Rs./Quintal,Grade A
Vantamamidi APMC,4.3,Metric Tonnes,Cabbage,500.0,800.0,650.0,Rs./Quintal,Local
Venkateswarnagar APMC,0.2,Metric Tonnes,Cabbage,1000.0,1400.0,1200.0,Rs./Quintal,Grade A
Warangal APMC,2.9000000000000004,Metric Tonnes,Cabbage,1600.0,2000.0,1800.0,Rs./Quintal,FAQ
Total,253.37,Metric Tonnes,,,,1124.58,Rs./Quintal,
State/UT Name : Tripura
Biokhora,0.2,Metric Tonnes,Cabbage,2800.0,2900.0,2850.0,Rs./Quintal,FAQ
Total,0.2,Metric Tonnes,,,,2850.0,Rs./Quintal,
State/UT Name : Uttar Pradesh
Hasanpur APMC,0.5,Metric Tonnes,Cabbage,50.0,1520.0,1500.0,Rs./Quintal,FAQ
Jalaun APMC,0.8,Metric Tonnes,Cabbage,1800.0,1800.0,1800.0,Rs./Quintal,FAQ
Jasvantnagar APMC,4.4,Metric Tonnes,Cabbage,2165.0,2265.0,2215.0,Rs./Quintal,Medium
Kairana APMC,0.5,Metric Tonnes,Cabbage,1500.0,1600.0,1550.0,Rs./Quintal,FAQ
Khandhla APMC,1.2000000000000002,Metric Tonnes,Cabbage,400.0,410.0,405.0,Rs./Quintal,FAQ
Kosikalan APMC,4.0,Metric Tonnes,Cabbage,2100.0,2300.0,2200.0,Rs./Quintal,FAQ
Maigalganj APMC,0.4,Metric Tonnes,Cabbage,900.0,930.0,915.0,Rs./Quintal,FAQ
Total,11.8,Metric Tonnes,,,,1895.17,Rs./Quintal,
State/UT Name : Uttarakhand
Dehradoon APMC,4.5,Metric Tonnes,Cabbage,950.0,1500.0,1250.0,Rs./Quintal,Grade B
Kotadwara APMC,0.6,Metric Tonnes,Cabbage,1100.0,1100.0,1100.0,Rs./Quintal,FAQ
Vikasnagar APMC,2.7,Metric Tonnes,Cabbage,500.0,1000.0,1000.0,Rs./Quintal,Medium
Total,7.8,Metric Tonnes,,,,1151.92,Rs./Quintal,
State/UT Name : West Bengal
Darjeeling APMC,1.5,Metric Tonnes,Other,2700.0,2900.0,2800.0,Rs./Quintal,FAQ
Durgapur APMC,5.5,Metric Tonnes,Other,1850.0,2050.0,1900.0,Rs./Quintal,FAQ
Karsiyang(Matigara) APMC,1.4,Metric Tonnes,Other,2700.0,2900.0,2800.0,Rs./Quintal,FAQ
Sealdah Koley Market APMC,8.4,Metric Tonnes,Other,3000.0,3500.0,3200.0,Rs./Quintal,FAQ
Total,16.8,Metric Tonnes,,,,2705.36,Rs./Quintal,
Grand Total,3306.84,Metric Tonnes,,,,2345.43,Rs./Quintal,
Carrot
State/UT Name : Assam
Pamohi(Garchuk) APMC,18.0,Metric Tonnes,Carrot,6500.0,7500.0,7000.0,Rs./Quintal,FAQ
Tinsukia Market,0.8,Metric Tonnes,Carrot,6000.0,7000.0,6500.0,Rs./Quintal,FAQ
Uparhali Pmy APMC,0.4,Metric Tonnes,Carrot,6000.0,6200.0,6200.0,Rs./Quintal,FAQ
Total,19.2,Metric Tonnes,,,,6962.5,Rs./Quintal,
State/UT Name : Bihar
Khagaria APMC,0.06,Metric Tonnes,Carrot,3166.66635,3749.999625,3499.99965,Rs./Quintal,Grade A
Total,0.06,Metric Tonnes,,,,3500.0,Rs./Quintal,
State/UT Name : Chandigarh
Chandigarh (Grain/F&V) APMC,27.92,Metric Tonnes,Carrot,1000.0,2500.0,2000.0,Rs./Quintal,FAQ
Total,27.92,Metric Tonnes,,,,2000.0,Rs./Quintal,
State/UT Name : Chattisgarh
Durg APMC,1.0,Metric Tonnes,Carrot,1800.0,2000.0,1800.0,Rs./Quintal,Medium
Rajnandgaon APMC,6.0,Metric Tonnes,Carrot,2500.0,3000.0,2800.0,Rs./Quintal,Grade B
Total,7.0,Metric Tonnes,,,,2657.14,Rs./Quintal,
State/UT Name : Gujarat
Ahmedabad APMC,54.300000000000004,Metric Tonnes,Other,1500.0,3000.0,2000.0,Rs./Quintal,FAQ
Bharuch APMC,1.26,Metric Tonnes,Other,1300.0,1800.0,1500.0,Rs./Quintal,Local
Dahod(Veg. Market) APMC,0.2,Metric Tonnes,Carrot,2000.0,3000.0,2500.0,Rs./Quintal,Local
Gondal(Veg.market Gondal) APMC,2.02,Metric Tonnes,Carrot,1000.0,5000.0,3000.0,Rs./Quintal,Local
Navsari APMC,0.5599999999999999,Metric Tonnes,Carrot,2500.0,3000.0,2750.0,Rs./Quintal,Local
Surat APMC,34.0,Metric Tonnes,Carrot,1000.0,3000.0,2000.0,Rs./Quintal,FAQ
Vadhvan APMC,0.2,Metric Tonnes,Carrot,2500.0,3000.0,2750.0,Rs./Quintal,Medium
Vadodara(Sayajipura) APMC,1.56,Metric Tonnes,Other,1500.0,2000.0,1800.0,Rs./Quintal,FAQ
Total,94.1,Metric Tonnes,,,,2018.58,Rs./Quintal,
State/UT Name : Haryana
Bahadurgarh APMC,0.4,Metric Tonnes,Other,5500.0,6000.0,5800.0,Rs./Quintal,Medium
Gohana APMC,0.1,Metric Tonnes,Other,6000.0,8000.0,7000.0,Rs./Quintal,Medium
Jagadhri APMC,0.20600000000000002,Metric Tonnes,Other,1200.0,2000.0,1800.0,Rs./Quintal,Medium
Ladwa APMC,0.1,Metric Tonnes,Carrot,4500.0,5000.0,5000.0,Rs./Quintal,Medium
Naraingarh APMC,0.08000000000000002,Metric Tonnes,Carrot,2200.0,2200.0,2200.0,Rs./Quintal,Medium
Samalkha APMC,0.15000000000000002,Metric Tonnes,Carrot,4000.0,4000.0,4000.0,Rs./Quintal,FAQ
Shahabad APMC,0.2,Metric Tonnes,Carrot,3000.0,3000.0,3000.0,Rs./Quintal,Medium
Thanesar APMC,0.7000000000000001,Metric Tonnes,Carrot,2000.0,2500.0,2250.0,Rs./Quintal,Medium
Total,1.94,Metric Tonnes,,,,3533.99,Rs./Quintal,
State/UT Name : Himachal Pradesh
PMY Hamirpur,0.2,Metric Tonnes,Other,4500.0,5000.0,4750.0,Rs./Quintal,Grade B
PMY Kangni Mandi,0.2,Metric Tonnes,Carrot,3000.0,3500.0,3200.0,Rs./Quintal,Grade B
PMY Kangra,0.30000000000000004,Metric Tonnes,Carrot,2500.0,3000.0,2750.0,Rs./Quintal,FAQ
PMY Kullu,0.9,Metric Tonnes,Other,3000.0,3500.0,3200.0,Rs./Quintal,FAQ
PMY Una,0.05,Metric Tonnes,Carrot,3000.0,3000.0,3000.0,Rs./Quintal,FAQ
SMY Baijnath,0.4,Metric Tonnes,Carrot,3000.0,3300.0,3200.0,Rs./Quintal,Grade A
SMY Bhuntar,0.4,Metric Tonnes,Other,3000.0,3500.0,3200.0,Rs./Quintal,FAQ
SMY Dhanotu,0.2,Metric Tonnes,Carrot,2500.0,3500.0,3000.0,Rs./Quintal,FAQ
SMY Dharamshala,0.27999999999999997,Metric Tonnes,Carrot,2500.0,3000.0,2750.0,Rs./Quintal,FAQ
SMY Jaisinghpur,0.03,Metric Tonnes,Carrot,3400.0,3600.0,3500.0,Rs./Quintal,FAQ
SMY Nahan,0.15,Metric Tonnes,Other,3500.0,4000.0,3800.0,Rs./Quintal,FAQ
SMY Palampur,0.1,Metric Tonnes,Carrot,3200.0,3500.0,3300.0,Rs./Quintal,FAQ
Total,3.21,Metric Tonnes,,,,3233.64,Rs./Quintal,
State/UT Name : Karnataka
Bagepalli APMC,1.0,Metric Tonnes,Carrot,2000.0,2500.0,2100.0,Rs./Quintal,Small
Bangarpet APMC,1.7000000000000002,Metric Tonnes,Carrot,2500.0,3000.0,2800.0,Rs./Quintal,Local
Binny Mill (FF&V) Bengaluru APMC,28.900000000000002,Metric Tonnes,Carrot,6000.0,7000.0,6500.0,Rs./Quintal,Local
Chamarajanagar APMC,3.5,Metric Tonnes,Carrot,1500.0,3000.0,2200.0,Rs./Quintal,Local
Chickkaballapura APMC,6.5,Metric Tonnes,Carrot,3000.0,3500.0,3200.0,Rs./Quintal,Local
Chintamani APMC,1.2000000000000002,Metric Tonnes,Carrot,2000.0,4000.0,3000.0,Rs./Quintal,Local
Davangere APMC,3.0,Metric Tonnes,Carrot,1200.0,3800.0,2500.0,Rs./Quintal,Local
Doddaballapur APMC,0.7000000000000001,Metric Tonnes,Other,5000.0,5500.0,5200.0,Rs./Quintal,Medium
Hospet APMC,2.8000000000000003,Metric Tonnes,Carrot,2000.0,2800.0,2500.0,Rs./Quintal,Local
Kolar APMC,7.6000000000000005,Metric Tonnes,Carrot,2000.0,4000.0,3200.0,Rs./Quintal,Local
Malur APMC,7.5,Metric Tonnes,Carrot,3800.0,4500.0,4000.0,Rs./Quintal,Local
Mysuru APMC,4.3,Metric Tonnes,Carrot,4000.0,4800.0,4800.0,Rs./Quintal,Medium
Nanjangud APMC,4.2,Metric Tonnes,Carrot,3030.0,4166.0,3703.0,Rs./Quintal,Local
Ramanagara APMC,0.7000000000000001,Metric Tonnes,Carrot,4000.0,5400.0,5000.0,Rs./Quintal,Local
Ranebennur APMC,0.4,Metric Tonnes,Carrot,1500.0,3500.0,3000.0,Rs./Quintal,Medium
Shimoga APMC,2.8000000000000003,Metric Tonnes,Carrot,4000.0,5000.0,4500.0,Rs./Quintal,Local
Total,76.8,Metric Tonnes,,,,4593.26,Rs./Quintal,
State/UT Name : Keralam
Adimali Market,0.05,Metric Tonnes,Carrot,7000.0,8000.0,7500.0,Rs./Quintal,Medium
Aluva Market,5.0,Metric Tonnes,Carrot,4000.0,6000.0,5000.0,Rs./Quintal,FAQ
Anchal Market,0.43,Metric Tonnes,Carrot,5300.0,5300.0,5300.0,Rs./Quintal,Local
Angamaly Market,1.0,Metric Tonnes,Carrot,5000.0,7000.0,6000.0,Rs./Quintal,FAQ
Aralamoodu Market,2.0,Metric Tonnes,Carrot,4000.0,6000.0,6000.0,Rs./Quintal,FAQ
Aroor Market,0.2,Metric Tonnes,Other,6000.0,6200.0,6100.0,Rs./Quintal,FAQ
Attingal Market,850.0,Metric Tonnes,Other,7800.0,8500.0,8000.0,Rs./Quintal,Local
Broadway market Market,0.4,Metric Tonnes,Carrot,7000.0,8000.0,7200.0,Rs./Quintal,Medium
Chala Market,0.5,Metric Tonnes,Other,5800.0,6000.0,5900.0,Rs./Quintal,FAQ
Chalakudy Market,0.04,Metric Tonnes,Carrot,7000.0,7500.0,7500.0,Rs./Quintal,FAQ
Chavakkad Market,0.1,Metric Tonnes,Carrot,6000.0,8000.0,8000.0,Rs./Quintal,FAQ
Chelakkara Market,0.2,Metric Tonnes,Carrot,8000.0,8500.0,8200.0,Rs./Quintal,FAQ
Chengannur Market,0.5,Metric Tonnes,Other,6900.0,7200.0,7000.0,Rs./Quintal,FAQ
Harippad Market,0.7,Metric Tonnes,Other,8000.0,8500.0,8000.0,Rs./Quintal,FAQ
Kallachi Market,0.1,Metric Tonnes,Carrot,5800.0,6200.0,6000.0,Rs./Quintal,FAQ
Kanjirappally Market,0.5,Metric Tonnes,Carrot,7500.0,8000.0,7800.0,Rs./Quintal,FAQ
Kattappana Market,1.0,Metric Tonnes,Other,6800.0,7000.0,7000.0,Rs./Quintal,Medium
Kayamkulam Market,1.0,Metric Tonnes,Other,6400.0,6600.0,6500.0,Rs./Quintal,FAQ
Koduvayoor Market,0.8,Metric Tonnes,Carrot,4800.0,5200.0,5000.0,Rs./Quintal,Medium
Kollengode Market,0.7,Metric Tonnes,Carrot,6000.0,6400.0,6200.0,Rs./Quintal,FAQ
Manjeri Market,6.0,Metric Tonnes,Other,6950.0,7050.0,7000.0,Rs./Quintal,Local
Manjeswaram Market,3.0,Metric Tonnes,Carrot,6500.0,8000.0,7250.0,Rs./Quintal,FAQ
Mannar Market,0.5,Metric Tonnes,Other,7000.0,7200.0,7100.0,Rs./Quintal,FAQ
Neeleswaram Market,0.6,Metric Tonnes,Other,7400.0,7800.0,7600.0,Rs./Quintal,FAQ
Neyyatinkara Market,0.02,Metric Tonnes,Other,5400.0,6000.0,5600.0,Rs./Quintal,FAQ
North Paravur Market,1.0,Metric Tonnes,Carrot,5000.0,6000.0,5500.0,Rs./Quintal,FAQ
Pala Market,1.0,Metric Tonnes,Carrot,8800.0,9400.0,9200.0,Rs./Quintal,FAQ
Palakkad Market,2.0,Metric Tonnes,Carrot,3000.0,4000.0,3600.0,Rs./Quintal,FAQ
Parappanangadi Market,1.0,Metric Tonnes,Other,5300.0,5500.0,5400.0,Rs./Quintal,Grade A
Parassala Market,0.2,Metric Tonnes,Carrot,2800.0,3200.0,3000.0,Rs./Quintal,Local
Pattambi Market,0.3,Metric Tonnes,Carrot,6000.0,6500.0,6200.0,Rs./Quintal,FAQ
Perinthalmanna Market,4.0,Metric Tonnes,Carrot,4800.0,5000.0,4900.0,Rs./Quintal,Large
Piravam Market,5.0,Metric Tonnes,Carrot,7500.0,9500.0,8500.0,Rs./Quintal,Local
Quilandy Market,0.26,Metric Tonnes,Other,7000.0,7300.0,7000.0,Rs./Quintal,FAQ
Thalasserry Market,0.2,Metric Tonnes,Carrot,6500.0,7500.0,7000.0,Rs./Quintal,FAQ
Thalayolaparambu Market,0.5,Metric Tonnes,Carrot,5400.0,5700.0,5500.0,Rs./Quintal,FAQ
Thamarassery Market,0.3,Metric Tonnes,Other,6500.0,7000.0,6500.0,Rs./Quintal,FAQ
Thodupuzha Market,0.2,Metric Tonnes,Other,7100.0,7300.0,7300.0,Rs./Quintal,Large
Thrippunithura Market,0.8,Metric Tonnes,Carrot,7500.0,9000.0,7800.0,Rs./Quintal,Medium
Thrissur Market,7.0,Metric Tonnes,Carrot,4500.0,5000.0,4800.0,Rs./Quintal,FAQ
Vadakkenchery Market,0.24,Metric Tonnes,Carrot,7500.0,9500.0,7500.0,Rs./Quintal,FAQ
Vamanapuram Market,0.12,Metric Tonnes,Other,5500.0,6000.0,5500.0,Rs./Quintal,FAQ
Vandiperiyar Market,0.03,Metric Tonnes,Other,6000.0,6500.0,6500.0,Rs./Quintal,Grade Range-1
Vengeri(Kozhikode) Market,44.7,Metric Tonnes,Carrot,4700.0,5000.0,5000.0,Rs./Quintal,FAQ
vadakarapathy Market,0.05,Metric Tonnes,Carrot,1500.0,3000.0,2500.0,Rs./Quintal,FAQ
Total,944.24,Metric Tonnes,,,,7763.09,Rs./Quintal,
State/UT Name : Madhya Pradesh
Chhindwara(F&V) APMC,0.4,Metric Tonnes,Carrot,700.0,900.0,800.0,Rs./Quintal,Local
Seoni(F&V) APMC,0.64,Metric Tonnes,Carrot,960.0,960.0,960.0,Rs./Quintal,Grade C
Total,1.04,Metric Tonnes,,,,898.46,Rs./Quintal,
State/UT Name : Maharashtra
APMC Ahilyanagar ,1.4,Metric Tonnes,Other,2000.0,2300.0,2150.0,Rs./Quintal,Local
APMC Dharashiv ,0.6,Metric Tonnes,Other,2500.0,5000.0,3750.0,Rs./Quintal,Local
APMC Hingna,0.2,Metric Tonnes,Other,2000.0,3000.0,2333.0,Rs./Quintal,Local
APMC Jalgaon ,0.5,Metric Tonnes,Other,2000.0,2500.0,2200.0,Rs./Quintal,Local
APMC Kalyan ,0.3,Metric Tonnes,Other,2000.0,2500.0,2250.0,Rs./Quintal,Local
APMC Kamthi ,0.2,Metric Tonnes,Other,2500.0,3000.0,2850.0,Rs./Quintal,Local
APMC Manchar ,0.3,Metric Tonnes,Other,1500.0,1500.0,1500.0,Rs./Quintal,Local
APMC Mumbai ,156.0,Metric Tonnes,Other,2000.0,2800.0,2400.0,Rs./Quintal,Local
APMC Nagpur ,40.0,Metric Tonnes,Other,2000.0,2200.0,2150.0,Rs./Quintal,Local
APMC Nasik ,8.0,Metric Tonnes,Other,2000.0,2500.0,2300.0,Rs./Quintal,Local
APMC Pune ,71.7,Metric Tonnes,Other,1000.0,3000.0,2000.0,Rs./Quintal,Local
APMC Ratnagiri (Nachane) ,1.5,Metric Tonnes,Other,3000.0,4500.0,3500.0,Rs./Quintal,Local
APMC Satara ,2.1,Metric Tonnes,Other,3000.0,4000.0,3500.0,Rs./Quintal,Local
APMC Solapur ,2.5,Metric Tonnes,Other,1000.0,4000.0,2100.0,Rs./Quintal,Local
APMC Vadgaonpeth ,2.1,Metric Tonnes,Other,1700.0,2500.0,2000.0,Rs./Quintal,Local
Amrawati(Frui & Veg. Market) ,5.9,Metric Tonnes,Other,2200.0,2800.0,2500.0,Rs./Quintal,Local
Khed(Chakan) ,17.0,Metric Tonnes,Other,1500.0,2500.0,2000.0,Rs./Quintal,Local
Pune(Khadiki) ,0.4,Metric Tonnes,Other,1300.0,1600.0,1450.0,Rs./Quintal,Local
Pune(Manjri) ,0.6,Metric Tonnes,Other,2000.0,4000.0,3000.0,Rs./Quintal,Local
Pune(Moshi) ,7.6,Metric Tonnes,Other,2000.0,2500.0,2250.0,Rs./Quintal,Local
Total,318.9,Metric Tonnes,,,,2260.9,Rs./Quintal,
State/UT Name : Meghalaya
Jowai APMC,0.5,Metric Tonnes,New Kuroda,9000.0,10000.0,9500.0,Rs./Quintal,Local
Shillong APMC,2.3,Metric Tonnes,New Kuroda,6000.0,8000.0,7000.0,Rs./Quintal,FAQ
Total,2.8,Metric Tonnes,,,,7446.43,Rs./Quintal,
State/UT Name : NCT of Delhi
APMC Azadpur,86.8,Metric Tonnes,Carrot,2000.0,3500.0,2600.0,Rs./Quintal,FAQ
APMC Keshopur,3.25,Metric Tonnes,Other,2500.0,4500.0,3500.0,Rs./Quintal,FAQ
Total,90.05,Metric Tonnes,,,,2632.48,Rs./Quintal,
State/UT Name : Nagaland
Kohima APMC,0.1,Metric Tonnes,Carrot,8000.0,8000.0,8000.0,Rs./Quintal,Local
Total,0.1,Metric Tonnes,,,,8000.0,Rs./Quintal,
State/UT Name : Odisha
Dhenkanal APMC,0.1,Metric Tonnes,Carrot,3800.0,4200.0,4000.0,Rs./Quintal,Grade B
Gunpur APMC,2.0,Metric Tonnes,Carrot,7040.0,7800.0,7240.0,Rs./Quintal,Medium
Karanjia APMC,0.025,Metric Tonnes,Carrot,3800.0,4500.0,4000.0,Rs./Quintal,Local
Khariar APMC,0.2,Metric Tonnes,Carrot,6000.0,6000.0,6000.0,Rs./Quintal,Grade A
Rayagada APMC,12.0,Metric Tonnes,Other,2900.0,3000.0,3000.0,Rs./Quintal,Local
Talcher APMC,0.15000000000000002,Metric Tonnes,Other,3400.0,3850.0,3600.0,Rs./Quintal,Grade C
Total,14.47,Metric Tonnes,,,,3642.14,Rs./Quintal,
State/UT Name : Punjab
Adampur APMC,0.1,Metric Tonnes,Carrot,1800.0,2000.0,2000.0,Rs./Quintal,FAQ
Bathinda APMC,25.0,Metric Tonnes,Other,2500.0,2700.0,2600.0,Rs./Quintal,Grade B
Bhawanigarh APMC,0.1,Metric Tonnes,Other,2600.0,3000.0,2800.0,Rs./Quintal,Large
Dasuya APMC,0.1,Metric Tonnes,Carrot,3000.0,3000.0,3000.0,Rs./Quintal,FAQ
Dinanagar APMC,0.85,Metric Tonnes,Other,2800.0,3000.0,2900.0,Rs./Quintal,Medium
Doraha APMC,0.03,Metric Tonnes,Carrot,2000.0,2000.0,2000.0,Rs./Quintal,Local
Jagraon APMC,0.2,Metric Tonnes,Other,800.0,800.0,800.0,Rs./Quintal,FAQ
Jalandhar City(Jalandhar) APMC,5.800000000000001,Metric Tonnes,Other,1200.0,1600.0,1400.0,Rs./Quintal,FAQ
Ludhiana APMC,6.5,Metric Tonnes,Other,800.0,1400.0,1100.0,Rs./Quintal,FAQ
Malerkotla APMC,1.8,Metric Tonnes,Other,1500.0,2500.0,2000.0,Rs./Quintal,Local
Mansa APMC,0.2,Metric Tonnes,Carrot,2300.0,2300.0,2300.0,Rs./Quintal,FAQ
Moga APMC,0.30000000000000004,Metric Tonnes,Carrot,1500.0,2000.0,1800.0,Rs./Quintal,Medium
Naushera Pannuan APMC,0.06,Metric Tonnes,Other,2000.0,2000.0,2000.0,Rs./Quintal,Local
Nawan Shahar(Subzi Mandi) APMC,0.1,Metric Tonnes,Carrot,3000.0,3500.0,3300.0,Rs./Quintal,FAQ
Patiala APMC,1.9000000000000001,Metric Tonnes,Carrot,1500.0,2000.0,1700.0,Rs./Quintal,Grade B
Patran APMC,4.0,Metric Tonnes,Other,2290.0,2290.0,2290.0,Rs./Quintal,Grade A
Patti APMC,0.1,Metric Tonnes,Other,500.0,500.0,500.0,Rs./Quintal,Local
Phagwara APMC,0.1,Metric Tonnes,Other,2200.0,2300.0,2200.0,Rs./Quintal,FAQ
Samana APMC,20.0,Metric Tonnes,Other,2000.0,2600.0,2100.0,Rs./Quintal,Grade Range-2
Sangrur APMC,0.6000000000000001,Metric Tonnes,Carrot,1200.0,2200.0,1600.0,Rs./Quintal,Grade B
Sirhind APMC,0.2,Metric Tonnes,Other,2300.0,2800.0,2500.0,Rs./Quintal,FAQ
Total,68.04,Metric Tonnes,,,,2129.7,Rs./Quintal,
State/UT Name : Rajasthan
Bikaner (F&V) APMC,0.5,Metric Tonnes,Other,1400.0,1400.0,1400.0,Rs./Quintal,Medium
Jaipur (F&V) APMC,12.4,Metric Tonnes,Carrot,2500.0,2600.0,2550.0,Rs./Quintal,FAQ
Sriganganagar (F&V) APMC,1.5,Metric Tonnes,Carrot,2800.0,3200.0,3000.0,Rs./Quintal,Grade A
Udaipur (F&V) APMC,0.5,Metric Tonnes,Other,2500.0,2500.0,2500.0,Rs./Quintal,Medium
Total,14.9,Metric Tonnes,,,,2555.03,Rs./Quintal,
State/UT Name : Tamil Nadu
AJattihalli(Uzhavar Sandhai ),0.12,Metric Tonnes,Pusakesar,6600.0,6600.0,6600.0,Rs./Quintal,Local
Ammapet(Uzhavar Sandhai ),0.15,Metric Tonnes,Pusakesar,6500.0,7000.0,6750.0,Rs./Quintal,Local
Anaiyur(Uzhavar Sandhai ),0.1,Metric Tonnes,Pusakesar,4000.0,5000.0,4500.0,Rs./Quintal,Local
Andipatti(Uzhavar Sandhai ),0.15,Metric Tonnes,Pusakesar,5000.0,5400.0,5200.0,Rs./Quintal,Local
Anna nagar(Uzhavar Sandhai ),0.54,Metric Tonnes,Pusakesar,7000.0,7000.0,7000.0,Rs./Quintal,Local
Arani(Uzhavar Sandhai ),0.2,Metric Tonnes,Pusakesar,4000.0,4800.0,4400.0,Rs./Quintal,Local
Arcot(Uzhavar Sandhai ),0.27,Metric Tonnes,Pusakesar,6000.0,6000.0,6000.0,Rs./Quintal,Local
Ariyalur(Uzhavar Sandhai),0.03,Metric Tonnes,Pusakesar,7000.0,8000.0,7500.0,Rs./Quintal,Local
Aruppukottai(Uzhavar Sandhai ),0.13,Metric Tonnes,Pusakesar,7500.0,8000.0,7750.0,Rs./Quintal,Local
Athur(Uzhavar Sandhai ),0.28,Metric Tonnes,Pusakesar,6500.0,7000.0,6750.0,Rs./Quintal,Local
Avallapalli(Uzhavar Sandhai ),0.28,Metric Tonnes,Pusakesar,5500.0,6000.0,5750.0,Rs./Quintal,Local
Chengalpet(Uzhavar Sandhai ),0.08,Metric Tonnes,Pusakesar,9000.0,10000.0,9500.0,Rs./Quintal,Local
Chengam(Uzhavar Sandhai ),0.18,Metric Tonnes,Pusakesar,6000.0,7200.0,6600.0,Rs./Quintal,Local
Cheyyar(Uzhavar Sandhai ),0.1,Metric Tonnes,Pusakesar,5000.0,6000.0,5500.0,Rs./Quintal,Local
Chinnalapatti(Uzhavar Sandhai ),0.07,Metric Tonnes,Pusakesar,7000.0,8000.0,7500.0,Rs./Quintal,Local
Chinnamanur(Uzhavar Sandhai ),0.23,Metric Tonnes,Pusakesar,5400.0,5400.0,5400.0,Rs./Quintal,Local
Chokkikulam(Uzhavar Sandhai ),0.72,Metric Tonnes,Pusakesar,4000.0,5500.0,4750.0,Rs./Quintal,Local
Coonoor(Uzhavar Sandhai ),0.25,Metric Tonnes,Pusakesar,4500.0,5000.0,4750.0,Rs./Quintal,Local
Cuddalore(Uzhavar Sandhai ),0.2,Metric Tonnes,Pusakesar,5500.0,5500.0,5500.0,Rs./Quintal,Local
Denkanikottai(Uzhavar Sandhai ),0.26,Metric Tonnes,Pusakesar,5500.0,8000.0,6750.0,Rs./Quintal,Local
Devakottai (Uzhavar Sandhai ),0.13,Metric Tonnes,Pusakesar,4200.0,6200.0,5200.0,Rs./Quintal,Local
Dharapuram(Uzhavar Sandhai ),0.6,Metric Tonnes,Pusakesar,6500.0,6500.0,6500.0,Rs./Quintal,Local
Dharmapuri(Uzhavar Sandhai ),0.25,Metric Tonnes,Pusakesar,6200.0,6600.0,6400.0,Rs./Quintal,Local
Dindigul(Uzhavar Sandhai ),0.42,Metric Tonnes,Pusakesar,7000.0,8000.0,7500.0,Rs./Quintal,Local
Edapadi (Uzhavar Sandhai ),0.16,Metric Tonnes,Pusakesar,6800.0,7000.0,6900.0,Rs./Quintal,Local
Elampillai(Uzhavar Sandhai ),0.15,Metric Tonnes,Pusakesar,6000.0,7000.0,6500.0,Rs./Quintal,Local
Gandhigramam(Uzhavar Sandhai),0.15,Metric Tonnes,Pusakesar,6000.0,7000.0,6500.0,Rs./Quintal,Local
Gingee(Uzhavar Sandhai ),0.05,Metric Tonnes,Pusakesar,6000.0,6000.0,6000.0,Rs./Quintal,Local
Gobichettipalayam(Uzhavar Sandhai ),0.13,Metric Tonnes,Pusakesar,6800.0,7000.0,6900.0,Rs./Quintal,Local
Gudalur(Uzhavar Sandhai ),0.04,Metric Tonnes,Pusakesar,4500.0,5000.0,4750.0,Rs./Quintal,Local
Harur(Uzhavar Sandhai ),0.12,Metric Tonnes,Pusakesar,7000.0,7500.0,7250.0,Rs./Quintal,Local
Hasthampatti(Uzhavar Sandhai ),0.18,Metric Tonnes,Pusakesar,6500.0,7000.0,6750.0,Rs./Quintal,Local
Hosur(Uzhavar Sandhai ),3.79,Metric Tonnes,Pusakesar,5000.0,6000.0,5500.0,Rs./Quintal,Local
Jalagandapuram(Uzhavar Sandhai ),0.04,Metric Tonnes,Pusakesar,6400.0,7000.0,6700.0,Rs./Quintal,Local
Jameenrayapettai(Uzhavar Sandhai ),0.11,Metric Tonnes,Pusakesar,7000.0,8000.0,7500.0,Rs./Quintal,Local
KKNagar(Uzhavar Sandhai ),0.45,Metric Tonnes,Pusakesar,6600.0,6600.0,6600.0,Rs./Quintal,Local
Kahithapattarai(Uzhavar Sandhai ),0.08,Metric Tonnes,Pusakesar,4600.0,4600.0,4600.0,Rs./Quintal,Local
Kallakurichi(Uzhavar Sandhai ),0.05,Metric Tonnes,Pusakesar,8000.0,9000.0,8500.0,Rs./Quintal,Local
Kambam(Uzhavar Sandhai ),0.8,Metric Tonnes,Pusakesar,5000.0,5000.0,5000.0,Rs./Quintal,Local
Karaikudi(Uzhavar Sandhai ),0.1,Metric Tonnes,Pusakesar,5500.0,6000.0,5750.0,Rs./Quintal,Local
Karimangalam(Uzhavar Sandhai),0.1,Metric Tonnes,Pusakesar,7000.0,8000.0,7500.0,Rs./Quintal,Local
Kariyapatti(Uzhavar Sandhai ),0.07,Metric Tonnes,Pusakesar,7500.0,8000.0,7750.0,Rs./Quintal,Local
Karur(Uzhavar Sandhai ),0.33,Metric Tonnes,Pusakesar,6500.0,7000.0,6750.0,Rs./Quintal,Local
Katpadi (Uzhavar Sandhai ),0.3,Metric Tonnes,Pusakesar,4500.0,4500.0,4500.0,Rs./Quintal,Local
Kaveripattinam(Uzhavar Sandhai ),0.03,Metric Tonnes,Pusakesar,8000.0,8000.0,8000.0,Rs./Quintal,Local
Kovilpatti(Uzhavar Sandhai ),0.11,Metric Tonnes,Pusakesar,6000.0,6500.0,6250.0,Rs./Quintal,Local
Krishnagiri(Uzhavar Sandhai ),0.27,Metric Tonnes,Pusakesar,7000.0,8000.0,7500.0,Rs./Quintal,Local
Kulithalai(Uzhavar Sandhai ),0.22,Metric Tonnes,Pusakesar,7000.0,8000.0,7500.0,Rs./Quintal,Local
Kumarapalayam(Uzhavar Sandhai ),0.02,Metric Tonnes,Pusakesar,7500.0,8000.0,7750.0,Rs./Quintal,Local
Kumbakonam (Uzhavar Sandhai ),0.18,Metric Tonnes,Pusakesar,6000.0,8400.0,7200.0,Rs./Quintal,Local
Kundrathur(Uzhavar Sandhai ),0.04,Metric Tonnes,Pusakesar,5000.0,5500.0,5250.0,Rs./Quintal,Local
Lalgudi(Uzhavar Sandhai ),0.14,Metric Tonnes,Pusakesar,7000.0,7000.0,7000.0,Rs./Quintal,Local
Manachanallur(Uzhavar Sandhai ),0.08,Metric Tonnes,Pusakesar,6400.0,7000.0,6700.0,Rs./Quintal,Local
Manapparai(Uzhavar Sandhai ),0.05,Metric Tonnes,Pusakesar,7000.0,7000.0,7000.0,Rs./Quintal,Local
Mannargudi I(Uzhavar Sandhai ),0.48,Metric Tonnes,Pusakesar,5400.0,5400.0,5400.0,Rs./Quintal,Local
Mannargudi II(Uzhavar Sandhai ),0.13,Metric Tonnes,Pusakesar,5400.0,5400.0,5400.0,Rs./Quintal,Local
Mayiladuthurai(Uzhavar Sandhai ),0.01,Metric Tonnes,Pusakesar,8000.0,9000.0,8500.0,Rs./Quintal,Local
Melapalayam(Uzhavar Sandhai ),0.36,Metric Tonnes,Pusakesar,3000.0,5600.0,4300.0,Rs./Quintal,Local
Mettupalayam(Uzhavar Sandhai ),0.46,Metric Tonnes,Pusakesar,5000.0,5800.0,5400.0,Rs./Quintal,Local
Mettur(Uzhavar Sandhai ),0.11,Metric Tonnes,Pusakesar,7000.0,7500.0,7250.0,Rs./Quintal,Local
Mohanur(Uzhavar Sandhai ),0.05,Metric Tonnes,Pusakesar,7400.0,8000.0,7700.0,Rs./Quintal,Local
Musiri(Uzhavar Sandhai ),0.31,Metric Tonnes,Pusakesar,6000.0,7000.0,6500.0,Rs./Quintal,Local
Myladi(Uzhavar Sandhai ),0.02,Metric Tonnes,Pusakesar,6000.0,7000.0,6500.0,Rs./Quintal,Local
NGO Colony(Uzhavar Sandhai ),0.26,Metric Tonnes,Pusakesar,4500.0,5600.0,5050.0,Rs./Quintal,Local
Nagapattinam(Uzhavar Sandhai ),0.05,Metric Tonnes,Pusakesar,7900.0,8800.0,8350.0,Rs./Quintal,Local
Namakkal(Uzhavar Sandhai ),0.36,Metric Tonnes,Pusakesar,6000.0,6500.0,6250.0,Rs./Quintal,Local
Nanganallur(Uzhavar Sandhai ),0.08,Metric Tonnes,Pusakesar,6500.0,7000.0,6750.0,Rs./Quintal,Local
Natrampalli(Uzhavar Sandhai ),0.35,Metric Tonnes,Pusakesar,5000.0,6000.0,5500.0,Rs./Quintal,Local
Padappai(Uzhavar Sandhai ),0.06,Metric Tonnes,Pusakesar,6000.0,8000.0,7000.0,Rs./Quintal,Local
Palacode(Uzhavar Sandhai ),0.18,Metric Tonnes,Pusakesar,6000.0,6500.0,6250.0,Rs./Quintal,Local
Palanganatham(Uzhavar Sandhai ),0.5,Metric Tonnes,Pusakesar,4000.0,5500.0,4750.0,Rs./Quintal,Local
Palani(Uzhavar Sandhai ),0.54,Metric Tonnes,Pusakesar,5000.0,6800.0,5900.0,Rs./Quintal,Local
Palayamkottai(Uzhavar Sandhai ),0.85,Metric Tonnes,Pusakesar,3400.0,5600.0,4500.0,Rs./Quintal,Local
Palladam(Uzhavar Sandhai ),0.11,Metric Tonnes,Pusakesar,5000.0,6000.0,5500.0,Rs./Quintal,Local
Pallavaram(Uzhavar Sandhai ),0.14,Metric Tonnes,Pusakesar,7000.0,8000.0,7500.0,Rs./Quintal,Local
Pallikonda(Uzhavar Sandhai),0.05,Metric Tonnes,Pusakesar,4500.0,4500.0,4500.0,Rs./Quintal,Local
Papanasam(Uzhavar Sandhai ),0.04,Metric Tonnes,Pusakesar,6000.0,8400.0,7200.0,Rs./Quintal,Local
Paramakudi(Uzhavar Sandhai ),0.16,Metric Tonnes,Pusakesar,7000.0,8000.0,7500.0,Rs./Quintal,Local
Paramathivelur(Uzhavar Sandhai ),0.06,Metric Tonnes,Pusakesar,8000.0,9000.0,8500.0,Rs./Quintal,Local
Paruthipattu(Uzhavar Sandhai ),0.06,Metric Tonnes,Pusakesar,6000.0,6000.0,6000.0,Rs./Quintal,Local
Pattukottai(Uzhavar Sandhai ),0.1,Metric Tonnes,Pusakesar,7400.0,7400.0,7400.0,Rs./Quintal,Local
Pennagaram(Uzhavar Sandhai ),0.1,Metric Tonnes,Pusakesar,7500.0,8000.0,7750.0,Rs./Quintal,Local
Perambalur(Uzhavar Sandhai ),0.12,Metric Tonnes,Pusakesar,6800.0,6800.0,6800.0,Rs./Quintal,Local
Perampet(Uzhavar Sandhai),0.02,Metric Tonnes,Pusakesar,6000.0,6600.0,6300.0,Rs./Quintal,Local
Peravurani(Uzhavar Sandhai),0.01,Metric Tonnes,Pusakesar,9000.0,9000.0,9000.0,Rs./Quintal,Local
Periyakulam(Uzhavar Sandhai ),0.18,Metric Tonnes,Pusakesar,5000.0,5400.0,5200.0,Rs./Quintal,Local
Perundurai(Uzhavar Sandhai ),0.02,Metric Tonnes,Pusakesar,6500.0,6800.0,6650.0,Rs./Quintal,Local
Pollachi(Uzhavar Sandhai ),0.12,Metric Tonnes,Pusakesar,6000.0,6500.0,6250.0,Rs./Quintal,Local
Polur(Uzhavar Sandhai ),0.17,Metric Tonnes,Pusakesar,6000.0,7200.0,6600.0,Rs./Quintal,Local
Pudukottai(Uzhavar Sandhai ),0.16,Metric Tonnes,Pusakesar,6500.0,7000.0,6750.0,Rs./Quintal,Local
RSPuram(Uzhavar Sandhai ),2.37,Metric Tonnes,Pusakesar,4800.0,5400.0,5100.0,Rs./Quintal,Local
Rajapalayam(Uzhavar Sandhai ),0.22,Metric Tonnes,Pusakesar,4000.0,4500.0,4250.0,Rs./Quintal,Local
Ramanathapuram(Uzhavar Sandhai ),0.08,Metric Tonnes,Pusakesar,8000.0,8500.0,8250.0,Rs./Quintal,Local
Ranipettai(Uzhavar Sandhai ),0.05,Metric Tonnes,Pusakesar,5500.0,5500.0,5500.0,Rs./Quintal,Local
Rasipuram(Uzhavar Sandhai ),0.09,Metric Tonnes,Pusakesar,7000.0,8000.0,7500.0,Rs./Quintal,Local
Sampath Nagar(Uzhavar Sandhai ),0.14,Metric Tonnes,Pusakesar,5600.0,6000.0,5800.0,Rs./Quintal,Local
Sankarapuram(Uzhavar Sandhai ),0.14,Metric Tonnes,Pusakesar,8000.0,8000.0,8000.0,Rs./Quintal,Local
Sathiyamagalam(Uzhavar Sandhai ),0.18,Metric Tonnes,Pusakesar,6500.0,7000.0,6750.0,Rs./Quintal,Local
Sathur(Uzhavar Sandhai ),0.02,Metric Tonnes,Pusakesar,4500.0,5000.0,4750.0,Rs./Quintal,Local
Singampunari(Uzhavar Sandhai ),0.05,Metric Tonnes,Pusakesar,4400.0,5600.0,5000.0,Rs./Quintal,Local
Singanallur(Uzhavar Sandhai ),0.85,Metric Tonnes,Pusakesar,5500.0,6200.0,5850.0,Rs./Quintal,Local
Sirkali(Uzhavar Sandhai ),0.04,Metric Tonnes,Pusakesar,8000.0,8000.0,8000.0,Rs./Quintal,Local
Sivagangai (Uzhavar Sandhai ),0.24,Metric Tonnes,Pusakesar,4200.0,5600.0,4900.0,Rs./Quintal,Local
Sivakasi(Uzhavar Sandhai ),0.02,Metric Tonnes,Pusakesar,3500.0,4000.0,3750.0,Rs./Quintal,Local
Sooramangalam(Uzhavar Sandhai ),0.39,Metric Tonnes,Pusakesar,6400.0,7000.0,6700.0,Rs./Quintal,Local
Srivilliputhur(Uzhavar Sandhai ),0.07,Metric Tonnes,Pusakesar,4500.0,5000.0,4750.0,Rs./Quintal,Local
Sulur(Uzhavar Sandhai ),0.27,Metric Tonnes,Pusakesar,5500.0,6200.0,5850.0,Rs./Quintal,Local
Sundarapuram(Uzhavar Sandhai ),0.22,Metric Tonnes,Pusakesar,5000.0,6000.0,5500.0,Rs./Quintal,Local
Sunguvarchatram(Uzhavar Sandhai ),0.04,Metric Tonnes,Pusakesar,5000.0,5500.0,5250.0,Rs./Quintal,Local
Thalavadi(Uzhavar Sandhai ),0.08,Metric Tonnes,Pusakesar,7000.0,7600.0,7300.0,Rs./Quintal,Local
Thalavaipuram(Uzhavar Sandhai ),0.04,Metric Tonnes,Pusakesar,4000.0,4500.0,4250.0,Rs./Quintal,Local
Thammampatti (Uzhavar Sandhai ),0.14,Metric Tonnes,Pusakesar,7000.0,7500.0,7250.0,Rs./Quintal,Local
Thanjavur(Uzhavar Sandhai ),0.16,Metric Tonnes,Pusakesar,6400.0,6400.0,6400.0,Rs./Quintal,Local
Thathakapatti(Uzhavar Sandhai ),0.24,Metric Tonnes,Pusakesar,6500.0,7000.0,6750.0,Rs./Quintal,Local
Theni(Uzhavar Sandhai ),0.75,Metric Tonnes,Pusakesar,5400.0,5400.0,5400.0,Rs./Quintal,Local
Thirupathur APMC,0.25,Metric Tonnes,Pusakesar,7000.0,7000.0,7000.0,Rs./Quintal,Local
Thiruverumbur(Uzhavar Sandhai ),0.13,Metric Tonnes,Pusakesar,8000.0,8000.0,8000.0,Rs./Quintal,Local
Thuraiyur APMC,0.15,Metric Tonnes,Pusakesar,5600.0,6600.0,6100.0,Rs./Quintal,Local
Tindivanam APMC,0.06,Metric Tonnes,Pusakesar,6000.0,6000.0,6000.0,Rs./Quintal,Local
Tiruchengode APMC,0.28,Metric Tonnes,Pusakesar,6200.0,7000.0,6600.0,Rs./Quintal,Local
Tirukattupalli(Uzhavar Sandhai ),0.1,Metric Tonnes,Pusakesar,6400.0,6400.0,6400.0,Rs./Quintal,Local
Tirupatthur(Uzhavar Sandhai ),0.13,Metric Tonnes,Pusakesar,4400.0,6500.0,5450.0,Rs./Quintal,Local
Tiruppur (North) (Uzhavar Sandhai ),0.08,Metric Tonnes,Pusakesar,6000.0,7000.0,6500.0,Rs./Quintal,Local
Tiruppur (South) (Uzhavar Sandhai ),0.5,Metric Tonnes,Pusakesar,5500.0,6000.0,5750.0,Rs./Quintal,Local
Tiruthani(Uzhavar Sandhai ),0.05,Metric Tonnes,Pusakesar,6000.0,9000.0,7500.0,Rs./Quintal,Local
Tiruvannamalai(Uzhavar Sandhai ),0.28,Metric Tonnes,Pusakesar,5000.0,6000.0,5500.0,Rs./Quintal,Local
Tuticorin(Uzhavar Sandhai ),0.27,Metric Tonnes,Pusakesar,8000.0,9000.0,8500.0,Rs./Quintal,Local
Udhagamandalam(Uzhavar Sandhai ),0.45,Metric Tonnes,Pusakesar,5000.0,5500.0,5250.0,Rs./Quintal,Local
Udumalpet APMC,0.26,Metric Tonnes,Pusakesar,6500.0,7500.0,7000.0,Rs./Quintal,Local
Vadalur(Uzhavar Sandhai ),0.05,Metric Tonnes,Pusakesar,6000.0,6000.0,6000.0,Rs./Quintal,Local
Vadaseri APMC,0.18,Metric Tonnes,Pusakesar,6500.0,7000.0,6750.0,Rs./Quintal,Local
Vadavalli(Uzhavar Sandhai ),0.58,Metric Tonnes,Pusakesar,5000.0,5500.0,5250.0,Rs./Quintal,Local
Vandavasi(Uzhavar Sandhai ),0.03,Metric Tonnes,Pusakesar,4000.0,4800.0,4400.0,Rs./Quintal,Local
Vaniyampadi(Uzhavar Sandhai ),0.63,Metric Tonnes,Pusakesar,7000.0,7000.0,7000.0,Rs./Quintal,Local
Vazhapadi(Uzhavar Sandhai),0.02,Metric Tonnes,Pusakesar,6000.0,6500.0,6250.0,Rs./Quintal,Local
Vellore APMC,0.3,Metric Tonnes,Pusakesar,4000.0,4500.0,4250.0,Rs./Quintal,Local
Virudhunagar(Uzhavar Sandhai ),0.02,Metric Tonnes,Pusakesar,7400.0,8000.0,7700.0,Rs./Quintal,Local
Viruthachalam(Uzhavar Sandhai ),0.02,Metric Tonnes,Pusakesar,8000.0,8000.0,8000.0,Rs./Quintal,Local
Total,32.57,Metric Tonnes,,,,5918.44,Rs./Quintal,
State/UT Name : Telangana
"Alwal,RBZ",1.2000000000000002,Metric Tonnes,Other,4500.0,4500.0,4500.0,Rs./Quintal,FAQ
Bowenpally APMC,737.7,Metric Tonnes,Carrot,800.0,4000.0,3000.0,Rs./Quintal,FAQ
"Excise Colony,RBZ ",0.14,Metric Tonnes,Other,6000.0,6000.0,6000.0,Rs./Quintal,Grade A
Gudimalkapur APMC,24.5,Metric Tonnes,Carrot,2000.0,3000.0,2400.0,Rs./Quintal,Grade B
Karimnagar APMC,0.4,Metric Tonnes,Carrot,1750.0,1750.0,1750.0,Rs./Quintal,Medium
"Kukatpally,RBZ",4.8,Metric Tonnes,Carrot,4500.0,4500.0,4500.0,Rs./Quintal,Local
L B Nagar APMC,5.1000000000000005,Metric Tonnes,Carrot,3500.0,4500.0,4000.0,Rs./Quintal,Medium
Mahboob Manison APMC,1.0,Metric Tonnes,Carrot,4000.0,6000.0,5000.0,Rs./Quintal,Medium
Miryalguda(Rythu Bazar) ,0.1,Metric Tonnes,Carrot,4000.0,4000.0,4000.0,Rs./Quintal,Grade A
RYTHU BAZAR ERRAGADDA,9.0,Metric Tonnes,Carrot,4500.0,4500.0,4500.0,Rs./Quintal,Grade A
"Saroornagar,RBZ",3.0,Metric Tonnes,Other,4500.0,4500.0,4500.0,Rs./Quintal,Medium
Siddipet(Rythu Bazar) ,1.4000000000000001,Metric Tonnes,Carrot,4400.0,5200.0,4800.0,Rs./Quintal,Grade A
"Vanasthalipuram,RBZ ",1.2,Metric Tonnes,Carrot,4500.0,4500.0,4500.0,Rs./Quintal,Grade A
Venkateswarnagar APMC,0.2,Metric Tonnes,Carrot,1500.0,1800.0,1600.0,Rs./Quintal,Grade A
Warangal APMC,3.9000000000000004,Metric Tonnes,Carrot,3500.0,4000.0,3750.0,Rs./Quintal,FAQ
Total,793.64,Metric Tonnes,,,,3033.25,Rs./Quintal,
State/UT Name : Uttar Pradesh
Maigalganj APMC,0.5,Metric Tonnes,Carrot,1280.0,1310.0,1295.0,Rs./Quintal,FAQ
Total,0.5,Metric Tonnes,,,,1295.0,Rs./Quintal,
State/UT Name : West Bengal
Gangarampur(Dakshin Dinajpur) APMC,0.1,Metric Tonnes,Other,3500.0,4000.0,3800.0,Rs./Quintal,FAQ
Ghatal APMC,2.1,Metric Tonnes,Carrot,3500.0,3700.0,3600.0,Rs./Quintal,FAQ
Jhargram APMC,0.25,Metric Tonnes,Other,2600.0,3000.0,2800.0,Rs./Quintal,FAQ
Karsiyang(Matigara) APMC,0.3,Metric Tonnes,Other,3200.0,3400.0,3300.0,Rs./Quintal,FAQ
Raiganj APMC,2.0,Metric Tonnes,Carrot,3800.0,4200.0,4000.0,Rs./Quintal,FAQ
Sealdah Koley Market APMC,11.600000000000001,Metric Tonnes,Other,3500.0,4500.0,4000.0,Rs./Quintal,FAQ
Total,16.35,Metric Tonnes,,,,3916.21,Rs./Quintal,
Grand Total,2527.83,Metric Tonnes,,,,4739.07,Rs./Quintal,
Onion
State/UT Name : Andhra Pradesh
Kurnool APMC,68.6,Metric Tonnes,Local,2393.0,4139.0,3839.0,Rs./Quintal,FAQ
Yerraguntla APMC,0.1,Metric Tonnes,Local,2600.0,3000.0,2800.0,Rs./Quintal,FAQ
Total,68.7,Metric Tonnes,,,,3837.49,Rs./Quintal,
State/UT Name : Assam
Pamohi(Garchuk) APMC,30.0,Metric Tonnes,Onion,5400.0,6000.0,5600.0,Rs./Quintal,FAQ
Pamohi(Garchuk) APMC,45.0,Metric Tonnes,Local,5200.0,5800.0,5400.0,Rs./Quintal,FAQ
Tinsukia Market,8.0,Metric Tonnes,Onion,4000.0,5000.0,4500.0,Rs./Quintal,FAQ
Uparhali Pmy APMC,3.0,Metric Tonnes,Onion,5000.0,5200.0,5000.0,Rs./Quintal,FAQ
Total,86.0,Metric Tonnes,,,,5372.09,Rs./Quintal,
State/UT Name : Bihar
Balliah APMC,2.5,Metric Tonnes,1st Sort,4600.0,4800.0,4700.0,Rs./Quintal,Grade B
Balliah APMC,2.5,Metric Tonnes,1st Sort,4600.0,4800.0,4700.0,Rs./Quintal,Grade A
Balliah APMC,2.0,Metric Tonnes,1st Sort,4600.0,4800.0,4700.0,Rs./Quintal,Grade C
Bhagwanpur Mandi APMC,6.0,Metric Tonnes,Medium,4400.0,4400.0,4400.0,Rs./Quintal,Grade A
Bhagwanpur Mandi APMC,7.0,Metric Tonnes,1st Sort,4300.0,4300.0,4300.0,Rs./Quintal,Grade A
Bhagwanpur Mandi APMC,5.0,Metric Tonnes,Medium,4400.0,4400.0,4400.0,Rs./Quintal,Grade C
Buxur APMC,3.0,Metric Tonnes,1st Sort,4125.0,4165.0,4152.0,Rs./Quintal,Local
Chhapra APMC,110.0,Metric Tonnes,Other,3500.0,4200.0,4000.0,Rs./Quintal,Grade A
Khagaria APMC,1.0,Metric Tonnes,Red,3360.0,3500.0,3450.0,Rs./Quintal,Grade A
Madhuban APMC,100.0,Metric Tonnes,1st Sort,4000.0,4400.0,4200.0,Rs./Quintal,FAQ
Madhubani APMC,30.0,Metric Tonnes,Nasik,4500.0,4700.0,4600.0,Rs./Quintal,FAQ
Maharjganj APMC,4.0,Metric Tonnes,1st Sort,4500.0,4500.0,4500.0,Rs./Quintal,FAQ
Raxaul APMC,3.0,Metric Tonnes,1st Sort,4200.0,4400.0,4300.0,Rs./Quintal,Grade A
Total,276.0,Metric Tonnes,,,,4189.15,Rs./Quintal,
State/UT Name : Chandigarh
Chandigarh (Grain/F&V) APMC,198.24,Metric Tonnes,Onion,2500.0,4500.0,4000.0,Rs./Quintal,FAQ
Total,198.24,Metric Tonnes,,,,4000.0,Rs./Quintal,
State/UT Name : Chattisgarh
Durg APMC,6.4,Metric Tonnes,Onion,2600.0,2800.0,2800.0,Rs./Quintal,Medium
Rajnandgaon APMC,28.5,Metric Tonnes,Onion,4600.0,5000.0,4800.0,Rs./Quintal,Grade B
Total,34.9,Metric Tonnes,,,,4433.24,Rs./Quintal,
State/UT Name : Goa
Mapusa APMC,1.2,Metric Tonnes,Onion,2000.0,2500.0,2400.0,Rs./Quintal,FAQ
Total,1.2,Metric Tonnes,,,,2400.0,Rs./Quintal,
State/UT Name : Gujarat
Ahmedabad(Chimanbhai Patal Market Vasana) APMC,509.20000000000005,Metric Tonnes,Nasik,4000.0,5000.0,4750.0,Rs./Quintal,FAQ
Ahmedabad(Chimanbhai Patal Market Vasana) APMC,86.0,Metric Tonnes,Other,3500.0,4400.0,4250.0,Rs./Quintal,FAQ
Ahmedabad(Chimanbhai Patal Market Vasana) APMC,12.9,Metric Tonnes,Local,3000.0,3800.0,3650.0,Rs./Quintal,FAQ
"Anand(Veg,Yard,Anand) APMC",11.100000000000001,Metric Tonnes,Onion,3000.0,4000.0,3500.0,Rs./Quintal,Grade B
Bharuch APMC,24.5,Metric Tonnes,Other,1700.0,3200.0,2000.0,Rs./Quintal,Local
Bhuj APMC,15.200000000000001,Metric Tonnes,Other,3500.0,4000.0,3750.0,Rs./Quintal,FAQ
Bilimora APMC,1.4000000000000001,Metric Tonnes,Nasik,3000.0,5000.0,4500.0,Rs./Quintal,FAQ
Dahod(Veg. Market) APMC,1.0,Metric Tonnes,Onion,3500.0,5000.0,4000.0,Rs./Quintal,Local
Deesa(Deesa Veg Yard) APMC,72.8,Metric Tonnes,Other,3000.0,4000.0,3500.0,Rs./Quintal,FAQ
Gondal APMC,467.5,Metric Tonnes,Red,905.0,4655.0,3355.0,Rs./Quintal,FAQ
Himatnagar(Veg.Market Himatnagar) APMC,1.2000000000000002,Metric Tonnes,Onion,4000.0,4500.0,4500.0,Rs./Quintal,Local
Jetpur(Dist.Rajkot) APMC,13.100000000000001,Metric Tonnes,Onion,755.0,4505.0,3755.0,Rs./Quintal,FAQ
Kapadvanj APMC,8.0,Metric Tonnes,Onion,3000.0,3500.0,3250.0,Rs./Quintal,Medium
Khambhat(Veg Yard Khambhat) APMC,0.30000000000000004,Metric Tonnes,Other,4000.0,4500.0,4000.0,Rs./Quintal,Local
Mahuva(Station Road) APMC,50.1,Metric Tonnes,White,750.0,3360.0,2055.0,Rs./Quintal,FAQ
Mahuva(Station Road) APMC,172.0,Metric Tonnes,Red,375.0,5000.0,2688.0,Rs./Quintal,FAQ
Mehsana(Mehsana Veg) APMC,28.6,Metric Tonnes,Onion,1750.0,5000.0,3800.0,Rs./Quintal,Local
Nadiyad(Piplag) APMC,14.8,Metric Tonnes,Onion,2000.0,2500.0,2200.0,Rs./Quintal,FAQ
Padra APMC,9.8,Metric Tonnes,Other,2500.0,5000.0,3750.0,Rs./Quintal,FAQ
Porbandar APMC,1.7000000000000002,Metric Tonnes,Other,2000.0,4000.0,3000.0,Rs./Quintal,FAQ
Rajkot(Veg.Sub Yard) APMC,360.0,Metric Tonnes,Onion,1755.0,4255.0,3255.0,Rs./Quintal,FAQ
Surat APMC,241.0,Metric Tonnes,Other,1800.0,5000.0,3400.0,Rs./Quintal,FAQ
Vadodara(Sayajipura) APMC,22.72,Metric Tonnes,Onion,4000.0,5200.0,4650.0,Rs./Quintal,FAQ
Total,2124.92,Metric Tonnes,,,,3640.95,Rs./Quintal,
State/UT Name : Haryana
Ambala City(Subji Mandi) APMC,45.0,Metric Tonnes,Other,3050.0,3050.0,3050.0,Rs./Quintal,Non-FAQ
Bahadurgarh APMC,7.9,Metric Tonnes,Other,3000.0,3300.0,3200.0,Rs./Quintal,FAQ
Barwala APMC,1.0,Metric Tonnes,Onion,4000.0,4000.0,4000.0,Rs./Quintal,FAQ
Barwala(Hisar) APMC,3.0,Metric Tonnes,Onion,4000.0,4500.0,4250.0,Rs./Quintal,Local
Chhachrauli APMC,0.15,Metric Tonnes,Onion,3600.0,3800.0,3600.0,Rs./Quintal,Local
Dabwali APMC,29.0,Metric Tonnes,Onion,2000.0,3500.0,2800.0,Rs./Quintal,FAQ
Dhand APMC,0.6000000000000001,Metric Tonnes,Other,2000.0,3500.0,3300.0,Rs./Quintal,Medium
Farukh Nagar APMC,2.0,Metric Tonnes,Other,4000.0,5000.0,4500.0,Rs./Quintal,Medium
Gharaunda APMC,2.2,Metric Tonnes,Other,4000.0,4000.0,4000.0,Rs./Quintal,Local
Gohana APMC,3.4000000000000004,Metric Tonnes,Other,3000.0,4000.0,3500.0,Rs./Quintal,Medium
Gurgaon APMC,76.0,Metric Tonnes,Other,3000.0,4000.0,3500.0,Rs./Quintal,Grade B
Hansi APMC,6.0,Metric Tonnes,Other,4000.0,5000.0,4500.0,Rs./Quintal,FAQ
Hissar APMC,26.4,Metric Tonnes,Other,2700.0,4000.0,3500.0,Rs./Quintal,Medium
Hodal APMC,4.0,Metric Tonnes,Onion,3500.0,3800.0,3600.0,Rs./Quintal,FAQ
Indri APMC,0.55,Metric Tonnes,Other,4200.0,4200.0,4200.0,Rs./Quintal,FAQ
Jagadhri APMC,3.5180000000000002,Metric Tonnes,Other,2400.0,4200.0,4000.0,Rs./Quintal,FAQ
Jakhal APMC,0.1,Metric Tonnes,Other,4500.0,4500.0,4500.0,Rs./Quintal,Non-FAQ
Jhajjar APMC,4.7,Metric Tonnes,Other,4500.0,4500.0,4500.0,Rs./Quintal,Medium
KALANWALIAPMC,0.6,Metric Tonnes,Other,3500.0,4000.0,4000.0,Rs./Quintal,Local
Kharkhoda APMC,2.6,Metric Tonnes,Other,3000.0,4000.0,3600.0,Rs./Quintal,FAQ
Kosli APMC,0.30000000000000004,Metric Tonnes,Other,2500.0,2500.0,2500.0,Rs./Quintal,FAQ
Ladwa APMC,1.2000000000000002,Metric Tonnes,Other,5500.0,6000.0,6000.0,Rs./Quintal,Non-FAQ
Madlauda APMC,0.30000000000000004,Metric Tonnes,Onion,3400.0,3400.0,3400.0,Rs./Quintal,FAQ
Meham,0.2,Metric Tonnes,Medium,4000.0,4000.0,4000.0,Rs./Quintal,Medium
Naraingarh APMC,3.1500000000000004,Metric Tonnes,Onion,2400.0,3600.0,3300.0,Rs./Quintal,Medium
Narnaul APMC,2.6,Metric Tonnes,Onion,3000.0,4000.0,3800.0,Rs./Quintal,Medium
Narwana APMC,6.9,Metric Tonnes,Onion,3500.0,4500.0,4000.0,Rs./Quintal,Non-FAQ
"New Grain Market , Faridabad APMC",7.6000000000000005,Metric Tonnes,Onion,3200.0,3500.0,3350.0,Rs./Quintal,Non-FAQ
"New Grain Market , Panchkula APMC",0.1,Metric Tonnes,Other,3500.0,3700.0,3600.0,Rs./Quintal,Grade A
Nuh APMC,1.7,Metric Tonnes,Other,2000.0,2200.0,2000.0,Rs./Quintal,Local
Panchkul(Kalka) APMC,0.1,Metric Tonnes,Other,3600.0,3800.0,3700.0,Rs./Quintal,Grade A
Panipat APMC,32.2,Metric Tonnes,Onion,1000.0,3000.0,2000.0,Rs./Quintal,Local
Radaur APMC,0.6000000000000001,Metric Tonnes,Nasik,3500.0,5000.0,4500.0,Rs./Quintal,Medium
Raipur Rani APMC,0.25,Metric Tonnes,Onion,2000.0,2200.0,2000.0,Rs./Quintal,Local
Rania APMC,0.1,Metric Tonnes,Other,0.1,0.13,0.11,Rs./Quintal,Non-FAQ
Rania(Jiwan nagar) APMC,0.1,Metric Tonnes,Other,250.0,400.0,350.0,Rs./Quintal,Non-FAQ
Rewari APMC,7.0,Metric Tonnes,Medium,2500.0,5000.0,4000.0,Rs./Quintal,Medium
Sadhaura APMC,3.5,Metric Tonnes,Onion,2500.0,3000.0,2550.0,Rs./Quintal,Local
Samalkha APMC,1.2000000000000002,Metric Tonnes,Other,4000.0,4000.0,4000.0,Rs./Quintal,FAQ
Shahabad APMC,7.3,Metric Tonnes,Onion,2700.0,4400.0,4050.0,Rs./Quintal,Medium
Sirsa APMC,22.0,Metric Tonnes,Other,3000.0,4300.0,3800.0,Rs./Quintal,FAQ
Siwan APMC,2.5,Metric Tonnes,Other,3800.0,4000.0,3900.0,Rs./Quintal,FAQ
Sonepat APMC,9.0,Metric Tonnes,Onion,3500.0,4000.0,4000.0,Rs./Quintal,FAQ
Tarori APMC,0.9,Metric Tonnes,Nasik,3000.0,4000.0,3500.0,Rs./Quintal,Medium
Thanesar APMC,28.900000000000002,Metric Tonnes,Onion,4000.0,5000.0,4500.0,Rs./Quintal,Medium
Tohana(New Veg Market) APMC,3.5,Metric Tonnes,Onion,4000.0,4200.0,4000.0,Rs./Quintal,FAQ
Uklana APMC,0.2,Metric Tonnes,Onion,3000.0,3500.0,3500.0,Rs./Quintal,Medium
Total,362.12,Metric Tonnes,,,,3439.91,Rs./Quintal,
State/UT Name : Himachal Pradesh
PMY Bilaspur,2.9000000000000004,Metric Tonnes,Other,4200.0,4800.0,4400.0,Rs./Quintal,Grade B
PMY Chamba,2.479,Metric Tonnes,Onion,4500.0,5000.0,4750.0,Rs./Quintal,Medium
PMY Hamirpur,1.8,Metric Tonnes,Other,4600.0,5000.0,4700.0,Rs./Quintal,Grade B
PMY Kangni Mandi,5.4,Metric Tonnes,Onion,3000.0,4500.0,4000.0,Rs./Quintal,Grade B
PMY Kangra,1.8,Metric Tonnes,Onion,5200.0,5500.0,5400.0,Rs./Quintal,FAQ
PMY Kather Solan,1.6,Metric Tonnes,Other,4000.0,4500.0,4200.0,Rs./Quintal,Medium
PMY Kullu,1.5,Metric Tonnes,Other,4200.0,4700.0,4500.0,Rs./Quintal,FAQ
PMY Paonta Sahib,0.4,Metric Tonnes,Nasik,4500.0,4700.0,4600.0,Rs./Quintal,FAQ
PMY Una,4.05,Metric Tonnes,Onion,4500.0,5000.0,4700.0,Rs./Quintal,FAQ
SMY Baijnath,0.9,Metric Tonnes,Onion,4800.0,4900.0,4800.0,Rs./Quintal,Grade A
SMY Bhuntar,1.5,Metric Tonnes,Other,4800.0,5400.0,5100.0,Rs./Quintal,FAQ
SMY Dhanotu,1.8,Metric Tonnes,Onion,4000.0,4500.0,4250.0,Rs./Quintal,FAQ
SMY Dharamshala,1.0,Metric Tonnes,Onion,4500.0,5000.0,4750.0,Rs./Quintal,FAQ
SMY Jaisinghpur,0.2,Metric Tonnes,Other,5100.0,5300.0,5200.0,Rs./Quintal,FAQ
SMY Jassur,2.8000000000000003,Metric Tonnes,Other,4500.0,5000.0,4750.0,Rs./Quintal,FAQ
SMY Jwalaji,0.020000000000000004,Metric Tonnes,Other,5200.0,5500.0,5350.0,Rs./Quintal,FAQ
SMY Nadaun,0.32000000000000006,Metric Tonnes,Other,3600.0,3800.0,3700.0,Rs./Quintal,Grade B
SMY Nagrota Bagwan,0.30000000000000004,Metric Tonnes,Onion,5200.0,5500.0,5350.0,Rs./Quintal,FAQ
SMY Nahan,0.3,Metric Tonnes,Other,4500.0,5000.0,4800.0,Rs./Quintal,FAQ
SMY Nalagarh,0.45,Metric Tonnes,Other,3000.0,5000.0,4000.0,Rs./Quintal,Medium
SMY Palampur,2.0,Metric Tonnes,Onion,5000.0,5200.0,5100.0,Rs./Quintal,FAQ
SMY Rohroo,0.4,Metric Tonnes,1st Sort,5000.0,5200.0,5100.0,Rs./Quintal,Grade B
SMY Santoshgarh,0.8,Metric Tonnes,Onion,4600.0,4800.0,4700.0,Rs./Quintal,FAQ
SMY Takoli,0.2,Metric Tonnes,Other,4000.0,4500.0,4300.0,Rs./Quintal,Medium
Total,34.92,Metric Tonnes,,,,4592.52,Rs./Quintal,
State/UT Name : Jammu and Kashmir
Kathua (F&V),25.0,Metric Tonnes,Nasik,4000.0,4500.0,4250.0,Rs./Quintal,FAQ
Total,25.0,Metric Tonnes,,,,4250.0,Rs./Quintal,
State/UT Name : Karnataka
APMC Hubballi,105.0,Metric Tonnes,Puna,2400.0,4300.0,3400.0,Rs./Quintal,Local
APMC Hubballi,122.0,Metric Tonnes,Local,2500.0,3700.0,3200.0,Rs./Quintal,Local
Bagalkot APMC,85.5,Metric Tonnes,Onion,2000.0,5000.0,4500.0,Rs./Quintal,Local
Bangarpet APMC,0.4,Metric Tonnes,Local,3000.0,4000.0,3500.0,Rs./Quintal,Local
Bengaluru APMC,458.70000000000005,Metric Tonnes,Local,2500.0,3500.0,3200.0,Rs./Quintal,Medium
Bengaluru APMC,229.3,Metric Tonnes,Onion,3500.0,4500.0,4200.0,Rs./Quintal,Large
Bengaluru APMC,1376.0,Metric Tonnes,Puna,3000.0,5000.0,4500.0,Rs./Quintal,Local
Bengaluru APMC,229.3,Metric Tonnes,Bangalore-Samall,1500.0,2500.0,2000.0,Rs./Quintal,Small
Chickkaballapura APMC,3.5,Metric Tonnes,Beelary-Red,4000.0,4500.0,4200.0,Rs./Quintal,Local
Chickkaballapura APMC,1.0,Metric Tonnes,Local,1000.0,1200.0,1100.0,Rs./Quintal,Local
Chikkamagaluru APMC,2.7,Metric Tonnes,Other,4200.0,4400.0,4300.0,Rs./Quintal,Local
Davangere APMC,65.0,Metric Tonnes,Onion,4000.0,5000.0,4600.0,Rs./Quintal,Local
Doddaballapur APMC,2.5,Metric Tonnes,Onion,3500.0,4500.0,4000.0,Rs./Quintal,Medium
Hospet APMC,3.5,Metric Tonnes,Local,3000.0,3400.0,3400.0,Rs./Quintal,Local
Hunsur APMC,5.5,Metric Tonnes,Bombay (U.P.),3090.0,3090.0,3090.0,Rs./Quintal,Local
Kadur APMC,0.5,Metric Tonnes,Onion,3330.0,3330.0,3330.0,Rs./Quintal,Medium
Shimoga APMC,7.5,Metric Tonnes,Onion,4500.0,6000.0,5200.0,Rs./Quintal,Local
Udupi APMC,6.800000000000001,Metric Tonnes,Onion,3700.0,3800.0,3800.0,Rs./Quintal,Local
Total,2704.7,Metric Tonnes,,,,3936.43,Rs./Quintal,
State/UT Name : Keralam
Aluva Market,30.0,Metric Tonnes,Big,5000.0,6000.0,5500.0,Rs./Quintal,FAQ
Anchal Market,0.45,Metric Tonnes,Big,3700.0,3700.0,3700.0,Rs./Quintal,Local
Anchal Market,0.47,Metric Tonnes,Small,4500.0,4500.0,4500.0,Rs./Quintal,Local
Angamaly Market,1.0,Metric Tonnes,Big,5400.0,6000.0,5700.0,Rs./Quintal,FAQ
Aralamoodu Market,3.0,Metric Tonnes,Big,5000.0,5500.0,5500.0,Rs./Quintal,FAQ
Aralamoodu Market,2.0,Metric Tonnes,Onion,8000.0,8000.0,8000.0,Rs./Quintal,FAQ
Athirampuzha Market,0.8,Metric Tonnes,Small,8500.0,8700.0,8600.0,Rs./Quintal,FAQ
Athirampuzha Market,2.0,Metric Tonnes,Big,4900.0,5100.0,5000.0,Rs./Quintal,FAQ
Chala Market,4.0,Metric Tonnes,Onion,9400.0,9600.0,9600.0,Rs./Quintal,Small
Chala Market,18.0,Metric Tonnes,Big,5500.0,5600.0,5600.0,Rs./Quintal,FAQ
Chalakudy Market,0.03,Metric Tonnes,Big,4700.0,5500.0,5500.0,Rs./Quintal,FAQ
Chathanoor Market,0.4,Metric Tonnes,Other,3300.0,3700.0,3500.0,Rs./Quintal,FAQ
Chavakkad Market,0.15,Metric Tonnes,Big,5300.0,5800.0,5800.0,Rs./Quintal,FAQ
Chengannur Market,1.0,Metric Tonnes,Onion,4700.0,5000.0,4800.0,Rs./Quintal,FAQ
Chengannur Market,0.5,Metric Tonnes,Small,8300.0,8600.0,8400.0,Rs./Quintal,FAQ
Kallachi Market,0.1,Metric Tonnes,Big,5000.0,5400.0,5200.0,Rs./Quintal,FAQ
Kanjangadu Market,1.0,Metric Tonnes,Big,5200.0,5800.0,5400.0,Rs./Quintal,FAQ
Kanjirappally Market,0.5,Metric Tonnes,Big,5000.0,5500.0,5200.0,Rs./Quintal,FAQ
Kannur Market,12.0,Metric Tonnes,Onion,5600.0,5800.0,5700.0,Rs./Quintal,Grade A
Kayamkulam Market,5.0,Metric Tonnes,Big,5100.0,5300.0,5200.0,Rs./Quintal,FAQ
Kayamkulam Market,3.0,Metric Tonnes,Small,6700.0,6900.0,6800.0,Rs./Quintal,FAQ
Koduvayoor Market,80.0,Metric Tonnes,Small,7200.0,7600.0,7400.0,Rs./Quintal,Medium
Koduvayoor Market,80.0,Metric Tonnes,Big,4800.0,5200.0,5000.0,Rs./Quintal,Medium
Kollengode Market,80.0,Metric Tonnes,Big,4000.0,4400.0,4200.0,Rs./Quintal,FAQ
Kollengode Market,80.0,Metric Tonnes,Small,6200.0,6600.0,6400.0,Rs./Quintal,FAQ
Manjeri Market,8.0,Metric Tonnes,Other,4950.0,5050.0,5000.0,Rs./Quintal,Local
Mannar Market,0.5,Metric Tonnes,Big,3500.0,3700.0,3600.0,Rs./Quintal,FAQ
Mannar Market,0.5,Metric Tonnes,Small,7000.0,7200.0,7100.0,Rs./Quintal,FAQ
Munnar Market,1.0,Metric Tonnes,Big,6000.0,6000.0,6000.0,Rs./Quintal,Medium
Munnar Market,1.0,Metric Tonnes,Small,7700.0,7700.0,7700.0,Rs./Quintal,Medium
Neeleswaram Market,1.0,Metric Tonnes,Big,5400.0,5800.0,5600.0,Rs./Quintal,FAQ
North Paravur Market,1.0,Metric Tonnes,1st Sort,7200.0,8000.0,7800.0,Rs./Quintal,Small
Pala Market,6.0,Metric Tonnes,Big,5300.0,6000.0,5600.0,Rs./Quintal,FAQ
Pala Market,2.0,Metric Tonnes,Onion,8400.0,9000.0,8800.0,Rs./Quintal,FAQ
Palakkad Market,10.0,Metric Tonnes,Big,5000.0,6000.0,5600.0,Rs./Quintal,FAQ
Palakkad Market,3.0,Metric Tonnes,Small,9000.0,10000.0,9600.0,Rs./Quintal,FAQ
Parappanangadi Market,1.2,Metric Tonnes,Small,8200.0,8400.0,8300.0,Rs./Quintal,Grade A
Parappanangadi Market,10.0,Metric Tonnes,Other,4900.0,5100.0,5000.0,Rs./Quintal,FAQ
Parassala Market,0.2,Metric Tonnes,Onion,5600.0,6000.0,5800.0,Rs./Quintal,Local
Pattambi Market,1.0,Metric Tonnes,Big,5200.0,5500.0,5300.0,Rs./Quintal,FAQ
Pattambi Market,0.8,Metric Tonnes,Onion,7000.0,8000.0,7500.0,Rs./Quintal,FAQ
Perinthalmanna Market,4.0,Metric Tonnes,Onion,4000.0,4600.0,4500.0,Rs./Quintal,Large
Thalasserry Market,0.3,Metric Tonnes,1st Sort,4800.0,5800.0,5200.0,Rs./Quintal,FAQ
Thalayolaparambu Market,0.6,Metric Tonnes,Big,5200.0,5600.0,5400.0,Rs./Quintal,FAQ
Thalayolaparambu Market,0.6,Metric Tonnes,Onion,6800.0,7200.0,7000.0,Rs./Quintal,FAQ
Thamarassery Market,0.4,Metric Tonnes,Other,5400.0,5600.0,5500.0,Rs./Quintal,FAQ
Thrippunithura Market,1.0,Metric Tonnes,Big,5200.0,6000.0,5200.0,Rs./Quintal,Medium
Vadakkenchery Market,0.24,Metric Tonnes,Big,5500.0,6000.0,6000.0,Rs./Quintal,FAQ
Vadakkenchery Market,0.18,Metric Tonnes,Small,9000.0,9500.0,9500.0,Rs./Quintal,FAQ
Vamanapuram Market,0.13,Metric Tonnes,Big,3500.0,4000.0,3500.0,Rs./Quintal,FAQ
Vandiperiyar Market,0.05,Metric Tonnes,Big,4800.0,4800.0,4800.0,Rs./Quintal,Grade Range-1
Vandiperiyar Market,0.05,Metric Tonnes,Small,8000.0,8500.0,8000.0,Rs./Quintal,Grade Range-1
vadakarapathy Market,0.2,Metric Tonnes,Small,5000.0,5500.0,5200.0,Rs./Quintal,FAQ
vadakarapathy Market,0.3,Metric Tonnes,Big,3000.0,4000.0,3500.0,Rs./Quintal,FAQ
Total,460.65,Metric Tonnes,,,,5773.19,Rs./Quintal,
State/UT Name : Madhya Pradesh
A lot APMC,1.631,Metric Tonnes,Onion,501.0,3452.0,3452.0,Rs./Quintal,FAQ
Agar(F&V) APMC,4.0,Metric Tonnes,Bellary,4800.0,4800.0,4800.0,Rs./Quintal,Local
Akodiya APMC,331.291,Metric Tonnes,Big,501.0,6412.0,3100.0,Rs./Quintal,FAQ
Akodiya APMC,8.756,Metric Tonnes,Onion,900.0,4081.0,3791.0,Rs./Quintal,FAQ
Akodiya(F&V) APMC,436.0,Metric Tonnes,Big,1000.0,4700.0,3000.0,Rs./Quintal,Local
Ashta (F&V) APMC,27.8,Metric Tonnes,1st Sort,540.0,3890.0,2310.0,Rs./Quintal,Local
Ashta APMC,8.9,Metric Tonnes,Onion,1800.0,4260.0,3300.0,Rs./Quintal,FAQ
Badnawar APMC,49.14,Metric Tonnes,Medium,550.0,700.0,700.0,Rs./Quintal,FAQ
Badnawar APMC,402.612,Metric Tonnes,Onion,565.0,3605.0,1000.0,Rs./Quintal,FAQ
Badnawar(F&V) APMC,884.9,Metric Tonnes,Onion,1000.0,1000.0,1000.0,Rs./Quintal,Local
Badwaha (F&V) APMC,0.4,Metric Tonnes,1st Sort,2900.0,4000.0,3200.0,Rs./Quintal,Grade A
Bareli(F&V) APMC,2.8,Metric Tonnes,Local,2450.0,2450.0,2450.0,Rs./Quintal,Grade A
Betul(F&V) APMC,17.8,Metric Tonnes,Onion,2200.0,3500.0,2800.0,Rs./Quintal,FAQ
Bhopal APMC,1.3650000000000002,Metric Tonnes,Local,3200.0,3200.0,3200.0,Rs./Quintal,FAQ
Bhopal APMC,5.5,Metric Tonnes,Small - I,2150.0,2150.0,2150.0,Rs./Quintal,FAQ
Bhopal APMC,11.257,Metric Tonnes,Onion,2150.0,4300.0,3200.0,Rs./Quintal,FAQ
Bhopal APMC,0.147,Metric Tonnes,Medium,3100.0,3100.0,3100.0,Rs./Quintal,FAQ
Chhindwara(F&V) APMC,4.5,Metric Tonnes,Red,3000.0,3800.0,3400.0,Rs./Quintal,Local
Damoh(F&V) APMC,0.4,Metric Tonnes,Local,3000.0,3000.0,3000.0,Rs./Quintal,Medium
Gautampura APMC,159.4,Metric Tonnes,Onion,551.0,4000.0,3000.0,Rs./Quintal,FAQ
Gautampura(F&V) APMC,76.8,Metric Tonnes,Onion,500.0,3000.0,1500.0,Rs./Quintal,FAQ
Guna(F&V) APMC,8.0,Metric Tonnes,Other,3000.0,3500.0,3200.0,Rs./Quintal,Grade B
Indore APMC,237.9,Metric Tonnes,Other,419.0,4002.0,4002.0,Rs./Quintal,FAQ
Indore APMC,577.4630000000001,Metric Tonnes,Onion,1075.0,4123.0,3910.0,Rs./Quintal,Non-FAQ
Indore APMC,776.486,Metric Tonnes,Onion,1561.0,4042.0,3780.0,Rs./Quintal,FAQ
Indore APMC,5.0,Metric Tonnes,Other,3681.0,3681.0,3681.0,Rs./Quintal,Non-FAQ
Indore(F&V) APMC,1650.0,Metric Tonnes,Onion,419.0,4123.0,3191.0,Rs./Quintal,Local
Itarsi(F&V) APMC,1.44,Metric Tonnes,Onion,2800.0,3200.0,3000.0,Rs./Quintal,FAQ
Jabalpur(F&V) APMC,49.2,Metric Tonnes,Onion,1100.0,1800.0,1200.0,Rs./Quintal,Medium
Jaora APMC,28.145,Metric Tonnes,Onion,851.0,4295.0,3400.0,Rs./Quintal,FAQ
Kalapipal APMC,44.6,Metric Tonnes,Onion,400.0,4151.0,3700.0,Rs./Quintal,FAQ
Kalapipal(F&V) APMC,44.6,Metric Tonnes,Onion,400.0,4151.0,3700.0,Rs./Quintal,FAQ
Khandwa APMC,57.0,Metric Tonnes,Local,1400.0,3800.0,3000.0,Rs./Quintal,FAQ
Khurai(F&V) APMC,2.8000000000000003,Metric Tonnes,1st Sort,2500.0,3500.0,3000.0,Rs./Quintal,Local
Kukshi(F&V) APMC,1.1,Metric Tonnes,Onion,1200.0,2400.0,1800.0,Rs./Quintal,Grade A
Manawar(F&V) APMC,1.1,Metric Tonnes,Onion,2500.0,3500.0,3000.0,Rs./Quintal,Grade B
Mandsaur APMC,115.66900000000001,Metric Tonnes,Onion,811.0,4925.0,1900.0,Rs./Quintal,Non-FAQ
Mhow (Ambedkar Nagar) (F&V) APMC,0.6000000000000001,Metric Tonnes,Onion,1200.0,3000.0,2400.0,Rs./Quintal,Grade B
Narmadapuram (F&V) APMC,4.1,Metric Tonnes,Onion,1880.0,3660.0,1962.0,Rs./Quintal,FAQ
Narsinghgarh APMC,126.56099999999999,Metric Tonnes,Onion,400.0,4160.0,3800.0,Rs./Quintal,FAQ
Narsinghgarh APMC,5.0,Metric Tonnes,Onion,2000.0,2000.0,2000.0,Rs./Quintal,Non-FAQ
Neemuch APMC,15.071000000000002,Metric Tonnes,Red,950.0,4536.0,4536.0,Rs./Quintal,FAQ
Neemuch(F&V) APMC,12.350000000000001,Metric Tonnes,Onion,850.0,4536.0,3500.0,Rs./Quintal,Grade B
Petlawad APMC,0.196,Metric Tonnes,Red,1805.0,3855.0,3855.0,Rs./Quintal,FAQ
Petlawad(F&V) APMC,0.196,Metric Tonnes,Other,1805.0,3855.0,2380.0,Rs./Quintal,Grade A
Pipariya(F&V) APMC,1.5,Metric Tonnes,Onion,2500.0,4400.0,3900.0,Rs./Quintal,Local
Porsa APMC,7.0,Metric Tonnes,Onion,1500.0,2000.0,2000.0,Rs./Quintal,FAQ
Rajgarh APMC,5.0,Metric Tonnes,Onion,1500.0,2500.0,2500.0,Rs./Quintal,FAQ
Rajgarh APMC,2.0,Metric Tonnes,Onion,1800.0,1800.0,1800.0,Rs./Quintal,Non-FAQ
Ratlam APMC,1123.633,Metric Tonnes,Onion,470.0,4401.0,3600.0,Rs./Quintal,FAQ
Ratlam(F&V) APMC,1187.2,Metric Tonnes,Other,1111.0,4401.0,3232.0,Rs./Quintal,FAQ
Rehli(F&V) APMC,0.5,Metric Tonnes,Onion,1700.0,1900.0,1800.0,Rs./Quintal,Grade C
Sabalgarh(F&V) APMC,0.001,Metric Tonnes,Onion,1200.0,1400.0,1300.0,Rs./Quintal,FAQ
Sailana APMC,80.43,Metric Tonnes,Onion,800.0,3901.0,3450.0,Rs./Quintal,FAQ
Sailana(F&V) APMC,49.050000000000004,Metric Tonnes,Local,1600.0,7802.0,4500.0,Rs./Quintal,FAQ
Sanawad(F&V) APMC,0.3,Metric Tonnes,Onion,3500.0,4000.0,3800.0,Rs./Quintal,Medium
Sarangpur APMC,24.77,Metric Tonnes,Local,940.0,1600.0,1600.0,Rs./Quintal,Non-FAQ
Sarangpur APMC,5.41,Metric Tonnes,Local,1300.0,1300.0,1300.0,Rs./Quintal,FAQ
Sehore APMC,59.287000000000006,Metric Tonnes,Onion,500.0,15601.0,3800.0,Rs./Quintal,FAQ
Sehore APMC,5.346,Metric Tonnes,Onion,1180.0,4391.0,4391.0,Rs./Quintal,Non-FAQ
Sendhwa(F&V) APMC,0.5,Metric Tonnes,Red,800.0,1100.0,1000.0,Rs./Quintal,Medium
Seoni(F&V) APMC,2.5,Metric Tonnes,Local,2500.0,2500.0,2500.0,Rs./Quintal,Grade C
Shajapur APMC,41.78,Metric Tonnes,Onion,2161.43,4022.0,3926.93,Rs./Quintal,FAQ
Shajapur APMC,527.57,Metric Tonnes,Medium,310.0,4100.0,3167.0,Rs./Quintal,FAQ
Shajapur(F&V) APMC,993.6,Metric Tonnes,Onion,200.0,3800.0,2500.0,Rs./Quintal,Medium
Shamgarh APMC,13.350999999999999,Metric Tonnes,Onion,630.0,3512.0,2591.0,Rs./Quintal,Non-FAQ
Shamgarh(F&V) APMC,28.6,Metric Tonnes,Other,3201.0,3201.0,3201.0,Rs./Quintal,Non-FAQ
Shivpuri APMC,123.0,Metric Tonnes,Onion,550.0,3620.0,800.0,Rs./Quintal,FAQ
Shujalpur APMC,181.252,Metric Tonnes,Red,400.0,4601.0,4301.0,Rs./Quintal,FAQ
Shujalpur(F&V) APMC,195.0,Metric Tonnes,Onion,1000.0,4601.0,3400.0,Rs./Quintal,FAQ
Sitamau APMC,0.020000000000000004,Metric Tonnes,Onion,3000.0,3000.0,3000.0,Rs./Quintal,Non-FAQ
Soyatkalan APMC,62.480999999999995,Metric Tonnes,Onion,200.0,4250.0,2000.0,Rs./Quintal,FAQ
Soyatkalan(F&V) APMC,61.2,Metric Tonnes,Other,200.0,4250.0,3000.0,Rs./Quintal,FAQ
Thandla APMC,0.85,Metric Tonnes,Onion,900.0,1300.0,1100.0,Rs./Quintal,FAQ
Ujjain APMC,240.473,Metric Tonnes,Onion,477.67,4100.0,2100.0,Rs./Quintal,FAQ
Ujjain APMC,108.64100000000002,Metric Tonnes,Onion,210.0,3843.61,3200.0,Rs./Quintal,Non-FAQ
Total,11332.22,Metric Tonnes,,,,2943.71,Rs./Quintal,
State/UT Name : Maharashtra
APMC Akola ,28.0,Metric Tonnes,Other,2000.0,4500.0,3500.0,Rs./Quintal,Local
APMC Akole ,104.2,Metric Tonnes,Unhali,900.0,5111.0,4311.0,Rs./Quintal,Local
APMC Bhusaval ,0.2,Metric Tonnes,Unhali,4500.0,4500.0,4500.0,Rs./Quintal,Local
APMC Chandwad ,443.5,Metric Tonnes,Unhali,1815.0,5105.0,4410.0,Rs./Quintal,Local
APMC Chattrapati Sambhajinagar ,143.5,Metric Tonnes,Other,1700.0,4700.0,3200.0,Rs./Quintal,Local
APMC Devala ,441.7,Metric Tonnes,Unhali,800.0,4700.0,4350.0,Rs./Quintal,Local
APMC Dharashiv ,6.5,Metric Tonnes,Red,2500.0,5000.0,3750.0,Rs./Quintal,Local
APMC Dhule ,26.0,Metric Tonnes,Red,2100.0,4200.0,2800.0,Rs./Quintal,Local
APMC Dindori ,7.9,Metric Tonnes,Unhali,3000.0,4501.0,3951.0,Rs./Quintal,Local
APMC Gangapur ,216.6,Metric Tonnes,Unhali,800.0,4856.0,3492.0,Rs./Quintal,Local
APMC Hingna,0.4,Metric Tonnes,Red,2500.0,5000.0,3833.0,Rs./Quintal,Local
APMC Jalgaon ,41.9,Metric Tonnes,Red,1500.0,4125.0,2750.0,Rs./Quintal,Local
APMC Jamkhed ,3.6,Metric Tonnes,Local,1000.0,4500.0,2750.0,Rs./Quintal,Local
APMC Kalvan ,1150.0,Metric Tonnes,Unhali,1500.0,5175.0,4251.0,Rs./Quintal,Local
APMC Kalyan ,0.3,Metric Tonnes,1st Sort,4000.0,4300.0,4150.0,Rs./Quintal,Local
APMC Kamthi ,4.0,Metric Tonnes,Local,4000.0,4500.0,4450.0,Rs./Quintal,Local
APMC Karad ,15.0,Metric Tonnes,Halva,2500.0,3500.0,3500.0,Rs./Quintal,Local
APMC Karjat ,3.5,Metric Tonnes,Local,700.0,3200.0,2000.0,Rs./Quintal,Local
APMC Khed ,1.3,Metric Tonnes,Fursungi,2300.0,4000.0,3200.0,Rs./Quintal,Local
APMC Kolhapur ,300.0,Metric Tonnes,Other,1200.0,5000.0,3000.0,Rs./Quintal,Local
APMC Kopargaon ,542.0,Metric Tonnes,Unhali,1000.0,4470.0,4000.0,Rs./Quintal,Local
APMC Lasalgaon ,639.6,Metric Tonnes,Unhali,1000.0,4860.0,4400.0,Rs./Quintal,Local
APMC Lasur Station ,750.0,Metric Tonnes,Other,905.0,4700.0,3200.0,Rs./Quintal,Local
APMC Malkapur ,5.9,Metric Tonnes,Local,1700.0,3800.0,3000.0,Rs./Quintal,Local
APMC Manchar ,1223.5,Metric Tonnes,Other,3750.0,5510.0,4650.0,Rs./Quintal,Local
APMC Manmad ,189.7,Metric Tonnes,Unhali,800.0,4700.0,4450.0,Rs./Quintal,Local
APMC Nagpur ,49.0,Metric Tonnes,Red,4000.0,4500.0,4375.0,Rs./Quintal,Local
APMC Nagpur ,49.0,Metric Tonnes,White,4500.0,5000.0,4875.0,Rs./Quintal,Local
APMC Nampur,600.0,Metric Tonnes,Unhali,1405.0,4800.0,4300.0,Rs./Quintal,Local
APMC Nandgaon ,549.7,Metric Tonnes,Unhali,900.0,5051.0,4250.0,Rs./Quintal,Local
APMC Nasik ,185.7,Metric Tonnes,Unhali,2100.0,4800.0,3950.0,Rs./Quintal,Local
APMC Newasa ,55.5,Metric Tonnes,Unhali,1000.0,4700.0,4000.0,Rs./Quintal,Local
APMC Phaltan ,137.5,Metric Tonnes,Hybrid,1600.0,5100.0,3000.0,Rs./Quintal,Local
APMC Pimpalgaon Baswant ,1145.9,Metric Tonnes,Unhali,2000.0,5400.0,4450.0,Rs./Quintal,Local
APMC Pune ,1179.1,Metric Tonnes,Local,1000.0,4500.0,2750.0,Rs./Quintal,Local
APMC Rahata ,217.9,Metric Tonnes,Other,700.0,5500.0,3500.0,Rs./Quintal,Local
APMC Rahuri ,1350.2,Metric Tonnes,Other,500.0,5700.0,3100.0,Rs./Quintal,Local
APMC Ramtek ,0.7,Metric Tonnes,Unhali,3000.0,4000.0,3500.0,Rs./Quintal,Local
APMC Sakri ,491.0,Metric Tonnes,Unhali,3500.0,4700.0,4100.0,Rs./Quintal,Local
APMC Sangamner ,313.3,Metric Tonnes,Unhali,1000.0,5001.0,3000.0,Rs./Quintal,Local
APMC Satana ,905.0,Metric Tonnes,Unhali,800.0,5055.0,4055.0,Rs./Quintal,Local
APMC Satara ,10.0,Metric Tonnes,Other,2000.0,4500.0,3250.0,Rs./Quintal,Local
APMC Sinner ,69.4,Metric Tonnes,Unhali,1500.0,4396.0,4200.0,Rs./Quintal,Local
APMC Solapur ,1212.8,Metric Tonnes,Red,500.0,5500.0,3000.0,Rs./Quintal,Local
APMC Umrane,1050.0,Metric Tonnes,Unhali,1500.0,5213.0,4300.0,Rs./Quintal,Local
APMC Vadgaonpeth ,28.0,Metric Tonnes,Local,2500.0,3800.0,3000.0,Rs./Quintal,Local
APMC Vaduj ,5.0,Metric Tonnes,Local,3000.0,5000.0,4000.0,Rs./Quintal,Local
APMC Vai ,1.5,Metric Tonnes,Local,2000.0,4000.0,3000.0,Rs./Quintal,Local
APMC Vaijpur ,391.7,Metric Tonnes,Unhali,1000.0,4670.0,3800.0,Rs./Quintal,Local
Amrawati(Frui & Veg. Market) ,15.0,Metric Tonnes,Local,2500.0,5400.0,3950.0,Rs./Quintal,Local
Dindori(Vani) ,208.8,Metric Tonnes,Unhali,3901.0,5021.0,4411.0,Rs./Quintal,Local
Junnar(Alephata) ,1344.3,Metric Tonnes,Chinchwad,1700.0,4800.0,3500.0,Rs./Quintal,Local
Khed(Chakan) ,22.5,Metric Tonnes,Other,1600.0,4000.0,3000.0,Rs./Quintal,Local
Lasalgaon(Niphad) ,370.5,Metric Tonnes,Unhali,1200.0,4500.0,4200.0,Rs./Quintal,Local
Lasalgaon(Vinchur) ,501.3,Metric Tonnes,Unhali,1200.0,4770.0,4300.0,Rs./Quintal,Local
"Laxmi-Sopan Agriculture Produce Marketing Co Ltd, Barshi, Dist Solapur",2.6,Metric Tonnes,Other,700.0,3600.0,3000.0,Rs./Quintal,Local
"Malharshree Khajgi Krushi Utpann Bajar, Chandanpuri Tal Malegaon, Nashik",34.2,Metric Tonnes,Other,1854.0,4551.0,3846.0,Rs./Quintal,Local
Mumbai-Onion & Potato Market ,923.2,Metric Tonnes,Other,3000.0,4200.0,3600.0,Rs./Quintal,Local
"Omchatinya Multi State Agro Purpose Co-Op Society, Dist Ahilyanagar",272.53,Metric Tonnes,Other,1000.0,5200.0,3900.0,Rs./Quintal,Local
Pimpalgaon Baswant(Saykheda) ,207.8,Metric Tonnes,Unhali,1700.0,4600.0,4201.0,Rs./Quintal,Local
"Pratap Nana Mahale Khajgi Krushi Uttpana Bazar, Samati-Dhule",78.36,Metric Tonnes,Other,1300.0,4640.0,3991.66,Rs./Quintal,Local
Pune(Khadiki) ,0.8,Metric Tonnes,Local,800.0,1600.0,1200.0,Rs./Quintal,Local
Pune(Manjri) ,12.1,Metric Tonnes,Local,3000.0,5000.0,4000.0,Rs./Quintal,Local
Pune(Moshi) ,36.0,Metric Tonnes,Local,1200.0,2500.0,1850.0,Rs./Quintal,Local
Pune(Pimpri) ,2.5,Metric Tonnes,Local,1500.0,4000.0,2750.0,Rs./Quintal,Local
"Sangli(Phale, Bhajipala Market) ",2465.0,Metric Tonnes,Local,1700.0,4700.0,3200.0,Rs./Quintal,Local
Shivsiddha Govind Producer Company Ltd Sanchalit Khajgi Krushi Utpann Bajar Samati-Abhona-Kalwan,713.51,Metric Tonnes,Other,500.0,5255.0,4350.0,Rs./Quintal,Local
"Shri Rameshwar Krushi Market, M.Nagar, Tal Deola, Dist Nashik",507.73,Metric Tonnes,Other,911.0,5200.0,3998.34,Rs./Quintal,Local
Total,24005.43,Metric Tonnes,,,,3780.33,Rs./Quintal,
State/UT Name : Meghalaya
Jowai APMC,1.2,Metric Tonnes,Local,5500.0,6000.0,5750.0,Rs./Quintal,Local
Total,1.2,Metric Tonnes,,,,5750.0,Rs./Quintal,
State/UT Name : NCT of Delhi
APMC Azadpur,861.0,Metric Tonnes,Onion,2000.0,4500.0,3281.0,Rs./Quintal,FAQ
APMC Keshopur,86.977,Metric Tonnes,Onion,2500.0,4800.0,4400.0,Rs./Quintal,FAQ
Total,947.98,Metric Tonnes,,,,3383.67,Rs./Quintal,
State/UT Name : Odisha
Angul APMC,5.35,Metric Tonnes,Other,3500.0,3500.0,3500.0,Rs./Quintal,Grade B
Balugaon APMC,2.0,Metric Tonnes,Other,2200.0,2200.0,2200.0,Rs./Quintal,Grade A
Bargarh APMC,244.0,Metric Tonnes,Onion,4500.0,5500.0,5000.0,Rs./Quintal,Grade C
Bargarh(Barapalli) APMC,132.0,Metric Tonnes,Onion,2000.0,3000.0,2500.0,Rs./Quintal,Local
Bolangir APMC,4.5,Metric Tonnes,Other,3500.0,4500.0,4000.0,Rs./Quintal,Medium
Boudh APMC,2.0,Metric Tonnes,Other,4500.0,5500.0,5000.0,Rs./Quintal,Local
Chandabali APMC,19.0,Metric Tonnes,Other,4000.0,4550.0,4280.0,Rs./Quintal,Grade Range-2
Dungurapalli APMC,0.30000000000000004,Metric Tonnes,Other,5000.0,5000.0,5000.0,Rs./Quintal,Local
Hindol APMC,1.1,Metric Tonnes,Other,4500.0,4800.0,4700.0,Rs./Quintal,Grade B
Jharsuguda APMC,1.0,Metric Tonnes,Other,5000.0,5000.0,5000.0,Rs./Quintal,Grade A
Kamakhyanagar APMC,0.6,Metric Tonnes,Onion,10000.0,10000.0,10000.0,Rs./Quintal,Grade A
Kesinga APMC,0.8500000000000001,Metric Tonnes,Onion,3800.0,4200.0,4000.0,Rs./Quintal,Grade B
Khariar APMC,0.6,Metric Tonnes,Dry F.A.Q.,5000.0,5000.0,5000.0,Rs./Quintal,Grade A
Khariar Road APMC,0.5,Metric Tonnes,Onion,6000.0,6000.0,6000.0,Rs./Quintal,Grade A
Pandkital APMC,0.30000000000000004,Metric Tonnes,Other,5000.0,5000.0,5000.0,Rs./Quintal,Local
Rairakhol APMC,0.8,Metric Tonnes,Onion,3500.0,4000.0,3800.0,Rs./Quintal,Grade C
Sargipali APMC,1.8,Metric Tonnes,Other,4400.0,5000.0,4500.0,Rs./Quintal,FAQ
Talcher APMC,2.0,Metric Tonnes,Other,3700.0,4200.0,4000.0,Rs./Quintal,Large
Tusura APMC,4.0,Metric Tonnes,Other,3500.0,4500.0,4000.0,Rs./Quintal,Medium
Udala APMC,3.0,Metric Tonnes,Onion,4500.0,5500.0,5000.0,Rs./Quintal,FAQ
Total,425.7,Metric Tonnes,,,,4137.08,Rs./Quintal,
State/UT Name : Punjab
Adampur APMC,1.8,Metric Tonnes,Onion,3800.0,4500.0,4500.0,Rs./Quintal,FAQ
Ajnala APMC,2.5,Metric Tonnes,Onion,2800.0,2800.0,2800.0,Rs./Quintal,Local
Baghapurana APMC,0.8,Metric Tonnes,Onion,4000.0,4800.0,4500.0,Rs./Quintal,Grade B
Balachaur APMC,5.646000000000001,Metric Tonnes,Other,3000.0,4000.0,3500.0,Rs./Quintal,Medium
Bassi Pathana APMC,1.0,Metric Tonnes,Onion,4500.0,5000.0,4800.0,Rs./Quintal,Medium
Bathinda APMC,275.0,Metric Tonnes,Other,4000.0,4600.0,4200.0,Rs./Quintal,Grade B
Bhagta Bhai Ka APMC,0.3,Metric Tonnes,Other,4500.0,4500.0,4500.0,Rs./Quintal,Medium
Bhawanigarh APMC,3.0,Metric Tonnes,Other,3000.0,3500.0,3250.0,Rs./Quintal,Medium
Bhucho APMC,0.4,Metric Tonnes,Local,2500.0,2500.0,2500.0,Rs./Quintal,Local
Dasuya APMC,1.5,Metric Tonnes,Onion,5000.0,5000.0,5000.0,Rs./Quintal,Grade A
Dera Bassi APMC,1.1,Metric Tonnes,Onion,2900.0,2900.0,2900.0,Rs./Quintal,Local
Dhuri APMC,0.8,Metric Tonnes,Other,4100.0,4500.0,4300.0,Rs./Quintal,Medium
Dinanagar APMC,3.15,Metric Tonnes,Other,4700.0,4900.0,4800.0,Rs./Quintal,Medium
Doraha APMC,16.47,Metric Tonnes,Medium,3600.0,4000.0,3800.0,Rs./Quintal,Local
Dudhansadhan APMC,0.4,Metric Tonnes,Other,5000.0,5000.0,5000.0,Rs./Quintal,Grade B
F.G.Churian APMC,0.35,Metric Tonnes,Onion,5500.0,5500.0,5500.0,Rs./Quintal,Grade A
Fazilka APMC,2.375,Metric Tonnes,Onion,4800.0,4800.0,4800.0,Rs./Quintal,FAQ
Garh Shankar APMC,4.8,Metric Tonnes,Onion,3800.0,3800.0,3800.0,Rs./Quintal,FAQ
Garh Shankar(Mahalpur) APMC,7.6,Metric Tonnes,Onion,3500.0,3500.0,3500.0,Rs./Quintal,FAQ
GarhShankar (Kotfatuhi) APMC,0.5,Metric Tonnes,Other,4000.0,4000.0,4000.0,Rs./Quintal,FAQ
Ghanaur APMC,0.2,Metric Tonnes,Other,3000.0,4000.0,3500.0,Rs./Quintal,FAQ
Giddarbaha APMC,1.5,Metric Tonnes,Onion,4500.0,4500.0,4500.0,Rs./Quintal,FAQ
Goraya APMC,0.1,Metric Tonnes,Other,3000.0,3000.0,3000.0,Rs./Quintal,Local
Jagraon APMC,3.0,Metric Tonnes,Other,2500.0,2500.0,2500.0,Rs./Quintal,FAQ
Jalalabad APMC,3.4000000000000004,Metric Tonnes,Other,4400.0,4800.0,4600.0,Rs./Quintal,Medium
Jalandhar City(Jalandhar) APMC,57.900000000000006,Metric Tonnes,Other,1200.0,3200.0,2000.0,Rs./Quintal,FAQ
Kapurthala APMC,10.0,Metric Tonnes,Onion,2000.0,2200.0,2100.0,Rs./Quintal,Medium
Khanna APMC,54.7,Metric Tonnes,Onion,3000.0,3000.0,3000.0,Rs./Quintal,Grade A
Kharar APMC,8.5,Metric Tonnes,Other,4000.0,4800.0,4500.0,Rs./Quintal,Non-FAQ
Kurali APMC,3.1,Metric Tonnes,Other,3600.0,3800.0,3700.0,Rs./Quintal,Medium
Lalru APMC,1.6,Metric Tonnes,Other,4350.0,4350.0,4350.0,Rs./Quintal,Local
Ludhiana APMC,93.5,Metric Tonnes,Other,1300.0,4200.0,2900.0,Rs./Quintal,FAQ
Machhiwara APMC,1.8890000000000002,Metric Tonnes,Other,4000.0,4600.0,4200.0,Rs./Quintal,FAQ
Malerkotla APMC,35.0,Metric Tonnes,Other,3000.0,3800.0,3500.0,Rs./Quintal,Local
Malout APMC,7.081,Metric Tonnes,Onion,3800.0,3800.0,3800.0,Rs./Quintal,Grade A
Mamdot APMC,1.3,Metric Tonnes,Other,2400.0,2400.0,2400.0,Rs./Quintal,Local
Mansa APMC,18.0,Metric Tonnes,Nasik,4000.0,4500.0,4250.0,Rs./Quintal,FAQ
Maur APMC,0.6000000000000001,Metric Tonnes,Other,4000.0,4500.0,4200.0,Rs./Quintal,Grade B
Moga APMC,25.0,Metric Tonnes,Red,3500.0,4300.0,4000.0,Rs./Quintal,Medium
Mukerian APMC,2.995,Metric Tonnes,Onion,3500.0,4200.0,3800.0,Rs./Quintal,Grade B
Mukerian(Talwara) APMC,0.7000000000000001,Metric Tonnes,Onion,3500.0,4500.0,4000.0,Rs./Quintal,FAQ
Muktsar APMC,12.5,Metric Tonnes,Onion,2000.0,5000.0,3500.0,Rs./Quintal,Medium
Nabha APMC,23.400000000000002,Metric Tonnes,Other,3500.0,4700.0,4000.0,Rs./Quintal,Grade C
Nawan Shahar(Subzi Mandi) APMC,3.7,Metric Tonnes,Onion,3800.0,4000.0,3900.0,Rs./Quintal,FAQ
Nihal Singh Wala APMC,0.45,Metric Tonnes,Onion,3300.0,3300.0,3300.0,Rs./Quintal,FAQ
Pathankot APMC,28.0,Metric Tonnes,Onion,3800.0,3800.0,3800.0,Rs./Quintal,Medium
Patiala APMC,48.800000000000004,Metric Tonnes,Local,3200.0,3500.0,3400.0,Rs./Quintal,Grade B
Patran APMC,30.0,Metric Tonnes,Other,3540.0,3540.0,3540.0,Rs./Quintal,Grade A
Patti APMC,0.85,Metric Tonnes,Other,0.18,0.18,0.18,Rs./Quintal,Non-FAQ
Phagwara APMC,43.5,Metric Tonnes,Other,3868.0,4570.0,4142.0,Rs./Quintal,FAQ
Phillaur(Apra Mandi) APMC,0.2,Metric Tonnes,Other,4500.0,4500.0,4500.0,Rs./Quintal,FAQ
Quadian APMC,2.0,Metric Tonnes,Other,3300.0,3500.0,3400.0,Rs./Quintal,Grade A
Raikot APMC,2.0,Metric Tonnes,Nasik,3650.0,3650.0,3650.0,Rs./Quintal,Grade A
Rajpura APMC,5.5,Metric Tonnes,Local,2500.0,2800.0,2600.0,Rs./Quintal,Grade B
Raman APMC,0.4,Metric Tonnes,Other,4100.0,4415.0,4215.0,Rs./Quintal,Medium
Rampuraphul(Nabha Mandi) APMC,3.5,Metric Tonnes,Other,3000.0,4000.0,3500.0,Rs./Quintal,Grade A
Rayya APMC,0.045,Metric Tonnes,Other,1415.0,1415.0,1415.0,Rs./Quintal,FAQ
Ropar APMC,100.0,Metric Tonnes,Nasik,4000.0,4400.0,4200.0,Rs./Quintal,Non-FAQ
Sahnewal APMC,0.1,Metric Tonnes,Onion,4200.0,4200.0,4200.0,Rs./Quintal,FAQ
Samana APMC,50.0,Metric Tonnes,Other,3000.0,4800.0,3400.0,Rs./Quintal,Grade Range-2
Samrala APMC,2.2,Metric Tonnes,Other,3500.0,4500.0,4000.0,Rs./Quintal,Local
Sangrur APMC,11.700000000000001,Metric Tonnes,Nasik,2000.0,3000.0,2500.0,Rs./Quintal,Grade B
Sirhind APMC,6.5,Metric Tonnes,Other,3500.0,4100.0,4000.0,Rs./Quintal,Grade B
Sunam APMC,1.0,Metric Tonnes,Onion,3000.0,3000.0,3000.0,Rs./Quintal,Grade A
Tanda Urmur APMC,2.7,Metric Tonnes,Nasik,4500.0,5000.0,4800.0,Rs./Quintal,Grade A
Tarantaran APMC,0.6,Metric Tonnes,Other,2500.0,2500.0,2500.0,Rs./Quintal,Local
Zira APMC,0.11,Metric Tonnes,Other,4600.0,4600.0,4600.0,Rs./Quintal,Local
Total,1039.31,Metric Tonnes,,,,3661.41,Rs./Quintal,
State/UT Name : Rajasthan
Bassi APMC,0.2,Metric Tonnes,Other,3800.0,4200.0,4000.0,Rs./Quintal,Local
Bayana APMC,3.0,Metric Tonnes,Onion,2500.0,2500.0,2500.0,Rs./Quintal,Local
Bhadara APMC,0.8,Metric Tonnes,1st Sort,4400.0,4600.0,4488.0,Rs./Quintal,FAQ
Bhilwara APMC,32.800000000000004,Metric Tonnes,Other,2500.0,4500.0,3500.0,Rs./Quintal,FAQ
Bikaner (F&V) APMC,88.6,Metric Tonnes,Other,1900.0,1900.0,1900.0,Rs./Quintal,Medium
Chomu FV APMC,11.0,Metric Tonnes,Other,3500.0,4500.0,4000.0,Rs./Quintal,Local
Dablirathan APMC,0.05,Metric Tonnes,1st Sort,2600.0,2800.0,2700.0,Rs./Quintal,Local
Goluwala APMC,0.17,Metric Tonnes,1st Sort,3500.0,4000.0,4000.0,Rs./Quintal,Non-FAQ
Jaipur (F&V) APMC,125.4,Metric Tonnes,Other,2000.0,4500.0,3250.0,Rs./Quintal,FAQ
Jalore APMC,2.2,Metric Tonnes,Onion,2500.0,3000.0,2800.0,Rs./Quintal,Local
Jodhpur (F&V) APMC,233.0,Metric Tonnes,Medium,1500.0,4000.0,2750.0,Rs./Quintal,Medium
Pratapgarh APMC,28.200000000000003,Metric Tonnes,Other,1500.0,4501.0,3700.0,Rs./Quintal,FAQ
Rajsamand APMC,6.5,Metric Tonnes,Onion,2000.0,3000.0,2500.0,Rs./Quintal,FAQ
Rawatsar APMC,1.0,Metric Tonnes,1st Sort,800.0,2500.0,1200.0,Rs./Quintal,FAQ
Sangriya APMC,0.6000000000000001,Metric Tonnes,Onion,2400.0,3800.0,3100.0,Rs./Quintal,Local
Sriganganagar (F&V) APMC,39.0,Metric Tonnes,Onion,4100.0,4500.0,4300.0,Rs./Quintal,Grade C
Udaipur (F&V) APMC,34.1,Metric Tonnes,Other,1000.0,4500.0,2750.0,Rs./Quintal,Medium
Total,606.62,Metric Tonnes,,,,2933.35,Rs./Quintal,
State/UT Name : Tamil Nadu
AJattihalli(Uzhavar Sandhai ),0.52,Metric Tonnes,Bellary,5000.0,5800.0,5400.0,Rs./Quintal,Local
Alangudi(Uzhavar Sandhai ),0.08,Metric Tonnes,Bellary,6000.0,7000.0,6500.0,Rs./Quintal,Local
Ambattur(Uzhavar Sandhai ),0.05,Metric Tonnes,Bellary,5000.0,5000.0,5000.0,Rs./Quintal,Local
Ammapet(Uzhavar Sandhai ),0.27,Metric Tonnes,Bellary,5500.0,6000.0,5750.0,Rs./Quintal,Local
Anaiyur(Uzhavar Sandhai ),0.65,Metric Tonnes,Bellary,6000.0,6500.0,6250.0,Rs./Quintal,Local
Andipatti(Uzhavar Sandhai ),0.75,Metric Tonnes,Bellary,5500.0,5800.0,5650.0,Rs./Quintal,Local
Anna nagar(Uzhavar Sandhai ),1.73,Metric Tonnes,Bellary,6000.0,6400.0,6200.0,Rs./Quintal,Local
Arani(Uzhavar Sandhai ),1.1,Metric Tonnes,Bellary,5000.0,6000.0,5500.0,Rs./Quintal,Local
Aranthangi(Uzhavar Sandhai ),0.2,Metric Tonnes,Bellary,5500.0,6000.0,5750.0,Rs./Quintal,Local
Arcot(Uzhavar Sandhai ),0.74,Metric Tonnes,Bellary,5000.0,5600.0,5300.0,Rs./Quintal,Local
Ariyalur(Uzhavar Sandhai),0.13,Metric Tonnes,Bellary,4500.0,5000.0,4750.0,Rs./Quintal,Local
Aruppukottai(Uzhavar Sandhai ),0.63,Metric Tonnes,Bellary,5500.0,6000.0,5750.0,Rs./Quintal,Local
Athur(Uzhavar Sandhai ),0.86,Metric Tonnes,Bellary,5500.0,6000.0,5750.0,Rs./Quintal,Local
Avallapalli(Uzhavar Sandhai ),0.26,Metric Tonnes,Bellary,5500.0,6000.0,5750.0,Rs./Quintal,Local
Bodinayakanur(Uzhavar Sandhai ),0.23,Metric Tonnes,Bellary,5800.0,5800.0,5800.0,Rs./Quintal,Local
Chengalpet(Uzhavar Sandhai ),0.51,Metric Tonnes,Bellary,5000.0,6000.0,5500.0,Rs./Quintal,Local
Chengam(Uzhavar Sandhai ),0.23,Metric Tonnes,Bellary,5000.0,6000.0,5500.0,Rs./Quintal,Local
Cheyyar(Uzhavar Sandhai ),0.15,Metric Tonnes,Bellary,5000.0,6000.0,5500.0,Rs./Quintal,Local
Chidambaram(Uzhavar Sandhai ),0.02,Metric Tonnes,Bellary,5000.0,5000.0,5000.0,Rs./Quintal,Local
Chinnalapatti(Uzhavar Sandhai ),0.56,Metric Tonnes,Bellary,5000.0,6000.0,5500.0,Rs./Quintal,Local
Chinnamanur(Uzhavar Sandhai ),1.09,Metric Tonnes,Bellary,6000.0,6000.0,6000.0,Rs./Quintal,Local
Chokkikulam(Uzhavar Sandhai ),1.45,Metric Tonnes,Bellary,4000.0,6500.0,5250.0,Rs./Quintal,Local
Coonoor(Uzhavar Sandhai ),1.4,Metric Tonnes,Bellary,5500.0,6000.0,5750.0,Rs./Quintal,Local
Cuddalore(Uzhavar Sandhai ),0.4,Metric Tonnes,Bellary,5000.0,6000.0,5500.0,Rs./Quintal,Local
Denkanikottai(Uzhavar Sandhai ),0.28,Metric Tonnes,Bellary,5000.0,5500.0,5250.0,Rs./Quintal,Local
Devakottai (Uzhavar Sandhai ),0.22,Metric Tonnes,Bellary,6200.0,6800.0,6500.0,Rs./Quintal,Local
Devaram(Uzhavar Sandhai ),0.18,Metric Tonnes,Bellary,5500.0,5500.0,5500.0,Rs./Quintal,Local
Dharapuram(Uzhavar Sandhai ),1.1,Metric Tonnes,Bellary,6000.0,6000.0,6000.0,Rs./Quintal,Local
Dharmapuri(Uzhavar Sandhai ),1.11,Metric Tonnes,Bellary,5500.0,5800.0,5650.0,Rs./Quintal,Local
Dindigul(Uzhavar Sandhai ),1.1,Metric Tonnes,Bellary,5000.0,6000.0,5500.0,Rs./Quintal,Local
Edapadi (Uzhavar Sandhai ),0.33,Metric Tonnes,Bellary,6000.0,6400.0,6200.0,Rs./Quintal,Local
Elampillai(Uzhavar Sandhai ),0.52,Metric Tonnes,Bellary,5000.0,6500.0,5750.0,Rs./Quintal,Local
Gandarvakottai(Uzhavar Sandhai ),0.22,Metric Tonnes,Bellary,6000.0,7000.0,6500.0,Rs./Quintal,Local
Gandhigramam(Uzhavar Sandhai),0.29,Metric Tonnes,Bellary,5500.0,6000.0,5750.0,Rs./Quintal,Local
Gingee(Uzhavar Sandhai ),0.2,Metric Tonnes,Bellary,5000.0,6000.0,5500.0,Rs./Quintal,Local
Gobichettipalayam(Uzhavar Sandhai ),0.56,Metric Tonnes,Bellary,5500.0,6000.0,5750.0,Rs./Quintal,Local
Gudalur(Uzhavar Sandhai ),0.06,Metric Tonnes,Bellary,5000.0,6000.0,5500.0,Rs./Quintal,Local
Gudiyatham(Uzhavar Sandhai ),0.18,Metric Tonnes,Bellary,5000.0,5000.0,5000.0,Rs./Quintal,Local
Guduvancheri(Uzhavar Sandhai ),0.22,Metric Tonnes,Bellary,5000.0,6000.0,5500.0,Rs./Quintal,Local
Harur(Uzhavar Sandhai ),0.22,Metric Tonnes,Bellary,4500.0,5500.0,5000.0,Rs./Quintal,Local
Hasthampatti(Uzhavar Sandhai ),0.45,Metric Tonnes,Bellary,5500.0,6000.0,5750.0,Rs./Quintal,Local
Hosur(Uzhavar Sandhai ),5.66,Metric Tonnes,Bellary,5000.0,6000.0,5500.0,Rs./Quintal,Local
Jalagandapuram(Uzhavar Sandhai ),0.12,Metric Tonnes,Bellary,5000.0,6000.0,5500.0,Rs./Quintal,Local
Jameenrayapettai(Uzhavar Sandhai ),0.55,Metric Tonnes,Bellary,5000.0,6000.0,5500.0,Rs./Quintal,Local
Jeyankondam (Uzhavar Sandhai ),0.01,Metric Tonnes,Bellary,4600.0,5000.0,4800.0,Rs./Quintal,Local
KKNagar(Uzhavar Sandhai ),1.7,Metric Tonnes,Bellary,6400.0,6400.0,6400.0,Rs./Quintal,Local
Kahithapattarai(Uzhavar Sandhai ),0.9,Metric Tonnes,Bellary,6000.0,6000.0,6000.0,Rs./Quintal,Local
Kallakurichi(Uzhavar Sandhai ),0.3,Metric Tonnes,Bellary,6000.0,7000.0,6500.0,Rs./Quintal,Local
Kambam(Uzhavar Sandhai ),1.5,Metric Tonnes,Bellary,5500.0,5500.0,5500.0,Rs./Quintal,Local
Kancheepuram(Uzhavar Sandhai ),0.65,Metric Tonnes,Bellary,5000.0,5500.0,5250.0,Rs./Quintal,Local
Kangayam(Uzhavar Sandhai ),0.6,Metric Tonnes,Bellary,5200.0,5500.0,5350.0,Rs./Quintal,Local
Karaikudi(Uzhavar Sandhai ),0.33,Metric Tonnes,Bellary,6400.0,6800.0,6600.0,Rs./Quintal,Local
Karambakkudi(Uzhavar Sandhai ),0.18,Metric Tonnes,Bellary,6000.0,7000.0,6500.0,Rs./Quintal,Local
Karimangalam(Uzhavar Sandhai),0.18,Metric Tonnes,Bellary,5000.0,5500.0,5250.0,Rs./Quintal,Local
Kariyapatti(Uzhavar Sandhai ),0.25,Metric Tonnes,Bellary,5500.0,6000.0,5750.0,Rs./Quintal,Local
Karur(Uzhavar Sandhai ),0.35,Metric Tonnes,Bellary,5500.0,6000.0,5750.0,Rs./Quintal,Local
Katpadi (Uzhavar Sandhai ),1.5,Metric Tonnes,Bellary,6000.0,6000.0,6000.0,Rs./Quintal,Local
Kaveripattinam(Uzhavar Sandhai ),0.28,Metric Tonnes,Bellary,5000.0,5000.0,5000.0,Rs./Quintal,Local
Keelpennathur(Uzhavar Sandhai ),0.03,Metric Tonnes,Bellary,5500.0,6000.0,5750.0,Rs./Quintal,Local
Kovilpatti(Uzhavar Sandhai ),0.3,Metric Tonnes,Bellary,6000.0,6500.0,6250.0,Rs./Quintal,Local
Krishnagiri(Uzhavar Sandhai ),1.73,Metric Tonnes,Bellary,5000.0,5500.0,5250.0,Rs./Quintal,Local
Kulithalai(Uzhavar Sandhai ),0.66,Metric Tonnes,Bellary,5500.0,6000.0,5750.0,Rs./Quintal,Local
Kumarapalayam(Uzhavar Sandhai ),0.08,Metric Tonnes,Bellary,2800.0,3000.0,2900.0,Rs./Quintal,Local
Kumbakonam (Uzhavar Sandhai ),1.06,Metric Tonnes,Bellary,4800.0,7200.0,6000.0,Rs./Quintal,Local
Kundrathur(Uzhavar Sandhai ),0.85,Metric Tonnes,Bellary,4000.0,5000.0,4500.0,Rs./Quintal,Local
Kurichi(Uzhavar Sandhai ),0.05,Metric Tonnes,Bellary,5200.0,5500.0,5350.0,Rs./Quintal,Local
Lalgudi(Uzhavar Sandhai ),0.31,Metric Tonnes,Bellary,5000.0,6000.0,5500.0,Rs./Quintal,Local
Madhuranthagam(Uzhavar Sandhai ),0.08,Metric Tonnes,Bellary,6000.0,6000.0,6000.0,Rs./Quintal,Local
Manachanallur(Uzhavar Sandhai ),0.12,Metric Tonnes,Bellary,5000.0,6000.0,5500.0,Rs./Quintal,Local
Manapparai(Uzhavar Sandhai ),0.23,Metric Tonnes,Bellary,5000.0,6000.0,5500.0,Rs./Quintal,Local
Mannargudi I(Uzhavar Sandhai ),1.28,Metric Tonnes,Bellary,5600.0,6400.0,6000.0,Rs./Quintal,Local
Mannargudi II(Uzhavar Sandhai ),0.32,Metric Tonnes,Bellary,6400.0,6400.0,6400.0,Rs./Quintal,Local
Mayiladuthurai(Uzhavar Sandhai ),0.18,Metric Tonnes,Bellary,3500.0,4000.0,3750.0,Rs./Quintal,Local
Medavakkam(Uzhavar Sandhai ),0.2,Metric Tonnes,Bellary,6000.0,6000.0,6000.0,Rs./Quintal,Local
Melapalayam(Uzhavar Sandhai ),1.2,Metric Tonnes,Bellary,5000.0,5600.0,5300.0,Rs./Quintal,Local
Melur(Uzhavar Sandhai ),0.45,Metric Tonnes,Bellary,6000.0,6500.0,6250.0,Rs./Quintal,Local
Mettupalayam(Uzhavar Sandhai ),0.85,Metric Tonnes,Bellary,5000.0,5600.0,5300.0,Rs./Quintal,Local
Mettur(Uzhavar Sandhai ),0.36,Metric Tonnes,Bellary,5500.0,6500.0,6000.0,Rs./Quintal,Local
Mohanur(Uzhavar Sandhai ),0.4,Metric Tonnes,Bellary,5500.0,6000.0,5750.0,Rs./Quintal,Local
Musiri(Uzhavar Sandhai ),0.67,Metric Tonnes,Bellary,5000.0,6500.0,5750.0,Rs./Quintal,Local
Muthupettai(Uzhavar Sandhai ),0.07,Metric Tonnes,Bellary,5000.0,5000.0,5000.0,Rs./Quintal,Local
Myladi(Uzhavar Sandhai ),0.04,Metric Tonnes,Bellary,6000.0,6500.0,6250.0,Rs./Quintal,Local
NGO Colony(Uzhavar Sandhai ),0.35,Metric Tonnes,Bellary,5000.0,5600.0,5300.0,Rs./Quintal,Local
Nagapattinam(Uzhavar Sandhai ),0.2,Metric Tonnes,Bellary,3000.0,3800.0,3400.0,Rs./Quintal,Local
Namakkal(Uzhavar Sandhai ),1.1,Metric Tonnes,Bellary,5000.0,5600.0,5300.0,Rs./Quintal,Local
Nanganallur(Uzhavar Sandhai ),0.15,Metric Tonnes,Bellary,5500.0,6000.0,5750.0,Rs./Quintal,Local
Naravarikuppam(Uzhavar Sandhai ),0.29,Metric Tonnes,Bellary,5500.0,5500.0,5500.0,Rs./Quintal,Local
Natrampalli(Uzhavar Sandhai ),0.55,Metric Tonnes,Bellary,5000.0,6000.0,5500.0,Rs./Quintal,Local
Needamangalam(Uzhavar Sandhai ),0.04,Metric Tonnes,Bellary,5000.0,5000.0,5000.0,Rs./Quintal,Local
Padappai(Uzhavar Sandhai ),0.75,Metric Tonnes,Bellary,4800.0,5500.0,5150.0,Rs./Quintal,Local
Palacode(Uzhavar Sandhai ),0.22,Metric Tonnes,Bellary,5500.0,5800.0,5650.0,Rs./Quintal,Local
Palanganatham(Uzhavar Sandhai ),0.9,Metric Tonnes,Bellary,3000.0,6500.0,4750.0,Rs./Quintal,Local
Palani(Uzhavar Sandhai ),0.85,Metric Tonnes,Bellary,4500.0,6000.0,5250.0,Rs./Quintal,Local
Palayamkottai(Uzhavar Sandhai ),2.35,Metric Tonnes,Bellary,4800.0,5600.0,5200.0,Rs./Quintal,Local
Pallavaram(Uzhavar Sandhai ),0.9,Metric Tonnes,Bellary,5000.0,6000.0,5500.0,Rs./Quintal,Local
Pallikonda(Uzhavar Sandhai),0.12,Metric Tonnes,Bellary,6000.0,6000.0,6000.0,Rs./Quintal,Local
Panruti(Uzhavar Sandhai ),0.08,Metric Tonnes,Bellary,5000.0,5000.0,5000.0,Rs./Quintal,Local
Papanasam(Uzhavar Sandhai ),0.22,Metric Tonnes,Bellary,4800.0,7200.0,6000.0,Rs./Quintal,Local
Paramakudi(Uzhavar Sandhai ),0.48,Metric Tonnes,Bellary,5000.0,5500.0,5250.0,Rs./Quintal,Local
Paramathivelur(Uzhavar Sandhai ),0.19,Metric Tonnes,Bellary,5000.0,5500.0,5250.0,Rs./Quintal,Local
Paruthipattu(Uzhavar Sandhai ),0.23,Metric Tonnes,Bellary,5000.0,5000.0,5000.0,Rs./Quintal,Local
Pattukottai(Uzhavar Sandhai ),0.75,Metric Tonnes,Bellary,4600.0,6000.0,5300.0,Rs./Quintal,Local
Pennagaram(Uzhavar Sandhai ),0.19,Metric Tonnes,Bellary,5500.0,5800.0,5650.0,Rs./Quintal,Local
Perambakkam(Uzhavar Sandhai ),0.02,Metric Tonnes,Bellary,5000.0,5000.0,5000.0,Rs./Quintal,Local
Perambalur(Uzhavar Sandhai ),0.7,Metric Tonnes,Bellary,6000.0,6400.0,6200.0,Rs./Quintal,Local
Perampet(Uzhavar Sandhai),0.05,Metric Tonnes,Bellary,5000.0,5000.0,5000.0,Rs./Quintal,Local
Peravurani(Uzhavar Sandhai),0.1,Metric Tonnes,Bellary,2500.0,3000.0,2750.0,Rs./Quintal,Local
Periyakulam(Uzhavar Sandhai ),0.34,Metric Tonnes,Bellary,5600.0,5800.0,5700.0,Rs./Quintal,Local
Perundurai(Uzhavar Sandhai ),0.26,Metric Tonnes,Bellary,5500.0,6000.0,5750.0,Rs./Quintal,Local
Pollachi(Uzhavar Sandhai ),0.35,Metric Tonnes,Bellary,5000.0,5800.0,5400.0,Rs./Quintal,Local
Polur(Uzhavar Sandhai ),0.2,Metric Tonnes,Bellary,5000.0,6000.0,5500.0,Rs./Quintal,Local
Ponnamaravathi(Uzhavar Sandhai),0.2,Metric Tonnes,Bellary,5500.0,6000.0,5750.0,Rs./Quintal,Local
Pudukottai(Uzhavar Sandhai ),0.78,Metric Tonnes,Bellary,5500.0,7000.0,6250.0,Rs./Quintal,Local
RSPuram(Uzhavar Sandhai ),4.29,Metric Tonnes,Bellary,5200.0,5500.0,5350.0,Rs./Quintal,Local
Rajapalayam(Uzhavar Sandhai ),0.21,Metric Tonnes,Bellary,6000.0,6500.0,6250.0,Rs./Quintal,Local
Ramanathapuram(Uzhavar Sandhai ),0.13,Metric Tonnes,Bellary,6500.0,7000.0,6750.0,Rs./Quintal,Local
Ranipettai(Uzhavar Sandhai ),0.2,Metric Tonnes,Bellary,5600.0,5600.0,5600.0,Rs./Quintal,Local
Rasipuram(Uzhavar Sandhai ),0.58,Metric Tonnes,Bellary,5600.0,6000.0,5800.0,Rs./Quintal,Local
Sampath Nagar(Uzhavar Sandhai ),0.58,Metric Tonnes,Bellary,5500.0,6000.0,5750.0,Rs./Quintal,Local
Sankarankoil(Uzhavar Sandhai ),0.47,Metric Tonnes,Bellary,5000.0,6000.0,5500.0,Rs./Quintal,Local
Sankarapuram(Uzhavar Sandhai ),0.22,Metric Tonnes,Bellary,6000.0,6000.0,6000.0,Rs./Quintal,Local
Sathiyamagalam(Uzhavar Sandhai ),0.27,Metric Tonnes,Bellary,5400.0,5800.0,5600.0,Rs./Quintal,Local
Sathur(Uzhavar Sandhai ),0.06,Metric Tonnes,Bellary,4500.0,5000.0,4750.0,Rs./Quintal,Local
Singampunari(Uzhavar Sandhai ),0.24,Metric Tonnes,Bellary,4200.0,6000.0,5100.0,Rs./Quintal,Local
Singanallur(Uzhavar Sandhai ),1.12,Metric Tonnes,Bellary,5000.0,5500.0,5250.0,Rs./Quintal,Local
Sirkali(Uzhavar Sandhai ),0.36,Metric Tonnes,Bellary,4500.0,5000.0,4750.0,Rs./Quintal,Local
Sivagangai (Uzhavar Sandhai ),0.38,Metric Tonnes,Bellary,6200.0,6600.0,6400.0,Rs./Quintal,Local
Sivakasi(Uzhavar Sandhai ),0.05,Metric Tonnes,Bellary,5000.0,6000.0,5500.0,Rs./Quintal,Local
Sooramangalam(Uzhavar Sandhai ),0.5,Metric Tonnes,Bellary,5000.0,6000.0,5500.0,Rs./Quintal,Local
Srivilliputhur(Uzhavar Sandhai ),0.1,Metric Tonnes,Bellary,4500.0,5500.0,5000.0,Rs./Quintal,Local
Sulur(Uzhavar Sandhai ),0.25,Metric Tonnes,Bellary,5000.0,5500.0,5250.0,Rs./Quintal,Local
Sundarapuram(Uzhavar Sandhai ),0.88,Metric Tonnes,Bellary,5000.0,5500.0,5250.0,Rs./Quintal,Local
Sunguvarchatram(Uzhavar Sandhai ),0.85,Metric Tonnes,Bellary,4000.0,5000.0,4500.0,Rs./Quintal,Local
Tenkasi(Uzhavar Sandhai ),0.55,Metric Tonnes,Bellary,5000.0,5000.0,5000.0,Rs./Quintal,Local
Thalavadi(Uzhavar Sandhai ),0.23,Metric Tonnes,Bellary,5500.0,6000.0,5750.0,Rs./Quintal,Local
Thalavaipuram(Uzhavar Sandhai ),0.06,Metric Tonnes,Bellary,5500.0,6500.0,6000.0,Rs./Quintal,Local
Thammampatti (Uzhavar Sandhai ),0.48,Metric Tonnes,Bellary,5500.0,6000.0,5750.0,Rs./Quintal,Local
Thanjavur(Uzhavar Sandhai ),1.01,Metric Tonnes,Bellary,6000.0,6000.0,6000.0,Rs./Quintal,Local
Thathakapatti(Uzhavar Sandhai ),0.38,Metric Tonnes,Bellary,5500.0,6000.0,5750.0,Rs./Quintal,Local
Theni(Uzhavar Sandhai ),1.14,Metric Tonnes,Bellary,5500.0,5800.0,5650.0,Rs./Quintal,Local
Thirukalukundram(Uzhavar Sandhai ),0.08,Metric Tonnes,Bellary,5500.0,6000.0,5750.0,Rs./Quintal,Local
Thirumangalam(Uzhavar Sandhai ),0.68,Metric Tonnes,Bellary,6000.0,6500.0,6250.0,Rs./Quintal,Local
Thirupathur APMC,0.8,Metric Tonnes,Bellary,5500.0,5500.0,5500.0,Rs./Quintal,Local
Thiruverumbur(Uzhavar Sandhai ),0.7,Metric Tonnes,Bellary,4600.0,6000.0,5300.0,Rs./Quintal,Local
Thuraiyur APMC,0.37,Metric Tonnes,Bellary,5000.0,6500.0,5750.0,Rs./Quintal,Local
Tindivanam APMC,0.45,Metric Tonnes,Bellary,4800.0,5800.0,5300.0,Rs./Quintal,Local
Tiruchengode APMC,0.38,Metric Tonnes,Bellary,5400.0,6000.0,5700.0,Rs./Quintal,Local
Tirukattupalli(Uzhavar Sandhai ),0.24,Metric Tonnes,Bellary,4000.0,6000.0,5000.0,Rs./Quintal,Local
Tirupatthur(Uzhavar Sandhai ),0.37,Metric Tonnes,Bellary,6500.0,7000.0,6750.0,Rs./Quintal,Local
Tiruppur (North) (Uzhavar Sandhai ),0.6,Metric Tonnes,Bellary,5000.0,5500.0,5250.0,Rs./Quintal,Local
Tiruppur (South) (Uzhavar Sandhai ),0.52,Metric Tonnes,Bellary,4000.0,5000.0,4500.0,Rs./Quintal,Local
Tiruthani(Uzhavar Sandhai ),0.9,Metric Tonnes,Bellary,5000.0,5000.0,5000.0,Rs./Quintal,Local
Tiruvallur(Uzhavar Sandhai ),0.18,Metric Tonnes,Bellary,5000.0,5000.0,5000.0,Rs./Quintal,Local
Tiruvannamalai(Uzhavar Sandhai ),1.0,Metric Tonnes,Bellary,5000.0,6000.0,5500.0,Rs./Quintal,Local
Tuticorin(Uzhavar Sandhai ),1.18,Metric Tonnes,Bellary,5000.0,5500.0,5250.0,Rs./Quintal,Local
Udhagamandalam(Uzhavar Sandhai ),2.37,Metric Tonnes,Bellary,5500.0,6000.0,5750.0,Rs./Quintal,Local
Udumalpet APMC,0.69,Metric Tonnes,Bellary,6000.0,6500.0,6250.0,Rs./Quintal,Local
Ulundurpettai APMC,0.46,Metric Tonnes,Bellary,5500.0,5500.0,5500.0,Rs./Quintal,Local
Usilampatti(Uzhavar Sandhai ),0.52,Metric Tonnes,Bellary,6000.0,6500.0,6250.0,Rs./Quintal,Local
Vadalur(Uzhavar Sandhai ),0.17,Metric Tonnes,Bellary,5000.0,6000.0,5500.0,Rs./Quintal,Local
Vadaseri APMC,0.36,Metric Tonnes,Bellary,6000.0,6500.0,6250.0,Rs./Quintal,Local
Vadavalli(Uzhavar Sandhai ),0.84,Metric Tonnes,Bellary,5200.0,5500.0,5350.0,Rs./Quintal,Local
Vandavasi(Uzhavar Sandhai ),0.04,Metric Tonnes,Bellary,5000.0,6000.0,5500.0,Rs./Quintal,Local
Vaniyampadi(Uzhavar Sandhai ),0.7,Metric Tonnes,Bellary,5000.0,5000.0,5000.0,Rs./Quintal,Local
Vazhapadi(Uzhavar Sandhai),0.08,Metric Tonnes,Bellary,6000.0,6500.0,6250.0,Rs./Quintal,Local
Vedaranyam(Uzhavar Sandhai),0.06,Metric Tonnes,Bellary,3200.0,3500.0,3350.0,Rs./Quintal,Local
Vedasanthur(Uzhavar Sandhai ),0.01,Metric Tonnes,Bellary,5000.0,6000.0,5500.0,Rs./Quintal,Local
Vellore APMC,1.4,Metric Tonnes,Bellary,5000.0,5800.0,5400.0,Rs./Quintal,Local
Villupuram(Uzhavar Sandhai ),0.48,Metric Tonnes,Bellary,6000.0,6000.0,6000.0,Rs./Quintal,Local
Viralimalai(Uzhavar Sandhai ),0.12,Metric Tonnes,Bellary,6500.0,7000.0,6750.0,Rs./Quintal,Local
Virudhunagar(Uzhavar Sandhai ),0.09,Metric Tonnes,Bellary,5500.0,6000.0,5750.0,Rs./Quintal,Local
Viruthachalam(Uzhavar Sandhai ),0.16,Metric Tonnes,Bellary,5000.0,5000.0,5000.0,Rs./Quintal,Local
Total,94.33,Metric Tonnes,,,,5566.69,Rs./Quintal,
State/UT Name : Telangana
"Alwal,RBZ",0.2,Metric Tonnes,Onion,4900.0,4900.0,4900.0,Rs./Quintal,FAQ
Bowenpally APMC,54.0,Metric Tonnes,Onion,2000.0,4500.0,3500.0,Rs./Quintal,FAQ
"Excise Colony,RBZ ",0.18,Metric Tonnes,Other,5000.0,5000.0,5000.0,Rs./Quintal,Grade A
Gudimalkapur APMC,137.4,Metric Tonnes,Onion,1400.0,5000.0,2400.0,Rs./Quintal,Grade B
"Kukatpally,RBZ",14.4,Metric Tonnes,Other,4000.0,4500.0,4250.0,Rs./Quintal,Local
Mahboob Manison APMC,219.60000000000002,Metric Tonnes,Onion,3500.0,4600.0,3800.0,Rs./Quintal,Large
Mahboob Manison APMC,329.40000000000003,Metric Tonnes,Onion,1500.0,3000.0,2600.0,Rs./Quintal,Small
Miryalguda(Rythu Bazar) ,1.1,Metric Tonnes,Red,5500.0,5500.0,5500.0,Rs./Quintal,Grade A
RYTHU BAZAR ERRAGADDA,10.4,Metric Tonnes,1st Sort,4000.0,4200.0,4084.62,Rs./Quintal,Grade A
Sadasivpet APMC,8.1,Metric Tonnes,Local,1419.0,4806.0,4608.0,Rs./Quintal,Local
"Saroornagar,RBZ",1.6,Metric Tonnes,Other,4900.0,4900.0,4900.0,Rs./Quintal,Medium
Siddipet(Rythu Bazar) ,2.5,Metric Tonnes,Onion,4000.0,5000.0,4500.0,Rs./Quintal,Grade A
"Vanasthalipuram,RBZ ",1.6,Metric Tonnes,Onion,4400.0,4400.0,4400.0,Rs./Quintal,Grade A
Total,780.48,Metric Tonnes,,,,3055.48,Rs./Quintal,
State/UT Name : Tripura
Dasda APMC,0.30000000000000004,Metric Tonnes,Onion,4500.0,4700.0,4600.0,Rs./Quintal,FAQ
Gondatwisa APMC,0.2,Metric Tonnes,Onion,3800.0,4000.0,3900.0,Rs./Quintal,FAQ
Halahali,0.3,Metric Tonnes,1st Sort,5800.0,6000.0,5900.0,Rs./Quintal,FAQ
Jampuijala APMC,0.1,Metric Tonnes,Other,4800.0,5000.0,4900.0,Rs./Quintal,Medium
Kadamtala,3.8000000000000003,Metric Tonnes,Nasik,3400.0,3500.0,3450.0,Rs./Quintal,Medium
Kalsi APMC,0.4,Metric Tonnes,Other,1850.0,1950.0,1880.0,Rs./Quintal,FAQ
Machmara,0.6000000000000001,Metric Tonnes,Nasik,4800.0,5000.0,4900.0,Rs./Quintal,FAQ
Manubazar,0.7000000000000001,Metric Tonnes,1st Sort,4500.0,5000.0,4800.0,Rs./Quintal,Grade A
Melaghar APMC,2.0,Metric Tonnes,Small,5000.0,5200.0,5100.0,Rs./Quintal,Local
Pabiacherra APMC,0.9,Metric Tonnes,Nasik,4700.0,4900.0,4800.0,Rs./Quintal,FAQ
Panisagar APMC,3.9000000000000004,Metric Tonnes,Nasik,3400.0,3500.0,3450.0,Rs./Quintal,Medium
Silachhari APMC,0.1,Metric Tonnes,Nasik,4200.0,4500.0,4300.0,Rs./Quintal,FAQ
Total,13.3,Metric Tonnes,,,,3983.98,Rs./Quintal,
State/UT Name : Uttar Pradesh
Agra APMC,168.0,Metric Tonnes,Other,2500.0,2500.0,2500.0,Rs./Quintal,FAQ
Anwala APMC,60.5,Metric Tonnes,Other,2800.0,2800.0,2800.0,Rs./Quintal,FAQ
Azamgarh APMC,90.0,Metric Tonnes,Other,900.0,900.0,900.0,Rs./Quintal,FAQ
Balrampur APMC,32.195,Metric Tonnes,Other,1000.0,1000.0,1000.0,Rs./Quintal,FAQ
Bangarmau APMC,45.0,Metric Tonnes,Other,2000.0,2500.0,2333.33,Rs./Quintal,FAQ
Basti APMC,12.0,Metric Tonnes,Other,2500.0,2500.0,2500.0,Rs./Quintal,FAQ
Dudhi APMC,2.0,Metric Tonnes,Local,3300.0,3500.0,3400.0,Rs./Quintal,Medium
Fatehpur APMC,12.0,Metric Tonnes,Other,3500.0,3500.0,3500.0,Rs./Quintal,FAQ
Gadaura APMC,25.2,Metric Tonnes,Other,2000.0,2000.0,2000.0,Rs./Quintal,FAQ
Gangoh APMC,0.2,Metric Tonnes,Other,3200.0,3200.0,3200.0,Rs./Quintal,FAQ
Gorakhpur APMC,30.0,Metric Tonnes,Other,1500.0,1500.0,1500.0,Rs./Quintal,FAQ
Jaunpur APMC,17.0,Metric Tonnes,Other,3500.0,3600.0,3529.41,Rs./Quintal,FAQ
Jhansi APMC,10.5,Metric Tonnes,Other,2700.0,3000.0,2885.71,Rs./Quintal,FAQ
Kairana APMC,1.0,Metric Tonnes,Other,1800.0,1800.0,1800.0,Rs./Quintal,FAQ
Kanpur(Grain) APMC,298.7,Metric Tonnes,Other,3500.0,3500.0,3500.0,Rs./Quintal,FAQ
Khalilabad APMC,30.0,Metric Tonnes,Other,2500.0,2500.0,2500.0,Rs./Quintal,FAQ
Khandhla APMC,27.2,Metric Tonnes,Other,4400.0,4550.0,4496.69,Rs./Quintal,FAQ
Khekda APMC,0.1,Metric Tonnes,Other,3000.0,3000.0,3000.0,Rs./Quintal,FAQ
Lucknow APMC,81.5,Metric Tonnes,Other,3500.0,3500.0,3500.0,Rs./Quintal,FAQ
Meerut APMC,25.0,Metric Tonnes,Other,1500.0,1500.0,1500.0,Rs./Quintal,FAQ
Milak APMC,5.8,Metric Tonnes,Other,1510.0,1600.0,1533.28,Rs./Quintal,FAQ
Mugrabaadshahpur APMC,5.0,Metric Tonnes,Other,2500.0,2500.0,2500.0,Rs./Quintal,FAQ
Muradabad APMC,79.0,Metric Tonnes,Other,2500.0,2515.0,2508.1,Rs./Quintal,FAQ
Nawabganj APMC,145.0,Metric Tonnes,Other,820.0,820.0,820.0,Rs./Quintal,FAQ
Noida APMC,35.0,Metric Tonnes,Other,4000.0,4000.0,4000.0,Rs./Quintal,FAQ
Paliakala APMC,99.0,Metric Tonnes,Other,2800.0,2900.0,2834.85,Rs./Quintal,FAQ
Prayagraj APMC,11.0,Metric Tonnes,Other,3000.0,3000.0,3000.0,Rs./Quintal,FAQ
Pukharayan APMC,5.5,Metric Tonnes,Other,3000.0,3000.0,3000.0,Rs./Quintal,FAQ
Robertsganj APMC,2.5,Metric Tonnes,Other,2000.0,2000.0,2000.0,Rs./Quintal,FAQ
Saharanpur APMC,155.2,Metric Tonnes,Other,2500.0,3500.0,3000.48,Rs./Quintal,FAQ
Samsabad APMC,2.0,Metric Tonnes,Onion,2400.0,2600.0,2500.0,Rs./Quintal,Local
Sandila APMC,94.0,Metric Tonnes,Other,1500.0,1600.0,1535.17,Rs./Quintal,FAQ
Shahabad(New Mandi) APMC,56.64,Metric Tonnes,Other,2000.0,2500.0,2268.71,Rs./Quintal,FAQ
Shamli APMC,2.0,Metric Tonnes,Other,4000.0,4000.0,4000.0,Rs./Quintal,FAQ
Thanabhawan APMC,11.5,Metric Tonnes,Other,2300.0,2300.0,2300.0,Rs./Quintal,FAQ
Varanasi APMC,20.0,Metric Tonnes,Other,3500.0,3500.0,3500.0,Rs./Quintal,FAQ
Total,1697.24,Metric Tonnes,,,,2534.63,Rs./Quintal,
State/UT Name : Uttarakhand
Dehradoon APMC,17.6,Metric Tonnes,Nasik,1050.0,1600.0,1200.0,Rs./Quintal,Grade B
Haldwani APMC,23.8,Metric Tonnes,Other,3000.0,3800.0,3500.0,Rs./Quintal,FAQ
Haridwar Union APMC,2.1,Metric Tonnes,Other,2500.0,4500.0,3500.0,Rs./Quintal,Medium
Kotadwara APMC,1.5,Metric Tonnes,Onion,1400.0,1400.0,1400.0,Rs./Quintal,FAQ
Manglaur APMC,2.1,Metric Tonnes,Other,1500.0,2200.0,2000.0,Rs./Quintal,Large
Rishikesh APMC,8.5,Metric Tonnes,Other,2600.0,4300.0,3400.0,Rs./Quintal,Medium
Roorkee APMC,1.9000000000000001,Metric Tonnes,Other,2800.0,4500.0,3600.0,Rs./Quintal,Medium
Rudrapur APMC,22.0,Metric Tonnes,Other,3000.0,4500.0,4000.0,Rs./Quintal,Medium
Total,79.5,Metric Tonnes,,,,3041.64,Rs./Quintal,
State/UT Name : West Bengal
Alipurduar APMC,6.0,Metric Tonnes,Onion,2500.0,3500.0,3000.0,Rs./Quintal,FAQ
Asansol APMC,16.0,Metric Tonnes,Nasik,4200.0,4400.0,4350.0,Rs./Quintal,FAQ
Balarampur APMC,1.5,Metric Tonnes,Other,4000.0,4500.0,4200.0,Rs./Quintal,FAQ
Balurghat APMC,2.4,Metric Tonnes,1st Sort,4000.0,4300.0,4200.0,Rs./Quintal,FAQ
Bankura Sadar APMC,16.5,Metric Tonnes,Nasik,4600.0,5000.0,4800.0,Rs./Quintal,FAQ
Bara Bazar (Posta Bazar) APMC,78.0,Metric Tonnes,Nasik,4225.0,4500.0,4400.0,Rs./Quintal,FAQ
Bara Bazar (Posta Bazar) APMC,26.0,Metric Tonnes,Other,4150.0,4480.0,4375.0,Rs./Quintal,FAQ
Barasat APMC,48.0,Metric Tonnes,Other,4500.0,4500.0,4500.0,Rs./Quintal,FAQ
Baruipur(Canning) APMC,3.5,Metric Tonnes,Red,4700.0,4900.0,4800.0,Rs./Quintal,FAQ
Bethuadahari APMC,9.2,Metric Tonnes,Nasik,3800.0,4200.0,4000.0,Rs./Quintal,Grade A
Bishnupur(Bankura) APMC,0.7000000000000001,Metric Tonnes,Nasik,4000.0,4500.0,4200.0,Rs./Quintal,FAQ
Burdwan APMC,22.0,Metric Tonnes,Nasik,4200.0,4500.0,4400.0,Rs./Quintal,FAQ
Chakdah APMC,6.2,Metric Tonnes,Onion,4000.0,4500.0,4200.0,Rs./Quintal,FAQ
Dhupguri APMC,22.0,Metric Tonnes,Nasik,4400.0,4600.0,4500.0,Rs./Quintal,FAQ
Diamond Harbour(South 24-pgs) APMC,4.2,Metric Tonnes,Red,4700.0,4900.0,4800.0,Rs./Quintal,FAQ
Durgapur APMC,5.7,Metric Tonnes,Nasik,4200.0,4400.0,4300.0,Rs./Quintal,FAQ
English Bazar APMC,14.0,Metric Tonnes,Nasik,3800.0,4200.0,4000.0,Rs./Quintal,FAQ
Falakata APMC,9.0,Metric Tonnes,Other,2500.0,3500.0,3000.0,Rs./Quintal,FAQ
Gajol APMC,14.0,Metric Tonnes,Nasik,2800.0,3000.0,2900.0,Rs./Quintal,FAQ
Gangarampur(Dakshin Dinajpur) APMC,2.2,Metric Tonnes,1st Sort,3900.0,4200.0,4000.0,Rs./Quintal,FAQ
Garbeta(Medinipur) APMC,0.8,Metric Tonnes,Onion,4000.0,4400.0,4200.0,Rs./Quintal,FAQ
Ghatal APMC,2.9000000000000004,Metric Tonnes,Onion,5100.0,5300.0,5200.0,Rs./Quintal,FAQ
Habra APMC,30.0,Metric Tonnes,Onion,4000.0,4100.0,4000.0,Rs./Quintal,FAQ
Islampur APMC,4.0,Metric Tonnes,Dry F.A.Q.,3500.0,4500.0,4500.0,Rs./Quintal,FAQ
Jalpaiguri Sadar APMC,0.5,Metric Tonnes,Nasik,4300.0,4500.0,4400.0,Rs./Quintal,FAQ
Jangipur APMC,26.35,Metric Tonnes,Bellary,3400.0,3600.0,3500.0,Rs./Quintal,FAQ
Kalipur APMC,5.0,Metric Tonnes,Nasik,4400.0,4500.0,4500.0,Rs./Quintal,FAQ
Kalna APMC,3.45,Metric Tonnes,Nasik,4400.0,4500.0,4400.0,Rs./Quintal,FAQ
Kalyani APMC,2.6,Metric Tonnes,Other,4400.0,4800.0,4600.0,Rs./Quintal,Medium
Karimpur APMC,8.7,Metric Tonnes,Nasik,4000.0,4400.0,4200.0,Rs./Quintal,Grade A
Karsiyang(Matigara) APMC,0.3,Metric Tonnes,Nasik,5800.0,6000.0,5900.0,Rs./Quintal,FAQ
Medinipur(West) APMC,28.0,Metric Tonnes,Onion,4400.0,4600.0,4500.0,Rs./Quintal,FAQ
Moynaguri APMC,1.0,Metric Tonnes,Nasik,4500.0,4800.0,4600.0,Rs./Quintal,FAQ
Nadia APMC,5.8,Metric Tonnes,Nasik,4300.0,4500.0,4400.0,Rs./Quintal,FAQ
Pandua APMC,2.32,Metric Tonnes,Dry F.A.Q.,4000.0,4350.0,4200.0,Rs./Quintal,FAQ
Purulia APMC,7.0,Metric Tonnes,Other,4000.0,4600.0,4200.0,Rs./Quintal,FAQ
Raiganj APMC,4.5,Metric Tonnes,Nasik,3800.0,4500.0,4000.0,Rs./Quintal,FAQ
Ramkrishanpur(Howrah) APMC,0.56,Metric Tonnes,Nasik,5000.0,5500.0,5200.0,Rs./Quintal,FAQ
Rampurhat APMC,22.0,Metric Tonnes,Other,4300.0,4500.0,4400.0,Rs./Quintal,FAQ
Ranaghat APMC,5.6,Metric Tonnes,Other,4100.0,4500.0,4300.0,Rs./Quintal,FAQ
Samsi APMC,9.0,Metric Tonnes,Nasik,3250.0,3650.0,3450.0,Rs./Quintal,FAQ
Sheoraphuly APMC,107.0,Metric Tonnes,Nasik,4400.0,4675.0,4550.0,Rs./Quintal,FAQ
Siliguri APMC,45.0,Metric Tonnes,Onion,4200.0,4500.0,4400.0,Rs./Quintal,FAQ
Tamluk (Medinipur E) APMC,2.0,Metric Tonnes,Onion,3000.0,3400.0,3200.0,Rs./Quintal,FAQ
Uluberia APMC,0.32,Metric Tonnes,Nasik,5000.0,5500.0,5200.0,Rs./Quintal,FAQ
Total,631.8,Metric Tonnes,,,,4291.57,Rs./Quintal,
Grand Total,48032.46,Metric Tonnes,,,,3544.96,Rs./Quintal,
Potato
State/UT Name : Andhra Pradesh
Palamaner APMC,1.6,Metric Tonnes,Potato,1600.0,2000.0,1800.0,Rs./Quintal,FAQ
Total,1.6,Metric Tonnes,,,,1800.0,Rs./Quintal,
State/UT Name : Assam
Pamohi(Garchuk) APMC,60.0,Metric Tonnes,Other,1500.0,2500.0,1800.0,Rs./Quintal,FAQ
Pamohi(Garchuk) APMC,50.0,Metric Tonnes,Potato,900.0,1800.0,1300.0,Rs./Quintal,FAQ
Tinsukia Market,12.0,Metric Tonnes,Potato,900.0,1100.0,1000.0,Rs./Quintal,FAQ
Uparhali Pmy APMC,5.0,Metric Tonnes,Potato,1000.0,1300.0,1200.0,Rs./Quintal,FAQ
Total,127.0,Metric Tonnes,,,,1503.94,Rs./Quintal,
State/UT Name : Bihar
Balliah APMC,3.5,Metric Tonnes,Local,1100.0,1300.0,1200.0,Rs./Quintal,Grade B
Balliah APMC,3.5,Metric Tonnes,Local,1100.0,1300.0,1200.0,Rs./Quintal,Grade A
Balliah APMC,3.5,Metric Tonnes,Local,1100.0,1300.0,1200.0,Rs./Quintal,Grade C
Benipatti APMC,12.0,Metric Tonnes,Potato,1100.0,1200.0,1150.0,Rs./Quintal,FAQ
Bhagwanpur Mandi APMC,15.0,Metric Tonnes,Jyoti,1100.0,1100.0,1100.0,Rs./Quintal,Grade A
Bhagwanpur Mandi APMC,8.0,Metric Tonnes,Jyoti,1050.0,1050.0,1050.0,Rs./Quintal,Grade B
Bhagwanpur Mandi APMC,17.0,Metric Tonnes,Red Nanital,1100.0,1100.0,1100.0,Rs./Quintal,Grade B
Birpur APMC,4.0,Metric Tonnes,Red Nanital,2000.0,2500.0,2200.0,Rs./Quintal,Grade A
Buxur APMC,6.0,Metric Tonnes,Jyoti,1104.0,1112.0,1110.0,Rs./Quintal,Local
Chakia APMC,60.0,Metric Tonnes,Red,1000.0,1200.0,1100.0,Rs./Quintal,Grade A
Chhapra APMC,90.0,Metric Tonnes,Other,1100.0,1300.0,1200.0,Rs./Quintal,Grade A
Jamui APMC,17.0,Metric Tonnes,Jyoti,1100.0,1100.0,1100.0,Rs./Quintal,Grade A
Khagaria APMC,1.75,Metric Tonnes,Red,1000.0,1120.0,1040.0,Rs./Quintal,Grade A
Madhuban APMC,150.0,Metric Tonnes,Other,1100.0,1300.0,1200.0,Rs./Quintal,Local
Madhubani APMC,60.0,Metric Tonnes,Red,1050.0,1200.0,1100.0,Rs./Quintal,FAQ
Maharjganj APMC,4.0,Metric Tonnes,Red Nanital,1700.0,1700.0,1700.0,Rs./Quintal,FAQ
Raxaul APMC,4.5,Metric Tonnes,Red Nanital,1300.0,1500.0,1400.0,Rs./Quintal,Grade A
Saharsa APMC,20.0,Metric Tonnes,Local,1000.0,1200.0,1100.0,Rs./Quintal,FAQ
Total,479.75,Metric Tonnes,,,,1169.53,Rs./Quintal,
State/UT Name : Chandigarh
Chandigarh (Grain/F&V) APMC,231.0,Metric Tonnes,Potato,400.0,1300.0,1000.0,Rs./Quintal,FAQ
Total,231.0,Metric Tonnes,,,,1000.0,Rs./Quintal,
State/UT Name : Chattisgarh
Durg APMC,2.2,Metric Tonnes,Local,1200.0,1300.0,1300.0,Rs./Quintal,Medium
Rajnandgaon APMC,30.9,Metric Tonnes,Potato,900.0,1100.0,1000.0,Rs./Quintal,Grade B
Total,33.1,Metric Tonnes,,,,1019.94,Rs./Quintal,
State/UT Name : Goa
Mapusa APMC,1.95,Metric Tonnes,Potato,1200.0,1600.0,1500.0,Rs./Quintal,FAQ
Total,1.95,Metric Tonnes,,,,1500.0,Rs./Quintal,
State/UT Name : Gujarat
Ahmedabad(Chimanbhai Patal Market Vasana) APMC,19.8,Metric Tonnes,Chips,750.0,1400.0,1250.0,Rs./Quintal,FAQ
Ahmedabad(Chimanbhai Patal Market Vasana) APMC,105.2,Metric Tonnes,Desi,400.0,800.0,700.0,Rs./Quintal,FAQ
Ahmedabad(Chimanbhai Patal Market Vasana) APMC,10.5,Metric Tonnes,Other,600.0,800.0,750.0,Rs./Quintal,FAQ
"Anand(Veg,Yard,Anand) APMC",66.7,Metric Tonnes,Potato,1000.0,1200.0,1100.0,Rs./Quintal,Grade B
Bharuch APMC,26.5,Metric Tonnes,Other,1000.0,1700.0,1300.0,Rs./Quintal,Local
Bhuj APMC,49.0,Metric Tonnes,Desi,1000.0,2000.0,1500.0,Rs./Quintal,FAQ
Bilimora APMC,5.4,Metric Tonnes,Other,1400.0,1800.0,1600.0,Rs./Quintal,FAQ
Dahod(Veg. Market) APMC,25.0,Metric Tonnes,Potato,700.0,1100.0,1000.0,Rs./Quintal,Local
Deesa(Deesa Veg Yard) APMC,112.0,Metric Tonnes,Other,600.0,1100.0,850.0,Rs./Quintal,FAQ
Gondal(Veg.market Gondal) APMC,104.7,Metric Tonnes,Potato,750.0,1300.0,1025.0,Rs./Quintal,Local
Himatnagar(Veg.Market Himatnagar) APMC,2.7,Metric Tonnes,Potato,1000.0,1500.0,1500.0,Rs./Quintal,Local
Kapadvanj APMC,45.0,Metric Tonnes,Potato,800.0,1300.0,1050.0,Rs./Quintal,Medium
Khambhat(Veg Yard Khambhat) APMC,0.30000000000000004,Metric Tonnes,Desi,1000.0,1900.0,1500.0,Rs./Quintal,Local
Mehsana(Mehsana Veg) APMC,90.2,Metric Tonnes,Potato,500.0,1500.0,1000.0,Rs./Quintal,Local
Nadiad APMC,2.56,Metric Tonnes,Potato,1500.0,1700.0,1600.0,Rs./Quintal,FAQ
Nadiyad(Chaklasi) APMC,1.51,Metric Tonnes,Potato,1200.0,1500.0,1250.0,Rs./Quintal,FAQ
Nadiyad(Piplag) APMC,19.5,Metric Tonnes,Potato,1400.0,1600.0,1500.0,Rs./Quintal,FAQ
Navsari APMC,26.700000000000003,Metric Tonnes,Potato,700.0,1800.0,1250.0,Rs./Quintal,Grade A
Padra APMC,19.200000000000003,Metric Tonnes,Other,1500.0,2000.0,1750.0,Rs./Quintal,FAQ
Palitana APMC,10.28,Metric Tonnes,Potato,2100.0,3000.0,2550.0,Rs./Quintal,Medium
Porbandar APMC,50.6,Metric Tonnes,Red Nanital,1000.0,1500.0,1250.0,Rs./Quintal,Non-FAQ
Rajkot(Veg.Sub Yard) APMC,648.0,Metric Tonnes,Potato,465.0,1460.0,965.0,Rs./Quintal,FAQ
Surat APMC,742.0,Metric Tonnes,Other,400.0,1650.0,1025.0,Rs./Quintal,FAQ
Vadhvan APMC,45.5,Metric Tonnes,Potato,1500.0,2000.0,1750.0,Rs./Quintal,Medium
Vadodara(Sayajipura) APMC,30.130000000000003,Metric Tonnes,Other,800.0,1800.0,1350.0,Rs./Quintal,FAQ
Total,2258.98,Metric Tonnes,,,,1046.28,Rs./Quintal,
State/UT Name : Haryana
Bahadurgarh APMC,79.10000000000001,Metric Tonnes,Other,700.0,1000.0,800.0,Rs./Quintal,FAQ
Barwala APMC,3.0,Metric Tonnes,Local,700.0,800.0,750.0,Rs./Quintal,FAQ
Barwala(Hisar) APMC,12.5,Metric Tonnes,Potato,800.0,1000.0,900.0,Rs./Quintal,Local
Cheeka APMC,7.0,Metric Tonnes,Other,800.0,900.0,850.0,Rs./Quintal,FAQ
Chhachrauli APMC,0.3,Metric Tonnes,Potato,900.0,900.0,900.0,Rs./Quintal,Local
Dhand APMC,1.0,Metric Tonnes,Other,800.0,1000.0,950.0,Rs./Quintal,Medium
Farukh Nagar APMC,3.1,Metric Tonnes,Other,800.0,1100.0,900.0,Rs./Quintal,Medium
FerozpurZirkha(Nagina) APMC,12.0,Metric Tonnes,Other,1200.0,1600.0,1400.0,Rs./Quintal,Local
Gharaunda APMC,2.8,Metric Tonnes,Other,1000.0,1200.0,1200.0,Rs./Quintal,Local
Gohana APMC,23.0,Metric Tonnes,Other,1000.0,1500.0,1200.0,Rs./Quintal,Medium
Gurgaon APMC,210.0,Metric Tonnes,Other,600.0,1000.0,800.0,Rs./Quintal,Grade B
Hansi APMC,46.1,Metric Tonnes,Other,1000.0,4000.0,1000.0,Rs./Quintal,FAQ
Hissar APMC,77.9,Metric Tonnes,Local,600.0,1000.0,800.0,Rs./Quintal,Local
Hodal APMC,6.0,Metric Tonnes,Potato,600.0,800.0,700.0,Rs./Quintal,FAQ
Indri APMC,1.3,Metric Tonnes,Potato,900.0,900.0,900.0,Rs./Quintal,FAQ
Jagadhri APMC,5.65,Metric Tonnes,Potato,605.0,700.0,650.0,Rs./Quintal,FAQ
Jakhal APMC,0.2,Metric Tonnes,Other,600.0,600.0,600.0,Rs./Quintal,Non-FAQ
Jhajjar APMC,17.0,Metric Tonnes,Other,1100.0,1100.0,1100.0,Rs./Quintal,Medium
Kharkhoda APMC,8.3,Metric Tonnes,Other,1000.0,1200.0,1150.0,Rs./Quintal,FAQ
Kosli APMC,0.30000000000000004,Metric Tonnes,Other,1000.0,1000.0,1000.0,Rs./Quintal,FAQ
Ladwa APMC,1.8,Metric Tonnes,Red Nanital,1800.0,2500.0,2500.0,Rs./Quintal,Non-FAQ
Madlauda APMC,0.5,Metric Tonnes,Potato,1000.0,1000.0,1000.0,Rs./Quintal,FAQ
Meham,2.0,Metric Tonnes,Potato,800.0,800.0,800.0,Rs./Quintal,Medium
Naraingarh APMC,5.300000000000001,Metric Tonnes,Potato,400.0,1700.0,650.0,Rs./Quintal,Medium
Narnaul APMC,4.0,Metric Tonnes,Potato,800.0,1000.0,900.0,Rs./Quintal,Medium
Narwana APMC,4.5,Metric Tonnes,Potato,600.0,700.0,650.0,Rs./Quintal,Non-FAQ
"New Grain Market , Faridabad APMC",113.5,Metric Tonnes,Other,500.0,1000.0,750.0,Rs./Quintal,Non-FAQ
Nuh APMC,4.4,Metric Tonnes,Other,700.0,1000.0,900.0,Rs./Quintal,Local
Panipat APMC,73.0,Metric Tonnes,Potato,400.0,1000.0,700.0,Rs./Quintal,Local
Radaur APMC,1.5,Metric Tonnes,Other,1000.0,1200.0,1100.0,Rs./Quintal,Medium
Raipur Rani APMC,0.45,Metric Tonnes,Potato,800.0,1000.0,800.0,Rs./Quintal,Local
Rania APMC,0.1,Metric Tonnes,Potato,0.1,0.13,0.11,Rs./Quintal,Non-FAQ
Rania(Jiwan nagar) APMC,0.1,Metric Tonnes,Other,70.0,95.0,80.0,Rs./Quintal,Non-FAQ
Rewari APMC,13.5,Metric Tonnes,Other,600.0,1500.0,1000.0,Rs./Quintal,Medium
Rohtak APMC,60.0,Metric Tonnes,Other,600.0,900.0,800.0,Rs./Quintal,Medium
Sadhaura APMC,5.0,Metric Tonnes,Potato,700.0,800.0,750.0,Rs./Quintal,Local
Samalkha APMC,16.5,Metric Tonnes,Other,1000.0,1000.0,1000.0,Rs./Quintal,FAQ
Sampla APMC,3.5,Metric Tonnes,Other,1200.0,1200.0,1200.0,Rs./Quintal,Local
Shahabad APMC,5.0,Metric Tonnes,Potato,500.0,800.0,700.0,Rs./Quintal,Medium
Shahzadpur APMC,3.0,Metric Tonnes,Local,600.0,1100.0,600.0,Rs./Quintal,Medium
Sirsa APMC,32.5,Metric Tonnes,Other,350.0,700.0,600.0,Rs./Quintal,FAQ
Siwan APMC,1.0,Metric Tonnes,Other,1100.0,1300.0,1200.0,Rs./Quintal,FAQ
Sonepat APMC,30.5,Metric Tonnes,Desi,800.0,1100.0,900.0,Rs./Quintal,FAQ
Tarori APMC,1.5,Metric Tonnes,Desi,1000.0,1500.0,1200.0,Rs./Quintal,Grade A
Thanesar APMC,20.1,Metric Tonnes,Potato,700.0,3000.0,1850.0,Rs./Quintal,Medium
Tohana(New Veg Market) APMC,6.5,Metric Tonnes,Potato,700.0,800.0,800.0,Rs./Quintal,FAQ
Uklana APMC,0.30000000000000004,Metric Tonnes,Potato,800.0,800.0,800.0,Rs./Quintal,Medium
Yamuna Nagar APMC,38.800000000000004,Metric Tonnes,Other,400.0,800.0,550.0,Rs./Quintal,Medium
Total,965.4,Metric Tonnes,,,,841.69,Rs./Quintal,
State/UT Name : Himachal Pradesh
PMY Bilaspur,2.8000000000000003,Metric Tonnes,Local,800.0,2300.0,1200.0,Rs./Quintal,Grade B
PMY Chamba,2.75,Metric Tonnes,Potato,1000.0,1200.0,1100.0,Rs./Quintal,Medium
PMY Hamirpur,3.7,Metric Tonnes,Other,1000.0,2400.0,1700.0,Rs./Quintal,Grade B
PMY Kangni Mandi,6.5,Metric Tonnes,Potato,800.0,2100.0,1500.0,Rs./Quintal,Grade B
PMY Kangra,1.8,Metric Tonnes,Potato,1000.0,2000.0,1500.0,Rs./Quintal,FAQ
PMY Kather Solan,2.4,Metric Tonnes,Other,400.0,2200.0,1800.0,Rs./Quintal,Medium
PMY Kullu,2.0,Metric Tonnes,Other,800.0,2500.0,1600.0,Rs./Quintal,FAQ
PMY Paonta Sahib,2.58,Metric Tonnes,Other,1000.0,3000.0,2000.0,Rs./Quintal,FAQ
PMY Una,8.020000000000001,Metric Tonnes,Potato,800.0,1000.0,900.0,Rs./Quintal,FAQ
SMY Baijnath,0.1,Metric Tonnes,Desi,1800.0,2100.0,2000.0,Rs./Quintal,Grade A
SMY Bhuntar,1.6,Metric Tonnes,Other,1000.0,2400.0,1600.0,Rs./Quintal,FAQ
SMY Dhanotu,2.0,Metric Tonnes,Other,1000.0,2000.0,1500.0,Rs./Quintal,FAQ
SMY Dharamshala,1.8,Metric Tonnes,Potato,1000.0,2200.0,1100.0,Rs./Quintal,FAQ
SMY Jaisinghpur,0.30000000000000004,Metric Tonnes,Potato,1700.0,2200.0,1950.0,Rs./Quintal,FAQ
SMY Jassur,3.0,Metric Tonnes,Other,800.0,1200.0,1000.0,Rs./Quintal,FAQ
SMY Nadaun,1.5,Metric Tonnes,Other,1200.0,1400.0,1300.0,Rs./Quintal,Grade B
SMY Nagrota Bagwan,0.5,Metric Tonnes,Potato,1000.0,2000.0,1500.0,Rs./Quintal,FAQ
SMY Nahan,0.35000000000000003,Metric Tonnes,Other,1200.0,1800.0,1500.0,Rs./Quintal,FAQ
SMY Nalagarh,2.3,Metric Tonnes,Other,400.0,1000.0,700.0,Rs./Quintal,Medium
SMY Palampur,2.5,Metric Tonnes,Potato,1500.0,2000.0,1800.0,Rs./Quintal,FAQ
SMY Rohroo,0.5,Metric Tonnes,Other,1700.0,1900.0,1800.0,Rs./Quintal,Grade B
SMY Santoshgarh,1.6500000000000001,Metric Tonnes,Jyoti,800.0,1000.0,900.0,Rs./Quintal,FAQ
SMY Takoli,0.1,Metric Tonnes,Other,800.0,1000.0,1000.0,Rs./Quintal,Medium
Total,50.75,Metric Tonnes,,,,1343.21,Rs./Quintal,
State/UT Name : Jammu and Kashmir
Kathua (F&V),30.0,Metric Tonnes,Potato,1000.0,1500.0,1250.0,Rs./Quintal,FAQ
Total,30.0,Metric Tonnes,,,,1250.0,Rs./Quintal,
State/UT Name : Karnataka
APMC Hubballi,130.0,Metric Tonnes,Potato,1300.0,1600.0,1400.0,Rs./Quintal,Local
Bangarpet APMC,0.4,Metric Tonnes,Local,2000.0,2500.0,2200.0,Rs./Quintal,Local
Belgaum APMC,35.0,Metric Tonnes,Local,1000.0,1700.0,1300.0,Rs./Quintal,Large
Bengaluru APMC,400.6,Metric Tonnes,Local,1000.0,2400.0,2000.0,Rs./Quintal,Medium
Bengaluru APMC,601.0,Metric Tonnes,Potato,1200.0,2200.0,1800.0,Rs./Quintal,Medium
Chickkaballapura APMC,2.5,Metric Tonnes,Local,1000.0,2200.0,1200.0,Rs./Quintal,Local
Chikkamagaluru APMC,4.2,Metric Tonnes,Other,2000.0,2000.0,2000.0,Rs./Quintal,Local
Davangere APMC,4.0,Metric Tonnes,Potato,1000.0,2800.0,2100.0,Rs./Quintal,Local
Doddaballapur APMC,2.4000000000000004,Metric Tonnes,Local,2000.0,2400.0,2200.0,Rs./Quintal,Medium
Hassan APMC,9.700000000000001,Metric Tonnes,Potato,1000.0,1000.0,1000.0,Rs./Quintal,Local
Hospet APMC,11.0,Metric Tonnes,Potato,1300.0,2000.0,1500.0,Rs./Quintal,Local
Hunsur APMC,5.0,Metric Tonnes,Potato,1565.0,1565.0,1565.0,Rs./Quintal,Local
Shimoga APMC,4.0,Metric Tonnes,Potato,1600.0,2600.0,2100.0,Rs./Quintal,Local
Udupi APMC,8.6,Metric Tonnes,Potato,1200.0,1300.0,1300.0,Rs./Quintal,Local
Total,1218.4,Metric Tonnes,,,,1797.49,Rs./Quintal,
State/UT Name : Keralam
Aluva Market,10.0,Metric Tonnes,Potato,3500.0,4500.0,4000.0,Rs./Quintal,FAQ
Anchal Market,0.3,Metric Tonnes,Potato,4200.0,4200.0,4200.0,Rs./Quintal,Local
Angamaly Market,1.0,Metric Tonnes,Potato,4000.0,5000.0,4500.0,Rs./Quintal,FAQ
Aralamoodu Market,2.0,Metric Tonnes,Potato,5000.0,5500.0,5500.0,Rs./Quintal,FAQ
Athirampuzha Market,1.0,Metric Tonnes,Potato,3000.0,3200.0,3100.0,Rs./Quintal,FAQ
Chala Market,4.0,Metric Tonnes,Other,3800.0,3900.0,3800.0,Rs./Quintal,FAQ
Chalakudy Market,0.03,Metric Tonnes,Potato,3000.0,3600.0,3600.0,Rs./Quintal,FAQ
Chathanoor Market,0.4,Metric Tonnes,Other,2800.0,3200.0,3000.0,Rs./Quintal,FAQ
Chavakkad Market,0.15,Metric Tonnes,Potato,3300.0,4400.0,4400.0,Rs./Quintal,FAQ
Chelakkara Market,0.2,Metric Tonnes,Potato,3800.0,4000.0,3900.0,Rs./Quintal,FAQ
Chengannur Market,0.5,Metric Tonnes,Potato,2800.0,3100.0,3000.0,Rs./Quintal,FAQ
Kallachi Market,0.1,Metric Tonnes,Other,2200.0,2600.0,2400.0,Rs./Quintal,FAQ
Kanjangadu Market,0.8,Metric Tonnes,Other,2600.0,3200.0,2800.0,Rs./Quintal,FAQ
Kanjirappally Market,0.5,Metric Tonnes,Potato,3500.0,4000.0,3800.0,Rs./Quintal,FAQ
Kayamkulam Market,2.0,Metric Tonnes,Other,1900.0,2100.0,2000.0,Rs./Quintal,FAQ
Koduvayoor Market,40.0,Metric Tonnes,Potato,2800.0,3200.0,3000.0,Rs./Quintal,Medium
Kollengode Market,40.0,Metric Tonnes,Potato,3000.0,3400.0,3200.0,Rs./Quintal,FAQ
Manjeri Market,7.0,Metric Tonnes,Other,2250.0,2350.0,2300.0,Rs./Quintal,Local
Mannar Market,0.5,Metric Tonnes,Other,3000.0,3200.0,3100.0,Rs./Quintal,FAQ
Munnar Market,0.9,Metric Tonnes,Other,4000.0,4000.0,4000.0,Rs./Quintal,Medium
Neeleswaram Market,1.0,Metric Tonnes,Other,2600.0,3000.0,2800.0,Rs./Quintal,FAQ
North Paravur Market,1.0,Metric Tonnes,Red Nanital,3500.0,4500.0,4000.0,Rs./Quintal,FAQ
Pala Market,3.0,Metric Tonnes,Other,3600.0,4400.0,4000.0,Rs./Quintal,FAQ
Palakkad Market,5.0,Metric Tonnes,Potato,3800.0,5000.0,4500.0,Rs./Quintal,FAQ
Parappanangadi Market,1.4,Metric Tonnes,Other,2130.0,2330.0,2230.0,Rs./Quintal,FAQ
Pattambi Market,0.4,Metric Tonnes,Potato,2600.0,3000.0,2800.0,Rs./Quintal,FAQ
Perinthalmanna Market,4.0,Metric Tonnes,Potato,1800.0,2500.0,2000.0,Rs./Quintal,Large
Thalasserry Market,0.2,Metric Tonnes,Other,1800.0,2800.0,2200.0,Rs./Quintal,FAQ
Thalayolaparambu Market,0.5,Metric Tonnes,Potato,2700.0,3000.0,2800.0,Rs./Quintal,FAQ
Thamarassery Market,0.6,Metric Tonnes,Other,2500.0,2600.0,2500.0,Rs./Quintal,FAQ
Thrippunithura Market,1.0,Metric Tonnes,Potato,4500.0,5500.0,4700.0,Rs./Quintal,Medium
Vadakkenchery Market,0.26,Metric Tonnes,Potato,5000.0,6000.0,6000.0,Rs./Quintal,FAQ
Vamanapuram Market,0.14,Metric Tonnes,Other,4000.0,4500.0,4000.0,Rs./Quintal,FAQ
Vandiperiyar Market,0.05,Metric Tonnes,Other,3000.0,3000.0,3000.0,Rs./Quintal,Grade Range-1
Total,129.93,Metric Tonnes,,,,3238.59,Rs./Quintal,
State/UT Name : Madhya Pradesh
Aron (F&V) APMC,0.1,Metric Tonnes,Local,900.0,980.0,950.0,Rs./Quintal,Local
Bareli(F&V) APMC,2.8,Metric Tonnes,Desi,1000.0,1000.0,1000.0,Rs./Quintal,Grade A
Betul(F&V) APMC,36.9,Metric Tonnes,Desi,1000.0,1200.0,1100.0,Rs./Quintal,FAQ
Bhopal(F&V) APMC,169.0,Metric Tonnes,Other,400.0,1000.0,700.0,Rs./Quintal,Local
Chhatarpur (F&V) APMC,1.8,Metric Tonnes,Other,800.0,800.0,800.0,Rs./Quintal,Grade C
Chhindwara(F&V) APMC,5.1000000000000005,Metric Tonnes,Desi,800.0,1200.0,1000.0,Rs./Quintal,Local
Dabra(F&V) APMC,4.0,Metric Tonnes,Potato,500.0,1000.0,800.0,Rs./Quintal,Grade C
Damoh(F&V) APMC,1.0,Metric Tonnes,Local,1000.0,1000.0,1000.0,Rs./Quintal,Local
Deori (F&V) APMC,1.7,Metric Tonnes,Potato,680.0,680.0,680.0,Rs./Quintal,Grade B
Guna(F&V) APMC,5.0,Metric Tonnes,Other,800.0,1000.0,900.0,Rs./Quintal,Grade B
Haatpipliya (F&V) APMC,0.363,Metric Tonnes,Potato,800.0,1300.0,1100.0,Rs./Quintal,Local
Hanumana(F&V) APMC,8.5,Metric Tonnes,Desi,960.0,960.0,960.0,Rs./Quintal,Grade A
Indore(F&V) APMC,562.2,Metric Tonnes,Local,300.0,1200.0,600.0,Rs./Quintal,Local
Itarsi(F&V) APMC,3.12,Metric Tonnes,Potato,900.0,1000.0,900.0,Rs./Quintal,FAQ
Jabalpur(F&V) APMC,43.0,Metric Tonnes,Potato,1000.0,1600.0,1200.0,Rs./Quintal,Medium
Khandwa(F&V) APMC,5.5,Metric Tonnes,Potato,500.0,800.0,650.0,Rs./Quintal,FAQ
Khargone(F&V) APMC,0.18,Metric Tonnes,Potato,700.0,1200.0,1000.0,Rs./Quintal,Medium
Khurai(F&V) APMC,7.2,Metric Tonnes,Potato,500.0,700.0,600.0,Rs./Quintal,Local
Kukshi(F&V) APMC,0.8,Metric Tonnes,Potato,700.0,1200.0,900.0,Rs./Quintal,Grade A
Maihar(F&V) APMC,5.0,Metric Tonnes,Potato,600.0,600.0,600.0,Rs./Quintal,Local
Manawar(F&V) APMC,1.4000000000000001,Metric Tonnes,Potato,1100.0,1200.0,1129.0,Rs./Quintal,Grade B
Mandsaur(F&V) APMC,4.5,Metric Tonnes,Other,500.0,920.0,720.0,Rs./Quintal,Grade A
Mhow (Ambedkar Nagar) (F&V) APMC,0.6000000000000001,Metric Tonnes,Potato,800.0,2000.0,1300.0,Rs./Quintal,Grade B
Morena(F&V) APMC,35.0,Metric Tonnes,Potato,200.0,1000.0,200.0,Rs./Quintal,Grade C
Narmadapuram (F&V) APMC,7.4,Metric Tonnes,Potato,440.0,880.0,510.0,Rs./Quintal,FAQ
Pipariya(F&V) APMC,5.0,Metric Tonnes,Potato,600.0,1500.0,1000.0,Rs./Quintal,Local
Porsa APMC,7.0,Metric Tonnes,Potato,600.0,600.0,600.0,Rs./Quintal,FAQ
Ratlam(F&V) APMC,1.4000000000000001,Metric Tonnes,Other,800.0,1300.0,1100.0,Rs./Quintal,FAQ
Rehli(F&V) APMC,0.5,Metric Tonnes,Potato,700.0,900.0,800.0,Rs./Quintal,Grade C
Sabalgarh(F&V) APMC,0.001,Metric Tonnes,Jyoti,500.0,1000.0,700.0,Rs./Quintal,FAQ
Sagar(F&V) APMC,2.5,Metric Tonnes,Local,600.0,800.0,700.0,Rs./Quintal,Local
Sanawad(F&V) APMC,1.8,Metric Tonnes,Desi,800.0,1000.0,900.0,Rs./Quintal,Medium
Seoni(F&V) APMC,4.3,Metric Tonnes,Desi,1200.0,1200.0,1200.0,Rs./Quintal,Grade C
Shivpuri(F&V) APMC,5.0,Metric Tonnes,Other,800.0,800.0,800.0,Rs./Quintal,Grade B
Thandla APMC,1.91,Metric Tonnes,Other,800.0,1200.0,1000.0,Rs./Quintal,FAQ
Ujjain APMC,4.236,Metric Tonnes,Potato,674.99,728.35,728.35,Rs./Quintal,Non-FAQ
Ujjain APMC,10.990000000000002,Metric Tonnes,Potato,182.86,800.45,800.45,Rs./Quintal,FAQ
Total,956.8,Metric Tonnes,,,,673.18,Rs./Quintal,
State/UT Name : Maharashtra
APMC Ahilyanagar ,31.0,Metric Tonnes,Other,900.0,1800.0,1350.0,Rs./Quintal,Local
APMC Bhusaval ,3.0,Metric Tonnes,Other,1000.0,1500.0,1200.0,Rs./Quintal,Local
APMC Chattrapati Sambhajinagar ,144.0,Metric Tonnes,Other,1000.0,1400.0,1200.0,Rs./Quintal,Local
APMC Hingna,0.8,Metric Tonnes,Local,1300.0,1500.0,1400.0,Rs./Quintal,Local
APMC Jalgaon ,45.0,Metric Tonnes,Other,500.0,1000.0,700.0,Rs./Quintal,Local
APMC Kalyan ,0.3,Metric Tonnes,Other,1000.0,1200.0,1100.0,Rs./Quintal,Local
APMC Kamthi ,0.7,Metric Tonnes,Local,2000.0,2500.0,2350.0,Rs./Quintal,Local
APMC Khed ,5.5,Metric Tonnes,Other,1000.0,1500.0,1300.0,Rs./Quintal,Local
APMC Nagpur ,157.5,Metric Tonnes,Local,800.0,1100.0,1025.0,Rs./Quintal,Local
APMC Nasik ,155.1,Metric Tonnes,Other,700.0,1350.0,900.0,Rs./Quintal,Local
APMC Pune ,596.4,Metric Tonnes,Local,500.0,1500.0,1000.0,Rs./Quintal,Local
APMC Rahata ,55.4,Metric Tonnes,Other,800.0,1200.0,1000.0,Rs./Quintal,Local
APMC Ramtek ,1.2,Metric Tonnes,Local,1000.0,1500.0,1300.0,Rs./Quintal,Local
APMC Satara ,24.7,Metric Tonnes,Other,1000.0,1400.0,1200.0,Rs./Quintal,Local
APMC Solapur ,79.4,Metric Tonnes,Local,800.0,1200.0,1000.0,Rs./Quintal,Local
APMC Vaduj ,2.0,Metric Tonnes,Local,1400.0,1500.0,1450.0,Rs./Quintal,Local
APMC Vai ,2.5,Metric Tonnes,Local,1500.0,1800.0,1650.0,Rs./Quintal,Local
Amrawati(Frui & Veg. Market) ,42.0,Metric Tonnes,Local,500.0,1500.0,1000.0,Rs./Quintal,Local
Khed(Chakan) ,110.0,Metric Tonnes,Other,900.0,1500.0,1200.0,Rs./Quintal,Local
Mumbai-Onion & Potato Market ,1029.8,Metric Tonnes,Other,600.0,1100.0,850.0,Rs./Quintal,Local
Pune(Khadiki) ,0.5,Metric Tonnes,Local,800.0,1200.0,1000.0,Rs./Quintal,Local
Pune(Manjri) ,7.0,Metric Tonnes,Other,1400.0,2000.0,1800.0,Rs./Quintal,Local
Pune(Moshi) ,51.3,Metric Tonnes,Local,1000.0,1200.0,1100.0,Rs./Quintal,Local
"Sangli(Phale, Bhajipala Market) ",43.0,Metric Tonnes,Local,800.0,1500.0,1150.0,Rs./Quintal,Local
Total,2588.1,Metric Tonnes,,,,965.48,Rs./Quintal,
State/UT Name : Meghalaya
Jowai APMC,1.3,Metric Tonnes,Jyoti,1400.0,2000.0,1700.0,Rs./Quintal,Local
Shillong APMC,12.0,Metric Tonnes,Local,1700.0,1800.0,1750.0,Rs./Quintal,FAQ
Tura APMC,1.85,Metric Tonnes,Local,2000.0,2500.0,2200.0,Rs./Quintal,Medium
Total,15.15,Metric Tonnes,,,,1800.66,Rs./Quintal,
State/UT Name : NCT of Delhi
APMC Azadpur,1503.9,Metric Tonnes,Potato,200.0,1840.0,1070.0,Rs./Quintal,FAQ
APMC Keshopur,216.45000000000002,Metric Tonnes,Other,800.0,1400.0,1100.0,Rs./Quintal,FAQ
Total,1720.35,Metric Tonnes,,,,1073.77,Rs./Quintal,
State/UT Name : Nagaland
Kohima APMC,0.15,Metric Tonnes,Potato,3500.0,3500.0,3500.0,Rs./Quintal,Local
Longleng APMC,0.22999999999999998,Metric Tonnes,Potato,2000.0,2400.0,2200.0,Rs./Quintal,FAQ
Phek APMC,1.0,Metric Tonnes,Potato,2800.0,3000.0,2900.0,Rs./Quintal,Local
Total,1.38,Metric Tonnes,,,,2848.55,Rs./Quintal,
State/UT Name : Odisha
Angul(Atthamallick) APMC,2.0,Metric Tonnes,Potato,1500.0,2500.0,2000.0,Rs./Quintal,Grade B
Balugaon APMC,2.5,Metric Tonnes,Kufri Giriraj,2000.0,2000.0,2000.0,Rs./Quintal,Grade A
Bargarh APMC,208.0,Metric Tonnes,Potato,1500.0,2500.0,2000.0,Rs./Quintal,Grade C
Bolangir APMC,5.0,Metric Tonnes,Other,1200.0,1400.0,1300.0,Rs./Quintal,Medium
Boudh APMC,2.0,Metric Tonnes,Other,1500.0,2000.0,1800.0,Rs./Quintal,Local
Chandabali APMC,56.0,Metric Tonnes,Other,1250.0,1450.0,1350.0,Rs./Quintal,Grade Range-2
Dungurapalli APMC,0.35000000000000003,Metric Tonnes,Other,2000.0,2000.0,2000.0,Rs./Quintal,Local
Gopa APMC,0.75,Metric Tonnes,Potato,1300.0,1300.0,1300.0,Rs./Quintal,Grade B
Hindol APMC,2.2,Metric Tonnes,Potato,1300.0,1500.0,1400.0,Rs./Quintal,Grade B
Jagatsinghpur APMC,250.0,Metric Tonnes,Potato,1350.0,1450.0,1400.0,Rs./Quintal,FAQ
Jharsuguda APMC,2.4000000000000004,Metric Tonnes,Other,1700.0,2000.0,1700.0,Rs./Quintal,Grade A
Kamakhyanagar APMC,7.5,Metric Tonnes,Potato,3000.0,3000.0,3000.0,Rs./Quintal,Grade A
Khariar APMC,0.5,Metric Tonnes,Potato,2000.0,2000.0,2000.0,Rs./Quintal,Grade A
Khariar Road APMC,0.6,Metric Tonnes,Other,2000.0,2000.0,2000.0,Rs./Quintal,Grade A
Pandkital APMC,0.25,Metric Tonnes,Other,2000.0,2130.0,2100.0,Rs./Quintal,Local
Rairakhol APMC,1.2000000000000002,Metric Tonnes,Potato,1000.0,1400.0,1200.0,Rs./Quintal,Grade B
Sargipali APMC,2.4000000000000004,Metric Tonnes,Other,1100.0,1500.0,1200.0,Rs./Quintal,FAQ
Talcher APMC,2.4000000000000004,Metric Tonnes,Other,1650.0,2000.0,1850.0,Rs./Quintal,Grade B
Tusura APMC,5.4,Metric Tonnes,Other,1200.0,1400.0,1300.0,Rs./Quintal,Medium
Udala APMC,3.5,Metric Tonnes,Potato,900.0,1100.0,1000.0,Rs./Quintal,FAQ
Total,554.95,Metric Tonnes,,,,1647.07,Rs./Quintal,
State/UT Name : Punjab
Adampur APMC,2.8000000000000003,Metric Tonnes,Local,500.0,600.0,600.0,Rs./Quintal,FAQ
Ajnala APMC,0.2,Metric Tonnes,Potato,800.0,800.0,800.0,Rs./Quintal,Local
Baghapurana APMC,0.75,Metric Tonnes,Potato,700.0,900.0,800.0,Rs./Quintal,Grade B
Balachaur APMC,6.896,Metric Tonnes,Other,500.0,700.0,600.0,Rs./Quintal,Medium
Bassi Pathana APMC,2.0,Metric Tonnes,Potato,800.0,1000.0,900.0,Rs./Quintal,Medium
Batala APMC,10.0,Metric Tonnes,Other,600.0,700.0,650.0,Rs./Quintal,Grade C
Batala APMC,10.0,Metric Tonnes,Desi,500.0,550.0,520.0,Rs./Quintal,Grade C
Bathinda APMC,400.0,Metric Tonnes,Other,750.0,800.0,770.0,Rs./Quintal,Grade B
Bhagta Bhai Ka APMC,0.6,Metric Tonnes,Other,1000.0,1000.0,1000.0,Rs./Quintal,Medium
Bhawanigarh APMC,4.0,Metric Tonnes,Other,500.0,500.0,500.0,Rs./Quintal,Medium
Bhucho APMC,0.3,Metric Tonnes,Local,700.0,700.0,700.0,Rs./Quintal,Local
Dasuya APMC,1.5,Metric Tonnes,Potato,1100.0,1100.0,1100.0,Rs./Quintal,FAQ
Dera Bassi APMC,2.1,Metric Tonnes,Potato,1300.0,1300.0,1300.0,Rs./Quintal,Local
Dhuri APMC,1.0,Metric Tonnes,Other,580.0,740.0,600.0,Rs./Quintal,Medium
Dinanagar APMC,3.15,Metric Tonnes,Potato,1000.0,1200.0,1100.0,Rs./Quintal,Medium
Doraha APMC,5.2,Metric Tonnes,Desi,250.0,700.0,500.0,Rs./Quintal,Local
Dudhansadhan APMC,0.8,Metric Tonnes,Other,800.0,800.0,800.0,Rs./Quintal,Grade B
F.G.Churian APMC,0.45,Metric Tonnes,Potato,1000.0,1000.0,1000.0,Rs./Quintal,Grade A
Fazilka APMC,21.416,Metric Tonnes,Potato,900.0,900.0,900.0,Rs./Quintal,FAQ
Garh Shankar APMC,7.4,Metric Tonnes,Other,800.0,800.0,800.0,Rs./Quintal,FAQ
Garh Shankar(Mahalpur) APMC,6.5,Metric Tonnes,Potato,800.0,800.0,800.0,Rs./Quintal,FAQ
GarhShankar (Kotfatuhi) APMC,0.5,Metric Tonnes,Other,800.0,800.0,800.0,Rs./Quintal,FAQ
Ghanaur APMC,0.2,Metric Tonnes,Other,800.0,1000.0,900.0,Rs./Quintal,FAQ
Giddarbaha APMC,2.5,Metric Tonnes,Potato,800.0,800.0,800.0,Rs./Quintal,FAQ
Goraya APMC,0.2,Metric Tonnes,Other,900.0,900.0,900.0,Rs./Quintal,Local
Jagraon APMC,4.0,Metric Tonnes,Other,230.0,230.0,230.0,Rs./Quintal,FAQ
Jalalabad APMC,5.1000000000000005,Metric Tonnes,Potato,1000.0,1200.0,1100.0,Rs./Quintal,Medium
Jalandhar City(Jalandhar) APMC,155.5,Metric Tonnes,Other,100.0,640.0,360.0,Rs./Quintal,FAQ
Khanna APMC,35.7,Metric Tonnes,Local,500.0,500.0,500.0,Rs./Quintal,Grade A
Kharar APMC,10.0,Metric Tonnes,Potato,700.0,900.0,800.0,Rs./Quintal,Non-FAQ
Kotkapura APMC,20.0,Metric Tonnes,Local,800.0,900.0,875.0,Rs./Quintal,FAQ
Kurali APMC,4.0,Metric Tonnes,Other,700.0,780.0,750.0,Rs./Quintal,Medium
Lalru APMC,7.0,Metric Tonnes,Other,800.0,800.0,800.0,Rs./Quintal,Local
Lehra Gaga APMC,7.5,Metric Tonnes,Other,700.0,700.0,700.0,Rs./Quintal,Grade A
Lohian Khas APMC,0.5,Metric Tonnes,Other,300.0,500.0,400.0,Rs./Quintal,Local
Ludhiana APMC,159.8,Metric Tonnes,Other,100.0,600.0,300.0,Rs./Quintal,FAQ
Machhiwara APMC,2.5100000000000002,Metric Tonnes,Local,600.0,800.0,700.0,Rs./Quintal,FAQ
Malerkotla APMC,20.0,Metric Tonnes,Other,300.0,600.0,500.0,Rs./Quintal,Local
Malout APMC,0.202,Metric Tonnes,Potato,500.0,500.0,500.0,Rs./Quintal,Grade A
Mansa APMC,10.0,Metric Tonnes,Other,800.0,800.0,800.0,Rs./Quintal,FAQ
Maur APMC,0.7000000000000001,Metric Tonnes,Other,650.0,750.0,700.0,Rs./Quintal,Grade B
Mukerian APMC,2.9850000000000003,Metric Tonnes,Potato,1000.0,1200.0,1100.0,Rs./Quintal,Local
Mukerian(Talwara) APMC,1.0,Metric Tonnes,Potato,800.0,1600.0,1200.0,Rs./Quintal,FAQ
Muktsar APMC,9.5,Metric Tonnes,Potato,600.0,1100.0,800.0,Rs./Quintal,Medium
Nabha APMC,25.700000000000003,Metric Tonnes,Other,300.0,600.0,450.0,Rs./Quintal,Grade C
Nakodar APMC,1.25,Metric Tonnes,Potato,400.0,400.0,400.0,Rs./Quintal,Local
Nawan Shahar(Subzi Mandi) APMC,7.0,Metric Tonnes,Potato,650.0,750.0,700.0,Rs./Quintal,FAQ
Nihal Singh Wala APMC,0.75,Metric Tonnes,Potato,850.0,850.0,850.0,Rs./Quintal,FAQ
Pathankot APMC,53.0,Metric Tonnes,Potato,600.0,600.0,600.0,Rs./Quintal,Medium
Patiala APMC,50.5,Metric Tonnes,Potato,500.0,700.0,600.0,Rs./Quintal,Grade B
Patran APMC,73.0,Metric Tonnes,Other,450.0,450.0,450.0,Rs./Quintal,Grade A
Patti APMC,0.85,Metric Tonnes,Potato,0.12,0.12,0.12,Rs./Quintal,Local
Phagwara APMC,33.800000000000004,Metric Tonnes,Other,434.0,800.0,650.0,Rs./Quintal,FAQ
Phillaur(Apra Mandi) APMC,0.2,Metric Tonnes,Other,800.0,800.0,800.0,Rs./Quintal,FAQ
Quadian APMC,2.0,Metric Tonnes,Other,400.0,600.0,500.0,Rs./Quintal,Grade A
Raikot APMC,3.0,Metric Tonnes,Badshah,650.0,650.0,650.0,Rs./Quintal,Grade A
Rajpura APMC,6.6000000000000005,Metric Tonnes,Local,750.0,900.0,800.0,Rs./Quintal,Grade A
Raman APMC,2.7,Metric Tonnes,Other,715.0,805.0,765.0,Rs./Quintal,Medium
Rampuraphul(Nabha Mandi) APMC,4.0,Metric Tonnes,Other,600.0,800.0,700.0,Rs./Quintal,Grade A
Rayya APMC,0.048,Metric Tonnes,Potato,753.0,753.0,753.0,Rs./Quintal,FAQ
Ropar APMC,150.0,Metric Tonnes,Local,700.0,900.0,800.0,Rs./Quintal,Non-FAQ
Sahnewal APMC,0.2,Metric Tonnes,Potato,700.0,700.0,700.0,Rs./Quintal,FAQ
Samana APMC,40.0,Metric Tonnes,Other,600.0,1400.0,700.0,Rs./Quintal,Grade Range-2
Samrala APMC,3.5,Metric Tonnes,Other,400.0,600.0,500.0,Rs./Quintal,Local
Sangrur APMC,9.0,Metric Tonnes,Local,700.0,780.0,750.0,Rs./Quintal,Grade B
Sirhind APMC,9.200000000000001,Metric Tonnes,Other,700.0,900.0,800.0,Rs./Quintal,FAQ
Sunam APMC,6.0,Metric Tonnes,Potato,700.0,700.0,700.0,Rs./Quintal,Grade A
Talwandi Sabo APMC,0.6000000000000001,Metric Tonnes,Other,600.0,800.0,700.0,Rs./Quintal,Grade A
Tanda Urmur APMC,2.9000000000000004,Metric Tonnes,Local,1000.0,1200.0,1100.0,Rs./Quintal,Grade A
Tarantaran APMC,1.2,Metric Tonnes,Other,870.0,870.0,870.0,Rs./Quintal,Local
Zira APMC,0.8,Metric Tonnes,Other,800.0,800.0,800.0,Rs./Quintal,Local
Total,1434.26,Metric Tonnes,,,,625.95,Rs./Quintal,
State/UT Name : Rajasthan
Bassi APMC,0.30000000000000004,Metric Tonnes,Other,1800.0,2200.0,2000.0,Rs./Quintal,Local
Bayana APMC,5.0,Metric Tonnes,Other,1200.0,1200.0,1200.0,Rs./Quintal,Local
Bhadara APMC,1.0,Metric Tonnes,Other,800.0,900.0,850.0,Rs./Quintal,FAQ
Bhilwara APMC,65.0,Metric Tonnes,Other,900.0,1100.0,1000.0,Rs./Quintal,FAQ
Bikaner (F&V) APMC,88.9,Metric Tonnes,Other,1000.0,1000.0,1000.0,Rs./Quintal,Medium
Chomu FV APMC,105.80000000000001,Metric Tonnes,Other,700.0,1100.0,900.0,Rs./Quintal,Local
Dablirathan APMC,0.1,Metric Tonnes,Red Nanital,900.0,1000.0,950.0,Rs./Quintal,Local
Goluwala APMC,0.36000000000000004,Metric Tonnes,Red Nanital,500.0,700.0,700.0,Rs./Quintal,Non-FAQ
Jaipur (F&V) APMC,22.5,Metric Tonnes,Other,400.0,800.0,600.0,Rs./Quintal,FAQ
Jaisalmer APMC,1.6,Metric Tonnes,Potato,1000.0,1200.0,1100.0,Rs./Quintal,Grade A
Jalore APMC,2.7,Metric Tonnes,Potato,1200.0,1500.0,1300.0,Rs./Quintal,Local
Rajsamand APMC,4.5,Metric Tonnes,Potato,1000.0,1200.0,1100.0,Rs./Quintal,FAQ
Rawatsar APMC,1.8,Metric Tonnes,Red Nanital,600.0,2000.0,800.0,Rs./Quintal,FAQ
Sangriya APMC,0.8,Metric Tonnes,Potato,600.0,1600.0,1100.0,Rs./Quintal,Local
Sriganganagar (F&V) APMC,47.0,Metric Tonnes,Desi,900.0,1300.0,1100.0,Rs./Quintal,Grade B
Udaipur (F&V) APMC,51.2,Metric Tonnes,Other,400.0,900.0,650.0,Rs./Quintal,Medium
Total,398.56,Metric Tonnes,,,,923.17,Rs./Quintal,
State/UT Name : Tamil Nadu
AJattihalli(Uzhavar Sandhai ),0.48,Metric Tonnes,Other,2400.0,2800.0,2600.0,Rs./Quintal,Local
Alangudi(Uzhavar Sandhai ),0.12,Metric Tonnes,Other,6000.0,7000.0,6500.0,Rs./Quintal,Local
Ambattur(Uzhavar Sandhai ),0.04,Metric Tonnes,Red Nanital,4000.0,4000.0,4000.0,Rs./Quintal,Local
Ammapet(Uzhavar Sandhai ),0.08,Metric Tonnes,Other,4500.0,5000.0,4750.0,Rs./Quintal,Local
Anaiyur(Uzhavar Sandhai ),0.4,Metric Tonnes,Red Nanital,3000.0,6000.0,4500.0,Rs./Quintal,Local
Andipatti(Uzhavar Sandhai ),0.32,Metric Tonnes,Red Nanital,2500.0,2700.0,2600.0,Rs./Quintal,Local
Anna nagar(Uzhavar Sandhai ),0.35,Metric Tonnes,Other,6400.0,6400.0,6400.0,Rs./Quintal,Local
Arani(Uzhavar Sandhai ),0.6,Metric Tonnes,Red Nanital,3500.0,4000.0,3750.0,Rs./Quintal,Local
Arcot(Uzhavar Sandhai ),0.28,Metric Tonnes,Red Nanital,3000.0,3000.0,3000.0,Rs./Quintal,Local
Ariyalur(Uzhavar Sandhai),0.04,Metric Tonnes,Red Nanital,3500.0,4000.0,3750.0,Rs./Quintal,Local
Aruppukottai(Uzhavar Sandhai ),0.24,Metric Tonnes,Red Nanital,3000.0,3500.0,3250.0,Rs./Quintal,Local
Athur(Uzhavar Sandhai ),0.74,Metric Tonnes,Other,2800.0,3000.0,2900.0,Rs./Quintal,Local
Avallapalli(Uzhavar Sandhai ),0.18,Metric Tonnes,Red Nanital,2000.0,2500.0,2250.0,Rs./Quintal,Local
Bodinayakanur(Uzhavar Sandhai ),0.27,Metric Tonnes,Red Nanital,2700.0,2700.0,2700.0,Rs./Quintal,Local
Chengalpet(Uzhavar Sandhai ),0.07,Metric Tonnes,Red Nanital,2500.0,3000.0,2750.0,Rs./Quintal,Local
Chengam(Uzhavar Sandhai ),0.14,Metric Tonnes,Red Nanital,3300.0,4000.0,3650.0,Rs./Quintal,Local
Cheyyar(Uzhavar Sandhai ),0.05,Metric Tonnes,Other,3500.0,4000.0,3750.0,Rs./Quintal,Local
Chidambaram(Uzhavar Sandhai ),0.01,Metric Tonnes,Red Nanital,4000.0,4000.0,4000.0,Rs./Quintal,Local
Chinnalapatti(Uzhavar Sandhai ),0.09,Metric Tonnes,Other,5000.0,6000.0,5500.0,Rs./Quintal,Local
Chinnamanur(Uzhavar Sandhai ),0.3,Metric Tonnes,Other,5000.0,5000.0,5000.0,Rs./Quintal,Local
Chokkikulam(Uzhavar Sandhai ),1.55,Metric Tonnes,Red Nanital,2800.0,6000.0,4400.0,Rs./Quintal,Local
Coonoor(Uzhavar Sandhai ),0.72,Metric Tonnes,Other,5000.0,5500.0,5250.0,Rs./Quintal,Local
Cuddalore(Uzhavar Sandhai ),0.35,Metric Tonnes,Red Nanital,4000.0,4000.0,4000.0,Rs./Quintal,Local
Denkanikottai(Uzhavar Sandhai ),0.18,Metric Tonnes,Red Nanital,2000.0,2500.0,2250.0,Rs./Quintal,Local
Devakottai (Uzhavar Sandhai ),0.14,Metric Tonnes,Other,4200.0,5000.0,4600.0,Rs./Quintal,Local
Devaram(Uzhavar Sandhai ),0.26,Metric Tonnes,Red Nanital,2600.0,2600.0,2600.0,Rs./Quintal,Local
Dharapuram(Uzhavar Sandhai ),0.65,Metric Tonnes,Red Nanital,6500.0,6500.0,6500.0,Rs./Quintal,Local
Dharmapuri(Uzhavar Sandhai ),0.42,Metric Tonnes,Red Nanital,2600.0,2800.0,2700.0,Rs./Quintal,Local
Dindigul(Uzhavar Sandhai ),0.55,Metric Tonnes,Other,5000.0,6000.0,5500.0,Rs./Quintal,Local
Edapadi (Uzhavar Sandhai ),0.4,Metric Tonnes,Other,2800.0,3000.0,2900.0,Rs./Quintal,Local
Elampillai(Uzhavar Sandhai ),0.38,Metric Tonnes,Other,2500.0,3000.0,2750.0,Rs./Quintal,Local
Gandhigramam(Uzhavar Sandhai),0.27,Metric Tonnes,Other,3500.0,6000.0,4750.0,Rs./Quintal,Local
Gingee(Uzhavar Sandhai ),0.08,Metric Tonnes,Red Nanital,4000.0,4000.0,4000.0,Rs./Quintal,Local
Gobichettipalayam(Uzhavar Sandhai ),0.23,Metric Tonnes,Red Nanital,3000.0,3500.0,3250.0,Rs./Quintal,Local
Gudalur(Uzhavar Sandhai ),0.05,Metric Tonnes,Red Nanital,4500.0,5500.0,5000.0,Rs./Quintal,Local
Gudiyatham(Uzhavar Sandhai ),0.08,Metric Tonnes,Red Nanital,3600.0,3600.0,3600.0,Rs./Quintal,Local
Guduvancheri(Uzhavar Sandhai ),0.07,Metric Tonnes,Other,2500.0,3000.0,2750.0,Rs./Quintal,Local
Harur(Uzhavar Sandhai ),0.16,Metric Tonnes,Red Nanital,2500.0,3000.0,2750.0,Rs./Quintal,Local
Hasthampatti(Uzhavar Sandhai ),0.34,Metric Tonnes,Other,4500.0,5000.0,4750.0,Rs./Quintal,Local
Hosur(Uzhavar Sandhai ),2.03,Metric Tonnes,Red Nanital,2000.0,2500.0,2250.0,Rs./Quintal,Local
Jalagandapuram(Uzhavar Sandhai ),0.1,Metric Tonnes,Other,2600.0,2800.0,2700.0,Rs./Quintal,Local
Jameenrayapettai(Uzhavar Sandhai ),0.18,Metric Tonnes,Red Nanital,2500.0,3000.0,2750.0,Rs./Quintal,Local
Kahithapattarai(Uzhavar Sandhai ),0.11,Metric Tonnes,Other,2400.0,2400.0,2400.0,Rs./Quintal,Local
Kallakurichi(Uzhavar Sandhai ),0.19,Metric Tonnes,Red Nanital,3000.0,3500.0,3250.0,Rs./Quintal,Local
Kambam(Uzhavar Sandhai ),1.7,Metric Tonnes,Red Nanital,2700.0,2700.0,2700.0,Rs./Quintal,Local
Kancheepuram(Uzhavar Sandhai ),0.06,Metric Tonnes,Other,2200.0,3000.0,2600.0,Rs./Quintal,Local
Karaikudi(Uzhavar Sandhai ),0.29,Metric Tonnes,Red Nanital,6000.0,6500.0,6250.0,Rs./Quintal,Local
Karimangalam(Uzhavar Sandhai),0.12,Metric Tonnes,Other,2600.0,2800.0,2700.0,Rs./Quintal,Local
Kariyapatti(Uzhavar Sandhai ),0.12,Metric Tonnes,Red Nanital,3000.0,3500.0,3250.0,Rs./Quintal,Local
Karur(Uzhavar Sandhai ),0.22,Metric Tonnes,Other,5500.0,6000.0,5750.0,Rs./Quintal,Local
Katpadi (Uzhavar Sandhai ),1.05,Metric Tonnes,Red Nanital,2500.0,3500.0,3000.0,Rs./Quintal,Local
Kaveripattinam(Uzhavar Sandhai ),0.08,Metric Tonnes,Red Nanital,4000.0,4000.0,4000.0,Rs./Quintal,Local
Kovilpatti(Uzhavar Sandhai ),0.17,Metric Tonnes,Other,3500.0,4000.0,3750.0,Rs./Quintal,Local
Krishnagiri(Uzhavar Sandhai ),0.84,Metric Tonnes,Red Nanital,2000.0,2600.0,2300.0,Rs./Quintal,Local
Kulithalai(Uzhavar Sandhai ),0.37,Metric Tonnes,Other,5000.0,5500.0,5250.0,Rs./Quintal,Local
Kumarapalayam(Uzhavar Sandhai ),0.05,Metric Tonnes,Other,3300.0,3500.0,3400.0,Rs./Quintal,Local
Kumbakonam (Uzhavar Sandhai ),0.7,Metric Tonnes,Red Nanital,3000.0,3600.0,3300.0,Rs./Quintal,Local
Kundrathur(Uzhavar Sandhai ),0.2,Metric Tonnes,Other,2600.0,2600.0,2600.0,Rs./Quintal,Local
Lalgudi(Uzhavar Sandhai ),0.24,Metric Tonnes,Other,3000.0,3000.0,3000.0,Rs./Quintal,Local
Manachanallur(Uzhavar Sandhai ),0.1,Metric Tonnes,Other,2400.0,3000.0,2700.0,Rs./Quintal,Local
Manapparai(Uzhavar Sandhai ),0.22,Metric Tonnes,Other,3000.0,3000.0,3000.0,Rs./Quintal,Local
Mannargudi I(Uzhavar Sandhai ),1.25,Metric Tonnes,Other,3000.0,3000.0,3000.0,Rs./Quintal,Local
Mannargudi II(Uzhavar Sandhai ),0.46,Metric Tonnes,Red Nanital,3000.0,3000.0,3000.0,Rs./Quintal,Local
Mayiladuthurai(Uzhavar Sandhai ),0.08,Metric Tonnes,Red Nanital,3000.0,3000.0,3000.0,Rs./Quintal,Local
Medavakkam(Uzhavar Sandhai ),0.05,Metric Tonnes,Other,3500.0,3500.0,3500.0,Rs./Quintal,Local
Melapalayam(Uzhavar Sandhai ),0.75,Metric Tonnes,Other,2600.0,2800.0,2700.0,Rs./Quintal,Local
Mettupalayam(Uzhavar Sandhai ),0.48,Metric Tonnes,Red Nanital,3500.0,5000.0,4250.0,Rs./Quintal,Local
Mettur(Uzhavar Sandhai ),0.13,Metric Tonnes,Other,4000.0,4500.0,4250.0,Rs./Quintal,Local
Mohanur(Uzhavar Sandhai ),0.2,Metric Tonnes,Other,3200.0,3500.0,3350.0,Rs./Quintal,Local
Musiri(Uzhavar Sandhai ),0.37,Metric Tonnes,Other,2600.0,3000.0,2800.0,Rs./Quintal,Local
Muthupettai(Uzhavar Sandhai ),0.04,Metric Tonnes,Red Nanital,3000.0,3000.0,3000.0,Rs./Quintal,Local
Myladi(Uzhavar Sandhai ),0.03,Metric Tonnes,Red Nanital,3000.0,3500.0,3250.0,Rs./Quintal,Local
NGO Colony(Uzhavar Sandhai ),0.36,Metric Tonnes,Red Nanital,2000.0,2800.0,2400.0,Rs./Quintal,Local
Nagapattinam(Uzhavar Sandhai ),0.11,Metric Tonnes,Red Nanital,3700.0,3700.0,3700.0,Rs./Quintal,Local
Namakkal(Uzhavar Sandhai ),0.72,Metric Tonnes,Red Nanital,2500.0,3000.0,2750.0,Rs./Quintal,Local
Nanganallur(Uzhavar Sandhai ),0.08,Metric Tonnes,Red Nanital,3500.0,4000.0,3750.0,Rs./Quintal,Local
Naravarikuppam(Uzhavar Sandhai ),0.08,Metric Tonnes,Red Nanital,4000.0,4000.0,4000.0,Rs./Quintal,Local
Natrampalli(Uzhavar Sandhai ),0.36,Metric Tonnes,Red Nanital,3000.0,3500.0,3250.0,Rs./Quintal,Local
Padappai(Uzhavar Sandhai ),0.16,Metric Tonnes,Other,2800.0,3500.0,3150.0,Rs./Quintal,Local
Palacode(Uzhavar Sandhai ),0.24,Metric Tonnes,Other,2600.0,3000.0,2800.0,Rs./Quintal,Local
Palanganatham(Uzhavar Sandhai ),0.45,Metric Tonnes,Other,5500.0,6000.0,5750.0,Rs./Quintal,Local
Palani(Uzhavar Sandhai ),0.82,Metric Tonnes,Other,3600.0,4000.0,3800.0,Rs./Quintal,Local
Palayamkottai(Uzhavar Sandhai ),2.35,Metric Tonnes,Red Nanital,2600.0,2800.0,2700.0,Rs./Quintal,Local
Palladam(Uzhavar Sandhai ),0.22,Metric Tonnes,Red Nanital,2500.0,3000.0,2750.0,Rs./Quintal,Local
Pallavaram(Uzhavar Sandhai ),0.46,Metric Tonnes,Red Nanital,2500.0,3000.0,2750.0,Rs./Quintal,Local
Pallikonda(Uzhavar Sandhai),0.11,Metric Tonnes,Red Nanital,3500.0,3500.0,3500.0,Rs./Quintal,Local
Panruti(Uzhavar Sandhai ),0.04,Metric Tonnes,Red Nanital,4000.0,4000.0,4000.0,Rs./Quintal,Local
Papanasam(Uzhavar Sandhai ),0.23,Metric Tonnes,Red Nanital,3000.0,3600.0,3300.0,Rs./Quintal,Local
Paramakudi(Uzhavar Sandhai ),0.47,Metric Tonnes,Red Nanital,5000.0,5500.0,5250.0,Rs./Quintal,Local
Paramathivelur(Uzhavar Sandhai ),0.12,Metric Tonnes,Red Nanital,3500.0,4000.0,3750.0,Rs./Quintal,Local
Paruthipattu(Uzhavar Sandhai ),0.19,Metric Tonnes,Red Nanital,4000.0,4000.0,4000.0,Rs./Quintal,Local
Pattukottai(Uzhavar Sandhai ),0.25,Metric Tonnes,Red Nanital,3000.0,3000.0,3000.0,Rs./Quintal,Local
Pennagaram(Uzhavar Sandhai ),0.18,Metric Tonnes,Red Nanital,3300.0,3500.0,3400.0,Rs./Quintal,Local
Perambalur(Uzhavar Sandhai ),0.5,Metric Tonnes,Other,2800.0,3000.0,2900.0,Rs./Quintal,Local
Perampet(Uzhavar Sandhai),0.03,Metric Tonnes,Red Nanital,3000.0,3000.0,3000.0,Rs./Quintal,Local
Peravurani(Uzhavar Sandhai),0.08,Metric Tonnes,Red Nanital,3000.0,3000.0,3000.0,Rs./Quintal,Local
Periyakulam(Uzhavar Sandhai ),0.26,Metric Tonnes,Other,2400.0,2600.0,2500.0,Rs./Quintal,Local
Perundurai(Uzhavar Sandhai ),0.13,Metric Tonnes,Other,3500.0,3800.0,3650.0,Rs./Quintal,Local
Pollachi(Uzhavar Sandhai ),0.2,Metric Tonnes,Red Nanital,4000.0,6500.0,5250.0,Rs./Quintal,Local
Polur(Uzhavar Sandhai ),0.24,Metric Tonnes,Red Nanital,3600.0,4000.0,3800.0,Rs./Quintal,Local
Pudukottai(Uzhavar Sandhai ),0.71,Metric Tonnes,Other,6000.0,7000.0,6500.0,Rs./Quintal,Local
RSPuram(Uzhavar Sandhai ),3.24,Metric Tonnes,Other,4500.0,5000.0,4750.0,Rs./Quintal,Local
Rajapalayam(Uzhavar Sandhai ),0.26,Metric Tonnes,Red Nanital,2500.0,3000.0,2750.0,Rs./Quintal,Local
Ramanathapuram(Uzhavar Sandhai ),0.11,Metric Tonnes,Red Nanital,5200.0,5500.0,5350.0,Rs./Quintal,Local
Ranipettai(Uzhavar Sandhai ),0.1,Metric Tonnes,Other,2800.0,3300.0,3050.0,Rs./Quintal,Local
Rasipuram(Uzhavar Sandhai ),0.62,Metric Tonnes,Other,3000.0,3500.0,3250.0,Rs./Quintal,Local
Sampath Nagar(Uzhavar Sandhai ),0.15,Metric Tonnes,Other,3500.0,4200.0,3850.0,Rs./Quintal,Local
Sankarapuram(Uzhavar Sandhai ),0.2,Metric Tonnes,Red Nanital,3500.0,3500.0,3500.0,Rs./Quintal,Local
Sathiyamagalam(Uzhavar Sandhai ),0.26,Metric Tonnes,Other,3400.0,3800.0,3600.0,Rs./Quintal,Local
Sathur(Uzhavar Sandhai ),0.02,Metric Tonnes,Red Nanital,3500.0,4000.0,3750.0,Rs./Quintal,Local
Singampunari(Uzhavar Sandhai ),0.09,Metric Tonnes,Other,5600.0,6200.0,5900.0,Rs./Quintal,Local
Singanallur(Uzhavar Sandhai ),1.21,Metric Tonnes,Other,5000.0,6000.0,5500.0,Rs./Quintal,Local
Sirkali(Uzhavar Sandhai ),0.37,Metric Tonnes,Red Nanital,3600.0,4000.0,3800.0,Rs./Quintal,Local
Sivagangai (Uzhavar Sandhai ),0.37,Metric Tonnes,Red Nanital,5600.0,6200.0,5900.0,Rs./Quintal,Local
Sivakasi(Uzhavar Sandhai ),0.04,Metric Tonnes,Red Nanital,3500.0,4000.0,3750.0,Rs./Quintal,Local
Sooramangalam(Uzhavar Sandhai ),0.27,Metric Tonnes,Other,5500.0,6000.0,5750.0,Rs./Quintal,Local
Srivilliputhur(Uzhavar Sandhai ),0.13,Metric Tonnes,Red Nanital,2500.0,3000.0,2750.0,Rs./Quintal,Local
Sulur(Uzhavar Sandhai ),0.23,Metric Tonnes,Other,5000.0,6000.0,5500.0,Rs./Quintal,Local
Sundarapuram(Uzhavar Sandhai ),0.27,Metric Tonnes,Other,5000.0,5800.0,5400.0,Rs./Quintal,Local
Sunguvarchatram(Uzhavar Sandhai ),0.25,Metric Tonnes,Other,2600.0,2600.0,2600.0,Rs./Quintal,Local
Thalavadi(Uzhavar Sandhai ),0.11,Metric Tonnes,Red Nanital,3500.0,4000.0,3750.0,Rs./Quintal,Local
Thalavaipuram(Uzhavar Sandhai ),0.05,Metric Tonnes,Red Nanital,2500.0,3000.0,2750.0,Rs./Quintal,Local
Thammampatti (Uzhavar Sandhai ),0.39,Metric Tonnes,Other,2800.0,3000.0,2900.0,Rs./Quintal,Local
Thanjavur(Uzhavar Sandhai ),0.55,Metric Tonnes,Other,4400.0,4400.0,4400.0,Rs./Quintal,Local
Thathakapatti(Uzhavar Sandhai ),0.64,Metric Tonnes,Red Nanital,2800.0,6000.0,4400.0,Rs./Quintal,Local
Theni(Uzhavar Sandhai ),0.19,Metric Tonnes,Other,5000.0,5000.0,5000.0,Rs./Quintal,Local
Thirupathur APMC,0.3,Metric Tonnes,Red Nanital,3000.0,3000.0,3000.0,Rs./Quintal,Local
Thiruverumbur(Uzhavar Sandhai ),0.6,Metric Tonnes,Other,3000.0,3000.0,3000.0,Rs./Quintal,Local
Thuraiyur APMC,0.42,Metric Tonnes,Other,2500.0,3000.0,2750.0,Rs./Quintal,Local
Tindivanam APMC,0.1,Metric Tonnes,Red Nanital,3800.0,3800.0,3800.0,Rs./Quintal,Local
Tiruchengode APMC,0.38,Metric Tonnes,Other,2800.0,3200.0,3000.0,Rs./Quintal,Local
Tirukattupalli(Uzhavar Sandhai ),0.23,Metric Tonnes,Red Nanital,3000.0,3000.0,3000.0,Rs./Quintal,Local
Tirupatthur(Uzhavar Sandhai ),0.22,Metric Tonnes,Red Nanital,4500.0,5000.0,4750.0,Rs./Quintal,Local
Tiruppur (North) (Uzhavar Sandhai ),0.05,Metric Tonnes,Other,5000.0,6000.0,5500.0,Rs./Quintal,Local
Tiruppur (South) (Uzhavar Sandhai ),0.53,Metric Tonnes,Other,4000.0,5000.0,4500.0,Rs./Quintal,Local
Tiruthani(Uzhavar Sandhai ),0.05,Metric Tonnes,Red Nanital,4000.0,4000.0,4000.0,Rs./Quintal,Local
Tiruvannamalai(Uzhavar Sandhai ),0.98,Metric Tonnes,Red Nanital,3000.0,3600.0,3300.0,Rs./Quintal,Local
Tuticorin(Uzhavar Sandhai ),0.54,Metric Tonnes,Other,3000.0,3500.0,3250.0,Rs./Quintal,Local
Udhagamandalam(Uzhavar Sandhai ),2.25,Metric Tonnes,Other,5000.0,5500.0,5250.0,Rs./Quintal,Local
Udumalpet APMC,0.13,Metric Tonnes,Red Nanital,3000.0,4000.0,3500.0,Rs./Quintal,Local
Ulundurpettai APMC,0.24,Metric Tonnes,Red Nanital,4000.0,4000.0,4000.0,Rs./Quintal,Local
Vadalur(Uzhavar Sandhai ),0.17,Metric Tonnes,Other,3500.0,4000.0,3750.0,Rs./Quintal,Local
Vadaseri APMC,0.22,Metric Tonnes,Red Nanital,3000.0,3500.0,3250.0,Rs./Quintal,Local
Vadavalli(Uzhavar Sandhai ),0.94,Metric Tonnes,Other,4400.0,5000.0,4700.0,Rs./Quintal,Local
Vandavasi(Uzhavar Sandhai ),0.04,Metric Tonnes,Other,3500.0,4000.0,3750.0,Rs./Quintal,Local
Vaniyampadi(Uzhavar Sandhai ),0.7,Metric Tonnes,Red Nanital,3000.0,3000.0,3000.0,Rs./Quintal,Local
Vazhapadi(Uzhavar Sandhai),0.04,Metric Tonnes,Red Nanital,3000.0,3400.0,3200.0,Rs./Quintal,Local
Vedaranyam(Uzhavar Sandhai),0.06,Metric Tonnes,Red Nanital,3500.0,4000.0,3750.0,Rs./Quintal,Local
Vellore APMC,0.8,Metric Tonnes,Red Nanital,2400.0,3400.0,2900.0,Rs./Quintal,Local
Villupuram(Uzhavar Sandhai ),0.21,Metric Tonnes,Red Nanital,4500.0,4500.0,4500.0,Rs./Quintal,Local
Virudhunagar(Uzhavar Sandhai ),0.02,Metric Tonnes,Red Nanital,3500.0,4000.0,3750.0,Rs./Quintal,Local
Viruthachalam(Uzhavar Sandhai ),0.09,Metric Tonnes,Red Nanital,4000.0,4000.0,4000.0,Rs./Quintal,Local
Total,55.24,Metric Tonnes,,,,3768.69,Rs./Quintal,
State/UT Name : Telangana
"Alwal,RBZ",1.4000000000000001,Metric Tonnes,Other,1900.0,1900.0,1900.0,Rs./Quintal,FAQ
Bowenpally APMC,514.3000000000001,Metric Tonnes,Potato,1000.0,1600.0,1400.0,Rs./Quintal,FAQ
"Excise Colony,RBZ ",0.26,Metric Tonnes,Other,3000.0,3000.0,3000.0,Rs./Quintal,Grade A
Gudimalkapur APMC,203.4,Metric Tonnes,Potato,1000.0,1600.0,1300.0,Rs./Quintal,Grade B
"Kukatpally,RBZ",14.0,Metric Tonnes,Other,1900.0,1900.0,1900.0,Rs./Quintal,Local
L B Nagar APMC,49.2,Metric Tonnes,Potato,1000.0,1500.0,1200.0,Rs./Quintal,Medium
Mahabubnagar(Rythu Bazar),2.45,Metric Tonnes,Red Nanital,2400.0,2400.0,2400.0,Rs./Quintal,Local
Mahboob Manison APMC,20.0,Metric Tonnes,Potato,1900.0,1900.0,1900.0,Rs./Quintal,Medium
Miryalguda(Rythu Bazar) ,1.5,Metric Tonnes,Potato,2500.0,2500.0,2500.0,Rs./Quintal,Grade A
RYTHU BAZAR ERRAGADDA,16.4,Metric Tonnes,Potato,1700.0,1900.0,1765.85,Rs./Quintal,Grade A
"Saroornagar,RBZ",2.6,Metric Tonnes,Other,1900.0,1900.0,1900.0,Rs./Quintal,Medium
Siddipet(Rythu Bazar) ,3.0,Metric Tonnes,Red Nanital,1400.0,2200.0,1800.0,Rs./Quintal,Grade A
"Vanasthalipuram,RBZ ",3.8,Metric Tonnes,Potato,1900.0,1900.0,1900.0,Rs./Quintal,Grade A
Venkateswarnagar APMC,0.4,Metric Tonnes,Local,1500.0,2000.0,1700.0,Rs./Quintal,Local
Warangal APMC,2.6,Metric Tonnes,Potato,1500.0,2000.0,1750.0,Rs./Quintal,FAQ
Total,835.31,Metric Tonnes,,,,1404.15,Rs./Quintal,
State/UT Name : Tripura
Bachaibari APMC,1.5,Metric Tonnes,Other,1300.0,1400.0,1350.0,Rs./Quintal,Medium
Biokhora,0.4,Metric Tonnes,Jyoti,1600.0,1750.0,1680.0,Rs./Quintal,FAQ
Bishalgarh APMC,3.0,Metric Tonnes,Potato,1200.0,1400.0,1300.0,Rs./Quintal,Medium
Boxonagar,0.08000000000000002,Metric Tonnes,Other,1400.0,1600.0,1500.0,Rs./Quintal,Medium
Champaknagar APMC,0.2,Metric Tonnes,F.A.Q.,1800.0,2000.0,1900.0,Rs./Quintal,FAQ
Chowmanu APMC,1.6,Metric Tonnes,Local,1800.0,2000.0,1900.0,Rs./Quintal,Local
Dasda APMC,0.30000000000000004,Metric Tonnes,Other,1400.0,1500.0,1450.0,Rs./Quintal,FAQ
Garjee APMC,2.0,Metric Tonnes,Jalander,1400.0,1500.0,1450.0,Rs./Quintal,FAQ
Gondatwisa APMC,0.8,Metric Tonnes,F.A.Q.,2000.0,2500.0,2300.0,Rs./Quintal,FAQ
Halahali,0.35,Metric Tonnes,Red Nanital,1800.0,2000.0,1900.0,Rs./Quintal,FAQ
Jampuijala APMC,0.1,Metric Tonnes,Jalander,3800.0,4000.0,3900.0,Rs./Quintal,Medium
Kadamtala,3.7,Metric Tonnes,Jalander,1200.0,1300.0,1250.0,Rs./Quintal,Medium
Kalyanpur APMC,2.0,Metric Tonnes,Jalander,2000.0,2200.0,2100.0,Rs./Quintal,FAQ
Kanchanpur,0.7000000000000001,Metric Tonnes,Potato,1300.0,1500.0,1400.0,Rs./Quintal,FAQ
Kulai APMC,12.0,Metric Tonnes,Other,1600.0,2000.0,1800.0,Rs./Quintal,Grade B
Machmara,0.5,Metric Tonnes,Local,1100.0,1300.0,1200.0,Rs./Quintal,FAQ
Manubazar,1.0,Metric Tonnes,Jyoti,1800.0,2000.0,1900.0,Rs./Quintal,FAQ
Masli,0.9,Metric Tonnes,Desi,1800.0,2000.0,1900.0,Rs./Quintal,Local
Melaghar APMC,3.0,Metric Tonnes,Jalander,1200.0,1400.0,1300.0,Rs./Quintal,Local
Pabiacherra APMC,1.1,Metric Tonnes,Other,1100.0,1300.0,1200.0,Rs./Quintal,FAQ
Panichowki,1.85,Metric Tonnes,Other,1050.0,1050.0,1050.0,Rs./Quintal,Medium
Panisagar APMC,4.2,Metric Tonnes,Jalander,1200.0,1300.0,1250.0,Rs./Quintal,Medium
Santir Bazar APMC,0.8,Metric Tonnes,Jyoti,1800.0,2000.0,1900.0,Rs./Quintal,Local
Silachhari APMC,0.1,Metric Tonnes,Other,1600.0,2000.0,1800.0,Rs./Quintal,FAQ
Sonamura APMC,0.12,Metric Tonnes,Other,1400.0,1600.0,1500.0,Rs./Quintal,Medium
Total,42.3,Metric Tonnes,,,,1566.77,Rs./Quintal,
State/UT Name : Uttar Pradesh
Agra APMC,1659.5,Metric Tonnes,Other,500.0,1100.0,556.8,Rs./Quintal,FAQ
Aligarh APMC,84.5,Metric Tonnes,Other,500.0,500.0,500.0,Rs./Quintal,FAQ
Anwala APMC,101.4,Metric Tonnes,Other,600.0,600.0,600.0,Rs./Quintal,FAQ
Atrauli APMC,13.0,Metric Tonnes,Other,700.0,700.0,700.0,Rs./Quintal,FAQ
Auraiya APMC,63.2,Metric Tonnes,Other,500.0,600.0,536.71,Rs./Quintal,FAQ
Babrala APMC,15.0,Metric Tonnes,Other,600.0,600.0,600.0,Rs./Quintal,FAQ
Badayoun APMC,317.4,Metric Tonnes,Other,550.0,550.0,550.0,Rs./Quintal,FAQ
Bahraich APMC,24.0,Metric Tonnes,Other,1000.0,1000.0,1000.0,Rs./Quintal,FAQ
Bangarmau APMC,50.0,Metric Tonnes,Other,700.0,700.0,700.0,Rs./Quintal,FAQ
Barabanki APMC,1304.2,Metric Tonnes,Other,600.0,750.0,607.56,Rs./Quintal,FAQ
Bareilly APMC,294.5,Metric Tonnes,Other,500.0,500.0,500.0,Rs./Quintal,FAQ
Bewar APMC,82.0,Metric Tonnes,Other,500.0,500.0,500.0,Rs./Quintal,FAQ
Bharthna APMC,195.0,Metric Tonnes,Other,500.0,500.0,500.0,Rs./Quintal,FAQ
Bhehjoi APMC,32.0,Metric Tonnes,Desi,600.0,610.0,605.0,Rs./Quintal,Local
Bhehjoi APMC,55.0,Metric Tonnes,Other,600.0,605.0,601.18,Rs./Quintal,FAQ
Bilsi APMC,143.0,Metric Tonnes,Other,550.0,700.0,576.22,Rs./Quintal,FAQ
Bisoli APMC,496.5,Metric Tonnes,Other,600.0,700.0,608.06,Rs./Quintal,FAQ
Buland Shahr APMC,20.0,Metric Tonnes,Other,800.0,800.0,800.0,Rs./Quintal,FAQ
Chandausi APMC,164.5,Metric Tonnes,Other,600.0,600.0,600.0,Rs./Quintal,FAQ
Chhibramau APMC,1437.3,Metric Tonnes,Other,550.0,600.0,552.61,Rs./Quintal,FAQ
Choubepur APMC,294.5,Metric Tonnes,Other,550.0,550.0,550.0,Rs./Quintal,FAQ
Dhampur APMC,45.0,Metric Tonnes,Other,600.0,610.0,603.33,Rs./Quintal,FAQ
Dhanaura APMC,52.945,Metric Tonnes,Other,800.0,800.0,800.0,Rs./Quintal,FAQ
Dibiapur APMC,27.0,Metric Tonnes,Other,600.0,600.0,600.0,Rs./Quintal,FAQ
Divai APMC,57.5,Metric Tonnes,Other,500.0,500.0,500.0,Rs./Quintal,FAQ
Dudhi APMC,100.0,Metric Tonnes,Potato,1000.0,1200.0,1100.0,Rs./Quintal,Medium
Etah APMC,30.0,Metric Tonnes,Other,600.0,600.0,600.0,Rs./Quintal,FAQ
Etawah APMC,397.3,Metric Tonnes,Other,500.0,800.0,531.84,Rs./Quintal,FAQ
Farukhabad APMC,929.7,Metric Tonnes,Other,550.0,900.0,576.01,Rs./Quintal,FAQ
Fatehabad APMC,150.0,Metric Tonnes,Other,500.0,500.0,500.0,Rs./Quintal,FAQ
Fatehpur APMC,30.5,Metric Tonnes,Other,700.0,710.0,703.28,Rs./Quintal,FAQ
Firozabad APMC,1032.0,Metric Tonnes,Other,400.0,500.0,424.42,Rs./Quintal,FAQ
Ghiraur APMC,1273.0,Metric Tonnes,Other,350.0,500.0,353.89,Rs./Quintal,FAQ
Gorakhpur APMC,30.0,Metric Tonnes,Other,1200.0,1200.0,1200.0,Rs./Quintal,FAQ
Haathras APMC,1594.87,Metric Tonnes,Other,500.0,1100.0,559.16,Rs./Quintal,FAQ
Hapur APMC,52.04,Metric Tonnes,Other,800.0,800.0,800.0,Rs./Quintal,FAQ
Hardoi APMC,3.5,Metric Tonnes,Other,600.0,600.0,600.0,Rs./Quintal,FAQ
Islam Nagar APMC,219.65,Metric Tonnes,Other,550.0,550.0,550.0,Rs./Quintal,FAQ
Jagnair APMC,97.08,Metric Tonnes,Other,800.0,800.0,800.0,Rs./Quintal,FAQ
Jarar APMC,43.0,Metric Tonnes,Other,500.0,500.0,500.0,Rs./Quintal,FAQ
Jasvantnagar APMC,360.0,Metric Tonnes,Other,500.0,500.0,500.0,Rs./Quintal,FAQ
Jhijhank APMC,19.0,Metric Tonnes,Other,500.0,500.0,500.0,Rs./Quintal,FAQ
Kairana APMC,4.0,Metric Tonnes,Other,800.0,800.0,800.0,Rs./Quintal,FAQ
Kamlaganj APMC,108.0,Metric Tonnes,Other,550.0,550.0,550.0,Rs./Quintal,FAQ
Kannauj APMC,1033.9,Metric Tonnes,Other,550.0,1100.0,566.92,Rs./Quintal,FAQ
Kanpur(Grain) APMC,453.0,Metric Tonnes,Other,550.0,550.0,550.0,Rs./Quintal,FAQ
Kasganj APMC,329.0,Metric Tonnes,Other,600.0,600.0,600.0,Rs./Quintal,FAQ
Kayamganj APMC,30.0,Metric Tonnes,Other,550.0,550.0,550.0,Rs./Quintal,FAQ
Khair APMC,210.5,Metric Tonnes,Other,500.0,500.0,500.0,Rs./Quintal,FAQ
Khairagarh APMC,50.0,Metric Tonnes,Desi,500.0,600.0,550.0,Rs./Quintal,FAQ
Khairagarh APMC,25.0,Metric Tonnes,Other,500.0,500.0,500.0,Rs./Quintal,FAQ
Khatauli APMC,14.0,Metric Tonnes,Other,1020.0,1070.0,1042.86,Rs./Quintal,FAQ
Khekda APMC,0.9,Metric Tonnes,Other,1000.0,1200.0,1044.44,Rs./Quintal,FAQ
Kosikalan APMC,9.0,Metric Tonnes,Desi,700.0,800.0,760.0,Rs./Quintal,FAQ
Lalganj APMC,50.005,Metric Tonnes,Other,600.0,1100.0,850.02,Rs./Quintal,FAQ
Lucknow APMC,53.6,Metric Tonnes,Other,700.0,700.0,700.0,Rs./Quintal,FAQ
Madhoganj APMC,119.5,Metric Tonnes,Other,600.0,600.0,600.0,Rs./Quintal,FAQ
Maigalganj APMC,20.0,Metric Tonnes,Other,500.0,500.0,500.0,Rs./Quintal,FAQ
Mainpuri APMC,332.7,Metric Tonnes,Other,500.0,500.0,500.0,Rs./Quintal,FAQ
Mathura APMC,131.0,Metric Tonnes,Other,500.0,800.0,513.74,Rs./Quintal,FAQ
Meeranpur Katra APMC,23.0,Metric Tonnes,Other,550.0,550.0,550.0,Rs./Quintal,FAQ
Mehmoodabad APMC,239.7,Metric Tonnes,Other,580.0,600.0,580.25,Rs./Quintal,FAQ
Mohamadabad APMC,197.5,Metric Tonnes,Other,550.0,550.0,550.0,Rs./Quintal,FAQ
Nanuta APMC,7.5,Metric Tonnes,Other,1060.0,1060.0,1060.0,Rs./Quintal,FAQ
Nawabganj APMC,115.0,Metric Tonnes,Other,600.0,600.0,600.0,Rs./Quintal,FAQ
Paliakala APMC,70.0,Metric Tonnes,Other,700.0,700.0,700.0,Rs./Quintal,FAQ
Pilibhit APMC,10.0,Metric Tonnes,Other,1100.0,1100.0,1100.0,Rs./Quintal,FAQ
Powayan APMC,183.875,Metric Tonnes,Other,600.0,1100.0,975.93,Rs./Quintal,FAQ
Pratapgarh APMC,35.95,Metric Tonnes,Other,600.0,600.0,600.0,Rs./Quintal,FAQ
Prayagraj APMC,189.1,Metric Tonnes,Other,700.0,700.0,700.0,Rs./Quintal,FAQ
Rura APMC,55.0,Metric Tonnes,Other,650.0,650.0,650.0,Rs./Quintal,FAQ
Safdarganj APMC,141.0,Metric Tonnes,Other,580.0,580.0,580.0,Rs./Quintal,FAQ
Saharanpur APMC,44.3,Metric Tonnes,Other,560.0,1000.0,683.07,Rs./Quintal,FAQ
Salon APMC,75.0,Metric Tonnes,Other,600.0,600.0,600.0,Rs./Quintal,FAQ
Sambhal APMC,768.055,Metric Tonnes,Other,600.0,600.0,600.0,Rs./Quintal,FAQ
Samsabad APMC,330.0,Metric Tonnes,Local,400.0,600.0,500.0,Rs./Quintal,Local
Samsabad APMC,515.0,Metric Tonnes,Other,450.0,500.0,463.11,Rs./Quintal,FAQ
Sandi APMC,75.0,Metric Tonnes,Other,600.0,600.0,600.0,Rs./Quintal,FAQ
Shadabad APMC,1002.4,Metric Tonnes,Other,500.0,500.0,500.0,Rs./Quintal,FAQ
Shahabad(New Mandi) APMC,133.0,Metric Tonnes,Other,550.0,550.0,550.0,Rs./Quintal,FAQ
Shahaswan APMC,54.0,Metric Tonnes,Other,600.0,600.0,600.0,Rs./Quintal,FAQ
Shahjahanpur APMC,43.0,Metric Tonnes,Other,600.0,600.0,600.0,Rs./Quintal,FAQ
Shamli APMC,12.8,Metric Tonnes,Other,1000.0,1200.0,1084.38,Rs./Quintal,FAQ
Shikohabad APMC,674.5,Metric Tonnes,Other,500.0,500.0,500.0,Rs./Quintal,FAQ
Sikandraraau APMC,17.0,Metric Tonnes,Other,500.0,500.0,500.0,Rs./Quintal,FAQ
Sikarpur APMC,51.0,Metric Tonnes,Other,600.0,600.0,600.0,Rs./Quintal,FAQ
Sirsaganj APMC,1540.0,Metric Tonnes,Other,500.0,500.0,500.0,Rs./Quintal,FAQ
Siyana APMC,59.855,Metric Tonnes,Other,900.0,900.0,900.0,Rs./Quintal,FAQ
Tilhar APMC,79.3,Metric Tonnes,Other,500.0,500.0,500.0,Rs./Quintal,FAQ
Tundla APMC,1352.5,Metric Tonnes,Other,500.0,700.0,505.18,Rs./Quintal,FAQ
Ujhani APMC,174.5,Metric Tonnes,Other,550.0,600.0,558.6,Rs./Quintal,FAQ
Uttaripura APMC,685.3,Metric Tonnes,Other,550.0,550.0,550.0,Rs./Quintal,FAQ
Varanasi APMC,17.2,Metric Tonnes,Other,800.0,800.0,800.0,Rs./Quintal,FAQ
Viswan APMC,33.0,Metric Tonnes,Other,550.0,550.0,550.0,Rs./Quintal,FAQ
Wazirganj APMC,195.0,Metric Tonnes,Other,600.0,620.0,602.67,Rs./Quintal,FAQ
Yusufpur APMC,3.0,Metric Tonnes,Other,600.0,600.0,600.0,Rs./Quintal,FAQ
Total,25567.02,Metric Tonnes,,,,545.88,Rs./Quintal,
State/UT Name : Uttarakhand
Dehradoon APMC,24.0,Metric Tonnes,Local,500.0,900.0,800.0,Rs./Quintal,Grade B
Haldwani APMC,68.5,Metric Tonnes,Other,800.0,1400.0,1200.0,Rs./Quintal,FAQ
Haridwar Union APMC,3.5,Metric Tonnes,Other,1000.0,1500.0,1200.0,Rs./Quintal,Medium
Kashipur APMC,24.0,Metric Tonnes,Other,700.0,800.0,750.0,Rs./Quintal,Local
Kotadwara APMC,4.4,Metric Tonnes,Potato,1000.0,1000.0,1000.0,Rs./Quintal,FAQ
Manglaur APMC,2.5,Metric Tonnes,Other,500.0,700.0,600.0,Rs./Quintal,Large
Rishikesh APMC,11.0,Metric Tonnes,Other,700.0,1025.0,900.0,Rs./Quintal,Medium
Roorkee APMC,2.5,Metric Tonnes,Other,800.0,1200.0,1000.0,Rs./Quintal,Medium
Rudrapur APMC,20.0,Metric Tonnes,Other,500.0,800.0,700.0,Rs./Quintal,Medium
Sitarganj APMC,17.5,Metric Tonnes,Kufri Giriraj,800.0,1200.0,1000.0,Rs./Quintal,Grade B
Total,177.9,Metric Tonnes,,,,974.7,Rs./Quintal,
State/UT Name : West Bengal
Alipurduar APMC,7.0,Metric Tonnes,Jyoti,590.0,640.0,620.0,Rs./Quintal,FAQ
Asansol APMC,55.0,Metric Tonnes,Jyoti,740.0,830.0,780.0,Rs./Quintal,FAQ
Balarampur APMC,8.0,Metric Tonnes,Other,700.0,820.0,750.0,Rs./Quintal,FAQ
Balurghat APMC,13.0,Metric Tonnes,Local,580.0,600.0,590.0,Rs./Quintal,FAQ
Bankura Sadar APMC,25.0,Metric Tonnes,Jyoti,640.0,680.0,660.0,Rs./Quintal,FAQ
Bara Bazar (Posta Bazar) APMC,6.0,Metric Tonnes,Jyoti,880.0,940.0,920.0,Rs./Quintal,FAQ
Barasat APMC,48.0,Metric Tonnes,Jyoti,900.0,900.0,900.0,Rs./Quintal,FAQ
Baxirhat APMC,24.0,Metric Tonnes,Jyoti,570.0,590.0,580.0,Rs./Quintal,FAQ
Belacoba APMC,9.0,Metric Tonnes,Jyoti,580.0,600.0,590.0,Rs./Quintal,FAQ
Bethuadahari APMC,10.0,Metric Tonnes,Desi,790.0,810.0,800.0,Rs./Quintal,Grade A
Bishnupur(Bankura) APMC,6.800000000000001,Metric Tonnes,Jyoti,680.0,760.0,720.0,Rs./Quintal,FAQ
Burdwan APMC,27.0,Metric Tonnes,Jyoti,760.0,800.0,780.0,Rs./Quintal,FAQ
Chakdah APMC,10.4,Metric Tonnes,Jyoti,760.0,780.0,770.0,Rs./Quintal,FAQ
Champadanga APMC,14.0,Metric Tonnes,Jyoti,720.0,760.0,740.0,Rs./Quintal,FAQ
Darjeeling APMC,1.8,Metric Tonnes,Red,1400.0,1600.0,1500.0,Rs./Quintal,FAQ
Dhupguri APMC,25.0,Metric Tonnes,Jyoti,580.0,610.0,600.0,Rs./Quintal,FAQ
Diamond Harbour(South 24-pgs) APMC,14.0,Metric Tonnes,Jyoti,800.0,840.0,820.0,Rs./Quintal,FAQ
Dinhata APMC,20.0,Metric Tonnes,Jyoti,570.0,590.0,580.0,Rs./Quintal,FAQ
Durgapur APMC,55.0,Metric Tonnes,Jyoti,740.0,820.0,780.0,Rs./Quintal,FAQ
Egra/contai APMC,1025.0,Metric Tonnes,Jyoti,820.0,850.0,835.0,Rs./Quintal,FAQ
English Bazar APMC,20.0,Metric Tonnes,Local,600.0,620.0,610.0,Rs./Quintal,FAQ
Falakata APMC,16.0,Metric Tonnes,Jyoti,590.0,640.0,620.0,Rs./Quintal,FAQ
Gajol APMC,50.0,Metric Tonnes,Local,640.0,660.0,650.0,Rs./Quintal,FAQ
Gangarampur(Dakshin Dinajpur) APMC,9.0,Metric Tonnes,Local,580.0,600.0,590.0,Rs./Quintal,FAQ
Garbeta(Medinipur) APMC,3.0,Metric Tonnes,Jyoti,640.0,680.0,660.0,Rs./Quintal,FAQ
Ghatal APMC,3.5,Metric Tonnes,Jyoti,820.0,840.0,830.0,Rs./Quintal,FAQ
Guskara APMC,17.5,Metric Tonnes,Jyoti,740.0,750.0,740.0,Rs./Quintal,FAQ
Habra APMC,35.0,Metric Tonnes,Jyoti,1000.0,1000.0,1000.0,Rs./Quintal,FAQ
Haldibari APMC,20.0,Metric Tonnes,Jyoti,570.0,590.0,580.0,Rs./Quintal,FAQ
Indus(Bankura Sadar) APMC,5.550000000000001,Metric Tonnes,Jyoti,635.0,675.0,655.0,Rs./Quintal,FAQ
Islampur APMC,12.0,Metric Tonnes,Jyoti,640.0,660.0,650.0,Rs./Quintal,FAQ
Jalpaiguri Sadar APMC,0.7,Metric Tonnes,Jyoti,600.0,620.0,610.0,Rs./Quintal,FAQ
Jangipur APMC,37.35,Metric Tonnes,Jyoti,1300.0,1400.0,1350.0,Rs./Quintal,FAQ
Jhargram APMC,6.0,Metric Tonnes,Jyoti,720.0,780.0,750.0,Rs./Quintal,FAQ
Jiaganj APMC,5.0,Metric Tonnes,Local,500.0,600.0,550.0,Rs./Quintal,FAQ
Kaliaganj APMC,12.0,Metric Tonnes,Other,600.0,650.0,630.0,Rs./Quintal,FAQ
Kalipur APMC,6.8,Metric Tonnes,Jyoti,680.0,720.0,700.0,Rs./Quintal,FAQ
Kalna APMC,18.5,Metric Tonnes,Jyoti,740.0,750.0,740.0,Rs./Quintal,FAQ
Kalyani APMC,3.5,Metric Tonnes,Jyoti,800.0,820.0,810.0,Rs./Quintal,Local
Kandi APMC,10.0,Metric Tonnes,Jyoti,660.0,780.0,700.0,Rs./Quintal,FAQ
Karimpur APMC,9.5,Metric Tonnes,Jyoti,780.0,800.0,790.0,Rs./Quintal,Grade A
Karsiyang(Matigara) APMC,1.6,Metric Tonnes,Red,1400.0,1600.0,1500.0,Rs./Quintal,FAQ
Khatra APMC,6.5,Metric Tonnes,Jyoti,680.0,760.0,720.0,Rs./Quintal,FAQ
Kolaghat APMC,10.0,Metric Tonnes,Jyoti,760.0,800.0,780.0,Rs./Quintal,FAQ
Mathabhanga APMC,20.0,Metric Tonnes,Jyoti,570.0,590.0,580.0,Rs./Quintal,FAQ
Medinipur(West) APMC,40.0,Metric Tonnes,Jyoti,660.0,700.0,680.0,Rs./Quintal,FAQ
Mekhliganj APMC,24.0,Metric Tonnes,Jyoti,570.0,590.0,580.0,Rs./Quintal,FAQ
Memari APMC,28.0,Metric Tonnes,Jyoti,760.0,800.0,780.0,Rs./Quintal,FAQ
Moynaguri APMC,23.0,Metric Tonnes,Jyoti,580.0,600.0,590.0,Rs./Quintal,FAQ
Nadia APMC,11.0,Metric Tonnes,Jyoti,760.0,830.0,790.0,Rs./Quintal,FAQ
Pandua APMC,6.3,Metric Tonnes,Jyoti,640.0,720.0,660.0,Rs./Quintal,FAQ
Purulia APMC,23.0,Metric Tonnes,Jyoti,720.0,820.0,760.0,Rs./Quintal,FAQ
Raiganj APMC,15.0,Metric Tonnes,Other,580.0,610.0,600.0,Rs./Quintal,FAQ
Ramkrishanpur(Howrah) APMC,8.75,Metric Tonnes,Jyoti,820.0,860.0,840.0,Rs./Quintal,FAQ
Rampurhat APMC,25.0,Metric Tonnes,Other,650.0,670.0,660.0,Rs./Quintal,FAQ
Ranaghat APMC,10.0,Metric Tonnes,Jyoti,770.0,800.0,790.0,Rs./Quintal,FAQ
Samsi APMC,45.0,Metric Tonnes,Local,580.0,620.0,600.0,Rs./Quintal,FAQ
Sheoraphuly APMC,25.0,Metric Tonnes,Jyoti,680.0,740.0,710.0,Rs./Quintal,FAQ
Siliguri APMC,180.0,Metric Tonnes,Jyoti,620.0,650.0,640.0,Rs./Quintal,FAQ
Tamluk (Medinipur E) APMC,20.0,Metric Tonnes,Jyoti,760.0,800.0,780.0,Rs./Quintal,FAQ
Toofanganj APMC,20.0,Metric Tonnes,Jyoti,570.0,590.0,580.0,Rs./Quintal,FAQ
Uluberia APMC,4.3,Metric Tonnes,Jyoti,830.0,860.0,840.0,Rs./Quintal,FAQ
Total,2251.35,Metric Tonnes,,,,772.58,Rs./Quintal,
Grand Total,42126.53,Metric Tonnes,,,,746.16,Rs./Quintal,
Tomato
State/UT Name : Andhra Pradesh
B.Kothakota H/Q Angallu,63.0,Metric Tonnes,Local,1500.0,2200.0,2000.0,Rs./Quintal,FAQ
Guramkonda Sub-yard of AMC Valmikipuram,117.75,Metric Tonnes,Hybrid,1800.0,2200.0,2000.0,Rs./Quintal,FAQ
Kalikiri APMC,27.900000000000002,Metric Tonnes,Hybrid,1600.0,2400.0,2000.0,Rs./Quintal,FAQ
Kuppam APMC,1.0,Metric Tonnes,Tomato,900.0,1212.0,1212.0,Rs./Quintal,Grade C
Madanapalli APMC,73.0,Metric Tonnes,Local,1900.0,2400.0,2200.0,Rs./Quintal,FAQ
Mulakalacheruvu APMC,776.0,Metric Tonnes,Local,1300.0,2300.0,1900.0,Rs./Quintal,FAQ
Palamaner APMC,65.0,Metric Tonnes,Tomato,2000.0,2460.0,2300.0,Rs./Quintal,FAQ
Pattikonda APMC,478.0,Metric Tonnes,Local,1200.0,2000.0,1600.0,Rs./Quintal,FAQ
Punganur APMC,30.1,Metric Tonnes,Hybrid,1300.0,2200.0,1740.0,Rs./Quintal,FAQ
Somala APMC,8.0,Metric Tonnes,Tomato,1200.0,1800.0,1500.0,Rs./Quintal,FAQ
V. Kota Sub-yard of AMC Palamaneru,6.0,Metric Tonnes,Other,1800.0,2400.0,2100.0,Rs./Quintal,FAQ
Valmikipuram APMC,117.75,Metric Tonnes,Hybrid,1800.0,2200.0,2000.0,Rs./Quintal,FAQ
Total,1763.5,Metric Tonnes,,,,1860.1,Rs./Quintal,
State/UT Name : Assam
Pamohi(Garchuk) APMC,35.0,Metric Tonnes,Local,3000.0,4000.0,3500.0,Rs./Quintal,FAQ
Tinsukia Market,0.8,Metric Tonnes,Tomato,3500.0,4500.0,4000.0,Rs./Quintal,FAQ
Uparhali Pmy APMC,0.5,Metric Tonnes,Tomato,3000.0,3200.0,3200.0,Rs./Quintal,FAQ
Total,36.3,Metric Tonnes,,,,3506.89,Rs./Quintal,
State/UT Name : Bihar
Buxur APMC,2.0,Metric Tonnes,Deshi,2650.0,2668.0,2661.0,Rs./Quintal,Local
Jamui APMC,0.5,Metric Tonnes,Deshi,3200.0,3200.0,3200.0,Rs./Quintal,Grade A
Khagaria APMC,0.36,Metric Tonnes,Deshi,1999.9998,2166.66645,2083.333125,Rs./Quintal,Grade A
Madhubani APMC,3.2,Metric Tonnes,Tomato,3800.0,4000.0,3900.0,Rs./Quintal,FAQ
Maharjganj APMC,30.0,Metric Tonnes,Deshi,2800.0,2800.0,2800.0,Rs./Quintal,FAQ
Saharsa APMC,1.0,Metric Tonnes,Hybrid,3800.0,4000.0,3900.0,Rs./Quintal,FAQ
Total,37.06,Metric Tonnes,,,,2915.6,Rs./Quintal,
State/UT Name : Chandigarh
Chandigarh (Grain/F&V) APMC,100.775,Metric Tonnes,Tomato,520.0,1600.0,1400.0,Rs./Quintal,FAQ
Total,100.78,Metric Tonnes,,,,1400.0,Rs./Quintal,
State/UT Name : Chattisgarh
Durg APMC,189.0,Metric Tonnes,Local,1600.0,1700.0,1600.0,Rs./Quintal,Medium
Rajnandgaon APMC,132.8,Metric Tonnes,Deshi,2100.0,2500.0,2300.0,Rs./Quintal,Grade B
Total,321.8,Metric Tonnes,,,,1888.88,Rs./Quintal,
State/UT Name : Gujarat
Ahmedabad APMC,255.70000000000002,Metric Tonnes,Other,1800.0,3000.0,2400.0,Rs./Quintal,FAQ
"Anand(Veg,Yard,Anand) APMC",27.200000000000003,Metric Tonnes,Tomato,1000.0,1500.0,1250.0,Rs./Quintal,Grade B
Ankleshwar APMC,5.0,Metric Tonnes,Tomato,1500.0,2500.0,2000.0,Rs./Quintal,Grade A
Bharuch APMC,12.2,Metric Tonnes,Other,1300.0,2000.0,1500.0,Rs./Quintal,Local
Bilimora APMC,5.4,Metric Tonnes,Other,2000.0,2500.0,2200.0,Rs./Quintal,FAQ
Dahod(Veg. Market) APMC,14.5,Metric Tonnes,Tomato,1000.0,2500.0,2000.0,Rs./Quintal,Local
Damnagar APMC,0.065,Metric Tonnes,Local,3000.0,3000.0,3000.0,Rs./Quintal,Local
Deesa(Deesa Veg Yard) APMC,40.800000000000004,Metric Tonnes,Other,1500.0,2000.0,1750.0,Rs./Quintal,FAQ
Gondal(Veg.market Gondal) APMC,26.44,Metric Tonnes,Tomato,1000.0,3500.0,2250.0,Rs./Quintal,Local
Himatnagar(Veg.Market Himatnagar) APMC,2.8000000000000003,Metric Tonnes,Tomato,1500.0,2000.0,1880.0,Rs./Quintal,Local
Kapadvanj APMC,4.0,Metric Tonnes,Tomato,1500.0,2000.0,1750.0,Rs./Quintal,Medium
Khambhat(Veg Yard Khambhat) APMC,0.30000000000000004,Metric Tonnes,Other,2000.0,2500.0,2200.0,Rs./Quintal,Local
Mansa(Manas Veg Yard) APMC,1.0,Metric Tonnes,Tomato,2500.0,2500.0,2500.0,Rs./Quintal,Local
Mehsana(Mehsana Veg) APMC,18.6,Metric Tonnes,Tomato,40.0,60.0,50.0,Rs./Quintal,Local
Nadiad APMC,2.0,Metric Tonnes,Tomato,2200.0,2400.0,2300.0,Rs./Quintal,FAQ
Nadiyad(Chaklasi) APMC,1.295,Metric Tonnes,Tomato,2000.0,2100.0,2050.0,Rs./Quintal,FAQ
Nadiyad(Piplag) APMC,16.0,Metric Tonnes,Tomato,1800.0,2100.0,1900.0,Rs./Quintal,FAQ
Navsari APMC,15.600000000000001,Metric Tonnes,Tomato,1000.0,2750.0,1875.0,Rs./Quintal,Grade A
Padra APMC,7.2,Metric Tonnes,Other,1500.0,2500.0,2000.0,Rs./Quintal,FAQ
Palitana APMC,2.4,Metric Tonnes,Hybrid,3000.0,4500.0,3750.0,Rs./Quintal,Medium
Porbandar APMC,20.700000000000003,Metric Tonnes,Deshi,1500.0,2500.0,2000.0,Rs./Quintal,Local
Rajkot(Veg.Sub Yard) APMC,255.9,Metric Tonnes,Tomato,1945.0,2895.0,2420.0,Rs./Quintal,FAQ
Surat APMC,321.0,Metric Tonnes,Other,800.0,2750.0,1775.0,Rs./Quintal,FAQ
Talalagir APMC,9.15,Metric Tonnes,Hybrid,950.0,1550.0,1140.0,Rs./Quintal,FAQ
Vadhvan APMC,10.5,Metric Tonnes,Tomato,2000.0,2500.0,2250.0,Rs./Quintal,Medium
Vadodara(Sayajipura) APMC,16.11,Metric Tonnes,Other,1800.0,2500.0,2200.0,Rs./Quintal,FAQ
Vankaner(Sub yard) APMC,1.8,Metric Tonnes,Tomato,1500.0,2500.0,2000.0,Rs./Quintal,FAQ
Total,1093.66,Metric Tonnes,,,,2064.77,Rs./Quintal,
State/UT Name : Haryana
Bahadurgarh APMC,7.0,Metric Tonnes,Other,1500.0,2500.0,2000.0,Rs./Quintal,FAQ
Barwala APMC,2.0,Metric Tonnes,Local,2000.0,2000.0,2000.0,Rs./Quintal,FAQ
Barwala(Hisar) APMC,3.6,Metric Tonnes,Tomato,2000.0,3000.0,2500.0,Rs./Quintal,Local
Chhachrauli APMC,0.075,Metric Tonnes,Tomato,2500.0,4000.0,2500.0,Rs./Quintal,Local
Farukh Nagar APMC,1.8,Metric Tonnes,Other,2000.0,2800.0,2400.0,Rs./Quintal,Medium
FerozpurZirkha(Nagina) APMC,2.6,Metric Tonnes,Other,2200.0,2600.0,2400.0,Rs./Quintal,Local
Gharaunda APMC,1.0,Metric Tonnes,Other,3000.0,3000.0,3000.0,Rs./Quintal,Local
Gohana APMC,5.300000000000001,Metric Tonnes,Other,2500.0,4000.0,3000.0,Rs./Quintal,Medium
Gurgaon APMC,69.0,Metric Tonnes,Other,1000.0,1400.0,1200.0,Rs./Quintal,Grade B
Hansi APMC,11.7,Metric Tonnes,Other,2500.0,3000.0,2750.0,Rs./Quintal,FAQ
Hissar APMC,17.0,Metric Tonnes,Local,1400.0,2800.0,2500.0,Rs./Quintal,Local
Hodal APMC,1.5,Metric Tonnes,Hybrid,1800.0,3000.0,2500.0,Rs./Quintal,FAQ
Indri APMC,0.6000000000000001,Metric Tonnes,Tomato,2400.0,2400.0,2400.0,Rs./Quintal,FAQ
Jagadhri APMC,1.758,Metric Tonnes,Tomato,1200.0,2066.0,1800.0,Rs./Quintal,FAQ
Kharkhoda APMC,1.8,Metric Tonnes,Other,2500.0,3000.0,2750.0,Rs./Quintal,FAQ
Kosli APMC,0.30000000000000004,Metric Tonnes,Other,2500.0,2500.0,2500.0,Rs./Quintal,FAQ
Ladwa APMC,0.9,Metric Tonnes,Other,4000.0,4500.0,4500.0,Rs./Quintal,Medium
Madlauda APMC,0.45,Metric Tonnes,Tomato,2000.0,2200.0,2100.0,Rs./Quintal,FAQ
Meham,0.7000000000000001,Metric Tonnes,Tomato,2000.0,4000.0,3000.0,Rs./Quintal,Medium
Naraingarh APMC,3.165,Metric Tonnes,Tomato,800.0,2000.0,1200.0,Rs./Quintal,Medium
Narnaul APMC,4.5,Metric Tonnes,Tomato,2000.0,3000.0,2500.0,Rs./Quintal,Medium
Narwana APMC,0.9,Metric Tonnes,Tomato,2800.0,3000.0,2900.0,Rs./Quintal,Non-FAQ
"New Grain Market , Faridabad APMC",63.1,Metric Tonnes,Tomato,2000.0,3000.0,2500.0,Rs./Quintal,Non-FAQ
Nuh APMC,2.2,Metric Tonnes,Other,1200.0,2000.0,1400.0,Rs./Quintal,Local
Panipat APMC,26.0,Metric Tonnes,Other,700.0,1500.0,1100.0,Rs./Quintal,Local
Pundri APMC,0.5,Metric Tonnes,Other,1800.0,1900.0,1850.0,Rs./Quintal,FAQ
Radaur APMC,0.4,Metric Tonnes,Other,4000.0,5000.0,4500.0,Rs./Quintal,Medium
Raipur Rani APMC,0.15000000000000002,Metric Tonnes,Tomato,2200.0,2400.0,2200.0,Rs./Quintal,Local
Rania APMC,0.2,Metric Tonnes,Tomato,1.51,2.0,1.65,Rs./Quintal,Non-FAQ
Rania(Jiwan nagar) APMC,0.1,Metric Tonnes,Deshi,40.0,70.0,50.0,Rs./Quintal,Non-FAQ
Rewari APMC,12.100000000000001,Metric Tonnes,Other,600.0,2500.0,1500.0,Rs./Quintal,Medium
Rohtak APMC,13.200000000000001,Metric Tonnes,Other,1500.0,3500.0,2500.0,Rs./Quintal,Medium
Sadhaura APMC,2.0,Metric Tonnes,Tomato,1600.0,1900.0,1750.0,Rs./Quintal,Local
Safidon APMC,2.2,Metric Tonnes,Other,2000.0,2000.0,2000.0,Rs./Quintal,Medium
Samalkha APMC,0.9,Metric Tonnes,Other,2000.0,2000.0,2000.0,Rs./Quintal,FAQ
Shahabad APMC,3.3,Metric Tonnes,Tomato,1400.0,2500.0,2000.0,Rs./Quintal,Medium
Shahzadpur APMC,0.5,Metric Tonnes,Hybrid,1500.0,2500.0,1800.0,Rs./Quintal,Local
Sirsa APMC,8.0,Metric Tonnes,Other,1500.0,2800.0,2500.0,Rs./Quintal,FAQ
Siwan APMC,0.7000000000000001,Metric Tonnes,Other,2300.0,2500.0,2400.0,Rs./Quintal,FAQ
Sonepat APMC,12.4,Metric Tonnes,Tomato,1500.0,2800.0,2500.0,Rs./Quintal,FAQ
Tarori APMC,0.7000000000000001,Metric Tonnes,Other,3000.0,4000.0,3500.0,Rs./Quintal,Non-FAQ
Thanesar APMC,13.100000000000001,Metric Tonnes,Tomato,1800.0,3200.0,2500.0,Rs./Quintal,Medium
Tohana(New Veg Market) APMC,3.0,Metric Tonnes,Tomato,2800.0,4000.0,3500.0,Rs./Quintal,FAQ
Uklana APMC,0.2,Metric Tonnes,Tomato,2500.0,2800.0,2800.0,Rs./Quintal,Medium
Total,302.6,Metric Tonnes,,,,2024.83,Rs./Quintal,
State/UT Name : Himachal Pradesh
PMY Bilaspur,0.8,Metric Tonnes,Local,2000.0,2500.0,2300.0,Rs./Quintal,Grade B
PMY Chamba,1.02,Metric Tonnes,Tomato,3500.0,4000.0,3750.0,Rs./Quintal,Medium
PMY Hamirpur,1.6,Metric Tonnes,Tomato,3000.0,3500.0,3250.0,Rs./Quintal,Grade B
PMY Kangni Mandi,4.6,Metric Tonnes,Tomato,1000.0,2800.0,2200.0,Rs./Quintal,Grade B
PMY Kangra,1.8,Metric Tonnes,Tomato,2000.0,2600.0,2400.0,Rs./Quintal,FAQ
PMY Kather Solan,66.2,Metric Tonnes,Other,500.0,3000.0,2500.0,Rs./Quintal,Local
PMY Kullu,2.5,Metric Tonnes,Other,1500.0,1800.0,1600.0,Rs./Quintal,FAQ
PMY Paonta Sahib,1.2,Metric Tonnes,Other,2500.0,3500.0,3000.0,Rs./Quintal,FAQ
PMY Una,3.7,Metric Tonnes,Tomato,2200.0,3000.0,2600.0,Rs./Quintal,FAQ
SMY Baijnath,0.14,Metric Tonnes,Hybrid,2400.0,2500.0,2500.0,Rs./Quintal,Grade A
SMY Bandrol,4.0,Metric Tonnes,Other,1000.0,2500.0,1600.0,Rs./Quintal,FAQ
SMY Bhuntar,7.0,Metric Tonnes,Other,1000.0,1600.0,1300.0,Rs./Quintal,FAQ
SMY Chauri Bihal,0.5,Metric Tonnes,Other,1000.0,1500.0,1200.0,Rs./Quintal,Grade Range-1
SMY Dhanotu,1.4000000000000001,Metric Tonnes,Tomato,1500.0,2500.0,2000.0,Rs./Quintal,FAQ
SMY Dharamshala,0.8,Metric Tonnes,Tomato,2000.0,2500.0,2250.0,Rs./Quintal,FAQ
SMY Jaisinghpur,0.30000000000000004,Metric Tonnes,Tomato,2200.0,3200.0,2700.0,Rs./Quintal,FAQ
SMY Jassur,2.8000000000000003,Metric Tonnes,Other,2500.0,3000.0,2750.0,Rs./Quintal,FAQ
SMY Jwalaji,0.020000000000000004,Metric Tonnes,Other,2000.0,2600.0,2400.0,Rs./Quintal,FAQ
SMY Nadaun,1.0,Metric Tonnes,Tomato,3000.0,3200.0,3100.0,Rs./Quintal,Grade B
SMY Nagrota Bagwan,0.30000000000000004,Metric Tonnes,Tomato,2000.0,2600.0,2400.0,Rs./Quintal,FAQ
SMY Nahan,0.4,Metric Tonnes,Other,2000.0,2500.0,2200.0,Rs./Quintal,FAQ
SMY Nalagarh,0.5,Metric Tonnes,Other,1500.0,2500.0,2000.0,Rs./Quintal,Medium
SMY Palampur,2.2,Metric Tonnes,Tomato,2000.0,3000.0,2700.0,Rs./Quintal,FAQ
SMY Santoshgarh,0.8,Metric Tonnes,Tomato,4600.0,4800.0,4700.0,Rs./Quintal,FAQ
SMY Shatt,1.0,Metric Tonnes,Tomato,1000.0,1700.0,1500.0,Rs./Quintal,FAQ
SMY Takoli,2.2,Metric Tonnes,Other,500.0,1500.0,1200.0,Rs./Quintal,Medium
SMY Wakhnaghat,4.128,Metric Tonnes,Deshi,200.0,1200.0,1200.0,Rs./Quintal,Medium
Total,112.91,Metric Tonnes,,,,2321.59,Rs./Quintal,
State/UT Name : Jammu and Kashmir
Kathua (F&V),25.0,Metric Tonnes,Other,2000.0,2500.0,2250.0,Rs./Quintal,FAQ
Total,25.0,Metric Tonnes,,,,2250.0,Rs./Quintal,
State/UT Name : Karnataka
Bagepalli APMC,201.0,Metric Tonnes,Tomato,230.0,1600.0,1200.0,Rs./Quintal,Small
Bangarpet APMC,2.0,Metric Tonnes,Tomato,300.0,1000.0,500.0,Rs./Quintal,Local
Belgaum APMC,30.0,Metric Tonnes,Tomato,800.0,1200.0,1000.0,Rs./Quintal,Large
Binny Mill (FF&V) Bengaluru APMC,44.400000000000006,Metric Tonnes,Tomato,1400.0,1600.0,1500.0,Rs./Quintal,Local
Chamarajanagar APMC,2.0,Metric Tonnes,Tomato,800.0,1600.0,1200.0,Rs./Quintal,Local
Channapatna APMC,3.7,Metric Tonnes,Tomato,1000.0,2000.0,1500.0,Rs./Quintal,Local
Chickkaballapura APMC,53.5,Metric Tonnes,Tomato,360.0,2360.0,1360.0,Rs./Quintal,Local
Chikkamagaluru APMC,169.9,Metric Tonnes,Tomato,400.0,2000.0,1200.0,Rs./Quintal,Local
Chintamani APMC,384.70000000000005,Metric Tonnes,Tomato,333.0,2133.0,1133.0,Rs./Quintal,Local
Davangere APMC,4.0,Metric Tonnes,Tomato,300.0,1200.0,600.0,Rs./Quintal,Local
Doddaballapur APMC,2.8000000000000003,Metric Tonnes,Tomato,800.0,1200.0,1000.0,Rs./Quintal,Medium
Gundlupet APMC,6.0,Metric Tonnes,Tomato,1600.0,1700.0,1600.0,Rs./Quintal,Local
Hospet APMC,5.5,Metric Tonnes,Tomato,800.0,1200.0,800.0,Rs./Quintal,Local
Hunsur APMC,8.0,Metric Tonnes,Tomato,1082.0,1082.0,1082.0,Rs./Quintal,Local
K.R. Pet APMC,0.5,Metric Tonnes,Tomato,2000.0,2000.0,2000.0,Rs./Quintal,Local
Kadur APMC,16.1,Metric Tonnes,Tomato,892.0,1189.0,1110.0,Rs./Quintal,Medium
Kanakapura APMC,0.6000000000000001,Metric Tonnes,Hybrid,1000.0,1800.0,1500.0,Rs./Quintal,Medium
Kolar APMC,1950.0,Metric Tonnes,Tomato,400.0,2000.0,1060.0,Rs./Quintal,Local
Mulbagal APMC,181.3,Metric Tonnes,Tomato,333.0,1866.0,1000.0,Rs./Quintal,Local
Mysuru APMC,7.9,Metric Tonnes,Tomato,1800.0,2000.0,2000.0,Rs./Quintal,Medium
Nanjangud APMC,3.5,Metric Tonnes,Tomato,3030.0,4666.0,3333.0,Rs./Quintal,Local
Ramanagara APMC,6.4,Metric Tonnes,Tomato,1000.0,1800.0,1500.0,Rs./Quintal,Local
Ranebennur APMC,0.5,Metric Tonnes,Tomato,300.0,1000.0,800.0,Rs./Quintal,Medium
Shimoga APMC,36.2,Metric Tonnes,Tomato,600.0,1000.0,800.0,Rs./Quintal,Local
Tumakuru APMC,18.0,Metric Tonnes,Tomato,650.0,1100.0,850.0,Rs./Quintal,Local
Total,3138.5,Metric Tonnes,,,,1095.08,Rs./Quintal,
State/UT Name : Keralam
Adimali Market,0.05,Metric Tonnes,Other,5000.0,6000.0,5500.0,Rs./Quintal,Medium
Aluva Market,12.0,Metric Tonnes,Tomato,2500.0,4000.0,3300.0,Rs./Quintal,FAQ
Anchal Market,0.38,Metric Tonnes,Tomato,4300.0,4300.0,4300.0,Rs./Quintal,Local
Angamaly Market,1.0,Metric Tonnes,Tomato,3400.0,4500.0,4000.0,Rs./Quintal,FAQ
Aralamoodu Market,3.0,Metric Tonnes,Tomato,4000.0,5000.0,5000.0,Rs./Quintal,FAQ
Athirampuzha Market,0.5,Metric Tonnes,Tomato,3000.0,3200.0,3100.0,Rs./Quintal,FAQ
Attingal Market,850.0,Metric Tonnes,Other,2800.0,3200.0,3000.0,Rs./Quintal,Local
Chala Market,1.0,Metric Tonnes,Other,2800.0,2900.0,2800.0,Rs./Quintal,FAQ
Chathanoor Market,0.4,Metric Tonnes,Other,2800.0,3200.0,3000.0,Rs./Quintal,FAQ
Chavakkad Market,0.15,Metric Tonnes,Tomato,2500.0,3000.0,3000.0,Rs./Quintal,FAQ
Chelakkara Market,0.2,Metric Tonnes,Tomato,3800.0,4000.0,3900.0,Rs./Quintal,FAQ
Chengannur Market,0.5,Metric Tonnes,Tomato,3500.0,3800.0,3600.0,Rs./Quintal,FAQ
Ernakulam Market,8.0,Metric Tonnes,Tomato,3100.0,3800.0,3500.0,Rs./Quintal,FAQ
Kallachi Market,0.1,Metric Tonnes,Tomato,2400.0,2800.0,2600.0,Rs./Quintal,FAQ
Kanjangadu Market,1.0,Metric Tonnes,Other,1400.0,2000.0,1600.0,Rs./Quintal,FAQ
Kanjirappally Market,0.5,Metric Tonnes,Tomato,4500.0,5000.0,4800.0,Rs./Quintal,FAQ
Kayamkulam Market,2.0,Metric Tonnes,Other,2200.0,2400.0,2300.0,Rs./Quintal,FAQ
Koduvayoor Market,0.8,Metric Tonnes,Tomato,3000.0,3400.0,3200.0,Rs./Quintal,Medium
Kollam Market,0.5,Metric Tonnes,Tomato,3500.0,4000.0,3700.0,Rs./Quintal,Local
Kollengode Market,0.9,Metric Tonnes,Tomato,2000.0,2400.0,2200.0,Rs./Quintal,FAQ
Kuthuparambu Market,0.1,Metric Tonnes,Tomato,2400.0,2800.0,2600.0,Rs./Quintal,FAQ
Manjeri Market,8.0,Metric Tonnes,Other,1750.0,1850.0,1800.0,Rs./Quintal,Local
Munnar Market,0.8,Metric Tonnes,Other,4000.0,4000.0,4000.0,Rs./Quintal,Medium
Neyyatinkara Market,0.02,Metric Tonnes,Tomato,3400.0,4000.0,3700.0,Rs./Quintal,FAQ
North Paravur Market,1.0,Metric Tonnes,Deshi,2500.0,3000.0,2800.0,Rs./Quintal,FAQ
Pala Market,1.0,Metric Tonnes,Other,4500.0,5400.0,5000.0,Rs./Quintal,FAQ
Palakkad Market,3.0,Metric Tonnes,Tomato,3000.0,4000.0,3600.0,Rs./Quintal,FAQ
Parappanangadi Market,6.5,Metric Tonnes,Other,2400.0,2450.0,2450.0,Rs./Quintal,FAQ
Pattambi Market,0.8,Metric Tonnes,Tomato,2500.0,2800.0,2600.0,Rs./Quintal,FAQ
Perinthalmanna Market,4.0,Metric Tonnes,Tomato,2000.0,2600.0,2200.0,Rs./Quintal,Grade A
Quilandy Market,0.5,Metric Tonnes,Other,2200.0,2300.0,2200.0,Rs./Quintal,FAQ
Sasthamkotta Market,0.4,Metric Tonnes,Tomato,3000.0,3000.0,3000.0,Rs./Quintal,Local
Thalasserry Market,0.2,Metric Tonnes,Other,2000.0,3000.0,2400.0,Rs./Quintal,FAQ
Thalayolaparambu Market,0.5,Metric Tonnes,Tomato,3000.0,3400.0,3200.0,Rs./Quintal,FAQ
Thamarassery Market,0.3,Metric Tonnes,Other,2500.0,2600.0,2500.0,Rs./Quintal,FAQ
Thrippunithura Market,1.0,Metric Tonnes,Tomato,4000.0,4500.0,4200.0,Rs./Quintal,Medium
Vadakkenchery Market,0.23,Metric Tonnes,Tomato,3500.0,4000.0,4000.0,Rs./Quintal,FAQ
Vamanapuram Market,0.12,Metric Tonnes,Other,3500.0,4000.0,3500.0,Rs./Quintal,FAQ
Vandiperiyar Market,0.04,Metric Tonnes,Other,2800.0,3000.0,3000.0,Rs./Quintal,Grade Range-1
Vengeri(Kozhikode) Market,145.0,Metric Tonnes,Tomato,2500.0,2800.0,2800.0,Rs./Quintal,FAQ
vadakarapathy Market,1.4,Metric Tonnes,Tomato,2850.0,3217.0,3000.0,Rs./Quintal,FAQ
Total,1057.89,Metric Tonnes,,,,2974.48,Rs./Quintal,
State/UT Name : Madhya Pradesh
Badwaha (F&V) APMC,0.8,Metric Tonnes,Deshi,1000.0,1800.0,1325.0,Rs./Quintal,Grade A
Bareli(F&V) APMC,1.35,Metric Tonnes,Deshi,2300.0,2300.0,2300.0,Rs./Quintal,Grade A
Betul(F&V) APMC,9.4,Metric Tonnes,Local,1200.0,2400.0,1800.0,Rs./Quintal,FAQ
Bhopal(F&V) APMC,50.5,Metric Tonnes,Other,800.0,2500.0,1800.0,Rs./Quintal,Local
Chhatarpur (F&V) APMC,5.0,Metric Tonnes,Other,1700.0,1700.0,1700.0,Rs./Quintal,Grade C
Chhindwara(F&V) APMC,6.800000000000001,Metric Tonnes,Deshi,800.0,1000.0,900.0,Rs./Quintal,Local
Damoh(F&V) APMC,0.7,Metric Tonnes,Local,2000.0,2000.0,2000.0,Rs./Quintal,Small
Deori (F&V) APMC,1.3,Metric Tonnes,Tomato,1500.0,1500.0,1500.0,Rs./Quintal,Grade B
Haatpipliya (F&V) APMC,0.22999999999999998,Metric Tonnes,Tomato,1000.0,1500.0,1300.0,Rs./Quintal,Local
Itarsi(F&V) APMC,2.75,Metric Tonnes,Tomato,2300.0,2300.0,2300.0,Rs./Quintal,FAQ
Jabalpur(F&V) APMC,40.0,Metric Tonnes,Tomato,1000.0,2000.0,1200.0,Rs./Quintal,Medium
Khandwa(F&V) APMC,1.5,Metric Tonnes,Tomato,1200.0,1800.0,1445.0,Rs./Quintal,FAQ
Khargone(F&V) APMC,0.15,Metric Tonnes,Tomato,900.0,1200.0,1100.0,Rs./Quintal,Medium
Khurai(F&V) APMC,6.1000000000000005,Metric Tonnes,Tomato,1800.0,2200.0,2000.0,Rs./Quintal,Local
Kukshi(F&V) APMC,0.8,Metric Tonnes,Tomato,800.0,2300.0,1500.0,Rs./Quintal,Grade A
Maihar(F&V) APMC,3.5,Metric Tonnes,Tomato,1000.0,1000.0,1000.0,Rs./Quintal,Local
Manawar(F&V) APMC,0.30000000000000004,Metric Tonnes,Tomato,1400.0,1800.0,1500.0,Rs./Quintal,Grade B
Mandsaur(F&V) APMC,2.0,Metric Tonnes,Other,1150.0,2200.0,1800.0,Rs./Quintal,Grade B
Multai(F&V) APMC,6.935,Metric Tonnes,Deshi,500.0,1200.0,1000.0,Rs./Quintal,FAQ
Narmadapuram (F&V) APMC,7.7,Metric Tonnes,Tomato,720.0,1960.0,1544.0,Rs./Quintal,FAQ
Paatan (F&V) APMC,1.0,Metric Tonnes,Deshi,1300.0,1300.0,1300.0,Rs./Quintal,Medium
Petlawad(F&V) APMC,1.5,Metric Tonnes,Hybrid,800.0,800.0,800.0,Rs./Quintal,Grade A
Pipariya(F&V) APMC,1.0,Metric Tonnes,Tomato,1200.0,2500.0,2000.0,Rs./Quintal,Local
Porsa APMC,1.0,Metric Tonnes,Tomato,1000.0,1000.0,1000.0,Rs./Quintal,FAQ
Ratlam(F&V) APMC,2.5,Metric Tonnes,Other,1100.0,1900.0,1700.0,Rs./Quintal,FAQ
Rehli(F&V) APMC,0.4,Metric Tonnes,Tomato,1500.0,1700.0,1600.0,Rs./Quintal,Grade C
Sabalgarh(F&V) APMC,0.001,Metric Tonnes,Deshi,1000.0,1400.0,1200.0,Rs./Quintal,FAQ
Sagar(F&V) APMC,25.0,Metric Tonnes,Local,1500.0,1700.0,1600.0,Rs./Quintal,Local
Sehora (F&V) APMC,0.225,Metric Tonnes,Deshi,1500.0,2600.0,2111.11,Rs./Quintal,Grade B
Seoni(F&V) APMC,3.55,Metric Tonnes,Deshi,792.0,792.0,792.0,Rs./Quintal,Grade C
Shivpuri(F&V) APMC,0.6,Metric Tonnes,Other,1500.0,1500.0,1500.0,Rs./Quintal,Grade B
Thandla APMC,1.63,Metric Tonnes,Hybrid,1500.0,2000.0,1800.0,Rs./Quintal,FAQ
Ujjain(F&V) APMC,1.08,Metric Tonnes,Deshi,640.0,2085.0,1362.0,Rs./Quintal,Medium
Total,187.3,Metric Tonnes,,,,1525.18,Rs./Quintal,
State/UT Name : Maharashtra
APMC Ahilyanagar ,17.5,Metric Tonnes,Other,200.0,1200.0,700.0,Rs./Quintal,Local
APMC Bhusaval ,4.8,Metric Tonnes,Other,800.0,1200.0,1000.0,Rs./Quintal,Local
APMC Dharashiv ,9.4,Metric Tonnes,Other,500.0,1250.0,875.0,Rs./Quintal,Local
APMC Hingna,5.7,Metric Tonnes,Local,1500.0,3250.0,2308.0,Rs./Quintal,Local
APMC Jalgaon ,11.5,Metric Tonnes,Other,500.0,1200.0,800.0,Rs./Quintal,Local
APMC Kalmeshwar ,0.9,Metric Tonnes,Other,2015.0,2500.0,2305.0,Rs./Quintal,Local
APMC Kamthi ,10.3,Metric Tonnes,Local,2000.0,2500.0,2350.0,Rs./Quintal,Local
APMC Karad ,3.9,Metric Tonnes,Other,1000.0,1200.0,1200.0,Rs./Quintal,Local
APMC Kolhapur ,20.3,Metric Tonnes,Other,500.0,1200.0,800.0,Rs./Quintal,Local
APMC Mumbai ,247.4,Metric Tonnes,Other,1600.0,2200.0,1900.0,Rs./Quintal,Local
APMC Nagpur ,50.0,Metric Tonnes,Local,2000.0,2500.0,2375.0,Rs./Quintal,Local
APMC Nagpur ,100.0,Metric Tonnes,Other,1500.0,3000.0,2625.0,Rs./Quintal,Local
APMC Nasik ,139.6,Metric Tonnes,Other,400.0,2350.0,1450.0,Rs./Quintal,Local
APMC Palus ,1.3,Metric Tonnes,Other,700.0,1200.0,1000.0,Rs./Quintal,Local
APMC Pandharpur ,3.1,Metric Tonnes,Other,500.0,1500.0,1000.0,Rs./Quintal,Local
APMC Panvel ,93.0,Metric Tonnes,Other,3000.0,3500.0,3250.0,Rs./Quintal,Local
APMC Pimpalgaon Baswant ,3316.5,Metric Tonnes,Other,500.0,3255.0,2505.0,Rs./Quintal,Local
APMC Pune ,268.1,Metric Tonnes,Local,600.0,1600.0,1100.0,Rs./Quintal,Local
APMC Rahata ,6.8,Metric Tonnes,Other,300.0,1500.0,900.0,Rs./Quintal,Local
APMC Ramtek ,1.1,Metric Tonnes,Other,1000.0,2000.0,1500.0,Rs./Quintal,Local
APMC Ratnagiri (Nachane) ,1.8,Metric Tonnes,Other,500.0,1400.0,1000.0,Rs./Quintal,Local
APMC Sangamner ,360.0,Metric Tonnes,Other,750.0,2000.0,1350.0,Rs./Quintal,Local
APMC Satara ,8.2,Metric Tonnes,Other,1000.0,2000.0,1500.0,Rs./Quintal,Local
APMC Solapur ,31.3,Metric Tonnes,Other,400.0,2100.0,1500.0,Rs./Quintal,Local
APMC Vadgaonpeth ,5.6,Metric Tonnes,Local,900.0,1500.0,1000.0,Rs./Quintal,Local
APMC Vai ,0.8,Metric Tonnes,Local,1000.0,1500.0,1250.0,Rs./Quintal,Local
APMC Vita ,3.0,Metric Tonnes,Other,1000.0,1500.0,1200.0,Rs./Quintal,Local
Amrawati(Frui & Veg. Market) ,18.9,Metric Tonnes,Local,1200.0,2000.0,1600.0,Rs./Quintal,Local
Khed(Chakan) ,36.9,Metric Tonnes,Other,800.0,1800.0,1300.0,Rs./Quintal,Local
Pune(Khadiki) ,1.0,Metric Tonnes,Local,1000.0,1300.0,1150.0,Rs./Quintal,Local
Pune(Manjri) ,66.6,Metric Tonnes,Other,1000.0,2000.0,1500.0,Rs./Quintal,Local
Pune(Moshi) ,58.6,Metric Tonnes,Local,1000.0,1200.0,1100.0,Rs./Quintal,Local
Pune(Pimpri) ,0.3,Metric Tonnes,Local,1000.0,1200.0,1100.0,Rs./Quintal,Local
Total,4904.2,Metric Tonnes,,,,2215.86,Rs./Quintal,
State/UT Name : Meghalaya
Jowai APMC,1.0,Metric Tonnes,017,3500.0,4000.0,3750.0,Rs./Quintal,Local
Shillong APMC,5.5,Metric Tonnes,017,2000.0,2800.0,2400.0,Rs./Quintal,FAQ
Total,6.5,Metric Tonnes,,,,2607.69,Rs./Quintal,
State/UT Name : NCT of Delhi
APMC Azadpur,375.3,Metric Tonnes,Tomato,1000.0,3400.0,2447.0,Rs./Quintal,FAQ
APMC Keshopur,279.325,Metric Tonnes,Other,1600.0,3200.0,2800.0,Rs./Quintal,FAQ
Total,654.62,Metric Tonnes,,,,2597.62,Rs./Quintal,
State/UT Name : Nagaland
Longleng APMC,0.15000000000000002,Metric Tonnes,Tomato,4500.0,4900.0,4700.0,Rs./Quintal,FAQ
Total,0.15,Metric Tonnes,,,,4700.0,Rs./Quintal,
State/UT Name : Odisha
Angul(Atthamallick) APMC,1.5,Metric Tonnes,Tomato,4000.0,6000.0,5000.0,Rs./Quintal,Grade B
Attabira APMC,1.04,Metric Tonnes,Other,1850.0,2200.0,2000.0,Rs./Quintal,Local
Balugaon APMC,0.9,Metric Tonnes,Hybrid,2500.0,2500.0,2500.0,Rs./Quintal,Grade A
Banki APMC,0.2,Metric Tonnes,Tomato,3000.0,4000.0,3500.0,Rs./Quintal,FAQ
Bargarh(Barapalli) APMC,211.0,Metric Tonnes,Tomato,4000.0,5000.0,4500.0,Rs./Quintal,Medium
Baripada APMC,1.5,Metric Tonnes,Tomato,3500.0,4000.0,3800.0,Rs./Quintal,Medium
Betnoti APMC,2.1,Metric Tonnes,Tomato,3300.0,3700.0,3500.0,Rs./Quintal,FAQ
Bhawanipatna APMC,1.625,Metric Tonnes,Tomato,3400.0,3400.0,3400.0,Rs./Quintal,Local
Birmaharajpur APMC,1.8,Metric Tonnes,Local,2550.0,2650.0,2600.0,Rs./Quintal,Local
Bolangir APMC,3.7,Metric Tonnes,Other,1800.0,2200.0,2000.0,Rs./Quintal,Medium
Bonai APMC,1.0,Metric Tonnes,Other,1780.0,1975.0,1850.0,Rs./Quintal,FAQ
Boudh APMC,1.0,Metric Tonnes,Other,2500.0,3200.0,3000.0,Rs./Quintal,Local
Champua APMC,1.2,Metric Tonnes,Other,4000.0,4000.0,4000.0,Rs./Quintal,Local
Champua(Jhumpura) APMC,0.6,Metric Tonnes,Other,4000.0,4000.0,4000.0,Rs./Quintal,Local
Chandabali APMC,8.0,Metric Tonnes,Other,3500.0,4000.0,3740.0,Rs./Quintal,Grade Range-2
Chatta Krushak Bazar APMC,0.175,Metric Tonnes,Tomato,4000.0,4000.0,4000.0,Rs./Quintal,Grade B
Dhenkanal APMC,0.30000000000000004,Metric Tonnes,Tomato,3300.0,3800.0,3500.0,Rs./Quintal,Grade B
Dungurapalli APMC,0.36000000000000004,Metric Tonnes,Hybrid,2500.0,2750.0,2650.0,Rs./Quintal,Local
Godbhaga APMC,0.18000000000000002,Metric Tonnes,Other,1850.0,2150.0,2000.0,Rs./Quintal,Local
Gopa APMC,0.15,Metric Tonnes,Tomato,3500.0,3500.0,3500.0,Rs./Quintal,Grade B
Gunpur APMC,5.0,Metric Tonnes,Other,1650.0,2150.0,1730.0,Rs./Quintal,Grade Range-2
Hindol APMC,0.8,Metric Tonnes,Tomato,2800.0,3200.0,3000.0,Rs./Quintal,Grade B
Jharsuguda APMC,0.8,Metric Tonnes,Other,3000.0,3500.0,3500.0,Rs./Quintal,Grade A
Junagarh APMC,2.4000000000000004,Metric Tonnes,Other,2500.0,3100.0,2800.0,Rs./Quintal,Grade B
Kalahandi(Dharamagarh) APMC,2.2,Metric Tonnes,Other,2400.0,3000.0,2700.0,Rs./Quintal,Grade B
Kamakhyanagar APMC,0.4,Metric Tonnes,Tomato,3000.0,3000.0,3000.0,Rs./Quintal,Grade A
Kantabaji APMC,2.15,Metric Tonnes,Other,2500.0,3500.0,3000.0,Rs./Quintal,Grade B
Karanjia APMC,0.25,Metric Tonnes,Local,3000.0,3500.0,3200.0,Rs./Quintal,Local
Kendrapara APMC,0.3,Metric Tonnes,Tomato,4000.0,4000.0,4000.0,Rs./Quintal,Grade B
Kendrapara(Marshaghai) APMC,0.2,Metric Tonnes,Tomato,3500.0,3500.0,3500.0,Rs./Quintal,Grade B
Kendupatna(Niali) APMC,1.9500000000000002,Metric Tonnes,Other,2500.0,2700.0,2600.0,Rs./Quintal,Grade B
Keonjhar APMC,0.4,Metric Tonnes,Other,5000.0,5500.0,5000.0,Rs./Quintal,Local
Kesinga APMC,0.9500000000000001,Metric Tonnes,Local,2500.0,3200.0,3000.0,Rs./Quintal,Grade B
Khariar APMC,1.0,Metric Tonnes,Tomato,3000.0,3000.0,3000.0,Rs./Quintal,Grade A
Khariar Road APMC,0.8,Metric Tonnes,Tomato,3000.0,3000.0,3000.0,Rs./Quintal,Grade A
Kuchinda APMC,0.30000000000000004,Metric Tonnes,Deshi,2500.0,3000.0,2700.0,Rs./Quintal,Local
Mukhiguda APMC,2.3600000000000003,Metric Tonnes,Tomato,1500.0,3000.0,2250.0,Rs./Quintal,Grade B
Padampur APMC,3.2,Metric Tonnes,Tomato,2300.0,2700.0,2500.0,Rs./Quintal,Local
Pandkital APMC,0.25,Metric Tonnes,Other,2500.0,2650.0,2600.0,Rs./Quintal,Local
Panposh APMC,1.0,Metric Tonnes,Hybrid,3500.0,4200.0,4000.0,Rs./Quintal,FAQ
Parlakhemundi APMC,4.3,Metric Tonnes,Local,1300.0,1500.0,1400.0,Rs./Quintal,Grade Range-1
Pattamundai APMC,0.175,Metric Tonnes,Tomato,4000.0,4000.0,4000.0,Rs./Quintal,Grade B
Rairakhol APMC,0.8,Metric Tonnes,Hybrid,3000.0,3500.0,3200.0,Rs./Quintal,Grade B
Rayagada APMC,8.0,Metric Tonnes,Other,2900.0,3000.0,3000.0,Rs./Quintal,Local
Sahaspur APMC,0.55,Metric Tonnes,Other,1800.0,2200.0,2000.0,Rs./Quintal,Local
Sarankul APMC,1.5,Metric Tonnes,Other,2400.0,2600.0,2500.0,Rs./Quintal,Grade Range-2
Saraskana APMC,0.05,Metric Tonnes,Tomato,3000.0,3500.0,3200.0,Rs./Quintal,Medium
Sargipali APMC,0.5,Metric Tonnes,Other,2200.0,2800.0,2500.0,Rs./Quintal,FAQ
Sohela APMC,3.0,Metric Tonnes,Other,2300.0,2500.0,2400.0,Rs./Quintal,Grade C
Tileibani APMC,10.0,Metric Tonnes,Other,3500.0,4200.0,3800.0,Rs./Quintal,Grade A
Tusura APMC,2.6,Metric Tonnes,Other,1800.0,2300.0,2000.0,Rs./Quintal,Local
Udala APMC,8.0,Metric Tonnes,Other,2200.0,2600.0,2400.0,Rs./Quintal,Grade A
Total,304.52,Metric Tonnes,,,,4000.9,Rs./Quintal,
State/UT Name : Punjab
Adampur APMC,2.7,Metric Tonnes,Tomato,2700.0,3000.0,3000.0,Rs./Quintal,FAQ
Ahmedgarh APMC,0.2,Metric Tonnes,Local,2200.0,2500.0,2500.0,Rs./Quintal,Medium
Ajnala APMC,0.2,Metric Tonnes,Tomato,2400.0,2400.0,2400.0,Rs./Quintal,Local
Baghapurana APMC,0.15000000000000002,Metric Tonnes,Tomato,3000.0,3500.0,3200.0,Rs./Quintal,Grade B
Balachaur APMC,1.436,Metric Tonnes,Other,2000.0,2200.0,2100.0,Rs./Quintal,Medium
Bassi Pathana APMC,1.2000000000000002,Metric Tonnes,Tomato,2000.0,2200.0,2100.0,Rs./Quintal,Medium
Batala APMC,0.5,Metric Tonnes,Other,2500.0,3000.0,2800.0,Rs./Quintal,Grade C
Bathinda APMC,75.0,Metric Tonnes,Other,2000.0,2500.0,2200.0,Rs./Quintal,Grade B
Bhagta Bhai Ka APMC,0.3,Metric Tonnes,Other,2800.0,2800.0,2800.0,Rs./Quintal,Medium
Bhawanigarh APMC,0.2,Metric Tonnes,Other,2500.0,2700.0,2600.0,Rs./Quintal,Medium
Dasuya APMC,1.1,Metric Tonnes,Tomato,3500.0,3500.0,3500.0,Rs./Quintal,FAQ
Dera Bassi APMC,0.2,Metric Tonnes,Other,2500.0,2500.0,2500.0,Rs./Quintal,Local
Dhuri APMC,0.30000000000000004,Metric Tonnes,Other,1800.0,2100.0,1900.0,Rs./Quintal,Medium
Dinanagar APMC,2.85,Metric Tonnes,Tomato,2500.0,3000.0,2800.0,Rs./Quintal,Medium
Doraha APMC,0.63,Metric Tonnes,Deshi,2000.0,2600.0,2400.0,Rs./Quintal,Local
Dudhansadhan APMC,0.3,Metric Tonnes,Other,2500.0,2500.0,2500.0,Rs./Quintal,Grade B
F.G.Churian APMC,0.08,Metric Tonnes,Tomato,3000.0,3000.0,3000.0,Rs./Quintal,Grade A
Faridkot APMC,2.231,Metric Tonnes,Other,1800.0,1800.0,1800.0,Rs./Quintal,Grade A
Fazilka APMC,0.611,Metric Tonnes,Tomato,3000.0,3000.0,3000.0,Rs./Quintal,FAQ
Garh Shankar APMC,1.9,Metric Tonnes,Other,2500.0,2500.0,2500.0,Rs./Quintal,FAQ
Garh Shankar(Mahalpur) APMC,1.2,Metric Tonnes,Tomato,2400.0,2400.0,2400.0,Rs./Quintal,FAQ
GarhShankar (Kotfatuhi) APMC,0.1,Metric Tonnes,Other,2500.0,2500.0,2500.0,Rs./Quintal,FAQ
Ghanaur APMC,0.2,Metric Tonnes,Other,1800.0,2000.0,1900.0,Rs./Quintal,FAQ
Giddarbaha APMC,0.5,Metric Tonnes,Tomato,2800.0,2800.0,2800.0,Rs./Quintal,FAQ
Goraya APMC,0.1,Metric Tonnes,Other,2000.0,2000.0,2000.0,Rs./Quintal,Local
Jagraon APMC,0.7,Metric Tonnes,Other,1500.0,1500.0,1500.0,Rs./Quintal,FAQ
Jalalabad APMC,1.5,Metric Tonnes,Tomato,3000.0,3200.0,3100.0,Rs./Quintal,Medium
Jalandhar City(Jalandhar) APMC,40.1,Metric Tonnes,Tomato,500.0,2000.0,1200.0,Rs./Quintal,FAQ
Khamano APMC,0.1,Metric Tonnes,Tomato,2000.0,2000.0,2000.0,Rs./Quintal,FAQ
Khanna APMC,9.0,Metric Tonnes,Tomato,1500.0,1500.0,1500.0,Rs./Quintal,Grade A
Kharar APMC,4.4,Metric Tonnes,Tomato,2000.0,4000.0,3000.0,Rs./Quintal,Non-FAQ
Kurali APMC,1.4000000000000001,Metric Tonnes,Other,2600.0,3000.0,2800.0,Rs./Quintal,Medium
Lalru APMC,1.4,Metric Tonnes,Deshi,2980.0,2980.0,2980.0,Rs./Quintal,Local
Lehra Gaga APMC,0.675,Metric Tonnes,Other,1900.0,1900.0,1900.0,Rs./Quintal,Grade A
Machhiwara APMC,1.4480000000000002,Metric Tonnes,Other,1800.0,2200.0,2000.0,Rs./Quintal,FAQ
Malerkotla APMC,6.5,Metric Tonnes,Other,800.0,1800.0,1500.0,Rs./Quintal,Local
Malout APMC,6.501,Metric Tonnes,Tomato,3000.0,3000.0,3000.0,Rs./Quintal,Grade A
Mamdot APMC,0.11,Metric Tonnes,Other,2700.0,2700.0,2700.0,Rs./Quintal,Local
Mansa APMC,0.6,Metric Tonnes,Tomato,4200.0,4200.0,4200.0,Rs./Quintal,FAQ
Maur APMC,0.2,Metric Tonnes,Other,2600.0,3000.0,2800.0,Rs./Quintal,Grade B
Mukerian APMC,2.9850000000000003,Metric Tonnes,Tomato,1500.0,2500.0,2000.0,Rs./Quintal,Grade B
Mukerian(Talwara) APMC,0.5,Metric Tonnes,Tomato,2400.0,3000.0,2700.0,Rs./Quintal,FAQ
Muktsar APMC,1.8,Metric Tonnes,Tomato,1500.0,2000.0,1800.0,Rs./Quintal,Medium
Nabha APMC,9.3,Metric Tonnes,Other,1600.0,2600.0,2000.0,Rs./Quintal,Grade C
Nawan Shahar(Subzi Mandi) APMC,1.64,Metric Tonnes,Tomato,2000.0,2200.0,2100.0,Rs./Quintal,FAQ
Nihal Singh Wala APMC,0.2,Metric Tonnes,Other,2200.0,2200.0,2200.0,Rs./Quintal,FAQ
Pathankot APMC,34.0,Metric Tonnes,Tomato,2100.0,2100.0,2100.0,Rs./Quintal,Medium
Patiala APMC,22.700000000000003,Metric Tonnes,Local,1000.0,1500.0,1200.0,Rs./Quintal,Grade A
Patran APMC,2.0,Metric Tonnes,Other,1600.0,1600.0,1600.0,Rs./Quintal,Grade A
Patti APMC,0.18,Metric Tonnes,Other,0.12,0.12,0.12,Rs./Quintal,Local
Phagwara APMC,13.4,Metric Tonnes,Other,700.0,2717.0,1500.0,Rs./Quintal,FAQ
Phillaur(Apra Mandi) APMC,0.1,Metric Tonnes,Other,3000.0,3000.0,3000.0,Rs./Quintal,FAQ
Quadian APMC,0.5,Metric Tonnes,Other,2800.0,3000.0,2900.0,Rs./Quintal,Grade A
Raikot APMC,0.6,Metric Tonnes,Other,2820.0,2820.0,2820.0,Rs./Quintal,Grade A
Rajpura APMC,1.4000000000000001,Metric Tonnes,Local,2000.0,2200.0,2100.0,Rs./Quintal,Grade A
Raman APMC,0.6000000000000001,Metric Tonnes,Other,2200.0,2355.0,2255.0,Rs./Quintal,Medium
Rampuraphul(Nabha Mandi) APMC,2.5,Metric Tonnes,Other,1500.0,2500.0,2000.0,Rs./Quintal,Grade A
Rayya APMC,0.028,Metric Tonnes,Other,712.0,712.0,712.0,Rs./Quintal,FAQ
Ropar APMC,4.0,Metric Tonnes,Other,2800.0,3200.0,3000.0,Rs./Quintal,Non-FAQ
Samana APMC,32.0,Metric Tonnes,Other,1900.0,2800.0,2000.0,Rs./Quintal,Grade Range-2
Sangrur APMC,4.0,Metric Tonnes,Tomato,1600.0,2200.0,2000.0,Rs./Quintal,Grade B
Shahkot APMC,0.05,Metric Tonnes,Tomato,1200.0,1200.0,1200.0,Rs./Quintal,Local
Sirhind APMC,2.8000000000000003,Metric Tonnes,Other,1800.0,2600.0,2400.0,Rs./Quintal,FAQ
Sunam APMC,1.0,Metric Tonnes,Tomato,3000.0,3000.0,3000.0,Rs./Quintal,Grade A
Talwandi Sabo APMC,0.4,Metric Tonnes,Other,2200.0,2500.0,2400.0,Rs./Quintal,Grade A
Tanda Urmur APMC,1.4000000000000001,Metric Tonnes,Tomato,2000.0,3000.0,2500.0,Rs./Quintal,Grade A
Tarantaran APMC,0.14,Metric Tonnes,Other,2600.0,2600.0,2600.0,Rs./Quintal,Local
Zira APMC,0.121,Metric Tonnes,Other,2200.0,2200.0,2200.0,Rs./Quintal,Local
Total,309.17,Metric Tonnes,,,,1960.75,Rs./Quintal,
State/UT Name : Rajasthan
Abu Road APMC,2.861,Metric Tonnes,Other,675.0,725.0,700.0,Rs./Quintal,Local
Bassi APMC,0.4,Metric Tonnes,Other,3600.0,4000.0,3800.0,Rs./Quintal,Local
Bayana APMC,2.0,Metric Tonnes,Other,2200.0,2200.0,2200.0,Rs./Quintal,Local
Bhadara APMC,0.6,Metric Tonnes,Deshi,2000.0,2200.0,2067.0,Rs./Quintal,FAQ
Bhilwara APMC,8.0,Metric Tonnes,Other,2000.0,3000.0,2500.0,Rs./Quintal,FAQ
Bhinmal APMC,0.9,Metric Tonnes,Other,2300.0,2350.0,2325.0,Rs./Quintal,Non-FAQ
Bikaner (F&V) APMC,59.6,Metric Tonnes,Other,2400.0,2400.0,2400.0,Rs./Quintal,Medium
Chomu FV APMC,24.200000000000003,Metric Tonnes,Other,2000.0,3000.0,2500.0,Rs./Quintal,Local
Dablirathan APMC,0.05,Metric Tonnes,Deshi,1850.0,1850.0,1850.0,Rs./Quintal,Local
Goluwala APMC,0.16000000000000003,Metric Tonnes,Deshi,2200.0,2500.0,2500.0,Rs./Quintal,Non-FAQ
Jaipur (F&V) APMC,125.5,Metric Tonnes,Other,2500.0,3600.0,2550.0,Rs./Quintal,FAQ
Jalore APMC,3.3000000000000003,Metric Tonnes,Tomato,1800.0,2000.0,1900.0,Rs./Quintal,Local
Jodhpur (F&V) APMC,113.60000000000001,Metric Tonnes,Other,1000.0,3200.0,2500.0,Rs./Quintal,Medium
Rajsamand APMC,1.6,Metric Tonnes,Tomato,2000.0,2500.0,2250.0,Rs./Quintal,FAQ
Rawatsar APMC,0.5,Metric Tonnes,Deshi,1000.0,2000.0,1500.0,Rs./Quintal,FAQ
Sriganganagar (F&V) APMC,22.0,Metric Tonnes,Tomato,2100.0,2500.0,2300.0,Rs./Quintal,Grade B
Udaipur (F&V) APMC,67.4,Metric Tonnes,Other,1000.0,2500.0,1750.0,Rs./Quintal,Medium
Total,432.67,Metric Tonnes,,,,2353.94,Rs./Quintal,
State/UT Name : Tamil Nadu
AJattihalli(Uzhavar Sandhai ),3.12,Metric Tonnes,Deshi,2000.0,2500.0,2250.0,Rs./Quintal,Local
Alangudi(Uzhavar Sandhai ),0.58,Metric Tonnes,Other,2500.0,3000.0,2750.0,Rs./Quintal,Local
Ambasamudram(Uzhavar Sandhai ),0.04,Metric Tonnes,Local,1700.0,2000.0,1850.0,Rs./Quintal,Local
Ambattur(Uzhavar Sandhai ),0.03,Metric Tonnes,Deshi,2500.0,2500.0,2500.0,Rs./Quintal,Local
Ammapet(Uzhavar Sandhai ),1.94,Metric Tonnes,Local,2500.0,2800.0,2650.0,Rs./Quintal,Local
Anaiyur(Uzhavar Sandhai ),0.78,Metric Tonnes,Other,3000.0,3500.0,3250.0,Rs./Quintal,Local
Andipatti(Uzhavar Sandhai ),0.87,Metric Tonnes,Deshi,2600.0,2800.0,2700.0,Rs./Quintal,Local
Anna nagar(Uzhavar Sandhai ),1.75,Metric Tonnes,Other,3200.0,3200.0,3200.0,Rs./Quintal,Local
Arani(Uzhavar Sandhai ),1.2,Metric Tonnes,Deshi,2500.0,3000.0,2750.0,Rs./Quintal,Local
Aranthangi(Uzhavar Sandhai ),0.42,Metric Tonnes,Deshi,2500.0,3000.0,2750.0,Rs./Quintal,Local
Arcot(Uzhavar Sandhai ),0.77,Metric Tonnes,Deshi,2800.0,2800.0,2800.0,Rs./Quintal,Local
Ariyalur(Uzhavar Sandhai),0.14,Metric Tonnes,Deshi,3000.0,3500.0,3250.0,Rs./Quintal,Local
Aruppukottai(Uzhavar Sandhai ),0.66,Metric Tonnes,Deshi,3000.0,3500.0,3250.0,Rs./Quintal,Local
Athur(Uzhavar Sandhai ),3.12,Metric Tonnes,Deshi,2000.0,2800.0,2400.0,Rs./Quintal,Local
Attayampatti(Uzhavar Sandhai ),0.39,Metric Tonnes,Deshi,2400.0,3000.0,2700.0,Rs./Quintal,Local
Avallapalli(Uzhavar Sandhai ),1.23,Metric Tonnes,Deshi,2500.0,2800.0,2650.0,Rs./Quintal,Local
Bodinayakanur(Uzhavar Sandhai ),0.41,Metric Tonnes,Deshi,2800.0,2800.0,2800.0,Rs./Quintal,Local
Chengalpet(Uzhavar Sandhai ),0.72,Metric Tonnes,Deshi,2000.0,2500.0,2250.0,Rs./Quintal,Local
Chengam(Uzhavar Sandhai ),0.55,Metric Tonnes,Local,2500.0,3000.0,2750.0,Rs./Quintal,Local
Cheyyar(Uzhavar Sandhai ),0.3,Metric Tonnes,Local,2500.0,3000.0,2750.0,Rs./Quintal,Local
Chidambaram(Uzhavar Sandhai ),0.01,Metric Tonnes,Local,2500.0,2500.0,2500.0,Rs./Quintal,Local
Chinnalapatti(Uzhavar Sandhai ),0.65,Metric Tonnes,Local,2500.0,2800.0,2650.0,Rs./Quintal,Local
Chinnamanur(Uzhavar Sandhai ),1.49,Metric Tonnes,Local,2800.0,2800.0,2800.0,Rs./Quintal,Local
Chokkikulam(Uzhavar Sandhai ),2.35,Metric Tonnes,Deshi,3500.0,4000.0,3750.0,Rs./Quintal,Local
Coonoor(Uzhavar Sandhai ),1.75,Metric Tonnes,Local,2600.0,3000.0,2800.0,Rs./Quintal,Local
Denkanikottai(Uzhavar Sandhai ),2.31,Metric Tonnes,Deshi,2000.0,2800.0,2400.0,Rs./Quintal,Local
Devakottai (Uzhavar Sandhai ),0.23,Metric Tonnes,Deshi,3000.0,3800.0,3400.0,Rs./Quintal,Local
Devaram(Uzhavar Sandhai ),0.33,Metric Tonnes,Deshi,2800.0,2800.0,2800.0,Rs./Quintal,Local
Dharapuram(Uzhavar Sandhai ),4.3,Metric Tonnes,Deshi,2300.0,2300.0,2300.0,Rs./Quintal,Local
Dharmapuri(Uzhavar Sandhai ),10.22,Metric Tonnes,Local,2400.0,2500.0,2450.0,Rs./Quintal,Local
Dindigul(Uzhavar Sandhai ),2.3,Metric Tonnes,Deshi,2500.0,2800.0,2650.0,Rs./Quintal,Local
Edapadi (Uzhavar Sandhai ),1.6,Metric Tonnes,Other,3000.0,3200.0,3100.0,Rs./Quintal,Local
Elampillai(Uzhavar Sandhai ),1.7,Metric Tonnes,Local,2500.0,3000.0,2750.0,Rs./Quintal,Local
Gandarvakottai(Uzhavar Sandhai ),0.42,Metric Tonnes,Deshi,2500.0,3000.0,2750.0,Rs./Quintal,Local
Gandhigramam(Uzhavar Sandhai),0.34,Metric Tonnes,Other,3000.0,3200.0,3100.0,Rs./Quintal,Local
Gingee(Uzhavar Sandhai ),0.28,Metric Tonnes,Deshi,3000.0,3000.0,3000.0,Rs./Quintal,Local
Gobichettipalayam(Uzhavar Sandhai ),0.75,Metric Tonnes,Deshi,2500.0,3000.0,2750.0,Rs./Quintal,Local
Gudalur(Uzhavar Sandhai ),0.07,Metric Tonnes,Deshi,2000.0,2500.0,2250.0,Rs./Quintal,Local
Gudiyatham(Uzhavar Sandhai ),1.2,Metric Tonnes,Deshi,2000.0,2500.0,2250.0,Rs./Quintal,Local
Guduvancheri(Uzhavar Sandhai ),0.18,Metric Tonnes,Other,3500.0,4000.0,3750.0,Rs./Quintal,Local
Harur(Uzhavar Sandhai ),1.5,Metric Tonnes,Deshi,1500.0,2000.0,1750.0,Rs./Quintal,Local
Hasthampatti(Uzhavar Sandhai ),1.75,Metric Tonnes,Local,2600.0,3000.0,2800.0,Rs./Quintal,Local
Hosur(Uzhavar Sandhai ),13.08,Metric Tonnes,Deshi,2000.0,2500.0,2250.0,Rs./Quintal,Local
Jalagandapuram(Uzhavar Sandhai ),3.2,Metric Tonnes,Other,2400.0,2800.0,2600.0,Rs./Quintal,Local
Jameenrayapettai(Uzhavar Sandhai ),0.55,Metric Tonnes,Deshi,3000.0,3500.0,3250.0,Rs./Quintal,Local
Jeyankondam (Uzhavar Sandhai ),0.01,Metric Tonnes,Deshi,2800.0,3400.0,3100.0,Rs./Quintal,Local
KKNagar(Uzhavar Sandhai ),3.1,Metric Tonnes,Deshi,3200.0,3200.0,3200.0,Rs./Quintal,Local
Kahithapattarai(Uzhavar Sandhai ),1.1,Metric Tonnes,Deshi,2600.0,2600.0,2600.0,Rs./Quintal,Local
Kallakurichi(Uzhavar Sandhai ),1.21,Metric Tonnes,Other,3500.0,3500.0,3500.0,Rs./Quintal,Local
Kambam(Uzhavar Sandhai ),6.0,Metric Tonnes,Deshi,2800.0,2800.0,2800.0,Rs./Quintal,Local
Kamuthi(Uzhavar Sandhai ),0.03,Metric Tonnes,Deshi,3000.0,3200.0,3100.0,Rs./Quintal,Local
Kancheepuram(Uzhavar Sandhai ),0.6,Metric Tonnes,Local,1800.0,2400.0,2100.0,Rs./Quintal,Local
Kandiyaperi(Uzhavar Sandhai ),0.03,Metric Tonnes,Other,2800.0,3400.0,3100.0,Rs./Quintal,Local
Kangayam(Uzhavar Sandhai ),1.39,Metric Tonnes,Deshi,1900.0,2200.0,2050.0,Rs./Quintal,Local
Karaikudi(Uzhavar Sandhai ),0.32,Metric Tonnes,Deshi,3500.0,4000.0,3750.0,Rs./Quintal,Local
Karambakkudi(Uzhavar Sandhai ),0.69,Metric Tonnes,Other,2500.0,3000.0,2750.0,Rs./Quintal,Local
Karimangalam(Uzhavar Sandhai),0.62,Metric Tonnes,Local,2300.0,2500.0,2400.0,Rs./Quintal,Local
Kariyapatti(Uzhavar Sandhai ),0.23,Metric Tonnes,Deshi,3000.0,3500.0,3250.0,Rs./Quintal,Local
Karur(Uzhavar Sandhai ),0.6,Metric Tonnes,Deshi,2700.0,3200.0,2950.0,Rs./Quintal,Local
Katpadi (Uzhavar Sandhai ),1.0,Metric Tonnes,Deshi,3200.0,3200.0,3200.0,Rs./Quintal,Local
Kaveripattinam(Uzhavar Sandhai ),0.26,Metric Tonnes,Local,2500.0,2500.0,2500.0,Rs./Quintal,Local
Keelpennathur(Uzhavar Sandhai ),0.02,Metric Tonnes,Deshi,2000.0,2500.0,2250.0,Rs./Quintal,Local
Kodaikkanal(Uzhavar Sandhai),0.01,Metric Tonnes,Deshi,2500.0,2500.0,2500.0,Rs./Quintal,Local
Kovilpatti(Uzhavar Sandhai ),0.32,Metric Tonnes,Local,3000.0,3500.0,3250.0,Rs./Quintal,Local
Krishnagiri(Uzhavar Sandhai ),3.86,Metric Tonnes,Deshi,2000.0,2400.0,2200.0,Rs./Quintal,Local
Kulithalai(Uzhavar Sandhai ),1.63,Metric Tonnes,Other,2800.0,3400.0,3100.0,Rs./Quintal,Local
Kumarapalayam(Uzhavar Sandhai ),0.18,Metric Tonnes,Other,2000.0,2800.0,2400.0,Rs./Quintal,Local
Kumbakonam (Uzhavar Sandhai ),1.22,Metric Tonnes,Deshi,2800.0,3400.0,3100.0,Rs./Quintal,Local
Kundrathur(Uzhavar Sandhai ),0.45,Metric Tonnes,Other,2500.0,2500.0,2500.0,Rs./Quintal,Local
Kurichi(Uzhavar Sandhai ),0.15,Metric Tonnes,Local,2000.0,2600.0,2300.0,Rs./Quintal,Local
Lalgudi(Uzhavar Sandhai ),0.5,Metric Tonnes,Local,3400.0,3400.0,3400.0,Rs./Quintal,Local
Madhuranthagam(Uzhavar Sandhai ),0.11,Metric Tonnes,Deshi,2500.0,2500.0,2500.0,Rs./Quintal,Local
Manachanallur(Uzhavar Sandhai ),0.12,Metric Tonnes,Other,3000.0,3400.0,3200.0,Rs./Quintal,Local
Manapparai(Uzhavar Sandhai ),0.62,Metric Tonnes,Other,3200.0,3200.0,3200.0,Rs./Quintal,Local
Mannargudi I(Uzhavar Sandhai ),1.32,Metric Tonnes,Other,3000.0,3000.0,3000.0,Rs./Quintal,Local
Mannargudi II(Uzhavar Sandhai ),0.48,Metric Tonnes,Deshi,3000.0,3000.0,3000.0,Rs./Quintal,Local
Mayiladuthurai(Uzhavar Sandhai ),0.17,Metric Tonnes,Deshi,2500.0,3000.0,2750.0,Rs./Quintal,Local
Mecheri(Uzhavar Sandhai),0.18,Metric Tonnes,Deshi,2000.0,2500.0,2250.0,Rs./Quintal,Local
Medavakkam(Uzhavar Sandhai ),0.3,Metric Tonnes,Other,2000.0,2500.0,2250.0,Rs./Quintal,Local
Melapalayam(Uzhavar Sandhai ),0.85,Metric Tonnes,Other,2600.0,2800.0,2700.0,Rs./Quintal,Local
Melur(Uzhavar Sandhai ),0.54,Metric Tonnes,Deshi,3000.0,3500.0,3250.0,Rs./Quintal,Local
Mettupalayam(Uzhavar Sandhai ),3.12,Metric Tonnes,Deshi,2500.0,3000.0,2750.0,Rs./Quintal,Local
Mettur(Uzhavar Sandhai ),2.8,Metric Tonnes,Local,2000.0,2800.0,2400.0,Rs./Quintal,Local
Mohanur(Uzhavar Sandhai ),0.5,Metric Tonnes,Deshi,2400.0,2800.0,2600.0,Rs./Quintal,Local
Musiri(Uzhavar Sandhai ),1.8,Metric Tonnes,Local,2500.0,3000.0,2750.0,Rs./Quintal,Local
Muthupettai(Uzhavar Sandhai ),0.05,Metric Tonnes,Deshi,2800.0,2800.0,2800.0,Rs./Quintal,Local
Myladi(Uzhavar Sandhai ),0.04,Metric Tonnes,Deshi,3000.0,3500.0,3250.0,Rs./Quintal,Local
NGO Colony(Uzhavar Sandhai ),0.58,Metric Tonnes,Deshi,3000.0,3400.0,3200.0,Rs./Quintal,Local
Nagapattinam(Uzhavar Sandhai ),0.25,Metric Tonnes,Deshi,3700.0,3700.0,3700.0,Rs./Quintal,Local
Nanganallur(Uzhavar Sandhai ),0.13,Metric Tonnes,Deshi,3000.0,3500.0,3250.0,Rs./Quintal,Local
Naravarikuppam(Uzhavar Sandhai ),0.2,Metric Tonnes,Deshi,2500.0,2500.0,2500.0,Rs./Quintal,Local
Natrampalli(Uzhavar Sandhai ),6.15,Metric Tonnes,Deshi,1500.0,2000.0,1750.0,Rs./Quintal,Local
Needamangalam(Uzhavar Sandhai ),0.06,Metric Tonnes,Deshi,2800.0,2800.0,2800.0,Rs./Quintal,Local
Padappai(Uzhavar Sandhai ),0.75,Metric Tonnes,Local,1800.0,2400.0,2100.0,Rs./Quintal,Local
Palacode(Uzhavar Sandhai ),0.92,Metric Tonnes,Local,2400.0,2600.0,2500.0,Rs./Quintal,Local
Palanganatham(Uzhavar Sandhai ),1.4,Metric Tonnes,Deshi,3000.0,3500.0,3250.0,Rs./Quintal,Local
Palani(Uzhavar Sandhai ),3.02,Metric Tonnes,Deshi,1500.0,2500.0,2000.0,Rs./Quintal,Local
Palayamkottai(Uzhavar Sandhai ),0.4,Metric Tonnes,Local,2600.0,2800.0,2700.0,Rs./Quintal,Local
Palladam(Uzhavar Sandhai ),1.65,Metric Tonnes,Local,1800.0,2200.0,2000.0,Rs./Quintal,Local
Pallapatti (Uzhavar Sandhai ),0.9,Metric Tonnes,Other,3200.0,3500.0,3350.0,Rs./Quintal,Local
Pallavaram(Uzhavar Sandhai ),0.95,Metric Tonnes,Deshi,3000.0,3500.0,3250.0,Rs./Quintal,Local
Pallikonda(Uzhavar Sandhai),0.13,Metric Tonnes,Deshi,3200.0,3200.0,3200.0,Rs./Quintal,Local
Panruti(Uzhavar Sandhai ),0.07,Metric Tonnes,Deshi,2500.0,2500.0,2500.0,Rs./Quintal,Local
Papanasam(Uzhavar Sandhai ),0.19,Metric Tonnes,Deshi,2800.0,3400.0,3100.0,Rs./Quintal,Local
Paramakudi(Uzhavar Sandhai ),1.34,Metric Tonnes,Deshi,3500.0,4000.0,3750.0,Rs./Quintal,Local
Paramathivelur(Uzhavar Sandhai ),0.24,Metric Tonnes,Deshi,2500.0,2800.0,2650.0,Rs./Quintal,Local
Paruthipattu(Uzhavar Sandhai ),0.22,Metric Tonnes,Deshi,2500.0,2500.0,2500.0,Rs./Quintal,Local
Pattukottai(Uzhavar Sandhai ),0.93,Metric Tonnes,Deshi,4000.0,4000.0,4000.0,Rs./Quintal,Local
Pennagaram(Uzhavar Sandhai ),2.2,Metric Tonnes,Local,2600.0,2800.0,2700.0,Rs./Quintal,Local
Perambakkam(Uzhavar Sandhai ),0.02,Metric Tonnes,Deshi,2000.0,2000.0,2000.0,Rs./Quintal,Local
Perambalur(Uzhavar Sandhai ),0.78,Metric Tonnes,Deshi,3000.0,3500.0,3250.0,Rs./Quintal,Local
Perampet(Uzhavar Sandhai),0.12,Metric Tonnes,Deshi,2000.0,2500.0,2250.0,Rs./Quintal,Local
Peravurani(Uzhavar Sandhai),0.08,Metric Tonnes,Deshi,2500.0,2500.0,2500.0,Rs./Quintal,Local
Periyakulam(Uzhavar Sandhai ),0.58,Metric Tonnes,Other,2600.0,2800.0,2700.0,Rs./Quintal,Local
Periyar Nagar(Uzhavar Sandhai ),0.65,Metric Tonnes,Other,3000.0,3400.0,3200.0,Rs./Quintal,Local
Perundurai(Uzhavar Sandhai ),0.44,Metric Tonnes,Deshi,3000.0,3400.0,3200.0,Rs./Quintal,Local
Pollachi(Uzhavar Sandhai ),1.35,Metric Tonnes,Deshi,2500.0,3000.0,2750.0,Rs./Quintal,Local
Polur(Uzhavar Sandhai ),0.4,Metric Tonnes,Deshi,2000.0,2500.0,2250.0,Rs./Quintal,Local
Ponnamaravathi(Uzhavar Sandhai),0.16,Metric Tonnes,Deshi,2500.0,3000.0,2750.0,Rs./Quintal,Local
Pudukottai(Uzhavar Sandhai ),1.73,Metric Tonnes,Other,3000.0,3500.0,3250.0,Rs./Quintal,Local
RSPuram(Uzhavar Sandhai ),3.27,Metric Tonnes,Local,3000.0,3200.0,3100.0,Rs./Quintal,Local
Rajapalayam(Uzhavar Sandhai ),0.79,Metric Tonnes,Deshi,2500.0,3000.0,2750.0,Rs./Quintal,Local
Ramanathapuram(Uzhavar Sandhai ),0.25,Metric Tonnes,Deshi,3000.0,3500.0,3250.0,Rs./Quintal,Local
Ranipettai(Uzhavar Sandhai ),0.95,Metric Tonnes,Other,2800.0,2800.0,2800.0,Rs./Quintal,Local
Rasipuram(Uzhavar Sandhai ),1.76,Metric Tonnes,Other,2600.0,3000.0,2800.0,Rs./Quintal,Local
Sampath Nagar(Uzhavar Sandhai ),1.64,Metric Tonnes,Other,3000.0,3400.0,3200.0,Rs./Quintal,Local
Sankarapuram(Uzhavar Sandhai ),0.16,Metric Tonnes,Deshi,3500.0,3500.0,3500.0,Rs./Quintal,Local
Sathiyamagalam(Uzhavar Sandhai ),0.75,Metric Tonnes,Local,2600.0,3200.0,2900.0,Rs./Quintal,Local
Sathur(Uzhavar Sandhai ),0.06,Metric Tonnes,Deshi,2200.0,2500.0,2350.0,Rs./Quintal,Local
Singampunari(Uzhavar Sandhai ),0.41,Metric Tonnes,Other,3200.0,3600.0,3400.0,Rs./Quintal,Local
Singanallur(Uzhavar Sandhai ),10.6,Metric Tonnes,Deshi,2500.0,3000.0,2750.0,Rs./Quintal,Local
Sirkali(Uzhavar Sandhai ),0.29,Metric Tonnes,Deshi,2500.0,3000.0,2750.0,Rs./Quintal,Local
Sivagangai (Uzhavar Sandhai ),1.16,Metric Tonnes,Deshi,3200.0,3600.0,3400.0,Rs./Quintal,Local
Sivakasi(Uzhavar Sandhai ),0.06,Metric Tonnes,Deshi,2500.0,3000.0,2750.0,Rs./Quintal,Local
Sooramangalam(Uzhavar Sandhai ),6.67,Metric Tonnes,Local,2800.0,3000.0,2900.0,Rs./Quintal,Local
Srivilliputhur(Uzhavar Sandhai ),0.13,Metric Tonnes,Deshi,2500.0,3000.0,2750.0,Rs./Quintal,Local
Sulur(Uzhavar Sandhai ),0.74,Metric Tonnes,Deshi,2500.0,3000.0,2750.0,Rs./Quintal,Local
Sundarapuram(Uzhavar Sandhai ),1.95,Metric Tonnes,Local,3000.0,3400.0,3200.0,Rs./Quintal,Local
Sunguvarchatram(Uzhavar Sandhai ),0.45,Metric Tonnes,Other,2500.0,2500.0,2500.0,Rs./Quintal,Local
Tamarainagar(Uzhavar Sandhai ),0.65,Metric Tonnes,Deshi,2200.0,3200.0,2700.0,Rs./Quintal,Local
Tenkasi(Uzhavar Sandhai ),0.43,Metric Tonnes,Local,2000.0,2000.0,2000.0,Rs./Quintal,Local
Thalavadi(Uzhavar Sandhai ),0.5,Metric Tonnes,Other,2000.0,2300.0,2150.0,Rs./Quintal,Local
Thalavaipuram(Uzhavar Sandhai ),0.14,Metric Tonnes,Deshi,2500.0,3000.0,2750.0,Rs./Quintal,Local
Thammampatti (Uzhavar Sandhai ),1.18,Metric Tonnes,Deshi,1500.0,2800.0,2150.0,Rs./Quintal,Local
Thanjavur(Uzhavar Sandhai ),1.2,Metric Tonnes,Deshi,2800.0,2800.0,2800.0,Rs./Quintal,Local
Thathakapatti(Uzhavar Sandhai ),3.85,Metric Tonnes,Deshi,2400.0,3000.0,2700.0,Rs./Quintal,Local
Theni(Uzhavar Sandhai ),4.82,Metric Tonnes,Other,2500.0,2800.0,2650.0,Rs./Quintal,Local
Thirukalukundram(Uzhavar Sandhai ),0.12,Metric Tonnes,Deshi,3000.0,3500.0,3250.0,Rs./Quintal,Local
Thirumangalam(Uzhavar Sandhai ),1.05,Metric Tonnes,Deshi,3000.0,3500.0,3250.0,Rs./Quintal,Local
Thirupathur APMC,6.21,Metric Tonnes,Deshi,2800.0,2800.0,2800.0,Rs./Quintal,Local
Thiruverumbur(Uzhavar Sandhai ),1.0,Metric Tonnes,Other,3200.0,3200.0,3200.0,Rs./Quintal,Local
Thuraiyur APMC,0.83,Metric Tonnes,Other,3000.0,3400.0,3200.0,Rs./Quintal,Local
Tindivanam APMC,0.55,Metric Tonnes,Deshi,2500.0,2500.0,2500.0,Rs./Quintal,Local
Tiruchengode APMC,0.12,Metric Tonnes,Other,2400.0,2800.0,2600.0,Rs./Quintal,Local
Tirukattupalli(Uzhavar Sandhai ),0.25,Metric Tonnes,Deshi,2800.0,2800.0,2800.0,Rs./Quintal,Local
Tirupatthur(Uzhavar Sandhai ),0.42,Metric Tonnes,Other,3500.0,4000.0,3750.0,Rs./Quintal,Local
Tiruppur (North) (Uzhavar Sandhai ),1.1,Metric Tonnes,Local,1600.0,2000.0,1800.0,Rs./Quintal,Local
Tiruppur (South) (Uzhavar Sandhai ),18.35,Metric Tonnes,Local,1500.0,2000.0,1750.0,Rs./Quintal,Local
Tiruthani(Uzhavar Sandhai ),0.3,Metric Tonnes,Deshi,2000.0,2000.0,2000.0,Rs./Quintal,Local
Tiruvallur(Uzhavar Sandhai ),0.22,Metric Tonnes,Deshi,2000.0,2000.0,2000.0,Rs./Quintal,Local
Tiruvannamalai(Uzhavar Sandhai ),1.02,Metric Tonnes,Deshi,2500.0,2800.0,2650.0,Rs./Quintal,Local
Tiruvarur(Uzhavar Sandhai ),0.18,Metric Tonnes,Deshi,3000.0,3000.0,3000.0,Rs./Quintal,Local
Tuticorin(Uzhavar Sandhai ),1.13,Metric Tonnes,Local,2500.0,3000.0,2750.0,Rs./Quintal,Local
Udhagamandalam(Uzhavar Sandhai ),2.35,Metric Tonnes,Deshi,2000.0,2500.0,2250.0,Rs./Quintal,Local
Udumalpet APMC,0.61,Metric Tonnes,Deshi,2800.0,3300.0,3050.0,Rs./Quintal,Local
Ulundurpettai APMC,0.32,Metric Tonnes,Deshi,2500.0,2500.0,2500.0,Rs./Quintal,Local
Usilampatti(Uzhavar Sandhai ),0.84,Metric Tonnes,Deshi,3500.0,4000.0,3750.0,Rs./Quintal,Local
Vadalur(Uzhavar Sandhai ),0.17,Metric Tonnes,Local,2500.0,2500.0,2500.0,Rs./Quintal,Local
Vadaseri APMC,0.3,Metric Tonnes,Local,3000.0,3500.0,3250.0,Rs./Quintal,Local
Vadavalli(Uzhavar Sandhai ),1.21,Metric Tonnes,Local,2800.0,3200.0,3000.0,Rs./Quintal,Local
Valangaiman APMC,0.05,Metric Tonnes,Deshi,2600.0,2600.0,2600.0,Rs./Quintal,Local
Vandavasi(Uzhavar Sandhai ),0.02,Metric Tonnes,Local,2500.0,3000.0,2750.0,Rs./Quintal,Local
Vaniyampadi(Uzhavar Sandhai ),9.04,Metric Tonnes,Deshi,4500.0,4500.0,4500.0,Rs./Quintal,Local
Vazhapadi(Uzhavar Sandhai),0.64,Metric Tonnes,Deshi,2000.0,2800.0,2400.0,Rs./Quintal,Local
Vedaranyam(Uzhavar Sandhai),0.09,Metric Tonnes,Deshi,3000.0,3600.0,3300.0,Rs./Quintal,Local
Vedasanthur(Uzhavar Sandhai ),0.01,Metric Tonnes,Deshi,2000.0,2500.0,2250.0,Rs./Quintal,Local
Velayuthampalayam(Uzhavar Sandhai ),0.27,Metric Tonnes,Other,2800.0,3200.0,3000.0,Rs./Quintal,Local
Vellore APMC,3.2,Metric Tonnes,Deshi,3000.0,3200.0,3100.0,Rs./Quintal,Local
Viralimalai(Uzhavar Sandhai ),0.18,Metric Tonnes,Deshi,3000.0,3500.0,3250.0,Rs./Quintal,Local
Virudhunagar(Uzhavar Sandhai ),0.12,Metric Tonnes,Deshi,1600.0,2000.0,1800.0,Rs./Quintal,Local
Viruthachalam(Uzhavar Sandhai ),0.09,Metric Tonnes,Deshi,4000.0,4000.0,4000.0,Rs./Quintal,Local
Total,236.32,Metric Tonnes,,,,2689.19,Rs./Quintal,
State/UT Name : Telangana
Adilabad (Rythu Bazar) ,3.6,Metric Tonnes,Local,2500.0,2500.0,2500.0,Rs./Quintal,Local
"Alwal,RBZ",3.4000000000000004,Metric Tonnes,Local,2100.0,2100.0,2100.0,Rs./Quintal,FAQ
Bowenpally APMC,323.90000000000003,Metric Tonnes,Other,800.0,1800.0,1400.0,Rs./Quintal,FAQ
Bowenpally APMC,58.900000000000006,Metric Tonnes,Deshi,800.0,1800.0,1400.0,Rs./Quintal,FAQ
Chevella APMC,6.0,Metric Tonnes,Local,1000.0,1000.0,1000.0,Rs./Quintal,Local
"Excise Colony,RBZ ",0.925,Metric Tonnes,Other,2800.0,2800.0,2800.0,Rs./Quintal,Grade A
Gudimalkapur APMC,259.1,Metric Tonnes,Tomato,800.0,1600.0,1200.0,Rs./Quintal,Grade B
Ibrahimpatnam APMC,3.5,Metric Tonnes,Local,1500.0,1500.0,1500.0,Rs./Quintal,Local
Kalwakurthy APMC,5.8,Metric Tonnes,Tomato,700.0,700.0,700.0,Rs./Quintal,Local
Karimnagar APMC,2.32,Metric Tonnes,Hybrid,1500.0,2000.0,1750.0,Rs./Quintal,Medium
"Kukatpally,RBZ",15.5,Metric Tonnes,Deshi,2100.0,2100.0,2100.0,Rs./Quintal,Local
L B Nagar APMC,80.60000000000001,Metric Tonnes,Tomato,800.0,2000.0,1200.0,Rs./Quintal,Medium
Mahabubnagar(Rythu Bazar),2.63,Metric Tonnes,Deshi,3000.0,3000.0,3000.0,Rs./Quintal,Local
Mahboob Manison APMC,20.700000000000003,Metric Tonnes,Tomato,1200.0,1600.0,1400.0,Rs./Quintal,Local
Miryalguda(Rythu Bazar) ,1.4,Metric Tonnes,Deshi,2500.0,2500.0,2500.0,Rs./Quintal,Grade A
"Pavilion Ground,Khammam,RBZ",0.301,Metric Tonnes,Deshi,3000.0,3000.0,3000.0,Rs./Quintal,FAQ
RYTHU BAZAR ERRAGADDA,23.4,Metric Tonnes,Deshi,1900.0,2100.0,1990.6,Rs./Quintal,Grade A
"Saroornagar,RBZ",7.2,Metric Tonnes,Other,2100.0,2100.0,2100.0,Rs./Quintal,Medium
"Sattupalli (Ramalayam),RBZ",0.201,Metric Tonnes,Deshi,2000.0,3200.0,2800.0,Rs./Quintal,FAQ
Shankarapally APMC,26.0,Metric Tonnes,Deshi,1000.0,1500.0,1250.0,Rs./Quintal,Grade A
Siddipet(Rythu Bazar) ,6.2,Metric Tonnes,Local,1800.0,2500.0,2200.0,Rs./Quintal,Grade A
"Vanasthalipuram,RBZ ",9.1,Metric Tonnes,Other,2100.0,2100.0,2100.0,Rs./Quintal,Grade A
Venkateswarnagar APMC,2.6,Metric Tonnes,Local,1200.0,1500.0,1300.0,Rs./Quintal,Local
Warangal APMC,26.0,Metric Tonnes,Tomato,1600.0,2000.0,1800.0,Rs./Quintal,FAQ
Total,889.28,Metric Tonnes,,,,1386.72,Rs./Quintal,
State/UT Name : Tripura
Bishalgarh APMC,0.5,Metric Tonnes,Hybrid,3800.0,4500.0,4000.0,Rs./Quintal,Medium
Bishramganj,0.2,Metric Tonnes,Hybrid,4000.0,5000.0,4500.0,Rs./Quintal,Medium
Boxonagar,0.008,Metric Tonnes,Hybrid,4500.0,5000.0,4600.0,Rs./Quintal,Medium
Gondatwisa APMC,0.1,Metric Tonnes,Hybrid,5500.0,6000.0,5800.0,Rs./Quintal,FAQ
Halahali,0.34,Metric Tonnes,Deshi,3900.0,4000.0,3950.0,Rs./Quintal,FAQ
Kanchanpur,0.2,Metric Tonnes,Hybrid,4800.0,5000.0,4900.0,Rs./Quintal,FAQ
Manubazar,0.5,Metric Tonnes,Hybrid,4800.0,5000.0,4900.0,Rs./Quintal,Grade A
Pabiacherra APMC,0.4,Metric Tonnes,Other,4200.0,4400.0,4300.0,Rs./Quintal,FAQ
Total,2.25,Metric Tonnes,,,,4452.76,Rs./Quintal,
State/UT Name : Uttar Pradesh
Aligarh APMC,62.6,Metric Tonnes,Other,2000.0,2000.0,2000.0,Rs./Quintal,FAQ
Amroha APMC,443.25,Metric Tonnes,Other,1500.0,1500.0,1500.0,Rs./Quintal,FAQ
Ayodhya APMC,1106.0,Metric Tonnes,Other,1600.0,2000.0,1622.42,Rs./Quintal,FAQ
Bahraich APMC,94.0,Metric Tonnes,Other,1200.0,1200.0,1200.0,Rs./Quintal,FAQ
Barabanki APMC,103.3,Metric Tonnes,Other,1400.0,1400.0,1400.0,Rs./Quintal,FAQ
Baripaal APMC,2.4,Metric Tonnes,Other,2000.0,2000.0,2000.0,Rs./Quintal,FAQ
Buland Shahr APMC,83.5,Metric Tonnes,Other,2000.0,2000.0,2000.0,Rs./Quintal,FAQ
CHHUTMALPUR APMC,1.2,Metric Tonnes,Other,2250.0,2400.0,2304.17,Rs./Quintal,FAQ
Dudhi APMC,3.3000000000000003,Metric Tonnes,Other,2400.0,2600.0,2500.0,Rs./Quintal,Medium
Dudhi APMC,0.3,Metric Tonnes,Other,800.0,800.0,800.0,Rs./Quintal,FAQ
Firozabad APMC,34.0,Metric Tonnes,Other,1000.0,1000.0,1000.0,Rs./Quintal,FAQ
Gangoh APMC,0.4,Metric Tonnes,Other,2500.0,2500.0,2500.0,Rs./Quintal,FAQ
Jalaun APMC,18.0,Metric Tonnes,Other,1500.0,1500.0,1500.0,Rs./Quintal,FAQ
Jaunpur APMC,85.0,Metric Tonnes,Other,1700.0,2000.0,1788.24,Rs./Quintal,FAQ
Jhansi APMC,17.0,Metric Tonnes,Other,1700.0,2000.0,1852.94,Rs./Quintal,FAQ
Kanpur(Grain) APMC,135.9,Metric Tonnes,Other,2100.0,2100.0,2100.0,Rs./Quintal,FAQ
Khairagarh APMC,0.5,Metric Tonnes,Deshi,2200.0,2300.0,2250.0,Rs./Quintal,FAQ
Khatauli APMC,3.5,Metric Tonnes,Other,1510.0,1510.0,1510.0,Rs./Quintal,FAQ
Kosikalan APMC,6.0,Metric Tonnes,Deshi,1800.0,2000.0,1900.0,Rs./Quintal,FAQ
Lucknow APMC,160.0,Metric Tonnes,Other,2000.0,2000.0,2000.0,Rs./Quintal,FAQ
Mathura APMC,1.6,Metric Tonnes,Other,2000.0,3000.0,2450.0,Rs./Quintal,FAQ
Nawabganj APMC,2.2,Metric Tonnes,Other,2000.0,2000.0,2000.0,Rs./Quintal,FAQ
Orai APMC,58.0,Metric Tonnes,Other,1500.0,1500.0,1500.0,Rs./Quintal,FAQ
Paliakala APMC,1.6,Metric Tonnes,Other,3000.0,3000.0,3000.0,Rs./Quintal,FAQ
Pukharayan APMC,20.0,Metric Tonnes,Other,1200.0,1200.0,1200.0,Rs./Quintal,FAQ
Robertsganj APMC,15.0,Metric Tonnes,Other,2000.0,2000.0,2000.0,Rs./Quintal,FAQ
Safdarganj APMC,0.4,Metric Tonnes,Other,1000.0,1000.0,1000.0,Rs./Quintal,FAQ
Saharanpur APMC,24.0,Metric Tonnes,Other,1500.0,1700.0,1562.5,Rs./Quintal,FAQ
Samsabad APMC,0.3,Metric Tonnes,Hybrid,1400.0,1600.0,1500.0,Rs./Quintal,Local
Shamli APMC,1.6,Metric Tonnes,Other,2200.0,2500.0,2406.25,Rs./Quintal,FAQ
Sitapur APMC,44.0,Metric Tonnes,Other,1500.0,1500.0,1500.0,Rs./Quintal,FAQ
Thanabhawan APMC,0.8,Metric Tonnes,Other,2400.0,2400.0,2400.0,Rs./Quintal,FAQ
Total,2529.65,Metric Tonnes,,,,1643.66,Rs./Quintal,
State/UT Name : Uttarakhand
Bhagwanpur(Naveen Mandi Sthal) APMC,2.0,Metric Tonnes,Other,1000.0,1200.0,1100.0,Rs./Quintal,Grade B
Chakrata APMC,1.6,Metric Tonnes,Local,1000.0,1300.0,1200.0,Rs./Quintal,FAQ
Dehradoon APMC,2.2,Metric Tonnes,Other,850.0,1450.0,1200.0,Rs./Quintal,Grade B
Haldwani APMC,4.5,Metric Tonnes,Other,1200.0,1800.0,1500.0,Rs./Quintal,FAQ
Haridwar Union APMC,1.2000000000000002,Metric Tonnes,Other,1200.0,2200.0,1500.0,Rs./Quintal,Medium
Jaspur(UC) APMC,1.1,Metric Tonnes,Tomato,2500.0,3000.0,2864.0,Rs./Quintal,FAQ
Kashipur APMC,3.0,Metric Tonnes,Other,1600.0,1600.0,1600.0,Rs./Quintal,Local
Manglaur APMC,1.4000000000000001,Metric Tonnes,Other,800.0,1200.0,1000.0,Rs./Quintal,Large
Rishikesh APMC,6.0,Metric Tonnes,Other,1500.0,2050.0,1800.0,Rs./Quintal,Medium
Roorkee APMC,1.4000000000000001,Metric Tonnes,Other,1200.0,2200.0,1600.0,Rs./Quintal,Medium
Rudrapur APMC,8.0,Metric Tonnes,Other,2000.0,2500.0,2200.0,Rs./Quintal,Medium
Sitarganj APMC,1.0,Metric Tonnes,Deshi,2000.0,3000.0,2500.0,Rs./Quintal,Grade B
Vikasnagar APMC,1.7000000000000002,Metric Tonnes,Other,1200.0,1500.0,1500.0,Rs./Quintal,Medium
Total,35.1,Metric Tonnes,,,,1719.38,Rs./Quintal,
State/UT Name : West Bengal
Alipurduar APMC,3.0,Metric Tonnes,Tomato,2500.0,3500.0,3000.0,Rs./Quintal,FAQ
Asansol APMC,5.0,Metric Tonnes,Hybrid,2200.0,2650.0,2450.0,Rs./Quintal,FAQ
Balarampur APMC,2.5,Metric Tonnes,Other,2200.0,3000.0,2600.0,Rs./Quintal,FAQ
Balurghat APMC,0.6,Metric Tonnes,Other,2500.0,3000.0,2800.0,Rs./Quintal,FAQ
Barasat APMC,8.0,Metric Tonnes,Other,3000.0,3000.0,3000.0,Rs./Quintal,FAQ
Baruipur(Canning) APMC,0.54,Metric Tonnes,Tomato,2700.0,2900.0,2800.0,Rs./Quintal,FAQ
Burdwan APMC,4.5,Metric Tonnes,Tomato,2300.0,2500.0,2400.0,Rs./Quintal,FAQ
Chakdah APMC,3.3,Metric Tonnes,Other,3600.0,3800.0,3700.0,Rs./Quintal,FAQ
Champadanga APMC,2.6,Metric Tonnes,Hybrid,2800.0,3000.0,3000.0,Rs./Quintal,FAQ
Darjeeling APMC,0.4,Metric Tonnes,Other,3600.0,3800.0,3700.0,Rs./Quintal,FAQ
Dhupguri APMC,12.0,Metric Tonnes,Other,3200.0,3400.0,3300.0,Rs./Quintal,FAQ
Diamond Harbour(South 24-pgs) APMC,1.2000000000000002,Metric Tonnes,Tomato,2600.0,2800.0,2700.0,Rs./Quintal,FAQ
Durgapur APMC,5.0,Metric Tonnes,Hybrid,2500.0,2750.0,2600.0,Rs./Quintal,FAQ
Egra/contai APMC,15.0,Metric Tonnes,Tomato,1900.0,2050.0,2000.0,Rs./Quintal,FAQ
English Bazar APMC,8.0,Metric Tonnes,Tomato,2600.0,2800.0,2700.0,Rs./Quintal,FAQ
Falakata APMC,5.0,Metric Tonnes,Other,2500.0,3200.0,3000.0,Rs./Quintal,FAQ
Gajol APMC,12.5,Metric Tonnes,Other,2900.0,3100.0,3000.0,Rs./Quintal,FAQ
Gangarampur(Dakshin Dinajpur) APMC,0.5,Metric Tonnes,Other,2600.0,3000.0,2800.0,Rs./Quintal,FAQ
Garbeta(Medinipur) APMC,0.16000000000000003,Metric Tonnes,Tomato,3000.0,3400.0,3200.0,Rs./Quintal,FAQ
Ghatal APMC,2.2,Metric Tonnes,Hybrid,3300.0,3500.0,3400.0,Rs./Quintal,FAQ
Habra APMC,4.0,Metric Tonnes,Other,2500.0,2500.0,2500.0,Rs./Quintal,FAQ
Kalipur APMC,2.8,Metric Tonnes,Hybrid,2800.0,3000.0,2800.0,Rs./Quintal,FAQ
Kalna APMC,1.5,Metric Tonnes,Tomato,2000.0,2100.0,2000.0,Rs./Quintal,FAQ
Karsiyang(Matigara) APMC,0.3,Metric Tonnes,Other,3600.0,3800.0,3700.0,Rs./Quintal,FAQ
Khatra APMC,0.21000000000000002,Metric Tonnes,Tomato,2800.0,3400.0,3200.0,Rs./Quintal,FAQ
Medinipur(West) APMC,1.6,Metric Tonnes,Tomato,3100.0,3300.0,3200.0,Rs./Quintal,FAQ
Memari APMC,5.0,Metric Tonnes,Tomato,2300.0,2500.0,2400.0,Rs./Quintal,FAQ
Pandua APMC,0.65,Metric Tonnes,Hybrid,2500.0,2725.0,2650.0,Rs./Quintal,FAQ
Purulia APMC,3.3,Metric Tonnes,Other,2500.0,3000.0,2800.0,Rs./Quintal,FAQ
Ramkrishanpur(Howrah) APMC,0.14,Metric Tonnes,Tomato,2200.0,3000.0,2500.0,Rs./Quintal,FAQ
Ranaghat APMC,3.1,Metric Tonnes,Other,3700.0,3900.0,3800.0,Rs./Quintal,FAQ
Sealdah Koley Market APMC,12.3,Metric Tonnes,Other,2700.0,3000.0,2800.0,Rs./Quintal,FAQ
Sheoraphuly APMC,25.0,Metric Tonnes,Hybrid,2700.0,2975.0,2825.0,Rs./Quintal,FAQ
Siliguri APMC,25.0,Metric Tonnes,Tomato,2800.0,3000.0,2900.0,Rs./Quintal,FAQ
Uluberia APMC,0.1,Metric Tonnes,Other,2200.0,3000.0,2500.0,Rs./Quintal,FAQ
Total,177.0,Metric Tonnes,,,,2809.12,Rs./Quintal,
Grand Total,18658.73,Metric Tonnes,,,,1947.9,Rs./Quintal,

Note:
Weighted Average Price = ∑(arrival quantity * modal price) / ∑arrival quantity
