"Commodity-wise, Market-wise Daily Report (Weighted Average) on: 05-Sep-2026"

Market Center,Arrivals,Unit of Arrivals,Variety,Minimum Price,Maximum Price,Modal Price,Unit of Price,Grade
Commodity Group Name : Cereals
Maize (MSP: Rs. 2410.00/Quintal)
State/UT Name : Andhra Pradesh
Addanki APMC,0.1,Metric Tonnes,Local,2400.0,2440.0,2420.0,Rs./Quintal,FAQ
Allagadda APMC,1.0,Metric Tonnes,Local,2000.0,2200.0,2100.0,Rs./Quintal,FAQ
Banaganapalli APMC,0.1,Metric Tonnes,Local,2000.0,2400.0,2200.0,Rs./Quintal,FAQ
Bapatla APMC,0.1,Metric Tonnes,Local,2200.0,2400.0,2300.0,Rs./Quintal,Local
Bobbili APMC,1.0,Metric Tonnes,Local,4800.0,4800.0,4800.0,Rs./Quintal,FAQ
Chipurupalli APMC,0.05,Metric Tonnes,Local,4800.0,4800.0,4800.0,Rs./Quintal,FAQ
Durgi APMC,1.0,Metric Tonnes,Hybrid/Local,1800.0,2500.0,2200.0,Rs./Quintal,FAQ
Etcherla APMC,0.1,Metric Tonnes,Deshi White,2500.0,2500.0,2500.0,Rs./Quintal,Local
Gajapathinagaram APMC,0.1,Metric Tonnes,Local,2400.0,2400.0,2400.0,Rs./Quintal,Local
Gopalapuram APMC,1.0,Metric Tonnes,Local,2410.0,2410.0,2410.0,Rs./Quintal,Local
Gorantla  APMC,0.4,Metric Tonnes,Hybrid/Local,2000.0,2300.0,2100.0,Rs./Quintal,FAQ
Hiramandalam APMC,0.1,Metric Tonnes,Medium,2200.0,2200.0,2200.0,Rs./Quintal,Local
Ipur APMC,1.0,Metric Tonnes,Local,1800.0,2100.0,1950.0,Rs./Quintal,FAQ
Kanchekacherla APMC,0.1,Metric Tonnes,Hybrid,2400.0,2400.0,2400.0,Rs./Quintal,FAQ
Kuchinapudi APMC,0.1,Metric Tonnes,Local,2800.0,3000.0,2900.0,Rs./Quintal,Local
Kurupam APMC,0.02,Metric Tonnes,Local,2400.0,2400.0,2400.0,Rs./Quintal,Local
Mangalagiri APMC,0.1,Metric Tonnes,Fine,2480.0,2480.0,2480.0,Rs./Quintal,FAQ
Merakamudidam APMC,0.1,Metric Tonnes,Local,1800.0,2000.0,1950.0,Rs./Quintal,Local
Mylavaram APMC,0.1,Metric Tonnes,Hybrid,2350.0,2350.0,2350.0,Rs./Quintal,Non-FAQ
Nandigama APMC,0.1,Metric Tonnes,Hybrid,2370.0,2370.0,2370.0,Rs./Quintal,Grade Range-1
Nandikotkur APMC,0.1,Metric Tonnes,Hybrid,2200.0,2400.0,2300.0,Rs./Quintal,FAQ
Nandyal APMC,0.1,Metric Tonnes,Other,2410.0,2410.0,2410.0,Rs./Quintal,Local
Nidadavolu APMC,1.0,Metric Tonnes,Local,2410.0,2410.0,2410.0,Rs./Quintal,Local
Nuzvid APMC,15.0,Metric Tonnes,Local,2500.0,2500.0,2500.0,Rs./Quintal,FAQ
Palakonda APMC,0.1,Metric Tonnes,Medium,1900.0,1900.0,1900.0,Rs./Quintal,FAQ
Panyam APMC,0.1,Metric Tonnes,Hybrid/Local,2400.0,2400.0,2400.0,Rs./Quintal,FAQ
Parchur APMC,0.1,Metric Tonnes,Local,2300.0,2500.0,2400.0,Rs./Quintal,Local
Parvathipuram APMC,0.04,Metric Tonnes,Local,2400.0,2400.0,2400.0,Rs./Quintal,Local
Penukonda APMC,0.1,Metric Tonnes,Hybrid/Local,2450.0,2550.0,2500.0,Rs./Quintal,FAQ
Polavaram APMC,1.0,Metric Tonnes,Local,2415.0,2415.0,2415.0,Rs./Quintal,Local
Ponduru APMC,0.1,Metric Tonnes,Local,2400.0,2400.0,2400.0,Rs./Quintal,FAQ
Pusapatirega APMC,1.0,Metric Tonnes,Local,4800.0,4800.0,4800.0,Rs./Quintal,FAQ
Puttaparthi  APMC,1.0,Metric Tonnes,Local,2400.0,2500.0,2450.0,Rs./Quintal,FAQ
RAYADURG APMC,0.1,Metric Tonnes,Local,2200.0,2500.0,2400.0,Rs./Quintal,Grade Range-1
Rajam APMC,0.05,Metric Tonnes,Local,4800.0,4800.0,4800.0,Rs./Quintal,FAQ
Rajanagaram APMC,1.0,Metric Tonnes,Fine,2405.0,2405.0,2405.0,Rs./Quintal,Local
Rompicherla APMC,0.1,Metric Tonnes,Hybrid/Local,2300.0,2500.0,2500.0,Rs./Quintal,FAQ
Saluru APMC,0.1,Metric Tonnes,Hybrid/Local,2600.0,2600.0,2600.0,Rs./Quintal,FAQ
Santhamaguluru APMC,0.1,Metric Tonnes,Hybrid,2400.0,2480.0,2450.0,Rs./Quintal,FAQ
Simhadhripuram APMC,0.1,Metric Tonnes,Hybrid/Local,2150.0,2450.0,2300.0,Rs./Quintal,FAQ
Tiruvuru APMC,50.0,Metric Tonnes,Hybrid,2400.0,2400.0,2400.0,Rs./Quintal,Local
Total,77.96,Metric Tonnes,,,,2470.59,Rs./Quintal,
State/UT Name : Chattisgarh
Bandhabazar APMC,17.0,Metric Tonnes,Hybrid,1800.0,1825.0,1800.0,Rs./Quintal,Non-FAQ
Bhanupratappur APMC,1.5,Metric Tonnes,Hybrid,2200.0,2200.0,2200.0,Rs./Quintal,Non-FAQ
Dhanora APMC,18.0,Metric Tonnes,Hybrid/Local,2000.0,2050.0,2000.0,Rs./Quintal,Non-FAQ
Gamhari APMC,32.0,Metric Tonnes,Hybrid/Local,2000.0,2050.0,2000.0,Rs./Quintal,Non-FAQ
Keshkal APMC,50.0,Metric Tonnes,Hybrid/Local,2000.0,2050.0,2000.0,Rs./Quintal,Non-FAQ
Kondagoan APMC,36.0,Metric Tonnes,Hybrid,1800.0,1800.0,1800.0,Rs./Quintal,Non-FAQ
Korar APMC,2.0,Metric Tonnes,Hybrid,2200.0,2200.0,2200.0,Rs./Quintal,Non-FAQ
Pakhanjur APMC,154.0,Metric Tonnes,Local,1800.0,2000.0,1900.0,Rs./Quintal,Non-FAQ
Vishrampur APMC,66.0,Metric Tonnes,Hybrid/Local,2000.0,2050.0,2000.0,Rs./Quintal,Non-FAQ
Total,376.5,Metric Tonnes,,,,1932.8,Rs./Quintal,
State/UT Name : Gujarat
Garudeshwal APMC,6.0,Metric Tonnes,Deshi Red,2380.0,2380.0,2380.0,Rs./Quintal,Local
Modasa APMC,3.5,Metric Tonnes,Hybrid Red (Cattle Feed),2425.0,2505.0,2505.0,Rs./Quintal,Non-FAQ
Modasa(Tintoi) APMC,2.5,Metric Tonnes,Hybrid Red (Cattle Feed),2325.0,2400.0,2400.0,Rs./Quintal,Non-FAQ
Morva Hafad APMC,0.5,Metric Tonnes,Deshi White,2000.0,2500.0,2250.0,Rs./Quintal,Local
Total,12.5,Metric Tonnes,,,,2413.8,Rs./Quintal,
State/UT Name : Karnataka
Ballari APMC,1.0,Metric Tonnes,Local,2309.0,2309.0,2309.0,Rs./Quintal,Non-FAQ
Bengaluru APMC,109.9,Metric Tonnes,Hybrid/Local,3000.0,3200.0,3100.0,Rs./Quintal,FAQ
Bengaluru APMC,4.0,Metric Tonnes,Popcorn,6500.0,7500.0,7000.0,Rs./Quintal,FAQ
Chickkaballapura APMC,1.5,Metric Tonnes,Sweet Corn (For Biscuits),500.0,600.0,550.0,Rs./Quintal,Local
Davangere APMC,17.0,Metric Tonnes,Local,2380.0,2511.0,2466.0,Rs./Quintal,Local
Gadag APMC,125.30000000000001,Metric Tonnes,Local,1643.0,2636.0,2532.0,Rs./Quintal,FAQ
Gangavathi APMC,3.8000000000000003,Metric Tonnes,Local,2500.0,2500.0,2500.0,Rs./Quintal,Non-FAQ
Gokak APMC,23.0,Metric Tonnes,Local,2699.0,2699.0,2699.0,Rs./Quintal,Local
H.B. Halli APMC,522.5,Metric Tonnes,Hybrid/Local,2110.0,2210.0,2150.0,Rs./Quintal,FAQ
Hanuru APMC,2.8000000000000003,Metric Tonnes,Local,2700.0,2700.0,2700.0,Rs./Quintal,Non-FAQ
HarappanaHalli APMC,28.8,Metric Tonnes,Hybrid/Local,2660.0,2660.0,2660.0,Rs./Quintal,FAQ
Hassan APMC,100.0,Metric Tonnes,Local,1900.0,1900.0,1900.0,Rs./Quintal,Local
Haveri APMC,80.0,Metric Tonnes,Local,2400.0,2452.0,2440.0,Rs./Quintal,FAQ
Hirekerur APMC,25.0,Metric Tonnes,Local,2650.0,2650.0,2650.0,Rs./Quintal,Local
Honnali APMC,408.8,Metric Tonnes,Local,2500.0,2800.0,2655.0,Rs./Quintal,FAQ
Hoovinahadagali APMC,3.8000000000000003,Metric Tonnes,Hybrid/Local,2400.0,2400.0,2400.0,Rs./Quintal,Non-FAQ
Koppal APMC,774.1,Metric Tonnes,Yellow,2415.0,2478.0,2471.0,Rs./Quintal,Non-FAQ
Kottur APMC,51.6,Metric Tonnes,Hybrid/Local,2650.0,2731.0,2658.0,Rs./Quintal,Local
Kudchi APMC,3.0,Metric Tonnes,Hybrid/Local,2450.0,2550.0,2500.0,Rs./Quintal,Local
Kustagi APMC,27.0,Metric Tonnes,Hybrid/Local,2500.0,2500.0,2500.0,Rs./Quintal,FAQ
Laxmeshwar APMC,0.1,Metric Tonnes,Local,1815.0,2525.0,2170.0,Rs./Quintal,Non-FAQ
Mudhol APMC,2.0,Metric Tonnes,Hybrid/Local,2500.0,2500.0,2500.0,Rs./Quintal,Non-FAQ
Mysuru APMC,6.5,Metric Tonnes,Local,2520.0,2600.0,2600.0,Rs./Quintal,Local
Ramdurga APMC,80.2,Metric Tonnes,Local,2500.0,2700.0,2600.0,Rs./Quintal,FAQ
Ranebennur APMC,169.5,Metric Tonnes,Local,2700.0,2700.0,2700.0,Rs./Quintal,FAQ
Rona APMC,6.0,Metric Tonnes,Hybrid/Local,2540.0,2556.0,2550.0,Rs./Quintal,Non-FAQ
SIRGUPPA APMC,255.8,Metric Tonnes,Hybrid/Local,2610.0,2710.0,2660.0,Rs./Quintal,Local
Shikaripura APMC,47.6,Metric Tonnes,Local,2500.0,2800.0,2684.0,Rs./Quintal,FAQ
Shimoga APMC,42.5,Metric Tonnes,Local,2500.0,2500.0,2500.0,Rs./Quintal,Local
Vijayapura APMC,3.9000000000000004,Metric Tonnes,Hybrid/Local,2459.0,2459.0,2459.0,Rs./Quintal,Local
Total,2927.0,Metric Tonnes,,,,2496.97,Rs./Quintal,
State/UT Name : Madhya Pradesh
Aron APMC,7.440000000000001,Metric Tonnes,Local,2345.0,2345.0,2345.0,Rs./Quintal,FAQ
Badwaha APMC,57.475,Metric Tonnes,Local,1640.0,2550.0,2550.0,Rs./Quintal,FAQ
Badwaha APMC,6.260000000000001,Metric Tonnes,Local,1500.0,1500.0,1500.0,Rs./Quintal,Non-FAQ
Betul APMC,12.4,Metric Tonnes,Deshi Red,2390.0,2489.0,2411.0,Rs./Quintal,FAQ
Bhikangaon APMC,12.659,Metric Tonnes,Local,1586.0,2458.0,2458.0,Rs./Quintal,FAQ
Burhanpur APMC,46.792,Metric Tonnes,Local,1800.0,2150.0,2125.0,Rs./Quintal,FAQ
Dewas APMC,3.344,Metric Tonnes,Local,2486.0,2486.0,2486.0,Rs./Quintal,FAQ
Dhamnod APMC,231.65700000000004,Metric Tonnes,Local,1675.0,2582.0,1720.0,Rs./Quintal,FAQ
Gadarwada (F&V) APMC,0.3,Metric Tonnes,Local,1500.0,1500.0,1500.0,Rs./Quintal,Local
Gandhwani APMC,26.1,Metric Tonnes,Local,1850.0,2350.0,1881.0,Rs./Quintal,FAQ
Harda APMC,28.634,Metric Tonnes,Yellow,1696.0,2476.0,2476.0,Rs./Quintal,FAQ
Indore APMC,159.755,Metric Tonnes,Local,2375.0,2375.0,2375.0,Rs./Quintal,FAQ
Jabalpur APMC,1.2460000000000002,Metric Tonnes,Local,2455.0,2530.0,2530.0,Rs./Quintal,FAQ
Kannod APMC,1.7710000000000001,Metric Tonnes,Local,2100.0,2100.0,2100.0,Rs./Quintal,FAQ
Karhi APMC,80.98500000000001,Metric Tonnes,Local,1600.0,2410.0,1675.0,Rs./Quintal,FAQ
Kasrawad APMC,10.700000000000001,Metric Tonnes,Local,1600.0,1680.0,1680.0,Rs./Quintal,FAQ
Keolari APMC,39.800000000000004,Metric Tonnes,Local,2400.0,2510.0,2510.0,Rs./Quintal,FAQ
Khandwa APMC,32.28,Metric Tonnes,Local,1970.0,2125.0,2125.0,Rs./Quintal,FAQ
Khargone APMC,73.76,Metric Tonnes,Local,1662.0,2440.0,1700.0,Rs./Quintal,FAQ
Khetia APMC,4.595000000000001,Metric Tonnes,Yellow,1765.0,1765.0,1765.0,Rs./Quintal,FAQ
Khilchipur APMC,0.06,Metric Tonnes,Local,2374.0,2374.0,2374.0,Rs./Quintal,FAQ
Khirkiya APMC,0.907,Metric Tonnes,Local,1726.0,2300.0,2300.0,Rs./Quintal,Non-FAQ
Kukshi APMC,18.75,Metric Tonnes,Local,1670.0,1950.0,1950.0,Rs./Quintal,FAQ
Manasa APMC,0.637,Metric Tonnes,Local,1450.0,1450.0,1450.0,Rs./Quintal,FAQ
Manawar APMC,148.26,Metric Tonnes,Local,1820.0,2300.0,2000.0,Rs./Quintal,FAQ
Mandsaur APMC,4.487,Metric Tonnes,Local,1921.0,2597.0,2597.0,Rs./Quintal,Non-FAQ
Mhow (Ambedkar Nagar) APMC,0.86,Metric Tonnes,Local,1731.0,1731.0,1731.0,Rs./Quintal,FAQ
Neemuch APMC,7.808,Metric Tonnes,Local,1526.0,2450.0,2396.0,Rs./Quintal,FAQ
Palari APMC,27.5,Metric Tonnes,Local,2200.0,2500.0,2500.0,Rs./Quintal,Non-FAQ
Pandhana APMC,11.795000000000002,Metric Tonnes,Local,2125.0,2215.0,2215.0,Rs./Quintal,FAQ
Petlawad APMC,25.786,Metric Tonnes,Local,1950.0,2125.0,2125.0,Rs./Quintal,FAQ
Piplya APMC,0.027000000000000003,Metric Tonnes,Local,2000.0,2000.0,2000.0,Rs./Quintal,FAQ
Ratlam APMC,1.471,Metric Tonnes,Local,2471.0,2575.0,2575.0,Rs./Quintal,FAQ
Sanawad APMC,4.455,Metric Tonnes,Local,1340.0,2306.0,2306.0,Rs./Quintal,FAQ
Shamgarh APMC,0.8050000000000002,Metric Tonnes,Local,2150.0,2150.0,2150.0,Rs./Quintal,Non-FAQ
Total,1091.56,Metric Tonnes,,,,2048.96,Rs./Quintal,
State/UT Name : Maharashtra
APMC Ahmedpur ,0.3,Metric Tonnes,Other,2000.0,2000.0,2000.0,Rs./Quintal,Non-FAQ
APMC Amarawati ,0.1,Metric Tonnes,Deshi Red,1700.0,1800.0,1750.0,Rs./Quintal,Non-FAQ
APMC Ambejogai ,2.0,Metric Tonnes,Deshi Red,2500.0,2500.0,2500.0,Rs./Quintal,FAQ
APMC BHOKARDAN ,1.2,Metric Tonnes,Yellow,2200.0,2300.0,2250.0,Rs./Quintal,Non-FAQ
APMC Deoulgaon Raja ,3.5,Metric Tonnes,Yellow,2500.0,2500.0,2500.0,Rs./Quintal,FAQ
APMC Dhadgaon ,2.8,Metric Tonnes,Other,1850.0,1900.0,1875.0,Rs./Quintal,Non-FAQ
APMC Gevrai ,0.1,Metric Tonnes,Deshi Red,2500.0,2500.0,2500.0,Rs./Quintal,FAQ
APMC Jamkhed ,0.8,Metric Tonnes,Other,2100.0,2300.0,2200.0,Rs./Quintal,Non-FAQ
APMC Karjat ,0.1,Metric Tonnes,Other,2200.0,2200.0,2200.0,Rs./Quintal,Non-FAQ
APMC Lonar ,5.0,Metric Tonnes,Yellow,2300.0,2390.0,2345.0,Rs./Quintal,Non-FAQ
APMC Malkapur ,18.0,Metric Tonnes,Yellow,2400.0,2525.0,2500.0,Rs./Quintal,FAQ
APMC Nandura ,2.1,Metric Tonnes,Other,2491.0,2520.0,2500.0,Rs./Quintal,FAQ
APMC Pachora ,2.5,Metric Tonnes,Other,2470.0,2482.0,2475.0,Rs./Quintal,FAQ
APMC Paithan ,0.1,Metric Tonnes,Yellow,2401.0,2401.0,2401.0,Rs./Quintal,FAQ
APMC Pune ,0.2,Metric Tonnes,Deshi Red,2700.0,2900.0,2800.0,Rs./Quintal,FAQ
APMC Vaijpur ,1.5,Metric Tonnes,Yellow,2405.0,2490.0,2450.0,Rs./Quintal,FAQ
APMC Vaijpur ,0.5,Metric Tonnes,Yellow,2200.0,2390.0,2350.0,Rs./Quintal,Non-FAQ
Barshi(Vairag) ,0.4,Metric Tonnes,Other,2651.0,2651.0,2651.0,Rs./Quintal,FAQ
Buldhana(Dhad) ,30.6,Metric Tonnes,Yellow,2100.0,2395.0,2200.0,Rs./Quintal,Non-FAQ
"Jaykissan Krushi Uttpan Khajgi Bazar, Khamgaon, Dist Buldhana",0.05,Metric Tonnes,Yellow,2200.0,2200.0,2200.0,Rs./Quintal,Local
Karjat(Rashin) ,1.0,Metric Tonnes,Yellow,1600.0,2200.0,2000.0,Rs./Quintal,Non-FAQ
"Keshranand Cottex Pvt Agro, Dondicha, Dist Dhule",36.49,Metric Tonnes,Other,2500.0,2520.0,2510.0,Rs./Quintal,Local
Lasalgaon(Niphad) ,0.1,Metric Tonnes,Deshi Red,2701.0,2701.0,2701.0,Rs./Quintal,FAQ
Sillod(Bharadi) ,4.0,Metric Tonnes,Yellow,2450.0,2650.0,2600.0,Rs./Quintal,FAQ
Total,113.44,Metric Tonnes,,,,2391.29,Rs./Quintal,
State/UT Name : Punjab
Nawanshahar APMC,46.300000000000004,Metric Tonnes,Local,2449.0,2449.0,2449.0,Rs./Quintal,FAQ
Total,46.3,Metric Tonnes,,,,2449.0,Rs./Quintal,
State/UT Name : Rajasthan
Bundi APMC,95.0,Metric Tonnes,Other,1800.0,2330.0,2065.0,Rs./Quintal,FAQ
Pratapgarh APMC,11.36,Metric Tonnes,Other,2460.0,2860.0,2575.0,Rs./Quintal,FAQ
Total,106.36,Metric Tonnes,,,,2119.47,Rs./Quintal,
State/UT Name : Telangana
Badepally APMC,4.0,Metric Tonnes,Local,2491.0,2491.0,2491.0,Rs./Quintal,Local
Bejjenki APMC,1.4,Metric Tonnes,Local,2250.0,2250.0,2250.0,Rs./Quintal,FAQ
Husnabad APMC,34.0,Metric Tonnes,Local,2400.0,2400.0,2400.0,Rs./Quintal,Local
Siddipet APMC,7.3,Metric Tonnes,Local,2501.0,2501.0,2501.0,Rs./Quintal,FAQ
Yellandu APMC,80.7,Metric Tonnes,Local,2200.0,2400.0,2300.0,Rs./Quintal,Local
Zaheerabad APMC,0.15000000000000002,Metric Tonnes,Local,2302.0,2302.0,2302.0,Rs./Quintal,Local
Total,127.55,Metric Tonnes,,,,2343.6,Rs./Quintal,
State/UT Name : Uttar Pradesh
Aliganj APMC,207.735,Metric Tonnes,Other,1800.0,1800.0,1800.0,Rs./Quintal,FAQ
Aligarh APMC,3.0,Metric Tonnes,Other,2200.0,2200.0,2200.0,Rs./Quintal,FAQ
Anoop Shahar APMC,18.736,Metric Tonnes,Other,2350.0,2350.0,2350.0,Rs./Quintal,FAQ
Auraiya APMC,17.2,Metric Tonnes,Other,2000.0,2000.0,2000.0,Rs./Quintal,FAQ
Babrala APMC,220.0,Metric Tonnes,Local,2080.0,2100.0,2090.0,Rs./Quintal,Local
Badayoun APMC,66.415,Metric Tonnes,Other,2000.0,2000.0,2000.0,Rs./Quintal,FAQ
Ballia APMC,5.0,Metric Tonnes,Other,2300.0,2300.0,2300.0,Rs./Quintal,FAQ
Bangarmau APMC,52.1,Metric Tonnes,Other,2200.0,2300.0,2236.85,Rs./Quintal,FAQ
Bareilly APMC,136.3,Metric Tonnes,Other,1804.98,2250.0,1978.67,Rs./Quintal,FAQ
Bewar APMC,42.3,Metric Tonnes,Other,2250.0,2300.0,2283.69,Rs./Quintal,FAQ
Bhehjoi APMC,85.5,Metric Tonnes,Local,1800.0,2200.0,2000.0,Rs./Quintal,Local
Bhehjoi APMC,41.275,Metric Tonnes,Other,2430.0,2440.0,2433.12,Rs./Quintal,FAQ
Bilaspur APMC,16.4,Metric Tonnes,Other,2300.0,2300.0,2300.0,Rs./Quintal,FAQ
Bilsi APMC,609.808,Metric Tonnes,Other,2000.0,2200.0,2041.02,Rs./Quintal,FAQ
Bisoli APMC,463.07,Metric Tonnes,Other,2000.0,2205.0,2115.78,Rs./Quintal,FAQ
Buland Shahr APMC,68.495,Metric Tonnes,Other,2000.0,2010.0,2005.09,Rs./Quintal,FAQ
Chandausi APMC,135.241,Metric Tonnes,Other,2000.0,2190.0,2127.65,Rs./Quintal,FAQ
Charra APMC,241.877,Metric Tonnes,Other,2100.0,2400.0,2182.42,Rs./Quintal,FAQ
Chhibramau APMC,505.642,Metric Tonnes,Other,2250.0,2400.0,2283.85,Rs./Quintal,FAQ
Choubepur APMC,170.4,Metric Tonnes,Other,2350.0,2350.0,2350.0,Rs./Quintal,FAQ
Divai APMC,210.24,Metric Tonnes,Other,2000.0,2450.0,2114.29,Rs./Quintal,FAQ
Dudhi APMC,0.3,Metric Tonnes,Other,700.0,700.0,700.0,Rs./Quintal,FAQ
Etah APMC,144.21,Metric Tonnes,Other,2000.0,2200.0,2116.97,Rs./Quintal,FAQ
Farukhabad APMC,57.805,Metric Tonnes,Other,2300.0,2300.0,2300.0,Rs./Quintal,FAQ
Fatehabad APMC,3.386,Metric Tonnes,Other,2100.0,2100.0,2100.0,Rs./Quintal,FAQ
Firozabad APMC,34.0,Metric Tonnes,Other,2280.0,2280.0,2280.0,Rs./Quintal,FAQ
Ganj Dundwara APMC,16.91,Metric Tonnes,Other,2100.0,2100.0,2100.0,Rs./Quintal,FAQ
Gonda APMC,29.1,Metric Tonnes,Other,1850.0,1850.0,1850.0,Rs./Quintal,FAQ
Gulavati APMC,3.106,Metric Tonnes,Other,2151.0,2151.0,2151.0,Rs./Quintal,FAQ
Haathras APMC,78.537,Metric Tonnes,Other,2100.0,2425.0,2336.96,Rs./Quintal,FAQ
Hardoi APMC,255.545,Metric Tonnes,Other,1700.0,2350.0,2000.83,Rs./Quintal,FAQ
Jahangirabad APMC,2.99,Metric Tonnes,Other,2237.0,2250.0,2242.51,Rs./Quintal,FAQ
Jalalabad APMC,206.09,Metric Tonnes,Other,1800.0,2200.0,1987.89,Rs./Quintal,FAQ
Jasvantnagar APMC,118.355,Metric Tonnes,Other,2000.0,2007.0,2001.05,Rs./Quintal,FAQ
Kamlaganj APMC,488.68,Metric Tonnes,Other,2300.0,2480.0,2341.84,Rs./Quintal,FAQ
Kannauj APMC,690.39,Metric Tonnes,Other,2000.0,2400.0,2163.16,Rs./Quintal,FAQ
Kasganj APMC,532.722,Metric Tonnes,Other,1850.0,2300.0,2116.64,Rs./Quintal,FAQ
Kayamganj APMC,250.78,Metric Tonnes,Other,2100.0,2150.0,2104.09,Rs./Quintal,FAQ
Khair APMC,119.985,Metric Tonnes,Other,2200.0,2250.0,2216.14,Rs./Quintal,FAQ
Khurja APMC,66.73,Metric Tonnes,Other,2000.0,2200.0,2111.58,Rs./Quintal,FAQ
Mainpuri APMC,114.055,Metric Tonnes,Other,1950.0,2050.0,1991.16,Rs./Quintal,FAQ
Mohamadabad APMC,232.81,Metric Tonnes,Other,2250.0,2640.0,2285.22,Rs./Quintal,FAQ
Naanpara APMC,17.6,Metric Tonnes,Other,2250.0,2250.0,2250.0,Rs./Quintal,FAQ
Powayan APMC,20.83,Metric Tonnes,Other,2000.0,2000.0,2000.0,Rs./Quintal,FAQ
Puranpur APMC,43.56,Metric Tonnes,Other,2200.0,2200.0,2200.0,Rs./Quintal,FAQ
Risia APMC,125.5,Metric Tonnes,Other,1770.0,1900.0,1796.04,Rs./Quintal,FAQ
Sambhal APMC,467.524,Metric Tonnes,Other,1600.0,2420.0,2260.04,Rs./Quintal,FAQ
Sehjanwa APMC,21.44,Metric Tonnes,Other,2000.0,2000.0,2000.0,Rs./Quintal,FAQ
Shahabad APMC,14.565,Metric Tonnes,Other,1705.0,1705.0,1705.0,Rs./Quintal,FAQ
Shahaswan APMC,15.0,Metric Tonnes,Other,1950.0,1950.0,1950.0,Rs./Quintal,FAQ
Shikohabad APMC,210.275,Metric Tonnes,Other,2140.0,2190.0,2148.47,Rs./Quintal,FAQ
Sikarpur APMC,138.37,Metric Tonnes,Other,2000.0,2010.0,2001.95,Rs./Quintal,FAQ
Sirsaganj APMC,274.37,Metric Tonnes,Other,2155.0,2430.0,2338.8,Rs./Quintal,FAQ
Siyana APMC,252.855,Metric Tonnes,Other,2050.0,2200.0,2096.18,Rs./Quintal,FAQ
Tundla APMC,20.425,Metric Tonnes,Other,2150.0,2340.0,2273.55,Rs./Quintal,FAQ
Ujhani APMC,166.66,Metric Tonnes,Other,2100.0,2350.0,2267.9,Rs./Quintal,FAQ
Uttaripura APMC,217.28,Metric Tonnes,Other,1900.0,2000.0,1948.32,Rs./Quintal,FAQ
Wazirganj APMC,485.12,Metric Tonnes,Other,2000.0,2150.05,2011.19,Rs./Quintal,FAQ
Total,9254.59,Metric Tonnes,,,,2132.82,Rs./Quintal,
State/UT Name : Uttarakhand
Kotadwara APMC,0.1,Metric Tonnes,Other,1500.0,1500.0,1500.0,Rs./Quintal,FAQ
Total,0.1,Metric Tonnes,,,,1500.0,Rs./Quintal,
State/UT Name : West Bengal
Jangipur APMC,14.25,Metric Tonnes,Other,2500.0,2600.0,2550.0,Rs./Quintal,FAQ
Total,14.25,Metric Tonnes,,,,2550.0,Rs./Quintal,
Grand Total,14148.11,Metric Tonnes,,,,2203.8,Rs./Quintal,
Paddy(Common) (MSP: Rs. 2441.00/Quintal)
State/UT Name : Andhra Pradesh
Achanta APMC,0.1,Metric Tonnes,1121,2359.0,2375.0,2369.0,Rs./Quintal,Local
Addanki APMC,0.1,Metric Tonnes,Paddy,2400.0,2430.0,2410.0,Rs./Quintal,Local
Akiveedu APMC,0.1,Metric Tonnes,Paddy,2300.0,2500.0,2369.0,Rs./Quintal,Local
Alamuru APMC,0.1,Metric Tonnes,Paddy,2369.0,2389.0,2369.0,Rs./Quintal,FAQ
Amadalavalasa APMC,0.1,Metric Tonnes,Paddy,2369.0,2369.0,2369.0,Rs./Quintal,FAQ
Amalapuram APMC,0.1,Metric Tonnes,1001,2369.0,2468.0,2369.0,Rs./Quintal,FAQ
Anaparthy APMC,236.9,Metric Tonnes,Paddy,2369.0,2560.0,2369.0,Rs./Quintal,FAQ
Atmakur (Nandyal District) APMC,1.0,Metric Tonnes,Sona,2650.0,2650.0,2650.0,Rs./Quintal,FAQ
Atmakur (SPSR Nellore District) APMC,110.30000000000001,Metric Tonnes,Nellore Sanna,2300.0,2400.0,2369.0,Rs./Quintal,FAQ
Attili APMC,0.1,Metric Tonnes,Paddy,2369.0,2389.0,2369.0,Rs./Quintal,Local
B.N.Kandriga APMC,0.1,Metric Tonnes,Paddy,2200.0,2200.0,2200.0,Rs./Quintal,Local
Badvel APMC,0.1,Metric Tonnes,Masuri,2380.0,2430.0,2400.0,Rs./Quintal,Local
Banaganapalli APMC,0.1,Metric Tonnes,Sona Mahsuri,2200.0,2400.0,2300.0,Rs./Quintal,FAQ
Bapatla APMC,0.1,Metric Tonnes,B P T,3300.0,3500.0,3400.0,Rs./Quintal,Local
Bhimadole APMC,2.0,Metric Tonnes,1001,2380.0,2380.0,2380.0,Rs./Quintal,FAQ
Bhimavaram APMC,0.1,Metric Tonnes,1001,2360.0,2360.0,2360.0,Rs./Quintal,Grade Range-1
Chirala APMC,1.0,Metric Tonnes,B P T,2400.0,2500.0,2450.0,Rs./Quintal,Local
Chodavaram APMC,0.1,Metric Tonnes,Paddy,2200.0,2400.0,2300.0,Rs./Quintal,Local
Darsi APMC,0.1,Metric Tonnes,B P T,2500.0,2600.0,2600.0,Rs./Quintal,Local
Dharmavaram APMC,0.1,Metric Tonnes,B P T,2000.0,2200.0,2100.0,Rs./Quintal,FAQ
Divi (HQ-Avanigadda) APMC,1.0,Metric Tonnes,B P T,3100.0,3400.0,3200.0,Rs./Quintal,FAQ
Durgi APMC,1.0,Metric Tonnes,Paddy,1700.0,2400.0,2000.0,Rs./Quintal,FAQ
Etcherla APMC,0.1,Metric Tonnes,1121,2369.0,2369.0,2369.0,Rs./Quintal,FAQ
Gannavaram APMC,0.1,Metric Tonnes,1001,2400.0,2400.0,2400.0,Rs./Quintal,Local
Ghantsala (HQ-Kodali) APMC,1.0,Metric Tonnes,1001,2200.0,2400.0,2300.0,Rs./Quintal,Local
Gudur APMC,0.1,Metric Tonnes,MTU-1010,2389.0,2475.0,2435.0,Rs./Quintal,Local
Hiramandalam APMC,0.1,Metric Tonnes,Masuri,2400.0,2400.0,2400.0,Rs./Quintal,Local
Ichapuram APMC,0.1,Metric Tonnes,Sannalu,2369.0,2369.0,2369.0,Rs./Quintal,Local
Ipur APMC,1.0,Metric Tonnes,Paddy,2500.0,2720.0,2650.0,Rs./Quintal,FAQ
Jaggampet APMC,0.1,Metric Tonnes,Common,2369.0,2380.0,2369.0,Rs./Quintal,FAQ
Jalumuru APMC,0.1,Metric Tonnes,1121,2369.0,2369.0,2369.0,Rs./Quintal,FAQ
Kaikaluru APMC,1.0,Metric Tonnes,MTU-1001,2440.0,2440.0,2440.0,Rs./Quintal,Local
Kakinada (Urban) APMC,0.075,Metric Tonnes,Common,2369.0,2390.0,2375.0,Rs./Quintal,FAQ
Kalidindi APMC,1.0,Metric Tonnes,MTU-1001,2440.0,2440.0,2440.0,Rs./Quintal,Local
Kamalapuram APMC,0.1,Metric Tonnes,B P T,2550.0,2550.0,2550.0,Rs./Quintal,Local
Kanchili APMC,0.1,Metric Tonnes,1001,2400.0,2400.0,2400.0,Rs./Quintal,FAQ
Kandukur APMC,0.1,Metric Tonnes,Other,2380.0,2450.0,2400.0,Rs./Quintal,Local
Karapa APMC,1.0,Metric Tonnes,1001,2363.0,2369.0,2366.0,Rs./Quintal,FAQ
Kavali APMC,0.1,Metric Tonnes,Other,2380.0,2450.0,2410.0,Rs./Quintal,Local
Kothabommali APMC,0.1,Metric Tonnes,Paddy,3800.0,3800.0,3800.0,Rs./Quintal,Local
Kothavalasa APMC,1.0,Metric Tonnes,1001,2369.0,2369.0,2369.0,Rs./Quintal,Local
Kovur APMC,0.1,Metric Tonnes,Paddy,2220.0,2400.0,2369.0,Rs./Quintal,Local
Kovvur APMC,1.0,Metric Tonnes,MTU-1010,2441.0,2441.0,2441.0,Rs./Quintal,Grade Range-2
Krosuru APMC,0.1,Metric Tonnes,B P T,2200.0,2600.0,2400.0,Rs./Quintal,FAQ
Kuchinapudi APMC,0.1,Metric Tonnes,B P T,3300.0,3500.0,3400.0,Rs./Quintal,Local
Macharla APMC,0.1,Metric Tonnes,B P T,3200.0,3200.0,3200.0,Rs./Quintal,Grade Range-1
Machilipatnam APMC,0.075,Metric Tonnes,B P T,2906.6659400000003,3033.3325750000004,2973.3325900000004,Rs./Quintal,Local
Maddipadu APMC,0.1,Metric Tonnes,B P T,2800.0,2800.0,2800.0,Rs./Quintal,FAQ
Madugula APMC,0.1,Metric Tonnes,Paddy,2200.0,2400.0,2300.0,Rs./Quintal,Local
Malleswaram (HQ-Bantumili) APMC,0.1,Metric Tonnes,NO. 2716,2600.0,2700.0,2650.0,Rs./Quintal,Grade Range-1
Mandapeta APMC,1.0,Metric Tonnes,1001,2369.0,2400.0,2389.0,Rs./Quintal,FAQ
Mangalagiri APMC,0.1,Metric Tonnes,B P T,2550.0,2550.0,2550.0,Rs./Quintal,FAQ
Mydukur APMC,1.0,Metric Tonnes,Masuri,2800.0,3200.0,3000.0,Rs./Quintal,Local
Mylavaram APMC,0.1,Metric Tonnes,1001,2369.0,2369.0,2369.0,Rs./Quintal,FAQ
Nagalapuram APMC,0.08,Metric Tonnes,Paddy Coarse,2312.5,2337.5,2325.0,Rs./Quintal,Local
Nagari APMC,0.1,Metric Tonnes,Paddy,1800.0,1900.0,1850.0,Rs./Quintal,Grade Range-2
Naidupet APMC,0.1,Metric Tonnes,MTU-1010,2300.0,2400.0,2350.0,Rs./Quintal,Local
Nandigama APMC,0.1,Metric Tonnes,B P T,2360.0,2360.0,2360.0,Rs./Quintal,Grade Range-1
Nandyal APMC,0.1,Metric Tonnes,Paddy,2400.0,2400.0,2400.0,Rs./Quintal,Local
Narasannapet APMC,0.1,Metric Tonnes,Paddy,2369.0,2369.0,2369.0,Rs./Quintal,FAQ
Narasaraopet APMC,0.1,Metric Tonnes,Paddy,3000.0,3000.0,3000.0,Rs./Quintal,FAQ
Narsapuram APMC,1.0,Metric Tonnes,MTU-1001,2445.0,2445.0,2445.0,Rs./Quintal,Local
Narsipatnam APMC,239.0,Metric Tonnes,Paddy,2390.0,2450.0,2400.0,Rs./Quintal,Local
Nellore APMC,0.1,Metric Tonnes,B P T,2445.0,2465.0,2460.0,Rs./Quintal,FAQ
Nidadavolu APMC,1.0,Metric Tonnes,Common,2445.0,2445.0,2445.0,Rs./Quintal,Local
Ongole APMC,0.1,Metric Tonnes,B P T,2400.0,2400.0,2400.0,Rs./Quintal,Local
Palakole APMC,0.1,Metric Tonnes,Paddy,2345.0,2345.0,2345.0,Rs./Quintal,Local
Palakonda APMC,0.1,Metric Tonnes,1001,2329.0,2329.0,2329.0,Rs./Quintal,FAQ
Palasa APMC,0.1,Metric Tonnes,Common,2369.0,2369.0,2369.0,Rs./Quintal,FAQ
Pamarru APMC,1.0,Metric Tonnes,B P T,2441.0,2481.0,2471.0,Rs./Quintal,Local
Parchur APMC,0.1,Metric Tonnes,B P T,2700.0,3000.0,2850.0,Rs./Quintal,Local
Pathapatnam APMC,0.1,Metric Tonnes,Paddy,2369.0,2500.0,2369.0,Rs./Quintal,FAQ
Payakaraopeta APMC,0.1,Metric Tonnes,1001,2349.0,2369.0,2359.0,Rs./Quintal,Local
Pedana APMC,0.1,Metric Tonnes,NO. 2716,2369.0,2500.0,2450.0,Rs./Quintal,Local
Peddapuram APMC,1.0,Metric Tonnes,1001,2369.0,2390.0,2369.0,Rs./Quintal,FAQ
Pendurthi APMC,0.1,Metric Tonnes,Paddy,2300.0,2300.0,2300.0,Rs./Quintal,Local
Penugonda APMC,0.1,Metric Tonnes,1001,2369.0,2380.0,2370.0,Rs./Quintal,Local
Pidugurala APMC,0.1,Metric Tonnes,Paddy,2390.0,2410.0,2400.0,Rs./Quintal,FAQ
Pithapuram APMC,0.1,Metric Tonnes,1001,2369.0,2389.0,2379.0,Rs./Quintal,FAQ
Polavaram APMC,1.0,Metric Tonnes,1001,2445.0,2445.0,2445.0,Rs./Quintal,Local
Prathipadu APMC,0.1,Metric Tonnes,1001,2200.0,2425.0,2300.0,Rs./Quintal,Grade Range-1
Prattipadu APMC,0.1,Metric Tonnes,1001,2369.0,2380.0,2379.0,Rs./Quintal,FAQ
Proddatur APMC,0.1,Metric Tonnes,Paddy,2350.0,2350.0,2350.0,Rs./Quintal,Local
RAYADURG APMC,0.1,Metric Tonnes,I.R. 64,3200.0,3650.0,3400.0,Rs./Quintal,Grade Range-1
Rajahmundry APMC,1.0,Metric Tonnes,Paddy,2369.0,2369.0,2369.0,Rs./Quintal,Local
Rajupalem APMC,0.1,Metric Tonnes,Common,2100.0,2100.0,2100.0,Rs./Quintal,Non-FAQ
Ramachandrapuram APMC,0.1,Metric Tonnes,Paddy,2369.0,2380.0,2369.0,Rs./Quintal,FAQ
Rampachodvaram APMC,0.1,Metric Tonnes,1001,2369.0,2389.0,2379.0,Rs./Quintal,Grade Range-2
Rapur APMC,116.2,Metric Tonnes,Common,2390.0,2490.0,2440.0,Rs./Quintal,Local
Repalli APMC,1.0,Metric Tonnes,B P T,3200.0,3600.0,3400.0,Rs./Quintal,Local
Rompicherla APMC,9.0,Metric Tonnes,B P T,1950.0,1950.0,1950.0,Rs./Quintal,Local
Rompicherla APMC,0.1,Metric Tonnes,Paddy,2300.0,2500.0,2500.0,Rs./Quintal,FAQ
Samalkot APMC,0.1,Metric Tonnes,Paddy,2365.0,2380.0,2369.0,Rs./Quintal,FAQ
Sampara (Kakinada Rural) APMC,0.1,Metric Tonnes,1001,2369.0,2389.0,2379.0,Rs./Quintal,FAQ
Santhamaguluru APMC,0.1,Metric Tonnes,B P T,2500.0,2580.0,2550.0,Rs./Quintal,FAQ
Sattenapalli APMC,0.1,Metric Tonnes,B P T,2300.0,2500.0,2400.0,Rs./Quintal,FAQ
Srikakulam APMC,0.1,Metric Tonnes,1001,2400.0,2400.0,2400.0,Rs./Quintal,FAQ
Srikalahasti APMC,0.1,Metric Tonnes,Paddy Medium,2300.0,2600.0,2450.0,Rs./Quintal,Local
Sullurpet APMC,0.1,Metric Tonnes,MTU-1010,2420.0,2460.0,2440.0,Rs./Quintal,Local
Tadepalligudem APMC,1.0,Metric Tonnes,1001,2450.0,2450.0,2450.0,Rs./Quintal,FAQ
Tanuku APMC,0.1,Metric Tonnes,1001,2445.0,2445.0,2445.0,Rs./Quintal,Local
Tiruvuru APMC,110.0,Metric Tonnes,Sona,2900.0,2900.0,2900.0,Rs./Quintal,Local
Udayagiri APMC,1.0,Metric Tonnes,Paddy,2444.0,2464.0,2454.0,Rs./Quintal,Local
Undi APMC,1.0,Metric Tonnes,MTU-1001,2369.0,2369.0,2369.0,Rs./Quintal,Local
Vakadu APMC,0.1,Metric Tonnes,B P T,2389.0,2410.0,2400.0,Rs./Quintal,Local
Venkatagiri APMC,0.075,Metric Tonnes,MTU-1010,2350.0,2450.0,2400.0,Rs./Quintal,FAQ
Vijayawada APMC,0.1,Metric Tonnes,1001,2369.0,2369.0,2369.0,Rs./Quintal,Local
Yellamanchili APMC,0.1,Metric Tonnes,1001,2390.0,2450.0,2400.0,Rs./Quintal,Local
Total,854.11,Metric Tonnes,,,,2456.26,Rs./Quintal,
State/UT Name : Chattisgarh
Amoda APMC,18.6,Metric Tonnes,1001,1800.0,1800.0,1800.0,Rs./Quintal,Non-FAQ
Balod APMC,5.0,Metric Tonnes,I.R. 64,2000.0,2020.0,2010.0,Rs./Quintal,Non-FAQ
Baramkela APMC,10.0,Metric Tonnes,Mahamaya,1900.0,1900.0,1900.0,Rs./Quintal,Non-FAQ
Bardewri APMC,21.0,Metric Tonnes,1001,1800.0,1800.0,1800.0,Rs./Quintal,Non-FAQ
Basana APMC,50.0,Metric Tonnes,D.B.,2300.0,2300.0,2300.0,Rs./Quintal,FAQ
Bhakhara APMC,98.1,Metric Tonnes,I.R. 64,2350.0,2379.0,2366.0,Rs./Quintal,FAQ
Bhakhara APMC,106.4,Metric Tonnes,Om 3,3103.0,3200.0,3166.0,Rs./Quintal,FAQ
Bilaspur APMC,60.4,Metric Tonnes,MTU-1010,1840.0,1850.0,1845.0,Rs./Quintal,Non-FAQ
Charama APMC,60.0,Metric Tonnes,I.R. 64,1900.0,1900.0,1900.0,Rs./Quintal,Non-FAQ
Chhuria APMC,206.8,Metric Tonnes,MTU-1010,2200.0,2200.0,2200.0,Rs./Quintal,Non-FAQ
Dondi APMC,0.5,Metric Tonnes,Khadwan,1760.0,1800.0,1770.0,Rs./Quintal,Non-FAQ
Dondilohara APMC,1.0,Metric Tonnes,I.R. 64,1830.0,1850.0,1840.0,Rs./Quintal,Non-FAQ
Dongargaon APMC,1.0,Metric Tonnes,1001,2000.0,2000.0,2000.0,Rs./Quintal,Non-FAQ
Dudhawa APMC,32.0,Metric Tonnes,1001,1800.0,1800.0,1800.0,Rs./Quintal,Non-FAQ
Gharghoda APMC,25.0,Metric Tonnes,1001,1600.0,1600.0,1600.0,Rs./Quintal,Non-FAQ
Gidam APMC,2.0,Metric Tonnes,1001,1900.0,2100.0,2000.0,Rs./Quintal,Non-FAQ
Gurur APMC,50.0,Metric Tonnes,RB Gold,2900.0,3000.0,2950.0,Rs./Quintal,Non-FAQ
Jagdalpur APMC,509.9,Metric Tonnes,Paddy Coarse,2200.0,2250.0,2230.0,Rs./Quintal,FAQ
KRISHI UPAJ MANDI SAMITI (APMC) KANKER,32.4,Metric Tonnes,1001,1800.0,1800.0,1800.0,Rs./Quintal,Non-FAQ
Kasdol APMC,2.0,Metric Tonnes,D.B.,1800.0,1800.0,1800.0,Rs./Quintal,Non-FAQ
Katghora APMC,3.0,Metric Tonnes,MTU-1010,1750.0,1750.0,1750.0,Rs./Quintal,Non-FAQ
Kedar APMC,10.2,Metric Tonnes,MTU-1010,1920.0,1920.0,1920.0,Rs./Quintal,Non-FAQ
Kharora APMC,2.0,Metric Tonnes,Mahamaya,2200.0,2200.0,2200.0,Rs./Quintal,Non-FAQ
Komakhan APMC,25.0,Metric Tonnes,MTU-1001,2050.0,2050.0,2050.0,Rs./Quintal,Non-FAQ
Kurud APMC,127.5,Metric Tonnes,I.R. 64,2205.0,2260.0,2230.0,Rs./Quintal,FAQ
Kurud APMC,47.2,Metric Tonnes,Swarna Masuri (New),2110.0,2150.0,2130.0,Rs./Quintal,FAQ
Lakhanpuri APMC,120.0,Metric Tonnes,I.R. 64,1900.0,1900.0,1900.0,Rs./Quintal,Non-FAQ
Mungeli APMC,0.6,Metric Tonnes,Sugandha,2220.0,2240.0,2230.0,Rs./Quintal,Non-FAQ
Mungeli APMC,0.1,Metric Tonnes,Basmati 1509,2170.0,2170.0,2170.0,Rs./Quintal,FAQ
Mungeli APMC,0.7,Metric Tonnes,Mahamaya,2536.0,2536.0,2536.0,Rs./Quintal,FAQ
Narharpur APMC,30.0,Metric Tonnes,I.R. 64,1900.0,1900.0,1900.0,Rs./Quintal,Non-FAQ
Navapara APMC,5.3,Metric Tonnes,Samba Masuri,3152.0,3288.0,3280.0,Rs./Quintal,FAQ
Navapara APMC,33.8,Metric Tonnes,MTU-1010,2320.0,2356.0,2340.0,Rs./Quintal,Non-FAQ
Navapara APMC,3.7,Metric Tonnes,D.B.,2218.0,2322.0,2300.0,Rs./Quintal,Non-FAQ
Navapara APMC,4.8,Metric Tonnes,Mahamaya,2322.0,2330.0,2322.0,Rs./Quintal,Non-FAQ
Navapara APMC,8.4,Metric Tonnes,RB Gold,2806.0,3135.0,2910.0,Rs./Quintal,FAQ
Navapara APMC,15.7,Metric Tonnes,Om 3,2812.0,3128.0,3100.0,Rs./Quintal,FAQ
Neora APMC,2.0,Metric Tonnes,Mahamaya,1830.0,1830.0,1830.0,Rs./Quintal,Non-FAQ
Pakhanjur APMC,12.0,Metric Tonnes,Paddy Coarse,2000.0,2000.0,2000.0,Rs./Quintal,Non-FAQ
Pendraroad APMC,162.0,Metric Tonnes,Khadwan,1700.0,1730.0,1700.0,Rs./Quintal,FAQ
Pithoura APMC,160.0,Metric Tonnes,MTU-1010,2000.0,2000.0,2000.0,Rs./Quintal,Non-FAQ
Pithoura APMC,300.0,Metric Tonnes,1001,1800.0,1800.0,1800.0,Rs./Quintal,Non-FAQ
Raigarh APMC,40.0,Metric Tonnes,MTU-1010,1900.0,1900.0,1900.0,Rs./Quintal,Non-FAQ
Raipur APMC,10.0,Metric Tonnes,MTU-1010,2150.0,2150.0,2150.0,Rs./Quintal,Non-FAQ
Sakra APMC,46.7,Metric Tonnes,1001,1900.0,1950.0,1950.0,Rs./Quintal,Non-FAQ
Sambalpur APMC,3.6,Metric Tonnes,I.R. 64,1900.0,1900.0,1900.0,Rs./Quintal,Non-FAQ
Sarangarh APMC,10.0,Metric Tonnes,MTU-1010,1920.0,1920.0,1920.0,Rs./Quintal,Non-FAQ
Sarona APMC,23.3,Metric Tonnes,1001,1800.0,1800.0,1800.0,Rs./Quintal,Non-FAQ
Total,2499.7,Metric Tonnes,,,,2112.27,Rs./Quintal,
State/UT Name : Gujarat
Ahwa-Dang APMC,3.5,Metric Tonnes,Paddy,2350.0,2450.0,2400.0,Rs./Quintal,Non-FAQ
Davgadbaria(Piplod) APMC,0.5,Metric Tonnes,Common,1300.0,1420.0,1390.0,Rs./Quintal,Non-FAQ
Dehgam APMC,0.8,Metric Tonnes,Other,2200.0,2700.0,2450.0,Rs./Quintal,FAQ
Dehgam(Rekhiyal) APMC,2.0,Metric Tonnes,Other,2175.0,2600.0,2387.0,Rs./Quintal,FAQ
Devgadhbaria APMC,0.5,Metric Tonnes,Common,1300.0,1420.0,1400.0,Rs./Quintal,Non-FAQ
Khambhat(Grain Market) APMC,0.010000000000000002,Metric Tonnes,Paddy,2750.0,3725.0,3250.0,Rs./Quintal,Local
Mandvi APMC,0.9800000000000001,Metric Tonnes,Other,1900.0,2000.0,1950.0,Rs./Quintal,Non-FAQ
Morva Hafad APMC,1.0,Metric Tonnes,Paddy,1500.0,2650.0,2075.0,Rs./Quintal,Local
Total,9.29,Metric Tonnes,,,,2211.79,Rs./Quintal,
State/UT Name : Karnataka
Bailahongal APMC,14.0,Metric Tonnes,Paddy,2400.0,2800.0,2600.0,Rs./Quintal,Local
Belur APMC,24.0,Metric Tonnes,Paddy,2600.0,5300.0,2600.0,Rs./Quintal,FAQ
Chamarajanagar APMC,32.0,Metric Tonnes,Paddy Medium,2000.0,2000.0,2000.0,Rs./Quintal,Local
Davangere APMC,22.6,Metric Tonnes,Paddy Medium,2000.0,2000.0,2000.0,Rs./Quintal,Local
Gangavathi APMC,191.60000000000002,Metric Tonnes,Sona Masuri (OLD),3400.0,3867.0,3620.0,Rs./Quintal,Non-FAQ
Gangavathi APMC,8.1,Metric Tonnes,Paddy RNR new,3333.0,3333.0,3333.0,Rs./Quintal,Non-FAQ
Gangavathi APMC,32.5,Metric Tonnes,Paddy RNR Old,3947.0,3947.0,3947.0,Rs./Quintal,Non-FAQ
Haliyala APMC,14.0,Metric Tonnes,Paddy Medium,2750.0,2750.0,2750.0,Rs./Quintal,Local
Hanagal APMC,179.0,Metric Tonnes,Paddy,2700.0,2800.0,2800.0,Rs./Quintal,FAQ
Harihara APMC,63.7,Metric Tonnes,Paddy RNR new,2400.0,24000.0,24000.0,Rs./Quintal,Non-FAQ
Hunsur APMC,126.5,Metric Tonnes,Paddy,2800.0,2989.0,2989.0,Rs./Quintal,Local
K.R.Nagar APMC,32.0,Metric Tonnes,Paddy Dappa,2600.0,2600.0,2600.0,Rs./Quintal,FAQ
Kampli APMC,35.6,Metric Tonnes,Paddy,2600.0,2600.0,2600.0,Rs./Quintal,Local
Karatagi APMC,78.30000000000001,Metric Tonnes,Paddy RNR Old,3900.0,4030.0,3985.0,Rs./Quintal,FAQ
Karatagi APMC,32.300000000000004,Metric Tonnes,Sona Masuri New,3000.0,3000.0,3000.0,Rs./Quintal,Non-FAQ
Karatagi APMC,145.0,Metric Tonnes,Kaveri Sona,2510.0,2540.0,2520.0,Rs./Quintal,Non-FAQ
Karatagi APMC,56.900000000000006,Metric Tonnes,Paddy RNR new,3600.0,3600.0,3600.0,Rs./Quintal,Non-FAQ
Kollegal APMC,22.900000000000002,Metric Tonnes,Paddy Medium,3500.0,3500.0,3500.0,Rs./Quintal,Non-FAQ
Maddur APMC,2.3000000000000003,Metric Tonnes,Paddy,2370.0,2370.0,2370.0,Rs./Quintal,Local
Malavalli APMC,18.5,Metric Tonnes,Paddy,2000.0,2200.0,2200.0,Rs./Quintal,FAQ
Mandya APMC,280.0,Metric Tonnes,Jaya,2100.0,2100.0,2100.0,Rs./Quintal,Local
Manvi APMC,43.400000000000006,Metric Tonnes,Sona Masuri (OLD),3480.0,3500.0,3482.0,Rs./Quintal,Non-FAQ
Raichur APMC,7.6000000000000005,Metric Tonnes,Sona Mahsuri,3109.0,3200.0,3179.0,Rs./Quintal,FAQ
SIRGUPPA APMC,355.40000000000003,Metric Tonnes,Paddy RNR Old,3150.0,4200.0,3400.0,Rs./Quintal,Local
SIRGUPPA APMC,344.0,Metric Tonnes,Kaveri Sona,2000.0,2000.0,2000.0,Rs./Quintal,Local
Shikaripura APMC,45.300000000000004,Metric Tonnes,Paddy,3119.0,3119.0,3119.0,Rs./Quintal,FAQ
Sindhanur APMC,7.5,Metric Tonnes,Paddy RNR new,2600.0,2600.0,2600.0,Rs./Quintal,FAQ
Sindhanur APMC,750.0,Metric Tonnes,Paddy RNR Old,2800.0,4250.0,3100.0,Rs./Quintal,FAQ
Srirangapattana APMC,90.0,Metric Tonnes,Jaya,1800.0,1800.0,1800.0,Rs./Quintal,Local
T. Narasipura APMC,86.10000000000001,Metric Tonnes,Paddy,3500.0,3500.0,3500.0,Rs./Quintal,Non-FAQ
Tumakuru APMC,816.3000000000001,Metric Tonnes,Sona,2100.0,3300.0,2600.0,Rs./Quintal,Local
Total,3957.4,Metric Tonnes,,,,3162.65,Rs./Quintal,
State/UT Name : Keralam
Pulpally Market,2.0,Metric Tonnes,Other,3120.0,3140.0,3130.0,Rs./Quintal,Local
Total,2.0,Metric Tonnes,,,,3130.0,Rs./Quintal,
State/UT Name : Madhya Pradesh
Ashoknagar APMC,0.147,Metric Tonnes,Dhan,3300.0,3300.0,3300.0,Rs./Quintal,FAQ
Bhitarwar APMC,36.82,Metric Tonnes,Dhan,3200.0,3250.0,3250.0,Rs./Quintal,Non-FAQ
Chhindwara APMC,28.5,Metric Tonnes,Dhan,2180.0,2180.0,2180.0,Rs./Quintal,FAQ
Dabra APMC,1.03,Metric Tonnes,Basmati 1509,3100.0,3100.0,3100.0,Rs./Quintal,FAQ
Dindori APMC,173.20000000000002,Metric Tonnes,Other,2000.0,2375.0,2100.0,Rs./Quintal,Non-FAQ
Dindori APMC,7.1000000000000005,Metric Tonnes,Dhan,2200.0,2300.0,2300.0,Rs./Quintal,Non-FAQ
Gorakhpur APMC,5.0,Metric Tonnes,Common,2190.0,2190.0,2190.0,Rs./Quintal,FAQ
Gorakhpur APMC,6.0,Metric Tonnes,Common,2200.0,2200.0,2200.0,Rs./Quintal,Non-FAQ
Gorakhpur APMC,213.20000000000002,Metric Tonnes,Paddy,1885.0,2115.0,2000.0,Rs./Quintal,FAQ
Katni APMC,48.129000000000005,Metric Tonnes,Dhan,1941.0,2411.0,2393.0,Rs./Quintal,Non-FAQ
Krishi Upaj Mandi Samiti Bichhiya,143.67100000000002,Metric Tonnes,Dhan,2275.0,2366.0,2335.0,Rs./Quintal,Non-FAQ
Krishi Upaj Mandi Samiti Bichhiya,54.0,Metric Tonnes,Common,2150.0,2160.0,2150.0,Rs./Quintal,Non-FAQ
Paatan APMC,11.8,Metric Tonnes,Paddy,2800.0,2800.0,2800.0,Rs./Quintal,FAQ
Pipariya APMC,49.56,Metric Tonnes,Kranti,1744.0,1855.0,1855.0,Rs./Quintal,FAQ
Semriharchand APMC,40.0,Metric Tonnes,Paddy,2130.0,2130.0,2130.0,Rs./Quintal,FAQ
Shahdol APMC,15.0,Metric Tonnes,Dhan,1800.0,1800.0,1800.0,Rs./Quintal,Non-FAQ
Shahdol APMC,15.0,Metric Tonnes,Paddy,1800.0,1800.0,1800.0,Rs./Quintal,Non-FAQ
Shahpura Bhitoni (F&V) APMC,30.0,Metric Tonnes,Paddy,2000.0,2000.0,2000.0,Rs./Quintal,FAQ
Shamshabad APMC,26.6,Metric Tonnes,Paddy,1800.0,1850.0,1850.0,Rs./Quintal,Non-FAQ
Sidhi APMC,10.165000000000001,Metric Tonnes,Dhan,1890.0,1895.0,1895.0,Rs./Quintal,Non-FAQ
Total,914.92,Metric Tonnes,,,,2159.16,Rs./Quintal,
State/UT Name : Maharashtra
APMC Brahmpuri ,15.6,Metric Tonnes,Other,3000.0,3100.0,3050.0,Rs./Quintal,FAQ
APMC Chamorshi ,10.7,Metric Tonnes,Other,2900.0,3150.0,3062.0,Rs./Quintal,FAQ
APMC Gondpimpri ,21.0,Metric Tonnes,Other,3650.0,3750.0,3700.0,Rs./Quintal,FAQ
APMC Mul ,24.6,Metric Tonnes,Other,3600.0,3880.0,3750.0,Rs./Quintal,FAQ
APMC Nagbhid ,7.5,Metric Tonnes,Other,2700.0,2700.0,2700.0,Rs./Quintal,FAQ
APMC Savali ,22.6,Metric Tonnes,Other,3680.0,3960.0,3820.0,Rs./Quintal,FAQ
Armori(Desaiganj) ,33.9,Metric Tonnes,Other,2600.0,3700.0,3264.0,Rs./Quintal,FAQ
Armori(Desaiganj) ,14.4,Metric Tonnes,Other,2000.0,2250.0,2109.0,Rs./Quintal,Non-FAQ
Total,150.3,Metric Tonnes,,,,3312.67,Rs./Quintal,
State/UT Name : NCT of Delhi
APMC Narela,150.20000000000002,Metric Tonnes,Paddy,3400.0,4050.0,3725.0,Rs./Quintal,FAQ
Total,150.2,Metric Tonnes,,,,3725.0,Rs./Quintal,
State/UT Name : Odisha
Karanjia APMC,0.4,Metric Tonnes,Other,2369.0,2369.0,2369.0,Rs./Quintal,FAQ
Total,0.4,Metric Tonnes,,,,2369.0,Rs./Quintal,
State/UT Name : Rajasthan
Hanumangarh APMC,24.0,Metric Tonnes,Paddy,2321.0,2321.0,2321.0,Rs./Quintal,Non-FAQ
Total,24.0,Metric Tonnes,,,,2321.0,Rs./Quintal,
State/UT Name : Telangana
Alampur APMC,125.0,Metric Tonnes,Common,2000.0,2400.0,2300.0,Rs./Quintal,Local
Bhadrachalam APMC,0.001,Metric Tonnes,Samba Masuri,2389.0,2389.0,2389.0,Rs./Quintal,FAQ
Dammapet APMC,6.2,Metric Tonnes,1001,2409.0,2409.0,2409.0,Rs./Quintal,FAQ
Gajwel APMC,4.5,Metric Tonnes,1001,2400.0,2400.0,2400.0,Rs./Quintal,Local
Gangadhara APMC,0.001,Metric Tonnes,I.R. 64,2369.0,2369.0,2369.0,Rs./Quintal,FAQ
Huzurnagar APMC,16.0,Metric Tonnes,B P T,2500.0,2500.0,2500.0,Rs./Quintal,Local
Jangaon APMC,5.915,Metric Tonnes,I.R. 64,2009.63,2039.63,2039.63,Rs./Quintal,Local
Neredcherla APMC,130.0,Metric Tonnes,B P T,2450.0,2450.0,2450.0,Rs./Quintal,Local
Sattupally APMC,60.0,Metric Tonnes,Samba Masuri,2300.0,2369.0,2350.0,Rs./Quintal,Non-FAQ
Suryapeta APMC,15.600000000000001,Metric Tonnes,Other,2689.0,3988.0,3789.0,Rs./Quintal,Local
Suryapeta APMC,13.100000000000001,Metric Tonnes,B P T,3039.0,3839.0,3698.0,Rs./Quintal,Local
Suryapeta APMC,1.5,Metric Tonnes,I.R.-64,2189.0,2229.0,2229.0,Rs./Quintal,Local
Suryapeta APMC,1.7000000000000002,Metric Tonnes,HMT,4009.0,4009.0,4009.0,Rs./Quintal,Local
Tirumalagiri APMC,5.5,Metric Tonnes,I.R. 64,2219.0,2280.0,2280.0,Rs./Quintal,FAQ
Tirumalagiri APMC,0.5,Metric Tonnes,B P T,3270.0,3270.0,3270.0,Rs./Quintal,FAQ
V.Saidapur APMC,0.1,Metric Tonnes,MTU-1010,2389.0,2389.0,2389.0,Rs./Quintal,FAQ
V.Saidapur APMC,0.1,Metric Tonnes,1001,2369.0,2369.0,2369.0,Rs./Quintal,Non-FAQ
Total,385.72,Metric Tonnes,,,,2481.53,Rs./Quintal,
State/UT Name : Uttar Pradesh
Akbarpur APMC,1.2,Metric Tonnes,Common,2000.0,2000.0,2000.0,Rs./Quintal,FAQ
Anoop Shahar APMC,9.289,Metric Tonnes,Other,3800.0,3800.0,3800.0,Rs./Quintal,FAQ
Azamgarh APMC,4.0,Metric Tonnes,Common,2200.0,2200.0,2200.0,Rs./Quintal,FAQ
Bachranwa APMC,10.2,Metric Tonnes,Common,2451.0,2451.0,2451.0,Rs./Quintal,FAQ
Bahraich APMC,308.1,Metric Tonnes,Common,2000.0,2000.0,2000.0,Rs./Quintal,FAQ
Bahraich APMC,65.2,Metric Tonnes,Other,2000.0,2000.0,2000.0,Rs./Quintal,FAQ
Balrampur APMC,13.0,Metric Tonnes,Common,2000.0,2000.0,2000.0,Rs./Quintal,FAQ
Bansi APMC,17.0,Metric Tonnes,Common,2400.0,2400.0,2400.0,Rs./Quintal,FAQ
Banthara APMC,62.86,Metric Tonnes,Common,2100.0,3150.0,3114.54,Rs./Quintal,FAQ
Barabanki APMC,37.5,Metric Tonnes,Common,2000.0,2000.0,2000.0,Rs./Quintal,FAQ
Basti APMC,33.5,Metric Tonnes,Common,2500.0,2500.0,2500.0,Rs./Quintal,FAQ
Bhehjoi APMC,205.9,Metric Tonnes,Other,2400.0,2500.0,2444.78,Rs./Quintal,FAQ
Bilaspur APMC,1378.15,Metric Tonnes,Other,1500.0,1505.0,1502.23,Rs./Quintal,FAQ
Bilaspur APMC,1431.44,Metric Tonnes,Common,1500.0,2600.0,1505.76,Rs./Quintal,FAQ
Bishalpur APMC,25.0,Metric Tonnes,Common,1800.0,1800.0,1800.0,Rs./Quintal,FAQ
Buland Shahr APMC,4.366,Metric Tonnes,Basmati,3200.0,3200.0,3200.0,Rs./Quintal,FAQ
Buland Shahr APMC,43.915,Metric Tonnes,Other,3501.0,3761.0,3624.96,Rs./Quintal,FAQ
Doharighat APMC,24.72,Metric Tonnes,Common,2800.0,2800.0,2800.0,Rs./Quintal,FAQ
Etah APMC,36.754,Metric Tonnes,Basmati,2700.0,2700.0,2700.0,Rs./Quintal,FAQ
Gangoh APMC,103.75,Metric Tonnes,Basmati,3000.0,3850.0,3548.82,Rs./Quintal,FAQ
Gangoh APMC,20.185,Metric Tonnes,Other,3070.0,3700.0,3544.47,Rs./Quintal,FAQ
Golagokarnath APMC,11.0,Metric Tonnes,Common,1710.0,1710.0,1710.0,Rs./Quintal,FAQ
Haathras APMC,3.8,Metric Tonnes,Basmati,3300.0,3300.0,3300.0,Rs./Quintal,FAQ
Hapur APMC,79.2,Metric Tonnes,Basmati,2800.0,3851.0,3528.01,Rs./Quintal,FAQ
Jahangirabad APMC,9.811,Metric Tonnes,Basmati,3501.0,3701.0,3565.31,Rs./Quintal,FAQ
Jahangirabad APMC,22.074,Metric Tonnes,Other,3501.0,3743.0,3635.38,Rs./Quintal,FAQ
Kosikalan APMC,68.615,Metric Tonnes,Basmati,3000.0,3851.0,3600.13,Rs./Quintal,FAQ
Kosikalan APMC,47.7,Metric Tonnes,Other,3000.0,3777.3,3715.25,Rs./Quintal,FAQ
Lalganj APMC,22.5,Metric Tonnes,Common,2700.0,3000.0,2740.0,Rs./Quintal,FAQ
Lediyari APMC,21.0,Metric Tonnes,Paddy,2000.0,2380.0,2369.0,Rs./Quintal,FAQ
Lucknow APMC,13.4,Metric Tonnes,Common,2100.0,2150.0,2125.0,Rs./Quintal,FAQ
Madhoganj APMC,260.0,Metric Tonnes,Common,2000.0,2000.0,2000.0,Rs./Quintal,FAQ
Mehmoodabad APMC,13.0,Metric Tonnes,Paddy fine,2150.0,2250.0,2203.85,Rs./Quintal,FAQ
Mehmoodabad APMC,14.61,Metric Tonnes,Other,2200.0,2220.0,2209.32,Rs./Quintal,FAQ
Mohamadabad APMC,4.5,Metric Tonnes,Basmati,2000.0,2000.0,2000.0,Rs./Quintal,FAQ
Mohammdi APMC,70.25,Metric Tonnes,Common,1805.0,1820.0,1810.66,Rs./Quintal,FAQ
Mugrabaadshahpur APMC,118.864,Metric Tonnes,Common,2150.0,2200.0,2199.53,Rs./Quintal,FAQ
Powayan APMC,227.415,Metric Tonnes,Common,1850.0,2000.0,1911.65,Rs./Quintal,FAQ
Pukharayan APMC,3.5,Metric Tonnes,Basmati,2700.0,2700.0,2700.0,Rs./Quintal,FAQ
Puranpur APMC,2.8,Metric Tonnes,Other,2500.0,2500.0,2500.0,Rs./Quintal,FAQ
Raibareilly APMC,45.62,Metric Tonnes,Common,2400.0,3225.0,2761.32,Rs./Quintal,FAQ
Risia APMC,21.0,Metric Tonnes,Common,3000.0,3000.0,3000.0,Rs./Quintal,FAQ
Safdarganj APMC,14.7,Metric Tonnes,Common,2450.0,2450.0,2450.0,Rs./Quintal,FAQ
Salon APMC,6.0,Metric Tonnes,Common,2025.0,2025.0,2025.0,Rs./Quintal,FAQ
Sambhal APMC,155.948,Metric Tonnes,Other,2855.0,3030.0,2927.88,Rs./Quintal,FAQ
Shahjahanpur APMC,21.6,Metric Tonnes,Other,2000.0,2000.0,2000.0,Rs./Quintal,FAQ
Sitapur APMC,28.8,Metric Tonnes,Other,2040.0,2045.0,2041.65,Rs./Quintal,FAQ
Sitapur APMC,3.28,Metric Tonnes,Samba Masuri,2850.0,2850.0,2850.0,Rs./Quintal,FAQ
Sitapur APMC,18.348,Metric Tonnes,Common,2025.0,2031.0,2029.42,Rs./Quintal,FAQ
Sultanpur APMC,58.765,Metric Tonnes,Common,2050.0,2970.0,2488.77,Rs./Quintal,FAQ
Sultanpur APMC,33.0,Metric Tonnes,Other,2200.0,2200.0,2200.0,Rs./Quintal,FAQ
Tilhar APMC,0.6,Metric Tonnes,Common,1700.0,1700.0,1700.0,Rs./Quintal,FAQ
Tulsipur APMC,14.5,Metric Tonnes,Common,1900.0,1900.0,1900.0,Rs./Quintal,FAQ
Unnao APMC,5.7,Metric Tonnes,Other,2600.0,2600.0,2600.0,Rs./Quintal,FAQ
Yusufpur APMC,56.835,Metric Tonnes,Common,2900.0,2900.0,2900.0,Rs./Quintal,FAQ
Total,5334.76,Metric Tonnes,,,,1965.24,Rs./Quintal,
State/UT Name : Uttarakhand
Gadarpur APMC,10.5,Metric Tonnes,Other,1900.0,1900.0,1900.0,Rs./Quintal,Local
Total,10.5,Metric Tonnes,,,,1900.0,Rs./Quintal,
State/UT Name : West Bengal
Bankura Sadar APMC,3.25,Metric Tonnes,Common,2000.0,2400.0,2369.0,Rs./Quintal,FAQ
Birbhum APMC,62.0,Metric Tonnes,Common,2371.0,2373.0,2372.0,Rs./Quintal,FAQ
Bolpur APMC,63.0,Metric Tonnes,Common,2371.0,2373.0,2372.0,Rs./Quintal,FAQ
Ghatal APMC,13.200000000000001,Metric Tonnes,Common,2445.0,2460.0,2450.0,Rs./Quintal,FAQ
Indus(Bankura Sadar) APMC,2.8000000000000003,Metric Tonnes,Common,1980.0,2400.0,2369.0,Rs./Quintal,FAQ
Jangipur APMC,28.25,Metric Tonnes,I.R. 36,2400.0,2500.0,2450.0,Rs./Quintal,FAQ
Khatra APMC,1.5,Metric Tonnes,Swarna Masuri (New),2300.0,2389.0,2369.0,Rs./Quintal,FAQ
Sainthia APMC,60.0,Metric Tonnes,Common,2371.0,2373.0,2372.0,Rs./Quintal,FAQ
Total,234.0,Metric Tonnes,,,,2385.72,Rs./Quintal,
Grand Total,14527.3,Metric Tonnes,,,,2411.29,Rs./Quintal,
Rice
State/UT Name : Andhra Pradesh
Narasaraopet APMC,0.1,Metric Tonnes,B P T,6000.0,6000.0,6000.0,Rs./Quintal,FAQ
Tiruvuru APMC,50.0,Metric Tonnes,Sona,4900.0,4900.0,4900.0,Rs./Quintal,Local
Visakhapatnam APMC,0.1,Metric Tonnes,B P T,6300.0,6300.0,6300.0,Rs./Quintal,Grade Range-1
Total,50.2,Metric Tonnes,,,,4904.98,Rs./Quintal,
State/UT Name : Assam
Fancy Bazaar APMC,75.0,Metric Tonnes,Super Fine,7000.0,18500.0,13200.0,Rs./Quintal,FAQ
Fancy Bazaar APMC,75.0,Metric Tonnes,Common,3300.0,3580.0,3340.0,Rs./Quintal,FAQ
Fancy Bazaar APMC,80.0,Metric Tonnes,Fine,3400.0,10000.0,7500.0,Rs./Quintal,FAQ
Total,230.0,Metric Tonnes,,,,8002.17,Rs./Quintal,
State/UT Name : Karnataka
Arakalgud APMC,12.0,Metric Tonnes,Coarse,3000.0,3000.0,3000.0,Rs./Quintal,Medium
Belur APMC,10.0,Metric Tonnes,Coarse,2820.0,2820.0,2820.0,Rs./Quintal,Medium
Bengaluru APMC,1476.1000000000001,Metric Tonnes,Dappa,3000.0,3100.0,3050.0,Rs./Quintal,Medium
Bengaluru APMC,1968.1000000000001,Metric Tonnes,Fine,6000.0,7000.0,6500.0,Rs./Quintal,Medium
Bengaluru APMC,1476.1000000000001,Metric Tonnes,Medium,5500.0,6000.0,5750.0,Rs./Quintal,Medium
Bidar APMC,3.0,Metric Tonnes,Broken Rice,2300.0,4000.0,3500.0,Rs./Quintal,Small
Bidar APMC,10.0,Metric Tonnes,CR 1009 (Coarse) Boiled,4500.0,5500.0,4500.0,Rs./Quintal,Small
Davangere APMC,192.8,Metric Tonnes,Medium,2400.0,2900.0,2679.0,Rs./Quintal,Local
Gangavathi APMC,230.0,Metric Tonnes,Other,2300.0,2650.0,2600.0,Rs./Quintal,Small
Gangavathi APMC,177.70000000000002,Metric Tonnes,Broken Rice,2080.0,2650.0,2500.0,Rs./Quintal,Small
Hanagal APMC,8.200000000000001,Metric Tonnes,Broken Rice,2410.0,2410.0,2410.0,Rs./Quintal,Medium
Haveri APMC,20.1,Metric Tonnes,Coarse,2510.0,2510.0,2510.0,Rs./Quintal,Large
Honnali APMC,15.0,Metric Tonnes,I.R.-64,2600.0,2600.0,2600.0,Rs./Quintal,Medium
K.R.Nagar APMC,100.0,Metric Tonnes,Dappa,2500.0,2500.0,2500.0,Rs./Quintal,Medium
Kalaburagi APMC,2.0,Metric Tonnes,Broken Rice,2350.0,3600.0,2550.0,Rs./Quintal,Local
Kalaburagi APMC,2.5,Metric Tonnes,Fine,4150.0,5450.0,4500.0,Rs./Quintal,Local
Kalaburagi APMC,1.5,Metric Tonnes,Coarse,3450.0,4250.0,3850.0,Rs./Quintal,Local
Kampli APMC,15.5,Metric Tonnes,Medium,5500.0,5500.0,5500.0,Rs./Quintal,Local
Karatagi APMC,20.8,Metric Tonnes,Sona Masuri (OLD),5950.0,5950.0,5950.0,Rs./Quintal,Small
Mandya APMC,175.0,Metric Tonnes,Broken Rice,2200.0,2220.0,2200.0,Rs./Quintal,Local
Mandya APMC,1300.0,Metric Tonnes,Jaya,2830.0,2860.0,2855.0,Rs./Quintal,Local
Mysuru APMC,6.7,Metric Tonnes,Fine,9291.0,9291.0,9291.0,Rs./Quintal,Local
Shimoga APMC,30.0,Metric Tonnes,Dappa,2600.0,2600.0,2600.0,Rs./Quintal,Large
Shimoga APMC,2.1,Metric Tonnes,Fine,9500.0,9500.0,9500.0,Rs./Quintal,Small
Sindhanur APMC,17.8,Metric Tonnes,Medium,4000.0,5600.0,4000.0,Rs./Quintal,FAQ
Sorabha APMC,28.6,Metric Tonnes,Fine,1985.0,2500.0,2394.0,Rs./Quintal,Local
T. Narasipura APMC,12.0,Metric Tonnes,Other,2600.0,2600.0,2600.0,Rs./Quintal,Small
Tumakuru APMC,13.0,Metric Tonnes,Other,4500.0,7100.0,5300.0,Rs./Quintal,Local
Vijayapura APMC,35.9,Metric Tonnes,Other,4930.0,7000.0,5460.0,Rs./Quintal,Local
Total,7362.5,Metric Tonnes,,,,4447.35,Rs./Quintal,
State/UT Name : Maharashtra
APMC  VASAI,36.5,Metric Tonnes,1009 Kar,2980.0,4850.0,3425.0,Rs./Quintal,Local
APMC Alibagh ,1.0,Metric Tonnes,Other,4000.0,4500.0,4250.0,Rs./Quintal,Local
APMC Karjat(Raigad) ,14.5,Metric Tonnes,Other,3700.0,5500.0,4800.0,Rs./Quintal,Local
APMC Mangaon ,6.9,Metric Tonnes,Other,1900.0,4800.0,3800.0,Rs./Quintal,Local
APMC Murud ,1.0,Metric Tonnes,Other,4000.0,4500.0,4250.0,Rs./Quintal,Local
APMC Nagpur ,0.6,Metric Tonnes,Other,6200.0,6500.0,6425.0,Rs./Quintal,Local
APMC Palghar ,26.0,Metric Tonnes,1009 Kar,5151.0,5151.0,5151.0,Rs./Quintal,Local
APMC Pune ,56.1,Metric Tonnes,Other,4500.0,7600.0,6050.0,Rs./Quintal,Local
APMC Solapur ,80.3,Metric Tonnes,Other,3580.0,7355.0,4165.0,Rs./Quintal,Local
Total,222.9,Metric Tonnes,,,,4670.11,Rs./Quintal,
State/UT Name : Odisha
Bolangir APMC,6.0,Metric Tonnes,Suvarna Best,3600.0,4000.0,3800.0,Rs./Quintal,Local
Karanjia APMC,0.5,Metric Tonnes,Other,3600.0,3700.0,3700.0,Rs./Quintal,FAQ
Karanjia APMC,0.4,Metric Tonnes,Common,3500.0,3600.0,3600.0,Rs./Quintal,FAQ
Tusura APMC,6.0,Metric Tonnes,Boiled Rice,3600.0,4000.0,3800.0,Rs./Quintal,Local
Total,12.9,Metric Tonnes,,,,3789.92,Rs./Quintal,
State/UT Name : Tripura
Bishalgarh APMC,0.4,Metric Tonnes,Fine,4300.0,4500.0,4400.0,Rs./Quintal,Local
Bishalgarh APMC,0.4,Metric Tonnes,Masuri,3700.0,3900.0,3800.0,Rs./Quintal,Local
Dasda APMC,0.30000000000000004,Metric Tonnes,Other,3250.0,3350.0,3300.0,Rs./Quintal,FAQ
Jampuijala APMC,0.1,Metric Tonnes,Fine,4000.0,4400.0,4200.0,Rs./Quintal,Grade Range-1
Masli,0.2,Metric Tonnes,1009 Kar,3200.0,4000.0,3500.0,Rs./Quintal,Local
Total,1.4,Metric Tonnes,,,,3850.0,Rs./Quintal,
State/UT Name : Uttar Pradesh
Agra APMC,11.9,Metric Tonnes,Other,5038.48,5038.48,5038.48,Rs./Quintal,FAQ
Agra APMC,39.0,Metric Tonnes,Common,3351.0,4000.0,3523.85,Rs./Quintal,FAQ
Ahirora APMC,27.52,Metric Tonnes,Common,3400.0,4600.01,4085.03,Rs./Quintal,FAQ
Akbarpur APMC,76.9,Metric Tonnes,Common,2550.0,2550.0,2550.0,Rs./Quintal,FAQ
Atarra APMC,2.0,Metric Tonnes,Common,2500.0,2500.0,2500.0,Rs./Quintal,FAQ
Ayodhya APMC,27.4,Metric Tonnes,Common,2400.0,2400.0,2400.0,Rs./Quintal,FAQ
Azamgarh APMC,62.3,Metric Tonnes,Common,2400.0,2800.0,2564.81,Rs./Quintal,FAQ
Bahraich APMC,106.76,Metric Tonnes,Common,2725.0,2750.0,2735.46,Rs./Quintal,FAQ
Bangarmau APMC,45.0,Metric Tonnes,Common,2300.0,2300.0,2300.0,Rs./Quintal,FAQ
Banthara APMC,62.4,Metric Tonnes,Common,2200.0,2600.0,2285.9,Rs./Quintal,FAQ
Barabanki APMC,8.0,Metric Tonnes,Other,2400.0,2400.0,2400.0,Rs./Quintal,FAQ
Barabanki APMC,24.475,Metric Tonnes,Common,2400.0,2410.0,2402.25,Rs./Quintal,FAQ
Baripaal APMC,15.45,Metric Tonnes,Common,2475.0,2480.0,2475.86,Rs./Quintal,FAQ
Basti APMC,46.5,Metric Tonnes,Common,2500.0,2500.0,2500.0,Rs./Quintal,FAQ
Chandausi APMC,39.32,Metric Tonnes,Common,2918.01,2918.01,2918.01,Rs./Quintal,FAQ
Devariya APMC,4.2,Metric Tonnes,Other,2400.0,2400.0,2400.0,Rs./Quintal,FAQ
Hasanpur APMC,56.86,Metric Tonnes,Other,4300.0,7066.23,5434.81,Rs./Quintal,FAQ
Jafarganj APMC,35.4,Metric Tonnes,Common,2495.0,2510.0,2501.5,Rs./Quintal,FAQ
Jangipura APMC,152.185,Metric Tonnes,Common,2400.0,4800.0,3071.38,Rs./Quintal,FAQ
Kannauj APMC,7.815,Metric Tonnes,Common,2500.0,2510.0,2503.33,Rs./Quintal,FAQ
Kanpur(Grain) APMC,0.2,Metric Tonnes,Other,15000.0,15000.0,15000.0,Rs./Quintal,FAQ
Kayamganj APMC,29.8,Metric Tonnes,Common,2700.0,2700.0,2700.0,Rs./Quintal,FAQ
Lucknow APMC,0.03,Metric Tonnes,Other,11718.0,11718.0,11718.0,Rs./Quintal,FAQ
Maudaha APMC,37.3,Metric Tonnes,Other,2500.0,2500.0,2500.0,Rs./Quintal,FAQ
Mehmoodabad APMC,12.69,Metric Tonnes,Other,2400.0,2500.0,2444.17,Rs./Quintal,FAQ
Naugarh APMC,14.6,Metric Tonnes,Common,2600.0,2600.0,2600.0,Rs./Quintal,FAQ
Nawabganj APMC,22.258,Metric Tonnes,Common,2700.0,3200.0,2916.96,Rs./Quintal,FAQ
Pratapgarh APMC,21.8,Metric Tonnes,Common,2600.0,2600.0,2600.0,Rs./Quintal,FAQ
Prayagraj APMC,40.0,Metric Tonnes,Other,3162.51,3162.51,3162.51,Rs./Quintal,FAQ
Prayagraj APMC,26.0,Metric Tonnes,Common,2400.0,2500.0,2450.0,Rs./Quintal,FAQ
Pukharayan APMC,9.22,Metric Tonnes,Common,2550.0,2550.0,2550.0,Rs./Quintal,FAQ
Raibareilly APMC,3.344,Metric Tonnes,Common,2500.0,2500.0,2500.0,Rs./Quintal,FAQ
Rudauli APMC,6.755,Metric Tonnes,Common,2200.0,2200.0,2200.0,Rs./Quintal,FAQ
Sahiyapur APMC,25.14,Metric Tonnes,Other,2550.0,2550.0,2550.0,Rs./Quintal,FAQ
Shamli APMC,77.685,Metric Tonnes,Common,3400.0,4743.19,3568.72,Rs./Quintal,FAQ
Sitapur APMC,9.0,Metric Tonnes,Common,2530.0,2610.0,2562.44,Rs./Quintal,FAQ
Sultanpur APMC,21.11,Metric Tonnes,Common,3630.0,3670.0,3642.75,Rs./Quintal,FAQ
Tanda(Rampur) APMC,34.98,Metric Tonnes,Other,8499.99,8499.99,8499.99,Rs./Quintal,FAQ
Tilhar APMC,16.606,Metric Tonnes,Common,1850.0,2000.0,1936.77,Rs./Quintal,FAQ
Unnao APMC,7.5,Metric Tonnes,Common,2470.0,2470.0,2470.0,Rs./Quintal,FAQ
Uttaripura APMC,45.81,Metric Tonnes,Common,2150.0,2150.0,2150.0,Rs./Quintal,FAQ
Vilthararoad APMC,10.4,Metric Tonnes,Common,2800.0,2800.0,2800.0,Rs./Quintal,FAQ
Yusufpur APMC,68.3,Metric Tonnes,Common,2500.0,2500.0,2500.0,Rs./Quintal,FAQ
Total,1391.91,Metric Tonnes,,,,3023.72,Rs./Quintal,
State/UT Name : Uttarakhand
Gadarpur APMC,145.1,Metric Tonnes,Other,4000.0,4000.0,4000.0,Rs./Quintal,Local
Tanakpur APMC,2.0,Metric Tonnes,Other,3000.0,3000.0,3000.0,Rs./Quintal,Local
Total,147.1,Metric Tonnes,,,,3986.4,Rs./Quintal,
State/UT Name : West Bengal
Asansol APMC,54.0,Metric Tonnes,Fine,4675.0,4850.0,4750.0,Rs./Quintal,FAQ
Balarampur APMC,1.6,Metric Tonnes,Other,3500.0,3700.0,3600.0,Rs./Quintal,FAQ
Bankura Sadar APMC,25.0,Metric Tonnes,Common,3150.0,3250.0,3200.0,Rs./Quintal,FAQ
Baruipur(Canning) APMC,4.6000000000000005,Metric Tonnes,Fine,5100.0,5300.0,5200.0,Rs./Quintal,FAQ
Baruipur(Canning) APMC,5.5,Metric Tonnes,Common,3100.0,3300.0,3200.0,Rs./Quintal,FAQ
Baxirhat APMC,15.0,Metric Tonnes,Common,4000.0,4200.0,4100.0,Rs./Quintal,FAQ
Bethuadahari APMC,10.0,Metric Tonnes,Fine,4800.0,5000.0,4900.0,Rs./Quintal,Grade Range-1
Birbhum APMC,33.0,Metric Tonnes,Common,3650.0,3750.0,3700.0,Rs./Quintal,FAQ
Bishnupur(Bankura) APMC,0.22999999999999998,Metric Tonnes,Fine,4600.0,4750.0,4700.0,Rs./Quintal,FAQ
Bishnupur(Bankura) APMC,0.31000000000000005,Metric Tonnes,Common,3600.0,3750.0,3650.0,Rs./Quintal,FAQ
Bolpur APMC,32.0,Metric Tonnes,Common,3650.0,3750.0,3700.0,Rs./Quintal,FAQ
Burdwan APMC,18.0,Metric Tonnes,Common,3300.0,3500.0,3350.0,Rs./Quintal,FAQ
Burdwan APMC,20.0,Metric Tonnes,Fine,3650.0,3800.0,3700.0,Rs./Quintal,FAQ
Champadanga APMC,3.5,Metric Tonnes,Fine,4650.0,4750.0,4700.0,Rs./Quintal,FAQ
Champadanga APMC,2.2,Metric Tonnes,Sona Mansoori Non Basmati,3300.0,3350.0,3300.0,Rs./Quintal,FAQ
Dinhata APMC,15.0,Metric Tonnes,Common,4000.0,4200.0,4100.0,Rs./Quintal,FAQ
Durgapur APMC,52.0,Metric Tonnes,Fine,4675.0,4850.0,4750.0,Rs./Quintal,FAQ
Ghatal APMC,13.0,Metric Tonnes,Masuri,3600.0,3630.0,3620.0,Rs./Quintal,FAQ
Guskara APMC,11.0,Metric Tonnes,Common,3200.0,3300.0,3250.0,Rs./Quintal,FAQ
Guskara APMC,35.5,Metric Tonnes,Fine,3800.0,3900.0,3850.0,Rs./Quintal,FAQ
Haldibari APMC,15.0,Metric Tonnes,Common,4000.0,4200.0,4100.0,Rs./Quintal,FAQ
Indus(Bankura Sadar) APMC,5.5,Metric Tonnes,Fine,4500.0,4650.0,4600.0,Rs./Quintal,FAQ
Jangipur APMC,25.28,Metric Tonnes,Common,5100.0,5300.0,5200.0,Rs./Quintal,FAQ
Kalipur APMC,12.6,Metric Tonnes,Common,3260.0,3300.0,3280.0,Rs./Quintal,FAQ
Kalipur APMC,13.8,Metric Tonnes,Fine,4600.0,4700.0,4650.0,Rs./Quintal,FAQ
Kalna APMC,10.5,Metric Tonnes,Other,3250.0,3350.0,3300.0,Rs./Quintal,FAQ
Kalna APMC,36.5,Metric Tonnes,Fine,3850.0,3950.0,3900.0,Rs./Quintal,FAQ
Kandi APMC,12.0,Metric Tonnes,Common,3500.0,3700.0,3600.0,Rs./Quintal,FAQ
Karimpur APMC,10.0,Metric Tonnes,Fine,4900.0,5100.0,5000.0,Rs./Quintal,Grade Range-1
Kasimbazar APMC,12.0,Metric Tonnes,Common,3500.0,3700.0,3600.0,Rs./Quintal,FAQ
Khatra APMC,0.36000000000000004,Metric Tonnes,Common,3600.0,3700.0,3650.0,Rs./Quintal,FAQ
Kolaghat APMC,5.0,Metric Tonnes,Fine,4200.0,4400.0,4300.0,Rs./Quintal,FAQ
Kolaghat APMC,5.0,Metric Tonnes,Common,3200.0,3400.0,3300.0,Rs./Quintal,FAQ
Lalbagh APMC,10.0,Metric Tonnes,Other,3500.0,3700.0,3600.0,Rs./Quintal,FAQ
Mathabhanga APMC,15.0,Metric Tonnes,Common,4000.0,4200.0,4100.0,Rs./Quintal,FAQ
Mekhliganj APMC,16.0,Metric Tonnes,Common,4000.0,4200.0,4100.0,Rs./Quintal,FAQ
Memari APMC,16.0,Metric Tonnes,Common,3300.0,3500.0,3350.0,Rs./Quintal,FAQ
Memari APMC,17.0,Metric Tonnes,Fine,3650.0,3800.0,3700.0,Rs./Quintal,FAQ
Pandua APMC,7.5,Metric Tonnes,Fine,4400.0,4650.0,4500.0,Rs./Quintal,FAQ
Purulia APMC,20.0,Metric Tonnes,Other,3400.0,3600.0,3500.0,Rs./Quintal,FAQ
Ranaghat APMC,10.0,Metric Tonnes,Fine,4600.0,4800.0,4700.0,Rs./Quintal,Local
Sainthia APMC,34.0,Metric Tonnes,Common,2371.0,2373.0,2372.0,Rs./Quintal,FAQ
Sheoraphuly APMC,6.0,Metric Tonnes,Masuri,3225.0,3300.0,3275.0,Rs./Quintal,FAQ
Siliguri APMC,290.0,Metric Tonnes,Fine(Basmati),5100.0,5300.0,5200.0,Rs./Quintal,FAQ
Tamluk (Medinipur E) APMC,8.0,Metric Tonnes,Common,3200.0,3400.0,3300.0,Rs./Quintal,FAQ
Tamluk (Medinipur E) APMC,8.0,Metric Tonnes,Fine,4200.0,4400.0,4300.0,Rs./Quintal,FAQ
Toofanganj APMC,15.0,Metric Tonnes,Common,4000.0,4200.0,4100.0,Rs./Quintal,FAQ
Total,987.48,Metric Tonnes,,,,4314.42,Rs./Quintal,
Grand Total,10406.39,Metric Tonnes,,,,4322.45,Rs./Quintal,
Wheat (MSP: Rs. 2585.00/Quintal)
State/UT Name : Bihar
Barbigha APMC,15.0,Metric Tonnes,147 Average,2500.0,2670.0,2580.0,Rs./Quintal,FAQ
Shekhpura APMC,12.0,Metric Tonnes,147 Average,2500.0,2670.0,2580.0,Rs./Quintal,FAQ
Total,27.0,Metric Tonnes,,,,2580.0,Rs./Quintal,
State/UT Name : Chattisgarh
Mungeli APMC,4.4,Metric Tonnes,Local,2570.0,2660.0,2620.0,Rs./Quintal,FAQ
Pathalgaon APMC,1.0,Metric Tonnes,Hybrid,2100.0,2100.0,2100.0,Rs./Quintal,Non-FAQ
Total,5.4,Metric Tonnes,,,,2523.7,Rs./Quintal,
State/UT Name : Gujarat
Dehgam APMC,5.5,Metric Tonnes,Other,2700.0,2750.0,2725.0,Rs./Quintal,FAQ
Dehgam(Rekhiyal) APMC,0.4,Metric Tonnes,Other,2675.0,2725.0,2700.0,Rs./Quintal,FAQ
Himatnagar APMC,5.1000000000000005,Metric Tonnes,Sonalika,2650.0,2895.0,2750.0,Rs./Quintal,Local
Kapadvanj APMC,12.0,Metric Tonnes,Other,2500.0,2550.0,2525.0,Rs./Quintal,Local
Khambhat(Grain Market) APMC,4.0,Metric Tonnes,Lokwan,2000.0,2625.0,2250.0,Rs./Quintal,Local
Meghraj APMC,9.0,Metric Tonnes,Other,2400.0,2450.0,2450.0,Rs./Quintal,Local
Modasa APMC,4.3,Metric Tonnes,Lokwan Gujrat,2650.0,2710.0,2710.0,Rs./Quintal,FAQ
Modasa(Tintoi) APMC,3.0,Metric Tonnes,Lokwan,2550.0,2605.0,2605.0,Rs./Quintal,FAQ
Morva Hafad APMC,0.5,Metric Tonnes,Deshi,2000.0,2500.0,2250.0,Rs./Quintal,Local
Patan APMC,16.150000000000002,Metric Tonnes,Other,2555.0,2745.0,2650.0,Rs./Quintal,FAQ
Radhanpur APMC,3.6,Metric Tonnes,Other,2475.0,2705.0,2600.0,Rs./Quintal,Local
Talod APMC,11.600000000000001,Metric Tonnes,Other,2700.0,2850.0,2775.0,Rs./Quintal,FAQ
Total,75.15,Metric Tonnes,,,,2613.21,Rs./Quintal,
State/UT Name : Karnataka
Basava Kalayana APMC,0.9,Metric Tonnes,Mexican,2490.0,2790.0,2612.0,Rs./Quintal,FAQ
Basava Kalayana APMC,0.4,Metric Tonnes,Mill Quality,4300.0,4771.0,4350.0,Rs./Quintal,Non-FAQ
Bengaluru APMC,583.6,Metric Tonnes,Local,3500.0,4500.0,4000.0,Rs./Quintal,FAQ
Davangere APMC,0.8,Metric Tonnes,Medium,2200.0,2200.0,2200.0,Rs./Quintal,Local
Dharwar APMC,1.0,Metric Tonnes,H.D.,5400.0,5400.0,5400.0,Rs./Quintal,FAQ
Gadag APMC,4.4,Metric Tonnes,White,1477.0,2867.0,2240.0,Rs./Quintal,FAQ
Jevargi APMC,20.0,Metric Tonnes,Sharbati,2600.0,2700.0,2668.0,Rs./Quintal,FAQ
Kalaburagi APMC,2.5,Metric Tonnes,Sharbati,1800.0,3500.0,2650.0,Rs./Quintal,Local
Laxmeshwar APMC,0.1,Metric Tonnes,White,4370.0,4370.0,4370.0,Rs./Quintal,Non-FAQ
Mysuru APMC,12.9,Metric Tonnes,Local,3207.0,3305.0,3207.0,Rs./Quintal,Local
Shimoga APMC,3.4000000000000004,Metric Tonnes,Medium,3686.0,3686.0,3686.0,Rs./Quintal,Local
Talikot APMC,1.1,Metric Tonnes,Local,2609.0,2609.0,2609.0,Rs./Quintal,FAQ
Vijayapura APMC,26.200000000000003,Metric Tonnes,Sona,2454.0,3650.0,3292.0,Rs./Quintal,Local
Total,657.3,Metric Tonnes,,,,3893.13,Rs./Quintal,
State/UT Name : Madhya Pradesh
A lot APMC,87.979,Metric Tonnes,Wheat,2501.0,2687.0,2687.0,Rs./Quintal,FAQ
Agar APMC,72.514,Metric Tonnes,Wheat,2467.0,2786.0,2618.0,Rs./Quintal,FAQ
Ajaygarh APMC,66.24,Metric Tonnes,Mill Quality,2570.0,2620.0,2600.0,Rs./Quintal,FAQ
Alampur APMC,26.3,Metric Tonnes,Wheat,2600.0,2650.0,2640.0,Rs./Quintal,Non-FAQ
Anuppur APMC,6.0,Metric Tonnes,Wheat,2500.0,2500.0,2500.0,Rs./Quintal,Non-FAQ
Anuppur APMC,6.0,Metric Tonnes,Wheat,2500.0,2500.0,2500.0,Rs./Quintal,FAQ
Aron APMC,7.07,Metric Tonnes,Wheat,2566.0,2709.0,2709.0,Rs./Quintal,FAQ
Ashoknagar APMC,33.702,Metric Tonnes,Wheat,2570.0,2800.0,2800.0,Rs./Quintal,FAQ
Ashta APMC,120.66600000000001,Metric Tonnes,Wheat,2625.0,4360.0,2660.0,Rs./Quintal,FAQ
Babai (Makhan Nagar) APMC,11.8,Metric Tonnes,Mill Quality,3000.0,3050.0,3050.0,Rs./Quintal,FAQ
Badamalhera APMC,563.509,Metric Tonnes,Mill Quality,2470.0,2625.0,2570.0,Rs./Quintal,Non-FAQ
Badnagar APMC,23.178,Metric Tonnes,Wheat,2201.0,2774.0,2600.0,Rs./Quintal,FAQ
Badnawar APMC,82.88400000000001,Metric Tonnes,Wheat,2405.0,2835.0,2770.0,Rs./Quintal,FAQ
Badod APMC,5.0280000000000005,Metric Tonnes,Wheat,2707.0,2712.0,2712.0,Rs./Quintal,FAQ
Badod APMC,6.800000000000001,Metric Tonnes,Wheat,2646.0,2675.0,2675.0,Rs./Quintal,Non-FAQ
Badwaha APMC,13.107,Metric Tonnes,Wheat,2600.0,2691.0,2600.0,Rs./Quintal,FAQ
Badwani APMC,16.5,Metric Tonnes,Lokwan,2325.0,2350.0,2350.0,Rs./Quintal,FAQ
Baikunthpur APMC,24.0,Metric Tonnes,Wheat,2500.0,2600.0,2600.0,Rs./Quintal,Non-FAQ
Baikunthpur APMC,112.10000000000001,Metric Tonnes,Mill Quality,2550.0,2600.0,2580.0,Rs./Quintal,Non-FAQ
Bakswaha APMC,117.226,Metric Tonnes,Mill Quality,2510.0,2530.0,2515.0,Rs./Quintal,FAQ
Banapura APMC,84.765,Metric Tonnes,Local,2711.0,2751.0,2746.0,Rs./Quintal,FAQ
Bankhedi APMC,1.26,Metric Tonnes,Mill Quality,2671.0,2671.0,2671.0,Rs./Quintal,FAQ
Bareli APMC,71.35000000000001,Metric Tonnes,Mill Quality,2700.0,2745.0,2745.0,Rs./Quintal,FAQ
Begamganj APMC,1.8600000000000003,Metric Tonnes,Wheat,2600.0,2665.0,2665.0,Rs./Quintal,FAQ
Begamganj APMC,2.4930000000000003,Metric Tonnes,Wheat,2690.0,2690.0,2690.0,Rs./Quintal,Non-FAQ
Beohari APMC,90.305,Metric Tonnes,Mill Quality,2470.0,2550.0,2500.0,Rs./Quintal,FAQ
Berasia APMC,6.484000000000001,Metric Tonnes,Mill Quality,2620.0,3605.0,2626.0,Rs./Quintal,FAQ
Berasia APMC,29.047000000000004,Metric Tonnes,Wheat,2621.0,2691.0,2682.0,Rs./Quintal,FAQ
Betul APMC,207.79000000000002,Metric Tonnes,Mill Quality,2650.0,2775.0,2708.0,Rs./Quintal,FAQ
Bhanpura APMC,7.2,Metric Tonnes,Mill Quality,2500.0,2650.0,2650.0,Rs./Quintal,FAQ
Bherunda (Nasrullaganj) APMC,47.564,Metric Tonnes,Wheat,2692.0,2860.0,2692.0,Rs./Quintal,FAQ
Bhikangaon APMC,60.902,Metric Tonnes,Wheat,2050.0,2837.0,2837.0,Rs./Quintal,FAQ
Bhikangaon APMC,49.300000000000004,Metric Tonnes,Wheat,2475.0,2550.0,2530.0,Rs./Quintal,Non-FAQ
Bhitarwar APMC,65.79,Metric Tonnes,Mill Quality,2620.0,2640.0,2625.0,Rs./Quintal,Non-FAQ
Bhopal APMC,7.745000000000001,Metric Tonnes,Wheat,2612.0,2837.0,2837.0,Rs./Quintal,FAQ
Biaora APMC,95.441,Metric Tonnes,Wheat,2620.0,2715.0,2675.0,Rs./Quintal,FAQ
Bijawar APMC,383.29600000000005,Metric Tonnes,Mill Quality,2605.0,2660.0,2620.0,Rs./Quintal,Non-FAQ
Chaakghat APMC,25.200000000000003,Metric Tonnes,Mill Quality,2545.0,2550.0,2550.0,Rs./Quintal,FAQ
Chanderi APMC,30.0,Metric Tonnes,Wheat,2625.0,2650.0,2650.0,Rs./Quintal,Non-FAQ
Chanderi APMC,70.60000000000001,Metric Tonnes,Wheat,2508.0,2586.0,2508.0,Rs./Quintal,FAQ
Chhatarpur APMC,60.7,Metric Tonnes,Mill Quality,2475.0,2475.0,2475.0,Rs./Quintal,FAQ
Dabra APMC,11.535,Metric Tonnes,Other,2660.0,2780.0,2780.0,Rs./Quintal,FAQ
Dabra APMC,30.795,Metric Tonnes,Wheat,2750.0,2800.0,2800.0,Rs./Quintal,FAQ
Daloda APMC,9.795000000000002,Metric Tonnes,Lokwan,2540.0,2774.0,2761.0,Rs./Quintal,FAQ
Daloda APMC,97.302,Metric Tonnes,Wheat,2500.0,3090.0,2800.0,Rs./Quintal,FAQ
Damoh APMC,29.749000000000002,Metric Tonnes,Wheat,2510.0,2550.0,2540.0,Rs./Quintal,Non-FAQ
Deori APMC,25.5,Metric Tonnes,Wheat,2550.0,2640.0,2640.0,Rs./Quintal,FAQ
Deori APMC,14.375,Metric Tonnes,Mill Quality,2640.0,2645.0,2645.0,Rs./Quintal,Non-FAQ
Dewas APMC,319.047,Metric Tonnes,Wheat,2250.0,3055.0,2650.0,Rs./Quintal,FAQ
Dhamnod APMC,12.046,Metric Tonnes,Wheat,2712.0,2752.0,2752.0,Rs./Quintal,FAQ
Dhar APMC,67.40700000000001,Metric Tonnes,Lokwan,2500.0,2700.0,2700.0,Rs./Quintal,FAQ
Dhar APMC,247.66500000000002,Metric Tonnes,Wheat,1800.0,3048.0,2760.0,Rs./Quintal,FAQ
Dindori APMC,119.0,Metric Tonnes,Local,2400.0,2555.0,2500.0,Rs./Quintal,Non-FAQ
Gadarwada APMC,62.19,Metric Tonnes,Mill Quality,2630.0,2722.0,2715.0,Rs./Quintal,FAQ
Gadarwada APMC,7.57,Metric Tonnes,Mill Quality,2475.0,2475.0,2475.0,Rs./Quintal,Non-FAQ
Gairatganj APMC,49.45,Metric Tonnes,Wheat,2501.0,2541.0,2541.0,Rs./Quintal,Non-FAQ
Gandhwani APMC,21.785,Metric Tonnes,Wheat,2700.0,2750.0,2750.0,Rs./Quintal,FAQ
Ganjbasoda APMC,41.544000000000004,Metric Tonnes,Sujatha,2250.0,3070.0,2680.0,Rs./Quintal,FAQ
Ganjbasoda APMC,7.720000000000001,Metric Tonnes,Malwa Shakti,2613.0,2622.0,2622.0,Rs./Quintal,FAQ
Gautampura APMC,64.065,Metric Tonnes,Wheat,2600.0,2806.0,2735.0,Rs./Quintal,FAQ
Gautampura APMC,18.0,Metric Tonnes,Mill Quality,2510.0,2510.0,2510.0,Rs./Quintal,Non-FAQ
Ghansour APMC,35.160000000000004,Metric Tonnes,Mill Quality,2400.0,2420.0,2420.0,Rs./Quintal,Non-FAQ
Gohad APMC,15.380000000000003,Metric Tonnes,Wheat,2600.0,2675.0,2675.0,Rs./Quintal,FAQ
Gorakhpur APMC,5.7,Metric Tonnes,Mill Quality,2500.0,2505.0,2505.0,Rs./Quintal,Non-FAQ
Gotegaon APMC,28.1,Metric Tonnes,Wheat,2660.0,2671.0,2671.0,Rs./Quintal,FAQ
Haatpipliya APMC,13.475000000000001,Metric Tonnes,Wheat,2651.0,2946.0,2946.0,Rs./Quintal,Non-FAQ
Hanumana APMC,31.200000000000003,Metric Tonnes,Mill Quality,2500.0,2575.0,2550.0,Rs./Quintal,FAQ
Harda APMC,102.32000000000001,Metric Tonnes,Mill Quality,2600.0,2759.0,2700.0,Rs./Quintal,FAQ
Harpalpur APMC,255.95900000000003,Metric Tonnes,Wheat,2600.0,2722.0,2700.0,Rs./Quintal,FAQ
Harsood APMC,10.055,Metric Tonnes,Mill Quality,2475.0,2500.0,2500.0,Rs./Quintal,Non-FAQ
Harsood APMC,19.778000000000002,Metric Tonnes,Wheat,2639.0,2700.0,2700.0,Rs./Quintal,FAQ
Harsood APMC,19.900000000000002,Metric Tonnes,Wheat,2275.0,2615.0,2615.0,Rs./Quintal,Non-FAQ
Hata APMC,79.57900000000001,Metric Tonnes,Wheat,2250.0,2380.0,2300.0,Rs./Quintal,Non-FAQ
Ichhawar APMC,0.557,Metric Tonnes,Wheat,2560.0,2720.0,2720.0,Rs./Quintal,FAQ
Indore APMC,122.50200000000001,Metric Tonnes,Wheat,2500.0,3012.0,2870.0,Rs./Quintal,FAQ
Itarsi APMC,78.34500000000001,Metric Tonnes,Wheat,2628.0,2712.0,2690.0,Rs./Quintal,FAQ
Jabalpur APMC,251.125,Metric Tonnes,Wheat,2200.0,2755.0,2691.0,Rs./Quintal,FAQ
Jaisinagar APMC,120.2,Metric Tonnes,Mill Quality,2505.0,2560.0,2540.0,Rs./Quintal,FAQ
Jaora APMC,622.8090000000001,Metric Tonnes,Wheat,1401.0,3200.0,2870.0,Rs./Quintal,FAQ
Javera APMC,56.878,Metric Tonnes,Mill Quality,2625.0,2625.0,2625.0,Rs./Quintal,Non-FAQ
Jawar APMC,3.8930000000000002,Metric Tonnes,Wheat,2559.0,2697.0,2616.0,Rs./Quintal,FAQ
Jeerapur APMC,12.894,Metric Tonnes,Wheat,2610.0,2655.0,2655.0,Rs./Quintal,FAQ
Jobat APMC,78.57000000000001,Metric Tonnes,Wheat,2515.0,2600.0,2550.0,Rs./Quintal,FAQ
Kailaras APMC,22.465000000000003,Metric Tonnes,Wheat,2620.0,2626.0,2621.0,Rs./Quintal,FAQ
Kalapipal APMC,0.794,Metric Tonnes,Wheat,2625.0,2725.0,2725.0,Rs./Quintal,FAQ
Kareli APMC,60.125,Metric Tonnes,Wheat,2541.0,2689.0,2686.0,Rs./Quintal,FAQ
Karera APMC,55.6,Metric Tonnes,Mill Quality,2450.0,2502.0,2455.0,Rs./Quintal,FAQ
Kasrawad APMC,301.87,Metric Tonnes,Wheat,2540.0,2850.0,2790.0,Rs./Quintal,FAQ
Katni APMC,54.1,Metric Tonnes,Wheat,2830.0,2830.0,2830.0,Rs./Quintal,FAQ
Katni APMC,475.611,Metric Tonnes,Mill Quality,2475.0,2670.0,2650.0,Rs./Quintal,FAQ
Katni APMC,407.64200000000005,Metric Tonnes,Wheat,2500.0,2693.0,2670.0,Rs./Quintal,Non-FAQ
Kesli APMC,17.7,Metric Tonnes,Wheat,2550.0,2575.0,2575.0,Rs./Quintal,FAQ
Khachrod APMC,3.8100000000000005,Metric Tonnes,Wheat,2471.0,2688.0,2688.0,Rs./Quintal,FAQ
Khandwa APMC,108.609,Metric Tonnes,Mill Quality,2600.0,2818.0,2769.0,Rs./Quintal,FAQ
Khandwa APMC,74.85000000000001,Metric Tonnes,Wheat,2650.0,2800.0,2800.0,Rs./Quintal,FAQ
Khaniadhana APMC,334.90000000000003,Metric Tonnes,Mill Quality,2400.0,2573.0,2455.0,Rs./Quintal,FAQ
Khaniadhana APMC,85.0,Metric Tonnes,Mill Quality,2472.0,2510.0,2510.0,Rs./Quintal,Non-FAQ
Khargapur APMC,962.6450000000001,Metric Tonnes,Mill Quality,2580.0,2615.0,2600.0,Rs./Quintal,FAQ
Khargone APMC,120.883,Metric Tonnes,Wheat,2550.0,2838.0,2640.0,Rs./Quintal,FAQ
Khategaon APMC,46.136,Metric Tonnes,Wheat,2551.0,2728.0,2728.0,Rs./Quintal,FAQ
Khatora APMC,11.615000000000002,Metric Tonnes,Wheat,2475.0,2630.0,2620.0,Rs./Quintal,Non-FAQ
Khatora APMC,2.5,Metric Tonnes,Wheat,2515.0,2525.0,2525.0,Rs./Quintal,FAQ
Khetia APMC,20.590000000000003,Metric Tonnes,Lokwan,2100.0,2175.0,2175.0,Rs./Quintal,FAQ
Khilchipur APMC,52.34700000000001,Metric Tonnes,Mill Quality,2628.0,2694.0,2692.0,Rs./Quintal,FAQ
Khirkiya APMC,65.307,Metric Tonnes,Mill Quality,2652.0,2718.0,2699.0,Rs./Quintal,Non-FAQ
Khujner APMC,24.480000000000004,Metric Tonnes,Wheat,2585.0,2663.0,2650.0,Rs./Quintal,FAQ
Khurai APMC,28.785000000000004,Metric Tonnes,Wheat,2500.0,2750.0,2750.0,Rs./Quintal,FAQ
Kolaras APMC,21.163,Metric Tonnes,Wheat,2610.0,2620.0,2610.0,Rs./Quintal,Non-FAQ
Krishi Upaj Mandi Samiti Bichhiya,24.917,Metric Tonnes,Wheat,2425.0,2625.0,2625.0,Rs./Quintal,Non-FAQ
Krishi Upaj Mandi Samiti Bichhiya,16.0,Metric Tonnes,Mill Quality,2400.0,2400.0,2400.0,Rs./Quintal,Non-FAQ
Krishi Upaj Mandi Samiti Bichhiya,3.04,Metric Tonnes,Mill Quality,2405.0,2405.0,2405.0,Rs./Quintal,FAQ
Kukshi APMC,152.365,Metric Tonnes,Wheat,2540.0,2700.0,2600.0,Rs./Quintal,FAQ
Kumbhraj APMC,46.221000000000004,Metric Tonnes,Wheat,2560.0,2700.0,2610.0,Rs./Quintal,FAQ
Kurawar APMC,48.979000000000006,Metric Tonnes,Wheat,2200.0,2750.0,2625.0,Rs./Quintal,FAQ
Kurwai APMC,9.0,Metric Tonnes,Wheat,2600.0,2600.0,2600.0,Rs./Quintal,Non-FAQ
Lahar APMC,24.0,Metric Tonnes,Wheat,2560.0,2656.0,2656.0,Rs./Quintal,FAQ
Lashkar APMC,12.86,Metric Tonnes,Wheat,2650.0,2695.0,2695.0,Rs./Quintal,FAQ
Lateri APMC,60.918,Metric Tonnes,Wheat,2300.0,2735.0,2735.0,Rs./Quintal,FAQ
LavKush Nagar(Laundi) APMC,7.0,Metric Tonnes,Mill Quality,2400.0,2420.0,2420.0,Rs./Quintal,Non-FAQ
Mahidpur APMC,19.223,Metric Tonnes,Wheat,2325.0,2738.0,2738.0,Rs./Quintal,FAQ
Maihar APMC,7.781000000000001,Metric Tonnes,Wheat,2600.0,2600.0,2600.0,Rs./Quintal,Non-FAQ
Maksudangarh APMC,9.520999999999999,Metric Tonnes,Wheat,2591.0,2700.0,2700.0,Rs./Quintal,FAQ
Maksudangarh APMC,21.47,Metric Tonnes,Wheat,2590.0,2620.0,2620.0,Rs./Quintal,Non-FAQ
Malthone APMC,63.0,Metric Tonnes,Wheat,2455.0,2515.0,2480.0,Rs./Quintal,FAQ
Manasa APMC,40.53,Metric Tonnes,Wheat,2581.0,2881.0,2671.0,Rs./Quintal,FAQ
Manawar APMC,241.40500000000003,Metric Tonnes,Wheat,2405.0,2725.0,2700.0,Rs./Quintal,FAQ
Mandsaur APMC,25.722000000000005,Metric Tonnes,Lokwan,2640.0,2852.0,2700.0,Rs./Quintal,Non-FAQ
Mandsaur APMC,0.363,Metric Tonnes,Lokwan,2841.0,2841.0,2841.0,Rs./Quintal,FAQ
Mandsaur APMC,3.4590000000000005,Metric Tonnes,Wheat,2640.0,2826.0,2826.0,Rs./Quintal,FAQ
Mandsaur APMC,184.13400000000001,Metric Tonnes,Wheat,1201.0,2997.0,2831.0,Rs./Quintal,Non-FAQ
Mehgaon APMC,15.0,Metric Tonnes,Wheat,2400.0,2450.0,2450.0,Rs./Quintal,FAQ
Mhow (Ambedkar Nagar) APMC,15.580000000000002,Metric Tonnes,Wheat,2651.0,2921.0,2921.0,Rs./Quintal,FAQ
Morena APMC,14.594000000000001,Metric Tonnes,Wheat,2607.0,2647.0,2642.0,Rs./Quintal,Non-FAQ
Multai APMC,31.233999999999998,Metric Tonnes,Mill Quality,2635.0,2655.0,2655.0,Rs./Quintal,FAQ
Mundi APMC,61.56100000000001,Metric Tonnes,Wheat,2575.0,2660.0,2640.0,Rs./Quintal,FAQ
Mungawali APMC,41.02,Metric Tonnes,Wheat,2550.0,2620.0,2620.0,Rs./Quintal,Non-FAQ
Nagda APMC,6.220000000000001,Metric Tonnes,Wheat,2630.0,2675.0,2675.0,Rs./Quintal,Non-FAQ
Nagda APMC,4.800000000000001,Metric Tonnes,Wheat,2645.0,2680.0,2680.0,Rs./Quintal,FAQ
Nagod APMC,315.445,Metric Tonnes,Wheat,2575.0,2631.0,2600.0,Rs./Quintal,FAQ
Nagod APMC,79.66000000000001,Metric Tonnes,Mill Quality,2535.0,2560.0,2560.0,Rs./Quintal,FAQ
Narmadapuram APMC,50.21000000000001,Metric Tonnes,Mill Quality,2590.0,2620.0,2620.0,Rs./Quintal,Non-FAQ
Narsinghgarh APMC,39.846000000000004,Metric Tonnes,Wheat,2485.0,2765.0,2730.0,Rs./Quintal,FAQ
Narsinghpur APMC,24.060000000000002,Metric Tonnes,Mill Quality,2627.0,2679.0,2671.0,Rs./Quintal,Non-FAQ
Narsinghpur APMC,13.950000000000001,Metric Tonnes,Mill Quality,2664.0,2673.0,2673.0,Rs./Quintal,FAQ
Neemuch APMC,353.137,Metric Tonnes,Wheat,2629.0,3261.0,2800.0,Rs./Quintal,FAQ
Niwadi APMC,258.91,Metric Tonnes,Mill Quality,2600.0,2670.0,2650.0,Rs./Quintal,FAQ
Niwadi APMC,269.915,Metric Tonnes,Mill Quality,2625.0,2691.0,2660.0,Rs./Quintal,Non-FAQ
Obedullaganj APMC,16.512,Metric Tonnes,Wheat,2400.0,2600.0,2570.0,Rs./Quintal,FAQ
Obedullaganj APMC,2.0500000000000003,Metric Tonnes,Malwa Shakti,2687.0,2687.0,2687.0,Rs./Quintal,FAQ
Obedullaganj APMC,14.25,Metric Tonnes,Local,2680.0,2712.0,2680.0,Rs./Quintal,FAQ
Paatan APMC,58.56,Metric Tonnes,Mill Quality,2650.0,2715.0,2695.0,Rs./Quintal,Non-FAQ
Paatan APMC,24.613,Metric Tonnes,Wheat,2365.0,2805.0,2695.0,Rs./Quintal,Non-FAQ
Paatan APMC,84.45800000000001,Metric Tonnes,Wheat,2375.0,2795.0,2700.0,Rs./Quintal,FAQ
Pachaur APMC,55.111000000000004,Metric Tonnes,Wheat,2485.0,2602.0,2545.0,Rs./Quintal,FAQ
Palari APMC,7.0,Metric Tonnes,Wheat,2500.0,2500.0,2500.0,Rs./Quintal,Non-FAQ
Palera APMC,298.6,Metric Tonnes,Mill Quality,2545.0,2590.0,2560.0,Rs./Quintal,Non-FAQ
Pandhana APMC,130.22,Metric Tonnes,Wheat,2400.0,2680.0,2665.0,Rs./Quintal,FAQ
Pandhurna APMC,10.040000000000001,Metric Tonnes,Wheat,2500.0,2600.0,2500.0,Rs./Quintal,Non-FAQ
Panna APMC,74.67,Metric Tonnes,Mill Quality,2480.0,2505.0,2500.0,Rs./Quintal,Non-FAQ
Pawai APMC,18.31,Metric Tonnes,Wheat,2535.0,2545.0,2535.0,Rs./Quintal,Non-FAQ
Petlawad APMC,104.81300000000002,Metric Tonnes,Wheat,2380.0,2600.0,2500.0,Rs./Quintal,FAQ
Pichhour APMC,225.20000000000002,Metric Tonnes,Mill Quality,2580.0,2612.0,2602.0,Rs./Quintal,Non-FAQ
Pipariya APMC,75.14,Metric Tonnes,Wheat,2200.0,2726.0,2700.0,Rs./Quintal,FAQ
Piplya APMC,11.976,Metric Tonnes,Lokwan,2660.0,2945.0,2680.0,Rs./Quintal,FAQ
Piplya APMC,28.110000000000003,Metric Tonnes,Wheat,2000.0,2852.0,2700.0,Rs./Quintal,FAQ
Piprai APMC,2.0500000000000003,Metric Tonnes,Wheat,2610.0,2610.0,2610.0,Rs./Quintal,FAQ
Rahatgarh APMC,0.759,Metric Tonnes,Mill Quality,2536.0,2631.0,2631.0,Rs./Quintal,Non-FAQ
Rajgarh APMC,92.46300000000001,Metric Tonnes,Wheat,2601.0,2800.0,2700.0,Rs./Quintal,FAQ
Ramnagar APMC,35.72,Metric Tonnes,Mill Quality,2550.0,2610.0,2610.0,Rs./Quintal,Non-FAQ
Ratlam APMC,1.423,Metric Tonnes,Local,2757.0,2777.0,2777.0,Rs./Quintal,FAQ
Ratlam APMC,8.348,Metric Tonnes,Lokwan,2790.0,2812.0,2812.0,Rs./Quintal,FAQ
Ratlam APMC,454.39200000000005,Metric Tonnes,Wheat,2576.0,3061.0,2880.0,Rs./Quintal,FAQ
Ratlam APMC,0.068,Metric Tonnes,Sharbati,2775.0,2775.0,2775.0,Rs./Quintal,FAQ
Rehati APMC,5.0,Metric Tonnes,Wheat,2550.0,2550.0,2550.0,Rs./Quintal,FAQ
Rewa APMC,370.975,Metric Tonnes,Mill Quality,2513.0,2718.0,2689.0,Rs./Quintal,FAQ
Sagar APMC,231.44400000000002,Metric Tonnes,Wheat,2405.0,2870.0,2680.0,Rs./Quintal,FAQ
Sailana APMC,35.024,Metric Tonnes,Wheat,2200.0,2951.0,2800.0,Rs./Quintal,FAQ
Sanawad APMC,47.345,Metric Tonnes,Wheat,1550.0,2764.0,2754.0,Rs./Quintal,FAQ
Sanwer APMC,20.533,Metric Tonnes,Wheat,2471.0,2796.0,2796.0,Rs./Quintal,FAQ
Sanwer APMC,35.339999999999996,Metric Tonnes,Mill Quality,2700.0,2755.0,2755.0,Rs./Quintal,FAQ
Sanwer APMC,21.450000000000003,Metric Tonnes,Wheat,2560.0,2645.0,2645.0,Rs./Quintal,Non-FAQ
Sarangpur APMC,0.808,Metric Tonnes,Wheat,2660.0,2671.0,2660.0,Rs./Quintal,Non-FAQ
Sarangpur APMC,11.850000000000001,Metric Tonnes,Mill Quality,2585.0,2600.0,2600.0,Rs./Quintal,FAQ
Satna APMC,5.7,Metric Tonnes,Mill Quality,2450.0,2500.0,2500.0,Rs./Quintal,Non-FAQ
Satna APMC,346.39300000000003,Metric Tonnes,Wheat,2040.0,2815.0,2649.0,Rs./Quintal,FAQ
Satna APMC,28.139,Metric Tonnes,Wheat,1500.0,2500.0,2500.0,Rs./Quintal,Non-FAQ
Saunsar (F&V) APMC,30.0,Metric Tonnes,Local,2300.0,2400.0,2349.0,Rs./Quintal,Local
Saunsar APMC,30.0,Metric Tonnes,Local,2300.0,2400.0,2400.0,Rs./Quintal,FAQ
Sehora APMC,194.29100000000003,Metric Tonnes,Mill Quality,2591.0,2771.0,2745.0,Rs./Quintal,FAQ
Sehore APMC,9.448,Metric Tonnes,Malwa Shakti,2725.0,2786.0,2786.0,Rs./Quintal,FAQ
Sehore APMC,7.426000000000001,Metric Tonnes,Lokwan,2808.0,2900.0,2900.0,Rs./Quintal,FAQ
Sehore APMC,25.461000000000002,Metric Tonnes,Wheat,2541.0,2950.0,2667.0,Rs./Quintal,FAQ
Semriharchand APMC,0.24,Metric Tonnes,Mill Quality,2490.0,2513.0,2513.0,Rs./Quintal,FAQ
Sevda APMC,63.1,Metric Tonnes,Mill Quality,2566.0,2625.0,2566.0,Rs./Quintal,Non-FAQ
Shahdol APMC,24.0,Metric Tonnes,Wheat,2400.0,2500.0,2500.0,Rs./Quintal,Non-FAQ
Shahpura Bhitoni (F&V) APMC,52.605,Metric Tonnes,Mill Quality,2619.0,2705.0,2700.0,Rs./Quintal,FAQ
Shahpura Niwas APMC,60.725,Metric Tonnes,Mill Quality,2369.0,2480.0,2410.0,Rs./Quintal,Non-FAQ
Shajapur APMC,37.32,Metric Tonnes,Wheat,2500.0,2831.0,2500.0,Rs./Quintal,FAQ
Shamgarh APMC,0.15200000000000002,Metric Tonnes,Wheat,2576.0,2576.0,2576.0,Rs./Quintal,Non-FAQ
Shamshabad APMC,13.424000000000001,Metric Tonnes,Wheat,2550.0,2580.0,2580.0,Rs./Quintal,FAQ
Shujalpur APMC,2.125,Metric Tonnes,Wheat,2569.0,2626.0,2570.0,Rs./Quintal,FAQ
Shyampur APMC,19.700000000000003,Metric Tonnes,Mill Quality,2525.0,2605.0,2605.0,Rs./Quintal,FAQ
Sidhi APMC,281.795,Metric Tonnes,Mill Quality,2300.0,2440.0,2320.0,Rs./Quintal,Non-FAQ
Silvani APMC,4.7,Metric Tonnes,Wheat,2611.0,2642.0,2641.0,Rs./Quintal,FAQ
Simariya APMC,65.95,Metric Tonnes,Wheat,2430.0,2470.0,2440.0,Rs./Quintal,Non-FAQ
Sirali APMC,8.184000000000001,Metric Tonnes,Mill Quality,2681.0,2721.0,2721.0,Rs./Quintal,FAQ
Sironj APMC,4.165,Metric Tonnes,Wheat,2565.0,2840.0,2840.0,Rs./Quintal,FAQ
Sironj APMC,11.990000000000002,Metric Tonnes,Sharbati,3510.0,4305.0,4305.0,Rs./Quintal,FAQ
Sitamau APMC,1.554,Metric Tonnes,Lokwan,2601.0,2618.0,2618.0,Rs./Quintal,FAQ
Sitamau APMC,31.02,Metric Tonnes,Wheat,2531.0,2811.0,2781.0,Rs./Quintal,FAQ
Sonkatch APMC,34.325,Metric Tonnes,Wheat,2590.0,2750.0,2750.0,Rs./Quintal,FAQ
Susner APMC,1.03,Metric Tonnes,Wheat,2597.0,2720.0,2720.0,Rs./Quintal,Non-FAQ
Suthalia APMC,12.015,Metric Tonnes,Wheat,2500.0,2515.0,2515.0,Rs./Quintal,FAQ
Taal APMC,33.955000000000005,Metric Tonnes,Wheat,2599.0,2762.0,2639.0,Rs./Quintal,FAQ
Tarana APMC,16.990000000000002,Metric Tonnes,Wheat,2390.0,2450.0,2450.0,Rs./Quintal,FAQ
Tendukheda APMC,22.0,Metric Tonnes,Wheat,2390.0,2400.0,2400.0,Rs./Quintal,FAQ
Thandla APMC,13.100000000000001,Metric Tonnes,Lokwan,2500.0,2600.0,2600.0,Rs./Quintal,FAQ
Tikamgarh APMC,858.1990000000001,Metric Tonnes,Wheat,2550.0,2686.0,2650.0,Rs./Quintal,FAQ
Timarni APMC,24.118000000000002,Metric Tonnes,Wheat,2690.0,2715.0,2715.0,Rs./Quintal,FAQ
Udaipura APMC,3.6850000000000005,Metric Tonnes,Mill Quality,2575.0,2625.0,2625.0,Rs./Quintal,FAQ
Ujjain APMC,128.079,Metric Tonnes,Wheat,1300.0,3051.0,2700.0,Rs./Quintal,FAQ
Umariya APMC,0.8,Metric Tonnes,Other,2500.0,2500.0,2500.0,Rs./Quintal,Non-FAQ
Umariya APMC,20.0,Metric Tonnes,Wheat,2500.0,2500.0,2500.0,Rs./Quintal,Non-FAQ
Unhel APMC,53.44,Metric Tonnes,Wheat,2626.0,2810.0,2626.0,Rs./Quintal,FAQ
Vidisha APMC,59.83500000000001,Metric Tonnes,Wheat,2502.0,3161.0,3161.0,Rs./Quintal,FAQ
Total,17254.99,Metric Tonnes,,,,2656.57,Rs./Quintal,
State/UT Name : Maharashtra
APMC Ahmedpur ,3.6,Metric Tonnes,Other,2585.0,2611.0,2598.0,Rs./Quintal,FAQ
APMC Akola ,33.6,Metric Tonnes,Other,2585.0,2775.0,2650.0,Rs./Quintal,FAQ
APMC Amarawati ,12.7,Metric Tonnes,Other,2585.0,2700.0,2642.0,Rs./Quintal,FAQ
APMC Ambad (Vadigodri) ,5.9,Metric Tonnes,Other,2700.0,3030.0,2700.0,Rs./Quintal,FAQ
APMC Ambejogai ,1.5,Metric Tonnes,Red,3000.0,3000.0,3000.0,Rs./Quintal,FAQ
APMC Anajngaon ,16.6,Metric Tonnes,Other,2300.0,2500.0,2400.0,Rs./Quintal,Non-FAQ
APMC BHOKARDAN ,13.6,Metric Tonnes,Other,2200.0,2500.0,2400.0,Rs./Quintal,Non-FAQ
APMC Barshi ,0.4,Metric Tonnes,Other,2800.0,2800.0,2800.0,Rs./Quintal,FAQ
APMC Beed ,5.6,Metric Tonnes,Other,2450.0,2525.0,2490.0,Rs./Quintal,Non-FAQ
APMC Chattrapati Sambhajinagar ,6.1,Metric Tonnes,Other,2746.0,3049.0,2898.0,Rs./Quintal,FAQ
APMC Deoulgaon Raja ,2.0,Metric Tonnes,Other,2600.0,2696.0,2600.0,Rs./Quintal,FAQ
APMC Deoulgaon Raja ,2.2,Metric Tonnes,Other,2500.0,2500.0,2500.0,Rs./Quintal,Non-FAQ
APMC Dhamngaon-Railway ,3.0,Metric Tonnes,Other,2400.0,2500.0,2450.0,Rs./Quintal,Non-FAQ
APMC Dudhani ,0.1,Metric Tonnes,Maharashtra 2189,2650.0,2650.0,2650.0,Rs./Quintal,FAQ
APMC Dudhani ,0.2,Metric Tonnes,Maharashtra 2189,2570.0,2570.0,2570.0,Rs./Quintal,Non-FAQ
APMC Gevrai ,5.6,Metric Tonnes,Other,2600.0,2750.0,2700.0,Rs./Quintal,FAQ
APMC Jamkhed ,1.4,Metric Tonnes,Other,2650.0,2800.0,2725.0,Rs./Quintal,FAQ
APMC Jamkhed ,2.4,Metric Tonnes,Other,2400.0,2550.0,2475.0,Rs./Quintal,Non-FAQ
APMC Kannad ,1.6,Metric Tonnes,Other,2700.0,2800.0,2750.0,Rs./Quintal,FAQ
APMC Karanja ,20.0,Metric Tonnes,Other,2690.0,2860.0,2750.0,Rs./Quintal,FAQ
APMC Karjat ,1.0,Metric Tonnes,Other,2200.0,2500.0,2200.0,Rs./Quintal,Non-FAQ
APMC Khamgaon ,8.3,Metric Tonnes,Other,2600.0,2600.0,2600.0,Rs./Quintal,FAQ
APMC Khamgaon ,5.9,Metric Tonnes,Other,2500.0,2575.0,2538.0,Rs./Quintal,Non-FAQ
APMC Kopargaon ,15.0,Metric Tonnes,Other,2590.0,2801.0,2700.0,Rs./Quintal,FAQ
APMC Lasur Station ,14.6,Metric Tonnes,Other,2700.0,2832.0,2770.0,Rs./Quintal,FAQ
APMC Lonar ,20.0,Metric Tonnes,Other,2600.0,2750.0,2680.0,Rs./Quintal,FAQ
APMC Majalgaon ,8.1,Metric Tonnes,Other,2600.0,2780.0,2697.0,Rs./Quintal,FAQ
APMC Malkapur ,22.9,Metric Tonnes,Other,2720.0,2785.0,2750.0,Rs./Quintal,FAQ
APMC Murtizapur ,1.0,Metric Tonnes,Other,2590.0,2675.0,2635.0,Rs./Quintal,FAQ
APMC Nagpur ,34.3,Metric Tonnes,Other,2630.0,2750.0,2720.0,Rs./Quintal,FAQ
APMC Nagpur ,50.0,Metric Tonnes,Sharbati,3200.0,3500.0,3425.0,Rs./Quintal,FAQ
APMC Nandgaon Khandeshwar ,0.6,Metric Tonnes,Other,2585.0,2615.0,2600.0,Rs./Quintal,FAQ
APMC Pachora ,9.9,Metric Tonnes,Other,2606.0,2680.0,2651.0,Rs./Quintal,FAQ
APMC Paithan ,0.6,Metric Tonnes,Bansi,2585.0,2731.0,2600.0,Rs./Quintal,FAQ
APMC Palghar ,7.0,Metric Tonnes,Other,3400.0,3400.0,3400.0,Rs./Quintal,FAQ
APMC Pathari ,1.0,Metric Tonnes,Other,2600.0,2600.0,2600.0,Rs./Quintal,FAQ
APMC Pusad ,96.0,Metric Tonnes,Other,2685.0,2830.0,2780.0,Rs./Quintal,FAQ
APMC Rahuri ,1.7,Metric Tonnes,Other,2650.0,2660.0,2655.0,Rs./Quintal,FAQ
APMC Shegaon ,1.0,Metric Tonnes,Other,2600.0,2665.0,2645.0,Rs./Quintal,FAQ
APMC Shegaon ,0.1,Metric Tonnes,Other,2550.0,2550.0,2550.0,Rs./Quintal,Non-FAQ
APMC Solapur ,80.8,Metric Tonnes,Sharbati,2655.0,4190.0,3655.0,Rs./Quintal,FAQ
APMC Telhara ,8.0,Metric Tonnes,Other,2400.0,2580.0,2530.0,Rs./Quintal,Non-FAQ
APMC Tuljapur ,2.2,Metric Tonnes,Other,2400.0,2550.0,2500.0,Rs./Quintal,Non-FAQ
APMC Vaduj ,3.0,Metric Tonnes,Maharashtra 2189,2800.0,3000.0,2900.0,Rs./Quintal,FAQ
APMC Vaijpur ,10.5,Metric Tonnes,Other,2735.0,2815.0,2780.0,Rs./Quintal,FAQ
Barshi(Vairag) ,3.7,Metric Tonnes,Other,2626.0,2626.0,2626.0,Rs./Quintal,FAQ
"Bsk Krishi Bazar Private Limited, Mehkar, Dist Buldhana",2.4,Metric Tonnes,Other,2500.0,2600.0,2530.0,Rs./Quintal,Local
Buldhana(Dhad) ,7.2,Metric Tonnes,Other,2100.0,2400.0,2200.0,Rs./Quintal,Non-FAQ
KISAN MARKET YARD,5.08,Metric Tonnes,Other,2565.0,2680.0,2636.0,Rs./Quintal,Local
Karjat(Rashin) ,4.2,Metric Tonnes,Other,2400.0,2500.0,2450.0,Rs./Quintal,Non-FAQ
"Krushna Krishi Bazar, Washim",3.72,Metric Tonnes,Other,2000.0,2800.0,2752.0,Rs./Quintal,Local
Lasalgaon(Niphad) ,2.2,Metric Tonnes,Maharashtra 2189,2650.0,2757.0,2721.0,Rs./Quintal,FAQ
Rahuri(Vambori) ,3.8,Metric Tonnes,Other,2701.0,2800.0,2737.0,Rs./Quintal,FAQ
Shevgaon(Bodhegaon) ,1.6,Metric Tonnes,Maharashtra 2189,2650.0,2700.0,2650.0,Rs./Quintal,FAQ
Sillod(Bharadi) ,5.0,Metric Tonnes,Other,2700.0,2700.0,2700.0,Rs./Quintal,FAQ
Sindi (Selu),1.1,Metric Tonnes,Other,2400.0,2580.0,2500.0,Rs./Quintal,Non-FAQ
Total,581.6,Metric Tonnes,,,,2884.17,Rs./Quintal,
State/UT Name : NCT of Delhi
APMC Najafgarh,100.80000000000001,Metric Tonnes,Farmi,2800.0,3000.0,2980.0,Rs./Quintal,FAQ
APMC Najafgarh,2.0,Metric Tonnes,Dara,2650.0,2650.0,2650.0,Rs./Quintal,FAQ
APMC Narela,11.0,Metric Tonnes,Mexican,2771.0,2771.0,2771.0,Rs./Quintal,FAQ
Total,113.8,Metric Tonnes,,,,2954.0,Rs./Quintal,
State/UT Name : Rajasthan
Anupgarh APMC,16.0,Metric Tonnes,Dara,2636.0,2636.0,2636.0,Rs./Quintal,Grade Range-1
Atru APMC,1.8,Metric Tonnes,Other,2620.0,2670.0,2645.0,Rs./Quintal,Local
Begu APMC,10.0,Metric Tonnes,Other,2650.0,2650.0,2650.0,Rs./Quintal,Local
Bijaynagar APMC,5.0,Metric Tonnes,Other,2600.0,2600.0,2600.0,Rs./Quintal,Local
Bundi APMC,90.0,Metric Tonnes,Other,2650.0,2714.0,2682.0,Rs./Quintal,FAQ
Chhotisadri APMC,4.5,Metric Tonnes,Local,2695.0,2731.0,2715.0,Rs./Quintal,Local
Choumahla APMC,30.0,Metric Tonnes,Other,2500.0,2730.0,2615.0,Rs./Quintal,Non-FAQ
Deeg APMC,0.2,Metric Tonnes,Other,2580.0,2580.0,2580.0,Rs./Quintal,Non-FAQ
Dei APMC,1.4000000000000001,Metric Tonnes,Other,2663.0,2663.0,2663.0,Rs./Quintal,Local
Deoli APMC,3.2,Metric Tonnes,147 Average,2580.0,2620.0,2600.0,Rs./Quintal,FAQ
Dholpur APMC,12.0,Metric Tonnes,Other,2450.0,2450.0,2450.0,Rs./Quintal,Local
Dooni APMC,1.0,Metric Tonnes,147 Average,2599.0,2601.0,2600.0,Rs./Quintal,Local
Fatehnagar APMC,40.6,Metric Tonnes,Local,2681.0,2770.0,2733.0,Rs./Quintal,FAQ
Hindoun APMC,15.600000000000001,Metric Tonnes,Other,2505.0,2583.0,2544.0,Rs./Quintal,Local
Iklera APMC,15.0,Metric Tonnes,Other,2450.0,2700.0,2575.0,Rs./Quintal,Local
Itawa APMC,3.0,Metric Tonnes,Other,2650.0,2677.0,2663.0,Rs./Quintal,Local
Jhalarapatan APMC,2.5,Metric Tonnes,Other,2420.0,2670.0,2540.0,Rs./Quintal,Local
Kapasan APMC,4.4,Metric Tonnes,Lokwan,2500.0,2600.0,2500.0,Rs./Quintal,FAQ
Khairthal APMC,5.300000000000001,Metric Tonnes,Other,2550.0,2630.0,2600.0,Rs./Quintal,Non-FAQ
Khanpur APMC,2.0500000000000003,Metric Tonnes,Other,2691.0,2774.0,2735.0,Rs./Quintal,FAQ
Kherli APMC,5.0,Metric Tonnes,Other,2610.0,2650.0,2625.0,Rs./Quintal,Non-FAQ
Madanganj Kishangarh APMC,4.4,Metric Tonnes,Other,2470.0,2571.0,2565.0,Rs./Quintal,Local
Malpura APMC,39.0,Metric Tonnes,Other,2500.0,2641.0,2564.0,Rs./Quintal,FAQ
Nimbahera APMC,370.0,Metric Tonnes,Other,2600.0,2921.0,2750.0,Rs./Quintal,FAQ
Nokha APMC,7.5,Metric Tonnes,Other,2651.0,2715.0,2683.0,Rs./Quintal,Local
Padampur APMC,1.0,Metric Tonnes,Other,2602.0,2602.0,2602.0,Rs./Quintal,FAQ
Pratapgarh APMC,11.040000000000001,Metric Tonnes,Other,2550.0,2860.0,2560.0,Rs./Quintal,FAQ
Ramganjmandi APMC,4.9,Metric Tonnes,Other,2525.0,2700.0,2699.0,Rs./Quintal,Local
Rani APMC,0.8,Metric Tonnes,Deshi,2570.0,2570.0,2570.0,Rs./Quintal,Grade Range-2
Rawatsar APMC,15.5,Metric Tonnes,Other,2400.0,2717.0,2620.0,Rs./Quintal,FAQ
Rawla APMC,18.0,Metric Tonnes,Other,2585.0,2610.0,2598.0,Rs./Quintal,FAQ
Sadulshahar APMC,6.0,Metric Tonnes,Other,2500.0,2696.0,2675.0,Rs./Quintal,FAQ
Sangriya APMC,3.5,Metric Tonnes,Other,2604.0,2655.0,2647.0,Rs./Quintal,Local
Sriganganagar (Grain) APMC,20.400000000000002,Metric Tonnes,Other,2600.0,2760.0,2710.0,Rs./Quintal,Local
Total,770.59,Metric Tonnes,,,,2690.4,Rs./Quintal,
State/UT Name : Uttar Pradesh
Achalda APMC,18.89,Metric Tonnes,Dara,2400.0,2400.0,2400.0,Rs./Quintal,FAQ
Achnera APMC,19.89,Metric Tonnes,Dara,2560.0,2640.0,2618.35,Rs./Quintal,FAQ
Agra APMC,50.07,Metric Tonnes,Other,2700.0,2850.0,2775.04,Rs./Quintal,FAQ
Akbarpur APMC,12.54,Metric Tonnes,Medium Fine,2450.0,2450.0,2450.0,Rs./Quintal,FAQ
Akbarpur APMC,1.7,Metric Tonnes,Other,2500.0,2500.0,2500.0,Rs./Quintal,FAQ
Akbarpur APMC,283.47,Metric Tonnes,Dara,2450.0,2600.0,2456.35,Rs./Quintal,FAQ
Aliganj APMC,15.0,Metric Tonnes,Medium,2500.0,2500.0,2500.0,Rs./Quintal,FAQ
Aliganj APMC,56.7,Metric Tonnes,Dara,2500.0,2500.0,2500.0,Rs./Quintal,FAQ
Aligarh APMC,6.528,Metric Tonnes,Medium,2500.0,2500.0,2500.0,Rs./Quintal,FAQ
Aligarh APMC,43.472,Metric Tonnes,Dara,2500.0,2500.0,2500.0,Rs./Quintal,FAQ
Anandnagar APMC,20.46,Metric Tonnes,Dara,2400.0,2625.0,2473.78,Rs./Quintal,FAQ
Anwala APMC,20.105,Metric Tonnes,Dara,2600.0,2600.0,2600.0,Rs./Quintal,FAQ
Atarra APMC,28.0,Metric Tonnes,Deshi,2500.0,2550.0,2544.64,Rs./Quintal,FAQ
Atarra APMC,73.0,Metric Tonnes,Other,2450.0,2600.0,2491.1,Rs./Quintal,FAQ
Atarra APMC,25.21,Metric Tonnes,Dara,2450.0,2450.0,2450.0,Rs./Quintal,FAQ
Atrauli APMC,21.14,Metric Tonnes,Dara,2600.0,2600.0,2600.0,Rs./Quintal,FAQ
Auraiya APMC,14.216,Metric Tonnes,Sharbati,2620.0,2620.0,2620.0,Rs./Quintal,FAQ
Auraiya APMC,159.95,Metric Tonnes,Other,2620.0,2620.0,2620.0,Rs./Quintal,FAQ
Auraiya APMC,13.627,Metric Tonnes,Sonalika,2620.0,2620.0,2620.0,Rs./Quintal,FAQ
Auraiya APMC,83.805,Metric Tonnes,Medium,2620.0,2645.0,2637.93,Rs./Quintal,FAQ
Auraiya APMC,110.2638,Metric Tonnes,Dara,2620.0,2640.0,2621.33,Rs./Quintal,FAQ
Ayodhya APMC,9.8,Metric Tonnes,Bansi,2500.0,2500.0,2500.0,Rs./Quintal,FAQ
Ayodhya APMC,19.5,Metric Tonnes,Medium,2550.0,2550.0,2550.0,Rs./Quintal,FAQ
Ayodhya APMC,24.0,Metric Tonnes,Dara Mill Quality,2600.0,2600.0,2600.0,Rs./Quintal,FAQ
Ayodhya APMC,43.1,Metric Tonnes,Dara,2500.0,2500.0,2500.0,Rs./Quintal,FAQ
Ayodhya APMC,8.5,Metric Tonnes,Deshi,2500.0,2500.0,2500.0,Rs./Quintal,FAQ
Ayodhya APMC,32.0,Metric Tonnes,PBW-343,2500.0,2500.0,2500.0,Rs./Quintal,FAQ
Ayodhya APMC,11.52,Metric Tonnes,Other,2500.0,2500.0,2500.0,Rs./Quintal,FAQ
Azamgarh APMC,84.6,Metric Tonnes,Dara,2585.0,2610.0,2596.79,Rs./Quintal,FAQ
Babrala APMC,130.0,Metric Tonnes,Dara,2580.0,2600.0,2590.0,Rs./Quintal,Local
Bachranwa APMC,98.475,Metric Tonnes,Dara,2400.0,2600.0,2438.86,Rs./Quintal,FAQ
Badayoun APMC,40.435,Metric Tonnes,Dara,2650.0,2670.0,2659.37,Rs./Quintal,FAQ
Badayoun APMC,81.47,Metric Tonnes,Wheat-Organic,2500.0,2500.0,2500.0,Rs./Quintal,FAQ
Bahraich APMC,69.9,Metric Tonnes,Hybrid,2540.0,2580.0,2559.38,Rs./Quintal,FAQ
Bahraich APMC,500.0,Metric Tonnes,Other,2500.0,2500.0,2500.0,Rs./Quintal,FAQ
Ballia APMC,5.6,Metric Tonnes,Other,2600.0,2600.0,2600.0,Rs./Quintal,FAQ
Banda APMC,36.4,Metric Tonnes,Dara,2425.0,2425.0,2425.0,Rs./Quintal,FAQ
Bangarmau APMC,21.19,Metric Tonnes,Other,2500.0,2500.0,2500.0,Rs./Quintal,FAQ
Bangarmau APMC,35.26,Metric Tonnes,Dara Mill Quality,2610.0,2610.0,2610.0,Rs./Quintal,FAQ
Bangarmau APMC,224.45,Metric Tonnes,Dara,2500.0,2610.0,2551.54,Rs./Quintal,FAQ
Bansi APMC,41.8,Metric Tonnes,Other,2500.0,2500.0,2500.0,Rs./Quintal,FAQ
Bansi APMC,52.8,Metric Tonnes,Dara,2500.0,2500.0,2500.0,Rs./Quintal,FAQ
Banthara APMC,115.47,Metric Tonnes,Other,2620.0,2640.0,2630.33,Rs./Quintal,FAQ
Banthara APMC,434.115,Metric Tonnes,Dara,2550.0,2830.0,2690.51,Rs./Quintal,FAQ
Barabanki APMC,63.5,Metric Tonnes,Dara,2450.0,2650.0,2533.2,Rs./Quintal,FAQ
Barabanki APMC,9.5,Metric Tonnes,Other,2500.0,2500.0,2500.0,Rs./Quintal,FAQ
Baraut APMC,2.1,Metric Tonnes,Medium,2600.0,2600.0,2600.0,Rs./Quintal,FAQ
Baraut APMC,2.5,Metric Tonnes,Local,2600.0,2600.0,2600.0,Rs./Quintal,FAQ
Bareilly APMC,66.76,Metric Tonnes,Dara,2600.0,2600.0,2600.0,Rs./Quintal,FAQ
Bareilly APMC,2.0,Metric Tonnes,Medium,2600.0,2600.0,2600.0,Rs./Quintal,FAQ
Bareilly APMC,89.3,Metric Tonnes,Dara Mill Quality,2600.0,2610.0,2601.15,Rs./Quintal,FAQ
Baripaal APMC,4.0,Metric Tonnes,Other,2550.0,2550.0,2550.0,Rs./Quintal,FAQ
Baripaal APMC,7.7,Metric Tonnes,Dara,2600.0,2600.0,2600.0,Rs./Quintal,FAQ
Baripaal APMC,9.2,Metric Tonnes,Dara Mill Quality,2550.0,2550.0,2550.0,Rs./Quintal,FAQ
Basti APMC,34.3,Metric Tonnes,Other,2450.0,2450.0,2450.0,Rs./Quintal,FAQ
Basti APMC,171.34,Metric Tonnes,Dara,2450.0,2650.0,2553.18,Rs./Quintal,FAQ
Basti APMC,52.5,Metric Tonnes,Medium,2450.0,2650.0,2556.38,Rs./Quintal,FAQ
Bharthna APMC,30.27,Metric Tonnes,Dara,2550.0,2550.0,2550.0,Rs./Quintal,FAQ
Bharuasumerpur APMC,5.38,Metric Tonnes,Other,2580.0,2580.0,2580.0,Rs./Quintal,FAQ
Bharuasumerpur APMC,124.4,Metric Tonnes,Medium,2580.0,2580.0,2580.0,Rs./Quintal,FAQ
Bharwari APMC,34.0,Metric Tonnes,Dara,2500.0,2500.0,2500.0,Rs./Quintal,FAQ
Bharwari APMC,23.5,Metric Tonnes,Other,2500.0,2500.0,2500.0,Rs./Quintal,FAQ
Bhehjoi APMC,32.5,Metric Tonnes,Dara,2500.0,2510.0,2505.0,Rs./Quintal,Local
Bhehjoi APMC,37.74,Metric Tonnes,Dara,2500.0,2500.0,2500.0,Rs./Quintal,FAQ
Bhehjoi APMC,25.31,Metric Tonnes,Mill Quality,2618.0,2620.0,2619.45,Rs./Quintal,FAQ
Bijnaur APMC,27.02,Metric Tonnes,Dara,2585.0,2590.0,2587.5,Rs./Quintal,FAQ
Bilsi APMC,53.027,Metric Tonnes,Dara,2450.0,2550.0,2503.18,Rs./Quintal,FAQ
Bindki APMC,19.9,Metric Tonnes,Kalawal,2400.0,2400.0,2400.0,Rs./Quintal,FAQ
Bindki APMC,135.425,Metric Tonnes,Dara,2400.0,2650.0,2466.71,Rs./Quintal,FAQ
Bindki APMC,315.67,Metric Tonnes,Other,2400.0,2650.0,2495.22,Rs./Quintal,FAQ
Bindki APMC,67.3,Metric Tonnes,Dara Mill Quality,2400.0,2400.0,2400.0,Rs./Quintal,FAQ
Bisoli APMC,7.9,Metric Tonnes,Other,2450.0,2450.0,2450.0,Rs./Quintal,FAQ
Buland Shahr APMC,9.65,Metric Tonnes,PBW-343,2610.0,2615.0,2612.11,Rs./Quintal,FAQ
Buland Shahr APMC,40.0,Metric Tonnes,Dara,2680.0,2680.0,2680.0,Rs./Quintal,FAQ
Charkhari APMC,10.7,Metric Tonnes,Deshi,2400.0,2400.0,2400.0,Rs./Quintal,FAQ
Charkhari APMC,10.2,Metric Tonnes,Other,2600.0,2600.0,2600.0,Rs./Quintal,FAQ
Charkhari APMC,38.0,Metric Tonnes,Dara,2500.0,2500.0,2500.0,Rs./Quintal,FAQ
Charra APMC,52.5,Metric Tonnes,Dara,2500.0,2500.0,2500.0,Rs./Quintal,FAQ
Chirgaon APMC,36.0,Metric Tonnes,Deshi,2405.0,2450.0,2413.03,Rs./Quintal,FAQ
Chirgaon APMC,31.3,Metric Tonnes,Other,2400.0,2450.0,2414.49,Rs./Quintal,FAQ
Choubepur APMC,7.8,Metric Tonnes,Hybrid,2400.0,2400.0,2400.0,Rs./Quintal,FAQ
Choubepur APMC,5.04,Metric Tonnes,Other,2450.0,2450.0,2450.0,Rs./Quintal,FAQ
Colonelganj APMC,47.9,Metric Tonnes,Dara,2450.0,2550.0,2500.0,Rs./Quintal,FAQ
DADRI APMC,12.0,Metric Tonnes,Dara,2865.0,2865.0,2865.0,Rs./Quintal,FAQ
Dankaur APMC,30.0,Metric Tonnes,Dara,2500.0,2500.0,2500.0,Rs./Quintal,FAQ
Dataganj APMC,31.0,Metric Tonnes,Dara,2500.0,2600.0,2550.0,Rs./Quintal,FAQ
Dataganj APMC,10.0,Metric Tonnes,Wheat-Organic,2500.0,2500.0,2500.0,Rs./Quintal,FAQ
Dataganj APMC,36.1,Metric Tonnes,Other,2500.0,2500.0,2500.0,Rs./Quintal,FAQ
Devariya APMC,2.19,Metric Tonnes,Hybrid,2724.66,2724.66,2724.66,Rs./Quintal,FAQ
Devariya APMC,3.75,Metric Tonnes,Sonalika,2721.33,2721.33,2721.33,Rs./Quintal,FAQ
Devariya APMC,14.98,Metric Tonnes,White,2740.0,2750.0,2743.7,Rs./Quintal,FAQ
Devariya APMC,9.155,Metric Tonnes,Dara,2450.0,2748.21,2490.88,Rs./Quintal,FAQ
Devariya APMC,11.725,Metric Tonnes,Sharbati,2727.25,2750.04,2739.19,Rs./Quintal,FAQ
Dhanaura APMC,16.0,Metric Tonnes,Dara,2500.0,2500.0,2500.0,Rs./Quintal,FAQ
Dibiapur APMC,58.04,Metric Tonnes,Hybrid,2500.0,2650.0,2556.86,Rs./Quintal,FAQ
Dibiapur APMC,123.41,Metric Tonnes,Dara,2400.0,2650.0,2449.04,Rs./Quintal,FAQ
Etah APMC,36.6,Metric Tonnes,Mill Quality,2500.0,2500.0,2500.0,Rs./Quintal,FAQ
Etah APMC,50.1,Metric Tonnes,Other,2500.0,2501.0,2500.24,Rs./Quintal,FAQ
Etah APMC,67.534,Metric Tonnes,Dara,2500.0,2500.0,2500.0,Rs./Quintal,FAQ
Farukhabad APMC,13.8,Metric Tonnes,Medium,2610.0,2625.0,2617.39,Rs./Quintal,FAQ
Fatehabad APMC,7.28,Metric Tonnes,Local,2520.0,2525.0,2521.21,Rs./Quintal,FAQ
Fatehpur APMC,57.579,Metric Tonnes,Other,2550.0,2550.0,2550.0,Rs./Quintal,FAQ
Fatehpur APMC,36.1,Metric Tonnes,Medium,2500.0,2500.0,2500.0,Rs./Quintal,FAQ
Fatehpur APMC,64.19,Metric Tonnes,Dara,2500.0,2500.0,2500.0,Rs./Quintal,FAQ
Fatehpur Sikri APMC,9.9,Metric Tonnes,Dara,2560.0,2560.0,2560.0,Rs./Quintal,FAQ
Firozabad APMC,4.5,Metric Tonnes,Dara,2715.0,2715.0,2715.0,Rs./Quintal,FAQ
Gadaura APMC,5.0,Metric Tonnes,Dara,2500.0,2500.0,2500.0,Rs./Quintal,FAQ
Ganj Dundwara APMC,38.725,Metric Tonnes,Dara,2500.0,2500.0,2500.0,Rs./Quintal,FAQ
Golagokarnath APMC,13.5,Metric Tonnes,Medium,2600.0,2600.0,2600.0,Rs./Quintal,FAQ
Golagokarnath APMC,27.1,Metric Tonnes,Dara,2400.0,2410.0,2405.07,Rs./Quintal,FAQ
Gonda APMC,13.6,Metric Tonnes,Dara Mill Quality,2800.0,2800.0,2800.0,Rs./Quintal,FAQ
Gorakhpur APMC,11.0,Metric Tonnes,Medium,2500.0,2500.0,2500.0,Rs./Quintal,FAQ
Gorakhpur APMC,3.0,Metric Tonnes,Dara Mill Quality,2500.0,2500.0,2500.0,Rs./Quintal,FAQ
Gorakhpur APMC,140.04,Metric Tonnes,Dara,2500.0,2750.0,2674.77,Rs./Quintal,FAQ
Haathras APMC,6.2,Metric Tonnes,Other,2514.0,2514.0,2514.0,Rs./Quintal,FAQ
Haathras APMC,47.563,Metric Tonnes,Medium,2501.0,2504.0,2501.88,Rs./Quintal,FAQ
Hardoi APMC,7.5,Metric Tonnes,Farmi,2550.0,2550.0,2550.0,Rs./Quintal,FAQ
Hardoi APMC,5.4,Metric Tonnes,Sharbati,2570.0,2570.0,2570.0,Rs./Quintal,FAQ
Hardoi APMC,52.5,Metric Tonnes,Other,2550.0,2550.0,2550.0,Rs./Quintal,FAQ
Hardoi APMC,447.04,Metric Tonnes,Dara,2550.0,2650.0,2585.5,Rs./Quintal,FAQ
Hargaon (Laharpur) APMC,7.0,Metric Tonnes,Dara,2560.0,2560.0,2560.0,Rs./Quintal,FAQ
Hargaon (Laharpur) APMC,7.75,Metric Tonnes,Dara Mill Quality,2400.0,2400.0,2400.0,Rs./Quintal,FAQ
Jafarganj APMC,103.7,Metric Tonnes,Dara,2300.0,2540.0,2394.44,Rs./Quintal,FAQ
Jagnair APMC,26.8,Metric Tonnes,Other,2425.0,2425.0,2425.0,Rs./Quintal,FAQ
Jahanabad APMC,35.0,Metric Tonnes,Dara Mill Quality,2500.0,2500.0,2500.0,Rs./Quintal,FAQ
Jahanabad APMC,81.6,Metric Tonnes,Dara,2530.0,2650.0,2572.99,Rs./Quintal,FAQ
Jahangirabad APMC,3.0,Metric Tonnes,Other,2700.0,2700.0,2700.0,Rs./Quintal,FAQ
Jalalabad APMC,34.8,Metric Tonnes,Deshi,2600.0,2600.0,2600.0,Rs./Quintal,FAQ
Jalalabad APMC,93.3,Metric Tonnes,Other,2600.0,2600.0,2600.0,Rs./Quintal,FAQ
Jalaun APMC,22.8,Metric Tonnes,Mill Quality,2590.0,2600.0,2596.62,Rs./Quintal,FAQ
Jarar APMC,5.1,Metric Tonnes,Dara,2400.0,2400.0,2400.0,Rs./Quintal,FAQ
Jaunpur APMC,9.245,Metric Tonnes,Dara Mill Quality,2706.0,2708.0,2707.04,Rs./Quintal,FAQ
Jayas APMC,26.87,Metric Tonnes,Super Fine,2400.0,2400.0,2400.0,Rs./Quintal,FAQ
Jayas APMC,347.289,Metric Tonnes,Dara,2400.0,2680.0,2505.95,Rs./Quintal,FAQ
Jewar APMC,70.0,Metric Tonnes,Other,2550.0,2550.0,2550.0,Rs./Quintal,FAQ
Jhansi APMC,36.3,Metric Tonnes,Other,2351.0,2352.0,2351.8,Rs./Quintal,FAQ
Jhansi APMC,89.5,Metric Tonnes,Mill Quality,2350.0,2360.0,2351.65,Rs./Quintal,FAQ
Jhijhank APMC,29.0,Metric Tonnes,Hybrid,2600.0,2600.0,2600.0,Rs./Quintal,FAQ
Jhijhank APMC,29.15,Metric Tonnes,Other,2600.0,2600.0,2600.0,Rs./Quintal,FAQ
Jhijhank APMC,15.0,Metric Tonnes,Medium,2600.0,2600.0,2600.0,Rs./Quintal,FAQ
Jhijhank APMC,9.0,Metric Tonnes,2189 No. 2,2400.0,2400.0,2400.0,Rs./Quintal,FAQ
Jhijhank APMC,191.1,Metric Tonnes,Dara,2350.0,2650.0,2532.55,Rs./Quintal,FAQ
Kadaura APMC,37.5,Metric Tonnes,Other,2350.0,2350.0,2350.0,Rs./Quintal,FAQ
Kalpi APMC,22.1,Metric Tonnes,Other,2350.0,2350.0,2350.0,Rs./Quintal,FAQ
Kalpi APMC,115.65,Metric Tonnes,Dara,2300.0,2600.0,2560.01,Rs./Quintal,FAQ
Kannauj APMC,32.5,Metric Tonnes,Dara,2500.0,2550.0,2522.57,Rs./Quintal,FAQ
Kanpur(Grain) APMC,6.76,Metric Tonnes,Deshi,2500.0,2500.0,2500.0,Rs./Quintal,FAQ
Kanpur(Grain) APMC,23.21,Metric Tonnes,Hybrid,2680.0,2685.0,2681.62,Rs./Quintal,FAQ
Kanpur(Grain) APMC,10.9,Metric Tonnes,Dara Mill Quality,2360.0,2360.0,2360.0,Rs./Quintal,FAQ
Kanpur(Grain) APMC,108.52,Metric Tonnes,Other,2600.0,2650.0,2602.76,Rs./Quintal,FAQ
Kanpur(Grain) APMC,421.657,Metric Tonnes,Dara,2600.0,2750.01,2724.97,Rs./Quintal,FAQ
Kanpur(Grain) APMC,25.5,Metric Tonnes,Medium,2360.0,2600.0,2456.94,Rs./Quintal,FAQ
Karvi APMC,34.2,Metric Tonnes,Other,2300.0,2350.0,2336.84,Rs./Quintal,FAQ
Karvi APMC,61.67,Metric Tonnes,Dara,2500.0,2580.0,2558.5,Rs./Quintal,FAQ
Kasganj APMC,15.6,Metric Tonnes,Medium,2540.0,2641.0,2564.85,Rs./Quintal,FAQ
Kasganj APMC,3.5,Metric Tonnes,C-83,2645.0,2645.0,2645.0,Rs./Quintal,FAQ
Kasganj APMC,3.1,Metric Tonnes,Kalawal,2646.0,2646.0,2646.0,Rs./Quintal,FAQ
Kasganj APMC,24.691,Metric Tonnes,Dara,2500.0,2500.0,2500.0,Rs./Quintal,FAQ
Kasganj APMC,4.065,Metric Tonnes,Hybrid,2655.0,2655.0,2655.0,Rs./Quintal,FAQ
Kasganj APMC,27.109,Metric Tonnes,Dara Mill Quality,2671.0,2672.42,2671.93,Rs./Quintal,FAQ
Kasganj APMC,14.0,Metric Tonnes,Other,2700.0,2700.0,2700.0,Rs./Quintal,FAQ
Kayamganj APMC,12.0,Metric Tonnes,Dara,2380.0,2380.0,2380.0,Rs./Quintal,FAQ
Khaga APMC,27.6,Metric Tonnes,Dara,2600.0,2600.0,2600.0,Rs./Quintal,FAQ
Khair APMC,36.284,Metric Tonnes,Other,2600.0,2600.0,2600.0,Rs./Quintal,FAQ
Khairagarh APMC,3.0,Metric Tonnes,Other,2552.0,2558.0,2555.93,Rs./Quintal,FAQ
Khalilabad APMC,26.3,Metric Tonnes,Other,2530.0,2530.0,2530.0,Rs./Quintal,FAQ
Khalilabad APMC,70.25,Metric Tonnes,Dara,2530.0,2735.0,2652.85,Rs./Quintal,FAQ
Khurja APMC,3.5,Metric Tonnes,Other,2600.0,2600.0,2600.0,Rs./Quintal,FAQ
Khurja APMC,15.3,Metric Tonnes,PBW-343,2600.0,2600.0,2600.0,Rs./Quintal,FAQ
Kishunpur APMC,17.563,Metric Tonnes,Dara,2500.0,2500.0,2500.0,Rs./Quintal,FAQ
Kishunpur APMC,8.92,Metric Tonnes,Other,2500.0,2500.0,2500.0,Rs./Quintal,FAQ
Konch APMC,29.08,Metric Tonnes,Other,2600.0,2600.0,2600.0,Rs./Quintal,FAQ
Kopaganj APMC,11.3,Metric Tonnes,Dara,2585.0,2610.0,2603.19,Rs./Quintal,FAQ
Kosikalan APMC,94.1,Metric Tonnes,Dara,2500.0,2640.0,2519.48,Rs./Quintal,FAQ
Lakhimpur APMC,89.793,Metric Tonnes,Dara,2450.0,2640.0,2484.1,Rs./Quintal,FAQ
Lalganj APMC,153.905,Metric Tonnes,Dara,2400.0,2696.0,2579.91,Rs./Quintal,FAQ
Lalitpur APMC,113.6,Metric Tonnes,Dara Mill Quality,2350.0,2640.0,2525.9,Rs./Quintal,FAQ
Lalitpur APMC,34.5,Metric Tonnes,Other,2425.0,2425.0,2425.0,Rs./Quintal,FAQ
Lucknow APMC,13.0,Metric Tonnes,Dara Mill Quality,2400.0,2400.0,2400.0,Rs./Quintal,FAQ
Lucknow APMC,10.98,Metric Tonnes,Mill Quality,2450.0,2450.0,2450.0,Rs./Quintal,FAQ
Lucknow APMC,3.2,Metric Tonnes,Medium Fine,2690.0,2690.0,2690.0,Rs./Quintal,FAQ
Lucknow APMC,5.69,Metric Tonnes,Local,2600.0,2600.0,2600.0,Rs./Quintal,FAQ
Lucknow APMC,347.4,Metric Tonnes,Medium,2640.0,2690.0,2689.45,Rs./Quintal,FAQ
Madhogarh APMC,46.75,Metric Tonnes,Local,2550.0,2550.0,2550.0,Rs./Quintal,FAQ
Madhogarh APMC,28.0,Metric Tonnes,Dara,2550.0,2550.0,2550.0,Rs./Quintal,FAQ
Maholi APMC,16.14,Metric Tonnes,Dara,2400.0,2500.0,2438.66,Rs./Quintal,FAQ
Maigalganj APMC,24.0,Metric Tonnes,Other,2550.0,2550.0,2550.0,Rs./Quintal,FAQ
Maigalganj APMC,7.2,Metric Tonnes,Dara,2550.0,2550.0,2550.0,Rs./Quintal,FAQ
Mainpuri APMC,26.9,Metric Tonnes,Medium,2551.0,2601.0,2559.36,Rs./Quintal,FAQ
Mainpuri APMC,66.0,Metric Tonnes,Other,2551.0,2601.0,2596.83,Rs./Quintal,FAQ
Mainpuri APMC,55.0,Metric Tonnes,Dara,2551.0,2551.0,2551.0,Rs./Quintal,FAQ
Mainpuri APMC,6.05,Metric Tonnes,H.D.,2601.0,2601.0,2601.0,Rs./Quintal,FAQ
Mathura APMC,1.925,Metric Tonnes,Dara,2631.0,2631.0,2631.0,Rs./Quintal,FAQ
Mathura APMC,1.705,Metric Tonnes,Other,2630.0,2630.0,2630.0,Rs./Quintal,FAQ
Mathura APMC,30.685,Metric Tonnes,Medium,2450.0,2455.01,2452.06,Rs./Quintal,FAQ
Mau(Chitrakut) APMC,47.085,Metric Tonnes,Deshi,2300.0,2400.0,2353.28,Rs./Quintal,FAQ
Mau(Chitrakut) APMC,8.88,Metric Tonnes,Dara,2400.0,2400.0,2400.0,Rs./Quintal,FAQ
Mau(Chitrakut) APMC,34.265,Metric Tonnes,Other,2400.0,2400.0,2400.0,Rs./Quintal,FAQ
Mau(Chitrakut) APMC,26.2,Metric Tonnes,Medium,2400.0,2400.0,2400.0,Rs./Quintal,FAQ
Maudaha APMC,5.0,Metric Tonnes,Dara Mill Quality,2330.0,2330.0,2330.0,Rs./Quintal,FAQ
Maudaha APMC,14.78,Metric Tonnes,Other,2330.0,2330.0,2330.0,Rs./Quintal,FAQ
Maudaha APMC,25.0,Metric Tonnes,Dara,2400.0,2400.0,2400.0,Rs./Quintal,FAQ
Maudaha APMC,105.2,Metric Tonnes,Deshi,2330.0,2330.0,2330.0,Rs./Quintal,FAQ
Mauranipur APMC,30.5,Metric Tonnes,Medium,2400.0,2400.0,2400.0,Rs./Quintal,FAQ
Mauranipur APMC,66.795,Metric Tonnes,Other,2400.0,2500.0,2452.79,Rs./Quintal,FAQ
Meeranpur Katra APMC,9.6,Metric Tonnes,Medium,2490.0,2490.0,2490.0,Rs./Quintal,FAQ
Meeranpur Katra APMC,40.0,Metric Tonnes,Other,2490.0,2490.0,2490.0,Rs./Quintal,FAQ
Mehmoodabad APMC,131.69,Metric Tonnes,Other,2600.0,2685.0,2639.24,Rs./Quintal,FAQ
Mehrauni APMC,27.18,Metric Tonnes,Dara,2580.0,2610.0,2594.55,Rs./Quintal,FAQ
Mehrauni APMC,64.0,Metric Tonnes,Other,2550.0,2700.0,2645.31,Rs./Quintal,FAQ
Mihipurwa APMC,22.8,Metric Tonnes,Dara,2500.0,2500.0,2500.0,Rs./Quintal,FAQ
Milak APMC,36.06,Metric Tonnes,Medium,2585.0,2585.0,2585.0,Rs./Quintal,FAQ
Mirzapur APMC,20.7,Metric Tonnes,Dara,2650.0,2675.0,2654.55,Rs./Quintal,FAQ
Mishrit APMC,30.44,Metric Tonnes,Dara,2500.0,2500.0,2500.0,Rs./Quintal,FAQ
Mohammdi APMC,27.0,Metric Tonnes,Dara,2400.0,2650.0,2483.33,Rs./Quintal,FAQ
Moth APMC,55.9,Metric Tonnes,Deshi,2600.0,2600.0,2600.0,Rs./Quintal,FAQ
Muradabad APMC,2.05,Metric Tonnes,Other,2500.0,2510.0,2505.85,Rs./Quintal,FAQ
Muradabad APMC,30.0,Metric Tonnes,Dara,2680.0,2680.0,2680.0,Rs./Quintal,FAQ
Naanpara APMC,39.84,Metric Tonnes,Other,2400.0,2400.0,2400.0,Rs./Quintal,FAQ
Naanpara APMC,44.85,Metric Tonnes,Dara,2400.0,2420.0,2403.99,Rs./Quintal,FAQ
Naugarh APMC,117.1,Metric Tonnes,Dara,2500.0,2630.0,2537.76,Rs./Quintal,FAQ
Nautnava APMC,40.52,Metric Tonnes,Dara,2400.0,2400.0,2400.0,Rs./Quintal,FAQ
Nautnava APMC,1.56,Metric Tonnes,Wheat-Organic,2400.0,2400.0,2400.0,Rs./Quintal,FAQ
Orai APMC,16.4,Metric Tonnes,Other,2650.0,2650.0,2650.0,Rs./Quintal,FAQ
Orai APMC,19.2,Metric Tonnes,Dara,2500.0,2500.0,2500.0,Rs./Quintal,FAQ
Paliakala APMC,192.68,Metric Tonnes,Dara,2400.0,2450.0,2402.59,Rs./Quintal,FAQ
Partaval APMC,8.0,Metric Tonnes,Dara,2400.0,2400.0,2400.0,Rs./Quintal,FAQ
Payagpur APMC,10.69,Metric Tonnes,Medium,2500.0,2500.0,2500.0,Rs./Quintal,FAQ
Pilibhit APMC,0.6,Metric Tonnes,Dara,2650.0,2650.0,2650.0,Rs./Quintal,FAQ
Powayan APMC,18.825,Metric Tonnes,Dara,2656.0,2656.0,2656.0,Rs./Quintal,FAQ
Pratapgarh APMC,23.2,Metric Tonnes,Hybrid,2400.0,2400.0,2400.0,Rs./Quintal,FAQ
Pratapgarh APMC,7.9,Metric Tonnes,Medium,2400.0,2400.0,2400.0,Rs./Quintal,FAQ
Pratapgarh APMC,276.7,Metric Tonnes,Dara,2400.0,2600.0,2418.61,Rs./Quintal,FAQ
Prayagraj APMC,20.0,Metric Tonnes,Deshi,2250.0,2250.0,2250.0,Rs./Quintal,FAQ
Prayagraj APMC,90.13,Metric Tonnes,Dara,2250.0,2610.0,2431.93,Rs./Quintal,FAQ
Prayagraj APMC,15.1,Metric Tonnes,Other,2600.0,2600.0,2600.0,Rs./Quintal,FAQ
Pukharayan APMC,7.0,Metric Tonnes,Sharbati,2500.0,2500.0,2500.0,Rs./Quintal,FAQ
Pukharayan APMC,120.025,Metric Tonnes,Dara,2450.0,2600.0,2540.74,Rs./Quintal,FAQ
Puranpur APMC,17.155,Metric Tonnes,Dara,2600.0,2600.0,2600.0,Rs./Quintal,FAQ
Purwa APMC,247.065,Metric Tonnes,Dara,2450.0,2550.0,2475.99,Rs./Quintal,FAQ
Raath APMC,15.0,Metric Tonnes,Deshi,2400.0,2400.0,2400.0,Rs./Quintal,FAQ
Raath APMC,61.8,Metric Tonnes,Other,2400.0,2522.0,2411.45,Rs./Quintal,FAQ
Raibareilly APMC,8.06,Metric Tonnes,Medium,2400.0,2400.0,2400.0,Rs./Quintal,FAQ
Raibareilly APMC,0.5,Metric Tonnes,White,2400.0,2400.0,2400.0,Rs./Quintal,FAQ
Raibareilly APMC,303.69,Metric Tonnes,Dara,2400.0,2600.0,2487.59,Rs./Quintal,FAQ
Risia APMC,58.0,Metric Tonnes,Dara,2450.0,2500.0,2482.76,Rs./Quintal,FAQ
Rudauli APMC,70.962,Metric Tonnes,Dara,2475.0,2700.0,2593.29,Rs./Quintal,FAQ
Rura APMC,7.4,Metric Tonnes,Dara Mill Quality,2525.0,2525.0,2525.0,Rs./Quintal,FAQ
Rura APMC,90.6,Metric Tonnes,Other,2500.0,2700.0,2579.27,Rs./Quintal,FAQ
Rura APMC,93.42,Metric Tonnes,Medium,2500.0,2600.0,2535.5,Rs./Quintal,FAQ
Rura APMC,77.2,Metric Tonnes,Dara,2500.0,2650.0,2541.53,Rs./Quintal,FAQ
Rura APMC,4.0,Metric Tonnes,Deshi,2500.0,2500.0,2500.0,Rs./Quintal,FAQ
Safdarganj APMC,9.0,Metric Tonnes,PBW-343,2450.0,2450.0,2450.0,Rs./Quintal,FAQ
Safdarganj APMC,301.635,Metric Tonnes,Dara,2450.0,2500.0,2461.45,Rs./Quintal,FAQ
Saharanpur APMC,84.42,Metric Tonnes,Dara Mill Quality,2777.88,2865.92,2851.51,Rs./Quintal,FAQ
Sahiyapur APMC,6.6,Metric Tonnes,Sonalika,2430.0,2430.0,2430.0,Rs./Quintal,FAQ
Sahiyapur APMC,44.0,Metric Tonnes,Other,2430.0,2430.0,2430.0,Rs./Quintal,FAQ
Sahiyapur APMC,40.75,Metric Tonnes,Dara,2430.0,2430.0,2430.0,Rs./Quintal,FAQ
Saidpur APMC,20.0,Metric Tonnes,Other,2450.0,2450.0,2450.0,Rs./Quintal,FAQ
Salon APMC,9.315,Metric Tonnes,Medium,2500.0,2500.0,2500.0,Rs./Quintal,FAQ
Salon APMC,68.95,Metric Tonnes,Dara,2400.0,2600.0,2493.98,Rs./Quintal,FAQ
Sandila APMC,4.1,Metric Tonnes,Dara Mill Quality,2450.0,2450.0,2450.0,Rs./Quintal,FAQ
Sandila APMC,172.497,Metric Tonnes,Dara,2450.0,2480.0,2461.06,Rs./Quintal,FAQ
Sehjanwa APMC,88.903,Metric Tonnes,Dara,2575.0,2789.0,2737.86,Rs./Quintal,FAQ
Shadabad APMC,6.1,Metric Tonnes,Other,2425.0,2425.0,2425.0,Rs./Quintal,FAQ
Shahabad APMC,20.0,Metric Tonnes,Other,2587.0,2588.0,2587.5,Rs./Quintal,FAQ
Shahabad(New Mandi) APMC,55.8,Metric Tonnes,Dara,2450.0,2700.0,2610.39,Rs./Quintal,FAQ
Shahganj APMC,184.82,Metric Tonnes,Dara,2400.0,2710.0,2585.87,Rs./Quintal,FAQ
Shahjahanpur APMC,52.585,Metric Tonnes,Other,2600.0,2650.0,2606.64,Rs./Quintal,FAQ
Shahjahanpur APMC,156.433,Metric Tonnes,Dara,2475.0,2560.0,2524.89,Rs./Quintal,FAQ
Sidhauli APMC,39.5,Metric Tonnes,Dara,2400.0,2400.0,2400.0,Rs./Quintal,FAQ
Sikandraraau APMC,31.411,Metric Tonnes,Other,2500.0,2500.0,2500.0,Rs./Quintal,FAQ
Sitapur APMC,79.0,Metric Tonnes,Medium,2480.0,2500.0,2493.54,Rs./Quintal,FAQ
Sitapur APMC,49.17,Metric Tonnes,Dara,2640.0,2650.0,2646.94,Rs./Quintal,FAQ
Sitapur APMC,64.4,Metric Tonnes,Other,2450.0,2650.0,2611.8,Rs./Quintal,FAQ
Sitapur APMC,15.4,Metric Tonnes,Dara Mill Quality,2450.0,2450.0,2450.0,Rs./Quintal,FAQ
Sultanpur APMC,28.38,Metric Tonnes,Dara,2450.0,2450.0,2450.0,Rs./Quintal,FAQ
Sultanpur APMC,36.65,Metric Tonnes,Other,2700.0,2710.0,2704.91,Rs./Quintal,FAQ
Tanda Akbarpur APMC,17.1,Metric Tonnes,Dara,2450.0,2450.0,2450.0,Rs./Quintal,FAQ
Tikonia APMC,118.769,Metric Tonnes,Dara,2490.0,2625.0,2511.65,Rs./Quintal,FAQ
Tundla APMC,13.93,Metric Tonnes,Local,2750.0,2800.0,2784.21,Rs./Quintal,FAQ
Unnao APMC,54.255,Metric Tonnes,Dara Mill Quality,2550.0,2550.0,2550.0,Rs./Quintal,FAQ
Unnao APMC,152.6,Metric Tonnes,Other,2585.0,2585.0,2585.0,Rs./Quintal,FAQ
Unnao APMC,58.69,Metric Tonnes,Dara,2560.0,2560.0,2560.0,Rs./Quintal,FAQ
Uttaripura APMC,9.4,Metric Tonnes,Other,2400.0,2400.0,2400.0,Rs./Quintal,FAQ
Varanasi APMC,3.6,Metric Tonnes,Deshi,2425.0,2425.0,2425.0,Rs./Quintal,FAQ
Varanasi APMC,15.0,Metric Tonnes,Medium,2425.0,2425.0,2425.0,Rs./Quintal,FAQ
Viswan APMC,17.3,Metric Tonnes,Dara,2500.0,2650.0,2545.95,Rs./Quintal,FAQ
Total,15285.57,Metric Tonnes,,,,2538.94,Rs./Quintal,
State/UT Name : Uttarakhand
Lakshar APMC,1.8,Metric Tonnes,Other,2585.0,2600.0,2600.0,Rs./Quintal,Local
Total,1.8,Metric Tonnes,,,,2600.0,Rs./Quintal,
State/UT Name : West Bengal
Asansol APMC,4.8,Metric Tonnes,Kalyan,2600.0,2850.0,2765.0,Rs./Quintal,FAQ
Bishnupur(Bankura) APMC,0.22000000000000003,Metric Tonnes,Sonalika,2600.0,2800.0,2700.0,Rs./Quintal,FAQ
Durgapur APMC,4.8,Metric Tonnes,Kalyan,2600.0,2800.0,2725.0,Rs./Quintal,FAQ
Jangipur APMC,10.25,Metric Tonnes,Deshi,2525.0,2650.0,2575.0,Rs./Quintal,FAQ
Kandi APMC,2.0,Metric Tonnes,Sonalika,2700.0,2800.0,2750.0,Rs./Quintal,FAQ
Karimpur APMC,7.8,Metric Tonnes,Local,2600.0,2800.0,2700.0,Rs./Quintal,Grade Range-1
Kasimbazar APMC,2.0,Metric Tonnes,Sonalika,2700.0,2800.0,2750.0,Rs./Quintal,FAQ
Khatra APMC,0.19,Metric Tonnes,Sonalika,2600.0,2800.0,2700.0,Rs./Quintal,FAQ
Total,32.06,Metric Tonnes,,,,2679.75,Rs./Quintal,
Grand Total,34805.26,Metric Tonnes,,,,2633.63,Rs./Quintal,
Commodity Group Name : Pulses
Bengal Gram Dal(Chana Dal)
State/UT Name : Karnataka
Bengaluru APMC,110.10000000000001,Metric Tonnes,Bengal Gram Dal,7000.0,8500.0,7750.0,Rs./Quintal,Medium
Mysuru APMC,11.5,Metric Tonnes,Bengal Gram Dal,7700.0,8400.0,8350.0,Rs./Quintal,Local
Shimoga APMC,1.5,Metric Tonnes,Bengal Gram Dal,7800.0,7800.0,7800.0,Rs./Quintal,Local
Vijayapura APMC,22.5,Metric Tonnes,Bengal Gram Dal,6500.0,7275.0,6850.0,Rs./Quintal,Local
Total,145.6,Metric Tonnes,,,,7658.83,Rs./Quintal,
State/UT Name : Uttar Pradesh
Dhampur APMC,2.4,Metric Tonnes,Other,7500.0,7500.0,7500.0,Rs./Quintal,FAQ
Ghaziabad APMC,15.9,Metric Tonnes,Other,7519.22,7630.55,7582.59,Rs./Quintal,FAQ
Jangipura APMC,5.01,Metric Tonnes,Other,7451.0,7451.0,7451.0,Rs./Quintal,FAQ
Kanpur(Grain) APMC,0.75,Metric Tonnes,Other,7800.0,7800.0,7800.0,Rs./Quintal,FAQ
Kopaganj APMC,6.0,Metric Tonnes,Other,7375.0,7375.0,7375.0,Rs./Quintal,FAQ
Lucknow APMC,6.29,Metric Tonnes,Other,6475.0,9633.48,6620.62,Rs./Quintal,FAQ
Total,36.35,Metric Tonnes,,,,7362.76,Rs./Quintal,
Grand Total,181.95,Metric Tonnes,,,,7599.68,Rs./Quintal,
Red gram/Arhar/Tur(whole) (MSP: Rs. 8450.00/Quintal)
State/UT Name : Andhra Pradesh
Gooti APMC,0.1,Metric Tonnes,Local,4900.0,6500.0,5700.0,Rs./Quintal,Grade Range-1
Guntakal APMC,0.1,Metric Tonnes,Local,7000.0,8200.0,7500.0,Rs./Quintal,Local
Kanigiri APMC,0.1,Metric Tonnes,(Whole),8600.0,8800.0,8700.0,Rs./Quintal,Local
Kurnool APMC,0.1,Metric Tonnes,Local,8192.0,8192.0,8192.0,Rs./Quintal,FAQ
Macharla APMC,0.1,Metric Tonnes,Local,8200.0,8200.0,8200.0,Rs./Quintal,Grade Range-1
Narasaraopet APMC,0.1,Metric Tonnes,Local,8500.0,8500.0,8500.0,Rs./Quintal,FAQ
Podili APMC,0.1,Metric Tonnes,Arhar (Whole),8000.0,8200.0,8100.0,Rs./Quintal,FAQ
Tadipatri APMC,0.1,Metric Tonnes,Local,5750.0,5900.0,5850.0,Rs./Quintal,Grade Range-1
Total,0.8,Metric Tonnes,,,,7592.75,Rs./Quintal,
State/UT Name : Karnataka
APMC Hubballi,0.30000000000000004,Metric Tonnes,Arhar (Whole),3553.0,4069.0,3759.0,Rs./Quintal,Local
Basava Kalayana APMC,0.4,Metric Tonnes,Arhar (Whole),8300.0,8765.0,8400.0,Rs./Quintal,FAQ
Bhalki APMC,34.0,Metric Tonnes,Arhar (Whole),7022.0,9002.0,8644.0,Rs./Quintal,Non-FAQ
Bidar APMC,105.9,Metric Tonnes,Arhar (Whole),3333.0,9171.0,8793.0,Rs./Quintal,Non-FAQ
Chittapur APMC,23.900000000000002,Metric Tonnes,Arhar Dal(Tur),7100.0,8900.0,8500.0,Rs./Quintal,Non-FAQ
Gadag APMC,0.2,Metric Tonnes,Arhar (Whole),4769.0,4769.0,4769.0,Rs./Quintal,FAQ
Hoovinahadagali APMC,9.8,Metric Tonnes,Arhar (Whole),5900.0,5900.0,5900.0,Rs./Quintal,Non-FAQ
Jevargi APMC,37.0,Metric Tonnes,Arhar (Whole),7400.0,8000.0,7832.0,Rs./Quintal,FAQ
Kalaburagi APMC,80.0,Metric Tonnes,Arhar (Whole),7455.0,9411.0,8475.0,Rs./Quintal,Local
Kustagi APMC,49.2,Metric Tonnes,Red,8000.0,8400.0,8194.0,Rs./Quintal,FAQ
Laxmeshwar APMC,0.1,Metric Tonnes,Arhar (Whole),5358.0,5358.0,5358.0,Rs./Quintal,Non-FAQ
Lingasugur APMC,98.4,Metric Tonnes,Arhar (Whole),8180.0,8750.0,8400.0,Rs./Quintal,Non-FAQ
Raichur APMC,0.4,Metric Tonnes,Red,7000.0,7000.0,7000.0,Rs./Quintal,Grade Range-1
Talikot APMC,10.700000000000001,Metric Tonnes,Arhar (Whole),6909.0,8521.0,8054.0,Rs./Quintal,FAQ
Vijayapura APMC,18.6,Metric Tonnes,Arhar (Whole),7835.0,8079.0,7957.0,Rs./Quintal,Local
sedam,42.300000000000004,Metric Tonnes,Arhar (Whole),7700.0,8400.0,8045.0,Rs./Quintal,Non-FAQ
Total,511.2,Metric Tonnes,,,,8346.62,Rs./Quintal,
State/UT Name : Keralam
Palakkad Market,1.0,Metric Tonnes,Arhar Dal(Tur),12000.0,13500.0,12800.0,Rs./Quintal,FAQ
Total,1.0,Metric Tonnes,,,,12800.0,Rs./Quintal,
State/UT Name : Madhya Pradesh
Betul APMC,0.9800000000000001,Metric Tonnes,Arhar Dal(Tur),6000.0,7100.0,7100.0,Rs./Quintal,FAQ
Damoh APMC,51.013000000000005,Metric Tonnes,Arhar Dal(Tur),1600.0,8505.0,7000.0,Rs./Quintal,FAQ
Gadarwada APMC,3.722,Metric Tonnes,Arhar Dal(Tur),7188.0,7927.0,7927.0,Rs./Quintal,FAQ
Gadarwada APMC,1.26,Metric Tonnes,Arhar Dal(Tur),7800.0,8000.0,8000.0,Rs./Quintal,Non-FAQ
Indore APMC,89.95,Metric Tonnes,Arhar Dal(Tur),6200.0,6500.0,6500.0,Rs./Quintal,FAQ
Itarsi APMC,0.5900000000000001,Metric Tonnes,Arhar Dal(Tur),4300.0,6800.0,4300.0,Rs./Quintal,FAQ
Jabalpur APMC,36.736000000000004,Metric Tonnes,Arhar Dal(Tur),5955.0,8605.88,8605.88,Rs./Quintal,FAQ
Kareli APMC,5.050000000000001,Metric Tonnes,Arhar Dal(Tur),4500.0,7690.0,6500.0,Rs./Quintal,FAQ
Katni APMC,869.8270000000001,Metric Tonnes,Arhar Dal(Tur),6801.0,8736.0,8700.0,Rs./Quintal,FAQ
Katni APMC,1.0250000000000001,Metric Tonnes,Arhar Dal(Tur),4300.0,4300.0,4300.0,Rs./Quintal,Non-FAQ
Khandwa APMC,26.885000000000005,Metric Tonnes,Arhar Dal(Tur),6512.0,6652.0,6652.0,Rs./Quintal,FAQ
Narsinghpur APMC,0.377,Metric Tonnes,Arhar Dal(Tur),6790.0,7450.0,7450.0,Rs./Quintal,Non-FAQ
Pipariya APMC,4.4,Metric Tonnes,Arhar Dal(Tur),7402.0,7451.0,7451.0,Rs./Quintal,FAQ
Sagar APMC,0.296,Metric Tonnes,Arhar Dal(Tur),7055.0,7055.0,7055.0,Rs./Quintal,FAQ
Satna APMC,5.152000000000001,Metric Tonnes,Arhar Dal(Tur),4005.0,7905.0,7370.0,Rs./Quintal,FAQ
Saunsar (F&V) APMC,7.38,Metric Tonnes,Arhar (Whole),7900.0,8000.0,7933.0,Rs./Quintal,Local
Saunsar APMC,7.38,Metric Tonnes,Arhar Dal(Tur),7900.0,8000.0,7900.0,Rs./Quintal,FAQ
Total,1112.02,Metric Tonnes,,,,8347.9,Rs./Quintal,
State/UT Name : Maharashtra
APMC  Latur,79.5,Metric Tonnes,Other,8000.0,8830.0,8600.0,Rs./Quintal,FAQ
APMC Ahmedpur ,3.0,Metric Tonnes,Other,8000.0,8600.0,8300.0,Rs./Quintal,FAQ
APMC Akola ,101.4,Metric Tonnes,Other,8000.0,8685.0,8380.0,Rs./Quintal,FAQ
APMC Amarawati ,142.8,Metric Tonnes,Other,8150.0,8850.0,8500.0,Rs./Quintal,FAQ
APMC Arvi ,8.0,Metric Tonnes,Other,8000.0,8650.0,8100.0,Rs./Quintal,FAQ
APMC Babhulgaon ,15.0,Metric Tonnes,Other,8001.0,8555.0,8301.0,Rs./Quintal,FAQ
APMC Beed ,0.7,Metric Tonnes,Other,8000.0,8000.0,8000.0,Rs./Quintal,FAQ
APMC Chandur Railway ,0.3,Metric Tonnes,Other,8300.0,8300.0,8300.0,Rs./Quintal,FAQ
APMC Daryapur ,80.0,Metric Tonnes,Other,8000.0,8660.0,8400.0,Rs./Quintal,FAQ
APMC Dudhani ,42.0,Metric Tonnes,Other,8150.0,9300.0,8679.0,Rs./Quintal,FAQ
APMC Dudhani ,7.3,Metric Tonnes,Other,7300.0,7990.0,7712.0,Rs./Quintal,Non-FAQ
APMC Gevrai ,1.3,Metric Tonnes,Other,8400.0,8400.0,8400.0,Rs./Quintal,FAQ
APMC Hingoli ,3.5,Metric Tonnes,Other,7570.0,7990.0,7780.0,Rs./Quintal,Non-FAQ
APMC Karanja ,57.5,Metric Tonnes,Other,8225.0,8495.0,8225.0,Rs./Quintal,FAQ
APMC Khamgaon ,96.1,Metric Tonnes,Other,8100.0,8800.0,8450.0,Rs./Quintal,FAQ
APMC Khamgaon ,10.2,Metric Tonnes,Other,5775.0,7500.0,6638.0,Rs./Quintal,Non-FAQ
APMC Lasur Station ,1.6,Metric Tonnes,Other,6650.0,7976.0,7401.0,Rs./Quintal,Non-FAQ
APMC Lonar ,19.6,Metric Tonnes,Other,8100.0,8500.0,8300.0,Rs./Quintal,FAQ
APMC Malkapur ,130.0,Metric Tonnes,Other,8700.0,8850.0,8800.0,Rs./Quintal,FAQ
APMC Malkapur ,3.0,Metric Tonnes,Other,7300.0,7300.0,7300.0,Rs./Quintal,Non-FAQ
APMC Murtizapur ,13.0,Metric Tonnes,Other,8005.0,8520.0,8265.0,Rs./Quintal,FAQ
APMC Murum ,9.6,Metric Tonnes,Other,8650.0,8650.0,8650.0,Rs./Quintal,FAQ
APMC Murum ,1.5,Metric Tonnes,Other,7820.0,7820.0,7820.0,Rs./Quintal,Non-FAQ
APMC Nagpur ,59.3,Metric Tonnes,Other,8000.0,8556.0,8417.0,Rs./Quintal,FAQ
APMC Nandgaon Khandeshwar ,1.6,Metric Tonnes,Other,8050.0,8575.0,8400.0,Rs./Quintal,FAQ
APMC Nandura ,95.0,Metric Tonnes,Other,8040.0,8791.0,8675.0,Rs./Quintal,FAQ
APMC Shegaon ,0.1,Metric Tonnes,Other,8000.0,8000.0,8000.0,Rs./Quintal,FAQ
APMC Telhara ,5.0,Metric Tonnes,Other,8000.0,8625.0,8570.0,Rs./Quintal,FAQ
APMC Vaijpur ,0.2,Metric Tonnes,Other,6100.0,7900.0,6850.0,Rs./Quintal,Non-FAQ
Barshi(Vairag) ,0.1,Metric Tonnes,Other,7400.0,7400.0,7400.0,Rs./Quintal,Non-FAQ
"Bsk Krishi Bazar Private Limited, Mehkar, Dist Buldhana",3.7,Metric Tonnes,Other,7000.0,8300.0,8270.0,Rs./Quintal,Local
"Jaykissan Krushi Uttpan Khajgi Bazar, Khamgaon, Dist Buldhana",16.09,Metric Tonnes,Other,5000.0,8625.0,8446.0,Rs./Quintal,Local
KISAN MARKET YARD,3.17,Metric Tonnes,Other,7900.0,7950.0,7949.0,Rs./Quintal,Local
Karjat(Rashin) ,4.9,Metric Tonnes,Other,8000.0,8600.0,8400.0,Rs./Quintal,FAQ
"Krushna Krishi Bazar, Washim",3.11,Metric Tonnes,Other,7500.0,8400.0,8293.0,Rs./Quintal,Local
"M/S Kalpana Agri Commodities Marketing, Nagpur",5.46,Metric Tonnes,Other,7600.0,7600.0,7600.0,Rs./Quintal,Local
"N.N.Mundhada Agriculture Market Produce, Dist Washim",1.1,Metric Tonnes,Other,7800.0,8000.0,7802.0,Rs./Quintal,Local
"Ramdev Krushi Bazaar, Digras road, Manora, Dist Washim",1.92,Metric Tonnes,Other,7800.0,8100.0,7971.0,Rs./Quintal,Local
"Shree Salasar Krushi Bazar, Dist Parbhani",0.18,Metric Tonnes,Other,7500.0,7500.0,7500.0,Rs./Quintal,Local
Sindi (Selu),0.6,Metric Tonnes,Other,7200.0,7700.0,7450.0,Rs./Quintal,Non-FAQ
Total,1028.43,Metric Tonnes,,,,8467.4,Rs./Quintal,
State/UT Name : Tamil Nadu
Gudalur(Uzhavar Sandhai ),0.03,Metric Tonnes,Arhar (Whole),4500.0,4800.0,4650.0,Rs./Quintal,Local
Total,0.03,Metric Tonnes,,,,4650.0,Rs./Quintal,
State/UT Name : Telangana
Suryapeta APMC,1.2000000000000002,Metric Tonnes,Local,7766.0,8244.0,8231.0,Rs./Quintal,Local
Tanduru APMC,0.8500000000000001,Metric Tonnes,(Whole),14020.0,17208.0,14020.0,Rs./Quintal,Grade Range-1
Tirumalagiri APMC,0.9,Metric Tonnes,Local,7819.0,7969.0,7839.0,Rs./Quintal,FAQ
Zaheerabad APMC,3.75,Metric Tonnes,Arhar (Whole),6864.0,8655.0,8617.0,Rs./Quintal,Local
Total,6.7,Metric Tonnes,,,,9128.81,Rs./Quintal,
State/UT Name : Uttar Pradesh
Atarra APMC,11.0,Metric Tonnes,Other,6600.0,6600.0,6600.0,Rs./Quintal,FAQ
Auraiya APMC,3.42,Metric Tonnes,Other,7300.0,7300.0,7300.0,Rs./Quintal,FAQ
Bharuasumerpur APMC,3.6,Metric Tonnes,Other,6500.0,6500.0,6500.0,Rs./Quintal,FAQ
Robertsganj APMC,25.02,Metric Tonnes,Other,5000.0,5000.0,5000.0,Rs./Quintal,FAQ
Total,43.04,Metric Tonnes,,,,5717.15,Rs./Quintal,
Grand Total,2703.22,Metric Tonnes,,,,8354.55,Rs./Quintal,
Commodity Group Name : Vegetables
Cabbage
State/UT Name : Andhra Pradesh
Palamaner APMC,6.5,Metric Tonnes,Cabbage,600.0,1000.0,800.0,Rs./Quintal,FAQ
Total,6.5,Metric Tonnes,,,,800.0,Rs./Quintal,
State/UT Name : Assam
Balugaon APMC,1.8,Metric Tonnes,Cabbage,1700.0,1900.0,1800.0,Rs./Quintal,Local
Besimari APMC,2.2,Metric Tonnes,Cabbage,1600.0,1800.0,1700.0,Rs./Quintal,Local
Pamohi(Garchuk) APMC,15.0,Metric Tonnes,Cabbage,2000.0,3000.0,2500.0,Rs./Quintal,FAQ
Tinsukia Market,0.8,Metric Tonnes,Cabbage,2500.0,3500.0,3000.0,Rs./Quintal,FAQ
Uparhali Pmy APMC,1.0,Metric Tonnes,Cabbage,2200.0,2500.0,2500.0,Rs./Quintal,FAQ
Total,20.8,Metric Tonnes,,,,2374.04,Rs./Quintal,
State/UT Name : Chandigarh
Chandigarh (Grain/F&V) APMC,30.03,Metric Tonnes,Cabbage,500.0,1500.0,1300.0,Rs./Quintal,FAQ
Total,30.03,Metric Tonnes,,,,1300.0,Rs./Quintal,
State/UT Name : Chattisgarh
Rajnandgaon APMC,30.9,Metric Tonnes,Cabbage,1000.0,1200.0,1100.0,Rs./Quintal,Grade B
Tiphra APMC,12.0,Metric Tonnes,Cabbage,1200.0,1400.0,1300.0,Rs./Quintal,Grade B
Total,42.9,Metric Tonnes,,,,1155.94,Rs./Quintal,
State/UT Name : Gujarat
Ahmedabad APMC,324.70000000000005,Metric Tonnes,Other,1500.0,2200.0,1700.0,Rs./Quintal,FAQ
"Anand(Veg,Yard,Anand) APMC",8.5,Metric Tonnes,Cabbage,1500.0,2000.0,1750.0,Rs./Quintal,Grade B
Bharuch APMC,7.5,Metric Tonnes,Other,1000.0,1500.0,1200.0,Rs./Quintal,Local
Bilimora APMC,7.4,Metric Tonnes,Other,1000.0,1500.0,1200.0,Rs./Quintal,FAQ
Dahod(Veg. Market) APMC,1.3,Metric Tonnes,Cabbage,1500.0,2200.0,1900.0,Rs./Quintal,Local
Damnagar APMC,0.05,Metric Tonnes,Cabbage,3000.0,3000.0,3000.0,Rs./Quintal,Local
Deesa(Deesa Veg Yard) APMC,36.0,Metric Tonnes,Other,1500.0,2000.0,1700.0,Rs./Quintal,FAQ
Himatnagar(Veg.Market Himatnagar) APMC,2.0,Metric Tonnes,Cabbage,2500.0,3000.0,2840.0,Rs./Quintal,Local
Kapadvanj APMC,6.0,Metric Tonnes,Cabbage,1000.0,1500.0,1250.0,Rs./Quintal,Medium
Khambhat(Veg Yard Khambhat) APMC,0.30000000000000004,Metric Tonnes,Other,2000.0,2500.0,2200.0,Rs./Quintal,Local
Navsari APMC,9.68,Metric Tonnes,Cabbage,1500.0,2000.0,1750.0,Rs./Quintal,Local
Padra APMC,1.6,Metric Tonnes,Other,1000.0,1500.0,1250.0,Rs./Quintal,FAQ
Surat APMC,141.0,Metric Tonnes,Cabbage,800.0,2500.0,1650.0,Rs./Quintal,FAQ
Vadhvan APMC,2.2,Metric Tonnes,Cabbage,1000.0,2000.0,1500.0,Rs./Quintal,Medium
Total,548.23,Metric Tonnes,,,,1673.19,Rs./Quintal,
State/UT Name : Haryana
Ballabhgarh APMC,7.1000000000000005,Metric Tonnes,Other,1000.0,1700.0,1500.0,Rs./Quintal,FAQ
Faridabad APMC,9.6,Metric Tonnes,Cabbage,1800.0,1800.0,1800.0,Rs./Quintal,Local
Ganaur APMC,0.4,Metric Tonnes,Cabbage,2500.0,3000.0,2800.0,Rs./Quintal,Medium
Hansi APMC,1.8,Metric Tonnes,Other,2500.0,3000.0,2750.0,Rs./Quintal,FAQ
Jagadhri APMC,1.038,Metric Tonnes,Cabbage,1700.0,2200.0,1900.0,Rs./Quintal,Medium
Kosli APMC,0.1,Metric Tonnes,Other,2000.0,2000.0,2000.0,Rs./Quintal,FAQ
Ladwa APMC,0.2,Metric Tonnes,Cabbage,3500.0,4000.0,4000.0,Rs./Quintal,Medium
Meham,0.2,Metric Tonnes,Cabbage,3000.0,3000.0,3000.0,Rs./Quintal,Medium
Mohindergarh APMC,0.6000000000000001,Metric Tonnes,Cabbage,1500.0,2500.0,2000.0,Rs./Quintal,Medium
Naraingarh APMC,0.30000000000000004,Metric Tonnes,Cabbage,700.0,1000.0,800.0,Rs./Quintal,Medium
Narnaul APMC,1.0,Metric Tonnes,Cabbage,2000.0,3000.0,2500.0,Rs./Quintal,Medium
Panipat APMC,4.9,Metric Tonnes,Other,1000.0,2000.0,1500.0,Rs./Quintal,Local
Radaur APMC,0.4,Metric Tonnes,Other,1400.0,1600.0,1500.0,Rs./Quintal,Medium
Sadhaura APMC,0.4,Metric Tonnes,Cabbage,1800.0,1950.0,1900.0,Rs./Quintal,Local
Siwan APMC,0.3,Metric Tonnes,Other,1400.0,1600.0,1500.0,Rs./Quintal,FAQ
Sonepat APMC,0.7000000000000001,Metric Tonnes,Other,1400.0,1500.0,1400.0,Rs./Quintal,FAQ
Thanesar APMC,3.9000000000000004,Metric Tonnes,Cabbage,1500.0,3000.0,2250.0,Rs./Quintal,Local
Total,32.94,Metric Tonnes,,,,1834.57,Rs./Quintal,
State/UT Name : Himachal Pradesh
PMY Hamirpur,0.58,Metric Tonnes,Cabbage,3000.0,3200.0,3100.0,Rs./Quintal,Grade B
PMY Kangra,1.4000000000000001,Metric Tonnes,Cabbage,3000.0,3200.0,3100.0,Rs./Quintal,FAQ
PMY Kather Solan,0.95,Metric Tonnes,Cabbage,1800.0,2100.0,2000.0,Rs./Quintal,Medium
PMY Kullu,1.0,Metric Tonnes,Other,2000.0,2200.0,2100.0,Rs./Quintal,FAQ
PMY Una,1.2000000000000002,Metric Tonnes,Cabbage,2500.0,3000.0,2800.0,Rs./Quintal,FAQ
SMY Baijnath,0.3,Metric Tonnes,Cabbage,2500.0,3000.0,2800.0,Rs./Quintal,Grade B
SMY Dhanotu,0.4,Metric Tonnes,Cabbage,1500.0,2000.0,1750.0,Rs./Quintal,FAQ
SMY Jaisinghpur,0.1,Metric Tonnes,Cabbage,2800.0,3200.0,3000.0,Rs./Quintal,FAQ
SMY Jogindernagar,0.1,Metric Tonnes,Cabbage,2500.0,2600.0,2550.0,Rs./Quintal,Grade B
SMY Nagrota Bagwan,0.2,Metric Tonnes,Cabbage,2800.0,3000.0,2900.0,Rs./Quintal,FAQ
SMY Nalagarh,0.2,Metric Tonnes,Other,2300.0,2800.0,2600.0,Rs./Quintal,Medium
SMY Palampur,2.0,Metric Tonnes,Cabbage,2500.0,3000.0,2800.0,Rs./Quintal,FAQ
SMY Rohroo,0.30000000000000004,Metric Tonnes,Other,2200.0,2400.0,2300.0,Rs./Quintal,Grade B
SMY Santoshgarh,0.15000000000000002,Metric Tonnes,Cabbage,2200.0,2200.0,2200.0,Rs./Quintal,FAQ
Total,8.88,Metric Tonnes,,,,2625.34,Rs./Quintal,
State/UT Name : Jammu and Kashmir
Parimpore Srinagar (F&V),13.5,Metric Tonnes,Other,1800.0,1900.0,1850.0,Rs./Quintal,Grade A
Total,13.5,Metric Tonnes,,,,1850.0,Rs./Quintal,
State/UT Name : Karnataka
Bagepalli APMC,2.8000000000000003,Metric Tonnes,Cabbage,1000.0,1500.0,1200.0,Rs./Quintal,Small
Bangarpet APMC,0.4,Metric Tonnes,Cabbage,300.0,1500.0,500.0,Rs./Quintal,Local
Binny Mill (FF&V) Bengaluru APMC,23.8,Metric Tonnes,Cabbage,1600.0,1800.0,1700.0,Rs./Quintal,Local
Chamarajanagar APMC,1.0,Metric Tonnes,Cabbage,1200.0,1800.0,1500.0,Rs./Quintal,Local
Chickkaballapura APMC,40.0,Metric Tonnes,Cabbage,500.0,600.0,550.0,Rs./Quintal,Local
Davangere APMC,1.0,Metric Tonnes,Cabbage,800.0,2300.0,1300.0,Rs./Quintal,Local
Doddaballapur APMC,0.8,Metric Tonnes,Cabbage,1000.0,1500.0,1200.0,Rs./Quintal,Medium
Gauribidanur APMC,0.8,Metric Tonnes,Cabbage,800.0,1200.0,1000.0,Rs./Quintal,Local
Honnali APMC,3.5,Metric Tonnes,Cabbage,400.0,500.0,450.0,Rs./Quintal,Medium
Hospet APMC,8.6,Metric Tonnes,Cabbage,1000.0,1200.0,1200.0,Rs./Quintal,Local
Hunsur APMC,4.0,Metric Tonnes,Cabbage,1250.0,1250.0,1250.0,Rs./Quintal,Local
Ramanagara APMC,1.6,Metric Tonnes,Cabbage,1000.0,1600.0,1200.0,Rs./Quintal,Local
Total,88.3,Metric Tonnes,,,,1012.4,Rs./Quintal,
State/UT Name : Keralam
Adimali Market,0.05,Metric Tonnes,Cabbage,4000.0,6000.0,5000.0,Rs./Quintal,Medium
Anchal Market,0.5,Metric Tonnes,Cabbage,6700.0,6700.0,6700.0,Rs./Quintal,Medium
Aralamoodu Market,2.0,Metric Tonnes,Cabbage,3500.0,4000.0,4000.0,Rs./Quintal,FAQ
Aroor Market,0.2,Metric Tonnes,Other,4000.0,4200.0,4100.0,Rs./Quintal,FAQ
Athirampuzha Market,0.5,Metric Tonnes,Cabbage,3000.0,3200.0,3100.0,Rs./Quintal,FAQ
Balarampuram Market,0.4,Metric Tonnes,Cabbage,4000.0,4500.0,4000.0,Rs./Quintal,FAQ
Chalakudy Market,0.03,Metric Tonnes,Cabbage,4000.0,4500.0,4500.0,Rs./Quintal,FAQ
Chavakkad Market,0.12,Metric Tonnes,Cabbage,3000.0,4000.0,4000.0,Rs./Quintal,FAQ
Chelakkara Market,0.2,Metric Tonnes,Cabbage,3200.0,3500.0,3400.0,Rs./Quintal,FAQ
Chengannur Market,0.5,Metric Tonnes,Other,3900.0,4200.0,4000.0,Rs./Quintal,FAQ
Cherthala Market,0.3,Metric Tonnes,Cabbage,4000.0,4200.0,4100.0,Rs./Quintal,FAQ
Ettumanoor Market,1.0,Metric Tonnes,Cabbage,3200.0,3600.0,3400.0,Rs./Quintal,FAQ
Harippad Market,0.7,Metric Tonnes,Cabbage,5000.0,5500.0,5000.0,Rs./Quintal,FAQ
Irinjalakkuda Market,0.1,Metric Tonnes,Cabbage,3500.0,3700.0,3600.0,Rs./Quintal,FAQ
Kallachi Market,0.1,Metric Tonnes,Cabbage,2200.0,2600.0,2400.0,Rs./Quintal,FAQ
Kanjangadu Market,0.5,Metric Tonnes,Cabbage,3600.0,4200.0,3800.0,Rs./Quintal,FAQ
Kanjirappally Market,0.5,Metric Tonnes,Cabbage,4400.0,4800.0,4600.0,Rs./Quintal,FAQ
Kattakada Market,3.8,Metric Tonnes,Other,3000.0,3400.0,3000.0,Rs./Quintal,Grade B
Kattappana Market,2.1,Metric Tonnes,Other,3000.0,3500.0,3200.0,Rs./Quintal,Medium
Kayamkulam Market,1.0,Metric Tonnes,Other,2600.0,2800.0,2700.0,Rs./Quintal,FAQ
Koduvayoor Market,0.9,Metric Tonnes,Cabbage,1700.0,2100.0,1900.0,Rs./Quintal,Medium
Kothamangalam Market,1.0,Metric Tonnes,Cabbage,3500.0,5000.0,4000.0,Rs./Quintal,FAQ
Kottakkal Market,3.0,Metric Tonnes,Other,1600.0,1800.0,1700.0,Rs./Quintal,Local
Kuruppanthura Market,1.0,Metric Tonnes,Other,4600.0,5000.0,4800.0,Rs./Quintal,FAQ
Madhavapuram Market,0.6,Metric Tonnes,Other,5700.0,6100.0,5900.0,Rs./Quintal,FAQ
Mukkom Market,0.4,Metric Tonnes,Cabbage,2600.0,3000.0,2800.0,Rs./Quintal,FAQ
Neeleswaram Market,0.7,Metric Tonnes,Other,4000.0,4400.0,4200.0,Rs./Quintal,FAQ
Neyyatinkara Market,0.01,Metric Tonnes,Other,3400.0,4000.0,3700.0,Rs./Quintal,FAQ
North Paravur Market,1.0,Metric Tonnes,Cabbage,2000.0,3000.0,2500.0,Rs./Quintal,FAQ
Pala Market,1.0,Metric Tonnes,Cabbage,3600.0,4400.0,4000.0,Rs./Quintal,FAQ
Palakkad Market,2.0,Metric Tonnes,Cabbage,1800.0,2500.0,2200.0,Rs./Quintal,FAQ
Pampady Market,1.0,Metric Tonnes,Cabbage,2500.0,4000.0,3500.0,Rs./Quintal,FAQ
Parappanangadi Market,1.8,Metric Tonnes,Other,1300.0,1500.0,1400.0,Rs./Quintal,FAQ
Perinthalmanna Market,4.0,Metric Tonnes,Cabbage,2400.0,2600.0,2500.0,Rs./Quintal,Large
Perumbavoor Market,3.0,Metric Tonnes,Cabbage,4500.0,5400.0,4900.0,Rs./Quintal,Medium
Pothencode Market,650.0,Metric Tonnes,Cabbage,4500.0,4600.0,4500.0,Rs./Quintal,Local
Quilandy Market,0.3,Metric Tonnes,Other,3200.0,3500.0,3300.0,Rs./Quintal,FAQ
Thalayolaparambu Market,0.5,Metric Tonnes,Cabbage,2400.0,2700.0,2500.0,Rs./Quintal,FAQ
Thamarassery Market,0.5,Metric Tonnes,Other,2300.0,2600.0,2300.0,Rs./Quintal,FAQ
Thrippunithura Market,1.0,Metric Tonnes,Cabbage,5000.0,6000.0,5200.0,Rs./Quintal,Medium
Thrissur Market,6.0,Metric Tonnes,Cabbage,3500.0,4000.0,3800.0,Rs./Quintal,FAQ
Vadakkenchery Market,0.23,Metric Tonnes,Cabbage,4500.0,5000.0,5000.0,Rs./Quintal,FAQ
Total,694.54,Metric Tonnes,,,,4427.42,Rs./Quintal,
State/UT Name : Madhya Pradesh
Badwaha (F&V) APMC,0.2,Metric Tonnes,Cabbage,1390.0,2100.0,1800.0,Rs./Quintal,Grade A
Badwani(F&V) APMC,0.509,Metric Tonnes,Cabbage,1000.0,1000.0,1000.0,Rs./Quintal,Local
Bareli(F&V) APMC,0.55,Metric Tonnes,Cabbage,1150.0,1150.0,1150.0,Rs./Quintal,Grade A
Betul(F&V) APMC,1.0,Metric Tonnes,Cabbage,600.0,1000.0,800.0,Rs./Quintal,FAQ
Bhopal(F&V) APMC,42.0,Metric Tonnes,Other,500.0,1500.0,800.0,Rs./Quintal,Local
Chhatarpur (F&V) APMC,1.3,Metric Tonnes,Other,1500.0,1500.0,1500.0,Rs./Quintal,Grade C
Chhindwara(F&V) APMC,1.3,Metric Tonnes,Cabbage,300.0,500.0,400.0,Rs./Quintal,Local
Dewas(F&V) APMC,1.2000000000000002,Metric Tonnes,Other,600.0,1600.0,800.0,Rs./Quintal,FAQ
Dhamnod(F&V) APMC,8.0,Metric Tonnes,Cabbage,900.0,1500.0,1300.0,Rs./Quintal,Local
Guna(F&V) APMC,2.4,Metric Tonnes,Cabbage,1000.0,1200.0,1100.0,Rs./Quintal,Grade B
Haatpipliya (F&V) APMC,0.08600000000000001,Metric Tonnes,Cabbage,1000.0,2600.0,2300.0,Rs./Quintal,Local
Harda(F&V) APMC,1.1,Metric Tonnes,Other,1000.0,1500.0,1200.0,Rs./Quintal,Medium
Indore(F&V) APMC,30.0,Metric Tonnes,Cabbage,200.0,800.0,500.0,Rs./Quintal,Local
Kailaras APMC,0.6960000000000001,Metric Tonnes,Cabbage,800.0,1500.0,1500.0,Rs./Quintal,FAQ
Kukshi(F&V) APMC,1.5,Metric Tonnes,Cabbage,300.0,500.0,400.0,Rs./Quintal,Grade A
Manawar(F&V) APMC,0.4,Metric Tonnes,Cabbage,1100.0,1500.0,1200.0,Rs./Quintal,Grade B
Mandsaur(F&V) APMC,3.0,Metric Tonnes,Cabbage,800.0,2200.0,1250.0,Rs./Quintal,Grade A
Narmadapuram (F&V) APMC,0.5,Metric Tonnes,Cabbage,850.0,1370.0,930.0,Rs./Quintal,FAQ
Pipariya(F&V) APMC,2.0,Metric Tonnes,Cabbage,600.0,2000.0,1300.0,Rs./Quintal,Local
Porsa APMC,2.5,Metric Tonnes,Cabbage,700.0,700.0,700.0,Rs./Quintal,FAQ
Ratlam(F&V) APMC,1.8,Metric Tonnes,Other,1400.0,2600.0,2200.0,Rs./Quintal,FAQ
Rewa(F&V) APMC,6.9,Metric Tonnes,Cabbage,1100.0,1100.0,1100.0,Rs./Quintal,Medium
Sehore(F&V) APMC,1.0,Metric Tonnes,Cabbage,1200.0,2200.0,2000.0,Rs./Quintal,Grade Range-1
Sendhwa(F&V) APMC,0.6000000000000001,Metric Tonnes,Cabbage,800.0,1000.0,900.0,Rs./Quintal,Medium
Ujjain(F&V) APMC,0.45,Metric Tonnes,Cabbage,615.0,2100.0,1208.0,Rs./Quintal,Medium
Total,110.99,Metric Tonnes,,,,848.82,Rs./Quintal,
State/UT Name : Maharashtra
APMC Ahilyanagar ,17.1,Metric Tonnes,Other,200.0,1000.0,600.0,Rs./Quintal,Local
APMC Akluj ,2.8,Metric Tonnes,Other,500.0,800.0,700.0,Rs./Quintal,Local
APMC Bhusaval ,0.6,Metric Tonnes,Other,800.0,1200.0,1000.0,Rs./Quintal,Local
APMC Chattrapati Sambhajinagar ,17.0,Metric Tonnes,Other,1500.0,1800.0,1650.0,Rs./Quintal,Local
APMC Dharashiv ,1.3,Metric Tonnes,Other,600.0,1300.0,950.0,Rs./Quintal,Local
APMC Ghoti ,1.2,Metric Tonnes,Other,900.0,1000.0,950.0,Rs./Quintal,Local
APMC Hingna,0.4,Metric Tonnes,Other,1200.0,2000.0,1550.0,Rs./Quintal,Local
APMC Kalmeshwar ,0.1,Metric Tonnes,Other,1545.0,2000.0,1825.0,Rs./Quintal,Local
APMC Kamthi ,1.0,Metric Tonnes,Other,2000.0,2500.0,2350.0,Rs./Quintal,Local
APMC Kolhapur ,12.9,Metric Tonnes,Other,600.0,800.0,700.0,Rs./Quintal,Local
APMC Mumbai ,126.1,Metric Tonnes,Other,800.0,1200.0,1000.0,Rs./Quintal,Local
APMC Nagpur ,60.0,Metric Tonnes,Other,1500.0,1700.0,1650.0,Rs./Quintal,Local
APMC Nasik ,88.1,Metric Tonnes,Other,835.0,1540.0,1250.0,Rs./Quintal,Local
APMC Navapur ,1.8,Metric Tonnes,Other,1000.0,1500.0,1083.0,Rs./Quintal,Local
APMC Rahuri ,2.8,Metric Tonnes,Other,400.0,2000.0,1200.0,Rs./Quintal,Local
APMC Ramtek ,0.1,Metric Tonnes,Other,1000.0,2000.0,1500.0,Rs./Quintal,Local
APMC Satara ,4.5,Metric Tonnes,Other,1000.0,1500.0,1250.0,Rs./Quintal,Local
APMC Solapur ,14.7,Metric Tonnes,Other,300.0,1000.0,600.0,Rs./Quintal,Local
Amrawati(Frui & Veg. Market) ,10.9,Metric Tonnes,Other,1000.0,1500.0,1250.0,Rs./Quintal,Local
Junnar(Narayangaon) ,25.6,Metric Tonnes,Other,500.0,1000.0,750.0,Rs./Quintal,Local
Junnar(Otur) ,31.1,Metric Tonnes,Other,500.0,1110.0,800.0,Rs./Quintal,Local
Khed(Chakan) ,25.1,Metric Tonnes,Other,700.0,1200.0,1000.0,Rs./Quintal,Local
Pune(Khadiki) ,0.8,Metric Tonnes,Other,700.0,1200.0,950.0,Rs./Quintal,Local
Pune(Manjri) ,10.2,Metric Tonnes,Other,600.0,1100.0,900.0,Rs./Quintal,Local
Pune(Moshi) ,22.5,Metric Tonnes,Other,1000.0,1200.0,1100.0,Rs./Quintal,Local
Pune(Pimpri) ,0.1,Metric Tonnes,Other,1200.0,1300.0,1250.0,Rs./Quintal,Local
Total,478.8,Metric Tonnes,,,,1103.13,Rs./Quintal,
State/UT Name : NCT of Delhi
APMC Azadpur,246.1,Metric Tonnes,Cabbage,1200.0,2200.0,1600.0,Rs./Quintal,FAQ
APMC Keshopur,49.02,Metric Tonnes,Cabbage,1400.0,2500.0,2100.0,Rs./Quintal,FAQ
"Fruit&Vegetable Market,Gazipur APMC",230.27,Metric Tonnes,Cabbage,1600.0,2000.0,1800.0,Rs./Quintal,FAQ
Total,525.39,Metric Tonnes,,,,1734.31,Rs./Quintal,
State/UT Name : Nagaland
Mangkolemba APMC,0.36000000000000004,Metric Tonnes,Other,1500.0,1700.0,1600.0,Rs./Quintal,FAQ
Total,0.36,Metric Tonnes,,,,1600.0,Rs./Quintal,
State/UT Name : Odisha
Angaura APMC,0.24500000000000002,Metric Tonnes,Other,3900.0,4900.0,4400.0,Rs./Quintal,Medium
Attabira APMC,1.08,Metric Tonnes,Cabbage,1450.0,1750.0,1600.0,Rs./Quintal,Local
Bargarh APMC,209.0,Metric Tonnes,Cabbage,3000.0,4000.0,3500.0,Rs./Quintal,Medium
Bargarh(Barapalli) APMC,185.0,Metric Tonnes,Cabbage,2000.0,3000.0,2500.0,Rs./Quintal,Medium
Baripada APMC,1.2000000000000002,Metric Tonnes,Cabbage,3500.0,4000.0,3800.0,Rs./Quintal,Medium
Bhawanipatna APMC,1.375,Metric Tonnes,Cabbage,2600.0,2600.0,2600.0,Rs./Quintal,Local
Bolangir APMC,2.3000000000000003,Metric Tonnes,Other,2200.0,2600.0,2400.0,Rs./Quintal,Medium
Boudh APMC,1.0,Metric Tonnes,Other,4000.0,5000.0,4500.0,Rs./Quintal,Local
Champua APMC,0.2,Metric Tonnes,Other,5000.0,5000.0,5000.0,Rs./Quintal,Local
Deogarh APMC,10.0,Metric Tonnes,Cabbage,5100.0,5500.0,5300.0,Rs./Quintal,FAQ
Dhenkanal APMC,0.2,Metric Tonnes,Cabbage,3900.0,4200.0,4000.0,Rs./Quintal,Grade B
Dungurapalli APMC,0.15000000000000002,Metric Tonnes,Cabbage,4000.0,4800.0,4500.0,Rs./Quintal,Local
Godbhaga APMC,0.145,Metric Tonnes,Other,1450.0,1800.0,1600.0,Rs./Quintal,Local
Gunpur APMC,3.0,Metric Tonnes,Cabbage,6680.0,7700.0,7220.0,Rs./Quintal,FAQ
Kalahandi(Dharamagarh) APMC,1.3,Metric Tonnes,Other,2600.0,3000.0,2800.0,Rs./Quintal,Grade B
Kamakhyanagar APMC,0.2,Metric Tonnes,Cabbage,4000.0,4000.0,4000.0,Rs./Quintal,Grade A
Kantabaji APMC,5.1000000000000005,Metric Tonnes,Cabbage,2000.0,3000.0,2500.0,Rs./Quintal,Grade B
Kesinga APMC,0.25,Metric Tonnes,Other,2700.0,3300.0,3000.0,Rs./Quintal,Grade B
Mukhiguda APMC,1.7000000000000002,Metric Tonnes,Cabbage,2400.0,2700.0,2550.0,Rs./Quintal,Grade B
Panposh APMC,1.0,Metric Tonnes,Cabbage,2500.0,3200.0,3000.0,Rs./Quintal,FAQ
Rayagada APMC,8.0,Metric Tonnes,Cabbage,1500.0,1600.0,1600.0,Rs./Quintal,Local
Sarankul APMC,1.2,Metric Tonnes,Other,1800.0,2000.0,1900.0,Rs./Quintal,Grade Range-2
Saraskana APMC,0.6000000000000001,Metric Tonnes,Cabbage,3500.0,4000.0,3800.0,Rs./Quintal,Medium
Tusura APMC,2.6,Metric Tonnes,Other,2200.0,2600.0,2400.0,Rs./Quintal,Large
Total,436.84,Metric Tonnes,,,,3070.2,Rs./Quintal,
State/UT Name : Punjab
Adampur APMC,0.2,Metric Tonnes,Cabbage,1800.0,2000.0,2000.0,Rs./Quintal,FAQ
Banur APMC,0.1,Metric Tonnes,Other,2000.0,2000.0,2000.0,Rs./Quintal,Grade B
Bassi Pathana APMC,0.2,Metric Tonnes,Cabbage,2000.0,2200.0,2100.0,Rs./Quintal,Medium
Doraha APMC,0.010000000000000002,Metric Tonnes,Other,1000.0,1000.0,1000.0,Rs./Quintal,Local
Faridkot APMC,0.621,Metric Tonnes,Cabbage,2700.0,2700.0,2700.0,Rs./Quintal,Grade A
Khanna APMC,1.3,Metric Tonnes,Other,800.0,800.0,800.0,Rs./Quintal,Grade A
Kurali APMC,0.4,Metric Tonnes,Other,2000.0,2230.0,2100.0,Rs./Quintal,Medium
Ludhiana APMC,5.9,Metric Tonnes,Other,900.0,1600.0,1200.0,Rs./Quintal,FAQ
Mukerian APMC,0.26,Metric Tonnes,Cabbage,2000.0,3000.0,2500.0,Rs./Quintal,Grade B
Nawan Shahar(Subzi Mandi) APMC,0.5700000000000001,Metric Tonnes,Cabbage,2400.0,2500.0,2450.0,Rs./Quintal,FAQ
Patiala APMC,31.0,Metric Tonnes,Other,2900.0,3500.0,3200.0,Rs./Quintal,Grade A
Patran APMC,2.0,Metric Tonnes,Other,2300.0,2300.0,2300.0,Rs./Quintal,Grade A
Phagwara APMC,6.0,Metric Tonnes,Other,3300.0,4560.0,4000.0,Rs./Quintal,FAQ
Quadian APMC,0.2,Metric Tonnes,Other,1400.0,1600.0,1500.0,Rs./Quintal,Grade A
Rampuraphul(Nabha Mandi) APMC,1.5,Metric Tonnes,Other,1500.0,2500.0,2000.0,Rs./Quintal,Grade A
Samana APMC,42.0,Metric Tonnes,Other,2000.0,3500.0,2500.0,Rs./Quintal,Grade Range-2
Sangrur APMC,1.0,Metric Tonnes,Cabbage,1200.0,2000.0,1800.0,Rs./Quintal,Grade B
Sirhind APMC,0.5,Metric Tonnes,Other,2000.0,2500.0,2300.0,Rs./Quintal,FAQ
Tanda Urmur APMC,0.2,Metric Tonnes,Cabbage,2500.0,3000.0,2800.0,Rs./Quintal,Grade A
Total,93.96,Metric Tonnes,,,,2696.05,Rs./Quintal,
State/UT Name : Rajasthan
Jalore APMC,0.5,Metric Tonnes,Cabbage,1500.0,2000.0,1800.0,Rs./Quintal,Local
Sriganganagar (F&V) APMC,4.5,Metric Tonnes,Cabbage,1800.0,2200.0,2000.0,Rs./Quintal,Grade C
Udaipur (F&V) APMC,8.8,Metric Tonnes,Other,1500.0,2000.0,1750.0,Rs./Quintal,Medium
Total,13.8,Metric Tonnes,,,,1833.33,Rs./Quintal,
State/UT Name : Tamil Nadu
AJattihalli(Uzhavar Sandhai ),0.14,Metric Tonnes,Cabbage,3000.0,3400.0,3200.0,Rs./Quintal,Local
Ammapet(Uzhavar Sandhai ),0.19,Metric Tonnes,Cabbage,2500.0,3000.0,2750.0,Rs./Quintal,Local
Anaiyur(Uzhavar Sandhai ),0.2,Metric Tonnes,Cabbage,2500.0,3000.0,2750.0,Rs./Quintal,Local
Andipatti(Uzhavar Sandhai ),0.43,Metric Tonnes,Cabbage,2600.0,2800.0,2700.0,Rs./Quintal,Local
Anna nagar(Uzhavar Sandhai ),0.91,Metric Tonnes,Cabbage,3000.0,3200.0,3100.0,Rs./Quintal,Local
Arani(Uzhavar Sandhai ),0.25,Metric Tonnes,Cabbage,2500.0,3000.0,2750.0,Rs./Quintal,Local
Arcot(Uzhavar Sandhai ),0.27,Metric Tonnes,Cabbage,3000.0,3000.0,3000.0,Rs./Quintal,Local
Ariyalur(Uzhavar Sandhai),0.04,Metric Tonnes,Cabbage,3000.0,3500.0,3250.0,Rs./Quintal,Local
Aruppukottai(Uzhavar Sandhai ),0.2,Metric Tonnes,Cabbage,3500.0,4000.0,3750.0,Rs./Quintal,Local
Athur(Uzhavar Sandhai ),0.64,Metric Tonnes,Cabbage,2500.0,3000.0,2750.0,Rs./Quintal,Local
Avallapalli(Uzhavar Sandhai ),0.25,Metric Tonnes,Cabbage,1000.0,1500.0,1250.0,Rs./Quintal,Local
Bodinayakanur(Uzhavar Sandhai ),0.22,Metric Tonnes,Cabbage,3000.0,3000.0,3000.0,Rs./Quintal,Local
Chengalpet(Uzhavar Sandhai ),0.08,Metric Tonnes,Cabbage,2500.0,3000.0,2750.0,Rs./Quintal,Local
Chengam(Uzhavar Sandhai ),0.13,Metric Tonnes,Cabbage,2500.0,3000.0,2750.0,Rs./Quintal,Local
Cheyyar(Uzhavar Sandhai ),0.1,Metric Tonnes,Cabbage,2000.0,2400.0,2200.0,Rs./Quintal,Local
Chinnalapatti(Uzhavar Sandhai ),0.07,Metric Tonnes,Cabbage,3600.0,4000.0,3800.0,Rs./Quintal,Local
Chinnamanur(Uzhavar Sandhai ),0.91,Metric Tonnes,Cabbage,2500.0,2500.0,2500.0,Rs./Quintal,Local
Chokkikulam(Uzhavar Sandhai ),0.44,Metric Tonnes,Cabbage,2600.0,3000.0,2800.0,Rs./Quintal,Local
Coonoor(Uzhavar Sandhai ),0.4,Metric Tonnes,Cabbage,2600.0,3000.0,2800.0,Rs./Quintal,Local
Cuddalore(Uzhavar Sandhai ),0.22,Metric Tonnes,Cabbage,3000.0,3000.0,3000.0,Rs./Quintal,Local
Denkanikottai(Uzhavar Sandhai ),0.27,Metric Tonnes,Cabbage,1200.0,1500.0,1350.0,Rs./Quintal,Local
Devakottai (Uzhavar Sandhai ),0.13,Metric Tonnes,Cabbage,3000.0,3500.0,3250.0,Rs./Quintal,Local
Devaram(Uzhavar Sandhai ),0.21,Metric Tonnes,Cabbage,2800.0,2800.0,2800.0,Rs./Quintal,Local
Dharapuram(Uzhavar Sandhai ),1.2,Metric Tonnes,Cabbage,3000.0,3500.0,3250.0,Rs./Quintal,Local
Dharmapuri(Uzhavar Sandhai ),0.25,Metric Tonnes,Cabbage,3200.0,3400.0,3300.0,Rs./Quintal,Local
Dindigul(Uzhavar Sandhai ),0.34,Metric Tonnes,Cabbage,3000.0,4000.0,3500.0,Rs./Quintal,Local
Edapadi (Uzhavar Sandhai ),0.25,Metric Tonnes,Cabbage,2800.0,3000.0,2900.0,Rs./Quintal,Local
Elampillai(Uzhavar Sandhai ),0.25,Metric Tonnes,Cabbage,3000.0,3500.0,3250.0,Rs./Quintal,Local
Gandhigramam(Uzhavar Sandhai),0.14,Metric Tonnes,Cabbage,4500.0,5000.0,4750.0,Rs./Quintal,Local
Gingee(Uzhavar Sandhai ),0.08,Metric Tonnes,Cabbage,4000.0,4000.0,4000.0,Rs./Quintal,Local
Gobichettipalayam(Uzhavar Sandhai ),0.28,Metric Tonnes,Cabbage,2000.0,2500.0,2250.0,Rs./Quintal,Local
Gudalur(Uzhavar Sandhai ),0.02,Metric Tonnes,Cabbage,2000.0,2500.0,2250.0,Rs./Quintal,Local
Gudiyatham(Uzhavar Sandhai ),0.05,Metric Tonnes,Cabbage,3000.0,3000.0,3000.0,Rs./Quintal,Local
Harur(Uzhavar Sandhai ),0.18,Metric Tonnes,Cabbage,3000.0,3500.0,3250.0,Rs./Quintal,Local
Hasthampatti(Uzhavar Sandhai ),0.19,Metric Tonnes,Cabbage,3000.0,3500.0,3250.0,Rs./Quintal,Local
Hosur(Uzhavar Sandhai ),3.68,Metric Tonnes,Cabbage,1000.0,1500.0,1250.0,Rs./Quintal,Local
Jalagandapuram(Uzhavar Sandhai ),0.05,Metric Tonnes,Cabbage,2600.0,3000.0,2800.0,Rs./Quintal,Local
Jameenrayapettai(Uzhavar Sandhai ),0.31,Metric Tonnes,Cabbage,2000.0,2500.0,2250.0,Rs./Quintal,Local
KKNagar(Uzhavar Sandhai ),0.7,Metric Tonnes,Cabbage,3200.0,3200.0,3200.0,Rs./Quintal,Local
Kahithapattarai(Uzhavar Sandhai ),0.15,Metric Tonnes,Cabbage,2500.0,2500.0,2500.0,Rs./Quintal,Local
Kallakurichi(Uzhavar Sandhai ),0.08,Metric Tonnes,Cabbage,4000.0,4000.0,4000.0,Rs./Quintal,Local
Kambam(Uzhavar Sandhai ),2.0,Metric Tonnes,Cabbage,2600.0,2600.0,2600.0,Rs./Quintal,Local
Karaikudi(Uzhavar Sandhai ),0.18,Metric Tonnes,Cabbage,3000.0,3500.0,3250.0,Rs./Quintal,Local
Karimangalam(Uzhavar Sandhai),0.12,Metric Tonnes,Cabbage,3300.0,3500.0,3400.0,Rs./Quintal,Local
Kariyapatti(Uzhavar Sandhai ),0.09,Metric Tonnes,Cabbage,3500.0,4000.0,3750.0,Rs./Quintal,Local
Karur(Uzhavar Sandhai ),0.39,Metric Tonnes,Cabbage,4500.0,5000.0,4750.0,Rs./Quintal,Local
Katpadi (Uzhavar Sandhai ),0.2,Metric Tonnes,Cabbage,2500.0,2500.0,2500.0,Rs./Quintal,Local
Kovilpatti(Uzhavar Sandhai ),0.14,Metric Tonnes,Cabbage,3500.0,4000.0,3750.0,Rs./Quintal,Local
Krishnagiri(Uzhavar Sandhai ),0.35,Metric Tonnes,Cabbage,2500.0,3000.0,2750.0,Rs./Quintal,Local
Kulithalai(Uzhavar Sandhai ),0.37,Metric Tonnes,Cabbage,3000.0,3200.0,3100.0,Rs./Quintal,Local
Kumarapalayam(Uzhavar Sandhai ),0.05,Metric Tonnes,Cabbage,3600.0,4000.0,3800.0,Rs./Quintal,Local
Kumbakonam (Uzhavar Sandhai ),0.48,Metric Tonnes,Cabbage,3600.0,3600.0,3600.0,Rs./Quintal,Local
Kundrathur(Uzhavar Sandhai ),0.15,Metric Tonnes,Cabbage,3000.0,3000.0,3000.0,Rs./Quintal,Local
Lalgudi(Uzhavar Sandhai ),0.14,Metric Tonnes,Cabbage,3000.0,3000.0,3000.0,Rs./Quintal,Local
Manachanallur(Uzhavar Sandhai ),0.12,Metric Tonnes,Cabbage,2500.0,3000.0,2750.0,Rs./Quintal,Local
Manapparai(Uzhavar Sandhai ),0.08,Metric Tonnes,Cabbage,3000.0,3000.0,3000.0,Rs./Quintal,Local
Mannargudi I(Uzhavar Sandhai ),0.6,Metric Tonnes,Cabbage,3400.0,3400.0,3400.0,Rs./Quintal,Local
Mannargudi II(Uzhavar Sandhai ),0.22,Metric Tonnes,Cabbage,3400.0,3400.0,3400.0,Rs./Quintal,Local
Mayiladuthurai(Uzhavar Sandhai ),0.03,Metric Tonnes,Cabbage,4000.0,4000.0,4000.0,Rs./Quintal,Local
Melapalayam(Uzhavar Sandhai ),0.25,Metric Tonnes,Cabbage,2800.0,3000.0,2900.0,Rs./Quintal,Local
Mettupalayam(Uzhavar Sandhai ),0.66,Metric Tonnes,Cabbage,3000.0,3500.0,3250.0,Rs./Quintal,Local
Mettur(Uzhavar Sandhai ),0.34,Metric Tonnes,Cabbage,2500.0,3000.0,2750.0,Rs./Quintal,Local
Mohanur(Uzhavar Sandhai ),0.16,Metric Tonnes,Cabbage,3000.0,3500.0,3250.0,Rs./Quintal,Local
Musiri(Uzhavar Sandhai ),0.56,Metric Tonnes,Cabbage,2500.0,3000.0,2750.0,Rs./Quintal,Local
Muthupettai(Uzhavar Sandhai ),0.05,Metric Tonnes,Cabbage,3400.0,3400.0,3400.0,Rs./Quintal,Local
Myladi(Uzhavar Sandhai ),0.03,Metric Tonnes,Cabbage,4500.0,5000.0,4750.0,Rs./Quintal,Local
NGO Colony(Uzhavar Sandhai ),0.28,Metric Tonnes,Cabbage,2500.0,3000.0,2750.0,Rs./Quintal,Local
Nagapattinam(Uzhavar Sandhai ),0.1,Metric Tonnes,Cabbage,4000.0,4500.0,4250.0,Rs./Quintal,Local
Namakkal(Uzhavar Sandhai ),0.6,Metric Tonnes,Cabbage,2000.0,2500.0,2250.0,Rs./Quintal,Local
Nanganallur(Uzhavar Sandhai ),0.04,Metric Tonnes,Cabbage,3500.0,4000.0,3750.0,Rs./Quintal,Local
Natrampalli(Uzhavar Sandhai ),0.35,Metric Tonnes,Cabbage,2500.0,3000.0,2750.0,Rs./Quintal,Local
Padappai(Uzhavar Sandhai ),0.16,Metric Tonnes,Cabbage,2000.0,2500.0,2250.0,Rs./Quintal,Local
Palacode(Uzhavar Sandhai ),0.24,Metric Tonnes,Cabbage,2800.0,3000.0,2900.0,Rs./Quintal,Local
Palanganatham(Uzhavar Sandhai ),0.2,Metric Tonnes,Cabbage,2500.0,3000.0,2750.0,Rs./Quintal,Local
Palani(Uzhavar Sandhai ),0.55,Metric Tonnes,Cabbage,3000.0,3400.0,3200.0,Rs./Quintal,Local
Palayamkottai(Uzhavar Sandhai ),2.3,Metric Tonnes,Cabbage,2800.0,3000.0,2900.0,Rs./Quintal,Local
Palladam(Uzhavar Sandhai ),0.14,Metric Tonnes,Cabbage,2500.0,3000.0,2750.0,Rs./Quintal,Local
Pallavaram(Uzhavar Sandhai ),0.35,Metric Tonnes,Cabbage,2000.0,2500.0,2250.0,Rs./Quintal,Local
Pallikonda(Uzhavar Sandhai),0.02,Metric Tonnes,Cabbage,2500.0,2500.0,2500.0,Rs./Quintal,Local
Papanasam(Uzhavar Sandhai ),0.06,Metric Tonnes,Cabbage,3600.0,3600.0,3600.0,Rs./Quintal,Local
Paramakudi(Uzhavar Sandhai ),0.18,Metric Tonnes,Cabbage,4500.0,5000.0,4750.0,Rs./Quintal,Local
Paramathivelur(Uzhavar Sandhai ),0.18,Metric Tonnes,Cabbage,2500.0,3000.0,2750.0,Rs./Quintal,Local
Paruthipattu(Uzhavar Sandhai ),0.06,Metric Tonnes,Cabbage,4000.0,4000.0,4000.0,Rs./Quintal,Local
Pattukottai(Uzhavar Sandhai ),0.2,Metric Tonnes,Cabbage,3400.0,3400.0,3400.0,Rs./Quintal,Local
Pennagaram(Uzhavar Sandhai ),0.1,Metric Tonnes,Cabbage,3800.0,4000.0,3900.0,Rs./Quintal,Local
Perambalur(Uzhavar Sandhai ),0.36,Metric Tonnes,Cabbage,3400.0,3400.0,3400.0,Rs./Quintal,Local
Perampet(Uzhavar Sandhai),0.03,Metric Tonnes,Cabbage,3000.0,3000.0,3000.0,Rs./Quintal,Local
Perundurai(Uzhavar Sandhai ),0.09,Metric Tonnes,Cabbage,2000.0,2400.0,2200.0,Rs./Quintal,Local
Pollachi(Uzhavar Sandhai ),0.14,Metric Tonnes,Cabbage,3000.0,3500.0,3250.0,Rs./Quintal,Local
Polur(Uzhavar Sandhai ),0.18,Metric Tonnes,Cabbage,2500.0,3000.0,2750.0,Rs./Quintal,Local
Pudukottai(Uzhavar Sandhai ),0.31,Metric Tonnes,Cabbage,3000.0,3500.0,3250.0,Rs./Quintal,Local
RSPuram(Uzhavar Sandhai ),0.94,Metric Tonnes,Cabbage,2000.0,2200.0,2100.0,Rs./Quintal,Local
Rajapalayam(Uzhavar Sandhai ),0.25,Metric Tonnes,Cabbage,2800.0,3200.0,3000.0,Rs./Quintal,Local
Ramanathapuram(Uzhavar Sandhai ),0.1,Metric Tonnes,Cabbage,4200.0,4500.0,4350.0,Rs./Quintal,Local
Ranipettai(Uzhavar Sandhai ),0.1,Metric Tonnes,Cabbage,2500.0,2500.0,2500.0,Rs./Quintal,Local
Rasipuram(Uzhavar Sandhai ),0.52,Metric Tonnes,Cabbage,3400.0,3600.0,3500.0,Rs./Quintal,Local
Sampath Nagar(Uzhavar Sandhai ),0.26,Metric Tonnes,Cabbage,2000.0,2200.0,2100.0,Rs./Quintal,Local
Sathiyamagalam(Uzhavar Sandhai ),0.25,Metric Tonnes,Cabbage,3000.0,3400.0,3200.0,Rs./Quintal,Local
Sathur(Uzhavar Sandhai ),0.02,Metric Tonnes,Cabbage,3500.0,4000.0,3750.0,Rs./Quintal,Local
Singampunari(Uzhavar Sandhai ),0.16,Metric Tonnes,Cabbage,2800.0,3200.0,3000.0,Rs./Quintal,Local
Singanallur(Uzhavar Sandhai ),1.21,Metric Tonnes,Cabbage,2500.0,3000.0,2750.0,Rs./Quintal,Local
Sirkali(Uzhavar Sandhai ),0.19,Metric Tonnes,Cabbage,2500.0,3000.0,2750.0,Rs./Quintal,Local
Sivagangai (Uzhavar Sandhai ),0.34,Metric Tonnes,Cabbage,2800.0,3200.0,3000.0,Rs./Quintal,Local
Sivakasi(Uzhavar Sandhai ),0.04,Metric Tonnes,Cabbage,3000.0,3500.0,3250.0,Rs./Quintal,Local
Sooramangalam(Uzhavar Sandhai ),0.38,Metric Tonnes,Cabbage,2500.0,3000.0,2750.0,Rs./Quintal,Local
Srivilliputhur(Uzhavar Sandhai ),0.11,Metric Tonnes,Cabbage,3000.0,3500.0,3250.0,Rs./Quintal,Local
Sulur(Uzhavar Sandhai ),0.27,Metric Tonnes,Cabbage,2500.0,3000.0,2750.0,Rs./Quintal,Local
Sundarapuram(Uzhavar Sandhai ),0.3,Metric Tonnes,Cabbage,2500.0,3000.0,2750.0,Rs./Quintal,Local
Sunguvarchatram(Uzhavar Sandhai ),0.15,Metric Tonnes,Cabbage,3000.0,3000.0,3000.0,Rs./Quintal,Local
Tenkasi(Uzhavar Sandhai ),0.1,Metric Tonnes,Cabbage,3000.0,3000.0,3000.0,Rs./Quintal,Local
Thalavadi(Uzhavar Sandhai ),0.24,Metric Tonnes,Cabbage,1400.0,1800.0,1600.0,Rs./Quintal,Local
Thalavaipuram(Uzhavar Sandhai ),0.05,Metric Tonnes,Cabbage,2600.0,3200.0,2900.0,Rs./Quintal,Local
Thammampatti (Uzhavar Sandhai ),0.3,Metric Tonnes,Cabbage,3500.0,4000.0,3750.0,Rs./Quintal,Local
Thanjavur(Uzhavar Sandhai ),0.22,Metric Tonnes,Cabbage,3400.0,3400.0,3400.0,Rs./Quintal,Local
Thathakapatti(Uzhavar Sandhai ),0.26,Metric Tonnes,Cabbage,3400.0,3600.0,3500.0,Rs./Quintal,Local
Theni(Uzhavar Sandhai ),1.58,Metric Tonnes,Cabbage,2800.0,2800.0,2800.0,Rs./Quintal,Local
Thirupathur APMC,0.3,Metric Tonnes,Cabbage,3400.0,3400.0,3400.0,Rs./Quintal,Local
Thiruverumbur(Uzhavar Sandhai ),0.25,Metric Tonnes,Cabbage,3000.0,3000.0,3000.0,Rs./Quintal,Local
Thuraiyur APMC,0.3,Metric Tonnes,Cabbage,2500.0,3000.0,2750.0,Rs./Quintal,Local
Tindivanam APMC,0.07,Metric Tonnes,Cabbage,3500.0,3500.0,3500.0,Rs./Quintal,Local
Tiruchengode APMC,0.42,Metric Tonnes,Cabbage,2500.0,3000.0,2750.0,Rs./Quintal,Local
Tirupatthur(Uzhavar Sandhai ),0.16,Metric Tonnes,Cabbage,3000.0,3500.0,3250.0,Rs./Quintal,Local
Tiruppur (North) (Uzhavar Sandhai ),0.12,Metric Tonnes,Cabbage,2500.0,3000.0,2750.0,Rs./Quintal,Local
Tiruppur (South) (Uzhavar Sandhai ),0.52,Metric Tonnes,Cabbage,1700.0,2000.0,1850.0,Rs./Quintal,Local
Tiruthani(Uzhavar Sandhai ),0.05,Metric Tonnes,Cabbage,4000.0,4000.0,4000.0,Rs./Quintal,Local
Tiruvannamalai(Uzhavar Sandhai ),0.39,Metric Tonnes,Cabbage,2000.0,2500.0,2250.0,Rs./Quintal,Local
Tuticorin(Uzhavar Sandhai ),0.13,Metric Tonnes,Cabbage,3000.0,3500.0,3250.0,Rs./Quintal,Local
Udhagamandalam(Uzhavar Sandhai ),1.18,Metric Tonnes,Cabbage,2000.0,2500.0,2250.0,Rs./Quintal,Local
Udumalpet APMC,0.25,Metric Tonnes,Cabbage,3000.0,3500.0,3250.0,Rs./Quintal,Local
Vadalur(Uzhavar Sandhai ),0.06,Metric Tonnes,Cabbage,3500.0,3500.0,3500.0,Rs./Quintal,Local
Vadaseri APMC,0.2,Metric Tonnes,Cabbage,5000.0,5500.0,5250.0,Rs./Quintal,Local
Vadavalli(Uzhavar Sandhai ),0.36,Metric Tonnes,Cabbage,2000.0,2600.0,2300.0,Rs./Quintal,Local
Vaniyampadi(Uzhavar Sandhai ),0.31,Metric Tonnes,Cabbage,4000.0,4000.0,4000.0,Rs./Quintal,Local
Vazhapadi(Uzhavar Sandhai),0.02,Metric Tonnes,Cabbage,3000.0,3000.0,3000.0,Rs./Quintal,Local
Vedaranyam(Uzhavar Sandhai),0.06,Metric Tonnes,Cabbage,3200.0,3500.0,3350.0,Rs./Quintal,Local
Vellore APMC,0.2,Metric Tonnes,Cabbage,2000.0,2500.0,2250.0,Rs./Quintal,Local
Villupuram(Uzhavar Sandhai ),0.03,Metric Tonnes,Cabbage,4000.0,4000.0,4000.0,Rs./Quintal,Local
Virudhunagar(Uzhavar Sandhai ),0.04,Metric Tonnes,Cabbage,3500.0,3600.0,3550.0,Rs./Quintal,Local
Viruthachalam(Uzhavar Sandhai ),0.02,Metric Tonnes,Cabbage,3000.0,3000.0,3000.0,Rs./Quintal,Local
Total,43.66,Metric Tonnes,,,,2774.15,Rs./Quintal,
State/UT Name : Telangana
Adilabad (Rythu Bazar) ,2.0,Metric Tonnes,Cabbage,4000.0,4200.0,4000.0,Rs./Quintal,Local
"Alwal,RBZ",1.0,Metric Tonnes,Other,1400.0,1400.0,1400.0,Rs./Quintal,FAQ
Bowenpally APMC,3.8000000000000003,Metric Tonnes,Other,400.0,1100.0,1000.0,Rs./Quintal,FAQ
Bowenpally APMC,161.20000000000002,Metric Tonnes,Cabbage,600.0,1000.0,900.0,Rs./Quintal,FAQ
Gudimalkapur APMC,35.7,Metric Tonnes,Cabbage,600.0,1000.0,800.0,Rs./Quintal,Grade B
"Kukatpally,RBZ",6.9,Metric Tonnes,Cabbage,1400.0,1400.0,1400.0,Rs./Quintal,Local
L B Nagar APMC,8.0,Metric Tonnes,Cabbage,800.0,1200.0,1000.0,Rs./Quintal,Medium
Mahboob Manison APMC,3.0,Metric Tonnes,Cabbage,1000.0,1200.0,1100.0,Rs./Quintal,Medium
Miryalguda(Rythu Bazar) ,0.3,Metric Tonnes,Cabbage,2500.0,2500.0,2500.0,Rs./Quintal,Grade A
RYTHU BAZAR ERRAGADDA,4.8,Metric Tonnes,Cabbage,1400.0,1400.0,1400.0,Rs./Quintal,Grade A
RYTHU BAZAR MEHDIPATNAM,0.6,Metric Tonnes,Cabbage,1300.0,1300.0,1300.0,Rs./Quintal,Grade A
"Saroornagar,RBZ",2.6,Metric Tonnes,Other,1400.0,1400.0,1400.0,Rs./Quintal,Medium
Shadnagar APMC,5.0,Metric Tonnes,Cabbage,1400.0,1600.0,1500.0,Rs./Quintal,Local
Siddipet(Rythu Bazar) ,1.0,Metric Tonnes,Cabbage,2000.0,2800.0,2400.0,Rs./Quintal,Grade A
"Vanasthalipuram,RBZ ",1.8,Metric Tonnes,Cabbage,1400.0,1400.0,1400.0,Rs./Quintal,Grade A
Vantamamidi APMC,1.2000000000000002,Metric Tonnes,Cabbage,800.0,800.0,800.0,Rs./Quintal,Local
Venkateswarnagar APMC,0.1,Metric Tonnes,Cabbage,1000.0,1200.0,1100.0,Rs./Quintal,Grade A
Warangal APMC,2.5,Metric Tonnes,Cabbage,1600.0,2000.0,1800.0,Rs./Quintal,FAQ
Total,241.5,Metric Tonnes,,,,984.18,Rs./Quintal,
State/UT Name : Tripura
Kalsi APMC,0.2,Metric Tonnes,Other,1900.0,2050.0,1980.0,Rs./Quintal,FAQ
Total,0.2,Metric Tonnes,,,,1980.0,Rs./Quintal,
State/UT Name : Uttar Pradesh
Baripaal APMC,0.2,Metric Tonnes,Cabbage,2500.0,2800.0,2600.0,Rs./Quintal,Medium
Dudhi APMC,1.3,Metric Tonnes,Cabbage,800.0,1000.0,900.0,Rs./Quintal,Medium
Jalaun APMC,0.4,Metric Tonnes,Cabbage,1800.0,2000.0,2000.0,Rs./Quintal,FAQ
Jasvantnagar APMC,3.5,Metric Tonnes,Cabbage,2270.0,2370.0,2320.0,Rs./Quintal,Medium
Kairana APMC,0.5,Metric Tonnes,Cabbage,1500.0,1600.0,1550.0,Rs./Quintal,FAQ
Khandhla APMC,0.7000000000000001,Metric Tonnes,Cabbage,300.0,400.0,350.0,Rs./Quintal,FAQ
Maigalganj APMC,0.5,Metric Tonnes,Cabbage,880.0,920.0,900.0,Rs./Quintal,FAQ
Total,7.1,Metric Tonnes,,,,1701.41,Rs./Quintal,
State/UT Name : Uttarakhand
Dehradoon APMC,3.2,Metric Tonnes,Cabbage,850.0,1250.0,1050.0,Rs./Quintal,Grade B
Dehradoon APMC,5.2,Metric Tonnes,Cabbage,850.0,1200.0,1050.0,Rs./Quintal,FAQ
Jaspur(UC) APMC,1.0,Metric Tonnes,Cabbage,1800.0,1800.0,1800.0,Rs./Quintal,FAQ
Kotadwara APMC,0.4,Metric Tonnes,Cabbage,1100.0,1100.0,1100.0,Rs./Quintal,FAQ
Total,9.8,Metric Tonnes,,,,1128.57,Rs./Quintal,
State/UT Name : West Bengal
Darjeeling APMC,1.3,Metric Tonnes,Other,2700.0,2900.0,2800.0,Rs./Quintal,FAQ
Durgapur APMC,5.4,Metric Tonnes,Other,1900.0,2100.0,2050.0,Rs./Quintal,FAQ
Karsiyang(Matigara) APMC,1.5,Metric Tonnes,Other,2700.0,2900.0,2800.0,Rs./Quintal,FAQ
Medinipur(West) APMC,0.8,Metric Tonnes,Cabbage,3200.0,3400.0,3300.0,Rs./Quintal,FAQ
Sealdah Koley Market APMC,8.5,Metric Tonnes,Other,3000.0,3200.0,3200.0,Rs./Quintal,FAQ
Total,17.5,Metric Tonnes,,,,2785.71,Rs./Quintal,
Grand Total,3466.52,Metric Tonnes,,,,2284.33,Rs./Quintal,
Carrot
State/UT Name : Assam
Pamohi(Garchuk) APMC,18.0,Metric Tonnes,Carrot,6000.0,7000.0,6500.0,Rs./Quintal,FAQ
Tinsukia Market,0.8,Metric Tonnes,Carrot,7000.0,12000.0,10000.0,Rs./Quintal,FAQ
Uparhali Pmy APMC,0.5,Metric Tonnes,Carrot,6000.0,6500.0,6200.0,Rs./Quintal,FAQ
Total,19.3,Metric Tonnes,,,,6637.31,Rs./Quintal,
State/UT Name : Chandigarh
Chandigarh (Grain/F&V) APMC,17.44,Metric Tonnes,Carrot,1000.0,2000.0,1800.0,Rs./Quintal,FAQ
Total,17.44,Metric Tonnes,,,,1800.0,Rs./Quintal,
State/UT Name : Chattisgarh
Rajnandgaon APMC,6.2,Metric Tonnes,Carrot,2400.0,3000.0,2700.0,Rs./Quintal,Grade B
Tiphra APMC,6.0,Metric Tonnes,Carrot,3000.0,3200.0,3100.0,Rs./Quintal,Grade B
Total,12.2,Metric Tonnes,,,,2896.72,Rs./Quintal,
State/UT Name : Gujarat
Ahmedabad APMC,71.8,Metric Tonnes,Other,1500.0,2500.0,2200.0,Rs./Quintal,FAQ
Dahod(Veg. Market) APMC,0.32,Metric Tonnes,Carrot,2000.0,3000.0,2500.0,Rs./Quintal,Local
Navsari APMC,0.8400000000000001,Metric Tonnes,Carrot,2500.0,3000.0,2750.0,Rs./Quintal,Local
Surat APMC,34.0,Metric Tonnes,Carrot,1000.0,2500.0,1750.0,Rs./Quintal,FAQ
Vadhvan APMC,0.1,Metric Tonnes,Carrot,2500.0,3000.0,2750.0,Rs./Quintal,Medium
Total,107.06,Metric Tonnes,,,,2062.82,Rs./Quintal,
State/UT Name : Haryana
Bahadurgarh APMC,0.5,Metric Tonnes,Other,5500.0,6000.0,5800.0,Rs./Quintal,Medium
Ganaur APMC,0.1,Metric Tonnes,Carrot,4000.0,5000.0,4500.0,Rs./Quintal,Medium
Gohana APMC,0.1,Metric Tonnes,Other,6000.0,8000.0,7000.0,Rs./Quintal,Medium
Jagadhri APMC,0.238,Metric Tonnes,Other,1800.0,2200.0,2000.0,Rs./Quintal,Medium
Thanesar APMC,1.5,Metric Tonnes,Carrot,2000.0,3500.0,2750.0,Rs./Quintal,Medium
Total,2.44,Metric Tonnes,,,,3548.4,Rs./Quintal,
State/UT Name : Himachal Pradesh
PMY Hamirpur,0.1,Metric Tonnes,Other,4500.0,5000.0,4750.0,Rs./Quintal,Grade B
PMY Kangra,0.1,Metric Tonnes,Other,3000.0,3200.0,3100.0,Rs./Quintal,FAQ
PMY Kather Solan,0.17,Metric Tonnes,Other,2500.0,3000.0,2800.0,Rs./Quintal,Medium
PMY Una,0.30000000000000004,Metric Tonnes,Carrot,3500.0,4000.0,3800.0,Rs./Quintal,FAQ
SMY Baijnath,0.08,Metric Tonnes,Carrot,3000.0,3200.0,3100.0,Rs./Quintal,Grade B
SMY Jaisinghpur,0.020000000000000004,Metric Tonnes,Carrot,3500.0,3600.0,3550.0,Rs./Quintal,FAQ
SMY Jogindernagar,0.020000000000000004,Metric Tonnes,Carrot,3000.0,3200.0,3100.0,Rs./Quintal,Grade B
SMY Palampur,0.1,Metric Tonnes,Carrot,3400.0,3500.0,3450.0,Rs./Quintal,FAQ
Total,0.89,Metric Tonnes,,,,3513.48,Rs./Quintal,
State/UT Name : Jammu and Kashmir
Parimpore Srinagar (F&V),54.0,Metric Tonnes,Other,4500.0,5000.0,4750.0,Rs./Quintal,Local
Total,54.0,Metric Tonnes,,,,4750.0,Rs./Quintal,
State/UT Name : Karnataka
Bagepalli APMC,1.7000000000000002,Metric Tonnes,Carrot,2000.0,3000.0,2500.0,Rs./Quintal,Small
Bangarpet APMC,1.8,Metric Tonnes,Carrot,2500.0,3500.0,3000.0,Rs./Quintal,Local
Binny Mill (FF&V) Bengaluru APMC,33.300000000000004,Metric Tonnes,Carrot,4500.0,5200.0,4800.0,Rs./Quintal,Local
Chamarajanagar APMC,3.0,Metric Tonnes,Carrot,2500.0,3500.0,3000.0,Rs./Quintal,Local
Chickkaballapura APMC,9.0,Metric Tonnes,Carrot,2500.0,3200.0,2800.0,Rs./Quintal,Local
Chintamani APMC,1.5,Metric Tonnes,Carrot,2000.0,4000.0,3000.0,Rs./Quintal,Local
Davangere APMC,2.0,Metric Tonnes,Carrot,1000.0,3400.0,2200.0,Rs./Quintal,Local
Doddaballapur APMC,2.0,Metric Tonnes,Other,3000.0,4000.0,3500.0,Rs./Quintal,Medium
Gauribidanur APMC,0.4,Metric Tonnes,Carrot,2000.0,3000.0,2500.0,Rs./Quintal,Local
Hospet APMC,4.2,Metric Tonnes,Carrot,2500.0,4000.0,3500.0,Rs./Quintal,Local
Nanjangud APMC,6.2,Metric Tonnes,Carrot,2080.0,2564.0,2222.0,Rs./Quintal,Local
Ramanagara APMC,0.8,Metric Tonnes,Carrot,4000.0,6000.0,5000.0,Rs./Quintal,Local
Total,65.9,Metric Tonnes,,,,3840.16,Rs./Quintal,
State/UT Name : Keralam
Adimali Market,0.05,Metric Tonnes,Carrot,6000.0,8000.0,7000.0,Rs./Quintal,Medium
Anchal Market,0.5,Metric Tonnes,Carrot,4600.0,4600.0,4600.0,Rs./Quintal,Local
Aralamoodu Market,2.0,Metric Tonnes,Carrot,4000.0,8000.0,6000.0,Rs./Quintal,FAQ
Aroor Market,0.2,Metric Tonnes,Other,7000.0,7200.0,7100.0,Rs./Quintal,FAQ
Athirampuzha Market,0.5,Metric Tonnes,Carrot,5600.0,5800.0,5700.0,Rs./Quintal,FAQ
Attingal Market,900.0,Metric Tonnes,Other,7500.0,8500.0,8000.0,Rs./Quintal,Local
Balarampuram Market,0.4,Metric Tonnes,Carrot,7000.0,7000.0,7000.0,Rs./Quintal,FAQ
Chalakudy Market,0.03,Metric Tonnes,Carrot,7000.0,8000.0,8000.0,Rs./Quintal,FAQ
Chavakkad Market,0.12,Metric Tonnes,Carrot,6000.0,7000.0,7000.0,Rs./Quintal,FAQ
Chelakkara Market,0.2,Metric Tonnes,Carrot,8000.0,8500.0,8100.0,Rs./Quintal,FAQ
Chengannur Market,0.5,Metric Tonnes,Other,6900.0,7300.0,7000.0,Rs./Quintal,FAQ
Cherthala Market,0.3,Metric Tonnes,Carrot,8000.0,8200.0,8100.0,Rs./Quintal,FAQ
Ettumanoor Market,1.0,Metric Tonnes,Carrot,7000.0,7400.0,7200.0,Rs./Quintal,FAQ
Harippad Market,0.7,Metric Tonnes,Other,6000.0,6500.0,6000.0,Rs./Quintal,FAQ
Irinjalakkuda Market,0.1,Metric Tonnes,Carrot,5600.0,6000.0,6000.0,Rs./Quintal,FAQ
Kallachi Market,0.1,Metric Tonnes,Carrot,5600.0,6000.0,5800.0,Rs./Quintal,FAQ
Kanjirappally Market,0.5,Metric Tonnes,Carrot,7500.0,8000.0,7800.0,Rs./Quintal,FAQ
Kattappana Market,2.0,Metric Tonnes,Other,7500.0,8000.0,7800.0,Rs./Quintal,Medium
Kayamkulam Market,1.0,Metric Tonnes,Other,5800.0,6000.0,5900.0,Rs./Quintal,FAQ
Koduvayoor Market,0.8,Metric Tonnes,Carrot,4800.0,5200.0,5000.0,Rs./Quintal,Medium
Kothamangalam Market,1.0,Metric Tonnes,Carrot,6000.0,8000.0,7000.0,Rs./Quintal,FAQ
Kottakkal Market,5.0,Metric Tonnes,Other,6000.0,6200.0,6100.0,Rs./Quintal,Local
Kuruppanthura Market,1.0,Metric Tonnes,Other,6200.0,6400.0,6400.0,Rs./Quintal,FAQ
Madhavapuram Market,0.8,Metric Tonnes,Other,8800.0,9200.0,9000.0,Rs./Quintal,FAQ
Manjeri Market,6.0,Metric Tonnes,Other,6950.0,7050.0,7000.0,Rs./Quintal,Local
Mukkom Market,0.4,Metric Tonnes,Carrot,7000.0,7800.0,7500.0,Rs./Quintal,FAQ
Neeleswaram Market,0.8,Metric Tonnes,Other,7400.0,7600.0,7500.0,Rs./Quintal,FAQ
Neyyatinkara Market,0.02,Metric Tonnes,Other,5400.0,6000.0,5700.0,Rs./Quintal,FAQ
North Paravur Market,1.0,Metric Tonnes,Carrot,5500.0,6000.0,5800.0,Rs./Quintal,FAQ
Pala Market,2.0,Metric Tonnes,Carrot,8800.0,9400.0,9200.0,Rs./Quintal,FAQ
Palakkad Market,2.0,Metric Tonnes,Carrot,4000.0,5000.0,4600.0,Rs./Quintal,FAQ
Parappanangadi Market,1.0,Metric Tonnes,Other,5200.0,5400.0,5300.0,Rs./Quintal,Grade A
Parassala Market,0.3,Metric Tonnes,Carrot,3800.0,4200.0,4000.0,Rs./Quintal,Local
Perinthalmanna Market,4.0,Metric Tonnes,Carrot,4500.0,5200.0,5000.0,Rs./Quintal,Large
Perumbavoor Market,3.0,Metric Tonnes,Carrot,5000.0,6000.0,5500.0,Rs./Quintal,Medium
Pothencode Market,650.0,Metric Tonnes,Carrot,5000.0,5200.0,5000.0,Rs./Quintal,Local
Quilandy Market,0.24,Metric Tonnes,Other,5700.0,6000.0,5900.0,Rs./Quintal,FAQ
Thalasserry Market,0.2,Metric Tonnes,Carrot,5500.0,6500.0,6000.0,Rs./Quintal,FAQ
Thalayolaparambu Market,0.5,Metric Tonnes,Carrot,5400.0,5800.0,5500.0,Rs./Quintal,FAQ
Thamarassery Market,0.3,Metric Tonnes,Other,7000.0,7300.0,7300.0,Rs./Quintal,FAQ
Thrippunithura Market,1.0,Metric Tonnes,Carrot,7600.0,8000.0,7800.0,Rs./Quintal,Medium
Vadakkenchery Market,0.2,Metric Tonnes,Carrot,9000.0,9500.0,9500.0,Rs./Quintal,FAQ
Total,1591.76,Metric Tonnes,,,,6733.55,Rs./Quintal,
State/UT Name : Madhya Pradesh
Bhopal(F&V) APMC,16.0,Metric Tonnes,Other,1000.0,2000.0,1500.0,Rs./Quintal,Local
Gadarwada (F&V) APMC,0.2,Metric Tonnes,Carrot,2500.0,2500.0,2500.0,Rs./Quintal,Grade B
Indore(F&V) APMC,10.0,Metric Tonnes,Carrot,600.0,1200.0,800.0,Rs./Quintal,Local
Katni(F&V) APMC,0.15,Metric Tonnes,Other,2200.0,2200.0,2200.0,Rs./Quintal,Grade C
Sehore(F&V) APMC,0.2,Metric Tonnes,Carrot,2500.0,3500.0,3000.0,Rs./Quintal,Grade Range-1
Seoni(F&V) APMC,0.94,Metric Tonnes,Carrot,920.0,920.0,920.0,Rs./Quintal,Grade C
Total,27.49,Metric Tonnes,,,,1247.54,Rs./Quintal,
State/UT Name : Maharashtra
APMC Ahilyanagar ,2.0,Metric Tonnes,Other,1800.0,2500.0,2150.0,Rs./Quintal,Local
APMC Akluj ,1.2,Metric Tonnes,Other,3000.0,4000.0,3500.0,Rs./Quintal,Local
APMC Bhusaval ,0.3,Metric Tonnes,Other,2000.0,2200.0,2200.0,Rs./Quintal,Local
APMC Chattrapati Sambhajinagar ,3.2,Metric Tonnes,Other,1000.0,2400.0,1700.0,Rs./Quintal,Local
APMC Dharashiv ,0.4,Metric Tonnes,Other,3000.0,6000.0,4500.0,Rs./Quintal,Local
APMC Hingna,0.1,Metric Tonnes,Other,2800.0,3000.0,2900.0,Rs./Quintal,Local
APMC Mumbai ,174.0,Metric Tonnes,Other,1600.0,2600.0,2100.0,Rs./Quintal,Local
APMC Nagpur ,35.0,Metric Tonnes,Other,2000.0,2700.0,2525.0,Rs./Quintal,Local
APMC Satara ,1.6,Metric Tonnes,Other,3000.0,4000.0,3500.0,Rs./Quintal,Local
APMC Solapur ,3.7,Metric Tonnes,Other,1000.0,4000.0,2100.0,Rs./Quintal,Local
Amrawati(Frui & Veg. Market) ,6.9,Metric Tonnes,Other,2000.0,2500.0,2250.0,Rs./Quintal,Local
Junnar(Narayangaon) ,5.5,Metric Tonnes,Other,400.0,2600.0,1450.0,Rs./Quintal,Local
Khed(Chakan) ,14.0,Metric Tonnes,Other,1500.0,2500.0,2000.0,Rs./Quintal,Local
Pune(Khadiki) ,0.4,Metric Tonnes,Other,1400.0,1800.0,1600.0,Rs./Quintal,Local
Pune(Manjri) ,0.5,Metric Tonnes,Other,2000.0,4000.0,3000.0,Rs./Quintal,Local
Pune(Moshi) ,7.2,Metric Tonnes,Other,2000.0,2500.0,2250.0,Rs./Quintal,Local
Total,256.0,Metric Tonnes,,,,2162.79,Rs./Quintal,
State/UT Name : NCT of Delhi
APMC Azadpur,88.6,Metric Tonnes,Carrot,2000.0,4000.0,3000.0,Rs./Quintal,FAQ
APMC Keshopur,3.6,Metric Tonnes,Other,3000.0,4000.0,3500.0,Rs./Quintal,FAQ
"Fruit&Vegetable Market,Gazipur APMC",6.5,Metric Tonnes,Carrot,2200.0,2600.0,2400.0,Rs./Quintal,FAQ
Total,98.7,Metric Tonnes,,,,2978.72,Rs./Quintal,
State/UT Name : Odisha
Dhenkanal APMC,0.1,Metric Tonnes,Carrot,3800.0,4300.0,4000.0,Rs./Quintal,Grade B
Gunpur APMC,3.0,Metric Tonnes,Carrot,7040.0,7800.0,7240.0,Rs./Quintal,FAQ
Keonjhar(Dhekikote) APMC,0.5,Metric Tonnes,Other,3200.0,3500.0,3500.0,Rs./Quintal,Local
Narasinghpur APMC,0.08000000000000002,Metric Tonnes,Carrot,4500.0,6000.0,5000.0,Rs./Quintal,Local
Rayagada APMC,10.0,Metric Tonnes,Other,2900.0,3000.0,3000.0,Rs./Quintal,Local
Total,13.68,Metric Tonnes,,,,3967.11,Rs./Quintal,
State/UT Name : Punjab
Adampur APMC,0.1,Metric Tonnes,Carrot,1500.0,2000.0,2000.0,Rs./Quintal,FAQ
Bhawanigarh APMC,0.2,Metric Tonnes,Other,3000.0,3000.0,3000.0,Rs./Quintal,Local
Budalada APMC,0.2,Metric Tonnes,Other,2500.0,2500.0,2500.0,Rs./Quintal,Medium
Dinanagar APMC,1.15,Metric Tonnes,Other,2800.0,3000.0,2900.0,Rs./Quintal,Medium
Doraha APMC,0.020000000000000004,Metric Tonnes,Carrot,1800.0,1800.0,1800.0,Rs./Quintal,Local
Lehra Gaga APMC,0.12,Metric Tonnes,Other,2500.0,2500.0,2500.0,Rs./Quintal,Grade A
Ludhiana APMC,3.8000000000000003,Metric Tonnes,Other,800.0,1400.0,1100.0,Rs./Quintal,FAQ
Mansa APMC,0.2,Metric Tonnes,Carrot,2800.0,2800.0,2800.0,Rs./Quintal,FAQ
Moga APMC,0.2,Metric Tonnes,Carrot,1500.0,2500.0,2000.0,Rs./Quintal,Medium
Naushera Pannuan APMC,0.08,Metric Tonnes,Other,2000.0,2000.0,2000.0,Rs./Quintal,Local
Nawan Shahar(Subzi Mandi) APMC,0.21000000000000002,Metric Tonnes,Carrot,3000.0,3500.0,3300.0,Rs./Quintal,FAQ
Patiala APMC,1.7000000000000002,Metric Tonnes,Carrot,1000.0,1400.0,1200.0,Rs./Quintal,Grade A
Patran APMC,2.0,Metric Tonnes,Other,2200.0,2200.0,2200.0,Rs./Quintal,Grade A
Patti APMC,0.1,Metric Tonnes,Other,430.0,430.0,430.0,Rs./Quintal,Local
Rampuraphul(Nabha Mandi) APMC,0.5,Metric Tonnes,Other,1500.0,2500.0,2000.0,Rs./Quintal,Grade A
Samana APMC,36.0,Metric Tonnes,Other,2000.0,3000.0,2100.0,Rs./Quintal,Grade Range-2
Sangrur APMC,0.7000000000000001,Metric Tonnes,Carrot,1200.0,2000.0,1600.0,Rs./Quintal,Grade B
Sirhind APMC,0.1,Metric Tonnes,Other,2300.0,2500.0,2410.0,Rs./Quintal,FAQ
Total,47.38,Metric Tonnes,,,,2013.68,Rs./Quintal,
State/UT Name : Rajasthan
Sriganganagar (F&V) APMC,1.4000000000000001,Metric Tonnes,Carrot,2900.0,3300.0,3100.0,Rs./Quintal,Grade A
Udaipur (F&V) APMC,0.8,Metric Tonnes,Other,2000.0,2500.0,2250.0,Rs./Quintal,Medium
Total,2.2,Metric Tonnes,,,,2790.91,Rs./Quintal,
State/UT Name : Tamil Nadu
AJattihalli(Uzhavar Sandhai ),0.12,Metric Tonnes,Pusakesar,6000.0,6400.0,6200.0,Rs./Quintal,Local
Ammapet(Uzhavar Sandhai ),0.15,Metric Tonnes,Pusakesar,6000.0,6400.0,6200.0,Rs./Quintal,Local
Anaiyur(Uzhavar Sandhai ),0.2,Metric Tonnes,Pusakesar,4000.0,5500.0,4750.0,Rs./Quintal,Local
Andipatti(Uzhavar Sandhai ),0.17,Metric Tonnes,Pusakesar,4500.0,5000.0,4750.0,Rs./Quintal,Local
Anna nagar(Uzhavar Sandhai ),0.59,Metric Tonnes,Pusakesar,6800.0,7000.0,6900.0,Rs./Quintal,Local
Arani(Uzhavar Sandhai ),0.15,Metric Tonnes,Pusakesar,6000.0,7200.0,6600.0,Rs./Quintal,Local
Arcot(Uzhavar Sandhai ),0.27,Metric Tonnes,Pusakesar,6000.0,6000.0,6000.0,Rs./Quintal,Local
Ariyalur(Uzhavar Sandhai),0.02,Metric Tonnes,Pusakesar,7000.0,8000.0,7500.0,Rs./Quintal,Local
Aruppukottai(Uzhavar Sandhai ),0.12,Metric Tonnes,Pusakesar,6500.0,7000.0,6750.0,Rs./Quintal,Local
Athur(Uzhavar Sandhai ),0.29,Metric Tonnes,Pusakesar,6000.0,6600.0,6300.0,Rs./Quintal,Local
Avallapalli(Uzhavar Sandhai ),0.28,Metric Tonnes,Pusakesar,4000.0,4500.0,4250.0,Rs./Quintal,Local
Bodinayakanur(Uzhavar Sandhai ),0.08,Metric Tonnes,Pusakesar,5200.0,5200.0,5200.0,Rs./Quintal,Local
Chengalpet(Uzhavar Sandhai ),0.08,Metric Tonnes,Pusakesar,6000.0,7000.0,6500.0,Rs./Quintal,Local
Chengam(Uzhavar Sandhai ),0.15,Metric Tonnes,Pusakesar,6000.0,7200.0,6600.0,Rs./Quintal,Local
Cheyyar(Uzhavar Sandhai ),0.1,Metric Tonnes,Pusakesar,6000.0,7200.0,6600.0,Rs./Quintal,Local
Chinnalapatti(Uzhavar Sandhai ),0.04,Metric Tonnes,Pusakesar,6000.0,8000.0,7000.0,Rs./Quintal,Local
Chinnamanur(Uzhavar Sandhai ),0.22,Metric Tonnes,Pusakesar,4500.0,5000.0,4750.0,Rs./Quintal,Local
Chokkikulam(Uzhavar Sandhai ),0.85,Metric Tonnes,Pusakesar,2800.0,5000.0,3900.0,Rs./Quintal,Local
Coonoor(Uzhavar Sandhai ),0.28,Metric Tonnes,Pusakesar,5000.0,5500.0,5250.0,Rs./Quintal,Local
Cuddalore(Uzhavar Sandhai ),0.25,Metric Tonnes,Pusakesar,5000.0,5000.0,5000.0,Rs./Quintal,Local
Denkanikottai(Uzhavar Sandhai ),0.27,Metric Tonnes,Pusakesar,4000.0,4500.0,4250.0,Rs./Quintal,Local
Devakottai (Uzhavar Sandhai ),0.13,Metric Tonnes,Pusakesar,3400.0,5500.0,4450.0,Rs./Quintal,Local
Dharapuram(Uzhavar Sandhai ),0.6,Metric Tonnes,Pusakesar,6000.0,6500.0,6250.0,Rs./Quintal,Local
Dharmapuri(Uzhavar Sandhai ),0.24,Metric Tonnes,Pusakesar,6200.0,6400.0,6300.0,Rs./Quintal,Local
Dindigul(Uzhavar Sandhai ),0.36,Metric Tonnes,Pusakesar,7000.0,8000.0,7500.0,Rs./Quintal,Local
Edapadi (Uzhavar Sandhai ),0.17,Metric Tonnes,Pusakesar,6500.0,7000.0,6750.0,Rs./Quintal,Local
Elampillai(Uzhavar Sandhai ),0.25,Metric Tonnes,Pusakesar,6000.0,6500.0,6250.0,Rs./Quintal,Local
Gandhigramam(Uzhavar Sandhai),0.14,Metric Tonnes,Pusakesar,6000.0,7000.0,6500.0,Rs./Quintal,Local
Gingee(Uzhavar Sandhai ),0.02,Metric Tonnes,Pusakesar,5500.0,5500.0,5500.0,Rs./Quintal,Local
Gobichettipalayam(Uzhavar Sandhai ),0.12,Metric Tonnes,Pusakesar,6500.0,6800.0,6650.0,Rs./Quintal,Local
Gudalur(Uzhavar Sandhai ),0.04,Metric Tonnes,Pusakesar,3500.0,4000.0,3750.0,Rs./Quintal,Local
Gudiyatham(Uzhavar Sandhai ),0.05,Metric Tonnes,Pusakesar,5600.0,5600.0,5600.0,Rs./Quintal,Local
Harur(Uzhavar Sandhai ),0.12,Metric Tonnes,Pusakesar,5500.0,6000.0,5750.0,Rs./Quintal,Local
Hasthampatti(Uzhavar Sandhai ),0.16,Metric Tonnes,Pusakesar,6000.0,6500.0,6250.0,Rs./Quintal,Local
Hosur(Uzhavar Sandhai ),3.47,Metric Tonnes,Pusakesar,4000.0,4500.0,4250.0,Rs./Quintal,Local
Jalagandapuram(Uzhavar Sandhai ),0.04,Metric Tonnes,Pusakesar,6400.0,7000.0,6700.0,Rs./Quintal,Local
Jameenrayapettai(Uzhavar Sandhai ),0.12,Metric Tonnes,Pusakesar,7000.0,8000.0,7500.0,Rs./Quintal,Local
KKNagar(Uzhavar Sandhai ),0.6,Metric Tonnes,Pusakesar,6600.0,6600.0,6600.0,Rs./Quintal,Local
Kahithapattarai(Uzhavar Sandhai ),0.09,Metric Tonnes,Pusakesar,4600.0,4600.0,4600.0,Rs./Quintal,Local
Kallakurichi(Uzhavar Sandhai ),0.05,Metric Tonnes,Pusakesar,7000.0,7000.0,7000.0,Rs./Quintal,Local
Kambam(Uzhavar Sandhai ),0.8,Metric Tonnes,Pusakesar,5200.0,5200.0,5200.0,Rs./Quintal,Local
Karaikudi(Uzhavar Sandhai ),0.09,Metric Tonnes,Pusakesar,5000.0,5500.0,5250.0,Rs./Quintal,Local
Karimangalam(Uzhavar Sandhai),0.08,Metric Tonnes,Pusakesar,6000.0,6500.0,6250.0,Rs./Quintal,Local
Kariyapatti(Uzhavar Sandhai ),0.06,Metric Tonnes,Pusakesar,6500.0,7000.0,6750.0,Rs./Quintal,Local
Karur(Uzhavar Sandhai ),0.34,Metric Tonnes,Pusakesar,6500.0,7000.0,6750.0,Rs./Quintal,Local
Katpadi (Uzhavar Sandhai ),0.3,Metric Tonnes,Pusakesar,4500.0,5500.0,5000.0,Rs./Quintal,Local
Kaveripattinam(Uzhavar Sandhai ),0.09,Metric Tonnes,Pusakesar,8000.0,8000.0,8000.0,Rs./Quintal,Local
Kodaikkanal(Uzhavar Sandhai),0.01,Metric Tonnes,Pusakesar,6000.0,7000.0,6500.0,Rs./Quintal,Local
Kovilpatti(Uzhavar Sandhai ),0.12,Metric Tonnes,Pusakesar,6500.0,7000.0,6750.0,Rs./Quintal,Local
Krishnagiri(Uzhavar Sandhai ),0.35,Metric Tonnes,Pusakesar,7000.0,8000.0,7500.0,Rs./Quintal,Local
Kulithalai(Uzhavar Sandhai ),0.26,Metric Tonnes,Pusakesar,6000.0,7000.0,6500.0,Rs./Quintal,Local
Kumarapalayam(Uzhavar Sandhai ),0.04,Metric Tonnes,Pusakesar,7500.0,8000.0,7750.0,Rs./Quintal,Local
Kumbakonam (Uzhavar Sandhai ),0.2,Metric Tonnes,Pusakesar,6000.0,7800.0,6900.0,Rs./Quintal,Local
Kundrathur(Uzhavar Sandhai ),0.03,Metric Tonnes,Pusakesar,5500.0,5500.0,5500.0,Rs./Quintal,Local
Lalgudi(Uzhavar Sandhai ),0.15,Metric Tonnes,Pusakesar,7000.0,7000.0,7000.0,Rs./Quintal,Local
Manachanallur(Uzhavar Sandhai ),0.05,Metric Tonnes,Pusakesar,6000.0,7000.0,6500.0,Rs./Quintal,Local
Manapparai(Uzhavar Sandhai ),0.05,Metric Tonnes,Pusakesar,7000.0,7000.0,7000.0,Rs./Quintal,Local
Mannargudi I(Uzhavar Sandhai ),0.54,Metric Tonnes,Pusakesar,5600.0,5600.0,5600.0,Rs./Quintal,Local
Mannargudi II(Uzhavar Sandhai ),0.15,Metric Tonnes,Pusakesar,5600.0,5600.0,5600.0,Rs./Quintal,Local
Mayiladuthurai(Uzhavar Sandhai ),0.01,Metric Tonnes,Pusakesar,9000.0,9000.0,9000.0,Rs./Quintal,Local
Melapalayam(Uzhavar Sandhai ),0.36,Metric Tonnes,Pusakesar,3200.0,5600.0,4400.0,Rs./Quintal,Local
Mettupalayam(Uzhavar Sandhai ),0.48,Metric Tonnes,Pusakesar,5400.0,5800.0,5600.0,Rs./Quintal,Local
Mettur(Uzhavar Sandhai ),0.15,Metric Tonnes,Pusakesar,6000.0,7000.0,6500.0,Rs./Quintal,Local
Mohanur(Uzhavar Sandhai ),0.06,Metric Tonnes,Pusakesar,7000.0,8000.0,7500.0,Rs./Quintal,Local
Musiri(Uzhavar Sandhai ),0.36,Metric Tonnes,Pusakesar,6000.0,6500.0,6250.0,Rs./Quintal,Local
Myladi(Uzhavar Sandhai ),0.03,Metric Tonnes,Pusakesar,7500.0,8000.0,7750.0,Rs./Quintal,Local
NGO Colony(Uzhavar Sandhai ),0.25,Metric Tonnes,Pusakesar,4500.0,5600.0,5050.0,Rs./Quintal,Local
Nagapattinam(Uzhavar Sandhai ),0.05,Metric Tonnes,Pusakesar,7500.0,8000.0,7750.0,Rs./Quintal,Local
Namakkal(Uzhavar Sandhai ),0.48,Metric Tonnes,Pusakesar,5000.0,6000.0,5500.0,Rs./Quintal,Local
Nanganallur(Uzhavar Sandhai ),0.08,Metric Tonnes,Pusakesar,6500.0,7000.0,6750.0,Rs./Quintal,Local
Natrampalli(Uzhavar Sandhai ),0.34,Metric Tonnes,Pusakesar,5000.0,6000.0,5500.0,Rs./Quintal,Local
Padappai(Uzhavar Sandhai ),0.08,Metric Tonnes,Pusakesar,3500.0,6000.0,4750.0,Rs./Quintal,Local
Palacode(Uzhavar Sandhai ),0.16,Metric Tonnes,Pusakesar,6000.0,6400.0,6200.0,Rs./Quintal,Local
Palanganatham(Uzhavar Sandhai ),0.5,Metric Tonnes,Pusakesar,4000.0,5000.0,4500.0,Rs./Quintal,Local
Palani(Uzhavar Sandhai ),0.69,Metric Tonnes,Pusakesar,6000.0,6800.0,6400.0,Rs./Quintal,Local
Palayamkottai(Uzhavar Sandhai ),0.85,Metric Tonnes,Pusakesar,3200.0,5600.0,4400.0,Rs./Quintal,Local
Palladam(Uzhavar Sandhai ),0.09,Metric Tonnes,Pusakesar,5500.0,6000.0,5750.0,Rs./Quintal,Local
Pallavaram(Uzhavar Sandhai ),0.11,Metric Tonnes,Pusakesar,7000.0,8000.0,7500.0,Rs./Quintal,Local
Pallikonda(Uzhavar Sandhai),0.02,Metric Tonnes,Pusakesar,4000.0,4000.0,4000.0,Rs./Quintal,Local
Papanasam(Uzhavar Sandhai ),0.04,Metric Tonnes,Pusakesar,6000.0,7800.0,6900.0,Rs./Quintal,Local
Paramakudi(Uzhavar Sandhai ),0.16,Metric Tonnes,Pusakesar,7000.0,8000.0,7500.0,Rs./Quintal,Local
Paramathivelur(Uzhavar Sandhai ),0.06,Metric Tonnes,Pusakesar,8000.0,9000.0,8500.0,Rs./Quintal,Local
Paruthipattu(Uzhavar Sandhai ),0.07,Metric Tonnes,Pusakesar,6000.0,6000.0,6000.0,Rs./Quintal,Local
Pattukottai(Uzhavar Sandhai ),0.05,Metric Tonnes,Pusakesar,7400.0,7400.0,7400.0,Rs./Quintal,Local
Pennagaram(Uzhavar Sandhai ),0.12,Metric Tonnes,Pusakesar,7000.0,7500.0,7250.0,Rs./Quintal,Local
Perambalur(Uzhavar Sandhai ),0.16,Metric Tonnes,Pusakesar,7200.0,7200.0,7200.0,Rs./Quintal,Local
Perampet(Uzhavar Sandhai),0.02,Metric Tonnes,Pusakesar,5600.0,5600.0,5600.0,Rs./Quintal,Local
Peravurani(Uzhavar Sandhai),0.02,Metric Tonnes,Pusakesar,7400.0,7400.0,7400.0,Rs./Quintal,Local
Periyakulam(Uzhavar Sandhai ),0.2,Metric Tonnes,Pusakesar,5000.0,5000.0,5000.0,Rs./Quintal,Local
Perundurai(Uzhavar Sandhai ),0.03,Metric Tonnes,Pusakesar,5500.0,6000.0,5750.0,Rs./Quintal,Local
Pollachi(Uzhavar Sandhai ),0.14,Metric Tonnes,Pusakesar,6000.0,6500.0,6250.0,Rs./Quintal,Local
Polur(Uzhavar Sandhai ),0.2,Metric Tonnes,Pusakesar,6000.0,7200.0,6600.0,Rs./Quintal,Local
Pudukottai(Uzhavar Sandhai ),0.18,Metric Tonnes,Pusakesar,6000.0,7000.0,6500.0,Rs./Quintal,Local
RSPuram(Uzhavar Sandhai ),2.24,Metric Tonnes,Pusakesar,4500.0,5000.0,4750.0,Rs./Quintal,Local
Rajapalayam(Uzhavar Sandhai ),0.2,Metric Tonnes,Pusakesar,4000.0,4500.0,4250.0,Rs./Quintal,Local
Ramanathapuram(Uzhavar Sandhai ),0.08,Metric Tonnes,Pusakesar,7500.0,8000.0,7750.0,Rs./Quintal,Local
Ranipettai(Uzhavar Sandhai ),0.03,Metric Tonnes,Pusakesar,5000.0,5500.0,5250.0,Rs./Quintal,Local
Rasipuram(Uzhavar Sandhai ),0.08,Metric Tonnes,Pusakesar,6500.0,7500.0,7000.0,Rs./Quintal,Local
Sampath Nagar(Uzhavar Sandhai ),0.14,Metric Tonnes,Pusakesar,5500.0,5800.0,5650.0,Rs./Quintal,Local
Sankarapuram(Uzhavar Sandhai ),0.12,Metric Tonnes,Pusakesar,7000.0,7000.0,7000.0,Rs./Quintal,Local
Sathiyamagalam(Uzhavar Sandhai ),0.22,Metric Tonnes,Pusakesar,6000.0,6400.0,6200.0,Rs./Quintal,Local
Sathur(Uzhavar Sandhai ),0.02,Metric Tonnes,Pusakesar,4500.0,5000.0,4750.0,Rs./Quintal,Local
Singampunari(Uzhavar Sandhai ),0.04,Metric Tonnes,Pusakesar,3400.0,5200.0,4300.0,Rs./Quintal,Local
Singanallur(Uzhavar Sandhai ),1.0,Metric Tonnes,Pusakesar,5500.0,6000.0,5750.0,Rs./Quintal,Local
Sirkali(Uzhavar Sandhai ),0.04,Metric Tonnes,Pusakesar,8000.0,8000.0,8000.0,Rs./Quintal,Local
Sivagangai (Uzhavar Sandhai ),0.24,Metric Tonnes,Pusakesar,3400.0,5200.0,4300.0,Rs./Quintal,Local
Sivakasi(Uzhavar Sandhai ),0.02,Metric Tonnes,Pusakesar,3500.0,4000.0,3750.0,Rs./Quintal,Local
Sooramangalam(Uzhavar Sandhai ),0.44,Metric Tonnes,Pusakesar,6000.0,6400.0,6200.0,Rs./Quintal,Local
Srivilliputhur(Uzhavar Sandhai ),0.07,Metric Tonnes,Pusakesar,4000.0,4500.0,4250.0,Rs./Quintal,Local
Sulur(Uzhavar Sandhai ),0.27,Metric Tonnes,Pusakesar,5500.0,6000.0,5750.0,Rs./Quintal,Local
Sundarapuram(Uzhavar Sandhai ),0.24,Metric Tonnes,Pusakesar,5500.0,6000.0,5750.0,Rs./Quintal,Local
Sunguvarchatram(Uzhavar Sandhai ),0.05,Metric Tonnes,Pusakesar,5500.0,5500.0,5500.0,Rs./Quintal,Local
Thalavadi(Uzhavar Sandhai ),0.09,Metric Tonnes,Pusakesar,6000.0,6500.0,6250.0,Rs./Quintal,Local
Thalavaipuram(Uzhavar Sandhai ),0.04,Metric Tonnes,Pusakesar,3600.0,4500.0,4050.0,Rs./Quintal,Local
Thammampatti (Uzhavar Sandhai ),0.12,Metric Tonnes,Pusakesar,6000.0,6500.0,6250.0,Rs./Quintal,Local
Thanjavur(Uzhavar Sandhai ),0.21,Metric Tonnes,Pusakesar,6000.0,6000.0,6000.0,Rs./Quintal,Local
Thathakapatti(Uzhavar Sandhai ),0.28,Metric Tonnes,Pusakesar,6000.0,6600.0,6300.0,Rs./Quintal,Local
Theni(Uzhavar Sandhai ),0.96,Metric Tonnes,Pusakesar,4000.0,5000.0,4500.0,Rs./Quintal,Local
Thirupathur APMC,0.3,Metric Tonnes,Pusakesar,7000.0,7000.0,7000.0,Rs./Quintal,Local
Thiruverumbur(Uzhavar Sandhai ),0.14,Metric Tonnes,Pusakesar,7000.0,7000.0,7000.0,Rs./Quintal,Local
Thuraiyur APMC,0.12,Metric Tonnes,Pusakesar,5600.0,6600.0,6100.0,Rs./Quintal,Local
Tindivanam APMC,0.08,Metric Tonnes,Pusakesar,5800.0,5800.0,5800.0,Rs./Quintal,Local
Tiruchengode APMC,0.29,Metric Tonnes,Pusakesar,6200.0,7000.0,6600.0,Rs./Quintal,Local
Tirukattupalli(Uzhavar Sandhai ),0.1,Metric Tonnes,Pusakesar,7600.0,7600.0,7600.0,Rs./Quintal,Local
Tirupatthur(Uzhavar Sandhai ),0.13,Metric Tonnes,Pusakesar,3400.0,5500.0,4450.0,Rs./Quintal,Local
Tiruppur (North) (Uzhavar Sandhai ),0.08,Metric Tonnes,Pusakesar,6000.0,7000.0,6500.0,Rs./Quintal,Local
Tiruppur (South) (Uzhavar Sandhai ),0.49,Metric Tonnes,Pusakesar,5000.0,6000.0,5500.0,Rs./Quintal,Local
Tiruthani(Uzhavar Sandhai ),0.05,Metric Tonnes,Pusakesar,6000.0,6000.0,6000.0,Rs./Quintal,Local
Tiruvannamalai(Uzhavar Sandhai ),0.26,Metric Tonnes,Pusakesar,5000.0,6000.0,5500.0,Rs./Quintal,Local
Tuticorin(Uzhavar Sandhai ),0.25,Metric Tonnes,Pusakesar,7500.0,8000.0,7750.0,Rs./Quintal,Local
Udhagamandalam(Uzhavar Sandhai ),0.4,Metric Tonnes,Pusakesar,3000.0,3500.0,3250.0,Rs./Quintal,Local
Udumalpet APMC,0.22,Metric Tonnes,Pusakesar,6000.0,7000.0,6500.0,Rs./Quintal,Local
Vadalur(Uzhavar Sandhai ),0.05,Metric Tonnes,Pusakesar,5000.0,6000.0,5500.0,Rs./Quintal,Local
Vadaseri APMC,0.18,Metric Tonnes,Pusakesar,7500.0,8000.0,7750.0,Rs./Quintal,Local
Vadavalli(Uzhavar Sandhai ),0.61,Metric Tonnes,Pusakesar,5200.0,5500.0,5350.0,Rs./Quintal,Local
Vandavasi(Uzhavar Sandhai ),0.03,Metric Tonnes,Pusakesar,6000.0,7200.0,6600.0,Rs./Quintal,Local
Vaniyampadi(Uzhavar Sandhai ),0.74,Metric Tonnes,Pusakesar,7000.0,7000.0,7000.0,Rs./Quintal,Local
Vazhapadi(Uzhavar Sandhai),0.02,Metric Tonnes,Pusakesar,6000.0,6500.0,6250.0,Rs./Quintal,Local
Vellore APMC,0.35,Metric Tonnes,Pusakesar,3500.0,4000.0,3750.0,Rs./Quintal,Local
Villupuram(Uzhavar Sandhai ),0.03,Metric Tonnes,Pusakesar,7000.0,7000.0,7000.0,Rs./Quintal,Local
Virudhunagar(Uzhavar Sandhai ),0.06,Metric Tonnes,Pusakesar,6400.0,6500.0,6450.0,Rs./Quintal,Local
Viruthachalam(Uzhavar Sandhai ),0.03,Metric Tonnes,Pusakesar,9000.0,9000.0,9000.0,Rs./Quintal,Local
Total,34.01,Metric Tonnes,,,,5573.01,Rs./Quintal,
State/UT Name : Telangana
"Alwal,RBZ",12.0,Metric Tonnes,Other,4500.0,4500.0,4500.0,Rs./Quintal,FAQ
Bowenpally APMC,620.1,Metric Tonnes,Carrot,1500.0,4000.0,3000.0,Rs./Quintal,FAQ
"Excise Colony,RBZ ",0.15,Metric Tonnes,Other,6000.0,6000.0,6000.0,Rs./Quintal,Grade A
"Kukatpally,RBZ",5.1,Metric Tonnes,Carrot,4500.0,4500.0,4500.0,Rs./Quintal,Local
L B Nagar APMC,4.7,Metric Tonnes,Carrot,3000.0,4000.0,3500.0,Rs./Quintal,Medium
Mahboob Manison APMC,2.2,Metric Tonnes,Carrot,4000.0,5000.0,4750.0,Rs./Quintal,Medium
Miryalguda(Rythu Bazar) ,0.2,Metric Tonnes,Carrot,5000.0,5000.0,5000.0,Rs./Quintal,Grade A
RYTHU BAZAR ERRAGADDA,4.3,Metric Tonnes,Carrot,4500.0,4500.0,4500.0,Rs./Quintal,Grade A
RYTHU BAZAR MEHDIPATNAM,2.6,Metric Tonnes,Carrot,4500.0,4500.0,4500.0,Rs./Quintal,Grade A
Sangareddy APMC,0.2,Metric Tonnes,Other,3000.0,3000.0,3000.0,Rs./Quintal,Grade B
"Saroornagar,RBZ",3.2,Metric Tonnes,Other,4500.0,4500.0,4500.0,Rs./Quintal,Medium
Shadnagar APMC,3.0,Metric Tonnes,Carrot,1800.0,2200.0,1900.0,Rs./Quintal,Local
Siddipet(Rythu Bazar) ,0.9,Metric Tonnes,Carrot,4000.0,5000.0,4400.0,Rs./Quintal,Grade A
"Vanasthalipuram,RBZ ",1.1,Metric Tonnes,Carrot,4500.0,4500.0,4500.0,Rs./Quintal,Grade A
Venkateswarnagar APMC,0.1,Metric Tonnes,Carrot,2500.0,2800.0,2600.0,Rs./Quintal,Grade A
Warangal APMC,4.1000000000000005,Metric Tonnes,Carrot,3500.0,4000.0,3750.0,Rs./Quintal,FAQ
Total,663.95,Metric Tonnes,,,,3076.05,Rs./Quintal,
State/UT Name : Uttar Pradesh
Baripaal APMC,0.6000000000000001,Metric Tonnes,Carrot,2500.0,2700.0,2600.0,Rs./Quintal,Medium
Maigalganj APMC,0.5,Metric Tonnes,Carrot,1260.0,1300.0,1280.0,Rs./Quintal,FAQ
Total,1.1,Metric Tonnes,,,,2000.0,Rs./Quintal,
State/UT Name : Uttarakhand
Dehradoon APMC,1.4000000000000001,Metric Tonnes,Other,800.0,1500.0,1200.0,Rs./Quintal,Grade B
Kashipur APMC,0.4,Metric Tonnes,Other,2300.0,2300.0,2300.0,Rs./Quintal,Local
Total,1.8,Metric Tonnes,,,,1444.44,Rs./Quintal,
State/UT Name : West Bengal
Gangarampur(Dakshin Dinajpur) APMC,0.1,Metric Tonnes,Other,3500.0,4000.0,3800.0,Rs./Quintal,FAQ
Ghatal APMC,1.8,Metric Tonnes,Carrot,3400.0,3600.0,3500.0,Rs./Quintal,FAQ
Jhargram APMC,0.5,Metric Tonnes,Other,3500.0,3800.0,3600.0,Rs./Quintal,FAQ
Karsiyang(Matigara) APMC,0.2,Metric Tonnes,Other,3400.0,3600.0,3500.0,Rs./Quintal,FAQ
Sealdah Koley Market APMC,11.5,Metric Tonnes,Other,3500.0,4500.0,4000.0,Rs./Quintal,FAQ
Total,14.1,Metric Tonnes,,,,3913.48,Rs./Quintal,
Grand Total,3031.4,Metric Tonnes,,,,4943.22,Rs./Quintal,
Onion
State/UT Name : Andhra Pradesh
Kurnool APMC,104.9,Metric Tonnes,Local,1745.0,4611.0,4374.0,Rs./Quintal,FAQ
Yerraguntla APMC,0.1,Metric Tonnes,Local,2600.0,3000.0,2800.0,Rs./Quintal,FAQ
Total,105.0,Metric Tonnes,,,,4372.5,Rs./Quintal,
State/UT Name : Assam
Dhing APMC,20.0,Metric Tonnes,Onion,3300.0,3700.0,3500.0,Rs./Quintal,FAQ
Doomdumia APMC,22.0,Metric Tonnes,Onion,3300.0,3600.0,3400.0,Rs./Quintal,FAQ
Pamohi(Garchuk) APMC,30.0,Metric Tonnes,Onion,5400.0,6000.0,5600.0,Rs./Quintal,FAQ
Pamohi(Garchuk) APMC,45.0,Metric Tonnes,Local,5200.0,5800.0,5400.0,Rs./Quintal,FAQ
Tinsukia Market,8.0,Metric Tonnes,Onion,4700.0,5200.0,5000.0,Rs./Quintal,FAQ
Uparhali Pmy APMC,4.0,Metric Tonnes,Onion,5000.0,5200.0,5000.0,Rs./Quintal,FAQ
Total,129.0,Metric Tonnes,,,,4773.64,Rs./Quintal,
State/UT Name : Bihar
Balliah APMC,2.5,Metric Tonnes,1st Sort,5000.0,5200.0,5100.0,Rs./Quintal,Grade A
Balliah APMC,3.0,Metric Tonnes,1st Sort,5000.0,5200.0,5100.0,Rs./Quintal,Grade C
Balliah APMC,2.5,Metric Tonnes,1st Sort,5000.0,5200.0,5100.0,Rs./Quintal,Grade B
Bhagwanpur Mandi APMC,2.3,Metric Tonnes,Medium,4500.0,4500.0,4500.0,Rs./Quintal,Grade A
Bhagwanpur Mandi APMC,5.6,Metric Tonnes,1st Sort,4600.0,4600.0,4600.0,Rs./Quintal,Grade A
Chhapra APMC,120.0,Metric Tonnes,Other,3800.0,4800.0,4200.0,Rs./Quintal,Grade A
Madhuban APMC,100.0,Metric Tonnes,1st Sort,4000.0,4400.0,4200.0,Rs./Quintal,FAQ
Madhubani APMC,30.0,Metric Tonnes,Nasik,4500.0,4700.0,4600.0,Rs./Quintal,FAQ
Maharjganj APMC,4.0,Metric Tonnes,1st Sort,4700.0,4700.0,4700.0,Rs./Quintal,FAQ
Motihari APMC,75.0,Metric Tonnes,Other,4200.0,4500.0,4300.0,Rs./Quintal,Grade A
Raxaul APMC,3.5,Metric Tonnes,1st Sort,4200.0,4400.0,4300.0,Rs./Quintal,Grade A
Triveniganj APMC,10.0,Metric Tonnes,1st Sort,3900.0,3900.0,3900.0,Rs./Quintal,Grade A
Total,358.4,Metric Tonnes,,,,4280.86,Rs./Quintal,
State/UT Name : Chandigarh
Chandigarh (Grain/F&V) APMC,239.64000000000001,Metric Tonnes,Onion,2000.0,4500.0,4200.0,Rs./Quintal,FAQ
Total,239.64,Metric Tonnes,,,,4200.0,Rs./Quintal,
State/UT Name : Chattisgarh
Rajnandgaon APMC,28.1,Metric Tonnes,Onion,4400.0,5000.0,4700.0,Rs./Quintal,Grade B
Tiphra APMC,61.0,Metric Tonnes,Local,3300.0,3500.0,3400.0,Rs./Quintal,Grade B
Total,89.1,Metric Tonnes,,,,3809.99,Rs./Quintal,
State/UT Name : Goa
Mapusa APMC,8.504,Metric Tonnes,Onion,2400.0,2800.0,2600.0,Rs./Quintal,FAQ
Total,8.5,Metric Tonnes,,,,2600.0,Rs./Quintal,
State/UT Name : Gujarat
Ahmedabad(Chimanbhai Patal Market Vasana) APMC,11.3,Metric Tonnes,Local,3000.0,4000.0,3800.0,Rs./Quintal,FAQ
Ahmedabad(Chimanbhai Patal Market Vasana) APMC,660.0,Metric Tonnes,Nasik,3500.0,5000.0,4750.0,Rs./Quintal,FAQ
Ahmedabad(Chimanbhai Patal Market Vasana) APMC,64.2,Metric Tonnes,Other,4000.0,4500.0,4350.0,Rs./Quintal,FAQ
"Anand(Veg,Yard,Anand) APMC",55.6,Metric Tonnes,Onion,3000.0,4000.0,3500.0,Rs./Quintal,Grade B
Bharuch APMC,20.5,Metric Tonnes,Other,1500.0,3200.0,2500.0,Rs./Quintal,Local
Bilimora APMC,1.4000000000000001,Metric Tonnes,Nasik,3000.0,5000.0,4500.0,Rs./Quintal,FAQ
Dahod(Veg. Market) APMC,2.2,Metric Tonnes,Onion,4000.0,5000.0,4500.0,Rs./Quintal,Local
Deesa(Deesa Veg Yard) APMC,86.80000000000001,Metric Tonnes,Other,3500.0,4500.0,4000.0,Rs./Quintal,FAQ
Himatnagar(Veg.Market Himatnagar) APMC,1.5,Metric Tonnes,Onion,4000.0,4500.0,4420.0,Rs./Quintal,Local
Kapadvanj APMC,5.0,Metric Tonnes,Onion,2500.0,4000.0,3250.0,Rs./Quintal,Medium
Khambhat(Veg Yard Khambhat) APMC,0.30000000000000004,Metric Tonnes,Other,4000.0,5200.0,4800.0,Rs./Quintal,Local
Navsari APMC,11.25,Metric Tonnes,Onion,2800.0,5000.0,3900.0,Rs./Quintal,Grade A
Padra APMC,9.8,Metric Tonnes,Other,5000.0,5500.0,5250.0,Rs./Quintal,FAQ
Surat APMC,210.0,Metric Tonnes,Other,1800.0,5000.0,3400.0,Rs./Quintal,FAQ
Total,1139.85,Metric Tonnes,,,,4298.9,Rs./Quintal,
State/UT Name : Haryana
Bahadurgarh APMC,3.2,Metric Tonnes,Other,3800.0,4500.0,4000.0,Rs./Quintal,FAQ
Ballabhgarh APMC,9.200000000000001,Metric Tonnes,Onion,2500.0,3500.0,3000.0,Rs./Quintal,FAQ
Barwala APMC,0.8,Metric Tonnes,Onion,4000.0,4500.0,4250.0,Rs./Quintal,FAQ
Barwala(Hisar) APMC,7.0,Metric Tonnes,Onion,3000.0,5000.0,4500.0,Rs./Quintal,Local
Ch. Dadri APMC,6.5,Metric Tonnes,Onion,3000.0,4300.0,3650.0,Rs./Quintal,Medium
Chhachrauli APMC,0.15,Metric Tonnes,Onion,4000.0,4000.0,4000.0,Rs./Quintal,Local
Dabwali APMC,25.0,Metric Tonnes,Onion,1800.0,2200.0,2000.0,Rs./Quintal,FAQ
Dhand APMC,0.6000000000000001,Metric Tonnes,Other,3500.0,4000.0,3800.0,Rs./Quintal,Medium
Farukh Nagar APMC,1.8,Metric Tonnes,Other,3500.0,4300.0,3800.0,Rs./Quintal,Medium
Ganaur APMC,2.2,Metric Tonnes,Onion,4000.0,5000.0,4500.0,Rs./Quintal,FAQ
Gharaunda APMC,2.2,Metric Tonnes,Other,4000.0,4500.0,4500.0,Rs./Quintal,Local
Gohana APMC,4.6000000000000005,Metric Tonnes,Other,3000.0,5000.0,4000.0,Rs./Quintal,Medium
Gurgaon APMC,78.0,Metric Tonnes,Other,4000.0,5000.0,4500.0,Rs./Quintal,Grade A
Hodal APMC,2.5,Metric Tonnes,Onion,2500.0,3000.0,2800.0,Rs./Quintal,FAQ
Indri APMC,0.55,Metric Tonnes,Other,4200.0,4200.0,4200.0,Rs./Quintal,FAQ
Jagadhri APMC,3.6350000000000002,Metric Tonnes,Other,3000.0,4500.0,4000.0,Rs./Quintal,FAQ
Kharkhoda APMC,3.0,Metric Tonnes,Other,3000.0,4200.0,3600.0,Rs./Quintal,FAQ
Ladwa APMC,1.2000000000000002,Metric Tonnes,Other,5500.0,6000.0,6000.0,Rs./Quintal,Medium
Madlauda APMC,0.25,Metric Tonnes,Onion,3000.0,3000.0,3000.0,Rs./Quintal,FAQ
Meham,0.30000000000000004,Metric Tonnes,Medium,4500.0,5000.0,4600.0,Rs./Quintal,Medium
Mohindergarh APMC,0.6000000000000001,Metric Tonnes,Onion,2500.0,2500.0,2500.0,Rs./Quintal,Medium
Naraingarh APMC,2.25,Metric Tonnes,Onion,2200.0,4500.0,3800.0,Rs./Quintal,Medium
Narnaul APMC,2.5,Metric Tonnes,Onion,3500.0,4000.0,3800.0,Rs./Quintal,Medium
Narwana APMC,4.800000000000001,Metric Tonnes,Onion,3500.0,4500.0,4000.0,Rs./Quintal,Non-FAQ
"New Grain Market , Faridabad APMC",76.9,Metric Tonnes,Onion,2500.0,4600.0,3550.0,Rs./Quintal,Non-FAQ
"New Grain Market , Panchkula APMC",0.1,Metric Tonnes,Other,3600.0,3800.0,3700.0,Rs./Quintal,Grade A
Panchkul(Kalka) APMC,0.1,Metric Tonnes,Other,3700.0,3900.0,3800.0,Rs./Quintal,Grade A
Panipat APMC,41.0,Metric Tonnes,Onion,1500.0,4500.0,3000.0,Rs./Quintal,Local
Radaur APMC,0.8,Metric Tonnes,Nasik,4500.0,5000.0,4800.0,Rs./Quintal,Medium
Raipur Rani APMC,0.2,Metric Tonnes,Onion,2000.0,2200.0,2000.0,Rs./Quintal,Local
Ratia APMC,17.0,Metric Tonnes,Other,4500.0,4500.0,4500.0,Rs./Quintal,Grade A
Rewari APMC,5.1000000000000005,Metric Tonnes,Medium,2500.0,5000.0,3500.0,Rs./Quintal,Medium
Sadhaura APMC,2.1,Metric Tonnes,Onion,2500.0,2900.0,2700.0,Rs./Quintal,Local
Shahzadpur APMC,0.5,Metric Tonnes,Onion,2000.0,2000.0,2000.0,Rs./Quintal,FAQ
Sirsa APMC,16.400000000000002,Metric Tonnes,Other,2200.0,4350.0,3800.0,Rs./Quintal,FAQ
Siwan APMC,1.7,Metric Tonnes,Other,3900.0,4100.0,4000.0,Rs./Quintal,FAQ
Tarori APMC,0.8,Metric Tonnes,Other,3000.0,4000.0,3500.0,Rs./Quintal,Medium
Tauru APMC,1.5,Metric Tonnes,Nasik,5000.0,5000.0,5000.0,Rs./Quintal,FAQ
Thanesar APMC,21.1,Metric Tonnes,Onion,4400.0,5400.0,4900.0,Rs./Quintal,Medium
Tohana(New Veg Market) APMC,5.6000000000000005,Metric Tonnes,Onion,3000.0,4000.0,3500.0,Rs./Quintal,FAQ
Uklana APMC,0.2,Metric Tonnes,Onion,3500.0,4000.0,4000.0,Rs./Quintal,Medium
Total,353.94,Metric Tonnes,,,,3774.39,Rs./Quintal,
State/UT Name : Himachal Pradesh
PMY Bilaspur,2.9000000000000004,Metric Tonnes,Other,4200.0,4600.0,4400.0,Rs./Quintal,Grade B
PMY Chamba,0.829,Metric Tonnes,Onion,4500.0,5000.0,4750.0,Rs./Quintal,Medium
PMY Hamirpur,1.5,Metric Tonnes,Other,4800.0,5000.0,4900.0,Rs./Quintal,Grade B
PMY Kangra,1.9000000000000001,Metric Tonnes,Onion,5200.0,5500.0,5300.0,Rs./Quintal,FAQ
PMY Kather Solan,7.164,Metric Tonnes,Other,4800.0,5200.0,4800.0,Rs./Quintal,Medium
PMY Kullu,1.5,Metric Tonnes,Other,5000.0,5500.0,5200.0,Rs./Quintal,FAQ
PMY Una,4.0,Metric Tonnes,Other,4500.0,5000.0,4800.0,Rs./Quintal,FAQ
SMY Baijnath,0.4,Metric Tonnes,Onion,5000.0,5500.0,5300.0,Rs./Quintal,Grade B
SMY Jaisinghpur,0.2,Metric Tonnes,Other,5400.0,5600.0,5500.0,Rs./Quintal,FAQ
SMY Jogindernagar,0.1,Metric Tonnes,Local,5000.0,5400.0,5200.0,Rs./Quintal,Grade B
SMY Nadaun,0.22999999999999998,Metric Tonnes,Other,3800.0,4000.0,3900.0,Rs./Quintal,Grade B
SMY Nagrota Bagwan,1.0,Metric Tonnes,Onion,5200.0,5400.0,5300.0,Rs./Quintal,FAQ
SMY Nalagarh,0.42,Metric Tonnes,Other,3000.0,4400.0,3700.0,Rs./Quintal,Medium
SMY Palampur,2.5,Metric Tonnes,Onion,5200.0,5500.0,5400.0,Rs./Quintal,FAQ
SMY Rohroo,0.4,Metric Tonnes,1st Sort,5500.0,6000.0,5800.0,Rs./Quintal,Grade B
SMY Santoshgarh,0.8,Metric Tonnes,Onion,4600.0,5000.0,4800.0,Rs./Quintal,FAQ
Total,25.84,Metric Tonnes,,,,4900.98,Rs./Quintal,
State/UT Name : Jammu and Kashmir
Batengoo Anantnag (F&V),9.0,Metric Tonnes,Onion,3200.0,3200.0,3200.0,Rs./Quintal,FAQ
Parimpore Srinagar (F&V),144.0,Metric Tonnes,Nasik,5000.0,5500.0,5250.0,Rs./Quintal,Grade A
Rajouri (Phaliana) (F&V),2.0,Metric Tonnes,Onion,5000.0,5000.0,5000.0,Rs./Quintal,Grade B
Total,155.0,Metric Tonnes,,,,5127.74,Rs./Quintal,
State/UT Name : Karnataka
APMC Hubballi,120.0,Metric Tonnes,Puna,2800.0,4300.0,3400.0,Rs./Quintal,Local
APMC Hubballi,115.0,Metric Tonnes,Local,2400.0,4000.0,3200.0,Rs./Quintal,Local
Bagalkot APMC,85.10000000000001,Metric Tonnes,Onion,2000.0,5000.0,4600.0,Rs./Quintal,Local
Bangarpet APMC,0.4,Metric Tonnes,Onion,3000.0,3800.0,3500.0,Rs./Quintal,Local
Belgaum APMC,476.8,Metric Tonnes,Pusa-Red,3000.0,6000.0,5000.0,Rs./Quintal,Large
Bengaluru APMC,289.5,Metric Tonnes,Onion,4000.0,5000.0,4200.0,Rs./Quintal,Large
Bengaluru APMC,289.5,Metric Tonnes,Bangalore-Samall,2000.0,3000.0,2500.0,Rs./Quintal,Small
Bengaluru APMC,579.2,Metric Tonnes,Local,3000.0,4000.0,3500.0,Rs./Quintal,Medium
Bengaluru APMC,1737.4,Metric Tonnes,Puna,4000.0,5800.0,4800.0,Rs./Quintal,Local
Chickkaballapura APMC,12.5,Metric Tonnes,Beelary-Red,5000.0,5500.0,5200.0,Rs./Quintal,Local
Chikkamagaluru APMC,2.1,Metric Tonnes,Other,4600.0,4800.0,4700.0,Rs./Quintal,Local
Davangere APMC,73.0,Metric Tonnes,Onion,4300.0,5100.0,4800.0,Rs./Quintal,Local
Doddaballapur APMC,3.9000000000000004,Metric Tonnes,Onion,3000.0,4000.0,3600.0,Rs./Quintal,Medium
Gauribidanur APMC,0.4,Metric Tonnes,Onion,3000.0,4000.0,3500.0,Rs./Quintal,Local
Haveri APMC,1.9000000000000001,Metric Tonnes,Local,3800.0,4500.0,4100.0,Rs./Quintal,FAQ
Hospet APMC,3.2,Metric Tonnes,Local,3500.0,4000.0,4000.0,Rs./Quintal,Local
Hunsur APMC,2.0,Metric Tonnes,Bombay (U.P.),4165.0,4165.0,4165.0,Rs./Quintal,Local
Kadur APMC,0.5,Metric Tonnes,Other,3330.0,3330.0,3330.0,Rs./Quintal,Medium
Kalaburagi APMC,104.5,Metric Tonnes,Onion,1000.0,6000.0,3500.0,Rs./Quintal,Local
Udupi APMC,10.0,Metric Tonnes,Onion,4400.0,4500.0,4500.0,Rs./Quintal,Local
Total,3906.9,Metric Tonnes,,,,4285.05,Rs./Quintal,
State/UT Name : Keralam
Anchal Market,0.4,Metric Tonnes,Small,4500.0,4500.0,4500.0,Rs./Quintal,Local
Anchal Market,0.53,Metric Tonnes,Big,3800.0,3800.0,3800.0,Rs./Quintal,Local
Aralamoodu Market,4.0,Metric Tonnes,Big,5500.0,6000.0,6000.0,Rs./Quintal,FAQ
Aralamoodu Market,2.0,Metric Tonnes,Onion,8000.0,800000.0,8000.0,Rs./Quintal,FAQ
Athirampuzha Market,0.8,Metric Tonnes,Small,8400.0,8600.0,8500.0,Rs./Quintal,FAQ
Athirampuzha Market,2.0,Metric Tonnes,Big,5500.0,5700.0,5600.0,Rs./Quintal,FAQ
Balarampuram Market,3.0,Metric Tonnes,1st Sort,6000.0,6000.0,6000.0,Rs./Quintal,FAQ
Chalakudy Market,0.03,Metric Tonnes,Big,5000.0,5700.0,5700.0,Rs./Quintal,FAQ
Chathanoor Market,0.4,Metric Tonnes,Other,3300.0,3700.0,3500.0,Rs./Quintal,FAQ
Chavakkad Market,0.25,Metric Tonnes,Big,5500.0,6000.0,6000.0,Rs./Quintal,FAQ
Chelakkara Market,0.2,Metric Tonnes,Big,5500.0,6000.0,5800.0,Rs./Quintal,FAQ
Chengannur Market,1.0,Metric Tonnes,Onion,4900.0,5200.0,5000.0,Rs./Quintal,FAQ
Chengannur Market,0.5,Metric Tonnes,Small,7900.0,8200.0,8000.0,Rs./Quintal,FAQ
Ettumanoor Market,2.0,Metric Tonnes,Big,5400.0,5800.0,5600.0,Rs./Quintal,FAQ
Irinjalakkuda Market,0.1,Metric Tonnes,Big,5000.0,5500.0,5500.0,Rs./Quintal,FAQ
Kallachi Market,0.1,Metric Tonnes,Big,5300.0,5700.0,5500.0,Rs./Quintal,FAQ
Kanjangadu Market,1.0,Metric Tonnes,Big,5400.0,6000.0,5600.0,Rs./Quintal,FAQ
Kanjirappally Market,0.5,Metric Tonnes,Big,5500.0,6000.0,5800.0,Rs./Quintal,FAQ
Kannur Market,24.0,Metric Tonnes,Onion,5800.0,6000.0,5900.0,Rs./Quintal,Grade A
Kayamkulam Market,5.0,Metric Tonnes,Big,5000.0,5200.0,5100.0,Rs./Quintal,FAQ
Kayamkulam Market,3.0,Metric Tonnes,Small,6900.0,7100.0,7000.0,Rs./Quintal,FAQ
Kodungalloor Market,6.0,Metric Tonnes,Big,5000.0,5000.0,5000.0,Rs./Quintal,Grade A
Koduvayoor Market,80.0,Metric Tonnes,Big,5200.0,5600.0,5400.0,Rs./Quintal,Medium
Koduvayoor Market,80.0,Metric Tonnes,Small,7200.0,7600.0,7400.0,Rs./Quintal,Medium
Kottakkal Market,8.0,Metric Tonnes,Other,5500.0,5700.0,5600.0,Rs./Quintal,Local
Kuruppanthura Market,1.0,Metric Tonnes,Big,5000.0,6000.0,5500.0,Rs./Quintal,FAQ
Madhavapuram Market,1.0,Metric Tonnes,Big,3400.0,3800.0,3600.0,Rs./Quintal,FAQ
Madhavapuram Market,0.9,Metric Tonnes,Small,6800.0,7200.0,7000.0,Rs./Quintal,FAQ
Manjeri Market,8.0,Metric Tonnes,Other,4950.0,5050.0,5000.0,Rs./Quintal,Local
Mukkom Market,0.6,Metric Tonnes,Onion,4800.0,5200.0,5000.0,Rs./Quintal,FAQ
Neeleswaram Market,1.0,Metric Tonnes,Big,5400.0,5800.0,5600.0,Rs./Quintal,FAQ
North Paravur Market,1.0,Metric Tonnes,1st Sort,5500.0,6500.0,6000.0,Rs./Quintal,Large
North Paravur Market,1.0,Metric Tonnes,1st Sort,8500.0,9500.0,9000.0,Rs./Quintal,Small
Pala Market,6.0,Metric Tonnes,Big,5300.0,6000.0,5600.0,Rs./Quintal,FAQ
Pala Market,2.0,Metric Tonnes,Onion,8400.0,9000.0,8800.0,Rs./Quintal,FAQ
Palakkad Market,10.0,Metric Tonnes,Big,5600.0,6500.0,6100.0,Rs./Quintal,Medium
Palakkad Market,3.0,Metric Tonnes,Small,9000.0,10000.0,9600.0,Rs./Quintal,FAQ
Pampady Market,2.0,Metric Tonnes,Big,5300.0,6000.0,5500.0,Rs./Quintal,FAQ
Parappanangadi Market,11.0,Metric Tonnes,Other,5400.0,5600.0,5500.0,Rs./Quintal,FAQ
Parappanangadi Market,1.8,Metric Tonnes,Small,7600.0,7800.0,7700.0,Rs./Quintal,Grade A
Perambra Market,0.8,Metric Tonnes,Other,5000.0,5500.0,5200.0,Rs./Quintal,FAQ
Perinthalmanna Market,4.0,Metric Tonnes,Onion,4000.0,4800.0,4500.0,Rs./Quintal,Large
Perumbavoor Market,8.0,Metric Tonnes,Onion,3500.0,4500.0,4000.0,Rs./Quintal,Medium
Pothencode Market,650.0,Metric Tonnes,Other,6000.0,6500.0,6000.0,Rs./Quintal,Local
Punalur Market,0.001,Metric Tonnes,Onion,4500.0,4900.0,4800.0,Rs./Quintal,Medium
Taliparamba Market,0.04,Metric Tonnes,Onion,5400.0,5600.0,5500.0,Rs./Quintal,FAQ
Thalasserry Market,0.3,Metric Tonnes,1st Sort,4800.0,5800.0,5300.0,Rs./Quintal,FAQ
Thalayolaparambu Market,0.5,Metric Tonnes,Big,5400.0,5700.0,5500.0,Rs./Quintal,FAQ
Thalayolaparambu Market,0.5,Metric Tonnes,Onion,7000.0,7400.0,7200.0,Rs./Quintal,FAQ
Thamarassery Market,0.5,Metric Tonnes,Other,6000.0,6400.0,6200.0,Rs./Quintal,FAQ
Thodupuzha Market,0.2,Metric Tonnes,Small,7400.0,7600.0,7600.0,Rs./Quintal,Grade Range-1
Thodupuzha Market,0.2,Metric Tonnes,Big,4800.0,5000.0,5000.0,Rs./Quintal,Grade Range-1
Thrippunithura Market,1.0,Metric Tonnes,Big,6000.0,6000.0,6000.0,Rs./Quintal,Medium
Vadakkenchery Market,0.24,Metric Tonnes,Big,6500.0,7000.0,7000.0,Rs./Quintal,FAQ
Vadakkenchery Market,0.18,Metric Tonnes,Small,9500.0,10000.0,10000.0,Rs./Quintal,FAQ
Vamanapuram Market,0.13,Metric Tonnes,Big,6000.0,6800.0,6800.0,Rs./Quintal,FAQ
Total,941.7,Metric Tonnes,,,,6036.33,Rs./Quintal,
State/UT Name : Madhya Pradesh
A lot APMC,0.288,Metric Tonnes,Onion,1811.0,3800.0,3800.0,Rs./Quintal,FAQ
Agar(F&V) APMC,2.5,Metric Tonnes,Bellary,5600.0,5600.0,5600.0,Rs./Quintal,Local
Akodiya APMC,479.64300000000003,Metric Tonnes,Big,700.0,5000.0,4000.0,Rs./Quintal,FAQ
Akodiya APMC,4.997,Metric Tonnes,Onion,2000.0,6400.0,6400.0,Rs./Quintal,FAQ
Akodiya(F&V) APMC,375.0,Metric Tonnes,Big,1000.0,5000.0,3000.0,Rs./Quintal,Grade B
Ashta (F&V) APMC,42.800000000000004,Metric Tonnes,1st Sort,800.0,4840.0,2730.0,Rs./Quintal,Local
Ashta APMC,19.763,Metric Tonnes,Onion,1000.0,4812.0,4600.0,Rs./Quintal,FAQ
Badnagar APMC,24.284000000000002,Metric Tonnes,Onion-Organic,2800.0,4000.0,4000.0,Rs./Quintal,FAQ
Badnagar APMC,4.0,Metric Tonnes,Onion,1800.0,1800.0,1800.0,Rs./Quintal,Non-FAQ
Badnagar APMC,9.866,Metric Tonnes,Local,1375.0,3555.0,3555.0,Rs./Quintal,FAQ
Badnagar APMC,61.7,Metric Tonnes,Onion,1500.0,4411.0,3500.0,Rs./Quintal,FAQ
Badnawar APMC,655.691,Metric Tonnes,Onion,510.0,4350.0,1000.0,Rs./Quintal,FAQ
Badnawar APMC,28.6,Metric Tonnes,Medium,600.0,750.0,750.0,Rs./Quintal,FAQ
Badnawar APMC,30.052,Metric Tonnes,Onion-Organic,1000.0,1685.0,1685.0,Rs./Quintal,FAQ
Badnawar(F&V) APMC,1220.4,Metric Tonnes,Onion,1000.0,1000.0,1000.0,Rs./Quintal,Local
Badwaha (F&V) APMC,0.2,Metric Tonnes,1st Sort,2690.0,3640.0,2900.0,Rs./Quintal,Grade A
Bareli(F&V) APMC,1.24,Metric Tonnes,Local,2250.0,2250.0,2250.0,Rs./Quintal,Grade A
Betul(F&V) APMC,0.5,Metric Tonnes,Onion,2500.0,4000.0,2800.0,Rs./Quintal,FAQ
Bhopal APMC,127.152,Metric Tonnes,Onion,500.0,4800.0,3300.0,Rs./Quintal,FAQ
Bhopal(F&V) APMC,171.3,Metric Tonnes,Other,500.0,4600.0,3060.0,Rs./Quintal,Local
Chhindwara(F&V) APMC,6.9,Metric Tonnes,Red,3200.0,3800.0,3500.0,Rs./Quintal,Local
Dewas(F&V) APMC,1.8,Metric Tonnes,Other,1000.0,4000.0,1600.0,Rs./Quintal,FAQ
Dhamnod(F&V) APMC,1.8,Metric Tonnes,Onion,2000.0,3000.0,2500.0,Rs./Quintal,Local
Dhar(F&V) APMC,0.6000000000000001,Metric Tonnes,Other,2000.0,3600.0,3000.0,Rs./Quintal,Medium
Gadarwada (F&V) APMC,1.0,Metric Tonnes,Other,5000.0,5000.0,5000.0,Rs./Quintal,Grade B
Guna(F&V) APMC,2.0,Metric Tonnes,Other,3000.0,3500.0,3250.0,Rs./Quintal,Grade B
Harda(F&V) APMC,1.0,Metric Tonnes,Medium,2500.0,3500.0,3000.0,Rs./Quintal,Medium
Ichhawar APMC,2.266,Metric Tonnes,Onion,1650.0,3050.0,3050.0,Rs./Quintal,FAQ
Indore APMC,1152.577,Metric Tonnes,Onion,2026.0,4346.0,4108.0,Rs./Quintal,Non-FAQ
Indore APMC,2819.7700000000004,Metric Tonnes,Onion,412.0,4399.0,3860.0,Rs./Quintal,FAQ
Itarsi(F&V) APMC,0.96,Metric Tonnes,Onion,2800.0,3200.0,3000.0,Rs./Quintal,FAQ
Jabalpur(F&V) APMC,36.0,Metric Tonnes,Onion,1100.0,1800.0,1200.0,Rs./Quintal,Medium
Jaora APMC,72.936,Metric Tonnes,Onion,650.0,4700.0,4400.0,Rs./Quintal,FAQ
Kalapipal APMC,31.586000000000002,Metric Tonnes,Onion,200.0,4412.0,4105.0,Rs./Quintal,FAQ
Kalapipal(F&V) APMC,31.59,Metric Tonnes,Onion,200.0,4412.0,2505.0,Rs./Quintal,FAQ
Karera(F&V) APMC,0.09,Metric Tonnes,Onion,2100.0,3000.0,2600.0,Rs./Quintal,Local
Khandwa APMC,12.0,Metric Tonnes,Local,1600.0,4200.0,4200.0,Rs./Quintal,FAQ
Khurai(F&V) APMC,3.1,Metric Tonnes,1st Sort,2500.0,3500.0,3000.0,Rs./Quintal,Local
Kukshi(F&V) APMC,1.1,Metric Tonnes,Onion,1500.0,2800.0,2100.0,Rs./Quintal,Grade A
Malthone APMC,0.2,Metric Tonnes,Local,2100.0,2100.0,2100.0,Rs./Quintal,FAQ
Malthone(F&V) APMC,0.2,Metric Tonnes,Local,2100.0,2100.0,2100.0,Rs./Quintal,FAQ
Manawar(F&V) APMC,0.9,Metric Tonnes,Onion,3000.0,3500.0,3222.0,Rs./Quintal,Grade B
Mandsaur APMC,212.99400000000003,Metric Tonnes,Onion,502.0,4652.0,4000.0,Rs./Quintal,Non-FAQ
Mandsaur APMC,0.10200000000000001,Metric Tonnes,Onion,2000.0,2000.0,2000.0,Rs./Quintal,FAQ
Narmadapuram (F&V) APMC,3.4,Metric Tonnes,Onion,1930.0,3750.0,2120.0,Rs./Quintal,FAQ
Narsinghgarh APMC,35.0,Metric Tonnes,Onion,1000.0,2100.0,2100.0,Rs./Quintal,Non-FAQ
Narsinghgarh APMC,89.998,Metric Tonnes,Onion,700.0,4510.0,4120.0,Rs./Quintal,FAQ
Neemuch APMC,3.5460000000000003,Metric Tonnes,Onion,1201.0,4400.0,4001.0,Rs./Quintal,FAQ
Neemuch APMC,35.437000000000005,Metric Tonnes,Red,1386.0,4569.0,4401.0,Rs./Quintal,FAQ
Neemuch(F&V) APMC,19.450000000000003,Metric Tonnes,Onion,1386.0,4569.0,2650.0,Rs./Quintal,Grade B
Pipariya(F&V) APMC,2.0,Metric Tonnes,Onion,2200.0,4500.0,3700.0,Rs./Quintal,Local
Ratlam APMC,1.215,Metric Tonnes,Onion,3940.0,3940.0,3940.0,Rs./Quintal,Non-FAQ
Ratlam APMC,1432.433,Metric Tonnes,Onion,700.0,4861.0,3900.0,Rs./Quintal,FAQ
Ratlam(F&V) APMC,1526.2,Metric Tonnes,Other,1325.0,4861.0,3661.0,Rs./Quintal,FAQ
Rehli(F&V) APMC,0.30000000000000004,Metric Tonnes,Onion,1600.0,1800.0,1700.0,Rs./Quintal,Grade C
Sailana APMC,114.21,Metric Tonnes,Onion,850.0,4421.0,4200.0,Rs./Quintal,FAQ
Sailana APMC,0.31200000000000006,Metric Tonnes,Small - I,3000.0,3000.0,3000.0,Rs./Quintal,FAQ
Sailana APMC,1.0250000000000001,Metric Tonnes,Puna,1600.0,4000.0,4000.0,Rs./Quintal,FAQ
Sailana(F&V) APMC,81.35000000000001,Metric Tonnes,Local,1700.0,8888.0,5150.0,Rs./Quintal,Local
Sehore APMC,98.301,Metric Tonnes,Onion,2605.0,4890.0,4100.0,Rs./Quintal,FAQ
Sendhwa(F&V) APMC,0.6000000000000001,Metric Tonnes,Red,900.0,1100.0,1000.0,Rs./Quintal,Medium
Seoni(F&V) APMC,4.3,Metric Tonnes,Local,1800.0,1800.0,1800.0,Rs./Quintal,Grade C
Shajapur APMC,211.086,Metric Tonnes,Medium,1056.0,4107.0,2000.0,Rs./Quintal,Non-FAQ
Shajapur APMC,1249.221,Metric Tonnes,Medium,283.94,4402.0,4072.0,Rs./Quintal,FAQ
Shajapur APMC,26.67,Metric Tonnes,Onion,2973.22,3786.38,3422.97,Rs./Quintal,FAQ
Shajapur(F&V) APMC,2422.9,Metric Tonnes,Onion,200.0,4300.0,2700.0,Rs./Quintal,Local
Shujalpur APMC,282.274,Metric Tonnes,Red,402.0,5000.0,4300.0,Rs./Quintal,FAQ
Soyatkalan APMC,111.32600000000001,Metric Tonnes,Onion,705.0,4451.0,3505.0,Rs./Quintal,FAQ
Soyatkalan APMC,2.818,Metric Tonnes,Onion,500.0,2205.0,2000.0,Rs./Quintal,Non-FAQ
Soyatkalan(F&V) APMC,107.2,Metric Tonnes,Other,500.0,4451.0,3200.0,Rs./Quintal,Non-FAQ
Thandla APMC,1.04,Metric Tonnes,Onion,900.0,1300.0,1100.0,Rs./Quintal,FAQ
Ujjain APMC,363.966,Metric Tonnes,Onion,285.01,4500.0,3600.0,Rs./Quintal,FAQ
Ujjain APMC,200.448,Metric Tonnes,Onion,300.0,5151.0,4300.0,Rs./Quintal,Non-FAQ
Total,16081.47,Metric Tonnes,,,,3305.74,Rs./Quintal,
State/UT Name : Maharashtra
APMC Akola ,28.2,Metric Tonnes,Other,2000.0,4800.0,3500.0,Rs./Quintal,Local
APMC Bhusaval ,0.4,Metric Tonnes,Unhali,3500.0,4000.0,4000.0,Rs./Quintal,Local
APMC Chandwad ,500.0,Metric Tonnes,Unhali,1555.0,5280.0,4530.0,Rs./Quintal,Local
APMC Chattrapati Sambhajinagar ,169.8,Metric Tonnes,Other,2200.0,4800.0,3500.0,Rs./Quintal,Local
APMC Dharashiv ,2.2,Metric Tonnes,Red,2500.0,5000.0,3750.0,Rs./Quintal,Local
APMC Dindori ,10.0,Metric Tonnes,Unhali,3400.0,5600.0,4400.0,Rs./Quintal,Local
APMC Gangapur ,136.8,Metric Tonnes,Unhali,1100.0,4825.0,3702.0,Rs./Quintal,Local
APMC Hingna,0.4,Metric Tonnes,Red,4500.0,5000.0,4750.0,Rs./Quintal,Local
APMC Jamkhed ,9.2,Metric Tonnes,Local,1000.0,3500.0,2250.0,Rs./Quintal,Local
APMC Kalvan ,390.0,Metric Tonnes,Unhali,1200.0,5600.0,4550.0,Rs./Quintal,Local
APMC Kolhapur ,696.7,Metric Tonnes,Other,1200.0,5300.0,3200.0,Rs./Quintal,Local
APMC Kopargaon ,700.0,Metric Tonnes,Unhali,1000.0,5000.0,4425.0,Rs./Quintal,Local
APMC Lasalgaon ,257.8,Metric Tonnes,Unhali,1200.0,4952.0,4551.0,Rs./Quintal,Local
APMC Lasur Station ,750.0,Metric Tonnes,Other,800.0,5400.0,3500.0,Rs./Quintal,Local
APMC Manmad ,200.0,Metric Tonnes,Unhali,1000.0,4620.0,4400.0,Rs./Quintal,Local
APMC Nagpur ,75.0,Metric Tonnes,Red,4000.0,5000.0,4750.0,Rs./Quintal,Local
APMC Nagpur ,65.0,Metric Tonnes,White,4500.0,5500.0,5250.0,Rs./Quintal,Local
APMC Nasik ,198.5,Metric Tonnes,Unhali,2500.0,5251.0,4650.0,Rs./Quintal,Local
APMC Navapur ,3.0,Metric Tonnes,Other,2000.0,3000.0,2400.0,Rs./Quintal,Local
APMC Paithan ,26.5,Metric Tonnes,Unhali,2555.0,5000.0,4250.0,Rs./Quintal,Local
APMC Pimpalgaon Baswant ,1445.4,Metric Tonnes,Unhali,2000.0,5858.0,4600.0,Rs./Quintal,Local
APMC Ramtek ,0.4,Metric Tonnes,Unhali,3000.0,4000.0,3500.0,Rs./Quintal,Local
APMC Sakri ,550.0,Metric Tonnes,Unhali,1300.0,5200.0,4400.0,Rs./Quintal,Local
APMC Sangamner ,300.0,Metric Tonnes,Unhali,1000.0,2500.0,1750.0,Rs./Quintal,Local
APMC Satara ,13.5,Metric Tonnes,Other,1500.0,4500.0,3000.0,Rs./Quintal,Local
APMC Shevgaon ,75.0,Metric Tonnes,2nd Sort,3000.0,3500.0,3200.0,Rs./Quintal,Local
APMC Shevgaon ,40.0,Metric Tonnes,Other,1800.0,2900.0,2500.0,Rs./Quintal,Local
APMC Shevgaon ,51.0,Metric Tonnes,1st Sort,4500.0,5500.0,5000.0,Rs./Quintal,Local
APMC Shirpur ,12.3,Metric Tonnes,Red,1000.0,4400.0,3800.0,Rs./Quintal,Local
APMC Solapur ,1570.0,Metric Tonnes,Red,500.0,6200.0,3300.0,Rs./Quintal,Local
APMC Vaduj ,16.0,Metric Tonnes,Local,4000.0,5700.0,5000.0,Rs./Quintal,Local
APMC Vaijpur ,288.5,Metric Tonnes,Unhali,1500.0,4900.0,4000.0,Rs./Quintal,Local
Amrawati(Frui & Veg. Market) ,0.1,Metric Tonnes,Local,3500.0,6500.0,5000.0,Rs./Quintal,Local
Chandrapur(Ganjwad) ,24.0,Metric Tonnes,Other,4300.0,5500.0,5000.0,Rs./Quintal,Local
Dindori(Vani) ,185.2,Metric Tonnes,Unhali,4251.0,5482.0,4821.0,Rs./Quintal,Local
Junnar(Narayangaon) ,3.8,Metric Tonnes,Chinchwad,500.0,4800.0,2650.0,Rs./Quintal,Local
Kada(Ashti) ,13.5,Metric Tonnes,Unhali,1500.0,6000.0,5000.0,Rs./Quintal,Local
Khed(Chakan) ,175.0,Metric Tonnes,Other,1500.0,5200.0,4000.0,Rs./Quintal,Local
Lasalgaon(Niphad) ,406.5,Metric Tonnes,Unhali,1501.0,5100.0,4750.0,Rs./Quintal,Local
Lasalgaon(Vinchur) ,450.9,Metric Tonnes,Unhali,1200.0,5050.0,4500.0,Rs./Quintal,Local
Newasa(Ghodegaon) ,1778.3,Metric Tonnes,Unhali,1500.0,5500.0,4000.0,Rs./Quintal,Local
"Prasanna Krushi Market, Tal Parnet, Dist Ahilyanagar",14.21,Metric Tonnes,Other,1000.0,4610.0,2805.0,Rs./Quintal,Local
Pune(Khadiki) ,1.2,Metric Tonnes,Local,800.0,1700.0,1250.0,Rs./Quintal,Local
Pune(Manjri) ,8.7,Metric Tonnes,Local,3000.0,5000.0,4000.0,Rs./Quintal,Local
Pune(Moshi) ,46.5,Metric Tonnes,Local,2500.0,4500.0,3500.0,Rs./Quintal,Local
Pune(Pimpri) ,1.2,Metric Tonnes,Local,2500.0,4000.0,3250.0,Rs./Quintal,Local
Rahuri(Vambori) ,380.0,Metric Tonnes,Unhali,500.0,5500.0,4100.0,Rs./Quintal,Local
"Sangli(Phale, Bhajipala Market) ",249.7,Metric Tonnes,Local,1800.0,5000.0,3400.0,Rs./Quintal,Local
Shivsiddha Govind Producer Company Ltd Sanchalit Khajgi Krushi Utpann Bajar Samati-Abhona-Kalwan,1058.04,Metric Tonnes,Other,1300.0,6105.0,4700.0,Rs./Quintal,Local
"Shree Sairaj Krushi Market, Dist Ahilyanagar",71.45,Metric Tonnes,Local,1000.0,5500.0,3300.0,Rs./Quintal,Local
Total,13449.9,Metric Tonnes,,,,4050.28,Rs./Quintal,
State/UT Name : NCT of Delhi
APMC Azadpur,1281.2,Metric Tonnes,Onion,2000.0,4625.0,3375.0,Rs./Quintal,FAQ
APMC Keshopur,121.12,Metric Tonnes,Onion,2900.0,4900.0,4500.0,Rs./Quintal,FAQ
"Fruit&Vegetable Market,Gazipur APMC",177.2,Metric Tonnes,Onion,3800.0,4200.0,4000.0,Rs./Quintal,FAQ
Total,1579.52,Metric Tonnes,,,,3531.38,Rs./Quintal,
State/UT Name : Odisha
Angaura APMC,1.25,Metric Tonnes,Other,3700.0,4600.0,4000.0,Rs./Quintal,Grade C
Balugaon APMC,2.0,Metric Tonnes,Other,2300.0,2300.0,2300.0,Rs./Quintal,Grade A
Bargarh APMC,177.0,Metric Tonnes,Onion,3000.0,4000.0,3500.0,Rs./Quintal,Medium
Birmaharajpur APMC,1.4000000000000001,Metric Tonnes,Onion,5300.0,5600.0,5400.0,Rs./Quintal,Local
Bolangir APMC,3.8000000000000003,Metric Tonnes,Other,4600.0,5500.0,5000.0,Rs./Quintal,Medium
Boudh APMC,2.0,Metric Tonnes,Other,5000.0,6000.0,5500.0,Rs./Quintal,Local
Chandabali APMC,19.0,Metric Tonnes,Other,3500.0,4050.0,3740.0,Rs./Quintal,Grade Range-2
Dungurapalli APMC,0.30000000000000004,Metric Tonnes,Other,5000.0,5000.0,5000.0,Rs./Quintal,Local
Hindol APMC,1.1,Metric Tonnes,Other,4500.0,5000.0,4800.0,Rs./Quintal,Grade B
Jharsuguda APMC,0.7000000000000001,Metric Tonnes,Other,4000.0,5000.0,4000.0,Rs./Quintal,Grade A
Kamakhyanagar APMC,1.0,Metric Tonnes,Onion,10000.0,10000.0,10000.0,Rs./Quintal,Grade A
Keonjhar(Dhekikote) APMC,0.5,Metric Tonnes,Other,4000.0,4000.0,4000.0,Rs./Quintal,Local
Khariar Road APMC,0.5,Metric Tonnes,Onion,5000.0,5000.0,5000.0,Rs./Quintal,Grade A
Pandkital APMC,0.18000000000000002,Metric Tonnes,Other,5000.0,5000.0,5000.0,Rs./Quintal,Local
Rairakhol APMC,0.8,Metric Tonnes,Onion,4500.0,5000.0,4800.0,Rs./Quintal,Grade B
Sargipali APMC,1.8,Metric Tonnes,Other,4400.0,5000.0,4500.0,Rs./Quintal,FAQ
Tusura APMC,2.7,Metric Tonnes,Other,4600.0,5500.0,5000.0,Rs./Quintal,Medium
Udala APMC,3.0,Metric Tonnes,Onion,4500.0,5200.0,5000.0,Rs./Quintal,FAQ
Total,219.03,Metric Tonnes,,,,3666.8,Rs./Quintal,
State/UT Name : Punjab
Adampur APMC,2.4000000000000004,Metric Tonnes,Onion,4000.0,4500.0,4500.0,Rs./Quintal,FAQ
Ahmedgarh APMC,0.1,Metric Tonnes,Other,4200.0,4500.0,4500.0,Rs./Quintal,Medium
Ajnala APMC,0.3,Metric Tonnes,Onion,3800.0,3800.0,3800.0,Rs./Quintal,Local
Balachaur APMC,3.3310000000000004,Metric Tonnes,Other,3000.0,3500.0,3300.0,Rs./Quintal,Medium
Banur APMC,0.3,Metric Tonnes,Other,3000.0,3000.0,3000.0,Rs./Quintal,Grade A
Bassi Pathana APMC,1.0,Metric Tonnes,Onion,5000.0,5700.0,5500.0,Rs./Quintal,Medium
Bathinda APMC,280.0,Metric Tonnes,Other,4000.0,4600.0,4200.0,Rs./Quintal,Grade B
Bhagta Bhai Ka APMC,0.4,Metric Tonnes,Other,4500.0,4500.0,4500.0,Rs./Quintal,Medium
Bhawanigarh APMC,5.0,Metric Tonnes,Other,4000.0,4400.0,4200.0,Rs./Quintal,Medium
Budalada APMC,2.5,Metric Tonnes,Onion,4800.0,4800.0,4800.0,Rs./Quintal,Medium
Dera Bassi APMC,1.2,Metric Tonnes,Onion,2900.0,2900.0,2900.0,Rs./Quintal,Local
Doraha APMC,1.5650000000000002,Metric Tonnes,Medium,3600.0,4000.0,3800.0,Rs./Quintal,Local
Dudhansadhan APMC,0.3,Metric Tonnes,Other,5000.0,5000.0,5000.0,Rs./Quintal,Grade B
F.G.Churian APMC,0.35,Metric Tonnes,Onion,5100.0,5100.0,5100.0,Rs./Quintal,Grade A
Fazilka APMC,5.517,Metric Tonnes,Onion,4800.0,4800.0,4800.0,Rs./Quintal,FAQ
Ferozepur Cantt. APMC,0.18,Metric Tonnes,Onion,3500.0,4500.0,4000.0,Rs./Quintal,Grade A
Garh Shankar(Mahalpur) APMC,7.6,Metric Tonnes,Other,3700.0,3700.0,3700.0,Rs./Quintal,FAQ
Ghanaur APMC,0.2,Metric Tonnes,Other,3000.0,4000.0,3500.0,Rs./Quintal,FAQ
Goraya APMC,0.2,Metric Tonnes,Other,3000.0,3000.0,3000.0,Rs./Quintal,Local
Gurdaspur APMC,12.6,Metric Tonnes,Other,3350.0,3350.0,3350.0,Rs./Quintal,Grade A
Khanna APMC,17.5,Metric Tonnes,Onion,5000.0,5000.0,5000.0,Rs./Quintal,Grade A
Kharar APMC,9.5,Metric Tonnes,Other,4000.0,4800.0,4500.0,Rs./Quintal,Non-FAQ
Kurali APMC,2.6,Metric Tonnes,Other,3500.0,3700.0,3600.0,Rs./Quintal,Medium
Lalru APMC,3.0,Metric Tonnes,Other,4260.0,4260.0,4260.0,Rs./Quintal,Local
Ludhiana APMC,113.60000000000001,Metric Tonnes,Other,1300.0,4800.0,3000.0,Rs./Quintal,FAQ
Machhiwara APMC,0.807,Metric Tonnes,Other,4000.0,4500.0,4200.0,Rs./Quintal,FAQ
Mansa APMC,10.0,Metric Tonnes,Nasik,4500.0,4500.0,4500.0,Rs./Quintal,FAQ
Maur APMC,0.5,Metric Tonnes,Other,4000.0,4500.0,4300.0,Rs./Quintal,Grade B
Moga APMC,13.0,Metric Tonnes,Red,2500.0,4500.0,3500.0,Rs./Quintal,Medium
Mukerian APMC,2.995,Metric Tonnes,Onion,4000.0,5000.0,4500.0,Rs./Quintal,Grade B
Mukerian(Talwara) APMC,0.65,Metric Tonnes,Onion,4000.0,5000.0,4500.0,Rs./Quintal,FAQ
Muktsar APMC,14.0,Metric Tonnes,Onion,3000.0,4000.0,3500.0,Rs./Quintal,Medium
Nabha APMC,14.700000000000001,Metric Tonnes,Other,3500.0,4800.0,4000.0,Rs./Quintal,Grade C
Nawan Shahar(Subzi Mandi) APMC,4.5,Metric Tonnes,Onion,4000.0,4200.0,4100.0,Rs./Quintal,FAQ
Patiala APMC,49.1,Metric Tonnes,Onion,2100.0,3500.0,2800.0,Rs./Quintal,Grade A
Patran APMC,55.0,Metric Tonnes,Other,3450.0,3450.0,3450.0,Rs./Quintal,Grade A
Patti APMC,0.65,Metric Tonnes,Other,0.18,0.18,0.18,Rs./Quintal,Non-FAQ
Phagwara APMC,25.0,Metric Tonnes,Other,3631.0,3965.0,3820.0,Rs./Quintal,FAQ
Quadian APMC,1.0,Metric Tonnes,Other,3300.0,3500.0,3400.0,Rs./Quintal,Grade A
Rajpura APMC,5.5,Metric Tonnes,Local,2700.0,3000.0,2800.0,Rs./Quintal,Grade B
Rajpura APMC,6.6000000000000005,Metric Tonnes,Local,3500.0,3900.0,3800.0,Rs./Quintal,Grade A
Raman APMC,0.5,Metric Tonnes,Other,4405.0,4605.0,4515.0,Rs./Quintal,Medium
Rampuraphul(Nabha Mandi) APMC,3.9000000000000004,Metric Tonnes,Other,2500.0,3800.0,3500.0,Rs./Quintal,Grade A
Rayya APMC,0.035,Metric Tonnes,Other,1412.0,1412.0,1412.0,Rs./Quintal,FAQ
Ropar APMC,85.0,Metric Tonnes,Nasik,3800.0,4200.0,4000.0,Rs./Quintal,Non-FAQ
Sahnewal APMC,0.2,Metric Tonnes,Onion,4500.0,4500.0,4500.0,Rs./Quintal,FAQ
Samana APMC,60.0,Metric Tonnes,Other,3000.0,5400.0,3500.0,Rs./Quintal,Grade Range-2
Sangrur APMC,11.5,Metric Tonnes,Nasik,2000.0,3000.0,2500.0,Rs./Quintal,Grade B
Sirhind APMC,7.0,Metric Tonnes,Other,4000.0,5000.0,4500.0,Rs./Quintal,FAQ
Talwandi Sabo APMC,0.2,Metric Tonnes,Other,4500.0,5000.0,4800.0,Rs./Quintal,Grade A
Tanda Urmur APMC,3.1,Metric Tonnes,Nasik,4500.0,5000.0,4800.0,Rs./Quintal,Grade A
Tarantaran APMC,0.5,Metric Tonnes,Other,2500.0,2500.0,2500.0,Rs./Quintal,Local
Zira APMC,0.894,Metric Tonnes,Other,4600.0,4600.0,4600.0,Rs./Quintal,Local
Total,848.07,Metric Tonnes,,,,3771.99,Rs./Quintal,
State/UT Name : Rajasthan
Bayana APMC,2.0,Metric Tonnes,Onion,2500.0,2500.0,2500.0,Rs./Quintal,Local
Bhadara APMC,0.7,Metric Tonnes,1st Sort,4000.0,4500.0,4129.0,Rs./Quintal,FAQ
Churu APMC,1.5,Metric Tonnes,1st Sort,2800.0,3000.0,2900.0,Rs./Quintal,FAQ
Dablirathan APMC,0.2,Metric Tonnes,1st Sort,3000.0,3500.0,3250.0,Rs./Quintal,Local
Goluwala APMC,0.15500000000000003,Metric Tonnes,1st Sort,4000.0,4500.0,4500.0,Rs./Quintal,Non-FAQ
Jodhpur (F&V) APMC,345.0,Metric Tonnes,Medium,1000.0,4000.0,2500.0,Rs./Quintal,Medium
Pratapgarh APMC,27.2,Metric Tonnes,Other,1500.0,4480.0,3450.0,Rs./Quintal,FAQ
Rajsamand APMC,5.5,Metric Tonnes,Onion,2000.0,3000.0,2500.0,Rs./Quintal,FAQ
Rawatsar APMC,1.1,Metric Tonnes,1st Sort,2000.0,2500.0,2200.0,Rs./Quintal,FAQ
Sangriya APMC,0.7000000000000001,Metric Tonnes,Onion,1800.0,3600.0,2700.0,Rs./Quintal,Local
Sriganganagar (F&V) APMC,20.0,Metric Tonnes,Onion,4300.0,4700.0,4500.0,Rs./Quintal,Grade A
Udaipur (F&V) APMC,53.6,Metric Tonnes,Other,1500.0,4500.0,3000.0,Rs./Quintal,Medium
Total,457.66,Metric Tonnes,,,,2706.82,Rs./Quintal,
State/UT Name : Tamil Nadu
AJattihalli(Uzhavar Sandhai ),0.52,Metric Tonnes,Bellary,5400.0,6200.0,5800.0,Rs./Quintal,Local
Alangudi(Uzhavar Sandhai ),0.12,Metric Tonnes,Bellary,6000.0,7000.0,6500.0,Rs./Quintal,Local
Ambattur(Uzhavar Sandhai ),0.04,Metric Tonnes,Bellary,5000.0,5000.0,5000.0,Rs./Quintal,Local
Ammapet(Uzhavar Sandhai ),0.22,Metric Tonnes,Bellary,5500.0,6000.0,5750.0,Rs./Quintal,Local
Anaiyur(Uzhavar Sandhai ),0.7,Metric Tonnes,Bellary,5500.0,6500.0,6000.0,Rs./Quintal,Local
Andipatti(Uzhavar Sandhai ),0.78,Metric Tonnes,Bellary,5800.0,6000.0,5900.0,Rs./Quintal,Local
Anna nagar(Uzhavar Sandhai ),1.76,Metric Tonnes,Bellary,6000.0,6800.0,6400.0,Rs./Quintal,Local
Arani(Uzhavar Sandhai ),1.0,Metric Tonnes,Bellary,5000.0,6000.0,5500.0,Rs./Quintal,Local
Aranthangi(Uzhavar Sandhai ),0.09,Metric Tonnes,Bellary,6000.0,7000.0,6500.0,Rs./Quintal,Local
Arcot(Uzhavar Sandhai ),0.75,Metric Tonnes,Bellary,5000.0,5600.0,5300.0,Rs./Quintal,Local
Ariyalur(Uzhavar Sandhai),0.15,Metric Tonnes,Bellary,5500.0,6000.0,5750.0,Rs./Quintal,Local
Aruppukottai(Uzhavar Sandhai ),0.64,Metric Tonnes,Bellary,5500.0,6000.0,5750.0,Rs./Quintal,Local
Athur(Uzhavar Sandhai ),0.84,Metric Tonnes,Bellary,5500.0,6200.0,5850.0,Rs./Quintal,Local
Avallapalli(Uzhavar Sandhai ),0.29,Metric Tonnes,Bellary,6000.0,6500.0,6250.0,Rs./Quintal,Local
Bodinayakanur(Uzhavar Sandhai ),0.24,Metric Tonnes,Bellary,6000.0,6000.0,6000.0,Rs./Quintal,Local
Chengalpet(Uzhavar Sandhai ),0.53,Metric Tonnes,Bellary,5000.0,6000.0,5500.0,Rs./Quintal,Local
Chengam(Uzhavar Sandhai ),0.25,Metric Tonnes,Bellary,4200.0,5000.0,4600.0,Rs./Quintal,Local
Cheyyar(Uzhavar Sandhai ),0.1,Metric Tonnes,Bellary,4800.0,6000.0,5400.0,Rs./Quintal,Local
Chidambaram(Uzhavar Sandhai ),0.03,Metric Tonnes,Bellary,5000.0,5000.0,5000.0,Rs./Quintal,Local
Chinnalapatti(Uzhavar Sandhai ),0.56,Metric Tonnes,Bellary,6000.0,6500.0,6250.0,Rs./Quintal,Local
Chinnamanur(Uzhavar Sandhai ),1.06,Metric Tonnes,Bellary,5800.0,6200.0,6000.0,Rs./Quintal,Local
Chokkikulam(Uzhavar Sandhai ),1.45,Metric Tonnes,Bellary,3000.0,6500.0,4750.0,Rs./Quintal,Local
Coonoor(Uzhavar Sandhai ),1.55,Metric Tonnes,Bellary,6000.0,6400.0,6200.0,Rs./Quintal,Local
Cuddalore(Uzhavar Sandhai ),0.4,Metric Tonnes,Bellary,5000.0,6000.0,5500.0,Rs./Quintal,Local
Denkanikottai(Uzhavar Sandhai ),0.26,Metric Tonnes,Bellary,6000.0,6500.0,6250.0,Rs./Quintal,Local
Devakottai (Uzhavar Sandhai ),0.22,Metric Tonnes,Bellary,6000.0,7000.0,6500.0,Rs./Quintal,Local
Devaram(Uzhavar Sandhai ),0.17,Metric Tonnes,Bellary,6000.0,6000.0,6000.0,Rs./Quintal,Local
Dharapuram(Uzhavar Sandhai ),1.1,Metric Tonnes,Bellary,5500.0,6000.0,5750.0,Rs./Quintal,Local
Dharmapuri(Uzhavar Sandhai ),1.03,Metric Tonnes,Bellary,6000.0,6200.0,6100.0,Rs./Quintal,Local
Dindigul(Uzhavar Sandhai ),1.1,Metric Tonnes,Bellary,6000.0,6500.0,6250.0,Rs./Quintal,Local
Edapadi (Uzhavar Sandhai ),0.3,Metric Tonnes,Bellary,6000.0,6500.0,6250.0,Rs./Quintal,Local
Elampillai(Uzhavar Sandhai ),0.45,Metric Tonnes,Bellary,6000.0,6500.0,6250.0,Rs./Quintal,Local
Gandarvakottai(Uzhavar Sandhai ),0.22,Metric Tonnes,Bellary,5500.0,6000.0,5750.0,Rs./Quintal,Local
Gandhigramam(Uzhavar Sandhai),0.29,Metric Tonnes,Bellary,5500.0,6000.0,5750.0,Rs./Quintal,Local
Gingee(Uzhavar Sandhai ),0.2,Metric Tonnes,Bellary,5000.0,6000.0,5500.0,Rs./Quintal,Local
Gobichettipalayam(Uzhavar Sandhai ),0.54,Metric Tonnes,Bellary,5500.0,6000.0,5750.0,Rs./Quintal,Local
Gudalur(Uzhavar Sandhai ),0.04,Metric Tonnes,Bellary,5500.0,6000.0,5750.0,Rs./Quintal,Local
Gudiyatham(Uzhavar Sandhai ),0.18,Metric Tonnes,Bellary,5000.0,5600.0,5300.0,Rs./Quintal,Local
Guduvancheri(Uzhavar Sandhai ),0.15,Metric Tonnes,Bellary,5000.0,6000.0,5500.0,Rs./Quintal,Local
Harur(Uzhavar Sandhai ),0.24,Metric Tonnes,Bellary,4500.0,5500.0,5000.0,Rs./Quintal,Local
Hasthampatti(Uzhavar Sandhai ),0.4,Metric Tonnes,Bellary,5500.0,6000.0,5750.0,Rs./Quintal,Local
Hosur(Uzhavar Sandhai ),1.98,Metric Tonnes,Bellary,6000.0,6500.0,6250.0,Rs./Quintal,Local
Jalagandapuram(Uzhavar Sandhai ),0.12,Metric Tonnes,Bellary,6000.0,6500.0,6250.0,Rs./Quintal,Local
Jameenrayapettai(Uzhavar Sandhai ),0.63,Metric Tonnes,Bellary,5000.0,6000.0,5500.0,Rs./Quintal,Local
Jeyankondam (Uzhavar Sandhai ),0.01,Metric Tonnes,Bellary,5000.0,6000.0,5500.0,Rs./Quintal,Local
KKNagar(Uzhavar Sandhai ),1.75,Metric Tonnes,Bellary,6000.0,6600.0,6300.0,Rs./Quintal,Local
Kahithapattarai(Uzhavar Sandhai ),0.95,Metric Tonnes,Bellary,6000.0,6000.0,6000.0,Rs./Quintal,Local
Kallakurichi(Uzhavar Sandhai ),0.25,Metric Tonnes,Bellary,6000.0,6000.0,6000.0,Rs./Quintal,Local
Kambam(Uzhavar Sandhai ),1.5,Metric Tonnes,Bellary,6000.0,6000.0,6000.0,Rs./Quintal,Local
Kangayam(Uzhavar Sandhai ),0.59,Metric Tonnes,Bellary,5000.0,5200.0,5100.0,Rs./Quintal,Local
Karaikudi(Uzhavar Sandhai ),0.34,Metric Tonnes,Bellary,6400.0,6800.0,6600.0,Rs./Quintal,Local
Karambakkudi(Uzhavar Sandhai ),0.14,Metric Tonnes,Bellary,5000.0,6000.0,5500.0,Rs./Quintal,Local
Karimangalam(Uzhavar Sandhai),0.14,Metric Tonnes,Bellary,5000.0,5500.0,5250.0,Rs./Quintal,Local
Kariyapatti(Uzhavar Sandhai ),0.22,Metric Tonnes,Bellary,5500.0,6000.0,5750.0,Rs./Quintal,Local
Karur(Uzhavar Sandhai ),0.45,Metric Tonnes,Bellary,5500.0,6000.0,5750.0,Rs./Quintal,Local
Katpadi (Uzhavar Sandhai ),1.2,Metric Tonnes,Bellary,6000.0,6000.0,6000.0,Rs./Quintal,Local
Kaveripattinam(Uzhavar Sandhai ),0.48,Metric Tonnes,Bellary,5000.0,5000.0,5000.0,Rs./Quintal,Local
Keelpennathur(Uzhavar Sandhai ),0.04,Metric Tonnes,Bellary,5500.0,6000.0,5750.0,Rs./Quintal,Local
Kodaikkanal(Uzhavar Sandhai),0.01,Metric Tonnes,Bellary,5000.0,5500.0,5250.0,Rs./Quintal,Local
Kovilpatti(Uzhavar Sandhai ),0.32,Metric Tonnes,Bellary,6000.0,6500.0,6250.0,Rs./Quintal,Local
Krishnagiri(Uzhavar Sandhai ),1.56,Metric Tonnes,Bellary,5000.0,6000.0,5500.0,Rs./Quintal,Local
Kulithalai(Uzhavar Sandhai ),0.68,Metric Tonnes,Bellary,5000.0,6000.0,5500.0,Rs./Quintal,Local
Kumarapalayam(Uzhavar Sandhai ),0.11,Metric Tonnes,Bellary,2800.0,3000.0,2900.0,Rs./Quintal,Local
Kumbakonam (Uzhavar Sandhai ),1.32,Metric Tonnes,Bellary,4800.0,7200.0,6000.0,Rs./Quintal,Local
Kundrathur(Uzhavar Sandhai ),0.85,Metric Tonnes,Bellary,4000.0,5000.0,4500.0,Rs./Quintal,Local
Kurichi(Uzhavar Sandhai ),0.06,Metric Tonnes,Bellary,5200.0,5800.0,5500.0,Rs./Quintal,Local
Lalgudi(Uzhavar Sandhai ),0.32,Metric Tonnes,Bellary,5000.0,6000.0,5500.0,Rs./Quintal,Local
Madhuranthagam(Uzhavar Sandhai ),0.06,Metric Tonnes,Bellary,8000.0,8000.0,8000.0,Rs./Quintal,Local
Manachanallur(Uzhavar Sandhai ),0.1,Metric Tonnes,Bellary,5000.0,6000.0,5500.0,Rs./Quintal,Local
Manapparai(Uzhavar Sandhai ),0.23,Metric Tonnes,Bellary,5000.0,6000.0,5500.0,Rs./Quintal,Local
Mannargudi I(Uzhavar Sandhai ),1.22,Metric Tonnes,Bellary,5600.0,7000.0,6300.0,Rs./Quintal,Local
Mannargudi II(Uzhavar Sandhai ),0.25,Metric Tonnes,Bellary,5600.0,6400.0,6000.0,Rs./Quintal,Local
Mayiladuthurai(Uzhavar Sandhai ),0.16,Metric Tonnes,Bellary,4500.0,5000.0,4750.0,Rs./Quintal,Local
Medavakkam(Uzhavar Sandhai ),0.2,Metric Tonnes,Bellary,6000.0,6000.0,6000.0,Rs./Quintal,Local
Melapalayam(Uzhavar Sandhai ),1.2,Metric Tonnes,Bellary,5000.0,6200.0,5600.0,Rs./Quintal,Local
Melur(Uzhavar Sandhai ),0.45,Metric Tonnes,Bellary,6000.0,6500.0,6250.0,Rs./Quintal,Local
Mettupalayam(Uzhavar Sandhai ),0.92,Metric Tonnes,Bellary,5500.0,6200.0,5850.0,Rs./Quintal,Local
Mettur(Uzhavar Sandhai ),0.48,Metric Tonnes,Bellary,5000.0,6500.0,5750.0,Rs./Quintal,Local
Mohanur(Uzhavar Sandhai ),0.35,Metric Tonnes,Bellary,5000.0,6000.0,5500.0,Rs./Quintal,Local
Musiri(Uzhavar Sandhai ),0.77,Metric Tonnes,Bellary,5000.0,6500.0,5750.0,Rs./Quintal,Local
Muthupettai(Uzhavar Sandhai ),0.07,Metric Tonnes,Bellary,6000.0,6000.0,6000.0,Rs./Quintal,Local
Myladi(Uzhavar Sandhai ),0.06,Metric Tonnes,Bellary,5500.0,6000.0,5750.0,Rs./Quintal,Local
NGO Colony(Uzhavar Sandhai ),0.4,Metric Tonnes,Bellary,5500.0,6200.0,5850.0,Rs./Quintal,Local
Nagapattinam(Uzhavar Sandhai ),0.29,Metric Tonnes,Bellary,3000.0,3800.0,3400.0,Rs./Quintal,Local
Namakkal(Uzhavar Sandhai ),2.4,Metric Tonnes,Bellary,5500.0,5800.0,5650.0,Rs./Quintal,Local
Nanganallur(Uzhavar Sandhai ),0.15,Metric Tonnes,Bellary,5500.0,6000.0,5750.0,Rs./Quintal,Local
Naravarikuppam(Uzhavar Sandhai ),0.25,Metric Tonnes,Bellary,5000.0,5000.0,5000.0,Rs./Quintal,Local
Natrampalli(Uzhavar Sandhai ),0.55,Metric Tonnes,Bellary,5000.0,6000.0,5500.0,Rs./Quintal,Local
Needamangalam(Uzhavar Sandhai ),0.04,Metric Tonnes,Bellary,5400.0,5400.0,5400.0,Rs./Quintal,Local
Padappai(Uzhavar Sandhai ),0.65,Metric Tonnes,Bellary,5000.0,5800.0,5400.0,Rs./Quintal,Local
Palacode(Uzhavar Sandhai ),0.18,Metric Tonnes,Bellary,5600.0,6000.0,5800.0,Rs./Quintal,Local
Palanganatham(Uzhavar Sandhai ),0.9,Metric Tonnes,Bellary,6000.0,6500.0,6250.0,Rs./Quintal,Local
Palani(Uzhavar Sandhai ),0.99,Metric Tonnes,Bellary,5000.0,6000.0,5500.0,Rs./Quintal,Local
Palayamkottai(Uzhavar Sandhai ),2.3,Metric Tonnes,Bellary,5000.0,6200.0,5600.0,Rs./Quintal,Local
Pallavaram(Uzhavar Sandhai ),0.9,Metric Tonnes,Bellary,5000.0,6000.0,5500.0,Rs./Quintal,Local
Pallikonda(Uzhavar Sandhai),0.09,Metric Tonnes,Bellary,5000.0,5500.0,5250.0,Rs./Quintal,Local
Panruti(Uzhavar Sandhai ),0.06,Metric Tonnes,Bellary,5000.0,5000.0,5000.0,Rs./Quintal,Local
Papanasam(Uzhavar Sandhai ),0.2,Metric Tonnes,Bellary,4800.0,7200.0,6000.0,Rs./Quintal,Local
Paramakudi(Uzhavar Sandhai ),0.38,Metric Tonnes,Bellary,5400.0,6000.0,5700.0,Rs./Quintal,Local
Paramathivelur(Uzhavar Sandhai ),0.14,Metric Tonnes,Bellary,5200.0,5600.0,5400.0,Rs./Quintal,Local
Paruthipattu(Uzhavar Sandhai ),0.23,Metric Tonnes,Bellary,5000.0,5000.0,5000.0,Rs./Quintal,Local
Pattukottai(Uzhavar Sandhai ),0.75,Metric Tonnes,Bellary,4600.0,6000.0,5300.0,Rs./Quintal,Local
Pennagaram(Uzhavar Sandhai ),0.2,Metric Tonnes,Bellary,5800.0,6000.0,5900.0,Rs./Quintal,Local
Perambakkam(Uzhavar Sandhai ),0.02,Metric Tonnes,Bellary,5000.0,5000.0,5000.0,Rs./Quintal,Local
Perambalur(Uzhavar Sandhai ),0.75,Metric Tonnes,Bellary,6000.0,6600.0,6300.0,Rs./Quintal,Local
Perampet(Uzhavar Sandhai),0.05,Metric Tonnes,Bellary,5600.0,5600.0,5600.0,Rs./Quintal,Local
Peravurani(Uzhavar Sandhai),0.05,Metric Tonnes,Bellary,6000.0,6000.0,6000.0,Rs./Quintal,Local
Periyakulam(Uzhavar Sandhai ),0.32,Metric Tonnes,Bellary,5500.0,6000.0,5750.0,Rs./Quintal,Local
Perundurai(Uzhavar Sandhai ),0.14,Metric Tonnes,Bellary,6200.0,6600.0,6400.0,Rs./Quintal,Local
Pollachi(Uzhavar Sandhai ),0.38,Metric Tonnes,Bellary,5000.0,6000.0,5500.0,Rs./Quintal,Local
Polur(Uzhavar Sandhai ),0.18,Metric Tonnes,Bellary,5000.0,6000.0,5500.0,Rs./Quintal,Local
Ponnamaravathi(Uzhavar Sandhai),0.15,Metric Tonnes,Bellary,5500.0,6000.0,5750.0,Rs./Quintal,Local
Pudukottai(Uzhavar Sandhai ),0.88,Metric Tonnes,Bellary,6000.0,7000.0,6500.0,Rs./Quintal,Local
RSPuram(Uzhavar Sandhai ),4.28,Metric Tonnes,Bellary,5200.0,5500.0,5350.0,Rs./Quintal,Local
Rajapalayam(Uzhavar Sandhai ),0.2,Metric Tonnes,Bellary,5500.0,6500.0,6000.0,Rs./Quintal,Local
Ramanathapuram(Uzhavar Sandhai ),0.13,Metric Tonnes,Bellary,6000.0,6500.0,6250.0,Rs./Quintal,Local
Ranipettai(Uzhavar Sandhai ),1.14,Metric Tonnes,Bellary,5000.0,5500.0,5250.0,Rs./Quintal,Local
Rasipuram(Uzhavar Sandhai ),0.56,Metric Tonnes,Bellary,5800.0,6200.0,6000.0,Rs./Quintal,Local
Sampath Nagar(Uzhavar Sandhai ),0.59,Metric Tonnes,Bellary,6000.0,6400.0,6200.0,Rs./Quintal,Local
Sankarankoil(Uzhavar Sandhai ),0.47,Metric Tonnes,Bellary,5000.0,6000.0,5500.0,Rs./Quintal,Local
Sankarapuram(Uzhavar Sandhai ),0.25,Metric Tonnes,Bellary,6000.0,6000.0,6000.0,Rs./Quintal,Local
Sathiyamagalam(Uzhavar Sandhai ),0.28,Metric Tonnes,Bellary,5400.0,5800.0,5600.0,Rs./Quintal,Local
Sathur(Uzhavar Sandhai ),0.06,Metric Tonnes,Bellary,4500.0,5000.0,4750.0,Rs./Quintal,Local
Singampunari(Uzhavar Sandhai ),0.13,Metric Tonnes,Bellary,4200.0,6000.0,5100.0,Rs./Quintal,Local
Singanallur(Uzhavar Sandhai ),1.2,Metric Tonnes,Bellary,5000.0,5500.0,5250.0,Rs./Quintal,Local
Sirkali(Uzhavar Sandhai ),0.25,Metric Tonnes,Bellary,5500.0,6000.0,5750.0,Rs./Quintal,Local
Sivagangai (Uzhavar Sandhai ),0.36,Metric Tonnes,Bellary,6200.0,6600.0,6400.0,Rs./Quintal,Local
Sivakasi(Uzhavar Sandhai ),0.04,Metric Tonnes,Bellary,5000.0,6000.0,5500.0,Rs./Quintal,Local
Sooramangalam(Uzhavar Sandhai ),0.55,Metric Tonnes,Bellary,5000.0,6000.0,5500.0,Rs./Quintal,Local
Srivilliputhur(Uzhavar Sandhai ),0.09,Metric Tonnes,Bellary,5000.0,6000.0,5500.0,Rs./Quintal,Local
Sulur(Uzhavar Sandhai ),0.17,Metric Tonnes,Bellary,5000.0,5500.0,5250.0,Rs./Quintal,Local
Sundarapuram(Uzhavar Sandhai ),0.8,Metric Tonnes,Bellary,5200.0,5800.0,5500.0,Rs./Quintal,Local
Sunguvarchatram(Uzhavar Sandhai ),0.85,Metric Tonnes,Bellary,4000.0,5000.0,4500.0,Rs./Quintal,Local
Tenkasi(Uzhavar Sandhai ),0.48,Metric Tonnes,Bellary,5000.0,6000.0,5500.0,Rs./Quintal,Local
Thalavadi(Uzhavar Sandhai ),0.23,Metric Tonnes,Bellary,5400.0,5800.0,5600.0,Rs./Quintal,Local
Thalavaipuram(Uzhavar Sandhai ),0.06,Metric Tonnes,Bellary,5500.0,6500.0,6000.0,Rs./Quintal,Local
Thammampatti (Uzhavar Sandhai ),0.46,Metric Tonnes,Bellary,5500.0,6200.0,5850.0,Rs./Quintal,Local
Thanjavur(Uzhavar Sandhai ),1.28,Metric Tonnes,Bellary,6000.0,6000.0,6000.0,Rs./Quintal,Local
Thathakapatti(Uzhavar Sandhai ),0.37,Metric Tonnes,Bellary,5000.0,6000.0,5500.0,Rs./Quintal,Local
Theni(Uzhavar Sandhai ),1.24,Metric Tonnes,Bellary,5500.0,6000.0,5750.0,Rs./Quintal,Local
Thirumangalam(Uzhavar Sandhai ),0.68,Metric Tonnes,Bellary,6000.0,6500.0,6250.0,Rs./Quintal,Local
Thirupathur APMC,0.9,Metric Tonnes,Bellary,5500.0,5500.0,5500.0,Rs./Quintal,Local
Thiruverumbur(Uzhavar Sandhai ),0.73,Metric Tonnes,Bellary,4600.0,6000.0,5300.0,Rs./Quintal,Local
Thuraiyur APMC,0.4,Metric Tonnes,Bellary,5500.0,6500.0,6000.0,Rs./Quintal,Local
Tindivanam APMC,0.85,Metric Tonnes,Bellary,5800.0,5800.0,5800.0,Rs./Quintal,Local
Tiruchengode APMC,0.37,Metric Tonnes,Bellary,5200.0,6000.0,5600.0,Rs./Quintal,Local
Tirukattupalli(Uzhavar Sandhai ),0.24,Metric Tonnes,Bellary,6000.0,6000.0,6000.0,Rs./Quintal,Local
Tirupatthur(Uzhavar Sandhai ),0.37,Metric Tonnes,Bellary,6500.0,7000.0,6750.0,Rs./Quintal,Local
Tiruppur (North) (Uzhavar Sandhai ),0.4,Metric Tonnes,Bellary,5500.0,6000.0,5750.0,Rs./Quintal,Local
Tiruppur (South) (Uzhavar Sandhai ),0.33,Metric Tonnes,Bellary,4000.0,5000.0,4500.0,Rs./Quintal,Local
Tiruthani(Uzhavar Sandhai ),0.9,Metric Tonnes,Bellary,4000.0,4000.0,4000.0,Rs./Quintal,Local
Tiruvallur(Uzhavar Sandhai ),0.18,Metric Tonnes,Bellary,5000.0,5000.0,5000.0,Rs./Quintal,Local
Tiruvannamalai(Uzhavar Sandhai ),0.94,Metric Tonnes,Bellary,5000.0,6000.0,5500.0,Rs./Quintal,Local
Tuticorin(Uzhavar Sandhai ),1.2,Metric Tonnes,Bellary,5000.0,6000.0,5500.0,Rs./Quintal,Local
Udhagamandalam(Uzhavar Sandhai ),2.4,Metric Tonnes,Bellary,5500.0,6000.0,5750.0,Rs./Quintal,Local
Udumalpet APMC,0.62,Metric Tonnes,Bellary,5500.0,6500.0,6000.0,Rs./Quintal,Local
Ulundurpettai APMC,0.47,Metric Tonnes,Bellary,6000.0,6000.0,6000.0,Rs./Quintal,Local
Usilampatti(Uzhavar Sandhai ),0.51,Metric Tonnes,Bellary,6000.0,6500.0,6250.0,Rs./Quintal,Local
Vadalur(Uzhavar Sandhai ),0.17,Metric Tonnes,Bellary,4500.0,5000.0,4750.0,Rs./Quintal,Local
Vadaseri APMC,0.39,Metric Tonnes,Bellary,5500.0,6000.0,5750.0,Rs./Quintal,Local
Vadavalli(Uzhavar Sandhai ),1.04,Metric Tonnes,Bellary,5200.0,5500.0,5350.0,Rs./Quintal,Local
Vandavasi(Uzhavar Sandhai ),0.04,Metric Tonnes,Bellary,5000.0,6000.0,5500.0,Rs./Quintal,Local
Vaniyampadi(Uzhavar Sandhai ),0.7,Metric Tonnes,Bellary,5000.0,5000.0,5000.0,Rs./Quintal,Local
Vazhapadi(Uzhavar Sandhai),0.08,Metric Tonnes,Bellary,6000.0,6500.0,6250.0,Rs./Quintal,Local
Vedaranyam(Uzhavar Sandhai),0.07,Metric Tonnes,Bellary,3200.0,3500.0,3350.0,Rs./Quintal,Local
Vedasanthur(Uzhavar Sandhai ),0.01,Metric Tonnes,Bellary,5000.0,6000.0,5500.0,Rs./Quintal,Local
Vellore APMC,1.3,Metric Tonnes,Bellary,5500.0,5800.0,5650.0,Rs./Quintal,Local
Villupuram(Uzhavar Sandhai ),0.44,Metric Tonnes,Bellary,6000.0,6000.0,6000.0,Rs./Quintal,Local
Viralimalai(Uzhavar Sandhai ),0.12,Metric Tonnes,Bellary,6000.0,7000.0,6500.0,Rs./Quintal,Local
Virudhunagar(Uzhavar Sandhai ),0.13,Metric Tonnes,Bellary,5400.0,5500.0,5450.0,Rs./Quintal,Local
Viruthachalam(Uzhavar Sandhai ),0.15,Metric Tonnes,Bellary,5000.0,5000.0,5000.0,Rs./Quintal,Local
Total,92.12,Metric Tonnes,,,,5695.21,Rs./Quintal,
State/UT Name : Telangana
APMC PATANCHERU,60.1,Metric Tonnes,Onion,3000.0,5100.0,4500.0,Rs./Quintal,Large
"Alwal,RBZ",0.2,Metric Tonnes,Onion,4000.0,4000.0,4000.0,Rs./Quintal,FAQ
Bowenpally APMC,41.7,Metric Tonnes,Onion,1500.0,5500.0,4000.0,Rs./Quintal,FAQ
"Excise Colony,RBZ ",0.18,Metric Tonnes,Other,6000.0,6000.0,6000.0,Rs./Quintal,Grade A
Gudimalkapur APMC,125.5,Metric Tonnes,Onion,1400.0,5500.0,2600.0,Rs./Quintal,Grade B
"Kukatpally,RBZ",6.5,Metric Tonnes,1st Sort,4000.0,4000.0,4000.0,Rs./Quintal,Local
L B Nagar APMC,6.5,Metric Tonnes,Onion,4000.0,5000.0,4500.0,Rs./Quintal,Medium
Mahboob Manison APMC,330.20000000000005,Metric Tonnes,Onion,4000.0,5000.0,4500.0,Rs./Quintal,Large
Mahboob Manison APMC,495.20000000000005,Metric Tonnes,Onion,2000.0,3500.0,3300.0,Rs./Quintal,Small
Miryalguda(Rythu Bazar) ,1.0,Metric Tonnes,Red,5500.0,5500.0,5500.0,Rs./Quintal,Grade A
RYTHU BAZAR ERRAGADDA,5.4,Metric Tonnes,1st Sort,4000.0,4000.0,4000.0,Rs./Quintal,Grade A
RYTHU BAZAR MEHDIPATNAM,1.9,Metric Tonnes,1st Sort,4000.0,4000.0,4000.0,Rs./Quintal,Grade A
Sadasivpet APMC,42.0,Metric Tonnes,Local,1612.0,5202.0,4806.0,Rs./Quintal,Local
"Saroornagar,RBZ",1.5,Metric Tonnes,Other,4000.0,4000.0,4000.0,Rs./Quintal,Medium
Siddipet(Rythu Bazar) ,2.6,Metric Tonnes,Onion,4000.0,5000.0,4500.0,Rs./Quintal,Grade A
"Vanasthalipuram,RBZ ",0.9,Metric Tonnes,Onion,4000.0,4000.0,4000.0,Rs./Quintal,Grade A
Total,1121.38,Metric Tonnes,,,,3744.13,Rs./Quintal,
State/UT Name : Tripura
Dasda APMC,0.30000000000000004,Metric Tonnes,Onion,4700.0,4900.0,4800.0,Rs./Quintal,FAQ
Gondatwisa APMC,0.2,Metric Tonnes,Onion,5000.0,5500.0,5300.0,Rs./Quintal,FAQ
Halahali,0.28,Metric Tonnes,1st Sort,5800.0,6000.0,5900.0,Rs./Quintal,FAQ
Jampuijala APMC,0.1,Metric Tonnes,Other,4800.0,5000.0,4900.0,Rs./Quintal,Medium
Kadamtala,4.3,Metric Tonnes,Nasik,3400.0,3500.0,3450.0,Rs./Quintal,Medium
Kalsi APMC,0.4,Metric Tonnes,Other,1800.0,1950.0,1880.0,Rs./Quintal,FAQ
Manubazar,0.8,Metric Tonnes,1st Sort,4800.0,5200.0,5000.0,Rs./Quintal,Grade A
Melaghar APMC,0.8,Metric Tonnes,Small,5000.0,6000.0,5500.0,Rs./Quintal,Local
Panisagar APMC,4.0,Metric Tonnes,Nasik,3400.0,3500.0,3450.0,Rs./Quintal,Medium
Total,11.18,Metric Tonnes,,,,3795.08,Rs./Quintal,
State/UT Name : Uttar Pradesh
Agra APMC,86.4,Metric Tonnes,Other,2500.0,2500.0,2500.0,Rs./Quintal,FAQ
Ahirora APMC,162.0,Metric Tonnes,Other,1000.0,1000.0,1000.0,Rs./Quintal,FAQ
Auraiya APMC,3.2,Metric Tonnes,Other,3500.0,3500.0,3500.0,Rs./Quintal,FAQ
Bahraich APMC,45.0,Metric Tonnes,Other,2500.0,2500.0,2500.0,Rs./Quintal,FAQ
Balrampur APMC,35.281,Metric Tonnes,Other,1000.0,1000.0,1000.0,Rs./Quintal,FAQ
Barabanki APMC,91.0,Metric Tonnes,Other,2500.0,2500.0,2500.0,Rs./Quintal,FAQ
Baraut APMC,26.0,Metric Tonnes,Other,3500.0,3500.0,3500.0,Rs./Quintal,FAQ
Bishalpur APMC,30.7,Metric Tonnes,Other,2250.0,2250.0,2250.0,Rs./Quintal,FAQ
Buland Shahr APMC,19.0,Metric Tonnes,Other,2800.0,2800.0,2800.0,Rs./Quintal,FAQ
Chandausi APMC,49.0,Metric Tonnes,Other,1803.0,2150.0,1888.47,Rs./Quintal,FAQ
Devariya APMC,154.0,Metric Tonnes,Other,1000.0,2000.0,1402.6,Rs./Quintal,FAQ
Dhampur APMC,100.0,Metric Tonnes,Other,2500.0,2500.0,2500.0,Rs./Quintal,FAQ
Dudhi APMC,0.7000000000000001,Metric Tonnes,Local,3300.0,3500.0,3400.0,Rs./Quintal,Local
Fatehpur APMC,11.0,Metric Tonnes,Other,3500.0,3500.0,3500.0,Rs./Quintal,FAQ
Gangoh APMC,37.0,Metric Tonnes,Other,3500.0,3500.0,3500.0,Rs./Quintal,FAQ
Gorakhpur APMC,12.8,Metric Tonnes,Other,2500.0,2500.0,2500.0,Rs./Quintal,FAQ
Haathras APMC,10.0,Metric Tonnes,Other,2500.0,2500.0,2500.0,Rs./Quintal,FAQ
Hardoi APMC,25.0,Metric Tonnes,Other,2300.0,2300.0,2300.0,Rs./Quintal,FAQ
Jaunpur APMC,57.0,Metric Tonnes,Other,3700.0,3800.0,3738.6,Rs./Quintal,FAQ
Jayas APMC,31.3,Metric Tonnes,Other,2500.0,2500.0,2500.0,Rs./Quintal,FAQ
Jhansi APMC,10.0,Metric Tonnes,Other,1600.0,2800.0,1900.0,Rs./Quintal,FAQ
Kairana APMC,2.0,Metric Tonnes,Other,3200.0,3400.0,3300.0,Rs./Quintal,FAQ
Kanpur(Grain) APMC,838.7,Metric Tonnes,Other,3500.0,3500.0,3500.0,Rs./Quintal,FAQ
Khairagarh APMC,0.6000000000000001,Metric Tonnes,Red,4000.0,4100.0,4050.0,Rs./Quintal,FAQ
Khandhla APMC,4.0,Metric Tonnes,Other,4500.0,4500.0,4500.0,Rs./Quintal,FAQ
Kosikalan APMC,1.5,Metric Tonnes,Other,1900.0,1900.0,1900.0,Rs./Quintal,FAQ
Lakhimpur APMC,47.85,Metric Tonnes,Other,2900.0,2950.0,2935.37,Rs./Quintal,FAQ
Mathura APMC,3.5,Metric Tonnes,Other,2000.0,3200.0,2445.71,Rs./Quintal,FAQ
Mugrabaadshahpur APMC,5.0,Metric Tonnes,Other,2500.0,2500.0,2500.0,Rs./Quintal,FAQ
Muradabad APMC,23.5,Metric Tonnes,Other,2500.0,2500.0,2500.0,Rs./Quintal,FAQ
Noida APMC,93.0,Metric Tonnes,Other,4000.0,4000.0,4000.0,Rs./Quintal,FAQ
Pilibhit APMC,28.0,Metric Tonnes,Other,2050.0,2200.0,2119.64,Rs./Quintal,FAQ
Prayagraj APMC,10.0,Metric Tonnes,Other,3000.0,3200.0,3100.0,Rs./Quintal,FAQ
Rampur APMC,14.0,Metric Tonnes,Other,2601.0,2601.0,2601.0,Rs./Quintal,FAQ
Rampurmaniharan APMC,1.8,Metric Tonnes,Other,2400.0,2500.0,2411.11,Rs./Quintal,FAQ
Saharanpur APMC,82.9,Metric Tonnes,Other,2300.0,4000.0,2805.43,Rs./Quintal,FAQ
Shadabad APMC,12.0,Metric Tonnes,Other,4800.0,4800.0,4800.0,Rs./Quintal,FAQ
Shamli APMC,1.0,Metric Tonnes,Other,4500.0,4500.0,4500.0,Rs./Quintal,FAQ
Sikanderabad APMC,3.9,Metric Tonnes,Other,4000.0,4000.0,4000.0,Rs./Quintal,FAQ
Sitapur APMC,60.0,Metric Tonnes,Other,2800.0,2800.0,2800.0,Rs./Quintal,FAQ
Thanabhawan APMC,21.0,Metric Tonnes,Other,2300.0,2300.0,2300.0,Rs./Quintal,FAQ
Varanasi APMC,68.26,Metric Tonnes,Other,3500.0,3600.0,3521.21,Rs./Quintal,FAQ
Total,2318.89,Metric Tonnes,,,,2840.65,Rs./Quintal,
State/UT Name : Uttarakhand
Bhagwanpur(Naveen Mandi Sthal) APMC,6.0,Metric Tonnes,Other,1800.0,2800.0,2000.0,Rs./Quintal,Grade B
Chamoli APMC,0.2,Metric Tonnes,Other,4000.0,4000.0,4000.0,Rs./Quintal,FAQ
Rishikesh APMC,8.0,Metric Tonnes,Other,3050.0,4700.0,3800.0,Rs./Quintal,Medium
Roorkee APMC,1.3,Metric Tonnes,Other,2500.0,4500.0,3500.0,Rs./Quintal,Medium
Total,15.5,Metric Tonnes,,,,3080.65,Rs./Quintal,
State/UT Name : West Bengal
Alipurduar APMC,9.0,Metric Tonnes,Onion,3000.0,3800.0,3500.0,Rs./Quintal,FAQ
Asansol APMC,16.0,Metric Tonnes,Nasik,4200.0,4400.0,4350.0,Rs./Quintal,FAQ
Balarampur APMC,1.6,Metric Tonnes,Other,4500.0,4800.0,4600.0,Rs./Quintal,FAQ
Bankura Sadar APMC,16.5,Metric Tonnes,Nasik,4700.0,5000.0,4800.0,Rs./Quintal,FAQ
Baruipur(Canning) APMC,3.6,Metric Tonnes,Red,4700.0,4900.0,4800.0,Rs./Quintal,FAQ
Bethuadahari APMC,9.4,Metric Tonnes,Nasik,3900.0,4200.0,4000.0,Rs./Quintal,Grade A
Bishnupur(Bankura) APMC,0.65,Metric Tonnes,Nasik,4500.0,5200.0,4850.0,Rs./Quintal,FAQ
Burdwan APMC,18.0,Metric Tonnes,Nasik,4500.0,4800.0,4700.0,Rs./Quintal,FAQ
Chakdah APMC,5.9,Metric Tonnes,Onion,4150.0,4400.0,4200.0,Rs./Quintal,FAQ
Champadanga APMC,3.4,Metric Tonnes,Nasik,4300.0,4600.0,4500.0,Rs./Quintal,FAQ
Dhupguri APMC,20.0,Metric Tonnes,Nasik,4600.0,5000.0,4800.0,Rs./Quintal,FAQ
Durgapur APMC,16.0,Metric Tonnes,Nasik,4200.0,4400.0,4300.0,Rs./Quintal,FAQ
Falakata APMC,10.0,Metric Tonnes,Other,2500.0,3500.0,3000.0,Rs./Quintal,FAQ
Gangarampur(Dakshin Dinajpur) APMC,2.0,Metric Tonnes,1st Sort,4000.0,4200.0,4100.0,Rs./Quintal,FAQ
Ghatal APMC,2.9000000000000004,Metric Tonnes,Onion,5000.0,5200.0,5100.0,Rs./Quintal,Medium
Habra APMC,27.0,Metric Tonnes,Onion,4200.0,4300.0,4200.0,Rs./Quintal,FAQ
Islampur APMC,6.5,Metric Tonnes,Dry F.A.Q.,3500.0,4500.0,4000.0,Rs./Quintal,FAQ
Jangipur APMC,32.25,Metric Tonnes,Bellary,3650.0,3750.0,3700.0,Rs./Quintal,FAQ
Kalipur APMC,5.5,Metric Tonnes,Nasik,4200.0,4500.0,4400.0,Rs./Quintal,FAQ
Kalna APMC,2.85,Metric Tonnes,Local,4300.0,4400.0,4400.0,Rs./Quintal,FAQ
Kalna APMC,1.75,Metric Tonnes,Nasik,4500.0,4600.0,4600.0,Rs./Quintal,FAQ
Karimpur APMC,9.6,Metric Tonnes,Nasik,4000.0,4200.0,4100.0,Rs./Quintal,Grade A
Karsiyang(Matigara) APMC,0.4,Metric Tonnes,Nasik,5900.0,6100.0,6000.0,Rs./Quintal,FAQ
Medinipur(West) APMC,25.0,Metric Tonnes,Onion,4400.0,4600.0,4500.0,Rs./Quintal,FAQ
Pandua APMC,2.75,Metric Tonnes,Dry F.A.Q.,4000.0,4350.0,4200.0,Rs./Quintal,FAQ
Purulia APMC,8.0,Metric Tonnes,Other,4500.0,5200.0,4800.0,Rs./Quintal,FAQ
Raiganj APMC,6.0,Metric Tonnes,Nasik,3500.0,4500.0,4000.0,Rs./Quintal,FAQ
Ranaghat APMC,4.7,Metric Tonnes,Other,4100.0,4400.0,4250.0,Rs./Quintal,FAQ
Sheoraphuly APMC,104.0,Metric Tonnes,Nasik,4175.0,4325.0,4250.0,Rs./Quintal,FAQ
Siliguri APMC,45.0,Metric Tonnes,Onion,4600.0,4800.0,4700.0,Rs./Quintal,FAQ
Tamluk (Medinipur E) APMC,2.0,Metric Tonnes,Onion,3000.0,3400.0,3200.0,Rs./Quintal,FAQ
Total,418.25,Metric Tonnes,,,,4303.08,Rs./Quintal,
Grand Total,44065.84,Metric Tonnes,,,,3749.31,Rs./Quintal,
Potato
State/UT Name : Andhra Pradesh
Palamaner APMC,1.9000000000000001,Metric Tonnes,Potato,1200.0,1800.0,1500.0,Rs./Quintal,FAQ
Total,1.9,Metric Tonnes,,,,1500.0,Rs./Quintal,
State/UT Name : Assam
Ambagan APMC,15.0,Metric Tonnes,Potato,1400.0,1600.0,1500.0,Rs./Quintal,FAQ
Dhing APMC,20.0,Metric Tonnes,Potato,1500.0,1700.0,1600.0,Rs./Quintal,FAQ
Doomdumia APMC,23.0,Metric Tonnes,Potato,1500.0,1700.0,1600.0,Rs./Quintal,FAQ
Haibargaon APMC,16.0,Metric Tonnes,Potato,1400.0,1600.0,1500.0,Rs./Quintal,FAQ
Pamohi(Garchuk) APMC,50.0,Metric Tonnes,Potato,900.0,1800.0,1300.0,Rs./Quintal,FAQ
Pamohi(Garchuk) APMC,60.0,Metric Tonnes,Other,1600.0,2500.0,1800.0,Rs./Quintal,FAQ
Tinsukia Market,12.0,Metric Tonnes,Potato,850.0,950.0,900.0,Rs./Quintal,FAQ
Uparhali Pmy APMC,7.0,Metric Tonnes,Potato,1000.0,1300.0,1200.0,Rs./Quintal,FAQ
Total,203.0,Metric Tonnes,,,,1514.78,Rs./Quintal,
State/UT Name : Bihar
Balliah APMC,4.0,Metric Tonnes,Local,1000.0,1200.0,1100.0,Rs./Quintal,Grade A
Balliah APMC,3.5,Metric Tonnes,Local,1000.0,1200.0,1100.0,Rs./Quintal,Grade B
Balliah APMC,3.5,Metric Tonnes,Local,1000.0,1200.0,1100.0,Rs./Quintal,Grade C
Bhagwanpur Mandi APMC,10.0,Metric Tonnes,Red Nanital,1250.0,1250.0,1250.0,Rs./Quintal,Grade A
Buxur APMC,6.0,Metric Tonnes,Jyoti,1162.0,1168.0,1164.0,Rs./Quintal,Local
Chhapra APMC,90.0,Metric Tonnes,Other,1100.0,1300.0,1200.0,Rs./Quintal,Grade A
Madhuban APMC,150.0,Metric Tonnes,Other,1100.0,1300.0,1200.0,Rs./Quintal,FAQ
Madhubani APMC,60.0,Metric Tonnes,Red,1100.0,1300.0,1200.0,Rs./Quintal,FAQ
Maharjganj APMC,4.0,Metric Tonnes,Red Nanital,1500.0,1500.0,1500.0,Rs./Quintal,FAQ
Motihari APMC,50.0,Metric Tonnes,Other,1100.0,1300.0,1200.0,Rs./Quintal,Grade A
Raxaul APMC,4.5,Metric Tonnes,Red Nanital,1400.0,1600.0,1500.0,Rs./Quintal,Grade A
Triveniganj APMC,20.0,Metric Tonnes,Red Nanital,1500.0,1500.0,1500.0,Rs./Quintal,Grade A
Total,405.5,Metric Tonnes,,,,1219.07,Rs./Quintal,
State/UT Name : Chandigarh
Chandigarh (Grain/F&V) APMC,271.0,Metric Tonnes,Potato,400.0,1400.0,1200.0,Rs./Quintal,FAQ
Total,271.0,Metric Tonnes,,,,1200.0,Rs./Quintal,
State/UT Name : Chattisgarh
Rajnandgaon APMC,29.0,Metric Tonnes,Potato,900.0,1100.0,1000.0,Rs./Quintal,Grade B
Tiphra APMC,78.0,Metric Tonnes,Local,1400.0,1600.0,1500.0,Rs./Quintal,Grade B
Total,107.0,Metric Tonnes,,,,1364.49,Rs./Quintal,
State/UT Name : Goa
Mapusa APMC,7.373,Metric Tonnes,Potato,1200.0,1600.0,1500.0,Rs./Quintal,FAQ
Total,7.37,Metric Tonnes,,,,1500.0,Rs./Quintal,
State/UT Name : Gujarat
Ahmedabad(Chimanbhai Patal Market Vasana) APMC,0.1,Metric Tonnes,Chips,500.0,1400.0,1250.0,Rs./Quintal,FAQ
Ahmedabad(Chimanbhai Patal Market Vasana) APMC,153.3,Metric Tonnes,Desi,500.0,800.0,700.0,Rs./Quintal,FAQ
Ahmedabad(Chimanbhai Patal Market Vasana) APMC,12.5,Metric Tonnes,Other,600.0,700.0,650.0,Rs./Quintal,FAQ
"Anand(Veg,Yard,Anand) APMC",86.9,Metric Tonnes,Potato,1000.0,1100.0,1050.0,Rs./Quintal,Grade B
Bharuch APMC,26.5,Metric Tonnes,Other,1000.0,1700.0,1500.0,Rs./Quintal,Local
Bilimora APMC,5.4,Metric Tonnes,Other,1400.0,1800.0,1600.0,Rs./Quintal,FAQ
Dahod(Veg. Market) APMC,25.0,Metric Tonnes,Potato,800.0,1100.0,1000.0,Rs./Quintal,Local
Deesa(Deesa Veg Yard) APMC,142.0,Metric Tonnes,Other,600.0,1100.0,850.0,Rs./Quintal,FAQ
Himatnagar(Veg.Market Himatnagar) APMC,2.1,Metric Tonnes,Potato,1000.0,1500.0,1500.0,Rs./Quintal,Local
Kapadvanj APMC,50.0,Metric Tonnes,Potato,500.0,1200.0,850.0,Rs./Quintal,Medium
Khambhat(Veg Yard Khambhat) APMC,0.30000000000000004,Metric Tonnes,Desi,1000.0,1900.0,1400.0,Rs./Quintal,Local
Navsari APMC,38.050000000000004,Metric Tonnes,Potato,600.0,1900.0,1250.0,Rs./Quintal,Grade A
Padra APMC,19.200000000000003,Metric Tonnes,Other,1500.0,1800.0,1650.0,Rs./Quintal,FAQ
Surat APMC,660.0,Metric Tonnes,Other,400.0,1650.0,1025.0,Rs./Quintal,FAQ
Vadhvan APMC,45.300000000000004,Metric Tonnes,Potato,1500.0,2000.0,1750.0,Rs./Quintal,Medium
Total,1266.65,Metric Tonnes,,,,1012.1,Rs./Quintal,
State/UT Name : Haryana
Bahadurgarh APMC,48.5,Metric Tonnes,Other,800.0,1100.0,900.0,Rs./Quintal,FAQ
Ballabhgarh APMC,59.300000000000004,Metric Tonnes,Potato,600.0,1000.0,800.0,Rs./Quintal,FAQ
Barwala APMC,3.4000000000000004,Metric Tonnes,Local,700.0,1200.0,950.0,Rs./Quintal,FAQ
Barwala(Hisar) APMC,16.7,Metric Tonnes,Potato,800.0,1000.0,900.0,Rs./Quintal,Local
Ch. Dadri APMC,6.6000000000000005,Metric Tonnes,Potato,800.0,1200.0,1000.0,Rs./Quintal,Medium
Cheeka APMC,3.5,Metric Tonnes,Other,700.0,900.0,800.0,Rs./Quintal,FAQ
Chhachrauli APMC,0.4,Metric Tonnes,Potato,800.0,900.0,800.0,Rs./Quintal,Local
Dhand APMC,1.0,Metric Tonnes,Other,1000.0,1100.0,1090.0,Rs./Quintal,Medium
Farukh Nagar APMC,5.1000000000000005,Metric Tonnes,Other,800.0,1000.0,900.0,Rs./Quintal,Medium
Ganaur APMC,4.6000000000000005,Metric Tonnes,Potato,1000.0,1500.0,1200.0,Rs./Quintal,FAQ
Gharaunda APMC,2.0,Metric Tonnes,Other,1000.0,1200.0,1200.0,Rs./Quintal,Local
Gohana APMC,11.0,Metric Tonnes,Other,1000.0,1500.0,1100.0,Rs./Quintal,Medium
Gurgaon APMC,212.0,Metric Tonnes,Other,600.0,1000.0,800.0,Rs./Quintal,Grade A
Hansi APMC,45.4,Metric Tonnes,Other,1000.0,4000.0,1000.0,Rs./Quintal,FAQ
Hodal APMC,5.5,Metric Tonnes,Potato,600.0,800.0,700.0,Rs./Quintal,FAQ
Indri APMC,1.3,Metric Tonnes,Potato,900.0,900.0,900.0,Rs./Quintal,FAQ
Jagadhri APMC,22.5,Metric Tonnes,Potato,517.0,700.0,600.0,Rs./Quintal,FAQ
Jind APMC,28.0,Metric Tonnes,Other,700.0,1200.0,1000.0,Rs./Quintal,FAQ
Kharkhoda APMC,6.2,Metric Tonnes,Other,1000.0,1200.0,1100.0,Rs./Quintal,FAQ
Kosli APMC,0.30000000000000004,Metric Tonnes,Other,1000.0,1000.0,1000.0,Rs./Quintal,FAQ
Ladwa APMC,3.3000000000000003,Metric Tonnes,Red Nanital,1800.0,2500.0,2500.0,Rs./Quintal,Medium
Madlauda APMC,0.5,Metric Tonnes,Potato,1000.0,1000.0,1000.0,Rs./Quintal,FAQ
Meham,1.5,Metric Tonnes,Potato,800.0,1200.0,1000.0,Rs./Quintal,Medium
Mohindergarh APMC,4.1000000000000005,Metric Tonnes,Potato,700.0,700.0,700.0,Rs./Quintal,Medium
Naraingarh APMC,9.25,Metric Tonnes,Potato,400.0,800.0,650.0,Rs./Quintal,Medium
Narnaul APMC,4.0,Metric Tonnes,Potato,800.0,1000.0,900.0,Rs./Quintal,Medium
Narwana APMC,5.0,Metric Tonnes,Potato,500.0,700.0,600.0,Rs./Quintal,Non-FAQ
"New Grain Market , Faridabad APMC",62.900000000000006,Metric Tonnes,Other,500.0,1000.0,750.0,Rs./Quintal,Non-FAQ
Palwal APMC,6.5,Metric Tonnes,Potato,800.0,800.0,800.0,Rs./Quintal,FAQ
Panipat APMC,100.5,Metric Tonnes,Potato,400.0,1200.0,800.0,Rs./Quintal,Local
Pundri APMC,0.5,Metric Tonnes,Other,600.0,700.0,650.0,Rs./Quintal,FAQ
Radaur APMC,1.5,Metric Tonnes,Other,1100.0,1300.0,1200.0,Rs./Quintal,Medium
Ratia APMC,65.0,Metric Tonnes,Other,600.0,625.0,615.0,Rs./Quintal,Grade A
Rewari APMC,51.7,Metric Tonnes,Other,600.0,1600.0,1000.0,Rs./Quintal,Medium
Sadhaura APMC,5.300000000000001,Metric Tonnes,Potato,700.0,800.0,750.0,Rs./Quintal,Local
Sampla APMC,4.3,Metric Tonnes,Other,1200.0,1200.0,1200.0,Rs./Quintal,Local
Shahzadpur APMC,3.0,Metric Tonnes,Potato,600.0,1000.0,600.0,Rs./Quintal,FAQ
Sirsa APMC,21.700000000000003,Metric Tonnes,Other,400.0,850.0,550.0,Rs./Quintal,FAQ
Siwan APMC,1.7000000000000002,Metric Tonnes,Other,1400.0,1550.0,1500.0,Rs./Quintal,FAQ
Sonepat APMC,19.0,Metric Tonnes,Other,1000.0,1400.0,1200.0,Rs./Quintal,FAQ
Tarori APMC,1.4000000000000001,Metric Tonnes,Desi,1000.0,1500.0,1200.0,Rs./Quintal,Grade A
Tauru APMC,4.0,Metric Tonnes,Potato,1000.0,1000.0,1000.0,Rs./Quintal,FAQ
Thanesar APMC,19.1,Metric Tonnes,Potato,700.0,3000.0,1900.0,Rs./Quintal,Medium
Tohana(New Veg Market) APMC,13.0,Metric Tonnes,Potato,600.0,750.0,700.0,Rs./Quintal,FAQ
Uklana APMC,0.2,Metric Tonnes,Potato,800.0,800.0,800.0,Rs./Quintal,Medium
Total,892.25,Metric Tonnes,,,,857.57,Rs./Quintal,
State/UT Name : Himachal Pradesh
PMY Bilaspur,2.9000000000000004,Metric Tonnes,Potato,1000.0,2200.0,1500.0,Rs./Quintal,Grade B
PMY Hamirpur,2.8000000000000003,Metric Tonnes,Other,1000.0,2400.0,1700.0,Rs./Quintal,Grade B
PMY Kangra,2.1,Metric Tonnes,Potato,1000.0,2000.0,1500.0,Rs./Quintal,FAQ
PMY Kather Solan,8.752,Metric Tonnes,Other,700.0,2500.0,2300.0,Rs./Quintal,Medium
PMY Kullu,2.0,Metric Tonnes,Other,800.0,2500.0,1600.0,Rs./Quintal,FAQ
PMY Una,8.85,Metric Tonnes,Potato,800.0,1000.0,900.0,Rs./Quintal,Local
SMY Baijnath,0.5,Metric Tonnes,Potato,1200.0,2400.0,2000.0,Rs./Quintal,Grade B
SMY Jaisinghpur,0.30000000000000004,Metric Tonnes,Potato,1400.0,2800.0,2000.0,Rs./Quintal,FAQ
SMY Jogindernagar,0.1,Metric Tonnes,Desi,1200.0,2400.0,1800.0,Rs./Quintal,Grade B
SMY Nadaun,1.8,Metric Tonnes,Other,1200.0,1400.0,1300.0,Rs./Quintal,Grade B
SMY Nagrota Bagwan,1.3,Metric Tonnes,Potato,1000.0,1800.0,1300.0,Rs./Quintal,FAQ
SMY Nalagarh,2.3,Metric Tonnes,Other,400.0,800.0,600.0,Rs./Quintal,Medium
SMY Palampur,2.7,Metric Tonnes,Potato,1200.0,2500.0,1600.0,Rs./Quintal,FAQ
SMY Santoshgarh,2.2,Metric Tonnes,Jyoti,700.0,1000.0,850.0,Rs./Quintal,FAQ
Total,38.6,Metric Tonnes,,,,1474.91,Rs./Quintal,
State/UT Name : Jammu and Kashmir
Parimpore Srinagar (F&V),45.0,Metric Tonnes,Other,600.0,700.0,650.0,Rs./Quintal,Grade B
Parimpore Srinagar (F&V),108.0,Metric Tonnes,Red,900.0,1000.0,950.0,Rs./Quintal,Grade A
Rajouri (Phaliana) (F&V),2.0,Metric Tonnes,Local,2000.0,2000.0,2000.0,Rs./Quintal,Grade B
Total,155.0,Metric Tonnes,,,,876.45,Rs./Quintal,
State/UT Name : Karnataka
APMC Hubballi,134.0,Metric Tonnes,Potato,1200.0,1600.0,1500.0,Rs./Quintal,Local
Bangarpet APMC,1.4000000000000001,Metric Tonnes,Local,800.0,2000.0,1200.0,Rs./Quintal,Local
Belgaum APMC,429.1,Metric Tonnes,Local,1000.0,1800.0,1400.0,Rs./Quintal,Large
Bengaluru APMC,811.7,Metric Tonnes,Potato,1200.0,2200.0,1800.0,Rs./Quintal,Medium
Bengaluru APMC,541.1,Metric Tonnes,Local,1000.0,2400.0,2000.0,Rs./Quintal,Medium
Chickkaballapura APMC,10.0,Metric Tonnes,Local,1400.0,2200.0,1800.0,Rs./Quintal,Local
Davangere APMC,3.0,Metric Tonnes,Potato,800.0,2000.0,1300.0,Rs./Quintal,Local
Doddaballapur APMC,2.9000000000000004,Metric Tonnes,Local,1800.0,2200.0,2000.0,Rs./Quintal,Medium
Gauribidanur APMC,0.5,Metric Tonnes,Potato,1000.0,2000.0,1500.0,Rs./Quintal,Local
Hassan APMC,10.0,Metric Tonnes,Potato,1000.0,1000.0,1000.0,Rs./Quintal,Local
Haveri APMC,4.800000000000001,Metric Tonnes,Chandermukhi,1800.0,2000.0,1900.0,Rs./Quintal,Local
Hospet APMC,3.9000000000000004,Metric Tonnes,Potato,1200.0,1800.0,1400.0,Rs./Quintal,Local
Kalaburagi APMC,29.8,Metric Tonnes,Potato,1000.0,1200.0,1100.0,Rs./Quintal,Local
Nanjangud APMC,3.0,Metric Tonnes,Potato,3700.0,4666.0,4166.0,Rs./Quintal,Local
Tumakuru APMC,16.0,Metric Tonnes,Other,1800.0,2600.0,2200.0,Rs./Quintal,Local
Udupi APMC,5.4,Metric Tonnes,Potato,1400.0,1500.0,1500.0,Rs./Quintal,Local
Total,2006.6,Metric Tonnes,,,,1738.41,Rs./Quintal,
State/UT Name : Keralam
Anchal Market,0.43,Metric Tonnes,Potato,4300.0,4300.0,4300.0,Rs./Quintal,Local
Aralamoodu Market,3.0,Metric Tonnes,Potato,5000.0,5500.0,5500.0,Rs./Quintal,FAQ
Athirampuzha Market,1.0,Metric Tonnes,Potato,3600.0,3800.0,3700.0,Rs./Quintal,FAQ
Balarampuram Market,0.4,Metric Tonnes,Red Nanital,4000.0,4000.0,4000.0,Rs./Quintal,FAQ
Chathanoor Market,0.4,Metric Tonnes,Other,2800.0,3200.0,3000.0,Rs./Quintal,FAQ
Chavakkad Market,0.15,Metric Tonnes,Potato,3400.0,4400.0,4400.0,Rs./Quintal,FAQ
Chelakkara Market,0.2,Metric Tonnes,Potato,3800.0,4000.0,3900.0,Rs./Quintal,FAQ
Chengannur Market,0.5,Metric Tonnes,Potato,2700.0,3000.0,2800.0,Rs./Quintal,FAQ
Irinjalakkuda Market,0.1,Metric Tonnes,Other,3000.0,3300.0,3300.0,Rs./Quintal,FAQ
Kallachi Market,0.1,Metric Tonnes,Other,2200.0,2600.0,2400.0,Rs./Quintal,FAQ
Kanjangadu Market,1.0,Metric Tonnes,Other,2400.0,3200.0,2800.0,Rs./Quintal,FAQ
Kanjirappally Market,0.5,Metric Tonnes,Potato,3500.0,4000.0,3800.0,Rs./Quintal,FAQ
Kayamkulam Market,3.0,Metric Tonnes,Other,1900.0,2100.0,2000.0,Rs./Quintal,FAQ
Koduvayoor Market,40.0,Metric Tonnes,Potato,2800.0,3200.0,3000.0,Rs./Quintal,Medium
Kottakkal Market,5.0,Metric Tonnes,Other,2100.0,2300.0,2200.0,Rs./Quintal,Local
Madhavapuram Market,0.8,Metric Tonnes,Other,3000.0,3400.0,3200.0,Rs./Quintal,FAQ
Manjeri Market,7.0,Metric Tonnes,Other,2250.0,2350.0,2300.0,Rs./Quintal,Local
Mukkom Market,0.5,Metric Tonnes,Potato,2500.0,2800.0,2600.0,Rs./Quintal,FAQ
Neeleswaram Market,1.0,Metric Tonnes,Other,3400.0,3800.0,3600.0,Rs./Quintal,FAQ
North Paravur Market,1.0,Metric Tonnes,Red Nanital,3500.0,4500.0,4000.0,Rs./Quintal,FAQ
Pala Market,3.0,Metric Tonnes,Other,3600.0,4400.0,4000.0,Rs./Quintal,FAQ
Palakkad Market,10.0,Metric Tonnes,Potato,3300.0,4000.0,3700.0,Rs./Quintal,FAQ
Pampady Market,2.0,Metric Tonnes,Big,2700.0,4000.0,3500.0,Rs./Quintal,FAQ
Perinthalmanna Market,4.0,Metric Tonnes,Potato,2000.0,2400.0,2200.0,Rs./Quintal,Large
Perumbavoor Market,4.0,Metric Tonnes,Potato,3000.0,4000.0,3500.0,Rs./Quintal,Medium
Pothencode Market,650.0,Metric Tonnes,Potato,4500.0,4600.0,4500.0,Rs./Quintal,Local
Punalur Market,0.001,Metric Tonnes,Potato,4200.0,4700.0,4500.0,Rs./Quintal,Medium
Taliparamba Market,0.04,Metric Tonnes,Potato,2300.0,2500.0,2400.0,Rs./Quintal,FAQ
Thalasserry Market,0.2,Metric Tonnes,Other,1800.0,2800.0,2200.0,Rs./Quintal,FAQ
Thalayolaparambu Market,0.5,Metric Tonnes,Potato,2800.0,3100.0,2900.0,Rs./Quintal,FAQ
Thamarassery Market,0.4,Metric Tonnes,Other,2500.0,2600.0,2500.0,Rs./Quintal,FAQ
Thodupuzha Market,0.2,Metric Tonnes,Other,2900.0,3100.0,3100.0,Rs./Quintal,Grade Range-1
Thrippunithura Market,1.0,Metric Tonnes,Potato,4500.0,5000.0,4500.0,Rs./Quintal,Medium
Vadakkenchery Market,0.27,Metric Tonnes,Potato,5000.0,6000.0,6000.0,Rs./Quintal,FAQ
Total,741.69,Metric Tonnes,,,,4329.36,Rs./Quintal,
State/UT Name : Madhya Pradesh
Aron (F&V) APMC,0.1,Metric Tonnes,Local,900.0,1000.0,980.0,Rs./Quintal,Local
Badwani(F&V) APMC,0.712,Metric Tonnes,Potato,1100.0,1100.0,1100.0,Rs./Quintal,Local
Bareli(F&V) APMC,2.87,Metric Tonnes,Desi,1050.0,1050.0,1050.0,Rs./Quintal,Grade A
Betul(F&V) APMC,55.5,Metric Tonnes,Desi,800.0,1200.0,1000.0,Rs./Quintal,FAQ
Bhopal(F&V) APMC,75.7,Metric Tonnes,Other,400.0,1000.0,700.0,Rs./Quintal,Local
Chhatarpur (F&V) APMC,5.1,Metric Tonnes,Other,850.0,850.0,850.0,Rs./Quintal,Grade C
Chhindwara(F&V) APMC,2.4000000000000004,Metric Tonnes,Desi,800.0,1100.0,1000.0,Rs./Quintal,Local
Deori (F&V) APMC,1.2,Metric Tonnes,Potato,730.0,730.0,730.0,Rs./Quintal,Grade B
Dewas(F&V) APMC,2.0,Metric Tonnes,Other,500.0,1400.0,750.0,Rs./Quintal,FAQ
Dhamnod(F&V) APMC,3.6,Metric Tonnes,Potato,600.0,800.0,700.0,Rs./Quintal,Local
Dhar(F&V) APMC,0.8,Metric Tonnes,Other,800.0,1200.0,1000.0,Rs./Quintal,Medium
Gadarwada (F&V) APMC,1.0,Metric Tonnes,Other,900.0,900.0,900.0,Rs./Quintal,Grade B
Haatpipliya (F&V) APMC,0.307,Metric Tonnes,Potato,900.0,1500.0,1300.0,Rs./Quintal,Local
Harda(F&V) APMC,1.8,Metric Tonnes,Desi,1200.0,1600.0,1500.0,Rs./Quintal,Medium
Itarsi(F&V) APMC,7.4,Metric Tonnes,Potato,800.0,900.0,800.0,Rs./Quintal,FAQ
Jabalpur(F&V) APMC,35.5,Metric Tonnes,Potato,1000.0,1600.0,1200.0,Rs./Quintal,Medium
Kailaras APMC,21.3,Metric Tonnes,Other,600.0,1200.0,1200.0,Rs./Quintal,FAQ
Karera(F&V) APMC,1.1,Metric Tonnes,Potato,500.0,1300.0,800.0,Rs./Quintal,Local
Katni APMC,42.0,Metric Tonnes,Potato,500.0,600.0,600.0,Rs./Quintal,FAQ
Katni(F&V) APMC,31.1,Metric Tonnes,Other,450.0,600.0,463.34,Rs./Quintal,Grade C
Khurai(F&V) APMC,2.0,Metric Tonnes,Potato,500.0,700.0,600.0,Rs./Quintal,Local
Kukshi(F&V) APMC,0.6000000000000001,Metric Tonnes,Potato,700.0,1100.0,900.0,Rs./Quintal,Grade A
Lashkar(F&V) APMC,100.0,Metric Tonnes,Local,600.0,800.0,700.0,Rs./Quintal,Grade B
Maihar(F&V) APMC,5.2,Metric Tonnes,Potato,600.0,600.0,600.0,Rs./Quintal,Local
Malthone APMC,0.30000000000000004,Metric Tonnes,Local,1200.0,1200.0,1200.0,Rs./Quintal,FAQ
Malthone(F&V) APMC,0.3,Metric Tonnes,Local,1200.0,1200.0,1200.0,Rs./Quintal,FAQ
Manawar(F&V) APMC,1.5,Metric Tonnes,Potato,1100.0,1200.0,1133.0,Rs./Quintal,Grade B
Mandsaur(F&V) APMC,2.2,Metric Tonnes,Other,650.0,1050.0,920.0,Rs./Quintal,Grade A
Morena APMC,50.0,Metric Tonnes,Desi,200.0,300.0,200.0,Rs./Quintal,Non-FAQ
Narmadapuram (F&V) APMC,7.1,Metric Tonnes,Potato,400.0,890.0,520.0,Rs./Quintal,FAQ
Pipariya(F&V) APMC,9.0,Metric Tonnes,Potato,600.0,1400.0,1000.0,Rs./Quintal,Local
Porsa APMC,7.0,Metric Tonnes,Potato,600.0,600.0,600.0,Rs./Quintal,FAQ
Ratlam(F&V) APMC,1.3,Metric Tonnes,Other,900.0,1300.0,1200.0,Rs./Quintal,FAQ
Rehli(F&V) APMC,0.2,Metric Tonnes,Potato,700.0,900.0,800.0,Rs./Quintal,Grade C
Rewa(F&V) APMC,17.8,Metric Tonnes,Other,600.0,600.0,600.0,Rs./Quintal,Non-FAQ
Sagar(F&V) APMC,19.5,Metric Tonnes,Local,700.0,900.0,800.0,Rs./Quintal,Local
Seoni(F&V) APMC,9.05,Metric Tonnes,Desi,1300.0,1300.0,1300.0,Rs./Quintal,Grade C
Ujjain APMC,9.932,Metric Tonnes,Potato,220.0,720.69,720.69,Rs./Quintal,FAQ
Ujjain APMC,14.978000000000002,Metric Tonnes,Potato,225.0,735.69,735.69,Rs./Quintal,Non-FAQ
Total,549.45,Metric Tonnes,,,,741.69,Rs./Quintal,
State/UT Name : Maharashtra
APMC Ahilyanagar ,39.5,Metric Tonnes,Other,700.0,1800.0,1250.0,Rs./Quintal,Local
APMC Akluj ,11.0,Metric Tonnes,Local,1000.0,1300.0,1200.0,Rs./Quintal,Local
APMC Akola ,185.0,Metric Tonnes,Other,500.0,1100.0,900.0,Rs./Quintal,Local
APMC Bhusaval ,9.4,Metric Tonnes,Other,1000.0,1500.0,1200.0,Rs./Quintal,Local
APMC Chattrapati Sambhajinagar ,115.0,Metric Tonnes,Other,850.0,1100.0,975.0,Rs./Quintal,Local
APMC Hingna,0.9,Metric Tonnes,Local,1300.0,1500.0,1366.0,Rs./Quintal,Local
APMC Nagpur ,192.5,Metric Tonnes,Local,800.0,1100.0,1025.0,Rs./Quintal,Local
APMC Nasik ,200.5,Metric Tonnes,Other,650.0,1250.0,800.0,Rs./Quintal,Local
APMC Rahuri ,8.1,Metric Tonnes,Other,1200.0,1600.0,1400.0,Rs./Quintal,Local
APMC Ramtek ,0.6,Metric Tonnes,Local,1000.0,1500.0,1300.0,Rs./Quintal,Local
APMC Satara ,57.6,Metric Tonnes,Other,1000.0,1400.0,1200.0,Rs./Quintal,Local
APMC Solapur ,73.2,Metric Tonnes,Local,900.0,1250.0,1000.0,Rs./Quintal,Local
APMC Vaduj ,3.0,Metric Tonnes,Local,1400.0,1500.0,1450.0,Rs./Quintal,Local
APMC Vita ,20.0,Metric Tonnes,Other,1500.0,2000.0,1700.0,Rs./Quintal,Local
Amrawati(Frui & Veg. Market) ,51.0,Metric Tonnes,Local,700.0,1400.0,1050.0,Rs./Quintal,Local
Chandrapur(Ganjwad) ,50.0,Metric Tonnes,Other,1000.0,1300.0,1200.0,Rs./Quintal,Local
Khed(Chakan) ,160.0,Metric Tonnes,Other,700.0,1500.0,1200.0,Rs./Quintal,Local
Pune(Khadiki) ,0.8,Metric Tonnes,Local,800.0,1200.0,1000.0,Rs./Quintal,Local
Pune(Manjri) ,2.9,Metric Tonnes,Other,1500.0,1800.0,1600.0,Rs./Quintal,Local
Pune(Moshi) ,105.7,Metric Tonnes,Local,1000.0,1400.0,1200.0,Rs./Quintal,Local
"Sangli(Phale, Bhajipala Market) ",18.0,Metric Tonnes,Local,800.0,1700.0,1250.0,Rs./Quintal,Local
Total,1304.7,Metric Tonnes,,,,1045.87,Rs./Quintal,
State/UT Name : Meghalaya
Tura APMC,1.85,Metric Tonnes,Local,2000.0,2500.0,2200.0,Rs./Quintal,Medium
Total,1.85,Metric Tonnes,,,,2200.0,Rs./Quintal,
State/UT Name : NCT of Delhi
APMC Azadpur,1382.7,Metric Tonnes,Potato,200.0,1840.0,1070.0,Rs./Quintal,FAQ
APMC Keshopur,229.35000000000002,Metric Tonnes,Potato,700.0,1300.0,1050.0,Rs./Quintal,FAQ
"Fruit&Vegetable Market,Gazipur APMC",492.4,Metric Tonnes,Potato,900.0,1100.0,1000.0,Rs./Quintal,FAQ
Total,2104.45,Metric Tonnes,,,,1051.44,Rs./Quintal,
State/UT Name : Odisha
Angaura APMC,3.0,Metric Tonnes,Other,1500.0,1900.0,1700.0,Rs./Quintal,Grade C
Balugaon APMC,2.5,Metric Tonnes,Kufri Giriraj,2000.0,2000.0,2000.0,Rs./Quintal,Grade A
Bargarh(Barapalli) APMC,109.0,Metric Tonnes,Potato,2400.0,2800.0,2600.0,Rs./Quintal,Local
Birmaharajpur APMC,1.6,Metric Tonnes,Other,1750.0,1900.0,1850.0,Rs./Quintal,Local
Bolangir APMC,5.800000000000001,Metric Tonnes,Other,1400.0,1800.0,1600.0,Rs./Quintal,Medium
Boudh APMC,2.0,Metric Tonnes,Other,1800.0,2200.0,2000.0,Rs./Quintal,Local
Chandabali APMC,45.0,Metric Tonnes,Other,1250.0,1560.0,1380.0,Rs./Quintal,Grade Range-2
Dungurapalli APMC,0.25,Metric Tonnes,Other,2000.0,2100.0,2000.0,Rs./Quintal,Local
Hindol APMC,2.2,Metric Tonnes,Potato,1300.0,1500.0,1400.0,Rs./Quintal,Grade B
Jagatsinghpur APMC,300.0,Metric Tonnes,Potato,1350.0,1500.0,1400.0,Rs./Quintal,FAQ
Jharsuguda APMC,1.5,Metric Tonnes,Other,1700.0,2000.0,1700.0,Rs./Quintal,Grade A
Kamakhyanagar APMC,7.5,Metric Tonnes,Potato,3000.0,3000.0,3000.0,Rs./Quintal,Grade A
Keonjhar APMC,0.3,Metric Tonnes,Other,1500.0,1800.0,1600.0,Rs./Quintal,Local
Keonjhar(Dhekikote) APMC,0.6,Metric Tonnes,Other,1600.0,1700.0,1600.0,Rs./Quintal,Non-FAQ
Khariar Road APMC,1.0,Metric Tonnes,Other,2000.0,2000.0,2000.0,Rs./Quintal,Grade A
Pandkital APMC,0.27999999999999997,Metric Tonnes,Other,2000.0,2130.0,2100.0,Rs./Quintal,Local
Rairakhol APMC,1.2000000000000002,Metric Tonnes,Potato,1200.0,1600.0,1400.0,Rs./Quintal,Medium
Sargipali APMC,2.2,Metric Tonnes,Other,1100.0,1500.0,1200.0,Rs./Quintal,FAQ
Tusura APMC,5.0,Metric Tonnes,Other,1400.0,1800.0,1600.0,Rs./Quintal,Medium
Udala APMC,3.0,Metric Tonnes,Potato,900.0,1100.0,1000.0,Rs./Quintal,FAQ
Total,493.93,Metric Tonnes,,,,1700.28,Rs./Quintal,
State/UT Name : Punjab
Adampur APMC,5.0,Metric Tonnes,Local,500.0,600.0,600.0,Rs./Quintal,FAQ
Ahmedgarh APMC,0.2,Metric Tonnes,Local,350.0,370.0,370.0,Rs./Quintal,Medium
Ajnala APMC,0.3,Metric Tonnes,Potato,770.0,770.0,770.0,Rs./Quintal,Local
Balachaur APMC,6.0,Metric Tonnes,Other,700.0,800.0,750.0,Rs./Quintal,Medium
Banur APMC,0.6,Metric Tonnes,Other,1100.0,1100.0,1100.0,Rs./Quintal,Grade A
Bassi Pathana APMC,1.5,Metric Tonnes,Potato,1000.0,1200.0,1100.0,Rs./Quintal,Medium
Bathinda APMC,410.0,Metric Tonnes,Other,750.0,850.0,800.0,Rs./Quintal,Grade B
Bhagta Bhai Ka APMC,0.5,Metric Tonnes,Other,800.0,800.0,800.0,Rs./Quintal,Medium
Bhawanigarh APMC,5.0,Metric Tonnes,Other,500.0,650.0,600.0,Rs./Quintal,Medium
Bhogpur APMC,0.30000000000000004,Metric Tonnes,Local,700.0,700.0,700.0,Rs./Quintal,Local
Budalada APMC,3.0,Metric Tonnes,Potato,750.0,750.0,750.0,Rs./Quintal,Medium
Dera Bassi APMC,2.2,Metric Tonnes,Potato,1400.0,1400.0,1400.0,Rs./Quintal,Local
Doraha APMC,5.45,Metric Tonnes,Desi,250.0,700.0,600.0,Rs./Quintal,Local
Dudhansadhan APMC,0.7,Metric Tonnes,Other,800.0,800.0,800.0,Rs./Quintal,Grade B
F.G.Churian APMC,0.5,Metric Tonnes,Potato,900.0,900.0,900.0,Rs./Quintal,Grade A
Fazilka APMC,10.3,Metric Tonnes,Potato,900.0,900.0,900.0,Rs./Quintal,FAQ
Ferozepur Cantt. APMC,0.18,Metric Tonnes,Local,300.0,500.0,400.0,Rs./Quintal,Grade A
Garh Shankar(Mahalpur) APMC,6.7,Metric Tonnes,Potato,700.0,700.0,700.0,Rs./Quintal,FAQ
Ghanaur APMC,0.2,Metric Tonnes,Other,800.0,1000.0,900.0,Rs./Quintal,FAQ
Goraya APMC,0.2,Metric Tonnes,Other,900.0,900.0,900.0,Rs./Quintal,Local
Gurdaspur APMC,10.8,Metric Tonnes,Other,750.0,750.0,750.0,Rs./Quintal,Grade A
Khamano APMC,0.5,Metric Tonnes,Potato,1000.0,1000.0,1000.0,Rs./Quintal,FAQ
Khanna APMC,24.7,Metric Tonnes,Local,500.0,500.0,500.0,Rs./Quintal,Grade A
Kharar APMC,9.9,Metric Tonnes,Potato,700.0,900.0,800.0,Rs./Quintal,Non-FAQ
Kotkapura APMC,20.0,Metric Tonnes,Potato,800.0,900.0,850.0,Rs./Quintal,FAQ
Kurali APMC,4.1000000000000005,Metric Tonnes,Other,790.0,820.0,800.0,Rs./Quintal,Medium
Lalru APMC,5.5,Metric Tonnes,Other,870.0,870.0,870.0,Rs./Quintal,Local
Lohian Khas APMC,0.5,Metric Tonnes,Other,300.0,500.0,400.0,Rs./Quintal,Local
Ludhiana APMC,126.80000000000001,Metric Tonnes,Other,100.0,600.0,300.0,Rs./Quintal,FAQ
Machhiwara APMC,1.061,Metric Tonnes,Local,600.0,800.0,700.0,Rs./Quintal,FAQ
Mansa APMC,9.0,Metric Tonnes,Other,930.0,930.0,930.0,Rs./Quintal,FAQ
Maur APMC,0.7000000000000001,Metric Tonnes,Other,600.0,700.0,650.0,Rs./Quintal,Grade B
Mukerian APMC,2.9850000000000003,Metric Tonnes,Potato,1000.0,1200.0,1100.0,Rs./Quintal,Local
Mukerian(Talwara) APMC,0.9,Metric Tonnes,Potato,800.0,1600.0,1200.0,Rs./Quintal,FAQ
Muktsar APMC,11.0,Metric Tonnes,Potato,600.0,1000.0,800.0,Rs./Quintal,Medium
Nabha APMC,14.8,Metric Tonnes,Other,350.0,600.0,430.0,Rs./Quintal,Grade C
Nakodar APMC,0.9,Metric Tonnes,Potato,390.0,390.0,390.0,Rs./Quintal,Local
Nawan Shahar(Subzi Mandi) APMC,4.0,Metric Tonnes,Potato,700.0,800.0,750.0,Rs./Quintal,FAQ
Patiala APMC,51.0,Metric Tonnes,Potato,500.0,700.0,600.0,Rs./Quintal,Grade B
Patran APMC,73.0,Metric Tonnes,Other,460.0,460.0,460.0,Rs./Quintal,Grade A
Patti APMC,0.78,Metric Tonnes,Potato,0.08,0.08,0.08,Rs./Quintal,Local
Phagwara APMC,33.2,Metric Tonnes,Other,529.0,777.0,688.0,Rs./Quintal,FAQ
Quadian APMC,1.5,Metric Tonnes,Other,400.0,600.0,500.0,Rs./Quintal,Grade A
Rajpura APMC,7.5,Metric Tonnes,Local,750.0,930.0,800.0,Rs./Quintal,Grade A
Raman APMC,3.0,Metric Tonnes,Other,515.0,615.0,560.0,Rs./Quintal,Medium
Rampuraphul(Nabha Mandi) APMC,4.0,Metric Tonnes,Other,600.0,800.0,700.0,Rs./Quintal,Grade A
Rayya APMC,0.05,Metric Tonnes,Potato,750.0,750.0,750.0,Rs./Quintal,FAQ
Ropar APMC,98.0,Metric Tonnes,Local,700.0,900.0,800.0,Rs./Quintal,Non-FAQ
Sahnewal APMC,0.3,Metric Tonnes,Potato,700.0,700.0,700.0,Rs./Quintal,FAQ
Samana APMC,37.0,Metric Tonnes,Other,500.0,1400.0,600.0,Rs./Quintal,Grade Range-2
Sangrur APMC,10.0,Metric Tonnes,Local,700.0,780.0,750.0,Rs./Quintal,Local
Sirhind APMC,8.0,Metric Tonnes,Other,700.0,950.0,800.0,Rs./Quintal,Local
Talwandi Sabo APMC,0.6000000000000001,Metric Tonnes,Other,800.0,1200.0,1000.0,Rs./Quintal,Grade A
Tanda Urmur APMC,3.2,Metric Tonnes,Local,1000.0,1200.0,1100.0,Rs./Quintal,Grade A
Tarantaran APMC,1.2,Metric Tonnes,Other,900.0,900.0,900.0,Rs./Quintal,Local
Zira APMC,2.5,Metric Tonnes,Local,800.0,800.0,800.0,Rs./Quintal,Local
Total,1041.81,Metric Tonnes,,,,682.03,Rs./Quintal,
State/UT Name : Rajasthan
Bayana APMC,5.0,Metric Tonnes,Other,1200.0,1200.0,1200.0,Rs./Quintal,Local
Bhadara APMC,1.6,Metric Tonnes,Other,800.0,900.0,831.0,Rs./Quintal,FAQ
Churu APMC,3.5,Metric Tonnes,Red Nanital,900.0,1000.0,950.0,Rs./Quintal,FAQ
Dablirathan APMC,0.2,Metric Tonnes,Red Nanital,900.0,1000.0,950.0,Rs./Quintal,Local
Goluwala APMC,0.36000000000000004,Metric Tonnes,Red Nanital,500.0,600.0,600.0,Rs./Quintal,Non-FAQ
Jalore APMC,3.0,Metric Tonnes,Potato,1200.0,1500.0,1300.0,Rs./Quintal,Local
Jodhpur (F&V) APMC,286.0,Metric Tonnes,Potato,500.0,800.0,650.0,Rs./Quintal,Medium
Rajsamand APMC,6.6000000000000005,Metric Tonnes,Potato,1000.0,1200.0,1100.0,Rs./Quintal,FAQ
Rawatsar APMC,2.5,Metric Tonnes,Red Nanital,400.0,700.0,500.0,Rs./Quintal,FAQ
Sangriya APMC,0.6000000000000001,Metric Tonnes,Potato,800.0,1700.0,1300.0,Rs./Quintal,Local
Sriganganagar (F&V) APMC,28.0,Metric Tonnes,Desi,700.0,1100.0,900.0,Rs./Quintal,Grade B
Udaipur (F&V) APMC,46.300000000000004,Metric Tonnes,Other,500.0,1000.0,750.0,Rs./Quintal,Medium
Total,383.66,Metric Tonnes,,,,703.95,Rs./Quintal,
State/UT Name : Tamil Nadu
AJattihalli(Uzhavar Sandhai ),0.46,Metric Tonnes,Other,2400.0,2800.0,2600.0,Rs./Quintal,Local
Alangudi(Uzhavar Sandhai ),0.12,Metric Tonnes,Other,6000.0,7000.0,6500.0,Rs./Quintal,Local
Ambattur(Uzhavar Sandhai ),0.02,Metric Tonnes,Red Nanital,4000.0,4000.0,4000.0,Rs./Quintal,Local
Ammapet(Uzhavar Sandhai ),0.09,Metric Tonnes,Other,4500.0,5000.0,4750.0,Rs./Quintal,Local
Anaiyur(Uzhavar Sandhai ),0.4,Metric Tonnes,Red Nanital,4500.0,5500.0,5000.0,Rs./Quintal,Local
Andipatti(Uzhavar Sandhai ),0.27,Metric Tonnes,Other,2600.0,2800.0,2700.0,Rs./Quintal,Local
Anna nagar(Uzhavar Sandhai ),0.33,Metric Tonnes,Other,5800.0,5800.0,5800.0,Rs./Quintal,Local
Arani(Uzhavar Sandhai ),0.6,Metric Tonnes,Red Nanital,3500.0,4200.0,3850.0,Rs./Quintal,Local
Arcot(Uzhavar Sandhai ),0.29,Metric Tonnes,Red Nanital,3000.0,3000.0,3000.0,Rs./Quintal,Local
Ariyalur(Uzhavar Sandhai),0.04,Metric Tonnes,Red Nanital,3500.0,4000.0,3750.0,Rs./Quintal,Local
Aruppukottai(Uzhavar Sandhai ),0.25,Metric Tonnes,Red Nanital,3000.0,3500.0,3250.0,Rs./Quintal,Local
Athur(Uzhavar Sandhai ),0.09,Metric Tonnes,Other,5000.0,5500.0,5250.0,Rs./Quintal,Local
Avallapalli(Uzhavar Sandhai ),0.22,Metric Tonnes,Red Nanital,2000.0,2500.0,2250.0,Rs./Quintal,Local
Bodinayakanur(Uzhavar Sandhai ),0.25,Metric Tonnes,Red Nanital,2800.0,2800.0,2800.0,Rs./Quintal,Local
Chengalpet(Uzhavar Sandhai ),0.09,Metric Tonnes,Red Nanital,2500.0,3000.0,2750.0,Rs./Quintal,Local
Chengam(Uzhavar Sandhai ),0.15,Metric Tonnes,Red Nanital,2500.0,3000.0,2750.0,Rs./Quintal,Local
Cheyyar(Uzhavar Sandhai ),0.05,Metric Tonnes,Other,3500.0,4200.0,3850.0,Rs./Quintal,Local
Chidambaram(Uzhavar Sandhai ),0.01,Metric Tonnes,Red Nanital,4000.0,4000.0,4000.0,Rs./Quintal,Local
Chinnalapatti(Uzhavar Sandhai ),0.07,Metric Tonnes,Red Nanital,4000.0,6000.0,5000.0,Rs./Quintal,Local
Chinnamanur(Uzhavar Sandhai ),0.38,Metric Tonnes,Other,4400.0,4400.0,4400.0,Rs./Quintal,Local
Chokkikulam(Uzhavar Sandhai ),1.52,Metric Tonnes,Red Nanital,4500.0,5500.0,5000.0,Rs./Quintal,Local
Coonoor(Uzhavar Sandhai ),0.8,Metric Tonnes,Other,5000.0,6000.0,5500.0,Rs./Quintal,Local
Cuddalore(Uzhavar Sandhai ),0.35,Metric Tonnes,Red Nanital,4000.0,4000.0,4000.0,Rs./Quintal,Local
Denkanikottai(Uzhavar Sandhai ),0.15,Metric Tonnes,Red Nanital,2000.0,2500.0,2250.0,Rs./Quintal,Local
Devakottai (Uzhavar Sandhai ),0.14,Metric Tonnes,Red Nanital,3200.0,3500.0,3350.0,Rs./Quintal,Local
Devaram(Uzhavar Sandhai ),0.23,Metric Tonnes,Red Nanital,2800.0,2800.0,2800.0,Rs./Quintal,Local
Dharapuram(Uzhavar Sandhai ),0.65,Metric Tonnes,Other,5500.0,6000.0,5750.0,Rs./Quintal,Local
Dharmapuri(Uzhavar Sandhai ),0.45,Metric Tonnes,Red Nanital,2500.0,2800.0,2650.0,Rs./Quintal,Local
Dindigul(Uzhavar Sandhai ),0.55,Metric Tonnes,Other,5000.0,6000.0,5500.0,Rs./Quintal,Local
Edapadi (Uzhavar Sandhai ),0.35,Metric Tonnes,Other,2800.0,3000.0,2900.0,Rs./Quintal,Local
Elampillai(Uzhavar Sandhai ),0.4,Metric Tonnes,Other,2500.0,3000.0,2750.0,Rs./Quintal,Local
Gandarvakottai(Uzhavar Sandhai ),0.34,Metric Tonnes,Other,6000.0,7000.0,6500.0,Rs./Quintal,Local
Gandhigramam(Uzhavar Sandhai),0.32,Metric Tonnes,Other,3500.0,6000.0,4750.0,Rs./Quintal,Local
Gingee(Uzhavar Sandhai ),0.09,Metric Tonnes,Red Nanital,4000.0,4000.0,4000.0,Rs./Quintal,Local
Gobichettipalayam(Uzhavar Sandhai ),0.23,Metric Tonnes,Other,3600.0,4000.0,3800.0,Rs./Quintal,Local
Gudalur(Uzhavar Sandhai ),0.04,Metric Tonnes,Red Nanital,5000.0,5500.0,5250.0,Rs./Quintal,Local
Gudiyatham(Uzhavar Sandhai ),0.08,Metric Tonnes,Red Nanital,3600.0,4000.0,3800.0,Rs./Quintal,Local
Guduvancheri(Uzhavar Sandhai ),0.05,Metric Tonnes,Red Nanital,2500.0,3000.0,2750.0,Rs./Quintal,Local
Harur(Uzhavar Sandhai ),0.19,Metric Tonnes,Red Nanital,2500.0,3000.0,2750.0,Rs./Quintal,Local
Hasthampatti(Uzhavar Sandhai ),0.32,Metric Tonnes,Other,4500.0,5000.0,4750.0,Rs./Quintal,Local
Hosur(Uzhavar Sandhai ),0.98,Metric Tonnes,Red Nanital,2000.0,2500.0,2250.0,Rs./Quintal,Local
Jalagandapuram(Uzhavar Sandhai ),0.1,Metric Tonnes,Other,2600.0,2800.0,2700.0,Rs./Quintal,Local
Jameenrayapettai(Uzhavar Sandhai ),0.14,Metric Tonnes,Other,2500.0,3000.0,2750.0,Rs./Quintal,Local
KKNagar(Uzhavar Sandhai ),0.65,Metric Tonnes,Other,6000.0,6000.0,6000.0,Rs./Quintal,Local
Kahithapattarai(Uzhavar Sandhai ),0.12,Metric Tonnes,Other,2400.0,2400.0,2400.0,Rs./Quintal,Local
Kallakurichi(Uzhavar Sandhai ),0.17,Metric Tonnes,Red Nanital,3000.0,3000.0,3000.0,Rs./Quintal,Local
Kambam(Uzhavar Sandhai ),1.8,Metric Tonnes,Other,2800.0,2800.0,2800.0,Rs./Quintal,Local
Kancheepuram(Uzhavar Sandhai ),0.12,Metric Tonnes,Other,2200.0,3000.0,2600.0,Rs./Quintal,Local
Karaikudi(Uzhavar Sandhai ),0.27,Metric Tonnes,Red Nanital,5500.0,6000.0,5750.0,Rs./Quintal,Local
Karimangalam(Uzhavar Sandhai),0.1,Metric Tonnes,Other,2600.0,2800.0,2700.0,Rs./Quintal,Local
Kariyapatti(Uzhavar Sandhai ),0.11,Metric Tonnes,Red Nanital,3000.0,3500.0,3250.0,Rs./Quintal,Local
Karur(Uzhavar Sandhai ),0.27,Metric Tonnes,Other,5500.0,6000.0,5750.0,Rs./Quintal,Local
Katpadi (Uzhavar Sandhai ),0.8,Metric Tonnes,Red Nanital,2500.0,3800.0,3150.0,Rs./Quintal,Local
Kaveripattinam(Uzhavar Sandhai ),0.18,Metric Tonnes,Red Nanital,4000.0,4000.0,4000.0,Rs./Quintal,Local
Kovilpatti(Uzhavar Sandhai ),0.18,Metric Tonnes,Other,4500.0,5000.0,4750.0,Rs./Quintal,Local
Krishnagiri(Uzhavar Sandhai ),0.91,Metric Tonnes,Red Nanital,2000.0,2600.0,2300.0,Rs./Quintal,Local
Kulithalai(Uzhavar Sandhai ),0.37,Metric Tonnes,Other,4000.0,5500.0,4750.0,Rs./Quintal,Local
Kumarapalayam(Uzhavar Sandhai ),0.05,Metric Tonnes,Other,2800.0,3000.0,2900.0,Rs./Quintal,Local
Kumbakonam (Uzhavar Sandhai ),0.65,Metric Tonnes,Red Nanital,3000.0,3600.0,3300.0,Rs./Quintal,Local
Kundrathur(Uzhavar Sandhai ),0.25,Metric Tonnes,Other,2800.0,2800.0,2800.0,Rs./Quintal,Local
Lalgudi(Uzhavar Sandhai ),0.25,Metric Tonnes,Other,3000.0,3000.0,3000.0,Rs./Quintal,Local
Madhuranthagam(Uzhavar Sandhai ),0.06,Metric Tonnes,Red Nanital,4000.0,4000.0,4000.0,Rs./Quintal,Local
Manachanallur(Uzhavar Sandhai ),0.13,Metric Tonnes,Other,3000.0,3500.0,3250.0,Rs./Quintal,Local
Manapparai(Uzhavar Sandhai ),0.22,Metric Tonnes,Other,3000.0,3000.0,3000.0,Rs./Quintal,Local
Mannargudi I(Uzhavar Sandhai ),1.27,Metric Tonnes,Red Nanital,3000.0,3000.0,3000.0,Rs./Quintal,Local
Mannargudi II(Uzhavar Sandhai ),0.42,Metric Tonnes,Red Nanital,3000.0,3000.0,3000.0,Rs./Quintal,Local
Mayiladuthurai(Uzhavar Sandhai ),0.08,Metric Tonnes,Red Nanital,3000.0,3000.0,3000.0,Rs./Quintal,Local
Medavakkam(Uzhavar Sandhai ),0.06,Metric Tonnes,Other,3500.0,3500.0,3500.0,Rs./Quintal,Local
Melapalayam(Uzhavar Sandhai ),0.75,Metric Tonnes,Other,2600.0,2800.0,2700.0,Rs./Quintal,Local
Mettupalayam(Uzhavar Sandhai ),0.52,Metric Tonnes,Red Nanital,3500.0,5500.0,4500.0,Rs./Quintal,Local
Mettur(Uzhavar Sandhai ),0.15,Metric Tonnes,Other,4500.0,4500.0,4500.0,Rs./Quintal,Local
Mohanur(Uzhavar Sandhai ),0.19,Metric Tonnes,Other,3000.0,3500.0,3250.0,Rs./Quintal,Local
Musiri(Uzhavar Sandhai ),0.4,Metric Tonnes,Other,2600.0,3000.0,2800.0,Rs./Quintal,Local
Muthupettai(Uzhavar Sandhai ),0.05,Metric Tonnes,Red Nanital,3000.0,3000.0,3000.0,Rs./Quintal,Local
Myladi(Uzhavar Sandhai ),0.04,Metric Tonnes,Red Nanital,3000.0,3500.0,3250.0,Rs./Quintal,Local
NGO Colony(Uzhavar Sandhai ),0.37,Metric Tonnes,Red Nanital,2000.0,2800.0,2400.0,Rs./Quintal,Local
Nagapattinam(Uzhavar Sandhai ),0.11,Metric Tonnes,Red Nanital,3500.0,3500.0,3500.0,Rs./Quintal,Local
Namakkal(Uzhavar Sandhai ),1.25,Metric Tonnes,Other,2500.0,3000.0,2750.0,Rs./Quintal,Local
Nanganallur(Uzhavar Sandhai ),0.08,Metric Tonnes,Red Nanital,3500.0,4000.0,3750.0,Rs./Quintal,Local
Naravarikuppam(Uzhavar Sandhai ),0.06,Metric Tonnes,Red Nanital,4000.0,4000.0,4000.0,Rs./Quintal,Local
Natrampalli(Uzhavar Sandhai ),0.36,Metric Tonnes,Red Nanital,3000.0,3500.0,3250.0,Rs./Quintal,Local
Padappai(Uzhavar Sandhai ),0.16,Metric Tonnes,Other,2500.0,3500.0,3000.0,Rs./Quintal,Local
Palacode(Uzhavar Sandhai ),0.24,Metric Tonnes,Other,2800.0,3000.0,2900.0,Rs./Quintal,Local
Palanganatham(Uzhavar Sandhai ),0.5,Metric Tonnes,Other,4500.0,5500.0,5000.0,Rs./Quintal,Local
Palani(Uzhavar Sandhai ),0.74,Metric Tonnes,Other,3600.0,4000.0,3800.0,Rs./Quintal,Local
Palayamkottai(Uzhavar Sandhai ),2.4,Metric Tonnes,Red Nanital,2600.0,2800.0,2700.0,Rs./Quintal,Local
Palladam(Uzhavar Sandhai ),0.17,Metric Tonnes,Other,2500.0,3000.0,2750.0,Rs./Quintal,Local
Pallavaram(Uzhavar Sandhai ),0.54,Metric Tonnes,Red Nanital,2500.0,3000.0,2750.0,Rs./Quintal,Local
Pallikonda(Uzhavar Sandhai),0.04,Metric Tonnes,Red Nanital,3000.0,3500.0,3250.0,Rs./Quintal,Local
Panruti(Uzhavar Sandhai ),0.07,Metric Tonnes,Red Nanital,4000.0,4000.0,4000.0,Rs./Quintal,Local
Papanasam(Uzhavar Sandhai ),0.22,Metric Tonnes,Red Nanital,3000.0,3600.0,3300.0,Rs./Quintal,Local
Paramakudi(Uzhavar Sandhai ),0.52,Metric Tonnes,Red Nanital,4800.0,5000.0,4900.0,Rs./Quintal,Local
Paramathivelur(Uzhavar Sandhai ),0.14,Metric Tonnes,Red Nanital,2000.0,3000.0,2500.0,Rs./Quintal,Local
Paruthipattu(Uzhavar Sandhai ),0.18,Metric Tonnes,Red Nanital,4000.0,4000.0,4000.0,Rs./Quintal,Local
Pattukottai(Uzhavar Sandhai ),0.25,Metric Tonnes,Red Nanital,3000.0,3000.0,3000.0,Rs./Quintal,Local
Pennagaram(Uzhavar Sandhai ),0.18,Metric Tonnes,Other,3300.0,3500.0,3400.0,Rs./Quintal,Local
Perambalur(Uzhavar Sandhai ),0.6,Metric Tonnes,Other,2800.0,3000.0,2900.0,Rs./Quintal,Local
Perampet(Uzhavar Sandhai),0.03,Metric Tonnes,Red Nanital,3600.0,3600.0,3600.0,Rs./Quintal,Local
Peravurani(Uzhavar Sandhai),0.08,Metric Tonnes,Red Nanital,3000.0,3000.0,3000.0,Rs./Quintal,Local
Periyakulam(Uzhavar Sandhai ),0.26,Metric Tonnes,Other,2800.0,2800.0,2800.0,Rs./Quintal,Local
Perundurai(Uzhavar Sandhai ),0.07,Metric Tonnes,Other,3000.0,3500.0,3250.0,Rs./Quintal,Local
Pollachi(Uzhavar Sandhai ),0.21,Metric Tonnes,Red Nanital,4000.0,6500.0,5250.0,Rs./Quintal,Local
Polur(Uzhavar Sandhai ),0.25,Metric Tonnes,Red Nanital,3300.0,4000.0,3650.0,Rs./Quintal,Local
Pudukottai(Uzhavar Sandhai ),0.81,Metric Tonnes,Other,6000.0,7000.0,6500.0,Rs./Quintal,Local
RSPuram(Uzhavar Sandhai ),3.26,Metric Tonnes,Other,4000.0,5000.0,4500.0,Rs./Quintal,Local
Rajapalayam(Uzhavar Sandhai ),0.25,Metric Tonnes,Red Nanital,2500.0,3000.0,2750.0,Rs./Quintal,Local
Ramanathapuram(Uzhavar Sandhai ),0.1,Metric Tonnes,Red Nanital,5200.0,5500.0,5350.0,Rs./Quintal,Local
Ranipettai(Uzhavar Sandhai ),0.1,Metric Tonnes,Other,3000.0,3000.0,3000.0,Rs./Quintal,Local
Rasipuram(Uzhavar Sandhai ),0.62,Metric Tonnes,Other,3000.0,3500.0,3250.0,Rs./Quintal,Local
Sampath Nagar(Uzhavar Sandhai ),0.15,Metric Tonnes,Other,4500.0,5000.0,4750.0,Rs./Quintal,Local
Sankarapuram(Uzhavar Sandhai ),0.16,Metric Tonnes,Red Nanital,3500.0,3500.0,3500.0,Rs./Quintal,Local
Sathiyamagalam(Uzhavar Sandhai ),0.24,Metric Tonnes,Other,3400.0,3800.0,3600.0,Rs./Quintal,Local
Sathur(Uzhavar Sandhai ),0.02,Metric Tonnes,Red Nanital,3500.0,4000.0,3750.0,Rs./Quintal,Local
Singampunari(Uzhavar Sandhai ),0.08,Metric Tonnes,Other,5200.0,5600.0,5400.0,Rs./Quintal,Local
Singanallur(Uzhavar Sandhai ),1.25,Metric Tonnes,Other,5000.0,5500.0,5250.0,Rs./Quintal,Local
Sirkali(Uzhavar Sandhai ),0.38,Metric Tonnes,Red Nanital,3600.0,4000.0,3800.0,Rs./Quintal,Local
Sivagangai (Uzhavar Sandhai ),0.34,Metric Tonnes,Red Nanital,5200.0,5600.0,5400.0,Rs./Quintal,Local
Sivakasi(Uzhavar Sandhai ),0.03,Metric Tonnes,Red Nanital,4500.0,5000.0,4750.0,Rs./Quintal,Local
Sooramangalam(Uzhavar Sandhai ),0.34,Metric Tonnes,Other,5500.0,6000.0,5750.0,Rs./Quintal,Local
Srivilliputhur(Uzhavar Sandhai ),0.14,Metric Tonnes,Red Nanital,2500.0,3000.0,2750.0,Rs./Quintal,Local
Sulur(Uzhavar Sandhai ),0.27,Metric Tonnes,Other,5000.0,5500.0,5250.0,Rs./Quintal,Local
Sundarapuram(Uzhavar Sandhai ),0.29,Metric Tonnes,Other,5000.0,5500.0,5250.0,Rs./Quintal,Local
Sunguvarchatram(Uzhavar Sandhai ),0.25,Metric Tonnes,Other,2800.0,2800.0,2800.0,Rs./Quintal,Local
Thalavadi(Uzhavar Sandhai ),0.1,Metric Tonnes,Red Nanital,3400.0,3800.0,3600.0,Rs./Quintal,Local
Thalavaipuram(Uzhavar Sandhai ),0.04,Metric Tonnes,Red Nanital,2500.0,3000.0,2750.0,Rs./Quintal,Local
Thammampatti (Uzhavar Sandhai ),0.34,Metric Tonnes,Other,2800.0,3000.0,2900.0,Rs./Quintal,Local
Thanjavur(Uzhavar Sandhai ),0.56,Metric Tonnes,Other,4000.0,4000.0,4000.0,Rs./Quintal,Local
Thathakapatti(Uzhavar Sandhai ),0.54,Metric Tonnes,Red Nanital,2800.0,6000.0,4400.0,Rs./Quintal,Local
Theni(Uzhavar Sandhai ),1.3,Metric Tonnes,Other,2800.0,2800.0,2800.0,Rs./Quintal,Local
Thirupathur APMC,0.3,Metric Tonnes,Red Nanital,3000.0,3000.0,3000.0,Rs./Quintal,Local
Thiruverumbur(Uzhavar Sandhai ),0.65,Metric Tonnes,Other,3000.0,3000.0,3000.0,Rs./Quintal,Local
Thuraiyur APMC,0.45,Metric Tonnes,Other,2200.0,2800.0,2500.0,Rs./Quintal,Local
Tindivanam APMC,0.1,Metric Tonnes,Red Nanital,3800.0,3800.0,3800.0,Rs./Quintal,Local
Tiruchengode APMC,0.38,Metric Tonnes,Other,2600.0,3000.0,2800.0,Rs./Quintal,Local
Tirukattupalli(Uzhavar Sandhai ),0.23,Metric Tonnes,Red Nanital,3000.0,4000.0,3500.0,Rs./Quintal,Local
Tirupatthur(Uzhavar Sandhai ),0.22,Metric Tonnes,Red Nanital,3200.0,3500.0,3350.0,Rs./Quintal,Local
Tiruppur (North) (Uzhavar Sandhai ),0.09,Metric Tonnes,Other,5000.0,6000.0,5500.0,Rs./Quintal,Local
Tiruppur (South) (Uzhavar Sandhai ),0.48,Metric Tonnes,Other,4000.0,5000.0,4500.0,Rs./Quintal,Local
Tiruthani(Uzhavar Sandhai ),0.05,Metric Tonnes,Red Nanital,4000.0,4000.0,4000.0,Rs./Quintal,Local
Tiruvannamalai(Uzhavar Sandhai ),0.97,Metric Tonnes,Red Nanital,3500.0,4000.0,3750.0,Rs./Quintal,Local
Tuticorin(Uzhavar Sandhai ),0.55,Metric Tonnes,Other,3000.0,3500.0,3250.0,Rs./Quintal,Local
Udhagamandalam(Uzhavar Sandhai ),2.18,Metric Tonnes,Other,4500.0,5000.0,4750.0,Rs./Quintal,Local
Udumalpet APMC,0.18,Metric Tonnes,Red Nanital,3000.0,4000.0,3500.0,Rs./Quintal,Local
Ulundurpettai APMC,0.26,Metric Tonnes,Red Nanital,4000.0,4000.0,4000.0,Rs./Quintal,Local
Vadalur(Uzhavar Sandhai ),0.16,Metric Tonnes,Other,4000.0,4000.0,4000.0,Rs./Quintal,Local
Vadaseri APMC,0.22,Metric Tonnes,Red Nanital,3000.0,3500.0,3250.0,Rs./Quintal,Local
Vadavalli(Uzhavar Sandhai ),0.84,Metric Tonnes,Other,4000.0,5000.0,4500.0,Rs./Quintal,Local
Vandavasi(Uzhavar Sandhai ),0.02,Metric Tonnes,Other,3500.0,4200.0,3850.0,Rs./Quintal,Local
Vaniyampadi(Uzhavar Sandhai ),0.7,Metric Tonnes,Red Nanital,3000.0,3000.0,3000.0,Rs./Quintal,Local
Vazhapadi(Uzhavar Sandhai),0.02,Metric Tonnes,Red Nanital,3000.0,3000.0,3000.0,Rs./Quintal,Local
Vedaranyam(Uzhavar Sandhai),0.09,Metric Tonnes,Red Nanital,3500.0,3800.0,3650.0,Rs./Quintal,Local
Vellore APMC,0.75,Metric Tonnes,Red Nanital,2200.0,2800.0,2500.0,Rs./Quintal,Local
Villupuram(Uzhavar Sandhai ),0.11,Metric Tonnes,Red Nanital,3500.0,3500.0,3500.0,Rs./Quintal,Local
Virudhunagar(Uzhavar Sandhai ),0.07,Metric Tonnes,Red Nanital,2700.0,2800.0,2750.0,Rs./Quintal,Local
Viruthachalam(Uzhavar Sandhai ),0.08,Metric Tonnes,Red Nanital,4000.0,4500.0,4250.0,Rs./Quintal,Local
Total,56.43,Metric Tonnes,,,,3769.71,Rs./Quintal,
State/UT Name : Telangana
APMC PATANCHERU,61.5,Metric Tonnes,Potato,1000.0,1300.0,1200.0,Rs./Quintal,Local
"Alwal,RBZ",1.4000000000000001,Metric Tonnes,Other,1700.0,1700.0,1700.0,Rs./Quintal,FAQ
Bowenpally APMC,564.6,Metric Tonnes,Potato,800.0,1400.0,1200.0,Rs./Quintal,FAQ
"Excise Colony,RBZ ",0.24,Metric Tonnes,Other,3000.0,3000.0,3000.0,Rs./Quintal,Grade A
Gudimalkapur APMC,149.8,Metric Tonnes,Potato,800.0,1600.0,1300.0,Rs./Quintal,Grade B
"Kukatpally,RBZ",16.2,Metric Tonnes,Other,1700.0,1700.0,1700.0,Rs./Quintal,Local
L B Nagar APMC,31.700000000000003,Metric Tonnes,Potato,1000.0,1500.0,1200.0,Rs./Quintal,Medium
Mahabubnagar(Rythu Bazar),2.45,Metric Tonnes,Red Nanital,2400.0,2400.0,2400.0,Rs./Quintal,Local
Mahboob Manison APMC,15.8,Metric Tonnes,Potato,2000.0,2000.0,2000.0,Rs./Quintal,Medium
Miryalguda(Rythu Bazar) ,1.4,Metric Tonnes,Potato,3000.0,3000.0,3000.0,Rs./Quintal,Grade A
RYTHU BAZAR ERRAGADDA,10.9,Metric Tonnes,Potato,1700.0,1700.0,1700.0,Rs./Quintal,Grade A
RYTHU BAZAR MEHDIPATNAM,5.0,Metric Tonnes,Potato,1700.0,1700.0,1700.0,Rs./Quintal,Grade A
Sangareddy APMC,0.4,Metric Tonnes,Other,1800.0,1800.0,1800.0,Rs./Quintal,Grade B
"Saroornagar,RBZ",2.7,Metric Tonnes,Other,1700.0,1700.0,1700.0,Rs./Quintal,Medium
Shankarapally APMC,11.0,Metric Tonnes,Potato,1800.0,1900.0,1850.0,Rs./Quintal,Local
Siddipet(Rythu Bazar) ,3.5,Metric Tonnes,Red Nanital,1500.0,2400.0,2000.0,Rs./Quintal,Grade A
"Vanasthalipuram,RBZ ",3.5,Metric Tonnes,Potato,1700.0,1700.0,1700.0,Rs./Quintal,Grade A
Venkateswarnagar APMC,0.4,Metric Tonnes,Local,1600.0,2000.0,1800.0,Rs./Quintal,Grade A
Warangal APMC,2.4000000000000004,Metric Tonnes,Potato,1500.0,2000.0,1750.0,Rs./Quintal,FAQ
Total,884.89,Metric Tonnes,,,,1273.58,Rs./Quintal,
State/UT Name : Tripura
Bachaibari APMC,1.4000000000000001,Metric Tonnes,Other,1300.0,1400.0,1350.0,Rs./Quintal,Medium
Bishalgarh APMC,3.0,Metric Tonnes,Other,1300.0,1500.0,1400.0,Rs./Quintal,Medium
Champaknagar APMC,0.3,Metric Tonnes,F.A.Q.,1800.0,2000.0,1900.0,Rs./Quintal,FAQ
Chowmanu APMC,2.8000000000000003,Metric Tonnes,Jyoti,1800.0,2000.0,1900.0,Rs./Quintal,Local
Dasda APMC,0.30000000000000004,Metric Tonnes,Other,1400.0,1500.0,1450.0,Rs./Quintal,FAQ
Garjee APMC,1.9,Metric Tonnes,Jalander,1200.0,1300.0,1250.0,Rs./Quintal,FAQ
Gondatwisa APMC,0.6000000000000001,Metric Tonnes,F.A.Q.,2000.0,2200.0,2100.0,Rs./Quintal,FAQ
Halahali,0.38,Metric Tonnes,Red Nanital,1800.0,2000.0,1900.0,Rs./Quintal,FAQ
Jampuijala APMC,0.1,Metric Tonnes,Jalander,3800.0,4000.0,3900.0,Rs./Quintal,Medium
Kadamtala,4.2,Metric Tonnes,Jalander,1200.0,1300.0,1250.0,Rs./Quintal,Medium
Kalyanpur APMC,2.0,Metric Tonnes,Jalander,2000.0,2200.0,2100.0,Rs./Quintal,FAQ
Kanchanpur,0.6000000000000001,Metric Tonnes,Potato,1200.0,1400.0,1300.0,Rs./Quintal,FAQ
Manubazar,0.8,Metric Tonnes,Jyoti,1800.0,2000.0,1900.0,Rs./Quintal,Grade A
Masli,0.2,Metric Tonnes,Desi,1800.0,2000.0,1900.0,Rs./Quintal,Local
Panisagar APMC,3.9000000000000004,Metric Tonnes,Jalander,1200.0,1300.0,1250.0,Rs./Quintal,Medium
Santir Bazar APMC,0.8,Metric Tonnes,Jyoti,1800.0,2000.0,1900.0,Rs./Quintal,Local
Total,23.28,Metric Tonnes,,,,1532.95,Rs./Quintal,
State/UT Name : Uttar Pradesh
Achalda APMC,35.0,Metric Tonnes,Other,500.0,500.0,500.0,Rs./Quintal,FAQ
Agra APMC,1352.9,Metric Tonnes,Other,500.0,1100.0,570.03,Rs./Quintal,FAQ
Aligarh APMC,46.5,Metric Tonnes,Other,500.0,500.0,500.0,Rs./Quintal,FAQ
Anwala APMC,12.0,Metric Tonnes,Other,600.0,600.0,600.0,Rs./Quintal,FAQ
Atrauli APMC,18.0,Metric Tonnes,Other,700.0,700.0,700.0,Rs./Quintal,FAQ
Auraiya APMC,54.5,Metric Tonnes,Other,500.0,800.0,562.57,Rs./Quintal,FAQ
Awagarh APMC,7.0,Metric Tonnes,Other,500.0,500.0,500.0,Rs./Quintal,FAQ
Ayodhya APMC,12.0,Metric Tonnes,Other,1000.0,1000.0,1000.0,Rs./Quintal,FAQ
Babrala APMC,120.0,Metric Tonnes,Desi,580.0,600.0,590.0,Rs./Quintal,Medium
Babrala APMC,22.0,Metric Tonnes,Other,600.0,600.0,600.0,Rs./Quintal,FAQ
Badayoun APMC,201.8,Metric Tonnes,Other,550.0,550.0,550.0,Rs./Quintal,FAQ
Bahraich APMC,24.0,Metric Tonnes,Other,1000.0,1000.0,1000.0,Rs./Quintal,FAQ
Barabanki APMC,3204.3,Metric Tonnes,Other,600.0,745.0,603.53,Rs./Quintal,FAQ
Baraut APMC,9.0,Metric Tonnes,Other,1000.0,1000.0,1000.0,Rs./Quintal,FAQ
Bareilly APMC,122.0,Metric Tonnes,Other,500.0,500.0,500.0,Rs./Quintal,FAQ
Bewar APMC,110.0,Metric Tonnes,Other,500.0,500.0,500.0,Rs./Quintal,FAQ
Bharthna APMC,198.0,Metric Tonnes,Other,500.0,500.0,500.0,Rs./Quintal,FAQ
Bhehjoi APMC,62.0,Metric Tonnes,Other,600.0,600.0,600.0,Rs./Quintal,FAQ
Bilsi APMC,184.25,Metric Tonnes,Other,550.0,600.0,555.77,Rs./Quintal,FAQ
Bindki APMC,55.5,Metric Tonnes,Other,800.0,810.0,804.23,Rs./Quintal,FAQ
Bisoli APMC,503.9,Metric Tonnes,Other,600.0,600.0,600.0,Rs./Quintal,FAQ
Buland Shahr APMC,15.9,Metric Tonnes,Other,800.0,800.0,800.0,Rs./Quintal,FAQ
Chandausi APMC,73.0,Metric Tonnes,Other,600.0,635.0,602.12,Rs./Quintal,FAQ
Charra APMC,4.0,Metric Tonnes,Other,600.0,600.0,600.0,Rs./Quintal,FAQ
Chhibramau APMC,1588.7,Metric Tonnes,Other,550.0,600.0,551.89,Rs./Quintal,FAQ
Choubepur APMC,375.5,Metric Tonnes,Other,550.0,550.0,550.0,Rs./Quintal,FAQ
Dhanaura APMC,43.325,Metric Tonnes,Other,800.0,800.0,800.0,Rs./Quintal,FAQ
Divai APMC,47.5,Metric Tonnes,Other,500.0,500.0,500.0,Rs./Quintal,FAQ
Etah APMC,26.0,Metric Tonnes,Other,600.0,600.0,600.0,Rs./Quintal,FAQ
Etawah APMC,578.7,Metric Tonnes,Other,500.0,800.0,521.77,Rs./Quintal,FAQ
Farukhabad APMC,1069.7,Metric Tonnes,Other,550.0,850.0,559.28,Rs./Quintal,FAQ
Fatehabad APMC,173.0,Metric Tonnes,Other,500.0,500.0,500.0,Rs./Quintal,FAQ
Fatehpur APMC,27.75,Metric Tonnes,Other,700.0,800.0,727.48,Rs./Quintal,FAQ
Firozabad APMC,278.0,Metric Tonnes,Other,500.0,500.0,500.0,Rs./Quintal,FAQ
Ghiraur APMC,12396.5,Metric Tonnes,Other,350.0,500.0,351.41,Rs./Quintal,FAQ
Golagokarnath APMC,5.5,Metric Tonnes,Other,700.0,720.0,707.27,Rs./Quintal,FAQ
Haathras APMC,967.83,Metric Tonnes,Other,500.0,1100.0,558.64,Rs./Quintal,FAQ
Hapur APMC,2.7,Metric Tonnes,Other,450.0,450.0,450.0,Rs./Quintal,FAQ
Hardoi APMC,58.5,Metric Tonnes,Other,600.0,600.0,600.0,Rs./Quintal,FAQ
Islam Nagar APMC,1772.0,Metric Tonnes,Other,500.0,550.0,500.25,Rs./Quintal,FAQ
Jagnair APMC,31.78,Metric Tonnes,Other,800.0,800.0,800.0,Rs./Quintal,FAQ
Jahangirabad APMC,0.6,Metric Tonnes,Other,720.0,720.0,720.0,Rs./Quintal,FAQ
Jarar APMC,18.0,Metric Tonnes,Other,500.0,500.0,500.0,Rs./Quintal,FAQ
Jasvantnagar APMC,288.0,Metric Tonnes,Other,500.0,500.0,500.0,Rs./Quintal,FAQ
Jhijhank APMC,28.8,Metric Tonnes,Other,500.0,500.0,500.0,Rs./Quintal,FAQ
Kairana APMC,7.0,Metric Tonnes,Other,600.0,800.0,685.71,Rs./Quintal,FAQ
Kamlaganj APMC,121.5,Metric Tonnes,Other,550.0,550.0,550.0,Rs./Quintal,FAQ
Kannauj APMC,2284.7,Metric Tonnes,Other,550.0,1100.0,560.62,Rs./Quintal,FAQ
Kanpur(Grain) APMC,461.5,Metric Tonnes,Other,550.0,550.0,550.0,Rs./Quintal,FAQ
Kasganj APMC,229.5,Metric Tonnes,Other,600.0,600.0,600.0,Rs./Quintal,FAQ
Kayamganj APMC,83.0,Metric Tonnes,Other,550.0,550.0,550.0,Rs./Quintal,FAQ
Khair APMC,213.7,Metric Tonnes,Other,500.0,500.0,500.0,Rs./Quintal,FAQ
Khairagarh APMC,60.0,Metric Tonnes,Desi,500.0,600.0,550.0,Rs./Quintal,FAQ
Khairagarh APMC,30.0,Metric Tonnes,Other,500.0,500.0,500.0,Rs./Quintal,FAQ
Khandhla APMC,11.5,Metric Tonnes,Other,850.0,850.0,850.0,Rs./Quintal,FAQ
Khatauli APMC,16.6,Metric Tonnes,Other,800.0,1100.0,1032.53,Rs./Quintal,FAQ
Khurja APMC,11.0,Metric Tonnes,Other,700.0,700.0,700.0,Rs./Quintal,FAQ
Kiratpur APMC,1.8,Metric Tonnes,Other,800.0,800.0,800.0,Rs./Quintal,FAQ
Kosikalan APMC,7.0,Metric Tonnes,Other,600.0,800.0,714.29,Rs./Quintal,FAQ
Lakhimpur APMC,37.046,Metric Tonnes,Other,1500.0,1520.0,1505.15,Rs./Quintal,FAQ
Lalganj APMC,41.84,Metric Tonnes,Other,650.0,1100.0,970.94,Rs./Quintal,FAQ
Lucknow APMC,135.0,Metric Tonnes,Other,700.0,700.0,700.0,Rs./Quintal,FAQ
Madhoganj APMC,386.1,Metric Tonnes,Other,600.0,600.0,600.0,Rs./Quintal,FAQ
Mainpuri APMC,379.0,Metric Tonnes,Other,500.0,500.0,500.0,Rs./Quintal,FAQ
Mathura APMC,48.7,Metric Tonnes,Other,500.0,800.0,552.77,Rs./Quintal,FAQ
Meerut APMC,25.0,Metric Tonnes,Other,700.0,700.0,700.0,Rs./Quintal,FAQ
Mehmoodabad APMC,333.5,Metric Tonnes,Other,600.0,625.0,603.76,Rs./Quintal,FAQ
Mohamadabad APMC,113.0,Metric Tonnes,Other,550.0,550.0,550.0,Rs./Quintal,FAQ
Muradabad APMC,59.005,Metric Tonnes,Other,700.0,1100.0,822.63,Rs./Quintal,FAQ
Noida APMC,33.1,Metric Tonnes,Other,1000.0,1000.0,1000.0,Rs./Quintal,FAQ
Powayan APMC,141.87,Metric Tonnes,Other,600.0,1100.0,926.6,Rs./Quintal,FAQ
Pratapgarh APMC,76.0,Metric Tonnes,Other,600.0,600.0,600.0,Rs./Quintal,FAQ
Prayagraj APMC,304.0,Metric Tonnes,Other,700.0,700.0,700.0,Rs./Quintal,FAQ
Pukharayan APMC,12.0,Metric Tonnes,Other,750.0,750.0,750.0,Rs./Quintal,FAQ
Raibareilly APMC,30.0,Metric Tonnes,Other,700.0,700.0,700.0,Rs./Quintal,FAQ
Rampur APMC,71.0,Metric Tonnes,Other,500.0,500.0,500.0,Rs./Quintal,FAQ
Rampurmaniharan APMC,2.0,Metric Tonnes,Other,1200.0,1200.0,1200.0,Rs./Quintal,FAQ
Rura APMC,97.0,Metric Tonnes,Other,650.0,650.0,650.0,Rs./Quintal,FAQ
Safdarganj APMC,292.5,Metric Tonnes,Other,580.0,580.0,580.0,Rs./Quintal,FAQ
Saharanpur APMC,43.8,Metric Tonnes,Other,600.0,750.0,676.94,Rs./Quintal,FAQ
Salon APMC,151.0,Metric Tonnes,Other,600.0,600.0,600.0,Rs./Quintal,FAQ
Sambhal APMC,556.51,Metric Tonnes,Other,600.0,600.0,600.0,Rs./Quintal,FAQ
Samsabad APMC,184.5,Metric Tonnes,Other,500.0,500.0,500.0,Rs./Quintal,FAQ
Sandi APMC,79.0,Metric Tonnes,Other,600.0,600.0,600.0,Rs./Quintal,FAQ
Shadabad APMC,4135.4,Metric Tonnes,Other,360.0,500.0,398.44,Rs./Quintal,FAQ
Shahabad(New Mandi) APMC,158.0,Metric Tonnes,Other,550.0,550.0,550.0,Rs./Quintal,FAQ
Shamli APMC,11.4,Metric Tonnes,Other,1000.0,1200.0,1075.44,Rs./Quintal,FAQ
Shikohabad APMC,501.0,Metric Tonnes,Other,500.0,500.0,500.0,Rs./Quintal,FAQ
Sidhauli APMC,24.0,Metric Tonnes,Other,400.0,400.0,400.0,Rs./Quintal,FAQ
Sikanderabad APMC,34.5,Metric Tonnes,Other,700.0,900.0,773.91,Rs./Quintal,FAQ
Sikandraraau APMC,33.0,Metric Tonnes,Other,500.0,500.0,500.0,Rs./Quintal,FAQ
Sirsa APMC,6.0,Metric Tonnes,Other,700.0,800.0,750.0,Rs./Quintal,FAQ
Sirsaganj APMC,1475.0,Metric Tonnes,Other,500.0,600.0,502.2,Rs./Quintal,FAQ
Sitapur APMC,85.5,Metric Tonnes,Other,500.0,600.0,537.43,Rs./Quintal,FAQ
Siyana APMC,168.47,Metric Tonnes,Other,900.0,900.0,900.0,Rs./Quintal,FAQ
Tundla APMC,1445.1,Metric Tonnes,Other,500.0,500.0,500.0,Rs./Quintal,FAQ
Ujhani APMC,233.25,Metric Tonnes,Other,550.0,700.0,588.59,Rs./Quintal,FAQ
Uttaripura APMC,1466.5,Metric Tonnes,Other,550.0,550.0,550.0,Rs./Quintal,FAQ
Varanasi APMC,2.25,Metric Tonnes,Other,800.0,800.0,800.0,Rs./Quintal,FAQ
Viswan APMC,70.0,Metric Tonnes,Other,550.0,550.0,550.0,Rs./Quintal,FAQ
Wazirganj APMC,111.5,Metric Tonnes,Other,600.0,600.0,600.0,Rs./Quintal,FAQ
Total,43358.08,Metric Tonnes,,,,487.99,Rs./Quintal,
State/UT Name : Uttarakhand
Bhagwanpur(Naveen Mandi Sthal) APMC,14.0,Metric Tonnes,Other,400.0,600.0,500.0,Rs./Quintal,Grade B
Chamoli APMC,0.2,Metric Tonnes,Other,2000.0,2000.0,2000.0,Rs./Quintal,FAQ
Dehradoon APMC,24.0,Metric Tonnes,Local,450.0,700.0,600.0,Rs./Quintal,FAQ
Haridwar Union APMC,32.0,Metric Tonnes,Potato,650.0,950.0,750.0,Rs./Quintal,FAQ
Kashipur APMC,12.5,Metric Tonnes,Other,720.0,750.0,735.0,Rs./Quintal,Local
Kicchha APMC,5.0,Metric Tonnes,Desi,300.0,400.0,350.0,Rs./Quintal,Non-FAQ
Kotadwara APMC,4.7,Metric Tonnes,Potato,1000.0,1000.0,1000.0,Rs./Quintal,FAQ
Manglaur APMC,1.6,Metric Tonnes,Other,600.0,700.0,650.0,Rs./Quintal,Large
Rishikesh APMC,10.5,Metric Tonnes,Other,735.0,940.0,830.0,Rs./Quintal,Medium
Roorkee APMC,2.5,Metric Tonnes,Other,800.0,1200.0,1000.0,Rs./Quintal,Medium
Sitarganj APMC,11.0,Metric Tonnes,Kufri Giriraj,800.0,1200.0,1000.0,Rs./Quintal,Grade B
Total,118.0,Metric Tonnes,,,,717.73,Rs./Quintal,
State/UT Name : West Bengal
Alipurduar APMC,12.0,Metric Tonnes,Jyoti,590.0,640.0,620.0,Rs./Quintal,FAQ
Asansol APMC,54.0,Metric Tonnes,Jyoti,740.0,820.0,780.0,Rs./Quintal,FAQ
Balarampur APMC,12.0,Metric Tonnes,Other,700.0,800.0,760.0,Rs./Quintal,FAQ
Bankura Sadar APMC,24.5,Metric Tonnes,Jyoti,640.0,680.0,660.0,Rs./Quintal,FAQ
Baxirhat APMC,20.0,Metric Tonnes,Jyoti,560.0,580.0,570.0,Rs./Quintal,FAQ
Bethuadahari APMC,8.5,Metric Tonnes,Desi,790.0,810.0,800.0,Rs./Quintal,Grade A
Bishnupur(Bankura) APMC,6.6000000000000005,Metric Tonnes,Jyoti,680.0,760.0,720.0,Rs./Quintal,FAQ
Burdwan APMC,22.0,Metric Tonnes,Jyoti,760.0,800.0,780.0,Rs./Quintal,FAQ
Chakdah APMC,10.3,Metric Tonnes,Jyoti,750.0,800.0,770.0,Rs./Quintal,FAQ
Champadanga APMC,13.6,Metric Tonnes,Jyoti,740.0,760.0,740.0,Rs./Quintal,FAQ
Coochbehar APMC,14.0,Metric Tonnes,Jyoti,640.0,660.0,650.0,Rs./Quintal,FAQ
Darjeeling APMC,1.8,Metric Tonnes,Red,1400.0,1600.0,1500.0,Rs./Quintal,FAQ
Dhupguri APMC,25.0,Metric Tonnes,Jyoti,590.0,610.0,600.0,Rs./Quintal,FAQ
Dinhata APMC,21.0,Metric Tonnes,Jyoti,560.0,580.0,570.0,Rs./Quintal,FAQ
Durgapur APMC,55.0,Metric Tonnes,Jyoti,740.0,820.0,780.0,Rs./Quintal,FAQ
Falakata APMC,15.0,Metric Tonnes,Jyoti,590.0,640.0,620.0,Rs./Quintal,FAQ
Gangarampur(Dakshin Dinajpur) APMC,10.0,Metric Tonnes,Local,580.0,600.0,590.0,Rs./Quintal,FAQ
Ghatal APMC,3.6,Metric Tonnes,Jyoti,800.0,850.0,830.0,Rs./Quintal,FAQ
Guskara APMC,17.5,Metric Tonnes,Jyoti,740.0,750.0,740.0,Rs./Quintal,FAQ
Habra APMC,35.0,Metric Tonnes,Jyoti,960.0,1000.0,960.0,Rs./Quintal,FAQ
Haldibari APMC,22.0,Metric Tonnes,Jyoti,560.0,580.0,570.0,Rs./Quintal,FAQ
Indus(Bankura Sadar) APMC,5.25,Metric Tonnes,Jyoti,630.0,670.0,650.0,Rs./Quintal,FAQ
Islampur APMC,18.0,Metric Tonnes,Other,550.0,600.0,580.0,Rs./Quintal,FAQ
Jalpaiguri Sadar APMC,0.6,Metric Tonnes,Jyoti,600.0,615.0,610.0,Rs./Quintal,FAQ
Jangipur APMC,42.25,Metric Tonnes,Jyoti,1350.0,1450.0,1400.0,Rs./Quintal,FAQ
Jhargram APMC,6.0,Metric Tonnes,Jyoti,700.0,800.0,750.0,Rs./Quintal,FAQ
Kalipur APMC,7.0,Metric Tonnes,Jyoti,700.0,720.0,700.0,Rs./Quintal,FAQ
Kalna APMC,18.5,Metric Tonnes,Jyoti,740.0,750.0,740.0,Rs./Quintal,FAQ
Kandi APMC,10.0,Metric Tonnes,Jyoti,660.0,780.0,700.0,Rs./Quintal,FAQ
Karimpur APMC,11.0,Metric Tonnes,Jyoti,790.0,810.0,800.0,Rs./Quintal,Grade A
Karsiyang(Matigara) APMC,1.8,Metric Tonnes,Red,1400.0,1600.0,1500.0,Rs./Quintal,FAQ
Khatra APMC,6.4,Metric Tonnes,Jyoti,680.0,760.0,720.0,Rs./Quintal,FAQ
Kolaghat APMC,10.0,Metric Tonnes,Jyoti,760.0,800.0,780.0,Rs./Quintal,FAQ
Mathabhanga APMC,22.0,Metric Tonnes,Jyoti,560.0,580.0,570.0,Rs./Quintal,FAQ
Medinipur(West) APMC,38.0,Metric Tonnes,Jyoti,640.0,660.0,650.0,Rs./Quintal,FAQ
Mekhliganj APMC,24.0,Metric Tonnes,Jyoti,560.0,580.0,570.0,Rs./Quintal,FAQ
Memari APMC,22.0,Metric Tonnes,Jyoti,760.0,800.0,780.0,Rs./Quintal,FAQ
Pandua APMC,7.75,Metric Tonnes,Jyoti,660.0,740.0,700.0,Rs./Quintal,FAQ
Pundibari APMC,7.5,Metric Tonnes,Jyoti,640.0,660.0,650.0,Rs./Quintal,FAQ
Purulia APMC,22.0,Metric Tonnes,Jyoti,700.0,800.0,760.0,Rs./Quintal,FAQ
Ranaghat APMC,10.0,Metric Tonnes,Jyoti,760.0,800.0,790.0,Rs./Quintal,FAQ
Sheoraphuly APMC,27.0,Metric Tonnes,Jyoti,660.0,710.0,690.0,Rs./Quintal,FAQ
Siliguri APMC,220.0,Metric Tonnes,Jyoti,600.0,640.0,620.0,Rs./Quintal,FAQ
Tamluk (Medinipur E) APMC,20.0,Metric Tonnes,Jyoti,760.0,800.0,780.0,Rs./Quintal,FAQ
Toofanganj APMC,22.0,Metric Tonnes,Jyoti,560.0,580.0,570.0,Rs./Quintal,FAQ
Total,982.45,Metric Tonnes,,,,718.04,Rs./Quintal,
Grand Total,57399.54,Metric Tonnes,,,,685.71,Rs./Quintal,
Tomato
State/UT Name : Andhra Pradesh
B.Kothakota H/Q Angallu,50.0,Metric Tonnes,Local,1300.0,2000.0,1700.0,Rs./Quintal,FAQ
Guramkonda Sub-yard of AMC Valmikipuram,116.38,Metric Tonnes,Hybrid,1400.0,1800.0,1600.0,Rs./Quintal,FAQ
Kalikiri APMC,9.8,Metric Tonnes,Hybrid,1500.0,1800.0,1700.0,Rs./Quintal,FAQ
Kuppam APMC,1.0,Metric Tonnes,Tomato,900.0,1212.0,1212.0,Rs./Quintal,Grade C
Madanapalli APMC,43.0,Metric Tonnes,Local,1700.0,2200.0,2000.0,Rs./Quintal,FAQ
Mulakalacheruvu APMC,647.0,Metric Tonnes,Local,1100.0,1800.0,1600.0,Rs./Quintal,FAQ
Palamaner APMC,5.5,Metric Tonnes,Tomato,1200.0,1800.0,1500.0,Rs./Quintal,FAQ
Pattikonda APMC,424.0,Metric Tonnes,Local,800.0,1600.0,1300.0,Rs./Quintal,FAQ
Punganur APMC,29.8,Metric Tonnes,Hybrid,1400.0,2340.0,1870.0,Rs./Quintal,FAQ
Somala APMC,1.0,Metric Tonnes,Tomato,1000.0,1600.0,1300.0,Rs./Quintal,FAQ
V. Kota Sub-yard of AMC Palamaneru,5.0,Metric Tonnes,Other,1100.0,1700.0,1400.0,Rs./Quintal,FAQ
Valmikipuram APMC,116.38,Metric Tonnes,Hybrid,1400.0,1800.0,1600.0,Rs./Quintal,FAQ
Total,1448.86,Metric Tonnes,,,,1532.21,Rs./Quintal,
State/UT Name : Assam
Ambagan APMC,7.0,Metric Tonnes,Tomato,3100.0,3350.0,3200.0,Rs./Quintal,FAQ
Balugaon APMC,2.5,Metric Tonnes,Tomato,2300.0,2700.0,2500.0,Rs./Quintal,Local
Besimari APMC,2.8000000000000003,Metric Tonnes,Tomato,2400.0,2800.0,2600.0,Rs./Quintal,Local
Dhing APMC,14.0,Metric Tonnes,Tomato,3100.0,3300.0,3200.0,Rs./Quintal,FAQ
Haibargaon APMC,8.0,Metric Tonnes,Tomato,3000.0,3200.0,3100.0,Rs./Quintal,FAQ
Pamohi(Garchuk) APMC,35.0,Metric Tonnes,Local,3000.0,4000.0,3500.0,Rs./Quintal,FAQ
Uparhali Pmy APMC,0.8,Metric Tonnes,Tomato,3000.0,3500.0,3250.0,Rs./Quintal,FAQ
Total,70.1,Metric Tonnes,,,,3290.01,Rs./Quintal,
State/UT Name : Bihar
Buxur APMC,2.0,Metric Tonnes,Deshi,2800.0,2808.0,2806.0,Rs./Quintal,Local
Jamui APMC,0.6,Metric Tonnes,Deshi,3300.0,3300.0,3300.0,Rs./Quintal,Grade A
Madhubani APMC,3.3,Metric Tonnes,Tomato,3800.0,4000.0,3900.0,Rs./Quintal,FAQ
Maharjganj APMC,3.0,Metric Tonnes,Deshi,2600.0,2600.0,2600.0,Rs./Quintal,FAQ
Total,8.9,Metric Tonnes,,,,3175.51,Rs./Quintal,
State/UT Name : Chandigarh
Chandigarh (Grain/F&V) APMC,62.650000000000006,Metric Tonnes,Tomato,800.0,3600.0,3000.0,Rs./Quintal,FAQ
Total,62.65,Metric Tonnes,,,,3000.0,Rs./Quintal,
State/UT Name : Chattisgarh
Rajnandgaon APMC,132.5,Metric Tonnes,Deshi,1700.0,2200.0,2000.0,Rs./Quintal,Grade B
Tiphra APMC,300.0,Metric Tonnes,Local,1100.0,1300.0,1200.0,Rs./Quintal,Grade B
Total,432.5,Metric Tonnes,,,,1445.09,Rs./Quintal,
State/UT Name : Gujarat
Ahmedabad APMC,338.90000000000003,Metric Tonnes,Other,1500.0,3250.0,2700.0,Rs./Quintal,FAQ
"Anand(Veg,Yard,Anand) APMC",15.200000000000001,Metric Tonnes,Tomato,2000.0,3000.0,2500.0,Rs./Quintal,Grade B
Bharuch APMC,10.2,Metric Tonnes,Other,1000.0,1500.0,1200.0,Rs./Quintal,Local
Bilimora APMC,5.4,Metric Tonnes,Other,2000.0,2500.0,2200.0,Rs./Quintal,FAQ
Dahod(Veg. Market) APMC,20.0,Metric Tonnes,Tomato,1000.0,2500.0,2000.0,Rs./Quintal,Local
Damnagar APMC,0.055,Metric Tonnes,Local,4000.0,4000.0,4000.0,Rs./Quintal,Local
Deesa(Deesa Veg Yard) APMC,55.2,Metric Tonnes,Other,1500.0,2000.0,1750.0,Rs./Quintal,FAQ
Himatnagar(Veg.Market Himatnagar) APMC,2.4000000000000004,Metric Tonnes,Tomato,2000.0,2500.0,2280.0,Rs./Quintal,Local
Kapadvanj APMC,4.0,Metric Tonnes,Tomato,2000.0,2200.0,2100.0,Rs./Quintal,Medium
Khambhat(Veg Yard Khambhat) APMC,0.5,Metric Tonnes,Other,2000.0,3000.0,2500.0,Rs./Quintal,Local
Navsari APMC,14.66,Metric Tonnes,Tomato,1000.0,3000.0,2000.0,Rs./Quintal,Grade A
Padra APMC,6.4,Metric Tonnes,Other,1200.0,1750.0,1500.0,Rs./Quintal,FAQ
Surat APMC,340.0,Metric Tonnes,Other,800.0,3000.0,1900.0,Rs./Quintal,FAQ
Vadhvan APMC,4.0,Metric Tonnes,Hybrid,2000.0,2500.0,2250.0,Rs./Quintal,Medium
Vankaner(Sub yard) APMC,1.6,Metric Tonnes,Tomato,1500.0,2000.0,1750.0,Rs./Quintal,FAQ
Total,818.51,Metric Tonnes,,,,2230.64,Rs./Quintal,
State/UT Name : Haryana
Bahadurgarh APMC,6.800000000000001,Metric Tonnes,Other,1600.0,2500.0,2000.0,Rs./Quintal,FAQ
Ballabhgarh APMC,6.1000000000000005,Metric Tonnes,Tomato,1800.0,2700.0,2000.0,Rs./Quintal,FAQ
Barwala APMC,2.5,Metric Tonnes,Local,2000.0,2000.0,2000.0,Rs./Quintal,FAQ
Barwala(Hisar) APMC,4.5,Metric Tonnes,Tomato,3000.0,3500.0,3250.0,Rs./Quintal,Local
Chhachrauli APMC,0.15,Metric Tonnes,Tomato,3000.0,4000.0,3000.0,Rs./Quintal,Local
Dhand APMC,0.4,Metric Tonnes,Other,3000.0,3500.0,3300.0,Rs./Quintal,Medium
Farukh Nagar APMC,4.6000000000000005,Metric Tonnes,Other,1900.0,2600.0,2300.0,Rs./Quintal,Medium
FerozpurZirkha(Nagina) APMC,1.6,Metric Tonnes,Other,2400.0,2800.0,2600.0,Rs./Quintal,Local
Ganaur APMC,2.0,Metric Tonnes,Tomato,3000.0,4000.0,3500.0,Rs./Quintal,FAQ
Gharaunda APMC,1.7,Metric Tonnes,Other,2800.0,3200.0,3200.0,Rs./Quintal,Local
Gohana APMC,4.2,Metric Tonnes,Other,2500.0,4000.0,3000.0,Rs./Quintal,Medium
Gurgaon APMC,98.0,Metric Tonnes,Other,1000.0,1400.0,1200.0,Rs./Quintal,Grade B
Hansi APMC,24.1,Metric Tonnes,Other,2500.0,3000.0,2750.0,Rs./Quintal,FAQ
Hodal APMC,1.5,Metric Tonnes,Hybrid,3000.0,4000.0,3500.0,Rs./Quintal,FAQ
Indri APMC,0.6000000000000001,Metric Tonnes,Tomato,2400.0,2400.0,2400.0,Rs./Quintal,FAQ
Jagadhri APMC,1.9000000000000001,Metric Tonnes,Tomato,2500.0,3500.0,3000.0,Rs./Quintal,FAQ
Kharkhoda APMC,1.9000000000000001,Metric Tonnes,Local,2800.0,3800.0,3300.0,Rs./Quintal,FAQ
Kosli APMC,0.1,Metric Tonnes,Other,2500.0,2500.0,2500.0,Rs./Quintal,FAQ
Ladwa APMC,2.0,Metric Tonnes,Other,4000.0,5000.0,4600.0,Rs./Quintal,Non-FAQ
Loharu APMC,1.0,Metric Tonnes,Other,2000.0,2000.0,2000.0,Rs./Quintal,FAQ
Madlauda APMC,0.5,Metric Tonnes,Tomato,1500.0,1600.0,1550.0,Rs./Quintal,FAQ
Meham,0.4,Metric Tonnes,Tomato,2500.0,3000.0,2800.0,Rs./Quintal,Medium
Mohindergarh APMC,6.9,Metric Tonnes,Tomato,2000.0,2500.0,2200.0,Rs./Quintal,Medium
Naraingarh APMC,3.66,Metric Tonnes,Tomato,1500.0,2800.0,2400.0,Rs./Quintal,Medium
Narnaul APMC,4.5,Metric Tonnes,Tomato,2000.0,3500.0,3000.0,Rs./Quintal,Medium
Narwana APMC,3.6,Metric Tonnes,Tomato,1500.0,2000.0,1750.0,Rs./Quintal,Non-FAQ
"New Grain Market , Faridabad APMC",42.6,Metric Tonnes,Tomato,2000.0,3000.0,2500.0,Rs./Quintal,Non-FAQ
Panipat APMC,35.5,Metric Tonnes,Other,800.0,2800.0,1800.0,Rs./Quintal,Local
Radaur APMC,0.5,Metric Tonnes,Other,3500.0,4500.0,4000.0,Rs./Quintal,Medium
Raipur Rani APMC,0.13999999999999999,Metric Tonnes,Tomato,2000.0,2200.0,2000.0,Rs./Quintal,Local
Ratia APMC,13.0,Metric Tonnes,Other,2000.0,2500.0,2200.0,Rs./Quintal,Grade A
Rewari APMC,19.400000000000002,Metric Tonnes,Other,700.0,2500.0,1500.0,Rs./Quintal,Medium
Sadhaura APMC,2.3000000000000003,Metric Tonnes,Tomato,1700.0,1800.0,1750.0,Rs./Quintal,Local
Sampla APMC,1.2000000000000002,Metric Tonnes,Other,3000.0,3500.0,3500.0,Rs./Quintal,Local
Shahzadpur APMC,0.506,Metric Tonnes,Tomato,2000.0,3000.0,3000.0,Rs./Quintal,FAQ
Sirsa APMC,4.2,Metric Tonnes,Other,2000.0,3600.0,3400.0,Rs./Quintal,FAQ
Siwan APMC,0.8,Metric Tonnes,Other,2900.0,3100.0,3000.0,Rs./Quintal,FAQ
Sonepat APMC,10.4,Metric Tonnes,Local,2100.0,3000.0,2500.0,Rs./Quintal,FAQ
Tarori APMC,0.8,Metric Tonnes,Other,3000.0,4000.0,3500.0,Rs./Quintal,Non-FAQ
Tauru APMC,0.7000000000000001,Metric Tonnes,Hybrid,3500.0,3500.0,3500.0,Rs./Quintal,FAQ
Thanesar APMC,13.200000000000001,Metric Tonnes,Tomato,2500.0,4000.0,3050.0,Rs./Quintal,Local
Tohana(New Veg Market) APMC,3.0,Metric Tonnes,Tomato,3000.0,3100.0,3000.0,Rs./Quintal,FAQ
Uklana APMC,0.2,Metric Tonnes,Tomato,2500.0,2800.0,2800.0,Rs./Quintal,Medium
Total,333.66,Metric Tonnes,,,,2051.49,Rs./Quintal,
State/UT Name : Himachal Pradesh
PMY Bilaspur,0.5,Metric Tonnes,Local,3500.0,4000.0,3800.0,Rs./Quintal,Grade B
PMY Chamba,2.8000000000000003,Metric Tonnes,Tomato,3500.0,4000.0,3750.0,Rs./Quintal,Medium
PMY Hamirpur,1.3,Metric Tonnes,Tomato,4000.0,4500.0,4200.0,Rs./Quintal,Grade B
PMY Kangra,2.7,Metric Tonnes,Tomato,3500.0,4000.0,3700.0,Rs./Quintal,FAQ
PMY Kather Solan,53.64,Metric Tonnes,Other,400.0,3300.0,2500.0,Rs./Quintal,Medium
PMY Kullu,2.0,Metric Tonnes,Other,2400.0,2700.0,2600.0,Rs./Quintal,FAQ
PMY Una,4.260000000000001,Metric Tonnes,Tomato,3000.0,4000.0,3500.0,Rs./Quintal,Local
SMY Baijnath,0.6,Metric Tonnes,Local,2400.0,3000.0,2800.0,Rs./Quintal,Grade B
SMY Dharampur,2.0,Metric Tonnes,Other,1000.0,3200.0,2500.0,Rs./Quintal,Local
SMY Jaisinghpur,0.30000000000000004,Metric Tonnes,Tomato,3800.0,4500.0,4200.0,Rs./Quintal,FAQ
SMY Jwalaji,0.020000000000000004,Metric Tonnes,Other,3500.0,4000.0,3750.0,Rs./Quintal,FAQ
SMY Nadaun,1.2000000000000002,Metric Tonnes,Other,3800.0,4000.0,3900.0,Rs./Quintal,Grade B
SMY Nagrota Bagwan,1.0,Metric Tonnes,Tomato,3400.0,3800.0,3600.0,Rs./Quintal,FAQ
SMY Nalagarh,0.33,Metric Tonnes,Other,3000.0,3500.0,3300.0,Rs./Quintal,Medium
SMY Palampur,2.6,Metric Tonnes,Tomato,3500.0,4200.0,3800.0,Rs./Quintal,FAQ
SMY Rohroo,0.30000000000000004,Metric Tonnes,Deshi,3000.0,3500.0,3250.0,Rs./Quintal,Grade B
SMY Santoshgarh,0.8,Metric Tonnes,Tomato,3600.0,4000.0,3800.0,Rs./Quintal,FAQ
SMY Wakhnaghat,2.372,Metric Tonnes,Deshi,300.0,1800.0,1800.0,Rs./Quintal,Medium
Total,78.72,Metric Tonnes,,,,2764.27,Rs./Quintal,
State/UT Name : Jammu and Kashmir
Kathua (F&V),220.0,Metric Tonnes,Hybrid,1500.0,2500.0,2000.0,Rs./Quintal,FAQ
Rajouri (Phaliana) (F&V),2.0,Metric Tonnes,Tomato,4000.0,4000.0,4000.0,Rs./Quintal,Grade B
Total,222.0,Metric Tonnes,,,,2018.02,Rs./Quintal,
State/UT Name : Karnataka
Bagepalli APMC,131.70000000000002,Metric Tonnes,Tomato,350.0,1800.0,1400.0,Rs./Quintal,Small
Bangarpet APMC,2.5,Metric Tonnes,Tomato,400.0,1300.0,700.0,Rs./Quintal,Local
Binny Mill (FF&V) Bengaluru APMC,43.5,Metric Tonnes,Tomato,1600.0,1800.0,1700.0,Rs./Quintal,Local
Chamarajanagar APMC,3.0,Metric Tonnes,Tomato,600.0,1400.0,1000.0,Rs./Quintal,Local
Channapatna APMC,3.6,Metric Tonnes,Tomato,750.0,1750.0,1250.0,Rs./Quintal,Local
Chickkaballapura APMC,48.1,Metric Tonnes,Tomato,360.0,1786.0,1072.0,Rs./Quintal,Local
Chikkamagaluru APMC,95.4,Metric Tonnes,Tomato,400.0,2600.0,1500.0,Rs./Quintal,Local
Chintamani APMC,402.70000000000005,Metric Tonnes,Tomato,300.0,1666.0,1000.0,Rs./Quintal,Local
Davangere APMC,3.0,Metric Tonnes,Tomato,100.0,700.0,400.0,Rs./Quintal,Local
Doddaballapur APMC,4.0,Metric Tonnes,Tomato,1000.0,1500.0,1200.0,Rs./Quintal,Local
Gauribidanur APMC,1.4000000000000001,Metric Tonnes,Tomato,600.0,1400.0,1200.0,Rs./Quintal,Local
Gundlupet APMC,10.100000000000001,Metric Tonnes,Tomato,1500.0,1600.0,1500.0,Rs./Quintal,Local
Haveri APMC,5.2,Metric Tonnes,Hybrid,500.0,1500.0,800.0,Rs./Quintal,Medium
Hospet APMC,10.9,Metric Tonnes,Tomato,600.0,800.0,800.0,Rs./Quintal,Local
Hunsur APMC,1.0,Metric Tonnes,Tomato,1500.0,1500.0,1500.0,Rs./Quintal,Local
Kadur APMC,15.9,Metric Tonnes,Tomato,1000.0,1189.0,1110.0,Rs./Quintal,Medium
Kalaburagi APMC,8.0,Metric Tonnes,Tomato,300.0,1250.0,775.0,Rs./Quintal,Local
Kanakapura APMC,0.8,Metric Tonnes,Hybrid,1200.0,1800.0,1600.0,Rs./Quintal,Medium
Kolar APMC,1805.0,Metric Tonnes,Tomato,330.0,2000.0,1060.0,Rs./Quintal,Local
Mulbagal APMC,187.5,Metric Tonnes,Tomato,333.0,1866.0,666.0,Rs./Quintal,Local
Nanjangud APMC,3.5,Metric Tonnes,Tomato,3030.0,4666.0,3333.0,Rs./Quintal,Local
Ramanagara APMC,8.0,Metric Tonnes,Tomato,1200.0,1800.0,1600.0,Rs./Quintal,Local
Ranebennur APMC,0.6000000000000001,Metric Tonnes,Tomato,200.0,900.0,600.0,Rs./Quintal,Medium
Tumakuru APMC,24.5,Metric Tonnes,Tomato,650.0,1100.0,800.0,Rs./Quintal,Local
Total,2819.9,Metric Tonnes,,,,1067.37,Rs./Quintal,
State/UT Name : Keralam
Adimali Market,0.05,Metric Tonnes,Other,4000.0,6000.0,5000.0,Rs./Quintal,Medium
Anchal Market,0.43,Metric Tonnes,Tomato,4500.0,4500.0,4500.0,Rs./Quintal,Local
Aralamoodu Market,3.0,Metric Tonnes,Tomato,4500.0,5000.0,5000.0,Rs./Quintal,FAQ
Athirampuzha Market,0.5,Metric Tonnes,Tomato,3200.0,3400.0,3300.0,Rs./Quintal,FAQ
Attingal Market,850.0,Metric Tonnes,Other,3800.0,4200.0,4000.0,Rs./Quintal,Local
Balarampuram Market,0.4,Metric Tonnes,Deshi,4000.0,4000.0,4000.0,Rs./Quintal,FAQ
Chalakudy Market,0.04,Metric Tonnes,Tomato,3000.0,3500.0,3500.0,Rs./Quintal,FAQ
Chathanoor Market,0.4,Metric Tonnes,Other,4300.0,4700.0,4500.0,Rs./Quintal,FAQ
Chavakkad Market,0.15,Metric Tonnes,Tomato,2500.0,3000.0,3000.0,Rs./Quintal,FAQ
Chelakkara Market,0.2,Metric Tonnes,Tomato,3500.0,4000.0,3800.0,Rs./Quintal,FAQ
Chengannur Market,0.6,Metric Tonnes,Tomato,3200.0,3500.0,3300.0,Rs./Quintal,FAQ
Kallachi Market,0.1,Metric Tonnes,Tomato,2200.0,2600.0,2400.0,Rs./Quintal,FAQ
Kanjangadu Market,1.0,Metric Tonnes,Other,1600.0,2000.0,1800.0,Rs./Quintal,FAQ
Kanjirappally Market,0.5,Metric Tonnes,Tomato,3500.0,4000.0,3800.0,Rs./Quintal,FAQ
Kayamkulam Market,1.0,Metric Tonnes,Other,2100.0,2300.0,2200.0,Rs./Quintal,FAQ
Koduvayoor Market,0.8,Metric Tonnes,Tomato,3000.0,3400.0,3200.0,Rs./Quintal,Medium
Kottakkal Market,8.0,Metric Tonnes,Other,2400.0,2600.0,2500.0,Rs./Quintal,Local
Kuruppanthura Market,1.0,Metric Tonnes,Other,4200.0,4600.0,4500.0,Rs./Quintal,FAQ
Kuthuparambu Market,0.2,Metric Tonnes,Tomato,2600.0,3000.0,2800.0,Rs./Quintal,FAQ
Madhavapuram Market,0.7,Metric Tonnes,Other,3400.0,3800.0,3600.0,Rs./Quintal,FAQ
Manjeri Market,8.0,Metric Tonnes,Other,1750.0,1850.0,1800.0,Rs./Quintal,Local
Mukkom Market,0.6,Metric Tonnes,Tomato,1900.0,2300.0,2100.0,Rs./Quintal,FAQ
Neyyatinkara Market,0.02,Metric Tonnes,Tomato,3400.0,4000.0,3600.0,Rs./Quintal,FAQ
North Paravur Market,1.0,Metric Tonnes,Deshi,2500.0,3000.0,2800.0,Rs./Quintal,FAQ
Pala Market,1.0,Metric Tonnes,Other,4500.0,5400.0,5000.0,Rs./Quintal,FAQ
Palakkad Market,3.0,Metric Tonnes,Tomato,2000.0,3000.0,2600.0,Rs./Quintal,FAQ
Parappanangadi Market,7.3,Metric Tonnes,Other,2140.0,2190.0,2190.0,Rs./Quintal,FAQ
Parassala Market,0.4,Metric Tonnes,Tomato,2800.0,3200.0,3000.0,Rs./Quintal,Local
Perambra Market,2.0,Metric Tonnes,Tomato,2700.0,3000.0,2800.0,Rs./Quintal,FAQ
Perinthalmanna Market,4.0,Metric Tonnes,Tomato,2000.0,2700.0,2500.0,Rs./Quintal,Large
Perumbavoor Market,6.0,Metric Tonnes,Tomato,5000.0,6000.0,5500.0,Rs./Quintal,Medium
Pothencode Market,650.0,Metric Tonnes,Tomato,5000.0,5200.0,5000.0,Rs./Quintal,Local
Punalur Market,0.001,Metric Tonnes,Other,4200.0,4700.0,4500.0,Rs./Quintal,Medium
Quilandy Market,0.5,Metric Tonnes,Other,2500.0,2600.0,2500.0,Rs./Quintal,FAQ
Sasthamkotta Market,0.4,Metric Tonnes,Tomato,3000.0,3000.0,3000.0,Rs./Quintal,Local
Taliparamba Market,0.04,Metric Tonnes,Tomato,1900.0,2100.0,2000.0,Rs./Quintal,FAQ
Thalasserry Market,0.2,Metric Tonnes,Other,2000.0,2800.0,2400.0,Rs./Quintal,FAQ
Thalayolaparambu Market,0.5,Metric Tonnes,Tomato,2800.0,3200.0,3000.0,Rs./Quintal,FAQ
Thamarassery Market,0.7,Metric Tonnes,Other,2300.0,2500.0,2300.0,Rs./Quintal,FAQ
Thodupuzha Market,0.2,Metric Tonnes,Other,3800.0,4000.0,4000.0,Rs./Quintal,Grade Range-1
Thrippunithura Market,1.0,Metric Tonnes,Tomato,4000.0,4500.0,4200.0,Rs./Quintal,Medium
Vadakkenchery Market,0.24,Metric Tonnes,Tomato,3500.0,4000.0,4000.0,Rs./Quintal,FAQ
Total,1556.17,Metric Tonnes,,,,4383.23,Rs./Quintal,
State/UT Name : Madhya Pradesh
Badwaha (F&V) APMC,0.4,Metric Tonnes,Deshi,850.0,1500.0,1050.0,Rs./Quintal,Grade A
Badwani(F&V) APMC,0.65,Metric Tonnes,Tomato,1200.0,1200.0,1200.0,Rs./Quintal,Local
Bareli(F&V) APMC,1.42,Metric Tonnes,Deshi,2200.0,2200.0,2200.0,Rs./Quintal,Grade A
Betul(F&V) APMC,6.3,Metric Tonnes,Local,600.0,1300.0,900.0,Rs./Quintal,FAQ
Bhopal(F&V) APMC,65.0,Metric Tonnes,Other,800.0,2500.0,1800.0,Rs./Quintal,Local
Chhatarpur (F&V) APMC,5.0,Metric Tonnes,Other,1800.0,1800.0,1800.0,Rs./Quintal,Grade C
Chhindwara(F&V) APMC,5.800000000000001,Metric Tonnes,Deshi,700.0,1000.0,800.0,Rs./Quintal,Local
Deori (F&V) APMC,1.0,Metric Tonnes,Tomato,1520.0,1520.0,1520.0,Rs./Quintal,Grade B
Dewas(F&V) APMC,1.4000000000000001,Metric Tonnes,Other,600.0,2400.0,800.0,Rs./Quintal,FAQ
Dhamnod(F&V) APMC,2.3,Metric Tonnes,Tomato,600.0,1000.0,800.0,Rs./Quintal,Local
Gadarwada (F&V) APMC,3.1,Metric Tonnes,Tomato,1400.0,1400.0,1400.0,Rs./Quintal,Grade B
Haatpipliya (F&V) APMC,0.11100000000000002,Metric Tonnes,Tomato,1100.0,2500.0,1800.0,Rs./Quintal,Local
Harda(F&V) APMC,1.6,Metric Tonnes,Deshi,1000.0,1800.0,1500.0,Rs./Quintal,Medium
Indore(F&V) APMC,56.400000000000006,Metric Tonnes,Tomato,800.0,2000.0,1600.0,Rs./Quintal,Local
Itarsi(F&V) APMC,3.75,Metric Tonnes,Tomato,1700.0,1700.0,1700.0,Rs./Quintal,FAQ
Jabalpur(F&V) APMC,40.0,Metric Tonnes,Tomato,1000.0,1900.0,1200.0,Rs./Quintal,Medium
Kailaras APMC,1.59,Metric Tonnes,Other,1200.0,1600.0,1600.0,Rs./Quintal,FAQ
Karera(F&V) APMC,0.08,Metric Tonnes,Tomato,1900.0,2700.0,2300.0,Rs./Quintal,Local
Khurai(F&V) APMC,2.8000000000000003,Metric Tonnes,Tomato,1900.0,2300.0,2100.0,Rs./Quintal,Local
Maihar(F&V) APMC,7.5,Metric Tonnes,Tomato,1000.0,1000.0,1000.0,Rs./Quintal,Local
Manawar(F&V) APMC,0.6000000000000001,Metric Tonnes,Tomato,1400.0,1800.0,1550.0,Rs./Quintal,Grade B
Mandsaur(F&V) APMC,3.0,Metric Tonnes,Other,1125.0,2800.0,2100.0,Rs./Quintal,Grade A
Narmadapuram (F&V) APMC,6.8,Metric Tonnes,Tomato,750.0,2000.0,1512.0,Rs./Quintal,FAQ
Pipariya(F&V) APMC,3.5,Metric Tonnes,Tomato,1250.0,2500.0,1800.0,Rs./Quintal,Local
Ratlam(F&V) APMC,2.0,Metric Tonnes,Other,1000.0,1800.0,1600.0,Rs./Quintal,FAQ
Rehli(F&V) APMC,0.2,Metric Tonnes,Tomato,1300.0,1500.0,1400.0,Rs./Quintal,Grade C
Rewa(F&V) APMC,10.0,Metric Tonnes,Hybrid,800.0,800.0,800.0,Rs./Quintal,Non-FAQ
Sagar(F&V) APMC,1.8,Metric Tonnes,Local,1500.0,2000.0,1800.0,Rs./Quintal,Local
Sehore(F&V) APMC,0.8,Metric Tonnes,Tomato,1200.0,2000.0,1600.0,Rs./Quintal,Grade Range-1
Seoni(F&V) APMC,5.75,Metric Tonnes,Deshi,940.0,940.0,940.0,Rs./Quintal,Grade C
Sheopurkalan (F&V) APMC,0.6000000000000001,Metric Tonnes,Tomato,2000.0,2600.0,2300.0,Rs./Quintal,Medium
Ujjain(F&V) APMC,1.02,Metric Tonnes,Deshi,585.0,2025.0,1319.0,Rs./Quintal,Medium
Total,242.27,Metric Tonnes,,,,1488.91,Rs./Quintal,
State/UT Name : Maharashtra
APMC Ahilyanagar ,29.5,Metric Tonnes,Other,200.0,1200.0,700.0,Rs./Quintal,Local
APMC Akluj ,3.6,Metric Tonnes,Local,800.0,1300.0,1000.0,Rs./Quintal,Local
APMC Bhusaval ,5.4,Metric Tonnes,Other,1000.0,1500.0,1200.0,Rs./Quintal,Local
APMC Chattrapati Sambhajinagar ,12.5,Metric Tonnes,Other,300.0,700.0,500.0,Rs./Quintal,Local
APMC Dharashiv ,2.8,Metric Tonnes,Other,500.0,1250.0,875.0,Rs./Quintal,Local
APMC Ghoti ,3.0,Metric Tonnes,Other,1900.0,1900.0,1900.0,Rs./Quintal,Local
APMC Hingna,7.6,Metric Tonnes,Local,1000.0,2750.0,1958.0,Rs./Quintal,Local
APMC Kalmeshwar ,0.8,Metric Tonnes,Other,1060.0,1500.0,1340.0,Rs./Quintal,Local
APMC Kamthi ,6.5,Metric Tonnes,Local,2000.0,2500.0,2350.0,Rs./Quintal,Local
APMC Kolhapur ,14.3,Metric Tonnes,Other,500.0,1200.0,900.0,Rs./Quintal,Local
APMC Mangal Wedha ,3.7,Metric Tonnes,Local,200.0,1300.0,1100.0,Rs./Quintal,Local
APMC Mumbai ,189.3,Metric Tonnes,Other,1800.0,2200.0,2000.0,Rs./Quintal,Local
APMC Nagpur ,130.0,Metric Tonnes,Other,2000.0,3000.0,2750.0,Rs./Quintal,Local
APMC Nagpur ,90.0,Metric Tonnes,Local,1000.0,1500.0,1375.0,Rs./Quintal,Local
APMC Navapur ,43.0,Metric Tonnes,Other,750.0,2000.0,1191.0,Rs./Quintal,Local
APMC Pandharpur ,3.3,Metric Tonnes,Other,500.0,1500.0,1000.0,Rs./Quintal,Local
APMC Panvel ,66.0,Metric Tonnes,Other,2500.0,3000.0,2750.0,Rs./Quintal,Local
APMC Patan ,0.7,Metric Tonnes,Other,1250.0,1450.0,1350.0,Rs./Quintal,Local
APMC Phaltan ,4.5,Metric Tonnes,Other,500.0,1500.0,900.0,Rs./Quintal,Local
APMC Pimpalgaon Baswant ,3254.0,Metric Tonnes,Other,250.0,2775.0,2255.0,Rs./Quintal,Local
APMC Ramtek ,1.1,Metric Tonnes,Other,1000.0,2000.0,1500.0,Rs./Quintal,Local
APMC Satara ,8.7,Metric Tonnes,Other,1000.0,1500.0,1250.0,Rs./Quintal,Local
APMC Solapur ,40.0,Metric Tonnes,Other,200.0,1700.0,1200.0,Rs./Quintal,Local
APMC Vita ,3.0,Metric Tonnes,Other,1000.0,1500.0,1300.0,Rs./Quintal,Local
Amrawati(Frui & Veg. Market) ,17.9,Metric Tonnes,Local,1000.0,2000.0,1500.0,Rs./Quintal,Local
Junnar(Narayangaon) ,602.0,Metric Tonnes,Local,1000.0,2000.0,1500.0,Rs./Quintal,Local
Khed(Chakan) ,33.5,Metric Tonnes,Other,800.0,1600.0,1200.0,Rs./Quintal,Local
Pune(Khadiki) ,1.7,Metric Tonnes,Local,800.0,1400.0,1100.0,Rs./Quintal,Local
Pune(Manjri) ,57.1,Metric Tonnes,Other,1000.0,2500.0,1500.0,Rs./Quintal,Local
Pune(Moshi) ,56.8,Metric Tonnes,Local,1000.0,1500.0,1250.0,Rs./Quintal,Local
Pune(Pimpri) ,0.8,Metric Tonnes,Local,1500.0,1700.0,1600.0,Rs./Quintal,Local
Total,4693.1,Metric Tonnes,,,,2072.45,Rs./Quintal,
State/UT Name : Meghalaya
Tura APMC,0.36,Metric Tonnes,Local,6000.0,6500.0,6200.0,Rs./Quintal,Medium
Total,0.36,Metric Tonnes,,,,6200.0,Rs./Quintal,
State/UT Name : NCT of Delhi
APMC Azadpur,665.2,Metric Tonnes,Tomato,1000.0,3400.0,2449.0,Rs./Quintal,FAQ
APMC Keshopur,314.5,Metric Tonnes,Tomato,1600.0,3000.0,2800.0,Rs./Quintal,FAQ
"Fruit&Vegetable Market,Gazipur APMC",357.38,Metric Tonnes,Tomato,1800.0,2200.0,2000.0,Rs./Quintal,FAQ
Total,1337.08,Metric Tonnes,,,,2411.55,Rs./Quintal,
State/UT Name : Odisha
Angaura APMC,1.0,Metric Tonnes,Other,3200.0,3800.0,3500.0,Rs./Quintal,Local
Angul(Atthamallick) APMC,1.5,Metric Tonnes,Tomato,4500.0,5500.0,5000.0,Rs./Quintal,Grade B
Attabira APMC,1.2400000000000002,Metric Tonnes,Other,1650.0,1950.0,1800.0,Rs./Quintal,Local
Balugaon APMC,0.9,Metric Tonnes,Deshi,4200.0,4200.0,4200.0,Rs./Quintal,Grade A
Banki APMC,0.1,Metric Tonnes,Tomato,3000.0,4000.0,3500.0,Rs./Quintal,FAQ
Bargarh(Barapalli) APMC,183.0,Metric Tonnes,Tomato,2000.0,3000.0,2500.0,Rs./Quintal,Grade C
Baripada APMC,2.0,Metric Tonnes,Tomato,3500.0,4000.0,3800.0,Rs./Quintal,Medium
Betnoti APMC,2.2,Metric Tonnes,Tomato,3300.0,3700.0,3500.0,Rs./Quintal,FAQ
Bhanjanagar APMC,1.5750000000000002,Metric Tonnes,Tomato,2500.0,2700.0,2600.0,Rs./Quintal,Medium
Bhawanipatna APMC,1.75,Metric Tonnes,Tomato,3400.0,3400.0,3400.0,Rs./Quintal,Large
Birmaharajpur APMC,2.0,Metric Tonnes,Local,2500.0,2650.0,2600.0,Rs./Quintal,Local
Bolangir APMC,3.5,Metric Tonnes,Other,2000.0,2400.0,2200.0,Rs./Quintal,Medium
Bonai APMC,1.0,Metric Tonnes,Other,1750.0,1920.0,1860.0,Rs./Quintal,FAQ
Boudh APMC,1.0,Metric Tonnes,Other,3500.0,4500.0,4000.0,Rs./Quintal,Local
Champua APMC,1.4,Metric Tonnes,Other,3000.0,3000.0,3000.0,Rs./Quintal,Local
Chandabali APMC,7.0,Metric Tonnes,Other,3240.0,3800.0,3500.0,Rs./Quintal,Grade Range-2
Deogarh APMC,10.0,Metric Tonnes,Other,2900.0,3300.0,3100.0,Rs./Quintal,FAQ
Dhenkanal APMC,0.2,Metric Tonnes,Tomato,3200.0,3700.0,3500.0,Rs./Quintal,Grade B
Dungurapalli APMC,0.32000000000000006,Metric Tonnes,Hybrid,2500.0,2680.0,2560.0,Rs./Quintal,Local
Gunpur APMC,5.0,Metric Tonnes,Local,1650.0,2150.0,1730.0,Rs./Quintal,Grade A
Hindol APMC,0.8,Metric Tonnes,Tomato,3500.0,4000.0,3800.0,Rs./Quintal,Grade B
Jatni APMC,0.9,Metric Tonnes,Other,2000.0,2100.0,2000.0,Rs./Quintal,Grade B
Jharsuguda APMC,0.8,Metric Tonnes,Other,3000.0,4000.0,3500.0,Rs./Quintal,Grade A
Junagarh APMC,2.2,Metric Tonnes,Other,2700.0,3300.0,3000.0,Rs./Quintal,Grade B
Kalahandi(Dharamagarh) APMC,2.0,Metric Tonnes,Other,2600.0,3200.0,2900.0,Rs./Quintal,Grade B
Kamakhyanagar APMC,0.4,Metric Tonnes,Tomato,4000.0,4000.0,4000.0,Rs./Quintal,Grade A
Kantabaji APMC,2.975,Metric Tonnes,Other,2500.0,3500.0,3000.0,Rs./Quintal,Grade B
Karanjia APMC,0.15000000000000002,Metric Tonnes,Local,3000.0,3500.0,3200.0,Rs./Quintal,Local
Kasinagar APMC,6.1000000000000005,Metric Tonnes,Local,1300.0,1500.0,1400.0,Rs./Quintal,Grade Range-1
Keonjhar APMC,0.4,Metric Tonnes,Other,5000.0,5200.0,5000.0,Rs./Quintal,Non-FAQ
Keonjhar(Dhekikote) APMC,0.7,Metric Tonnes,Other,3800.0,4200.0,4000.0,Rs./Quintal,Non-FAQ
Kesinga APMC,0.8500000000000001,Metric Tonnes,Other,2500.0,3200.0,3000.0,Rs./Quintal,Grade B
Khariar Road APMC,1.2,Metric Tonnes,Tomato,3500.0,3500.0,3500.0,Rs./Quintal,Grade A
Mukhiguda APMC,3.3000000000000003,Metric Tonnes,Tomato,2400.0,3400.0,2900.0,Rs./Quintal,Grade B
Nabarangpur(Umerkote) APMC,3.0,Metric Tonnes,Tomato,2600.0,2600.0,2600.0,Rs./Quintal,Grade B
Nilagiri APMC,5.0,Metric Tonnes,Other,3750.0,3800.0,3800.0,Rs./Quintal,Local
Padampur APMC,3.3000000000000003,Metric Tonnes,Tomato,2300.0,2800.0,2500.0,Rs./Quintal,Local
Pandkital APMC,0.30000000000000004,Metric Tonnes,Other,2350.0,2560.0,2400.0,Rs./Quintal,Local
Panposh APMC,1.0,Metric Tonnes,Hybrid,3500.0,4200.0,4000.0,Rs./Quintal,FAQ
Rairakhol APMC,0.9,Metric Tonnes,Hybrid,3000.0,3800.0,3200.0,Rs./Quintal,Grade B
Rayagada APMC,9.0,Metric Tonnes,Other,2900.0,3000.0,3000.0,Rs./Quintal,Local
Sarankul APMC,1.0,Metric Tonnes,Other,2400.0,2600.0,2500.0,Rs./Quintal,Grade Range-2
Saraskana APMC,1.5,Metric Tonnes,Tomato,3500.0,4000.0,3800.0,Rs./Quintal,Medium
Sargipali APMC,0.5,Metric Tonnes,Other,2300.0,2800.0,2500.0,Rs./Quintal,FAQ
Sohela APMC,3.0,Metric Tonnes,Tomato,2300.0,2900.0,2600.0,Rs./Quintal,Local
Tusura APMC,2.5,Metric Tonnes,Other,2000.0,2400.0,2200.0,Rs./Quintal,Medium
Udala APMC,8.0,Metric Tonnes,Other,2000.0,2400.0,2200.0,Rs./Quintal,FAQ
Total,288.46,Metric Tonnes,,,,2633.09,Rs./Quintal,
State/UT Name : Punjab
Adampur APMC,2.9000000000000004,Metric Tonnes,Tomato,2000.0,3500.0,3500.0,Rs./Quintal,FAQ
Ahmedgarh APMC,0.2,Metric Tonnes,Local,3200.0,3500.0,3500.0,Rs./Quintal,Medium
Balachaur APMC,2.06,Metric Tonnes,Other,2000.0,2500.0,2300.0,Rs./Quintal,Medium
Banur APMC,0.2,Metric Tonnes,Other,1700.0,1700.0,1700.0,Rs./Quintal,Grade B
Bassi Pathana APMC,1.5,Metric Tonnes,Tomato,2000.0,2200.0,2100.0,Rs./Quintal,Medium
Bathinda APMC,70.0,Metric Tonnes,Other,2000.0,2500.0,2200.0,Rs./Quintal,Grade B
Bhawanigarh APMC,0.2,Metric Tonnes,Other,2500.0,2700.0,2600.0,Rs./Quintal,Medium
Budalada APMC,0.8,Metric Tonnes,Tomato,2200.0,2200.0,2200.0,Rs./Quintal,Medium
Dera Bassi APMC,0.2,Metric Tonnes,Other,2500.0,2500.0,2500.0,Rs./Quintal,Local
Dinanagar APMC,2.15,Metric Tonnes,Tomato,2000.0,2500.0,2300.0,Rs./Quintal,Medium
Doraha APMC,0.875,Metric Tonnes,Deshi,2000.0,3500.0,3000.0,Rs./Quintal,Local
Dudhansadhan APMC,0.3,Metric Tonnes,Other,2500.0,2500.0,2500.0,Rs./Quintal,Grade B
Faridkot APMC,1.906,Metric Tonnes,Other,3000.0,3000.0,3000.0,Rs./Quintal,Grade A
Garh Shankar(Mahalpur) APMC,1.2,Metric Tonnes,Tomato,2300.0,2300.0,2300.0,Rs./Quintal,FAQ
Ghanaur APMC,0.2,Metric Tonnes,Other,1800.0,2000.0,1900.0,Rs./Quintal,FAQ
Gurdaspur APMC,2.6,Metric Tonnes,Other,2200.0,2200.0,2200.0,Rs./Quintal,Grade A
Khamano APMC,0.1,Metric Tonnes,Tomato,2000.0,2000.0,2000.0,Rs./Quintal,FAQ
Khanna APMC,19.0,Metric Tonnes,Tomato,1500.0,1500.0,1500.0,Rs./Quintal,Grade A
Kharar APMC,4.1000000000000005,Metric Tonnes,Tomato,2000.0,4000.0,3000.0,Rs./Quintal,Non-FAQ
Kurali APMC,1.6,Metric Tonnes,Other,2800.0,3000.0,2900.0,Rs./Quintal,Medium
Lalru APMC,1.5,Metric Tonnes,Deshi,2700.0,2700.0,2700.0,Rs./Quintal,Local
Ludhiana APMC,61.1,Metric Tonnes,Other,800.0,2300.0,1700.0,Rs./Quintal,FAQ
Machhiwara APMC,0.7230000000000001,Metric Tonnes,Local,3000.0,4000.0,3500.0,Rs./Quintal,FAQ
Mansa APMC,0.6,Metric Tonnes,Tomato,4000.0,4000.0,4000.0,Rs./Quintal,FAQ
Maur APMC,0.4,Metric Tonnes,Other,2300.0,2800.0,2500.0,Rs./Quintal,Grade B
Moga APMC,0.8,Metric Tonnes,Other,2000.0,3000.0,2500.0,Rs./Quintal,Local
Mukerian APMC,2.9850000000000003,Metric Tonnes,Tomato,1500.0,3500.0,2500.0,Rs./Quintal,Grade B
Mukerian(Talwara) APMC,0.5,Metric Tonnes,Tomato,3000.0,4000.0,3500.0,Rs./Quintal,FAQ
Muktsar APMC,1.6,Metric Tonnes,Tomato,1500.0,2000.0,1800.0,Rs./Quintal,Medium
Nabha APMC,6.0,Metric Tonnes,Other,2400.0,3300.0,2800.0,Rs./Quintal,Grade C
Nawan Shahar(Subzi Mandi) APMC,2.77,Metric Tonnes,Tomato,3000.0,3500.0,3200.0,Rs./Quintal,FAQ
Patiala APMC,22.0,Metric Tonnes,Local,1000.0,1400.0,1200.0,Rs./Quintal,Grade A
Patran APMC,19.0,Metric Tonnes,Other,2000.0,2000.0,2000.0,Rs./Quintal,Grade A
Patti APMC,0.12,Metric Tonnes,Other,0.1,0.1,0.1,Rs./Quintal,Local
Quadian APMC,0.2,Metric Tonnes,Other,2800.0,3000.0,2900.0,Rs./Quintal,Grade A
Rajpura APMC,1.4000000000000001,Metric Tonnes,Local,2100.0,2250.0,2200.0,Rs./Quintal,Grade A
Raman APMC,0.4,Metric Tonnes,Other,3405.0,3515.0,3460.0,Rs./Quintal,Medium
Rampuraphul(Nabha Mandi) APMC,2.0,Metric Tonnes,Other,2000.0,2700.0,2500.0,Rs./Quintal,Grade A
Rayya APMC,0.038,Metric Tonnes,Other,720.0,720.0,720.0,Rs./Quintal,FAQ
Ropar APMC,4.0,Metric Tonnes,Other,3000.0,3400.0,3200.0,Rs./Quintal,Non-FAQ
Samana APMC,40.0,Metric Tonnes,Other,1800.0,2600.0,2000.0,Rs./Quintal,Grade Range-2
Sangrur APMC,5.0,Metric Tonnes,Tomato,1800.0,2200.0,2000.0,Rs./Quintal,Grade B
Sirhind APMC,2.2,Metric Tonnes,Other,1800.0,3500.0,2200.0,Rs./Quintal,FAQ
Talwandi Sabo APMC,0.4,Metric Tonnes,Other,2600.0,3000.0,2800.0,Rs./Quintal,Grade A
Tanda Urmur APMC,1.3,Metric Tonnes,Local,2500.0,3000.0,2800.0,Rs./Quintal,Grade A
Tarantaran APMC,0.15,Metric Tonnes,Other,2700.0,2700.0,2700.0,Rs./Quintal,Local
Zira APMC,0.906,Metric Tonnes,Other,2200.0,2200.0,2200.0,Rs./Quintal,Local
Total,290.18,Metric Tonnes,,,,2023.8,Rs./Quintal,
State/UT Name : Rajasthan
Bayana APMC,2.0,Metric Tonnes,Other,3000.0,3000.0,3000.0,Rs./Quintal,Local
Bhadara APMC,1.0,Metric Tonnes,Deshi,2500.0,3300.0,2850.0,Rs./Quintal,FAQ
Churu APMC,2.0,Metric Tonnes,Hybrid,2300.0,2500.0,2400.0,Rs./Quintal,FAQ
Goluwala APMC,0.135,Metric Tonnes,Deshi,2800.0,3000.0,3000.0,Rs./Quintal,Non-FAQ
Jalore APMC,2.2,Metric Tonnes,Tomato,1800.0,2000.0,1900.0,Rs./Quintal,Local
Rajsamand APMC,1.8,Metric Tonnes,Tomato,2200.0,3000.0,2600.0,Rs./Quintal,FAQ
Rawatsar APMC,0.4,Metric Tonnes,Deshi,1100.0,2000.0,1500.0,Rs./Quintal,FAQ
Sriganganagar (F&V) APMC,20.0,Metric Tonnes,Tomato,2300.0,2700.0,2500.0,Rs./Quintal,Grade A
Udaipur (F&V) APMC,56.1,Metric Tonnes,Other,1000.0,2500.0,1750.0,Rs./Quintal,Medium
Total,85.64,Metric Tonnes,,,,2004.9,Rs./Quintal,
State/UT Name : Tamil Nadu
AJattihalli(Uzhavar Sandhai ),3.58,Metric Tonnes,Deshi,2000.0,2400.0,2200.0,Rs./Quintal,Local
Alangudi(Uzhavar Sandhai ),0.59,Metric Tonnes,Other,2500.0,3000.0,2750.0,Rs./Quintal,Local
Ambasamudram(Uzhavar Sandhai ),0.05,Metric Tonnes,Local,2000.0,2400.0,2200.0,Rs./Quintal,Local
Ambattur(Uzhavar Sandhai ),0.05,Metric Tonnes,Deshi,2500.0,2500.0,2500.0,Rs./Quintal,Local
Ammapet(Uzhavar Sandhai ),1.97,Metric Tonnes,Local,2000.0,2400.0,2200.0,Rs./Quintal,Local
Anaiyur(Uzhavar Sandhai ),0.85,Metric Tonnes,Deshi,2800.0,3200.0,3000.0,Rs./Quintal,Local
Andipatti(Uzhavar Sandhai ),0.83,Metric Tonnes,Other,2600.0,2800.0,2700.0,Rs./Quintal,Local
Anna nagar(Uzhavar Sandhai ),1.8,Metric Tonnes,Other,3000.0,3000.0,3000.0,Rs./Quintal,Local
Arani(Uzhavar Sandhai ),1.05,Metric Tonnes,Deshi,2500.0,3000.0,2750.0,Rs./Quintal,Local
Aranthangi(Uzhavar Sandhai ),0.58,Metric Tonnes,Other,3000.0,3500.0,3250.0,Rs./Quintal,Local
Arcot(Uzhavar Sandhai ),0.73,Metric Tonnes,Deshi,2400.0,2400.0,2400.0,Rs./Quintal,Local
Ariyalur(Uzhavar Sandhai),0.16,Metric Tonnes,Deshi,2500.0,3000.0,2750.0,Rs./Quintal,Local
Aruppukottai(Uzhavar Sandhai ),0.67,Metric Tonnes,Deshi,2000.0,2500.0,2250.0,Rs./Quintal,Local
Athur(Uzhavar Sandhai ),2.45,Metric Tonnes,Local,2000.0,2500.0,2250.0,Rs./Quintal,Local
Attayampatti(Uzhavar Sandhai ),0.48,Metric Tonnes,Deshi,2500.0,2600.0,2550.0,Rs./Quintal,Local
Avallapalli(Uzhavar Sandhai ),1.3,Metric Tonnes,Deshi,1500.0,2000.0,1750.0,Rs./Quintal,Local
Bodinayakanur(Uzhavar Sandhai ),0.42,Metric Tonnes,Deshi,2600.0,2600.0,2600.0,Rs./Quintal,Local
Chengalpet(Uzhavar Sandhai ),0.72,Metric Tonnes,Deshi,3000.0,3500.0,3250.0,Rs./Quintal,Local
Chengam(Uzhavar Sandhai ),0.5,Metric Tonnes,Local,2500.0,3000.0,2750.0,Rs./Quintal,Local
Cheyyar(Uzhavar Sandhai ),0.3,Metric Tonnes,Local,2500.0,3000.0,2750.0,Rs./Quintal,Local
Chidambaram(Uzhavar Sandhai ),0.02,Metric Tonnes,Local,3000.0,3000.0,3000.0,Rs./Quintal,Local
Chinnalapatti(Uzhavar Sandhai ),0.66,Metric Tonnes,Deshi,2500.0,3000.0,2750.0,Rs./Quintal,Local
Chinnamanur(Uzhavar Sandhai ),1.49,Metric Tonnes,Other,2400.0,2400.0,2400.0,Rs./Quintal,Local
Chokkikulam(Uzhavar Sandhai ),2.4,Metric Tonnes,Deshi,2800.0,3200.0,3000.0,Rs./Quintal,Local
Coonoor(Uzhavar Sandhai ),1.68,Metric Tonnes,Deshi,2800.0,3000.0,2900.0,Rs./Quintal,Local
Cuddalore(Uzhavar Sandhai ),0.45,Metric Tonnes,Deshi,2600.0,2600.0,2600.0,Rs./Quintal,Local
Denkanikottai(Uzhavar Sandhai ),2.3,Metric Tonnes,Local,1500.0,2000.0,1750.0,Rs./Quintal,Local
Devakottai (Uzhavar Sandhai ),0.23,Metric Tonnes,Deshi,3000.0,3500.0,3250.0,Rs./Quintal,Local
Devaram(Uzhavar Sandhai ),0.32,Metric Tonnes,Deshi,2600.0,2600.0,2600.0,Rs./Quintal,Local
Dharapuram(Uzhavar Sandhai ),4.3,Metric Tonnes,Local,1000.0,1500.0,1250.0,Rs./Quintal,Local
Dharmapuri(Uzhavar Sandhai ),11.4,Metric Tonnes,Deshi,2200.0,2400.0,2300.0,Rs./Quintal,Local
Dindigul(Uzhavar Sandhai ),2.2,Metric Tonnes,Deshi,2500.0,3000.0,2750.0,Rs./Quintal,Local
Edapadi (Uzhavar Sandhai ),1.8,Metric Tonnes,Other,2000.0,2200.0,2100.0,Rs./Quintal,Local
Elampillai(Uzhavar Sandhai ),1.7,Metric Tonnes,Other,2000.0,2500.0,2250.0,Rs./Quintal,Local
Gandarvakottai(Uzhavar Sandhai ),0.57,Metric Tonnes,Other,2500.0,3000.0,2750.0,Rs./Quintal,Local
Gandhigramam(Uzhavar Sandhai),0.35,Metric Tonnes,Other,2800.0,3000.0,2900.0,Rs./Quintal,Local
Gingee(Uzhavar Sandhai ),0.23,Metric Tonnes,Deshi,2000.0,2000.0,2000.0,Rs./Quintal,Local
Gobichettipalayam(Uzhavar Sandhai ),0.76,Metric Tonnes,Deshi,2400.0,3000.0,2700.0,Rs./Quintal,Local
Gudalur(Uzhavar Sandhai ),0.03,Metric Tonnes,Deshi,2500.0,3000.0,2750.0,Rs./Quintal,Local
Gudiyatham(Uzhavar Sandhai ),1.2,Metric Tonnes,Deshi,2000.0,2500.0,2250.0,Rs./Quintal,Local
Guduvancheri(Uzhavar Sandhai ),0.15,Metric Tonnes,Deshi,2000.0,2500.0,2250.0,Rs./Quintal,Local
Harur(Uzhavar Sandhai ),1.35,Metric Tonnes,Deshi,2000.0,2500.0,2250.0,Rs./Quintal,Local
Hasthampatti(Uzhavar Sandhai ),1.85,Metric Tonnes,Local,2000.0,2500.0,2250.0,Rs./Quintal,Local
Hosur(Uzhavar Sandhai ),9.0,Metric Tonnes,Deshi,1500.0,2000.0,1750.0,Rs./Quintal,Local
Jalagandapuram(Uzhavar Sandhai ),3.15,Metric Tonnes,Other,2000.0,2500.0,2250.0,Rs./Quintal,Local
Jameenrayapettai(Uzhavar Sandhai ),0.58,Metric Tonnes,Other,2000.0,2500.0,2250.0,Rs./Quintal,Local
Jeyankondam (Uzhavar Sandhai ),0.01,Metric Tonnes,Deshi,2500.0,3000.0,2750.0,Rs./Quintal,Local
KKNagar(Uzhavar Sandhai ),3.0,Metric Tonnes,Deshi,3000.0,3200.0,3100.0,Rs./Quintal,Local
Kahithapattarai(Uzhavar Sandhai ),1.15,Metric Tonnes,Deshi,2800.0,2800.0,2800.0,Rs./Quintal,Local
Kallakurichi(Uzhavar Sandhai ),1.13,Metric Tonnes,Deshi,3000.0,3000.0,3000.0,Rs./Quintal,Local
Kambam(Uzhavar Sandhai ),5.8,Metric Tonnes,Local,2600.0,2600.0,2600.0,Rs./Quintal,Local
Kamuthi(Uzhavar Sandhai ),0.02,Metric Tonnes,Deshi,2500.0,3000.0,2750.0,Rs./Quintal,Local
Kancheepuram(Uzhavar Sandhai ),0.6,Metric Tonnes,Local,2000.0,3000.0,2500.0,Rs./Quintal,Local
Kandiyaperi(Uzhavar Sandhai ),0.03,Metric Tonnes,Other,2400.0,2600.0,2500.0,Rs./Quintal,Local
Kangayam(Uzhavar Sandhai ),1.18,Metric Tonnes,Local,1200.0,1600.0,1400.0,Rs./Quintal,Local
Karaikudi(Uzhavar Sandhai ),0.31,Metric Tonnes,Deshi,3200.0,3600.0,3400.0,Rs./Quintal,Local
Karambakkudi(Uzhavar Sandhai ),0.62,Metric Tonnes,Other,2500.0,3000.0,2750.0,Rs./Quintal,Local
Karimangalam(Uzhavar Sandhai),0.56,Metric Tonnes,Local,2300.0,2500.0,2400.0,Rs./Quintal,Local
Kariyapatti(Uzhavar Sandhai ),0.22,Metric Tonnes,Deshi,2000.0,2500.0,2250.0,Rs./Quintal,Local
Karur(Uzhavar Sandhai ),1.2,Metric Tonnes,Deshi,2500.0,3000.0,2750.0,Rs./Quintal,Local
Katpadi (Uzhavar Sandhai ),1.0,Metric Tonnes,Deshi,3000.0,3000.0,3000.0,Rs./Quintal,Local
Kaveripattinam(Uzhavar Sandhai ),0.36,Metric Tonnes,Local,3000.0,3000.0,3000.0,Rs./Quintal,Local
Keelpennathur(Uzhavar Sandhai ),0.03,Metric Tonnes,Deshi,3000.0,3500.0,3250.0,Rs./Quintal,Local
Kodaikkanal(Uzhavar Sandhai),0.01,Metric Tonnes,Deshi,2000.0,2500.0,2250.0,Rs./Quintal,Local
Kovilpatti(Uzhavar Sandhai ),0.33,Metric Tonnes,Local,2500.0,3000.0,2750.0,Rs./Quintal,Local
Krishnagiri(Uzhavar Sandhai ),3.75,Metric Tonnes,Deshi,1400.0,1600.0,1500.0,Rs./Quintal,Local
Kulithalai(Uzhavar Sandhai ),1.69,Metric Tonnes,Other,2000.0,3000.0,2500.0,Rs./Quintal,Local
Kumarapalayam(Uzhavar Sandhai ),0.13,Metric Tonnes,Other,2200.0,3000.0,2600.0,Rs./Quintal,Local
Kumbakonam (Uzhavar Sandhai ),1.29,Metric Tonnes,Deshi,2800.0,3400.0,3100.0,Rs./Quintal,Local
Kundrathur(Uzhavar Sandhai ),0.45,Metric Tonnes,Other,2500.0,2500.0,2500.0,Rs./Quintal,Local
Kurichi(Uzhavar Sandhai ),0.16,Metric Tonnes,Local,2500.0,3000.0,2750.0,Rs./Quintal,Local
Lalgudi(Uzhavar Sandhai ),0.52,Metric Tonnes,Local,3000.0,3000.0,3000.0,Rs./Quintal,Local
Madhuranthagam(Uzhavar Sandhai ),0.09,Metric Tonnes,Deshi,3000.0,3000.0,3000.0,Rs./Quintal,Local
Manachanallur(Uzhavar Sandhai ),0.15,Metric Tonnes,Other,3000.0,3000.0,3000.0,Rs./Quintal,Local
Manapparai(Uzhavar Sandhai ),0.65,Metric Tonnes,Other,3000.0,3000.0,3000.0,Rs./Quintal,Local
Mannargudi I(Uzhavar Sandhai ),1.3,Metric Tonnes,Deshi,2600.0,2600.0,2600.0,Rs./Quintal,Local
Mannargudi II(Uzhavar Sandhai ),0.56,Metric Tonnes,Deshi,2600.0,2600.0,2600.0,Rs./Quintal,Local
Mayiladuthurai(Uzhavar Sandhai ),0.15,Metric Tonnes,Deshi,2500.0,3000.0,2750.0,Rs./Quintal,Local
Mecheri(Uzhavar Sandhai),0.25,Metric Tonnes,Deshi,2000.0,2500.0,2250.0,Rs./Quintal,Local
Medavakkam(Uzhavar Sandhai ),0.35,Metric Tonnes,Other,2000.0,2500.0,2250.0,Rs./Quintal,Local
Melapalayam(Uzhavar Sandhai ),0.85,Metric Tonnes,Other,2400.0,2600.0,2500.0,Rs./Quintal,Local
Melur(Uzhavar Sandhai ),0.49,Metric Tonnes,Deshi,2800.0,3200.0,3000.0,Rs./Quintal,Local
Mettupalayam(Uzhavar Sandhai ),2.86,Metric Tonnes,Deshi,2400.0,2800.0,2600.0,Rs./Quintal,Local
Mettur(Uzhavar Sandhai ),2.95,Metric Tonnes,Local,2000.0,2500.0,2250.0,Rs./Quintal,Local
Mohanur(Uzhavar Sandhai ),0.36,Metric Tonnes,Deshi,2500.0,3200.0,2850.0,Rs./Quintal,Local
Musiri(Uzhavar Sandhai ),1.82,Metric Tonnes,Local,2600.0,3000.0,2800.0,Rs./Quintal,Local
Muthupettai(Uzhavar Sandhai ),0.05,Metric Tonnes,Deshi,2400.0,2400.0,2400.0,Rs./Quintal,Local
Myladi(Uzhavar Sandhai ),0.05,Metric Tonnes,Deshi,3000.0,3500.0,3250.0,Rs./Quintal,Local
NGO Colony(Uzhavar Sandhai ),0.45,Metric Tonnes,Deshi,2000.0,2600.0,2300.0,Rs./Quintal,Local
Nagapattinam(Uzhavar Sandhai ),0.21,Metric Tonnes,Deshi,3800.0,3800.0,3800.0,Rs./Quintal,Local
Nanganallur(Uzhavar Sandhai ),0.14,Metric Tonnes,Deshi,3000.0,3500.0,3250.0,Rs./Quintal,Local
Naravarikuppam(Uzhavar Sandhai ),0.15,Metric Tonnes,Deshi,2500.0,2500.0,2500.0,Rs./Quintal,Local
Natrampalli(Uzhavar Sandhai ),6.02,Metric Tonnes,Deshi,2000.0,2500.0,2250.0,Rs./Quintal,Local
Needamangalam(Uzhavar Sandhai ),0.06,Metric Tonnes,Deshi,2400.0,2400.0,2400.0,Rs./Quintal,Local
Padappai(Uzhavar Sandhai ),0.75,Metric Tonnes,Local,2000.0,2800.0,2400.0,Rs./Quintal,Local
Palacode(Uzhavar Sandhai ),0.98,Metric Tonnes,Local,2400.0,2600.0,2500.0,Rs./Quintal,Local
Palanganatham(Uzhavar Sandhai ),1.5,Metric Tonnes,Other,2800.0,3200.0,3000.0,Rs./Quintal,Local
Palani(Uzhavar Sandhai ),3.25,Metric Tonnes,Deshi,1000.0,2400.0,1700.0,Rs./Quintal,Local
Palayamkottai(Uzhavar Sandhai ),3.25,Metric Tonnes,Deshi,2400.0,2600.0,2500.0,Rs./Quintal,Local
Palladam(Uzhavar Sandhai ),2.53,Metric Tonnes,Local,1400.0,1800.0,1600.0,Rs./Quintal,Local
Pallapatti (Uzhavar Sandhai ),1.08,Metric Tonnes,Other,2500.0,2800.0,2650.0,Rs./Quintal,Local
Pallavaram(Uzhavar Sandhai ),1.05,Metric Tonnes,Deshi,2000.0,2500.0,2250.0,Rs./Quintal,Local
Pallikonda(Uzhavar Sandhai),0.09,Metric Tonnes,Deshi,2200.0,2400.0,2300.0,Rs./Quintal,Local
Panruti(Uzhavar Sandhai ),0.06,Metric Tonnes,Deshi,2000.0,2000.0,2000.0,Rs./Quintal,Local
Papanasam(Uzhavar Sandhai ),0.18,Metric Tonnes,Deshi,2800.0,3400.0,3100.0,Rs./Quintal,Local
Paramakudi(Uzhavar Sandhai ),1.45,Metric Tonnes,Deshi,2500.0,3000.0,2750.0,Rs./Quintal,Local
Paramathivelur(Uzhavar Sandhai ),0.21,Metric Tonnes,Deshi,3000.0,3200.0,3100.0,Rs./Quintal,Local
Paruthipattu(Uzhavar Sandhai ),0.24,Metric Tonnes,Deshi,2500.0,2500.0,2500.0,Rs./Quintal,Local
Pattukottai(Uzhavar Sandhai ),0.93,Metric Tonnes,Deshi,3400.0,3400.0,3400.0,Rs./Quintal,Local
Pennagaram(Uzhavar Sandhai ),2.3,Metric Tonnes,Local,2300.0,2500.0,2400.0,Rs./Quintal,Local
Perambakkam(Uzhavar Sandhai ),0.02,Metric Tonnes,Deshi,2500.0,2500.0,2500.0,Rs./Quintal,Local
Perambalur(Uzhavar Sandhai ),1.17,Metric Tonnes,Deshi,3000.0,3500.0,3250.0,Rs./Quintal,Local
Perampet(Uzhavar Sandhai),0.12,Metric Tonnes,Deshi,2400.0,2400.0,2400.0,Rs./Quintal,Local
Peravurani(Uzhavar Sandhai),0.09,Metric Tonnes,Deshi,3200.0,3200.0,3200.0,Rs./Quintal,Local
Periyakulam(Uzhavar Sandhai ),0.57,Metric Tonnes,Other,2500.0,2800.0,2650.0,Rs./Quintal,Local
Periyar Nagar(Uzhavar Sandhai ),0.51,Metric Tonnes,Other,2000.0,2500.0,2250.0,Rs./Quintal,Local
Perundurai(Uzhavar Sandhai ),0.47,Metric Tonnes,Other,2400.0,2800.0,2600.0,Rs./Quintal,Local
Pollachi(Uzhavar Sandhai ),1.53,Metric Tonnes,Deshi,2500.0,3000.0,2750.0,Rs./Quintal,Local
Polur(Uzhavar Sandhai ),0.38,Metric Tonnes,Local,2500.0,3000.0,2750.0,Rs./Quintal,Local
Ponnamaravathi(Uzhavar Sandhai),0.2,Metric Tonnes,Deshi,2500.0,3000.0,2750.0,Rs./Quintal,Local
Pudukottai(Uzhavar Sandhai ),1.35,Metric Tonnes,Deshi,2500.0,3000.0,2750.0,Rs./Quintal,Local
RSPuram(Uzhavar Sandhai ),3.34,Metric Tonnes,Local,2200.0,2500.0,2350.0,Rs./Quintal,Local
Rajapalayam(Uzhavar Sandhai ),1.0,Metric Tonnes,Deshi,2000.0,2500.0,2250.0,Rs./Quintal,Local
Ramanathapuram(Uzhavar Sandhai ),0.25,Metric Tonnes,Deshi,3000.0,3500.0,3250.0,Rs./Quintal,Local
Ranipettai(Uzhavar Sandhai ),0.98,Metric Tonnes,Other,2300.0,2500.0,2400.0,Rs./Quintal,Local
Rasipuram(Uzhavar Sandhai ),1.63,Metric Tonnes,Other,3000.0,3400.0,3200.0,Rs./Quintal,Local
Sampath Nagar(Uzhavar Sandhai ),1.59,Metric Tonnes,Other,2000.0,2500.0,2250.0,Rs./Quintal,Local
Sankarankoil(Uzhavar Sandhai ),0.77,Metric Tonnes,Deshi,2500.0,2500.0,2500.0,Rs./Quintal,Local
Sankarapuram(Uzhavar Sandhai ),0.17,Metric Tonnes,Deshi,2500.0,2500.0,2500.0,Rs./Quintal,Local
Sathiyamagalam(Uzhavar Sandhai ),0.89,Metric Tonnes,Local,2000.0,2400.0,2200.0,Rs./Quintal,Local
Sathur(Uzhavar Sandhai ),0.06,Metric Tonnes,Deshi,2000.0,2500.0,2250.0,Rs./Quintal,Local
Singampunari(Uzhavar Sandhai ),0.31,Metric Tonnes,Other,3000.0,3400.0,3200.0,Rs./Quintal,Local
Singanallur(Uzhavar Sandhai ),9.86,Metric Tonnes,Deshi,2000.0,2500.0,2250.0,Rs./Quintal,Local
Sirkali(Uzhavar Sandhai ),0.33,Metric Tonnes,Deshi,2500.0,3000.0,2750.0,Rs./Quintal,Local
Sivagangai (Uzhavar Sandhai ),1.1,Metric Tonnes,Deshi,3000.0,3200.0,3100.0,Rs./Quintal,Local
Sivakasi(Uzhavar Sandhai ),0.08,Metric Tonnes,Deshi,1700.0,2000.0,1850.0,Rs./Quintal,Local
Sooramangalam(Uzhavar Sandhai ),6.58,Metric Tonnes,Local,2200.0,2500.0,2350.0,Rs./Quintal,Local
Srivilliputhur(Uzhavar Sandhai ),0.18,Metric Tonnes,Deshi,2000.0,2500.0,2250.0,Rs./Quintal,Local
Sulur(Uzhavar Sandhai ),0.72,Metric Tonnes,Deshi,2000.0,2500.0,2250.0,Rs./Quintal,Local
Sundarapuram(Uzhavar Sandhai ),1.9,Metric Tonnes,Local,2300.0,2800.0,2550.0,Rs./Quintal,Local
Sunguvarchatram(Uzhavar Sandhai ),0.45,Metric Tonnes,Other,2500.0,2500.0,2500.0,Rs./Quintal,Local
Tamarainagar(Uzhavar Sandhai ),0.64,Metric Tonnes,Deshi,2000.0,2500.0,2250.0,Rs./Quintal,Local
Tenkasi(Uzhavar Sandhai ),0.42,Metric Tonnes,Local,1500.0,2000.0,1750.0,Rs./Quintal,Local
Thalavadi(Uzhavar Sandhai ),0.5,Metric Tonnes,Other,1800.0,2200.0,2000.0,Rs./Quintal,Local
Thalavaipuram(Uzhavar Sandhai ),0.14,Metric Tonnes,Deshi,2000.0,2500.0,2250.0,Rs./Quintal,Local
Thammampatti (Uzhavar Sandhai ),1.21,Metric Tonnes,Deshi,1500.0,2400.0,1950.0,Rs./Quintal,Local
Thanjavur(Uzhavar Sandhai ),1.25,Metric Tonnes,Deshi,2600.0,2600.0,2600.0,Rs./Quintal,Local
Thathakapatti(Uzhavar Sandhai ),3.95,Metric Tonnes,Deshi,2000.0,2600.0,2300.0,Rs./Quintal,Local
Theni(Uzhavar Sandhai ),3.9,Metric Tonnes,Other,2500.0,2800.0,2650.0,Rs./Quintal,Local
Thirukalukundram(Uzhavar Sandhai ),0.16,Metric Tonnes,Deshi,3000.0,3500.0,3250.0,Rs./Quintal,Local
Thirumangalam(Uzhavar Sandhai ),1.08,Metric Tonnes,Deshi,2800.0,3200.0,3000.0,Rs./Quintal,Local
Thirupathur APMC,5.6,Metric Tonnes,Deshi,2800.0,2800.0,2800.0,Rs./Quintal,Local
Thiruverumbur(Uzhavar Sandhai ),1.0,Metric Tonnes,Other,3000.0,3000.0,3000.0,Rs./Quintal,Local
Thuraiyur APMC,0.88,Metric Tonnes,Other,3000.0,3500.0,3250.0,Rs./Quintal,Local
Tindivanam APMC,0.71,Metric Tonnes,Deshi,2300.0,2300.0,2300.0,Rs./Quintal,Local
Tiruchengode APMC,0.26,Metric Tonnes,Other,2600.0,3000.0,2800.0,Rs./Quintal,Local
Tirukattupalli(Uzhavar Sandhai ),0.26,Metric Tonnes,Deshi,2600.0,2600.0,2600.0,Rs./Quintal,Local
Tirupatthur(Uzhavar Sandhai ),0.43,Metric Tonnes,Other,3200.0,3500.0,3350.0,Rs./Quintal,Local
Tiruppur (North) (Uzhavar Sandhai ),0.93,Metric Tonnes,Local,1200.0,1600.0,1400.0,Rs./Quintal,Local
Tiruppur (South) (Uzhavar Sandhai ),18.55,Metric Tonnes,Local,1300.0,1600.0,1450.0,Rs./Quintal,Local
Tiruthani(Uzhavar Sandhai ),0.3,Metric Tonnes,Deshi,2500.0,2500.0,2500.0,Rs./Quintal,Local
Tiruvallur(Uzhavar Sandhai ),0.22,Metric Tonnes,Deshi,2500.0,2500.0,2500.0,Rs./Quintal,Local
Tiruvannamalai(Uzhavar Sandhai ),1.1,Metric Tonnes,Deshi,2000.0,2500.0,2250.0,Rs./Quintal,Local
Tiruvarur(Uzhavar Sandhai ),0.18,Metric Tonnes,Deshi,2600.0,2600.0,2600.0,Rs./Quintal,Local
Tuticorin(Uzhavar Sandhai ),1.22,Metric Tonnes,Local,2500.0,3000.0,2750.0,Rs./Quintal,Local
Udhagamandalam(Uzhavar Sandhai ),2.38,Metric Tonnes,Deshi,2500.0,2800.0,2650.0,Rs./Quintal,Local
Udumalpet APMC,0.85,Metric Tonnes,Deshi,2000.0,2500.0,2250.0,Rs./Quintal,Local
Ulundurpettai APMC,0.42,Metric Tonnes,Deshi,2000.0,2000.0,2000.0,Rs./Quintal,Local
Usilampatti(Uzhavar Sandhai ),0.85,Metric Tonnes,Deshi,2800.0,3200.0,3000.0,Rs./Quintal,Local
Vadalur(Uzhavar Sandhai ),0.17,Metric Tonnes,Local,2500.0,2500.0,2500.0,Rs./Quintal,Local
Vadaseri APMC,0.32,Metric Tonnes,Local,2700.0,3000.0,2850.0,Rs./Quintal,Local
Vadavalli(Uzhavar Sandhai ),1.48,Metric Tonnes,Local,2200.0,2500.0,2350.0,Rs./Quintal,Local
Valangaiman APMC,0.05,Metric Tonnes,Deshi,2600.0,2600.0,2600.0,Rs./Quintal,Local
Vandavasi(Uzhavar Sandhai ),0.02,Metric Tonnes,Local,2500.0,3000.0,2750.0,Rs./Quintal,Local
Vaniyampadi(Uzhavar Sandhai ),9.09,Metric Tonnes,Deshi,3000.0,3000.0,3000.0,Rs./Quintal,Local
Vazhapadi(Uzhavar Sandhai),0.61,Metric Tonnes,Local,2500.0,3000.0,2750.0,Rs./Quintal,Local
Vedaranyam(Uzhavar Sandhai),0.09,Metric Tonnes,Deshi,3200.0,3500.0,3350.0,Rs./Quintal,Local
Vedasanthur(Uzhavar Sandhai ),0.01,Metric Tonnes,Deshi,2000.0,2400.0,2200.0,Rs./Quintal,Local
Velayuthampalayam(Uzhavar Sandhai ),0.24,Metric Tonnes,Other,2400.0,3000.0,2700.0,Rs./Quintal,Local
Vellore APMC,3.5,Metric Tonnes,Deshi,2400.0,2600.0,2500.0,Rs./Quintal,Local
Vengamedu(Uzhavar Sandhai ),0.1,Metric Tonnes,Deshi,2500.0,3000.0,2750.0,Rs./Quintal,Local
Villupuram(Uzhavar Sandhai ),0.48,Metric Tonnes,Deshi,2500.0,3000.0,2750.0,Rs./Quintal,Local
Virudhunagar(Uzhavar Sandhai ),0.08,Metric Tonnes,Deshi,2500.0,2700.0,2600.0,Rs./Quintal,Local
Viruthachalam(Uzhavar Sandhai ),0.16,Metric Tonnes,Deshi,2500.0,2500.0,2500.0,Rs./Quintal,Local
Total,239.0,Metric Tonnes,,,,2360.95,Rs./Quintal,
State/UT Name : Telangana
APMC PATANCHERU,45.800000000000004,Metric Tonnes,Tomato,800.0,1600.0,1200.0,Rs./Quintal,Local
Adilabad (Rythu Bazar) ,3.6,Metric Tonnes,Local,2500.0,2500.0,2500.0,Rs./Quintal,Local
"Alwal,RBZ",4.0,Metric Tonnes,Other,1300.0,1300.0,1300.0,Rs./Quintal,FAQ
Bowenpally APMC,60.300000000000004,Metric Tonnes,Deshi,400.0,1000.0,800.0,Rs./Quintal,FAQ
Bowenpally APMC,286.2,Metric Tonnes,Other,400.0,1000.0,800.0,Rs./Quintal,FAQ
"Excise Colony,RBZ ",0.9,Metric Tonnes,Other,2400.0,2400.0,2400.0,Rs./Quintal,Grade A
Gudimalkapur APMC,265.0,Metric Tonnes,Tomato,400.0,1600.0,800.0,Rs./Quintal,Grade B
Ibrahimpatnam APMC,4.0,Metric Tonnes,Local,800.0,800.0,800.0,Rs./Quintal,Local
Kalwakurthy APMC,5.5,Metric Tonnes,Tomato,600.0,600.0,600.0,Rs./Quintal,Local
"Kukatpally,RBZ",16.2,Metric Tonnes,Deshi,1300.0,1300.0,1300.0,Rs./Quintal,Local
L B Nagar APMC,60.800000000000004,Metric Tonnes,Tomato,600.0,1200.0,800.0,Rs./Quintal,Medium
Mahabubnagar(Rythu Bazar),3.28,Metric Tonnes,Deshi,2000.0,2000.0,2000.0,Rs./Quintal,Local
Mahboob Manison APMC,24.5,Metric Tonnes,Tomato,800.0,1200.0,1000.0,Rs./Quintal,Local
Miryalguda(Rythu Bazar) ,1.4,Metric Tonnes,Deshi,2500.0,2500.0,2500.0,Rs./Quintal,Grade A
"Pavilion Ground,Khammam,RBZ",0.931,Metric Tonnes,Deshi,3000.0,3000.0,3000.0,Rs./Quintal,FAQ
RYTHU BAZAR ERRAGADDA,14.3,Metric Tonnes,Deshi,1300.0,1300.0,1300.0,Rs./Quintal,Grade A
RYTHU BAZAR MEHDIPATNAM,9.4,Metric Tonnes,Deshi,1300.0,1300.0,1300.0,Rs./Quintal,Grade A
Sangareddy APMC,3.2,Metric Tonnes,Other,1200.0,1200.0,1200.0,Rs./Quintal,Grade B
"Saroornagar,RBZ",7.9,Metric Tonnes,Other,1300.0,1300.0,1300.0,Rs./Quintal,Medium
"Sattupalli (Ramalayam),RBZ",0.123,Metric Tonnes,Deshi,2000.0,3000.0,2600.0,Rs./Quintal,FAQ
Shadnagar APMC,5.0,Metric Tonnes,Local,1000.0,1400.0,1100.0,Rs./Quintal,Local
Shankarapally APMC,18.0,Metric Tonnes,Deshi,1000.0,1000.0,1000.0,Rs./Quintal,Local
Siddipet(Rythu Bazar) ,11.8,Metric Tonnes,Local,1200.0,2000.0,1600.0,Rs./Quintal,Grade A
"Vanasthalipuram,RBZ ",7.6,Metric Tonnes,Other,1300.0,1300.0,1300.0,Rs./Quintal,Grade A
Venkateswarnagar APMC,3.7,Metric Tonnes,Local,600.0,1000.0,800.0,Rs./Quintal,Local
Warangal APMC,18.0,Metric Tonnes,Tomato,1500.0,2000.0,1750.0,Rs./Quintal,FAQ
Total,881.43,Metric Tonnes,,,,914.46,Rs./Quintal,
State/UT Name : Tripura
Bishalgarh APMC,0.5,Metric Tonnes,Hybrid,4000.0,4800.0,4500.0,Rs./Quintal,Medium
Bishramganj,0.2,Metric Tonnes,Hybrid,4000.0,5000.0,4500.0,Rs./Quintal,Medium
Garjee APMC,1.0,Metric Tonnes,Hybrid,4000.0,4500.0,4400.0,Rs./Quintal,FAQ
Gondatwisa APMC,0.1,Metric Tonnes,Hybrid,5500.0,6000.0,5800.0,Rs./Quintal,FAQ
Kanchanpur,0.2,Metric Tonnes,Hybrid,4800.0,5000.0,4900.0,Rs./Quintal,FAQ
Manubazar,0.5,Metric Tonnes,Hybrid,5000.0,5500.0,5200.0,Rs./Quintal,Grade A
Total,2.5,Metric Tonnes,,,,4684.0,Rs./Quintal,
State/UT Name : Uttar Pradesh
Agra APMC,22.5,Metric Tonnes,Other,1400.0,1400.0,1400.0,Rs./Quintal,FAQ
Amroha APMC,176.025,Metric Tonnes,Other,1500.0,1500.0,1500.0,Rs./Quintal,FAQ
Anwala APMC,4.5,Metric Tonnes,Other,2000.0,2000.0,2000.0,Rs./Quintal,FAQ
Atarra APMC,22.3,Metric Tonnes,Other,800.0,800.0,800.0,Rs./Quintal,FAQ
Auraiya APMC,20.0,Metric Tonnes,Other,1800.0,1800.0,1800.0,Rs./Quintal,FAQ
Bahraich APMC,33.0,Metric Tonnes,Other,1200.0,1200.0,1200.0,Rs./Quintal,FAQ
Barabanki APMC,118.9,Metric Tonnes,Other,1400.0,1400.0,1400.0,Rs./Quintal,FAQ
Baripaal APMC,0.7,Metric Tonnes,Other,2000.0,2000.0,2000.0,Rs./Quintal,FAQ
Buland Shahr APMC,1.2,Metric Tonnes,Other,2000.0,2000.0,2000.0,Rs./Quintal,FAQ
CHHUTMALPUR APMC,1.4,Metric Tonnes,Other,2300.0,2450.0,2371.43,Rs./Quintal,FAQ
Chandausi APMC,1.4,Metric Tonnes,Other,2060.0,2060.0,2060.0,Rs./Quintal,FAQ
Dudhi APMC,0.5,Metric Tonnes,Other,3000.0,3000.0,3000.0,Rs./Quintal,FAQ
Etah APMC,4.0,Metric Tonnes,Other,2000.0,2000.0,2000.0,Rs./Quintal,FAQ
Fatehpur APMC,1.8,Metric Tonnes,Other,2500.0,2500.0,2500.0,Rs./Quintal,FAQ
Fatehpur Sikri APMC,0.3,Metric Tonnes,Other,1600.0,1600.0,1600.0,Rs./Quintal,FAQ
Firozabad APMC,20.0,Metric Tonnes,Other,1000.0,1000.0,1000.0,Rs./Quintal,FAQ
Gangoh APMC,0.2,Metric Tonnes,Other,2500.0,2500.0,2500.0,Rs./Quintal,FAQ
Hardoi APMC,45.6,Metric Tonnes,Other,1500.0,1500.0,1500.0,Rs./Quintal,FAQ
Jagnair APMC,0.7,Metric Tonnes,Other,1600.0,1600.0,1600.0,Rs./Quintal,FAQ
Jaunpur APMC,44.0,Metric Tonnes,Other,1600.0,1900.0,1777.27,Rs./Quintal,FAQ
Jhansi APMC,30.0,Metric Tonnes,Other,1500.0,1800.0,1641.66,Rs./Quintal,FAQ
Kairana APMC,2.4,Metric Tonnes,Other,2000.0,2000.0,2000.0,Rs./Quintal,FAQ
Kanpur(Grain) APMC,100.5,Metric Tonnes,Other,2100.0,2100.0,2100.0,Rs./Quintal,FAQ
Khairagarh APMC,0.6000000000000001,Metric Tonnes,Deshi,2000.0,2100.0,2050.0,Rs./Quintal,FAQ
Khandhla APMC,3.0,Metric Tonnes,Other,3000.0,3000.0,3000.0,Rs./Quintal,FAQ
Khatauli APMC,5.0,Metric Tonnes,Other,1510.0,1520.0,1515.0,Rs./Quintal,FAQ
Kiratpur APMC,1.2,Metric Tonnes,Other,2000.0,2000.0,2000.0,Rs./Quintal,FAQ
Lucknow APMC,120.0,Metric Tonnes,Other,2000.0,2000.0,2000.0,Rs./Quintal,FAQ
Nawabganj APMC,364.5,Metric Tonnes,Other,900.0,1100.0,1000.0,Rs./Quintal,FAQ
Noida APMC,19.0,Metric Tonnes,Other,2500.0,3500.0,2631.58,Rs./Quintal,FAQ
Orai APMC,54.0,Metric Tonnes,Other,1500.0,1500.0,1500.0,Rs./Quintal,FAQ
Rampur APMC,5.7,Metric Tonnes,Other,800.0,800.0,800.0,Rs./Quintal,FAQ
Rampurmaniharan APMC,1.1,Metric Tonnes,Other,2400.0,2500.0,2436.36,Rs./Quintal,FAQ
Robertsganj APMC,15.0,Metric Tonnes,Other,2000.0,2000.0,2000.0,Rs./Quintal,FAQ
Safdarganj APMC,0.4,Metric Tonnes,Other,1000.0,1000.0,1000.0,Rs./Quintal,FAQ
Saharanpur APMC,16.5,Metric Tonnes,Other,1500.0,1700.0,1566.67,Rs./Quintal,FAQ
Shamli APMC,1.5,Metric Tonnes,Other,2500.0,2800.0,2700.0,Rs./Quintal,FAQ
Sikanderabad APMC,14.5,Metric Tonnes,Other,2000.0,2800.0,2441.38,Rs./Quintal,FAQ
Sirsa APMC,5.0,Metric Tonnes,Other,1500.0,1950.0,1918.0,Rs./Quintal,FAQ
Sitapur APMC,46.0,Metric Tonnes,Other,1500.0,1500.0,1500.0,Rs./Quintal,FAQ
Thanabhawan APMC,1.2,Metric Tonnes,Other,2400.0,2400.0,2400.0,Rs./Quintal,FAQ
Varanasi APMC,24.5,Metric Tonnes,Other,1500.0,1500.0,1500.0,Rs./Quintal,FAQ
Total,1350.62,Metric Tonnes,,,,1480.13,Rs./Quintal,
State/UT Name : Uttarakhand
Dehradoon APMC,2.2,Metric Tonnes,Other,850.0,1250.0,1050.0,Rs./Quintal,FAQ
Haridwar Union APMC,8.0,Metric Tonnes,Tomato,1500.0,2500.0,2000.0,Rs./Quintal,FAQ
Jaspur(UC) APMC,1.9000000000000001,Metric Tonnes,Tomato,2800.0,2800.0,2800.0,Rs./Quintal,FAQ
Kashipur APMC,0.5,Metric Tonnes,Other,2200.0,2200.0,2200.0,Rs./Quintal,Local
Khateema APMC,0.30000000000000004,Metric Tonnes,Other,1800.0,2000.0,1900.0,Rs./Quintal,Grade A
Kicchha APMC,1.5,Metric Tonnes,Hybrid,1700.0,1800.0,1750.0,Rs./Quintal,Non-FAQ
Kotadwara APMC,1.5,Metric Tonnes,Tomato,1200.0,1200.0,1200.0,Rs./Quintal,FAQ
Manglaur APMC,1.5,Metric Tonnes,Other,1000.0,1400.0,1200.0,Rs./Quintal,Large
Rishikesh APMC,5.6000000000000005,Metric Tonnes,Other,1500.0,2100.0,1800.0,Rs./Quintal,Medium
Roorkee APMC,1.1,Metric Tonnes,Other,1200.0,2200.0,1600.0,Rs./Quintal,Medium
Sitarganj APMC,1.8,Metric Tonnes,Deshi,2000.0,3000.0,2500.0,Rs./Quintal,Grade B
Total,25.9,Metric Tonnes,,,,1848.07,Rs./Quintal,
State/UT Name : West Bengal
Alipurduar APMC,4.0,Metric Tonnes,Tomato,2800.0,3400.0,3000.0,Rs./Quintal,FAQ
Asansol APMC,5.2,Metric Tonnes,Hybrid,2400.0,2600.0,2500.0,Rs./Quintal,FAQ
Balarampur APMC,3.5,Metric Tonnes,Other,2500.0,3000.0,2800.0,Rs./Quintal,FAQ
Baruipur(Canning) APMC,0.53,Metric Tonnes,Tomato,3000.0,3200.0,3100.0,Rs./Quintal,FAQ
Burdwan APMC,6.0,Metric Tonnes,Tomato,2800.0,3200.0,3000.0,Rs./Quintal,FAQ
Chakdah APMC,3.2,Metric Tonnes,Other,3600.0,3700.0,3650.0,Rs./Quintal,FAQ
Champadanga APMC,2.4,Metric Tonnes,Hybrid,3400.0,3600.0,3400.0,Rs./Quintal,FAQ
Coochbehar APMC,1.2000000000000002,Metric Tonnes,Tomato,2500.0,3000.0,2800.0,Rs./Quintal,FAQ
Darjeeling APMC,0.4,Metric Tonnes,Other,3700.0,3900.0,3800.0,Rs./Quintal,FAQ
Dhupguri APMC,10.0,Metric Tonnes,Tomato,3200.0,3400.0,3300.0,Rs./Quintal,FAQ
Durgapur APMC,5.0,Metric Tonnes,Hybrid,2450.0,2600.0,2500.0,Rs./Quintal,FAQ
Falakata APMC,10.0,Metric Tonnes,Other,2800.0,3800.0,3500.0,Rs./Quintal,FAQ
Gangarampur(Dakshin Dinajpur) APMC,0.4,Metric Tonnes,Other,2800.0,3100.0,3000.0,Rs./Quintal,FAQ
Ghatal APMC,1.9000000000000001,Metric Tonnes,Hybrid,3300.0,3500.0,3400.0,Rs./Quintal,FAQ
Habra APMC,3.5,Metric Tonnes,Other,3200.0,3300.0,3200.0,Rs./Quintal,FAQ
Kalipur APMC,2.8,Metric Tonnes,Hybrid,3200.0,3600.0,3400.0,Rs./Quintal,FAQ
Kalna APMC,1.5,Metric Tonnes,Tomato,2000.0,2200.0,2100.0,Rs./Quintal,FAQ
Karsiyang(Matigara) APMC,0.35,Metric Tonnes,Other,3000.0,3200.0,3100.0,Rs./Quintal,FAQ
Khatra APMC,0.6000000000000001,Metric Tonnes,Tomato,2700.0,3400.0,3200.0,Rs./Quintal,FAQ
Medinipur(West) APMC,1.5,Metric Tonnes,Tomato,3300.0,3600.0,3400.0,Rs./Quintal,FAQ
Memari APMC,6.0,Metric Tonnes,Tomato,2800.0,3200.0,3000.0,Rs./Quintal,FAQ
Pandua APMC,0.65,Metric Tonnes,Hybrid,3000.0,3300.0,3200.0,Rs./Quintal,FAQ
Pundibari APMC,0.7000000000000001,Metric Tonnes,Tomato,2500.0,3000.0,2800.0,Rs./Quintal,FAQ
Purulia APMC,3.5,Metric Tonnes,Other,2600.0,3200.0,3000.0,Rs./Quintal,FAQ
Ranaghat APMC,3.0,Metric Tonnes,Other,3700.0,3900.0,3800.0,Rs./Quintal,FAQ
Sealdah Koley Market APMC,12.3,Metric Tonnes,Other,2700.0,3000.0,2800.0,Rs./Quintal,FAQ
Sheoraphuly APMC,23.0,Metric Tonnes,Hybrid,3125.0,3225.0,3175.0,Rs./Quintal,FAQ
Siliguri APMC,28.0,Metric Tonnes,Tomato,3000.0,3200.0,3100.0,Rs./Quintal,FAQ
Total,141.13,Metric Tonnes,,,,3100.0,Rs./Quintal,
Grand Total,17429.64,Metric Tonnes,,,,2007.91,Rs./Quintal,

Note:
Weighted Average Price = ∑(arrival quantity * modal price) / ∑arrival quantity
