{"type": "FeatureCollection", "features": [{"type": "Feature", "id": "vythiri", "geometry": {"type": "Polygon", "coordinates": [[[76.15698, 11.551], [76.15629, 11.57074], [76.15117, 11.58993], [76.14202, 11.60758], [76.1296, 11.62302], [76.11472, 11.6359], [76.09807, 11.64616], [76.08017, 11.65375], [76.06136, 11.65856], [76.042, 11.66037], [76.02259, 11.65885], [76.00381, 11.6538], [75.98644, 11.64528], [75.97121, 11.63366], [75.95857, 11.61959], [75.94867, 11.60379], [75.94137, 11.58688], [75.93643, 11.56924], [75.93372, 11.551], [75.93342, 11.53224], [75.93598, 11.51319], [75.94198, 11.49442], [75.95184, 11.47688], [75.96556, 11.46174], [75.98258, 11.45016], [76.00185, 11.44291], [76.02206, 11.4402], [76.042, 11.44163], [76.06083, 11.44638], [76.07821, 11.45354], [76.09421, 11.46241], [76.10906, 11.4727], [76.12286, 11.48452], [76.13533, 11.49821], [76.14577, 11.51399], [76.15329, 11.53177], [76.15698, 11.551]]]}, "properties": {"id": "vythiri", "taluk_name": "Vythiri", "malayalam_name": "വൈത്തിരി", "district_name": "Wayanad", "district_id": "wayanad", "elevation_m": 1250, "slope_degrees": 26.0, "area_sq_km": 463, "centroid": {"lat": 11.551, "lng": 76.042}, "dominant_land_use": "High-Altitude Tea Slopes, Cardamom & Rainforest Shola", "soil_type": "Deep Humus-Rich Forest Loam with High Clay Subsoil", "rusle": {"R": 6100, "K": 0.034, "LS": 18.5, "C": 0.25, "P": 0.72, "A": 69.8}, "risk_category": "Very Severe", "time_series": {"2018": 76.4, "2019": 71.0, "2020": 63.5, "2021": 67.2, "2022": 62.0, "2023": 54.5, "2024": 69.8}, "conservation": ["Deep-rooted vetiver vegetative hedgerows along tea lines", "Prohibit cut-and-fill construction on slopes > 20°", "Bio-revetment on drainage gullies"], "is_sample_data": true, "data_source": "Bundled GeoJSON (DEMO Mode)"}}, {"type": "Feature", "id": "mananthavady", "geometry": {"type": "Polygon", "coordinates": [[[76.14691, 11.802], [76.14605, 11.82669], [76.13964, 11.85068], [76.12819, 11.87275], [76.11264, 11.89205], [76.09401, 11.90817], [76.07318, 11.92099], [76.05077, 11.93048], [76.02723, 11.93651], [76.003, 11.93876], [75.97871, 11.93686], [75.9552, 11.93055], [75.93347, 11.91989], [75.9144, 11.90536], [75.89858, 11.88777], [75.88619, 11.86801], [75.87705, 11.84687], [75.87086, 11.82481], [75.86747, 11.802], [75.8671, 11.77854], [75.8703, 11.75472], [75.87781, 11.73125], [75.89015, 11.70931], [75.90732, 11.69038], [75.92863, 11.6759], [75.95274, 11.66684], [75.97804, 11.66345], [76.003, 11.66524], [76.02657, 11.67118], [76.04832, 11.68013], [76.06834, 11.69122], [76.08694, 11.70408], [76.10421, 11.71887], [76.11981, 11.73599], [76.13289, 11.75573], [76.14229, 11.77796], [76.14691, 11.802]]]}, "properties": {"id": "mananthavady", "taluk_name": "Mananthavady", "malayalam_name": "മാനന്തവാടി", "district_name": "Wayanad", "district_id": "wayanad", "elevation_m": 760, "slope_degrees": 14.5, "area_sq_km": 724, "centroid": {"lat": 11.802, "lng": 76.003}, "dominant_land_use": "Coffee, Paddy Valleys & Mixed Forest Fringe", "soil_type": "Gravelly Lateritic Red Loam", "rusle": {"R": 5100, "K": 0.031, "LS": 13.8, "C": 0.21, "P": 0.69, "A": 49.6}, "risk_category": "Very Severe", "time_series": {"2018": 54.0, "2019": 48.5, "2020": 43.8, "2021": 46.2, "2022": 42.1, "2023": 37.9, "2024": 49.6}, "conservation": ["Agroforestry shade tree planting in coffee stands", "Contour trenching across lower valley slopes"], "is_sample_data": true, "data_source": "Bundled GeoJSON (DEMO Mode)"}}, {"type": "Feature", "id": "sulthanbathery", "geometry": {"type": "Polygon", "coordinates": [[[76.42024, 11.666], [76.41927, 11.69419], [76.41194, 11.72159], [76.39888, 11.74679], [76.38113, 11.76883], [76.35987, 11.78723], [76.3361, 11.80187], [76.31052, 11.81271], [76.28365, 11.81959], [76.256, 11.82217], [76.22827, 11.82], [76.20145, 11.81279], [76.17664, 11.80062], [76.15488, 11.78403], [76.13683, 11.76393], [76.12269, 11.74138], [76.11226, 11.71724], [76.10519, 11.69204], [76.10132, 11.666], [76.10089, 11.63922], [76.10455, 11.61202], [76.11312, 11.58521], [76.1272, 11.56016], [76.1468, 11.53855], [76.17112, 11.52201], [76.19864, 11.51167], [76.22752, 11.5078], [76.256, 11.50983], [76.2829, 11.51662], [76.30772, 11.52684], [76.33058, 11.5395], [76.3518, 11.55419], [76.37151, 11.57108], [76.38931, 11.59062], [76.40424, 11.61316], [76.41497, 11.63855], [76.42024, 11.666]]]}, "properties": {"id": "sulthanbathery", "taluk_name": "Sulthanbathery", "malayalam_name": "സുൽത്താൻബത്തേരി", "district_name": "Wayanad", "district_id": "wayanad", "elevation_m": 890, "slope_degrees": 11.2, "area_sq_km": 944, "centroid": {"lat": 11.666, "lng": 76.256}, "dominant_land_use": "Pepper, Cardamom, Teak & Deciduous Forests", "soil_type": "Red Loam to Lateritic Soils", "rusle": {"R": 4600, "K": 0.029, "LS": 10.2, "C": 0.19, "P": 0.68, "A": 36.8}, "risk_category": "Severe", "time_series": {"2018": 41.2, "2019": 37.0, "2020": 33.2, "2021": 35.0, "2022": 31.8, "2023": 28.5, "2024": 36.8}, "conservation": ["Intercropping with creeping cover legumes", "Farm pond sediment retention basins"], "is_sample_data": true, "data_source": "Bundled GeoJSON (DEMO Mode)"}}, {"type": "Feature", "id": "devikulam", "geometry": {"type": "Polygon", "coordinates": [[[77.27754, 10.06], [77.27649, 10.09064], [77.26857, 10.12041], [77.25445, 10.1478], [77.23527, 10.17176], [77.21229, 10.19176], [77.18659, 10.20767], [77.15894, 10.21944], [77.12989, 10.22692], [77.1, 10.22972], [77.07003, 10.22736], [77.04103, 10.21953], [77.01421, 10.2063], [76.99069, 10.18827], [76.97118, 10.16643], [76.95589, 10.14192], [76.94462, 10.11569], [76.93698, 10.0883], [76.9328, 10.06], [76.93233, 10.03089], [76.93629, 10.00133], [76.94555, 9.9722], [76.96077, 9.94497], [76.98196, 9.92149], [77.00824, 9.90351], [77.038, 9.89227], [77.06921, 9.88806], [77.1, 9.89028], [77.12907, 9.89765], [77.15591, 9.90876], [77.18062, 9.92252], [77.20356, 9.93848], [77.22486, 9.95684], [77.24411, 9.97808], [77.26024, 10.00257], [77.27184, 10.03017], [77.27754, 10.06]]]}, "properties": {"id": "devikulam", "taluk_name": "Devikulam", "malayalam_name": "ദേവികുളം", "district_name": "Idukki", "district_id": "idukki", "elevation_m": 1800, "slope_degrees": 32.0, "area_sq_km": 1115, "centroid": {"lat": 10.06, "lng": 77.1}, "dominant_land_use": "High-Elevation Tea Estates & Anamudi Mountain Grasslands", "soil_type": "Sub-Montane Forest Humus & Granitic Skeletal Soils", "rusle": {"R": 6700, "K": 0.036, "LS": 22.4, "C": 0.26, "P": 0.62, "A": 86.5}, "risk_category": "Very Severe", "time_series": {"2018": 94.2, "2019": 88.0, "2020": 78.5, "2021": 84.1, "2022": 76.9, "2023": 69.2, "2024": 86.5}, "conservation": ["Zero soil tilling on high slopes", "Continuous stone-pitched retaining bunds", "Reforestation of eroded ridge tops"], "is_sample_data": true, "data_source": "Bundled GeoJSON (DEMO Mode)"}}, {"type": "Feature", "id": "udumbanchola", "geometry": {"type": "Polygon", "coordinates": [[[77.19519805908214, 10.073541641235465], [77.19906616210938, 10.070660591125545], [77.20443725585943, 10.068490982055721], [77.2129364013673, 10.058450698852653], [77.21817016601568, 10.056860923767204], [77.22068023681646, 10.050610542297363], [77.22448730468756, 10.045549392700195], [77.2306594848634, 10.039521217346248], [77.23707580566412, 10.035202026367188], [77.24231719970697, 10.026151657104435], [77.24556732177729, 10.023621559143066], [77.24809265136719, 10.020230293273869], [77.24893188476568, 10.0158109664917], [77.24443054199219, 10.007749557495174], [77.240707397461, 10.002890586853141], [77.24088287353521, 10.000130653381348], [77.2476806640625, 9.994840621948356], [77.24772644042969, 9.991160392761344], [77.24787139892578, 9.991160392761344], [77.24514770507824, 9.986221313476562], [77.2467269897461, 9.981490135192928], [77.25076293945312, 9.981401443481559], [77.24877929687511, 9.977400779724121], [77.2498397827149, 9.972781181335506], [77.259521484375, 9.966200828552303], [77.26142120361328, 9.963721275329647], [77.25898742675787, 9.953372001648063], [77.25527954101574, 9.950189590454102], [77.24991607666027, 9.942539215088004], [77.24021148681652, 9.943060874938965], [77.23661041259766, 9.94138145446783], [77.2359466552735, 9.943380355834904], [77.23471069335938, 9.942831039428711], [77.23448181152355, 9.93811130523676], [77.22191619873041, 9.922820091247559], [77.22094726562511, 9.917751312255973], [77.21689605712902, 9.90576076507574], [77.20443725585943, 9.894319534301758], [77.20654296875006, 9.877761840820426], [77.20273590087896, 9.874741554260368], [77.20144653320324, 9.869771003723145], [77.19911193847662, 9.865981101989746], [77.20919036865234, 9.853790283203068], [77.21325683593756, 9.8519802093507], [77.21830749511719, 9.853470802307129], [77.22366333007812, 9.849010467529354], [77.2237396240235, 9.842961311340389], [77.21383666992193, 9.838540077209416], [77.2133560180664, 9.83290100097662], [77.21502685546886, 9.830870628356877], [77.20892333984386, 9.814521789550781], [77.21235656738293, 9.812932014465332], [77.21898651123053, 9.813250541687012], [77.2194595336914, 9.808840751647892], [77.22708892822266, 9.806310653686523], [77.23282623291016, 9.797289848327694], [77.2320327758789, 9.79441070556652], [77.2339859008789, 9.788519859313908], [77.22669219970703, 9.786750793457088], [77.22254943847656, 9.781770706176758], [77.20981597900396, 9.779940605163631], [77.210693359375, 9.766388893127498], [77.21859741210943, 9.760009765625], [77.21241760253906, 9.755390167236385], [77.21135711669928, 9.745249748230037], [77.20603942871105, 9.737489700317326], [77.2082290649414, 9.721670150756893], [77.1999130249024, 9.717289924621696], [77.18992614746094, 9.715510368347225], [77.19021606445324, 9.706151962280273], [77.18900299072271, 9.69750022888195], [77.19168853759771, 9.68618202209467], [77.18589782714844, 9.678171157836857], [77.18477630615234, 9.671479225158691], [77.1821975708009, 9.668719291687012], [77.17959594726562, 9.660380363464412], [77.17251586914057, 9.656200408935604], [77.17308807373041, 9.651840209960938], [77.16887664794933, 9.651579856872502], [77.16565704345703, 9.64822959899908], [77.16588592529297, 9.63795089721691], [77.16062927246105, 9.630241394042912], [77.16065216064464, 9.62730979919445], [77.15145874023443, 9.629972457885856], [77.14794158935547, 9.630001068115234], [77.14157867431652, 9.628142356872559], [77.13971710205078, 9.630920410156307], [77.12969207763678, 9.633510589599666], [77.12618255615234, 9.638249397277832], [77.12039184570324, 9.636860847473145], [77.11992645263672, 9.634152412414664], [77.11364746093756, 9.636590003967285], [77.10682678222662, 9.633440971374569], [77.08605957031261, 9.639530181884766], [77.07959747314464, 9.639721870422363], [77.0765762329101, 9.648270606994686], [77.07744598388678, 9.65548038482666], [77.06923675537115, 9.658411026001033], [77.06607055664074, 9.658671379089412], [77.03527832031256, 9.64050102233881], [77.0309524536134, 9.632291793823185], [77.00969696044928, 9.643000602722225], [77.00094604492193, 9.645100593566895], [76.9984130859375, 9.650400161743221], [77.0045166015625, 9.650239944458065], [77.00508880615234, 9.656120300293026], [77.00611114501959, 9.658790588378963], [77.00916290283209, 9.664550781250114], [77.01315307617193, 9.669919967651367], [77.01123809814459, 9.675921440124512], [77.01168060302746, 9.679092407226562], [77.01088714599615, 9.683040618896484], [77.00882720947277, 9.68522930145275], [77.00834655761719, 9.68826961517334], [77.01377868652355, 9.690690040588493], [77.01449584960943, 9.693630218505973], [77.01364135742188, 9.696431159973201], [77.01516723632812, 9.700319290161133], [77.01708221435547, 9.702890396118221], [77.01506042480474, 9.70835971832281], [77.01258850097662, 9.710600852966365], [77.00064086914074, 9.719421386718807], [77.0031967163086, 9.726720809936523], [76.99801635742188, 9.741600990295524], [76.99967193603527, 9.744681358337402], [77.00092315673834, 9.751490592956543], [77.00041961669933, 9.757341384887695], [77.0080184936524, 9.763440132141227], [77.01200866699224, 9.76416015625], [77.01146697998053, 9.766970634460506], [77.01928710937506, 9.775891304016056], [77.01478576660156, 9.780900955200252], [77.01415252685558, 9.783810615539608], [77.01587677001964, 9.786440849304256], [77.01133728027338, 9.788229942321834], [76.98979949951172, 9.803949356079158], [76.98549652099615, 9.812761306762752], [76.98332977294922, 9.811620712280273], [76.97865295410162, 9.8109006881715], [76.9731063842774, 9.817472457885856], [76.97035217285156, 9.822331428527889], [76.96689605712885, 9.825470924377498], [76.95878601074224, 9.830160140991268], [76.9623794555664, 9.833600997924862], [76.96496582031261, 9.831770896911735], [76.96634674072266, 9.833869934082088], [76.96679687500006, 9.837512016296387], [76.96205902099615, 9.838379859924316], [76.9597778320313, 9.840571403503418], [76.95735931396479, 9.844181060791016], [76.95369720458996, 9.854978561401424], [76.95387268066418, 9.860100746154728], [76.95638275146496, 9.867731094360465], [76.95643615722656, 9.871671676635685], [76.96084594726562, 9.878582000732479], [76.96333312988281, 9.888671875000114], [76.96251678466791, 9.89430999755865], [76.95996093750006, 9.901141166687125], [76.96246337890636, 9.906029701233024], [76.9656829833985, 9.909589767456168], [76.95973968505865, 9.917351722717285], [76.9586868286134, 9.921691894531193], [76.96203613281256, 9.927029609680233], [76.96727752685541, 9.931099891662598], [76.96977233886719, 9.93540954589838], [76.97165679931652, 9.940861701965446], [76.98221588134766, 9.967399597168026], [76.98583221435547, 9.971599578857422], [76.99443817138678, 9.970470428466797], [77.00688934326178, 9.962710380554313], [77.00961303710949, 9.964901924133244], [77.01516723632812, 9.963479995727653], [77.01786804199219, 9.966750144958553], [77.02204132080078, 9.966500282287711], [77.02787017822271, 9.967320442199764], [77.03251647949213, 9.965421676635799], [77.03560638427734, 9.967320442199764], [77.04073333740234, 9.967951774597168], [77.0426177978515, 9.971950531005803], [77.0473022460938, 9.972631454467773], [77.05062866210932, 9.98010158538824], [77.04817962646484, 9.983830451965332], [77.05139923095697, 9.991442680358887], [77.05113983154303, 9.991442680358887], [77.05509185791021, 9.998020172119254], [77.05615234375011, 10.001949310302734], [77.045166015625, 10.006240844726562], [77.04884338378912, 10.010650634765682], [77.05319213867193, 10.020310401916447], [77.05797576904303, 10.026928901672363], [77.06566619873058, 10.031200408935604], [77.0859375, 10.033511161804313], [77.09070587158203, 10.029680252075138], [77.1007766723634, 10.026509284973088], [77.10678863525396, 10.027199745178223], [77.12692260742182, 10.035011291503906], [77.1468276977539, 10.033699989318848], [77.15422821044922, 10.050139427185115], [77.15764617919922, 10.053689956665153], [77.17198944091797, 10.06499004364008], [77.1793823242187, 10.05969142913824], [77.19519805908214, 10.073541641235465]]]}, "properties": {"id": "udumbanchola", "taluk_name": "Udumbanchola", "malayalam_name": "ഉടുമ്പൻചോല", "district_name": "Idukki", "district_id": "idukki", "elevation_m": 1650, "slope_degrees": 28.5, "area_sq_km": 1060, "centroid": {"lat": 9.91, "lng": 77.17}, "dominant_land_use": "Cardamom Reserves & Mountain Pepper Gardens", "soil_type": "Dark Acidic Forest Soils", "rusle": {"R": 6200, "K": 0.034, "LS": 19.8, "C": 0.24, "P": 0.64, "A": 75.2}, "risk_category": "Very Severe", "time_series": {"2018": 85.0, "2019": 77.4, "2020": 69.1, "2021": 73.8, "2022": 66.5, "2023": 59.8, "2024": 75.2}, "conservation": ["Preserve dense canopy cover in cardamom ecosystems", "Check dams along high-velocity mountain rills"], "is_sample_data": true, "data_source": "Bundled GeoJSON (DEMO Mode)"}}, {"type": "Feature", "id": "peerumade", "geometry": {"type": "Polygon", "coordinates": [[[77.19928, 9.57], [77.19815, 9.60271], [77.18971, 9.6345], [77.17466, 9.66374], [77.15421, 9.68932], [77.12971, 9.71067], [77.10231, 9.72766], [77.07283, 9.74023], [77.04187, 9.74822], [77.01, 9.75121], [76.97805, 9.74869], [76.94713, 9.74032], [76.91854, 9.7262], [76.89346, 9.70695], [76.87266, 9.68364], [76.85637, 9.65746], [76.84435, 9.62945], [76.83621, 9.60022], [76.83175, 9.57], [76.83125, 9.53892], [76.83547, 9.50736], [76.84534, 9.47626], [76.86157, 9.44719], [76.88416, 9.42211], [76.91218, 9.40293], [76.9439, 9.39092], [76.97717, 9.38643], [77.01, 9.38879], [77.041, 9.39666], [77.0696, 9.40852], [77.09594, 9.42321], [77.1204, 9.44026], [77.14311, 9.45986], [77.16363, 9.48254], [77.18083, 9.50869], [77.1932, 9.53815], [77.19928, 9.57]]]}, "properties": {"id": "peerumade", "taluk_name": "Peerumade", "malayalam_name": "പീരുമേട്", "district_name": "Idukki", "district_id": "idukki", "elevation_m": 1100, "slope_degrees": 21.0, "area_sq_km": 1271, "centroid": {"lat": 9.57, "lng": 77.01}, "dominant_land_use": "Tea, Cardamom & Periyar Tiger Reserve Forest", "soil_type": "Deep Red Latosols", "rusle": {"R": 5400, "K": 0.031, "LS": 15.2, "C": 0.22, "P": 0.67, "A": 52.4}, "risk_category": "Very Severe", "time_series": {"2018": 61.5, "2019": 55.2, "2020": 48.6, "2021": 51.9, "2022": 47.0, "2023": 41.2, "2024": 52.4}, "conservation": ["Contour stone bunds in abandoned tea patches", "Live hedge planting with Leucaena and Gliricidia"], "is_sample_data": true, "data_source": "Bundled GeoJSON (DEMO Mode)"}}, {"type": "Feature", "id": "thodupuzha", "geometry": {"type": "Polygon", "coordinates": [[[76.82859, 9.89], [76.82789, 9.91048], [76.8226, 9.93037], [76.81317, 9.94868], [76.80035, 9.96469], [76.785, 9.97806], [76.76784, 9.98869], [76.74937, 9.99656], [76.72997, 10.00156], [76.71, 10.00343], [76.68998, 10.00185], [76.67061, 9.99662], [76.6527, 9.98777], [76.63698, 9.97572], [76.62395, 9.96113], [76.61374, 9.94475], [76.60621, 9.92721], [76.60111, 9.90892], [76.59832, 9.89], [76.59801, 9.87055], [76.60065, 9.85079], [76.60683, 9.83132], [76.617, 9.81312], [76.63115, 9.79743], [76.64871, 9.78542], [76.66858, 9.7779], [76.68943, 9.77509], [76.71, 9.77657], [76.72942, 9.7815], [76.74734, 9.78892], [76.76385, 9.79812], [76.77917, 9.80879], [76.7934, 9.82106], [76.80626, 9.83525], [76.81704, 9.85162], [76.82478, 9.87006], [76.82859, 9.89]]]}, "properties": {"id": "thodupuzha", "taluk_name": "Thodupuzha", "malayalam_name": "തൊടുപുഴ", "district_name": "Idukki", "district_id": "idukki", "elevation_m": 250, "slope_degrees": 8.0, "area_sq_km": 498, "centroid": {"lat": 9.89, "lng": 76.71}, "dominant_land_use": "Rubber, Pineapple, Spices & Homesteads", "soil_type": "Red Lateritic Loam", "rusle": {"R": 3800, "K": 0.026, "LS": 5.4, "C": 0.18, "P": 0.72, "A": 16.5}, "risk_category": "High", "time_series": {"2018": 21.0, "2019": 18.5, "2020": 15.0, "2021": 16.8, "2022": 14.9, "2023": 12.8, "2024": 16.5}, "conservation": ["Pineapple contour planting across midland hillocks", "Mulching with rubber leaf litter"], "is_sample_data": true, "data_source": "Bundled GeoJSON (DEMO Mode)"}}, {"type": "Feature", "id": "idukki_taluk", "geometry": {"type": "Polygon", "coordinates": [[[77.02812, 9.85], [77.02747, 9.86867], [77.02265, 9.88681], [77.01405, 9.9035], [77.00237, 9.9181], [76.98838, 9.93029], [76.97273, 9.93998], [76.95589, 9.94716], [76.9382, 9.95171], [76.92, 9.95342], [76.90175, 9.95198], [76.88409, 9.94721], [76.86776, 9.93915], [76.85343, 9.92816], [76.84155, 9.91486], [76.83225, 9.89992], [76.82538, 9.88393], [76.82073, 9.86725], [76.81818, 9.85], [76.8179, 9.83226], [76.82031, 9.81425], [76.82595, 9.7965], [76.83522, 9.77991], [76.84812, 9.7656], [76.86412, 9.75465], [76.88224, 9.74779], [76.90125, 9.74523], [76.92, 9.74658], [76.9377, 9.75107], [76.95404, 9.75784], [76.96909, 9.76623], [76.98306, 9.77596], [76.99604, 9.78714], [77.00775, 9.80008], [77.01758, 9.81501], [77.02464, 9.83182], [77.02812, 9.85]]]}, "properties": {"id": "idukki_taluk", "taluk_name": "Idukki", "malayalam_name": "ഇടുക്കി", "district_name": "Idukki", "district_id": "idukki", "elevation_m": 900, "slope_degrees": 18.0, "area_sq_km": 414, "centroid": {"lat": 9.85, "lng": 76.92}, "dominant_land_use": "Reservoir Catchment, Hydro-electric Buffer & Forest", "soil_type": "Gravelly Forest Loams", "rusle": {"R": 5300, "K": 0.032, "LS": 14.5, "C": 0.22, "P": 0.66, "A": 49.8}, "risk_category": "Very Severe", "time_series": {"2018": 58.0, "2019": 52.4, "2020": 45.9, "2021": 48.6, "2022": 44.1, "2023": 38.5, "2024": 49.8}, "conservation": ["Silt detention reservoirs near dam inflows", "Strict enforcement of ecological buffer zoning"], "is_sample_data": true, "data_source": "Bundled GeoJSON (DEMO Mode)"}}, {"type": "Feature", "id": "kasaragod_t", "geometry": {"type": "Polygon", "coordinates": [[[74.9080429077149, 12.762571334838924], [74.90911102294922, 12.763031005859489], [74.92935180664068, 12.771331787109375], [74.93733215332031, 12.772191047668457], [74.95420074462896, 12.779280662536621], [74.96025848388678, 12.779040336608944], [74.96337127685558, 12.774829864501953], [74.96536254882812, 12.774801254272575], [74.9672622680664, 12.776851654052848], [74.9686279296875, 12.776261329650879], [74.96900177001953, 12.772929191589355], [74.97067260742182, 12.77256011962902], [74.98192596435541, 12.775239944458065], [74.98729705810547, 12.777920722961426], [74.99257659912121, 12.783620834350529], [74.98883056640625, 12.789230346679688], [74.98945617675787, 12.790810585021973], [74.9922866821289, 12.790459632873592], [74.99600219726574, 12.787981033325252], [75.00029754638672, 12.783481597900447], [75.00393676757818, 12.78561973571783], [75.00527954101568, 12.785491943359432], [75.00412750244146, 12.773551940917912], [75.0052261352539, 12.769330978393555], [75.007797241211, 12.76509094238287], [75.00860595703136, 12.760431289672795], [75.00711059570312, 12.757061958313102], [75.0042724609375, 12.7539901733399], [75.00025939941406, 12.751550674438533], [74.99529266357422, 12.744840621948356], [74.99175262451178, 12.73816967010498], [74.98986053466803, 12.737280845642033], [74.98606109619152, 12.738479614257812], [74.98442840576172, 12.735940933227596], [74.9847793579101, 12.729881286621037], [74.9869384765625, 12.728797912597656], [74.98838043212902, 12.731929779052734], [74.99015045166016, 12.731100082397518], [74.99304962158203, 12.733139991760197], [75.00023651123041, 12.727400779724121], [75.0121688842774, 12.722841262817496], [75.01085662841808, 12.7192897796632], [75.00306701660168, 12.713691711425781], [75.00402832031261, 12.711721420288086], [75.00708007812511, 12.709209442138672], [75.01429748535168, 12.707800865173397], [75.01905822753918, 12.714750289916935], [75.02295684814453, 12.715620994567928], [75.0256958007813, 12.714319229125977], [75.03137969970703, 12.716952323913688], [75.03811645507818, 12.718589782714957], [75.04308319091803, 12.71552944183361], [75.0462417602539, 12.71634960174572], [75.04966735839844, 12.714699745178223], [75.05285644531261, 12.709821701049805], [75.05574798583984, 12.703411102295036], [75.05216979980469, 12.69817066192627], [75.05679321289068, 12.68672084808361], [75.05455017089855, 12.683580398559513], [75.05213165283203, 12.687007904052848], [75.04859924316412, 12.688321113586483], [75.04467773437494, 12.687440872192383], [75.04309082031261, 12.670571327209416], [75.0447616577149, 12.663301467895621], [75.04780578613287, 12.660088539123478], [75.05531311035168, 12.660061836242676], [75.05827331542969, 12.658631324768066], [75.06089019775385, 12.661481857299862], [75.06600952148449, 12.657952308654899], [75.07026672363281, 12.65802001953125], [75.07520294189453, 12.665431976318416], [75.07942199707031, 12.666580200195312], [75.0830917358399, 12.666408538818473], [75.0849075317384, 12.670479774475154], [75.08670043945312, 12.670850753784293], [75.08743286132812, 12.675960540771598], [75.08497619628906, 12.689682006835938], [75.08242797851574, 12.693229675293082], [75.08609771728516, 12.697781562805176], [75.09163665771484, 12.694711685180721], [75.09925842285156, 12.69335079193121], [75.10441589355469, 12.691551208496094], [75.10865783691412, 12.684941291809196], [75.11267089843756, 12.675910949707031], [75.12078857421875, 12.67356967926031], [75.12689971923828, 12.673311233520508], [75.13188934326172, 12.6708402633667], [75.13667297363281, 12.671171188354549], [75.13919830322271, 12.672750473022575], [75.14450836181646, 12.67290019989025], [75.15064239501959, 12.67634201049816], [75.15069580078136, 12.668858528137264], [75.15571594238281, 12.666030883789062], [75.16113281250006, 12.665679931640682], [75.16129302978521, 12.664071083068961], [75.15508270263683, 12.653679847717342], [75.15164947509777, 12.649360656738395], [75.15123748779308, 12.643440246582145], [75.15032958984386, 12.641889572143498], [75.14122009277344, 12.637820243835392], [75.1429672241211, 12.633310317993221], [75.14766693115229, 12.628650665283317], [75.15487670898449, 12.619580268859863], [75.15917205810547, 12.617050170898494], [75.16279602050781, 12.617639541625977], [75.17000579833984, 12.616559982299805], [75.17748260498047, 12.622209548950195], [75.18257904052729, 12.627441406249943], [75.18985748291016, 12.627051353454533], [75.1943817138673, 12.62543106079113], [75.20143127441418, 12.625110626220703], [75.2027969360351, 12.62307167053234], [75.19946289062506, 12.613121032714957], [75.19870758056646, 12.606160163879508], [75.20244598388672, 12.60272121429449], [75.20729827880865, 12.599949836730957], [75.20954132080084, 12.597271919250488], [75.20897674560553, 12.591540336608887], [75.20749664306646, 12.588501930236873], [75.20455169677734, 12.586650848388729], [75.20340728759766, 12.58057022094738], [75.20752716064464, 12.582990646362305], [75.21084594726562, 12.583979606628532], [75.21404266357416, 12.573411941528377], [75.21691131591791, 12.571070671081486], [75.22290039062506, 12.562640190124625], [75.23129272460943, 12.560821533203182], [75.23629760742193, 12.561840057373104], [75.23818969726568, 12.5641126632691], [75.23867797851562, 12.572500228881836], [75.24003601074219, 12.573969841003418], [75.24948883056652, 12.57488155364996], [75.25019836425787, 12.579189300537166], [75.25617980957043, 12.585721015930233], [75.25881958007824, 12.590970039367676], [75.26214599609375, 12.593001365661678], [75.26785278320312, 12.605680465698242], [75.27031707763666, 12.608980178833121], [75.27672576904303, 12.611660003662223], [75.28103637695312, 12.608029365539608], [75.28885650634766, 12.604580879211483], [75.2911376953125, 12.596619606018066], [75.29390716552746, 12.595541954040641], [75.29833984375011, 12.598410606384391], [75.30149078369146, 12.59906101226801], [75.30561828613281, 12.59492015838623], [75.30825042724621, 12.587869644165039], [75.3185272216798, 12.585140228271541], [75.32785797119152, 12.585181236267147], [75.32846069335949, 12.577111244201603], [75.32630920410162, 12.574441909790153], [75.31936645507812, 12.57374191284191], [75.31619262695318, 12.5686616897583], [75.30977630615246, 12.571632385253906], [75.30314636230469, 12.573499679565487], [75.29496765136719, 12.57492923736578], [75.29139709472662, 12.57488155364996], [75.2867660522461, 12.564990043640137], [75.28349304199219, 12.56417179107666], [75.2768325805664, 12.564089775085506], [75.27258300781261, 12.55886173248291], [75.27091979980469, 12.553540229797477], [75.27240753173822, 12.539880752563533], [75.27961730957043, 12.52338027954113], [75.28114318847668, 12.518139839172363], [75.28581237792969, 12.519861221313533], [75.29177093505865, 12.52069091796875], [75.2961196899414, 12.519659996032658], [75.30004882812511, 12.516890525817928], [75.30465698242188, 12.517290115356445], [75.30430603027344, 12.49751186370861], [75.30494689941412, 12.496752738952694], [75.3073501586914, 12.49741172790533], [75.31009674072271, 12.495820999145565], [75.31418609619135, 12.492020606994743], [75.30943298339844, 12.489550590515194], [75.30551147460943, 12.48840045928955], [75.3008804321289, 12.482891082763729], [75.29496765136719, 12.47745132446289], [75.29070281982433, 12.464509963989315], [75.28833770751959, 12.462291717529354], [75.28394317626959, 12.46453952789318], [75.2774505615235, 12.466528892517147], [75.27395629882812, 12.458411216735954], [75.27118682861334, 12.455861091613883], [75.27234649658209, 12.453029632568303], [75.26822662353516, 12.453260421752873], [75.26473999023449, 12.454629898071346], [75.26374816894537, 12.458209991455078], [75.2593383789063, 12.459250450134277], [75.25598144531261, 12.456250190734977], [75.2586059570313, 12.453560829162598], [75.2554931640625, 12.450561523437557], [75.2470932006836, 12.454010009765682], [75.24649047851562, 12.45713043212885], [75.24691772460938, 12.462301254272518], [75.24254608154303, 12.45849990844738], [75.23854064941412, 12.458791732788029], [75.23420715332043, 12.45769119262701], [75.23224639892584, 12.463590621948242], [75.23487091064453, 12.467120170593205], [75.2301025390625, 12.467760086059627], [75.22593688964844, 12.46608924865734], [75.22209167480469, 12.462581634521484], [75.22115325927734, 12.457640647888297], [75.22278594970714, 12.449220657348633], [75.22255706787115, 12.43738079071045], [75.21782684326183, 12.428762435913143], [75.21317291259771, 12.429109573364371], [75.20902252197271, 12.427560806274528], [75.20842742919928, 12.423589706420955], [75.2037506103515, 12.422510147094727], [75.1989974975586, 12.420101165771541], [75.19402313232416, 12.421381950378418], [75.19164276123053, 12.426521301269588], [75.18604278564453, 12.426312446594352], [75.1839370727539, 12.429269790649528], [75.18102264404308, 12.425171852111816], [75.1720962524414, 12.421270370483398], [75.16668701171886, 12.421629905700627], [75.16030883789062, 12.41499137878418], [75.15690612792974, 12.41842079162609], [75.15406799316412, 12.414489746093807], [75.15077209472656, 12.412410736083984], [75.14543914794922, 12.413290977478027], [75.14363098144543, 12.417169570922852], [75.13349914550793, 12.418572425842399], [75.13047027587902, 12.42222976684576], [75.13105773925793, 12.42648029327404], [75.12641143798834, 12.427459716796932], [75.12227630615246, 12.426601409912166], [75.11744689941412, 12.427861213684025], [75.11392211914062, 12.433900833129826], [75.10832977294933, 12.433968544006404], [75.10510253906261, 12.43557167053234], [75.09648895263678, 12.434011459350586], [75.09101867675776, 12.441381454467887], [75.08529663085932, 12.440430641174316], [75.08670806884771, 12.444441795349178], [75.08557128906256, 12.448649406433105], [75.0822982788086, 12.45381164550787], [75.08663940429682, 12.453580856323299], [75.0910415649414, 12.456509590148926], [75.09012603759766, 12.461010932922477], [75.08434295654291, 12.467700958251896], [75.0779418945313, 12.459970474243221], [75.07063293457031, 12.453669548034725], [75.06082153320318, 12.449321746826229], [75.05268096923822, 12.453521728515625], [75.04976654052746, 12.457058906555119], [75.04589843750006, 12.4591703414917], [75.04032135009766, 12.46177864074707], [75.03460693359375, 12.462030410766658], [75.03138732910156, 12.464778900146541], [75.02989959716803, 12.469111442565975], [75.02686309814459, 12.473981857299862], [75.02529144287115, 12.469291687011832], [75.02127838134766, 12.46548080444336], [75.02117156982433, 12.462260246276912], [75.0235595703125, 12.456830978393668], [75.03005981445318, 12.451450347900504], [75.02971649169928, 12.447370529174805], [75.025405883789, 12.438000679016113], [75.02134704589855, 12.43718147277832], [75.01272583007818, 12.441101074218693], [75.00514221191418, 12.438098907470817], [75.00514221191418, 12.438470840454045], [75.0048599243164, 12.438470840454045], [75.0048599243164, 12.439030647277889], [75.0045852661134, 12.43902683258051], [75.0045852661134, 12.440694808959961], [75.0048599243164, 12.440690994262752], [75.0048599243164, 12.44124889373785], [75.00514221191418, 12.44124889373785], [75.00514221191418, 12.442083358764705], [75.0048599243164, 12.442081451416072], [75.0048599243164, 12.442919731140137], [75.0045852661134, 12.442916870117244], [75.00459289550793, 12.443749427795524], [75.00430297851562, 12.443749427795524], [75.00430297851562, 12.444310188293457], [75.0045852661134, 12.444305419921989], [75.0045852661134, 12.444582939148063], [75.0048599243164, 12.444581031799316], [75.0048599243164, 12.44514179229742], [75.00430297851562, 12.44514179229742], [75.00430297851562, 12.444861412048454], [75.00402832031261, 12.444861412048454], [75.00402832031261, 12.444582939148063], [75.00375366210943, 12.444582939148063], [75.00375366210943, 12.444026947021598], [75.00347137451166, 12.444041252136174], [75.00347137451166, 12.443749427795524], [75.00290679931635, 12.443749427795524], [75.00290679931635, 12.443470954895133], [75.00263977050787, 12.443470954895133], [75.00263977050787, 12.443749427795524], [75.00235748291016, 12.443749427795524], [75.00235748291016, 12.444041252136174], [75.00208282470714, 12.444026947021598], [75.00208282470714, 12.444582939148063], [75.0018081665039, 12.444581031799316], [75.0018081665039, 12.44514179229742], [75.00152587890636, 12.445139884948844], [75.00152587890636, 12.44569110870367], [75.00125122070312, 12.445699691772461], [75.00125122070312, 12.446530342102164], [75.00096893310558, 12.446528434753418], [75.00096893310558, 12.447084426879883], [75.00067901611328, 12.447080612182674], [75.00067901611328, 12.447640419006348], [75.00036621093761, 12.447640419006348], [75.00028991699219, 12.447640419006348], [75.00013732910162, 12.447640419006348], [74.99986267089844, 12.447636604309139], [74.99986267089844, 12.44847202301031], [74.99931335449219, 12.44847202301031], [74.99931335449219, 12.449029922485352], [74.99903106689464, 12.449029922485352], [74.99903106689464, 12.449310302734318], [74.99874877929688, 12.44930553436285], [74.99874877929688, 12.44958400726324], [74.9981918334961, 12.44958400726324], [74.9981918334961, 12.449861526489315], [74.99791717529308, 12.449861526489315], [74.99791717529308, 12.450694084167594], [74.9976425170899, 12.450689315795955], [74.9976425170899, 12.451530456543026], [74.99793243408214, 12.451530456543026], [74.99793243408214, 12.451812744140625], [74.9976425170899, 12.451806068420353], [74.9976425170899, 12.452083587646484], [74.9973602294923, 12.452083587646484], [74.9973602294923, 12.45291805267334], [74.99708557128912, 12.45291805267334], [74.99708557128912, 12.453472137451172], [74.9973602294923, 12.453470230102596], [74.9973602294923, 12.454311370849723], [74.99708557128912, 12.454305648803768], [74.99708557128912, 12.454584121704158], [74.99680328369135, 12.45458030700695], [74.99680328369135, 12.454859733581657], [74.99652862548834, 12.454859733581657], [74.99652862548834, 12.455140113830623], [74.99624633789062, 12.455140113830623], [74.99624633789062, 12.455421447753906], [74.99597167968756, 12.455421447753906], [74.99597167968756, 12.456250190734977], [74.99624633789062, 12.456250190734977], [74.99624633789062, 12.456530570983944], [74.99597167968756, 12.456527709961051], [74.99597167968756, 12.457083702087516], [74.99569702148438, 12.457083702087516], [74.99569702148438, 12.457371711731014], [74.99569702148438, 12.457640647888297], [74.99541473388683, 12.457637786865234], [74.99541473388683, 12.457750320434513], [74.99541473388683, 12.45847225189209], [74.99524688720714, 12.458470344543514], [74.99485778808605, 12.458470344543514], [74.99485778808605, 12.459039688110465], [74.99458312988287, 12.459029197692871], [74.99458312988287, 12.459582328796444], [74.9943084716798, 12.459580421447868], [74.9943084716798, 12.4601411819458], [74.99402618408209, 12.4601411819458], [74.99402618408209, 12.460420608520451], [74.99375152587885, 12.460420608520451], [74.99375152587885, 12.461251258850154], [74.9934692382813, 12.461251258850154], [74.9934692382813, 12.461530685424805], [74.99375152587885, 12.461530685424805], [74.99375152587885, 12.461811065673828], [74.9934692382813, 12.461811065673828], [74.9934692382813, 12.462640762329158], [74.99263763427734, 12.462638854980582], [74.99263763427734, 12.463194847106877], [74.99291992187506, 12.463194847106877], [74.99291992187506, 12.463473320007438], [74.99263763427734, 12.463473320007438], [74.99263763427734, 12.464583396911621], [74.99236297607433, 12.464583396911621], [74.99236297607433, 12.464860916137695], [74.99208068847656, 12.464849472046012], [74.99208068847656, 12.465141296386662], [74.99236297607433, 12.465141296386662], [74.99236297607433, 12.465421676635856], [74.99208068847656, 12.46541690826416], [74.99208068847656, 12.465970993042049], [74.99179840087902, 12.465970993042049], [74.99179840087902, 12.466528892517147], [74.99153137207037, 12.466528892517147], [74.99153137207037, 12.466810226440373], [74.99180603027355, 12.466805458068904], [74.99180603027355, 12.467082977295036], [74.99153137207037, 12.467082977295036], [74.99153137207037, 12.46736145019537], [74.99124908447277, 12.46736145019537], [74.99124908447277, 12.467919349670467], [74.99097442626959, 12.467917442321891], [74.99097442626959, 12.468473434448356], [74.99069213867182, 12.468470573425293], [74.99069213867182, 12.46875095367443], [74.9904174804688, 12.46875095367443], [74.9904174804688, 12.46902942657482], [74.9901351928711, 12.469026565551758], [74.99014282226562, 12.469861030578613], [74.98986053466803, 12.469861030578613], [74.98986053466803, 12.470138549804688], [74.9893035888673, 12.470138549804688], [74.9893035888673, 12.470694541931152], [74.98902893066406, 12.470690727234], [74.98902893066406, 12.47125244140625], [74.98873901367199, 12.47125244140625], [74.98873901367199, 12.471810340881461], [74.98847198486328, 12.471804618835506], [74.98847198486328, 12.472083091735897], [74.98819732666027, 12.47208118438732], [74.98819732666027, 12.472920417785645], [74.98791503906256, 12.472917556762752], [74.98791503906256, 12.47319316864025], [74.98764038085932, 12.473191261291504], [74.98764038085932, 12.473752021789608], [74.98735809326178, 12.473752021789608], [74.98735809326178, 12.474309921264648], [74.9870834350586, 12.474306106567496], [74.9870834350586, 12.47458362579357], [74.98680877685553, 12.47458362579357], [74.98680877685553, 12.474862098693961], [74.987075805664, 12.474859237670898], [74.987075805664, 12.475139617919865], [74.98680877685553, 12.475139617919865], [74.98680877685553, 12.475693702697754], [74.98652648925781, 12.475693702697754], [74.98652648925781, 12.475972175598145], [74.9862518310548, 12.475969314575252], [74.9862518310548, 12.476530075073185], [74.98596954345703, 12.47652816772461], [74.98596954345703, 12.477084159851074], [74.9862518310548, 12.477079391479606], [74.9862518310548, 12.477359771728572], [74.98596954345703, 12.477359771728572], [74.98596954345703, 12.477919578552246], [74.98569488525402, 12.477915763855037], [74.98569488525402, 12.478194236755428], [74.98542022705078, 12.478192329406852], [74.98542022705078, 12.478750228881893], [74.98513793945324, 12.478750228881893], [74.98513793945324, 12.479583740234489], [74.98486328125006, 12.479581832885685], [74.98486328125006, 12.480421066284237], [74.98458099365246, 12.48041629791254], [74.98458099365246, 12.480972290039006], [74.98430633544928, 12.48097038269043], [74.98430633544928, 12.481251716613883], [74.98401641845697, 12.481251716613883], [74.98400115966808, 12.481530189514274], [74.9837493896485, 12.481530189514274], [74.9837493896485, 12.482361793518066], [74.98346710205078, 12.482361793518066], [74.98346710205078, 12.482640266418457], [74.98319244384771, 12.482640266418457], [74.98319244384771, 12.482361793518066], [74.98291778564453, 12.482361793518066], [74.98291778564453, 12.482640266418457], [74.98236083984375, 12.482640266418457], [74.98236083984375, 12.482920646667594], [74.98208618164074, 12.482915878295955], [74.98208618164074, 12.48347187042242], [74.98179626464844, 12.483469963073844], [74.98179626464844, 12.484030723571777], [74.98152923583996, 12.484027862548885], [74.98152923583996, 12.484581947326774], [74.98124694824224, 12.484580039978027], [74.98124694824224, 12.485140800476131], [74.980972290039, 12.485137939453239], [74.980972290039, 12.485693931579704], [74.98042297363281, 12.485692024230957], [74.98042297363281, 12.486250877380485], [74.98014068603521, 12.486250877380485], [74.98014068603521, 12.486810684204158], [74.9798583984375, 12.486810684204158], [74.9798583984375, 12.487360954284668], [74.97958374023449, 12.487360954284668], [74.97957611083996, 12.487469673156795], [74.97956085205084, 12.487920761108512], [74.97930908203125, 12.487920761108512], [74.97930908203125, 12.488751411437988], [74.97902679443371, 12.488751411437988], [74.97902679443371, 12.489309310913029], [74.97875213623053, 12.48930454254156], [74.97875213623053, 12.489860534668026], [74.97846984863293, 12.489860534668026], [74.97846984863293, 12.490694999694881], [74.97820281982428, 12.490690231323242], [74.97820281982428, 12.491250991821346], [74.97791290283197, 12.491250991821346], [74.97791290283197, 12.491808891296444], [74.97763824462896, 12.491808891296444], [74.97763824462896, 12.492641448974723], [74.97736358642578, 12.49263858795166], [74.97736358642578, 12.493194580078125], [74.97708129882818, 12.493187904357853], [74.97708129882818, 12.49375057220459], [74.97679901123047, 12.49375057220459], [74.97679901123047, 12.494031906128043], [74.97652435302746, 12.494027137756348], [74.97652435302746, 12.49458312988287], [74.97624969482422, 12.494581222534237], [74.97624969482422, 12.495150566101017], [74.97597503662121, 12.495139122009334], [74.97597503662121, 12.495972633361873], [74.97569274902344, 12.495970726013297], [74.97569274902344, 12.496809959411621], [74.97541809082043, 12.496805191040153], [74.97541809082043, 12.497361183166618], [74.97513580322271, 12.497361183166618], [74.97513580322271, 12.497641563415584], [74.97486114501947, 12.497641563415584], [74.97486114501947, 12.49792194366455], [74.97458648681646, 12.497915267944336], [74.97458648681646, 12.4984712600708], [74.97402954101568, 12.4984712600708], [74.97402954101568, 12.498751640319938], [74.97347259521496, 12.498748779296875], [74.97347259521496, 12.499584197998047], [74.97376251220703, 12.499581336975154], [74.97376251220703, 12.500419616699162], [74.97347259521496, 12.500417709350586], [74.97347259521496, 12.500971794128475], [74.97292327880871, 12.500960350036564], [74.97292327880871, 12.501810073852482], [74.97264099121094, 12.50180625915533], [74.97264099121094, 12.502083778381404], [74.97292327880871, 12.502080917358342], [74.97292327880871, 12.50263977050787], [74.97264099121094, 12.50263977050787], [74.97264099121094, 12.503749847412053], [74.9723587036134, 12.503749847412053], [74.9723587036134, 12.504309654235897], [74.97207641601568, 12.504309654235897], [74.97207641601568, 12.50541973114025], [74.97180938720697, 12.505415916442871], [74.97180175781261, 12.505971908569336], [74.97152709960943, 12.505971908569336], [74.97152709960943, 12.506250381469727], [74.97125244140625, 12.506250381469727], [74.97125244140625, 12.506532669067496], [74.97097015380865, 12.506532669067496], [74.97097015380865, 12.507090568542537], [74.97069549560547, 12.50708198547369], [74.97069549560547, 12.508472442627067], [74.97013854980469, 12.508469581604004], [74.97013854980469, 12.508749961853141], [74.97041320800787, 12.508749961853141], [74.97041320800787, 12.509310722351074], [74.97013854980469, 12.509310722351074], [74.97013854980469, 12.510420799255428], [74.96986389160168, 12.510416030883789], [74.96986389160168, 12.510693550109863], [74.9695816040039, 12.510689735412711], [74.9695816040039, 12.512921333313102], [74.96902465820318, 12.512915611267147], [74.96902465820318, 12.513195037841854], [74.96875000000011, 12.513190269470215], [74.96875000000011, 12.514031410217285], [74.96848297119146, 12.514031410217285], [74.96848297119146, 12.515140533447322], [74.96819305419916, 12.515138626098746], [74.96819305419916, 12.515973091125602], [74.96791839599615, 12.515971183776855], [74.96791839599615, 12.516250610351506], [74.9676284790039, 12.516250610351506], [74.9676284790039, 12.516812324523926], [74.96736145019537, 12.516804695129395], [74.96736145019537, 12.517083168029785], [74.96708679199219, 12.517083168029785], [74.96708679199219, 12.518195152282715], [74.96679687500011, 12.518190383911246], [74.96679687500011, 12.51875114440918], [74.9665298461914, 12.51875114440918], [74.9665298461914, 12.519861221313533], [74.96624755859386, 12.519861221313533], [74.96624755859386, 12.521250724792594], [74.96597290039068, 12.521250724792594], [74.96597290039068, 12.521809577941951], [74.96569824218761, 12.521804809570312], [74.96569824218761, 12.522083282470703], [74.9654159545899, 12.522083282470703], [74.9654159545899, 12.522360801696777], [74.96514129638666, 12.522358894348201], [74.96514129638666, 12.522919654846305], [74.96485900878912, 12.522916793823242], [74.96485900878912, 12.523195266723633], [74.96458435058594, 12.523195266723633], [74.96458435058594, 12.52458286285406], [74.96430206298834, 12.52458286285406], [74.96430206298834, 12.525138854980526], [74.96402740478516, 12.525138854980526], [74.96402740478516, 12.525695800781307], [74.96375274658214, 12.525691032409668], [74.96375274658214, 12.526251792907772], [74.96347045898438, 12.526251792907772], [74.96347045898438, 12.526809692382812], [74.96319580078136, 12.52680587768566], [74.96319580078136, 12.527084350586051], [74.96290588378906, 12.527080535888672], [74.96290588378906, 12.5287504196167], [74.96263885498058, 12.5287504196167], [74.96263885498058, 12.529862403869629], [74.9623641967774, 12.529862403869629], [74.9623641967774, 12.530408859252987], [74.9623641967774, 12.530694007873592], [74.9622268676759, 12.530694007873592], [74.96208190917963, 12.530694007873592], [74.96208190917963, 12.530999183654785], [74.96208190917963, 12.531261444091797], [74.96196746826178, 12.53125], [74.96180725097662, 12.53125], [74.96181488037115, 12.531520843505916], [74.96182250976568, 12.53180980682373], [74.96153259277344, 12.53180980682373], [74.96153259277344, 12.532640457153377], [74.96125030517584, 12.532637596130314], [74.96125030517584, 12.533193588256836], [74.96098327636719, 12.533191680908203], [74.96098327636719, 12.5337495803833], [74.96069335937511, 12.5337495803833], [74.96069335937511, 12.536810874939079], [74.96041870117188, 12.536804199218864], [74.96041870117188, 12.538193702697868], [74.96013641357433, 12.538191795349121], [74.96013641357433, 12.539859771728516], [74.9598617553711, 12.539859771728516], [74.9598617553711, 12.541251182556152], [74.95958709716808, 12.541251182556152], [74.95958709716808, 12.542361259460506], [74.95929718017584, 12.542361259460506], [74.95929718017584, 12.543202400207576], [74.95903015136713, 12.543194770813045], [74.95903015136713, 12.54375076293951], [74.95874786376959, 12.54375076293951], [74.95874786376959, 12.54458332061779], [74.9584732055664, 12.544580459594727], [74.9584732055664, 12.545141220092887], [74.9581909179688, 12.545139312744084], [74.9581909179688, 12.545695304870549], [74.95791625976562, 12.54568958282482], [74.95791625976562, 12.546261787414664], [74.95764160156261, 12.546261787414664], [74.95764160156261, 12.546530723571891], [74.95735931396484, 12.546526908874512], [74.95735931396484, 12.547082901001033], [74.9570770263673, 12.5470809936524], [74.9570770263673, 12.547638893127498], [74.95680236816406, 12.547638893127498], [74.95680236816406, 12.548194885253963], [74.95652770996105, 12.548194885253963], [74.95652770996105, 12.548473358154354], [74.95625305175787, 12.548471450805721], [74.95625305175787, 12.549029350280819], [74.95652770996105, 12.549027442932243], [74.95652770996105, 12.549583435058707], [74.95680236816406, 12.549580574035645], [74.95680236816406, 12.549860954284782], [74.9570770263673, 12.549860954284782], [74.9570770263673, 12.550139427185172], [74.95735931396484, 12.550139427185172], [74.95735931396484, 12.550421714782715], [74.95764160156261, 12.550416946411246], [74.95764160156261, 12.550695419311637], [74.95791625976562, 12.550690650939998], [74.95791625976562, 12.551252365112418], [74.95764160156261, 12.551252365112418], [74.95764160156261, 12.55181026458746], [74.95735931396484, 12.551804542541504], [74.95735931396484, 12.552083015441895], [74.95708465576183, 12.552083015441895], [74.95708465576183, 12.552360534667969], [74.95680236816406, 12.552360534667969], [74.95680236816406, 12.552641868591422], [74.95652770996105, 12.552639961242676], [74.95652770996105, 12.553193092346248], [74.95625305175787, 12.553193092346248], [74.95625305175787, 12.553470611572322], [74.95597076416027, 12.553470611572322], [74.95597076416027, 12.553751945495605], [74.95568847656256, 12.553751945495605], [74.95568847656256, 12.554030418395996], [74.95539855957043, 12.554030418395996], [74.95539855957043, 12.55431175231945], [74.9551391601563, 12.55431175231945], [74.9551391601563, 12.554030418395996], [74.9548568725586, 12.554030418395996], [74.9548568725586, 12.553751945495605], [74.9551391601563, 12.553751945495605], [74.9551391601563, 12.553470611572322], [74.95541381835932, 12.553470611572322], [74.95541381835932, 12.552918434143066], [74.95568847656256, 12.552920341491813], [74.95568847656256, 12.552641868591422], [74.95597076416027, 12.552641868591422], [74.95597076416027, 12.552360534667969], [74.95625305175787, 12.552360534667969], [74.95625305175787, 12.552083015441895], [74.95652770996105, 12.552083015441895], [74.95652770996105, 12.550139427185172], [74.95625305175787, 12.550139427185172], [74.95625305175787, 12.549860954284782], [74.95597076416027, 12.549860954284782], [74.95597076416027, 12.549580574035645], [74.95569610595709, 12.549583435058707], [74.95569610595709, 12.549304962158317], [74.95541381835932, 12.549304962158317], [74.95541381835932, 12.549027442932243], [74.9551391601563, 12.549029350280819], [74.95511627197271, 12.548750877380428], [74.95458221435553, 12.548748970031852], [74.95458221435553, 12.549304962158317], [74.95430755615234, 12.549301147460938], [74.95430755615234, 12.550139427185172], [74.9540252685548, 12.550139427185172], [74.9540252685548, 12.550695419311637], [74.95375061035156, 12.550690650939998], [74.95375061035156, 12.551531791687069], [74.95347595214855, 12.55152702331543], [74.95347595214855, 12.552360534667969], [74.95318603515625, 12.552360534667969], [74.95318603515625, 12.552920341491813], [74.95291900634777, 12.552918434143066], [74.95291900634777, 12.553470611572322], [74.95262908935553, 12.553470611572322], [74.95262908935553, 12.554030418395996], [74.95236206054682, 12.554027557373104], [74.95236206054682, 12.554583549499569], [74.95207977294928, 12.554583549499569], [74.95207977294928, 12.555693626403922], [74.95181274414062, 12.555688858032283], [74.95181274414062, 12.556249618530217], [74.95153045654303, 12.556249618530217], [74.95153045654303, 12.556529998779354], [74.95124816894531, 12.556529998779354], [74.95124816894531, 12.557640075683537], [74.95096588134777, 12.557640075683537], [74.95096588134777, 12.559310913086051], [74.95069122314453, 12.559306144714355], [74.95069122314453, 12.559862136840877], [74.95041656494152, 12.559860229492244], [74.95041656494152, 12.560420036315918], [74.95014190673834, 12.56041622161871], [74.95014190673834, 12.56097221374523], [74.94985961914074, 12.560970306396428], [74.94985961914074, 12.561530113220272], [74.94958496093756, 12.561528205871696], [74.94958496093756, 12.56208419799816], [74.94930267333979, 12.562080383300781], [74.94930267333979, 12.562640190124625], [74.94902801513678, 12.562640190124625], [74.94902801513678, 12.563194274902344], [74.9487533569336, 12.563190460205135], [74.9487533569336, 12.563750267028809], [74.948471069336, 12.563750267028809], [74.948471069336, 12.564306259155273], [74.94819641113281, 12.564306259155273], [74.94819641113281, 12.564860343933162], [74.94790649414068, 12.564860343933162], [74.94790649414068, 12.565421104431266], [74.94763946533203, 12.565421104431266], [74.94763946533203, 12.56653118133545], [74.94736480712902, 12.56652641296398], [74.94736480712902, 12.567082405090446], [74.94708251953125, 12.567079544067383], [74.94708251953125, 12.56792068481451], [74.94680786132824, 12.567916870117301], [74.94680786132824, 12.568195343017692], [74.94653320312506, 12.568189620971737], [74.94653320312506, 12.569309234619197], [74.94625091552729, 12.569305419921875], [74.94625091552729, 12.56986141204834], [74.94596862792974, 12.56986141204834], [74.94595336914068, 12.571380615234318], [74.94595336914068, 12.571531295776367], [74.94569396972656, 12.571526527404842], [74.94569396972656, 12.572083473205623], [74.9454193115235, 12.572083473205623], [74.9454193115235, 12.572531700134277], [74.9454193115235, 12.572641372680721], [74.94513702392578, 12.572639465332088], [74.94513702392578, 12.573472976684684], [74.94486236572277, 12.57347106933588], [74.94486236572277, 12.573751449585075], [74.944580078125, 12.573751449585075], [74.944580078125, 12.574583053588867], [74.94431304931652, 12.574581146240234], [74.94431304931652, 12.57541942596447], [74.94403076171875, 12.575416564941406], [74.94403076171875, 12.575693130493221], [74.94388580322271, 12.575693130493221], [74.94374847412121, 12.575693130493221], [74.94374847412121, 12.576249122619686], [74.94347381591803, 12.576249122619686], [74.94347381591803, 12.577082633972225], [74.94319152832043, 12.577082633972225], [74.94319152832043, 12.577960968017521], [74.94319152832043, 12.578194618225154], [74.94291687011724, 12.578194618225154], [74.94291687011724, 12.578621864318961], [74.94291687011724, 12.579031944274902], [74.94274902343756, 12.579030036926326], [74.94264221191406, 12.579027175903434], [74.94264221191406, 12.579279899597168], [74.94264221191406, 12.579583168029899], [74.94251251220709, 12.579583168029899], [74.94235992431646, 12.579583168029899], [74.94235992431646, 12.579950332641715], [74.94235992431646, 12.580142021179256], [74.94208526611328, 12.58014011383068], [74.94208526611328, 12.580693244934082], [74.94180297851568, 12.580691337585506], [74.94180297851568, 12.581250190734863], [74.9415283203125, 12.581250190734863], [74.9415283203125, 12.581939697265682], [74.9415283203125, 12.582083702087402], [74.94125366210949, 12.582083702087402], [74.94124603271496, 12.582600593566895], [74.94124603271496, 12.582920074462834], [74.94097137451172, 12.582920074462834], [74.94097137451172, 12.584030151367188], [74.94069671630871, 12.584028244018612], [74.94069671630871, 12.584584236145076], [74.940414428711, 12.584584236145076], [74.940414428711, 12.584861755371207], [74.9401092529298, 12.584861755371207], [74.93985748291021, 12.584861755371207], [74.93985748291021, 12.58569431304926], [74.93958282470697, 12.585692405700684], [74.93958282470697, 12.586250305175724], [74.93930816650396, 12.586250305175724], [74.93930816650396, 12.587081909179688], [74.93902587890625, 12.58708381652832], [74.93902587890625, 12.588193893432674], [74.93875122070318, 12.588193893432674], [74.93875122070318, 12.588472366333065], [74.93846893310547, 12.588470458984432], [74.93846893310547, 12.588751792907715], [74.93818664550793, 12.588751792907715], [74.93818664550793, 12.59014034271246], [74.93791961669922, 12.59014034271246], [74.93791961669922, 12.590420722961426], [74.93819427490246, 12.590415954589957], [74.93819427490246, 12.590694427490348], [74.93791961669922, 12.59068965911871], [74.93791961669922, 12.591250419616813], [74.93765258789074, 12.591250419616813], [74.93765258789074, 12.591540336608887], [74.9373626708985, 12.591527938842887], [74.9373626708985, 12.592082023620605], [74.9370803833009, 12.59208011627203], [74.9370803833009, 12.592640876770133], [74.93681335449224, 12.592640876770133], [74.93681335449224, 12.5929212570191], [74.93653106689447, 12.592915534973145], [74.93653106689447, 12.593473434448242], [74.93624877929693, 12.593469619751033], [74.93624877929693, 12.594031333923454], [74.93597412109375, 12.594029426574707], [74.93597412109375, 12.594581604003963], [74.93569183349615, 12.594579696655387], [74.93569183349615, 12.59486103057867], [74.93541717529297, 12.59486103057867], [74.93541717529297, 12.595420837402344], [74.93514251708996, 12.595417022705135], [74.93514251708996, 12.5959730148316], [74.93486022949219, 12.595970153808537], [74.93486022949219, 12.596250534057674], [74.93514251708996, 12.596250534057674], [74.93514251708996, 12.596530914306697], [74.93486022949219, 12.596530914306697], [74.93486022949219, 12.596811294555664], [74.93458557128918, 12.596804618835392], [74.93458557128918, 12.597360610961857], [74.9343032836914, 12.597352027893066], [74.9343032836914, 12.597921371460018], [74.9340286254884, 12.597921371460018], [74.9340286254884, 12.598751068115178], [74.9343032836914, 12.598751068115178], [74.9343032836914, 12.599031448364371], [74.9340286254884, 12.599031448364371], [74.9340286254884, 12.599311828613338], [74.93374633789068, 12.599305152893066], [74.93374633789068, 12.599582672119197], [74.93347167968744, 12.599582672119197], [74.93347167968744, 12.599861145019531], [74.93374633789068, 12.599861145019531], [74.93374633789068, 12.600140571594238], [74.93347167968744, 12.600138664245662], [74.93347167968744, 12.600694656372127], [74.93319702148443, 12.600694656372127], [74.93319702148443, 12.600973129272518], [74.93290710449213, 12.600971221923885], [74.93290710449213, 12.601250648498592], [74.93264007568365, 12.601250648498592], [74.93264007568365, 12.602919578552303], [74.93235778808594, 12.60291671752941], [74.93235778808594, 12.603195190429801], [74.93208312988293, 12.603191375732422], [74.93208312988293, 12.60374927520752], [74.93235778808594, 12.60374927520752], [74.93235778808594, 12.604031562805233], [74.93264007568365, 12.604031562805233], [74.93264007568365, 12.603480339050236], [74.93290710449213, 12.603480339050236], [74.93290710449213, 12.602639198303336], [74.93319702148443, 12.602639198303336], [74.93319702148443, 12.602360725402946], [74.93347167968744, 12.602360725402946], [74.93347167968744, 12.602081298828068], [74.93374633789068, 12.602083206176871], [74.93374633789068, 12.600694656372127], [74.9340286254884, 12.600694656372127], [74.9340286254884, 12.600417137146053], [74.9343032836914, 12.600417137146053], [74.9343032836914, 12.600138664245662], [74.93459320068371, 12.600140571594238], [74.93459320068371, 12.599031448364371], [74.93486022949219, 12.599031448364371], [74.93486022949219, 12.598751068115178], [74.93541717529297, 12.598751068115178], [74.93541717529297, 12.598190307617244], [74.93569183349615, 12.598195075988713], [74.93569183349615, 12.597916603088322], [74.93596649169922, 12.597921371460018], [74.93596649169922, 12.597352027893066], [74.93624877929693, 12.597360610961857], [74.93624877929693, 12.597083091735954], [74.93653106689447, 12.597083091735954], [74.93653106689447, 12.596529006958065], [74.93681335449224, 12.596530914306697], [74.93681335449224, 12.595970153808537], [74.9370803833009, 12.5959730148316], [74.9370803833009, 12.59569454193121], [74.9373626708985, 12.59569454193121], [74.9373626708985, 12.595138549804744], [74.93765258789074, 12.595141410827637], [74.93765258789074, 12.59486103057867], [74.9373626708985, 12.59486103057867], [74.9373626708985, 12.594579696655387], [74.93763732910168, 12.594581604003963], [74.93763732910168, 12.594306945800781], [74.93791961669922, 12.59431076049816], [74.93791961669922, 12.594031333923454], [74.93818664550793, 12.594031333923454], [74.93818664550793, 12.593750953674316], [74.93846893310547, 12.593750953674316], [74.93846893310547, 12.593469619751033], [74.93875122070318, 12.593473434448242], [74.93875122070318, 12.593194007873535], [74.93902587890625, 12.593194007873535], [74.93902587890625, 12.59263801574707], [74.93930816650396, 12.592640876770133], [74.93930816650396, 12.59208011627203], [74.93958282470697, 12.592082023620605], [74.93958282470697, 12.591250419616813], [74.93985748291021, 12.591250419616813], [74.93985748291021, 12.59068965911871], [74.94013977050793, 12.590694427490348], [74.94013977050793, 12.589859962463493], [74.94039916992188, 12.589859962463493], [74.94039916992188, 12.589310646057243], [74.94097137451172, 12.589305877685604], [74.94097137451172, 12.589584350585994], [74.94125366210949, 12.589584350585994], [74.94125366210949, 12.590694427490348], [74.94097137451172, 12.59068965911871], [74.94097137451172, 12.591250419616813], [74.94069671630871, 12.591250419616813], [74.94069671630871, 12.592363357544059], [74.94039916992188, 12.59235954284668], [74.94039916992188, 12.592640876770133], [74.94013977050793, 12.59263801574707], [74.94013977050793, 12.593473434448242], [74.93985748291021, 12.593469619751033], [74.93985748291021, 12.59486103057867], [74.93930816650396, 12.59486103057867], [74.93930816650396, 12.5959730148316], [74.93902587890625, 12.595970153808537], [74.93902587890625, 12.596250534057674], [74.93875122070318, 12.596250534057674], [74.93875122070318, 12.596811294555664], [74.93818664550793, 12.596811294555664], [74.93818664550793, 12.597921371460018], [74.93791961669922, 12.597921371460018], [74.93791961669922, 12.598751068115178], [74.9370803833009, 12.598751068115178], [74.9370803833009, 12.599311828613338], [74.93680572509771, 12.599305152893066], [74.93680572509771, 12.600973129272518], [74.93653106689447, 12.600971221923885], [74.93653106689447, 12.601250648498592], [74.93596649169922, 12.601250648498592], [74.93596649169922, 12.601810455322266], [74.93569183349615, 12.60180473327648], [74.93569183349615, 12.602083206176871], [74.93541717529297, 12.602081298828068], [74.93541717529297, 12.602919578552303], [74.93514251708996, 12.602919578552303], [74.93514251708996, 12.604031562805233], [74.93486022949219, 12.604026794433594], [74.93486022949219, 12.604582786560059], [74.93459320068371, 12.604580879211483], [74.93459320068371, 12.605141639709586], [74.9343032836914, 12.605138778686523], [74.9343032836914, 12.605695724487305], [74.9340286254884, 12.605695724487305], [74.9340286254884, 12.605971336364803], [74.93374633789068, 12.605971336364803], [74.93374633789068, 12.607640266418514], [74.93347167968744, 12.607640266418514], [74.93347167968744, 12.607919692993164], [74.93319702148443, 12.607917785644588], [74.93319702148443, 12.608193397522086], [74.93347167968744, 12.608193397522086], [74.93347167968744, 12.608471870422477], [74.93319702148443, 12.608471870422477], [74.93319702148443, 12.608750343322868], [74.93290710449213, 12.608750343322868], [74.93290710449213, 12.609310150146541], [74.93264007568365, 12.609306335449332], [74.93264007568365, 12.609583854675236], [74.93235778808594, 12.609580993652344], [74.93235778808594, 12.610139846801701], [74.93208312988293, 12.610139846801701], [74.93208312988293, 12.610695838928166], [74.93180847167969, 12.610691070556697], [74.93180847167969, 12.611809730529899], [74.93208312988293, 12.61180591583252], [74.93208312988293, 12.613194465637264], [74.93152618408214, 12.613194465637264], [74.93152618408214, 12.613471984863395], [74.93096923828136, 12.613471984863395], [74.93096923828136, 12.613750457763729], [74.93068695068365, 12.613750457763729], [74.93068695068365, 12.614032745361328], [74.9301376342774, 12.614032745361328], [74.9301376342774, 12.613750457763729], [74.92986297607422, 12.613750457763729], [74.92986297607422, 12.613471984863395], [74.92958068847662, 12.613471984863395], [74.92958068847662, 12.612638473510799], [74.92930603027344, 12.612640380859375], [74.92930603027344, 12.612351417541618], [74.92958068847662, 12.612361907959041], [74.92958068847662, 12.61180591583252], [74.92930603027344, 12.611809730529899], [74.92930603027344, 12.610968589782829], [74.92958068847662, 12.61097240447998], [74.92958068847662, 12.610416412353516], [74.92930603027344, 12.610420227050895], [74.92930603027344, 12.610139846801701], [74.92903137207043, 12.610139846801701], [74.92903137207043, 12.610420227050895], [74.92874908447266, 12.610416412353516], [74.92874908447266, 12.61097240447998], [74.92819213867188, 12.61097240447998], [74.92819213867188, 12.61208438873291], [74.92791748046886, 12.61208438873291], [74.92791748046886, 12.612361907959041], [74.92764282226568, 12.612351417541618], [74.92764282226568, 12.612640380859375], [74.92736053466808, 12.612640380859375], [74.92736053466808, 12.614032745361328], [74.9270858764649, 12.61402797698986], [74.9270858764649, 12.614862442016715], [74.9267959594726, 12.614859580993652], [74.9267959594726, 12.615421295166072], [74.92652893066412, 12.615421295166072], [74.92652893066412, 12.616531372070426], [74.92597198486334, 12.616531372070426], [74.92597198486334, 12.617639541625977], [74.92571258544922, 12.617639541625977], [74.92571258544922, 12.61931133270258], [74.92485809326183, 12.619306564331112], [74.92485809326183, 12.62097263336193], [74.92458343505865, 12.62097263336193], [74.92458343505865, 12.621528625488224], [74.92430877685558, 12.621528625488224], [74.92430877685558, 12.622361183166504], [74.92402648925787, 12.622361183166504], [74.92402648925787, 12.622920989990348], [74.92375183105463, 12.622920989990348], [74.92375183105463, 12.623750686645508], [74.92346954345709, 12.623750686645508], [74.92346954345709, 12.624311447143668], [74.9231948852539, 12.624304771423397], [74.9231948852539, 12.624860763549862], [74.92292022705084, 12.624857902526799], [74.92292022705084, 12.625420570373535], [74.92263793945312, 12.625416755676383], [74.92265319824219, 12.626251220703239], [74.92236328125011, 12.626251220703239], [74.92236328125011, 12.626530647277889], [74.92208099365234, 12.62652683258051], [74.92208099365234, 12.627082824707031], [74.92180633544933, 12.627080917358398], [74.92180633544933, 12.627640724182243], [74.92152404785156, 12.627638816833496], [74.92152404785156, 12.628194808959961], [74.92124938964855, 12.628190994262752], [74.92124938964855, 12.62874889373785], [74.92096710205084, 12.62874889373785], [74.92096710205084, 12.629029273986816], [74.92124938964855, 12.629029273986816], [74.92124938964855, 12.629309654235954], [74.92097473144537, 12.629304885864315], [74.92097473144537, 12.629583358764705], [74.9206924438476, 12.629581451416072], [74.9206924438476, 12.62986087799078], [74.92097473144537, 12.62986087799078], [74.92097473144537, 12.630501747131461], [74.92097473144537, 12.630695343017635], [74.9206924438476, 12.630695343017635], [74.9206924438476, 12.631110191345215], [74.9206924438476, 12.6312513351441], [74.92041778564459, 12.6312513351441], [74.92041778564459, 12.631810188293457], [74.92013549804688, 12.631805419921989], [74.92013549804688, 12.632082939148063], [74.9195785522461, 12.632081031799316], [74.9195785522461, 12.633751869201774], [74.9192962646485, 12.633751869201774], [74.9192962646485, 12.634030342102164], [74.91902923583984, 12.634030342102164], [74.91902923583984, 12.634861946105957], [74.9187469482423, 12.634861946105957], [74.9187469482423, 12.635421752929801], [74.91847229003906, 12.635421752929801], [74.91847229003906, 12.636249542236385], [74.91819763183605, 12.636249542236385], [74.91819763183605, 12.636528015136776], [74.91791534423834, 12.636528015136776], [74.91791534423834, 12.637361526489371], [74.9176406860351, 12.637359619140568], [74.9176406860351, 12.639030456543082], [74.91707611083979, 12.639030456543082], [74.91707611083979, 12.64013957977295], [74.9168090820313, 12.64013957977295], [74.9168090820313, 12.640419960022086], [74.91651916503906, 12.640419960022086], [74.91651916503906, 12.641249656677303], [74.91625213623058, 12.641249656677303], [74.91625213623058, 12.642084121704158], [74.91596984863281, 12.642080307006779], [74.91596984863281, 12.642921447753906], [74.9156951904298, 12.642915725708121], [74.91570281982433, 12.643750190734977], [74.91541290283203, 12.643750190734977], [74.91541290283203, 12.644583702087346], [74.91513824462902, 12.64458179473877], [74.91513824462902, 12.645140647888297], [74.91486358642584, 12.645137786865234], [74.91486358642584, 12.6456937789917], [74.91458129882824, 12.645689964294547], [74.91458129882824, 12.646249771118164], [74.91430664062506, 12.646249771118164], [74.91430664062506, 12.647082328796444], [74.91401672363276, 12.647080421447868], [74.91401672363276, 12.6476411819458], [74.91374969482428, 12.647638320922908], [74.91374969482428, 12.64819526672369], [74.91348266601562, 12.648189544677734], [74.91348266601562, 12.649030685424862], [74.9131927490235, 12.649028778076229], [74.9131927490235, 12.649582862854118], [74.91291809082031, 12.649580001831055], [74.91291809082031, 12.650140762329215], [74.91263580322277, 12.650138854980412], [74.91263580322277, 12.650694847106877], [74.91236114501953, 12.650694847106877], [74.91236114501953, 12.651527404785156], [74.91208648681652, 12.651527404785156], [74.91208648681652, 12.652083396911621], [74.91179656982422, 12.65207958221447], [74.91179656982422, 12.652641296386719], [74.91152954101574, 12.652639389038086], [74.91152954101574, 12.653472900390682], [74.91124725341803, 12.653470993042049], [74.91124725341803, 12.654028892517147], [74.91097259521479, 12.654028892517147], [74.91097259521479, 12.65458965301525], [74.91071319580084, 12.65458965301525], [74.91071319580084, 12.655140876770076], [74.91041564941406, 12.6551389694215], [74.91041564941406, 12.655973434448356], [74.910140991211, 12.655970573425293], [74.910140991211, 12.65652942657482], [74.90985870361328, 12.656526565551758], [74.90985870361328, 12.657082557678223], [74.90957641601574, 12.657080650329647], [74.90957641601574, 12.657921791076717], [74.90930938720703, 12.657917022705078], [74.9093017578125, 12.658471107482967], [74.90902709960949, 12.658471107482967], [74.90902709960949, 12.6590318679809], [74.9087524414063, 12.659027099609432], [74.9087524414063, 12.659583091735897], [74.90847015380871, 12.65958118438732], [74.90847015380871, 12.660420417785645], [74.90819549560553, 12.660417556762752], [74.90819549560553, 12.660973548889217], [74.90791320800776, 12.660970687866154], [74.90791320800776, 12.661529541015682], [74.90763854980474, 12.661527633667106], [74.90763854980474, 12.6620836257934], [74.90735626220703, 12.662078857421932], [74.90735626220703, 12.662639617919865], [74.90708160400396, 12.662639617919865], [74.90708160400396, 12.663193702697754], [74.90680694580078, 12.663190841674862], [74.90680694580078, 12.663749694824219], [74.90651702880865, 12.663749694824219], [74.90651702880865, 12.66431045532238], [74.90625, 12.66431045532238], [74.90625, 12.664859771728572], [74.90598297119152, 12.664859771728572], [74.90598297119152, 12.665419578552246], [74.90569305419922, 12.665415763855037], [74.90569305419922, 12.665971755981559], [74.90541839599621, 12.665969848632756], [74.90541839599621, 12.6665296554566], [74.9051361083985, 12.666527748108024], [74.9051361083985, 12.667083740234489], [74.90486145019526, 12.667081832885685], [74.90486145019526, 12.667639732360954], [74.90430450439453, 12.667637825012207], [74.90430450439453, 12.668193817138672], [74.90402984619146, 12.668191909790039], [74.90402984619146, 12.668751716613883], [74.90374755859375, 12.668751716613883], [74.90374755859375, 12.66931056976324], [74.90347290039074, 12.66931056976324], [74.90347290039074, 12.670140266418457], [74.9031982421875, 12.670140266418457], [74.9031982421875, 12.67125034332281], [74.90291595458996, 12.67125034332281], [74.90291595458996, 12.671811103820744], [74.90264129638672, 12.671806335449276], [74.90264129638672, 12.672637939453239], [74.90235900878918, 12.672637939453239], [74.90235900878918, 12.673193931579533], [74.90207672119146, 12.673192024230957], [74.90207672119146, 12.674310684204158], [74.9018020629884, 12.674310684204158], [74.9018020629884, 12.674860000610352], [74.90152740478521, 12.674860000610352], [74.90152740478521, 12.675695419311523], [74.90125274658203, 12.675689697265739], [74.90125274658203, 12.676811218261832], [74.90152740478521, 12.67680454254156], [74.90152740478521, 12.677083015441951], [74.90097045898443, 12.677083015441951], [74.90097045898443, 12.677360534668026], [74.90069580078125, 12.677360534668026], [74.90069580078125, 12.678194999694881], [74.90040588378912, 12.678190231323242], [74.90040588378912, 12.679308891296444], [74.90013885498047, 12.679308891296444], [74.90013885498047, 12.679861068725529], [74.89985656738293, 12.679861068725529], [74.89985656738293, 12.680141448974723], [74.89958190917969, 12.68013858795166], [74.89958190917969, 12.680694580078125], [74.89930725097668, 12.680687904357853], [74.89930725097668, 12.68125057220459], [74.89901733398438, 12.68125057220459], [74.89901733398438, 12.681820869445858], [74.8987503051759, 12.681804656982479], [74.8987503051759, 12.68208312988287], [74.89848327636724, 12.682081222534237], [74.89848327636724, 12.68264102935791], [74.89819335937494, 12.68264102935791], [74.89819335937494, 12.682918548583984], [74.89791870117193, 12.682916641235408], [74.89791870117193, 12.683472633361873], [74.89763641357422, 12.683470726013297], [74.89763641357422, 12.684028625488338], [74.89736175537115, 12.684026718139762], [74.89736175537115, 12.684582710266227], [74.89708709716797, 12.684570312500057], [74.89708709716797, 12.685141563415584], [74.89680480957043, 12.685138702392521], [74.89680480957043, 12.685694694518986], [74.89653015136719, 12.685690879821834], [74.89653015136719, 12.686251640319938], [74.89624786376964, 12.686251640319938], [74.89624786376964, 12.686809539795036], [74.89597320556646, 12.68680477142334], [74.89597320556646, 12.687361717224121], [74.89569091796886, 12.687358856201229], [74.89569091796886, 12.687919616699162], [74.89541625976568, 12.687919616699162], [74.89541625976568, 12.688470840454158], [74.89514160156244, 12.688470840454158], [74.89514160156244, 12.689029693603516], [74.8948593139649, 12.68902778625494], [74.8948593139649, 12.689583778381404], [74.89457702636719, 12.689580917358342], [74.89457702636719, 12.69013977050787], [74.89430236816412, 12.69013977050787], [74.89430236816412, 12.690699577331543], [74.89402770996094, 12.690695762634391], [74.89402770996094, 12.692084312438908], [74.89375305175793, 12.692082405090332], [74.89375305175793, 12.692640304565373], [74.89347076416016, 12.692640304565373], [74.89347076416016, 12.693471908569393], [74.89319610595714, 12.693471908569393], [74.89319610595714, 12.69376087188715], [74.89291381835938, 12.693750381469727], [74.89291381835938, 12.694581985473746], [74.89263916015636, 12.694581985473746], [74.89263916015636, 12.695141792297363], [74.89236450195318, 12.695137977600211], [74.89236450195318, 12.695972442627067], [74.89208221435541, 12.695972442627067], [74.89208221435541, 12.696805953979606], [74.8918075561524, 12.696799278259391], [74.8918075561524, 12.697640419006461], [74.89152526855469, 12.697637557983398], [74.89152526855469, 12.698193550109863], [74.89125061035162, 12.698189735412711], [74.89125061035162, 12.699030876159782], [74.89097595214844, 12.699028015136719], [74.89097595214844, 12.69986343383789], [74.8906860351563, 12.699859619140682], [74.8906860351563, 12.700421333312931], [74.89041900634766, 12.700421333312931], [74.89041900634766, 12.701251029968319], [74.89013671875011, 12.701251029968319], [74.89013671875011, 12.702084541320858], [74.88986206054688, 12.702079772949219], [74.88986206054688, 12.70264053344738], [74.88957977294933, 12.702638626098576], [74.88957977294933, 12.703473091125431], [74.88931274414068, 12.703470230102539], [74.88931274414068, 12.703750610351506], [74.88874816894537, 12.703750610351506], [74.88874816894537, 12.7040309906007], [74.88847351074219, 12.704029083251896], [74.88847351074219, 12.704583168029785], [74.88819122314459, 12.704583168029785], [74.88819122314459, 12.704970359802303], [74.88819122314459, 12.705141067504883], [74.88802337646496, 12.705141067504883], [74.8879165649414, 12.705141067504883], [74.8879165649414, 12.705701828002987], [74.88748168945324, 12.705695152282715], [74.88735961914062, 12.705695152282715], [74.88735961914062, 12.705820083618221], [74.88735961914062, 12.70681190490734], [74.8876419067384, 12.706805229187069], [74.8876419067384, 12.7070827484132], [74.8879165649414, 12.7070827484132], [74.8879165649414, 12.70736122131359], [74.88847351074219, 12.70736122131359], [74.88847351074219, 12.7070827484132], [74.88874816894537, 12.7070827484132], [74.88874816894537, 12.706805229187069], [74.88931274414068, 12.70681190490734], [74.88931274414068, 12.706530570983887], [74.88957977294933, 12.706530570983887], [74.88957977294933, 12.706251144409237], [74.89013671875011, 12.706251144409237], [74.89013671875011, 12.70596790313715], [74.89041900634766, 12.705970764160213], [74.89041900634766, 12.705695152282715], [74.89097595214844, 12.705701828002987], [74.89097595214844, 12.70542144775402], [74.89125061035162, 12.70542144775402], [74.89125061035162, 12.705141067504883], [74.89153289794922, 12.705141067504883], [74.89153289794922, 12.704580307006893], [74.8918075561524, 12.704583168029785], [74.8918075561524, 12.704029083251896], [74.89208221435541, 12.7040309906007], [74.89208221435541, 12.703470230102539], [74.89263916015636, 12.703470230102539], [74.89263916015636, 12.704311370849666], [74.89236450195318, 12.704304695129395], [74.89236450195318, 12.705972671508846], [74.89208221435541, 12.70596790313715], [74.89208221435541, 12.70681190490734], [74.89234924316412, 12.70681190490734], [74.89234924316412, 12.707921981811523], [74.89263916015636, 12.707917213440055], [74.89263916015636, 12.70847320556652], [74.89236450195318, 12.70847320556652], [74.89236450195318, 12.708748817443848], [74.89208221435541, 12.708740234375], [74.89208221435541, 12.709029197692985], [74.8918075561524, 12.709029197692985], [74.8918075561524, 12.709309577941951], [74.89152526855469, 12.709304809570312], [74.89152526855469, 12.709583282470703], [74.89125061035162, 12.70958137512207], [74.89125061035162, 12.710419654846305], [74.89097595214844, 12.710416793823242], [74.89097595214844, 12.710695266723633], [74.89041900634766, 12.710695266723633], [74.89041900634766, 12.710970878601131], [74.88986206054688, 12.710970878601131], [74.88986206054688, 12.711251258850098], [74.88903045654291, 12.711251258850098], [74.88903045654291, 12.710970878601131], [74.8879165649414, 12.710970878601131], [74.8879165649414, 12.711251258850098], [74.88652801513683, 12.711251258850098], [74.88652801513683, 12.710970878601131], [74.88625335693365, 12.710970878601131], [74.88625335693365, 12.710139274597168], [74.8865432739259, 12.710139274597168], [74.8865432739259, 12.709029197692985], [74.88680267333984, 12.709029197692985], [74.88680267333984, 12.708471298217717], [74.88708496093761, 12.70847320556652], [74.88708496093761, 12.70819473266613], [74.88625335693365, 12.70819473266613], [74.88625335693365, 12.707917213440055], [74.88552093505865, 12.707917213440055], [74.8854141235351, 12.707917213440055], [74.8854141235351, 12.70819473266613], [74.88513946533209, 12.70819473266613], [74.88513946533209, 12.70847320556652], [74.88485717773438, 12.708471298217717], [74.88485717773438, 12.709029197692985], [74.8845825195313, 12.709029197692985], [74.8845825195313, 12.709309577941951], [74.88430786132812, 12.709304809570312], [74.88430786132812, 12.709583282470703], [74.88375091552734, 12.70958137512207], [74.88375091552734, 12.710419654846305], [74.8834686279298, 12.710416793823242], [74.88347625732433, 12.711251258850098], [74.88319396972662, 12.711251258850098], [74.88319396972662, 12.711805343627987], [74.88291931152355, 12.711800575256348], [74.88291931152355, 12.712641716003418], [74.88263702392584, 12.712638854980526], [74.88263702392584, 12.713471412658805], [74.8823623657226, 12.713471412658805], [74.8823623657226, 12.71430969238287], [74.88208007812506, 12.71430969238287], [74.88208007812506, 12.71487140655529], [74.8818130493164, 12.71487140655529], [74.8818130493164, 12.715419769287223], [74.8815307617188, 12.715419769287223], [74.8815307617188, 12.7162504196167], [74.8812484741211, 12.7162504196167], [74.8812484741211, 12.716810226440543], [74.88096618652355, 12.716810226440543], [74.88096618652355, 12.717639923095703], [74.88069152832031, 12.717639923095703], [74.88069152832031, 12.718471527099723], [74.88040924072277, 12.718471527099723], [74.88040924072277, 12.720140457153434], [74.87985992431652, 12.720137596130371], [74.87985992431652, 12.720693588256836], [74.87958526611334, 12.720693588256836], [74.87958526611334, 12.720972061157227], [74.87930297851557, 12.720970153808594], [74.87930297851557, 12.7212495803833], [74.87959289550787, 12.7212495803833], [74.87959289550787, 12.721811294555721], [74.87930297851557, 12.721811294555721], [74.87930297851557, 12.722921371460075], [74.87902832031256, 12.72291564941412], [74.87902832031256, 12.723750114440975], [74.87874603271484, 12.723740577697868], [74.87874603271484, 12.724310874938908], [74.87847137451178, 12.724304199218864], [74.87847137451178, 12.724583625793514], [74.8781967163086, 12.724583625793514], [74.8781967163086, 12.725972175598258], [74.87790679931646, 12.725970268249512], [74.87790679931646, 12.726531028747615], [74.87763977050781, 12.726528167724553], [74.87763977050781, 12.727082252502441], [74.87708282470703, 12.727082252502441], [74.87708282470703, 12.728195190429688], [74.87680816650402, 12.72819042205822], [74.87680816650402, 12.729310989379996], [74.8765258789063, 12.729304313659725], [74.8765258789063, 12.730129241943473], [74.8765258789063, 12.73042106628418], [74.87637329101568, 12.730417251586971], [74.87625122070307, 12.730417251586971], [74.87625122070307, 12.73064041137701], [74.87625122070307, 12.731531143188533], [74.87596893310553, 12.7315292358399], [74.87596893310553, 12.732083320617619], [74.87568664550776, 12.732080459594727], [74.87568664550776, 12.732641220092887], [74.87541961669928, 12.732639312744084], [74.87541961669928, 12.733195304870549], [74.87513732910156, 12.73318958282482], [74.87513732910156, 12.73375129699707], [74.87486267089855, 12.73375129699707], [74.87486267089855, 12.734309196472282], [74.87458038330078, 12.734305381774902], [74.87458038330078, 12.734861373901424], [74.8743133544923, 12.734861373901424], [74.8743133544923, 12.735419273376465], [74.87403106689453, 12.735417366027889], [74.87403106689453, 12.735973358154354], [74.87374877929699, 12.735971450805778], [74.87374877929699, 12.736529350280819], [74.87346649169928, 12.736529350280819], [74.87346649169928, 12.737360954284782], [74.87319183349621, 12.737360954284782], [74.87319183349621, 12.737921714782715], [74.87291717529303, 12.737916946411246], [74.87291717529303, 12.738471031188965], [74.87264251708984, 12.738471031188965], [74.87264251708984, 12.739031791687069], [74.87236022949224, 12.73902702331543], [74.87236022949224, 12.739583015441895], [74.8720932006836, 12.739581108093319], [74.8720932006836, 12.740141868591252], [74.87180328369146, 12.74013900756836], [74.87180328369146, 12.740693092346248], [74.87152862548828, 12.740691184997672], [74.87152862548828, 12.741251945495605], [74.87124633789074, 12.741251945495605], [74.87124633789074, 12.74181175231945], [74.8709716796875, 12.74181175231945], [74.8709716796875, 12.74236202239996], [74.87069702148449, 12.74236202239996], [74.87069702148449, 12.742919921875057], [74.87040710449219, 12.742919921875057], [74.87040710449219, 12.743749618530217], [74.87014007568371, 12.743749618530217], [74.87014007568371, 12.744310379028377], [74.869857788086, 12.744310379028377], [74.869857788086, 12.74514198303234], [74.86958312988276, 12.745140075683537], [74.86958312988276, 12.745694160461426], [74.86930847167974, 12.745691299438533], [74.86930847167974, 12.746529579162598], [74.86902618408203, 12.746527671814022], [74.86902618408203, 12.747362136840877], [74.86875152587896, 12.747362136840877], [74.86875152587896, 12.747916221618766], [74.86846923828125, 12.747916221618766], [74.86846923828125, 12.74847221374523], [74.86875152587896, 12.748470306396428], [74.86875152587896, 12.748749732971305], [74.86846923828125, 12.748749732971305], [74.86846923828125, 12.74958419799816], [74.86763763427746, 12.749580383300781], [74.86763763427746, 12.750420570373592], [74.86736297607428, 12.750415802001953], [74.86736297607428, 12.750694274902344], [74.86763763427746, 12.750690460205135], [74.86763763427746, 12.750971794128418], [74.86736297607428, 12.750971794128418], [74.86736297607428, 12.751530647277946], [74.86708068847668, 12.751527786254883], [74.86708068847668, 12.752083778381348], [74.8668060302735, 12.752079963684196], [74.8668060302735, 12.752640724182129], [74.86653137207026, 12.752640724182129], [74.86653137207026, 12.752921104431096], [74.8668060302735, 12.752916336059627], [74.8668060302735, 12.753193855285701], [74.86653137207026, 12.753191947937125], [74.86653137207026, 12.753749847412166], [74.8668060302735, 12.753749847412166], [74.8668060302735, 12.754039764404297], [74.86708068847668, 12.754029273986873], [74.86708068847668, 12.754451751708984], [74.87589263916016, 12.755290985107536], [74.87766265869146, 12.752348899841252], [74.8780288696289, 12.75024127960205], [74.87991333007812, 12.74927043914795], [74.88559722900385, 12.748770713806152], [74.88867950439453, 12.752371788024902], [74.89176177978516, 12.754529953002987], [74.89453125000011, 12.756099700927678], [74.89776611328136, 12.755400657653752], [74.9014129638673, 12.759530067443848], [74.90509796142578, 12.759930610656681], [74.9080429077149, 12.762571334838924]]]}, "properties": {"id": "kasaragod_t", "taluk_name": "Kasaragod", "malayalam_name": "കാസർഗോഡ്", "district_name": "Kasaragod", "district_id": "kasaragod", "elevation_m": 45, "slope_degrees": 4.0, "area_sq_km": 395, "centroid": {"lat": 12.51, "lng": 75.0}, "dominant_land_use": "Arecanut, Coconut & Rubber Plantations (Slope: 4.0°)", "soil_type": "Coastal Alluvium & Red Laterite", "rusle": {"R": 3332, "K": 0.023, "LS": 3.2, "C": 0.19, "P": 0.69, "A": 12.5}, "risk_category": "High", "time_series": {"2018": 15.6, "2019": 14.4, "2020": 11.5, "2021": 12.8, "2022": 11.8, "2023": 10.2, "2024": 12.5}, "conservation": ["Contour terracing suitable for 45m elevation zones", "Runoff control hedgerows across slopes > 5.0°"], "is_sample_data": true, "data_source": "Bundled GeoJSON (DEMO Mode)"}}, {"type": "Feature", "id": "hosdurg", "geometry": {"type": "MultiPolygon", "coordinates": [[[[75.15763854980486, 12.109311103820914], [75.15763854980486, 12.109028816223145], [75.15791320800793, 12.109030723571948], [75.15791320800793, 12.108750343322981], [75.15820312500017, 12.108750343322981], [75.15820312500017, 12.108482360840014], [75.15819549560564, 12.108194351196289], [75.15847015380865, 12.108194351196289], [75.15847015380865, 12.107638359069824], [75.15875244140642, 12.107641220092717], [75.15875244140642, 12.107362747192326], [75.15892028808588, 12.107359886169434], [75.15902709960943, 12.107362747192326], [75.15902709960943, 12.106961250305233], [75.15902709960943, 12.106805801391772], [75.15957641601568, 12.10681056976324], [75.15957641601568, 12.106252670288143], [75.15985870361357, 12.106252670288143], [75.15985870361357, 12.10597038269043], [75.16041564941435, 12.105972290039006], [75.16041564941435, 12.105693817138615], [75.16069793701189, 12.105693817138615], [75.16069793701189, 12.105416297912711], [75.16097259521513, 12.10542106628418], [75.16097259521513, 12.104860305786246], [75.16124725341814, 12.104862213134822], [75.16124725341814, 12.104583740234432], [75.16152954101568, 12.104583740234432], [75.16152954101568, 12.104027748107967], [75.16179656982422, 12.10402965545677], [75.16179656982422, 12.103740692138956], [75.16208648681646, 12.103750228881893], [75.16208648681646, 12.103194236755428], [75.16236114501947, 12.103194236755428], [75.16236114501947, 12.102640151977539], [75.1629180908206, 12.102640151977539], [75.1629180908206, 12.102361679077148], [75.16346740722685, 12.102361679077148], [75.16346740722685, 12.102079391479606], [75.16402435302763, 12.102084159851074], [75.16402435302763, 12.101805686950684], [75.16430664062517, 12.101811408996639], [75.16430664062517, 12.101530075073356], [75.16485595703142, 12.101530075073356], [75.16485595703142, 12.100680351257438], [75.16513824462896, 12.100693702697754], [75.16513824462896, 12.10013771057146], [75.16541290283197, 12.100139617920036], [75.16541290283197, 12.099029541015682], [75.16570281982428, 12.099029541015682], [75.16570281982428, 12.098752021789608], [75.16541290283197, 12.098752021789608], [75.16541290283197, 12.097930908203239], [75.16513824462896, 12.097930908203239], [75.16513824462896, 12.097641944885254], [75.16541290283197, 12.097641944885254], [75.16541290283197, 12.096810340881461], [75.16570281982428, 12.096810340881461], [75.16570281982428, 12.094870567321891], [75.1659698486331, 12.094870567321891], [75.1659698486331, 12.092641830444336], [75.1662368774414, 12.092641830444336], [75.166244506836, 12.09175968170166], [75.16625213623053, 12.091251373291016], [75.16641998291033, 12.091251373291016], [75.16652679443388, 12.091251373291016], [75.16652679443388, 12.09087085723877], [75.16652679443388, 12.09041690826416], [75.1662368774414, 12.090421676635799], [75.1662368774414, 12.089311599731445], [75.16652679443388, 12.089311599731445], [75.16652679443388, 12.088190078735408], [75.16680908203125, 12.088194847107047], [75.16680908203125, 12.087917327880973], [75.16707611084013, 12.087919235229549], [75.16707611084013, 12.087638854980582], [75.16764068603527, 12.087638854980582], [75.16764068603527, 12.086812019348258], [75.16735839843767, 12.086812019348258], [75.16735839843767, 12.086530685424805], [75.16764068603527, 12.086530685424805], [75.16764068603527, 12.085701942443904], [75.16792297363298, 12.085701942443904], [75.16792297363298, 12.085141181945971], [75.168197631836, 12.085141181945971], [75.168197631836, 12.084860801697005], [75.16847229003906, 12.084860801697005], [75.16847229003906, 12.084583282470703], [75.16874694824224, 12.084583282470703], [75.16874694824224, 12.084029197692814], [75.16902923583979, 12.084031105041618], [75.16902923583979, 12.083750724792651], [75.16931152343756, 12.083750724792651], [75.16931152343756, 12.08318996429449], [75.16958618164091, 12.083194732665959], [75.16958618164091, 12.082916259765796], [75.16986083984375, 12.082921028137264], [75.16986083984375, 12.08208179473894], [75.1704177856447, 12.082084655762003], [75.1704177856447, 12.08152866363531], [75.17095947265642, 12.081509590149096], [75.17097473144548, 12.080971717834757], [75.1712493896485, 12.080971717834757], [75.1712493896485, 12.080694198608455], [75.17180633544928, 12.080694198608455], [75.17180633544928, 12.0798597335816], [75.17208099365229, 12.0798597335816], [75.17208099365229, 12.07956790924095], [75.17236328125006, 12.079582214355526], [75.17236328125006, 12.078749656677246], [75.17263793945341, 12.078749656677246], [75.17263793945341, 12.078470230102596], [75.17292022705084, 12.078472137451172], [75.17292022705084, 12.077916145324707], [75.17318725585966, 12.077920913696346], [75.17318725585966, 12.077360153198242], [75.17375183105497, 12.077362060546818], [75.17375183105497, 12.076806068420524], [75.17402648925798, 12.076806068420524], [75.17402648925798, 12.076527595519963], [75.17430877685553, 12.076530456543026], [75.17430877685553, 12.076250076294059], [75.17456817626947, 12.076219558716105], [75.17458343505876, 12.07458400726324], [75.17485809326178, 12.07458400726324], [75.17485809326178, 12.073749542236385], [75.17457580566406, 12.073760986328296], [75.17458343505876, 12.073321342468489], [75.17458343505876, 12.072917938232422], [75.17430877685553, 12.072919845581168], [75.17430877685553, 12.072640419006518], [75.17457580566406, 12.072640419006518], [75.17457580566406, 12.072361946106128], [75.17430877685553, 12.072361946106128], [75.17430877685553, 12.072080612182674], [75.17458343505876, 12.072084426879826], [75.17458343505876, 12.071805953979663], [75.17430877685553, 12.071809768676815], [75.17430877685553, 12.070420265197981], [75.17457580566406, 12.070420265197981], [75.17457580566406, 12.069858551025561], [75.17485809326178, 12.069862365722713], [75.17485809326178, 12.069583892822322], [75.17458343505876, 12.069583892822322], [75.17458343505876, 12.06930541992216], [75.17485809326178, 12.069310188293628], [75.17485809326178, 12.068470954895304], [75.17514038085932, 12.068470954895304], [75.17514038085932, 12.066804885864258], [75.17569732666044, 12.066809654236124], [75.17569732666044, 12.065971374511719], [75.17597198486334, 12.065973281860295], [75.17597198486334, 12.065694808959904], [75.17652893066423, 12.065694808959904], [75.17652893066423, 12.06513881683344], [75.17679595947277, 12.065141677856502], [75.17679595947277, 12.064569473266658], [75.17708587646501, 12.064582824706974], [75.17708587646501, 12.06402683258068], [75.17736053466803, 12.064031600952148], [75.17736053466803, 12.063191413879338], [75.17763519287126, 12.063195228576717], [75.17763519287126, 12.062639236450252], [75.1779174804688, 12.062641143798828], [75.1779174804688, 12.062081336975382], [75.17819213867182, 12.062083244323787], [75.17819213867182, 12.061804771423397], [75.17846679687506, 12.061820983886776], [75.17846679687506, 12.061250686645508], [75.17874908447294, 12.061250686645508], [75.17874908447294, 12.060689926147575], [75.17930603027372, 12.060694694519043], [75.17930603027372, 12.059861183166674], [75.17958068847673, 12.059861183166674], [75.17958068847673, 12.059026718139819], [75.1798629760745, 12.059030532836971], [75.1798629760745, 12.058469772338867], [75.18013763427751, 12.05847263336193], [75.18013763427751, 12.05708217620878], [75.18041992187511, 12.05708217620878], [75.18041992187511, 12.055973052978516], [75.1806945800783, 12.055973052978516], [75.1806945800783, 12.055137634277571], [75.1809692382813, 12.055141448974553], [75.1809692382813, 12.054579734802303], [75.1812515258789, 12.054585456848258], [75.1812515258789, 12.053750038146916], [75.18152618408209, 12.053750038146916], [75.18152618408209, 12.051532745361271], [75.18180847167963, 12.051532745361271], [75.18180847167963, 12.049860000610408], [75.1812515258789, 12.049860000610408], [75.1812515258789, 12.050420761108342], [75.1809692382813, 12.050420761108342], [75.1809692382813, 12.051250457763729], [75.18068695068376, 12.051250457763729], [75.18068695068376, 12.051532745361271], [75.18041992187511, 12.051527976989803], [75.18041992187511, 12.052082061767692], [75.18013763427751, 12.052082061767692], [75.18013763427751, 12.052638053893986], [75.1798629760745, 12.052638053893986], [75.1798629760745, 12.053194046020451], [75.17958068847673, 12.053194046020451], [75.17958068847673, 12.053471565246753], [75.17930603027372, 12.05346965789795], [75.17930603027372, 12.05403137207037], [75.17903137207037, 12.05403137207037], [75.17903137207037, 12.05542087554943], [75.17874908447294, 12.055416107177962], [75.17874908447294, 12.055693626403865], [75.17846679687506, 12.05569171905546], [75.17846679687506, 12.056250572204817], [75.1781768798831, 12.056250572204817], [75.1781768798831, 12.05681133270275], [75.1779174804688, 12.05681133270275], [75.1779174804688, 12.057360649109171], [75.17763519287126, 12.057360649109171], [75.17763519287126, 12.05847263336193], [75.17736053466803, 12.058469772338867], [75.17736053466803, 12.059030532836971], [75.17708587646501, 12.059026718139819], [75.17708587646501, 12.059582710266284], [75.17679595947277, 12.059579849243221], [75.17679595947277, 12.060420989990291], [75.17652893066423, 12.060420989990291], [75.17652893066423, 12.061250686645508], [75.17624664306669, 12.061250686645508], [75.17624664306669, 12.061820983886776], [75.17597198486334, 12.061804771423397], [75.17597198486334, 12.062083244323787], [75.17569732666044, 12.062081336975382], [75.17569732666044, 12.062641143798828], [75.17540740966803, 12.062641143798828], [75.17540740966803, 12.063470840454215], [75.17514038085932, 12.063470840454215], [75.17514038085932, 12.064582824706974], [75.17485809326178, 12.064569473266658], [75.17485809326178, 12.065141677856502], [75.17458343505876, 12.06513881683344], [75.17458343505876, 12.065694808959904], [75.17430877685553, 12.065690994262752], [75.17430877685553, 12.066530227661246], [75.17402648925798, 12.066527366638184], [75.17402648925798, 12.067083358764648], [75.17375183105497, 12.067083358764648], [75.17375183105497, 12.067639350891113], [75.1734695434572, 12.067639350891113], [75.1734695434572, 12.068193435669002], [75.17319488525419, 12.068193435669002], [75.17319488525419, 12.068470954895304], [75.17292022705084, 12.068470954895304], [75.17292022705084, 12.069029808044661], [75.17263793945341, 12.069029808044661], [75.17263793945341, 12.070420265197981], [75.17237091064459, 12.070420265197981], [75.17237091064459, 12.070699691772461], [75.17208099365229, 12.070699691772461], [75.17208099365229, 12.071809768676815], [75.17180633544928, 12.071809768676815], [75.17180633544928, 12.072919845581168], [75.17152404785156, 12.072917938232422], [75.17152404785156, 12.07319355010992], [75.1712493896485, 12.073190689087028], [75.1712493896485, 12.073760986328296], [75.17096710205095, 12.073760986328296], [75.17096710205095, 12.074310302734318], [75.17069244384777, 12.074310302734318], [75.17069244384777, 12.075139999389705], [75.1704177856447, 12.075139999389705], [75.1704177856447, 12.075971603393668], [75.17014312744169, 12.075969696044922], [75.17014312744169, 12.076530456543026], [75.16986083984375, 12.076527595519963], [75.16986083984375, 12.077083587646428], [75.16958618164091, 12.077083587646428], [75.16958618164091, 12.078193664550781], [75.16931152343756, 12.07818984985363], [75.16931152343756, 12.079030990600529], [75.16902923583979, 12.079028129577637], [75.16902923583979, 12.079582214355526], [75.16874694824224, 12.07956790924095], [75.16874694824224, 12.080141067504883], [75.16847229003906, 12.08013820648199], [75.16847229003906, 12.080694198608455], [75.168197631836, 12.080694198608455], [75.168197631836, 12.082084655762003], [75.16792297363298, 12.08208179473894], [75.16792297363298, 12.082640647888468], [75.16764068603527, 12.082637786865405], [75.16764068603527, 12.083194732665959], [75.16735839843767, 12.08318996429449], [75.16735839843767, 12.083750724792651], [75.16707611084013, 12.083750724792651], [75.16707611084013, 12.084310531616268], [75.16680908203125, 12.084306716919116], [75.16680908203125, 12.084860801697005], [75.16652679443388, 12.084860801697005], [75.16652679443388, 12.085141181945971], [75.16625213623053, 12.085139274597168], [75.16625213623053, 12.085972785949764], [75.1659698486331, 12.085970878601358], [75.1659698486331, 12.086530685424805], [75.16569519042974, 12.086528778076229], [75.16569519042974, 12.087361335754679], [75.16541290283197, 12.087361335754679], [75.16541290283197, 12.087919235229549], [75.16513824462896, 12.087917327880973], [75.16513824462896, 12.088473320007438], [75.16486358642595, 12.088473320007438], [75.16486358642595, 12.088748931884766], [75.16458129882818, 12.088740348815918], [75.16458129882818, 12.089311599731445], [75.16430664062517, 12.089311599731445], [75.16430664062517, 12.090141296386662], [75.16401672363293, 12.090141296386662], [75.16401672363293, 12.09152889251709], [75.16374969482439, 12.091526985168514], [75.16374969482439, 12.091805458068904], [75.16346740722685, 12.091800689697266], [75.16346740722685, 12.092641830444336], [75.1631927490235, 12.092638969421444], [75.1631927490235, 12.093473434448299], [75.1629180908206, 12.093473434448299], [75.1629180908206, 12.094582557678393], [75.16263580322271, 12.09458065032959], [75.16263580322271, 12.095421791076717], [75.16236114501947, 12.095417976379338], [75.16236114501947, 12.095971107483138], [75.16208648681646, 12.095969200134334], [75.16208648681646, 12.096248626709041], [75.16179656982422, 12.096248626709041], [75.16179656982422, 12.09653186798107], [75.16152954101568, 12.09653186798107], [75.16152954101568, 12.097930908203239], [75.16124725341814, 12.09791469573986], [75.16124725341814, 12.098471641540812], [75.16097259521513, 12.098471641540812], [75.16097259521513, 12.099029541015682], [75.16069793701189, 12.099027633667106], [75.16069793701189, 12.09958362579357], [75.16043090820341, 12.099578857422102], [75.16043090820341, 12.100419998169002], [75.160140991211, 12.100418090820426], [75.160140991211, 12.100972175598315], [75.15985870361357, 12.100970268249512], [75.15985870361357, 12.102640151977539], [75.15957641601568, 12.102640151977539], [75.15957641601568, 12.102919578552417], [75.15930175781244, 12.102919578552417], [75.15930175781244, 12.10402965545677], [75.15902709960943, 12.10402965545677], [75.15902709960943, 12.104310989379826], [75.15875244140642, 12.104306221008358], [75.15875244140642, 12.104583740234432], [75.15847015380865, 12.104581832885856], [75.15847015380865, 12.10542106628418], [75.15819549560564, 12.105416297912711], [75.15819549560564, 12.105972290039006], [75.15791320800793, 12.10597038269043], [75.15791320800793, 12.106531143188533], [75.15763854980486, 12.10652828216547], [75.15763854980486, 12.108194351196289], [75.15737152099638, 12.10818958282465], [75.15737152099638, 12.109030723571948], [75.1570816040039, 12.109028816223145], [75.1570816040039, 12.109581947326944], [75.15763854980486, 12.109581947326944], [75.15763854980486, 12.109311103820914]]], [[[75.16346740722685, 12.115419387817383], [75.16346740722685, 12.115140914916992], [75.16374969482439, 12.115140914916992], [75.16374969482439, 12.114860534668026], [75.16430664062517, 12.114860534668026], [75.16430664062517, 12.114583015441951], [75.16458129882818, 12.114583015441951], [75.16458129882818, 12.11430454254156], [75.16541290283197, 12.1143093109132], [75.16541290283197, 12.113751411438159], [75.16570281982428, 12.113751411438159], [75.16569519042974, 12.113472938537598], [75.16652679443388, 12.113472938537598], [75.16652679443388, 12.113195419311694], [75.16708374023466, 12.113195419311694], [75.16708374023466, 12.112639427185002], [75.168197631836, 12.112641334533805], [75.168197631836, 12.112360954284838], [75.16874694824224, 12.112360954284838], [75.16874694824224, 12.112079620361385], [75.16902923583979, 12.112083435058537], [75.16902923583979, 12.11180686950695], [75.16931152343756, 12.111810684204102], [75.16931152343756, 12.111531257629451], [75.16986083984375, 12.111531257629451], [75.16986083984375, 12.110969543457031], [75.17013549804716, 12.110973358154354], [75.17013549804716, 12.11069488525419], [75.1704177856447, 12.11069488525419], [75.1704177856447, 12.110137939453239], [75.17069244384777, 12.110140800476302], [75.17069244384777, 12.109030723571948], [75.17096710205095, 12.109030723571948], [75.17096710205095, 12.108750343322981], [75.17069244384777, 12.108750343322981], [75.17069244384777, 12.107641220092717], [75.1704177856447, 12.107641220092717], [75.1704177856447, 12.107362747192326], [75.17014312744169, 12.107362747192326], [75.17014312744169, 12.106531143188533], [75.16986083984375, 12.106531143188533], [75.16986083984375, 12.106252670288143], [75.16958618164091, 12.106252670288143], [75.16958618164091, 12.105691909790039], [75.16930389404303, 12.105693817138615], [75.16930389404303, 12.104583740234432], [75.16902923583979, 12.104583740234432], [75.16902923583979, 12.104306221008358], [75.16931152343756, 12.104310989379826], [75.16931152343756, 12.10402965545677], [75.16902923583979, 12.10402965545677], [75.16902923583979, 12.103740692138956], [75.16930389404303, 12.103750228881893], [75.16930389404303, 12.103194236755428], [75.16958618164091, 12.103194236755428], [75.16958618164091, 12.102915763855037], [75.16986083984375, 12.102919578552417], [75.16986083984375, 12.101811408996639], [75.17014312744169, 12.101811408996639], [75.17014312744169, 12.101249694824219], [75.1704177856447, 12.101249694824219], [75.1704177856447, 12.100970268249512], [75.17097473144548, 12.100972175598315], [75.17097473144548, 12.100693702697754], [75.17152404785156, 12.100693702697754], [75.17152404785156, 12.099306106567667], [75.1712493896485, 12.099309921264648], [75.1712493896485, 12.098471641540812], [75.17097473144548, 12.098471641540812], [75.17097473144548, 12.09819412231451], [75.17069244384777, 12.09819412231451], [75.17069244384777, 12.09791469573986], [75.1704177856447, 12.097930908203239], [75.1704177856447, 12.097641944885254], [75.17014312744169, 12.097641944885254], [75.17014312744169, 12.097081184387491], [75.16986083984375, 12.097084045410156], [75.16986083984375, 12.096527099609602], [75.16958618164091, 12.09653186798107], [75.16958618164091, 12.096248626709041], [75.16874694824224, 12.096248626709041], [75.16874694824224, 12.095969200134334], [75.16847229003906, 12.095969200134334], [75.16847229003906, 12.09653186798107], [75.168197631836, 12.096527099609602], [75.168197631836, 12.097084045410156], [75.16791534423845, 12.097084045410156], [75.16791534423845, 12.097361564636458], [75.16764068603527, 12.097361564636458], [75.16764068603527, 12.097930908203239], [75.16735839843767, 12.09791469573986], [75.16735839843767, 12.098471641540812], [75.16708374023466, 12.098471641540812], [75.16708374023466, 12.09958362579357], [75.16652679443388, 12.09958362579357], [75.16652679443388, 12.102084159851074], [75.1662368774414, 12.102079391479606], [75.1662368774414, 12.102361679077148], [75.1659698486331, 12.102361679077148], [75.1659698486331, 12.102919578552417], [75.16569519042974, 12.102915763855037], [75.16569519042974, 12.103194236755428], [75.1659698486331, 12.103194236755428], [75.1659698486331, 12.103471755981502], [75.16541290283197, 12.103469848632926], [75.16541290283197, 12.10402965545677], [75.16486358642595, 12.104027748107967], [75.16486358642595, 12.104583740234432], [75.16458129882818, 12.104583740234432], [75.16458129882818, 12.104862213134822], [75.16401672363293, 12.104860305786246], [75.16401672363293, 12.105139732361124], [75.16374969482439, 12.105139732361124], [75.16374969482439, 12.10542106628418], [75.1629180908206, 12.105416297912711], [75.1629180908206, 12.105972290039006], [75.16263580322271, 12.10597038269043], [75.16263580322271, 12.10681056976324], [75.1629180908206, 12.10681056976324], [75.1629180908206, 12.107641220092717], [75.16263580322271, 12.107638359069824], [75.16263580322271, 12.108194351196289], [75.16236114501947, 12.108194351196289], [75.16236114501947, 12.10847187042259], [75.16208648681646, 12.108469963073787], [75.16208648681646, 12.109030723571948], [75.16180419921892, 12.109028816223145], [75.16180419921892, 12.109581947326944], [75.16152954101568, 12.10958003997797], [75.16152954101568, 12.109871864318848], [75.16179656982422, 12.109871864318848], [75.16179656982422, 12.110421180725098], [75.16152954101568, 12.110417366027889], [75.16152954101568, 12.11069488525419], [75.16179656982422, 12.110690116882324], [75.16179656982422, 12.111250877380655], [75.16097259521513, 12.111250877380655], [75.16097259521513, 12.110969543457031], [75.16069793701189, 12.110969543457031], [75.16069793701189, 12.111810684204102], [75.16043090820341, 12.111810684204102], [75.16043090820341, 12.1143093109132], [75.16069793701189, 12.11430454254156], [75.16069793701189, 12.114583015441951], [75.16124725341814, 12.114583015441951], [75.16124725341814, 12.114860534668026], [75.16152954101568, 12.114860534668026], [75.16152954101568, 12.115140914916992], [75.16263580322271, 12.115140914916992], [75.16263580322271, 12.115419387817383], [75.16346740722685, 12.115419387817383]]], [[[75.1540298461914, 12.142641067504826], [75.1540298461914, 12.14208126068138], [75.15430450439482, 12.142083168029785], [75.15430450439482, 12.141529083252067], [75.15458679199236, 12.141530990600643], [75.15458679199236, 12.140971183777026], [75.15486145019543, 12.140973091125602], [75.15486145019543, 12.140694618225211], [75.15513610839861, 12.140694618225211], [75.15513610839861, 12.140417098999137], [75.15541839599615, 12.140420913696289], [75.15541839599615, 12.140140533447322], [75.15569305419922, 12.140140533447322], [75.15569305419922, 12.140420913696289], [75.15598297119146, 12.140420913696289], [75.15598297119146, 12.140140533447322], [75.15651702880865, 12.140140533447322], [75.15651702880865, 12.139851570129338], [75.1570816040039, 12.139861106872843], [75.1570816040039, 12.139582633972282], [75.15763854980486, 12.139582633972282], [75.15763854980486, 12.139026641845987], [75.15791320800793, 12.139031410217285], [75.15791320800793, 12.138751029968489], [75.15875244140642, 12.138751029968489], [75.15875244140642, 12.138469696045036], [75.15902709960943, 12.138472557067928], [75.15902709960943, 12.138195037842024], [75.15930175781244, 12.138195037842024], [75.15930938720697, 12.137359619140682], [75.15985870361357, 12.137359619140682], [75.15985870361357, 12.136807441711369], [75.16043090820341, 12.136811256408748], [75.16043090820341, 12.136251449584904], [75.16069793701189, 12.136251449584904], [75.16069793701189, 12.135970115661621], [75.16097259521513, 12.135972023010424], [75.16097259521513, 12.135693550109863], [75.16124725341814, 12.135693550109863], [75.16124725341814, 12.13541603088396], [75.16152954101568, 12.135420799255428], [75.16152954101568, 12.134860038757267], [75.16179656982422, 12.134860038757267], [75.16179656982422, 12.13404178619379], [75.16208648681646, 12.13404178619379], [75.16208648681646, 12.133190155029297], [75.16180419921892, 12.13319396972662], [75.16180419921892, 12.132637977600154], [75.16152954101568, 12.132642745971623], [75.16152954101568, 12.131532669067667], [75.16124725341814, 12.131532669067667], [75.16124725341814, 12.131250381469727], [75.16097259521513, 12.131250381469727], [75.16097259521513, 12.130971908569336], [75.160140991211, 12.130971908569336], [75.160140991211, 12.130694389343262], [75.15985870361357, 12.130694389343262], [75.15985870361357, 12.130140304565543], [75.15957641601568, 12.130140304565543], [75.15957641601568, 12.12763977050787], [75.15985870361357, 12.12763977050787], [75.15985870361357, 12.127081871032999], [75.15958404541021, 12.127083778381404], [75.15958404541021, 12.126250267029036], [75.15930938720697, 12.126250267029036], [75.15930938720697, 12.125419616699332], [75.15957641601568, 12.125419616699332], [75.15957641601568, 12.125140190124682], [75.15930938720697, 12.125140190124682], [75.15930938720697, 12.12458419799799], [75.15930175781244, 12.123471260070971], [75.15902709960943, 12.123471260070971], [75.15902709960943, 12.122639656067179], [75.15875244140642, 12.122639656067179], [75.15875244140642, 12.122359275817814], [75.15902709960943, 12.122361183166788], [75.15902709960943, 12.121526718139933], [75.15875244140642, 12.121529579162825], [75.15875244140642, 12.121249198913631], [75.15847015380865, 12.121249198913631], [75.15847015380865, 12.120970726013468], [75.15819549560564, 12.120973587036133], [75.15820312500017, 12.121249198913631], [75.15791320800793, 12.121249198913631], [75.15791320800793, 12.122920036316145], [75.15763854980486, 12.122920036316145], [75.15763854980486, 12.124309539794979], [75.1570816040039, 12.124309539794979], [75.1570816040039, 12.124871253967399], [75.15680694580107, 12.124871253967399], [75.15680694580107, 12.125140190124682], [75.15651702880865, 12.125140190124682], [75.15651702880865, 12.125419616699332], [75.15625, 12.125419616699332], [75.15625, 12.125971794128645], [75.15597534179693, 12.125971794128645], [75.15598297119146, 12.126250267029036], [75.15569305419922, 12.126250267029036], [75.15569305419922, 12.127083778381404], [75.15541839599615, 12.127083778381404], [75.15541839599615, 12.127362251281795], [75.15486145019543, 12.127362251281795], [75.15486145019543, 12.128193855285758], [75.15458679199236, 12.128191947937182], [75.15458679199236, 12.128749847412223], [75.15429687500028, 12.128749847412223], [75.15429687500028, 12.129859924316406], [75.15374755859403, 12.129859924316406], [75.15374755859403, 12.130971908569336], [75.15347290039068, 12.130971908569336], [75.15347290039068, 12.131532669067667], [75.15319824218744, 12.1315279006958], [75.15319061279325, 12.132362365722656], [75.1529159545899, 12.132362365722656], [75.1529159545899, 12.13319396972662], [75.15235900878912, 12.13319396972662], [75.15235900878912, 12.13347244262701], [75.15207672119158, 12.133469581603947], [75.15207672119158, 12.133749961853312], [75.15180206298834, 12.133749961853312], [75.15180206298834, 12.13404178619379], [75.15152740478533, 12.13404178619379], [75.15152740478533, 12.134860038757267], [75.15125274658232, 12.134860038757267], [75.15125274658232, 12.135972023010424], [75.15097045898455, 12.135970115661621], [75.15097045898455, 12.136251449584904], [75.15123748779308, 12.136251449584904], [75.15123748779308, 12.136530876159782], [75.15097045898455, 12.136530876159782], [75.15097045898455, 12.137640953064135], [75.15069580078153, 12.137639045715332], [75.15069580078153, 12.138472557067928], [75.15013885498075, 12.138469696045036], [75.15013885498075, 12.139031410217285], [75.1498641967774, 12.139026641845987], [75.1498641967774, 12.139582633972282], [75.14958190917963, 12.139582633972282], [75.14958190917963, 12.140973091125602], [75.15013885498075, 12.140971183777026], [75.15013885498075, 12.141530990600643], [75.15097045898455, 12.141530990600643], [75.15097045898455, 12.141809463501033], [75.15125274658232, 12.141804695129395], [75.15125274658232, 12.142083168029785], [75.15180206298834, 12.14208126068138], [75.15180206298834, 12.14236068725586], [75.15207672119158, 12.14236068725586], [75.15207672119158, 12.142641067504826], [75.15264129638672, 12.142641067504826], [75.15264129638672, 12.14236068725586], [75.1529159545899, 12.14236068725586], [75.1529159545899, 12.142641067504826], [75.1540298461914, 12.142641067504826]]], [[[75.13541412353544, 12.185972213745174], [75.13541412353544, 12.185693740844783], [75.135971069336, 12.185693740844783], [75.135971069336, 12.185137748718319], [75.1362609863283, 12.185149192810059], [75.1362609863283, 12.184579849243278], [75.13652801513678, 12.18458366394043], [75.13652801513678, 12.18375015258789], [75.13680267333979, 12.18375015258789], [75.13680267333979, 12.183189392089957], [75.13708496093756, 12.183194160461426], [75.13708496093756, 12.182640075683707], [75.13764190673834, 12.182640075683707], [75.13764190673834, 12.18235969543457], [75.13791656494169, 12.18235969543457], [75.13791656494169, 12.182090759277287], [75.13846588134794, 12.182090759277287], [75.13846588134794, 12.18181037902832], [75.13874816894548, 12.18181037902832], [75.13874816894548, 12.181529998779354], [75.13903045654308, 12.181529998779354], [75.13903045654308, 12.181249618530387], [75.13957977294928, 12.181249618530387], [75.13957977294928, 12.18096923828125], [75.13986206054688, 12.180972099304313], [75.13986206054688, 12.180693626403922], [75.1404190063476, 12.180693626403922], [75.1404190063476, 12.180418014526424], [75.1406860351563, 12.180419921875], [75.1406860351563, 12.179309844970646], [75.14097595214872, 12.179309844970646], [75.14097595214872, 12.178191184997843], [75.14069366455084, 12.178193092346248], [75.14069366455084, 12.175416946411246], [75.14125061035156, 12.17541980743431], [75.14125061035156, 12.174580574035588], [75.14097595214872, 12.17458343505865], [75.14097595214872, 12.174027442932186], [75.14125061035156, 12.174030303955078], [75.14125061035156, 12.173191070556754], [75.14152526855497, 12.173194885254134], [75.14152526855497, 12.172638893127441], [75.14180755615251, 12.172638893127441], [75.14180755615251, 12.171810150146541], [75.14206695556646, 12.171810150146541], [75.14206695556646, 12.171251296997013], [75.14235687255876, 12.171251296997013], [75.14235687255876, 12.17069053649908], [75.1426391601563, 12.17069530487072], [75.1426391601563, 12.170416831970158], [75.14290618896479, 12.170421600341797], [75.14290618896479, 12.17015266418457], [75.14319610595709, 12.17015266418457], [75.14319610595709, 12.169860839843864], [75.1434707641601, 12.169860839843864], [75.1434707641601, 12.169581413269213], [75.14375305175787, 12.16958332061779], [75.14375305175787, 12.1690292358399], [75.14402770996122, 12.1690292358399], [75.14402770996122, 12.168748855590934], [75.14430236816406, 12.168748855590934], [75.14430236816406, 12.168473243713436], [75.144584655762, 12.168473243713436], [75.144584655762, 12.168194770813045], [75.14485931396501, 12.168194770813045], [75.14485931396501, 12.167917251586971], [75.14514160156278, 12.167921066284123], [75.14514160156278, 12.167640686035156], [75.14543151855486, 12.167640686035156], [75.14543151855486, 12.167361259460677], [75.1456909179688, 12.167361259460677], [75.1456909179688, 12.167082786560115], [75.14597320556658, 12.167082786560115], [75.14597320556658, 12.166805267334212], [75.14624786376959, 12.16681098937994], [75.14624786376959, 12.166530609130803], [75.14653015136713, 12.166530609130803], [75.14653015136713, 12.166251182556323], [75.14679718017584, 12.166251182556323], [75.14679718017584, 12.16596984863287], [75.14708709716825, 12.165972709655762], [75.14708709716825, 12.165695190429858], [75.14736175537115, 12.165695190429858], [75.14736175537115, 12.165416717529467], [75.1476364135745, 12.16542053222662], [75.1476364135745, 12.16514110565197], [75.14791870117205, 12.16514110565197], [75.14791870117205, 12.164860725403003], [75.14820098876982, 12.164860725403003], [75.14819335937528, 12.164306640625114], [75.14849090576189, 12.164311408996582], [75.14849090576189, 12.164019584655875], [75.14875030517584, 12.16402912139921], [75.14875030517584, 12.16375064849882], [75.14901733398438, 12.16375064849882], [75.14901733398438, 12.163191795349292], [75.14930725097662, 12.163193702697868], [75.14930725097662, 12.162360191345499], [75.14958190917963, 12.162360191345499], [75.14958190917963, 12.161527633667049], [75.14985656738287, 12.161531448364201], [75.14985656738287, 12.161250114441145], [75.15013885498075, 12.161250114441145], [75.15013885498075, 12.160979270935115], [75.15040588378906, 12.160979270935115], [75.15040588378906, 12.160690307617301], [75.15069580078153, 12.160694122314453], [75.15069580078153, 12.16041564941429], [75.15097045898455, 12.160421371460018], [75.15097045898455, 12.160140037536792], [75.15123748779308, 12.160140037536792], [75.15123748779308, 12.159859657287598], [75.15152740478533, 12.159861564636401], [75.15152740478533, 12.159582138061523], [75.15180206298834, 12.159582138061523], [75.15180206298834, 12.158749580383244], [75.15207672119158, 12.158749580383244], [75.15207672119158, 12.158191680908203], [75.15180206298834, 12.158193588256779], [75.15180206298834, 12.155971527099666], [75.15152740478533, 12.155971527099666], [75.15152740478533, 12.155694007873592], [75.15180206298834, 12.155694007873592], [75.15180206298834, 12.154306411743335], [75.15152740478533, 12.154310226440487], [75.15152740478533, 12.15402984619152], [75.15123748779308, 12.15402984619152], [75.15123748779308, 12.15375041961687], [75.15069580078153, 12.15375041961687], [75.15069580078153, 12.153190612793026], [75.15041351318365, 12.153194427490178], [75.15041351318365, 12.15291786193859], [75.15013885498075, 12.152919769287166], [75.15013885498075, 12.152080535888672], [75.15041351318365, 12.152084350586222], [75.15041351318365, 12.151805877685831], [75.15013885498075, 12.151809692382812], [75.15013885498075, 12.15042018890398], [75.15040588378906, 12.15042018890398], [75.15040588378906, 12.149310111999625], [75.15069580078153, 12.149310111999625], [75.15069580078153, 12.147639274597111], [75.15040588378906, 12.147639274597111], [75.15040588378906, 12.147358894348145], [75.15069580078153, 12.147360801696948], [75.15069580078153, 12.147083282470646], [75.15013885498075, 12.147083282470646], [75.15013885498075, 12.146804809570256], [75.1498641967774, 12.146804809570256], [75.1498641967774, 12.147360801696948], [75.14958190917963, 12.147358894348145], [75.14958190917963, 12.147919654846476], [75.14930725097662, 12.147919654846476], [75.14930725097662, 12.148749351501465], [75.14901733398438, 12.148749351501465], [75.14901733398438, 12.149310111999625], [75.14875030517584, 12.149310111999625], [75.14875030517584, 12.15042018890398], [75.14849090576189, 12.15042018890398], [75.14849090576189, 12.151251792907772], [75.14820098876982, 12.151251792907772], [75.14820098876982, 12.151530265808333], [75.14791870117205, 12.151530265808333], [75.14791870117205, 12.151809692382812], [75.1476364135745, 12.151809692382812], [75.1476364135745, 12.152361869812125], [75.14736175537115, 12.152361869812125], [75.14736175537115, 12.152640342712687], [75.14708709716825, 12.152638435363713], [75.14708709716825, 12.15347194671648], [75.14680480957037, 12.15347194671648], [75.14680480957037, 12.154583930969238], [75.14653015136713, 12.154583930969238], [75.14653015136713, 12.155971527099666], [75.14624786376959, 12.155971527099666], [75.14624786376959, 12.157084465026912], [75.14597320556658, 12.157079696655273], [75.14597320556658, 12.157640457153377], [75.1456909179688, 12.157637596130314], [75.1456909179688, 12.158193588256779], [75.14543151855486, 12.158191680908203], [75.14543151855486, 12.158749580383244], [75.14514160156278, 12.158749580383244], [75.14514160156278, 12.160140037536792], [75.14485931396501, 12.160138130187988], [75.14485931396501, 12.162360191345499], [75.144584655762, 12.162360191345499], [75.144584655762, 12.16402912139921], [75.14430236816406, 12.164019584655875], [75.14430236816406, 12.16514110565197], [75.14402770996122, 12.16514110565197], [75.14402770996122, 12.166251182556323], [75.14375305175787, 12.166251182556323], [75.14375305175787, 12.167361259460677], [75.1434707641601, 12.167361259460677], [75.1434707641601, 12.167921066284123], [75.14319610595709, 12.167917251586971], [75.14319610595709, 12.168473243713436], [75.14290618896479, 12.16847133636503], [75.14290618896479, 12.1690292358399], [75.1426391601563, 12.169027328491325], [75.1426391601563, 12.16958332061779], [75.14235687255876, 12.169581413269213], [75.14235687255876, 12.17015266418457], [75.14206695556646, 12.17015266418457], [75.14206695556646, 12.170421600341797], [75.14180755615251, 12.170416831970158], [75.14180755615251, 12.170970916748047], [75.14152526855497, 12.170970916748047], [75.1415328979495, 12.171251296997013], [75.14125061035156, 12.171251296997013], [75.14125061035156, 12.17153167724615], [75.14097595214872, 12.171526908874512], [75.14097595214872, 12.172082901000977], [75.14069366455084, 12.172082901000977], [75.14069366455084, 12.172361373901367], [75.1404190063476, 12.172361373901367], [75.1404190063476, 12.172920227050724], [75.14013671875006, 12.172917366027832], [75.14013671875006, 12.173194885254134], [75.13986206054688, 12.173191070556754], [75.13986206054688, 12.173750877380598], [75.13957977294928, 12.173750877380598], [75.13957977294928, 12.174030303955078], [75.13929748535173, 12.174030303955078], [75.13929748535173, 12.174309730529956], [75.13957977294928, 12.174309730529956], [75.13957977294928, 12.174860954284952], [75.13929748535173, 12.174860954284952], [75.13929748535173, 12.175139427185343], [75.13903045654308, 12.175139427185343], [75.13903045654308, 12.175696372985897], [75.13874816894548, 12.175696372985897], [75.13874816894548, 12.177083969116154], [75.13846588134794, 12.177081108093489], [75.13846588134794, 12.177920341491813], [75.1381912231447, 12.177914619445858], [75.1381912231447, 12.17847156524681], [75.13764190673834, 12.17847156524681], [75.13764190673834, 12.179309844970646], [75.13735961914091, 12.179309844970646], [75.13735961914091, 12.180419921875], [75.13707733154303, 12.180419921875], [75.13707733154303, 12.18235969543457], [75.13680267333979, 12.18235969543457], [75.13680267333979, 12.182920455932674], [75.13652801513678, 12.182915687561035], [75.13652801513678, 12.1834716796875], [75.13625335693376, 12.1834716796875], [75.1362609863283, 12.18375015258789], [75.13569641113298, 12.18375015258789], [75.13569641113298, 12.182640075683707], [75.13540649414074, 12.182640075683707], [75.13540649414074, 12.18181037902832], [75.1351394653322, 12.18181037902832], [75.1351394653322, 12.181529998779354], [75.13485717773466, 12.181529998779354], [75.13485717773466, 12.18181037902832], [75.1345825195313, 12.18181037902832], [75.1345825195313, 12.18235969543457], [75.13430786132841, 12.18235969543457], [75.13430786132841, 12.18375015258789], [75.13403320312506, 12.18375015258789], [75.13403320312506, 12.184310913085994], [75.13430786132841, 12.184306144714355], [75.13430786132841, 12.18458366394043], [75.1345825195313, 12.184579849243278], [75.1345825195313, 12.185149192810059], [75.13486480712919, 12.185137748718319], [75.13486480712919, 12.185693740844783], [75.1351394653322, 12.185693740844783], [75.1351394653322, 12.185972213745174], [75.13541412353544, 12.185972213745174]]], [[[75.13181304931669, 12.19153118133545], [75.13181304931669, 12.191250801086653], [75.13208007812517, 12.191250801086653], [75.13208007812517, 12.190960884094352], [75.13263702392595, 12.190973281860352], [75.13263702392595, 12.190694808960188], [75.13319396972673, 12.190694808960188], [75.13319396972673, 12.190137863159237], [75.13346862792974, 12.1901407241823], [75.13346862792974, 12.189860343933333], [75.13375091552729, 12.189860343933333], [75.13375091552729, 12.189584732055835], [75.13402557373053, 12.189584732055835], [75.13402557373053, 12.18930435180664], [75.13430786132841, 12.189311027526912], [75.13430786132841, 12.188190460205135], [75.13402557373053, 12.188194274902287], [75.13402557373053, 12.187359809875431], [75.13320159912126, 12.187361717224235], [75.13320159912126, 12.187920570373592], [75.1329193115235, 12.187915802002124], [75.1329193115235, 12.188194274902287], [75.13263702392595, 12.188190460205135], [75.13263702392595, 12.188471794128588], [75.13236236572294, 12.188471794128588], [75.13236236572294, 12.18875026702898], [75.13208007812517, 12.18875026702898], [75.13208007812517, 12.189311027526912], [75.13181304931669, 12.189311027526912], [75.13181304931669, 12.190421104431266], [75.1315307617188, 12.190421104431266], [75.1315307617188, 12.191250801086653], [75.13124847412138, 12.191250801086653], [75.13124847412138, 12.19153118133545], [75.13181304931669, 12.19153118133545]]], [[[75.13014221191423, 12.198195457458553], [75.13014221191423, 12.197916984558162], [75.13069152832026, 12.19792175292963], [75.13069152832026, 12.197641372680664], [75.13124847412138, 12.197641372680664], [75.13124847412138, 12.196811676025675], [75.1315307617188, 12.196811676025675], [75.1315307617188, 12.19569015502941], [75.13124847412138, 12.195694923400879], [75.13124847412138, 12.195417404174805], [75.1309661865235, 12.195419311523551], [75.1309661865235, 12.19514083862299], [75.13041687011724, 12.19514083862299], [75.13041687011724, 12.19486141204851], [75.13014221191423, 12.19486141204851], [75.13014221191423, 12.19458293914795], [75.12930297851574, 12.194580078125057], [75.12930297851574, 12.19653129577631], [75.12959289550798, 12.19653129577631], [75.12959289550798, 12.197641372680664], [75.12985992431646, 12.197639465332088], [75.12985992431646, 12.198195457458553], [75.13014221191423, 12.198195457458553]]], [[[75.12652587890642, 12.205142021179256], [75.12652587890642, 12.20486164093029], [75.12680816650396, 12.20486164093029], [75.12680816650396, 12.204031944274902], [75.12652587890642, 12.204031944274902], [75.12652587890642, 12.20263862609869], [75.12680816650396, 12.20263862609869], [75.12680816650396, 12.200970649719466], [75.12708282470703, 12.200972557067871], [75.12708282470703, 12.199860572815112], [75.12735748291021, 12.199860572815112], [75.12735748291021, 12.197639465332088], [75.12706756591791, 12.197641372680664], [75.12706756591791, 12.195970535278377], [75.12735748291021, 12.19597339630127], [75.12735748291021, 12.19486141204851], [75.12763977050776, 12.19486141204851], [75.12763977050776, 12.194305419922046], [75.12790679931646, 12.194309234619197], [75.12790679931646, 12.194030761718807], [75.12819671630888, 12.194030761718807], [75.12819671630888, 12.193751335144157], [75.12847137451172, 12.193751335144157], [75.12847137451172, 12.192920684814453], [75.12874603271513, 12.192920684814453], [75.12874603271513, 12.192360877991007], [75.12930297851574, 12.192360877991007], [75.12930297851574, 12.192079544067383], [75.12958526611345, 12.192083358764705], [75.12958526611345, 12.191526412964151], [75.12985992431646, 12.19153118133545], [75.12985992431646, 12.190960884094352], [75.13014221191423, 12.190973281860352], [75.13014221191423, 12.190416336059798], [75.13041687011724, 12.190421104431266], [75.13041687011724, 12.1901407241823], [75.13069152832026, 12.1901407241823], [75.13069152832026, 12.189030647277946], [75.1309661865235, 12.189030647277946], [75.1309661865235, 12.188471794128588], [75.13069152832026, 12.188471794128588], [75.13069152832026, 12.188190460205135], [75.13097381591803, 12.188194274902287], [75.13097381591803, 12.186528205871639], [75.13124847412138, 12.186531066894531], [75.13124847412138, 12.185691833496207], [75.13097381591803, 12.185693740844783], [75.13097381591803, 12.18541622161871], [75.13124847412138, 12.185420989990178], [75.13124847412138, 12.184579849243278], [75.1315307617188, 12.18458366394043], [75.1315307617188, 12.18375015258789], [75.13181304931669, 12.18375015258789], [75.13180541992216, 12.183194160461426], [75.13208007812517, 12.183194160461426], [75.13208007812517, 12.182640075683707], [75.13236236572294, 12.182640075683707], [75.13236236572294, 12.182090759277287], [75.13263702392595, 12.182090759277287], [75.13263702392595, 12.181529998779354], [75.1329193115235, 12.181529998779354], [75.1329193115235, 12.18096923828125], [75.13319396972673, 12.180972099304313], [75.13319396972673, 12.180418014526424], [75.13346862792974, 12.180419921875], [75.13346862792974, 12.17986202239996], [75.13375091552729, 12.17986202239996], [75.13375091552729, 12.179309844970646], [75.13403320312506, 12.179309844970646], [75.13403320312506, 12.178751945495605], [75.13430786132841, 12.178751945495605], [75.13430786132841, 12.178191184997843], [75.1345825195313, 12.178193092346248], [75.1345825195313, 12.177639961242846], [75.13485717773466, 12.177641868591422], [75.13485717773466, 12.177081108093489], [75.1351394653322, 12.177083969116154], [75.1351394653322, 12.1765270233156], [75.13540649414074, 12.176531791687069], [75.13540649414074, 12.175959587097225], [75.13569641113298, 12.175971031189135], [75.13569641113298, 12.175416946411246], [75.135971069336, 12.17541980743431], [75.135971069336, 12.174860954284952], [75.13569641113298, 12.174860954284952], [75.13569641113298, 12.174030303955078], [75.13540649414074, 12.174030303955078], [75.13540649414074, 12.1720809936524], [75.13569641113298, 12.172082901000977], [75.13569641113298, 12.171526908874512], [75.135971069336, 12.17153167724615], [75.135971069336, 12.170970916748047], [75.13625335693376, 12.170970916748047], [75.13625335693376, 12.17069530487072], [75.13652801513678, 12.17069530487072], [75.13652801513678, 12.170416831970158], [75.13680267333979, 12.170421600341797], [75.13680267333979, 12.17015266418457], [75.13707733154303, 12.17015266418457], [75.13707733154303, 12.169860839843864], [75.13735961914091, 12.169860839843864], [75.13735961914091, 12.169581413269213], [75.13764190673834, 12.16958332061779], [75.13764190673834, 12.169304847717399], [75.13791656494169, 12.169311523437443], [75.13791656494169, 12.1690292358399], [75.1381912231447, 12.1690292358399], [75.1381912231447, 12.168748855590934], [75.13847351074247, 12.168748855590934], [75.13847351074247, 12.168473243713436], [75.13874816894548, 12.168473243713436], [75.13874816894548, 12.168194770813045], [75.13903045654308, 12.168194770813045], [75.13903045654308, 12.167917251586971], [75.13929748535173, 12.167921066284123], [75.13929748535173, 12.167640686035156], [75.13957977294928, 12.167640686035156], [75.13957977294928, 12.167361259460677], [75.13986206054688, 12.167361259460677], [75.13986206054688, 12.167082786560115], [75.14013671875006, 12.167082786560115], [75.14013671875006, 12.166528701782227], [75.1404190063476, 12.166530609130803], [75.1404190063476, 12.166251182556323], [75.1406860351563, 12.166251182556323], [75.1406860351563, 12.165690422058162], [75.14097595214872, 12.165695190429858], [75.14097595214872, 12.165139198303166], [75.14125061035156, 12.16514110565197], [75.14125061035156, 12.164860725403003], [75.1415328979495, 12.164860725403003], [75.14152526855497, 12.164306640625114], [75.14180755615251, 12.164311408996582], [75.14180755615251, 12.162640571594466], [75.1415328979495, 12.162640571594466], [75.1415328979495, 12.159030914306697], [75.14180755615251, 12.159030914306697], [75.14180755615251, 12.15596961975109], [75.14208221435558, 12.155971527099666], [75.14208221435558, 12.155139923095703], [75.14235687255876, 12.155139923095703], [75.14235687255876, 12.15402984619152], [75.1426391601563, 12.15402984619152], [75.1426391601563, 12.153190612793026], [75.14291381835938, 12.153194427490178], [75.14291381835938, 12.152361869812125], [75.14319610595709, 12.152361869812125], [75.14319610595709, 12.151809692382812], [75.1434707641601, 12.151809692382812], [75.1434707641601, 12.151251792907772], [75.14375305175787, 12.151251792907772], [75.14375305175787, 12.150691032409611], [75.14402770996122, 12.150695800781477], [75.14402770996122, 12.15041542053251], [75.14430236816406, 12.15042018890398], [75.14430236816406, 12.149859428405819], [75.144584655762, 12.149862289428711], [75.144584655762, 12.149305343628157], [75.14485931396501, 12.149310111999625], [75.14485931396501, 12.148749351501465], [75.14514160156278, 12.148749351501465], [75.14514160156278, 12.148470878601302], [75.1456909179688, 12.148470878601302], [75.1456909179688, 12.148193359375], [75.14624786376959, 12.148193359375], [75.14624786376959, 12.147639274597111], [75.14653015136713, 12.147639274597111], [75.14653015136713, 12.14708137512207], [75.14680480957037, 12.147083282470646], [75.14680480957037, 12.146527290344181], [75.14708709716825, 12.146529197693155], [75.14708709716825, 12.14598178863531], [75.14736175537115, 12.14598178863531], [75.14736175537115, 12.145421981811467], [75.1476364135745, 12.145421981811467], [75.1476364135745, 12.144861221313533], [75.14791870117205, 12.144861221313533], [75.14791870117205, 12.143195152282715], [75.1476364135745, 12.143195152282715], [75.1476364135745, 12.141529083252067], [75.14736175537115, 12.141530990600643], [75.14736175537115, 12.139851570129338], [75.14708709716825, 12.139861106872843], [75.14708709716825, 12.137359619140682], [75.14736175537115, 12.137359619140682], [75.14736175537115, 12.13647174835205], [75.14736175537115, 12.13541603088396], [75.1476364135745, 12.135420799255428], [75.1476364135745, 12.1345796585083], [75.14791870117205, 12.134585380554256], [75.14791870117205, 12.133749961853312], [75.14820098876982, 12.133749961853312], [75.14820098876982, 12.133200645446891], [75.14849090576189, 12.133190155029297], [75.14847564697283, 12.132362365722656], [75.14875030517584, 12.132362365722656], [75.14875030517584, 12.1315279006958], [75.14901733398438, 12.131532669067667], [75.14901733398438, 12.130971908569336], [75.14930725097662, 12.130971908569336], [75.14930725097662, 12.130415916442871], [75.14958190917963, 12.13042068481451], [75.14958190917963, 12.129859924316406], [75.14985656738287, 12.129859924316406], [75.14985656738287, 12.12903022766119], [75.15013885498075, 12.12903022766119], [75.15013885498075, 12.128470420837346], [75.15041351318365, 12.128472328186149], [75.15041351318365, 12.127916336059855], [75.15069580078153, 12.127916336059855], [75.15069580078153, 12.127362251281795], [75.15097045898455, 12.127362251281795], [75.15097045898455, 12.1268062591555], [75.15123748779308, 12.126810073852482], [75.15123748779308, 12.125971794128645], [75.15152740478533, 12.125971794128645], [75.15152740478533, 12.125419616699332], [75.15180206298834, 12.125419616699332], [75.15180206298834, 12.124871253967399], [75.15207672119158, 12.124871253967399], [75.15207672119158, 12.124309539794979], [75.15235900878912, 12.124309539794979], [75.15235900878912, 12.123471260070971], [75.15264129638672, 12.123471260070971], [75.15264129638672, 12.122915267944279], [75.1529159545899, 12.122920036316145], [75.1529159545899, 12.122359275817814], [75.15319824218744, 12.122361183166788], [75.15319824218744, 12.121805191040323], [75.15347290039068, 12.121809959411792], [75.15347290039068, 12.121249198913631], [75.15374755859403, 12.121249198913631], [75.15374755859403, 12.120970726013468], [75.1540298461914, 12.120973587036133], [75.1540298461914, 12.120693206787166], [75.15430450439482, 12.120693206787166], [75.15430450439482, 12.120416641235579], [75.15450286865263, 12.12042045593256], [75.15458679199236, 12.120416641235579], [75.15458679199236, 12.11998653411871], [75.15458679199236, 12.119860649109114], [75.15486145019543, 12.119860649109114], [75.15486145019543, 12.119581222534237], [75.15513610839861, 12.119583129882812], [75.15513610839861, 12.119304656982422], [75.15541839599615, 12.119310379028377], [75.15541839599615, 12.11875057220476], [75.15569305419922, 12.11875057220476], [75.15569305419922, 12.118190765380916], [75.15597534179693, 12.118194580078068], [75.15597534179693, 12.1173610687257], [75.15625, 12.1173610687257], [75.15625, 12.116811752319279], [75.15651702880865, 12.116811752319279], [75.15651702880865, 12.116250991821346], [75.15680694580107, 12.116250991821346], [75.15680694580107, 12.111911773681697], [75.15680694580107, 12.110973358154354], [75.1570816040039, 12.110973358154354], [75.1570816040039, 12.110417366027889], [75.15729522705084, 12.110393524169979], [75.15737152099638, 12.110160827636832], [75.15652465820318, 12.110137939453239], [75.15652465820318, 12.11069488525419], [75.15625, 12.11069488525419], [75.15625, 12.110973358154354], [75.15598297119146, 12.110969543457031], [75.15598297119146, 12.111531257629451], [75.15569305419922, 12.111531257629451], [75.15569305419922, 12.112360954284838], [75.15541839599615, 12.112360954284838], [75.15541839599615, 12.11293029785179], [75.15513610839861, 12.112916946411303], [75.15513610839861, 12.113472938537598], [75.15486145019543, 12.113471031189192], [75.15486145019543, 12.1143093109132], [75.15458679199236, 12.1143093109132], [75.15458679199236, 12.115419387817383], [75.15430450439482, 12.11541652679449], [75.15430450439482, 12.115973472595272], [75.1540298461914, 12.11597061157238], [75.1540298461914, 12.116250991821346], [75.15374755859403, 12.116250991821346], [75.15374755859403, 12.117082595825138], [75.15347290039068, 12.117080688476562], [75.15347290039068, 12.1173610687257], [75.15319824218744, 12.1173610687257], [75.15319061279325, 12.117921829223633], [75.1529159545899, 12.117921829223633], [75.1529159545899, 12.119310379028377], [75.15264129638672, 12.119310379028377], [75.15264129638672, 12.119860649109114], [75.15235900878912, 12.119860649109114], [75.15235900878912, 12.12042045593256], [75.15207672119158, 12.12042045593256], [75.15207672119158, 12.121529579162825], [75.15180206298834, 12.121526718139933], [75.15180206298834, 12.122082710266227], [75.15152740478533, 12.122078895568848], [75.15152740478533, 12.122920036316145], [75.15125274658232, 12.122915267944279], [75.15125274658232, 12.123471260070971], [75.15097045898455, 12.123471260070971], [75.15097045898455, 12.124032020568904], [75.15069580078153, 12.124028205871525], [75.15069580078153, 12.12458419799799], [75.15040588378906, 12.124581336975325], [75.15040588378906, 12.125971794128645], [75.15013885498075, 12.125971794128645], [75.15013885498075, 12.126250267029036], [75.14985656738287, 12.126250267029036], [75.14985656738287, 12.126810073852482], [75.14958190917963, 12.1268062591555], [75.14958190917963, 12.127362251281795], [75.14930725097662, 12.127362251281795], [75.14930725097662, 12.128472328186149], [75.14901733398438, 12.128470420837346], [75.14901733398438, 12.129310607910156], [75.14875030517584, 12.129310607910156], [75.14875030517584, 12.129859924316406], [75.14849090576189, 12.129859924316406], [75.14849090576189, 12.13042068481451], [75.14819335937528, 12.130415916442871], [75.14819335937528, 12.130694389343262], [75.14791870117205, 12.130694389343262], [75.14791870117205, 12.130971908569336], [75.1476364135745, 12.130971908569336], [75.1476364135745, 12.131532669067667], [75.14736175537115, 12.131532669067667], [75.14736175537115, 12.132642745971623], [75.14708709716825, 12.132642745971623], [75.14708709716825, 12.132921218872013], [75.14679718017584, 12.132921218872013], [75.14679718017584, 12.134310722351074], [75.14653015136713, 12.134310722351074], [75.14653015136713, 12.135141372680721], [75.14624786376959, 12.135137557983569], [75.14624786376959, 12.135972023010424], [75.14597320556658, 12.135970115661621], [75.14597320556658, 12.136811256408748], [75.1456909179688, 12.136807441711369], [75.1456909179688, 12.137359619140682], [75.14543151855486, 12.137359619140682], [75.14543151855486, 12.137640953064135], [75.14514160156278, 12.137639045715332], [75.14514160156278, 12.138195037842024], [75.14485931396501, 12.138190269470158], [75.14485931396501, 12.139310836791935], [75.14457702636747, 12.139310836791935], [75.14457702636747, 12.140140533447322], [75.14430236816406, 12.140138626098746], [75.14430236816406, 12.140694618225211], [75.14402770996122, 12.140689849853572], [75.14402770996122, 12.141250610351676], [75.14375305175787, 12.141250610351676], [75.14375305175787, 12.141809463501033], [75.1434707641601, 12.141809463501033], [75.1434707641601, 12.14236068725586], [75.14319610595709, 12.14236068725586], [75.14319610595709, 12.142916679382324], [75.14291381835938, 12.142916679382324], [75.14291381835938, 12.143470764160213], [75.1426391601563, 12.143468856811637], [75.1426391601563, 12.14375114440918], [75.14235687255876, 12.14375114440918], [75.14235687255876, 12.144031524658146], [75.14208221435558, 12.144026756286678], [75.14208221435558, 12.144861221313533], [75.14180755615251, 12.144861221313533], [75.14180755615251, 12.145421981811467], [75.14206695556646, 12.145421981811467], [75.14206695556646, 12.14598178863531], [75.14180755615251, 12.14598178863531], [75.14180755615251, 12.146529197693155], [75.14152526855497, 12.146527290344181], [75.14152526855497, 12.147083282470646], [75.14125061035156, 12.14708137512207], [75.14125061035156, 12.147639274597111], [75.14097595214872, 12.147639274597111], [75.14097595214872, 12.148470878601302], [75.1406860351563, 12.148470878601302], [75.1406860351563, 12.149041175842342], [75.1404190063476, 12.149041175842342], [75.1404190063476, 12.149310111999625], [75.14013671875006, 12.149310111999625], [75.14013671875006, 12.15042018890398], [75.13986206054688, 12.15042018890398], [75.13986206054688, 12.151251792907772], [75.13957977294928, 12.151251792907772], [75.13957977294928, 12.151809692382812], [75.13929748535173, 12.151809692382812], [75.13929748535173, 12.152640342712687], [75.13903045654308, 12.152638435363713], [75.13903045654308, 12.153194427490178], [75.13874816894548, 12.153190612793026], [75.13874816894548, 12.15375041961687], [75.13846588134794, 12.15375041961687], [75.13846588134794, 12.154310226440487], [75.1381912231447, 12.154306411743335], [75.1381912231447, 12.154862403869629], [75.13791656494169, 12.154850959777889], [75.13791656494169, 12.15625], [75.13764190673834, 12.15625], [75.13764190673834, 12.15681076049799], [75.13735961914091, 12.156805992126522], [75.13735961914091, 12.157084465026912], [75.13707733154303, 12.157079696655273], [75.13707733154303, 12.159311294555664], [75.13680267333979, 12.159305572509936], [75.13680267333979, 12.159582138061523], [75.13652801513678, 12.159582138061523], [75.13652801513678, 12.160694122314453], [75.1362609863283, 12.160690307617301], [75.1362609863283, 12.161250114441145], [75.135971069336, 12.161250114441145], [75.135971069336, 12.161810874939079], [75.13569641113298, 12.161804199218807], [75.13569641113298, 12.162360191345499], [75.13541412353544, 12.162360191345499], [75.13541412353544, 12.163473129272518], [75.1351394653322, 12.163473129272518], [75.1351394653322, 12.16402912139921], [75.13485717773466, 12.164019584655875], [75.13485717773466, 12.164860725403003], [75.1345825195313, 12.164860725403003], [75.1345825195313, 12.165695190429858], [75.13430786132841, 12.165690422058162], [75.13430786132841, 12.166251182556323], [75.13403320312506, 12.166251182556323], [75.13403320312506, 12.16681098937994], [75.13375091552729, 12.166805267334212], [75.13375091552729, 12.167361259460677], [75.13346862792974, 12.167361259460677], [75.13346862792974, 12.167921066284123], [75.13319396972673, 12.167917251586971], [75.13319396972673, 12.168748855590934], [75.13263702392595, 12.168748855590934], [75.13263702392595, 12.17015266418457], [75.13236236572294, 12.17015266418457], [75.13236236572294, 12.171251296997013], [75.13208007812517, 12.171251296997013], [75.13208007812517, 12.171810150146541], [75.13180541992216, 12.171805381774902], [75.13180541992216, 12.172361373901367], [75.1315307617188, 12.172361373901367], [75.1315307617188, 12.172920227050724], [75.13124847412138, 12.172920227050724], [75.13124847412138, 12.173750877380598], [75.13097381591803, 12.173748970031795], [75.13097381591803, 12.17458343505865], [75.13069152832026, 12.174580574035588], [75.13069152832026, 12.17541980743431], [75.13041687011724, 12.17541980743431], [75.13041687011724, 12.176248550415039], [75.13014221191423, 12.176248550415039], [75.13014221191423, 12.177083969116154], [75.12985992431646, 12.177081108093489], [75.12985992431646, 12.177641868591422], [75.12958526611345, 12.177639961242846], [75.12958526611345, 12.17847156524681], [75.12930297851574, 12.17847156524681], [75.12930297851574, 12.179027557373104], [75.12902832031267, 12.179027557373104], [75.12902832031267, 12.179583549499569], [75.12874603271513, 12.179580688476676], [75.12874603271513, 12.181249618530387], [75.12847137451172, 12.181249618530387], [75.12847137451172, 12.181529998779354], [75.12819671630888, 12.181529998779354], [75.12819671630888, 12.182090759277287], [75.12790679931646, 12.182090759277287], [75.12790679931646, 12.18235969543457], [75.12763977050776, 12.18235969543457], [75.12763977050776, 12.182920455932674], [75.12735748291021, 12.182920455932674], [75.12735748291021, 12.18375015258789], [75.12708282470703, 12.18375015258789], [75.12708282470703, 12.18458366394043], [75.12680816650396, 12.184579849243278], [75.12680816650396, 12.185420989990178], [75.12652587890642, 12.185420989990178], [75.12652587890642, 12.186249732971476], [75.12625122070324, 12.186249732971476], [75.12625122070324, 12.186811447143498], [75.12596893310564, 12.186811447143498], [75.12596893310564, 12.187361717224235], [75.1256866455081, 12.187361717224235], [75.1256866455081, 12.187641143798885], [75.12541961669922, 12.187641143798885], [75.12541961669922, 12.188471794128588], [75.12513732910185, 12.188471794128588], [75.12513732910185, 12.189584732055835], [75.1248626708985, 12.189579963684139], [75.1248626708985, 12.1901407241823], [75.12458038330107, 12.190137863159237], [75.12458038330107, 12.190694808960188], [75.12430572509771, 12.190694808960188], [75.12432098388678, 12.191250801086653], [75.12403106689453, 12.191250801086653], [75.12403106689453, 12.19153118133545], [75.12374877929693, 12.19153118133545], [75.12374877929693, 12.1918106079101], [75.12346649169939, 12.1918106079101], [75.12346649169939, 12.192360877991007], [75.12374877929693, 12.192360877991007], [75.12374877929693, 12.192641258239803], [75.12403106689453, 12.192641258239803], [75.12403106689453, 12.192920684814453], [75.12430572509771, 12.192916870117301], [75.12430572509771, 12.193341255188216], [75.12430572509771, 12.193472862243766], [75.12374877929693, 12.19347095489519], [75.12374877929693, 12.194030761718807], [75.12346649169939, 12.194030761718807], [75.12346649169939, 12.194309234619197], [75.12319183349615, 12.194305419922046], [75.12319183349615, 12.19486141204851], [75.12291717529314, 12.19486141204851], [75.12291717529314, 12.197219848632812], [75.12291717529314, 12.197360992431697], [75.12264251709013, 12.197360992431697], [75.12264251709013, 12.197980880737362], [75.12264251709013, 12.198471069336051], [75.12246704101591, 12.198471069336051], [75.12236022949236, 12.198471069336051], [75.12236785888672, 12.198751449585018], [75.12264251709013, 12.198751449585018], [75.12264251709013, 12.19958305358881], [75.12291717529314, 12.19958305358881], [75.12291717529314, 12.200139045715275], [75.12319183349615, 12.200130462646655], [75.12319183349615, 12.201251029968432], [75.12346649169939, 12.201251029968432], [75.12346649169939, 12.201530456542912], [75.12374877929693, 12.20152664184593], [75.12374877929693, 12.202082633972225], [75.12403106689453, 12.20208072662382], [75.12403106689453, 12.202919960022143], [75.12430572509771, 12.20291805267334], [75.12430572509771, 12.203195571899641], [75.12458038330107, 12.203195571899641], [75.12458038330107, 12.20347118377714], [75.1248626708985, 12.203469276428166], [75.1248626708985, 12.204310417175293], [75.12513732910185, 12.204310417175293], [75.12513732910185, 12.20486164093029], [75.12541961669922, 12.20486164093029], [75.12541961669922, 12.205142021179256], [75.12652587890642, 12.205142021179256]]], [[[75.39731597900419, 12.497810363769531], [75.40099334716814, 12.490571975708178], [75.40423583984392, 12.489601135253906], [75.40892028808605, 12.494191169739054], [75.41448974609403, 12.496711730957088], [75.42018127441435, 12.479661941528434], [75.42053985595709, 12.471541404724405], [75.42428588867205, 12.466251373291016], [75.42250823974638, 12.460061073303223], [75.41677093505888, 12.458880424499625], [75.41467285156278, 12.454092025756836], [75.40908050537115, 12.449850082397631], [75.40349578857439, 12.447568893432617], [75.3919296264649, 12.445089340209961], [75.3858261108399, 12.450700759887866], [75.36662292480497, 12.45166015625], [75.36589050292986, 12.449080467224064], [75.36943817138683, 12.44563198089611], [75.37053680419928, 12.428941726684513], [75.36560058593756, 12.407040596008414], [75.36972045898455, 12.401799201965332], [75.37219238281267, 12.395730018615666], [75.37616729736322, 12.392461776733398], [75.37858581542974, 12.386671066284293], [75.38117218017595, 12.384790420532283], [75.38578796386724, 12.385589599609318], [75.39071655273455, 12.383440971374512], [75.39433288574236, 12.379831314086971], [75.39711761474638, 12.375241279602221], [75.40113830566435, 12.375700950622559], [75.40336608886724, 12.372559547424373], [75.41146087646479, 12.374570846557845], [75.41886901855497, 12.369520187377873], [75.42138671875, 12.366729736328296], [75.42143249511736, 12.361901283264217], [75.41935729980474, 12.35254955291748], [75.41774749755854, 12.348430633544979], [75.41427612304716, 12.343930244445914], [75.41005706787115, 12.341341018677042], [75.41117858886724, 12.337821960449276], [75.41436767578142, 12.333750724792594], [75.41633605957037, 12.321471214294547], [75.41985321044916, 12.319460868835563], [75.41996002197271, 12.314460754394474], [75.42308044433622, 12.308140754699707], [75.42990875244169, 12.302230834961051], [75.43039703369158, 12.299521446228141], [75.42164611816412, 12.290961265563908], [75.41912841796892, 12.286399841308707], [75.414047241211, 12.286252021789608], [75.41166687011736, 12.287380218505916], [75.39710235595732, 12.28684043884283], [75.39096069335943, 12.283082008362044], [75.39145660400408, 12.289340019226017], [75.38965606689464, 12.290399551391658], [75.38632965087908, 12.289641380310002], [75.38506317138678, 12.282470703125], [75.3787231445313, 12.278470993042049], [75.36968231201166, 12.278031349182243], [75.36628723144548, 12.276591300964526], [75.36279296875028, 12.271639823913574], [75.3464660644533, 12.262830734252987], [75.3396072387697, 12.264010429382324], [75.33442687988298, 12.262030601501465], [75.32792663574219, 12.264361381530705], [75.32406616210966, 12.266770362854118], [75.3194198608399, 12.267580986023063], [75.311767578125, 12.265791893005314], [75.30570983886724, 12.26570129394554], [75.29928588867216, 12.263372421264876], [75.2944793701173, 12.260160446167049], [75.29009246826183, 12.25596046447771], [75.28819274902372, 12.253120422363509], [75.28827667236345, 12.249780654907283], [75.29216766357428, 12.237240791320858], [75.29139709472662, 12.23178958892828], [75.2890014648437, 12.22998046875017], [75.28565979003912, 12.229111671447981], [75.28153991699247, 12.229330062866154], [75.27823638916021, 12.226971626282022], [75.27600097656278, 12.22423171997076], [75.27075195312517, 12.222302436828613], [75.26074218750028, 12.220300674438647], [75.25444030761747, 12.214921951294059], [75.24550628662138, 12.213041305542049], [75.24125671386724, 12.212980270385742], [75.23528289794922, 12.21410083770752], [75.23175811767607, 12.215760231018294], [75.22936248779314, 12.214868545532283], [75.22695159912115, 12.213011741638184], [75.223129272461, 12.205699920654297], [75.21623229980474, 12.199522018432674], [75.20995330810553, 12.195070266723746], [75.20410919189482, 12.189099311828613], [75.20047760009794, 12.18776988983177], [75.19857788085966, 12.189471244812012], [75.19477844238276, 12.189920425415153], [75.18885040283232, 12.18810081481945], [75.17932891845697, 12.187431335449162], [75.17555999755876, 12.188059806823674], [75.17217254638678, 12.186719894409237], [75.17462921142578, 12.180360794067667], [75.17883300781256, 12.174489974975813], [75.18296813964844, 12.17116928100586], [75.18533325195318, 12.167971611023006], [75.18834686279314, 12.158080101013184], [75.18979644775419, 12.144020080566634], [75.19333648681646, 12.138742446899471], [75.18943023681669, 12.134540557861328], [75.18815612792986, 12.130971908569336], [75.18791961669916, 12.130971908569336], [75.18791961669916, 12.130415916442871], [75.18763732910162, 12.13042068481451], [75.18763732910162, 12.129859924316406], [75.18734741210932, 12.129859924316406], [75.18734741210932, 12.12957954406744], [75.18708038330084, 12.129584312439079], [75.18708038330084, 12.128193855285758], [75.18736267089861, 12.128193855285758], [75.18736267089861, 12.127916336059855], [75.18791961669916, 12.127916336059855], [75.18791961669916, 12.127362251281795], [75.1881942749024, 12.127362251281795], [75.1881942749024, 12.127083778381404], [75.18846893310575, 12.127083778381404], [75.18846893310575, 12.1268062591555], [75.18875122070318, 12.126810073852482], [75.18875122070318, 12.126250267029036], [75.18902587890653, 12.126250267029036], [75.18902587890653, 12.125691413879679], [75.18930816650408, 12.125694274902344], [75.18930816650408, 12.125417709350586], [75.18958282470732, 12.125419616699332], [75.18958282470732, 12.125140190124682], [75.18985748291033, 12.125140190124682], [75.18985748291033, 12.124581336975325], [75.18958282470732, 12.12458419799799], [75.18958282470732, 12.123748779296875], [75.18985748291033, 12.123751640319938], [75.18985748291033, 12.123471260070971], [75.19013977050787, 12.123471260070971], [75.19013977050787, 12.123195648193644], [75.19041442871111, 12.123195648193644], [75.19041442871111, 12.121805191040323], [75.19069671630865, 12.121809959411792], [75.19069671630865, 12.121249198913631], [75.19097137451166, 12.121249198913631], [75.19097137451166, 12.12042045593256], [75.1912460327149, 12.12042045593256], [75.1912460327149, 12.119860649109114], [75.19152832031278, 12.119860649109114], [75.19152832031278, 12.119031906127987], [75.19180297851568, 12.119031906127987], [75.19180297851568, 12.118471145629883], [75.19208526611357, 12.118471145629883], [75.19208526611357, 12.117638587951603], [75.19235992431658, 12.117641448974666], [75.19235992431658, 12.116811752319279], [75.1920928955081, 12.116811752319279], [75.1920928955081, 12.116531372070312], [75.19180297851568, 12.116531372070312], [75.19180297851568, 12.116250991821346], [75.1912460327149, 12.116250991821346], [75.1912460327149, 12.11597061157238], [75.19097137451166, 12.115973472595272], [75.19097137451166, 12.115694999694881], [75.19081115722673, 12.115694999694881], [75.19013977050787, 12.115694999694881], [75.19013977050787, 12.115139007568416], [75.18985748291033, 12.115140914916992], [75.18985748291033, 12.114860534668026], [75.18958282470732, 12.114860534668026], [75.18958282470732, 12.11430454254156], [75.18930816650408, 12.1143093109132], [75.18930816650408, 12.113751411438159], [75.18902587890653, 12.113751411438159], [75.18902587890653, 12.113349914550838], [75.18902587890653, 12.112639427185002], [75.18930816650408, 12.112641334533805], [75.18930816650408, 12.112079620361385], [75.18985748291033, 12.112083435058537], [75.18985748291033, 12.11180686950695], [75.19013977050787, 12.111810684204102], [75.19013977050787, 12.111531257629451], [75.1904067993164, 12.111531257629451], [75.1904067993164, 12.110969543457031], [75.19069671630865, 12.110973358154354], [75.19069671630865, 12.110417366027889], [75.19097137451166, 12.110421180725098], [75.19097137451166, 12.10818958282465], [75.19069671630865, 12.108194351196289], [75.19069671630865, 12.106805801391772], [75.1904067993164, 12.10681056976324], [75.1904067993164, 12.10597038269043], [75.19013977050787, 12.105972290039006], [75.19013977050787, 12.105693817138615], [75.19041442871111, 12.105693817138615], [75.19041442871111, 12.104862213134822], [75.19069671630865, 12.104862213134822], [75.19069671630865, 12.104306221008358], [75.1912460327149, 12.104310989379826], [75.1912460327149, 12.103740692138956], [75.19152832031278, 12.103750228881893], [75.19152832031278, 12.102915763855037], [75.19180297851568, 12.102919578552417], [75.19180297851568, 12.102640151977539], [75.19152832031278, 12.102640151977539], [75.19152832031278, 12.101249694824219], [75.19069671630865, 12.101249694824219], [75.19069671630865, 12.100680351257438], [75.19041442871111, 12.100693702697754], [75.19041442871111, 12.099862098693961], [75.19027709960943, 12.099862098693961], [75.19013977050787, 12.099862098693961], [75.19013977050787, 12.099306106567667], [75.18985748291033, 12.099309921264648], [75.18985748291033, 12.098752021789608], [75.18958282470732, 12.098752021789608], [75.18958282470732, 12.098191261291447], [75.18930816650408, 12.09819412231451], [75.18930816650408, 12.096805572509993], [75.18902587890653, 12.096810340881461], [75.18902587890653, 12.09653186798107], [75.18875122070318, 12.09653186798107], [75.18875122070318, 12.096248626709041], [75.18763732910162, 12.096248626709041], [75.18763732910162, 12.09653186798107], [75.18653106689482, 12.09653186798107], [75.18653106689482, 12.096248626709041], [75.18486022949213, 12.096248626709041], [75.18486022949213, 12.095969200134334], [75.18458557128912, 12.095971107483138], [75.18458557128912, 12.095696449279728], [75.1837463378908, 12.095696449279728], [75.1837463378908, 12.095417976379338], [75.18319702148455, 12.095421791076717], [75.18318176269548, 12.095140457153434], [75.18180847167963, 12.095140457153434], [75.18180847167963, 12.095421791076717], [75.1812515258789, 12.095417976379338], [75.1812515258789, 12.095971107483138], [75.1809692382813, 12.095971107483138], [75.1809692382813, 12.096231460571346], [75.1809692382813, 12.097361564636458], [75.18068695068376, 12.097361564636458], [75.18068695068376, 12.097641944885254], [75.18041992187511, 12.097641944885254], [75.18041992187511, 12.097930908203239], [75.18013763427751, 12.09791469573986], [75.18013763427751, 12.09819412231451], [75.1798629760745, 12.09819412231451], [75.1798629760745, 12.098471641540812], [75.17958068847673, 12.098471641540812], [75.17958068847673, 12.098752021789608], [75.17903137207037, 12.098752021789608], [75.17903137207037, 12.099029541015682], [75.17874908447294, 12.099027633667106], [75.17874908447294, 12.09958362579357], [75.17847442626959, 12.09958362579357], [75.17847442626959, 12.099862098693961], [75.1781768798831, 12.099860191345158], [75.1781768798831, 12.100139617920036], [75.1779174804688, 12.100139617920036], [75.1779174804688, 12.100419998169002], [75.17708587646501, 12.100418090820426], [75.17708587646501, 12.100693702697754], [75.17624664306669, 12.100693702697754], [75.17624664306669, 12.100972175598315], [75.17430877685553, 12.100972175598315], [75.17430877685553, 12.100693702697754], [75.17318725585966, 12.100680351257438], [75.17318725585966, 12.102640151977539], [75.1734695434572, 12.102640151977539], [75.1734695434572, 12.103471755981502], [75.17318725585966, 12.103469848632926], [75.17318725585966, 12.10681056976324], [75.17292022705084, 12.106805801391772], [75.17292022705084, 12.108194351196289], [75.17263793945341, 12.10818958282465], [75.17263793945341, 12.108750343322981], [75.17236328125006, 12.108750343322981], [75.17236328125006, 12.112083435058537], [75.17263793945341, 12.112079620361385], [75.17263793945341, 12.112641334533805], [75.17236328125006, 12.112639427185002], [75.17236328125006, 12.113195419311694], [75.17208099365229, 12.113189697265739], [75.17208099365229, 12.113751411438159], [75.17152404785156, 12.113751411438159], [75.17152404785156, 12.114583015441951], [75.1712493896485, 12.114581108093546], [75.1712493896485, 12.115140914916992], [75.17069244384777, 12.115140914916992], [75.17069244384777, 12.115419387817383], [75.16986083984375, 12.11541652679449], [75.16986083984375, 12.115694999694881], [75.16874694824224, 12.115680694580078], [75.16874694824224, 12.116250991821346], [75.168197631836, 12.116250991821346], [75.168197631836, 12.116811752319279], [75.16791534423845, 12.116805076599235], [75.16792297363298, 12.1173610687257], [75.16764068603527, 12.1173610687257], [75.16764068603527, 12.117641448974666], [75.16735839843767, 12.117641448974666], [75.16735839843767, 12.117921829223633], [75.1662368774414, 12.117921829223633], [75.1662368774414, 12.1173610687257], [75.16541290283197, 12.1173610687257], [75.16541290283197, 12.117080688476562], [75.16513824462896, 12.117082595825138], [75.16513824462896, 12.116805076599235], [75.16486358642595, 12.116805076599235], [75.16486358642595, 12.117082595825138], [75.16374969482439, 12.117080688476562], [75.16374969482439, 12.1173610687257], [75.1629180908206, 12.1173610687257], [75.1629180908206, 12.117921829223633], [75.16236114501947, 12.117917060851994], [75.16236114501947, 12.118194580078068], [75.16208648681646, 12.118194580078068], [75.16208648681646, 12.118471145629883], [75.16179656982422, 12.118471145629883], [75.16179656982422, 12.119031906127987], [75.16152954101568, 12.119031906127987], [75.16152954101568, 12.119310379028377], [75.16124725341814, 12.119310379028377], [75.16124725341814, 12.12042045593256], [75.16152954101568, 12.12042045593256], [75.16152954101568, 12.121529579162825], [75.16180419921892, 12.121526718139933], [75.16180419921892, 12.122361183166788], [75.16208648681646, 12.122361183166788], [75.16208648681646, 12.123471260070971], [75.16236114501947, 12.123471260070971], [75.16236114501947, 12.123751640319938], [75.16263580322271, 12.123751640319938], [75.16263580322271, 12.124309539794979], [75.1629180908206, 12.124309539794979], [75.1629180908206, 12.125419616699332], [75.16317749023455, 12.125419616699332], [75.16317749023455, 12.126250267029036], [75.16347503662138, 12.126250267029036], [75.16347503662138, 12.127362251281795], [75.16374969482439, 12.127362251281795], [75.16374969482439, 12.130694389343262], [75.16401672363293, 12.130688667297477], [75.16401672363293, 12.13181114196783], [75.16430664062517, 12.131806373596191], [75.16430664062517, 12.133190155029297], [75.16401672363293, 12.133200645446891], [75.16401672363293, 12.133749961853312], [75.16374969482439, 12.133749961853312], [75.16374969482439, 12.134310722351074], [75.16346740722685, 12.134310722351074], [75.16346740722685, 12.136251449584904], [75.16317749023455, 12.136251449584904], [75.16317749023455, 12.136530876159782], [75.1629180908206, 12.136528968810978], [75.1629180908206, 12.137082099914778], [75.16263580322271, 12.137080192565975], [75.16263580322271, 12.137640953064135], [75.16208648681646, 12.137640953064135], [75.16208648681646, 12.138751029968489], [75.16179656982422, 12.138751029968489], [75.16179656982422, 12.139310836791935], [75.16152954101568, 12.139305114746378], [75.16152954101568, 12.139861106872843], [75.16097259521513, 12.139851570129338], [75.16097259521513, 12.140140533447322], [75.16069793701189, 12.140140533447322], [75.16069793701189, 12.140420913696289], [75.16041564941435, 12.140417098999137], [75.16041564941435, 12.140694618225211], [75.15985870361357, 12.140694618225211], [75.15985870361357, 12.140973091125602], [75.15957641601568, 12.140971183777026], [75.15957641601568, 12.141530990600643], [75.15930938720697, 12.141530990600643], [75.15930175781244, 12.142641067504826], [75.15902709960943, 12.14263916015625], [75.15902709960943, 12.143472671508789], [75.15847015380865, 12.143468856811637], [75.15847015380865, 12.14375114440918], [75.15791320800793, 12.14375114440918], [75.15791320800793, 12.144031524658146], [75.15763854980486, 12.144031524658146], [75.15763854980486, 12.14431190490751], [75.1570816040039, 12.144305229187069], [75.1570816040039, 12.144582748413143], [75.15680694580107, 12.144582748413143], [75.15680694580107, 12.144861221313533], [75.15651702880865, 12.144861221313533], [75.15651702880865, 12.145421981811467], [75.15625, 12.145417213439998], [75.15625, 12.1456947326663], [75.15598297119146, 12.14569091796875], [75.15598297119146, 12.14598178863531], [75.15569305419922, 12.14598178863531], [75.15569305419922, 12.146250724792765], [75.15541839599615, 12.146250724792765], [75.15541839599615, 12.146809577942122], [75.15486145019543, 12.146809577942122], [75.15486145019543, 12.147639274597111], [75.15458679199236, 12.147639274597111], [75.15458679199236, 12.148470878601302], [75.15429687500028, 12.148470878601302], [75.15429687500028, 12.149041175842342], [75.1540298461914, 12.149041175842342], [75.1540298461914, 12.149310111999625], [75.15374755859403, 12.149305343628157], [75.15374755859403, 12.152084350586222], [75.15347290039068, 12.152080535888672], [75.15347290039068, 12.15375041961687], [75.15319824218744, 12.15375041961687], [75.15319824218744, 12.154583930969238], [75.15347290039068, 12.154582023620833], [75.15347290039068, 12.155139923095703], [75.15374755859403, 12.155139923095703], [75.15374755859403, 12.157640457153377], [75.15347290039068, 12.157640457153377], [75.15347290039068, 12.159030914306697], [75.15319824218744, 12.159028053283635], [75.15319824218744, 12.159582138061523], [75.1529159545899, 12.159582138061523], [75.1529159545899, 12.160694122314453], [75.15264129638672, 12.160690307617301], [75.15264129638672, 12.161250114441145], [75.15235900878912, 12.161250114441145], [75.15235900878912, 12.161810874939079], [75.15207672119158, 12.161810874939079], [75.15207672119158, 12.162640571594466], [75.15180206298834, 12.162637710571403], [75.15180206298834, 12.163193702697868], [75.15152740478533, 12.163193702697868], [75.15152740478533, 12.16402912139921], [75.15123748779308, 12.164019584655875], [75.15123748779308, 12.164311408996582], [75.15097045898455, 12.164311408996582], [75.15097045898455, 12.16514110565197], [75.15069580078153, 12.165139198303166], [75.15069580078153, 12.165695190429858], [75.15040588378906, 12.165690422058162], [75.15040588378906, 12.166251182556323], [75.15013885498075, 12.166251182556323], [75.15013885498075, 12.167082786560115], [75.14985656738287, 12.167079925537223], [75.14985656738287, 12.167640686035156], [75.14958190917963, 12.16763877868658], [75.14958190917963, 12.168473243713436], [75.14930725097662, 12.16847133636503], [75.14930725097662, 12.1690292358399], [75.14902496337908, 12.1690292358399], [75.14902496337908, 12.16958332061779], [75.14820098876982, 12.169581413269213], [75.14820098876982, 12.169860839843864], [75.1476364135745, 12.169860839843864], [75.1476364135745, 12.17015266418457], [75.14736175537115, 12.17015266418457], [75.14736175537115, 12.170421600341797], [75.14680480957037, 12.170416831970158], [75.14680480957037, 12.17069530487072], [75.14653015136713, 12.17069530487072], [75.14653015136713, 12.170970916748047], [75.14624786376959, 12.170970916748047], [75.14624786376959, 12.171251296997013], [75.14597320556658, 12.171251296997013], [75.14597320556658, 12.171810150146541], [75.1456909179688, 12.171805381774902], [75.1456909179688, 12.172082901000977], [75.1454162597658, 12.172082901000977], [75.1454162597658, 12.172361373901367], [75.14514160156278, 12.172361373901367], [75.14514160156278, 12.172920227050724], [75.14485931396501, 12.172917366027832], [75.14485931396501, 12.173473358154297], [75.14457702636747, 12.173471450805721], [75.14457702636747, 12.174030303955078], [75.14430236816406, 12.174027442932186], [75.14430236816406, 12.17458343505865], [75.14402770996122, 12.174580574035588], [75.14402770996122, 12.174860954284952], [75.14375305175787, 12.174860954284952], [75.14375305175787, 12.17541980743431], [75.1434707641601, 12.175416946411246], [75.1434707641601, 12.175971031189135], [75.14319610595709, 12.175959587097225], [75.14319610595709, 12.176531791687069], [75.14291381835938, 12.1765270233156], [75.14291381835938, 12.177083969116154], [75.1426391601563, 12.177083969116154], [75.1426391601563, 12.178193092346248], [75.14235687255876, 12.178191184997843], [75.14235687255876, 12.180139541626033], [75.1426391601563, 12.180139541626033], [75.1426391601563, 12.181529998779354], [75.14235687255876, 12.181529998779354], [75.1423645019533, 12.18235969543457], [75.14206695556646, 12.18235969543457], [75.14206695556646, 12.182920455932674], [75.14180755615251, 12.182915687561035], [75.14180755615251, 12.1834716796875], [75.1415328979495, 12.1834716796875], [75.1415328979495, 12.184029579162768], [75.1406860351563, 12.184029579162768], [75.1406860351563, 12.184310913085994], [75.14013671875006, 12.184306144714355], [75.14013671875006, 12.18458366394043], [75.13930511474626, 12.18458366394043], [75.13930511474626, 12.18486213684082], [75.13903045654308, 12.184860229492244], [75.13903045654308, 12.185149192810059], [75.1381912231447, 12.185149192810059], [75.1381912231447, 12.185420989990178], [75.13735961914091, 12.18541622161871], [75.13735961914091, 12.185693740844783], [75.13709259033209, 12.185691833496207], [75.13709259033209, 12.186249732971476], [75.13680267333979, 12.186249732971476], [75.13680267333979, 12.186531066894531], [75.13652801513678, 12.186531066894531], [75.13652801513678, 12.186811447143498], [75.1362609863283, 12.186811447143498], [75.1362609863283, 12.187920570373592], [75.135971069336, 12.187915802002124], [75.135971069336, 12.188194274902287], [75.13625335693376, 12.188194274902287], [75.1362609863283, 12.188471794128588], [75.135971069336, 12.188471794128588], [75.135971069336, 12.189311027526912], [75.13569641113298, 12.189311027526912], [75.13569641113298, 12.190421104431266], [75.13540649414074, 12.190421104431266], [75.13540649414074, 12.19153118133545], [75.1351394653322, 12.19153118133545], [75.1351394653322, 12.1918106079101], [75.13485717773466, 12.1918106079101], [75.13485717773466, 12.192360877991007], [75.1345825195313, 12.192360877991007], [75.1345825195313, 12.192920684814453], [75.13402557373053, 12.192916870117301], [75.13402557373053, 12.193195343017862], [75.13375091552729, 12.193189620971737], [75.13375091552729, 12.193751335144157], [75.13346862792974, 12.193751335144157], [75.13346862792974, 12.194309234619197], [75.13320159912126, 12.194309234619197], [75.13320159912126, 12.195419311523551], [75.1329193115235, 12.195417404174805], [75.1329193115235, 12.19597339630127], [75.13263702392595, 12.195970535278377], [75.13263702392595, 12.196811676025675], [75.13236236572294, 12.196805000305233], [75.13236236572294, 12.198195457458553], [75.13208007812517, 12.198190689086914], [75.13208007812517, 12.199310302734375], [75.13236236572294, 12.19930458068842], [75.13236236572294, 12.19958305358881], [75.13263702392595, 12.19958305358881], [75.13263702392595, 12.199860572815112], [75.1329193115235, 12.199860572815112], [75.1329193115235, 12.200693130493164], [75.13263702392595, 12.200691223144588], [75.13263702392595, 12.20263862609869], [75.13236236572294, 12.20263862609869], [75.13236236572294, 12.202919960022143], [75.13208007812517, 12.20291805267334], [75.13208007812517, 12.20347118377714], [75.13181304931669, 12.203469276428166], [75.13181304931669, 12.203751564025936], [75.1315307617188, 12.203751564025936], [75.1315307617188, 12.204031944274902], [75.13124847412138, 12.204031944274902], [75.13124847412138, 12.204310417175293], [75.1309661865235, 12.204310417175293], [75.1309661865235, 12.205142021179256], [75.13069152832026, 12.20514011383085], [75.13069152832026, 12.207083702087402], [75.13041687011724, 12.207081794738997], [75.13041687011724, 12.207920074462834], [75.13014221191423, 12.207916259765852], [75.13014221191423, 12.208193778991756], [75.12985992431646, 12.208190917968864], [75.12985992431646, 12.209321975708065], [75.12958526611345, 12.209305763244686], [75.12958526611345, 12.210971832275334], [75.12930297851574, 12.210971832275334], [75.12930297851574, 12.211529731750772], [75.12902832031267, 12.211527824401799], [75.12902832031267, 12.212081909179688], [75.12847137451172, 12.212083816528263], [75.12847137451172, 12.212362289428654], [75.12763977050776, 12.212360382080078], [75.12763977050776, 12.212642669678019], [75.12680816650396, 12.212642669678019], [75.12680816650396, 12.212921142578182], [75.12596893310564, 12.212921142578182], [75.12596893310564, 12.212642669678019], [75.12513732910185, 12.212642669678019], [75.12513732910185, 12.212921142578182], [75.1248626708985, 12.212916374206543], [75.1248626708985, 12.213193893432617], [75.12430572509771, 12.213193893432617], [75.12430572509771, 12.213472366333008], [75.12403106689453, 12.213470458984432], [75.12403106689453, 12.213752746581974], [75.12346649169939, 12.213752746581974], [75.12346649169939, 12.214031219482365], [75.12209320068388, 12.214031219482365], [75.12209320068388, 12.213752746581974], [75.12152862548857, 12.213752746581974], [75.12152862548857, 12.213191986084041], [75.12124633789068, 12.213193893432617], [75.12124633789068, 12.212637901306152], [75.12097167968744, 12.212642669678019], [75.12097167968744, 12.212071418762264], [75.12069702148443, 12.212081909179688], [75.12069702148443, 12.211527824401799], [75.12040710449219, 12.211529731750772], [75.12040710449219, 12.210971832275334], [75.12014007568365, 12.210971832275334], [75.12014007568365, 12.21069431304943], [75.12041473388689, 12.21069431304943], [75.12041473388689, 12.21041584014904], [75.12014007568365, 12.210419654846419], [75.12014007568365, 12.209859848022575], [75.12041473388689, 12.209859848022575], [75.12041473388689, 12.209305763244686], [75.12069702148443, 12.209321975708065], [75.12069702148443, 12.208749771118221], [75.12097167968744, 12.208749771118221], [75.12097167968744, 12.208190917968864], [75.12124633789068, 12.208193778991756], [75.12124633789068, 12.207637786865291], [75.12152862548857, 12.207639694213867], [75.12152862548857, 12.20680999755865], [75.12180328369146, 12.20680999755865], [75.12180328369146, 12.20596885681158], [75.12208557128935, 12.205971717834643], [75.12208557128935, 12.20514011383085], [75.12236022949236, 12.205142021179256], [75.12236022949236, 12.20486164093029], [75.12208557128935, 12.20486164093029], [75.12208557128935, 12.204305648803995], [75.12180328369146, 12.204310417175293], [75.12180328369146, 12.204031944274902], [75.12152862548857, 12.204031944274902], [75.12152862548857, 12.203751564025936], [75.12126159667974, 12.203751564025936], [75.12126159667974, 12.203469276428166], [75.12068176269537, 12.203469276428166], [75.11985778808611, 12.203469276428166], [75.11985778808611, 12.203751564025936], [75.1195831298831, 12.203751564025936], [75.1195831298831, 12.204310417175293], [75.11930847167986, 12.204310417175293], [75.11930847167986, 12.20486164093029], [75.11902618408232, 12.20486164093029], [75.11902618408232, 12.205142021179256], [75.11875152587896, 12.205142021179256], [75.11875152587896, 12.20541954040533], [75.11846923828153, 12.205417633056754], [75.11846923828153, 12.205694198608342], [75.11791992187494, 12.205691337585677], [75.11791992187494, 12.206250190735034], [75.1176376342774, 12.206250190735034], [75.1176376342774, 12.207083702087402], [75.11736297607439, 12.207081794738997], [75.11736297607439, 12.207639694213867], [75.11708068847662, 12.207639694213867], [75.11708068847662, 12.208749771118221], [75.11680603027361, 12.208749771118221], [75.11680603027361, 12.209584236145076], [75.1165313720706, 12.209579467773438], [75.1165313720706, 12.210140228271541], [75.11624908447283, 12.210140228271541], [75.11624908447283, 12.21069431304943], [75.11596679687528, 12.210688591003475], [75.11596679687528, 12.211250305175895], [75.11569213867188, 12.211250305175895], [75.11569213867188, 12.212081909179688], [75.11541748046903, 12.212071418762264], [75.11541748046903, 12.212642669678019], [75.11513519287115, 12.212637901306152], [75.11513519287115, 12.213193893432617], [75.11486053466791, 12.213191986084041], [75.11486053466791, 12.214031219482365], [75.1145858764649, 12.214028358459473], [75.1145858764649, 12.215138435363826], [75.1142959594726, 12.21512889862072], [75.1142959594726, 12.215420722961426], [75.11402893066412, 12.215420722961426], [75.11402893066412, 12.21653079986578], [75.11374664306658, 12.21653079986578], [75.11374664306658, 12.217640876770133], [75.1134719848634, 12.21763801574707], [75.1134719848634, 12.218473434448185], [75.11319732666033, 12.218469619751033], [75.11319732666033, 12.219031333923454], [75.11292266845732, 12.219031333923454], [75.11292266845732, 12.219310760498104], [75.11264038085938, 12.219310760498104], [75.11264038085938, 12.21986103057884], [75.112358093262, 12.21986103057884], [75.112358093262, 12.22069454193121], [75.11206817626953, 12.22068977355957], [75.11206817626953, 12.22153091430664], [75.11180877685541, 12.221529006958065], [75.11180877685541, 12.222360610962028], [75.11152648925787, 12.222360610962028], [75.11152648925787, 12.222922325134277], [75.11125183105469, 12.222922325134277], [75.11125183105469, 12.223751068115178], [75.11096954345709, 12.223751068115178], [75.11096954345709, 12.22458267211914], [75.11068725585955, 12.224577903747672], [75.11068725585955, 12.225140571594409], [75.1104202270509, 12.225138664245605], [75.1104202270509, 12.225973129272461], [75.1101379394533, 12.225971221923885], [75.1101379394533, 12.226810455322209], [75.10986328125028, 12.226810455322209], [75.10986328125028, 12.227360725403116], [75.10958099365251, 12.227360725403116], [75.10958099365251, 12.228193283080998], [75.10932159423857, 12.228191375732422], [75.10932159423857, 12.229029655456827], [75.10902404785162, 12.229026794433764], [75.10902404785162, 12.22986125946062], [75.10874938964872, 12.22986125946062], [75.10874938964872, 12.230695724487475], [75.10847473144537, 12.230695724487475], [75.10847473144537, 12.231248855590877], [75.1081924438476, 12.231248855590877], [75.1081924438476, 12.23208427429222], [75.10791778564459, 12.232081413269327], [75.10791778564459, 12.232919692993164], [75.10763549804705, 12.232917785644588], [75.10764312744158, 12.233750343323038], [75.1073608398438, 12.233750343323038], [75.1073608398438, 12.234310150146484], [75.1070861816408, 12.234310150146484], [75.10707092285173, 12.235139846801871], [75.10680389404325, 12.235139846801871], [75.10680389404325, 12.235500335693416], [75.10680389404325, 12.23597240447998], [75.10652923584001, 12.23597240447998], [75.10652923584001, 12.236179351806811], [75.10652923584001, 12.236810684204158], [75.10626983642607, 12.236810684204158], [75.10624694824247, 12.237640380859375], [75.10597229003912, 12.237638473510799], [75.10597229003912, 12.238191604614371], [75.10569763183622, 12.238209724426326], [75.10569763183622, 12.239032745361499], [75.10541534423834, 12.239027976989803], [75.10541534423834, 12.239862442016658], [75.1051406860351, 12.239859580993596], [75.1051406860351, 12.240421295166016], [75.10498046875017, 12.24041843414335], [75.10485839843756, 12.240415573120288], [75.10485839843756, 12.24082183837885], [75.10485839843756, 12.241250038147143], [75.10457611083984, 12.241250038147143], [75.10457611083984, 12.241810798645076], [75.1043090820313, 12.241810798645076], [75.1043090820313, 12.242641448974553], [75.10402679443376, 12.2426376342774], [75.10402679443376, 12.243193626403865], [75.10375213623075, 12.24319171905546], [75.10375213623075, 12.243750572204817], [75.10346984863298, 12.243750572204817], [75.10346984863298, 12.24458217620861], [75.10318756103544, 12.244580268859806], [75.10318756103544, 12.245141029357967], [75.10291290283203, 12.245139122009562], [75.10291290283203, 12.245380401611328], [75.10291290283203, 12.24597263336193], [75.102767944336, 12.24597263336193], [75.10263824462919, 12.24597263336193], [75.10263824462919, 12.24652194976835], [75.10236358642584, 12.246528625488395], [75.10236358642584, 12.247361183166674], [75.10208129882807, 12.247361183166674], [75.10208129882807, 12.247920989990291], [75.10180664062506, 12.247920989990291], [75.10180664062506, 12.248750686645508], [75.10151672363276, 12.248750686645508], [75.10151672363276, 12.249312400817928], [75.10124969482428, 12.249312400817928], [75.10124969482428, 12.250141143798828], [75.10097503662126, 12.250139236450252], [75.10097503662126, 12.250695228576717], [75.10069274902355, 12.250695228576717], [75.10069274902355, 12.251251220703182], [75.10041809082048, 12.251251220703182], [75.10041809082048, 12.252082824706974], [75.100151062012, 12.252080917358398], [75.100151062012, 12.252640724182243], [75.09986114501953, 12.25263881683344], [75.09986114501953, 12.253473281860295], [75.09958648681669, 12.253471374511719], [75.09958648681669, 12.254029273986987], [75.09929656982428, 12.254029273986987], [75.09929656982428, 12.25486087799095], [75.09902954101557, 12.25486087799095], [75.09902954101557, 12.255695343017805], [75.09874725341803, 12.25569057464594], [75.09874725341803, 12.256529808044661], [75.09847259521484, 12.256526947021598], [75.09847259521484, 12.257082939148063], [75.09819793701178, 12.257081031799487], [75.09819793701178, 12.25792026519781], [75.09792327880876, 12.25792026519781], [75.09792327880876, 12.258751869201774], [75.09764099121105, 12.258749961853198], [75.09764099121105, 12.259584426880053], [75.09735870361345, 12.259580612182674], [75.09735870361345, 12.260140419006518], [75.09708404541044, 12.260137557983455], [75.09708404541044, 12.26097202301031], [75.09680938720703, 12.26097202301031], [75.09680175781267, 12.261529922485352], [75.09652709960966, 12.261528015136776], [75.09652709960966, 12.263471603393498], [75.0962524414063, 12.263469696044922], [75.0962524414063, 12.263750076294059], [75.09597015380888, 12.263750076294059], [75.09597015380888, 12.264030456543026], [75.09570312500006, 12.264030456543026], [75.09570312500006, 12.264312744140796], [75.09541320800776, 12.264306068420353], [75.09541320800776, 12.264862060546818], [75.09513854980474, 12.264860153198242], [75.09513854980474, 12.265420913696346], [75.09486389160173, 12.265416145324707], [75.09486389160173, 12.266249656677473], [75.09458160400396, 12.266241073608455], [75.09458160400396, 12.266811370849894], [75.09430694580095, 12.266811370849894], [75.09430694580095, 12.267359733581827], [75.09402465820341, 12.267359733581827], [75.09402465820341, 12.268194198608683], [75.09375000000017, 12.268190383911133], [75.09375000000017, 12.268750190735147], [75.09348297119169, 12.268750190735147], [75.09348297119169, 12.26931095123291], [75.09319305419928, 12.26931095123291], [75.09319305419928, 12.270140647888297], [75.09291839599638, 12.270137786865234], [75.09291839599638, 12.2706937789917], [75.0926361083985, 12.27068996429449], [75.0926361083985, 12.271250724792651], [75.09236145019526, 12.271250724792651], [75.09236145019526, 12.272082328796444], [75.09208679199224, 12.272080421448038], [75.09208679199224, 12.2726411819458], [75.0918045043947, 12.272639274597395], [75.0918045043947, 12.27319526672386], [75.09152984619146, 12.273189544677734], [75.09152984619146, 12.274030685424805], [75.09124755859392, 12.274028778076229], [75.09124755859392, 12.274582862854118], [75.09095764160162, 12.274580001831055], [75.09095764160162, 12.275140762329158], [75.09069824218767, 12.275138854980582], [75.09069824218767, 12.275973320007438], [75.09041595459013, 12.275971412658862], [75.09041595459013, 12.276531219482479], [75.09014129638678, 12.276527404785156], [75.09014129638678, 12.277083396911621], [75.08985900878935, 12.277080535888729], [75.08985900878935, 12.277921676636026], [75.089584350586, 12.27791690826416], [75.089584350586, 12.278470993042049], [75.08930206298822, 12.278470993042049], [75.08930206298822, 12.279028892517317], [75.08902740478521, 12.279026985168514], [75.08902740478521, 12.27986145019537], [75.0887527465822, 12.27986145019537], [75.0887527465822, 12.280420303344727], [75.08847045898443, 12.280417442321834], [75.08847045898443, 12.280973434448526], [75.08821105957048, 12.280970573425463], [75.08821105957048, 12.281809806823787], [75.08789825439459, 12.281809806823787], [75.08789825439459, 12.282361030578784], [75.08763885498064, 12.282361030578784], [75.08763885498064, 12.282921791076717], [75.0873565673831, 12.282921791076717], [75.0873565673831, 12.283752441406193], [75.08708190917969, 12.283752441406193], [75.08708190917969, 12.284310340881461], [75.08680725097685, 12.284310340881461], [75.08680725097685, 12.285141944885254], [75.08652496337896, 12.285140037536848], [75.08652496337896, 12.28569316864025], [75.08625030517572, 12.285691261291674], [75.08625030517572, 12.286252021789608], [75.08597564697271, 12.286250114441202], [75.08597564697271, 12.28708362579357], [75.085693359375, 12.287078857421932], [75.085693359375, 12.287639617920036], [75.08541870117193, 12.287637710571289], [75.08541870117193, 12.288193702697754], [75.08515167236345, 12.288190841674862], [75.08515167236345, 12.289030075073185], [75.08486175537121, 12.28902816772461], [75.08486175537121, 12.289584159851074], [75.08458709716814, 12.289579391479606], [75.08458709716814, 12.290140151977539], [75.0843048095706, 12.290140151977539], [75.0843048095706, 12.290971755981502], [75.08403015136719, 12.290969848632926], [75.08403015136719, 12.29152965545677], [75.08374786376982, 12.291527748107967], [75.08374786376982, 12.29208374023466], [75.08347320556646, 12.292081832885685], [75.08347320556646, 12.29292106628418], [75.08319091796903, 12.29292106628418], [75.08319091796903, 12.293480873108024], [75.08291625976568, 12.293480873108024], [75.08291625976568, 12.294031143188533], [75.0826416015625, 12.294031143188533], [75.0826416015625, 12.294861793518066], [75.0823593139649, 12.294861793518066], [75.0823593139649, 12.295420646667594], [75.08208465576189, 12.295415878296126], [75.08208465576189, 12.29597187042242], [75.08180236816412, 12.295969963074015], [75.08180236816412, 12.296811103820914], [75.08152770996111, 12.29680442810087], [75.08152770996111, 12.297360420227335], [75.0812530517581, 12.297360420227335], [75.0812530517581, 12.297921180725098], [75.08097076416033, 12.297921180725098], [75.08097076416033, 12.298750877380485], [75.08069610595732, 12.298750877380485], [75.08069610595732, 12.299310684204102], [75.08040618896484, 12.299310684204102], [75.08040618896484, 12.299860954284838], [75.08013916015653, 12.299860954284838], [75.08013916015653, 12.300695419311694], [75.07985687255865, 12.300689697265739], [75.07985687255865, 12.301251411437988], [75.07958221435541, 12.301251411437988], [75.07958221435541, 12.302083015441951], [75.0793075561524, 12.302080154419059], [75.0793075561524, 12.302640914916992], [75.07902526855486, 12.302639007568416], [75.07902526855486, 12.303194999694881], [75.07875061035162, 12.303190231323242], [75.07875061035162, 12.304031372070312], [75.07847595214861, 12.304026603698674], [75.07847595214861, 12.304582595825138], [75.07818603515636, 12.304580688476562], [75.07818603515636, 12.305141448974666], [75.07791900634783, 12.305138587951603], [75.07791900634783, 12.305973052978459], [75.07763671875028, 12.305971145629883], [75.07763671875028, 12.306531906128214], [75.07736206054693, 12.306527137756348], [75.07736206054693, 12.307083129882812], [75.0770797729495, 12.307081222534237], [75.0770797729495, 12.30792045593256], [75.07681274414068, 12.30792045593256], [75.07681274414068, 12.308480262756404], [75.07653045654291, 12.308480262756404], [75.07653045654291, 12.309029579162825], [75.07624816894537, 12.309026718139762], [75.07624816894537, 12.309861183166618], [75.07595825195307, 12.309859275817814], [75.07595825195307, 12.31042194366455], [75.07569122314459, 12.31042194366455], [75.07569122314459, 12.311251640319938], [75.07541656494158, 12.311251640319938], [75.07541656494158, 12.311809539794979], [75.07514190673857, 12.311805725097827], [75.07514190673857, 12.312361717224121], [75.0748596191408, 12.312361717224121], [75.0748596191408, 12.313194274902571], [75.07458496093778, 12.313194274902571], [75.07459259033232, 12.313750267029036], [75.07430267333984, 12.313750267029036], [75.07430267333984, 12.314310073852482], [75.074028015137, 12.31430625915533], [75.074028015137, 12.314862251281795], [75.07375335693365, 12.314862251281795], [75.07375335693365, 12.315693855285758], [75.07347106933588, 12.315690994262695], [75.07347106933588, 12.31653022766119], [75.07319641113287, 12.316528320312614], [75.07319641113287, 12.317084312439079], [75.07292175292986, 12.317078590393123], [75.07292175292986, 12.31791973114025], [75.07263946533209, 12.317915916442871], [75.07263946533209, 12.318194389343262], [75.07235717773455, 12.31819152832037], [75.07235717773455, 12.319032669067667], [75.07208251953136, 12.3190279006958], [75.07208251953136, 12.319862365722656], [75.0718078613283, 12.31986045837408], [75.0718078613283, 12.32014274597185], [75.07153320312528, 12.32014274597185], [75.07153320312528, 12.320421218872013], [75.07125091552734, 12.320421218872013], [75.07125091552734, 12.321249961853312], [75.07096862792997, 12.321249961853312], [75.07096862792997, 12.321531295776367], [75.07068634033209, 12.321531295776367], [75.07068634033209, 12.322360038757495], [75.07041931152338, 12.322360038757495], [75.07041931152338, 12.322920799255428], [75.07013702392584, 12.32291603088396], [75.07013702392584, 12.323472023010254], [75.06986236572266, 12.323460578918514], [75.06986236572266, 12.324030876159782], [75.06958007812506, 12.324028968811206], [75.06958007812506, 12.324859619140682], [75.06930541992205, 12.324859619140682], [75.06931304931658, 12.325300216674975], [75.06931304931658, 12.325421333313102], [75.06919097900396, 12.325419425964526], [75.06903076171886, 12.325416564941463], [75.06903076171886, 12.325590133667049], [75.06903076171886, 12.325972557067928], [75.06886291503935, 12.325972557067928], [75.06874847412126, 12.325972557067928], [75.06874847412126, 12.326292037963867], [75.06874847412126, 12.3265256881715], [75.06847381591825, 12.3265256881715], [75.06847381591825, 12.327079772949219], [75.06847381591825, 12.327361106872672], [75.06819152832048, 12.327361106872672], [75.06819152832048, 12.327920913696289], [75.06791687011747, 12.327917098999137], [75.06791687011747, 12.328473091125602], [75.06764221191412, 12.328473091125602], [75.06764221191412, 12.329304695129395], [75.06735992431669, 12.329304695129395], [75.06735992431669, 12.32947063446045], [75.06735992431669, 12.32986068725586], [75.0670776367188, 12.329870223999194], [75.0670776367188, 12.33042240142828], [75.066947937012, 12.330416679382324], [75.06680297851557, 12.330416679382324], [75.06679534912104, 12.330959320068303], [75.06678771972685, 12.33125114440918], [75.06652832031256, 12.33125114440918], [75.06652832031256, 12.331530570983887], [75.06625366210955, 12.331526756286678], [75.06624603271501, 12.332361221313533], [75.06624603271501, 12.332651138305664], [75.06613159179693, 12.332638740539835], [75.06597137451178, 12.332638740539835], [75.06597137451178, 12.333020210266397], [75.06597137451178, 12.3331947326663], [75.06569671630876, 12.3331947326663], [75.06569671630876, 12.33347320556669], [75.06540679931652, 12.333471298217717], [75.06540679931652, 12.334309577941951], [75.06513977050798, 12.334304809570483], [75.06513977050798, 12.334583282470646], [75.06485748291044, 12.334583282470646], [75.06485748291044, 12.334911346435831], [75.06485748291044, 12.335139274597338], [75.06458282470709, 12.335139274597338], [75.06458282470709, 12.336249351501692], [75.06430816650419, 12.336249351501692], [75.06430816650419, 12.336529731750659], [75.06401824951178, 12.336529731750659], [75.06401824951178, 12.336810111999625], [75.06375122070307, 12.336805343628157], [75.06375122070307, 12.337361335754451], [75.06346893310553, 12.337361335754451], [75.06346893310553, 12.337920188903809], [75.06319427490251, 12.33791542053251], [75.06319427490251, 12.338020324707088], [75.06319427490251, 12.338195800781307], [75.06346893310553, 12.338195800781307], [75.06346893310553, 12.338471412658805], [75.06318664550781, 12.338459968566895], [75.06318664550781, 12.339309692382812], [75.06291961669928, 12.339309692382812], [75.06291961669928, 12.339861869812125], [75.06263732910173, 12.339861869812125], [75.06263732910173, 12.340140342712516], [75.06236267089872, 12.340140342712516], [75.06236267089872, 12.340290069580021], [75.06236267089872, 12.340419769287166], [75.06263732910173, 12.34041786193859], [75.06263732910173, 12.340694427490405], [75.06319427490251, 12.340694427490405], [75.06319427490251, 12.340136528015137], [75.06346893310553, 12.340140342712516], [75.06346893310553, 12.339861869812125], [75.06318664550781, 12.339861869812125], [75.06318664550781, 12.339580535888672], [75.06346893310553, 12.339584350586222], [75.06346893310553, 12.339028358459757], [75.06375122070307, 12.339030265808162], [75.06375122070307, 12.338751792907772], [75.06401824951178, 12.338751792907772], [75.06401824951178, 12.338191032409838], [75.06430816650419, 12.338195800781307], [75.06430816650419, 12.33791542053251], [75.06401824951178, 12.337920188903809], [75.06401824951178, 12.337361335754451], [75.06430816650419, 12.337361335754451], [75.06430816650419, 12.33708286285406], [75.06458282470709, 12.33708286285406], [75.06458282470709, 12.336805343628157], [75.06485748291044, 12.336810111999625], [75.06485748291044, 12.336249351501692], [75.06513977050798, 12.336249351501692], [75.06513977050798, 12.335691452026424], [75.06541442871122, 12.335695266723803], [75.06541442871122, 12.335970878601302], [75.06569671630876, 12.335970878601302], [75.06569671630876, 12.336249351501692], [75.06540679931652, 12.336249351501692], [75.06540679931652, 12.337641716003418], [75.06513977050798, 12.337639808655013], [75.06513977050798, 12.339584350586222], [75.06485748291044, 12.339580535888672], [75.06485748291044, 12.341810226440487], [75.06458282470709, 12.341810226440487], [75.06458282470709, 12.34292030334467], [75.06430816650419, 12.342915534973201], [75.06430816650419, 12.343471527099666], [75.06401824951178, 12.34346961975109], [75.06401824951178, 12.344030380249023], [75.06375122070307, 12.344030380249023], [75.06375122070307, 12.344591140747355], [75.06346893310553, 12.344591140747355], [75.06346893310553, 12.345140457153377], [75.06319427490251, 12.345137596130314], [75.06319427490251, 12.345693588256779], [75.06291961669928, 12.345693588256779], [75.06291961669928, 12.34597206115717], [75.06263732910173, 12.345970153808594], [75.06263732910173, 12.346529960632438], [75.06236267089872, 12.346528053283635], [75.06236267089872, 12.347082138061523], [75.06208038330095, 12.347080230712947], [75.06208038330095, 12.349031448364201], [75.06180572509794, 12.349027633667049], [75.06180572509794, 12.349583625793514], [75.06153106689459, 12.349581718444938], [75.06153106689459, 12.350140571594295], [75.06124877929716, 12.350137710571403], [75.06124877929716, 12.350693702697868], [75.06098175048834, 12.350691795349292], [75.06098175048834, 12.351250648498649], [75.06069183349604, 12.351250648498649], [75.06069183349604, 12.352359771728516], [75.06041717529303, 12.352359771728516], [75.06041717529303, 12.35264110565197], [75.06014251709001, 12.352639198303393], [75.06014251709001, 12.353195190429858], [75.05986022949224, 12.35319042205839], [75.05986022949224, 12.354030609130803], [75.05959320068376, 12.354030609130803], [75.05959320068376, 12.355140686035156], [75.05930328369152, 12.35513877868658], [75.05930328369152, 12.355694770813045], [75.05902862548845, 12.355694770813045], [75.05902862548845, 12.355973243713436], [75.05874633789091, 12.35597133636486], [75.05874633789091, 12.356821060180778], [75.0584716796875, 12.356804847717399], [75.0584716796875, 12.35708332061779], [75.05821228027338, 12.357081413269213], [75.05821228027338, 12.35764122009283], [75.05791473388678, 12.357639312744254], [75.05791473388678, 12.358470916748047], [75.05764007568354, 12.358470916748047], [75.05764007568354, 12.359589576721248], [75.057357788086, 12.359589576721248], [75.057357788086, 12.360138893127669], [75.05708312988281, 12.360138893127669], [75.05708312988281, 12.361529350280989], [75.05680847167974, 12.361529350280989], [75.05680847167974, 12.362360954284782], [75.0565261840822, 12.362360954284782], [75.0565261840822, 12.362639427185343], [75.05569458007841, 12.362639427185343], [75.05569458007841, 12.362360954284782], [75.055419921875, 12.362360954284782], [75.055419921875, 12.360971450805721], [75.05569458007841, 12.360973358154524], [75.05569458007841, 12.360417366027832], [75.05596923828142, 12.360419273376635], [75.05596923828142, 12.359310150146541], [75.05625152587902, 12.359310150146541], [75.05625152587902, 12.358751296997013], [75.0565261840822, 12.358751296997013], [75.0565261840822, 12.35819053649908], [75.05680847167974, 12.358195304870549], [75.05680847167974, 12.35708332061779], [75.05708312988281, 12.35708332061779], [75.05708312988281, 12.355417251586971], [75.057357788086, 12.355421066284123], [75.057357788086, 12.354861259460506], [75.05764007568354, 12.354861259460506], [75.05764007568354, 12.354582786560115], [75.05819702148466, 12.354582786560115], [75.05819702148466, 12.354028701782227], [75.0584716796875, 12.354030609130803], [75.0584716796875, 12.353461265564022], [75.05874633789091, 12.353472709655762], [75.05874633789091, 12.353195190429858], [75.05902862548845, 12.353195190429858], [75.05902862548845, 12.35152912139921], [75.05930328369152, 12.351531028747615], [75.05930328369152, 12.350691795349292], [75.05958557128923, 12.350693702697868], [75.05958557128923, 12.350137710571403], [75.05986022949224, 12.350140571594295], [75.05986022949224, 12.349581718444938], [75.06014251709001, 12.349583625793514], [75.06014251709001, 12.349027633667049], [75.06041717529303, 12.349031448364201], [75.06041717529303, 12.348469734192179], [75.06069183349604, 12.348471641540584], [75.06069183349604, 12.34791564941429], [75.06098175048834, 12.347921371460245], [75.06098175048834, 12.346249580383471], [75.06124877929716, 12.346249580383471], [75.06124877929716, 12.345970153808594], [75.0609741210938, 12.34597206115717], [75.0609741210938, 12.345416069030705], [75.06124877929716, 12.345422744751147], [75.06124877929716, 12.344591140747355], [75.06153106689459, 12.344591140747355], [75.06153106689459, 12.34375], [75.06181335449247, 12.34375], [75.06181335449247, 12.34346961975109], [75.06208038330095, 12.343471527099666], [75.06208038330095, 12.343194007873592], [75.06236267089872, 12.343194007873592], [75.06236267089872, 12.342083930969238], [75.06263732910173, 12.342083930969238], [75.06263732910173, 12.340971946716309], [75.06208801269548, 12.340971946716309], [75.06208038330095, 12.34125041961687], [75.06180572509794, 12.34125041961687], [75.06180572509794, 12.341810226440487], [75.06180572509794, 12.342083930969238], [75.06153106689459, 12.342083930969238], [75.06153106689459, 12.342561721801928], [75.06153106689459, 12.342639923095703], [75.06124877929716, 12.342639923095703], [75.06124877929716, 12.343194007873592], [75.0609741210938, 12.343194007873592], [75.06098175048834, 12.343630790710506], [75.06098175048834, 12.344030380249023], [75.06069183349604, 12.344030380249023], [75.06069183349604, 12.344591140747355], [75.06041717529303, 12.344591140747355], [75.06041717529303, 12.345422744751147], [75.06014251709001, 12.345416069030705], [75.06014251709001, 12.34597206115717], [75.05986022949224, 12.345970153808594], [75.05986022949224, 12.346529960632438], [75.05958557128923, 12.346528053283635], [75.05958557128923, 12.347082138061523], [75.05930328369152, 12.347080230712947], [75.05930328369152, 12.347648620605412], [75.05902862548845, 12.347638130187988], [75.05902862548845, 12.34819412231468], [75.05874633789091, 12.348190307617301], [75.05874633789091, 12.349031448364201], [75.0584716796875, 12.349027633667049], [75.0584716796875, 12.349583625793514], [75.05821228027338, 12.349581718444938], [75.05821228027338, 12.350140571594295], [75.05791473388678, 12.350137710571403], [75.05791473388678, 12.350693702697868], [75.05764007568354, 12.350691795349292], [75.05764007568354, 12.351250648498649], [75.057357788086, 12.351250648498649], [75.057357788086, 12.352082252502441], [75.05708312988281, 12.352080345154036], [75.05708312988281, 12.35264110565197], [75.05680847167974, 12.352639198303393], [75.05680847167974, 12.353195190429858], [75.0565261840822, 12.353195190429858], [75.0565261840822, 12.35327434539795], [75.0565261840822, 12.353751182556152], [75.05625152587902, 12.353751182556152], [75.05625152587902, 12.354310989380167], [75.05596923828142, 12.354305267334212], [75.05596923828142, 12.354861259460506], [75.05569458007841, 12.354861259460506], [75.05569458007841, 12.355694770813045], [75.055419921875, 12.355694770813045], [75.055419921875, 12.356248855590934], [75.05513763427763, 12.356248855590934], [75.05513763427763, 12.35708332061779], [75.05484771728516, 12.357081413269213], [75.05484771728516, 12.35764122009283], [75.05458068847685, 12.357639312744254], [75.05458068847685, 12.358195304870549], [75.0543060302735, 12.35819053649908], [75.0543060302735, 12.359031677246378], [75.05403137207031, 12.359031677246378], [75.05403137207031, 12.359589576721248], [75.05374908447271, 12.359589576721248], [75.05374908447271, 12.360419273376635], [75.0534744262697, 12.360417366027832], [75.0534744262697, 12.360973358154524], [75.05319213867193, 12.360971450805721], [75.05319213867193, 12.361529350280989], [75.05291748046892, 12.361529350280989], [75.05291748046892, 12.362360954284782], [75.05264282226591, 12.362360954284782], [75.05264282226591, 12.362919807434139], [75.05236053466814, 12.362919807434139], [75.05236053466814, 12.363752365112589], [75.0520782470706, 12.363752365112589], [75.0520782470706, 12.36431026458746], [75.05180358886724, 12.364304542541504], [75.05180358886724, 12.364862442016545], [75.05152893066435, 12.364862442016545], [75.05152893066435, 12.365420341491813], [75.05124664306646, 12.365418434143237], [75.05124664306646, 12.365970611572322], [75.05097198486322, 12.365970611572322], [75.05097198486322, 12.366530418395996], [75.05069732666021, 12.366530418395996], [75.05069732666021, 12.36736202239996], [75.0504226684572, 12.36736202239996], [75.0504226684572, 12.367919921875], [75.05014038085943, 12.367918014526424], [75.05014038085943, 12.368472099304313], [75.04985809326189, 12.36846923828125], [75.04985809326189, 12.369029998779354], [75.04958343505888, 12.369028091430778], [75.04958343505888, 12.369584083557243], [75.04930877685564, 12.369579315185604], [75.04930877685564, 12.370140075683537], [75.0490264892581, 12.370140075683537], [75.0490264892581, 12.3709716796875], [75.04875183105474, 12.370969772338924], [75.04875183105474, 12.371529579162768], [75.04846954345732, 12.371527671813965], [75.04846954345732, 12.372083663940657], [75.04818725585943, 12.372079849243278], [75.04818725585943, 12.372639656067122], [75.04792022705072, 12.372637748718319], [75.04792022705072, 12.37319374084501], [75.04763793945318, 12.373191833496037], [75.04763793945318, 12.373749732971476], [75.04736328125017, 12.373749732971476], [75.04736328125017, 12.374584197998331], [75.0470809936524, 12.374570846557845], [75.0470809936524, 12.375140190124625], [75.04680633544939, 12.375138282775822], [75.04680633544939, 12.375694274902514], [75.04651641845709, 12.375690460205135], [75.04651641845709, 12.37625026702898], [75.04624938964861, 12.37625026702898], [75.04624938964861, 12.376811027526912], [75.0459747314456, 12.376804351806868], [75.0459747314456, 12.377360343933333], [75.04569244384766, 12.377360343933333], [75.04569244384766, 12.377921104431266], [75.04541778564482, 12.377916336059627], [75.04541778564482, 12.378473281860579], [75.04514312744146, 12.378470420837687], [75.04514312744146, 12.37903118133545], [75.0448608398437, 12.37902641296398], [75.0448608398437, 12.379582405090446], [75.04473114013689, 12.379582405090446], [75.04458618164068, 12.379582405090446], [75.04458618164068, 12.379831314086971], [75.04458618164068, 12.380141258239803], [75.04429626464838, 12.380141258239803], [75.04429626464838, 12.380702018737736], [75.0440292358399, 12.380702018737736], [75.0440292358399, 12.381251335144157], [75.04374694824236, 12.381251335144157], [75.04374694824236, 12.381530761718807], [75.04347229003918, 12.38152885437023], [75.04347229003918, 12.38208293914795], [75.04319763183611, 12.382080078125057], [75.04319763183611, 12.38264083862299], [75.04291534423857, 12.382638931274414], [75.04290771484403, 12.38319015502941], [75.04264068603516, 12.383201599121321], [75.04264068603516, 12.383760452270678], [75.04235839843778, 12.383760452270678], [75.04235839843778, 12.384311676025675], [75.04208374023443, 12.384305000305233], [75.04208374023443, 12.384583473205623], [75.0418090820312, 12.38458061218273], [75.0418090820312, 12.385141372680664], [75.04152679443365, 12.385139465332088], [75.04152679443365, 12.385695457458553], [75.04125213623047, 12.385690689086914], [75.04125213623047, 12.386251449585018], [75.04096984863287, 12.386251449585018], [75.04096984863287, 12.386804580688647], [75.04069519042986, 12.386804580688647], [75.04069519042986, 12.387360572815112], [75.04041290283209, 12.387360572815112], [75.04041290283209, 12.387920379638729], [75.04013824462908, 12.387916564941406], [75.04013824462908, 12.388193130493164], [75.03986358642607, 12.388193130493164], [75.03986358642607, 12.388472557067871], [75.0395812988283, 12.388470649719466], [75.0395812988283, 12.389028549194336], [75.03930664062528, 12.389028549194336], [75.03930664062528, 12.389311790466365], [75.0390243530274, 12.389305114746321], [75.0390243530274, 12.389861106872615], [75.0387496948245, 12.38985919952421], [75.0387496948245, 12.39013862609869], [75.03847503662115, 12.39013862609869], [75.03847503662115, 12.390695571899471], [75.03819274902338, 12.390690803528003], [75.03819274902338, 12.391251564025936], [75.03763580322283, 12.391251564025936], [75.03763580322283, 12.391531944274902], [75.03710174560564, 12.391531944274902], [75.03710174560564, 12.391810417175293], [75.0365295410158, 12.391804695129508], [75.0365295410158, 12.392084121704386], [75.035697937012, 12.392084121704386], [75.035697937012, 12.391804695129508], [75.03542327880865, 12.391810417175293], [75.03542327880865, 12.391531944274902], [75.03514099121088, 12.391531944274902], [75.03514099121088, 12.390690803528003], [75.03498840332048, 12.390690803528003], [75.03458404541033, 12.390695571899471], [75.03458404541033, 12.39041709899908], [75.03404235839861, 12.39042186737072], [75.03404235839861, 12.39013862609869], [75.03320312500028, 12.39013862609869], [75.03320312500028, 12.39042186737072], [75.03236389160162, 12.39041709899908], [75.03236389160162, 12.390695571899471], [75.03180694580084, 12.390695571899471], [75.03180694580084, 12.39097118377697], [75.03151702880854, 12.39097118377697], [75.03151702880854, 12.391251564025936], [75.03096771240251, 12.391251564025936], [75.03096771240251, 12.391531944274902], [75.03069305419933, 12.391531944274902], [75.03069305419933, 12.391810417175293], [75.03041839599626, 12.391810417175293], [75.03041839599626, 12.39293098449707], [75.03013610839872, 12.39293098449707], [75.03013610839872, 12.39430999755865], [75.02986145019531, 12.394306182861328], [75.02986145019531, 12.394862174987793], [75.02958679199247, 12.394860267639388], [75.02958679199247, 12.395420074462834], [75.02929687500006, 12.395420074462834], [75.02929687500006, 12.396249771118221], [75.02902984619135, 12.396249771118221], [75.02902984619135, 12.396809577941895], [75.0287475585938, 12.396809577941895], [75.0287475585938, 12.397640228271541], [75.02847290039062, 12.397640228271541], [75.02847290039062, 12.39819431304943], [75.02819824218756, 12.39819431304943], [75.02819824218756, 12.398750305175724], [75.02791595459001, 12.398750305175724], [75.02791595459001, 12.399581909179688], [75.02764129638683, 12.399581909179688], [75.02764129638683, 12.400142669678019], [75.02735900878923, 12.400137901306152], [75.02735900878923, 12.400693893432845], [75.02708435058622, 12.400693893432845], [75.02707672119169, 12.401131629943848], [75.02707672119169, 12.401251792907715], [75.02694702148438, 12.40124988555931], [75.02680206298845, 12.40124988555931], [75.02680206298845, 12.401391983032283], [75.02680206298845, 12.401805877685604], [75.02652740478544, 12.401799201965332], [75.02652740478544, 12.402359962463663], [75.02625274658209, 12.402359962463663], [75.02625274658209, 12.402920722961426], [75.02609252929693, 12.402915954589957], [75.02597045898466, 12.402915954589957], [75.02597045898466, 12.403471946716422], [75.0258560180664, 12.403471946716422], [75.0256958007813, 12.403471946716422], [75.0256958007813, 12.403609275817928], [75.0256958007813, 12.40403079986578], [75.02541351318354, 12.404027938842887], [75.02541351318354, 12.404582023620605], [75.02513885498053, 12.4045801162722], [75.02513885498053, 12.405140876770133], [75.02486419677751, 12.40513801574707], [75.02486419677751, 12.405694961548022], [75.02458190917974, 12.405690193176554], [75.02458190917974, 12.406250953674316], [75.02430725097673, 12.406250953674316], [75.02430725097673, 12.406810760498331], [75.02402496337919, 12.406806945800781], [75.02403259277372, 12.40736103057867], [75.02375030517595, 12.40736103057867], [75.02375030517595, 12.407641410827637], [75.02347564697294, 12.407638549804744], [75.02347564697294, 12.40819454193121], [75.02319335937506, 12.40818977355957], [75.02319335937506, 12.409309387207031], [75.02291870117216, 12.409304618835563], [75.02291870117216, 12.409860610961857], [75.02263641357428, 12.409860610961857], [75.02263641357428, 12.410140991210994], [75.02236175537104, 12.410139083862418], [75.02236175537104, 12.410695075988713], [75.02210235595709, 12.410678863525334], [75.02210235595709, 12.411531448364542], [75.02180480957048, 12.411526679992676], [75.02180480957048, 12.41208267211914], [75.0212478637697, 12.41208267211914], [75.0212478637697, 12.412361145019531], [75.02069091796892, 12.412361145019531], [75.02069091796892, 12.412921905517862], [75.02041625976591, 12.412917137145996], [75.02041625976591, 12.413473129272688], [75.02014160156256, 12.413471221923885], [75.02014160156256, 12.414031982422046], [75.01985931396513, 12.41402721405035], [75.01985931396513, 12.414583206177042], [75.01957702636724, 12.414581298828068], [75.01957702636724, 12.414860725402946], [75.019302368164, 12.414860725402946], [75.019302368164, 12.415139198303507], [75.019027709961, 12.415139198303507], [75.019027709961, 12.415419578552303], [75.01875305175798, 12.41541671752941], [75.01875305175798, 12.415695190429801], [75.01847076416021, 12.415695190429801], [75.01847076416021, 12.4159708023073], [75.0181961059572, 12.415968894958496], [75.0181961059572, 12.41624927520769], [75.0179061889649, 12.41624927520769], [75.0179061889649, 12.416529655456657], [75.01763916015642, 12.416529655456657], [75.01763916015642, 12.416810035705623], [75.0167007446289, 12.416810035705623], [75.01457977294939, 12.416810035705623], [75.01457977294939, 12.417641639709586], [75.01486206054699, 12.417638778686523], [75.01486206054699, 12.418195724487305], [75.01513671875017, 12.418195724487305], [75.01513671875017, 12.418471336364803], [75.01486206054699, 12.418471336364803], [75.01486206054699, 12.41958427429222], [75.01457977294939, 12.419581413269157], [75.01457977294939, 12.41987133026123], [75.0137481689456, 12.41987133026123], [75.0137481689456, 12.420419692993164], [75.01347351074224, 12.420417785644588], [75.01347351074224, 12.420694351196573], [75.01319122314482, 12.420690536499023], [75.01319122314482, 12.421810150146484], [75.01291656494146, 12.421806335449332], [75.01291656494146, 12.422362327575797], [75.01264190673828, 12.422362327575797], [75.01264190673828, 12.423195838928166], [75.01235961914068, 12.423191070556697], [75.01235961914068, 12.423749923706055], [75.0120925903322, 12.423749923706055], [75.0120925903322, 12.424030303955021], [75.0118026733399, 12.424030303955021], [75.0118026733399, 12.424310684204386], [75.01152801513689, 12.42430591583252], [75.01152801513689, 12.42458438873291], [75.01125335693388, 12.424578666686955], [75.01125335693388, 12.425140380859375], [75.01097106933611, 12.425140380859375], [75.01097106933611, 12.425422668457145], [75.0106964111331, 12.425422668457145], [75.0106964111331, 12.426250457763729], [75.01040649414062, 12.426250457763729], [75.01040649414062, 12.42681121826189], [75.01013946533232, 12.426806449890194], [75.01013183593778, 12.427611351013411], [75.00986480712896, 12.427638053893986], [75.00986480712896, 12.428050994873217], [75.00986480712896, 12.428194046020678], [75.0095825195312, 12.428194046020678], [75.0095825195312, 12.428520202636662], [75.0095825195312, 12.428750038147143], [75.00945281982422, 12.428750038147143], [75.00930786132818, 12.428750038147143], [75.00930023193365, 12.429000854492244], [75.00902557373064, 12.429027557373047], [75.00902557373064, 12.429479598999023], [75.00902557373064, 12.429583549499512], [75.0087509155274, 12.429583549499512], [75.0087509155274, 12.430010795593319], [75.0087509155274, 12.43124961853033], [75.00846862792986, 12.43124961853033], [75.00846862792986, 12.43181133270275], [75.00818634033214, 12.43181133270275], [75.00819396972685, 12.432359695434684], [75.00791931152361, 12.432359695434684], [75.00791931152361, 12.432921409606934], [75.00763702392607, 12.432916641235465], [75.00763702392607, 12.43347263336193], [75.00736236572271, 12.433469772338867], [75.00736236572271, 12.434030532836971], [75.00708007812528, 12.434028625488395], [75.00708007812528, 12.434582710266113], [75.0067977905274, 12.434579849243221], [75.0067977905274, 12.435140609741154], [75.0065307617187, 12.435138702392578], [75.0065307617187, 12.435694694519043], [75.00624847412115, 12.435689926147575], [75.00624847412115, 12.436250686645508], [75.00607299804693, 12.436248779296932], [75.00597381591814, 12.436248779296932], [75.00595855712885, 12.436691284179801], [75.00595855712885, 12.436812400817928], [75.00569152832037, 12.436804771423397], [75.00569152832037, 12.437360763549862], [75.00541687011736, 12.437360763549862], [75.00541687011736, 12.437541007995549], [75.00541687011736, 12.437916755676326], [75.00514221191435, 12.437916755676326], [75.00514221191435, 12.438098907470987], [75.01272583007818, 12.441101074218693], [75.02134704589855, 12.43718147277832], [75.025405883789, 12.438000679016284], [75.02971649169928, 12.447370529174975], [75.03005981445318, 12.451450347900675], [75.02355957031267, 12.456830978393839], [75.0211715698245, 12.462260246276912], [75.02127838134766, 12.46548080444336], [75.02529144287115, 12.469291687011832], [75.02686309814459, 12.473981857299862], [75.02989959716803, 12.469111442565975], [75.03138732910156, 12.464778900146541], [75.03460693359392, 12.462030410766658], [75.04032135009783, 12.46177864074707], [75.04589843750006, 12.4591703414917], [75.04976654052746, 12.457058906555119], [75.05268096923822, 12.453521728515796], [75.06082153320318, 12.449321746826229], [75.07063293457048, 12.453669548034725], [75.0779418945313, 12.459970474243221], [75.08434295654291, 12.467700958251896], [75.09012603759783, 12.461010932922647], [75.09104156494158, 12.456509590148926], [75.08663940429682, 12.453580856323299], [75.08229827880876, 12.45381164550787], [75.08557128906256, 12.448649406433105], [75.08670806884771, 12.444441795349178], [75.08529663085932, 12.440430641174316], [75.09101867675776, 12.441381454468058], [75.09648895263678, 12.434011459350756], [75.10510253906278, 12.43557167053251], [75.1083297729495, 12.433968544006404], [75.11392211914062, 12.433900833129826], [75.11744689941412, 12.427861213684025], [75.12227630615263, 12.426601409912166], [75.12641143798834, 12.427459716796932], [75.1310577392581, 12.42648029327421], [75.13047027587919, 12.42222976684576], [75.13349914550793, 12.41857242584257], [75.1436309814456, 12.417169570922852], [75.14543914794939, 12.413290977478027], [75.15077209472673, 12.412410736084155], [75.15406799316412, 12.414489746093807], [75.15690612792974, 12.41842079162609], [75.1603088378908, 12.41499137878418], [75.16668701171886, 12.421629905700627], [75.1720962524414, 12.421270370483398], [75.18102264404325, 12.425171852111816], [75.18393707275408, 12.429269790649698], [75.1860427856447, 12.426312446594352], [75.19164276123053, 12.426521301269588], [75.19402313232416, 12.421381950378418], [75.19899749755876, 12.420101165771712], [75.2037506103515, 12.422510147094727], [75.20842742919928, 12.423589706421126], [75.20902252197271, 12.427560806274698], [75.21317291259771, 12.429109573364371], [75.217826843262, 12.428762435913143], [75.22255706787115, 12.43738079071062], [75.22278594970732, 12.449220657348633], [75.22115325927751, 12.457640647888297], [75.22209167480486, 12.462581634521655], [75.22593688964844, 12.46608924865751], [75.23010253906267, 12.467760086059627], [75.2348709106447, 12.467120170593205], [75.23224639892584, 12.463590621948242], [75.23420715332043, 12.45769119262701], [75.23854064941412, 12.458791732788029], [75.24254608154303, 12.45849990844755], [75.24691772460938, 12.462301254272688], [75.2464904785158, 12.45713043212885], [75.24709320068376, 12.454010009765682], [75.25549316406267, 12.450561523437557], [75.2586059570313, 12.453560829162598], [75.25598144531278, 12.456250190734977], [75.2593383789063, 12.459250450134277], [75.26374816894537, 12.458209991455078], [75.26473999023466, 12.454629898071346], [75.26822662353516, 12.453260421752873], [75.27234649658209, 12.453029632568303], [75.27118682861334, 12.455861091614054], [75.2739562988283, 12.458411216735954], [75.2774505615235, 12.466528892517317], [75.28394317626959, 12.46453952789335], [75.28833770751959, 12.462291717529354], [75.2907028198245, 12.464509963989315], [75.29496765136736, 12.477451324463061], [75.30088043212908, 12.482891082763729], [75.30551147460943, 12.48840045928955], [75.30943298339861, 12.489550590515194], [75.31418609619135, 12.492020606994743], [75.32064056396513, 12.491250991821346], [75.3280563354495, 12.49177074432373], [75.33484649658203, 12.490241050720499], [75.3355789184572, 12.485049247741642], [75.3389892578125, 12.482940673828125], [75.33936309814447, 12.479649543762264], [75.33833312988287, 12.473341941833496], [75.34053039550798, 12.464631080627441], [75.33676147460943, 12.457781791687182], [75.34086608886747, 12.456049919128361], [75.35563659667969, 12.458021163940373], [75.35941314697283, 12.459980964660645], [75.36273956298834, 12.464891433715877], [75.37206268310553, 12.468781471252385], [75.37300109863287, 12.47716140747076], [75.37055206298834, 12.480990409851358], [75.37000274658209, 12.483469963074015], [75.37223815917974, 12.485509872436694], [75.37721252441412, 12.486431121826172], [75.37950897216803, 12.487879753112907], [75.38107299804699, 12.491490364074764], [75.38307189941423, 12.492659568786848], [75.38656616210943, 12.491921424865723], [75.39187622070312, 12.492541313171387], [75.39492797851562, 12.49755954742443], [75.39731597900419, 12.497810363769531]]]]}, "properties": {"id": "hosdurg", "taluk_name": "Hosdurg", "malayalam_name": "ഹോസ്ദുർഗ്", "district_name": "Kasaragod", "district_id": "kasaragod", "elevation_m": 35, "slope_degrees": 3.5, "area_sq_km": 488, "centroid": {"lat": 12.31, "lng": 75.1}, "dominant_land_use": "Arecanut, Coconut & Rubber Plantations (Slope: 3.5°)", "soil_type": "Coastal Alluvium & Red Laterite", "rusle": {"R": 3298, "K": 0.023, "LS": 3.0, "C": 0.18, "P": 0.7, "A": 11.8}, "risk_category": "High", "time_series": {"2018": 14.8, "2019": 13.6, "2020": 10.9, "2021": 12.0, "2022": 11.1, "2023": 9.7, "2024": 11.8}, "conservation": ["Contour terracing suitable for 35m elevation zones", "Runoff control hedgerows across slopes > 5.0°"], "is_sample_data": true, "data_source": "Bundled GeoJSON (DEMO Mode)"}}, {"type": "Feature", "id": "manjeshwaram", "geometry": {"type": "Polygon", "coordinates": [[[75.07471, 12.7], [75.07397, 12.72132], [75.06841, 12.74204], [75.05849, 12.7611], [75.04501, 12.77777], [75.02887, 12.79169], [75.01082, 12.80276], [74.9914, 12.81096], [74.971, 12.81617], [74.95, 12.81811], [74.92895, 12.81647], [74.90858, 12.81102], [74.88974, 12.80181], [74.87322, 12.78927], [74.85951, 12.77407], [74.84878, 12.75701], [74.84086, 12.73875], [74.83549, 12.7197], [74.83256, 12.7], [74.83223, 12.67974], [74.83501, 12.65917], [74.84151, 12.6389], [74.85221, 12.61995], [74.86709, 12.6036], [74.88555, 12.5911], [74.90645, 12.58327], [74.92837, 12.58034], [74.95, 12.58189], [74.97042, 12.58702], [74.98927, 12.59475], [75.00662, 12.60432], [75.02274, 12.61543], [75.0377, 12.62821], [75.05122, 12.64299], [75.06256, 12.66004], [75.0707, 12.67924], [75.07471, 12.7]]]}, "properties": {"id": "manjeshwaram", "taluk_name": "Manjeshwaram", "malayalam_name": "മഞ്ചേശ്വരം", "district_name": "Kasaragod", "district_id": "kasaragod", "elevation_m": 40, "slope_degrees": 3.8, "area_sq_km": 540, "centroid": {"lat": 12.7, "lng": 74.95}, "dominant_land_use": "Arecanut, Coconut & Rubber Plantations (Slope: 3.8°)", "soil_type": "Coastal Alluvium & Red Laterite", "rusle": {"R": 3318, "K": 0.023, "LS": 3.1, "C": 0.19, "P": 0.69, "A": 13.2}, "risk_category": "High", "time_series": {"2018": 16.5, "2019": 15.2, "2020": 12.1, "2021": 13.5, "2022": 12.4, "2023": 10.8, "2024": 13.2}, "conservation": ["Contour terracing suitable for 40m elevation zones", "Runoff control hedgerows across slopes > 5.0°"], "is_sample_data": true, "data_source": "Bundled GeoJSON (DEMO Mode)"}}, {"type": "Feature", "id": "vellarikundu", "geometry": {"type": "Polygon", "coordinates": [[[75.47784, 12.35], [75.47708, 12.37189], [75.47138, 12.39316], [75.46121, 12.41272], [75.4474, 12.42983], [75.43085, 12.44412], [75.41235, 12.45549], [75.39244, 12.4639], [75.37152, 12.46924], [75.35, 12.47124], [75.32842, 12.46956], [75.30754, 12.46396], [75.28823, 12.45451], [75.27129, 12.44163], [75.25724, 12.42603], [75.24624, 12.40852], [75.23812, 12.38978], [75.23262, 12.37022], [75.22961, 12.35], [75.22927, 12.32921], [75.23212, 12.30809], [75.23879, 12.28728], [75.24975, 12.26783], [75.265, 12.25105], [75.28393, 12.23821], [75.30536, 12.23018], [75.32783, 12.22717], [75.35, 12.22876], [75.37093, 12.23402], [75.39026, 12.24196], [75.40805, 12.25179], [75.42456, 12.26319], [75.43991, 12.27631], [75.45376, 12.29148], [75.46538, 12.30898], [75.47373, 12.32869], [75.47784, 12.35]]]}, "properties": {"id": "vellarikundu", "taluk_name": "Vellarikundu", "malayalam_name": "വെള്ളരിക്കുണ്ട്", "district_name": "Kasaragod", "district_id": "kasaragod", "elevation_m": 280, "slope_degrees": 12.5, "area_sq_km": 569, "centroid": {"lat": 12.35, "lng": 75.35}, "dominant_land_use": "Arecanut, Coconut & Rubber Plantations (Slope: 12.5°)", "soil_type": "Coastal Alluvium & Red Laterite", "rusle": {"R": 3909, "K": 0.023, "LS": 7.5, "C": 0.28, "P": 0.64, "A": 23.4}, "risk_category": "Severe", "time_series": {"2018": 29.2, "2019": 26.9, "2020": 21.5, "2021": 23.9, "2022": 22.0, "2023": 19.2, "2024": 23.4}, "conservation": ["Contour terracing suitable for 280m elevation zones", "Runoff control hedgerows across slopes > 9°"], "is_sample_data": true, "data_source": "Bundled GeoJSON (DEMO Mode)"}}, {"type": "Feature", "id": "kannur_t", "geometry": {"type": "Polygon", "coordinates": [[[75.46419, 11.87], [75.46363, 11.88616], [75.45943, 11.90185], [75.45194, 11.9163], [75.44176, 11.92893], [75.42957, 11.93947], [75.41594, 11.94786], [75.40127, 11.95407], [75.38586, 11.95802], [75.37, 11.95949], [75.3541, 11.95825], [75.33871, 11.95412], [75.32449, 11.94714], [75.31201, 11.93764], [75.30166, 11.92612], [75.29355, 11.9132], [75.28757, 11.89936], [75.28351, 11.88492], [75.2813, 11.87], [75.28105, 11.85465], [75.28315, 11.83906], [75.28806, 11.8237], [75.29614, 11.80935], [75.30738, 11.79696], [75.32132, 11.78749], [75.33711, 11.78156], [75.35366, 11.77934], [75.37, 11.78051], [75.38542, 11.7844], [75.39966, 11.79025], [75.41277, 11.79751], [75.42494, 11.80593], [75.43624, 11.8156], [75.44645, 11.8268], [75.45501, 11.83972], [75.46117, 11.85427], [75.46419, 11.87]]]}, "properties": {"id": "kannur_t", "taluk_name": "Kannur", "malayalam_name": "കണ്ണൂർ", "district_name": "Kannur", "district_id": "kannur", "elevation_m": 25, "slope_degrees": 2.5, "area_sq_km": 310, "centroid": {"lat": 11.87, "lng": 75.37}, "dominant_land_use": "Cashew, Rubber & Spice Gardens (Slope: 2.5°)", "soil_type": "Red Lateritic Soil & Coastal Sands", "rusle": {"R": 3420, "K": 0.024, "LS": 2.5, "C": 0.17, "P": 0.7, "A": 9.8}, "risk_category": "Moderate", "time_series": {"2018": 12.2, "2019": 11.3, "2020": 9.0, "2021": 10.0, "2022": 9.2, "2023": 8.0, "2024": 9.8}, "conservation": ["Contour terracing suitable for 25m elevation zones", "Runoff control hedgerows across slopes > 5.0°"], "is_sample_data": true, "data_source": "Bundled GeoJSON (DEMO Mode)"}}, {"type": "Feature", "id": "thalassery", "geometry": {"type": "Polygon", "coordinates": [[[75.92518615722662, 11.932871818542424], [75.9200286865235, 11.920600891113281], [75.91944122314453, 11.914730072021598], [75.92904663085943, 11.90361022949213], [75.9310531616211, 11.89545059204113], [75.9316177368164, 11.887701988220329], [75.9302215576173, 11.881751060485897], [75.92373657226574, 11.873458862304801], [75.90798950195312, 11.866849899292049], [75.91335296630865, 11.861799240112248], [75.92502593994146, 11.854640960693473], [75.92243957519526, 11.845651626587028], [75.92305755615234, 11.837061882019157], [75.92124938964855, 11.833821296691951], [75.91897583007824, 11.833460807800407], [75.9179306030274, 11.836999893188533], [75.91561126708984, 11.839039802551383], [75.91213226318354, 11.837321281433105], [75.90841674804693, 11.83778190612793], [75.89575958251953, 11.834851264953727], [75.89051055908209, 11.836330413818473], [75.8865966796875, 11.835819244384766], [75.88221740722656, 11.838139533996582], [75.87848663330084, 11.83712100982666], [75.87529754638683, 11.837631225585938], [75.87034606933605, 11.840720176696834], [75.86225891113287, 11.83971023559576], [75.85858917236328, 11.842700004577637], [75.85472869873041, 11.841161727905387], [75.85099792480474, 11.841060638427791], [75.8451614379884, 11.843059539794865], [75.84240722656256, 11.845010757446346], [75.83966827392578, 11.848211288452262], [75.83641815185541, 11.848390579223633], [75.82884216308594, 11.84381008148199], [75.82448577880865, 11.843660354614315], [75.81947326660156, 11.844659805297908], [75.81191253662115, 11.849229812622127], [75.80255889892584, 11.848751068115348], [75.7996597290039, 11.845061302185059], [75.79825592041027, 11.841871261596737], [75.7953567504884, 11.840020179748592], [75.78724670410156, 11.839751243591309], [75.78582763671886, 11.834959983825684], [75.78491973876947, 11.829631805419979], [75.78759002685541, 11.825851440429688], [75.79171752929693, 11.82273006439209], [75.79308319091808, 11.817779541015568], [75.79312133789057, 11.812879562377987], [75.79165649414062, 11.808489799499625], [75.78737640380871, 11.80597019195551], [75.78273010253912, 11.805130958557186], [75.77778625488287, 11.802120208740291], [75.77494049072277, 11.798601150512695], [75.77218627929688, 11.79194164276123], [75.7676010131836, 11.795291900634822], [75.76165008544916, 11.796590805053711], [75.74864196777355, 11.797610282898063], [75.74482727050793, 11.7953720092774], [75.74559783935558, 11.789501190185547], [75.74916076660162, 11.786230087280387], [75.75093841552746, 11.781720161437988], [75.75007629394531, 11.778800010681266], [75.74418640136724, 11.77820968627924], [75.7353515625, 11.780470848083553], [75.73340606689464, 11.775231361389274], [75.72844696044933, 11.773929595947322], [75.723617553711, 11.777160644531193], [75.72239685058594, 11.78075122833252], [75.7196731567384, 11.784170150756779], [75.71227264404297, 11.789119720458984], [75.7069931030274, 11.790301322937069], [75.70215606689453, 11.790032386779842], [75.69819641113281, 11.792222023010368], [75.69315338134777, 11.792930603027457], [75.68982696533209, 11.791951179504338], [75.68686676025402, 11.789759635925407], [75.68135070800776, 11.770661354065055], [75.67822265625006, 11.768359184265194], [75.66921234130865, 11.763851165771598], [75.66654968261724, 11.761540412902889], [75.66362762451172, 11.752791404724178], [75.65380096435553, 11.748590469360295], [75.6313095092774, 11.730001449584904], [75.62371826171886, 11.730691909790039], [75.62029266357433, 11.723630905151424], [75.60581207275385, 11.71179103851324], [75.60214233398449, 11.710359573364315], [75.59803009033203, 11.711510658264274], [75.59485626220709, 11.70914268493658], [75.59213256835938, 11.70885086059576], [75.58808135986322, 11.709609985351676], [75.58695220947266, 11.708181381225643], [75.58950042724615, 11.70514965057373], [75.59044647216803, 11.702389717102108], [75.58965301513672, 11.698841094970817], [75.59062194824219, 11.695269584655762], [75.59915161132812, 11.690820693969727], [75.60058593750006, 11.689250946044979], [75.5988388061524, 11.682101249694824], [75.59411621093756, 11.680851936340389], [75.5884475708009, 11.68215084075922], [75.58460235595714, 11.682029724121094], [75.58184814453125, 11.680240631103572], [75.57721710205078, 11.673649787902946], [75.57338714599604, 11.67078018188488], [75.56948852539068, 11.669241905212402], [75.56633758544916, 11.66870021820074], [75.56391143798828, 11.672360420226994], [75.55986022949219, 11.674500465393123], [75.55883026123053, 11.67750167846674], [75.5599822998048, 11.681440353393612], [75.55825042724615, 11.686181068420524], [75.55197143554699, 11.695981025695914], [75.54878234863276, 11.69707012176525], [75.53999328613293, 11.698121070861873], [75.53807067871105, 11.70177173614502], [75.53601074218744, 11.703981399536133], [75.5325164794923, 11.704332351684513], [75.53013610839844, 11.702940940856877], [75.53013610839844, 11.703749656677246], [75.52986145019543, 11.703749656677246], [75.52986145019543, 11.7040309906007], [75.53013610839844, 11.7040309906007], [75.53013610839844, 11.704311370849666], [75.52986145019543, 11.704305648803711], [75.52986145019543, 11.704582214355526], [75.52929687500011, 11.70458030700695], [75.52929687500011, 11.705141067504883], [75.52874755859386, 11.70513820648199], [75.52874755859386, 11.705694198608455], [75.52847290039068, 11.705694198608455], [75.52847290039068, 11.705972671508846], [75.5281982421875, 11.705967903137207], [75.5281982421875, 11.706251144409237], [75.5279159545899, 11.706251144409237], [75.5279159545899, 11.70652866363531], [75.52735900878912, 11.706521987915096], [75.52735900878912, 11.70681095123291], [75.52708435058594, 11.706804275512809], [75.52708435058594, 11.707084655761776], [75.52569580078136, 11.707084655761776], [75.52569580078136, 11.706804275512809], [75.52458190917969, 11.706804275512809], [75.52458190917969, 11.707084655761776], [75.5240249633789, 11.707084655761776], [75.5240249633789, 11.708194732665959], [75.5237503051759, 11.70818996429449], [75.5237503051759, 11.708750724792424], [75.52347564697266, 11.708750724792424], [75.52347564697266, 11.709583282470703], [75.52319335937511, 11.70958042144781], [75.52319335937511, 11.710420608520621], [75.52291870117193, 11.710416793823242], [75.52291870117193, 11.710695266723633], [75.52263641357433, 11.710689544677678], [75.52263641357433, 11.711251258850098], [75.52236175537115, 11.711251258850098], [75.52236175537115, 11.711530685424805], [75.52208709716791, 11.711526870727596], [75.52208709716791, 11.712082862854118], [75.52179718017584, 11.712080955505314], [75.52179718017584, 11.712650299072266], [75.52153015136719, 11.712638854980582], [75.52153015136719, 11.713473320007438], [75.52124786376959, 11.713471412658635], [75.52124786376959, 11.714029312133903], [75.52069091796886, 11.7140274047851], [75.52069091796886, 11.714583396911621], [75.52041625976562, 11.714580535888729], [75.52041625976562, 11.714860916137695], [75.5195770263673, 11.714860916137695], [75.5195770263673, 11.715139389038086], [75.51847839355469, 11.715139389038086], [75.51847839355469, 11.715421676635799], [75.5173568725586, 11.715421676635799], [75.5173568725586, 11.715139389038086], [75.51680755615234, 11.715139389038086], [75.51680755615234, 11.718193054199332], [75.5165252685548, 11.718193054199332], [75.5165252685548, 11.718474388122615], [75.51625061035162, 11.718460083007812], [75.51625061035162, 11.71875190734869], [75.51597595214838, 11.718749046325797], [75.51597595214838, 11.71958446502697], [75.5156860351563, 11.71958065032959], [75.5156860351563, 11.719861984253043], [75.51541900634766, 11.719861984253043], [75.51541900634766, 11.720140457153434], [75.51513671875006, 11.720140457153434], [75.51513671875006, 11.72069263458252], [75.51486206054688, 11.720690727233944], [75.51486206054688, 11.7212495803833], [75.51457977294928, 11.7212495803833], [75.51457977294928, 11.721528053283691], [75.51431274414062, 11.721521377563477], [75.51431274414062, 11.721810340881461], [75.51403045654308, 11.721805572509766], [75.51403045654308, 11.72236156463623], [75.51374816894531, 11.722359657287654], [75.51374816894531, 11.722641944885254], [75.5134735107423, 11.722640037536621], [75.5134735107423, 11.72319412231451], [75.51319122314459, 11.72319412231451], [75.51319122314459, 11.723471641540584], [75.51291656494152, 11.723471641540584], [75.51291656494152, 11.723752021789608], [75.51264190673834, 11.723752021789608], [75.51264190673834, 11.724591255188102], [75.51235961914057, 11.72458362579357], [75.51235961914057, 11.724862098693961], [75.51208496093756, 11.724862098693961], [75.51208496093756, 11.725693702697754], [75.51152801513678, 11.725691795349121], [75.51152801513678, 11.726530075073356], [75.5112533569336, 11.726530075073356], [75.5112533569336, 11.726811408996639], [75.51097106933605, 11.726811408996639], [75.51097106933605, 11.727920532226676], [75.51069641113281, 11.727915763855037], [75.51069641113281, 11.728194236755428], [75.51041412353527, 11.728194236755428], [75.51041412353527, 11.728471755981502], [75.51013946533209, 11.728469848632926], [75.51013946533209, 11.728750228881893], [75.50985717773449, 11.728750228881893], [75.50985717773449, 11.729310989379996], [75.5095825195313, 11.729306221008358], [75.5095825195313, 11.729583740234432], [75.50930786132807, 11.72957992553711], [75.50930786132807, 11.730139732360897], [75.50902557373053, 11.73013782501232], [75.50902557373053, 11.730693817138786], [75.50875091552734, 11.730693817138786], [75.50875091552734, 11.730972290039176], [75.50846862792974, 11.73097038269043], [75.50846862792974, 11.731531143188533], [75.50791931152355, 11.731528282165641], [75.50791931152355, 11.73208236694336], [75.50736236572277, 11.732080459594783], [75.50736236572277, 11.732362747192496], [75.507080078125, 11.732362747192496], [75.507080078125, 11.732641220092887], [75.50681304931652, 11.732641220092887], [75.50681304931652, 11.732920646667594], [75.50597381591803, 11.732915878295898], [75.50597381591803, 11.733195304870605], [75.50514221191406, 11.733195304870605], [75.50514221191406, 11.73347282409668], [75.50485992431652, 11.73346138000494], [75.50485992431652, 11.73403072357172], [75.50459289550781, 11.73403072357172], [75.50459289550781, 11.734309196472111], [75.50319671630854, 11.734304428100643], [75.50319671630854, 11.734582901001033], [75.50096893310547, 11.734582901001033], [75.50096893310547, 11.734304428100643], [75.50013732910168, 11.734309196472111], [75.50013732910168, 11.73318958282482], [75.49874877929693, 11.733195304870605], [75.49874877929693, 11.731806755066032], [75.49847412109375, 11.731806755066032], [75.49847412109375, 11.73208236694336], [75.49819183349621, 11.732080459594783], [75.49819183349621, 11.732362747192496], [75.49764251708996, 11.732362747192496], [75.49764251708996, 11.732641220092887], [75.49735260009766, 11.732641220092887], [75.49735260009766, 11.732920646667594], [75.49708557128918, 11.732915878295898], [75.49708557128918, 11.73347282409668], [75.49735260009766, 11.73346138000494], [75.49735260009766, 11.73403072357172], [75.49764251708996, 11.73403072357172], [75.49764251708996, 11.734309196472111], [75.49736022949224, 11.734304428100643], [75.49736022949224, 11.735973358154354], [75.49709320068354, 11.735971450805778], [75.49709320068354, 11.736250877380428], [75.49680328369146, 11.736250877380428], [75.49680328369146, 11.736531257629451], [75.49652862548822, 11.736531257629451], [75.49652862548822, 11.736821174621696], [75.49624633789068, 11.736821174621696], [75.49624633789068, 11.737360954284611], [75.4959716796875, 11.737360954284611], [75.4959716796875, 11.737641334533805], [75.49569702148443, 11.737639427185002], [75.49569702148443, 11.738195419311467], [75.49541473388672, 11.738195419311467], [75.49541473388672, 11.738472938537598], [75.49514007568371, 11.738471031188965], [75.49514007568371, 11.738751411437931], [75.49485778808594, 11.738751411437931], [75.49485778808594, 11.739030838012809], [75.49402618408214, 11.739028930664062], [75.49402618408214, 11.739860534668026], [75.49375152587896, 11.739860534668026], [75.49375152587896, 11.740419387817383], [75.4934692382812, 11.74041652679449], [75.4934692382812, 11.740694999694881], [75.49318695068365, 11.740691184997502], [75.49318695068365, 11.741529464721737], [75.492919921875, 11.741526603698844], [75.492919921875, 11.742082595825309], [75.4926376342774, 11.742082595825309], [75.4926376342774, 11.742638587951774], [75.49208068847668, 11.742630004882756], [75.49208068847668, 11.742921829223633], [75.49180603027344, 11.742917060852164], [75.49180603027344, 11.743194580078068], [75.49124908447266, 11.743190765380916], [75.49124908447266, 11.743750572204533], [75.49096679687511, 11.743750572204533], [75.49096679687511, 11.744310379028377], [75.49069213867193, 11.744304656982422], [75.49069213867193, 11.744583129882812], [75.4904174804687, 11.744581222534237], [75.4904174804687, 11.744860649108887], [75.48986053466797, 11.744860649108887], [75.48986053466797, 11.74514198303234], [75.4895858764649, 11.74514198303234], [75.4895858764649, 11.74542045593273], [75.48902893066418, 11.745417594909668], [75.48902893066418, 11.745693206787166], [75.4884719848634, 11.745693206787166], [75.4884719848634, 11.745973587036133], [75.48791503906261, 11.745973587036133], [75.48792266845714, 11.746249198913631], [75.48596954345709, 11.746249198913631], [75.48596954345709, 11.746529579162598], [75.4854202270509, 11.746526718139705], [75.4854202270509, 11.747083663940487], [75.48513793945312, 11.747083663940487], [75.48513793945312, 11.747362136840877], [75.48486328125011, 11.747362136840877], [75.48486328125011, 11.748195648193416], [75.4845809936524, 11.748195648193416], [75.4845809936524, 11.74847221374523], [75.48486328125011, 11.748469352722168], [75.48486328125011, 11.749030113220272], [75.4845809936524, 11.749028205871696], [75.4845809936524, 11.749861717224064], [75.48430633544933, 11.749859809875488], [75.48430633544933, 11.751250267028809], [75.48401641845709, 11.751250267028809], [75.48401641845709, 11.751529693603516], [75.48374938964838, 11.75152778625494], [75.48374938964838, 11.752083778381404], [75.48347473144537, 11.752083778381404], [75.48347473144537, 11.752362251281795], [75.48319244384766, 11.752360343933162], [75.48319244384766, 11.752920150756836], [75.48291778564459, 11.752916336059627], [75.48291778564459, 11.753472328186149], [75.48263549804688, 11.753472328186149], [75.48263549804688, 11.753749847412223], [75.4823684692384, 11.753749847412223], [75.4823684692384, 11.75403022766119], [75.48179626464855, 11.75403022766119], [75.48179626464855, 11.754310607910156], [75.4815292358399, 11.754310607910156], [75.4815292358399, 11.754859924316406], [75.48097229003912, 11.754859924316406], [75.48097229003912, 11.75542068481451], [75.48041534423834, 11.755415916442871], [75.48041534423834, 11.755694389343262], [75.47985839843756, 11.755694389343262], [75.47985839843756, 11.755971908569336], [75.47957611083984, 11.75597000122076], [75.47957611083984, 11.756250381469727], [75.47930908203136, 11.756250381469727], [75.47930908203136, 11.756530761718864], [75.47875213623058, 11.756530761718864], [75.47875213623058, 11.75681114196783], [75.4781951904298, 11.756806373596191], [75.4781951904298, 11.757362365722656], [75.47763824462885, 11.757362365722656], [75.47763824462885, 11.757637977600154], [75.47736358642584, 11.757637977600154], [75.4773559570313, 11.758190155029297], [75.47680664062506, 11.758200645446891], [75.47680664062506, 11.758749961853084], [75.47651672363281, 11.758749961853084], [75.47651672363281, 11.759031295776367], [75.47624206542974, 11.759031295776367], [75.47624206542974, 11.759310722351074], [75.4759750366211, 11.759306907653865], [75.4759750366211, 11.759581565856877], [75.47569274902355, 11.7595796585083], [75.47569274902355, 11.759860038757267], [75.47541809082031, 11.759860038757267], [75.47541809082031, 11.760141372680721], [75.47513580322277, 11.760141372680721], [75.47513580322277, 11.760699272155762], [75.47486114501959, 11.76069545745861], [75.47486114501959, 11.760972976684684], [75.47458648681635, 11.760970115661621], [75.47458648681635, 11.761251449585075], [75.47429656982428, 11.761251449585075], [75.47429656982428, 11.761811256408748], [75.47402954101562, 11.761804580688477], [75.47402954101562, 11.762083053588867], [75.47374725341803, 11.762083053588867], [75.47374725341803, 11.762360572814941], [75.47347259521484, 11.762360572814941], [75.47347259521484, 11.762921333313102], [75.47291564941406, 11.762916564941406], [75.47291564941406, 11.763195037841797], [75.47235870361328, 11.763190269470329], [75.47235870361328, 11.76375961303711], [75.47207641601574, 11.76375961303711], [75.47207641601574, 11.764031410217285], [75.47235870361328, 11.76402664184576], [75.47235870361328, 11.764582633972282], [75.47291564941406, 11.764582633972282], [75.47291564941406, 11.764861106872615], [75.47319793701183, 11.764861106872615], [75.47319793701183, 11.765140533447322], [75.47347259521484, 11.765140533447322], [75.47347259521484, 11.765421867370605], [75.47402954101562, 11.765417098999137], [75.47402954101562, 11.765694618225211], [75.47486114501959, 11.765694618225211], [75.47486114501959, 11.765417098999137], [75.47598266601562, 11.765421867370605], [75.47598266601562, 11.764861106872615], [75.47652435302734, 11.764861106872615], [75.47652435302734, 11.764582633972282], [75.47708129882812, 11.764582633972282], [75.47708129882812, 11.76430511474615], [75.47763824462885, 11.764311790466422], [75.47763824462885, 11.764031410217285], [75.47875213623058, 11.76402664184576], [75.47875213623058, 11.764582633972282], [75.48097229003912, 11.764582633972282], [75.48097229003912, 11.765694618225211], [75.48347473144537, 11.765694618225211], [75.48347473144537, 11.765417098999137], [75.48513793945312, 11.765421867370605], [75.48513793945312, 11.765140533447322], [75.48596954345709, 11.765140533447322], [75.48596954345709, 11.764861106872615], [75.48625183105469, 11.764861106872615], [75.48625183105469, 11.764582633972282], [75.48680877685547, 11.764582633972282], [75.48680877685547, 11.76430511474615], [75.48707580566412, 11.764311790466422], [75.48707580566412, 11.764031410217285], [75.48735809326183, 11.764031410217285], [75.48735809326183, 11.763470649719295], [75.48764038085943, 11.763472557067928], [75.48764038085943, 11.763195037841797], [75.48791503906261, 11.763195037841797], [75.48791503906261, 11.762916564941406], [75.48819732666016, 11.762921333313102], [75.48819732666016, 11.762640953063908], [75.4884719848634, 11.762640953063908], [75.4884719848634, 11.762080192565975], [75.4887466430664, 11.762083053588867], [75.4887466430664, 11.761247634887695], [75.48902893066418, 11.761251449585075], [75.48902893066418, 11.760699272155762], [75.48929595947266, 11.760699272155762], [75.48929595947266, 11.759860038757267], [75.4895858764649, 11.759860038757267], [75.4895858764649, 11.75763130187994], [75.48986053466797, 11.757637977600154], [75.48986053466797, 11.757362365722656], [75.49013519287115, 11.757362365722656], [75.49013519287115, 11.75708198547369], [75.4904174804687, 11.75708198547369], [75.4904174804687, 11.756806373596191], [75.49096679687511, 11.75681114196783], [75.49096679687511, 11.756530761718864], [75.49180603027344, 11.756530761718864], [75.49180603027344, 11.75681114196783], [75.49318695068365, 11.75681114196783], [75.49318695068365, 11.756530761718864], [75.4934692382812, 11.756530761718864], [75.4934692382812, 11.756250381469727], [75.49375152587896, 11.756250381469727], [75.49375152587896, 11.756530761718864], [75.49540710449219, 11.756530761718864], [75.49540710449219, 11.75681114196783], [75.4959716796875, 11.756806373596191], [75.4959716796875, 11.75708198547369], [75.49624633789068, 11.75708198547369], [75.49624633789068, 11.757637977600154], [75.49680328369146, 11.75763130187994], [75.49680328369146, 11.757921218872184], [75.49736022949224, 11.757916450500545], [75.49736022949224, 11.75819396972662], [75.49764251708996, 11.75819396972662], [75.49764251708996, 11.75847244262701], [75.49819183349621, 11.758469581604118], [75.49819183349621, 11.758749961853084], [75.49874877929693, 11.758749961853084], [75.49874877929693, 11.759310722351074], [75.49930572509771, 11.759306907653865], [75.49930572509771, 11.759581565856877], [75.4998626708985, 11.7595796585083], [75.4998626708985, 11.759860038757267], [75.50013732910168, 11.759860038757267], [75.50013732910168, 11.760141372680721], [75.50041198730474, 11.760141372680721], [75.50041198730474, 11.760699272155762], [75.50068664550793, 11.760699272155762], [75.50068664550793, 11.761251449585075], [75.50096893310547, 11.761251449585075], [75.50096893310547, 11.761811256408748], [75.50152587890625, 11.761804580688477], [75.50152587890625, 11.762083053588867], [75.50180816650402, 11.762083053588867], [75.50180816650402, 11.762360572814941], [75.5034790039063, 11.762360572814941], [75.5034790039063, 11.762640953063908], [75.50430297851574, 11.762640953063908], [75.50430297851574, 11.762921333313102], [75.50458526611328, 11.762916564941406], [75.50458526611328, 11.763195037841797], [75.50541687011724, 11.763195037841797], [75.50541687011724, 11.762916564941406], [75.50569152832031, 11.762921333313102], [75.50569152832031, 11.762640953063908], [75.5059661865235, 11.762640953063908], [75.5059661865235, 11.761811256408748], [75.50624847412104, 11.761811256408748], [75.50624847412104, 11.761251449585075], [75.50763702392578, 11.761247634887695], [75.50763702392578, 11.762360572814941], [75.50791931152355, 11.762360572814941], [75.50791931152355, 11.763472557067928], [75.50818634033203, 11.763470649719295], [75.50818634033203, 11.764311790466422], [75.50791931152355, 11.76430511474615], [75.50791931152355, 11.764582633972282], [75.507080078125, 11.764582633972282], [75.507080078125, 11.76430511474615], [75.50653839111334, 11.764311790466422], [75.50653839111334, 11.764031410217285], [75.5059661865235, 11.764031410217285], [75.5059661865235, 11.76375961303711], [75.50459289550781, 11.76375961303711], [75.50459289550781, 11.763470649719295], [75.50375366210949, 11.763472557067928], [75.50375366210949, 11.763195037841797], [75.50347137451178, 11.763195037841797], [75.50347137451178, 11.762916564941406], [75.50152587890625, 11.762921333313102], [75.50152587890625, 11.762640953063908], [75.50125122070324, 11.762640953063908], [75.50125122070324, 11.762360572814941], [75.50069427490246, 11.762360572814941], [75.50069427490246, 11.762083053588867], [75.50041961669928, 11.762083053588867], [75.50041961669928, 11.761804580688477], [75.4998626708985, 11.761811256408748], [75.4998626708985, 11.761530876159782], [75.49958038330072, 11.761530876159782], [75.49958038330072, 11.761251449585075], [75.49931335449224, 11.761251449585075], [75.49931335449224, 11.760970115661621], [75.49903106689453, 11.760972976684684], [75.49903106689453, 11.76069545745861], [75.49874877929693, 11.760699272155762], [75.49874877929693, 11.760418891906795], [75.49764251708996, 11.760418891906795], [75.49764251708996, 11.760699272155762], [75.49736022949224, 11.76069545745861], [75.49736022949224, 11.760972976684684], [75.49709320068354, 11.760970115661621], [75.49709320068354, 11.761251449585075], [75.49624633789068, 11.761251449585075], [75.49624633789068, 11.760699272155762], [75.4959716796875, 11.760699272155762], [75.4959716796875, 11.760418891906795], [75.49540710449219, 11.760418891906795], [75.49540710449219, 11.760141372680721], [75.49485778808594, 11.760141372680721], [75.49485778808594, 11.758749961853084], [75.49458312988293, 11.758749961853084], [75.49458312988293, 11.758469581604118], [75.49375152587896, 11.75847244262701], [75.49375152587896, 11.75819396972662], [75.49236297607422, 11.758200645446891], [75.49236297607422, 11.758749961853084], [75.49208068847668, 11.758749961853084], [75.49208068847668, 11.759860038757267], [75.49096679687511, 11.759860038757267], [75.49096679687511, 11.760141372680721], [75.49124908447266, 11.760141372680721], [75.49124908447266, 11.760699272155762], [75.49153137207043, 11.760699272155762], [75.49153137207043, 11.761247634887695], [75.49014282226568, 11.761251449585075], [75.49014282226568, 11.761530876159782], [75.4904174804687, 11.761528968810978], [75.4904174804687, 11.762083053588867], [75.49069213867193, 11.762083053588867], [75.49069213867193, 11.762360572814941], [75.49096679687511, 11.762360572814941], [75.49096679687511, 11.762640953063908], [75.49124908447266, 11.762639045715332], [75.49124908447266, 11.763195037841797], [75.49069213867193, 11.763195037841797], [75.49069213867193, 11.763472557067928], [75.4904174804687, 11.763470649719295], [75.4904174804687, 11.76375961303711], [75.4895858764649, 11.76375961303711], [75.4895858764649, 11.764031410217285], [75.48930358886719, 11.76402664184576], [75.48930358886719, 11.764582633972282], [75.48902893066418, 11.764580726623478], [75.48902893066418, 11.765140533447322], [75.4887466430664, 11.765140533447322], [75.4887466430664, 11.765421867370605], [75.4884719848634, 11.765417098999137], [75.4884719848634, 11.765973091125602], [75.48819732666016, 11.765971183776799], [75.48819732666016, 11.766250610351676], [75.48792266845714, 11.766250610351676], [75.48792266845714, 11.766530990600643], [75.48735809326183, 11.766530990600643], [75.48735809326183, 11.766250610351676], [75.48596954345709, 11.766250610351676], [75.48596954345709, 11.766530990600643], [75.4856948852539, 11.766529083252067], [75.4856948852539, 11.766804695129395], [75.4854202270509, 11.766804695129395], [75.4854202270509, 11.767083168029785], [75.4845809936524, 11.767081260681152], [75.4845809936524, 11.76736068725586], [75.48430633544933, 11.76736068725586], [75.48430633544933, 11.767641067504996], [75.48208618164062, 11.767641067504996], [75.48208618164062, 11.76736068725586], [75.48179626464855, 11.76736068725586], [75.48179626464855, 11.767081260681152], [75.4815292358399, 11.767083168029785], [75.4815292358399, 11.766804695129395], [75.48069763183588, 11.766804695129395], [75.48069763183588, 11.765973091125602], [75.47875213623058, 11.765973091125602], [75.47875213623058, 11.765138626098746], [75.47708129882812, 11.765140533447322], [75.47708129882812, 11.765421867370605], [75.47652435302734, 11.765417098999137], [75.47652435302734, 11.765694618225211], [75.47513580322277, 11.765689849853572], [75.47513580322277, 11.766530990600643], [75.47486114501959, 11.766529083252067], [75.47486114501959, 11.768195152282715], [75.47513580322277, 11.768195152282715], [75.47513580322277, 11.769582748413143], [75.47541809082031, 11.769582748413143], [75.47541809082031, 11.769861221313533], [75.47569274902355, 11.769861221313533], [75.47569274902355, 11.770421981811467], [75.4759750366211, 11.770417213439998], [75.4759750366211, 11.770694732666072], [75.47652435302734, 11.770694732666072], [75.47652435302734, 11.770971298217887], [75.47680664062506, 11.770971298217887], [75.47680664062506, 11.771251678466854], [75.4773559570313, 11.771251678466854], [75.4773559570313, 11.771530151367244], [75.47763824462885, 11.771530151367244], [75.47763824462885, 11.771809577941895], [75.47791290283209, 11.771804809570256], [75.47791290283209, 11.772083282470817], [75.47820281982433, 11.77208137512207], [75.47820281982433, 11.772640228271598], [75.47846984863281, 11.772640228271598], [75.47846984863281, 11.773193359375], [75.4790267944336, 11.773193359375], [75.4790267944336, 11.773470878601074], [75.47930908203136, 11.773470878601074], [75.47930908203136, 11.773749351501465], [75.47957611083984, 11.773749351501465], [75.47957611083984, 11.774029731750431], [75.47985839843756, 11.774029731750431], [75.47985839843756, 11.774310111999625], [75.48069763183588, 11.774306297302246], [75.48069763183588, 11.77458381652832], [75.4815292358399, 11.77458381652832], [75.4815292358399, 11.774306297302246], [75.48208618164062, 11.774310111999625], [75.48208618164062, 11.774029731750431], [75.4823684692384, 11.774029731750431], [75.4823684692384, 11.773749351501465], [75.48263549804688, 11.773749351501465], [75.48263549804688, 11.773470878601074], [75.48291778564459, 11.773470878601074], [75.48291778564459, 11.773193359375], [75.48319244384766, 11.773193359375], [75.48319244384766, 11.772917747497672], [75.48374938964838, 11.772917747497672], [75.48374938964838, 11.773193359375], [75.48430633544933, 11.773191452026424], [75.48430633544933, 11.773749351501465], [75.4845809936524, 11.773749351501465], [75.4845809936524, 11.774310111999625], [75.48430633544933, 11.774306297302246], [75.48430633544933, 11.774862289428711], [75.48401641845709, 11.774859428405819], [75.48401641845709, 11.775139808654785], [75.48374938964838, 11.775139808654785], [75.48374938964838, 11.77569961547863], [75.48430633544933, 11.77569580078125], [75.48430633544933, 11.775972366333065], [75.48652648925787, 11.775968551635685], [75.48652648925787, 11.776251792907772], [75.48680877685547, 11.776249885559139], [75.48680877685547, 11.777084350585994], [75.48652648925787, 11.777082443237418], [75.48652648925787, 11.777361869812125], [75.48625183105469, 11.777361869812125], [75.48625183105469, 11.77764034271246], [75.48541259765636, 11.77764034271246], [75.48541259765636, 11.777919769287166], [75.48513793945312, 11.77791786193859], [75.48513793945312, 11.778194427490178], [75.48486328125011, 11.778194427490178], [75.48486328125011, 11.778750419616642], [75.48513793945312, 11.778740882873535], [75.48513793945312, 11.77902984619152], [75.48568725585938, 11.77902984619152], [75.48568725585938, 11.779311180114803], [75.48625183105469, 11.779306411743107], [75.48625183105469, 11.779862403869629], [75.48652648925787, 11.779862403869629], [75.48652648925787, 11.782084465026912], [75.48680877685547, 11.782079696655273], [75.48680877685547, 11.78236007690441], [75.48735809326183, 11.78236007690441], [75.48735809326183, 11.782640457153377], [75.48764038085943, 11.782640457153377], [75.48764038085943, 11.782920837402344], [75.48792266845714, 11.782920837402344], [75.48792266845714, 11.784311294555664], [75.48764038085943, 11.784305572509709], [75.48764038085943, 11.784582138061523], [75.48708343505865, 11.784582138061523], [75.48708343505865, 11.783749580383244], [75.48596954345709, 11.783749580383244], [75.48596954345709, 11.784030914306697], [75.48513793945312, 11.784030914306697], [75.48513793945312, 11.784311294555664], [75.48402404785162, 11.784305572509709], [75.48402404785162, 11.784582138061523], [75.48374938964838, 11.784580230712947], [75.48374938964838, 11.785421371460018], [75.48402404785162, 11.785415649414062], [75.48402404785162, 11.785694122314453], [75.48430633544933, 11.785694122314453], [75.48430633544933, 11.785971641540527], [75.48401641845709, 11.785969734191951], [75.48401641845709, 11.786810874939079], [75.48430633544933, 11.786804199218807], [75.48430633544933, 11.787360191345272], [75.4845809936524, 11.787360191345272], [75.4845809936524, 11.787640571594238], [75.48486328125011, 11.787638664245662], [75.48486328125011, 11.788194656372127], [75.4845809936524, 11.788194656372127], [75.4845809936524, 11.788473129272518], [75.4856948852539, 11.788473129272518], [75.4856948852539, 11.788194656372127], [75.48596954345709, 11.788194656372127], [75.48596954345709, 11.788473129272518], [75.48625183105469, 11.788470268249455], [75.48625183105469, 11.789031028747615], [75.48652648925787, 11.789031028747615], [75.48652648925787, 11.789311408996582], [75.48680877685547, 11.789311408996582], [75.48680877685547, 11.789860725402775], [75.48764038085943, 11.789860725402775], [75.48764038085943, 11.79014110565197], [75.48792266845714, 11.79014110565197], [75.48792266845714, 11.79042053222662], [75.48819732666016, 11.79041671752924], [75.48819732666016, 11.79069519042963], [75.4887466430664, 11.79069519042963], [75.4887466430664, 11.790972709655762], [75.4895858764649, 11.790970802307129], [75.4895858764649, 11.791530609130973], [75.48986053466797, 11.791526794433594], [75.48986053466797, 11.792082786560115], [75.49069213867193, 11.792082786560115], [75.49069213867193, 11.791805267333984], [75.49096679687511, 11.791811943054256], [75.49096679687511, 11.791530609130973], [75.49124908447266, 11.791530609130973], [75.49124908447266, 11.791251182556096], [75.49153137207043, 11.791251182556096], [75.49153137207043, 11.790970802307129], [75.4926376342774, 11.790972709655762], [75.4926376342774, 11.79069519042963], [75.492919921875, 11.79069519042963], [75.492919921875, 11.79041671752924], [75.49375152587896, 11.79041671752924], [75.49375152587896, 11.79069519042963], [75.49402618408214, 11.790680885315055], [75.49402618408214, 11.791811943054256], [75.49375152587896, 11.791805267333984], [75.49375152587896, 11.793194770813045], [75.49402618408214, 11.793194770813045], [75.49402618408214, 11.793748855590934], [75.49430847167974, 11.793740272522086], [75.49430847167974, 11.7940292358399], [75.49458312988293, 11.7940292358399], [75.49458312988293, 11.794309616088867], [75.49514007568371, 11.794304847717399], [75.49514007568371, 11.79458332061779], [75.4959716796875, 11.794581413268986], [75.4959716796875, 11.794860839843864], [75.49624633789068, 11.794860839843864], [75.49624633789068, 11.795139312744254], [75.49652862548822, 11.795139312744254], [75.49652862548822, 11.795421600341797], [75.49680328369146, 11.795421600341797], [75.49680328369146, 11.795139312744254], [75.49764251708996, 11.795139312744254], [75.49764251708996, 11.794860839843864], [75.49791717529297, 11.794860839843864], [75.49791717529297, 11.794309616088867], [75.49819183349621, 11.794309616088867], [75.49819183349621, 11.793740272522086], [75.49874877929693, 11.793748855590934], [75.49874877929693, 11.793473243713436], [75.49930572509771, 11.793473243713436], [75.49930572509771, 11.793194770813045], [75.50013732910168, 11.793194770813045], [75.50013732910168, 11.793473243713436], [75.50041961669928, 11.793473243713436], [75.50041961669928, 11.797361373901367], [75.50013732910168, 11.797361373901367], [75.50013732910168, 11.798194885253906], [75.4998626708985, 11.798194885253906], [75.4998626708985, 11.798474311828613], [75.49903106689453, 11.798474311828613], [75.49903106689453, 11.798194885253906], [75.49874877929693, 11.798194885253906], [75.49874877929693, 11.797917366027832], [75.49847412109375, 11.797917366027832], [75.49847412109375, 11.798474311828613], [75.49819183349621, 11.798471450805721], [75.49819183349621, 11.799030303955078], [75.49791717529297, 11.799030303955078], [75.49791717529297, 11.799309730529728], [75.49764251708996, 11.79930496215826], [75.49764251708996, 11.79958343505865], [75.49652862548822, 11.79958343505865], [75.49652862548822, 11.79930496215826], [75.49624633789068, 11.799309730529728], [75.49624633789068, 11.799030303955078], [75.49569702148443, 11.799030303955078], [75.49569702148443, 11.798751831054688], [75.49514007568371, 11.798751831054688], [75.49514007568371, 11.798471450805721], [75.49458312988293, 11.798474311828613], [75.49458312988293, 11.798194885253906], [75.49319458007818, 11.798194885253906], [75.49319458007818, 11.797917366027832], [75.4926376342774, 11.797920227050895], [75.4926376342774, 11.797638893127441], [75.49124908447266, 11.797638893127441], [75.49124908447266, 11.797361373901367], [75.49069213867193, 11.797361373901367], [75.49069213867193, 11.797082901000977], [75.4904174804687, 11.797082901000977], [75.4904174804687, 11.796805381774902], [75.49014282226568, 11.796810150146541], [75.49014282226568, 11.79653167724615], [75.48902893066418, 11.79653167724615], [75.48902893066418, 11.796251296997184], [75.48764038085943, 11.796251296997184], [75.48764038085943, 11.79653167724615], [75.48707580566412, 11.79653167724615], [75.48707580566412, 11.796810150146541], [75.48680877685547, 11.796810150146541], [75.48680877685547, 11.797638893127441], [75.48652648925787, 11.797638893127441], [75.48652648925787, 11.798194885253906], [75.48625183105469, 11.798194885253906], [75.48625183105469, 11.798474311828613], [75.48596954345709, 11.798471450805721], [75.48596954345709, 11.798751831054688], [75.48625183105469, 11.798751831054688], [75.48625183105469, 11.799030303955078], [75.48596954345709, 11.799030303955078], [75.48596954345709, 11.799309730529728], [75.48568725585938, 11.799309730529728], [75.48568725585938, 11.799030303955078], [75.48541259765636, 11.799030303955078], [75.48541259765636, 11.798751831054688], [75.48319244384766, 11.798751831054688], [75.48319244384766, 11.798471450805721], [75.4826431274414, 11.798471450805721], [75.4826431274414, 11.798751831054688], [75.4823684692384, 11.798751831054688], [75.4823684692384, 11.799309730529728], [75.48097229003912, 11.799309730529728], [75.48097229003912, 11.800140380859432], [75.47957611083984, 11.800140380859432], [75.47957611083984, 11.800419807434082], [75.47791290283209, 11.800419807434082], [75.47791290283209, 11.800140380859432], [75.4773559570313, 11.800140380859432], [75.4773559570313, 11.800419807434082], [75.47708129882812, 11.800417900085506], [75.47708129882812, 11.800971031188908], [75.47680664062506, 11.800971031188908], [75.47680664062506, 11.802083969116154], [75.47652435302734, 11.802083969116154], [75.47652435302734, 11.802362442016715], [75.47569274902355, 11.802358627319393], [75.47569274902355, 11.802931785583496], [75.47541809082031, 11.802915573120117], [75.47541809082031, 11.803471565246582], [75.4743041992188, 11.803471565246582], [75.4743041992188, 11.800971031188908], [75.47458648681635, 11.800971031188908], [75.47458648681635, 11.799861907959041], [75.47486114501959, 11.799871444702148], [75.47486114501959, 11.799580574035588], [75.47541809082031, 11.79958343505865], [75.47541809082031, 11.79930496215826], [75.47569274902355, 11.799309730529728], [75.47569274902355, 11.799030303955078], [75.47708129882812, 11.799030303955078], [75.47708129882812, 11.799309730529728], [75.47930908203136, 11.799309730529728], [75.47930908203136, 11.799030303955078], [75.47957611083984, 11.799030303955078], [75.47957611083984, 11.798471450805721], [75.47985839843756, 11.798474311828613], [75.47985839843756, 11.797638893127441], [75.48042297363287, 11.797638893127441], [75.48042297363287, 11.796810150146541], [75.48069763183588, 11.796810150146541], [75.48069763183588, 11.79653167724615], [75.4812469482423, 11.79653167724615], [75.4812469482423, 11.796810150146541], [75.48180389404308, 11.796805381774902], [75.48180389404308, 11.797082901000977], [75.48236083984386, 11.797082901000977], [75.48236083984386, 11.796805381774902], [75.4826431274414, 11.796810150146541], [75.4826431274414, 11.79653167724615], [75.48374938964838, 11.79653167724615], [75.48374938964838, 11.796251296997184], [75.48430633544933, 11.796251296997184], [75.48430633544933, 11.795970916748047], [75.4845809936524, 11.795970916748047], [75.4845809936524, 11.79569530487072], [75.48486328125011, 11.79569530487072], [75.48486328125011, 11.795416831970329], [75.48513793945312, 11.795421600341797], [75.48513793945312, 11.794860839843864], [75.48541259765636, 11.794860839843864], [75.48541259765636, 11.794581413268986], [75.4856948852539, 11.79458332061779], [75.4856948852539, 11.794304847717399], [75.48596954345709, 11.794309616088867], [75.48596954345709, 11.7940292358399], [75.48625183105469, 11.7940292358399], [75.48625183105469, 11.793740272522086], [75.48596954345709, 11.793748855590934], [75.48596954345709, 11.793473243713436], [75.48625183105469, 11.793473243713436], [75.48625183105469, 11.79236125946045], [75.48680877685547, 11.79236125946045], [75.48680877685547, 11.791805267333984], [75.48652648925787, 11.791805267333984], [75.48652648925787, 11.792082786560115], [75.4856948852539, 11.792082786560115], [75.4856948852539, 11.791805267333984], [75.48541259765636, 11.791811943054256], [75.48541259765636, 11.791530609130973], [75.48486328125011, 11.791530609130973], [75.48486328125011, 11.790970802307129], [75.48430633544933, 11.790970802307129], [75.48430633544933, 11.791251182556096], [75.4845809936524, 11.791251182556096], [75.4845809936524, 11.791811943054256], [75.48486328125011, 11.791805267333984], [75.48486328125011, 11.79236125946045], [75.48401641845709, 11.79236125946045], [75.48401641845709, 11.792640686035156], [75.4823684692384, 11.792640686035156], [75.4823684692384, 11.79236125946045], [75.48180389404308, 11.79236125946045], [75.48180389404308, 11.791251182556096], [75.4812469482423, 11.791251182556096], [75.4812469482423, 11.790680885315055], [75.48069763183588, 11.79069519042963], [75.48069763183588, 11.79041671752924], [75.48042297363287, 11.79042053222662], [75.48042297363287, 11.79014110565197], [75.47985839843756, 11.79014110565197], [75.47985839843756, 11.789580345153809], [75.47958374023438, 11.789583206176871], [75.47958374023438, 11.78930473327631], [75.4790267944336, 11.789311408996582], [75.4790267944336, 11.788750648498592], [75.47875213623058, 11.788750648498592], [75.47875213623058, 11.787640571594238], [75.4790267944336, 11.787640571594238], [75.4790267944336, 11.786810874939079], [75.47875213623058, 11.786810874939079], [75.47875213623058, 11.786531448364371], [75.47820281982433, 11.786531448364371], [75.47820281982433, 11.785690307617301], [75.47791290283209, 11.785694122314453], [75.47791290283209, 11.784305572509709], [75.47820281982433, 11.784311294555664], [75.47820281982433, 11.782640457153377], [75.47846984863281, 11.782640457153377], [75.47846984863281, 11.78236007690441], [75.47875213623058, 11.78236007690441], [75.47875213623058, 11.782079696655273], [75.47958374023438, 11.782084465026912], [75.47958374023438, 11.781805992126522], [75.47985839843756, 11.781805992126522], [75.47985839843756, 11.780415534973201], [75.48014068603516, 11.78042030334484], [75.48014068603516, 11.780139923095703], [75.48042297363287, 11.780139923095703], [75.48042297363287, 11.779582023620605], [75.48069763183588, 11.779583930969238], [75.48069763183588, 11.779306411743107], [75.48042297363287, 11.779311180114803], [75.48042297363287, 11.77902984619152], [75.48014068603516, 11.77902984619152], [75.48014068603516, 11.778471946716252], [75.47958374023438, 11.778471946716252], [75.47958374023438, 11.778194427490178], [75.47930908203136, 11.778194427490178], [75.47930908203136, 11.77791786193859], [75.4790267944336, 11.777919769287166], [75.4790267944336, 11.77764034271246], [75.47875213623058, 11.77764034271246], [75.47875213623058, 11.777361869812125], [75.47846984863281, 11.777361869812125], [75.47846984863281, 11.777082443237418], [75.4781951904298, 11.777084350585994], [75.4781951904298, 11.776805877685604], [75.47791290283209, 11.776809692382812], [75.47791290283209, 11.776530265808105], [75.47763824462885, 11.776530265808105], [75.47763824462885, 11.776251792907772], [75.4773559570313, 11.776251792907772], [75.4773559570313, 11.775968551635685], [75.47680664062506, 11.775972366333065], [75.47680664062506, 11.77569580078125], [75.47651672363281, 11.77569961547863], [75.47651672363281, 11.775420188903752], [75.47569274902355, 11.775420188903752], [75.47569274902355, 11.775139808654785], [75.47486114501959, 11.775139808654785], [75.47486114501959, 11.774859428405819], [75.47374725341803, 11.774862289428711], [75.47374725341803, 11.77458381652832], [75.47319793701183, 11.77458381652832], [75.47319793701183, 11.774306297302246], [75.4729232788086, 11.774310111999625], [75.4729232788086, 11.773470878601074], [75.47264099121105, 11.773470878601074], [75.47264099121105, 11.77236080169672], [75.47235870361328, 11.77236080169672], [75.47235870361328, 11.771527290344352], [75.47207641601574, 11.771530151367244], [75.47207641601574, 11.770971298217887], [75.47180175781256, 11.770971298217887], [75.47180175781256, 11.770694732666072], [75.47152709960949, 11.770694732666072], [75.47152709960949, 11.770138740539608], [75.4712524414063, 11.7701416015625], [75.4712524414063, 11.769570350646973], [75.47097015380854, 11.769582748413143], [75.47097015380854, 11.768195152282715], [75.47069549560553, 11.768195152282715], [75.47069549560553, 11.767083168029785], [75.47041320800781, 11.767083168029785], [75.47041320800781, 11.766529083252067], [75.47013854980474, 11.766530990600643], [75.47013854980474, 11.765689849853572], [75.46958160400402, 11.765694618225211], [75.46958160400402, 11.765417098999137], [75.46930694580078, 11.765421867370605], [75.46930694580078, 11.765140533447322], [75.46901702880871, 11.765140533447322], [75.46901702880871, 11.764861106872615], [75.46875, 11.764861106872615], [75.46875, 11.764582633972282], [75.46819305419928, 11.764582633972282], [75.46819305419928, 11.76430511474615], [75.46791839599604, 11.76430511474615], [75.46791839599604, 11.764582633972282], [75.46736145019531, 11.764582633972282], [75.46736145019531, 11.764861106872615], [75.46708679199224, 11.764861106872615], [75.46708679199224, 11.765140533447322], [75.466796875, 11.765140533447322], [75.466796875, 11.765421867370605], [75.46652984619152, 11.765417098999137], [75.46652984619152, 11.765694618225211], [75.46624755859375, 11.765694618225211], [75.46624755859375, 11.765973091125602], [75.46597290039074, 11.765971183776799], [75.46597290039074, 11.766250610351676], [75.464859008789, 11.766250610351676], [75.464859008789, 11.765971183776799], [75.46430206298828, 11.765973091125602], [75.46430206298828, 11.765694618225211], [75.46347045898449, 11.765694618225211], [75.46347045898449, 11.765417098999137], [75.46319580078125, 11.765417098999137], [75.46319580078125, 11.765694618225211], [75.46263885498047, 11.765694618225211], [75.46263885498047, 11.765973091125602], [75.46152496337896, 11.765973091125602], [75.46152496337896, 11.765694618225211], [75.46097564697271, 11.765694618225211], [75.46097564697271, 11.765417098999137], [75.45986175537121, 11.765417098999137], [75.45986175537121, 11.765694618225211], [75.45958709716797, 11.765694618225211], [75.45958709716797, 11.766804695129395], [75.45903015136724, 11.766799926757926], [75.45903015136724, 11.76736068725586], [75.45874786376964, 11.76736068725586], [75.45874786376964, 11.767641067504996], [75.4581909179687, 11.76763916015625], [75.4581909179687, 11.768195152282715], [75.45789337158209, 11.768195152282715], [75.45777893066418, 11.768195152282715], [75.4576416015625, 11.768195152282715], [75.4576416015625, 11.768472671508789], [75.4573593139649, 11.768470764160213], [75.4573593139649, 11.76875114440918], [75.45680236816418, 11.76875114440918], [75.45680236816418, 11.769031524658317], [75.45625305175793, 11.769031524658317], [75.45625305175793, 11.769311904907283], [75.45569610595714, 11.769305229187069], [75.45569610595714, 11.769582748413143], [75.45541381835943, 11.769582748413143], [75.45541381835943, 11.769861221313533], [75.45485687255865, 11.769861221313533], [75.45485687255865, 11.7701416015625], [75.45458221435547, 11.7701416015625], [75.45458221435547, 11.769861221313533], [75.4543075561524, 11.769861221313533], [75.4543075561524, 11.7701416015625], [75.45375061035168, 11.770138740539608], [75.45375061035168, 11.770694732666072], [75.45347595214844, 11.77069091796875], [75.45347595214844, 11.771251678466854], [75.45375061035168, 11.771251678466854], [75.45375061035168, 11.771530151367244], [75.45403289794922, 11.771530151367244], [75.45403289794922, 11.771809577941895], [75.4543075561524, 11.771804809570256], [75.4543075561524, 11.773193359375], [75.45458221435547, 11.773193359375], [75.45458221435547, 11.773470878601074], [75.45458221435547, 11.774310111999625], [75.4543075561524, 11.774310111999625], [75.4543075561524, 11.775420188903752], [75.45458221435547, 11.775420188903752], [75.45458221435547, 11.77569961547863], [75.45485687255865, 11.77569961547863], [75.45485687255865, 11.776251792907772], [75.4551391601562, 11.776251792907772], [75.4551391601562, 11.776530265808105], [75.4554061889649, 11.776530265808105], [75.4554061889649, 11.776809692382812], [75.45597076416021, 11.776805877685604], [75.45597076416021, 11.777084350585994], [75.45652770996094, 11.777084350585994], [75.45652770996094, 11.77652835845953], [75.45680236816418, 11.776530265808105], [75.45680236816418, 11.776251792907772], [75.4576416015625, 11.776251792907772], [75.4576416015625, 11.775968551635685], [75.45819854736328, 11.775968551635685], [75.45819854736328, 11.776251792907772], [75.45903015136724, 11.776251792907772], [75.45903015136724, 11.776530265808105], [75.46013641357422, 11.776530265808105], [75.46013641357422, 11.776809692382812], [75.46041870117199, 11.776809692382812], [75.46041870117199, 11.77764034271246], [75.460693359375, 11.77764034271246], [75.460693359375, 11.777919769287166], [75.46041870117199, 11.77791786193859], [75.46041870117199, 11.778194427490178], [75.460693359375, 11.778194427490178], [75.460693359375, 11.778750419616642], [75.46098327636724, 11.778740882873535], [75.46098327636724, 11.779311180114803], [75.46125030517578, 11.779306411743107], [75.46125030517578, 11.779862403869629], [75.46151733398443, 11.779859542846737], [75.46151733398443, 11.780139923095703], [75.4618072509765, 11.780138015747127], [75.4618072509765, 11.780694007873592], [75.46208190917974, 11.780689239501896], [75.46208190917974, 11.781530380249023], [75.46236419677746, 11.781528472900447], [75.46236419677746, 11.782084465026912], [75.46263885498047, 11.782084465026912], [75.46263885498047, 11.78319358825695], [75.46290588378918, 11.783189773559627], [75.46290588378918, 11.783749580383244], [75.46319580078125, 11.783749580383244], [75.46319580078125, 11.785140991211051], [75.46347045898449, 11.785140991211051], [75.46347045898449, 11.786251068115234], [75.46319580078125, 11.786251068115234], [75.46319580078125, 11.786810874939079], [75.46347045898449, 11.786810874939079], [75.46347045898449, 11.791251182556096], [75.46319580078125, 11.791251182556096], [75.46319580078125, 11.793194770813045], [75.46291351318371, 11.793194770813045], [75.46291351318371, 11.793473243713436], [75.46319580078125, 11.793471336364803], [75.46319580078125, 11.794309616088867], [75.46291351318371, 11.794304847717399], [75.46291351318371, 11.79569530487072], [75.46319580078125, 11.79569053649908], [75.46319580078125, 11.796251296997184], [75.46347045898449, 11.796251296997184], [75.46347045898449, 11.796810150146541], [75.46375274658203, 11.796805381774902], [75.46375274658203, 11.797082901000977], [75.46347045898449, 11.7970809936524], [75.46347045898449, 11.799030303955078], [75.46319580078125, 11.799030303955078], [75.46319580078125, 11.800140380859432], [75.46290588378918, 11.800140380859432], [75.46290588378918, 11.800419807434082], [75.46263885498047, 11.800417900085506], [75.46263885498047, 11.800692558288517], [75.46236419677746, 11.800692558288517], [75.46236419677746, 11.800971031188908], [75.46208190917974, 11.800971031188908], [75.46208190917974, 11.801531791687069], [75.4618072509765, 11.80152797698986], [75.4618072509765, 11.802083969116154], [75.46151733398443, 11.802079200744686], [75.46151733398443, 11.802639961242619], [75.46125030517578, 11.802639961242619], [75.46125030517578, 11.803471565246582], [75.46098327636724, 11.803471565246582], [75.46098327636724, 11.80403041839594], [75.46041870117199, 11.804027557373104], [75.46041870117199, 11.805693626403922], [75.46013641357422, 11.805693626403922], [75.46013641357422, 11.805791854858455], [75.4603271484375, 11.806388854980469], [75.46306610107428, 11.810601234436035], [75.46840667724615, 11.810911178588867], [75.47454071044933, 11.812390327453613], [75.48092651367188, 11.816180229187012], [75.48689270019537, 11.81483078002924], [75.49581909179688, 11.818021774292049], [75.50070190429699, 11.81720066070568], [75.50116729736328, 11.821550369262752], [75.49694061279297, 11.82903003692627], [75.49252319335932, 11.829151153564453], [75.48937988281256, 11.824891090393066], [75.48674774169933, 11.827980995178223], [75.48671722412115, 11.833090782165584], [75.48900604248053, 11.838729858398551], [75.49682617187506, 11.840510368347282], [75.5003890991211, 11.842350959777832], [75.5034790039063, 11.845469474792594], [75.5016326904298, 11.850090980529785], [75.50184631347668, 11.85392856597906], [75.50299072265636, 11.863850593567008], [75.50627136230469, 11.872699737548885], [75.50672149658209, 11.879179954528752], [75.50599670410162, 11.88500118255621], [75.51272583007824, 11.890399932861328], [75.51624298095709, 11.895401000976506], [75.51180267333984, 11.90586185455328], [75.5061874389649, 11.908190727233944], [75.49788665771484, 11.908598899841309], [75.49164581298834, 11.907150268554744], [75.48117828369146, 11.898981094360408], [75.4767074584961, 11.898999214172363], [75.4640579223634, 11.918880462646541], [75.45938873291016, 11.92429065704357], [75.46689605712896, 11.926321983337402], [75.47020721435541, 11.930561065673942], [75.47680664062506, 11.931320190429688], [75.48195648193365, 11.934371948242188], [75.49677276611328, 11.948109626770076], [75.50138854980474, 11.951201438903865], [75.50057220458984, 11.960780143737793], [75.50298309326183, 11.967639923095703], [75.50528717041027, 11.971870422363395], [75.50488281250011, 11.977770805358944], [75.50621795654308, 11.98295974731451], [75.51001739501964, 11.983979225158691], [75.51522827148438, 11.983060836792106], [75.52340698242199, 11.983739852905273], [75.5366821289063, 11.986251831054688], [75.54234313964844, 11.985061645507756], [75.5445175170899, 11.977620124816951], [75.54457092285168, 11.97406005859375], [75.54425811767578, 11.970089912414664], [75.54133605957043, 11.966501235961971], [75.54292297363281, 11.96266937255865], [75.54573059082026, 11.960240364074707], [75.54924774169928, 11.961190223693961], [75.55155944824224, 11.967660903930721], [75.55332946777355, 11.970151901245117], [75.5578231811524, 11.973120689392147], [75.56046295166016, 11.976381301879883], [75.56450653076178, 11.9772310256958], [75.5705032348634, 11.977700233459473], [75.57684326171875, 11.975891113281193], [75.58271789550793, 11.976239204406738], [75.58815002441412, 11.975040435790959], [75.5939407348634, 11.976552009582633], [75.59577941894537, 11.972829818725586], [75.59506988525396, 11.967941284179688], [75.59921264648443, 11.966839790344352], [75.6026382446289, 11.968200683593807], [75.61110687255871, 11.973820686340389], [75.61604309082037, 11.973079681396598], [75.6200561523438, 11.978240013122615], [75.6238021850586, 11.98097133636486], [75.62931823730469, 11.98040962219244], [75.63465881347656, 11.980819702148551], [75.63848114013672, 11.981950759887752], [75.64559936523443, 11.995140075683707], [75.6528778076173, 12.002071380615348], [75.65399932861334, 12.006461143493652], [75.65725708007824, 12.012830734253043], [75.6602630615235, 12.014439582824764], [75.66831970214855, 12.011709213256779], [75.66915893554688, 12.01606273651123], [75.68015289306652, 12.029012680053825], [75.67794799804688, 12.031741142273006], [75.6778411865235, 12.035990715026912], [75.70419311523449, 12.054251670837516], [75.70948028564459, 12.058810234069824], [75.71386718750006, 12.060302734375057], [75.71705627441406, 12.062089920044002], [75.72805023193371, 12.064100265502987], [75.73435974121105, 12.067701339721737], [75.73890686035168, 12.07218170166027], [75.74294281005871, 12.071781158447266], [75.74758911132812, 12.073439598083553], [75.75190734863293, 12.077409744262638], [75.75813293457037, 12.07721042633051], [75.76296234130871, 12.078581809997615], [75.76788330078136, 12.077520370483342], [75.78370666503912, 12.076430320739746], [75.78958129882818, 12.074610710144043], [75.79534912109386, 12.074231147766227], [75.79968261718756, 12.071181297302303], [75.8016967773437, 12.06797885894781], [75.79618072509766, 12.049490928649846], [75.7932586669923, 12.047510147094727], [75.79785919189464, 12.04164123535162], [75.79857635498053, 12.039669990539664], [75.7981567382813, 12.032670974731502], [75.79995727539074, 12.030290603637809], [75.81019592285162, 12.024060249328727], [75.81199645996088, 12.021961212158146], [75.81191253662115, 12.01611042022705], [75.82353210449224, 12.009339332580566], [75.82662963867199, 12.005790710449332], [75.82752227783209, 12.002849578857536], [75.82375335693365, 11.99456977844244], [75.82359313964855, 11.99456977844244], [75.8243865966798, 11.984279632568416], [75.82697296142584, 11.977971076965332], [75.83058929443365, 11.974630355835018], [75.83969116210938, 11.972810745239315], [75.84443664550781, 11.970270156860352], [75.84657287597656, 11.964650154113826], [75.85108947753918, 11.957041740417594], [75.86589813232428, 11.94563007354742], [75.87674713134771, 11.940711975097713], [75.88330078125011, 11.93891239166254], [75.88968658447266, 11.938140869140568], [75.89444732666016, 11.936540603637752], [75.90379333496094, 11.934769630432129], [75.91543579101562, 11.934029579162598], [75.91963195800781, 11.93562126159668], [75.92518615722662, 11.932871818542424]]]}, "properties": {"id": "thalassery", "taluk_name": "Thalassery", "malayalam_name": "തലശ്ശേരി", "district_name": "Kannur", "district_id": "kannur", "elevation_m": 30, "slope_degrees": 3.0, "area_sq_km": 520, "centroid": {"lat": 11.75, "lng": 75.49}, "dominant_land_use": "Cashew, Rubber & Spice Gardens (Slope: 3.0°)", "soil_type": "Red Lateritic Soil & Coastal Sands", "rusle": {"R": 3456, "K": 0.024, "LS": 2.7, "C": 0.18, "P": 0.7, "A": 10.5}, "risk_category": "High", "time_series": {"2018": 13.1, "2019": 12.1, "2020": 9.7, "2021": 10.7, "2022": 9.9, "2023": 8.6, "2024": 10.5}, "conservation": ["Contour terracing suitable for 30m elevation zones", "Runoff control hedgerows across slopes > 5.0°"], "is_sample_data": true, "data_source": "Bundled GeoJSON (DEMO Mode)"}}, {"type": "Feature", "id": "taliparamba", "geometry": {"type": "Polygon", "coordinates": [[[75.50757, 12.04], [75.50669, 12.0653], [75.50012, 12.08988], [75.48838, 12.11249], [75.47243, 12.13227], [75.45333, 12.14878], [75.43197, 12.16191], [75.40899, 12.17164], [75.38485, 12.17781], [75.36, 12.18012], [75.33509, 12.17818], [75.31098, 12.17171], [75.2887, 12.16079], [75.26914, 12.1459], [75.25292, 12.12787], [75.24022, 12.10763], [75.23085, 12.08597], [75.2245, 12.06337], [75.22102, 12.04], [75.22064, 12.01597], [75.22392, 11.99156], [75.23162, 11.96751], [75.24428, 11.94503], [75.26188, 11.92564], [75.28373, 11.91081], [75.30846, 11.90152], [75.33441, 11.89805], [75.36, 11.89988], [75.38417, 11.90596], [75.40647, 11.91513], [75.42701, 11.92649], [75.44607, 11.93968], [75.46378, 11.95483], [75.47978, 11.97237], [75.49319, 11.99259], [75.50283, 12.01537], [75.50757, 12.04]]]}, "properties": {"id": "taliparamba", "taluk_name": "Taliparamba", "malayalam_name": "തളിപ്പറമ്പ്", "district_name": "Kannur", "district_id": "kannur", "elevation_m": 95, "slope_degrees": 6.5, "area_sq_km": 760, "centroid": {"lat": 12.04, "lng": 75.36}, "dominant_land_use": "Cashew, Rubber & Spice Gardens (Slope: 6.5°)", "soil_type": "Red Lateritic Soil & Coastal Sands", "rusle": {"R": 3708, "K": 0.024, "LS": 4.5, "C": 0.21, "P": 0.68, "A": 14.2}, "risk_category": "High", "time_series": {"2018": 17.8, "2019": 16.3, "2020": 13.1, "2021": 14.5, "2022": 13.3, "2023": 11.6, "2024": 14.2}, "conservation": ["Contour terracing suitable for 95m elevation zones", "Runoff control hedgerows across slopes > 5.0°"], "is_sample_data": true, "data_source": "Bundled GeoJSON (DEMO Mode)"}}, {"type": "Feature", "id": "iritty", "geometry": {"type": "Polygon", "coordinates": [[[75.8036, 11.98], [75.80275, 12.00462], [75.79635, 12.02855], [75.78493, 12.05056], [75.76941, 12.06981], [75.75082, 12.08588], [75.73003, 12.09866], [75.70767, 12.10813], [75.68418, 12.11414], [75.66, 12.11639], [75.63576, 12.11449], [75.6123, 12.10819], [75.59061, 12.09757], [75.57158, 12.08308], [75.5558, 12.06553], [75.54344, 12.04583], [75.53432, 12.02475], [75.52814, 12.00274], [75.52476, 11.98], [75.52438, 11.95661], [75.52758, 11.93285], [75.53507, 11.90944], [75.54739, 11.88756], [75.56452, 11.86869], [75.58578, 11.85425], [75.60985, 11.84521], [75.6351, 11.84183], [75.66, 11.84361], [75.68352, 11.84954], [75.70522, 11.85846], [75.7252, 11.86952], [75.74376, 11.88235], [75.76099, 11.8971], [75.77656, 11.91417], [75.78961, 11.93385], [75.79899, 11.95603], [75.8036, 11.98]]]}, "properties": {"id": "iritty", "taluk_name": "Iritty", "malayalam_name": "ഇരിട്ടി", "district_name": "Kannur", "district_id": "kannur", "elevation_m": 240, "slope_degrees": 14.0, "area_sq_km": 720, "centroid": {"lat": 11.98, "lng": 75.66}, "dominant_land_use": "Cashew, Rubber & Spice Gardens (Slope: 14.0°)", "soil_type": "Red Lateritic Soil & Coastal Sands", "rusle": {"R": 4248, "K": 0.024, "LS": 8.2, "C": 0.29, "P": 0.63, "A": 26.5}, "risk_category": "Severe", "time_series": {"2018": 33.1, "2019": 30.5, "2020": 24.4, "2021": 27.0, "2022": 24.9, "2023": 21.7, "2024": 26.5}, "conservation": ["Contour terracing suitable for 240m elevation zones", "Runoff control hedgerows across slopes > 10°"], "is_sample_data": true, "data_source": "Bundled GeoJSON (DEMO Mode)"}}, {"type": "Feature", "id": "payyannur", "geometry": {"type": "Polygon", "coordinates": [[[75.33714, 12.1], [75.33632, 12.1235], [75.3302, 12.14634], [75.3193, 12.16735], [75.30448, 12.18572], [75.28673, 12.20106], [75.26688, 12.21326], [75.24552, 12.2223], [75.22309, 12.22804], [75.2, 12.23018], [75.17685, 12.22837], [75.15445, 12.22236], [75.13374, 12.21222], [75.11557, 12.19839], [75.1005, 12.18164], [75.08869, 12.16284], [75.07998, 12.14271], [75.07408, 12.12171], [75.07085, 12.1], [75.07049, 12.07767], [75.07355, 12.055], [75.0807, 12.03265], [75.09246, 12.01177], [75.10882, 11.99375], [75.12913, 11.97997], [75.15211, 11.97134], [75.17622, 11.96812], [75.2, 11.96982], [75.22246, 11.97547], [75.24318, 11.98399], [75.26227, 11.99455], [75.27999, 12.00679], [75.29644, 12.02087], [75.31131, 12.03716], [75.32377, 12.05595], [75.33273, 12.07712], [75.33714, 12.1]]]}, "properties": {"id": "payyannur", "taluk_name": "Payyannur", "malayalam_name": "പയ്യന്നൂർ", "district_name": "Kannur", "district_id": "kannur", "elevation_m": 45, "slope_degrees": 4.0, "area_sq_km": 656, "centroid": {"lat": 12.1, "lng": 75.2}, "dominant_land_use": "Cashew, Rubber & Spice Gardens (Slope: 4.0°)", "soil_type": "Red Lateritic Soil & Coastal Sands", "rusle": {"R": 3528, "K": 0.024, "LS": 3.2, "C": 0.19, "P": 0.69, "A": 11.2}, "risk_category": "High", "time_series": {"2018": 14.0, "2019": 12.9, "2020": 10.3, "2021": 11.4, "2022": 10.5, "2023": 9.2, "2024": 11.2}, "conservation": ["Contour terracing suitable for 45m elevation zones", "Runoff control hedgerows across slopes > 5.0°"], "is_sample_data": true, "data_source": "Bundled GeoJSON (DEMO Mode)"}}, {"type": "Feature", "id": "kozhikode_t", "geometry": {"type": "MultiPolygon", "coordinates": [[[[75.83819580078125, 11.134310722351074], [75.83819580078125, 11.134030342102108], [75.83847045898466, 11.134030342102108], [75.83847045898466, 11.133749961853141], [75.83819580078125, 11.133749961853141], [75.83819580078125, 11.133099555969295], [75.83819580078125, 11.132639884948787], [75.83790588378935, 11.132641792297363], [75.83790588378935, 11.13182163238531], [75.83763885498053, 11.13182163238531], [75.83763885498053, 11.131250381469727], [75.8373565673831, 11.131250381469727], [75.8373565673831, 11.13069057464611], [75.83708190917974, 11.130694389343262], [75.83708190917974, 11.12986183166521], [75.83680725097656, 11.12986183166521], [75.83680725097656, 11.129305839538517], [75.83651733398443, 11.129309654235897], [75.83651733398443, 11.128761291503963], [75.83625030517595, 11.128761291503963], [75.83625030517595, 11.128190994262695], [75.83597564697277, 11.128195762634562], [75.83597564697277, 11.127915382385197], [75.83541870117216, 11.127920150757063], [75.83541870117216, 11.127641677856673], [75.8345794677735, 11.127641677856673], [75.8345794677735, 11.127359390258732], [75.83403015136724, 11.127362251281795], [75.83403015136724, 11.127082824707315], [75.83319091796892, 11.127082824707315], [75.83319091796892, 11.126805305481014], [75.83235931396513, 11.12681007385271], [75.83235931396513, 11.126529693603516], [75.831527709961, 11.12652683258085], [75.831527709961, 11.127082824707315], [75.8312530517581, 11.127082824707315], [75.8312530517581, 11.127630233764762], [75.83097076416021, 11.127641677856673], [75.83097076416021, 11.129030227661417], [75.8304061889649, 11.129030227661417], [75.8304061889649, 11.129309654235897], [75.83013916015642, 11.129305839538517], [75.83013916015642, 11.12986183166521], [75.83154296875006, 11.12986183166521], [75.83154296875006, 11.13041973114025], [75.83235931396513, 11.130417823791674], [75.83235931396513, 11.130694389343262], [75.83264160156267, 11.130694389343262], [75.83264160156267, 11.131250381469727], [75.83291625976568, 11.131250381469727], [75.83291625976568, 11.131527900696028], [75.83319091796892, 11.131527900696028], [75.83319091796892, 11.13182163238531], [75.83347320556646, 11.131806373596419], [75.83347320556646, 11.132083892822322], [75.83374786376947, 11.132083892822322], [75.83374786376947, 11.132362365722884], [75.83428955078153, 11.13236045837408], [75.83428955078153, 11.132920265197754], [75.83486175537138, 11.132916450500772], [75.83486175537138, 11.133193969726676], [75.83513641357439, 11.133193969726676], [75.83513641357439, 11.133472442627237], [75.83569335937517, 11.133469581604174], [75.83569335937517, 11.133749961853141], [75.83625030517595, 11.133749961853141], [75.83625030517595, 11.134030342102108], [75.8373565673831, 11.134030342102108], [75.8373565673831, 11.134310722351074], [75.83819580078125, 11.134310722351074]]], [[[75.81124877929688, 11.16180610656744], [75.81124877929688, 11.161527633667049], [75.81153106689459, 11.161529541015625], [75.81153106689459, 11.160689353943042], [75.81124877929688, 11.16069412231451], [75.81124877929688, 11.159584045410156], [75.8109741210938, 11.159584045410156], [75.8109741210938, 11.159305572509766], [75.81014251709001, 11.159310340881404], [75.81014251709001, 11.160420417785758], [75.8104095458985, 11.160420417785758], [75.8104095458985, 11.161529541015625], [75.8109741210938, 11.161527633667049], [75.8109741210938, 11.16180610656744], [75.81124877929688, 11.16180610656744]]], [[[76.02699279785173, 11.501959800720215], [76.0351867675783, 11.494860649108944], [76.0381622314456, 11.497941970825309], [76.04165649414062, 11.498681068420524], [76.04654693603527, 11.496290206909464], [76.05164337158209, 11.502361297607536], [76.05668640136747, 11.501241683960018], [76.06804656982428, 11.513649940490723], [76.07064819335938, 11.51375007629423], [76.08344268798845, 11.498981475830249], [76.08441162109392, 11.491400718688908], [76.08819580078125, 11.486551284790039], [76.08348083496094, 11.482030868530217], [76.08837127685541, 11.475290298462085], [76.09781646728521, 11.47363090515148], [76.10562133789068, 11.468190193176326], [76.1141967773438, 11.46516132354742], [76.12184143066412, 11.457309722900447], [76.12760162353521, 11.449070930480957], [76.13533782959001, 11.442711830139388], [76.13281249999994, 11.437210083008097], [76.1341094970706, 11.43041992187517], [76.13736724853544, 11.420240402221623], [76.134262084961, 11.41250038146984], [76.12576293945307, 11.4185209274292], [76.11104583740263, 11.400379180908374], [76.10459136962885, 11.403009414672852], [76.09889221191423, 11.401940345764217], [76.09966278076189, 11.39463996887207], [76.09424591064482, 11.3895006179809], [76.09288787841803, 11.377459526062182], [76.09416961669928, 11.363361358642521], [76.08870697021513, 11.354210853576888], [76.08654785156256, 11.346231460571346], [76.09140014648466, 11.333850860595703], [76.10510253906261, 11.326999664306868], [76.10875701904325, 11.330610275268725], [76.11061859130865, 11.329560279846191], [76.11006164550793, 11.324570655822697], [76.11186218261736, 11.320880889892578], [76.11181640625028, 11.316571235656795], [76.10859680175776, 11.31089973449707], [76.10074615478544, 11.307261466979924], [76.0832824707033, 11.303510665893498], [76.06431579589872, 11.287630081176758], [76.06507873535185, 11.278261184692553], [76.05577850341814, 11.273841857910156], [76.05053710937506, 11.267090797424373], [76.04379272460955, 11.261951446533203], [76.03837585449247, 11.259050369262923], [76.0301132202149, 11.260700225830192], [76.0202026367188, 11.26000022888195], [76.01383972167986, 11.261472702026424], [76.01000976562517, 11.263161659240893], [76.00097656250028, 11.253319740295467], [75.9965209960938, 11.251909255981388], [75.99275970458996, 11.249731063842717], [75.986869812012, 11.24586105346674], [75.98178863525408, 11.249421119689885], [75.97820281982428, 11.253190040588493], [75.96820831298822, 11.260419845581225], [75.9611129760745, 11.255560874939022], [75.95546722412126, 11.247619628906534], [75.95176696777372, 11.244590759277457], [75.94618988037115, 11.242651939392204], [75.92984008789091, 11.242220878601017], [75.92395782470697, 11.240930557251204], [75.9117660522461, 11.23139953613287], [75.90770721435575, 11.230520248413086], [75.8958129882813, 11.237441062927303], [75.89408111572266, 11.234601974487589], [75.89206695556669, 11.22631931304943], [75.89013671875006, 11.22427940368658], [75.88606262207048, 11.2226819992066], [75.88088226318376, 11.222250938415641], [75.87507629394543, 11.21924018859869], [75.87087249755865, 11.213741302490291], [75.86476898193365, 11.202121734619197], [75.85655975341803, 11.197259902954329], [75.85385131835943, 11.187891006469727], [75.85881805419928, 11.183911323547534], [75.8714218139649, 11.178470611572322], [75.87726593017595, 11.180390357971362], [75.88269042968756, 11.179560661315975], [75.88481140136747, 11.177671432495117], [75.88329315185575, 11.173521041870174], [75.87840270996111, 11.166250228881836], [75.86795806884771, 11.162509918212834], [75.86357116699224, 11.163221359252987], [75.85993957519531, 11.161609649658203], [75.85824584960943, 11.158070564270076], [75.8498306274414, 11.150341987610034], [75.84860992431669, 11.146800041199015], [75.84964752197271, 11.14319229126005], [75.84735870361334, 11.143195152282715], [75.84735870361334, 11.143472671509016], [75.84651947021479, 11.14346790313715], [75.84651947021479, 11.143759727478027], [75.84513854980497, 11.143759727478027], [75.84513854980497, 11.14346790313715], [75.84486389160173, 11.143472671509016], [75.84486389160173, 11.143195152282715], [75.84458160400419, 11.143195152282715], [75.84458160400419, 11.14263916015625], [75.84401702880888, 11.142641067505053], [75.84401702880888, 11.14236068725586], [75.84347534179682, 11.14236068725586], [75.84347534179682, 11.141806602478198], [75.84319305419928, 11.141811370849666], [75.84319305419928, 11.14153099060087], [75.84291839599626, 11.14153099060087], [75.84291839599626, 11.141250610351506], [75.8426361083985, 11.141250610351506], [75.8426361083985, 11.140970230102539], [75.84208679199247, 11.140973091125431], [75.84208679199247, 11.140693664550952], [75.84179687500017, 11.140701293945312], [75.84179687500017, 11.140420913696516], [75.84152984619169, 11.140420913696516], [75.84152984619169, 11.14014053344755], [75.84124755859375, 11.14014053344755], [75.84124755859375, 11.139579772949219], [75.84097290039091, 11.139584541320858], [75.84097290039091, 11.139027595520304], [75.84070587158209, 11.139031410217285], [75.84069061279303, 11.138750076294002], [75.84041595458979, 11.138750076294002], [75.84041595458979, 11.138469696044865], [75.84014129638678, 11.138471603393839], [75.84014129638678, 11.137915611267147], [75.83985900878906, 11.137921333312931], [75.83985900878906, 11.137631416321028], [75.839584350586, 11.137638092041072], [75.839584350586, 11.137361526489485], [75.83930206298845, 11.137361526489485], [75.83930206298845, 11.137082099914608], [75.83902740478527, 11.137082099914608], [75.83902740478527, 11.136528015136719], [75.83847045898466, 11.136529922485295], [75.83847045898466, 11.136249542236328], [75.83819580078125, 11.136249542236328], [75.83819580078125, 11.135972023010254], [75.83791351318388, 11.135972023010254], [75.83791351318388, 11.135693550109863], [75.83763885498053, 11.135693550109863], [75.83763885498053, 11.135416030883789], [75.83598327636747, 11.135420799255428], [75.83598327636747, 11.135140419006461], [75.83513641357439, 11.135140419006461], [75.83513641357439, 11.134860038757324], [75.83428955078153, 11.134860038757324], [75.83428955078153, 11.134570121765194], [75.83403015136724, 11.134584426879996], [75.83403015136724, 11.133193969726676], [75.83374786376947, 11.133193969726676], [75.83374786376947, 11.132916450500772], [75.83347320556646, 11.132920265197754], [75.83347320556646, 11.132641792297363], [75.83319091796892, 11.132641792297363], [75.83319091796892, 11.132081985473917], [75.83291625976568, 11.132083892822322], [75.83291625976568, 11.131806373596419], [75.83264160156267, 11.13182163238531], [75.83264160156267, 11.131527900696028], [75.83235931396513, 11.131527900696028], [75.83235931396513, 11.131250381469727], [75.83207702636736, 11.131250381469727], [75.83207702636736, 11.130971908569563], [75.8312530517581, 11.130971908569563], [75.8312530517581, 11.131250381469727], [75.82958221435564, 11.131250381469727], [75.82958221435564, 11.130694389343262], [75.8284759521485, 11.130694389343262], [75.8284759521485, 11.130140304565373], [75.82818603515653, 11.130140304565373], [75.82818603515653, 11.129581451416016], [75.82791900634771, 11.129584312438908], [75.82791900634771, 11.129305839538517], [75.82736206054693, 11.129309654235897], [75.82736206054693, 11.128761291503963], [75.82707977294922, 11.128761291503963], [75.82707977294922, 11.128471374511662], [75.82680511474615, 11.128471374511662], [75.82680511474615, 11.128195762634562], [75.82653045654314, 11.128195762634562], [75.82653045654314, 11.12763977050787], [75.82624816894543, 11.127641677856673], [75.82624816894543, 11.125691413879508], [75.82597351074236, 11.125693321228084], [75.82597351074236, 11.125416755676497], [75.82485961914068, 11.125416755676497], [75.82485961914068, 11.125970840454158], [75.8243026733399, 11.125970840454158], [75.8243026733399, 11.126249313354549], [75.82402801513672, 11.126249313354549], [75.82402801513672, 11.12681007385271], [75.82375335693365, 11.126805305481014], [75.82375335693365, 11.127082824707315], [75.82347106933611, 11.127080917358342], [75.82347106933611, 11.127641677856673], [75.82319641113293, 11.12763977050787], [75.82319641113293, 11.128195762634562], [75.8229064941408, 11.128190994262695], [75.8229064941408, 11.129309654235897], [75.82263946533232, 11.129305839538517], [75.82263946533232, 11.12986183166521], [75.82234954834001, 11.12986183166521], [75.82234954834001, 11.130140304565373], [75.82208251953153, 11.130140304565373], [75.82208251953153, 11.130971908569563], [75.82180786132818, 11.130971908569563], [75.82180786132818, 11.13182163238531], [75.82152557373075, 11.131806373596419], [75.82152557373075, 11.132083892822322], [75.8212509155274, 11.132083892822322], [75.8212509155274, 11.133189201355208], [75.82096862792963, 11.13320064544672], [75.82096862792963, 11.134030342102108], [75.82069396972662, 11.134028434753532], [75.82069396972662, 11.134584426879996], [75.82041931152361, 11.134570121765194], [75.82041931152361, 11.135420799255428], [75.82013702392584, 11.135416030883789], [75.82013702392584, 11.135693550109863], [75.81986236572283, 11.135691642761287], [75.81986236572283, 11.136249542236328], [75.81958007812528, 11.136249542236328], [75.81958007812528, 11.137082099914608], [75.81930541992205, 11.137082099914608], [75.81930541992205, 11.137638092041072], [75.81903076171903, 11.137631416321028], [75.81903076171903, 11.137921333312931], [75.81930541992205, 11.137915611267147], [75.81930541992205, 11.138194084167537], [75.81903076171903, 11.138190269470385], [75.81903076171903, 11.138750076294002], [75.81874847412115, 11.138750076294002], [75.81874847412115, 11.139031410217285], [75.81846618652372, 11.139031410217285], [75.81846618652372, 11.139310836792163], [75.81819152832037, 11.139310836792163], [75.81819152832037, 11.140420913696516], [75.81791687011713, 11.14041614532465], [75.81791687011713, 11.140973091125431], [75.81764221191412, 11.140970230102539], [75.81764221191412, 11.141250610351506], [75.81735992431658, 11.141250610351506], [75.81735992431658, 11.142082214355696], [75.81709289550793, 11.142080307006893], [75.81709289550793, 11.143759727478027], [75.8168029785158, 11.143759727478027], [75.8168029785158, 11.144030570983887], [75.81653594970732, 11.144030570983887], [75.81653594970732, 11.14514064788824], [75.81625366210955, 11.145138740539664], [75.81625366210955, 11.14569473266613], [75.815971374512, 11.145689964294661], [75.815971374512, 11.146250724792594], [75.81569671630865, 11.146250724792594], [75.81569671630865, 11.146529197692985], [75.81541442871122, 11.146529197692985], [75.81541442871122, 11.147083282470874], [75.81513977050787, 11.147083282470874], [75.81513977050787, 11.147360801696777], [75.8148574829101, 11.147360801696777], [75.8148574829101, 11.147921562194881], [75.81430816650408, 11.147916793823242], [75.81430816650408, 11.148470878601131], [75.8140258789063, 11.148470878601131], [75.8140258789063, 11.149031639099064], [75.8137512207033, 11.149031639099064], [75.8137512207033, 11.149312019348201], [75.81319427490251, 11.149305343627987], [75.81319427490251, 11.14958286285406], [75.81263732910156, 11.14958286285406], [75.81263732910156, 11.149861335754451], [75.81181335449213, 11.149861335754451], [75.81181335449213, 11.150140762329329], [75.81153106689459, 11.150140762329329], [75.81153106689459, 11.150420188903809], [75.81069183349626, 11.150417327880916], [75.81069183349626, 11.15069484710699], [75.81014251709001, 11.15069484710699], [75.81014251709001, 11.150973320007381], [75.80986022949247, 11.150971412658805], [75.80986022949247, 11.151250839233683], [75.80959320068365, 11.151250839233683], [75.80959320068365, 11.151529312133846], [75.80902862548834, 11.15152740478527], [75.80902862548834, 11.152083396911564], [75.80874633789091, 11.152083396911564], [75.80874633789091, 11.152360916137638], [75.80819702148438, 11.152360916137638], [75.80819702148438, 11.152919769287394], [75.80791473388678, 11.15291690826433], [75.80791473388678, 11.15319633483898], [75.80764007568376, 11.15319633483898], [75.80764007568376, 11.153470993041992], [75.80708312988298, 11.153470993041992], [75.80708312988298, 11.153610229492301], [75.80708312988298, 11.15402984619135], [75.80680847167997, 11.15402984619135], [75.80680847167997, 11.154310226440714], [75.80625152587919, 11.154305458068848], [75.80625152587919, 11.154862403869629], [75.80568695068388, 11.154862403869629], [75.80568695068388, 11.155141830444506], [75.80541992187506, 11.155141830444506], [75.80541992187506, 11.155420303344897], [75.80513763427729, 11.155420303344897], [75.80513763427729, 11.155699729919547], [75.8034744262697, 11.155693054199503], [75.8034744262697, 11.155971527099894], [75.80319213867216, 11.155971527099894], [75.80319213867216, 11.15625190734886], [75.8029174804688, 11.15625190734886], [75.8029174804688, 11.15653038024925], [75.80319213867216, 11.15653038024925], [75.80319213867216, 11.15680980682373], [75.80346679687517, 11.15680980682373], [75.80346679687517, 11.157361984253214], [75.80374908447294, 11.157361984253214], [75.80374908447294, 11.157640457153605], [75.80264282226591, 11.157640457153605], [75.80264282226591, 11.15792179107666], [75.80208587646479, 11.157917976379508], [75.80208587646479, 11.158193588257006], [75.80180358886724, 11.158193588257006], [75.80180358886724, 11.1587495803833], [75.80153656005876, 11.158740997314453], [75.80153656005876, 11.159310340881404], [75.80180358886724, 11.159305572509766], [75.80180358886724, 11.159859657287654], [75.80236053466803, 11.159859657287654], [75.80236053466803, 11.160140037536621], [75.8029174804688, 11.160140037536621], [75.8029174804688, 11.160420417785758], [75.80319213867216, 11.16041564941412], [75.80319213867216, 11.16069412231451], [75.8034744262697, 11.16069412231451], [75.8034744262697, 11.160971641540584], [75.80374908447294, 11.160969734192008], [75.80374908447294, 11.161250114440975], [75.8043060302735, 11.161250114440975], [75.8043060302735, 11.161529541015625], [75.80458068847673, 11.161527633667049], [75.80458068847673, 11.16180610656744], [75.80513763427729, 11.16180610656744], [75.80513763427729, 11.162083625793514], [75.8059692382813, 11.162083625793514], [75.8059692382813, 11.162362098693904], [75.8065261840822, 11.162360191345329], [75.8065261840822, 11.162639617919979], [75.80902862548834, 11.162639617919979], [75.80902862548834, 11.159310340881404], [75.80930328369169, 11.159310340881404], [75.80930328369169, 11.158740997314453], [75.80958557128906, 11.1587495803833], [75.80958557128906, 11.157917976379508], [75.80986022949247, 11.15792179107666], [75.80986022949247, 11.157640457153605], [75.81014251709001, 11.157640457153605], [75.81014251709001, 11.157361984253214], [75.81069183349626, 11.157361984253214], [75.81069183349626, 11.157084465026912], [75.81096649169928, 11.15708065032959], [75.81096649169928, 11.157361984253214], [75.81153106689459, 11.157361984253214], [75.81153106689459, 11.157640457153605], [75.81236267089872, 11.157640457153605], [75.81236267089872, 11.15792179107666], [75.81319427490251, 11.157917976379508], [75.81319427490251, 11.158193588257006], [75.81346893310558, 11.158193588257006], [75.81346893310558, 11.158472061157397], [75.8137512207033, 11.158472061157397], [75.8137512207033, 11.1587495803833], [75.81430816650408, 11.158740997314453], [75.81430816650408, 11.159029960632438], [75.81458282470709, 11.159029960632438], [75.81458282470709, 11.159310340881404], [75.81513977050787, 11.159305572509766], [75.81513977050787, 11.159584045410156], [75.815971374512, 11.159584045410156], [75.815971374512, 11.159859657287654], [75.81719207763689, 11.159859657287654], [75.81735992431658, 11.159859657287654], [75.81735992431658, 11.159584045410156], [75.81764221191412, 11.159584045410156], [75.81764221191412, 11.159028053283862], [75.81819152832037, 11.159029960632438], [75.81819152832037, 11.158740997314453], [75.81847381591825, 11.1587495803833], [75.81847381591825, 11.158472061157397], [75.81874847412115, 11.158472061157397], [75.81874847412115, 11.157917976379508], [75.81903076171903, 11.15792179107666], [75.81903076171903, 11.157640457153605], [75.8193130493164, 11.157640457153605], [75.8193130493164, 11.157361984253214], [75.81958007812528, 11.157361984253214], [75.81958007812528, 11.157084465026912], [75.82013702392584, 11.157084465026912], [75.82013702392584, 11.156805992126749], [75.82096862792963, 11.15680980682373], [75.82096862792963, 11.15653038024925], [75.82180786132818, 11.15653038024925], [75.82180786132818, 11.15625190734886], [75.82234954834001, 11.15625190734886], [75.82234954834001, 11.155971527099894], [75.82319641113293, 11.155971527099894], [75.82319641113293, 11.15625190734886], [75.82347106933611, 11.15625190734886], [75.82347106933611, 11.15653038024925], [75.82375335693365, 11.15653038024925], [75.82375335693365, 11.15680980682373], [75.8243026733399, 11.156805992126749], [75.8243026733399, 11.157084465026912], [75.82457733154325, 11.15708065032959], [75.82457733154325, 11.157361984253214], [75.82485961914068, 11.157361984253214], [75.82485961914068, 11.157640457153605], [75.82514190673857, 11.157637596130542], [75.82514190673857, 11.158193588257006], [75.82569122314482, 11.158193588257006], [75.82569122314482, 11.1587495803833], [75.82624816894543, 11.1587495803833], [75.82624816894543, 11.158472061157397], [75.82680511474615, 11.158472061157397], [75.82680511474615, 11.158193588257006], [75.82875061035185, 11.158193588257006], [75.82875061035185, 11.158472061157397], [75.82819366455107, 11.158472061157397], [75.82819366455107, 11.1587495803833], [75.82791900634771, 11.158740997314453], [75.82791900634771, 11.159029960632438], [75.82763671874994, 11.159029960632438], [75.82763671874994, 11.159310340881404], [75.82736206054693, 11.159305572509766], [75.82736206054693, 11.15986156463623], [75.82707977294922, 11.159859657287654], [75.82707977294922, 11.160420417785758], [75.82680511474615, 11.16041564941412], [75.82680511474615, 11.16069412231451], [75.82707977294922, 11.16069412231451], [75.82707977294922, 11.160971641540584], [75.82736206054693, 11.160969734192008], [75.82736206054693, 11.161529541015625], [75.82763671874994, 11.161527633667049], [75.82763671874994, 11.16180610656744], [75.82736206054693, 11.16180610656744], [75.82736206054693, 11.162083625793514], [75.82514190673857, 11.162083625793514], [75.82514190673857, 11.161527633667049], [75.82457733154325, 11.161529541015625], [75.82457733154325, 11.161250114440975], [75.8243026733399, 11.161250114440975], [75.8243026733399, 11.160689353943042], [75.82402801513672, 11.16069412231451], [75.82402801513672, 11.160140037536621], [75.82375335693365, 11.160140037536621], [75.82375335693365, 11.159029960632438], [75.82347106933611, 11.159029960632438], [75.82347106933611, 11.158740997314453], [75.82375335693365, 11.1587495803833], [75.82375335693365, 11.158193588257006], [75.82347106933611, 11.158193588257006], [75.82347106933611, 11.157917976379508], [75.82319641113293, 11.15792179107666], [75.82319641113293, 11.157361984253214], [75.8229064941408, 11.157361984253214], [75.8229064941408, 11.15708065032959], [75.82263946533232, 11.157084465026912], [75.82263946533232, 11.156805992126749], [75.82208251953153, 11.156805992126749], [75.82208251953153, 11.157084465026912], [75.82180786132818, 11.157084465026912], [75.82180786132818, 11.157361984253214], [75.8212509155274, 11.157361984253214], [75.8212509155274, 11.157640457153605], [75.82096862792963, 11.157640457153605], [75.82096862792963, 11.15792179107666], [75.82069396972662, 11.157917976379508], [75.82069396972662, 11.158193588257006], [75.82041931152361, 11.158193588257006], [75.82041931152361, 11.158472061157397], [75.82013702392584, 11.158472061157397], [75.82013702392584, 11.1587495803833], [75.81986236572283, 11.158740997314453], [75.81986236572283, 11.159029960632438], [75.81958007812528, 11.159029960632438], [75.81958007812528, 11.159310340881404], [75.81930541992205, 11.159305572509766], [75.81930541992205, 11.159584045410156], [75.81903076171903, 11.159579277038858], [75.81903076171903, 11.160140037536621], [75.81874847412115, 11.160140037536621], [75.81874847412115, 11.161250114440975], [75.81847381591825, 11.161250114440975], [75.81847381591825, 11.16180610656744], [75.81735992431658, 11.16180610656744], [75.81735992431658, 11.161527633667049], [75.81709289550793, 11.161529541015625], [75.81709289550793, 11.161250114440975], [75.81675720214872, 11.161250114440975], [75.81569671630865, 11.161250114440975], [75.81569671630865, 11.160969734192008], [75.8148574829101, 11.160971641540584], [75.8148574829101, 11.16069412231451], [75.8140258789063, 11.16069412231451], [75.8140258789063, 11.16041564941412], [75.8137512207033, 11.160420417785758], [75.8137512207033, 11.160140037536621], [75.81347656250028, 11.160140037536621], [75.81347656250028, 11.159859657287654], [75.81319427490251, 11.15986156463623], [75.81319427490251, 11.159584045410156], [75.8129196166995, 11.159584045410156], [75.8129196166995, 11.159305572509766], [75.81236267089872, 11.159305572509766], [75.81236267089872, 11.162362098693904], [75.81263732910156, 11.162360191345329], [75.81263732910156, 11.162639617919979], [75.8129196166995, 11.162637710571403], [75.8129196166995, 11.163193702697697], [75.81319427490251, 11.163193702697697], [75.81318664550798, 11.16486930847185], [75.81318664550798, 11.165140151977482], [75.81346893310558, 11.165138244628906], [75.81346893310558, 11.165694236755371], [75.8137512207033, 11.165694236755371], [75.8137512207033, 11.165971755981673], [75.8140258789063, 11.165971755981673], [75.8140258789063, 11.166250228881836], [75.81430816650408, 11.166250228881836], [75.81430816650408, 11.16653060913103], [75.81458282470709, 11.16653060913103], [75.81458282470709, 11.166810989379996], [75.81513977050787, 11.166810989379996], [75.81513977050787, 11.16792964935297], [75.81541442871122, 11.167916297912882], [75.81541442871122, 11.168750762939737], [75.81569671630865, 11.168747901916674], [75.81569671630865, 11.169862747192496], [75.815971374512, 11.169860839843693], [75.815971374512, 11.170695304870549], [75.81624603271501, 11.170680999755973], [75.81624603271501, 11.171530723571891], [75.81653594970732, 11.171530723571891], [75.81653594970732, 11.171809196472282], [75.8168029785158, 11.171805381774902], [75.8168029785158, 11.172361373901595], [75.81709289550793, 11.172361373901595], [75.81709289550793, 11.172638893127498], [75.81764221191412, 11.172638893127498], [75.81764221191412, 11.172919273376465], [75.81819152832037, 11.17291736602806], [75.81819152832037, 11.173194885253963], [75.81847381591825, 11.173194885253963], [75.81847381591825, 11.173473358154354], [75.81903076171903, 11.173473358154354], [75.81903076171903, 11.173750877380428], [75.81958007812528, 11.173740386963004], [75.81958007812528, 11.174031257629395], [75.82013702392584, 11.174027442932413], [75.82013702392584, 11.174583435058707], [75.82041931152361, 11.174580574035645], [75.82041931152361, 11.175141334533748], [75.82068634033209, 11.175141334533748], [75.82068634033209, 11.175421714782715], [75.82096862792963, 11.175416946411246], [75.82096862792963, 11.175971031188965], [75.8212509155274, 11.175971031188965], [75.8212509155274, 11.17681026458746], [75.82153320312494, 11.17681026458746], [75.82153320312494, 11.177641868591252], [75.82208251953153, 11.17763900756836], [75.82208251953153, 11.178193092346248], [75.8223648071289, 11.178193092346248], [75.8223648071289, 11.178473472595215], [75.8229064941408, 11.178470611572322], [75.8229064941408, 11.178750991821516], [75.82347106933611, 11.178750991821516], [75.82347106933611, 11.179030418395996], [75.82875061035185, 11.179030418395996], [75.82875061035185, 11.179309844970874], [75.82902526855486, 11.179305076599178], [75.82902526855486, 11.180695533752726], [75.82514190673857, 11.180695533752726], [75.82514190673857, 11.180971145629826], [75.82347106933611, 11.18096923828125], [75.82347106933611, 11.18125152587919], [75.82234954834001, 11.18125152587919], [75.82234954834001, 11.181531906127987], [75.82153320312494, 11.181531906127987], [75.82153320312494, 11.181810379028548], [75.82096862792963, 11.181805610656681], [75.82096862792963, 11.182084083557072], [75.82013702392584, 11.182084083557072], [75.82013702392584, 11.181805610656681], [75.8193130493164, 11.181810379028548], [75.8193130493164, 11.181531906127987], [75.81874847412115, 11.181531906127987], [75.81874847412115, 11.18125152587919], [75.81846618652372, 11.18125152587919], [75.81846618652372, 11.18096923828125], [75.81764221191412, 11.180971145629826], [75.81764221191412, 11.180695533752726], [75.81708526611334, 11.180695533752726], [75.81708526611334, 11.180418014526424], [75.81624603271501, 11.180419921875227], [75.81624603271501, 11.180138587951774], [75.81569671630865, 11.180138587951774], [75.81569671630865, 11.179870605468807], [75.81513977050787, 11.179870605468807], [75.81513977050787, 11.179580688476506], [75.81458282470709, 11.17958259582548], [75.81458282470709, 11.179305076599178], [75.8140258789063, 11.179309844970874], [75.8140258789063, 11.178750991821516], [75.8137512207033, 11.178750991821516], [75.8137512207033, 11.178191184997672], [75.81346893310558, 11.178193092346248], [75.81346893310558, 11.177083015441895], [75.81319427490251, 11.177083015441895], [75.81319427490251, 11.176804542541504], [75.8129196166995, 11.17681026458746], [75.8129196166995, 11.176531791687069], [75.81263732910156, 11.176531791687069], [75.81263732910156, 11.175971031188965], [75.81236267089872, 11.175971031188965], [75.81236267089872, 11.175695419311637], [75.81208038330084, 11.175695419311637], [75.81208038330084, 11.175139427185172], [75.81153106689459, 11.175141334533748], [75.81153106689459, 11.174580574035645], [75.81124877929688, 11.174583435058707], [75.81124877929688, 11.17125129699724], [75.81096649169928, 11.17125129699724], [75.81096649169928, 11.170970916748047], [75.81069183349626, 11.17097282409685], [75.81069183349626, 11.170695304870549], [75.81014251709001, 11.170695304870549], [75.81014251709001, 11.170416831970385], [75.80986022949247, 11.170420646667537], [75.80986022949247, 11.169862747192496], [75.80959320068365, 11.169862747192496], [75.80959320068365, 11.169580459594727], [75.80930328369169, 11.169583320617619], [75.80930328369169, 11.168473243713436], [75.80902862548834, 11.168473243713436], [75.80902862548834, 11.166250228881836], [75.80874633789091, 11.166250228881836], [75.80874633789091, 11.165971755981673], [75.80819702148438, 11.165971755981673], [75.80819702148438, 11.16541576385498], [75.80764007568376, 11.165420532226847], [75.80764007568376, 11.165140151977482], [75.80697631835943, 11.165140151977482], [75.80680847167997, 11.165140151977482], [75.80680847167997, 11.164990425109977], [75.80680847167997, 11.164859771728516], [75.80664825439482, 11.164864540100382], [75.80625152587919, 11.16486930847185], [75.80625152587919, 11.164580345153865], [75.80569458007841, 11.164582252502441], [75.80569458007841, 11.164305686950627], [75.80458068847673, 11.164311408996582], [75.80458068847673, 11.163749694824162], [75.8043060302735, 11.163749694824162], [75.8043060302735, 11.163470268249512], [75.80374908447294, 11.163472175598258], [75.80374908447294, 11.163193702697697], [75.8034744262697, 11.163193702697697], [75.8034744262697, 11.162916183471793], [75.8029174804688, 11.162920951843262], [75.8029174804688, 11.162639617919979], [75.80208587646479, 11.162637710571403], [75.80208587646479, 11.163193702697697], [75.80236053466803, 11.163191795349121], [75.80236053466803, 11.164311408996582], [75.80208587646479, 11.164311408996582], [75.80208587646479, 11.165140151977482], [75.80179595947271, 11.165140151977482], [75.80179595947271, 11.165420532226847], [75.80152893066423, 11.16541576385498], [75.80152893066423, 11.165971755981673], [75.80124664306646, 11.16596984863287], [75.80124664306646, 11.166810989379996], [75.80097198486345, 11.166810989379996], [75.80097198486345, 11.167640686035384], [75.80069732666044, 11.167640686035384], [75.80069732666044, 11.169031143188704], [75.8004226684572, 11.169031143188704], [75.8004226684572, 11.170141220093058], [75.80014038085966, 11.170139312744084], [75.80014038085966, 11.170695304870549], [75.79985809326172, 11.170680999755973], [75.79985809326172, 11.171530723571891], [75.79957580566435, 11.171530723571891], [75.79957580566435, 11.171809196472282], [75.79985809326172, 11.171805381774902], [75.79985809326172, 11.172361373901595], [75.79958343505888, 11.172361373901595], [75.79958343505888, 11.173194885253963], [75.79930877685553, 11.173194885253963], [75.79930877685553, 11.173473358154354], [75.79902648925776, 11.173473358154354], [75.79902648925776, 11.173750877380428], [75.79875183105474, 11.173740386963004], [75.79875183105474, 11.174031257629395], [75.79846954345703, 11.174027442932413], [75.79846954345703, 11.174583435058707], [75.7981796264649, 11.174580574035645], [75.79819488525396, 11.174860954284782], [75.79763793945324, 11.174860954284782], [75.79763793945324, 11.175695419311637], [75.79792022705095, 11.175690650939998], [75.79792022705095, 11.177641868591252], [75.79736328125017, 11.17763900756836], [75.79736328125017, 11.178473472595215], [75.79708099365263, 11.178470611572322], [75.79708099365263, 11.179030418395996], [75.79680633544922, 11.179030418395996], [75.79680633544922, 11.180138587951774], [75.79651641845732, 11.180138587951774], [75.79651641845732, 11.180419921875227], [75.79680633544922, 11.180418014526424], [75.79680633544922, 11.180695533752726], [75.79651641845732, 11.18069076538086], [75.79651641845732, 11.18125152587919], [75.7962493896485, 11.18125152587919], [75.7962493896485, 11.181531906127987], [75.79596710205107, 11.181531906127987], [75.79596710205107, 11.18264198303234], [75.79569244384771, 11.182640075683537], [75.79569244384771, 11.18375015258789], [75.79541778564453, 11.18375015258789], [75.79541778564453, 11.184862136841048], [75.79514312744146, 11.184860229492244], [75.79514312744146, 11.185139656066951], [75.79486083984392, 11.185137748718546], [75.79486083984392, 11.18569374084484], [75.79458618164074, 11.185680389404354], [75.79458618164074, 11.186249732971305], [75.79429626464861, 11.186249732971305], [75.79429626464861, 11.186530113220272], [75.79402923584013, 11.186530113220272], [75.79402923584013, 11.187640190124625], [75.79374694824236, 11.187640190124625], [75.79374694824236, 11.188471794128418], [75.79347229003935, 11.188471794128418], [75.79347229003935, 11.189029693603459], [75.793197631836, 11.189027786254883], [75.793197631836, 11.189583778381348], [75.79291534423857, 11.189583778381348], [75.79291534423857, 11.190693855285701], [75.79264068603521, 11.190693855285701], [75.79264068603521, 11.191249847412166], [75.79236602783203, 11.191249847412166], [75.79236602783203, 11.19153118133545], [75.79208374023443, 11.191528320312557], [75.79208374023443, 11.192084312439022], [75.79180908203142, 11.192079544067383], [75.79180908203142, 11.192641258239803], [75.79152679443365, 11.19263839721674], [75.79152679443365, 11.193194389343205], [75.79125213623064, 11.193189620971737], [75.79125213623064, 11.19402885437006], [75.7909698486331, 11.19402885437006], [75.7909698486331, 11.19458198547386], [75.79070281982422, 11.194580078125057], [75.79070281982422, 11.195140838623217], [75.79041290283232, 11.195140838623217], [75.79041290283232, 11.195421218872184], [75.79070281982422, 11.195421218872184], [75.79070281982422, 11.196531295776538], [75.79041290283232, 11.196531295776538], [75.79041290283232, 11.196810722351017], [75.79013824462896, 11.196806907654036], [75.79013824462896, 11.197083473205623], [75.78985595703153, 11.197079658508471], [75.78985595703153, 11.197641372680891], [75.78958129882818, 11.197639465332088], [75.78958129882818, 11.19791698455839], [75.78986358642607, 11.19791698455839], [75.78986358642607, 11.19819545745878], [75.78958129882818, 11.19819545745878], [75.78958129882818, 11.198472976684684], [75.78930664062494, 11.19847106933588], [75.78930664062494, 11.199030876159725], [75.7890243530274, 11.199028968811149], [75.7890243530274, 11.199583053589038], [75.78874969482439, 11.199580192565975], [75.78874969482439, 11.200140953064079], [75.78847503662115, 11.200139045715332], [75.78847503662115, 11.200972557067871], [75.78819274902361, 11.200970649719295], [75.78819274902361, 11.201531410217228], [75.7879180908206, 11.20152664184576], [75.7879180908206, 11.202082633972225], [75.78763580322283, 11.202080726623649], [75.78763580322283, 11.202921867370549], [75.78736114501982, 11.20291709899908], [75.78736114501982, 11.203473091125545], [75.78708648681646, 11.20347118377697], [75.78708648681646, 11.20404052734375], [75.78680419921903, 11.204027175903434], [75.78680419921903, 11.204583168029728], [75.78708648681646, 11.204581260681152], [75.78708648681646, 11.205142021179256], [75.7867965698245, 11.205142021179256], [75.7867965698245, 11.205419540405558], [75.78652954101568, 11.205416679382495], [75.78652954101568, 11.205693244934082], [75.78623962402372, 11.205691337585506], [75.78623962402372, 11.206249237060547], [75.78652954101568, 11.206249237060547], [75.78652954101568, 11.206529617309513], [75.78623962402372, 11.206529617309513], [75.78623962402372, 11.207639694213867], [75.7859725952149, 11.207639694213867], [75.7859725952149, 11.207921981811637], [75.78569793701189, 11.207921981811637], [75.78569793701189, 11.208751678467024], [75.78541564941412, 11.208748817443961], [75.78541564941412, 11.209584236145076], [75.78514099121111, 11.209581375122013], [75.78514099121111, 11.210419654846248], [75.7848587036134, 11.210417747497672], [75.7848587036134, 11.211250305175724], [75.7845764160158, 11.211250305175724], [75.7845764160158, 11.211529731750602], [75.78430938720732, 11.211527824402026], [75.78430175781278, 11.21291637420677], [75.78402709960938, 11.21291637420677], [75.78402709960938, 11.213193893432674], [75.78375244140653, 11.213191032409782], [75.78375244140653, 11.213751792907715], [75.78347015380865, 11.213749885559139], [75.78347015380865, 11.214584350585994], [75.78320312499994, 11.214578628540039], [75.78320312499994, 11.21514034271246], [75.78291320800787, 11.21514034271246], [75.78291320800787, 11.216250419616813], [75.78263854980469, 11.216250419616813], [75.78263854980469, 11.217082023620605], [75.78235626220709, 11.217082023620605], [75.78235626220709, 11.217639923095646], [75.78208160400408, 11.217639923095646], [75.78208160400408, 11.2179212570191], [75.7818069458009, 11.217915534973145], [75.7818069458009, 11.218194007873535], [75.78151702880876, 11.218190193176383], [75.78151702880876, 11.21931076049816], [75.78125000000028, 11.219305992126692], [75.78125000000028, 11.22097206115751], [75.78098297119146, 11.220970153808537], [75.78098297119146, 11.221811294555664], [75.7806930541995, 11.221811294555664], [75.7806930541995, 11.222640991211222], [75.78041839599615, 11.222639083862248], [75.78041839599615, 11.223472595215014], [75.78013610839872, 11.223469734191951], [75.78013610839872, 11.224310874939022], [75.77986145019537, 11.224305152893066], [75.77986145019537, 11.224861145019759], [75.77958679199219, 11.224851608276424], [75.77958679199219, 11.225420951843205], [75.77930450439459, 11.225417137146223], [75.77930450439459, 11.225973129272518], [75.77902984619158, 11.225971221924112], [75.77902984619158, 11.226531028747559], [75.7787475585938, 11.226529121398983], [75.7787475585938, 11.227083206176871], [75.7784729003908, 11.227081298828068], [75.7784729003908, 11.230140686035327], [75.77819824218778, 11.230138778686523], [75.77819824218778, 11.230694770812988], [75.77791595459001, 11.230690956115836], [75.77791595459001, 11.23125076293968], [75.777641296387, 11.23125076293968], [75.777641296387, 11.231529235839844], [75.77735900878912, 11.231529235839844], [75.77735900878912, 11.232083320617733], [75.77707672119169, 11.232081413269157], [75.77707672119169, 11.232360839844034], [75.77680206298834, 11.232360839844034], [75.77680206298834, 11.232919692993391], [75.7765274047851, 11.232916831970499], [75.7765274047851, 11.234026908874682], [75.77625274658209, 11.234026908874682], [75.77625274658209, 11.234582901001147], [75.77597045898455, 11.234580993652344], [75.77597045898455, 11.235420227051065], [75.77541351318376, 11.2354154586792], [75.77541351318376, 11.235971450805891], [75.77513885498075, 11.235971450805891], [75.77513885498075, 11.236809730529899], [75.77485656738298, 11.236809730529899], [75.77485656738298, 11.237919807434082], [75.77458190917997, 11.237917900085506], [75.77458190917997, 11.238471984863565], [75.77429962158203, 11.238471984863565], [75.77429962158203, 11.239310264587402], [75.77402496337919, 11.239306449890421], [75.77402496337919, 11.239862442016715], [75.77375030517584, 11.239859580993652], [75.77375030517584, 11.240420341491756], [75.77348327636719, 11.240420341491756], [75.77348327636719, 11.24153041839611], [75.77319335937506, 11.241527557373047], [75.77319335937506, 11.242083549499512], [75.77291870117205, 11.242081642150936], [75.77291870117205, 11.24374961853033], [75.77263641357428, 11.24374961853033], [75.77263641357428, 11.245140075683878], [75.77236175537126, 11.245140075683878], [75.77236175537126, 11.246530532837198], [75.77208709716825, 11.246530532837198], [75.77208709716825, 11.247920989990348], [75.77179718017595, 11.247920989990348], [75.77179718017595, 11.248750686645735], [75.77153015136747, 11.248750686645735], [75.77153015136747, 11.249311447143668], [75.77124023437517, 11.249311447143668], [75.77124023437517, 11.250141143799055], [75.77097320556669, 11.250139236450252], [75.77097320556669, 11.250972747802848], [75.7706909179688, 11.250972747802848], [75.7706909179688, 11.251811027526855], [75.77041625976557, 11.251811027526855], [75.77041625976557, 11.252640724182243], [75.77014160156256, 11.252638816833496], [75.77014160156256, 11.253473281860352], [75.76985931396484, 11.253471374511946], [75.76985931396484, 11.25431156158453], [75.76957702636724, 11.25431156158453], [75.76957702636724, 11.255152702331657], [75.76930236816423, 11.25513935089117], [75.76930236816423, 11.2562513351441], [75.76902770996105, 11.2562513351441], [75.76902770996105, 11.258193016052246], [75.76875305175798, 11.258194923400822], [75.76875305175798, 11.258473396301213], [75.76847076416044, 11.25847053527832], [75.76847076416044, 11.258750915527514], [75.76819610595703, 11.258750915527514], [75.76819610595703, 11.259029388427678], [75.76847076416044, 11.259026527405013], [75.76847076416044, 11.259860992431868], [75.76819610595703, 11.259860992431868], [75.76819610595703, 11.260696411132812], [75.76790618896513, 11.260690689086857], [75.76790618896513, 11.261531829833984], [75.7676391601563, 11.261527061462687], [75.7676391601563, 11.263193130493335], [75.76736450195307, 11.263193130493335], [75.76736450195307, 11.263471603393725], [75.76708221435553, 11.263471603393725], [75.76708221435553, 11.263751983642692], [75.76680755615234, 11.263751983642692], [75.76680755615234, 11.264030456543253], [75.76653289794928, 11.264030456543253], [75.76653289794928, 11.264312744140625], [75.76625061035173, 11.26430606842058], [75.76625061035173, 11.264862060547046], [75.76597595214855, 11.264862060547046], [75.76597595214855, 11.2659721374514], [75.76568603515642, 11.265969276428336], [75.76568603515642, 11.26653003692627], [75.76542663574247, 11.26653003692627], [75.76542663574247, 11.267090797424373], [75.76513671875017, 11.267090797424373], [75.76513671875017, 11.267640113830623], [75.76486206054716, 11.267640113830623], [75.76486206054716, 11.26931095123291], [75.76513671875017, 11.269306182861442], [75.76513671875017, 11.269583702087346], [75.76541900634794, 11.269583702087346], [75.76541900634794, 11.269862174987736], [75.76513671875017, 11.26986026763916], [75.76513671875017, 11.270421028137264], [75.76457977294928, 11.270416259765625], [75.76457977294928, 11.2706937789917], [75.76430511474638, 11.2706937789917], [75.76430511474638, 11.27097225189209], [75.76403045654303, 11.270970344543514], [75.76403045654303, 11.271249771118164], [75.76374816894526, 11.271249771118164], [75.76374816894526, 11.272359848022518], [75.76347351074224, 11.272359848022518], [75.76347351074224, 11.273471832275675], [75.76374816894526, 11.273469924926701], [75.76374816894526, 11.274030685425032], [75.76403045654303, 11.27402782440197], [75.76403045654303, 11.274860382080021], [75.76374816894526, 11.274860382080021], [75.76374816894526, 11.275973320007267], [75.76346588134771, 11.275970458984375], [75.76346588134771, 11.276810646057186], [75.7631912231447, 11.276806831360034], [75.7631912231447, 11.277360916137923], [75.76291656494146, 11.277360916137923], [75.76291656494146, 11.277920722961369], [75.76264190673845, 11.277916908264388], [75.76264190673845, 11.278472900390682], [75.76235961914091, 11.278472900390682], [75.76235961914091, 11.278751373291243], [75.76206970214861, 11.278751373291243], [75.76206970214861, 11.279320716858024], [75.76180267334013, 11.279305458069132], [75.76180267334013, 11.279861450195597], [75.76125335693388, 11.279861450195597], [75.76125335693388, 11.280140876770076], [75.76069641113276, 11.280140876770076], [75.76069641113276, 11.280421257019043], [75.76040649414068, 11.280421257019043], [75.76040649414068, 11.28125095367443], [75.7601394653322, 11.28125095367443], [75.7601394653322, 11.282361030578613], [75.75985717773443, 11.282361030578613], [75.75985717773443, 11.282921791076717], [75.75958251953142, 11.282921791076717], [75.75958251953142, 11.283750534057845], [75.75930023193371, 11.283750534057845], [75.75930023193371, 11.28431034088129], [75.75902557373064, 11.284304618835506], [75.75902557373064, 11.284860610962198], [75.75875091552763, 11.284860610962198], [75.75875091552763, 11.28569316864008], [75.75846862792969, 11.285691261291504], [75.75846862792969, 11.28652954101591], [75.75819396972685, 11.286526679992846], [75.75819396972685, 11.287082672119311], [75.75875091552763, 11.287082672119311], [75.75875091552763, 11.287361145019702], [75.75903320312517, 11.287359237670898], [75.75903320312517, 11.287921905517635], [75.75875091552763, 11.287918090820256], [75.75875091552763, 11.288195610046557], [75.75818634033232, 11.288190841674862], [75.75818634033232, 11.288751602173022], [75.7579193115235, 11.288751602173022], [75.7579193115235, 11.28931045532238], [75.75763702392572, 11.289305686950911], [75.75763702392572, 11.289584159851074], [75.75736236572271, 11.28958129882841], [75.75736236572271, 11.290140151977766], [75.757080078125, 11.290140151977766], [75.757080078125, 11.29097175598173], [75.75681304931646, 11.290968894958667], [75.75681304931646, 11.2915296554566], [75.75653076171892, 11.2915296554566], [75.75653076171892, 11.291810035705566], [75.75624847412121, 11.291806221008585], [75.75624847412121, 11.29236221313488], [75.75597381591814, 11.29236221313488], [75.75597381591814, 11.293193817138672], [75.7556915283206, 11.29319095611578], [75.7556915283206, 11.29432201385498], [75.75541687011719, 11.294305801391602], [75.75541687011719, 11.294584274291992], [75.75514221191435, 11.294578552246207], [75.75514221191435, 11.295419692993335], [75.75485992431646, 11.295415878295955], [75.75485992431646, 11.29625034332281], [75.75458526611322, 11.29625034332281], [75.75458526611322, 11.297081947326774], [75.75430297851568, 11.29707145690918], [75.75430297851568, 11.297921180725098], [75.7540283203125, 11.297921180725098], [75.7540283203125, 11.299031257629451], [75.75375366210943, 11.299028396606388], [75.75375366210943, 11.299584388732853], [75.75347137451189, 11.299584388732853], [75.75347137451189, 11.300138473510742], [75.75319671630871, 11.300138473510742], [75.75319671630871, 11.300971984863509], [75.75291442871111, 11.300971984863509], [75.75291442871111, 11.302359580993766], [75.7526397705081, 11.302359580993766], [75.7526397705081, 11.302921295166016], [75.75235748291033, 11.302921295166016], [75.75235748291033, 11.30403137207037], [75.75208282470732, 11.30403137207037], [75.75208282470732, 11.304308891296444], [75.75235748291033, 11.304306983947868], [75.75235748291033, 11.304582595825366], [75.75208282470732, 11.304582595825366], [75.75208282470732, 11.305694580078125], [75.75180816650396, 11.305694580078125], [75.75180816650396, 11.305973052978516], [75.75152587890653, 11.30597114563011], [75.75152587890653, 11.306260108947697], [75.75096893310541, 11.306260108947697], [75.75096893310541, 11.306809425354118], [75.75068664550787, 11.306809425354118], [75.75068664550787, 11.307921409606877], [75.75041961669939, 11.307916641235408], [75.75041961669939, 11.308472633361873], [75.75068664550787, 11.308470726013297], [75.7506942749024, 11.308751106262264], [75.75041961669939, 11.308751106262264], [75.75041961669939, 11.310140609741495], [75.75012969970709, 11.310140609741495], [75.75012969970709, 11.31042194366455], [75.74986267089861, 11.31042194366455], [75.74986267089861, 11.311532020568904], [75.74958038330107, 11.311532020568904], [75.74958038330107, 11.311809539795206], [75.74930572509783, 11.31180477142334], [75.74930572509783, 11.31208324432373], [75.74903106689482, 11.312081336975154], [75.74903106689482, 11.312639236450195], [75.74874877929693, 11.312639236450195], [75.74874877929693, 11.313470840454386], [75.7484664916995, 11.313470840454386], [75.7484664916995, 11.315141677856502], [75.74819183349615, 11.315141677856502], [75.74819183349615, 11.315430641174487], [75.74791717529291, 11.315430641174487], [75.74791717529291, 11.31736183166521], [75.7476425170899, 11.31736183166521], [75.7476425170899, 11.318471908569563], [75.74736022949236, 11.318471908569563], [75.74736022949236, 11.319029808044434], [75.74709320068371, 11.319029808044434], [75.74709320068371, 11.3193101882934], [75.74680328369158, 11.319306373596419], [75.74680328369158, 11.319862365722713], [75.7462463378908, 11.319860458374308], [75.7462463378908, 11.320420265197754], [75.74597167968778, 11.320416450500772], [75.74597167968778, 11.320693969726676], [75.74375152587908, 11.320693969726676], [75.74375152587908, 11.320416450500772], [75.7431945800783, 11.320416450500772], [75.74318695068376, 11.320689201355208], [75.74180603027338, 11.320695877075252], [75.74180603027338, 11.320972442627067], [75.74124908447266, 11.320972442627067], [75.74124908447266, 11.321249961853141], [75.74041748046886, 11.321241378784123], [75.74041748046886, 11.321530342102108], [75.7401428222658, 11.321530342102108], [75.7401428222658, 11.321810722351074], [75.73986053466825, 11.321810722351074], [75.73986053466825, 11.322919845581339], [75.73958587646484, 11.322916030883789], [75.73958587646484, 11.323193550109863], [75.73930358886747, 11.323193550109863], [75.73930358886747, 11.323472023010254], [75.73818969726557, 11.323472023010254], [75.73819732666016, 11.323749542236328], [75.73792266845709, 11.323749542236328], [75.73792266845709, 11.324029922485522], [75.73735809326178, 11.324028015136719], [75.73735809326178, 11.324582099914608], [75.73707580566423, 11.324580192566032], [75.73707580566423, 11.327371597290096], [75.73680877685575, 11.327360153198185], [75.73680877685575, 11.328472137451342], [75.73652648925798, 11.328470230102539], [75.73652648925798, 11.3290309906007], [75.73625183105497, 11.3290309906007], [75.73625183105497, 11.329311370849666], [75.73596954345709, 11.329306602478198], [75.73596954345709, 11.330972671508846], [75.73568725585966, 11.330967903137378], [75.73568725585966, 11.331530570983887], [75.73542022705084, 11.33152866363531], [75.73542022705084, 11.33236122131376], [75.73513031005854, 11.33236122131376], [75.73513031005854, 11.33264064788824], [75.73486328125006, 11.332638740539664], [75.73486328125006, 11.33319473266613], [75.73458099365251, 11.33319473266613], [75.73458099365251, 11.33347320556652], [75.73430633544928, 11.333471298217944], [75.73430633544928, 11.333750724792594], [75.7340164184572, 11.333750724792594], [75.73400115966797, 11.33403110504156], [75.73374938964872, 11.334029197692985], [75.73374938964872, 11.334860801696777], [75.7340164184572, 11.334860801696777], [75.7340164184572, 11.335141181945744], [75.73430633544928, 11.335141181945744], [75.73430633544928, 11.336812019348429], [75.73458099365251, 11.336805343627987], [75.73458099365251, 11.33708286285406], [75.73486328125006, 11.33708286285406], [75.73486328125006, 11.337361335754451], [75.73513031005854, 11.337361335754451], [75.73513031005854, 11.33791923522972], [75.73542022705084, 11.33791923522972], [75.73542022705084, 11.338750839233683], [75.73568725585966, 11.338750839233683], [75.73568725585966, 11.339029312134073], [75.73542022705084, 11.339029312134073], [75.73542022705084, 11.33930969238304], [75.73568725585966, 11.33930969238304], [75.73568725585966, 11.339860916137866], [75.73596954345709, 11.339860916137866], [75.73596954345709, 11.340695381164721], [75.73625183105497, 11.340695381164721], [75.73625183105497, 11.34097099304222], [75.73596954345709, 11.34097099304222], [75.73596954345709, 11.341529846191577], [75.73625183105497, 11.341529846191577], [75.73625183105497, 11.341810226440543], [75.73596954345709, 11.341810226440543], [75.73596954345709, 11.342370986938477], [75.73568725585966, 11.342370986938477], [75.73568725585966, 11.342641830444336], [75.73542022705084, 11.342641830444336], [75.73542022705084, 11.34375190734869], [75.73513031005854, 11.34375190734869], [75.73513031005854, 11.34403038024925], [75.73542022705084, 11.34403038024925], [75.73542022705084, 11.34430980682373], [75.73569488525419, 11.344305992126749], [75.73569488525419, 11.345693588256836], [75.73596954345709, 11.345693588256836], [75.73596954345709, 11.345972061157397], [75.73625183105497, 11.345969200134334], [75.73625183105497, 11.3462495803833], [75.73652648925798, 11.3462495803833], [75.73652648925798, 11.346529960632438], [75.73680877685575, 11.346528053283691], [75.73680877685575, 11.347084045410156], [75.73707580566423, 11.347079277038688], [75.73707580566423, 11.347640037536621], [75.73735809326178, 11.347640037536621], [75.73735809326178, 11.348471641540584], [75.73707580566423, 11.348469734192008], [75.73707580566423, 11.349029541015852], [75.73680877685575, 11.349027633667049], [75.73687744140642, 11.3495130538941], [75.7423629760745, 11.355222702026538], [75.74312591552763, 11.361921310424805], [75.74621582031267, 11.363140106201286], [75.75049591064459, 11.36283969879156], [75.75588989257841, 11.368841171264705], [75.75910949707043, 11.374350547790527], [75.76313018798857, 11.372160911560172], [75.76906585693388, 11.373390197754077], [75.77899169921903, 11.37977123260498], [75.77535247802763, 11.384019851684627], [75.7741317749024, 11.38817024230957], [75.77922058105486, 11.407491683959961], [75.77880859374994, 11.410370826721305], [75.77636718750017, 11.413391113281364], [75.7730865478515, 11.414601325988826], [75.77372741699219, 11.418601036071777], [75.7772064208985, 11.41946029663086], [75.78031921386747, 11.417630195617903], [75.78569793701189, 11.412151336670036], [75.78920745849615, 11.410421371460018], [75.79721069335943, 11.410931587219238], [75.8019104003908, 11.417730331421012], [75.80600738525396, 11.419380187988281], [75.81469726562517, 11.418092727661133], [75.81595611572294, 11.427721977233944], [75.8187866210938, 11.431001663208121], [75.82746887207048, 11.436190605163517], [75.82852172851568, 11.441049575805721], [75.83184814453125, 11.441100120544434], [75.83522796630888, 11.438759803772257], [75.8345794677735, 11.431311607360954], [75.83310699462896, 11.426800727844295], [75.8361206054688, 11.422620773315487], [75.84276580810564, 11.417110443115348], [75.84702301025396, 11.41514968872076], [75.84622955322271, 11.41046047210699], [75.84272766113298, 11.407991409301758], [75.84377288818365, 11.40493106842041], [75.84587860107428, 11.402261734008789], [75.8485870361331, 11.401689529418945], [75.85366821289068, 11.402302742004565], [75.85646057128923, 11.40380001068121], [75.8611602783206, 11.407861709594783], [75.8656311035158, 11.403531074523983], [75.87592315673845, 11.39808177947998], [75.87766265869158, 11.400861740112532], [75.88661956787126, 11.406000137329215], [75.88893890380865, 11.409859657287598], [75.90766143798834, 11.411999702453727], [75.90130615234392, 11.42369937896757], [75.89756011962896, 11.428351402282942], [75.9005432128908, 11.436391830444393], [75.90001678466803, 11.440640449524096], [75.90209960937506, 11.442510604858683], [75.89739227294933, 11.448840141296387], [75.89631652832031, 11.454021453857422], [75.898208618164, 11.460290908813533], [75.89933776855497, 11.467611312866211], [75.90415954589861, 11.480500221252498], [75.90202331542963, 11.484891891479435], [75.89496612548822, 11.490631103515739], [75.88945007324219, 11.496979713439885], [75.89817047119169, 11.500849723815861], [75.90471649169939, 11.502800941467342], [75.91263580322271, 11.503861427307072], [75.92402648925781, 11.499589920044002], [75.92903137207037, 11.495849609375], [75.93361663818365, 11.496751785278377], [75.94741821289057, 11.510109901428336], [75.96141815185553, 11.520981788635368], [75.9670028686524, 11.526790618896598], [75.96833038330084, 11.53302860260004], [75.96836090087919, 11.540161132812557], [75.97366333007818, 11.53451061248785], [75.98068237304693, 11.530541419983024], [75.98412322998053, 11.526691436767578], [75.99334716796903, 11.520160675048999], [76.00166320800787, 11.515480041504077], [76.01072692871122, 11.508310317993164], [76.0170974731447, 11.506429672241325], [76.02699279785173, 11.501959800720215]]]]}, "properties": {"id": "kozhikode_t", "taluk_name": "Kozhikode", "malayalam_name": "കോഴിക്കോട്", "district_name": "Kozhikode", "district_id": "kozhikode", "elevation_m": 20, "slope_degrees": 2.0, "area_sq_km": 480, "centroid": {"lat": 11.25, "lng": 75.78}, "dominant_land_use": "Coconut, Homestead Farming & Rubber (Slope: 2.0°)", "soil_type": "Laterite Loam & River Alluvium", "rusle": {"R": 3572, "K": 0.025, "LS": 2.2, "C": 0.17, "P": 0.71, "A": 8.5}, "risk_category": "Moderate", "time_series": {"2018": 10.6, "2019": 9.8, "2020": 7.8, "2021": 8.7, "2022": 8.0, "2023": 7.0, "2024": 8.5}, "conservation": ["Contour terracing suitable for 20m elevation zones", "Runoff control hedgerows across slopes > 5.0°"], "is_sample_data": true, "data_source": "Bundled GeoJSON (DEMO Mode)"}}, {"type": "Feature", "id": "vatakara", "geometry": {"type": "Polygon", "coordinates": [[[75.71982, 11.6], [75.71904, 11.62229], [75.71326, 11.64395], [75.70293, 11.66387], [75.6889, 11.68129], [75.6721, 11.69584], [75.65331, 11.70742], [75.63309, 11.71598], [75.61186, 11.72142], [75.59, 11.72346], [75.56809, 11.72175], [75.54688, 11.71605], [75.52728, 11.70642], [75.51007, 11.69331], [75.49581, 11.67742], [75.48463, 11.65959], [75.47639, 11.64051], [75.4708, 11.62059], [75.46775, 11.6], [75.46741, 11.57883], [75.4703, 11.55732], [75.47707, 11.53613], [75.4882, 11.51632], [75.50369, 11.49924], [75.52291, 11.48617], [75.54467, 11.47799], [75.56749, 11.47493], [75.59, 11.47654], [75.61126, 11.4819], [75.63088, 11.48998], [75.64894, 11.49999], [75.66572, 11.51161], [75.6813, 11.52496], [75.69537, 11.54041], [75.70717, 11.55823], [75.71565, 11.5783], [75.71982, 11.6]]]}, "properties": {"id": "vatakara", "taluk_name": "Vatakara", "malayalam_name": "വടകര", "district_name": "Kozhikode", "district_id": "kozhikode", "elevation_m": 30, "slope_degrees": 3.2, "area_sq_km": 590, "centroid": {"lat": 11.6, "lng": 75.59}, "dominant_land_use": "Coconut, Homestead Farming & Rubber (Slope: 3.2°)", "soil_type": "Laterite Loam & River Alluvium", "rusle": {"R": 3663, "K": 0.025, "LS": 2.8, "C": 0.18, "P": 0.7, "A": 11.0}, "risk_category": "High", "time_series": {"2018": 13.8, "2019": 12.6, "2020": 10.1, "2021": 11.2, "2022": 10.3, "2023": 9.0, "2024": 11.0}, "conservation": ["Contour terracing suitable for 30m elevation zones", "Runoff control hedgerows across slopes > 5.0°"], "is_sample_data": true, "data_source": "Bundled GeoJSON (DEMO Mode)"}}, {"type": "Feature", "id": "koyilandy", "geometry": {"type": "Polygon", "coordinates": [[[75.83513, 11.44], [75.83432, 11.46321], [75.8283, 11.48577], [75.81755, 11.50652], [75.80295, 11.52467], [75.78546, 11.53982], [75.7659, 11.55188], [75.74486, 11.5608], [75.72275, 11.56646], [75.7, 11.56859], [75.67719, 11.5668], [75.65512, 11.56086], [75.63471, 11.55084], [75.6168, 11.53718], [75.60195, 11.52064], [75.59032, 11.50207], [75.58174, 11.48219], [75.57593, 11.46144], [75.57274, 11.44], [75.57239, 11.41795], [75.5754, 11.39555], [75.58245, 11.37348], [75.59403, 11.35285], [75.61016, 11.33506], [75.63016, 11.32144], [75.65281, 11.31292], [75.67657, 11.30974], [75.7, 11.31141], [75.72213, 11.317], [75.74255, 11.32542], [75.76136, 11.33584], [75.77882, 11.34794], [75.79503, 11.36184], [75.80968, 11.37793], [75.82196, 11.39649], [75.83079, 11.4174], [75.83513, 11.44]]]}, "properties": {"id": "koyilandy", "taluk_name": "Koyilandy", "malayalam_name": "കൊയിലാണ്ടി", "district_name": "Kozhikode", "district_id": "kozhikode", "elevation_m": 40, "slope_degrees": 3.5, "area_sq_km": 640, "centroid": {"lat": 11.44, "lng": 75.7}, "dominant_land_use": "Coconut, Homestead Farming & Rubber (Slope: 3.5°)", "soil_type": "Laterite Loam & River Alluvium", "rusle": {"R": 3686, "K": 0.025, "LS": 3.0, "C": 0.18, "P": 0.7, "A": 12.4}, "risk_category": "High", "time_series": {"2018": 15.5, "2019": 14.3, "2020": 11.4, "2021": 12.6, "2022": 11.7, "2023": 10.2, "2024": 12.4}, "conservation": ["Contour terracing suitable for 40m elevation zones", "Runoff control hedgerows across slopes > 5.0°"], "is_sample_data": true, "data_source": "Bundled GeoJSON (DEMO Mode)"}}, {"type": "Feature", "id": "thamarassery", "geometry": {"type": "Polygon", "coordinates": [[[76.06448, 11.42], [76.06368, 11.44311], [76.05769, 11.46555], [76.04699, 11.48621], [76.03246, 11.50427], [76.01505, 11.51935], [75.99559, 11.53135], [75.97464, 11.54023], [75.95264, 11.54587], [75.93, 11.54798], [75.9073, 11.5462], [75.88533, 11.5403], [75.86502, 11.53032], [75.8472, 11.51672], [75.83242, 11.50026], [75.82084, 11.48177], [75.8123, 11.46199], [75.80652, 11.44134], [75.80335, 11.42], [75.803, 11.39805], [75.80599, 11.37576], [75.81301, 11.35379], [75.82454, 11.33326], [75.84059, 11.31555], [75.8605, 11.302], [75.88304, 11.29352], [75.90668, 11.29035], [75.93, 11.29202], [75.95202, 11.29758], [75.97235, 11.30595], [75.99106, 11.31633], [76.00844, 11.32837], [76.02458, 11.34221], [76.03916, 11.35823], [76.05138, 11.3767], [76.06016, 11.3975], [76.06448, 11.42]]]}, "properties": {"id": "thamarassery", "taluk_name": "Thamarassery", "malayalam_name": "താമരശ്ശേരി", "district_name": "Kozhikode", "district_id": "kozhikode", "elevation_m": 260, "slope_degrees": 15.5, "area_sq_km": 634, "centroid": {"lat": 11.42, "lng": 75.93}, "dominant_land_use": "Coconut, Homestead Farming & Rubber (Slope: 15.5°)", "soil_type": "Laterite Loam & River Alluvium", "rusle": {"R": 4598, "K": 0.025, "LS": 8.9, "C": 0.3, "P": 0.62, "A": 31.2}, "risk_category": "Severe", "time_series": {"2018": 39.0, "2019": 35.9, "2020": 28.7, "2021": 31.8, "2022": 29.3, "2023": 25.6, "2024": 31.2}, "conservation": ["Contour terracing suitable for 260m elevation zones", "Runoff control hedgerows across slopes > 11°"], "is_sample_data": true, "data_source": "Bundled GeoJSON (DEMO Mode)"}}, {"type": "Feature", "id": "ernad", "geometry": {"type": "Polygon", "coordinates": [[[76.24851, 11.16], [76.24775, 11.1821], [76.24202, 11.20357], [76.2318, 11.22333], [76.21791, 11.2406], [76.20128, 11.25503], [76.18267, 11.2665], [76.16266, 11.275], [76.14164, 11.28039], [76.12, 11.28241], [76.09831, 11.28071], [76.07731, 11.27506], [76.0579, 11.26552], [76.04088, 11.25251], [76.02675, 11.23676], [76.01569, 11.21908], [76.00753, 11.20016], [76.002, 11.18041], [75.99897, 11.16], [75.99864, 11.13901], [76.0015, 11.11768], [76.0082, 11.09667], [76.01922, 11.07704], [76.03456, 11.0601], [76.05358, 11.04714], [76.07512, 11.03903], [76.09771, 11.03599], [76.12, 11.03759], [76.14104, 11.04291], [76.16047, 11.05092], [76.17835, 11.06084], [76.19496, 11.07236], [76.21038, 11.0856], [76.22431, 11.10092], [76.23599, 11.11858], [76.24438, 11.13848], [76.24851, 11.16]]]}, "properties": {"id": "ernad", "taluk_name": "Ernad", "malayalam_name": "ഏറനാട്", "district_name": "Malappuram", "district_id": "malappuram", "elevation_m": 120, "slope_degrees": 7.0, "area_sq_km": 580, "centroid": {"lat": 11.16, "lng": 76.12}, "dominant_land_use": "Rubber, Teak, Coconut & Mixed Cropping (Slope: 7.0°)", "soil_type": "Red Gravelly Laterite & Valley Alluvium", "rusle": {"R": 4264, "K": 0.026, "LS": 4.7, "C": 0.22, "P": 0.67, "A": 17.5}, "risk_category": "High", "time_series": {"2018": 21.9, "2019": 20.1, "2020": 16.1, "2021": 17.9, "2022": 16.4, "2023": 14.3, "2024": 17.5}, "conservation": ["Contour terracing suitable for 120m elevation zones", "Runoff control hedgerows across slopes > 5.0°"], "is_sample_data": true, "data_source": "Bundled GeoJSON (DEMO Mode)"}}, {"type": "Feature", "id": "perinthalmanna", "geometry": {"type": "Polygon", "coordinates": [[[76.34954, 10.98], [76.34876, 11.00229], [76.34299, 11.02395], [76.33269, 11.04387], [76.31869, 11.06129], [76.30192, 11.07584], [76.28317, 11.08742], [76.263, 11.09598], [76.24181, 11.10142], [76.22, 11.10346], [76.19813, 11.10175], [76.17698, 11.09605], [76.15741, 11.08642], [76.14025, 11.07331], [76.12601, 11.05742], [76.11486, 11.03959], [76.10663, 11.02051], [76.10106, 11.00059], [76.09801, 10.98], [76.09767, 10.95883], [76.10056, 10.93732], [76.10731, 10.91613], [76.11842, 10.89632], [76.13388, 10.87924], [76.15305, 10.86617], [76.17476, 10.85799], [76.19754, 10.85493], [76.22, 10.85654], [76.24121, 10.8619], [76.26079, 10.86998], [76.27882, 10.87999], [76.29555, 10.89161], [76.3111, 10.90496], [76.32514, 10.92041], [76.33691, 10.93823], [76.34538, 10.9583], [76.34954, 10.98]]]}, "properties": {"id": "perinthalmanna", "taluk_name": "Perinthalmanna", "malayalam_name": "പെരിന്തൽമണ്ണ", "district_name": "Malappuram", "district_id": "malappuram", "elevation_m": 140, "slope_degrees": 8.5, "area_sq_km": 590, "centroid": {"lat": 10.98, "lng": 76.22}, "dominant_land_use": "Rubber, Teak, Coconut & Mixed Cropping (Slope: 8.5°)", "soil_type": "Red Gravelly Laterite & Valley Alluvium", "rusle": {"R": 4387, "K": 0.026, "LS": 5.5, "C": 0.23, "P": 0.66, "A": 18.2}, "risk_category": "High", "time_series": {"2018": 22.8, "2019": 20.9, "2020": 16.7, "2021": 18.6, "2022": 17.1, "2023": 14.9, "2024": 18.2}, "conservation": ["Contour terracing suitable for 140m elevation zones", "Runoff control hedgerows across slopes > 6°"], "is_sample_data": true, "data_source": "Bundled GeoJSON (DEMO Mode)"}}, {"type": "Feature", "id": "tirur", "geometry": {"type": "Polygon", "coordinates": [[[75.86125183105469, 11.016531944274902], [75.86125183105469, 11.013470649719295], [75.86152648925787, 11.013472557067871], [75.86152648925787, 11.013195037841797], [75.86180877685547, 11.013195037841797], [75.86180877685547, 11.012916564941406], [75.86207580566412, 11.01291942596447], [75.86207580566412, 11.012360572814941], [75.86235809326166, 11.012360572814941], [75.86235809326166, 11.011804580688477], [75.86264038085943, 11.011809349060115], [75.86264038085943, 11.009860992431697], [75.86235809326166, 11.009860992431697], [75.86235809326166, 11.009583473205623], [75.86208343505865, 11.009583473205623], [75.86208343505865, 11.009306907653865], [75.86180877685547, 11.009310722351188], [75.86180877685547, 11.008750915527344], [75.86207580566412, 11.008750915527344], [75.86207580566412, 11.007921218872184], [75.86180877685547, 11.007921218872184], [75.86180877685547, 11.007360458374023], [75.86208343505865, 11.007360458374023], [75.86208343505865, 11.006804466247559], [75.86235809326166, 11.00681114196783], [75.86235809326166, 11.005970001220703], [75.86291503906261, 11.005971908569279], [75.86291503906261, 11.005415916442814], [75.8634719848634, 11.005430221557617], [75.8634719848634, 11.005141258239803], [75.8637466430664, 11.005141258239803], [75.8637466430664, 11.00485992431635], [75.86430358886719, 11.00485992431635], [75.86429595947266, 11.004579544067383], [75.86541748046875, 11.004584312439022], [75.86541748046875, 11.00485992431635], [75.86569213867193, 11.00485992431635], [75.86569213867193, 11.005141258239803], [75.86596679687511, 11.005141258239803], [75.86596679687511, 11.005430221557617], [75.86653137207043, 11.005415916442814], [75.86653137207043, 11.005694389343205], [75.86680603027344, 11.005694389343205], [75.86680603027344, 11.005971908569279], [75.86708068847668, 11.005971908569279], [75.86708068847668, 11.006251335144157], [75.86736297607422, 11.006251335144157], [75.86736297607422, 11.00652885437006], [75.86765289306652, 11.00652885437006], [75.86765289306652, 11.009310722351188], [75.86736297607422, 11.009306907653865], [75.86736297607422, 11.009860992431697], [75.86708068847668, 11.009860992431697], [75.86708068847668, 11.011248588562012], [75.86680603027344, 11.011251449585075], [75.86680603027344, 11.012360572814941], [75.86653137207043, 11.012360572814941], [75.86653137207043, 11.01291942596447], [75.86624908447271, 11.012916564941406], [75.86624908447271, 11.013195037841797], [75.86597442626947, 11.013195037841797], [75.86597442626947, 11.013472557067871], [75.86541748046875, 11.013472557067871], [75.86541748046875, 11.012916564941406], [75.86569213867193, 11.01291942596447], [75.86569213867193, 11.01097106933588], [75.86597442626947, 11.010972976684684], [75.86597442626947, 11.009860992431697], [75.86624908447271, 11.009860992431697], [75.86624908447271, 11.008750915527344], [75.86653137207043, 11.008750915527344], [75.86653137207043, 11.008469581604118], [75.86624908447271, 11.00847339630127], [75.86624908447271, 11.007081985473633], [75.86597442626947, 11.007081985473633], [75.86597442626947, 11.006804466247559], [75.86569213867193, 11.00681114196783], [75.86569213867193, 11.00652885437006], [75.86429595947266, 11.00652885437006], [75.86429595947266, 11.00681114196783], [75.86402893066418, 11.006804466247559], [75.86402893066418, 11.007360458374023], [75.8637466430664, 11.007360458374023], [75.8637466430664, 11.00764083862299], [75.8634719848634, 11.00764083862299], [75.8634719848634, 11.007921218872184], [75.86319732666021, 11.007921218872184], [75.86319732666021, 11.008200645446834], [75.8634719848634, 11.008194923400879], [75.8634719848634, 11.009583473205623], [75.8637466430664, 11.0095796585083], [75.8637466430664, 11.010141372680721], [75.8634719848634, 11.010141372680721], [75.8634719848634, 11.011530876159725], [75.86319732666021, 11.011530876159725], [75.86319732666021, 11.01291942596447], [75.86291503906261, 11.012916564941406], [75.86291503906261, 11.013472557067871], [75.86264038085943, 11.013470649719295], [75.86264038085943, 11.014032363891715], [75.86235809326166, 11.01402664184576], [75.86235809326166, 11.014582633972225], [75.86208343505865, 11.014582633972225], [75.86208343505865, 11.015694618225154], [75.86180877685547, 11.015690803527832], [75.86180877685547, 11.016810417175293], [75.86151885986334, 11.016810417175293], [75.86151885986334, 11.01791954040533], [75.86125183105469, 11.017916679382267], [75.86125183105469, 11.018749237060547], [75.86096954345714, 11.018749237060547], [75.86096954345714, 11.019029617309513], [75.86068725585938, 11.019029617309513], [75.86068725585938, 11.019309997558707], [75.8604202270509, 11.019305229187012], [75.8604202270509, 11.019582748413143], [75.85930633544916, 11.019582748413143], [75.85930633544916, 11.019862174987793], [75.85901641845709, 11.0198593139649], [75.85901641845709, 11.020139694213867], [75.85874938964844, 11.020139694213867], [75.85874938964844, 11.020430564880485], [75.8584594726563, 11.020430564880485], [75.8584594726563, 11.021530151367188], [75.85791778564464, 11.021530151367188], [75.85791778564464, 11.020690917968693], [75.85763549804688, 11.020695686340332], [75.85763549804688, 11.020415306091365], [75.85708618164068, 11.020430564880485], [75.85708618164068, 11.020139694213867], [75.8565292358399, 11.020139694213867], [75.8565292358399, 11.020430564880485], [75.85624694824213, 11.020415306091365], [75.85624694824213, 11.020695686340332], [75.85597229003912, 11.020695686340332], [75.85597229003912, 11.02097129821783], [75.85624694824213, 11.02097129821783], [75.85624694824213, 11.021251678466854], [75.85597229003912, 11.021249771118221], [75.85597229003912, 11.022084236145076], [75.85569763183594, 11.022084236145076], [75.85569763183594, 11.02319431304926], [75.85542297363287, 11.023180007934684], [75.85542297363287, 11.024310111999569], [75.85485839843761, 11.02430629730219], [75.85485839843761, 11.025693893432674], [75.85457611083984, 11.025691986084041], [75.85457611083984, 11.026530265808105], [75.85430908203136, 11.026530265808105], [75.85430908203136, 11.026810646057243], [75.8540267944336, 11.026810646057243], [75.8540267944336, 11.029029846191463], [75.85375213623058, 11.029027938842887], [75.85375213623058, 11.029862403869743], [75.85346984863287, 11.02985954284668], [75.85346984863287, 11.031531333923454], [75.85320281982416, 11.031531333923454], [75.85320281982416, 11.03237247467041], [75.85291290283209, 11.03237247467041], [75.85291290283209, 11.034030914306697], [75.8526382446289, 11.034029006958065], [75.8526382446289, 11.034860610961857], [75.8523559570313, 11.034860610961857], [75.8523559570313, 11.035140991211051], [75.8526382446289, 11.035139083862248], [75.8526382446289, 11.035695075988713], [75.8523559570313, 11.035690307617244], [75.8523559570313, 11.036531448364371], [75.85208129882812, 11.036531448364371], [75.85208129882812, 11.037640571594238], [75.85180664062511, 11.037638664245662], [75.85180664062511, 11.038194656372127], [75.85151672363281, 11.03818130493164], [75.85151672363281, 11.039860725402946], [75.85124969482433, 11.039860725402946], [75.85124969482433, 11.040695190429801], [75.85098266601568, 11.040691375732422], [75.85098266601568, 11.0418119430542], [75.85069274902355, 11.041805267333984], [75.85069274902355, 11.042082786560059], [75.85098266601568, 11.042080879211483], [75.85098266601568, 11.0426406860351], [75.85069274902355, 11.042638778686523], [75.85069274902355, 11.043473243713379], [75.85041809082037, 11.043473243713379], [75.85041809082037, 11.044583320617733], [75.85013580322277, 11.044581413269157], [75.85013580322277, 11.045419692993164], [75.84986114501959, 11.045416831970329], [75.84986114501959, 11.045693397522086], [75.85013580322277, 11.045693397522086], [75.85013580322277, 11.04597091674799], [75.84986114501959, 11.04597091674799], [75.84986114501959, 11.04624938964838], [75.85013580322277, 11.04624938964838], [75.85013580322277, 11.046529769897518], [75.84986114501959, 11.046526908874455], [75.84986114501959, 11.047362327575797], [75.8495864868164, 11.047362327575797], [75.8495864868164, 11.04847240447998], [75.84929656982428, 11.04847240447998], [75.84929656982428, 11.049030303955021], [75.84902954101562, 11.049028396606445], [75.84902954101562, 11.04958438873291], [75.84874725341803, 11.04958438873291], [75.84874725341803, 11.050417900085506], [75.84847259521484, 11.050411224365234], [75.84847259521484, 11.051531791687012], [75.84874725341803, 11.051531791687012], [75.84874725341803, 11.051810264587402], [75.84847259521484, 11.05180644989025], [75.84847259521484, 11.052362442016715], [75.84819793701183, 11.052359580993652], [75.84819793701183, 11.053750038146973], [75.8479232788086, 11.053750038146973], [75.8479232788086, 11.05403041839611], [75.84819793701183, 11.054027557373047], [75.84819793701183, 11.054860115051326], [75.84791564941406, 11.054860115051326], [75.84791564941406, 11.055972099304256], [75.84764099121105, 11.05597019195568], [75.84764099121105, 11.05681133270258], [75.84735870361334, 11.05681133270258], [75.84735870361334, 11.057921409606934], [75.84708404541027, 11.057915687560978], [75.84708404541027, 11.05958461761469], [75.84680938720709, 11.05958461761469], [75.84680175781256, 11.060694694519043], [75.84652709960932, 11.060694694519043], [75.84652709960932, 11.062360763549862], [75.8462524414063, 11.062360763549862], [75.8462524414063, 11.063751220703239], [75.8459701538086, 11.063751220703239], [75.8459701538086, 11.064582824707031], [75.84570312500011, 11.064579963684139], [75.84570312500011, 11.065419197082633], [75.84541320800781, 11.065417289733887], [75.84541320800781, 11.065694808959961], [75.8451385498048, 11.065690040588493], [75.8451385498048, 11.066529273986816], [75.84485626220703, 11.066529273986816], [75.84485626220703, 11.067921638488713], [75.84458160400402, 11.067916870117244], [75.84458160400402, 11.0687513351441], [75.84430694580084, 11.0687513351441], [75.84430694580084, 11.069031715393066], [75.84402465820324, 11.069026947021598], [75.84402465820324, 11.069582939148063], [75.84375, 11.069581031799316], [75.84375, 11.07042026519781], [75.8434829711914, 11.07042026519781], [75.8434829711914, 11.072639465332031], [75.84319305419928, 11.072639465332031], [75.84319305419928, 11.074029922485352], [75.8429183959961, 11.074027061462516], [75.8429183959961, 11.07458400726324], [75.8426361083985, 11.07458400726324], [75.8426361083985, 11.075694084167424], [75.84236145019531, 11.075694084167424], [75.84236145019531, 11.077083587646484], [75.8420867919923, 11.077083587646484], [75.8420867919923, 11.077362060546875], [75.841796875, 11.077360153198242], [75.841796875, 11.077919960022086], [75.84152984619152, 11.07791805267334], [75.84152984619152, 11.078472137451229], [75.84124755859375, 11.078470230102596], [75.84124755859375, 11.079311370849723], [75.84097290039074, 11.079311370849723], [75.84097290039074, 11.080419540405273], [75.84070587158209, 11.080419540405273], [75.84070587158209, 11.081529617309627], [75.84041595458979, 11.081527709961051], [75.84041595458979, 11.082362174987907], [75.84014129638678, 11.082362174987907], [75.84014129638678, 11.08347225189209], [75.83985900878906, 11.08346080780035], [75.83985900878906, 11.084310531616325], [75.83957672119146, 11.084310531616325], [75.83957672119146, 11.085420608520508], [75.83930206298828, 11.085420608520508], [75.83930206298828, 11.086811065673828], [75.83902740478527, 11.086804389953556], [75.83902740478527, 11.087637901306152], [75.83875274658203, 11.087637901306152], [75.83875274658203, 11.088473320007267], [75.83847045898449, 11.088470458984375], [75.83847045898449, 11.088750839233342], [75.83819580078125, 11.088750839233342], [75.83819580078125, 11.089860916137695], [75.83790588378918, 11.089860916137695], [75.83790588378918, 11.09042072296154], [75.83763885498053, 11.090416908264217], [75.83763885498053, 11.09069538116455], [75.83791351318371, 11.09069538116455], [75.83791351318371, 11.090972900390682], [75.83763885498053, 11.090972900390682], [75.83763885498053, 11.091251373291072], [75.83790588378918, 11.091251373291072], [75.83790588378918, 11.091528892517147], [75.83763885498053, 11.091528892517147], [75.83763885498053, 11.092650413513184], [75.83736419677729, 11.0926389694215], [75.83736419677729, 11.093473434448356], [75.83708190917974, 11.093470573425293], [75.83708190917974, 11.094031333923397], [75.83680725097656, 11.094031333923397], [75.83680725097656, 11.09514141082775], [75.83652496337896, 11.095138549804688], [75.83652496337896, 11.095694541931152], [75.83625030517578, 11.095690727234], [75.83625030517578, 11.096810340881461], [75.8359832763673, 11.096810340881461], [75.8359832763673, 11.097920417785645], [75.835693359375, 11.097920417785645], [75.835693359375, 11.099029541015682], [75.83541870117199, 11.099026679992619], [75.83541870117199, 11.09958267211914], [75.83513641357422, 11.099580764770508], [75.83513641357422, 11.100419998169059], [75.83486175537121, 11.100419998169059], [75.83486175537121, 11.101251602172852], [75.83458709716803, 11.10124874114996], [75.83458709716803, 11.102084159851074], [75.83428955078136, 11.102081298828182], [75.83428955078136, 11.102640151977539], [75.83403015136724, 11.102640151977539], [75.83403015136724, 11.103471755981559], [75.83374786376947, 11.103468894958496], [75.83374786376947, 11.104310035705566], [75.83347320556646, 11.104306221008414], [75.83347320556646, 11.10486221313488], [75.83319091796875, 11.10486221313488], [75.83319091796875, 11.105972290039062], [75.83291625976568, 11.105972290039062], [75.83291625976568, 11.107084274291992], [75.8326416015625, 11.107084274291992], [75.8326416015625, 11.108194351196346], [75.83235931396496, 11.10818862915039], [75.83235931396496, 11.109029769897461], [75.8326416015625, 11.109027862548885], [75.8326416015625, 11.109581947326774], [75.83235931396496, 11.109581947326774], [75.83235931396496, 11.10986232757574], [75.83207702636719, 11.109860420227164], [75.83207702636719, 11.110421180725098], [75.83180236816418, 11.110421180725098], [75.83180236816418, 11.111531257629451], [75.831527709961, 11.111528396606388], [75.831527709961, 11.112084388732853], [75.83125305175793, 11.112079620361385], [75.83125305175793, 11.112641334533805], [75.83097076416021, 11.112638473510742], [75.83097076416021, 11.113471984863338], [75.83069610595697, 11.113471984863338], [75.83069610595697, 11.113751411437988], [75.8304061889649, 11.113751411437988], [75.8304061889649, 11.115421295166016], [75.83013916015625, 11.115416526794547], [75.83013916015625, 11.115694999694881], [75.82985687255865, 11.115690231323242], [75.82985687255865, 11.11653137207037], [75.82958221435547, 11.116526603698674], [75.82958221435547, 11.117082595825195], [75.82930755615246, 11.117082595825195], [75.82930755615246, 11.117361068725529], [75.82903289794922, 11.117361068725529], [75.82903289794922, 11.117920875549373], [75.82875061035168, 11.11791706085205], [75.82875061035168, 11.118194580078125], [75.8284759521485, 11.118194580078125], [75.8284759521485, 11.118473052978516], [75.82791900634771, 11.118471145629883], [75.82791900634771, 11.119309425354118], [75.82763671874994, 11.119309425354118], [75.82763671874994, 11.120422363281364], [75.82736206054693, 11.120416641235408], [75.82736206054693, 11.120695114135799], [75.82707977294922, 11.120695114135799], [75.82707977294922, 11.121251106262264], [75.82681274414068, 11.121251106262264], [75.82681274414068, 11.121530532836971], [75.82624816894543, 11.121530532836971], [75.82624816894543, 11.121811866760197], [75.82597351074219, 11.121805191040153], [75.82597351074219, 11.122638702392521], [75.82579040527344, 11.122638702392521], [75.82569122314464, 11.122638702392521], [75.82569122314464, 11.12292194366455], [75.8251419067384, 11.122917175293082], [75.8251419067384, 11.123194694518986], [75.82569122314464, 11.123194694518986], [75.82569122314464, 11.123473167419377], [75.82624816894543, 11.123473167419377], [75.82624816894543, 11.123194694518986], [75.82680511474615, 11.123194694518986], [75.82680511474615, 11.122917175293082], [75.82736206054693, 11.12292194366455], [75.82736206054693, 11.122630119323674], [75.8284759521485, 11.122638702392521], [75.8284759521485, 11.122361183166618], [75.82930755615246, 11.122361183166618], [75.82930755615246, 11.122638702392521], [75.82985687255865, 11.122630119323674], [75.82985687255865, 11.12292194366455], [75.83013916015625, 11.122917175293082], [75.83013916015625, 11.123194694518986], [75.83069610595697, 11.123194694518986], [75.83069610595697, 11.123473167419377], [75.83125305175793, 11.1234712600708], [75.83125305175793, 11.123750686645451], [75.83154296875006, 11.123750686645451], [75.83154296875006, 11.124032020568904], [75.83180236816418, 11.124027252197266], [75.83180236816418, 11.12458324432373], [75.83207702636719, 11.124581336975154], [75.83207702636719, 11.125419616699162], [75.83235931396496, 11.125416755676326], [75.83235931396496, 11.125693321228084], [75.8326416015625, 11.125693321228084], [75.8326416015625, 11.125970840454158], [75.83374786376947, 11.125970840454158], [75.83374786376947, 11.126249313354549], [75.83513641357422, 11.126249313354549], [75.83513641357422, 11.126529693603516], [75.835693359375, 11.126529693603516], [75.835693359375, 11.126810073852539], [75.83597564697277, 11.126805305481014], [75.83597564697277, 11.127082824707145], [75.83625030517578, 11.127082824707145], [75.83625030517578, 11.127362251281795], [75.83651733398443, 11.127359390258732], [75.83651733398443, 11.127641677856502], [75.83680725097656, 11.127641677856502], [75.83680725097656, 11.127920150756893], [75.83708190917974, 11.127915382385197], [75.83708190917974, 11.128195762634391], [75.83735656738293, 11.128190994262695], [75.83735656738293, 11.128761291503963], [75.83763885498053, 11.128761291503963], [75.83763885498053, 11.129309654235897], [75.83790588378918, 11.129309654235897], [75.83790588378918, 11.129861831665039], [75.83819580078125, 11.129861831665039], [75.83819580078125, 11.13041973114025], [75.83847045898449, 11.130417823791504], [75.83847045898449, 11.130971908569393], [75.83875274658203, 11.130971908569393], [75.83875274658203, 11.131527900695858], [75.83902740478527, 11.131527900695858], [75.83902740478527, 11.132083892822322], [75.83930206298828, 11.132081985473746], [75.83930206298828, 11.132641792297363], [75.839584350586, 11.132639884948787], [75.83957672119146, 11.134090423583928], [75.84262847900396, 11.135391235351562], [75.8492202758789, 11.131839752197266], [75.85257720947277, 11.128510475158691], [75.85832977294933, 11.124550819396973], [75.8614501953125, 11.123920440673885], [75.86443328857433, 11.12582969665533], [75.87422943115234, 11.134800910949764], [75.87779235839855, 11.136349678039664], [75.88137817382824, 11.135590553283691], [75.88188934326178, 11.131170272827205], [75.88411712646484, 11.128730773925838], [75.88774871826172, 11.127231597900334], [75.89106750488287, 11.123500823974666], [75.89765930175781, 11.118130683898926], [75.9115982055664, 11.109930992126408], [75.91475677490246, 11.111031532287654], [75.91664886474615, 11.11708927154541], [75.925537109375, 11.125289916992188], [75.9275360107423, 11.122741699218693], [75.93145751953125, 11.120580673217887], [75.92775726318371, 11.11832046508789], [75.92653656005865, 11.11449146270752], [75.9263763427735, 11.111920356750545], [75.92925262451183, 11.109649658203125], [75.93437194824224, 11.11057090759283], [75.93791198730469, 11.10957145690918], [75.94196319580084, 11.111841201782283], [75.9451675415039, 11.109821319580192], [75.95352172851557, 11.106530189514274], [75.95771789550776, 11.112000465393123], [75.96566772460943, 11.107220649719181], [75.97104644775402, 11.106610298156852], [75.98174285888683, 11.10363960266119], [75.99231719970709, 11.098329544067496], [75.99851226806652, 11.09502983093256], [76.00126647949219, 11.091099739074764], [76.0031127929687, 11.087650299072322], [76.00341033935553, 11.082250595092717], [76.0013885498048, 11.071801185608024], [75.99700164794933, 11.064010620117188], [75.99227142333984, 11.059641838073844], [75.98810577392578, 11.057800292968807], [75.98046875, 11.051329612732047], [75.97616577148449, 11.044109344482422], [75.97592163085943, 11.041091918945426], [75.97820281982428, 11.039099693298397], [75.98300170898443, 11.037879943847656], [75.98561096191406, 11.0360107421875], [75.99224090576166, 11.036170959472656], [76.00971221923834, 11.03826999664301], [76.02011108398438, 11.038399696350154], [76.0216293334961, 11.042470932006893], [76.01702117919933, 11.045770645141602], [76.01233673095703, 11.043781280517635], [76.01172637939453, 11.047161102294922], [76.01580047607428, 11.049901008606014], [76.01992797851562, 11.049260139465332], [76.02477264404303, 11.05060005187994], [76.02999877929699, 11.04995059967041], [76.03041076660156, 11.046800613403377], [76.02842712402355, 11.043820381164608], [76.02950286865234, 11.039780616760368], [76.03563690185553, 11.037520408630371], [76.03093719482433, 11.029511451721191], [76.02942657470714, 11.024230957031307], [76.0263061523438, 11.02195072174078], [76.02947998046875, 11.010979652404899], [76.02744293212896, 11.008401870727539], [76.03141021728516, 11.001330375671387], [76.03219604492193, 10.99817085266119], [76.02881622314464, 10.998021125793514], [76.02603149414062, 11.001761436462516], [76.01920318603516, 10.993820190429688], [76.01760864257807, 10.991930961609], [76.01080322265625, 10.987970352172852], [76.00444793701166, 10.993769645690975], [76.00158691406244, 10.997530937194824], [75.99771881103527, 10.996281623840332], [75.99221038818371, 11.000161170959473], [75.98369598388672, 10.997571945190373], [75.98063659667969, 10.994159698486328], [75.98034667968756, 10.994171142578239], [75.98120880126953, 10.988400459289494], [75.98462677001953, 10.991101264953613], [75.986572265625, 10.983169555664062], [75.9922866821289, 10.971390724182129], [75.9992065429688, 10.964670181274357], [76.00192260742199, 10.960761070251579], [76.01362609863281, 10.964900016784668], [76.0361328125, 10.962287902832145], [76.03938293457031, 10.963191032409668], [76.04345703125006, 10.962780952453727], [76.03925323486334, 10.95936203002941], [76.04490661621094, 10.95656967163086], [76.05169677734386, 10.960790634155273], [76.05490875244146, 10.957400321960563], [76.0593719482423, 10.95560073852539], [76.06278228759777, 10.953070640564022], [76.06775665283214, 10.949729919433707], [76.07264709472662, 10.948160171508846], [76.07982635498047, 10.947150230407772], [76.09345245361334, 10.937871932983342], [76.100326538086, 10.935368537902775], [76.107666015625, 10.934480667114371], [76.11199188232433, 10.931591033935547], [76.11308288574224, 10.92809200286871], [76.10912322998058, 10.922760963439998], [76.10814666748053, 10.916740417480412], [76.11078643798834, 10.899069786071834], [76.11538696289068, 10.893481254577694], [76.1211624145509, 10.888760566711483], [76.12008666992188, 10.881469726562443], [76.12265777587902, 10.876021385192928], [76.12281036376959, 10.871820449829102], [76.1192779541015, 10.871041297912598], [76.11061096191412, 10.873478889465389], [76.10794067382818, 10.871831893921012], [76.10717773437506, 10.867360115051326], [76.1073226928711, 10.862881660461369], [76.10491943359386, 10.859160423278809], [76.10254669189453, 10.858660697937012], [76.09712982177746, 10.861989974975586], [76.09393310546875, 10.857199668884391], [76.09416961669928, 10.851750373840389], [76.0955429077149, 10.845149993896484], [76.09446716308605, 10.839410781860352], [76.09085083007807, 10.834610939025879], [76.08570098876947, 10.832169532775936], [76.05988311767584, 10.830250740051383], [76.04707336425787, 10.835809707641658], [76.04361724853516, 10.838129997253475], [76.03726196289057, 10.839351654052848], [76.033187866211, 10.837081909179688], [76.02767181396496, 10.827121734619197], [76.02530670166016, 10.818919181823844], [76.0209579467774, 10.818420410156307], [76.02075958251959, 10.824839591980094], [76.01444244384771, 10.846899986267204], [76.00329589843761, 10.852499961853027], [75.99201965332043, 10.855310440063533], [75.97831726074213, 10.851481437683162], [75.9614028930664, 10.843680381774846], [75.95649719238287, 10.839859962463493], [75.95408630371105, 10.834740638733024], [75.95414733886719, 10.829760551452694], [75.95252227783214, 10.8176908493042], [75.94890594482433, 10.80621147155773], [75.941162109375, 10.795680999755973], [75.92993927001953, 10.788250923156795], [75.92624664306635, 10.786712646484375], [75.922622680664, 10.790740013122615], [75.91665649414074, 10.787699699401799], [75.9131927490235, 10.78551197052002], [75.9131927490235, 10.786250114440975], [75.91291809082031, 10.786250114440975], [75.91291809082031, 10.786810874939079], [75.91263580322271, 10.78680610656744], [75.91263580322271, 10.787360191345329], [75.91236114501953, 10.787360191345329], [75.91236114501953, 10.788193702697868], [75.91208648681652, 10.788191795349121], [75.91208648681652, 10.788749694824332], [75.91179656982422, 10.788749694824332], [75.91179656982422, 10.789311408996582], [75.91152954101574, 10.789305686950627], [75.91152954101574, 10.789859771728516], [75.91124725341797, 10.789859771728516], [75.91124725341797, 10.79042053222662], [75.91097259521496, 10.79041576385498], [75.91097259521496, 10.790971755981445], [75.91069793701178, 10.790971755981445], [75.91069793701178, 10.791528701782227], [75.910415649414, 10.791528701782227], [75.910415649414, 10.79236030578619], [75.910140991211, 10.79236030578619], [75.910140991211, 10.793473243713436], [75.90985870361328, 10.793470382690543], [75.90985870361328, 10.794591903686637], [75.90958404541021, 10.79458332061779], [75.90958404541021, 10.795695304870549], [75.90930938720703, 10.795695304870549], [75.9093017578125, 10.797082901000977], [75.90902709960949, 10.797082901000977], [75.90902709960949, 10.798194885253963], [75.90875244140625, 10.798191070556754], [75.90875244140625, 10.799309730529785], [75.90847015380871, 10.799309730529785], [75.90847015380871, 10.800421714782715], [75.90820312500006, 10.800421714782715], [75.90820312500006, 10.80181026458746], [75.90791320800793, 10.80181026458746], [75.90791320800793, 10.802920341491813], [75.90763854980474, 10.802920341491813], [75.90763854980474, 10.804030418395996], [75.90735626220714, 10.804030418395996], [75.90735626220714, 10.805139541626033], [75.90708160400396, 10.805139541626033], [75.90708160400396, 10.806249618530387], [75.90680694580078, 10.806249618530387], [75.90680694580078, 10.807361602783146], [75.90652465820318, 10.807361602783146], [75.90652465820318, 10.8084716796875], [75.90625, 10.8084716796875], [75.90625, 10.809591293335018], [75.90597534179699, 10.809583663940487], [75.90597534179699, 10.81069374084484], [75.90569305419922, 10.810691833496037], [75.90569305419922, 10.811811447143555], [75.90541839599621, 10.811811447143555], [75.90541839599621, 10.812920570373592], [75.90513610839844, 10.812920570373592], [75.90513610839844, 10.814030647277946], [75.90486145019543, 10.814030647277946], [75.90486145019543, 10.815139770507812], [75.90458679199224, 10.815137863159237], [75.90458679199224, 10.816249847412166], [75.90429687500011, 10.816249847412166], [75.90429687500011, 10.817641258239803], [75.90402984619146, 10.817641258239803], [75.90402984619146, 10.81902885437023], [75.90376281738281, 10.81902885437023], [75.90376281738281, 10.820421218872184], [75.90347290039068, 10.820417404174805], [75.90347290039068, 10.822083473205623], [75.9031982421875, 10.822083473205623], [75.9031982421875, 10.823472976684684], [75.9029159545899, 10.823472976684684], [75.9029159545899, 10.824860572814941], [75.90264129638672, 10.824860572814941], [75.90264129638672, 10.826251029968262], [75.90235900878918, 10.826249122619686], [75.90235900878918, 10.82763862609869], [75.9020767211914, 10.827630043029842], [75.9020767211914, 10.829310417175293], [75.9018020629884, 10.829310417175293], [75.9018020629884, 10.830699920654297], [75.90152740478521, 10.830693244934082], [75.90152740478521, 10.832083702087402], [75.90125274658214, 10.832083702087402], [75.90125274658214, 10.833472251892147], [75.90097045898443, 10.833472251892147], [75.90097045898443, 10.834584236145076], [75.9006958007812, 10.834584236145076], [75.9006958007812, 10.83569431304943], [75.90041351318365, 10.83569431304943], [75.90041351318365, 10.83708381652832], [75.90013885498047, 10.83708381652832], [75.90013885498047, 10.838193893432674], [75.89985656738287, 10.838191986084041], [75.89985656738287, 10.839310646057243], [75.89958190917969, 10.839310646057243], [75.89958190917969, 10.840420722961426], [75.89930725097668, 10.840420722961426], [75.89930725097668, 10.841811180114746], [75.89901733398438, 10.841811180114746], [75.89901733398438, 10.8429212570191], [75.8987503051759, 10.8429212570191], [75.8987503051759, 10.844031333923454], [75.89848327636724, 10.844031333923454], [75.89848327636724, 10.845420837402287], [75.89819335937511, 10.845420837402287], [75.89819335937511, 10.84653091430664], [75.89791870117193, 10.84653091430664], [75.89791870117193, 10.847640991210994], [75.8976287841798, 10.847640991210994], [75.8976287841798, 10.849031448364371], [75.89736175537115, 10.849031448364371], [75.89736175537115, 10.850420951843375], [75.89708709716797, 10.850417137145996], [75.89708709716797, 10.85180473327648], [75.89680480957037, 10.85180473327648], [75.89680480957037, 10.853195190429801], [75.89653015136719, 10.853195190429801], [75.89653015136719, 10.854582786560059], [75.89624786376964, 10.854582786560059], [75.89624786376964, 10.855971336364803], [75.8959732055664, 10.855971336364803], [75.8959732055664, 10.857360839843807], [75.89569091796886, 10.857360839843807], [75.89569091796886, 10.858749389648551], [75.89541625976562, 10.858749389648551], [75.89541625976562, 10.860139846801701], [75.89514160156261, 10.860139846801701], [75.89514160156261, 10.861530303955021], [75.8948593139649, 10.861530303955021], [75.8948593139649, 10.862917900085506], [75.89456939697277, 10.862917900085506], [75.89456939697277, 10.864031791687012], [75.89430236816412, 10.864031791687012], [75.89430236816412, 10.86513996124279], [75.89402770996094, 10.86513996124279], [75.89402770996094, 10.865971565246582], [75.89375305175787, 10.865971565246582], [75.89375305175787, 10.867083549499512], [75.89347076416016, 10.867083549499512], [75.89347076416016, 10.868472099304256], [75.89319610595714, 10.86847019195568], [75.89319610595714, 10.870141029357967], [75.89290618896484, 10.870141029357967], [75.89290618896484, 10.871810913085994], [75.89263916015636, 10.871804237365723], [75.89263916015636, 10.873194694519043], [75.8923568725586, 10.873189926147575], [75.8923568725586, 10.874031066894474], [75.89208221435558, 10.874029159545898], [75.89208221435558, 10.874583244323787], [75.8918075561524, 10.874583244323787], [75.8918075561524, 10.875695228576717], [75.89153289794916, 10.875680923461971], [75.89153289794916, 10.876530647277889], [75.89125061035162, 10.876530647277889], [75.89125061035162, 10.877640724182243], [75.89097595214844, 10.877638816833496], [75.89097595214844, 10.880970954895133], [75.89041900634766, 10.880970954895133], [75.89041900634766, 10.881810188293457], [75.89013671875006, 10.881805419921989], [75.89013671875006, 10.883473396301383], [75.88986206054688, 10.88347053527832], [75.88986206054688, 10.884870529174805], [75.88957977294933, 10.884870529174805], [75.88957977294933, 10.886529922485352], [75.8893051147461, 10.886528015136776], [75.8893051147461, 10.888194084167594], [75.88903045654308, 10.888194084167594], [75.88903045654308, 10.889583587646484], [75.8887557983399, 10.889581680297852], [75.8887557983399, 10.891249656677303], [75.88846588134777, 10.891249656677303], [75.88846588134777, 10.892640113830623], [75.88819122314459, 10.892640113830623], [75.88819122314459, 10.893750190734977], [75.88791656494135, 10.893750190734977], [75.88791656494135, 10.89513969421381], [75.88764190673834, 10.89513969421381], [75.88764190673834, 10.896249771118164], [75.88735961914062, 10.896249771118164], [75.88735961914062, 10.8976411819458], [75.88707733154303, 10.8976411819458], [75.88708496093756, 10.898751258850154], [75.88680267333984, 10.898751258850154], [75.88680267333984, 10.900138854980582], [75.88652801513683, 10.900138854980582], [75.88652801513683, 10.901531219482536], [75.8862533569336, 10.901531219482536], [75.8862533569336, 10.902641296386662], [75.88597106933605, 10.902641296386662], [75.88597106933605, 10.904028892517147], [75.88568878173828, 10.904028892517147], [75.88568878173828, 10.905140876770076], [75.88539886474621, 10.905140876770076], [75.88539886474621, 10.90625095367443], [75.88513946533209, 10.906249046325684], [75.88513946533209, 10.907361030578613], [75.88486480712885, 10.907361030578613], [75.88486480712885, 10.908471107482967], [75.8845825195313, 10.908471107482967], [75.8845825195313, 10.909860610961971], [75.88430786132812, 10.909860610961971], [75.88430786132812, 10.910973548889217], [75.88402557373053, 10.910973548889217], [75.88402557373053, 10.912362098693961], [75.88375091552734, 10.912362098693961], [75.88375091552734, 10.913471221923828], [75.8834686279298, 10.913471221923828], [75.8834686279298, 10.914584159851074], [75.88319396972656, 10.914584159851074], [75.88319396972656, 10.915971755981502], [75.88291931152355, 10.915971755981502], [75.88291931152355, 10.917083740234489], [75.88263702392578, 10.917083740234489], [75.88263702392578, 10.918472290039006], [75.88236236572277, 10.918472290039006], [75.88236236572277, 10.919584274291992], [75.88208007812506, 10.919580459594783], [75.88208007812506, 10.920981407165527], [75.88180541992182, 10.92097187042242], [75.88180541992182, 10.92236232757574], [75.8815307617188, 10.92236232757574], [75.8815307617188, 10.923472404480094], [75.8812484741211, 10.923472404480094], [75.8812484741211, 10.924860000610352], [75.8809661865235, 10.924860000610352], [75.88097381591803, 10.926251411437988], [75.88069152832031, 10.926251411437988], [75.88069152832031, 10.927640914916992], [75.8804168701173, 10.927640914916992], [75.8804168701173, 10.92903137207037], [75.88014221191406, 10.92903137207037], [75.88014221191406, 10.930150032043514], [75.87985992431652, 10.930150032043514], [75.87985992431652, 10.931530952453727], [75.87959289550787, 10.931530952453727], [75.87959289550787, 10.93264102935791], [75.87930297851574, 10.932639122009334], [75.87930297851574, 10.933751106262264], [75.87902832031256, 10.933751106262264], [75.87902832031256, 10.934861183166618], [75.87875366210932, 10.934861183166618], [75.87875366210932, 10.9359712600708], [75.87847137451178, 10.9359712600708], [75.87847137451178, 10.93708324432373], [75.8781967163086, 10.93708324432373], [75.8781967163086, 10.938193321228084], [75.87790679931646, 10.938191413879508], [75.87790679931646, 10.939310073852482], [75.87763977050781, 10.939310073852482], [75.87763977050781, 10.940420150756836], [75.87735748291021, 10.940420150756836], [75.87735748291021, 10.94153022766119], [75.87708282470703, 10.94153022766119], [75.87708282470703, 10.942640304565373], [75.87681579589855, 10.942640304565373], [75.87681579589855, 10.944027900695858], [75.87652587890625, 10.944027900695858], [75.87652587890625, 10.94515132904047], [75.87625122070324, 10.94515132904047], [75.87625122070324, 10.946249961853141], [75.87596893310553, 10.946249961853141], [75.87596893310553, 10.947360038757324], [75.87569427490246, 10.947360038757324], [75.87569427490246, 10.948472023010254], [75.87541961669928, 10.948472023010254], [75.87541961669928, 10.949582099914608], [75.8751373291015, 10.949582099914608], [75.8751373291015, 10.950694084167537], [75.8748626708985, 10.950690269470215], [75.8748626708985, 10.951810836791992], [75.87458038330078, 10.951810836791992], [75.87458038330078, 10.952920913696346], [75.8743133544923, 10.952920913696346], [75.8743133544923, 10.9540309906007], [75.87403106689453, 10.9540309906007], [75.87403106689453, 10.955141067504826], [75.87374877929699, 10.95513916015625], [75.87374877929699, 10.95625114440918], [75.87347412109375, 10.95625114440918], [75.87347412109375, 10.957361221313533], [75.87319183349621, 10.957361221313533], [75.87319183349621, 10.95847320556652], [75.87291717529303, 10.95847320556652], [75.87291717529303, 10.959583282470703], [75.87264251708996, 10.95958137512207], [75.87264251708996, 10.960421562194881], [75.87236022949224, 10.960421562194881], [75.87236022949224, 10.961531639099235], [75.8720932006836, 10.961531639099235], [75.8720932006836, 10.962641716003418], [75.87180328369146, 10.962641716003418], [75.87180328369146, 10.963750839233455], [75.87152862548828, 10.96374893188488], [75.87152862548828, 10.964860916137638], [75.87124633789068, 10.964860916137638], [75.87124633789068, 10.965970993041992], [75.8709716796875, 10.965970993041992], [75.8709716796875, 10.966810226440543], [75.87068939208996, 10.966810226440543], [75.87068939208996, 10.96792030334467], [75.87039947509766, 10.96792030334467], [75.87039947509766, 10.969030380249023], [75.87014007568371, 10.969030380249023], [75.87014007568371, 10.970140457153377], [75.86985778808594, 10.970140457153377], [75.86985778808594, 10.9712495803833], [75.86958312988293, 10.9712495803833], [75.86958312988293, 10.97236156463623], [75.86930847167974, 10.97236156463623], [75.86930847167974, 10.973471641540584], [75.86902618408197, 10.973471641540584], [75.86902618408197, 10.974583625793514], [75.86875152587896, 10.974583625793514], [75.86875152587896, 10.975693702697868], [75.86846923828125, 10.975691795349121], [75.86846923828125, 10.976811408996582], [75.86818695068365, 10.976811408996582], [75.86818695068365, 10.977920532226676], [75.867919921875, 10.977920532226676], [75.867919921875, 10.979030609130803], [75.86765289306652, 10.979030609130803], [75.86765289306652, 10.980140686035156], [75.86736297607422, 10.980140686035156], [75.86736297607422, 10.981260299682674], [75.86708068847668, 10.981260299682674], [75.86708068847668, 10.982362747192496], [75.86680603027344, 10.982360839843693], [75.86680603027344, 10.98347282409668], [75.86653137207043, 10.98347282409668], [75.86653137207043, 10.984582901001033], [75.86624908447271, 10.984582901001033], [75.86624908447271, 10.985694885253963], [75.86596679687511, 10.985690116882324], [75.86596679687511, 10.986811637878361], [75.86569213867193, 10.986811637878361], [75.86569213867193, 10.987921714782715], [75.86541748046875, 10.987916946411246], [75.86541748046875, 10.988751411438102], [75.86513519287115, 10.988751411438102], [75.86513519287115, 10.989860534667969], [75.86486053466797, 10.989860534667969], [75.86486053466797, 10.990973472595215], [75.86458587646496, 10.990973472595215], [75.86458587646496, 10.992082595825309], [75.86429595947266, 10.992080688476506], [75.86429595947266, 10.993200302124023], [75.86402893066418, 10.993200302124023], [75.86402893066418, 10.994031906127987], [75.8637466430664, 10.994031906127987], [75.8637466430664, 10.99514198303234], [75.8634719848634, 10.99514198303234], [75.8634719848634, 10.996260643005314], [75.86319732666021, 10.99625015258789], [75.86319732666021, 10.997362136840877], [75.86291503906261, 10.997362136840877], [75.86291503906261, 10.99847221374523], [75.86235809326166, 10.998470306396428], [75.86235809326166, 10.999030113220272], [75.86208343505865, 10.999028205871696], [75.86208343505865, 10.999859809875488], [75.86180877685547, 10.999859809875488], [75.86180877685547, 11.000140190124625], [75.86180877685547, 11.000694274902344], [75.86151885986334, 11.000688552856559], [75.86152648925787, 11.000971794128418], [75.86125183105469, 11.000971794128418], [75.86125183105469, 11.002083778381348], [75.86096954345714, 11.002081871032772], [75.86096954345714, 11.002921104431266], [75.8606948852539, 11.002916336059627], [75.8606948852539, 11.003193855285701], [75.86096954345714, 11.003193855285701], [75.86096954345714, 11.003749847412166], [75.86068725585938, 11.003749847412166], [75.8606948852539, 11.00485992431635], [75.8604202270509, 11.00485992431635], [75.8604202270509, 11.005694389343205], [75.86013793945318, 11.005689620971737], [75.86013793945318, 11.00681114196783], [75.85986328125011, 11.00681114196783], [75.85986328125011, 11.007921218872184], [75.8595809936524, 11.007921218872184], [75.8595809936524, 11.009031295776367], [75.85930633544916, 11.009026527404842], [75.85930633544916, 11.009860992431697], [75.85902404785162, 11.009860992431697], [75.85902404785162, 11.010972976684684], [75.85874938964844, 11.010972976684684], [75.85874938964844, 11.011248588562012], [75.85901641845709, 11.01124191284191], [75.85901641845709, 11.011530876159725], [75.85874938964844, 11.011530876159725], [75.85874938964844, 11.012640953064079], [75.85847473144537, 11.012639045715332], [75.85847473144537, 11.013472557067871], [75.85819244384766, 11.013470649719295], [75.85819244384766, 11.013751029968262], [75.85791778564464, 11.013751029968262], [75.85791778564464, 11.01430511474615], [75.8576431274414, 11.014300346374512], [75.8576431274414, 11.016531944274902], [75.85736083984386, 11.016531944274902], [75.85736083984386, 11.01791954040533], [75.85763549804688, 11.017916679382267], [75.85763549804688, 11.018470764160156], [75.85791778564464, 11.018473625183049], [75.85791778564464, 11.018749237060547], [75.85902404785162, 11.018749237060547], [75.85901641845709, 11.018470764160156], [75.8595809936524, 11.018470764160156], [75.8595809936524, 11.018193244934082], [75.86013793945318, 11.018193244934082], [75.86013793945318, 11.017916679382267], [75.8604202270509, 11.01791954040533], [75.8604202270509, 11.017642021179256], [75.86096954345714, 11.017642021179256], [75.86096954345714, 11.016531944274902], [75.86125183105469, 11.016531944274902]]]}, "properties": {"id": "tirur", "taluk_name": "Tirur", "malayalam_name": "തിരൂർ", "district_name": "Malappuram", "district_id": "malappuram", "elevation_m": 15, "slope_degrees": 1.8, "area_sq_km": 420, "centroid": {"lat": 10.91, "lng": 75.92}, "dominant_land_use": "Rubber, Teak, Coconut & Mixed Cropping (Slope: 1.8°)", "soil_type": "Red Gravelly Laterite & Valley Alluvium", "rusle": {"R": 3837, "K": 0.026, "LS": 2.1, "C": 0.17, "P": 0.71, "A": 6.8}, "risk_category": "Moderate", "time_series": {"2018": 8.5, "2019": 7.8, "2020": 6.3, "2021": 6.9, "2022": 6.4, "2023": 5.6, "2024": 6.8}, "conservation": ["Contour terracing suitable for 15m elevation zones", "Runoff control hedgerows across slopes > 5.0°"], "is_sample_data": true, "data_source": "Bundled GeoJSON (DEMO Mode)"}}, {"type": "Feature", "id": "ponnani", "geometry": {"type": "Polygon", "coordinates": [[[76.00917, 10.77], [76.00864, 10.78535], [76.00467, 10.80027], [75.99757, 10.814], [75.98794, 10.826], [75.9764, 10.83603], [75.96349, 10.844], [75.9496, 10.8499], [75.93501, 10.85365], [75.92, 10.85505], [75.90495, 10.85387], [75.89038, 10.84994], [75.87691, 10.84331], [75.8651, 10.83428], [75.8553, 10.82334], [75.84762, 10.81105], [75.84196, 10.7979], [75.83812, 10.78418], [75.83602, 10.77], [75.83579, 10.75541], [75.83777, 10.7406], [75.84243, 10.726], [75.85007, 10.71236], [75.86071, 10.70059], [75.87391, 10.69158], [75.88886, 10.68595], [75.90453, 10.68384], [75.92, 10.68495], [75.9346, 10.68864], [75.94808, 10.69421], [75.96049, 10.7011], [75.97201, 10.70911], [75.98271, 10.7183], [75.99238, 10.72895], [76.00048, 10.74122], [76.00631, 10.75505], [76.00917, 10.77]]]}, "properties": {"id": "ponnani", "taluk_name": "Ponnani", "malayalam_name": "പൊന്നാനി", "district_name": "Malappuram", "district_id": "malappuram", "elevation_m": 10, "slope_degrees": 1.2, "area_sq_km": 280, "centroid": {"lat": 10.77, "lng": 75.92}, "dominant_land_use": "Rubber, Teak, Coconut & Mixed Cropping (Slope: 1.2°)", "soil_type": "Red Gravelly Laterite & Valley Alluvium", "rusle": {"R": 3788, "K": 0.026, "LS": 1.8, "C": 0.16, "P": 0.71, "A": 5.2}, "risk_category": "Moderate", "time_series": {"2018": 6.5, "2019": 6.0, "2020": 4.8, "2021": 5.3, "2022": 4.9, "2023": 4.3, "2024": 5.2}, "conservation": ["Contour terracing suitable for 10m elevation zones", "Runoff control hedgerows across slopes > 5.0°"], "is_sample_data": true, "data_source": "Bundled GeoJSON (DEMO Mode)"}}, {"type": "Feature", "id": "nilambur", "geometry": {"type": "Polygon", "coordinates": [[[76.41024, 11.28], [76.40917, 11.31098], [76.40114, 11.34109], [76.3868, 11.36878], [76.36732, 11.393], [76.34399, 11.41323], [76.3179, 11.42931], [76.28984, 11.44122], [76.26035, 11.44878], [76.23, 11.45161], [76.19957, 11.44923], [76.17013, 11.44131], [76.14291, 11.42793], [76.11902, 11.4097], [76.09922, 11.38762], [76.0837, 11.36283], [76.07225, 11.33631], [76.0645, 11.30862], [76.06025, 11.28], [76.05978, 11.25057], [76.0638, 11.22068], [76.0732, 11.19122], [76.08865, 11.16369], [76.11016, 11.13994], [76.13685, 11.12177], [76.16705, 11.1104], [76.19874, 11.10615], [76.23, 11.10839], [76.25952, 11.11584], [76.28676, 11.12707], [76.31184, 11.14098], [76.33513, 11.15713], [76.35676, 11.17569], [76.3763, 11.19717], [76.39268, 11.22193], [76.40446, 11.24983], [76.41024, 11.28]]]}, "properties": {"id": "nilambur", "taluk_name": "Nilambur", "malayalam_name": "നിലമ്പൂർ", "district_name": "Malappuram", "district_id": "malappuram", "elevation_m": 420, "slope_degrees": 19.5, "area_sq_km": 1140, "centroid": {"lat": 11.28, "lng": 76.23}, "dominant_land_use": "Rubber, Teak, Coconut & Mixed Cropping (Slope: 19.5°)", "soil_type": "Red Gravelly Laterite & Valley Alluvium", "rusle": {"R": 5289, "K": 0.026, "LS": 10.9, "C": 0.34, "P": 0.59, "A": 38.6}, "risk_category": "Severe", "time_series": {"2018": 48.2, "2019": 44.4, "2020": 35.5, "2021": 39.4, "2022": 36.3, "2023": 31.7, "2024": 38.6}, "conservation": ["Contour terracing suitable for 420m elevation zones", "Runoff control hedgerows across slopes > 14°"], "is_sample_data": true, "data_source": "Bundled GeoJSON (DEMO Mode)"}}, {"type": "Feature", "id": "tirurangadi", "geometry": {"type": "Polygon", "coordinates": [[[76.02083, 11.03], [76.02029, 11.04563], [76.01624, 11.06081], [76.00902, 11.07478], [75.9992, 11.08699], [75.98744, 11.0972], [75.9743, 11.10531], [75.96015, 11.11131], [75.94529, 11.11513], [75.93, 11.11656], [75.91467, 11.11535], [75.89983, 11.11136], [75.88611, 11.10461], [75.87408, 11.09542], [75.86409, 11.08428], [75.85627, 11.07178], [75.85051, 11.0584], [75.8466, 11.04443], [75.84446, 11.03], [75.84422, 11.01515], [75.84624, 11.00008], [75.85098, 10.98522], [75.85877, 10.97134], [75.86961, 10.95936], [75.88306, 10.95019], [75.89828, 10.94446], [75.91425, 10.94231], [75.93, 10.94344], [75.94487, 10.9472], [75.9586, 10.95287], [75.97124, 10.95989], [75.98298, 10.96803], [75.99388, 10.97739], [76.00373, 10.98822], [76.01198, 11.00071], [76.01791, 11.01478], [76.02083, 11.03]]]}, "properties": {"id": "tirurangadi", "taluk_name": "Tirurangadi", "malayalam_name": "തിരൂരങ്ങാടി", "district_name": "Malappuram", "district_id": "malappuram", "elevation_m": 25, "slope_degrees": 2.2, "area_sq_km": 290, "centroid": {"lat": 11.03, "lng": 75.93}, "dominant_land_use": "Rubber, Teak, Coconut & Mixed Cropping (Slope: 2.2°)", "soil_type": "Red Gravelly Laterite & Valley Alluvium", "rusle": {"R": 3870, "K": 0.026, "LS": 2.3, "C": 0.17, "P": 0.71, "A": 7.5}, "risk_category": "Moderate", "time_series": {"2018": 9.4, "2019": 8.6, "2020": 6.9, "2021": 7.7, "2022": 7.0, "2023": 6.1, "2024": 7.5}, "conservation": ["Contour terracing suitable for 25m elevation zones", "Runoff control hedgerows across slopes > 5.0°"], "is_sample_data": true, "data_source": "Bundled GeoJSON (DEMO Mode)"}}, {"type": "Feature", "id": "kondotty", "geometry": {"type": "Polygon", "coordinates": [[[76.04437, 11.14], [76.04386, 11.15451], [76.0401, 11.16861], [76.03339, 11.18157], [76.02428, 11.19292], [76.01336, 11.20239], [76.00114, 11.20992], [75.98801, 11.2155], [75.9742, 11.21904], [75.96, 11.22037], [75.94576, 11.21925], [75.93198, 11.21554], [75.91924, 11.20928], [75.90806, 11.20074], [75.89878, 11.1904], [75.89152, 11.17879], [75.88616, 11.16637], [75.88253, 11.1534], [75.88055, 11.14], [75.88033, 11.12622], [75.88221, 11.11222], [75.88661, 11.09843], [75.89384, 11.08553], [75.90391, 11.07441], [75.9164, 11.0659], [75.93054, 11.06058], [75.94537, 11.05859], [75.96, 11.05963], [75.97382, 11.06312], [75.98657, 11.06838], [75.99831, 11.0749], [76.00921, 11.08246], [76.01933, 11.09115], [76.02848, 11.10121], [76.03615, 11.11281], [76.04166, 11.12587], [76.04437, 11.14]]]}, "properties": {"id": "kondotty", "taluk_name": "Kondotty", "malayalam_name": "കൊണ്ടോട്ടി", "district_name": "Malappuram", "district_id": "malappuram", "elevation_m": 75, "slope_degrees": 4.5, "area_sq_km": 250, "centroid": {"lat": 11.14, "lng": 75.96}, "dominant_land_use": "Rubber, Teak, Coconut & Mixed Cropping (Slope: 4.5°)", "soil_type": "Red Gravelly Laterite & Valley Alluvium", "rusle": {"R": 4059, "K": 0.026, "LS": 3.5, "C": 0.2, "P": 0.69, "A": 11.8}, "risk_category": "High", "time_series": {"2018": 14.8, "2019": 13.6, "2020": 10.9, "2021": 12.0, "2022": 11.1, "2023": 9.7, "2024": 11.8}, "conservation": ["Contour terracing suitable for 75m elevation zones", "Runoff control hedgerows across slopes > 5.0°"], "is_sample_data": true, "data_source": "Bundled GeoJSON (DEMO Mode)"}}, {"type": "Feature", "id": "palakkad_t", "geometry": {"type": "Polygon", "coordinates": [[[76.65278625488281, 10.91996002197277], [76.6748733520509, 10.906401634216422], [76.68460083007824, 10.90243053436285], [76.69300079345697, 10.90227031707775], [76.70040130615246, 10.900790214538517], [76.71142578125006, 10.895560264587346], [76.71846008300787, 10.889841079711971], [76.7228393554688, 10.88762187957775], [76.72785949707043, 10.886798858642635], [76.73079681396484, 10.884081840515137], [76.7326889038086, 10.88097953796398], [76.73943328857428, 10.884430885314998], [76.74395751953125, 10.884921073913688], [76.74910736083984, 10.884781837463379], [76.76191711425781, 10.879770278930778], [76.76669311523438, 10.881740570068303], [76.77298736572266, 10.88164138793951], [76.7777328491211, 10.878970146179256], [76.78128051757824, 10.8739013671875], [76.78527069091808, 10.871472358703556], [76.79094696044928, 10.870969772338867], [76.81755828857416, 10.861801147461051], [76.82089233398443, 10.858910560607967], [76.82459259033214, 10.850441932678223], [76.82762908935558, 10.847140312194881], [76.83407592773443, 10.84270191192627], [76.83872985839838, 10.83762168884283], [76.84266662597662, 10.831851005554256], [76.84519195556652, 10.826501846313533], [76.84342956542974, 10.822500228881836], [76.83712768554693, 10.81553936004633], [76.84041595458996, 10.807660102844295], [76.83795928955072, 10.80239105224615], [76.82093048095714, 10.800890922546387], [76.81839752197271, 10.80298137664795], [76.81516265869146, 10.802140235900822], [76.8171768188476, 10.795580863952637], [76.80937957763672, 10.788230895996094], [76.80790710449224, 10.785202026367188], [76.82422637939447, 10.786178588867244], [76.82392883300787, 10.782739639282227], [76.81488800048822, 10.774080276489371], [76.81146240234375, 10.771750450134391], [76.804672241211, 10.771051406860465], [76.80519104003906, 10.760999679565487], [76.7991790771485, 10.76116085052496], [76.79582214355469, 10.762501716613826], [76.79458618164068, 10.759630203247013], [76.79757690429688, 10.755770683288631], [76.80399322509777, 10.754179954528922], [76.80384826660156, 10.751139640808105], [76.80119323730469, 10.751040458679313], [76.80142211914068, 10.745418548583984], [76.79836273193365, 10.746990203857479], [76.79576110839855, 10.746659278869629], [76.79619598388666, 10.741950988769588], [76.79532623291021, 10.739890098571891], [76.7918090820312, 10.74330043792736], [76.787841796875, 10.745849609374943], [76.78067016601568, 10.74755954742443], [76.77806091308605, 10.74718093872076], [76.77712249755854, 10.743341445922908], [76.7796401977539, 10.74022102355957], [76.7763671875, 10.737261772155819], [76.77482604980463, 10.732049942016658], [76.77783203125011, 10.732271194458065], [76.7779312133789, 10.729271888732853], [76.77097320556652, 10.727141380310002], [76.76111602783203, 10.725590705871582], [76.76116180419922, 10.722840309143066], [76.76316070556652, 10.718470573425293], [76.76225280761719, 10.713650703430233], [76.758056640625, 10.709031105041618], [76.74768829345714, 10.699799537658748], [76.73793029785162, 10.700609207153377], [76.73795318603521, 10.70422172546381], [76.72387695312511, 10.7029905319215], [76.72390747070307, 10.697370529174805], [76.71676635742193, 10.69391059875494], [76.71507263183605, 10.691340446472282], [76.71438598632812, 10.685489654540959], [76.71066284179693, 10.6820707321167], [76.70398712158209, 10.688710212707633], [76.70017242431646, 10.685979843139648], [76.69555664062506, 10.692779541015739], [76.69274139404303, 10.692621231079158], [76.69564819335949, 10.686811447143668], [76.69638824462902, 10.683528900146598], [76.69140625000006, 10.68671989440918], [76.68921661376953, 10.684961318969783], [76.69023132324224, 10.681790351867733], [76.68630218505871, 10.682331085205135], [76.68122863769531, 10.675130844116268], [76.67555236816412, 10.673850059509334], [76.66953277587902, 10.673940658569336], [76.66594696044922, 10.67534065246582], [76.6627197265625, 10.677359580993596], [76.65981292724604, 10.680949211120605], [76.6493301391601, 10.690300941467342], [76.6458129882813, 10.691121101379451], [76.64293670654303, 10.69297885894781], [76.64402770996094, 10.71024131774908], [76.64341735839838, 10.71449184417736], [76.63684844970709, 10.716528892517147], [76.63442230224621, 10.718670845031852], [76.62940979003912, 10.712511062622013], [76.62860870361334, 10.714801788330192], [76.62513732910156, 10.714880943298454], [76.62460327148443, 10.712129592895451], [76.62233734130865, 10.711569786071834], [76.62174224853521, 10.708250999450627], [76.61843872070312, 10.707921028137264], [76.61477661132824, 10.704961776733512], [76.60925292968761, 10.70746040344244], [76.61080169677729, 10.71553993225109], [76.60740661621094, 10.719170570373478], [76.6068115234375, 10.724740982055664], [76.60485076904308, 10.728430747985954], [76.60002136230474, 10.733730316162053], [76.59881591796875, 10.743551254272461], [76.59710693359375, 10.747000694274902], [76.5870132446289, 10.75818920135498], [76.57958984375006, 10.756170272827148], [76.57618713378912, 10.756361961364746], [76.57469177246105, 10.75934028625494], [76.57589721679682, 10.767721176147575], [76.57353973388678, 10.770199775695744], [76.57010650634771, 10.769190788268986], [76.55953216552734, 10.77210998535162], [76.55818939208984, 10.769371032714844], [76.54431915283209, 10.770310401916504], [76.54319000244146, 10.773579597473258], [76.54070281982428, 10.774000167846793], [76.54250335693371, 10.777199745178223], [76.53945159912121, 10.777730941772518], [76.5376815795899, 10.780441284179688], [76.5318832397461, 10.778241157531738], [76.52108764648443, 10.776691436767578], [76.50926971435558, 10.770550727844352], [76.50570678710932, 10.765179634094352], [76.50068664550793, 10.762460708618278], [76.48470306396496, 10.758641242981014], [76.48046112060553, 10.755571365356559], [76.47487640380865, 10.766150474548397], [76.46750640869152, 10.774800300598145], [76.4490966796875, 10.772660255432186], [76.43698883056652, 10.79022026062023], [76.4426879882813, 10.794780731201115], [76.44325256347662, 10.799592018127498], [76.44552612304693, 10.804229736328125], [76.45292663574219, 10.803271293640194], [76.45094299316418, 10.811370849609432], [76.45169830322277, 10.818250656128043], [76.45503234863281, 10.833271026611442], [76.45281982421886, 10.852210998535213], [76.45567321777355, 10.856381416320914], [76.45893859863293, 10.859238624572754], [76.46501922607433, 10.861671447753906], [76.46552276611328, 10.86786079406744], [76.47363281250011, 10.8672513961792], [76.4758987426759, 10.878830909729004], [76.4883270263673, 10.877850532531795], [76.50338745117199, 10.878399848937988], [76.51093292236334, 10.879450798034668], [76.51846313476574, 10.883420944213924], [76.5225677490235, 10.881851196289006], [76.5288314819336, 10.875221252441406], [76.5470428466798, 10.880279541015739], [76.55175018310553, 10.875090599060172], [76.5592498779298, 10.871441841125602], [76.5592498779298, 10.879639625549316], [76.5602264404298, 10.88795185089117], [76.55966949462902, 10.906599998474235], [76.56095123291021, 10.911181449890194], [76.56472778320318, 10.912421226501522], [76.57283020019543, 10.91123104095459], [76.582260131836, 10.912150382995662], [76.58722686767584, 10.910808563232422], [76.60119628906256, 10.922418594360408], [76.610336303711, 10.920550346374569], [76.61904907226562, 10.917050361633244], [76.62272644042974, 10.918649673462028], [76.63112640380865, 10.920479774475154], [76.65278625488281, 10.91996002197277]]]}, "properties": {"id": "palakkad_t", "taluk_name": "Palakkad", "malayalam_name": "പാലക്കാട്", "district_name": "Palakkad", "district_id": "palakkad", "elevation_m": 80, "slope_degrees": 3.0, "area_sq_km": 720, "centroid": {"lat": 10.78, "lng": 76.65}, "dominant_land_use": "Paddy Fields, Sugarcane, Coconut & Palmyra (Slope: 3.0°)", "soil_type": "Black Cotton Soil, Red Loam & Laterite", "rusle": {"R": 2304, "K": 0.021, "LS": 2.7, "C": 0.18, "P": 0.7, "A": 6.5}, "risk_category": "Moderate", "time_series": {"2018": 8.1, "2019": 7.5, "2020": 6.0, "2021": 6.6, "2022": 6.1, "2023": 5.3, "2024": 6.5}, "conservation": ["Contour terracing suitable for 80m elevation zones", "Runoff control hedgerows across slopes > 5.0°"], "is_sample_data": true, "data_source": "Bundled GeoJSON (DEMO Mode)"}}, {"type": "Feature", "id": "alathur", "geometry": {"type": "Polygon", "coordinates": [[[76.68877, 10.64], [76.68789, 10.66563], [76.68125, 10.69053], [76.66942, 10.71344], [76.65334, 10.73347], [76.63409, 10.7502], [76.61255, 10.76351], [76.58939, 10.77336], [76.56505, 10.77961], [76.54, 10.78195], [76.51489, 10.77998], [76.49059, 10.77343], [76.46812, 10.76237], [76.4484, 10.74729], [76.43205, 10.72902], [76.41925, 10.70852], [76.4098, 10.68657], [76.4034, 10.66367], [76.3999, 10.64], [76.39951, 10.61565], [76.40282, 10.59093], [76.41058, 10.56656], [76.42334, 10.54379], [76.44109, 10.52415], [76.46311, 10.50912], [76.48805, 10.49971], [76.5142, 10.49619], [76.54, 10.49805], [76.56436, 10.50421], [76.58685, 10.5135], [76.60755, 10.52501], [76.62677, 10.53837], [76.64463, 10.55372], [76.66075, 10.57148], [76.67427, 10.59197], [76.68399, 10.61505], [76.68877, 10.64]]]}, "properties": {"id": "alathur", "taluk_name": "Alathur", "malayalam_name": "ആലത്തൂർ", "district_name": "Palakkad", "district_id": "palakkad", "elevation_m": 110, "slope_degrees": 4.2, "area_sq_km": 780, "centroid": {"lat": 10.64, "lng": 76.54}, "dominant_land_use": "Paddy Fields, Sugarcane, Coconut & Palmyra (Slope: 4.2°)", "soil_type": "Black Cotton Soil, Red Loam & Laterite", "rusle": {"R": 2361, "K": 0.021, "LS": 3.3, "C": 0.19, "P": 0.69, "A": 7.2}, "risk_category": "Moderate", "time_series": {"2018": 9.0, "2019": 8.3, "2020": 6.6, "2021": 7.3, "2022": 6.8, "2023": 5.9, "2024": 7.2}, "conservation": ["Contour terracing suitable for 110m elevation zones", "Runoff control hedgerows across slopes > 5.0°"], "is_sample_data": true, "data_source": "Bundled GeoJSON (DEMO Mode)"}}, {"type": "Feature", "id": "chittur", "geometry": {"type": "Polygon", "coordinates": [[[76.88829803466808, 10.799881935119629], [76.89148712158209, 10.792160034179801], [76.89750671386719, 10.770799636840877], [76.89668273925793, 10.766071319580135], [76.89385986328125, 10.760551452636719], [76.89427947998047, 10.755352020263672], [76.89314270019531, 10.750402450561523], [76.89035034179693, 10.747490882873592], [76.8876571655274, 10.743009567260742], [76.88680267333984, 10.736749649047795], [76.88040161132818, 10.726140022277775], [76.8793182373048, 10.720239639282283], [76.88128662109375, 10.712929725646973], [76.88374328613276, 10.707350730895996], [76.88101196289074, 10.706061363220272], [76.87504577636724, 10.706720352172908], [76.8651123046875, 10.692939758300838], [76.86160278320324, 10.686260223388672], [76.8619003295899, 10.680562019348145], [76.8598022460938, 10.677141189575252], [76.8555068969726, 10.675271987915153], [76.85507202148449, 10.672400474548283], [76.863265991211, 10.666959762573299], [76.86769866943371, 10.666239738464355], [76.8701629638673, 10.664099693298397], [76.87036895751964, 10.660760879516658], [76.86947631835938, 10.656359672546444], [76.8721694946289, 10.653531074523926], [76.87460327148438, 10.639229774475211], [76.87261962890636, 10.629431724548454], [76.85952758789062, 10.625200271606445], [76.85246276855463, 10.623941421508846], [76.84471893310553, 10.626271247863826], [76.83822631835943, 10.626710891723633], [76.831298828125, 10.625889778137264], [76.8268508911134, 10.627140998840275], [76.82244110107428, 10.62738132476818], [76.81468963623041, 10.626000404357967], [76.80499267578125, 10.626340866088924], [76.80568695068371, 10.620829582214355], [76.80326843261719, 10.614080429077205], [76.80497741699219, 10.609131813049316], [76.80847930908209, 10.607270240783691], [76.80961608886724, 10.604278564453239], [76.8086166381836, 10.59448146820074], [76.81539916992199, 10.588299751281738], [76.82450103759771, 10.5895614624024], [76.82834625244146, 10.588279724121207], [76.82972717285168, 10.585062026977653], [76.82932281494152, 10.576451301574707], [76.82601165771484, 10.567519187927246], [76.82546234130865, 10.56156158447277], [76.82907104492193, 10.557060241699219], [76.8301773071289, 10.552981376648006], [76.8257293701173, 10.54298019409191], [76.82451629638678, 10.537639617920036], [76.83196258544928, 10.529161453247127], [76.83143615722668, 10.524571418762207], [76.8252563476563, 10.5029811859132], [76.8202896118164, 10.490679740905875], [76.82097625732433, 10.480231285095272], [76.81745147705084, 10.438489913940543], [76.80732727050787, 10.414919853210506], [76.81196594238293, 10.411389350891227], [76.81503295898449, 10.401789665222282], [76.82145690917974, 10.403409957885856], [76.82264709472668, 10.398932456970215], [76.82264709472668, 10.394061088562012], [76.81566619873047, 10.386530876159782], [76.82048797607428, 10.381790161132812], [76.82460784912104, 10.375240325927791], [76.83069610595714, 10.372101783752441], [76.83815765380854, 10.362641334533805], [76.83934783935547, 10.359709739685115], [76.8362426757812, 10.352960586547965], [76.8357772827149, 10.346369743347168], [76.82756042480474, 10.337581634521428], [76.82569122314459, 10.334211349487305], [76.82676696777344, 10.33026123046875], [76.82274627685547, 10.328619956970272], [76.81916809082037, 10.328650474548454], [76.81445312500011, 10.331999778747559], [76.8062362670899, 10.339982032775822], [76.79698181152344, 10.33710956573492], [76.79548645019531, 10.332360267639103], [76.79361724853521, 10.330069541931152], [76.78026580810553, 10.32861137390148], [76.77542877197266, 10.329100608825684], [76.77047729492188, 10.3324613571167], [76.7654495239259, 10.33334922790533], [76.76432037353527, 10.328939437866268], [76.7603759765625, 10.326789855957145], [76.75563812255865, 10.327220916748104], [76.75096893310558, 10.32897090911871], [76.74304962158209, 10.328560829162598], [76.74105834960949, 10.330989837646541], [76.7428588867188, 10.335049629211483], [76.74208068847656, 10.339011192321777], [76.74826812744152, 10.3406400680542], [76.75084686279297, 10.342901229858455], [76.75453186035162, 10.350401878357047], [76.75485229492188, 10.353499412536621], [76.75392913818365, 10.354649543762207], [76.74999237060558, 10.353360176086483], [76.74552917480474, 10.353561401367188], [76.7354583740235, 10.358440399169922], [76.73015594482433, 10.358989715576172], [76.71544647216803, 10.364471435546932], [76.70912170410162, 10.365781784057674], [76.70221710205078, 10.365471839904842], [76.69602203369152, 10.36334133148199], [76.69490051269543, 10.358981132507324], [76.6930160522461, 10.356069564819393], [76.68577575683594, 10.354681968688965], [76.67764282226568, 10.354550361633414], [76.6748733520509, 10.35542106628418], [76.67304229736328, 10.359789848327694], [76.66245269775402, 10.363251686096135], [76.6508026123048, 10.376001358032283], [76.64779663085932, 10.377390861511344], [76.64742279052729, 10.373151779174805], [76.64541625976568, 10.369429588317928], [76.63459777832043, 10.374320983886719], [76.63157653808605, 10.372620582580566], [76.6256713867187, 10.371331214904785], [76.62178039550787, 10.367630004882756], [76.61905670166016, 10.368210792541447], [76.61939239501953, 10.373090744018668], [76.61754608154303, 10.37350082397461], [76.6141815185548, 10.371629714965934], [76.61020660400402, 10.3738307952882], [76.60690307617193, 10.38010120391857], [76.59651184082031, 10.392901420593262], [76.59512329101574, 10.398470878601074], [76.58981323242182, 10.411761283874455], [76.58638000488276, 10.41465091705328], [76.58185577392578, 10.422072410583553], [76.57512664794916, 10.427910804748478], [76.56777954101568, 10.436329841613826], [76.57469940185558, 10.43910121917736], [76.57679748535168, 10.443499565124569], [76.57936096191406, 10.446470260620174], [76.58215332031261, 10.448189735412598], [76.58336639404297, 10.452010154724178], [76.58857727050787, 10.459330558776912], [76.58952331542974, 10.46322059631342], [76.58291625976574, 10.469511985778809], [76.5842895507812, 10.476960182189941], [76.58052825927734, 10.483350753784123], [76.57625579833996, 10.48716068267828], [76.5694580078125, 10.490131378173942], [76.56688690185558, 10.494039535522404], [76.56101226806635, 10.495341300964355], [76.55496978759766, 10.501339912414608], [76.54662322998053, 10.513719558715934], [76.54102325439453, 10.519101142883358], [76.53325653076178, 10.530261993408203], [76.53234863281261, 10.542491912841797], [76.53427124023449, 10.546950340270996], [76.53836059570312, 10.552380561828556], [76.5391693115235, 10.560120582580566], [76.54075622558605, 10.564470291137809], [76.54418182373058, 10.567550659179688], [76.54856872558605, 10.568502426147518], [76.54914855957043, 10.574009895324764], [76.55304718017578, 10.573361396789494], [76.55296325683605, 10.57748985290533], [76.56121826171875, 10.581111907959098], [76.56727600097668, 10.580211639404297], [76.5722122192384, 10.581549644470329], [76.58003997802746, 10.587031364440861], [76.5841674804688, 10.591769218444938], [76.58943939208979, 10.591219902038688], [76.59027862548834, 10.595171928405819], [76.5935668945313, 10.594511032104606], [76.59625244140636, 10.597949981689453], [76.60225677490234, 10.596370697021598], [76.60257720947277, 10.601368904113883], [76.59876251220714, 10.602870941162223], [76.59255981445318, 10.615071296692008], [76.5969009399414, 10.626179695129338], [76.60321807861328, 10.629521369934139], [76.60942840576183, 10.631218910217399], [76.61666107177746, 10.632092475891056], [76.62187957763672, 10.634060859680176], [76.61998748779297, 10.647730827331543], [76.62034606933594, 10.654549598693848], [76.62232208251959, 10.656720161437988], [76.6225204467774, 10.65936183929449], [76.61998748779297, 10.661378860473746], [76.62068176269543, 10.66481971740734], [76.62107086181652, 10.678300857544002], [76.63073730468756, 10.680939674377498], [76.6341323852539, 10.682641029357967], [76.637435913086, 10.68595027923584], [76.63931274414068, 10.689668655395508], [76.64293670654303, 10.69297885894781], [76.6458129882813, 10.691121101379451], [76.6493301391601, 10.690300941467342], [76.65981292724604, 10.680949211120605], [76.6627197265625, 10.677359580993596], [76.66594696044922, 10.67534065246582], [76.66953277587902, 10.673940658569336], [76.67555236816412, 10.673850059509334], [76.68122863769531, 10.675130844116268], [76.68630218505871, 10.682331085205135], [76.69023132324224, 10.681790351867733], [76.68921661376953, 10.684961318969783], [76.69140625000006, 10.68671989440918], [76.69638824462902, 10.683528900146598], [76.69564819335949, 10.686811447143668], [76.69274139404303, 10.692621231079158], [76.69555664062506, 10.692779541015739], [76.70017242431646, 10.685979843139648], [76.70398712158209, 10.688710212707633], [76.71066284179693, 10.6820707321167], [76.71438598632812, 10.685489654540959], [76.71507263183605, 10.691340446472282], [76.71676635742193, 10.69391059875494], [76.72390747070307, 10.697370529174805], [76.72387695312511, 10.7029905319215], [76.73795318603521, 10.70422172546381], [76.73793029785162, 10.700609207153377], [76.74768829345714, 10.699799537658748], [76.758056640625, 10.709031105041618], [76.76225280761719, 10.713650703430233], [76.76316070556652, 10.718470573425293], [76.76116180419922, 10.722840309143066], [76.76111602783203, 10.725590705871582], [76.77097320556652, 10.727141380310002], [76.7779312133789, 10.729271888732853], [76.77783203125011, 10.732271194458065], [76.77482604980463, 10.732049942016658], [76.7763671875, 10.737261772155819], [76.7796401977539, 10.74022102355957], [76.77712249755854, 10.743341445922908], [76.77806091308605, 10.74718093872076], [76.78067016601568, 10.74755954742443], [76.787841796875, 10.745849609374943], [76.7918090820312, 10.74330043792736], [76.79532623291021, 10.739890098571891], [76.79619598388666, 10.741950988769588], [76.79576110839855, 10.746659278869629], [76.79836273193365, 10.746990203857479], [76.80142211914068, 10.745418548583984], [76.80119323730469, 10.751040458679313], [76.80384826660156, 10.751139640808105], [76.80399322509777, 10.754179954528922], [76.79757690429688, 10.755770683288631], [76.79458618164068, 10.759630203247013], [76.79582214355469, 10.762501716613826], [76.7991790771485, 10.76116085052496], [76.80519104003906, 10.760999679565487], [76.804672241211, 10.771051406860465], [76.81146240234375, 10.771750450134391], [76.81488800048822, 10.774080276489371], [76.82392883300787, 10.782739639282227], [76.82422637939447, 10.786178588867244], [76.80790710449224, 10.785202026367188], [76.80937957763672, 10.788230895996094], [76.8171768188476, 10.795580863952637], [76.81516265869146, 10.802140235900822], [76.81839752197271, 10.80298137664795], [76.82093048095714, 10.800890922546387], [76.83795928955072, 10.80239105224615], [76.84041595458996, 10.807660102844295], [76.85259246826183, 10.808501243591365], [76.85999298095709, 10.79980182647705], [76.8819427490235, 10.801071166992244], [76.88829803466808, 10.799881935119629]]]}, "properties": {"id": "chittur", "taluk_name": "Chittur", "malayalam_name": "ചിറ്റൂർ", "district_name": "Palakkad", "district_id": "palakkad", "elevation_m": 130, "slope_degrees": 3.5, "area_sq_km": 840, "centroid": {"lat": 10.7, "lng": 76.72}, "dominant_land_use": "Paddy Fields, Sugarcane, Coconut & Palmyra (Slope: 3.5°)", "soil_type": "Black Cotton Soil, Red Loam & Laterite", "rusle": {"R": 2328, "K": 0.021, "LS": 3.0, "C": 0.18, "P": 0.7, "A": 6.1}, "risk_category": "Moderate", "time_series": {"2018": 7.6, "2019": 7.0, "2020": 5.6, "2021": 6.2, "2022": 5.7, "2023": 5.0, "2024": 6.1}, "conservation": ["Contour terracing suitable for 130m elevation zones", "Runoff control hedgerows across slopes > 5.0°"], "is_sample_data": true, "data_source": "Bundled GeoJSON (DEMO Mode)"}}, {"type": "Feature", "id": "ottappalam", "geometry": {"type": "Polygon", "coordinates": [[[76.32386016845709, 10.898520469665584], [76.33013153076178, 10.90160179138195], [76.33281707763678, 10.907090187072754], [76.33441162109386, 10.912421226501522], [76.3443069458009, 10.913740158081112], [76.34768676757818, 10.916081428527946], [76.35027313232422, 10.921349525451603], [76.35475921630865, 10.921560287475643], [76.35662078857428, 10.928600311279354], [76.36472320556652, 10.93109130859375], [76.36873626708996, 10.933480262756404], [76.37932586669928, 10.952071189880371], [76.38697814941412, 10.95460128784174], [76.39451599121094, 10.959970474243164], [76.39776611328125, 10.957320213317985], [76.40425872802734, 10.960371971130485], [76.40603637695318, 10.948150634765682], [76.40808868408203, 10.942689895629996], [76.41230010986328, 10.940889358520508], [76.417007446289, 10.943911552429142], [76.42347717285168, 10.939470291137809], [76.42666625976568, 10.941620826721191], [76.43778228759777, 10.941961288452205], [76.44830322265625, 10.936630249023438], [76.46251678466803, 10.93168163299572], [76.47412872314459, 10.902930259704647], [76.48651885986334, 10.901841163635368], [76.49276733398438, 10.903010368347225], [76.49651336669933, 10.900349617004451], [76.50302124023449, 10.902900695800838], [76.50398254394526, 10.898989677429256], [76.5075073242188, 10.897831916809082], [76.50934600830078, 10.888071060180721], [76.51846313476574, 10.883420944213924], [76.51093292236334, 10.879450798034668], [76.50338745117199, 10.878399848937988], [76.4883270263673, 10.877850532531795], [76.4758987426759, 10.878830909729004], [76.47363281250011, 10.8672513961792], [76.46552276611328, 10.86786079406744], [76.46501922607433, 10.861671447753906], [76.45893859863293, 10.859238624572754], [76.45567321777355, 10.856381416320914], [76.45281982421886, 10.852210998535213], [76.45503234863281, 10.833271026611442], [76.45169830322277, 10.818250656128043], [76.45094299316418, 10.811370849609432], [76.45292663574219, 10.803271293640194], [76.44552612304693, 10.804229736328125], [76.44325256347662, 10.799592018127498], [76.4426879882813, 10.794780731201115], [76.43698883056652, 10.79022026062023], [76.4490966796875, 10.772660255432186], [76.46750640869152, 10.774800300598145], [76.47487640380865, 10.766150474548397], [76.48046112060553, 10.755571365356559], [76.47245025634771, 10.748441696167106], [76.46826934814464, 10.740990638732967], [76.46510314941406, 10.740439414978141], [76.4607772827149, 10.744191169738826], [76.45221710205084, 10.744340896606559], [76.44062805175793, 10.741890907287598], [76.43054962158197, 10.740910530090389], [76.41980743408209, 10.741480827331657], [76.40983581542974, 10.740501403808537], [76.4003524780274, 10.74049186706543], [76.3934097290039, 10.738289833068848], [76.38623809814459, 10.740571975708008], [76.38315582275396, 10.744540214538688], [76.37898254394537, 10.753510475158635], [76.37829589843744, 10.75706958770752], [76.37623596191406, 10.75983047485363], [76.3737564086914, 10.761391639709473], [76.36942291259771, 10.761191368103084], [76.35556030273449, 10.756490707397404], [76.35172271728527, 10.751231193542594], [76.34915924072266, 10.739550590515194], [76.34689331054693, 10.737030029296989], [76.34204101562511, 10.73763179779047], [76.3303680419923, 10.741011619567985], [76.32639312744152, 10.740509986877555], [76.31595611572266, 10.737520217895508], [76.30912017822266, 10.73893070220953], [76.28829193115234, 10.74792194366455], [76.27877044677734, 10.750091552734375], [76.27104949951183, 10.74755954742443], [76.2588577270509, 10.747769355773983], [76.25218200683605, 10.743899345398006], [76.24267578124994, 10.740280151367301], [76.2379379272461, 10.741959571838436], [76.23604583740234, 10.744891166687069], [76.23607635498053, 10.761129379272461], [76.23320007324219, 10.765619277954158], [76.22366333007812, 10.766061782837028], [76.22016906738276, 10.769920349121094], [76.21457672119146, 10.774312019348201], [76.2117385864259, 10.775012016296444], [76.20861053466803, 10.773019790649414], [76.20374298095714, 10.771371841430721], [76.19976043701166, 10.771901130676213], [76.19145202636724, 10.77544021606451], [76.18666076660156, 10.775691032409668], [76.18305969238287, 10.776741981506461], [76.18086242675793, 10.774230003357047], [76.19507598876959, 10.761261940002498], [76.19406127929688, 10.746629714965934], [76.18728637695318, 10.745229721069279], [76.18199920654308, 10.741180419921932], [76.18058776855474, 10.735501289367676], [76.17842864990234, 10.731500625610408], [76.17209625244152, 10.726589202880916], [76.17102813720703, 10.720690727234], [76.16259765625, 10.711540222167969], [76.16163635253906, 10.70552062988287], [76.15705871582031, 10.701760292053336], [76.15438842773438, 10.697919845580998], [76.15016174316418, 10.700981140136832], [76.14759826660162, 10.707820892333984], [76.14569854736334, 10.708569526672477], [76.14417266845709, 10.704280853271541], [76.13622283935558, 10.710110664367619], [76.12925720214844, 10.70991039276123], [76.12327575683588, 10.713470458984375], [76.1194305419923, 10.705869674682674], [76.11634826660162, 10.703188896179142], [76.10983276367193, 10.70589923858654], [76.10079956054688, 10.713460922241268], [76.09564971923828, 10.715900421142635], [76.09007263183605, 10.717640876770076], [76.07173156738293, 10.71875095367443], [76.06149291992188, 10.720849990844783], [76.062255859375, 10.724578857421932], [76.05957031249994, 10.728781700134334], [76.05908203125006, 10.733079910278434], [76.05547332763678, 10.738310813903865], [76.05104064941406, 10.735692024230957], [76.04538726806646, 10.736980438232365], [76.04006958007824, 10.736371040344295], [76.03823852539062, 10.741369247436637], [76.03795623779303, 10.746930122375431], [76.03241729736334, 10.746721267700195], [76.03385162353516, 10.754461288452205], [76.03182983398443, 10.755391120910701], [76.03502655029297, 10.786699295044059], [76.03604125976568, 10.788129806518668], [76.04071807861328, 10.787419319152832], [76.04164886474604, 10.790631294250488], [76.03882598876953, 10.794539451599178], [76.04004669189459, 10.796540260314998], [76.02706909179693, 10.800271034240723], [76.02841949462896, 10.806511878967399], [76.02329254150402, 10.809809684753361], [76.0188598632813, 10.815101623535156], [76.0209579467774, 10.818420410156307], [76.02530670166016, 10.818919181823844], [76.02767181396496, 10.827121734619197], [76.033187866211, 10.837081909179688], [76.03726196289057, 10.839351654052848], [76.04361724853516, 10.838129997253475], [76.04707336425787, 10.835809707641658], [76.05988311767584, 10.830250740051383], [76.08570098876947, 10.832169532775936], [76.09085083007807, 10.834610939025879], [76.09446716308605, 10.839410781860352], [76.0955429077149, 10.845149993896484], [76.09416961669928, 10.851750373840389], [76.09393310546875, 10.857199668884391], [76.09712982177746, 10.861989974975586], [76.10254669189453, 10.858660697937012], [76.10491943359386, 10.859160423278809], [76.1073226928711, 10.862881660461369], [76.10717773437506, 10.867360115051326], [76.10794067382818, 10.871831893921012], [76.11061096191412, 10.873478889465389], [76.1192779541015, 10.871041297912598], [76.12281036376959, 10.871820449829102], [76.12265777587902, 10.876021385192928], [76.12008666992188, 10.881469726562443], [76.1211624145509, 10.888760566711483], [76.12433624267584, 10.88960170745861], [76.12802886962902, 10.887990951538143], [76.1322402954101, 10.884460449218864], [76.13800048828125, 10.881631851196346], [76.14187622070318, 10.882710456848258], [76.14977264404308, 10.891901969909668], [76.15071105957043, 10.896492004394645], [76.15072631835949, 10.902579307556266], [76.15496826171875, 10.906682014465389], [76.15956115722656, 10.907022476196403], [76.16261291503906, 10.907000541687069], [76.16455841064459, 10.901029586792106], [76.16655731201183, 10.899009704589787], [76.17456817626964, 10.903220176696777], [76.17849731445318, 10.900790214538517], [76.17800903320324, 10.895921707153377], [76.18029785156261, 10.89142990112316], [76.1908798217774, 10.889950752258414], [76.19742584228527, 10.890670776367188], [76.19933319091808, 10.898351669311637], [76.20305633544922, 10.904361724853572], [76.20642089843761, 10.906349182128963], [76.21051788330084, 10.905120849609318], [76.2105560302735, 10.900308609008846], [76.21214294433605, 10.895939826965332], [76.21917724609386, 10.888799667358512], [76.2201919555664, 10.884201049804688], [76.22403717041016, 10.878789901733398], [76.23445892333996, 10.879949569702148], [76.24297332763678, 10.879739761352653], [76.25382232666021, 10.898221969604492], [76.25688171386724, 10.906811714172363], [76.26194000244135, 10.909599304199276], [76.26515960693371, 10.908149719238395], [76.27159881591803, 10.908869743347168], [76.27510833740229, 10.90752983093273], [76.2803802490235, 10.906880378723201], [76.28414916992193, 10.909560203552303], [76.28961944580078, 10.911770820617676], [76.29692077636724, 10.90537071228033], [76.30787658691418, 10.90543079376215], [76.31172943115229, 10.904720306396541], [76.31321716308605, 10.899791717529354], [76.316390991211, 10.898671150207576], [76.32386016845709, 10.898520469665584]]]}, "properties": {"id": "ottappalam", "taluk_name": "Ottappalam", "malayalam_name": "ഒറ്റപ്പാലം", "district_name": "Palakkad", "district_id": "palakkad", "elevation_m": 65, "slope_degrees": 3.2, "area_sq_km": 620, "centroid": {"lat": 10.77, "lng": 76.38}, "dominant_land_use": "Paddy Fields, Sugarcane, Coconut & Palmyra (Slope: 3.2°)", "soil_type": "Black Cotton Soil, Red Loam & Laterite", "rusle": {"R": 2313, "K": 0.021, "LS": 2.8, "C": 0.18, "P": 0.7, "A": 6.8}, "risk_category": "Moderate", "time_series": {"2018": 8.5, "2019": 7.8, "2020": 6.3, "2021": 6.9, "2022": 6.4, "2023": 5.6, "2024": 6.8}, "conservation": ["Contour terracing suitable for 65m elevation zones", "Runoff control hedgerows across slopes > 5.0°"], "is_sample_data": true, "data_source": "Bundled GeoJSON (DEMO Mode)"}}, {"type": "Feature", "id": "mannarkkad", "geometry": {"type": "Polygon", "coordinates": [[[76.62351, 10.99], [76.62254, 11.01813], [76.61525, 11.04547], [76.60224, 11.07062], [76.58457, 11.09261], [76.56341, 11.11098], [76.53974, 11.12558], [76.51428, 11.1364], [76.48753, 11.14327], [76.46, 11.14584], [76.4324, 11.14367], [76.40569, 11.13648], [76.381, 11.12433], [76.35933, 11.10778], [76.34136, 11.08773], [76.32728, 11.06522], [76.3169, 11.04113], [76.30987, 11.01599], [76.30602, 10.99], [76.30559, 10.96327], [76.30923, 10.93613], [76.31776, 10.90938], [76.33178, 10.88438], [76.35129, 10.86282], [76.3755, 10.84632], [76.4029, 10.83599], [76.43164, 10.83213], [76.46, 10.83416], [76.48678, 10.84093], [76.51149, 10.85113], [76.53424, 10.86377], [76.55537, 10.87843], [76.57499, 10.89528], [76.59272, 10.91478], [76.60758, 10.93727], [76.61826, 10.96261], [76.62351, 10.99]]]}, "properties": {"id": "mannarkkad", "taluk_name": "Mannarkkad", "malayalam_name": "മണ്ണാർക്കാട്", "district_name": "Palakkad", "district_id": "palakkad", "elevation_m": 380, "slope_degrees": 18.2, "area_sq_km": 940, "centroid": {"lat": 10.99, "lng": 76.46}, "dominant_land_use": "Paddy Fields, Sugarcane, Coconut & Palmyra (Slope: 18.2°)", "soil_type": "Black Cotton Soil, Red Loam & Laterite", "rusle": {"R": 3033, "K": 0.021, "LS": 10.3, "C": 0.33, "P": 0.6, "A": 24.5}, "risk_category": "Severe", "time_series": {"2018": 30.6, "2019": 28.2, "2020": 22.5, "2021": 25.0, "2022": 23.0, "2023": 20.1, "2024": 24.5}, "conservation": ["Contour terracing suitable for 380m elevation zones", "Runoff control hedgerows across slopes > 13°"], "is_sample_data": true, "data_source": "Bundled GeoJSON (DEMO Mode)"}}, {"type": "Feature", "id": "pattambi", "geometry": {"type": "Polygon", "coordinates": [[[76.31836, 10.81], [76.3176, 10.8321], [76.31187, 10.85357], [76.30166, 10.87333], [76.28779, 10.8906], [76.27118, 10.90503], [76.2526, 10.9165], [76.23261, 10.925], [76.21161, 10.93039], [76.19, 10.93241], [76.16833, 10.93071], [76.14737, 10.92506], [76.12798, 10.91552], [76.11097, 10.90251], [76.09686, 10.88676], [76.08581, 10.86908], [76.07766, 10.85016], [76.07214, 10.83041], [76.06912, 10.81], [76.06878, 10.78901], [76.07164, 10.76768], [76.07834, 10.74667], [76.08934, 10.72704], [76.10466, 10.7101], [76.12366, 10.69714], [76.14517, 10.68903], [76.16774, 10.68599], [76.19, 10.68759], [76.21102, 10.69291], [76.23042, 10.70092], [76.24828, 10.71084], [76.26487, 10.72236], [76.28027, 10.7356], [76.29419, 10.75092], [76.30585, 10.76858], [76.31424, 10.78848], [76.31836, 10.81]]]}, "properties": {"id": "pattambi", "taluk_name": "Pattambi", "malayalam_name": "പട്ടാമ്പി", "district_name": "Palakkad", "district_id": "palakkad", "elevation_m": 45, "slope_degrees": 2.5, "area_sq_km": 580, "centroid": {"lat": 10.81, "lng": 76.19}, "dominant_land_use": "Paddy Fields, Sugarcane, Coconut & Palmyra (Slope: 2.5°)", "soil_type": "Black Cotton Soil, Red Loam & Laterite", "rusle": {"R": 2280, "K": 0.021, "LS": 2.5, "C": 0.17, "P": 0.7, "A": 5.8}, "risk_category": "Moderate", "time_series": {"2018": 7.2, "2019": 6.7, "2020": 5.3, "2021": 5.9, "2022": 5.5, "2023": 4.8, "2024": 5.8}, "conservation": ["Contour terracing suitable for 45m elevation zones", "Runoff control hedgerows across slopes > 5.0°"], "is_sample_data": true, "data_source": "Bundled GeoJSON (DEMO Mode)"}}, {"type": "Feature", "id": "thrissur_t", "geometry": {"type": "Polygon", "coordinates": [[[76.39525604248058, 10.580510139465389], [76.40126800537115, 10.57113170623785], [76.40209960937511, 10.565389633178711], [76.40611267089855, 10.569091796875], [76.40849304199219, 10.568511009216309], [76.41287231445312, 10.56890010833746], [76.41411590576183, 10.564580917358512], [76.41763305664062, 10.563929557800407], [76.41897583007812, 10.556059837341309], [76.42256164550781, 10.553691864013615], [76.42269134521496, 10.548590660095329], [76.42517089843761, 10.547430992126579], [76.4300308227539, 10.54699993133545], [76.42389678955078, 10.530280113220329], [76.42443847656261, 10.524820327758903], [76.43222045898449, 10.518699645996094], [76.43543243408209, 10.513979911804142], [76.44143676757812, 10.51343059539795], [76.44407653808605, 10.511010169982967], [76.45091247558605, 10.5024795532226], [76.45302581787121, 10.498739242553768], [76.45865631103516, 10.494119644164982], [76.45810699462896, 10.488970756530875], [76.46151733398438, 10.486940383911133], [76.46643829345703, 10.479510307312012], [76.46967315673828, 10.477081298828239], [76.46228790283209, 10.470870018005428], [76.45316314697271, 10.471200942993278], [76.44568634033203, 10.470271110534782], [76.44255828857433, 10.468110084533805], [76.44016265869146, 10.46456241607666], [76.43797302246105, 10.463879585266056], [76.42945098876953, 10.468349456787166], [76.42312622070312, 10.468608856201115], [76.42041015625011, 10.459221839904785], [76.41055297851562, 10.461002349853516], [76.39137268066412, 10.463041305542049], [76.3766479492188, 10.457551002502441], [76.36624908447277, 10.458170890808105], [76.36371612548834, 10.449340820312557], [76.34712219238287, 10.448341369628906], [76.34176635742193, 10.45210075378418], [76.33642578125006, 10.45780181884777], [76.33274841308594, 10.46035194396984], [76.32646942138672, 10.462849617004451], [76.32351684570324, 10.460840225219783], [76.31562042236334, 10.466450691223201], [76.3007431030274, 10.46343135833746], [76.29650115966797, 10.465571403503418], [76.29173278808594, 10.46439075469982], [76.29013824462902, 10.466919898986873], [76.28431701660156, 10.462869644165039], [76.27980041503912, 10.461119651794434], [76.27529907226557, 10.46074199676525], [76.26732635498047, 10.462100028991642], [76.26380920410168, 10.461480140685978], [76.26152801513683, 10.457421302795467], [76.25875091552734, 10.456450462341422], [76.2555160522461, 10.457621574401912], [76.2530288696289, 10.454021453857479], [76.24487304687506, 10.45372200012207], [76.24368286132812, 10.447520256042537], [76.24120330810547, 10.445639610290527], [76.23945617675781, 10.438650131225643], [76.23400115966803, 10.434708595275936], [76.23403930664074, 10.428351402282772], [76.23030853271484, 10.424690246582031], [76.23132324218756, 10.41786193847662], [76.2237930297851, 10.416799545288086], [76.2189331054688, 10.401741981506461], [76.2151565551759, 10.401700973510856], [76.21238708496094, 10.399589538574276], [76.21266174316412, 10.396658897399902], [76.20405578613287, 10.397050857543888], [76.19731903076172, 10.40188980102539], [76.1923599243164, 10.403459548950252], [76.18582916259777, 10.403841018676815], [76.17975616455078, 10.402030944824276], [76.17233276367188, 10.398509979248104], [76.16243743896484, 10.392421722412166], [76.15383911132812, 10.396750450134391], [76.15032958984386, 10.39722919464117], [76.14552307128912, 10.396730422973633], [76.14314270019531, 10.394730567932072], [76.14074707031256, 10.388151168823356], [76.13445281982428, 10.37865161895752], [76.13108825683605, 10.378090858459586], [76.12856292724621, 10.379650115966854], [76.12921142578125, 10.382921218872013], [76.12831115722662, 10.38589859008789], [76.12423706054682, 10.390971183776799], [76.12049102783209, 10.393511772155762], [76.1174926757813, 10.394559860229549], [76.11367797851568, 10.393769264221135], [76.09767150878918, 10.428310394287166], [76.09480285644543, 10.432851791381836], [76.08804321289062, 10.440509796142635], [76.08647918701172, 10.45216083526617], [76.08674621582037, 10.462430953979492], [76.08528900146496, 10.469210624694824], [76.07904052734375, 10.480879783630485], [76.0768661499024, 10.497061729431266], [76.07884216308588, 10.499630928039608], [76.08808135986334, 10.497530937194938], [76.09749603271496, 10.496979713439941], [76.10774230957037, 10.498081207275447], [76.11543273925793, 10.498050689697266], [76.12312316894531, 10.50111198425293], [76.12666320800793, 10.504600524902344], [76.12589263916027, 10.514470100402832], [76.12203979492193, 10.51517200469965], [76.12165069580084, 10.518910408020076], [76.11917877197271, 10.52011966705328], [76.11271667480474, 10.535991668701172], [76.11782836914068, 10.538141250610465], [76.11646270751953, 10.541640281677303], [76.10832214355474, 10.544131278991642], [76.10791778564459, 10.55470085144043], [76.10468292236334, 10.556428909301815], [76.10434722900402, 10.559649467468319], [76.1099624633789, 10.561121940612793], [76.10862731933594, 10.569270133972282], [76.11009979248058, 10.576831817626953], [76.1063232421875, 10.582759857177791], [76.10621643066412, 10.585691452026424], [76.10511779785168, 10.587989807128906], [76.11174774169928, 10.59260082244873], [76.11030578613276, 10.594330787658748], [76.10666656494152, 10.596639633178654], [76.107666015625, 10.598990440368652], [76.11360931396484, 10.597241401672363], [76.11588287353516, 10.598210334777832], [76.11738586425781, 10.601129531860295], [76.11981201171886, 10.599340438842773], [76.12458801269543, 10.60380077362072], [76.128890991211, 10.610891342163143], [76.1403427124024, 10.611419677734375], [76.1411590576173, 10.6143417358399], [76.14451599121094, 10.613639831543082], [76.1443710327149, 10.611460685729924], [76.14739227294928, 10.609720230102482], [76.1499481201173, 10.602770805358944], [76.1520233154298, 10.600529670715389], [76.15502166748053, 10.60050964355463], [76.15762329101562, 10.602339744567985], [76.1579971313476, 10.608651161193904], [76.16645812988287, 10.608431816101074], [76.16501617431652, 10.619339942932186], [76.16813659667969, 10.619900703430119], [76.17205810546886, 10.61799144744873], [76.17478942871094, 10.620390892028809], [76.17708587646484, 10.617281913757381], [76.1788330078125, 10.618769645690918], [76.18212127685553, 10.619100570678825], [76.18016052246094, 10.6097993850708], [76.19223785400396, 10.609069824218864], [76.19969940185553, 10.607600212097282], [76.2105331420899, 10.604278564453239], [76.21045684814453, 10.601019859314079], [76.21231079101574, 10.598310470581168], [76.2181396484375, 10.598631858825684], [76.21922302246088, 10.59374141693121], [76.22361755371094, 10.596140861511344], [76.2257919311524, 10.599281311035213], [76.22853851318371, 10.596739768981934], [76.23133087158209, 10.598679542541504], [76.23552703857428, 10.60468959808344], [76.24352264404303, 10.608720779419059], [76.24854278564464, 10.596600532531852], [76.25137329101568, 10.593599319458065], [76.25609588623047, 10.592830657958984], [76.25746154785162, 10.58933067321783], [76.26239776611334, 10.590339660644588], [76.26618957519531, 10.596282005310002], [76.27027130126959, 10.593909263610897], [76.27599334716803, 10.595549583435059], [76.28544616699219, 10.590570449829158], [76.29371643066412, 10.588751792907772], [76.2995071411134, 10.589301109313965], [76.30326843261724, 10.590770721435604], [76.31453704833996, 10.59089183807373], [76.31819152832043, 10.593460083007756], [76.32045745849621, 10.596659660339412], [76.32675170898449, 10.602080345153809], [76.3359603881836, 10.614421844482479], [76.34694671630865, 10.61311054229742], [76.3535766601563, 10.61186885833746], [76.35909271240234, 10.609030723571891], [76.36553955078125, 10.602460861206112], [76.3708724975586, 10.601290702819938], [76.36849975585943, 10.59545040130621], [76.37409210205072, 10.590080261230469], [76.37728881835949, 10.593620300293082], [76.38092041015636, 10.592861175537166], [76.38691711425781, 10.588761329650879], [76.39525604248058, 10.580510139465389]]]}, "properties": {"id": "thrissur_t", "taluk_name": "Thrissur", "malayalam_name": "തൃശ്ശൂർ", "district_name": "Thrissur", "district_id": "thrissur", "elevation_m": 30, "slope_degrees": 2.8, "area_sq_km": 540, "centroid": {"lat": 10.52, "lng": 76.21}, "dominant_land_use": "Paddy (Kole lands), Coconut, Rubber & Nutmeg (Slope: 2.8°)", "soil_type": "Hydromorphic & Laterite Alluvial Soils", "rusle": {"R": 3059, "K": 0.023, "LS": 2.6, "C": 0.18, "P": 0.7, "A": 8.2}, "risk_category": "Moderate", "time_series": {"2018": 10.2, "2019": 9.4, "2020": 7.5, "2021": 8.4, "2022": 7.7, "2023": 6.7, "2024": 8.2}, "conservation": ["Contour terracing suitable for 30m elevation zones", "Runoff control hedgerows across slopes > 5.0°"], "is_sample_data": true, "data_source": "Bundled GeoJSON (DEMO Mode)"}}, {"type": "Feature", "id": "mukundapuram", "geometry": {"type": "Polygon", "coordinates": [[[76.40817, 10.36], [76.40741, 10.3821], [76.40169, 10.40357], [76.3915, 10.42333], [76.37765, 10.4406], [76.36106, 10.45503], [76.34251, 10.4665], [76.32255, 10.475], [76.30158, 10.48039], [76.28, 10.48241], [76.25836, 10.48071], [76.23743, 10.47506], [76.21807, 10.46552], [76.20109, 10.45251], [76.187, 10.43676], [76.17597, 10.41908], [76.16783, 10.40016], [76.16231, 10.38041], [76.15929, 10.36], [76.15896, 10.33901], [76.16181, 10.31768], [76.1685, 10.29667], [76.17949, 10.27704], [76.19478, 10.2601], [76.21376, 10.24714], [76.23524, 10.23903], [76.25777, 10.23599], [76.28, 10.23759], [76.30099, 10.24291], [76.32036, 10.25092], [76.3382, 10.26084], [76.35476, 10.27236], [76.37014, 10.2856], [76.38403, 10.30092], [76.39568, 10.31858], [76.40406, 10.33848], [76.40817, 10.36]]]}, "properties": {"id": "mukundapuram", "taluk_name": "Mukundapuram", "malayalam_name": "മുകുന്ദപുരം", "district_name": "Thrissur", "district_id": "thrissur", "elevation_m": 45, "slope_degrees": 3.5, "area_sq_km": 580, "centroid": {"lat": 10.36, "lng": 76.28}, "dominant_land_use": "Paddy (Kole lands), Coconut, Rubber & Nutmeg (Slope: 3.5°)", "soil_type": "Hydromorphic & Laterite Alluvial Soils", "rusle": {"R": 3104, "K": 0.023, "LS": 3.0, "C": 0.18, "P": 0.7, "A": 9.5}, "risk_category": "Moderate", "time_series": {"2018": 11.9, "2019": 10.9, "2020": 8.7, "2021": 9.7, "2022": 8.9, "2023": 7.8, "2024": 9.5}, "conservation": ["Contour terracing suitable for 45m elevation zones", "Runoff control hedgerows across slopes > 5.0°"], "is_sample_data": true, "data_source": "Bundled GeoJSON (DEMO Mode)"}}, {"type": "Feature", "id": "kodungallur", "geometry": {"type": "Polygon", "coordinates": [[[76.14074707031256, 10.388151168823356], [76.14234161376964, 10.386819839477596], [76.14215850830072, 10.383380889892578], [76.14009857177734, 10.375591278076172], [76.1459426879884, 10.355601310730037], [76.14198303222656, 10.348450660705566], [76.1447372436524, 10.346940040588436], [76.14808654785156, 10.346302032470817], [76.14846801757812, 10.342220306396484], [76.14656066894531, 10.339249610900879], [76.14366912841808, 10.32870006561285], [76.14813995361328, 10.324041366577262], [76.1447372436524, 10.315620422363281], [76.14617156982416, 10.312171936035156], [76.15753936767584, 10.309990882873649], [76.15399932861328, 10.294350624084586], [76.15489196777355, 10.290681838989258], [76.16249084472662, 10.2861709594726], [76.16652679443371, 10.274450302124137], [76.16867828369135, 10.264060974121037], [76.17150115966808, 10.261061668396053], [76.17816162109386, 10.257591247558594], [76.1957473754884, 10.250981330871696], [76.1998977661134, 10.250040054321289], [76.20379638671875, 10.245779991149902], [76.2060012817384, 10.247140884399414], [76.20955657958984, 10.25166130065918], [76.21491241455084, 10.251811027526912], [76.21842193603527, 10.246810913085994], [76.22030639648449, 10.241571426391715], [76.21684265136724, 10.233961105346737], [76.21238708496094, 10.22096061706543], [76.21482849121088, 10.21319961547863], [76.21498107910168, 10.209589958190918], [76.218505859375, 10.209401130676383], [76.2289276123048, 10.214681625366268], [76.23076629638678, 10.225521087646541], [76.23040008544928, 10.23130989074707], [76.23374938964844, 10.232449531555233], [76.24056243896496, 10.230751991271973], [76.24791717529303, 10.232670783996696], [76.25135803222662, 10.232081413268986], [76.2578811645509, 10.229120254516658], [76.26082611083984, 10.230651855468864], [76.26191711425793, 10.228010177612305], [76.26729583740234, 10.231490135192928], [76.26788330078125, 10.229069709777775], [76.26345062255871, 10.223590850830078], [76.26123046875, 10.224341392517204], [76.26101684570312, 10.221300125122127], [76.26499938964838, 10.206259727478027], [76.26303100585949, 10.200190544128532], [76.2628860473634, 10.187789916992188], [76.2585220336914, 10.18053054809576], [76.25257873535168, 10.181591033935547], [76.25094604492188, 10.188140869140568], [76.25361633300781, 10.18927192687994], [76.25414276123047, 10.191680908203182], [76.2506790161134, 10.19319152832037], [76.24283599853527, 10.194201469421444], [76.23929595947266, 10.193009376525936], [76.23021697998053, 10.197189331054744], [76.2260971069336, 10.195651054382267], [76.21791076660156, 10.1968412399292], [76.2110595703125, 10.200031280517692], [76.20878601074219, 10.196769714355469], [76.20635223388678, 10.194768905639592], [76.2039260864259, 10.194440841674805], [76.20217132568365, 10.190080642700309], [76.20236968994146, 10.189449310302734], [76.19838714599621, 10.189700126648063], [76.19386291503906, 10.18872928619379], [76.18579101562511, 10.186400413513127], [76.18473052978516, 10.186150550842342], [76.18215942382824, 10.18523979187006], [76.17768096923828, 10.183663368225154], [76.17736053466803, 10.183550834655819], [76.17736053466803, 10.183749198913631], [76.17767333984375, 10.1837539672851], [76.17765045166016, 10.184029579162598], [76.17819213867199, 10.184029579162598], [76.17819213867199, 10.184309959411564], [76.17847442626959, 10.184305191040096], [76.17847442626959, 10.184582710266227], [76.17930603027355, 10.184582710266227], [76.17930603027355, 10.184749603271598], [76.17930603027355, 10.18542194366455], [76.17958068847656, 10.18542194366455], [76.17958068847656, 10.186251640319938], [76.18068695068354, 10.186251640319938], [76.18068695068354, 10.186820983886719], [76.18041992187506, 10.1868057250976], [76.18041992187506, 10.187361717224064], [76.1809692382813, 10.187358856201229], [76.1809692382813, 10.187640190124455], [76.1818084716798, 10.187640190124455], [76.1818084716798, 10.187919616699332], [76.18235778808605, 10.187917709350586], [76.18235778808605, 10.188194274902344], [76.18290710449224, 10.188191413879451], [76.18290710449224, 10.188471794128418], [76.18319702148438, 10.188471794128418], [76.18319702148438, 10.189029693603516], [76.1834564208985, 10.189029693603516], [76.1834564208985, 10.189310073852653], [76.18430328369152, 10.189310073852653], [76.18430328369152, 10.189591407775936], [76.18597412109386, 10.189583778381404], [76.18597412109386, 10.189862251281795], [76.18653106689459, 10.189860343933162], [76.18653106689459, 10.19013977050787], [76.18708038330084, 10.19013977050787], [76.18708038330084, 10.190420150756836], [76.18902587890636, 10.190416336059627], [76.18902587890636, 10.190693855285758], [76.19041442871088, 10.190693855285758], [76.19041442871088, 10.190972328186149], [76.19152832031261, 10.190972328186149], [76.19152832031261, 10.191249847412223], [76.1920852661134, 10.191249847412223], [76.1920852661134, 10.190972328186149], [76.1923599243164, 10.190970420837346], [76.1923599243164, 10.19153022766119], [76.1920852661134, 10.191528320312614], [76.1920852661134, 10.192359924316406], [76.19180297851562, 10.192359924316406], [76.19180297851562, 10.193471908569336], [76.19152832031261, 10.193471908569336], [76.19152832031261, 10.19431114196783], [76.19125366210943, 10.194306373596191], [76.19125366210943, 10.194862365722656], [76.18875122070312, 10.194862365722656], [76.18875122070312, 10.19458198547369], [76.18708038330084, 10.19458198547369], [76.18708038330084, 10.194306373596191], [76.18653106689459, 10.19431114196783], [76.18653106689459, 10.19403266906744], [76.18596649169928, 10.19403266906744], [76.18596649169928, 10.193750381469727], [76.18514251708984, 10.193750381469727], [76.18514251708984, 10.193471908569336], [76.18458557128912, 10.193471908569336], [76.18458557128912, 10.193194389343262], [76.18430328369152, 10.193194389343262], [76.18430328369152, 10.192915916442871], [76.18374633789057, 10.192919731140194], [76.18374633789057, 10.192628860473633], [76.18319702148438, 10.192640304565543], [76.18319702148438, 10.192359924316406], [76.1826400756836, 10.192359924316406], [76.1826400756836, 10.192084312439079], [76.18208312988281, 10.192084312439079], [76.18208312988281, 10.191805839538688], [76.18125152587902, 10.191810607910156], [76.18125152587902, 10.19153022766119], [76.18068695068354, 10.19153022766119], [76.18068695068354, 10.191249847412223], [76.17986297607428, 10.191249847412223], [76.17986297607428, 10.190972328186149], [76.17874908447277, 10.190972328186149], [76.17874908447277, 10.190693855285758], [76.17847442626959, 10.190693855285758], [76.17847442626959, 10.190416336059627], [76.17819213867199, 10.190420150756836], [76.17819213867199, 10.19013977050787], [76.17765045166016, 10.19013977050787], [76.17765045166016, 10.189860343933162], [76.17597198486328, 10.189862251281795], [76.17597198486328, 10.189306259155273], [76.17569732666027, 10.189310073852653], [76.17569732666027, 10.189029693603516], [76.17459106445307, 10.189029693603516], [76.17459106445307, 10.188750267028809], [76.17318725585943, 10.188750267028809], [76.17318725585943, 10.188471794128418], [76.17208099365246, 10.188471794128418], [76.17208099365246, 10.188194274902344], [76.17069244384771, 10.188194274902344], [76.17069244384771, 10.187917709350586], [76.16845703125011, 10.187919616699332], [76.16845703125011, 10.187640190124455], [76.168197631836, 10.187640190124455], [76.168197631836, 10.187919616699332], [76.16792297363281, 10.187919616699332], [76.16792297363281, 10.187640190124455], [76.1673583984375, 10.187640190124455], [76.1673583984375, 10.187919616699332], [76.16513824462896, 10.187919616699332], [76.16513824462896, 10.187358856201229], [76.16458129882818, 10.187361717224064], [76.16458129882818, 10.186527252197209], [76.1648559570312, 10.186532020568904], [76.1648559570312, 10.185971260070744], [76.16513824462896, 10.185971260070744], [76.16513824462896, 10.185415267944279], [76.16542053222668, 10.18542194366455], [76.16542053222668, 10.184578895568848], [76.16596984863293, 10.184582710266227], [76.16596984863293, 10.184026718139705], [76.16625213623047, 10.184029579162598], [76.16625213623047, 10.183749198913631], [76.16569519042974, 10.183749198913631], [76.16569519042974, 10.182916641235352], [76.16542053222668, 10.18292045593273], [76.16542053222668, 10.18264198303234], [76.16513824462896, 10.18264198303234], [76.16513824462896, 10.18237018585205], [76.16513824462896, 10.182083129882812], [76.16458129882818, 10.182083129882812], [76.16458129882818, 10.181804656982422], [76.16347503662121, 10.181804656982422], [76.16347503662121, 10.182360649108887], [76.16319274902344, 10.182360649108887], [76.16319274902344, 10.18264198303234], [76.16291809082043, 10.182639122009277], [76.16291809082043, 10.183193206787166], [76.16263580322266, 10.183193206787166], [76.16263580322266, 10.183472633361873], [76.16236114501964, 10.183460235595646], [76.16236114501964, 10.184029579162598], [76.16208648681646, 10.184026718139705], [76.16208648681646, 10.184582710266227], [76.16179656982433, 10.184578895568848], [76.16179656982433, 10.18542194366455], [76.16152954101568, 10.185415267944279], [76.16152954101568, 10.185971260070744], [76.16124725341797, 10.185971260070744], [76.16124725341797, 10.186532020568904], [76.1609725952149, 10.186532020568904], [76.1609725952149, 10.186820983886719], [76.16069793701172, 10.186820983886719], [76.16069793701172, 10.187919616699332], [76.16041564941418, 10.187917709350586], [76.16041564941418, 10.188471794128418], [76.1598587036134, 10.188471794128418], [76.1598587036134, 10.189591407775936], [76.15957641601562, 10.189591407775936], [76.15958404541016, 10.191249847412223], [76.15930938720714, 10.191249847412223], [76.15930938720714, 10.19153022766119], [76.15957641601562, 10.19153022766119], [76.15957641601562, 10.191810607910156], [76.15930938720714, 10.191805839538688], [76.15930175781261, 10.192359924316406], [76.15902709960943, 10.192359924316406], [76.15902709960943, 10.192919731140194], [76.1587524414062, 10.192915916442871], [76.1587524414062, 10.193471908569336], [76.15847015380865, 10.193471908569336], [76.15847015380865, 10.193750381469727], [76.158203125, 10.193750381469727], [76.158203125, 10.19431114196783], [76.15791320800787, 10.194306373596191], [76.15791320800787, 10.194862365722656], [76.15763854980469, 10.19486045837408], [76.15763854980469, 10.195421218872184], [76.15735626220709, 10.195421218872184], [76.15735626220709, 10.196531295776367], [76.1570816040039, 10.196528434753475], [76.1570816040039, 10.19708442687994], [76.1568069458009, 10.19708442687994], [76.1568069458009, 10.198472023010197], [76.15652465820312, 10.198472023010197], [76.15652465820312, 10.19958209991455], [76.15625000000011, 10.19958209991455], [76.15625000000011, 10.200695037841797], [76.15598297119146, 10.200690269470329], [76.15598297119146, 10.201531410217285], [76.15569305419933, 10.2015256881715], [76.15569305419933, 10.202082633972282], [76.15541839599615, 10.202082633972282], [76.15541839599615, 10.202361106872615], [76.15513610839838, 10.202361106872615], [76.15513610839838, 10.202920913696289], [76.15486145019537, 10.202917098999137], [76.15486145019537, 10.203194618225211], [76.15458679199219, 10.203194618225211], [76.15458679199219, 10.203473091125602], [76.15430450439459, 10.203473091125602], [76.15430450439459, 10.205695152282715], [76.1540298461914, 10.205690383911246], [76.1540298461914, 10.206811904907283], [76.15374755859386, 10.206805229187069], [76.15374755859386, 10.207638740539608], [76.15347290039062, 10.207638740539608], [76.15347290039062, 10.208194732666072], [76.15319824218761, 10.20819091796875], [76.15319824218761, 10.208750724792537], [76.1529159545899, 10.208750724792537], [76.1529159545899, 10.209029197692928], [76.15264129638683, 10.209027290344352], [76.15264129638683, 10.209583282470817], [76.15235900878912, 10.20958137512207], [76.15235900878912, 10.210700035095272], [76.15264129638683, 10.210695266723576], [76.15264129638683, 10.210970878601074], [76.15235900878912, 10.210970878601074], [76.15235900878912, 10.211249351501465], [76.15208435058588, 10.211249351501465], [76.15208435058588, 10.212361335754395], [76.15180206298834, 10.212361335754395], [76.15180206298834, 10.21319580078125], [76.15152740478516, 10.213191032409611], [76.15152740478516, 10.213761329650879], [76.15125274658209, 10.21374893188488], [76.15125274658209, 10.214861869812125], [76.15097045898438, 10.214861869812125], [76.15097045898438, 10.215694427490178], [76.15069580078136, 10.215694427490178], [76.15069580078136, 10.216250419616642], [76.1504135131836, 10.216250419616642], [76.1504135131836, 10.217362403869629], [76.15013885498058, 10.217359542846737], [76.15013885498058, 10.21875], [76.14985656738281, 10.21875], [76.14985656738281, 10.219312667846737], [76.1495819091798, 10.219305992126522], [76.1495819091798, 10.219861984252987], [76.14930725097662, 10.219861984252987], [76.14930725097662, 10.220140457153377], [76.14902496337885, 10.220137596130485], [76.14902496337885, 10.22097206115734], [76.14875030517584, 10.22097206115734], [76.14875030517584, 10.222361564636174], [76.14847564697266, 10.222361564636174], [76.14847564697266, 10.223471641540527], [76.14819335937506, 10.223471641540527], [76.14819335937506, 10.224860191345272], [76.14791870117188, 10.224860191345272], [76.14791870117188, 10.225420951843262], [76.14763641357433, 10.225420951843262], [76.14763641357433, 10.226531028747615], [76.1473617553711, 10.226531028747615], [76.1473617553711, 10.226811408996582], [76.14708709716808, 10.226806640625114], [76.14708709716808, 10.227359771728516], [76.1465301513673, 10.227359771728516], [76.1465301513673, 10.228751182556096], [76.14624786376959, 10.228751182556096], [76.14624786376959, 10.229582786560115], [76.14597320556635, 10.229582786560115], [76.14597320556635, 10.231248855590934], [76.1456909179688, 10.231248855590934], [76.1456909179688, 10.23208332061779], [76.14541625976562, 10.232081413268986], [76.14541625976562, 10.23264122009283], [76.14514160156256, 10.23264122009283], [76.14514160156256, 10.232921600341797], [76.14485931396484, 10.232916831970329], [76.14485931396484, 10.233470916748047], [76.14457702636724, 10.233470916748047], [76.14457702636724, 10.23403167724615], [76.144287109375, 10.23403167724615], [76.144287109375, 10.234310150146541], [76.14402770996105, 10.234310150146541], [76.14402770996105, 10.235420227050895], [76.144287109375, 10.235420227050895], [76.144287109375, 10.236529350280762], [76.14402770996105, 10.236529350280762], [76.14402770996105, 10.236809730529728], [76.14430236816406, 10.23680496215826], [76.14430236816406, 10.23708343505865], [76.14402770996105, 10.237080574035588], [76.14402770996105, 10.237639427185115], [76.14375305175781, 10.237639427185115], [76.14375305175781, 10.23819541931158], [76.14347076416027, 10.238190650939941], [76.14347076416027, 10.239031791687069], [76.14319610595709, 10.239027023315373], [76.14319610595709, 10.239583015441895], [76.14290618896496, 10.239581108093262], [76.14290618896496, 10.240141868591422], [76.1426391601563, 10.240141868591422], [76.1426391601563, 10.240420341491813], [76.14236450195312, 10.24041843414301], [76.14236450195312, 10.242083549499569], [76.14208221435553, 10.242080688476676], [76.14208221435553, 10.242919921875], [76.14236450195312, 10.242918014526424], [76.14236450195312, 10.243193626403922], [76.14208221435553, 10.243188858032227], [76.14208221435553, 10.24431037902832], [76.14180755615234, 10.244305610656852], [76.14180755615234, 10.244584083557243], [76.14208221435553, 10.244584083557243], [76.14208221435553, 10.24485969543457], [76.14180755615234, 10.24485969543457], [76.14180755615234, 10.245140075683707], [76.14152526855474, 10.245140075683707], [76.14152526855474, 10.245694160461426], [76.14125061035156, 10.245694160461426], [76.14125061035156, 10.24625015258789], [76.14097595214855, 10.24625015258789], [76.14097595214855, 10.246810913085994], [76.14069366455078, 10.246806144714355], [76.14069366455078, 10.24708366394043], [76.14041900634777, 10.24708366394043], [76.14041900634777, 10.248472213745174], [76.14013671875006, 10.248472213745174], [76.14013671875006, 10.249584197998104], [76.13986206054699, 10.249580383300781], [76.13986206054699, 10.250420570373592], [76.13957977294928, 10.250415802001896], [76.13957977294928, 10.250971794128361], [76.13930511474604, 10.250971794128361], [76.13930511474604, 10.251250267028752], [76.13903045654303, 10.251250267028752], [76.13903045654303, 10.251811027526912], [76.13874816894531, 10.25180435180664], [76.13874816894531, 10.252084732055607], [76.13847351074224, 10.252084732055607], [76.13847351074224, 10.252360343933105], [76.13874816894531, 10.252360343933105], [76.13874816894531, 10.25431060791027], [76.13819122314453, 10.25431060791027], [76.13819122314453, 10.255141258239803], [76.13791656494152, 10.255141258239803], [76.13791656494152, 10.25652885437023], [76.13764190673828, 10.25652885437023], [76.13764190673828, 10.257361412048283], [76.13735961914074, 10.257361412048283], [76.13735961914074, 10.257919311523551], [76.13708496093756, 10.257917404174805], [76.13708496093756, 10.25847339630127], [76.13680267333996, 10.258470535278377], [76.13680267333996, 10.25903129577648], [76.13652801513678, 10.259026527404842], [76.13652801513678, 10.260971069336051], [76.13625335693354, 10.260971069336051], [76.13625335693354, 10.261531829833984], [76.135971069336, 10.261527061462516], [76.135971069336, 10.262360572814885], [76.13625335693354, 10.262360572814885], [76.13625335693354, 10.263472557067871], [76.135971069336, 10.263472557067871], [76.135971069336, 10.264582633972225], [76.13569641113281, 10.264580726623592], [76.13569641113281, 10.26513862609869], [76.13541412353521, 10.26513862609869], [76.13541412353521, 10.265971183776912], [76.13513946533203, 10.265971183776912], [76.13513946533203, 10.266531944274902], [76.13485717773449, 10.266531944274902], [76.13485717773449, 10.266810417175293], [76.13458251953125, 10.266804695129508], [76.13458251953125, 10.26736164093029], [76.13430786132824, 10.26736164093029], [76.13430786132824, 10.267642021179256], [76.13458251953125, 10.267640113830623], [76.13458251953125, 10.267917633056754], [76.13430786132824, 10.267917633056754], [76.13430786132824, 10.269583702087402], [76.13403320312506, 10.26958084106451], [76.13403320312506, 10.270139694213867], [76.13375091552746, 10.270139694213867], [76.13375091552746, 10.271249771118221], [76.13346862792974, 10.271249771118221], [76.13346862792974, 10.27319431304943], [76.13318634033214, 10.273192405700627], [76.13318634033214, 10.274311065673828], [76.1329193115235, 10.27430629730236], [76.1329193115235, 10.274862289428825], [76.13263702392578, 10.274860382080078], [76.13263702392578, 10.275142669677791], [76.1329193115235, 10.275142669677791], [76.1329193115235, 10.275421142578182], [76.13263702392578, 10.275421142578182], [76.13263702392578, 10.276531219482536], [76.13234710693365, 10.276531219482536], [76.13236236572271, 10.277359962463436], [76.132080078125, 10.277359962463436], [76.132080078125, 10.277920722961426], [76.13180541992199, 10.2779159545899], [76.13180541992199, 10.278471946716422], [76.13153076171875, 10.278471946716422], [76.13153076171875, 10.278750419616756], [76.13124847412121, 10.278750419616756], [76.13124847412121, 10.279311180114746], [76.13096618652344, 10.279311180114746], [76.13096618652344, 10.2804212570191], [76.13069152832043, 10.2804212570191], [76.13069152832043, 10.28125095367426], [76.13096618652344, 10.28125095367426], [76.13096618652344, 10.282641410827637], [76.13069152832043, 10.282638549804744], [76.13069152832043, 10.282917022705135], [76.13041687011724, 10.282910346984863], [76.13041687011724, 10.284309387207031], [76.130142211914, 10.284309387207031], [76.130142211914, 10.285140991210994], [76.12985992431646, 10.285140991210994], [76.12985992431646, 10.286531448364315], [76.12958526611328, 10.286526679992676], [76.12958526611328, 10.28708267211914], [76.12985992431646, 10.287077903747672], [76.12985992431646, 10.287640571594181], [76.12960052490234, 10.287640571594181], [76.12960052490234, 10.28931045532238], [76.12928771972662, 10.28931045532238], [76.12928771972662, 10.29013919830328], [76.1290283203125, 10.29013919830328], [76.1290283203125, 10.290693283081168], [76.1287460327149, 10.290691375732422], [76.1287460327149, 10.2915296554566], [76.12847137451172, 10.2915296554566], [76.12847137451172, 10.292641639709586], [76.12819671630871, 10.292638778686523], [76.12819671630871, 10.293195724487248], [76.12791442871094, 10.293195724487248], [76.12791442871094, 10.294584274291992], [76.12763977050793, 10.294584274291992], [76.12763977050793, 10.295971870422477], [76.12735748291021, 10.295971870422477], [76.12735748291021, 10.296529769897518], [76.12708282470714, 10.296529769897518], [76.12708282470714, 10.296810150146484], [76.12680816650396, 10.296810150146484], [76.12680816650396, 10.297920227050838], [76.12654113769531, 10.297920227050838], [76.12654113769531, 10.299030303955192], [76.12625122070318, 10.299030303955192], [76.12625122070318, 10.299310684204158], [76.1265258789062, 10.29930591583252], [76.1265258789062, 10.29958438873291], [76.12625122070318, 10.29958438873291], [76.12625122070318, 10.299861907958984], [76.12596893310547, 10.299861907958984], [76.12596893310547, 10.300980567932186], [76.12541961669922, 10.300980567932186], [76.12541961669922, 10.301532745361271], [76.12513732910168, 10.301532745361271], [76.12513732910168, 10.302639961242733], [76.12486267089844, 10.302639961242733], [76.12486267089844, 10.302921295166016], [76.12431335449224, 10.302921295166016], [76.12431335449224, 10.303750038146916], [76.1245803833009, 10.303750038146916], [76.1245803833009, 10.30486011505127], [76.12430572509771, 10.30486011505127], [76.12430572509771, 10.305693626403865], [76.12403106689464, 10.305693626403865], [76.12403106689464, 10.305972099304256], [76.12431335449224, 10.305970191955623], [76.12431335449224, 10.307641029357967], [76.12403106689464, 10.307638168335075], [76.12403106689464, 10.308195114135799], [76.12374877929693, 10.308195114135799], [76.12374877929693, 10.30875110626232], [76.12348175048828, 10.30875110626232], [76.12348175048828, 10.309030532836971], [76.12319183349615, 10.309028625488395], [76.12319183349615, 10.309582710266113], [76.12291717529297, 10.309579849243221], [76.12291717529297, 10.311531066894645], [76.1226425170899, 10.311531066894645], [76.1226425170899, 10.312641143798828], [76.12236022949219, 10.312641143798828], [76.12236022949219, 10.312921524047795], [76.12208557128918, 10.312916755676326], [76.12208557128918, 10.313751220703182], [76.1218032836914, 10.313751220703182], [76.1218032836914, 10.314582824707145], [76.12208557128918, 10.314582824707145], [76.12208557128918, 10.314861297607536], [76.1218032836914, 10.314861297607536], [76.1218032836914, 10.315140724182243], [76.1215286254884, 10.31513881683344], [76.1215286254884, 10.316248893737793], [76.12124633789062, 10.316248893737793], [76.12124633789062, 10.316809654235954], [76.12097167968761, 10.316809654235954], [76.12097167968761, 10.31791973114008], [76.12069702148443, 10.317916870117244], [76.12069702148443, 10.318749427795467], [76.1204071044923, 10.318749427795467], [76.1204071044923, 10.319310188293457], [76.12014007568365, 10.319310188293457], [76.12014007568365, 10.32014179229742], [76.11985778808594, 10.32014179229742], [76.11985778808594, 10.321530342102164], [76.11958312988287, 10.321528434753361], [76.11958312988287, 10.322361946105957], [76.11930847167969, 10.322361946105957], [76.11930847167969, 10.322919845581168], [76.11902618408214, 10.322917938232422], [76.11902618408214, 10.32319355010992], [76.11846923828136, 10.323190689087028], [76.11846923828136, 10.323749542236385], [76.1187515258789, 10.323749542236385], [76.1187515258789, 10.324310302734489], [76.11846923828136, 10.324310302734489], [76.11846923828136, 10.325420379638672], [76.1181869506836, 10.325420379638672], [76.1181869506836, 10.326250076294059], [76.11791992187511, 10.326250076294059], [76.11791992187511, 10.327639579772892], [76.1181869506836, 10.327639579772892], [76.1181869506836, 10.327920913696346], [76.11791992187511, 10.327918052673283], [76.11791992187511, 10.328193664550781], [76.1176376342774, 10.328188896179313], [76.1176376342774, 10.328749656677246], [76.11734771728527, 10.328749656677246], [76.11736297607416, 10.3298597335816], [76.11708068847662, 10.3298597335816], [76.11708068847662, 10.33042144775385], [76.11680603027344, 10.330415725708065], [76.11680603027344, 10.330694198608455], [76.11653137207037, 10.330690383911133], [76.11653137207037, 10.33181095123291], [76.11624908447266, 10.331804275512638], [76.11624908447266, 10.3331937789917], [76.11596679687506, 10.33318996429449], [76.11596679687506, 10.333750724792424], [76.11569213867188, 10.333750724792424], [76.11569213867188, 10.334031105041618], [76.11541748046886, 10.334031105041618], [76.11541748046886, 10.3351411819458], [76.11514282226562, 10.3351411819458], [76.11514282226562, 10.336811065673771], [76.11486053466808, 10.336805343627987], [76.11486053466808, 10.337361335754508], [76.11460113525396, 10.337361335754508], [76.11460113525396, 10.337919235229549], [76.11431121826166, 10.337919235229549], [76.11431121826166, 10.338750839233512], [76.11402893066412, 10.338750839233512], [76.11402893066412, 10.339860916137695], [76.11374664306635, 10.339860916137695], [76.11374664306635, 10.34069538116455], [76.11347198486334, 10.34069538116455], [76.11347198486334, 10.340970993042049], [76.11319732666016, 10.340970993042049], [76.11319732666016, 10.342640876770076], [76.11292266845714, 10.342640876770076], [76.11292266845714, 10.34291934967041], [76.11235809326183, 10.34291934967041], [76.11235809326183, 10.34375095367443], [76.11207580566406, 10.34375095367443], [76.11207580566406, 10.344309806823787], [76.11180877685558, 10.344305038452092], [76.11180877685558, 10.344582557678223], [76.11152648925787, 10.344582557678223], [76.11152648925787, 10.34597110748291], [76.1112518310548, 10.34597110748291], [76.11120605468761, 10.34653186798107], [76.11176300048834, 10.34801101684576], [76.11432647705078, 10.350969314575252], [76.12214660644531, 10.356900215148926], [76.12423706054682, 10.36028194427496], [76.1244277954101, 10.363780021667537], [76.12220001220703, 10.367121696472111], [76.11538696289068, 10.389920234680176], [76.11367797851568, 10.393769264221135], [76.1174926757813, 10.394559860229549], [76.12049102783209, 10.393511772155762], [76.12423706054682, 10.390971183776799], [76.12831115722662, 10.38589859008789], [76.12921142578125, 10.382921218872013], [76.12856292724621, 10.379650115966854], [76.13108825683605, 10.378090858459586], [76.13445281982428, 10.37865161895752], [76.14074707031256, 10.388151168823356]]]}, "properties": {"id": "kodungallur", "taluk_name": "Kodungallur", "malayalam_name": "കൊടുങ്ങല്ലൂർ", "district_name": "Thrissur", "district_id": "thrissur", "elevation_m": 10, "slope_degrees": 1.2, "area_sq_km": 290, "centroid": {"lat": 10.22, "lng": 76.2}, "dominant_land_use": "Paddy (Kole lands), Coconut, Rubber & Nutmeg (Slope: 1.2°)", "soil_type": "Hydromorphic & Laterite Alluvial Soils", "rusle": {"R": 2956, "K": 0.023, "LS": 1.8, "C": 0.16, "P": 0.71, "A": 4.8}, "risk_category": "Low", "time_series": {"2018": 6.0, "2019": 5.5, "2020": 4.4, "2021": 4.9, "2022": 4.5, "2023": 3.9, "2024": 4.8}, "conservation": ["Contour terracing suitable for 10m elevation zones", "Runoff control hedgerows across slopes > 5.0°"], "is_sample_data": true, "data_source": "Bundled GeoJSON (DEMO Mode)"}}, {"type": "Feature", "id": "chavakkad", "geometry": {"type": "MultiPolygon", "coordinates": [[[[76.05208587646513, 10.535420417785815], [76.05208587646513, 10.534581184387491], [76.05180358886736, 10.534583091735897], [76.05180358886736, 10.534027099609602], [76.05152893066435, 10.53403186798107], [76.05152893066435, 10.533752441406193], [76.05069732666021, 10.533752441406193], [76.05069732666021, 10.533471107483138], [76.05042266845697, 10.533471107483138], [76.05042266845697, 10.533752441406193], [76.04930877685564, 10.533752441406193], [76.04930877685564, 10.534310340881461], [76.04958343505865, 10.534304618835506], [76.04958343505865, 10.534583091735897], [76.04985809326172, 10.534583091735897], [76.04985809326172, 10.534860610961971], [76.05014038085943, 10.534860610961971], [76.05014038085943, 10.535141944885254], [76.05069732666021, 10.535141944885254], [76.05069732666021, 10.535420417785815], [76.05208587646513, 10.535420417785815]]], [[[76.05097198486357, 10.539030075073356], [76.05097198486357, 10.538741111755371], [76.0512466430664, 10.538749694824219], [76.0512466430664, 10.537918090820426], [76.05152893066435, 10.537919998169002], [76.05152893066435, 10.537359237670898], [76.0512466430664, 10.537362098693961], [76.0512466430664, 10.536527633667106], [76.05069732666021, 10.536529541015682], [76.05069732666021, 10.536252021789608], [76.04985809326172, 10.536252021789608], [76.04985809326172, 10.535970687866325], [76.04930877685564, 10.535973548889217], [76.04930877685564, 10.53708362579357], [76.04902648925793, 10.537078857422102], [76.04902648925793, 10.537919998169002], [76.04957580566412, 10.537919998169002], [76.04957580566412, 10.539030075073356], [76.05097198486357, 10.539030075073356]]], [[[76.00192260742216, 10.68058013916027], [76.00186157226568, 10.678059577941838], [76.01680755615263, 10.672031402587947], [76.01962280273443, 10.668180465698185], [76.02420043945318, 10.65956020355253], [76.02696228027338, 10.656621932983626], [76.02525329589844, 10.652271270752067], [76.01918792724626, 10.65109062194847], [76.02465820312528, 10.64595985412592], [76.024467468262, 10.643321037292651], [76.02157592773466, 10.642820358276538], [76.02921295166044, 10.630279541015796], [76.03379058837919, 10.61799144744873], [76.03653717041033, 10.618949890136776], [76.04355621337885, 10.608769416809139], [76.04667663574224, 10.6087007522583], [76.05169677734386, 10.59807109832775], [76.05458068847685, 10.593811035156364], [76.06028747558622, 10.590629577636719], [76.0674667358399, 10.570700645446891], [76.07164764404314, 10.574009895324934], [76.07533264160162, 10.570090293884334], [76.08097839355486, 10.580451011657658], [76.088119506836, 10.584560394287223], [76.09371948242182, 10.585160255432356], [76.09731292724638, 10.583660125732422], [76.0991973876956, 10.57819938659668], [76.10132598876982, 10.578021049499796], [76.1022491455081, 10.58037090301508], [76.10376739501964, 10.580360412597656], [76.10632324218767, 10.582759857177962], [76.11009979248075, 10.576831817626953], [76.10862731933611, 10.569270133972282], [76.10996246337908, 10.561121940612963], [76.10434722900419, 10.559649467468489], [76.10468292236334, 10.556428909301815], [76.10791778564459, 10.5547008514406], [76.10832214355474, 10.544131278991642], [76.1164627075197, 10.541640281677303], [76.11782836914068, 10.538141250610636], [76.11271667480474, 10.535991668701172], [76.11917877197271, 10.52011966705345], [76.12165069580084, 10.518910408020076], [76.12203979492193, 10.51517200469965], [76.12589263916027, 10.514470100402832], [76.1266632080081, 10.504600524902344], [76.12312316894548, 10.5011119842531], [76.1154327392581, 10.498050689697266], [76.10774230957037, 10.498081207275447], [76.09749603271513, 10.496979713440112], [76.08808135986334, 10.497530937195108], [76.07884216308588, 10.499630928039608], [76.0768661499024, 10.497061729431437], [76.07904052734375, 10.480879783630485], [76.08528900146513, 10.469210624694824], [76.08674621582037, 10.462430953979492], [76.08647918701172, 10.45216083526617], [76.0880432128908, 10.440509796142635], [76.09480285644543, 10.432851791381836], [76.09767150878935, 10.428310394287166], [76.11367797851568, 10.393769264221135], [76.11538696289068, 10.389920234680176], [76.12220001220703, 10.367121696472111], [76.1244277954101, 10.363780021667537], [76.12423706054682, 10.36028194427496], [76.12214660644531, 10.356900215148926], [76.11432647705078, 10.350969314575423], [76.11176300048834, 10.34801101684576], [76.11120605468761, 10.34653186798107], [76.11096954345709, 10.34653186798107], [76.11096954345709, 10.347641944885424], [76.11068725585932, 10.347641944885424], [76.11068725585932, 10.348752021789778], [76.11042022705084, 10.348752021789778], [76.11042022705084, 10.349319458007756], [76.1101379394533, 10.349319458007756], [76.1101379394533, 10.350139617920036], [76.10986328125006, 10.350139617920036], [76.10986328125006, 10.350693702697924], [76.10958099365251, 10.350693702697924], [76.10958099365251, 10.350972175598315], [76.1093063354495, 10.350972175598315], [76.1093063354495, 10.352084159851074], [76.1090164184572, 10.352069854736271], [76.1090164184572, 10.35291957855219], [76.10874938964872, 10.352915763855037], [76.10874938964872, 10.353750228881893], [76.10847473144537, 10.353750228881893], [76.10847473144537, 10.354583740234432], [76.10819244384794, 10.354583740234432], [76.10819244384794, 10.35513782501232], [76.10791778564459, 10.35513782501232], [76.10791778564459, 10.355693817138615], [76.10764312744135, 10.355691909790039], [76.10764312744135, 10.356251716614054], [76.1073608398438, 10.356251716614054], [76.1073608398438, 10.356810569763411], [76.1070861816408, 10.356810569763411], [76.1070861816408, 10.357361793518237], [76.10680389404303, 10.357359886169434], [76.10680389404303, 10.358194351196289], [76.10652923584001, 10.358194351196289], [76.10652923584001, 10.358750343322754], [76.1062469482423, 10.358750343322754], [76.1062469482423, 10.359581947326944], [76.10597229003923, 10.35958003997797], [76.10597229003923, 10.360140800476302], [76.10569763183622, 10.360140800476302], [76.10569763183622, 10.361260414123592], [76.10540771484392, 10.361260414123592], [76.10540771484392, 10.361810684204102], [76.10514068603544, 10.36180686950712], [76.10514068603544, 10.362360954284611], [76.10485839843756, 10.362360954284611], [76.10485839843756, 10.363195419311467], [76.10457611084013, 10.36318969726591], [76.10458374023432, 10.363751411438159], [76.1043090820313, 10.363751411438159], [76.1043090820313, 10.364583015442122], [76.1040267944336, 10.364583015442122], [76.1040267944336, 10.365694999694881], [76.10375213623053, 10.365690231323413], [76.10375213623053, 10.366250991821346], [76.10346984863298, 10.366250991821346], [76.10346984863298, 10.366808891296387], [76.1031951904298, 10.36680698394781], [76.1031951904298, 10.368194580078068], [76.1029129028322, 10.368194580078068], [76.1029129028322, 10.368473052978459], [76.10263824462919, 10.368471145629883], [76.10263824462919, 10.369031906127987], [76.10236358642578, 10.369027137756348], [76.10236358642578, 10.369583129882812], [76.10208129882841, 10.369583129882812], [76.10208129882841, 10.369860649108887], [76.10236358642578, 10.369860649108887], [76.10236358642578, 10.370139122009277], [76.10208129882841, 10.370139122009277], [76.10208129882841, 10.371249198913631], [76.10180664062506, 10.371249198913631], [76.10180664062506, 10.371809959411792], [76.10152435302763, 10.371805191040096], [76.10152435302763, 10.372361183166788], [76.10124969482428, 10.372361183166788], [76.10124969482428, 10.373200416565112], [76.1009826660158, 10.373200416565112], [76.1009826660158, 10.373751640320108], [76.1006927490235, 10.373748779297046], [76.1006927490235, 10.37458419799799], [76.10041809082048, 10.374581336975098], [76.10041809082048, 10.375140190124455], [76.10013580322271, 10.375140190124455], [76.10013580322271, 10.375419616699332], [76.0998611450197, 10.375417709350756], [76.0998611450197, 10.377083778381404], [76.09958648681669, 10.377080917358512], [76.09958648681669, 10.377920150756836], [76.09930419921892, 10.377916336059855], [76.09930419921892, 10.380694389343262], [76.09874725341803, 10.380694389343262], [76.09874725341803, 10.380971908569336], [76.09847259521513, 10.380971908569336], [76.09847259521513, 10.381250381469727], [76.097915649414, 10.381250381469727], [76.097915649414, 10.38208198547369], [76.097640991211, 10.38208198547369], [76.097640991211, 10.382921218872013], [76.09735870361345, 10.382916450500545], [76.09735870361345, 10.383190155029467], [76.09707641601568, 10.383200645446891], [76.09707641601568, 10.383749961853084], [76.0968093872072, 10.383749961853084], [76.09680175781267, 10.38458442687994], [76.09652709960966, 10.38458442687994], [76.09652709960966, 10.385693550110034], [76.09623718261736, 10.385689735412654], [76.09623718261736, 10.386530876159952], [76.09597015380888, 10.386530876159952], [76.09597015380888, 10.386811256408748], [76.09570312500006, 10.386811256408748], [76.09570312500006, 10.387640953064135], [76.0954132080081, 10.387640953064135], [76.0954132080081, 10.388200759887752], [76.09513854980474, 10.388200759887752], [76.09513854980474, 10.389310836791935], [76.09485626220697, 10.389310836791935], [76.09485626220697, 10.390140533447322], [76.09458160400396, 10.390140533447322], [76.09458160400396, 10.390420913696289], [76.09430694580095, 10.390417098999308], [76.09430694580095, 10.3912487030031], [76.09402465820318, 10.3912487030031], [76.09402465820318, 10.392083168029956], [76.09375000000017, 10.392080307006893], [76.09375000000017, 10.392921447753963], [76.09347534179716, 10.392916679382324], [76.09347534179716, 10.393472671508789], [76.09317779541033, 10.39346790313732], [76.09317779541033, 10.394030570984057], [76.09291839599638, 10.394026756286678], [76.09291839599638, 10.394861221313533], [76.09263610839844, 10.394861221313533], [76.09263610839844, 10.395973205566463], [76.0923614501956, 10.395971298217887], [76.0923614501956, 10.396809577942122], [76.09208679199224, 10.396804809570256], [76.09208679199224, 10.397083282470646], [76.09179687500028, 10.39708137512207], [76.09179687500028, 10.397639274597111], [76.09124755859375, 10.397639274597111], [76.09124755859375, 10.399031639099235], [76.09097290039068, 10.399026870727766], [76.09097290039068, 10.399582862854231], [76.09069824218767, 10.399580955505428], [76.09069824218767, 10.400430679321573], [76.09041595458996, 10.400415420532283], [76.09041595458996, 10.400971412658976], [76.09014129638689, 10.400971412658976], [76.09014129638689, 10.401809692382812], [76.08985900878935, 10.401809692382812], [76.08985900878935, 10.402640342712687], [76.08957672119158, 10.402640342712687], [76.08958435058594, 10.403750419616642], [76.08930206298857, 10.403750419616642], [76.08930206298857, 10.40402984619152], [76.08902740478521, 10.40402984619152], [76.08902740478521, 10.404310226440487], [76.08875274658197, 10.404310226440487], [76.08875274658197, 10.405139923095703], [76.08847045898443, 10.405139923095703], [76.08847045898443, 10.40625], [76.08819580078125, 10.40624141693121], [76.08819580078125, 10.406812667846964], [76.08790588378912, 10.406812667846964], [76.08790588378912, 10.407640457153377], [76.08763885498064, 10.407637596130485], [76.08763885498064, 10.408193588256779], [76.08737182617216, 10.408191680908203], [76.08737182617216, 10.408749580383244], [76.08708190917986, 10.408749580383244], [76.08708190917986, 10.409311294555664], [76.08680725097685, 10.409305572509709], [76.08680725097685, 10.409861564636401], [76.08651733398455, 10.409859657287598], [76.08651733398455, 10.410421371460018], [76.08625030517607, 10.410415649414062], [76.08625030517607, 10.410694122314453], [76.08598327636724, 10.410690307617301], [76.08598327636724, 10.411250114440918], [76.08569335937528, 10.411250114440918], [76.08569335937528, 10.411810874939079], [76.08541870117193, 10.411810874939079], [76.08541870117193, 10.412640571594466], [76.08513641357416, 10.412640571594466], [76.08513641357416, 10.412920951843432], [76.08486175537115, 10.412920951843432], [76.08486175537115, 10.414311408996582], [76.08458709716814, 10.414306640625284], [76.08458709716814, 10.414859771728516], [76.08429718017584, 10.414859771728516], [76.08429718017584, 10.41514110565214], [76.08403015136736, 10.415138244629077], [76.08403015136736, 10.415416717529467], [76.08374786376982, 10.415411949157772], [76.08374786376982, 10.41681098937994], [76.08347320556658, 10.416805267333984], [76.08347320556658, 10.417361259460677], [76.08319091796903, 10.417361259460677], [76.08319091796903, 10.417921066284123], [76.08291625976568, 10.417917251587141], [76.08291625976568, 10.418473243713436], [76.08264160156278, 10.41847133636503], [76.08264160156278, 10.419311523437443], [76.08291625976568, 10.419311523437443], [76.08291625976568, 10.419860839843864], [76.08264160156278, 10.419860839843864], [76.08264160156278, 10.420421600341797], [76.0823593139649, 10.420416831970329], [76.0823593139649, 10.42069530487072], [76.08180236816412, 10.42069530487072], [76.08180236816412, 10.421251296997184], [76.08152770996111, 10.421251296997184], [76.08152770996111, 10.422361373901367], [76.08125305175787, 10.422361373901367], [76.08125305175787, 10.423194885253906], [76.08097076416033, 10.423194885253906], [76.08097076416033, 10.423473358154297], [76.08069610595732, 10.423471450805721], [76.08069610595732, 10.424029350280762], [76.08040618896501, 10.424029350280762], [76.08040618896501, 10.424309730529956], [76.08013916015653, 10.42430496215826], [76.08013916015653, 10.424860954284952], [76.0798568725586, 10.424860954284952], [76.0798568725586, 10.425139427185115], [76.07958221435575, 10.425139427185115], [76.07958221435575, 10.427641868591422], [76.0793075561524, 10.427641868591422], [76.0793075561524, 10.427920341491983], [76.07902526855463, 10.42791843414301], [76.07902526855463, 10.428470611572322], [76.07875061035162, 10.428470611572322], [76.07875061035162, 10.428751945495776], [76.07820129394537, 10.428751945495776], [76.07820129394537, 10.429309844970817], [76.07791900634783, 10.429306030273665], [76.07791900634783, 10.430418014526424], [76.07763671875011, 10.430411338806152], [76.07763671875011, 10.431249618530387], [76.07736206054705, 10.431249618530387], [76.07736206054705, 10.432084083557243], [76.0770797729495, 10.432079315185774], [76.0770797729495, 10.432640075683707], [76.07681274414068, 10.432640075683707], [76.07681274414068, 10.432920455932674], [76.07624816894537, 10.432920455932674], [76.07624816894537, 10.433481216430607], [76.07596588134794, 10.433481216430607], [76.07596588134794, 10.434310913085994], [76.07569122314459, 10.434306144714355], [76.07569122314459, 10.43486213684082], [76.07543182373064, 10.434860229492244], [76.07543182373064, 10.435139656066895], [76.07514190673834, 10.435139656066895], [76.07514190673834, 10.436811447143498], [76.0748596191408, 10.436811447143498], [76.0748596191408, 10.437640190124796], [76.07458496093761, 10.437640190124796], [76.07458496093761, 10.438194274902287], [76.07430267334001, 10.438194274902287], [76.07430267334001, 10.438471794128588], [76.074028015137, 10.438471794128588], [76.074028015137, 10.439030647278116], [76.0737533569336, 10.439027786255053], [76.0737533569336, 10.439583778381348], [76.07347106933622, 10.439579963684139], [76.07347106933622, 10.4401407241823], [76.07319641113287, 10.440137863159407], [76.07319641113287, 10.441250801086653], [76.07291412353544, 10.441250801086653], [76.07291412353544, 10.44235992431652], [76.07263946533209, 10.442351341247672], [76.07263946533209, 10.442641258239973], [76.0720825195313, 10.44263935089117], [76.0720825195313, 10.443472862243766], [76.0718078613283, 10.443470001220703], [76.0718078613283, 10.444309234619197], [76.07152557373053, 10.444305419921818], [76.07152557373053, 10.44458293914812], [76.07125091552751, 10.44458293914812], [76.07125091552751, 10.44486141204851], [76.07096862792997, 10.44486141204851], [76.07096862792997, 10.44514083862316], [76.07069396972673, 10.445138931274414], [76.07069396972673, 10.445694923400879], [76.07041931152372, 10.445694923400879], [76.07041931152372, 10.447083473205623], [76.07013702392584, 10.44708061218273], [76.07013702392584, 10.447918891906738], [76.06986236572294, 10.447916984558162], [76.06986236572294, 10.448195457458553], [76.06958007812506, 10.448189735412598], [76.06958007812506, 10.448479652404899], [76.06929779052729, 10.448479652404899], [76.06929779052729, 10.449030876159895], [76.0690307617188, 10.449030876159895], [76.0690307617188, 10.449310302734375], [76.06874847412126, 10.449310302734375], [76.06874847412126, 10.450140953064249], [76.0684661865235, 10.450140953064249], [76.0684661865235, 10.451251029968432], [76.06819152832048, 10.451251029968432], [76.06819152832048, 10.451811790466365], [76.06764221191423, 10.451805114746094], [76.06764221191423, 10.452082633972395], [76.06735992431669, 10.452080726623592], [76.06735992431669, 10.45292186737072], [76.06709289550787, 10.45292186737072], [76.06709289550787, 10.454310417175463], [76.06652832031256, 10.454304695129508], [76.06652832031256, 10.45597362518322], [76.06625366210932, 10.45597362518322], [76.06625366210932, 10.456250190734806], [76.06597137451178, 10.456250190734806], [76.06597137451178, 10.45680999755865], [76.065414428711, 10.456806182861499], [76.065414428711, 10.457083702087402], [76.06513977050798, 10.457083702087402], [76.06513977050798, 10.457362174987963], [76.06485748291027, 10.4573593139649], [76.06485748291027, 10.457639694213867], [76.06513977050798, 10.457639694213867], [76.06513977050798, 10.457920074463004], [76.06485748291027, 10.457916259765852], [76.06485748291027, 10.458472251892317], [76.0645828247072, 10.458469390869254], [76.0645828247072, 10.458749771118221], [76.06430816650419, 10.458749771118221], [76.06430816650419, 10.459309577942065], [76.06402587890625, 10.459305763244686], [76.06402587890625, 10.459859848022575], [76.06375122070341, 10.459859848022575], [76.06375122070341, 10.460419654846419], [76.06346893310553, 10.46041584014904], [76.06346893310553, 10.461250305175895], [76.06319427490229, 10.461250305175895], [76.06319427490229, 10.462081909179688], [76.06291961669928, 10.462083816528263], [76.06291961669928, 10.462362289428654], [76.06263732910156, 10.462360382080078], [76.06263732910156, 10.462641716003532], [76.0623626708985, 10.462637901306152], [76.0623626708985, 10.463193893432617], [76.06208038330095, 10.463191986084041], [76.06208038330095, 10.464310646057243], [76.06180572509777, 10.464305877685774], [76.06180572509777, 10.464584350585938], [76.0615310668947, 10.464584350585938], [76.0615310668947, 10.465694427490291], [76.06124877929716, 10.465694427490291], [76.06124877929716, 10.466250419616983], [76.06097412109375, 10.466250419616983], [76.06097412109375, 10.466527938842887], [76.06041717529303, 10.466527938842887], [76.06041717529303, 10.467082023620776], [76.06014251708979, 10.467082023620776], [76.06014251708979, 10.467363357544002], [76.05986022949224, 10.467363357544002], [76.05986022949224, 10.468473434448185], [76.05959320068376, 10.468469619751033], [76.05959320068376, 10.469031333923454], [76.05930328369146, 10.469031333923454], [76.05930328369146, 10.469310760498104], [76.05902862548845, 10.469306945800952], [76.05902862548845, 10.469581604003963], [76.05874633789068, 10.469581604003963], [76.05874633789068, 10.46986103057884], [76.05902862548845, 10.46986103057884], [76.05902862548845, 10.470141410827807], [76.05874633789068, 10.470141410827807], [76.05874633789068, 10.470420837402287], [76.05847167968767, 10.470420837402287], [76.05847167968767, 10.471250534057674], [76.05819702148466, 10.471250534057674], [76.05819702148466, 10.47153091430664], [76.05790710449236, 10.47153091430664], [76.05790710449236, 10.471811294555607], [76.05764007568388, 10.471811294555607], [76.05764007568388, 10.472649574279842], [76.057357788086, 10.472639083862418], [76.057357788086, 10.473472595214787], [76.05706787109403, 10.473470687866211], [76.05706787109403, 10.473751068115348], [76.05680847167974, 10.473751068115348], [76.05680847167974, 10.474031448364315], [76.05652618408197, 10.474026679992676], [76.05652618408197, 10.474861145019531], [76.05625152587896, 10.474861145019531], [76.05625152587896, 10.475421905517635], [76.05596923828142, 10.475417137145996], [76.05596923828142, 10.475973129272461], [76.05568695068365, 10.475971221923885], [76.05568695068365, 10.476250648498763], [76.05541992187517, 10.47624874114996], [76.05541992187517, 10.477360725403116], [76.05513763427763, 10.477360725403116], [76.05513763427763, 10.477919578552473], [76.05486297607439, 10.477916717529581], [76.05486297607439, 10.478195190429972], [76.05458068847685, 10.478195190429972], [76.05458068847685, 10.478749275207463], [76.05432128906256, 10.478749275207463], [76.05432128906256, 10.4793119430542], [76.0540313720706, 10.479305267333928], [76.0540313720706, 10.47986125946062], [76.05374908447271, 10.47986125946062], [76.05374908447271, 10.480695724487475], [76.05347442626947, 10.480695724487475], [76.05347442626947, 10.481248855590877], [76.05319213867193, 10.481248855590877], [76.05319213867193, 10.482361793518294], [76.05264282226568, 10.482361793518294], [76.05264282226568, 10.482640266418684], [76.05236053466814, 10.482640266418684], [76.05236053466814, 10.483193397522086], [76.05208587646513, 10.483190536499023], [76.05208587646513, 10.484310150146484], [76.05180358886736, 10.484306335449503], [76.05180358886736, 10.484862327575797], [76.05152893066435, 10.484860420226994], [76.05152893066435, 10.485420227050838], [76.0512466430664, 10.485416412353686], [76.0512466430664, 10.485972404480151], [76.05097198486357, 10.485968589782772], [76.05097198486357, 10.48680973053007], [76.05041503906244, 10.48680591583252], [76.05041503906244, 10.48708438873291], [76.05014038085943, 10.487081527710018], [76.05014038085943, 10.48765087127697], [76.04985809326172, 10.48765087127697], [76.04985809326172, 10.487922668457315], [76.04958343505865, 10.487915992736873], [76.04958343505865, 10.488471984863338], [76.04930877685564, 10.488471984863338], [76.04930877685564, 10.489032745361271], [76.04902648925793, 10.489027976989803], [76.04902648925793, 10.489583969116268], [76.04875183105486, 10.489583969116268], [76.04875183105486, 10.489862442016658], [76.04846954345732, 10.489859580993596], [76.04846954345732, 10.490421295166016], [76.04818725585955, 10.490421295166016], [76.04818725585955, 10.491250038146916], [76.04792022705107, 10.491250038146916], [76.04792022705107, 10.49153137207037], [76.04763793945318, 10.49153137207037], [76.04763793945318, 10.491810798645076], [76.04736328124994, 10.491806030273608], [76.04736328124994, 10.49236011505127], [76.0470809936524, 10.49236011505127], [76.0470809936524, 10.493472099304427], [76.04680633544922, 10.493460655212516], [76.04680633544922, 10.49374961853033], [76.04651641845709, 10.49374961853033], [76.04651641845709, 10.49431133270275], [76.04596710205084, 10.49431133270275], [76.04596710205084, 10.495421409606934], [76.04569244384783, 10.495415687561149], [76.04569244384783, 10.496251106262491], [76.04541778564482, 10.496251106262491], [76.04541778564482, 10.496530532836971], [76.04512786865251, 10.496530532836971], [76.04512786865251, 10.496820449829272], [76.04486083984403, 10.496804237365723], [76.04486083984403, 10.49708461761486], [76.04458618164068, 10.497079849243221], [76.04458618164068, 10.497920989990291], [76.04430389404325, 10.49791717529314], [76.04430389404325, 10.498194694519043], [76.0440292358399, 10.498189926147575], [76.0440292358399, 10.499031066894474], [76.04374694824213, 10.499031066894474], [76.04374694824213, 10.499312400817928], [76.04347229003912, 10.499304771423397], [76.04347229003912, 10.499860763549862], [76.04319763183611, 10.49985790252697], [76.04319763183611, 10.500420570373706], [76.04292297363293, 10.500420570373706], [76.04292297363293, 10.50153064727806], [76.04264068603533, 10.50153064727806], [76.04264068603533, 10.501811981201115], [76.04235839843778, 10.50180530548107], [76.04235839843778, 10.502082824706974], [76.04208374023455, 10.502082824706974], [76.04208374023455, 10.502361297607536], [76.04180908203153, 10.502361297607536], [76.04180908203153, 10.502919197082804], [76.04125213623075, 10.50291728973383], [76.04125213623075, 10.503473281860295], [76.04096984863287, 10.503471374511719], [76.04096984863287, 10.50402927398676], [76.04070281982422, 10.50402927398676], [76.04070281982422, 10.504309654236124], [76.04041290283209, 10.504304885864258], [76.04041290283209, 10.50486087799095], [76.04013824462908, 10.50486087799095], [76.04013824462908, 10.505419731140307], [76.03986358642584, 10.505416870117415], [76.03986358642584, 10.507082939148063], [76.04041290283209, 10.507082939148063], [76.04041290283209, 10.507361412048624], [76.04069519042963, 10.507361412048624], [76.04069519042963, 10.507082939148063], [76.04208374023455, 10.507082939148063], [76.04208374023455, 10.507361412048624], [76.04235839843778, 10.507361412048624], [76.04235839843778, 10.50764179229742], [76.04264068603533, 10.50764179229742], [76.04264068603533, 10.508761405944881], [76.04235839843778, 10.508761405944881], [76.04235839843778, 10.509030342102335], [76.04208374023455, 10.509026527404785], [76.04208374023455, 10.51069355010992], [76.04180908203153, 10.510690689087028], [76.04180908203153, 10.511249542236385], [76.04152679443365, 10.511249542236385], [76.04152679443365, 10.511821746826229], [76.04125213623075, 10.511821746826229], [76.04125213623075, 10.512639999389705], [76.04152679443365, 10.512639999389705], [76.04152679443365, 10.513751983642635], [76.04125213623075, 10.513750076294059], [76.04125213623075, 10.514583587646428], [76.04096984863287, 10.514583587646428], [76.04096984863287, 10.51763820648199], [76.04070281982422, 10.51763057708746], [76.04070281982422, 10.51792144775385], [76.04041290283209, 10.517915725708292], [76.04041290283209, 10.518471717834757], [76.04013824462908, 10.518471717834757], [76.04013824462908, 10.519030570984114], [76.03986358642584, 10.519027709961051], [76.03986358642584, 10.519583702087516], [76.0395812988283, 10.519583702087516], [76.0395812988283, 10.519692420959473], [76.0395812988283, 10.519860267639103], [76.03932189941435, 10.519860267639103], [76.03932189941435, 10.520140647888468], [76.03903198242205, 10.520140647888468], [76.03903198242205, 10.520421028137264], [76.0387496948245, 10.520416259765796], [76.0387496948245, 10.52097225189226], [76.03848266601568, 10.520970344543457], [76.03848266601568, 10.521531105041618], [76.03819274902372, 10.521531105041618], [76.03819274902372, 10.521810531616268], [76.0376358032226, 10.521806716919116], [76.0376358032226, 10.522082328796614], [76.03708648681658, 10.52208042144781], [76.03708648681658, 10.522641181945971], [76.0368041992188, 10.522638320922908], [76.0368041992188, 10.52319526672386], [76.03624725341808, 10.52319526672386], [76.03624725341808, 10.523472785949764], [76.03597259521501, 10.523469924926871], [76.03597259521501, 10.523759841918945], [76.035697937012, 10.523759841918945], [76.035697937012, 10.524030685424805], [76.03514099121122, 10.524028778076229], [76.03514099121122, 10.524582862854118], [76.03485870361334, 10.524584770202694], [76.03485870361334, 10.524861335754679], [76.0345840454101, 10.524861335754679], [76.0345840454101, 10.525070190429744], [76.03457641601591, 10.525421142578125], [76.03430938720709, 10.525417327880973], [76.03430175781256, 10.525694847107047], [76.03402709960938, 10.525694847107047], [76.03402709960938, 10.52819538116455], [76.03430175781256, 10.52819538116455], [76.03430938720709, 10.52986145019537], [76.03457641601591, 10.52986145019537], [76.03457641601591, 10.530140876770247], [76.03485870361334, 10.530140876770247], [76.03485870361334, 10.530419349670638], [76.03541564941406, 10.530417442321834], [76.03541564941406, 10.530693054199162], [76.03597259521501, 10.530693054199162], [76.03597259521501, 10.530973434448299], [76.03624725341808, 10.530970573425236], [76.03624725341808, 10.531529426574991], [76.0365295410158, 10.531529426574991], [76.0365295410158, 10.531811714172363], [76.03708648681658, 10.531805038452092], [76.03708648681658, 10.532082557678393], [76.03736114501959, 10.532082557678393], [76.03736114501959, 10.532361030578784], [76.0379486083985, 10.532361030578784], [76.0387496948245, 10.532361030578784], [76.0387496948245, 10.53264236450201], [76.0398559570313, 10.53264236450201], [76.0398559570313, 10.532361030578784], [76.04096984863287, 10.532361030578784], [76.04096984863287, 10.532082557678393], [76.04319763183611, 10.532082557678393], [76.04319763183611, 10.531805038452092], [76.04374694824213, 10.531805038452092], [76.04374694824213, 10.532082557678393], [76.04541778564482, 10.532082557678393], [76.04541778564482, 10.531805038452092], [76.04569244384783, 10.531811714172363], [76.04569244384783, 10.531529426574991], [76.04792022705107, 10.531529426574991], [76.04792022705107, 10.5312509536746], [76.04846954345732, 10.5312509536746], [76.04846954345732, 10.530970573425236], [76.04985809326172, 10.530970573425236], [76.04985809326172, 10.5312509536746], [76.05042266845697, 10.5312509536746], [76.05042266845697, 10.531529426574991], [76.05097198486357, 10.531529426574991], [76.05097198486357, 10.531811714172363], [76.05208587646513, 10.531805038452092], [76.05208587646513, 10.532082557678393], [76.05263519287115, 10.532082557678393], [76.05263519287115, 10.532361030578784], [76.05291748046892, 10.532361030578784], [76.05291748046892, 10.532921791076717], [76.05319213867193, 10.532917022705249], [76.05319213867193, 10.533471107483138], [76.05346679687494, 10.533471107483138], [76.05346679687494, 10.53403186798107], [76.05374908447271, 10.53403186798107], [76.05374908447271, 10.534310340881461], [76.0543060302735, 10.534304618835506], [76.0543060302735, 10.534583091735897], [76.0540313720706, 10.534583091735897], [76.0540313720706, 10.535973548889217], [76.05374908447271, 10.535970687866325], [76.05374908447271, 10.536809921264648], [76.05319213867193, 10.536806106567667], [76.05319213867193, 10.53708362579357], [76.05374908447271, 10.537078857422102], [76.05374908447271, 10.537639617920036], [76.05347442626947, 10.537639617920036], [76.05347442626947, 10.538472175598315], [76.05319213867193, 10.538472175598315], [76.05319213867193, 10.538749694824219], [76.05346679687494, 10.538741111755371], [76.05346679687494, 10.539310455322322], [76.05319213867193, 10.539305686950684], [76.05319213867193, 10.540971755981502], [76.05346679687494, 10.540969848632926], [76.05346679687494, 10.54152965545677], [76.05319213867193, 10.541527748107967], [76.05319213867193, 10.542362213134822], [76.05291748046892, 10.542360305786246], [76.05291748046892, 10.542639732361124], [76.05236053466814, 10.54263782501215], [76.05236053466814, 10.543472290039006], [76.05347442626947, 10.543472290039006], [76.05347442626947, 10.543193817138615], [76.05374908447271, 10.543193817138615], [76.05374908447271, 10.542083740234432], [76.0540313720706, 10.542083740234432], [76.0540313720706, 10.541806221008358], [76.05458068847685, 10.541806221008358], [76.05458068847685, 10.542083740234432], [76.05486297607439, 10.542083740234432], [76.05486297607439, 10.541806221008358], [76.05541992187517, 10.541806221008358], [76.05541992187517, 10.541527748107967], [76.05568695068365, 10.54152965545677], [76.05568695068365, 10.540969848632926], [76.05596923828142, 10.540971755981502], [76.05596923828142, 10.540694236755428], [76.05625152587896, 10.540694236755428], [76.05625152587896, 10.540415763855037], [76.05680847167974, 10.540419578552417], [76.05680847167974, 10.540140151977539], [76.05706787109403, 10.540140151977539], [76.05706787109403, 10.539579391479606], [76.057357788086, 10.539584159851074], [76.057357788086, 10.538749694824219], [76.05764007568388, 10.538749694824219], [76.05764007568388, 10.538193702697754], [76.05847167968767, 10.538193702697754], [76.05847167968767, 10.538472175598315], [76.05874633789068, 10.538469314575252], [76.05874633789068, 10.539310455322322], [76.05986022949224, 10.539310455322322], [76.05986022949224, 10.539030075073356], [76.06012725830107, 10.539030075073356], [76.06012725830107, 10.538469314575252], [76.06069183349638, 10.538472175598315], [76.06069183349638, 10.538193702697754], [76.06097412109375, 10.538193702697754], [76.06097412109375, 10.537918090820426], [76.06124877929716, 10.537919998169002], [76.06124877929716, 10.537639617920036], [76.0615310668947, 10.537639617920036], [76.0615310668947, 10.537359237670898], [76.06180572509777, 10.537362098693961], [76.06180572509777, 10.53708362579357], [76.06208038330095, 10.53708362579357], [76.06208038330095, 10.536527633667106], [76.0623626708985, 10.536529541015682], [76.0623626708985, 10.536252021789608], [76.06263732910156, 10.536252021789608], [76.06263732910156, 10.535970687866325], [76.06291961669928, 10.535973548889217], [76.06291961669928, 10.53569316864025], [76.06346893310553, 10.53569316864025], [76.06346893310553, 10.535973548889217], [76.06375122070341, 10.535973548889217], [76.06375122070341, 10.53708362579357], [76.06402587890625, 10.53708362579357], [76.06402587890625, 10.537362098693961], [76.0645828247072, 10.537362098693961], [76.0645828247072, 10.538193702697754], [76.06513977050798, 10.538193702697754], [76.06513977050798, 10.538472175598315], [76.065414428711, 10.538472175598315], [76.065414428711, 10.538749694824219], [76.06597137451178, 10.538741111755371], [76.06597137451178, 10.539310455322322], [76.0662612915039, 10.539310455322322], [76.0662612915039, 10.540419578552417], [76.06652832031256, 10.540419578552417], [76.06652832031256, 10.542639732361124], [76.06680297851591, 10.54263782501215], [76.06680297851591, 10.543193817138615], [76.06764221191423, 10.543193817138615], [76.06764221191423, 10.544584274291935], [76.06735992431669, 10.544580459594783], [76.06735992431669, 10.545140266418628], [76.06709289550787, 10.545140266418628], [76.06709289550787, 10.545420646667594], [76.06680297851591, 10.545415878296126], [76.06680297851591, 10.546250343322981], [76.06652832031256, 10.546250343322981], [76.06652832031256, 10.546530723571948], [76.0662612915039, 10.546530723571948], [76.0662612915039, 10.546250343322981], [76.06597137451178, 10.546250343322981], [76.06597137451178, 10.54597187042259], [76.06569671630876, 10.54597187042259], [76.06569671630876, 10.545694351196289], [76.06485748291027, 10.545694351196289], [76.06485748291027, 10.54597187042259], [76.0645828247072, 10.54597187042259], [76.0645828247072, 10.546250343322981], [76.06402587890625, 10.546250343322981], [76.06402587890625, 10.546530723571948], [76.0623626708985, 10.546530723571948], [76.0623626708985, 10.545969963073787], [76.06208038330095, 10.54597187042259], [76.06208038330095, 10.545415878296126], [76.06181335449247, 10.545420646667594], [76.06181335449247, 10.544871330261344], [76.0615310668947, 10.544871330261344], [76.0615310668947, 10.54431056976324], [76.06124877929716, 10.54431056976324], [76.06124877929716, 10.544030189514444], [76.06096649169939, 10.544030189514444], [76.06096649169939, 10.543751716613883], [76.06069183349638, 10.543751716613883], [76.06069183349638, 10.543191909790039], [76.06014251708979, 10.543193817138615], [76.06014251708979, 10.542916297912711], [76.05986022949224, 10.542916297912711], [76.05986022949224, 10.543472290039006], [76.05959320068376, 10.54347038269043], [76.05959320068376, 10.543751716613883], [76.05930328369146, 10.543751716613883], [76.05930328369146, 10.544871330261344], [76.05902862548845, 10.544871330261344], [76.05902862548845, 10.545140266418628], [76.05847167968767, 10.545140266418628], [76.05847167968767, 10.545694351196289], [76.05791473388689, 10.545694351196289], [76.05791473388689, 10.54597187042259], [76.05706787109403, 10.545969963073787], [76.05706787109403, 10.546250343322981], [76.05568695068365, 10.546250343322981], [76.05568695068365, 10.546530723571948], [76.05541992187517, 10.546530723571948], [76.05541992187517, 10.546250343322981], [76.05458068847685, 10.546250343322981], [76.05458068847685, 10.54597187042259], [76.05347442626947, 10.54597187042259], [76.05347442626947, 10.545694351196289], [76.05319213867193, 10.545694351196289], [76.05319213867193, 10.545415878296126], [76.05152893066435, 10.545415878296126], [76.05152893066435, 10.545694351196289], [76.0512466430664, 10.545694351196289], [76.0512466430664, 10.54597187042259], [76.05097198486357, 10.54597187042259], [76.05097198486357, 10.546250343322981], [76.05042266845697, 10.546250343322981], [76.05042266845697, 10.546530723571948], [76.05014038085943, 10.546530723571948], [76.05014038085943, 10.546811103820914], [76.04958343505865, 10.546806335449446], [76.04958343505865, 10.547081947326944], [76.04985809326172, 10.547081947326944], [76.04985809326172, 10.547360420227335], [76.04957580566412, 10.547360420227335], [76.04957580566412, 10.547640800476302], [76.04985809326172, 10.547637939453239], [76.04985809326172, 10.548472404480094], [76.04958343505865, 10.548472404480094], [76.04958343505865, 10.549581527709961], [76.04930877685564, 10.549581527709961], [76.04930877685564, 10.551251411438159], [76.04902648925793, 10.551251411438159], [76.04902648925793, 10.551530838012638], [76.04930877685564, 10.551530838012638], [76.04930877685564, 10.551811218261776], [76.04875183105486, 10.55180454254156], [76.04875183105486, 10.552360534668026], [76.04846954345732, 10.552360534668026], [76.04846954345732, 10.552640914916992], [76.04818725585955, 10.552640914916992], [76.04818725585955, 10.552921295165959], [76.04736328124994, 10.55291652679449], [76.04736328124994, 10.553194999694881], [76.0470809936524, 10.553194999694881], [76.0470809936524, 10.553750991821346], [76.04680633544922, 10.553739547729435], [76.04680633544922, 10.554308891296614], [76.04652404785162, 10.55430698394781], [76.04652404785162, 10.554582595825138], [76.04624938964861, 10.554582595825138], [76.04624938964861, 10.5548610687257], [76.04569244384783, 10.5548610687257], [76.04569244384783, 10.555421829223633], [76.04541778564482, 10.555417060851994], [76.04541778564482, 10.555694580078068], [76.04512786865251, 10.555687904358024], [76.04512786865251, 10.55625057220476], [76.04486083984403, 10.55625057220476], [76.04486083984403, 10.556530952453727], [76.04458618164068, 10.556529045104924], [76.04458618164068, 10.55819511413597], [76.04430389404325, 10.55819511413597], [76.04430389404325, 10.558472633361873], [76.04458618164068, 10.558472633361873], [76.04458618164068, 10.558749198913631], [76.04429626464872, 10.558749198913631], [76.04429626464872, 10.559869766235408], [76.0440292358399, 10.559869766235408], [76.0440292358399, 10.560141563415584], [76.04347229003912, 10.560138702392692], [76.04347229003912, 10.560694694519157], [76.04319763183611, 10.560690879821777], [76.04319763183611, 10.561251640319938], [76.04291534423834, 10.561248779296875], [76.04291534423834, 10.56208324432373], [76.04264068603533, 10.56208324432373], [76.04264068603533, 10.562361717224292], [76.04235839843778, 10.562358856201229], [76.04235839843778, 10.562640190124682], [76.04180908203153, 10.562640190124682], [76.04180908203153, 10.562931060791072], [76.04152679443365, 10.562917709350586], [76.04152679443365, 10.563470840454158], [76.04125213623075, 10.563470840454158], [76.04125213623075, 10.564310073852482], [76.04096984863287, 10.5643062591555], [76.04096984863287, 10.565972328186149], [76.04125213623075, 10.565972328186149], [76.04125213623075, 10.566249847412223], [76.04152679443365, 10.566249847412223], [76.04152679443365, 10.56653022766119], [76.04180908203153, 10.56653022766119], [76.04180908203153, 10.566809654236067], [76.04208374023455, 10.566805839538688], [76.04208374023455, 10.567084312439079], [76.04264068603533, 10.567084312439079], [76.04264068603533, 10.567361831664982], [76.0440292358399, 10.567361831664982], [76.0440292358399, 10.567084312439079], [76.04597473144543, 10.567084312439079], [76.04597473144543, 10.566805839538688], [76.04624938964861, 10.566809654236067], [76.04624938964861, 10.56653022766119], [76.0470809936524, 10.566528320312614], [76.0470809936524, 10.567084312439079], [76.04736328124994, 10.567082405090503], [76.04736328124994, 10.567919731140421], [76.04680633544922, 10.567915916442871], [76.04680633544922, 10.568194389343262], [76.04652404785162, 10.568194389343262], [76.04652404785162, 10.568471908569336], [76.04624938964861, 10.568471908569336], [76.04624938964861, 10.56958198547369], [76.04597473144543, 10.56958198547369], [76.04597473144543, 10.569862365722656], [76.04569244384783, 10.56986045837408], [76.04569244384783, 10.570421218872013], [76.04541778564482, 10.570421218872013], [76.04541778564482, 10.571249961853312], [76.04512786865251, 10.571249961853312], [76.04512786865251, 10.571530342102278], [76.04486083984403, 10.571530342102278], [76.04486083984403, 10.571810722351074], [76.04458618164068, 10.571805953979776], [76.04458618164068, 10.572360038757267], [76.04429626464872, 10.572360038757267], [76.04429626464872, 10.572640419006632], [76.04319763183611, 10.572637557983569], [76.04319763183611, 10.573193550109863], [76.04291534423834, 10.573193550109863], [76.04291534423834, 10.573472023010424], [76.04264068603533, 10.573470115661621], [76.04264068603533, 10.574311256408748], [76.04291534423834, 10.574305534362793], [76.04291534423834, 10.574582099914778], [76.04264068603533, 10.574580192565975], [76.04264068603533, 10.574872016906681], [76.04235839843778, 10.574872016906681], [76.04235839843778, 10.575140953064135], [76.04206848144548, 10.575140953064135], [76.04206848144548, 10.575421333313102], [76.04152679443365, 10.575421333313102], [76.04152679443365, 10.575140953064135], [76.04180908203153, 10.575140953064135], [76.04180908203153, 10.571530342102278], [76.04125213623075, 10.571530342102278], [76.04125213623075, 10.571249961853312], [76.04070281982422, 10.571249961853312], [76.04070281982422, 10.570969581603947], [76.04041290283209, 10.570969581603947], [76.04041290283209, 10.571249961853312], [76.0398559570313, 10.571249961853312], [76.0398559570313, 10.570969581603947], [76.03902435302751, 10.57097244262701], [76.03902435302751, 10.57069396972662], [76.03847503662115, 10.57069396972662], [76.03847503662115, 10.570416450500545], [76.0376358032226, 10.570421218872013], [76.0376358032226, 10.570141792297363], [76.03736114501959, 10.570141792297363], [76.03736114501959, 10.56958198547369], [76.03708648681658, 10.56958198547369], [76.03708648681658, 10.5690279006958], [76.03679656982428, 10.569032669067667], [76.03679656982428, 10.568471908569336], [76.0365295410158, 10.568471908569336], [76.0365295410158, 10.568194389343262], [76.03624725341808, 10.568194389343262], [76.03624725341808, 10.567915916442871], [76.0365295410158, 10.567919731140421], [76.0365295410158, 10.566809654236067], [76.03679656982428, 10.566809654236067], [76.03679656982428, 10.566249847412223], [76.03708648681658, 10.566249847412223], [76.03708648681658, 10.565695762634334], [76.03736114501959, 10.565695762634334], [76.03736114501959, 10.564862251281795], [76.0376358032226, 10.564862251281795], [76.0376358032226, 10.5643062591555], [76.03819274902372, 10.564310073852482], [76.03819274902372, 10.564029693603516], [76.0387496948245, 10.564029693603516], [76.0387496948245, 10.563750267029036], [76.03902435302751, 10.563750267029036], [76.03902435302751, 10.563470840454158], [76.03930664062528, 10.563470840454158], [76.03930664062528, 10.563193321228084], [76.0395812988283, 10.563193321228084], [76.0395812988283, 10.562917709350586], [76.0398559570313, 10.562931060791072], [76.0398559570313, 10.562640190124682], [76.04013824462908, 10.562640190124682], [76.04013824462908, 10.560690879821777], [76.04041290283209, 10.560694694519157], [76.04041290283209, 10.560415267944279], [76.04013824462908, 10.56042194366455], [76.04013824462908, 10.560141563415584], [76.04041290283209, 10.560141563415584], [76.04041290283209, 10.559869766235408], [76.04070281982422, 10.559869766235408], [76.04070281982422, 10.559580802917424], [76.04041290283209, 10.559582710266227], [76.04041290283209, 10.559305191040323], [76.04070281982422, 10.559311866760368], [76.04070281982422, 10.559028625488338], [76.04096984863287, 10.559028625488338], [76.04096984863287, 10.557918548583984], [76.04125213623075, 10.557918548583984], [76.04125213623075, 10.55764102935808], [76.04152679443365, 10.55764102935808], [76.04152679443365, 10.557360649109114], [76.04180908203153, 10.557360649109114], [76.04180908203153, 10.557083129882812], [76.04208374023455, 10.557083129882812], [76.04208374023455, 10.556804656982422], [76.04235839843778, 10.556810379028377], [76.04235839843778, 10.556530952453727], [76.04264068603533, 10.556530952453727], [76.04264068603533, 10.55625057220476], [76.04292297363293, 10.55625057220476], [76.04292297363293, 10.555971145629883], [76.04319763183611, 10.555973052978459], [76.04319763183611, 10.555694580078068], [76.04347229003912, 10.555694580078068], [76.04347229003912, 10.553473472595272], [76.04374694824213, 10.553473472595272], [76.04374694824213, 10.553194999694881], [76.0440292358399, 10.553194999694881], [76.0440292358399, 10.551528930664062], [76.04429626464872, 10.551530838012638], [76.04429626464872, 10.550970077514705], [76.04458618164068, 10.550972938537598], [76.04458618164068, 10.550416946411303], [76.04486083984403, 10.55041885375988], [76.04486083984403, 10.549860000610352], [76.04513549804705, 10.549860000610352], [76.04512786865251, 10.549579620361385], [76.04541778564482, 10.549581527709961], [76.04541778564482, 10.54930686950695], [76.04569244384783, 10.549310684204102], [76.04569244384783, 10.549031257629451], [76.04596710205084, 10.549031257629451], [76.04596710205084, 10.548469543457031], [76.04652404785162, 10.548472404480094], [76.04652404785162, 10.547637939453239], [76.04680633544922, 10.547640800476302], [76.04680633544922, 10.547360420227335], [76.04736328124994, 10.547360420227335], [76.04736328124994, 10.546527862548885], [76.04763793945318, 10.546530723571948], [76.04763793945318, 10.545969963073787], [76.04736328124994, 10.54597187042259], [76.04736328124994, 10.544859886169434], [76.04763793945318, 10.544871330261344], [76.04763793945318, 10.54292011261009], [76.04736328124994, 10.54292011261009], [76.04736328124994, 10.54152965545677], [76.04763793945318, 10.54152965545677], [76.04763793945318, 10.540969848632926], [76.04792022705107, 10.540971755981502], [76.04792022705107, 10.540415763855037], [76.04818725585955, 10.540419578552417], [76.04818725585955, 10.539030075073356], [76.04792022705107, 10.539030075073356], [76.04792022705107, 10.536252021789608], [76.04818725585955, 10.536252021789608], [76.04818725585955, 10.535141944885254], [76.04792022705107, 10.535141944885254], [76.04792022705107, 10.534310340881461], [76.04763793945318, 10.534310340881461], [76.04763793945318, 10.53403186798107], [76.04736328124994, 10.53403186798107], [76.04736328124994, 10.533471107483138], [76.0470809936524, 10.533471107483138], [76.0470809936524, 10.533752441406193], [76.04680633544922, 10.533752441406193], [76.04680633544922, 10.533471107483138], [76.04651641845709, 10.533471107483138], [76.04651641845709, 10.533752441406193], [76.04596710205084, 10.533752441406193], [76.04596710205084, 10.53403186798107], [76.04512786865251, 10.53403186798107], [76.04512786865251, 10.534310340881461], [76.04464721679716, 10.534304618835506], [76.04430389404325, 10.534304618835506], [76.04430389404325, 10.534581184387491], [76.04430389404325, 10.534860610961971], [76.04408264160185, 10.534860610961971], [76.04374694824213, 10.534860610961971], [76.04374694824213, 10.535141944885254], [76.04319763183611, 10.535141944885254], [76.04319763183611, 10.535420417785815], [76.04264068603533, 10.535420417785815], [76.04264068603533, 10.535699844360295], [76.04208374023455, 10.53569316864025], [76.04208374023455, 10.535973548889217], [76.04180908203153, 10.535973548889217], [76.04180908203153, 10.53569316864025], [76.04069519042963, 10.53569316864025], [76.04069519042963, 10.535973548889217], [76.03847503662115, 10.535973548889217], [76.03847503662115, 10.53569316864025], [76.0376358032226, 10.535699844360295], [76.0376358032226, 10.535420417785815], [76.03650665283203, 10.535417556762752], [76.03597259521501, 10.535420417785815], [76.03597259521501, 10.535141944885254], [76.035697937012, 10.535141944885254], [76.035697937012, 10.535420417785815], [76.03542327880865, 10.535420417785815], [76.03542327880865, 10.535141944885254], [76.03485870361334, 10.535141944885254], [76.03485870361334, 10.534860610961971], [76.03457641601591, 10.534860610961971], [76.03457641601591, 10.535141944885254], [76.03430175781256, 10.535141944885254], [76.03430175781256, 10.534860610961971], [76.03347015380876, 10.534860610961971], [76.03347015380876, 10.536809921264648], [76.03319549560558, 10.536806106567667], [76.03319549560558, 10.53708362579357], [76.03291320800798, 10.53708362579357], [76.03291320800798, 10.537362098693961], [76.03208160400419, 10.537362098693961], [76.03208160400419, 10.53708362579357], [76.03180694580084, 10.53708362579357], [76.03180694580084, 10.536806106567667], [76.03208160400419, 10.536809921264648], [76.03208160400419, 10.536252021789608], [76.0323562622072, 10.536252021789608], [76.0323562622072, 10.535699844360295], [76.03263854980497, 10.535699844360295], [76.03263854980497, 10.535141944885254], [76.033187866211, 10.535141944885254], [76.033187866211, 10.533190727233944], [76.03347015380876, 10.533194541931152], [76.03347015380876, 10.532361030578784], [76.033187866211, 10.532361030578784], [76.033187866211, 10.531811714172363], [76.03289794921892, 10.531811714172363], [76.03289794921892, 10.5312509536746], [76.03263854980497, 10.5312509536746], [76.03263854980497, 10.530691146850586], [76.03236389160156, 10.530693054199162], [76.03236389160156, 10.530138969421444], [76.03180694580084, 10.530140876770247], [76.03180694580084, 10.52902889251709], [76.03151702880888, 10.52902889251709], [76.03151702880888, 10.528189659118596], [76.03097534179688, 10.52819538116455], [76.03097534179688, 10.526527404785327], [76.03125, 10.526531219482479], [76.03125, 10.525690078735408], [76.03152465820341, 10.525694847107047], [76.03152465820341, 10.525138854980582], [76.03180694580084, 10.525138854980582], [76.03180694580084, 10.524861335754679], [76.03208160400419, 10.524861335754679], [76.03208160400419, 10.524471282959098], [76.03208160400419, 10.524305343628214], [76.0323562622072, 10.524311065673771], [76.0323562622072, 10.523759841918945], [76.03263854980497, 10.523759841918945], [76.03263854980497, 10.523189544677905], [76.03291320800798, 10.52319526672386], [76.03291320800798, 10.52291679382347], [76.03347015380876, 10.522920608520451], [76.03347015380876, 10.522359848022518], [76.0337524414063, 10.522359848022518], [76.0337524414063, 10.522082328796614], [76.03402709960938, 10.522082328796614], [76.03402709960938, 10.521806716919116], [76.03430175781256, 10.521810531616268], [76.03430175781256, 10.521531105041618], [76.03457641601591, 10.521531105041618], [76.03457641601591, 10.520970344543457], [76.03541564941406, 10.52097225189226], [76.03541564941406, 10.5206937789917], [76.03514099121122, 10.52070140838623], [76.03514099121122, 10.520140647888468], [76.03542327880865, 10.520140647888468], [76.03542327880865, 10.51958179473894], [76.035697937012, 10.519583702087516], [76.035697937012, 10.519306182861612], [76.03597259521501, 10.51931095123291], [76.0359878540039, 10.519094467163313], [76.03624725341808, 10.519030570984114], [76.03624725341808, 10.51792144775385], [76.0365295410158, 10.51792144775385], [76.0365295410158, 10.51763057708746], [76.0368041992188, 10.51763820648199], [76.0368041992188, 10.517084121704102], [76.03708648681658, 10.517084121704102], [76.03708648681658, 10.516805648803938], [76.03736114501959, 10.516811370849666], [76.03736114501959, 10.516249656677246], [76.0376358032226, 10.516249656677246], [76.0376358032226, 10.515688896179313], [76.03791809082037, 10.515693664550781], [76.03791809082037, 10.515137672424316], [76.03819274902372, 10.515139579772892], [76.03819274902372, 10.514570236206112], [76.03847503662115, 10.514583587646428], [76.03847503662115, 10.513750076294059], [76.0387496948245, 10.513751983642635], [76.0387496948245, 10.513471603393668], [76.03902435302751, 10.513471603393668], [76.03902435302751, 10.512915611267204], [76.03932189941435, 10.512920379638672], [76.03932189941435, 10.512639999389705], [76.0395812988283, 10.512639999389705], [76.0395812988283, 10.512079238891772], [76.03986358642584, 10.51208400726324], [76.03986358642584, 10.511249542236385], [76.04013824462908, 10.511249542236385], [76.04013824462908, 10.510690689087028], [76.03986358642584, 10.51069355010992], [76.03986358642584, 10.510136604309139], [76.0395812988283, 10.510140419006518], [76.0395812988283, 10.509861946106128], [76.03819274902372, 10.509861946106128], [76.03819274902372, 10.510140419006518], [76.03624725341808, 10.510140419006518], [76.03624725341808, 10.510419845581168], [76.03597259521501, 10.510417938232422], [76.03597259521501, 10.510972023010481], [76.035697937012, 10.510972023010481], [76.035697937012, 10.511249542236385], [76.03542327880865, 10.511249542236385], [76.03542327880865, 10.511821746826229], [76.03514099121122, 10.51180553436285], [76.03514099121122, 10.512361526489315], [76.03485870361334, 10.512359619140739], [76.03485870361334, 10.512920379638672], [76.0345840454101, 10.512915611267204], [76.0345840454101, 10.513471603393668], [76.03402709960938, 10.513471603393668], [76.03402709960938, 10.514030456543026], [76.0337524414063, 10.514030456543026], [76.0337524414063, 10.514312744140796], [76.03347015380876, 10.514306068420524], [76.03347015380876, 10.514862060546818], [76.03319549560558, 10.514862060546818], [76.03319549560558, 10.515693664550781], [76.03289794921892, 10.515688896179313], [76.03289794921892, 10.516249656677246], [76.03263854980497, 10.516249656677246], [76.03263854980497, 10.5173597335816], [76.0323562622072, 10.5173597335816], [76.0323562622072, 10.51792144775385], [76.03208160400419, 10.517915725708292], [76.03208160400419, 10.518194198608455], [76.03180694580084, 10.518190383911133], [76.03180694580084, 10.519030570984114], [76.03152465820341, 10.519027709961051], [76.03152465820341, 10.519583702087516], [76.03125, 10.519583702087516], [76.03125, 10.519860267639103], [76.03097534179688, 10.519860267639103], [76.03097534179688, 10.52097225189226], [76.03069305419928, 10.520970344543457], [76.03069305419928, 10.521531105041618], [76.03041839599626, 10.521531105041618], [76.03041839599626, 10.521810531616268], [76.0301361083985, 10.521806716919116], [76.0301361083985, 10.522359848022518], [76.02986145019548, 10.522359848022518], [76.02986145019548, 10.522920608520451], [76.02958679199247, 10.52291679382347], [76.02958679199247, 10.523472785949764], [76.02929687500017, 10.523469924926871], [76.02925872802734, 10.523759841918945], [76.02902984619169, 10.523751258850325], [76.02902984619169, 10.524582862854118], [76.0287475585938, 10.524584770202694], [76.0287475585938, 10.525138854980582], [76.02847290039091, 10.525138854980582], [76.02847290039091, 10.526250839233512], [76.02819824218756, 10.526250839233512], [76.02819824218756, 10.526531219482479], [76.02791595458979, 10.526527404785327], [76.02791595458979, 10.527083396911621], [76.02764129638678, 10.527079582214412], [76.02764129638678, 10.527641296386662], [76.02735900878923, 10.527639389038086], [76.02735900878923, 10.528472900390625], [76.02680206298845, 10.528470993042049], [76.02680206298845, 10.52902889251709], [76.02652740478544, 10.52902889251709], [76.02652740478544, 10.529309272766284], [76.0262527465822, 10.529309272766284], [76.0262527465822, 10.530419349670638], [76.02597045898466, 10.530419349670638], [76.02597045898466, 10.531811714172363], [76.0256958007813, 10.531805038452092], [76.0256958007813, 10.532082557678393], [76.02513885498053, 10.532082557678393], [76.02513885498053, 10.533471107483138], [76.02485656738276, 10.533471107483138], [76.02485656738276, 10.53403186798107], [76.02458190917974, 10.534027099609602], [76.02458190917974, 10.534583091735897], [76.02430725097673, 10.534581184387491], [76.02430725097673, 10.535141944885254], [76.0240325927735, 10.535141944885254], [76.0240325927735, 10.535699844360295], [76.02375030517595, 10.53569316864025], [76.02375030517595, 10.535973548889217], [76.02319335937517, 10.535970687866325], [76.02319335937517, 10.536809921264648], [76.02291870117216, 10.536806106567667], [76.02291870117216, 10.538193702697754], [76.02263641357422, 10.538193702697754], [76.02263641357422, 10.538749694824219], [76.02236175537138, 10.538741111755371], [76.02236175537138, 10.539310455322322], [76.02179718017607, 10.539310455322322], [76.02180480957026, 10.539859771728572], [76.02153015136724, 10.539859771728572], [76.02153015136724, 10.540971755981502], [76.02124786376953, 10.540969848632926], [76.02124786376953, 10.54152965545677], [76.02097320556646, 10.541527748107967], [76.02097320556646, 10.541806221008358], [76.02069091796892, 10.541801452636719], [76.02069091796892, 10.542639732361124], [76.02041625976574, 10.542639732361124], [76.02041625976574, 10.54292011261009], [76.02014160156267, 10.54292011261009], [76.02014160156267, 10.544030189514444], [76.01985931396513, 10.544030189514444], [76.01985931396513, 10.544871330261344], [76.01958465576172, 10.544859886169434], [76.01958465576172, 10.54597187042259], [76.01930236816435, 10.545969963073787], [76.01930236816435, 10.546811103820914], [76.019027709961, 10.546806335449446], [76.019027709961, 10.547360420227335], [76.01875305175776, 10.547360420227335], [76.01875305175776, 10.547640800476302], [76.01847076416021, 10.547637939453239], [76.01847076416021, 10.548472404480094], [76.01821136474626, 10.548469543457031], [76.01821136474626, 10.549310684204102], [76.01789855957037, 10.549310684204102], [76.01791381835943, 10.549860000610352], [76.01763916015642, 10.549860000610352], [76.01763916015642, 10.550141334533805], [76.01735687255865, 10.550141334533805], [76.01735687255865, 10.551530838012638], [76.01708221435564, 10.551528930664062], [76.01708221435564, 10.552083015441951], [76.01735687255865, 10.552080154419059], [76.01735687255865, 10.552640914916992], [76.01708221435564, 10.552639007568416], [76.01708221435564, 10.553473472595272], [76.01680755615263, 10.553473472595272], [76.01680755615263, 10.553750991821346], [76.01653289794922, 10.553739547729435], [76.01653289794922, 10.554031372070312], [76.0159759521485, 10.554026603698844], [76.0159759521485, 10.554582595825138], [76.01568603515653, 10.554580688476562], [76.01568603515653, 10.555421829223633], [76.0159759521485, 10.555421829223633], [76.0159759521485, 10.55625057220476], [76.01568603515653, 10.55625057220476], [76.01568603515653, 10.556810379028377], [76.01541900634771, 10.556804656982422], [76.01541900634771, 10.557360649109114], [76.01515197753923, 10.557360649109114], [76.01515197753923, 10.55764102935808], [76.01486206054693, 10.557639122009277], [76.01486206054693, 10.558749198913631], [76.01457977294939, 10.558749198913631], [76.01457977294939, 10.559582710266227], [76.01431274414074, 10.559580802917424], [76.01431274414074, 10.559869766235408], [76.01403045654314, 10.559869766235408], [76.01403045654314, 10.56042194366455], [76.0137481689456, 10.560415267944279], [76.0137481689456, 10.560971260070971], [76.01346588134783, 10.560971260070971], [76.01346588134783, 10.561532020568904], [76.01319122314482, 10.561532020568904], [76.01319122314482, 10.561809539794979], [76.01291656494146, 10.56180477142334], [76.01291656494146, 10.56208324432373], [76.01264190673857, 10.562081336975325], [76.01264190673857, 10.562640190124682], [76.01235961914068, 10.562640190124682], [76.01235961914068, 10.563750267029036], [76.01209259033203, 10.563750267029036], [76.01209259033203, 10.564310073852482], [76.0118026733399, 10.5643062591555], [76.0118026733399, 10.564583778381404], [76.01152801513689, 10.564583778381404], [76.01152801513689, 10.564862251281795], [76.01125335693365, 10.564862251281795], [76.01125335693365, 10.565695762634334], [76.01097106933611, 10.565695762634334], [76.01097106933611, 10.566249847412223], [76.0106964111331, 10.566249847412223], [76.0106964111331, 10.56653022766119], [76.0104064941408, 10.56653022766119], [76.0104064941408, 10.567640304565543], [76.01013946533232, 10.567640304565543], [76.01013946533232, 10.567919731140421], [76.00985717773438, 10.567919731140421], [76.00985717773438, 10.569032669067667], [76.00930786132818, 10.5690279006958], [76.00930786132818, 10.56958198547369], [76.00902557373041, 10.56958198547369], [76.00901794433622, 10.57068920135498], [76.0087509155274, 10.570700645446891], [76.0087509155274, 10.571530342102278], [76.00846862792969, 10.571530342102278], [76.00846862792969, 10.571810722351074], [76.00819396972662, 10.571805953979776], [76.00819396972662, 10.572084426880167], [76.00791931152361, 10.5720796585083], [76.00791931152361, 10.572920799255428], [76.0076370239259, 10.572920799255428], [76.0076370239259, 10.574030876159782], [76.00736236572283, 10.574028015136719], [76.00736236572283, 10.574582099914778], [76.00681304931646, 10.574580192565975], [76.00681304931646, 10.575140953064135], [76.00653076171903, 10.575140953064135], [76.00653076171903, 10.575421333313102], [76.00624847412115, 10.575421333313102], [76.00624847412115, 10.576810836791935], [76.00597381591791, 10.576804161071891], [76.00597381591791, 10.577361106872843], [76.00569152832037, 10.577361106872843], [76.00569152832037, 10.578194618225211], [76.00541687011719, 10.578189849853572], [76.00541687011719, 10.578750610351676], [76.00514221191412, 10.578750610351676], [76.00514221191412, 10.579030990600643], [76.00485992431658, 10.579029083252067], [76.00485992431658, 10.579583168029785], [76.0045852661134, 10.579583168029785], [76.0045852661134, 10.57986068725586], [76.0043029785158, 10.57986068725586], [76.0043029785158, 10.580695152282715], [76.00402832031278, 10.580695152282715], [76.00402832031278, 10.582082748413143], [76.00374603271501, 10.582082748413143], [76.00374603271501, 10.582640647888411], [76.003471374512, 10.582640647888411], [76.003471374512, 10.582921981811467], [76.00319671630865, 10.582917213439998], [76.00319671630865, 10.583473205566463], [76.00292205810541, 10.583471298217887], [76.00292205810541, 10.583750724792765], [76.00263977050787, 10.58374881744379], [76.00263977050787, 10.585695266723803], [76.0023574829101, 10.585695266723803], [76.0023574829101, 10.586251258850268], [76.00208282470709, 10.586251258850268], [76.00208282470709, 10.586812019348201], [76.00180816650408, 10.586805343628157], [76.00180816650408, 10.58708286285406], [76.0015258789063, 10.58708286285406], [76.0015258789063, 10.587638854980526], [76.0012512207033, 10.587638854980526], [76.0012512207033, 10.588471412658976], [76.00096893310575, 10.588471412658976], [76.00096893310575, 10.588751792907772], [76.00068664550798, 10.588751792907772], [76.00068664550798, 10.589030265808333], [76.00015258789068, 10.589030265808333], [75.99958038330084, 10.589030265808333], [75.99958038330084, 10.590140342712687], [75.99931335449219, 10.590140342712687], [75.99931335449219, 10.590419769287166], [75.99903106689459, 10.59041786193859], [75.99903106689459, 10.59097194671648], [75.99874877929705, 10.59097194671648], [75.99874877929705, 10.59152984619152], [75.9984741210938, 10.591527938842773], [75.9984741210938, 10.592362403869629], [75.99819183349626, 10.59235858917242], [75.99819183349626, 10.593751907348633], [75.99791717529325, 10.59375], [75.99791717529325, 10.594861984252987], [75.99764251709001, 10.594861984252987], [75.99764251709001, 10.595693588256779], [75.99736022949247, 10.595691680908203], [75.99736022949247, 10.596529960632608], [75.99708557128912, 10.596528053283635], [75.99708557128912, 10.597361564636401], [75.99680328369169, 10.597361564636401], [75.99680328369169, 10.598194122314453], [75.99652862548834, 10.598190307617301], [75.99652862548834, 10.599041938781795], [75.99624633789057, 10.599027633667049], [75.99624633789057, 10.599860191345499], [75.99597167968756, 10.599860191345499], [75.99597167968756, 10.600420951843262], [75.99569702148455, 10.600420951843262], [75.99569702148455, 10.601249694824332], [75.99541473388678, 10.601249694824332], [75.99541473388678, 10.602082252502612], [75.99514007568376, 10.602080345153809], [75.99514007568376, 10.60264110565197], [75.99485778808605, 10.602638244628906], [75.99485778808605, 10.603472709655762], [75.99458312988298, 10.60346984863287], [75.99458312988298, 10.604030609130803], [75.99430847167997, 10.604028701782227], [75.99430847167997, 10.604584693908691], [75.99401855468767, 10.604579925537223], [75.99401855468767, 10.605140686035156], [75.99375152587919, 10.60513877868658], [75.99375152587919, 10.605694770813045], [75.9934692382813, 10.605694770813045], [75.9934692382813, 10.60625076293951], [75.99319458007807, 10.60625076293951], [75.99319458007807, 10.60708332061779], [75.99291992187506, 10.607080459594727], [75.99291992187506, 10.60764122009283], [75.99263763427734, 10.607639312744254], [75.99263763427734, 10.60819530487072], [75.99236297607428, 10.60819530487072], [75.99236297607428, 10.608751296997013], [75.99208068847673, 10.608751296997013], [75.99208068847673, 10.609309196472452], [75.99180603027355, 10.609309196472452], [75.99180603027355, 10.610138893127441], [75.99153137207048, 10.610138893127441], [75.99153137207048, 10.610694885254134], [75.99124908447294, 10.610691070556754], [75.99124908447294, 10.611250877380598], [75.99097442626953, 10.611248970031795], [75.99097442626953, 10.61208343505865], [75.99069213867216, 10.612080574035588], [75.99069213867216, 10.612639427185343], [75.9904174804688, 10.612639427185343], [75.9904174804688, 10.613195419311808], [75.99013519287138, 10.613195419311808], [75.99013519287138, 10.6140270233156], [75.98986053466803, 10.6140270233156], [75.98986053466803, 10.614583015441895], [75.98958587646484, 10.614581108093489], [75.98958587646484, 10.615141868591422], [75.98930358886724, 10.61513900756836], [75.98930358886724, 10.615974426269702], [75.98902893066423, 10.615970611572322], [75.98902893066423, 10.616530418396167], [75.98874664306646, 10.616526603698787], [75.98874664306646, 10.61736202239996], [75.98847198486345, 10.61736202239996], [75.98847198486345, 10.617919921875], [75.98819732666044, 10.617918014526424], [75.98819732666044, 10.618472099304313], [75.98792266845703, 10.61846923828125], [75.98792266845703, 10.61931037902832], [75.98764038085966, 10.619305610656852], [75.98764038085966, 10.61985969543457], [75.98735809326178, 10.61985969543457], [75.98735809326178, 10.620420455932674], [75.98708343505888, 10.620415687561035], [75.98708343505888, 10.6209716796875], [75.98680877685553, 10.6209716796875], [75.98680877685553, 10.621529579162768], [75.98652648925776, 10.621527671813965], [75.98652648925776, 10.62208366394043], [75.98625183105474, 10.62207889556879], [75.98625183105474, 10.622639656067122], [75.9859695434572, 10.622637748718319], [75.9859695434572, 10.623193740844783], [75.98568725585943, 10.623191833496207], [75.98568725585943, 10.623749732971476], [75.98542022705095, 10.623749732971476], [75.98542022705095, 10.624311447143498], [75.98513793945341, 10.624311447143498], [75.98513793945341, 10.624861717224235], [75.98484802246111, 10.624861717224235], [75.98484802246111, 10.625420570373592], [75.98458099365263, 10.625415802002124], [75.98458099365263, 10.625971794128588], [75.98430633544928, 10.625961303711165], [75.98430633544928, 10.626811027526912], [75.98402404785185, 10.626806259155444], [75.98402404785185, 10.627360343933333], [75.9837493896485, 10.627360343933333], [75.9837493896485, 10.627921104431266], [75.98347473144526, 10.627916336059798], [75.98347473144526, 10.628472328186092], [75.98319244384771, 10.628472328186092], [75.98319244384771, 10.629026412964151], [75.9829177856447, 10.629026412964151], [75.9829177856447, 10.629582405090446], [75.98264312744146, 10.629579544067383], [75.98264312744146, 10.630141258239803], [75.98236083984392, 10.63013839721691], [75.98236083984392, 10.630695343017862], [75.98207855224621, 10.630689620971737], [75.98207855224621, 10.631251335144157], [75.98178863525408, 10.631251335144157], [75.98178863525408, 10.631809234619197], [75.98152923584013, 10.631804466247559], [75.98152923584013, 10.63236141204851], [75.98124694824219, 10.63236141204851], [75.98124694824219, 10.632921218872127], [75.98097229003935, 10.632921218872127], [75.98097229003935, 10.63403129577631], [75.980697631836, 10.63403129577631], [75.980697631836, 10.635149955749512], [75.98041534423822, 10.635139465332088], [75.98041534423822, 10.635695457458553], [75.98014068603521, 10.635689735412598], [75.98014068603521, 10.636248588561955], [75.9798583984375, 10.636251449585018], [75.9798583984375, 10.636530876159725], [75.9795761108399, 10.636530876159725], [75.9795761108399, 10.636809349060286], [75.97930908203142, 10.63680458068842], [75.97930908203142, 10.63708305358881], [75.97902679443371, 10.63708305358881], [75.97902679443371, 10.637360572815112], [75.97875213623064, 10.637360572815112], [75.97875213623064, 10.639582633972225], [75.9784698486331, 10.63958072662382], [75.9784698486331, 10.640142440795842], [75.97820281982428, 10.640142440795842], [75.97820281982428, 10.64042186737072], [75.97791290283232, 10.64041709899908], [75.97791290283232, 10.640694618225154], [75.97763824462896, 10.640690803527775], [75.97763824462896, 10.641251564025936], [75.97735595703153, 10.641251564025936], [75.97735595703153, 10.641810417175293], [75.97708129882818, 10.641804695129508], [75.97708129882818, 10.642360687255973], [75.976806640625, 10.642360687255973], [75.976806640625, 10.64291954040533], [75.9765243530274, 10.642917633056754], [75.9765243530274, 10.64347362518322], [75.97624969482439, 10.64346885681158], [75.97624969482439, 10.64430999755865], [75.97597503662121, 10.644306182861499], [75.97597503662121, 10.644862174987793], [75.97569274902361, 10.6448593139649], [75.97569274902361, 10.645420074462834], [75.9754180908206, 10.645415306091365], [75.9754180908206, 10.645972251892147], [75.97513580322283, 10.645969390869254], [75.97513580322283, 10.646530151367188], [75.97486114501982, 10.646530151367188], [75.97486114501982, 10.647090911865519], [75.97458648681646, 10.647090911865519], [75.97458648681646, 10.647640228271541], [75.97430419921903, 10.647640228271541], [75.97430419921903, 10.64819431304943], [75.97402954101568, 10.648191452026367], [75.97402954101568, 10.649029731750772], [75.97374725341791, 10.649027824401799], [75.97374725341791, 10.649581909179688], [75.9734725952149, 10.649583816528263], [75.9734725952149, 10.650137901306152], [75.97319793701189, 10.650137901306152], [75.97319793701189, 10.650693893432617], [75.97290802001959, 10.650691986084041], [75.97290802001959, 10.651251792907715], [75.97264099121111, 10.651251792907715], [75.97264099121111, 10.651810646057243], [75.97235870361357, 10.651805877685774], [75.97235870361357, 10.652359962463663], [75.97208404541033, 10.652359962463663], [75.97208404541033, 10.653194427490519], [75.97180938720732, 10.653194427490519], [75.97180175781278, 10.653750419616983], [75.97152709960943, 10.653750419616983], [75.97152709960943, 10.654582023620776], [75.97125244140653, 10.654582023620776], [75.97125244140653, 10.6554212570191], [75.97097015380865, 10.655415534973145], [75.97097015380865, 10.65597152709961], [75.970703125, 10.655969619751033], [75.970703125, 10.656810760498104], [75.97041320800787, 10.656806945800781], [75.97041320800787, 10.657360076904354], [75.97013854980486, 10.657360076904354], [75.97013854980486, 10.65819454193121], [75.96984863281256, 10.65818977355957], [75.96984863281256, 10.65903091430664], [75.96958160400408, 10.659029006958065], [75.96958160400408, 10.659583091735954], [75.96930694580107, 10.65958023071289], [75.96930694580107, 10.660140991210994], [75.9690246582033, 10.660139083862418], [75.9690246582033, 10.660695075988883], [75.96875000000028, 10.660695075988883], [75.96875000000028, 10.660972595214787], [75.96848297119146, 10.660970687866211], [75.96848297119146, 10.661531448364315], [75.9681930541995, 10.661531448364315], [75.9681930541995, 10.661811828613509], [75.96791839599615, 10.661805152893066], [75.96791839599615, 10.662361145019531], [75.96763610839838, 10.662361145019531], [75.96763610839838, 10.662640571594409], [75.96736145019537, 10.662638664245605], [75.96736145019537, 10.663194656372298], [75.96708679199236, 10.663194656372298], [75.96708679199236, 10.663473129272461], [75.96681213378912, 10.663471221923885], [75.96681213378912, 10.664031028747559], [75.96652984619158, 10.664031028747559], [75.96652984619158, 10.664310455322209], [75.96624755859386, 10.664310455322209], [75.96624755859386, 10.664860725403116], [75.9659729003908, 10.664860725403116], [75.9659729003908, 10.665418624877987], [75.96569824218778, 10.66541671752941], [75.96569824218778, 10.6659708023073], [75.96541595458984, 10.665968894958496], [75.96541595458984, 10.666531562805233], [75.965141296387, 10.666526794433764], [75.965141296387, 10.667082786560059], [75.96485900878912, 10.667080879211653], [75.96485900878912, 10.667922019958553], [75.96458435058588, 10.667917251586914], [75.96458435058588, 10.668471336364973], [75.96430206298834, 10.668471336364973], [75.96430206298834, 10.66903018951433], [75.96402740478516, 10.669027328491268], [75.96402740478516, 10.669583320617733], [75.96375274658209, 10.669581413269327], [75.96375274658209, 10.670140266418684], [75.96347045898455, 10.670140266418684], [75.96347045898455, 10.670693397522086], [75.96319580078136, 10.670690536499023], [75.96319580078136, 10.671260833740462], [75.96290588378923, 10.671260833740462], [75.96290588378923, 10.671810150146484], [75.96263885498075, 10.671806335449332], [75.96263885498075, 10.672362327575797], [75.96235656738298, 10.672359466552734], [75.96235656738298, 10.672920227050838], [75.96208190917997, 10.672916412353686], [75.96208190917997, 10.67347240447998], [75.96180725097662, 10.673468589782772], [75.96180725097662, 10.674030303955021], [75.96152496337919, 10.674028396606445], [75.96152496337919, 10.67458438873291], [75.96125030517584, 10.674581527710018], [75.96125030517584, 10.675140380859375], [75.96097564697266, 10.675138473510799], [75.96097564697266, 10.675971984863338], [75.96069335937506, 10.675971984863338], [75.96069335937506, 10.676532745361499], [75.96041870117205, 10.676527976989803], [75.96041870117205, 10.677083969116495], [75.96013641357428, 10.677069664001522], [75.96013641357428, 10.67763996124296], [75.95986175537126, 10.677638053893986], [75.95986175537126, 10.678194046020451], [75.95958709716825, 10.678189277648983], [75.95958709716825, 10.678750038147143], [75.95929718017595, 10.678750038147143], [75.95929718017595, 10.679310798645076], [75.95903015136747, 10.679306030273608], [75.95903015136747, 10.679860115051497], [75.95874786376959, 10.679860115051497], [75.95874786376959, 10.68042087554943], [75.95847320556669, 10.680416107177962], [75.95847320556669, 10.680972099304256], [75.9581909179688, 10.68097019195585], [75.9581909179688, 10.681530952453613], [75.95791625976557, 10.681528091430721], [75.95791625976557, 10.682359695434684], [75.95764160156256, 10.682359695434684], [75.95764160156256, 10.682921409606934], [75.95735931396501, 10.682915687561149], [75.95735931396501, 10.68347263336193], [75.95708465576178, 10.68347263336193], [75.95707702636724, 10.683890342712402], [75.95893096923828, 10.684551239013842], [75.96141815185553, 10.686900138855037], [75.96425628662126, 10.687621116638297], [75.96560668945312, 10.685550689697266], [75.97200775146513, 10.685530662536735], [75.97241973876953, 10.680260658264103], [75.97505950927763, 10.679630279541016], [75.97573852539068, 10.686681747436467], [75.98512268066412, 10.68779087066656], [75.9867095947265, 10.689580917358398], [75.98737335205084, 10.687032699585075], [75.9916305541995, 10.686929702758903], [75.9953002929687, 10.68491077423107], [75.99626159667969, 10.682310104370288], [76.00192260742216, 10.68058013916027]]]]}, "properties": {"id": "chavakkad", "taluk_name": "Chavakkad", "malayalam_name": "ചാവക്കാട്", "district_name": "Thrissur", "district_id": "thrissur", "elevation_m": 12, "slope_degrees": 1.1, "area_sq_km": 310, "centroid": {"lat": 10.58, "lng": 76.02}, "dominant_land_use": "Paddy (Kole lands), Coconut, Rubber & Nutmeg (Slope: 1.1°)", "soil_type": "Hydromorphic & Laterite Alluvial Soils", "rusle": {"R": 2950, "K": 0.023, "LS": 1.8, "C": 0.16, "P": 0.71, "A": 4.5}, "risk_category": "Low", "time_series": {"2018": 5.6, "2019": 5.2, "2020": 4.1, "2021": 4.6, "2022": 4.2, "2023": 3.7, "2024": 4.5}, "conservation": ["Contour terracing suitable for 12m elevation zones", "Runoff control hedgerows across slopes > 5.0°"], "is_sample_data": true, "data_source": "Bundled GeoJSON (DEMO Mode)"}}, {"type": "Feature", "id": "thalapilly", "geometry": {"type": "Polygon", "coordinates": [[[76.36266, 10.68], [76.36187, 10.70285], [76.35595, 10.72505], [76.3454, 10.74547], [76.33107, 10.76334], [76.3139, 10.77825], [76.29469, 10.79011], [76.27404, 10.7989], [76.25233, 10.80447], [76.23, 10.80656], [76.20761, 10.8048], [76.18594, 10.79896], [76.1659, 10.7891], [76.14832, 10.77565], [76.13375, 10.75937], [76.12233, 10.74109], [76.1139, 10.72152], [76.1082, 10.70111], [76.10507, 10.68], [76.10473, 10.65829], [76.10768, 10.63625], [76.1146, 10.61453], [76.12597, 10.59422], [76.1418, 10.57671], [76.16144, 10.56331], [76.18367, 10.55492], [76.20699, 10.55179], [76.23, 10.55344], [76.25172, 10.55894], [76.27177, 10.56722], [76.29023, 10.57748], [76.30737, 10.58939], [76.32329, 10.60307], [76.33767, 10.61891], [76.34973, 10.63718], [76.35839, 10.65775], [76.36266, 10.68]]]}, "properties": {"id": "thalapilly", "taluk_name": "Thalapilly", "malayalam_name": "തലപ്പിള്ളി", "district_name": "Thrissur", "district_id": "thrissur", "elevation_m": 75, "slope_degrees": 5.2, "area_sq_km": 620, "centroid": {"lat": 10.68, "lng": 76.23}, "dominant_land_use": "Paddy (Kole lands), Coconut, Rubber & Nutmeg (Slope: 5.2°)", "soil_type": "Hydromorphic & Laterite Alluvial Soils", "rusle": {"R": 3212, "K": 0.023, "LS": 3.8, "C": 0.2, "P": 0.69, "A": 11.5}, "risk_category": "High", "time_series": {"2018": 14.4, "2019": 13.2, "2020": 10.6, "2021": 11.7, "2022": 10.8, "2023": 9.4, "2024": 11.5}, "conservation": ["Contour terracing suitable for 75m elevation zones", "Runoff control hedgerows across slopes > 5.0°"], "is_sample_data": true, "data_source": "Bundled GeoJSON (DEMO Mode)"}}, {"type": "Feature", "id": "chalakudy", "geometry": {"type": "Polygon", "coordinates": [[[76.46997, 10.3], [76.46914, 10.32414], [76.4629, 10.34759], [76.45177, 10.36917], [76.43664, 10.38804], [76.41852, 10.4038], [76.39826, 10.41633], [76.37647, 10.42561], [76.35357, 10.4315], [76.33, 10.43371], [76.30637, 10.43185], [76.28351, 10.42568], [76.26237, 10.41526], [76.24382, 10.40105], [76.22844, 10.38385], [76.21639, 10.36454], [76.2075, 10.34387], [76.20148, 10.3223], [76.19818, 10.3], [76.19781, 10.27707], [76.20093, 10.25378], [76.20823, 10.23083], [76.22023, 10.20938], [76.23694, 10.19088], [76.25766, 10.17672], [76.28112, 10.16786], [76.30572, 10.16455], [76.33, 10.16629], [76.35292, 10.1721], [76.37408, 10.18085], [76.39356, 10.19169], [76.41164, 10.20427], [76.42844, 10.21873], [76.44361, 10.23546], [76.45633, 10.25476], [76.46548, 10.2765], [76.46997, 10.3]]]}, "properties": {"id": "chalakudy", "taluk_name": "Chalakudy", "malayalam_name": "ചാലക്കുടി", "district_name": "Thrissur", "district_id": "thrissur", "elevation_m": 160, "slope_degrees": 11.5, "area_sq_km": 692, "centroid": {"lat": 10.3, "lng": 76.33}, "dominant_land_use": "Paddy (Kole lands), Coconut, Rubber & Nutmeg (Slope: 11.5°)", "soil_type": "Hydromorphic & Laterite Alluvial Soils", "rusle": {"R": 3616, "K": 0.023, "LS": 7.0, "C": 0.27, "P": 0.64, "A": 18.6}, "risk_category": "High", "time_series": {"2018": 23.2, "2019": 21.4, "2020": 17.1, "2021": 19.0, "2022": 17.5, "2023": 15.3, "2024": 18.6}, "conservation": ["Contour terracing suitable for 160m elevation zones", "Runoff control hedgerows across slopes > 8°"], "is_sample_data": true, "data_source": "Bundled GeoJSON (DEMO Mode)"}}, {"type": "Feature", "id": "kanayannur", "geometry": {"type": "Polygon", "coordinates": [[[76.24958038330078, 9.92236232757574], [76.24930572509777, 9.92236232757574], [76.24930572509777, 9.923193931579533], [76.24903106689453, 9.923192024230957], [76.24903106689453, 9.924030303955192], [76.24874877929699, 9.924028396606388], [76.24874877929699, 9.924860000610408], [76.24846649169922, 9.924860000610408], [76.24846649169922, 9.925420761108512], [76.24819183349621, 9.925415992736873], [76.24819183349621, 9.926250457763729], [76.24791717529303, 9.926250457763729], [76.24791717529303, 9.927082061767692], [76.24764251708979, 9.927080154418888], [76.24764251708979, 9.92793178558361], [76.24736022949224, 9.92793178558361], [76.24736022949224, 9.928750038147086], [76.24708557128906, 9.928750038147086], [76.24708557128906, 9.929585456848258], [76.24680328369146, 9.929579734802303], [76.24680328369146, 9.930420875549373], [76.24652862548828, 9.930420875549373], [76.24652862548828, 9.93125057220459], [76.24624633789074, 9.93125057220459], [76.24624633789074, 9.932082176208553], [76.2459716796875, 9.932080268859977], [76.2459716796875, 9.932921409606877], [76.24569702148449, 9.932916641235408], [76.24569702148449, 9.933472633361873], [76.24540710449219, 9.93346977233881], [76.24540710449219, 9.934310913085938], [76.24514007568371, 9.934310913085938], [76.24514007568371, 9.935140609741325], [76.244857788086, 9.935138702392521], [76.244857788086, 9.935973167419377], [76.24458312988276, 9.9359712600708], [76.24458312988276, 9.93680858612072], [76.24430847167974, 9.936804771423397], [76.24430847167974, 9.93708324432373], [76.24402618408203, 9.93708324432373], [76.24402618408203, 9.938195228576717], [76.2437362670899, 9.938191413879508], [76.2437362670899, 9.939311981201286], [76.24346923828125, 9.939311981201286], [76.24346923828125, 9.940141677856502], [76.24319458007824, 9.94013881683361], [76.24319458007824, 9.940694808960075], [76.242919921875, 9.940690994262752], [76.242919921875, 9.941530227661246], [76.24263763427746, 9.941527366638184], [76.24263763427746, 9.942083358764648], [76.24236297607422, 9.942081451416072], [76.24236297607422, 9.94293117523199], [76.24208068847668, 9.942917823791504], [76.24208068847668, 9.943749427795467], [76.2418060302735, 9.943749427795467], [76.2418060302735, 9.9443101882934], [76.24153137207026, 9.9443101882934], [76.24153137207026, 9.945141792297363], [76.24124908447271, 9.945139884948787], [76.24124908447271, 9.945679664611873], [76.24096679687494, 9.945699691772461], [76.24096679687494, 9.946530342102108], [76.24069213867193, 9.946528434753532], [76.24069213867193, 9.947084426879996], [76.24041748046875, 9.947080612182674], [76.24041748046875, 9.947919845581168], [76.24013519287115, 9.947917938232365], [76.24013519287115, 9.948472023010254], [76.23986053466797, 9.948472023010254], [76.23986053466797, 9.949310302734489], [76.23958587646496, 9.94930553436285], [76.23958587646496, 9.949861526489315], [76.23930358886719, 9.949861526489315], [76.23930358886719, 9.950694084167594], [76.23902893066418, 9.950689315795898], [76.23902893066418, 9.951530456543026], [76.23874664306646, 9.951530456543026], [76.23874664306646, 9.952639579773063], [76.2384719848634, 9.952637672424316], [76.2384719848634, 9.953472137451172], [76.23819732666021, 9.953470230102596], [76.23819732666021, 9.954311370849666], [76.23793029785156, 9.954311370849666], [76.23793029785156, 9.95542144775402], [76.23764038085943, 9.955415725708065], [76.23764038085943, 9.95625019073492], [76.23735809326172, 9.95625019073492], [76.23735809326172, 9.957917213440055], [76.23707580566412, 9.957909584045524], [76.23707580566412, 9.960141181945744], [76.23680877685547, 9.960141181945744], [76.23680877685547, 9.962919235229549], [76.23708343505865, 9.962917327880916], [76.23708343505865, 9.964001655578613], [76.23707580566412, 9.964860916137695], [76.23735809326172, 9.964860916137695], [76.23735809326172, 9.965421676635799], [76.23764038085943, 9.96541690826416], [76.23764038085943, 9.96569538116455], [76.23791503906244, 9.96569538116455], [76.23791503906244, 9.965970993042049], [76.23819732666021, 9.965970993042049], [76.23819732666021, 9.96652889251709], [76.2384719848634, 9.96652889251709], [76.2384719848634, 9.966810226440543], [76.23902893066418, 9.966805458068904], [76.23902893066418, 9.967082977294979], [76.23958587646496, 9.967082977294979], [76.23958587646496, 9.96736145019537], [76.24041748046875, 9.96736145019537], [76.24041748046875, 9.967641830444336], [76.24096679687494, 9.967641830444336], [76.24096679687494, 9.967920303344727], [76.24124908447271, 9.967917442321834], [76.24124908447271, 9.968193054199332], [76.242919921875, 9.968191146850586], [76.242919921875, 9.96875190734869], [76.24318695068365, 9.96875190734869], [76.24318695068365, 9.96903038024908], [76.244857788086, 9.96903038024908], [76.244857788086, 9.96930980682373], [76.24569702148449, 9.969305038452262], [76.24569702148449, 9.969582557678166], [76.24764251708979, 9.969582557678166], [76.24764251708979, 9.969861030578556], [76.24846649169922, 9.969849586486873], [76.24846649169922, 9.970140457153434], [76.24903106689453, 9.970140457153434], [76.24903106689453, 9.969849586486873], [76.2498626708985, 9.969861030578556], [76.2498626708985, 9.969582557678166], [76.25125122070324, 9.969582557678166], [76.25125122070324, 9.969861030578556], [76.25263977050781, 9.969861030578556], [76.25263977050781, 9.969582557678166], [76.2531967163086, 9.969582557678166], [76.2531967163086, 9.968473434448299], [76.25347137451178, 9.968473434448299], [76.25347137451178, 9.968193054199332], [76.25375366210938, 9.968193054199332], [76.25375366210938, 9.967082977294979], [76.25430297851574, 9.967082977294979], [76.25430297851574, 9.966526985168514], [76.25459289550787, 9.96652889251709], [76.25459289550787, 9.966251373291016], [76.25514221191406, 9.966251373291016], [76.25514221191406, 9.96569538116455], [76.2554168701173, 9.96569538116455], [76.2554168701173, 9.96541690826416], [76.2559661865235, 9.965421676635799], [76.2559661865235, 9.965141296386832], [76.2562484741211, 9.965141296386832], [76.2562484741211, 9.964860916137695], [76.2565307617188, 9.964860916137695], [76.2565307617188, 9.964583396911564], [76.25680541992188, 9.964583396911564], [76.25680541992188, 9.96430492401123], [76.2573623657226, 9.964311599731445], [76.2573623657226, 9.964042663574219], [76.25791931152355, 9.964042663574219], [76.25791931152355, 9.963750839233512], [76.25818634033203, 9.963750839233512], [76.25818634033203, 9.963471412658635], [76.2584686279298, 9.963473320007438], [76.2584686279298, 9.963194847107047], [76.25875091552734, 9.963194847107047], [76.25875091552734, 9.962917327880916], [76.25903320312511, 9.962919235229549], [76.25903320312511, 9.962638854980582], [76.25930786132812, 9.962638854980582], [76.25930786132812, 9.962361335754451], [76.2598648071289, 9.962361335754451], [76.2598648071289, 9.961528778076229], [76.2595825195313, 9.961530685424805], [76.2595825195313, 9.961251258850098], [76.2598648071289, 9.961251258850098], [76.25985717773438, 9.960141181945744], [76.26013946533209, 9.960141181945744], [76.26013946533209, 9.959310531616268], [76.26040649414074, 9.959310531616268], [76.26040649414074, 9.95903110504156], [76.26069641113287, 9.95903110504156], [76.26069641113287, 9.957909584045524], [76.26097106933605, 9.957917213440055], [76.26097106933605, 9.956804275512809], [76.26125335693365, 9.956810951232853], [76.26125335693365, 9.95597171783453], [76.26152801513683, 9.95597171783453], [76.26152801513683, 9.955415725708065], [76.26181030273438, 9.95542144775402], [76.26181030273438, 9.955141067504883], [76.26152801513683, 9.955141067504883], [76.26152801513683, 9.954239845275936], [76.26152801513683, 9.952360153198242], [76.26125335693365, 9.952360153198242], [76.26125335693365, 9.952083587646598], [76.26097106933605, 9.952083587646598], [76.26097106933605, 9.951806068420524], [76.26125335693365, 9.951810836791992], [76.26125335693365, 9.951530456543026], [76.26097106933605, 9.951530456543026], [76.26097106933605, 9.950139999389705], [76.26125335693365, 9.950139999389705], [76.26125335693365, 9.949579238891545], [76.26152801513683, 9.94958400726324], [76.26152801513683, 9.949028015136719], [76.26181030273438, 9.949029922485352], [76.26181030273438, 9.948190689087028], [76.26208496093761, 9.948193550109863], [76.26208496093761, 9.944583892822322], [76.26180267333984, 9.944583892822322], [76.26180267333984, 9.943470954895076], [76.26208496093761, 9.943470954895076], [76.26208496093761, 9.942360877990723], [76.26235961914062, 9.942360877990723], [76.26235961914062, 9.941248893737793], [76.26264190673834, 9.941248893737793], [76.26264190673834, 9.940417289734], [76.2629165649414, 9.940420150756893], [76.2629165649414, 9.940141677856502], [76.26319122314459, 9.940141677856502], [76.26319122314459, 9.939580917358398], [76.26347351074213, 9.939582824707145], [76.26347351074213, 9.938470840454215], [76.26374816894537, 9.938470840454215], [76.26374816894537, 9.937916755676326], [76.26403045654308, 9.937921524047965], [76.26403045654308, 9.937641143798828], [76.26431274414068, 9.937641143798828], [76.26431274414068, 9.936531066894645], [76.26457977294933, 9.936531066894645], [76.26457977294933, 9.935689926147518], [76.26486206054688, 9.935694694519043], [76.26486206054688, 9.935417175292912], [76.26513671875011, 9.935420989990291], [76.26513671875011, 9.935140609741325], [76.26541900634766, 9.935140609741325], [76.26541900634766, 9.934579849243164], [76.26569366455084, 9.934582710266056], [76.26569366455084, 9.934305191040153], [76.26597595214844, 9.934310913085938], [76.26597595214844, 9.934030532836971], [76.26625061035162, 9.934030532836971], [76.26625061035162, 9.933741569519157], [76.2668075561524, 9.933751106262264], [76.2668075561524, 9.932916641235408], [76.26708221435558, 9.932921409606877], [76.26708221435558, 9.93264102935791], [76.26735687255865, 9.93264102935791], [76.26735687255865, 9.932360649108944], [76.26763916015636, 9.932360649108944], [76.26763916015636, 9.932082176208553], [76.26875305175793, 9.932082176208553], [76.26875305175793, 9.932360649108944], [76.26902770996094, 9.932360649108944], [76.26902770996094, 9.932082176208553], [76.26930236816412, 9.932082176208553], [76.26930236816412, 9.93125057220459], [76.2698593139649, 9.93125057220459], [76.2698593139649, 9.930970191955623], [76.27014160156244, 9.930973052978516], [76.27014160156244, 9.930694580078125], [76.27041625976568, 9.930694580078125], [76.27041625976568, 9.930416107177734], [76.27069091796886, 9.930420875549373], [76.27069091796886, 9.930141448974723], [76.2709732055664, 9.930141448974723], [76.2709732055664, 9.92986011505127], [76.27124786376964, 9.92986011505127], [76.27124786376964, 9.929585456848258], [76.27180480957043, 9.929585456848258], [76.27180480957043, 9.929306983947868], [76.27263641357422, 9.929308891296444], [76.27263641357422, 9.92903137207037], [76.27319335937494, 9.92903137207037], [76.27319335937494, 9.928750038147086], [76.27348327636724, 9.928750038147086], [76.27348327636724, 9.92846965789795], [76.2740249633789, 9.928471565246525], [76.2740249633789, 9.9283704757691], [76.2740249633789, 9.928194046020621], [76.27458190917969, 9.928194046020621], [76.27458190917969, 9.92791557312023], [76.27513885498047, 9.92793178558361], [76.27513885498047, 9.927639961242733], [76.27569580078125, 9.927639961242733], [76.27569580078125, 9.927359580993766], [76.27625274658197, 9.927362442016658], [76.27625274658197, 9.927082061767692], [76.27652740478521, 9.927082061767692], [76.27652740478521, 9.926806449890194], [76.2770767211914, 9.926811218261832], [76.2770767211914, 9.926532745361442], [76.27764129638672, 9.926532745361442], [76.27764129638672, 9.926250457763729], [76.27819061279297, 9.926250457763729], [76.2781982421875, 9.925971984863338], [76.27847290039068, 9.925971984863338], [76.27847290039068, 9.925694465637264], [76.27902984619146, 9.925694465637264], [76.27902984619146, 9.925415992736873], [76.27958679199224, 9.925420761108512], [76.27958679199224, 9.925140380859375], [76.2801361083985, 9.925140380859375], [76.2801361083985, 9.924860000610408], [76.28069305419922, 9.924860000610408], [76.28069305419922, 9.92458438873291], [76.28097534179699, 9.92458438873291], [76.28097534179699, 9.92430591583252], [76.28151702880865, 9.924310684204158], [76.28151702880865, 9.924030303955192], [76.28208160400396, 9.924030303955192], [76.28208160400396, 9.923749923706055], [76.28263854980474, 9.923749923706055], [76.28263854980474, 9.923469543457031], [76.28347015380871, 9.923472404479924], [76.28347015380871, 9.923193931579533], [76.2843017578125, 9.923193931579533], [76.2843017578125, 9.922916412353459], [76.2854232788086, 9.922920227050838], [76.2854232788086, 9.922639846801871], [76.28624725341803, 9.922639846801871], [76.28624725341803, 9.922360420227164], [76.28708648681652, 9.92236232757574], [76.28708648681652, 9.922083854675407], [76.2881927490235, 9.922083854675407], [76.2881927490235, 9.921806335449276], [76.28930664062506, 9.921806335449276], [76.28930664062506, 9.921527862548885], [76.29264068603527, 9.921529769897518], [76.29264068603527, 9.92125034332281], [76.29291534423834, 9.92125034332281], [76.29291534423834, 9.92097187042242], [76.29319763183605, 9.92097187042242], [76.29319763183605, 9.920694351196346], [76.29347229003906, 9.920694351196346], [76.29347229003906, 9.920417785644531], [76.2937469482423, 9.920419692993164], [76.2937469482423, 9.920140266418457], [76.2942962646485, 9.920140266418457], [76.2942962646485, 9.919861793518066], [76.29458618164062, 9.919861793518066], [76.29458618164062, 9.91930961608898], [76.29485321044928, 9.91930961608898], [76.29485321044928, 9.918472290039062], [76.29513549804682, 9.918472290039062], [76.29513549804682, 9.917915344238281], [76.29541778564459, 9.91792011260992], [76.29541778564459, 9.916810035705566], [76.29569244384777, 9.916810035705566], [76.29569244384777, 9.915419578552246], [76.29596710205084, 9.915419578552246], [76.29596710205084, 9.913471221923885], [76.29624938964855, 9.913471221923885], [76.29624938964855, 9.909099578857479], [76.29624938964855, 9.899581909179688], [76.29652404785156, 9.899581909179688], [76.29652404785156, 9.897359848022575], [76.29680633544933, 9.897359848022575], [76.29680633544933, 9.8956937789917], [76.29708099365234, 9.8956937789917], [76.29708099365234, 9.89402770996088], [76.29680633544933, 9.894029617309684], [76.29680633544933, 9.89319133758545], [76.29666900634766, 9.89319133758545], [76.29652404785156, 9.893194198608512], [76.29652404785156, 9.892915725708121], [76.29569244384777, 9.892915725708121], [76.29569244384777, 9.893471717834416], [76.29541778564459, 9.893468856811523], [76.29541778564459, 9.894029617309684], [76.2951431274414, 9.894029617309684], [76.2951431274414, 9.89430999755865], [76.2948608398438, 9.894306182861271], [76.2948608398438, 9.894583702087346], [76.29458618164062, 9.894570350647086], [76.29458618164062, 9.895139694213867], [76.2942962646485, 9.895139694213867], [76.2942962646485, 9.895420074463004], [76.29402923583984, 9.895416259765625], [76.29402923583984, 9.8956937789917], [76.2937469482423, 9.8956937789917], [76.2937469482423, 9.89597225189209], [76.29347229003906, 9.895970344543514], [76.29347229003906, 9.896251678466797], [76.29264068603527, 9.896251678466797], [76.29264068603527, 9.896530151367188], [76.29235839843756, 9.896530151367188], [76.29235839843756, 9.896810531616325], [76.29208374023432, 9.896805763244686], [76.29208374023432, 9.897084236145076], [76.2915267944336, 9.897084236145076], [76.2915267944336, 9.897359848022575], [76.29125213623053, 9.897359848022575], [76.29125213623053, 9.897640228271541], [76.29096984863281, 9.897630691528377], [76.29096984863281, 9.897920608520508], [76.2906951904298, 9.89791584014904], [76.2906951904298, 9.89819431304943], [76.29041290283203, 9.89819431304943], [76.29041290283203, 9.898750305175895], [76.29013824462902, 9.898750305175895], [76.29013824462902, 9.899581909179688], [76.29041290283203, 9.899581909179688], [76.29041290283203, 9.901810646057186], [76.29013824462902, 9.901805877685547], [76.29013824462902, 9.902085304260254], [76.28985595703125, 9.90207958221447], [76.28985595703125, 9.902641296386719], [76.28958129882824, 9.902641296386719], [76.28958129882824, 9.903761863708496], [76.28930664062506, 9.903761863708496], [76.28930664062506, 9.90625095367426], [76.29013824462902, 9.90625095367426], [76.29013824462902, 9.905421257019043], [76.29041290283203, 9.905421257019043], [76.29041290283203, 9.90347003936779], [76.2906951904298, 9.903472900390682], [76.2906951904298, 9.902085304260254], [76.29096984863281, 9.902085304260254], [76.29096984863281, 9.901805877685547], [76.29347229003906, 9.901810646057186], [76.29347229003906, 9.902641296386719], [76.29319763183605, 9.902638435363826], [76.29319763183605, 9.903820991516227], [76.29319763183605, 9.904030799865723], [76.29291534423834, 9.904028892517147], [76.29291534423834, 9.904890060424805], [76.29291534423834, 9.905694961547965], [76.29264068603527, 9.905694961547965], [76.29264068603527, 9.905928611755428], [76.29264068603527, 9.907082557678223], [76.29235839843756, 9.90707969665533], [76.29235839843756, 9.907920837402457], [76.29208374023432, 9.907917022705078], [76.29208374023432, 9.908069610595703], [76.29208374023432, 9.908473014831543], [76.29096984863281, 9.908473014831543], [76.29096984863281, 9.90819454193121], [76.2906951904298, 9.90819454193121], [76.2906951904298, 9.907917022705078], [76.29041290283203, 9.907920837402457], [76.29041290283203, 9.907361030578613], [76.29013824462902, 9.907361030578613], [76.29013824462902, 9.907082557678223], [76.28874969482428, 9.90707969665533], [76.28874969482428, 9.90764141082758], [76.2884750366211, 9.907638549804688], [76.2884750366211, 9.90819454193121], [76.2881927490235, 9.908189773559513], [76.2881927490235, 9.908750534057674], [76.28791809082031, 9.908750534057674], [76.28791809082031, 9.909309387207031], [76.28652954101574, 9.909309387207031], [76.28652954101574, 9.90903091430664], [76.28624725341803, 9.90903091430664], [76.28624725341803, 9.908750534057674], [76.28598022460932, 9.908750534057674], [76.28598022460932, 9.90764141082758], [76.28569793701178, 9.90764141082758], [76.28569793701178, 9.905969619750977], [76.28597259521479, 9.905973434448356], [76.28597259521479, 9.904303550720158], [76.28624725341803, 9.90431118011469], [76.28624725341803, 9.902641296386719], [76.28652954101574, 9.902641296386719], [76.28652954101574, 9.90207958221447], [76.28624725341803, 9.902085304260254], [76.28624725341803, 9.902359962463436], [76.28369903564453, 9.902359962463436], [76.28291320800793, 9.902359962463436], [76.28291320800793, 9.902641296386719], [76.28180694580078, 9.902641296386719], [76.28180694580078, 9.90207958221447], [76.28152465820318, 9.902085304260254], [76.28152465820318, 9.901528358459473], [76.27984619140636, 9.901531219482536], [76.27984619140636, 9.901252746582145], [76.27874755859375, 9.901252746582145], [76.27874755859375, 9.900970458984432], [76.27764129638672, 9.900972366333008], [76.27764129638672, 9.900693893432617], [76.27652740478521, 9.900700569152832], [76.27652740478521, 9.900421142578182], [76.27540588378912, 9.900421142578182], [76.27540588378912, 9.900142669677791], [76.27458190917969, 9.900142669677791], [76.27458190917969, 9.899860382080078], [76.27263641357422, 9.899860382080078], [76.27263641357422, 9.900421142578182], [76.27236175537115, 9.900421142578182], [76.27236175537115, 9.901252746582145], [76.27208709716797, 9.901249885559082], [76.27208709716797, 9.902085304260254], [76.27179718017584, 9.90207958221447], [76.27179718017584, 9.902920722961369], [76.27153015136719, 9.902920722961369], [76.27153015136719, 9.903761863708496], [76.27124786376964, 9.903761863708496], [76.27124786376964, 9.90431118011469], [76.2709732055664, 9.904303550720158], [76.2709732055664, 9.904861450195426], [76.27069091796886, 9.904861450195426], [76.27069091796886, 9.905421257019043], [76.27041625976568, 9.905417442321891], [76.27041625976568, 9.905973434448356], [76.27014160156244, 9.905969619750977], [76.27014160156244, 9.906531333923397], [76.2698593139649, 9.906526565551758], [76.2698593139649, 9.907082557678223], [76.26957702636713, 9.90707969665533], [76.26957702636713, 9.90764141082758], [76.26930236816412, 9.90764141082758], [76.26930236816412, 9.907920837402457], [76.26902770996094, 9.907917022705078], [76.26902770996094, 9.90819454193121], [76.26875305175793, 9.908189773559513], [76.26875305175793, 9.908750534057674], [76.26847076416016, 9.908750534057674], [76.26847076416016, 9.90903091430664], [76.26819610595714, 9.90903091430664], [76.26819610595714, 9.909309387207031], [76.26791381835938, 9.909304618835563], [76.26791381835938, 9.909583091735897], [76.26763916015636, 9.909570693969727], [76.26763916015636, 9.910140991210994], [76.26735687255865, 9.910140991210994], [76.26735687255865, 9.911811828613281], [76.26708221435558, 9.911805152893066], [76.26708221435558, 9.91208267211914], [76.26652526855463, 9.91208267211914], [76.26652526855463, 9.912361145019531], [76.26597595214844, 9.912361145019531], [76.26597595214844, 9.91208267211914], [76.26569366455084, 9.91208267211914], [76.26569366455084, 9.911251068115348], [76.26597595214844, 9.911251068115348], [76.26597595214844, 9.910419464111385], [76.26625061035162, 9.910419464111385], [76.26625061035162, 9.909570693969727], [76.26652526855463, 9.909583091735897], [76.26652526855463, 9.909029006958065], [76.2668075561524, 9.90903091430664], [76.2668075561524, 9.908471107482967], [76.26708221435558, 9.908473014831543], [76.26708221435558, 9.907917022705078], [76.26735687255865, 9.907920837402457], [76.26735687255865, 9.907361030578613], [76.26763916015636, 9.907361030578613], [76.26763916015636, 9.906806945800724], [76.26791381835938, 9.906806945800724], [76.26791381835938, 9.90625095367426], [76.26819610595714, 9.90625095367426], [76.26819610595714, 9.905690193176326], [76.26847076416016, 9.905694961547965], [76.26847076416016, 9.9051389694215], [76.26875305175793, 9.905140876770076], [76.26875305175793, 9.904030799865723], [76.26902770996094, 9.904030799865723], [76.26902770996094, 9.903761863708496], [76.27014160156244, 9.903761863708496], [76.27014160156244, 9.901252746582145], [76.2698593139649, 9.901252746582145], [76.2698593139649, 9.900970458984432], [76.26958465576172, 9.900972366333008], [76.26958465576172, 9.900693893432617], [76.26930236816412, 9.900700569152832], [76.26930236816412, 9.900142669677791], [76.26902770996094, 9.900142669677791], [76.26902770996094, 9.899860382080078], [76.26875305175793, 9.899862289428825], [76.26875305175793, 9.899583816528434], [76.26791381835938, 9.899581909179688], [76.26791381835938, 9.89930629730236], [76.26763916015636, 9.899311065673828], [76.26763916015636, 9.899029731750545], [76.26735687255865, 9.899029731750545], [76.26735687255865, 9.898750305175895], [76.26708221435558, 9.898750305175895], [76.26708221435558, 9.897084236145076], [76.2668075561524, 9.897084236145076], [76.2668075561524, 9.896805763244686], [76.26653289794922, 9.896810531616325], [76.26653289794922, 9.896530151367188], [76.26597595214844, 9.896530151367188], [76.26597595214844, 9.896810531616325], [76.26541900634766, 9.896805763244686], [76.26541900634766, 9.897084236145076], [76.26513671875011, 9.897084236145076], [76.26513671875011, 9.897640228271541], [76.2648696899414, 9.897630691528377], [76.2648696899414, 9.899029731750545], [76.26403045654308, 9.89902782440197], [76.26403045654308, 9.899581909179688], [76.26374816894537, 9.899581909179688], [76.26374816894537, 9.900142669677791], [76.2634658813476, 9.900142669677791], [76.2634658813476, 9.900700569152832], [76.26374816894537, 9.900693893432617], [76.26374816894537, 9.902085304260254], [76.26347351074213, 9.902085304260254], [76.26347351074213, 9.903194427490291], [76.26319122314459, 9.903189659118652], [76.26319122314459, 9.904030799865723], [76.2629165649414, 9.904030799865723], [76.2629165649414, 9.905140876770076], [76.26264190673834, 9.905140876770076], [76.26264190673834, 9.90625095367426], [76.26235961914062, 9.90625095367426], [76.26235961914062, 9.907082557678223], [76.26210021972668, 9.90707969665533], [76.26210021972668, 9.907920837402457], [76.26180267333984, 9.907917022705078], [76.26180267333984, 9.908473014831543], [76.26152801513683, 9.908471107482967], [76.26152801513683, 9.909309387207031], [76.26125335693365, 9.909309387207031], [76.26125335693365, 9.910140991210994], [76.26097106933605, 9.910139083862418], [76.26097106933605, 9.910695075988883], [76.26069641113287, 9.910691261291504], [76.26069641113287, 9.911251068115348], [76.26040649414074, 9.911251068115348], [76.26040649414074, 9.911811828613281], [76.26013946533209, 9.911805152893066], [76.26013946533209, 9.912361145019531], [76.25985717773438, 9.912361145019531], [76.25985717773438, 9.912640571594181], [76.25930786132812, 9.912640571594181], [76.25930786132812, 9.91431045532238], [76.25902557373058, 9.914304733276424], [76.25902557373058, 9.914860725402889], [76.25875091552734, 9.914860725402889], [76.25875091552734, 9.91513919830328], [76.2584686279298, 9.91513919830328], [76.2584686279298, 9.915419578552246], [76.25818634033203, 9.915419578552246], [76.25818634033203, 9.915699958801213], [76.2573623657226, 9.915699958801213], [76.2573623657226, 9.912921905517635], [76.25763702392584, 9.912921905517635], [76.25763702392584, 9.912361145019531], [76.25791931152355, 9.912361145019531], [76.25791931152355, 9.91208267211914], [76.25819396972656, 9.91208267211914], [76.25819396972656, 9.911526679992676], [76.25791931152355, 9.911532402038631], [76.25791931152355, 9.910970687866211], [76.25763702392584, 9.910972595214957], [76.25763702392584, 9.910416603088493], [76.2573623657226, 9.910419464111385], [76.2573623657226, 9.909860610962028], [76.25708007812506, 9.909860610962028], [76.25708007812506, 9.909304618835563], [76.2573623657226, 9.909309387207031], [76.2573623657226, 9.90903091430664], [76.25791931152355, 9.90903091430664], [76.25791931152355, 9.908750534057674], [76.2584686279298, 9.908750534057674], [76.2584686279298, 9.908189773559513], [76.25875091552734, 9.90819454193121], [76.25875091552734, 9.907638549804688], [76.25903320312511, 9.90764141082758], [76.25903320312511, 9.905690193176326], [76.2573623657226, 9.905694961547965], [76.2573623657226, 9.905417442321891], [76.25763702392584, 9.905421257019043], [76.25763702392584, 9.904861450195426], [76.25791931152355, 9.904861450195426], [76.25791931152355, 9.904303550720158], [76.25818634033203, 9.90431118011469], [76.25818634033203, 9.900970458984432], [76.2584686279298, 9.900972366333008], [76.2584686279298, 9.89930629730236], [76.25875091552734, 9.899311065673828], [76.25875091552734, 9.898469924926701], [76.25902557373058, 9.898471832275504], [76.25902557373058, 9.897640228271541], [76.25930786132812, 9.897640228271541], [76.25930786132812, 9.896805763244686], [76.2595825195313, 9.896810531616325], [76.2595825195313, 9.895970344543514], [76.2598648071289, 9.89597225189209], [76.2598648071289, 9.895416259765625], [76.26013946533209, 9.895420074463004], [76.26013946533209, 9.89486026763916], [76.2604141235351, 9.894862174987736], [76.2604141235351, 9.89402770996088], [76.26069641113287, 9.894029617309684], [76.26069641113287, 9.893468856811523], [76.26097106933605, 9.893471717834416], [76.26097106933605, 9.892915725708121], [76.26125335693365, 9.89291954040533], [76.26125335693365, 9.891531944274846], [76.26097106933605, 9.891531944274846], [76.26097106933605, 9.891249656677303], [76.26125335693365, 9.891249656677303], [76.26125335693365, 9.8906888961792], [76.26152801513683, 9.890695571899414], [76.26152801513683, 9.89013957977295], [76.26181030273438, 9.89013957977295], [76.26181030273438, 9.889030456543082], [76.26210021972668, 9.889030456543082], [76.26210021972668, 9.888191223144588], [76.26235961914062, 9.888193130493164], [76.26235961914062, 9.88708305358898], [76.26264190673834, 9.88708305358898], [76.26264190673834, 9.885416984558162], [76.2629165649414, 9.885418891906738], [76.2629165649414, 9.884029388427734], [76.26319122314459, 9.884029388427734], [76.26319122314459, 9.883190155029354], [76.26347351074213, 9.883194923400879], [76.26347351074213, 9.882917404174748], [76.26374816894537, 9.882919311523551], [76.26374816894537, 9.882361412048283], [76.26403045654308, 9.882361412048283], [76.26403045654308, 9.882082939147892], [76.26430511474615, 9.882082939147892], [76.26430511474615, 9.881805419921989], [76.26457977294933, 9.881809234619197], [76.26457977294933, 9.8812513351441], [76.26486206054688, 9.8812513351441], [76.26486206054688, 9.88097286224371], [76.26513671875011, 9.88097286224371], [76.26513671875011, 9.879583358764705], [76.26541900634766, 9.879591941833553], [76.26541900634766, 9.87847042083746], [76.26569366455084, 9.878473281860352], [76.26569366455084, 9.877360343933105], [76.26597595214844, 9.877360343933105], [76.26597595214844, 9.876251220703239], [76.26625061035162, 9.876251220703239], [76.26625061035162, 9.875138282775993], [76.26653289794922, 9.875141143798885], [76.26653289794922, 9.873749732971248], [76.2668075561524, 9.873749732971248], [76.2668075561524, 9.872639656066895], [76.26708221435558, 9.872639656066895], [76.26708221435558, 9.871810913085994], [76.26763916015636, 9.871810913085994], [76.26763916015636, 9.871529579162711], [76.26819610595714, 9.871529579162711], [76.26819610595714, 9.8709716796875], [76.26847076416016, 9.8709716796875], [76.26847076416016, 9.870140075683707], [76.26875305175793, 9.870140075683707], [76.26875305175793, 9.869029998779354], [76.26902770996094, 9.869029998779354], [76.26902770996094, 9.867919921875], [76.26930236816412, 9.867919921875], [76.26930236816412, 9.866809844970817], [76.26957702636713, 9.866809844970817], [76.26957702636713, 9.866251945495549], [76.27069091796886, 9.866251945495549], [76.27069091796886, 9.86653041839594], [76.27124786376964, 9.86653041839594], [76.27124786376964, 9.866809844970817], [76.27208709716797, 9.866806030273438], [76.27208709716797, 9.867083549499512], [76.27263641357422, 9.867083549499512], [76.27263641357422, 9.867362022399902], [76.27348327636724, 9.867362022399902], [76.27348327636724, 9.867650985717717], [76.27404022216803, 9.867650985717717], [76.27404022216803, 9.867919921875], [76.27485656738293, 9.867919921875], [76.27485656738293, 9.86931133270258], [76.27458190917969, 9.86931133270258], [76.27458190917969, 9.870420455932674], [76.27430725097668, 9.870420455932674], [76.27430725097668, 9.871529579162711], [76.27404022216803, 9.871529579162711], [76.27404022216803, 9.872639656066895], [76.2737503051759, 9.872639656066895], [76.2737503051759, 9.873749732971248], [76.27404022216803, 9.873749732971248], [76.27404022216803, 9.874311447143668], [76.27485656738293, 9.874311447143668], [76.27485656738293, 9.874031066894531], [76.27513885498047, 9.874031066894531], [76.27513885498047, 9.873749732971248], [76.27569580078125, 9.873749732971248], [76.27569580078125, 9.873458862304688], [76.27597045898443, 9.873472213745174], [76.27597045898443, 9.872637748718319], [76.27625274658197, 9.872639656066895], [76.27625274658197, 9.872079849243221], [76.27597045898443, 9.87208366394043], [76.27597045898443, 9.871527671813965], [76.27625274658197, 9.871529579162711], [76.27625274658197, 9.8706893920899], [76.27652740478521, 9.870694160461369], [76.27652740478521, 9.870140075683707], [76.27680969238293, 9.870140075683707], [76.27680969238293, 9.869579315185547], [76.277084350586, 9.869584083557243], [76.277084350586, 9.869305610656852], [76.2781982421875, 9.869305610656852], [76.2781982421875, 9.869584083557243], [76.27874755859375, 9.869584083557243], [76.27874755859375, 9.869859695434513], [76.27929687499994, 9.869859695434513], [76.27929687499994, 9.870140075683707], [76.27958679199224, 9.870140075683707], [76.27958679199224, 9.870694160461369], [76.27986145019543, 9.870694160461369], [76.27986145019543, 9.8709716796875], [76.2801361083985, 9.8709716796875], [76.2801361083985, 9.87125015258789], [76.28041839599621, 9.87125015258789], [76.28041839599621, 9.871529579162711], [76.28069305419922, 9.871529579162711], [76.28069305419922, 9.871810913085994], [76.28098297119152, 9.871810913085994], [76.28098297119152, 9.873749732971248], [76.28125, 9.873749732971248], [76.28125, 9.874031066894531], [76.28151702880865, 9.874031066894531], [76.28152465820318, 9.875971794128361], [76.28125, 9.875971794128361], [76.28125, 9.877084732055778], [76.28098297119152, 9.877079963684139], [76.28098297119152, 9.877640724182072], [76.28069305419922, 9.877638816833496], [76.28069305419922, 9.878194808959961], [76.28041839599621, 9.878194808959961], [76.28041839599621, 9.878750801086426], [76.2801361083985, 9.878750801086426], [76.2801361083985, 9.87931060791027], [76.27984619140636, 9.87931060791027], [76.27984619140636, 9.881809234619197], [76.27958679199224, 9.881805419921989], [76.27958679199224, 9.883190155029354], [76.27929687499994, 9.883199691772518], [76.27929687499994, 9.883750915527344], [76.27902984619146, 9.883749008178711], [76.27902984619146, 9.884583473205566], [76.27874755859375, 9.88458061218273], [76.27874755859375, 9.885141372680664], [76.27847290039068, 9.885139465332088], [76.27847290039068, 9.887360572815055], [76.2781982421875, 9.887360572815055], [76.2781982421875, 9.887641906738338], [76.27791595458996, 9.887641906738338], [76.27791595458996, 9.887920379638729], [76.27764129638672, 9.88791656494135], [76.27764129638672, 9.888193130493164], [76.27735900878918, 9.888191223144588], [76.27735900878918, 9.88876056671154], [76.2770767211914, 9.88876056671154], [76.2770767211914, 9.889311790466365], [76.27680969238293, 9.889311790466365], [76.27680969238293, 9.89013957977295], [76.27652740478521, 9.89013957977295], [76.27652740478521, 9.891249656677303], [76.27625274658197, 9.891249656677303], [76.27625274658197, 9.892084121704158], [76.27597045898443, 9.892084121704158], [76.27597045898443, 9.893194198608512], [76.27569580078125, 9.89319133758545], [76.27569580078125, 9.894029617309684], [76.27597045898443, 9.894029617309684], [76.27597045898443, 9.89430999755865], [76.27625274658197, 9.894306182861271], [76.27625274658197, 9.894583702087346], [76.27735900878918, 9.894583702087346], [76.27735900878918, 9.894306182861271], [76.27791595458996, 9.89430999755865], [76.27791595458996, 9.894029617309684], [76.27847290039068, 9.894029617309684], [76.27847290039068, 9.893750190734977], [76.27874755859375, 9.893750190734977], [76.27874755859375, 9.893194198608512], [76.27902984619146, 9.893194198608512], [76.27902984619146, 9.88791656494135], [76.27958679199224, 9.88791656494135], [76.27958679199224, 9.888193130493164], [76.27986145019543, 9.888193130493164], [76.27986145019543, 9.888474464416618], [76.2801361083985, 9.888470649719238], [76.2801361083985, 9.889030456543082], [76.28041839599621, 9.889030456543082], [76.28041839599621, 9.889311790466365], [76.28069305419922, 9.889305114746094], [76.28069305419922, 9.889582633972168], [76.28098297119152, 9.889580726623592], [76.28098297119152, 9.89013957977295], [76.28125, 9.89013957977295], [76.28125, 9.890419960021916], [76.28151702880865, 9.890419960021916], [76.28151702880865, 9.891821861267147], [76.28180694580078, 9.891805648803768], [76.28180694580078, 9.897640228271541], [76.28208160400396, 9.897640228271541], [76.28208160400396, 9.898750305175895], [76.28263854980474, 9.898750305175895], [76.28263854980474, 9.899029731750545], [76.28320312500006, 9.899029731750545], [76.28320312500006, 9.899311065673828], [76.28375244140625, 9.89930629730236], [76.28375244140625, 9.899581909179688], [76.2843017578125, 9.899581909179688], [76.28430938720703, 9.899862289428825], [76.28485870361328, 9.899860382080078], [76.28485870361328, 9.900421142578182], [76.28569793701178, 9.900421142578182], [76.28569793701178, 9.900700569152832], [76.28624725341803, 9.900700569152832], [76.28624725341803, 9.900421142578182], [76.28652954101574, 9.900421142578182], [76.28652954101574, 9.899860382080078], [76.28680419921875, 9.899862289428825], [76.28680419921875, 9.89930629730236], [76.28708648681652, 9.899311065673828], [76.28708648681652, 9.899029731750545], [76.28736114501953, 9.899029731750545], [76.28736114501953, 9.898469924926701], [76.28763580322277, 9.898471832275504], [76.28763580322277, 9.89819431304943], [76.28736114501953, 9.89819431304943], [76.28736114501953, 9.89791584014904], [76.28708648681652, 9.897920608520508], [76.28708648681652, 9.897630691528377], [76.28680419921875, 9.897640228271541], [76.28680419921875, 9.897359848022575], [76.28652954101574, 9.897359848022575], [76.28652954101574, 9.897084236145076], [76.28624725341803, 9.897084236145076], [76.28624725341803, 9.896805763244686], [76.28598022460932, 9.896810531616325], [76.28598022460932, 9.896251678466797], [76.28624725341803, 9.896251678466797], [76.28624725341803, 9.895420074463004], [76.28652954101574, 9.895420074463004], [76.28652954101574, 9.89430999755865], [76.28679656982422, 9.89430999755865], [76.28679656982422, 9.89319133758545], [76.28708648681652, 9.893194198608512], [76.28708648681652, 9.892084121704158], [76.28736114501953, 9.892084121704158], [76.28736114501953, 9.891249656677303], [76.28848266601562, 9.891249656677303], [76.28848266601562, 9.890419960021916], [76.28874969482428, 9.890419960021916], [76.28874969482428, 9.889580726623592], [76.28902435302729, 9.889582633972168], [76.28902435302729, 9.888474464416618], [76.28930664062506, 9.888474464416618], [76.28930664062506, 9.887360572815055], [76.28958129882824, 9.887360572815055], [76.28958129882824, 9.886248588562125], [76.28985595703125, 9.886251449585018], [76.28985595703125, 9.884860992431697], [76.29013824462902, 9.884860992431697], [76.29013824462902, 9.883749008178711], [76.29041290283203, 9.883750915527344], [76.29041290283203, 9.883470535278377], [76.29013824462902, 9.883473396301213], [76.29013824462902, 9.882917404174748], [76.29041290283203, 9.882919311523551], [76.29041290283203, 9.881809234619197], [76.29070281982433, 9.881809234619197], [76.29070281982433, 9.880420684814453], [76.29096984863281, 9.880420684814453], [76.29096984863281, 9.87931060791027], [76.29125213623053, 9.87931060791027], [76.29125213623053, 9.878750801086426], [76.2915267944336, 9.878750801086426], [76.2915267944336, 9.878130912780762], [76.2915267944336, 9.87680435180664], [76.2918090820313, 9.876819610595703], [76.2918090820313, 9.874862670898494], [76.29207611083979, 9.874862670898494], [76.29207611083979, 9.873191833496207], [76.29235839843756, 9.873193740844783], [76.29235839843756, 9.87208366394043], [76.29264068603527, 9.87208366394043], [76.29264068603527, 9.871527671813965], [76.29292297363287, 9.871529579162711], [76.29292297363287, 9.8706893920899], [76.29319763183605, 9.870694160461369], [76.29319763183605, 9.870140075683707], [76.29347229003906, 9.870140075683707], [76.29347229003906, 9.869579315185547], [76.2937469482423, 9.869584083557243], [76.2937469482423, 9.868749618530387], [76.29402923583984, 9.868749618530387], [76.29402923583984, 9.868188858032227], [76.29430389404303, 9.868193626403865], [76.29430389404303, 9.867362022399902], [76.29458618164062, 9.867362022399902], [76.29458618164062, 9.866527557373047], [76.29485321044928, 9.86653041839594], [76.29485321044928, 9.862919807434082], [76.29458618164062, 9.862919807434082], [76.29458618164062, 9.861251831054688], [76.2942962646485, 9.861251831054688], [76.2942962646485, 9.859861373901367], [76.29458618164062, 9.859861373901367], [76.29458618164062, 9.858751296997184], [76.2948608398438, 9.858751296997184], [76.29485321044928, 9.857921600341797], [76.2951431274414, 9.857921600341797], [76.2951431274414, 9.857360839843864], [76.29541778564459, 9.857360839843864], [76.29541778564459, 9.857081413269157], [76.29569244384777, 9.857083320617733], [76.29569244384777, 9.856527328491268], [76.29596710205084, 9.8565292358399], [76.29596710205084, 9.856248855590877], [76.29624938964855, 9.856248855590877], [76.29624938964855, 9.855694770813045], [76.29652404785156, 9.855694770813045], [76.29652404785156, 9.855138778686523], [76.29680633544933, 9.855140686035156], [76.29680633544933, 9.854579925537166], [76.29708099365234, 9.854582786560059], [76.29708099365234, 9.85291671752924], [76.29680633544933, 9.85292053222662], [76.29680633544933, 9.852360725402946], [76.29651641845703, 9.852360725402946], [76.29651641845703, 9.851811408996525], [76.29624938964855, 9.851811408996525], [76.29624938964855, 9.851250648498592], [76.2951431274414, 9.851250648498592], [76.2951431274414, 9.850970268249625], [76.29235839843756, 9.850970268249625], [76.29235839843756, 9.851250648498592], [76.29207611083979, 9.851250648498592], [76.29207611083979, 9.851811408996525], [76.2918090820313, 9.851806640625057], [76.2918090820313, 9.852083206176871], [76.28958129882824, 9.852083206176871], [76.28958129882824, 9.851806640625057], [76.28901672363293, 9.851811408996525], [76.28901672363293, 9.851531028747559], [76.28848266601562, 9.851531028747559], [76.28848266601562, 9.851250648498592], [76.2881927490235, 9.851250648498592], [76.2881927490235, 9.850970268249625], [76.28763580322277, 9.850973129272518], [76.28763580322277, 9.850694656372127], [76.28572082519537, 9.850694656372127], [76.28485870361328, 9.850694656372127], [76.28485870361328, 9.850417137146053], [76.28347015380871, 9.850420951843205], [76.28347015380871, 9.849860191345272], [76.28375244140625, 9.849860191345272], [76.28375244140625, 9.848750114440918], [76.28402709960949, 9.848750114440918], [76.28402709960949, 9.847921371460018], [76.2843017578125, 9.847921371460018], [76.2843017578125, 9.84708023071289], [76.28458404541027, 9.847082138061523], [76.28458404541027, 9.846249580383414], [76.28485870361328, 9.846249580383414], [76.28485870361328, 9.845691680908203], [76.285140991211, 9.84569358825695], [76.285140991211, 9.84486007690441], [76.28541564941406, 9.84486007690441], [76.28541564941406, 9.844609260559082], [76.2838592529298, 9.843058586120662], [76.27906036376964, 9.842990875244254], [76.27519226074224, 9.841819763183594], [76.27323150634766, 9.831110000610465], [76.27086639404308, 9.823472976684684], [76.27069091796886, 9.823470115661621], [76.27069091796886, 9.824311256408691], [76.27041625976568, 9.824311256408691], [76.27041625976568, 9.826531410217228], [76.27014160156244, 9.82652664184576], [76.27014160156244, 9.827082633972225], [76.2698593139649, 9.827082633972225], [76.2698593139649, 9.832361221313533], [76.26957702636713, 9.832361221313533], [76.26957702636713, 9.833750724792537], [76.26930236816412, 9.833750724792537], [76.26930236816412, 9.834030151367244], [76.26902770996094, 9.834027290344352], [76.26902770996094, 9.834583282470817], [76.26875305175793, 9.834583282470817], [76.26875305175793, 9.836249351501465], [76.26847076416016, 9.836249351501465], [76.26847076416016, 9.836810111999569], [76.26875305175793, 9.836806297302246], [76.26875305175793, 9.83819580078125], [76.26847076416016, 9.838191032409782], [76.26847076416016, 9.838751792907715], [76.26819610595714, 9.838751792907715], [76.26819610595714, 9.84014034271246], [76.26791381835938, 9.84014034271246], [76.26791381835938, 9.840971946716252], [76.26763916015636, 9.840971946716252], [76.26763916015636, 9.84152984619152], [76.26735687255865, 9.84152984619152], [76.26735687255865, 9.841810226440487], [76.26763916015636, 9.841806411743107], [76.26763916015636, 9.842083930969181], [76.26790618896484, 9.842082023620605], [76.26790618896484, 9.842639923095703], [76.26763916015636, 9.842639923095703], [76.26763916015636, 9.843481063842773], [76.26735687255865, 9.843481063842773], [76.26735687255865, 9.84431076049816], [76.26708221435558, 9.84431076049816], [76.26708221435558, 9.84542274475109], [76.2668075561524, 9.84542274475109], [76.2668075561524, 9.846249580383414], [76.26652526855463, 9.846249580383414], [76.26652526855463, 9.846528053283805], [76.26625061035162, 9.846528053283805], [76.26625061035162, 9.848471641540527], [76.26597595214844, 9.848469734191951], [76.26597595214844, 9.849310874939022], [76.2656860351563, 9.849310874939022], [76.2656860351563, 9.850140571594238], [76.26597595214844, 9.850140571594238], [76.26597595214844, 9.851811408996525], [76.2656860351563, 9.851811408996525], [76.26569366455084, 9.852360725402946], [76.26541900634766, 9.852360725402946], [76.26541900634766, 9.85292053222662], [76.26513671875011, 9.85291671752924], [76.26513671875011, 9.853472709655705], [76.2648696899414, 9.853470802307129], [76.2648696899414, 9.855421066284293], [76.26513671875011, 9.855417251586914], [76.26513671875011, 9.856248855590877], [76.26486206054688, 9.856248855590877], [76.26486206054688, 9.857083320617733], [76.26457977294933, 9.857081413269157], [76.26457977294933, 9.857360839843864], [76.26430511474615, 9.857360839843864], [76.26430511474615, 9.858470916748047], [76.26403045654308, 9.858460426330623], [76.26403045654308, 9.859310150146541], [76.26374816894537, 9.859310150146541], [76.26374816894537, 9.861809730529728], [76.26347351074213, 9.86180496215826], [76.26347351074213, 9.86208343505865], [76.26319122314459, 9.862080574035758], [76.26319122314459, 9.865141868591365], [76.2629165649414, 9.865141868591365], [76.2629165649414, 9.866251945495549], [76.26264190673834, 9.866251945495549], [76.26264190673834, 9.86653041839594], [76.26235961914062, 9.86653041839594], [76.26235961914062, 9.867919921875], [76.26264190673834, 9.867918014526367], [76.26264190673834, 9.868193626403865], [76.2629165649414, 9.868193626403865], [76.2629165649414, 9.868472099304256], [76.26319122314459, 9.868472099304256], [76.26319122314459, 9.869859695434513], [76.2629165649414, 9.869859695434513], [76.2629165649414, 9.870140075683707], [76.26235961914062, 9.870140075683707], [76.26235961914062, 9.870420455932674], [76.26180267333984, 9.870415687561035], [76.26180267333984, 9.8709716796875], [76.26152801513683, 9.8709716796875], [76.26152801513683, 9.871810913085994], [76.26125335693365, 9.871806144714355], [76.26125335693365, 9.873193740844783], [76.26097106933605, 9.873191833496207], [76.26097106933605, 9.874862670898494], [76.26069641113287, 9.874859809875602], [76.26069641113287, 9.878194808959961], [76.26040649414074, 9.878190040588493], [76.26040649414074, 9.879591941833553], [76.26013946533209, 9.879583358764705], [76.26013946533209, 9.88097286224371], [76.26040649414074, 9.880970954895133], [76.26040649414074, 9.881809234619197], [76.26013946533209, 9.881805419921989], [76.26013946533209, 9.882361412048283], [76.2598648071289, 9.882361412048283], [76.2598648071289, 9.882638931274357], [76.2595825195313, 9.882638931274357], [76.2595825195313, 9.883473396301213], [76.25930786132812, 9.883473396301213], [76.25930786132812, 9.884860992431697], [76.25903320312511, 9.884860992431697], [76.25902557373058, 9.886248588562125], [76.25875091552734, 9.886251449585018], [76.25875091552734, 9.887360572815055], [76.2584686279298, 9.887360572815055], [76.2584686279298, 9.888474464416618], [76.25818634033203, 9.888470649719238], [76.25818634033203, 9.890419960021916], [76.25791931152355, 9.89041805267334], [76.25791931152355, 9.890971183776912], [76.25763702392584, 9.890969276428336], [76.25763702392584, 9.8926420211792], [76.2573623657226, 9.892640113830623], [76.2573623657226, 9.893750190734977], [76.25708007812506, 9.893750190734977], [76.25708007812506, 9.895139694213867], [76.25680541992188, 9.895137786865234], [76.25680541992188, 9.8956937789917], [76.2565307617188, 9.895691871643123], [76.2565307617188, 9.896251678466797], [76.2562484741211, 9.896249771118221], [76.2562484741211, 9.897640228271541], [76.25597381591808, 9.897640228271541], [76.25597381591808, 9.899581909179688], [76.25567626953125, 9.899581909179688], [76.25567626953125, 9.900700569152832], [76.2554168701173, 9.900700569152832], [76.2554168701173, 9.901531219482536], [76.25514221191406, 9.901531219482536], [76.25514221191406, 9.902920722961369], [76.25485992431652, 9.902920722961369], [76.25485992431652, 9.904030799865723], [76.25458526611334, 9.904028892517147], [76.25458526611334, 9.904861450195426], [76.25430297851574, 9.904861450195426], [76.25430297851574, 9.905973434448356], [76.25402832031256, 9.905973434448356], [76.25402832031256, 9.907082557678223], [76.25374603271479, 9.90707969665533], [76.25374603271479, 9.90764141082758], [76.25347137451178, 9.907638549804688], [76.25347137451178, 9.90819454193121], [76.2531967163086, 9.908189773559513], [76.2531967163086, 9.909309387207031], [76.25290679931646, 9.909309387207031], [76.25290679931646, 9.910419464111385], [76.25263977050781, 9.910419464111385], [76.25263977050781, 9.911811828613281], [76.25235748291027, 9.911811828613281], [76.25235748291027, 9.912921905517635], [76.25208282470703, 9.912921905517635], [76.25208282470703, 9.914031982421989], [76.25180816650402, 9.914031982421989], [76.25180816650402, 9.915419578552246], [76.2515258789063, 9.915419578552246], [76.2515258789063, 9.9165296554566], [76.25125122070324, 9.9165296554566], [76.25125122070324, 9.917639732360954], [76.25096893310553, 9.917639732360954], [76.25096893310553, 9.918749809265137], [76.25069427490229, 9.918749809265137], [76.25069427490229, 9.919584274291992], [76.25041961669928, 9.9195814132691], [76.25041961669928, 9.920140266418457], [76.25013732910156, 9.920140266418457], [76.25013732910156, 9.92097187042242], [76.2498626708985, 9.92097187042242], [76.2498626708985, 9.921806335449276], [76.24958038330078, 9.921806335449276], [76.24958038330078, 9.92236232757574]]]}, "properties": {"id": "kanayannur", "taluk_name": "Kanayannur", "malayalam_name": "കണയന്നൂർ", "district_name": "Ernakulam", "district_id": "ernakulam", "elevation_m": 15, "slope_degrees": 1.5, "area_sq_km": 340, "centroid": {"lat": 9.98, "lng": 76.32}, "dominant_land_use": "Pokkali Rice, Aquaculture, Rubber & Pineapple (Slope: 1.5°)", "soil_type": "Acid Saline Coastal Alluvium & Midland Laterite", "rusle": {"R": 2697, "K": 0.02, "LS": 1.9, "C": 0.16, "P": 0.71, "A": 5.4}, "risk_category": "Moderate", "time_series": {"2018": 6.8, "2019": 6.2, "2020": 5.0, "2021": 5.5, "2022": 5.1, "2023": 4.4, "2024": 5.4}, "conservation": ["Contour terracing suitable for 15m elevation zones", "Runoff control hedgerows across slopes > 5.0°"], "is_sample_data": true, "data_source": "Bundled GeoJSON (DEMO Mode)"}}, {"type": "Feature", "id": "kochi_t", "geometry": {"type": "Polygon", "coordinates": [[[76.24958038330078, 9.92236232757574], [76.24930572509777, 9.92236232757574], [76.24930572509777, 9.923193931579533], [76.24903106689453, 9.923192024230957], [76.24903106689453, 9.924030303955192], [76.24874877929699, 9.924028396606388], [76.24874877929699, 9.924860000610408], [76.24846649169922, 9.924860000610408], [76.24846649169922, 9.925420761108512], [76.24819183349621, 9.925415992736873], [76.24819183349621, 9.926250457763729], [76.24791717529303, 9.926250457763729], [76.24791717529303, 9.927082061767692], [76.24764251708979, 9.927080154418888], [76.24764251708979, 9.92793178558361], [76.24736022949224, 9.92793178558361], [76.24736022949224, 9.928750038147086], [76.24708557128906, 9.928750038147086], [76.24708557128906, 9.929585456848258], [76.24680328369146, 9.929579734802303], [76.24680328369146, 9.930420875549373], [76.24652862548828, 9.930420875549373], [76.24652862548828, 9.93125057220459], [76.24624633789074, 9.93125057220459], [76.24624633789074, 9.932082176208553], [76.2459716796875, 9.932080268859977], [76.2459716796875, 9.932921409606877], [76.24569702148449, 9.932916641235408], [76.24569702148449, 9.933472633361873], [76.24540710449219, 9.93346977233881], [76.24540710449219, 9.934310913085938], [76.24514007568371, 9.934310913085938], [76.24514007568371, 9.935140609741325], [76.244857788086, 9.935138702392521], [76.244857788086, 9.935973167419377], [76.24458312988276, 9.9359712600708], [76.24458312988276, 9.93680858612072], [76.24430847167974, 9.936804771423397], [76.24430847167974, 9.93708324432373], [76.24402618408203, 9.93708324432373], [76.24402618408203, 9.938195228576717], [76.2437362670899, 9.938191413879508], [76.2437362670899, 9.939311981201286], [76.24346923828125, 9.939311981201286], [76.24346923828125, 9.940141677856502], [76.24319458007824, 9.94013881683361], [76.24319458007824, 9.940694808960075], [76.242919921875, 9.940690994262752], [76.242919921875, 9.941530227661246], [76.24263763427746, 9.941527366638184], [76.24263763427746, 9.942083358764648], [76.24236297607422, 9.942081451416072], [76.24236297607422, 9.94293117523199], [76.24208068847668, 9.942917823791504], [76.24208068847668, 9.943749427795467], [76.2418060302735, 9.943749427795467], [76.2418060302735, 9.9443101882934], [76.24153137207026, 9.9443101882934], [76.24153137207026, 9.945141792297363], [76.24124908447271, 9.945139884948787], [76.24124908447271, 9.945679664611873], [76.24096679687494, 9.945699691772461], [76.24096679687494, 9.946530342102108], [76.24069213867193, 9.946528434753532], [76.24069213867193, 9.947084426879996], [76.24041748046875, 9.947080612182674], [76.24041748046875, 9.947919845581168], [76.24013519287115, 9.947917938232365], [76.24013519287115, 9.948472023010254], [76.23986053466797, 9.948472023010254], [76.23986053466797, 9.949310302734489], [76.23958587646496, 9.94930553436285], [76.23958587646496, 9.949861526489315], [76.23930358886719, 9.949861526489315], [76.23930358886719, 9.950694084167594], [76.23902893066418, 9.950689315795898], [76.23902893066418, 9.951530456543026], [76.23874664306646, 9.951530456543026], [76.23874664306646, 9.952639579773063], [76.2384719848634, 9.952637672424316], [76.2384719848634, 9.953472137451172], [76.23819732666021, 9.953470230102596], [76.23819732666021, 9.954311370849666], [76.23793029785156, 9.954311370849666], [76.23793029785156, 9.95542144775402], [76.23764038085943, 9.955415725708065], [76.23764038085943, 9.95625019073492], [76.23735809326172, 9.95625019073492], [76.23735809326172, 9.957917213440055], [76.23707580566412, 9.957909584045524], [76.23707580566412, 9.960141181945744], [76.23680877685547, 9.960141181945744], [76.23680877685547, 9.962919235229549], [76.23708343505865, 9.962917327880916], [76.23708343505865, 9.964001655578613], [76.23707580566412, 9.964860916137695], [76.23735809326172, 9.964860916137695], [76.23735809326172, 9.965421676635799], [76.23764038085943, 9.96541690826416], [76.23764038085943, 9.96569538116455], [76.23791503906244, 9.96569538116455], [76.23791503906244, 9.965970993042049], [76.23819732666021, 9.965970993042049], [76.23819732666021, 9.96652889251709], [76.2384719848634, 9.96652889251709], [76.2384719848634, 9.966810226440543], [76.23902893066418, 9.966805458068904], [76.23902893066418, 9.967082977294979], [76.23958587646496, 9.967082977294979], [76.23958587646496, 9.96736145019537], [76.24041748046875, 9.96736145019537], [76.24041748046875, 9.967641830444336], [76.24096679687494, 9.967641830444336], [76.24096679687494, 9.967920303344727], [76.24124908447271, 9.967917442321834], [76.24124908447271, 9.968193054199332], [76.242919921875, 9.968191146850586], [76.242919921875, 9.96875190734869], [76.24318695068365, 9.96875190734869], [76.24318695068365, 9.96903038024908], [76.244857788086, 9.96903038024908], [76.244857788086, 9.96930980682373], [76.24569702148449, 9.969305038452262], [76.24569702148449, 9.969582557678166], [76.24764251708979, 9.969582557678166], [76.24764251708979, 9.969861030578556], [76.24846649169922, 9.969849586486873], [76.24846649169922, 9.970140457153434], [76.24903106689453, 9.970140457153434], [76.24903106689453, 9.969849586486873], [76.2498626708985, 9.969861030578556], [76.2498626708985, 9.969582557678166], [76.25125122070324, 9.969582557678166], [76.25125122070324, 9.969861030578556], [76.25263977050781, 9.969861030578556], [76.25263977050781, 9.969582557678166], [76.2531967163086, 9.969582557678166], [76.2531967163086, 9.968473434448299], [76.25347137451178, 9.968473434448299], [76.25347137451178, 9.968193054199332], [76.25375366210938, 9.968193054199332], [76.25375366210938, 9.967082977294979], [76.25430297851574, 9.967082977294979], [76.25430297851574, 9.966526985168514], [76.25459289550787, 9.96652889251709], [76.25459289550787, 9.966251373291016], [76.25514221191406, 9.966251373291016], [76.25514221191406, 9.96569538116455], [76.2554168701173, 9.96569538116455], [76.2554168701173, 9.96541690826416], [76.2559661865235, 9.965421676635799], [76.2559661865235, 9.965141296386832], [76.2562484741211, 9.965141296386832], [76.2562484741211, 9.964860916137695], [76.2565307617188, 9.964860916137695], [76.2565307617188, 9.964583396911564], [76.25680541992188, 9.964583396911564], [76.25680541992188, 9.96430492401123], [76.2573623657226, 9.964311599731445], [76.2573623657226, 9.964042663574219], [76.25791931152355, 9.964042663574219], [76.25791931152355, 9.963750839233512], [76.25818634033203, 9.963750839233512], [76.25818634033203, 9.963471412658635], [76.2584686279298, 9.963473320007438], [76.2584686279298, 9.963194847107047], [76.25875091552734, 9.963194847107047], [76.25875091552734, 9.962917327880916], [76.25903320312511, 9.962919235229549], [76.25903320312511, 9.962638854980582], [76.25930786132812, 9.962638854980582], [76.25930786132812, 9.962361335754451], [76.2598648071289, 9.962361335754451], [76.2598648071289, 9.961528778076229], [76.2595825195313, 9.961530685424805], [76.2595825195313, 9.961251258850098], [76.2598648071289, 9.961251258850098], [76.25985717773438, 9.960141181945744], [76.26013946533209, 9.960141181945744], [76.26013946533209, 9.959310531616268], [76.26040649414074, 9.959310531616268], [76.26040649414074, 9.95903110504156], [76.26069641113287, 9.95903110504156], [76.26069641113287, 9.957909584045524], [76.26097106933605, 9.957917213440055], [76.26097106933605, 9.956804275512809], [76.26125335693365, 9.956810951232853], [76.26125335693365, 9.95597171783453], [76.26152801513683, 9.95597171783453], [76.26152801513683, 9.955415725708065], [76.26181030273438, 9.95542144775402], [76.26181030273438, 9.955141067504883], [76.26152801513683, 9.955141067504883], [76.26152801513683, 9.954239845275936], [76.26152801513683, 9.952360153198242], [76.26125335693365, 9.952360153198242], [76.26125335693365, 9.952083587646598], [76.26097106933605, 9.952083587646598], [76.26097106933605, 9.951806068420524], [76.26125335693365, 9.951810836791992], [76.26125335693365, 9.951530456543026], [76.26097106933605, 9.951530456543026], [76.26097106933605, 9.950139999389705], [76.26125335693365, 9.950139999389705], [76.26125335693365, 9.949579238891545], [76.26152801513683, 9.94958400726324], [76.26152801513683, 9.949028015136719], [76.26181030273438, 9.949029922485352], [76.26181030273438, 9.948190689087028], [76.26208496093761, 9.948193550109863], [76.26208496093761, 9.944583892822322], [76.26180267333984, 9.944583892822322], [76.26180267333984, 9.943470954895076], [76.26208496093761, 9.943470954895076], [76.26208496093761, 9.942360877990723], [76.26235961914062, 9.942360877990723], [76.26235961914062, 9.941248893737793], [76.26264190673834, 9.941248893737793], [76.26264190673834, 9.940417289734], [76.2629165649414, 9.940420150756893], [76.2629165649414, 9.940141677856502], [76.26319122314459, 9.940141677856502], [76.26319122314459, 9.939580917358398], [76.26347351074213, 9.939582824707145], [76.26347351074213, 9.938470840454215], [76.26374816894537, 9.938470840454215], [76.26374816894537, 9.937916755676326], [76.26403045654308, 9.937921524047965], [76.26403045654308, 9.937641143798828], [76.26431274414068, 9.937641143798828], [76.26431274414068, 9.936531066894645], [76.26457977294933, 9.936531066894645], [76.26457977294933, 9.935689926147518], [76.26486206054688, 9.935694694519043], [76.26486206054688, 9.935417175292912], [76.26513671875011, 9.935420989990291], [76.26513671875011, 9.935140609741325], [76.26541900634766, 9.935140609741325], [76.26541900634766, 9.934579849243164], [76.26569366455084, 9.934582710266056], [76.26569366455084, 9.934305191040153], [76.26597595214844, 9.934310913085938], [76.26597595214844, 9.934030532836971], [76.26625061035162, 9.934030532836971], [76.26625061035162, 9.933741569519157], [76.2668075561524, 9.933751106262264], [76.2668075561524, 9.932916641235408], [76.26708221435558, 9.932921409606877], [76.26708221435558, 9.93264102935791], [76.26735687255865, 9.93264102935791], [76.26735687255865, 9.932360649108944], [76.26763916015636, 9.932360649108944], [76.26763916015636, 9.932082176208553], [76.26875305175793, 9.932082176208553], [76.26875305175793, 9.932360649108944], [76.26902770996094, 9.932360649108944], [76.26902770996094, 9.932082176208553], [76.26930236816412, 9.932082176208553], [76.26930236816412, 9.93125057220459], [76.2698593139649, 9.93125057220459], [76.2698593139649, 9.930970191955623], [76.27014160156244, 9.930973052978516], [76.27014160156244, 9.930694580078125], [76.27041625976568, 9.930694580078125], [76.27041625976568, 9.930416107177734], [76.27069091796886, 9.930420875549373], [76.27069091796886, 9.930141448974723], [76.2709732055664, 9.930141448974723], [76.2709732055664, 9.92986011505127], [76.27124786376964, 9.92986011505127], [76.27124786376964, 9.929585456848258], [76.27180480957043, 9.929585456848258], [76.27180480957043, 9.929306983947868], [76.27263641357422, 9.929308891296444], [76.27263641357422, 9.92903137207037], [76.27319335937494, 9.92903137207037], [76.27319335937494, 9.928750038147086], [76.27348327636724, 9.928750038147086], [76.27348327636724, 9.92846965789795], [76.2740249633789, 9.928471565246525], [76.2740249633789, 9.9283704757691], [76.2740249633789, 9.928194046020621], [76.27458190917969, 9.928194046020621], [76.27458190917969, 9.92791557312023], [76.27513885498047, 9.92793178558361], [76.27513885498047, 9.927639961242733], [76.27569580078125, 9.927639961242733], [76.27569580078125, 9.927359580993766], [76.27625274658197, 9.927362442016658], [76.27625274658197, 9.927082061767692], [76.27652740478521, 9.927082061767692], [76.27652740478521, 9.926806449890194], [76.2770767211914, 9.926811218261832], [76.2770767211914, 9.926532745361442], [76.27764129638672, 9.926532745361442], [76.27764129638672, 9.926250457763729], [76.27819061279297, 9.926250457763729], [76.2781982421875, 9.925971984863338], [76.27847290039068, 9.925971984863338], [76.27847290039068, 9.925694465637264], [76.27902984619146, 9.925694465637264], [76.27902984619146, 9.925415992736873], [76.27958679199224, 9.925420761108512], [76.27958679199224, 9.925140380859375], [76.2801361083985, 9.925140380859375], [76.2801361083985, 9.924860000610408], [76.28069305419922, 9.924860000610408], [76.28069305419922, 9.92458438873291], [76.28097534179699, 9.92458438873291], [76.28097534179699, 9.92430591583252], [76.28151702880865, 9.924310684204158], [76.28151702880865, 9.924030303955192], [76.28208160400396, 9.924030303955192], [76.28208160400396, 9.923749923706055], [76.28263854980474, 9.923749923706055], [76.28263854980474, 9.923469543457031], [76.28347015380871, 9.923472404479924], [76.28347015380871, 9.923193931579533], [76.2843017578125, 9.923193931579533], [76.2843017578125, 9.922916412353459], [76.2854232788086, 9.922920227050838], [76.2854232788086, 9.922639846801871], [76.28624725341803, 9.922639846801871], [76.28624725341803, 9.922360420227164], [76.28708648681652, 9.92236232757574], [76.28708648681652, 9.922083854675407], [76.2881927490235, 9.922083854675407], [76.2881927490235, 9.921806335449276], [76.28930664062506, 9.921806335449276], [76.28930664062506, 9.921527862548885], [76.29264068603527, 9.921529769897518], [76.29264068603527, 9.92125034332281], [76.29291534423834, 9.92125034332281], [76.29291534423834, 9.92097187042242], [76.29319763183605, 9.92097187042242], [76.29319763183605, 9.920694351196346], [76.29347229003906, 9.920694351196346], [76.29347229003906, 9.920417785644531], [76.2937469482423, 9.920419692993164], [76.2937469482423, 9.920140266418457], [76.2942962646485, 9.920140266418457], [76.2942962646485, 9.919861793518066], [76.29458618164062, 9.919861793518066], [76.29458618164062, 9.91930961608898], [76.29485321044928, 9.91930961608898], [76.29485321044928, 9.918472290039062], [76.29513549804682, 9.918472290039062], [76.29513549804682, 9.917915344238281], [76.29541778564459, 9.91792011260992], [76.29541778564459, 9.916810035705566], [76.29569244384777, 9.916810035705566], [76.29569244384777, 9.915419578552246], [76.29596710205084, 9.915419578552246], [76.29596710205084, 9.913471221923885], [76.29624938964855, 9.913471221923885], [76.29624938964855, 9.909099578857479], [76.29624938964855, 9.899581909179688], [76.29652404785156, 9.899581909179688], [76.29652404785156, 9.897359848022575], [76.29680633544933, 9.897359848022575], [76.29680633544933, 9.8956937789917], [76.29708099365234, 9.8956937789917], [76.29708099365234, 9.89402770996088], [76.29680633544933, 9.894029617309684], [76.29680633544933, 9.89319133758545], [76.29666900634766, 9.89319133758545], [76.29652404785156, 9.893194198608512], [76.29652404785156, 9.892915725708121], [76.29569244384777, 9.892915725708121], [76.29569244384777, 9.893471717834416], [76.29541778564459, 9.893468856811523], [76.29541778564459, 9.894029617309684], [76.2951431274414, 9.894029617309684], [76.2951431274414, 9.89430999755865], [76.2948608398438, 9.894306182861271], [76.2948608398438, 9.894583702087346], [76.29458618164062, 9.894570350647086], [76.29458618164062, 9.895139694213867], [76.2942962646485, 9.895139694213867], [76.2942962646485, 9.895420074463004], [76.29402923583984, 9.895416259765625], [76.29402923583984, 9.8956937789917], [76.2937469482423, 9.8956937789917], [76.2937469482423, 9.89597225189209], [76.29347229003906, 9.895970344543514], [76.29347229003906, 9.896251678466797], [76.29264068603527, 9.896251678466797], [76.29264068603527, 9.896530151367188], [76.29235839843756, 9.896530151367188], [76.29235839843756, 9.896810531616325], [76.29208374023432, 9.896805763244686], [76.29208374023432, 9.897084236145076], [76.2915267944336, 9.897084236145076], [76.2915267944336, 9.897359848022575], [76.29125213623053, 9.897359848022575], [76.29125213623053, 9.897640228271541], [76.29096984863281, 9.897630691528377], [76.29096984863281, 9.897920608520508], [76.2906951904298, 9.89791584014904], [76.2906951904298, 9.89819431304943], [76.29041290283203, 9.89819431304943], [76.29041290283203, 9.898750305175895], [76.29013824462902, 9.898750305175895], [76.29013824462902, 9.899581909179688], [76.29041290283203, 9.899581909179688], [76.29041290283203, 9.901810646057186], [76.29013824462902, 9.901805877685547], [76.29013824462902, 9.902085304260254], [76.28985595703125, 9.90207958221447], [76.28985595703125, 9.902641296386719], [76.28958129882824, 9.902641296386719], [76.28958129882824, 9.903761863708496], [76.28930664062506, 9.903761863708496], [76.28930664062506, 9.90625095367426], [76.29013824462902, 9.90625095367426], [76.29013824462902, 9.905421257019043], [76.29041290283203, 9.905421257019043], [76.29041290283203, 9.90347003936779], [76.2906951904298, 9.903472900390682], [76.2906951904298, 9.902085304260254], [76.29096984863281, 9.902085304260254], [76.29096984863281, 9.901805877685547], [76.29347229003906, 9.901810646057186], [76.29347229003906, 9.902641296386719], [76.29319763183605, 9.902638435363826], [76.29319763183605, 9.903820991516227], [76.29319763183605, 9.904030799865723], [76.29291534423834, 9.904028892517147], [76.29291534423834, 9.904890060424805], [76.29291534423834, 9.905694961547965], [76.29264068603527, 9.905694961547965], [76.29264068603527, 9.905928611755428], [76.29264068603527, 9.907082557678223], [76.29235839843756, 9.90707969665533], [76.29235839843756, 9.907920837402457], [76.29208374023432, 9.907917022705078], [76.29208374023432, 9.908069610595703], [76.29208374023432, 9.908473014831543], [76.29096984863281, 9.908473014831543], [76.29096984863281, 9.90819454193121], [76.2906951904298, 9.90819454193121], [76.2906951904298, 9.907917022705078], [76.29041290283203, 9.907920837402457], [76.29041290283203, 9.907361030578613], [76.29013824462902, 9.907361030578613], [76.29013824462902, 9.907082557678223], [76.28874969482428, 9.90707969665533], [76.28874969482428, 9.90764141082758], [76.2884750366211, 9.907638549804688], [76.2884750366211, 9.90819454193121], [76.2881927490235, 9.908189773559513], [76.2881927490235, 9.908750534057674], [76.28791809082031, 9.908750534057674], [76.28791809082031, 9.909309387207031], [76.28652954101574, 9.909309387207031], [76.28652954101574, 9.90903091430664], [76.28624725341803, 9.90903091430664], [76.28624725341803, 9.908750534057674], [76.28598022460932, 9.908750534057674], [76.28598022460932, 9.90764141082758], [76.28569793701178, 9.90764141082758], [76.28569793701178, 9.905969619750977], [76.28597259521479, 9.905973434448356], [76.28597259521479, 9.904303550720158], [76.28624725341803, 9.90431118011469], [76.28624725341803, 9.902641296386719], [76.28652954101574, 9.902641296386719], [76.28652954101574, 9.90207958221447], [76.28624725341803, 9.902085304260254], [76.28624725341803, 9.902359962463436], [76.28369903564453, 9.902359962463436], [76.28291320800793, 9.902359962463436], [76.28291320800793, 9.902641296386719], [76.28180694580078, 9.902641296386719], [76.28180694580078, 9.90207958221447], [76.28152465820318, 9.902085304260254], [76.28152465820318, 9.901528358459473], [76.27984619140636, 9.901531219482536], [76.27984619140636, 9.901252746582145], [76.27874755859375, 9.901252746582145], [76.27874755859375, 9.900970458984432], [76.27764129638672, 9.900972366333008], [76.27764129638672, 9.900693893432617], [76.27652740478521, 9.900700569152832], [76.27652740478521, 9.900421142578182], [76.27540588378912, 9.900421142578182], [76.27540588378912, 9.900142669677791], [76.27458190917969, 9.900142669677791], [76.27458190917969, 9.899860382080078], [76.27263641357422, 9.899860382080078], [76.27263641357422, 9.900421142578182], [76.27236175537115, 9.900421142578182], [76.27236175537115, 9.901252746582145], [76.27208709716797, 9.901249885559082], [76.27208709716797, 9.902085304260254], [76.27179718017584, 9.90207958221447], [76.27179718017584, 9.902920722961369], [76.27153015136719, 9.902920722961369], [76.27153015136719, 9.903761863708496], [76.27124786376964, 9.903761863708496], [76.27124786376964, 9.90431118011469], [76.2709732055664, 9.904303550720158], [76.2709732055664, 9.904861450195426], [76.27069091796886, 9.904861450195426], [76.27069091796886, 9.905421257019043], [76.27041625976568, 9.905417442321891], [76.27041625976568, 9.905973434448356], [76.27014160156244, 9.905969619750977], [76.27014160156244, 9.906531333923397], [76.2698593139649, 9.906526565551758], [76.2698593139649, 9.907082557678223], [76.26957702636713, 9.90707969665533], [76.26957702636713, 9.90764141082758], [76.26930236816412, 9.90764141082758], [76.26930236816412, 9.907920837402457], [76.26902770996094, 9.907917022705078], [76.26902770996094, 9.90819454193121], [76.26875305175793, 9.908189773559513], [76.26875305175793, 9.908750534057674], [76.26847076416016, 9.908750534057674], [76.26847076416016, 9.90903091430664], [76.26819610595714, 9.90903091430664], [76.26819610595714, 9.909309387207031], [76.26791381835938, 9.909304618835563], [76.26791381835938, 9.909583091735897], [76.26763916015636, 9.909570693969727], [76.26763916015636, 9.910140991210994], [76.26735687255865, 9.910140991210994], [76.26735687255865, 9.911811828613281], [76.26708221435558, 9.911805152893066], [76.26708221435558, 9.91208267211914], [76.26652526855463, 9.91208267211914], [76.26652526855463, 9.912361145019531], [76.26597595214844, 9.912361145019531], [76.26597595214844, 9.91208267211914], [76.26569366455084, 9.91208267211914], [76.26569366455084, 9.911251068115348], [76.26597595214844, 9.911251068115348], [76.26597595214844, 9.910419464111385], [76.26625061035162, 9.910419464111385], [76.26625061035162, 9.909570693969727], [76.26652526855463, 9.909583091735897], [76.26652526855463, 9.909029006958065], [76.2668075561524, 9.90903091430664], [76.2668075561524, 9.908471107482967], [76.26708221435558, 9.908473014831543], [76.26708221435558, 9.907917022705078], [76.26735687255865, 9.907920837402457], [76.26735687255865, 9.907361030578613], [76.26763916015636, 9.907361030578613], [76.26763916015636, 9.906806945800724], [76.26791381835938, 9.906806945800724], [76.26791381835938, 9.90625095367426], [76.26819610595714, 9.90625095367426], [76.26819610595714, 9.905690193176326], [76.26847076416016, 9.905694961547965], [76.26847076416016, 9.9051389694215], [76.26875305175793, 9.905140876770076], [76.26875305175793, 9.904030799865723], [76.26902770996094, 9.904030799865723], [76.26902770996094, 9.903761863708496], [76.27014160156244, 9.903761863708496], [76.27014160156244, 9.901252746582145], [76.2698593139649, 9.901252746582145], [76.2698593139649, 9.900970458984432], [76.26958465576172, 9.900972366333008], [76.26958465576172, 9.900693893432617], [76.26930236816412, 9.900700569152832], [76.26930236816412, 9.900142669677791], [76.26902770996094, 9.900142669677791], [76.26902770996094, 9.899860382080078], [76.26875305175793, 9.899862289428825], [76.26875305175793, 9.899583816528434], [76.26791381835938, 9.899581909179688], [76.26791381835938, 9.89930629730236], [76.26763916015636, 9.899311065673828], [76.26763916015636, 9.899029731750545], [76.26735687255865, 9.899029731750545], [76.26735687255865, 9.898750305175895], [76.26708221435558, 9.898750305175895], [76.26708221435558, 9.897084236145076], [76.2668075561524, 9.897084236145076], [76.2668075561524, 9.896805763244686], [76.26653289794922, 9.896810531616325], [76.26653289794922, 9.896530151367188], [76.26597595214844, 9.896530151367188], [76.26597595214844, 9.896810531616325], [76.26541900634766, 9.896805763244686], [76.26541900634766, 9.897084236145076], [76.26513671875011, 9.897084236145076], [76.26513671875011, 9.897640228271541], [76.2648696899414, 9.897630691528377], [76.2648696899414, 9.899029731750545], [76.26403045654308, 9.89902782440197], [76.26403045654308, 9.899581909179688], [76.26374816894537, 9.899581909179688], [76.26374816894537, 9.900142669677791], [76.2634658813476, 9.900142669677791], [76.2634658813476, 9.900700569152832], [76.26374816894537, 9.900693893432617], [76.26374816894537, 9.902085304260254], [76.26347351074213, 9.902085304260254], [76.26347351074213, 9.903194427490291], [76.26319122314459, 9.903189659118652], [76.26319122314459, 9.904030799865723], [76.2629165649414, 9.904030799865723], [76.2629165649414, 9.905140876770076], [76.26264190673834, 9.905140876770076], [76.26264190673834, 9.90625095367426], [76.26235961914062, 9.90625095367426], [76.26235961914062, 9.907082557678223], [76.26210021972668, 9.90707969665533], [76.26210021972668, 9.907920837402457], [76.26180267333984, 9.907917022705078], [76.26180267333984, 9.908473014831543], [76.26152801513683, 9.908471107482967], [76.26152801513683, 9.909309387207031], [76.26125335693365, 9.909309387207031], [76.26125335693365, 9.910140991210994], [76.26097106933605, 9.910139083862418], [76.26097106933605, 9.910695075988883], [76.26069641113287, 9.910691261291504], [76.26069641113287, 9.911251068115348], [76.26040649414074, 9.911251068115348], [76.26040649414074, 9.911811828613281], [76.26013946533209, 9.911805152893066], [76.26013946533209, 9.912361145019531], [76.25985717773438, 9.912361145019531], [76.25985717773438, 9.912640571594181], [76.25930786132812, 9.912640571594181], [76.25930786132812, 9.91431045532238], [76.25902557373058, 9.914304733276424], [76.25902557373058, 9.914860725402889], [76.25875091552734, 9.914860725402889], [76.25875091552734, 9.91513919830328], [76.2584686279298, 9.91513919830328], [76.2584686279298, 9.915419578552246], [76.25818634033203, 9.915419578552246], [76.25818634033203, 9.915699958801213], [76.2573623657226, 9.915699958801213], [76.2573623657226, 9.912921905517635], [76.25763702392584, 9.912921905517635], [76.25763702392584, 9.912361145019531], [76.25791931152355, 9.912361145019531], [76.25791931152355, 9.91208267211914], [76.25819396972656, 9.91208267211914], [76.25819396972656, 9.911526679992676], [76.25791931152355, 9.911532402038631], [76.25791931152355, 9.910970687866211], [76.25763702392584, 9.910972595214957], [76.25763702392584, 9.910416603088493], [76.2573623657226, 9.910419464111385], [76.2573623657226, 9.909860610962028], [76.25708007812506, 9.909860610962028], [76.25708007812506, 9.909304618835563], [76.2573623657226, 9.909309387207031], [76.2573623657226, 9.90903091430664], [76.25791931152355, 9.90903091430664], [76.25791931152355, 9.908750534057674], [76.2584686279298, 9.908750534057674], [76.2584686279298, 9.908189773559513], [76.25875091552734, 9.90819454193121], [76.25875091552734, 9.907638549804688], [76.25903320312511, 9.90764141082758], [76.25903320312511, 9.905690193176326], [76.2573623657226, 9.905694961547965], [76.2573623657226, 9.905417442321891], [76.25763702392584, 9.905421257019043], [76.25763702392584, 9.904861450195426], [76.25791931152355, 9.904861450195426], [76.25791931152355, 9.904303550720158], [76.25818634033203, 9.90431118011469], [76.25818634033203, 9.900970458984432], [76.2584686279298, 9.900972366333008], [76.2584686279298, 9.89930629730236], [76.25875091552734, 9.899311065673828], [76.25875091552734, 9.898469924926701], [76.25902557373058, 9.898471832275504], [76.25902557373058, 9.897640228271541], [76.25930786132812, 9.897640228271541], [76.25930786132812, 9.896805763244686], [76.2595825195313, 9.896810531616325], [76.2595825195313, 9.895970344543514], [76.2598648071289, 9.89597225189209], [76.2598648071289, 9.895416259765625], [76.26013946533209, 9.895420074463004], [76.26013946533209, 9.89486026763916], [76.2604141235351, 9.894862174987736], [76.2604141235351, 9.89402770996088], [76.26069641113287, 9.894029617309684], [76.26069641113287, 9.893468856811523], [76.26097106933605, 9.893471717834416], [76.26097106933605, 9.892915725708121], [76.26125335693365, 9.89291954040533], [76.26125335693365, 9.891531944274846], [76.26097106933605, 9.891531944274846], [76.26097106933605, 9.891249656677303], [76.26125335693365, 9.891249656677303], [76.26125335693365, 9.8906888961792], [76.26152801513683, 9.890695571899414], [76.26152801513683, 9.89013957977295], [76.26181030273438, 9.89013957977295], [76.26181030273438, 9.889030456543082], [76.26210021972668, 9.889030456543082], [76.26210021972668, 9.888191223144588], [76.26235961914062, 9.888193130493164], [76.26235961914062, 9.88708305358898], [76.26264190673834, 9.88708305358898], [76.26264190673834, 9.885416984558162], [76.2629165649414, 9.885418891906738], [76.2629165649414, 9.884029388427734], [76.26319122314459, 9.884029388427734], [76.26319122314459, 9.883190155029354], [76.26347351074213, 9.883194923400879], [76.26347351074213, 9.882917404174748], [76.26374816894537, 9.882919311523551], [76.26374816894537, 9.882361412048283], [76.26403045654308, 9.882361412048283], [76.26403045654308, 9.882082939147892], [76.26430511474615, 9.882082939147892], [76.26430511474615, 9.881805419921989], [76.26457977294933, 9.881809234619197], [76.26457977294933, 9.8812513351441], [76.26486206054688, 9.8812513351441], [76.26486206054688, 9.88097286224371], [76.26513671875011, 9.88097286224371], [76.26513671875011, 9.879583358764705], [76.26541900634766, 9.879591941833553], [76.26541900634766, 9.87847042083746], [76.26569366455084, 9.878473281860352], [76.26569366455084, 9.877360343933105], [76.26597595214844, 9.877360343933105], [76.26597595214844, 9.876251220703239], [76.26625061035162, 9.876251220703239], [76.26625061035162, 9.875138282775993], [76.26653289794922, 9.875141143798885], [76.26653289794922, 9.873749732971248], [76.2668075561524, 9.873749732971248], [76.2668075561524, 9.872639656066895], [76.26708221435558, 9.872639656066895], [76.26708221435558, 9.871810913085994], [76.26763916015636, 9.871810913085994], [76.26763916015636, 9.871529579162711], [76.26819610595714, 9.871529579162711], [76.26819610595714, 9.8709716796875], [76.26847076416016, 9.8709716796875], [76.26847076416016, 9.870140075683707], [76.26875305175793, 9.870140075683707], [76.26875305175793, 9.869029998779354], [76.26902770996094, 9.869029998779354], [76.26902770996094, 9.867919921875], [76.26930236816412, 9.867919921875], [76.26930236816412, 9.866809844970817], [76.26957702636713, 9.866809844970817], [76.26957702636713, 9.866251945495549], [76.27069091796886, 9.866251945495549], [76.27069091796886, 9.86653041839594], [76.27124786376964, 9.86653041839594], [76.27124786376964, 9.866809844970817], [76.27208709716797, 9.866806030273438], [76.27208709716797, 9.867083549499512], [76.27263641357422, 9.867083549499512], [76.27263641357422, 9.867362022399902], [76.27348327636724, 9.867362022399902], [76.27348327636724, 9.867650985717717], [76.27404022216803, 9.867650985717717], [76.27404022216803, 9.867919921875], [76.27485656738293, 9.867919921875], [76.27485656738293, 9.86931133270258], [76.27458190917969, 9.86931133270258], [76.27458190917969, 9.870420455932674], [76.27430725097668, 9.870420455932674], [76.27430725097668, 9.871529579162711], [76.27404022216803, 9.871529579162711], [76.27404022216803, 9.872639656066895], [76.2737503051759, 9.872639656066895], [76.2737503051759, 9.873749732971248], [76.27404022216803, 9.873749732971248], [76.27404022216803, 9.874311447143668], [76.27485656738293, 9.874311447143668], [76.27485656738293, 9.874031066894531], [76.27513885498047, 9.874031066894531], [76.27513885498047, 9.873749732971248], [76.27569580078125, 9.873749732971248], [76.27569580078125, 9.873458862304688], [76.27597045898443, 9.873472213745174], [76.27597045898443, 9.872637748718319], [76.27625274658197, 9.872639656066895], [76.27625274658197, 9.872079849243221], [76.27597045898443, 9.87208366394043], [76.27597045898443, 9.871527671813965], [76.27625274658197, 9.871529579162711], [76.27625274658197, 9.8706893920899], [76.27652740478521, 9.870694160461369], [76.27652740478521, 9.870140075683707], [76.27680969238293, 9.870140075683707], [76.27680969238293, 9.869579315185547], [76.277084350586, 9.869584083557243], [76.277084350586, 9.869305610656852], [76.2781982421875, 9.869305610656852], [76.2781982421875, 9.869584083557243], [76.27874755859375, 9.869584083557243], [76.27874755859375, 9.869859695434513], [76.27929687499994, 9.869859695434513], [76.27929687499994, 9.870140075683707], [76.27958679199224, 9.870140075683707], [76.27958679199224, 9.870694160461369], [76.27986145019543, 9.870694160461369], [76.27986145019543, 9.8709716796875], [76.2801361083985, 9.8709716796875], [76.2801361083985, 9.87125015258789], [76.28041839599621, 9.87125015258789], [76.28041839599621, 9.871529579162711], [76.28069305419922, 9.871529579162711], [76.28069305419922, 9.871810913085994], [76.28098297119152, 9.871810913085994], [76.28098297119152, 9.873749732971248], [76.28125, 9.873749732971248], [76.28125, 9.874031066894531], [76.28151702880865, 9.874031066894531], [76.28152465820318, 9.875971794128361], [76.28125, 9.875971794128361], [76.28125, 9.877084732055778], [76.28098297119152, 9.877079963684139], [76.28098297119152, 9.877640724182072], [76.28069305419922, 9.877638816833496], [76.28069305419922, 9.878194808959961], [76.28041839599621, 9.878194808959961], [76.28041839599621, 9.878750801086426], [76.2801361083985, 9.878750801086426], [76.2801361083985, 9.87931060791027], [76.27984619140636, 9.87931060791027], [76.27984619140636, 9.881809234619197], [76.27958679199224, 9.881805419921989], [76.27958679199224, 9.883190155029354], [76.27929687499994, 9.883199691772518], [76.27929687499994, 9.883750915527344], [76.27902984619146, 9.883749008178711], [76.27902984619146, 9.884583473205566], [76.27874755859375, 9.88458061218273], [76.27874755859375, 9.885141372680664], [76.27847290039068, 9.885139465332088], [76.27847290039068, 9.887360572815055], [76.2781982421875, 9.887360572815055], [76.2781982421875, 9.887641906738338], [76.27791595458996, 9.887641906738338], [76.27791595458996, 9.887920379638729], [76.27764129638672, 9.88791656494135], [76.27764129638672, 9.888193130493164], [76.27735900878918, 9.888191223144588], [76.27735900878918, 9.88876056671154], [76.2770767211914, 9.88876056671154], [76.2770767211914, 9.889311790466365], [76.27680969238293, 9.889311790466365], [76.27680969238293, 9.89013957977295], [76.27652740478521, 9.89013957977295], [76.27652740478521, 9.891249656677303], [76.27625274658197, 9.891249656677303], [76.27625274658197, 9.892084121704158], [76.27597045898443, 9.892084121704158], [76.27597045898443, 9.893194198608512], [76.27569580078125, 9.89319133758545], [76.27569580078125, 9.894029617309684], [76.27597045898443, 9.894029617309684], [76.27597045898443, 9.89430999755865], [76.27625274658197, 9.894306182861271], [76.27625274658197, 9.894583702087346], [76.27735900878918, 9.894583702087346], [76.27735900878918, 9.894306182861271], [76.27791595458996, 9.89430999755865], [76.27791595458996, 9.894029617309684], [76.27847290039068, 9.894029617309684], [76.27847290039068, 9.893750190734977], [76.27874755859375, 9.893750190734977], [76.27874755859375, 9.893194198608512], [76.27902984619146, 9.893194198608512], [76.27902984619146, 9.88791656494135], [76.27958679199224, 9.88791656494135], [76.27958679199224, 9.888193130493164], [76.27986145019543, 9.888193130493164], [76.27986145019543, 9.888474464416618], [76.2801361083985, 9.888470649719238], [76.2801361083985, 9.889030456543082], [76.28041839599621, 9.889030456543082], [76.28041839599621, 9.889311790466365], [76.28069305419922, 9.889305114746094], [76.28069305419922, 9.889582633972168], [76.28098297119152, 9.889580726623592], [76.28098297119152, 9.89013957977295], [76.28125, 9.89013957977295], [76.28125, 9.890419960021916], [76.28151702880865, 9.890419960021916], [76.28151702880865, 9.891821861267147], [76.28180694580078, 9.891805648803768], [76.28180694580078, 9.897640228271541], [76.28208160400396, 9.897640228271541], [76.28208160400396, 9.898750305175895], [76.28263854980474, 9.898750305175895], [76.28263854980474, 9.899029731750545], [76.28320312500006, 9.899029731750545], [76.28320312500006, 9.899311065673828], [76.28375244140625, 9.89930629730236], [76.28375244140625, 9.899581909179688], [76.2843017578125, 9.899581909179688], [76.28430938720703, 9.899862289428825], [76.28485870361328, 9.899860382080078], [76.28485870361328, 9.900421142578182], [76.28569793701178, 9.900421142578182], [76.28569793701178, 9.900700569152832], [76.28624725341803, 9.900700569152832], [76.28624725341803, 9.900421142578182], [76.28652954101574, 9.900421142578182], [76.28652954101574, 9.899860382080078], [76.28680419921875, 9.899862289428825], [76.28680419921875, 9.89930629730236], [76.28708648681652, 9.899311065673828], [76.28708648681652, 9.899029731750545], [76.28736114501953, 9.899029731750545], [76.28736114501953, 9.898469924926701], [76.28763580322277, 9.898471832275504], [76.28763580322277, 9.89819431304943], [76.28736114501953, 9.89819431304943], [76.28736114501953, 9.89791584014904], [76.28708648681652, 9.897920608520508], [76.28708648681652, 9.897630691528377], [76.28680419921875, 9.897640228271541], [76.28680419921875, 9.897359848022575], [76.28652954101574, 9.897359848022575], [76.28652954101574, 9.897084236145076], [76.28624725341803, 9.897084236145076], [76.28624725341803, 9.896805763244686], [76.28598022460932, 9.896810531616325], [76.28598022460932, 9.896251678466797], [76.28624725341803, 9.896251678466797], [76.28624725341803, 9.895420074463004], [76.28652954101574, 9.895420074463004], [76.28652954101574, 9.89430999755865], [76.28679656982422, 9.89430999755865], [76.28679656982422, 9.89319133758545], [76.28708648681652, 9.893194198608512], [76.28708648681652, 9.892084121704158], [76.28736114501953, 9.892084121704158], [76.28736114501953, 9.891249656677303], [76.28848266601562, 9.891249656677303], [76.28848266601562, 9.890419960021916], [76.28874969482428, 9.890419960021916], [76.28874969482428, 9.889580726623592], [76.28902435302729, 9.889582633972168], [76.28902435302729, 9.888474464416618], [76.28930664062506, 9.888474464416618], [76.28930664062506, 9.887360572815055], [76.28958129882824, 9.887360572815055], [76.28958129882824, 9.886248588562125], [76.28985595703125, 9.886251449585018], [76.28985595703125, 9.884860992431697], [76.29013824462902, 9.884860992431697], [76.29013824462902, 9.883749008178711], [76.29041290283203, 9.883750915527344], [76.29041290283203, 9.883470535278377], [76.29013824462902, 9.883473396301213], [76.29013824462902, 9.882917404174748], [76.29041290283203, 9.882919311523551], [76.29041290283203, 9.881809234619197], [76.29070281982433, 9.881809234619197], [76.29070281982433, 9.880420684814453], [76.29096984863281, 9.880420684814453], [76.29096984863281, 9.87931060791027], [76.29125213623053, 9.87931060791027], [76.29125213623053, 9.878750801086426], [76.2915267944336, 9.878750801086426], [76.2915267944336, 9.878130912780762], [76.2915267944336, 9.87680435180664], [76.2918090820313, 9.876819610595703], [76.2918090820313, 9.874862670898494], [76.29207611083979, 9.874862670898494], [76.29207611083979, 9.873191833496207], [76.29235839843756, 9.873193740844783], [76.29235839843756, 9.87208366394043], [76.29264068603527, 9.87208366394043], [76.29264068603527, 9.871527671813965], [76.29292297363287, 9.871529579162711], [76.29292297363287, 9.8706893920899], [76.29319763183605, 9.870694160461369], [76.29319763183605, 9.870140075683707], [76.29347229003906, 9.870140075683707], [76.29347229003906, 9.869579315185547], [76.2937469482423, 9.869584083557243], [76.2937469482423, 9.868749618530387], [76.29402923583984, 9.868749618530387], [76.29402923583984, 9.868188858032227], [76.29430389404303, 9.868193626403865], [76.29430389404303, 9.867362022399902], [76.29458618164062, 9.867362022399902], [76.29458618164062, 9.866527557373047], [76.29485321044928, 9.86653041839594], [76.29485321044928, 9.862919807434082], [76.29458618164062, 9.862919807434082], [76.29458618164062, 9.861251831054688], [76.2942962646485, 9.861251831054688], [76.2942962646485, 9.859861373901367], [76.29458618164062, 9.859861373901367], [76.29458618164062, 9.858751296997184], [76.2948608398438, 9.858751296997184], [76.29485321044928, 9.857921600341797], [76.2951431274414, 9.857921600341797], [76.2951431274414, 9.857360839843864], [76.29541778564459, 9.857360839843864], [76.29541778564459, 9.857081413269157], [76.29569244384777, 9.857083320617733], [76.29569244384777, 9.856527328491268], [76.29596710205084, 9.8565292358399], [76.29596710205084, 9.856248855590877], [76.29624938964855, 9.856248855590877], [76.29624938964855, 9.855694770813045], [76.29652404785156, 9.855694770813045], [76.29652404785156, 9.855138778686523], [76.29680633544933, 9.855140686035156], [76.29680633544933, 9.854579925537166], [76.29708099365234, 9.854582786560059], [76.29708099365234, 9.85291671752924], [76.29680633544933, 9.85292053222662], [76.29680633544933, 9.852360725402946], [76.29651641845703, 9.852360725402946], [76.29651641845703, 9.851811408996525], [76.29624938964855, 9.851811408996525], [76.29624938964855, 9.851250648498592], [76.2951431274414, 9.851250648498592], [76.2951431274414, 9.850970268249625], [76.29235839843756, 9.850970268249625], [76.29235839843756, 9.851250648498592], [76.29207611083979, 9.851250648498592], [76.29207611083979, 9.851811408996525], [76.2918090820313, 9.851806640625057], [76.2918090820313, 9.852083206176871], [76.28958129882824, 9.852083206176871], [76.28958129882824, 9.851806640625057], [76.28901672363293, 9.851811408996525], [76.28901672363293, 9.851531028747559], [76.28848266601562, 9.851531028747559], [76.28848266601562, 9.851250648498592], [76.2881927490235, 9.851250648498592], [76.2881927490235, 9.850970268249625], [76.28763580322277, 9.850973129272518], [76.28763580322277, 9.850694656372127], [76.28572082519537, 9.850694656372127], [76.28485870361328, 9.850694656372127], [76.28485870361328, 9.850417137146053], [76.28347015380871, 9.850420951843205], [76.28347015380871, 9.849860191345272], [76.28375244140625, 9.849860191345272], [76.28375244140625, 9.848750114440918], [76.28402709960949, 9.848750114440918], [76.28402709960949, 9.847921371460018], [76.2843017578125, 9.847921371460018], [76.2843017578125, 9.84708023071289], [76.28458404541027, 9.847082138061523], [76.28458404541027, 9.846249580383414], [76.28485870361328, 9.846249580383414], [76.28485870361328, 9.845691680908203], [76.285140991211, 9.84569358825695], [76.285140991211, 9.84486007690441], [76.28541564941406, 9.84486007690441], [76.28541564941406, 9.844609260559082], [76.2838592529298, 9.843058586120662], [76.27906036376964, 9.842990875244254], [76.27519226074224, 9.841819763183594], [76.27323150634766, 9.831110000610465], [76.27086639404308, 9.823472976684684], [76.27069091796886, 9.823470115661621], [76.27069091796886, 9.824311256408691], [76.27041625976568, 9.824311256408691], [76.27041625976568, 9.826531410217228], [76.27014160156244, 9.82652664184576], [76.27014160156244, 9.827082633972225], [76.2698593139649, 9.827082633972225], [76.2698593139649, 9.832361221313533], [76.26957702636713, 9.832361221313533], [76.26957702636713, 9.833750724792537], [76.26930236816412, 9.833750724792537], [76.26930236816412, 9.834030151367244], [76.26902770996094, 9.834027290344352], [76.26902770996094, 9.834583282470817], [76.26875305175793, 9.834583282470817], [76.26875305175793, 9.836249351501465], [76.26847076416016, 9.836249351501465], [76.26847076416016, 9.836810111999569], [76.26875305175793, 9.836806297302246], [76.26875305175793, 9.83819580078125], [76.26847076416016, 9.838191032409782], [76.26847076416016, 9.838751792907715], [76.26819610595714, 9.838751792907715], [76.26819610595714, 9.84014034271246], [76.26791381835938, 9.84014034271246], [76.26791381835938, 9.840971946716252], [76.26763916015636, 9.840971946716252], [76.26763916015636, 9.84152984619152], [76.26735687255865, 9.84152984619152], [76.26735687255865, 9.841810226440487], [76.26763916015636, 9.841806411743107], [76.26763916015636, 9.842083930969181], [76.26790618896484, 9.842082023620605], [76.26790618896484, 9.842639923095703], [76.26763916015636, 9.842639923095703], [76.26763916015636, 9.843481063842773], [76.26735687255865, 9.843481063842773], [76.26735687255865, 9.84431076049816], [76.26708221435558, 9.84431076049816], [76.26708221435558, 9.84542274475109], [76.2668075561524, 9.84542274475109], [76.2668075561524, 9.846249580383414], [76.26652526855463, 9.846249580383414], [76.26652526855463, 9.846528053283805], [76.26625061035162, 9.846528053283805], [76.26625061035162, 9.848471641540527], [76.26597595214844, 9.848469734191951], [76.26597595214844, 9.849310874939022], [76.2656860351563, 9.849310874939022], [76.2656860351563, 9.850140571594238], [76.26597595214844, 9.850140571594238], [76.26597595214844, 9.851811408996525], [76.2656860351563, 9.851811408996525], [76.26569366455084, 9.852360725402946], [76.26541900634766, 9.852360725402946], [76.26541900634766, 9.85292053222662], [76.26513671875011, 9.85291671752924], [76.26513671875011, 9.853472709655705], [76.2648696899414, 9.853470802307129], [76.2648696899414, 9.855421066284293], [76.26513671875011, 9.855417251586914], [76.26513671875011, 9.856248855590877], [76.26486206054688, 9.856248855590877], [76.26486206054688, 9.857083320617733], [76.26457977294933, 9.857081413269157], [76.26457977294933, 9.857360839843864], [76.26430511474615, 9.857360839843864], [76.26430511474615, 9.858470916748047], [76.26403045654308, 9.858460426330623], [76.26403045654308, 9.859310150146541], [76.26374816894537, 9.859310150146541], [76.26374816894537, 9.861809730529728], [76.26347351074213, 9.86180496215826], [76.26347351074213, 9.86208343505865], [76.26319122314459, 9.862080574035758], [76.26319122314459, 9.865141868591365], [76.2629165649414, 9.865141868591365], [76.2629165649414, 9.866251945495549], [76.26264190673834, 9.866251945495549], [76.26264190673834, 9.86653041839594], [76.26235961914062, 9.86653041839594], [76.26235961914062, 9.867919921875], [76.26264190673834, 9.867918014526367], [76.26264190673834, 9.868193626403865], [76.2629165649414, 9.868193626403865], [76.2629165649414, 9.868472099304256], [76.26319122314459, 9.868472099304256], [76.26319122314459, 9.869859695434513], [76.2629165649414, 9.869859695434513], [76.2629165649414, 9.870140075683707], [76.26235961914062, 9.870140075683707], [76.26235961914062, 9.870420455932674], [76.26180267333984, 9.870415687561035], [76.26180267333984, 9.8709716796875], [76.26152801513683, 9.8709716796875], [76.26152801513683, 9.871810913085994], [76.26125335693365, 9.871806144714355], [76.26125335693365, 9.873193740844783], [76.26097106933605, 9.873191833496207], [76.26097106933605, 9.874862670898494], [76.26069641113287, 9.874859809875602], [76.26069641113287, 9.878194808959961], [76.26040649414074, 9.878190040588493], [76.26040649414074, 9.879591941833553], [76.26013946533209, 9.879583358764705], [76.26013946533209, 9.88097286224371], [76.26040649414074, 9.880970954895133], [76.26040649414074, 9.881809234619197], [76.26013946533209, 9.881805419921989], [76.26013946533209, 9.882361412048283], [76.2598648071289, 9.882361412048283], [76.2598648071289, 9.882638931274357], [76.2595825195313, 9.882638931274357], [76.2595825195313, 9.883473396301213], [76.25930786132812, 9.883473396301213], [76.25930786132812, 9.884860992431697], [76.25903320312511, 9.884860992431697], [76.25902557373058, 9.886248588562125], [76.25875091552734, 9.886251449585018], [76.25875091552734, 9.887360572815055], [76.2584686279298, 9.887360572815055], [76.2584686279298, 9.888474464416618], [76.25818634033203, 9.888470649719238], [76.25818634033203, 9.890419960021916], [76.25791931152355, 9.89041805267334], [76.25791931152355, 9.890971183776912], [76.25763702392584, 9.890969276428336], [76.25763702392584, 9.8926420211792], [76.2573623657226, 9.892640113830623], [76.2573623657226, 9.893750190734977], [76.25708007812506, 9.893750190734977], [76.25708007812506, 9.895139694213867], [76.25680541992188, 9.895137786865234], [76.25680541992188, 9.8956937789917], [76.2565307617188, 9.895691871643123], [76.2565307617188, 9.896251678466797], [76.2562484741211, 9.896249771118221], [76.2562484741211, 9.897640228271541], [76.25597381591808, 9.897640228271541], [76.25597381591808, 9.899581909179688], [76.25567626953125, 9.899581909179688], [76.25567626953125, 9.900700569152832], [76.2554168701173, 9.900700569152832], [76.2554168701173, 9.901531219482536], [76.25514221191406, 9.901531219482536], [76.25514221191406, 9.902920722961369], [76.25485992431652, 9.902920722961369], [76.25485992431652, 9.904030799865723], [76.25458526611334, 9.904028892517147], [76.25458526611334, 9.904861450195426], [76.25430297851574, 9.904861450195426], [76.25430297851574, 9.905973434448356], [76.25402832031256, 9.905973434448356], [76.25402832031256, 9.907082557678223], [76.25374603271479, 9.90707969665533], [76.25374603271479, 9.90764141082758], [76.25347137451178, 9.907638549804688], [76.25347137451178, 9.90819454193121], [76.2531967163086, 9.908189773559513], [76.2531967163086, 9.909309387207031], [76.25290679931646, 9.909309387207031], [76.25290679931646, 9.910419464111385], [76.25263977050781, 9.910419464111385], [76.25263977050781, 9.911811828613281], [76.25235748291027, 9.911811828613281], [76.25235748291027, 9.912921905517635], [76.25208282470703, 9.912921905517635], [76.25208282470703, 9.914031982421989], [76.25180816650402, 9.914031982421989], [76.25180816650402, 9.915419578552246], [76.2515258789063, 9.915419578552246], [76.2515258789063, 9.9165296554566], [76.25125122070324, 9.9165296554566], [76.25125122070324, 9.917639732360954], [76.25096893310553, 9.917639732360954], [76.25096893310553, 9.918749809265137], [76.25069427490229, 9.918749809265137], [76.25069427490229, 9.919584274291992], [76.25041961669928, 9.9195814132691], [76.25041961669928, 9.920140266418457], [76.25013732910156, 9.920140266418457], [76.25013732910156, 9.92097187042242], [76.2498626708985, 9.92097187042242], [76.2498626708985, 9.921806335449276], [76.24958038330078, 9.921806335449276], [76.24958038330078, 9.92236232757574]]]}, "properties": {"id": "kochi_t", "taluk_name": "Kochi", "malayalam_name": "കൊച്ചി", "district_name": "Ernakulam", "district_id": "ernakulam", "elevation_m": 5, "slope_degrees": 0.8, "area_sq_km": 180, "centroid": {"lat": 9.94, "lng": 76.26}, "dominant_land_use": "Pokkali Rice, Aquaculture, Rubber & Pineapple (Slope: 0.8°)", "soil_type": "Acid Saline Coastal Alluvium & Midland Laterite", "rusle": {"R": 2656, "K": 0.02, "LS": 1.6, "C": 0.16, "P": 0.71, "A": 3.8}, "risk_category": "Low", "time_series": {"2018": 4.8, "2019": 4.4, "2020": 3.5, "2021": 3.9, "2022": 3.6, "2023": 3.1, "2024": 3.8}, "conservation": ["Contour terracing suitable for 5m elevation zones", "Runoff control hedgerows across slopes > 5.0°"], "is_sample_data": true, "data_source": "Bundled GeoJSON (DEMO Mode)"}}, {"type": "Feature", "id": "aluva", "geometry": {"type": "Polygon", "coordinates": [[[76.42106628417969, 10.28303146362299], [76.42745208740246, 10.278901100158805], [76.43649291992188, 10.270990371704102], [76.441146850586, 10.268899917602539], [76.44491577148438, 10.269168853759766], [76.44819641113287, 10.267309188842773], [76.45115661621088, 10.259380340576115], [76.45773315429693, 10.257171630859489], [76.46230316162115, 10.256510734558105], [76.46591949462896, 10.25299167633068], [76.46589660644531, 10.248979568481559], [76.4603500366211, 10.238789558410758], [76.4690399169923, 10.232611656188965], [76.47865295410156, 10.223610877990836], [76.48715972900402, 10.22568130493164], [76.4917678833009, 10.221460342407283], [76.51210784912115, 10.218489646911621], [76.51676940917963, 10.217030525207633], [76.52149200439464, 10.213451385498047], [76.52227020263683, 10.206269264221305], [76.52797698974621, 10.204119682312069], [76.53087615966791, 10.208459854125977], [76.53607177734375, 10.202861785888729], [76.54218292236328, 10.199730873107967], [76.54654693603516, 10.19563007354742], [76.54589080810558, 10.189959526062012], [76.53761291503906, 10.187771797180233], [76.52114868164057, 10.19033145904541], [76.51686859130865, 10.190069198608398], [76.51432800292969, 10.188870429992676], [76.51239776611328, 10.186420440673885], [76.50569152832043, 10.18605995178234], [76.50314331054693, 10.184061050415039], [76.49912261962896, 10.17749118804926], [76.49639129638672, 10.174979209899902], [76.49192047119152, 10.173910140991268], [76.48239135742199, 10.177050590515194], [76.47058105468761, 10.1753511428833], [76.46643829345703, 10.176520347595215], [76.4619827270509, 10.176321983337402], [76.4572219848634, 10.174851417541504], [76.45355987548834, 10.171938896179256], [76.44629669189459, 10.16401195526123], [76.43651580810547, 10.160451889038086], [76.43081665039068, 10.15641117095953], [76.42864227294916, 10.152521133422795], [76.42382812500011, 10.148469924926871], [76.41974639892578, 10.14276123046875], [76.42024993896479, 10.139771461486816], [76.4235000610351, 10.138551712036246], [76.43363189697266, 10.141249656677246], [76.43710327148438, 10.137789726257381], [76.43916320800781, 10.134560585021916], [76.4404678344726, 10.130310058593864], [76.4434432983399, 10.128810882568416], [76.44655609130871, 10.125229835510197], [76.44718933105469, 10.120182037353516], [76.44206237792969, 10.11327171325695], [76.43939971923834, 10.112250328063965], [76.43517303466797, 10.111350059509334], [76.43112182617182, 10.112689971923942], [76.4280471801759, 10.114659309387207], [76.42413330078125, 10.115021705627498], [76.41089630126964, 10.10863113403326], [76.40325164794933, 10.108081817627067], [76.40022277832026, 10.104541778564453], [76.39604187011719, 10.098199844360352], [76.39907836914057, 10.089170455932617], [76.39334106445324, 10.089720726013184], [76.39771270751964, 10.081839561462516], [76.39157867431646, 10.074069976806697], [76.38587188720714, 10.070251464843864], [76.3873062133789, 10.056529998779354], [76.3869400024414, 10.053140640258732], [76.37745666503912, 10.043430328369254], [76.3728866577149, 10.035759925842228], [76.37016296386724, 10.029060363769474], [76.3666458129884, 10.032171249389705], [76.36134338378906, 10.043571472167912], [76.35320281982428, 10.041318893432674], [76.34673309326178, 10.05610179901123], [76.34156036376959, 10.055319786071891], [76.34458923339844, 10.0629301071167], [76.3404159545899, 10.062620162963867], [76.3382797241211, 10.065031051635856], [76.33772277832031, 10.069330215454215], [76.3327407836914, 10.069580078125057], [76.33042144775385, 10.063851356506348], [76.32625579833984, 10.060260772705021], [76.32267761230474, 10.062800407409725], [76.3197402954101, 10.063500404357967], [76.32036590576172, 10.066880226135254], [76.32562255859386, 10.07208061218273], [76.32701873779297, 10.07649135589611], [76.33135223388683, 10.082961082458553], [76.33454895019537, 10.092191696166992], [76.33611297607433, 10.101250648498535], [76.33421325683605, 10.104190826416016], [76.32890319824219, 10.105120658874512], [76.3286590576173, 10.11041069030773], [76.31918334960938, 10.11304092407238], [76.31803131103516, 10.116999626159725], [76.31762695312511, 10.123609542846793], [76.31604766845709, 10.131410598754883], [76.31801605224604, 10.135600090026855], [76.31962585449224, 10.142067909240723], [76.31845092773438, 10.157160758972168], [76.31284332275402, 10.15977001190197], [76.31070709228521, 10.161840438842773], [76.31389617919928, 10.170030593872184], [76.31466674804693, 10.174559593200797], [76.3128890991211, 10.176230430603084], [76.30854797363281, 10.173380851745605], [76.3056411743164, 10.17317199707037], [76.30375671386719, 10.173659324645996], [76.30251312255871, 10.180090904235954], [76.30251312255871, 10.187492370605526], [76.30092620849615, 10.194959640502873], [76.30245971679693, 10.198499679565487], [76.3195571899414, 10.201531410217285], [76.32437896728516, 10.204650878906307], [76.32670593261724, 10.20796012878418], [76.32856750488281, 10.219661712646598], [76.3301010131836, 10.223440170288086], [76.33309173583979, 10.22560119628912], [76.3616409301759, 10.23285961151123], [76.36454010009777, 10.23462200164795], [76.36795806884777, 10.238221168518123], [76.36828613281256, 10.244411468505916], [76.37001037597662, 10.246870040893555], [76.3756332397461, 10.24660968780529], [76.37983703613281, 10.248710632324276], [76.37930297851562, 10.253251075744629], [76.3805389404298, 10.255990982055721], [76.38603973388678, 10.259639739990234], [76.38907623291021, 10.26570034027111], [76.39182281494152, 10.26925086975092], [76.39435577392578, 10.270441055297852], [76.40193939208979, 10.271551132202205], [76.40276336669922, 10.275380134582633], [76.40239715576178, 10.280211448669547], [76.40582275390625, 10.280990600586051], [76.40589904785168, 10.284379959106445], [76.40493011474615, 10.287590980529785], [76.40660858154303, 10.288559913635254], [76.42106628417969, 10.28303146362299]]]}, "properties": {"id": "aluva", "taluk_name": "Aluva", "malayalam_name": "ആലുവ", "district_name": "Ernakulam", "district_id": "ernakulam", "elevation_m": 25, "slope_degrees": 2.1, "area_sq_km": 390, "centroid": {"lat": 10.11, "lng": 76.35}, "dominant_land_use": "Pokkali Rice, Aquaculture, Rubber & Pineapple (Slope: 2.1°)", "soil_type": "Acid Saline Coastal Alluvium & Midland Laterite", "rusle": {"R": 2731, "K": 0.02, "LS": 2.2, "C": 0.17, "P": 0.71, "A": 6.2}, "risk_category": "Moderate", "time_series": {"2018": 7.8, "2019": 7.1, "2020": 5.7, "2021": 6.3, "2022": 5.8, "2023": 5.1, "2024": 6.2}, "conservation": ["Contour terracing suitable for 25m elevation zones", "Runoff control hedgerows across slopes > 5.0°"], "is_sample_data": true, "data_source": "Bundled GeoJSON (DEMO Mode)"}}, {"type": "Feature", "id": "paravur", "geometry": {"type": "Polygon", "coordinates": [[[76.31239, 10.15], [76.3119, 10.16422], [76.30823, 10.17803], [76.30168, 10.19073], [76.29277, 10.20185], [76.28211, 10.21113], [76.27018, 10.21851], [76.25735, 10.22397], [76.24387, 10.22744], [76.23, 10.22874], [76.21609, 10.22765], [76.20263, 10.22401], [76.19019, 10.21788], [76.17927, 10.20951], [76.17022, 10.19938], [76.16312, 10.18801], [76.15789, 10.17584], [76.15435, 10.16313], [76.15241, 10.15], [76.15219, 10.13649], [76.15402, 10.12278], [76.15832, 10.10927], [76.16539, 10.09663], [76.17522, 10.08574], [76.18742, 10.0774], [76.20123, 10.07218], [76.21571, 10.07023], [76.23, 10.07126], [76.24349, 10.07468], [76.25595, 10.07983], [76.26741, 10.08622], [76.27806, 10.09362], [76.28795, 10.10214], [76.29688, 10.11199], [76.30436, 10.12336], [76.30975, 10.13616], [76.31239, 10.15]]]}, "properties": {"id": "paravur", "taluk_name": "Paravur", "malayalam_name": "പറവൂർ", "district_name": "Ernakulam", "district_id": "ernakulam", "elevation_m": 10, "slope_degrees": 1.0, "area_sq_km": 240, "centroid": {"lat": 10.15, "lng": 76.23}, "dominant_land_use": "Pokkali Rice, Aquaculture, Rubber & Pineapple (Slope: 1.0°)", "soil_type": "Acid Saline Coastal Alluvium & Midland Laterite", "rusle": {"R": 2668, "K": 0.02, "LS": 1.7, "C": 0.16, "P": 0.71, "A": 4.2}, "risk_category": "Low", "time_series": {"2018": 5.2, "2019": 4.8, "2020": 3.9, "2021": 4.3, "2022": 3.9, "2023": 3.4, "2024": 4.2}, "conservation": ["Contour terracing suitable for 10m elevation zones", "Runoff control hedgerows across slopes > 5.0°"], "is_sample_data": true, "data_source": "Bundled GeoJSON (DEMO Mode)"}}, {"type": "Feature", "id": "kunnathunad", "geometry": {"type": "Polygon", "coordinates": [[[76.56649, 10.05], [76.56579, 10.0701], [76.5606, 10.08964], [76.55133, 10.10761], [76.53875, 10.12333], [76.52367, 10.13645], [76.50681, 10.14689], [76.48867, 10.15461], [76.46961, 10.15952], [76.45, 10.16136], [76.43034, 10.15981], [76.41131, 10.15467], [76.39372, 10.14599], [76.37828, 10.13416], [76.36548, 10.11983], [76.35545, 10.10375], [76.34805, 10.08654], [76.34304, 10.06857], [76.3403, 10.05], [76.33999, 10.0309], [76.34259, 10.01151], [76.34867, 9.99239], [76.35865, 9.97453], [76.37255, 9.95912], [76.3898, 9.94733], [76.40932, 9.93995], [76.4298, 9.93719], [76.45, 9.93864], [76.46908, 9.94348], [76.48668, 9.95077], [76.50289, 9.95979], [76.51794, 9.97027], [76.53192, 9.98231], [76.54455, 9.99625], [76.55513, 10.01232], [76.56275, 10.03042], [76.56649, 10.05]]]}, "properties": {"id": "kunnathunad", "taluk_name": "Kunnathunad", "malayalam_name": "കുന്നത്തുനാട്", "district_name": "Ernakulam", "district_id": "ernakulam", "elevation_m": 45, "slope_degrees": 3.8, "area_sq_km": 480, "centroid": {"lat": 10.05, "lng": 76.45}, "dominant_land_use": "Pokkali Rice, Aquaculture, Rubber & Pineapple (Slope: 3.8°)", "soil_type": "Acid Saline Coastal Alluvium & Midland Laterite", "rusle": {"R": 2830, "K": 0.02, "LS": 3.1, "C": 0.19, "P": 0.69, "A": 8.5}, "risk_category": "Moderate", "time_series": {"2018": 10.6, "2019": 9.8, "2020": 7.8, "2021": 8.7, "2022": 8.0, "2023": 7.0, "2024": 8.5}, "conservation": ["Contour terracing suitable for 45m elevation zones", "Runoff control hedgerows across slopes > 5.0°"], "is_sample_data": true, "data_source": "Bundled GeoJSON (DEMO Mode)"}}, {"type": "Feature", "id": "muvattupuzha", "geometry": {"type": "Polygon", "coordinates": [[[76.70912, 9.98], [76.70835, 10.00229], [76.70259, 10.02395], [76.69232, 10.04387], [76.67837, 10.06129], [76.66166, 10.07584], [76.64297, 10.08742], [76.62286, 10.09598], [76.60174, 10.10142], [76.58, 10.10346], [76.5582, 10.10175], [76.53711, 10.09605], [76.51761, 10.08642], [76.5005, 10.07331], [76.48631, 10.05742], [76.4752, 10.03959], [76.467, 10.02051], [76.46144, 10.00059], [76.4584, 9.98], [76.45807, 9.95883], [76.46094, 9.93732], [76.46768, 9.91613], [76.47875, 9.89632], [76.49415, 9.87924], [76.51327, 9.86617], [76.53491, 9.85799], [76.55761, 9.85493], [76.58, 9.85654], [76.60114, 9.8619], [76.62066, 9.86998], [76.63863, 9.87999], [76.65531, 9.89161], [76.67081, 9.90496], [76.6848, 9.92041], [76.69654, 9.93823], [76.70497, 9.9583], [76.70912, 9.98]]]}, "properties": {"id": "muvattupuzha", "taluk_name": "Muvattupuzha", "malayalam_name": "മൂവാറ്റുപുഴ", "district_name": "Ernakulam", "district_id": "ernakulam", "elevation_m": 65, "slope_degrees": 4.8, "area_sq_km": 590, "centroid": {"lat": 9.98, "lng": 76.58}, "dominant_land_use": "Pokkali Rice, Aquaculture, Rubber & Pineapple (Slope: 4.8°)", "soil_type": "Acid Saline Coastal Alluvium & Midland Laterite", "rusle": {"R": 2888, "K": 0.02, "LS": 3.6, "C": 0.2, "P": 0.69, "A": 10.2}, "risk_category": "High", "time_series": {"2018": 12.8, "2019": 11.7, "2020": 9.4, "2021": 10.4, "2022": 9.6, "2023": 8.4, "2024": 10.2}, "conservation": ["Contour terracing suitable for 65m elevation zones", "Runoff control hedgerows across slopes > 5.0°"], "is_sample_data": true, "data_source": "Bundled GeoJSON (DEMO Mode)"}}, {"type": "Feature", "id": "kothamangalam", "geometry": {"type": "Polygon", "coordinates": [[[76.77484, 10.08], [76.77392, 10.10672], [76.76702, 10.13268], [76.7547, 10.15657], [76.73797, 10.17746], [76.71793, 10.19491], [76.69552, 10.20878], [76.6714, 10.21905], [76.64607, 10.22557], [76.62, 10.22801], [76.59386, 10.22596], [76.56857, 10.21912], [76.54518, 10.20759], [76.52466, 10.19186], [76.50765, 10.17282], [76.49432, 10.15144], [76.48448, 10.12856], [76.47782, 10.10468], [76.47418, 10.08], [76.47377, 10.05461], [76.47722, 10.02883], [76.4853, 10.00343], [76.49857, 9.97968], [76.51705, 9.9592], [76.53997, 9.94353], [76.56593, 9.93372], [76.59315, 9.93005], [76.62, 9.93199], [76.64536, 9.93842], [76.66876, 9.9481], [76.69031, 9.9601], [76.71032, 9.97403], [76.7289, 9.99003], [76.74568, 10.00856], [76.75975, 10.02992], [76.76987, 10.05398], [76.77484, 10.08]]]}, "properties": {"id": "kothamangalam", "taluk_name": "Kothamangalam", "malayalam_name": "കോതമംഗലം", "district_name": "Ernakulam", "district_id": "ernakulam", "elevation_m": 190, "slope_degrees": 13.0, "area_sq_km": 848, "centroid": {"lat": 10.08, "lng": 76.62}, "dominant_land_use": "Pokkali Rice, Aquaculture, Rubber & Pineapple (Slope: 13.0°)", "soil_type": "Acid Saline Coastal Alluvium & Midland Laterite", "rusle": {"R": 3364, "K": 0.02, "LS": 7.7, "C": 0.28, "P": 0.63, "A": 21.0}, "risk_category": "Severe", "time_series": {"2018": 26.2, "2019": 24.1, "2020": 19.3, "2021": 21.4, "2022": 19.7, "2023": 17.2, "2024": 21.0}, "conservation": ["Contour terracing suitable for 190m elevation zones", "Runoff control hedgerows across slopes > 9°"], "is_sample_data": true, "data_source": "Bundled GeoJSON (DEMO Mode)"}}, {"type": "Feature", "id": "kottayam_t", "geometry": {"type": "MultiPolygon", "coordinates": [[[[76.46736145019526, 9.540970802307243], [76.46736145019526, 9.540693283081339], [76.46847534179716, 9.540693283081339], [76.46847534179716, 9.54041767120384], [76.46901702880865, 9.540419578552246], [76.46901702880865, 9.540140151977539], [76.46958160400396, 9.540140151977539], [76.46958160400396, 9.539860725402889], [76.47069549560553, 9.539860725402889], [76.47069549560553, 9.539583206176985], [76.47152709960966, 9.539583206176985], [76.47152709960966, 9.539304733276424], [76.47235870361345, 9.53931045532255], [76.47235870361345, 9.539031982421989], [76.47347259521479, 9.539031982421989], [76.47347259521479, 9.538751602173022], [76.47429656982422, 9.538751602173022], [76.47429656982422, 9.538471221923828], [76.47458648681669, 9.538471221923828], [76.47458648681669, 9.53819465637207], [76.47624969482428, 9.53819465637207], [76.47624969482428, 9.537917137146167], [76.47680664062506, 9.537921905517635], [76.47680664062506, 9.537641525268839], [76.47763824462919, 9.537641525268839], [76.47763824462919, 9.537361145019474], [76.47846984863298, 9.537361145019474], [76.47846984863298, 9.537082672119311], [76.47902679443376, 9.537082672119311], [76.47902679443376, 9.536526679992619], [76.4793090820313, 9.536526679992619], [76.4793090820313, 9.5301389694215], [76.47902679443376, 9.530140876770076], [76.47902679443376, 9.529861450195597], [76.4712524414063, 9.529861450195597], [76.4712524414063, 9.529582977295206], [76.4676361083985, 9.529582977295206], [76.4676361083985, 9.529305458068904], [76.46736145019526, 9.529305458068904], [76.46736145019526, 9.529582977295206], [76.46652984619146, 9.529582977295206], [76.46652984619146, 9.529861450195597], [76.46597290039074, 9.529861450195597], [76.46597290039074, 9.535140991211165], [76.46624755859392, 9.535140991211165], [76.46624755859392, 9.536251068115519], [76.46597290039074, 9.536251068115519], [76.46597290039074, 9.53931045532255], [76.46624755859392, 9.539304733276424], [76.46624755859392, 9.540970802307243], [76.46736145019526, 9.540970802307243]]], [[[76.45291900634783, 9.545694351196346], [76.45291900634783, 9.545415878295955], [76.45403289794939, 9.545419692993107], [76.45403289794939, 9.545140266418457], [76.45513916015653, 9.545140266418457], [76.45513916015653, 9.544861793518066], [76.45569610595732, 9.544861793518066], [76.45569610595732, 9.544582366943587], [76.45652770996111, 9.544584274291992], [76.45652770996111, 9.544305801391602], [76.4573593139649, 9.544309616089151], [76.4573593139649, 9.544030189514274], [76.45819091796903, 9.544030189514274], [76.45819091796903, 9.543749809265137], [76.45847320556646, 9.543749809265137], [76.45847320556646, 9.543472290039233], [76.4593048095706, 9.543472290039233], [76.4593048095706, 9.543195724487418], [76.46013641357439, 9.543195724487418], [76.46013641357439, 9.54291629791254], [76.46098327636724, 9.54292011260992], [76.46098327636724, 9.542651176452864], [76.46180725097685, 9.542651176452864], [76.46180725097685, 9.542359352111987], [76.46263885498064, 9.54236221313505], [76.46263885498064, 9.542083740234489], [76.46319580078142, 9.542083740234489], [76.46319580078142, 9.541806221008585], [76.46402740478521, 9.541810035705566], [76.46402740478521, 9.5415296554566], [76.46457672119146, 9.5415296554566], [76.46457672119146, 9.540419578552246], [76.46485900878935, 9.540419578552246], [76.46485900878935, 9.537641525268839], [76.46457672119146, 9.537641525268839], [76.46457672119146, 9.536811828613281], [76.46430206298857, 9.536811828613281], [76.46430206298857, 9.536251068115519], [76.46457672119146, 9.536251068115519], [76.46457672119146, 9.53458118438732], [76.46430206298857, 9.534583091735897], [76.46430206298857, 9.534304618835506], [76.46457672119146, 9.534310340881461], [76.46457672119146, 9.530421257019043], [76.46430206298857, 9.530421257019043], [76.46430206298857, 9.529861450195597], [76.46263885498064, 9.529861450195597], [76.46263885498064, 9.529582977295206], [76.46180725097685, 9.529582977295206], [76.46180725097685, 9.529861450195597], [76.46041870117193, 9.529861450195597], [76.45275878906256, 9.533530235290698], [76.45182800292974, 9.54358100891136], [76.4520797729495, 9.545694351196346], [76.45291900634783, 9.545694351196346]]], [[[76.41958618164068, 9.641804695129338], [76.41930389404291, 9.641804695129338], [76.41930389404291, 9.642721176147518], [76.41986083984403, 9.643199920654524], [76.41986083984403, 9.642360687255803], [76.41958618164068, 9.642360687255803], [76.41958618164068, 9.641804695129338]]], [[[76.51299285888689, 9.671980857849064], [76.51644134521501, 9.67097091674799], [76.51689147949224, 9.68008995056158], [76.516166687012, 9.682971000671557], [76.51975250244146, 9.682931900024357], [76.52993774414062, 9.68024921417242], [76.53246307373064, 9.683489799499625], [76.53473663330095, 9.678981781005803], [76.5386428833009, 9.67520999908453], [76.54263305664068, 9.67609024047863], [76.54994964599604, 9.679862022399902], [76.55316925048857, 9.679709434509334], [76.5562286376956, 9.677781105041674], [76.56456756591803, 9.677412033081112], [76.56793975830095, 9.66961956024187], [76.57010650634771, 9.667181015014762], [76.57370758056646, 9.674319267273233], [76.57702636718778, 9.676580429077148], [76.58088684082048, 9.676880836487044], [76.58542633056635, 9.675401687622127], [76.58776092529314, 9.671879768371639], [76.58602905273455, 9.66753196716337], [76.58693695068388, 9.661661148071346], [76.58467102050776, 9.657150268554858], [76.5874633789063, 9.655570983886832], [76.58937835693371, 9.656580924988077], [76.59012603759771, 9.661279678344783], [76.59398651123075, 9.660721778869686], [76.59744262695307, 9.650469779968319], [76.60086059570341, 9.650490760803166], [76.60378265380876, 9.644080162048397], [76.61049652099615, 9.645669937133846], [76.61791229248064, 9.649437904357967], [76.61312103271501, 9.655459403991813], [76.61728668212885, 9.65681076049816], [76.62770843505865, 9.658240318298454], [76.63474273681646, 9.652589797973746], [76.63945007324236, 9.651910781860352], [76.65278625488298, 9.636430740356445], [76.65554809570318, 9.635769844055176], [76.65651702880871, 9.631052017211857], [76.65898132324224, 9.6283216476441], [76.66329193115251, 9.631780624389648], [76.66870880126959, 9.626650810241813], [76.67388916015653, 9.624469757080078], [76.67563629150419, 9.628021240234375], [76.67302703857439, 9.635340690612793], [76.67810821533232, 9.635231971740666], [76.68119049072266, 9.634331703186035], [76.68640899658209, 9.636350631713867], [76.6892929077149, 9.639700889587687], [76.69285583496111, 9.639949798584212], [76.69519042968756, 9.636699676513672], [76.69815063476557, 9.63426971435564], [76.70210266113293, 9.635479927063102], [76.70700836181646, 9.64054012298601], [76.710502624512, 9.641880035400447], [76.71478271484392, 9.640800476074219], [76.71584320068388, 9.645551681518612], [76.72782135009771, 9.645021438598633], [76.72940063476591, 9.641089439392033], [76.73165893554693, 9.642499923706112], [76.73256683349615, 9.646230697632006], [76.73243713378935, 9.64973163604742], [76.73993682861328, 9.648840904235897], [76.74064636230497, 9.646080970764274], [76.74392700195307, 9.645351409912394], [76.74601745605497, 9.64148139953619], [76.74637603759794, 9.637741088867188], [76.74547576904314, 9.634080886840934], [76.75034332275396, 9.630461692810059], [76.74359130859392, 9.626291275024357], [76.75119781494158, 9.616331100463867], [76.75154876709013, 9.612479209899846], [76.74685668945312, 9.611322402954158], [76.74533843994146, 9.607891082763672], [76.74842071533209, 9.605330467224178], [76.75097656250028, 9.601751327514762], [76.74907684326166, 9.597978591919002], [76.74228668212896, 9.599601745605469], [76.73870086669928, 9.593601226806868], [76.74223327636736, 9.588461875915698], [76.74447631835966, 9.579360961914062], [76.7431182861331, 9.57638931274414], [76.74118804931646, 9.574690818786735], [76.73853302001964, 9.578109741210994], [76.7349090576173, 9.576079368591309], [76.73107147216803, 9.577161788940373], [76.73108673095709, 9.569121360778865], [76.72840118408209, 9.567199707031307], [76.72379302978521, 9.565988540649528], [76.71611785888689, 9.565959930419979], [76.71325683593767, 9.563631057739315], [76.70220947265642, 9.56582069396967], [76.69618988037121, 9.568360328674544], [76.69303894042986, 9.565469741821289], [76.68901062011719, 9.567681312561149], [76.68617248535173, 9.571001052856445], [76.68376922607428, 9.56276035308855], [76.68093872070341, 9.562211036682129], [76.67665100097673, 9.563982009887695], [76.67166900634783, 9.562660217285213], [76.667251586914, 9.560300827026424], [76.66500091552751, 9.55492019653326], [76.6631698608399, 9.54639053344738], [76.66266632080107, 9.536109924316463], [76.65975952148449, 9.531549453735352], [76.66207122802763, 9.527100563049487], [76.65126800537126, 9.52503967285179], [76.6483764648437, 9.519390106201172], [76.62341308593767, 9.519209861755314], [76.61898803710966, 9.520691871643123], [76.60946655273432, 9.525501251220703], [76.58952331542974, 9.51957035064703], [76.58097076416021, 9.525860786438159], [76.57678985595714, 9.526711463928393], [76.56732940673845, 9.526180267334098], [76.55314636230497, 9.537810325622615], [76.55208587646501, 9.531449317932243], [76.54574584960966, 9.520780563354492], [76.5477905273438, 9.513010978698674], [76.54437255859403, 9.510920524597111], [76.5454177856447, 9.501720428466854], [76.54415893554693, 9.497309684753475], [76.54055023193371, 9.494420051574707], [76.53890991210955, 9.481121063232479], [76.53492736816423, 9.486671447753906], [76.53018951416021, 9.495279312133789], [76.52500152587908, 9.49986934661871], [76.5152130126956, 9.497161865234375], [76.51158905029325, 9.497598648071289], [76.49994659423857, 9.503290176391602], [76.49671173095732, 9.502348899841365], [76.49492645263678, 9.507130622863883], [76.49011230468767, 9.507399559021167], [76.48058319091814, 9.505439758300838], [76.479476928711, 9.498109817504826], [76.46823883056646, 9.49880123138422], [76.46650695800787, 9.5037012100222], [76.4669799804687, 9.519140243530558], [76.46601104736357, 9.527189254760685], [76.46389770507841, 9.52819538116455], [76.46430206298857, 9.52819538116455], [76.46430206298857, 9.528472900390852], [76.46679687499994, 9.52847003936779], [76.46679687499994, 9.528751373291243], [76.46708679199224, 9.528751373291243], [76.46708679199224, 9.529028892517147], [76.4676361083985, 9.529028892517147], [76.4676361083985, 9.528751373291243], [76.46847534179716, 9.528751373291243], [76.46847534179716, 9.528472900390852], [76.47041320800776, 9.528472900390852], [76.47041320800776, 9.528751373291243], [76.47152709960966, 9.528751373291243], [76.47152709960966, 9.528472900390852], [76.472640991211, 9.528472900390852], [76.472640991211, 9.528751373291243], [76.4748611450197, 9.528751373291243], [76.4748611450197, 9.528472900390852], [76.4756927490235, 9.528472900390852], [76.4756927490235, 9.528751373291243], [76.47902679443376, 9.528751373291243], [76.47902679443376, 9.52819538116455], [76.4793090820313, 9.52819538116455], [76.4793090820313, 9.527359962463436], [76.47902679443376, 9.527359962463436], [76.47902679443376, 9.527082443237532], [76.4793090820313, 9.527082443237532], [76.4793090820313, 9.526806831360034], [76.47902679443376, 9.526810646057186], [76.47902679443376, 9.524580001831055], [76.4793090820313, 9.52458190917963], [76.4793090820313, 9.523750305175838], [76.47958374023438, 9.523750305175838], [76.47957611083979, 9.523189544677734], [76.4793090820313, 9.523194313049373], [76.4793090820313, 9.518471717834586], [76.47957611083979, 9.518481254577694], [76.47957611083979, 9.517919540405273], [76.4793090820313, 9.517919540405273], [76.4793090820313, 9.51653003692627], [76.47957611083979, 9.51653003692627], [76.47957611083979, 9.514030456543253], [76.47985839843756, 9.514030456543253], [76.47985839843756, 9.511810302734546], [76.4801406860351, 9.511810302734546], [76.4801406860351, 9.511251449585188], [76.48042297363287, 9.511251449585188], [76.48042297363287, 9.511810302734546], [76.48069763183622, 9.51180458068859], [76.48069763183622, 9.51347446441656], [76.48097229003906, 9.51347446441656], [76.48097229003906, 9.517084121704158], [76.48069763183622, 9.51707935333269], [76.48069763183622, 9.5176420211792], [76.48097229003906, 9.5176420211792], [76.48097229003906, 9.519029617309627], [76.48069763183622, 9.519029617309627], [76.48069763183622, 9.522920608520678], [76.48042297363287, 9.522920608520678], [76.48042297363287, 9.524311065673999], [76.48069763183622, 9.52430629730253], [76.48069763183622, 9.525693893432788], [76.48041534423834, 9.525693893432788], [76.48041534423834, 9.527359962463436], [76.48069763183622, 9.527359962463436], [76.48069763183622, 9.529028892517147], [76.48264312744158, 9.529028892517147], [76.48264312744158, 9.529309272766113], [76.4831924438476, 9.529309272766113], [76.4831924438476, 9.529028892517147], [76.48486328125028, 9.529028892517147], [76.48486328125028, 9.529309272766113], [76.48542022705084, 9.529309272766113], [76.48542022705084, 9.529028892517147], [76.48596954345709, 9.529028892517147], [76.48596954345709, 9.529309272766113], [76.48902893066412, 9.529305458068904], [76.48902893066412, 9.529582977295206], [76.48930358886713, 9.529582977295206], [76.48930358886713, 9.529305458068904], [76.4895858764649, 9.529305458068904], [76.4895858764649, 9.529582977295206], [76.49153137207043, 9.529582977295206], [76.49153137207043, 9.529305458068904], [76.49291992187494, 9.529305458068904], [76.49291992187494, 9.529582977295206], [76.49319458007818, 9.529582977295206], [76.49319458007818, 9.529305458068904], [76.4937515258789, 9.529305458068904], [76.4937515258789, 9.529582977295206], [76.49458312988293, 9.529582977295206], [76.49458312988293, 9.529305458068904], [76.49597167968744, 9.529309272766113], [76.49597167968744, 9.529028892517147], [76.49652862548857, 9.529028892517147], [76.49652862548857, 9.528751373291243], [76.49846649169922, 9.528751373291243], [76.49846649169922, 9.529028892517147], [76.50013732910185, 9.529028892517147], [76.50013732910185, 9.529309272766113], [76.50096893310564, 9.529305458068904], [76.50096893310564, 9.529582977295206], [76.50125122070318, 9.529582977295206], [76.50125122070318, 9.529861450195597], [76.50152587890642, 9.529861450195597], [76.50152587890642, 9.530140876770076], [76.50180816650396, 9.5301389694215], [76.50180816650396, 9.530694961547965], [76.50208282470697, 9.530694961547965], [76.50208282470697, 9.530973434448356], [76.50180816650396, 9.530970573425293], [76.50180816650396, 9.53125095367443], [76.4995880126956, 9.53125095367443], [76.4995880126956, 9.531531333923397], [76.49931335449224, 9.531531333923397], [76.49931335449224, 9.531808853149471], [76.49874877929693, 9.531806945800895], [76.49874877929693, 9.532082557678223], [76.49791717529314, 9.532082557678223], [76.49791717529314, 9.532361030578613], [76.49764251709013, 9.532361030578613], [76.49764251709013, 9.532921791076717], [76.49736022949236, 9.532921791076717], [76.49736022949236, 9.533479690551985], [76.49709320068388, 9.533479690551985], [76.49709320068388, 9.533750534057617], [76.4968032836914, 9.533750534057617], [76.4968032836914, 9.534030914306811], [76.49597167968744, 9.534030914306811], [76.49597167968744, 9.534310340881461], [76.49569702148443, 9.534304618835506], [76.49569702148443, 9.534583091735897], [76.49458312988293, 9.534583091735897], [76.49458312988293, 9.534860610961971], [76.49430847167986, 9.534860610961971], [76.49430847167986, 9.535140991211165], [76.49318695068365, 9.535140991211165], [76.49318695068365, 9.535419464111328], [76.49236297607422, 9.535416603088663], [76.49236297607422, 9.535695075988826], [76.49208068847662, 9.535695075988826], [76.49208068847662, 9.535972595215128], [76.49153137207043, 9.535972595215128], [76.49153137207043, 9.536526679992619], [76.49124908447283, 9.536526679992619], [76.49124908447283, 9.537361145019474], [76.49096679687528, 9.537361145019474], [76.49096679687528, 9.53931045532255], [76.49069213867205, 9.53931045532255], [76.49069213867205, 9.540419578552246], [76.49041748046903, 9.54041767120384], [76.49041748046903, 9.540693283081339], [76.49013519287115, 9.540693283081339], [76.49013519287115, 9.540970802307243], [76.4895858764649, 9.540973663330135], [76.4895858764649, 9.541249275207633], [76.48902893066412, 9.541249275207633], [76.48902893066412, 9.5415296554566], [76.48792266845732, 9.5415296554566], [76.48792266845732, 9.541810035705566], [76.48764038085955, 9.541806221008585], [76.48764038085955, 9.542083740234489], [76.48708343505865, 9.542083740234489], [76.48708343505865, 9.54236221313505], [76.48569488525408, 9.54236221313505], [76.48569488525408, 9.542083740234489], [76.4851379394533, 9.542083740234489], [76.4851379394533, 9.541806221008585], [76.48458862304705, 9.541810035705566], [76.48458862304705, 9.5415296554566], [76.4843063354495, 9.5415296554566], [76.4843063354495, 9.541249275207633], [76.4840164184572, 9.541249275207633], [76.4840164184572, 9.540968894958667], [76.48374938964872, 9.540970802307243], [76.48374938964872, 9.540693283081339], [76.4831924438476, 9.540693283081339], [76.4831924438476, 9.54041767120384], [76.48291778564459, 9.540419578552246], [76.48291778564459, 9.540140151977539], [76.4823608398438, 9.540140151977539], [76.4823608398438, 9.539581298828182], [76.48180389404308, 9.539583206176985], [76.48180389404308, 9.539304733276424], [76.48124694824247, 9.53931045532255], [76.48124694824247, 9.539031982421989], [76.48097229003906, 9.539031982421989], [76.48097229003906, 9.538751602173022], [76.48042297363287, 9.538751602173022], [76.48042297363287, 9.538190841674862], [76.47846984863298, 9.53819465637207], [76.47846984863298, 9.538471221923828], [76.4779129028322, 9.538471221923828], [76.4779129028322, 9.538751602173022], [76.47708129882841, 9.538751602173022], [76.47708129882841, 9.539031982421989], [76.47624969482428, 9.539031982421989], [76.47624969482428, 9.53931045532255], [76.4756927490235, 9.539304733276424], [76.4756927490235, 9.539583206176985], [76.47402954101591, 9.539583206176985], [76.47402954101591, 9.539860725402889], [76.47347259521479, 9.539860725402889], [76.47347259521479, 9.540140151977539], [76.47292327880876, 9.540140151977539], [76.47292327880876, 9.540419578552246], [76.472640991211, 9.54041767120384], [76.472640991211, 9.540693283081339], [76.47097015380888, 9.540693283081339], [76.47097015380888, 9.540970802307243], [76.47013854980474, 9.540973663330135], [76.47013854980474, 9.541249275207633], [76.46930694580095, 9.541249275207633], [76.46930694580095, 9.5415296554566], [76.46848297119169, 9.5415296554566], [76.46848297119169, 9.541810035705566], [76.46791839599638, 9.541806221008585], [76.46791839599638, 9.542083740234489], [76.46708679199224, 9.542083740234489], [76.46708679199224, 9.54236221313505], [76.46652221679693, 9.542359352111987], [76.46652221679693, 9.542651176452864], [76.46624755859392, 9.542651176452864], [76.46624755859392, 9.54292011260992], [76.46597290039074, 9.54292011260992], [76.46597290039074, 9.545140266418457], [76.46624755859392, 9.545140266418457], [76.46624755859392, 9.549860000610352], [76.46652221679693, 9.549860000610352], [76.46652221679693, 9.550420761108683], [76.46624755859392, 9.550415992736816], [76.46624755859392, 9.551250457763672], [76.46597290039074, 9.551250457763672], [76.46597290039074, 9.551527976989973], [76.46624755859392, 9.551527976989973], [76.46624755859392, 9.553471565246696], [76.46652221679693, 9.55346965789812], [76.46652221679693, 9.55403137207054], [76.46624755859392, 9.55403137207054], [76.46624755859392, 9.55458927154541], [76.46652221679693, 9.55458927154541], [76.46652221679693, 9.557921409606877], [76.46680450439453, 9.557916641235408], [76.46680450439453, 9.558472633361873], [76.46652221679693, 9.558470726013297], [76.46652221679693, 9.559311866760197], [76.46541595459013, 9.559311866760197], [76.46541595459013, 9.556530952453727], [76.46514129638672, 9.556530952453727], [76.46514129638672, 9.555970191955623], [76.46541595459013, 9.555973052978686], [76.46541595459013, 9.555694580078125], [76.46514129638672, 9.555694580078125], [76.46514129638672, 9.554306983948038], [76.46541595459013, 9.554308891296444], [76.46541595459013, 9.55346965789812], [76.46514129638672, 9.553471565246696], [76.46514129638672, 9.55291557312023], [76.46541595459013, 9.552921295166186], [76.46541595459013, 9.551250457763672], [76.46514129638672, 9.551250457763672], [76.46514129638672, 9.549860000610352], [76.46541595459013, 9.549860000610352], [76.46541595459013, 9.549028396606388], [76.46514129638672, 9.549030303955362], [76.46514129638672, 9.547360420227164], [76.46485900878935, 9.54736232757574], [76.46485900878935, 9.543749809265137], [76.464584350586, 9.543749809265137], [76.464584350586, 9.543472290039233], [76.46347045898443, 9.543472290039233], [76.46347045898443, 9.543749809265137], [76.46263885498064, 9.543749809265137], [76.46263885498064, 9.544030189514274], [76.46208190917986, 9.544030189514274], [76.46208190917986, 9.544309616089151], [76.46125030517607, 9.544305801391602], [76.46125030517607, 9.544584274291992], [76.46041870117193, 9.544582366943587], [76.46041870117193, 9.544861793518066], [76.45874786376982, 9.544861793518066], [76.45874786376982, 9.545140266418457], [76.45819091796903, 9.545140266418457], [76.45819091796903, 9.545419692993107], [76.45764160156244, 9.545415878295955], [76.45764160156244, 9.545694351196346], [76.4562530517581, 9.545694351196346], [76.4562530517581, 9.54597187042242], [76.45597076416033, 9.54597187042242], [76.45597076416033, 9.54625034332281], [76.45513916015653, 9.54625034332281], [76.45513916015653, 9.546532630920353], [76.4543075561524, 9.546532630920353], [76.4543075561524, 9.546811103820744], [76.45236206054688, 9.546806335449276], [76.45236206054688, 9.547081947326774], [76.45218658447271, 9.547081947326774], [76.45180511474615, 9.547081947326774], [76.45180511474615, 9.54736232757574], [76.45124816894537, 9.547360420227164], [76.45124816894537, 9.547639846801815], [76.4501419067384, 9.547639846801815], [76.4501419067384, 9.547921180725098], [76.44930267334001, 9.54791641235363], [76.44930267334001, 9.548193931579533], [76.44875335693365, 9.548193931579533], [76.44875335693365, 9.548472404480094], [76.44735717773455, 9.548460960388184], [76.44735717773455, 9.548749923705998], [76.4468078613283, 9.548749923705998], [76.4468078613283, 9.549030303955362], [76.44653320312528, 9.549030303955362], [76.44653320312528, 9.549310684204329], [76.4448623657226, 9.549305915832463], [76.4448623657226, 9.549579620361385], [76.4440307617188, 9.549584388732853], [76.4440307617188, 9.549860000610352], [76.44374847412126, 9.549860000610352], [76.44374847412126, 9.550140380859318], [76.44291687011747, 9.550140380859318], [76.44291687011747, 9.550420761108683], [76.44180297851557, 9.550415992736816], [76.44180297851557, 9.550694465637207], [76.44125366210955, 9.550694465637207], [76.44125366210955, 9.550971984863509], [76.44040679931646, 9.550970077514705], [76.44041442871105, 9.551250457763672], [76.43985748291044, 9.551250457763672], [76.43985748291044, 9.551527976989973], [76.43930816650419, 9.551527976989973], [76.43930816650419, 9.553194046020621], [76.4390258789063, 9.553190231323242], [76.4390258789063, 9.553750991821573], [76.43846893310553, 9.553750991821573], [76.43846893310553, 9.55403137207054], [76.43569183349638, 9.55403137207054], [76.43569183349638, 9.554308891296444], [76.43459320068376, 9.554308891296444], [76.43459320068376, 9.55458927154541], [76.43430328369146, 9.554581642150879], [76.43430328369146, 9.55486011505127], [76.43347930908203, 9.55486011505127], [76.43347930908203, 9.555141448974894], [76.43180847167974, 9.555141448974894], [76.43180847167974, 9.55486011505127], [76.43125152587896, 9.55486011505127], [76.43125152587896, 9.555141448974894], [76.43096923828142, 9.555141448974894], [76.43096923828142, 9.55486011505127], [76.42819213867193, 9.55486011505127], [76.42819213867193, 9.555141448974894], [76.42652893066435, 9.555141448974894], [76.42652893066435, 9.555420875549373], [76.42597198486322, 9.555417060852221], [76.42597198486322, 9.555694580078125], [76.4254150390625, 9.555694580078125], [76.4254150390625, 9.555973052978686], [76.42485809326189, 9.555970191955623], [76.42485809326189, 9.55625057220459], [76.42457580566412, 9.55625057220459], [76.42457580566412, 9.556530952453727], [76.42430877685564, 9.556530952453727], [76.42430877685564, 9.556811332702694], [76.4240264892581, 9.556804656982479], [76.4240264892581, 9.55708312988304], [76.42375183105469, 9.55708312988304], [76.42375183105469, 9.557360649108944], [76.42318725585943, 9.557360649108944], [76.42318725585943, 9.557649612426758], [76.42263793945318, 9.557649612426758], [76.42263793945318, 9.557921409606877], [76.4220809936524, 9.557916641235408], [76.4220809936524, 9.558195114135799], [76.4209747314456, 9.558195114135799], [76.4209747314456, 9.558472633361873], [76.42013549804693, 9.558472633361873], [76.42014312744146, 9.558751106262264], [76.41929626464838, 9.558751106262264], [76.41929626464838, 9.559030532837141], [76.41874694824236, 9.559030532837141], [76.41874694824236, 9.559311866760197], [76.41819763183611, 9.559305191040153], [76.41819763183611, 9.559582710266227], [76.4179229736331, 9.55958080291748], [76.4179229736331, 9.56042194366455], [76.41764068603533, 9.56042194366455], [76.41764068603533, 9.561250686645451], [76.4179229736331, 9.561250686645451], [76.4179229736331, 9.562360763549805], [76.41819763183611, 9.562360763549805], [76.41819763183611, 9.56319522857666], [76.41847229003912, 9.56319522857666], [76.41847229003912, 9.563470840454158], [76.41819763183611, 9.563460350036564], [76.41819763183611, 9.564311981201286], [76.41791534423857, 9.564305305481014], [76.41791534423857, 9.564582824707315], [76.41764068603533, 9.564582824707315], [76.41764068603533, 9.564861297607706], [76.41735839843778, 9.564861297607706], [76.41735839843778, 9.565141677856673], [76.41680908203153, 9.565141677856673], [76.41680908203153, 9.565420150757063], [76.41625213623041, 9.565417289734171], [76.41625213623041, 9.565971374511662], [76.41596984863287, 9.565971374511662], [76.41596984863287, 9.569590568542537], [76.41625213623041, 9.569583892822322], [76.41625213623041, 9.569862365722884], [76.41652679443365, 9.569858551025504], [76.41652679443365, 9.570141792297363], [76.41680908203153, 9.570139884948787], [76.41680908203153, 9.570689201355208], [76.41652679443365, 9.570699691772631], [76.41652679443365, 9.57181262969965], [76.41680908203153, 9.571805953979606], [76.41680908203153, 9.572084426879996], [76.41735839843778, 9.572084426879996], [76.41735839843778, 9.57236194610607], [76.41791534423857, 9.57236194610607], [76.41791534423857, 9.573193550109863], [76.41819763183611, 9.573191642761287], [76.41819763183611, 9.574029922485295], [76.41847229003912, 9.574028015136719], [76.41847229003912, 9.574584007263184], [76.41874694824236, 9.574584007263184], [76.41874694824236, 9.575694084167537], [76.41930389404291, 9.575694084167537], [76.41930389404291, 9.575971603393839], [76.41958618164068, 9.575971603393839], [76.41958618164068, 9.577360153198185], [76.41986083984403, 9.577360153198185], [76.41986083984403, 9.577920913696516], [76.42013549804693, 9.57791614532465], [76.42013549804693, 9.578193664550952], [76.42041778564482, 9.578189849853572], [76.42041778564482, 9.579311370849666], [76.42069244384783, 9.579305648803711], [76.42069244384783, 9.580972671509016], [76.42096710205107, 9.58096790313715], [76.42096710205107, 9.581819534301871], [76.42124938964861, 9.581819534301871], [76.42124938964861, 9.58264064788824], [76.42152404785162, 9.582638740539664], [76.42152404785162, 9.58319473266613], [76.42124938964861, 9.583189964294661], [76.42124938964861, 9.583750724792594], [76.42152404785162, 9.583750724792594], [76.42152404785162, 9.584583282470874], [76.42180633544939, 9.584570884704647], [76.42180633544939, 9.585141181945914], [76.4220809936524, 9.585139274597168], [76.4220809936524, 9.586251258850098], [76.42236328125, 9.586251258850098], [76.42236328125, 9.587361335754451], [76.42263793945318, 9.587361335754451], [76.42263793945318, 9.587638854980526], [76.42292022705072, 9.587630271911905], [76.42292022705072, 9.587919235229492], [76.42263793945318, 9.587917327880916], [76.42263793945318, 9.58819484710699], [76.42292022705072, 9.588191032409668], [76.42292022705072, 9.58930969238304], [76.42318725585943, 9.58930969238304], [76.42318725585943, 9.590421676635799], [76.42292022705072, 9.590421676635799], [76.42292022705072, 9.59152889251709], [76.42319488525396, 9.591526985168684], [76.42319488525396, 9.593193054199503], [76.42346954345732, 9.593191146850529], [76.42346954345732, 9.59403038024925], [76.42375183105469, 9.594026565551871], [76.42375183105469, 9.594584465026912], [76.4240264892581, 9.59458065032959], [76.4240264892581, 9.595140457153605], [76.42430877685564, 9.595140457153605], [76.42430877685564, 9.595972061157397], [76.42457580566412, 9.595969200134505], [76.42457580566412, 9.596529960632438], [76.42485809326189, 9.596528053283862], [76.42485809326189, 9.597084045410156], [76.42514038085943, 9.597079277038858], [76.42514038085943, 9.597920417785758], [76.4254226684572, 9.597920417785758], [76.4254226684572, 9.59875202178955], [76.42569732666021, 9.598750114440975], [76.42569732666021, 9.599583625793514], [76.42597198486322, 9.599583625793514], [76.42597198486322, 9.600693702697697], [76.42624664306646, 9.600693702697697], [76.42624664306646, 9.602359771728516], [76.42652893066435, 9.602359771728516], [76.42652893066435, 9.603471755981673], [76.42679595947283, 9.60346984863287], [76.42679595947283, 9.60403060913103], [76.42764282226591, 9.60403060913103], [76.42764282226591, 9.604310989379996], [76.42791748046892, 9.604306221008528], [76.42791748046892, 9.604583740234432], [76.42819213867193, 9.604583740234432], [76.42819213867193, 9.60486030578619], [76.428466796875, 9.60486030578619], [76.428466796875, 9.605139732360897], [76.42874908447271, 9.605139732360897], [76.42874908447271, 9.605701446533317], [76.42903137207026, 9.605701446533317], [76.42903137207026, 9.606810569763184], [76.4293060302735, 9.606806755066202], [76.4293060302735, 9.608195304870549], [76.42958068847685, 9.608189582824991], [76.42958068847685, 9.609309196472282], [76.42986297607428, 9.609309196472282], [76.42986297607428, 9.61042118072504], [76.43013763427763, 9.61042118072504], [76.43013763427763, 9.611250877380428], [76.42986297607428, 9.611250877380428], [76.42986297607428, 9.612083435058707], [76.42958068847685, 9.612079620361328], [76.42958068847685, 9.612918853759822], [76.4293060302735, 9.612916946411246], [76.4293060302735, 9.61347293853754], [76.428466796875, 9.613471031188965], [76.428466796875, 9.61652946472168], [76.42819213867193, 9.61652946472168], [76.42819213867193, 9.616809844970874], [76.42791748046892, 9.616805076599178], [76.42791748046892, 9.61736106872587], [76.42735290527361, 9.61736106872587], [76.42735290527361, 9.61793136596674], [76.42680358886719, 9.617917060852335], [76.42680358886719, 9.618194580078239], [76.42652893066435, 9.61819076538086], [76.42652893066435, 9.619031906127987], [76.42624664306646, 9.619031906127987], [76.42624664306646, 9.619310379028548], [76.42597198486322, 9.619304656982422], [76.42597198486322, 9.619583129882983], [76.42569732666021, 9.61958122253418], [76.42569732666021, 9.620420455932901], [76.4254226684572, 9.620420455932901], [76.4254226684572, 9.621529579162598], [76.42514038085943, 9.621529579162598], [76.42514038085943, 9.622639656066951], [76.42485809326189, 9.622639656066951], [76.42485809326189, 9.622920036315918], [76.42458343505871, 9.62291526794445], [76.42458343505871, 9.623472213745401], [76.42430877685564, 9.623472213745401], [76.42430877685564, 9.624861717224235], [76.4240264892581, 9.624859809875488], [76.4240264892581, 9.625419616699503], [76.42375183105469, 9.625415802001953], [76.42375183105469, 9.626250267028809], [76.42346954345732, 9.626250267028809], [76.42346954345732, 9.626811027526912], [76.42319488525396, 9.626806259155273], [76.42319488525396, 9.627083778381348], [76.42346954345732, 9.627083778381348], [76.42346954345732, 9.627362251281738], [76.42318725585943, 9.627360343933162], [76.42318725585943, 9.627641677856616], [76.42292022705072, 9.627637863159237], [76.42292022705072, 9.628193855285701], [76.42263793945318, 9.628193855285701], [76.42263793945318, 9.628472328186092], [76.42236328125, 9.628472328186092], [76.42236328125, 9.628749847412166], [76.4220809936524, 9.628749847412166], [76.4220809936524, 9.62903022766136], [76.42180633544939, 9.62903022766136], [76.42180633544939, 9.629310607910327], [76.42124938964861, 9.629305839538858], [76.42124938964861, 9.629584312439022], [76.42069244384783, 9.629579544067383], [76.42069244384783, 9.62987136840826], [76.42041778564482, 9.62987136840826], [76.42041778564482, 9.630140304565714], [76.42014312744146, 9.630140304565714], [76.42014312744146, 9.63042068481468], [76.41930389404291, 9.630415916442814], [76.41930389404291, 9.630694389343205], [76.41874694824236, 9.630694389343205], [76.41874694824236, 9.630971908569506], [76.41847229003912, 9.630970001220703], [76.41847229003912, 9.631530761719034], [76.41819763183611, 9.631527900695971], [76.41819763183611, 9.63208198547386], [76.4179229736331, 9.63208198547386], [76.4179229736331, 9.632642745971793], [76.41764068603533, 9.632637977600325], [76.41764068603533, 9.63319015502924], [76.41735839843778, 9.633200645446834], [76.41735839843778, 9.635141372680891], [76.41707611083984, 9.635141372680891], [76.41707611083984, 9.636251449585245], [76.41735839843778, 9.636251449585245], [76.41735839843778, 9.636811256408691], [76.41764068603533, 9.636811256408691], [76.41764068603533, 9.637921333313045], [76.4179229736331, 9.637921333313045], [76.4179229736331, 9.639031410217228], [76.41819763183611, 9.639031410217228], [76.41819763183611, 9.639311790466365], [76.41847229003912, 9.63930511474615], [76.41847229003912, 9.639582633972225], [76.41874694824236, 9.639580726623649], [76.41874694824236, 9.640140533447493], [76.4190292358399, 9.640140533447493], [76.4190292358399, 9.640421867370549], [76.41930389404291, 9.64041709899908], [76.41930389404291, 9.640694618225154], [76.41958618164068, 9.640689849853516], [76.41958618164068, 9.641250610351847], [76.41986083984403, 9.641250610351847], [76.41986083984403, 9.641530990600813], [76.42069244384783, 9.641530990600813], [76.42069244384783, 9.641250610351847], [76.42096710205107, 9.641250610351847], [76.42096710205107, 9.64097118377697], [76.42263793945318, 9.64097118377697], [76.42263793945318, 9.641250610351847], [76.4254226684572, 9.641250610351847], [76.4254226684572, 9.641810417175293], [76.42514038085943, 9.641804695129338], [76.42514038085943, 9.642083168029728], [76.42485809326189, 9.642083168029728], [76.42485809326189, 9.642360687255803], [76.42457580566412, 9.642360687255803], [76.42457580566412, 9.64291858673107], [76.42430877685564, 9.642916679382495], [76.42430877685564, 9.643195152282658], [76.4240264892581, 9.643195152282658], [76.4240264892581, 9.64347267150896], [76.42375183105469, 9.64347267150896], [76.42375183105469, 9.64375114440935], [76.42318725585943, 9.64375114440935], [76.42318725585943, 9.644031524658317], [76.42263793945318, 9.644031524658317], [76.42263793945318, 9.644311904907283], [76.4220809936524, 9.644311904907283], [76.4220809936524, 9.64375114440935], [76.42180633544939, 9.64375114440935], [76.42180633544939, 9.64347267150896], [76.42151641845709, 9.643470764160156], [76.42152404785162, 9.64375114440935], [76.42124938964861, 9.64375114440935], [76.42124938964861, 9.644392013550032], [76.42209625244146, 9.645120620727823], [76.43109130859403, 9.64744091033947], [76.4324493408206, 9.650131225585938], [76.44020080566412, 9.647120475769213], [76.44226074218756, 9.654900550842285], [76.44326782226568, 9.663739204406681], [76.44510650634783, 9.668140411376953], [76.45535278320307, 9.66924095153837], [76.45970153808622, 9.66346073150629], [76.46633148193365, 9.666269302368221], [76.46620941162138, 9.67240047454834], [76.46798706054705, 9.676869392395133], [76.47138977050798, 9.680450439453125], [76.48198699951178, 9.68608188629156], [76.48709869384771, 9.687749862671183], [76.48861694335943, 9.690950393676701], [76.49141693115251, 9.69299030303955], [76.4948806762697, 9.693630218505973], [76.50123596191412, 9.69800186157255], [76.50457763671892, 9.69883060455328], [76.51165771484392, 9.697090148925838], [76.51007080078153, 9.693540573120288], [76.50125122070318, 9.68324184417719], [76.50390625000006, 9.680171966552734], [76.50804138183611, 9.678112030029354], [76.51107025146501, 9.675390243530217], [76.51299285888689, 9.671980857849064]]]]}, "properties": {"id": "kottayam_t", "taluk_name": "Kottayam", "malayalam_name": "കോട്ടയം", "district_name": "Kottayam", "district_id": "kottayam", "elevation_m": 20, "slope_degrees": 2.2, "area_sq_km": 440, "centroid": {"lat": 9.59, "lng": 76.52}, "dominant_land_use": "Rubber, Cocoa, Pepper & Wetland Paddy (Slope: 2.2°)", "soil_type": "Red Laterite & Wetland Alluvium", "rusle": {"R": 2926, "K": 0.022, "LS": 2.3, "C": 0.17, "P": 0.71, "A": 7.2}, "risk_category": "Moderate", "time_series": {"2018": 9.0, "2019": 8.3, "2020": 6.6, "2021": 7.3, "2022": 6.8, "2023": 5.9, "2024": 7.2}, "conservation": ["Contour terracing suitable for 20m elevation zones", "Runoff control hedgerows across slopes > 5.0°"], "is_sample_data": true, "data_source": "Bundled GeoJSON (DEMO Mode)"}}, {"type": "Feature", "id": "changanassery", "geometry": {"type": "Polygon", "coordinates": [[[76.64346, 9.44], [76.64284, 9.45789], [76.63823, 9.47527], [76.63, 9.49126], [76.61882, 9.50524], [76.60543, 9.51692], [76.59045, 9.52621], [76.57434, 9.53308], [76.55742, 9.53745], [76.54, 9.53908], [76.52254, 9.53771], [76.50564, 9.53313], [76.49001, 9.52541], [76.4763, 9.51488], [76.46493, 9.50214], [76.45603, 9.48782], [76.44946, 9.47251], [76.44501, 9.45652], [76.44257, 9.44], [76.4423, 9.42301], [76.4446, 9.40575], [76.45, 9.38874], [76.45887, 9.37285], [76.47122, 9.35914], [76.48653, 9.34865], [76.50387, 9.34208], [76.52206, 9.33962], [76.54, 9.34092], [76.55694, 9.34522], [76.57258, 9.35171], [76.58697, 9.35974], [76.60034, 9.36906], [76.61276, 9.37978], [76.62397, 9.39218], [76.63337, 9.40648], [76.64013, 9.42258], [76.64346, 9.44]]]}, "properties": {"id": "changanassery", "taluk_name": "Changanassery", "malayalam_name": "ചങ്ങനാശ്ശേരി", "district_name": "Kottayam", "district_id": "kottayam", "elevation_m": 18, "slope_degrees": 1.8, "area_sq_km": 380, "centroid": {"lat": 9.44, "lng": 76.54}, "dominant_land_use": "Rubber, Cocoa, Pepper & Wetland Paddy (Slope: 1.8°)", "soil_type": "Red Laterite & Wetland Alluvium", "rusle": {"R": 2901, "K": 0.022, "LS": 2.1, "C": 0.17, "P": 0.71, "A": 6.0}, "risk_category": "Moderate", "time_series": {"2018": 7.5, "2019": 6.9, "2020": 5.5, "2021": 6.1, "2022": 5.6, "2023": 4.9, "2024": 6.0}, "conservation": ["Contour terracing suitable for 18m elevation zones", "Runoff control hedgerows across slopes > 5.0°"], "is_sample_data": true, "data_source": "Bundled GeoJSON (DEMO Mode)"}}, {"type": "Feature", "id": "vaikom", "geometry": {"type": "Polygon", "coordinates": [[[76.50079, 9.75], [76.50019, 9.76741], [76.49569, 9.78433], [76.48768, 9.79989], [76.47679, 9.8135], [76.46374, 9.82487], [76.44915, 9.83391], [76.43346, 9.8406], [76.41697, 9.84485], [76.4, 9.84644], [76.38299, 9.8451], [76.36652, 9.84065], [76.3513, 9.83313], [76.33795, 9.82289], [76.32687, 9.81048], [76.31819, 9.79655], [76.31179, 9.78164], [76.30746, 9.76608], [76.30508, 9.75], [76.30482, 9.73346], [76.30706, 9.71666], [76.31232, 9.70011], [76.32096, 9.68464], [76.33299, 9.67129], [76.34791, 9.66108], [76.3648, 9.65469], [76.38252, 9.6523], [76.4, 9.65356], [76.4165, 9.65775], [76.43174, 9.66406], [76.44576, 9.67188], [76.45879, 9.68095], [76.47088, 9.69138], [76.48181, 9.70345], [76.49097, 9.71737], [76.49755, 9.73305], [76.50079, 9.75]]]}, "properties": {"id": "vaikom", "taluk_name": "Vaikom", "malayalam_name": "വൈക്കം", "district_name": "Kottayam", "district_id": "kottayam", "elevation_m": 8, "slope_degrees": 0.9, "area_sq_km": 360, "centroid": {"lat": 9.75, "lng": 76.4}, "dominant_land_use": "Rubber, Cocoa, Pepper & Wetland Paddy (Slope: 0.9°)", "soil_type": "Red Laterite & Wetland Alluvium", "rusle": {"R": 2845, "K": 0.022, "LS": 1.6, "C": 0.16, "P": 0.71, "A": 4.2}, "risk_category": "Low", "time_series": {"2018": 5.2, "2019": 4.8, "2020": 3.9, "2021": 4.3, "2022": 3.9, "2023": 3.4, "2024": 4.2}, "conservation": ["Contour terracing suitable for 8m elevation zones", "Runoff control hedgerows across slopes > 5.0°"], "is_sample_data": true, "data_source": "Bundled GeoJSON (DEMO Mode)"}}, {"type": "Feature", "id": "meenachil", "geometry": {"type": "Polygon", "coordinates": [[[76.83342, 9.69], [76.83268, 9.71132], [76.82718, 9.73204], [76.81736, 9.7511], [76.80403, 9.76777], [76.78805, 9.78169], [76.77019, 9.79276], [76.75097, 9.80096], [76.73078, 9.80617], [76.71, 9.80811], [76.68917, 9.80647], [76.66901, 9.80102], [76.65037, 9.79181], [76.63401, 9.77927], [76.62045, 9.76407], [76.60983, 9.74701], [76.60199, 9.72875], [76.59668, 9.7097], [76.59377, 9.69], [76.59345, 9.66974], [76.5962, 9.64917], [76.60264, 9.6289], [76.61322, 9.60995], [76.62794, 9.5936], [76.64622, 9.5811], [76.6669, 9.57327], [76.6886, 9.57034], [76.71, 9.57189], [76.73021, 9.57702], [76.74886, 9.58475], [76.76604, 9.59432], [76.78199, 9.60543], [76.7968, 9.61821], [76.81017, 9.63299], [76.82139, 9.65004], [76.82945, 9.66924], [76.83342, 9.69]]]}, "properties": {"id": "meenachil", "taluk_name": "Meenachil", "malayalam_name": "മീനച്ചിൽ", "district_name": "Kottayam", "district_id": "kottayam", "elevation_m": 95, "slope_degrees": 7.2, "area_sq_km": 540, "centroid": {"lat": 9.69, "lng": 76.71}, "dominant_land_use": "Rubber, Cocoa, Pepper & Wetland Paddy (Slope: 7.2°)", "soil_type": "Red Laterite & Wetland Alluvium", "rusle": {"R": 3236, "K": 0.022, "LS": 4.8, "C": 0.22, "P": 0.67, "A": 13.5}, "risk_category": "High", "time_series": {"2018": 16.9, "2019": 15.5, "2020": 12.4, "2021": 13.8, "2022": 12.7, "2023": 11.1, "2024": 13.5}, "conservation": ["Contour terracing suitable for 95m elevation zones", "Runoff control hedgerows across slopes > 5.0°"], "is_sample_data": true, "data_source": "Bundled GeoJSON (DEMO Mode)"}}, {"type": "Feature", "id": "kanjirappally", "geometry": {"type": "Polygon", "coordinates": [[[76.90728, 9.56], [76.90658, 9.58027], [76.90135, 9.59997], [76.89202, 9.61809], [76.87935, 9.63393], [76.86417, 9.64717], [76.8472, 9.65769], [76.82893, 9.66548], [76.80975, 9.67043], [76.79, 9.67228], [76.7702, 9.67072], [76.75105, 9.66554], [76.73333, 9.65679], [76.71779, 9.64486], [76.7049, 9.63041], [76.69481, 9.6142], [76.68736, 9.59684], [76.68231, 9.57872], [76.67955, 9.56], [76.67925, 9.54074], [76.68186, 9.52119], [76.68798, 9.50191], [76.69803, 9.4839], [76.71203, 9.46836], [76.72939, 9.45647], [76.74904, 9.44903], [76.76966, 9.44625], [76.79, 9.44772], [76.80921, 9.45259], [76.82693, 9.45994], [76.84325, 9.46905], [76.85841, 9.47961], [76.87248, 9.49175], [76.88519, 9.5058], [76.89585, 9.52201], [76.90351, 9.54026], [76.90728, 9.56]]]}, "properties": {"id": "kanjirappally", "taluk_name": "Kanjirappally", "malayalam_name": "കാഞ്ഞിരപ്പള്ളി", "district_name": "Kottayam", "district_id": "kottayam", "elevation_m": 180, "slope_degrees": 12.0, "area_sq_km": 488, "centroid": {"lat": 9.56, "lng": 76.79}, "dominant_land_use": "Rubber, Cocoa, Pepper & Wetland Paddy (Slope: 12.0°)", "soil_type": "Red Laterite & Wetland Alluvium", "rusle": {"R": 3534, "K": 0.022, "LS": 7.2, "C": 0.27, "P": 0.64, "A": 18.9}, "risk_category": "High", "time_series": {"2018": 23.6, "2019": 21.7, "2020": 17.4, "2021": 19.3, "2022": 17.8, "2023": 15.5, "2024": 18.9}, "conservation": ["Contour terracing suitable for 180m elevation zones", "Runoff control hedgerows across slopes > 8°"], "is_sample_data": true, "data_source": "Bundled GeoJSON (DEMO Mode)"}}, {"type": "Feature", "id": "ambalappuzha", "geometry": {"type": "MultiPolygon", "coordinates": [[[[76.36735534667974, 9.583227157593058], [76.36763763427751, 9.583311080932617], [76.36763763427751, 9.58319473266613], [76.36735534667974, 9.583227157593058]]], [[[76.36735534667974, 9.583227157593058], [76.36736297607433, 9.582921028137207], [76.3670730590822, 9.582921028137207], [76.3670730590822, 9.58264064788824], [76.36680603027372, 9.58264064788824], [76.36680603027372, 9.582079887390307], [76.36653137207031, 9.582084655761776], [76.36653137207031, 9.581804275512809], [76.36624908447294, 9.581819534301871], [76.36624908447294, 9.581251144409407], [76.36596679687506, 9.581251144409407], [76.36596679687506, 9.580690383911076], [76.36569213867216, 9.580694198608455], [76.36569213867216, 9.579582214355696], [76.3654174804688, 9.579582214355696], [76.3654174804688, 9.579028129577807], [76.36514282226562, 9.57903099060087], [76.36514282226562, 9.578759193420353], [76.3654174804688, 9.578759193420353], [76.3654174804688, 9.578470230102539], [76.36486053466803, 9.578472137451342], [76.36486053466803, 9.57791614532465], [76.36429595947271, 9.577920913696516], [76.36429595947271, 9.577639579773063], [76.36374664306669, 9.577639579773063], [76.36374664306669, 9.577920913696516], [76.36319732666044, 9.577920913696516], [76.36319732666044, 9.577639579773063], [76.36235809326178, 9.577639579773063], [76.36235809326178, 9.577360153198185], [76.36180877685553, 9.577360153198185], [76.36180877685553, 9.577083587646598], [76.36125183105474, 9.577083587646598], [76.36125183105474, 9.57680416107172], [76.36068725585949, 9.576810836792163], [76.36068725585949, 9.576530456543196], [76.36013793945341, 9.576530456543196], [76.36013793945341, 9.575969696044865], [76.35986328125006, 9.575971603393839], [76.35986328125006, 9.575694084167537], [76.35958099365263, 9.575694084167537], [76.35958099365263, 9.574861526489485], [76.35930633544928, 9.574861526489485], [76.35930633544928, 9.574584007263184], [76.35958099365263, 9.574584007263184], [76.35958099365263, 9.574305534362793], [76.35930633544928, 9.574311256408748], [76.35930633544928, 9.56931018829357], [76.35958099365263, 9.56931018829357], [76.35958099365263, 9.567640304565373], [76.35930633544928, 9.567640304565373], [76.35930633544928, 9.56736183166521], [76.35958099365263, 9.56736183166521], [76.35958099365263, 9.565971374511662], [76.35930633544928, 9.565971374511662], [76.35930633544928, 9.56513881683361], [76.35901641845732, 9.565141677856673], [76.35901641845732, 9.564861297607706], [76.35847473144548, 9.564861297607706], [76.35847473144548, 9.564582824707315], [76.35819244384771, 9.564582824707315], [76.35819244384771, 9.56402683258085], [76.35764312744169, 9.564031600952319], [76.35764312744169, 9.563751220703352], [76.35736083984392, 9.563751220703352], [76.35736083984392, 9.561529159545842], [76.35764312744169, 9.561532020568904], [76.35764312744169, 9.561250686645451], [76.35736083984392, 9.561250686645451], [76.35736083984392, 9.5609712600708], [76.35763549804699, 9.560973167419377], [76.35763549804699, 9.560694694518986], [76.35736083984392, 9.560694694518986], [76.35736083984392, 9.560417175293082], [76.35764312744169, 9.56042194366455], [76.35764312744169, 9.559311866760197], [76.3579177856447, 9.559311866760197], [76.3579177856447, 9.559030532837141], [76.35764312744169, 9.559030532837141], [76.35764312744169, 9.557921409606877], [76.35736083984392, 9.557921409606877], [76.35736083984392, 9.55486011505127], [76.35708618164091, 9.55486011505127], [76.35708618164091, 9.554306983948038], [76.35679626464861, 9.554308891296444], [76.35679626464861, 9.55264091491722], [76.35652923584013, 9.55264091491722], [76.35652923584013, 9.551519393920955], [76.35624694824224, 9.551527976989973], [76.35624694824224, 9.551250457763672], [76.355972290039, 9.551250457763672], [76.355972290039, 9.550415992736816], [76.355697631836, 9.550420761108683], [76.355697631836, 9.547921180725098], [76.35542297363298, 9.547921180725098], [76.35542297363298, 9.547360420227164], [76.35514068603521, 9.54736232757574], [76.35514068603521, 9.546527862548885], [76.35485839843767, 9.546532630920353], [76.35485839843767, 9.542651176452864], [76.3545761108399, 9.542651176452864], [76.3545761108399, 9.541810035705566], [76.35430908203142, 9.541810035705566], [76.35430908203142, 9.541249275207633], [76.35402679443388, 9.541249275207633], [76.35402679443388, 9.540973663330135], [76.35375213623047, 9.540970802307243], [76.35375213623047, 9.54041767120384], [76.3534698486331, 9.540419578552246], [76.3534698486331, 9.539860725402889], [76.35319519042974, 9.539860725402889], [76.35319519042974, 9.539583206176985], [76.3534698486331, 9.539583206176985], [76.3534698486331, 9.539304733276424], [76.35320281982428, 9.53931045532255], [76.35320281982428, 9.537921905517635], [76.3534698486331, 9.537921905517635], [76.3534698486331, 9.537641525268839], [76.35320281982428, 9.537641525268839], [76.35320281982428, 9.537361145019474], [76.3534698486331, 9.537361145019474], [76.3534698486331, 9.53680515289301], [76.35320281982428, 9.536811828613281], [76.35320281982428, 9.536520004272575], [76.3534698486331, 9.536526679992619], [76.3534698486331, 9.535416603088663], [76.35320281982428, 9.535419464111328], [76.35320281982428, 9.534860610961971], [76.3534698486331, 9.534860610961971], [76.3534698486331, 9.533194541931152], [76.35402679443388, 9.533194541931152], [76.35402679443388, 9.532638549804688], [76.35430908203142, 9.53264141082775], [76.35430908203142, 9.530970573425293], [76.35458374023449, 9.530973434448356], [76.35458374023449, 9.530694961547965], [76.35485839843767, 9.530694961547965], [76.35485839843767, 9.529861450195597], [76.35514068603521, 9.529861450195597], [76.35514068603521, 9.529305458068904], [76.35542297363298, 9.529309272766113], [76.35542297363298, 9.529028892517147], [76.355697631836, 9.529028892517147], [76.355697631836, 9.528751373291243], [76.355972290039, 9.528751373291243], [76.355972290039, 9.528472900390852], [76.35624694824224, 9.528472900390852], [76.35624694824224, 9.527916908264388], [76.35652923584013, 9.52792072296154], [76.35652923584013, 9.52707958221464], [76.35680389404297, 9.527082443237532], [76.35680389404297, 9.525972366333178], [76.35708618164091, 9.525972366333178], [76.35708618164091, 9.525416374206486], [76.35736083984392, 9.525421142578352], [76.35736083984392, 9.525137901306323], [76.35763549804699, 9.525137901306323], [76.35763549804699, 9.52458190917963], [76.35819244384771, 9.52458190917963], [76.35819244384771, 9.524860382080021], [76.3590240478515, 9.524860382080021], [76.3590240478515, 9.52458190917963], [76.36013793945341, 9.52458190917963], [76.36013793945341, 9.52402782440214], [76.36042022705095, 9.524030685425032], [76.36042022705095, 9.523750305175838], [76.36319732666044, 9.523750305175838], [76.36319732666044, 9.523471832275675], [76.36374664306669, 9.523471832275675], [76.36374664306669, 9.523194313049373], [76.36430358886724, 9.523194313049373], [76.36430358886724, 9.522915840148983], [76.3654174804688, 9.522920608520678], [76.3654174804688, 9.522640228271484], [76.36653137207031, 9.522640228271484], [76.36653137207031, 9.522359848022518], [76.36736297607433, 9.522359848022518], [76.36736297607433, 9.52208423614502], [76.3684692382813, 9.52208423614502], [76.3684692382813, 9.521805763244629], [76.37124633789062, 9.521805763244629], [76.37124633789062, 9.52208423614502], [76.37213134765636, 9.52208423614502], [76.37329864501982, 9.518520355224894], [76.37655639648466, 9.507571220398006], [76.37708282470709, 9.502829551696948], [76.37341308593756, 9.498901367187727], [76.36605072021513, 9.49988079071045], [76.36466979980474, 9.502389907837141], [76.36450195312511, 9.502150535583553], [76.35646057128912, 9.494021415710677], [76.35256195068376, 9.485161781311035], [76.35027313232439, 9.475191116333121], [76.35048675537126, 9.464230537414494], [76.34854888916016, 9.449831008911246], [76.35206604003912, 9.438891410827864], [76.360366821289, 9.418540954590014], [76.36505889892584, 9.402880668640194], [76.3738479614259, 9.38396167755127], [76.38495635986357, 9.381831169128418], [76.38951873779325, 9.38420104980463], [76.39196014404303, 9.374819755554256], [76.39134979248053, 9.365979194641227], [76.38948059082037, 9.36410140991211], [76.38887023925787, 9.360839843750057], [76.38477325439447, 9.360080718994311], [76.38185882568371, 9.35746002197277], [76.38141632080084, 9.352240562439022], [76.37555694580084, 9.34553146362316], [76.38497161865229, 9.341471672058162], [76.39171600341803, 9.341130256652889], [76.398193359375, 9.341840744018555], [76.39933776855469, 9.336790084839151], [76.3989868164063, 9.332551002502612], [76.39083099365263, 9.329700469970817], [76.38739013671886, 9.314409255981559], [76.38635253906267, 9.303282737732047], [76.3861923217774, 9.302945137024153], [76.38597106933611, 9.302915573120288], [76.38597106933611, 9.303189277648983], [76.38625335693388, 9.30325794219965], [76.38625335693388, 9.303471565246582], [76.38597106933611, 9.303469657898177], [76.38597106933611, 9.303750038147143], [76.3856964111331, 9.303750038147143], [76.3856964111331, 9.304310798645076], [76.3854064941408, 9.304310798645076], [76.38541412353516, 9.304862022399902], [76.38513946533232, 9.304862022399902], [76.38513946533232, 9.305419921874943], [76.38486480712896, 9.305418014526367], [76.38486480712896, 9.305693626403865], [76.3845825195312, 9.305688858032227], [76.3845825195312, 9.306529998779297], [76.38430786132818, 9.306528091430721], [76.38430786132818, 9.307359695434684], [76.38403320312517, 9.307359695434684], [76.38403320312517, 9.30764007568365], [76.3837509155274, 9.307638168335075], [76.3837509155274, 9.30819416046154], [76.38346862792986, 9.30819416046154], [76.38346862792986, 9.308471679687443], [76.38318634033209, 9.308469772338867], [76.38318634033209, 9.309030532836971], [76.38291931152361, 9.309027671813908], [76.38291931152361, 9.309860229492188], [76.38236236572266, 9.309860229492188], [76.38236236572266, 9.310140609741154], [76.38208007812528, 9.310137748718262], [76.38208007812528, 9.310972213745117], [76.38181304931646, 9.310970306396541], [76.38181304931646, 9.311250686645508], [76.3815307617187, 9.311250686645508], [76.3815307617187, 9.311531066894474], [76.38124847412115, 9.311529159545898], [76.38124847412115, 9.312082290649471], [76.38096618652338, 9.312080383300895], [76.38096618652338, 9.312641143798828], [76.38124847412115, 9.312641143798828], [76.38124847412115, 9.314030647277889], [76.38097381591797, 9.314028739929483], [76.38097381591797, 9.314861297607365], [76.38069152832037, 9.314861297607365], [76.38069152832037, 9.315694808960131], [76.38041687011736, 9.315690040588663], [76.38041687011736, 9.316531181335563], [76.38014221191418, 9.316527366638184], [76.38014221191418, 9.317083358764876], [76.37985992431658, 9.317083358764876], [76.37985992431658, 9.31736087799078], [76.37958526611357, 9.31736087799078], [76.37958526611357, 9.318195343017635], [76.3793029785158, 9.318195343017635], [76.3793029785158, 9.3187513351441], [76.37902832031278, 9.3187513351441], [76.37902832031278, 9.319582939148063], [76.3787460327149, 9.319581031799487], [76.3787460327149, 9.320140838623104], [76.378471374512, 9.320138931274528], [76.378471374512, 9.32069110870384], [76.37819671630865, 9.320699691772461], [76.37819671630865, 9.321529388427678], [76.37791442871088, 9.321526527404785], [76.37791442871088, 9.322083473205566], [76.37763977050787, 9.322080612182674], [76.37763977050787, 9.322931289672908], [76.37735748291033, 9.322916984558105], [76.37735748291033, 9.323471069335994], [76.37708282470709, 9.323471069335994], [76.37708282470709, 9.324310302734318], [76.37680816650408, 9.32430458068876], [76.37680816650408, 9.324861526489315], [76.37652587890653, 9.324861526489315], [76.37652587890653, 9.325420379638672], [76.37625885009766, 9.325420379638672], [76.37625885009766, 9.326251983642862], [76.37596893310575, 9.326251983642862], [76.37596893310575, 9.326811790466309], [76.37568664550781, 9.326811790466309], [76.37568664550781, 9.32763957977312], [76.3754196166995, 9.327636718750057], [76.3754196166995, 9.328193664551009], [76.37513732910162, 9.328188896179142], [76.37513732910162, 9.328749656677473], [76.37486267089838, 9.328749656677473], [76.37486267089838, 9.329584121704329], [76.37458038330084, 9.329579353332463], [76.37458038330084, 9.330140113830623], [76.37430572509783, 9.330140113830623], [76.37430572509783, 9.330694198608683], [76.37403106689459, 9.330694198608683], [76.37403106689459, 9.331250190734977], [76.37374877929705, 9.331250190734977], [76.37374877929705, 9.332083702087516], [76.37346649169933, 9.33208179473877], [76.37346649169933, 9.33263969421381], [76.37319183349626, 9.332637786865234], [76.37319183349626, 9.3331937789917], [76.37291717529325, 9.3331937789917], [76.37291717529325, 9.33347225189209], [76.3726425170899, 9.333470344543684], [76.3726425170899, 9.334871292114258], [76.37236022949247, 9.334871292114258], [76.37236022949247, 9.335420608520451], [76.37209320068365, 9.335420608520451], [76.37209320068365, 9.336811065673999], [76.37180328369135, 9.336806297302303], [76.37180328369135, 9.33708190917963], [76.37152862548834, 9.337084770202694], [76.37152862548834, 9.337637901306096], [76.37124633789062, 9.337637901306096], [76.37124633789062, 9.338193893432788], [76.37097167968756, 9.338191986083984], [76.37097167968756, 9.339031219482706], [76.37069702148455, 9.33902645111084], [76.37069702148455, 9.339582443237305], [76.37040710449224, 9.33957958221464], [76.37040710449224, 9.34042072296154], [76.37014007568376, 9.34041690826416], [76.37014007568376, 9.340972900390852], [76.36985778808622, 9.34097003936796], [76.36985778808622, 9.341809272766113], [76.36958312988281, 9.341805458068904], [76.36958312988281, 9.342082977295206], [76.36930847167997, 9.342082977295206], [76.36930847167997, 9.343194961547965], [76.36902618408209, 9.343190193176497], [76.36902618408209, 9.34375095367443], [76.36875152587885, 9.34375095367443], [76.36875152587885, 9.344311714172363], [76.3684692382813, 9.344306945800895], [76.3684692382813, 9.344861030578613], [76.36818695068354, 9.344861030578613], [76.36818695068354, 9.34514141082775], [76.36791992187506, 9.345138549804688], [76.36791992187506, 9.345694541931152], [76.36763763427751, 9.345692634582576], [76.36763763427751, 9.346250534057617], [76.36736297607433, 9.346250534057617], [76.36736297607433, 9.34653186798107], [76.36708068847673, 9.346527099609432], [76.36708068847673, 9.347083091735897], [76.36680603027372, 9.34708118438732], [76.36680603027372, 9.347640991210938], [76.36653137207031, 9.347639083862362], [76.36653137207031, 9.348472595215128], [76.36624908447294, 9.348472595215128], [76.36624908447294, 9.349582672119084], [76.36596679687506, 9.349580764770508], [76.36596679687506, 9.350141525268839], [76.36569213867216, 9.350141525268839], [76.36569213867216, 9.350421905517805], [76.3654174804688, 9.35041713714594], [76.3654174804688, 9.35069561004633], [76.36513519287104, 9.35069561004633], [76.36513519287104, 9.350971221923828], [76.36486053466803, 9.350971221923828], [76.36486053466803, 9.35153198242216], [76.36458587646501, 9.351527214050293], [76.36458587646501, 9.352083206176985], [76.36429595947271, 9.352081298828182], [76.36430358886724, 9.352361679077148], [76.36402893066423, 9.352361679077148], [76.36402893066423, 9.352640151977539], [76.36374664306669, 9.352640151977539], [76.36374664306669, 9.353193283081339], [76.36347198486345, 9.353191375732365], [76.36347198486345, 9.3540296554566], [76.36319732666044, 9.354027748108194], [76.36319732666044, 9.35486221313505], [76.36292266845709, 9.354859352111987], [76.36292266845709, 9.35542011260992], [76.36264038085966, 9.35541629791254], [76.36264038085966, 9.356249809265307], [76.36235809326178, 9.356249809265307], [76.36235809326178, 9.357084274292163], [76.362075805664, 9.357078552246207], [76.362075805664, 9.357640266418457], [76.36180877685553, 9.357640266418457], [76.36180877685553, 9.358194351196516], [76.36152648925798, 9.358194351196516], [76.36152648925798, 9.35847187042242], [76.36125183105474, 9.35847187042242], [76.36125183105474, 9.35875034332281], [76.3609695434572, 9.35875034332281], [76.3609695434572, 9.359311103820914], [76.36069488525419, 9.359306335449276], [76.36069488525419, 9.35986232757574], [76.36042022705095, 9.359860420227164], [76.36042022705095, 9.360139846801815], [76.36013793945341, 9.360137939453239], [76.36013793945341, 9.360693931579704], [76.35986328125006, 9.360692024230957], [76.35986328125006, 9.361531257629451], [76.35958099365263, 9.361531257629451], [76.35958099365263, 9.361810684204329], [76.35930633544928, 9.361805915832463], [76.35930633544928, 9.363194465637207], [76.35901641845732, 9.363189697265739], [76.3590240478515, 9.363750457763672], [76.3587493896485, 9.363750457763672], [76.3587493896485, 9.364582061767635], [76.35847473144548, 9.364582061767635], [76.35847473144548, 9.364863395690918], [76.35819244384771, 9.364850997924918], [76.35819244384771, 9.365421295166186], [76.3579177856447, 9.365421295166186], [76.3579177856447, 9.366250991821346], [76.35764312744169, 9.366250991821346], [76.35764312744169, 9.366808891296444], [76.35736083984392, 9.366806983948038], [76.35736083984392, 9.367361068725529], [76.35708618164091, 9.367361068725529], [76.35708618164091, 9.368194580078296], [76.35679626464861, 9.368187904357853], [76.35679626464861, 9.369030952453727], [76.35652923584013, 9.369030952453727], [76.35652923584013, 9.369311332702694], [76.35624694824224, 9.36930465698265], [76.35624694824224, 9.36958312988304], [76.355972290039, 9.36958312988304], [76.355972290039, 9.369860649108944], [76.355697631836, 9.369860649108944], [76.355697631836, 9.37014102935791], [76.35541534423828, 9.370139122009505], [76.35541534423828, 9.370695114135799], [76.35513305664068, 9.37069034576433], [76.35514068603521, 9.371251106262264], [76.35485839843767, 9.371251106262264], [76.35485839843767, 9.372082710266227], [76.3545761108399, 9.372080802917651], [76.3545761108399, 9.372640609741268], [76.35430908203142, 9.372638702392692], [76.35430908203142, 9.373194694518986], [76.35402679443388, 9.373190879822005], [76.35402679443388, 9.374860763549805], [76.35375213623047, 9.374860763549805], [76.35375213623047, 9.375419616699162], [76.3534698486331, 9.37541675567627], [76.3534698486331, 9.37569522857666], [76.35319519042974, 9.37569522857666], [76.35319519042974, 9.376249313354549], [76.35291290283232, 9.376249313354549], [76.35291290283232, 9.376811981201286], [76.35263824462896, 9.376805305481014], [76.35263824462896, 9.377082824707315], [76.3523559570312, 9.377080917358342], [76.3523559570312, 9.377641677856673], [76.35206604003912, 9.377641677856673], [76.35206604003912, 9.377920150756836], [76.35180664062517, 9.377920150756836], [76.35180664062517, 9.38041973114025], [76.3515243530274, 9.380417823791674], [76.3515243530274, 9.380971908569336], [76.35098266601591, 9.380971908569336], [76.35098266601591, 9.38181018829357], [76.35069274902361, 9.381806373596191], [76.35069274902361, 9.382362365722884], [76.3504180908206, 9.38236045837408], [76.3504180908206, 9.382920265197754], [76.35013580322271, 9.382916450500545], [76.35013580322271, 9.383472442627237], [76.34986114501982, 9.383468627929688], [76.34986114501982, 9.38431262969965], [76.34958648681646, 9.384305953979606], [76.34958648681646, 9.384584426879996], [76.34929656982416, 9.384581565856934], [76.34929656982416, 9.385140419006461], [76.34902954101568, 9.385137557983398], [76.34902954101568, 9.385972023010254], [76.34874725341814, 9.385972023010254], [76.34874725341814, 9.387361526489258], [76.3484725952149, 9.387361526489258], [76.3484725952149, 9.388194084167537], [76.34819793701189, 9.388194084167537], [76.34819793701189, 9.389027595520304], [76.34791564941435, 9.389027595520304], [76.34791564941435, 9.389583587646769], [76.34764099121111, 9.389583587646769], [76.34764099121111, 9.390693664550952], [76.34735870361357, 9.390693664550952], [76.34735870361357, 9.390972137451115], [76.34707641601562, 9.390970230102539], [76.34707641601562, 9.391249656677417], [76.34680938720732, 9.391249656677417], [76.34680175781278, 9.39153099060087], [76.34652709960943, 9.39153099060087], [76.34652709960943, 9.39292144775419], [76.3462524414062, 9.392915725708065], [76.3462524414062, 9.393472671509016], [76.34597015380865, 9.39346790313715], [76.34597015380865, 9.394030570983887], [76.34569549560564, 9.394028663635481], [76.34569549560564, 9.39597320556669], [76.34541320800787, 9.395971298217717], [76.34541320800787, 9.396250724792594], [76.34513854980486, 9.396250724792594], [76.34513854980486, 9.396812438964844], [76.34458160400408, 9.396804809570483], [76.34458160400408, 9.397083282470874], [76.34430694580107, 9.397083282470874], [76.34430694580107, 9.398470878601131], [76.34402465820312, 9.398470878601131], [76.34402465820312, 9.399861335754451], [76.34375000000028, 9.399861335754451], [76.34375000000028, 9.40069484710699], [76.34348297119146, 9.400691032409838], [76.34348297119146, 9.401250839233455], [76.34319305419916, 9.401250839233455], [76.34319305419916, 9.402639389038029], [76.34291839599615, 9.402639389038029], [76.34291839599615, 9.402919769287166], [76.34263610839844, 9.402916908264103], [76.34263610839844, 9.403470993041992], [76.34236145019537, 9.403470993041992], [76.34236145019537, 9.40402984619135], [76.34208679199236, 9.404026985168457], [76.34208679199236, 9.40458297729515], [76.34179687500006, 9.404581069946346], [76.34179687500006, 9.40542030334467], [76.34152984619158, 9.405418395996094], [76.34152984619158, 9.405693054199503], [76.34180450439464, 9.405693054199503], [76.34180450439464, 9.405970573425407], [76.34152984619158, 9.405970573425407], [76.34152984619158, 9.406807899475325], [76.34124755859403, 9.406807899475325], [76.34124755859403, 9.407640457153377], [76.34097290039062, 9.407640457153377], [76.34097290039062, 9.408749580383471], [76.34069824218778, 9.408749580383471], [76.34069824218778, 9.409029960632438], [76.3404159545899, 9.409028053283862], [76.3404159545899, 9.409584045410327], [76.34014129638666, 9.409584045410327], [76.34014129638666, 9.410140037536621], [76.33985900878912, 9.410131454467773], [76.33985900878912, 9.41125202178955], [76.33957672119135, 9.41125202178955], [76.33957672119135, 9.411529541015625], [76.33930206298834, 9.411527633667049], [76.33930206298834, 9.413472175598258], [76.33902740478533, 9.413470268249682], [76.33902740478533, 9.414030075073299], [76.33875274658214, 9.414030075073299], [76.33875274658214, 9.415140151977482], [76.33847045898455, 9.415140151977482], [76.33847045898455, 9.415420532226847], [76.33819580078153, 9.41541576385498], [76.33819580078153, 9.415971755981445], [76.33791351318376, 9.415971755981445], [76.33791351318376, 9.418472290039347], [76.33763885498075, 9.418470382690373], [76.33763885498075, 9.419031143188704], [76.33735656738287, 9.419031143188704], [76.33735656738287, 9.419862747192667], [76.33708190917997, 9.419859886169604], [76.33708190917997, 9.420695304870549], [76.33680725097662, 9.420695304870549], [76.33680725097662, 9.422361373901367], [76.33652496337885, 9.422361373901367], [76.33652496337885, 9.423194885253963], [76.33680725097662, 9.423190116882495], [76.33680725097662, 9.424031257629395], [76.33651733398432, 9.424031257629395], [76.33651733398432, 9.424311637878361], [76.33625030517584, 9.424306869506893], [76.33625030517584, 9.424860954284782], [76.33598327636736, 9.424860954284782], [76.33598327636736, 9.425421714782715], [76.33569335937506, 9.425416946411246], [76.33569335937506, 9.425695419311637], [76.33541870117205, 9.425689697265682], [76.33541870117205, 9.42653083801298], [76.3351364135745, 9.42653083801298], [76.3351364135745, 9.427640914916935], [76.33486175537126, 9.427640914916935], [76.33486175537126, 9.427919387817326], [76.33458709716825, 9.427919387817326], [76.33458709716825, 9.428750991821289], [76.33430480957037, 9.428749084472713], [76.33430480957037, 9.430971145629826], [76.33403015136747, 9.430971145629826], [76.33403015136747, 9.431810379028548], [76.33374786376959, 9.431804656982592], [76.33374786376959, 9.432360649108887], [76.33347320556635, 9.432360649108887], [76.33347320556635, 9.43264198303251], [76.3331909179688, 9.432640075683537], [76.3331909179688, 9.434862136841048], [76.33347320556635, 9.434859275818155], [76.33347320556635, 9.435420036315918], [76.33374786376959, 9.43541622161871], [76.33374786376959, 9.43569374084501], [76.33403015136747, 9.43569374084501], [76.33403015136747, 9.435972213745401], [76.33374786376959, 9.435969352722338], [76.33374786376959, 9.436249732971305], [76.33347320556635, 9.436249732971305], [76.33347320556635, 9.436530113220272], [76.3331909179688, 9.436530113220272], [76.3331909179688, 9.436809539794922], [76.3329162597658, 9.43680572509777], [76.3329162597658, 9.437359809875659], [76.33264160156256, 9.437359809875659], [76.33264160156256, 9.439029693603459], [76.33235931396501, 9.439027786254883], [76.33235931396501, 9.439583778381348], [76.33180236816423, 9.439583778381348], [76.33180236816423, 9.439862251281738], [76.33152770996122, 9.439860343933162], [76.33152770996122, 9.440421104431266], [76.33125305175787, 9.440416336059627], [76.33125305175787, 9.440972328186092], [76.33152770996122, 9.440972328186092], [76.33152770996122, 9.442084312439022], [76.33125305175787, 9.442079544067383], [76.33125305175787, 9.443201065063647], [76.33096313476591, 9.443201065063647], [76.33097076416044, 9.44375038146967], [76.33069610595709, 9.44375038146967], [76.33069610595709, 9.444581985473633], [76.33040618896513, 9.444580078125057], [76.33040618896513, 9.445421218872355], [76.3301391601563, 9.445416450500488], [76.3301391601563, 9.44597244262718], [76.3298568725586, 9.445969581604288], [76.3298568725586, 9.446260452270508], [76.32958221435553, 9.446260452270508], [76.32958221435553, 9.446810722351188], [76.32930755615251, 9.446810722351188], [76.32930755615251, 9.447918891906795], [76.3290252685548, 9.44791698455839], [76.3290252685548, 9.448472976684855], [76.32875061035173, 9.448472976684855], [76.32875061035173, 9.450695037841797], [76.32847595214872, 9.450690269470499], [76.32847595214872, 9.451251029968262], [76.32819366455078, 9.451251029968262], [76.32819366455078, 9.452361106872615], [76.32791900634794, 9.452361106872615], [76.32791900634794, 9.452921867370549], [76.32763671875006, 9.45291709899908], [76.32763671875006, 9.453194618225154], [76.32736206054682, 9.453194618225154], [76.32736206054682, 9.454583168029899], [76.32707977294928, 9.454581260681152], [76.32707977294928, 9.456811904907283], [76.3268127441408, 9.456811904907283], [76.3268127441408, 9.457921981811637], [76.32653045654303, 9.457921981811637], [76.32653045654303, 9.458751678467024], [76.32596588134771, 9.458751678467024], [76.32596588134771, 9.460419654846248], [76.3256912231447, 9.460417747497843], [76.3256912231447, 9.461250305175724], [76.32541656494169, 9.461250305175724], [76.32541656494169, 9.46208381652849], [76.32514953613287, 9.462080955505428], [76.32514953613287, 9.465422630310002], [76.32485961914091, 9.465415954589957], [76.32485961914091, 9.465694427490348], [76.32457733154303, 9.465691566467285], [76.32457733154303, 9.466529846191463], [76.32430267334013, 9.466527938842887], [76.32430267334013, 9.467082023620605], [76.32402801513678, 9.467082023620605], [76.32402801513678, 9.467639923095646], [76.3237533569336, 9.46763801574707], [76.3237533569336, 9.469860076904354], [76.323471069336, 9.469860076904354], [76.323471069336, 9.470430374145621], [76.32319641113298, 9.470416069030819], [76.32319641113298, 9.47069358825712], [76.32291412353521, 9.47069358825712], [76.32291412353521, 9.47236347198492], [76.3226394653322, 9.472359657287768], [76.3226394653322, 9.472640991211222], [76.32236480712919, 9.472638130188159], [76.32236480712919, 9.473194122314624], [76.3226394653322, 9.473180770874137], [76.3226394653322, 9.474031448364542], [76.32236480712919, 9.47402858734148], [76.32236480712919, 9.474861145019531], [76.32209014892578, 9.474861145019531], [76.32209014892578, 9.475420951843375], [76.32180786132841, 9.475417137146223], [76.32180786132841, 9.475694656372127], [76.32153320312506, 9.475689888000659], [76.32153320312506, 9.476811408996525], [76.32125091552763, 9.47680473327648], [76.32125091552763, 9.479582786560059], [76.32096862792974, 9.479582786560059], [76.32096862792974, 9.47986125946045], [76.32068634033197, 9.47986125946045], [76.32068634033197, 9.480422019958553], [76.3204193115235, 9.480417251586914], [76.3204193115235, 9.480973243713379], [76.32013702392595, 9.480971336364803], [76.32013702392595, 9.481529235839844], [76.31986236572271, 9.481529235839844], [76.31986236572271, 9.48180961608881], [76.31958007812517, 9.48180961608881], [76.31958007812517, 9.484310150146712], [76.31931304931669, 9.484310150146712], [76.31931304931669, 9.486530303955021], [76.31903076171892, 9.486527442932356], [76.31903076171892, 9.48708438873291], [76.31931304931669, 9.487080574035758], [76.31931304931669, 9.487640380859375], [76.31958007812517, 9.487636566162223], [76.31958007812517, 9.488750457763729], [76.31931304931669, 9.488750457763729], [76.31931304931669, 9.490420341491756], [76.31903076171892, 9.490415573120117], [76.31903076171892, 9.490971565246582], [76.31874847412138, 9.490971565246582], [76.31874847412138, 9.49125194549572], [76.31846618652344, 9.49125194549572], [76.31846618652344, 9.49154186248802], [76.3181915283206, 9.491527557373047], [76.3181915283206, 9.492083549499512], [76.31791687011724, 9.492081642150936], [76.31791687011724, 9.492639541625977], [76.3181915283206, 9.4926376342774], [76.3181915283206, 9.493193626403865], [76.31846618652344, 9.493188858032227], [76.31846618652344, 9.494029998779297], [76.31874847412138, 9.494029998779297], [76.31874847412138, 9.49431133270258], [76.31847381591803, 9.494305610656795], [76.31847381591803, 9.494584083557186], [76.3181915283206, 9.494580268860034], [76.3181915283206, 9.495421409606934], [76.31791687011724, 9.495415687560978], [76.31791687011724, 9.495971679687443], [76.317642211914, 9.495971679687443], [76.317642211914, 9.496250152587834], [76.31735992431646, 9.496250152587834], [76.31735992431646, 9.4970836639406], [76.31708526611345, 9.4970836639406], [76.31708526611345, 9.497360229492188], [76.31680297851568, 9.49735069274908], [76.31680297851568, 9.497920989990519], [76.31652832031267, 9.497920989990519], [76.31652832031267, 9.498749732971248], [76.31625366210966, 9.498749732971248], [76.31625366210966, 9.499859809875602], [76.31595611572283, 9.499857902526799], [76.31595611572283, 9.501530647277889], [76.31569671630888, 9.501528739929313], [76.31569671630888, 9.502361297607365], [76.31540679931658, 9.502361297607365], [76.31541442871094, 9.503750801086426], [76.3151397705081, 9.503750801086426], [76.3151397705081, 9.504583358764876], [76.31485748291021, 9.504579544067496], [76.31485748291021, 9.505141258239746], [76.31458282470697, 9.505141258239746], [76.31458282470697, 9.506541252136401], [76.31430816650396, 9.506541252136401], [76.31430816650396, 9.507640838623331], [76.31402587890625, 9.507640838623331], [76.31402587890625, 9.508750915527287], [76.31375122070318, 9.508750915527287], [76.31375122070318, 9.510142326354924], [76.31346893310564, 9.510142326354924], [76.31346893310564, 9.511810302734546], [76.31319427490246, 9.51180458068859], [76.31319427490246, 9.513193130493335], [76.31291961669939, 9.513191223144531], [76.31291961669939, 9.514311790466309], [76.31263732910185, 9.514311790466309], [76.31263732910185, 9.515419960022086], [76.31236267089844, 9.515419960022086], [76.31236267089844, 9.5176420211792], [76.31208038330107, 9.517640113830623], [76.31208038330107, 9.519583702087346], [76.31181335449224, 9.51958179473877], [76.31181335449224, 9.52013969421381], [76.31153106689447, 9.520137786865234], [76.31153106689447, 9.5206937789917], [76.31124877929693, 9.520691871643123], [76.31124877929693, 9.521539688110465], [76.31096649169916, 9.521539688110465], [76.31096649169916, 9.522920608520678], [76.31069183349615, 9.522920608520678], [76.31069183349615, 9.524030685425032], [76.31041717529314, 9.52402782440214], [76.31041717529314, 9.525137901306323], [76.31069183349615, 9.525137901306323], [76.31069183349615, 9.525421142578352], [76.31041717529314, 9.525416374206486], [76.31041717529314, 9.525693893432788], [76.31069183349615, 9.525691986083984], [76.31069183349615, 9.526252746582145], [76.31015014648466, 9.526252746582145], [76.31015014648466, 9.52764129638689], [76.31041717529314, 9.52764129638689], [76.31041717529314, 9.529028892517147], [76.31015014648466, 9.529028892517147], [76.31015014648466, 9.530421257019043], [76.30986022949236, 9.530417442322062], [76.30986022949236, 9.530973434448356], [76.30959320068388, 9.530970573425293], [76.30959320068388, 9.531531333923397], [76.30930328369158, 9.531531333923397], [76.30930328369158, 9.531808853149471], [76.30958557128935, 9.531806945800895], [76.30958557128935, 9.533194541931152], [76.30930328369158, 9.533189773559684], [76.30930328369158, 9.533479690551985], [76.30902862548857, 9.533479690551985], [76.30902862548857, 9.534030914306811], [76.30874633789068, 9.534030914306811], [76.30874633789068, 9.534310340881461], [76.30902862548857, 9.534304618835506], [76.30902862548857, 9.534583091735897], [76.30874633789068, 9.534583091735897], [76.30874633789068, 9.534860610961971], [76.30902862548857, 9.534860610961971], [76.30902862548857, 9.535140991211165], [76.30874633789068, 9.535139083862362], [76.30874633789068, 9.536526679992619], [76.30847167968778, 9.536526679992619], [76.30847167968778, 9.537082672119311], [76.30874633789068, 9.537080764770508], [76.30874633789068, 9.537641525268839], [76.30847167968778, 9.537641525268839], [76.30847167968778, 9.53931045532255], [76.30819702148443, 9.539304733276424], [76.30819702148443, 9.540970802307243], [76.30790710449213, 9.540968894958667], [76.30791473388666, 9.541249275207633], [76.30764007568365, 9.541249275207633], [76.30764007568365, 9.542651176452864], [76.30791473388666, 9.542639732360954], [76.30791473388666, 9.543749809265137], [76.30764007568365, 9.543749809265137], [76.30764007568365, 9.544030189514274], [76.30735778808611, 9.544030189514274], [76.30735778808611, 9.544309616089151], [76.30708312988287, 9.544305801391602], [76.30708312988287, 9.54597187042242], [76.30680847167986, 9.54597187042242], [76.30680847167986, 9.547639846801815], [76.30652618408232, 9.547639846801815], [76.30652618408232, 9.549030303955362], [76.30625152587908, 9.549028396606388], [76.30625152587908, 9.550694465637207], [76.30596923828153, 9.550689697265739], [76.30596923828153, 9.552921295166186], [76.30569458007818, 9.55291557312023], [76.30569458007818, 9.553471565246696], [76.30541992187528, 9.55346965789812], [76.30541992187528, 9.553750991821573], [76.3056869506836, 9.553750991821573], [76.3056869506836, 9.555141448974894], [76.30541992187528, 9.555141448974894], [76.30541992187528, 9.557649612426758], [76.3051376342774, 9.557649612426758], [76.3051376342774, 9.557921409606877], [76.30486297607416, 9.557916641235408], [76.30486297607416, 9.558195114135799], [76.30458068847662, 9.558195114135799], [76.30458068847662, 9.558472633361873], [76.30486297607416, 9.558472633361873], [76.30486297607416, 9.559861183166618], [76.30458068847662, 9.559861183166618], [76.30458068847662, 9.560140609741495], [76.30486297607416, 9.560140609741495], [76.30486297607416, 9.56042194366455], [76.30458068847662, 9.560417175293082], [76.30458068847662, 9.560694694518986], [76.30430603027361, 9.560690879821834], [76.30430603027361, 9.561250686645451], [76.30458068847662, 9.561250686645451], [76.30458068847662, 9.562360763549805], [76.30430603027361, 9.562360763549805], [76.30430603027361, 9.562639236450195], [76.30403137207037, 9.562639236450195], [76.30403137207037, 9.564582824707315], [76.30374908447283, 9.564580917358342], [76.30374908447283, 9.565420150757063], [76.30347442626982, 9.565417289734171], [76.30347442626982, 9.568470954895076], [76.30319213867205, 9.568470954895076], [76.30319213867205, 9.570693969726676], [76.30291748046903, 9.570695877075252], [76.30291748046903, 9.570972442627237], [76.30264282226568, 9.570968627929688], [76.30264282226568, 9.571530342102108], [76.30291748046903, 9.571530342102108], [76.30291748046903, 9.57181262969965], [76.30319213867205, 9.571805953979606], [76.30319213867205, 9.57236194610607], [76.30291748046903, 9.57236194610607], [76.30291748046903, 9.572637557983398], [76.30264282226568, 9.572630882263354], [76.30264282226568, 9.572919845581339], [76.30236053466825, 9.572917938232365], [76.30236053466825, 9.573193550109863], [76.3020858764649, 9.573191642761287], [76.3020858764649, 9.573749542236328], [76.30236053466825, 9.573749542236328], [76.30236053466825, 9.574029922485295], [76.3020858764649, 9.574029922485295], [76.3020858764649, 9.574311256408748], [76.30236053466825, 9.574311256408748], [76.30236053466825, 9.576810836792163], [76.3020858764649, 9.57680416107172], [76.3020858764649, 9.578193664550952], [76.30179595947294, 9.578189849853572], [76.30179595947294, 9.578759193420353], [76.30152893066412, 9.578749656677246], [76.30152893066412, 9.579582214355696], [76.30179595947294, 9.579580307006893], [76.30180358886713, 9.5798597335816], [76.30152893066412, 9.5798597335816], [76.30152893066412, 9.580141067505053], [76.3012466430664, 9.580141067505053], [76.3012466430664, 9.58042144775402], [76.30152893066412, 9.580415725708065], [76.30152893066412, 9.58319473266613], [76.30180358886713, 9.58319473266613], [76.30180358886713, 9.58347320556652], [76.30152893066412, 9.583470344543457], [76.30152893066412, 9.584310531616438], [76.3012466430664, 9.584304809570312], [76.3012466430664, 9.584583282470874], [76.30097961425787, 9.584570884704647], [76.30097961425787, 9.585420608520792], [76.30069732666033, 9.585416793823242], [76.30069732666033, 9.585695266723633], [76.30041503906261, 9.585695266723633], [76.30041503906261, 9.585972785949707], [76.30014038085955, 9.585972785949707], [76.30014038085955, 9.586251258850098], [76.30041503906261, 9.586251258850098], [76.30041503906261, 9.587571144104004], [76.3054428100586, 9.588012695312557], [76.32585906982439, 9.588609695434627], [76.34104156494152, 9.584039688110408], [76.35629272460943, 9.58119106292719], [76.35739135742193, 9.581220626831055], [76.3595428466798, 9.581550598144815], [76.36383056640642, 9.58230972290039], [76.366470336914, 9.582970619201603], [76.36735534667974, 9.583227157593058]]]]}, "properties": {"id": "ambalappuzha", "taluk_name": "Ambalappuzha", "malayalam_name": "അമ്പലപ്പുഴ", "district_name": "Alappuzha", "district_id": "alappuzha", "elevation_m": 5, "slope_degrees": 0.8, "area_sq_km": 220, "centroid": {"lat": 9.38, "lng": 76.36}, "dominant_land_use": "Below-Sea-Level Paddy Farming & Coconut Lagoons (Slope: 0.8°)", "soil_type": "Hydromorphic Coastal Sands & River Alluvium", "rusle": {"R": 2106, "K": 0.018, "LS": 1.6, "C": 0.16, "P": 0.71, "A": 3.6}, "risk_category": "Low", "time_series": {"2018": 4.5, "2019": 4.1, "2020": 3.3, "2021": 3.7, "2022": 3.4, "2023": 3.0, "2024": 3.6}, "conservation": ["Contour terracing suitable for 5m elevation zones", "Runoff control hedgerows across slopes > 5.0°"], "is_sample_data": true, "data_source": "Bundled GeoJSON (DEMO Mode)"}}, {"type": "Feature", "id": "kuttanad", "geometry": {"type": "Polygon", "coordinates": [[[76.53037, 9.42], [76.52983, 9.43563], [76.52581, 9.45081], [76.51862, 9.46478], [76.50885, 9.47699], [76.49715, 9.4872], [76.48407, 9.49531], [76.47, 9.50131], [76.45522, 9.50513], [76.44, 9.50656], [76.42474, 9.50535], [76.40998, 9.50136], [76.39633, 9.49461], [76.38436, 9.48542], [76.37443, 9.47428], [76.36665, 9.46178], [76.36091, 9.4484], [76.35702, 9.43443], [76.35489, 9.42], [76.35466, 9.40515], [76.35667, 9.39008], [76.36138, 9.37522], [76.36913, 9.36134], [76.37991, 9.34936], [76.39329, 9.34019], [76.40844, 9.33446], [76.42433, 9.33231], [76.44, 9.33344], [76.4548, 9.3372], [76.46846, 9.34287], [76.48103, 9.34989], [76.49271, 9.35803], [76.50356, 9.36739], [76.51335, 9.37822], [76.52157, 9.39071], [76.52747, 9.40478], [76.53037, 9.42]]]}, "properties": {"id": "kuttanad", "taluk_name": "Kuttanad", "malayalam_name": "കുട്ടനാട്", "district_name": "Alappuzha", "district_id": "alappuzha", "elevation_m": 2, "slope_degrees": 0.5, "area_sq_km": 290, "centroid": {"lat": 9.42, "lng": 76.44}, "dominant_land_use": "Below-Sea-Level Paddy Farming & Coconut Lagoons (Slope: 0.5°)", "soil_type": "Hydromorphic Coastal Sands & River Alluvium", "rusle": {"R": 2093, "K": 0.018, "LS": 1.4, "C": 0.15, "P": 0.72, "A": 3.1}, "risk_category": "Low", "time_series": {"2018": 3.9, "2019": 3.6, "2020": 2.9, "2021": 3.2, "2022": 2.9, "2023": 2.5, "2024": 3.1}, "conservation": ["Contour terracing suitable for 2m elevation zones", "Runoff control hedgerows across slopes > 5.0°"], "is_sample_data": true, "data_source": "Bundled GeoJSON (DEMO Mode)"}}, {"type": "Feature", "id": "cherthala", "geometry": {"type": "MultiPolygon", "coordinates": [[[[76.38541412353516, 9.620693206787337], [76.38541412353516, 9.620417594909838], [76.38597106933611, 9.620420455932901], [76.38597106933611, 9.62014198303234], [76.38625335693388, 9.62014198303234], [76.38625335693388, 9.620420455932901], [76.38652801513689, 9.620420455932901], [76.38652801513689, 9.619860649108887], [76.3868026733399, 9.619860649108887], [76.3868026733399, 9.62014198303234], [76.38707733154297, 9.62014198303234], [76.38707733154297, 9.619860649108887], [76.38764190673822, 9.619860649108887], [76.38764190673822, 9.619304656982422], [76.38791656494146, 9.619310379028548], [76.38791656494146, 9.619031906127987], [76.38764190673822, 9.619031906127987], [76.38764190673822, 9.617642402648926], [76.38735961914068, 9.617642402648926], [76.38735961914068, 9.61736106872587], [76.38707733154297, 9.61736106872587], [76.38707733154297, 9.616809844970874], [76.3868026733399, 9.616809844970874], [76.3868026733399, 9.615691184997672], [76.38652801513689, 9.615694999694824], [76.38652801513689, 9.615416526794661], [76.38625335693388, 9.615416526794661], [76.38625335693388, 9.615694999694824], [76.38597106933611, 9.615694999694824], [76.38597106933611, 9.614583015441895], [76.38541412353516, 9.614583015441895], [76.38541412353516, 9.614304542541504], [76.38513946533232, 9.61430931091337], [76.38513946533232, 9.613751411438102], [76.38485717773443, 9.613751411438102], [76.38485717773443, 9.613471031188965], [76.3845825195312, 9.61347293853754], [76.3845825195312, 9.613748550415039], [76.38402557373047, 9.613751411438102], [76.38402557373047, 9.614583015441895], [76.38430786132818, 9.614583015441895], [76.38430786132818, 9.614860534667969], [76.38318634033209, 9.614860534667969], [76.38318634033209, 9.615419387817326], [76.38291931152361, 9.615416526794661], [76.38291931152361, 9.615694999694824], [76.38236236572266, 9.615694999694824], [76.38236236572266, 9.615973472595215], [76.38207244873075, 9.615970611572322], [76.38207244873075, 9.616250991821516], [76.38181304931646, 9.616250991821516], [76.38181304931646, 9.61793136596674], [76.38208007812528, 9.617917060852335], [76.38208007812528, 9.618471145629826], [76.38236236572266, 9.618471145629826], [76.38236236572266, 9.619031906127987], [76.38263702392607, 9.619031906127987], [76.38263702392607, 9.619310379028548], [76.38402557373047, 9.619304656982422], [76.38402557373047, 9.619860649108887], [76.38430786132818, 9.619860649108887], [76.38430786132818, 9.62014198303234], [76.3845825195312, 9.62014198303234], [76.3845825195312, 9.620420455932901], [76.38513946533232, 9.620417594909838], [76.38513946533232, 9.620693206787337], [76.38541412353516, 9.620693206787337]]], [[[76.32402801513678, 9.825695037841797], [76.32402801513678, 9.825416564941406], [76.32457733154303, 9.825421333313045], [76.32457733154303, 9.824860572814941], [76.32485961914091, 9.824860572814941], [76.32485961914091, 9.82430362701416], [76.32514953613287, 9.824311256408691], [76.32514953613287, 9.823751449585075], [76.32541656494169, 9.823751449585075], [76.32541656494169, 9.82319545745878], [76.3256912231447, 9.82319545745878], [76.3256912231447, 9.822916030883903], [76.32596588134771, 9.822918891906795], [76.32596588134771, 9.82235145568842], [76.32653045654303, 9.82235145568842], [76.32653045654303, 9.822641372680721], [76.3268127441408, 9.822641372680721], [76.3268127441408, 9.822918891906795], [76.32707977294928, 9.822916030883903], [76.32707977294928, 9.823472976684684], [76.32763671875006, 9.823472976684684], [76.32763671875006, 9.82319545745878], [76.32847595214872, 9.82319545745878], [76.32847595214872, 9.821806907653865], [76.32763671875006, 9.821810722351017], [76.32763671875006, 9.820969581604118], [76.32736206054682, 9.82097244262701], [76.32736206054682, 9.81958198547386], [76.32763671875006, 9.81958198547386], [76.32763671875006, 9.818471908569506], [76.32791900634794, 9.818471908569506], [76.32791900634794, 9.817915916443042], [76.32847595214872, 9.81792068481451], [76.32847595214872, 9.817640304565714], [76.3290328979495, 9.817640304565714], [76.3290328979495, 9.81735992431635], [76.32875061035173, 9.81735992431635], [76.32875061035173, 9.816805839538858], [76.32847595214872, 9.816810607910156], [76.32847595214872, 9.816249847412394], [76.32875061035173, 9.816249847412394], [76.32875061035173, 9.815972328186092], [76.32847595214872, 9.815972328186092], [76.32847595214872, 9.815693855285701], [76.32819366455078, 9.815693855285701], [76.32819366455078, 9.815416336059627], [76.32791900634794, 9.815420150757006], [76.32791900634794, 9.814310073852653], [76.32763671875006, 9.814310073852653], [76.32763671875006, 9.812081336975098], [76.32736206054682, 9.81208419799816], [76.32736206054682, 9.81041526794445], [76.32707977294928, 9.81041526794445], [76.32707977294928, 9.809583663940487], [76.3268051147461, 9.809583663940487], [76.3268051147461, 9.808749198913631], [76.32653045654303, 9.808749198913631], [76.32653045654303, 9.808193206787166], [76.3268051147461, 9.808193206787166], [76.3268051147461, 9.807916641235352], [76.32653045654303, 9.80792045593273], [76.32653045654303, 9.80764198303234], [76.32541656494169, 9.80764198303234], [76.32541656494169, 9.807350158691463], [76.32430267334013, 9.807350158691463], [76.32430267334013, 9.80764198303234], [76.3237533569336, 9.80764198303234], [76.3237533569336, 9.80792045593273], [76.32319641113298, 9.80792045593273], [76.32319641113298, 9.809029579162598], [76.32291412353521, 9.809026718139705], [76.32291412353521, 9.81097221374523], [76.32319641113298, 9.81097221374523], [76.32319641113298, 9.812361717224064], [76.323471069336, 9.812359809875488], [76.323471069336, 9.813481330871753], [76.32319641113298, 9.813471794128418], [76.32319641113298, 9.814862251281738], [76.32291412353521, 9.814862251281738], [76.32291412353521, 9.817084312439249], [76.32319641113298, 9.817079544067383], [76.32319641113298, 9.821531295776367], [76.32290649414068, 9.821531295776367], [76.32290649414068, 9.822641372680721], [76.3226394653322, 9.822641372680721], [76.3226394653322, 9.823751449585075], [76.32291412353521, 9.823751449585075], [76.32291412353521, 9.824860572814941], [76.32319641113298, 9.824860572814941], [76.32319641113298, 9.825421333313045], [76.323471069336, 9.825416564941406], [76.323471069336, 9.825695037841797], [76.32402801513678, 9.825695037841797]]], [[[76.37236022949247, 9.825695037841797], [76.37236022949247, 9.825416564941406], [76.37291717529325, 9.825421333313045], [76.37291717529325, 9.825140953063908], [76.3731994628908, 9.825140953063908], [76.3731994628908, 9.824860572814941], [76.37347412109403, 9.824860572814941], [76.37347412109403, 9.824583053588867], [76.37319183349626, 9.824583053588867], [76.37319183349626, 9.821528434753475], [76.37236022949247, 9.821528434753475], [76.37236022949247, 9.822085380554427], [76.37208557128912, 9.822085380554427], [76.37208557128912, 9.82319545745878], [76.37180328369135, 9.823189735412654], [76.37180328369135, 9.825421333313045], [76.37152862548834, 9.825416564941406], [76.37152862548834, 9.825695037841797], [76.37236022949247, 9.825695037841797]]], [[[76.3684692382813, 9.826811790466593], [76.3684692382813, 9.826531410217228], [76.36958312988281, 9.826531410217228], [76.36958312988281, 9.826251029968262], [76.36985778808622, 9.826251029968262], [76.36985778808622, 9.825690269470329], [76.37014007568376, 9.825695037841797], [76.37014007568376, 9.825139045715332], [76.37040710449224, 9.825140953063908], [76.37040710449224, 9.824311256408691], [76.37013244628923, 9.824311256408691], [76.37013244628923, 9.824030876159725], [76.36985778808622, 9.824030876159725], [76.36985778808622, 9.824311256408691], [76.36958312988281, 9.82430362701416], [76.36958312988281, 9.824583053588867], [76.36930847167997, 9.824583053588867], [76.36930847167997, 9.824860572814941], [76.3684692382813, 9.824860572814941], [76.3684692382813, 9.825140953063908], [76.36736297607433, 9.825140953063908], [76.36736297607433, 9.825421333313045], [76.36708068847673, 9.825416564941406], [76.36708068847673, 9.825695037841797], [76.36680603027372, 9.825690269470329], [76.36680603027372, 9.826811790466593], [76.3684692382813, 9.826811790466593]]], [[[76.28930664062506, 9.847361564636174], [76.28930664062506, 9.847082138061694], [76.28986358642584, 9.847082138061694], [76.28986358642584, 9.84680557250988], [76.2904129028322, 9.846811294555664], [76.2904129028322, 9.846249580383414], [76.29013824462919, 9.846249580383414], [76.29013824462919, 9.845691680908374], [76.28986358642584, 9.84569358825695], [76.28986358642584, 9.845137596130485], [76.28958129882841, 9.845140457153548], [76.28958129882841, 9.844579696655217], [76.28930664062506, 9.844584465027083], [76.28930664062506, 9.844305992126692], [76.28874969482428, 9.84431076049816], [76.28874969482428, 9.844030380249194], [76.2881927490235, 9.844030380249194], [76.2881927490235, 9.84431076049816], [76.28791809082048, 9.844305992126692], [76.28791809082048, 9.844584465027083], [76.28763580322277, 9.844584465027083], [76.28763580322277, 9.84569358825695], [76.28791809082048, 9.845691680908374], [76.28791809082048, 9.846811294555664], [76.2881927490235, 9.84680557250988], [76.2881927490235, 9.847082138061694], [76.28847503662126, 9.847082138061694], [76.28847503662126, 9.847361564636174], [76.28930664062506, 9.847361564636174]]], [[[76.29652404785173, 9.889862060546875], [76.29652404785173, 9.889582633972168], [76.2976379394533, 9.889582633972168], [76.2976379394533, 9.889305114746094], [76.29818725585932, 9.889311790466536], [76.29818725585932, 9.889030456543082], [76.29846954345709, 9.889030456543082], [76.29846954345709, 9.88876056671171], [76.29875183105463, 9.88876056671171], [76.29875183105463, 9.888470649719238], [76.29902648925787, 9.888474464416788], [76.29902648925787, 9.888193130493164], [76.29930877685575, 9.888193130493164], [76.29930877685575, 9.88791656494135], [76.29957580566423, 9.887920379638729], [76.29957580566423, 9.887641906738338], [76.299858093262, 9.887641906738338], [76.299858093262, 9.887360572815055], [76.30014038085955, 9.887360572815055], [76.30014038085955, 9.88708305358898], [76.30041503906261, 9.88708305358898], [76.30041503906261, 9.886527061462516], [76.30069732666033, 9.886531829833984], [76.30069732666033, 9.886251449585018], [76.30097961425787, 9.886251449585018], [76.30097961425787, 9.885971069336222], [76.30152893066412, 9.885971069336222], [76.30152893066412, 9.885695457458723], [76.30180358886713, 9.885695457458723], [76.30180358886713, 9.885416984558162], [76.3020858764649, 9.885418891906738], [76.3020858764649, 9.885141372680664], [76.30236053466825, 9.885141372680664], [76.30236053466825, 9.884860992431868], [76.3026351928711, 9.884860992431868], [76.3026351928711, 9.884583473205566], [76.30291748046903, 9.884583473205566], [76.30291748046903, 9.884305000305403], [76.30319213867205, 9.884311676025447], [76.30319213867205, 9.884029388427905], [76.30374908447283, 9.884029388427905], [76.30374908447283, 9.883750915527514], [76.3040161132813, 9.883750915527514], [76.3040161132813, 9.883470535278548], [76.30486297607416, 9.883473396301213], [76.30486297607416, 9.88319492340105], [76.3051376342774, 9.88319492340105], [76.3051376342774, 9.882917404174748], [76.3056869506836, 9.882919311523722], [76.3056869506836, 9.882630348205737], [76.30596923828153, 9.882638931274357], [76.30596923828153, 9.882361412048283], [76.30652618408232, 9.882361412048283], [76.30652618408232, 9.882082939147892], [76.30680847167986, 9.882082939147892], [76.30680847167986, 9.881805419921989], [76.30735778808611, 9.881809234619368], [76.30735778808611, 9.881528854370401], [76.30764007568365, 9.881528854370401], [76.30764007568365, 9.8812513351441], [76.30819702148443, 9.8812513351441], [76.30819702148443, 9.88097286224371], [76.30847167968778, 9.88097286224371], [76.30847167968778, 9.880416870117244], [76.30902862548857, 9.880420684814453], [76.30902862548857, 9.880141258239746], [76.30930328369158, 9.880141258239746], [76.30930328369158, 9.87986087799078], [76.30986022949236, 9.87986087799078], [76.30986022949236, 9.879583358764705], [76.31041717529314, 9.879591941833723], [76.31041717529314, 9.87931060791027], [76.31096649169916, 9.87931060791027], [76.31096649169916, 9.879031181335392], [76.31181335449224, 9.879031181335392], [76.31181335449224, 9.878750801086426], [76.31236267089844, 9.878750801086426], [76.31236267089844, 9.878473281860352], [76.31291961669939, 9.878473281860352], [76.31291961669939, 9.878194808959961], [76.31346893310564, 9.878194808959961], [76.31346893310564, 9.877917289733887], [76.31430816650396, 9.87792110443121], [76.31430816650396, 9.877640724182072], [76.31485748291021, 9.877640724182072], [76.31485748291021, 9.877360343933105], [76.31569671630888, 9.877360343933105], [76.31569671630888, 9.877084732055778], [76.31652832031267, 9.877084732055778], [76.31652832031267, 9.87680435180664], [76.31735992431646, 9.876819610595703], [76.31735992431646, 9.876530647277889], [76.31846618652344, 9.876530647277889], [76.31846618652344, 9.876251220703239], [76.31931304931669, 9.876251220703239], [76.31930541992216, 9.874859809875602], [76.31902313232439, 9.874862670898494], [76.31902313232439, 9.874031066894531], [76.31874847412138, 9.874031066894531], [76.31874847412138, 9.873458862304688], [76.31847381591803, 9.873472213745174], [76.31847381591803, 9.87291622161888], [76.3181915283206, 9.872920989990348], [76.3181915283206, 9.871810913085994], [76.31791687011724, 9.871810913085994], [76.31791687011724, 9.871250152588061], [76.317642211914, 9.871250152588061], [76.317642211914, 9.870140075683878], [76.31735992431646, 9.870140075683878], [76.31735992431646, 9.869029998779524], [76.31709289550798, 9.869029998779524], [76.31709289550798, 9.868188858032227], [76.31680297851568, 9.868193626403865], [76.31680297851568, 9.866527557373047], [76.31709289550798, 9.86653041839594], [76.31709289550798, 9.865971565246582], [76.31735992431646, 9.865971565246582], [76.31735992431646, 9.865415573120117], [76.31709289550798, 9.865420341491756], [76.31709289550798, 9.865141868591365], [76.31735992431646, 9.865141868591365], [76.31735992431646, 9.864031791687012], [76.317642211914, 9.864031791687012], [76.317642211914, 9.863748550414982], [76.31735992431646, 9.863748550414982], [76.31735992431646, 9.862640380859602], [76.31709289550798, 9.862640380859602], [76.31709289550798, 9.861809730529728], [76.31680297851568, 9.861809730529728], [76.31680297851568, 9.861522674560717], [76.31708526611345, 9.861527442932186], [76.31708526611345, 9.861248970031795], [76.31680297851568, 9.861251831054688], [76.31680297851568, 9.860971450805891], [76.31708526611345, 9.860973358154297], [76.31708526611345, 9.860138893127441], [76.31680297851568, 9.860138893127441], [76.31680297851568, 9.858751296997184], [76.31708526611345, 9.858751296997184], [76.31708526611345, 9.858470916748217], [76.31680297851568, 9.858470916748217], [76.31680297851568, 9.857916831970329], [76.31708526611345, 9.857916831970329], [76.31708526611345, 9.857083320617733], [76.31735992431646, 9.857083320617733], [76.31735992431646, 9.855973243713379], [76.317642211914, 9.855973243713379], [76.317642211914, 9.855694770813216], [76.31735992431646, 9.855694770813216], [76.31735992431646, 9.853751182556096], [76.317642211914, 9.853751182556096], [76.317642211914, 9.853472709655705], [76.31735992431646, 9.853472709655705], [76.31735992431646, 9.852360725402946], [76.317642211914, 9.852360725402946], [76.317642211914, 9.851250648498592], [76.31791687011724, 9.851250648498592], [76.31791687011724, 9.850140571594238], [76.3181915283206, 9.850140571594238], [76.3181915283206, 9.84957790374773], [76.31791687011724, 9.849584579467773], [76.31791687011724, 9.849304199218807], [76.3181915283206, 9.849310874939022], [76.3181915283206, 9.849031448364371], [76.31791687011724, 9.849031448364371], [76.31791687011724, 9.848750114440918], [76.3181915283206, 9.848750114440918], [76.3181915283206, 9.848469734191951], [76.31791687011724, 9.848471641540527], [76.31791687011724, 9.847915649414062], [76.317642211914, 9.847921371460018], [76.317642211914, 9.847359657287598], [76.31708526611345, 9.847361564636174], [76.31708526611345, 9.84680557250988], [76.31680297851568, 9.846811294555664], [76.31680297851568, 9.846249580383414], [76.31709289550798, 9.846249580383414], [76.31709289550798, 9.845970153808537], [76.31680297851568, 9.84597206115734], [76.31680297851568, 9.844860076904581], [76.31708526611345, 9.844860076904581], [76.31708526611345, 9.843750000000227], [76.31735992431646, 9.843750000000227], [76.31735992431646, 9.843189239501896], [76.317642211914, 9.843194007873535], [76.317642211914, 9.842362403869572], [76.31791687011724, 9.842362403869572], [76.31791687011724, 9.840694427490348], [76.3181915283206, 9.840694427490348], [76.3181915283206, 9.839584350585994], [76.31847381591803, 9.839584350585994], [76.31847381591803, 9.839305877685604], [76.31930541992216, 9.839305877685604], [76.31930541992216, 9.839584350585994], [76.31958007812517, 9.839584350585994], [76.31958007812517, 9.83902835845953], [76.31986236572271, 9.839030265808105], [76.31986236572271, 9.838472366333065], [76.32013702392595, 9.838472366333065], [76.32013702392595, 9.837362289428711], [76.3204193115235, 9.837362289428711], [76.3204193115235, 9.836526870727539], [76.32068634033197, 9.836529731750602], [76.32068634033197, 9.835970878601074], [76.32096862792974, 9.835970878601074], [76.32096862792974, 9.835417747497672], [76.32125091552763, 9.835419654846248], [76.32125091552763, 9.834858894348145], [76.32152557373053, 9.834860801696891], [76.32152557373053, 9.834304809570426], [76.32180786132841, 9.834309577941895], [76.32180786132841, 9.833750724792537], [76.32153320312506, 9.833750724792537], [76.32153320312506, 9.833190917968693], [76.32125091552763, 9.833194732666072], [76.32125091552763, 9.832638740539608], [76.32096862792974, 9.8326416015625], [76.32096862792974, 9.83125114440935], [76.32068634033197, 9.83125114440935], [76.32068634033197, 9.827361106872615], [76.32096862792974, 9.827361106872615], [76.32096862792974, 9.82430362701416], [76.32125091552763, 9.824311256408691], [76.32125091552763, 9.824030876159725], [76.32096862792974, 9.824030876159725], [76.32096862792974, 9.823470115661621], [76.32125091552763, 9.823472976684684], [76.32125091552763, 9.822637557983342], [76.32153320312506, 9.822641372680721], [76.32153320312506, 9.821810722351017], [76.32180786132841, 9.821810722351017], [76.32180786132841, 9.82069015502924], [76.32208251953142, 9.82069396972662], [76.32208251953142, 9.819306373596362], [76.32180786132841, 9.81931114196783], [76.32180786132841, 9.818189620971737], [76.32152557373053, 9.818194389343205], [76.32152557373053, 9.817084312439249], [76.32125091552763, 9.817084312439249], [76.32125091552763, 9.815972328186092], [76.32152557373053, 9.815972328186092], [76.32152557373053, 9.815137863159237], [76.32180786132841, 9.815141677856445], [76.32180786132841, 9.814581871032772], [76.32208251953142, 9.814583778381348], [76.32208251953142, 9.812640190124625], [76.32180786132841, 9.812640190124625], [76.32180786132841, 9.80764198303234], [76.32209014892578, 9.80764198303234], [76.32209014892578, 9.806810379028377], [76.32235717773466, 9.806810379028377], [76.32235717773466, 9.806250572204704], [76.3226394653322, 9.806250572204704], [76.3226394653322, 9.805971145630053], [76.32291412353521, 9.805971145630053], [76.32291412353521, 9.805694580078239], [76.32514190673828, 9.805694580078239], [76.32514190673828, 9.805971145630053], [76.32541656494169, 9.805971145630053], [76.32541656494169, 9.805694580078239], [76.3256912231447, 9.805694580078239], [76.3256912231447, 9.804026603699015], [76.32596588134771, 9.804032325744572], [76.32596588134771, 9.802919387817553], [76.32624816894548, 9.802919387817553], [76.32624816894548, 9.802640914917163], [76.32596588134771, 9.802640914917163], [76.32596588134771, 9.80180931091337], [76.32624816894548, 9.80180931091337], [76.32624816894548, 9.801540374755916], [76.32596588134771, 9.801540374755916], [76.32596588134771, 9.800971031188965], [76.32624816894548, 9.80097293853754], [76.32624816894548, 9.799860954284782], [76.32596588134771, 9.799860954284782], [76.32596588134771, 9.799031257629395], [76.32624816894548, 9.799031257629395], [76.32624816894548, 9.798750877380428], [76.32596588134771, 9.798750877380428], [76.32596588134771, 9.79818058013916], [76.3256912231447, 9.798194885253963], [76.3256912231447, 9.797361373901595], [76.32541656494169, 9.797361373901595], [76.32541656494169, 9.796528816223145], [76.3256912231447, 9.79653072357172], [76.3256912231447, 9.795141220092887], [76.32596588134771, 9.795141220092887], [76.32596588134771, 9.794580459594727], [76.3256912231447, 9.79458236694353], [76.3256912231447, 9.794305801391715], [76.32596588134771, 9.794310569763184], [76.32596588134771, 9.794031143188533], [76.3256912231447, 9.794031143188533], [76.3256912231447, 9.79319190979021], [76.32624816894548, 9.793193817138786], [76.32624816894548, 9.79263782501232], [76.3268127441408, 9.792639732360897], [76.3268127441408, 9.792079925537053], [76.32707977294928, 9.792083740234432], [76.32707977294928, 9.791527748107967], [76.3268127441408, 9.791529655456543], [76.3268127441408, 9.79014015197771], [76.32707977294928, 9.79014015197771], [76.32707977294928, 9.789030075073526], [76.32736206054682, 9.789030075073526], [76.32736206054682, 9.788191795349121], [76.32763671875006, 9.788193702697697], [76.32763671875006, 9.78791809082037], [76.32791900634794, 9.787919998169173], [76.32791900634794, 9.787360191345329], [76.32819366455078, 9.787362098693904], [76.32819366455078, 9.78680610656744], [76.32875061035173, 9.786809921264819], [76.32875061035173, 9.786529541015852], [76.3290328979495, 9.786529541015852], [76.3290328979495, 9.785971641540584], [76.32958221435553, 9.785971641540584], [76.32958221435553, 9.78569412231451], [76.3301391601563, 9.78569412231451], [76.3301391601563, 9.78541564941412], [76.33040618896513, 9.785420417785588], [76.33040618896513, 9.785141944885197], [76.33096313476591, 9.785141944885197], [76.33096313476591, 9.78486156463623], [76.33152770996122, 9.78486156463623], [76.33152770996122, 9.784584045410156], [76.33180236816423, 9.784584045410156], [76.33180236816423, 9.784305572509766], [76.3320770263673, 9.784310340881404], [76.3320770263673, 9.784029960632438], [76.33235931396501, 9.784029960632438], [76.33235931396501, 9.783469200134334], [76.33264160156256, 9.78347110748291], [76.33264160156256, 9.782640457153605], [76.3329162597658, 9.782640457153605], [76.3329162597658, 9.782361984253043], [76.3331909179688, 9.782361984253043], [76.3331909179688, 9.781805038452262], [76.33347320556635, 9.78180980682373], [76.33347320556635, 9.780970573425407], [76.33374786376959, 9.780974388122786], [76.33374786376959, 9.780693054199332], [76.33403015136747, 9.780693054199332], [76.33403015136747, 9.780138969421444], [76.33429718017578, 9.780141830444336], [76.33429718017578, 9.77986145019554], [76.33486175537126, 9.77986145019554], [76.33486175537126, 9.779026985168684], [76.33458709716825, 9.77902889251709], [76.33458709716825, 9.778751373291186], [76.33403015136747, 9.778751373291186], [76.33403015136747, 9.77847099304222], [76.33374786376959, 9.77847099304222], [76.33374786376959, 9.778195381164721], [76.33347320556635, 9.778195381164721], [76.33347320556635, 9.777083396911564], [76.33374786376959, 9.777083396911564], [76.33374786376959, 9.776804924011174], [76.33347320556635, 9.77680969238304], [76.33347320556635, 9.775690078735352], [76.3331909179688, 9.775694847107218], [76.3331909179688, 9.773751258850098], [76.3329162597658, 9.773751258850098], [76.3329162597658, 9.773195266723633], [76.33347320556635, 9.773195266723633], [76.33347320556635, 9.772360801696777], [76.33374786376959, 9.772360801696777], [76.33374786376959, 9.771806716918888], [76.33403015136747, 9.771810531616268], [76.33403015136747, 9.770970344543457], [76.33430480957037, 9.77097320556652], [76.33430480957037, 9.77069473266613], [76.33458709716825, 9.77069473266613], [76.33458709716825, 9.769860267639274], [76.33486175537126, 9.769860267639274], [76.33486175537126, 9.769304275512809], [76.3351364135745, 9.769310951232853], [76.3351364135745, 9.768751144409407], [76.33541870117205, 9.768751144409407], [76.33541870117205, 9.7673597335816], [76.33569335937506, 9.7673597335816], [76.33569335937506, 9.765972137451342], [76.33597564697283, 9.765972137451342], [76.33597564697283, 9.765693664550781], [76.33625030517584, 9.765693664550781], [76.33625030517584, 9.765416145324878], [76.33708953857416, 9.765430450439453], [76.33708953857416, 9.765139579773063], [76.33790588378923, 9.765139579773063], [76.33790588378923, 9.764860153198185], [76.33819580078153, 9.764860153198185], [76.33819580078153, 9.764583587646598], [76.33847045898455, 9.764583587646598], [76.33847045898455, 9.764306068420694], [76.33875274658214, 9.764310836791992], [76.33875274658214, 9.764030456543196], [76.33902740478533, 9.764030456543196], [76.33902740478533, 9.76375007629423], [76.33930206298834, 9.76375007629423], [76.33930206298834, 9.763469696044865], [76.33958435058594, 9.763471603393839], [76.33958435058594, 9.763194084167537], [76.33985900878912, 9.763194084167537], [76.33985900878912, 9.762915611267374], [76.3404159545899, 9.762920379638842], [76.3404159545899, 9.761249542236328], [76.34012603759794, 9.761249542236328], [76.34012603759794, 9.758191108703613], [76.3404159545899, 9.758193969726676], [76.3404159545899, 9.756806373596419], [76.34069061279325, 9.7568101882934], [76.34069061279325, 9.756260871887378], [76.3404159545899, 9.756260871887378], [76.3404159545899, 9.7551403045656], [76.34012603759794, 9.7551403045656], [76.34012603759794, 9.754030227661417], [76.3404159545899, 9.754030227661417], [76.3404159545899, 9.753748893737793], [76.34012603759794, 9.753748893737793], [76.34012603759794, 9.75347137451189], [76.3404159545899, 9.75347137451189], [76.3404159545899, 9.753194808960075], [76.33985900878912, 9.753199577331543], [76.33985900878912, 9.752641677856502], [76.33957672119135, 9.752641677856502], [76.33957672119135, 9.752361297607706], [76.33930206298834, 9.752361297607706], [76.33930206298834, 9.752641677856502], [76.33902740478533, 9.752641677856502], [76.33902740478533, 9.752080917358342], [76.33875274658214, 9.752082824707145], [76.33875274658214, 9.751805305481241], [76.33902740478533, 9.751811981201286], [76.33902740478533, 9.750970840454386], [76.33957672119135, 9.750970840454386], [76.33957672119135, 9.751251220703352], [76.33985900878912, 9.751251220703352], [76.33985900878912, 9.750970840454386], [76.34012603759794, 9.750970840454386], [76.34012603759794, 9.751251220703352], [76.34208679199236, 9.751251220703352], [76.34208679199236, 9.750970840454386], [76.34236145019537, 9.750970840454386], [76.34236145019537, 9.750416755676497], [76.34208679199236, 9.750418663024902], [76.34208679199236, 9.748750686645678], [76.34179687500006, 9.748750686645678], [76.34179687500006, 9.747640609741495], [76.34208679199236, 9.747640609741495], [76.34208679199236, 9.747361183166618], [76.34180450439464, 9.747361183166618], [76.34180450439464, 9.746805191040153], [76.34152984619158, 9.746811866760197], [76.34152984619158, 9.746251106262264], [76.34124755859403, 9.746251106262264], [76.34124755859403, 9.745139122009334], [76.34097290039062, 9.74514102935791], [76.34097290039062, 9.744319915771541], [76.34069824218778, 9.744319915771541], [76.34069824218778, 9.74236011505127], [76.34097290039062, 9.74236011505127], [76.34097290039062, 9.741250038147086], [76.34124755859403, 9.741259574890194], [76.34124755859403, 9.736810684204158], [76.34152984619158, 9.736810684204158], [76.34152984619158, 9.735969543457031], [76.34180450439464, 9.735972404479924], [76.34180450439464, 9.73541641235363], [76.34152984619158, 9.735420227051009], [76.34152984619158, 9.734860420227164], [76.34124755859403, 9.73486232757574], [76.34124755859403, 9.731528282165527], [76.34152984619158, 9.731530189514274], [76.34152984619158, 9.729859352111816], [76.34180450439464, 9.72986221313488], [76.34180450439464, 9.728749275207633], [76.34208679199236, 9.728749275207633], [76.34208679199236, 9.72791767120367], [76.34236145019537, 9.727919578552246], [76.34236145019537, 9.72763919830328], [76.34263610839844, 9.72763919830328], [76.34263610839844, 9.727360725402889], [76.34291839599615, 9.727360725402889], [76.34291839599615, 9.727083206176815], [76.34319305419916, 9.727083206176815], [76.34319305419916, 9.726804733276424], [76.34375000000028, 9.72681045532238], [76.34375000000028, 9.725971221924055], [76.34430694580107, 9.725971221924055], [76.34430694580107, 9.725417137146167], [76.34458160400408, 9.725421905517635], [76.34458160400408, 9.724311828613281], [76.34485626220714, 9.724311828613281], [76.34485626220714, 9.723751068115519], [76.34513854980486, 9.723751068115519], [76.34513854980486, 9.721530914306811], [76.34485626220714, 9.721530914306811], [76.34485626220714, 9.71875095367443], [76.34513854980486, 9.71875095367443], [76.34513854980486, 9.717091560364054], [76.34485626220714, 9.717091560364054], [76.34485626220714, 9.71597003936779], [76.34513854980486, 9.715972900390682], [76.34513854980486, 9.715695381164778], [76.34486389160185, 9.715695381164778], [76.34486389160185, 9.713749885559082], [76.34513854980486, 9.713752746582145], [76.34513854980486, 9.713191986084212], [76.34569549560564, 9.713193893432617], [76.34569549560564, 9.712916374206713], [76.3462524414062, 9.712921142578182], [76.3462524414062, 9.712642669677791], [76.34707641601562, 9.712642669677791], [76.34707641601562, 9.712081909179858], [76.34764099121111, 9.712081909179858], [76.34764099121111, 9.71180629730253], [76.34819793701189, 9.71180629730253], [76.34819793701189, 9.712081909179858], [76.34902954101568, 9.712081909179858], [76.34902954101568, 9.713193893432617], [76.34874725341814, 9.713191986084212], [76.34874725341814, 9.714310646057186], [76.3484725952149, 9.714306831360034], [76.3484725952149, 9.714582443237532], [76.34874725341814, 9.714582443237532], [76.34874725341814, 9.717361450195597], [76.34902954101568, 9.717361450195597], [76.34902954101568, 9.717921257019043], [76.3493041992187, 9.717917442321891], [76.3493041992187, 9.718194961547965], [76.34958648681646, 9.718190193176326], [76.34958648681646, 9.719031333923397], [76.34986114501982, 9.719031333923397], [76.34986114501982, 9.720420837402457], [76.34958648681646, 9.720417022705078], [76.34958648681646, 9.720694541931152], [76.34986114501982, 9.720694541931152], [76.34986114501982, 9.720973014831543], [76.34958648681646, 9.720971107482967], [76.34958648681646, 9.721530914306811], [76.34986114501982, 9.721530914306811], [76.34986114501982, 9.721809387207202], [76.34958648681646, 9.721804618835506], [76.34958648681646, 9.722083091735897], [76.34986114501982, 9.722083091735897], [76.34986114501982, 9.724861145019702], [76.34958648681646, 9.724861145019702], [76.34958648681646, 9.725971221924055], [76.34929656982416, 9.725971221924055], [76.34929656982416, 9.72681045532238], [76.34902954101568, 9.726804733276424], [76.34902954101568, 9.727083206176815], [76.34874725341814, 9.727083206176815], [76.34874725341814, 9.727360725402889], [76.3484725952149, 9.727360725402889], [76.3484725952149, 9.728470802307243], [76.34819793701189, 9.728473663330135], [76.34819793701189, 9.72986221313488], [76.34791564941435, 9.72986221313488], [76.34791564941435, 9.730695724487418], [76.34764099121111, 9.730695724487418], [76.34764099121111, 9.731249809265137], [76.34735870361357, 9.731249809265137], [76.34735870361357, 9.731530189514274], [76.34708404541021, 9.731528282165527], [76.34708404541021, 9.732084274291992], [76.34680938720732, 9.73206996917719], [76.34680175781278, 9.732919692993335], [76.34652709960943, 9.732917785644531], [76.34652709960943, 9.733194351196346], [76.3462524414062, 9.733190536498967], [76.3462524414062, 9.734311103820744], [76.34597015380865, 9.734311103820744], [76.34597015380865, 9.736249923705998], [76.34570312500017, 9.736249923705998], [76.34570312500017, 9.739311218261832], [76.34541320800787, 9.739311218261832], [76.34541320800787, 9.740421295166016], [76.34569549560564, 9.74041557312023], [76.34569549560564, 9.740971565246696], [76.34597015380865, 9.74096965789795], [76.34597015380865, 9.741259574890194], [76.34652709960943, 9.741250038147086], [76.34652709960943, 9.74236011505127], [76.34680175781278, 9.74236011505127], [76.34680175781278, 9.742920875549373], [76.34652709960943, 9.742917060852221], [76.34652709960943, 9.743473052978516], [76.34680175781278, 9.743470191955623], [76.34680938720732, 9.74375057220459], [76.34707641601562, 9.74375057220459], [76.34707641601562, 9.745421409606877], [76.34680938720732, 9.745421409606877], [76.34680175781278, 9.746811866760197], [76.34652709960943, 9.746805191040153], [76.34652709960943, 9.747361183166618], [76.34680175781278, 9.747361183166618], [76.34680175781278, 9.74792194366455], [76.34652709960943, 9.74792194366455], [76.34652709960943, 9.750418663024902], [76.3462524414062, 9.750416755676497], [76.3462524414062, 9.750695228576888], [76.34597015380865, 9.750695228576888], [76.34597015380865, 9.751251220703352], [76.34569549560564, 9.751251220703352], [76.34569549560564, 9.752082824707145], [76.34541320800787, 9.752080917358342], [76.34541320800787, 9.753199577331543], [76.34513854980486, 9.753194808960075], [76.34513854980486, 9.753748893737793], [76.34485626220714, 9.753748893737793], [76.34485626220714, 9.754309654235897], [76.34458160400408, 9.754304885864258], [76.34458160400408, 9.754860877990723], [76.34430694580107, 9.754860877990723], [76.34430694580107, 9.7551403045656], [76.34375000000028, 9.7551403045656], [76.34375000000028, 9.75541973114025], [76.34291839599615, 9.755417823791504], [76.34291839599615, 9.755693435669002], [76.34263610839844, 9.755693435669002], [76.34263610839844, 9.755970954895076], [76.34208679199236, 9.755970954895076], [76.34208679199236, 9.756529808044434], [76.34180450439464, 9.756527900695858], [76.34180450439464, 9.757083892822322], [76.34152984619158, 9.757083892822322], [76.34152984619158, 9.759584426879996], [76.34180450439464, 9.759584426879996], [76.34180450439464, 9.760972023010254], [76.34152984619158, 9.760972023010254], [76.34152984619158, 9.762084007263184], [76.34124755859403, 9.762069702148438], [76.34124755859403, 9.762639999389876], [76.34097290039062, 9.762639999389876], [76.34097290039062, 9.762920379638842], [76.34069824218778, 9.762915611267374], [76.34069824218778, 9.763471603393839], [76.3404159545899, 9.763469696044865], [76.3404159545899, 9.76375007629423], [76.34012603759794, 9.76375007629423], [76.34012603759794, 9.764030456543196], [76.33985900878912, 9.764027595520133], [76.33985900878912, 9.764583587646598], [76.33958435058594, 9.764583587646598], [76.33958435058594, 9.764860153198185], [76.33930206298834, 9.764860153198185], [76.33930206298834, 9.765139579773063], [76.33902740478533, 9.765137672424487], [76.33902740478533, 9.765693664550781], [76.33875274658214, 9.765693664550781], [76.33875274658214, 9.765972137451342], [76.33847045898455, 9.765970230102539], [76.33847045898455, 9.766249656677246], [76.33790588378923, 9.766249656677246], [76.33790588378923, 9.7665309906007], [76.33763885498075, 9.766528129577637], [76.33763885498075, 9.767082214355696], [76.33735656738287, 9.767080307006893], [76.33735656738287, 9.767641067505053], [76.33708190917997, 9.76763820648199], [76.33708190917997, 9.76847171783453], [76.33680725097662, 9.768467903137378], [76.33680725097662, 9.769310951232853], [76.33651733398432, 9.769310951232853], [76.33651733398432, 9.770421028137207], [76.33625030517584, 9.770421028137207], [76.33625030517584, 9.77153110504156], [76.33598327636736, 9.77153110504156], [76.33598327636736, 9.772641181945744], [76.33569335937506, 9.772639274597168], [76.33569335937506, 9.773195266723633], [76.33541870117205, 9.773195266723633], [76.33541870117205, 9.773751258850098], [76.33569335937506, 9.773751258850098], [76.33569335937506, 9.774305343627987], [76.33597564697283, 9.774305343627987], [76.33597564697283, 9.774861335754451], [76.33569335937506, 9.774861335754451], [76.33569335937506, 9.775973320007381], [76.33597564697283, 9.775973320007381], [76.33597564697283, 9.777083396911564], [76.33625030517584, 9.777080535888672], [76.33625030517584, 9.777370452880973], [76.33652496337885, 9.777360916137866], [76.33652496337885, 9.778195381164721], [76.33680725097662, 9.778190612793026], [76.33680725097662, 9.77902889251709], [76.33651733398432, 9.77902889251709], [76.33651733398432, 9.779310226440543], [76.33625030517584, 9.779305458069075], [76.33625030517584, 9.779582977294979], [76.33651733398432, 9.779581069946573], [76.33651733398432, 9.78043079376232], [76.33680725097662, 9.780417442321834], [76.33680725097662, 9.780693054199332], [76.33652496337885, 9.780693054199332], [76.33652496337885, 9.780974388122786], [76.33680725097662, 9.780974388122786], [76.33680725097662, 9.782082557678166], [76.33708190917997, 9.782082557678166], [76.33708190917997, 9.782361984253043], [76.3373641967774, 9.782361984253043], [76.3373641967774, 9.78347110748291], [76.33763885498075, 9.783469200134334], [76.33763885498075, 9.785420417785588], [76.3373641967774, 9.78541564941412], [76.3373641967774, 9.78569412231451], [76.33763885498075, 9.78569412231451], [76.33763885498075, 9.786250114440975], [76.3373641967774, 9.786250114440975], [76.3373641967774, 9.787083625793514], [76.33708953857416, 9.787078857421875], [76.33708953857416, 9.787639617920206], [76.33680725097662, 9.787639617920206], [76.33680725097662, 9.787919998169173], [76.33651733398432, 9.787919998169173], [76.33651733398432, 9.788749694824162], [76.33625030517584, 9.788749694824162], [76.33625030517584, 9.789030075073526], [76.33597564697283, 9.789028167724553], [76.33597564697283, 9.789584159851017], [76.33569335937506, 9.789580345153865], [76.33569335937506, 9.79014015197771], [76.3351364135745, 9.79014015197771], [76.3351364135745, 9.790694236755371], [76.33486175537126, 9.790694236755371], [76.33486175537126, 9.790971755981673], [76.3351364135745, 9.79096984863287], [76.3351364135745, 9.791529655456543], [76.33486175537126, 9.791527748107967], [76.33486175537126, 9.792083740234432], [76.33458709716825, 9.792083740234432], [76.33458709716825, 9.793193817138786], [76.33429718017578, 9.79319190979021], [76.33429718017578, 9.793752670288143], [76.33403015136747, 9.793752670288143], [76.33403015136747, 9.794031143188533], [76.33374786376959, 9.794031143188533], [76.33374786376959, 9.795141220092887], [76.33347320556635, 9.795138359069824], [76.33347320556635, 9.795694351196289], [76.3331909179688, 9.795694351196289], [76.3331909179688, 9.79597282409668], [76.3329162597658, 9.795969963073787], [76.3329162597658, 9.79653072357172], [76.33264160156256, 9.796528816223145], [76.33264160156256, 9.797081947326717], [76.332084655762, 9.797081947326717], [76.332084655762, 9.797361373901595], [76.33180236816423, 9.797361373901595], [76.33180236816423, 9.79792118072504], [76.33152770996122, 9.797917366027889], [76.33152770996122, 9.798194885253963], [76.33125305175787, 9.798194885253963], [76.33125305175787, 9.798473358154354], [76.33152770996122, 9.798469543456974], [76.33152770996122, 9.799031257629395], [76.33125305175787, 9.799027442932243], [76.33125305175787, 9.799583435058707], [76.33096313476591, 9.799579620361328], [76.33096313476591, 9.80041885376005], [76.33069610595709, 9.80041885376005], [76.33069610595709, 9.801540374755916], [76.33040618896513, 9.801540374755916], [76.33040618896513, 9.80180931091337], [76.3301391601563, 9.80180931091337], [76.3301391601563, 9.804309844970874], [76.3298645019533, 9.804305076599405], [76.3298645019533, 9.805694580078239], [76.33041381835932, 9.805694580078239], [76.33041381835932, 9.805971145630053], [76.33069610595709, 9.805971145630053], [76.33069610595709, 9.806250572204704], [76.33125305175787, 9.806250572204704], [76.33125305175787, 9.806531906127987], [76.3320770263673, 9.806531906127987], [76.3320770263673, 9.806810379028377], [76.33264160156256, 9.806804656982422], [76.33264160156256, 9.807360649108887], [76.3329162597658, 9.807350158691463], [76.3329162597658, 9.80792045593273], [76.33347320556635, 9.807916641235352], [76.33347320556635, 9.808193206787166], [76.33430480957037, 9.808193206787166], [76.33430480957037, 9.808473587036133], [76.3351364135745, 9.808473587036133], [76.3351364135745, 9.808749198913631], [76.33569335937506, 9.808749198913631], [76.33569335937506, 9.809029579162598], [76.33625030517584, 9.809029579162598], [76.33625030517584, 9.809309959411564], [76.33597564697283, 9.809305191040096], [76.33597564697283, 9.809862136840877], [76.33569335937506, 9.809862136840877], [76.33569335937506, 9.81041526794445], [76.33541870117205, 9.81041526794445], [76.33541870117205, 9.81097221374523], [76.3351364135745, 9.810969352722168], [76.3351364135745, 9.811532020568848], [76.33486175537126, 9.811528205871696], [76.33486175537126, 9.812361717224064], [76.33458709716825, 9.812361717224064], [76.33458709716825, 9.813194274902344], [76.33429718017578, 9.813191413879451], [76.33429718017578, 9.814029693603686], [76.33403015136747, 9.814029693603686], [76.33403015136747, 9.815141677856445], [76.33374786376959, 9.815137863159237], [76.33374786376959, 9.818471908569506], [76.33347320556635, 9.818471908569506], [76.33347320556635, 9.818750381469897], [76.3331909179688, 9.818750381469897], [76.3331909179688, 9.81931114196783], [76.3329162597658, 9.81931114196783], [76.3329162597658, 9.820142745971793], [76.33264160156256, 9.820142745971793], [76.33264160156256, 9.821810722351017], [76.33235931396501, 9.821806907653865], [76.33235931396501, 9.82319545745878], [76.3320770263673, 9.823189735412654], [76.3320770263673, 9.824311256408691], [76.33180236816423, 9.824311256408691], [76.33180236816423, 9.825140953063908], [76.33152770996122, 9.825140953063908], [76.33152770996122, 9.826251029968262], [76.33125305175787, 9.826251029968262], [76.33125305175787, 9.826811790466593], [76.33097076416044, 9.82680511474615], [76.33097076416044, 9.827361106872615], [76.33069610595709, 9.827361106872615], [76.33069610595709, 9.827920913696289], [76.33040618896513, 9.827920913696289], [76.33040618896513, 9.828479766845817], [76.3301391601563, 9.828479766845817], [76.3301391601563, 9.829030990600643], [76.32958221435553, 9.829030990600643], [76.32958221435553, 9.828750610351847], [76.32930755615251, 9.828750610351847], [76.32930755615251, 9.828189849853516], [76.3290252685548, 9.828194618225382], [76.3290252685548, 9.827361106872615], [76.32875061035173, 9.827361106872615], [76.32875061035173, 9.825695037841797], [76.32847595214872, 9.825695037841797], [76.32847595214872, 9.82430362701416], [76.32791900634794, 9.82430362701416], [76.32791900634794, 9.824583053588867], [76.32763671875006, 9.824583053588867], [76.32763671875006, 9.824860572814941], [76.32736206054682, 9.824860572814941], [76.32736206054682, 9.825140953063908], [76.32707977294928, 9.825140953063908], [76.32707977294928, 9.825421333313045], [76.3268051147461, 9.825416564941406], [76.3268051147461, 9.825695037841797], [76.32624816894548, 9.825695037841797], [76.32624816894548, 9.825972557067871], [76.3256912231447, 9.825970649719295], [76.3256912231447, 9.826251029968262], [76.32514953613287, 9.826251029968262], [76.32514953613287, 9.826531410217228], [76.32430267334013, 9.826531410217228], [76.32430267334013, 9.826811790466593], [76.3237533569336, 9.82680511474615], [76.3237533569336, 9.827082633972225], [76.323471069336, 9.827082633972225], [76.323471069336, 9.827361106872615], [76.32319641113298, 9.827361106872615], [76.32319641113298, 9.827640533447493], [76.32290649414068, 9.827640533447493], [76.32290649414068, 9.827920913696289], [76.3226394653322, 9.827920913696289], [76.3226394653322, 9.828479766845817], [76.32235717773466, 9.828479766845817], [76.32235717773466, 9.829030990600643], [76.32208251953142, 9.829029083252237], [76.32208251953142, 9.829583168029728], [76.32180786132841, 9.829581260681152], [76.32180786132841, 9.831811904907283], [76.32209014892578, 9.831811904907283], [76.32209014892578, 9.8326416015625], [76.32235717773466, 9.8326416015625], [76.32235717773466, 9.833750724792537], [76.3226394653322, 9.833750724792537], [76.3226394653322, 9.835139274597282], [76.32290649414068, 9.835139274597282], [76.32291412353521, 9.836249351501465], [76.3226394653322, 9.836249351501465], [76.3226394653322, 9.836810111999569], [76.32236480712919, 9.836806297302417], [76.32236480712919, 9.837362289428711], [76.32208251953142, 9.837362289428711], [76.32208251953142, 9.837639808654785], [76.32180786132841, 9.837639808654785], [76.32180786132841, 9.837920188903752], [76.32152557373053, 9.837915420532283], [76.32152557373053, 9.838472366333065], [76.32125091552763, 9.838472366333065], [76.32125091552763, 9.838751792907715], [76.32096862792974, 9.838751792907715], [76.32096862792974, 9.839030265808105], [76.3206939697265, 9.83902835845953], [76.3206939697265, 9.839584350585994], [76.3204193115235, 9.839584350585994], [76.3204193115235, 9.839861869812069], [76.32013702392595, 9.839861869812069], [76.32013702392595, 9.84014034271246], [76.31986236572271, 9.84014034271246], [76.31986236572271, 9.840694427490348], [76.31958007812517, 9.840694427490348], [76.31958007812517, 9.841250419616813], [76.31930541992216, 9.841250419616813], [76.31930541992216, 9.842083930969181], [76.31902313232439, 9.842082023620605], [76.31902313232439, 9.84292030334484], [76.31874847412138, 9.84292030334484], [76.31874847412138, 9.843750000000227], [76.31846618652344, 9.843750000000227], [76.31846618652344, 9.844030380249194], [76.31874847412138, 9.844030380249194], [76.31874847412138, 9.84431076049816], [76.31903076171892, 9.844305992126692], [76.31903076171892, 9.844584465027083], [76.31874847412138, 9.844584465027083], [76.31874847412138, 9.844860076904581], [76.31902313232439, 9.844860076904581], [76.31902313232439, 9.84542274475109], [76.31930541992216, 9.845416069031046], [76.31930541992216, 9.84597206115734], [76.31958007812517, 9.84597206115734], [76.31958007812517, 9.846528053283805], [76.31986236572271, 9.846528053283805], [76.31986236572271, 9.847359657287598], [76.32013702392595, 9.847359657287598], [76.32013702392595, 9.847640991211051], [76.3204193115235, 9.847638130187988], [76.3204193115235, 9.848194122314453], [76.32013702392595, 9.848194122314453], [76.32013702392595, 9.848471641540527], [76.3204193115235, 9.848469734191951], [76.3204193115235, 9.850420951843205], [76.3206939697265, 9.850417137146053], [76.3206939697265, 9.850694656372127], [76.3204193115235, 9.850689888000488], [76.3204193115235, 9.851531028747559], [76.32013702392595, 9.851529121398983], [76.32013702392595, 9.852083206176871], [76.31986236572271, 9.852080345153809], [76.31986236572271, 9.85264968872076], [76.32013702392595, 9.85264968872076], [76.32013702392595, 9.85292053222662], [76.31986236572271, 9.85291671752924], [76.31986236572271, 9.853472709655705], [76.32013702392595, 9.853472709655705], [76.32013702392595, 9.853751182556096], [76.31986236572271, 9.853751182556096], [76.31986236572271, 9.854311943054427], [76.31958007812517, 9.854305267333984], [76.31958007812517, 9.85486125946045], [76.31986236572271, 9.85486125946045], [76.31986236572271, 9.855421066284293], [76.32013702392595, 9.855417251586914], [76.32013702392595, 9.855973243713379], [76.3204193115235, 9.855971336364803], [76.3204193115235, 9.856529235840071], [76.3206939697265, 9.856527328491268], [76.3206939697265, 9.857083320617733], [76.32096862792974, 9.857083320617733], [76.32096862792974, 9.857381820678881], [76.32096862792974, 9.85764122009283], [76.32125091552763, 9.857639312744425], [76.32125091552763, 9.85819530487089], [76.32153320312506, 9.858190536499023], [76.32153320312506, 9.859310150146541], [76.32125091552763, 9.859310150146541], [76.32125091552763, 9.860420227050895], [76.32096862792974, 9.860417366027832], [76.32096862792974, 9.860973358154297], [76.3206939697265, 9.860973358154297], [76.3206939697265, 9.861527442932186], [76.3204193115235, 9.861522674560717], [76.3204193115235, 9.861809730529728], [76.32013702392595, 9.86180496215826], [76.32013702392595, 9.862360954284725], [76.31986236572271, 9.862360954284725], [76.31986236572271, 9.86458969116211], [76.31958007812517, 9.86458969116211], [76.31958007812517, 9.867650985717717], [76.31986236572271, 9.8676376342774], [76.31986236572271, 9.868472099304256], [76.32013702392595, 9.868472099304256], [76.32013702392595, 9.870694160461369], [76.3204193115235, 9.870694160461369], [76.3204193115235, 9.87097167968767], [76.32068634033197, 9.87097167968767], [76.32068634033197, 9.871250152588061], [76.32125091552763, 9.871250152588061], [76.32125091552763, 9.871529579162711], [76.32153320312506, 9.871529579162711], [76.32153320312506, 9.871810913085994], [76.32180786132841, 9.871810913085994], [76.32180786132841, 9.871529579162711], [76.32209014892578, 9.871529579162711], [76.32209014892578, 9.871250152588061], [76.32430267334013, 9.871250152588061], [76.32430267334013, 9.871529579162711], [76.32485961914091, 9.871529579162711], [76.32485961914091, 9.871810913085994], [76.3256912231447, 9.871806144714526], [76.3256912231447, 9.87208366394043], [76.32624816894548, 9.87208366394043], [76.32624816894548, 9.87236213684082], [76.3268127441408, 9.872360229492415], [76.3268127441408, 9.872639656066895], [76.33040618896513, 9.872639656066895], [76.33040618896513, 9.872360229492415], [76.33125305175787, 9.87236213684082], [76.33125305175787, 9.87208366394043], [76.33152770996122, 9.87208366394043], [76.33152770996122, 9.871527671813965], [76.33180236816423, 9.871529579162711], [76.33180236816423, 9.871250152588061], [76.332084655762, 9.871250152588061], [76.3320770263673, 9.87097167968767], [76.33235931396501, 9.87097167968767], [76.33235931396501, 9.870415687561206], [76.33264160156256, 9.870420455932674], [76.33264160156256, 9.870140075683878], [76.3329162597658, 9.870140075683878], [76.3329162597658, 9.869859695434513], [76.3331909179688, 9.869859695434513], [76.3331909179688, 9.869305610657022], [76.33347320556635, 9.86931133270258], [76.33347320556635, 9.868749618530558], [76.33374786376959, 9.868749618530558], [76.33374786376959, 9.868188858032227], [76.33403015136747, 9.868193626403865], [76.33403015136747, 9.8676376342774], [76.33429718017578, 9.867650985717717], [76.33429718017578, 9.867081642150936], [76.33458709716825, 9.867083549499512], [76.33458709716825, 9.866527557373047], [76.33486175537126, 9.86653041839594], [76.33486175537126, 9.866251945495549], [76.33598327636736, 9.866251945495549], [76.33598327636736, 9.865971565246582], [76.33625030517584, 9.865971565246582], [76.33625030517584, 9.865694046020508], [76.33652496337885, 9.865694046020508], [76.33652496337885, 9.865415573120117], [76.33680725097662, 9.865420341491756], [76.33680725097662, 9.865141868591365], [76.33708953857416, 9.865141868591365], [76.33708953857416, 9.864862442016715], [76.3373641967774, 9.864862442016715], [76.3373641967774, 9.863471031189079], [76.33763885498075, 9.863471031189079], [76.33763885498075, 9.862917900085506], [76.33790588378923, 9.862919807434082], [76.33790588378923, 9.862080574035758], [76.33819580078153, 9.86208343505865], [76.33819580078153, 9.860973358154297], [76.33847045898455, 9.860973358154297], [76.33847045898455, 9.86033058166521], [76.33847045898455, 9.860138893127441], [76.33875274658214, 9.860138893127441], [76.33875274658214, 9.85903167724615], [76.33902740478533, 9.85903167724615], [76.33902740478533, 9.857921600341797], [76.33957672119135, 9.857921600341797], [76.33957672119135, 9.857360839844034], [76.33985900878912, 9.857360839844034], [76.33985900878912, 9.85680866241455], [76.34012603759794, 9.85680866241455], [76.34012603759794, 9.856529235840071], [76.33985900878912, 9.856529235840071], [76.33985900878912, 9.856248855590877], [76.34014129638666, 9.856248855590877], [76.34014129638666, 9.853472709655705], [76.3404159545899, 9.853472709655705], [76.3404159545899, 9.85291671752924], [76.34012603759794, 9.85292053222662], [76.34012603759794, 9.852360725402946], [76.3404159545899, 9.852360725402946], [76.3404159545899, 9.849028587341309], [76.34012603759794, 9.849031448364371], [76.34012603759794, 9.848469734191951], [76.3404159545899, 9.848471641540527], [76.3404159545899, 9.848194122314453], [76.34014129638666, 9.848194122314453], [76.34014129638666, 9.846528053283805], [76.3404159545899, 9.846528053283805], [76.3404159545899, 9.84597206115734], [76.34014129638666, 9.84597206115734], [76.34014129638666, 9.845416069031046], [76.33985900878912, 9.84542274475109], [76.33985900878912, 9.844860076904581], [76.34014129638666, 9.844860076904581], [76.34012603759794, 9.844579696655217], [76.33985900878912, 9.844584465027083], [76.33985900878912, 9.84402847290039], [76.34012603759794, 9.844030380249194], [76.34012603759794, 9.842082023620605], [76.3404159545899, 9.842083930969181], [76.3404159545899, 9.841806411743107], [76.34012603759794, 9.841810226440487], [76.34012603759794, 9.84152984619169], [76.3404159545899, 9.84152984619169], [76.3404159545899, 9.840419769287337], [76.34069061279325, 9.840419769287337], [76.34069824218778, 9.839861869812069], [76.34097290039062, 9.839861869812069], [76.34097290039062, 9.839584350585994], [76.34124755859403, 9.839584350585994], [76.34124755859403, 9.838472366333065], [76.34152984619158, 9.838472366333065], [76.34152984619158, 9.836806297302417], [76.34179687500006, 9.836810111999569], [76.34179687500006, 9.836249351501465], [76.34208679199236, 9.836249351501465], [76.34208679199236, 9.835970878601074], [76.34236145019537, 9.835970878601074], [76.34236145019537, 9.835417747497672], [76.34263610839844, 9.835419654846248], [76.34263610839844, 9.834858894348145], [76.34291839599615, 9.834860801696891], [76.34291839599615, 9.834304809570426], [76.34319305419916, 9.834309577941895], [76.34319305419916, 9.834030151367415], [76.34375000000028, 9.834030151367415], [76.34375000000028, 9.833750724792537], [76.34401702880876, 9.833750724792537], [76.34401702880876, 9.833471298218058], [76.34430694580107, 9.833471298218058], [76.34430694580107, 9.833194732666072], [76.34458160400408, 9.833194732666072], [76.34458160400408, 9.832917213439998], [76.34485626220714, 9.832921981811637], [76.34485626220714, 9.8326416015625], [76.34541320800787, 9.8326416015625], [76.34541320800787, 9.831811904907283], [76.34570312500017, 9.831811904907283], [76.34570312500017, 9.831541061401424], [76.3462524414062, 9.831541061401424], [76.3462524414062, 9.83125114440935], [76.34680175781278, 9.83125114440935], [76.34680175781278, 9.830972671508789], [76.34735870361357, 9.830970764160384], [76.34735870361357, 9.830695152282885], [76.34764099121111, 9.830695152282885], [76.34764099121111, 9.830416679382495], [76.34819793701189, 9.83041858673107], [76.34819793701189, 9.830141067504996], [76.3484725952149, 9.830141067504996], [76.3484725952149, 9.829030990600643], [76.34874725341814, 9.829030990600643], [76.34874725341814, 9.828750610351847], [76.34902954101568, 9.828750610351847], [76.34902954101568, 9.827920913696289], [76.34958648681646, 9.827920913696289], [76.34958648681646, 9.827640533447493], [76.34986114501982, 9.827640533447493], [76.34986114501982, 9.827361106872615], [76.35069274902361, 9.827361106872615], [76.35069274902361, 9.827082633972225], [76.35097503662138, 9.827082633972225], [76.35097503662138, 9.82680511474615], [76.35124969482439, 9.826811790466593], [76.35124969482439, 9.826531410217228], [76.35151672363287, 9.826531410217228], [76.35151672363287, 9.826251029968262], [76.35180664062517, 9.826251029968262], [76.35180664062517, 9.825970649719295], [76.35208129882818, 9.825972557067871], [76.35208129882818, 9.825416564941406], [76.35263824462896, 9.825421333313045], [76.35263824462896, 9.825140953063908], [76.35320281982428, 9.825140953063908], [76.35320281982428, 9.824580192565975], [76.3534698486331, 9.824583053588867], [76.3534698486331, 9.82430362701416], [76.35375213623047, 9.824311256408691], [76.35375213623047, 9.824030876159725], [76.35402679443388, 9.824030876159725], [76.35402679443388, 9.823751449585075], [76.35430908203142, 9.823751449585075], [76.35430908203142, 9.823470115661621], [76.35430908203142, 9.82319545745878], [76.35485839843767, 9.82319545745878], [76.35485839843767, 9.822916030883903], [76.35542297363298, 9.822918891906795], [76.35542297363298, 9.822641372680721], [76.355972290039, 9.822641372680721], [76.355972290039, 9.82235145568842], [76.35624694824224, 9.822360038757438], [76.35624694824224, 9.822085380554427], [76.35708618164091, 9.822085380554427], [76.35708618164091, 9.821806907653865], [76.35736083984392, 9.821810722351017], [76.35736083984392, 9.821531295776367], [76.35930633544928, 9.821531295776367], [76.35930633544928, 9.821249961853084], [76.35958099365263, 9.821249961853084], [76.35958099365263, 9.820969581604118], [76.35986328125006, 9.82097244262701], [76.35986328125006, 9.82069396972662], [76.36069488525419, 9.82069396972662], [76.36069488525419, 9.820416450500716], [76.3609695434572, 9.820416450500716], [76.3609695434572, 9.82069396972662], [76.36125183105474, 9.82069396972662], [76.36125183105474, 9.820416450500716], [76.36152648925798, 9.820421218872184], [76.36152648925798, 9.820142745971793], [76.362075805664, 9.820142745971793], [76.362075805664, 9.820421218872184], [76.36235809326178, 9.820421218872184], [76.36235809326178, 9.820142745971793], [76.36429595947271, 9.820142745971793], [76.36429595947271, 9.820421218872184], [76.36458587646501, 9.820416450500716], [76.36458587646501, 9.82069396972662], [76.36514282226562, 9.82069015502924], [76.36514282226562, 9.821249961853084], [76.36486053466803, 9.821249961853084], [76.36486053466803, 9.821531295776367], [76.36514282226562, 9.821531295776367], [76.36514282226562, 9.822918891906795], [76.3654174804688, 9.822918891906795], [76.3654174804688, 9.822641372680721], [76.36569213867216, 9.822641372680721], [76.36569213867216, 9.82235145568842], [76.36596679687506, 9.82235145568842], [76.36596679687506, 9.822641372680721], [76.36653137207031, 9.822641372680721], [76.36653137207031, 9.822918891906795], [76.36736297607433, 9.822918891906795], [76.36736297607433, 9.822641372680721], [76.36791992187506, 9.822641372680721], [76.36791992187506, 9.82235145568842], [76.36819458007812, 9.822360038757438], [76.36819458007812, 9.822085380554427], [76.36875152587885, 9.822085380554427], [76.36875152587885, 9.821806907653865], [76.36930847167997, 9.821810722351017], [76.36930847167997, 9.821531295776367], [76.36958312988281, 9.821531295776367], [76.36958312988281, 9.821249961853084], [76.36985778808622, 9.821249961853084], [76.36985778808622, 9.820969581604118], [76.37014007568376, 9.82097244262701], [76.37014007568376, 9.82069396972662], [76.37041473388683, 9.82069396972662], [76.37041473388683, 9.820137977600154], [76.37069702148455, 9.820142745971793], [76.37069702148455, 9.81735992431635], [76.37040710449224, 9.81735992431635], [76.37040710449224, 9.816249847412394], [76.37013244628923, 9.816249847412394], [76.37013244628923, 9.815691947937125], [76.36985778808622, 9.815693855285701], [76.36985778808622, 9.815137863159237], [76.36958312988281, 9.815141677856445], [76.36958312988281, 9.814581871032772], [76.36930847167997, 9.814583778381348], [76.36930847167997, 9.814306259155273], [76.3684692382813, 9.814310073852653], [76.3684692382813, 9.814029693603686], [76.36818695068354, 9.814029693603686], [76.36818695068354, 9.814310073852653], [76.36791992187506, 9.814306259155273], [76.36791992187506, 9.814583778381348], [76.36763763427751, 9.814581871032772], [76.36763763427751, 9.815141677856445], [76.36736297607433, 9.815141677856445], [76.36736297607433, 9.815420150757006], [76.36624908447294, 9.815420150757006], [76.36624908447294, 9.815141677856445], [76.36486053466803, 9.815141677856445], [76.36486053466803, 9.814581871032772], [76.36458587646501, 9.814583778381348], [76.36458587646501, 9.814306259155273], [76.36680603027372, 9.814310073852653], [76.36680603027372, 9.814029693603686], [76.3670730590822, 9.814029693603686], [76.3670730590822, 9.813481330871753], [76.36736297607433, 9.813481330871753], [76.36736297607433, 9.812640190124625], [76.3670730590822, 9.812640190124625], [76.3670730590822, 9.810969352722168], [76.36680603027372, 9.81097221374523], [76.36680603027372, 9.810695648193416], [76.36653137207031, 9.810695648193416], [76.36653137207031, 9.81041526794445], [76.36597442626959, 9.81041526794445], [76.36597442626959, 9.810139656066951], [76.36569213867216, 9.810139656066951], [76.36569213867216, 9.809859275817985], [76.3654174804688, 9.809862136840877], [76.3654174804688, 9.809583663940487], [76.36513519287104, 9.809583663940487], [76.36513519287104, 9.809305191040096], [76.36486053466803, 9.809309959411564], [76.36486053466803, 9.809029579162598], [76.36458587646501, 9.809029579162598], [76.36458587646501, 9.808749198913631], [76.36429595947271, 9.808749198913631], [76.36429595947271, 9.80847072601324], [76.36402893066423, 9.808473587036133], [76.36402893066423, 9.808193206787166], [76.36374664306669, 9.808193206787166], [76.36374664306669, 9.807916641235352], [76.36347198486345, 9.80792045593273], [76.36347198486345, 9.80764198303234], [76.36319732666044, 9.80764198303234], [76.36319732666044, 9.807350158691463], [76.36291503906256, 9.807360649108887], [76.36291503906256, 9.807083129882812], [76.36264038085966, 9.807083129882812], [76.36264038085966, 9.806527137756518], [76.36235809326178, 9.806531906127987], [76.36235809326178, 9.806250572204704], [76.362075805664, 9.806250572204704], [76.362075805664, 9.80569076538086], [76.36180877685553, 9.805694580078239], [76.36180877685553, 9.805417060852164], [76.36152648925798, 9.805421829223633], [76.36152648925798, 9.80486106872587], [76.36125183105474, 9.80486106872587], [76.36125183105474, 9.804305076599405], [76.3609695434572, 9.804309844970874], [76.3609695434572, 9.803750991821516], [76.36068725585949, 9.803750991821516], [76.36068725585949, 9.802919387817553], [76.36042022705095, 9.802919387817553], [76.36042022705095, 9.802360534668196], [76.36013793945341, 9.802360534668196], [76.36013793945341, 9.80097293853754], [76.35986328125006, 9.80097293853754], [76.35986328125006, 9.798750877380428], [76.35958099365263, 9.798750877380428], [76.35958099365263, 9.796811103820858], [76.35986328125006, 9.796811103820858], [76.35986328125006, 9.795410156249943], [76.36013793945341, 9.795415878295898], [76.36013793945341, 9.79458236694353], [76.36042022705095, 9.79458236694353], [76.36042022705095, 9.79374980926525], [76.36068725585949, 9.793752670288143], [76.36068725585949, 9.79292106628418], [76.3609695434572, 9.79292106628418], [76.3609695434572, 9.792079925537053], [76.36125183105474, 9.792083740234432], [76.36125183105474, 9.790971755981673], [76.36152648925798, 9.790971755981673], [76.36152648925798, 9.789584159851017], [76.36180877685553, 9.789584159851017], [76.36180877685553, 9.789028167724553], [76.362075805664, 9.789030075073526], [76.362075805664, 9.788749694824162], [76.36235809326178, 9.788749694824162], [76.36235809326178, 9.787919998169173], [76.36264038085966, 9.787919998169173], [76.36264038085966, 9.787078857421875], [76.36291503906256, 9.787083625793514], [76.36291503906256, 9.786527633667049], [76.36319732666044, 9.786529541015852], [76.36319732666044, 9.785971641540584], [76.36347198486345, 9.785971641540584], [76.36347198486345, 9.785788536071834], [76.36347198486345, 9.78541564941412], [76.36374664306669, 9.785420417785588], [76.36374664306669, 9.78486156463623], [76.36402893066423, 9.78486156463623], [76.36402893066423, 9.784305572509766], [76.36429595947271, 9.784310340881404], [76.36429595947271, 9.7837495803833], [76.36458587646501, 9.7837495803833], [76.36458587646501, 9.78318023681652], [76.36486053466803, 9.78319263458252], [76.36486053466803, 9.782361984253043], [76.36513519287104, 9.782361984253043], [76.36513519287104, 9.781805038452262], [76.3654174804688, 9.78180980682373], [76.3654174804688, 9.78125190734869], [76.36569213867216, 9.78125190734869], [76.36569213867216, 9.780691146850529], [76.36597442626959, 9.780693054199332], [76.36597442626959, 9.780138969421444], [76.36624908447294, 9.780141830444336], [76.36624908447294, 9.779581069946573], [76.36653137207031, 9.779582977294979], [76.36653137207031, 9.779026985168684], [76.36680603027372, 9.77902889251709], [76.36680603027372, 9.77847099304222], [76.36708068847673, 9.77847099304222], [76.36708068847673, 9.777639389038029], [76.36736297607433, 9.777641296386832], [76.36736297607433, 9.777080535888672], [76.36763763427751, 9.777083396911564], [76.36763763427751, 9.776804924011174], [76.36791992187506, 9.77680969238304], [76.36791992187506, 9.77541923522972], [76.36818695068354, 9.77541923522972], [76.36818695068354, 9.774861335754451], [76.3684692382813, 9.774861335754451], [76.3684692382813, 9.774305343627987], [76.36875152587885, 9.774305343627987], [76.36875152587885, 9.772639274597168], [76.36902618408209, 9.772641181945744], [76.36902618408209, 9.772360801696777], [76.36875152587885, 9.772360801696777], [76.36875152587885, 9.771250724792594], [76.36902618408209, 9.771250724792594], [76.36902618408209, 9.76763820648199], [76.36875152587885, 9.767641067505053], [76.36875152587885, 9.7673597335816], [76.3684692382813, 9.7673597335816], [76.3684692382813, 9.766528129577637], [76.36818695068354, 9.7665309906007], [76.36818695068354, 9.765139579773063], [76.36791992187506, 9.765139579773063], [76.36791992187506, 9.762920379638842], [76.36763763427751, 9.762920379638842], [76.36763763427751, 9.762639999389876], [76.36791992187506, 9.762639999389876], [76.36791992187506, 9.762359619140682], [76.36763763427751, 9.762361526489485], [76.36763763427751, 9.76180553436302], [76.36736297607433, 9.761811256408748], [76.36736297607433, 9.761249542236328], [76.36763763427751, 9.761249542236328], [76.36763763427751, 9.7598619461059], [76.36791992187506, 9.7598619461059], [76.36791992187506, 9.758749961853141], [76.36818695068354, 9.758751869201717], [76.36818695068354, 9.758472442627067], [76.36791992187506, 9.758472442627067], [76.36791992187506, 9.757916450500772], [76.36818695068354, 9.757920265197754], [76.36819458007812, 9.757040023803654], [76.36819458007812, 9.756806373596419], [76.3684692382813, 9.7568101882934], [76.3684692382813, 9.755970954895076], [76.36875152587885, 9.755970954895076], [76.36875152587885, 9.755417823791504], [76.3684692382813, 9.75541973114025], [76.3684692382813, 9.7551403045656], [76.36875152587885, 9.7551403045656], [76.36875152587885, 9.754309654235897], [76.36902618408209, 9.754309654235897], [76.36902618408209, 9.753199577331543], [76.36930847167997, 9.753199577331543], [76.36930847167997, 9.752080917358342], [76.36958312988281, 9.752082824707145], [76.36958312988281, 9.751251220703352], [76.36985778808622, 9.751251220703352], [76.36985778808622, 9.749860763550032], [76.37013244628923, 9.749860763550032], [76.37013244628923, 9.748750686645678], [76.37040710449224, 9.748750686645678], [76.37040710449224, 9.746530532837141], [76.37013244628923, 9.746530532837141], [76.37013244628923, 9.74514102935791], [76.36985778808622, 9.74514102935791], [76.36985778808622, 9.744580268859977], [76.36958312988281, 9.74458312988287], [76.36958312988281, 9.74375057220459], [76.36930847167997, 9.74375057220459], [76.36930847167997, 9.742641448974723], [76.36958312988281, 9.742641448974723], [76.36958312988281, 9.74236011505127], [76.37014007568376, 9.74236011505127], [76.37013244628923, 9.742079734802303], [76.37069702148455, 9.742085456848429], [76.37069702148455, 9.741806983947868], [76.37124633789062, 9.741808891296444], [76.37124633789062, 9.74153137207037], [76.37180328369135, 9.74153137207037], [76.37180328369135, 9.738470077514705], [76.37208557128912, 9.738471984863509], [76.37208557128912, 9.737915992737044], [76.37180328369135, 9.737920761108512], [76.37180328369135, 9.737640380859546], [76.37152862548834, 9.737640380859546], [76.37152862548834, 9.737079620361385], [76.37124633789062, 9.737084388732853], [76.37124633789062, 9.73680591583269], [76.37152862548834, 9.736810684204158], [76.37152862548834, 9.736530303955362], [76.37124633789062, 9.736530303955362], [76.37124633789062, 9.735969543457031], [76.37097167968756, 9.735972404479924], [76.37097167968756, 9.73541641235363], [76.37124633789062, 9.735420227051009], [76.37124633789062, 9.735131263733024], [76.37097167968756, 9.735137939453068], [76.37097167968756, 9.73458385467535], [76.37124633789062, 9.73458385467535], [76.37124633789062, 9.734306335449276], [76.37097167968756, 9.734311103820744], [76.37097167968756, 9.734031677246094], [76.37069702148455, 9.734031677246094], [76.37069702148455, 9.73347187042242], [76.37041473388683, 9.73347187042242], [76.37041473388683, 9.731805801391602], [76.37013244628923, 9.731809616089151], [76.37013244628923, 9.73096942901617], [76.36985778808622, 9.730972290039233], [76.36985778808622, 9.730695724487418], [76.36958312988281, 9.730695724487418], [76.36958312988281, 9.730139732360954], [76.36875152587885, 9.730139732360954], [76.36875152587885, 9.729859352111816], [76.3684692382813, 9.72986221313488], [76.3684692382813, 9.729583740234489], [76.36736297607433, 9.729583740234489], [76.36736297607433, 9.729026794433707], [76.36680603027372, 9.7290296554566], [76.36680603027372, 9.728468894958667], [76.36653137207031, 9.728470802307243], [76.36653137207031, 9.72763919830328], [76.36624908447294, 9.72763919830328], [76.36624908447294, 9.727360725402889], [76.36653137207031, 9.727360725402889], [76.36653137207031, 9.725971221924055], [76.36624908447294, 9.725971221924055], [76.36624908447294, 9.722639083862362], [76.36596679687506, 9.722640991211165], [76.36596679687506, 9.720689773559513], [76.36624908447294, 9.720694541931152], [76.36624908447294, 9.719861030578613], [76.36680603027372, 9.719861030578613], [76.36680603027372, 9.719026565551758], [76.3670730590822, 9.719031333923397], [76.3670730590822, 9.717361450195597], [76.36680603027372, 9.717361450195597], [76.36680603027372, 9.715695381164778], [76.36653137207031, 9.715695381164778], [76.36653137207031, 9.713749885559082], [76.36680603027372, 9.713752746582145], [76.36680603027372, 9.713470458984375], [76.36653137207031, 9.713472366333178], [76.36653137207031, 9.71180629730253], [76.36624908447294, 9.711811065673828], [76.36624908447294, 9.710689544677734], [76.36597442626959, 9.710694313049373], [76.36597442626959, 9.71041584014921], [76.36569213867216, 9.710420608520678], [76.36569213867216, 9.709859848022518], [76.3654174804688, 9.709859848022518], [76.3654174804688, 9.709305763244856], [76.36514282226562, 9.709310531616325], [76.36514282226562, 9.709030151367358], [76.36486053466803, 9.709030151367358], [76.36486053466803, 9.708470344543514], [76.36458587646501, 9.70847225189209], [76.36458587646501, 9.705694198608512], [76.36430358886724, 9.705694198608512], [76.36430358886724, 9.704305648803768], [76.36402893066423, 9.704310417175236], [76.36402893066423, 9.703469276428336], [76.36374664306669, 9.7034721374514], [76.36374664306669, 9.70291805267334], [76.36319732666044, 9.702919960022086], [76.36319732666044, 9.70263957977295], [76.36235809326178, 9.70263957977295], [76.36235809326178, 9.702919960022086], [76.36125946044933, 9.702919960022086], [76.36125946044933, 9.70263957977295], [76.3609695434572, 9.70263957977295], [76.3609695434572, 9.702359199523983], [76.36069488525419, 9.702362060547046], [76.36069488525419, 9.70041656494152], [76.3609695434572, 9.7004203796389], [76.3609695434572, 9.700141906738338], [76.36125946044933, 9.700141906738338], [76.36125946044933, 9.699581146240178], [76.36180877685553, 9.69958305358898], [76.36180877685553, 9.69930458068859], [76.36235809326178, 9.69930458068859], [76.36235809326178, 9.69958305358898], [76.36291503906256, 9.69958305358898], [76.36291503906256, 9.698748588562125], [76.36319732666044, 9.698751449585188], [76.36319732666044, 9.698471069336222], [76.36347198486345, 9.698471069336222], [76.36347198486345, 9.697916984558333], [76.36374664306669, 9.697919845581225], [76.36374664306669, 9.697641372680835], [76.36402893066423, 9.697641372680835], [76.36402893066423, 9.697360992431868], [76.36458587646501, 9.697360992431868], [76.36458587646501, 9.697083473205566], [76.36486053466803, 9.697083473205566], [76.36486053466803, 9.696805000305176], [76.36514282226562, 9.696809768677042], [76.36514282226562, 9.696250915527514], [76.3654174804688, 9.696250915527514], [76.3654174804688, 9.69569110870367], [76.36569213867216, 9.695694923400822], [76.36569213867216, 9.695138931274357], [76.3654174804688, 9.695140838623331], [76.3654174804688, 9.6937513351441], [76.36569213867216, 9.6937513351441], [76.36569213867216, 9.693195343017635], [76.36597442626959, 9.693195343017635], [76.36597442626959, 9.69263935089117], [76.36653137207031, 9.692641258239746], [76.36653137207031, 9.692079544067326], [76.36680603027372, 9.692083358764705], [76.36680603027372, 9.69180679321289], [76.36736297607433, 9.69181060791027], [76.36736297607433, 9.691531181335392], [76.36763763427751, 9.691531181335392], [76.36763763427751, 9.691250801086426], [76.36791992187506, 9.691250801086426], [76.36791992187506, 9.690973281860352], [76.36875152587885, 9.690973281860352], [76.36875152587885, 9.690417289734057], [76.36902618408209, 9.69042110443121], [76.36902618408209, 9.689861297607592], [76.36958312988281, 9.689861297607592], [76.36958312988281, 9.689584732055778], [76.36985778808622, 9.689584732055778], [76.36985778808622, 9.68875122070341], [76.37014007568376, 9.68875122070341], [76.37013244628923, 9.688472747802848], [76.37040710449224, 9.688472747802848], [76.37040710449224, 9.688190460205078], [76.37069702148455, 9.688194274902457], [76.37069702148455, 9.687082290649698], [76.37097167968756, 9.687082290649698], [76.37097167968756, 9.686249732971248], [76.37124633789062, 9.686249732971248], [76.37124633789062, 9.685970306396541], [76.37152862548834, 9.685972213745345], [76.37152862548834, 9.68541622161888], [76.37180328369135, 9.685420989990348], [76.37180328369135, 9.685139656066895], [76.37236022949247, 9.685139656066895], [76.37236022949247, 9.684860229492188], [76.37291717529325, 9.684860229492188], [76.37291717529325, 9.68458366394043], [76.37458038330084, 9.68458366394043], [76.37458038330084, 9.684306144714526], [76.37513732910162, 9.684306144714526], [76.37513732910162, 9.68458366394043], [76.37708282470709, 9.68458366394043], [76.37708282470709, 9.684306144714526], [76.37735748291033, 9.684310913085994], [76.37735748291033, 9.684020996093693], [76.37819671630865, 9.684027671814135], [76.37819671630865, 9.683750152587834], [76.37902832031278, 9.683750152587834], [76.37902832031278, 9.68347167968767], [76.38097381591797, 9.68347167968767], [76.38097381591797, 9.683194160461369], [76.3815307617187, 9.683194160461369], [76.3815307617187, 9.682915687560978], [76.38207244873075, 9.682921409606934], [76.38207244873075, 9.682640075683878], [76.38263702392607, 9.682640075683878], [76.38263702392607, 9.682359695434513], [76.38291931152361, 9.682359695434513], [76.38291931152361, 9.682084083557186], [76.38319396972668, 9.682084083557186], [76.38319396972668, 9.681528091430721], [76.38346862792986, 9.681529998779524], [76.38346862792986, 9.680139541625977], [76.38318634033209, 9.680139541625977], [76.38318634033209, 9.679862022399902], [76.38346862792986, 9.679862022399902], [76.38346862792986, 9.679306030273438], [76.3837509155274, 9.679309844970987], [76.3837509155274, 9.67903041839611], [76.38430786132818, 9.67903041839611], [76.38430786132818, 9.678751945495549], [76.38735961914068, 9.678751945495549], [76.38735961914068, 9.67903041839611], [76.38846588134766, 9.67903041839611], [76.38846588134766, 9.679309844970987], [76.38930511474638, 9.679306030273438], [76.38930511474638, 9.679583549499512], [76.3909759521485, 9.679583549499512], [76.3909759521485, 9.679306030273438], [76.39153289794928, 9.679309844970987], [76.39153289794928, 9.67903041839611], [76.39235687255888, 9.67903041839611], [76.39235687255888, 9.678751945495549], [76.3931961059572, 9.678751945495549], [76.3931961059572, 9.678471565246582], [76.39347076416021, 9.678471565246582], [76.39347076416021, 9.678194046020508], [76.39375305175781, 9.678194046020508], [76.39375305175781, 9.67763996124279], [76.39430236816435, 9.67763996124279], [76.39430236816435, 9.677079200744856], [76.39458465576178, 9.677083969116325], [76.39458465576178, 9.676806449890421], [76.39541625976591, 9.676810264587402], [76.39541625976591, 9.676531791687012], [76.39597320556652, 9.676531791687012], [76.39597320556652, 9.676250457763956], [76.39653015136724, 9.676250457763956], [76.39653015136724, 9.675971031189079], [76.39679718017572, 9.675971031189079], [76.39679718017572, 9.676250457763956], [76.39736938476557, 9.676250457763956], [76.39736938476557, 9.675971031189079], [76.39875030517595, 9.675971031189079], [76.39875030517595, 9.67430496215826], [76.398193359375, 9.674309730529899], [76.398193359375, 9.674030303955249], [76.39763641357428, 9.674030303955249], [76.39763641357428, 9.674309730529899], [76.39736175537104, 9.67430496215826], [76.39736175537104, 9.67458343505865], [76.39680480957031, 9.67458343505865], [76.39680480957031, 9.674861907959212], [76.39597320556652, 9.674850463867301], [76.39597320556652, 9.675419807434082], [76.39541625976591, 9.675417900085506], [76.39541625976591, 9.675692558288688], [76.3951416015625, 9.675692558288688], [76.3951416015625, 9.675417900085506], [76.39485931396513, 9.675417900085506], [76.39485931396513, 9.675692558288688], [76.39458465576178, 9.675692558288688], [76.39458465576178, 9.675140380859602], [76.39430236816435, 9.675140380859602], [76.39430236816435, 9.675419807434082], [76.394027709961, 9.675419807434082], [76.394027709961, 9.675140380859602], [76.39375305175781, 9.675140380859602], [76.39375305175781, 9.675419807434082], [76.39347076416021, 9.675419807434082], [76.39347076416021, 9.675140380859602], [76.3931961059572, 9.675140380859602], [76.3931961059572, 9.674309730529899], [76.3929061889649, 9.674309730529899], [76.3929061889649, 9.673471450805891], [76.39263916015642, 9.673474311828556], [76.39263916015642, 9.672917366028003], [76.39235687255888, 9.672920227051065], [76.39235687255888, 9.672361373901538], [76.39208221435564, 9.672361373901538], [76.39208221435564, 9.671251296997355], [76.39180755615263, 9.671251296997355], [76.39180755615263, 9.669027328491268], [76.39208221435564, 9.669040679931754], [76.39208221435564, 9.66875076293968], [76.39180755615263, 9.66875076293968], [76.39180755615263, 9.667922019958553], [76.39208221435564, 9.667922019958553], [76.39208221435564, 9.66736125946045], [76.39180755615263, 9.66736125946045], [76.39180755615263, 9.663750648498592], [76.39208221435564, 9.663750648498592], [76.39208221435564, 9.662640571594238], [76.39180755615263, 9.662640571594238], [76.39180755615263, 9.662360191345272], [76.39208221435564, 9.662360191345272], [76.39208221435564, 9.661251068115405], [76.39180755615263, 9.661251068115405], [76.39180755615263, 9.660690307617244], [76.39152526855474, 9.660694122314453], [76.39152526855474, 9.65986347198492], [76.39125061035185, 9.65986347198492], [76.39125061035185, 9.65930557250988], [76.3909759521485, 9.659311294555664], [76.3909759521485, 9.658749580383414], [76.3906860351562, 9.658749580383414], [76.3906860351562, 9.65818977355957], [76.39013671875017, 9.65819358825695], [76.39013671875017, 9.657637596130655], [76.38986206054693, 9.657640457153548], [76.38986206054693, 9.657360076904354], [76.38930511474638, 9.657360076904354], [76.38930511474638, 9.657084465026855], [76.38903045654314, 9.657084465026855], [76.38903045654314, 9.65652847290039], [76.38846588134766, 9.656530380249194], [76.38846588134766, 9.65625], [76.38819885253935, 9.65625], [76.38819885253935, 9.655969619751033], [76.38791656494146, 9.655971527099837], [76.38791656494146, 9.655694007873535], [76.38735961914068, 9.655694007873535], [76.38735961914068, 9.655415534973145], [76.38707733154297, 9.6554212570191], [76.38707733154297, 9.655139923095646], [76.3868026733399, 9.655139923095646], [76.3868026733399, 9.65485954284668], [76.38625335693388, 9.654862403869572], [76.38625335693388, 9.654583930969181], [76.38513946533232, 9.654583930969181], [76.38513946533232, 9.654306411743278], [76.38430786132818, 9.654311180114746], [76.38430786132818, 9.654039382934627], [76.3837509155274, 9.654039382934627], [76.3837509155274, 9.653750419616813], [76.38318634033209, 9.653750419616813], [76.38318634033209, 9.653191566467285], [76.38291931152361, 9.653194427490348], [76.38291931152361, 9.652917861938533], [76.38263702392607, 9.652922630310002], [76.38263702392607, 9.65264034271246], [76.38236236572266, 9.65264034271246], [76.38236236572266, 9.652082443237589], [76.38208007812528, 9.652084350585994], [76.38208007812528, 9.65152835845953], [76.38236236572266, 9.651530265808105], [76.38236236572266, 9.648749351501465], [76.38207244873075, 9.648749351501465], [76.38207244873075, 9.6479110717774], [76.38180541992193, 9.647917747497672], [76.38180541992193, 9.647640228271769], [76.3815307617187, 9.647640228271769], [76.3815307617187, 9.645690917968693], [76.38124847412115, 9.645694732666072], [76.38124847412115, 9.644861221313704], [76.38096618652338, 9.644869804382324], [76.38096618652338, 9.64291858673107], [76.38069152832037, 9.64291858673107], [76.38069152832037, 9.641810417175293], [76.38014221191418, 9.641810417175293], [76.38014221191418, 9.641530990600813], [76.37985992431658, 9.641530990600813], [76.37985992431658, 9.641250610351847], [76.38014221191418, 9.641250610351847], [76.38014221191418, 9.64097118377697], [76.37985992431658, 9.640973091125545], [76.37985992431658, 9.63902664184576], [76.38014221191418, 9.639031410217228], [76.38014221191418, 9.638190269470329], [76.38041687011736, 9.638195037841797], [76.38041687011736, 9.637639045715332], [76.38069152832037, 9.637640953064079], [76.38069152832037, 9.636811256408691], [76.38096618652338, 9.636811256408691], [76.38096618652338, 9.635970115661621], [76.38124847412115, 9.635972976684684], [76.38124847412115, 9.63347244262718], [76.38097381591797, 9.63347244262718], [76.38097381591797, 9.632637977600325], [76.38041687011736, 9.632642745971793], [76.38041687011736, 9.63208198547386], [76.38014221191418, 9.63208198547386], [76.38014221191418, 9.63125038146967], [76.37985992431658, 9.63125038146967], [76.37985992431658, 9.630694389343205], [76.37958526611357, 9.630694389343205], [76.37958526611357, 9.630140304565714], [76.3793029785158, 9.630140304565714], [76.3793029785158, 9.629310607910327], [76.37902832031278, 9.629310607910327], [76.37902832031278, 9.628749847412166], [76.3787460327149, 9.628749847412166], [76.3787460327149, 9.627920150757006], [76.378471374512, 9.627920150757006], [76.378471374512, 9.627081871032772], [76.37819671630865, 9.627083778381348], [76.37819671630865, 9.626527786254883], [76.37790679931635, 9.626529693603459], [76.37790679931635, 9.625691413879451], [76.37763977050787, 9.625694274902344], [76.37763977050787, 9.625140190124625], [76.37735748291033, 9.625140190124625], [76.37735748291033, 9.624582290649585], [76.37708282470709, 9.62458419799816], [76.37708282470709, 9.62430572509777], [76.37680816650408, 9.62430953979515], [76.37680816650408, 9.623190879821777], [76.37652587890653, 9.623195648193416], [76.37652587890653, 9.62291526794445], [76.37625885009766, 9.622920036315918], [76.37625885009766, 9.622639656066951], [76.37596893310575, 9.622639656066951], [76.37596893310575, 9.621809959411735], [76.37568664550781, 9.621809959411735], [76.37568664550781, 9.621529579162598], [76.37458038330084, 9.621529579162598], [76.37458038330084, 9.621249198913631], [76.37403106689459, 9.621249198913631], [76.37403106689459, 9.620973587036133], [76.37374877929705, 9.620973587036133], [76.37374877929705, 9.620417594909838], [76.37346649169933, 9.620420455932901], [76.37346649169933, 9.619860649108887], [76.37291717529325, 9.619860649108887], [76.37291717529325, 9.618748664856128], [76.3726425170899, 9.618750572204704], [76.3726425170899, 9.618471145629826], [76.37236022949247, 9.618471145629826], [76.37236022949247, 9.618194580078239], [76.37208557128912, 9.618194580078239], [76.37208557128912, 9.617917060852335], [76.37180328369135, 9.61793136596674], [76.37180328369135, 9.617642402648926], [76.37152862548834, 9.617642402648926], [76.37152862548834, 9.61736106872587], [76.37124633789062, 9.61736106872587], [76.37124633789062, 9.61708259582548], [76.37097167968756, 9.61708259582548], [76.37097167968756, 9.615973472595215], [76.37041473388683, 9.615973472595215], [76.37041473388683, 9.615416526794661], [76.36985778808622, 9.615419387817326], [76.36985778808622, 9.614581108093319], [76.36958312988281, 9.614583015441895], [76.36958312988281, 9.613195419311637], [76.36930847167997, 9.613195419311637], [76.36930847167997, 9.612916946411246], [76.36902618408209, 9.612918853759822], [76.36902618408209, 9.612641334533748], [76.36875152587885, 9.612641334533748], [76.36875152587885, 9.612360954284782], [76.3684692382813, 9.612360954284782], [76.3684692382813, 9.612083435058707], [76.36819458007812, 9.612083435058707], [76.36819458007812, 9.611806869506893], [76.36791992187506, 9.611806869506893], [76.36791992187506, 9.611527442932413], [76.36736297607433, 9.611531257629395], [76.36736297607433, 9.610971450805948], [76.36708068847673, 9.610973358154354], [76.36708068847673, 9.60847282409685], [76.36736297607433, 9.60847282409685], [76.36736297607433, 9.607638359069995], [76.3670730590822, 9.607641220093058], [76.3670730590822, 9.607080459594727], [76.36680603027372, 9.60708236694353], [76.36680603027372, 9.606528282165641], [76.36653137207031, 9.606531143188704], [76.36653137207031, 9.605701446533317], [76.36624908447294, 9.605701446533317], [76.36624908447294, 9.60486030578619], [76.36597442626959, 9.60486030578619], [76.36597442626959, 9.603471755981673], [76.36624908447294, 9.603471755981673], [76.36624908447294, 9.602640151977482], [76.36596679687506, 9.602640151977482], [76.36596679687506, 9.601249694824162], [76.36569213867216, 9.601249694824162], [76.36569213867216, 9.600419998169173], [76.3654174804688, 9.600419998169173], [76.3654174804688, 9.599860191345329], [76.36486053466803, 9.599862098693904], [76.36486053466803, 9.599583625793514], [76.36458587646501, 9.599583625793514], [76.36458587646501, 9.59930610656744], [76.36429595947271, 9.599309921264819], [76.36429595947271, 9.59875202178955], [76.36402893066423, 9.59875202178955], [76.36402893066423, 9.598471641540584], [76.36374664306669, 9.598471641540584], [76.36374664306669, 9.597640037536621], [76.36402893066423, 9.597640037536621], [76.36402893066423, 9.597079277038858], [76.36374664306669, 9.597084045410156], [76.36374664306669, 9.596805572509766], [76.36402893066423, 9.596805572509766], [76.36402893066423, 9.594305038452262], [76.36429595947271, 9.594307899475154], [76.36429595947271, 9.59403038024925], [76.36458587646501, 9.59403038024925], [76.36458587646501, 9.593470573425407], [76.36513519287104, 9.593474388122559], [76.36513519287104, 9.593193054199503], [76.36597442626959, 9.593193054199503], [76.36597442626959, 9.592638969421444], [76.36624908447294, 9.592641830444506], [76.36624908447294, 9.591810226440714], [76.36596679687506, 9.591810226440714], [76.36596679687506, 9.591251373291186], [76.36569213867216, 9.591251373291186], [76.36569213867216, 9.590139389038029], [76.3654174804688, 9.590139389038029], [76.3654174804688, 9.58930969238304], [76.36514282226562, 9.58930969238304], [76.36514282226562, 9.589029312133846], [76.3654174804688, 9.589029312133846], [76.3654174804688, 9.588471412658805], [76.36569213867216, 9.588473320007381], [76.36569213867216, 9.587638854980526], [76.36597442626959, 9.587638854980526], [76.36597442626959, 9.587361335754451], [76.36624908447294, 9.587361335754451], [76.36624908447294, 9.58708286285406], [76.36708068847673, 9.58708286285406], [76.36708068847673, 9.586526870727596], [76.36736297607433, 9.586530685424975], [76.36736297607433, 9.585141181945914], [76.36763763427751, 9.585141181945914], [76.36763763427751, 9.583311080932617], [76.36735534667974, 9.583227157593058], [76.366470336914, 9.582970619201603], [76.36383056640642, 9.58230972290039], [76.3595428466798, 9.581550598144815], [76.35739135742193, 9.581220626831055], [76.35629272460943, 9.58119106292719], [76.34104156494152, 9.584039688110408], [76.32585906982439, 9.588609695434627], [76.3054428100586, 9.588012695312557], [76.30041503906261, 9.587571144104004], [76.30042266845732, 9.590139389038029], [76.30014038085955, 9.590139389038029], [76.30014038085955, 9.591251373291186], [76.299858093262, 9.591251373291186], [76.299858093262, 9.592920303344897], [76.29957580566423, 9.592920303344897], [76.29957580566423, 9.59403038024925], [76.29930877685575, 9.59403038024925], [76.29930877685575, 9.594307899475154], [76.29957580566423, 9.594307899475154], [76.29957580566423, 9.59542179107666], [76.299858093262, 9.595417976379508], [76.299858093262, 9.59569263458252], [76.2995834350586, 9.59569263458252], [76.2995834350586, 9.596805572509766], [76.29930877685575, 9.596805572509766], [76.29930877685575, 9.598471641540584], [76.29902648925787, 9.598471641540584], [76.29902648925787, 9.59875202178955], [76.29930877685575, 9.59875202178955], [76.29930877685575, 9.599309921264819], [76.29902648925787, 9.599309921264819], [76.29902648925787, 9.600139617919979], [76.29875183105463, 9.600137710571403], [76.29875183105463, 9.600972175598258], [76.29846954345709, 9.600972175598258], [76.29846954345709, 9.602084159851017], [76.29875183105463, 9.602080345153865], [76.29875183105463, 9.602920532226847], [76.29846954345709, 9.60291576385498], [76.29846954345709, 9.603750228881836], [76.2981948852539, 9.603750228881836], [76.2981948852539, 9.60624980926525], [76.29792022705084, 9.606247901916674], [76.29792022705084, 9.606810569763184], [76.2976379394533, 9.606810569763184], [76.2976379394533, 9.607641220093058], [76.29792022705084, 9.607641220093058], [76.29792022705084, 9.609309196472282], [76.2976379394533, 9.609304428100643], [76.2976379394533, 9.610973358154354], [76.29736328125011, 9.610973358154354], [76.29736328125011, 9.612360954284782], [76.2976379394533, 9.612360954284782], [76.2976379394533, 9.612641334533748], [76.29736328125011, 9.612639427185172], [76.29736328125011, 9.613751411438102], [76.29708099365251, 9.613751411438102], [76.29708099365251, 9.614583015441895], [76.29736328125011, 9.614583015441895], [76.29736328125011, 9.614860534667969], [76.29708099365251, 9.614860534667969], [76.29708099365251, 9.61708259582548], [76.2968063354495, 9.617080688476506], [76.2968063354495, 9.618750572204704], [76.29652404785173, 9.618748664856128], [76.29652404785173, 9.619583129882983], [76.29624938964872, 9.61958122253418], [76.29624938964872, 9.620420455932901], [76.29596710205084, 9.620420455932901], [76.29596710205084, 9.621809959411735], [76.29624938964872, 9.621806144714583], [76.29624938964872, 9.622083663940487], [76.29652404785173, 9.622083663940487], [76.29652404785173, 9.622362136841048], [76.2968063354495, 9.622359275817985], [76.2968063354495, 9.622639656066951], [76.29736328125011, 9.622639656066951], [76.29736328125011, 9.622920036315918], [76.2976379394533, 9.62291526794445], [76.2976379394533, 9.623472213745401], [76.2968063354495, 9.623472213745401], [76.2968063354495, 9.623749732971305], [76.29624938964872, 9.623741149902457], [76.29624938964872, 9.62430953979515], [76.29597473144537, 9.62430572509777], [76.29597473144537, 9.625694274902344], [76.29569244384794, 9.625691413879451], [76.29569244384794, 9.626529693603459], [76.29541778564459, 9.626529693603459], [76.29541778564459, 9.629310607910327], [76.2951431274414, 9.629310607910327], [76.2951431274414, 9.631530761719034], [76.2948608398438, 9.631527900695971], [76.2948608398438, 9.632362365722827], [76.29513549804682, 9.632362365722827], [76.2951431274414, 9.63319015502924], [76.29485321044928, 9.633200645446834], [76.29485321044928, 9.634310722351017], [76.2945861816408, 9.634306907654036], [76.2945861816408, 9.634581565857047], [76.29485321044928, 9.634579658508471], [76.29485321044928, 9.637921333313045], [76.2945861816408, 9.637916564941406], [76.2945861816408, 9.638472557067871], [76.29430389404303, 9.638472557067871], [76.29430389404303, 9.639861106872615], [76.2945861816408, 9.639861106872615], [76.2945861816408, 9.641810417175293], [76.2942962646485, 9.641810417175293], [76.2942962646485, 9.64291858673107], [76.2945861816408, 9.642916679382495], [76.2945861816408, 9.64347267150896], [76.2942962646485, 9.643470764160156], [76.2942962646485, 9.645421981811637], [76.29402923584001, 9.645417213440169], [76.29402923584001, 9.64819335937517], [76.29374694824247, 9.648191452026367], [76.29374694824247, 9.650420188903922], [76.29402923584001, 9.65041637420677], [76.29402923584001, 9.65069580078125], [76.29430389404303, 9.65069580078125], [76.29430389404303, 9.650972366333235], [76.2945861816408, 9.650968551635856], [76.2945861816408, 9.651530265808105], [76.2942962646485, 9.651530265808105], [76.2942962646485, 9.651809692382983], [76.29402923584001, 9.651805877685604], [76.29402923584001, 9.652361869812069], [76.29374694824247, 9.652361869812069], [76.29374694824247, 9.65264034271246], [76.29347229003923, 9.65264034271246], [76.29347229003923, 9.654311180114746], [76.29319763183622, 9.654306411743278], [76.29319763183622, 9.657084465026855], [76.29291534423834, 9.657084465026855], [76.29291534423834, 9.65986347198492], [76.29264068603544, 9.65986347198492], [76.29264068603544, 9.660971641540527], [76.29291534423834, 9.660971641540527], [76.29291534423834, 9.663194656372127], [76.29264068603544, 9.663194656372127], [76.29264068603544, 9.663473129272518], [76.29235839843756, 9.663470268249625], [76.29235839843756, 9.666530609131144], [76.29207611083979, 9.666530609131144], [76.29207611083979, 9.667640686035327], [76.2918090820313, 9.667640686035327], [76.2918090820313, 9.669860839844034], [76.29152679443376, 9.669860839844034], [76.29152679443376, 9.673474311828556], [76.29125213623053, 9.673471450805891], [76.29125213623053, 9.676531791687012], [76.29096984863298, 9.67652797698986], [76.29096984863298, 9.679583549499512], [76.2907028198245, 9.679581642150936], [76.2907028198245, 9.682640075683878], [76.2904129028322, 9.682640075683878], [76.2904129028322, 9.684027671814135], [76.29013824462919, 9.684027671814135], [76.29013824462919, 9.688472747802848], [76.28986358642584, 9.688472747802848], [76.28986358642584, 9.689584732055778], [76.28958129882841, 9.689584732055778], [76.28958129882841, 9.691250801086426], [76.28930664062506, 9.691250801086426], [76.28930664062506, 9.694309234619368], [76.2890167236331, 9.694309234619368], [76.28902435302729, 9.698748588562125], [76.28874969482428, 9.698751449585188], [76.28874969482428, 9.702362060547046], [76.28847503662126, 9.702362060547046], [76.28847503662126, 9.704584121704158], [76.2881927490235, 9.70457935333269], [76.2881927490235, 9.706809997558821], [76.28791809082048, 9.706809997558821], [76.28791809082048, 9.709030151367358], [76.28763580322277, 9.709028244018555], [76.28763580322277, 9.711250305176065], [76.2873611450197, 9.711250305176065], [76.2873611450197, 9.712642669677791], [76.28708648681669, 9.712642669677791], [76.28708648681669, 9.714310646057186], [76.2873611450197, 9.714306831360034], [76.2873611450197, 9.714859962463436], [76.28708648681669, 9.714859962463436], [76.28708648681669, 9.715420722961369], [76.28679656982439, 9.715420722961369], [76.28679656982439, 9.717091560364054], [76.28708648681669, 9.717082977295036], [76.28708648681669, 9.717361450195597], [76.28679656982439, 9.717361450195597], [76.28679656982439, 9.717921257019043], [76.28652954101591, 9.717921257019043], [76.28652954101591, 9.720420837402457], [76.28624725341803, 9.720417022705078], [76.28624725341803, 9.720694541931152], [76.28652954101591, 9.720694541931152], [76.28652954101591, 9.720973014831543], [76.28624725341803, 9.720971107482967], [76.28624725341803, 9.722640991211165], [76.28598022460932, 9.722640991211165], [76.28598022460932, 9.723751068115519], [76.28624725341803, 9.723749160766545], [76.28624725341803, 9.724582672119311], [76.28597259521479, 9.724582672119311], [76.28597259521479, 9.728193283081168], [76.28569793701178, 9.728191375732365], [76.28569793701178, 9.7290296554566], [76.28541564941406, 9.729026794433707], [76.28541564941406, 9.731249809265137], [76.285140991211, 9.731249809265137], [76.285140991211, 9.73347187042242], [76.28542327880876, 9.73347187042242], [76.28542327880876, 9.735420227051009], [76.285140991211, 9.735420227051009], [76.285140991211, 9.736810684204158], [76.28485870361345, 9.73680591583269], [76.28485870361345, 9.737084388732853], [76.28457641601568, 9.737079620361385], [76.28457641601568, 9.737640380859546], [76.2843093872072, 9.737638473510742], [76.2843093872072, 9.738471984863509], [76.28457641601568, 9.738470077514705], [76.28457641601568, 9.739311218261832], [76.2843093872072, 9.739311218261832], [76.2843093872072, 9.740421295166016], [76.28458404541027, 9.74041557312023], [76.28458404541027, 9.740694046020621], [76.2843093872072, 9.740690231323242], [76.28430175781267, 9.74153137207037], [76.28402709960966, 9.741529464721964], [76.28402709960966, 9.742085456848429], [76.28430175781267, 9.742079734802303], [76.28430175781267, 9.744030952453556], [76.28402709960966, 9.74402904510498], [76.28402709960966, 9.74458312988287], [76.28375244140625, 9.744580268859977], [76.28375244140625, 9.747640609741495], [76.28402709960966, 9.747640609741495], [76.28402709960966, 9.74792194366455], [76.285140991211, 9.74792194366455], [76.285140991211, 9.747640609741495], [76.28598022460932, 9.747640609741495], [76.28598022460932, 9.74792194366455], [76.28624725341803, 9.747917175292912], [76.28624725341803, 9.748194694518986], [76.28652954101591, 9.748189926147518], [76.28652954101591, 9.749860763550032], [76.28624725341803, 9.749860763550032], [76.28624725341803, 9.750139236450195], [76.28598022460932, 9.750129699707088], [76.28598022460932, 9.750418663024902], [76.28542327880876, 9.750418663024902], [76.28542327880876, 9.750129699707088], [76.28375244140625, 9.750129699707088], [76.28375244140625, 9.750418663024902], [76.28347015380888, 9.750416755676497], [76.28347015380888, 9.750970840454386], [76.28320312500006, 9.750970840454386], [76.28320312500006, 9.751531600952148], [76.2829132080081, 9.751531600952148], [76.2829132080081, 9.753199577331543], [76.28320312500006, 9.753199577331543], [76.28320312500006, 9.754030227661417], [76.2829132080081, 9.754027366638354], [76.2829132080081, 9.754583358764648], [76.28263854980474, 9.754581451416243], [76.28263854980474, 9.756260871887378], [76.28235626220697, 9.756260871887378], [76.28235626220697, 9.7568101882934], [76.28208160400396, 9.756806373596419], [76.28208160400396, 9.757362365722713], [76.28236389160156, 9.757362365722713], [76.28236389160156, 9.758472442627067], [76.28208160400396, 9.758472442627067], [76.28208160400396, 9.759030342102108], [76.28180694580095, 9.759028434753532], [76.28180694580095, 9.760972023010254], [76.28151702880865, 9.760972023010254], [76.28151702880865, 9.761249542236328], [76.28180694580095, 9.761249542236328], [76.28180694580095, 9.763194084167537], [76.28151702880865, 9.763189315795898], [76.28151702880865, 9.764310836791992], [76.28125000000017, 9.764310836791992], [76.28125000000017, 9.765430450439453], [76.28097534179716, 9.765416145324878], [76.28097534179716, 9.767082214355696], [76.28069305419939, 9.767082214355696], [76.28069305419939, 9.768751144409407], [76.28041839599638, 9.768751144409407], [76.28041839599638, 9.769860267639274], [76.2801361083985, 9.769860267639274], [76.2801361083985, 9.77097320556652], [76.2798614501956, 9.77097320556652], [76.2798614501956, 9.772083282470703], [76.27958679199224, 9.77208042144781], [76.27958679199224, 9.77680969238304], [76.27930450439447, 9.776804924011174], [76.27930450439447, 9.777083396911564], [76.27902984619146, 9.777083396911564], [76.27902984619146, 9.77986145019554], [76.27874755859392, 9.77986145019554], [76.27874755859392, 9.78043079376232], [76.27847290039068, 9.78043079376232], [76.27847290039068, 9.78153038024925], [76.27819824218767, 9.78153038024925], [76.27819824218767, 9.78292179107666], [76.27847290039068, 9.782917976379508], [76.27847290039068, 9.78319263458252], [76.27819824218767, 9.78318023681652], [76.27819824218767, 9.7837495803833], [76.27791595459013, 9.7837495803833], [76.27791595459013, 9.785141944885197], [76.27764129638689, 9.785140037536621], [76.27764129638689, 9.787083625793514], [76.27735900878935, 9.787083625793514], [76.27735900878935, 9.788193702697697], [76.2770767211914, 9.788191795349121], [76.2770767211914, 9.789030075073526], [76.2768096923831, 9.789030075073526], [76.2768096923831, 9.79014015197771], [76.27652740478521, 9.79014015197771], [76.27652740478521, 9.791529655456543], [76.27625274658197, 9.791529655456543], [76.27625274658197, 9.791810989379996], [76.27652740478521, 9.791806221008528], [76.27652740478521, 9.793193817138786], [76.27625274658197, 9.793193817138786], [76.27625274658197, 9.79458236694353], [76.27597045898443, 9.794580459594727], [76.27597045898443, 9.79653072357172], [76.27569580078142, 9.796528816223145], [76.27569580078142, 9.797081947326717], [76.27540588378912, 9.797080039978141], [76.27540588378912, 9.797640800476074], [76.27513885498064, 9.797638893127498], [76.27513885498064, 9.798473358154354], [76.27541351318365, 9.798473358154354], [76.27541351318365, 9.7992200851441], [76.27541351318365, 9.799860954284782], [76.27513885498064, 9.799860954284782], [76.27513885498064, 9.80041885376005], [76.27486419677763, 9.800416946411076], [76.27486419677763, 9.803194999695052], [76.27458190917986, 9.803191184997672], [76.27458190917986, 9.804032325744572], [76.27430725097685, 9.804032325744572], [76.27430725097685, 9.804309844970874], [76.27401733398455, 9.804309844970874], [76.27401733398455, 9.805141448974666], [76.27375030517607, 9.805138587951774], [76.27375030517607, 9.805971145630053], [76.27348327636724, 9.805971145630053], [76.27348327636724, 9.80792045593273], [76.27319335937494, 9.80792045593273], [76.27319335937494, 9.809029579162598], [76.27291870117193, 9.809029579162598], [76.27291870117193, 9.810139656066951], [76.27319335937494, 9.810139656066951], [76.27319335937494, 9.810811996459904], [76.27319335937494, 9.81180953979515], [76.27291870117193, 9.81180953979515], [76.27291870117193, 9.812640190124625], [76.27263641357422, 9.812640190124625], [76.27263641357422, 9.813750267028809], [76.27236175537115, 9.813750267028809], [76.27236175537115, 9.814029693603686], [76.27263641357422, 9.814029693603686], [76.27263641357422, 9.814310073852653], [76.27236175537115, 9.814306259155273], [76.27236175537115, 9.814862251281738], [76.27208709716814, 9.814860343933162], [76.27208709716814, 9.816541671752873], [76.27179718017584, 9.816541671752873], [76.27179718017584, 9.81931114196783], [76.27153015136736, 9.819306373596362], [76.27153015136736, 9.819862365722656], [76.27124786376982, 9.81986045837425], [76.27124786376982, 9.820142745971793], [76.2709732055664, 9.820137977600154], [76.2709732055664, 9.822085380554427], [76.27124786376982, 9.822085380554427], [76.27124786376982, 9.822360038757438], [76.2709732055664, 9.822360038757438], [76.2709732055664, 9.823472976684684], [76.27086639404325, 9.823472976684684], [76.27323150634783, 9.831110000610465], [76.27519226074224, 9.841819763183594], [76.27906036376982, 9.842990875244254], [76.28385925292997, 9.843058586120833], [76.28541564941406, 9.844609260559082], [76.28541564941406, 9.84402847290039], [76.28569793701178, 9.844030380249194], [76.28569793701178, 9.843481063842773], [76.28457641601568, 9.843481063842773], [76.28457641601568, 9.843189239501896], [76.28430175781267, 9.843194007873535], [76.28430175781267, 9.842639923095874], [76.28402709960966, 9.842639923095874], [76.28402709960966, 9.842082023620605], [76.28375244140625, 9.842083930969181], [76.28375244140625, 9.841250419616813], [76.28347015380888, 9.841250419616813], [76.28347015380888, 9.840417861938533], [76.28320312500006, 9.840419769287337], [76.28320312500006, 9.839580535888615], [76.2829132080081, 9.839584350585994], [76.2829132080081, 9.83902835845953], [76.28320312500006, 9.839030265808105], [76.28320312500006, 9.838472366333065], [76.28347015380888, 9.838472366333065], [76.28347015380888, 9.837915420532283], [76.28375244140625, 9.837920188903752], [76.28375244140625, 9.836810111999569], [76.28402709960966, 9.836810111999569], [76.28402709960966, 9.835139274597282], [76.28430175781267, 9.835139274597282], [76.28430175781267, 9.833471298218058], [76.28458404541027, 9.833471298218058], [76.28458404541027, 9.832638740539608], [76.285140991211, 9.8326416015625], [76.285140991211, 9.832921981811637], [76.28597259521479, 9.832917213439998], [76.28597259521479, 9.833194732666072], [76.28679656982439, 9.833190917968693], [76.28679656982439, 9.833750724792537], [76.28652954101591, 9.833750724792537], [76.28652954101591, 9.834309577941895], [76.28902435302729, 9.834304809570426], [76.28902435302729, 9.834860801696891], [76.28930664062506, 9.834858894348145], [76.28930664062506, 9.835419654846248], [76.28958129882841, 9.835417747497672], [76.28958129882841, 9.837362289428711], [76.28985595703125, 9.837359428405819], [76.28985595703125, 9.837639808654785], [76.29374694824247, 9.837639808654785], [76.29374694824247, 9.837920188903752], [76.29402923584001, 9.837920188903752], [76.29402923584001, 9.838751792907715], [76.29374694824247, 9.838751792907715], [76.29374694824247, 9.840419769287337], [76.29347229003923, 9.840417861938533], [76.29347229003923, 9.842083930969181], [76.29319763183622, 9.842083930969181], [76.29319763183622, 9.843194007873535], [76.29292297363287, 9.843189239501896], [76.29292297363287, 9.843481063842773], [76.29264068603544, 9.843481063842773], [76.29264068603544, 9.844030380249194], [76.29347229003923, 9.84402847290039], [76.29347229003923, 9.844860076904581], [76.29319763183622, 9.844860076904581], [76.29319763183622, 9.84597206115734], [76.29292297363287, 9.845970153808537], [76.29292297363287, 9.846249580383414], [76.29235839843756, 9.846249580383414], [76.29235839843756, 9.846528053283805], [76.2918090820313, 9.846521377563533], [76.2918090820313, 9.846811294555664], [76.29152679443376, 9.84680557250988], [76.29152679443376, 9.847361564636174], [76.29125213623053, 9.847359657287598], [76.29125213623053, 9.847921371460018], [76.29096984863298, 9.847915649414062], [76.29096984863298, 9.848194122314453], [76.2907028198245, 9.848190307617244], [76.2907028198245, 9.848750114440918], [76.2904129028322, 9.848750114440918], [76.2904129028322, 9.849031448364371], [76.2907028198245, 9.849031448364371], [76.2907028198245, 9.849310874939022], [76.29096984863298, 9.849304199218807], [76.29096984863298, 9.849584579467773], [76.29125213623053, 9.849584579467773], [76.29125213623053, 9.849860191345272], [76.29235839843756, 9.849860191345272], [76.29235839843756, 9.850140571594238], [76.2942962646485, 9.850140571594238], [76.2942962646485, 9.850420951843205], [76.29624938964872, 9.850417137146053], [76.29624938964872, 9.850694656372127], [76.29708099365251, 9.850694656372127], [76.29708099365251, 9.850417137146053], [76.29736328125011, 9.850420951843205], [76.29736328125011, 9.850140571594238], [76.29846954345709, 9.850140571594238], [76.29846954345709, 9.849860191345272], [76.29875183105463, 9.849860191345272], [76.29875183105463, 9.849584579467773], [76.29930877685575, 9.849584579467773], [76.29930877685575, 9.849028587341309], [76.29902648925787, 9.849031448364371], [76.29902648925787, 9.847640991211051], [76.29930877685575, 9.847640991211051], [76.29930877685575, 9.845140457153548], [76.29957580566423, 9.845140457153548], [76.29957580566423, 9.843750000000227], [76.30069732666033, 9.843750000000227], [76.30069732666033, 9.844030380249194], [76.30097198486334, 9.84402847290039], [76.30097198486334, 9.844584465027083], [76.3012466430664, 9.844584465027083], [76.3012466430664, 9.844860076904581], [76.30152893066412, 9.844860076904581], [76.30152893066412, 9.84542274475109], [76.30180358886713, 9.845416069031046], [76.30180358886713, 9.84569358825695], [76.3020858764649, 9.845691680908374], [76.3020858764649, 9.846249580383414], [76.30236053466825, 9.846249580383414], [76.30236053466825, 9.846811294555664], [76.3026351928711, 9.84680557250988], [76.3026351928711, 9.847359657287598], [76.30291748046903, 9.847359657287598], [76.30291748046903, 9.849310874939022], [76.3026351928711, 9.849304199218807], [76.3026351928711, 9.849860191345272], [76.30236053466825, 9.849860191345272], [76.30236053466825, 9.850420951843205], [76.30152893066412, 9.850420951843205], [76.30152893066412, 9.850140571594238], [76.299858093262, 9.850137710571346], [76.299858093262, 9.850694656372127], [76.29930877685575, 9.850694656372127], [76.29930877685575, 9.850973129272518], [76.29875183105463, 9.850970268249625], [76.29875183105463, 9.851250648498592], [76.29902648925787, 9.851250648498592], [76.29902648925787, 9.851531028747559], [76.29930877685575, 9.851529121398983], [76.29930877685575, 9.852083206176871], [76.30041503906261, 9.852083206176871], [76.30041503906261, 9.852360725402946], [76.3012466430664, 9.852360725402946], [76.3012466430664, 9.85264968872076], [76.30152893066412, 9.85264968872076], [76.30152893066412, 9.85292053222662], [76.30180358886713, 9.85291671752924], [76.30180358886713, 9.853195190429801], [76.3020858764649, 9.853195190429801], [76.3020858764649, 9.853472709655705], [76.30253601074247, 9.853472709655705], [76.30291748046903, 9.853472709655705], [76.30291748046903, 9.853751182556096], [76.30252838134794, 9.853751182556096], [76.30236053466825, 9.853751182556096], [76.30236053466825, 9.854030609130973], [76.3020858764649, 9.854030609130973], [76.3020858764649, 9.854311943054427], [76.30152893066412, 9.854305267333984], [76.30152893066412, 9.854582786560059], [76.3012466430664, 9.854582786560059], [76.3012466430664, 9.85486125946045], [76.30069732666033, 9.85486125946045], [76.30069732666033, 9.855140686035327], [76.299858093262, 9.855140686035327], [76.299858093262, 9.855421066284293], [76.29902648925787, 9.855417251586914], [76.29902648925787, 9.855694770813216], [76.29875183105463, 9.855694770813216], [76.29875183105463, 9.855973243713379], [76.29846954345709, 9.855973243713379], [76.29846954345709, 9.856248855590877], [76.29818725585932, 9.856248855590877], [76.29818725585932, 9.856529235840071], [76.29792022705084, 9.856529235840071], [76.29792022705084, 9.85680866241455], [76.2976379394533, 9.85680484771757], [76.2976379394533, 9.857083320617733], [76.29736328125011, 9.857081413269157], [76.29736328125011, 9.85764122009283], [76.29708099365251, 9.857639312744425], [76.29708099365251, 9.858751296997184], [76.2968063354495, 9.858751296997184], [76.2968063354495, 9.860420227050895], [76.2965164184572, 9.860420227050895], [76.2965164184572, 9.862640380859602], [76.2968063354495, 9.862640380859602], [76.2968063354495, 9.864310264587402], [76.29652404785173, 9.86430644989025], [76.29652404785173, 9.865694046020508], [76.29624938964872, 9.865691184997615], [76.29624938964872, 9.866251945495549], [76.29596710205084, 9.866251945495549], [76.29596710205084, 9.869029998779524], [76.29624938964872, 9.869029998779524], [76.29624938964872, 9.870140075683878], [76.29597473144537, 9.870140075683878], [76.29597473144537, 9.87097167968767], [76.29569244384794, 9.87097167968767], [76.29569244384794, 9.871810913085994], [76.29541778564459, 9.871806144714526], [76.29541778564459, 9.873193740844783], [76.29569244384794, 9.873193740844783], [76.29569244384794, 9.874349594116381], [76.29569244384794, 9.875420570373535], [76.29541778564459, 9.875415802002067], [76.29541778564459, 9.875971794128361], [76.29513549804682, 9.875971794128361], [76.29513549804682, 9.876251220703239], [76.29541778564459, 9.876251220703239], [76.29541778564459, 9.876819610595703], [76.29569244384794, 9.87680435180664], [76.29569244384794, 9.880695343017635], [76.29596710205084, 9.88068962097168], [76.29597473144537, 9.8812513351441], [76.29569244384794, 9.8812513351441], [76.29569244384794, 9.882638931274357], [76.29541778564459, 9.882630348205737], [76.29541778564459, 9.882919311523722], [76.29513549804682, 9.882917404174748], [76.29513549804682, 9.883473396301213], [76.2945861816408, 9.883470535278548], [76.2945861816408, 9.884311676025447], [76.2942962646485, 9.884311676025447], [76.2942962646485, 9.885141372680664], [76.2945861816408, 9.885141372680664], [76.2945861816408, 9.885418891906738], [76.2948608398438, 9.885416984558162], [76.2948608398438, 9.885695457458723], [76.2951431274414, 9.885690689086857], [76.2951431274414, 9.886251449585018], [76.29541778564459, 9.886248588562125], [76.29541778564459, 9.88708305358898], [76.29569244384794, 9.88708305358898], [76.29569244384794, 9.889862060546875], [76.29652404785173, 9.889862060546875]]]]}, "properties": {"id": "cherthala", "taluk_name": "Cherthala", "malayalam_name": "ചേർത്തല", "district_name": "Alappuzha", "district_id": "alappuzha", "elevation_m": 8, "slope_degrees": 1.0, "area_sq_km": 310, "centroid": {"lat": 9.68, "lng": 76.33}, "dominant_land_use": "Below-Sea-Level Paddy Farming & Coconut Lagoons (Slope: 1.0°)", "soil_type": "Hydromorphic Coastal Sands & River Alluvium", "rusle": {"R": 2116, "K": 0.018, "LS": 1.7, "C": 0.16, "P": 0.71, "A": 3.9}, "risk_category": "Low", "time_series": {"2018": 4.9, "2019": 4.5, "2020": 3.6, "2021": 4.0, "2022": 3.7, "2023": 3.2, "2024": 3.9}, "conservation": ["Contour terracing suitable for 8m elevation zones", "Runoff control hedgerows across slopes > 5.0°"], "is_sample_data": true, "data_source": "Bundled GeoJSON (DEMO Mode)"}}, {"type": "Feature", "id": "karthikappally", "geometry": {"type": "Polygon", "coordinates": [[[76.55686, 9.24], [76.55641, 9.2533], [76.55298, 9.26622], [76.54687, 9.2781], [76.53856, 9.2885], [76.52861, 9.29718], [76.51749, 9.30408], [76.50552, 9.3092], [76.49294, 9.31244], [76.48, 9.31366], [76.46702, 9.31263], [76.45447, 9.30923], [76.44286, 9.30349], [76.43268, 9.29567], [76.42423, 9.28619], [76.41761, 9.27555], [76.41273, 9.26417], [76.40942, 9.25228], [76.40761, 9.24], [76.40741, 9.22737], [76.40912, 9.21454], [76.41313, 9.2019], [76.41972, 9.19008], [76.4289, 9.17989], [76.44028, 9.17209], [76.45316, 9.16721], [76.46667, 9.16538], [76.48, 9.16634], [76.49259, 9.16954], [76.5042, 9.17436], [76.5149, 9.18033], [76.52483, 9.18726], [76.53406, 9.19523], [76.54239, 9.20445], [76.54937, 9.21508], [76.5544, 9.22705], [76.55686, 9.24]]]}, "properties": {"id": "karthikappally", "taluk_name": "Karthikappally", "malayalam_name": "കാർത്തികപ്പള്ളി", "district_name": "Alappuzha", "district_id": "alappuzha", "elevation_m": 6, "slope_degrees": 0.9, "area_sq_km": 210, "centroid": {"lat": 9.24, "lng": 76.48}, "dominant_land_use": "Below-Sea-Level Paddy Farming & Coconut Lagoons (Slope: 0.9°)", "soil_type": "Hydromorphic Coastal Sands & River Alluvium", "rusle": {"R": 2111, "K": 0.018, "LS": 1.6, "C": 0.16, "P": 0.71, "A": 3.7}, "risk_category": "Low", "time_series": {"2018": 4.6, "2019": 4.3, "2020": 3.4, "2021": 3.8, "2022": 3.5, "2023": 3.0, "2024": 3.7}, "conservation": ["Contour terracing suitable for 6m elevation zones", "Runoff control hedgerows across slopes > 5.0°"], "is_sample_data": true, "data_source": "Bundled GeoJSON (DEMO Mode)"}}, {"type": "Feature", "id": "chenganur", "geometry": {"type": "Polygon", "coordinates": [[[76.63051605224615, 9.323329925537166], [76.62444305419928, 9.318341255187988], [76.63298797607422, 9.305040359497184], [76.6380767822265, 9.300218582153377], [76.64034271240246, 9.296980857849235], [76.64022827148438, 9.287451744079704], [76.64106750488293, 9.280952453613395], [76.64491271972668, 9.278330802917537], [76.6495361328125, 9.278849601745605], [76.65371704101557, 9.27742958068842], [76.65724945068365, 9.279910087585563], [76.66142272949224, 9.280961036682186], [76.66626739501964, 9.286300659179801], [76.6705932617188, 9.281890869140682], [76.67208862304688, 9.282279968261776], [76.67283630371094, 9.286351203918514], [76.67907714843744, 9.286849975585994], [76.67925262451183, 9.278812408447209], [76.67816925048828, 9.274690628051815], [76.66799163818371, 9.271930694580192], [76.66326904296875, 9.261301040649471], [76.64958953857428, 9.25962066650402], [76.6421127319336, 9.250399589538574], [76.63954162597668, 9.244010925292912], [76.6442489624024, 9.232121467590332], [76.63964080810547, 9.227121353149414], [76.63697052001953, 9.22566032409668], [76.63327789306652, 9.225291252136287], [76.6261825561524, 9.222730636596793], [76.6224594116211, 9.225119590759277], [76.61982727050781, 9.228650093078727], [76.61384582519526, 9.226421356201172], [76.6150970458985, 9.221931457519531], [76.60804748535162, 9.216500282287654], [76.60462951660162, 9.217741966247615], [76.601547241211, 9.221049308776855], [76.59217834472662, 9.228089332580623], [76.58911895751953, 9.227041244506836], [76.58612823486334, 9.227531433105526], [76.5824813842774, 9.230731010436955], [76.58101654052746, 9.234642028808707], [76.5751724243164, 9.237520217895621], [76.56429290771484, 9.252731323242301], [76.56298065185547, 9.259010314941463], [76.5590209960938, 9.256119728088436], [76.55590057373047, 9.255181312561092], [76.54831695556646, 9.261409759521598], [76.54133605957043, 9.261540412902832], [76.53688812255865, 9.250561714172477], [76.53333282470714, 9.251229286193961], [76.53209686279303, 9.2550306320191], [76.53256225585949, 9.264840126037598], [76.53515625000006, 9.27561187744152], [76.53179931640636, 9.272781372070426], [76.52860260009766, 9.27195072174078], [76.52539825439453, 9.274221420288143], [76.52760314941418, 9.280000686645565], [76.52310180664062, 9.27970027923584], [76.52266693115246, 9.287920951843375], [76.52037811279308, 9.288692474365348], [76.51764678955084, 9.297039985656795], [76.4989624023438, 9.29563236236578], [76.48821258544922, 9.297060966491813], [76.48098754882818, 9.300809860229492], [76.47866821289062, 9.305260658264103], [76.479476928711, 9.309971809387207], [76.4822387695312, 9.315780639648438], [76.48745727539062, 9.31378269195568], [76.49298858642578, 9.31361198425293], [76.50208282470697, 9.316841125488395], [76.51676940917963, 9.31628131866455], [76.52039337158197, 9.314750671386832], [76.52281951904308, 9.311680793762207], [76.53582000732433, 9.314420700073299], [76.54051971435553, 9.316490173339787], [76.54068756103521, 9.327341079711971], [76.54447174072266, 9.329879760742188], [76.5457992553711, 9.334871292114258], [76.5397567749024, 9.336191177368164], [76.53724670410162, 9.33965969085699], [76.54199981689453, 9.341909408569393], [76.54515075683605, 9.339119911193904], [76.54979705810547, 9.342398643493596], [76.55876922607422, 9.346209526062069], [76.56400299072271, 9.343050956726188], [76.5666961669923, 9.340210914611816], [76.57256317138678, 9.341528892517147], [76.58252716064464, 9.34193038940441], [76.58705902099615, 9.340330123901367], [76.59089660644537, 9.33753967285162], [76.61015319824224, 9.332559585571232], [76.61434936523443, 9.332518577575684], [76.61776733398443, 9.33477973937994], [76.62753295898449, 9.334789276123104], [76.62889099121105, 9.332421302795467], [76.62779998779297, 9.328010559082088], [76.63051605224615, 9.323329925537166]]]}, "properties": {"id": "chenganur", "taluk_name": "Chengannur", "malayalam_name": "ചെങ്ങന്നൂർ", "district_name": "Alappuzha", "district_id": "alappuzha", "elevation_m": 25, "slope_degrees": 2.4, "area_sq_km": 215, "centroid": {"lat": 9.32, "lng": 76.61}, "dominant_land_use": "Below-Sea-Level Paddy Farming & Coconut Lagoons (Slope: 2.4°)", "soil_type": "Hydromorphic Coastal Sands & River Alluvium", "rusle": {"R": 2180, "K": 0.018, "LS": 2.4, "C": 0.17, "P": 0.7, "A": 5.8}, "risk_category": "Moderate", "time_series": {"2018": 7.2, "2019": 6.7, "2020": 5.3, "2021": 5.9, "2022": 5.5, "2023": 4.8, "2024": 5.8}, "conservation": ["Contour terracing suitable for 25m elevation zones", "Runoff control hedgerows across slopes > 5.0°"], "is_sample_data": true, "data_source": "Bundled GeoJSON (DEMO Mode)"}}, {"type": "Feature", "id": "mavelikkara", "geometry": {"type": "Polygon", "coordinates": [[[76.61896, 9.25], [76.61854, 9.26193], [76.61547, 9.27352], [76.60999, 9.28418], [76.60254, 9.29351], [76.59361, 9.3013], [76.58363, 9.30749], [76.57289, 9.31207], [76.56161, 9.31499], [76.55, 9.31608], [76.53836, 9.31516], [76.5271, 9.31211], [76.51668, 9.30696], [76.50754, 9.29994], [76.49997, 9.29144], [76.49403, 9.28189], [76.48965, 9.27168], [76.48669, 9.26102], [76.48506, 9.25], [76.48488, 9.23867], [76.48642, 9.22716], [76.49001, 9.21582], [76.49593, 9.20522], [76.50415, 9.19607], [76.51436, 9.18908], [76.52592, 9.1847], [76.53804, 9.18306], [76.55, 9.18392], [76.56129, 9.18679], [76.57171, 9.19112], [76.58131, 9.19648], [76.59022, 9.20269], [76.59849, 9.20984], [76.60597, 9.21811], [76.61224, 9.22764], [76.61674, 9.23838], [76.61896, 9.25]]]}, "properties": {"id": "mavelikkara", "taluk_name": "Mavelikkara", "malayalam_name": "മാവേലിക്കര", "district_name": "Alappuzha", "district_id": "alappuzha", "elevation_m": 20, "slope_degrees": 2.1, "area_sq_km": 169, "centroid": {"lat": 9.25, "lng": 76.55}, "dominant_land_use": "Below-Sea-Level Paddy Farming & Coconut Lagoons (Slope: 2.1°)", "soil_type": "Hydromorphic Coastal Sands & River Alluvium", "rusle": {"R": 2166, "K": 0.018, "LS": 2.2, "C": 0.17, "P": 0.71, "A": 5.2}, "risk_category": "Moderate", "time_series": {"2018": 6.5, "2019": 6.0, "2020": 4.8, "2021": 5.3, "2022": 4.9, "2023": 4.3, "2024": 5.2}, "conservation": ["Contour terracing suitable for 20m elevation zones", "Runoff control hedgerows across slopes > 5.0°"], "is_sample_data": true, "data_source": "Bundled GeoJSON (DEMO Mode)"}}, {"type": "Feature", "id": "kozhencherry", "geometry": {"type": "Polygon", "coordinates": [[[76.80491, 9.34], [76.80434, 9.35641], [76.80011, 9.37236], [76.79256, 9.38704], [76.78231, 9.39987], [76.77002, 9.41059], [76.75629, 9.41911], [76.74151, 9.42542], [76.72598, 9.42942], [76.71, 9.43092], [76.69398, 9.42966], [76.67848, 9.42546], [76.66414, 9.41838], [76.65156, 9.40872], [76.64113, 9.39702], [76.63296, 9.38389], [76.62694, 9.36983], [76.62285, 9.35516], [76.62062, 9.34], [76.62037, 9.32441], [76.62248, 9.30857], [76.62744, 9.29296], [76.63557, 9.27838], [76.6469, 9.2658], [76.66095, 9.25617], [76.67686, 9.25014], [76.69354, 9.24789], [76.71, 9.24908], [76.72554, 9.25303], [76.73989, 9.25898], [76.75309, 9.26635], [76.76536, 9.2749], [76.77675, 9.28473], [76.78704, 9.29611], [76.79566, 9.30924], [76.80186, 9.32402], [76.80491, 9.34]]]}, "properties": {"id": "kozhencherry", "taluk_name": "Kozhencherry", "malayalam_name": "കോഴഞ്ചേരി", "district_name": "Pathanamthitta", "district_id": "pathanamthitta", "elevation_m": 45, "slope_degrees": 3.8, "area_sq_km": 320, "centroid": {"lat": 9.34, "lng": 76.71}, "dominant_land_use": "Reserve Forests, Rubber, Tapioca & Spices (Slope: 3.8°)", "soil_type": "Deep Forest Loam & Gravelly Laterite", "rusle": {"R": 4294, "K": 0.027, "LS": 3.1, "C": 0.19, "P": 0.69, "A": 12.8}, "risk_category": "High", "time_series": {"2018": 16.0, "2019": 14.7, "2020": 11.8, "2021": 13.1, "2022": 12.0, "2023": 10.5, "2024": 12.8}, "conservation": ["Contour terracing suitable for 45m elevation zones", "Runoff control hedgerows across slopes > 5.0°"], "is_sample_data": true, "data_source": "Bundled GeoJSON (DEMO Mode)"}}, {"type": "Feature", "id": "adoor", "geometry": {"type": "Polygon", "coordinates": [[[76.83337, 9.15], [76.83275, 9.16789], [76.82815, 9.18527], [76.81992, 9.20126], [76.80875, 9.21524], [76.79537, 9.22692], [76.78041, 9.23621], [76.76432, 9.24308], [76.7474, 9.24745], [76.73, 9.24908], [76.71255, 9.24771], [76.69567, 9.24313], [76.68005, 9.23541], [76.66636, 9.22488], [76.655, 9.21214], [76.6461, 9.19782], [76.63953, 9.18251], [76.63509, 9.16652], [76.63265, 9.15], [76.63238, 9.13301], [76.63468, 9.11575], [76.64008, 9.09874], [76.64894, 9.08285], [76.66127, 9.06914], [76.67658, 9.05865], [76.6939, 9.05208], [76.71207, 9.04962], [76.73, 9.05092], [76.74693, 9.05522], [76.76255, 9.06171], [76.77694, 9.06974], [76.79029, 9.07906], [76.8027, 9.08978], [76.8139, 9.10218], [76.8233, 9.11648], [76.83005, 9.13258], [76.83337, 9.15]]]}, "properties": {"id": "adoor", "taluk_name": "Adoor", "malayalam_name": "അടൂർ", "district_name": "Pathanamthitta", "district_id": "pathanamthitta", "elevation_m": 35, "slope_degrees": 3.2, "area_sq_km": 380, "centroid": {"lat": 9.15, "lng": 76.73}, "dominant_land_use": "Reserve Forests, Rubber, Tapioca & Spices (Slope: 3.2°)", "soil_type": "Deep Forest Loam & Gravelly Laterite", "rusle": {"R": 4241, "K": 0.027, "LS": 2.8, "C": 0.18, "P": 0.7, "A": 11.2}, "risk_category": "High", "time_series": {"2018": 14.0, "2019": 12.9, "2020": 10.3, "2021": 11.4, "2022": 10.5, "2023": 9.2, "2024": 11.2}, "conservation": ["Contour terracing suitable for 35m elevation zones", "Runoff control hedgerows across slopes > 5.0°"], "is_sample_data": true, "data_source": "Bundled GeoJSON (DEMO Mode)"}}, {"type": "Feature", "id": "ranni", "geometry": {"type": "Polygon", "coordinates": [[[76.97007, 9.38], [76.96912, 9.40768], [76.96198, 9.43458], [76.94925, 9.45932], [76.93195, 9.48096], [76.91123, 9.49903], [76.88806, 9.5134], [76.86314, 9.52404], [76.83695, 9.5308], [76.81, 9.53333], [76.78298, 9.5312], [76.75683, 9.52412], [76.73266, 9.51217], [76.71145, 9.49588], [76.69386, 9.47615], [76.68008, 9.45401], [76.66991, 9.43031], [76.66302, 9.40557], [76.65926, 9.38], [76.65884, 9.3537], [76.6624, 9.327], [76.67075, 9.30068], [76.68448, 9.27608], [76.70358, 9.25487], [76.72727, 9.23863], [76.7541, 9.22847], [76.78224, 9.22467], [76.81, 9.22667], [76.83621, 9.23333], [76.8604, 9.24337], [76.88268, 9.2558], [76.90336, 9.27022], [76.92257, 9.2868], [76.93992, 9.30599], [76.95447, 9.32812], [76.96493, 9.35305], [76.97007, 9.38]]]}, "properties": {"id": "ranni", "taluk_name": "Ranni", "malayalam_name": "റാന്നി", "district_name": "Pathanamthitta", "district_id": "pathanamthitta", "elevation_m": 280, "slope_degrees": 16.5, "area_sq_km": 910, "centroid": {"lat": 9.38, "lng": 76.81}, "dominant_land_use": "Reserve Forests, Rubber, Tapioca & Spices (Slope: 16.5°)", "soil_type": "Deep Forest Loam & Gravelly Laterite", "rusle": {"R": 5412, "K": 0.027, "LS": 9.4, "C": 0.32, "P": 0.61, "A": 32.5}, "risk_category": "Severe", "time_series": {"2018": 40.6, "2019": 37.4, "2020": 29.9, "2021": 33.1, "2022": 30.5, "2023": 26.6, "2024": 32.5}, "conservation": ["Contour terracing suitable for 280m elevation zones", "Runoff control hedgerows across slopes > 12°"], "is_sample_data": true, "data_source": "Bundled GeoJSON (DEMO Mode)"}}, {"type": "Feature", "id": "konni", "geometry": {"type": "Polygon", "coordinates": [[[76.97884, 9.24], [76.97807, 9.26229], [76.97233, 9.28395], [76.96208, 9.30387], [76.94816, 9.32129], [76.93148, 9.33584], [76.91283, 9.34742], [76.89277, 9.35598], [76.87169, 9.36142], [76.85, 9.36346], [76.82825, 9.36175], [76.80721, 9.35605], [76.78775, 9.34642], [76.77068, 9.33331], [76.75652, 9.31742], [76.74543, 9.29959], [76.73725, 9.28051], [76.7317, 9.26059], [76.72867, 9.24], [76.72833, 9.21883], [76.7312, 9.19732], [76.73792, 9.17613], [76.74897, 9.15632], [76.76434, 9.13924], [76.78342, 9.12617], [76.80501, 9.11799], [76.82766, 9.11493], [76.85, 9.11654], [76.8711, 9.1219], [76.89057, 9.12998], [76.9085, 9.13999], [76.92515, 9.15161], [76.94061, 9.16496], [76.95457, 9.18041], [76.96628, 9.19823], [76.9747, 9.2183], [76.97884, 9.24]]]}, "properties": {"id": "konni", "taluk_name": "Konni", "malayalam_name": "കോന്നി", "district_name": "Pathanamthitta", "district_id": "pathanamthitta", "elevation_m": 240, "slope_degrees": 14.8, "area_sq_km": 590, "centroid": {"lat": 9.24, "lng": 76.85}, "dominant_land_use": "Reserve Forests, Rubber, Tapioca & Spices (Slope: 14.8°)", "soil_type": "Deep Forest Loam & Gravelly Laterite", "rusle": {"R": 5262, "K": 0.027, "LS": 8.6, "C": 0.3, "P": 0.62, "A": 28.6}, "risk_category": "Severe", "time_series": {"2018": 35.8, "2019": 32.9, "2020": 26.3, "2021": 29.2, "2022": 26.9, "2023": 23.5, "2024": 28.6}, "conservation": ["Contour terracing suitable for 240m elevation zones", "Runoff control hedgerows across slopes > 10°"], "is_sample_data": true, "data_source": "Bundled GeoJSON (DEMO Mode)"}}, {"type": "Feature", "id": "mallappally", "geometry": {"type": "Polygon", "coordinates": [[[76.72691, 9.45], [76.72645, 9.4633], [76.72302, 9.47622], [76.71691, 9.4881], [76.7086, 9.4985], [76.69864, 9.50718], [76.68751, 9.51408], [76.67553, 9.5192], [76.66295, 9.52244], [76.65, 9.52366], [76.63702, 9.52263], [76.62445, 9.51923], [76.61284, 9.51349], [76.60265, 9.50567], [76.59419, 9.49619], [76.58757, 9.48555], [76.58269, 9.47417], [76.57938, 9.46228], [76.57757, 9.45], [76.57737, 9.43737], [76.57908, 9.42454], [76.58309, 9.4119], [76.58969, 9.40008], [76.59887, 9.38989], [76.61025, 9.38209], [76.62314, 9.37721], [76.63666, 9.37538], [76.65, 9.37634], [76.66259, 9.37954], [76.67422, 9.38436], [76.68492, 9.39033], [76.69486, 9.39726], [76.70409, 9.40523], [76.71243, 9.41445], [76.71942, 9.42508], [76.72444, 9.43705], [76.72691, 9.45]]]}, "properties": {"id": "mallappally", "taluk_name": "Mallappally", "malayalam_name": "മല്ലപ്പള്ളി", "district_name": "Pathanamthitta", "district_id": "pathanamthitta", "elevation_m": 40, "slope_degrees": 3.5, "area_sq_km": 210, "centroid": {"lat": 9.45, "lng": 76.65}, "dominant_land_use": "Reserve Forests, Rubber, Tapioca & Spices (Slope: 3.5°)", "soil_type": "Deep Forest Loam & Gravelly Laterite", "rusle": {"R": 4268, "K": 0.027, "LS": 3.0, "C": 0.18, "P": 0.7, "A": 11.5}, "risk_category": "High", "time_series": {"2018": 14.4, "2019": 13.2, "2020": 10.6, "2021": 11.7, "2022": 10.8, "2023": 9.4, "2024": 11.5}, "conservation": ["Contour terracing suitable for 40m elevation zones", "Runoff control hedgerows across slopes > 5.0°"], "is_sample_data": true, "data_source": "Bundled GeoJSON (DEMO Mode)"}}, {"type": "Feature", "id": "thiruvalla", "geometry": {"type": "Polygon", "coordinates": [[[76.64995, 9.38], [76.64947, 9.39383], [76.64591, 9.40726], [76.63955, 9.41962], [76.63091, 9.43043], [76.62056, 9.43945], [76.60899, 9.44663], [76.59654, 9.45194], [76.58346, 9.45532], [76.57, 9.45658], [76.5565, 9.45552], [76.54345, 9.45198], [76.53137, 9.44601], [76.52078, 9.43788], [76.51199, 9.42802], [76.50511, 9.41696], [76.50003, 9.40513], [76.49659, 9.39277], [76.49471, 9.38], [76.4945, 9.36687], [76.49628, 9.35353], [76.50045, 9.34038], [76.50731, 9.3281], [76.51685, 9.3175], [76.52868, 9.30939], [76.54208, 9.30432], [76.55614, 9.30242], [76.57, 9.30342], [76.58309, 9.30675], [76.59517, 9.31176], [76.6063, 9.31797], [76.61663, 9.32517], [76.62622, 9.33345], [76.63489, 9.34304], [76.64216, 9.35409], [76.64738, 9.36654], [76.64995, 9.38]]]}, "properties": {"id": "thiruvalla", "taluk_name": "Thiruvalla", "malayalam_name": "തിരുവല്ല", "district_name": "Pathanamthitta", "district_id": "pathanamthitta", "elevation_m": 15, "slope_degrees": 1.5, "area_sq_km": 227, "centroid": {"lat": 9.38, "lng": 76.57}, "dominant_land_use": "Reserve Forests, Rubber, Tapioca & Spices (Slope: 1.5°)", "soil_type": "Deep Forest Loam & Gravelly Laterite", "rusle": {"R": 4092, "K": 0.027, "LS": 1.9, "C": 0.16, "P": 0.71, "A": 5.8}, "risk_category": "Moderate", "time_series": {"2018": 7.2, "2019": 6.7, "2020": 5.3, "2021": 5.9, "2022": 5.5, "2023": 4.8, "2024": 5.8}, "conservation": ["Contour terracing suitable for 15m elevation zones", "Runoff control hedgerows across slopes > 5.0°"], "is_sample_data": true, "data_source": "Bundled GeoJSON (DEMO Mode)"}}, {"type": "Feature", "id": "kollam_t", "geometry": {"type": "Polygon", "coordinates": [[[76.5895614624024, 8.999760627746696], [76.59224700927746, 8.997730255126953], [76.5936508178711, 8.993471145629883], [76.59680175781256, 8.989461898803825], [76.61612701416027, 8.993399620056152], [76.61627197265636, 8.993399620056152], [76.61634063720703, 8.998089790344238], [76.619857788086, 9.005290031433105], [76.62696075439464, 9.008310317993107], [76.63358306884771, 9.007430076599235], [76.6352767944336, 9.010508537292537], [76.6341400146485, 9.015170097351188], [76.63652801513683, 9.018080711364803], [76.64102935791021, 9.017850875854549], [76.6462020874024, 9.019231796264762], [76.65055084228521, 9.01626014709484], [76.65898895263678, 9.01875114440918], [76.66452789306652, 9.019430160522575], [76.65931701660162, 9.002961158752441], [76.65927124023438, 8.993269920349178], [76.65911865234375, 8.993269920349178], [76.66368865966797, 8.983371734619084], [76.6695022583009, 8.980151176452637], [76.68325042724621, 8.977040290832633], [76.68290710449219, 8.972940444946346], [76.6747665405274, 8.967399597168082], [76.67617034912121, 8.955981254577694], [76.67910766601562, 8.944179534912166], [76.6862182617188, 8.943770408630314], [76.68827819824219, 8.933920860290584], [76.69200897216808, 8.930430412292537], [76.6941528320312, 8.925360679626522], [76.7083587646485, 8.915970802307072], [76.71642303466808, 8.90160083770752], [76.71247100830078, 8.897771835327092], [76.71335601806652, 8.893780708312988], [76.72294616699213, 8.889120101928768], [76.73049926757818, 8.890400886535701], [76.72885894775385, 8.881040573120117], [76.72557830810558, 8.874699592590332], [76.72518157958996, 8.869741439819279], [76.73250579833984, 8.863639831543082], [76.73655700683594, 8.859120368957576], [76.73741912841808, 8.853580474853572], [76.74141693115246, 8.85060977935791], [76.74508666992188, 8.852211952209586], [76.75039672851574, 8.847810745239315], [76.75638580322266, 8.850660324096623], [76.7603759765625, 8.853620529174862], [76.76354980468761, 8.851631164550895], [76.7650604248048, 8.844791412353572], [76.76236724853521, 8.839350700378418], [76.761947631836, 8.835511207580566], [76.76484680175787, 8.833939552307072], [76.7780227661134, 8.819109916686955], [76.77585601806646, 8.81311130523693], [76.77240753173828, 8.813530921935978], [76.76906585693371, 8.811661720275879], [76.76905822753918, 8.809820175171012], [76.77379608154303, 8.809100151062069], [76.77693176269526, 8.804721832275447], [76.77599334716797, 8.80070972442627], [76.75731658935547, 8.800541877746582], [76.75598907470703, 8.799160957336426], [76.75579833984375, 8.796349525451774], [76.75417327880871, 8.79578971862793], [76.75646209716808, 8.79325103759777], [76.7520370483399, 8.789779663085994], [76.74484252929699, 8.790801048278752], [76.74375915527344, 8.787070274353084], [76.73184204101568, 8.787090301513615], [76.72696685791016, 8.787739753723145], [76.71211242675781, 8.792070388793945], [76.70907592773438, 8.793870925903434], [76.70610809326183, 8.79377269744873], [76.69758605957026, 8.787160873413086], [76.69449615478527, 8.786150932312012], [76.69338226318354, 8.783290863037053], [76.69095611572266, 8.781811714172363], [76.68924713134766, 8.784220695495549], [76.68776702880865, 8.785051345825252], [76.68643951416021, 8.783161163330078], [76.6828231811524, 8.782600402832145], [76.67782592773443, 8.78337097167963], [76.67743682861334, 8.777349472045955], [76.67662811279297, 8.775694847107047], [76.67652893066412, 8.775694847107047], [76.67652893066412, 8.776531219482479], [76.6762466430664, 8.776527404785156], [76.6762466430664, 8.777083396911621], [76.6759719848634, 8.777079582214412], [76.6759719848634, 8.777641296386832], [76.67569732666016, 8.777641296386832], [76.67569732666016, 8.77792072296154], [76.67541503906261, 8.77791690826416], [76.67541503906261, 8.77819538116455], [76.67514038085938, 8.77819538116455], [76.67514038085938, 8.778472900390625], [76.67457580566412, 8.778470993042049], [76.67457580566412, 8.778751373291016], [76.67514038085938, 8.778751373291016], [76.67514038085938, 8.779309272766056], [76.67485809326183, 8.779309272766056], [76.67485809326183, 8.77902889251709], [76.67457580566412, 8.77902889251709], [76.67457580566412, 8.779309272766056], [76.67431640624994, 8.779309272766056], [76.67431640624994, 8.78041934967041], [76.67402648925787, 8.780417442321834], [76.67402648925787, 8.780694961547908], [76.67318725585938, 8.780691146850586], [76.67318725585938, 8.781532287597656], [76.6729202270509, 8.781526565551701], [76.6729202270509, 8.782082557678223], [76.67236328125011, 8.782082557678223], [76.67236328125011, 8.782361030578556], [76.67208099365234, 8.782361030578556], [76.67208099365234, 8.782810211181697], [76.67208099365234, 8.782921791076717], [76.67180633544933, 8.782917022705078], [76.67180633544933, 8.783430099487362], [76.67180633544933, 8.783750534057617], [76.67151641845703, 8.783750534057617], [76.67151641845703, 8.78347110748291], [76.67124938964855, 8.78347110748291], [76.67125701904291, 8.783910751342717], [76.67125701904291, 8.784310340881461], [76.6706924438476, 8.784304618835506], [76.6706924438476, 8.784583091735897], [76.67041778564459, 8.784583091735897], [76.67041778564459, 8.784860610961971], [76.6706924438476, 8.784860610961971], [76.6706924438476, 8.785141944885254], [76.67041778564459, 8.785141944885254], [76.67041778564459, 8.785420417785645], [76.67013549804688, 8.785416603088436], [76.67013549804688, 8.785973548889217], [76.66958618164062, 8.785970687866325], [76.66958618164062, 8.786252021789608], [76.66929626464855, 8.786252021789608], [76.66929626464855, 8.786529541015682], [76.66902923583984, 8.786529541015682], [76.66902923583984, 8.786809921264648], [76.66819763183605, 8.78680515289318], [76.66819763183605, 8.787362098693961], [76.66792297363287, 8.787359237670898], [76.66792297363287, 8.787919998169002], [76.6676406860351, 8.787918090820426], [76.6676406860351, 8.788471221923828], [76.66735839843756, 8.788469314575252], [76.66735839843756, 8.788749694824219], [76.6668090820313, 8.788749694824219], [76.6668090820313, 8.789310455322322], [76.6665267944336, 8.789305686950684], [76.6665267944336, 8.789584159851074], [76.66625213623058, 8.789584159851074], [76.66625213623058, 8.790140151977539], [76.66596984863281, 8.790130615234432], [76.66596984863281, 8.79041957855219], [76.6656951904298, 8.790415763855037], [76.6656951904298, 8.790694236755428], [76.66458129882807, 8.790694236755428], [76.66458129882807, 8.790971755981502], [76.66430664062506, 8.79096889495861], [76.66430664062506, 8.791529655456543], [76.66401672363276, 8.791529655456543], [76.66401672363276, 8.791810035705566], [76.66374969482428, 8.791810035705566], [76.66374969482428, 8.792639732360897], [76.66348266601562, 8.792639732360897], [76.66348266601562, 8.79292011260992], [76.66319274902355, 8.792916297912711], [76.66319274902355, 8.793193817138615], [76.66291809082031, 8.793193817138615], [76.66291809082031, 8.793472290039176], [76.66263580322277, 8.79347038269043], [76.66263580322277, 8.794030189514274], [76.66236114501953, 8.794030189514274], [76.66236114501953, 8.79431056976324], [76.6618041992188, 8.794305801391545], [76.6618041992188, 8.794584274291935], [76.66124725341803, 8.794584274291935], [76.66124725341803, 8.794859886169434], [76.66097259521484, 8.794859886169434], [76.66097259521484, 8.7951402664184], [76.6604232788086, 8.7951402664184], [76.6604232788086, 8.795420646667594], [76.66014099121105, 8.795415878295898], [76.66014099121105, 8.79597187042242], [76.65985870361328, 8.79597187042242], [76.65985870361328, 8.796250343322754], [76.65957641601574, 8.796250343322754], [76.65957641601574, 8.797639846801815], [76.65931701660162, 8.797639846801815], [76.6593017578125, 8.797921180725098], [76.65902709960949, 8.79791641235363], [76.65902709960949, 8.798193931579704], [76.6587524414063, 8.798193931579704], [76.6587524414063, 8.798472404480094], [76.65847015380871, 8.798469543457031], [76.65847015380871, 8.799031257629451], [76.65819549560553, 8.799028396606559], [76.65819549560553, 8.79958534240734], [76.65791320800776, 8.79958534240734], [76.65791320800776, 8.799860000610352], [76.65763854980474, 8.799860000610352], [76.65763854980474, 8.800141334533805], [76.65708160400396, 8.800141334533805], [76.65708160400396, 8.80041885375988], [76.65680694580078, 8.800415992736816], [76.65680694580078, 8.800694465637207], [76.65625, 8.800694465637207], [76.65625, 8.801251411437988], [76.65598297119152, 8.801251411437988], [76.65598297119152, 8.801530838012809], [76.65569305419928, 8.801528930664062], [76.65569305419928, 8.802082061767635], [76.65541839599621, 8.802070617675724], [76.65541839599621, 8.802640914916992], [76.6551361083985, 8.802639007568416], [76.6551361083985, 8.803194999694881], [76.65486145019526, 8.803194999694881], [76.65486145019526, 8.803473472595272], [76.65458679199224, 8.803469657897892], [76.65458679199224, 8.803750991821346], [76.654296875, 8.803750991821346], [76.654296875, 8.804031372070312], [76.65402984619146, 8.804031372070312], [76.65402984619146, 8.804308891296387], [76.65374755859375, 8.80430698394781], [76.65374755859375, 8.8048610687257], [76.65347290039074, 8.8048610687257], [76.65347290039074, 8.805138587951603], [76.65319061279297, 8.805131912231559], [76.65319061279297, 8.805420875549373], [76.65291595458996, 8.805417060852164], [76.65291595458996, 8.805973052978459], [76.65235900878918, 8.805971145629883], [76.65235900878918, 8.806530952453727], [76.65207672119146, 8.806530952453727], [76.65207672119146, 8.806809425354118], [76.65180206298822, 8.806804656982422], [76.65180206298822, 8.807083129882812], [76.65152740478521, 8.807083129882812], [76.65152740478521, 8.807360649108887], [76.65097045898443, 8.807360649108887], [76.65097045898443, 8.80764102935791], [76.65069580078125, 8.80764102935791], [76.65069580078125, 8.807918548583984], [76.65040588378912, 8.807918548583984], [76.65040588378912, 8.808751106262264], [76.65013122558594, 8.808751106262264], [76.65013122558594, 8.80903244018549], [76.64986419677746, 8.809026718139762], [76.64986419677746, 8.809582710266227], [76.64930725097668, 8.809582710266227], [76.64930725097668, 8.809861183166618], [76.64901733398443, 8.809861183166618], [76.64901733398443, 8.810141563415584], [76.64875030517572, 8.810138702392692], [76.64875030517572, 8.810694694519157], [76.64847564697271, 8.810694694519157], [76.64847564697271, 8.810971260070744], [76.648193359375, 8.810971260070744], [76.648193359375, 8.81208324432373], [76.64791870117193, 8.81208324432373], [76.64791870117193, 8.813470840454158], [76.64763641357422, 8.813470840454158], [76.64763641357422, 8.814029693603516], [76.64736175537121, 8.814026832580623], [76.64736175537121, 8.814583778381404], [76.64708709716797, 8.814580917358512], [76.64708709716797, 8.81513977050787], [76.6467971801759, 8.81513977050787], [76.6467971801759, 8.815420150756836], [76.64653015136719, 8.815415382385368], [76.64653015136719, 8.816249847412223], [76.64624786376964, 8.816249847412223], [76.64624786376964, 8.81653022766119], [76.64597320556646, 8.81653022766119], [76.64597320556646, 8.817640304565543], [76.64569091796886, 8.817640304565543], [76.64569091796886, 8.81791973114025], [76.6451416015625, 8.817917823791447], [76.6451416015625, 8.818471908569336], [76.6448593139649, 8.818471908569336], [76.6448593139649, 8.818750381469727], [76.64457702636719, 8.818750381469727], [76.64457702636719, 8.81931018829357], [76.64430236816412, 8.819306373596191], [76.64430236816412, 8.819583892822266], [76.64402770996094, 8.819583892822266], [76.64402770996094, 8.819862365722656], [76.64375305175793, 8.81986045837408], [76.64375305175793, 8.820420265197754], [76.64347076416016, 8.820416450500545], [76.64347076416016, 8.82097244262701], [76.64319610595714, 8.820969581603947], [76.64319610595714, 8.821249961853084], [76.64290618896484, 8.821249961853084], [76.64291381835943, 8.822360038757267], [76.64263916015636, 8.822360038757267], [76.64263916015636, 8.822640419006461], [76.64235687255865, 8.822640419006461], [76.64235687255865, 8.823201179504395], [76.6418075561524, 8.823193550109863], [76.6418075561524, 8.823749542236328], [76.64153289794922, 8.823749542236328], [76.64153289794922, 8.824311256408748], [76.64125061035162, 8.824305534362793], [76.64125061035162, 8.824582099914608], [76.64097595214844, 8.824582099914608], [76.64097595214844, 8.824861526489258], [76.64068603515636, 8.824859619140682], [76.64068603515636, 8.825139999389648], [76.64041900634766, 8.825138092041072], [76.64041900634766, 8.825694084167537], [76.64013671875011, 8.825694084167537], [76.64013671875011, 8.825971603393612], [76.63957977294933, 8.825969696045036], [76.63957977294933, 8.82625961303711], [76.63931274414068, 8.82625961303711], [76.63931274414068, 8.826531410217285], [76.63903045654291, 8.826527595520076], [76.63903045654291, 8.827084541320858], [76.63874816894537, 8.827084541320858], [76.63874816894537, 8.827360153198356], [76.63846588134766, 8.827360153198356], [76.63846588134766, 8.827920913696289], [76.63819122314459, 8.82791614532482], [76.63819122314459, 8.828194618225211], [76.6376419067384, 8.828189849853572], [76.6376419067384, 8.829030990600643], [76.63735961914062, 8.829029083252067], [76.63735961914062, 8.829306602478141], [76.63708496093761, 8.829306602478141], [76.63708496093761, 8.829583168029785], [76.63652801513683, 8.829583168029785], [76.63652801513683, 8.82986068725586], [76.63625335693365, 8.82986068725586], [76.63625335693365, 8.830695152282715], [76.63597106933588, 8.830695152282715], [76.63597106933588, 8.830972671508789], [76.63569641113287, 8.830972671508789], [76.63569641113287, 8.83125114440918], [76.63514709472662, 8.83125114440918], [76.63514709472662, 8.831811904907283], [76.6348648071289, 8.831805229187069], [76.6348648071289, 8.832082748413143], [76.63458251953136, 8.832082748413143], [76.63458251953136, 8.832361221313533], [76.63430786132812, 8.832361221313533], [76.63430786132812, 8.833194732666072], [76.63402557373058, 8.833194732666072], [76.63402557373058, 8.833473205566463], [76.63375091552734, 8.833471298217887], [76.63375091552734, 8.833750724792594], [76.6334686279298, 8.833750724792594], [76.6334686279298, 8.834029197692928], [76.63318634033209, 8.834029197692928], [76.63318634033209, 8.834308624267635], [76.63291931152338, 8.834304809570256], [76.63291931152338, 8.834583282470646], [76.63263702392584, 8.83458137512207], [76.63263702392584, 8.835141181945914], [76.63208007812506, 8.835139274597111], [76.63208007812506, 8.835695266723576], [76.63180541992188, 8.835695266723576], [76.63180541992188, 8.836251258850098], [76.63153076171886, 8.836251258850098], [76.63153076171886, 8.836531639099235], [76.63097381591808, 8.836526870727596], [76.63097381591808, 8.83708286285406], [76.63069152832031, 8.83708286285406], [76.63069152832031, 8.837361335754451], [76.6304168701173, 8.837361335754451], [76.6304168701173, 8.837641716003418], [76.63014221191412, 8.837641716003418], [76.63014221191412, 8.837920188903809], [76.62959289550787, 8.837920188903809], [76.62959289550787, 8.83819961547863], [76.62930297851557, 8.83819961547863], [76.62930297851557, 8.838750839233455], [76.62902069091803, 8.838750839233455], [76.62902069091803, 8.839030265808162], [76.62874603271484, 8.839030265808162], [76.62874603271484, 8.839309692382812], [76.62847137451178, 8.839304924011344], [76.62847137451178, 8.839860916137809], [76.6281967163086, 8.839860916137809], [76.6281967163086, 8.8401393890382], [76.62791442871105, 8.8401393890382], [76.62791442871105, 8.840693473815918], [76.62735748291027, 8.840693473815918], [76.62735748291027, 8.840970993041992], [76.62708282470709, 8.840970993041992], [76.62708282470709, 8.841249465942383], [76.62680816650402, 8.841239929199219], [76.62680816650402, 8.84152984619152], [76.6265258789063, 8.841526985168457], [76.6265258789063, 8.842083930969238], [76.62625122070307, 8.842083930969238], [76.62625122070307, 8.842362403869629], [76.625961303711, 8.84235858917242], [76.625961303711, 8.842641830444279], [76.62568664550781, 8.842641830444279], [76.62568664550781, 8.84292030334484], [76.62513732910156, 8.842914581298885], [76.62513732910156, 8.843194007873592], [76.62486267089855, 8.8431911468507], [76.62486267089855, 8.843751907348633], [76.62458038330078, 8.843751907348633], [76.62458038330078, 8.844030380249023], [76.62430572509777, 8.844028472900447], [76.62430572509777, 8.844305992126522], [76.62374877929699, 8.844305992126522], [76.62374877929699, 8.844861984252987], [76.62319183349604, 8.844861984252987], [76.62319183349604, 8.84542274475092], [76.62264251708984, 8.845417976379451], [76.62264251708984, 8.84597206115734], [76.62236022949224, 8.845970153808594], [76.62236022949224, 8.846529960632438], [76.6220932006836, 8.846529960632438], [76.6220932006836, 8.846811294555664], [76.62152862548828, 8.846805572509709], [76.62152862548828, 8.8470840454101], [76.62124633789074, 8.847079277038631], [76.62124633789074, 8.847640037536564], [76.6209716796875, 8.847640037536564], [76.6209716796875, 8.847920417785758], [76.62069702148449, 8.847915649414062], [76.62069702148449, 8.848194122314453], [76.62041473388678, 8.848194122314453], [76.62041473388678, 8.848471641540584], [76.62014770507807, 8.848469734191951], [76.62014770507807, 8.849029541015625], [76.619857788086, 8.849029541015625], [76.619857788086, 8.849310874939079], [76.61958312988281, 8.84930610656744], [76.61958312988281, 8.849862098693904], [76.61930847167974, 8.849860191345272], [76.61930847167974, 8.850429534912053], [76.61902618408203, 8.850416183471793], [76.61902618408203, 8.850693702697868], [76.61875152587902, 8.850693702697868], [76.61875152587902, 8.850972175598258], [76.61818695068371, 8.850970268249455], [76.61818695068371, 8.851249694824332], [76.617919921875, 8.851249694824332], [76.617919921875, 8.851531028747615], [76.61736297607428, 8.851528167724723], [76.61736297607428, 8.852082252502441], [76.61708068847668, 8.852082252502441], [76.61708068847668, 8.852359771728516], [76.6168060302735, 8.852359771728516], [76.6168060302735, 8.85264110565197], [76.61653137207031, 8.85264110565197], [76.61653137207031, 8.85292053222662], [76.61624908447271, 8.85291576385498], [76.61624908447271, 8.853194236755371], [76.61597442626953, 8.853194236755371], [76.61597442626953, 8.853471755981445], [76.61541748046875, 8.853471755981445], [76.61541748046875, 8.853750228881836], [76.61514282226574, 8.853750228881836], [76.61514282226574, 8.85431098937994], [76.61458587646496, 8.854304313659725], [76.61458587646496, 8.85486030578619], [76.61429595947266, 8.85486030578619], [76.61429595947266, 8.855140686035156], [76.61402893066418, 8.855137825012264], [76.61402893066418, 8.855694770813045], [76.61347198486322, 8.855694770813045], [76.61347198486322, 8.855973243713436], [76.61319732666021, 8.855973243713436], [76.61319732666021, 8.85625076293951], [76.61292266845703, 8.8562393188476], [76.61292266845703, 8.856531143188477], [76.61264038085943, 8.856531143188477], [76.61264038085943, 8.856810569763184], [76.61235809326172, 8.856806755065975], [76.61235809326172, 8.85708332061779], [76.61207580566418, 8.857080459594727], [76.61208343505871, 8.857360839843864], [76.61180877685547, 8.857360839843864], [76.61180877685547, 8.85764122009283], [76.61152648925793, 8.85764122009283], [76.61152648925793, 8.857920646667537], [76.61125183105474, 8.857916831970329], [76.61125183105474, 8.85819530487072], [76.61069488525396, 8.85819530487072], [76.61069488525396, 8.858472824096623], [76.61042022705072, 8.858472824096623], [76.61042022705072, 8.858751296997184], [76.61013793945318, 8.858751296997184], [76.61013793945318, 8.859030723571891], [76.60986328125, 8.859030723571891], [76.60986328125, 8.859309196472282], [76.6095809936524, 8.859305381774902], [76.6095809936524, 8.859582901000977], [76.60930633544922, 8.859582901000977], [76.60930633544922, 8.859861373901367], [76.60901641845709, 8.859861373901367], [76.60901641845709, 8.860419273376408], [76.60874938964844, 8.860417366027832], [76.60874938964844, 8.860694885253906], [76.60819244384766, 8.860690116882267], [76.60819244384766, 8.861250877380428], [76.60764312744146, 8.861250877380428], [76.60764312744146, 8.861811637878532], [76.6073608398437, 8.86180496215826], [76.6073608398437, 8.86208343505865], [76.60708618164068, 8.862080574035588], [76.60708618164068, 8.862369537353572], [76.60679626464838, 8.862369537353572], [76.60679626464838, 8.862641334533748], [76.60624694824219, 8.862641334533748], [76.60624694824219, 8.862921714782715], [76.60597229003918, 8.862921714782715], [76.60597229003918, 8.862641334533748], [76.60569763183594, 8.862641334533748], [76.60569763183594, 8.862921714782715], [76.60514068603516, 8.862916946411246], [76.60514068603516, 8.863195419311637], [76.60485076904308, 8.863190650939941], [76.60485839843761, 8.863751411438102], [76.6043090820312, 8.863751411438102], [76.6043090820312, 8.864031791687069], [76.60402679443365, 8.864031791687069], [76.60402679443365, 8.86431026458746], [76.60375213623047, 8.864304542541504], [76.60375213623047, 8.864860534667969], [76.60320281982422, 8.864860534667969], [76.60320281982422, 8.865141868591422], [76.60291290283209, 8.86513900756836], [76.60291290283209, 8.865416526794434], [76.6026382446289, 8.865416526794434], [76.6026382446289, 8.865693092346248], [76.6023635864259, 8.865693092346248], [76.6023635864259, 8.865973472595215], [76.60208129882812, 8.865970611572322], [76.60208129882812, 8.866251945495605], [76.60180664062511, 8.866251945495605], [76.60180664062511, 8.866530418395996], [76.60124969482433, 8.866530418395996], [76.60124969482433, 8.866809844970817], [76.60097503662115, 8.866805076599178], [76.60097503662115, 8.867082595825252], [76.60069274902338, 8.867082595825252], [76.60069274902338, 8.867361068725643], [76.60013580322266, 8.867361068725643], [76.60013580322266, 8.867639541626033], [76.59986114501959, 8.867639541626033], [76.59986114501959, 8.867919921875], [76.59930419921886, 8.867918014526424], [76.59930419921886, 8.868195533752498], [76.59874725341808, 8.868180274963436], [76.59874725341808, 8.8687486648559], [76.5984725952149, 8.8687486648559], [76.5984725952149, 8.86903190612793], [76.59819793701183, 8.869028091430778], [76.59819793701183, 8.869584083557243], [76.59791564941412, 8.869584083557243], [76.59791564941412, 8.869861602783317], [76.59707641601562, 8.869861602783317], [76.59707641601562, 8.870141983032283], [76.59652709960938, 8.870141983032283], [76.59652709960938, 8.870420455932674], [76.59625244140636, 8.870415687561035], [76.59625244140636, 8.8709716796875], [76.59569549560558, 8.8709716796875], [76.59569549560558, 8.87125015258789], [76.5951385498048, 8.87125015258789], [76.5951385498048, 8.871541023254451], [76.59485626220709, 8.871541023254451], [76.59485626220709, 8.871809959411735], [76.59458160400385, 8.871806144714355], [76.59458160400385, 8.87236213684082], [76.59430694580084, 8.872360229492244], [76.59430694580084, 8.872639656066895], [76.59402465820312, 8.872637748718319], [76.59402465820312, 8.873193740844783], [76.59375, 8.873193740844783], [76.59375, 8.873472213745174], [76.5934829711914, 8.873470306396598], [76.5934829711914, 8.873749732971248], [76.59263610839855, 8.873749732971248], [76.59263610839855, 8.874030113220272], [76.59236145019531, 8.874030113220272], [76.59236145019531, 8.874311447143498], [76.59180450439459, 8.87430572509777], [76.59180450439459, 8.874584197998104], [76.59097290039062, 8.874580383300781], [76.59097290039062, 8.874861717224235], [76.59041595458984, 8.874861717224235], [76.59041595458984, 8.875140190124625], [76.58985137939453, 8.875140190124625], [76.58985137939453, 8.875420570373592], [76.58930206298828, 8.875415802001896], [76.58930206298828, 8.875694274902287], [76.58902740478527, 8.875694274902287], [76.58902740478527, 8.875971794128418], [76.58875274658209, 8.875971794128418], [76.58875274658209, 8.876250267028752], [76.58847045898449, 8.876250267028752], [76.58847045898449, 8.87652969360363], [76.58763885498053, 8.87652969360363], [76.58763885498053, 8.876811027526912], [76.58708190917974, 8.876806259155273], [76.58708190917974, 8.877083778381348], [76.58652496337902, 8.877083778381348], [76.58652496337902, 8.877362251281738], [76.58625030517578, 8.877350807189998], [76.58625030517578, 8.877639770507812], [76.58569335937506, 8.877639770507812], [76.58569335937506, 8.877921104431266], [76.58541870117199, 8.877916336059627], [76.58541870117199, 8.878193855285701], [76.58486175537104, 8.878193855285701], [76.58486175537104, 8.878472328186092], [76.58458709716803, 8.878472328186092], [76.58458709716803, 8.878749847412166], [76.58403778076183, 8.878749847412166], [76.58403778076183, 8.87903118133545], [76.58347320556652, 8.87903118133545], [76.58347320556652, 8.8793106079101], [76.58319091796875, 8.879305839538631], [76.58319091796875, 8.879584312439022], [76.58264160156256, 8.879584312439022], [76.58264160156256, 8.87985992431652], [76.58207702636724, 8.87985992431652], [76.58207702636724, 8.880141258239803], [76.581527709961, 8.88013839721691], [76.581527709961, 8.880415916442985], [76.58097076416021, 8.880415916442985], [76.58097076416021, 8.880694389343375], [76.57986450195324, 8.880694389343375], [76.57986450195324, 8.88097190856945], [76.57930755615246, 8.88097190856945], [76.57930755615246, 8.881251335144157], [76.5781860351562, 8.881251335144157], [76.5781860351562, 8.88152885437023], [76.57707977294922, 8.88152885437023], [76.57707977294922, 8.881811141967773], [76.57597351074224, 8.881804466247559], [76.57597351074224, 8.882081985473633], [76.57402801513672, 8.882081985473633], [76.57402801513672, 8.882360458374023], [76.57152557373047, 8.882360458374023], [76.57152557373047, 8.882081985473633], [76.57096862792969, 8.882081985473633], [76.57096862792969, 8.881804466247559], [76.57041931152344, 8.881811141967773], [76.57041931152344, 8.88152885437023], [76.56958007812511, 8.88152885437023], [76.56958007812511, 8.881251335144157], [76.56930541992193, 8.881251335144157], [76.56930541992193, 8.88097190856945], [76.5690307617187, 8.88097190856945], [76.5690307617187, 8.880694389343375], [76.56847381591797, 8.880694389343375], [76.56847381591797, 8.880415916442985], [76.56791687011719, 8.880415916442985], [76.56791687011719, 8.87985992431652], [76.56819152832037, 8.87985992431652], [76.56819152832037, 8.879305839538631], [76.56846618652344, 8.8793106079101], [76.56846618652344, 8.87903118133545], [76.5690307617187, 8.87903118133545], [76.5690307617187, 8.878749847412166], [76.56930541992193, 8.878749847412166], [76.56930541992193, 8.878472328186092], [76.56958007812511, 8.878472328186092], [76.56958007812511, 8.878193855285701], [76.56986236572271, 8.878193855285701], [76.56986236572271, 8.877916336059627], [76.5701370239259, 8.877921104431266], [76.5701370239259, 8.877639770507812], [76.57068634033214, 8.877639770507812], [76.57068634033214, 8.877350807189998], [76.57096862792969, 8.877362251281738], [76.57096862792969, 8.877083778381348], [76.57236480712896, 8.877083778381348], [76.57236480712896, 8.876806259155273], [76.57290649414062, 8.876811027526912], [76.57290649414062, 8.87652969360363], [76.57319641113293, 8.87652969360363], [76.57319641113293, 8.876250267028752], [76.57375335693371, 8.876250267028752], [76.57375335693371, 8.875971794128418], [76.5743026733399, 8.875971794128418], [76.5743026733399, 8.875694274902287], [76.57541656494146, 8.875694274902287], [76.57541656494146, 8.875415802001896], [76.57624816894543, 8.875420570373592], [76.57624816894543, 8.875140190124625], [76.57707977294922, 8.875140190124625], [76.57707977294922, 8.874861717224235], [76.57763671875, 8.874861717224235], [76.57763671875, 8.874580383300781], [76.57791900634771, 8.874584197998104], [76.57791900634771, 8.87430572509777], [76.5781860351562, 8.874311447143498], [76.5781860351562, 8.874030113220272], [76.57903289794928, 8.874030113220272], [76.57903289794928, 8.873749732971248], [76.57985687255871, 8.873749732971248], [76.57985687255871, 8.873470306396598], [76.58041381835949, 8.873472213745174], [76.58041381835949, 8.873193740844783], [76.58069610595703, 8.873193740844783], [76.58069610595703, 8.87291622161871], [76.58097076416021, 8.872920036315918], [76.58097076416021, 8.872639656066895], [76.58235931396496, 8.872639656066895], [76.58235931396496, 8.872360229492244], [76.58264160156256, 8.87236213684082], [76.58264160156256, 8.87208366394043], [76.58291625976574, 8.87208366394043], [76.58291625976574, 8.871806144714355], [76.58319091796875, 8.871809959411735], [76.58319091796875, 8.871541023254451], [76.58347320556652, 8.871541023254451], [76.58347320556652, 8.870141983032283], [76.58264160156256, 8.870141983032283], [76.58264160156256, 8.870420455932674], [76.58208465576178, 8.870415687561035], [76.58208465576178, 8.870694160461426], [76.581802368164, 8.870694160461426], [76.581802368164, 8.8709716796875], [76.581527709961, 8.8709716796875], [76.581527709961, 8.87125015258789], [76.58125305175781, 8.87125015258789], [76.58125305175781, 8.871541023254451], [76.58097076416021, 8.871541023254451], [76.58097076416021, 8.871809959411735], [76.58041381835949, 8.871806144714355], [76.58041381835949, 8.87208366394043], [76.58013916015625, 8.87208366394043], [76.58013916015625, 8.87236213684082], [76.57985687255871, 8.872360229492244], [76.57985687255871, 8.872639656066895], [76.57930755615246, 8.872639656066895], [76.57930755615246, 8.872920036315918], [76.5787506103515, 8.87291622161871], [76.5787506103515, 8.873193740844783], [76.57736206054699, 8.873193740844783], [76.57736206054699, 8.873472213745174], [76.57681274414074, 8.873470306396598], [76.57681274414074, 8.873749732971248], [76.57624816894543, 8.873749732971248], [76.57624816894543, 8.874030113220272], [76.57569122314464, 8.874028205871639], [76.57569122314464, 8.874584197998104], [76.57514190673828, 8.874580383300781], [76.57514190673828, 8.874861717224235], [76.57402801513672, 8.874861717224235], [76.57402801513672, 8.875140190124625], [76.57347106933594, 8.875140190124625], [76.57347106933594, 8.875420570373592], [76.57291412353521, 8.875415802001896], [76.57291412353521, 8.875694274902287], [76.57236480712896, 8.875694274902287], [76.57236480712896, 8.875971794128418], [76.5712509155274, 8.875969886779785], [76.5712509155274, 8.87652969360363], [76.57096862792969, 8.87652969360363], [76.57096862792969, 8.876811027526912], [76.56986236572271, 8.876806259155273], [76.56986236572271, 8.877083778381348], [76.56930541992193, 8.877083778381348], [76.56930541992193, 8.877362251281738], [76.5690307617187, 8.877350807189998], [76.5690307617187, 8.877639770507812], [76.56874847412115, 8.877639770507812], [76.56874847412115, 8.877921104431266], [76.56847381591797, 8.877916336059627], [76.56847381591797, 8.878193855285701], [76.56819152832037, 8.878193855285701], [76.56819152832037, 8.878472328186092], [76.56791687011719, 8.878472328186092], [76.56791687011719, 8.878749847412166], [76.56764221191418, 8.878749847412166], [76.56764221191418, 8.87903118133545], [76.5673599243164, 8.87903118133545], [76.5673599243164, 8.8793106079101], [76.56597137451166, 8.879305839538631], [76.56597137451166, 8.879584312439022], [76.56540679931635, 8.879579544067383], [76.56540679931635, 8.880141258239803], [76.56513977050787, 8.88013839721691], [76.56513977050787, 8.880694389343375], [76.56485748291016, 8.880689620971737], [76.56485748291016, 8.88152885437023], [76.56458282470714, 8.88152885437023], [76.56458282470714, 8.882081985473633], [76.5643081665039, 8.882081985473633], [76.5643081665039, 8.882360458374023], [76.56402587890636, 8.882360458374023], [76.56402587890636, 8.88264083862316], [76.56375122070312, 8.88264083862316], [76.56375122070312, 8.882921218872127], [76.56346893310558, 8.882917404174805], [76.56346893310558, 8.88319015502941], [76.5629272460937, 8.883200645446834], [76.5629272460937, 8.883481979370117], [76.56263732910162, 8.883481979370117], [76.56263732910162, 8.883750915527344], [76.56236267089844, 8.883750915527344], [76.56236267089844, 8.884310722351188], [76.56208038330084, 8.884310722351188], [76.56208038330084, 8.885418891906738], [76.56181335449219, 8.885418891906738], [76.56180572509766, 8.886248588561955], [76.56153106689464, 8.886251449585018], [76.56153106689464, 8.886540412902832], [76.56124877929688, 8.886528968811092], [76.56124877929688, 8.88708305358881], [76.56097412109386, 8.88708305358881], [76.56097412109386, 8.887360572814885], [76.5606918334961, 8.887360572814885], [76.5606918334961, 8.887640953064079], [76.56041717529308, 8.887640953064079], [76.56041717529308, 8.88791942596447], [76.5601425170899, 8.887916564941406], [76.5601425170899, 8.88819503784174], [76.55986785888666, 8.888191223144588], [76.55986785888666, 8.888751029968262], [76.55930328369135, 8.888751029968262], [76.55930328369135, 8.889032363891658], [76.5579071044923, 8.889032363891658], [76.5579071044923, 8.889311790466365], [76.5576400756836, 8.889305114746094], [76.5576400756836, 8.889861106872615], [76.55735778808605, 8.889861106872615], [76.55735778808605, 8.890140533447266], [76.55708312988287, 8.890140533447266], [76.55708312988287, 8.89042186737072], [76.55652618408209, 8.89041709899908], [76.55652618408209, 8.890694618225154], [76.5559692382813, 8.890690803527775], [76.5559692382813, 8.891531944274902], [76.5556869506836, 8.891531944274902], [76.5556869506836, 8.891810417175293], [76.55513763427734, 8.891810417175293], [76.55513763427734, 8.891531944274902], [76.55486297607433, 8.891527175903434], [76.55486297607433, 8.892083168029899], [76.55458068847656, 8.892083168029899], [76.55458068847656, 8.892360687255973], [76.55403137207037, 8.892360687255973], [76.55403137207037, 8.893193244934082], [76.55374145507824, 8.89319133758545], [76.55374145507824, 8.894029617309684], [76.55346679687506, 8.894029617309684], [76.55346679687506, 8.89430999755865], [76.55319213867182, 8.894305229187012], [76.55319213867182, 8.894582748413086], [76.5529174804688, 8.89458084106451], [76.5529174804688, 8.895139694213867], [76.55264282226562, 8.895139694213867], [76.55264282226562, 8.895420074463004], [76.55236053466803, 8.895415306091365], [76.55236053466803, 8.895695686340332], [76.5518035888673, 8.895695686340332], [76.5518035888673, 8.89597129821783], [76.55152893066406, 8.89597129821783], [76.55152893066406, 8.896530151367188], [76.55124664306652, 8.896528244018612], [76.55124664306652, 8.897084236145076], [76.55097198486328, 8.897081375122184], [76.55097198486328, 8.897640228271541], [76.55069732666027, 8.897640228271541], [76.55069732666027, 8.89819431304943], [76.55042266845709, 8.898191452026367], [76.55042266845709, 8.898481369018668], [76.55014038085932, 8.898471832275504], [76.55014038085932, 8.898750305175895], [76.54985809326178, 8.898750305175895], [76.54985809326178, 8.900137901306152], [76.5495834350586, 8.900137901306152], [76.5495834350586, 8.900693893432617], [76.54902648925781, 8.900693893432617], [76.54902648925781, 8.900972366333008], [76.54846954345703, 8.900970458984432], [76.54846954345703, 8.901251792907715], [76.54792785644537, 8.901251792907715], [76.54792785644537, 8.90154170989996], [76.54736328125006, 8.90154170989996], [76.54736328125006, 8.901810646057243], [76.54680633544928, 8.901805877685604], [76.54680633544928, 8.902084350585938], [76.54651641845697, 8.902079582214299], [76.5465240478515, 8.902359962463436], [76.5462493896485, 8.902359962463436], [76.5462493896485, 8.904862403869743], [76.54597473144531, 8.904862403869743], [76.54597473144531, 8.905694007873535], [76.54569244384771, 8.905690193176326], [76.54569244384771, 8.90625], [76.54541778564453, 8.90625], [76.54541778564453, 8.906808853149528], [76.54513549804699, 8.906805992126465], [76.54513549804699, 8.907360076904354], [76.54486083984375, 8.907360076904354], [76.54486083984375, 8.907641410827637], [76.54458618164074, 8.907641410827637], [76.54458618164074, 8.907920837402287], [76.54430389404303, 8.907916069030819], [76.54430389404303, 8.9084730148316], [76.54402923583996, 8.908470153808707], [76.54402923583996, 8.90903091430664], [76.54374694824224, 8.909029006958065], [76.54374694824224, 8.909582138061637], [76.543472290039, 8.909582138061637], [76.543472290039, 8.909860610962028], [76.543197631836, 8.909860610962028], [76.543197631836, 8.910421371459961], [76.54292297363281, 8.910421371459961], [76.54292297363281, 8.911531448364315], [76.54264068603521, 8.911526679992676], [76.54264068603521, 8.912361145019531], [76.5423583984375, 8.912361145019531], [76.5423583984375, 8.91319465637207], [76.54207611083996, 8.913189888000431], [76.54207611083996, 8.913481712341309], [76.54180145263672, 8.913481712341309], [76.54180145263672, 8.914860725402946], [76.54152679443371, 8.914860725402946], [76.54152679443371, 8.915422439575138], [76.54125213623053, 8.915422439575138], [76.54125213623053, 8.918750762939453], [76.54096984863293, 8.918748855590877], [76.54096984863293, 8.920693397522086], [76.54070281982428, 8.920690536499023], [76.54070281982428, 8.921529769897518], [76.54041290283197, 8.921529769897518], [76.54041290283197, 8.922651290893612], [76.54070281982428, 8.922651290893612], [76.54070281982428, 8.922920227050838], [76.54041290283197, 8.9229154586792], [76.54041290283197, 8.923195838928336], [76.54070281982428, 8.923191070556697], [76.54070281982428, 8.92375183105463], [76.54041290283197, 8.92375183105463], [76.54041290283197, 8.924030303955192], [76.54013824462896, 8.924030303955192], [76.54013824462896, 8.924309730529899], [76.54041290283197, 8.92430591583252], [76.54041290283197, 8.927083969116268], [76.54013824462896, 8.927079200744629], [76.54013824462896, 8.92763996124279], [76.53985595703125, 8.92763996124279], [76.53985595703125, 8.928750038146916], [76.53958129882818, 8.928750038146916], [76.53958129882818, 8.92903041839611], [76.539306640625, 8.929027557373047], [76.539306640625, 8.929579734802303], [76.54213714599604, 8.931491851806584], [76.5528564453125, 8.931840896606445], [76.57395935058605, 8.956880569458065], [76.5741958618164, 8.963739395141602], [76.57254028320318, 8.981669425964355], [76.57852172851574, 8.993509292602596], [76.58291625976574, 8.998520851135368], [76.58676910400385, 9.001570701599121], [76.5895614624024, 8.999760627746696]]]}, "properties": {"id": "kollam_t", "taluk_name": "Kollam", "malayalam_name": "കൊല്ലം", "district_name": "Kollam", "district_id": "kollam", "elevation_m": 15, "slope_degrees": 1.5, "area_sq_km": 340, "centroid": {"lat": 8.89, "lng": 76.61}, "dominant_land_use": "Cashew, Rubber, Coconut & Mineral Sands (Slope: 1.5°)", "soil_type": "Laterite Soil & Coastal Beach Alluvium", "rusle": {"R": 3069, "K": 0.023, "LS": 1.9, "C": 0.16, "P": 0.71, "A": 6.2}, "risk_category": "Moderate", "time_series": {"2018": 7.8, "2019": 7.1, "2020": 5.7, "2021": 6.3, "2022": 5.8, "2023": 5.1, "2024": 6.2}, "conservation": ["Contour terracing suitable for 15m elevation zones", "Runoff control hedgerows across slopes > 5.0°"], "is_sample_data": true, "data_source": "Bundled GeoJSON (DEMO Mode)"}}, {"type": "Feature", "id": "karunagappally", "geometry": {"type": "Polygon", "coordinates": [[[76.61682, 9.06], [76.61637, 9.0733], [76.61294, 9.08622], [76.60683, 9.0981], [76.59853, 9.1085], [76.58859, 9.11718], [76.57747, 9.12408], [76.5655, 9.1292], [76.55293, 9.13244], [76.54, 9.13366], [76.52703, 9.13263], [76.51448, 9.12923], [76.50288, 9.12349], [76.4927, 9.11567], [76.48426, 9.10619], [76.47764, 9.09555], [76.47276, 9.08417], [76.46946, 9.07228], [76.46765, 9.06], [76.46745, 9.04737], [76.46916, 9.03454], [76.47317, 9.0219], [76.47976, 9.01008], [76.48892, 8.99989], [76.5003, 8.99209], [76.51317, 8.98721], [76.52668, 8.98538], [76.54, 8.98634], [76.55258, 8.98954], [76.56419, 8.99436], [76.57488, 9.00033], [76.58481, 9.00726], [76.59403, 9.01523], [76.60236, 9.02445], [76.60934, 9.03508], [76.61436, 9.04705], [76.61682, 9.06]]]}, "properties": {"id": "karunagappally", "taluk_name": "Karunagappally", "malayalam_name": "കരുനാഗപ്പള്ളി", "district_name": "Kollam", "district_id": "kollam", "elevation_m": 12, "slope_degrees": 1.2, "area_sq_km": 210, "centroid": {"lat": 9.06, "lng": 76.54}, "dominant_land_use": "Cashew, Rubber, Coconut & Mineral Sands (Slope: 1.2°)", "soil_type": "Laterite Soil & Coastal Beach Alluvium", "rusle": {"R": 3049, "K": 0.023, "LS": 1.8, "C": 0.16, "P": 0.71, "A": 4.8}, "risk_category": "Low", "time_series": {"2018": 6.0, "2019": 5.5, "2020": 4.4, "2021": 4.9, "2022": 4.5, "2023": 3.9, "2024": 4.8}, "conservation": ["Contour terracing suitable for 12m elevation zones", "Runoff control hedgerows across slopes > 5.0°"], "is_sample_data": true, "data_source": "Bundled GeoJSON (DEMO Mode)"}}, {"type": "Feature", "id": "kunnathur", "geometry": {"type": "Polygon", "coordinates": [[[76.7704, 9.06], [76.76992, 9.07392], [76.76634, 9.08744], [76.75994, 9.09988], [76.75125, 9.11076], [76.74085, 9.11984], [76.72921, 9.12707], [76.71669, 9.13242], [76.70354, 9.13581], [76.69, 9.13708], [76.67643, 9.13601], [76.6633, 9.13246], [76.65115, 9.12645], [76.6405, 9.11826], [76.63166, 9.10834], [76.62474, 9.09721], [76.61964, 9.08529], [76.61618, 9.07285], [76.61428, 9.06], [76.61407, 9.04678], [76.61586, 9.03335], [76.62006, 9.02012], [76.62695, 9.00776], [76.63655, 8.99709], [76.64845, 8.98893], [76.66192, 8.98382], [76.67606, 8.98191], [76.69, 8.98292], [76.70317, 8.98626], [76.71532, 8.99131], [76.72651, 8.99756], [76.73689, 9.00481], [76.74654, 9.01315], [76.75526, 9.02279], [76.76256, 9.03392], [76.76782, 9.04645], [76.7704, 9.06]]]}, "properties": {"id": "kunnathur", "taluk_name": "Kunnathur", "malayalam_name": "കുന്നത്തൂർ", "district_name": "Kollam", "district_id": "kollam", "elevation_m": 30, "slope_degrees": 2.8, "area_sq_km": 230, "centroid": {"lat": 9.06, "lng": 76.69}, "dominant_land_use": "Cashew, Rubber, Coconut & Mineral Sands (Slope: 2.8°)", "soil_type": "Laterite Soil & Coastal Beach Alluvium", "rusle": {"R": 3154, "K": 0.023, "LS": 2.6, "C": 0.18, "P": 0.7, "A": 8.9}, "risk_category": "Moderate", "time_series": {"2018": 11.1, "2019": 10.2, "2020": 8.2, "2021": 9.1, "2022": 8.4, "2023": 7.3, "2024": 8.9}, "conservation": ["Contour terracing suitable for 30m elevation zones", "Runoff control hedgerows across slopes > 5.0°"], "is_sample_data": true, "data_source": "Bundled GeoJSON (DEMO Mode)"}}, {"type": "Feature", "id": "kottarakkara", "geometry": {"type": "Polygon", "coordinates": [[[76.69631958007818, 9.077630043029842], [76.70185089111334, 9.0769300460816], [76.70963287353516, 9.074320793151799], [76.71420288085938, 9.076788902282772], [76.7205657958985, 9.074020385742301], [76.7231674194336, 9.078701019287223], [76.72558593750011, 9.078789710998592], [76.7288818359375, 9.075250625610295], [76.73314666748053, 9.075321197509766], [76.73623657226568, 9.078899383545036], [76.74011993408197, 9.081440925598145], [76.74247741699224, 9.079760551452694], [76.74352264404308, 9.0656099319458], [76.75550842285168, 9.067261695861816], [76.76016235351562, 9.05681037902832], [76.77593231201183, 9.050661087036133], [76.78095245361328, 9.047219276428223], [76.78494262695307, 9.048381805420036], [76.78914642333984, 9.047809600830192], [76.7900009155274, 9.042409896850586], [76.78987121582043, 9.036840438842773], [76.7855224609375, 9.032991409301815], [76.78777313232433, 9.029059410095215], [76.78845977783209, 9.024740219116268], [76.7908401489259, 9.020179748535213], [76.78215789794928, 9.016430854797363], [76.78652954101562, 9.008290290832576], [76.7930297851563, 9.008271217346135], [76.80934906005854, 9.013479232788143], [76.8174896240235, 9.014822006225643], [76.83461761474615, 9.008820533752555], [76.8454360961914, 9.007090568542537], [76.85621643066418, 9.008909225463924], [76.86622619628906, 9.002080917358512], [76.87861633300781, 8.997640609741268], [76.88006591796886, 8.992471694946232], [76.87972259521496, 8.992471694946232], [76.88009643554699, 8.988609313964787], [76.8732681274414, 8.986141204834041], [76.86815643310547, 8.982940673828125], [76.86543273925776, 8.97898197174078], [76.8663177490235, 8.967661857605094], [76.85125732421886, 8.968149185180721], [76.84630584716808, 8.969040870666504], [76.84546661376953, 8.965200424194393], [76.84194946289074, 8.962800025939998], [76.84184265136719, 8.959559440612793], [76.83645629882812, 8.957551002502385], [76.82949066162115, 8.952680587768668], [76.8315200805664, 8.941581726074276], [76.83702087402344, 8.929740905761719], [76.83937072753912, 8.917431831359863], [76.83983612060558, 8.904840469360408], [76.83740234375, 8.900311470031795], [76.83721160888672, 8.89497089385992], [76.83605957031244, 8.8894300460816], [76.83228302001953, 8.887770652771053], [76.83155822753912, 8.88335037231451], [76.82760620117199, 8.881230354309139], [76.82813262939459, 8.87842178344738], [76.83257293701183, 8.878649711608887], [76.83294677734386, 8.873950004577694], [76.83612823486334, 8.87652969360363], [76.83931732177734, 8.87756061553955], [76.84835815429693, 8.871199607849178], [76.8501968383789, 8.873201370239315], [76.84491729736334, 8.879000663757267], [76.84435272216803, 8.88311862945568], [76.85572052001953, 8.88856029510498], [76.85298156738293, 8.895549774169979], [76.85959625244146, 8.900080680847225], [76.86992645263678, 8.902651786804142], [76.8902587890625, 8.903188705444393], [76.89653015136719, 8.904331207275447], [76.90702056884766, 8.899611473083553], [76.90796661376947, 8.894392013549805], [76.91089630126959, 8.891691207885742], [76.91159057617182, 8.88628959655773], [76.92022705078125, 8.882070541381893], [76.9261474609375, 8.874151229858398], [76.92949676513683, 8.8770112991333], [76.93255615234386, 8.875550270080566], [76.93115234375006, 8.868831634521541], [76.9381332397461, 8.863231658935547], [76.93547058105469, 8.859110832214412], [76.9344100952149, 8.848571777343864], [76.93798828125006, 8.847480773925781], [76.93997955322277, 8.837759971618652], [76.94699859619146, 8.840860366821289], [76.96211242675793, 8.842241287231445], [76.96823883056635, 8.842610359192008], [76.98277282714844, 8.83882045745861], [76.9903030395509, 8.837080955505428], [77.00476074218756, 8.830610275268668], [77.01724243164074, 8.833169937133903], [77.01317596435553, 8.825321197509822], [77.00971221923834, 8.821249961853084], [77.00707244873053, 8.807261466980094], [76.99977111816406, 8.805162429809513], [76.9961166381836, 8.8004026412965], [76.99862670898438, 8.789840698242301], [77.00215148925793, 8.780649185180721], [77.01214599609375, 8.76588058471691], [77.00395965576172, 8.763719558715877], [76.9890365600586, 8.76237964630127], [76.9825668334961, 8.769680023193416], [76.97876739501953, 8.773500442504826], [76.97046661376964, 8.7768297195434], [76.96388244628906, 8.777420043945426], [76.96047973632812, 8.775199890136719], [76.95806884765636, 8.770330429077262], [76.95677947998058, 8.764740943908691], [76.95272827148449, 8.763380050659237], [76.94265747070324, 8.76198959350586], [76.93515014648443, 8.762951850891113], [76.93151855468756, 8.7614107131958], [76.92537689208984, 8.756771087646428], [76.91777801513678, 8.75290966033947], [76.91472625732428, 8.75741100311285], [76.89866638183594, 8.770681381225643], [76.90556335449224, 8.77649021148693], [76.90290069580084, 8.783750534057617], [76.89891815185553, 8.786739349365234], [76.89608001708996, 8.791570663452148], [76.88530731201172, 8.802669525146541], [76.87513732910168, 8.802790641784725], [76.87214660644531, 8.800571441650447], [76.86998748779308, 8.797311782837028], [76.86635589599621, 8.798419952392578], [76.86300659179688, 8.801140785217228], [76.85331726074224, 8.803600311279354], [76.8441772460938, 8.809090614318904], [76.84208679199224, 8.80811977386486], [76.83819580078125, 8.809690475463867], [76.83554077148438, 8.814121246337947], [76.83486938476574, 8.817230224609432], [76.83178710937506, 8.819401741027832], [76.83143615722668, 8.827100753784237], [76.82669067382824, 8.831021308898926], [76.81800842285162, 8.835359573364258], [76.8153076171875, 8.836001396179256], [76.81102752685558, 8.835221290588436], [76.80652618408203, 8.846249580383244], [76.80059051513672, 8.849829673767147], [76.796127319336, 8.846411705017147], [76.79136657714855, 8.847010612487793], [76.78906250000006, 8.84254169464117], [76.78498077392578, 8.84325122833252], [76.78179168701178, 8.846762657165584], [76.77070617675787, 8.848830223083496], [76.76854705810547, 8.85227108001709], [76.76354980468761, 8.851631164550895], [76.7603759765625, 8.853620529174862], [76.75638580322266, 8.850660324096623], [76.75039672851574, 8.847810745239315], [76.74508666992188, 8.852211952209586], [76.74141693115246, 8.85060977935791], [76.73741912841808, 8.853580474853572], [76.73655700683594, 8.859120368957576], [76.73250579833984, 8.863639831543082], [76.72518157958996, 8.869741439819279], [76.72557830810558, 8.874699592590332], [76.72885894775385, 8.881040573120117], [76.73049926757818, 8.890400886535701], [76.72294616699213, 8.889120101928768], [76.71335601806652, 8.893780708312988], [76.71247100830078, 8.897771835327092], [76.71642303466808, 8.90160083770752], [76.7083587646485, 8.915970802307072], [76.6941528320312, 8.925360679626522], [76.69200897216808, 8.930430412292537], [76.68827819824219, 8.933920860290584], [76.6862182617188, 8.943770408630314], [76.67910766601562, 8.944179534912166], [76.67617034912121, 8.955981254577694], [76.6747665405274, 8.967399597168082], [76.68290710449219, 8.972940444946346], [76.68325042724621, 8.977040290832633], [76.6695022583009, 8.980151176452637], [76.66368865966797, 8.983371734619084], [76.65911865234375, 8.993269920349178], [76.65927124023438, 8.993269920349178], [76.65931701660162, 9.002961158752441], [76.66452789306652, 9.019430160522575], [76.66520690917969, 9.023780822753963], [76.66481018066406, 9.033782005310002], [76.66948699951183, 9.035390853881893], [76.67234039306646, 9.03771114349371], [76.67704010009766, 9.044610023498592], [76.67592620849615, 9.049042701721305], [76.67228698730474, 9.052471160888672], [76.67994689941412, 9.053070068359318], [76.6883163452149, 9.054701805114803], [76.69184875488293, 9.049329757690487], [76.69507598876964, 9.050149917602596], [76.69890594482433, 9.048781394958553], [76.7014770507813, 9.056330680847225], [76.70448303222656, 9.058079719543514], [76.70862579345714, 9.058719635009766], [76.69854736328125, 9.072490692138672], [76.69631958007818, 9.077630043029842]]]}, "properties": {"id": "kottarakkara", "taluk_name": "Kottarakkara", "malayalam_name": "കൊട്ടാരക്കര", "district_name": "Kollam", "district_id": "kollam", "elevation_m": 65, "slope_degrees": 5.0, "area_sq_km": 560, "centroid": {"lat": 8.99, "lng": 76.77}, "dominant_land_use": "Cashew, Rubber, Coconut & Mineral Sands (Slope: 5.0°)", "soil_type": "Laterite Soil & Coastal Beach Alluvium", "rusle": {"R": 3300, "K": 0.023, "LS": 3.7, "C": 0.2, "P": 0.69, "A": 12.6}, "risk_category": "High", "time_series": {"2018": 15.8, "2019": 14.5, "2020": 11.6, "2021": 12.9, "2022": 11.8, "2023": 10.3, "2024": 12.6}, "conservation": ["Contour terracing suitable for 65m elevation zones", "Runoff control hedgerows across slopes > 5.0°"], "is_sample_data": true, "data_source": "Bundled GeoJSON (DEMO Mode)"}}, {"type": "Feature", "id": "pathanapuram", "geometry": {"type": "Polygon", "coordinates": [[[76.97736, 9.08], [76.97666, 9.10031], [76.97143, 9.12005], [76.96209, 9.1382], [76.94941, 9.15409], [76.93422, 9.16735], [76.91723, 9.17789], [76.89896, 9.1857], [76.87976, 9.19066], [76.86, 9.19251], [76.84019, 9.19095], [76.82102, 9.18576], [76.80329, 9.17699], [76.78774, 9.16503], [76.77485, 9.15056], [76.76474, 9.13431], [76.75729, 9.11691], [76.75224, 9.09876], [76.74948, 9.08], [76.74917, 9.0607], [76.75178, 9.04111], [76.75791, 9.0218], [76.76797, 9.00374], [76.78197, 8.98818], [76.79935, 8.97626], [76.81902, 8.96881], [76.83965, 8.96602], [76.86, 8.96749], [76.87922, 8.97237], [76.89696, 8.97974], [76.91329, 8.98886], [76.92845, 8.99945], [76.94254, 9.01161], [76.95526, 9.02569], [76.96592, 9.04193], [76.97359, 9.06022], [76.97736, 9.08]]]}, "properties": {"id": "pathanapuram", "taluk_name": "Pathanapuram", "malayalam_name": "പത്തനാപുരം", "district_name": "Kollam", "district_id": "kollam", "elevation_m": 180, "slope_degrees": 11.2, "area_sq_km": 490, "centroid": {"lat": 9.08, "lng": 76.86}, "dominant_land_use": "Cashew, Rubber, Coconut & Mineral Sands (Slope: 11.2°)", "soil_type": "Laterite Soil & Coastal Beach Alluvium", "rusle": {"R": 3709, "K": 0.023, "LS": 6.8, "C": 0.26, "P": 0.65, "A": 20.4}, "risk_category": "Severe", "time_series": {"2018": 25.5, "2019": 23.5, "2020": 18.8, "2021": 20.8, "2022": 19.2, "2023": 16.7, "2024": 20.4}, "conservation": ["Contour terracing suitable for 180m elevation zones", "Runoff control hedgerows across slopes > 8°"], "is_sample_data": true, "data_source": "Bundled GeoJSON (DEMO Mode)"}}, {"type": "Feature", "id": "punalur", "geometry": {"type": "Polygon", "coordinates": [[[77.05628, 9.02], [77.05547, 9.04359], [77.0494, 9.06651], [77.03856, 9.0876], [77.02383, 9.10605], [77.00619, 9.12145], [76.98646, 9.1337], [76.96524, 9.14276], [76.94295, 9.14852], [76.92, 9.15068], [76.89699, 9.14886], [76.87473, 9.14283], [76.85415, 9.13265], [76.83609, 9.11876], [76.82111, 9.10195], [76.80938, 9.08308], [76.80073, 9.06287], [76.79486, 9.04179], [76.79166, 9.02], [76.7913, 8.99759], [76.79433, 8.97483], [76.80144, 8.9524], [76.81313, 8.93143], [76.82939, 8.91335], [76.84957, 8.89951], [76.87241, 8.89086], [76.89636, 8.88762], [76.92, 8.88932], [76.94232, 8.895], [76.96291, 8.90355], [76.98188, 8.91414], [76.99949, 8.92644], [77.01585, 8.94057], [77.03062, 8.95692], [77.043, 8.97578], [77.05191, 8.99703], [77.05628, 9.02]]]}, "properties": {"id": "punalur", "taluk_name": "Punalur", "malayalam_name": "പുനലൂർ", "district_name": "Kollam", "district_id": "kollam", "elevation_m": 140, "slope_degrees": 9.8, "area_sq_km": 661, "centroid": {"lat": 9.02, "lng": 76.92}, "dominant_land_use": "Cashew, Rubber, Coconut & Mineral Sands (Slope: 9.8°)", "soil_type": "Laterite Soil & Coastal Beach Alluvium", "rusle": {"R": 3616, "K": 0.023, "LS": 6.1, "C": 0.25, "P": 0.65, "A": 17.8}, "risk_category": "High", "time_series": {"2018": 22.2, "2019": 20.5, "2020": 16.4, "2021": 18.2, "2022": 16.7, "2023": 14.6, "2024": 17.8}, "conservation": ["Contour terracing suitable for 140m elevation zones", "Runoff control hedgerows across slopes > 7°"], "is_sample_data": true, "data_source": "Bundled GeoJSON (DEMO Mode)"}}, {"type": "Feature", "id": "thiruvananthapuram_t", "geometry": {"type": "Polygon", "coordinates": [[[77.0247, 8.52], [77.02413, 8.53641], [77.01991, 8.55236], [77.01238, 8.56704], [77.00215, 8.57987], [76.98989, 8.59059], [76.97618, 8.59911], [76.96144, 8.60542], [76.94594, 8.60942], [76.93, 8.61092], [76.91401, 8.60966], [76.89855, 8.60546], [76.88424, 8.59838], [76.8717, 8.58872], [76.86129, 8.57702], [76.85314, 8.56389], [76.84712, 8.54983], [76.84305, 8.53516], [76.84082, 8.52], [76.84057, 8.50441], [76.84268, 8.48857], [76.84762, 8.47296], [76.85574, 8.45838], [76.86704, 8.4458], [76.88106, 8.43617], [76.89693, 8.43014], [76.91358, 8.42789], [76.93, 8.42908], [76.94551, 8.43303], [76.95982, 8.43898], [76.973, 8.44635], [76.98523, 8.4549], [76.9966, 8.46473], [77.00686, 8.47611], [77.01547, 8.48924], [77.02166, 8.50402], [77.0247, 8.52]]]}, "properties": {"id": "thiruvananthapuram_t", "taluk_name": "Thiruvananthapuram", "malayalam_name": "തിരുവനന്തപുരം", "district_name": "Thiruvananthapuram", "district_id": "thiruvananthapuram", "elevation_m": 25, "slope_degrees": 2.2, "area_sq_km": 320, "centroid": {"lat": 8.52, "lng": 76.93}, "dominant_land_use": "Coconut, Rubber, Tapioca & Agasthyamala Biosphere (Slope: 2.2°)", "soil_type": "Red Laterite, Hill Soils & Beach Sands", "rusle": {"R": 2548, "K": 0.02, "LS": 2.3, "C": 0.17, "P": 0.71, "A": 6.5}, "risk_category": "Moderate", "time_series": {"2018": 8.1, "2019": 7.5, "2020": 6.0, "2021": 6.6, "2022": 6.1, "2023": 5.3, "2024": 6.5}, "conservation": ["Contour terracing suitable for 25m elevation zones", "Runoff control hedgerows across slopes > 5.0°"], "is_sample_data": true, "data_source": "Bundled GeoJSON (DEMO Mode)"}}, {"type": "Feature", "id": "nedumangad", "geometry": {"type": "Polygon", "coordinates": [[[77.18300628662104, 8.761110305786076], [77.1807632446289, 8.757561683654842], [77.18344116210938, 8.753360748291016], [77.18370819091808, 8.748140335082951], [77.1810760498048, 8.74081039428711], [77.17652130126947, 8.73502063751232], [77.17093658447277, 8.733380317687988], [77.16274261474621, 8.73518085479742], [77.15724182128918, 8.740759849548397], [77.1553192138673, 8.737560272216797], [77.15737915039068, 8.731181144714299], [77.16294097900402, 8.720890998840446], [77.1617279052735, 8.715161323547477], [77.16703033447266, 8.70763111114502], [77.17234802246094, 8.703249931335506], [77.17929077148443, 8.69961929321289], [77.18296813964855, 8.690031051635856], [77.18772125244152, 8.683760643005485], [77.18975067138678, 8.67737960815441], [77.19046783447266, 8.67118930816656], [77.18710327148443, 8.662291526794434], [77.19033813476568, 8.654891014099178], [77.19523620605469, 8.648680686950797], [77.19847869873047, 8.641099929809684], [77.20523071289068, 8.63528156280529], [77.20825195312506, 8.631150245666618], [77.21237945556635, 8.628779411315918], [77.21869659423828, 8.618379592895565], [77.22827911376959, 8.612900733947754], [77.21649932861334, 8.608921051025504], [77.2168197631836, 8.599911689758358], [77.21324920654303, 8.598829269409237], [77.20771789550787, 8.608720779418888], [77.20012664794933, 8.609540939331168], [77.1968612670899, 8.596590995788574], [77.1904525756836, 8.587320327758903], [77.18585205078136, 8.583370208740348], [77.18614959716803, 8.573631286621094], [77.17958068847656, 8.568131446838379], [77.16153717041021, 8.564799308776912], [77.14626312255865, 8.564668655395508], [77.14308166503918, 8.558200836181754], [77.14343261718756, 8.548741340637207], [77.13964080810553, 8.549840927124137], [77.13986968994152, 8.54518985748291], [77.13823699951172, 8.5422105789184], [77.13240051269543, 8.54407119750988], [77.12850189208984, 8.546529769897518], [77.12207794189459, 8.544840812683049], [77.11524200439464, 8.546180725097713], [77.11106109619152, 8.545901298523006], [77.10723876953136, 8.542189598083553], [77.09897613525396, 8.542380332946834], [77.10028076171875, 8.53315067291254], [77.1034927368164, 8.524132728576717], [77.10824584960938, 8.520030021667594], [77.10704040527355, 8.510121345520133], [77.10943603515625, 8.506620407104492], [77.10112762451183, 8.499369621276912], [77.1004409790039, 8.495520591735954], [77.0956802368164, 8.497770309448356], [77.0760498046875, 8.495351791381836], [77.0697860717774, 8.497550964355526], [77.0663681030274, 8.50072097778326], [77.06289672851562, 8.506050109863224], [77.05487823486328, 8.514570236206168], [77.05069732666016, 8.515900611877498], [77.0460586547851, 8.514421463012752], [77.04460144042974, 8.52142143249523], [77.04157257080084, 8.527400970459041], [77.03740692138678, 8.530620574951172], [77.01860809326172, 8.538009643554744], [76.99740600585949, 8.539209365844783], [76.99732971191412, 8.541851043701172], [76.98192596435558, 8.542470932006836], [76.9757080078125, 8.543092727661076], [76.97268676757812, 8.54020977020275], [76.9674530029298, 8.53744125366211], [76.96251678466791, 8.538579940796012], [76.9534530639649, 8.538571357727164], [76.95298767089844, 8.544598579406795], [76.95130920410156, 8.55126953125], [76.9465103149414, 8.554030418396053], [76.94175720214844, 8.555570602417106], [76.93675994873041, 8.555229187011832], [76.9323196411134, 8.560140609741325], [76.92224121093761, 8.563880920410156], [76.92056274414062, 8.56793117523199], [76.92379760742182, 8.571060180664176], [76.92353820800787, 8.575100898742733], [76.91953277587896, 8.57473182678234], [76.91702270507818, 8.576881408691406], [76.91845703124994, 8.579751014709473], [76.9169311523437, 8.581550598144645], [76.91462707519543, 8.579841613769645], [76.91040039062511, 8.584131240844727], [76.91345977783214, 8.58589076995861], [76.91245269775396, 8.589811325073299], [76.9075393676759, 8.598527908325252], [76.89647674560558, 8.601080894470215], [76.89082336425781, 8.604681968688965], [76.88643646240234, 8.610390663147086], [76.88506317138683, 8.616610527038574], [76.87578582763672, 8.619940757751465], [76.86785888671886, 8.634591102600211], [76.87037658691418, 8.64343166351324], [76.86277770996094, 8.65181922912592], [76.86296081542969, 8.66261100769043], [76.86667633056646, 8.666610717773551], [76.86469268798828, 8.669211387634334], [76.86849212646484, 8.678839683532658], [76.86991119384771, 8.691020011901912], [76.86795806884766, 8.69700145721447], [76.85872650146496, 8.700201034545898], [76.85755920410168, 8.703951835632324], [76.85415649414074, 8.705219268798942], [76.85592651367188, 8.709750175476131], [76.85838317871094, 8.713690757751579], [76.86402893066412, 8.719759941101074], [76.86865234375011, 8.71393013000494], [76.87325286865229, 8.714250564575195], [76.87523651123053, 8.710971832275504], [76.88059234619146, 8.71483039855957], [76.88034057617188, 8.719131469726562], [76.88963317871105, 8.723290443420524], [76.89190673828136, 8.728521347045955], [76.89789581298828, 8.73661041259777], [76.90199279785168, 8.738601684570312], [76.91060638427746, 8.739930152893066], [76.91110992431646, 8.744370460510254], [76.91723632812506, 8.748440742492676], [76.91777801513678, 8.75290966033947], [76.92537689208984, 8.756771087646428], [76.93151855468756, 8.7614107131958], [76.93515014648443, 8.762951850891113], [76.94265747070324, 8.76198959350586], [76.95272827148449, 8.763380050659237], [76.95677947998058, 8.764740943908691], [76.95806884765636, 8.770330429077262], [76.96047973632812, 8.775199890136719], [76.96388244628906, 8.777420043945426], [76.97046661376964, 8.7768297195434], [76.97876739501953, 8.773500442504826], [76.9825668334961, 8.769680023193416], [76.9890365600586, 8.76237964630127], [77.00395965576172, 8.763719558715877], [77.01214599609375, 8.76588058471691], [77.00215148925793, 8.780649185180721], [76.99862670898438, 8.789840698242301], [76.9961166381836, 8.8004026412965], [76.99977111816406, 8.805162429809513], [77.00707244873053, 8.807261466980094], [77.00971221923834, 8.821249961853084], [77.01317596435553, 8.825321197509822], [77.01724243164074, 8.833169937133903], [77.02748870849615, 8.836420059204215], [77.03540802001953, 8.836339950561637], [77.0647964477539, 8.828971862792912], [77.08125305175787, 8.821930885314885], [77.09033203125, 8.820700645446891], [77.0934066772461, 8.816050529480094], [77.10573577880871, 8.809639930725154], [77.11065673828136, 8.804011344909782], [77.11763000488281, 8.798600196838436], [77.12600708007812, 8.796051979064941], [77.13197326660162, 8.792928695678711], [77.13681793212902, 8.787349700927734], [77.14158630371105, 8.785849571228027], [77.14605712890625, 8.781929969787598], [77.15693664550781, 8.776391983032227], [77.16310882568371, 8.771100044250431], [77.1705169677735, 8.766600608825684], [77.18300628662104, 8.761110305786076]]]}, "properties": {"id": "nedumangad", "taluk_name": "Nedumangad", "malayalam_name": "നെടുമങ്ങാട്", "district_name": "Thiruvananthapuram", "district_id": "thiruvananthapuram", "elevation_m": 110, "slope_degrees": 8.5, "area_sq_km": 610, "centroid": {"lat": 8.6, "lng": 77.0}, "dominant_land_use": "Coconut, Rubber, Tapioca & Agasthyamala Biosphere (Slope: 8.5°)", "soil_type": "Red Laterite, Hill Soils & Beach Sands", "rusle": {"R": 2889, "K": 0.02, "LS": 5.5, "C": 0.23, "P": 0.66, "A": 14.8}, "risk_category": "High", "time_series": {"2018": 18.5, "2019": 17.0, "2020": 13.6, "2021": 15.1, "2022": 13.9, "2023": 12.1, "2024": 14.8}, "conservation": ["Contour terracing suitable for 110m elevation zones", "Runoff control hedgerows across slopes > 6°"], "is_sample_data": true, "data_source": "Bundled GeoJSON (DEMO Mode)"}}, {"type": "Feature", "id": "neyyattinkara", "geometry": {"type": "Polygon", "coordinates": [[[77.25152587890625, 8.570989608764762], [77.25969696044922, 8.549061775207633], [77.26508331298828, 8.542559623718205], [77.26515960693371, 8.5374498367309], [77.25817108154297, 8.528129577636832], [77.25248718261719, 8.517081260681096], [77.247543334961, 8.501379966735897], [77.24125671386724, 8.498129844665584], [77.23240661621088, 8.495919227600211], [77.22754669189459, 8.490599632263184], [77.22255706787115, 8.488321304321403], [77.21726226806646, 8.49613952636713], [77.20639038085943, 8.504431724548397], [77.19857788085943, 8.503939628601131], [77.1920166015625, 8.499381065368652], [77.18649291992188, 8.493371009826717], [77.19091796875006, 8.488190650939941], [77.1946258544923, 8.469371795654297], [77.1987762451173, 8.46023941040039], [77.20513153076166, 8.455510139465389], [77.2090682983399, 8.45068073272705], [77.21022796630871, 8.443050384521484], [77.20951843261713, 8.437719345092717], [77.1987762451173, 8.436779975891113], [77.18868255615246, 8.43474102020275], [77.18267059326172, 8.427480697631836], [77.1803970336914, 8.41860198974615], [77.17977905273438, 8.409090995788574], [77.1722259521485, 8.401700019836426], [77.16709136962896, 8.395460128784237], [77.16448211669933, 8.387840270996094], [77.1536865234375, 8.377441406250114], [77.14939117431652, 8.37543964385992], [77.1457977294923, 8.381699562072868], [77.14074707031256, 8.38280963897705], [77.13481903076178, 8.378529548645133], [77.13584136962902, 8.37251091003418], [77.14121246337902, 8.368991851806754], [77.14322662353521, 8.362271308898983], [77.1353759765625, 8.351740837097225], [77.13577270507818, 8.345669746398983], [77.14153289794928, 8.349149703979549], [77.14749908447277, 8.354580879211426], [77.1520385742188, 8.354730606079158], [77.15460968017578, 8.351399421691951], [77.15680694580084, 8.345199584960994], [77.15093231201183, 8.335470199585075], [77.1510620117188, 8.330940246582145], [77.1531829833985, 8.325660705566406], [77.15966796875006, 8.317380905151367], [77.159652709961, 8.312500953674316], [77.15483093261719, 8.31361103057867], [77.15210723876947, 8.319461822509766], [77.14977264404308, 8.321942329406738], [77.14470672607422, 8.32022953033453], [77.13703155517572, 8.320091247558537], [77.13062286376959, 8.324230194091797], [77.12194824218761, 8.322941780090332], [77.11152648925781, 8.316490173339844], [77.10883331298828, 8.312879562377987], [77.1008529663086, 8.311651229858342], [77.10465240478516, 8.301600456237907], [77.09822082519537, 8.30150032043457], [77.09648895263678, 8.2980699539184], [77.0906982421875, 8.297470092773494], [77.0906982421875, 8.297638893127441], [77.0904159545899, 8.297638893127441], [77.0904159545899, 8.297919273376579], [77.08985900878912, 8.297917366027832], [77.08985900878912, 8.298194885253906], [77.0893020629884, 8.298194885253906], [77.0893020629884, 8.298473358154297], [77.08847045898443, 8.298471450805721], [77.08847045898443, 8.298750877380371], [77.08819580078136, 8.298750877380371], [77.08819580078136, 8.299309730529728], [77.08763885498041, 8.29930496215826], [77.08763885498041, 8.29958343505865], [77.08708190917969, 8.29958343505865], [77.08708190917969, 8.299860954284725], [77.08680725097662, 8.299860954284725], [77.08680725097662, 8.300139427185115], [77.08651733398438, 8.300139427185115], [77.08651733398438, 8.300419807434082], [77.08569335937511, 8.30041694641119], [77.08569335937511, 8.30069541931158], [77.08541870117193, 8.30069541931158], [77.08541870117193, 8.301252365112362], [77.08513641357433, 8.301252365112362], [77.08513641357433, 8.301531791687012], [77.08541870117193, 8.301527023315373], [77.08541870117193, 8.302360534667969], [77.08513641357433, 8.302360534667969], [77.08513641357433, 8.303193092346191], [77.08569335937511, 8.303193092346191], [77.08569335937511, 8.30291843414318], [77.0865249633789, 8.30291843414318], [77.0865249633789, 8.303193092346191], [77.0862503051759, 8.303193092346191], [77.0862503051759, 8.303470611572322], [77.08598327636719, 8.303470611572322], [77.08598327636719, 8.30403041839594], [77.08569335937511, 8.30403041839594], [77.08569335937511, 8.304309844970817], [77.08513641357433, 8.304306030273438], [77.08513641357433, 8.304583549499512], [77.08458709716791, 8.304583549499512], [77.08458709716791, 8.304862022399902], [77.08403015136719, 8.304862022399902], [77.08403015136719, 8.305139541626033], [77.08348083496094, 8.305139541626033], [77.08348083496094, 8.305419921875], [77.08319091796886, 8.305418014526367], [77.08319091796886, 8.305693626403865], [77.08264160156261, 8.305693626403865], [77.08264160156261, 8.305972099304256], [77.08235931396484, 8.305969238281193], [77.08235931396484, 8.306249618530387], [77.08180236816412, 8.306249618530387], [77.08180236816412, 8.30681037902832], [77.08152770996088, 8.306805610656852], [77.08152770996088, 8.307359695434513], [77.08125305175787, 8.307359695434513], [77.08125305175787, 8.307640075683707], [77.08071136474621, 8.307640075683707], [77.08071136474621, 8.307920455932674], [77.08041381835938, 8.307915687561035], [77.08041381835938, 8.308194160461369], [77.08013916015636, 8.308194160461369], [77.08013916015636, 8.3084716796875], [77.07958221435558, 8.3084716796875], [77.07958221435558, 8.30875015258789], [77.07930755615234, 8.30875015258789], [77.07930755615234, 8.309029579162711], [77.07847595214838, 8.309029579162711], [77.07847595214838, 8.30846023559576], [77.07791900634766, 8.3084716796875], [77.07791900634766, 8.30875015258789], [77.07707977294928, 8.30875015258789], [77.07707977294928, 8.3084716796875], [77.0768051147461, 8.3084716796875], [77.0768051147461, 8.30875015258789], [77.07653045654308, 8.30875015258789], [77.07653045654308, 8.309029579162711], [77.07624816894531, 8.309029579162711], [77.07624816894531, 8.309310913085994], [77.0759735107423, 8.309306144714355], [77.0759735107423, 8.30958366394043], [77.07569122314459, 8.30958366394043], [77.07569122314459, 8.30986213684082], [77.07541656494152, 8.309860229492244], [77.07541656494152, 8.310139656066895], [77.07514190673834, 8.310139656066895], [77.07514190673834, 8.310420036315861], [77.07458496093756, 8.31041622161871], [77.07458496093756, 8.310693740844783], [77.07402801513678, 8.310693740844783], [77.07402801513678, 8.310972213745174], [77.0737533569336, 8.310970306396598], [77.0737533569336, 8.311249732971248], [77.07319641113281, 8.311249732971248], [77.07319641113281, 8.311528205871639], [77.07290649414074, 8.311520576477108], [77.07290649414074, 8.311811447143668], [77.07236480712902, 8.311805725097713], [77.07236480712902, 8.312084197998104], [77.0720825195313, 8.312080383300724], [77.0720825195313, 8.312361717224178], [77.07154083251959, 8.312361717224178], [77.07154083251959, 8.312640190124569], [77.07125091552734, 8.312640190124569], [77.07125091552734, 8.312920570373535], [77.07069396972656, 8.312915802002067], [77.07069396972656, 8.313194274902457], [77.07041931152355, 8.313194274902457], [77.07041931152355, 8.313471794128361], [77.06986236572277, 8.313471794128361], [77.06986236572277, 8.313750267028922], [77.069580078125, 8.313750267028922], [77.069580078125, 8.314030647277889], [77.0690307617188, 8.314030647277889], [77.0690307617188, 8.314311027526855], [77.06874847412104, 8.314311027526855], [77.06874847412104, 8.314591407775879], [77.06819152832031, 8.31458377838129], [77.06819152832031, 8.314860343933105], [77.06791687011724, 8.314860343933105], [77.06791687011724, 8.315140724182072], [77.06764221191406, 8.315140724182072], [77.06764221191406, 8.31542110443121], [77.06735992431652, 8.31541633605957], [77.06735992431652, 8.315693855285645], [77.06708526611328, 8.315693855285645], [77.06708526611328, 8.315972328186035], [77.06680297851574, 8.31597042083746], [77.06680297851574, 8.316531181335392], [77.0665283203125, 8.316531181335392], [77.0665283203125, 8.31681060791027], [77.06625366210949, 8.31680679321289], [77.06625366210949, 8.317082405090389], [77.06597137451178, 8.317082405090389], [77.06597137451178, 8.31735992431652], [77.06542205810553, 8.31735992431652], [77.06542205810553, 8.317649841308594], [77.06513977050781, 8.317649841308594], [77.06513977050781, 8.317920684814453], [77.06485748291021, 8.317916870117244], [77.06485748291021, 8.318195343017635], [77.06458282470703, 8.318195343017635], [77.06458282470703, 8.31847286224371], [77.06402587890625, 8.31847286224371], [77.06402587890625, 8.3187513351441], [77.06318664550793, 8.3187513351441], [77.06318664550793, 8.31902885437023], [77.06181335449224, 8.31902885437023], [77.06181335449224, 8.319309234619197], [77.06153106689453, 8.319305419921989], [77.06153106689453, 8.319861412048283], [77.06124877929693, 8.319861412048283], [77.06124877929693, 8.320421218872127], [77.06069183349621, 8.320417404174748], [77.06069183349621, 8.320973396301213], [77.06041717529297, 8.320970535278377], [77.06041717529297, 8.321250915527344], [77.05960083007807, 8.321250915527344], [77.05960083007807, 8.32153129577648], [77.05902862548822, 8.32153129577648], [77.05902862548822, 8.321811676025447], [77.05874633789068, 8.321806907653809], [77.05874633789068, 8.322083473205566], [77.0584716796875, 8.322083473205566], [77.0584716796875, 8.322360992431697], [77.05790710449219, 8.322360992431697], [77.05790710449219, 8.322918891906738], [77.05735778808594, 8.322916984558162], [77.05735778808594, 8.323472976684627], [77.05708312988293, 8.323461532592717], [77.05708312988293, 8.323748588562125], [77.05680847167974, 8.323751449585018], [77.05680847167974, 8.324030876159668], [77.05654144287104, 8.324030876159668], [77.05654144287104, 8.324310302734375], [77.05625152587896, 8.32430458068859], [77.05625152587896, 8.32458305358898], [77.05569458007818, 8.32458305358898], [77.05569458007818, 8.324860572815055], [77.055419921875, 8.324860572815055], [77.055419921875, 8.325140953064022], [77.0551376342774, 8.325139045715446], [77.0551376342774, 8.325693130493164], [77.05458068847668, 8.325693130493164], [77.05458068847668, 8.325972557067814], [77.05403137207043, 8.325970649719238], [77.05403137207043, 8.326528549194279], [77.05348205566418, 8.326528549194279], [77.05348205566418, 8.326821327209473], [77.0529174804687, 8.326805114746094], [77.0529174804687, 8.327082633972168], [77.05263519287115, 8.327082633972168], [77.05263519287115, 8.327361106872559], [77.0520858764649, 8.327359199523983], [77.0520858764649, 8.327642440796012], [77.05152893066418, 8.327638626098633], [77.05152893066418, 8.328194618225154], [77.0512466430664, 8.328194618225154], [77.0512466430664, 8.328471183776912], [77.0509719848634, 8.328471183776912], [77.0509719848634, 8.329031944274846], [77.05040740966808, 8.329031944274846], [77.05040740966808, 8.329310417175236], [77.05014038085943, 8.329310417175236], [77.05014038085943, 8.329589843750114], [77.04957580566412, 8.329589843750114], [77.04957580566412, 8.3301420211792], [77.04930877685547, 8.3301420211792], [77.04930877685547, 8.33041954040533], [77.04902648925787, 8.330417633056697], [77.04902648925787, 8.330693244934025], [77.04875183105469, 8.330693244934025], [77.04875183105469, 8.33097362518322], [77.04846954345709, 8.33097362518322], [77.04846954345709, 8.331250190734977], [77.04818725585938, 8.331250190734977], [77.04818725585938, 8.33180999755865], [77.0479202270509, 8.331806182861271], [77.0479202270509, 8.332083702087346], [77.04763793945312, 8.332083702087346], [77.04763793945312, 8.332639694213867], [77.04736328125011, 8.332639694213867], [77.04736328125011, 8.3331937789917], [77.0470809936524, 8.333190917968864], [77.0470809936524, 8.333749771118221], [77.04596710205084, 8.333749771118221], [77.04596710205084, 8.334030151367188], [77.04541778564459, 8.334030151367188], [77.04541778564459, 8.334309577941838], [77.04513549804688, 8.334305763244686], [77.04513549804688, 8.334584236145076], [77.04486083984386, 8.334584236145076], [77.04486083984386, 8.334859848022575], [77.04431152343761, 8.334859848022575], [77.04431152343761, 8.335140228271541], [77.0440292358399, 8.335140228271541], [77.0440292358399, 8.335419654846191], [77.0437469482423, 8.33541584014904], [77.0437469482423, 8.33569431304943], [77.04347229003912, 8.33569431304943], [77.04347229003912, 8.335971832275504], [77.04291534423834, 8.335971832275504], [77.04291534423834, 8.336250305175895], [77.04235839843756, 8.336250305175895], [77.04235839843756, 8.336529731750545], [77.04207611083984, 8.336529731750545], [77.04207611083984, 8.336811065673828], [77.0415267944336, 8.33680629730236], [77.0415267944336, 8.337362289428825], [77.04125213623058, 8.337360382080078], [77.04125213623058, 8.337641716003475], [77.04070281982433, 8.337641716003475], [77.04070281982433, 8.337921142578182], [77.03958129882812, 8.337916374206543], [77.03958129882812, 8.338193893432617], [77.03930664062506, 8.338191986084041], [77.03930664062506, 8.33875942230219], [77.03901672363281, 8.33875942230219], [77.03901672363281, 8.339030265808049], [77.03874969482433, 8.339030265808049], [77.03874969482433, 8.339310646057186], [77.0384750366211, 8.339305877685547], [77.0384750366211, 8.339584350585938], [77.03817749023449, 8.33957958221447], [77.03819274902355, 8.339859962463436], [77.03791809082031, 8.339859962463436], [77.03791809082031, 8.340420722961369], [77.03763580322277, 8.3404159545899], [77.03763580322277, 8.340694427490291], [77.03708648681635, 8.340694427490291], [77.03708648681635, 8.340971946716365], [77.03679656982428, 8.34097003936779], [77.0368041992188, 8.341250419616756], [77.03624725341803, 8.341250419616756], [77.03624725341803, 8.341530799865723], [77.03597259521484, 8.341530799865723], [77.03597259521484, 8.341819763183537], [77.03569793701183, 8.341806411743221], [77.03569793701183, 8.342082023620549], [77.03514099121105, 8.342082023620549], [77.03514099121105, 8.342363357544002], [77.03485870361328, 8.342359542846623], [77.03485870361328, 8.342640876770076], [77.03457641601574, 8.342640876770076], [77.03457641601574, 8.342921257019043], [77.03402709960949, 8.342915534973145], [77.03402709960949, 8.343194007873478], [77.0337524414063, 8.343190193176326], [77.0337524414063, 8.34375095367426], [77.03347015380854, 8.34375095367426], [77.03347015380854, 8.344031333923397], [77.03291320800781, 8.344031333923397], [77.03291320800781, 8.344308853149528], [77.03263854980474, 8.344306945800724], [77.03263854980474, 8.344581604003963], [77.03208160400402, 8.344581604003963], [77.03208160400402, 8.344861030578613], [77.03180694580078, 8.344861030578613], [77.03180694580078, 8.34514141082758], [77.03151702880871, 8.34514141082758], [77.03151702880871, 8.345420837402457], [77.03125, 8.345417022705078], [77.03125, 8.34569454193121], [77.03097534179699, 8.34569454193121], [77.03097534179699, 8.345973014831543], [77.03069305419928, 8.345970153808707], [77.03069305419928, 8.346250534057674], [77.03041839599604, 8.346250534057674], [77.03041839599604, 8.34653091430664], [77.02986145019531, 8.34653091430664], [77.02986145019531, 8.346811294555778], [77.02958679199224, 8.346804618835563], [77.02958679199224, 8.347083091735897], [77.02930450439453, 8.347083091735897], [77.02930450439453, 8.347639083862418], [77.02902984619152, 8.347629547119254], [77.02902984619152, 8.347921371459961], [77.02874755859375, 8.347916603088493], [77.02874755859375, 8.348195075988883], [77.02819824218756, 8.348195075988883], [77.02819824218756, 8.348472595214957], [77.02791595458996, 8.348470687866211], [77.02791595458996, 8.348751068115348], [77.02764129638678, 8.348751068115348], [77.02764129638678, 8.349031448364315], [77.02680206298828, 8.349031448364315], [77.02680206298828, 8.349311828613281], [77.02625274658203, 8.349305152893066], [77.02625274658203, 8.34958267211914], [77.02597045898449, 8.34958267211914], [77.02597045898449, 8.349861145019531], [77.02569580078125, 8.349861145019531], [77.02569580078125, 8.350140571594181], [77.02513885498047, 8.350140571594181], [77.02513885498047, 8.350421905517635], [77.02458190917974, 8.350421905517635], [77.02458190917974, 8.350700378418026], [77.0243072509765, 8.35069465637207], [77.0243072509765, 8.350973129272461], [77.02375030517578, 8.350971221923885], [77.02375030517578, 8.351250648498535], [77.02346801757818, 8.351250648498535], [77.02346801757818, 8.351531982421989], [77.02291870117199, 8.351531982421989], [77.02291870117199, 8.35181045532238], [77.02263641357422, 8.351804733276424], [77.02263641357422, 8.352083206176815], [77.02208709716797, 8.352083206176815], [77.02208709716797, 8.352360725402889], [77.0217971801759, 8.352360725402889], [77.0217971801759, 8.35263919830328], [77.02124786376964, 8.35263919830328], [77.02124786376964, 8.352919578552246], [77.02097320556646, 8.352916717529354], [77.02097320556646, 8.353195190429744], [77.02041625976568, 8.353195190429744], [77.02041625976568, 8.353470802307243], [77.0201416015625, 8.353468894958496], [77.0201416015625, 8.353760719299373], [77.01930236816418, 8.353760719299373], [77.01930236816418, 8.35402870178234], [77.01902770996094, 8.35402870178234], [77.01902770996094, 8.3543119430542], [77.01875305175793, 8.354305267334098], [77.01875305175793, 8.354861259460392], [77.01847076416021, 8.354861259460392], [77.01847076416021, 8.35514163970953], [77.01819610595714, 8.35514163970953], [77.01819610595714, 8.355422019958553], [77.01791381835943, 8.355415344238281], [77.01791381835943, 8.355971336364746], [77.01708221435547, 8.355971336364746], [77.01708221435547, 8.35624885559082], [77.01625061035168, 8.35624885559082], [77.01625061035168, 8.356530189514103], [77.01513671875011, 8.356530189514103], [77.01513671875011, 8.35624885559082], [77.01430511474615, 8.35624885559082], [77.01430511474615, 8.355695724487248], [77.01319122314464, 8.355695724487248], [77.01319122314464, 8.355971336364746], [77.01235961914062, 8.355971336364746], [77.01235961914062, 8.35624885559082], [77.00985717773438, 8.35624885559082], [77.00985717773438, 8.356530189514103], [77.00958251953136, 8.356527328491211], [77.00958251953136, 8.356804847717342], [77.00930786132812, 8.356804847717342], [77.00930786132812, 8.357084274291992], [77.0087509155274, 8.357084274291992], [77.0087509155274, 8.357361793518066], [77.0084686279298, 8.357361793518066], [77.0084686279298, 8.359310150146484], [77.00820159912115, 8.359310150146484], [77.00820159912115, 8.360139846801871], [77.00791931152344, 8.360139846801871], [77.00791931152344, 8.361530303955192], [77.00763702392584, 8.361528396606388], [77.00763702392584, 8.36208438873291], [77.00736236572266, 8.362081527710018], [77.00736236572266, 8.362640380859375], [77.00708007812506, 8.362638473510742], [77.00708007812506, 8.363194465637264], [77.00680541992188, 8.363194465637264], [77.00680541992188, 8.363471984863338], [77.0062484741211, 8.363471984863338], [77.0062484741211, 8.363750457763729], [77.00596618652355, 8.363750457763729], [77.00596618652355, 8.364032745361442], [77.0054321289062, 8.364032745361442], [77.0054321289062, 8.364311218261832], [77.00514221191412, 8.364306449890194], [77.00514221191412, 8.364582061767692], [77.00458526611334, 8.364582061767692], [77.00458526611334, 8.364862442016658], [77.00430297851562, 8.364859580993766], [77.00430297851562, 8.365139961242733], [77.00347137451183, 8.365139961242733], [77.00347137451183, 8.365700721740666], [77.0031967163086, 8.365694046020621], [77.0031967163086, 8.36874961853033], [77.00290679931652, 8.368741035461483], [77.00290679931652, 8.36931133270275], [77.00263977050787, 8.369306564331055], [77.00263977050787, 8.369859695434684], [77.00235748291027, 8.369859695434684], [77.00235748291027, 8.370421409606877], [77.00208282470709, 8.370415687561149], [77.00208282470709, 8.370972633361873], [77.00180816650385, 8.370972633361873], [77.00180816650385, 8.371251106262264], [77.00125122070312, 8.371251106262264], [77.00125122070312, 8.371530532836971], [77.00013732910156, 8.371530532836971], [76.99986267089855, 8.371528625488395], [76.99986267089855, 8.371804237365666], [76.99930572509777, 8.371804237365666], [76.99930572509777, 8.372361183166447], [76.99903106689459, 8.372361183166447], [76.99903106689459, 8.372920989990291], [76.99874877929682, 8.372917175292912], [76.99874877929682, 8.373473167419377], [76.99846649169928, 8.3734712600708], [76.99846649169928, 8.373750686645508], [76.9981918334961, 8.373750686645508], [76.9981918334961, 8.374031066894645], [76.99764251708984, 8.374031066894645], [76.99764251708984, 8.374312400817928], [76.9973602294923, 8.374304771423397], [76.9973602294923, 8.37458324432373], [76.99708557128906, 8.37458324432373], [76.99708557128906, 8.374860763549862], [76.99652862548828, 8.374858856201229], [76.99652862548828, 8.375141143798828], [76.9962615966798, 8.375141143798828], [76.9962615966798, 8.375420570373478], [76.99569702148432, 8.375416755676326], [76.99569702148432, 8.375970840454215], [76.99540710449224, 8.375970840454215], [76.99541473388678, 8.376251220703182], [76.99375152587902, 8.376251220703182], [76.99375152587902, 8.376530647277832], [76.99320220947277, 8.376530647277832], [76.99320220947277, 8.376251220703182], [76.99263763427746, 8.376251220703182], [76.99263763427746, 8.375695228576717], [76.9920806884765, 8.375695228576717], [76.9920806884765, 8.375139236450252], [76.99153137207031, 8.375139236450252], [76.99153137207031, 8.375695228576717], [76.99097442626953, 8.375695228576717], [76.99097442626953, 8.375970840454215], [76.99069213867199, 8.375970840454215], [76.99069213867199, 8.376811981201286], [76.99041748046875, 8.37680530548107], [76.99041748046875, 8.377082824707145], [76.99013519287121, 8.377082824707145], [76.99013519287121, 8.377361297607536], [76.98874664306646, 8.377361297607536], [76.98874664306646, 8.377082824707145], [76.98847198486328, 8.377082824707145], [76.98847198486328, 8.375970840454215], [76.98874664306646, 8.375970840454215], [76.98874664306646, 8.375416755676326], [76.989028930664, 8.375420570373478], [76.989028930664, 8.374858856201229], [76.98930358886724, 8.374860763549862], [76.98930358886724, 8.37458324432373], [76.98958587646496, 8.37458324432373], [76.98958587646496, 8.374304771423397], [76.98986053466803, 8.374312400817928], [76.98986053466803, 8.374031066894645], [76.99012756347668, 8.374031066894645], [76.99012756347668, 8.372920989990291], [76.98958587646496, 8.372917175292912], [76.98958587646496, 8.373194694519043], [76.98929595947271, 8.373189926147518], [76.98929595947271, 8.373750686645508], [76.989028930664, 8.373750686645508], [76.989028930664, 8.374031066894645], [76.98874664306646, 8.374031066894645], [76.98874664306646, 8.374312400817928], [76.98819732666021, 8.374304771423397], [76.98819732666021, 8.37458324432373], [76.9879150390625, 8.37458324432373], [76.9879150390625, 8.374860763549862], [76.98764038085949, 8.374858856201229], [76.98764038085949, 8.375141143798828], [76.98680877685553, 8.375141143798828], [76.98680877685553, 8.375420570373478], [76.98625183105474, 8.375416755676326], [76.98625183105474, 8.375695228576717], [76.98596954345697, 8.375695228576717], [76.98596954345697, 8.375970840454215], [76.98542022705078, 8.375970840454215], [76.98542022705078, 8.376251220703182], [76.98486328125, 8.376251220703182], [76.98486328125, 8.377082824707145], [76.98458099365246, 8.377080917358398], [76.98458099365246, 8.377930641174316], [76.98430633544922, 8.377917289734], [76.98432159423828, 8.378748893737793], [76.98400878906261, 8.378748893737793], [76.98400878906261, 8.379309654235897], [76.98347473144543, 8.379304885864258], [76.98347473144543, 8.379583358764648], [76.98291778564447, 8.379583358764648], [76.98291778564447, 8.379860877990723], [76.98264312744146, 8.379860877990723], [76.98264312744146, 8.380139350891113], [76.98236083984375, 8.380139350891113], [76.98236083984375, 8.379860877990723], [76.98208618164068, 8.379860877990723], [76.98208618164068, 8.38041973114008], [76.98152923583996, 8.380416870117188], [76.98152923583996, 8.380695343017578], [76.98124694824219, 8.380695343017578], [76.98124694824219, 8.380970954895076], [76.9804153442384, 8.380970954895076], [76.9804153442384, 8.381251335144043], [76.98014068603521, 8.381251335144043], [76.98014068603521, 8.381529808044434], [76.97875213623047, 8.381526947021541], [76.97875213623047, 8.382361412048397], [76.97846984863287, 8.382361412048397], [76.97846984863287, 8.384030342102108], [76.97818756103516, 8.384030342102108], [76.97819519042969, 8.3848619461059], [76.9776382446289, 8.3848619461059], [76.9776382446289, 8.385130882263184], [76.98146820068365, 8.386851310730037], [76.98780059814459, 8.389891624450684], [76.99201202392584, 8.393141746520996], [76.99951934814447, 8.390830993652457], [77.00502014160168, 8.388289451599235], [77.01342010498058, 8.395609855651912], [77.02011871337885, 8.405120849609489], [77.02433776855469, 8.413990974426383], [77.0172500610351, 8.419800758361873], [77.01133728027338, 8.420850753784237], [77.00591278076178, 8.423621177673283], [77.00089263916016, 8.429651260375977], [76.99534606933594, 8.434660911560172], [76.996566772461, 8.440221786499023], [76.98973846435558, 8.449350357055721], [76.98642730712896, 8.461411476135368], [76.98792266845703, 8.487319946289176], [76.9873275756836, 8.497590065002498], [76.99008178710943, 8.507452011108455], [76.99677276611334, 8.516609191894531], [76.99437713623047, 8.523450851440487], [76.99092864990229, 8.530390739440918], [76.99281311035168, 8.53452110290533], [76.99740600585949, 8.539209365844783], [77.01860809326172, 8.538009643554744], [77.03740692138678, 8.530620574951172], [77.04157257080084, 8.527400970459041], [77.04460144042974, 8.52142143249523], [77.0460586547851, 8.514421463012752], [77.05069732666016, 8.515900611877498], [77.05487823486328, 8.514570236206168], [77.06289672851562, 8.506050109863224], [77.0663681030274, 8.50072097778326], [77.0697860717774, 8.497550964355526], [77.0760498046875, 8.495351791381836], [77.0956802368164, 8.497770309448356], [77.1004409790039, 8.495520591735954], [77.10112762451183, 8.499369621276912], [77.10943603515625, 8.506620407104492], [77.10704040527355, 8.510121345520133], [77.10824584960938, 8.520030021667594], [77.1034927368164, 8.524132728576717], [77.10028076171875, 8.53315067291254], [77.09897613525396, 8.542380332946834], [77.10723876953136, 8.542189598083553], [77.11106109619152, 8.545901298523006], [77.11524200439464, 8.546180725097713], [77.12207794189459, 8.544840812683049], [77.12850189208984, 8.546529769897518], [77.13240051269543, 8.54407119750988], [77.13823699951172, 8.5422105789184], [77.13986968994152, 8.54518985748291], [77.13964080810553, 8.549840927124137], [77.14343261718756, 8.548741340637207], [77.14308166503918, 8.558200836181754], [77.14626312255865, 8.564668655395508], [77.16153717041021, 8.564799308776912], [77.17958068847656, 8.568131446838379], [77.18614959716803, 8.573631286621094], [77.18585205078136, 8.583370208740348], [77.1904525756836, 8.587320327758903], [77.1968612670899, 8.596590995788574], [77.20012664794933, 8.609540939331168], [77.20771789550787, 8.608720779418888], [77.21324920654303, 8.598829269409237], [77.2168197631836, 8.599911689758358], [77.21649932861334, 8.608921051025504], [77.22827911376959, 8.612900733947754], [77.22786712646484, 8.603091239929256], [77.22840881347656, 8.597812652587947], [77.2321166992188, 8.592119216918888], [77.23761749267578, 8.58842945098877], [77.24285888671886, 8.580550193786735], [77.25152587890625, 8.570989608764762]]]}, "properties": {"id": "neyyattinkara", "taluk_name": "Neyyattinkara", "malayalam_name": "നെയ്യാറ്റിൻകര", "district_name": "Thiruvananthapuram", "district_id": "thiruvananthapuram", "elevation_m": 45, "slope_degrees": 3.8, "area_sq_km": 480, "centroid": {"lat": 8.4, "lng": 77.08}, "dominant_land_use": "Coconut, Rubber, Tapioca & Agasthyamala Biosphere (Slope: 3.8°)", "soil_type": "Red Laterite, Hill Soils & Beach Sands", "rusle": {"R": 2635, "K": 0.02, "LS": 3.1, "C": 0.19, "P": 0.69, "A": 8.2}, "risk_category": "Moderate", "time_series": {"2018": 10.2, "2019": 9.4, "2020": 7.5, "2021": 8.4, "2022": 7.7, "2023": 6.7, "2024": 8.2}, "conservation": ["Contour terracing suitable for 45m elevation zones", "Runoff control hedgerows across slopes > 5.0°"], "is_sample_data": true, "data_source": "Bundled GeoJSON (DEMO Mode)"}}, {"type": "Feature", "id": "chirayinkeezhu", "geometry": {"type": "Polygon", "coordinates": [[[76.88861, 8.65], [76.88808, 8.66535], [76.88413, 8.68027], [76.87708, 8.694], [76.86751, 8.706], [76.85604, 8.71603], [76.84321, 8.724], [76.82942, 8.7299], [76.81492, 8.73365], [76.8, 8.73505], [76.78504, 8.73387], [76.77057, 8.72994], [76.75718, 8.72331], [76.74544, 8.71428], [76.7357, 8.70334], [76.72808, 8.69105], [76.72245, 8.6779], [76.71864, 8.66418], [76.71655, 8.65], [76.71632, 8.63541], [76.71829, 8.6206], [76.72292, 8.606], [76.73051, 8.59236], [76.74109, 8.58059], [76.7542, 8.57158], [76.76906, 8.56595], [76.78463, 8.56384], [76.8, 8.56495], [76.81451, 8.56864], [76.8279, 8.57421], [76.84023, 8.5811], [76.85168, 8.58911], [76.86232, 8.5983], [76.87192, 8.60895], [76.87998, 8.62122], [76.88576, 8.63505], [76.88861, 8.65]]]}, "properties": {"id": "chirayinkeezhu", "taluk_name": "Chirayinkeezhu", "malayalam_name": "ചിറയിൻകീഴ്", "district_name": "Thiruvananthapuram", "district_id": "thiruvananthapuram", "elevation_m": 20, "slope_degrees": 1.8, "area_sq_km": 280, "centroid": {"lat": 8.65, "lng": 76.8}, "dominant_land_use": "Coconut, Rubber, Tapioca & Agasthyamala Biosphere (Slope: 1.8°)", "soil_type": "Red Laterite, Hill Soils & Beach Sands", "rusle": {"R": 2527, "K": 0.02, "LS": 2.1, "C": 0.17, "P": 0.71, "A": 5.4}, "risk_category": "Moderate", "time_series": {"2018": 6.8, "2019": 6.2, "2020": 5.0, "2021": 5.5, "2022": 5.1, "2023": 4.4, "2024": 5.4}, "conservation": ["Contour terracing suitable for 20m elevation zones", "Runoff control hedgerows across slopes > 5.0°"], "is_sample_data": true, "data_source": "Bundled GeoJSON (DEMO Mode)"}}, {"type": "Feature", "id": "varkala", "geometry": {"type": "Polygon", "coordinates": [[[76.78676, 8.73], [76.7863, 8.7433], [76.78288, 8.75622], [76.77677, 8.7681], [76.76848, 8.7785], [76.75854, 8.78718], [76.74743, 8.79408], [76.73548, 8.7992], [76.72292, 8.80244], [76.71, 8.80366], [76.69704, 8.80263], [76.68451, 8.79923], [76.67291, 8.79349], [76.66274, 8.78567], [76.65431, 8.77619], [76.6477, 8.76555], [76.64283, 8.75417], [76.63952, 8.74228], [76.63772, 8.73], [76.63751, 8.71737], [76.63922, 8.70454], [76.64323, 8.6919], [76.64981, 8.68008], [76.65897, 8.66989], [76.67033, 8.66209], [76.6832, 8.65721], [76.69669, 8.65538], [76.71, 8.65634], [76.72257, 8.65954], [76.73417, 8.66436], [76.74485, 8.67033], [76.75477, 8.67726], [76.76398, 8.68523], [76.7723, 8.69445], [76.77928, 8.70508], [76.78429, 8.71705], [76.78676, 8.73]]]}, "properties": {"id": "varkala", "taluk_name": "Varkala", "malayalam_name": "വർക്കല", "district_name": "Thiruvananthapuram", "district_id": "thiruvananthapuram", "elevation_m": 28, "slope_degrees": 2.5, "area_sq_km": 210, "centroid": {"lat": 8.73, "lng": 76.71}, "dominant_land_use": "Coconut, Rubber, Tapioca & Agasthyamala Biosphere (Slope: 2.5°)", "soil_type": "Red Laterite, Hill Soils & Beach Sands", "rusle": {"R": 2565, "K": 0.02, "LS": 2.5, "C": 0.17, "P": 0.7, "A": 6.8}, "risk_category": "Moderate", "time_series": {"2018": 8.5, "2019": 7.8, "2020": 6.3, "2021": 6.9, "2022": 6.4, "2023": 5.6, "2024": 6.8}, "conservation": ["Contour terracing suitable for 28m elevation zones", "Runoff control hedgerows across slopes > 5.0°"], "is_sample_data": true, "data_source": "Bundled GeoJSON (DEMO Mode)"}}, {"type": "Feature", "id": "kattakada", "geometry": {"type": "Polygon", "coordinates": [[[77.17046, 8.51], [77.16992, 8.52568], [77.16589, 8.54092], [77.15869, 8.55493], [77.14892, 8.56719], [77.13721, 8.57743], [77.12411, 8.58557], [77.11003, 8.59159], [77.09523, 8.59542], [77.08, 8.59685], [77.06473, 8.59565], [77.04996, 8.59164], [77.03629, 8.58487], [77.02431, 8.57564], [77.01437, 8.56447], [77.00658, 8.55192], [77.00083, 8.5385], [76.99694, 8.52448], [76.99481, 8.51], [76.99458, 8.4951], [76.99659, 8.47998], [77.00131, 8.46507], [77.00907, 8.45113], [77.01986, 8.43912], [77.03325, 8.42992], [77.04841, 8.42416], [77.06431, 8.42201], [77.08, 8.42315], [77.09481, 8.42692], [77.10848, 8.4326], [77.12107, 8.43964], [77.13276, 8.44781], [77.14362, 8.45721], [77.15342, 8.46808], [77.16164, 8.48061], [77.16755, 8.49473], [77.17046, 8.51]]]}, "properties": {"id": "kattakada", "taluk_name": "Kattakada", "malayalam_name": "കാട്ടാക്കട", "district_name": "Thiruvananthapuram", "district_id": "thiruvananthapuram", "elevation_m": 65, "slope_degrees": 5.0, "area_sq_km": 292, "centroid": {"lat": 8.51, "lng": 77.08}, "dominant_land_use": "Coconut, Rubber, Tapioca & Agasthyamala Biosphere (Slope: 5.0°)", "soil_type": "Red Laterite, Hill Soils & Beach Sands", "rusle": {"R": 2700, "K": 0.02, "LS": 3.7, "C": 0.2, "P": 0.69, "A": 10.5}, "risk_category": "High", "time_series": {"2018": 13.1, "2019": 12.1, "2020": 9.7, "2021": 10.7, "2022": 9.9, "2023": 8.6, "2024": 10.5}, "conservation": ["Contour terracing suitable for 65m elevation zones", "Runoff control hedgerows across slopes > 5.0°"], "is_sample_data": true, "data_source": "Bundled GeoJSON (DEMO Mode)"}}]}